/**
 * generated by fontconvert.py
 * name: notoserif_18_bolditalic
 * size: 18
 * mode: 2-bit  compressed: true
 * Command used: fontconvert.py notoserif_18_bolditalic 18 ../builtinFonts/source/NotoSerif/NotoSerif-BoldItalic.ttf --2bit --compress --pnum --zopfli
 */
#pragma once
#include "EpdFontData.h"

static const uint8_t notoserif_18_bolditalicBitmaps[53284] = {
    0xB5, 0x5A, 0x01, 0xA4, 0x26, 0xD9, 0x95, 0xBE, 0xF5, 0xD7, 0xA4, 0xFF, 0x35, 0x85, 0x6A, 0xEC,
    0x88, 0x64, 0xD8, 0x02, 0x4B, 0x84, 0x6C, 0x01, 0xEC, 0x32, 0xFD, 0x6E, 0x65, 0x82, 0x45, 0xE0,
    0x61, 0x3A, 0x83, 0xC1, 0x40, 0x10, 0x03, 0x0F, 0x16, 0x41, 0x5E, 0x57, 0x4D, 0x82, 0xC5, 0x22,
    0x8D, 0xCD, 0xC2, 0x62, 0x07, 0x83, 0xE4, 0x05, 0x0D, 0xC1, 0x2E, 0x3D, 0x5D, 0x95, 0x04, 0x30,
    0x48, 0x25, 0xBB, 0xB1, 0x58, 0xA4, 0x92, 0x74, 0x76, 0x49, 0xB2, 0xFA, 0x46, 0x6A, 0x66, 0xAA,
    0xBB, 0x6F, 0xD5, 0xD9, 0xF3, 0x7D, 0xA7, 0xBA, 0xD4, 0xBC, 0x7D, 0x6F, 0x33, 0x9B, 0xEC, 0xD6,
    0xFF, 0xD7, 0xF7, 0xDD, 0xBF, 0xFE, 0xFB, 0xDF, 0x7B, 0xCE, 0x39, 0xE7, 0x9E, 0x7B, 0xEB, 0xD6,
    0xEF, 0x72, 0x71, 0xAE, 0xC0, 0xB9, 0x38, 0x57, 0xCE, 0x7A, 0x46, 0xE7, 0xFC, 0xA4, 0x67, 0x58,
    0xCF, 0xC1, 0xB9, 0xBA, 0xB3, 0xB3, 0xAD, 0xF4, 0x74, 0xCE, 0x89, 0x9E, 0xB3, 0x9E, 0x51, 0x4F,
    0xAD, 0x9A, 0x8C, 0xCA, 0xA7, 0x6E, 0x3B, 0x6E, 0x0C, 0xDA, 0x1C, 0x9A, 0xD9, 0x9D, 0x45, 0xD0,
    0x7A, 0x0E, 0xD7, 0xF3, 0xB9, 0x8C, 0x45, 0x2C, 0xA7, 0x62, 0x2A, 0x43, 0x39, 0xFA, 0xA1, 0x0C,
    0xBE, 0x2F, 0x7B, 0xDF, 0xE9, 0xAB, 0xF2, 0x8D, 0x77, 0xDE, 0x9D, 0xE8, 0xF9, 0x29, 0x7D, 0xA9,
    0x30, 0x0E, 0x4D, 0x7B, 0x76, 0x70, 0xEB, 0x10, 0x14, 0xEF, 0xA7, 0xC0, 0x98, 0xF6, 0xE8, 0xFA,
    0xD8, 0xA1, 0xF3, 0xBC, 0x73, 0x37, 0xBE, 0xFD, 0xE4, 0xDE, 0x2F, 0x5D, 0x26, 0x7A, 0xAC, 0xE8,
    0xB2, 0xEE, 0x44, 0xAB, 0xE4, 0xDD, 0x2D, 0x60, 0x73, 0x1F, 0x5D, 0x53, 0xDE, 0x12, 0x12, 0xBB,
    0x93, 0x04, 0xCD, 0x9C, 0xA3, 0xC9, 0x56, 0x44, 0x82, 0x13, 0xE2, 0x1B, 0xDA, 0xCC, 0x5D, 0x97,
    0x84, 0xBC, 0x71, 0x2E, 0x0D, 0x79, 0xA5, 0x38, 0x94, 0x5A, 0xF1, 0xD8, 0x7B, 0xB7, 0x35, 0xD9,
    0x9C, 0xA3, 0xB1, 0x4A, 0x9B, 0xC4, 0xF1, 0x09, 0xE2, 0x67, 0x88, 0x2F, 0x51, 0xFB, 0x45, 0x4D,
    0x91, 0x88, 0xCC, 0xFA, 0x83, 0x45, 0xA4, 0x72, 0x65, 0x78, 0x5F, 0x3A, 0xE7, 0xFB, 0xA0, 0x58,
    0x7F, 0x37, 0xB4, 0x8D, 0x6B, 0x7F, 0x38, 0xD4, 0xDA, 0xF1, 0xCF, 0xFA, 0x9B, 0x6A, 0xD7, 0xA7,
    0x1D, 0x54, 0x14, 0x60, 0x29, 0x03, 0x3A, 0x10, 0xD8, 0xF6, 0x20, 0xD2, 0x28, 0xD5, 0xEB, 0xA5,
    0x80, 0x3E, 0x65, 0x72, 0x37, 0xBA, 0x3F, 0x53, 0x73, 0x16, 0xDD, 0xAD, 0x3C, 0x6A, 0x93, 0x2F,
    0x01, 0x87, 0x97, 0xF2, 0x49, 0x5D, 0xF5, 0xE5, 0x22, 0xA8, 0xF3, 0xBE, 0xE3, 0x7B, 0xAD, 0xFD,
    0x44, 0x2A, 0x34, 0x30, 0x41, 0x9C, 0xC7, 0x95, 0x62, 0x32, 0x38, 0xB4, 0xD9, 0x03, 0xD3, 0x6E,
    0xC3, 0xED, 0xC8, 0xF0, 0x03, 0x78, 0x5A, 0x7A, 0x97, 0xF5, 0x2E, 0x59, 0xB2, 0xE0, 0x8A, 0xC6,
    0xA5, 0xF1, 0xA8, 0x4D, 0xEB, 0xD7, 0x63, 0x3A, 0x39, 0x55, 0x38, 0x0F, 0x69, 0x84, 0x33, 0xCA,
    0x21, 0x9D, 0xE0, 0x08, 0xDF, 0x1F, 0xA7, 0xAC, 0x53, 0xEE, 0xB2, 0xB1, 0xA8, 0xC0, 0x79, 0x80,
    0x8D, 0xEA, 0x2E, 0x1F, 0xA2, 0x3B, 0x55, 0x2E, 0x7F, 0x34, 0x16, 0xA2, 0xD7, 0xFD, 0xD7, 0x06,
    0x69, 0xD5, 0xC7, 0x6D, 0xFE, 0xFD, 0x98, 0x87, 0xE2, 0x83, 0x58, 0x7E, 0x7E, 0xCC, 0xC2, 0x51,
    0x86, 0x3B, 0x79, 0xC8, 0x46, 0x77, 0xDB, 0xC5, 0xB2, 0x57, 0x76, 0x87, 0xE0, 0x3B, 0xF0, 0x71,
    0xD0, 0x36, 0x02, 0x1C, 0xD8, 0x36, 0x60, 0xEF, 0xDA, 0xAA, 0x18, 0xD4, 0x65, 0xCA, 0xA5, 0xAA,
    0x31, 0x29, 0xFB, 0x4E, 0x9D, 0xA4, 0xDC, 0x3A, 0xC8, 0x5C, 0xBF, 0x39, 0x3B, 0xC8, 0x5C, 0xFE,
    0x6A, 0x74, 0x94, 0x59, 0x56, 0x0D, 0x5F, 0x01, 0x6C, 0xB1, 0x29, 0x13, 0xD9, 0x8B, 0x54, 0x60,
    0xE9, 0x5B, 0x54, 0x4B, 0xA5, 0xF2, 0x03, 0xD9, 0x95, 0xE0, 0xE3, 0x9E, 0xED, 0xBA, 0x5F, 0xEB,
    0x49, 0x45, 0xEF, 0xBC, 0x3B, 0xB3, 0x1D, 0x91, 0xC1, 0x78, 0xD6, 0x26, 0x1B, 0xAD, 0x1F, 0x95,
    0x2B, 0x57, 0xCB, 0xE2, 0xEA, 0x5E, 0xAB, 0xBF, 0x2B, 0x10, 0x2F, 0x5F, 0x52, 0xE9, 0x16, 0x8C,
    0x84, 0x44, 0x7E, 0x13, 0xD5, 0x3E, 0xA3, 0x6B, 0x9F, 0xA8, 0x98, 0x6D, 0xD0, 0xDA, 0x81, 0x9C,
    0x4B, 0x4F, 0x3E, 0x4A, 0x47, 0x3E, 0xC8, 0xC0, 0x7A, 0x89, 0x40, 0x9D, 0x88, 0x96, 0x11, 0x01,
    0x9F, 0xAD, 0x1F, 0x49, 0xA5, 0x1F, 0x44, 0x32, 0x5C, 0x68, 0xE5, 0x61, 0x0A, 0x8D, 0x12, 0x53,
    0xB2, 0x9C, 0xFC, 0xE4, 0x83, 0xBE, 0x30, 0x9E, 0x1A, 0x5F, 0x61, 0x2C, 0x7D, 0x8A, 0x6A, 0x03,
    0x5A, 0x38, 0x7A, 0x81, 0xF2, 0x23, 0x22, 0xB4, 0xA3, 0x7A, 0x2A, 0xDC, 0xEC, 0x38, 0xE4, 0xD1,
    0x2D, 0x34, 0x19, 0xA0, 0x5E, 0x07, 0x5D, 0x1B, 0x0B, 0x0C, 0xE6, 0x08, 0x26, 0x08, 0x64, 0x08,
    0x4A, 0xB3, 0x87, 0x7A, 0xDA, 0x60, 0xFC, 0x10, 0x78, 0x03, 0xCA, 0xC5, 0xA1, 0x8F, 0xCE, 0x00,
    0xC7, 0x85, 0x26, 0xAC, 0xD0, 0x65, 0x8F, 0x6F, 0x00, 0x07, 0x00, 0x8F, 0x43, 0x03, 0x4B, 0x4F,
    0xAC, 0x43, 0xDB, 0x72, 0x84, 0x04, 0xB4, 0x33, 0xB2, 0x09, 0x0A, 0x0D, 0x58, 0x00, 0x02, 0xB5,
    0xA8, 0xC8, 0x75, 0x60, 0xA2, 0x7F, 0x58, 0x7E, 0x0A, 0xDC, 0xA2, 0x3D, 0x38, 0x20, 0x81, 0xF5,
    0x53, 0x9A, 0x84, 0x0A, 0xB3, 0x2E, 0xAB, 0x85, 0xBD, 0xA9, 0x4A, 0x6A, 0x09, 0xF1, 0xFE, 0x71,
    0x17, 0x53, 0x18, 0xEF, 0x30, 0x6E, 0xDA, 0xC0, 0xD5, 0xFD, 0x0C, 0x39, 0xE3, 0xC1, 0x1D, 0xE7,
    0xB1, 0xAE, 0x74, 0x7C, 0x4B, 0xF3, 0xC2, 0x99, 0x48, 0x57, 0xCB, 0xF2, 0x8A, 0xF3, 0xEF, 0x6B,
    0x47, 0xFE, 0x73, 0xFF, 0x36, 0xBB, 0x9B, 0xC7, 0x1F, 0x09, 0x6B, 0x43, 0xFD, 0x3F, 0xD7, 0x9F,
    0x50, 0x7D, 0x8E, 0x55, 0x6D, 0x0F, 0x81, 0x7D, 0x3D, 0xBC, 0xF1, 0xED, 0x27, 0x17, 0x15, 0xF2,
    0x56, 0x03, 0xA8, 0xAE, 0xAF, 0x4C, 0x38, 0xBC, 0xA5, 0xF0, 0x4D, 0xD5, 0x0E, 0xBA, 0x1D, 0xA5,
    0x81, 0x5F, 0x5B, 0x15, 0xCC, 0xB9, 0x07, 0x2E, 0x99, 0x10, 0xDF, 0x77, 0xA8, 0x03, 0x47, 0x45,
    0xF4, 0x32, 0xD5, 0x32, 0xD6, 0x12, 0xB2, 0xC6, 0x87, 0x76, 0xD2, 0xD7, 0xE8, 0x87, 0x84, 0xDF,
    0x7E, 0x11, 0xC2, 0x4D, 0xD6, 0x2C, 0x46, 0x28, 0xF3, 0x2B, 0xCC, 0x0B, 0x83, 0x78, 0xD4, 0xB8,
    0x03, 0x88, 0x00, 0x7A, 0x8F, 0x22, 0x0C, 0xCC, 0x9C, 0xA8, 0x8B, 0x6A, 0x65, 0xF5, 0xAC, 0xEE,
    0x3B, 0xAC, 0x8B, 0x6A, 0xA3, 0x35, 0xC9, 0x51, 0xCC, 0x26, 0xF7, 0xD5, 0xCE, 0xAD, 0x1A, 0x12,
    0xFD, 0xD6, 0x73, 0x7F, 0x4D, 0xCF, 0x5F, 0x72, 0xBB, 0xE3, 0xCC, 0x82, 0x4C, 0x06, 0x04, 0xCB,
    0xD9, 0x88, 0x08, 0xCA, 0x22, 0x02, 0x2E, 0x5D, 0x5C, 0x02, 0x2B, 0x38, 0x7B, 0x1F, 0x89, 0xD9,
    0x0C, 0xCC, 0x23, 0xB0, 0x20, 0x96, 0x13, 0xD0, 0x8F, 0xC4, 0x80, 0x98, 0xAD, 0x83, 0x56, 0x03,
    0x6A, 0xB5, 0x76, 0x58, 0xB1, 0x98, 0x80, 0xE5, 0x08, 0xD4, 0x6A, 0xF5, 0x80, 0x71, 0xAF, 0x88,
    0x94, 0x1F, 0x12, 0xA6, 0xFF, 0x74, 0x81, 0x08, 0x5A, 0xD1, 0xA5, 0x96, 0x2E, 0x5A, 0xD9, 0xFC,
    0x8C, 0x4F, 0x8C, 0x2E, 0x85, 0x52, 0x1A, 0x08, 0x5C, 0xB9, 0xB3, 0x0F, 0x44, 0x45, 0x7C, 0x57,
    0x9C, 0x13, 0x44, 0xE2, 0x17, 0x01, 0xAE, 0x98, 0x01, 0x9C, 0xC2, 0x00, 0x7E, 0x02, 0x8C, 0x0C,
    0xD1, 0x6D, 0xE8, 0x12, 0x06, 0x40, 0xCF, 0xB0, 0xDD, 0x46, 0x32, 0xA1, 0x01, 0x54, 0xEB, 0x60,
    0x29, 0xB4, 0xE4, 0x11, 0x42, 0x00, 0x88, 0xC3, 0xA3, 0x60, 0x32, 0xE1, 0x95, 0x4C, 0xFE, 0x52,
    0x7A, 0x74, 0x28, 0x01, 0xB6, 0x00, 0x06, 0x74, 0x53, 0x10, 0xB3, 0x81, 0x1D, 0x9D, 0xAA, 0x9E,
    0xDB, 0x58, 0x86, 0x9E, 0xAA, 0xE9, 0x04, 0x2C, 0x07, 0x60, 0xCB, 0x5C, 0xC9, 0x4C, 0x99, 0x05,
    0xA0, 0xEF, 0x80, 0xAC, 0x77, 0x1C, 0xD9, 0x61, 0xE7, 0x0A, 0x66, 0xA6, 0x13, 0x77, 0x98, 0xE0,
    0xED, 0x7C, 0xC0, 0x0F, 0x20, 0x54, 0xDC, 0xE1, 0xE4, 0x6A, 0xC5, 0x71, 0x73, 0xEE, 0x8B, 0x32,
    0xEE, 0xE5, 0xEC, 0x28, 0xE7, 0x00, 0x7B, 0x48, 0x80, 0x1B, 0x20, 0xED, 0x00, 0xBC, 0x71, 0x97,
    0x72, 0xD2, 0x0E, 0x30, 0x73, 0xF3, 0x2C, 0x1D, 0x24, 0x6C, 0x81, 0xAA, 0x1F, 0x88, 0xEE, 0x0B,
    0xD6, 0x7E, 0x1D, 0x81, 0xAC, 0xC3, 0xEC, 0x61, 0x58, 0x01, 0xB3, 0x0E, 0x58, 0xF6, 0xC8, 0x0F,
    0x5E, 0x9D, 0x1E, 0xD1, 0x61, 0x3B, 0xB9, 0x72, 0x79, 0x55, 0x3B, 0xC9, 0x20, 0x0E, 0x9A, 0x7C,
    0xE8, 0xB6, 0x84, 0x8C, 0xE8, 0xDA, 0xDA, 0xF1, 0x6C, 0xD3, 0x66, 0xF7, 0x47, 0xCC, 0x83, 0x3F,
    0x01, 0x16, 0x67, 0xC0, 0x13, 0x3A, 0x34, 0x7A, 0xCE, 0x81, 0x70, 0x69, 0xD6, 0xC1, 0xA7, 0x45,
    0x25, 0x03, 0x8C, 0x03, 0x9C, 0xE0, 0xD6, 0x34, 0xC0, 0xAF, 0x59, 0x07, 0x85, 0x8A, 0x0A, 0x4E,
    0xAD, 0x6F, 0xBF, 0x2A, 0xDF, 0xE0, 0x32, 0x46, 0x1C, 0x60, 0xCB, 0x87, 0x10, 0x13, 0x38, 0x53,
    0x21, 0x62, 0xCD, 0xF4, 0x0F, 0x4B, 0x02, 0x03, 0x75, 0xD7, 0x86, 0x52, 0xE2, 0x91, 0x98, 0x1B,
    0x7E, 0xE3, 0xF6, 0x59, 0xA3, 0x1D, 0x60, 0xD4, 0x96, 0xDA, 0x46, 0xA5, 0x32, 0xE0, 0xB8, 0x45,
    0xBC, 0x4F, 0x8C, 0x7F, 0x0C, 0x94, 0x35, 0x64, 0x60, 0xDA, 0xF7, 0x3E, 0x2E, 0xF4, 0xBB, 0x98,
    0xB3, 0x27, 0x62, 0x04, 0x96, 0x1B, 0xF2, 0x4A, 0xC1, 0x6F, 0xBD, 0x22, 0x26, 0x70, 0x68, 0xD7,
    0x52, 0xA3, 0xFA, 0xBD, 0xD7, 0x45, 0xAB, 0xB1, 0xCD, 0xA3, 0xD0, 0x5B, 0x2F, 0x9C, 0x5E, 0x9E,
    0xBE, 0x21, 0x3A, 0x24, 0x7F, 0x19, 0x86, 0x88, 0x4E, 0x11, 0x91, 0xD9, 0x61, 0xE0, 0xB5, 0x15,
    0x3E, 0xFE, 0xD3, 0xB3, 0x80, 0x94, 0x9D, 0x0B, 0xE6, 0xE4, 0x14, 0x58, 0x73, 0xBD, 0x2B, 0xF8,
    0x91, 0x54, 0x98, 0x7F, 0xE1, 0x44, 0xBC, 0xCB, 0x89, 0x18, 0x21, 0x52, 0x01, 0xC4, 0x95, 0x0D,
    0xF1, 0x55, 0xE0, 0x57, 0xE3, 0x3A, 0xF6, 0x61, 0xB0, 0xE5, 0x28, 0xD4, 0x9D, 0xA3, 0x52, 0x7A,
    0xF3, 0x3B, 0x44, 0x43, 0x07, 0xE9, 0x86, 0xD2, 0x1C, 0x81, 0x2E, 0x7B, 0xEF, 0xF6, 0xAB, 0x33,
    0x32, 0x57, 0x3E, 0xC1, 0xA2, 0x45, 0x70, 0x39, 0xD6, 0x50, 0x6B, 0x12, 0x40, 0x4B, 0x6E, 0x1B,
    0x46, 0x99, 0x85, 0xE1, 0x08, 0xF4, 0xC3, 0xAE, 0xCA, 0xAA, 0xD8, 0xE5, 0x2A, 0x61, 0xAB, 0xE2,
    0x68, 0xB6, 0xB5, 0xCA, 0x6C, 0x43, 0x72, 0x57, 0xA5, 0xFF, 0x50, 0x92, 0x94, 0x01, 0x55, 0x65,
    0x46, 0xB0, 0xA8, 0xD1, 0xA0, 0x27, 0xDC, 0x40, 0x7B, 0xB6, 0x03, 0x4D, 0xDA, 0xAF, 0x65, 0x51,
    0x0C, 0x8E, 0x75, 0x20, 0x62, 0x39, 0xA3, 0xD9, 0x5C, 0xD0, 0x60, 0xFA, 0x6C, 0xC9, 0x4A, 0x3B,
    0x48, 0xAF, 0x62, 0x7E, 0x55, 0x2C, 0x5B, 0x46, 0x18, 0xD0, 0xAC, 0x9A, 0xEB, 0xC7, 0x01, 0x17,
    0x2F, 0x61, 0x6E, 0xD6, 0x1E, 0x51, 0xA1, 0x1D, 0x20, 0x0E, 0x34, 0xA8, 0x65, 0xA2, 0x3D, 0xF7,
    0x19, 0x9D, 0x41, 0x31, 0x68, 0xD7, 0x35, 0xBC, 0x90, 0xC7, 0x44, 0xBA, 0xE3, 0x9C, 0x4A, 0x95,
    0x2E, 0xCC, 0xE2, 0xD9, 0xA2, 0x90, 0xCF, 0x06, 0xC7, 0x45, 0x21, 0x03, 0xE4, 0x33, 0x46, 0xED,
    0x7C, 0x94, 0x37, 0x25, 0x6A, 0xE3, 0x3A, 0xF4, 0x5A, 0x39, 0x9B, 0xDC, 0xF3, 0x6F, 0xD3, 0x22,
    0x04, 0x5A, 0x45, 0x3A, 0xDA, 0xF7, 0x25, 0xD8, 0x2E, 0xC2, 0xBA, 0x0B, 0x5C, 0x24, 0x8D, 0x7E,
    0x59, 0x0B, 0xC3, 0x06, 0xA6, 0xA6, 0x40, 0x09, 0xFC, 0x46, 0x73, 0xE0, 0x0D, 0xA9, 0x3F, 0x5D,
    0xB9, 0xAB, 0x0F, 0xA4, 0x20, 0xC4, 0x50, 0x84, 0x2D, 0xFC, 0x84, 0x30, 0xE2, 0x74, 0x7A, 0x53,
    0xCD, 0x36, 0xDB, 0x48, 0xCD, 0xED, 0xE4, 0xE2, 0xEC, 0xF0, 0xB6, 0xFB, 0x9D, 0xC7, 0x37, 0x61,
    0x71, 0x9C, 0x0D, 0x53, 0x3B, 0x73, 0x5B, 0xDB, 0xA8, 0x48, 0x15, 0x27, 0xC2, 0x04, 0x2B, 0xC5,
    0x81, 0x1F, 0xD1, 0x0B, 0xE5, 0xAD, 0x6C, 0xB6, 0x64, 0x70, 0xB0, 0x1F, 0xC8, 0x6C, 0x43, 0xA3,
    0x1E, 0x51, 0xA8, 0x6C, 0x36, 0x81, 0xAF, 0x79, 0x89, 0xAB, 0x34, 0xAB, 0x86, 0x1F, 0x6C, 0x45,
    0xE6, 0x91, 0xC4, 0xF2, 0x28, 0xE0, 0x60, 0x7A, 0xBF, 0x70, 0xFB, 0xF6, 0x6D, 0xE6, 0xA0, 0x86,
    0xC0, 0x8F, 0x57, 0x1C, 0xBB, 0x2A, 0x6F, 0x5C, 0x5C, 0x5C, 0x54, 0xA7, 0xDB, 0x4A, 0x00, 0xF2,
    0xDB, 0xFA, 0xEA, 0xC0, 0xC6, 0x29, 0x0C, 0xC5, 0xA2, 0x34, 0x14, 0x81, 0xD2, 0x6F, 0xB2, 0xB2,
    0x22, 0x7F, 0xC2, 0x02, 0x05, 0xA3, 0x1F, 0xD9, 0xDE, 0x5B, 0x80, 0x4B, 0x91, 0x7E, 0x14, 0x51,
    0x97, 0x2E, 0x99, 0x34, 0x7E, 0x52, 0xC3, 0x61, 0x7E, 0xEE, 0x01, 0x43, 0x31, 0x28, 0x24, 0x77,
    0xF5, 0xE3, 0x7E, 0xED, 0x0B, 0x97, 0xC0, 0x6F, 0xB6, 0x16, 0x2F, 0xCD, 0x68, 0x00, 0xB4, 0xF7,
    0x60, 0x93, 0x9C, 0x59, 0x70, 0x3B, 0x92, 0xB7, 0x29, 0xEC, 0xB6, 0xF4, 0x04, 0xE4, 0xCB, 0x36,
    0x5A, 0xAB, 0x35, 0x26, 0x5A, 0x54, 0x63, 0xDA, 0x84, 0xC4, 0xE5, 0xE3, 0xEA, 0x2C, 0xD2, 0xAC,
    0x6C, 0xFD, 0x18, 0x6D, 0x66, 0xB4, 0x5B, 0x90, 0x60, 0x2B, 0xCE, 0x74, 0x74, 0x8B, 0x3B, 0x3C,
    0xF8, 0xAC, 0x8B, 0x69, 0xC4, 0x20, 0xAB, 0xE2, 0x71, 0x4C, 0x24, 0x11, 0xF7, 0x00, 0x77, 0x65,
    0x4E, 0xDC, 0x9D, 0xA2, 0xCF, 0x47, 0xE5, 0xBA, 0xEC, 0x8A, 0x90, 0x2C, 0xAE, 0xF6, 0x9D, 0x1F,
    0x0E, 0xB3, 0xBB, 0xE3, 0x9B, 0xBA, 0x4F, 0x95, 0xEB, 0xAA, 0xED, 0xD2, 0x08, 0x16, 0xF0, 0x3B,
    0x60, 0xED, 0x2A, 0x82, 0xB3, 0xC9, 0x4D, 0xF8, 0x3E, 0x9F, 0x0E, 0xC1, 0x57, 0x75, 0x57, 0xC4,
    0xE3, 0xE0, 0x1B, 0xBD, 0xAB, 0x9C, 0x8B, 0xCE, 0x77, 0xB9, 0x84, 0x56, 0x54, 0x22, 0x35, 0x74,
    0x31, 0xBA, 0x1C, 0x62, 0x51, 0x32, 0x63, 0x6D, 0xCB, 0x0E, 0x01, 0xFC, 0xD1, 0x9A, 0xD2, 0xCE,
    0x2D, 0xFB, 0xBC, 0xC8, 0x69, 0xF6, 0xC9, 0xB7, 0xE9, 0xD4, 0x0C, 0x93, 0x23, 0x8E, 0x8F, 0xD1,
    0xF1, 0x5C, 0xD1, 0x1B, 0xD7, 0x93, 0xB1, 0x44, 0xD2, 0x61, 0xE5, 0x74, 0xE5, 0xEC, 0x27, 0x33,
    0x39, 0xFF, 0xBA, 0xB1, 0x87, 0x49, 0xD1, 0xC9, 0xCA, 0x31, 0x17, 0xFE, 0x6C, 0xCC, 0xC8, 0x69,
    0x30, 0xCE, 0xBA, 0xA3, 0x58, 0xE4, 0x1B, 0x7B, 0x3A, 0x16, 0x83, 0xC4, 0x98, 0x19, 0x1A, 0xBD,
    0x91, 0xB1, 0xBA, 0x4C, 0xC1, 0x79, 0xAF, 0x97, 0x7A, 0xBA, 0x80, 0xEC, 0xA1, 0xC2, 0x40, 0xD7,
    0x90, 0x21, 0x83, 0xA0, 0x2E, 0x7E, 0x3A, 0xB9, 0x56, 0xCB, 0x0C, 0x6B, 0xE3, 0x0A, 0xF3, 0xCB,
    0x72, 0x17, 0x99, 0x50, 0x59, 0x75, 0x95, 0xE5, 0x1E, 0x47, 0xE8, 0x98, 0xB2, 0x91, 0x70, 0x90,
    0x80, 0xDF, 0x27, 0x46, 0x78, 0xA3, 0x55, 0x52, 0x8F, 0xD2, 0x41, 0x38, 0x17, 0xA6, 0x02, 0xE9,
    0x41, 0x67, 0x33, 0x13, 0x9F, 0xDC, 0xA5, 0x05, 0xB9, 0xA2, 0x95, 0xAA, 0x8D, 0x20, 0x06, 0x58,
    0xBE, 0xE0, 0x02, 0xD6, 0x2C, 0x99, 0xAA, 0x55, 0xCE, 0x24, 0x1F, 0x57, 0xE2, 0x77, 0x7E, 0x52,
    0xE2, 0x50, 0x2A, 0x17, 0xF6, 0x5A, 0x47, 0xED, 0xE7, 0xBD, 0x57, 0x91, 0xBC, 0x84, 0x09, 0x17,
    0x68, 0xCE, 0x71, 0x74, 0x4E, 0xD2, 0xA2, 0x23, 0x28, 0x31, 0x43, 0xED, 0x87, 0xA5, 0x40, 0x08,
    0xDE, 0x10, 0x96, 0x91, 0x83, 0xB0, 0x36, 0x13, 0xC8, 0x80, 0x08, 0x80, 0xE1, 0x92, 0x8A, 0xD7,
    0xB7, 0x05, 0x0F, 0x24, 0xA2, 0x93, 0x57, 0xA7, 0x45, 0x52, 0xFD, 0x21, 0x6A, 0xA7, 0xEB, 0x69,
    0xAD, 0xE2, 0x57, 0x42, 0x76, 0xAC, 0xB8, 0x70, 0xCD, 0xF5, 0xAD, 0xDD, 0xD6, 0x08, 0x10, 0xCA,
    0x07, 0x25, 0x98, 0x25, 0xA0, 0xC9, 0x16, 0x5F, 0xE6, 0x07, 0x73, 0x04, 0xE4, 0x4A, 0xE0, 0x89,
    0xC1, 0x32, 0x0A, 0x03, 0xAB, 0x1D, 0xD9, 0x2A, 0xEC, 0x91, 0x0B, 0x99, 0x36, 0x4B, 0x98, 0x2B,
    0x3A, 0xF8, 0x83, 0x4C, 0x6F, 0x5C, 0x71, 0x1E, 0xA5, 0xC1, 0xF7, 0xB4, 0x09, 0x18, 0x6D, 0xE0,
    0xF7, 0xE0, 0x1C, 0x62, 0x2E, 0x60, 0x33, 0x43, 0x21, 0x66, 0x07, 0x8F, 0x33, 0x52, 0x37, 0xB2,
    0x04, 0x06, 0x7F, 0x2A, 0x3D, 0xC5, 0xCA, 0x21, 0xBF, 0x8C, 0x58, 0xA8, 0xC1, 0x3F, 0xAF, 0x41,
    0xAB, 0x76, 0x15, 0x1F, 0xF4, 0xF6, 0xAA, 0x97, 0x60, 0x85, 0x4B, 0x82, 0x56, 0x17, 0xED, 0x60,
    0xBF, 0x1E, 0xA8, 0x53, 0xD6, 0x9B, 0x2A, 0x1D, 0x29, 0x87, 0x22, 0xD0, 0x9A, 0xFA, 0x6C, 0x6B,
    0x61, 0x68, 0xB0, 0x23, 0x2E, 0xFE, 0x20, 0x3E, 0x29, 0xDF, 0xDC, 0x48, 0x5A, 0xAE, 0xF7, 0x26,
    0xE8, 0xDC, 0xC6, 0x6F, 0xA4, 0x0C, 0x89, 0x29, 0x95, 0x4E, 0x90, 0xFF, 0xF6, 0xD9, 0x48, 0xF1,
    0x11, 0xE6, 0xA4, 0x2B, 0x85, 0x0F, 0x94, 0x3A, 0x37, 0x3A, 0x0E, 0xFC, 0xFD, 0x71, 0xD5, 0xE1,
    0x23, 0x0A, 0xFF, 0x8D, 0xDB, 0x15, 0x85, 0x47, 0x25, 0xAE, 0x60, 0x3F, 0xB2, 0xF0, 0xA0, 0x35,
    0xDC, 0x46, 0x92, 0x90, 0x30, 0xB0, 0x19, 0x57, 0xEC, 0x96, 0x2D, 0xEE, 0x8F, 0x33, 0xD6, 0x7A,
    0x51, 0x84, 0x29, 0xFB, 0xF1, 0x6B, 0x8C, 0x98, 0x06, 0x43, 0xBA, 0x98, 0x6D, 0x7C, 0xD9, 0xF6,
    0x8E, 0xC0, 0x31, 0x1D, 0xC5, 0xFC, 0x0B, 0xD4, 0xF8, 0xC8, 0x83, 0x03, 0xCA, 0x8C, 0x2D, 0x46,
    0x2D, 0x08, 0xA3, 0xB1, 0x52, 0x42, 0x35, 0xD2, 0x44, 0x8B, 0xD7, 0x23, 0x7F, 0xD7, 0x1A, 0xA1,
    0xF3, 0x05, 0x84, 0x80, 0x84, 0xD5, 0x52, 0x79, 0xF8, 0x71, 0x88, 0xDF, 0x6E, 0xBE, 0x7D, 0xCC,
    0xC1, 0xF1, 0xCA, 0x1A, 0x44, 0x63, 0xB9, 0x7A, 0x62, 0xF4, 0xAB, 0x2F, 0xAA, 0x8F, 0xE9, 0x69,
    0xE3, 0x8F, 0x0A, 0xB6, 0x96, 0xA2, 0x0C, 0xE8, 0x87, 0x35, 0x5B, 0x11, 0x98, 0x1C, 0xE1, 0x17,
    0xE8, 0xB7, 0x8D, 0x12, 0x02, 0xF2, 0x2B, 0x0B, 0x48, 0x08, 0x0A, 0x38, 0xE8, 0x21, 0x1C, 0x6E,
    0x1D, 0x1E, 0x56, 0xA0, 0x25, 0xE8, 0x27, 0xDA, 0x8E, 0x9F, 0xCA, 0x48, 0xCB, 0x50, 0x5F, 0xC2,
    0x56, 0xA0, 0xDE, 0xD0, 0x1F, 0x5A, 0x9B, 0xCF, 0x4C, 0x40, 0x16, 0xCC, 0x6F, 0xA9, 0x8C, 0xE6,
    0x39, 0xEA, 0x0D, 0x60, 0x81, 0x2A, 0x53, 0x5D, 0xAA, 0xCA, 0xA6, 0xA8, 0xE2, 0x4E, 0x47, 0x2A,
    0xB9, 0x5B, 0x07, 0x6C, 0x40, 0xDF, 0x65, 0xD4, 0x81, 0x62, 0x13, 0x96, 0xEB, 0xF6, 0xC5, 0x26,
    0x13, 0x8D, 0x62, 0x51, 0x24, 0x8A, 0x43, 0x51, 0x6C, 0xAC, 0x71, 0xE5, 0x07, 0x74, 0xB5, 0xDC,
    0x65, 0x2B, 0xFB, 0xFB, 0xA3, 0x0D, 0x29, 0x22, 0x9B, 0xA2, 0xA4, 0x40, 0xD9, 0xD0, 0x1C, 0x41,
    0x2F, 0x50, 0xC8, 0x1D, 0x36, 0xDB, 0xE2, 0x89, 0x22, 0x53, 0x5C, 0x22, 0xBB, 0x22, 0xCE, 0xD7,
    0x77, 0x08, 0xDB, 0xEE, 0xBA, 0x1A, 0xB6, 0xD1, 0xC7, 0x86, 0x4D, 0xED, 0x9B, 0x66, 0x3C, 0x5C,
    0x66, 0xB8, 0x6C, 0x11, 0x15, 0xD7, 0x80, 0x8A, 0x34, 0x72, 0x2E, 0x77, 0xF9, 0x7D, 0x36, 0x9B,
    0x02, 0xF9, 0x6A, 0x68, 0xDF, 0x18, 0x2F, 0xA6, 0x46, 0x3A, 0x92, 0xFB, 0xBC, 0xB7, 0x21, 0x5E,
    0xDB, 0xE0, 0xFE, 0x6E, 0x34, 0x7E, 0x97, 0x7C, 0x94, 0x7B, 0xA8, 0xCE, 0x20, 0x32, 0x75, 0x64,
    0x55, 0xEE, 0x6F, 0xA4, 0xA3, 0x5C, 0x47, 0xE9, 0xA9, 0x60, 0x2A, 0x03, 0x9D, 0xC2, 0x99, 0x16,
    0x8A, 0xC9, 0xB4, 0xF2, 0xEA, 0x9D, 0x7A, 0x36, 0xAB, 0x7A, 0x34, 0xC4, 0xA0, 0xA8, 0xE8, 0xA6,
    0x5C, 0x7A, 0x7A, 0x2A, 0x95, 0x48, 0x67, 0x41, 0x74, 0xEA, 0x85, 0xE6, 0x48, 0xD4, 0x6A, 0x3F,
    0x55, 0x05, 0x92, 0xEC, 0xE8, 0xA3, 0x65, 0xAC, 0x86, 0xAA, 0xEC, 0xF3, 0xEC, 0xF5, 0x19, 0xEB,
    0x63, 0xE6, 0x9D, 0xD2, 0xE8, 0xC4, 0x02, 0xEC, 0x96, 0xC5, 0xC5, 0x7D, 0x2A, 0x90, 0x44, 0xA6,
    0xDB, 0xD7, 0x26, 0x4B, 0xB7, 0xE3, 0x3E, 0xDD, 0xD2, 0x4F, 0xB3, 0x2B, 0x69, 0x2D, 0xA1, 0x63,
    0xB8, 0xD3, 0x44, 0xD7, 0xF0, 0x1E, 0x82, 0xCE, 0xE1, 0x44, 0x06, 0xFB, 0x2C, 0x5A, 0x2A, 0x5A,
    0x94, 0x66, 0x2D, 0x79, 0x38, 0x3A, 0x99, 0xB4, 0x74, 0x8E, 0xEE, 0x92, 0x51, 0xB5, 0x8A, 0xD0,
    0xFA, 0x10, 0x64, 0x48, 0x46, 0xF4, 0x91, 0x6A, 0x09, 0xA7, 0x96, 0x86, 0x36, 0x64, 0x3F, 0x44,
    0xE9, 0xD8, 0xB7, 0x21, 0x7F, 0x13, 0x16, 0xC8, 0xFA, 0x3A, 0x94, 0x34, 0x42, 0xDE, 0xD5, 0xE1,
    0x24, 0xB5, 0x92, 0x1F, 0xEF, 0xDB, 0x22, 0xBB, 0xF1, 0xE3, 0xC4, 0x50, 0x2D, 0x2A, 0xFF, 0x14,
    0xEB, 0x36, 0xE8, 0xE9, 0x65, 0x60, 0xC9, 0xAB, 0xD4, 0x5D, 0xFE, 0xAC, 0x54, 0xD1, 0x32, 0x27,
    0xAA, 0x93, 0x85, 0xEF, 0x39, 0x88, 0x21, 0x1C, 0x5D, 0x1E, 0x6D, 0xA9, 0xBE, 0xB8, 0x7C, 0x74,
    0xED, 0x0C, 0x7D, 0x42, 0x3E, 0x30, 0xC1, 0x89, 0x36, 0xD6, 0x79, 0xB3, 0x06, 0x00, 0x41, 0x5B,
    0x22, 0x22, 0x78, 0xA7, 0x0A, 0x95, 0x0B, 0xE4, 0xC5, 0x76, 0x59, 0x37, 0x35, 0x5B, 0x59, 0x77,
    0x2C, 0x61, 0xA6, 0x1C, 0x85, 0xA7, 0xD2, 0xB1, 0x90, 0x3C, 0x96, 0x81, 0xFB, 0x98, 0xD4, 0xBB,
    0xA8, 0x60, 0x04, 0x35, 0x4F, 0xC9, 0x25, 0x27, 0x76, 0x12, 0x50, 0x18, 0x8A, 0x99, 0x85, 0x63,
    0xAF, 0x82, 0xDF, 0x79, 0xB6, 0x0A, 0x3D, 0x87, 0x63, 0x31, 0x11, 0xDC, 0x67, 0x21, 0x91, 0x1E,
    0x72, 0x6B, 0x5B, 0x12, 0x54, 0x12, 0xB4, 0xD5, 0xBE, 0x37, 0x3A, 0xF3, 0xF1, 0x82, 0x82, 0x47,
    0xC4, 0x05, 0x2B, 0xE4, 0x28, 0xC0, 0xEF, 0x99, 0x0C, 0xD4, 0xDB, 0xD6, 0x0B, 0x0E, 0x0A, 0x33,
    0xF5, 0xC2, 0x2E, 0x28, 0xB4, 0xD4, 0x4F, 0x0B, 0x82, 0x8A, 0x18, 0x64, 0xDB, 0x81, 0x19, 0xC4,
    0xA2, 0x18, 0xFE, 0x94, 0x5F, 0x9C, 0x2D, 0x68, 0x8E, 0x81, 0x58, 0x46, 0xC6, 0x6A, 0x6D, 0xC9,
    0xDE, 0x1E, 0x44, 0xA4, 0x6C, 0x6E, 0xA4, 0x67, 0xEA, 0x49, 0x35, 0x01, 0x15, 0x0B, 0xA9, 0x64,
    0xBC, 0x4C, 0x3E, 0x82, 0x46, 0x92, 0x8C, 0x35, 0x29, 0xB4, 0xD3, 0x4A, 0x4C, 0x4C, 0xED, 0xC8,
    0x88, 0x37, 0x6A, 0xEA, 0x89, 0x5D, 0x7A, 0xA5, 0x7C, 0x86, 0xBB, 0x50, 0x84, 0x27, 0xDB, 0x80,
    0xEB, 0x36, 0x81, 0x0C, 0xEC, 0x64, 0x5B, 0xCF, 0xD9, 0x60, 0x7B, 0x81, 0x58, 0x88, 0xFC, 0xB2,
    0xA2, 0x0A, 0xA6, 0xC3, 0xDC, 0x0A, 0x05, 0x39, 0x9A, 0xAC, 0xDA, 0xDF, 0xB5, 0xEB, 0x6A, 0xD0,
    0x81, 0x04, 0x79, 0x70, 0x5D, 0x49, 0x8D, 0x08, 0xFD, 0xF5, 0x8D, 0x81, 0xC8, 0x95, 0xB4, 0xFC,
    0x9D, 0x44, 0x90, 0x48, 0x4F, 0x7A, 0xFB, 0x0F, 0x5A, 0x3A, 0x30, 0xD9, 0x81, 0xAE, 0xF4, 0xC3,
    0xF8, 0x7F, 0xEB, 0x87, 0x7A, 0xF5, 0xC3, 0xE6, 0x00, 0xA8, 0xDF, 0x8E, 0x97, 0xFD, 0x70, 0xFC,
    0x43, 0xFC, 0xC0, 0x0F, 0xA4, 0xFD, 0x32, 0x7D, 0xDA, 0x5B, 0xA4, 0x5C, 0x48, 0x4C, 0xFC, 0xE8,
    0xD4, 0xAC, 0x76, 0x86, 0x11, 0xB6, 0xBB, 0x2F, 0x12, 0xFA, 0xEF, 0x8C, 0x3A, 0x4E, 0x4C, 0xD3,
    0xED, 0xC8, 0x66, 0xA1, 0xF8, 0x44, 0x6A, 0x27, 0xFA, 0x8F, 0xD4, 0xE3, 0x22, 0xE4, 0xDA, 0xFB,
    0xAF, 0x59, 0xD7, 0xE0, 0x85, 0x40, 0x40, 0x0A, 0xCA, 0x29, 0x01, 0xF4, 0x1A, 0x73, 0xCB, 0x42,
    0xEB, 0x15, 0x4A, 0x3D, 0xFC, 0x87, 0x9F, 0x41, 0x4C, 0x09, 0x46, 0xA3, 0xCD, 0x05, 0x71, 0x5B,
    0x48, 0x89, 0xD2, 0x42, 0xFF, 0x15, 0xD2, 0xC0, 0x7F, 0x47, 0x09, 0xF4, 0xDF, 0xD9, 0xE6, 0xC2,
    0x17, 0xE5, 0x31, 0x44, 0x17, 0x64, 0xCB, 0xE5, 0x65, 0xB1, 0x0D, 0xC1, 0xB0, 0x6E, 0x11, 0xD6,
    0x03, 0x0A, 0x78, 0x1E, 0xD0, 0xE1, 0xE2, 0x73, 0xD4, 0x0A, 0x16, 0x9A, 0x81, 0x1E, 0x52, 0x30,
    0xF3, 0x50, 0xD0, 0x6A, 0xF7, 0x3C, 0x60, 0xA2, 0x75, 0x22, 0x83, 0x67, 0xB1, 0xBA, 0x2E, 0xB9,
    0xCB, 0xFB, 0x3B, 0x84, 0xA8, 0xF3, 0xD0, 0x17, 0x81, 0x61, 0x78, 0xA4, 0xD7, 0xF2, 0x88, 0x9C,
    0x58, 0x07, 0x2A, 0xCF, 0xC1, 0x0F, 0x23, 0x27, 0xB7, 0xE9, 0x2F, 0x1C, 0x7D, 0x6E, 0x54, 0x3C,
    0xB9, 0x27, 0x17, 0x6D, 0x57, 0x76, 0xEA, 0xDC, 0xBC, 0x2B, 0x5D, 0x0E, 0x3A, 0x21, 0x35, 0xB7,
    0x10, 0xDE, 0x79, 0xF5, 0x29, 0x84, 0xF7, 0xF3, 0xAB, 0x17, 0xF7, 0xB4, 0xF7, 0x30, 0x95, 0x81,
    0x6F, 0xF6, 0x74, 0x69, 0xAE, 0xEB, 0xAF, 0x99, 0xEB, 0x40, 0x15, 0x28, 0xDB, 0xCF, 0x75, 0x50,
    0x80, 0x1F, 0xA8, 0xFB, 0x4A, 0x48, 0xDA, 0x99, 0xA8, 0xD2, 0xCA, 0xB9, 0xF2, 0x0D, 0x99, 0xAB,
    0xA4, 0xFD, 0x17, 0xEB, 0xD1, 0x3B, 0x32, 0x92, 0x21, 0xDD, 0x79, 0xBE, 0x76, 0xFA, 0x0E, 0xB8,
    0xE3, 0x74, 0xC8, 0x6E, 0xE3, 0xBA, 0x5A, 0x99, 0xAC, 0xFF, 0x64, 0x5C, 0x1F, 0x72, 0x07, 0xEB,
    0x3A, 0xDD, 0xF3, 0xA2, 0x3C, 0xD8, 0x92, 0xE8, 0x88, 0x40, 0x89, 0xCC, 0xFF, 0x54, 0x3E, 0xDF,
    0x33, 0xD6, 0x02, 0x8D, 0x59, 0xA3, 0x74, 0xF6, 0xD9, 0x83, 0x23, 0xBB, 0x87, 0x05, 0x0F, 0xE6,
    0xDB, 0x1F, 0x33, 0x5E, 0xD6, 0x8D, 0x4C, 0xDB, 0xCA, 0xE4, 0x01, 0xD7, 0xE0, 0xA3, 0x34, 0xA5,
    0x4C, 0xAD, 0x92, 0x97, 0xA9, 0x90, 0x87, 0xAA, 0x61, 0x05, 0xA1, 0x93, 0x08, 0xD9, 0xD1, 0x08,
    0x28, 0xB5, 0x8C, 0x95, 0xF5, 0x34, 0xEE, 0x7A, 0x17, 0x57, 0x56, 0xB4, 0xF8, 0x1D, 0xB3, 0x42,
    0x24, 0x25, 0x13, 0x29, 0xB5, 0xE7, 0x40, 0xD9, 0x00, 0x1A, 0x73, 0xDB, 0xC7, 0x2B, 0x2B, 0x92,
    0xB7, 0x5C, 0xF5, 0x8E, 0xD1, 0x44, 0x7A, 0x12, 0x40, 0xE5, 0xD3, 0x81, 0x64, 0xAE, 0x2A, 0xA4,
    0x32, 0x32, 0x1F, 0xCD, 0x46, 0xD1, 0x28, 0x3C, 0x13, 0xDE, 0x7D, 0x09, 0xBA, 0x35, 0x2D, 0x8A,
    0x33, 0x56, 0xB3, 0xD5, 0x8B, 0xAA, 0xC4, 0x61, 0x46, 0x4F, 0x26, 0x3A, 0x96, 0xF0, 0x1D, 0x8B,
    0x70, 0xB7, 0xAF, 0x58, 0xCC, 0x51, 0x34, 0x37, 0x95, 0xB2, 0x79, 0xCC, 0x0B, 0x9C, 0x45, 0x55,
    0x5B, 0xA9, 0x54, 0x77, 0xA8, 0x9B, 0x3C, 0x95, 0x26, 0x0D, 0x2C, 0xA6, 0xBF, 0x95, 0x26, 0x1B,
    0xE8, 0xED, 0xE3, 0xCF, 0xA5, 0xA3, 0x5E, 0x32, 0xE4, 0xDF, 0x93, 0xAE, 0x68, 0x58, 0x2C, 0xBE,
    0x2A, 0x1D, 0xF5, 0x93, 0xE0, 0xB5, 0xFE, 0x1D, 0x2B, 0xDE, 0x71, 0x9C, 0x61, 0x51, 0x8C, 0x4E,
    0x7E, 0x6A, 0x19, 0xF9, 0x37, 0x93, 0x93, 0x9F, 0x05, 0x16, 0x7F, 0x1B, 0x9C, 0xE8, 0x89, 0xE2,
    0x07, 0x83, 0x9E, 0xBD, 0x29, 0xD7, 0xF1, 0x64, 0xB1, 0xD1, 0xB3, 0x62, 0x11, 0x72, 0xCB, 0xB6,
    0x07, 0xE1, 0xB7, 0x79, 0x60, 0x3F, 0x09, 0xF8, 0xD1, 0x8A, 0x41, 0x35, 0xD7, 0xD3, 0xDC, 0x1F,
    0x31, 0x9A, 0x8F, 0xCA, 0xA9, 0x72, 0xD2, 0xCA, 0xDD, 0xA4, 0x7D, 0x68, 0x31, 0x5F, 0x23, 0x4B,
    0xD1, 0x7C, 0x88, 0xCB, 0xEE, 0x60, 0xBB, 0x9D, 0x7D, 0x66, 0xAB, 0xEC, 0x40, 0xB7, 0x25, 0x12,
    0xE8, 0x30, 0x27, 0x8F, 0x27, 0x72, 0x2B, 0x03, 0xD9, 0x5B, 0x58, 0xD1, 0x8A, 0x9B, 0xD7, 0x78,
    0xBD, 0x23, 0xB7, 0xC6, 0x87, 0x0F, 0xAC, 0xBE, 0x2E, 0xC8, 0xCC, 0xD5, 0x15, 0xE2, 0x10, 0x86,
    0x6F, 0xD7, 0xE7, 0xAE, 0x9E, 0xDD, 0x0F, 0xD6, 0x50, 0xD9, 0x98, 0xDF, 0x5B, 0x4A, 0xC6, 0x47,
    0x28, 0x25, 0x36, 0x59, 0x24, 0xF0, 0x01, 0x81, 0x71, 0x54, 0x46, 0xD8, 0x8E, 0x70, 0x7E, 0x2D,
    0x63, 0x81, 0x1B, 0x5F, 0x46, 0x2F, 0xFC, 0x8F, 0x3C, 0x9B, 0x8E, 0xEE, 0x80, 0x8B, 0x03, 0xE4,
    0xE7, 0xB8, 0x51, 0x2A, 0x2B, 0x66, 0x8F, 0x3B, 0x96, 0x4B, 0x22, 0xCD, 0xC7, 0x78, 0x2D, 0x23,
    0x55, 0x2E, 0xE6, 0xDC, 0xEE, 0x2C, 0xBC, 0x03, 0xC9, 0x39, 0xE5, 0x86, 0xB8, 0x34, 0xC7, 0xF5,
    0xEB, 0xE7, 0xAB, 0x72, 0x4A, 0x61, 0x64, 0xDE, 0x2B, 0x21, 0x3B, 0x29, 0x5A, 0x9E, 0x12, 0x5C,
    0x48, 0x41, 0x51, 0xE9, 0xE2, 0x42, 0xE9, 0x38, 0xA2, 0x13, 0x18, 0x22, 0xE7, 0x42, 0x0F, 0x1E,
    0x02, 0x61, 0x19, 0x99, 0x57, 0xC9, 0x5E, 0x0C, 0xD6, 0xA0, 0xA9, 0x81, 0x5A, 0x03, 0xB8, 0xD5,
    0x18, 0xAE, 0xAB, 0x71, 0x90, 0xD1, 0xA4, 0xDE, 0x6A, 0x7C, 0xD2, 0x6A, 0xA8, 0xBE, 0x12, 0x41,
    0xAC, 0xF1, 0x80, 0x35, 0x92, 0x19, 0x29, 0xE4, 0xF6, 0xEB, 0xF6, 0xE8, 0x53, 0x8C, 0xD8, 0xC5,
    0xC5, 0xC5, 0x5B, 0xD0, 0x00, 0x89, 0xE1, 0xC9, 0x29, 0xAD, 0x0D, 0x7B, 0x00, 0x70, 0x93, 0x7D,
    0xC5, 0xCD, 0xE9, 0xEE, 0xA1, 0xF1, 0x15, 0x37, 0xA7, 0xFB, 0x87, 0xC6, 0xD7, 0xDD, 0xFA, 0x36,
    0xBF, 0xAB, 0xF5, 0x92, 0x20, 0x15, 0xF4, 0x99, 0x01, 0x11, 0xFF, 0x14, 0x80, 0x93, 0xA3, 0xBB,
    0xBF, 0xBE, 0xBE, 0xA2, 0xAF, 0x73, 0x7D, 0xDD, 0xD2, 0xD7, 0xC9, 0xFA, 0xF2, 0xFA, 0x2A, 0xD7,
    0x57, 0x81, 0x57, 0x55, 0x54, 0x39, 0x5E, 0x0D, 0x5E, 0xCF, 0x57, 0x2E, 0xB9, 0xB8, 0xC0, 0xBD,
    0x09, 0xF2, 0xE2, 0x19, 0x64, 0x39, 0x6E, 0x02, 0xED, 0x64, 0xB9, 0x42, 0xA0, 0xBD, 0xA6, 0x80,
    0xF1, 0x6A, 0x75, 0x37, 0x4D, 0x2F, 0xAB, 0x7B, 0x95, 0xA6, 0x39, 0xED, 0x08, 0x40, 0xC3, 0x89,
    0x44, 0x4E, 0xDA, 0x00, 0xFA, 0xF5, 0xAF, 0x00, 0x7A, 0x0D, 0xAE, 0x43, 0x2B, 0x6E, 0x6D, 0x25,
    0xFF, 0x01, 0x1E, 0x4C, 0x7C, 0x1E, 0x73, 0x07, 0x26, 0x98, 0x93, 0x43, 0xC0, 0x04, 0x35, 0x39,
    0x9A, 0x47, 0x3F, 0xDC, 0x41, 0x92, 0xF7, 0x48, 0xF1, 0xAA, 0x3B, 0x22, 0xAF, 0xAC, 0xF8, 0x5F,
    0x33, 0x5C, 0xC6, 0x01, 0xC7, 0x8F, 0x04, 0x3C, 0x50, 0x39, 0x7D, 0xE3, 0x2D, 0xA8, 0x94, 0x47,
    0x3E, 0x38, 0x12, 0x8E, 0xD8, 0x64, 0xDD, 0xEC, 0x44, 0x76, 0xF9, 0xFB, 0x7E, 0x5D, 0x09, 0x78,
    0xAE, 0x88, 0x65, 0x48, 0xB9, 0x91, 0xCC, 0x85, 0x12, 0xE4, 0xC9, 0x17, 0xA8, 0x95, 0x23, 0xBA,
    0x60, 0xA4, 0x7C, 0x61, 0x6B, 0x40, 0xA8, 0x66, 0x4B, 0xA0, 0x3A, 0xAC, 0xD8, 0x4E, 0x8A, 0x89,
    0x28, 0x8E, 0xA9, 0xE0, 0xAB, 0x5C, 0xAB, 0x95, 0xF2, 0x8E, 0x5F, 0xBE, 0x93, 0xCB, 0x54, 0x22,
    0x19, 0xF4, 0xB9, 0x54, 0x78, 0xFA, 0x71, 0x8A, 0xC0, 0x5C, 0x9F, 0xA3, 0x53, 0x10, 0xC6, 0xF8,
    0x1E, 0xAF, 0xD8, 0x71, 0x48, 0x4E, 0xE1, 0x9F, 0x1A, 0x73, 0xC6, 0x7B, 0x82, 0x5C, 0xFB, 0xC1,
    0xAF, 0x70, 0xBB, 0xFD, 0x88, 0x4B, 0xF6, 0x5F, 0x3B, 0xE0, 0x64, 0x8B, 0x79, 0x45, 0x24, 0x14,
    0x20, 0x95, 0x02, 0xF6, 0xAA, 0x54, 0xC2, 0xFD, 0x71, 0xBD, 0x98, 0x09, 0x42, 0x34, 0x87, 0x8E,
    0xE8, 0x2A, 0x9F, 0xF1, 0x2E, 0x4C, 0x29, 0x6C, 0x6F, 0xD9, 0x2C, 0x23, 0x48, 0xDD, 0xAF, 0xC3,
    0xF3, 0x7C, 0x86, 0x07, 0xBB, 0x81, 0xEC, 0xB6, 0x57, 0x54, 0xED, 0x41, 0x15, 0x94, 0xAE, 0x88,
    0x07, 0x6D, 0x6B, 0x42, 0x53, 0x41, 0x9B, 0x79, 0xBE, 0x2A, 0xAE, 0x18, 0x38, 0x06, 0x61, 0xFF,
    0x11, 0x55, 0x8E, 0x58, 0xFC, 0x16, 0xAA, 0xF4, 0xBF, 0x0B, 0xB3, 0x3F, 0x72, 0x50, 0xBF, 0x3D,
    0xC3, 0xBC, 0x71, 0xF1, 0x4D, 0x5A, 0x24, 0xA2, 0x4C, 0x44, 0x2E, 0x64, 0x84, 0x5E, 0xB1, 0xC7,
    0xA3, 0x5E, 0x95, 0x81, 0xE9, 0xEA, 0xFF, 0xD7, 0xAB, 0x35, 0xBC, 0xFA, 0xC0, 0x2F, 0xE3, 0x15,
    0x5E, 0x85, 0xE4, 0x7B, 0x0B, 0x05, 0x5A, 0xA8, 0x84, 0x85, 0xCA, 0x78, 0xD4, 0xEE, 0x26, 0xDC,
    0x3E, 0x04, 0xFE, 0xF7, 0xC2, 0xEB, 0x85, 0xC6, 0x2F, 0xAD, 0x76, 0x09, 0x91, 0xEB, 0x27, 0x7F,
    0x4B, 0x95, 0x76, 0x00, 0x89, 0x52, 0xA4, 0x8B, 0x6B, 0x2D, 0xE4, 0x5E, 0x5C, 0x2A, 0x10, 0x3A,
    0xC3, 0x08, 0x7A, 0x3D, 0x72, 0xF5, 0x91, 0x81, 0xB4, 0x43, 0x90, 0x1F, 0xD3, 0x81, 0xB6, 0xBF,
    0xBC, 0xF9, 0xB2, 0xED, 0xCF, 0xB4, 0xF6, 0xEB, 0x57, 0xE5, 0x17, 0xA7, 0xFB, 0x59, 0xA3, 0x21,
    0x5D, 0xBF, 0x12, 0x85, 0xC9, 0x48, 0x33, 0xA9, 0x30, 0x2A, 0xAF, 0xBF, 0xD9, 0x63, 0xE7, 0xA4,
    0xEB, 0x57, 0xC3, 0x97, 0x3A, 0x77, 0xEC, 0x75, 0x21, 0x15, 0x11, 0xF8, 0x42, 0x1B, 0x76, 0x13,
    0xBA, 0x7F, 0xB8, 0xFF, 0x13, 0x2D, 0xBE, 0x3E, 0xB5, 0xE7, 0x9C, 0x0B, 0x34, 0x2B, 0x44, 0x7E,
    0xA1, 0xB5, 0xDB, 0xBE, 0xED, 0xEF, 0x6A, 0x0F, 0x95, 0x0F, 0x6C, 0x13, 0x74, 0x9C, 0x49, 0x19,
    0x7D, 0x0C, 0x6A, 0x7B, 0x12, 0xD3, 0xE6, 0xAC, 0xEE, 0x42, 0xCD, 0xD7, 0xA9, 0x92, 0x88, 0xC5,
    0x19, 0x2D, 0x7D, 0x0C, 0x26, 0x4B, 0x47, 0xF2, 0xBD, 0x91, 0x3C, 0xA9, 0x48, 0x70, 0x0F, 0x7A,
    0x95, 0x6D, 0xA7, 0x3B, 0x91, 0x0B, 0x44, 0x62, 0x3E, 0x51, 0x35, 0xAC, 0x73, 0x94, 0xF0, 0x33,
    0x69, 0x8C, 0x2A, 0xC8, 0x81, 0xD5, 0x5F, 0xB1, 0xDC, 0xAE, 0xB9, 0xF4, 0x16, 0xAA, 0x76, 0x26,
    0x50, 0xED, 0xF7, 0x49, 0x13, 0xAF, 0xC0, 0xEC, 0x5C, 0x31, 0x8D, 0xE8, 0xBA, 0xFD, 0x00, 0xD1,
    0xD5, 0x3E, 0x7D, 0x19, 0x19, 0x61, 0x49, 0x80, 0x91, 0x8F, 0xCD, 0x82, 0xE2, 0x41, 0x06, 0x8E,
    0x8C, 0x3E, 0x05, 0xDA, 0x10, 0xC1, 0x93, 0x3F, 0xBE, 0x5D, 0xC6, 0x77, 0x6E, 0xEF, 0x05, 0xEF,
    0x62, 0x26, 0x46, 0x60, 0xA9, 0x28, 0xF7, 0xFC, 0xA4, 0x75, 0x66, 0x45, 0x6D, 0x8A, 0xFE, 0x51,
    0x79, 0xEE, 0xC2, 0xC5, 0x32, 0x3A, 0x09, 0x30, 0xEB, 0x27, 0xF6, 0xCF, 0xB2, 0xBB, 0x16, 0x39,
    0xA8, 0xB3, 0x5E, 0xF6, 0x8D, 0xDB, 0xBE, 0x94, 0xD7, 0xF7, 0x84, 0x77, 0x3D, 0xE2, 0xDD, 0x8E,
    0x37, 0xEB, 0x65, 0xF4, 0x12, 0x72, 0xA9, 0x30, 0xBC, 0xD0, 0xF6, 0x36, 0x2D, 0x8D, 0x00, 0x94,
    0x5A, 0x74, 0xBC, 0xEB, 0x65, 0xD7, 0xDB, 0x0A, 0xD7, 0x4F, 0x84, 0xCB, 0xFF, 0x34, 0x11, 0xD6,
    0x1F, 0x75, 0x22, 0x6C, 0x00, 0x5B, 0xC3, 0xCB, 0x1A, 0xAC, 0x37, 0x71, 0xF7, 0xE7, 0xED, 0x46,
    0xFA, 0xF7, 0xF3, 0x25, 0x71, 0xCA, 0x65, 0x51, 0x29, 0x72, 0x99, 0x55, 0x8C, 0x44, 0x1A, 0xC5,
    0xC3, 0x0C, 0x69, 0xB2, 0x00, 0x71, 0xCA, 0x0E, 0xF2, 0xB4, 0x68, 0xF9, 0xFB, 0x11, 0x72, 0xFC,
    0x80, 0x28, 0x33, 0x71, 0x81, 0xCA, 0x8F, 0x04, 0xA2, 0x1D, 0xF9, 0x9C, 0x8D, 0xB7, 0x15, 0x0B,
    0x9C, 0xA5, 0x5D, 0x49, 0x80, 0xA0, 0x6D, 0xA4, 0xE9, 0x85, 0x09, 0x50, 0x3A, 0xFA, 0xB2, 0x3B,
    0x5C, 0x7C, 0x4B, 0xFD, 0x8A, 0xAC, 0xEB, 0xF9, 0xA6, 0x4F, 0xE8, 0x57, 0x7D, 0x0F, 0x0C, 0x9D,
    0x1E, 0xA1, 0x73, 0xC9, 0x97, 0xCB, 0x15, 0xBE, 0x44, 0x41, 0xEE, 0x97, 0x32, 0x66, 0xD2, 0xD8,
    0x44, 0x92, 0x9C, 0xF2, 0x3F, 0x1E, 0x12, 0xEA, 0x05, 0xCB, 0xBD, 0x52, 0x7E, 0x23, 0xF2, 0x39,
    0x11, 0x55, 0xE4, 0x3F, 0x44, 0x7E, 0x00, 0xDB, 0xC8, 0xA3, 0xA3, 0xFC, 0xA7, 0x7A, 0x3D, 0x91,
    0x98, 0xE2, 0x87, 0xD5, 0x41, 0xF0, 0x30, 0x98, 0x13, 0x17, 0xF2, 0x39, 0x0B, 0x9D, 0xAA, 0x94,
    0xB3, 0x80, 0xDE, 0x17, 0xE6, 0x76, 0x41, 0xEF, 0xF6, 0x91, 0x01, 0x6A, 0xFB, 0x35, 0x94, 0x8A,
    0xF2, 0xE4, 0x26, 0xDB, 0xC4, 0x8F, 0x11, 0x3A, 0xF1, 0x23, 0x0A, 0xAB, 0x96, 0xD3, 0xCD, 0x35,
    0xFE, 0x64, 0x02, 0xEA, 0x75, 0x19, 0xDA, 0x00, 0xD5, 0xB1, 0x76, 0xDE, 0x0E, 0xE6, 0xE0, 0x52,
    0x86, 0x5A, 0x14, 0x7F, 0x2A, 0xD2, 0x50, 0xF8, 0x4E, 0x25, 0x57, 0x79, 0x28, 0x76, 0x07, 0x99,
    0x61, 0x9F, 0x40, 0xEC, 0x6D, 0xFF, 0xE5, 0xFA, 0xD1, 0xC5, 0x49, 0x58, 0xDF, 0x11, 0x58, 0x9A,
    0x53, 0x14, 0xE7, 0xE7, 0xE8, 0x97, 0x77, 0xF8, 0xAC, 0x73, 0x52, 0x31, 0x6C, 0xCF, 0x1E, 0x33,
    0x8E, 0x4D, 0xC8, 0xC9, 0xFA, 0xF0, 0x4E, 0x10, 0x6E, 0x23, 0x22, 0x48, 0x7A, 0xD8, 0x07, 0xDD,
    0x55, 0xEB, 0x54, 0xBF, 0xE0, 0x63, 0x19, 0x81, 0xDE, 0x70, 0x82, 0xB9, 0xEA, 0x09, 0x4A, 0xB1,
    0x65, 0x07, 0x5C, 0x38, 0xFF, 0xD3, 0x2C, 0x70, 0x1C, 0x1D, 0x5E, 0xC6, 0x44, 0x3A, 0x6E, 0x10,
    0x55, 0xBC, 0x33, 0xE3, 0xC8, 0xBA, 0x6B, 0x5E, 0xC4, 0xC1, 0x31, 0x2F, 0x72, 0x44, 0x54, 0x2C,
    0x85, 0xC0, 0xC4, 0x27, 0x6D, 0x54, 0x0C, 0x05, 0xB4, 0xEA, 0xA0, 0x18, 0xFD, 0x54, 0x50, 0xD5,
    0x72, 0x06, 0xD2, 0x25, 0xC4, 0xD9, 0x9C, 0x61, 0x9E, 0x40, 0x7F, 0x9E, 0x89, 0xA3, 0x46, 0x98,
    0x59, 0xA4, 0x69, 0xF7, 0x8A, 0xA9, 0x60, 0xC5, 0x5F, 0x40, 0x78, 0x91, 0x40, 0x84, 0x3C, 0x9F,
    0x3D, 0xB5, 0x61, 0x77, 0xFD, 0x3F, 0xF8, 0x4A, 0x5E, 0xF1, 0x32, 0x01, 0x61, 0x23, 0x2E, 0x00,
    0x55, 0xF8, 0x44, 0xE4, 0x1F, 0x3E, 0xBC, 0x54, 0x68, 0x2F, 0x2F, 0x15, 0xB2, 0xFF, 0xED, 0x52,
    0x61, 0x4C, 0x64, 0xE4, 0x52, 0x01, 0x17, 0x73, 0x1F, 0xB8, 0x54, 0x08, 0x70, 0x5C, 0x3D, 0xE0,
    0xF6, 0xA3, 0xED, 0xE1, 0x38, 0xCE, 0x72, 0x86, 0x89, 0x21, 0x52, 0xC8, 0xFE, 0x3F, 0x78, 0xDB,
    0x13, 0xA9, 0x85, 0x38, 0x9B, 0xD0, 0xA5, 0x0C, 0x6D, 0x2C, 0xE5, 0x67, 0xC8, 0xE3, 0xFF, 0xAA,
    0xA3, 0x5A, 0x7E, 0x92, 0x4A, 0x22, 0xBF, 0x3E, 0xCC, 0x6A, 0x99, 0xC3, 0x84, 0x4E, 0xD1, 0xC7,
    0xE5, 0xE7, 0x6F, 0x57, 0xAC, 0xCA, 0xAF, 0xBF, 0xBB, 0x81, 0x3B, 0x69, 0x52, 0xAC, 0x30, 0x9F,
    0xC0, 0x05, 0x8D, 0x0F, 0x07, 0x75, 0x5E, 0x48, 0xB1, 0xC0, 0x43, 0x2C, 0x55, 0xEC, 0xE3, 0x40,
    0xA1, 0x04, 0xC5, 0x7A, 0xDD, 0x01, 0x86, 0x1E, 0xE8, 0xAF, 0x90, 0x26, 0x6B, 0xD4, 0x8C, 0xBE,
    0x53, 0x1D, 0x6B, 0x85, 0xA6, 0xEE, 0x31, 0xFD, 0x8E, 0xC7, 0x05, 0xB3, 0x23, 0xF2, 0x8B, 0x34,
    0xD0, 0x67, 0xFD, 0xDB, 0xD1, 0x21, 0xD8, 0xC4, 0x5A, 0x0C, 0x4C, 0xE6, 0xA5, 0x48, 0x68, 0x45,
    0x86, 0x57, 0xE5, 0xC7, 0xDA, 0x55, 0x03, 0x3F, 0xD0, 0xB9, 0x38, 0x73, 0xD9, 0x9E, 0x7B, 0x52,
    0x05, 0x1F, 0xB7, 0xCD, 0x04, 0xEA, 0xC0, 0x73, 0x7A, 0x4E, 0x45, 0x7A, 0xA0, 0xED, 0x44, 0x97,
    0x41, 0x3E, 0x0C, 0x12, 0x1E, 0x2D, 0x83, 0xA9, 0xA5, 0x8F, 0x6D, 0x16, 0xDA, 0xCF, 0x78, 0xD9,
    0xF5, 0x63, 0x72, 0xCB, 0x68, 0x5B, 0x32, 0x6C, 0x27, 0xA0, 0x39, 0x9B, 0x98, 0x21, 0x47, 0xC4,
    0xCF, 0xD4, 0x3A, 0x65, 0xC9, 0xC4, 0x59, 0x6B, 0xB0, 0x89, 0xAB, 0xE0, 0xDC, 0xC5, 0xC1, 0x02,
    0xDF, 0x7B, 0x64, 0x0A, 0x57, 0xAF, 0x5D, 0x77, 0x16, 0x70, 0xAE, 0xEE, 0x12, 0x45, 0xDF, 0x38,
    0x95, 0xB7, 0xAC, 0x80, 0x9E, 0x73, 0x8D, 0xA7, 0x45, 0xCE, 0xE9, 0x9B, 0xE8, 0xB0, 0x14, 0xC5,
    0x20, 0x0F, 0x69, 0x80, 0xCA, 0x59, 0x07, 0x2C, 0xF8, 0x9F, 0x2E, 0xEF, 0x80, 0xB6, 0xFE, 0x18,
    0x39, 0xA9, 0xF4, 0xC4, 0x66, 0x1B, 0x13, 0xCF, 0xED, 0x32, 0x57, 0xE5, 0x55, 0x28, 0x69, 0xF2,
    0xB1, 0x46, 0x8A, 0xED, 0x8A, 0x98, 0x49, 0x85, 0x34, 0x1A, 0x53, 0x72, 0x0A, 0xC6, 0x26, 0x8B,
    0x72, 0x93, 0x2B, 0x4F, 0xCA, 0x7F, 0xD2, 0x76, 0x69, 0x38, 0x48, 0xF3, 0x52, 0xDB, 0x93, 0xBF,
    0xD2, 0xF6, 0xC7, 0x5E, 0x79, 0x6C, 0xFB, 0x5C, 0x75, 0x78, 0x33, 0xB4, 0x7D, 0x51, 0x1D, 0xE4,
    0x6B, 0x1A, 0xE3, 0x27, 0xEA, 0xE1, 0xBF, 0xEE, 0xDA, 0xFE, 0xBE, 0xF2, 0xD7, 0xAB, 0xF6, 0xA7,
    0xA3, 0xF2, 0x3D, 0xD7, 0xFE, 0x7C, 0x50, 0x8E, 0xAE, 0x7E, 0xD4, 0x29, 0x4F, 0xDC, 0x25, 0x4A,
    0x30, 0xD4, 0x67, 0x70, 0x4F, 0xDF, 0x25, 0x08, 0xBB, 0xC1, 0xA4, 0xBC, 0x49, 0xE4, 0x81, 0x4D,
    0xA1, 0xC5, 0xC9, 0x3A, 0x14, 0xAB, 0xB2, 0xC1, 0xF8, 0xB8, 0xC3, 0xF9, 0x17, 0x2A, 0xCB, 0x3F,
    0x07, 0xE0, 0xD3, 0x6E, 0xDB, 0xC4, 0xF0, 0xBB, 0x79, 0xB4, 0x58, 0x13, 0x00, 0xD0, 0x36, 0x91,
    0x7F, 0xCB, 0x84, 0xF9, 0x3D, 0x98, 0xC8, 0x57, 0x18, 0x35, 0x0F, 0xD6, 0x3F, 0x60, 0xD4, 0x36,
    0x9C, 0xA5, 0x6B, 0x3B, 0x6E, 0xF0, 0xF1, 0x38, 0xA5, 0xD4, 0x47, 0x64, 0x1E, 0xA6, 0x00, 0x34,
    0xBE, 0xC6, 0xE1, 0x61, 0x71, 0x2C, 0x2E, 0x16, 0x9D, 0xB3, 0x2D, 0x30, 0x6C, 0x27, 0x35, 0x99,
    0x40, 0x1D, 0x82, 0x1B, 0x29, 0x65, 0xA0, 0x92, 0xD9, 0xBA, 0x19, 0xD7, 0x70, 0xB8, 0x95, 0x8A,
    0xDA, 0xE1, 0x39, 0xC8, 0x87, 0x48, 0x7A, 0x3F, 0x50, 0x72, 0xC8, 0xC6, 0x91, 0xB4, 0x5F, 0x70,
    0x47, 0x52, 0x36, 0x92, 0xF2, 0x81, 0xE4, 0x3B, 0x52, 0x4B, 0x4C, 0x23, 0xA9, 0x44, 0x1B, 0x7F,
    0xFA, 0x05, 0x2A, 0xE0, 0xC5, 0x4C, 0xC1, 0x94, 0x6D, 0x07, 0xB7, 0x74, 0x0E, 0x7A, 0x2E, 0xE9,
    0x72, 0xBB, 0xC5, 0xB6, 0x92, 0x8C, 0xEA, 0x4A, 0x48, 0x97, 0xA1, 0xC3, 0x42, 0x9E, 0xE5, 0x06,
    0x81, 0xF0, 0x10, 0xE5, 0xBF, 0x5F, 0xFF, 0x32, 0xAE, 0x4F, 0x7A, 0x3D, 0x19, 0x0B, 0xC1, 0xC3,
    0xBC, 0xE5, 0xE2, 0x1E, 0x86, 0xAD, 0x0C, 0x7A, 0x52, 0xFA, 0x2F, 0xBC, 0x85, 0xDF, 0x21, 0x5E,
    0x97, 0x53, 0x6E, 0x66, 0x5D, 0xBF, 0x61, 0x72, 0x39, 0x57, 0x01, 0xE8, 0x36, 0xF4, 0x76, 0x03,
    0x52, 0x78, 0xFE, 0xFD, 0x60, 0xE1, 0xC2, 0xBA, 0x37, 0x09, 0x2E, 0x43, 0x82, 0xD6, 0x29, 0x6D,
    0x7A, 0xB9, 0xF5, 0x6A, 0x03, 0x2E, 0xD5, 0x7E, 0xCC, 0x48, 0x50, 0xF8, 0xE4, 0xB7, 0x74, 0xEB,
    0x25, 0x7E, 0x94, 0xC3, 0xB9, 0x0B, 0x8C, 0x60, 0xE6, 0xE3, 0xD7, 0xA5, 0xDA, 0x9A, 0xBF, 0x56,
    0x8D, 0x6B, 0xF6, 0x7D, 0xA8, 0x55, 0x0E, 0x67, 0x20, 0xA8, 0x6C, 0x23, 0xAC, 0xC0, 0xC7, 0x7A,
    0xBA, 0xAC, 0xC6, 0x35, 0xDB, 0x2C, 0xFB, 0x84, 0x6E, 0xCF, 0xBA, 0x5B, 0x24, 0x40, 0xFC, 0xEA,
    0xD3, 0xDF, 0x82, 0x77, 0x35, 0x2C, 0x43, 0x26, 0xFD, 0x21, 0x14, 0x32, 0xA6, 0xA1, 0x7C, 0x79,
    0x39, 0x0E, 0xDE, 0xB5, 0x8F, 0xFA, 0x13, 0x84, 0xF4, 0x39, 0x06, 0x12, 0x8F, 0xFF, 0x02, 0xE5,
    0x5B, 0x01, 0xA4, 0x26, 0xD9, 0x95, 0xFE, 0xAA, 0x2A, 0xDD, 0xC5, 0x2B, 0xDC, 0x59, 0xBA, 0x31,
    0x13, 0x14, 0x6C, 0xC8, 0x46, 0x92, 0x02, 0x80, 0xE9, 0x77, 0x6B, 0xB3, 0x58, 0x2C, 0xE6, 0x21,
    0x2F, 0x61, 0x07, 0x59, 0x0C, 0x92, 0x81, 0x06, 0x58, 0xF4, 0xEB, 0x2A, 0x1B, 0x2C, 0x16, 0x79,
    0xD8, 0x80, 0x85, 0x87, 0x59, 0x26, 0x2F, 0x08, 0x2C, 0x82, 0xE9, 0xAE, 0x9B, 0x6D, 0x04, 0x81,
    0xCA, 0x66, 0xB3, 0x8B, 0xC5, 0x54, 0xEC, 0x6C, 0x42, 0x16, 0x73, 0xAD, 0x9B, 0x4D, 0xF5, 0xCC,
    0xAD, 0x7B, 0xB6, 0xCE, 0x39, 0xF5, 0x7B, 0xD5, 0xDE, 0xF6, 0x98, 0x5D, 0x22, 0x4F, 0xF7, 0x7D,
    0xF5, 0x9F, 0xEF, 0xFE, 0xEF, 0xFD, 0x55, 0xF7, 0x3B, 0xDF, 0xBD, 0x75, 0xEE, 0xB9, 0xF7, 0xAF,
    0x07, 0x9C, 0xA0, 0x5C, 0x60, 0x08, 0xB5, 0x1C, 0x66, 0x41, 0x7E, 0x01, 0x2D, 0x79, 0x8F, 0xD2,
    0xC1, 0xC8, 0x51, 0xF7, 0xB0, 0xEB, 0xD1, 0x62, 0x68, 0x41, 0xC8, 0x08, 0x39, 0xA1, 0x20, 0x94,
    0x09, 0x55, 0xE2, 0x93, 0xEA, 0x05, 0x36, 0xF2, 0xF1, 0xF6, 0xBB, 0x00, 0xF0, 0x97, 0x6C, 0x66,
    0x36, 0x01, 0xC0, 0x67, 0xA9, 0x47, 0x4E, 0x14, 0x60, 0x3E, 0xA6, 0x88, 0xEE, 0xDF, 0xDF, 0x4F,
    0xA0, 0x27, 0x3F, 0x5E, 0x0A, 0x2A, 0x9F, 0xC4, 0x2A, 0x95, 0x4F, 0x26, 0xB3, 0x54, 0x3D, 0x9A,
    0x68, 0x5A, 0xD8, 0xD9, 0x60, 0x35, 0x35, 0xD0, 0x85, 0x86, 0xCD, 0x31, 0x9B, 0x7B, 0x6C, 0x5E,
    0xE7, 0x3F, 0x3C, 0x40, 0x6F, 0xE3, 0x0F, 0x0B, 0x57, 0xD3, 0xDC, 0xB8, 0x92, 0x88, 0xB9, 0x50,
    0xE4, 0x26, 0xCE, 0x81, 0x7C, 0x02, 0x50, 0x8C, 0x6C, 0x1C, 0x70, 0x28, 0xD9, 0x90, 0x5A, 0xC0,
    0x10, 0x4D, 0x40, 0xF7, 0xC1, 0x10, 0x00, 0xEA, 0x9B, 0x99, 0xD9, 0x1B, 0xB5, 0x81, 0xDD, 0x30,
    0x23, 0xAA, 0x05, 0xC0, 0x66, 0xCB, 0x74, 0x65, 0xBF, 0x4E, 0xA7, 0x27, 0x28, 0x88, 0x28, 0x88,
    0xF5, 0x58, 0x41, 0xF4, 0xB9, 0x66, 0x0B, 0x3D, 0x37, 0xB2, 0x35, 0x9E, 0x6D, 0xD3, 0xB2, 0x7D,
    0x4C, 0xE7, 0x79, 0x9F, 0x13, 0xD1, 0x30, 0xD6, 0xAB, 0xA5, 0xDE, 0x7E, 0x44, 0xB4, 0xE0, 0xF3,
    0xB8, 0xCD, 0xA4, 0x80, 0x5B, 0xD0, 0xB2, 0xBA, 0xF8, 0x45, 0x0C, 0xDD, 0x32, 0xC0, 0xB2, 0x57,
    0xE6, 0xE9, 0x7D, 0x0F, 0xE3, 0x0A, 0xCF, 0x97, 0x99, 0xD1, 0x00, 0x11, 0xC7, 0xC0, 0x7B, 0xB0,
    0x5C, 0x6B, 0x58, 0x61, 0xE3, 0xF2, 0x00, 0x13, 0x6A, 0xAF, 0x67, 0x0C, 0x43, 0x4A, 0x78, 0xFD,
    0xD6, 0xC9, 0xEB, 0x90, 0x52, 0x12, 0xFD, 0x15, 0xC5, 0x8A, 0xE8, 0xDB, 0x14, 0x33, 0x0A, 0x18,
    0x26, 0x0C, 0x9E, 0x7B, 0xD1, 0x7A, 0x3C, 0x04, 0xDB, 0xB8, 0xDA, 0x90, 0x05, 0xA0, 0x99, 0x8B,
    0x09, 0xA8, 0xE7, 0xCA, 0x01, 0x26, 0x9A, 0x96, 0xED, 0xB1, 0xC8, 0xF1, 0x00, 0x40, 0xB9, 0x04,
    0xB0, 0xDB, 0x5E, 0x84, 0x5C, 0x41, 0xED, 0xAD, 0x37, 0xE9, 0xBB, 0x27, 0xDC, 0x0C, 0x80, 0xBB,
    0xDF, 0xA0, 0xD3, 0x96, 0x59, 0x90, 0x13, 0xDB, 0x03, 0x46, 0xE4, 0xA8, 0x45, 0x0E, 0x2B, 0x76,
    0x58, 0xB8, 0x4A, 0x14, 0xC4, 0x7A, 0xE0, 0xAD, 0xF8, 0x4C, 0x79, 0x0B, 0x5A, 0xE2, 0xB3, 0x05,
    0xC8, 0x4E, 0x45, 0x4D, 0x3E, 0x31, 0xA3, 0x1F, 0x24, 0xA0, 0x98, 0x73, 0x12, 0x91, 0xA9, 0x85,
    0x99, 0x30, 0x00, 0xF5, 0xC4, 0x3E, 0xD5, 0x1E, 0xAF, 0xAC, 0x36, 0x00, 0x87, 0xF6, 0x2B, 0x72,
    0x72, 0xEA, 0x0C, 0xE0, 0x11, 0x51, 0x8B, 0x6C, 0xAE, 0x69, 0x42, 0x11, 0x72, 0x0A, 0xAB, 0x45,
    0x13, 0x51, 0x44, 0x94, 0xAB, 0xA5, 0x76, 0xAD, 0x64, 0x14, 0xF2, 0x08, 0x0C, 0x29, 0x67, 0x55,
    0xE8, 0x57, 0x9E, 0xFD, 0x93, 0x4B, 0x74, 0x24, 0x97, 0x13, 0x9B, 0x51, 0x2B, 0xFE, 0xB4, 0xA8,
    0x5B, 0x74, 0x2D, 0x6C, 0x8F, 0x0E, 0xB0, 0x4E, 0xEC, 0x88, 0x05, 0x68, 0x42, 0x31, 0x1F, 0x86,
    0x5D, 0x46, 0xA9, 0xC5, 0x0A, 0x6C, 0x8E, 0x70, 0xBB, 0xB5, 0xAE, 0x19, 0xBB, 0xD1, 0x4E, 0x83,
    0xB3, 0x53, 0xE7, 0xEC, 0xF8, 0x1A, 0x8E, 0x5A, 0x1C, 0xCA, 0x7D, 0x76, 0x12, 0xA5, 0x4A, 0xD8,
    0xFC, 0x06, 0xF7, 0x03, 0x40, 0x40, 0x96, 0x98, 0x2C, 0xD0, 0xF4, 0xD5, 0x78, 0x9B, 0xA6, 0x6A,
    0x34, 0x7D, 0x43, 0x4B, 0xE1, 0x1B, 0x24, 0x0C, 0x59, 0x38, 0xCE, 0x79, 0x6C, 0xC4, 0x07, 0x45,
    0xC0, 0xE7, 0xF1, 0xE0, 0xBD, 0xD2, 0x03, 0xB8, 0x37, 0x57, 0x13, 0x80, 0xE3, 0xD9, 0xFC, 0x6F,
    0x50, 0x09, 0xBC, 0x57, 0xC9, 0x27, 0xF9, 0x3C, 0xE0, 0xC1, 0xBD, 0x22, 0x22, 0x47, 0xB4, 0x48,
    0xA8, 0x31, 0xD7, 0x6D, 0xF7, 0xEB, 0xB5, 0x05, 0xE3, 0x2A, 0xF2, 0xD5, 0x58, 0x04, 0xDC, 0x45,
    0xD3, 0x23, 0x41, 0xF8, 0xD8, 0x0F, 0xF0, 0xD9, 0x99, 0xE5, 0x20, 0x1A, 0x45, 0x9C, 0xA7, 0xE0,
    0x22, 0xFD, 0x74, 0x3B, 0x7D, 0x13, 0xDD, 0x87, 0x73, 0xBE, 0x94, 0xA1, 0x9C, 0x2B, 0x6F, 0xD6,
    0x9F, 0x66, 0x32, 0xDE, 0x8E, 0xF5, 0x64, 0xC7, 0xF5, 0xC7, 0xB1, 0xD3, 0x1F, 0x3A, 0xFB, 0xF1,
    0x37, 0x7E, 0x59, 0x2F, 0xF5, 0x92, 0x5F, 0xDC, 0xBE, 0x40, 0x76, 0x91, 0x9F, 0xA3, 0x9A, 0x8C,
    0x43, 0xE3, 0x38, 0xCE, 0xB0, 0xBF, 0x4B, 0x19, 0x61, 0xE6, 0x26, 0xC0, 0x7A, 0x1E, 0xBA, 0x23,
    0x39, 0x0C, 0x8E, 0x7A, 0xD8, 0x71, 0x70, 0x68, 0xD6, 0xEB, 0xC1, 0xF8, 0x7A, 0x42, 0x19, 0x2A,
    0x8F, 0x7C, 0x2E, 0x3C, 0x10, 0xB3, 0x00, 0xDC, 0xC1, 0x09, 0xDE, 0xBE, 0xBC, 0xBC, 0x6C, 0x07,
    0x16, 0x51, 0x0C, 0x00, 0xF3, 0x89, 0x46, 0x3A, 0xC0, 0x52, 0xB4, 0x34, 0x77, 0x14, 0x3A, 0xF2,
    0xFF, 0x87, 0xFE, 0xF8, 0xA7, 0xB5, 0xA9, 0x6A, 0x34, 0xDF, 0x26, 0x9A, 0xB9, 0x3F, 0x6C, 0xB6,
    0xAC, 0xFD, 0x01, 0x8B, 0x6E, 0xED, 0x8F, 0x15, 0xEC, 0xDA, 0x1F, 0x02, 0xF7, 0x66, 0x81, 0x63,
    0x86, 0x45, 0x80, 0x82, 0x82, 0x13, 0x30, 0xE3, 0xDA, 0x1F, 0xB0, 0x85, 0x5F, 0xFB, 0x03, 0x36,
    0x9F, 0xD7, 0xFE, 0x90, 0x4F, 0x46, 0x2B, 0x17, 0x9B, 0xEB, 0xAF, 0xD0, 0x64, 0x7F, 0xE6, 0xCD,
    0x3F, 0x5E, 0x5E, 0x1C, 0x7D, 0x9F, 0xFB, 0x03, 0x9F, 0xAE, 0x3F, 0xBE, 0xB0, 0x6A, 0xF1, 0xAE,
    0x25, 0xA2, 0x99, 0x6B, 0x17, 0x1A, 0xAF, 0x46, 0x18, 0x8A, 0x68, 0x7E, 0x9E, 0x84, 0xD3, 0x43,
    0x34, 0xED, 0xD9, 0xFA, 0x62, 0xE4, 0xF7, 0xCD, 0x2F, 0x13, 0x0C, 0xCD, 0xC8, 0x68, 0x84, 0x94,
    0xEC, 0x04, 0x40, 0xE1, 0x3F, 0xC1, 0xBC, 0xFD, 0xFD, 0x8F, 0x76, 0x8A, 0xB7, 0x9F, 0xFC, 0xE1,
    0xC3, 0x2C, 0xA3, 0xE5, 0x5A, 0x6F, 0x55, 0x09, 0x18, 0x68, 0xCC, 0x16, 0xE3, 0xF3, 0xD9, 0x84,
    0x2C, 0x18, 0x8F, 0x57, 0xD6, 0x17, 0x1A, 0x07, 0x58, 0x00, 0x11, 0x28, 0x27, 0x0D, 0xAF, 0x11,
    0x7D, 0x39, 0xE5, 0xAE, 0xF9, 0xEE, 0x9B, 0xAE, 0xD3, 0x0B, 0xB4, 0xEB, 0xE5, 0x80, 0x2A, 0xB5,
    0x18, 0x68, 0xCA, 0x96, 0x2A, 0xE4, 0xB1, 0x0A, 0xF8, 0x61, 0x15, 0x34, 0x2A, 0x5B, 0x87, 0xD7,
    0x96, 0x15, 0x9E, 0x02, 0xD9, 0xE0, 0x80, 0x66, 0xFC, 0x0C, 0xEA, 0xE9, 0x1E, 0xEA, 0xB1, 0x83,
    0x75, 0xDD, 0x4F, 0xA9, 0x6D, 0x68, 0x41, 0x7E, 0x79, 0xBE, 0xF2, 0x7A, 0x07, 0x34, 0x15, 0xD4,
    0x56, 0x0B, 0x9A, 0x09, 0x5D, 0x8B, 0x3B, 0x57, 0x9C, 0x4B, 0x6A, 0xD7, 0x03, 0x15, 0xF1, 0xC1,
    0x2F, 0x43, 0xE0, 0x97, 0x49, 0xE0, 0x17, 0x43, 0xBD, 0xF0, 0x81, 0x26, 0xF2, 0x21, 0x13, 0x24,
    0xC3, 0xCC, 0x07, 0x6C, 0x40, 0x17, 0xC0, 0xAF, 0xCE, 0x03, 0x83, 0xE7, 0x03, 0xE4, 0x41, 0x0C,
    0x53, 0x46, 0x13, 0x32, 0x6E, 0x7A, 0x44, 0x4E, 0x53, 0xB9, 0x42, 0x41, 0x5E, 0xC2, 0x16, 0x51,
    0xA4, 0x8F, 0xA7, 0xF2, 0x7D, 0xF2, 0x03, 0xB9, 0xEA, 0x09, 0x39, 0x9B, 0x60, 0xDC, 0x1D, 0x64,
    0xED, 0x0A, 0xE0, 0x52, 0x2B, 0x34, 0x0A, 0x76, 0x54, 0x78, 0xAA, 0x90, 0x14, 0xA2, 0x40, 0x3D,
    0x09, 0xE0, 0xCF, 0x59, 0xFE, 0x92, 0xD6, 0xE2, 0xEA, 0xD5, 0xA4, 0xD6, 0x52, 0x2A, 0x27, 0x74,
    0xAB, 0x1D, 0x37, 0x3B, 0x5C, 0xB3, 0x9D, 0x58, 0xBB, 0xB3, 0x46, 0x6C, 0x29, 0x16, 0x6F, 0x3F,
    0x66, 0x8B, 0xE3, 0xDF, 0x81, 0x7D, 0x28, 0x36, 0x71, 0x8C, 0x6B, 0x52, 0x49, 0x0E, 0x56, 0xAC,
    0x94, 0x0C, 0x76, 0x1A, 0x02, 0xAD, 0x3F, 0x9D, 0x7F, 0xAD, 0xE5, 0x99, 0xF5, 0x4B, 0xC0, 0x71,
    0x8B, 0x61, 0x42, 0x1D, 0x50, 0x06, 0x54, 0xE1, 0xD5, 0xFB, 0xDE, 0x92, 0x6B, 0xB8, 0xFB, 0xDF,
    0x45, 0x35, 0x63, 0x08, 0xD5, 0x7F, 0xFA, 0xEA, 0x6F, 0x3C, 0xCC, 0x7A, 0x4C, 0xA8, 0x47, 0x96,
    0xCE, 0xAE, 0x47, 0xCF, 0x47, 0xD7, 0x62, 0xE0, 0x70, 0x3F, 0x50, 0x3C, 0x3D, 0xFD, 0xEA, 0x61,
    0x54, 0x15, 0xC9, 0x84, 0x2A, 0x94, 0x73, 0xED, 0xCB, 0x68, 0xC7, 0xF5, 0xE5, 0xAA, 0xB9, 0x73,
    0x26, 0x74, 0xAE, 0xF6, 0xD6, 0x59, 0xD7, 0xFC, 0x82, 0xDA, 0x8A, 0x22, 0x70, 0xD9, 0x03, 0xEF,
    0xE2, 0x02, 0x78, 0x84, 0x08, 0x74, 0x48, 0x80, 0xED, 0x07, 0x80, 0xA3, 0x20, 0x6A, 0x09, 0x61,
    0x73, 0xE3, 0x61, 0x62, 0x1D, 0xB4, 0x66, 0x7D, 0x37, 0x71, 0x94, 0x6B, 0xB3, 0x54, 0x2C, 0x28,
    0xE6, 0x2A, 0xC0, 0x4C, 0xB5, 0x93, 0xFB, 0x12, 0x77, 0x75, 0x00, 0x7E, 0x0F, 0xC8, 0x66, 0x4D,
    0x34, 0x0A, 0x0F, 0x74, 0x2B, 0x56, 0x23, 0x8A, 0xDF, 0x46, 0xE9, 0xFC, 0xE2, 0x67, 0x33, 0x60,
    0x01, 0xF6, 0x16, 0x0B, 0x00, 0x89, 0x8E, 0x82, 0xF2, 0x71, 0xF1, 0xD3, 0x31, 0x4E, 0x1C, 0x3F,
    0xC0, 0x1E, 0x77, 0xDB, 0x88, 0x89, 0xF8, 0x42, 0x0F, 0xEB, 0x8A, 0x80, 0x61, 0x45, 0xBE, 0xB1,
    0xA8, 0xC5, 0xE0, 0x8C, 0x2B, 0x89, 0x3B, 0xD9, 0xB6, 0xF5, 0x80, 0xBB, 0xA7, 0x5F, 0x7D, 0x8C,
    0x07, 0xC4, 0x62, 0xC7, 0xCC, 0x27, 0x30, 0x89, 0xF2, 0x47, 0xD2, 0xD0, 0x68, 0xF2, 0x08, 0xA0,
    0xEE, 0x5F, 0x2F, 0x18, 0x2D, 0x48, 0xE6, 0xBF, 0x25, 0x5B, 0x71, 0x14, 0x12, 0x55, 0x00, 0x4A,
    0x2F, 0x5C, 0x84, 0x44, 0x1D, 0xE4, 0x2E, 0xCE, 0x89, 0xB4, 0xFB, 0x4E, 0x4F, 0xC5, 0x3F, 0x21,
    0x5A, 0xAA, 0x5F, 0xE2, 0x5F, 0xDD, 0xAB, 0x7F, 0x16, 0xEA, 0xDF, 0xA2, 0xFE, 0x1D, 0xFC, 0x2A,
    0xBD, 0xA2, 0xFA, 0x25, 0x09, 0x93, 0xF8, 0xD7, 0x41, 0xFD, 0x8B, 0xEA, 0x5F, 0x11, 0x3E, 0xFB,
    0x14, 0xB0, 0xAE, 0xFA, 0x05, 0x11, 0xFB, 0x67, 0x9E, 0xCC, 0x76, 0xC4, 0xE0, 0x6C, 0xE9, 0xEB,
    0xC9, 0x52, 0x7A, 0x5C, 0x4C, 0xCD, 0x78, 0xF7, 0xF4, 0x6B, 0x11, 0xAD, 0x75, 0x4A, 0xC2, 0xB6,
    0x80, 0x19, 0xA5, 0x41, 0x21, 0x11, 0xC4, 0x2F, 0x6D, 0x68, 0x01, 0x1E, 0x02, 0x4C, 0x22, 0x0F,
    0x79, 0xCB, 0x24, 0xEA, 0xBE, 0x94, 0xFB, 0x70, 0x38, 0xBD, 0x2F, 0x7E, 0x11, 0x11, 0x7F, 0x26,
    0x23, 0xD2, 0x1B, 0xEF, 0xF2, 0x72, 0xF5, 0xED, 0xB6, 0xCC, 0x24, 0x80, 0x25, 0x0F, 0x3C, 0x06,
    0xA8, 0x8C, 0xC8, 0x22, 0xB0, 0x14, 0x51, 0x9A, 0x7C, 0xB0, 0x22, 0xFB, 0xCD, 0x62, 0xD5, 0xD2,
    0x41, 0x93, 0xF4, 0xE7, 0x51, 0xDA, 0x68, 0x24, 0xF5, 0x1B, 0xDD, 0x28, 0x7E, 0xA3, 0xF6, 0x4C,
    0x27, 0x83, 0xF1, 0x4D, 0x7B, 0x74, 0xD1, 0xAC, 0xD8, 0xA1, 0x99, 0x6C, 0x5B, 0x4F, 0x11, 0xC3,
    0x68, 0x7F, 0x3A, 0x3C, 0x09, 0x19, 0x39, 0x43, 0xA9, 0x9A, 0xCA, 0x0F, 0x5D, 0x76, 0x79, 0x6E,
    0x5C, 0xCD, 0xFE, 0xF1, 0xD4, 0x64, 0xB9, 0x81, 0xC7, 0x99, 0xEF, 0x5A, 0xEE, 0xCF, 0xC2, 0x0D,
    0xD2, 0x9F, 0x06, 0x04, 0xF6, 0xDB, 0x12, 0xCD, 0xEC, 0x77, 0xA7, 0x39, 0x1B, 0x90, 0x2F, 0xEA,
    0x77, 0x1E, 0x21, 0x24, 0xCA, 0x45, 0xFB, 0x73, 0x20, 0xA7, 0xF3, 0xCD, 0x29, 0x2B, 0x7F, 0x02,
    0xFD, 0x0B, 0x0C, 0x31, 0x3D, 0x31, 0x49, 0x32, 0xB2, 0x6B, 0xA1, 0x5F, 0xB3, 0xA2, 0x4A, 0xFA,
    0x8D, 0x4D, 0xCD, 0x9E, 0xD0, 0x6A, 0x6A, 0x6A, 0x01, 0x6E, 0xB5, 0xA4, 0x5E, 0x4F, 0xD7, 0xB0,
    0xD5, 0x05, 0x48, 0xA0, 0x7C, 0x87, 0x0D, 0x89, 0xE9, 0xC9, 0xE7, 0xE4, 0xBA, 0xB9, 0xA0, 0xDE,
    0x2E, 0x35, 0xC1, 0x30, 0xEB, 0x6C, 0xA0, 0x1E, 0x87, 0x72, 0x74, 0xA9, 0x58, 0x92, 0x62, 0x76,
    0xF8, 0x5B, 0xE7, 0xB0, 0x0F, 0x85, 0xA2, 0x3F, 0xA0, 0x2E, 0xEC, 0x4B, 0x13, 0x14, 0xBB, 0x59,
    0x91, 0xA2, 0x40, 0xBE, 0x61, 0xB1, 0x61, 0xF5, 0xFE, 0x22, 0x68, 0xBE, 0xA3, 0x68, 0x4D, 0x12,
    0x3C, 0xDB, 0x30, 0x1A, 0x92, 0xD3, 0x42, 0x45, 0xDA, 0x9A, 0x62, 0xE5, 0x4A, 0x6A, 0x65, 0x80,
    0x29, 0x5A, 0x14, 0x42, 0xF0, 0xE1, 0x86, 0x12, 0x9A, 0x81, 0x5C, 0x50, 0x48, 0x16, 0x8C, 0x66,
    0x94, 0x89, 0x1C, 0xB5, 0x53, 0xB4, 0xEC, 0xD8, 0x04, 0x0C, 0x1B, 0x2E, 0xAA, 0x54, 0x41, 0x7C,
    0xEA, 0x8C, 0x81, 0x3C, 0x74, 0x8E, 0x15, 0x6C, 0x9F, 0x51, 0xA6, 0x89, 0x8A, 0x9D, 0x57, 0xDC,
    0x04, 0x2A, 0xD4, 0x0F, 0x98, 0x49, 0xF1, 0x16, 0x5E, 0x0E, 0x5D, 0x6E, 0x6F, 0xB2, 0xD4, 0xFA,
    0x16, 0x1D, 0x39, 0x1D, 0x37, 0xCD, 0xC8, 0xC8, 0x69, 0xAD, 0x86, 0x96, 0x3C, 0x6C, 0xB2, 0x9C,
    0xBC, 0x14, 0xBA, 0xFC, 0x91, 0x8E, 0x80, 0x8C, 0xC6, 0x9A, 0xB1, 0xA4, 0xA7, 0x67, 0xC2, 0x9F,
    0xD4, 0xA1, 0xBA, 0x20, 0x71, 0xFC, 0x4B, 0xE8, 0x0E, 0x89, 0xE3, 0x4B, 0x31, 0x5E, 0xB2, 0xF3,
    0xEC, 0x42, 0x08, 0x84, 0x6D, 0xF5, 0x3F, 0x57, 0xCF, 0x62, 0x28, 0x67, 0x21, 0x7C, 0x9E, 0x9D,
    0x43, 0xCB, 0x8B, 0xAF, 0xCB, 0xBE, 0xFB, 0xED, 0xC1, 0x2F, 0xE5, 0x99, 0xFB, 0x5A, 0x71, 0x32,
    0xED, 0x86, 0x0C, 0xC8, 0xE6, 0x4E, 0x10, 0xC3, 0xA2, 0xD8, 0xC5, 0x17, 0x4B, 0x0F, 0x43, 0x5C,
    0x34, 0xB4, 0x5C, 0x55, 0x6F, 0x7F, 0x4C, 0xBF, 0xFE, 0xBE, 0x32, 0x2E, 0x7E, 0x45, 0x2D, 0xB4,
    0x5A, 0xFD, 0x84, 0x5A, 0x3C, 0xD2, 0xCF, 0xB2, 0x1F, 0xEF, 0x49, 0xF5, 0x1E, 0x57, 0xA3, 0x7A,
    0x57, 0x27, 0x41, 0xD1, 0x73, 0x81, 0x96, 0x72, 0x3C, 0x84, 0x72, 0x98, 0xDE, 0x1E, 0xAA, 0x16,
    0x5B, 0x95, 0x2F, 0xD3, 0x91, 0xCA, 0x97, 0x05, 0x0C, 0x5B, 0xB5, 0x98, 0x40, 0x61, 0x3B, 0xCB,
    0xB1, 0x13, 0x52, 0x1A, 0xC9, 0xDF, 0xA4, 0x74, 0x57, 0xD5, 0xE5, 0xF4, 0xEB, 0xEC, 0x3D, 0xAE,
    0x84, 0x91, 0xDC, 0x4F, 0xAA, 0xE5, 0xC8, 0xAA, 0x8A, 0x8C, 0x46, 0xD7, 0x6A, 0xAC, 0x70, 0xED,
    0xC0, 0x3E, 0xB1, 0xF8, 0xB6, 0x97, 0x49, 0xB8, 0xA1, 0xD3, 0xAF, 0x51, 0x8B, 0x8E, 0x7C, 0xB5,
    0xC9, 0x30, 0x1C, 0xAA, 0xBB, 0xF9, 0x37, 0x1B, 0x68, 0x52, 0x1A, 0x0B, 0x4B, 0xFC, 0x41, 0x43,
    0xE0, 0xB3, 0x2B, 0x6A, 0xD1, 0x44, 0xB9, 0x72, 0xA7, 0x72, 0xD3, 0x84, 0x22, 0x0A, 0x81, 0xAC,
    0x45, 0x79, 0x90, 0x5A, 0xA5, 0x4B, 0x02, 0xCD, 0xB2, 0x5F, 0xF9, 0x74, 0xCF, 0xC0, 0x30, 0x3F,
    0x1F, 0xB6, 0x8F, 0xD8, 0x0D, 0x12, 0x90, 0xB7, 0x32, 0x2B, 0x98, 0xF5, 0x20, 0xC9, 0x30, 0x0B,
    0x12, 0x7E, 0x18, 0x48, 0x24, 0xAC, 0x48, 0xE7, 0xCE, 0x33, 0x71, 0x61, 0xEB, 0x40, 0x90, 0x53,
    0x1A, 0x93, 0x80, 0xF1, 0x0A, 0xF2, 0xEE, 0x73, 0xC3, 0xA8, 0x0A, 0xB7, 0xFB, 0x08, 0x90, 0x5F,
    0xEA, 0x0D, 0xB4, 0x9D, 0xA8, 0x9F, 0x41, 0xE3, 0x05, 0xCA, 0x20, 0x90, 0x29, 0xAB, 0xFD, 0xB2,
    0x54, 0x46, 0x95, 0x47, 0xA3, 0x90, 0x51, 0xBA, 0x1C, 0x26, 0xA0, 0x0B, 0xD2, 0xD6, 0x10, 0x24,
    0xB1, 0x24, 0x8F, 0xCA, 0x09, 0x18, 0xA7, 0x23, 0x57, 0x22, 0xBA, 0xB4, 0xAA, 0xCD, 0x15, 0xCF,
    0x40, 0xA9, 0xB7, 0x41, 0xA5, 0x60, 0x9E, 0x91, 0xD7, 0xA4, 0xE7, 0xAA, 0x2C, 0x70, 0xA6, 0x1E,
    0x45, 0xE1, 0x90, 0x45, 0xBD, 0x41, 0x66, 0xE4, 0xF4, 0x9B, 0xD3, 0xFB, 0x01, 0x83, 0xD2, 0x24,
    0x05, 0x75, 0x5B, 0xC4, 0xAB, 0x68, 0x9F, 0x95, 0x74, 0x93, 0x00, 0x89, 0x2D, 0x66, 0x81, 0xAC,
    0x7D, 0x71, 0x9C, 0x3E, 0x6C, 0xCA, 0x78, 0x75, 0x5D, 0x1C, 0xAC, 0xFF, 0x2B, 0x8A, 0xEB, 0xFD,
    0xC0, 0x44, 0x17, 0x34, 0x9A, 0x58, 0xDF, 0x7A, 0x51, 0x9C, 0x7E, 0x0B, 0x9F, 0x67, 0x32, 0x09,
    0x24, 0xCD, 0xE7, 0x3B, 0xC8, 0x97, 0x8C, 0x01, 0xEF, 0xE0, 0x9B, 0xD0, 0xF2, 0x62, 0x38, 0x2D,
    0x49, 0xA5, 0xCE, 0x30, 0xD2, 0xB2, 0x1D, 0x0F, 0xA1, 0x40, 0xD7, 0x73, 0xAF, 0x5C, 0x39, 0x19,
    0xD0, 0xB0, 0x91, 0x9D, 0x63, 0x69, 0x41, 0xF6, 0x87, 0x40, 0x57, 0x66, 0x52, 0xA7, 0xD4, 0xA5,
    0xE2, 0x60, 0x74, 0xB5, 0x54, 0x51, 0xCB, 0x46, 0xDD, 0x50, 0x27, 0xC4, 0x05, 0x71, 0x40, 0xE9,
    0xAB, 0x99, 0x71, 0x58, 0x50, 0x05, 0x9D, 0xB3, 0x98, 0xF2, 0x08, 0x55, 0x42, 0x09, 0x1F, 0x9C,
    0xB7, 0x01, 0x07, 0xDE, 0xB9, 0xFC, 0xA2, 0xF2, 0xCF, 0x2E, 0x08, 0x94, 0xB6, 0xF2, 0x56, 0xE2,
    0xCA, 0x7C, 0xA3, 0x0E, 0xDA, 0xDB, 0x09, 0x4A, 0x5F, 0xF9, 0x2B, 0x77, 0xB5, 0xEA, 0x82, 0xF8,
    0x20, 0x16, 0xEA, 0x85, 0xBA, 0xA1, 0x6C, 0xD4, 0x11, 0x71, 0x62, 0x67, 0x67, 0xA8, 0x33, 0xEA,
    0x8D, 0xBA, 0xB3, 0xF9, 0xA3, 0x0E, 0x1D, 0x82, 0xAA, 0xE1, 0x7A, 0xC3, 0xBF, 0x1E, 0xBE, 0xE3,
    0x91, 0x2F, 0xC5, 0xCC, 0xBE, 0x44, 0xDC, 0x6A, 0x71, 0xE7, 0x66, 0x75, 0xC0, 0x05, 0xDE, 0x42,
    0x11, 0x8B, 0x05, 0x55, 0x2C, 0xD2, 0x6A, 0xCA, 0x05, 0xE5, 0x5C, 0x44, 0x64, 0xE7, 0xD0, 0x45,
    0xF4, 0x0D, 0xA2, 0x2B, 0x34, 0xD2, 0x39, 0xA0, 0x37, 0x67, 0x0B, 0x26, 0xF3, 0x03, 0x9A, 0xF4,
    0x0C, 0x8A, 0x90, 0xFB, 0xD3, 0x26, 0x25, 0x64, 0x48, 0xB1, 0xA2, 0x5E, 0x6E, 0xD1, 0x92, 0x9C,
    0xD0, 0x63, 0x64, 0x86, 0xC5, 0xEE, 0x55, 0x2A, 0xCA, 0x26, 0xD2, 0x5A, 0xCF, 0xB9, 0xB5, 0x15,
    0x61, 0xA8, 0x95, 0xF3, 0x0D, 0x41, 0xEA, 0x26, 0x31, 0x2A, 0xF3, 0x9A, 0x94, 0xBC, 0x5D, 0x94,
    0x7A, 0x17, 0x15, 0xC9, 0x8B, 0x3C, 0x05, 0x8D, 0x1A, 0x35, 0xA8, 0x17, 0x5F, 0xBA, 0x04, 0xBE,
    0x67, 0xDF, 0x64, 0xB7, 0x86, 0x8D, 0x3E, 0xC3, 0x3B, 0x90, 0x22, 0xCB, 0x9E, 0xFD, 0xBA, 0x07,
    0x25, 0x2D, 0x0F, 0xB1, 0x5F, 0xF9, 0xA0, 0xFE, 0x13, 0x0A, 0x52, 0xF9, 0xB2, 0xAE, 0x7D, 0xAE,
    0x2F, 0x7E, 0x6A, 0xF2, 0xB2, 0xAD, 0xAD, 0x5F, 0x46, 0xB1, 0x6E, 0x19, 0x9F, 0x5B, 0x3F, 0x65,
    0x69, 0x92, 0xEE, 0x68, 0x63, 0xA0, 0x6D, 0x37, 0x84, 0xB6, 0x14, 0x0A, 0x1F, 0x93, 0x93, 0x4A,
    0xF6, 0x94, 0x26, 0x98, 0x1E, 0xC8, 0x02, 0x79, 0xD4, 0x2D, 0x90, 0xFB, 0x6E, 0x46, 0x23, 0x79,
    0x98, 0x8D, 0xB0, 0x5C, 0x99, 0xEA, 0x45, 0x2A, 0xE5, 0x68, 0x08, 0x0F, 0x0F, 0xA9, 0xEE, 0x99,
    0xA4, 0x75, 0x05, 0xB9, 0xF7, 0xA4, 0xB2, 0x7A, 0x11, 0xB9, 0xD2, 0x83, 0xFC, 0x0C, 0xF0, 0xB5,
    0x86, 0xDF, 0x04, 0xE8, 0xA6, 0x54, 0xDA, 0x76, 0xB8, 0x1A, 0xF2, 0x5A, 0x31, 0x52, 0x39, 0x06,
    0x2A, 0xE9, 0xCC, 0x33, 0xA8, 0x7A, 0x88, 0x3A, 0x96, 0x34, 0x1A, 0x70, 0x65, 0x10, 0xFF, 0x1C,
    0x53, 0x9F, 0x24, 0xD1, 0x03, 0x70, 0xF4, 0xBD, 0xFD, 0xBE, 0x4B, 0x4E, 0xAD, 0xE0, 0xE0, 0xF6,
    0x9B, 0x2E, 0x85, 0xBF, 0xBE, 0xE5, 0x92, 0x0D, 0xD4, 0xEA, 0x50, 0x9A, 0x59, 0xF5, 0xFF, 0xB8,
    0x2F, 0xE9, 0xA3, 0x8C, 0xD6, 0x26, 0xCA, 0x48, 0xE9, 0x74, 0xBF, 0x5C, 0x6E, 0x63, 0x5F, 0x48,
    0xFB, 0xA1, 0x24, 0x19, 0xFD, 0x86, 0xC0, 0x50, 0x27, 0x01, 0x19, 0xC3, 0xC3, 0x6C, 0x75, 0x04,
    0x0A, 0x50, 0xE8, 0x04, 0xFC, 0x30, 0x1F, 0x80, 0x33, 0xFA, 0x21, 0xC8, 0x4D, 0xA1, 0xD0, 0x77,
    0xB3, 0x34, 0x69, 0x57, 0x30, 0xCB, 0x61, 0xEB, 0xBE, 0x5E, 0xB8, 0x39, 0xFE, 0xBD, 0x8E, 0xD2,
    0xA9, 0x4E, 0xFB, 0xCC, 0x2F, 0x89, 0x7F, 0x77, 0xD9, 0x5E, 0xC5, 0x4F, 0x39, 0xE9, 0x10, 0x41,
    0x55, 0x2A, 0x55, 0x4D, 0x83, 0xA8, 0x46, 0xD1, 0x17, 0xCD, 0x77, 0x4D, 0x5F, 0x35, 0xD6, 0x6E,
    0xD1, 0x56, 0xE3, 0x2D, 0x38, 0xE2, 0xCA, 0x19, 0x13, 0x22, 0x20, 0x51, 0xF7, 0x05, 0xF3, 0xFD,
    0x5B, 0xB8, 0x05, 0xB9, 0x70, 0x73, 0xB5, 0x45, 0xB2, 0xC5, 0x89, 0xA6, 0x94, 0x33, 0xEE, 0x1D,
    0xF2, 0xF9, 0x17, 0xAD, 0xDF, 0x65, 0xCA, 0x02, 0x8A, 0x98, 0x33, 0x83, 0x92, 0xA7, 0x2D, 0xA0,
    0x12, 0xE0, 0x77, 0xCC, 0x20, 0xBB, 0xC0, 0xC5, 0x0B, 0xE8, 0xFB, 0x1D, 0xE0, 0xE4, 0x0C, 0x59,
    0x18, 0xDA, 0x32, 0x34, 0x63, 0x3D, 0x56, 0xA1, 0x6B, 0xB3, 0xB4, 0xE8, 0x7C, 0xD9, 0x4C, 0x82,
    0xFC, 0xBE, 0x5C, 0x7F, 0x5F, 0xAF, 0x7F, 0xEF, 0xD6, 0xCF, 0x3D, 0x42, 0x36, 0xFF, 0x21, 0xF0,
    0x17, 0xFB, 0xF8, 0x57, 0x4C, 0xA2, 0xC6, 0x1B, 0x4E, 0xD4, 0x20, 0x55, 0x83, 0xF6, 0x6A, 0x14,
    0xAA, 0x46, 0xA5, 0x6A, 0xD4, 0x24, 0x6A, 0x1C, 0xAB, 0x1A, 0x51, 0xD4, 0xC8, 0xBD, 0xA8, 0x51,
    0x8E, 0xA2, 0x86, 0xE9, 0x45, 0x0D, 0xAB, 0x6A, 0xBC, 0x27, 0x6A, 0x64, 0x41, 0x64, 0x28, 0x26,
    0x01, 0xE3, 0x44, 0x8D, 0x46, 0xD5, 0x38, 0x53, 0x35, 0x66, 0x51, 0x83, 0xBC, 0xA8, 0x41, 0x4E,
    0xD4, 0xA0, 0xF6, 0xBA, 0x1A, 0x39, 0x89, 0x1A, 0xE5, 0xBF, 0x89, 0x1A, 0xA6, 0x17, 0x35, 0x5E,
    0xC5, 0x56, 0x5E, 0x7B, 0x57, 0xD1, 0x24, 0xC5, 0x82, 0x14, 0x41, 0xBD, 0x62, 0xE3, 0x14, 0xAB,
    0x49, 0x11, 0x2D, 0xAE, 0x4A, 0x43, 0xB2, 0x2B, 0x00, 0xBB, 0xA2, 0x59, 0xF1, 0x36, 0x2D, 0x6D,
    0x36, 0xFC, 0xB3, 0xCE, 0xE3, 0x16, 0x8A, 0xC7, 0xD0, 0x2C, 0xFF, 0x4C, 0x3A, 0x15, 0x78, 0xC4,
    0xE8, 0x64, 0xBF, 0xA4, 0x60, 0x8C, 0x5B, 0xD2, 0x3D, 0x43, 0x14, 0xCC, 0x82, 0x26, 0x3C, 0xB9,
    0xD7, 0x74, 0xA1, 0xD8, 0x63, 0x92, 0x0E, 0x90, 0x6E, 0x2F, 0x47, 0x5D, 0x7F, 0x56, 0x4E, 0x53,
    0x07, 0xB3, 0x47, 0xF9, 0x56, 0x44, 0x33, 0xAD, 0x06, 0xFA, 0xDE, 0x32, 0x46, 0x69, 0x1E, 0xCD,
    0xA2, 0x29, 0xBD, 0xA1, 0x9F, 0xDF, 0xF7, 0xE2, 0x35, 0xA9, 0xBF, 0x1D, 0xCD, 0x90, 0x72, 0xAA,
    0xF0, 0xFC, 0x1D, 0xF8, 0xEC, 0xF9, 0x3B, 0xF0, 0x2F, 0x95, 0x3E, 0xF9, 0xA5, 0xA2, 0xD9, 0xF4,
    0xB0, 0xE4, 0x04, 0xE9, 0x8D, 0x89, 0xA1, 0x88, 0x45, 0xD8, 0xE4, 0x89, 0x9B, 0x3C, 0x77, 0x5E,
    0x26, 0x7D, 0xB2, 0x6D, 0x47, 0xD9, 0xF8, 0x72, 0x16, 0x0C, 0x26, 0x32, 0xD6, 0x1B, 0x1A, 0x5F,
    0x05, 0xC6, 0xBC, 0xCF, 0xCF, 0xA1, 0xE5, 0x25, 0xBB, 0xBF, 0xDE, 0x7E, 0x47, 0x80, 0x74, 0xB8,
    0x6C, 0xAB, 0xFB, 0xB8, 0xDF, 0x8D, 0xEB, 0x80, 0xFD, 0xF2, 0x5B, 0x2E, 0x43, 0xBD, 0xA5, 0x30,
    0xAC, 0xD0, 0x51, 0xA8, 0x65, 0x81, 0xD2, 0xB2, 0xB3, 0xF9, 0x22, 0xE1, 0xB7, 0x08, 0xC8, 0xF9,
    0x97, 0x13, 0x32, 0xF2, 0xC2, 0x78, 0x85, 0xA6, 0x95, 0x25, 0xCE, 0x43, 0x08, 0xEF, 0x28, 0x74,
    0x0B, 0x0F, 0xF6, 0xB2, 0x1A, 0xC1, 0x4E, 0xEB, 0xF3, 0x46, 0xC9, 0x82, 0x81, 0xCE, 0x76, 0xBB,
    0x3D, 0x05, 0x79, 0x5C, 0xDF, 0x98, 0x10, 0x9F, 0x44, 0x4C, 0x01, 0xEC, 0xB7, 0x35, 0x15, 0xBA,
    0xC3, 0xB4, 0xB9, 0x28, 0xC4, 0xAB, 0x85, 0x38, 0x1A, 0x85, 0x8C, 0xD2, 0x7E, 0x63, 0x71, 0xF0,
    0x02, 0x44, 0x4F, 0x15, 0x68, 0x92, 0x29, 0x66, 0x88, 0xBA, 0xBA, 0x21, 0xE9, 0xDC, 0x8A, 0x5A,
    0x26, 0xC1, 0x04, 0x56, 0x58, 0x0F, 0xE6, 0xC2, 0x50, 0xA9, 0x0C, 0x86, 0x84, 0x9C, 0x21, 0x21,
    0x67, 0xD2, 0x61, 0xDD, 0xD5, 0x24, 0xE9, 0x9B, 0x81, 0xBB, 0x4B, 0x17, 0x7F, 0x96, 0x48, 0xA6,
    0xE5, 0x74, 0xD9, 0x32, 0x04, 0x6D, 0x5C, 0x20, 0x57, 0xD7, 0x75, 0x85, 0xAE, 0x6B, 0x48, 0x2D,
    0xB7, 0xE9, 0x03, 0xA5, 0x4A, 0xE2, 0x5D, 0x41, 0xDF, 0xA5, 0x09, 0x3A, 0x2B, 0x7B, 0x1D, 0x0C,
    0xCD, 0xAC, 0x81, 0x52, 0x70, 0xD8, 0x90, 0x26, 0x46, 0xF6, 0x22, 0x63, 0x5F, 0x07, 0x72, 0x0D,
    0x37, 0x44, 0xE4, 0xE8, 0xA3, 0x0B, 0xE0, 0xEB, 0xF4, 0x44, 0xF4, 0x2C, 0xE8, 0xAF, 0x49, 0xD5,
    0xFD, 0xB3, 0xA4, 0xBA, 0x1E, 0x36, 0x19, 0x4A, 0x6A, 0x19, 0x53, 0x41, 0x93, 0x60, 0x4E, 0x8B,
    0x66, 0xEF, 0x03, 0x9F, 0xD8, 0x44, 0x4D, 0x63, 0x6D, 0x94, 0xDE, 0x62, 0x1A, 0x10, 0x0C, 0xAF,
    0x8A, 0x5F, 0x9D, 0x7F, 0xBC, 0xD6, 0x99, 0x0E, 0x09, 0x4F, 0xF2, 0xD4, 0x76, 0x13, 0xD3, 0x22,
    0xA7, 0xAB, 0xDB, 0x8E, 0x54, 0xDD, 0x9A, 0x82, 0x20, 0x4E, 0xA1, 0xB7, 0x8E, 0xD2, 0x69, 0x05,
    0x85, 0x8C, 0x78, 0xAB, 0x28, 0xAE, 0x01, 0x7F, 0x30, 0x4C, 0x82, 0x96, 0x5A, 0xC1, 0x4E, 0x25,
    0xD2, 0x44, 0x5B, 0xAF, 0x26, 0xBB, 0xC4, 0x57, 0x9B, 0xC4, 0x55, 0xD8, 0x6D, 0x11, 0xEF, 0x62,
    0xE2, 0xAD, 0x13, 0xCD, 0xB7, 0xFE, 0x6E, 0xDC, 0xB6, 0xBC, 0xEC, 0x5C, 0xAE, 0x96, 0xA6, 0x82,
    0x5C, 0x4E, 0xAE, 0xE0, 0x8E, 0x66, 0x36, 0x26, 0xA1, 0x22, 0xA6, 0x61, 0x88, 0x7D, 0x37, 0x89,
    0x3D, 0x56, 0x5B, 0x2F, 0xEC, 0xB1, 0x8D, 0xDC, 0x05, 0x6A, 0x87, 0x79, 0xB5, 0x19, 0xAD, 0x36,
    0x14, 0xC4, 0x7F, 0x32, 0xDC, 0x4B, 0xF4, 0xC8, 0xA6, 0x7F, 0x30, 0x34, 0x37, 0x9C, 0xA3, 0x8C,
    0x86, 0x5A, 0xC9, 0x92, 0xAE, 0xB6, 0x79, 0x0D, 0x5D, 0x79, 0xD8, 0x89, 0x7F, 0xC4, 0xA6, 0x50,
    0xE6, 0xED, 0xCD, 0xE2, 0xAC, 0x42, 0x1F, 0x1E, 0x27, 0x9D, 0xB6, 0xE5, 0x8C, 0xEE, 0x1F, 0xA1,
    0xF2, 0x58, 0x74, 0x2D, 0x73, 0xA3, 0x38, 0x1F, 0xF5, 0xAC, 0x62, 0x17, 0x4A, 0x59, 0x95, 0x7F,
    0xA3, 0x97, 0x40, 0xC9, 0xA1, 0x77, 0x48, 0x40, 0xD5, 0xD7, 0x3A, 0xB6, 0xDA, 0x9B, 0xC4, 0x59,
    0xF6, 0xB6, 0x74, 0xAD, 0xA0, 0x3B, 0x5E, 0x07, 0x3B, 0x17, 0xF1, 0xEA, 0x8B, 0x56, 0xDC, 0xB0,
    0xF1, 0x2C, 0x73, 0x87, 0xDE, 0xCA, 0x46, 0xBF, 0xB3, 0xCA, 0x75, 0xD7, 0x84, 0xED, 0x97, 0xC5,
    0xD6, 0x7F, 0xCA, 0xD6, 0x48, 0xB0, 0xCB, 0x1E, 0xDF, 0x24, 0xFE, 0xC2, 0x21, 0xFB, 0x96, 0xB0,
    0xE8, 0x3B, 0xF2, 0xCC, 0xE3, 0xB7, 0x34, 0x44, 0x61, 0x32, 0x9B, 0x04, 0x9A, 0xC0, 0x79, 0x42,
    0xCE, 0xB4, 0x5C, 0x45, 0x05, 0xB1, 0xAB, 0x26, 0x99, 0xB4, 0x62, 0x6B, 0xA2, 0x59, 0x98, 0x99,
    0x0D, 0xC2, 0x2A, 0xA3, 0x89, 0x79, 0xD1, 0x0F, 0xA8, 0x65, 0x66, 0x44, 0x81, 0xB9, 0x35, 0xE9,
    0xEF, 0xB1, 0xB1, 0x13, 0x1C, 0x36, 0xA4, 0x85, 0x31, 0x14, 0xEF, 0x27, 0xC0, 0xAD, 0x2C, 0xDF,
    0xA0, 0xB6, 0x74, 0x0D, 0x3D, 0x2E, 0xE8, 0xE9, 0xE0, 0x56, 0xA6, 0x19, 0x11, 0xC9, 0x8C, 0xDB,
    0x50, 0xD0, 0x28, 0x76, 0x2A, 0x9A, 0x7D, 0x15, 0x12, 0xE0, 0x99, 0xA9, 0x87, 0xE5, 0x16, 0xC9,
    0xD5, 0x31, 0xA7, 0xD6, 0xAC, 0x94, 0x61, 0xBC, 0x59, 0x70, 0xD4, 0xD6, 0xD7, 0x37, 0x2E, 0x37,
    0xE3, 0x77, 0x6F, 0xE5, 0x23, 0x25, 0x9A, 0x84, 0x1A, 0x86, 0x7E, 0xC9, 0xCD, 0x51, 0x04, 0x3A,
    0x1A, 0x81, 0xEA, 0x6F, 0xA1, 0x8F, 0x7F, 0x41, 0xAE, 0xA5, 0xB9, 0x78, 0xD2, 0x2F, 0x64, 0x70,
    0xFB, 0xCD, 0x08, 0x59, 0x85, 0xA1, 0x4A, 0xED, 0x21, 0x40, 0x64, 0xE4, 0x34, 0x0E, 0x6F, 0x61,
    0xB8, 0x0C, 0x1A, 0x84, 0xF7, 0x31, 0x38, 0x7B, 0x96, 0xBD, 0x17, 0xF6, 0x0D, 0xB3, 0x6F, 0x62,
    0x49, 0x68, 0x66, 0x99, 0xE9, 0xEA, 0x08, 0x9A, 0x6C, 0x2C, 0xA9, 0xB7, 0x69, 0x58, 0xD0, 0x11,
    0x8D, 0xE8, 0x3E, 0x5A, 0x09, 0x29, 0x71, 0x35, 0xEA, 0x5B, 0x81, 0x66, 0xB9, 0xC6, 0x5E, 0xDA,
    0x79, 0x4E, 0xAC, 0x1D, 0x9F, 0x1F, 0x6B, 0xE5, 0x2C, 0xA5, 0xA7, 0xFC, 0x94, 0xA0, 0x30, 0x84,
    0x50, 0x84, 0x70, 0x84, 0x90, 0x84, 0xB0, 0x84, 0xD0, 0x84, 0xF0, 0x54, 0xA2, 0xCA, 0x54, 0x09,
    0xEE, 0xAD, 0xB2, 0x55, 0xBA, 0xCA, 0x57, 0x09, 0x2B, 0xE3, 0x1D, 0x65, 0xCD, 0xF8, 0xB7, 0x74,
    0x9F, 0xDE, 0xF0, 0x92, 0xE8, 0x4B, 0x96, 0x2F, 0x29, 0xFE, 0xEF, 0x43, 0x49, 0x49, 0xB5, 0xF9,
    0xA9, 0x4F, 0x79, 0xAC, 0x63, 0x35, 0x66, 0x35, 0xBE, 0x9A, 0x91, 0xF7, 0x9A, 0x83, 0xFF, 0x3E,
    0xFA, 0xF7, 0xED, 0x0B, 0xD8, 0x00, 0x13, 0x65, 0x6C, 0x12, 0xD0, 0xB4, 0xBA, 0xEB, 0xAC, 0x0C,
    0xD6, 0xA3, 0x94, 0x10, 0x52, 0x52, 0xCB, 0xC1, 0x43, 0x8F, 0xC4, 0x01, 0xA3, 0x89, 0xB0, 0xEB,
    0x31, 0xF3, 0xD1, 0x05, 0x3E, 0x86, 0xF0, 0x4A, 0x97, 0x82, 0x25, 0xCF, 0x81, 0xE1, 0x64, 0xCB,
    0x9C, 0x69, 0x92, 0x9C, 0xB9, 0x8A, 0xDB, 0x26, 0x46, 0x7B, 0x25, 0xBE, 0x36, 0x21, 0x2F, 0xDD,
    0xA2, 0xEF, 0xB1, 0x3D, 0x11, 0x0D, 0x73, 0x78, 0x25, 0x1C, 0x1E, 0x81, 0xDE, 0x76, 0x54, 0xF4,
    0xD5, 0x05, 0x79, 0x71, 0x93, 0x58, 0xDB, 0xD4, 0x6D, 0x06, 0x6A, 0x21, 0xCD, 0x7E, 0xE1, 0x5D,
    0x60, 0x88, 0xC8, 0x28, 0xA1, 0x8C, 0x03, 0xEA, 0xA9, 0x71, 0x5D, 0x5B, 0x8D, 0x77, 0x76, 0xA3,
    0xB4, 0x21, 0x2F, 0xAF, 0x8C, 0xBC, 0x50, 0xCC, 0x68, 0xDC, 0x7F, 0x6D, 0x70, 0x9D, 0x4B, 0xBA,
    0xE2, 0x22, 0x7C, 0x96, 0xCF, 0xA0, 0xA6, 0x47, 0x30, 0x24, 0xDB, 0x29, 0xE2, 0xD3, 0x51, 0xCB,
    0xFF, 0x99, 0x21, 0xFF, 0xA2, 0xE0, 0xBB, 0xF5, 0x65, 0x5D, 0x33, 0x1E, 0xE1, 0x48, 0xDA, 0xFC,
    0x5D, 0xB6, 0x8B, 0xAC, 0x87, 0xC6, 0x96, 0x2F, 0x02, 0x39, 0xFD, 0x38, 0x1E, 0xF2, 0x0B, 0xB9,
    0x0A, 0x34, 0xF9, 0x2C, 0x16, 0x3B, 0xAD, 0x76, 0xAC, 0x3D, 0x90, 0x6D, 0xCB, 0x97, 0x52, 0x52,
    0xF6, 0x8F, 0xF9, 0xF2, 0x44, 0x04, 0x74, 0x4F, 0x3B, 0x82, 0x3C, 0xE8, 0xD9, 0x1E, 0x66, 0x8C,
    0xD5, 0xF6, 0x75, 0x64, 0x5A, 0x8D, 0x58, 0x3B, 0xF3, 0xEF, 0xBB, 0xB0, 0x5A, 0xAC, 0xB6, 0x5A,
    0xAD, 0x67, 0x82, 0x6C, 0x17, 0x89, 0xD3, 0x3A, 0x24, 0x3C, 0x57, 0x68, 0x84, 0xA1, 0x37, 0x65,
    0x25, 0x40, 0x8B, 0x10, 0x19, 0xB7, 0xFF, 0x04, 0xB8, 0xCA, 0x2C, 0xE6, 0x4F, 0x99, 0x59, 0xF0,
    0x60, 0x65, 0xAF, 0x3A, 0x5A, 0x2D, 0x3F, 0x7D, 0x9B, 0xD1, 0xAF, 0x88, 0x1C, 0xE8, 0x43, 0xF9,
    0x66, 0x27, 0xCA, 0x5C, 0x17, 0x64, 0xAD, 0xE1, 0xC5, 0x8E, 0x32, 0xEF, 0xB9, 0x95, 0xAD, 0x1C,
    0x4C, 0x75, 0x37, 0x80, 0xE5, 0x58, 0x50, 0xAF, 0x47, 0xD4, 0xC1, 0xAC, 0xE3, 0x99, 0x05, 0xB6,
    0x33, 0x4B, 0x2C, 0x5F, 0xEE, 0xCC, 0x83, 0x47, 0x29, 0xAC, 0x71, 0xE7, 0xFF, 0x93, 0x29, 0xCB,
    0x5D, 0xCF, 0x34, 0x61, 0xF4, 0x01, 0xD8, 0xC0, 0x9D, 0x48, 0x63, 0x45, 0x10, 0x7A, 0xAD, 0x54,
    0x58, 0xE7, 0x2B, 0x85, 0xF7, 0x3A, 0xCF, 0xA8, 0x44, 0x6D, 0x23, 0x6A, 0xAB, 0xCE, 0x4D, 0xE4,
    0x3A, 0x8B, 0x1C, 0x30, 0xF0, 0xDB, 0x8C, 0xDC, 0xA6, 0x73, 0xA9, 0x91, 0x70, 0xA0, 0xF3, 0x83,
    0xCE, 0x8C, 0x97, 0xE7, 0x57, 0xA9, 0x45, 0x12, 0xD2, 0x1A, 0x4E, 0x7B, 0x9D, 0x86, 0xB8, 0x9C,
    0xDC, 0x2C, 0xCE, 0x99, 0x4C, 0x38, 0x2A, 0x7C, 0x4D, 0x32, 0xD7, 0xFE, 0x6B, 0x00, 0xB2, 0xC4,
    0x12, 0x97, 0xB2, 0x42, 0xCE, 0x5A, 0x7C, 0xE6, 0x46, 0x71, 0xFE, 0xF4, 0x99, 0xF2, 0xCD, 0xE1,
    0xFC, 0xD6, 0xFA, 0x83, 0x7C, 0xC9, 0x12, 0x50, 0xA4, 0x9C, 0xD8, 0x16, 0x6C, 0x63, 0x9E, 0xB6,
    0x9D, 0x78, 0x29, 0x37, 0x89, 0x73, 0x3E, 0x1D, 0x72, 0xA2, 0x6A, 0xD6, 0xDA, 0xF6, 0x3B, 0xE0,
    0xF9, 0xFF, 0x10, 0xD4, 0x62, 0x5F, 0x64, 0x26, 0xBE, 0x7E, 0x95, 0x62, 0xF7, 0x04, 0x77, 0x76,
    0x5A, 0x39, 0xA0, 0x23, 0x8D, 0x5D, 0x09, 0x30, 0x0B, 0x47, 0x65, 0x1B, 0x0A, 0x49, 0xAC, 0x2B,
    0x1A, 0x65, 0x15, 0xCE, 0x31, 0xE6, 0x21, 0xBF, 0xC5, 0x4C, 0x93, 0xA1, 0xC2, 0xAF, 0x36, 0x55,
    0x3F, 0xA2, 0xB1, 0x4E, 0xF5, 0x57, 0x56, 0xBB, 0x3C, 0x2C, 0xC8, 0xD5, 0x4B, 0x2C, 0xA8, 0xAF,
    0x39, 0xFF, 0x45, 0x4D, 0x8E, 0x03, 0x8F, 0x24, 0x41, 0x1A, 0x3B, 0x0B, 0xFA, 0x17, 0x1A, 0xB7,
    0xB1, 0x52, 0x7D, 0xC8, 0xFB, 0x16, 0x75, 0xCB, 0x2A, 0x1F, 0xEF, 0xF7, 0x76, 0x0B, 0xF5, 0x80,
    0xDC, 0x55, 0xEE, 0x65, 0xBC, 0xA8, 0x11, 0xAE, 0x3F, 0x6B, 0x2E, 0x71, 0x36, 0x93, 0xA9, 0x3B,
    0x3F, 0xCC, 0xDE, 0x7A, 0x68, 0x2C, 0xAC, 0x9E, 0x1B, 0x0B, 0x77, 0xB3, 0xBA, 0x1E, 0x33, 0x86,
    0x99, 0xAD, 0xA4, 0xE0, 0x85, 0xD8, 0x6A, 0xE0, 0xDC, 0xFB, 0x4B, 0xDD, 0x3A, 0xD5, 0xD3, 0x2C,
    0xB3, 0xFD, 0xA4, 0x13, 0x7E, 0x2D, 0x73, 0x7E, 0x76, 0xF2, 0xE9, 0x13, 0xC6, 0x1B, 0xC5, 0x59,
    0x29, 0xEB, 0xE2, 0xBC, 0xD6, 0x87, 0x0E, 0x7E, 0xE2, 0x39, 0xE4, 0xE4, 0x1A, 0x72, 0x1E, 0x09,
    0xE5, 0x3B, 0x37, 0x8A, 0xB3, 0x3C, 0x01, 0xA5, 0x0F, 0x40, 0x15, 0x94, 0xC9, 0x58, 0xCD, 0x09,
    0xC8, 0x53, 0x46, 0xFB, 0x87, 0x9F, 0x6E, 0x0E, 0xE7, 0xE7, 0xEF, 0xA7, 0x56, 0xCF, 0xEE, 0xA7,
    0xB6, 0x02, 0x7B, 0xB5, 0x75, 0x98, 0xE7, 0xB4, 0xFD, 0xA7, 0x6D, 0x64, 0x62, 0xB0, 0xCB, 0x21,
    0x49, 0xCA, 0x13, 0xA4, 0x9A, 0x34, 0xE9, 0x59, 0x74, 0x3B, 0x4C, 0x37, 0x96, 0xB3, 0x99, 0xC1,
    0xE5, 0x5E, 0xE6, 0xEE, 0x42, 0x9F, 0x63, 0xA9, 0x9C, 0x50, 0x90, 0x0D, 0xD5, 0xC1, 0x37, 0xD2,
    0xAA, 0x3F, 0x63, 0xB0, 0x3E, 0x0A, 0xFC, 0xB7, 0xDF, 0x7D, 0xF1, 0x5C, 0x53, 0xBF, 0x7F, 0xA8,
    0x4B, 0xD9, 0x56, 0x61, 0xFF, 0xC5, 0x8A, 0x75, 0x02, 0x83, 0xD8, 0x62, 0xF3, 0xC7, 0x03, 0xF8,
    0xDC, 0xD7, 0xF4, 0x61, 0x2D, 0x5A, 0xF4, 0x82, 0x9A, 0xEA, 0xBF, 0x76, 0xF9, 0x8E, 0xBC, 0xD3,
    0x7F, 0x70, 0xFF, 0x54, 0x0F, 0x38, 0xDD, 0xD5, 0xBD, 0xC7, 0x09, 0x25, 0xD5, 0x34, 0xAF, 0xF6,
    0xE1, 0x10, 0x51, 0x25, 0x5F, 0x73, 0x37, 0x69, 0x60, 0xE9, 0x0D, 0xA1, 0x96, 0xBE, 0x6B, 0xF6,
    0xEB, 0xFC, 0xD5, 0x2E, 0xB2, 0xCE, 0x8F, 0x5B, 0x8E, 0x36, 0x78, 0xD8, 0x00, 0xF2, 0xB2, 0x84,
    0x9E, 0xF8, 0x90, 0x71, 0x91, 0x71, 0x48, 0x43, 0x4E, 0x41, 0x72, 0x3E, 0x22, 0x2F, 0x96, 0x03,
    0xF1, 0x1F, 0x9F, 0xA8, 0xB2, 0x07, 0x6B, 0x92, 0x58, 0x71, 0xA9, 0x56, 0xC7, 0x12, 0xC4, 0xCB,
    0x59, 0xAC, 0x4A, 0x23, 0xFF, 0xAD, 0x2C, 0xDA, 0x58, 0xF6, 0x64, 0x70, 0x76, 0x12, 0x90, 0x70,
    0xD0, 0xF5, 0x22, 0xD9, 0xAB, 0x38, 0x82, 0x94, 0x17, 0xB8, 0xB7, 0xFF, 0x07, 0xE5, 0x7D, 0x31,
    0x8C, 0xDD, 0xD8, 0x75, 0xF6, 0x21, 0x29, 0x0D, 0x01, 0xB1, 0xE0, 0xFE, 0xC0, 0x2E, 0x7E, 0x44,
    0x0B, 0x84, 0x95, 0x01, 0x7B, 0x81, 0x98, 0x75, 0x80, 0xAC, 0x48, 0x3B, 0x3D, 0xA0, 0x42, 0xE3,
    0x14, 0x5B, 0x6C, 0xB3, 0x85, 0xE3, 0x14, 0x4A, 0x99, 0xC2, 0x12, 0x69, 0xA7, 0x48, 0x91, 0xC2,
    0x53, 0xC4, 0x55, 0x1A, 0x15, 0x2A, 0xB4, 0xCF, 0x85, 0x52, 0xA4, 0x5C, 0x89, 0xB4, 0x53, 0xA6,
    0x08, 0x81, 0xC4, 0x70, 0x69, 0xDA, 0xBB, 0x4E, 0x00, 0xC7, 0x81, 0xE8, 0x98, 0x6B, 0x53, 0x12,
    0xC9, 0x13, 0x9E, 0xEF, 0xBB, 0x43, 0xF0, 0x69, 0x34, 0x03, 0x79, 0xB1, 0x2B, 0x8F, 0x46, 0x84,
    0xDE, 0xF9, 0xEE, 0x9B, 0xC7, 0xC7, 0x7B, 0xCF, 0xF9, 0xCE, 0xBD, 0xF7, 0xF0, 0xDC, 0xCB, 0x27,
    0x11, 0xF1, 0x77, 0xBB, 0x3B, 0x0B, 0x48, 0xA0, 0xDA, 0x39, 0x6C, 0x0D, 0xBD, 0xC3, 0xC3, 0x5C,
    0xB6, 0x47, 0xDA, 0x13, 0x8B, 0x81, 0xA8, 0x23, 0xC0, 0x77, 0x18, 0x38, 0x8C, 0x7E, 0x3A, 0x01,
    0xE3, 0xEF, 0x11, 0xB3, 0x78, 0x06, 0xDE, 0x72, 0x38, 0xC6, 0x8A, 0xAF, 0xF5, 0x11, 0x30, 0xE8,
    0x88, 0x51, 0x1D, 0xAA, 0xD5, 0x97, 0x94, 0xC4, 0x4C, 0x02, 0x2D, 0x17, 0xBC, 0xED, 0x50, 0x55,
    0xB5, 0xB6, 0xDA, 0x88, 0x41, 0x27, 0x81, 0x61, 0xDC, 0x88, 0xAF, 0x8D, 0x48, 0x52, 0x13, 0x33,
    0x11, 0xCF, 0xDA, 0x5F, 0x39, 0xB4, 0x36, 0xA8, 0x9D, 0x6B, 0x5F, 0x1D, 0xA4, 0x5A, 0xCA, 0xAA,
    0x5A, 0x12, 0xAD, 0xA2, 0xDD, 0xEE, 0x1E, 0xAE, 0x3E, 0xD8, 0x17, 0xD4, 0x54, 0x3C, 0x3C, 0xBC,
    0xBE, 0xEA, 0x7C, 0xD9, 0x8A, 0x5E, 0xA5, 0xFF, 0xD8, 0x48, 0x84, 0x8A, 0xB3, 0x21, 0x5C, 0xA4,
    0xB6, 0x81, 0xD6, 0xBE, 0xD6, 0x81, 0x96, 0x81, 0x4A, 0xA8, 0x79, 0x3C, 0x4B, 0xA4, 0x12, 0x4F,
    0x12, 0xAB, 0xA4, 0xA3, 0x2C, 0x6F, 0xB3, 0xC1, 0xC9, 0x64, 0x92, 0xA2, 0x97, 0x6C, 0x94, 0xA2,
    0x73, 0xB2, 0x1A, 0x16, 0xE9, 0xE9, 0x22, 0xFB, 0x40, 0xED, 0xA3, 0x38, 0x1B, 0x24, 0xD5, 0x07,
    0xD9, 0xFC, 0xCF, 0xB1, 0x0E, 0xA9, 0x76, 0x81, 0x36, 0xB1, 0xE6, 0xF2, 0xA6, 0x08, 0x5A, 0xE2,
    0x1F, 0xC9, 0x07, 0x34, 0x95, 0xF4, 0x78, 0x3F, 0x84, 0x60, 0xCA, 0x53, 0x6D, 0x0C, 0xA5, 0xD2,
    0x1C, 0x98, 0x4E, 0xC2, 0x03, 0x6F, 0x2F, 0x3A, 0x73, 0x77, 0xE4, 0x2B, 0x22, 0x32, 0xC8, 0xB7,
    0x17, 0x39, 0xFB, 0x03, 0xEC, 0xD0, 0x59, 0xFD, 0xB0, 0x4A, 0x34, 0x3B, 0x4B, 0x9C, 0x1F, 0x2E,
    0x2F, 0x2E, 0x17, 0x76, 0x3C, 0x84, 0x14, 0xBA, 0x26, 0x2E, 0xC5, 0x86, 0x97, 0xC4, 0xE2, 0x18,
    0x8F, 0xFF, 0xFE, 0x94, 0x85, 0x54, 0x89, 0xE1, 0x9C, 0xFF, 0xE1, 0x39, 0x0A, 0x3F, 0x41, 0x13,
    0xAD, 0x25, 0xDE, 0x04, 0xBB, 0x8E, 0x27, 0xA4, 0xFE, 0x0A, 0x5D, 0x0F, 0x6F, 0x6E, 0xF6, 0x24,
    0x6F, 0x07, 0xE5, 0x68, 0x72, 0x89, 0x47, 0x2A, 0xD8, 0x02, 0xF8, 0x37, 0x9F, 0x6C, 0x7B, 0x78,
    0x03, 0x57, 0x80, 0x9A, 0x2D, 0x0C, 0xA0, 0x93, 0x5D, 0xF0, 0x93, 0x54, 0xED, 0x12, 0x12, 0x69,
    0x6E, 0x2A, 0xD9, 0xC5, 0x0A, 0x9A, 0x5C, 0x5B, 0xAB, 0xDB, 0x88, 0xF2, 0xF2, 0xB5, 0x12, 0xA5,
    0x95, 0xE7, 0x6D, 0xC7, 0xCF, 0x46, 0x40, 0xB1, 0x07, 0xD5, 0x70, 0x3A, 0xB8, 0x53, 0x32, 0x07,
    0xB3, 0x88, 0x9F, 0x4B, 0xA2, 0xB9, 0xC4, 0xCB, 0x3F, 0x6D, 0xA5, 0x30, 0x7D, 0xD1, 0x3E, 0xA9,
    0x38, 0x38, 0x46, 0x0A, 0x3F, 0x02, 0x51, 0x50, 0x02, 0xAA, 0x87, 0x6A, 0x32, 0x46, 0x2B, 0xB2,
    0x0E, 0x15, 0x94, 0xA6, 0xF5, 0xB8, 0x55, 0x1A, 0x5F, 0xBB, 0x81, 0x0F, 0xB5, 0xC6, 0x95, 0x3A,
    0xB3, 0x52, 0x36, 0x88, 0x68, 0x9D, 0x8C, 0xE2, 0x6B, 0x1E, 0x0F, 0x66, 0x81, 0xB8, 0xB3, 0x4B,
    0x5D, 0xC9, 0x25, 0x19, 0xD9, 0x3A, 0xC8, 0x01, 0x0D, 0xEE, 0x37, 0xB2, 0xDB, 0xFF, 0x0B, 0xCE,
    0x0C, 0x45, 0xD2, 0x59, 0x12, 0x33, 0xD0, 0x7F, 0x2A, 0x5A, 0x3F, 0xDA, 0xC7, 0x18, 0x12, 0x3C,
    0x54, 0x6E, 0x74, 0x39, 0x13, 0xD6, 0xB2, 0x0E, 0x17, 0xA2, 0xDF, 0xEB, 0xEC, 0xA3, 0x29, 0xE8,
    0xED, 0xA3, 0x56, 0x46, 0x6B, 0x2D, 0xFA, 0xED, 0x45, 0xE2, 0x0B, 0x74, 0x85, 0xE8, 0xEA, 0x66,
    0xFD, 0xE2, 0x27, 0xBD, 0x78, 0xB3, 0x37, 0x4A, 0xD8, 0xCB, 0x6D, 0x6B, 0xED, 0xA5, 0x95, 0x27,
    0xD2, 0x04, 0x96, 0x40, 0x12, 0x38, 0x02, 0x45, 0x60, 0x08, 0x04, 0x81, 0x9F, 0x0C, 0x62, 0x00,
    0x09, 0xAB, 0xE8, 0xB6, 0x6F, 0xC9, 0x0B, 0x68, 0x01, 0x2B, 0x20, 0x05, 0x9C, 0xAC, 0x94, 0x60,
    0xF0, 0xC0, 0x18, 0x85, 0x36, 0xD7, 0x04, 0xD7, 0xAB, 0x04, 0xC7, 0x07, 0x04, 0xB9, 0x68, 0x3D,
    0xE8, 0x21, 0x15, 0xA7, 0xDA, 0x54, 0x3A, 0xD0, 0x7D, 0x85, 0x5F, 0x3E, 0x23, 0xDE, 0x1D, 0xB9,
    0x6A, 0xAD, 0x1C, 0xA5, 0x82, 0xB2, 0x21, 0xFB, 0xE0, 0xA3, 0x6E, 0x33, 0x64, 0xC3, 0x80, 0xF8,
    0xC2, 0x85, 0x62, 0xC4, 0xBF, 0x23, 0xEF, 0x2C, 0x72, 0xF0, 0xAC, 0x19, 0x73, 0x04, 0x33, 0x56,
    0x2D, 0x06, 0x8A, 0x12, 0xAD, 0x23, 0x1B, 0xE7, 0x6C, 0x4C, 0xBB, 0x27, 0x57, 0x8E, 0xF0, 0x25,
    0x37, 0xE1, 0x66, 0x3F, 0x9A, 0x69, 0x4C, 0x45, 0x1D, 0xD0, 0x9C, 0xBD, 0xA9, 0x06, 0x7A, 0x87,
    0xB2, 0x39, 0x12, 0xD5, 0xF9, 0x88, 0xBC, 0x61, 0x3A, 0xF7, 0x74, 0xBE, 0xAF, 0x2D, 0xDB, 0x80,
    0xCA, 0xAA, 0x1E, 0x96, 0x14, 0xED, 0x24, 0x56, 0x20, 0x3C, 0xD5, 0xD3, 0x16, 0x57, 0xF4, 0xB4,
    0x01, 0xFA, 0xCB, 0x2B, 0x38, 0xF9, 0xC2, 0xFC, 0x10, 0xC2, 0x77, 0x73, 0x60, 0xAC, 0xF0, 0x74,
    0x60, 0x6C, 0xD4, 0xCC, 0x86, 0x34, 0x6E, 0xA2, 0xE4, 0x3E, 0xB3, 0xD7, 0x08, 0x3E, 0x81, 0x18,
    0xAF, 0x06, 0x09, 0xB4, 0x41, 0xB3, 0x62, 0x63, 0x43, 0x7B, 0x29, 0x8C, 0x60, 0xFD, 0xF4, 0x3D,
    0xED, 0xC1, 0x27, 0x9A, 0x6F, 0x70, 0x57, 0x70, 0x1C, 0xEC, 0xEE, 0x1D, 0xDC, 0x83, 0xFE, 0x63,
    0x3C, 0xD8, 0xFB, 0x05, 0x69, 0xE3, 0x21, 0xE5, 0xF0, 0xDF, 0x67, 0x39, 0xAD, 0xFD, 0x80, 0x5E,
    0xD4, 0xB1, 0xDF, 0x69, 0x47, 0x97, 0x80, 0x19, 0x3C, 0x55, 0x58, 0x1B, 0x31, 0x09, 0x88, 0x0B,
    0x81, 0xDA, 0x06, 0x86, 0x8C, 0x4C, 0x8C, 0x19, 0xBA, 0x32, 0xA3, 0x13, 0x71, 0xF1, 0x89, 0x30,
    0x42, 0x21, 0xDF, 0x44, 0x44, 0x29, 0xC2, 0x38, 0x05, 0xAC, 0xAF, 0x58, 0x0D, 0x40, 0x4F, 0x81,
    0x88, 0x57, 0x4C, 0xFD, 0xB8, 0x18, 0x40, 0xCF, 0xC3, 0x6C, 0xEE, 0x45, 0x18, 0xB5, 0x88, 0xB8,
    0xB8, 0x45, 0x10, 0x5D, 0x7E, 0x91, 0x3C, 0x86, 0x44, 0x98, 0x61, 0x29, 0xFB, 0x66, 0x06, 0xF2,
    0x98, 0xBF, 0x3C, 0x1E, 0x85, 0x34, 0xE2, 0x1D, 0x00, 0xD7, 0x01, 0xF4, 0x98, 0xD5, 0xA1, 0x7B,
    0x48, 0xAA, 0xBC, 0x43, 0xFD, 0x14, 0xBC, 0x42, 0xFD, 0xCB, 0x5F, 0xC3, 0xDF, 0xC8, 0x5E, 0x4C,
    0x28, 0x86, 0x08, 0x55, 0x37, 0x46, 0xDD, 0xF2, 0x0A, 0xA1, 0x8B, 0xFD, 0x23, 0x6F, 0x2B, 0x6D,
    0xD9, 0x02, 0xD3, 0x4A, 0x1A, 0x38, 0x5B, 0x29, 0xAB, 0xC0, 0x18, 0x08, 0xEB, 0x57, 0xBE, 0x18,
    0x60, 0x3A, 0xB6, 0x8C, 0xAC, 0x4C, 0xBB, 0x95, 0xAB, 0xF5, 0x46, 0xE0, 0x5B, 0xD4, 0x48, 0x75,
    0x5C, 0x61, 0x7B, 0xEF, 0x09, 0x32, 0x55, 0x3B, 0x49, 0x01, 0x46, 0xE5, 0xAE, 0x6A, 0x69, 0xB2,
    0x16, 0x44, 0x46, 0x0D, 0xF9, 0xAB, 0x01, 0x71, 0x0D, 0x16, 0x45, 0x40, 0xA2, 0xC0, 0x29, 0x0D,
    0x82, 0x3D, 0x08, 0xA9, 0x7B, 0x44, 0x88, 0xD7, 0x71, 0x17, 0x30, 0x9F, 0x3A, 0xFC, 0x02, 0x6E,
    0xD1, 0xDE, 0x23, 0xDA, 0xE0, 0x91, 0xC9, 0x60, 0x30, 0xD2, 0x0E, 0x6F, 0xF6, 0xE4, 0xAC, 0x13,
    0x25, 0xF0, 0xBE, 0x1A, 0xB7, 0xD5, 0x9E, 0x89, 0x8D, 0x62, 0xDE, 0xFE, 0x44, 0xD6, 0x61, 0x22,
    0x4B, 0x6D, 0x22, 0x4B, 0xC7, 0x50, 0x25, 0x1D, 0xE2, 0x49, 0xB2, 0x2E, 0x19, 0x45, 0xDB, 0x6C,
    0x0C, 0xB5, 0xCC, 0xE6, 0x6A, 0x92, 0xC2, 0x48, 0x2D, 0x9E, 0xFC, 0x03, 0xB9, 0x5E, 0x05, 0x58,
    0x09, 0xAC, 0xAD, 0xA7, 0x86, 0x16, 0x77, 0xE4, 0xCB, 0x56, 0x69, 0x2F, 0x1F, 0xD9, 0xBB, 0x89,
    0x81, 0x78, 0xA5, 0x1D, 0xB4, 0xD2, 0x7A, 0xA3, 0xB8, 0xE4, 0x72, 0x31, 0x6C, 0xEF, 0x99, 0xCE,
    0x7E, 0xB7, 0x68, 0xEC, 0x4D, 0x61, 0x6F, 0x2C, 0x58, 0xDB, 0xB5, 0xC6, 0xF5, 0xA1, 0xE7, 0x1F,
    0x86, 0x0A, 0xEF, 0x31, 0x20, 0x52, 0xC0, 0xBE, 0x01, 0xA2, 0x09, 0xE0, 0x1D, 0x09, 0x8F, 0x0B,
    0x42, 0x85, 0xC0, 0xDF, 0x70, 0x65, 0x88, 0x04, 0xA5, 0x69, 0xAB, 0xE9, 0xCB, 0xA6, 0xE2, 0x95,
    0x37, 0xA9, 0x78, 0x9C, 0xA9, 0xA3, 0x76, 0x9B, 0x60, 0xA8, 0x20, 0x45, 0x1D, 0xB8, 0x3F, 0x3E,
    0x05, 0x66, 0x6C, 0x4D, 0x34, 0xBF, 0x4C, 0x4B, 0x07, 0x60, 0x1E, 0xD1, 0x70, 0x63, 0x27, 0xD6,
    0x26, 0xF0, 0x76, 0x5E, 0x64, 0x6C, 0xA7, 0xF8, 0x5A, 0x32, 0xD6, 0x7E, 0x27, 0x17, 0xD3, 0x5B,
    0x5F, 0x20, 0xD6, 0xBE, 0x30, 0x43, 0xD4, 0xD5, 0xDC, 0x4E, 0xD6, 0x55, 0x63, 0x2A, 0x4C, 0x7D,
    0x63, 0x7D, 0x56, 0x5B, 0xEF, 0xD9, 0x20, 0x1B, 0xC4, 0x81, 0x39, 0x01, 0x75, 0x02, 0xEE, 0x04,
    0xE4, 0x09, 0xD8, 0x13, 0xD0, 0x27, 0xE0, 0x8F, 0x04, 0x92, 0x41, 0x12, 0xB7, 0x95, 0x60, 0x11,
    0x3A, 0xBD, 0x50, 0xE2, 0x20, 0xA2, 0xB1, 0x52, 0xDA, 0xB3, 0x72, 0x89, 0x03, 0xF0, 0x1D, 0x75,
    0xFB, 0x89, 0x03, 0x1E, 0x37, 0x11, 0xC5, 0xBD, 0xAD, 0x6A, 0x7C, 0x57, 0x8F, 0xDF, 0x43, 0xB4,
    0x55, 0x7A, 0xDA, 0x21, 0xA2, 0xD0, 0x0E, 0xAD, 0xA8, 0x3A, 0xC1, 0x38, 0x5D, 0x83, 0x8B, 0x3F,
    0xB5, 0x33, 0x5E, 0xFC, 0xA6, 0x28, 0x52, 0xED, 0xAB, 0x41, 0x62, 0x82, 0x57, 0x69, 0xBE, 0x80,
    0x9D, 0x06, 0x18, 0xC0, 0x8C, 0x8B, 0x5C, 0x2A, 0x82, 0x55, 0x3E, 0x03, 0x22, 0xCD, 0xCD, 0x35,
    0x02, 0xFD, 0xE4, 0xFF, 0x9B, 0xB6, 0xD5, 0xEA, 0x03, 0x8F, 0xB7, 0x77, 0x3A, 0x57, 0x3E, 0x04,
    0xA4, 0x0A, 0xA8, 0xD0, 0x38, 0x7F, 0x86, 0x57, 0x47, 0x3D, 0xDD, 0xBC, 0x0E, 0xCC, 0x12, 0x6F,
    0x21, 0xC0, 0x41, 0x94, 0xD6, 0xDA, 0xDB, 0xEB, 0x59, 0x6F, 0xDE, 0x36, 0x6B, 0x0F, 0x9F, 0xFD,
    0x45, 0x27, 0x52, 0x35, 0x55, 0x73, 0x24, 0x9E, 0xE6, 0x19, 0x82, 0x58, 0x31, 0x08, 0x27, 0x40,
    0x34, 0x4A, 0x41, 0xA8, 0x1A, 0x80, 0xD6, 0xF6, 0x99, 0xAF, 0xB9, 0x9D, 0xF9, 0x3E, 0xD4, 0x57,
    0x05, 0x69, 0xD5, 0x9C, 0x23, 0xDF, 0xB8, 0x4D, 0x37, 0x66, 0x0D, 0x41, 0x9F, 0xE4, 0x00, 0x1D,
    0x5D, 0x4F, 0x59, 0xED, 0xEF, 0xE9, 0xCE, 0xF4, 0x8B, 0x07, 0xF4, 0x80, 0xB4, 0x33, 0x1F, 0xC2,
    0xD7, 0xB4, 0x24, 0xE4, 0xD6, 0x8E, 0x60, 0x36, 0x93, 0x1F, 0x16, 0x03, 0xFB, 0x44, 0x09, 0x12,
    0x3F, 0x11, 0x1C, 0x77, 0xE5, 0xAA, 0xC1, 0x28, 0xD7, 0xD0, 0x8A, 0xAF, 0x8D, 0xAC, 0xB1, 0x5F,
    0x7D, 0x62, 0xCD, 0x04, 0xCA, 0x1B, 0x72, 0xB1, 0xBC, 0xC0, 0x2F, 0xC5, 0xE2, 0xF1, 0xA0, 0xF5,
    0x3A, 0x83, 0x01, 0x43, 0xB0, 0xAF, 0xEC, 0x0F, 0x4A, 0xA5, 0x53, 0x97, 0xEA, 0x84, 0xBC, 0xB8,
    0x5E, 0xE0, 0x26, 0x21, 0xC7, 0x4F, 0x04, 0x38, 0x3B, 0x65, 0x75, 0x51, 0xBC, 0x00, 0x41, 0xCD,
    0xB6, 0x39, 0x7B, 0x10, 0xEF, 0x07, 0x72, 0x17, 0xD6, 0x0B, 0x2E, 0x1C, 0xA9, 0x3C, 0xBE, 0x55,
    0x02, 0x14, 0xE0, 0x29, 0xE9, 0x1E, 0x01, 0x41, 0x07, 0x88, 0xEA, 0x4D, 0xFF, 0x06, 0xB5, 0x25,
    0x20, 0x21, 0x14, 0x90, 0x42, 0x6D, 0x02, 0x68, 0x63, 0xD4, 0x31, 0x99, 0x72, 0xC1, 0x9D, 0xE1,
    0x60, 0x47, 0x44, 0xBA, 0x91, 0xD6, 0x50, 0x67, 0x2D, 0x7D, 0x9F, 0x0D, 0x08, 0x87, 0xC8, 0xB5,
    0xAB, 0xF1, 0x06, 0x5A, 0x65, 0x3B, 0x4D, 0xB0, 0x51, 0x7D, 0xEA, 0x22, 0xBB, 0x3E, 0x73, 0xB1,
    0x5D, 0x7E, 0x79, 0x79, 0x09, 0xC8, 0x86, 0x8E, 0x55, 0x07, 0x66, 0x29, 0xB4, 0x65, 0xC1, 0x48,
    0x86, 0xF0, 0xB5, 0x61, 0x9C, 0x77, 0x9C, 0x9D, 0x62, 0x21, 0x40, 0xA1, 0x44, 0x01, 0x53, 0x14,
    0x54, 0x50, 0x2B, 0x44, 0x28, 0x88, 0xCB, 0xE2, 0xB0, 0x60, 0x8A, 0x32, 0xEE, 0x83, 0x17, 0xE3,
    0x5D, 0x3A, 0xC2, 0x47, 0xE1, 0x79, 0x10, 0x6B, 0x01, 0x1E, 0x88, 0x8C, 0x66, 0xE5, 0x82, 0x63,
    0xD7, 0x40, 0x14, 0xB8, 0x6E, 0x18, 0xB8, 0xE4, 0x4E, 0x03, 0x0F, 0x34, 0x81, 0xC2, 0x72, 0x5C,
    0xBD, 0x07, 0x6B, 0x4D, 0x30, 0x95, 0x8A, 0x31, 0x6B, 0xAB, 0x70, 0x49, 0x6B, 0xF4, 0x15, 0x79,
    0xD8, 0x22, 0x71, 0x92, 0xCB, 0xCE, 0x22, 0x30, 0x9F, 0xB9, 0xAD, 0x4A, 0xD1, 0x7D, 0x56, 0xC9,
    0xA6, 0xB2, 0xB1, 0x68, 0x29, 0x1A, 0xE6, 0xDD, 0xB0, 0x56, 0xA5, 0x96, 0x79, 0xEE, 0xAD, 0xB2,
    0xEA, 0x77, 0xAA, 0x8D, 0x54, 0x4F, 0xBF, 0xAE, 0xAD, 0xE8, 0xEC, 0x99, 0x1C, 0x3D, 0x6D, 0x3C,
    0xED, 0x16, 0xE9, 0x6B, 0x8B, 0x5C, 0x5E, 0x13, 0x68, 0x8D, 0x7F, 0x25, 0x13, 0x43, 0xF8, 0xE7,
    0xB2, 0x43, 0x31, 0xFF, 0xCD, 0xF6, 0x2F, 0x99, 0x20, 0x47, 0x93, 0xE9, 0x22, 0xF5, 0x7E, 0x36,
    0x48, 0xA4, 0xD3, 0x22, 0x7D, 0xB0, 0x22, 0x6F, 0x7D, 0x56, 0x42, 0x77, 0xFA, 0x64, 0xF7, 0x03,
    0x7D, 0x72, 0x24, 0xCA, 0xA3, 0x96, 0x6F, 0xE8, 0x2F, 0x0E, 0xFF, 0x42, 0x7F, 0x9C, 0x9F, 0x7F,
    0x42, 0xCF, 0xA6, 0xE9, 0xE0, 0xBE, 0xEE, 0x4A, 0x77, 0x8F, 0x71, 0xB9, 0x98, 0x0E, 0x73, 0x59,
    0xD3, 0xE1, 0x96, 0xAA, 0x2D, 0xFA, 0x42, 0x73, 0xA9, 0x7E, 0x4D, 0xB2, 0xFE, 0x5B, 0x1B, 0x51,
    0xF5, 0x4D, 0x92, 0xA6, 0xDE, 0x37, 0x9A, 0xBA, 0xCF, 0x9F, 0x26, 0xB9, 0x8A, 0x31, 0x4D, 0xDB,
    0x38, 0x97, 0x40, 0xA7, 0x02, 0x36, 0x9C, 0x44, 0xE2, 0xEF, 0xDA, 0x58, 0x91, 0xB8, 0xF5, 0x5C,
    0x6F, 0xAF, 0x9F, 0x0A, 0x38, 0x15, 0x10, 0x2A, 0xB0, 0x18, 0xA8, 0x34, 0xA9, 0x5B, 0xC9, 0x1C,
    0x72, 0xB3, 0xDE, 0x76, 0x05, 0x1B, 0xC9, 0x69, 0x20, 0xD2, 0x1C, 0xF2, 0x84, 0x33, 0x43, 0x72,
    0x56, 0xC8, 0x9E, 0xBF, 0x74, 0x00, 0x46, 0x40, 0x07, 0xB9, 0x10, 0x21, 0x09, 0xF2, 0x97, 0x72,
    0xC9, 0xD7, 0xE6, 0xAB, 0x91, 0x3E, 0x7E, 0x10, 0xAB, 0x8E, 0x69, 0xA8, 0xDD, 0xBB, 0x36, 0x7A,
    0x6E, 0x8E, 0x48, 0x47, 0xBC, 0x98, 0x9D, 0xC5, 0x1C, 0xB2, 0xFA, 0x22, 0x5F, 0x2D, 0x1A, 0xBE,
    0x26, 0x84, 0x99, 0x2B, 0x85, 0xB3, 0x31, 0x61, 0xFA, 0xB5, 0x05, 0x1F, 0xE5, 0x81, 0x2A, 0xDB,
    0x71, 0x19, 0x8B, 0x8C, 0xBB, 0xBB, 0xC6, 0x7E, 0x27, 0x81, 0x09, 0x6C, 0x24, 0x5A, 0x4D, 0x06,
    0x8B, 0xC1, 0x60, 0xB4, 0x17, 0xCD, 0xA5, 0xAB, 0xD0, 0x96, 0xA6, 0xA2, 0xA5, 0x82, 0x55, 0xC0,
    0x4C, 0xB0, 0x12, 0x53, 0xEB, 0x10, 0x33, 0x2D, 0xE4, 0x0C, 0x94, 0x3D, 0x67, 0xF1, 0x4B, 0x7B,
    0x98, 0x86, 0x96, 0xA1, 0x61, 0xDE, 0xD9, 0xED, 0x32, 0x9D, 0x0B, 0x9D, 0xDF, 0x3A, 0x74, 0x53,
    0x5F, 0xA5, 0x75, 0x85, 0x84, 0x36, 0xDD, 0x68, 0xEB, 0x3D, 0xC9, 0x64, 0x1E, 0x93, 0x2D, 0xFF,
    0x06, 0x4C, 0xB3, 0xBD, 0xFD, 0xAB, 0xFA, 0x37, 0x8A, 0xB9, 0xCF, 0xB4, 0xB3, 0xCE, 0x75, 0xFD,
    0x45, 0x12, 0x6E, 0xE7, 0x49, 0xFF, 0x3F, 0x92, 0x83, 0x32, 0x95, 0xB8, 0x4C, 0x9A, 0x42, 0x62,
    0xB5, 0xA5, 0x8A, 0x01, 0x35, 0xAE, 0x8B, 0xBF, 0xB4, 0x08, 0x5E, 0x21, 0x39, 0x77, 0x5C, 0xA3,
    0x5A, 0xBE, 0xDC, 0x18, 0x92, 0x72, 0xC0, 0x40, 0x85, 0x74, 0x1F, 0xBC, 0xCC, 0x42, 0xB2, 0x98,
    0x48, 0x32, 0xED, 0x98, 0x46, 0xB8, 0x7E, 0x6E, 0xD4, 0x47, 0xA0, 0xE2, 0x8D, 0x8C, 0x10, 0x5C,
    0x86, 0x26, 0x81, 0xC0, 0xDB, 0xF9, 0x9F, 0xAC, 0x8A, 0xCE, 0x5A, 0x71, 0x84, 0x9C, 0x25, 0x6A,
    0x5C, 0x87, 0xD1, 0x68, 0x42, 0x6C, 0xFB, 0x85, 0xF6, 0xA1, 0x22, 0x97, 0x60, 0x81, 0xB8, 0x61,
    0xD6, 0x08, 0x2F, 0x2B, 0xCF, 0x8D, 0x24, 0x58, 0x9C, 0x29, 0x19, 0x83, 0xEF, 0xD9, 0xE2, 0x94,
    0xC4, 0xE2, 0xF9, 0xB0, 0xF9, 0xE7, 0xD0, 0xC7, 0x12, 0x4E, 0x9E, 0x2D, 0x94, 0xB1, 0x6C, 0x0E,
    0x14, 0x0A, 0xF5, 0xB1, 0x40, 0x29, 0x4F, 0x5B, 0x2A, 0xE6, 0x6B, 0x03, 0xBD, 0xA0, 0xC2, 0xB6,
    0x80, 0x90, 0x1C, 0x8A, 0xC2, 0xEA, 0x50, 0x16, 0x7A, 0xD9, 0xE7, 0xF1, 0xB6, 0x80, 0x13, 0xA1,
    0x23, 0xD6, 0xAD, 0x27, 0x14, 0xE8, 0xEB, 0xF8, 0x3C, 0x43, 0x61, 0x86, 0xCE, 0x30, 0x06, 0xAC,
    0x8A, 0x13, 0x31, 0x55, 0x32, 0xFA, 0xDE, 0x2B, 0x0C, 0x68, 0x00, 0x53, 0x63, 0x6C, 0x60, 0xCF,
    0x96, 0x72, 0x16, 0xAD, 0x69, 0x2C, 0x14, 0xB0, 0xB6, 0x06, 0x8A, 0xD9, 0x00, 0x20, 0xEA, 0xDD,
    0x2F, 0x30, 0xCC, 0x59, 0xA7, 0x02, 0x68, 0x0F, 0xF0, 0xF0, 0x6D, 0x7C, 0x79, 0x12, 0x57, 0x38,
    0x02, 0x26, 0x47, 0x72, 0xD0, 0x4B, 0x85, 0xBB, 0x12, 0xC5, 0x4A, 0xA0, 0x65, 0x40, 0x27, 0x9B,
    0x13, 0x92, 0x71, 0x19, 0x17, 0xC4, 0xBB, 0x2E, 0xFB, 0x07, 0x89, 0x4B, 0x74, 0x80, 0xEC, 0xB1,
    0x17, 0xAB, 0x33, 0xE7, 0xD5, 0xCE, 0x8C, 0xA8, 0x6D, 0xA4, 0xA6, 0x50, 0x6C, 0xB2, 0x5E, 0xA4,
    0xBF, 0xC8, 0xD9, 0x14, 0x4A, 0x26, 0xF3, 0x71, 0xAE, 0xF9, 0x67, 0xD6, 0x3F, 0xB0, 0xF8, 0x49,
    0x39, 0x9B, 0x19, 0x28, 0x93, 0xC9, 0x88, 0x5E, 0x4E, 0x33, 0xAE, 0x47, 0x1B, 0x2E, 0x70, 0x5A,
    0x9E, 0xF5, 0x36, 0x64, 0x70, 0x7A, 0xAB, 0x4E, 0x99, 0x43, 0x61, 0x1A, 0x47, 0x53, 0x0F, 0xE9,
    0x8C, 0xB6, 0x83, 0xB6, 0x81, 0x76, 0xB4, 0x17, 0x33, 0x7C, 0xFF, 0x3E, 0x1A, 0xA8, 0x4C, 0x82,
    0xD4, 0x6C, 0xC6, 0x8D, 0x49, 0x97, 0x65, 0x3D, 0x42, 0x55, 0x32, 0x0D, 0x90, 0x42, 0x8F, 0xB6,
    0xB7, 0x65, 0xFB, 0x9B, 0x0A, 0x4E, 0xAE, 0x3E, 0xAE, 0xD6, 0xD7, 0x2D, 0xD0, 0x2B, 0xC9, 0x34,
    0xFD, 0x6B, 0x0B, 0xDB, 0x4D, 0x63, 0x20, 0x1A, 0xEC, 0x9E, 0xBC, 0x27, 0x04, 0xD3, 0x67, 0xB7,
    0xA1, 0xEA, 0xB7, 0x95, 0x6F, 0x13, 0xBD, 0xA8, 0x67, 0x0D, 0x27, 0xDE, 0xE0, 0xF9, 0x95, 0x36,
    0x00, 0xBC, 0x59, 0x4D, 0xE6, 0x6B, 0x87, 0x96, 0xC0, 0x99, 0x3F, 0xC6, 0x72, 0x71, 0x3E, 0xE3,
    0xF6, 0x2F, 0x83, 0x6B, 0x5C, 0x3E, 0xE9, 0x19, 0xAB, 0x0C, 0x21, 0x59, 0x57, 0x78, 0x4A, 0x2C,
    0xB3, 0x1F, 0x9E, 0x9F, 0xB5, 0x0D, 0xA2, 0x3A, 0x2B, 0x78, 0xA2, 0x64, 0x55, 0xC1, 0xB6, 0x2A,
    0x5E, 0x7E, 0x34, 0x35, 0xD9, 0x0F, 0xB5, 0x41, 0xB7, 0xDC, 0xDC, 0x56, 0x8D, 0x2E, 0x08, 0x1F,
    0x31, 0x7A, 0xC4, 0x7A, 0x04, 0x23, 0x44, 0x13, 0xEB, 0x8C, 0xDD, 0x90, 0x98, 0x95, 0xC4, 0x99,
    0x14, 0x06, 0x3D, 0xB0, 0x89, 0x5D, 0x1B, 0x0A, 0x9A, 0xF5, 0x87, 0x23, 0xF1, 0x5F, 0x81, 0xA1,
    0xDE, 0x9F, 0x49, 0xA4, 0x3A, 0xC5, 0x55, 0x73, 0xE0, 0xDF, 0x6B, 0x8D, 0xD6, 0x85, 0xDA, 0x80,
    0xD3, 0x40, 0x5B, 0x34, 0xCB, 0x3F, 0x1E, 0x23, 0x74, 0x70, 0xE8, 0xC6, 0xD1, 0xE2, 0x78, 0x6F,
    0x80, 0x2E, 0x88, 0xE1, 0x3B, 0xC7, 0x38, 0x11, 0x6B, 0xE3, 0x86, 0x89, 0x11, 0xA3, 0x04, 0xF8,
    0x3B, 0x71, 0x1C, 0xDC, 0x23, 0xC6, 0x03, 0x31, 0xE9, 0x88, 0x69, 0x4D, 0xCC, 0x08, 0x5C, 0x0F,
    0x5D, 0x73, 0x94, 0x9F, 0xE1, 0xCE, 0x8A, 0xD4, 0xC5, 0x6A, 0x1D, 0x39, 0xD6, 0x49, 0xAA, 0xCE,
    0xD3, 0x72, 0x91, 0x3E, 0x52, 0x1E, 0x11, 0x26, 0xBE, 0x14, 0x7B, 0x0A, 0x2A, 0xBB, 0xF2, 0xBF,
    0x8C, 0x66, 0xAC, 0x7F, 0x83, 0xD4, 0x09, 0x72, 0x16, 0x9B, 0xF8, 0xD4, 0x8C, 0x16, 0x62, 0x17,
    0x01, 0x46, 0xE0, 0xD9, 0xD7, 0x16, 0x23, 0x14, 0xF2, 0xF8, 0xD5, 0x88, 0xC9, 0x41, 0xB1, 0xFE,
    0xAE, 0xF5, 0x22, 0xC1, 0xFF, 0xE6, 0xF0, 0x3F, 0x5C, 0x73, 0x0C, 0x64, 0x50, 0x92, 0x06, 0x6D,
    0xCB, 0x4D, 0xDE, 0xDA, 0x2A, 0x49, 0x47, 0xB0, 0x36, 0x43, 0xDA, 0x28, 0x68, 0x6D, 0xD6, 0x97,
    0xD4, 0xE6, 0x75, 0x64, 0xC2, 0x9B, 0xC8, 0xF5, 0xEE, 0x7E, 0xBB, 0x2F, 0x76, 0xDA, 0x6C, 0xA6,
    0xDA, 0xBB, 0xD1, 0x90, 0x14, 0x00, 0xBF, 0x65, 0xDF, 0x3D, 0x63, 0xD4, 0x79, 0x81, 0x85, 0x9E,
    0x72, 0x7F, 0xD4, 0x39, 0x73, 0xA1, 0xE7, 0x32, 0xE9, 0x4E, 0x09, 0xD7, 0xD8, 0x63, 0xDF, 0x65,
    0x67, 0xFD, 0x08, 0x2E, 0xEA, 0x8D, 0x58, 0xE8, 0x79, 0x6F, 0xE0, 0x42, 0x4F, 0xBF, 0x59, 0x00,
    0xE5, 0x8E, 0xC3, 0x9C, 0xD1, 0x09, 0x77, 0x87, 0x56, 0xA5, 0x8B, 0x5F, 0xBC, 0xDC, 0x4E, 0xF8,
    0x10, 0x53, 0x15, 0x76, 0x75, 0x9C, 0x12, 0x52, 0x54, 0xCF, 0x89, 0x55, 0x9E, 0x0D, 0x58, 0x50,
    0xCD, 0xC9, 0x58, 0x05, 0x02, 0x8E, 0x9B, 0xEE, 0x5F, 0x98, 0x02, 0x6F, 0xF5, 0x23, 0x33, 0x6F,
    0x7F, 0x3C, 0x85, 0xDC, 0x78, 0xF5, 0xAD, 0xBE, 0x7F, 0xBC, 0x73, 0x04, 0xA8, 0x6A, 0x80, 0x42,
    0x7A, 0x13, 0x20, 0xE8, 0x01, 0x61, 0x03, 0xF0, 0xDC, 0xF9, 0xBB, 0x23, 0x4C, 0x11, 0x37, 0xD7,
    0x88, 0xF5, 0xE4, 0x5D, 0xC0, 0x7A, 0x07, 0xB0, 0x7F, 0x17, 0xB0, 0x1F, 0xFC, 0xB6, 0xA7, 0x06,
    0xBF, 0x2C, 0x3F, 0xAD, 0x31, 0xE2, 0x54, 0x03, 0x96, 0xCC, 0x04, 0xEE, 0xC2, 0xAC, 0x61, 0xD4,
    0x33, 0x34, 0x4F, 0x6A, 0x8E, 0x58, 0x6F, 0xAE, 0x63, 0xB8, 0xCB, 0xA3, 0x30, 0xFE, 0x2B, 0x4A,
    0x70, 0xA2, 0xE4, 0x64, 0x04, 0x19, 0x7E, 0x77, 0x0E, 0x39, 0x31, 0x37, 0xF7, 0xEF, 0x45, 0x3A,
    0x45, 0xA3, 0x6D, 0x41, 0xB3, 0x14, 0x6D, 0xD2, 0x2C, 0x22, 0x2B, 0x25, 0x1B, 0x6E, 0xDB, 0x05,
    0x3E, 0x78, 0xC5, 0xDD, 0xFC, 0x21, 0x80, 0x6E, 0x52, 0xBA, 0xCD, 0x7E, 0x6E, 0x6F, 0x58, 0xE0,
    0x7C, 0xE6, 0x83, 0xCF, 0xD9, 0xA4, 0x9F, 0xC3, 0xC8, 0x71, 0x3B, 0x0F, 0xF4, 0xBB, 0x16, 0x70,
    0xFF, 0xB9, 0x36, 0x91, 0x8D, 0xE5, 0xB1, 0xFA, 0x5A, 0xC6, 0xB3, 0x7C, 0xF0, 0x52, 0x4D, 0x7A,
    0x09, 0xD0, 0x7C, 0x5B, 0x30, 0xEB, 0x0C, 0x30, 0xE9, 0xA3, 0x16, 0x30, 0xD3, 0x4B, 0xDB, 0x8D,
    0x97, 0xA6, 0x4A, 0xDB, 0x03, 0x42, 0x77, 0xC6, 0xFB, 0x9F, 0x87, 0x49, 0x7F, 0xCF, 0xAE, 0xFF,
    0xC6, 0xF2, 0xEA, 0x24, 0x53, 0x7B, 0xD5, 0x88, 0x5B, 0xB0, 0xDC, 0xD0, 0x61, 0x1D, 0xF4, 0xDD,
    0xE5, 0xF5, 0xFF, 0x7E, 0x8F, 0xAE, 0x2F, 0x57, 0x76, 0x44, 0xB4, 0x9A, 0xD6, 0x6A, 0x89, 0x9E,
    0xBA, 0x53, 0xC2, 0x91, 0x28, 0x71, 0x43, 0xDC, 0x0F, 0x4A, 0xB9, 0xAD, 0x1D, 0x0A, 0xA4, 0x3A,
    0x88, 0xE0, 0x36, 0x11, 0xE9, 0xBB, 0xC7, 0x58, 0x17, 0x10, 0x09, 0x5B, 0x2B, 0xA8, 0x5B, 0xC6,
    0x50, 0xF3, 0x4F, 0x2B, 0x3C, 0xD5, 0x1A, 0x05, 0xEF, 0xB1, 0xB6, 0x12, 0x97, 0x4B, 0xA1, 0xB7,
    0xA9, 0xDC, 0xA6, 0xA7, 0xAE, 0x18, 0x24, 0xC5, 0xF2, 0x87, 0xDD, 0xA0, 0x58, 0xA1, 0x4D, 0x26,
    0x14, 0xC2, 0x26, 0x56, 0xB9, 0x7D, 0xFC, 0xD4, 0xCD, 0x2D, 0x6B, 0x95, 0xA5, 0x23, 0x3F, 0x42,
    0xC1, 0xD3, 0x66, 0xB4, 0x82, 0x45, 0x17, 0xB8, 0x4D, 0xCC, 0xA5, 0xFA, 0xB4, 0x17, 0xB2, 0x32,
    0x5B, 0x21, 0x33, 0x22, 0x3B, 0x16, 0x62, 0x14, 0xAE, 0x19, 0xC3, 0x2D, 0x83, 0x96, 0x00, 0x1D,
    0x6C, 0x74, 0x9E, 0xEA, 0x1B, 0xB9, 0x56, 0xA8, 0xA0, 0x5F, 0xED, 0x72, 0x4C, 0xD9, 0xE6, 0x8E,
    0xC7, 0xEC, 0xBA, 0x46, 0x15, 0x69, 0xBF, 0xC6, 0x14, 0xDE, 0x74, 0x22, 0xA2, 0xF0, 0x6E, 0x18,
    0x41, 0x85, 0x2E, 0xF2, 0x67, 0xAA, 0xA5, 0xA7, 0xFF, 0x85, 0xF4, 0xED, 0x23, 0x6C, 0xF1, 0x1C,
    0xF1, 0xA8, 0x4D, 0x8F, 0xBE, 0xDC, 0x41, 0x36, 0x48, 0xB0, 0xD6, 0x67, 0x24, 0x58, 0xE3, 0xC9,
    0x1C, 0x22, 0x19, 0x4D, 0xA6, 0x0C, 0x7E, 0x16, 0x39, 0x5D, 0x42, 0xFC, 0xF3, 0x00, 0xBB, 0x3C,
    0x87, 0xAA, 0x13, 0x46, 0xC0, 0xF2, 0xE6, 0xEB, 0x4A, 0xD3, 0xFE, 0xC1, 0xC9, 0x6E, 0xB3, 0x4E,
    0x86, 0xE5, 0x21, 0x22, 0x02, 0xD9, 0xED, 0xFA, 0x15, 0xAA, 0xE7, 0xF1, 0xE6, 0x39, 0xE2, 0x91,
    0x87, 0x07, 0x3D, 0x82, 0x59, 0xD6, 0x1E, 0xCA, 0x45, 0x2E, 0x70, 0x06, 0x56, 0x64, 0x4D, 0x2E,
    0x5E, 0x29, 0xE5, 0x1E, 0x0A, 0x51, 0x1B, 0xF6, 0x54, 0x7E, 0x48, 0x1B, 0x9A, 0x63, 0x3E, 0xEE,
    0xE6, 0x0A, 0x7B, 0xAC, 0xA3, 0x26, 0x56, 0x0B, 0x5F, 0xFB, 0x6E, 0xFE, 0x4D, 0x39, 0x38, 0x5A,
    0xCA, 0xB8, 0x91, 0x4B, 0x7F, 0x88, 0x99, 0xFF, 0xE9, 0x28, 0xCC, 0x56, 0xAE, 0xE1, 0xCC, 0xE1,
    0x39, 0xEA, 0xE6, 0x50, 0x90, 0x2D, 0x51, 0x68, 0xB0, 0xB6, 0x92, 0xEA, 0xF2, 0x58, 0x0B, 0xD9,
    0x5A, 0xC0, 0x54, 0x6A, 0x85, 0x58, 0x87, 0xC4, 0xBE, 0x3A, 0xC5, 0xDA, 0x1B, 0xDB, 0x6F, 0xF7,
    0x52, 0xFD, 0x16, 0xDB, 0xF6, 0x72, 0x29, 0x9E, 0x7E, 0x67, 0x29, 0xBC, 0x01, 0x9A, 0x5D, 0xA6,
    0x60, 0x3C, 0x2E, 0x0C, 0x2E, 0x05, 0x82, 0x45, 0x3D, 0xCE, 0xB0, 0x6B, 0xEE, 0x80, 0x05, 0x68,
    0xCC, 0x42, 0xB9, 0x66, 0x2D, 0x98, 0xB8, 0xA0, 0xEA, 0x30, 0x2C, 0x0B, 0x30, 0x00, 0x0B, 0x33,
    0x0B, 0x66, 0x80, 0x48, 0x1F, 0x21, 0x34, 0xC0, 0x04, 0x8C, 0x02, 0xF6, 0x80, 0xD3, 0x5B, 0x5F,
    0xDB, 0x99, 0xC8, 0x98, 0xE1, 0x51, 0x38, 0x94, 0xCA, 0xA1, 0x4C, 0x0E, 0x83, 0x91, 0x88, 0x20,
    0x5F, 0x90, 0xAE, 0x69, 0x58, 0x28, 0xD6, 0x75, 0xF3, 0x4F, 0xF6, 0x7C, 0x38, 0x3B, 0xC5, 0x87,
    0xFD, 0x53, 0x7C, 0x38, 0x78, 0x01, 0x1F, 0x86, 0x03, 0x6F, 0x12, 0xCF, 0xDB, 0xDC, 0x73, 0x77,
    0x76, 0x06, 0x0A, 0x0E, 0x43, 0xDF, 0xB8, 0xC4, 0xAC, 0x30, 0x33, 0x67, 0x8C, 0xF4, 0x3C, 0x3C,
    0x50, 0xCF, 0xB5, 0x2F, 0xC2, 0x89, 0xA7, 0xE9, 0xBD, 0x0A, 0x8A, 0xA6, 0xEE, 0xB1, 0xF3, 0x5F,
    0xDC, 0x9C, 0x71, 0xB9, 0x50, 0x4B, 0xFA, 0x51, 0x23, 0x45, 0x87, 0xDA, 0xB1, 0x5F, 0xC3, 0x54,
    0x5B, 0xA0, 0x87, 0x7B, 0x16, 0x43, 0xAC, 0x62, 0x90, 0xCC, 0x80, 0x74, 0xC2, 0x30, 0x99, 0x8D,
    0x06, 0x3D, 0x40, 0xFB, 0x02, 0xD0, 0x55, 0xC3, 0x0A, 0xBE, 0x36, 0x55, 0x0F, 0xB7, 0x27, 0x94,
    0xC5, 0x20, 0x2E, 0x2B, 0x6B, 0x26, 0xE1, 0xDD, 0x9B, 0x59, 0xC6, 0x34, 0x8F, 0xD4, 0x05, 0x6D,
    0x6D, 0x32, 0x6F, 0x1F, 0x93, 0xA2, 0x7E, 0x6F, 0x41, 0x72, 0x83, 0xBF, 0x07, 0x0D, 0xFC, 0xE7,
    0x3C, 0x38, 0x7F, 0x03, 0x36, 0xC3, 0x36, 0x52, 0x7C, 0x9A, 0xF5, 0x76, 0x71, 0x0B, 0xB2, 0xD9,
    0xE5, 0x72, 0x14, 0xF2, 0x78, 0x66, 0x9E, 0xD8, 0x64, 0x46, 0x39, 0x58, 0x57, 0x2C, 0x06, 0x0B,
    0x76, 0x31, 0xA4, 0x1C, 0x67, 0x8B, 0x3B, 0xB3, 0x4D, 0xD1, 0x83, 0x29, 0x70, 0x94, 0x8E, 0x1E,
    0x32, 0xF6, 0xEF, 0x61, 0x21, 0x45, 0x61, 0x01, 0x2E, 0xDA, 0xA0, 0x1D, 0x5C, 0x96, 0x13, 0x2E,
    0xCC, 0x89, 0x5B, 0x9A, 0x83, 0xBB, 0x6E, 0x76, 0x66, 0x24, 0xEB, 0xDE, 0xFF, 0x8B, 0xC5, 0xCE,
    0x1D, 0x4B, 0xE7, 0xCB, 0x80, 0x11, 0x78, 0xF6, 0x47, 0x28, 0xBC, 0x79, 0x38, 0x5E, 0x5D, 0x4C,
    0x78, 0x8E, 0xF8, 0x42, 0x3C, 0x74, 0xE5, 0x1E, 0x52, 0x79, 0x49, 0x8F, 0xC4, 0x65, 0xC6, 0x8D,
    0xD3, 0x68, 0x6C, 0x05, 0x25, 0xFC, 0x21, 0x04, 0x7B, 0xB9, 0x77, 0xC1, 0xF8, 0xA2, 0xEA, 0xD4,
    0x9C, 0x8A, 0x53, 0xEF, 0x87, 0xFE, 0x48, 0xAD, 0xA1, 0xF4, 0x39, 0xE3, 0x6B, 0xCB, 0x80, 0x1D,
    0x39, 0x48, 0x40, 0x09, 0x3C, 0xE8, 0x2F, 0x7F, 0xA0, 0xB0, 0x8B, 0x99, 0xBC, 0x72, 0x93, 0x65,
    0x29, 0x96, 0xEE, 0xE8, 0xAC, 0x11, 0x56, 0xD2, 0x06, 0x77, 0xB5, 0xB7, 0x70, 0x0E, 0xC8, 0xC0,
    0x27, 0x28, 0x41, 0xC2, 0x68, 0x90, 0x20, 0x07, 0x12, 0x25, 0x9A, 0x59, 0x75, 0x5E, 0x4B, 0x13,
    0xD7, 0x60, 0xDD, 0x1A, 0x07, 0x76, 0xAE, 0xB0, 0x04, 0xF6, 0x41, 0xE9, 0x5E, 0xA9, 0x95, 0xCD,
    0xE2, 0xA1, 0x51, 0x86, 0xDC, 0x40, 0xD0, 0x0A, 0x2C, 0x55, 0x4B, 0xD8, 0x18, 0x87, 0x68, 0x58,
    0xBD, 0x7A, 0x14, 0x99, 0xD4, 0xEF, 0x1F, 0x6A, 0x09, 0x32, 0xF7, 0x36, 0xDC, 0x28, 0x29, 0xDD,
    0xB0, 0x84, 0x77, 0x5E, 0x65, 0xC4, 0xC0, 0x47, 0x2C, 0x90, 0x51, 0xAB, 0x2B, 0xD1, 0xD9, 0x14,
    0xD5, 0x26, 0xD4, 0x81, 0x41, 0x08, 0x26, 0xB1, 0x12, 0xE6, 0x6A, 0x49, 0x1D, 0xC2, 0x31, 0xD7,
    0x06, 0xF3, 0x2B, 0x10, 0x58, 0xF5, 0x02, 0x0E, 0xEF, 0x6B, 0x6D, 0x8D, 0xE7, 0x3E, 0x3E, 0x30,
    0xF9, 0x61, 0x8E, 0x02, 0x6C, 0x07, 0x3E, 0x55, 0x36, 0x2B, 0x09, 0x60, 0x55, 0x73, 0xF9, 0x6B,
    0x10, 0xAB, 0xB5, 0xDF, 0x81, 0x5B, 0x7D, 0x72, 0xB3, 0x35, 0x7A, 0x87, 0x4C, 0xA1, 0x91, 0xB5,
    0x60, 0x22, 0xC9, 0xD4, 0x04, 0xDE, 0xB9, 0x4D, 0x92, 0x25, 0xCF, 0xF9, 0x81, 0x83, 0x60, 0xF3,
    0x03, 0x07, 0xFB, 0x0F, 0x95, 0xA6, 0x34, 0x8B, 0xA7, 0xD3, 0x4D, 0xF4, 0xBF, 0xC1, 0xD7, 0x0E,
    0xF6, 0x57, 0x92, 0xA1, 0x03, 0xA0, 0x22, 0x0D, 0x80, 0x46, 0x94, 0x29, 0x73, 0xAE, 0xDE, 0xDA,
    0xDF, 0x39, 0xAF, 0x1B, 0x03, 0x89, 0xD2, 0xD8, 0xFD, 0xBA, 0xC6, 0x62, 0x5A, 0x94, 0x0B, 0xCC,
    0xE8, 0xD9, 0xC9, 0x02, 0x8D, 0xB9, 0x08, 0x58, 0xCD, 0x10, 0x13, 0x02, 0x7A, 0x30, 0x5C, 0x8C,
    0xEB, 0x46, 0x49, 0x2C, 0x81, 0x62, 0x65, 0x25, 0xD1, 0xB2, 0x52, 0xED, 0x42, 0xED, 0x90, 0x05,
    0xB9, 0xD9, 0x59, 0x12, 0xF4, 0x9E, 0x4B, 0xD7, 0x78, 0x48, 0x15, 0x21, 0xC9, 0xD6, 0x1F, 0x47,
    0xA7, 0x6F, 0x6E, 0x7F, 0x56, 0x24, 0xD5, 0xB6, 0x1A, 0x53, 0xFD, 0xB9, 0xCE, 0x9E, 0xFE, 0xE4,
    0x91, 0x8A, 0xFE, 0x34, 0x50, 0x4F, 0x7F, 0xE5, 0x4F, 0xBE, 0xF6, 0xFE, 0x10, 0xB8, 0x27, 0x35,
    0x4F, 0x2C, 0xAA, 0x6F, 0x92, 0x77, 0xD3, 0x29, 0x99, 0x26, 0x97, 0xC2, 0xBA, 0x00, 0xD6, 0x3C,
    0xB1, 0x62, 0x83, 0x71, 0x7E, 0x7B, 0xAB, 0x9B, 0x34, 0xDB, 0xF8, 0xF1, 0x96, 0xEC, 0xAF, 0xDB,
    0x1C, 0x8A, 0xAF, 0x73, 0xA4, 0xF5, 0x22, 0x53, 0x2C, 0xB5, 0xDC, 0x56, 0x7B, 0xA2, 0xBA, 0xCB,
    0x6C, 0x97, 0x6B, 0x9D, 0x5A, 0x94, 0x9D, 0xA7, 0xE5, 0xB1, 0xA3, 0xAF, 0xC3, 0xC3, 0x3A, 0x18,
    0xF4, 0xDB, 0x70, 0x0E, 0xB2, 0x79, 0x36, 0xA8, 0x3B, 0x65, 0x05, 0xF3, 0xB3, 0x2E, 0x35, 0xF9,
    0xEB, 0x63, 0x3D, 0x33, 0xEA, 0x8B, 0x06, 0x34, 0xC7, 0x0D, 0x35, 0xA8, 0x06, 0xA3, 0x1A, 0x86,
    0x89, 0x0B, 0xD2, 0x6B, 0xAE, 0x8A, 0x77, 0x57, 0xE2, 0x3A, 0xEA, 0x24, 0xEA, 0x8A, 0x5A, 0x82,
    0x59, 0xCD, 0xBA, 0x9C, 0x3E, 0x31, 0x30, 0xBE, 0xEC, 0x5E, 0xC3, 0x7E, 0xCC, 0xBF, 0xB1, 0x27,
    0xB3, 0x2B, 0xBB, 0xBE, 0x2C, 0x69, 0x29, 0xFB, 0xBD, 0xF9, 0x6D, 0x7D, 0x7C, 0xFC, 0xA0, 0x70,
    0x34, 0x7F, 0xDD, 0xEE, 0xBC, 0x30, 0x15, 0x66, 0xCB, 0xBF, 0x5E, 0x8A, 0xD6, 0x0A, 0x55, 0x2B,
    0x69, 0x6D, 0x7F, 0xBC, 0x04, 0x42, 0xDC, 0xBE, 0xD5, 0x75, 0xB9, 0x59, 0xF9, 0xC4, 0x1F, 0xF7,
    0x25, 0x83, 0xED, 0x0A, 0x7F, 0x4A, 0x60, 0x07, 0x5F, 0x67, 0x9E, 0x6B, 0xFB, 0x74, 0x62, 0x35,
    0xFF, 0x09, 0x55, 0x32, 0xA3, 0xCA, 0x46, 0x6C, 0xCA, 0x10, 0x43, 0x7D, 0x3C, 0x9A, 0x53, 0x17,
    0x1D, 0x78, 0xC3, 0x0D, 0xD7, 0xE3, 0xCD, 0x83, 0xFB, 0x07, 0xBB, 0x1C, 0x86, 0xE0, 0xC0, 0xBE,
    0x2E, 0xEF, 0xF8, 0x4C, 0xC2, 0x74, 0xCF, 0x0E, 0xC6, 0xC8, 0x9F, 0x44, 0x18, 0xE1, 0x8B, 0x27,
    0xD6, 0x2A, 0x2D, 0xB3, 0x4E, 0x7C, 0x95, 0x04, 0x95, 0xC6, 0x26, 0x73, 0xEC, 0x7C, 0x64, 0x8F,
    0x80, 0x46, 0x8A, 0x37, 0x85, 0x8E, 0xD4, 0x08, 0x16, 0x34, 0xBD, 0x8C, 0x79, 0x89, 0x4A, 0xF3,
    0xB5, 0xAC, 0x96, 0x45, 0x16, 0x8B, 0x2C, 0xA5, 0x68, 0x2C, 0x4F, 0x9B, 0xF5, 0xE1, 0x0C, 0x37,
    0xE6, 0x8D, 0x41, 0x09, 0xB2, 0x1D, 0x15, 0x77, 0x4D, 0xE2, 0x72, 0x01, 0x6A, 0x88, 0x06, 0xC5,
    0xF3, 0x71, 0xD6, 0x7F, 0x1E, 0xE2, 0xB6, 0xF7, 0x06, 0x5A, 0xFD, 0x6A, 0x71, 0x81, 0xBC, 0x75,
    0x82, 0x38, 0x12, 0xFB, 0xC8, 0xD3, 0x86, 0xDB, 0xBC, 0x93, 0xC6, 0xEF, 0x2D, 0x3F, 0x7D, 0x7D,
    0xE5, 0x80, 0x14, 0x80, 0x01, 0x10, 0x00, 0xFB, 0xC3, 0xFC, 0xB0, 0x3E, 0x8C, 0x0F, 0xDB, 0xC3,
    0xF4, 0xB0, 0x3C, 0x0C, 0x0F, 0xBB, 0xC3, 0xEC, 0xB0, 0x3A, 0x8C, 0x0E, 0x9B, 0xC3, 0xE4, 0xB0,
    0x38, 0x0C, 0x0E, 0x7B, 0xC3, 0xDC, 0xAF, 0x8E, 0x0D, 0x1F, 0xAC, 0xB9, 0x01, 0xD7, 0x3F, 0x25,
    0x6D, 0x4D, 0xC6, 0x90, 0x89, 0xC9, 0x2F, 0xC1, 0xB5, 0x19, 0xE5, 0x17, 0xFD, 0x4B, 0xB5, 0x65,
    0xD4, 0x58, 0x53, 0x20, 0xC6, 0xB5, 0x7B, 0xA9, 0x89, 0xA5, 0xE4, 0xBF, 0x37, 0xD9, 0xD0, 0xD4,
    0x9B, 0x28, 0xE1, 0xE0, 0x36, 0xEA, 0x4B, 0x5A, 0x26, 0x8D, 0xB5, 0xBF, 0xB2, 0xB0, 0xF0, 0xE9,
    0x04, 0x6F, 0xEF, 0x61, 0x2B, 0xA8, 0x74, 0x98, 0xBF, 0x6A, 0xA3, 0xCD, 0xFA, 0x93, 0x28, 0x93,
    0xE9, 0x1D, 0x61, 0x78, 0xAD, 0x9A, 0xF5, 0xC1, 0xDA, 0x74, 0xE6, 0x24, 0x76, 0x9E, 0x46, 0x1B,
    0x86, 0xE3, 0x4D, 0x4C, 0x48, 0x9E, 0xDC, 0xD7, 0x5D, 0x55, 0xA7, 0xB5, 0x25, 0x83, 0xEA, 0x54,
    0x62, 0x83, 0x6B, 0x80, 0xF2, 0x5D, 0x9B, 0x85, 0xE3, 0xFC, 0xCB, 0x76, 0x53, 0x71, 0xC5, 0x74,
    0x7A, 0xE1, 0x6D, 0x56, 0x27, 0x77, 0x5B, 0x9D, 0xB2, 0xD5, 0x2B, 0xDC, 0xDF, 0xEA, 0xB5, 0x5D,
    0x63, 0x36, 0xA3, 0x53, 0xDF, 0xD1, 0x01, 0xCE, 0xC4, 0xD7, 0xE8, 0x7C, 0xF4, 0x3C, 0xFA, 0x1E,
    0x0E, 0x25, 0xE0, 0x1D, 0x3C, 0x10, 0x3E, 0xB8, 0xA9, 0x47, 0xA0, 0x47, 0xCA, 0x1C, 0x9C, 0x37,
    0x63, 0x4D, 0xC8, 0x57, 0xD5, 0x48, 0x75, 0xBE, 0x5C, 0x4C, 0x37, 0xF6, 0xD6, 0xE9, 0xAB, 0xB3,
    0x36, 0xA9, 0xE6, 0x12, 0xAE, 0xAF, 0x32, 0x0F, 0xF5, 0x69, 0xEB, 0x63, 0xDF, 0xD1, 0x24, 0xF2,
    0x6E, 0x2E, 0xC8, 0x38, 0x9A, 0xBE, 0x49, 0x87, 0x8C, 0xBF, 0xF1, 0xFA, 0xA5, 0xA2, 0x45, 0x70,
    0x93, 0x3E, 0x76, 0x29, 0xEB, 0x3B, 0xE2, 0x72, 0xD6, 0x4C, 0x5A, 0xAF, 0x59, 0x6B, 0xA6, 0xAD,
    0x69, 0xA2, 0x6D, 0xE2, 0xFA, 0x15, 0xE7, 0x0E, 0xD6, 0xBF, 0x2B, 0xB4, 0x89, 0x64, 0xF0, 0xE8,
    0x52, 0xE4, 0xCE, 0x43, 0xCB, 0x43, 0x0D, 0x36, 0x33, 0x1F, 0x71, 0x50, 0xC3, 0xDA, 0x26, 0x1E,
    0x0B, 0xA9, 0xAC, 0xDF, 0xE2, 0xC1, 0x8E, 0xFD, 0xD5, 0x7D, 0x8A, 0x58, 0xCF, 0x5C, 0xDD, 0xDF,
    0x3C, 0x8D, 0x0E, 0x55, 0x2F, 0x2D, 0x42, 0x97, 0xCA, 0x52, 0x6B, 0x4C, 0x04, 0x85, 0x6E, 0x7C,
    0x41, 0x26, 0xF5, 0x0E, 0xAB, 0xC7, 0x37, 0xF8, 0xC8, 0xC9, 0x6C, 0xF1, 0x88, 0x3E, 0xB9, 0xF7,
    0x45, 0x99, 0xF4, 0xCB, 0xDC, 0xAF, 0xE6, 0x8D, 0x5C, 0x21, 0x4B, 0x71, 0xD7, 0x3B, 0x5A, 0xC2,
    0xE7, 0x2D, 0xFD, 0xF4, 0xFA, 0xC6, 0x77, 0xF1, 0xFA, 0x2B, 0xFD, 0x65, 0xAE, 0xAA, 0xE5, 0x7B,
    0xFA, 0xFD, 0x7C, 0xBB, 0x66, 0x1D, 0x4F, 0x30, 0x22, 0x5F, 0xB3, 0x27, 0x89, 0x3E, 0x2A, 0x23,
    0x55, 0xF1, 0xB5, 0x67, 0xCA, 0x5E, 0xE4, 0x2B, 0x72, 0xD9, 0xB5, 0x3E, 0x61, 0x83, 0xA7, 0xDB,
    0xB2, 0x69, 0x48, 0xF2, 0x75, 0x76, 0xB4, 0xAF, 0xDA, 0xE0, 0xFC, 0xCC, 0x63, 0x70, 0x64, 0xD3,
    0xAE, 0x97, 0x2D, 0x18, 0x2F, 0x78, 0xA0, 0x53, 0xEE, 0x55, 0xFF, 0x41, 0x67, 0xCB, 0x84, 0x78,
    0xCD, 0x6D, 0xA1, 0xB8, 0xE5, 0x8C, 0xF3, 0xC0, 0xB0, 0x86, 0x7A, 0x30, 0xCF, 0x28, 0x74, 0x83,
    0x81, 0x76, 0xF2, 0x7A, 0xC6, 0xBD, 0x7E, 0x47, 0x3D, 0x82, 0x2D, 0xCE, 0x0B, 0xB6, 0xD4, 0x27,
    0x6C, 0xE8, 0x1B, 0x51, 0x4D, 0x92, 0xE2, 0x2D, 0x0E, 0xD8, 0xF4, 0x0E, 0xD6, 0x52, 0xE1, 0xFB,
    0x0C, 0x64, 0xA2, 0x7A, 0x63, 0xDA, 0xE7, 0x34, 0xF2, 0xE3, 0x9B, 0x2E, 0x65, 0x4D, 0x86, 0x0A,
    0x1D, 0x64, 0xAF, 0x73, 0x5E, 0xC9, 0x3D, 0xA4, 0x18, 0xC2, 0x5A, 0x3C, 0x9D, 0xDF, 0xCF, 0x71,
    0xAA, 0x0D, 0x57, 0x36, 0x82, 0x47, 0x79, 0xD2, 0x9F, 0xC8, 0xA5, 0x62, 0x09, 0xC4, 0xC3, 0xDE,
    0x6F, 0xFF, 0x78, 0xFB, 0xF7, 0xF6, 0x79, 0x9D, 0xE8, 0x8C, 0x1C, 0x3D, 0xB7, 0x85, 0xAF, 0xFF,
    0x06, 0xA9, 0x06, 0x93, 0x6A, 0x39, 0xFA, 0x00, 0x32, 0xB2, 0x4C, 0xFD, 0xF8, 0x27, 0x45, 0xFF,
    0x46, 0xA1, 0x03, 0xB6, 0x8B, 0xB7, 0xDC, 0x31, 0x9E, 0x60, 0xD3, 0xB8, 0x77, 0x1D, 0xD1, 0xD9,
    0xAE, 0x74, 0x1C, 0xD6, 0x0E, 0xF1, 0xFE, 0xF2, 0xE1, 0xE1, 0x6B, 0xC5, 0xDD, 0xFE, 0x0F, 0xDD,
    0x0E, 0xCC, 0xD7, 0x9F, 0x2B, 0xA6, 0x0E, 0x4A, 0xB9, 0xC3, 0x27, 0x4C, 0x83, 0xCE, 0x30, 0xEC,
    0x13, 0x8E, 0x1E, 0x50, 0x09, 0xCD, 0xDE, 0xFF, 0xED, 0x54, 0x4F, 0x5E, 0x23, 0x06, 0xB1, 0x9C,
    0xB1, 0xFE, 0x92, 0xD1, 0x74, 0xB0, 0xFD, 0xC1, 0x5B, 0x6E, 0x30, 0x76, 0x9D, 0xEF, 0x5C, 0x71,
    0xBA, 0x72, 0x54, 0xF4, 0x00, 0x4F, 0x47, 0x60, 0xD0, 0x5E, 0x23, 0xD6, 0x09, 0xB1, 0x49, 0x89,
    0xFD, 0x6D, 0xA0, 0xE8, 0x48, 0x4C, 0x9B, 0xD7, 0x89, 0x63, 0xF0, 0x87, 0xFA, 0xD6, 0x24, 0xD1,
    0x47, 0x58, 0x1F, 0xEE, 0x03, 0x93, 0x03, 0xE4, 0x83, 0xC4, 0x64, 0xA6, 0xDC, 0x30, 0x72, 0xCE,
    0xF8, 0xBE, 0x7A, 0x97, 0xBB, 0x4D, 0xB3, 0x96, 0xC3, 0x6D, 0xF5, 0x1D, 0x05, 0xEF, 0x73, 0x30,
    0x90, 0x5F, 0xDE, 0xD7, 0xC5, 0x0D, 0x73, 0x66, 0x97, 0xE5, 0xCD, 0xD7, 0x8A, 0x5F, 0x6F, 0x67,
    0xFB, 0xF3, 0x83, 0x29, 0x1E, 0x2C, 0x05, 0x95, 0xB5, 0xE6, 0xE0, 0x85, 0xCD, 0xA9, 0xB9, 0x51,
    0x3E, 0x62, 0xE0, 0xBB, 0xEE, 0x9D, 0xA7, 0x19, 0xF4, 0xC2, 0x72, 0xE2, 0xCD, 0x39, 0x30, 0xEC,
    0x65, 0x9B, 0x80, 0x96, 0xAC, 0x76, 0xF8, 0xEC, 0x2F, 0x56, 0x3F, 0x61, 0x21, 0x51, 0xE2, 0x81,
    0xE6, 0xE7, 0x82, 0xA3, 0xCD, 0x8F, 0x56, 0xCB, 0xA9, 0x3F, 0x5A, 0xFD, 0x3F, 0xDB, 0x1F, 0xAD,
    0xDE, 0x3E, 0x26, 0xB5, 0x79, 0x54, 0x6A, 0xF3, 0xB8, 0x14, 0xF4, 0xFD, 0x78, 0x5C, 0xB5, 0xCB,
    0x27, 0x20, 0x1F, 0x9D, 0x42, 0xE1, 0xB9, 0x4F, 0x04, 0x15, 0x66, 0xE2, 0x6F, 0x62, 0xC2, 0xAE,
    0xAC, 0x38, 0x49, 0xA8, 0x9A, 0xBF, 0xAD, 0x9F, 0x88, 0x3F, 0x61, 0x0A, 0xC0, 0xAD, 0xE5, 0x2C,
    0x5C, 0x45, 0xE3, 0xF3, 0x77, 0x59, 0x8E, 0x62, 0x6C, 0x45, 0x7A, 0x4D, 0xAA, 0xAB, 0x03, 0xD9,
    0x20, 0x37, 0xD2, 0xA7, 0x2A, 0xCD, 0xFD, 0x01, 0xA1, 0xB9, 0xF7, 0x54, 0xCB, 0xA0, 0x43, 0x31,
    0xF8, 0x8D, 0x96, 0x51, 0x0B, 0xE7, 0x0B, 0x3F, 0xD6, 0x3A, 0xE6, 0x93, 0x7E, 0xF1, 0x8F, 0xB4,
    0x4E, 0x4A, 0x14, 0x93, 0xEF, 0x6A, 0x8D, 0x06, 0x6B, 0x97, 0x79, 0xDA, 0xDC, 0x66, 0xF1, 0xB6,
    0x68, 0x33, 0xB2, 0x38, 0x8A, 0xFE, 0x6C, 0x80, 0x8E, 0xBF, 0x1E, 0x44, 0x7F, 0xDE, 0xA1, 0xF8,
    0x9B, 0x4E, 0xF4, 0x37, 0x2C, 0xFE, 0xAE, 0x5D, 0x5E, 0x0D, 0x95, 0xAB, 0xF1, 0x42, 0xB1, 0x5C,
    0x5E, 0x39, 0x8B, 0x6E, 0x28, 0x5E, 0x60, 0xE6, 0xD2, 0xC3, 0xF6, 0x41, 0x7A, 0xE7, 0x97, 0x3D,
    0x8B, 0x9D, 0x48, 0xBA, 0x9A, 0xFA, 0x5B, 0x77, 0x00, 0x9E, 0xF6, 0x7B, 0xBF, 0xFC, 0x1E, 0x7F,
    0x3A, 0x3B, 0xF7, 0x2B, 0x80, 0x93, 0x40, 0x15, 0xEB, 0x8C, 0xF2, 0xCC, 0xE1, 0xE5, 0x96, 0x80,
    0xD1, 0x32, 0xEE, 0x0B, 0xCD, 0xBD, 0x45, 0xE7, 0x31, 0xD2, 0x3C, 0xD0, 0x3A, 0x1A, 0x03, 0x60,
    0x60, 0x68, 0x8B, 0x26, 0x0B, 0x96, 0xF1, 0x82, 0xC3, 0x82, 0x7F, 0x5C, 0xD5, 0x41, 0xE7, 0x6B,
    0xF9, 0x67, 0x55, 0x03, 0xFC, 0x76, 0xD5, 0x84, 0xCD, 0x82, 0x7D, 0xD5, 0xC4, 0xB5, 0xAF, 0xDF,
    0xE9, 0xAA, 0x26, 0xC9, 0x7D, 0xFD, 0xDB, 0xA6, 0x6A, 0xAE, 0x89, 0xAF, 0x7F, 0x57, 0x57, 0xCD,
    0x47, 0x0B, 0x7E, 0x2F, 0xAF, 0x7E, 0xD6, 0x2F, 0x78, 0x5F, 0xAA, 0x8F, 0x5B, 0x24, 0xF5, 0x8B,
    0x47, 0xF5, 0x82, 0x03, 0x2C, 0xE0, 0x69, 0x87, 0xBC, 0x14, 0x16, 0xDB, 0x7B, 0xC3, 0x52, 0x8A,
    0x76, 0xFF, 0x01, 0x23, 0xA8, 0xEB, 0x29, 0x43, 0x3B, 0xF6, 0xC1, 0xE4, 0x7F, 0x27, 0xD8, 0xB0,
    0xAC, 0xB8, 0x51, 0x35, 0xCD, 0xA1, 0xE8, 0xE5, 0x3D, 0x87, 0xCA, 0xB0, 0x64, 0x5A, 0x16, 0xDA,
    0x27, 0xDA, 0x4A, 0x08, 0xCD, 0xC4, 0x9F, 0x90, 0x3C, 0x0A, 0x7A, 0x64, 0xD5, 0xC2, 0x16, 0x17,
    0x36, 0xFA, 0xB5, 0xC3, 0x55, 0xAA, 0x5E, 0x6E, 0x33, 0x52, 0x1C, 0x41, 0x07, 0x06, 0xD6, 0x74,
    0x8C, 0x1A, 0xCC, 0xAE, 0x71, 0x89, 0x80, 0x29, 0xA3, 0xC7, 0xDF, 0x32, 0xC0, 0xF2, 0x2C, 0xBA,
    0xC2, 0x99, 0xCF, 0x08, 0x00, 0x9E, 0xF3, 0xEB, 0x37, 0xF4, 0x86, 0x54, 0x75, 0x22, 0x8C, 0xC2,
    0xC3, 0x56, 0xF5, 0xE1, 0x1A, 0x00, 0x55, 0x5C, 0x75, 0xCA, 0x50, 0x7F, 0x97, 0x34, 0xE0, 0x39,
    0xEC, 0xD6, 0x9F, 0x70, 0xDD, 0x1C, 0xD7, 0x61, 0xE4, 0x70, 0x84, 0x63, 0xC4, 0x74, 0x2D, 0x77,
    0x27, 0xEB, 0xCF, 0x82, 0xE2, 0xCC, 0xC6, 0x4C, 0xBC, 0x97, 0xE6, 0x18, 0xEB, 0x0D, 0x68, 0xB6,
    0xDF, 0xA1, 0x03, 0x05, 0x2D, 0x38, 0x89, 0xD8, 0x2F, 0xA0, 0x76, 0xD5, 0xA5, 0x68, 0x70, 0x07,
    0xB5, 0xB3, 0x6E, 0x04, 0xFC, 0x16, 0x6A, 0xA7, 0xDA, 0x50, 0xA7, 0xD2, 0x69, 0x08, 0x18, 0xB7,
    0x9B, 0xB5, 0xE2, 0x76, 0x3B, 0x48, 0x56, 0xDB, 0x0D, 0x5D, 0x70, 0xED, 0x2F, 0x7D, 0x43, 0x19,
    0x9D, 0x4C, 0xBC, 0xA0, 0x1B, 0x64, 0x0E, 0x72, 0xBF, 0x44, 0x6A, 0x37, 0xEE, 0x50, 0x6B, 0xBA,
    0x85, 0x26, 0x31, 0xB8, 0x92, 0x1F, 0x94, 0x82, 0xE3, 0x82, 0xD0, 0x7F, 0xF2, 0x7F, 0x06, 0x98,
    0x84, 0x36, 0x07, 0x54, 0xE5, 0xC9, 0xFF, 0x19, 0x80, 0x65, 0x55, 0xBB, 0x50, 0x60, 0x60, 0xF4,
    0xEF, 0x76, 0xE6, 0x08, 0x3D, 0x1A, 0x17, 0xB5, 0x12, 0x63, 0x3F, 0x02, 0x32, 0x25, 0x31, 0x73,
    0x71, 0x71, 0xEE, 0x6D, 0x9B, 0x8F, 0x33, 0xC0, 0x01, 0xEB, 0x41, 0xAD, 0xEB, 0x19, 0xED, 0x69,
    0x67, 0xF8, 0xC7, 0x49, 0xC4, 0xF5, 0x8C, 0xAB, 0x3C, 0x23, 0x63, 0x34, 0x9E, 0xF1, 0x8C, 0x87,
    0x38, 0xC3, 0x9B, 0x6C, 0x62, 0x3D, 0x7C, 0x7F, 0x94, 0x0C, 0xCD, 0x24, 0x0C, 0x5C, 0x0E, 0xD9,
    0x84, 0xB0, 0x68, 0x8F, 0x96, 0xF0, 0x7A, 0x58, 0xAF, 0xDD, 0xDF, 0xB4, 0xBF, 0xD1, 0x18, 0x39,
    0xCA, 0x59, 0x82, 0xF9, 0xB0, 0x1A, 0x2D, 0x12, 0xD0, 0x5E, 0x6C, 0x60, 0x6A, 0x24, 0xAA, 0x23,
    0x2D, 0x57, 0x5B, 0x67, 0x6E, 0xE0, 0x5E, 0xB3, 0x4B, 0xCF, 0xFD, 0xF0, 0x6F, 0xF0, 0xE1, 0x60,
    0x1F, 0x7A, 0xBD, 0x24, 0x6A, 0x17, 0xCC, 0xE6, 0xDD, 0x7D, 0xA4, 0xDB, 0xB4, 0x15, 0x55, 0xC5,
    0x97, 0x4D, 0x9F, 0xBD, 0x07, 0x59, 0xF6, 0xF3, 0x55, 0xF9, 0xFE, 0xEF, 0x78, 0x5D, 0x0C, 0x8A,
    0x36, 0x3F, 0x4A, 0x9A, 0x9C, 0xF5, 0xA3, 0xA4, 0xAB, 0xA2, 0x20, 0x06, 0xBC, 0x80, 0x16, 0xB0,
    0xE2, 0x48, 0x49, 0x94, 0x56, 0x27, 0x23, 0x20, 0x64, 0xFF, 0xEF, 0x20, 0x03, 0x5C, 0x80, 0x0A,
    0x30, 0x01, 0x22, 0xC0, 0x03, 0x69, 0x58, 0x7F, 0xBE, 0xBC, 0xB0, 0x64, 0xE9, 0xFA, 0xE3, 0xE5,
    0xC9, 0xA3, 0x81, 0x6A, 0xB6, 0x9B, 0x5E, 0xE8, 0x1D, 0x5E, 0x10, 0x16, 0xFC, 0x23, 0x5B, 0x54,
    0x09, 0x7A, 0x2C, 0xAA, 0x4C, 0xF1, 0x89, 0x45, 0x95, 0x89, 0xCB, 0xE4, 0xE7, 0xA7, 0xA3, 0xBC,
    0xCD, 0x78, 0x59, 0xB5, 0x83, 0xF2, 0xEF, 0x8F, 0x98, 0x1B, 0x22, 0x83, 0x74, 0x0C, 0x0D, 0xB2,
    0x3E, 0x68, 0x31, 0xB5, 0xD0, 0x58, 0x67, 0x65, 0xDA, 0xEB, 0x0D, 0x04, 0x5A, 0x02, 0xCE, 0x48,
    0x0B, 0xC7, 0x33, 0x61, 0x3A, 0xE3, 0x81, 0xF8, 0xED, 0xD3, 0xF8, 0x2F, 0xDE, 0x86, 0xB5, 0x72,
    0xD9, 0x3E, 0x93, 0x8B, 0x4B, 0xBE, 0xC5, 0x6F, 0x67, 0x5A, 0x02, 0xB8, 0x25, 0xF9, 0xFF, 0x00,
    0x74, 0x97, 0x01, 0xA4, 0x24, 0xD9, 0xF5, 0xC6, 0xBF, 0xEE, 0xFA, 0xEF, 0x6B, 0xFE, 0x85, 0x5A,
    0x6C, 0xB0, 0xA0, 0x01, 0x08, 0x49, 0x01, 0x80, 0x4C, 0x35, 0x0B, 0x08, 0x3C, 0xCC, 0x13, 0x0C,
    0x00, 0x44, 0x60, 0x00, 0x02, 0x33, 0x5D, 0x00, 0x40, 0x02, 0x00, 0x08, 0x16, 0xC9, 0x83, 0x05,
    0x08, 0x66, 0xB6, 0x3A, 0x00, 0x40, 0x4B, 0x12, 0x00, 0xA9, 0x90, 0x11, 0x02, 0x7B, 0x43, 0x2D,
    0x3D, 0xA6, 0xAA, 0x4E, 0xEA, 0xA7, 0x3E, 0xF7, 0xD5, 0x7A, 0x72, 0xF4, 0xF4, 0xF9, 0x6E, 0x75,
    0xDF, 0x73, 0xCF, 0xF9, 0xBE, 0xD3, 0xE7, 0xDD, 0xD1, 0x6A, 0x3F, 0x95, 0x2D, 0x5A, 0x69, 0xD7,
    0xC5, 0x69, 0x17, 0x17, 0xA9, 0x8E, 0x18, 0xB4, 0x80, 0x5D, 0x7C, 0x78, 0x3D, 0xEB, 0xDC, 0xAA,
    0x0C, 0x1D, 0xA2, 0x6D, 0xA4, 0x7A, 0xD4, 0x2E, 0xAE, 0x2F, 0xA4, 0x73, 0x92, 0xE2, 0x3F, 0x37,
    0x29, 0xAE, 0x52, 0x17, 0x57, 0x15, 0x6C, 0xEC, 0x26, 0xE9, 0x10, 0x27, 0xE9, 0x7C, 0x93, 0xAA,
    0xD0, 0x0A, 0x8E, 0xB3, 0x41, 0x3D, 0x49, 0xEA, 0x16, 0xD0, 0x8C, 0x80, 0xC1, 0x20, 0x16, 0x70,
    0x06, 0x44, 0xE2, 0xE3, 0x0D, 0xD8, 0x13, 0x9D, 0xEF, 0x11, 0xDD, 0xA0, 0x5D, 0x63, 0x95, 0x44,
    0x6F, 0x38, 0x86, 0xA0, 0xC4, 0x61, 0xA1, 0xE3, 0xB2, 0xEA, 0x92, 0xF8, 0x5C, 0x7B, 0x36, 0xA9,
    0x88, 0x9E, 0x04, 0x38, 0x90, 0xB2, 0xB0, 0x32, 0xE6, 0x93, 0x30, 0xFD, 0x08, 0x6F, 0xBB, 0x5B,
    0x71, 0xDD, 0x0B, 0x6B, 0x92, 0xF4, 0xD9, 0x4B, 0xDC, 0x2E, 0xE2, 0x5A, 0x27, 0x55, 0x11, 0x43,
    0xD5, 0xAB, 0x19, 0x8E, 0x53, 0x75, 0x51, 0x5C, 0xCB, 0xA8, 0xC9, 0xA6, 0x88, 0x1B, 0x67, 0x15,
    0x71, 0x55, 0x35, 0xF3, 0x00, 0x8E, 0x70, 0x8D, 0xDD, 0x0D, 0x46, 0x48, 0xB9, 0xC4, 0x0D, 0x82,
    0x16, 0xDC, 0x0C, 0x89, 0x7C, 0x99, 0x55, 0x03, 0x29, 0x83, 0xBA, 0x04, 0xC5, 0x68, 0xA0, 0x2A,
    0x5E, 0x41, 0xE4, 0x21, 0x62, 0x5C, 0x73, 0xFF, 0x2D, 0x6E, 0x77, 0xAF, 0x27, 0xFB, 0xA3, 0x7D,
    0x11, 0x28, 0x96, 0xCA, 0xF8, 0x2A, 0xD4, 0x2C, 0xA0, 0x02, 0xDC, 0xC5, 0x74, 0xDA, 0x75, 0xBB,
    0x58, 0xC9, 0x6C, 0x34, 0xAD, 0xE0, 0x85, 0x50, 0xB0, 0x97, 0xDE, 0x1C, 0xD2, 0x4A, 0xEF, 0xB7,
    0x5D, 0x0B, 0x53, 0x10, 0x6E, 0x9E, 0x47, 0x99, 0xE7, 0x9B, 0x84, 0xEE, 0xDA, 0x41, 0x1B, 0xE9,
    0xEF, 0x93, 0x56, 0x5D, 0x8B, 0x1F, 0x82, 0x79, 0x01, 0xBD, 0xD9, 0x3F, 0x5C, 0x25, 0x51, 0x56,
    0x79, 0xB1, 0x30, 0xD5, 0x0F, 0x01, 0x1D, 0xD1, 0xCA, 0x1D, 0x21, 0x3F, 0x69, 0xE4, 0xEF, 0xBC,
    0x07, 0xD4, 0x93, 0xF6, 0x37, 0x40, 0x15, 0x7F, 0x7B, 0x9D, 0xD6, 0x1A, 0x83, 0x8C, 0xD8, 0x16,
    0x7C, 0x82, 0x3D, 0x68, 0x63, 0x5F, 0xDA, 0x77, 0xAD, 0x30, 0xDA, 0xD7, 0xBE, 0x8B, 0xEB, 0x6E,
    0x79, 0x5F, 0xFC, 0x65, 0xA9, 0xB3, 0x69, 0x0F, 0x71, 0x29, 0x68, 0x66, 0xC4, 0x8B, 0xF6, 0x3D,
    0xF2, 0x1C, 0xE2, 0xE7, 0x09, 0x15, 0xCB, 0x88, 0x13, 0xBE, 0x82, 0xED, 0x2A, 0x28, 0x8C, 0xEA,
    0xE8, 0x31, 0x8A, 0xE3, 0x45, 0x6D, 0x24, 0x4A, 0xB6, 0xF6, 0x37, 0xA8, 0xC3, 0xD3, 0xC9, 0xC8,
    0x59, 0xD8, 0x97, 0xE8, 0xA9, 0x6E, 0xFC, 0xC9, 0x79, 0xF8, 0x5C, 0x24, 0x7E, 0x9E, 0xE9, 0xF9,
    0xE8, 0x9B, 0x48, 0xC4, 0x3F, 0x1D, 0x91, 0x58, 0xF7, 0x96, 0x35, 0xDB, 0x8F, 0xB5, 0xFF, 0xDD,
    0x66, 0x59, 0xB7, 0xC7, 0x7E, 0xB3, 0xAC, 0x7A, 0x6A, 0xCC, 0x76, 0xF8, 0x34, 0x6B, 0x63, 0xF4,
    0xE3, 0xC6, 0xD0, 0x7A, 0x6B, 0x0F, 0x27, 0x3D, 0xB3, 0x63, 0xC4, 0x4C, 0x77, 0x75, 0xB1, 0x98,
    0xE8, 0x25, 0x68, 0x50, 0x60, 0x44, 0x98, 0xBF, 0x89, 0x7E, 0x71, 0x8F, 0x8F, 0x31, 0x8B, 0xB2,
    0x14, 0xA3, 0x76, 0xB4, 0xD1, 0x6D, 0xFD, 0x15, 0x37, 0xB3, 0xF6, 0x83, 0x0A, 0x6A, 0x52, 0x24,
    0x78, 0x2B, 0x78, 0x47, 0x80, 0x80, 0xD6, 0xB6, 0xE8, 0x55, 0x13, 0x91, 0x64, 0x16, 0xF6, 0x0F,
    0x57, 0x06, 0x05, 0xCB, 0x2B, 0x4B, 0x39, 0x12, 0x4D, 0x48, 0xFF, 0x39, 0x52, 0xE1, 0xA5, 0x23,
    0xE5, 0x65, 0x13, 0x72, 0x5B, 0xB2, 0x97, 0x48, 0x6E, 0x4E, 0x96, 0x44, 0x72, 0x67, 0x96, 0x7C,
    0x23, 0x7A, 0x2F, 0x61, 0x7B, 0x8D, 0x84, 0xA0, 0x2C, 0x1D, 0x89, 0xF1, 0x04, 0x05, 0x8E, 0xB4,
    0x0E, 0xA9, 0x66, 0xD2, 0x1E, 0x0D, 0x57, 0x95, 0x19, 0x4E, 0x44, 0xFA, 0xFF, 0x96, 0xA5, 0x6B,
    0xBC, 0xD0, 0xCD, 0xF4, 0x70, 0x11, 0x57, 0x22, 0xD1, 0xD3, 0xEB, 0xCF, 0xBB, 0x85, 0x1F, 0x35,
    0x30, 0x38, 0xE8, 0x3C, 0xAF, 0x91, 0x3A, 0xEA, 0xFB, 0xFE, 0xD5, 0x02, 0x0F, 0xF1, 0xE1, 0xE1,
    0x17, 0x61, 0xB6, 0xC9, 0x29, 0x02, 0x5E, 0x71, 0x5F, 0x6B, 0x5D, 0x4E, 0x7A, 0xB2, 0x5F, 0xEA,
    0x0E, 0x6D, 0x56, 0x6B, 0xD4, 0x5C, 0xB2, 0x5C, 0xF5, 0x9F, 0x36, 0x62, 0x55, 0x9F, 0xC6, 0x2C,
    0x95, 0xCA, 0x48, 0x59, 0x28, 0x41, 0x9A, 0x65, 0x42, 0x7F, 0x65, 0x91, 0xB0, 0x2C, 0x11, 0x28,
    0x0B, 0x74, 0x8C, 0x58, 0x80, 0xE5, 0xE1, 0x84, 0xAB, 0x2C, 0x4E, 0xF3, 0xE1, 0x15, 0x60, 0xFD,
    0xF7, 0x56, 0x44, 0xF1, 0xE2, 0x1D, 0xA4, 0xC9, 0xB2, 0xDC, 0x38, 0x2F, 0x8B, 0xB2, 0x8F, 0x7E,
    0x2B, 0xC9, 0x65, 0x2B, 0xC8, 0x56, 0x8E, 0x71, 0x2B, 0xC6, 0xB0, 0x95, 0xA2, 0xDF, 0x0A, 0xE1,
    0x69, 0xE2, 0x2A, 0xCA, 0x53, 0x16, 0x61, 0x54, 0x75, 0xB2, 0x04, 0xEC, 0xAF, 0x9F, 0x04, 0xE8,
    0x75, 0x7E, 0xA2, 0xFF, 0xDF, 0x8F, 0xF3, 0x96, 0xFC, 0x69, 0x4B, 0x3D, 0x29, 0xE8, 0xEE, 0xF1,
    0xF7, 0x90, 0xFE, 0x2B, 0xF1, 0x6C, 0x54, 0x31, 0xEC, 0x47, 0x9E, 0xD2, 0xF5, 0xD3, 0x31, 0xC9,
    0xA3, 0x2B, 0x3A, 0x12, 0x61, 0x6A, 0xEB, 0x1C, 0x20, 0x8E, 0x26, 0x09, 0xAC, 0xE3, 0xAF, 0xC7,
    0xBD, 0xCC, 0x2F, 0xC6, 0x3A, 0x7A, 0xD3, 0x0C, 0xA5, 0xBC, 0x05, 0x13, 0x87, 0xB1, 0x44, 0x0B,
    0x34, 0x37, 0x26, 0xD3, 0xFC, 0xD0, 0x8D, 0x8A, 0xBE, 0x58, 0x60, 0x52, 0xA4, 0x7D, 0x30, 0xAC,
    0x0E, 0xCB, 0xDB, 0xB5, 0x08, 0x46, 0x55, 0xD9, 0x2E, 0x2C, 0x56, 0x33, 0x53, 0x0A, 0xA6, 0x18,
    0x4D, 0x90, 0xC7, 0xC1, 0xF5, 0x08, 0x97, 0x9C, 0xB8, 0xC4, 0x02, 0x42, 0x0B, 0xF0, 0x38, 0x09,
    0xEE, 0x49, 0x90, 0xFC, 0xE0, 0xF8, 0x9C, 0x80, 0xFC, 0x03, 0x76, 0x37, 0xB1, 0xEB, 0xD7, 0xE7,
    0xB4, 0x8B, 0x95, 0xCC, 0x81, 0x29, 0x36, 0xB0, 0x6B, 0x37, 0x34, 0x63, 0x75, 0xBE, 0xB1, 0xAB,
    0x48, 0x75, 0x7C, 0xDB, 0xCC, 0x43, 0x33, 0x3F, 0x7E, 0x93, 0xAA, 0xB8, 0xD5, 0x91, 0xBA, 0x08,
    0x92, 0xBD, 0x2E, 0x6A, 0x06, 0x55, 0xE9, 0x0B, 0xE6, 0x59, 0x9E, 0x2B, 0x74, 0x01, 0xAC, 0xD6,
    0x40, 0x18, 0x1E, 0x69, 0x52, 0x46, 0x41, 0x17, 0xF7, 0xE2, 0x5C, 0x8B, 0x29, 0x18, 0x33, 0x0C,
    0x73, 0x9C, 0x21, 0xCD, 0x40, 0x6B, 0xFA, 0x01, 0x8D, 0x69, 0x48, 0x5B, 0x02, 0x7B, 0xB9, 0xCF,
    0x77, 0x86, 0xF2, 0xE5, 0x81, 0x86, 0xF4, 0x03, 0xDA, 0xD1, 0x10, 0xC6, 0x80, 0xAD, 0x21, 0xC4,
    0x6A, 0x25, 0xCF, 0xC4, 0x02, 0x55, 0x85, 0x9B, 0xF0, 0xB3, 0xCC, 0xB1, 0xEA, 0xF5, 0x33, 0xE0,
    0x0B, 0xF1, 0x19, 0x04, 0xEB, 0x67, 0x90, 0xBF, 0x76, 0xC0, 0xBB, 0x7C, 0xA9, 0xD9, 0x8D, 0x40,
    0x1A, 0xEF, 0xE1, 0xD5, 0x8D, 0x7A, 0x68, 0x3B, 0x88, 0xA0, 0x9E, 0xC0, 0x50, 0x58, 0x36, 0xE0,
    0xF3, 0xA1, 0x4D, 0x11, 0x36, 0x32, 0xB7, 0x1D, 0x42, 0x36, 0xB4, 0xB5, 0x9D, 0x08, 0xEB, 0x50,
    0xD1, 0x66, 0xF8, 0x4F, 0x6D, 0xAC, 0x7E, 0x7A, 0xDE, 0x5B, 0x9F, 0x7D, 0x24, 0xD5, 0x46, 0xBD,
    0xD5, 0x51, 0x5C, 0x64, 0x71, 0xBE, 0xCC, 0xDA, 0x60, 0xF1, 0x0C, 0x39, 0xD9, 0x88, 0x8B, 0x75,
    0x89, 0xF0, 0x7D, 0x82, 0x5F, 0x38, 0x49, 0x9B, 0xD3, 0xC2, 0xCF, 0xAC, 0x09, 0x6C, 0x5B, 0x92,
    0x6A, 0x92, 0x65, 0x38, 0x66, 0x54, 0x8F, 0xD6, 0x23, 0x77, 0x2C, 0x44, 0x5B, 0x0D, 0x78, 0xB6,
    0x18, 0x5D, 0xB2, 0x16, 0x20, 0x4B, 0x11, 0xC9, 0x4A, 0x28, 0x7A, 0x0B, 0x41, 0x6A, 0xAB, 0x0E,
    0xA4, 0xB6, 0xCA, 0x40, 0x42, 0x81, 0xA5, 0x22, 0xD3, 0x65, 0xE4, 0x8E, 0xC0, 0xDC, 0x10, 0x18,
    0x09, 0xD9, 0x8E, 0xA3, 0x01, 0x47, 0x9A, 0x87, 0xCC, 0xC8, 0xD9, 0x41, 0xDC, 0xC3, 0xFB, 0xC7,
    0x3F, 0x68, 0xF7, 0x5E, 0x65, 0x4C, 0x04, 0x65, 0x8C, 0x30, 0xA0, 0x1A, 0xDC, 0x09, 0x87, 0x98,
    0x44, 0x79, 0xB9, 0x66, 0xFD, 0xC4, 0x77, 0xD8, 0xF5, 0x87, 0x98, 0x21, 0xF7, 0x10, 0xCC, 0x42,
    0x06, 0x1D, 0x04, 0xE3, 0x0A, 0xDC, 0x8D, 0xAC, 0xD9, 0x4A, 0xCA, 0x67, 0xA6, 0x39, 0x11, 0xE0,
    0x91, 0x08, 0xE4, 0x1C, 0xFD, 0xE2, 0x88, 0x00, 0xC1, 0x6C, 0xAD, 0xBD, 0x35, 0x5F, 0x51, 0xED,
    0x0E, 0x6B, 0x46, 0x44, 0x68, 0xE2, 0x1D, 0x11, 0xEA, 0x18, 0x56, 0xA1, 0x5A, 0x54, 0xD2, 0x4B,
    0x22, 0x58, 0x9F, 0x5C, 0xFD, 0xB3, 0xBC, 0x69, 0x03, 0xAB, 0xBC, 0x0F, 0xBE, 0xEF, 0x11, 0xAE,
    0x23, 0x25, 0x75, 0xF1, 0x67, 0xDF, 0x33, 0x98, 0x3A, 0xF1, 0x17, 0xDF, 0x32, 0x90, 0xF9, 0xA3,
    0x5E, 0xC7, 0x5F, 0x09, 0x34, 0x4B, 0x87, 0xDE, 0xAD, 0xD0, 0x05, 0x77, 0x49, 0x2F, 0xE8, 0xAE,
    0xEA, 0xE2, 0x86, 0xF8, 0x14, 0x17, 0x16, 0xF4, 0x84, 0x76, 0x1F, 0xA9, 0x92, 0xDB, 0x37, 0x8B,
    0x21, 0x92, 0x8E, 0xD4, 0xC2, 0xD9, 0x69, 0x91, 0xA1, 0x76, 0xAE, 0x45, 0xE2, 0xDA, 0x66, 0x65,
    0x8A, 0xFE, 0x38, 0xB1, 0xE8, 0x06, 0xF2, 0xBD, 0x56, 0xA1, 0xB7, 0x66, 0xBD, 0xBC, 0x2C, 0x54,
    0xBC, 0xF1, 0xA2, 0xBA, 0xF0, 0xF7, 0x0D, 0x1A, 0xC5, 0x62, 0xE1, 0x71, 0x5C, 0x7B, 0x9D, 0xF3,
    0x22, 0xDD, 0x10, 0x45, 0xE2, 0xBC, 0xEE, 0xFB, 0xC1, 0x7D, 0xCE, 0x79, 0xB3, 0x17, 0x6A, 0x28,
    0x36, 0x99, 0x91, 0x86, 0x16, 0x4F, 0x6E, 0xFD, 0x17, 0x50, 0xDB, 0xBB, 0xC5, 0xDE, 0x88, 0xD1,
    0xEB, 0x42, 0x47, 0x48, 0x73, 0xD5, 0x7B, 0xAA, 0x0D, 0x57, 0xDD, 0x05, 0x1C, 0xBA, 0xEA, 0x20,
    0xA7, 0x86, 0x6E, 0x52, 0xB6, 0xBC, 0xC8, 0x0A, 0xD9, 0x5C, 0xE8, 0xF3, 0xDF, 0x32, 0xF4, 0x93,
    0xE7, 0xB6, 0xF5, 0x6D, 0x9F, 0x73, 0x4C, 0x8E, 0x15, 0xFD, 0x66, 0xF1, 0xD1, 0xC0, 0x56, 0xF6,
    0xDB, 0x33, 0xAD, 0xF4, 0xB5, 0x1B, 0xAD, 0xF3, 0x02, 0x6F, 0x59, 0xE5, 0x26, 0x65, 0x8D, 0xEF,
    0x4E, 0x59, 0xE1, 0x8D, 0xBE, 0x1B, 0x75, 0x9F, 0xB4, 0xE5, 0xD6, 0x6C, 0x65, 0xC9, 0xC4, 0xBA,
    0x42, 0x99, 0x55, 0x85, 0x30, 0x6B, 0x0A, 0xF1, 0x56, 0x94, 0xDE, 0xB6, 0x9E, 0x40, 0xAB, 0x49,
    0x91, 0xD6, 0xB2, 0x8C, 0xAC, 0x64, 0x15, 0x59, 0xC7, 0x6A, 0xCE, 0x2A, 0xD2, 0xF3, 0xD6, 0xF0,
    0x38, 0x66, 0x05, 0xEB, 0x31, 0xEB, 0x07, 0xE3, 0x56, 0x0F, 0xBE, 0xAD, 0xDD, 0x79, 0xC8, 0xCA,
    0x75, 0x29, 0xEB, 0x16, 0x29, 0xAB, 0x86, 0xB3, 0x3D, 0x41, 0x3A, 0xCB, 0x46, 0x10, 0x1B, 0x99,
    0x3F, 0x1F, 0xFE, 0xE4, 0x68, 0x3B, 0x67, 0xD1, 0x8F, 0xD1, 0x67, 0xC8, 0x30, 0xB7, 0xED, 0xA6,
    0xE7, 0xFA, 0x56, 0x8E, 0x0A, 0xCA, 0xE3, 0x6E, 0xCE, 0x3B, 0xEE, 0xF5, 0x3F, 0x6C, 0xF7, 0x52,
    0x58, 0x1D, 0xFD, 0x39, 0xC4, 0x58, 0xAA, 0xE3, 0x1F, 0x11, 0x6D, 0x19, 0xFC, 0x30, 0xFE, 0x15,
    0xD4, 0x3E, 0x4A, 0xF1, 0xDD, 0x3A, 0x64, 0x90, 0xDD, 0x93, 0x6A, 0xCF, 0xD8, 0x85, 0x19, 0x2E,
    0xF9, 0xA0, 0x2E, 0xC1, 0x1A, 0xD5, 0x05, 0x08, 0x99, 0xE0, 0x62, 0x71, 0x87, 0x10, 0xA8, 0x0C,
    0x5E, 0x90, 0x52, 0x05, 0x2F, 0x38, 0xA9, 0x66, 0x5E, 0x05, 0x68, 0x42, 0x1C, 0xB6, 0x1F, 0x47,
    0x10, 0xDB, 0xEB, 0x51, 0xB5, 0xA7, 0xEA, 0x82, 0xA6, 0xFF, 0x2B, 0xC3, 0x1D, 0xF9, 0xBE, 0x0A,
    0x5F, 0xD1, 0x6F, 0x10, 0xD7, 0xF1, 0x8B, 0xBC, 0xA2, 0x2D, 0xF6, 0x05, 0x9B, 0x6C, 0xCD, 0xF3,
    0xE9, 0xCE, 0x3E, 0x5B, 0x97, 0x9E, 0x29, 0x95, 0x19, 0x2D, 0x62, 0xCA, 0xDA, 0x59, 0x05, 0xDF,
    0x24, 0x7D, 0x8D, 0x44, 0x87, 0x8A, 0x00, 0xBE, 0x40, 0x12, 0x39, 0x7C, 0x96, 0xB7, 0xFA, 0xDE,
    0x98, 0xAD, 0x1E, 0x9C, 0x81, 0x73, 0x89, 0xD1, 0x07, 0xAC, 0xBE, 0xB0, 0x2F, 0xFF, 0xBE, 0xEE,
    0xAF, 0x7E, 0xB3, 0xFA, 0xC6, 0xCD, 0xF1, 0xC6, 0x7E, 0xAC, 0x02, 0xB7, 0x1F, 0xE0, 0x83, 0x41,
    0x88, 0xF7, 0xA4, 0xA3, 0x55, 0xDA, 0xD5, 0x37, 0x6E, 0xB5, 0xB7, 0xF6, 0x11, 0xC8, 0xA9, 0xBD,
    0x7D, 0x91, 0x7C, 0x83, 0xBA, 0xAE, 0x53, 0xEF, 0x78, 0x59, 0x7D, 0xE3, 0x8B, 0x40, 0x67, 0x4F,
    0x0E, 0x28, 0x1A, 0x6C, 0xBD, 0xD1, 0xFC, 0x44, 0x6A, 0xED, 0x4F, 0xD2, 0xD7, 0xFC, 0x77, 0x4A,
    0xB3, 0xCE, 0x0B, 0x6E, 0xBE, 0x9A, 0xA8, 0xF3, 0x3B, 0x0A, 0xAD, 0x88, 0xE6, 0xE9, 0xE8, 0x36,
    0xCB, 0xAC, 0x70, 0x6B, 0xFC, 0x6F, 0x3B, 0xD7, 0x0F, 0xEB, 0x37, 0x75, 0xFD, 0xAF, 0x6D, 0x12,
    0x4B, 0xCF, 0x83, 0x19, 0x40, 0x3F, 0x29, 0x0C, 0x5E, 0xF9, 0x65, 0xC0, 0x33, 0x03, 0xB1, 0x9B,
    0xA1, 0x8C, 0xA4, 0x52, 0x5F, 0x3B, 0x30, 0x74, 0x2D, 0x2C, 0xD9, 0xA5, 0x82, 0x2D, 0x3A, 0x76,
    0xC9, 0xD0, 0x8D, 0xA1, 0x19, 0x52, 0xE9, 0xE5, 0x31, 0x64, 0x61, 0x4C, 0x62, 0x53, 0x46, 0x86,
    0x7A, 0xA0, 0x65, 0xE8, 0x80, 0x55, 0xD1, 0x56, 0x2A, 0x55, 0xE3, 0xC1, 0x08, 0x27, 0x5C, 0xFB,
    0xF4, 0x7D, 0xCE, 0xC7, 0xDF, 0x23, 0xAC, 0x97, 0x57, 0x28, 0x52, 0xE9, 0xCB, 0x7B, 0xB9, 0x7A,
    0xDF, 0x7B, 0xCC, 0x23, 0xF9, 0xDA, 0xF7, 0x9E, 0x73, 0xCF, 0x9F, 0xCF, 0xF9, 0x38, 0xEF, 0x76,
    0xCC, 0x99, 0x99, 0x2E, 0x33, 0x53, 0x66, 0x92, 0xCC, 0xFC, 0x98, 0xA9, 0x31, 0xB3, 0x62, 0x26,
    0xC4, 0xCC, 0x85, 0x99, 0x06, 0x33, 0x03, 0x66, 0xF2, 0xCB, 0xBC, 0x97, 0x29, 0x2F, 0xB3, 0xDD,
    0xC2, 0xA7, 0xC5, 0xE4, 0x72, 0xB9, 0x57, 0x2C, 0xEF, 0x33, 0xBD, 0x65, 0x66, 0xCB, 0xA4, 0x16,
    0x45, 0xF9, 0xE5, 0xA3, 0x79, 0x0A, 0xB0, 0xA1, 0x4B, 0x02, 0x75, 0x54, 0x8D, 0x96, 0x26, 0x52,
    0x5B, 0xCE, 0x78, 0x81, 0xCF, 0x6C, 0xF9, 0x2F, 0x73, 0x2B, 0xCD, 0xAB, 0xA8, 0x43, 0xB3, 0x20,
    0xB1, 0x99, 0xC7, 0x9F, 0xF6, 0x64, 0xA8, 0x95, 0xCD, 0x88, 0x1B, 0xB6, 0x25, 0x54, 0x5A, 0xCA,
    0x79, 0x71, 0x76, 0x5B, 0xBA, 0x69, 0x18, 0xAE, 0xCD, 0x93, 0x99, 0x2D, 0x71, 0x89, 0x90, 0xF5,
    0xBA, 0xE0, 0x2E, 0xBA, 0x83, 0xA8, 0x2D, 0x6F, 0x16, 0x2E, 0x6F, 0x51, 0x49, 0xA2, 0x80, 0x8C,
    0x79, 0x06, 0x37, 0xC8, 0x4A, 0x23, 0xAD, 0x7E, 0xB0, 0xD9, 0x91, 0xD6, 0x6F, 0x25, 0x1D, 0xE6,
    0xEE, 0xB3, 0x30, 0x6D, 0xCB, 0xBD, 0xA1, 0x70, 0xFA, 0xA9, 0x46, 0x7E, 0x9A, 0x23, 0xE8, 0x03,
    0xB0, 0x47, 0x21, 0x03, 0x9D, 0x8C, 0x5A, 0x77, 0x70, 0xB4, 0x95, 0xA8, 0x02, 0xBC, 0x63, 0x88,
    0x8F, 0xF9, 0xC8, 0x0F, 0x06, 0xBA, 0x95, 0xD6, 0x16, 0xB9, 0x31, 0x02, 0x42, 0x94, 0xFA, 0x27,
    0xB0, 0x16, 0xC2, 0x93, 0x2B, 0x38, 0xB9, 0x42, 0x93, 0x04, 0x26, 0x07, 0xC2, 0x92, 0xC3, 0x0A,
    0x1B, 0xAE, 0x90, 0xE4, 0x0A, 0x48, 0xAE, 0x70, 0xE4, 0x0A, 0x46, 0xAE, 0x50, 0xA4, 0x0A, 0x19,
    0x57, 0x18, 0xB2, 0x99, 0x28, 0x08, 0x41, 0xAE, 0x00, 0x24, 0x45, 0x4D, 0xF0, 0x71, 0x07, 0x3D,
    0x72, 0xC9, 0x3B, 0xD8, 0x91, 0xA0, 0xA3, 0x41, 0x8E, 0x00, 0x1C, 0x0D, 0x6E, 0x34, 0xB0, 0x91,
    0x96, 0x3F, 0xBB, 0x06, 0x0F, 0xF5, 0x6D, 0x2C, 0x1F, 0xD7, 0x81, 0xB0, 0x6E, 0xC1, 0x17, 0x02,
    0x82, 0x74, 0x8A, 0x40, 0x12, 0xC3, 0x2A, 0xF5, 0xA2, 0x24, 0xFC, 0x48, 0xF4, 0xB1, 0xD0, 0x99,
    0x19, 0x1D, 0xA1, 0x47, 0x22, 0x8F, 0x98, 0x17, 0xE2, 0x8E, 0x84, 0x1D, 0x89, 0x3A, 0x12, 0x74,
    0x24, 0xE6, 0x48, 0xC8, 0x91, 0x88, 0xA3, 0xC5, 0x80, 0x8B, 0xB5, 0x7B, 0x83, 0x5E, 0x23, 0xF2,
    0x90, 0xA1, 0xCF, 0xB6, 0x4E, 0xAC, 0x11, 0x73, 0x9D, 0xC7, 0x9D, 0x18, 0xD1, 0xC9, 0x1D, 0x38,
    0xB9, 0xC3, 0x26, 0x3F, 0xDE, 0x41, 0x93, 0x3B, 0x64, 0x72, 0x05, 0x26, 0xD7, 0xA2, 0xE7, 0xDE,
    0x7A, 0x14, 0xEE, 0x1A, 0x2A, 0x69, 0xA0, 0x24, 0x31, 0x49, 0x83, 0x24, 0x09, 0x43, 0x98, 0x34,
    0x3C, 0xD2, 0xE0, 0x48, 0xA2, 0x91, 0x86, 0x41, 0x9A, 0x24, 0x14, 0x69, 0x48, 0x24, 0x6D, 0xD7,
    0x70, 0x48, 0x83, 0x21, 0x0D, 0x85, 0x34, 0x10, 0xD2, 0x30, 0xC8, 0x7D, 0x8A, 0xE0, 0x96, 0xBB,
    0x44, 0x9D, 0x62, 0x2B, 0x5E, 0xF5, 0x66, 0xCB, 0x99, 0x15, 0x3D, 0xA6, 0x53, 0x1B, 0xC4, 0x25,
    0x89, 0x4A, 0x12, 0x93, 0xE4, 0x0F, 0x62, 0x9F, 0xEA, 0x94, 0x3F, 0x29, 0x7F, 0x16, 0xE2, 0x90,
    0x44, 0x21, 0x89, 0x41, 0xAE, 0x3F, 0xC4, 0x1F, 0x89, 0x3E, 0xD2, 0x8F, 0x11, 0x79, 0x24, 0xEE,
    0x48, 0xD4, 0x91, 0x98, 0x23, 0x11, 0x47, 0xC3, 0x1B, 0xA9, 0x67, 0x93, 0xC1, 0xE1, 0xE1, 0x01,
    0xA4, 0x8D, 0x6B, 0xAE, 0x84, 0x88, 0xA6, 0x68, 0x84, 0x8C, 0xBD, 0xBA, 0x3C, 0x93, 0xD1, 0x18,
    0xD3, 0x06, 0x4A, 0x57, 0x9E, 0x23, 0x5D, 0xBB, 0xCB, 0x87, 0x87, 0xFA, 0x6B, 0x51, 0x1D, 0x2E,
    0x6E, 0x3B, 0x7C, 0x80, 0xEC, 0x6F, 0x8E, 0x66, 0xE7, 0x22, 0x9D, 0x43, 0x1F, 0x7A, 0xDD, 0xCC,
    0x6B, 0xA7, 0x4B, 0xFB, 0x2E, 0xA1, 0xF6, 0x5D, 0x3A, 0x52, 0x16, 0x1D, 0x65, 0x55, 0x52, 0x7A,
    0x8A, 0x1F, 0xDD, 0xFC, 0x06, 0x2B, 0x88, 0xCE, 0xA3, 0x15, 0xA0, 0xAC, 0xC7, 0x1C, 0xCF, 0xB6,
    0x85, 0x2E, 0x6F, 0x31, 0x57, 0xEC, 0xCD, 0x3C, 0x49, 0xB6, 0x60, 0xE3, 0xAE, 0xBB, 0x4F, 0x53,
    0xA0, 0xAE, 0x5D, 0xFE, 0x69, 0x67, 0xD5, 0x01, 0x57, 0x7B, 0xB2, 0x67, 0x78, 0x6A, 0x13, 0x40,
    0x01, 0x4B, 0x77, 0xF4, 0xC1, 0x2E, 0xA5, 0x9F, 0x28, 0xA8, 0xB0, 0xA6, 0x71, 0x4F, 0x9E, 0x7F,
    0xB0, 0x67, 0x96, 0x92, 0xB2, 0x6A, 0x29, 0xB3, 0x55, 0xC6, 0x03, 0xE5, 0xB5, 0xC7, 0xF9, 0x87,
    0xA7, 0xB6, 0x70, 0xA8, 0xAB, 0x65, 0x76, 0x94, 0x77, 0x98, 0xD3, 0x81, 0xF5, 0xD7, 0x93, 0xE7,
    0x1F, 0xF6, 0x9D, 0xA1, 0x75, 0xE2, 0xA2, 0xF9, 0x75, 0x69, 0xA3, 0x2E, 0x90, 0x3E, 0x5A, 0x2B,
    0x99, 0x6A, 0xE4, 0xC4, 0x66, 0xC8, 0x9B, 0x32, 0x6A, 0xCD, 0x13, 0xC8, 0x43, 0xE8, 0xB8, 0x94,
    0x3E, 0x9F, 0x9C, 0x74, 0xD5, 0x80, 0x25, 0xF4, 0x11, 0x7E, 0x11, 0x2F, 0x4E, 0xFA, 0x74, 0x72,
    0xCD, 0x50, 0xF4, 0xAE, 0x60, 0xCF, 0x75, 0xE4, 0x7D, 0x36, 0x09, 0x89, 0x58, 0x62, 0x72, 0xCB,
    0xD9, 0x30, 0x53, 0x72, 0xF1, 0x9A, 0x80, 0x24, 0x53, 0x3A, 0xAA, 0x1C, 0x29, 0xE3, 0x21, 0xD9,
    0x99, 0xDC, 0x79, 0xA8, 0xA4, 0x99, 0x8F, 0x14, 0x22, 0x6B, 0x56, 0xB2, 0x1D, 0xF7, 0xF0, 0x05,
    0x81, 0x04, 0x0B, 0x66, 0x85, 0xA3, 0xE6, 0x60, 0x56, 0xBC, 0xE3, 0xDA, 0x29, 0xAA, 0xAD, 0x31,
    0x98, 0x7E, 0x52, 0xEB, 0x94, 0xD3, 0x16, 0x74, 0xBA, 0x49, 0x99, 0xFA, 0xC7, 0xCB, 0x64, 0x34,
    0xF3, 0x38, 0x17, 0x5A, 0xBF, 0xAD, 0xFA, 0x66, 0x9D, 0x39, 0x3B, 0x1B, 0x5A, 0x65, 0x44, 0x8B,
    0x21, 0x85, 0xEB, 0x1C, 0xCD, 0x6B, 0xE4, 0x3E, 0x65, 0x5A, 0xA7, 0xFD, 0xEA, 0xA0, 0x11, 0xDB,
    0xA5, 0x65, 0xD6, 0xCF, 0xEF, 0x5B, 0xE5, 0x64, 0x23, 0x15, 0x8C, 0x15, 0x66, 0xB1, 0xCB, 0x8B,
    0x5F, 0xC9, 0xDF, 0xDF, 0x5B, 0xA8, 0xD6, 0xBF, 0x49, 0xE9, 0x78, 0x99, 0x7C, 0x24, 0xA5, 0xBB,
    0xC7, 0x3F, 0x0B, 0x25, 0xDE, 0x65, 0xB0, 0xC6, 0xA5, 0xA7, 0x6A, 0x89, 0xA1, 0x68, 0xAF, 0xC0,
    0xFA, 0x69, 0x71, 0x67, 0x80, 0x60, 0x8A, 0x7A, 0xDA, 0x3A, 0xF0, 0xDE, 0x92, 0xA5, 0x6A, 0x67,
    0xAA, 0xA3, 0x6B, 0x78, 0x89, 0x20, 0x23, 0xAB, 0xBD, 0xA5, 0xC0, 0x7A, 0x2D, 0xDC, 0x41, 0xA9,
    0x0C, 0x14, 0x76, 0x39, 0xEF, 0xFF, 0x94, 0x08, 0xA2, 0x59, 0x05, 0x1E, 0xB6, 0x5B, 0xB1, 0x6B,
    0x98, 0x14, 0x6C, 0x88, 0x71, 0x89, 0x18, 0x23, 0x62, 0x2F, 0x11, 0x0F, 0xC0, 0xC7, 0x50, 0x6C,
    0x2E, 0xFB, 0x3F, 0x41, 0xDB, 0x07, 0xAE, 0x96, 0xDB, 0xD0, 0xD8, 0x25, 0xC6, 0xDE, 0x21, 0x03,
    0x51, 0x86, 0x38, 0xC5, 0x27, 0x29, 0x55, 0xF9, 0xFB, 0xAB, 0xB3, 0x35, 0x5B, 0x08, 0xDE, 0x50,
    0x6B, 0xA8, 0x2B, 0x6D, 0x4E, 0xC8, 0x97, 0xD2, 0x78, 0xB5, 0x08, 0x60, 0xA5, 0xD2, 0x3B, 0x7C,
    0x2B, 0xA2, 0xAF, 0xB4, 0x89, 0x44, 0x0A, 0x3C, 0xA4, 0x4B, 0xBA, 0x28, 0xEE, 0xE0, 0xD3, 0x59,
    0x11, 0x91, 0x51, 0xAD, 0x23, 0x90, 0x1E, 0xF6, 0x21, 0x77, 0xA4, 0x54, 0xD4, 0x55, 0xA3, 0x8C,
    0xCB, 0x97, 0xDF, 0x5A, 0xD3, 0x19, 0xB2, 0x59, 0xA5, 0xCC, 0x64, 0xCC, 0x7C, 0xBA, 0x38, 0xD7,
    0x16, 0x3E, 0x7D, 0x4D, 0xCA, 0xB8, 0xCD, 0xE5, 0x7E, 0x24, 0x0F, 0x9B, 0x36, 0x95, 0x29, 0x10,
    0x21, 0xB9, 0x2A, 0x97, 0x11, 0x4E, 0xCB, 0x82, 0x04, 0xC7, 0x75, 0xDD, 0xEC, 0x17, 0x18, 0x85,
    0x9B, 0x87, 0xAF, 0x2B, 0x74, 0x5C, 0x07, 0x00, 0xEA, 0x95, 0xF0, 0x44, 0x08, 0x6A, 0x50, 0x7C,
    0xAD, 0x6A, 0x75, 0x8F, 0x5F, 0x26, 0x9E, 0x66, 0xF8, 0x12, 0x75, 0x4F, 0x00, 0xCD, 0xF0, 0x8B,
    0xCA, 0x44, 0x22, 0x32, 0x36, 0x58, 0x0F, 0x84, 0xE2, 0x4F, 0x2B, 0x81, 0x4D, 0x05, 0xDA, 0xBA,
    0xD0, 0x7D, 0x5F, 0x78, 0x27, 0x14, 0xFB, 0xF2, 0x45, 0x89, 0xEF, 0x64, 0x8F, 0x07, 0x87, 0x39,
    0x92, 0xCF, 0xFE, 0x8F, 0x34, 0x39, 0x61, 0x1F, 0x5A, 0x1E, 0x6E, 0x91, 0xC2, 0x8B, 0x3D, 0xAC,
    0xFC, 0x5A, 0xA1, 0x3D, 0xD8, 0x45, 0x46, 0x55, 0xD7, 0x5F, 0xD0, 0x2E, 0xE8, 0x9A, 0xEE, 0x86,
    0x0B, 0xA4, 0x2C, 0x06, 0xCD, 0xC8, 0x20, 0xE2, 0x59, 0x45, 0xE2, 0x5D, 0x45, 0xD1, 0x74, 0x2A,
    0xA4, 0xC5, 0xFF, 0x0B, 0xA1, 0xDE, 0x48, 0x7E, 0xA6, 0xAB, 0x11, 0x9A, 0x62, 0xB3, 0x94, 0x96,
    0xAF, 0xC1, 0x84, 0x58, 0xEC, 0x51, 0xC8, 0xA3, 0x52, 0x85, 0x78, 0x1A, 0x89, 0xD8, 0x76, 0x06,
    0x72, 0x88, 0xC7, 0x4D, 0x27, 0x76, 0x0C, 0x87, 0x0B, 0xFB, 0xF2, 0x07, 0x57, 0x74, 0x38, 0x78,
    0x47, 0x62, 0xEF, 0x3D, 0xB9, 0x8D, 0xE7, 0x88, 0x16, 0xEC, 0xE0, 0x7E, 0xA5, 0x39, 0x18, 0x6D,
    0xEC, 0xBA, 0xB6, 0x9C, 0x0D, 0xE8, 0x22, 0xD2, 0x45, 0xA8, 0xCB, 0xB0, 0x2E, 0x82, 0x5D, 0xCC,
    0xD7, 0x08, 0x8D, 0x9C, 0x36, 0xA5, 0xEE, 0xC8, 0x12, 0x0D, 0x05, 0x6E, 0xFE, 0x1F, 0x28, 0x35,
    0xBC, 0xE1, 0x2E, 0x13, 0xF3, 0x9F, 0x09, 0xF9, 0x53, 0x11, 0x4D, 0xC7, 0x4D, 0x2F, 0xF9, 0x70,
    0xE6, 0x86, 0x9F, 0x1C, 0x2B, 0x70, 0xB8, 0x03, 0xFE, 0x9A, 0xD4, 0x14, 0xE5, 0x37, 0x59, 0xC1,
    0x5E, 0xE9, 0x0E, 0x20, 0xD3, 0x2E, 0x1E, 0x59, 0x10, 0xF0, 0xAE, 0xE1, 0xC2, 0x6D, 0xA0, 0x0B,
    0xB0, 0xE6, 0x24, 0x61, 0xD2, 0x0D, 0x86, 0x9E, 0xAF, 0x04, 0x92, 0x62, 0x65, 0x8F, 0x80, 0x9D,
    0x07, 0x4D, 0x25, 0x33, 0xB1, 0xF4, 0x74, 0x58, 0x49, 0x2F, 0x35, 0xE5, 0x42, 0x56, 0x42, 0x34,
    0xAA, 0xEC, 0xD2, 0x15, 0x55, 0xAF, 0x18, 0xED, 0x3F, 0xF0, 0x94, 0x1F, 0xA9, 0x8C, 0xE5, 0xCE,
    0x42, 0x43, 0x14, 0xD9, 0xC5, 0x95, 0x52, 0xE5, 0xAF, 0x08, 0xDD, 0x2D, 0x31, 0x9B, 0xBB, 0x4B,
    0x24, 0xBD, 0x2A, 0x2D, 0x94, 0x81, 0x26, 0x25, 0xD3, 0x2A, 0xBD, 0xA3, 0xD1, 0xD0, 0x95, 0x91,
    0x56, 0xA6, 0x49, 0x70, 0x89, 0xD8, 0x0D, 0x53, 0x57, 0xD4, 0x3D, 0x12, 0x4F, 0xDC, 0x5D, 0xD1,
    0xE5, 0x4B, 0x00, 0x0D, 0x5D, 0xDA, 0x26, 0x50, 0xDF, 0x80, 0xE2, 0x2A, 0x5A, 0xC4, 0xD2, 0x12,
    0x46, 0x0E, 0xDD, 0x0A, 0x75, 0xE0, 0xA1, 0x08, 0x49, 0x33, 0x66, 0xE3, 0xDB, 0x1E, 0x00, 0x8F,
    0xD6, 0x06, 0xFD, 0x4F, 0x65, 0x71, 0xD5, 0x98, 0xCA, 0xEC, 0x9A, 0x21, 0x90, 0xFA, 0x68, 0x86,
    0x2D, 0x8A, 0xE6, 0xC6, 0xD2, 0xE7, 0x4A, 0xD7, 0x50, 0x56, 0xDA, 0x87, 0x5A, 0x47, 0xFD, 0x5E,
    0x67, 0x99, 0x75, 0x5E, 0xB0, 0x31, 0x0F, 0x04, 0xDB, 0x82, 0x73, 0x95, 0x8A, 0xF6, 0xDA, 0x96,
    0x50, 0x7A, 0xDC, 0x8A, 0x6D, 0xD0, 0xC6, 0x6B, 0x6D, 0x21, 0xEC, 0xAD, 0xB5, 0x05, 0x2D, 0xE4,
    0x4C, 0x00, 0xF5, 0x39, 0x19, 0x77, 0xB4, 0x4B, 0x96, 0xB5, 0x34, 0xB2, 0x63, 0x42, 0xDE, 0xA7,
    0x11, 0x0D, 0x5C, 0x73, 0xFF, 0xBF, 0x07, 0xEC, 0x79, 0xC8, 0xC8, 0xF3, 0x59, 0x9C, 0xF5, 0x7D,
    0x23, 0x5A, 0xFD, 0xC2, 0xCC, 0xF7, 0x9F, 0x10, 0x42, 0xA3, 0x59, 0xB3, 0x62, 0xD6, 0x58, 0x01,
    0x37, 0x22, 0xA4, 0x70, 0xFB, 0xFB, 0xD7, 0xDC, 0x53, 0x95, 0x5A, 0x6D, 0xC2, 0x7D, 0xC6, 0xFA,
    0x6D, 0x6B, 0x9E, 0x58, 0x85, 0xEF, 0x95, 0xC1, 0x01, 0x9C, 0x32, 0xAA, 0xA6, 0x58, 0x5D, 0x72,
    0x44, 0x87, 0x2C, 0xB3, 0x39, 0x63, 0x73, 0xC5, 0x74, 0xEB, 0xB3, 0x4B, 0x30, 0x93, 0x28, 0x89,
    0x19, 0x8E, 0xE0, 0x63, 0xC0, 0x9E, 0xB9, 0x73, 0xF7, 0x81, 0xD7, 0x84, 0xCA, 0xBF, 0x4A, 0x19,
    0xE5, 0x30, 0x05, 0xDE, 0xA8, 0x21, 0x40, 0x41, 0xEC, 0xA1, 0x1B, 0xD6, 0x76, 0x30, 0xA1, 0x0D,
    0x31, 0x8F, 0x33, 0x14, 0x99, 0xD1, 0x67, 0x53, 0xFB, 0x9A, 0x08, 0x6B, 0x13, 0xD2, 0x35, 0x1A,
    0x88, 0x8B, 0x39, 0x60, 0xFC, 0x96, 0xCE, 0x05, 0x0C, 0xBD, 0xC1, 0xFE, 0x8E, 0x3B, 0x7D, 0x0B,
    0xF1, 0x0D, 0xEA, 0x4C, 0x4F, 0xF2, 0xAB, 0x5B, 0x16, 0x34, 0xBD, 0x3F, 0xBF, 0x8E, 0xF3, 0xA8,
    0x41, 0xB0, 0xC3, 0xAE, 0x56, 0x58, 0x09, 0x96, 0xF1, 0x8A, 0x2E, 0xE3, 0xB9, 0x75, 0xA7, 0xB9,
    0xC7, 0x4C, 0x65, 0x08, 0xFB, 0x6A, 0xB8, 0x63, 0xEC, 0x7B, 0x8F, 0x77, 0x61, 0xBE, 0x61, 0x54,
    0x42, 0x5B, 0x69, 0xBC, 0x99, 0xF9, 0x7B, 0xA0, 0x51, 0xA8, 0xA9, 0x40, 0x69, 0xC0, 0x0C, 0xBD,
    0xF7, 0xAA, 0xF7, 0x09, 0x07, 0x2C, 0x21, 0x29, 0xB8, 0x59, 0xF4, 0xE6, 0xFF, 0xAF, 0xFC, 0xF0,
    0xA2, 0xCE, 0x3A, 0x68, 0x10, 0xDF, 0x93, 0x7C, 0x35, 0xEB, 0xE6, 0x8D, 0x46, 0x19, 0xDC, 0xE4,
    0xC9, 0xD6, 0xC9, 0x5D, 0x67, 0xC3, 0x25, 0x6B, 0x5C, 0x9F, 0xD0, 0x58, 0x3E, 0x29, 0xB4, 0x58,
    0x63, 0xD9, 0xE6, 0xE6, 0xC4, 0x4E, 0xB6, 0xCD, 0xBC, 0x55, 0x64, 0xB7, 0xB2, 0xAF, 0xF7, 0x20,
    0x19, 0xA9, 0xB5, 0x15, 0xD2, 0x31, 0x2B, 0x7A, 0xCA, 0x49, 0x3F, 0xA5, 0x9C, 0x74, 0x2A, 0x45,
    0x87, 0xA9, 0x04, 0xC3, 0x14, 0x82, 0x61, 0xEA, 0xC0, 0x30, 0x65, 0x70, 0x7C, 0x33, 0xF3, 0xFC,
    0x29, 0xF3, 0xDC, 0x00, 0x0E, 0x6F, 0xE5, 0x21, 0x2F, 0x37, 0x20, 0xD6, 0x0A, 0xB6, 0xDA, 0x86,
    0x53, 0xDA, 0x59, 0x3C, 0xDF, 0xCC, 0x73, 0x02, 0x1F, 0x98, 0x8D, 0x8F, 0xDF, 0x73, 0xF5, 0xA5,
    0x85, 0x46, 0x78, 0x4E, 0x6E, 0x8E, 0x3B, 0x5B, 0xB5, 0x27, 0xD7, 0x6E, 0xAE, 0xDB, 0xEC, 0x44,
    0x5A, 0x83, 0x01, 0x19, 0x91, 0xB9, 0xF6, 0x33, 0x5C, 0x7B, 0xB2, 0x76, 0xE4, 0x29, 0x60, 0xFD,
    0xC8, 0x6B, 0xD4, 0x90, 0x17, 0xD6, 0xBC, 0x90, 0x06, 0x38, 0xDA, 0xD9, 0xB1, 0x43, 0x03, 0x29,
    0xBD, 0x5D, 0x07, 0xBC, 0x86, 0x64, 0x80, 0x65, 0xAC, 0x30, 0xD8, 0xCE, 0x02, 0x85, 0x85, 0x85,
    0xDA, 0xAE, 0x19, 0x60, 0xF9, 0x78, 0x22, 0x3F, 0xD0, 0x25, 0x12, 0xA2, 0xC3, 0x49, 0x34, 0x7F,
    0x94, 0xD0, 0x3F, 0x61, 0x35, 0x50, 0xB4, 0x51, 0xAB, 0x52, 0xA1, 0x51, 0xE9, 0x29, 0x93, 0x9D,
    0x73, 0xE2, 0x89, 0x83, 0xC4, 0x27, 0xE3, 0x35, 0xFC, 0x03, 0x0D, 0xAF, 0x30, 0x2B, 0x52, 0x69,
    0xD7, 0x9A, 0x9D, 0xAA, 0x93, 0x24, 0x1F, 0x2C, 0x9B, 0xE1, 0xA3, 0xC8, 0x0A, 0x4B, 0xB8, 0x7D,
    0x34, 0x2A, 0x66, 0x68, 0x1C, 0x4C, 0xAD, 0x38, 0xB8, 0x7F, 0xAE, 0x59, 0xD4, 0x52, 0x62, 0x51,
    0x10, 0x7B, 0xC9, 0x3F, 0x17, 0x98, 0xC2, 0x72, 0xCF, 0x31, 0x45, 0xE7, 0x19, 0x4F, 0x91, 0x42,
    0x41, 0x92, 0x9F, 0x09, 0xA7, 0x41, 0xAE, 0xD8, 0xC2, 0xC0, 0x9F, 0x1B, 0x6F, 0xEC, 0x04, 0xEE,
    0xD8, 0xC0, 0x0F, 0x75, 0x01, 0xC9, 0x6C, 0x42, 0x8F, 0x40, 0xB9, 0x23, 0x85, 0xD2, 0x3A, 0x3C,
    0xF7, 0xBA, 0x1A, 0x20, 0xEB, 0x40, 0x6D, 0x11, 0x1D, 0x32, 0x26, 0x38, 0x9A, 0xF4, 0x26, 0xB2,
    0xB2, 0xB6, 0x65, 0x97, 0x93, 0xED, 0x58, 0xE9, 0x0F, 0xED, 0xC4, 0x5A, 0xB2, 0xC3, 0xFD, 0xA4,
    0x9C, 0xB6, 0x5E, 0xB6, 0x51, 0x69, 0x0D, 0x84, 0x8A, 0x5F, 0xC3, 0x3D, 0xE4, 0xB8, 0x74, 0xB0,
    0x21, 0xE8, 0x6E, 0x5A, 0xC0, 0x16, 0x33, 0x8B, 0xF6, 0x18, 0x73, 0x7A, 0x93, 0x96, 0x1A, 0x87,
    0xDA, 0x18, 0xD4, 0xC6, 0x9F, 0x36, 0xF6, 0xB4, 0x71, 0xA7, 0x8D, 0x39, 0x6D, 0xBC, 0x69, 0x63,
    0xC4, 0x1B, 0x1B, 0x7E, 0x65, 0x4C, 0x1B, 0x0B, 0xDE, 0x18, 0xF0, 0xC6, 0x7E, 0x37, 0xE6, 0xBB,
    0xB1, 0xDE, 0x8D, 0xF1, 0x6E, 0x6C, 0x77, 0x63, 0xBA, 0x1B, 0xCB, 0xDD, 0x18, 0xEE, 0xC6, 0x6E,
    0x37, 0x66, 0xBB, 0xB1, 0xDA, 0x8D, 0xD1, 0x6E, 0x6C, 0x76, 0x63, 0xB2, 0x1B, 0x8B, 0x5D, 0x0B,
    0xAD, 0x9B, 0x8E, 0xC0, 0x30, 0x6E, 0xC3, 0x46, 0x32, 0x21, 0xF6, 0x85, 0x7B, 0x46, 0xF0, 0x7A,
    0x4B, 0x45, 0x26, 0x0D, 0x99, 0x14, 0x64, 0xD2, 0x8F, 0x49, 0x3D, 0x26, 0xED, 0x98, 0x94, 0x63,
    0xD2, 0x8D, 0x49, 0x35, 0x26, 0xCD, 0x58, 0x7F, 0x4E, 0xEE, 0x9C, 0x7A, 0xCC, 0xA4, 0x12, 0x93,
    0x46, 0x4C, 0x0A, 0x31, 0xE9, 0xC3, 0xA4, 0x0E, 0x93, 0x36, 0xCC, 0x61, 0xFA, 0xDE, 0x9A, 0xCC,
    0x6A, 0x11, 0xE1, 0xAA, 0xFD, 0x18, 0xBF, 0xE6, 0x4E, 0x6E, 0x46, 0xD5, 0x6F, 0x5B, 0x52, 0xFD,
    0x15, 0xCA, 0xF6, 0xA5, 0xAD, 0xEC, 0xDF, 0x82, 0xA0, 0x19, 0x18, 0xAF, 0x93, 0x27, 0x19, 0x23,
    0x7E, 0x40, 0x99, 0xFE, 0xC6, 0xD3, 0x90, 0x33, 0xCA, 0xB7, 0x53, 0x5A, 0xB6, 0xA7, 0x0C, 0xC7,
    0x74, 0xB1, 0x16, 0x96, 0x2A, 0x98, 0x12, 0x2D, 0x2C, 0x56, 0x6E, 0xF4, 0x58, 0xF7, 0x18, 0xD8,
    0x82, 0x5D, 0xEB, 0x6A, 0x95, 0x09, 0x73, 0xB2, 0x63, 0xAD, 0xAB, 0xFB, 0xDF, 0xB2, 0x75, 0x85,
    0x22, 0xED, 0xC0, 0x52, 0x95, 0x80, 0xF5, 0xC8, 0x62, 0x34, 0x9A, 0xD5, 0x10, 0x7E, 0xEE, 0xAC,
    0x6A, 0x48, 0x89, 0xBC, 0x85, 0x34, 0x2B, 0xCC, 0x2F, 0xE9, 0x9C, 0xBD, 0x3A, 0x18, 0x92, 0x1C,
    0xDC, 0x3F, 0x65, 0x8D, 0x2D, 0x52, 0x84, 0x4C, 0xCF, 0xA9, 0x50, 0xB2, 0x00, 0x37, 0xBD, 0x77,
    0x76, 0x29, 0x14, 0x56, 0x55, 0x52, 0xD1, 0xA5, 0x7B, 0xDA, 0xF9, 0xFA, 0x0E, 0x9D, 0x2F, 0x8E,
    0x37, 0x6F, 0x51, 0xF2, 0xAE, 0x08, 0x19, 0x9B, 0x7E, 0x71, 0xBE, 0x7B, 0x2E, 0x0A, 0xF7, 0xAC,
    0x7B, 0xB2, 0x3B, 0x62, 0x17, 0x4F, 0xCE, 0xFA, 0xC2, 0xD5, 0x1C, 0x06, 0x2E, 0x8D, 0x26, 0xAA,
    0x2A, 0xC3, 0x02, 0x5F, 0x6B, 0xA9, 0x27, 0xA2, 0x7A, 0xF2, 0x75, 0x54, 0x2F, 0x22, 0xAA, 0x97,
    0x10, 0xD5, 0xCB, 0xF8, 0xCE, 0xC6, 0x15, 0xA2, 0x7A, 0x5E, 0x51, 0xBD, 0x70, 0x50, 0x54, 0x2F,
    0xEE, 0x14, 0xD5, 0x4B, 0x6B, 0x45, 0xF5, 0x0A, 0xA2, 0x7A, 0x77, 0x15, 0xD5, 0x0B, 0x46, 0x85,
    0xF3, 0xA2, 0x5E, 0x45, 0xDA, 0x2A, 0xAA, 0x97, 0x13, 0xD5, 0x7B, 0x8B, 0xA8, 0x1E, 0xF0, 0x2F,
    0x32, 0xC4, 0xE7, 0x23, 0xD1, 0x12, 0x52, 0x2E, 0x8F, 0xA3, 0x7A, 0xA1, 0x68, 0x42, 0x19, 0xFF,
    0x49, 0xB3, 0xB7, 0xB4, 0x06, 0x3E, 0x65, 0x6F, 0xFE, 0x9B, 0xC6, 0xA5, 0x37, 0xD7, 0x91, 0xCC,
    0xBA, 0x25, 0xBD, 0xF1, 0x1A, 0xB1, 0x61, 0xB4, 0x3B, 0xA4, 0x35, 0x49, 0xAB, 0x66, 0x59, 0xAE,
    0x98, 0x77, 0x3A, 0x63, 0x5D, 0x05, 0xDF, 0x0C, 0xEC, 0x13, 0xE9, 0x80, 0x43, 0x69, 0xC8, 0x78,
    0x1B, 0xFF, 0xE9, 0x26, 0xE9, 0x53, 0x89, 0x86, 0xA3, 0x79, 0x49, 0x3E, 0x90, 0x2E, 0x5B, 0xB2,
    0xAB, 0x47, 0xF3, 0xFC, 0x76, 0x24, 0x6D, 0x36, 0xFB, 0x48, 0xEA, 0x0C, 0x36, 0x01, 0x34, 0x1C,
    0x71, 0x44, 0xCA, 0xDC, 0xE3, 0xF9, 0x2B, 0x98, 0xF8, 0x1F, 0x91, 0x2B, 0x32, 0xF3, 0x7B, 0x80,
    0xEC, 0x34, 0x2B, 0x7F, 0xCC, 0x20, 0x49, 0xD5, 0x1D, 0x5C, 0xBA, 0x45, 0x13, 0x5D, 0x8D, 0x53,
    0xD8, 0x2C, 0x73, 0x55, 0x2B, 0x8E, 0x2B, 0x28, 0x6A, 0x3E, 0x76, 0xDA, 0xB2, 0x8F, 0x6F, 0xAE,
    0xE1, 0x1C, 0x90, 0x1D, 0x2E, 0xDF, 0x80, 0x23, 0xCD, 0x87, 0x06, 0xDF, 0x35, 0xE1, 0xDC, 0x46,
    0x5E, 0x63, 0x85, 0x44, 0x5E, 0x93, 0x82, 0xFB, 0x6A, 0xD5, 0xCF, 0x9D, 0xB2, 0x08, 0x10, 0xD0,
    0xFF, 0x10, 0x67, 0x32, 0xE8, 0xCD, 0x05, 0xD2, 0xF4, 0xDC, 0x54, 0x32, 0xE3, 0xE2, 0x36, 0x50,
    0x19, 0xF0, 0xEF, 0x9D, 0x75, 0xE2, 0x0A, 0x5F, 0x24, 0x48, 0x08, 0xF6, 0x89, 0xF2, 0xC7, 0x34,
    0x6D, 0xF1, 0x08, 0x49, 0xC1, 0xE0, 0x7E, 0x81, 0x3C, 0xF8, 0x74, 0xE9, 0x32, 0x3C, 0xDC, 0x3B,
    0x50, 0xC5, 0xFD, 0x72, 0x51, 0x7D, 0x7C, 0x20, 0x3C, 0x93, 0x55, 0xAB, 0xF8, 0x7B, 0xA6, 0x09,
    0x88, 0x67, 0x79, 0x4B, 0x5E, 0x95, 0x0D, 0x0B, 0xD3, 0x83, 0xCB, 0x29, 0x02, 0x59, 0x0E, 0x9B,
    0x9E, 0xB8, 0x5C, 0xAF, 0xC5, 0x44, 0xD2, 0xB1, 0xB8, 0x6F, 0x55, 0xA4, 0x2D, 0x37, 0x92, 0xF5,
    0xA5, 0x01, 0xA8, 0xDC, 0x7D, 0x13, 0xB1, 0x95, 0xFE, 0x10, 0xCA, 0xCF, 0x85, 0xB0, 0x24, 0xF4,
    0xF1, 0x38, 0x04, 0xC5, 0x5B, 0x34, 0x29, 0xAF, 0xCF, 0x10, 0x78, 0xEA, 0x6B, 0xD2, 0xF7, 0xA3,
    0xAF, 0x8F, 0xAE, 0xE1, 0x63, 0x8A, 0x0A, 0x2E, 0x3D, 0x90, 0x57, 0xD1, 0x63, 0xC1, 0xB2, 0xF3,
    0xAE, 0xA9, 0x5D, 0x32, 0xE4, 0xAD, 0x0B, 0xA7, 0x78, 0xE0, 0x72, 0x2D, 0x11, 0xA7, 0x89, 0x27,
    0x82, 0xF2, 0x6F, 0x00, 0xCD, 0xB0, 0xCD, 0x7D, 0x08, 0x37, 0x18, 0x8B, 0xCB, 0x27, 0xF8, 0xF6,
    0x21, 0x03, 0xC4, 0x54, 0xF8, 0x58, 0xEA, 0x62, 0x69, 0x66, 0x57, 0x09, 0x02, 0xCC, 0xA3, 0x5F,
    0xEB, 0xA3, 0xD8, 0xC4, 0x04, 0x3A, 0xC2, 0xA3, 0x67, 0x2E, 0x95, 0xBF, 0x0A, 0x5C, 0x27, 0x1E,
    0x57, 0x3A, 0xDE, 0x87, 0x87, 0xCB, 0xCE, 0x16, 0xEF, 0xCB, 0x93, 0x65, 0x07, 0x8B, 0xE7, 0x8A,
    0xC7, 0xEA, 0x4C, 0xA8, 0x82, 0x47, 0x87, 0x30, 0x41, 0xA1, 0xA5, 0xD3, 0x83, 0x91, 0x1C, 0xD2,
    0x70, 0x70, 0x77, 0x79, 0x68, 0xBE, 0x7F, 0x55, 0x04, 0x87, 0x57, 0x6F, 0x3B, 0x27, 0xBF, 0x13,
    0x20, 0x3A, 0xC8, 0xD9, 0x86, 0xA2, 0x75, 0xD1, 0x84, 0xF6, 0xCB, 0x1C, 0x8D, 0x66, 0x20, 0xB6,
    0xFF, 0x2B, 0x3B, 0x54, 0x41, 0x18, 0x2E, 0x9E, 0x75, 0x80, 0xD8, 0x24, 0x3D, 0xF7, 0x9B, 0xBB,
    0x1D, 0x71, 0x62, 0x39, 0x4F, 0x64, 0x97, 0x08, 0xA4, 0x21, 0xB8, 0xDC, 0x5D, 0xA2, 0x1E, 0xDE,
    0xA6, 0x69, 0xF7, 0xF8, 0x42, 0xA8, 0x83, 0xF5, 0x39, 0xC1, 0x8D, 0xCB, 0x37, 0x0F, 0x6B, 0x97,
    0x8D, 0x55, 0xE7, 0x12, 0xBC, 0xC7, 0x14, 0xCE, 0x09, 0xFE, 0x77, 0x08, 0x44, 0xA2, 0xAE, 0x90,
    0x75, 0x6F, 0x30, 0x41, 0x38, 0x29, 0x4E, 0xC1, 0xBF, 0x7B, 0x3E, 0xBA, 0xCD, 0xF8, 0xF8, 0xF3,
    0x71, 0xCA, 0xE6, 0x75, 0x42, 0x2D, 0xE9, 0x50, 0x4A, 0x12, 0xE3, 0x65, 0x71, 0x0C, 0xD5, 0x99,
    0x7E, 0x3B, 0xDE, 0x8E, 0x7E, 0xD1, 0x3B, 0x4F, 0xAF, 0x48, 0xFD, 0x9E, 0xAE, 0x9D, 0xE4, 0x31,
    0xCC, 0xC5, 0x39, 0xC5, 0x92, 0x9B, 0x2E, 0xEE, 0xE3, 0x3E, 0xA9, 0xA3, 0xE1, 0x02, 0x1E, 0xF7,
    0xBF, 0xF9, 0x06, 0x61, 0x70, 0xF8, 0xC3, 0xDB, 0x1A, 0x13, 0x3F, 0x14, 0x08, 0x35, 0x3D, 0x47,
    0xE3, 0x73, 0x30, 0x3F, 0x3D, 0xB5, 0x9E, 0xA5, 0x94, 0x99, 0xE0, 0xD9, 0x7A, 0x91, 0xF0, 0xF0,
    0x9D, 0x43, 0x85, 0x0E, 0xB0, 0xF2, 0x4C, 0x3B, 0x9D, 0xF1, 0x94, 0xC1, 0x4A, 0xE7, 0x58, 0xCF,
    0x6E, 0xE0, 0x99, 0x15, 0x9D, 0xA2, 0x17, 0x09, 0x21, 0x0F, 0xBE, 0xFE, 0xE6, 0x79, 0x41, 0xF7,
    0x4A, 0xF7, 0x16, 0x8E, 0xE1, 0xC8, 0xAA, 0x64, 0x62, 0xED, 0xFB, 0xEC, 0x99, 0xD2, 0x97, 0x65,
    0x3E, 0xAD, 0xA3, 0x03, 0xA7, 0x07, 0xA7, 0x0B, 0x5F, 0x7D, 0xB8, 0x2B, 0x4F, 0x95, 0xBE, 0x68,
    0x64, 0x66, 0x65, 0x34, 0xB3, 0x9D, 0x9D, 0xD1, 0xD0, 0xCC, 0xD2, 0xCC, 0xD4, 0x6C, 0x58, 0xC3,
    0x30, 0xDF, 0x75, 0x6D, 0xE7, 0xEB, 0xAA, 0x9E, 0x29, 0x94, 0x41, 0xC3, 0xAD, 0x8C, 0xD4, 0xD9,
    0xA4, 0x02, 0xED, 0x10, 0xE9, 0x29, 0x3A, 0x27, 0x84, 0xFD, 0xF9, 0x4A, 0x32, 0x7E, 0x4F, 0xE4,
    0x0E, 0x2A, 0xCF, 0x56, 0x00, 0x7D, 0x34, 0xBE, 0x16, 0x16, 0x50, 0xC3, 0x95, 0xA8, 0xE2, 0xB3,
    0x23, 0x01, 0x27, 0x3A, 0x07, 0xD2, 0x93, 0xA2, 0x35, 0x50, 0x10, 0xFC, 0xAE, 0xBC, 0xE1, 0xE1,
    0xC2, 0x4E, 0xB1, 0xA0, 0xDE, 0xAC, 0x1B, 0x91, 0x21, 0x96, 0x41, 0x83, 0xED, 0xF5, 0xE1, 0xE2,
    0xED, 0xBD, 0x5B, 0x2E, 0x92, 0xC4, 0xA3, 0x1A, 0x5B, 0x00, 0xD7, 0xC2, 0x57, 0xF5, 0x88, 0x6E,
    0x63, 0xDA, 0xB1, 0x02, 0xB3, 0x14, 0x35, 0x97, 0xBE, 0xF1, 0xB9, 0xFC, 0x59, 0x96, 0x40, 0x3E,
    0x79, 0x20, 0x4E, 0x3E, 0x8D, 0x24, 0x90, 0x7F, 0x84, 0x73, 0x28, 0x63, 0x38, 0x45, 0x32, 0xD0,
    0xCF, 0x6F, 0xDD, 0xEF, 0x26, 0x46, 0xCC, 0x16, 0x1E, 0x8E, 0x7B, 0x5E, 0xFA, 0x75, 0x5A, 0x90,
    0x99, 0x10, 0x6D, 0xC8, 0x8C, 0x88, 0x56, 0x44, 0x33, 0xA2, 0x1D, 0x9D, 0x09, 0x2D, 0x38, 0xFE,
    0xF3, 0x67, 0xD5, 0xAC, 0x95, 0x08, 0x80, 0x42, 0xC5, 0x85, 0xD2, 0xD6, 0x65, 0x2E, 0x6E, 0xDD,
    0x33, 0xEE, 0x7B, 0xD7, 0xC2, 0xDE, 0xAD, 0xCB, 0x37, 0x21, 0x13, 0x9F, 0x0F, 0xA4, 0xD8, 0xA4,
    0xAC, 0xCF, 0x84, 0xBD, 0x35, 0x1A, 0x8A, 0xF6, 0x17, 0x49, 0x15, 0xD9, 0xA6, 0x13, 0xE7, 0xE5,
    0x0D, 0x28, 0xD6, 0x4C, 0xA1, 0xC4, 0xEA, 0x6D, 0xDF, 0x11, 0x0D, 0xD2, 0x4D, 0xE9, 0x58, 0x3C,
    0xB8, 0x70, 0x4A, 0x7A, 0xBE, 0x48, 0x78, 0x8A, 0xDE, 0x74, 0xDA, 0xD4, 0xEC, 0x96, 0xBC, 0x40,
    0x84, 0x56, 0xB3, 0xC7, 0x03, 0x8B, 0xE7, 0xD0, 0x6A, 0xF6, 0xF3, 0xA3, 0xD3, 0x93, 0x43, 0xD8,
    0xB4, 0x0D, 0x61, 0xA7, 0xF0, 0xED, 0xD6, 0x17, 0xE4, 0xA1, 0x06, 0x53, 0x54, 0x45, 0xCB, 0x55,
    0x34, 0xC4, 0x34, 0xFE, 0x15, 0x03, 0x02, 0x61, 0xD5, 0xE3, 0xA2, 0xE9, 0x5D, 0xDE, 0xE2, 0x97,
    0xCF, 0xB0, 0xC7, 0x47, 0xB7, 0x63, 0xC4, 0x24, 0xE1, 0x16, 0xB1, 0xBD, 0x2D, 0xBD, 0xB1, 0xD8,
    0x32, 0x51, 0xC7, 0x2B, 0x0B, 0xFF, 0xAC, 0x0B, 0x6E, 0x60, 0x21, 0x19, 0x28, 0x2C, 0xE0, 0x70,
    0x45, 0x8A, 0x00, 0x72, 0x8E, 0x35, 0x6F, 0x48, 0x3D, 0xCA, 0x56, 0x85, 0x55, 0xD7, 0x56, 0xAB,
    0xF1, 0xD7, 0x0C, 0x0F, 0xC4, 0x4C, 0xBF, 0x92, 0xB1, 0x7F, 0x4D, 0x8F, 0x4F, 0xF8, 0xDD, 0xE0,
    0x6A, 0x6D, 0xDA, 0x43, 0x1F, 0xA0, 0x58, 0x3C, 0x02, 0x26, 0x5D, 0x17, 0x43, 0x28, 0x2E, 0x1B,
    0x22, 0x71, 0xE9, 0x80, 0xDC, 0xA0, 0x8C, 0x58, 0x00, 0x28, 0x2E, 0x83, 0xCB, 0x4A, 0x60, 0x15,
    0x8C, 0x04, 0x52, 0x3A, 0xB8, 0xDC, 0xA4, 0x0E, 0xA5, 0x2D, 0x80, 0x64, 0x57, 0x47, 0x53, 0x5D,
    0x75, 0xE8, 0xF7, 0x8F, 0xF1, 0xE2, 0x32, 0x51, 0xFF, 0x2F, 0x35, 0x61, 0x18, 0x0E, 0xB8, 0x3F,
    0x76, 0xEF, 0x95, 0xD7, 0xBF, 0x90, 0xE6, 0x47, 0x8B, 0xA4, 0x3B, 0x26, 0x0A, 0xDF, 0xA5, 0x14,
    0xD9, 0xA3, 0x3B, 0x72, 0xD8, 0xB4, 0x79, 0x0B, 0x25, 0xB7, 0xB9, 0x4B, 0x21, 0xAE, 0xA8, 0xA8,
    0x5F, 0x41, 0xC9, 0x91, 0x96, 0x2F, 0xC2, 0x04, 0xF7, 0xAC, 0x34, 0xDE, 0x08, 0xC3, 0xBF, 0xA8,
    0x12, 0x56, 0x36, 0x26, 0xB6, 0xE5, 0x39, 0xC4, 0xF1, 0xF2, 0xBC, 0xA6, 0x28, 0x69, 0xBA, 0xD6,
    0x8E, 0x21, 0x7A, 0x40, 0x9D, 0x7A, 0x13, 0xDB, 0x01, 0x77, 0xCF, 0x3F, 0x39, 0x58, 0xCF, 0xD6,
    0xA0, 0x64, 0x47, 0x7F, 0x1F, 0x8C, 0xDB, 0xE6, 0xED, 0x8B, 0x54, 0x51, 0xE0, 0xD9, 0xEF, 0xCB,
    0x91, 0x85, 0x89, 0x47, 0xE6, 0xFA, 0xBC, 0x7C, 0x71, 0x0D, 0x4F, 0x1C, 0x90, 0xD6, 0xC4, 0x94,
    0xF1, 0x71, 0x55, 0xD1, 0xC2, 0x50, 0x94, 0xED, 0x3E, 0x4B, 0xE0, 0x32, 0x79, 0x50, 0x27, 0x22,
    0x64, 0x6E, 0x3D, 0xBF, 0x3E, 0xDB, 0x01, 0x7B, 0x66, 0x59, 0xCF, 0x27, 0xAB, 0x78, 0xE7, 0x6D,
    0xB9, 0x13, 0x30, 0x9F, 0xCB, 0x85, 0x26, 0xF0, 0x59, 0xA6, 0x70, 0x77, 0x19, 0x93, 0x4E, 0x89,
    0xDB, 0x27, 0xB3, 0x8A, 0xD8, 0xAB, 0x08, 0xEE, 0x42, 0xD8, 0x96, 0xF1, 0x49, 0x18, 0x02, 0x6D,
    0x37, 0x03, 0x99, 0x68, 0xEC, 0xB3, 0x8A, 0x77, 0xA5, 0x85, 0x41, 0x06, 0xAB, 0x4E, 0x1A, 0xEA,
    0xAB, 0x7A, 0xAC, 0x2E, 0x37, 0x82, 0x5F, 0xC3, 0xBF, 0xC7, 0xD0, 0x6C, 0x95, 0x41, 0xB5, 0xF0,
    0x76, 0xE4, 0x8F, 0x48, 0xB9, 0x72, 0x73, 0xAC, 0x5B, 0x5F, 0x30, 0xB5, 0x7E, 0xD9, 0x96, 0xF9,
    0x06, 0xEB, 0x83, 0x19, 0xDF, 0xF7, 0x39, 0xD6, 0x38, 0x87, 0x58, 0xDB, 0x84, 0x0D, 0x4F, 0x07,
    0xCC, 0x89, 0xCE, 0xE1, 0x0D, 0x27, 0x9D, 0x35, 0x1E, 0x23, 0x5A, 0xC0, 0x6C, 0x24, 0xA1, 0x4C,
    0x98, 0x74, 0xE3, 0xD0, 0x7C, 0x06, 0x47, 0x49, 0xAA, 0x82, 0x91, 0x22, 0x4F, 0x60, 0xE0, 0xE7,
    0x33, 0x97, 0x65, 0xCB, 0x21, 0xC0, 0x59, 0x91, 0xCD, 0x32, 0x82, 0xC4, 0x85, 0x3B, 0x15, 0xAA,
    0x8B, 0x2B, 0x3B, 0x05, 0x85, 0xFA, 0x6F, 0x43, 0xD9, 0x8B, 0x22, 0xF6, 0xAA, 0x08, 0x86, 0x80,
    0x55, 0x63, 0xAF, 0x8B, 0xD8, 0x3D, 0x0C, 0x12, 0xB5, 0x61, 0x3C, 0x17, 0x23, 0xB9, 0x18, 0xC3,
    0xC5, 0xE8, 0x2D, 0xC6, 0xA3, 0x30, 0x32, 0x85, 0xB1, 0x5A, 0x8C, 0xD2, 0x62, 0x7C, 0x16, 0xB3,
    0x4B, 0x33, 0x4E, 0xA3, 0xB1, 0x90, 0xC3, 0x42, 0xE4, 0x00, 0xC3, 0x19, 0x7B, 0xC5, 0xA8, 0x2B,
    0x56, 0xD0, 0x1B, 0x69, 0xC5, 0x18, 0x2B, 0x9C, 0xEC, 0xA2, 0x9A, 0xD6, 0x58, 0xD4, 0xEC, 0xB0,
    0x26, 0x3E, 0xA0, 0x5E, 0x10, 0x6A, 0x88, 0x64, 0x24, 0xDC, 0xA0, 0x9E, 0x12, 0x13, 0x5D, 0x26,
    0x78, 0x8F, 0x07, 0x60, 0x4E, 0xE0, 0x84, 0x45, 0xDA, 0x12, 0x08, 0x16, 0xC2, 0xD6, 0x0B, 0x5D,
    0x06, 0x7D, 0xE3, 0x77, 0x79, 0x7D, 0x02, 0xA8, 0x56, 0x31, 0xE5, 0x02, 0x46, 0x1F, 0x6E, 0xD6,
    0x7C, 0x09, 0x6B, 0x68, 0xBE, 0xBA, 0x0A, 0xFF, 0xBA, 0x04, 0x98, 0x7D, 0x80, 0x98, 0x36, 0x1C,
    0xCD, 0xA1, 0xF4, 0x21, 0x79, 0x05, 0x98, 0xD7, 0xE0, 0x76, 0x32, 0xBB, 0x00, 0xB7, 0xC2, 0xEC,
    0x31, 0x2B, 0x9F, 0xE7, 0x4E, 0x01, 0xFF, 0x30, 0x17, 0x13, 0xC9, 0x86, 0x38, 0xDB, 0xFF, 0x02,
    0x7D, 0x96, 0x01, 0x84, 0x25, 0x47, 0xFE, 0xC7, 0x3F, 0xDD, 0x3D, 0x33, 0x9D, 0x9D, 0x96, 0xAD,
    0xC1, 0x8C, 0x7F, 0xFE, 0x9B, 0x24, 0x0D, 0x8B, 0xCD, 0xCA, 0x5E, 0xC1, 0x62, 0x31, 0xEF, 0x55,
    0xE5, 0x16, 0xC1, 0x39, 0x1E, 0x66, 0xE0, 0x40, 0x70, 0xC7, 0x66, 0x23, 0x36, 0xE1, 0xF0, 0xE2,
    0x66, 0xA6, 0x3B, 0x09, 0x0E, 0x60, 0x70, 0x1C, 0xC0, 0x60, 0xB1, 0x3B, 0x41, 0x16, 0x8B, 0x1C,
    0x6F, 0xAF, 0x2B, 0x77, 0x08, 0x82, 0xEB, 0xDC, 0x85, 0x00, 0xAE, 0xC5, 0x06, 0xEE, 0x90, 0x72,
    0x3A, 0xF4, 0x6E, 0xFA, 0xBD, 0xDF, 0xBD, 0xEA, 0xBC, 0x9B, 0xDD, 0x13, 0x97, 0xCF, 0xFB, 0x55,
    0x55, 0xEB, 0xD7, 0xF5, 0xAB, 0xDF, 0xEB, 0xDF, 0xB7, 0x7E, 0xF5, 0x6E, 0x9E, 0x60, 0x3A, 0x54,
    0x4F, 0xB2, 0x00, 0x01, 0x5D, 0x12, 0xC1, 0xE5, 0x3B, 0x88, 0x8F, 0xA5, 0x4C, 0xE7, 0xE4, 0x1E,
    0x63, 0xD9, 0x06, 0x36, 0xEF, 0x82, 0x16, 0xA8, 0xC4, 0xC6, 0x0B, 0xE3, 0xB2, 0x56, 0x35, 0xDA,
    0x25, 0x7E, 0x07, 0x26, 0xDC, 0x66, 0x3B, 0x15, 0x7B, 0x90, 0xCB, 0xD7, 0x9D, 0x11, 0xF1, 0x07,
    0x4A, 0xEA, 0xFB, 0x91, 0x58, 0x58, 0xE3, 0xF2, 0xE9, 0xDD, 0x42, 0x16, 0x95, 0xCC, 0x77, 0xF6,
    0xF7, 0x86, 0xEB, 0xF9, 0xF7, 0xD7, 0x37, 0xD8, 0xE4, 0x00, 0x4D, 0xF1, 0xEA, 0x1C, 0x23, 0x3D,
    0xB9, 0x78, 0x52, 0x29, 0x61, 0x0B, 0xB2, 0xC6, 0x74, 0x45, 0x5F, 0xF5, 0xC6, 0x6F, 0xD8, 0xF0,
    0x31, 0x75, 0xDE, 0x98, 0xC6, 0x78, 0x53, 0x2F, 0x9B, 0xD3, 0xCD, 0x26, 0x9B, 0x36, 0x0D, 0xD3,
    0xEC, 0x48, 0x3B, 0x72, 0x87, 0x2E, 0x23, 0x21, 0x69, 0x49, 0x5D, 0x30, 0xB6, 0x48, 0xC5, 0xE6,
    0xE2, 0xC6, 0x49, 0xB3, 0x1B, 0xF9, 0x51, 0xEC, 0xCD, 0x6B, 0x8D, 0x12, 0x17, 0xCF, 0xE1, 0xE6,
    0xF1, 0xA9, 0x45, 0x3E, 0x10, 0xE2, 0x45, 0xD6, 0x93, 0x76, 0xAA, 0x41, 0xD5, 0xA6, 0xC4, 0xD8,
    0x39, 0x6C, 0x33, 0x81, 0x97, 0xD9, 0x38, 0x31, 0x56, 0xD7, 0x79, 0x2D, 0x56, 0x7D, 0x37, 0x27,
    0x91, 0x96, 0x58, 0x6A, 0xD8, 0x87, 0x0B, 0x18, 0x0C, 0x63, 0x0E, 0x99, 0xD1, 0xB3, 0xF9, 0xEA,
    0x49, 0x7E, 0xDD, 0xEB, 0xEB, 0xDE, 0x24, 0x8D, 0x49, 0xEB, 0x71, 0xE6, 0x0E, 0x95, 0x3B, 0x7D,
    0xEF, 0x14, 0xD3, 0x48, 0x99, 0xFB, 0xC2, 0xA5, 0x5D, 0xEE, 0xA3, 0x79, 0xDA, 0x52, 0x44, 0x3D,
    0xEB, 0x6C, 0x13, 0xD0, 0x16, 0x8C, 0x83, 0xC2, 0x81, 0x29, 0x79, 0xF9, 0xDC, 0x86, 0x1D, 0xA3,
    0xAC, 0x3E, 0xAE, 0xC8, 0x65, 0x4E, 0x26, 0x2D, 0x91, 0x94, 0x0C, 0x5C, 0xB0, 0xB1, 0x78, 0x25,
    0xBD, 0xFE, 0x6E, 0x7E, 0xC4, 0xD1, 0x0C, 0x3D, 0x61, 0x9D, 0xA8, 0x44, 0xBB, 0x68, 0x41, 0xEA,
    0x51, 0x0E, 0xED, 0x30, 0x0D, 0xA6, 0xC3, 0xF4, 0xC1, 0xF2, 0x8E, 0xF8, 0x18, 0xDE, 0x25, 0x96,
    0x32, 0x11, 0xB7, 0x34, 0x96, 0x66, 0x96, 0x56, 0x62, 0x60, 0xCE, 0xF3, 0x43, 0x42, 0xB7, 0x20,
    0x6E, 0xF2, 0xDE, 0xF4, 0x45, 0x5F, 0xF9, 0xAA, 0x7C, 0xC0, 0x21, 0x86, 0xBC, 0x4E, 0x3C, 0x13,
    0x0E, 0x89, 0x86, 0xB9, 0xF1, 0x0F, 0xE7, 0xB6, 0xAB, 0xB9, 0x97, 0x6F, 0xA3, 0x07, 0xD9, 0xC4,
    0x0B, 0xA8, 0x2C, 0xB9, 0x23, 0xB2, 0x4F, 0xCB, 0x46, 0x9D, 0xC9, 0xE6, 0x22, 0xF7, 0x77, 0x7C,
    0xE5, 0x3F, 0xF4, 0x51, 0x13, 0xD7, 0xE7, 0x50, 0xBC, 0xB4, 0xA7, 0xFB, 0xF1, 0x9D, 0x5D, 0xA6,
    0x5C, 0x38, 0xBD, 0x6B, 0x64, 0x6E, 0xA4, 0xDF, 0xD9, 0xEF, 0xA1, 0x27, 0xEA, 0x88, 0x5B, 0x12,
    0x3F, 0x58, 0x43, 0x64, 0xA3, 0x07, 0x24, 0x42, 0x1A, 0xA2, 0xB1, 0x54, 0x70, 0x44, 0xDC, 0x61,
    0x6A, 0x2E, 0x01, 0xC4, 0x5E, 0x79, 0xC3, 0x88, 0x5D, 0xC6, 0xE4, 0x2E, 0x2D, 0x81, 0x61, 0x8D,
    0xFF, 0xFB, 0xBA, 0x5A, 0xDC, 0xBC, 0x0B, 0xD5, 0xA2, 0x9A, 0xA7, 0x65, 0x66, 0x15, 0x9B, 0x70,
    0x02, 0x9E, 0xA8, 0xC1, 0x08, 0x85, 0x90, 0xB8, 0x60, 0xB1, 0x65, 0x67, 0xDF, 0x1A, 0x71, 0x97,
    0x4F, 0x6D, 0x58, 0x2F, 0xA9, 0x57, 0xFA, 0x51, 0x8E, 0xBC, 0x34, 0x82, 0x59, 0xA0, 0x3B, 0x22,
    0xCB, 0xFF, 0x33, 0x62, 0xC4, 0x01, 0x33, 0x1E, 0x50, 0xF5, 0x45, 0xAF, 0xDB, 0xC8, 0x6E, 0x34,
    0xBA, 0x37, 0xE1, 0xD3, 0x06, 0x85, 0xC6, 0xA5, 0x6E, 0x94, 0x37, 0x5E, 0x7B, 0xD3, 0x2C, 0x5B,
    0x9D, 0xFB, 0x4D, 0xBB, 0x51, 0xFE, 0x88, 0x10, 0x37, 0xEE, 0xA8, 0x2E, 0x6F, 0x8C, 0x33, 0xCC,
    0x98, 0xC0, 0x36, 0x7C, 0x0C, 0x8F, 0x42, 0xD6, 0x30, 0x35, 0x79, 0x43, 0x5E, 0xFF, 0xAA, 0x72,
    0x95, 0x50, 0x3D, 0x84, 0x23, 0xD2, 0x96, 0xBC, 0xC6, 0x38, 0x56, 0xF6, 0xD8, 0xE5, 0xE2, 0x36,
    0xC4, 0x5E, 0x40, 0x3F, 0x25, 0xC8, 0xF5, 0xFD, 0xFD, 0x3D, 0x2D, 0xD2, 0x1B, 0x91, 0x6E, 0x4C,
    0xD4, 0x1E, 0x80, 0xBF, 0x0F, 0x7E, 0x02, 0x93, 0x8B, 0xE7, 0xA2, 0xF2, 0xDA, 0xF9, 0xC4, 0x5D,
    0x33, 0xA9, 0x35, 0x22, 0x64, 0xEF, 0x77, 0xDC, 0x08, 0x52, 0x47, 0x3B, 0xFD, 0x89, 0xA0, 0xBE,
    0xEB, 0xC9, 0xC4, 0x13, 0x14, 0xC3, 0x3E, 0x43, 0x8E, 0xA9, 0x7A, 0x62, 0x59, 0x90, 0x75, 0x82,
    0xAE, 0x4D, 0x59, 0xA1, 0xEA, 0x3D, 0x22, 0xBB, 0xDC, 0x22, 0xD6, 0x04, 0xCD, 0x96, 0xC5, 0x4A,
    0xB3, 0xAB, 0x2D, 0xB2, 0xF6, 0x03, 0xCD, 0x7E, 0x8C, 0x99, 0xB0, 0xC6, 0x0D, 0xB6, 0x13, 0x29,
    0x77, 0x95, 0x7C, 0xDB, 0x6B, 0x91, 0x76, 0x94, 0x49, 0x73, 0x10, 0x54, 0x3E, 0x14, 0x88, 0x53,
    0x8C, 0x84, 0xBC, 0x2C, 0x58, 0xD6, 0x85, 0x65, 0xDB, 0x0F, 0x59, 0x11, 0xB1, 0x45, 0xE8, 0x6E,
    0x9E, 0x2E, 0xBF, 0x5F, 0x5F, 0xDE, 0x9B, 0x28, 0x11, 0xF1, 0xD9, 0xB2, 0x6B, 0x38, 0x43, 0x8B,
    0x88, 0x33, 0xA1, 0x0B, 0xD3, 0xE0, 0x0D, 0xD6, 0x62, 0x71, 0xE3, 0x4C, 0x1E, 0xCD, 0x72, 0x91,
    0xCE, 0xA4, 0xE2, 0x77, 0xA9, 0xDC, 0x10, 0x19, 0x84, 0x75, 0xE6, 0x85, 0x48, 0xBF, 0x74, 0x7A,
    0x07, 0x56, 0xB7, 0x02, 0xF5, 0x30, 0x04, 0x29, 0x04, 0x4A, 0x86, 0x09, 0x1C, 0x40, 0x3A, 0x87,
    0xA2, 0x0D, 0x69, 0x5C, 0x0D, 0x98, 0x16, 0x0A, 0x0B, 0x57, 0x79, 0x42, 0x74, 0x0C, 0x90, 0x78,
    0x80, 0xD4, 0x01, 0xA8, 0x12, 0x40, 0x13, 0x38, 0x24, 0xD0, 0x33, 0x88, 0x16, 0x20, 0x69, 0x00,
    0x94, 0x03, 0xC8, 0x2D, 0xC0, 0x98, 0xC0, 0x8C, 0x40, 0xF7, 0x94, 0xAF, 0xFA, 0xC7, 0x7C, 0xB5,
    0x4F, 0x7C, 0x65, 0x4F, 0xF9, 0x32, 0x3F, 0xEA, 0xCB, 0x3D, 0xF1, 0xF5, 0x12, 0x4F, 0xA3, 0xAC,
    0xAA, 0x93, 0x26, 0xF6, 0xB1, 0xCF, 0xEA, 0xA2, 0x7C, 0x97, 0x35, 0xD8, 0x7E, 0x05, 0x76, 0x77,
    0x61, 0x1A, 0xC4, 0x54, 0x88, 0xF8, 0x6A, 0xD9, 0x42, 0x2A, 0x82, 0xD0, 0x94, 0xC8, 0xE2, 0xA5,
    0xFD, 0xFD, 0xB7, 0x5E, 0x84, 0x57, 0x56, 0xCF, 0x5D, 0x0B, 0xC2, 0x5B, 0xBE, 0xC2, 0x93, 0xE8,
    0xF8, 0x65, 0xD4, 0x5C, 0xEC, 0xE8, 0xD6, 0xEF, 0xCB, 0x6B, 0x2A, 0x29, 0xDF, 0x7E, 0x36, 0xB1,
    0x70, 0xFE, 0x85, 0xFC, 0x41, 0xE6, 0x95, 0x1F, 0x77, 0x57, 0xDF, 0x06, 0x7E, 0x99, 0xB6, 0xCA,
    0xE5, 0xE4, 0x56, 0xB9, 0xCC, 0xA5, 0x75, 0x52, 0xE7, 0xAE, 0x62, 0xC2, 0x40, 0x1E, 0x72, 0x32,
    0x24, 0x97, 0x33, 0x42, 0x6E, 0x6C, 0x25, 0x22, 0x2C, 0xD3, 0x77, 0x97, 0xD3, 0x13, 0x4C, 0x4B,
    0xDE, 0x91, 0xF6, 0x20, 0x60, 0x2C, 0xEB, 0xFF, 0xE3, 0xE8, 0xBA, 0x13, 0x8E, 0xA7, 0x41, 0x7D,
    0xDD, 0x7F, 0xD4, 0x37, 0x5D, 0xA9, 0x0F, 0xB2, 0x26, 0x6F, 0xF3, 0x2E, 0x6B, 0x23, 0x9F, 0xD6,
    0x63, 0x02, 0x13, 0x20, 0x9E, 0xC3, 0x66, 0xB2, 0xB8, 0x84, 0xF9, 0x73, 0x2F, 0x54, 0x9F, 0x7E,
    0x2B, 0xB6, 0xFA, 0xEC, 0x2B, 0xA1, 0xF8, 0xCB, 0x27, 0xC2, 0x05, 0x65, 0x6F, 0x40, 0x44, 0x40,
    0x77, 0xA6, 0x35, 0xDE, 0xF8, 0xE2, 0x91, 0x59, 0xE4, 0x0F, 0x97, 0x2F, 0x66, 0x12, 0x5E, 0xC2,
    0xB2, 0xB5, 0x47, 0xC4, 0x7E, 0x0A, 0xFE, 0xDE, 0x6A, 0x07, 0x0E, 0xC2, 0x1E, 0x7E, 0x53, 0xE8,
    0x4A, 0xCE, 0x18, 0x7E, 0x93, 0x2C, 0x09, 0xDA, 0xDF, 0x63, 0x33, 0x3A, 0xD6, 0x89, 0x37, 0x69,
    0x38, 0x53, 0x8E, 0x86, 0x33, 0x65, 0xA6, 0xCA, 0x9D, 0xBD, 0x62, 0x5E, 0xF5, 0xFB, 0x3D, 0x1D,
    0x5D, 0xD4, 0xC2, 0xB3, 0xC0, 0x8E, 0x8E, 0x88, 0xA5, 0x57, 0x28, 0x99, 0x17, 0x84, 0x8D, 0xCF,
    0x48, 0x49, 0xCB, 0x34, 0xAF, 0xEA, 0x95, 0xA4, 0xD6, 0x38, 0xA3, 0x07, 0xE2, 0xC5, 0x59, 0xD7,
    0x03, 0xBC, 0xBE, 0x0E, 0x6F, 0x90, 0x93, 0xC8, 0xA3, 0x23, 0x54, 0x70, 0x10, 0xDE, 0x0F, 0xA3,
    0xA8, 0x2A, 0xB9, 0x41, 0x20, 0xAB, 0x81, 0xDC, 0x9F, 0x75, 0x0D, 0xB0, 0x61, 0x09, 0xD3, 0xD6,
    0x13, 0xA9, 0xCF, 0x76, 0x9A, 0x4E, 0xC2, 0x4E, 0x2B, 0x1C, 0x40, 0xF4, 0x88, 0x4B, 0x99, 0x94,
    0x33, 0x2D, 0x8F, 0x5B, 0x53, 0x89, 0x9F, 0x65, 0xE2, 0x6E, 0x53, 0xB1, 0x22, 0x2E, 0xDF, 0xCE,
    0xFE, 0xD1, 0x19, 0x99, 0x6B, 0xE9, 0x54, 0x54, 0x47, 0x91, 0x65, 0xE0, 0x24, 0xE9, 0xF2, 0x79,
    0xE2, 0xD3, 0x26, 0xAD, 0x33, 0xA7, 0x5C, 0xD1, 0x26, 0xE2, 0xF2, 0xF9, 0x6A, 0x78, 0x77, 0xC2,
    0x3E, 0xEB, 0x6F, 0x4D, 0x09, 0x5C, 0x99, 0xC2, 0xF6, 0x30, 0x9C, 0xDF, 0xBD, 0xC7, 0x15, 0x38,
    0xBF, 0x7D, 0x0F, 0x56, 0x65, 0x9D, 0xB8, 0x0C, 0xC6, 0x33, 0xC0, 0x45, 0xB6, 0x5E, 0x04, 0xA6,
    0x6B, 0xD3, 0x35, 0x60, 0xEB, 0xCA, 0x74, 0x0B, 0x58, 0xBB, 0x32, 0xDD, 0x0D, 0x4E, 0xAE, 0x4C,
    0x2F, 0x02, 0xCF, 0x5D, 0x59, 0xF9, 0xBC, 0x38, 0x3C, 0xF9, 0x1C, 0x61, 0xB8, 0x0A, 0x91, 0x0D,
    0xB6, 0xF2, 0x49, 0xF4, 0x73, 0xDE, 0xB1, 0xAC, 0xD6, 0x9B, 0xC2, 0x25, 0x86, 0x81, 0x27, 0xC3,
    0x7F, 0x87, 0x0B, 0x35, 0x73, 0x74, 0x93, 0xF4, 0x59, 0x57, 0x94, 0x2D, 0x25, 0x4C, 0xB2, 0xC6,
    0x1C, 0x1F, 0x30, 0x63, 0xC6, 0x18, 0x6D, 0x37, 0x60, 0x07, 0x62, 0xF1, 0x28, 0xE9, 0x59, 0x16,
    0x4B, 0xC6, 0x14, 0xCC, 0xD0, 0x70, 0x04, 0xC8, 0x53, 0xED, 0x12, 0x81, 0x17, 0x9E, 0x45, 0x17,
    0x64, 0x3D, 0x89, 0x47, 0xF5, 0x18, 0xCD, 0x33, 0xE7, 0x20, 0x82, 0x9C, 0x48, 0x30, 0x2D, 0xA6,
    0x26, 0x2C, 0x5C, 0x40, 0xCA, 0x16, 0x8C, 0x40, 0x3F, 0x24, 0x15, 0x22, 0x21, 0x7F, 0x84, 0xB1,
    0x5C, 0x05, 0x0B, 0x74, 0x28, 0x5B, 0x1D, 0xE7, 0x65, 0xD6, 0x6B, 0x97, 0xF4, 0xA6, 0xD6, 0x0F,
    0xFF, 0xE0, 0xE7, 0xF8, 0xF6, 0x24, 0x6A, 0x0E, 0xD6, 0xC9, 0x5C, 0xE6, 0x23, 0x8F, 0x8F, 0xFD,
    0xF3, 0x8D, 0x29, 0x2F, 0x92, 0x3E, 0xD4, 0xBD, 0x99, 0x9B, 0x5E, 0xB7, 0x43, 0xDA, 0xD7, 0xA6,
    0xBC, 0xF2, 0x6B, 0xF4, 0x3B, 0x2E, 0x96, 0xBA, 0xEA, 0xB8, 0xF6, 0x77, 0x1B, 0x7D, 0xE9, 0xE2,
    0xCF, 0x01, 0xA2, 0xC9, 0x1E, 0xF9, 0x42, 0xEC, 0xF8, 0xD6, 0x97, 0x6E, 0xAA, 0xE2, 0x66, 0xAA,
    0xA2, 0x66, 0x57, 0x5D, 0x0F, 0xA5, 0xD5, 0x65, 0xED, 0x82, 0x35, 0xAE, 0xB0, 0x8B, 0x99, 0x17,
    0x3D, 0xBB, 0x4C, 0x79, 0x7D, 0x77, 0x55, 0x76, 0x0C, 0x81, 0x23, 0x54, 0x0D, 0xC4, 0x1D, 0xE9,
    0x1C, 0x28, 0x6A, 0x22, 0x59, 0x9C, 0xCA, 0x02, 0xD0, 0xAB, 0x9A, 0x1F, 0xDD, 0x92, 0xDB, 0x3C,
    0x61, 0x4C, 0x20, 0x2B, 0x57, 0x15, 0x94, 0x6C, 0xD0, 0x66, 0x47, 0x2C, 0xC7, 0x44, 0x55, 0x3D,
    0xEC, 0xAB, 0x61, 0x7E, 0xB6, 0x1C, 0x6B, 0x80, 0x0B, 0xA7, 0xBF, 0x03, 0x86, 0x1A, 0x7F, 0xC7,
    0xC8, 0x92, 0xFE, 0xFB, 0x7E, 0x67, 0x7F, 0xC9, 0x84, 0x81, 0xA7, 0xEF, 0xDF, 0x1C, 0x9E, 0x24,
    0x5A, 0x7D, 0x45, 0x21, 0x0F, 0x01, 0x43, 0x2C, 0x12, 0xAE, 0x66, 0x28, 0x59, 0xF2, 0xF8, 0xA3,
    0x0E, 0x5D, 0x72, 0x6B, 0x88, 0x72, 0x0C, 0xE1, 0x6A, 0xA8, 0x3B, 0xF0, 0x8B, 0x63, 0x80, 0xE8,
    0xA3, 0x21, 0xEE, 0x21, 0x9E, 0x66, 0x08, 0x67, 0x88, 0xAB, 0x78, 0xBC, 0x17, 0xBD, 0x29, 0x6E,
    0xD8, 0x8E, 0x68, 0xAF, 0x6A, 0x80, 0xA4, 0xFD, 0x09, 0x03, 0x3D, 0x4F, 0x70, 0x43, 0xC8, 0x7E,
    0x08, 0xAA, 0x2B, 0x42, 0xEF, 0x01, 0x92, 0x12, 0x20, 0x66, 0xC5, 0xF6, 0x56, 0xFC, 0x4F, 0xAF,
    0x3E, 0xF0, 0x3A, 0x69, 0xC6, 0x69, 0x3D, 0x1A, 0x2A, 0xC7, 0xF8, 0xCD, 0x2F, 0xF2, 0xDF, 0x36,
    0xEC, 0x10, 0x7F, 0xE3, 0xD4, 0x6B, 0x2E, 0xCF, 0x4A, 0xF3, 0x47, 0xC6, 0x13, 0xC6, 0xA0, 0x7F,
    0x46, 0xDA, 0x11, 0x97, 0x99, 0x8B, 0xD8, 0x41, 0x97, 0xCA, 0xE6, 0x68, 0xC6, 0x8C, 0x18, 0x5B,
    0x6D, 0xD9, 0x23, 0xFB, 0xC6, 0xEA, 0xD4, 0x1D, 0xA6, 0x6E, 0x96, 0xB9, 0x5E, 0x2D, 0xCD, 0x1E,
    0x1E, 0x92, 0x2F, 0x9D, 0xD9, 0x89, 0x76, 0xAD, 0x7A, 0xCF, 0xAB, 0x9F, 0xFA, 0x3C, 0x69, 0x74,
    0x5A, 0x1B, 0xE5, 0xCC, 0x87, 0x5F, 0xE4, 0xEF, 0xB7, 0xAB, 0x85, 0xAE, 0xBB, 0x3C, 0x62, 0x0C,
    0x23, 0x86, 0x85, 0x5E, 0x0B, 0x0B, 0x11, 0xDF, 0x81, 0x0E, 0x5A, 0x76, 0xDA, 0xE4, 0x87, 0x71,
    0xFE, 0x26, 0xC4, 0xB9, 0x79, 0x4C, 0xDA, 0x90, 0xD6, 0x64, 0x9F, 0x58, 0xF5, 0x4D, 0xA3, 0xFE,
    0xE6, 0xF3, 0x0F, 0x1A, 0x9D, 0xD4, 0x26, 0x75, 0xE3, 0xCC, 0x8D, 0xB2, 0x2F, 0x0E, 0x92, 0x66,
    0x67, 0x3D, 0x9A, 0xDC, 0xAA, 0x3E, 0x6B, 0xF3, 0x4F, 0x7D, 0xA7, 0xD3, 0xCF, 0x5B, 0x93, 0xFD,
    0xC9, 0x8F, 0xD4, 0xFB, 0xFE, 0x40, 0x5D, 0x6F, 0x66, 0xF9, 0xF5, 0x6F, 0x3F, 0xCE, 0xA3, 0x6E,
    0x3D, 0xB2, 0xFA, 0xA3, 0x5A, 0x7D, 0xE5, 0x94, 0x23, 0xB7, 0x68, 0x30, 0x30, 0x86, 0x5D, 0x80,
    0xB8, 0xCC, 0x8F, 0xAB, 0x13, 0xCD, 0x98, 0xD5, 0x5F, 0xBA, 0x52, 0xDB, 0x75, 0xAC, 0x7E, 0xCF,
    0x67, 0xEE, 0x5E, 0xEA, 0x4E, 0x52, 0x57, 0x27, 0x7F, 0x2D, 0x93, 0x2F, 0x89, 0x7B, 0xA2, 0x86,
    0x75, 0xBB, 0x95, 0x35, 0x6D, 0xFC, 0xAF, 0x92, 0x05, 0xCC, 0x60, 0x4E, 0x52, 0xF0, 0x62, 0x6E,
    0xEF, 0x67, 0xF5, 0xBF, 0x01, 0xEC, 0x7C, 0x3D, 0x8C, 0xE5, 0xE6, 0x75, 0xF6, 0x21, 0xF9, 0x8D,
    0x08, 0x88, 0x1F, 0xC0, 0x14, 0x5A, 0x04, 0x89, 0x0A, 0x76, 0x81, 0xE1, 0xC2, 0x6C, 0x52, 0x05,
    0x91, 0x48, 0x59, 0x65, 0x0A, 0x6F, 0xE1, 0xB1, 0x0B, 0x17, 0x4E, 0x91, 0xCE, 0xC5, 0xF4, 0x80,
    0xD7, 0xA4, 0xE4, 0x22, 0x65, 0x14, 0x20, 0x3F, 0xA5, 0xB7, 0x30, 0x90, 0x78, 0x5C, 0x6C, 0x93,
    0xC2, 0xC5, 0xCA, 0x64, 0xDC, 0xB8, 0x70, 0x61, 0x3A, 0x80, 0xE1, 0x32, 0x74, 0xA2, 0x4D, 0x21,
    0x01, 0x5E, 0x06, 0xA1, 0x64, 0x8E, 0x96, 0xE4, 0x93, 0xFB, 0x9C, 0x07, 0x2F, 0x96, 0x37, 0x63,
    0x6D, 0x1C, 0x24, 0xF1, 0x5A, 0x72, 0xE8, 0xBB, 0xE7, 0x9C, 0x3B, 0xB8, 0x97, 0xEF, 0xF9, 0xFF,
    0xE3, 0x95, 0xCD, 0xEC, 0xFA, 0xBE, 0xF1, 0xAA, 0x66, 0x47, 0xC5, 0xEA, 0x28, 0xDD, 0x1C, 0x19,
    0x84, 0xCA, 0xDA, 0xD1, 0x85, 0x43, 0x7D, 0x00, 0x00, 0x56, 0xCB, 0x85, 0xA2, 0xCE, 0x91, 0x55,
    0xAB, 0x25, 0x8B, 0xA3, 0x78, 0x76, 0x14, 0x4D, 0x66, 0xCD, 0x62, 0xF1, 0x09, 0x75, 0x3A, 0x00,
    0xD3, 0x19, 0x1A, 0x09, 0x23, 0x3C, 0xBA, 0xBC, 0x6B, 0x16, 0x03, 0xFC, 0x73, 0x12, 0xD0, 0x8F,
    0x2F, 0x6B, 0x1E, 0xD4, 0xEA, 0xBC, 0x9A, 0x28, 0x13, 0x43, 0xF9, 0x19, 0x2A, 0x76, 0xB3, 0xA2,
    0xB6, 0x72, 0x33, 0x2B, 0xFD, 0x54, 0xAB, 0x84, 0x76, 0x33, 0xEC, 0xD7, 0xDF, 0xDE, 0xAC, 0x12,
    0x9B, 0x42, 0xFC, 0xCA, 0x4B, 0xF6, 0x12, 0x11, 0x6A, 0xD4, 0x3C, 0xF7, 0x4D, 0xB4, 0x44, 0x9F,
    0x25, 0x8A, 0x10, 0x21, 0x7C, 0x44, 0xD7, 0x27, 0x42, 0xE8, 0x8C, 0x08, 0x43, 0x2E, 0x54, 0x38,
    0xEA, 0xCB, 0x36, 0xDF, 0xAD, 0xEC, 0x2B, 0xDE, 0x2D, 0x6F, 0x5F, 0xE5, 0xDD, 0xF2, 0xF6, 0x1E,
    0x6F, 0x93, 0xD7, 0x9F, 0x22, 0x7A, 0xD1, 0x5C, 0x14, 0x23, 0x92, 0x28, 0x41, 0xA2, 0x0F, 0xB0,
    0x10, 0x01, 0x68, 0x2D, 0x22, 0x1A, 0x2D, 0xC6, 0x18, 0x63, 0x3E, 0xA1, 0xDE, 0xBA, 0xD5, 0x92,
    0x13, 0xAA, 0x02, 0xA2, 0x44, 0x44, 0x19, 0x6A, 0x22, 0xCA, 0x20, 0xC4, 0xBB, 0xE7, 0xBB, 0xAB,
    0xA6, 0xDC, 0x2D, 0xC6, 0x60, 0x0D, 0xEC, 0x0A, 0x75, 0x01, 0x2C, 0xD8, 0xAC, 0x04, 0x66, 0xBC,
    0x65, 0xAE, 0xAF, 0xEB, 0xA3, 0x4E, 0x72, 0x39, 0x68, 0x35, 0x89, 0xA9, 0x96, 0x30, 0x5E, 0xF5,
    0xC1, 0xFA, 0xDC, 0x62, 0x58, 0x2C, 0x17, 0x8A, 0x1A, 0x00, 0xB2, 0x51, 0x2A, 0x94, 0x4C, 0x42,
    0xB2, 0x58, 0x32, 0xBA, 0x7C, 0xD1, 0x5B, 0xE7, 0x16, 0x0B, 0x28, 0x72, 0xC3, 0x91, 0x49, 0x22,
    0x0A, 0x76, 0x40, 0xE7, 0x16, 0x23, 0xBA, 0x6D, 0x31, 0x47, 0xE5, 0x26, 0x24, 0x66, 0x2B, 0x21,
    0x6C, 0xFE, 0x06, 0x58, 0x85, 0x16, 0x3B, 0x5E, 0x9D, 0x9F, 0x58, 0xC0, 0x3F, 0xD5, 0xDD, 0x5C,
    0xA1, 0xE6, 0x79, 0xA7, 0x17, 0x55, 0x17, 0x53, 0xB3, 0x8B, 0x45, 0xA8, 0xC9, 0x66, 0xB4, 0x89,
    0xCD, 0xBB, 0x81, 0xB1, 0x54, 0x8C, 0xE5, 0x47, 0x8E, 0x78, 0x2B, 0xBE, 0x2F, 0x85, 0x2A, 0x5C,
    0x5F, 0xF3, 0x58, 0x31, 0xF6, 0x0C, 0x44, 0x13, 0xE9, 0xEB, 0xAE, 0xE5, 0x1C, 0xBD, 0xA5, 0xBD,
    0x25, 0xB4, 0x9D, 0x3B, 0xC1, 0xB7, 0x41, 0x3F, 0x91, 0x10, 0x29, 0x64, 0xB7, 0x8B, 0xBB, 0xA6,
    0x4B, 0x7A, 0xB9, 0x71, 0x71, 0x30, 0x58, 0x82, 0xBF, 0xC2, 0x64, 0xF9, 0xCA, 0xC4, 0x53, 0xCC,
    0x56, 0x2E, 0xB4, 0x65, 0x31, 0x11, 0xE6, 0x03, 0xFF, 0x28, 0xE5, 0x10, 0xC2, 0x8F, 0x96, 0x0E,
    0xB0, 0xF9, 0x6D, 0x14, 0xAF, 0x98, 0xFC, 0xBC, 0xD5, 0x05, 0xDB, 0xDC, 0x42, 0x08, 0xDF, 0x70,
    0x91, 0xD3, 0x91, 0x16, 0x29, 0x47, 0x4B, 0xC0, 0x1B, 0x13, 0xCE, 0x96, 0xEC, 0xEE, 0x89, 0xAB,
    0x15, 0x68, 0xAF, 0x66, 0x32, 0xCA, 0x5B, 0x37, 0x32, 0xC1, 0xA5, 0x74, 0xA6, 0x28, 0x5F, 0xE9,
    0x31, 0x6F, 0x51, 0x7A, 0x31, 0x23, 0xA0, 0x80, 0xE8, 0xE6, 0xE0, 0x17, 0x02, 0xA3, 0xFC, 0x43,
    0xDE, 0x41, 0xDD, 0x13, 0x48, 0xFD, 0xE4, 0x41, 0x3E, 0x41, 0xFD, 0x0B, 0xC8, 0x1B, 0xCA, 0xF3,
    0x1B, 0x63, 0x73, 0xE3, 0x4F, 0x02, 0x66, 0x77, 0x3C, 0x05, 0x75, 0xAF, 0xF1, 0xA3, 0x78, 0x13,
    0x4F, 0x61, 0xB4, 0x7B, 0x82, 0xFA, 0xBC, 0x1D, 0x2F, 0xB1, 0x2D, 0xBE, 0xC5, 0xB8, 0x38, 0xD7,
    0xCD, 0x05, 0xC5, 0xBC, 0xB8, 0x17, 0xE7, 0x82, 0x12, 0x40, 0x12, 0x48, 0x04, 0xB1, 0x2F, 0x28,
    0x29, 0x24, 0x86, 0xE4, 0x90, 0x0C, 0x82, 0x12, 0xC5, 0xCA, 0x5B, 0x47, 0x51, 0x1C, 0x89, 0x22,
    0x28, 0xC7, 0x9B, 0xC3, 0xBB, 0x0B, 0xEC, 0xBC, 0x13, 0xCE, 0x58, 0x79, 0x06, 0x13, 0x47, 0x56,
    0x6E, 0x33, 0x91, 0xEF, 0xCF, 0x62, 0xE5, 0x28, 0x75, 0x37, 0xFD, 0x72, 0x07, 0x86, 0xA3, 0xC2,
    0xED, 0xC3, 0xCD, 0x3E, 0x0D, 0xB9, 0x5D, 0x1F, 0xEE, 0x2B, 0xB9, 0x00, 0x7D, 0x04, 0xA2, 0x28,
    0x9F, 0x7B, 0x16, 0x2F, 0xA5, 0x3A, 0x51, 0xC5, 0x2E, 0x6A, 0x09, 0x99, 0x20, 0x9A, 0x43, 0x16,
    0x88, 0xA7, 0x40, 0x25, 0x53, 0xB8, 0x75, 0x32, 0x86, 0xCC, 0x9B, 0x0E, 0xD6, 0xED, 0xDF, 0x24,
    0x95, 0xF5, 0x06, 0xDD, 0x3A, 0x77, 0x6A, 0x21, 0x07, 0x6D, 0x84, 0xB1, 0x72, 0xA7, 0xAA, 0x63,
    0xE6, 0x79, 0x06, 0x36, 0x73, 0xB1, 0x4B, 0xF1, 0x35, 0x8A, 0xE4, 0x52, 0xBD, 0x1D, 0x28, 0xF3,
    0xA4, 0x4C, 0x2A, 0x5E, 0xA8, 0x4F, 0x7E, 0x2E, 0x9D, 0xC9, 0x28, 0x95, 0x5B, 0x4C, 0x27, 0x8A,
    0xAF, 0xDF, 0xC3, 0x40, 0xE1, 0xAB, 0xCD, 0x3A, 0xF4, 0x4C, 0x00, 0x58, 0x4E, 0x54, 0x6D, 0xCD,
    0xFE, 0x00, 0xE3, 0x09, 0x4A, 0xF4, 0xDA, 0xC3, 0x18, 0x1E, 0xF3, 0x51, 0x7D, 0xE6, 0x91, 0x25,
    0x30, 0xC9, 0x2B, 0x65, 0x76, 0x7A, 0xE6, 0x0B, 0xD8, 0x6A, 0x79, 0xA7, 0x2C, 0xE0, 0x62, 0x07,
    0x4A, 0xF6, 0x50, 0x09, 0x95, 0xFE, 0x3A, 0x15, 0x15, 0xD9, 0x2B, 0xB9, 0x45, 0x8D, 0xB2, 0x94,
    0xCA, 0x10, 0x70, 0x9F, 0xB6, 0xD4, 0x45, 0x4B, 0xBE, 0x7B, 0xFD, 0x00, 0x0F, 0x30, 0xF8, 0xA7,
    0xF3, 0x3D, 0xC2, 0xE4, 0x9F, 0x2E, 0x76, 0xDE, 0x3F, 0x05, 0x2B, 0xE8, 0xA1, 0x30, 0x85, 0xDA,
    0x14, 0x28, 0x7E, 0xA8, 0x72, 0x9B, 0xD1, 0x0A, 0x8D, 0x6C, 0xD6, 0x4D, 0x74, 0x5A, 0xB1, 0xCC,
    0xFB, 0x89, 0xCA, 0xD0, 0xD3, 0xE3, 0x53, 0x7C, 0xD8, 0xC1, 0x3D, 0x9C, 0x0C, 0xCC, 0xA4, 0x46,
    0x00, 0x1F, 0xD6, 0xA1, 0x02, 0x5B, 0x2E, 0x2C, 0xC5, 0x51, 0xA7, 0x2A, 0xC2, 0x56, 0xA9, 0x0A,
    0x1B, 0xCB, 0x30, 0xB1, 0xEA, 0x70, 0x6D, 0xA1, 0x10, 0x3B, 0x33, 0xC7, 0x52, 0x2C, 0x7F, 0x56,
    0x31, 0xBE, 0x21, 0xD6, 0xFD, 0xA4, 0x87, 0x89, 0x5A, 0x18, 0x23, 0xCC, 0xA6, 0x82, 0xBC, 0xC8,
    0xAB, 0x1B, 0x61, 0x56, 0x0C, 0xD7, 0x03, 0xDF, 0x53, 0x76, 0xDE, 0x2A, 0x07, 0x65, 0x13, 0x06,
    0xF1, 0x2E, 0x5C, 0xEE, 0x32, 0x49, 0x03, 0x8B, 0x31, 0x91, 0xEF, 0x25, 0x01, 0x5A, 0xD6, 0xE6,
    0x13, 0x96, 0xB5, 0x3F, 0xFD, 0xB7, 0xE7, 0xAC, 0xC9, 0x34, 0xCC, 0xB5, 0x2A, 0x81, 0xB3, 0x70,
    0xD9, 0x0A, 0xBF, 0xF4, 0x1F, 0xF3, 0x56, 0x01, 0x65, 0xDC, 0x12, 0x4A, 0xBA, 0x29, 0x06, 0xFA,
    0x87, 0x6E, 0x40, 0xFB, 0xCC, 0xC2, 0xC5, 0x20, 0x3D, 0x34, 0x92, 0x3F, 0x5A, 0xE5, 0x0B, 0xE9,
    0x24, 0x5C, 0xF4, 0x8E, 0xC7, 0x4E, 0xF5, 0xFA, 0x5F, 0xA0, 0x82, 0x2D, 0x2E, 0x13, 0x6F, 0x56,
    0x88, 0x7F, 0x02, 0xC5, 0xF7, 0xD7, 0x31, 0x3A, 0x7E, 0x0D, 0x93, 0x92, 0x0A, 0x66, 0x25, 0x94,
    0x6E, 0x15, 0xAE, 0x36, 0x25, 0x95, 0x12, 0x4A, 0x2B, 0x05, 0xB1, 0xBB, 0x46, 0xEB, 0x98, 0x6C,
    0xD2, 0xEA, 0x89, 0x2C, 0x3D, 0x19, 0x76, 0xE2, 0xD1, 0x5E, 0xDE, 0xFC, 0x64, 0xF5, 0x2C, 0x64,
    0xA5, 0x17, 0x61, 0xCD, 0x28, 0xCC, 0x08, 0xD3, 0x95, 0x2E, 0xC2, 0x8C, 0x48, 0xBB, 0xAD, 0x1E,
    0xE9, 0x27, 0x94, 0xA4, 0x35, 0x0F, 0x65, 0x29, 0xEA, 0x70, 0xD7, 0x55, 0x14, 0xCA, 0x93, 0xFE,
    0x89, 0x58, 0xA4, 0x25, 0x83, 0x4A, 0x15, 0xF9, 0x53, 0xCC, 0xE4, 0xA1, 0x64, 0x55, 0x22, 0xC6,
    0x68, 0x87, 0x4A, 0x57, 0xFA, 0xAF, 0x18, 0x3C, 0x0B, 0x96, 0xDF, 0x83, 0x4A, 0x58, 0xA7, 0x32,
    0x86, 0xEF, 0xAD, 0x2A, 0x65, 0xF8, 0xB3, 0x51, 0xE5, 0x0C, 0x5D, 0x9B, 0xA9, 0xA4, 0xED, 0xA1,
    0xA2, 0xCD, 0x81, 0x18, 0x44, 0x14, 0x38, 0x94, 0xB8, 0xF2, 0x36, 0x83, 0xA1, 0xDC, 0x85, 0x92,
    0x17, 0xCA, 0xDE, 0xC8, 0x7F, 0x87, 0x86, 0xA1, 0xB5, 0xDF, 0xE7, 0x57, 0x5A, 0x23, 0xFF, 0x5D,
    0x9F, 0x8E, 0x14, 0xEC, 0xC6, 0xFB, 0xBD, 0x52, 0x15, 0xFB, 0x05, 0xE6, 0x9C, 0xF3, 0xAB, 0x01,
    0x23, 0x70, 0x06, 0x70, 0x22, 0xE7, 0x02, 0x33, 0x03, 0x9D, 0xF1, 0x99, 0x6C, 0x96, 0x10, 0x51,
    0x21, 0x83, 0x65, 0x93, 0xFB, 0x75, 0xDE, 0x4B, 0x21, 0xB5, 0xD7, 0xA2, 0x46, 0x9A, 0x13, 0xA3,
    0xF1, 0x42, 0xB4, 0x25, 0x93, 0x7B, 0x41, 0xDE, 0xBB, 0x84, 0x45, 0xEB, 0xA8, 0x91, 0x69, 0x36,
    0x75, 0x7F, 0x8B, 0xD0, 0x24, 0x63, 0x2B, 0xEB, 0xA3, 0x15, 0x12, 0x53, 0x1B, 0xC1, 0x6F, 0x65,
    0xFC, 0x20, 0x95, 0x2F, 0xD4, 0x0B, 0xD5, 0x44, 0xC5, 0x79, 0xFB, 0xAA, 0xA8, 0xC0, 0xAC, 0xB0,
    0x20, 0x11, 0x75, 0x27, 0xAB, 0x63, 0xAF, 0x65, 0xF1, 0x6E, 0x91, 0x2E, 0x55, 0xCF, 0x94, 0x83,
    0xC4, 0xBB, 0x88, 0x6E, 0x76, 0xE9, 0xF8, 0x8E, 0x56, 0x3D, 0xA6, 0x4C, 0x8C, 0x22, 0x22, 0x27,
    0x5A, 0xD5, 0x3E, 0x9A, 0x96, 0x7F, 0x66, 0x18, 0x88, 0xC8, 0xA1, 0x22, 0x18, 0x88, 0x5A, 0x16,
    0xCD, 0x48, 0x6C, 0x8A, 0x0F, 0xB5, 0xB1, 0x4A, 0x99, 0x8A, 0x14, 0x11, 0xE5, 0x26, 0x4E, 0xC4,
    0xE0, 0x7C, 0x60, 0x90, 0xC3, 0xC9, 0x35, 0x16, 0x4A, 0xAD, 0xFC, 0xF7, 0x94, 0x20, 0x1F, 0xB3,
    0xE9, 0x7A, 0x1A, 0x2F, 0x75, 0x20, 0x82, 0x75, 0xEF, 0x05, 0xE2, 0x61, 0x20, 0xBE, 0x23, 0x44,
    0x4E, 0x56, 0xE1, 0x72, 0x13, 0x6E, 0x1C, 0xF3, 0x50, 0xE9, 0xF6, 0x09, 0x1C, 0x27, 0xEF, 0x09,
    0x67, 0xDF, 0x17, 0xCE, 0xFF, 0x54, 0xB8, 0x4A, 0x65, 0x8A, 0xAF, 0x25, 0xC2, 0xAB, 0xDA, 0xFA,
    0x78, 0x96, 0xDE, 0x92, 0x49, 0x38, 0x1B, 0x62, 0xC7, 0x45, 0x2B, 0x5C, 0xB1, 0xE2, 0xCA, 0xEF,
    0x1C, 0x6B, 0x1C, 0xB2, 0xF8, 0xE6, 0xF2, 0x0B, 0xC4, 0xC9, 0x24, 0xD1, 0xB3, 0x41, 0xB8, 0xE8,
    0x85, 0xAB, 0x5A, 0xBA, 0xE9, 0x68, 0x2D, 0x75, 0xF0, 0x11, 0x36, 0xAB, 0x34, 0xB4, 0xF5, 0x15,
    0x16, 0xC7, 0x1A, 0x62, 0x18, 0xBA, 0x44, 0x8C, 0xFD, 0xEB, 0x6E, 0x52, 0x52, 0x14, 0x4A, 0x47,
    0xA1, 0xC1, 0x75, 0x9E, 0xF6, 0x2A, 0x98, 0xED, 0x47, 0x8D, 0x9D, 0xF8, 0xA6, 0x72, 0xA2, 0x82,
    0xFB, 0x3D, 0xCC, 0x44, 0x7D, 0xB5, 0xB9, 0xAD, 0x0B, 0x10, 0xD5, 0x39, 0x68, 0x67, 0x9F, 0x1A,
    0xF2, 0x03, 0xA2, 0x85, 0x89, 0xA8, 0xDF, 0x52, 0xB6, 0x6E, 0x56, 0xA2, 0x88, 0x67, 0x60, 0xBB,
    0x92, 0x39, 0xA9, 0x6D, 0xA2, 0xB7, 0xE4, 0xC6, 0xFB, 0x09, 0xE7, 0xFA, 0x6B, 0xD4, 0xE9, 0xDC,
    0x6A, 0x4D, 0x20, 0xAE, 0x31, 0x09, 0xCD, 0x64, 0x9E, 0x88, 0xCC, 0xC3, 0x35, 0x16, 0x09, 0x25,
    0x18, 0xC8, 0x7C, 0x86, 0x96, 0x33, 0x33, 0x2D, 0x1A, 0xEB, 0xDE, 0x09, 0xD5, 0xEC, 0x33, 0x73,
    0x27, 0xE6, 0x73, 0x31, 0x4F, 0x97, 0xCD, 0x20, 0x17, 0x3E, 0x22, 0x32, 0x9F, 0xA2, 0xF7, 0xF2,
    0xAA, 0x71, 0xB4, 0x80, 0x64, 0xF0, 0x99, 0xF9, 0xDB, 0xD2, 0x37, 0x4D, 0x48, 0x74, 0xF3, 0xB1,
    0x1F, 0x1F, 0xD5, 0x0F, 0xAD, 0xD2, 0x97, 0x13, 0xA1, 0x59, 0x73, 0x5F, 0xD4, 0x77, 0x33, 0xF5,
    0x02, 0x6C, 0x25, 0x55, 0xBC, 0xD9, 0x7A, 0x74, 0x4E, 0x14, 0x75, 0xE8, 0xC9, 0x2C, 0x10, 0x41,
    0x88, 0x7B, 0x21, 0xC9, 0x3D, 0x0C, 0x9D, 0x99, 0x4F, 0xFA, 0xEA, 0x66, 0x43, 0xB0, 0xD0, 0x24,
    0x22, 0xB2, 0x70, 0xA6, 0xCB, 0xC2, 0xA3, 0x44, 0x94, 0x6D, 0x68, 0xAC, 0x83, 0x7C, 0xDF, 0x0D,
    0x12, 0x86, 0x22, 0x91, 0xCC, 0x26, 0x22, 0x93, 0x92, 0x2D, 0x7E, 0xF0, 0xEE, 0xF5, 0x75, 0xB7,
    0xDF, 0x57, 0x3F, 0x05, 0x4C, 0x81, 0x18, 0x4D, 0x4B, 0x81, 0xE6, 0x74, 0x8C, 0x33, 0x59, 0xF4,
    0x7C, 0xE9, 0xBC, 0xB2, 0x16, 0xC1, 0x93, 0x24, 0xE3, 0x2B, 0x22, 0x6A, 0xFB, 0x43, 0x11, 0x9F,
    0x94, 0x45, 0x0F, 0x4F, 0x78, 0x13, 0x40, 0x0A, 0x8F, 0x61, 0x7C, 0x1D, 0x40, 0x46, 0x3A, 0xEA,
    0x6E, 0xEC, 0x0A, 0x43, 0x04, 0xB2, 0xAA, 0xFE, 0xDE, 0x34, 0xD7, 0x39, 0x1D, 0xB9, 0xFE, 0xE3,
    0x85, 0x07, 0x52, 0xE9, 0x1A, 0x56, 0x36, 0x4E, 0xE3, 0x9E, 0x12, 0xE9, 0x72, 0x55, 0x2D, 0xE7,
    0xAB, 0xAB, 0x95, 0xF5, 0x4C, 0x2A, 0xAD, 0x56, 0xFF, 0x38, 0xE9, 0xA1, 0x59, 0x8A, 0x5E, 0x74,
    0xF9, 0x7E, 0x77, 0xD3, 0x88, 0xB6, 0x4E, 0xE6, 0x91, 0x32, 0x64, 0x33, 0x39, 0xFD, 0x23, 0xBC,
    0x0F, 0xD1, 0x39, 0xDE, 0xC0, 0xD8, 0x2D, 0xFA, 0x2A, 0x62, 0x0C, 0x8D, 0x3C, 0xBB, 0x59, 0x95,
    0x9B, 0x78, 0x81, 0x69, 0xB8, 0xDC, 0xF5, 0xD5, 0xD1, 0xE3, 0x5D, 0x5A, 0xEB, 0x33, 0x66, 0xAC,
    0xDA, 0xBF, 0x4A, 0x25, 0xA6, 0x9A, 0xCD, 0xB6, 0x10, 0xF7, 0xFC, 0xAA, 0xE8, 0x91, 0xBA, 0x1E,
    0x59, 0x71, 0x23, 0xD5, 0xA0, 0xD6, 0xFB, 0xA9, 0x8E, 0x79, 0xE0, 0x86, 0xF6, 0x5E, 0xEC, 0x65,
    0x88, 0x69, 0x71, 0x72, 0x23, 0x8B, 0xF5, 0x56, 0xF8, 0xBE, 0xA2, 0x5A, 0x98, 0xF0, 0x9A, 0xC9,
    0xB3, 0xC6, 0xC8, 0x3A, 0x5C, 0x0E, 0x84, 0x51, 0x7B, 0x1C, 0x37, 0x55, 0x92, 0x15, 0x21, 0x2F,
    0x93, 0xDF, 0xC2, 0xA5, 0x2F, 0xF1, 0x0E, 0x87, 0xFA, 0xAB, 0x3D, 0x04, 0xBE, 0x3E, 0x73, 0x1C,
    0x46, 0x6B, 0xC2, 0xAC, 0x27, 0x2C, 0x07, 0x36, 0xF0, 0x95, 0xD7, 0xEC, 0x8A, 0xEC, 0xB7, 0xE5,
    0x5E, 0x37, 0x4C, 0xBF, 0xEA, 0x05, 0xBC, 0x11, 0x88, 0x2E, 0x7F, 0xC3, 0x1B, 0x44, 0x5E, 0x5F,
    0xB5, 0xB8, 0xD7, 0xFE, 0x8F, 0xC5, 0x4F, 0x53, 0x47, 0x49, 0xCC, 0x25, 0x93, 0xDC, 0x28, 0x0A,
    0x5F, 0x62, 0xD9, 0x0A, 0xD7, 0x6F, 0x76, 0x93, 0xFD, 0x09, 0x9E, 0xBB, 0x0A, 0x40, 0x47, 0x57,
    0x4E, 0x84, 0x5D, 0x0C, 0xA3, 0xCF, 0x34, 0xEA, 0x1F, 0x77, 0x32, 0x0B, 0x09, 0x55, 0xAE, 0x42,
    0x39, 0x70, 0x62, 0xDE, 0x53, 0xE5, 0x2A, 0x57, 0x27, 0x46, 0x29, 0xD3, 0xD2, 0x43, 0xD9, 0x6C,
    0x42, 0xD9, 0xEC, 0x54, 0x2D, 0x5B, 0x53, 0x18, 0x97, 0xC7, 0xB2, 0x39, 0x2A, 0x77, 0x46, 0x22,
    0xDE, 0xA6, 0xE9, 0x8F, 0xD5, 0x32, 0x5E, 0x44, 0xB0, 0xA1, 0x50, 0x2D, 0x28, 0x26, 0x55, 0x03,
    0xEE, 0x5D, 0xBC, 0x1E, 0x74, 0xEA, 0x5F, 0x48, 0xD4, 0x56, 0xA2, 0x36, 0xB6, 0x2B, 0x99, 0x0A,
    0x92, 0x86, 0x83, 0xE3, 0xCA, 0x25, 0x75, 0xCB, 0x16, 0x54, 0x78, 0x1E, 0x36, 0x6F, 0x35, 0x2D,
    0xCB, 0x52, 0x45, 0x0D, 0xC8, 0x27, 0x65, 0x10, 0x92, 0xF1, 0x13, 0x57, 0xC7, 0xAB, 0xF4, 0xDF,
    0xC7, 0xF0, 0xDA, 0x7E, 0x22, 0xB3, 0x1F, 0xC2, 0xF9, 0xE5, 0x76, 0xFE, 0x73, 0xBB, 0x73, 0xDC,
    0xAC, 0x56, 0x49, 0x2D, 0x6B, 0xB5, 0xDA, 0xBD, 0xD2, 0xC9, 0xE5, 0x44, 0xF2, 0x2D, 0xB5, 0x57,
    0xAD, 0xFC, 0xE7, 0xFA, 0xAB, 0xB6, 0x64, 0x74, 0xF5, 0x24, 0x53, 0xB9, 0x65, 0x7D, 0x37, 0x8B,
    0xDC, 0xF3, 0xD6, 0x33, 0x63, 0x3A, 0x16, 0x7B, 0x69, 0x70, 0x72, 0x28, 0xF0, 0x8A, 0xC8, 0xAC,
    0xCF, 0xF1, 0x50, 0x8A, 0xCA, 0x4F, 0xE4, 0x2C, 0x55, 0xE5, 0x6D, 0xCE, 0x16, 0x50, 0xED, 0x76,
    0x86, 0x41, 0x64, 0x59, 0x67, 0x5A, 0x80, 0x53, 0xCB, 0x29, 0xA8, 0x32, 0x91, 0x54, 0x0D, 0x49,
    0xD4, 0xC9, 0x6A, 0xA5, 0x7B, 0x0B, 0x96, 0x64, 0x49, 0xA0, 0x18, 0x98, 0x93, 0x49, 0x5B, 0x52,
    0x23, 0xCA, 0x80, 0x25, 0xC4, 0xFB, 0x12, 0xE2, 0xBD, 0x56, 0xAC, 0x37, 0x8A, 0xA2, 0xF3, 0x31,
    0xE6, 0x7C, 0xBC, 0x12, 0x41, 0x80, 0x51, 0x44, 0x24, 0x62, 0xA4, 0x99, 0x55, 0xF8, 0xBF, 0x88,
    0x5E, 0x81, 0xA0, 0x76, 0xDB, 0x89, 0x56, 0xE5, 0xFF, 0x4B, 0x3C, 0x4A, 0xBD, 0xAA, 0x5A, 0x00,
    0x99, 0x39, 0x0B, 0x84, 0xDA, 0x6D, 0x11, 0x8A, 0xEE, 0xE3, 0x78, 0x75, 0x1E, 0xE6, 0x62, 0x70,
    0x51, 0xBC, 0x47, 0x58, 0x15, 0xEF, 0x0D, 0x30, 0x92, 0x18, 0x1B, 0xC8, 0xED, 0x74, 0x45, 0x9D,
    0x3C, 0x4D, 0x7D, 0x22, 0xDE, 0xBF, 0x82, 0x37, 0xA0, 0x5A, 0x90, 0xB9, 0x0C, 0x95, 0xA4, 0xEC,
    0xBC, 0xB1, 0xE1, 0x1F, 0x54, 0x87, 0x89, 0x52, 0xB4, 0x44, 0x39, 0x6A, 0x21, 0x23, 0x2A, 0x88,
    0xBA, 0xB5, 0xDC, 0x89, 0x96, 0x8A, 0x08, 0x73, 0xB5, 0x11, 0x4D, 0x44, 0x91, 0x23, 0x6A, 0x85,
    0x48, 0x15, 0x9D, 0x82, 0x96, 0x9B, 0x4B, 0x57, 0x50, 0x40, 0xC5, 0x63, 0xE3, 0xED, 0x23, 0xCB,
    0x62, 0x84, 0xF9, 0x65, 0x37, 0x86, 0xD8, 0x4C, 0xE5, 0xB2, 0x7A, 0x9E, 0xA0, 0x06, 0x4D, 0xC3,
    0xB1, 0x08, 0x35, 0xE7, 0x1A, 0x8E, 0xA5, 0x0A, 0x11, 0x78, 0x0E, 0xC3, 0x71, 0xF9, 0xDF, 0x18,
    0x8E, 0x37, 0x8B, 0xB1, 0xC8, 0x7A, 0x1D, 0x5D, 0x46, 0xEB, 0x43, 0x55, 0x06, 0x2E, 0x11, 0x5D,
    0xE0, 0xCD, 0x24, 0xAE, 0xE7, 0x42, 0xA6, 0xC2, 0x5B, 0x83, 0x94, 0xE6, 0xCA, 0x39, 0x78, 0xA9,
    0x50, 0x70, 0x55, 0x39, 0x6A, 0x2C, 0x37, 0x65, 0xAF, 0xC4, 0xB6, 0x0A, 0x1A, 0x06, 0x57, 0xE9,
    0x76, 0x70, 0xF4, 0xCE, 0x2F, 0x37, 0x8B, 0x54, 0xCF, 0xF7, 0x51, 0xD6, 0xB1, 0xAC, 0xD3, 0xAF,
    0xFE, 0x57, 0x1F, 0x65, 0x7D, 0xE4, 0x73, 0x54, 0xF8, 0x73, 0xD4, 0x1C, 0x7C, 0x8E, 0x4A, 0x59,
    0xF8, 0x1C, 0xB5, 0xD8, 0xF8, 0x1C, 0x95, 0x6A, 0x7A, 0xF1, 0x5C, 0x4D, 0x72, 0x45, 0x95, 0x52,
    0xA1, 0xFF, 0xF9, 0x79, 0xB1, 0xF1, 0x3F, 0xAA, 0x3E, 0x10, 0x2D, 0x9F, 0x90, 0xC5, 0x18, 0x5B,
    0xE8, 0xCB, 0x4B, 0xD1, 0x5C, 0x8F, 0xC8, 0x9A, 0xD8, 0x75, 0xCF, 0x08, 0x93, 0xF0, 0x17, 0xF0,
    0xA8, 0x56, 0xAE, 0x93, 0xAF, 0x95, 0x21, 0x07, 0x63, 0x4B, 0xF0, 0x06, 0x66, 0x8D, 0x10, 0xB5,
    0x7A, 0x8A, 0x14, 0x74, 0x69, 0x0D, 0x0F, 0xEA, 0x3E, 0xB4, 0xF5, 0x68, 0x56, 0xCB, 0xBD, 0xA2,
    0x74, 0x0B, 0x8D, 0xA9, 0x46, 0x85, 0x99, 0xEA, 0x9C, 0xA8, 0x48, 0xD0, 0x94, 0xD5, 0x42, 0xBF,
    0x62, 0x9B, 0x34, 0xF3, 0x26, 0xD5, 0x4A, 0xC3, 0xC2, 0x47, 0x2A, 0x4C, 0x54, 0x42, 0x86, 0x01,
    0xE3, 0x15, 0x5A, 0x96, 0x84, 0x03, 0x63, 0xF2, 0xAF, 0x2F, 0xE2, 0x11, 0x3D, 0x4C, 0x46, 0xF6,
    0xEB, 0x0A, 0x8F, 0x1C, 0xC7, 0x08, 0x0B, 0xAC, 0xEB, 0xEB, 0x6F, 0x85, 0x3A, 0xBF, 0x24, 0x20,
    0x4B, 0x58, 0xA8, 0x6B, 0xE6, 0xF4, 0x88, 0x01, 0x5B, 0x41, 0x8A, 0x2D, 0x50, 0x47, 0xB2, 0x7C,
    0x9B, 0xCC, 0x9A, 0x92, 0x38, 0xC9, 0xD1, 0xBE, 0x34, 0x28, 0x37, 0xF9, 0x0A, 0x04, 0x7C, 0x30,
    0x0B, 0x63, 0x74, 0xDC, 0xB8, 0x75, 0x74, 0x23, 0xA9, 0x56, 0x58, 0xFE, 0xC4, 0xD8, 0x50, 0x30,
    0xFE, 0x5C, 0xC6, 0x2C, 0xBE, 0x17, 0x9A, 0x1D, 0xE1, 0x4D, 0xED, 0x70, 0x32, 0xAB, 0x82, 0xF2,
    0x59, 0xAE, 0xB7, 0x92, 0xAD, 0x6E, 0x04, 0xE7, 0xCC, 0x52, 0xF0, 0x80, 0xC1, 0x3A, 0xAA, 0x05,
    0x2B, 0x0F, 0x4F, 0x89, 0x3F, 0xD9, 0x5B, 0xCF, 0x0F, 0xDF, 0x0A, 0xCB, 0xCE, 0x21, 0x10, 0xFD,
    0xD9, 0xF3, 0x01, 0x29, 0x4A, 0x57, 0x19, 0x88, 0xB2, 0x0E, 0x84, 0xD0, 0x81, 0xF8, 0xCC, 0xF9,
    0xD2, 0x7B, 0x60, 0x4D, 0xE8, 0x80, 0x1F, 0x11, 0xA7, 0xB8, 0xB1, 0x02, 0xEF, 0xB8, 0xB8, 0x4C,
    0xF2, 0x94, 0x96, 0x42, 0x48, 0xD8, 0x20, 0x6B, 0x10, 0x35, 0x48, 0x1A, 0x2A, 0x58, 0x10, 0xEF,
    0x88, 0x6B, 0xFA, 0x37, 0x1D, 0xC9, 0x65, 0x4B, 0xF0, 0xE1, 0x03, 0xCC, 0xE1, 0x69, 0x93, 0x86,
    0x65, 0xC7, 0xD1, 0x25, 0x8F, 0x3C, 0xC6, 0x7B, 0x1C, 0x9E, 0x06, 0x9D, 0x63, 0x29, 0x5F, 0xBA,
    0x95, 0x5C, 0x21, 0xCF, 0x63, 0xD3, 0x9F, 0x11, 0x3A, 0xB5, 0x06, 0xF8, 0x41, 0x18, 0xCE, 0x00,
    0xFC, 0x90, 0x34, 0x1D, 0xE3, 0x65, 0xCC, 0xA1, 0x65, 0xA3, 0x67, 0x87, 0x5E, 0xC8, 0x4F, 0x08,
    0x74, 0x78, 0xCC, 0x45, 0x40, 0x21, 0xC9, 0x3C, 0x01, 0x4F, 0x0D, 0x1D, 0x1C, 0x85, 0x3C, 0xD0,
    0xA1, 0x8F, 0xA3, 0x42, 0x28, 0x04, 0xFF, 0x40, 0xA5, 0x50, 0x87, 0x04, 0xE1, 0x08, 0x82, 0x73,
    0x5A, 0xC7, 0x85, 0x33, 0x79, 0x44, 0x38, 0x33, 0x34, 0x77, 0xE1, 0x38, 0x82, 0x23, 0x1D, 0xE9,
    0x38, 0x0B, 0x67, 0xD2, 0x06, 0x3A, 0xF3, 0x96, 0x58, 0x47, 0x5A, 0x4B, 0x20, 0xBC, 0x7B, 0xDD,
    0x79, 0x83, 0x1B, 0xAE, 0xF1, 0x48, 0x3F, 0x4B, 0x87, 0xFF, 0xA7, 0xC3, 0xE5, 0xA0, 0xC3, 0xFD,
    0xFE, 0x41, 0x6F, 0xD3, 0xB9, 0x0E, 0xC3, 0xD5, 0x1C, 0xE8, 0x62, 0x10, 0xD6, 0x24, 0xF8, 0x11,
    0x74, 0x7B, 0xA0, 0xEB, 0x03, 0x2D, 0xA4, 0x4B, 0x8D, 0x05, 0xC3, 0x4C, 0x28, 0xFC, 0x42, 0xA7,
    0x15, 0xAB, 0xE2, 0xF8, 0x55, 0xD9, 0xE0, 0x9E, 0xD4, 0xFF, 0xA9, 0x5F, 0xBC, 0x6D, 0x64, 0x96,
    0xD1, 0xC8, 0xD1, 0x1E, 0xB6, 0x8D, 0x7D, 0xB7, 0xBA, 0x46, 0xCB, 0xED, 0xB8, 0xDF, 0x27, 0xCA,
    0x85, 0x6E, 0xED, 0xF7, 0x95, 0xD5, 0xE8, 0x14, 0x44, 0xCC, 0xBB, 0xCD, 0x1A, 0x7B, 0xEB, 0xB8,
    0x3F, 0xA0, 0xDA, 0x54, 0xBE, 0x1A, 0xA8, 0xF2, 0x2A, 0x7B, 0x77, 0x9A, 0x3B, 0x49, 0x82, 0x24,
    0xDD, 0xCB, 0xEC, 0xE4, 0x60, 0xEA, 0xBB, 0x9C, 0x11, 0x69, 0x5E, 0xE6, 0x15, 0x29, 0x13, 0x53,
    0x36, 0x92, 0xEA, 0x8A, 0x64, 0x4F, 0x09, 0x77, 0x46, 0xAA, 0xF5, 0xC4, 0x87, 0x7F, 0x41, 0x26,
    0x55, 0x8F, 0xB4, 0xCB, 0x97, 0xCC, 0x33, 0x49, 0x3F, 0x87, 0xF3, 0xEA, 0x22, 0xD2, 0x1F, 0xF6,
    0xEB, 0x48, 0xD5, 0x69, 0xE9, 0x00, 0x75, 0x58, 0x3F, 0x64, 0x22, 0xA5, 0x84, 0xD7, 0x30, 0x06,
    0xD2, 0xFD, 0x56, 0x3A, 0x89, 0x49, 0xF2, 0xC8, 0x72, 0x0B, 0x42, 0x68, 0x28, 0x22, 0x49, 0xC5,
    0x48, 0x1E, 0x57, 0x4E, 0x81, 0x5E, 0xB1, 0xB8, 0x27, 0x4F, 0x9F, 0x85, 0x28, 0xAB, 0x49, 0x51,
    0xA1, 0x2F, 0x93, 0x82, 0x82, 0x72, 0x9E, 0xDD, 0x22, 0x9E, 0x19, 0x5B, 0x0A, 0x90, 0xF0, 0x41,
    0x70, 0x09, 0x1D, 0x04, 0x96, 0xB0, 0x41, 0x50, 0x09, 0xF9, 0x8C, 0x87, 0x39, 0x5B, 0x78, 0x98,
    0x23, 0x61, 0x24, 0xC8, 0xAD, 0x87, 0x39, 0xE1, 0x2A, 0x79, 0x5C, 0xF0, 0xB1, 0x42, 0x6B, 0x9C,
    0x6A, 0xE1, 0xCB, 0x1A, 0x2D, 0x4F, 0x9A, 0x51, 0xB7, 0x56, 0xCD, 0x89, 0x38, 0xE4, 0xAA, 0x63,
    0x0D, 0xA8, 0x3F, 0xA0, 0x8C, 0xA8, 0xF0, 0xBB, 0x05, 0x74, 0x71, 0xF9, 0xE5, 0x67, 0xB4, 0xF9,
    0x54, 0x50, 0xED, 0x0A, 0xD2, 0xAE, 0x94, 0xE7, 0xD0, 0x56, 0x95, 0x2A, 0x3B, 0xF7, 0x22, 0x3B,
    0xE5, 0x72, 0xDD, 0xE5, 0xBA, 0x63, 0xA4, 0x16, 0x58, 0x2B, 0xD3, 0xE3, 0x25, 0x93, 0xBC, 0x80,
    0x2D, 0x98, 0x45, 0xD3, 0x32, 0xD7, 0x01, 0x31, 0x1E, 0x75, 0xEA, 0x74, 0x79, 0x43, 0x6A, 0xD5,
    0x43, 0x42, 0x49, 0x49, 0xED, 0x1D, 0xD5, 0x4D, 0x4E, 0x78, 0xBC, 0x93, 0xDD, 0x4C, 0xE4, 0xEE,
    0x82, 0x89, 0x9F, 0x8B, 0x31, 0x92, 0xA4, 0x20, 0x22, 0xC7, 0x72, 0x17, 0xE9, 0x8F, 0xB3, 0x44,
    0xC6, 0x61, 0x77, 0x4F, 0x09, 0x20, 0x72, 0xF0, 0x47, 0x5B, 0xB2, 0x28, 0x15, 0x47, 0x56, 0x52,
    0x27, 0x6B, 0x92, 0xD4, 0x68, 0xE6, 0x64, 0x08, 0x60, 0x92, 0x64, 0x52, 0xA4, 0x95, 0x2B, 0xDF,
    0xCA, 0xA8, 0x7C, 0xBB, 0x85, 0x76, 0x84, 0xB8, 0xDC, 0xD4, 0x74, 0xA8, 0x77, 0x4D, 0xA9, 0x5E,
    0x78, 0xFE, 0xBF, 0x5A, 0x35, 0x7E, 0x5A, 0x07, 0x72, 0xAB, 0xAD, 0x1A, 0x95, 0x13, 0x9A, 0x6F,
    0x21, 0x8B, 0x1E, 0xA8, 0x29, 0xED, 0x40, 0xAC, 0x89, 0x7C, 0xA0, 0xA1, 0x5A, 0x2D, 0xEB, 0xE4,
    0x54, 0xA6, 0x3E, 0x59, 0x83, 0xC4, 0xAA, 0x22, 0x10, 0x70, 0xB3, 0x08, 0x77, 0xB3, 0x70, 0x28,
    0x1E, 0xC4, 0xE4, 0x1A, 0xA3, 0x1B, 0xFE, 0x5D, 0x62, 0x4D, 0xA5, 0xB2, 0x90, 0x62, 0x0E, 0x09,
    0x71, 0xD8, 0x48, 0x18, 0xDB, 0x60, 0x76, 0x70, 0xD4, 0xB9, 0x5C, 0x4A, 0x45, 0x01, 0xAD, 0xE3,
    0x0A, 0x32, 0x5F, 0x47, 0xC9, 0xF5, 0xA0, 0xB9, 0xA1, 0x7F, 0xFA, 0x08, 0x37, 0x73, 0xF9, 0x5F,
    0xAA, 0x8B, 0xB9, 0xF8, 0xBC, 0xC6, 0xD4, 0x9F, 0x4C, 0x3C, 0x92, 0x25, 0x6B, 0xA5, 0x2D, 0xBB,
    0x29, 0x42, 0x7F, 0x7A, 0xC5, 0xE8, 0xB5, 0x2A, 0xC9, 0x40, 0x57, 0x73, 0xD5, 0xD5, 0xC5, 0x76,
    0x82, 0x14, 0x33, 0x83, 0xEB, 0x73, 0x27, 0x2C, 0x76, 0x1F, 0x07, 0x36, 0x8A, 0x29, 0xA7, 0xC1,
    0xCA, 0xE0, 0x7A, 0x4C, 0x98, 0x7D, 0x83, 0x0F, 0x1F, 0xBB, 0x02, 0x0F, 0x73, 0xAC, 0xBE, 0xEB,
    0x1A, 0x69, 0xD9, 0x3B, 0x16, 0x7E, 0xD3, 0xF7, 0x77, 0xD4, 0xF0, 0x57, 0xF8, 0xD0, 0x98, 0x6C,
    0xC9, 0x16, 0xA9, 0x1E, 0x44, 0xB8, 0xBA, 0x1B, 0x5F, 0x06, 0xF8, 0x84, 0x1E, 0x6F, 0xA6, 0x86,
    0x9B, 0x75, 0x72, 0xEC, 0x18, 0xDE, 0xDF, 0x07, 0x8B, 0xE2, 0x37, 0x66, 0xB2, 0xD1, 0xF5, 0x79,
    0x18, 0x6D, 0x2A, 0x9F, 0x65, 0xAA, 0xCD, 0x7C, 0xF0, 0x21, 0xDD, 0x2C, 0x0E, 0x67, 0x41, 0x7A,
    0x42, 0x33, 0x39, 0xFF, 0x8C, 0x62, 0x42, 0x7A, 0xCA, 0xEC, 0x41, 0xBD, 0x18, 0x1B, 0xC8, 0x2D,
    0xA1, 0x47, 0x2B, 0x95, 0x5D, 0xA9, 0xBD, 0xD3, 0xCC, 0xA2, 0xB0, 0xEA, 0x30, 0x87, 0xFE, 0xAD,
    0x9C, 0xA9, 0xF8, 0x8E, 0xCF, 0x66, 0x22, 0xB4, 0xAE, 0x2E, 0xDE, 0x3F, 0xDB, 0x7D, 0x2C, 0x76,
    0xB5, 0x14, 0xFB, 0x57, 0xC0, 0xB9, 0x40, 0x1B, 0x8F, 0xC7, 0x9E, 0xC7, 0x23, 0x3D, 0x65, 0xA1,
    0xD2, 0x82, 0xDE, 0xC8, 0x03, 0x95, 0xC6, 0x6F, 0x29, 0xF6, 0x30, 0x85, 0xE4, 0x73, 0xA5, 0xA0,
    0xBE, 0x34, 0x87, 0xAC, 0x98, 0xD8, 0x54, 0x7C, 0xE2, 0xED, 0x8B, 0xE8, 0xE3, 0x41, 0x5E, 0x24,
    0x30, 0xA8, 0x15, 0x25, 0x0F, 0x16, 0xD1, 0xEB, 0x14, 0x88, 0xF4, 0xDA, 0x2D, 0xFC, 0x04, 0xBE,
    0x93, 0x13, 0x0A, 0xFC, 0x7F, 0xBA, 0xEF, 0x3D, 0x6B, 0xF6, 0x2F, 0xAD, 0xF2, 0x8F, 0x54, 0xC9,
    0x89, 0x22, 0x47, 0x1D, 0x95, 0x9F, 0x7B, 0x99, 0xCE, 0xDF, 0xC3, 0x18, 0x32, 0xB6, 0x6E, 0x46,
    0xC3, 0x85, 0x7C, 0xA7, 0x00, 0x16, 0xF4, 0xF3, 0x58, 0xA4, 0x7D, 0x87, 0x4F, 0x97, 0x6E, 0x6E,
    0xFC, 0xA1, 0xDC, 0x90, 0x62, 0x70, 0xCF, 0x1A, 0x32, 0xF0, 0x33, 0xF9, 0x4E, 0x5E, 0x0B, 0x9F,
    0xCB, 0xCB, 0x95, 0xB0, 0x22, 0x6C, 0xBD, 0x3B, 0x32, 0xB7, 0x9E, 0x54, 0x42, 0x58, 0x48, 0x43,
    0x93, 0xEB, 0x95, 0x29, 0xF7, 0x35, 0xB4, 0xC1, 0x4A, 0x8D, 0xB3, 0x16, 0xC9, 0xAF, 0xDC, 0x4A,
    0x8D, 0x7C, 0x89, 0x96, 0x2D, 0x76, 0xEB, 0xFA, 0x1C, 0x11, 0x3D, 0x99, 0xF6, 0xD9, 0xDD, 0x3C,
    0xAE, 0xE7, 0x62, 0x8B, 0x30, 0x95, 0xE8, 0xD0, 0xFA, 0x12, 0xA7, 0xDA, 0xBF, 0x55, 0xAB, 0x30,
    0x05, 0xA0, 0x02, 0xDC, 0x33, 0x04, 0xFA, 0x0C, 0x8F, 0xBA, 0x9E, 0x26, 0xA1, 0x45, 0x66, 0x19,
    0x24, 0x9C, 0x79, 0xC7, 0xD7, 0xD6, 0x31, 0x63, 0x67, 0xE1, 0xA0, 0xE7, 0x61, 0xB3, 0xC7, 0x37,
    0x1C, 0xFD, 0xEA, 0xEA, 0xEF, 0x91, 0xF4, 0xD5, 0x92, 0xC0, 0x50, 0x23, 0xAA, 0xCB, 0x35, 0x45,
    0x04, 0xDB, 0x38, 0xF4, 0x67, 0x48, 0x76, 0xBB, 0x4F, 0x2A, 0xDF, 0x53, 0x1E, 0x47, 0x6A, 0xCB,
    0x45, 0x6D, 0x57, 0xFB, 0x95, 0x28, 0x3D, 0x9B, 0x3F, 0xA3, 0xCA, 0xB9, 0x9A, 0x4B, 0xA7, 0xAA,
    0xA9, 0x9A, 0x2B, 0x51, 0x63, 0x33, 0x91, 0xCA, 0xAC, 0xE9, 0xBB, 0xA9, 0xA4, 0xC7, 0x59, 0xD7,
    0x62, 0x2C, 0x57, 0x6B, 0x3B, 0x83, 0x61, 0x28, 0xD6, 0xA4, 0xEF, 0xBE, 0xBE, 0x1A, 0x33, 0xC7,
    0x83, 0xBE, 0x01, 0x23, 0x3E, 0x01, 0x98, 0xD1, 0xE8, 0x35, 0xDC, 0x10, 0xCB, 0xD5, 0x2F, 0xEA,
    0x83, 0xAF, 0x45, 0x0C, 0xCA, 0x64, 0xE7, 0xB3, 0x9D, 0x95, 0x43, 0xFE, 0x7C, 0x02, 0xD1, 0x2C,
    0x87, 0x53, 0x47, 0x5B, 0x5B, 0xF4, 0x65, 0x5F, 0x77, 0x0E, 0x74, 0x97, 0x25, 0xD4, 0xB4, 0x04,
    0x9A, 0x3C, 0x3F, 0x43, 0xD0, 0xF1, 0x2D, 0xDC, 0xB5, 0x07, 0xA6, 0x6C, 0x80, 0x21, 0xC9, 0x4F,
    0xDC, 0xD1, 0x99, 0x94, 0x80, 0x29, 0x72, 0x24, 0xA4, 0xA7, 0x0C, 0x9E, 0x8C, 0x94, 0x8F, 0xF4,
    0x6A, 0xFD, 0x55, 0xA7, 0x7C, 0xD1, 0x47, 0x32, 0x7F, 0xE5, 0xB4, 0xAA, 0x5E, 0x56, 0x30, 0x27,
    0xD3, 0x59, 0x14, 0x51, 0x1D, 0x89, 0x08, 0x84, 0x49, 0xB7, 0x58, 0xB5, 0x15, 0x8C, 0x37, 0xAC,
    0xD5, 0xFE, 0x9D, 0x82, 0xA6, 0x9F, 0x32, 0xC6, 0x6D, 0xCB, 0x94, 0x44, 0x4B, 0xFE, 0x8E, 0xC5,
    0x9C, 0xEF, 0xD9, 0xC3, 0x46, 0xE0, 0xE8, 0x19, 0xE1, 0xCF, 0x3D, 0xB3, 0x63, 0x0A, 0xBB, 0x9A,
    0xA0, 0x21, 0xFB, 0x75, 0xE1, 0x99, 0x57, 0xC9, 0xDA, 0x3B, 0x57, 0x18, 0x0B, 0x4C, 0x31, 0x86,
    0xC4, 0x47, 0x83, 0x64, 0x66, 0x78, 0xE5, 0x5E, 0xB3, 0x2B, 0x37, 0xC6, 0x4A, 0xF8, 0xBA, 0xA7,
    0xAF, 0x6F, 0xD0, 0x4F, 0x42, 0x37, 0xCE, 0x51, 0x78, 0xF7, 0x6E, 0x69, 0x63, 0xEB, 0x44, 0x0F,
    0x6D, 0x4F, 0x50, 0xA3, 0x03, 0x4B, 0x77, 0x45, 0x93, 0x73, 0xE3, 0xD3, 0x79, 0x3F, 0x50, 0x81,
    0x6F, 0x33, 0x58, 0xB8, 0x62, 0xF0, 0x26, 0x01, 0x59, 0xF1, 0x63, 0x77, 0xDC, 0xBC, 0xD6, 0xEE,
    0x40, 0x4D, 0x6A, 0xC9, 0xBB, 0x78, 0x83, 0x4F, 0x5D, 0xBE, 0xA2, 0x2C, 0xF4, 0x55, 0x79, 0xD1,
    0x2A, 0xB4, 0x68, 0x88, 0x9A, 0x62, 0xF7, 0x2A, 0xA1, 0x74, 0x74, 0x2F, 0x2A, 0x7A, 0x47, 0xDD,
    0x09, 0xD5, 0x34, 0x44, 0x82, 0x37, 0x58, 0xDD, 0x12, 0x3C, 0xE6, 0x21, 0x31, 0x60, 0xE5, 0x64,
    0x74, 0xE0, 0x8B, 0xE0, 0xBD, 0x07, 0xDE, 0xD8, 0xB0, 0xF7, 0x24, 0x7A, 0x2B, 0xD5, 0x80, 0xF5,
    0xDA, 0xF5, 0xF0, 0xCF, 0xD0, 0x2A, 0x69, 0xE0, 0x3D, 0xBC, 0x5A, 0x26, 0xFF, 0x08, 0xF2, 0x89,
    0x31, 0xFF, 0xE1, 0x4E, 0x4E, 0xBB, 0xA9, 0x28, 0x36, 0xF2, 0xDA, 0x4C, 0xAF, 0x16, 0x2B, 0xB9,
    0xAD, 0xA6, 0x87, 0x25, 0x89, 0xA5, 0x7A, 0xDF, 0x43, 0x2F, 0x9A, 0xAB, 0x27, 0x23, 0x89, 0x64,
    0x2A, 0xD1, 0x37, 0x33, 0xB9, 0x2E, 0x51, 0x77, 0x13, 0xF9, 0x2E, 0x40, 0x51, 0x99, 0x83, 0x18,
    0x3C, 0xE4, 0x3D, 0x5F, 0x48, 0x34, 0xB0, 0x7C, 0xB2, 0x6E, 0x9F, 0x98, 0xE8, 0x06, 0x6B, 0x30,
    0x94, 0x93, 0xA5, 0x2D, 0x8B, 0x2A, 0x65, 0x90, 0xA3, 0x05, 0xEB, 0x06, 0x0F, 0x1B, 0x63, 0x7A,
    0x18, 0x5F, 0xBF, 0xD0, 0xC9, 0x12, 0x39, 0x19, 0xFE, 0xF2, 0xCB, 0xD0, 0x16, 0xD7, 0x13, 0x70,
    0x70, 0x32, 0xBE, 0xE8, 0x61, 0x7A, 0xA9, 0xF2, 0x84, 0xD7, 0x4A, 0xEB, 0x9E, 0x3C, 0xAC, 0x9B,
    0xAC, 0xC0, 0x84, 0x49, 0xCD, 0xAC, 0x3C, 0x4C, 0x49, 0xAE, 0xC3, 0x18, 0x5A, 0xFB, 0x72, 0xA1,
    0xED, 0x3B, 0x5A, 0x26, 0x12, 0x03, 0x9E, 0xFC, 0x42, 0x56, 0x27, 0x2C, 0x36, 0xC2, 0x72, 0x53,
    0x56, 0x3F, 0xCF, 0xED, 0x5A, 0x49, 0x86, 0xDC, 0x4E, 0x66, 0x16, 0xF2, 0xD6, 0xF0, 0xD0, 0x48,
    0x86, 0xDA, 0xCF, 0xB2, 0xBA, 0xB4, 0x41, 0xDB, 0x34, 0x7C, 0x06, 0xFA, 0x0F, 0xE0, 0x71, 0x3F,
    0x00, 0xBB, 0x95, 0xC7, 0x09, 0xF5, 0xB0, 0x3A, 0x0F, 0x93, 0x43, 0x72, 0x45, 0x82, 0xAA, 0x68,
    0x8F, 0xF1, 0xC6, 0x57, 0x50, 0x85, 0xCE, 0x0D, 0xDA, 0xA0, 0x06, 0x02, 0xA4, 0x1E, 0x4A, 0x3C,
    0x74, 0x3D, 0xCC, 0x5E, 0x0E, 0x7B, 0xE9, 0x41, 0x30, 0xC6, 0x9A, 0xF1, 0xE6, 0x6B, 0xC5, 0x96,
    0x7C, 0xD9, 0xB9, 0xF9, 0xFC, 0x60, 0x60, 0xE0, 0x3E, 0xA9, 0x3D, 0x4C, 0xD5, 0x83, 0x3A, 0x5C,
    0x08, 0x79, 0x3B, 0x05, 0x8D, 0xCC, 0xEF, 0xAE, 0xDE, 0xCC, 0xF4, 0xF4, 0x8E, 0x1E, 0x4E, 0x9B,
    0xCA, 0x94, 0xC1, 0x82, 0xF9, 0xCE, 0x92, 0xEA, 0x5D, 0x00, 0x54, 0x42, 0x77, 0xC6, 0x27, 0x9D,
    0x3A, 0xDF, 0x54, 0x23, 0x08, 0x4B, 0x87, 0x95, 0xE0, 0x42, 0xD8, 0x38, 0xDD, 0x61, 0x12, 0xBC,
    0x5D, 0x0D, 0x69, 0xB8, 0x9D, 0x76, 0xDB, 0x69, 0xB6, 0x9D, 0xC7, 0xD1, 0x92, 0x11, 0x8F, 0x54,
    0x4D, 0xD7, 0x5D, 0xAB, 0x8F, 0x02, 0xEC, 0xA8, 0x59, 0x0D, 0x33, 0xAF, 0x86, 0xAD, 0x0C, 0x75,
    0x85, 0x77, 0xA4, 0x20, 0x59, 0xE9, 0x42, 0x86, 0xDA, 0xAC, 0x5B, 0x65, 0xAB, 0x04, 0xBB, 0xB9,
    0xB9, 0x3E, 0x07, 0x58, 0x84, 0x9F, 0xA5, 0x78, 0x3B, 0x87, 0xB9, 0xD1, 0xE6, 0x0C, 0xE6, 0x76,
    0x1B, 0x49, 0xB0, 0x41, 0xE0, 0xDD, 0xBD, 0xF5, 0x94, 0x1A, 0xEA, 0x0C, 0x14, 0x9A, 0x70, 0xA7,
    0xDC, 0xB4, 0x21, 0x2D, 0xA6, 0xB7, 0xDE, 0x17, 0x6C, 0x32, 0x9D, 0xFC, 0x48, 0xEA, 0xF6, 0xEE,
    0x6A, 0x22, 0xAC, 0x66, 0x57, 0xBD, 0xB7, 0x77, 0xDD, 0x09, 0x3A, 0xD1, 0xEC, 0x53, 0x37, 0x29,
    0x8F, 0x8D, 0x70, 0x82, 0xFB, 0x5A, 0xBF, 0x42, 0xF9, 0xB3, 0x8C, 0xB6, 0x1A, 0x72, 0x4C, 0xFC,
    0x02, 0xF4, 0xB5, 0x95, 0x01, 0xAB, 0xDF, 0x24, 0x96, 0x1B, 0x61, 0xB1, 0x5B, 0x36, 0x3A, 0x4F,
    0xBD, 0x20, 0x39, 0x2E, 0x6B, 0xF7, 0x73, 0x2F, 0x7C, 0xF7, 0xBC, 0x17, 0xF2, 0x59, 0xE0, 0xA7,
    0xB4, 0x07, 0xFE, 0x6D, 0xA4, 0x6D, 0x7E, 0xDE, 0x5B, 0x58, 0x36, 0x57, 0x78, 0x6A, 0xCB, 0x82,
    0x56, 0xE4, 0x19, 0x84, 0xBD, 0xC3, 0x9A, 0xB0, 0x21, 0x78, 0xC1, 0x8D, 0x80, 0xC9, 0xE1, 0xE0,
    0xB0, 0xD6, 0x77, 0xCE, 0xFF, 0x7B, 0xB0, 0xAB, 0x9B, 0x30, 0xF0, 0xF5, 0xEA, 0x22, 0x9A, 0x41,
    0x5D, 0x42, 0xE1, 0xB8, 0x1B, 0xB5, 0xAB, 0x41, 0x2F, 0x79, 0x85, 0xC9, 0xB1, 0xCB, 0xFD, 0x3A,
    0x5E, 0xBB, 0xAB, 0x3C, 0xDE, 0xF9, 0x90, 0xC5, 0x8B, 0xC3, 0x66, 0x8E, 0xF7, 0xE8, 0xAA, 0x43,
    0x0E, 0x7F, 0xAC, 0xD6, 0xE6, 0x9B, 0x71, 0x1D, 0x40, 0xED, 0x77, 0x53, 0x06, 0xB9, 0x38, 0x7B,
    0x2A, 0xE2, 0x42, 0xA3, 0xC0, 0xA4, 0x60, 0x02, 0x13, 0x1C, 0x95, 0xC8, 0x0C, 0xC9, 0x19, 0x63,
    0xA8, 0x16, 0x39, 0xBD, 0x63, 0xEA, 0x8A, 0x79, 0xDF, 0x3B, 0x3E, 0xD6, 0xAB, 0x5D, 0x95, 0x87,
    0x36, 0xC6, 0x03, 0xF4, 0xDD, 0xA4, 0x4C, 0xE6, 0x79, 0xE1, 0x3D, 0xD5, 0x97, 0x3B, 0x19, 0x94,
    0xE2, 0xE9, 0xB7, 0x8E, 0x37, 0x47, 0xB5, 0x22, 0x23, 0xEB, 0xCB, 0x45, 0x3A, 0xAC, 0x26, 0xE2,
    0xE2, 0xA7, 0x90, 0x36, 0x01, 0x09, 0x8D, 0xF1, 0xBC, 0x82, 0x7B, 0xD8, 0x59, 0xE3, 0x19, 0xCC,
    0xE8, 0x83, 0xDE, 0x45, 0x8F, 0x15, 0xCF, 0xC0, 0xF4, 0xB6, 0xEB, 0xED, 0x7D, 0x85, 0xD8, 0xD9,
    0xC3, 0x9B, 0x02, 0x3A, 0x3D, 0xA0, 0xFA, 0xB0, 0xE1, 0x6D, 0xDC, 0x48, 0xD1, 0xE6, 0x67, 0x25,
    0x93, 0x76, 0x2F, 0x83, 0x46, 0xED, 0x56, 0xE3, 0xA1, 0x1B, 0x9F, 0x69, 0x08, 0xEE, 0xA2, 0x39,
    0xC6, 0x5F, 0x65, 0x4B, 0xF1, 0x29, 0x6F, 0x29, 0x56, 0x6F, 0x29, 0x16, 0xB6, 0x14, 0xFB, 0x77,
    0x3C, 0x88, 0x67, 0x73, 0x86, 0xBD, 0xFD, 0x1F, 0x55, 0x1A, 0x2D, 0x3C, 0x32, 0x01, 0xF5, 0xAD,
    0x91, 0x2C, 0xBA, 0x31, 0xC2, 0xC0, 0xB2, 0x75, 0x9E, 0x72, 0x81, 0xDE, 0xF9, 0xE1, 0x30, 0xA4,
    0x1D, 0x5C, 0x26, 0xAE, 0xE8, 0x2A, 0x0A, 0x5A, 0x42, 0x0A, 0xED, 0x09, 0x92, 0x8D, 0x20, 0x25,
    0x7F, 0xEC, 0xCF, 0xE9, 0xE0, 0xBB, 0xB7, 0x59, 0x3A, 0xC6, 0x28, 0xA8, 0x25, 0xBB, 0xCC, 0xE6,
    0x06, 0x79, 0x32, 0xE8, 0x38, 0x2A, 0x6A, 0x3F, 0x2B, 0x94, 0x41, 0x75, 0x2C, 0x8E, 0x27, 0x22,
    0xCC, 0xB2, 0x83, 0xC3, 0x36, 0x28, 0xB0, 0x76, 0xC8, 0xD2, 0xE0, 0xB0, 0xCE, 0x48, 0x10, 0xFA,
    0xA4, 0x2B, 0x86, 0x05, 0xE9, 0x57, 0x39, 0x54, 0x2C, 0xC4, 0xB6, 0x32, 0x0E, 0x21, 0x99, 0xF7,
    0x6D, 0x52, 0xE7, 0xA9, 0x87, 0x7D, 0xFF, 0xEC, 0x4A, 0x5E, 0x12, 0x4F, 0xF3, 0x29, 0x95, 0x3A,
    0x49, 0xD5, 0x9F, 0xF1, 0x5C, 0xB3, 0x55, 0x58, 0xBB, 0x7D, 0x2A, 0x30, 0x97, 0x98, 0x2A, 0x0C,
    0x19, 0xFD, 0xAD, 0x2D, 0x50, 0xAB, 0x93, 0xFB, 0x38, 0x48, 0xF1, 0xC7, 0x41, 0x8A, 0x39, 0x48,
    0x31, 0x49, 0x8A, 0x62, 0x99, 0x24, 0x85, 0x45, 0x53, 0x58, 0x39, 0x0D, 0xC2, 0xE1, 0xC9, 0x08,
    0x5B, 0x2F, 0x11, 0x80, 0x70, 0x8C, 0x8D, 0x48, 0x7B, 0x20, 0x11, 0x33, 0x21, 0x89, 0xDE, 0xC2,
    0x97, 0x40, 0x2D, 0x10, 0xBC, 0x7B, 0x8D, 0xBA, 0xB1, 0x6C, 0xB1, 0x87, 0xD6, 0x0D, 0xB6, 0x26,
    0x08, 0x3F, 0x86, 0x6F, 0x6E, 0xEE, 0x6A, 0x1E, 0xF6, 0x55, 0x30, 0x57, 0x47, 0xAB, 0x3F, 0xE1,
    0xF4, 0x7D, 0x56, 0xB1, 0x11, 0x50, 0x5E, 0xAF, 0x14, 0xBE, 0xB8, 0xF0, 0xF1, 0x5A, 0x3F, 0x0F,
    0xBF, 0x02, 0xFD, 0xF8, 0xF2, 0x5C, 0xF5, 0x04, 0x0D, 0x06, 0xE2, 0x21, 0xEC, 0xEC, 0x1D, 0xCB,
    0x04, 0x7A, 0xCF, 0x68, 0x97, 0x01, 0x4C, 0x85, 0xEA, 0xB2, 0xA6, 0xE2, 0x73, 0x80, 0x6F, 0x1C,
    0x8F, 0xAE, 0xFC, 0x08, 0xB3, 0x1C, 0xBF, 0x59, 0x8A, 0x4D, 0xDA, 0x0F, 0x0D, 0x18, 0x01, 0x5F,
    0x2A, 0x5F, 0xCD, 0x22, 0x73, 0x74, 0xCC, 0x98, 0xBE, 0x8E, 0xAD, 0xF6, 0x85, 0x32, 0xD5, 0x25,
    0xCB, 0x94, 0xCF, 0x4B, 0xAD, 0x1A, 0x22, 0xFE, 0x3B, 0x30, 0x2B, 0x15, 0x4A, 0xD5, 0x62, 0x58,
    0x5C, 0xD6, 0x64, 0xED, 0xF2, 0xAE, 0x67, 0xD0, 0x5A, 0x1C, 0xED, 0x11, 0x16, 0xB7, 0x7D, 0x21,
    0x06, 0xCE, 0x00, 0xD3, 0xF9, 0xEC, 0x39, 0x5E, 0x3F, 0x68, 0x6B, 0xB0, 0xA8, 0x85, 0x10, 0x28,
    0x39, 0x20, 0x02, 0xB0, 0x64, 0x8F, 0xD1, 0xA7, 0x2B, 0xD3, 0x37, 0x0B, 0x6C, 0xC4, 0xE2, 0x4A,
    0x43, 0x08, 0xD8, 0xC5, 0xA5, 0x3F, 0xC8, 0x80, 0x83, 0xF3, 0xFF, 0x7E, 0x54, 0xC3, 0x60, 0xDB,
    0x51, 0x55, 0xEE, 0x93, 0xDE, 0x2F, 0x37, 0x34, 0x45, 0xA6, 0xDC, 0x6E, 0xBA, 0x38, 0x7D, 0x52,
    0xEC, 0x02, 0x0B, 0x25, 0xE4, 0xB1, 0xAC, 0xA5, 0x29, 0x4F, 0x8E, 0x38, 0xC9, 0x9A, 0x02, 0x64,
    0x32, 0xEF, 0xFB, 0x30, 0x3A, 0x7E, 0xC3, 0xDB, 0xAA, 0x04, 0xAF, 0xA3, 0xF7, 0x02, 0xF5, 0xD7,
    0x8E, 0x33, 0x17, 0x06, 0x93, 0xDB, 0x86, 0x78, 0xF7, 0x8D, 0xCD, 0x58, 0x6C, 0x99, 0x37, 0xAE,
    0x25, 0x3D, 0x22, 0x09, 0x18, 0x75, 0xB5, 0xD0, 0xA0, 0xBB, 0x71, 0x68, 0x6F, 0x8B, 0x55, 0xED,
    0x5A, 0xE3, 0x9D, 0x42, 0xA3, 0x3B, 0x59, 0xA6, 0x31, 0x3C, 0xF0, 0x7B, 0x71, 0x52, 0xB2, 0xAB,
    0x66, 0x74, 0xC3, 0x33, 0xC5, 0xFA, 0xB8, 0x44, 0xED, 0xF0, 0xE3, 0x82, 0x18, 0x1D, 0x0E, 0xE6,
    0x83, 0xB7, 0xEA, 0x9D, 0x15, 0xF8, 0x9B, 0x13, 0x94, 0xBE, 0x53, 0x67, 0x30, 0x07, 0x9D, 0xAA,
    0xDC, 0x59, 0x8D, 0x2A, 0xBA, 0xB2, 0x81, 0x8B, 0xA6, 0x88, 0x02, 0xD8, 0x6F, 0xB3, 0x08, 0xFF,
    0xAC, 0x41, 0x9B, 0x32, 0x7D, 0xB3, 0x4C, 0x31, 0x71, 0xDC, 0xD1, 0x7F, 0x3C, 0x2E, 0x25, 0x5B,
    0xE5, 0xC5, 0x86, 0x0C, 0xC6, 0x5E, 0x10, 0xBF, 0x4B, 0xF0, 0xFF, 0x08, 0x7E, 0xE5, 0x0B, 0x12,
    0xFB, 0x93, 0xD3, 0xFF, 0x92, 0x2D, 0xDA, 0x8D, 0xFD, 0xA6, 0x09, 0xAC, 0xF1, 0x6E, 0x76, 0xDF,
    0xFC, 0x3F, 0xF4, 0x7C, 0x1E, 0x5C, 0x45, 0xFE, 0x0B, 0x03, 0xF6, 0xA5, 0x2C, 0x72, 0x5B, 0xE8,
    0xC0, 0x1C, 0x86, 0x65, 0xBA, 0x7C, 0xE5, 0xA2, 0xBB, 0xB9, 0xD4, 0xC6, 0xCC, 0x21, 0x55, 0x8D,
    0x91, 0x0B, 0x6D, 0x36, 0xB6, 0x16, 0xB1, 0xAB, 0x6D, 0x63, 0xB6, 0xB4, 0x6D, 0x82, 0x25, 0x21,
    0x9C, 0x1C, 0x0E, 0x5E, 0x9B, 0x55, 0x0B, 0xEB, 0xDB, 0xE3, 0x07, 0x5F, 0xE7, 0xE3, 0x07, 0x5F,
    0x33, 0x61, 0x33, 0xF3, 0xD5, 0x05, 0x97, 0x39, 0xAB, 0x85, 0xAA, 0x82, 0x7D, 0x48, 0xAA, 0x0A,
    0x70, 0x46, 0x92, 0x5A, 0x20, 0x92, 0x7A, 0xC0, 0xC4, 0x0F, 0x86, 0x1C, 0xF1, 0xBB, 0xDF, 0x0A,
    0x03, 0x82, 0x52, 0x04, 0x3F, 0xB0, 0x84, 0xE7, 0x7A, 0x9A, 0x34, 0x7F, 0xE5, 0x8B, 0xC5, 0x5B,
    0x63, 0x49, 0xCE, 0xB1, 0x24, 0x7D, 0xC6, 0x58, 0xA2, 0xC7, 0xBD, 0x7C, 0xFE, 0xB1, 0x5D, 0xD6,
    0xFF, 0xC5, 0xB1, 0x84, 0x0B, 0x26, 0x1E, 0x54, 0xEB, 0x0E, 0xE8, 0xCB, 0x29, 0xE6, 0xF0, 0x9D,
    0xC0, 0xB2, 0x21, 0x41, 0x7D, 0xC1, 0x67, 0x12, 0xA1, 0x1C, 0xF1, 0x13, 0xCA, 0x7B, 0x39, 0x28,
    0x2A, 0xBF, 0xC6, 0xFD, 0xD8, 0x0B, 0xBE, 0xA5, 0xAC, 0x0D, 0x6D, 0xD5, 0x12, 0xF4, 0xEC, 0xDF,
    0xE6, 0x74, 0xD7, 0x6F, 0x0C, 0xE3, 0xA7, 0xB2, 0x65, 0xA3, 0x4F, 0xD3, 0x7C, 0x51, 0x2B, 0x2F,
    0xD4, 0xC7, 0xD2, 0x72, 0x7A, 0x85, 0x4A, 0xDE, 0x87, 0x26, 0x2E, 0xF4, 0x6E, 0xF2, 0x8C, 0xC3,
    0x68, 0x4E, 0xE8, 0x3B, 0x1F, 0x6D, 0x7B, 0xE2, 0xB9, 0x68, 0xB3, 0xB5, 0x1A, 0xF2, 0xB5, 0x19,
    0xF3, 0xB5, 0x1B, 0xB3, 0xE5, 0xC4, 0xC4, 0x5B, 0xB2, 0xE0, 0xE1, 0x08, 0xFF, 0xC7, 0x72, 0x40,
    0x73, 0x25, 0xFE, 0xAF, 0x75, 0x4F, 0x49, 0xF5, 0x40, 0x94, 0x67, 0xF1, 0x30, 0x9E, 0xC6, 0xE3,
    0x78, 0x5E, 0xF8, 0xB1, 0x37, 0x31, 0xCF, 0xB4, 0x42, 0x1B, 0x00, 0xE9, 0x4F, 0x09, 0x44, 0xC5,
    0xE5, 0x00, 0x6A, 0x8F, 0xEE, 0xF3, 0x8B, 0x1F, 0x83, 0x87, 0x96, 0xCC, 0x72, 0x7B, 0xAA, 0x5C,
    0x82, 0xB3, 0x34, 0x3E, 0xA6, 0x9E, 0x57, 0x87, 0xE0, 0x65, 0x02, 0xC7, 0x22, 0x56, 0x8B, 0x77,
    0x32, 0x2F, 0xEE, 0xE5, 0xF0, 0xC5, 0xAA, 0xBB, 0x1F, 0xEF, 0xE9, 0x06, 0xE4, 0x17, 0xBA, 0xED,
    0x6C, 0x17, 0x14, 0xD8, 0xC3, 0x7A, 0x24, 0xB8, 0xAD, 0xD2, 0x4E, 0x9B, 0xFB, 0xAA, 0x59, 0x7F,
    0xF1, 0x1B, 0xF1, 0xCE, 0x62, 0x90, 0x5B, 0x2B, 0x88, 0x78, 0xC5, 0xF0, 0xC8, 0x75, 0xF2, 0xD5,
    0x08, 0xD0, 0xEE, 0x8A, 0x84, 0x6F, 0x83, 0x58, 0x49, 0xC0, 0x0E, 0xC8, 0xD7, 0xBF, 0xB5, 0x25,
    0x24, 0x32, 0xD4, 0xBE, 0xC3, 0xAA, 0x49, 0x14, 0xBD, 0x08, 0xED, 0xB1, 0x72, 0x68, 0xF4, 0x68,
    0x73, 0xAE, 0x43, 0x29, 0x3D, 0x2D, 0xAE, 0x67, 0xCC, 0x93, 0xEF, 0xB3, 0x5E, 0xC6, 0x5E, 0x2B,
    0x46, 0xEF, 0x1C, 0xC4, 0x28, 0xC1, 0x29, 0xCA, 0x8D, 0x2D, 0x65, 0x41, 0x5D, 0x4A, 0x44, 0xDC,
    0xF2, 0x7D, 0xE8, 0x4E, 0xFA, 0x54, 0xB8, 0x75, 0xDD, 0xE9, 0x48, 0x6A, 0x93, 0xD7, 0x8D, 0x65,
    0x8E, 0x39, 0x72, 0x5F, 0x5E, 0x9D, 0x02, 0x7E, 0x52, 0x6F, 0x88, 0x59, 0xAD, 0x61, 0xB3, 0x28,
    0x33, 0x35, 0xAB, 0x30, 0xBB, 0x13, 0xE2, 0x6E, 0x56, 0xB7, 0x82, 0x89, 0x9D, 0xFB, 0x1E, 0x63,
    0xE8, 0xF4, 0x1C, 0x89, 0x2A, 0xD2, 0xD3, 0x11, 0xAD, 0x6D, 0x9E, 0x7F, 0x9A, 0xCD, 0x6F, 0xA5,
    0x59, 0xC2, 0xF9, 0x3F, 0xD9, 0xF2, 0xBC, 0x78, 0x7D, 0xF8, 0xAF, 0x5C, 0x34, 0x7E, 0x50, 0xF9,
    0xDA, 0xCF, 0xE7, 0x83, 0x1D, 0xD3, 0xE6, 0xF3, 0xDE, 0xBF, 0xC6, 0xD7, 0xF5, 0xD3, 0x29, 0xBE,
    0x73, 0xDE, 0xCA, 0x89, 0x30, 0x9D, 0x09, 0x23, 0x79, 0xF8, 0x4B, 0xBF, 0x5E, 0x1B, 0xEB, 0x17,
    0x2D, 0xE6, 0x93, 0x6D, 0x6F, 0xF2, 0x51, 0xE7, 0x0C, 0xD9, 0x1F, 0x71, 0xC8, 0x6E, 0xDC, 0x77,
    0x0A, 0x8D, 0x09, 0x61, 0x1A, 0xFA, 0x98, 0xEE, 0x63, 0x9E, 0xAF, 0xB6, 0xDF, 0xFC, 0x23, 0x6A,
    0x3B, 0xED, 0xA9, 0xED, 0xC2, 0x39, 0x57, 0xBF, 0x70, 0xFC, 0x3F, 0x16, 0xD9, 0x8D, 0x70, 0x76,
    0xD8, 0x3A, 0x3C, 0x6A, 0xBC, 0xB6, 0x48, 0xBF, 0x54, 0xCE, 0xB9, 0x87, 0x1C, 0xF5, 0x33, 0x19,
    0x97, 0xB7, 0xE4, 0x61, 0xF6, 0x07, 0x98, 0x49, 0xB1, 0xA6, 0xE8, 0x87, 0xA3, 0x6C, 0x2C, 0x1A,
    0xA7, 0x22, 0x98, 0x1E, 0x0E, 0x07, 0x2A, 0x3F, 0x51, 0x3B, 0x95, 0x4A, 0x2A, 0x5E, 0x45, 0xB1,
    0x0D, 0xA4, 0xC3, 0x3B, 0x35, 0x07, 0x2A, 0x9D, 0x02, 0xC5, 0x40, 0xCB, 0x79, 0xA2, 0x0B, 0xA0,
    0x0C, 0x59, 0xD5, 0x4E, 0x01, 0xF6, 0x35, 0x23, 0x95, 0x3C, 0x81, 0xAD, 0x4E, 0xA5, 0x3F, 0xC1,
    0x67, 0x67, 0x52, 0xC8, 0xBF, 0x8F, 0xD7, 0x47, 0xA7, 0xAA, 0x14, 0x9F, 0xEB, 0x9D, 0xBA, 0x97,
    0xE2, 0xAA, 0x76, 0x6A, 0x4D, 0x20, 0xB9, 0x99, 0x40, 0x16, 0x52, 0x19, 0xAD, 0x32, 0x89, 0xA2,
    0x41, 0x44, 0x79, 0xD9, 0x21, 0xB5, 0x59, 0xB2, 0x69, 0xC7, 0x20, 0xBB, 0x16, 0x1B, 0x4D, 0x9C,
    0x4F, 0x9D, 0x16, 0x91, 0xF3, 0x57, 0x50, 0x9F, 0x70, 0x3E, 0xC7, 0x68, 0x4F, 0x38, 0x9D, 0x23,
    0xF4, 0xD9, 0x46, 0x31, 0xD0, 0xA7, 0x01, 0xEF, 0x96, 0x0D, 0xCC, 0xF8, 0x3B, 0xBD, 0xA8, 0x63,
    0x76, 0x28, 0x5A, 0x6B, 0x86, 0x04, 0x56, 0xD9, 0x09, 0xA7, 0x2E, 0x4E, 0x35, 0x16, 0xB0, 0x95,
    0xB8, 0x41, 0x3C, 0x11, 0x7F, 0x80, 0x84, 0xD3, 0xDD, 0x3F, 0xFF, 0x13, 0xFE, 0xBD, 0xBD, 0xAF,
    0x01, 0xF5, 0xDC, 0xBA, 0xF2, 0x93, 0xFE, 0xDA, 0x79, 0x4A, 0x46, 0x6D, 0x65, 0xC0, 0xB4, 0x89,
    0xDD, 0x46, 0x0B, 0xB4, 0xB0, 0x1B, 0x12, 0xAB, 0x40, 0xF8, 0x28, 0xF5, 0x8C, 0xE4, 0x18, 0x36,
    0x40, 0x81, 0x9A, 0xE2, 0x97, 0xC0, 0x1A, 0x98, 0x05, 0x5A, 0xA8, 0x53, 0xE8, 0xF0, 0x51, 0x20,
    0x40, 0xC6, 0x92, 0x1D, 0x4A, 0x81, 0x00, 0x7E, 0x4B, 0x37, 0x59, 0x68, 0x80, 0x18, 0x48, 0x21,
    0x19, 0x03, 0xB3, 0x40, 0x01, 0x03, 0x33, 0x96, 0xBC, 0x06, 0x0C, 0x04, 0x88, 0xB2, 0x0E, 0x04,
    0x58, 0x20, 0x4A, 0x3D, 0xDE, 0xED, 0xDA, 0x14, 0x5F, 0x77, 0x35, 0xB1, 0xE6, 0x59, 0xD2, 0xE9,
    0xFB, 0x9D, 0xDF, 0xF9, 0xBF, 0xFB, 0x7F, 0x9A, 0x79, 0xF6, 0xD8, 0xF1, 0xAC, 0x9D, 0xC9, 0x6A,
    0xD7, 0xF7, 0x9C, 0x37, 0x33, 0x99, 0x91, 0xEE, 0x3D, 0xE7, 0xDE, 0x73, 0x7F, 0xE7, 0x0B, 0xEB,
    0x53, 0xC8, 0xD3, 0x52, 0x29, 0xE4, 0x81, 0xA5, 0xB7, 0x84, 0x64, 0x50, 0x47, 0xED, 0x57, 0x83,
    0xC4, 0x92, 0x91, 0xF1, 0xE2, 0x24, 0x88, 0xF0, 0x58, 0x87, 0xB1, 0x5B, 0x18, 0x43, 0x42, 0x92,
    0x1E, 0xCA, 0x61, 0xD3, 0x06, 0x48, 0x5B, 0x49, 0xDB, 0x20, 0x0B, 0x04, 0x64, 0x1D, 0x9F, 0xAD,
    0x9B, 0xB4, 0x8F, 0xC1, 0x79, 0xA9, 0x99, 0x41, 0x2C, 0x93, 0xBA, 0x66, 0xA4, 0x55, 0x69, 0x51,
    0x37, 0xBB, 0x31, 0x38, 0x0B, 0x08, 0x17, 0x54, 0x57, 0xDD, 0x12, 0xAA, 0x9B, 0x09, 0x87, 0xF3,
    0x13, 0x10, 0x26, 0x03, 0x18, 0x2D, 0x75, 0xC9, 0xE0, 0xFE, 0x1C, 0xD7, 0x6F, 0xA5, 0xBF, 0xB4,
    0xB8, 0x96, 0xBF, 0x26, 0x9C, 0xA9, 0x70, 0x3F, 0x7E, 0x9E, 0xEC, 0xE0, 0x1B, 0xCC, 0x50, 0x70,
    0x46, 0x3B, 0x7F, 0x3D, 0x7F, 0xF3, 0x6F, 0x98, 0x28, 0x2D, 0xD2, 0xA9, 0x4A, 0x3D, 0x2F, 0x8E,
    0x4A, 0x55, 0x8D, 0x54, 0xAB, 0x62, 0x02, 0x30, 0xC2, 0xAB, 0x30, 0x69, 0x6E, 0x94, 0xEE, 0x89,
    0x0A, 0x07, 0x5D, 0x2C, 0xCF, 0x48, 0x5F, 0x0D, 0xF4, 0xC5, 0x37, 0xCE, 0xBC, 0xF1, 0xDE, 0x1F,
    0xCF, 0xFD, 0xD5, 0xCA, 0xFE, 0xD8, 0x16, 0x96, 0x9B, 0x6B, 0x53, 0xAC, 0x00, 0x50, 0x75, 0x33,
    0x91, 0x5A, 0xF5, 0x84, 0x9A, 0xAF, 0x07, 0x5D, 0x22, 0xDC, 0xB6, 0xC5, 0xA9, 0x11, 0x23, 0x35,
    0x58, 0x35, 0x8F, 0x16, 0x1F, 0x2A, 0xA2, 0x97, 0xCA, 0x8E, 0xAB, 0xC0, 0x73, 0xDD, 0x87, 0x97,
    0xC6, 0x9E, 0x35, 0x5F, 0x0D, 0x57, 0x96, 0x33, 0x95, 0x18, 0x4B, 0x5C, 0x92, 0x40, 0x25, 0x58,
    0x2C, 0x01, 0xD9, 0xE5, 0x98, 0xCD, 0x3C, 0x9B, 0xCF, 0xC6, 0x52, 0x85, 0x85, 0x2C, 0xE7, 0x83,
    0xEC, 0xC8, 0x04, 0xB5, 0x56, 0x2F, 0xFA, 0xB1, 0x74, 0xDC, 0xC5, 0x07, 0xCD, 0xE9, 0xC8, 0x5B,
    0x10, 0x16, 0x07, 0xB0, 0x1A, 0x58, 0x39, 0x23, 0xE5, 0x08, 0xDF, 0x1A, 0xCC, 0xC3, 0x10, 0x14,
    0xCF, 0xE5, 0x08, 0x81, 0x46, 0xB5, 0x15, 0x0D, 0x73, 0x64, 0x52, 0x7C, 0xD5, 0x01, 0x3A, 0xEE,
    0x43, 0x29, 0xF3, 0x41, 0xED, 0x9A, 0x20, 0xC3, 0x1A, 0x63, 0xC5, 0x60, 0x3E, 0x67, 0x53, 0xF0,
    0x69, 0x48, 0xA0, 0x85, 0xBF, 0x7D, 0xA7, 0xBA, 0xA9, 0xE8, 0x0B, 0x3F, 0x39, 0x31, 0x9A, 0x8A,
    0x85, 0xD6, 0x2D, 0x46, 0x67, 0x52, 0x40, 0x2C, 0xA0, 0x34, 0x03, 0xCE, 0x5A, 0x29, 0x9C, 0x87,
    0x14, 0x0C, 0x93, 0xFF, 0x31, 0xF3, 0xC3, 0x44, 0x5D, 0x08, 0x96, 0xCC, 0xE1, 0x31, 0xC6, 0x64,
    0x55, 0x7D, 0xA1, 0x58, 0x48, 0x1B, 0x39, 0x59, 0x7D, 0xE1, 0x6F, 0x49, 0x93, 0x57, 0x2D, 0xC4,
    0xEB, 0x65, 0x2E, 0x51, 0x11, 0x91, 0x3E, 0xB5, 0x4D, 0x29, 0x27, 0xDD, 0x0C, 0xA1, 0xD2, 0xC8,
    0x47, 0x00, 0x31, 0x32, 0xE8, 0xD9, 0x91, 0x4A, 0x9E, 0x0E, 0x4A, 0xAF, 0x65, 0x0E, 0x6F, 0x1E,
    0x4E, 0xB9, 0xAB, 0xA0, 0x89, 0xAE, 0xD0, 0x1C, 0xB4, 0xB8, 0x2F, 0x3A, 0xCC, 0x44, 0xDA, 0x56,
    0x2D, 0x54, 0x3C, 0x2F, 0x1B, 0xA5, 0x55, 0xA0, 0x38, 0x3A, 0x02, 0xD6, 0xEB, 0x1C, 0x37, 0xF0,
    0x40, 0xCA, 0x42, 0xCA, 0x46, 0x5E, 0x92, 0x48, 0xB3, 0x6F, 0x9E, 0x91, 0x58, 0xCC, 0xB0, 0x35,
    0xA1, 0xD8, 0x8D, 0x87, 0x2F, 0x48, 0x98, 0x3D, 0x17, 0xFE, 0x3F, 0x86, 0x79, 0xFC, 0x05, 0x65,
    0xEA, 0x25, 0x25, 0x59, 0xC0, 0xA3, 0x6F, 0x5F, 0xDF, 0xB6, 0x61, 0xF1, 0x23, 0x51, 0x12, 0xBD,
    0x36, 0xE3, 0x15, 0x93, 0x97, 0x27, 0xBC, 0x59, 0xF6, 0x95, 0x49, 0xAF, 0x16, 0xC9, 0x84, 0xF7,
    0xB9, 0x9A, 0x8E, 0x38, 0x27, 0xA6, 0x74, 0x80, 0x93, 0x67, 0x4A, 0x5D, 0x8E, 0xF7, 0xCA, 0xDE,
    0x46, 0xFE, 0xE6, 0x92, 0xFF, 0xEF, 0x23, 0x62, 0xEA, 0xB4, 0xB1, 0x12, 0x6E, 0xCE, 0xA2, 0x4C,
    0x18, 0x24, 0x9F, 0x82, 0x25, 0xE2, 0x44, 0xB0, 0x5D, 0x57, 0xF3, 0xBC, 0xB2, 0x02, 0x76, 0x02,
    0xCB, 0x1B, 0xC5, 0xC0, 0xB0, 0xDC, 0x0E, 0x93, 0x65, 0x00, 0x14, 0xB2, 0xF4, 0x1B, 0x67, 0x77,
    0x8C, 0x4C, 0x95, 0x5A, 0xD5, 0xAA, 0x08, 0x2A, 0x65, 0x6B, 0xDC, 0x77, 0xD4, 0x89, 0x2B, 0x7C,
    0x68, 0xAA, 0x19, 0xCB, 0x40, 0xF2, 0xD7, 0x16, 0x8D, 0x17, 0x5F, 0xB0, 0xB2, 0x73, 0x0E, 0x16,
    0xE1, 0x40, 0x5F, 0x99, 0x32, 0x9E, 0x69, 0xF8, 0x50, 0x10, 0x9D, 0xFC, 0x74, 0x4C, 0xB9, 0xED,
    0x85, 0xE3, 0x11, 0x2B, 0xAA, 0x43, 0x91, 0x4B, 0x07, 0x65, 0x87, 0x20, 0xE9, 0x32, 0x78, 0x50,
    0x34, 0x2A, 0xA9, 0xCD, 0x1D, 0x43, 0x7F, 0xE1, 0x23, 0x40, 0x39, 0x08, 0x04, 0x71, 0x49, 0x0D,
    0xC3, 0xA7, 0x6B, 0x44, 0x9E, 0x15, 0x57, 0xB5, 0x22, 0x93, 0x28, 0xDB, 0xB4, 0xFA, 0x3E, 0x3E,
    0x5E, 0xD1, 0xAE, 0x73, 0xE2, 0x18, 0x6C, 0x19, 0x82, 0x69, 0x16, 0xCE, 0x44, 0xF8, 0x8E, 0x70,
    0x1E, 0xA2, 0xD7, 0x84, 0x9F, 0x9E, 0xBC, 0x2C, 0xA5, 0x32, 0xD9, 0xA3, 0x52, 0xEB, 0x67, 0x9F,
    0xE7, 0x8D, 0xF1, 0x3B, 0xFB, 0x2F, 0x7E, 0xD5, 0x4A, 0x72, 0xD8, 0x41, 0x71, 0xF9, 0x8A, 0x2C,
    0xD2, 0xEB, 0xF9, 0xFC, 0xF3, 0xA9, 0x71, 0xBA, 0xAF, 0x7F, 0x7B, 0x04, 0x33, 0x43, 0x34, 0xAB,
    0x01, 0xFF, 0xF0, 0xA5, 0xD4, 0x2E, 0x06, 0x63, 0xEA, 0x54, 0xA3, 0xA2, 0x21, 0x73, 0x6A, 0x75,
    0x27, 0x43, 0xDE, 0x17, 0xD8, 0x4F, 0x9B, 0xB9, 0x78, 0x55, 0x80, 0xA4, 0x35, 0x53, 0xF1, 0xB2,
    0xF0, 0xB2, 0x27, 0x56, 0xE1, 0xC2, 0x33, 0xA8, 0x7D, 0xA0, 0xBF, 0x85, 0x53, 0xAF, 0x34, 0xDB,
    0x85, 0x65, 0x0F, 0x9C, 0x21, 0xC4, 0xF9, 0x60, 0x86, 0x78, 0x3A, 0x31, 0x9B, 0x00, 0xB0, 0xC4,
    0x62, 0xDB, 0xE1, 0x66, 0x5B, 0x1A, 0xE2, 0xDB, 0xBD, 0xE9, 0xA6, 0x6D, 0x8F, 0x17, 0x59, 0xF1,
    0x82, 0x8B, 0xA9, 0x91, 0xB9, 0x73, 0x71, 0xC3, 0x04, 0xA8, 0x70, 0x15, 0xC3, 0x59, 0xAA, 0x23,
    0x56, 0xFF, 0xF1, 0xA6, 0x07, 0x13, 0x4B, 0x00, 0xC7, 0x3C, 0x37, 0x91, 0x36, 0xE7, 0x1C, 0x4B,
    0x9B, 0x8D, 0x58, 0xBB, 0x90, 0x4C, 0xE3, 0x78, 0xFA, 0xEB, 0x3E, 0x05, 0x73, 0x40, 0x1D, 0xCF,
    0x75, 0x22, 0x98, 0x7D, 0x81, 0xCD, 0xE1, 0x9A, 0xEB, 0x1A, 0x9B, 0xD9, 0xEC, 0xEA, 0x9A, 0x50,
    0x51, 0x32, 0xFB, 0xF0, 0x54, 0xF6, 0xF7, 0x2B, 0x3D, 0xBC, 0x70, 0x04, 0x70, 0xB7, 0x1F, 0x08,
    0xFB, 0xA4, 0xE6, 0xC2, 0x2B, 0xE8, 0x60, 0xBA, 0xC9, 0x3D, 0xE8, 0x82, 0x70, 0x2E, 0x44, 0x28,
    0xE3, 0x6F, 0x0A, 0x73, 0x16, 0xBE, 0x22, 0xE9, 0x84, 0x09, 0x49, 0x96, 0x64, 0xC2, 0x0C, 0xA5,
    0x4B, 0x32, 0xE3, 0x6D, 0xD3, 0x39, 0x5E, 0x30, 0x87, 0xE9, 0x04, 0x2A, 0x1D, 0x2E, 0x18, 0x1A,
    0x50, 0x3B, 0x63, 0x23, 0xC5, 0x8E, 0xF0, 0x92, 0x0C, 0xC5, 0xF5, 0x23, 0x5A, 0x5F, 0x34, 0x05,
    0xAC, 0x98, 0xC1, 0xA3, 0x1A, 0xD8, 0x80, 0x9F, 0xA8, 0x82, 0xCD, 0xE1, 0xE5, 0xCB, 0x57, 0x46,
    0xEA, 0x20, 0x66, 0x29, 0x71, 0x54, 0x42, 0xCC, 0x46, 0xAE, 0x87, 0x1A, 0xA1, 0xF9, 0xC6, 0xD4,
    0x30, 0x16, 0xBD, 0x8A, 0xD8, 0xFD, 0xBE, 0x8C, 0x9D, 0x29, 0x22, 0x66, 0x92, 0xB7, 0x7D, 0x0D,
    0x3A, 0xAF, 0x7C, 0xF8, 0xF4, 0xDB, 0xD3, 0xD6, 0x5E, 0x55, 0x2C, 0xC2, 0x2B, 0x23, 0x91, 0x00,
    0x7B, 0x9C, 0xA9, 0xA3, 0x7C, 0x6F, 0xC9, 0x47, 0xD3, 0xC7, 0x39, 0x99, 0x53, 0x53, 0xC8, 0x62,
    0xC4, 0x4F, 0xD4, 0x48, 0xFD, 0x6E, 0x53, 0x49, 0xC0, 0xC7, 0xB1, 0xE9, 0xA4, 0xB4, 0xF9, 0x18,
    0x99, 0x52, 0xE2, 0xB0, 0x51, 0x7E, 0xD0, 0xD0, 0x33, 0x07, 0xBE, 0xA2, 0x94, 0xBB, 0x8D, 0xE9,
    0x25, 0x8E, 0x85, 0x8D, 0x29, 0xA6, 0x53, 0x20, 0x97, 0x9A, 0xD9, 0xE5, 0x22, 0xA5, 0xCC, 0x22,
    0xF2, 0x7D, 0xCD, 0xD3, 0xB6, 0x3B, 0x84, 0x57, 0xCE, 0x82, 0x69, 0x74, 0xE2, 0x8C, 0x83, 0x7A,
    0xE6, 0xF3, 0xFE, 0xBE, 0x04, 0x01, 0xEB, 0x7A, 0x6C, 0x26, 0x2A, 0xA8, 0xE0, 0x12, 0xB3, 0xD1,
    0x03, 0xB3, 0xCE, 0x6B, 0x70, 0x78, 0xE3, 0xC5, 0xA6, 0xA3, 0xFA, 0xDB, 0x21, 0x50, 0x25, 0xDD,
    0xAF, 0xE4, 0xBA, 0x9F, 0x96, 0x9A, 0x6A, 0xFA, 0x96, 0xE9, 0x69, 0xB2, 0xA4, 0x53, 0xEE, 0xE8,
    0x70, 0xCB, 0xA6, 0x6C, 0xD0, 0x6F, 0x18, 0xF2, 0x29, 0x35, 0x07, 0x43, 0x3E, 0xD2, 0x8D, 0x2E,
    0x5D, 0x31, 0xA4, 0x1A, 0xB3, 0x29, 0x35, 0x24, 0x04, 0xDA, 0x2A, 0x81, 0x60, 0x80, 0xBA, 0x26,
    0xF0, 0xDE, 0xF7, 0x95, 0xD3, 0x64, 0x40, 0xBD, 0x0C, 0xE7, 0xC1, 0x1E, 0x26, 0x5D, 0x3D, 0xAC,
    0xB1, 0x83, 0x3B, 0x73, 0xB3, 0x8C, 0xC7, 0x10, 0xE5, 0x83, 0x50, 0xB0, 0xD0, 0xC2, 0x16, 0x1E,
    0x69, 0xE8, 0x8B, 0x67, 0xFD, 0xCB, 0xD9, 0x62, 0xF7, 0x32, 0xFD, 0xD6, 0xBD, 0xEE, 0x44, 0x14,
    0x43, 0x35, 0x98, 0xB1, 0xC9, 0xD4, 0xA9, 0x90, 0x9B, 0x3F, 0xE5, 0x7A, 0xBF, 0x99, 0xCD, 0xBB,
    0xBA, 0x2E, 0x29, 0xB1, 0xF2, 0x10, 0x52, 0x8E, 0xBC, 0xD4, 0x68, 0xE1, 0xAC, 0x49, 0xD5, 0xBE,
    0xB3, 0x54, 0xCF, 0x5C, 0xF5, 0xBF, 0xA0, 0x83, 0xB6, 0x06, 0x36, 0x54, 0xD5, 0x00, 0x33, 0x8B,
    0x2E, 0x97, 0x49, 0x35, 0x09, 0xCA, 0x7B, 0xF8, 0xB5, 0x11, 0x36, 0xDD, 0x86, 0xDB, 0x07, 0xBD,
    0x9C, 0x0F, 0xF1, 0xB0, 0xC6, 0x02, 0x24, 0x18, 0x8B, 0xB7, 0x5A, 0xFB, 0x47, 0x2C, 0x1F, 0x3D,
    0x5F, 0x9A, 0x49, 0xA5, 0x6C, 0x61, 0x44, 0xE8, 0xD1, 0xA8, 0xBE, 0xA1, 0xAC, 0x04, 0x4F, 0x79,
    0x24, 0x4A, 0xB5, 0xF7, 0xBC, 0xD4, 0xDB, 0x6A, 0x9E, 0x67, 0xAF, 0x80, 0xA7, 0xC2, 0xF0, 0x77,
    0x57, 0xA3, 0x21, 0x22, 0x0C, 0x24, 0x57, 0x40, 0x68, 0x9B, 0xAC, 0x99, 0xDD, 0x2C, 0xFD, 0xB7,
    0x94, 0x1C, 0x71, 0x67, 0xAB, 0xDA, 0x1C, 0x30, 0xA9, 0x6D, 0xDD, 0x87, 0x55, 0x0B, 0x53, 0x35,
    0xF5, 0x29, 0x54, 0xAD, 0x88, 0x3C, 0x2A, 0x33, 0x8C, 0x00, 0xAC, 0xEE, 0x9C, 0x49, 0x7B, 0x41,
    0xAE, 0xC7, 0xF2, 0xB3, 0x5D, 0x3F, 0x62, 0x0C, 0x4B, 0x99, 0xB7, 0x51, 0x1F, 0x7F, 0x91, 0x4E,
    0xF6, 0x23, 0x9D, 0xB8, 0xC4, 0x55, 0x52, 0x8B, 0xBF, 0xD0, 0x1F, 0x47, 0x5D, 0x6A, 0x8B, 0xBF,
    0x50, 0x66, 0x50, 0xE1, 0x46, 0x00, 0x40, 0x28, 0x2D, 0x98, 0xC6, 0xE1, 0x6A, 0x05, 0x21, 0xEB,
    0x53, 0x0D, 0x19, 0x7B, 0x5D, 0xFE, 0x4A, 0x14, 0xBB, 0x33, 0xE5, 0x0E, 0xCE, 0x34, 0x5A, 0x4E,
    0xC9, 0xBB, 0x0E, 0xB9, 0xA4, 0xC6, 0x1C, 0x97, 0x0E, 0x23, 0xF5, 0x51, 0x68, 0x99, 0x37, 0x82,
    0x27, 0xFE, 0x0E, 0x19, 0x7D, 0xFE, 0x23, 0xC9, 0xB4, 0x4B, 0x42, 0x12, 0x3B, 0x2E, 0xA2, 0x61,
    0x97, 0xC4, 0x4E, 0xD1, 0xA0, 0xC4, 0xDD, 0x0F, 0x81, 0x4C, 0x7F, 0x29, 0x98, 0xB8, 0xF4, 0x35,
    0xA9, 0xFF, 0xB5, 0x74, 0xD9, 0xAB, 0xEA, 0x81, 0xCA, 0xDB, 0x4A, 0x1D, 0x50, 0x6D, 0xDA, 0x2B,
    0x01, 0xC8, 0xD7, 0x56, 0x75, 0x84, 0x88, 0x86, 0xE6, 0x88, 0xC4, 0xA8, 0xBC, 0x1C, 0x75, 0xF8,
    0xD2, 0x20, 0xD2, 0xC0, 0x89, 0x20, 0x6A, 0x81, 0x97, 0x05, 0xF1, 0x11, 0xC1, 0x65, 0xB0, 0x3C,
    0x22, 0x73, 0x90, 0xE1, 0xFA, 0x3A, 0x07, 0xE7, 0x82, 0x54, 0x92, 0x29, 0xC4, 0x6D, 0xFB, 0x17,
    0x53, 0xE6, 0x82, 0xC8, 0x0E, 0xA9, 0x6D, 0x48, 0x9D, 0xAE, 0x39, 0xC5, 0xC2, 0x17, 0x05, 0xAE,
    0x48, 0x9A, 0x5E, 0x89, 0x18, 0xE9, 0x7C, 0x64, 0x87, 0x4D, 0x21, 0xF5, 0xC6, 0x3F, 0x4C, 0x86,
    0x62, 0x58, 0x32, 0x42, 0xF4, 0x2F, 0x2E, 0x3A, 0x91, 0x84, 0x9D, 0x54, 0x99, 0xF0, 0x37, 0xD3,
    0x57, 0x85, 0x15, 0x63, 0xD0, 0xBF, 0x82, 0x89, 0x15, 0x4C, 0x18, 0x90, 0x6C, 0x39, 0x03, 0x92,
    0x63, 0xC7, 0x69, 0xC6, 0x02, 0xF7, 0xCD, 0x66, 0x40, 0x88, 0xB3, 0xC8, 0x00, 0x87, 0xB2, 0x08,
    0xB6, 0x87, 0xE4, 0x50, 0x09, 0x60, 0x17, 0x9E, 0x4E, 0x2D, 0x49, 0xCD, 0xAA, 0x8C, 0x90, 0x14,
    0x0B, 0xF0, 0x05, 0x9B, 0xCD, 0x76, 0x37, 0x32, 0xF0, 0xBA, 0xCF, 0x2C, 0xFC, 0x9E, 0xE9, 0x9D,
    0x4B, 0xE9, 0xA1, 0x50, 0x5E, 0x21, 0x98, 0xAA, 0x99, 0xB2, 0x66, 0xD5, 0x80, 0xFF, 0xB9, 0xDE,
    0xF6, 0x08, 0xA9, 0x50, 0x94, 0xD3, 0x05, 0x3F, 0xE6, 0xD3, 0x7D, 0x7A, 0xCA, 0x2D, 0x09, 0x46,
    0x48, 0x5A, 0xB5, 0x5C, 0xC4, 0x38, 0x6C, 0xBE, 0x8F, 0xBD, 0x4E, 0x2F, 0x86, 0x8E, 0x57, 0x02,
    0x1F, 0x38, 0x94, 0x4F, 0x2A, 0xB5, 0x82, 0x3A, 0x06, 0x26, 0x57, 0x8D, 0x1C, 0xD8, 0x75, 0x80,
    0xBE, 0xC0, 0xBD, 0x99, 0x29, 0x41, 0xB9, 0x68, 0x2A, 0x22, 0x4A, 0x58, 0x60, 0xBA, 0x42, 0x69,
    0x2C, 0xDD, 0xF8, 0x1F, 0x28, 0x4D, 0xAC, 0x6E, 0x6E, 0xDA, 0x72, 0xB3, 0xCA, 0x6D, 0xC3, 0x3B,
    0x6F, 0x0B, 0x77, 0xD5, 0x76, 0x81, 0x91, 0x74, 0xE3, 0x48, 0xA3, 0x1E, 0x14, 0x57, 0x73, 0xA5,
    0x43, 0x56, 0x73, 0xBB, 0x2C, 0x02, 0xD2, 0xA7, 0xEC, 0x52, 0x76, 0xD5, 0xE8, 0x40, 0x7A, 0x68,
    0xF0, 0xB5, 0x86, 0x4A, 0x98, 0x95, 0xCC, 0xBD, 0xD5, 0xA8, 0x0F, 0x9B, 0x51, 0x3A, 0x19, 0x1D,
    0x48, 0xE9, 0x2E, 0x2C, 0xB4, 0x1A, 0x59, 0x5D, 0xC1, 0x2F, 0xC9, 0x9B, 0x67, 0xCA, 0xEB, 0x6B,
    0xF1, 0x8C, 0x4A, 0xD7, 0x53, 0x94, 0xB5, 0x49, 0xC9, 0x66, 0x00, 0xE9, 0xF5, 0x7D, 0x9B, 0x3E,
    0x69, 0xF9, 0xD6, 0xB5, 0xCA, 0x68, 0x4E, 0x89, 0x3D, 0xAF, 0x64, 0xB8, 0x4A, 0xC2, 0x28, 0xE6,
    0x43, 0xC7, 0xF7, 0xEC, 0xF9, 0x5A, 0xED, 0x3A, 0xF9, 0x9D, 0xEF, 0xE8, 0x11, 0xD7, 0xBD, 0x1F,
    0x3E, 0xF0, 0x03, 0x96, 0xBF, 0xE1, 0x3B, 0x87, 0x12, 0xF1, 0xF7, 0xAB, 0x56, 0x2C, 0x5B, 0x8D,
    0xF6, 0x60, 0x6C, 0x53, 0x16, 0x3C, 0x66, 0x58, 0x9C, 0x7F, 0xEE, 0xE5, 0x95, 0xFB, 0xFC, 0x73,
    0xEA, 0x05, 0xCE, 0x06, 0xB5, 0x66, 0x13, 0x6C, 0x24, 0x38, 0xA1, 0x59, 0x7F, 0xB3, 0x09, 0x89,
    0xC1, 0xD7, 0x15, 0xB1, 0x2C, 0xCE, 0xE9, 0x27, 0x79, 0xC5, 0xD7, 0x0F, 0x33, 0x98, 0x7C, 0x32,
    0x30, 0x39, 0xCD, 0x21, 0x1A, 0xC8, 0xF2, 0x60, 0x22, 0xCB, 0x4C, 0x0A, 0xE3, 0x85, 0x45, 0x67,
    0x6C, 0x4F, 0xB4, 0x13, 0xE5, 0x4C, 0x49, 0xE7, 0x18, 0x12, 0xBC, 0x8B, 0x9E, 0xA9, 0xC3, 0x2F,
    0xCB, 0x80, 0x0F, 0x61, 0xFA, 0xB0, 0x96, 0x99, 0xC8, 0x17, 0xE5, 0x81, 0x82, 0x0C, 0x56, 0xDC,
    0x23, 0x07, 0xEA, 0x5C, 0x58, 0x26, 0xDA, 0x14, 0xC4, 0xAE, 0x9A, 0xF4, 0x84, 0xC6, 0x59, 0xC9,
    0x2B, 0xB9, 0x7A, 0x75, 0xD2, 0xB6, 0x19, 0x0D, 0x1B, 0x23, 0x4F, 0x80, 0x0C, 0x17, 0xF4, 0x41,
    0xF9, 0x18, 0x18, 0x20, 0x78, 0x8D, 0x94, 0x2D, 0xAF, 0x06, 0x95, 0x3A, 0xE1, 0xC0, 0x33, 0xD7,
    0x4C, 0xA1, 0xA7, 0x6F, 0x29, 0xCC, 0xCD, 0xA2, 0x2B, 0xAF, 0xA8, 0xE5, 0xB4, 0x51, 0x41, 0xFD,
    0x09, 0xFC, 0x27, 0xFC, 0x44, 0x7A, 0xDD, 0xBA, 0x8A, 0xF5, 0x51, 0x30, 0x70, 0x7A, 0x9A, 0x91,
    0x25, 0xC5, 0xFD, 0x69, 0xB1, 0x6F, 0xFA, 0xA2, 0x84, 0x7C, 0xE9, 0xF9, 0xC5, 0xB3, 0xD1, 0xE8,
    0xF9, 0xAC, 0xF7, 0x7C, 0x53, 0x6F, 0xB9, 0xEF, 0x5C, 0x9C, 0x77, 0xFC, 0x6A, 0xDE, 0x5C, 0x6A,
    0x6E, 0x82, 0xF8, 0xCA, 0xE8, 0x8F, 0xEB, 0xEF, 0x97, 0x39, 0xFC, 0xFF, 0x7A, 0x94, 0xF5, 0x85,
    0xEE, 0xCE, 0x38, 0x30, 0x06, 0xBD, 0x29, 0x95, 0xB8, 0x4A, 0xA9, 0xC3, 0x83, 0x21, 0xB0, 0x33,
    0x3E, 0xB0, 0x22, 0x0A, 0x1E, 0x82, 0x25, 0x88, 0x08, 0xE9, 0x7B, 0x91, 0xF0, 0x31, 0x66, 0x63,
    0x26, 0x32, 0x85, 0x9D, 0x7A, 0x52, 0x64, 0x6A, 0xC1, 0x5D, 0x4C, 0x1D, 0xE8, 0x19, 0xB6, 0xF3,
    0xC8, 0x81, 0xCD, 0x61, 0xFA, 0x26, 0x2D, 0x58, 0xF5, 0xAB, 0xA6, 0xB5, 0x05, 0x87, 0xE6, 0x63,
    0x11, 0x98, 0xB3, 0x3D, 0x9B, 0x2E, 0x05, 0x66, 0xAC, 0x64, 0x93, 0xE6, 0x95, 0xA9, 0xF4, 0xF3,
    0x82, 0x71, 0x41, 0x30, 0x02, 0x42, 0x20, 0x16, 0x40, 0xF8, 0x81, 0xF9, 0xBB, 0xC7, 0xD8, 0x50,
    0x44, 0xA1, 0xF3, 0xBE, 0x17, 0x4A, 0xA3, 0x9F, 0x37, 0xEE, 0x4B, 0xDC, 0xB4, 0x48, 0xE9, 0x89,
    0xE7, 0xF3, 0x69, 0x2D, 0xA3, 0x69, 0x3A, 0x7F, 0xBC, 0x08, 0x0F, 0xFA, 0x94, 0xC4, 0xF5, 0xAA,
    0x24, 0xB3, 0xCD, 0x35, 0xB6, 0x2E, 0xDE, 0x02, 0xF1, 0x23, 0xCE, 0xDF, 0x0E, 0xEF, 0x98, 0x0C,
    0x8D, 0x53, 0xF3, 0xBA, 0x2C, 0x26, 0x2E, 0x3D, 0x4F, 0x47, 0xD5, 0x90, 0x88, 0xA7, 0x26, 0x35,
    0x82, 0x4E, 0x33, 0xA5, 0xD9, 0x42, 0x9A, 0xCF, 0xA4, 0xC5, 0xE4, 0x29, 0xF6, 0x9E, 0x4A, 0xE9,
    0x42, 0xA9, 0xCA, 0x67, 0xD2, 0x62, 0xDA, 0xD6, 0x0D, 0x22, 0x6D, 0xAC, 0xB0, 0xB7, 0x15, 0xD9,
    0xD1, 0xFD, 0x43, 0xB5, 0x83, 0xAF, 0x90, 0xCE, 0xFA, 0x7A, 0xAE, 0x18, 0x74, 0x42, 0x0F, 0x79,
    0x01, 0x17, 0x7E, 0x74, 0x62, 0x62, 0x64, 0x76, 0x8E, 0x17, 0xBC, 0x90, 0xC4, 0x1E, 0x86, 0xB5,
    0xC4, 0x0B, 0x27, 0x00, 0xAA, 0xC4, 0x1C, 0xCE, 0x5F, 0x01, 0xAB, 0x52, 0x1F, 0x0B, 0xF4, 0x5A,
    0x4D, 0x01, 0xD8, 0x99, 0x0B, 0x46, 0x7C, 0x93, 0x38, 0xEA, 0x91, 0x56, 0x60, 0xE9, 0x2B, 0x8C,
    0x9D, 0x6A, 0x58, 0x5B, 0x0D, 0x6A, 0x94, 0xE8, 0x26, 0xC1, 0x2C, 0xB1, 0x62, 0x30, 0x0B, 0x57,
    0x7F, 0x5C, 0x70, 0x33, 0xE3, 0x1C, 0x73, 0xC6, 0xCD, 0x2D, 0xA0, 0xAB, 0xE1, 0x9F, 0xAF, 0x97,
    0xC6, 0x44, 0x72, 0xD3, 0xDF, 0xF3, 0xFF, 0x0F, 0x39, 0x60, 0xA1, 0xE4, 0xCE, 0x87, 0x8D, 0x71,
    0x57, 0xCF, 0xFE, 0xC1, 0xA8, 0x0C, 0x2F, 0xCE, 0x6B, 0x2E, 0xF1, 0x9C, 0x51, 0xD6, 0x84, 0xE5,
    0x53, 0xDF, 0xBA, 0x3F, 0x5E, 0x0F, 0xF6, 0xCC, 0x9A, 0x86, 0xEF, 0x44, 0x37, 0xB4, 0x3F, 0x95,
    0x40, 0x5E, 0x6F, 0xBA, 0x20, 0x9D, 0x42, 0x24, 0x4D, 0xE5, 0xDA, 0x80, 0x40, 0x36, 0xA2, 0xF9,
    0x6E, 0xBD, 0x56, 0xDA, 0x4F, 0x15, 0x87, 0x9C, 0x82, 0x6B, 0x41, 0x3A, 0x63, 0xE6, 0xCA, 0xA3,
    0xC3, 0x20, 0x5D, 0x6C, 0xEF, 0xA4, 0x6F, 0x92, 0x9C, 0xE4, 0x33, 0xB9, 0x4C, 0x8A, 0xC9, 0xB8,
    0x65, 0xCB, 0xE5, 0x4B, 0x65, 0x5C, 0x31, 0x43, 0x02, 0xC8, 0x35, 0xC6, 0x55, 0x53, 0x33, 0x90,
    0x6B, 0xC6, 0x2D, 0x27, 0x83, 0x71, 0xA1, 0x38, 0x70, 0x9F, 0x3A, 0xDE, 0xC4, 0x1E, 0x82, 0x2C,
    0x10, 0xC4, 0xD4, 0xF3, 0x21, 0x9F, 0xE9, 0x90, 0x9A, 0xF1, 0x43, 0x02, 0x60, 0x78, 0xC4, 0x4D,
    0x4D, 0xFE, 0x72, 0xB9, 0xA2, 0xC9, 0x66, 0x22, 0x80, 0x92, 0xEC, 0xAA, 0x5D, 0x51, 0x88, 0xF6,
    0x7D, 0xF6, 0x80, 0x7F, 0x9A, 0x9E, 0x14, 0x30, 0xC7, 0x76, 0x7D, 0xCC, 0x74, 0xF8, 0xAE, 0x2C,
    0x5C, 0x1D, 0x95, 0x53, 0xE0, 0xFA, 0x49, 0xF7, 0xB8, 0xD7, 0x63, 0x63, 0xD6, 0x11, 0x8A, 0x49,
    0x69, 0xCC, 0x37, 0x82, 0x53, 0x9E, 0x7F, 0x7C, 0x10, 0x04, 0x4F, 0xAA, 0xFF, 0x04, 0xD1, 0x22,
    0x1A, 0x3A, 0x23, 0x75, 0xF3, 0x2E, 0x2E, 0x8A, 0x5D, 0xD5, 0x4A, 0x2D, 0xE5, 0x46, 0xB3, 0xC4,
    0x02, 0xF5, 0x64, 0x17, 0xE5, 0x8C, 0xC8, 0x27, 0xDC, 0x08, 0xBE, 0x19, 0x34, 0x08, 0x74, 0xE3,
    0x6B, 0xE7, 0xCA, 0x50, 0x78, 0x8D, 0x19, 0xC8, 0x74, 0xDC, 0xD8, 0x43, 0x32, 0xAA, 0x71, 0x64,
    0x28, 0xD1, 0x8C, 0x4F, 0x04, 0x76, 0xD6, 0x52, 0xAE, 0xE1, 0x8E, 0xCA, 0x99, 0x78, 0xE1, 0xA0,
    0xC2, 0xA9, 0x1C, 0x7D, 0xF9, 0x13, 0x0C, 0xC6, 0x19, 0x1B, 0x91, 0x52, 0x77, 0x37, 0xBC, 0x29,
    0xF7, 0xB6, 0x55, 0x36, 0x31, 0x37, 0x1B, 0xB3, 0x47, 0x9E, 0x3F, 0x6C, 0xF8, 0x6B, 0xFF, 0x30,
    0xEC, 0xBE, 0xB0, 0xB5, 0x23, 0x4A, 0xC6, 0x9A, 0xF1, 0xF9, 0x7B, 0x9F, 0xE2, 0xED, 0x7D, 0x8A,
    0x0C, 0x1B, 0x64, 0x99, 0x9F, 0xCC, 0x26, 0x34, 0xFD, 0xEA, 0x8D, 0xFF, 0xAC, 0x93, 0x19, 0xB4,
    0xFF, 0x74, 0x35, 0x79, 0xBF, 0x31, 0x3E, 0x48, 0x3E, 0x7C, 0xD5, 0xC6, 0x8A, 0x82, 0x8A, 0xC2,
    0xD1, 0xD7, 0xE1, 0x57, 0x60, 0xAC, 0x06, 0xD7, 0xB9, 0x54, 0x44, 0x57, 0x58, 0xB7, 0x86, 0xA5,
    0x2A, 0xC2, 0x12, 0xBF, 0xFE, 0x7E, 0x75, 0xB8, 0xAA, 0x13, 0xA4, 0x19, 0x4F, 0x27, 0xF6, 0x47,
    0x0A, 0x23, 0xCB, 0xAE, 0x35, 0x6D, 0x01, 0xF7, 0xB6, 0xAD, 0x07, 0x0D, 0x49, 0x22, 0xB7, 0xFE,
    0x8B, 0x9E, 0xDC, 0xA6, 0x51, 0x50, 0x28, 0x56, 0xD7, 0x89, 0x81, 0xF2, 0x24, 0xBC, 0x9E, 0x36,
    0xD2, 0x32, 0xBB, 0xB9, 0x80, 0xD6, 0xC2, 0xC4, 0xD9, 0x20, 0xFD, 0x0B, 0xE8, 0x0A, 0xB2, 0x25,
    0xCE, 0x96, 0xD9, 0x89, 0xC0, 0x28, 0xFE, 0xBD, 0x1C, 0x1C, 0x39, 0x0E, 0x16, 0xE6, 0xC6, 0xD3,
    0xF9, 0xAF, 0xF4, 0x24, 0x82, 0x03, 0xCE, 0x82, 0xA4, 0x38, 0xDC, 0x49, 0x90, 0x94, 0x9D, 0xA3,
    0x58, 0x53, 0x05, 0x19, 0x21, 0x0C, 0x49, 0x9F, 0x97, 0x41, 0x3A, 0x57, 0xF8, 0x10, 0xFB, 0xD3,
    0x86, 0xB3, 0x24, 0x7A, 0xB2, 0xBE, 0x02, 0x35, 0x2B, 0xAF, 0xFD, 0xA3, 0xA0, 0x0A, 0x3E, 0x55,
    0x74, 0x33, 0x56, 0x44, 0x41, 0x03, 0x47, 0x1C, 0xDE, 0xAC, 0xF7, 0x02, 0xFB, 0x6A, 0x05, 0x73,
    0x66, 0x0A, 0xFE, 0x8C, 0xC7, 0x62, 0xA4, 0x1A, 0xF0, 0xDC, 0x4A, 0x88, 0xA7, 0x33, 0xFB, 0x5F,
    0x9D, 0x73, 0x6B, 0x95, 0x01, 0xE5, 0xFB, 0x2C, 0xC3, 0x68, 0xB5, 0x6A, 0xED, 0x03, 0x22, 0x03,
    0x62, 0x3A, 0xAB, 0xA5, 0x9C, 0x9A, 0x83, 0xED, 0x49, 0x97, 0xD5, 0x55, 0x7D, 0x2D, 0x78, 0x01,
    0x10, 0x89, 0x55, 0x1E, 0xC9, 0xBA, 0xA4, 0x8B, 0xDA, 0x1C, 0x29, 0xE4, 0x8C, 0xC0, 0x8D, 0x65,
    0x50, 0x2D, 0x7A, 0x3D, 0x28, 0xBE, 0xAB, 0xAA, 0xFC, 0xA0, 0x00, 0xF3, 0xB1, 0x9D, 0x2B, 0xBF,
    0x4E, 0xEA, 0x6B, 0xB7, 0xE9, 0xB3, 0x59, 0x1A, 0xA5, 0xDC, 0xCE, 0x93, 0xFA, 0x98, 0x2F, 0x23,
    0xF2, 0xA7, 0x3D, 0x1B, 0x5F, 0x9A, 0x4C, 0x6D, 0x44, 0x66, 0x49, 0xE0, 0x04, 0x19, 0xF5, 0xFC,
    0xF8, 0x43, 0x17, 0x04, 0x0F, 0xB3, 0xE8, 0xF2, 0x37, 0xF0, 0x8E, 0xF7, 0x07, 0x9F, 0x01, 0xFF,
    0xBB, 0xC1, 0x3F, 0x0F, 0x3E, 0xB2, 0xE7, 0x3F, 0x6C, 0x99, 0x27, 0x59, 0x5B, 0x82, 0x2F, 0xD4,
    0x11, 0x2C, 0x67, 0x29, 0xD5, 0x73, 0xBC, 0x93, 0xE2, 0x30, 0xBD, 0x6A, 0xAF, 0xC3, 0xF7, 0xBA,
    0x2B, 0xCF, 0x93, 0x94, 0xAF, 0x1F, 0x05, 0xBA, 0x92, 0x7C, 0x85, 0x56, 0xDF, 0xC3, 0xAA, 0x9E,
    0xE9, 0x7B, 0xF0, 0x15, 0x86, 0xE3, 0xF7, 0xF8, 0x2F, 0xA7, 0x1F, 0x9B, 0x7C, 0xF2, 0xC1, 0xF3,
    0xB2, 0xF8, 0x25, 0x38, 0xBC, 0xFD, 0xDA, 0x6D, 0xCA, 0x0D, 0xF9, 0x75, 0x62, 0x48, 0xD4, 0x79,
    0x3E, 0x3E, 0xA5, 0x8C, 0x4D, 0xE6, 0x79, 0x5F, 0x9B, 0xEA, 0x00, 0x5E, 0x28, 0xE5, 0x58, 0x0C,
    0xFB, 0x58, 0x90, 0xC9, 0x3F, 0xC4, 0xA2, 0xA7, 0xB4, 0xBE, 0x4A, 0x46, 0x07, 0xF9, 0xBC, 0x3C,
    0xCB, 0x86, 0xF7, 0x75, 0x74, 0x64, 0xE7, 0x1F, 0xFD, 0x12, 0x5F, 0xE6, 0x23, 0x99, 0x7D, 0x4A,
    0x16, 0x99, 0xEA, 0x75, 0xE3, 0x8B, 0x03, 0x66, 0x2A, 0xD9, 0xD6, 0xB7, 0x77, 0xCC, 0x03, 0xC6,
    0x30, 0x3E, 0xBC, 0xD8, 0x05, 0x41, 0x49, 0x9E, 0xCC, 0x47, 0xFA, 0xFC, 0x33, 0xAE, 0x4A, 0xE7,
    0xDB, 0x1B, 0x64, 0x83, 0xBF, 0x73, 0x36, 0x83, 0x99, 0xBB, 0xBE, 0xF2, 0x61, 0x67, 0x7F, 0x24,
    0xED, 0x09, 0xC2, 0xC6, 0xA5, 0xFE, 0xE2, 0xC6, 0xED, 0xAC, 0xD1, 0xB0, 0xB3, 0x46, 0x7F, 0x64,
    0x7C, 0x61, 0x74, 0xCD, 0x9F, 0x3B, 0x51, 0x45, 0xF9, 0xB4, 0x87, 0x07, 0xF3, 0x60, 0x2F, 0x9A,
    0x3A, 0x1A, 0xDE, 0x80, 0x55, 0x72, 0xC3, 0x24, 0xF6, 0x26, 0x5F, 0x7C, 0x16, 0x0F, 0x3D, 0xAB,
    0xEB, 0xC7, 0x02, 0x41, 0xD4, 0x61, 0x96, 0x73, 0x33, 0x73, 0xEA, 0x32, 0x43, 0x20, 0x08, 0x0F,
    0x25, 0xE1, 0x1D, 0xC9, 0x07, 0x4A, 0x6F, 0x8B, 0xB9, 0x51, 0x6D, 0xF0, 0x53, 0x66, 0x4E, 0x6B,
    0xEE, 0xF0, 0x9A, 0xF0, 0x60, 0x71, 0xB7, 0xF1, 0x3B, 0x16, 0xDF, 0x92, 0xBD, 0x62, 0xA5, 0x55,
    0x2B, 0xAB, 0xA0, 0xFC, 0xC8, 0x64, 0x97, 0xB8, 0xD8, 0x19, 0x93, 0xB5, 0xBC, 0xCE, 0x2D, 0x7A,
    0x79, 0xC6, 0x8B, 0x4D, 0x3C, 0x05, 0x72, 0x2B, 0x54, 0xA2, 0xC2, 0x61, 0xCC, 0x2D, 0x45, 0x60,
    0x87, 0xED, 0x0B, 0x1A, 0xB3, 0x91, 0x91, 0xD5, 0x9F, 0x1B, 0x16, 0x61, 0x9B, 0x34, 0xA8, 0x43,
    0xBC, 0x0B, 0x3A, 0x72, 0xC6, 0xC4, 0xFD, 0x49, 0xD5, 0xF2, 0xBA, 0xE4, 0x95, 0x47, 0x8C, 0x12,
    0x91, 0x3A, 0x79, 0x7D, 0xDE, 0xBC, 0x10, 0x04, 0x2E, 0x48, 0xB4, 0xD9, 0x40, 0x32, 0x21, 0x38,
    0x2D, 0x5E, 0xC2, 0x17, 0xF1, 0xD5, 0x9C, 0x3A, 0x15, 0x94, 0x35, 0xAA, 0xD7, 0xE8, 0xAD, 0xAF,
    0x51, 0xB8, 0x2A, 0xF6, 0x61, 0x75, 0xF0, 0x68, 0xD0, 0xA9, 0x71, 0x6B, 0x1A, 0x70, 0xCA, 0x38,
    0x7C, 0xFA, 0x2F, 0xEC, 0xFF, 0x35, 0xC0, 0x75, 0xC4, 0x28, 0x80, 0x11, 0x22, 0x1D, 0x13, 0x44,
    0xE3, 0x4F, 0x5F, 0xAC, 0x86, 0xFB, 0x2A, 0x1C, 0x4D, 0x83, 0xC6, 0x71, 0x0F, 0x1A, 0x56, 0xE3,
    0x82, 0xC7, 0x82, 0xF0, 0x89, 0xCE, 0x7F, 0x6D, 0x5E, 0xFA, 0xEF, 0x5C, 0x78, 0x55, 0xF5, 0xB7,
    0xF6, 0xC4, 0xC1, 0xE5, 0xF3, 0xC3, 0xDB, 0xF6, 0xEF, 0xA2, 0x01, 0xF0, 0x80, 0x2C, 0x97, 0x59,
    0x8B, 0xE8, 0xE8, 0x5C, 0x93, 0x1B, 0x8F, 0xFB, 0xFE, 0x5D, 0xB7, 0x7A, 0xB9, 0xFC, 0xC8, 0x98,
    0xAF, 0x64, 0xEB, 0x77, 0x13, 0x56, 0x39, 0x61, 0x95, 0x96, 0x99, 0xE1, 0x3D, 0x16, 0xD9, 0x53,
    0x4C, 0xDB, 0x71, 0xF6, 0x69, 0xDF, 0xD5, 0xC4, 0x4E, 0x14, 0x1B, 0xB9, 0x71, 0x41, 0x3A, 0x16,
    0xBB, 0x39, 0xAE, 0xD8, 0x78, 0x1B, 0xFB, 0xC4, 0x1D, 0xBD, 0x5B, 0x73, 0xF4, 0x6E, 0x8A, 0xF9,
    0xFF, 0x27, 0x39, 0xFC, 0xD1, 0x7B, 0x05, 0x6E, 0x3F, 0xFF, 0x37, 0xFA, 0x62, 0x7D, 0x2A, 0x97,
    0x05, 0x81, 0x10, 0x3E, 0x2D, 0x2B, 0xE5, 0xA0, 0x6B, 0x60, 0x69, 0x59, 0x7F, 0x2C, 0x03, 0xD3,
    0xB2, 0x2A, 0xA6, 0x65, 0x51, 0x9D, 0xDE, 0x60, 0x10, 0x08, 0x7D, 0x15, 0x73, 0x23, 0x6A, 0xDD,
    0xC5, 0xF4, 0x49, 0x60, 0x73, 0xF5, 0x7D, 0x34, 0x4C, 0x9D, 0x48, 0x3A, 0x90, 0x8D, 0x12, 0x40,
    0x7C, 0xAC, 0x89, 0xF8, 0x93, 0x47, 0xD5, 0x19, 0xF8, 0xDF, 0x5E, 0x51, 0x8F, 0xE9, 0xA3, 0x6F,
    0x29, 0xB4, 0xF3, 0xA7, 0xDB, 0xAA, 0x64, 0x9D, 0x12, 0x03, 0x39, 0xCE, 0x71, 0x99, 0x3E, 0x67,
    0x01, 0x50, 0xA7, 0x19, 0x81, 0x02, 0x02, 0xF5, 0xA0, 0x18, 0x52, 0x69, 0x48, 0xCC, 0x3A, 0x11,
    0x89, 0x71, 0x61, 0x5D, 0x90, 0xCA, 0x94, 0xCE, 0xE7, 0x1B, 0x38, 0xCD, 0x5C, 0x06, 0x19, 0x6C,
    0xD3, 0xC5, 0xCA, 0xF7, 0x64, 0x62, 0xB8, 0x8B, 0xE5, 0xC5, 0x2F, 0xBE, 0x18, 0x4C, 0x36, 0xF9,
    0x24, 0x72, 0x0D, 0x04, 0x66, 0x36, 0xED, 0x73, 0xF8, 0x3B, 0xBB, 0xB7, 0xD5, 0x17, 0xD5, 0x08,
    0x62, 0xE1, 0x8A, 0x89, 0xC5, 0xD0, 0x74, 0x6C, 0x51, 0x7B, 0xFC, 0xDF, 0xF5, 0x6A, 0x10, 0x3A,
    0x1D, 0x1F, 0xB3, 0xF0, 0x1E, 0x4B, 0x22, 0xD7, 0x31, 0xB7, 0x86, 0x6E, 0xA3, 0x8E, 0xC3, 0xEA,
    0xB0, 0xB4, 0x73, 0x32, 0x21, 0x49, 0x49, 0x8A, 0x7A, 0xDB, 0x62, 0x23, 0x07, 0xD1, 0xA0, 0x1C,
    0x0D, 0xF4, 0xAE, 0xDE, 0xB7, 0xCE, 0x2B, 0xE5, 0x77, 0xE5, 0x93, 0xF2, 0x95, 0x6F, 0x4F, 0xAD,
    0xF3, 0x9A, 0x2E, 0xEF, 0x5B, 0x92, 0xB7, 0x7A, 0xCF, 0x35, 0x61, 0xC7, 0x9A, 0x93, 0x3E, 0xB0,
    0x81, 0x07, 0x3A, 0x37, 0x2E, 0x9A, 0xC4, 0x59, 0xAF, 0xC1, 0x14, 0x39, 0xDD, 0xF3, 0x37, 0xF6,
    0xCB, 0x55, 0x56, 0x42, 0xF4, 0x81, 0x0D, 0xEE, 0x95, 0xEA, 0x34, 0x66, 0x2B, 0xEA, 0x2A, 0xE5,
    0x24, 0x98, 0x3E, 0xFC, 0x3A, 0x60, 0xA6, 0x5E, 0xFF, 0x48, 0xCA, 0x26, 0x3A, 0x89, 0x91, 0x56,
    0xA7, 0x6F, 0xAF, 0xBE, 0xED, 0xF4, 0xF1, 0x4D, 0xB8, 0xEE, 0x24, 0xFD, 0xA9, 0xD3, 0x37, 0xAF,
    0xA7, 0xEF, 0x43, 0x8A, 0xB4, 0x2A, 0xF4, 0xA2, 0x43, 0x50, 0x4D, 0xA1, 0x0A, 0xE9, 0x55, 0xFC,
    0x6F, 0xAF, 0xE2, 0xED, 0xAF, 0xE2, 0xA5, 0xEF, 0xF3, 0xA9, 0x43, 0xA8, 0xEB, 0xC4, 0xE1, 0x96,
    0xCC, 0xC4, 0x60, 0x35, 0x7D, 0x3E, 0x5B, 0xE4, 0x2E, 0xCC, 0x12, 0x85, 0xEC, 0x8D, 0x03, 0xBE,
    0x3F, 0x5D, 0xF0, 0xDA, 0x19, 0xC8, 0x6A, 0xF1, 0xAB, 0x2A, 0xE2, 0x0D, 0xF4, 0x0F, 0xE7, 0x20,
    0x7A, 0x3A, 0x62, 0x07, 0x21, 0x61, 0xBB, 0x3E, 0x54, 0x6F, 0x50, 0x22, 0x5A, 0x49, 0x98, 0xE7,
    0x62, 0xD7, 0x88, 0xA6, 0x21, 0x32, 0x01, 0x75, 0xED, 0xD4, 0x78, 0x88, 0x8A, 0x26, 0x16, 0x71,
    0x62, 0xA7, 0x7E, 0x19, 0x29, 0x72, 0xD5, 0xB1, 0xB2, 0xB8, 0xB5, 0x38, 0xD4, 0x17, 0xF3, 0x25,
    0x71, 0x6C, 0xE3, 0xD3, 0x21, 0x14, 0x17, 0x03, 0xA1, 0xDE, 0x38, 0x94, 0xFF, 0x70, 0x30, 0x0B,
    0x0E, 0x76, 0xA7, 0xF4, 0xBF, 0x3E, 0xC6, 0x83, 0x40, 0xCF, 0x01, 0x8D, 0x7D, 0xC4, 0x2E, 0x32,
    0xAA, 0x83, 0x5E, 0x91, 0xCC, 0x1C, 0x43, 0xA1, 0x03, 0x02, 0xB5, 0x14, 0x0F, 0x6F, 0xDC, 0x09,
    0xF1, 0xDC, 0x20, 0xC8, 0x25, 0x47, 0x55, 0x8F, 0x02, 0x67, 0x68, 0xD5, 0x62, 0x72, 0x6E, 0x00,
    0x83, 0x11, 0xE9, 0x08, 0xEC, 0xAB, 0x03, 0x00, 0x8A, 0xBF, 0xA7, 0x6E, 0x11, 0x66, 0x66, 0xE6,
    0x52, 0xAA, 0x75, 0x90, 0xC9, 0xCF, 0x02, 0x01, 0xFF, 0x4B, 0xC5, 0x71, 0x36, 0x37, 0xAB, 0x20,
    0x88, 0xEA, 0x4B, 0x80, 0x6A, 0xE3, 0x5E, 0x6D, 0xC1, 0xF3, 0xC0, 0x3F, 0xAC, 0x5E, 0x64, 0xAE,
    0xD1, 0x03, 0x66, 0x36, 0x01, 0xC3, 0x30, 0x03, 0x2D, 0x45, 0xD2, 0xE5, 0x48, 0x1E, 0xC9, 0xFC,
    0xAA, 0xA1, 0xAA, 0xA4, 0x00, 0xF2, 0xC9, 0x6F, 0x86, 0xC2, 0x1D, 0x97, 0x8D, 0x5D, 0x9A, 0xC3,
    0xC5, 0xCF, 0x97, 0xCD, 0x21, 0x64, 0x46, 0xDE, 0x35, 0xA9, 0x8D, 0xA5, 0xA5, 0x07, 0x9A, 0x4B,
    0xA2, 0xD0, 0x22, 0xF1, 0x49, 0xC6, 0x48, 0x12, 0x32, 0x08, 0xA5, 0xE6, 0x26, 0x83, 0xD3, 0x90,
    0x81, 0xCD, 0x16, 0x55, 0x5C, 0x72, 0x63, 0xD2, 0x92, 0xFC, 0xB6, 0x57, 0x65, 0x60, 0x4C, 0xC0,
    0xAA, 0x39, 0x48, 0x34, 0x19, 0x93, 0x6A, 0x83, 0x25, 0x65, 0xC5, 0x2F, 0xD6, 0xFC, 0xAD, 0x20,
    0x4A, 0x4B, 0x60, 0xC5, 0xF8, 0xDB, 0xF5, 0x45, 0x92, 0x8F, 0x94, 0x9E, 0xAF, 0x4E, 0xB1, 0x66,
    0xCF, 0xAF, 0x2D, 0xDB, 0xD3, 0xAC, 0xDC, 0x7D, 0x3B, 0x7D, 0x4A, 0xC6, 0x4F, 0x65, 0x03, 0x6F,
    0xF3, 0x0D, 0xA2, 0xB9, 0x9C, 0xA2, 0xC3, 0xE1, 0xE1, 0x45, 0xD1, 0xB8, 0x26, 0x44, 0x81, 0x75,
    0x91, 0x20, 0xE0, 0x70, 0xDA, 0x48, 0xB0, 0x51, 0xFC, 0xB0, 0xCB, 0x06, 0xC5, 0x72, 0x42, 0xF0,
    0x85, 0x63, 0xFC, 0x9D, 0xB4, 0x4D, 0xDB, 0xF4, 0xC1, 0x01, 0x79, 0xFC, 0x1F, 0x38, 0xE5, 0x9F,
    0x36, 0x3E, 0x14, 0x3F, 0xFF, 0xA8, 0xD7, 0xF0, 0xA6, 0x94, 0xC6, 0x7F, 0x59, 0x22, 0xE3, 0x23,
    0x89, 0x8C, 0x3F, 0x1B, 0xC4, 0x4B, 0xB4, 0x90, 0xAF, 0x4A, 0x04, 0x68, 0x51, 0x51, 0xA5, 0xCC,
    0x86, 0x44, 0x5D, 0x30, 0x2D, 0xC3, 0x1F, 0x27, 0x64, 0xD5, 0xA0, 0x00, 0x05, 0xAB, 0xE7, 0x2C,
    0x4D, 0x8B, 0x84, 0xFA, 0x20, 0xD5, 0xB0, 0x2A, 0x1C, 0x48, 0x1D, 0x3F, 0x11, 0x7F, 0xD3, 0xE3,
    0xF6, 0xE9, 0xD9, 0x29, 0x73, 0xF8, 0x94, 0x67, 0xF9, 0x59, 0xB7, 0x58, 0xA0, 0x0F, 0x5C, 0xDC,
    0x8D, 0xAB, 0x74, 0x64, 0x78, 0xC9, 0x5F, 0xDF, 0x77, 0x7D, 0x7C, 0x97, 0xA5, 0xF0, 0x66, 0x8B,
    0xD6, 0xFF, 0x63, 0x16, 0x67, 0xAF, 0xF6, 0x64, 0xAB, 0x16, 0x66, 0x0B, 0x3E, 0xA9, 0x31, 0x52,
    0xDF, 0x6C, 0x7F, 0x34, 0x09, 0xBA, 0xB8, 0x80, 0xB3, 0x1A, 0x3B, 0xB5, 0x56, 0xF7, 0x1E, 0xFD,
    0xA1, 0xA7, 0xD2, 0xE7, 0x6D, 0xBE, 0x4C, 0xC7, 0xAA, 0xC4, 0xD8, 0x68, 0xF0, 0xA6, 0x02, 0x4D,
    0xEA, 0xC9, 0x5A, 0x00, 0xCF, 0x29, 0xAA, 0xAB, 0x2A, 0x2B, 0xEC, 0x1A, 0x6C, 0x45, 0x25, 0x39,
    0xD6, 0xDE, 0xC9, 0xA0, 0xE3, 0x7D, 0x55, 0xBB, 0x4A, 0x60, 0xB1, 0xE7, 0x0F, 0xFF, 0xC4, 0xB6,
    0xA4, 0xE6, 0x10, 0x36, 0x56, 0x8D, 0x6C, 0x24, 0x54, 0x0B, 0x54, 0x1F, 0xEB, 0xB5, 0x20, 0x67,
    0x32, 0x1F, 0xBD, 0xC2, 0x0F, 0x5C, 0x59, 0xCC, 0x86, 0xF8, 0xBC, 0x5E, 0x8D, 0xB8, 0x92, 0xFA,
    0xAE, 0xD2, 0x35, 0x18, 0xA4, 0x54, 0xA9, 0x81, 0x9D, 0xEE, 0x62, 0xA1, 0x3B, 0x84, 0xB1, 0x4C,
    0xB1, 0xB3, 0x40, 0x1C, 0x5B, 0x91, 0x65, 0x3B, 0x7C, 0x59, 0x81, 0xC3, 0xC9, 0xE3, 0xF6, 0xDB,
    0x48, 0xFB, 0x9C, 0xF7, 0xAB, 0xD0, 0x22, 0x12, 0x63, 0x99, 0xD8, 0x67, 0xFB, 0x2F, 0x46, 0x3D,
    0x1C, 0x8A, 0x80, 0xF6, 0xE0, 0xD6, 0x39, 0x6F, 0xF1, 0x65, 0x91, 0x53, 0xDA, 0xC5, 0x96, 0x43,
    0x9B, 0xDA, 0xAC, 0x9E, 0x0F, 0x48, 0xE9, 0x56, 0x92, 0x37, 0x0D, 0xBB, 0x15, 0x8B, 0x3C, 0x6B,
    0xA4, 0x54, 0xAA, 0x3B, 0x3B, 0x73, 0xDE, 0xF4, 0xAC, 0x32, 0x10, 0x8C, 0x61, 0xE5, 0x2C, 0x21,
    0x4B, 0x5A, 0x59, 0x0F, 0xE5, 0x62, 0x06, 0x1D, 0x68, 0x66, 0xE9, 0xF6, 0xC8, 0xFD, 0x21, 0xD5,
    0xBA, 0xE0, 0xD8, 0x57, 0x16, 0xDA, 0x25, 0xCD, 0x6C, 0xDF, 0x36, 0x91, 0xC6, 0x4A, 0xBD, 0xB7,
    0x6F, 0x33, 0x90, 0x86, 0x46, 0x37, 0x6E, 0x45, 0xAD, 0x1A, 0x75, 0x99, 0x0A, 0xFC, 0x9A, 0xC0,
    0xEE, 0x45, 0x6B, 0xB5, 0xE9, 0x98, 0x76, 0x13, 0x1C, 0x60, 0xC1, 0x9F, 0x1D, 0x8D, 0x97, 0x30,
    0x01, 0x3F, 0xD5, 0xF0, 0xBA, 0x57, 0xFA, 0x40, 0x0B, 0x68, 0x51, 0xF0, 0x74, 0xD4, 0xD2, 0xB9,
    0xCC, 0xE7, 0xD0, 0x86, 0x05, 0xB2, 0xB1, 0x96, 0xB2, 0x3D, 0x0E, 0x46, 0xE6, 0x2A, 0x34, 0x4C,
    0xA3, 0xA3, 0x6D, 0xAA, 0xD5, 0x5C, 0x38, 0x1F, 0xDB, 0x3B, 0xB3, 0x8E, 0x0C, 0x77, 0x20, 0x70,
    0xA2, 0x91, 0x78, 0xDF, 0x63, 0x56, 0xCA, 0x44, 0xB0, 0x4E, 0xB5, 0xAC, 0xB4, 0xC8, 0x9D, 0xBD,
    0xD9, 0x98, 0x42, 0x5B, 0x78, 0x2D, 0x25, 0x8E, 0x10, 0x46, 0x64, 0xE2, 0xFC, 0xD0, 0xC2, 0x50,
    0xDD, 0x17, 0xC9, 0xF0, 0xE4, 0x68, 0xDE, 0x2E, 0x29, 0xCA, 0xF2, 0x5A, 0xFB, 0x4D, 0x32, 0x3F,
    0x6F, 0x0D, 0x8C, 0xFD, 0xF1, 0xB7, 0x2C, 0x67, 0xE5, 0xC7, 0xFF, 0xC6, 0x8E, 0xFE, 0x9F, 0x5C,
    0x04, 0xC5, 0xA7, 0xCE, 0xC6, 0xC8, 0xD6, 0x1C, 0x68, 0xA4, 0xE7, 0x52, 0x9F, 0x13, 0x47, 0x53,
    0xE9, 0x61, 0xEB, 0x79, 0x33, 0x3F, 0x5C, 0x58, 0x19, 0xBE, 0x6F, 0xE4, 0x56, 0x75, 0xE9, 0x85,
    0xCC, 0x92, 0xC3, 0x1E, 0x4B, 0xE5, 0x38, 0xBC, 0xA0, 0xA6, 0x0A, 0x50, 0x34, 0xE0, 0x45, 0xE4,
    0xDD, 0x1D, 0x93, 0x32, 0x18, 0x28, 0x2C, 0xA2, 0xB0, 0x70, 0x4B, 0x5D, 0x66, 0xC2, 0x08, 0xD6,
    0x69, 0x43, 0x27, 0x4B, 0x2A, 0xAD, 0x46, 0x96, 0x92, 0xCC, 0xE9, 0x11, 0x79, 0xED, 0xCF, 0x5D,
    0x82, 0x8F, 0xFB, 0xB1, 0xFE, 0x5D, 0x3F, 0xFF, 0x7E, 0xA9, 0xDF, 0xF3, 0xA2, 0xBE, 0xFB, 0x2F,
    0x06, 0x25, 0x32, 0x93, 0xD0, 0x10, 0xCD, 0xE9, 0xF4, 0xFD, 0x22, 0x1D, 0xD6, 0x0F, 0x57, 0x83,
    0x7E, 0x0A, 0xB6, 0x1A, 0x26, 0x73, 0xAA, 0x2B, 0x93, 0xD1, 0xAF, 0x2C, 0x72, 0xAE, 0x8B, 0xA0,
    0x6E, 0x50, 0x93, 0xA8, 0xFB, 0x54, 0xB1, 0x9C, 0x29, 0x96, 0xA3, 0x62, 0xCD, 0xA6, 0x58, 0x03,
    0x14, 0x0B, 0x97, 0xBE, 0x12, 0x8A, 0x85, 0x6F, 0x81, 0x62, 0x7D, 0x5D, 0x0E, 0x6B, 0x2A, 0x56,
    0x1B, 0x39, 0xD2, 0x95, 0x62, 0xD5, 0xA6, 0x58, 0xA5, 0x29, 0xD6, 0x95, 0xDB, 0x2B, 0xD6, 0x62,
    0x8A, 0x35, 0x9B, 0x62, 0x4D, 0xA6, 0x58, 0x93, 0x29, 0xD6, 0x68, 0x8A, 0x35, 0x98, 0x62, 0x0D,
    0xA6, 0x58, 0xCE, 0x14, 0xCB, 0x99, 0x62, 0x0D, 0x5B, 0xC5, 0x6A, 0x8F, 0x15, 0x0B, 0x11, 0x0A,
    0x97, 0x2F, 0x97, 0x7A, 0x30, 0x61, 0x6C, 0xD6, 0xFD, 0xB4, 0xF7, 0xAE, 0xC8, 0x8F, 0xB6, 0xAF,
    0x74, 0xA6, 0x9A, 0x1F, 0xB7, 0xFE, 0xCC, 0x3A, 0x47, 0xAC, 0x27, 0x85, 0xF3, 0x5B, 0x15, 0xA9,
    0xD9, 0x55, 0xA4, 0xEE, 0x2E, 0x2A, 0x52, 0x58, 0xD2, 0xB8, 0x8E, 0x67, 0xD6, 0x6F, 0x83, 0x62,
    0xA4, 0x87, 0x57, 0xE4, 0x20, 0x10, 0x61, 0x45, 0xB9, 0x68, 0xAC, 0x82, 0x1C, 0x4E, 0xD1, 0xA4,
    0x7B, 0x38, 0x28, 0xB4, 0x9E, 0x4E, 0x09, 0xEB, 0xA0, 0x98, 0xD4, 0x44, 0xF8, 0x3D, 0x9A, 0xE4,
    0xBC, 0x18, 0x85, 0x5B, 0x67, 0x05, 0x43, 0x92, 0x98, 0xE1, 0x45, 0x26, 0x0F, 0xC8, 0x1C, 0x5A,
    0x30, 0x01, 0xC5, 0x89, 0x27, 0x77, 0x67, 0x7B, 0xA2, 0x38, 0x63, 0x74, 0x0D, 0xB4, 0x34, 0xD9,
    0x44, 0xA6, 0x2C, 0xAC, 0x0A, 0x28, 0x97, 0xC1, 0xC0, 0x15, 0x63, 0x78, 0x98, 0x2C, 0x04, 0xA7,
    0x69, 0x4E, 0xAB, 0x7B, 0x64, 0xD1, 0x0D, 0x90, 0x9B, 0xB8, 0x46, 0x5F, 0x81, 0x41, 0x17, 0x1C,
    0x3E, 0x5A, 0xAB, 0xC4, 0x4A, 0xD6, 0xC8, 0xAC, 0x1F, 0xDE, 0xE5, 0x93, 0x7E, 0x77, 0x89, 0x94,
    0x82, 0x22, 0xC8, 0x11, 0xA3, 0xDC, 0x7E, 0x01, 0x1F, 0x3B, 0xE4, 0x25, 0x74, 0xA9, 0x72, 0x97,
    0x02, 0xEE, 0x0A, 0x23, 0x08, 0x2A, 0x04, 0x91, 0xCA, 0x68, 0x54, 0xF8, 0x75, 0x2F, 0x8B, 0x89,
    0xA7, 0x9D, 0xBB, 0xB5, 0x38, 0x52, 0xD5, 0x79, 0xD6, 0xA5, 0xF3, 0xDF, 0x93, 0xF0, 0x2B, 0x18,
    0x08, 0x3B, 0xE8, 0xD5, 0x2E, 0xE4, 0x05, 0x8E, 0xEA, 0xF2, 0xC1, 0x80, 0xBE, 0x75, 0x0F, 0x25,
    0x0C, 0x5C, 0x6F, 0x2B, 0xAB, 0xAC, 0x2F, 0x46, 0xC6, 0xB2, 0xF6, 0xC9, 0xC4, 0xBC, 0x2B, 0x9D,
    0x08, 0x7D, 0xD7, 0x39, 0x5E, 0xF7, 0x50, 0xB2, 0x9C, 0x7E, 0xFE, 0x94, 0x9F, 0xDE, 0x43, 0x89,
    0x40, 0xDF, 0x78, 0xA7, 0x40, 0x5F, 0x1B, 0x60, 0x50, 0x66, 0x65, 0xB3, 0xCA, 0x2D, 0x7D, 0x6B,
    0x0B, 0xCF, 0xAC, 0x0D, 0xD6, 0x73, 0xB7, 0x82, 0xB0, 0x39, 0xB7, 0xA0, 0x9C, 0xA9, 0xCD, 0xD0,
    0xF9, 0x86, 0x93, 0xD4, 0x18, 0x7C, 0xC3, 0x30, 0x78, 0xE9, 0x40, 0x38, 0x4B, 0xB5, 0xA5, 0xA8,
    0x7C, 0x4D, 0x27, 0x86, 0x71, 0xEF, 0x9C, 0x19, 0x06, 0x53, 0x59, 0xD1, 0x23, 0x2B, 0x79, 0x64,
    0x81, 0xCA, 0x41, 0x4E, 0x52, 0x18, 0xC1, 0xF9, 0x7B, 0x25, 0xA8, 0xD4, 0x5E, 0xA4, 0x07, 0x72,
    0xA1, 0xC5, 0x68, 0xEF, 0x78, 0x95, 0xE4, 0x44, 0x78, 0x70, 0x32, 0x60, 0xFC, 0x57, 0x74, 0xA7,
    0x5B, 0x7C, 0x81, 0x15, 0x34, 0x0A, 0x9F, 0xF4, 0xA8, 0xAF, 0x4C, 0x94, 0x06, 0xE5, 0x28, 0x0E,
    0x87, 0x57, 0x46, 0xCA, 0x83, 0x5E, 0xDF, 0x4C, 0x20, 0x22, 0x4E, 0xB6, 0xDE, 0xE6, 0x28, 0x12,
    0xCA, 0x99, 0x4C, 0x84, 0x07, 0x5E, 0x28, 0xBC, 0x54, 0x78, 0xB1, 0xF0, 0x72, 0xE1, 0x05, 0xC3,
    0x4B, 0x86, 0x17, 0x0D, 0x2F, 0x1B, 0x5E, 0x38, 0xBC, 0x74, 0x78, 0xF1, 0xD0, 0xD1, 0x38, 0x13,
    0x10, 0x2F, 0x21, 0x5E, 0x44, 0xBC, 0x8C, 0x78, 0x21, 0xF1, 0x52, 0xE2, 0xC5, 0x64, 0x9D, 0xF6,
    0xE0, 0x74, 0x85, 0x8F, 0x28, 0x97, 0x38, 0x71, 0x5C, 0xE3, 0xA8, 0xE7, 0x22, 0x47, 0x3D, 0x57,
    0x39, 0xEA, 0xB8, 0xCC, 0x61, 0x69, 0xEB, 0xBC, 0x5D, 0xE8, 0xED, 0x4A, 0x6F, 0x97, 0xDA, 0xD6,
    0xFA, 0x78, 0xB1, 0x6D, 0xB5, 0x8F, 0x97, 0x3B, 0xC8, 0x8D, 0x16, 0x46, 0x6D, 0xC5, 0xB9, 0xE4,
    0x73, 0xC0, 0x35, 0xEF, 0x77, 0xEA, 0xF7, 0x64, 0xBE, 0x03, 0x42, 0xEE, 0x59, 0x60, 0x0E, 0x97,
    0xD9, 0xC6, 0xDF, 0x16, 0x10, 0x9C, 0xEF, 0xBF, 0x62, 0x0B, 0xD7, 0x6D, 0x59, 0x83, 0x1C, 0x08,
    0x34, 0x92, 0xA5, 0xD0, 0x1A, 0x1E, 0xC1, 0x7B, 0xA3, 0xEF, 0xC5, 0x62, 0x2C, 0x97, 0xCA, 0x9A,
    0x94, 0x5C, 0x66, 0x03, 0xA6, 0xD2, 0x22, 0x9A, 0xB8, 0x82, 0x72, 0x45, 0x7A, 0xB2, 0x16, 0x73,
    0x45, 0x69, 0xD6, 0x05, 0xCC, 0xC8, 0xDA, 0x6F, 0x5A, 0x37, 0x09, 0x2E, 0x23, 0xFB, 0xED, 0x59,
    0x27, 0x99, 0xD8, 0xFA, 0x40, 0x88, 0xB2, 0x5C, 0x53, 0xB2, 0xA2, 0xDF, 0x03, 0x16, 0xAB, 0x1A,
    0x03, 0x4C, 0xF1, 0x2D, 0x56, 0x52, 0x29, 0x45, 0xE4, 0x25, 0xD6, 0x8F, 0xF2, 0x0B, 0xEB, 0xD9,
    0x62, 0x3E, 0x56, 0xEB, 0xCA, 0x34, 0x66, 0x3A, 0x9E, 0xAA, 0x48, 0xAB, 0x80, 0x92, 0x5D, 0x68,
    0x2C, 0xD9, 0x86, 0x3B, 0x2B, 0xC7, 0x64, 0x41, 0x1F, 0xF7, 0x56, 0xEE, 0x56, 0xA3, 0xB1, 0xC7,
    0xF7, 0x35, 0x32, 0xEA, 0x0B, 0xA9, 0x83, 0x72, 0x03, 0x0D, 0x6D, 0xFF, 0xDC, 0xC2, 0x74, 0x11,
    0x69, 0xBD, 0x45, 0x9B, 0x62, 0x56, 0xE7, 0x2A, 0x0D, 0x20, 0x51, 0x49, 0x6A, 0xAD, 0xFF, 0x81,
    0xB3, 0x74, 0xE0, 0x81, 0x0E, 0x81, 0x62, 0xDC, 0x16, 0x8C, 0xC8, 0x8D, 0x6E, 0xAB, 0xB1, 0x58,
    0x8D, 0x1E, 0x00, 0x27, 0x5B, 0xEC, 0xC4, 0xE0, 0x13, 0x7F, 0xA3, 0xE3, 0xA7, 0xA3, 0xEA, 0x0B,
    0xA5, 0xA9, 0xB6, 0xDC, 0xA6, 0xDA, 0x2E, 0xB9, 0xAD, 0x35, 0x03, 0xBE, 0xD1, 0x8C, 0x26, 0x78,
    0x86, 0x56, 0xDD, 0x5C, 0xC5, 0xE7, 0xD7, 0xF6, 0xE5, 0x34, 0xAC, 0x6E, 0xEC, 0x81, 0x9A, 0xD0,
    0x98, 0xFA, 0xAA, 0x1C, 0xEF, 0x61, 0xCE, 0xD8, 0x65, 0x88, 0xDF, 0x7D, 0x45, 0x03, 0x2B, 0x34,
    0xE7, 0x2B, 0x15, 0x2D, 0x25, 0xA1, 0xB1, 0x90, 0x23, 0x2E, 0x5C, 0x2C, 0xDA, 0xC8, 0x4A, 0xA4,
    0x89, 0x00, 0xBB, 0x93, 0x1E, 0x74, 0xDC, 0x28, 0x60, 0xD4, 0x8C, 0x91, 0xE0, 0xFD, 0x94, 0x6A,
    0x29, 0x30, 0x46, 0xBD, 0x92, 0xA2, 0x02, 0xC8, 0x11, 0xD5, 0x2F, 0xDE, 0x48, 0xAB, 0xA8, 0x18,
    0x8E, 0xD4, 0x5A, 0x0D, 0x9A, 0xBF, 0x64, 0x06, 0x41, 0x25, 0x23, 0x4B, 0x27, 0x6E, 0x13, 0x42,
    0xA5, 0xFE, 0x5D, 0xD3, 0xDB, 0x41, 0x61, 0x2D, 0x6E, 0x9D, 0xDC, 0x34, 0x7D, 0x45, 0xF5, 0x56,
    0xFF, 0x4C, 0xAB, 0xE2, 0x5B, 0x06, 0x96, 0x0B, 0xAB, 0x85, 0xD4, 0x93, 0x19, 0xAE, 0x9D, 0x74,
    0x8A, 0x24, 0x1B, 0xF2, 0x31, 0x99, 0xD2, 0xA9, 0x18, 0x52, 0x8C, 0x2E, 0x3F, 0xA2, 0x95, 0x2B,
    0x38, 0xBA, 0x4C, 0xC7, 0x7C, 0xC4, 0x58, 0x0C, 0x18, 0xAB, 0xBE, 0x18, 0xF2, 0x01, 0xE0, 0x4E,
    0xBA, 0x60, 0xA1, 0x1F, 0x95, 0x89, 0x19, 0xEC, 0x9F, 0x09, 0x2E, 0xB2, 0x62, 0xCB, 0x3E, 0x8F,
    0xF3, 0x4F, 0x7C, 0xC4, 0xCA, 0xA6, 0xD4, 0x88, 0x95, 0xB4, 0xD4, 0xA8, 0xA9, 0x8A, 0x66, 0xFF,
    0x89, 0xC4, 0x08, 0x4A, 0x4B, 0x45, 0xD0, 0xB0, 0x28, 0xCD, 0x51, 0x4A, 0xD2, 0xED, 0x90, 0xDF,
    0x29, 0x5A, 0x7F, 0x70, 0x11, 0xAB, 0xE6, 0x73, 0x57, 0x22, 0x56, 0x62, 0xD8, 0x51, 0x19, 0x22,
    0x56, 0x04, 0xAF, 0x3C, 0x59, 0x51, 0xCC, 0xE4, 0xBA, 0xE5, 0xD9, 0xD0, 0x37, 0x16, 0xEA, 0x80,
    0x57, 0x79, 0x74, 0xA2, 0x11, 0xBF, 0xDD, 0x53, 0x6F, 0x6D, 0x45, 0x77, 0x78, 0x45, 0x2E, 0x37,
    0x6D, 0xDE, 0xC2, 0x34, 0x6B, 0x73, 0xD6, 0xF8, 0x38, 0xAF, 0xA4, 0x3E, 0x87, 0x79, 0x5F, 0xB5,
    0xA2, 0xFB, 0x40, 0xED, 0x46, 0xBC, 0x8B, 0xE2, 0x94, 0x8E, 0x74, 0xEF, 0xD9, 0xC9, 0x3A, 0xF7,
    0xAD, 0xE8, 0x48, 0xF8, 0xAB, 0xDE, 0x78, 0xD0, 0x6F, 0x26, 0x71, 0x27, 0x48, 0x4F, 0xD2, 0x91,
    0xB4, 0xC7, 0x91, 0x0B, 0x7B, 0x07, 0xB0, 0x8C, 0xAA, 0x05, 0xD8, 0x40, 0x2E, 0x6F, 0x23, 0x69,
    0x4B, 0x58, 0x09, 0xE1, 0x27, 0x8D, 0xA0, 0x14, 0x42, 0x2C, 0xFF, 0x37, 0x95, 0x32, 0xB4, 0x3A,
    0xBA, 0xE5, 0x46, 0x86, 0x6D, 0x1D, 0x5D, 0x64, 0x22, 0x29, 0xD3, 0xB2, 0x3A, 0x03, 0x7F, 0x64,
    0x41, 0x5D, 0x56, 0xE2, 0xE4, 0x8F, 0x8C, 0x99, 0x63, 0xFA, 0x8D, 0x15, 0xD4, 0x1D, 0x77, 0x13,
    0xBA, 0xE8, 0x1F, 0xE4, 0x8F, 0x60, 0x0A, 0x32, 0xE3, 0x7D, 0xFC, 0xB1, 0x92, 0xD1, 0xB6, 0x42,
    0x19, 0x75, 0x2F, 0x24, 0xC6, 0x68, 0xA1, 0x12, 0xA7, 0xBB, 0x85, 0x3B, 0x63, 0x0A, 0x83, 0x0C,
    0xDF, 0x38, 0xC6, 0x0B, 0x45, 0xA9, 0x55, 0x6E, 0x62, 0x00, 0xB9, 0xE6, 0x6A, 0x14, 0x32, 0x34,
    0x47, 0x44, 0x1B, 0xFA, 0xF5, 0xF8, 0x0A, 0xED, 0x3F, 0xC2, 0x3B, 0x45, 0x44, 0x34, 0x3E, 0xEE,
    0xD5, 0x82, 0xB4, 0x86, 0x7E, 0x79, 0xA9, 0xAB, 0xFC, 0xD4, 0x6E, 0x43, 0xBF, 0x88, 0x77, 0xCA,
    0x84, 0xD8, 0x8D, 0x02, 0x09, 0xE9, 0x52, 0x70, 0x0D, 0x2F, 0x81, 0x24, 0xBE, 0x93, 0xDF, 0x7B,
    0xBB, 0xA7, 0x56, 0x6B, 0x9F, 0xF9, 0x6E, 0x84, 0xDC, 0x3A, 0x48, 0xA6, 0xE3, 0xCB, 0x7E, 0x81,
    0x3A, 0xD9, 0x28, 0xA1, 0x6A, 0xA5, 0xA9, 0x79, 0x4E, 0x55, 0x40, 0xC2, 0x00, 0xC6, 0x21, 0x1A,
    0xA3, 0xC4, 0x58, 0x30, 0x68, 0x5A, 0xC1, 0xAE, 0x4B, 0x7A, 0x6A, 0x6B, 0xE8, 0x76, 0xA8, 0x59,
    0xB6, 0x78, 0x7D, 0xC2, 0xDF, 0x85, 0x26, 0x93, 0x20, 0x7A, 0x1D, 0x23, 0x43, 0xB3, 0x19, 0x88,
    0xD5, 0xE9, 0xC8, 0x2F, 0xD3, 0x37, 0x7B, 0xEF, 0x7A, 0xD1, 0x3A, 0x36, 0xBE, 0x6A, 0x34, 0x1B,
    0xE4, 0x7D, 0x7C, 0x13, 0xDE, 0x99, 0x29, 0x36, 0x90, 0xB8, 0xDF, 0xB8, 0x09, 0x2F, 0x60, 0x27,
    0xE9, 0xF8, 0x41, 0x26, 0x5C, 0x37, 0xC7, 0x8D, 0x40, 0x3D, 0x35, 0x98, 0x94, 0xFD, 0x00, 0x9B,
    0xEB, 0xDC, 0x55, 0x2A, 0xAB, 0x78, 0x30, 0x33, 0x9C, 0x74, 0x33, 0x70, 0xAA, 0x92, 0x4E, 0x29,
    0x7D, 0x20, 0xA1, 0x55, 0x29, 0x0E, 0xE4, 0xE6, 0xA8, 0xD4, 0x70, 0x2D, 0x4C, 0x84, 0x37, 0xD8,
    0xBC, 0x53, 0xEA, 0x38, 0x2C, 0xA8, 0x21, 0xDD, 0xBC, 0x63, 0x38, 0xD8, 0x4F, 0xB7, 0xFD, 0x9D,
    0xB9, 0x32, 0xD7, 0xF8, 0xB2, 0x1B, 0x03, 0x5C, 0x92, 0xDE, 0xBA, 0x55, 0xD7, 0x5C, 0x82, 0x86,
    0x6F, 0xB6, 0xC1, 0xE9, 0x88, 0x93, 0x49, 0x9C, 0x22, 0x1F, 0xA4, 0xD3, 0x9D, 0x21, 0x9A, 0x6B,
    0x24, 0x33, 0x72, 0xEB, 0x78, 0x2D, 0x4C, 0x0C, 0xD0, 0x1C, 0x9A, 0xF9, 0x65, 0xAE, 0x78, 0xF7,
    0x53, 0x6A, 0xEE, 0x69, 0x26, 0xD2, 0xAB, 0x4E, 0xEF, 0xFC, 0x3B, 0x35, 0x9C, 0x66, 0x2F, 0xEF,
    0x99, 0x39, 0xB8, 0x89, 0x03, 0x94, 0x5A, 0x99, 0x03, 0x51, 0x69, 0xDA, 0x9B, 0xBC, 0xD0, 0x96,
    0x58, 0x2F, 0x6A, 0x80, 0xC0, 0x71, 0xD7, 0x7B, 0x38, 0x39, 0x2C, 0xEF, 0xCA, 0xD0, 0xC6, 0xAC,
    0xF4, 0x57, 0xDA, 0x2A, 0xD8, 0xA2, 0xE9, 0x67, 0x9F, 0xE0, 0x56, 0xCF, 0x8A, 0x8B, 0x4E, 0xE1,
    0xF2, 0x92, 0x07, 0xD6, 0x58, 0xE9, 0x99, 0x05, 0xAE, 0x01, 0x77, 0xD8, 0x2C, 0x57, 0x86, 0x7F,
    0x82, 0x66, 0x85, 0x2D, 0x30, 0x8C, 0x0D, 0xE4, 0x0F, 0x56, 0x97, 0x53, 0x17, 0x63, 0x50, 0x0D,
    0xE4, 0xCE, 0x05, 0xCD, 0xA0, 0x35, 0xE3, 0xB4, 0xEF, 0x59, 0x78, 0xC0, 0x83, 0x46, 0x9C, 0x69,
    0x41, 0x68, 0x97, 0x00, 0x3B, 0x9D, 0x8C, 0x6B, 0xED, 0x1B, 0x23, 0xE5, 0xE6, 0x2D, 0x97, 0x5B,
    0xFF, 0x31, 0xDF, 0x7E, 0xCC, 0x38, 0xCB, 0xDE, 0x34, 0xCE, 0xDA, 0x90, 0x2D, 0x44, 0x2A, 0xEC,
    0x2F, 0x20, 0xF8, 0xA6, 0x5C, 0x6F, 0x12, 0x1C, 0x1A, 0xC7, 0x7F, 0x9B, 0x7F, 0x81, 0x95, 0xE2,
    0xB9, 0xB9, 0xBF, 0xFF, 0x35, 0x56, 0xA3, 0xE3, 0x83, 0x55, 0xE0, 0xE3, 0xDD, 0xC5, 0x3E, 0xE2,
    0xF2, 0x36, 0x9E, 0x97, 0xE9, 0x36, 0xDC, 0x78, 0x1B, 0x6E, 0x38, 0x59, 0x3B, 0x61, 0x4A, 0x84,
    0x34, 0x5D, 0xD0, 0xA1, 0xF3, 0x65, 0x75, 0x74, 0x46, 0xF2, 0xD2, 0x90, 0x4D, 0xC1, 0xF9, 0x48,
    0x9E, 0x1E, 0xF2, 0x29, 0x38, 0x17, 0xCB, 0x23, 0x48, 0xF9, 0xB8, 0x3F, 0x91, 0xE0, 0xB1, 0xC2,
    0x8A, 0x77, 0x10, 0x1C, 0xE5, 0x07, 0xA7, 0x33, 0x3F, 0x37, 0x33, 0x9A, 0x4F, 0xBA, 0xB7, 0x31,
    0x05, 0xAB, 0xB3, 0x9B, 0x63, 0xAB, 0x34, 0x37, 0xFB, 0xF4, 0x57, 0x4A, 0xE7, 0xE4, 0x55, 0xEB,
    0x80, 0xF6, 0x65, 0x88, 0x5E, 0x2E, 0x53, 0xC8, 0xD2, 0x33, 0x1D, 0x74, 0x4A, 0x9D, 0x50, 0x67,
    0x34, 0x52, 0xDC, 0xA4, 0x88, 0x5A, 0xE5, 0xE1, 0x12, 0x93, 0x22, 0x95, 0xA3, 0xD9, 0xBE, 0x69,
    0x52, 0x4A, 0x59, 0xA2, 0x34, 0x55, 0x7A, 0xEA, 0x2F, 0x0D, 0x09, 0x9A, 0xCC, 0x5D, 0x94, 0x9F,
    0xD9, 0x9D, 0x31, 0x56, 0x67, 0x93, 0xF5, 0xB2, 0x54, 0xC2, 0x6B, 0xA0, 0x11, 0xAB, 0xAE, 0x6D,
    0x09, 0x50, 0x41, 0x43, 0x22, 0x80, 0x4C, 0x49, 0xA4, 0x8C, 0xB5, 0x56, 0xC0, 0xA1, 0xA5, 0xC7,
    0xF3, 0x66, 0x25, 0xFF, 0x5D, 0x5A, 0x1C, 0xBB, 0xEF, 0x7B, 0xEC, 0xAD, 0xCD, 0xDD, 0x4A, 0x02,
    0xDF, 0x70, 0x1B, 0x18, 0xC8, 0x6E, 0x82, 0x72, 0x4A, 0x92, 0x90, 0xC4, 0x3D, 0xC9, 0x2A, 0xC8,
    0x84, 0xC4, 0xE6, 0x4A, 0x67, 0x51, 0x3A, 0x0D, 0xC4, 0x80, 0x15, 0xB3, 0xD1, 0x91, 0x15, 0x0D,
    0x59, 0xCF, 0x90, 0xD5, 0x0C, 0x63, 0x5F, 0xE7, 0xDA, 0x3C, 0xF8, 0x0D, 0x46, 0x91, 0x19, 0xDF,
    0x74, 0x71, 0x52, 0x23, 0xDE, 0x6F, 0xC1, 0xDE, 0xFB, 0x66, 0x42, 0xAC, 0xE5, 0x2E, 0x31, 0x8A,
    0xD7, 0xE6, 0x60, 0x7F, 0xF0, 0x3B, 0x52, 0xA4, 0x63, 0x42, 0xC0, 0x07, 0x6F, 0xFC, 0x3A, 0xC5,
    0x5E, 0xCA, 0xE3, 0x18, 0xC0, 0x33, 0x07, 0x1F, 0x45, 0x67, 0xD2, 0xE7, 0xD8, 0x99, 0xF4, 0x11,
    0xC7, 0xCE, 0xA4, 0x9B, 0xBE, 0x98, 0x94, 0x76, 0xA4, 0x8F, 0xB6, 0xEC, 0x4C, 0xFA, 0xB2, 0x25,
    0x50, 0xCB, 0x5B, 0xB7, 0xEF, 0x4C, 0x7A, 0xE1, 0x11, 0x0B, 0xBE, 0x35, 0x4B, 0xF6, 0x73, 0x86,
    0x4A, 0x3C, 0x14, 0x91, 0x9E, 0x33, 0xFA, 0xF0, 0x1D, 0x74, 0x26, 0xFD, 0x60, 0xB5, 0xDD, 0x3F,
    0xAB, 0xF0, 0xCB, 0x17, 0xB5, 0xB6, 0xFB, 0xC3, 0x2A, 0x7D, 0xF0, 0x43, 0x60, 0x2D, 0x7C, 0x6D,
    0x77, 0x96, 0x33, 0xD2, 0x4A, 0x3C, 0x1C, 0xC3, 0x5F, 0xBE, 0x5F, 0x6D, 0x77, 0x62, 0x6B, 0x5E,
    0xA8, 0x80, 0xAA, 0xAD, 0x6D, 0xF9, 0x3B, 0x0B, 0x37, 0x7A, 0x49, 0xE8, 0x63, 0xDD, 0x0A, 0xBC,
    0x22, 0x1D, 0xD7, 0x43, 0x61, 0x96, 0xA8, 0xBA, 0x4C, 0xE9, 0x44, 0x5C, 0x94, 0x64, 0x8B, 0xA9,
    0x8D, 0x12, 0xF6, 0x95, 0x33, 0x42, 0xCF, 0x09, 0x23, 0x41, 0xA0, 0xF1, 0x16, 0x09, 0xA2, 0x69,
    0x2D, 0x06, 0x88, 0x11, 0x35, 0x59, 0xE8, 0x7C, 0xD8, 0xDC, 0xEA, 0x7C, 0xE0, 0xE8, 0xCD, 0x34,
    0x6F, 0x2F, 0x20, 0x67, 0xA9, 0x18, 0xF5, 0xE8, 0x1F, 0xD4, 0x37, 0xF8, 0x0E, 0x5E, 0xB8, 0x79,
    0xF7, 0xCB, 0x80, 0x3B, 0x96, 0x10, 0xE3, 0xA4, 0x90, 0x87, 0xC6, 0x81, 0x48, 0xCF, 0xEA, 0xF0,
    0x34, 0x73, 0x76, 0x83, 0x1E, 0x4F, 0xED, 0x7D, 0xE2, 0xAB, 0xF0, 0x03, 0x16, 0x53, 0x2F, 0xD6,
    0x5C, 0x30, 0xB4, 0xC5, 0x00, 0x31, 0xFF, 0xE4, 0x72, 0xDD, 0x5C, 0x66, 0x0B, 0x2F, 0xB5, 0x4F,
    0xA8, 0xD8, 0x68, 0xEC, 0x19, 0x7D, 0xBC, 0xD2, 0xF3, 0x33, 0xB8, 0x7D, 0xE2, 0xB7, 0xCE, 0x94,
    0xC5, 0x08, 0x9A, 0xB7, 0x04, 0xC5, 0x2A, 0x88, 0x24, 0x42, 0x55, 0xBF, 0x2C, 0x9D, 0x36, 0x8F,
    0xFE, 0x96, 0xB4, 0x7B, 0x84, 0x06, 0xDF, 0xB4, 0x1A, 0xA0, 0x2C, 0xFF, 0x76, 0x41, 0xE1, 0x2F,
    0x5A, 0x29, 0xA4, 0xC1, 0x8A, 0x96, 0x27, 0xA8, 0x01, 0x4A, 0x74, 0xBE, 0xFD, 0x4B, 0x1A, 0x92,
    0xA1, 0xF5, 0x98, 0x4F, 0x40, 0xAB, 0xE3, 0x12, 0x68, 0xE6, 0x02, 0xD8, 0x2D, 0x4F, 0xEA, 0xAB,
    0xB8, 0xE5, 0xC4, 0xBD, 0x21, 0xF0, 0x56, 0xAC, 0xC9, 0x25, 0xF2, 0x40, 0xD9, 0xB4, 0xC9, 0x52,
    0x3D, 0x82, 0x44, 0x5E, 0xD1, 0xBA, 0x3E, 0x02, 0xEC, 0x64, 0x68, 0x9E, 0xC5, 0x1A, 0x14, 0x22,
    0x57, 0xA4, 0xDC, 0x13, 0x61, 0x3E, 0xD7, 0xFF, 0xE4, 0xFA, 0x71, 0xE4, 0x8A, 0xDA, 0xEA, 0x2A,
    0xD4, 0xA7, 0x7D, 0xD7, 0x6F, 0x36, 0x2C, 0xE7, 0x40, 0xF3, 0x91, 0xFF, 0xF8, 0xBD, 0x3C, 0xD7,
    0x76, 0x06, 0x58, 0x5C, 0x81, 0xB7, 0x04, 0x53, 0x67, 0xB4, 0x37, 0xDA, 0xAE, 0x68, 0x6D, 0x34,
    0xF8, 0x58, 0xD7, 0x28, 0x97, 0xC1, 0x37, 0xB7, 0xDB, 0x09, 0xE5, 0x0D, 0x47, 0x1D, 0xFD, 0x11,
    0xB1, 0x1D, 0xBB, 0xE3, 0xD8, 0x04, 0x0C, 0xDC, 0xA6, 0xAA, 0x71, 0x5D, 0x16, 0x3B, 0xB8, 0x7D,
    0x4C, 0x61, 0x6B, 0xFF, 0x54, 0x72, 0x9B, 0x98, 0xC2, 0xEC, 0xB8, 0x98, 0x72, 0x71, 0x1B, 0xF0,
    0x85, 0xA5, 0x72, 0x46, 0x8B, 0x73, 0xB4, 0x45, 0x20, 0x04, 0x59, 0x83, 0x12, 0x12, 0xF2, 0xE6,
    0x74, 0xC5, 0x6C, 0x09, 0xF2, 0xD7, 0x2B, 0xE3, 0xEC, 0x04, 0xE4, 0x63, 0x17, 0x1B, 0x7B, 0xD6,
    0x29, 0x94, 0x14, 0xD1, 0x67, 0x04, 0x61, 0xAD, 0xA2, 0x07, 0xC5, 0xB7, 0x44, 0xE4, 0x88, 0x30,
    0xF3, 0x1B, 0xAD, 0xFE, 0x58, 0xC8, 0x95, 0x4D, 0x8B, 0x75, 0x02, 0x63, 0xE5, 0x43, 0x4E, 0xA3,
    0x6E, 0xAD, 0x06, 0x86, 0x4C, 0xBA, 0x23, 0x75, 0x0C, 0xCC, 0x51, 0xA4, 0xC1, 0x4E, 0x23, 0xF8,
    0xE2, 0x66, 0x7B, 0x1B, 0xB5, 0x9A, 0x8D, 0xEF, 0xAA, 0x31, 0x6B, 0xC9, 0xE7, 0x37, 0x9A, 0x9B,
    0x95, 0xF1, 0x0D, 0x41, 0x7B, 0x1F, 0x82, 0xE4, 0xEC, 0x45, 0x5F, 0x97, 0x1B, 0xC6, 0xA7, 0xF2,
    0xB4, 0xF4, 0x06, 0xB2, 0xE5, 0xE8, 0xAE, 0x40, 0xA4, 0x8D, 0x2D, 0x6E, 0x0D, 0xC6, 0x16, 0x40,
    0x9D, 0xF4, 0x66, 0x6A, 0xF3, 0x7C, 0x0B, 0x01, 0x4B, 0xD8, 0x91, 0xC8, 0xEE, 0x9B, 0x2C, 0x95,
    0x62, 0x61, 0x5F, 0x84, 0x57, 0xB8, 0x0E, 0xE0, 0x19, 0xC1, 0xD3, 0x43, 0xEA, 0x43, 0x86, 0x80,
    0xD5, 0x0A, 0x07, 0x61, 0xEF, 0x2F, 0x6E, 0x42, 0x3B, 0x46, 0x24, 0x27, 0xAD, 0x96, 0xA8, 0xA8,
    0x55, 0x7C, 0xB8, 0x3C, 0xAD, 0x5F, 0x9C, 0xF5, 0xD2, 0x24, 0xB6, 0x30, 0xEB, 0xA2, 0xBE, 0xF7,
    0x78, 0x2B, 0xC2, 0xBB, 0x1F, 0xF2, 0xF3, 0xD6, 0x10, 0xF8, 0xC0, 0x50, 0x46, 0x86, 0xFA, 0x7A,
    0x99, 0x34, 0x31, 0x4B, 0xD5, 0x44, 0xDE, 0xAE, 0x66, 0x2A, 0x2F, 0xE3, 0x42, 0x41, 0x69, 0x73,
    0x54, 0xA3, 0xD1, 0x81, 0xA7, 0xA9, 0x90, 0xD2, 0x5B, 0x66, 0x21, 0x3F, 0xE6, 0x50, 0x55, 0x01,
    0xF2, 0xFB, 0x2A, 0xD5, 0x3D, 0xB7, 0x88, 0xEC, 0xC6, 0xB4, 0x5C, 0xA8, 0xDE, 0xA1, 0xD4, 0xD6,
    0xE8, 0xBF, 0xCF, 0xE8, 0x46, 0xE0, 0xD4, 0x13, 0xF9, 0xF5, 0xF1, 0xA2, 0x1F, 0x3A, 0x04, 0xA8,
    0xC3, 0xC8, 0x6C, 0xF1, 0x37, 0xF4, 0xFC, 0xB0, 0xD2, 0x19, 0xE9, 0xEC, 0x2D, 0x87, 0x04, 0x66,
    0x9E, 0x8E, 0x13, 0xC6, 0x1C, 0x23, 0xEF, 0x47, 0x1C, 0xFD, 0x5D, 0x00, 0x25, 0x84, 0x0E, 0xB4,
    0x30, 0xB3, 0x5A, 0x48, 0xA9, 0xFA, 0xFB, 0x32, 0xA7, 0x36, 0xEF, 0x7C, 0x81, 0x05, 0xAC, 0x14,
    0x27, 0xA6, 0x21, 0xB7, 0x11, 0xD6, 0x38, 0x8A, 0x8C, 0x06, 0x17, 0xDA, 0x4C, 0x0E, 0x18, 0x06,
    0x4A, 0xDF, 0x65, 0x69, 0x1B, 0xB6, 0x81, 0x29, 0xB9, 0xD1, 0x73, 0x66, 0x03, 0x7E, 0x93, 0x1B,
    0xA1, 0x86, 0x1F, 0x83, 0x0E, 0x96, 0x33, 0xE1, 0x48, 0x37, 0x2E, 0x24, 0xCA, 0xD2, 0x71, 0x12,
    0x63, 0x4B, 0xC9, 0x4D, 0x6B, 0xD2, 0xAC, 0xA4, 0x8B, 0x2E, 0xB7, 0xCD, 0xFE, 0x9C, 0x99, 0xC4,
    0x57, 0xED, 0xA3, 0x06, 0xD2, 0xC8, 0xE9, 0x6E, 0xFC, 0x85, 0xA4, 0xD3, 0x93, 0xE3, 0xDA, 0xC5,
    0x56, 0x81, 0x06, 0x11, 0x5E, 0x03, 0x14, 0xA5, 0x15, 0x51, 0x0F, 0x11, 0x28, 0x0B, 0x16, 0x5C,
    0xDA, 0xBD, 0xD9, 0x7A, 0xD0, 0x23, 0x5E, 0x1D, 0x81, 0x79, 0x7B, 0xB2, 0x46, 0x44, 0xC3, 0xA5,
    0xA4, 0x17, 0xAC, 0xA0, 0x41, 0x2E, 0x4A, 0x36, 0x23, 0x6F, 0xF6, 0x9D, 0x92, 0xA4, 0xE6, 0x9D,
    0xDE, 0x3A, 0x2C, 0x72, 0x1E, 0x7C, 0x6B, 0x45, 0x90, 0x17, 0x78, 0x89, 0x1F, 0xE8, 0x29, 0x73,
    0x34, 0x25, 0x58, 0x37, 0x3E, 0x66, 0xD9, 0xF8, 0x54, 0x8B, 0x25, 0x7C, 0x89, 0xD3, 0x30, 0x57,
    0x90, 0x70, 0xF6, 0x49, 0x7E, 0xB3, 0xB5, 0xCE, 0x06, 0x95, 0x86, 0x71, 0x97, 0xAA, 0x8D, 0xB6,
    0x27, 0x5D, 0x23, 0x99, 0xD6, 0x45, 0xB3, 0xEC, 0xA3, 0xFC, 0x37, 0x55, 0xF5, 0xBD, 0x14, 0x29,
    0xD1, 0xAC, 0x22, 0x25, 0xC8, 0x34, 0xC2, 0x22, 0xBD, 0xAA, 0xD8, 0xFA, 0xA6, 0x1E, 0x39, 0xA6,
    0x0D, 0xC1, 0x9B, 0x6D, 0x22, 0x36, 0x31, 0xE6, 0x04, 0x6C, 0xB7, 0x36, 0x3F, 0xAE, 0x10, 0xCA,
    0x0C, 0x7B, 0xD2, 0xF9, 0xA2, 0x04, 0x54, 0x8E, 0xEB, 0x7E, 0x7F, 0x5F, 0x85, 0x4E, 0x30, 0x72,
    0x22, 0xC4, 0x68, 0x3E, 0x75, 0x7A, 0xD4, 0xE9, 0x4F, 0xA7, 0x37, 0x9D, 0xBE, 0x74, 0x7A, 0xD2,
    0xE9, 0x47, 0xC7, 0xC4, 0xF8, 0xBB, 0xB3, 0x57, 0x73, 0xDF, 0x9A, 0xCB, 0x1A, 0xEE, 0xFA, 0x86,
    0x88, 0xEC, 0xE0, 0xE6, 0xEF, 0xCE, 0x9C, 0x08, 0x7A, 0xC1, 0x14, 0x54, 0x4D, 0x3B, 0x8D, 0x72,
    0xEA, 0x35, 0xF6, 0xE2, 0xE6, 0xC5, 0xC9, 0x12, 0xE5, 0xA8, 0x1A, 0xF7, 0x80, 0x00, 0x7C, 0x4C,
    0x39, 0x71, 0x9F, 0xA4, 0x50, 0x99, 0x85, 0xAE, 0xCF, 0x89, 0xE7, 0x0D, 0xC9, 0xE6, 0xA4, 0xE2,
    0x77, 0xBB, 0x8A, 0x6F, 0x86, 0x5C, 0xB3, 0xC5, 0xBA, 0x7E, 0xB3, 0xC1, 0x2C, 0x8A, 0x01, 0x48,
    0x4B, 0x72, 0x22, 0x96, 0xFC, 0x2A, 0xC9, 0x48, 0x32, 0x78, 0x0F, 0xD8, 0xAF, 0x01, 0x66, 0xC9,
    0x7B, 0x82, 0x59, 0x1C, 0x77, 0x15, 0x12, 0xA3, 0xEE, 0x48, 0x1A, 0x00, 0xA9, 0x63, 0xBD, 0x2D,
    0x06, 0x48, 0x28, 0x65, 0xE2, 0x92, 0x79, 0xC1, 0x8C, 0x7A, 0x8F, 0xB4, 0xC7, 0xAD, 0x7D, 0x72,
    0x60, 0x59, 0x02, 0xAA, 0x43, 0x0C, 0x63, 0x62, 0xA7, 0xED, 0x03, 0xE6, 0x5E, 0x46, 0x32, 0xDB,
    0x17, 0x31, 0x9A, 0x77, 0x41, 0x60, 0x6B, 0x03, 0x6E, 0x06, 0x9A, 0xAD, 0x1D, 0xEF, 0xC7, 0x23,
    0xEE, 0x52, 0x35, 0x58, 0xFD, 0xE5, 0x49, 0xAB, 0x2D, 0x3B, 0xE9, 0xC3, 0x41, 0x1C, 0x0B, 0x31,
    0xE3, 0x3F, 0xFC, 0xFB, 0x8D, 0x4B, 0x7E, 0x0A, 0x2E, 0xEE, 0x1A, 0x97, 0x3E, 0xAD, 0xDE, 0xE1,
    0xAE, 0x72, 0xF9, 0x86, 0xE7, 0x52, 0xE5, 0xCE, 0x47, 0xE4, 0x8A, 0xE1, 0xAA, 0x6A, 0x79, 0x5A,
    0x17, 0x03, 0xBB, 0xE0, 0x67, 0x65, 0xF1, 0xAE, 0x4B, 0x84, 0xE6, 0x80, 0xF4, 0xCA, 0x15, 0x00,
    0xB1, 0x52, 0xE3, 0x10, 0x04, 0xC1, 0x62, 0x2E, 0x42, 0x5D, 0xBF, 0x04, 0xA2, 0xD3, 0x37, 0x69,
    0xDD, 0xE0, 0x49, 0xF1, 0xE8, 0x74, 0x50, 0x6F, 0x63, 0x23, 0x2E, 0xD5, 0xEC, 0x2F, 0xD8, 0xCC,
    0x49, 0x8B, 0xD4, 0xC6, 0x15, 0x2C, 0xCD, 0xAB, 0xDF, 0x5A, 0xB1, 0x89, 0x0C, 0x7A, 0xF1, 0xF7,
    0x32, 0xB2, 0x2A, 0xAD, 0x25, 0x24, 0x7C, 0x14, 0x2B, 0x8E, 0xA1, 0xAD, 0x60, 0x52, 0x06, 0xEF,
    0xD2, 0xEB, 0xA0, 0x4C, 0x05, 0x06, 0xBF, 0x2C, 0x52, 0xB3, 0x39, 0xF1, 0x3B, 0x82, 0xF8, 0xCE,
    0xA6, 0x8F, 0x7F, 0x2E, 0x00, 0xEF, 0x1A, 0x97, 0x7E, 0x1B, 0xCC, 0xD5, 0xCA, 0xE5, 0xFA, 0xC1,
    0x63, 0xE1, 0x2E, 0xE1, 0x7B, 0x43, 0x57, 0xB8, 0x11, 0x9F, 0xBB, 0x71, 0xC5, 0xAF, 0x5C, 0x3E,
    0x61, 0x79, 0x73, 0x51, 0x0C, 0x31, 0x6E, 0x73, 0x44, 0xF0, 0xAB, 0x5D, 0xA5, 0x36, 0xDB, 0x97,
    0x72, 0xDB, 0xE4, 0xAF, 0xBD, 0x18, 0xA4, 0xDA, 0x8F, 0x5E, 0xD8, 0x52, 0x63, 0x79, 0x01, 0x97,
    0x99, 0x16, 0x7E, 0xDD, 0xAA, 0x0D, 0x12, 0xEC, 0x18, 0xCE, 0x4A, 0xBA, 0x7C, 0xAD, 0x5F, 0x57,
    0x26, 0xCA, 0x8C, 0x31, 0x85, 0xA7, 0xCA, 0xF3, 0xB9, 0x65, 0x23, 0x8B, 0x87, 0x4F, 0xD0, 0x15,
    0xF9, 0x8F, 0x82, 0xCF, 0xD8, 0x52, 0x3E, 0x6C, 0x4E, 0xFA, 0x41, 0xE9, 0xFC, 0x60, 0x0F, 0xCA,
    0x34, 0x0C, 0xC6, 0x72, 0xF3, 0x22, 0x72, 0x5A, 0x69, 0x82, 0x6A, 0x24, 0x15, 0xDB, 0x14, 0x8D,
    0x46, 0x46, 0x93, 0x5F, 0x18, 0xC0, 0xFF, 0x2C, 0x69, 0x61, 0xF9, 0x78, 0x97, 0x8C, 0x4E, 0xA9,
    0x50, 0x31, 0x13, 0xE1, 0xFB, 0x90, 0x26, 0xD8, 0x1D, 0x34, 0x92, 0x9E, 0xB4, 0xB0, 0x48, 0xB2,
    0xA7, 0x8C, 0x0A, 0xBF, 0x63, 0x43, 0x8A, 0xCF, 0xA0, 0xAE, 0x74, 0xD6, 0x95, 0xAB, 0x25, 0x2D,
    0x0C, 0x0E, 0x6D, 0x8C, 0x9A, 0x83, 0x27, 0x12, 0x4E, 0x09, 0xDC, 0x90, 0x04, 0xAE, 0x95, 0x96,
    0x47, 0x73, 0xB2, 0xC7, 0x16, 0xE8, 0xAA, 0x1D, 0xE7, 0xF1, 0xA7, 0xFE, 0x78, 0x34, 0x4F, 0xA5,
    0x39, 0xD8, 0x7C, 0xF2, 0x35, 0x5D, 0xF4, 0x04, 0xD6, 0xBE, 0xC7, 0x96, 0x12, 0x88, 0x32, 0xD3,
    0xA8, 0xB2, 0x3E, 0xF2, 0x6D, 0x8D, 0x19, 0x92, 0xE4, 0x4D, 0x0D, 0x9E, 0x32, 0xC5, 0x68, 0x63,
    0x36, 0x7B, 0x23, 0x83, 0x63, 0x33, 0x6A, 0xC5, 0xD8, 0xD1, 0x72, 0xB0, 0x8B, 0x29, 0xD5, 0xD3,
    0xEF, 0x5A, 0xB1, 0xFC, 0xAF, 0x54, 0x60, 0xF7, 0x44, 0xD2, 0xE1, 0x58, 0xBF, 0x7F, 0x1B, 0xB7,
    0x73, 0x10, 0x3E, 0xC7, 0x45, 0xB4, 0x36, 0x3D, 0x63, 0x72, 0x92, 0x0E, 0x2C, 0x81, 0xB8, 0x39,
    0x08, 0x99, 0xD5, 0xFC, 0x5B, 0xB1, 0x96, 0xE1, 0x01, 0x6E, 0xF4, 0xF1, 0x04, 0xFD, 0x4B, 0xB4,
    0xFA, 0xB5, 0x8D, 0x63, 0x34, 0xF9, 0x39, 0xFB, 0xA4, 0xAD, 0x25, 0x31, 0x4A, 0x3B, 0x8F, 0x3D,
    0xBB, 0xF7, 0xAE, 0xBC, 0xF1, 0xBC, 0xD5, 0x78, 0xFF, 0x6B, 0x29, 0x03, 0xB2, 0xC9, 0x8F, 0xA5,
    0xB4, 0xCB, 0x48, 0x96, 0xCA, 0xF6, 0x24, 0x3E, 0x07, 0x76, 0xE2, 0x8A, 0xE8, 0xD6, 0x40, 0x98,
    0x8E, 0x88, 0x9F, 0xBF, 0x3E, 0x11, 0x6D, 0x2C, 0xC8, 0x62, 0x7A, 0x8F, 0xD9, 0xAB, 0xB0, 0x56,
    0x26, 0x03, 0xFA, 0x1A, 0x63, 0xA3, 0x9E, 0x86, 0x2A, 0xCD, 0x38, 0x71, 0x3E, 0x3A, 0xB1, 0x27,
    0x5B, 0x79, 0x76, 0xA6, 0x53, 0x34, 0xF0, 0x8B, 0x89, 0x97, 0xED, 0x94, 0x8D, 0xB1, 0xA4, 0xEA,
    0xC5, 0x56, 0x73, 0xB0, 0x60, 0x48, 0x11, 0xF6, 0x51, 0x06, 0xD1, 0xE1, 0x1A, 0xA8, 0x1D, 0x20,
    0x65, 0xFF, 0xAB, 0xDA, 0x97, 0xD8, 0x6D, 0x4D, 0xD9, 0xC6, 0xB3, 0xBA, 0x58, 0xE1, 0x93, 0x8C,
    0x15, 0xAC, 0xD4, 0x95, 0x21, 0xEF, 0x48, 0x33, 0xE9, 0x92, 0x01, 0x20, 0xD5, 0x20, 0xC9, 0x44,
    0xD4, 0x2C, 0x6C, 0x13, 0xCD, 0xF2, 0x03, 0x4C, 0x9A, 0x2E, 0x6A, 0x6C, 0x4C, 0xAC, 0xEA, 0x8C,
    0x9A, 0xE0, 0x4C, 0x4B, 0xA0, 0xA9, 0x87, 0xDE, 0x97, 0x56, 0xFA, 0x7D, 0x20, 0x64, 0xCA, 0x65,
    0x54, 0xDA, 0x18, 0x15, 0x66, 0x35, 0x45, 0xBF, 0x00, 0x74, 0x5A, 0x4C, 0xE9, 0xBF, 0x95, 0x12,
    0x67, 0xCB, 0x8B, 0x80, 0x4F, 0xDB, 0x54, 0x46, 0xB6, 0x08, 0xD5, 0xE6, 0x1F, 0x03, 0x71, 0xAA,
    0x7D, 0xD6, 0x60, 0xFE, 0x34, 0x41, 0xD4, 0xCF, 0xF1, 0x48, 0xF8, 0x26, 0x88, 0xFC, 0x01, 0xED,
    0x16, 0xE9, 0x7C, 0x4D, 0x0D, 0xBF, 0xBF, 0x9C, 0x92, 0x07, 0xDC, 0xFB, 0x3C, 0xE0, 0xC1, 0x27,
    0x00, 0x2B, 0x49, 0xDB, 0x3B, 0x4B, 0x36, 0x17, 0x30, 0x09, 0x09, 0x84, 0xEF, 0xCE, 0x93, 0xCD,
    0x2F, 0x71, 0x93, 0x60, 0x80, 0x6D, 0x38, 0x51, 0x03, 0x71, 0x4F, 0xBE, 0xB1, 0x7F, 0x51, 0x65,
    0x05, 0xAF, 0x29, 0x4A, 0xD0, 0x1F, 0xEF, 0x53, 0xC0, 0x3B, 0xBF, 0x88, 0xEF, 0xBD, 0x8A, 0xDA,
    0xFC, 0xCE, 0x6A, 0x37, 0x35, 0xF3, 0xC9, 0xEF, 0x0C, 0x4F, 0x06, 0xDF, 0x39, 0x0D, 0xBE, 0xCB,
    0x11, 0x7C, 0xA7, 0x21, 0x9C, 0xF9, 0xA8, 0x45, 0xE8, 0x33, 0x80, 0x38, 0xC5, 0x84, 0x1C, 0x8C,
    0xA5, 0x99, 0x59, 0x6B, 0xAA, 0x3A, 0xFC, 0x13, 0x7D, 0x15, 0x3F, 0x30, 0x75, 0x0A, 0xAF, 0xBE,
    0x0E, 0xBE, 0x5B, 0xDD, 0x22, 0x2B, 0xE9, 0xAD, 0x7A, 0x84, 0xEF, 0x23, 0x50, 0x1D, 0xC4, 0x78,
    0xF1, 0x89, 0x71, 0x2A, 0x3D, 0xA3, 0x29, 0xD6, 0xBD, 0xAE, 0x3D, 0x29, 0x6F, 0x21, 0x67, 0x2E,
    0x08, 0x7B, 0x2D, 0x10, 0x1B, 0x26, 0x3E, 0x52, 0xE6, 0x8B, 0x4A, 0x84, 0xB7, 0xEA, 0x73, 0x56,
    0x1A, 0xB1, 0x90, 0x64, 0x16, 0x61, 0x64, 0xFE, 0x54, 0x09, 0xC2, 0x4B, 0x88, 0xFE, 0x76, 0xCE,
    0x7C, 0xBB, 0x84, 0xAF, 0xC9, 0x08, 0x4D, 0xFF, 0x21, 0xD6, 0x97, 0x96, 0xA8, 0x7D, 0x34, 0x3F,
    0x21, 0x6D, 0xD4, 0x01, 0xF6, 0xA3, 0x4D, 0xB1, 0x3B, 0x27, 0x03, 0x32, 0x96, 0x06, 0xC3, 0x10,
    0x6F, 0x42, 0x37, 0x4A, 0xE9, 0xF3, 0x51, 0xEB, 0xE7, 0x21, 0x27, 0xB1, 0x8F, 0xF0, 0x0B, 0x31,
    0x34, 0x27, 0x45, 0xAB, 0x86, 0xA2, 0x67, 0x05, 0xC5, 0x84, 0x6D, 0x43, 0x0D, 0xB1, 0xDD, 0x53,
    0x0C, 0xB8, 0xCB, 0x9C, 0xA2, 0x9C, 0x39, 0x49, 0xA1, 0xA4, 0xCD, 0xF1, 0x66, 0x67, 0x7D, 0xCB,
    0xC7, 0x7B, 0x69, 0xA6, 0xF9, 0xE9, 0x45, 0x97, 0xF5, 0xFC, 0xDE, 0xA2, 0xC3, 0x80, 0x4F, 0x3E,
    0x1B, 0x9C, 0xB5, 0x0F, 0xFE, 0x38, 0x56, 0x24, 0x40, 0x05, 0xB1, 0xB3, 0x7E, 0xA2, 0x6B, 0x6F,
    0x7C, 0x4B, 0x5B, 0xED, 0xF0, 0xCD, 0x31, 0xDF, 0x94, 0xFE, 0xD7, 0x7F, 0x3F, 0x78, 0x20, 0xF0,
    0xCF, 0xDF, 0x7B, 0x3A, 0xEE, 0x96, 0xA7, 0x83, 0x7A, 0xE3, 0x55, 0xC7, 0x6B, 0x8F, 0x57, 0x20,
    0xAF, 0x43, 0x2B, 0x35, 0xFA, 0x2D, 0xF2, 0x74, 0xD8, 0x4C, 0xE5, 0xD0, 0x33, 0xCE, 0x10, 0x67,
    0x87, 0x33, 0xB3, 0x9E, 0x15, 0x06, 0x7E, 0x04, 0x56, 0xF0, 0x25, 0x93, 0xEF, 0x5A, 0x87, 0x92,
    0x63, 0xEB, 0xAB, 0xC7, 0xA6, 0x92, 0x77, 0x18, 0xC3, 0x7A, 0xB7, 0xDC, 0x10, 0x75, 0x91, 0x67,
    0xE4, 0x83, 0x8B, 0x7E, 0x65, 0x4F, 0x17, 0x34, 0x66, 0x16, 0xC9, 0xE8, 0xEB, 0x66, 0x1B, 0xCE,
    0xC6, 0x12, 0x23, 0x4F, 0xDB, 0x1C, 0xF6, 0x29, 0xDE, 0x0E, 0x62, 0x05, 0xA1, 0xA8, 0xF3, 0xA5,
    0xAC, 0x16, 0x8B, 0xF9, 0x08, 0x1B, 0xBD, 0xDF, 0x31, 0xC6, 0x7F, 0x0F, 0x75, 0xD9, 0xB2, 0x3E,
    0x75, 0x38, 0xC5, 0x06, 0x0E, 0x79, 0x9F, 0xB9, 0xE0, 0x6C, 0xB9, 0x07, 0xB5, 0x59, 0xF7, 0x21,
    0x56, 0xD9, 0x6E, 0x23, 0x58, 0x26, 0xF1, 0xC4, 0x84, 0x29, 0x71, 0xE1, 0x60, 0xB8, 0xA0, 0xF5,
    0x9F, 0x0D, 0x2F, 0xCC, 0x74, 0x89, 0x31, 0x70, 0xC7, 0x70, 0x7A, 0x43, 0x03, 0x1F, 0xC2, 0xD0,
    0xE0, 0x47, 0x8D, 0xDF, 0x97, 0x0E, 0x69, 0x10, 0xD6, 0x99, 0xAD, 0x36, 0x8F, 0x49, 0xAC, 0xD8,
    0x4A, 0x82, 0x91, 0xB1, 0x64, 0x3A, 0xBA, 0x20, 0xFB, 0x19, 0x50, 0xAC, 0x5C, 0x1B, 0xDF, 0x9E,
    0xD7, 0x14, 0xB0, 0x73, 0xA6, 0xBA, 0x05, 0x91, 0x94, 0x55, 0x4C, 0x90, 0x75, 0x05, 0x68, 0x28,
    0x26, 0x17, 0x6F, 0x97, 0xB2, 0x4F, 0x53, 0x24, 0xD3, 0xB1, 0x0A, 0x4E, 0x24, 0xEE, 0xC7, 0xC7,
    0x89, 0xFB, 0xF3, 0x6E, 0xE2, 0x3E, 0x16, 0xD6, 0x66, 0xCF, 0x07, 0xC3, 0xF3, 0xB7, 0x39, 0x0E,
    0x2A, 0x9A, 0x1D, 0xA0, 0xC4, 0x0A, 0x6F, 0x86, 0xD7, 0x3A, 0xA7, 0xAF, 0x75, 0xBF, 0xC1, 0x8B,
    0xB3, 0x47, 0xE7, 0xD3, 0x96, 0x3E, 0x45, 0x8C, 0xBC, 0xD9, 0x3E, 0x2F, 0xCE, 0xE7, 0x1B, 0x98,
    0xA7, 0x45, 0xFC, 0x9B, 0xC7, 0x27, 0x46, 0x43, 0xCC, 0x12, 0xC5, 0xAE, 0x0B, 0x38, 0x72, 0xAC,
    0xA2, 0x41, 0xA1, 0x18, 0x64, 0x3E, 0xC6, 0xC4, 0x17, 0x67, 0xB5, 0xE2, 0x6C, 0x45, 0xBF, 0x7E,
    0xF9, 0x87, 0x64, 0x1A, 0x99, 0xC8, 0xC8, 0x96, 0xD9, 0xDF, 0xF7, 0xB5, 0xF9, 0xB8, 0x10, 0x53,
    0x6C, 0xF3, 0x3F, 0xE1, 0x3F, 0xED, 0x5C, 0x18, 0x36, 0xF2, 0x18, 0x8F, 0xC5, 0x62, 0x5E, 0x43,
    0xB3, 0xBC, 0xDD, 0x8F, 0xAC, 0xB3, 0xC1, 0x08, 0x9C, 0x81, 0x02, 0x9A, 0x8A, 0x23, 0x53, 0x90,
    0xE9, 0xC3, 0xC5, 0x40, 0xE4, 0xF8, 0x6D, 0x62, 0x0A, 0x5D, 0x8E, 0xF0, 0x4F, 0x5D, 0x03, 0xC3,
    0x16, 0xFE, 0x7C, 0x32, 0x7C, 0xE1, 0x59, 0x6C, 0x85, 0x60, 0x9A, 0xDA, 0x70, 0x86, 0x65, 0x8B,
    0x1D, 0x0F, 0x5B, 0xA6, 0x23, 0x93, 0xC9, 0x0E, 0xEE, 0x90, 0xAF, 0x5F, 0x90, 0x8C, 0xCC, 0xFC,
    0x0F, 0x98, 0x37, 0xFE, 0x03, 0xD3, 0x17, 0xDC, 0xBF, 0x2F, 0xEB, 0xEC, 0xB0, 0xAC, 0x15, 0x46,
    0x4E, 0xCA, 0xC7, 0x5A, 0xD4, 0xCC, 0x69, 0x51, 0xB3, 0x32, 0x78, 0x8C, 0x5B, 0x12, 0xEC, 0xD7,
    0xDF, 0xDB, 0xE2, 0xB7, 0xB2, 0x6D, 0xAF, 0xB5, 0x62, 0x36, 0x73, 0x48, 0x26, 0xF8, 0x01, 0xDB,
    0xAC, 0xF0, 0xF9, 0xED, 0x5E, 0x5C, 0x4E, 0x1C, 0x67, 0x2D, 0x92, 0x50, 0x4A, 0x9B, 0xAF, 0xCD,
    0x12, 0xCA, 0x6A, 0xA6, 0x3E, 0x41, 0xCB, 0xFD, 0x9C, 0xF6, 0xF3, 0x8E, 0xA6, 0xCD, 0x1C, 0x28,
    0x6C, 0xA0, 0x59, 0xD0, 0x24, 0x04, 0x11, 0x82, 0xF0, 0x39, 0x2B, 0xE8, 0xFA, 0xD1, 0x77, 0x93,
    0x51, 0xA2, 0x33, 0xDD, 0x8C, 0xC5, 0x04, 0x32, 0x28, 0x91, 0xA1, 0x52, 0xE2, 0xD4, 0xA0, 0xB9,
    0x1B, 0xDD, 0x64, 0x28, 0xE8, 0xFF, 0x5E, 0x45, 0x79, 0x41, 0xB0, 0xCF, 0x46, 0x30, 0x46, 0xA2,
    0x73, 0xB1, 0xD8, 0xC4, 0xF8, 0xE7, 0xC3, 0x74, 0x9F, 0xC1, 0x58, 0x70, 0x1C, 0xB1, 0xA9, 0x32,
    0x4F, 0x13, 0xE6, 0xF7, 0x87, 0xEA, 0x3E, 0x73, 0x97, 0xA7, 0x5F, 0xF0, 0x0C, 0x24, 0x77, 0x7B,
    0xFA, 0x3F, 0xFC, 0x74, 0xCE, 0xFB, 0x4F, 0xF8, 0x66, 0x3E, 0x97, 0xAF, 0xFC, 0xDA, 0xD3, 0xF9,
    0xC9, 0x10, 0xFF, 0xD5, 0xFC, 0xDF, 0x23, 0xE2, 0x7F, 0x17, 0xD6, 0xCB, 0x6C, 0x61, 0xBB, 0x32,
    0xA0, 0x4A, 0x15, 0x49, 0xAF, 0xBF, 0x58, 0x74, 0x28, 0x31, 0xC3, 0xAB, 0xE9, 0xDA, 0x62, 0x36,
    0xC8, 0x89, 0xBE, 0x95, 0x47, 0xB4, 0x5F, 0xA6, 0x75, 0x5B, 0x71, 0xEC, 0x15, 0xD8, 0x33, 0x9F,
    0x9A, 0x31, 0xDB, 0x21, 0x0C, 0x1B, 0xCB, 0xFC, 0x33, 0xD2, 0xEE, 0x90, 0x04, 0x24, 0xE3, 0xDF,
    0x66, 0xE4, 0xCC, 0xFE, 0x85, 0x93, 0x19, 0xA1, 0x24, 0xBC, 0x6D, 0xE9, 0xF2, 0xD0, 0xEF, 0x61,
    0x98, 0x55, 0xDE, 0xA9, 0x94, 0x14, 0xBD, 0xDA, 0xAE, 0x05, 0xA6, 0x83, 0x99, 0xDE, 0x83, 0x75,
    0xC9, 0xA7, 0x81, 0xA0, 0xB2, 0xE6, 0x61, 0x08, 0xDE, 0x11, 0xF4, 0x8A, 0x50, 0xF4, 0x76, 0x17,
    0x5F, 0xDF, 0x0F, 0xC2, 0xED, 0x5D, 0x9C, 0x90, 0xDC, 0x82, 0x83, 0x65, 0x02, 0x9C, 0x8B, 0x09,
    0x0E, 0x9D, 0xB9, 0xB5, 0x6D, 0x38, 0xB3, 0xDF, 0x68, 0xB8, 0x36, 0x86, 0x95, 0x2B, 0x86, 0xD6,
    0x74, 0xDD, 0xC0, 0x10, 0x54, 0xDC, 0x57, 0x1B, 0x66, 0x54, 0xCC, 0x78, 0x98, 0x21, 0x46, 0x5C,
    0x91, 0xCB, 0x97, 0x19, 0x3D, 0x65, 0xF5, 0xD1, 0xA4, 0x64, 0x8D, 0xFB, 0xDD, 0x9E, 0x3D, 0x28,
    0x11, 0x85, 0x97, 0xD1, 0xD4, 0xB2, 0x21, 0xC0, 0xC1, 0x06, 0xE9, 0x9C, 0xE9, 0xC9, 0x67, 0xFD,
    0x9C, 0x84, 0x7E, 0x7F, 0xA6, 0x96, 0xE1, 0x9E, 0xAC, 0x27, 0xD9, 0x6E, 0x6A, 0xD9, 0x66, 0x04,
    0x99, 0x23, 0xA7, 0xA6, 0x6B, 0xCA, 0xB8, 0xD3, 0xAC, 0x56, 0x52, 0x71, 0x71, 0x68, 0xFB, 0xEE,
    0x66, 0x98, 0xF9, 0x5C, 0xFD, 0x9A, 0x64, 0xC7, 0x4B, 0x75, 0x5F, 0x62, 0x45, 0xDC, 0x1D, 0x49,
    0x4B, 0x52, 0xF2, 0x7A, 0xB8, 0x42, 0x25, 0x37, 0x97, 0x2F, 0x1F, 0xF8, 0x5A, 0xC0, 0x89, 0x30,
    0x84, 0x9D, 0xA5, 0xFC, 0xFD, 0xF3, 0x98, 0x7A, 0x0F, 0x62, 0xC8, 0xBE, 0x79, 0xD3, 0xF5, 0x0E,
    0x0D, 0x16, 0x5A, 0x05, 0xD6, 0xF0, 0xDE, 0x99, 0x76, 0xF6, 0xA4, 0xBA, 0x1C, 0x32, 0xB5, 0x66,
    0xE3, 0xD8, 0x02, 0x94, 0x9E, 0xB0, 0x84, 0x0D, 0x6D, 0x35, 0x34, 0xB6, 0x61, 0xD9, 0x16, 0xAB,
    0x7A, 0x52, 0xB8, 0x49, 0xC9, 0xAF, 0x1C, 0x65, 0xBB, 0xB3, 0x5E, 0x78, 0xBB, 0xD8, 0xD1, 0xE4,
    0xB3, 0x50, 0x19, 0x9E, 0xE3, 0x7D, 0x94, 0xCD, 0xAE, 0x83, 0x4E, 0xEF, 0xE3, 0xFF, 0xE2, 0xAB,
    0xD2, 0xFA, 0xA8, 0xA3, 0x5C, 0x35, 0x8E, 0x22, 0x47, 0x6D, 0xCB, 0x7A, 0x10, 0xD3, 0x36, 0x92,
    0xA2, 0xD5, 0x5B, 0x90, 0x07, 0x82, 0xEE, 0xB5, 0x05, 0x37, 0xB5, 0xB2, 0x5D, 0xA5, 0x69, 0x8B,
    0x5E, 0x49, 0xD5, 0x19, 0xE2, 0xB4, 0x02, 0xA1, 0xEE, 0x55, 0x29, 0xF0, 0x0D, 0xC6, 0xAA, 0x9F,
    0x32, 0x37, 0xED, 0xD1, 0x59, 0xFF, 0x77, 0xFA, 0x97, 0x26, 0x4E, 0xE1, 0xAA, 0xAC, 0x7E, 0x8A,
    0x5D, 0x40, 0xEE, 0xBF, 0xD7, 0xA4, 0x20, 0x78, 0xE0, 0x07, 0x9F, 0x3F, 0x20, 0xE6, 0xC3, 0x3F,
    0xD8, 0x3C, 0x23, 0xBC, 0x1C, 0xC5, 0xFC, 0xE7, 0x06, 0xCE, 0x6A, 0xDA, 0x15, 0x8C, 0x95, 0xF3,
    0x53, 0xE0, 0xA5, 0x61, 0x2B, 0x0E, 0xC7, 0xF2, 0x60, 0x02, 0x61, 0x12, 0x61, 0xEB, 0x05, 0x6A,
    0x32, 0x61, 0x42, 0x71, 0x2C, 0x15, 0x26, 0x16, 0x5B, 0xB9, 0xF0, 0x82, 0x41, 0xC9, 0xF0, 0xA2,
    0x41, 0xD9, 0xF0, 0xC2, 0x41, 0xE9, 0xF0, 0xE2, 0x41, 0xF9, 0xF0, 0x02, 0x62, 0x12, 0x42, 0x11,
    0xF1, 0x32, 0xE2, 0xC3, 0x19, 0x1A, 0xEF, 0xCD, 0x37, 0x39, 0xF1, 0x82, 0x42, 0x49, 0xF1, 0xA2,
    0xE2, 0x77, 0x0C, 0x62, 0xC6, 0x1E, 0xE5, 0xE3, 0xA6, 0xE1, 0x77, 0x0D, 0x6E, 0x1B, 0xEB, 0xE7,
    0xA3, 0xC8, 0xA8, 0xD2, 0x0B, 0x9C, 0x85, 0x14, 0x19, 0x18, 0xEE, 0x29, 0xCB, 0xA0, 0xF1, 0xF8,
    0xA6, 0x15, 0x75, 0x78, 0xE5, 0xF6, 0x19, 0x55, 0xFB, 0x74, 0x28, 0x99, 0x1C, 0x71, 0xE2, 0x39,
    0x11, 0x2B, 0x7A, 0x67, 0x19, 0x55, 0xB4, 0xA6, 0x68, 0x65, 0xD2, 0xC8, 0x4C, 0x30, 0xD2, 0xC4,
    0x5C, 0x5B, 0x98, 0x1F, 0x2C, 0x03, 0xEB, 0x64, 0x08, 0x9F, 0x82, 0xCF, 0x6A, 0x62, 0xBD, 0xB5,
    0x93, 0x81, 0x35, 0x88, 0x5B, 0xF7, 0xCE, 0xBD, 0xA3, 0x0C, 0xAC, 0x8F, 0xB2, 0x16, 0xEF, 0x3A,
    0x1A, 0xEB, 0xC3, 0x54, 0x2C, 0xAE, 0xEE, 0xBC, 0x62, 0x71, 0xD3, 0x1B, 0xF2, 0xAC, 0x24, 0x35,
    0xD2, 0x9E, 0x20, 0x35, 0x49, 0x49, 0xA2, 0xA3, 0xAD, 0x35, 0x84, 0x8F, 0xA3, 0x76, 0x40, 0x2B,
    0x75, 0x86, 0xF1, 0x6E, 0x18, 0x51, 0x1F, 0x46, 0x5F, 0xE9, 0x77, 0x0C, 0xB4, 0xB8, 0x5D, 0x90,
    0xE4, 0xEE, 0x84, 0x73, 0xAA, 0xDB, 0x5B, 0xCA, 0xB8, 0x77, 0x14, 0x14, 0x5A, 0xE6, 0xBE, 0x60,
    0x96, 0xB9, 0xB6, 0xA7, 0x9D, 0xA6, 0x67, 0xC3, 0x71, 0x1D, 0xAA, 0xCA, 0x20, 0xDB, 0x9A, 0xF5,
    0x54, 0xF8, 0xD0, 0xE9, 0xCF, 0x27, 0x56, 0x3F, 0xBF, 0xE9, 0x76, 0xB2, 0x62, 0x7D, 0xB8, 0x04,
    0x3F, 0xD4, 0x47, 0x03, 0x9C, 0x02, 0xE1, 0x58, 0x48, 0x59, 0xAA, 0xAC, 0x80, 0x0D, 0xD5, 0x1E,
    0x7F, 0x90, 0xE1, 0x71, 0x96, 0x7A, 0xCC, 0x15, 0xE2, 0xF2, 0xFA, 0xE4, 0x63, 0x2E, 0x18, 0x58,
    0xC6, 0xAA, 0xD9, 0x52, 0xDB, 0xE4, 0x78, 0xD6, 0x70, 0x48, 0x81, 0x4F, 0x33, 0x9F, 0xCD, 0xC5,
    0x41, 0xE0, 0x9A, 0xC5, 0x5B, 0xC0, 0xB2, 0xF8, 0x29, 0x70, 0x0E, 0xB2, 0x10, 0x73, 0xB0, 0x74,
    0x62, 0xE0, 0x2F, 0xA7, 0x76, 0x94, 0xDB, 0x0A, 0x02, 0x09, 0x59, 0x22, 0x27, 0xCC, 0x8F, 0x54,
    0x96, 0xE2, 0x99, 0x41, 0x81, 0x36, 0x60, 0xB5, 0x48, 0xFE, 0x7C, 0xFC, 0x11, 0xD5, 0xB4, 0x65,
    0x37, 0xE2, 0xF8, 0x3D, 0xB2, 0x5C, 0x91, 0x36, 0xB3, 0xCC, 0x5F, 0x59, 0x90, 0xAA, 0x45, 0xF6,
    0x80, 0x5A, 0xAE, 0xB5, 0xF7, 0x3E, 0x6B, 0xC7, 0x4C, 0xC3, 0xD4, 0xFC, 0x52, 0x6A, 0x4F, 0xF1,
    0xEB, 0x52, 0xD2, 0x1D, 0xFE, 0xFB, 0xA7, 0xCF, 0x77, 0x21, 0xBD, 0x0E, 0x95, 0x74, 0xA0, 0xDD,
    0x36, 0x04, 0x4A, 0x29, 0x23, 0x31, 0xEC, 0xE7, 0x12, 0xB4, 0x8E, 0x85, 0x1F, 0x9D, 0xB0, 0xCE,
    0x11, 0x16, 0x09, 0x3F, 0x28, 0xED, 0x15, 0x27, 0x0A, 0x65, 0xE0, 0x06, 0x51, 0x8D, 0x5B, 0xB8,
    0x28, 0x9F, 0x8C, 0x1A, 0x70, 0x64, 0xE1, 0xBE, 0x63, 0x61, 0x4D, 0xC2, 0x8B, 0x89, 0x13, 0x53,
    0x2C, 0xA3, 0x66, 0x07, 0xE4, 0x08, 0x3B, 0x55, 0x00, 0xBD, 0xA6, 0x0F, 0xE6, 0xF1, 0xDF, 0xF4,
    0x5A, 0xE6, 0x51, 0xBF, 0x4B, 0x62, 0xD6, 0xC8, 0xE1, 0x96, 0x60, 0x87, 0x63, 0xEE, 0x7B, 0x92,
    0x72, 0x2F, 0xBC, 0xBB, 0x35, 0xD0, 0x35, 0xB2, 0x11, 0xFA, 0x95, 0xF3, 0x85, 0xC7, 0xDD, 0x4A,
    0xF5, 0x61, 0xE4, 0xB6, 0xEE, 0x0E, 0xE2, 0x99, 0xB4, 0x28, 0xEE, 0xB5, 0x02, 0x12, 0x62, 0x74,
    0x59, 0x55, 0x0E, 0xBC, 0x64, 0xF4, 0x2A, 0x09, 0x6B, 0x8A, 0xB2, 0x60, 0x90, 0xB7, 0xF5, 0xB8,
    0xB9, 0x32, 0x3F, 0xEA, 0xB4, 0x02, 0x12, 0xAD, 0x42, 0x26, 0x1F, 0x69, 0x01, 0x89, 0x61, 0xB7,
    0x80, 0x44, 0xE7, 0x0B, 0x48, 0xC4, 0x3A, 0x26, 0xBE, 0x98, 0xC4, 0x7D, 0x3A, 0xDD, 0xFC, 0xEB,
    0x2A, 0x6B, 0x09, 0x4F, 0xDF, 0xDF, 0x87, 0x58, 0xC5, 0xF8, 0x83, 0xAD, 0x62, 0x68, 0x65, 0xB8,
    0x36, 0xA4, 0x7F, 0x87, 0x65, 0x40, 0x3E, 0x44, 0x19, 0x0F, 0xC6, 0xC4, 0x71, 0xFC, 0x75, 0xCA,
    0x78, 0xFC, 0x7F, 0xED, 0x9A, 0x01, 0xA4, 0x25, 0xD7, 0x19, 0xC7, 0xFF, 0x67, 0x26, 0xEF, 0x0D,
    0x3B, 0x98, 0x45, 0x82, 0xA6, 0x92, 0x81, 0x96, 0x24, 0x74, 0x07, 0x40, 0xAB, 0x9B, 0x99, 0x36,
    0x80, 0x45, 0x1F, 0x92, 0x2A, 0x45, 0x8B, 0x40, 0x8A, 0x2C, 0x14, 0x45, 0x76, 0x67, 0x0A, 0xA0,
    0x34, 0x0F, 0x85, 0x0A, 0xB2, 0x58, 0x24, 0x5B, 0x14, 0xA2, 0x1A, 0xB2, 0x99, 0xA9, 0xD0, 0x68,
    0x03, 0x23, 0x69, 0x45, 0x5B, 0x64, 0x90, 0x16, 0x8A, 0x4E, 0x6B, 0x5A, 0xB3, 0x35, 0x33, 0x5F,
    0x77, 0xBE, 0xFF, 0xE7, 0x5C, 0x93, 0x2E, 0x82, 0x6A, 0xDE, 0x7D, 0xEF, 0x1E, 0xF7, 0xCD, 0xFF,
    0xDE, 0xB7, 0x6F, 0xCD, 0x39, 0xDF, 0xEF, 0x7F, 0xEE, 0xF9, 0xBE, 0x39, 0x07, 0x00, 0xB2, 0x01,
    0xDA, 0xCA, 0x91, 0x2A, 0x93, 0x4A, 0x60, 0x1A, 0x9A, 0xC6, 0x1F, 0xCD, 0xAA, 0xC9, 0xCB, 0xD4,
    0x3C, 0x59, 0x54, 0x6F, 0x98, 0x4E, 0x89, 0xAC, 0x12, 0x0C, 0xB1, 0x6A, 0xD8, 0x53, 0xE3, 0x26,
    0x92, 0x02, 0x40, 0x5A, 0x51, 0x73, 0x84, 0x52, 0x01, 0xB8, 0x69, 0x2A, 0x22, 0xD2, 0x00, 0x81,
    0x69, 0xD8, 0x23, 0x5C, 0x35, 0x69, 0x11, 0x48, 0x0B, 0xA4, 0x0D, 0x35, 0x07, 0x9C, 0x74, 0x40,
    0x6D, 0x3A, 0x03, 0x90, 0xF5, 0x6F, 0x81, 0x40, 0x46, 0xD4, 0xD2, 0x43, 0x44, 0x2A, 0xD3, 0x02,
    0xFF, 0xD5, 0xA2, 0x81, 0x9A, 0xCD, 0xD4, 0x7C, 0xAB, 0xC8, 0x46, 0xEA, 0x71, 0x41, 0x3D, 0x3A,
    0x01, 0xE0, 0x6A, 0x79, 0xA5, 0x45, 0xAC, 0x5D, 0xCB, 0xC7, 0x48, 0x1A, 0x48, 0x17, 0x4A, 0x13,
    0x48, 0x13, 0x4A, 0x15, 0x0A, 0x22, 0x29, 0x92, 0x05, 0xB1, 0x20, 0x99, 0x91, 0x08, 0xB2, 0x09,
    0xC9, 0x82, 0x7C, 0xB4, 0x6B, 0x3A, 0xA3, 0x1C, 0x90, 0x4F, 0x28, 0x7B, 0xBB, 0xD6, 0x23, 0xCA,
    0xDE, 0xC9, 0x88, 0x72, 0x08, 0x65, 0xFD, 0xA7, 0x24, 0x1F, 0x91, 0xC9, 0xDD, 0x7C, 0x79, 0x23,
    0x91, 0x31, 0x93, 0x3E, 0x94, 0x36, 0x91, 0x02, 0x0F, 0x03, 0x27, 0xB0, 0xE6, 0xEE, 0x69, 0x18,
    0x75, 0x4C, 0xC9, 0xEE, 0x8A, 0x58, 0xC3, 0xEE, 0x4E, 0xB1, 0x6D, 0xF1, 0x42, 0xCD, 0xA5, 0x52,
    0xFD, 0x6A, 0xD6, 0xA8, 0x22, 0x35, 0xCD, 0x2B, 0xE2, 0x5D, 0x2C, 0x2E, 0x9D, 0x69, 0x63, 0xE3,
    0xAF, 0xE0, 0xDB, 0xF9, 0x75, 0x87, 0x63, 0x08, 0xA5, 0x03, 0x90, 0x5C, 0xEB, 0x01, 0xB8, 0xB0,
    0xD7, 0x0E, 0xE9, 0xF5, 0xBA, 0x06, 0x83, 0x23, 0xE1, 0xF8, 0xF5, 0xD7, 0x67, 0xCC, 0x19, 0xAF,
    0x51, 0xC2, 0x91, 0x1A, 0xB7, 0x0A, 0x60, 0x49, 0x8D, 0xFF, 0xF3, 0xAA, 0x92, 0x37, 0xB4, 0x7F,
    0xDC, 0x41, 0x03, 0x1D, 0x18, 0x50, 0x5C, 0x04, 0xCE, 0x00, 0x1E, 0x81, 0xB6, 0x05, 0xEC, 0x97,
    0x8E, 0xE5, 0x5A, 0xA3, 0xD3, 0xE8, 0xB7, 0x3A, 0x82, 0x8F, 0x3A, 0x00, 0x6E, 0x8E, 0x06, 0xE2,
    0x9F, 0x56, 0xC4, 0x1A, 0xE8, 0x2D, 0x71, 0x43, 0x6E, 0xCC, 0x0D, 0x3A, 0xA9, 0x83, 0xD8, 0x41,
    0xEE, 0x20, 0x78, 0x23, 0x6F, 0xE8, 0x8D, 0xBD, 0xC1, 0x37, 0xFA, 0x86, 0xDF, 0xF8, 0x9B, 0x01,
    0xCC, 0x01, 0x66, 0x01, 0xF3, 0x00, 0x68, 0x02, 0x98, 0x0B, 0xBC, 0x0D, 0x9C, 0x79, 0x00, 0x93,
    0xE9, 0x4D, 0xD3, 0xD4, 0x78, 0x04, 0xA5, 0x14, 0x07, 0x1F, 0x3C, 0xCB, 0x21, 0x71, 0x80, 0x1A,
    0x8F, 0xF8, 0x1D, 0x29, 0x80, 0xE0, 0x55, 0x69, 0x68, 0x01, 0x3A, 0x80, 0x06, 0x20, 0xFF, 0x33,
    0x37, 0xDF, 0x9D, 0x69, 0xDE, 0x51, 0x7F, 0xD1, 0x53, 0x9D, 0x69, 0xD4, 0x71, 0xFE, 0x3F, 0x6E,
    0xF3, 0xFF, 0x5B, 0x07, 0xEE, 0xBE, 0xA5, 0x1A, 0xA3, 0xAB, 0x1C, 0xC3, 0x5B, 0x1A, 0xB5, 0x41,
    0xBF, 0x08, 0x5A, 0x20, 0x91, 0xF7, 0xF6, 0xC4, 0x03, 0x8F, 0x16, 0x47, 0xAA, 0x32, 0x5C, 0x21,
    0x1B, 0x42, 0x09, 0xDB, 0x5A, 0xA1, 0xB9, 0xE2, 0xD2, 0x36, 0x1B, 0x48, 0x7C, 0x2E, 0x70, 0xF8,
    0x0E, 0x50, 0xA0, 0x00, 0xF2, 0x31, 0xA9, 0xF4, 0x1E, 0xAB, 0x05, 0xCA, 0x19, 0x70, 0xA7, 0x2B,
    0x73, 0x6B, 0x21, 0x13, 0xAC, 0xBD, 0xF9, 0x56, 0x38, 0xBE, 0x63, 0xFE, 0x36, 0xC2, 0xA5, 0x28,
    0x61, 0x27, 0x59, 0xAB, 0xA4, 0x47, 0xE6, 0x33, 0x69, 0x4B, 0xD2, 0x47, 0xC0, 0xC9, 0x05, 0x9A,
    0xF5, 0xDB, 0x14, 0x1A, 0x60, 0xAF, 0x98, 0x40, 0x53, 0xED, 0xF7, 0xB3, 0x8A, 0x4F, 0xA6, 0x83,
    0x3B, 0xCC, 0x0E, 0x1B, 0x00, 0x99, 0xE6, 0x88, 0xF5, 0xCB, 0x3D, 0x10, 0xCC, 0xE1, 0xA8, 0x5E,
    0x98, 0xCF, 0xA4, 0x17, 0x34, 0x8B, 0xF9, 0x74, 0xB5, 0x42, 0xDC, 0x53, 0x93, 0x86, 0x9A, 0x53,
    0x40, 0x17, 0xB8, 0xAE, 0xE8, 0x55, 0x87, 0xB0, 0xA3, 0x2B, 0xEA, 0x46, 0xB5, 0xB6, 0xB8, 0xA5,
    0x23, 0x2E, 0xD2, 0x1A, 0x12, 0x68, 0x92, 0x15, 0xF5, 0xBB, 0x88, 0x3D, 0x0D, 0x00, 0xB7, 0xBF,
    0xFB, 0x84, 0x2E, 0x26, 0x23, 0x80, 0xF2, 0x95, 0x1E, 0x40, 0xAE, 0x8E, 0xB1, 0x51, 0x14, 0x38,
    0x63, 0xFE, 0xC8, 0x8B, 0x6D, 0x21, 0x18, 0xB7, 0xD4, 0xA0, 0x37, 0xEA, 0x27, 0x3B, 0xEA, 0x07,
    0xEA, 0x97, 0x2A, 0xED, 0x6C, 0xCB, 0xBE, 0xEC, 0x2A, 0xC1, 0xDB, 0x5F, 0xD8, 0x2B, 0xEA, 0xBE,
    0x85, 0x8B, 0xE9, 0x77, 0xAC, 0x8B, 0x89, 0x69, 0x46, 0xC1, 0x60, 0x2E, 0x38, 0x3D, 0xB8, 0xC0,
    0x74, 0xC7, 0xB2, 0x2E, 0x00, 0xB8, 0xBF, 0x6A, 0x24, 0x9E, 0xD1, 0x6B, 0xA2, 0xD7, 0x9B, 0xEA,
    0x88, 0xEF, 0xEF, 0x97, 0x23, 0x2E, 0x55, 0x47, 0xAA, 0xF9, 0x48, 0xF4, 0x22, 0x33, 0xCB, 0x08,
    0xA2, 0x73, 0x27, 0xC7, 0x9B, 0x2C, 0xD2, 0x75, 0x38, 0x38, 0x62, 0xE7, 0x08, 0xA7, 0x41, 0x4C,
    0xA6, 0xB8, 0x5A, 0x39, 0xCB, 0xDA, 0xD1, 0x6C, 0x59, 0x5D, 0x70, 0xCC, 0xE1, 0xAA, 0x23, 0xB0,
    0x57, 0x8E, 0x08, 0x4E, 0xF1, 0x3C, 0x43, 0x8B, 0x41, 0x3F, 0x8F, 0x11, 0x89, 0x8B, 0xB4, 0x1B,
    0xD2, 0xD9, 0x0C, 0xB6, 0x02, 0x17, 0x30, 0x8B, 0x3C, 0xEE, 0xA8, 0xE9, 0xF4, 0xE9, 0x9E, 0x20,
    0xDF, 0xC2, 0x93, 0x00, 0x46, 0xBC, 0x04, 0x60, 0x09, 0x46, 0x8D, 0x23, 0xBD, 0xD0, 0x02, 0x88,
    0xCF, 0xEE, 0x7A, 0x71, 0xFC, 0xB1, 0x0E, 0x53, 0x87, 0x95, 0x2F, 0x36, 0x44, 0x3F, 0xD1, 0x39,
    0x01, 0x52, 0x11, 0x91, 0x1E, 0x19, 0xC5, 0xC9, 0x72, 0xA7, 0xEE, 0xB0, 0xDE, 0x3C, 0x59, 0x43,
    0x3C, 0x20, 0x6E, 0x35, 0xBA, 0x71, 0xA3, 0x92, 0x34, 0x8C, 0x39, 0xE0, 0x68, 0xA9, 0x40, 0x1A,
    0x45, 0xBC, 0x91, 0x88, 0x00, 0x63, 0x8A, 0x25, 0xE9, 0xF4, 0x04, 0xCC, 0x22, 0x29, 0x25, 0x33,
    0x03, 0x4D, 0x5E, 0x6E, 0xD0, 0x7D, 0x93, 0xF6, 0xC1, 0x4D, 0x44, 0x3B, 0x22, 0x90, 0x7F, 0x3E,
    0x77, 0x7D, 0x40, 0xCD, 0x6E, 0x0A, 0xE5, 0x93, 0xED, 0x75, 0x73, 0x69, 0xC5, 0x4E, 0x34, 0x26,
    0xFC, 0x25, 0xB4, 0x3D, 0x4F, 0x71, 0xCF, 0x2A, 0xC5, 0x06, 0xB1, 0x48, 0x8F, 0xBC, 0xCF, 0x47,
    0x48, 0x93, 0x4D, 0x81, 0x14, 0xD9, 0x14, 0x09, 0xB2, 0x31, 0x99, 0x91, 0xF7, 0xE9, 0x04, 0xE9,
    0xF2, 0x29, 0x92, 0x2A, 0x5F, 0xEA, 0x19, 0xA5, 0x48, 0x8B, 0xF2, 0xDF, 0x3F, 0xD1, 0xAE, 0xED,
    0x2E, 0x58, 0x81, 0x85, 0xEB, 0x50, 0x52, 0x24, 0xF2, 0x17, 0x41, 0xA8, 0xE5, 0x7C, 0x29, 0x2D,
    0xEF, 0xC3, 0xF6, 0xA2, 0x85, 0x87, 0x97, 0x88, 0xEF, 0x0A, 0xEB, 0xD1, 0xAE, 0x71, 0x66, 0x20,
    0x65, 0xAF, 0x1F, 0x67, 0xDA, 0xA2, 0x2C, 0x7C, 0xC2, 0xE7, 0xEA, 0x82, 0xB3, 0x8B, 0xA3, 0xED,
    0x60, 0x53, 0x9F, 0x6D, 0xEF, 0x91, 0xC6, 0xF7, 0xEC, 0x41, 0x07, 0xAE, 0x66, 0x0D, 0x70, 0x59,
    0x07, 0x9D, 0x55, 0x80, 0x13, 0xDB, 0xFD, 0xE1, 0x16, 0x47, 0x54, 0x01, 0x9F, 0x09, 0xCC, 0x47,
    0x0B, 0x57, 0x60, 0x0D, 0x64, 0xAC, 0x9D, 0x5A, 0xD6, 0x3C, 0x2C, 0x14, 0x11, 0x00, 0xF1, 0xAF,
    0x64, 0xD6, 0x8C, 0x2C, 0x23, 0x1C, 0x9C, 0x17, 0x28, 0x4F, 0xE2, 0x48, 0xBB, 0x92, 0x02, 0x91,
    0xCC, 0x37, 0x81, 0x44, 0xC3, 0x92, 0x3E, 0x23, 0x03, 0x70, 0x05, 0x65, 0xEB, 0x9F, 0x6B, 0x7A,
    0x24, 0xC6, 0x84, 0x50, 0x48, 0x45, 0xB1, 0x40, 0xB9, 0x40, 0xC1, 0x40, 0xC9, 0x40, 0xD1, 0x40,
    0xD9, 0x40, 0xE1, 0x90, 0x0E, 0xF1, 0x90, 0xCA, 0xE6, 0xAA, 0x88, 0xC8, 0x88, 0x90, 0x48, 0x89,
    0x98, 0xEC, 0xE6, 0x6C, 0x4F, 0x15, 0xD4, 0xB7, 0x29, 0xC1, 0xC0, 0xE8, 0xBD, 0xDB, 0x30, 0x52,
    0x7F, 0x60, 0x38, 0xDE, 0xEB, 0x59, 0x73, 0x07, 0x13, 0xEB, 0x43, 0xFE, 0xF9, 0x83, 0x01, 0x22,
    0x33, 0x35, 0x84, 0x9E, 0xA1, 0x41, 0xF4, 0x14, 0x0D, 0x23, 0x39, 0x7A, 0x90, 0x9E, 0x24, 0xC2,
    0xAD, 0x1A, 0x4C, 0x4F, 0x73, 0xFB, 0x6C, 0x83, 0x40, 0x3D, 0x51, 0x8F, 0xD4, 0x33, 0xF5, 0x50,
    0x8D, 0xAA, 0xC7, 0x6A, 0x5C, 0x61, 0x60, 0x61, 0x64, 0x21, 0x54, 0xB6, 0xE7, 0x38, 0x7E, 0xCB,
    0x1D, 0x10, 0x4B, 0x52, 0x01, 0xA9, 0xFC, 0x14, 0x40, 0xFD, 0xF3, 0x16, 0x08, 0xE6, 0xB8, 0x07,
    0x92, 0xCE, 0x4D, 0x58, 0x8D, 0xF0, 0xF0, 0x99, 0xE2, 0xFC, 0x94, 0x8D, 0x9F, 0x92, 0x54, 0x2A,
    0xE1, 0x07, 0x0C, 0xEB, 0xAB, 0xD2, 0x7A, 0xC4, 0x24, 0x4C, 0xC0, 0xE7, 0x6A, 0x7A, 0x6A, 0x1C,
    0x66, 0x1F, 0x84, 0xE4, 0x47, 0xA2, 0x3B, 0x22, 0x15, 0xE9, 0x29, 0x3C, 0x65, 0x47, 0x74, 0x9F,
    0xD1, 0x02, 0x68, 0x6E, 0x1E, 0x55, 0x1E, 0x7B, 0x4B, 0x05, 0x2F, 0xB1, 0x33, 0x23, 0x67, 0x65,
    0xAB, 0xF1, 0x79, 0xFF, 0xFC, 0x03, 0xF3, 0x2D, 0xD3, 0x3E, 0x7D, 0x45, 0xDD, 0x7E, 0x59, 0x43,
    0x13, 0xEC, 0xE6, 0x9F, 0xFC, 0x78, 0x2F, 0xE6, 0x1F, 0x8E, 0x4F, 0x5D, 0xA1, 0xB9, 0x65, 0xDC,
    0x68, 0x67, 0x34, 0x6E, 0x43, 0xA6, 0x91, 0x3A, 0x09, 0x6E, 0xC3, 0xDA, 0x2E, 0xCE, 0xC9, 0x45,
    0x98, 0x94, 0xB6, 0x4D, 0x51, 0x0E, 0x09, 0x00, 0x91, 0x1A, 0x08, 0x86, 0x7A, 0x02, 0x82, 0x2A,
    0xEE, 0x00, 0x6B, 0xB1, 0x70, 0x9C, 0xD5, 0x7E, 0x90, 0xC6, 0x9D, 0x5B, 0x0C, 0x6C, 0xCF, 0xCE,
    0x8F, 0xDA, 0xFB, 0x7F, 0x68, 0x84, 0xCA, 0xAA, 0x56, 0x9A, 0xDC, 0x97, 0x3D, 0xC1, 0x11, 0xD8,
    0x2E, 0x6A, 0x89, 0x11, 0xDC, 0xD1, 0x1E, 0x55, 0xF6, 0xCC, 0x40, 0xBE, 0xD1, 0x23, 0x9C, 0x42,
    0x1D, 0xF4, 0x44, 0xB4, 0x67, 0xB9, 0x14, 0x89, 0x04, 0x56, 0x85, 0x3C, 0xA6, 0x35, 0x88, 0x5E,
    0xD2, 0xC6, 0xAA, 0x8F, 0x70, 0x80, 0x55, 0x1E, 0x41, 0xB5, 0x83, 0x3C, 0xAC, 0x88, 0x87, 0x15,
    0x70, 0xC1, 0x08, 0xA3, 0xEE, 0x01, 0xC8, 0xEE, 0xD2, 0x11, 0xAA, 0x22, 0xDD, 0x74, 0xA1, 0xB2,
    0xCD, 0x8E, 0x58, 0x88, 0x91, 0x10, 0x89, 0x30, 0x9B, 0x8D, 0x9B, 0x5D, 0x46, 0xD8, 0x58, 0x65,
    0x60, 0xC5, 0xBF, 0x22, 0x6B, 0x41, 0x27, 0x64, 0x1D, 0x64, 0x46, 0xBF, 0xA0, 0x78, 0x1B, 0x98,
    0x11, 0x8D, 0x48, 0x4F, 0x91, 0x01, 0xBA, 0xCF, 0xCA, 0x40, 0xDF, 0x7F, 0x45, 0x5A, 0x85, 0x47,
    0x52, 0xC4, 0x82, 0x84, 0xAF, 0x05, 0xE9, 0x8C, 0x6C, 0x5A, 0xEF, 0x91, 0x8F, 0xEB, 0xAB, 0x1C,
    0xD6, 0x57, 0x3D, 0x5C, 0x2E, 0x97, 0x21, 0x97, 0x7E, 0xB5, 0xD8, 0xC9, 0x99, 0x19, 0xE6, 0xAE,
    0xBD, 0xC9, 0xA2, 0x91, 0x56, 0xE3, 0x44, 0x88, 0x16, 0xB3, 0x21, 0x37, 0xCC, 0x62, 0xE1, 0xEF,
    0x13, 0xE1, 0x06, 0xD9, 0xF6, 0xA4, 0x19, 0x62, 0x99, 0xF4, 0x07, 0xE5, 0xC4, 0xBB, 0x96, 0x03,
    0x47, 0x24, 0xF6, 0x23, 0x9D, 0x8E, 0x66, 0x1D, 0x4C, 0xA8, 0x3F, 0x95, 0xFE, 0x44, 0x52, 0xE8,
    0x4F, 0x2C, 0x5F, 0xBB, 0xAF, 0x7F, 0x2B, 0x42, 0x11, 0xF6, 0xD5, 0x26, 0x7E, 0x7C, 0x0A, 0xE4,
    0x03, 0x50, 0x8F, 0xFC, 0x29, 0x7B, 0xFF, 0x44, 0x85, 0xCD, 0xF1, 0x69, 0x54, 0x26, 0x32, 0x02,
    0x4E, 0xFE, 0x7C, 0x7D, 0x01, 0x62, 0xD1, 0x28, 0x65, 0x93, 0xDE, 0xB2, 0x64, 0x0F, 0xA4, 0x5D,
    0x3B, 0xA4, 0x21, 0xAC, 0x87, 0x48, 0x34, 0xEA, 0x89, 0x60, 0x95, 0x74, 0x51, 0xD1, 0xD8, 0xD5,
    0xA3, 0x06, 0xAE, 0x1E, 0x54, 0x64, 0x28, 0x55, 0xFA, 0x7A, 0xF4, 0x12, 0x48, 0x5B, 0x0F, 0x0A,
    0x83, 0x52, 0xAD, 0xF4, 0x62, 0xD1, 0x51, 0xAF, 0xB3, 0x8C, 0x01, 0x48, 0x67, 0x1D, 0x7F, 0x2C,
    0x36, 0xE4, 0x4E, 0x6F, 0x52, 0xAF, 0xCC, 0x81, 0x58, 0xA9, 0x03, 0x8F, 0x14, 0x5B, 0x08, 0x0F,
    0xFA, 0x56, 0xA8, 0x1E, 0xF0, 0xAD, 0x70, 0xB4, 0xCE, 0x42, 0x67, 0x5F, 0x5A, 0x32, 0xAC, 0x21,
    0x5A, 0xEF, 0x27, 0x6D, 0x2C, 0xD0, 0x07, 0x43, 0x85, 0xBE, 0x29, 0x92, 0x65, 0xFD, 0x98, 0x4D,
    0xEB, 0x35, 0xE7, 0x75, 0x5C, 0xC3, 0x5D, 0x8E, 0xAB, 0x83, 0xCA, 0x61, 0xA5, 0xB9, 0x5E, 0x97,
    0x35, 0x48, 0xD9, 0x84, 0x72, 0x50, 0xDB, 0x0E, 0xA8, 0xD7, 0x8F, 0x4E, 0x1A, 0x24, 0xF2, 0x6D,
    0x25, 0x24, 0x1A, 0x14, 0x39, 0xF5, 0x4F, 0x7C, 0x76, 0x78, 0xC8, 0x9A, 0x78, 0xC8, 0x8E, 0x98,
    0x08, 0xEA, 0x7F, 0xFC, 0x54, 0xE2, 0x5C, 0xF0, 0x0E, 0xF4, 0x13, 0xF3, 0x17, 0x1E, 0x37, 0x44,
    0xA4, 0x57, 0xAE, 0xE9, 0x65, 0xE3, 0xEB, 0x28, 0xD7, 0xEB, 0x95, 0x71, 0x38, 0x53, 0xE8, 0xBF,
    0x67, 0x3A, 0x53, 0x42, 0x8E, 0x42, 0xAE, 0x55, 0x44, 0xFC, 0x1B, 0xE8, 0x48, 0x5E, 0xEE, 0x00,
    0xDD, 0x29, 0x1F, 0x0C, 0xF5, 0x84, 0x4D, 0xDB, 0x30, 0x35, 0xA8, 0x46, 0xD5, 0x63, 0x85, 0x71,
    0x85, 0x81, 0x35, 0xB2, 0x30, 0xB4, 0x30, 0xB6, 0x30, 0xB8, 0x30, 0xBA, 0x30, 0xBC, 0x30, 0xBE,
    0x30, 0xC0, 0x30, 0xC2, 0x30, 0xC4, 0x30, 0xC6, 0x30, 0xC8, 0xA6, 0x15, 0x0C, 0x33, 0x8C, 0x33,
    0x0C, 0x34, 0x8C, 0x34, 0x0C, 0xB5, 0x67, 0x4D, 0xD8, 0x9E, 0xF6, 0x76, 0x7A, 0xDB, 0xDB, 0x72,
    0x77, 0x3C, 0x2F, 0x90, 0x77, 0x3A, 0xFD, 0xE3, 0x3F, 0xEA, 0xD0, 0xFF, 0xA4, 0x01, 0x14, 0xCD,
    0x62, 0xC3, 0x41, 0xB3, 0x58, 0x57, 0xE0, 0x21, 0x6C, 0xC9, 0x1B, 0x7A, 0x63, 0x6F, 0xF0, 0x8D,
    0xBE, 0xE1, 0x07, 0xF9, 0x83, 0x06, 0x00, 0x1D, 0x80, 0x9C, 0x42, 0x0F, 0x80, 0x26, 0x00, 0x5D,
    0x60, 0x36, 0x30, 0x1F, 0x98, 0x11, 0xCC, 0x09, 0x66, 0x05, 0xF3, 0x02, 0xCD, 0xE0, 0xDD, 0xE0,
    0xED, 0xF0, 0x02, 0xA5, 0xA4, 0x64, 0x85, 0x4A, 0xFC, 0xAE, 0x42, 0x75, 0x3C, 0x53, 0x47, 0x2B,
    0xD0, 0x09, 0x5B, 0x23, 0x9C, 0x93, 0x99, 0xCD, 0xAB, 0xED, 0xAC, 0xEF, 0xB6, 0x04, 0xA3, 0xF7,
    0x65, 0xD5, 0x9F, 0x49, 0x4B, 0xC8, 0x64, 0x4C, 0xC4, 0x24, 0x7C, 0xD6, 0x66, 0xB6, 0xA3, 0xA4,
    0x83, 0xCA, 0x97, 0x8D, 0x13, 0x2B, 0xED, 0x60, 0xD8, 0x4D, 0xF2, 0x54, 0x7E, 0x7D, 0x61, 0xB8,
    0xFA, 0x16, 0x8F, 0xBA, 0x74, 0xDD, 0xD5, 0x0F, 0x57, 0x2D, 0x32, 0x36, 0x95, 0x63, 0xF9, 0xA0,
    0xD8, 0x0B, 0xC6, 0x97, 0x2A, 0x67, 0x47, 0xDF, 0x0A, 0xEE, 0x97, 0x71, 0xBB, 0x77, 0xE6, 0x6E,
    0xEF, 0xAD, 0x07, 0xAE, 0xD8, 0x17, 0x07, 0xB5, 0x6D, 0x68, 0xCD, 0x51, 0xA3, 0xE5, 0x6E, 0x05,
    0x8C, 0xD7, 0x05, 0xC0, 0xAD, 0x60, 0x84, 0x35, 0x2B, 0x26, 0xE3, 0x7D, 0x99, 0xD4, 0x3C, 0xC0,
    0x86, 0x84, 0x18, 0x33, 0x69, 0x61, 0x67, 0xD8, 0x3C, 0xCD, 0xB8, 0xF3, 0x07, 0xDD, 0x2F, 0x78,
    0x6A, 0xED, 0xEE, 0x54, 0xFA, 0x6F, 0xAD, 0xFA, 0xBE, 0x07, 0x50, 0x7E, 0x38, 0x00, 0x6E, 0x71,
    0x93, 0xEE, 0x1B, 0xDD, 0xF4, 0x80, 0xF7, 0x32, 0x15, 0xE7, 0x11, 0x51, 0x3A, 0x9C, 0x8A, 0x7C,
    0xA0, 0x42, 0x1A, 0x6A, 0xB0, 0x6C, 0xCF, 0x05, 0xB2, 0x18, 0xBB, 0x02, 0x6B, 0x52, 0xD1, 0x1A,
    0x6B, 0x9F, 0x58, 0xC4, 0x4A, 0x63, 0xF6, 0x28, 0x2B, 0x33, 0x48, 0x0E, 0xB3, 0xC8, 0xD3, 0xA0,
    0x49, 0xFE, 0x3E, 0x82, 0x36, 0x91, 0x16, 0x34, 0xCA, 0x0C, 0x9F, 0xB9, 0xF9, 0xD4, 0xCD, 0xE7,
    0x6E, 0x3E, 0x79, 0xF3, 0xD9, 0x9B, 0x4F, 0xDF, 0x7C, 0xFE, 0xE6, 0x13, 0x38, 0x9F, 0xC1, 0xF9,
    0x14, 0xCE, 0xE7, 0x70, 0x3E, 0x89, 0xF3, 0x59, 0x9C, 0x4F, 0xE3, 0x7C, 0x1E, 0xE7, 0x13, 0x39,
    0x6F, 0x25, 0x6F, 0x26, 0x6F, 0x27, 0x6F, 0x28, 0x5A, 0xE4, 0xD4, 0xBB, 0xC9, 0x3F, 0x27, 0xCA,
    0x06, 0x95, 0xB2, 0xE2, 0x26, 0x08, 0x03, 0x7E, 0x82, 0xAC, 0x63, 0x8C, 0xFB, 0xD5, 0x29, 0xAB,
    0x38, 0x91, 0x36, 0xEB, 0xD5, 0x2B, 0x49, 0xA7, 0x66, 0x49, 0x1A, 0x75, 0x4B, 0x46, 0xBB, 0x8C,
    0x50, 0xBF, 0xB4, 0xFF, 0xCF, 0xFC, 0xED, 0xD2, 0xEB, 0x54, 0x44, 0x42, 0x45, 0x20, 0x05, 0xD8,
    0xEA, 0x86, 0x8A, 0xB4, 0x83, 0x4F, 0xF5, 0xAD, 0x9D, 0xE0, 0xE0, 0x0A, 0x53, 0x7E, 0xC5, 0xFA,
    0x6D, 0xB9, 0xBA, 0x55, 0xC9, 0x7A, 0x95, 0x78, 0x50, 0x71, 0x13, 0x5D, 0xF1, 0xF0, 0x7E, 0xB8,
    0xC2, 0x37, 0x12, 0xF1, 0x89, 0x80, 0x2F, 0xDE, 0x7D, 0xF9, 0xEE, 0x0B, 0x78, 0x5F, 0xC2, 0xFB,
    0x64, 0xD1, 0x97, 0xF1, 0x56, 0xC8, 0x1F, 0x0C, 0x63, 0xCA, 0x87, 0x00, 0x7E, 0x17, 0xC3, 0x1E,
    0x03, 0x20, 0xA2, 0xC4, 0x9D, 0x4A, 0xD9, 0xD8, 0xB7, 0x89, 0x4A, 0xAF, 0xF6, 0x71, 0xDD, 0x9E,
    0xD8, 0xE7, 0x05, 0x5D, 0x36, 0x34, 0xA4, 0x99, 0xD9, 0xE8, 0xDE, 0x0D, 0x7A, 0xC6, 0xFE, 0x07,
    0xB2, 0xC8, 0xE2, 0x73, 0x95, 0x33, 0x86, 0xED, 0xE0, 0x11, 0xAA, 0x1E, 0x12, 0x81, 0x3F, 0x24,
    0x12, 0xC8, 0x72, 0x7D, 0x73, 0x48, 0x64, 0xB2, 0x43, 0x22, 0x5C, 0xDB, 0xF7, 0xE8, 0x4B, 0xE5,
    0xC0, 0x17, 0xD8, 0xB6, 0x2B, 0x05, 0x15, 0xD2, 0x51, 0x9D, 0xF4, 0xB0, 0xD9, 0xD3, 0x61, 0x9B,
    0x9E, 0xE1, 0x73, 0xD8, 0xB5, 0xBD, 0x63, 0x8F, 0xE0, 0x63, 0x4B, 0x3F, 0x55, 0xB2, 0x45, 0x25,
    0x9F, 0x77, 0x67, 0x29, 0xB9, 0xB7, 0xA0, 0x7E, 0xE8, 0x63, 0x11, 0xE4, 0xF7, 0x35, 0x11, 0xC1,
    0xB1, 0xCC, 0x85, 0xAB, 0x7F, 0x47, 0x4E, 0x39, 0xA8, 0x4F, 0xDB, 0xD1, 0x98, 0x1B, 0x86, 0xED,
    0x2E, 0x08, 0xE0, 0x2D, 0xA3, 0x37, 0x19, 0xBC, 0x91, 0xF9, 0xBE, 0x1B, 0xA0, 0x43, 0x0A, 0x7A,
    0x3A, 0x25, 0xDC, 0xA9, 0x0E, 0x2E, 0xEC, 0xD8, 0xB3, 0xA8, 0x85, 0x8E, 0x32, 0x6E, 0x48, 0x39,
    0xF1, 0x4A, 0xE2, 0xA9, 0xF9, 0x21, 0x03, 0x18, 0x06, 0x73, 0xC3, 0x5D, 0xA8, 0xDF, 0xB4, 0x54,
    0x4C, 0xE4, 0xF7, 0xD7, 0x7B, 0xB5, 0x82, 0x30, 0x53, 0x2C, 0x65, 0xB4, 0x83, 0x32, 0x0F, 0x3E,
    0x49, 0x9A, 0x4F, 0xD4, 0x72, 0xA3, 0x1A, 0x63, 0xCF, 0xDA, 0x9A, 0xBA, 0xDF, 0xE9, 0x2E, 0x54,
    0x20, 0xB6, 0x11, 0xC5, 0x57, 0x24, 0x05, 0x77, 0xA4, 0xF4, 0xE5, 0xF7, 0xA5, 0xF4, 0x35, 0xAF,
    0x63, 0xF3, 0x1B, 0x54, 0xF6, 0x1A, 0x51, 0x8F, 0xEB, 0x55, 0x06, 0x94, 0x43, 0xA8, 0xD7, 0xB8,
    0xEE, 0x51, 0x4F, 0x5F, 0x2A, 0x87, 0xCB, 0xA5, 0x8C, 0xBA, 0x71, 0xD5, 0x71, 0xEF, 0x2A, 0xD5,
    0xED, 0xAB, 0x1D, 0x4F, 0xF7, 0xCB, 0xDD, 0x86, 0x69, 0xEA, 0xAF, 0x9C, 0x1D, 0x8A, 0x71, 0xD3,
    0xB2, 0x91, 0x5A, 0x0B, 0xF5, 0x8D, 0x92, 0x8A, 0xDC, 0xB4, 0xA6, 0x44, 0x13, 0x35, 0x69, 0x4D,
    0x0B, 0xEA, 0x25, 0x58, 0xBB, 0x18, 0xEE, 0x08, 0x96, 0x5D, 0xD1, 0x9E, 0x6A, 0x9A, 0xF5, 0x50,
    0xDC, 0xF9, 0xB8, 0xB0, 0xD2, 0x08, 0xEE, 0xF1, 0xB4, 0x87, 0x5E, 0x69, 0xA3, 0x33, 0xE4, 0x90,
    0x4B, 0x77, 0x54, 0x18, 0x2C, 0x5A, 0xBA, 0xA7, 0x3A, 0x8E, 0x19, 0x08, 0xE7, 0x6D, 0x1E, 0xC9,
    0x5A, 0x53, 0x6D, 0xA5, 0xC1, 0x31, 0xCE, 0xCF, 0x18, 0xE8, 0xF5, 0x0D, 0x49, 0x3B, 0x81, 0xA1,
    0x9E, 0x61, 0xAC, 0x27, 0x83, 0x1D, 0xF5, 0xA4, 0xFD, 0x76, 0x5D, 0x11, 0x77, 0x3D, 0x7A, 0xDE,
    0x1E, 0xB8, 0x27, 0xEE, 0x91, 0x1B, 0xEB, 0xED, 0x1B, 0xA3, 0xEE, 0xB1, 0x7B, 0xEE, 0x04, 0xBE,
    0x7D, 0x63, 0xE8, 0x3D, 0x7B, 0x0F, 0xDF, 0xD3, 0xF7, 0xF8, 0x3D, 0x7F, 0x6F, 0x00, 0xEF, 0x00,
    0x6F, 0x01, 0xD6, 0x15, 0x95, 0x6A, 0x22, 0xDB, 0x39, 0x54, 0xB6, 0x54, 0xA1, 0x84, 0x03, 0x97,
    0x05, 0x57, 0x00, 0x75, 0xE5, 0xD7, 0x0B, 0x53, 0x73, 0x82, 0x79, 0x21, 0xAF, 0xE8, 0x86, 0x1C,
    0xF4, 0xC3, 0x5D, 0xA8, 0x23, 0xAE, 0xF5, 0x34, 0x84, 0x14, 0x74, 0xC5, 0x29, 0xCC, 0x17, 0x30,
    0x67, 0xC0, 0xBC, 0x01, 0x73, 0x07, 0x90, 0x53, 0xCD, 0x21, 0x30, 0x8F, 0xC0, 0x5C, 0x02, 0xF3,
    0x09, 0xCC, 0x29, 0x00, 0xBD, 0x02, 0xD0, 0x2D, 0x80, 0xF9, 0x05, 0x3B, 0xC7, 0x3C, 0xFA, 0x9A,
    0x8A, 0xDE, 0xD2, 0x5B, 0xC0, 0x9A, 0x54, 0x54, 0x64, 0x0D, 0x15, 0xB1, 0x77, 0x7C, 0x01, 0x1C,
    0x3C, 0xB3, 0x2D, 0xE6, 0x63, 0xA1, 0x06, 0xA6, 0xDE, 0x17, 0x59, 0x4B, 0x8D, 0x7A, 0x7A, 0x06,
    0x27, 0xFB, 0xED, 0x99, 0xED, 0x02, 0xE3, 0x57, 0x98, 0xED, 0x12, 0x83, 0xDC, 0x14, 0x35, 0xB6,
    0xAB, 0x0C, 0x76, 0xA5, 0x6C, 0x81, 0xDD, 0x42, 0x73, 0xB0, 0xD3, 0x66, 0x19, 0xB2, 0x85, 0xC8,
    0x2F, 0x45, 0xB6, 0x18, 0xF9, 0xF8, 0xD9, 0x82, 0xC4, 0x25, 0x89, 0x6A, 0xF6, 0x0A, 0xBA, 0xFD,
    0xB6, 0x17, 0x4F, 0xAD, 0x83, 0x07, 0xD7, 0xCD, 0x12, 0xF3, 0xCD, 0x6D, 0x1D, 0x9B, 0x7E, 0x5D,
    0x06, 0xAB, 0x6C, 0xCA, 0x0E, 0x6C, 0x0E, 0x38, 0x78, 0x68, 0x5B, 0xC7, 0x42, 0xFA, 0xA4, 0x00,
    0x2B, 0x59, 0x3B, 0x7E, 0xC7, 0x1C, 0xE7, 0x87, 0x32, 0xA9, 0x22, 0xEB, 0xD5, 0x33, 0x70, 0xE7,
    0xE0, 0x2B, 0xE9, 0x40, 0xFF, 0x93, 0xED, 0x45, 0x0A, 0x87, 0x41, 0x03, 0x6C, 0xDF, 0xF0, 0x08,
    0xE1, 0x66, 0x3F, 0x66, 0x53, 0xF2, 0x9E, 0x8B, 0x75, 0xEA, 0xCD, 0xED, 0x43, 0xD5, 0xD8, 0x02,
    0x97, 0xD8, 0xE7, 0x48, 0xB0, 0x0D, 0x00, 0x77, 0x1B, 0x50, 0xEF, 0x4A, 0x7C, 0xBF, 0x11, 0x8D,
    0x60, 0x56, 0x41, 0x49, 0x39, 0xA2, 0x90, 0x83, 0x54, 0xB9, 0x0C, 0xF5, 0x7D, 0x29, 0x65, 0x48,
    0xA5, 0x5B, 0x6F, 0xB8, 0x06, 0x3E, 0x98, 0xB5, 0xEE, 0x0F, 0x07, 0x04, 0xEB, 0x2F, 0x3B, 0x38,
    0xE9, 0x15, 0xFD, 0x7D, 0xC9, 0x0A, 0xA0, 0x1E, 0x70, 0x93, 0xF8, 0x19, 0x06, 0xB5, 0x50, 0x36,
    0xC5, 0xAD, 0x06, 0x29, 0xA9, 0x34, 0x66, 0x39, 0x7B, 0x7C, 0x83, 0x03, 0x18, 0x49, 0xAE, 0xF7,
    0x6C, 0x29, 0x66, 0x4F, 0x9A, 0x93, 0xC2, 0x91, 0x52, 0x52, 0x4A, 0x69, 0x9B, 0x8C, 0x32, 0x53,
    0x26, 0x68, 0x7B, 0xEA, 0xB6, 0x4A, 0xC6, 0x8F, 0xF1, 0xBC, 0xC9, 0x65, 0xEA, 0xC2, 0x3F, 0x72,
    0x66, 0xD2, 0xBB, 0x69, 0x27, 0x08, 0x64, 0x42, 0x34, 0x21, 0x94, 0x49, 0x21, 0xE7, 0x33, 0x12,
    0x51, 0xD4, 0xC1, 0xC2, 0xDB, 0x2F, 0xEC, 0xCC, 0x4C, 0x0C, 0x2C, 0x03, 0x1D, 0x27, 0x58, 0xD0,
    0x6B, 0x91, 0x18, 0xF2, 0xF8, 0xA5, 0xCE, 0x12, 0xE9, 0x74, 0xD8, 0x75, 0x9F, 0xB1, 0x86, 0xB9,
    0x41, 0x10, 0x93, 0xCA, 0xBF, 0x7A, 0xDB, 0x54, 0xE5, 0x98, 0x2A, 0x1B, 0xA1, 0x8A, 0x75, 0x7E,
    0xE0, 0x27, 0x03, 0x68, 0x3B, 0x04, 0xB4, 0xFB, 0xB4, 0xDB, 0x27, 0xF8, 0xE2, 0x37, 0x35, 0x66,
    0xB9, 0x06, 0x02, 0x99, 0x9C, 0xEE, 0x3F, 0xC6, 0x6D, 0xFB, 0x7C, 0xA5, 0xC2, 0x1B, 0xB8, 0x8D,
    0x40, 0x5A, 0xCE, 0xF3, 0xBD, 0xC3, 0x18, 0xDC, 0x56, 0x8C, 0xC9, 0xA2, 0x18, 0x53, 0x51, 0x8C,
    0xA9, 0x28, 0xC6, 0x64, 0x52, 0x8C, 0x9B, 0xE7, 0x20, 0x25, 0x87, 0xCD, 0xF8, 0x04, 0xAD, 0xCD,
    0x5F, 0x8A, 0x9B, 0x18, 0xA7, 0x41, 0x25, 0x2F, 0x54, 0xAE, 0x42, 0xDB, 0x13, 0xE7, 0x66, 0x6A,
    0xFB, 0x2F, 0xAF, 0x5C, 0x54, 0x7E, 0x90, 0x57, 0xAB, 0x5C, 0xCE, 0x54, 0x6C, 0xD8, 0x6E, 0xE1,
    0x5F, 0x7E, 0x4C, 0xA9, 0x28, 0xE7, 0x78, 0xA2, 0x03, 0xEE, 0x16, 0x4E, 0x94, 0x00, 0x7A, 0xFD,
    0xD7, 0x0F, 0x57, 0xA9, 0x45, 0xEF, 0x37, 0x64, 0xFA, 0xA8, 0xBC, 0x8F, 0x18, 0x16, 0x5C, 0x3E,
    0x3F, 0x66, 0x78, 0x01, 0x0F, 0x71, 0x93, 0xE8, 0x8A, 0xFE, 0xCF, 0x7B, 0x77, 0x2D, 0xB1, 0xE6,
    0xF6, 0x50, 0xBF, 0xDD, 0x1C, 0x3A, 0xB7, 0xF8, 0xFF, 0x03, 0xBD, 0x9A, 0x01, 0xA4, 0x26, 0x59,
    0x76, 0x80, 0xBF, 0xAA, 0x9A, 0x7E, 0xB5, 0xA6, 0x24, 0xB5, 0xE8, 0x0E, 0x7A, 0xB3, 0x53, 0x8B,
    0x20, 0xD3, 0x76, 0xA6, 0x20, 0x08, 0xD2, 0xEF, 0xDE, 0xEC, 0x60, 0x31, 0xC8, 0x43, 0xBF, 0x45,
    0x96, 0x0C, 0x08, 0x9B, 0x81, 0x5E, 0x58, 0x22, 0xE6, 0x75, 0xD5, 0xEC, 0x20, 0x08, 0xD2, 0x22,
    0x03, 0x09, 0x34, 0x86, 0xCC, 0xBE, 0x90, 0x0E, 0x1A, 0xBD, 0x74, 0x77, 0xD5, 0x18, 0x12, 0x04,
    0xA9, 0x6C, 0xB0, 0x00, 0xB5, 0xD9, 0x49, 0x82, 0x60, 0xEE, 0xAE, 0xDA, 0x9D, 0xEA, 0xE9, 0x5B,
    0x75, 0x52, 0xE7, 0xD6, 0xFF, 0xFE, 0xF7, 0xBF, 0xE7, 0x75, 0x67, 0x25, 0x6F, 0x73, 0xDE, 0xFD,
    0xBF, 0x7B, 0xAB, 0xEA, 0xDC, 0x73, 0xCE, 0x3D, 0xA7, 0xAF, 0xBF, 0xDE, 0x7D, 0x7D, 0xE0, 0x5E,
    0x20, 0x57, 0x23, 0xFB, 0x5A, 0x5A, 0x67, 0x7F, 0x40, 0x3C, 0x12, 0x0D, 0xA4, 0x13, 0xAF, 0x3C,
    0xB3, 0xBF, 0xFD, 0xD3, 0x16, 0xC7, 0x25, 0xB4, 0x03, 0x78, 0x00, 0xAF, 0xF1, 0xF6, 0x7D, 0x2B,
    0x52, 0xBB, 0x57, 0x70, 0x7F, 0x8C, 0xBB, 0x77, 0x09, 0x86, 0xEF, 0x41, 0x64, 0x49, 0x6B, 0x5E,
    0x81, 0x3B, 0xC7, 0xB6, 0x91, 0xF6, 0xB5, 0xA4, 0xCD, 0xDE, 0x68, 0xE3, 0xF7, 0x5A, 0x92, 0xFF,
    0x7B, 0xAB, 0x01, 0x23, 0xDE, 0xC8, 0x58, 0xC9, 0x50, 0x89, 0x3B, 0x77, 0x59, 0x89, 0xC8, 0xDC,
    0x2C, 0x98, 0x14, 0xFE, 0xDA, 0xE1, 0x22, 0x18, 0x59, 0x84, 0x2A, 0x50, 0xEF, 0xDC, 0x0A, 0x0C,
    0x72, 0xCB, 0xC8, 0x46, 0x7C, 0x25, 0x1B, 0x19, 0xB7, 0x4F, 0x0F, 0x7E, 0x51, 0xBD, 0x57, 0x79,
    0x75, 0x9F, 0xFD, 0xFF, 0xCF, 0x86, 0x4A, 0xA9, 0xF1, 0x98, 0x05, 0x23, 0x5B, 0x79, 0xFB, 0xF8,
    0xF8, 0xF8, 0x9E, 0x2E, 0xDE, 0xE9, 0xE8, 0x2E, 0x7B, 0x96, 0x8A, 0xE4, 0x29, 0x79, 0x4B, 0x69,
    0x31, 0x96, 0xA6, 0xA5, 0x71, 0x34, 0x83, 0xD2, 0x38, 0x7D, 0x1E, 0x3D, 0x24, 0x11, 0x32, 0xB1,
    0xA9, 0xD4, 0x89, 0x58, 0x96, 0xD6, 0xC0, 0x44, 0x3C, 0x52, 0x76, 0x3C, 0x81, 0x03, 0xE0, 0x43,
    0xD5, 0x49, 0x37, 0x3A, 0x35, 0xA2, 0x66, 0x79, 0x1C, 0x74, 0x7A, 0xEE, 0x04, 0x9D, 0xE8, 0x41,
    0x3E, 0x95, 0x93, 0x99, 0xCC, 0x68, 0x3A, 0x83, 0xA1, 0xB0, 0x79, 0x1F, 0x0F, 0x7C, 0x65, 0xF1,
    0xB1, 0x07, 0x15, 0xCD, 0x12, 0x47, 0x88, 0x24, 0xC4, 0x62, 0xC0, 0xD8, 0x0A, 0x9A, 0xB6, 0xA9,
    0x69, 0x9C, 0xF4, 0x34, 0x83, 0xB8, 0x65, 0x14, 0xE2, 0x32, 0xBD, 0xCE, 0xD2, 0xD8, 0xA2, 0x07,
    0x24, 0x92, 0xCE, 0x64, 0xF2, 0xA6, 0x06, 0xF0, 0x67, 0x62, 0x13, 0x79, 0x43, 0x40, 0xAC, 0x40,
    0xA3, 0xE1, 0x4D, 0x78, 0xE2, 0x31, 0x1E, 0x28, 0xBB, 0xDB, 0x1A, 0x6F, 0x88, 0x38, 0xC4, 0x1C,
    0xA2, 0x4E, 0x64, 0xC1, 0x9F, 0xEA, 0xB4, 0x7F, 0x94, 0x3A, 0x96, 0x8F, 0xA5, 0xA6, 0xA9, 0xC5,
    0xAE, 0xDE, 0xEF, 0xF0, 0x84, 0xC8, 0x47, 0x23, 0x85, 0x2B, 0x7B, 0x8C, 0xBD, 0x63, 0xF9, 0xA2,
    0xCE, 0x8D, 0xFB, 0xE8, 0x61, 0xE1, 0xB3, 0xD9, 0xF8, 0x62, 0xAE, 0x7C, 0x39, 0x37, 0x83, 0xF1,
    0x4D, 0x6D, 0xBA, 0x27, 0x18, 0x8E, 0x28, 0x17, 0xE6, 0x75, 0xDE, 0x67, 0x43, 0xE2, 0xA2, 0x91,
    0x03, 0xAE, 0xC2, 0x8D, 0x1A, 0xA8, 0x5A, 0x45, 0x18, 0x59, 0x05, 0xA8, 0x0B, 0xE0, 0xD1, 0x06,
    0xC5, 0xD3, 0xEF, 0x37, 0x6D, 0x21, 0x22, 0x6D, 0xB9, 0xA0, 0xDE, 0xFF, 0x8B, 0x9F, 0xDC, 0xB6,
    0x24, 0x0E, 0xC8, 0x06, 0xA0, 0x18, 0x81, 0x32, 0xC0, 0x01, 0x26, 0xA0, 0x53, 0xB4, 0x8A, 0x5A,
    0x61, 0x15, 0x5B, 0xC3, 0x47, 0xBB, 0xD6, 0x61, 0x50, 0xB8, 0x13, 0x44, 0xFD, 0x09, 0xE2, 0x8E,
    0x53, 0x39, 0x56, 0x44, 0x12, 0x38, 0x07, 0xFA, 0xC0, 0x11, 0xB8, 0x1A, 0xB9, 0x2B, 0x16, 0x33,
    0x3F, 0x93, 0x85, 0x22, 0x02, 0x55, 0xE0, 0x1F, 0x26, 0xDD, 0xEF, 0x03, 0x79, 0x0F, 0x50, 0x38,
    0xA5, 0x59, 0x19, 0x2C, 0x17, 0x56, 0x99, 0x2B, 0xF8, 0x95, 0xC0, 0x2F, 0x07, 0xDE, 0x0C, 0x7C,
    0xA2, 0x88, 0x45, 0x99, 0x04, 0xC6, 0xD3, 0xD6, 0x61, 0xF9, 0xFE, 0xCF, 0xEE, 0xD7, 0xC1, 0xD5,
    0xD6, 0xE1, 0xDF, 0xFC, 0x47, 0xA3, 0x9A, 0xC1, 0x70, 0x16, 0x98, 0x07, 0x96, 0x81, 0x26, 0x70,
    0x95, 0x97, 0x88, 0xA4, 0xCF, 0xC4, 0xE7, 0x32, 0x95, 0x22, 0xE6, 0xB4, 0xCD, 0x46, 0x7C, 0x21,
    0x63, 0x2A, 0x3D, 0x7F, 0x84, 0xCA, 0xBD, 0x4D, 0x18, 0x4D, 0x0F, 0xCD, 0x0C, 0x8D, 0xF4, 0x34,
    0x32, 0xD3, 0xC8, 0x48, 0x23, 0x35, 0xCD, 0x08, 0x4D, 0x0D, 0x0F, 0x01, 0x0B, 0x44, 0x98, 0xBE,
    0x19, 0x64, 0xF9, 0xA9, 0xDC, 0x75, 0x1B, 0xC1, 0x55, 0x4C, 0x8F, 0xD8, 0x66, 0x48, 0xA4, 0x95,
    0x2D, 0x2A, 0x17, 0x4B, 0x7D, 0xDD, 0x2E, 0x4E, 0xF6, 0x6A, 0x5E, 0xB6, 0x5C, 0xA7, 0x74, 0xAA,
    0xD8, 0xB4, 0x66, 0xA4, 0x71, 0x48, 0x17, 0xFA, 0x68, 0xE9, 0x87, 0x70, 0xDD, 0x96, 0xBD, 0x16,
    0xB3, 0x51, 0x93, 0x57, 0x74, 0x01, 0x7B, 0x77, 0xCB, 0xD1, 0x78, 0xFD, 0x29, 0x5C, 0xB4, 0x6C,
    0xDF, 0x5A, 0xA4, 0x75, 0x70, 0x59, 0xED, 0xEF, 0xE1, 0xF8, 0xD8, 0x8A, 0xB4, 0x24, 0x97, 0xD8,
    0xEA, 0x4A, 0xBA, 0x0B, 0xDB, 0xA5, 0x04, 0xBD, 0xD8, 0xF9, 0x93, 0xE3, 0xFA, 0xDB, 0xB0, 0x6D,
    0xDF, 0x39, 0xB4, 0x97, 0x68, 0xFC, 0xC6, 0x71, 0x07, 0xA7, 0xED, 0xDA, 0xE1, 0xA5, 0x45, 0x7E,
    0x46, 0x32, 0xB1, 0xC4, 0x3D, 0x41, 0xD4, 0x41, 0xD6, 0xB1, 0x6E, 0xB9, 0xCC, 0x51, 0xD4, 0xA8,
    0x24, 0x3E, 0x1D, 0x31, 0x1B, 0xF5, 0x21, 0x19, 0x79, 0x44, 0x90, 0xDC, 0x25, 0x3E, 0x1A, 0x08,
    0x52, 0xF6, 0xC9, 0x98, 0x6C, 0x4C, 0x9B, 0x2E, 0x1D, 0xB3, 0x76, 0x33, 0x6E, 0xB3, 0xA1, 0xB0,
    0x27, 0xE3, 0xDC, 0xED, 0xB3, 0x71, 0xD5, 0xE6, 0xBD, 0xE7, 0x00, 0x22, 0xBB, 0x8C, 0xCB, 0x1F,
    0x0C, 0x85, 0x40, 0x35, 0x61, 0x5A, 0xF3, 0x5E, 0x2F, 0x4D, 0x1B, 0x8B, 0x58, 0xD3, 0x36, 0xF9,
    0xC7, 0x3E, 0x77, 0xD9, 0x60, 0xDA, 0xE2, 0x33, 0x5F, 0xBE, 0x39, 0x64, 0xAE, 0xE8, 0x8B, 0x2E,
    0x95, 0xFE, 0xCE, 0xE6, 0x6E, 0xC7, 0x21, 0xBE, 0xEC, 0xB2, 0xA1, 0xAA, 0x8B, 0x1E, 0x62, 0xA7,
    0xFE, 0xC4, 0x16, 0x1D, 0xA4, 0xFD, 0xE2, 0xC3, 0x49, 0xD8, 0x8F, 0x79, 0xDB, 0xD4, 0xF9, 0x4F,
    0x04, 0xD3, 0x82, 0xA1, 0xB1, 0xC5, 0x8F, 0xE6, 0x30, 0x3E, 0x5A, 0xC6, 0xE5, 0x0F, 0x66, 0x2A,
    0x0B, 0xE3, 0x32, 0x36, 0x1F, 0xCD, 0x08, 0x24, 0x6E, 0x19, 0x37, 0xD1, 0x1C, 0x4D, 0x68, 0x3E,
    0xAA, 0x77, 0x27, 0x24, 0x19, 0xD1, 0x7C, 0x94, 0xFF, 0x35, 0x50, 0x7D, 0xDA, 0x83, 0x81, 0x4C,
    0x5A, 0x0A, 0xB1, 0x04, 0xB9, 0x05, 0xD1, 0x01, 0x2A, 0xCF, 0xCF, 0xEF, 0xB9, 0x1C, 0x9F, 0xCF,
    0xF3, 0xF9, 0x5C, 0x9F, 0xCF, 0xF7, 0xF9, 0x9C, 0x9F, 0xCF, 0xFB, 0xF9, 0xDC, 0x9F, 0xCF, 0xFF,
    0xF9, 0x1A, 0x9C, 0xAF, 0x03, 0x11, 0x67, 0x6A, 0x41, 0x33, 0x9E, 0xA9, 0x47, 0x3A, 0xCF, 0x9C,
    0xA9, 0x49, 0xDF, 0xB0, 0x5B, 0x97, 0x45, 0xB7, 0xDE, 0xAD, 0x8D, 0x58, 0x53, 0xEF, 0xD6, 0x47,
    0xF3, 0xBF, 0x53, 0xA3, 0x25, 0xEF, 0xA6, 0xDE, 0xA9, 0xD3, 0xBF, 0x4E, 0x54, 0xF5, 0x4E, 0xAD,
    0x3E, 0xF6, 0x34, 0x76, 0x5B, 0xAF, 0x70, 0x2D, 0xEC, 0xD4, 0xEC, 0xEB, 0x9E, 0x99, 0x9D, 0xBA,
    0xA5, 0x3E, 0xF6, 0xBB, 0xB5, 0x4B, 0x7C, 0x32, 0xEE, 0xD6, 0x2F, 0xF1, 0x99, 0xDB, 0xAD, 0x61,
    0x24, 0x4D, 0x7B, 0xA6, 0x8E, 0xD5, 0xCC, 0x6E, 0x2D, 0x43, 0x4A, 0x62, 0xA9, 0x13, 0x5D, 0x39,
    0x99, 0x27, 0x1F, 0xC9, 0x1D, 0x45, 0x4F, 0xB9, 0xBE, 0xA6, 0xC0, 0x6F, 0xAA, 0xC2, 0xBB, 0xD2,
    0x26, 0xF2, 0x35, 0x69, 0xD3, 0x79, 0xD1, 0xCC, 0x7C, 0x32, 0x2F, 0x8A, 0xA9, 0x67, 0xC9, 0xC2,
    0xB8, 0x28, 0x67, 0x8E, 0x72, 0xC9, 0x31, 0xA5, 0xCD, 0x5B, 0x0C, 0x85, 0x5D, 0x26, 0x5D, 0xDF,
    0x4C, 0x6B, 0xFA, 0x30, 0x51, 0x3A, 0x9D, 0xFA, 0xBB, 0xD2, 0xEA, 0xE4, 0x58, 0xAC, 0x4E, 0x8F,
    0xE7, 0x60, 0x20, 0xF1, 0xC1, 0x44, 0x32, 0x06, 0x23, 0xA9, 0x0B, 0x66, 0xB2, 0x2E, 0x18, 0xCA,
    0xDB, 0x60, 0xEA, 0x65, 0x8B, 0x19, 0xCC, 0x58, 0x8C, 0xF9, 0x98, 0xF9, 0xD4, 0x27, 0x9A, 0x05,
    0xFD, 0xF9, 0x96, 0x19, 0x0A, 0xBF, 0xDC, 0xF7, 0xCB, 0x13, 0xBF, 0x3C, 0x9B, 0x16, 0xEB, 0x53,
    0xBA, 0x7C, 0x12, 0x1F, 0x4D, 0x8B, 0xCE, 0x84, 0xE7, 0x09, 0x9E, 0x7D, 0xBE, 0xC5, 0xAB, 0xAA,
    0x9B, 0xCF, 0xA8, 0x7A, 0x36, 0xA3, 0x33, 0x52, 0x41, 0x27, 0x25, 0x82, 0xCE, 0x8B, 0x05, 0x9D,
    0x8A, 0xA0, 0xB3, 0x11, 0x82, 0x81, 0x8A, 0x60, 0xC3, 0x10, 0xCC, 0x94, 0xA8, 0x25, 0x5E, 0x86,
    0x97, 0xEF, 0x42, 0xE9, 0xC0, 0x8C, 0xD0, 0x78, 0x98, 0xE6, 0x45, 0xBF, 0x22, 0x19, 0x4C, 0x9D,
    0xB9, 0xA2, 0xCD, 0xBB, 0xBC, 0x2F, 0xDB, 0xD4, 0x19, 0x9B, 0x8C, 0x44, 0xF7, 0xC8, 0x42, 0x46,
    0x1B, 0x92, 0x49, 0x53, 0x6C, 0x1C, 0x55, 0x47, 0xD3, 0x62, 0x3A, 0x35, 0x92, 0x3B, 0x92, 0x81,
    0x78, 0x04, 0x0F, 0x57, 0xE1, 0x43, 0x78, 0x0C, 0x15, 0x98, 0x1A, 0xD3, 0x52, 0xB8, 0x50, 0x16,
    0xBF, 0x99, 0xD9, 0xB4, 0xD1, 0x4C, 0x32, 0x12, 0x12, 0xCE, 0x35, 0x80, 0xE8, 0x61, 0xF8, 0xB6,
    0x4F, 0x85, 0xB8, 0x35, 0x36, 0x13, 0x9B, 0xB9, 0xB2, 0x5B, 0xBA, 0x05, 0x43, 0x2A, 0x34, 0x36,
    0x9E, 0x22, 0x1F, 0x4F, 0x2C, 0x23, 0xB2, 0x01, 0xCA, 0x4E, 0x9B, 0x0E, 0x1B, 0xAD, 0xFF, 0xA4,
    0x8F, 0xA0, 0x79, 0x73, 0x00, 0xD3, 0x95, 0x9F, 0x76, 0x65, 0xDF, 0xB8, 0x5C, 0x6C, 0xE5, 0x1A,
    0x97, 0xCC, 0x54, 0x43, 0xE3, 0xB2, 0xE5, 0x6A, 0x30, 0x7D, 0x29, 0x9D, 0x71, 0x57, 0x6C, 0xF3,
    0x7B, 0xC3, 0x15, 0x4B, 0x3C, 0x25, 0x13, 0xC1, 0x8A, 0xD8, 0x60, 0xD3, 0x74, 0xC1, 0x43, 0x3E,
    0xB0, 0xF8, 0xFB, 0x30, 0x99, 0x08, 0xDE, 0x43, 0x18, 0x82, 0xE9, 0x42, 0x64, 0xB9, 0xFB, 0xB2,
    0xC6, 0x99, 0xB4, 0x10, 0x05, 0xAF, 0xB9, 0xC4, 0xD2, 0x51, 0x48, 0x22, 0x2D, 0xC5, 0xAC, 0x2C,
    0xA7, 0x54, 0x6A, 0x4A, 0x2D, 0x0F, 0x66, 0xCC, 0x94, 0x2E, 0x9B, 0x94, 0xB9, 0x5F, 0xD8, 0x2B,
    0xAB, 0x36, 0x1F, 0x02, 0x9D, 0xBA, 0x2C, 0xFA, 0x85, 0x14, 0x1D, 0x88, 0xA6, 0x99, 0x89, 0xB2,
    0x06, 0x8F, 0xB1, 0x30, 0x62, 0x20, 0x1A, 0xD8, 0x87, 0xF0, 0x7E, 0x78, 0x46, 0xF6, 0x7A, 0x1E,
    0x42, 0xE1, 0x13, 0x75, 0xE2, 0x33, 0xB1, 0x0B, 0xF3, 0x40, 0x75, 0x5B, 0x38, 0x5D, 0x60, 0x04,
    0x5F, 0x64, 0x23, 0x8D, 0x8C, 0x64, 0x22, 0x52, 0x97, 0xD3, 0x9E, 0x38, 0x2D, 0xE3, 0x68, 0x7A,
    0x8C, 0x2F, 0x7F, 0x38, 0x97, 0x7E, 0xEF, 0x9F, 0x16, 0x90, 0x4D, 0x0A, 0x6F, 0x16, 0xC5, 0xD1,
    0x38, 0x32, 0x27, 0x1D, 0xD9, 0x4F, 0xC5, 0x92, 0xC9, 0xC4, 0x82, 0x0E, 0xF2, 0x89, 0x05, 0x9D,
    0xA2, 0x3D, 0xC1, 0x92, 0xCF, 0x5D, 0x79, 0xDD, 0x02, 0xAA, 0x1B, 0x49, 0x0F, 0xB1, 0x22, 0xD2,
    0x4B, 0xA4, 0x06, 0x5E, 0x02, 0x6E, 0x2C, 0xBF, 0x55, 0x7C, 0x18, 0x7E, 0xE7, 0xD0, 0xD1, 0xBD,
    0x07, 0xA8, 0x14, 0x1C, 0xA1, 0xF2, 0x28, 0x24, 0x80, 0xD4, 0x91, 0x3F, 0x85, 0xA8, 0xA9, 0x89,
    0x65, 0x3E, 0x96, 0x89, 0xF5, 0x2D, 0xF2, 0x2E, 0x10, 0xDD, 0x97, 0x0F, 0xE0, 0x74, 0x10, 0x35,
    0x22, 0xEA, 0xA1, 0x10, 0x11, 0x55, 0x6C, 0x3E, 0x3F, 0xB8, 0x72, 0x5B, 0xEA, 0x50, 0x62, 0xAA,
    0xAE, 0xE8, 0x08, 0x06, 0x6F, 0x12, 0x64, 0x04, 0x72, 0x80, 0x52, 0x71, 0xF3, 0xCC, 0x6B, 0x6F,
    0xEC, 0x4E, 0x5E, 0x1A, 0xB3, 0xB0, 0x3C, 0xFB, 0x1C, 0x35, 0x45, 0xE2, 0x55, 0x2D, 0xE4, 0xE3,
    0x2D, 0x55, 0x53, 0xE5, 0x9B, 0x3A, 0xED, 0x91, 0x1A, 0x18, 0x62, 0xA7, 0xD6, 0x06, 0xB5, 0xF6,
    0x48, 0xAD, 0xDD, 0x54, 0x6B, 0x25, 0xA5, 0x5A, 0xBD, 0xB9, 0xB1, 0xBF, 0xAD, 0xA9, 0x2D, 0x5B,
    0x82, 0xF4, 0x9B, 0x41, 0x32, 0x18, 0x0B, 0xC1, 0x81, 0xA1, 0x06, 0x88, 0xE4, 0x68, 0x5D, 0x08,
    0xC5, 0x2C, 0x3D, 0x9A, 0xF7, 0x6F, 0x8A, 0x38, 0x08, 0xEB, 0x7E, 0x1F, 0xD0, 0xEA, 0x34, 0xC3,
    0x3A, 0xE8, 0x7E, 0x2E, 0x16, 0x4D, 0x77, 0x34, 0x34, 0x27, 0x16, 0xCB, 0xD5, 0x62, 0x3A, 0xFC,
    0x2A, 0x2A, 0xDF, 0xCF, 0x06, 0x92, 0x0F, 0x88, 0x68, 0xEC, 0x17, 0xBF, 0x90, 0x78, 0xD2, 0xB6,
    0x81, 0xD7, 0x75, 0x77, 0x3A, 0xDD, 0xC2, 0xEF, 0x39, 0x0A, 0xFF, 0x28, 0xB5, 0xCD, 0x8F, 0xFB,
    0xAF, 0xC6, 0xF3, 0x83, 0xA6, 0xCE, 0x3E, 0xFB, 0x87, 0x89, 0x52, 0xA4, 0xA5, 0x91, 0xF9, 0x86,
    0x88, 0x7C, 0xF4, 0xB7, 0x22, 0xB3, 0x11, 0xB1, 0x91, 0xC8, 0x88, 0xF9, 0xB7, 0x4F, 0x07, 0xE4,
    0xCF, 0x9B, 0xFA, 0xF5, 0xE4, 0x87, 0xC2, 0x90, 0x17, 0x23, 0xE9, 0xBF, 0x08, 0x94, 0xD9, 0x48,
    0xDE, 0xBD, 0x03, 0x26, 0x76, 0x14, 0xDD, 0x55, 0x68, 0xA8, 0xF9, 0x52, 0x07, 0xDC, 0xE6, 0x54,
    0xAE, 0x1C, 0x1E, 0x16, 0x32, 0x95, 0xE2, 0x4D, 0x68, 0x95, 0x8C, 0x6F, 0x1F, 0x87, 0x22, 0x27,
    0xFD, 0xCE, 0xCB, 0x7B, 0xAD, 0xAC, 0x14, 0x78, 0xD6, 0x42, 0x84, 0xD2, 0x06, 0x95, 0x56, 0xB9,
    0xA6, 0xED, 0xC9, 0xA9, 0x4A, 0xE2, 0x94, 0x59, 0xB0, 0x52, 0xAC, 0x2A, 0x0A, 0xB6, 0xBF, 0x3D,
    0xA8, 0xCA, 0xFF, 0xEC, 0xA2, 0xBF, 0xD8, 0x05, 0x2C, 0xFF, 0x80, 0x89, 0xB4, 0x10, 0xB1, 0x7C,
    0x7E, 0x40, 0x22, 0x1D, 0x0B, 0x5A, 0x45, 0x0D, 0xA9, 0x58, 0xC8, 0x04, 0xC8, 0x03, 0x66, 0xC5,
    0x04, 0x14, 0x8A, 0xD2, 0x03, 0x26, 0x60, 0x04, 0xAA, 0x01, 0x68, 0xC4, 0x2B, 0x46, 0x08, 0xB5,
    0xDD, 0xEE, 0x9E, 0x58, 0xDA, 0x53, 0xC3, 0x0A, 0x7B, 0xB1, 0xF5, 0xE2, 0xD4, 0xBA, 0x3E, 0x35,
    0x32, 0x29, 0x3C, 0x10, 0x1D, 0x1F, 0xD7, 0x24, 0x5A, 0xBF, 0xE8, 0xF6, 0x02, 0xD2, 0x17, 0x47,
    0x39, 0xBF, 0x28, 0xCA, 0xCA, 0x6D, 0xD6, 0xAC, 0x20, 0xDA, 0x8D, 0x32, 0xE0, 0x17, 0xCF, 0x81,
    0x1A, 0x8E, 0x36, 0x6B, 0x56, 0x0C, 0xEC, 0xCA, 0x6D, 0xE9, 0x57, 0xA4, 0x22, 0xB3, 0x62, 0xA2,
    0x98, 0x33, 0xA9, 0x8B, 0xB9, 0x10, 0x6B, 0xC6, 0xC5, 0xC9, 0x0A, 0xB7, 0x78, 0xAF, 0x5C, 0x2C,
    0x9D, 0x8E, 0x7A, 0xD3, 0x2F, 0x97, 0xC5, 0x82, 0xBE, 0xEC, 0x96, 0x51, 0x74, 0x57, 0x51, 0x2F,
    0x4F, 0x2F, 0x8C, 0x6D, 0x27, 0xAC, 0xB0, 0xCA, 0x6A, 0x54, 0xB5, 0x1E, 0xC2, 0x84, 0x72, 0xD6,
    0x30, 0x14, 0x4D, 0xBF, 0x05, 0x27, 0x78, 0xB2, 0xC5, 0x63, 0xC5, 0xA3, 0xED, 0x9E, 0xBE, 0xC5,
    0xC5, 0x12, 0x7D, 0x00, 0xC4, 0x9F, 0x00, 0xD9, 0x36, 0xCB, 0xC1, 0x7F, 0xB1, 0x83, 0x6D, 0xFA,
    0x15, 0x99, 0x3F, 0x01, 0x36, 0xE0, 0x7C, 0x7E, 0x0A, 0x09, 0xD9, 0xD1, 0x3E, 0xE4, 0xA6, 0x9C,
    0x08, 0x49, 0x29, 0x3D, 0x21, 0x2F, 0x66, 0xED, 0x7B, 0x33, 0x10, 0x72, 0x62, 0x1C, 0x21, 0x23,
    0xA6, 0x27, 0xE4, 0xA3, 0xEA, 0x08, 0xD9, 0xA8, 0xDA, 0x35, 0x96, 0xA6, 0x5E, 0x33, 0xD1, 0xD8,
    0x35, 0x0F, 0xC2, 0x9A, 0x85, 0x93, 0x1C, 0x4C, 0x9B, 0xC5, 0xFB, 0x75, 0xE9, 0xD1, 0xB8, 0xAE,
    0x3E, 0x72, 0x9B, 0xB5, 0x1F, 0x5C, 0xBC, 0xEA, 0xBD, 0xBB, 0xEB, 0x9A, 0xCB, 0x31, 0x78, 0x51,
    0x0F, 0x61, 0xA9, 0x95, 0x5F, 0x57, 0x6B, 0xC6, 0x75, 0x99, 0xA5, 0x5B, 0x17, 0x19, 0xB1, 0x23,
    0xB9, 0x50, 0xCA, 0x27, 0x3A, 0x21, 0x16, 0x11, 0xCD, 0x4C, 0x2E, 0x5F, 0x0F, 0xDF, 0xB7, 0x85,
    0x8F, 0xA4, 0xA7, 0xF4, 0xE5, 0x88, 0x38, 0xCC, 0x58, 0x0E, 0xA1, 0x77, 0xB9, 0x5B, 0xFB, 0xE8,
    0x5E, 0xE8, 0x7B, 0x50, 0xBD, 0x6A, 0xAD, 0x7E, 0xE8, 0x33, 0xB1, 0x61, 0x8D, 0xE5, 0x04, 0x8D,
    0x3E, 0x76, 0xA0, 0xA6, 0xC5, 0x86, 0x35, 0x9A, 0x61, 0x5D, 0xA3, 0xA9, 0x81, 0x11, 0x0C, 0x10,
    0x0D, 0x6B, 0xCF, 0xC1, 0xBA, 0xD4, 0xF3, 0xB2, 0xD7, 0xC3, 0x43, 0xA0, 0xF0, 0x24, 0x12, 0xB2,
    0x18, 0xBC, 0x68, 0x9F, 0x6F, 0xFA, 0x2C, 0x94, 0xD8, 0x91, 0x4C, 0x40, 0xC4, 0xCE, 0x17, 0xF4,
    0xFE, 0x01, 0xBF, 0xF6, 0x30, 0x7C, 0x2B, 0x56, 0x0A, 0xB3, 0x45, 0xB1, 0x60, 0x48, 0x44, 0x9E,
    0x39, 0xAE, 0xDD, 0x4A, 0x1C, 0x90, 0xF6, 0xDB, 0x6F, 0x28, 0x45, 0x51, 0x03, 0xA5, 0x05, 0x0C,
    0x67, 0x0E, 0x76, 0x1E, 0x2B, 0xFC, 0x09, 0xA2, 0x71, 0xFB, 0xD5, 0xE5, 0x80, 0x1D, 0x4B, 0x67,
    0xBF, 0xCF, 0xAF, 0x5B, 0x3D, 0x01, 0xFC, 0x9E, 0x45, 0xD4, 0x31, 0xB7, 0x17, 0x4E, 0xC4, 0x43,
    0x21, 0x42, 0xA4, 0xB4, 0x81, 0xF5, 0x73, 0x68, 0x03, 0x39, 0xE5, 0x14, 0x38, 0x28, 0x8F, 0xAD,
    0x12, 0x2E, 0x9F, 0x16, 0x92, 0xA1, 0x68, 0xA1, 0x19, 0x8A, 0x19, 0x64, 0xF1, 0xC8, 0x46, 0xC2,
    0x49, 0x2D, 0xB1, 0x2C, 0x52, 0xE7, 0x32, 0xDF, 0x7F, 0x4A, 0x29, 0x3E, 0x6B, 0x31, 0x81, 0xD5,
    0x73, 0x68, 0x76, 0x58, 0x2C, 0xEC, 0x49, 0x83, 0x05, 0x1A, 0x65, 0x30, 0x89, 0xD6, 0xA9, 0xE7,
    0x4B, 0xF3, 0x7D, 0xF1, 0xE0, 0x33, 0x91, 0x5D, 0xDA, 0xC0, 0x9A, 0xF3, 0xB4, 0x81, 0x44, 0x0B,
    0x27, 0x42, 0xA5, 0xB7, 0xEF, 0x35, 0xBF, 0x01, 0x50, 0xD5, 0xC4, 0x6D, 0x65, 0x49, 0x5D, 0x05,
    0xB9, 0x3F, 0x8A, 0xEA, 0x78, 0x7E, 0xA7, 0x6C, 0x29, 0x3F, 0x97, 0xF6, 0xDA, 0x37, 0x45, 0x3A,
    0x23, 0x72, 0x8B, 0xF2, 0xA9, 0xF4, 0x14, 0xDF, 0xFD, 0xF1, 0xCC, 0x4B, 0xC9, 0x8F, 0xA4, 0x26,
    0xED, 0x55, 0xBB, 0xFF, 0xF5, 0x05, 0x8E, 0xCD, 0x26, 0x7C, 0x09, 0xC4, 0xC6, 0xD2, 0x26, 0xA1,
    0xC5, 0x52, 0xF3, 0x3D, 0x9E, 0x27, 0x51, 0x78, 0xF7, 0x35, 0x9E, 0xCA, 0xD3, 0x0C, 0x48, 0xC7,
    0x0C, 0x8F, 0xE0, 0x08, 0xCA, 0x9A, 0xCC, 0x11, 0xDD, 0x3B, 0xA3, 0xDE, 0x48, 0xBF, 0x39, 0x3C,
    0xB6, 0x44, 0xF2, 0xEF, 0xDF, 0x90, 0x9E, 0x74, 0x0A, 0x1B, 0xB8, 0xE8, 0x01, 0xD9, 0x1C, 0x31,
    0xD6, 0x4F, 0x36, 0xDF, 0xAC, 0xBF, 0x3C, 0x79, 0xBC, 0x7A, 0x08, 0xFE, 0xCA, 0xB6, 0xEC, 0x80,
    0x86, 0x6C, 0x44, 0xE3, 0x89, 0xE4, 0x2F, 0xA3, 0xC6, 0xAD, 0x71, 0xD6, 0x10, 0x8B, 0x7C, 0x12,
    0xA2, 0xBF, 0x45, 0x90, 0xBB, 0x3A, 0x46, 0x80, 0xD4, 0xCE, 0xC1, 0x8A, 0x07, 0x8C, 0x1B, 0xF7,
    0x74, 0x25, 0x9A, 0x7F, 0x1A, 0x3D, 0xC3, 0xBC, 0x76, 0x7B, 0x2D, 0xFC, 0x7C, 0x00, 0xD5, 0x67,
    0x6A, 0x69, 0xFF, 0x8D, 0x7F, 0x1E, 0xE1, 0x2B, 0xD9, 0xC7, 0x12, 0x36, 0x8D, 0x0F, 0xBE, 0x7F,
    0x0B, 0x30, 0xED, 0x26, 0x9B, 0xA1, 0x9C, 0x9B, 0x7A, 0x92, 0xB4, 0x15, 0x90, 0xB9, 0x3B, 0xAA,
    0x3D, 0xBE, 0x13, 0x59, 0xD2, 0x50, 0x53, 0x6E, 0x3F, 0x93, 0x96, 0x6B, 0x6F, 0xC9, 0xC2, 0x50,
    0xD6, 0xB5, 0xAE, 0x4B, 0x61, 0xFF, 0x73, 0x26, 0x54, 0xD6, 0x42, 0xDA, 0xDF, 0x21, 0xD4, 0x36,
    0x90, 0x93, 0xEA, 0x96, 0x75, 0x6E, 0x1B, 0x57, 0x5A, 0x71, 0x06, 0x19, 0xF6, 0x69, 0xDC, 0x63,
    0xCA, 0xB0, 0x80, 0x71, 0xDD, 0xE5, 0x89, 0x83, 0xA4, 0x0F, 0xBB, 0x3B, 0xEC, 0xEB, 0xBC, 0x86,
    0xC2, 0x82, 0x61, 0xFD, 0x1C, 0x01, 0x7E, 0xFD, 0x44, 0x27, 0xEA, 0xEE, 0x06, 0x69, 0x27, 0x5D,
    0xFE, 0x91, 0xF4, 0xFA, 0x29, 0xDE, 0x95, 0xBE, 0xA4, 0x69, 0xC3, 0x21, 0xE9, 0x4C, 0xEC, 0x32,
    0xE9, 0x62, 0x57, 0xC8, 0x90, 0xB8, 0xF2, 0x6B, 0x73, 0xDA, 0x1B, 0x9A, 0x4F, 0xBB, 0x7D, 0x4A,
    0x69, 0x8F, 0x48, 0x67, 0xCE, 0xC9, 0xF5, 0x90, 0xEE, 0xCD, 0xCE, 0x83, 0x72, 0x7E, 0xFF, 0x1B,
    0x32, 0x80, 0x58, 0xD8, 0x9B, 0x82, 0x3F, 0x30, 0xE4, 0x16, 0x34, 0xB8, 0x57, 0x51, 0x89, 0x6B,
    0x22, 0x0F, 0xD8, 0x05, 0x71, 0xE7, 0xBF, 0x4A, 0xE6, 0xC6, 0x8A, 0xC4, 0x3F, 0x15, 0x98, 0x9F,
    0x8D, 0x50, 0x4A, 0xC7, 0xFE, 0x5F, 0xCB, 0x5F, 0x39, 0x23, 0x22, 0x2B, 0xAE, 0xE6, 0x52, 0x1F,
    0x50, 0x3D, 0x73, 0xC4, 0xFE, 0xE7, 0x13, 0xD9, 0x30, 0x8A, 0x4D, 0xFA, 0x71, 0x1F, 0x6A, 0xFF,
    0x05, 0x82, 0x3D, 0x95, 0x6D, 0x61, 0x8A, 0x11, 0x30, 0xFE, 0x0C, 0xC2, 0xBD, 0xE8, 0x2E, 0xDB,
    0x77, 0x45, 0x73, 0x81, 0x92, 0x66, 0x7F, 0x2B, 0x7B, 0xAA, 0x5C, 0x9C, 0x55, 0x28, 0x83, 0xD6,
    0x00, 0x60, 0x23, 0xF9, 0x48, 0x8F, 0x76, 0xAB, 0x21, 0x91, 0xEF, 0x4A, 0x2B, 0x7D, 0xE3, 0x12,
    0x49, 0xC4, 0x86, 0xF3, 0x84, 0x29, 0x99, 0x23, 0x1D, 0xEA, 0x89, 0x40, 0x2C, 0xC8, 0x7A, 0x98,
    0x30, 0x45, 0x33, 0x79, 0x38, 0x4E, 0x88, 0x3D, 0x45, 0x38, 0x50, 0x48, 0xC6, 0xF5, 0x48, 0xA1,
    0x4F, 0xDC, 0xE6, 0x50, 0x21, 0xED, 0x36, 0xC7, 0x0A, 0x7B, 0x75, 0x70, 0xA3, 0x20, 0x1F, 0x61,
    0x75, 0x1F, 0xBA, 0x69, 0xB7, 0x0B, 0x21, 0xC2, 0xDE, 0xCE, 0xFE, 0x2D, 0x7A, 0x48, 0xC6, 0xB0,
    0xC4, 0x5C, 0xA8, 0xFC, 0xDA, 0xAD, 0x57, 0x66, 0x80, 0x7C, 0xA6, 0xE8, 0x20, 0x5E, 0xAD, 0xEE,
    0x4E, 0x2F, 0x2E, 0xF2, 0x50, 0xFA, 0xDD, 0x20, 0xB0, 0x40, 0x44, 0x90, 0xD2, 0x41, 0x3A, 0x3D,
    0xDF, 0x51, 0x36, 0x87, 0xC3, 0x88, 0xE8, 0x83, 0xDD, 0x13, 0xB5, 0xE7, 0x3B, 0x2A, 0xFC, 0xAE,
    0x4A, 0x90, 0xCD, 0xF4, 0x8D, 0xB1, 0xEA, 0x8C, 0xA3, 0x8D, 0xDB, 0x4D, 0x10, 0x21, 0x24, 0x1B,
    0x56, 0x6F, 0xC6, 0xCA, 0x57, 0xA3, 0x19, 0xB2, 0x8E, 0xE7, 0x4B, 0x30, 0x6E, 0x86, 0x6A, 0xD1,
    0x35, 0x63, 0xE9, 0xA2, 0x73, 0x21, 0xBE, 0x38, 0xDB, 0x69, 0xCF, 0x8B, 0xE5, 0x8A, 0x05, 0x0E,
    0x30, 0x0E, 0xB2, 0x89, 0xEA, 0xC2, 0x04, 0xAD, 0xCF, 0xF6, 0xEC, 0x73, 0x8E, 0x2E, 0xE1, 0x7F,
    0x5D, 0x9E, 0x55, 0x2A, 0x7B, 0xC4, 0x84, 0xB4, 0x47, 0xB1, 0x28, 0x13, 0x59, 0xC7, 0x9B, 0xFB,
    0x70, 0x04, 0x67, 0x78, 0x78, 0xF8, 0xE4, 0xF0, 0x10, 0x51, 0x59, 0xB9, 0xDC, 0xB9, 0xB3, 0xDC,
    0x39, 0xAF, 0xB9, 0x5A, 0x9E, 0x2F, 0xB0, 0x6C, 0x38, 0xE2, 0x31, 0x60, 0x3A, 0x71, 0xFA, 0xD3,
    0xB8, 0xB2, 0xDE, 0x66, 0x84, 0xAA, 0x5F, 0xEF, 0x56, 0x7D, 0xC8, 0x4E, 0x90, 0xEB, 0xB6, 0x39,
    0xB9, 0xDB, 0x45, 0x6B, 0xF1, 0x06, 0xB3, 0x94, 0xAE, 0x74, 0xAA, 0x93, 0x75, 0xE1, 0x6A, 0x34,
    0x4E, 0xFF, 0x1D, 0xEC, 0x59, 0xE3, 0xC2, 0xD5, 0x50, 0xF4, 0x10, 0x51, 0xBA, 0x55, 0xB7, 0x70,
    0x51, 0x38, 0xB1, 0xFF, 0xBC, 0xC6, 0xB1, 0x6D, 0xD7, 0x7E, 0x66, 0x2F, 0xF5, 0x6F, 0x0D, 0xDD,
    0xB7, 0x39, 0x6D, 0xDF, 0xB9, 0xBC, 0x3F, 0x07, 0x18, 0x69, 0x4B, 0xA9, 0x73, 0x21, 0x9B, 0x49,
    0x7C, 0xD8, 0x94, 0xEE, 0xF2, 0x1A, 0xCA, 0x68, 0x50, 0xCB, 0xE9, 0x14, 0x76, 0x8B, 0xD4, 0x46,
    0x2E, 0xED, 0x3F, 0x08, 0xC4, 0x23, 0xD9, 0xDF, 0xF1, 0x5A, 0x5A, 0xFF, 0x4E, 0xD2, 0xE6, 0x6F,
    0x91, 0xF8, 0x4B, 0x8B, 0xBC, 0xEA, 0xB9, 0xE1, 0xF8, 0x25, 0x15, 0xF4, 0xBF, 0x01, 0x8D, 0x95,
    0x01, 0xC4, 0xE6, 0xC8, 0x19, 0xC7, 0x7F, 0x49, 0x6E, 0xBF, 0xB4, 0x5F, 0x90, 0xA2, 0x1F, 0xF5,
    0x1D, 0x02, 0x45, 0xFB, 0x96, 0x0B, 0x1C, 0x8A, 0xDD, 0x9D, 0xA1, 0x38, 0x14, 0x0E, 0xFB, 0xB5,
    0x28, 0xB6, 0x00, 0xAA, 0xEC, 0xE1, 0x00, 0x6B, 0x67, 0xB6, 0xDA, 0x02, 0x78, 0xD1, 0x52, 0x8A,
    0x2E, 0x16, 0xBD, 0xEF, 0x50, 0x80, 0xC3, 0xBA, 0x99, 0xF6, 0x68, 0x01, 0x72, 0xCE, 0x01, 0x10,
    0x9C, 0x96, 0x96, 0x6E, 0xCA, 0xBB, 0xDD, 0x74, 0x2F, 0x6F, 0x9E, 0x3E, 0x8F, 0x2F, 0xB7, 0xF6,
    0xBA, 0x8B, 0x4E, 0xE6, 0x9F, 0x4C, 0x26, 0x33, 0x4F, 0xE6, 0xFF, 0xCF, 0xFC, 0x9F, 0x50, 0xFF,
    0x07, 0x42, 0x8A, 0xC5, 0xB1, 0xCD, 0xD5, 0xDC, 0x8E, 0xCD, 0xD4, 0x8E, 0x7A, 0x4C, 0xFD, 0xD0,
    0x8E, 0x2E, 0x1B, 0xBA, 0xC1, 0xC5, 0x3E, 0x07, 0xEF, 0x14, 0x7A, 0xF6, 0x09, 0xE7, 0x8F, 0xF4,
    0x1F, 0xCD, 0xB4, 0x32, 0x50, 0xBC, 0x07, 0x50, 0xCE, 0xD5, 0x52, 0x1D, 0x00, 0xC2, 0xD4, 0x4D,
    0xAD, 0xC6, 0xE8, 0x86, 0x3E, 0xBB, 0xEC, 0xA2, 0xF3, 0x3A, 0xEB, 0x37, 0x6E, 0xBE, 0xE6, 0xE1,
    0x74, 0x0F, 0x2E, 0x83, 0x64, 0x2A, 0x45, 0x9B, 0x22, 0x6F, 0x04, 0xCF, 0x07, 0x89, 0x72, 0x14,
    0x9A, 0x28, 0xF4, 0xAC, 0x04, 0x91, 0x29, 0x29, 0xA8, 0x16, 0xA8, 0x66, 0x68, 0x16, 0x10, 0x89,
    0x5C, 0x5C, 0xC0, 0xE5, 0x65, 0x2C, 0x44, 0x86, 0x52, 0x24, 0x57, 0x9F, 0xFE, 0x28, 0x57, 0xB1,
    0xCA, 0xB5, 0x87, 0xF6, 0xCC, 0xD3, 0xCA, 0x4C, 0xF7, 0xBE, 0x00, 0xE2, 0x21, 0xC4, 0x6F, 0x28,
    0x1E, 0x11, 0xFC, 0x11, 0x21, 0xBD, 0x75, 0xC4, 0xC9, 0x81, 0x93, 0x4B, 0x0F, 0xCD, 0x0A, 0x29,
    0xE5, 0x72, 0x6E, 0x07, 0x65, 0x1B, 0xDB, 0xE1, 0x35, 0xFA, 0x0C, 0xEE, 0x97, 0x7B, 0x82, 0x2C,
    0xA4, 0xFB, 0xAB, 0xCD, 0xC0, 0xB0, 0x1A, 0xAC, 0x55, 0xE8, 0xFC, 0x5A, 0xE3, 0xCB, 0x40, 0xA9,
    0x8C, 0x4F, 0x2F, 0x2F, 0xF7, 0x9D, 0xC8, 0xD8, 0x8B, 0x0C, 0x37, 0x2F, 0x6E, 0xE7, 0xEB, 0x74,
    0xFE, 0x4D, 0x6E, 0x02, 0x8F, 0xA0, 0x98, 0xA0, 0x1A, 0xA1, 0xCD, 0xD0, 0x03, 0xF7, 0x14, 0x46,
    0x65, 0x82, 0x66, 0x84, 0x2E, 0xC3, 0x19, 0xD8, 0x3A, 0x3C, 0x49, 0xC6, 0xE2, 0x58, 0x1F, 0x54,
    0xBD, 0x2B, 0x1C, 0xEB, 0xA9, 0x94, 0xDB, 0x19, 0x39, 0x42, 0x10, 0xEA, 0x7F, 0x4B, 0xEE, 0x72,
    0x18, 0x9D, 0xEF, 0x47, 0x47, 0xA7, 0x57, 0xFD, 0x1A, 0x39, 0xC4, 0x56, 0x9F, 0x17, 0x97, 0x7B,
    0x78, 0x7D, 0x06, 0x49, 0x5E, 0xBF, 0x5C, 0xDE, 0xBE, 0x9C, 0x2A, 0xDF, 0x4E, 0x06, 0x6D, 0x8D,
    0xCD, 0x93, 0xA4, 0x5A, 0xFD, 0xC1, 0xD8, 0x19, 0x3C, 0x24, 0xAE, 0xB3, 0x70, 0xA3, 0x3E, 0xE0,
    0x24, 0x73, 0xA2, 0x5C, 0xB8, 0xA6, 0xE8, 0x5E, 0x46, 0x52, 0x6E, 0x86, 0xB3, 0x3B, 0xBF, 0xF6,
    0x2F, 0x3D, 0x3F, 0x85, 0xA0, 0xCF, 0x0C, 0x67, 0x17, 0x17, 0xFE, 0x8B, 0xF6, 0x4F, 0x54, 0x17,
    0x5E, 0x28, 0x5F, 0xF4, 0xC3, 0x56, 0x1E, 0xD1, 0x1C, 0x70, 0x99, 0x95, 0x6A, 0xA1, 0x99, 0x94,
    0x12, 0x7D, 0xB6, 0x8E, 0xE0, 0x49, 0x5A, 0x41, 0x20, 0x59, 0xB5, 0x1E, 0xA7, 0x35, 0xD3, 0x0E,
    0xD4, 0x13, 0xC5, 0x0C, 0xDF, 0xC4, 0xCA, 0x77, 0xC1, 0x99, 0x8C, 0x36, 0x5F, 0x79, 0x54, 0xB3,
    0xC6, 0xFA, 0xDF, 0x5A, 0xCF, 0xF6, 0xA2, 0x76, 0xA2, 0x1F, 0x70, 0x11, 0xB1, 0x3E, 0xBD, 0x0B,
    0x9E, 0x87, 0x60, 0xA5, 0x5B, 0xFA, 0xB1, 0x5E, 0x64, 0xAA, 0xE4, 0xFB, 0xA6, 0xFA, 0xA1, 0x5E,
    0x9A, 0xA9, 0x39, 0xA8, 0x6A, 0xD3, 0x95, 0x86, 0x7A, 0xA8, 0xF2, 0xBD, 0x1D, 0x7F, 0x75, 0xB1,
    0x3D, 0x42, 0xF1, 0x36, 0xCD, 0x0C, 0x29, 0xF9, 0x72, 0xE9, 0x4C, 0xED, 0xAC, 0x23, 0x87, 0x5E,
    0x47, 0xBE, 0xE8, 0x91, 0x84, 0x21, 0xF8, 0x84, 0x1D, 0x2B, 0xA1, 0x5C, 0x70, 0x6F, 0x29, 0x51,
    0xC9, 0xD8, 0xCE, 0x81, 0xF7, 0xA8, 0x17, 0xC2, 0x52, 0x3D, 0x5D, 0xAA, 0x4F, 0x66, 0x23, 0xD0,
    0x4C, 0x56, 0x5B, 0xAD, 0x23, 0xDD, 0xB0, 0xE9, 0xE1, 0x22, 0x29, 0x3B, 0x59, 0xCF, 0x2E, 0x6E,
    0x71, 0xB2, 0x7A, 0x9C, 0x4C, 0x88, 0xB2, 0x3A, 0x2A, 0x91, 0x47, 0x8A, 0xAF, 0xEB, 0x44, 0x9B,
    0x40, 0x1F, 0xE1, 0x43, 0x28, 0xED, 0x36, 0xC3, 0x3D, 0x7E, 0xAC, 0xCD, 0xB1, 0xFB, 0xF4, 0x87,
    0x83, 0x13, 0x31, 0xE4, 0xDD, 0xE5, 0xA5, 0xE7, 0xF5, 0x15, 0xF4, 0xBE, 0x5A, 0xDA, 0xA9, 0x52,
    0x9A, 0x85, 0x12, 0xC5, 0xD4, 0x27, 0x44, 0xBE, 0x63, 0x29, 0x60, 0x86, 0x42, 0x3C, 0xB8, 0xFC,
    0x9A, 0xE2, 0xAE, 0xE2, 0x88, 0x8B, 0xE9, 0xBE, 0xE0, 0x64, 0xBE, 0x32, 0x0E, 0x27, 0x0F, 0xA0,
    0x9B, 0x20, 0x8C, 0x14, 0x32, 0x50, 0x3D, 0xCE, 0xB4, 0x77, 0x32, 0x37, 0x5C, 0xE6, 0xE0, 0x62,
    0x35, 0x04, 0xDF, 0xFA, 0x84, 0x13, 0x59, 0x14, 0x33, 0xC5, 0x0A, 0x6A, 0x1C, 0xEA, 0x15, 0x82,
    0x64, 0x74, 0xA3, 0xB0, 0xBB, 0x7C, 0x40, 0x32, 0x2E, 0x32, 0x16, 0x4F, 0x7E, 0x30, 0x96, 0x03,
    0x43, 0x95, 0xA1, 0xFA, 0x85, 0xA7, 0x96, 0x95, 0xF6, 0xEF, 0x12, 0xC1, 0x65, 0xC3, 0x57, 0xE9,
    0xF3, 0x4D, 0xBD, 0x3A, 0x5C, 0x74, 0x1F, 0x0B, 0x9D, 0x85, 0xB4, 0x75, 0x9C, 0x48, 0xA4, 0x7F,
    0x3C, 0xA2, 0x66, 0xA9, 0xE6, 0x5A, 0x4D, 0x5C, 0x60, 0x4A, 0x74, 0x7F, 0xDE, 0xA3, 0x8A, 0xE1,
    0x86, 0xE4, 0x75, 0x46, 0x0C, 0xFE, 0x0A, 0xCE, 0xEB, 0xD9, 0x0B, 0xFD, 0x9F, 0x16, 0x1A, 0x99,
    0xB0, 0x18, 0xE7, 0xBA, 0x51, 0xFB, 0x4D, 0x9F, 0x9B, 0x17, 0x77, 0xE2, 0xBB, 0xF4, 0xBC, 0xC3,
    0x5D, 0x60, 0xDE, 0x9C, 0x9A, 0xA1, 0x8B, 0xE0, 0x36, 0x4F, 0x6F, 0xDD, 0x26, 0x71, 0x1F, 0x37,
    0x03, 0x3F, 0xD7, 0xB4, 0x99, 0xEA, 0xB9, 0xBE, 0xC2, 0xD2, 0x8E, 0x95, 0xF4, 0xB1, 0x90, 0x05,
    0xD2, 0x4A, 0xF3, 0x37, 0x89, 0xAA, 0x62, 0x0E, 0xB6, 0x2A, 0xFA, 0x41, 0xAF, 0x59, 0xEF, 0x7D,
    0x27, 0x8B, 0xAE, 0x23, 0x42, 0x7F, 0xA0, 0x90, 0x44, 0x7D, 0xE8, 0x6C, 0x3B, 0x65, 0x35, 0xEE,
    0xD0, 0x67, 0x43, 0xA7, 0xD0, 0x24, 0xFC, 0x44, 0x72, 0x25, 0x21, 0xF3, 0x35, 0x17, 0x21, 0x01,
    0x2B, 0x6F, 0x96, 0x0B, 0x8F, 0x9A, 0x89, 0x20, 0x91, 0xD3, 0x87, 0xFF, 0x8F, 0x81, 0x2F, 0x5E,
    0x36, 0xF0, 0xF9, 0xF6, 0x7C, 0x33, 0xB0, 0x5E, 0xB3, 0x28, 0xD4, 0xC0, 0x91, 0x17, 0x8A, 0x6C,
    0xFD, 0xB0, 0x95, 0x9F, 0x9A, 0xB5, 0xFA, 0x81, 0x44, 0xB9, 0x50, 0x6F, 0x16, 0xDB, 0x36, 0xEC,
    0x73, 0x0F, 0x5B, 0xF5, 0x76, 0xEB, 0xA2, 0x3D, 0xEA, 0x06, 0x9A, 0x89, 0x72, 0x86, 0x6F, 0xB1,
    0x95, 0x77, 0xE1, 0x1E, 0xA6, 0x64, 0x3B, 0x3E, 0xB7, 0xF1, 0xAB, 0x0D, 0xAC, 0x03, 0xFA, 0x4C,
    0xF8, 0x92, 0x87, 0x3F, 0x03, 0x8C, 0xC3, 0xFE, 0xED, 0x42, 0x64, 0xAC, 0x0F, 0xBD, 0xA9, 0xA6,
    0xBA, 0x3A, 0xB3, 0x60, 0x34, 0xFB, 0xC9, 0x96, 0xB8, 0xA5, 0x5A, 0x49, 0xA7, 0x82, 0x5B, 0xD2,
    0xD4, 0xEC, 0xDF, 0xF0, 0x9C, 0x3F, 0x64, 0x3D, 0xD6, 0x63, 0xEA, 0x72, 0x72, 0x7E, 0x0D, 0xD5,
    0x9C, 0xD2, 0x20, 0xBF, 0x42, 0xB0, 0x1A, 0xE2, 0x3B, 0xBD, 0x8C, 0xE5, 0xAA, 0xC3, 0x1E, 0x50,
    0xC8, 0x4A, 0x33, 0x39, 0x6F, 0x59, 0xC0, 0xDC, 0x9D, 0x7C, 0x9F, 0x05, 0x67, 0x88, 0xAB, 0xBD,
    0x62, 0x73, 0xB7, 0xCE, 0xE0, 0xE4, 0x19, 0x14, 0x17, 0x9C, 0x95, 0xC2, 0x91, 0xF0, 0xB3, 0x81,
    0xFE, 0x2F, 0x9E, 0xEE, 0x9F, 0xD0, 0xCE, 0x18, 0x39, 0xDA, 0x05, 0x6E, 0x1E, 0x61, 0x5A, 0xA9,
    0x06, 0x8D, 0xE4, 0xC3, 0xF8, 0x6D, 0x76, 0x0F, 0xD8, 0xED, 0x29, 0x45, 0xD9, 0x7A, 0x41, 0x6D,
    0x17, 0x31, 0x5C, 0x0B, 0x51, 0x69, 0xC5, 0xF6, 0x10, 0xD0, 0xB7, 0xE2, 0xFC, 0x82, 0xFB, 0xDE,
    0x01, 0xF7, 0x38, 0xDB, 0xCF, 0x5A, 0xAD, 0x08, 0x8D, 0x00, 0x86, 0xCD, 0x61, 0xE5, 0x72, 0x1E,
    0x2B, 0xCB, 0x66, 0x9F, 0xDF, 0x9E, 0xEA, 0x63, 0x3B, 0x35, 0xF3, 0x96, 0xC9, 0xA6, 0x17, 0x33,
    0x99, 0x6D, 0x3D, 0x85, 0xEF, 0x8F, 0x3B, 0x9A, 0xF1, 0xD5, 0x71, 0xCE, 0x6E, 0x55, 0x4B, 0xBF,
    0x54, 0x73, 0x1B, 0xEB, 0xC3, 0x0D, 0xE5, 0x7F, 0xA0, 0x7D, 0x3A, 0xD2, 0xCA, 0x44, 0xF7, 0xF9,
    0x4C, 0xF7, 0x91, 0xF2, 0xFD, 0xE3, 0x8A, 0x8B, 0xE2, 0x9D, 0x72, 0xD8, 0x71, 0xB2, 0x3F, 0xFF,
    0xBD, 0x8E, 0xD7, 0x19, 0xF5, 0xA1, 0xF9, 0xD2, 0x9F, 0x3F, 0xF8, 0x40, 0xD2, 0x23, 0xCC, 0xDD,
    0xFE, 0xDA, 0xAD, 0xF3, 0xB8, 0xF3, 0xDD, 0x92, 0xFE, 0xA5, 0x76, 0x59, 0x7F, 0xF7, 0xF4, 0xF6,
    0x58, 0xAD, 0x8D, 0x59, 0x65, 0xD1, 0x9C, 0x3B, 0xD6, 0xB3, 0xAD, 0xB3, 0xD1, 0xB9, 0x7D, 0xB6,
    0x96, 0xCB, 0xD6, 0x72, 0xD1, 0x5A, 0xC1, 0x5B, 0xB4, 0xF0, 0x73, 0x8B, 0xE8, 0x96, 0x9D, 0xDF,
    0xF9, 0x53, 0x8B, 0x16, 0xD1, 0x60, 0x13, 0xD5, 0xFA, 0xDB, 0x83, 0x9E, 0x6C, 0xFB, 0x2C, 0x7A,
    0xAA, 0xE7, 0x66, 0xC2, 0x56, 0x81, 0x2D, 0x04, 0x5B, 0x0B, 0x46, 0x1F, 0x65, 0xFF, 0x31, 0x2E,
    0x77, 0x2B, 0x3B, 0x5F, 0x7F, 0xC6, 0xB5, 0x5B, 0xA7, 0xFB, 0xE6, 0x18, 0x0E, 0xC5, 0xF1, 0x93,
    0xA5, 0x90, 0x72, 0x29, 0xD7, 0x42, 0xF3, 0x6A, 0xA1, 0x24, 0x4A, 0xFB, 0x09, 0x9B, 0x8F, 0xA7,
    0xC6, 0xE4, 0x9B, 0x74, 0x41, 0xEB, 0x4A, 0xF7, 0x0F, 0xDB, 0x84, 0xE0, 0x0C, 0x11, 0x82, 0x22,
    0xCD, 0xA0, 0x5F, 0xB0, 0x7C, 0xB6, 0x36, 0x43, 0x68, 0x87, 0x1B, 0xED, 0x81, 0x46, 0x7C, 0x29,
    0x13, 0xFD, 0xFC, 0x95, 0x6A, 0xB9, 0xCB, 0xF2, 0x61, 0x31, 0xBB, 0xF7, 0xA7, 0x93, 0x67, 0x1E,
    0xE0, 0x3A, 0x7C, 0x40, 0x7D, 0xF4, 0x41, 0xF2, 0x2B, 0x93, 0xBD, 0xF3, 0x84, 0xFB, 0xB8, 0x95,
    0x66, 0xE4, 0xBF, 0x95, 0x59, 0x01, 0xA4, 0x26, 0xD9, 0x95, 0xBE, 0x55, 0xFF, 0x74, 0xFF, 0x74,
    0x59, 0x77, 0x30, 0x4D, 0x6C, 0x56, 0x6A, 0x01, 0xC1, 0x66, 0x0A, 0x20, 0x4B, 0x77, 0x57, 0x4D,
    0x82, 0xC1, 0x5A, 0xF3, 0xD8, 0x79, 0x09, 0x06, 0xBD, 0x80, 0xB5, 0xF0, 0x16, 0x10, 0x6C, 0xCF,
    0x5F, 0x49, 0x58, 0x4B, 0xD8, 0x79, 0xEC, 0xCE, 0x02, 0xEC, 0x62, 0xD8, 0xC9, 0x1B, 0x74, 0x10,
    0xCC, 0x4A, 0x6F, 0xDF, 0x4A, 0x3F, 0x0C, 0x82, 0xAD, 0xCE, 0xC8, 0x0E, 0x06, 0xA9, 0x4C, 0x26,
    0xC6, 0x76, 0xD0, 0xD5, 0x93, 0x7A, 0x49, 0xBD, 0x9E, 0xAA, 0xFA, 0xF6, 0x3B, 0xDF, 0xAD, 0x7E,
    0xFF, 0x93, 0x4D, 0xD8, 0x3D, 0xFA, 0x3F, 0xDF, 0x57, 0xF5, 0xEE, 0xBD, 0xF7, 0x9C, 0x7B, 0xCF,
    0x39, 0x75, 0xAB, 0xDA, 0x3D, 0x93, 0x23, 0xB4, 0xD4, 0x5B, 0x60, 0x24, 0x94, 0x83, 0x9F, 0x08,
    0x68, 0x32, 0xC2, 0x06, 0x6E, 0xDB, 0x3B, 0x97, 0x2D, 0x2E, 0xE1, 0x3D, 0xFB, 0x03, 0x25, 0x1F,
    0x05, 0xC5, 0x90, 0x9E, 0x9C, 0x9C, 0xBC, 0x55, 0xF6, 0xEC, 0x88, 0xA1, 0xEC, 0x5D, 0x38, 0x7B,
    0xAD, 0x27, 0xEC, 0xFA, 0x8D, 0x41, 0xE8, 0x36, 0x5D, 0x31, 0x38, 0xB4, 0xE9, 0x31, 0x3B, 0xA0,
    0x61, 0xF7, 0x45, 0xB0, 0xC1, 0x67, 0x78, 0xF4, 0xB6, 0x73, 0x3B, 0xC4, 0x09, 0xBF, 0x8E, 0x37,
    0x0F, 0x9C, 0xA6, 0x72, 0x7B, 0xD8, 0x2E, 0x82, 0x6C, 0x76, 0xBE, 0xD6, 0xC4, 0x45, 0x25, 0xD8,
    0x59, 0x0B, 0x4A, 0x04, 0x35, 0x4A, 0xEA, 0x63, 0x75, 0x7C, 0xD0, 0xAA, 0xE3, 0xB7, 0x1B, 0x03,
    0xFF, 0x72, 0x4D, 0x7D, 0x15, 0xB0, 0xBF, 0x05, 0x80, 0x96, 0x67, 0x98, 0x77, 0xEC, 0x50, 0xCE,
    0xEF, 0x96, 0x70, 0x0E, 0x7D, 0xFF, 0x03, 0xB8, 0x14, 0x0F, 0xBB, 0x5F, 0x81, 0xAE, 0x7F, 0xFB,
    0xE1, 0xCF, 0x27, 0xE7, 0xB1, 0x39, 0x7D, 0x70, 0xEC, 0xF2, 0x25, 0x7B, 0x99, 0x83, 0x14, 0xB3,
    0xF7, 0x15, 0xDB, 0x4F, 0x2F, 0x7A, 0x67, 0x70, 0xE3, 0x4B, 0x82, 0x6F, 0xDC, 0x30, 0x18, 0x87,
    0x77, 0x0D, 0xCE, 0xFB, 0xDE, 0x60, 0x79, 0x28, 0xC0, 0x69, 0x4B, 0x28, 0x40, 0x13, 0x1A, 0xE7,
    0xF1, 0x67, 0xD5, 0xB6, 0xE1, 0xAC, 0x8F, 0x5D, 0x51, 0x73, 0x22, 0xBC, 0x03, 0x99, 0x22, 0x9F,
    0x7F, 0x00, 0xD4, 0x84, 0xFE, 0xCC, 0x51, 0xD2, 0x9F, 0xF5, 0xFF, 0xDB, 0x81, 0x4B, 0x72, 0x20,
    0x2F, 0x03, 0x3A, 0x0D, 0x8E, 0x99, 0x17, 0xF8, 0xB8, 0x80, 0xED, 0x18, 0x87, 0xAF, 0x5C, 0x31,
    0x91, 0x55, 0x5C, 0x77, 0x2D, 0x1E, 0x9B, 0x6D, 0x26, 0xB2, 0xC6, 0x25, 0x95, 0xEE, 0x53, 0x3C,
    0x4C, 0xD3, 0x31, 0x4E, 0x76, 0x6C, 0x8E, 0xA1, 0x18, 0xE9, 0x4A, 0x86, 0xC0, 0x15, 0x9D, 0x52,
    0x7C, 0x10, 0x61, 0x33, 0xBA, 0x30, 0x6E, 0x16, 0x36, 0x21, 0x70, 0x1A, 0xC2, 0x76, 0x12, 0x64,
    0x04, 0x36, 0xF1, 0xA3, 0x96, 0xC0, 0x0F, 0x06, 0x8B, 0xEF, 0xD3, 0xCA, 0xE5, 0xB8, 0xDD, 0x67,
    0x95, 0xF3, 0x40, 0xB7, 0xEE, 0x8D, 0x3A, 0x02, 0xD6, 0x26, 0x8B, 0x6E, 0xBA, 0x2B, 0x72, 0xC1,
    0x83, 0x62, 0x3D, 0x04, 0x09, 0x9E, 0x6A, 0x45, 0x76, 0x83, 0x0B, 0x06, 0xBD, 0x2B, 0x09, 0xA1,
    0x77, 0xB7, 0x9C, 0x9C, 0xB8, 0x63, 0xD0, 0xCA, 0x75, 0x34, 0x06, 0xE9, 0x1E, 0x14, 0x27, 0x75,
    0x84, 0x37, 0x5F, 0x55, 0xEC, 0x6A, 0xDA, 0x4C, 0x20, 0x77, 0x0D, 0x96, 0x08, 0xB3, 0xE9, 0xAB,
    0x77, 0x97, 0x93, 0xD5, 0x06, 0xC2, 0xB5, 0xB0, 0x7C, 0xD7, 0x29, 0xD8, 0xA9, 0x6C, 0x72, 0x41,
    0x10, 0x24, 0x18, 0x74, 0x0F, 0xE8, 0xA3, 0x27, 0x9D, 0xDB, 0x4B, 0x12, 0x16, 0x0B, 0x44, 0xDD,
    0xDC, 0x7D, 0x1C, 0xD8, 0x12, 0x75, 0x31, 0xDA, 0xC2, 0xFB, 0xA8, 0x07, 0x0B, 0x5D, 0xDF, 0x5A,
    0xE4, 0x52, 0xA4, 0xED, 0x4E, 0xD4, 0x8A, 0xF6, 0xC3, 0x03, 0x2D, 0xD3, 0x20, 0xDD, 0x3B, 0x82,
    0xDC, 0x92, 0x59, 0xEF, 0xE0, 0xE4, 0x58, 0x36, 0x36, 0xE4, 0xCB, 0x09, 0x5D, 0xD4, 0x06, 0x38,
    0x2F, 0xCB, 0x8A, 0xCA, 0xF4, 0x7D, 0x1C, 0xA7, 0x75, 0x0A, 0x20, 0xB4, 0x5A, 0xCA, 0xBA, 0x7C,
    0x6A, 0x6E, 0x7F, 0x91, 0xD1, 0xDE, 0x69, 0xB1, 0x5D, 0x14, 0xAD, 0xA0, 0x64, 0x5C, 0x31, 0xED,
    0x57, 0xB2, 0x6D, 0x05, 0xC9, 0x81, 0xFF, 0x3B, 0x86, 0x03, 0xFA, 0xDD, 0x52, 0x60, 0x26, 0x79,
    0x02, 0x04, 0xC0, 0x25, 0xF8, 0x04, 0xC6, 0x9C, 0xC3, 0xE3, 0x2D, 0x66, 0x8F, 0x2A, 0xC1, 0xB4,
    0xC1, 0xC0, 0x60, 0x4B, 0x31, 0x6C, 0xD0, 0x65, 0x70, 0xD4, 0x8C, 0x31, 0x91, 0x66, 0x8B, 0xDA,
    0x93, 0xE8, 0xD2, 0x2F, 0x16, 0x74, 0xBC, 0xCC, 0x67, 0xA7, 0x4B, 0x0B, 0xCF, 0x78, 0x59, 0x4E,
    0xEB, 0x65, 0x39, 0xDA, 0xA6, 0xEC, 0x44, 0xF2, 0xC9, 0x61, 0xB2, 0x20, 0x28, 0x18, 0x80, 0x23,
    0x09, 0x9B, 0x6D, 0x8D, 0x8C, 0xCF, 0x97, 0xA3, 0xC7, 0xE0, 0x76, 0x18, 0x77, 0x43, 0x11, 0x78,
    0x1F, 0x5D, 0xE8, 0xEF, 0x84, 0x5E, 0x31, 0xFF, 0x7B, 0x7D, 0x72, 0x2A, 0x18, 0x92, 0x3F, 0x5C,
    0xD1, 0xE5, 0xB6, 0xCC, 0x01, 0xAD, 0x2B, 0x2C, 0xF9, 0x40, 0x42, 0x7F, 0x78, 0xFB, 0xDC, 0xF6,
    0x77, 0x61, 0xD7, 0xCE, 0x08, 0x9C, 0xCB, 0x1A, 0x12, 0x8B, 0x59, 0x6F, 0xE4, 0x33, 0x34, 0x22,
    0xC9, 0x39, 0x3A, 0x8D, 0x9A, 0x0C, 0xE8, 0x5D, 0x5E, 0x71, 0x13, 0xCF, 0xC2, 0xF9, 0xE1, 0xD1,
    0xA1, 0x4B, 0x11, 0xE5, 0x19, 0x59, 0xCC, 0x0C, 0x0F, 0xF7, 0xBA, 0xB3, 0xB1, 0xB8, 0x0E, 0x77,
    0x78, 0x03, 0x92, 0x89, 0x66, 0xAF, 0x24, 0xB9, 0xFD, 0xE6, 0x21, 0xCE, 0xE6, 0x03, 0x67, 0x63,
    0x85, 0x33, 0x8B, 0xB6, 0xC2, 0xF2, 0x49, 0x59, 0x45, 0x8E, 0x3E, 0x12, 0x2F, 0x72, 0xCB, 0xC2,
    0xBA, 0x8B, 0xDB, 0xB9, 0x51, 0x42, 0x4C, 0x4A, 0x02, 0x2A, 0x0B, 0x28, 0x23, 0x41, 0xFE, 0x91,
    0x28, 0x2C, 0xCB, 0x3A, 0x66, 0xC2, 0xD3, 0x35, 0xF5, 0x81, 0x71, 0x8D, 0xDC, 0x00, 0x23, 0x5A,
    0xE0, 0x26, 0x92, 0x54, 0x03, 0x72, 0xB1, 0x13, 0xCD, 0xE5, 0xB8, 0xCC, 0x22, 0xD4, 0x97, 0x09,
    0x43, 0x2A, 0x41, 0x47, 0xE2, 0x2B, 0xC7, 0x2E, 0xE4, 0xB9, 0x6C, 0xA0, 0x3D, 0xA5, 0x5B, 0x23,
    0x60, 0x11, 0xC9, 0xF1, 0x79, 0x58, 0x04, 0xFC, 0x17, 0xA6, 0x80, 0x59, 0x3E, 0xB7, 0x47, 0xCB,
    0xDB, 0x66, 0xC6, 0x5B, 0x2E, 0x9B, 0xD6, 0xDC, 0xF4, 0xE3, 0x9A, 0x9D, 0x7E, 0x50, 0x55, 0xA2,
    0xEA, 0xAD, 0xE0, 0x3A, 0xAA, 0xDE, 0xEC, 0x72, 0x54, 0x17, 0xA4, 0x33, 0x03, 0x23, 0x49, 0xA0,
    0x3B, 0xC3, 0x0B, 0x25, 0x60, 0x5D, 0x31, 0xED, 0x44, 0xB6, 0x17, 0x49, 0x7A, 0x9D, 0x77, 0xE5,
    0xBB, 0xA4, 0xD0, 0x82, 0x4B, 0x12, 0xCC, 0x01, 0xBA, 0xAD, 0x82, 0x86, 0x66, 0xA5, 0x43, 0x5C,
    0x54, 0xB9, 0xBA, 0xD1, 0x30, 0xA2, 0x29, 0xE9, 0x95, 0x43, 0xF9, 0x4D, 0x9A, 0x00, 0x36, 0x79,
    0xCB, 0x06, 0x7E, 0x09, 0x53, 0xF4, 0xBD, 0x29, 0x7B, 0x3F, 0xAF, 0xDE, 0xEF, 0xDA, 0x0D, 0xA9,
    0xF2, 0x20, 0x34, 0xAC, 0xBF, 0x76, 0x6B, 0x72, 0xEC, 0xDB, 0xC5, 0x35, 0xE0, 0x94, 0xE6, 0xAE,
    0xAC, 0xD9, 0xA1, 0x36, 0x7A, 0x64, 0x0F, 0x23, 0x68, 0x25, 0x3C, 0xA8, 0x41, 0x95, 0x93, 0xDA,
    0x12, 0xA3, 0xE1, 0x6A, 0x70, 0x0C, 0xF3, 0xA0, 0xE3, 0x32, 0x6C, 0xE2, 0x83, 0xB3, 0x17, 0x6D,
    0x93, 0xDE, 0x05, 0xD2, 0x31, 0x45, 0x9F, 0x11, 0x7B, 0xCB, 0x1A, 0xF4, 0x7E, 0x30, 0x0A, 0xD2,
    0xD1, 0x8F, 0x5C, 0x2C, 0xA5, 0xD3, 0xAC, 0x87, 0x6E, 0x00, 0xFA, 0x1C, 0xA7, 0x00, 0x1C, 0x48,
    0xD3, 0xC0, 0x3B, 0x83, 0x5B, 0x25, 0x79, 0x75, 0x7D, 0xF6, 0x5F, 0xAD, 0xCD, 0x9E, 0xCC, 0xA8,
    0x6F, 0x69, 0xE5, 0xA0, 0x62, 0x57, 0xB4, 0x96, 0xD0, 0x9C, 0x58, 0x1B, 0x90, 0x1A, 0x4C, 0x2A,
    0x95, 0x9B, 0x21, 0x52, 0x90, 0xDA, 0xEE, 0x71, 0x55, 0x48, 0xB3, 0xD6, 0xA8, 0x6C, 0xF5, 0x8D,
    0xF6, 0x34, 0xC3, 0x60, 0x4F, 0x40, 0xAB, 0x00, 0x79, 0xA0, 0x61, 0x4E, 0xB4, 0x64, 0xEE, 0xDF,
    0xB7, 0x05, 0x58, 0x65, 0xDE, 0xD3, 0xC9, 0x5D, 0xBF, 0x8D, 0xAF, 0x9D, 0x1F, 0xCD, 0x5F, 0x3F,
    0xA3, 0x69, 0x1E, 0x9B, 0x3E, 0x9F, 0x95, 0xA2, 0x1E, 0xDB, 0xCE, 0xCF, 0xBE, 0x11, 0xF5, 0x8D,
    0x5F, 0xF2, 0x18, 0xEA, 0x79, 0xED, 0x97, 0xC2, 0x89, 0x96, 0xCE, 0xF3, 0x27, 0xFA, 0x3A, 0x7F,
    0x2A, 0x81, 0x5B, 0x4C, 0xFA, 0x89, 0x8E, 0xFC, 0x0D, 0xA2, 0x66, 0xB7, 0x62, 0x9C, 0xD0, 0x29,
    0xB5, 0x44, 0x1B, 0xFD, 0x44, 0x6B, 0xFE, 0xAA, 0x48, 0xD7, 0x02, 0xED, 0x0E, 0x0F, 0x0F, 0x5F,
    0x75, 0xC9, 0xA1, 0x0B, 0xB6, 0xA9, 0x29, 0x2A, 0xC3, 0xC9, 0xF0, 0xD1, 0xC9, 0xDD, 0xC5, 0xB0,
    0x65, 0xE3, 0x88, 0x29, 0xBE, 0x22, 0x4C, 0xF0, 0xAD, 0xCB, 0xF8, 0xD7, 0xDF, 0x8C, 0x88, 0x1F,
    0xFE, 0x3F, 0xB1, 0x71, 0x69, 0x44, 0x33, 0xE7, 0x77, 0x62, 0x3E, 0x1B, 0x52, 0xA6, 0x15, 0xBB,
    0x88, 0x8B, 0x9C, 0xB8, 0x7A, 0xF2, 0xB6, 0x81, 0xC7, 0xA4, 0x2B, 0x81, 0x32, 0x4B, 0x30, 0x50,
    0xA5, 0x27, 0x58, 0x8E, 0x15, 0x0C, 0xB6, 0x18, 0x09, 0x8B, 0x94, 0x3A, 0x2A, 0x29, 0xAE, 0xBC,
    0xA4, 0x7B, 0x80, 0x4E, 0x72, 0x02, 0xF6, 0xCD, 0x2C, 0x44, 0xD1, 0xC6, 0xA5, 0xAA, 0x2D, 0x4E,
    0x32, 0xD8, 0x3F, 0xAB, 0xEF, 0x9E, 0x50, 0xA8, 0xE4, 0xAB, 0xF2, 0xCF, 0x4E, 0xE5, 0x9E, 0xA0,
    0x1A, 0x4F, 0xE8, 0x9F, 0x45, 0x52, 0x18, 0xED, 0x2A, 0xC1, 0x40, 0x60, 0x3A, 0x2A, 0xAE, 0x3C,
    0x1B, 0xBB, 0x02, 0xF7, 0xAD, 0x2C, 0x7A, 0x8C, 0xA5, 0x76, 0xAB, 0xB5, 0xEC, 0x70, 0x2F, 0xAC,
    0x47, 0xA2, 0xCB, 0x92, 0xC7, 0x44, 0x2F, 0x22, 0x5C, 0xD7, 0x36, 0xED, 0xE5, 0x68, 0xA9, 0xE4,
    0x56, 0xC7, 0x16, 0x67, 0x36, 0x1B, 0x1A, 0x85, 0xAB, 0xCB, 0x27, 0x3D, 0xAE, 0x19, 0xF0, 0xB4,
    0xB0, 0x73, 0xC5, 0xE8, 0xAE, 0xC4, 0x43, 0x81, 0xCC, 0xB3, 0x28, 0xD2, 0xD3, 0x40, 0xFA, 0x2A,
    0x7E, 0x71, 0xA8, 0xAA, 0xA7, 0xE0, 0xF9, 0xC9, 0x81, 0x82, 0xB7, 0x5F, 0xB5, 0xA2, 0xC5, 0x74,
    0xB5, 0xD7, 0xBA, 0x13, 0xDB, 0x27, 0xD4, 0x5F, 0x56, 0xAA, 0x98, 0xAB, 0xCB, 0x6B, 0xBD, 0x2C,
    0x6E, 0xED, 0xCF, 0x8B, 0x9E, 0xD9, 0x55, 0xF4, 0x61, 0x28, 0x68, 0x7E, 0x41, 0x2C, 0x89, 0x09,
    0x37, 0xCE, 0x5B, 0xA3, 0x30, 0xC6, 0x83, 0x44, 0xE8, 0xE3, 0x41, 0x00, 0xBD, 0x12, 0xCA, 0x70,
    0xD1, 0xE0, 0xDD, 0x66, 0x10, 0xB6, 0x79, 0x13, 0xA7, 0xDC, 0xC5, 0xA8, 0x7D, 0x30, 0x45, 0xFC,
    0x4F, 0xC3, 0x6C, 0xCD, 0x33, 0x2F, 0x54, 0x29, 0x7E, 0x85, 0x26, 0x1A, 0x66, 0x68, 0x0C, 0x97,
    0x2D, 0x5A, 0x1D, 0x13, 0x63, 0x1D, 0x2C, 0x66, 0x4B, 0x68, 0xED, 0x1E, 0xC6, 0x15, 0x27, 0x43,
    0xAB, 0x2B, 0x2E, 0xEE, 0x23, 0x88, 0x96, 0xDF, 0xAA, 0x5A, 0xA3, 0x33, 0x73, 0x03, 0x2C, 0x20,
    0xD8, 0x16, 0x68, 0x64, 0x3A, 0x4C, 0x5A, 0x1F, 0x21, 0x7F, 0x7A, 0x17, 0x27, 0xA1, 0x29, 0x74,
    0x56, 0x68, 0x0A, 0xE7, 0x0D, 0x6E, 0x09, 0xEA, 0x9B, 0x9C, 0xDA, 0xF9, 0xEA, 0x8B, 0x9C, 0x39,
    0xB9, 0xA6, 0x09, 0x0B, 0x67, 0x00, 0x08, 0x64, 0x94, 0x4D, 0x2D, 0x1F, 0x07, 0x6D, 0x2C, 0xFA,
    0xCF, 0xD1, 0xC1, 0x05, 0xBF, 0x9E, 0x08, 0x1D, 0xEC, 0x6E, 0x92, 0x60, 0x51, 0x93, 0xD8, 0xBE,
    0x58, 0x37, 0x4C, 0x90, 0xFF, 0x52, 0x1E, 0xFF, 0xC1, 0x7A, 0x2E, 0xCE, 0xD6, 0x83, 0xA2, 0x40,
    0x4E, 0xC4, 0x1A, 0xBD, 0x87, 0xDF, 0x12, 0x15, 0x9C, 0x28, 0xE1, 0x82, 0xA5, 0xFB, 0x86, 0xD9,
    0x28, 0xD0, 0x71, 0x1D, 0xC7, 0x91, 0x16, 0x0B, 0x1E, 0xAF, 0xB7, 0x5F, 0x7F, 0x09, 0x0F, 0x10,
    0xE9, 0x1F, 0x33, 0x48, 0x64, 0x92, 0x8C, 0xB3, 0xD2, 0x2A, 0xC9, 0x16, 0x2B, 0xE2, 0x12, 0x3F,
    0x5B, 0x3C, 0x4A, 0xF2, 0xC9, 0xFE, 0x49, 0x78, 0xCB, 0x8B, 0x2A, 0x4E, 0x2F, 0xD3, 0x99, 0xA8,
    0xB8, 0xBD, 0xA0, 0x61, 0x4F, 0xD1, 0xED, 0x69, 0x1B, 0x07, 0x53, 0x54, 0xEA, 0xD8, 0x75, 0x1C,
    0x69, 0x39, 0xE6, 0xD0, 0xD9, 0xA2, 0xE6, 0x78, 0xBB, 0x53, 0x28, 0x90, 0x39, 0x9E, 0xD5, 0xB1,
    0xE4, 0x2F, 0xC0, 0xF1, 0x7E, 0x86, 0x04, 0x75, 0x01, 0x52, 0x3C, 0x30, 0xBA, 0x3B, 0x5A, 0xD8,
    0xFC, 0xAB, 0x46, 0xEF, 0x6D, 0x17, 0x1A, 0xBF, 0xC1, 0x4B, 0x70, 0xF7, 0x3C, 0xDA, 0x62, 0xE4,
    0x3B, 0xD5, 0xE2, 0x76, 0xE1, 0x43, 0xA0, 0xD5, 0x23, 0x85, 0x5B, 0x1B, 0x14, 0x7C, 0xEB, 0xB2,
    0xAC, 0xB6, 0x4B, 0xF2, 0x3D, 0x8D, 0x2E, 0xAF, 0x4E, 0xED, 0x69, 0x7F, 0x41, 0xC3, 0x9E, 0xA2,
    0xBD, 0xA0, 0x87, 0x95, 0x60, 0x95, 0x22, 0xA6, 0x85, 0x1E, 0x9A, 0x73, 0xC1, 0x56, 0x7E, 0xF4,
    0x3D, 0xF5, 0x90, 0x51, 0xE7, 0x97, 0x74, 0x31, 0x8A, 0x4F, 0x3E, 0xEA, 0xCE, 0x56, 0xBD, 0xD0,
    0xAB, 0xAA, 0x9D, 0xA2, 0x32, 0x04, 0xED, 0xCE, 0xA2, 0x24, 0x9A, 0x62, 0xD8, 0x51, 0x39, 0xD8,
    0x60, 0x55, 0x20, 0xCF, 0x1B, 0x2B, 0xA0, 0x65, 0x67, 0x7F, 0x0D, 0xBF, 0xB1, 0x96, 0xA0, 0xB0,
    0x35, 0x3E, 0x61, 0x3D, 0xFC, 0x15, 0x4E, 0xD1, 0xF8, 0x87, 0x48, 0xD0, 0x16, 0xCD, 0x7D, 0x87,
    0xAE, 0xAC, 0x6E, 0xC8, 0x81, 0xE7, 0x63, 0x79, 0x91, 0x8B, 0x85, 0x2B, 0xA8, 0x83, 0x34, 0xAA,
    0xA2, 0xA7, 0x6E, 0x74, 0xE6, 0xF9, 0x45, 0x68, 0x54, 0xD1, 0x34, 0xEF, 0xC7, 0xAA, 0x0F, 0x8F,
    0x2A, 0xA7, 0x5B, 0x18, 0x9F, 0x9D, 0x68, 0x5C, 0x7C, 0x4D, 0x43, 0x63, 0x38, 0xE8, 0x3C, 0xB7,
    0x83, 0x49, 0xED, 0x82, 0xB0, 0x62, 0x3B, 0xD5, 0x56, 0x62, 0x2B, 0xCB, 0xDF, 0xC1, 0xA3, 0x13,
    0x9C, 0xAF, 0x67, 0xD6, 0xC5, 0x25, 0xBC, 0x7E, 0x07, 0xFF, 0x4D, 0x47, 0xAD, 0x82, 0xCB, 0xED,
    0x2A, 0x87, 0x52, 0xE0, 0x9F, 0x31, 0x09, 0x81, 0x36, 0xE2, 0x5B, 0xEB, 0x6B, 0xA4, 0xA4, 0x98,
    0x23, 0x96, 0xD3, 0x6F, 0xE1, 0x18, 0x71, 0x37, 0x44, 0x84, 0xD0, 0xEA, 0x83, 0x30, 0x00, 0xBD,
    0x21, 0x22, 0x4A, 0xFE, 0x32, 0xC2, 0x20, 0x7D, 0x04, 0xC3, 0x4C, 0xB6, 0xBB, 0xF0, 0xF4, 0x33,
    0x74, 0x34, 0xED, 0x5B, 0x3F, 0x66, 0xEB, 0x7C, 0xDE, 0x34, 0x04, 0x3E, 0x24, 0x1A, 0xAE, 0x22,
    0xBA, 0x6D, 0xB3, 0xB3, 0x73, 0x58, 0x56, 0xFF, 0xA9, 0x19, 0x9F, 0x55, 0x4A, 0x65, 0x2F, 0x13,
    0x09, 0xB2, 0x30, 0x8F, 0x86, 0xBD, 0xA8, 0xF7, 0x57, 0x77, 0x33, 0x82, 0x9D, 0x1E, 0xC3, 0xF8,
    0x0C, 0xEE, 0x04, 0x54, 0x84, 0xEF, 0xB3, 0x19, 0x61, 0xB0, 0xF2, 0x36, 0xBA, 0x5E, 0x4F, 0xA9,
    0xA4, 0x0F, 0x82, 0xCE, 0x26, 0x5F, 0xD2, 0x96, 0xE0, 0xF1, 0xD5, 0x1F, 0xEA, 0xBC, 0xF0, 0x9B,
    0x0F, 0x54, 0x9B, 0xA1, 0x30, 0x53, 0x88, 0x53, 0xFC, 0x3F, 0x39, 0x81, 0x93, 0x5C, 0xBB, 0x08,
    0xC8, 0x41, 0x60, 0x03, 0x4B, 0x30, 0x09, 0xD2, 0x15, 0x37, 0x2B, 0x66, 0x3F, 0x9D, 0x85, 0xFE,
    0x8D, 0x88, 0xA5, 0x5F, 0x84, 0x77, 0x56, 0x9C, 0x3C, 0xD4, 0x6D, 0xC8, 0x0C, 0x0F, 0x5F, 0x3B,
    0xBB, 0x6D, 0xDF, 0x4E, 0x20, 0xE9, 0xDD, 0x49, 0x78, 0x74, 0x17, 0x8F, 0xFE, 0x95, 0xDD, 0xD6,
    0x67, 0xCF, 0xFD, 0xF5, 0x38, 0x23, 0x69, 0x57, 0x6C, 0xDC, 0xB6, 0x8F, 0xA7, 0x1D, 0xDF, 0xBA,
    0xD4, 0x30, 0x6F, 0x22, 0x96, 0xF1, 0x94, 0xEF, 0xC2, 0x8A, 0x66, 0x03, 0xAC, 0x6D, 0xDC, 0xBB,
    0x40, 0x6E, 0x71, 0xB5, 0xE2, 0x3E, 0xE1, 0xAE, 0x62, 0x96, 0x6F, 0x40, 0xA3, 0x48, 0x2D, 0x7A,
    0x55, 0x8E, 0x6C, 0xD4, 0x3B, 0xEF, 0x76, 0x22, 0x4C, 0x82, 0x74, 0x8A, 0xCF, 0xB1, 0xE7, 0x95,
    0xF0, 0x71, 0x2B, 0x7C, 0x34, 0x3E, 0x42, 0x77, 0x51, 0xA8, 0x03, 0xA0, 0x40, 0xA7, 0x34, 0xA5,
    0xA0, 0xBE, 0x0E, 0x9C, 0x1F, 0xDA, 0x3B, 0x97, 0xA6, 0xD6, 0xD1, 0x4D, 0x31, 0x1B, 0xCB, 0xE6,
    0x45, 0x49, 0x49, 0x22, 0x6C, 0x2B, 0x97, 0x11, 0xF2, 0x4A, 0x33, 0x07, 0x33, 0xAC, 0xCA, 0x2E,
    0x7D, 0x9A, 0xF8, 0xFC, 0xEA, 0xC1, 0x75, 0x6A, 0xC9, 0xB1, 0x74, 0xDA, 0xFD, 0x8E, 0x8F, 0x2D,
    0x9F, 0x3C, 0x86, 0xCD, 0xB4, 0xFD, 0x8E, 0x3E, 0xB6, 0x64, 0x2F, 0xAB, 0x2A, 0xFA, 0xF8, 0xB1,
    0xC5, 0xC7, 0x8F, 0x2D, 0x79, 0xFC, 0xD8, 0xF2, 0x05, 0xA7, 0x10, 0xFC, 0x52, 0x0C, 0xC1, 0x1B,
    0x0A, 0x41, 0x82, 0x42, 0xF0, 0x6F, 0xA3, 0xC3, 0xEF, 0x46, 0x18, 0x94, 0xB7, 0xAE, 0xBF, 0x0C,
    0x49, 0x27, 0x48, 0x5B, 0x35, 0xD9, 0xB4, 0xEA, 0xB7, 0x69, 0x0C, 0x96, 0x4D, 0xA3, 0x8F, 0x2D,
    0x2F, 0xD7, 0xBE, 0x72, 0x1E, 0xBF, 0xAC, 0x7E, 0xFF, 0xC7, 0x96, 0x17, 0x0F, 0x4C, 0xD3, 0x06,
    0xC9, 0xE7, 0xA4, 0xB9, 0x0F, 0x3A, 0xB7, 0xAD, 0x30, 0x27, 0x82, 0x29, 0xB5, 0x1E, 0xF9, 0xA4,
    0xF3, 0x4A, 0x31, 0x0A, 0xCA, 0x71, 0x0B, 0x8D, 0x45, 0x71, 0x5E, 0x60, 0x35, 0x97, 0x3D, 0x09,
    0x9D, 0x6A, 0x36, 0xDA, 0x5C, 0xD0, 0x14, 0x04, 0x8E, 0x64, 0xF9, 0x9E, 0x12, 0x06, 0x9D, 0x79,
    0xCA, 0xB8, 0xFB, 0x3B, 0x81, 0x0B, 0xDA, 0x52, 0x87, 0x4E, 0x7B, 0xA4, 0xA8, 0x5B, 0x92, 0x4B,
    0x36, 0xE4, 0xB2, 0x41, 0xD0, 0x98, 0x0D, 0x29, 0x9E, 0xDA, 0xD3, 0x27, 0xB1, 0xDD, 0x29, 0x7B,
    0xBD, 0x9D, 0xAF, 0xC7, 0x23, 0x89, 0x36, 0xEE, 0x7C, 0x3D, 0x87, 0x72, 0xC4, 0xAF, 0x58, 0x5E,
    0x0E, 0xB4, 0xCF, 0x1A, 0xD3, 0x80, 0x5D, 0xA7, 0x5E, 0x9D, 0x2B, 0x1A, 0xBB, 0xF9, 0x9C, 0xD5,
    0xC4, 0xFD, 0xA1, 0xA1, 0x44, 0x2B, 0xBD, 0xBE, 0x8A, 0x55, 0x66, 0xA1, 0x36, 0x1A, 0xBA, 0x95,
    0x2B, 0x0B, 0xD7, 0xD3, 0x43, 0x01, 0x2A, 0x9D, 0x66, 0x3F, 0xF8, 0xF0, 0x7D, 0xB8, 0x5B, 0xC0,
    0xA7, 0x70, 0xDF, 0x18, 0x9E, 0x7C, 0xB4, 0xB8, 0xEF, 0x3F, 0xF9, 0x94, 0x1F, 0x0B, 0xFF, 0xFD,
    0xD3, 0x8F, 0x7E, 0xCA, 0xDA, 0xF0, 0xD1, 0xFB, 0xFA, 0xAE, 0x00, 0x45, 0x88, 0x55, 0xE9, 0xCD,
    0x8F, 0x3E, 0xAC, 0xC8, 0xBF, 0xF3, 0x06, 0x75, 0xF6, 0xC6, 0x2B, 0x36, 0xE2, 0x95, 0x2B, 0xCA,
    0x75, 0xCA, 0xB0, 0x91, 0x4E, 0x4F, 0x28, 0x4C, 0xD4, 0xBD, 0x64, 0xFB, 0x33, 0x52, 0xE3, 0xF9,
    0x5D, 0x69, 0xD7, 0xE4, 0x75, 0xE8, 0xF3, 0xA6, 0x70, 0xE8, 0x7D, 0x7D, 0xCB, 0x02, 0xAD, 0xBA,
    0x69, 0x2B, 0x6F, 0xE5, 0x7C, 0x3D, 0xE4, 0x5D, 0x9C, 0x31, 0xA5, 0x2D, 0xFC, 0xA2, 0xC5, 0x17,
    0xDA, 0x2F, 0xD2, 0xF3, 0xFE, 0x11, 0x5B, 0x48, 0x97, 0xD2, 0xC1, 0x74, 0x3C, 0x85, 0x16, 0xD2,
    0xB2, 0xB0, 0xDE, 0x48, 0x27, 0x5F, 0x63, 0xB2, 0x55, 0x6B, 0xC1, 0x8A, 0x1D, 0x54, 0xEF, 0xAF,
    0x9D, 0x04, 0x7C, 0x57, 0x71, 0x31, 0x1B, 0x5F, 0xDE, 0x8E, 0xD1, 0x4C, 0xC1, 0x78, 0x91, 0x95,
    0x47, 0x7A, 0x39, 0x88, 0xB1, 0xB9, 0x1C, 0x9B, 0x8E, 0xD3, 0x2E, 0xD2, 0x90, 0x39, 0xEB, 0x59,
    0xAB, 0x91, 0xB1, 0xAD, 0xBA, 0x76, 0x17, 0x03, 0x24, 0x88, 0x43, 0xAE, 0x1D, 0xD4, 0x48, 0xDA,
    0x6B, 0xBF, 0x72, 0xE9, 0x04, 0xE7, 0xDA, 0xDA, 0x4E, 0xBA, 0x4D, 0xA8, 0x43, 0x73, 0x44, 0x8D,
    0xF7, 0xAC, 0xDF, 0xDA, 0x66, 0xD6, 0xCA, 0x1C, 0x5B, 0x24, 0xC0, 0xDD, 0x33, 0x1F, 0xF3, 0xD1,
    0xA5, 0xFF, 0x08, 0xE8, 0x45, 0x67, 0x50, 0xA2, 0x56, 0x7F, 0x65, 0x95, 0x38, 0x01, 0x27, 0x99,
    0xEC, 0x1D, 0xFE, 0xF6, 0x68, 0xAB, 0x9B, 0x33, 0x9C, 0x1A, 0x57, 0x30, 0xAE, 0x1A, 0x45, 0x57,
    0x2D, 0x5D, 0xD9, 0x84, 0x3B, 0x8E, 0xD6, 0xBA, 0xD9, 0x8E, 0x98, 0x19, 0x5B, 0xC5, 0x17, 0x7C,
    0xC8, 0x1E, 0x49, 0x2A, 0xEF, 0x72, 0x28, 0x75, 0xEF, 0xEA, 0xE3, 0x8D, 0xBE, 0x53, 0xDD, 0x4B,
    0x4C, 0xDF, 0x4F, 0x3E, 0x53, 0x39, 0xA5, 0xB8, 0xD2, 0x74, 0x93, 0x63, 0x79, 0x33, 0xB4, 0xC9,
    0xBF, 0x35, 0xF6, 0xFA, 0xCC, 0x84, 0xDF, 0x74, 0x6E, 0x4B, 0xDD, 0xBA, 0xEC, 0xEF, 0x9F, 0xE3,
    0xA5, 0xBF, 0x73, 0x23, 0xA3, 0xC6, 0x5C, 0x54, 0xD4, 0xB0, 0xD7, 0xE6, 0x37, 0xEE, 0x8E, 0xCE,
    0x2D, 0xD7, 0x7C, 0xEB, 0xB6, 0xB3, 0xBD, 0xB3, 0x14, 0xFF, 0xE1, 0x28, 0x37, 0x6F, 0x5A, 0x71,
    0x7D, 0xE1, 0x96, 0x73, 0xDF, 0xB3, 0x72, 0x9E, 0xF6, 0xD4, 0x1F, 0xDF, 0xBE, 0x78, 0xD9, 0xF0,
    0xAA, 0x10, 0x29, 0xE6, 0xCB, 0x39, 0x75, 0x20, 0x9D, 0x0C, 0x02, 0xEB, 0xB1, 0x87, 0x8D, 0x20,
    0xB9, 0xAB, 0x3D, 0xDC, 0xA9, 0xD8, 0x6C, 0xD6, 0x6F, 0xB8, 0xB3, 0x7F, 0x0F, 0xB6, 0x2C, 0xBE,
    0x46, 0xEB, 0xD0, 0xFA, 0x3A, 0x74, 0x09, 0xEA, 0x9C, 0x69, 0x4F, 0xDF, 0x0B, 0xFE, 0x61, 0x43,
    0xDF, 0x08, 0x2C, 0x3C, 0xB7, 0x58, 0x2C, 0x59, 0x79, 0xEF, 0x70, 0xE1, 0xBC, 0x55, 0xC1, 0x60,
    0x70, 0x2F, 0x56, 0x91, 0xC9, 0xAA, 0xC8, 0xE8, 0x46, 0x02, 0x93, 0x7E, 0x48, 0x08, 0x7D, 0xCA,
    0x21, 0x6A, 0x03, 0x55, 0x91, 0x0D, 0x41, 0xFF, 0x97, 0x40, 0x40, 0xBB, 0x6D, 0x39, 0xE0, 0xFA,
    0x71, 0x4B, 0x51, 0x38, 0x28, 0x0E, 0x82, 0x42, 0x6D, 0xF0, 0xA8, 0x08, 0xBD, 0xD2, 0x01, 0x84,
    0x86, 0xD0, 0x19, 0x24, 0x68, 0x0D, 0xB8, 0xAB, 0x2B, 0x58, 0xAE, 0x90, 0x7A, 0x28, 0x79, 0x8A,
    0x59, 0xD9, 0x83, 0x81, 0xBE, 0x02, 0x7A, 0x64, 0xAA, 0x22, 0x24, 0xB7, 0x71, 0xB8, 0xCF, 0x23,
    0x3A, 0xBD, 0x66, 0xAA, 0x5D, 0xFA, 0x08, 0x57, 0x76, 0xF3, 0xAB, 0x97, 0xCE, 0x3A, 0xA1, 0x17,
    0xE0, 0xF2, 0x87, 0xE4, 0x12, 0x44, 0x41, 0xEF, 0x24, 0x7F, 0xF4, 0x37, 0xA6, 0xFF, 0xE4, 0x7B,
    0xA6, 0xBF, 0xDC, 0x5D, 0x7C, 0x54, 0x8E, 0x51, 0x1D, 0x7E, 0x8D, 0x91, 0xF3, 0x7F, 0xFA, 0xD8,
    0x5E, 0x99, 0x7F, 0xFE, 0x2F, 0x93, 0x2B, 0xC6, 0xF7, 0x5F, 0x19, 0x5D, 0xF9, 0xE4, 0x83, 0x57,
    0x3A, 0x17, 0x9E, 0xBC, 0xC7, 0xBD, 0xC6, 0x8F, 0x7F, 0x64, 0x83, 0x9F, 0xFE, 0x83, 0xED, 0xE5,
    0xE9, 0x9F, 0x9B, 0x0B, 0xDF, 0x7C, 0xEE, 0xFF, 0xF2, 0x06, 0x4A, 0x41, 0x27, 0x93, 0x86, 0x7D,
    0x61, 0xE0, 0x62, 0x1B, 0x14, 0xE7, 0x55, 0x3C, 0x58, 0x2A, 0x24, 0x07, 0xE9, 0x7E, 0xD5, 0x94,
    0x2F, 0x78, 0x3D, 0x53, 0x72, 0xD3, 0x37, 0x5E, 0x94, 0xFB, 0xB3, 0x4C, 0x46, 0x6D, 0x5F, 0xF2,
    0xAD, 0x51, 0xE8, 0xCA, 0xF1, 0xD9, 0xC3, 0x01, 0x4D, 0xD4, 0xDC, 0x69, 0x86, 0x05, 0x35, 0x67,
    0xC9, 0x47, 0x33, 0xAB, 0xE8, 0xA9, 0x19, 0x0A, 0xD4, 0x57, 0x69, 0xE4, 0x56, 0x0B, 0x9D, 0x49,
    0xFB, 0x79, 0x0B, 0xEA, 0xC9, 0x4C, 0x65, 0x77, 0xEA, 0x62, 0xB4, 0x3C, 0x2B, 0x06, 0xD3, 0x65,
    0xBF, 0x6A, 0xB4, 0x6E, 0x47, 0xDD, 0x70, 0x42, 0xB3, 0x1D, 0x2D, 0x7B, 0xA5, 0xF8, 0xC9, 0x6E,
    0x56, 0x22, 0xB2, 0x55, 0xFC, 0xE0, 0xB1, 0x79, 0xD8, 0xC5, 0xFF, 0x54, 0x31, 0x7D, 0xAA, 0x25,
    0x48, 0x78, 0xFB, 0x7F, 0x00, 0x63, 0x60, 0x60, 0xB0, 0xFF, 0xFF, 0xC7, 0xFE, 0xFF, 0x8F, 0xFA,
    0xFF, 0x5F, 0xEA, 0xFF, 0x7F, 0x00, 0x00, 0xAC, 0x95, 0x21, 0x90, 0xE3, 0x46, 0x10, 0x45, 0xC7,
    0xF6, 0xE6, 0x5C, 0x75, 0x02, 0x22, 0xE7, 0x90, 0x00, 0x73, 0x24, 0x8E, 0x64, 0x8E, 0x16, 0x5C,
    0x72, 0x9C, 0x86, 0x73, 0x99, 0xF3, 0xE0, 0x70, 0x4E, 0x93, 0x92, 0x39, 0x32, 0x49, 0xB0, 0xC0,
    0xEE, 0x56, 0x05, 0x45, 0x40, 0x40, 0xBB, 0x91, 0xFC, 0xA3, 0xFF, 0xA7, 0xBB, 0x6B, 0x78, 0x9D,
    0x6A, 0xAA, 0xF4, 0xE7, 0xD6, 0x27, 0x75, 0xBF, 0xD7, 0x53, 0x4A, 0xDB, 0xB5, 0xFB, 0x39, 0x7D,
    0x7E, 0x5C, 0x98, 0x3A, 0x0C, 0x3D, 0xA6, 0x2D, 0xEC, 0x81, 0xFF, 0xF0, 0xFB, 0xB2, 0xA5, 0x6A,
    0xAD, 0xB0, 0x1E, 0xD7, 0x2D, 0x9D, 0x97, 0x03, 0x96, 0x03, 0xFF, 0xAD, 0x9D, 0xF7, 0xFD, 0x7C,
    0x18, 0xF8, 0x1F, 0xA6, 0xD4, 0x4E, 0x89, 0x57, 0x3F, 0xA6, 0x6E, 0x54, 0xC2, 0x98, 0x7A, 0xA5,
    0x06, 0xBC, 0x66, 0xFE, 0x91, 0x41, 0x0F, 0xFE, 0x86, 0xD7, 0x5F, 0xF1, 0xFA, 0xBC, 0xA5, 0x03,
    0x6E, 0x7B, 0xDC, 0x92, 0xD2, 0xF5, 0x50, 0xA4, 0x2B, 0xD3, 0x11, 0x17, 0x4B, 0x15, 0xB8, 0x61,
    0xAA, 0xC1, 0x8D, 0xD2, 0x83, 0x1B, 0xA5, 0x95, 0x1B, 0x5E, 0xE7, 0x95, 0x4B, 0xEF, 0x5D, 0xB6,
    0x5A, 0x95, 0xDA, 0x85, 0x1B, 0xA5, 0x99, 0x9B, 0x64, 0x25, 0xCF, 0x51, 0x72, 0x14, 0xDF, 0x7B,
    0xF1, 0x91, 0x06, 0x2E, 0xE2, 0xC1, 0x3D, 0x6D, 0x4B, 0x54, 0x6E, 0xBB, 0x28, 0x34, 0x8A, 0xDF,
    0x96, 0xCA, 0xAB, 0x1E, 0xE9, 0x08, 0x06, 0xBE, 0xBD, 0x5E, 0x18, 0x4E, 0xFD, 0xF8, 0x25, 0x53,
    0x69, 0x71, 0xDD, 0x96, 0xD2, 0x8B, 0xBF, 0x5F, 0x0F, 0xEF, 0xDF, 0x73, 0x55, 0xC0, 0xA0, 0x37,
    0xFC, 0x8D, 0x39, 0x37, 0xDD, 0x2F, 0xF9, 0x49, 0xDD, 0x6C, 0xE5, 0x1B, 0xEF, 0x93, 0x15, 0xEC,
    0xE5, 0x06, 0xE9, 0xC1, 0x38, 0xDF, 0x45, 0xF9, 0x1B, 0x6E, 0x62, 0xBC, 0x2D, 0x27, 0xEC, 0x7C,
    0x45, 0x57, 0x4C, 0x2B, 0x23, 0x5A, 0x83, 0x2B, 0x73, 0x7D, 0x18, 0xD5, 0xD5, 0x99, 0x8A, 0x28,
    0x97, 0x78, 0xB6, 0xBA, 0xCF, 0x5C, 0xCE, 0x52, 0xE5, 0xB4, 0x8B, 0xDD, 0x1F, 0x7F, 0xA8, 0xAC,
    0x06, 0x93, 0x18, 0x56, 0xB8, 0x8A, 0x60, 0xFA, 0x2A, 0x7E, 0xC9, 0xE8, 0xD9, 0x5D, 0x37, 0x92,
    0x73, 0x6E, 0x46, 0x4D, 0x77, 0x03, 0x46, 0x62, 0x71, 0xED, 0xFB, 0x97, 0x93, 0xF1, 0x82, 0xF1,
    0x7A, 0x18, 0xAF, 0xD5, 0x78, 0x2D, 0xA1, 0xBB, 0x2C, 0x90, 0x31, 0xEB, 0x9D, 0xC4, 0x6B, 0xEC,
    0x47, 0xF1, 0x1A, 0x30, 0x8A, 0xD7, 0x33, 0x06, 0xF1, 0x52, 0xAD, 0xAE, 0xD7, 0xB9, 0xF9, 0x34,
    0x56, 0xC8, 0xB5, 0xD7, 0x9A, 0x49, 0xF1, 0xAA, 0x60, 0xBC, 0x20, 0x5E, 0xE2, 0x47, 0x58, 0xE2,
    0xD6, 0xFA, 0x7D, 0x4E, 0x8D, 0x95, 0xA3, 0xBB, 0x78, 0x3D, 0xE9, 0xDE, 0x20, 0xF3, 0x3A, 0x63,
    0x16, 0xAF, 0x23, 0xEE, 0xDF, 0x8D, 0x97, 0xCE, 0x76, 0x31, 0x62, 0x43, 0x4C, 0x19, 0x3E, 0xF0,
    0x86, 0xD9, 0x8E, 0x77, 0xCC, 0xDA, 0x01, 0xAB, 0xFB, 0xDD, 0xF7, 0x4B, 0x4C, 0x5C, 0x6B, 0x43,
    0xE7, 0x10, 0x8D, 0x63, 0x8C, 0x9E, 0x2E, 0xD2, 0xB4, 0x38, 0x08, 0xE8, 0x2F, 0x5C, 0x77, 0x3F,
    0xE7, 0x8E, 0x53, 0x31, 0xC8, 0x16, 0x70, 0x9D, 0xAF, 0x8F, 0x26, 0x0F, 0xBB, 0x96, 0x28, 0xC7,
    0x80, 0xAE, 0x3E, 0xA3, 0x62, 0x5D, 0xE2, 0x0E, 0xE2, 0x8D, 0x96, 0xCF, 0x80, 0x73, 0xD7, 0x2E,
    0x9A, 0x88, 0xB8, 0x89, 0x30, 0x01, 0x3D, 0x1D, 0x68, 0x66, 0xB9, 0xAB, 0x70, 0x93, 0x06, 0x0C,
    0x66, 0xC2, 0x4F, 0x7E, 0xCC, 0x46, 0x79, 0xF6, 0xE3, 0xF0, 0xC7, 0xE9, 0x77, 0x31, 0x4F, 0x5D,
    0xB8, 0x69, 0x42, 0x4F, 0x9E, 0xC9, 0xD2, 0xD0, 0xCB, 0xA7, 0x42, 0x11, 0x52, 0x76, 0xF4, 0x8E,
    0x37, 0x66, 0x97, 0xD4, 0xC9, 0xBA, 0x59, 0x5A, 0x93, 0x6B, 0x52, 0x2F, 0xEE, 0x49, 0xD9, 0x7B,
    0x9C, 0xDD, 0x94, 0xB6, 0xAE, 0x6A, 0xEC, 0x99, 0x7B, 0xCB, 0x63, 0x72, 0x59, 0xCF, 0x60, 0xCE,
    0xB6, 0xD8, 0xB6, 0x77, 0x4A, 0x0A, 0xCA, 0xF6, 0xA7, 0x10, 0xC6, 0x6C, 0xC6, 0x98, 0x5D, 0x19,
    0x45, 0xBA, 0x33, 0x9A, 0x74, 0x69, 0x52, 0xE9, 0xD6, 0x94, 0xA5, 0x4D, 0x06, 0xDD, 0x5B, 0x6D,
    0x6D, 0xF9, 0xC1, 0x71, 0x73, 0x4D, 0xD1, 0x56, 0xB3, 0x3E, 0x59, 0xA6, 0xB0, 0x3F, 0xA3, 0xC5,
    0x1A, 0x4B, 0x72, 0x7B, 0x3C, 0x44, 0xA1, 0xEF, 0x4B, 0x0A, 0x7F, 0xA5, 0xC0, 0xD2, 0x60, 0xA9,
    0xB0, 0x74, 0x58, 0x4A, 0x2C, 0x2D, 0x96, 0x1A, 0xFD, 0xFA, 0x04, 0x1D, 0x3B, 0xA1, 0xBD, 0xE6,
    0x67, 0xFF, 0x45, 0xA4, 0x62, 0xA1, 0x5F, 0xC6, 0x64, 0xD2, 0x94, 0x02, 0x7B, 0x68, 0x66, 0xEB,
    0xAD, 0x9D, 0xDC, 0x57, 0x0E, 0xC3, 0x4F, 0xC0, 0xAC, 0x36, 0x5A, 0x60, 0x52, 0x0F, 0x3F, 0xEA,
    0xD3, 0x59, 0x4A, 0xD9, 0x72, 0xD8, 0x09, 0x35, 0xF2, 0xE2, 0xF0, 0x3D, 0x84, 0x02, 0xE7, 0xEF,
    0xF0, 0x5D, 0x44, 0xF9, 0xBD, 0x74, 0xE6, 0xE2, 0xEF, 0x95, 0xB6, 0xEB, 0x2E, 0x57, 0xDA, 0x80,
    0x4F, 0x04, 0x99, 0x3F, 0x32, 0xF3, 0x03, 0x41, 0xAB, 0xA8, 0x53, 0xA6, 0x1D, 0xA8, 0x83, 0xB3,
    0x43, 0x76, 0xC2, 0x81, 0x37, 0xD8, 0x06, 0xD8, 0x92, 0x6A, 0xFF, 0x4F, 0x50, 0xBD, 0xE7, 0x27,
    0xFD, 0x96, 0xF9, 0xD4, 0xFE, 0x95, 0x3F, 0x8F, 0x3E, 0x37, 0x83, 0x87, 0xBB, 0xEC, 0x29, 0xE8,
    0x37, 0xA7, 0xEE, 0xAE, 0x36, 0x2A, 0x60, 0xF8, 0x0C, 0x2C, 0xA9, 0xFB, 0xC0, 0x78, 0x66, 0xC0,
    0xB5, 0x9D, 0x7E, 0xC0, 0xFB, 0xD7, 0x3D, 0xF8, 0x1C, 0x8C, 0xAC, 0xB4, 0x1E, 0x73, 0x4B, 0x97,
    0xFA, 0xC2, 0x96, 0x0E, 0x3E, 0x4C, 0x7B, 0xAC, 0xD6, 0x1B, 0x6B, 0x11, 0xF0, 0x0E, 0x8B, 0x7F,
    0x11, 0x8C, 0xF3, 0x0E, 0xB8, 0xD8, 0xA8, 0xE3, 0x4A, 0xCE, 0x15, 0x1D, 0x31, 0xB4, 0xB7, 0x84,
    0x1B, 0x81, 0x77, 0x5B, 0xB8, 0x2A, 0xDC, 0x77, 0xB8, 0xD4, 0x48, 0x97, 0x76, 0x3A, 0xF2, 0xBC,
    0xFC, 0x7B, 0x3B, 0x53, 0xF9, 0x11, 0xB8, 0xEC, 0xC1, 0xEF, 0x26, 0xFD, 0xFF, 0x3F, 0xD6, 0x00,
    0x06, 0x70, 0xA8, 0x02, 0x00, 0x62, 0x40, 0x06, 0x15, 0x50, 0x1A, 0xC0, 0xC2, 0x1C, 0x1B, 0x21,
    0x0C, 0x03, 0x41, 0x14, 0x5D, 0xD9, 0x01, 0x01, 0x29, 0xB9, 0x4A, 0x70, 0x09, 0x0E, 0x29, 0x81,
    0x72, 0xEC, 0x4E, 0x28, 0x05, 0x4A, 0xA0, 0x04, 0x97, 0x40, 0x40, 0xA0, 0x19, 0xC4, 0x2D, 0xBB,
    0x73, 0x52, 0xF4, 0x47, 0xF7, 0xEE, 0x4A, 0x8C, 0x38, 0x71, 0xCF, 0xA8, 0x3C, 0x32, 0x36, 0xB6,
    0x24, 0x64, 0x0C, 0xC2, 0x44, 0xF5, 0x85, 0x45, 0x48, 0x04, 0x97, 0xB9, 0x99, 0xFC, 0x10, 0x08,
    0x93, 0x5E, 0x88, 0x4D, 0xA8, 0xC6, 0x44, 0xAC, 0x42, 0x1B, 0xBF, 0x8A, 0xE6, 0x2B, 0x54, 0x84,
    0xAF, 0x30, 0xF0, 0xE0, 0x5E, 0x15, 0x1D, 0xE4, 0xB1, 0x2A, 0x3E, 0x33, 0xD9, 0x16, 0x85, 0xBF,
    0xDF, 0x67, 0x85, 0x17, 0x9E, 0x13, 0x49, 0x4D, 0x08, 0x2D, 0xF0, 0x6A, 0x0F, 0xA1, 0xBB, 0x08,
    0x20, 0x64, 0x02, 0x18, 0x99, 0x08, 0xC5, 0x6C, 0x22, 0xD4, 0x8B, 0x89, 0x50, 0x87, 0x89, 0x50,
    0x2F, 0x26, 0x46, 0x37, 0x13, 0xA3, 0x24, 0x42, 0x49, 0x84, 0x88, 0xF1, 0xFE, 0xDB, 0x03, 0x63,
    0x28, 0x80, 0x08, 0x00,
};

static const EpdGlyph notoserif_18_bolditalicGlyphs[] = {
    { 0, 0, 0, 0, 0, 0, 0 }, // U+0000
    { 0, 0, 156, 0, 0, 0, 0 }, // U+000D
    { 0, 0, 156, 0, 0, 0, 0 }, // U+0020
    { 13, 28, 237, 2, 27, 91, 0 }, // !
    { 16, 11, 305, 5, 27, 44, 91 }, // "
    { 21, 27, 335, 1, 27, 142, 135 }, // #
    { 21, 32, 335, 0, 29, 168, 277 }, // $
    { 31, 29, 538, 2, 28, 225, 445 }, // %
    { 29, 29, 481, 1, 28, 211, 670 }, // &
    { 8, 11, 174, 5, 27, 22, 881 }, // '
    { 17, 35, 240, 1, 29, 149, 903 }, // (
    { 17, 35, 240, -2, 29, 149, 1052 }, // )
    { 17, 16, 371, 5, 29, 68, 1201 }, // *
    { 17, 17, 335, 2, 22, 73, 1269 }, // +
    { 9, 12, 182, -1, 6, 27, 1342 }, // ,
    { 11, 5, 186, 0, 13, 14, 1369 }, // -
    { 7, 7, 182, 1, 6, 13, 1383 }, // .
    { 20, 34, 173, -4, 29, 170, 1396 }, // /
    { 21, 29, 335, 1, 28, 153, 1566 }, // 0
    { 18, 27, 310, 0, 27, 122, 1719 }, // 1
    { 23, 28, 335, -1, 28, 161, 1841 }, // 2
    { 22, 29, 335, -1, 28, 160, 2002 }, // 3
    { 21, 27, 335, 0, 27, 142, 2162 }, // 4
    { 22, 28, 335, 0, 27, 154, 2304 }, // 5
    { 22, 29, 335, 1, 28, 160, 2458 }, // 6
    { 22, 27, 335, 2, 27, 149, 2618 }, // 7
    { 22, 29, 335, 0, 28, 160, 2767 }, // 8
    { 20, 29, 335, 1, 28, 145, 2927 }, // 9
    { 11, 22, 215, 1, 21, 61, 3072 }, // :
    { 13, 27, 215, -1, 21, 88, 3133 }, // ;
    { 17, 20, 335, 2, 23, 85, 3221 }, // <
    { 17, 11, 335, 2, 19, 47, 3306 }, // =
    { 17, 20, 335, 2, 23, 85, 3353 }, // >
    { 18, 29, 321, 3, 28, 131, 3438 }, // ?
    { 32, 33, 553, 1, 27, 264, 3569 }, // @
    { 29, 27, 452, -2, 27, 196, 3833 }, // A
    { 27, 27, 403, -1, 27, 183, 4029 }, // B
    { 25, 29, 401, 2, 28, 182, 4212 }, // C
    { 30, 27, 461, -1, 27, 203, 4394 }, // D
    { 27, 27, 380, -1, 27, 183, 4597 }, // E
    { 27, 27, 373, -1, 27, 183, 4780 }, // F
    { 27, 29, 478, 2, 28, 196, 4963 }, // G
    { 35, 27, 491, -1, 27, 237, 5159 }, // H
    { 19, 27, 241, -1, 27, 129, 5396 }, // I
    { 24, 36, 241, -6, 27, 216, 5525 }, // J
    { 32, 27, 445, -1, 27, 216, 5741 }, // K
    { 25, 27, 392, -1, 27, 169, 5957 }, // L
    { 40, 27, 571, -1, 27, 270, 6126 }, // M
    { 34, 27, 473, -1, 27, 230, 6396 }, // N
    { 27, 29, 475, 2, 28, 196, 6626 }, // O
    { 27, 27, 398, -1, 27, 183, 6822 }, // P
    { 27, 37, 472, 2, 28, 250, 7005 }, // Q
    { 27, 27, 424, -1, 27, 183, 7255 }, // R
    { 23, 29, 352, 0, 28, 167, 7438 }, // S
    { 26, 27, 392, 2, 27, 176, 7605 }, // T
    { 29, 28, 448, 3, 27, 203, 7781 }, // U
    { 27, 27, 419, 3, 27, 183, 7984 }, // V
    { 41, 27, 640, 3, 27, 277, 8167 }, // W
    { 32, 27, 439, -2, 27, 216, 8444 }, // X
    { 27, 27, 416, 3, 27, 183, 8660 }, // Y
    { 28, 27, 400, -1, 27, 189, 8843 }, // Z
    { 19, 34, 248, 0, 29, 162, 9032 }, // [
    { 5, 34, 173, 4, 29, 43, 9194 }, // <backslash>
    { 18, 34, 248, -2, 29, 153, 9237 }, // ]
    { 19, 18, 335, 1, 27, 86, 9390 }, // ^
    { 19, 3, 275, -4, -3, 15, 9476 }, // _
    { 9, 7, 200, 5, 29, 16, 9491 }, // `
    { 23, 22, 399, 1, 21, 127, 9507 }, // a
    { 22, 30, 374, 0, 29, 165, 9634 }, // b
    { 19, 22, 317, 1, 21, 105, 9799 }, // c
    { 24, 30, 399, 1, 29, 180, 9904 }, // d
    { 19, 22, 321, 1, 21, 105, 10084 }, // e
    { 28, 38, 242, -6, 29, 266, 10189 }, // f
    { 27, 31, 348, -3, 22, 210, 10455 }, // g
    { 24, 30, 394, 0, 29, 180, 10665 }, // h
    { 11, 30, 212, 2, 29, 83, 10845 }, // i
    { 19, 38, 203, -6, 29, 181, 10928 }, // j
    { 24, 29, 358, 0, 29, 174, 11109 }, // k
    { 12, 30, 212, 1, 29, 90, 11283 }, // l
    { 35, 22, 581, 1, 21, 193, 11373 }, // m
    { 24, 22, 403, 1, 21, 132, 11566 }, // n
    { 21, 22, 371, 1, 21, 116, 11698 }, // o
    { 24, 30, 374, -2, 21, 180, 11814 }, // p
    { 22, 30, 379, 1, 21, 165, 11994 }, // q
    { 20, 21, 331, 1, 21, 105, 12159 }, // r
    { 19, 22, 308, 0, 21, 105, 12264 }, // s
    { 14, 26, 250, 2, 25, 91, 12369 }, // t
    { 23, 22, 404, 2, 21, 127, 12460 }, // u
    { 21, 22, 352, 0, 21, 116, 12587 }, // v
    { 31, 22, 525, 1, 21, 171, 12703 }, // w
    { 24, 21, 362, -1, 21, 126, 12874 }, // x
    { 28, 30, 352, -7, 21, 210, 13000 }, // y
    { 20, 21, 335, 0, 21, 105, 13210 }, // z
    { 19, 34, 265, 1, 29, 162, 13315 }, // {
    { 3, 38, 335, 9, 29, 29, 13477 }, // |
    { 20, 34, 265, -3, 29, 170, 13506 }, // }
    { 19, 8, 335, 1, 17, 38, 13676 }, // ~
    { 0, 0, 156, 0, 0, 0, 0 }, // U+00A0
    { 12, 28, 237, 0, 21, 84, 0 }, // U+00A1
    { 20, 27, 335, 2, 27, 135, 84 }, // U+00A2
    { 23, 29, 335, -1, 28, 167, 219 }, // U+00A3
    { 17, 17, 335, 3, 22, 73, 386 }, // U+00A4
    { 24, 27, 335, 1, 27, 162, 459 }, // U+00A5
    { 3, 38, 335, 9, 29, 29, 621 }, // U+00A6
    { 21, 34, 326, 0, 29, 179, 650 }, // U+00A7
    { 14, 6, 346, 6, 29, 21, 829 }, // U+00A8
    { 28, 29, 507, 2, 28, 203, 850 }, // U+00A9
    { 16, 13, 259, 2, 27, 52, 1053 }, // U+00AA
    { 18, 16, 332, 2, 18, 72, 1105 }, // U+00AB
    { 17, 10, 335, 2, 15, 43, 1177 }, // U+00AC
    { 11, 5, 186, 0, 13, 14, 1220 }, // U+00AD
    { 28, 29, 507, 2, 28, 203, 1234 }, // U+00AE
    { 19, 3, 275, 3, 31, 15, 1437 }, // U+00AF
    { 13, 13, 240, 4, 28, 43, 1452 }, // U+00B0
    { 17, 22, 335, 2, 22, 94, 1495 }, // U+00B1
    { 15, 17, 240, 2, 31, 64, 1589 }, // U+00B2
    { 15, 17, 240, 2, 31, 64, 1653 }, // U+00B3
    { 11, 7, 195, 4, 29, 20, 1717 }, // U+00B4
    { 26, 30, 406, -1, 21, 195, 1737 }, // U+00B5
    { 21, 34, 376, 2, 29, 179, 1932 }, // U+00B6
    { 7, 7, 182, 3, 17, 13, 2111 }, // U+00B7
    { 11, 10, 200, 0, 1, 28, 2124 }, // U+00B8
    { 12, 17, 240, 3, 31, 51, 2152 }, // U+00B9
    { 15, 13, 244, 2, 27, 49, 2203 }, // U+00BA
    { 19, 16, 332, 0, 18, 76, 2252 }, // U+00BB
    { 30, 28, 529, 2, 27, 210, 2328 }, // U+00BC
    { 30, 28, 529, 2, 27, 210, 2538 }, // U+00BD
    { 31, 28, 529, 1, 27, 217, 2748 }, // U+00BE
    { 17, 29, 321, 0, 21, 124, 2965 }, // U+00BF
    { 29, 35, 452, -2, 35, 254, 3089 }, // U+00C0
    { 29, 35, 452, -2, 35, 254, 3343 }, // U+00C1
    { 29, 35, 452, -2, 35, 254, 3597 }, // U+00C2
    { 29, 35, 452, -2, 35, 254, 3851 }, // U+00C3
    { 29, 35, 452, -2, 35, 254, 4105 }, // U+00C4
    { 29, 34, 452, -2, 34, 247, 4359 }, // U+00C5
    { 41, 27, 596, -2, 27, 277, 4606 }, // U+00C6
    { 25, 37, 401, 2, 28, 232, 4883 }, // U+00C7
    { 27, 35, 380, -1, 35, 237, 5115 }, // U+00C8
    { 27, 35, 380, -1, 35, 237, 5352 }, // U+00C9
    { 27, 35, 380, -1, 35, 237, 5589 }, // U+00CA
    { 27, 35, 380, -1, 35, 237, 5826 }, // U+00CB
    { 19, 35, 241, -1, 35, 167, 6063 }, // U+00CC
    { 21, 35, 241, -1, 35, 184, 6230 }, // U+00CD
    { 20, 35, 241, -1, 35, 175, 6414 }, // U+00CE
    { 20, 35, 241, -1, 35, 175, 6589 }, // U+00CF
    { 30, 27, 461, -1, 27, 203, 6764 }, // U+00D0
    { 34, 35, 473, -1, 35, 298, 6967 }, // U+00D1
    { 27, 36, 475, 2, 35, 243, 7265 }, // U+00D2
    { 27, 36, 475, 2, 35, 243, 7508 }, // U+00D3
    { 27, 36, 475, 2, 35, 243, 7751 }, // U+00D4
    { 27, 36, 475, 2, 35, 243, 7994 }, // U+00D5
    { 27, 36, 475, 2, 35, 243, 8237 }, // U+00D6
    { 15, 15, 335, 3, 21, 57, 8480 }, // U+00D7
    { 27, 31, 475, 2, 29, 210, 8537 }, // U+00D8
    { 29, 36, 448, 3, 35, 261, 8747 }, // U+00D9
    { 29, 36, 448, 3, 35, 261, 9008 }, // U+00DA
    { 29, 36, 448, 3, 35, 261, 9269 }, // U+00DB
    { 29, 36, 448, 3, 35, 261, 9530 }, // U+00DC
    { 27, 35, 416, 3, 35, 237, 9791 }, // U+00DD
    { 25, 27, 383, -1, 27, 169, 10028 }, // U+00DE
    { 31, 38, 417, -6, 29, 295, 10197 }, // U+00DF
    { 23, 30, 399, 1, 29, 173, 10492 }, // U+00E0
    { 23, 30, 399, 1, 29, 173, 10665 }, // U+00E1
    { 23, 30, 399, 1, 29, 173, 10838 }, // U+00E2
    { 23, 30, 399, 1, 29, 173, 11011 }, // U+00E3
    { 23, 30, 399, 1, 29, 173, 11184 }, // U+00E4
    { 23, 32, 399, 1, 31, 184, 11357 }, // U+00E5
    { 32, 22, 528, 1, 21, 176, 11541 }, // U+00E6
    { 19, 30, 317, 1, 21, 143, 11717 }, // U+00E7
    { 19, 30, 321, 1, 29, 143, 11860 }, // U+00E8
    { 21, 30, 321, 1, 29, 158, 12003 }, // U+00E9
    { 20, 30, 321, 1, 29, 150, 12161 }, // U+00EA
    { 19, 30, 321, 1, 29, 143, 12311 }, // U+00EB
    { 11, 30, 212, 2, 29, 83, 12454 }, // U+00EC
    { 15, 30, 212, 2, 29, 113, 12537 }, // U+00ED
    { 14, 30, 212, 1, 29, 105, 12650 }, // U+00EE
    { 14, 30, 212, 1, 29, 105, 12755 }, // U+00EF
    { 21, 30, 369, 1, 29, 158, 12860 }, // U+00F0
    { 24, 30, 403, 1, 29, 180, 13018 }, // U+00F1
    { 21, 30, 371, 1, 29, 158, 13198 }, // U+00F2
    { 22, 30, 371, 1, 29, 165, 13356 }, // U+00F3
    { 21, 30, 371, 1, 29, 158, 13521 }, // U+00F4
    { 22, 30, 371, 1, 29, 165, 13679 }, // U+00F5
    { 21, 30, 371, 1, 29, 158, 13844 }, // U+00F6
    { 17, 19, 335, 2, 23, 81, 14002 }, // U+00F7
    { 23, 24, 371, 0, 22, 138, 14083 }, // U+00F8
    { 23, 30, 404, 2, 29, 173, 14221 }, // U+00F9
    { 23, 30, 404, 2, 29, 173, 14394 }, // U+00FA
    { 23, 30, 404, 2, 29, 173, 14567 }, // U+00FB
    { 23, 30, 404, 2, 29, 173, 14740 }, // U+00FC
    { 28, 38, 352, -7, 29, 266, 14913 }, // U+00FD
    { 24, 38, 374, -2, 29, 228, 15179 }, // U+00FE
    { 28, 38, 352, -7, 29, 266, 15407 }, // U+00FF
    { 29, 32, 452, -2, 32, 232, 0 }, // U+0100
    { 23, 27, 399, 1, 26, 156, 232 }, // U+0101
    { 29, 35, 452, -2, 35, 254, 388 }, // U+0102
    { 23, 30, 399, 1, 29, 173, 642 }, // U+0103
    { 29, 36, 452, -2, 27, 261, 815 }, // U+0104
    { 23, 30, 399, 1, 21, 173, 1076 }, // U+0105
    { 26, 36, 401, 2, 35, 234, 1249 }, // U+0106
    { 22, 30, 317, 1, 29, 165, 1483 }, // U+0107
    { 25, 36, 401, 2, 35, 225, 1648 }, // U+0108
    { 20, 30, 317, 1, 29, 150, 1873 }, // U+0109
    { 25, 36, 401, 2, 35, 225, 2023 }, // U+010A
    { 19, 30, 317, 1, 29, 143, 2248 }, // U+010B
    { 25, 36, 401, 2, 35, 225, 2391 }, // U+010C
    { 21, 30, 317, 1, 29, 158, 2616 }, // U+010D
    { 30, 35, 461, -1, 35, 263, 2774 }, // U+010E
    { 32, 30, 399, 1, 29, 240, 3037 }, // U+010F
    { 30, 27, 461, -1, 27, 203, 3277 }, // U+0110
    { 26, 30, 398, 1, 29, 195, 3480 }, // U+0111
    { 27, 32, 380, -1, 32, 216, 3675 }, // U+0112
    { 19, 27, 321, 1, 26, 129, 3891 }, // U+0113
    { 27, 35, 380, -1, 35, 237, 4020 }, // U+0114
    { 20, 30, 321, 1, 29, 150, 4257 }, // U+0115
    { 27, 35, 380, -1, 35, 237, 4407 }, // U+0116
    { 19, 30, 321, 1, 29, 143, 4644 }, // U+0117
    { 27, 36, 380, -1, 27, 243, 4787 }, // U+0118
    { 19, 29, 321, 1, 21, 138, 5030 }, // U+0119
    { 27, 35, 380, -1, 35, 237, 5168 }, // U+011A
    { 21, 30, 321, 1, 29, 158, 5405 }, // U+011B
    { 27, 36, 478, 2, 35, 243, 5563 }, // U+011C
    { 27, 38, 348, -3, 29, 257, 5806 }, // U+011D
    { 27, 36, 478, 2, 35, 243, 6063 }, // U+011E
    { 27, 38, 348, -3, 29, 257, 6306 }, // U+011F
    { 27, 36, 478, 2, 35, 243, 6563 }, // U+0120
    { 27, 38, 348, -3, 29, 257, 6806 }, // U+0121
    { 27, 37, 478, 2, 28, 250, 7063 }, // U+0122
    { 27, 38, 348, -3, 29, 257, 7313 }, // U+0123
    { 35, 35, 491, -1, 35, 307, 7570 }, // U+0124
    { 24, 37, 394, 0, 36, 222, 7877 }, // U+0125
    { 35, 27, 491, -1, 27, 237, 8099 }, // U+0126
    { 24, 30, 394, 0, 29, 180, 8336 }, // U+0127
    { 21, 35, 241, -1, 35, 184, 8516 }, // U+0128
    { 16, 30, 212, 0, 29, 120, 8700 }, // U+0129
    { 19, 32, 241, -1, 32, 152, 8820 }, // U+012A
    { 12, 27, 212, 2, 26, 81, 8972 }, // U+012B
    { 20, 35, 241, -1, 35, 175, 9053 }, // U+012C
    { 14, 30, 212, 2, 29, 105, 9228 }, // U+012D
    { 19, 36, 241, -1, 27, 171, 9333 }, // U+012E
    { 13, 38, 212, 0, 29, 124, 9504 }, // U+012F
    { 19, 35, 241, -1, 35, 167, 9628 }, // U+0130
    { 11, 22, 212, 2, 21, 61, 9795 }, // U+0131
    { 34, 36, 481, -1, 27, 306, 9856 }, // U+0132
    { 24, 38, 415, 2, 29, 228, 10162 }, // U+0133
    { 25, 44, 241, -6, 35, 275, 10390 }, // U+0134
    { 21, 38, 203, -6, 29, 200, 10665 }, // U+0135
    { 32, 36, 445, -1, 27, 288, 10865 }, // U+0136
    { 24, 38, 358, 0, 29, 228, 11153 }, // U+0137
    { 24, 21, 358, 0, 21, 126, 11381 }, // U+0138
    { 25, 35, 392, -1, 35, 219, 11507 }, // U+0139
    { 18, 37, 212, 1, 36, 167, 11726 }, // U+013A
    { 25, 36, 392, -1, 27, 225, 11893 }, // U+013B
    { 14, 38, 212, -1, 29, 133, 12118 }, // U+013C
    { 27, 27, 392, -1, 27, 183, 12251 }, // U+013D
    { 20, 30, 212, 1, 29, 150, 12434 }, // U+013E
    { 25, 27, 392, -1, 27, 169, 12584 }, // U+013F
    { 18, 30, 278, 1, 29, 135, 12753 }, // U+0140
    { 25, 27, 392, -1, 27, 169, 12888 }, // U+0141
    { 15, 30, 212, -1, 29, 113, 13057 }, // U+0142
    { 34, 35, 473, -1, 35, 298, 13170 }, // U+0143
    { 24, 30, 403, 1, 29, 180, 13468 }, // U+0144
    { 34, 36, 473, -1, 27, 306, 13648 }, // U+0145
    { 24, 30, 403, 1, 21, 180, 13954 }, // U+0146
    { 34, 35, 473, -1, 35, 298, 14134 }, // U+0147
    { 24, 30, 403, 1, 29, 180, 14432 }, // U+0148
    { 33, 28, 527, 0, 27, 231, 14612 }, // U+0149
    { 34, 36, 458, -1, 27, 306, 14843 }, // U+014A
    { 22, 30, 391, 1, 21, 165, 15149 }, // U+014B
    { 27, 33, 475, 2, 32, 223, 15314 }, // U+014C
    { 21, 27, 371, 1, 26, 142, 15537 }, // U+014D
    { 27, 36, 475, 2, 35, 243, 15679 }, // U+014E
    { 21, 30, 371, 1, 29, 158, 15922 }, // U+014F
    { 28, 36, 475, 2, 35, 252, 16080 }, // U+0150
    { 24, 30, 371, 1, 29, 180, 16332 }, // U+0151
    { 37, 29, 595, 2, 28, 269, 16512 }, // U+0152
    { 33, 22, 541, 1, 21, 182, 16781 }, // U+0153
    { 27, 35, 424, -1, 35, 237, 16963 }, // U+0154
    { 20, 29, 331, 1, 29, 145, 17200 }, // U+0155
    { 27, 36, 424, -1, 27, 243, 17345 }, // U+0156
    { 22, 30, 331, -1, 21, 165, 17588 }, // U+0157
    { 27, 35, 424, -1, 35, 237, 17753 }, // U+0158
    { 20, 29, 331, 1, 29, 145, 17990 }, // U+0159
    { 24, 36, 352, 0, 35, 216, 18135 }, // U+015A
    { 21, 30, 308, 0, 29, 158, 18351 }, // U+015B
    { 23, 36, 352, 0, 35, 207, 18509 }, // U+015C
    { 19, 30, 308, 0, 29, 143, 18716 }, // U+015D
    { 23, 37, 352, 0, 28, 213, 18859 }, // U+015E
    { 19, 30, 308, 0, 21, 143, 19072 }, // U+015F
    { 23, 36, 352, 0, 35, 207, 19215 }, // U+0160
    { 21, 30, 308, 0, 29, 158, 19422 }, // U+0161
    { 26, 36, 392, 2, 27, 234, 19580 }, // U+0162
    { 16, 34, 250, 0, 25, 136, 19814 }, // U+0163
    { 26, 35, 392, 2, 35, 228, 19950 }, // U+0164
    { 19, 30, 250, 2, 29, 143, 20178 }, // U+0165
    { 26, 27, 392, 2, 27, 176, 20321 }, // U+0166
    { 15, 26, 250, 1, 25, 98, 20497 }, // U+0167
    { 29, 36, 448, 3, 35, 261, 20595 }, // U+0168
    { 23, 30, 404, 2, 29, 173, 20856 }, // U+0169
    { 29, 33, 448, 3, 32, 240, 21029 }, // U+016A
    { 23, 27, 404, 2, 26, 156, 21269 }, // U+016B
    { 29, 36, 448, 3, 35, 261, 21425 }, // U+016C
    { 23, 30, 404, 2, 29, 173, 21686 }, // U+016D
    { 29, 38, 448, 3, 37, 276, 21859 }, // U+016E
    { 23, 32, 404, 2, 31, 184, 22135 }, // U+016F
    { 29, 36, 448, 3, 35, 261, 22319 }, // U+0170
    { 24, 30, 404, 2, 29, 180, 22580 }, // U+0171
    { 29, 36, 448, 3, 27, 261, 22760 }, // U+0172
    { 23, 30, 404, 2, 21, 173, 23021 }, // U+0173
    { 41, 35, 640, 3, 35, 359, 23194 }, // U+0174
    { 31, 30, 525, 1, 29, 233, 23553 }, // U+0175
    { 27, 35, 416, 3, 35, 237, 23786 }, // U+0176
    { 28, 38, 352, -7, 29, 266, 24023 }, // U+0177
    { 27, 35, 416, 3, 35, 237, 24289 }, // U+0178
    { 28, 35, 400, -1, 35, 245, 24526 }, // U+0179
    { 21, 29, 335, 0, 29, 153, 24771 }, // U+017A
    { 28, 35, 400, -1, 35, 245, 24924 }, // U+017B
    { 20, 29, 335, 0, 29, 145, 25169 }, // U+017C
    { 28, 35, 400, -1, 35, 245, 25314 }, // U+017D
    { 21, 29, 335, 0, 29, 153, 25559 }, // U+017E
    { 28, 38, 242, -6, 29, 266, 25712 }, // U+017F
    { 33, 30, 506, 2, 29, 248, 0 }, // U+01A0
    { 27, 25, 402, 1, 24, 169, 248 }, // U+01A1
    { 33, 30, 512, 3, 29, 248, 417 }, // U+01AF
    { 30, 25, 467, 2, 24, 188, 665 }, // U+01B0
    { 57, 35, 860, -1, 35, 499, 853 }, // U+01C4
    { 50, 29, 796, -1, 29, 363, 1352 }, // U+01C5
    { 44, 30, 734, 1, 29, 330, 1715 }, // U+01C6
    { 44, 36, 633, -1, 27, 396, 2045 }, // U+01C7
    { 38, 38, 595, -1, 29, 361, 2441 }, // U+01C8
    { 25, 38, 415, 1, 29, 238, 2802 }, // U+01C9
    { 49, 36, 713, -1, 27, 441, 3040 }, // U+01CA
    { 43, 38, 676, -1, 29, 409, 3481 }, // U+01CB
    { 37, 38, 606, 1, 29, 352, 3890 }, // U+01CC
    { 29, 35, 452, -2, 35, 254, 4242 }, // U+01CD
    { 23, 30, 399, 1, 29, 173, 4496 }, // U+01CE
    { 21, 35, 241, -1, 35, 184, 4669 }, // U+01CF
    { 14, 30, 212, 2, 29, 105, 4853 }, // U+01D0
    { 27, 36, 475, 2, 35, 243, 4958 }, // U+01D1
    { 22, 30, 371, 1, 29, 165, 5201 }, // U+01D2
    { 29, 36, 448, 3, 35, 261, 5366 }, // U+01D3
    { 23, 30, 404, 2, 29, 173, 5627 }, // U+01D4
    { 29, 39, 448, 3, 38, 283, 5800 }, // U+01D5
    { 23, 33, 404, 2, 32, 190, 6083 }, // U+01D6
    { 29, 40, 448, 3, 39, 290, 6273 }, // U+01D7
    { 23, 34, 404, 2, 33, 196, 6563 }, // U+01D8
    { 29, 41, 448, 3, 40, 298, 6759 }, // U+01D9
    { 23, 34, 404, 2, 33, 196, 7057 }, // U+01DA
    { 29, 40, 448, 3, 39, 290, 7253 }, // U+01DB
    { 23, 34, 404, 2, 33, 196, 7543 }, // U+01DC
    { 19, 22, 337, 1, 21, 105, 7739 }, // U+01DD
    { 29, 38, 452, -2, 38, 276, 7844 }, // U+01DE
    { 23, 33, 399, 1, 32, 190, 8120 }, // U+01DF
    { 29, 38, 452, -2, 38, 276, 8310 }, // U+01E0
    { 23, 33, 399, 1, 32, 190, 8586 }, // U+01E1
    { 41, 32, 596, -2, 32, 328, 8776 }, // U+01E2
    { 32, 27, 528, 1, 26, 216, 9104 }, // U+01E3
    { 27, 29, 478, 2, 28, 196, 9320 }, // U+01E4
    { 27, 31, 348, -3, 22, 210, 9516 }, // U+01E5
    { 27, 36, 478, 2, 35, 243, 9726 }, // U+01E6
    { 27, 38, 348, -3, 29, 257, 9969 }, // U+01E7
    { 32, 35, 445, -1, 35, 280, 10226 }, // U+01E8
    { 24, 36, 358, 0, 36, 216, 10506 }, // U+01E9
    { 27, 37, 475, 2, 28, 250, 10722 }, // U+01EA
    { 21, 30, 371, 1, 21, 158, 10972 }, // U+01EB
    { 27, 41, 475, 2, 32, 277, 11130 }, // U+01EC
    { 21, 35, 371, 1, 26, 184, 11407 }, // U+01ED
    { 24, 36, 364, 0, 35, 216, 11591 }, // U+01EE
    { 23, 38, 335, -2, 29, 219, 11807 }, // U+01EF
    { 23, 38, 203, -6, 29, 219, 12026 }, // U+01F0
    { 57, 27, 860, -1, 27, 385, 12245 }, // U+01F1
    { 50, 27, 796, -1, 27, 338, 12630 }, // U+01F2
    { 44, 30, 734, 1, 29, 330, 12968 }, // U+01F3
    { 27, 36, 478, 2, 35, 243, 13298 }, // U+01F4
    { 27, 38, 348, -3, 29, 257, 13541 }, // U+01F5
    { 45, 28, 683, -1, 27, 315, 13798 }, // U+01F6
    { 32, 37, 449, -3, 28, 296, 14113 }, // U+01F7
    { 34, 35, 473, -1, 35, 298, 14409 }, // U+01F8
    { 24, 30, 403, 1, 29, 180, 14707 }, // U+01F9
    { 29, 38, 452, -2, 38, 276, 14887 }, // U+01FA
    { 24, 38, 399, 1, 37, 228, 15163 }, // U+01FB
    { 41, 35, 596, -2, 35, 359, 15391 }, // U+01FC
    { 32, 30, 528, 1, 29, 240, 15750 }, // U+01FD
    { 27, 37, 475, 2, 35, 250, 15990 }, // U+01FE
    { 23, 31, 371, 0, 29, 179, 16240 }, // U+01FF
    { 29, 36, 452, -2, 36, 261, 16419 }, // U+0200
    { 23, 30, 399, 1, 29, 173, 16680 }, // U+0201
    { 29, 35, 452, -2, 35, 254, 16853 }, // U+0202
    { 23, 30, 399, 1, 29, 173, 17107 }, // U+0203
    { 27, 36, 380, -1, 36, 243, 17280 }, // U+0204
    { 19, 30, 321, 1, 29, 143, 17523 }, // U+0205
    { 27, 35, 380, -1, 35, 237, 17666 }, // U+0206
    { 20, 30, 321, 1, 29, 150, 17903 }, // U+0207
    { 19, 36, 241, -1, 36, 171, 18053 }, // U+0208
    { 17, 30, 212, -3, 29, 128, 18224 }, // U+0209
    { 20, 36, 241, -1, 36, 180, 18352 }, // U+020A
    { 14, 30, 212, 2, 29, 105, 18532 }, // U+020B
    { 27, 37, 475, 2, 36, 250, 18637 }, // U+020C
    { 21, 30, 371, 1, 29, 158, 18887 }, // U+020D
    { 27, 36, 475, 2, 35, 243, 19045 }, // U+020E
    { 21, 30, 371, 1, 29, 158, 19288 }, // U+020F
    { 27, 36, 424, -1, 36, 243, 19446 }, // U+0210
    { 20, 29, 331, 1, 29, 145, 19689 }, // U+0211
    { 27, 35, 424, -1, 35, 237, 19834 }, // U+0212
    { 20, 29, 331, 1, 29, 145, 20071 }, // U+0213
    { 29, 37, 448, 3, 36, 269, 20216 }, // U+0214
    { 23, 30, 404, 2, 29, 173, 20485 }, // U+0215
    { 29, 36, 448, 3, 35, 261, 20658 }, // U+0216
    { 23, 30, 404, 2, 29, 173, 20919 }, // U+0217
    { 23, 37, 352, 0, 28, 213, 21092 }, // U+0218
    { 19, 30, 308, 0, 21, 143, 21305 }, // U+0219
    { 26, 36, 392, 2, 27, 234, 21448 }, // U+021A
    { 15, 34, 250, 1, 25, 128, 21682 }, // U+021B
    { 26, 34, 368, -2, 28, 221, 21810 }, // U+021C
    { 22, 30, 305, -4, 21, 165, 22031 }, // U+021D
    { 35, 35, 491, -1, 35, 307, 22196 }, // U+021E
    { 24, 37, 394, 0, 36, 222, 22503 }, // U+021F
    { 9, 7, 0, -18, 29, 16, 0 }, // U+0300
    { 11, 7, 0, -12, 29, 20, 16 }, // U+0301
    { 15, 7, 0, -5, 29, 27, 36 }, // U+0302
    { 16, 7, 0, -18, 29, 28, 63 }, // U+0303
    { 12, 4, 0, -3, 26, 12, 91 }, // U+0304
    { 12, 4, 0, -2, 32, 12, 103 }, // U+0305
    { 13, 7, 0, -3, 29, 23, 115 }, // U+0306
    { 7, 6, 0, 0, 29, 11, 138 }, // U+0307
    { 14, 6, 0, -4, 29, 21, 149 }, // U+0308
    { 10, 9, 0, -14, 31, 23, 170 }, // U+0309
    { 10, 9, 0, -2, 31, 23, 193 }, // U+030A
    { 17, 7, 0, -5, 29, 30, 216 }, // U+030B
    { 15, 7, 0, -3, 29, 27, 246 }, // U+030C
    { 5, 7, 0, 1, 29, 9, 273 }, // U+030D
    { 11, 7, 0, -2, 29, 20, 282 }, // U+030E
    { 16, 7, 0, -17, 29, 28, 302 }, // U+030F
    { 13, 12, 0, -3, 34, 39, 330 }, // U+0310
    { 12, 7, 0, -3, 29, 21, 369 }, // U+0311
    { 10, 12, 0, -2, 27, 30, 390 }, // U+0312
    { 10, 12, 0, -3, 27, 30, 420 }, // U+0313
    { 7, 12, 0, -1, 27, 21, 450 }, // U+0314
    { 10, 12, 0, -3, 27, 30, 471 }, // U+0315
    { 10, 7, 0, -8, -2, 18, 501 }, // U+0316
    { 11, 7, 0, -9, -2, 20, 519 }, // U+0317
    { 7, 7, 0, -5, -1, 13, 539 }, // U+0318
    { 8, 7, 0, -6, -1, 14, 552 }, // U+0319
    { 12, 11, 224, 3, 29, 33, 566 }, // U+031A
    { 9, 9, 0, -3, 29, 21, 599 }, // U+031B
    { 7, 9, 0, -6, 0, 16, 620 }, // U+031C
    { 8, 7, 0, -7, -1, 14, 636 }, // U+031D
    { 8, 7, 0, -6, -1, 14, 650 }, // U+031E
    { 9, 8, 0, -7, -1, 18, 664 }, // U+031F
    { 10, 3, 0, -8, -3, 8, 682 }, // U+0320
    { 10, 10, 0, -10, 2, 25, 690 }, // U+0321
    { 8, 10, 0, -4, 2, 20, 715 }, // U+0322
    { 8, 6, 0, -18, -2, 12, 735 }, // U+0323
    { 15, 6, 0, -10, -1, 23, 747 }, // U+0324
    { 10, 9, 0, -8, -1, 23, 770 }, // U+0325
    { 8, 7, 0, -7, -2, 14, 793 }, // U+0326
    { 10, 10, 0, -7, 1, 25, 807 }, // U+0327
    { 10, 9, 0, -8, 0, 23, 832 }, // U+0328
    { 5, 7, 0, -5, -1, 9, 855 }, // U+0329
    { 15, 7, 0, -10, -2, 27, 864 }, // U+032A
    { 14, 5, 0, -9, -2, 18, 891 }, // U+032B
    { 14, 7, 0, -9, -2, 25, 909 }, // U+032C
    { 14, 7, 0, -10, -2, 25, 934 }, // U+032D
    { 13, 7, 0, -9, -2, 23, 959 }, // U+032E
    { 12, 7, 0, -9, -1, 21, 982 }, // U+032F
    { 16, 7, 0, -11, -2, 28, 1003 }, // U+0330
    { 13, 4, 0, -9, -2, 13, 1031 }, // U+0331
    { 17, 4, 0, -19, -3, 17, 1044 }, // U+0332
    { 19, 8, 0, -20, -1, 38, 1061 }, // U+0333
    { 16, 7, 0, -8, 14, 28, 1099 }, // U+0334
    { 16, 4, 0, -8, 13, 16, 1127 }, // U+0335
    { 26, 4, 0, -13, 13, 26, 1143 }, // U+0336
    { 16, 11, 0, -8, 16, 44, 1169 }, // U+0337
    { 23, 33, 0, -11, 29, 190, 1213 }, // U+0338
    { 6, 9, 0, -5, 0, 14, 1403 }, // U+0339
    { 15, 7, 0, -10, -2, 27, 1417 }, // U+033A
    { 16, 8, 0, -11, -1, 32, 1444 }, // U+033B
    { 13, 5, 0, -9, -2, 17, 1476 }, // U+033C
    { 8, 8, 0, -1, 29, 16, 1493 }, // U+033D
    { 7, 12, 0, 0, 33, 21, 1509 }, // U+033E
    { 18, 8, 0, -4, 36, 36, 1530 }, // U+033F
    { 9, 7, 0, -3, 29, 16, 1566 }, // U+0340
    { 11, 7, 0, -1, 29, 20, 1582 }, // U+0341
    { 16, 7, 0, -5, 29, 28, 1602 }, // U+0342
    { 7, 9, 0, 1, 31, 16, 1630 }, // U+0343
    { 17, 9, 0, -5, 30, 39, 1646 }, // U+0344
    { 8, 8, 0, -2, -1, 16, 1685 }, // U+0345
    { 15, 7, 0, -4, 29, 27, 1701 }, // U+0346
    { 18, 8, 0, -11, -1, 36, 1728 }, // U+0347
    { 11, 7, 0, -8, -1, 20, 1764 }, // U+0348
    { 8, 7, 0, -5, -2, 14, 1784 }, // U+0349
    { 17, 9, 0, -5, 30, 39, 1798 }, // U+034A
    { 17, 17, 0, -5, 38, 73, 1837 }, // U+034B
    { 16, 14, 0, -5, 35, 56, 1910 }, // U+034C
    { 12, 8, 0, -9, -1, 24, 1966 }, // U+034D
    { 8, 9, 0, -7, 0, 18, 1990 }, // U+034E
    { 28, 27, 0, -14, 27, 189, 2008 }, // U+034F
    { 7, 9, 0, -1, 30, 16, 2197 }, // U+0350
    { 6, 9, 0, 0, 31, 14, 2213 }, // U+0351
    { 13, 11, 0, -3, 33, 36, 2227 }, // U+0352
    { 9, 8, 0, -7, -1, 18, 2263 }, // U+0353
    { 9, 8, 0, -7, -1, 18, 2281 }, // U+0354
    { 9, 8, 0, -7, -1, 18, 2299 }, // U+0355
    { 15, 8, 0, -10, -1, 30, 2317 }, // U+0356
    { 7, 9, 0, -1, 31, 16, 2347 }, // U+0357
    { 8, 6, 0, 5, 29, 12, 2363 }, // U+0358
    { 10, 10, 0, -5, 0, 25, 2375 }, // U+0359
    { 14, 8, 0, -10, -1, 28, 2400 }, // U+035A
    { 8, 8, 0, -1, 30, 16, 2428 }, // U+035B
    { 29, 7, 0, -17, -1, 51, 2444 }, // U+035C
    { 30, 8, 0, -11, 30, 60, 2495 }, // U+035D
    { 24, 4, 0, -9, 26, 24, 2555 }, // U+035E
    { 24, 4, 0, -15, -2, 24, 2579 }, // U+035F
    { 33, 7, 0, -13, 29, 58, 2603 }, // U+0360
    { 32, 7, 0, -13, 32, 56, 2661 }, // U+0361
    { 23, 8, 0, -15, -1, 46, 2717 }, // U+0362
    { 11, 9, 0, -2, 32, 25, 2763 }, // U+0363
    { 10, 9, 0, -1, 32, 23, 2788 }, // U+0364
    { 6, 12, 0, 1, 35, 18, 2811 }, // U+0365
    { 10, 9, 0, -1, 32, 23, 2829 }, // U+0366
    { 12, 9, 0, -2, 32, 27, 2852 }, // U+0367
    { 10, 9, 0, -1, 32, 23, 2879 }, // U+0368
    { 11, 12, 0, -2, 35, 33, 2902 }, // U+0369
    { 11, 12, 0, -2, 35, 33, 2935 }, // U+036A
    { 16, 9, 0, -4, 32, 36, 2968 }, // U+036B
    { 10, 9, 0, -1, 32, 23, 3004 }, // U+036C
    { 7, 11, 0, 1, 34, 20, 3027 }, // U+036D
    { 11, 9, 0, -2, 32, 25, 3047 }, // U+036E
    { 11, 9, 0, -2, 32, 25, 3072 }, // U+036F
    { 28, 35, 392, -2, 35, 245, 0 }, // U+0400
    { 28, 35, 392, -2, 35, 245, 245 }, // U+0401
    { 28, 27, 494, 2, 27, 189, 490 }, // U+0402
    { 27, 35, 355, -2, 35, 237, 679 }, // U+0403
    { 25, 29, 395, 1, 28, 182, 916 }, // U+0404
    { 23, 29, 352, -1, 28, 167, 1098 }, // U+0405
    { 20, 27, 240, -2, 27, 135, 1265 }, // U+0406
    { 21, 35, 240, -2, 35, 184, 1400 }, // U+0407
    { 23, 36, 237, -5, 27, 207, 1584 }, // U+0408
    { 37, 28, 584, -2, 27, 259, 1791 }, // U+0409
    { 40, 27, 620, -2, 27, 270, 2050 }, // U+040A
    { 29, 27, 533, 2, 27, 196, 2320 }, // U+040B
    { 32, 35, 438, -2, 35, 280, 2516 }, // U+040C
    { 36, 35, 491, -2, 35, 315, 2796 }, // U+040D
    { 27, 37, 420, 3, 36, 250, 3111 }, // U+040E
    { 35, 34, 483, -2, 27, 298, 3361 }, // U+040F
    { 30, 27, 449, -3, 27, 203, 3659 }, // U+0410
    { 27, 27, 383, -2, 27, 183, 3862 }, // U+0411
    { 27, 27, 405, -2, 27, 183, 4045 }, // U+0412
    { 27, 27, 355, -2, 27, 183, 4228 }, // U+0413
    { 36, 35, 462, -4, 27, 315, 4411 }, // U+0414
    { 28, 27, 392, -2, 27, 189, 4726 }, // U+0415
    { 45, 27, 621, -3, 27, 304, 4915 }, // U+0416
    { 24, 29, 373, -1, 28, 174, 5219 }, // U+0417
    { 36, 27, 495, -2, 27, 243, 5393 }, // U+0418
    { 36, 36, 495, -2, 36, 324, 5636 }, // U+0419
    { 32, 27, 438, -2, 27, 216, 5960 }, // U+041A
    { 33, 28, 449, -2, 27, 231, 6176 }, // U+041B
    { 41, 27, 581, -2, 27, 277, 6407 }, // U+041C
    { 35, 27, 489, -2, 27, 237, 6684 }, // U+041D
    { 28, 29, 460, 1, 28, 203, 6921 }, // U+041E
    { 35, 27, 483, -2, 27, 237, 7124 }, // U+041F
    { 27, 27, 383, -2, 27, 183, 7361 }, // U+0420
    { 25, 29, 395, 1, 28, 182, 7544 }, // U+0421
    { 26, 27, 397, 2, 27, 176, 7726 }, // U+0422
    { 27, 28, 420, 3, 27, 189, 7902 }, // U+0423
    { 33, 29, 566, 2, 28, 240, 8091 }, // U+0424
    { 32, 27, 439, -2, 27, 216, 8331 }, // U+0425
    { 35, 35, 486, -2, 27, 307, 8547 }, // U+0426
    { 29, 27, 470, 3, 27, 196, 8854 }, // U+0427
    { 48, 27, 684, -2, 27, 324, 9050 }, // U+0428
    { 48, 35, 687, -2, 27, 420, 9374 }, // U+0429
    { 25, 27, 443, 2, 27, 169, 9794 }, // U+042A
    { 41, 27, 586, -2, 27, 277, 9963 }, // U+042B
    { 25, 27, 383, -2, 27, 169, 10240 }, // U+042C
    { 25, 29, 395, -1, 28, 182, 10409 }, // U+042D
    { 42, 29, 647, -2, 28, 305, 10591 }, // U+042E
    { 32, 27, 424, -3, 27, 216, 10896 }, // U+042F
    { 23, 22, 375, 0, 21, 127, 11112 }, // U+0430
    { 23, 30, 365, 1, 29, 173, 11239 }, // U+0431
    { 21, 22, 342, 0, 21, 116, 11412 }, // U+0432
    { 18, 22, 288, 0, 21, 99, 11528 }, // U+0433
    { 22, 30, 360, 0, 29, 165, 11627 }, // U+0434
    { 20, 22, 319, 0, 21, 110, 11792 }, // U+0435
    { 40, 22, 615, -1, 21, 220, 11902 }, // U+0436
    { 18, 22, 307, 0, 21, 99, 12122 }, // U+0437
    { 23, 22, 388, 1, 21, 127, 12221 }, // U+0438
    { 23, 30, 388, 1, 29, 173, 12348 }, // U+0439
    { 23, 21, 368, 1, 21, 121, 12521 }, // U+043A
    { 25, 22, 369, -2, 21, 138, 12642 }, // U+043B
    { 34, 22, 519, -2, 21, 187, 12780 }, // U+043C
    { 23, 22, 389, 1, 21, 127, 12967 }, // U+043D
    { 22, 22, 360, 0, 21, 121, 13094 }, // U+043E
    { 24, 22, 390, 1, 21, 132, 13215 }, // U+043F
    { 24, 30, 373, -1, 21, 180, 13347 }, // U+0440
    { 20, 22, 312, 0, 21, 110, 13527 }, // U+0441
    { 35, 22, 569, 1, 21, 193, 13637 }, // U+0442
    { 23, 31, 348, -1, 21, 179, 13830 }, // U+0443
    { 31, 38, 499, 0, 29, 295, 14009 }, // U+0444
    { 25, 21, 357, -2, 21, 132, 14304 }, // U+0445
    { 23, 30, 390, 1, 21, 173, 14436 }, // U+0446
    { 22, 22, 368, 1, 21, 121, 14609 }, // U+0447
    { 35, 22, 571, 1, 21, 193, 14730 }, // U+0448
    { 35, 30, 573, 1, 21, 263, 14923 }, // U+0449
    { 20, 22, 354, 1, 21, 110, 15186 }, // U+044A
    { 31, 22, 516, 1, 21, 171, 15296 }, // U+044B
    { 20, 22, 347, 1, 21, 110, 15467 }, // U+044C
    { 19, 22, 315, 0, 21, 105, 15577 }, // U+044D
    { 31, 22, 518, 1, 21, 171, 15682 }, // U+044E
    { 24, 22, 377, -1, 21, 132, 15853 }, // U+044F
    { 20, 30, 319, 0, 29, 150, 15985 }, // U+0450
    { 20, 30, 319, 0, 29, 150, 16135 }, // U+0451
    { 21, 39, 372, 1, 29, 205, 16285 }, // U+0452
    { 20, 30, 288, 0, 29, 150, 16490 }, // U+0453
    { 20, 22, 312, 0, 21, 110, 16640 }, // U+0454
    { 18, 22, 288, -1, 21, 99, 16750 }, // U+0455
    { 12, 30, 197, 1, 29, 90, 16849 }, // U+0456
    { 14, 30, 197, 1, 29, 105, 16939 }, // U+0457
    { 18, 39, 189, -5, 29, 176, 17044 }, // U+0458
    { 33, 22, 512, -2, 21, 182, 17220 }, // U+0459
    { 31, 22, 533, 1, 21, 171, 17402 }, // U+045A
    { 24, 30, 390, 1, 29, 180, 17573 }, // U+045B
    { 23, 29, 368, 1, 29, 167, 17753 }, // U+045C
    { 23, 30, 388, 1, 29, 173, 17920 }, // U+045D
    { 23, 39, 348, -1, 29, 225, 18093 }, // U+045E
    { 23, 30, 388, 1, 21, 173, 18318 }, // U+045F
    { 37, 28, 614, 2, 28, 259, 18491 }, // U+0460
    { 31, 21, 493, 0, 21, 163, 18750 }, // U+0461
    { 25, 27, 427, 0, 27, 169, 18913 }, // U+0462
    { 32, 22, 536, 1, 21, 176, 19082 }, // U+0463
    { 42, 29, 619, -1, 28, 305, 19258 }, // U+0464
    { 31, 22, 503, 1, 21, 171, 19563 }, // U+0465
    { 31, 27, 476, -2, 27, 210, 19734 }, // U+0466
    { 27, 21, 388, -3, 21, 142, 19944 }, // U+0467
    { 44, 27, 698, -1, 27, 297, 20086 }, // U+0468
    { 34, 21, 572, 1, 21, 179, 20383 }, // U+0469
    { 35, 27, 539, -2, 27, 237, 20562 }, // U+046A
    { 31, 21, 470, -3, 21, 163, 20799 }, // U+046B
    { 48, 27, 770, -1, 27, 324, 20962 }, // U+046C
    { 38, 21, 650, 1, 21, 200, 21286 }, // U+046D
    { 24, 41, 364, -1, 32, 246, 21486 }, // U+046E
    { 21, 34, 309, -2, 25, 179, 21732 }, // U+046F
    { 36, 27, 586, 4, 27, 243, 21911 }, // U+0470
    { 26, 38, 433, 2, 29, 247, 22154 }, // U+0471
    { 27, 29, 475, 2, 28, 196, 22401 }, // U+0472
    { 21, 22, 371, 1, 21, 116, 22597 }, // U+0473
    { 29, 27, 446, 3, 27, 196, 22713 }, // U+0474
    { 26, 22, 378, 0, 21, 143, 22909 }, // U+0475
    { 29, 36, 446, 3, 36, 261, 23052 }, // U+0476
    { 26, 30, 378, 0, 29, 195, 23313 }, // U+0477
    { 47, 37, 782, 2, 28, 435, 23508 }, // U+0478
    { 41, 30, 671, 1, 21, 308, 23943 }, // U+0479
    { 29, 33, 499, 2, 30, 240, 24251 }, // U+047A
    { 22, 26, 389, 1, 23, 143, 24491 }, // U+047B
    { 40, 41, 686, 2, 40, 410, 24634 }, // U+047C
    { 34, 36, 578, 1, 35, 306, 25044 }, // U+047D
    { 37, 34, 614, 2, 34, 315, 25350 }, // U+047E
    { 31, 27, 493, 0, 27, 210, 25665 }, // U+047F
    { 25, 37, 401, 2, 28, 232, 25875 }, // U+0480
    { 19, 30, 317, 1, 21, 143, 26107 }, // U+0481
    { 20, 25, 365, 1, 24, 125, 26250 }, // U+0482
    { 16, 7, 0, -6, 28, 28, 26375 }, // U+0483
    { 15, 7, 0, -5, 29, 27, 26403 }, // U+0484
    { 5, 8, 0, 1, 30, 10, 26430 }, // U+0485
    { 6, 8, 0, 0, 30, 12, 26440 }, // U+0486
    { 17, 6, 0, -4, 34, 26, 26452 }, // U+0487
    { 48, 42, 0, -24, 31, 504, 26478 }, // U+0488
    { 46, 46, 0, -23, 33, 529, 26982 }, // U+0489
    { 35, 44, 503, -1, 36, 385, 27511 }, // U+048A
    { 23, 38, 404, 2, 30, 219, 27896 }, // U+048B
    { 24, 29, 398, -1, 29, 174, 28115 }, // U+048C
    { 20, 26, 357, 1, 25, 130, 28289 }, // U+048D
    { 27, 27, 398, -1, 27, 183, 28419 }, // U+048E
    { 24, 30, 374, -2, 21, 180, 28602 }, // U+048F
    { 26, 32, 325, -1, 32, 208, 28782 }, // U+0490
    { 19, 26, 289, 1, 26, 124, 28990 }, // U+0491
    { 27, 27, 355, -1, 27, 183, 29114 }, // U+0492
    { 20, 21, 305, 0, 21, 105, 29297 }, // U+0493
    { 27, 37, 431, -1, 27, 250, 29402 }, // U+0494
    { 20, 30, 359, 1, 21, 150, 29652 }, // U+0495
    { 45, 35, 637, -3, 27, 394, 29802 }, // U+0496
    { 45, 30, 706, 0, 21, 338, 30196 }, // U+0497
    { 23, 37, 368, 0, 28, 213, 30534 }, // U+0498
    { 19, 30, 312, 0, 21, 143, 30747 }, // U+0499
    { 31, 35, 454, -1, 27, 272, 30890 }, // U+049A
    { 24, 30, 363, 0, 21, 180, 31162 }, // U+049B
    { 33, 27, 467, -1, 27, 223, 31342 }, // U+049C
    { 26, 22, 395, 0, 21, 143, 31565 }, // U+049D
    { 31, 27, 446, -1, 27, 210, 31708 }, // U+049E
    { 24, 30, 363, 0, 29, 180, 31918 }, // U+049F
    { 33, 27, 512, 2, 27, 223, 32098 }, // U+04A0
    { 29, 22, 442, 0, 21, 160, 32321 }, // U+04A1
    { 35, 35, 491, -1, 27, 307, 32481 }, // U+04A2
    { 25, 30, 410, 1, 21, 188, 32788 }, // U+04A3
    { 40, 27, 560, -1, 27, 270, 32976 }, // U+04A4
    { 31, 22, 491, 1, 21, 171, 33246 }, // U+04A5
    { 41, 37, 676, -1, 27, 380, 33417 }, // U+04A6
    { 31, 30, 549, 1, 21, 233, 33797 }, // U+04A7
    { 29, 30, 505, 2, 28, 218, 34030 }, // U+04A8
    { 24, 23, 410, 1, 21, 138, 34248 }, // U+04A9
    { 25, 37, 401, 2, 28, 232, 34386 }, // U+04AA
    { 19, 30, 317, 1, 21, 143, 34618 }, // U+04AB
    { 26, 35, 392, 2, 27, 228, 34761 }, // U+04AC
    { 35, 30, 581, 1, 21, 263, 34989 }, // U+04AD
    { 27, 27, 416, 3, 27, 183, 35252 }, // U+04AE
    { 21, 30, 352, 0, 21, 158, 35435 }, // U+04AF
    { 27, 27, 416, 3, 27, 183, 35593 }, // U+04B0
    { 21, 30, 352, 0, 21, 158, 35776 }, // U+04B1
    { 32, 35, 451, -2, 27, 280, 35934 }, // U+04B2
    { 24, 30, 362, -1, 21, 180, 36214 }, // U+04B3
    { 38, 35, 590, 2, 27, 333, 36394 }, // U+04B4
    { 30, 30, 479, 0, 21, 225, 36727 }, // U+04B5
    { 28, 35, 453, 3, 27, 245, 36952 }, // U+04B6
    { 23, 30, 392, 1, 21, 173, 37197 }, // U+04B7
    { 29, 27, 470, 3, 27, 196, 37370 }, // U+04B8
    { 22, 22, 368, 1, 21, 121, 37566 }, // U+04B9
    { 28, 27, 467, -1, 27, 189, 37687 }, // U+04BA
    { 24, 30, 394, 0, 29, 180, 37876 }, // U+04BB
    { 30, 29, 493, 1, 28, 218, 38056 }, // U+04BC
    { 24, 22, 400, 1, 21, 132, 38274 }, // U+04BD
    { 30, 36, 493, 1, 28, 270, 38406 }, // U+04BE
    { 24, 29, 400, 1, 21, 174, 38676 }, // U+04BF
    { 19, 27, 241, -1, 27, 129, 38850 }, // U+04C0
    { 45, 35, 621, -3, 35, 394, 38979 }, // U+04C1
    { 40, 30, 615, -1, 29, 300, 39373 }, // U+04C2
    { 31, 37, 437, -1, 27, 287, 39673 }, // U+04C3
    { 24, 30, 370, 0, 21, 180, 39960 }, // U+04C4
    { 32, 35, 444, -2, 27, 280, 40140 }, // U+04C5
    { 26, 29, 410, 0, 21, 189, 40420 }, // U+04C6
    { 35, 37, 491, -1, 27, 324, 40609 }, // U+04C7
    { 23, 30, 400, 1, 21, 173, 40933 }, // U+04C8
    { 35, 35, 503, -1, 27, 307, 41106 }, // U+04C9
    { 25, 29, 410, 1, 21, 182, 41413 }, // U+04CA
    { 28, 35, 453, 3, 27, 245, 41595 }, // U+04CB
    { 22, 29, 392, 1, 21, 160, 41840 }, // U+04CC
    { 40, 35, 583, -1, 27, 350, 42000 }, // U+04CD
    { 35, 29, 568, 0, 21, 254, 42350 }, // U+04CE
    { 19, 27, 241, -1, 27, 129, 42604 }, // U+04CF
    { 29, 35, 452, -2, 35, 254, 42733 }, // U+04D0
    { 23, 30, 399, 1, 29, 173, 42987 }, // U+04D1
    { 29, 35, 452, -2, 35, 254, 43160 }, // U+04D2
    { 23, 30, 399, 1, 29, 173, 43414 }, // U+04D3
    { 41, 27, 596, -2, 27, 277, 43587 }, // U+04D4
    { 32, 22, 528, 1, 21, 176, 43864 }, // U+04D5
    { 27, 35, 380, -1, 35, 237, 44040 }, // U+04D6
    { 19, 30, 321, 1, 29, 143, 44277 }, // U+04D7
    { 25, 29, 421, 1, 28, 182, 44420 }, // U+04D8
    { 19, 22, 337, 1, 21, 105, 44602 }, // U+04D9
    { 25, 36, 421, 1, 35, 225, 44707 }, // U+04DA
    { 19, 30, 337, 1, 29, 143, 44932 }, // U+04DB
    { 45, 35, 621, -3, 35, 394, 45075 }, // U+04DC
    { 40, 30, 615, -1, 29, 300, 45469 }, // U+04DD
    { 24, 36, 373, -1, 35, 216, 45769 }, // U+04DE
    { 19, 30, 307, 0, 29, 143, 45985 }, // U+04DF
    { 24, 28, 364, 0, 27, 168, 46128 }, // U+04E0
    { 23, 30, 335, -2, 21, 173, 46296 }, // U+04E1
    { 36, 32, 495, -2, 32, 288, 46469 }, // U+04E2
    { 23, 27, 404, 2, 26, 156, 46757 }, // U+04E3
    { 36, 35, 495, -2, 35, 315, 46913 }, // U+04E4
    { 23, 30, 404, 2, 29, 173, 47228 }, // U+04E5
    { 27, 36, 475, 2, 35, 243, 47401 }, // U+04E6
    { 21, 30, 371, 1, 29, 158, 47644 }, // U+04E7
    { 27, 29, 475, 2, 28, 196, 47802 }, // U+04E8
    { 21, 22, 371, 1, 21, 116, 47998 }, // U+04E9
    { 27, 36, 475, 2, 35, 243, 48114 }, // U+04EA
    { 21, 30, 371, 1, 29, 158, 48357 }, // U+04EB
    { 25, 36, 395, -1, 35, 225, 48515 }, // U+04EC
    { 19, 30, 315, 0, 29, 143, 48740 }, // U+04ED
    { 27, 33, 420, 3, 32, 223, 48883 }, // U+04EE
    { 28, 35, 352, -7, 26, 245, 49106 }, // U+04EF
    { 27, 36, 420, 3, 35, 243, 49351 }, // U+04F0
    { 28, 38, 352, -7, 29, 266, 49594 }, // U+04F1
    { 27, 36, 420, 3, 35, 243, 49860 }, // U+04F2
    { 30, 38, 352, -7, 29, 285, 50103 }, // U+04F3
    { 29, 35, 470, 3, 35, 254, 50388 }, // U+04F4
    { 22, 30, 368, 1, 29, 165, 50642 }, // U+04F5
    { 27, 35, 355, -1, 27, 237, 50807 }, // U+04F6
    { 21, 30, 305, -1, 21, 158, 51044 }, // U+04F7
    { 41, 35, 586, -2, 35, 359, 51202 }, // U+04F8
    { 31, 30, 516, 1, 29, 233, 51561 }, // U+04F9
    { 27, 35, 355, -1, 27, 237, 51794 }, // U+04FA
    { 20, 29, 305, 0, 21, 145, 52031 }, // U+04FB
    { 32, 35, 445, -2, 27, 280, 52176 }, // U+04FC
    { 24, 29, 362, -1, 21, 174, 52456 }, // U+04FD
    { 32, 27, 439, -2, 27, 216, 52630 }, // U+04FE
    { 24, 21, 362, -1, 21, 126, 52846 }, // U+04FF
    { 29, 35, 452, -2, 27, 254, 0 }, // U+1EA0
    { 23, 29, 399, 1, 21, 167, 254 }, // U+1EA1
    { 29, 38, 452, -2, 38, 276, 421 }, // U+1EA2
    { 23, 32, 399, 1, 31, 184, 697 }, // U+1EA3
    { 32, 37, 452, -2, 37, 296, 881 }, // U+1EA4
    { 25, 32, 399, 1, 31, 200, 1177 }, // U+1EA5
    { 29, 37, 452, -2, 37, 269, 1377 }, // U+1EA6
    { 23, 32, 399, 1, 31, 184, 1646 }, // U+1EA7
    { 31, 39, 452, -2, 39, 303, 1830 }, // U+1EA8
    { 23, 34, 399, 1, 33, 196, 2133 }, // U+1EA9
    { 29, 40, 452, -2, 40, 290, 2329 }, // U+1EAA
    { 23, 35, 399, 1, 34, 202, 2619 }, // U+1EAB
    { 29, 43, 452, -2, 35, 312, 2821 }, // U+1EAC
    { 23, 37, 399, 1, 29, 213, 3133 }, // U+1EAD
    { 29, 38, 452, -2, 38, 276, 3346 }, // U+1EAE
    { 23, 33, 399, 1, 32, 190, 3622 }, // U+1EAF
    { 29, 38, 452, -2, 38, 276, 3812 }, // U+1EB0
    { 23, 33, 399, 1, 32, 190, 4088 }, // U+1EB1
    { 29, 40, 452, -2, 40, 290, 4278 }, // U+1EB2
    { 23, 35, 399, 1, 34, 202, 4568 }, // U+1EB3
    { 29, 40, 452, -2, 40, 290, 4770 }, // U+1EB4
    { 23, 35, 399, 1, 34, 202, 5060 }, // U+1EB5
    { 29, 43, 452, -2, 35, 312, 5262 }, // U+1EB6
    { 23, 37, 399, 1, 29, 213, 5574 }, // U+1EB7
    { 27, 35, 380, -1, 27, 237, 5787 }, // U+1EB8
    { 19, 29, 321, 1, 21, 138, 6024 }, // U+1EB9
    { 27, 38, 380, -1, 38, 257, 6162 }, // U+1EBA
    { 19, 32, 321, 1, 31, 152, 6419 }, // U+1EBB
    { 27, 35, 380, -1, 35, 237, 6571 }, // U+1EBC
    { 21, 30, 321, 1, 29, 158, 6808 }, // U+1EBD
    { 29, 37, 380, -1, 37, 269, 6966 }, // U+1EBE
    { 24, 32, 321, 1, 31, 192, 7235 }, // U+1EBF
    { 27, 37, 380, -1, 37, 250, 7427 }, // U+1EC0
    { 20, 32, 321, 1, 31, 160, 7677 }, // U+1EC1
    { 28, 39, 380, -1, 39, 273, 7837 }, // U+1EC2
    { 23, 34, 321, 1, 33, 196, 8110 }, // U+1EC3
    { 27, 40, 380, -1, 40, 270, 8306 }, // U+1EC4
    { 21, 35, 321, 1, 34, 184, 8576 }, // U+1EC5
    { 27, 43, 380, -1, 35, 291, 8760 }, // U+1EC6
    { 20, 37, 321, 1, 29, 185, 9051 }, // U+1EC7
    { 19, 38, 241, -1, 38, 181, 9236 }, // U+1EC8
    { 12, 32, 212, 2, 31, 96, 9417 }, // U+1EC9
    { 19, 35, 241, -1, 27, 167, 9513 }, // U+1ECA
    { 13, 37, 212, 0, 29, 121, 9680 }, // U+1ECB
    { 27, 36, 475, 2, 28, 243, 9801 }, // U+1ECC
    { 21, 29, 371, 1, 21, 153, 10044 }, // U+1ECD
    { 27, 39, 475, 2, 38, 264, 10197 }, // U+1ECE
    { 21, 32, 371, 1, 31, 168, 10461 }, // U+1ECF
    { 29, 38, 475, 2, 37, 276, 10629 }, // U+1ED0
    { 25, 32, 371, 1, 31, 200, 10905 }, // U+1ED1
    { 27, 38, 475, 2, 37, 257, 11105 }, // U+1ED2
    { 21, 32, 371, 1, 31, 168, 11362 }, // U+1ED3
    { 27, 40, 475, 2, 39, 270, 11530 }, // U+1ED4
    { 24, 34, 371, 1, 33, 204, 11800 }, // U+1ED5
    { 27, 41, 475, 2, 40, 277, 12004 }, // U+1ED6
    { 22, 35, 371, 1, 34, 193, 12281 }, // U+1ED7
    { 27, 43, 475, 2, 35, 291, 12474 }, // U+1ED8
    { 21, 37, 371, 1, 29, 195, 12765 }, // U+1ED9
    { 33, 36, 506, 2, 35, 297, 12960 }, // U+1EDA
    { 27, 30, 402, 1, 29, 203, 13257 }, // U+1EDB
    { 33, 36, 506, 2, 35, 297, 13460 }, // U+1EDC
    { 27, 30, 402, 1, 29, 203, 13757 }, // U+1EDD
    { 33, 39, 506, 2, 38, 322, 13960 }, // U+1EDE
    { 27, 32, 402, 1, 31, 216, 14282 }, // U+1EDF
    { 33, 36, 506, 2, 35, 297, 14498 }, // U+1EE0
    { 27, 30, 402, 1, 29, 203, 14795 }, // U+1EE1
    { 33, 37, 506, 2, 29, 306, 14998 }, // U+1EE2
    { 27, 32, 402, 1, 24, 216, 15304 }, // U+1EE3
    { 29, 35, 448, 3, 27, 254, 15520 }, // U+1EE4
    { 23, 29, 404, 2, 21, 167, 15774 }, // U+1EE5
    { 29, 39, 448, 3, 38, 283, 15941 }, // U+1EE6
    { 23, 32, 404, 2, 31, 184, 16224 }, // U+1EE7
    { 33, 36, 512, 3, 35, 297, 16408 }, // U+1EE8
    { 30, 30, 467, 2, 29, 225, 16705 }, // U+1EE9
    { 33, 36, 512, 3, 35, 297, 16930 }, // U+1EEA
    { 30, 30, 467, 2, 29, 225, 17227 }, // U+1EEB
    { 33, 39, 512, 3, 38, 322, 17452 }, // U+1EEC
    { 30, 32, 467, 2, 31, 240, 17774 }, // U+1EED
    { 33, 36, 512, 3, 35, 297, 18014 }, // U+1EEE
    { 30, 30, 467, 2, 29, 225, 18311 }, // U+1EEF
    { 33, 37, 512, 3, 29, 306, 18536 }, // U+1EF0
    { 30, 32, 467, 2, 24, 240, 18842 }, // U+1EF1
    { 27, 35, 416, 3, 35, 237, 19082 }, // U+1EF2
    { 28, 38, 352, -7, 29, 266, 19319 }, // U+1EF3
    { 27, 35, 416, 3, 27, 237, 19585 }, // U+1EF4
    { 28, 30, 352, -7, 21, 210, 19822 }, // U+1EF5
    { 27, 38, 416, 3, 38, 257, 20032 }, // U+1EF6
    { 28, 40, 352, -7, 31, 280, 20289 }, // U+1EF7
    { 27, 35, 416, 3, 35, 237, 20569 }, // U+1EF8
    { 28, 38, 352, -7, 29, 266, 20806 }, // U+1EF9
    { 0, 0, 300, 0, 0, 0, 0 }, // U+2000
    { 0, 0, 600, 0, 0, 0, 0 }, // U+2001
    { 0, 0, 300, 0, 0, 0, 0 }, // U+2002
    { 0, 0, 600, 0, 0, 0, 0 }, // U+2003
    { 0, 0, 200, 0, 0, 0, 0 }, // U+2004
    { 0, 0, 150, 0, 0, 0, 0 }, // U+2005
    { 0, 0, 100, 0, 0, 0, 0 }, // U+2006
    { 0, 0, 335, 0, 0, 0, 0 }, // U+2007
    { 0, 0, 182, 0, 0, 0, 0 }, // U+2008
    { 0, 0, 100, 0, 0, 0, 0 }, // U+2009
    { 0, 0, 60, 0, 0, 0, 0 }, // U+200A
    { 0, 0, 0, 0, 0, 0, 0 }, // U+200B
    { 2, 29, 0, -1, 24, 15, 0 }, // U+200C
    { 10, 31, 0, -5, 26, 78, 15 }, // U+200D
    { 9, 31, 0, -1, 26, 70, 93 }, // U+200E
    { 9, 31, 0, -8, 26, 70, 163 }, // U+200F
    { 11, 5, 186, 0, 13, 14, 233 }, // U+2010
    { 11, 5, 186, 0, 13, 14, 247 }, // U+2011
    { 20, 3, 335, 1, 15, 15, 261 }, // U+2012
    { 21, 4, 300, -1, 12, 21, 276 }, // U+2013
    { 40, 4, 600, -1, 12, 40, 297 }, // U+2014
    { 40, 4, 600, -1, 12, 40, 337 }, // U+2015
    { 12, 38, 335, 5, 29, 114, 377 }, // U+2016
    { 20, 8, 247, -4, 0, 40, 491 }, // U+2017
    { 9, 12, 168, 4, 27, 27, 531 }, // U+2018
    { 9, 12, 168, 3, 27, 27, 558 }, // U+2019
    { 9, 12, 168, -1, 6, 27, 585 }, // U+201A
    { 8, 12, 168, 4, 27, 24, 612 }, // U+201B
    { 17, 12, 293, 4, 27, 51, 636 }, // U+201C
    { 17, 12, 293, 3, 27, 51, 687 }, // U+201D
    { 17, 12, 293, -1, 6, 51, 738 }, // U+201E
    { 16, 12, 293, 4, 27, 48, 789 }, // U+201F
    { 18, 34, 287, 2, 29, 153, 837 }, // U+2020
    { 21, 34, 287, -1, 29, 179, 990 }, // U+2021
    { 12, 13, 240, 2, 20, 39, 1169 }, // U+2022
    { 13, 13, 300, 5, 20, 43, 1208 }, // U+2023
    { 7, 7, 182, 3, 17, 13, 1251 }, // U+2024
    { 18, 7, 353, 3, 17, 32, 1264 }, // U+2025
    { 30, 7, 549, 1, 6, 53, 1296 }, // U+2026
    { 8, 7, 182, 2, 14, 14, 1349 }, // U+2027
    { 0, 0, 360, 0, 0, 0, 1363 }, // U+2028
    { 0, 0, 360, 0, 0, 0, 1363 }, // U+2029
    { 9, 28, 0, -1, 23, 63, 1363 }, // U+202A
    { 9, 28, 0, -8, 23, 63, 1426 }, // U+202B
    { 10, 31, 0, -5, 26, 78, 1489 }, // U+202C
    { 10, 31, 0, -5, 26, 78, 1567 }, // U+202D
    { 10, 31, 0, -5, 26, 78, 1645 }, // U+202E
    { 0, 0, 100, 0, 0, 0, 1723 }, // U+202F
    { 46, 29, 781, 2, 28, 334, 1723 }, // U+2030
    { 61, 29, 1023, 2, 28, 443, 2057 }, // U+2031
    { 9, 11, 174, 4, 27, 25, 2500 }, // U+2032
    { 18, 11, 311, 4, 27, 50, 2525 }, // U+2033
    { 27, 11, 448, 4, 27, 75, 2575 }, // U+2034
    { 8, 11, 174, 5, 27, 22, 2650 }, // U+2035
    { 16, 11, 311, 5, 27, 44, 2672 }, // U+2036
    { 25, 11, 448, 5, 27, 69, 2716 }, // U+2037
    { 15, 11, 264, -1, 2, 42, 2785 }, // U+2038
    { 11, 16, 212, 2, 18, 44, 2827 }, // U+2039
    { 11, 16, 212, 0, 18, 44, 2871 }, // U+203A
    { 27, 27, 491, 2, 27, 183, 2915 }, // U+203B
    { 22, 28, 377, 2, 27, 154, 3098 }, // U+203C
    { 20, 29, 347, 3, 28, 145, 3252 }, // U+203D
    { 19, 3, 275, 3, 31, 15, 3397 }, // U+203E
    { 29, 7, 0, -26, -1, 51, 3412 }, // U+203F
    { 31, 7, 0, -24, 32, 55, 3463 }, // U+2040
    { 18, 27, 270, -2, 27, 122, 3518 }, // U+2041
    { 36, 30, 600, 0, 29, 270, 3640 }, // U+2042
    { 12, 7, 217, 1, 17, 21, 3910 }, // U+2043
    { 23, 27, 37, -10, 27, 156, 3931 }, // U+2044
    { 19, 34, 248, 0, 29, 162, 4087 }, // U+2045
    { 18, 34, 248, -2, 29, 153, 4249 }, // U+2046
    { 38, 29, 639, 3, 28, 276, 4402 }, // U+2047
    { 29, 29, 506, 3, 28, 211, 4678 }, // U+2048
    { 31, 29, 505, 2, 28, 225, 4889 }, // U+2049
    { 19, 29, 366, 1, 22, 138, 5114 }, // U+204A
    { 21, 34, 376, 4, 29, 179, 5252 }, // U+204B
    { 21, 14, 370, 1, 21, 74, 5431 }, // U+204C
    { 21, 14, 370, 1, 21, 74, 5505 }, // U+204D
    { 18, 16, 301, 1, 21, 72, 5579 }, // U+204E
    { 10, 28, 215, 2, 21, 70, 5651 }, // U+204F
    { 26, 29, 462, 2, 28, 189, 5721 }, // U+2050
    { 21, 32, 301, -1, 29, 168, 5910 }, // U+2051
    { 14, 28, 263, 2, 27, 98, 6078 }, // U+2052
    { 19, 8, 335, 1, 17, 38, 6176 }, // U+2053
    { 30, 8, 0, -11, 0, 60, 6214 }, // U+2054
    { 18, 18, 324, 1, 22, 81, 6274 }, // U+2055
    { 20, 22, 378, 1, 21, 110, 6355 }, // U+2056
    { 35, 11, 584, 4, 27, 97, 6465 }, // U+2057
    { 25, 22, 458, 2, 21, 138, 6562 }, // U+2058
    { 25, 22, 458, 2, 21, 138, 6700 }, // U+2059
    { 7, 29, 182, 2, 28, 51, 6838 }, // U+205A
    { 25, 29, 458, 2, 28, 182, 6889 }, // U+205B
    { 21, 21, 418, 3, 21, 111, 7071 }, // U+205C
    { 7, 29, 182, 3, 28, 51, 7182 }, // U+205D
    { 7, 29, 182, 2, 28, 51, 7233 }, // U+205E
    { 0, 0, 133, 0, 0, 0, 7284 }, // U+205F
    { 0, 0, 360, 0, 0, 0, 7284 }, // U+2060
    { 0, 0, 360, 0, 0, 0, 7284 }, // U+2061
    { 0, 0, 360, 0, 0, 0, 7284 }, // U+2062
    { 0, 0, 360, 0, 0, 0, 7284 }, // U+2063
    { 0, 0, 360, 0, 0, 0, 7284 }, // U+2064
    { 0, 0, 360, 0, 0, 0, 7284 }, // U+2066
    { 0, 0, 360, 0, 0, 0, 7284 }, // U+2067
    { 0, 0, 360, 0, 0, 0, 7284 }, // U+2068
    { 0, 0, 360, 0, 0, 0, 7284 }, // U+2069
    { 10, 31, 0, -5, 26, 78, 7284 }, // U+206A
    { 10, 31, 0, -5, 26, 78, 7362 }, // U+206B
    { 10, 31, 0, -5, 26, 78, 7440 }, // U+206C
    { 10, 31, 0, -5, 26, 78, 7518 }, // U+206D
    { 10, 31, 0, -5, 26, 78, 7596 }, // U+206E
    { 10, 31, 0, -5, 26, 78, 7674 }, // U+206F
    { 14, 17, 240, 3, 31, 60, 0 }, // U+2070
    { 8, 19, 138, 3, 29, 38, 60 }, // U+2071
    { 15, 17, 240, 2, 31, 64, 98 }, // U+2074
    { 14, 17, 240, 3, 31, 60, 162 }, // U+2075
    { 14, 17, 240, 4, 31, 60, 222 }, // U+2076
    { 14, 17, 240, 4, 31, 60, 282 }, // U+2077
    { 15, 17, 240, 2, 31, 64, 342 }, // U+2078
    { 14, 17, 240, 3, 31, 60, 406 }, // U+2079
    { 14, 14, 240, 3, 29, 49, 466 }, // U+207A
    { 14, 3, 240, 3, 23, 11, 515 }, // U+207B
    { 14, 9, 240, 3, 26, 32, 526 }, // U+207C
    { 12, 23, 150, 4, 34, 69, 558 }, // U+207D
    { 12, 23, 150, -1, 34, 69, 627 }, // U+207E
    { 16, 14, 262, 2, 24, 56, 696 }, // U+207F
    { 14, 17, 240, 0, 13, 60, 752 }, // U+2080
    { 12, 17, 240, -1, 13, 51, 812 }, // U+2081
    { 15, 17, 240, -2, 13, 64, 863 }, // U+2082
    { 15, 17, 240, -1, 13, 64, 927 }, // U+2083
    { 15, 17, 240, -2, 13, 64, 991 }, // U+2084
    { 15, 17, 240, -1, 13, 64, 1055 }, // U+2085
    { 14, 17, 240, 0, 13, 60, 1119 }, // U+2086
    { 14, 17, 240, 1, 13, 60, 1179 }, // U+2087
    { 15, 17, 240, -1, 13, 64, 1239 }, // U+2088
    { 14, 17, 240, 0, 13, 60, 1303 }, // U+2089
    { 14, 14, 240, 0, 11, 49, 1363 }, // U+208A
    { 14, 3, 240, 0, 5, 11, 1412 }, // U+208B
    { 14, 9, 240, 0, 8, 32, 1423 }, // U+208C
    { 12, 24, 150, 1, 16, 72, 1455 }, // U+208D
    { 11, 24, 150, -4, 16, 66, 1527 }, // U+208E
    { 15, 13, 259, -1, 9, 49, 1593 }, // U+2090
    { 12, 13, 209, -1, 9, 39, 1642 }, // U+2091
    { 14, 13, 241, -1, 9, 46, 1681 }, // U+2092
    { 16, 13, 236, -3, 9, 52, 1727 }, // U+2093
    { 13, 13, 219, -2, 9, 43, 1779 }, // U+2094
    { 16, 18, 256, -2, 14, 72, 1822 }, // U+2095
    { 16, 18, 233, -2, 14, 72, 1894 }, // U+2096
    { 8, 18, 138, -1, 14, 36, 1966 }, // U+2097
    { 24, 13, 378, -2, 9, 78, 2002 }, // U+2098
    { 17, 13, 262, -2, 9, 56, 2080 }, // U+2099
    { 16, 18, 243, -3, 9, 72, 2136 }, // U+209A
    { 12, 13, 200, -2, 9, 39, 2208 }, // U+209B
    { 10, 16, 163, -1, 12, 40, 2247 }, // U+209C
    { 27, 28, 462, 1, 28, 189, 0 }, // U+20A0
    { 25, 32, 401, 1, 29, 200, 189 }, // U+20A1
    { 25, 29, 401, 2, 28, 182, 389 }, // U+20A2
    { 25, 27, 335, -1, 27, 169, 571 }, // U+20A3
    { 23, 29, 335, -1, 28, 167, 740 }, // U+20A4
    { 35, 30, 581, 1, 25, 263, 907 }, // U+20A5
    { 34, 27, 473, -1, 27, 230, 1170 }, // U+20A6
    { 36, 28, 551, -2, 27, 252, 1400 }, // U+20A7
    { 44, 28, 697, -1, 27, 308, 1652 }, // U+20A8
    { 43, 27, 640, 1, 27, 291, 1960 }, // U+20A9
    { 29, 23, 535, 3, 23, 167, 2251 }, // U+20AA
    { 26, 35, 398, 1, 29, 228, 2418 }, // U+20AB
    { 23, 29, 335, 0, 28, 167, 2646 }, // U+20AC
    { 32, 27, 445, -1, 27, 216, 2813 }, // U+20AD
    { 26, 27, 392, 2, 27, 176, 3029 }, // U+20AE
    { 41, 39, 664, -1, 31, 400, 3205 }, // U+20AF
    { 23, 37, 382, -2, 28, 213, 3605 }, // U+20B0
    { 29, 27, 406, -1, 27, 196, 3818 }, // U+20B1
    { 27, 32, 478, 2, 29, 216, 4014 }, // U+20B2
    { 31, 27, 452, -2, 27, 210, 4230 }, // U+20B3
    { 26, 29, 369, -1, 28, 189, 4440 }, // U+20B4
    { 25, 32, 401, 2, 29, 200, 4629 }, // U+20B5
    { 25, 28, 358, 0, 27, 175, 4829 }, // U+20B6
    { 23, 32, 335, 0, 28, 184, 5004 }, // U+20B7
    { 23, 27, 335, 1, 27, 156, 5188 }, // U+20B8
    { 21, 27, 335, 2, 27, 142, 5344 }, // U+20B9
    { 21, 27, 335, -1, 27, 142, 5486 }, // U+20BA
    { 22, 29, 392, 3, 28, 160, 5628 }, // U+20BB
    { 26, 26, 472, 1, 26, 169, 5788 }, // U+20BC
    { 26, 27, 354, -1, 27, 176, 5957 }, // U+20BD
    { 23, 30, 335, 0, 30, 173, 6133 }, // U+20BE
    { 24, 34, 335, -2, 30, 204, 6306 }, // U+20BF
    { 11, 5, 186, 0, 13, 14, 0 }, // U+2212
    { 40, 38, 437, -6, 29, 380, 0 }, // U+FB00
    { 32, 38, 412, -6, 29, 304, 380 }, // U+FB01
    { 32, 38, 426, -6, 29, 304, 684 }, // U+FB02
    { 44, 38, 607, -6, 29, 418, 988 }, // U+FB03
    { 45, 38, 622, -6, 29, 428, 1406 }, // U+FB04
    { 35, 38, 454, -6, 29, 333, 1834 }, // U+FB05
    { 36, 30, 559, 0, 29, 270, 2167 }, // U+FB06
    { 35, 35, 600, 1, 29, 307, 0 }, // U+FFFD
};

static const EpdUnicodeInterval notoserif_18_bolditalicIntervals[] = {
    { 0x0, 0x0, 0x0 },
    { 0xD, 0xD, 0x1 },
    { 0x20, 0x7E, 0x2 },
    { 0xA0, 0x17F, 0x61 },
    { 0x1A0, 0x1A1, 0x141 },
    { 0x1AF, 0x1B0, 0x143 },
    { 0x1C4, 0x21F, 0x145 },
    { 0x300, 0x36F, 0x1A1 },
    { 0x400, 0x4FF, 0x211 },
    { 0x1EA0, 0x1EF9, 0x311 },
    { 0x2000, 0x2064, 0x36B },
    { 0x2066, 0x2071, 0x3D0 },
    { 0x2074, 0x208E, 0x3DC },
    { 0x2090, 0x209C, 0x3F7 },
    { 0x20A0, 0x20BF, 0x404 },
    { 0x2212, 0x2212, 0x424 },
    { 0xFB00, 0xFB06, 0x425 },
    { 0xFFFD, 0xFFFD, 0x42C },
};

static const EpdFontGroup notoserif_18_bolditalicGroups[] = {
    { 0, 5711, 14537, 97, 0 },
    { 5711, 4750, 16679, 96, 97 },
    { 10461, 6067, 27442, 128, 193 },
    { 16528, 5920, 23964, 96, 321 },
    { 22448, 1941, 3389, 112, 417 },
    { 24389, 16830, 55295, 256, 529 },
    { 41219, 3319, 22394, 90, 785 },
    { 44538, 3188, 8533, 111, 875 },
    { 47726, 1365, 2452, 42, 986 },
    { 49091, 3170, 6901, 32, 1028 },
    { 52261, 18, 15, 1, 1060 },
    { 52279, 846, 2474, 7, 1061 },
    { 53125, 159, 315, 1, 1068 },
};

static const uint16_t notoserif_18_bolditalicKernLeftCodepoints[] = {
    0x0022, 0x0026, 0x0027, 0x0028, 0x002A, 0x002C, 0x002D, 0x002E, 0x0041, 0x0042, 0x0043, 0x0044,
    0x0045, 0x0046, 0x0047, 0x004A, 0x004B, 0x004C, 0x004E, 0x004F, 0x0050, 0x0051, 0x0052, 0x0053,
    0x0054, 0x0055, 0x0056, 0x0057, 0x0058, 0x0059, 0x005B, 0x005F, 0x0061, 0x0062, 0x0063, 0x0065,
    0x0066, 0x0068, 0x006B, 0x006D, 0x006E, 0x006F, 0x0070, 0x0071, 0x0072, 0x0073, 0x0076, 0x0077,
    0x0079, 0x007A, 0x007B, 0x00A1, 0x00AB, 0x00BF, 0x00C0, 0x00C1, 0x00C2, 0x00C3, 0x00C4, 0x00C5,
    0x00C6, 0x00C7, 0x00C8, 0x00C9, 0x00CA, 0x00CB, 0x00D0, 0x00D1, 0x00D2, 0x00D3, 0x00D4, 0x00D5,
    0x00D6, 0x00D8, 0x00D9, 0x00DA, 0x00DB, 0x00DC, 0x00DD, 0x00DE, 0x00DF, 0x00E0, 0x00E1, 0x00E2,
    0x00E3, 0x00E4, 0x00E5, 0x00E6, 0x00E7, 0x00E8, 0x00E9, 0x00EA, 0x00EB, 0x00F0, 0x00F1, 0x00F2,
    0x00F3, 0x00F4, 0x00F5, 0x00F6, 0x00F8, 0x00F9, 0x00FA, 0x00FB, 0x00FC, 0x00FD, 0x00FE, 0x00FF,
    0x0100, 0x0101, 0x0102, 0x0103, 0x0104, 0x0105, 0x0106, 0x0107, 0x0108, 0x0109, 0x010A, 0x010B,
    0x010C, 0x010D, 0x010E, 0x010F, 0x0110, 0x0112, 0x0113, 0x0114, 0x0115, 0x0116, 0x0117, 0x0118,
    0x0119, 0x011A, 0x011B, 0x011C, 0x011E, 0x0120, 0x0122, 0x0125, 0x0127, 0x0132, 0x0134, 0x0136,
    0x0137, 0x0138, 0x0139, 0x013B, 0x013D, 0x013E, 0x0141, 0x0143, 0x0144, 0x0145, 0x0146, 0x0147,
    0x0148, 0x0149, 0x014A, 0x014B, 0x014C, 0x014D, 0x014E, 0x014F, 0x0150, 0x0151, 0x0152, 0x0153,
    0x0154, 0x0155, 0x0156, 0x0157, 0x0158, 0x0159, 0x015A, 0x015B, 0x015C, 0x015D, 0x015E, 0x015F,
    0x0160, 0x0161, 0x0162, 0x0164, 0x0166, 0x0168, 0x0169, 0x016A, 0x016B, 0x016C, 0x016D, 0x016E,
    0x016F, 0x0170, 0x0171, 0x0172, 0x0173, 0x0174, 0x0175, 0x0176, 0x0177, 0x0178, 0x017A, 0x017C,
    0x017E, 0x01A0, 0x01A1, 0x01AF, 0x01B0, 0x01FA, 0x01FB, 0x01FC, 0x01FD, 0x01FE, 0x01FF, 0x0218,
    0x0219, 0x021A, 0x0400, 0x0401, 0x0402, 0x0403, 0x0404, 0x0405, 0x0406, 0x0407, 0x0408, 0x0409,
    0x040A, 0x040B, 0x040C, 0x040D, 0x040E, 0x040F, 0x0410, 0x0411, 0x0412, 0x0413, 0x0414, 0x0415,
    0x0416, 0x0417, 0x0418, 0x0419, 0x041A, 0x041B, 0x041C, 0x041D, 0x041E, 0x041F, 0x0420, 0x0421,
    0x0422, 0x0423, 0x0424, 0x0425, 0x0426, 0x0427, 0x0428, 0x0429, 0x042A, 0x042B, 0x042C, 0x042D,
    0x042E, 0x042F, 0x0430, 0x0431, 0x0432, 0x0433, 0x0434, 0x0435, 0x0436, 0x0437, 0x0438, 0x0439,
    0x043A, 0x043B, 0x043C, 0x043D, 0x043E, 0x043F, 0x0440, 0x0441, 0x0442, 0x0443, 0x0444, 0x0445,
    0x0446, 0x0447, 0x0448, 0x0449, 0x044A, 0x044B, 0x044C, 0x044D, 0x044E, 0x044F, 0x0450, 0x0451,
    0x0452, 0x0453, 0x0454, 0x0455, 0x0456, 0x0457, 0x0458, 0x0459, 0x045A, 0x045B, 0x045C, 0x045D,
    0x045E, 0x045F, 0x0460, 0x0461, 0x0462, 0x0464, 0x0465, 0x0466, 0x0468, 0x046A, 0x046C, 0x046E,
    0x046F, 0x0470, 0x0471, 0x0472, 0x0473, 0x0474, 0x0475, 0x0476, 0x0477, 0x0478, 0x0479, 0x047A,
    0x047B, 0x047C, 0x047D, 0x047E, 0x047F, 0x0480, 0x0481, 0x048A, 0x048B, 0x048C, 0x048E, 0x048F,
    0x0490, 0x0491, 0x0492, 0x0493, 0x0494, 0x0496, 0x0497, 0x0498, 0x0499, 0x049A, 0x049B, 0x049C,
    0x049D, 0x049E, 0x049F, 0x04A0, 0x04A1, 0x04A2, 0x04A3, 0x04A4, 0x04A6, 0x04AA, 0x04AB, 0x04AC,
    0x04AD, 0x04AE, 0x04AF, 0x04B0, 0x04B1, 0x04B2, 0x04B3, 0x04B4, 0x04B5, 0x04B6, 0x04B7, 0x04B8,
    0x04B9, 0x04BA, 0x04BB, 0x04BC, 0x04BD, 0x04BE, 0x04BF, 0x04C1, 0x04C2, 0x04C3, 0x04C5, 0x04C6,
    0x04C7, 0x04C9, 0x04CA, 0x04CC, 0x04CD, 0x04CE, 0x04D0, 0x04D1, 0x04D2, 0x04D3, 0x04D4, 0x04D5,
    0x04D6, 0x04D7, 0x04D8, 0x04D9, 0x04DA, 0x04DB, 0x04DC, 0x04DD, 0x04DE, 0x04DF, 0x04E0, 0x04E1,
    0x04E2, 0x04E3, 0x04E4, 0x04E5, 0x04E6, 0x04E7, 0x04E8, 0x04E9, 0x04EA, 0x04EB, 0x04EC, 0x04ED,
    0x04EE, 0x04EF, 0x04F0, 0x04F1, 0x04F2, 0x04F3, 0x04F4, 0x04F5, 0x04F6, 0x04F7, 0x04F8, 0x04F9,
    0x04FA, 0x04FB, 0x04FC, 0x04FD, 0x04FE, 0x04FF, 0x1EA0, 0x1EA1, 0x1EA2, 0x1EA3, 0x1EA4, 0x1EA5,
    0x1EA6, 0x1EA7, 0x1EA8, 0x1EA9, 0x1EAA, 0x1EAB, 0x1EAC, 0x1EAD, 0x1EAE, 0x1EAF, 0x1EB0, 0x1EB1,
    0x1EB2, 0x1EB3, 0x1EB4, 0x1EB5, 0x1EB6, 0x1EB7, 0x1EB8, 0x1EB9, 0x1EBA, 0x1EBB, 0x1EBC, 0x1EBD,
    0x1EBE, 0x1EBF, 0x1EC0, 0x1EC1, 0x1EC2, 0x1EC3, 0x1EC4, 0x1EC5, 0x1EC6, 0x1EC7, 0x1ECC, 0x1ECD,
    0x1ECE, 0x1ECF, 0x1ED0, 0x1ED1, 0x1ED2, 0x1ED3, 0x1ED4, 0x1ED5, 0x1ED6, 0x1ED7, 0x1ED8, 0x1ED9,
    0x1EDA, 0x1EDB, 0x1EDC, 0x1EDD, 0x1EDE, 0x1EDF, 0x1EE0, 0x1EE1, 0x1EE2, 0x1EE3, 0x1EE4, 0x1EE5,
    0x1EE6, 0x1EE7, 0x1EE8, 0x1EE9, 0x1EEA, 0x1EEB, 0x1EEC, 0x1EED, 0x1EEE, 0x1EEF, 0x1EF0, 0x1EF1,
    0x1EF2, 0x1EF3, 0x1EF4, 0x1EF5, 0x1EF6, 0x1EF7, 0x1EF8, 0x1EF9, 0x2013, 0x2014, 0x2015, 0x2018,
    0x2019, 0x201A, 0x201C, 0x201D, 0x201E, 0x2039, 0x207D, 0x208D, 0x2090, 0x2092, 0xFB00,
};

static const uint8_t notoserif_18_bolditalicKernLeftClassIds[] = {
      1,   2,   1,   3,   4,   5,   6,   5,   7,   8,   9,  10,  11,  12,  13,  14,
     15,  16,  17,  10,  18,  10,  19,  20,  21,  22,  23,  24,  25,  26,   3,  27,
     28,  29,  30,  30,  31,  28,  32,  28,  28,  29,  29,  33,  34,  35,  36,  37,
     38,  39,   3,  40,  41,  42,  43,  43,  43,  43,  43,  43,  11,   9,  11,  11,
     11,  11,  10,  17,  10,  10,  10,  10,  10,  10,  22,  22,  22,  22,  26,  10,
     35,  28,  28,  28,  28,  28,  28,  30,  30,  30,  30,  30,  30,  29,  28,  29,
     29,  29,  29,  29,  29,  28,  28,  28,  28,  38,  29,  38,   7,  28,  43,  28,
     43,  28,   9,  30,   9,  30,   9,  30,   9,  30,  10,  44,  10,  11,  30,  11,
     30,  11,  30,  11,  30,  11,  30,  13,  13,  13,  13,  28,  28,  14,  14,  15,
     32,  32,  16,  16,  45,  44,  16,  17,  28,  17,  28,  17,  28,  28,  14,  28,
     10,  29,  10,  29,  10,  29,  11,  30,  19,  34,  19,  34,  19,  34,  20,  35,
     20,  35,  20,  35,  20,  35,  21,  21,  21,  22,  28,  22,  28,  22,  28,  22,
     28,  22,  28,  22,  28,  24,  37,  26,  38,  26,  39,  39,  39,  46,  47,  48,
     49,   7,  28,  11,  30,  10,  29,  20,  35,  21,  50,  50,  51,  52,  53,  54,
     55,  55,  56,  57,  57,  58,  59,  55,  60,  55,  61,  62,  63,  52,  64,  50,
     59,  63,  55,  55,  59,  55,  55,  55,  65,  55,  66,  53,  52,  60,  67,  68,
     64,  55,  55,  64,  57,  55,  57,  65,  65,  55,  69,  70,  71,  72,  73,  74,
     75,  71,  69,  69,  76,  69,  69,  69,  77,  78,  77,  79,  78,  80,  77,  76,
     81,  69,  69,  81,  82,  69,  82,  77,  77,  69,  74,  74,  83,  72,  79,  84,
     69,  85,  86,  82,  82,  78,  76,  69,  80,  69,  65,  87,  57,  53,  72,  61,
     61,  88,  88,  63,  72,  89,  90,  65,  71,  60,  90,  60,  90,  91,  80,  65,
     71,  65,  71,  65,  87,  53,  72,  64,  81,  57,  66,  71,  92,  93,  92,  93,
     58,  59,  79,  63,  72,  59,  79,  59,  79,  59,  79,  59,  79,  64,  81,  92,
     58,  53,  72,  92,  81,  89,  90,  89,  90,  68,  76,  64,  81,  64,  81,  55,
     69,  58,  82,  94,  74,  94,  74,  59,  79,  58,  64,  81,  56,  64,  81,  81,
     64,  81,  61,  81,  61,  81,  50,  74,  50,  74,  65,  71,  65,  71,  59,  79,
     63,  71,  63,  95,  55,  81,  55,  81,  65,  71,  65,  71,  65,  71,  65,  77,
     60,  80,  60,  80,  60,  80,  55,  69,  92,  93,  55,  69,  92,  93,  68,  76,
     68,  96,  43,  28,  43,  28,  43,  28,  43,  28,  43,  28,  43,  28,  43,  28,
     43,  28,  43,  28,  43,  28,  43,  28,  43,  28,  11,  30,  11,  30,  11,  30,
     11,  30,  11,  30,  11,  30,  11,  30,  11,  30,  10,  29,  10,  29,  10,  29,
     10,  29,  10,  29,  10,  29,  10,  97,  46,  47,  46,  47,  46,  47,  46,  47,
     46,  47,  22,  28,  22,  28,  48,  49,  48,  49,  48,  49,  48,  49,  48,  49,
     26,  38,  26,  38,  26,  38,  26,  38,   6,   6,   6,  98,  99,   5,  98,  99,
      5,  41, 100, 101, 102, 103,  31,
};

static const uint16_t notoserif_18_bolditalicKernRightCodepoints[] = {
    0x0022, 0x0026, 0x0027, 0x0029, 0x002A, 0x002C, 0x002D, 0x002E, 0x003A, 0x003B, 0x003F, 0x0041,
    0x0042, 0x0043, 0x0044, 0x0045, 0x0046, 0x0047, 0x0048, 0x0049, 0x004A, 0x004B, 0x004C, 0x004D,
    0x004E, 0x004F, 0x0050, 0x0051, 0x0052, 0x0053, 0x0054, 0x0055, 0x0056, 0x0057, 0x0058, 0x0059,
    0x005A, 0x005C, 0x005D, 0x005F, 0x0061, 0x0062, 0x0063, 0x0064, 0x0065, 0x0067, 0x0068, 0x0069,
    0x006B, 0x006C, 0x006D, 0x006E, 0x006F, 0x0070, 0x0071, 0x0072, 0x0073, 0x0074, 0x0075, 0x0076,
    0x0077, 0x0078, 0x0079, 0x007A, 0x007D, 0x00A9, 0x00AE, 0x00BB, 0x00C0, 0x00C1, 0x00C2, 0x00C3,
    0x00C4, 0x00C5, 0x00C6, 0x00C7, 0x00C8, 0x00C9, 0x00CA, 0x00CB, 0x00CC, 0x00CD, 0x00CE, 0x00CF,
    0x00D0, 0x00D1, 0x00D2, 0x00D3, 0x00D4, 0x00D5, 0x00D6, 0x00D8, 0x00D9, 0x00DA, 0x00DB, 0x00DC,
    0x00DD, 0x00DE, 0x00E0, 0x00E1, 0x00E2, 0x00E3, 0x00E4, 0x00E5, 0x00E6, 0x00E7, 0x00E8, 0x00E9,
    0x00EA, 0x00EB, 0x00EC, 0x00ED, 0x00EE, 0x00EF, 0x00F0, 0x00F1, 0x00F2, 0x00F3, 0x00F4, 0x00F5,
    0x00F6, 0x00F8, 0x00F9, 0x00FA, 0x00FB, 0x00FC, 0x00FD, 0x00FE, 0x00FF, 0x0100, 0x0101, 0x0102,
    0x0103, 0x0104, 0x0105, 0x0106, 0x0107, 0x0108, 0x0109, 0x010A, 0x010B, 0x010C, 0x010D, 0x010E,
    0x010F, 0x0110, 0x0111, 0x0112, 0x0113, 0x0114, 0x0115, 0x0116, 0x0117, 0x0118, 0x0119, 0x011A,
    0x011B, 0x011C, 0x011D, 0x011E, 0x011F, 0x0120, 0x0121, 0x0122, 0x0123, 0x0124, 0x0125, 0x0126,
    0x0127, 0x0128, 0x0129, 0x012A, 0x012B, 0x012C, 0x012D, 0x012E, 0x012F, 0x0130, 0x0132, 0x0133,
    0x0134, 0x0136, 0x0137, 0x0138, 0x0139, 0x013A, 0x013B, 0x013C, 0x013D, 0x013E, 0x013F, 0x0140,
    0x0141, 0x0142, 0x0143, 0x0144, 0x0145, 0x0146, 0x0147, 0x0148, 0x0149, 0x014A, 0x014B, 0x014C,
    0x014D, 0x014E, 0x014F, 0x0150, 0x0151, 0x0152, 0x0153, 0x0154, 0x0155, 0x0156, 0x0157, 0x0158,
    0x0159, 0x015A, 0x015B, 0x015C, 0x015D, 0x015E, 0x015F, 0x0160, 0x0161, 0x0163, 0x0165, 0x0167,
    0x0168, 0x0169, 0x016A, 0x016B, 0x016C, 0x016D, 0x016E, 0x016F, 0x0170, 0x0171, 0x0172, 0x0173,
    0x0174, 0x0175, 0x0176, 0x0177, 0x0178, 0x0179, 0x017A, 0x017B, 0x017C, 0x017D, 0x017E, 0x01A0,
    0x01A1, 0x01AF, 0x01B0, 0x01FA, 0x01FB, 0x01FC, 0x01FD, 0x01FE, 0x01FF, 0x0218, 0x0219, 0x021B,
    0x021E, 0x0400, 0x0401, 0x0402, 0x0403, 0x0404, 0x0405, 0x0406, 0x0407, 0x0408, 0x0409, 0x040A,
    0x040B, 0x040C, 0x040D, 0x040E, 0x040F, 0x0410, 0x0411, 0x0412, 0x0413, 0x0414, 0x0415, 0x0416,
    0x0417, 0x0418, 0x0419, 0x041A, 0x041B, 0x041C, 0x041D, 0x041E, 0x041F, 0x0420, 0x0421, 0x0422,
    0x0423, 0x0424, 0x0425, 0x0426, 0x0427, 0x0428, 0x0429, 0x042A, 0x042B, 0x042C, 0x042D, 0x042E,
    0x042F, 0x0430, 0x0431, 0x0432, 0x0433, 0x0434, 0x0435, 0x0436, 0x0437, 0x0438, 0x0439, 0x043A,
    0x043B, 0x043C, 0x043D, 0x043E, 0x043F, 0x0440, 0x0441, 0x0442, 0x0443, 0x0444, 0x0445, 0x0446,
    0x0447, 0x0448, 0x0449, 0x044A, 0x044B, 0x044C, 0x044D, 0x044E, 0x044F, 0x0450, 0x0451, 0x0452,
    0x0453, 0x0454, 0x0455, 0x0456, 0x0457, 0x0458, 0x0459, 0x045A, 0x045B, 0x045C, 0x045D, 0x045E,
    0x045F, 0x0460, 0x0461, 0x0466, 0x046A, 0x046E, 0x0470, 0x0471, 0x0472, 0x0473, 0x0474, 0x0475,
    0x0476, 0x0477, 0x0478, 0x0479, 0x047A, 0x047B, 0x047C, 0x047D, 0x047E, 0x047F, 0x0480, 0x0481,
    0x048B, 0x048F, 0x0496, 0x0497, 0x0498, 0x0499, 0x049F, 0x04A0, 0x04A1, 0x04A8, 0x04A9, 0x04AA,
    0x04AB, 0x04AC, 0x04AE, 0x04AF, 0x04B0, 0x04B1, 0x04B2, 0x04B3, 0x04B4, 0x04B5, 0x04B6, 0x04B7,
    0x04B8, 0x04B9, 0x04C1, 0x04C2, 0x04C5, 0x04C6, 0x04CB, 0x04CC, 0x04CE, 0x04D0, 0x04D1, 0x04D2,
    0x04D3, 0x04D4, 0x04D5, 0x04D7, 0x04D9, 0x04DB, 0x04DC, 0x04DD, 0x04DE, 0x04DF, 0x04E0, 0x04E2,
    0x04E3, 0x04E4, 0x04E5, 0x04E6, 0x04E7, 0x04E8, 0x04E9, 0x04EA, 0x04EB, 0x04EC, 0x04ED, 0x04EE,
    0x04EF, 0x04F0, 0x04F1, 0x04F2, 0x04F3, 0x04F4, 0x04F5, 0x04F8, 0x04F9, 0x04FC, 0x04FD, 0x04FE,
    0x1EA0, 0x1EA1, 0x1EA2, 0x1EA3, 0x1EA4, 0x1EA5, 0x1EA6, 0x1EA7, 0x1EA8, 0x1EA9, 0x1EAA, 0x1EAB,
    0x1EAC, 0x1EAD, 0x1EAE, 0x1EAF, 0x1EB0, 0x1EB1, 0x1EB2, 0x1EB3, 0x1EB4, 0x1EB5, 0x1EB6, 0x1EB7,
    0x1EB8, 0x1EB9, 0x1EBA, 0x1EBB, 0x1EBC, 0x1EBD, 0x1EBE, 0x1EBF, 0x1EC0, 0x1EC1, 0x1EC2, 0x1EC3,
    0x1EC4, 0x1EC5, 0x1EC6, 0x1EC7, 0x1EC9, 0x1ECB, 0x1ECC, 0x1ECD, 0x1ECE, 0x1ECF, 0x1ED0, 0x1ED1,
    0x1ED2, 0x1ED3, 0x1ED4, 0x1ED5, 0x1ED6, 0x1ED7, 0x1ED8, 0x1ED9, 0x1EDA, 0x1EDB, 0x1EDC, 0x1EDD,
    0x1EDE, 0x1EDF, 0x1EE0, 0x1EE1, 0x1EE2, 0x1EE3, 0x1EE4, 0x1EE5, 0x1EE6, 0x1EE7, 0x1EE8, 0x1EE9,
    0x1EEA, 0x1EEB, 0x1EEC, 0x1EED, 0x1EEE, 0x1EEF, 0x1EF0, 0x1EF1, 0x1EF2, 0x1EF3, 0x1EF4, 0x1EF5,
    0x1EF6, 0x1EF7, 0x1EF8, 0x1EF9, 0x2013, 0x2014, 0x2015, 0x2018, 0x2019, 0x201A, 0x201C, 0x201D,
    0x201E, 0x2026, 0x203A, 0x207E, 0x208E,
};

static const uint8_t notoserif_18_bolditalicKernRightClassIds[] = {
      1,   2,   1,   3,   4,   5,   6,   7,   8,   8,   9,  10,  11,  12,  11,  11,
     11,  12,  11,  11,  11,  11,  11,  11,  11,  12,  11,  12,  11,  13,  14,  15,
     16,  17,  18,  19,  20,  21,   3,  22,  23,  24,  25,  25,  25,  26,  24,  27,
     24,  28,  29,  29,  25,  29,  25,  29,  30,  31,  32,  33,  34,  35,  36,  37,
      3,  38,  38,  39,  10,  10,  10,  10,  10,  10,  40,  12,  11,  11,  11,  11,
     11,  11,  11,  11,  11,  11,  12,  12,  12,  12,  12,  12,  15,  15,  15,  15,
     19,  11,  23,  23,  23,  23,  23,  23,  23,  25,  25,  25,  25,  25,  27,  27,
     27,  27,  25,  29,  25,  25,  25,  25,  25,  25,  32,  32,  32,  32,  36,  24,
     36,  10,  23,  10,  23,  10,  23,  12,  25,  12,  25,  12,  25,  12,  25,  11,
     25,  11,  25,  11,  25,  11,  25,  11,  25,  11,  25,  11,  25,  12,  25,  12,
     25,  12,  25,  12,  25,  11,  24,  11,  24,  11,  27,  11,  27,  11,  27,  11,
     27,  11,  11,  27,  11,  11,  24,  29,  11,  28,  11,  28,  11,  28,  11,  28,
     11,  28,  11,  29,  11,  29,  11,  29,  41,  11,  29,  12,  25,  12,  25,  12,
     25,  12,  25,  11,  29,  11,  29,  11,  29,  13,  30,  13,  30,  13,  30,  13,
     30,  31,  31,  31,  15,  32,  15,  32,  15,  32,  15,  32,  15,  32,  15,  32,
     17,  34,  19,  36,  19,  20,  37,  20,  37,  20,  37,  12,  25,  15,  32,  10,
     23,  40,  23,  12,  25,  13,  30,  31,  11,  42,  42,  43,  42,  44,  45,  42,
     42,  46,  47,  42,  43,  42,  42,  48,  42,  49,  42,  42,  42,  50,  42,  51,
     52,  42,  42,  42,  47,  42,  42,  44,  42,  42,  44,  43,  48,  53,  54,  42,
     55,  42,  42,  43,  42,  42,  52,  42,  56,  57,  58,  57,  59,  60,  57,  61,
     62,  63,  63,  64,  65,  65,  64,  57,  64,  66,  57,  64,  67,  57,  68,  63,
     69,  63,  63,  70,  63,  63,  61,  64,  71,  57,  57,  72,  59,  57,  73,  74,
     75,  76,  65,  64,  72,  64,  63,  67,  63,  77,  78,  49,  79,  52,  80,  63,
     77,  81,  80,  82,  80,  82,  77,  81,  77,  81,  77,  81,  77,  78,  77,  81,
     63,  66,  51,  61,  52,  61,  72,  83,  70,  77,  81,  77,  81,  83,  80,  82,
     80,  82,  54,  68,  83,  70,  55,  69,  55,  69,  51,  61,  50,  65,  55,  69,
     84,  49,  81,  49,  81,  85,  81,  81,  81,  81,  51,  61,  52,  61,  52,  42,
     63,  42,  63,  77,  81,  77,  81,  77,  81,  52,  61,  48,  67,  48,  67,  48,
     67,  55,  69,  42,  63,  54,  68,  54,  10,  23,  10,  23,  10,  23,  10,  23,
     10,  23,  10,  23,  10,  23,  10,  23,  10,  23,  10,  23,  10,  23,  10,  23,
     11,  25,  11,  25,  11,  25,  11,  25,  11,  25,  11,  25,  11,  25,  11,  25,
     86,  86,  12,  25,  12,  25,  12,  25,  12,  25,  12,  25,  12,  25,  12,  25,
     12,  25,  12,  25,  12,  25,  12,  25,  12,  25,  15,  32,  15,  32,  15,  32,
     15,  32,  15,  32,  15,  32,  15,  32,  19,  36,  19,  36,  19,  36,  19,  36,
      6,   6,   6,  87,   4,  88,  87,   4,  88,  88,  39,  89,  90,
};

static const uint16_t notoserif_18_bolditalicKernRowOffsets[] = {
        0,     8,    13,    23,    35,    56,    63,    81,    92,    93,   104,   107,   116,   121,   125,   132,
      141,   145,   151,   161,   170,   181,   187,   198,   210,   217,   231,   245,   252,   257,   260,   265,
      267,   269,   280,   284,   290,   296,   300,   305,   309,   314,   319,   337,   352,   355,   371,   382,
      401,   405,   412,   433,   459,   463,   472,   474,   482,   503,   534,   556,   587,   614,   636,   657,
      673,   693,   713,   739,   757,   773,   792,   807,   818,   830,   835,   845,   858,   877,   896,   905,
      925,   951,   966,   972,   979,   996,   999,  1000,  1003,  1005,  1006,  1009,  1018,  1026,  1030,  1032,
     1033,  1034,  1051,  1075,  1076,  1077,  1079,  1080,
};

static const uint8_t notoserif_18_bolditalicKernSparseCols[] = {
      9,  25,  26,  39,  48,  49,  64,  84,  13,  14,  15,  16,  18,  43,  45,  46,
     47,  49,  52,  64,  68,  74,  75,   1,   4,   6,   9,  39,  47,  48,  49,  64,
     80,  84,  87,  11,  13,  14,  15,  16,  18,  32,  33,  35,  42,  43,  46,  47,
     49,  52,  54,  66,  68,  69,  76,  82,  42,  47,  48,  49,  53,  54,  67,   0,
      1,   3,  11,  13,  14,  15,  16,  18,  24,  25,  31,  32,  33,  35,  37,  40,
     86,   3,   9,  13,  15,  16,  17,  18,  19,  33,  35,  39,   1,   0,   4,   6,
      9,  13,  15,  16,  17,  18,  39,  87,  15,  16,  18,   1,   4,   6,   9,  22,
     24,  25,  39,  87,  13,  15,  16,  18,  39,   4,   6,   9,  87,   1,  11,  24,
     25,  31,  33,  35,   0,   3,  13,  14,  15,  16,  18,  32,  86,   1,   4,   6,
     87,   1,   4,   6,   9,  39,  87,   1,   3,  11,  13,  14,  15,  16,  18,  33,
     35,   9,  13,  15,  16,  17,  18,  33,  35,  39,   1,   4,   6,   9,  11,  22,
     24,  25,  39,  40,  87,   1,   4,   6,   9,  39,  87,   1,   4,   6,   9,  11,
     22,  24,  25,  29,  39,  87,   1,   4,   6,   9,  11,  22,  24,  25,  29,  34,
     39,  87,  11,  12,  24,  25,  33,  35,  37,   1,   4,   6,   9,  11,  12,  22,
     24,  25,  29,  34,  36,  39,  87,  42,  43,  45,  47,  49,  52,  54,  56,  57,
     59,  66,  68,  69,  75,   0,  13,  15,  16,  18,  35,  86,  13,  15,  16,  18,
     35,  15,  16,  18,   0,   2,   3,  20,  86,  24,  25,  16,  18,   3,   4,   6,
     15,  16,  17,  18,  22,  24,  25,  87,   0,  15,  16,  18,   4,   6,  15,  16,
     18,  87,   4,   6,  15,  16,  18,  87,   4,   6,  16,  87,   3,  15,  16,  18,
     86,  13,  14,  15,  18,  42,  47,  48,  52,  54,  13,  14,  15,  16,  18,   0,
      1,   3,  11,  13,  14,  15,  16,  18,  24,  25,  31,  32,  33,  35,  37,  40,
     86,   0,   2,   3,   8,  10,  13,  14,  15,  16,  17,  18,  19,  23,  27,  86,
      3,  13,  15,   4,   6,   9,  13,  15,  16,  18,  22,  24,  25,  29,  30,  33,
     34,  35,  87,   3,   4,   6,  26,  28,  30,  31,  33,  35,  85,  87,   4,   6,
      9,  11,  14,  15,  18,  22,  23,  24,  25,  28,  29,  30,  31,  33,  35,  36,
     87,   3,  26,  28,  85,  42,  47,  52,  64,  69,  70,  83,   0,   2,   3,   7,
     21,  42,  45,  47,  48,  49,  50,  52,  53,  54,  55,  64,  66,  67,  68,  82,
     86,   3,   4,   5,   6,   7,  21,  38,  43,  44,  46,  48,  49,  52,  55,  56,
     58,  59,  62,  64,  66,  68,  70,  72,  73,  74,  87,  47,  52,  64,  67,  42,
     47,  48,  49,  52,  53,  54,  78,  82,  52,  64,  46,  48,  49,  52,  62,  64,
     73,  74,   0,   2,   3,   7,  21,  42,  45,  47,  48,  49,  50,  52,  53,  54,
     55,  64,  66,  67,  68,  82,  86,   0,   2,   3,   5,   7,  38,  42,  43,  44,
     45,  47,  51,  52,  54,  56,  58,  59,  61,  62,  64,  66,  68,  73,  74,  75,
     76,  77,  79,  81,  82,  86,   5,  38,  43,  44,  46,  49,  51,  52,  54,  56,
     57,  59,  62,  66,  68,  69,  73,  74,  76,  80,  83,  86,   2,   3,   4,   5,
      6,   7,  20,  21,  38,  43,  44,  46,  48,  49,  52,  55,  56,  58,  59,  60,
     61,  62,  63,  64,  67,  70,  72,  73,  74,  80,  87,   0,   3,   5,  38,  42,
     43,  44,  47,  49,  51,  52,  54,  56,  57,  59,  62,  64,  66,  68,  69,  72,
     73,  74,  76,  82,  83,  86,   3,   7,  21,  42,  44,  45,  47,  48,  49,  50,
     52,  53,  54,  55,  64,  65,  66,  67,  68,  69,  70,  86,   3,   7,  21,  42,
     44,  47,  48,  49,  50,  52,  53,  54,  64,  67,  69,  70,  78,  82,  83,  84,
     86,   2,  21,  43,  45,  52,  56,  58,  59,  61,  62,  64,  69,  70,  73,  74,
     75,   2,   4,   6,   7,  21,  42,  45,  46,  47,  48,  49,  50,  53,  54,  55,
     64,  67,  78,  82,  87,   2,   4,   6,   7,  21,  38,  46,  47,  48,  49,  50,
     51,  53,  54,  55,  64,  66,  67,  70,  87,   2,   3,   4,   6,   7,  21,  38,
     41,  42,  44,  45,  46,  47,  48,  49,  50,  51,  53,  54,  55,  64,  67,  70,
     78,  86,  87,   5,  38,  43,  44,  52,  54,  56,  58,  59,  62,  64,  66,  68,
     69,  73,  74,  76,  83,  41,  42,  46,  47,  48,  49,  50,  53,  54,  55,  60,
     64,  67,  68,  69,  70,   4,   6,  21,  42,  47,  48,  50,  53,  54,  60,  61,
     64,  66,  67,  68,  69,  70,  75,  87,   3,   4,   6,  42,  47,  54,  62,  64,
     66,  67,  68,  73,  74,  82,  87,   3,   4,   6,  42,  47,  54,  64,  67,  70,
     82,  87,   4,   6,  21,  47,  48,  50,  53,  54,  64,  67,  70,  87,  42,  47,
     54,  64,  67,  42,  47,  54,  55,  56,  59,  64,  66,  67,  80,   5,  42,  43,
     46,  47,  49,  51,  52,  54,  56,  57,  58,  59,   4,   6,  21,  42,  47,  48,
     50,  53,  54,  60,  61,  64,  66,  67,  68,  69,  70,  75,  87,   3,  41,  42,
     46,  47,  48,  49,  50,  53,  54,  55,  60,  61,  64,  66,  67,  68,  70,  86,
     42,  47,  54,  55,  56,  59,  64,  67,  80,   2,   4,   6,  21,  42,  46,  47,
     48,  49,  50,  51,  53,  54,  58,  60,  61,  64,  67,  70,  87,   2,   3,  21,
     38,  41,  42,  45,  46,  47,  48,  49,  50,  52,  53,  54,  55,  60,  61,  64,
     67,  68,  69,  70,  72,  75,  86,   0,   3,  42,  46,  47,  52,  54,  62,  66,
     68,  69,  70,  73,  74,  86,  42,  47,  54,  64,  68,  86,   4,   6,  42,  47,
     54,  67,  87,  41,  42,  46,  47,  48,  49,  50,  53,  54,  55,  60,  64,  67,
     68,  69,  70,  71,  54,  64,  70,  64,  54,  69,  83,  49,  64,  64,   4,   6,
     87,   4,   6,  43,  48,  49,  64,  76,  80,  87,   3,   4,   6,  48,  49,  64,
     80,  87,  47,  49,  64,  78,   3,  86,  80,  35,   9,  26,  35,  39,  46,  48,
     49,  62,  64,  66,  68,  71,  73,  74,  75,  80,  84,   9,  22,  24,  25,  29,
     39,  46,  47,  48,  49,  56,  59,  62,  63,  64,  65,  66,  68,  69,  71,  73,
     74,  75,  84,  88,  89,   0,  35,  35,
};

static const int8_t notoserif_18_bolditalicKernSparseValues[] = {
     -48,  -24,   12,  -72,  -48,  -48,  -36,  -72,  -24,   -6,  -30,  -24,  -27,  -12,   18,  -12,
      12,    6,  -12,  -12,   -6,   18,   24,  -12,  -72,  -72,  -30,  -48,  -12,  -30,  -42,  -30,
     -30,  -48,  -72,  -12,  -42,   -6,  -54,  -48,  -42,  -30,  -12,  -12,  -36,  -12,    6,  -12,
      12,  -18,  -78,  -12,  -42,  -42,  -12,  -42,  -24,  -12,   -6,   -6,   -6,  -24,  -12,  -48,
     -12,  -42,  -12,  -36,  -12,  -48,  -42,  -42,  -12,  -12,  -12,  -36,  -18,  -30,  -30,  -30,
     -54,  -12,  -12,  -12,  -24,  -18,  -12,  -24,  -12,   -6,  -12,  -18,  -12,  -18,  -12,  -24,
     -12,  -12,  -12,  -12,  -12,  -18,  -30,  -12,  -12,  -12,  -12,  -24,  -48,  -48,  -42,  -24,
     -24,  -24,  -66,  -48,  -12,  -12,  -12,  -12,  -12,  -12,  -12,  -12,  -12,  -12,  -12,  -12,
     -12,  -12,  -18,  -18,  -36,  -48,  -42,  -12,  -48,  -30,  -36,  -18,  -54,  -12,  -12,  -12,
     -12,  -12,  -72,  -72,  -30,  -48,  -72,  -12,  -12,  -12,  -12,   -6,  -18,  -18,  -18,  -12,
     -12,  -12,  -12,  -12,  -12,  -12,  -12,   -6,  -12,  -12,  -12,  -54,  -54,  -36,  -12,  -18,
     -18,  -18,  -48,   30,  -54,  -12,  -12,  -12,  -12,  -12,  -12,  -18,  -66,  -66,  -48,  -12,
     -36,  -36,  -36,  -24,  -78,  -66,  -18,  -54,  -54,  -36,  -12,  -30,  -36,  -36,  -18,  -12,
     -78,  -54,  -12,   -6,   -6,   -6,  -18,  -30,  -24,  -18,  -48,  -48,  -42,  -18,  -12,  -36,
     -42,  -42,  -36,   -6,   -6,  -54,  -48,  -24,  -12,   36,  -18,   30,  -24,  -66,  -12,  -12,
     -12,   24,  -48,  -12,   36,  -24,  -12,  -30,  -24,  -30,  -12,  -24,  -18,  -36,  -36,  -42,
     -12,  -30,  -30,  -42,   48,   54,   48,   60,   36,  -12,  -12,  -24,  -12,   18, -126, -126,
     -18,  -24,  -30,  -18,  -12,  -12,  -12, -126,  -12,  -18,  -18,  -30,  -30,  -42,  -18,  -12,
     -18,  -42,  -42,  -42,  -12,  -12,  -18,  -42,  -54,  -54,  -12,  -54,  -12,  -24,  -18,  -18,
     -12,  -12,   -6,  -30,  -36,  -30,  -24,  -12,   -6,  -24,  -18,   -6,  -30,  -30,  -30,  -48,
     -12,  -42,  -12,  -36,  -12,  -48,  -42,  -42,  -12,  -12,  -12,  -30,  -18,  -30,  -30,  -30,
     -54,   18,   42,   24,   18,   30,   42,   42,   54,   42,   42,   60,   48,   54,   54,   18,
     -18,  -18,  -30,  -18,  -18,  -24,   12,   12,   12,   12,  -12,  -12,  -12,  -12,  -12,  -12,
     -12,  -12,  -18,   12,   -6,   -6,    6,   12,   18,   12,   18,   18,    6,   -6,  -18,  -18,
     -36,  -12,    6,   18,   18,  -30,    6,  -36,  -36,  -18,  -36,  -12,  -18,  -12,  -12,  -18,
     -18,   12,    6,   12,    6,  -12,  -12,   -9,  -12,  -12,  -12,  -12, -102,  -12,  -48,   -6,
      -6,  -48,   -9, -108,   -6,   -6,   -6,  -12,  -12,  -36,   -6,   -9,   -6,   -6,  -18,  -42,
     -90,   18,  -36,  -24,  -36,  -18,  -24,  -30,  -12,   -6,  -18,  -36,  -24,  -15,   -9,  -18,
      -6,  -18,   12,  -36,   24,    6,  -18,   -9,   12,   12,  -36,   -6,   -6,   -6,   -6,   -6,
      -6,   -6,   -6,  -15,   -6,  -18,  -12,  -12,   -6,  -12,  -12,  -12,   -9,  -12,   18,  -12,
      18,   18,  -60,  -12,  -30,   -6,   -6,  -48,   -9,  -54,   -6,   -6,   -6,  -12,  -12,  -36,
      -6,   -9,   -6,   -6,  -18,  -24,  -54,  -72,  -24,  -42,  -12,  -12,  -30,  -54,  -36,  -24,
     -18,  -84,  -24,  -48,  -78,  -12,   -6,  -12,   -6,  -12,  -12,  -24,  -30,  -12,  -12,  -12,
      -6,  -12,  -30,  -18,  -42,  -60,  -12,  -18,  -18,   -6,    6,   12,   -6,  -30,  -12,  -12,
      -6,  -12,   -6,   -6,  -18,  -18,   -6,    3,   -6,  -12,  -18,  -12,    6,   24,  -66,  -12,
     -66,  -12,   12,  -48,  -24,  -30,   -6,  -36,  -84,  -48,  -36,  -24,  -30,  -18,  -48,  -24,
      -6,   -6,  -12,  -72,   -6,  -12,  -24,   -6,   18,  -24,  -66,  -48,  -42,   -6,  -12,  -36,
     -18,   -6,  -48,    9,   -6,  -30,  -72,  -18,  -12,  -18,  -12,   -6,  -36,  -42,  -24,   -6,
     -12,  -12,  -12,  -36,  -24,  -54,   -6,  -12,   -6,  -15,   -6,  -18,  -18,   -6,  -12,   -6,
     -12,   -6,  -24,   -6,  -12,   -6,   -9,  -15,  -12,   -6,  -12,  -12,   -6,  -12,   -6,  -21,
      -6,  -30,   -6,   -9,   -9,   -6,   -6,  -30,  -12,   -6,  -12,   -6,  -12,  -12,  -12,  -18,
     -12,    6,   18,   -6,   12,  -12,   -9,   -6,   -9,   -6,   -6,   -6,   -6,   -6,   -6,    6,
      12,  -12,  -12,  -12,  -12,  -12,  -12,   -9,   -9,  -45,  -12,  -21,  -12,  -12,   -6,   -6,
     -24,   -6,  -12,  -12,  -12,  -12,  -72,  -72,  -12,  -24,   -6,  -30,  -12,  -30,  -42,  -24,
      -9,  -24,  -15,   -6,  -30,   18,   -6,   -6,  -72,  -12,   -6,  -18,  -18,  -18,  -24,   -6,
      -6,  -24,  -12,  -12,  -18,  -54,  -18,  -30,  -24,  -12,  -24,  -18,  -18,  -24,  -12,   -3,
     -12,  -18,  -18,  -12,  -12,  -12,   -6,  -24,  -12,   -9,   -6,   -9,   -3,   -6,   -6,   -9,
     -24,   -3,   12,  -12,  -18,   15,  -12,   30,  -24,   27,   30,   36,   24,  -30,   30,    6,
      18,    9,   -6,   -9,    3,  -12,  -12,  -12,  -24,  -60,  -12,   -6,   -9,  -21,   -6,   -6,
     -12,   -9,  -21,   -9,   -3,   -6,   -6,  -12,   -6,   -6,   -6,  -18,  -36,  -30,   -9,   -9,
      -6,   -9,   -9,   -9,   -9,  -12,   -6,   12,  -12,  -12,   -6,  -24,  -12,  -18,   -6,   -6,
     -12,  -12,  -12,  -12,  -12,  -30,  -12,   -6,   -6,   -9,  -18,   -9,   -9,  -12,   -6,  -24,
     -12,   -6,   -6,   -6,  -24,   -9,    3,   -6,   -6,   -6,   12,   -3,  -12,  -18,   -9,   -6,
       6,  -30,   12,   -6,   -6,  -30,  -12,   -3,   -6,  -12,  -12,  -12,  -12,  -24,  -42,  -12,
      -6,   -9,  -21,   -6,   -6,  -12,   -9,  -21,   -9,   -3,   -6,   -6,  -12,   18,   24,  -24,
      30,  -18,   30,   33,   36,   27,  -36,   30,   15,    3,   21,   -6,    9,  -12,    9,  -18,
      -6,  -24,   -9,    3,   -6,   -6,   -6,   -3,  -12,   -6,  -12,  -12,  -12,   -6,   -9,  -18,
     -12,  -12,   -6,  -12,   -6,  -18,   -6,  -12,   -6,  -42,  -21,   -6,  -12,   24,  -12,   48,
       9,   24,  -12,   36,   33,   -9,   36,   36,   42,   -6,   36,  -30,   39,   15,    6,   24,
      15,   -6,   -9,   12,   12,   18,  -12,  -42,  -36,  -42,    6,  -42,   -6,  -66,   -6,  -21,
     -27,  -30,   -6,   -6,   -6,  -36,  -12,  -60,  -33,  -18,   -6,  -12,  -12,  -12,  -12,  -36,
     -30,   -9,  -12,   15,  -15,   30,  -18,   27,   30,   36,   24,  -31,   30,    6,   18,    9,
      -6,   -9,    3,    6,  -12,  -30,  -12,  -24,  -12,  -18,  -18,  -36,  -42,  -42,  -54,  -54,
     -54,  -42,  -42,  -12,  -36,  -36,  -36,  -12,  -12,  -42,   18,  -42,  -42,  -36,  -24,  -36,
     -24,  -42,  -12,  -30,  -24,  -12,  -12,  -12,  -12,  -12,  -42,    6,   12,  -84,  -18,  -42,
     -36,   12,  -18,   42,   24,   18,   24,   24,   18,  -24,  -84,  -54,   -6,   -6,   -6,  -30,
     -84,  -24,   12,  -42,  -36,   -6,   -6,   24,   24,  -12,   24,   30,   36,   30,   30,   24,
      24,   12,  -84,   42,   48,  -18,   -9,   -9,
};

static const EpdLigaturePair notoserif_18_bolditalicLigaturePairs[] = {
    { 0x00660066, 0xFB00 }, // f f -> U+FB00
    { 0x00660069, 0xFB01 }, // f i -> U+FB01
    { 0x0066006C, 0xFB02 }, // f l -> U+FB02
    { 0xFB000069, 0xFB03 }, // U+FB00 i -> U+FB03
    { 0xFB00006C, 0xFB04 }, // U+FB00 l -> U+FB04
};

static const EpdFontData notoserif_18_bolditalic = {
    notoserif_18_bolditalicBitmaps,
    notoserif_18_bolditalicGlyphs,
    notoserif_18_bolditalicIntervals,
    18,
    51,
    41,
    -11,
    true,
    notoserif_18_bolditalicGroups,
    13,
    nullptr,
    nullptr,  // kernLeftClasses: built-in fonts use the split arrays below
    nullptr,  // kernRightClasses
    notoserif_18_bolditalicKernLeftCodepoints,
    notoserif_18_bolditalicKernLeftClassIds,
    notoserif_18_bolditalicKernRightCodepoints,
    notoserif_18_bolditalicKernRightClassIds,
    nullptr,  // kernMatrix: built-in fonts use the sparse form below
    notoserif_18_bolditalicKernRowOffsets,
    notoserif_18_bolditalicKernSparseCols,
    notoserif_18_bolditalicKernSparseValues,
    551,
    557,
    103,
    90,
    notoserif_18_bolditalicLigaturePairs,
    5,
};
