/**
 * generated by fontconvert.py
 * name: notoserif_12_italic
 * size: 12
 * mode: 2-bit  compressed: true
 * Command used: fontconvert.py notoserif_12_italic 12 ../builtinFonts/source/NotoSerif/NotoSerif-Italic.ttf --2bit --compress --pnum --zopfli
 */
#pragma once
#include "EpdFontData.h"

static const uint8_t notoserif_12_italicBitmaps[28967] = {
    0xB5, 0x98, 0x0B, 0x88, 0x2D, 0x47, 0x5A, 0xC7, 0x7F, 0xDD, 0x75, 0x93, 0x36, 0xE9, 0xCC, 0x54,
    0x00, 0x03, 0x98, 0xCC, 0xA4, 0xC3, 0x3B, 0xBA, 0x73, 0xA7, 0x03, 0x0C, 0x7A, 0xC0, 0xD3, 0xDD,
    0xB5, 0x1B, 0x64, 0x79, 0x6F, 0x80, 0x8C, 0x11, 0x04, 0x12, 0x40, 0x60, 0x77, 0x05, 0x32, 0xE2,
    0x05, 0xAE, 0xD0, 0x33, 0xA7, 0x09, 0x0F, 0x79, 0x89, 0x77, 0x17, 0x96, 0x37, 0x78, 0x81, 0x00,
    0x21, 0x80, 0x0E, 0x70, 0x85, 0x61, 0xB7, 0x27, 0xA7, 0xDC, 0x00, 0x01, 0x41, 0xEC, 0x35, 0xAC,
    0x02, 0x59, 0xA1, 0x8C, 0x89, 0x82, 0xB8, 0x6C, 0xB1, 0xE9, 0x40, 0xDF, 0xA4, 0x67, 0xDA, 0xFA,
    0xB2, 0xE7, 0xCC, 0x1C, 0x72, 0xBD, 0xB8, 0x0A, 0x56, 0xD7, 0xF7, 0xEF, 0xD7, 0xD4, 0xBF, 0xBE,
    0xAF, 0xEA, 0x7B, 0xF4, 0x19, 0x06, 0x86, 0xA8, 0x8F, 0x7D, 0xEC, 0x54, 0xA7, 0xAC, 0xB2, 0x49,
    0x93, 0x98, 0x94, 0x94, 0x6D, 0x00, 0x4A, 0x4E, 0x38, 0x06, 0xE6, 0x19, 0xF5, 0x3E, 0xB7, 0x6F,
    0x72, 0x6F, 0xCE, 0xE9, 0x8C, 0xBB, 0x07, 0x00, 0x24, 0x91, 0x45, 0xAB, 0x86, 0x2D, 0x65, 0xD8,
    0x49, 0x60, 0x2F, 0x45, 0x4F, 0x93, 0x7F, 0xFC, 0xFB, 0x7F, 0x79, 0x87, 0xD3, 0x3D, 0x70, 0x33,
    0xE8, 0x0E, 0x88, 0xEC, 0x11, 0x5F, 0xF9, 0x8F, 0xCF, 0xCC, 0x62, 0x9A, 0x8C, 0x0C, 0x49, 0x63,
    0xCB, 0xF6, 0xC6, 0x30, 0x78, 0x01, 0x38, 0x82, 0xEC, 0x12, 0xDA, 0x0F, 0x6C, 0xE4, 0xDF, 0xED,
    0xE2, 0x7F, 0x79, 0xD7, 0xC6, 0x1F, 0x36, 0xC4, 0x3F, 0x6F, 0x60, 0x32, 0xB0, 0xB0, 0x90, 0x0E,
    0x41, 0x2E, 0x60, 0xAB, 0x62, 0xF6, 0x44, 0x46, 0xFD, 0x44, 0xCE, 0xF1, 0x4E, 0x41, 0xFE, 0xAD,
    0x81, 0x64, 0xBA, 0x73, 0x45, 0xC3, 0x6B, 0x00, 0x00, 0xD1, 0x25, 0x91, 0x25, 0xF9, 0xD3, 0x46,
    0x35, 0x68, 0x65, 0x35, 0xDC, 0x54, 0x76, 0x0F, 0xE6, 0xCA, 0xDE, 0x42, 0xD0, 0xC1, 0xED, 0xE4,
    0x87, 0x36, 0x60, 0xFA, 0xF5, 0xAF, 0x0D, 0xCC, 0xF4, 0xB6, 0x7E, 0x96, 0x79, 0x68, 0x9A, 0xD4,
    0xDD, 0xBB, 0xAD, 0x21, 0x72, 0x5E, 0x1B, 0x94, 0xF5, 0x1A, 0xD2, 0x48, 0x70, 0x37, 0x72, 0xFB,
    0x30, 0xC7, 0xCD, 0xC1, 0xE3, 0xEF, 0x11, 0x75, 0x54, 0x1D, 0x9B, 0x2D, 0x9E, 0x1A, 0xD0, 0x6F,
    0x78, 0x28, 0xE9, 0xA1, 0xB8, 0x82, 0x32, 0x76, 0x90, 0x67, 0xF2, 0x76, 0x78, 0xF4, 0x4D, 0x16,
    0x9D, 0xFE, 0x48, 0xFD, 0xAB, 0xD7, 0x68, 0x33, 0xEE, 0x90, 0x73, 0x32, 0xA7, 0x20, 0xBF, 0x17,
    0x40, 0xBB, 0x00, 0xCA, 0x91, 0x93, 0xF6, 0xE8, 0xEE, 0xF8, 0x3C, 0x70, 0xBA, 0xD5, 0x2C, 0x75,
    0x7D, 0x76, 0x7A, 0xEA, 0x40, 0x56, 0xDF, 0x50, 0x13, 0x79, 0x54, 0x47, 0x2A, 0x77, 0xE4, 0x50,
    0xC2, 0x31, 0xB4, 0xD2, 0x19, 0xA4, 0xD3, 0xAF, 0xFB, 0x19, 0xCC, 0xE1, 0x26, 0x68, 0x88, 0x1B,
    0x00, 0x7E, 0x15, 0x76, 0x21, 0x15, 0x13, 0x89, 0x3B, 0x62, 0x47, 0xE4, 0xA5, 0xC7, 0xD2, 0x51,
    0xA1, 0x3B, 0x61, 0x4F, 0x2C, 0x7A, 0x3D, 0x41, 0x01, 0x03, 0xB1, 0x23, 0x6D, 0x28, 0x58, 0x37,
    0xCD, 0x96, 0x26, 0xFB, 0xB3, 0x1B, 0xF1, 0x4F, 0xCF, 0xA3, 0xE5, 0xFD, 0x6A, 0x32, 0xBF, 0xFE,
    0x9B, 0x8E, 0x83, 0x33, 0xEE, 0x3D, 0xB9, 0xDA, 0x8E, 0xD9, 0x75, 0xFF, 0xF6, 0x3B, 0x6F, 0x2D,
    0xA6, 0x8B, 0xCD, 0x27, 0xA2, 0x06, 0x99, 0xC9, 0xAD, 0xB6, 0xAA, 0x49, 0xA8, 0x79, 0x89, 0xC5,
    0xB8, 0x1C, 0x81, 0x72, 0x51, 0x00, 0x89, 0x01, 0x0D, 0x6C, 0x01, 0x7B, 0xC0, 0x01, 0x70, 0x0A,
    0x38, 0x88, 0x2D, 0xA8, 0x06, 0x12, 0x60, 0x1B, 0xD8, 0x01, 0x66, 0xC0, 0x11, 0xE0, 0x21, 0xEA,
    0x40, 0x59, 0x50, 0x06, 0xD2, 0x0D, 0x86, 0x19, 0x1B, 0x2D, 0x77, 0x44, 0x9F, 0xB6, 0x28, 0xBB,
    0x8F, 0x36, 0x19, 0x19, 0x9A, 0x12, 0xCD, 0x1C, 0x4D, 0x4D, 0x46, 0x1B, 0x64, 0x20, 0x0F, 0xB2,
    0x4F, 0x4F, 0x11, 0x64, 0x1E, 0xE4, 0x2C, 0x1C, 0x9E, 0x3A, 0x76, 0x94, 0x69, 0x43, 0x7A, 0x09,
    0x18, 0x80, 0x7B, 0x24, 0x9E, 0x13, 0xAF, 0x3E, 0x71, 0xF1, 0x8B, 0xEB, 0xB5, 0x93, 0xCD, 0x69,
    0xD0, 0x86, 0x0C, 0x72, 0x56, 0xBB, 0x54, 0x40, 0x4D, 0x74, 0x41, 0x35, 0x79, 0x00, 0x9E, 0xB9,
    0x84, 0x73, 0x6D, 0xA3, 0x5E, 0xB9, 0xC8, 0x29, 0x47, 0x17, 0x44, 0xC6, 0x13, 0xE8, 0xD1, 0xC0,
    0x1C, 0x38, 0x05, 0x65, 0x41, 0x03, 0x33, 0xC0, 0x41, 0xD2, 0x28, 0x76, 0x49, 0x03, 0xCD, 0xC4,
    0x62, 0xBA, 0x04, 0x20, 0xA8, 0x63, 0x38, 0x49, 0x3B, 0x06, 0xE5, 0xF1, 0xB1, 0xE7, 0xAE, 0xF2,
    0x2B, 0x2E, 0x0B, 0x27, 0x90, 0x79, 0x78, 0xF4, 0x02, 0xC8, 0x01, 0xDD, 0xAC, 0x65, 0x8F, 0xCC,
    0x14, 0x54, 0x54, 0x5F, 0x1D, 0x49, 0xA7, 0x0E, 0x00, 0x90, 0x71, 0xDA, 0x42, 0x65, 0xE1, 0x07,
    0x96, 0xF8, 0xEF, 0x1B, 0x92, 0x6F, 0x18, 0x76, 0x33, 0x98, 0x05, 0x71, 0x39, 0xCA, 0x96, 0xA4,
    0x14, 0xDC, 0x3C, 0x3C, 0x7E, 0x29, 0xE8, 0xE1, 0x61, 0x00, 0x7A, 0x10, 0x51, 0x03, 0x2C, 0x27,
    0x43, 0x35, 0x59, 0x16, 0x41, 0xEE, 0xC6, 0x96, 0x2E, 0x6A, 0x22, 0x0B, 0x71, 0x03, 0xCA, 0x80,
    0x7A, 0xDB, 0x90, 0xFE, 0xAC, 0x07, 0x46, 0xA0, 0x00, 0xCA, 0x95, 0x14, 0x3C, 0x47, 0x4D, 0xCF,
    0xC0, 0x79, 0xE2, 0xC8, 0x03, 0x0D, 0xB0, 0xB6, 0x11, 0x8E, 0x75, 0x13, 0xF9, 0xC4, 0xAA, 0x2E,
    0x31, 0xA9, 0x05, 0x6D, 0x20, 0x07, 0xCA, 0xBC, 0xA1, 0xFA, 0xB7, 0x9E, 0x13, 0x5A, 0x6A, 0xE4,
    0x28, 0x82, 0xCC, 0x83, 0x08, 0x9E, 0x05, 0xE9, 0xC9, 0xBE, 0xEE, 0x48, 0x56, 0x7C, 0xF9, 0x34,
    0x19, 0x59, 0xBF, 0x03, 0x0A, 0x5E, 0x43, 0xDC, 0xAF, 0x87, 0xC8, 0x81, 0xB2, 0xD7, 0xCB, 0x5F,
    0x00, 0x35, 0xD0, 0x43, 0xBC, 0xF1, 0x2A, 0xDB, 0x78, 0x05, 0x40, 0x7E, 0x01, 0xF7, 0xB3, 0x26,
    0x76, 0x2A, 0xE8, 0x15, 0x0E, 0x2B, 0xE7, 0xA0, 0xA3, 0xD7, 0x44, 0x17, 0xB7, 0x61, 0xD1, 0x11,
    0x7D, 0xDE, 0xA3, 0xCD, 0x05, 0xB2, 0xD6, 0x2D, 0x19, 0x67, 0xE8, 0x20, 0x19, 0x35, 0x25, 0x15,
    0x9B, 0x6B, 0x0F, 0x64, 0x03, 0x9C, 0xBF, 0x4E, 0xEC, 0xD3, 0x26, 0xB1, 0x89, 0xD5, 0x22, 0x46,
    0x24, 0xFD, 0x85, 0x34, 0x79, 0x93, 0x7C, 0x3C, 0x99, 0x68, 0x7A, 0x15, 0xA8, 0x80, 0x02, 0x68,
    0x81, 0x9E, 0x59, 0xEC, 0x28, 0xD2, 0x86, 0xEC, 0x02, 0x00, 0x78, 0x29, 0xF6, 0xCA, 0xC7, 0x8E,
    0xCD, 0x26, 0xFB, 0x4D, 0x09, 0x12, 0x85, 0x2D, 0x23, 0x67, 0xB0, 0xD9, 0xB4, 0xD5, 0x5D, 0xD2,
    0xC5, 0x56, 0x99, 0x9B, 0x3C, 0x09, 0x00, 0x8F, 0x41, 0x4B, 0xEA, 0x38, 0x21, 0x71, 0x54, 0x50,
    0x22, 0x77, 0x9C, 0x43, 0xDA, 0x41, 0x0B, 0xBB, 0x00, 0x10, 0xA2, 0xFC, 0xA9, 0xC3, 0x97, 0x81,
    0x2F, 0xDD, 0xBE, 0xF6, 0xA5, 0x21, 0xD1, 0x88, 0x10, 0x76, 0x08, 0x21, 0x25, 0x1C, 0xC1, 0x95,
    0x1F, 0x97, 0x69, 0xD7, 0xC6, 0xFE, 0x5E, 0xE4, 0x9F, 0xFB, 0x45, 0x5A, 0x4A, 0x3A, 0x32, 0xC3,
    0xB9, 0x9C, 0x53, 0xD8, 0x86, 0x2D, 0x00, 0x80, 0x02, 0xDE, 0xB9, 0xDE, 0x87, 0xAF, 0xDC, 0x07,
    0x92, 0xFB, 0x7F, 0xD8, 0x41, 0x0E, 0x67, 0xD0, 0xC3, 0x2E, 0xAA, 0x83, 0x94, 0xA4, 0xA9, 0x3E,
    0x4F, 0x8C, 0x8E, 0xFC, 0xBE, 0x6A, 0x9E, 0x55, 0xB6, 0x50, 0xCD, 0x3C, 0x6D, 0xE6, 0x01, 0xB5,
    0x09, 0x38, 0xCB, 0xA8, 0x55, 0x73, 0x3B, 0xE3, 0x2C, 0x31, 0x01, 0xFB, 0x94, 0xDB, 0x9A, 0x7E,
    0x8B, 0x79, 0xFA, 0x4F, 0xC7, 0x35, 0xF3, 0xF8, 0x42, 0x3B, 0x6E, 0x02, 0xA0, 0x01, 0x48, 0x2D,
    0x91, 0x21, 0xEE, 0x79, 0xC6, 0x88, 0x91, 0x03, 0x10, 0x7D, 0x0B, 0x00, 0x7A, 0x20, 0x12, 0x50,
    0x03, 0x90, 0xB6, 0xC0, 0x6E, 0x0D, 0xCC, 0x05, 0x8E, 0xE6, 0x80, 0x2B, 0x20, 0xB6, 0x25, 0x28,
    0x13, 0x40, 0x53, 0x41, 0x36, 0x4D, 0x30, 0x23, 0x83, 0x53, 0xB4, 0xC1, 0x05, 0x88, 0x25, 0x81,
    0xA4, 0x1D, 0x99, 0x5D, 0x8C, 0xD1, 0xD4, 0xB3, 0x9C, 0xEE, 0x42, 0xF6, 0x8F, 0x97, 0x10, 0xB6,
    0xDF, 0x48, 0xD6, 0x6A, 0xC8, 0xD0, 0x0D, 0x39, 0x99, 0x09, 0x90, 0x43, 0x19, 0xB5, 0x50, 0x4D,
    0x1D, 0x1C, 0xFF, 0x6E, 0x0F, 0x2D, 0x2D, 0x0C, 0x14, 0x02, 0x25, 0xF4, 0x1C, 0x13, 0x79, 0x5A,
    0x62, 0x1F, 0x0D, 0x24, 0x9F, 0xFE, 0xBE, 0xBB, 0x4E, 0x1E, 0x52, 0x6B, 0xC8, 0xBF, 0x3B, 0x32,
    0xD2, 0x2A, 0x4F, 0x9D, 0x5A, 0x9E, 0xD3, 0x0D, 0xE4, 0x40, 0x05, 0x1C, 0x03, 0xE7, 0x40, 0xBB,
    0x21, 0x35, 0x50, 0x02, 0xB9, 0x51, 0x46, 0x7F, 0xFC, 0x3A, 0xD1, 0x34, 0x00, 0x10, 0x34, 0xFD,
    0x08, 0xB2, 0x1F, 0x2F, 0x45, 0x53, 0x6D, 0xD1, 0x46, 0x39, 0x32, 0x62, 0x4F, 0x4E, 0xF4, 0x05,
    0xF4, 0x94, 0x02, 0x85, 0x40, 0x4D, 0x2C, 0x3A, 0x29, 0xCF, 0x80, 0x72, 0x01, 0x52, 0x4B, 0x8F,
    0xC4, 0x38, 0x95, 0x68, 0x3A, 0x06, 0x4D, 0x5F, 0x5D, 0x69, 0x1A, 0x98, 0xA7, 0x26, 0x30, 0xBF,
    0xDA, 0xA0, 0x1B, 0x65, 0x84, 0x19, 0x61, 0x86, 0x1C, 0x56, 0x50, 0xC2, 0x7A, 0x0D, 0x0E, 0x0D,
    0xB4, 0x00, 0xC3, 0x15, 0xF4, 0xDC, 0x10, 0x1D, 0xF6, 0x64, 0xD2, 0x59, 0x60, 0x3E, 0xEC, 0x03,
    0xF3, 0xE4, 0x7F, 0x79, 0xE6, 0x52, 0x48, 0x25, 0xA5, 0x3D, 0xC8, 0x8C, 0x30, 0x43, 0x2C, 0x90,
    0xF4, 0xC0, 0xE2, 0x3A, 0x75, 0xC5, 0xD3, 0x00, 0xF9, 0x77, 0x26, 0x18, 0xA9, 0x8C, 0xF2, 0x64,
    0xA4, 0x96, 0x1B, 0xE8, 0x86, 0x4D, 0xF6, 0x63, 0x80, 0x96, 0x47, 0x0E, 0x03, 0x64, 0x93, 0x69,
    0x89, 0x7B, 0x02, 0x78, 0x6A, 0x81, 0x12, 0xE5, 0x64, 0xB5, 0x3B, 0xF4, 0x47, 0xCF, 0x58, 0xA2,
    0xE9, 0x72, 0xCD, 0xBF, 0xBC, 0x50, 0x93, 0x27, 0x73, 0x2C, 0x8D, 0x50, 0x16, 0xA0, 0x0D, 0x35,
    0x64, 0xD0, 0x42, 0x0E, 0x03, 0x82, 0x3D, 0x94, 0x88, 0x92, 0x92, 0xB0, 0x65, 0x81, 0x5E, 0xF1,
    0xD0, 0x0A, 0x2B, 0x03, 0xAA, 0x13, 0x4C, 0x2C, 0xF4, 0x88, 0x7B, 0x7B, 0xB4, 0x25, 0x0E, 0xD8,
    0x90, 0x78, 0xF2, 0x86, 0xC5, 0xA4, 0xA6, 0x41, 0xE6, 0x22, 0x73, 0x0F, 0xAB, 0x6D, 0xB4, 0x30,
    0xC2, 0x00, 0x3D, 0xAB, 0xD8, 0xF5, 0x61, 0x20, 0xA8, 0xA9, 0x87, 0x85, 0x81, 0x72, 0x23, 0x77,
    0xB6, 0x5C, 0x55, 0x8D, 0xC8, 0x23, 0x22, 0x23, 0x58, 0x17, 0xC1, 0xC4, 0x22, 0x9A, 0xA0, 0x45,
    0x1A, 0x64, 0x42, 0x32, 0x20, 0xBF, 0x4E, 0x78, 0xB1, 0x6C, 0x5D, 0x83, 0x68, 0x95, 0x5E, 0x92,
    0x39, 0x35, 0xC8, 0xFE, 0x89, 0xCF, 0x69, 0xC8, 0x98, 0x43, 0x8E, 0x0B, 0x90, 0x34, 0x50, 0x3E,
    0x0B, 0x14, 0x27, 0xC0, 0xC9, 0x04, 0x2C, 0xB3, 0x06, 0x46, 0xE1, 0x1E, 0x92, 0x0E, 0x7A, 0xE5,
    0x89, 0x7C, 0xEC, 0x57, 0xD1, 0xE1, 0xB9, 0x10, 0xBD, 0xF3, 0x46, 0xEC, 0x25, 0x73, 0x0F, 0x6A,
    0x20, 0xF2, 0xA0, 0x31, 0x22, 0x37, 0xE8, 0xD9, 0x89, 0x3C, 0xB3, 0xD8, 0x73, 0x2B, 0xF8, 0x98,
    0x17, 0x17, 0x63, 0xE9, 0x61, 0x72, 0x64, 0x9E, 0xF8, 0xD2, 0xA0, 0x7B, 0xD4, 0x08, 0x5B, 0x3D,
    0xE9, 0x19, 0xEC, 0x0C, 0xD2, 0xD9, 0x3B, 0x63, 0xD6, 0xC3, 0x5E, 0xCB, 0x1F, 0x79, 0x98, 0xD5,
    0x7C, 0xE8, 0xE1, 0xA0, 0x8E, 0x7F, 0xE8, 0xE0, 0xA8, 0x50, 0x2F, 0x76, 0x70, 0x5A, 0xA4, 0xCA,
    0x82, 0x2B, 0x77, 0x12, 0x39, 0xE5, 0xB3, 0xD4, 0x42, 0x97, 0x1F, 0xE9, 0x86, 0xC8, 0x66, 0x4E,
    0x1B, 0x62, 0xAB, 0x6D, 0x06, 0x52, 0x2D, 0x2A, 0xC3, 0x62, 0xD4, 0xF1, 0x17, 0xFE, 0x6D, 0xE3,
    0xA9, 0x23, 0xEB, 0x38, 0x31, 0x68, 0x09, 0x00, 0xD1, 0x60, 0x06, 0xBB, 0x03, 0x07, 0xC8, 0x8C,
    0x47, 0x01, 0x4B, 0x4E, 0x61, 0x96, 0x23, 0xB3, 0x66, 0x46, 0x26, 0xD5, 0x56, 0xE6, 0x4C, 0x7E,
    0x24, 0x73, 0xA9, 0x9F, 0x0B, 0xC6, 0x9F, 0x34, 0xD0, 0xF1, 0xB9, 0x21, 0xB2, 0x2C, 0x65, 0x3A,
    0x2A, 0x48, 0x04, 0xC3, 0x64, 0x3C, 0x0B, 0x00, 0xF0, 0xE8, 0xD4, 0x41, 0x7E, 0x38, 0xC0, 0x40,
    0xC9, 0xDA, 0xE3, 0x75, 0xA3, 0x9B, 0x00, 0x39, 0x68, 0x5B, 0x81, 0x6E, 0x4E, 0x04, 0xCE, 0x21,
    0x33, 0x2D, 0xE4, 0x04, 0xA8, 0x04, 0x8E, 0xA9, 0x61, 0xA4, 0x40, 0xB2, 0x06, 0x69, 0x87, 0xEE,
    0x16, 0x20, 0x69, 0x10, 0x6E, 0x80, 0xC4, 0xEB, 0x1D, 0xC9, 0x86, 0xA3, 0x0C, 0x2F, 0x91, 0x6C,
    0x08, 0x19, 0x92, 0x08, 0x57, 0x00, 0x25, 0x15, 0x14, 0x9C, 0xC3, 0x71, 0xD2, 0xCB, 0x08, 0x03,
    0xE3, 0xC3, 0xE2, 0x55, 0x40, 0xE2, 0xF5, 0xFF, 0x47, 0xFB, 0xF4, 0x5A, 0xFB, 0xDC, 0x00, 0x99,
    0x80, 0x6E, 0x04, 0x2C, 0xA0, 0x3E, 0x33, 0xC0, 0xB7, 0x0D, 0xAB, 0x24, 0xFF, 0xE3, 0x73, 0x56,
    0xD3, 0x18, 0x6D, 0xD6, 0x49, 0x5E, 0x5F, 0x99, 0x55, 0x42, 0x11, 0xF5, 0x2B, 0x7D, 0xDB, 0x0C,
    0x18, 0x85, 0x6B, 0x10, 0xAE, 0x3E, 0x91, 0xD0, 0x55, 0x0E, 0xA9, 0xFA, 0x24, 0xE2, 0xCB, 0xE1,
    0xCF, 0x16, 0x00, 0xF0, 0xCC, 0x64, 0x38, 0x4F, 0xBB, 0xF0, 0xDE, 0x7F, 0xF1, 0xC1, 0xD9, 0x81,
    0x72, 0x10, 0xF7, 0xC0, 0x25, 0xB0, 0xE8, 0x40, 0x0F, 0x10, 0x5D, 0x00, 0x15, 0x90, 0x73, 0x44,
    0x66, 0x7A, 0x32, 0x5A, 0x4A, 0xC4, 0xB6, 0x74, 0x72, 0x00, 0xE8, 0x69, 0x9A, 0xC8, 0x5E, 0xF9,
    0xF4, 0x75, 0xF6, 0x94, 0xDB, 0x66, 0xA6, 0xDC, 0x16, 0xCF, 0xA9, 0xEE, 0x57, 0x20, 0xB1, 0x40,
    0x6A, 0xAF, 0x0C, 0xBC, 0xB2, 0x37, 0x83, 0xCD, 0x5C, 0x57, 0x00, 0xD4, 0x00, 0x2D, 0xAB, 0x29,
    0xF3, 0xC9, 0x8A, 0x55, 0xD1, 0xE4, 0x9E, 0xE9, 0x59, 0x98, 0xC4, 0xB2, 0x47, 0x2A, 0xA0, 0x1B,
    0x66, 0x02, 0x07, 0x68, 0x23, 0x2A, 0xC1, 0x29, 0x39, 0x78, 0x4A, 0x70, 0x14, 0xD0, 0x51, 0x13,
    0xD9, 0x00, 0xB1, 0xA5, 0x45, 0x35, 0x01, 0x12, 0xC3, 0x31, 0x1A, 0xF2, 0xEF, 0xB5, 0x90, 0xAC,
    0xD4, 0x86, 0xE5, 0xA8, 0x26, 0x9B, 0x77, 0x9C, 0x0B, 0xDF, 0x6D, 0x81, 0xD3, 0x00, 0x51, 0x47,
    0x6A, 0x95, 0x0D, 0x90, 0x18, 0x12, 0xBB, 0x4D, 0x80, 0x3D, 0x50, 0xDD, 0x4C, 0xE0, 0x14, 0x94,
    0xEB, 0x40, 0x7D, 0x68, 0x21, 0xFE, 0x77, 0x03, 0xD1, 0xE7, 0x04, 0xB8, 0xF6, 0x26, 0x8F, 0x30,
    0xF3, 0x07, 0x4C, 0x3E, 0xEB, 0x18, 0xC8, 0x4D, 0xE0, 0x1C, 0xD8, 0x96, 0x6C, 0x34, 0x8A, 0x01,
    0x36, 0x19, 0x39, 0x20, 0xB5, 0xDB, 0x2D, 0xA7, 0xE1, 0xF4, 0x44, 0x8D, 0x0B, 0xA7, 0xE7, 0xEB,
    0xD8, 0x92, 0xD8, 0x17, 0x6A, 0xD5, 0x84, 0x53, 0x88, 0x6D, 0xC2, 0xA9, 0x2B, 0xB6, 0x41, 0xFD,
    0x83, 0x2D, 0x44, 0x81, 0xF7, 0x4D, 0x21, 0x2A, 0x7C, 0x40, 0x29, 0x4A, 0xFC, 0x94, 0xD2, 0x41,
    0x60, 0xCC, 0x2D, 0xA8, 0x9E, 0xBC, 0x01, 0xF1, 0x31, 0x80, 0xEA, 0x22, 0x99, 0x20, 0xF3, 0xF1,
    0x00, 0xCA, 0xC7, 0x9D, 0xBC, 0x49, 0x44, 0xD5, 0x61, 0x17, 0x60, 0x9C, 0x01, 0x1C, 0x3B, 0x80,
    0xAA, 0x01, 0xC8, 0xB9, 0xBE, 0x5E, 0x5A, 0x20, 0x7E, 0xAF, 0x03, 0x52, 0xE5, 0x81, 0xDD, 0x58,
    0xF0, 0x16, 0x03, 0x44, 0x8E, 0x11, 0x12, 0xC7, 0x25, 0x54, 0xA3, 0x9E, 0x2C, 0xD5, 0xA5, 0x9A,
    0x1A, 0xED, 0x90, 0x2F, 0x32, 0x6E, 0xA1, 0x3C, 0xE2, 0x6F, 0xB1, 0x85, 0x3E, 0x01, 0xC6, 0x2D,
    0xA0, 0x9E, 0x01, 0xC5, 0x29, 0x50, 0xD9, 0xB5, 0x07, 0xE4, 0x0F, 0xF1, 0x00, 0xD9, 0x7C, 0xB2,
    0xA9, 0x5B, 0x57, 0xF8, 0xFB, 0x87, 0x0B, 0x83, 0xE3, 0x1D, 0x22, 0x1B, 0x0D, 0x44, 0x52, 0x2F,
    0x41, 0xDB, 0x75, 0xF4, 0x9C, 0x23, 0x56, 0x01, 0xD7, 0xCF, 0x2B, 0xAE, 0x9F, 0xDF, 0x90, 0xE7,
    0x33, 0x79, 0x7E, 0x40, 0x75, 0x78, 0xE8, 0x57, 0x15, 0x7E, 0xD1, 0x73, 0x0C, 0xED, 0x66, 0x71,
    0x5A, 0xFD, 0xD2, 0xFD, 0xD2, 0x0F, 0x36, 0x0D, 0xD9, 0x03, 0x45, 0x6D, 0xE9, 0x00, 0x0E, 0xA4,
    0xCD, 0x42, 0x7B, 0x7E, 0x2F, 0xB4, 0x1D, 0x69, 0x4F, 0x6C, 0x6D, 0x41, 0x3E, 0x7E, 0xB9, 0xEC,
    0xC5, 0x4E, 0xC8, 0x7F, 0x19, 0xE6, 0x81, 0x6A, 0x00, 0xE0, 0x79, 0x98, 0xC3, 0x3B, 0xF0, 0x01,
    0xF1, 0xBB, 0x46, 0xBD, 0x61, 0x13, 0xBA, 0x6D, 0xFC, 0x0E, 0xB7, 0xE6, 0xCC, 0x6F, 0xB1, 0xFB,
    0x24, 0x37, 0xAA, 0xB0, 0x3A, 0xBF, 0xF1, 0xF6, 0xDB, 0x06, 0x0A, 0x32, 0x12, 0x13, 0x37, 0x3C,
    0xFD, 0x1D, 0xB8, 0xBF, 0x44, 0x75, 0x92, 0x21, 0xF6, 0xC9, 0x29, 0x29, 0x28, 0xA8, 0xA9, 0x69,
    0x69, 0x19, 0xE4, 0x88, 0x7A, 0x86, 0xB8, 0xA7, 0x7D, 0xAC, 0xE7, 0xE4, 0xF6, 0x7D, 0x9B, 0xBB,
    0xA5, 0x01, 0x48, 0x47, 0x40, 0x64, 0x00, 0x7A, 0xC0, 0x43, 0xE4, 0xBF, 0x49, 0xFC, 0xC9, 0x14,
    0x5C, 0x4D, 0x37, 0xAA, 0x4F, 0x6D, 0xE2, 0x53, 0xBB, 0x3E, 0x24, 0xFD, 0x49, 0x46, 0xCA, 0xC8,
    0xC9, 0x29, 0x28, 0x39, 0xA3, 0x8A, 0x1D, 0xBF, 0xBD, 0xCE, 0x9B, 0x4F, 0xDF, 0x89, 0x3E, 0x1B,
    0x12, 0xDB, 0x6A, 0x33, 0xCF, 0x79, 0xB2, 0xB8, 0xFE, 0x1A, 0x90, 0x3E, 0x42, 0x4D, 0x53, 0xBD,
    0x62, 0xD3, 0x4B, 0x00, 0xA8, 0x3A, 0x48, 0xED, 0x75, 0x99, 0x4F, 0x83, 0x31, 0x7F, 0x61, 0xFE,
    0xAF, 0xC6, 0xF0, 0x74, 0x13, 0x7D, 0xD6, 0x27, 0x76, 0xD4, 0xA6, 0xCD, 0x19, 0x8A, 0xD8, 0xB7,
    0x99, 0x9D, 0x2E, 0x18, 0xFF, 0xFB, 0xC9, 0x01, 0x90, 0x1B, 0xF6, 0x35, 0x50, 0x0B, 0x9C, 0x5D,
    0xD5, 0x85, 0xFB, 0x06, 0x49, 0x46, 0xEB, 0x0A, 0xE1, 0x00, 0xD5, 0x09, 0x58, 0x36, 0x13, 0x5C,
    0x7A, 0x95, 0xE0, 0x34, 0x40, 0x86, 0xD0, 0x3D, 0xE0, 0xDE, 0x2B, 0x62, 0x0F, 0x24, 0x0E, 0x58,
    0x18, 0x00, 0xF8, 0x35, 0xA2, 0xB7, 0x16, 0xE8, 0xBF, 0xFA, 0x5B, 0xE6, 0x89, 0xA5, 0x57, 0x16,
    0x9F, 0xD8, 0xC8, 0xA7, 0x4D, 0xE4, 0xB5, 0xA1, 0xDF, 0x87, 0x45, 0x0F, 0x7F, 0x0D, 0xB1, 0x05,
    0xF5, 0x31, 0xC4, 0xD3, 0xC0, 0xA3, 0x3F, 0x9B, 0xB8, 0x49, 0x66, 0xEE, 0xA1, 0x8D, 0x47, 0xD3,
    0xF3, 0x2C, 0x27, 0xBF, 0x73, 0x46, 0x3A, 0xDD, 0x21, 0xEB, 0x21, 0x5E, 0x7F, 0x47, 0x39, 0x51,
    0x59, 0xE4, 0x4D, 0x92, 0xF7, 0x2E, 0x49, 0x7E, 0x92, 0x93, 0x9E, 0x66, 0x68, 0x1B, 0xA4, 0xD9,
    0x27, 0xA3, 0x20, 0x67, 0x4E, 0x49, 0x4D, 0x41, 0xCB, 0x9C, 0x33, 0x6A, 0x86, 0x80, 0xE7, 0x77,
    0x86, 0x55, 0x52, 0x80, 0xE8, 0xEA, 0xA7, 0xE3, 0x53, 0xE6, 0x75, 0xF1, 0x01, 0xD9, 0x7F, 0xB2,
    0xD5, 0xC6, 0xCC, 0x65, 0xFC, 0x51, 0xDE, 0x01, 0xB0, 0x72, 0x67, 0xE9, 0x00, 0x3C, 0xF2, 0x12,
    0xE9, 0x55, 0x24, 0x74, 0x28, 0xBB, 0x8A, 0x84, 0xF4, 0x21, 0x91, 0x70, 0x06, 0x3D, 0x89, 0x63,
    0x61, 0x1E, 0x62, 0xC7, 0x53, 0x2F, 0x25, 0x76, 0xE1, 0x12, 0x5B, 0x06, 0x8A, 0x60, 0xFD, 0xD7,
    0x2C, 0x3A, 0x85, 0xAC, 0x84, 0x7C, 0x82, 0xEA, 0x1B, 0x0D, 0x45, 0x6A, 0x99, 0xAB, 0x8E, 0x3A,
    0xF6, 0x9C, 0x31, 0x30, 0xB0, 0x00, 0x08, 0x7C, 0xB1, 0x8F, 0x82, 0x1D, 0xCA, 0xC9, 0x8F, 0xF2,
    0x64, 0xC3, 0x8A, 0x7D, 0x0A, 0x8A, 0x95, 0x15, 0x62, 0xE3, 0x9B, 0xD1, 0x5D, 0x16, 0xEF, 0x5D,
    0xEA, 0x91, 0xF4, 0x27, 0xF9, 0x41, 0x41, 0xEA, 0xB3, 0x3B, 0x85, 0xAC, 0x59, 0x13, 0xB0, 0x91,
    0xF5, 0xCA, 0x64, 0xC5, 0x90, 0xAB, 0x33, 0xB9, 0xA2, 0x97, 0xD5, 0xC3, 0xCB, 0x7D, 0xE4, 0x65,
    0x05, 0x03, 0x9E, 0xD1, 0x73, 0xBF, 0x19, 0x02, 0x2E, 0x01, 0x40, 0x98, 0x85, 0x57, 0x58, 0x85,
    0xF3, 0x7F, 0xB3, 0x0B, 0x12, 0x55, 0x84, 0xB0, 0x42, 0x2C, 0xD7, 0x26, 0xA7, 0x94, 0x51, 0x64,
    0xA6, 0x25, 0x63, 0x24, 0x67, 0xA0, 0x0A, 0x52, 0x04, 0x91, 0x10, 0xE9, 0x29, 0x93, 0x8E, 0xB5,
    0x97, 0x47, 0x2F, 0x3F, 0x6D, 0x92, 0x71, 0xD9, 0xF1, 0xFD, 0x37, 0x3C, 0x3F, 0x88, 0x3C, 0x23,
    0x3D, 0x03, 0x7D, 0x24, 0xEB, 0x11, 0x0E, 0xF5, 0xC5, 0x9A, 0x84, 0x23, 0xAC, 0x49, 0x62, 0x33,
    0xD2, 0xAE, 0x46, 0x4F, 0x0E, 0x6D, 0x40, 0x03, 0x19, 0xB0, 0x0F, 0x54, 0x22, 0x4E, 0x74, 0xF9,
    0xEE, 0x75, 0xB6, 0x69, 0xF2, 0xFF, 0x21, 0x40, 0x3D, 0x27, 0x7F, 0xE2, 0xC9, 0x3F, 0x5C, 0x6F,
    0xE1, 0x46, 0xAC, 0x8B, 0xE8, 0x81, 0xC3, 0xAF, 0xDE, 0x5D, 0xFE, 0xF9, 0xA0, 0xDF, 0x6A, 0xD3,
    0xD3, 0x5B, 0x5A, 0xB2, 0x24, 0x99, 0xB9, 0xF6, 0x8A, 0xF9, 0xDA, 0x31, 0x06, 0x99, 0xD9, 0xC4,
    0x21, 0xBC, 0x9B, 0x3A, 0x35, 0x33, 0xDD, 0x90, 0x3A, 0xD4, 0x05, 0x2C, 0xAD, 0x5C, 0xC5, 0xFE,
    0x20, 0xF2, 0xB7, 0x23, 0x57, 0x28, 0x9B, 0x5D, 0x02, 0xF0, 0x24, 0xDC, 0x25, 0x72, 0x24, 0x1F,
    0x53, 0x4D, 0x24, 0x0F, 0xF1, 0xBA, 0xB9, 0x74, 0xCA, 0xDF, 0x23, 0xEB, 0x41, 0x36, 0xE9, 0x11,
    0xB3, 0xB0, 0xBA, 0x49, 0xAD, 0x36, 0x69, 0xA3, 0x91, 0x44, 0xA7, 0xC9, 0xC9, 0x28, 0x03, 0x16,
    0xAB, 0x4D, 0x1A, 0x99, 0xC7, 0x23, 0xF5, 0xE3, 0x67, 0x94, 0xDF, 0x3C, 0xBF, 0x93, 0xBB, 0xAA,
    0x41, 0xC6, 0xF2, 0x08, 0x8B, 0x46, 0xAA, 0x7E, 0x16, 0xC6, 0x27, 0x61, 0x31, 0x95, 0x51, 0x36,
    0x41, 0x75, 0x8F, 0x07, 0x79, 0x82, 0xD8, 0x3D, 0x1F, 0xE4, 0x88, 0xC8, 0x77, 0x44, 0x9F, 0x34,
    0x70, 0x09, 0x8C, 0x6B, 0xE7, 0x80, 0xC7, 0x72, 0x9B, 0xDA, 0x3C, 0xB1, 0xDA, 0xEA, 0x60, 0x84,
    0xC0, 0x6F, 0xD9, 0x6D, 0x65, 0xFF, 0xD8, 0xEE, 0x28, 0xFB, 0xBE, 0x7D, 0x5E, 0xFD, 0xCD, 0xBB,
    0xF6, 0x05, 0xF5, 0xEE, 0x8B, 0x9D, 0x53, 0xEF, 0xA9, 0x1F, 0x59, 0xF5, 0x77, 0xEA, 0x7D, 0xD4,
    0x7F, 0xAA, 0x7F, 0x46, 0xF5, 0x6A, 0x44, 0x79, 0xE5, 0xD7, 0xFB, 0xCD, 0xCB, 0xF1, 0x18, 0x0F,
    0x14, 0x49, 0x43, 0xBE, 0x0D, 0xD9, 0x1E, 0x68, 0x0F, 0x49, 0x27, 0x22, 0xD7, 0x30, 0x0B, 0x72,
    0x3A, 0x10, 0x77, 0x35, 0x69, 0x53, 0xB2, 0x20, 0xB7, 0x41, 0x87, 0xD8, 0x84, 0xB3, 0x96, 0x62,
    0x98, 0x04, 0x70, 0x71, 0x47, 0xEC, 0x95, 0x85, 0x5E, 0x60, 0x48, 0x0C, 0xB4, 0x29, 0x50, 0x6F,
    0x01, 0xC5, 0x1E, 0x50, 0x1E, 0x00, 0x99, 0x03, 0xB4, 0x15, 0x30, 0xC0, 0x36, 0xC0, 0x1C, 0xA0,
    0x07, 0x12, 0x89, 0xA9, 0xA5, 0x81, 0xBC, 0x07, 0x38, 0x3C, 0x34, 0x4C, 0x53, 0x13, 0x75, 0x39,
    0xCA, 0xD4, 0x10, 0xF5, 0xA0, 0x9C, 0x0C, 0x87, 0x1C, 0x38, 0x06, 0xBE, 0x78, 0x94, 0xC8, 0x77,
    0x12, 0xD9, 0xF7, 0x8E, 0xA9, 0xA6, 0x11, 0xE2, 0x11, 0xDD, 0x6C, 0xE4, 0x8A, 0xEB, 0xC2, 0x19,
    0x7B, 0xF2, 0x86, 0xD7, 0x0D, 0x89, 0x7D, 0xB0, 0x8E, 0x23, 0xBD, 0x21, 0x19, 0x00, 0xDC, 0xC3,
    0x1A, 0xB9, 0x45, 0xF9, 0xEB, 0xFF, 0x80, 0xAF, 0x8B, 0xF6, 0xAA, 0xC7, 0x83, 0xF4, 0xCD, 0xE9,
    0xE7, 0x9B, 0xD3, 0x53, 0x75, 0x00, 0x40, 0xD6, 0x6D, 0x17, 0xFD, 0xD6, 0xD1, 0xFE, 0xDE, 0x69,
    0xDA, 0x83, 0xF9, 0x2F, 0xBD, 0xD9, 0x01, 0x84, 0x26, 0x69, 0x7E, 0xC7, 0xF1, 0x4F, 0x55, 0xED,
    0x4C, 0xB9, 0xAD, 0xEB, 0xAE, 0xC5, 0x0C, 0x9B, 0xD9, 0xE9, 0xA9, 0xC5, 0x61, 0x44, 0xEF, 0xBC,
    0x87, 0x96, 0xBC, 0x78, 0xDF, 0xF7, 0xAD, 0xBB, 0xC3, 0x8A, 0x20, 0x83, 0x9D, 0x3B, 0xC4, 0x65,
    0x07, 0x90, 0x5B, 0xDC, 0x34, 0x06, 0x43, 0xDE, 0xD9, 0xAE, 0xDB, 0xC5, 0xE1, 0x70, 0x73, 0xE1,
    0x02, 0x97, 0xB0, 0x91, 0xC3, 0x5D, 0x42, 0xD2, 0x38, 0x74, 0xCE, 0x3B, 0xDB, 0x4F, 0x72, 0x08,
    0x01, 0x95, 0x10, 0x17, 0x2E, 0xA2, 0x8E, 0x8D, 0x90, 0x43, 0xEA, 0x72, 0xB5, 0xF2, 0xCE, 0xDE,
    0xDB, 0x5D, 0x79, 0x4B, 0xA6, 0x47, 0xC7, 0xDE, 0x71, 0xB9, 0xB9, 0x9D, 0xB7, 0x9E, 0xFF, 0x4F,
    0xBF, 0xD5, 0xFD, 0xFC, 0x7E, 0xDF, 0xFA, 0xD7, 0xA3, 0x9F, 0x7A, 0xBB, 0xDD, 0x8E, 0x56, 0xF1,
    0x4A, 0x8B, 0x32, 0x0A, 0x71, 0x48, 0xAA, 0xA4, 0x4C, 0xCB, 0x5C, 0xAE, 0x70, 0xC3, 0xCC, 0xD4,
    0x7D, 0xAF, 0x11, 0x97, 0x92, 0xD2, 0x9D, 0x26, 0xFE, 0xE9, 0x3A, 0xFB, 0xFB, 0x45, 0xB1, 0x35,
    0x9E, 0x6D, 0xB9, 0xFF, 0x71, 0xCB, 0xAB, 0xD6, 0xD7, 0xAD, 0xF6, 0xAC, 0x3E, 0x69, 0xB9, 0x6F,
    0xB6, 0x1F, 0x8A, 0xBE, 0x8A, 0x1F, 0x11, 0x44, 0x01, 0x88, 0x8E, 0x1B, 0xD9, 0xD7, 0xD6, 0x0A,
    0x0B, 0x53, 0x63, 0x13, 0x2F, 0x98, 0x70, 0x56, 0xF1, 0xF1, 0xB7, 0x5D, 0x3C, 0xFE, 0x16, 0x37,
    0x0C, 0xC5, 0x2B, 0x98, 0xE0, 0x90, 0xF8, 0x3F, 0xDC, 0x2C, 0xFA, 0x3E, 0x5C, 0x4F, 0x4F, 0x01,
    0xC6, 0xBF, 0xB6, 0x53, 0xF4, 0xAB, 0xAC, 0x6C, 0xB7, 0xEC, 0x5D, 0x75, 0x7D, 0x33, 0xB6, 0x8C,
    0xF3, 0xF2, 0x70, 0x73, 0x72, 0xFC, 0x85, 0x1D, 0x8C, 0xD6, 0xF9, 0x3A, 0x6F, 0xD2, 0x26, 0xAD,
    0x93, 0x90, 0x34, 0xA9, 0xB8, 0xDD, 0x12, 0xB5, 0xD7, 0x69, 0xF7, 0xE9, 0x6A, 0xBE, 0x5B, 0x79,
    0x7E, 0x93, 0x77, 0x65, 0x53, 0x16, 0xFC, 0xFA, 0xE9, 0x3B, 0x43, 0xB1, 0x42, 0x47, 0xBC, 0x62,
    0xDE, 0x57, 0x9A, 0x27, 0x2F, 0x38, 0xFF, 0x76, 0x80, 0x99, 0x16, 0x95, 0xC3, 0x34, 0x68, 0x92,
    0xA0, 0x45, 0x87, 0x53, 0xE2, 0xBE, 0x96, 0x66, 0x6B, 0x99, 0x53, 0x79, 0x39, 0x92, 0xD5, 0xB9,
    0x64, 0x9D, 0xD3, 0xFF, 0x09, 0x45, 0x47, 0xD2, 0xA2, 0xF3, 0x82, 0xBB, 0xEE, 0x3A, 0x74, 0x4F,
    0x63, 0xFE, 0xBB, 0x95, 0xEC, 0x11, 0xB7, 0x5F, 0x5C, 0x4D, 0xBB, 0x09, 0xC0, 0x4B, 0xFD, 0x03,
    0x4E, 0x6E, 0x2D, 0x25, 0xB5, 0xBC, 0xCC, 0xBD, 0x11, 0x87, 0xDD, 0xEC, 0x1B, 0x75, 0x33, 0xBE,
    0x16, 0xD5, 0xFB, 0xFB, 0x13, 0xE5, 0xDE, 0xE1, 0x82, 0xF1, 0xE1, 0x3D, 0xAE, 0xFF, 0xAF, 0x0C,
    0x6F, 0x37, 0xDF, 0xB0, 0xB7, 0x77, 0xC3, 0xCD, 0xFD, 0xDD, 0xFC, 0x8F, 0x42, 0xBB, 0x1D, 0x7D,
    0x37, 0x0E, 0x69, 0x90, 0x95, 0x1E, 0x45, 0x0F, 0x29, 0xFA, 0x1A, 0x88, 0x4E, 0xAB, 0xEC, 0xB7,
    0xAB, 0x6B, 0x59, 0x39, 0xC9, 0x2D, 0x72, 0xF7, 0x6E, 0x58, 0x7C, 0xD1, 0xFC, 0xAB, 0xE1, 0xC2,
    0x05, 0x2E, 0x3D, 0xE7, 0x70, 0x2F, 0xFE, 0x9B, 0x26, 0x7F, 0x35, 0xCC, 0x8A, 0x72, 0x31, 0x33,
    0x2D, 0xE4, 0x59, 0x99, 0x25, 0x55, 0xF2, 0xA5, 0xF0, 0xC6, 0x9F, 0x7F, 0xEB, 0xA0, 0x3F, 0x61,
    0xEB, 0xFC, 0x38, 0x58, 0x1F, 0xAF, 0x7F, 0x0E, 0xF7, 0xE5, 0xD7, 0x36, 0xDC, 0xA3, 0xFF, 0xAC,
    0x9A, 0x71, 0xF6, 0xE9, 0x0D, 0x77, 0xF6, 0xA9, 0x66, 0xEF, 0x30, 0xFB, 0x54, 0x3D, 0x3E, 0xCC,
    0x5E, 0x0D, 0xD7, 0x0F, 0xB3, 0x53, 0x1B, 0xF9, 0x9D, 0x0D, 0xF7, 0x86, 0x66, 0x6F, 0x2F, 0xFB,
    0x4C, 0xBD, 0xBF, 0x5B, 0x7C, 0xAD, 0x6B, 0xB7, 0x2F, 0xDF, 0xFC, 0xEC, 0xCF, 0xE4, 0xBE, 0x7C,
    0xEB, 0x96, 0x83, 0xBE, 0x2F, 0x29, 0xDA, 0xFB, 0x8B, 0x76, 0xAB, 0xD9, 0x6E, 0xB7, 0xEF, 0xED,
    0x8E, 0xBA, 0xA8, 0x84, 0xB1, 0x27, 0xE3, 0x8D, 0x77, 0x07, 0xCE, 0xF3, 0x67, 0x5C, 0x62, 0x30,
    0x78, 0x6D, 0x38, 0xFF, 0x05, 0xE9, 0x0F, 0xC2, 0x26, 0xEE, 0x62, 0x12, 0x6C, 0x46, 0xC6, 0x2E,
    0x87, 0x92, 0xAA, 0xDC, 0x8E, 0xCB, 0x83, 0x7E, 0xF3, 0x63, 0xBC, 0x21, 0xF9, 0xF7, 0x3A, 0x7D,
    0xAB, 0x8D, 0xE2, 0x46, 0x1A, 0x9C, 0xF0, 0x7A, 0x29, 0x0D, 0x97, 0x92, 0x30, 0xC9, 0xAA, 0xD1,
    0xBB, 0x2E, 0xDC, 0x44, 0xD2, 0x66, 0xD5, 0x35, 0x7B, 0x5C, 0x72, 0xC9, 0xC2, 0x91, 0xA5, 0x6E,
    0xA3, 0xAD, 0x2E, 0x6A, 0xB5, 0x71, 0x1B, 0xB5, 0x49, 0x13, 0xB7, 0x49, 0x9D, 0x34, 0x49, 0x48,
    0xEA, 0x34, 0xA4, 0x75, 0x5E, 0x65, 0xF5, 0xA8, 0xCA, 0xDF, 0xFF, 0x8B, 0x7F, 0xDE, 0x3E, 0x7E,
    0xBB, 0xDB, 0xC1, 0x2B, 0x98, 0x62, 0x3E, 0x54, 0xC5, 0x08, 0x79, 0xDF, 0x37, 0xF3, 0xD3, 0xDF,
    0x73, 0x7C, 0xB2, 0xB3, 0xA9, 0xAB, 0xFA, 0x4D, 0x1D, 0x3F, 0xAE, 0xF9, 0xA6, 0x8A, 0x4D, 0x45,
    0x9F, 0xBF, 0xCA, 0xD6, 0x2F, 0x50, 0x3B, 0x3B, 0xDC, 0x2F, 0xCA, 0xE8, 0x24, 0xAF, 0x3F, 0xB1,
    0x5E, 0xDF, 0x23, 0x0A, 0x71, 0xEB, 0xC8, 0xBD, 0xCB, 0xDD, 0xFC, 0x81, 0x4B, 0x56, 0x45, 0xF7,
    0x5C, 0x6B, 0xC3, 0x1A, 0x37, 0x1B, 0xD2, 0x90, 0x86, 0x3B, 0xEF, 0xDD, 0x7A, 0x2D, 0x3A, 0x95,
    0x7D, 0x25, 0x5C, 0x4B, 0xC2, 0x34, 0x09, 0x93, 0x34, 0x2C, 0xB2, 0x6A, 0x92, 0x1B, 0x2D, 0x45,
    0x37, 0x45, 0x51, 0xB9, 0x59, 0x0A, 0x71, 0x68, 0xA2, 0xB6, 0xB3, 0x5A, 0x58, 0x2D, 0x93, 0x1F,
    0x76, 0xD9, 0xDB, 0x61, 0x27, 0xB3, 0xB7, 0xCB, 0x25, 0x58, 0x49, 0xCA, 0xA2, 0x93, 0xDB, 0x38,
    0xEF, 0xD2, 0xBA, 0x2B, 0x6A, 0x35, 0xE2, 0x26, 0x0E, 0x36, 0x9D, 0x28, 0x25, 0x61, 0xDB, 0xCD,
    0x34, 0x4C, 0x92, 0xE6, 0xCE, 0x7B, 0x87, 0x79, 0x7D, 0xEB, 0xB5, 0xE6, 0x37, 0x83, 0x24, 0xFC,
    0x59, 0x90, 0xC5, 0x5F, 0x0E, 0x76, 0x9E, 0xCF, 0x2A, 0xE3, 0xA2, 0x5F, 0x39, 0x94, 0x97, 0x51,
    0xAD, 0x90, 0x54, 0x8E, 0x2B, 0xDC, 0x2A, 0xCF, 0x32, 0x52, 0x45, 0x67, 0x6B, 0xC8, 0x98, 0xD0,
    0x3A, 0x14, 0xB5, 0x51, 0x2D, 0x6E, 0x92, 0x4A, 0x52, 0x67, 0x24, 0x61, 0xE7, 0x4A, 0x99, 0x86,
    0xF1, 0xA3, 0xF6, 0xCE, 0x7B, 0x3F, 0x6E, 0x8E, 0x6E, 0x7D, 0x36, 0x54, 0xDF, 0x91, 0x96, 0x5A,
    0xDB, 0xA2, 0xDA, 0xAE, 0xB4, 0x74, 0xD7, 0x0E, 0x8D, 0xC3, 0x97, 0x93, 0x90, 0x54, 0xEF, 0x64,
    0xF2, 0xBE, 0xE6, 0xC2, 0x26, 0xE3, 0x0B, 0x48, 0x7F, 0x14, 0xBC, 0xB3, 0x59, 0x28, 0x71, 0x88,
    0x93, 0x3A, 0x29, 0x65, 0x55, 0x2E, 0x3A, 0xB1, 0xCB, 0x1D, 0x77, 0xC9, 0xAA, 0xC6, 0xCB, 0xD9,
    0xDF, 0x86, 0x4B, 0x77, 0xF3, 0x57, 0xCB, 0xD5, 0xEC, 0xDD, 0xED, 0xA4, 0xBB, 0x70, 0x73, 0xB2,
    0xD5, 0x72, 0x78, 0xBD, 0x15, 0xD5, 0x7F, 0xDA, 0x4A, 0xDE, 0x7A, 0xAB, 0x91, 0xA5, 0xFD, 0xA9,
    0x1D, 0x49, 0x6D, 0x2C, 0x0D, 0x5A, 0xA3, 0x06, 0x97, 0x6F, 0x8A, 0x2A, 0x69, 0x23, 0x6B, 0x24,
    0x15, 0x44, 0xA4, 0x64, 0x6C, 0xF3, 0x50, 0x56, 0x1B, 0xB1, 0x60, 0x45, 0xA7, 0x5E, 0x45, 0xED,
    0x32, 0x69, 0xE6, 0x7F, 0x55, 0x5D, 0xFC, 0x36, 0x40, 0x16, 0x18, 0x5C, 0xD1, 0xC2, 0x27, 0x01,
    0x74, 0x88, 0x3A, 0x24, 0x2B, 0x64, 0x4B, 0xEC, 0x2C, 0x30, 0x19, 0x64, 0x7F, 0x82, 0x66, 0x4A,
    0x1C, 0x66, 0x24, 0xE5, 0x8C, 0xDC, 0x9C, 0xA2, 0xEF, 0x19, 0x2B, 0x18, 0x7A, 0xAE, 0xD9, 0x48,
    0x1C, 0x0C, 0x2B, 0x56, 0x11, 0x0E, 0xD6, 0x51, 0xDF, 0x39, 0x1F, 0x9C, 0xC3, 0x04, 0xDE, 0x79,
    0x56, 0xB9, 0x0F, 0x11, 0xF7, 0x48, 0xBF, 0x52, 0xB2, 0x13, 0x55, 0x1F, 0x7D, 0x6E, 0x89, 0xAC,
    0xDB, 0x63, 0xE7, 0xB8, 0xE1, 0xE5, 0x97, 0x3E, 0xFA, 0xC8, 0x8B, 0x51, 0x45, 0xFE, 0x76, 0x4D,
    0xFE, 0x99, 0x00, 0xCF, 0xA0, 0xBB, 0x37, 0x91, 0x9C, 0x20, 0xCB, 0xB0, 0x9D, 0x9C, 0x7D, 0x15,
    0xAF, 0x3F, 0xB2, 0xC8, 0xBE, 0xEF, 0x5B, 0x7C, 0xF1, 0xFD, 0xCF, 0xB5, 0xF8, 0x8D, 0x56, 0x83,
    0x9F, 0x34, 0x6A, 0xE2, 0xEF, 0xD5, 0x2A, 0x92, 0x57, 0x03, 0x6C, 0x67, 0x01, 0x76, 0xB3, 0x00,
    0xFB, 0x79, 0xBF, 0x42, 0x93, 0x7F, 0xFD, 0x26, 0x49, 0x28, 0x20, 0x1B, 0xF2, 0xD8, 0x31, 0x83,
    0xB1, 0x99, 0x88, 0xD6, 0x54, 0x2A, 0xAE, 0x2D, 0x6C, 0x4B, 0xEB, 0xE8, 0xE4, 0xD6, 0x7D, 0x07,
    0xEB, 0xBC, 0xEF, 0xD7, 0x40, 0xDC, 0x37, 0x46, 0x7F, 0xB8, 0xB6, 0xB6, 0x4C, 0x5A, 0x8B, 0x2C,
    0x78, 0x39, 0xAF, 0x18, 0x61, 0x8E, 0xFB, 0x78, 0x88, 0xE5, 0xB9, 0x5A, 0x60, 0x86, 0x51, 0x99,
    0x94, 0xF9, 0xBF, 0xDD, 0x11, 0x0D, 0x28, 0x5B, 0x28, 0x4A, 0xD2, 0x40, 0x12, 0x44, 0xAF, 0x97,
    0xE2, 0x13, 0x00, 0x4B, 0x98, 0x42, 0x0E, 0x49, 0x09, 0x38, 0xEE, 0xFB, 0x4A, 0xF1, 0x4F, 0xAF,
    0x57, 0xF2, 0x2A, 0x29, 0xE5, 0x65, 0x42, 0x21, 0x66, 0xC4, 0x63, 0x99, 0xC1, 0xBC, 0xAF, 0xB9,
    0x7F, 0xAB, 0x64, 0x09, 0xAB, 0x27, 0xD2, 0x79, 0x4E, 0xD4, 0xDA, 0x15, 0xB7, 0xC6, 0xD2, 0xF7,
    0x6F, 0x75, 0x0E, 0x86, 0x8E, 0x02, 0xAC, 0x10, 0x37, 0x48, 0x2B, 0x6C, 0x79, 0x46, 0xB9, 0x69,
    0x83, 0xA2, 0xC5, 0xBD, 0x7B, 0xA8, 0xAF, 0x7E, 0xF4, 0xB9, 0x0F, 0x3E, 0x41, 0xD4, 0x2E, 0x07,
    0x39, 0x82, 0x67, 0x72, 0xA9, 0x23, 0xB2, 0x52, 0x12, 0xA8, 0xE1, 0xF8, 0x44, 0xD1, 0xC8, 0x2B,
    0x79, 0xA9, 0x60, 0xC4, 0x88, 0x19, 0x53, 0x16, 0x2C, 0x59, 0xB3, 0xA2, 0x1B, 0xFC, 0xE2, 0x56,
    0xDA, 0x6E, 0x9C, 0x00, 0x33, 0x1C, 0x11, 0x35, 0x24, 0x25, 0x8F, 0xDD, 0x06, 0xBB, 0xC1, 0x6F,
    0x30, 0x54, 0x60, 0xF4, 0xB8, 0x66, 0x98, 0x62, 0x81, 0x25, 0xD6, 0x58, 0xA1, 0x33, 0x78, 0x0F,
    0xE6, 0x83, 0xFB, 0x13, 0xFB, 0xA4, 0x93, 0xAD, 0xBC, 0xB2, 0xEB, 0xF6, 0xF3, 0xBF, 0x3C, 0xE7,
    0x8B, 0x1F, 0x63, 0x5A, 0x30, 0x29, 0xE0, 0x57, 0xCB, 0x78, 0xDC, 0xBF, 0x67, 0x73, 0x97, 0x8E,
    0x07, 0xA7, 0x3C, 0xC8, 0xCB, 0xA4, 0x51, 0x88, 0x5B, 0x23, 0x51, 0x3B, 0x48, 0x67, 0xB6, 0x91,
    0xAC, 0x3F, 0x8D, 0xBA, 0xE8, 0xE1, 0x6B, 0x71, 0x6B, 0x29, 0x69, 0xAD, 0x24, 0x8D, 0x95, 0x2C,
    0xE8, 0xE4, 0x55, 0xD4, 0x9A, 0x8B, 0xDB, 0x68, 0x2D, 0x7D, 0xFF, 0xF5, 0x66, 0x63, 0x7C, 0x0A,
    0x4A, 0xC8, 0x56, 0x7B, 0xD8, 0x39, 0x6E, 0xF1, 0x42, 0x56, 0x3D, 0xE1, 0x0F, 0x71, 0x5F, 0x2B,
    0x6A, 0x6F, 0x96, 0xF2, 0xD6, 0x2E, 0x79, 0x67, 0xCC, 0xCE, 0xCA, 0x1E, 0xBB, 0x4B, 0xFB, 0xEC,
    0xCE, 0x1C, 0x32, 0x1E, 0x69, 0xD9, 0x2B, 0xCA, 0x86, 0xFD, 0x3C, 0xD4, 0x1C, 0xA6, 0xFF, 0x10,
    0x68, 0x92, 0xFF, 0x1A, 0x34, 0xFE, 0x49, 0x45, 0xED, 0xA7, 0xA5, 0x28, 0x38, 0x2E, 0xC5, 0xC1,
    0x9C, 0x74, 0x50, 0x07, 0x6B, 0xD7, 0x00, 0x2C, 0xE0, 0x06, 0xE4, 0x10, 0x97, 0x80, 0x8B, 0x7D,
    0xCD, 0xE8, 0xD6, 0x8A, 0x95, 0x99, 0xA4, 0x55, 0xC8, 0xC2, 0xD0, 0x8D, 0x6A, 0x23, 0x23, 0xF2,
    0x30, 0x27, 0xAF, 0xDE, 0x1C, 0xE4, 0x21, 0x45, 0xB9, 0x64, 0x64, 0xC9, 0x7C, 0x90, 0xFB, 0x16,
    0xAC, 0x4D, 0x0D, 0x2D, 0x93, 0xD5, 0xF2, 0xFA, 0x80, 0xA8, 0xEF, 0xF0, 0x1C, 0x00, 0x71, 0x8B,
    0x34, 0x20, 0x87, 0xEB, 0x9E, 0x65, 0x78, 0x51, 0xE1, 0x20, 0xE0, 0xC7, 0x0D, 0x49, 0xB9, 0xFF,
    0x8C, 0xC2, 0x5F, 0x40, 0x7C, 0xBA, 0x45, 0x7A, 0x67, 0xCD, 0x85, 0xB8, 0x79, 0x46, 0xB9, 0x0F,
    0x6E, 0x13, 0xB7, 0x2B, 0xE2, 0xA6, 0x83, 0x67, 0xD6, 0xEC, 0x3D, 0xD7, 0x5F, 0x71, 0x94, 0x7D,
    0xBA, 0x89, 0x7F, 0x50, 0x79, 0x97, 0x87, 0xE2, 0x1F, 0x95, 0xD9, 0x5B, 0xF5, 0x0D, 0xDF, 0x19,
    0xDB, 0x05, 0x92, 0x81, 0xE3, 0x5F, 0x07, 0x8E, 0x35, 0x2B, 0x6F, 0x4A, 0x5A, 0xBD, 0x2C, 0x24,
    0x5F, 0xDD, 0x70, 0xA4, 0x03, 0xC7, 0xD6, 0xC0, 0x31, 0x1E, 0x38, 0x0E, 0x37, 0x1C, 0x51, 0xD8,
    0x70, 0x24, 0xE5, 0xC8, 0x72, 0x7B, 0xE0, 0xD8, 0x1D, 0x38, 0xF6, 0xAD, 0xCD, 0xEA, 0x81, 0xA3,
    0x3A, 0xE3, 0xD8, 0x1E, 0x38, 0xC6, 0x8F, 0x39, 0x90, 0x34, 0xD0, 0xC2, 0x3D, 0xB8, 0x0A, 0x38,
    0xE8, 0xA3, 0xBE, 0x79, 0xA9, 0x73, 0x50, 0xA6, 0xC1, 0xAE, 0x6C, 0x90, 0xBC, 0x32, 0x1E, 0x64,
    0x4F, 0x5E, 0xDA, 0x57, 0x70, 0x68, 0x44, 0x6B, 0x46, 0x63, 0x4A, 0x6D, 0x21, 0x0A, 0x16, 0xE2,
    0x60, 0x29, 0xA9, 0x2C, 0xA5, 0xA5, 0xFB, 0x72, 0x46, 0x5F, 0x5F, 0x92, 0xF6, 0x8D, 0xF3, 0x2F,
    0x49, 0xCD, 0x60, 0xC6, 0x2B, 0xB0, 0xFF, 0x4C, 0xC3, 0xE7, 0x70, 0x5C, 0x11, 0xFF, 0x63, 0xE0,
    0xA2, 0x07, 0xCF, 0x26, 0x3C, 0xFE, 0x54, 0x45, 0xF6, 0xBD, 0x86, 0xEC, 0xED, 0x1A, 0x9E, 0xE9,
    0x45, 0xA7, 0x4F, 0x3A, 0xBE, 0x0B, 0xB7, 0x01, 0xF3, 0xD3, 0xA4, 0xAF, 0xF2, 0xC6, 0x43, 0x69,
    0xED, 0xAE, 0xA4, 0xD5, 0x88, 0xDB, 0x38, 0xD0, 0xA5, 0x58, 0x6F, 0x61, 0x31, 0xC6, 0xF4, 0x10,
    0xF3, 0x80, 0xA2, 0xF4, 0xA1, 0x3D, 0x7A, 0x0A, 0x0B, 0x44, 0x27, 0x28, 0xFA, 0x1A, 0xC7, 0xA7,
    0xE7, 0x76, 0xA0, 0x0F, 0x4A, 0xC5, 0x37, 0x5A, 0x23, 0x4B, 0x23, 0x53, 0x33, 0xB3, 0x41, 0x2D,
    0xCC, 0x2C, 0x2D, 0xAC, 0x86, 0x23, 0x6B, 0xF4, 0xA7, 0xE5, 0xCF, 0xDA, 0x25, 0x11, 0x0F, 0x9E,
    0x79, 0xD9, 0x31, 0xB5, 0x60, 0x61, 0xC2, 0x91, 0x85, 0x0B, 0x5D, 0xB4, 0x94, 0xB7, 0x07, 0xDF,
    0x12, 0xB5, 0x1D, 0xF1, 0x8F, 0x5B, 0x92, 0x1F, 0x0E, 0x52, 0xAF, 0x48, 0xC2, 0x31, 0x69, 0x28,
    0x6A, 0x59, 0x95, 0xB4, 0xF2, 0xC1, 0x3D, 0xFF, 0x2D, 0xAD, 0xE2, 0x9A, 0xD6, 0xA8, 0x48, 0x6A,
    0x37, 0xD2, 0xBE, 0x34, 0x85, 0x09, 0x2C, 0xA1, 0x43, 0xDA, 0xE0, 0xA0, 0x04, 0x58, 0xE0, 0x06,
    0x32, 0xC4, 0x25, 0x70, 0xE5, 0x6B, 0x3C, 0x3A, 0x96, 0xD4, 0x23, 0x79, 0x79, 0xC3, 0xC8, 0xCC,
    0x74, 0xC0, 0xB3, 0xB0, 0xB4, 0xB4, 0x1A, 0x8E, 0xA8, 0xB3, 0x8A, 0x3B, 0xCB, 0x8F, 0x75, 0xDE,
    0xBC, 0xF7, 0x28, 0x8C, 0x9A, 0xE3, 0x12, 0x3F, 0xFF, 0xD9, 0xE2, 0x69, 0x3D, 0x93, 0x96, 0xBC,
    0x63, 0x32, 0xE1, 0x9D, 0x8F, 0x3F, 0xBD, 0xE7, 0x73, 0x38, 0x7E, 0xBB, 0x8C, 0x7E, 0xD0, 0x8B,
    0x1C, 0x3D, 0xBD, 0xDF, 0xED, 0x17, 0xE9, 0x16, 0x74, 0x13, 0x78, 0x7A, 0xBF, 0xA8, 0xA4, 0xE8,
    0x18, 0xEF, 0xB2, 0x77, 0x95, 0xC9, 0x84, 0xBC, 0x7D, 0x7A, 0xDF, 0x2B, 0xD5, 0x95, 0x2A, 0x7A,
    0xF4, 0xD7, 0x1F, 0x74, 0x69, 0x28, 0xC2, 0x3A, 0x2F, 0xF3, 0x72, 0x39, 0x37, 0xB2, 0xDA, 0x18,
    0xC4, 0xED, 0xD2, 0x62, 0x73, 0xD2, 0xF1, 0x89, 0x95, 0xB5, 0xC1, 0x86, 0x55, 0xBC, 0x66, 0x99,
    0x2C, 0x54, 0xF3, 0xCF, 0xCF, 0x3F, 0x17, 0x8A, 0x2E, 0x3B, 0xF5, 0x18, 0xE3, 0x41, 0xF4, 0xC1,
    0x2A, 0x0D, 0xCB, 0xBC, 0x9C, 0x8C, 0xBC, 0x30, 0x3D, 0xF7, 0x1C, 0xB7, 0x62, 0xCD, 0x42, 0xB5,
    0x99, 0x90, 0x9D, 0x52, 0x8B, 0x3A, 0x16, 0x4C, 0x5C, 0xEE, 0x8C, 0x6A, 0x30, 0xA5, 0x20, 0x2B,
    0xC5, 0x15, 0x6C, 0xB0, 0x36, 0x50, 0x03, 0xD2, 0x72, 0x64, 0x35, 0xC0, 0x14, 0xA1, 0x3F, 0xB1,
    0xFE, 0xB0, 0x1B, 0x60, 0x4A, 0x27, 0xAE, 0x5D, 0xF4, 0xCB, 0x4C, 0x4F, 0x1B, 0x45, 0xEB, 0xDE,
    0x3D, 0xF5, 0xD5, 0xFF, 0xEF, 0xF4, 0xE1, 0x5E, 0xAF, 0xA6, 0xBA, 0x09, 0xBF, 0x44, 0x74, 0x21,
    0xAB, 0xE2, 0xE0, 0x01, 0x97, 0xCB, 0x3B, 0x21, 0x0B, 0x59, 0x95, 0x97, 0xB9, 0xE2, 0xF1, 0x5D,
    0x9C, 0x98, 0x98, 0xED, 0x8F, 0x6A, 0x60, 0xC4, 0x82, 0x46, 0x5C, 0xC2, 0xE5, 0xD2, 0x9D, 0x20,
    0xDB, 0x8C, 0x4A, 0x5E, 0xCA, 0x29, 0xCE, 0x3D, 0x47, 0x4F, 0x86, 0xB1, 0x99, 0xEB, 0x6C, 0xB2,
    0x68, 0x2D, 0x39, 0x91, 0xE7, 0xAE, 0x27, 0x70, 0xE1, 0xA6, 0x97, 0x5A, 0xF1, 0x66, 0x34, 0x92,
    0x5A, 0x12, 0xA4, 0x83, 0x9B, 0xFC, 0xCC, 0x6D, 0x18, 0x7F, 0x2C, 0xEB, 0xE0, 0x13, 0x2F, 0x2E,
    0x67, 0x47, 0x53, 0x7E, 0x11, 0x4A, 0x77, 0x63, 0xEE, 0x7C, 0x91, 0xB4, 0xE5, 0x46, 0xCB, 0x3B,
    0x0B, 0x4C, 0xB9, 0xF2, 0x97, 0xE2, 0x0F, 0x7A, 0x59, 0x98, 0x3F, 0x9E, 0x59, 0x58, 0x28, 0x2C,
    0x8D, 0xAC, 0x8D, 0xAC, 0x4C, 0xAD, 0x2C, 0x2C, 0x75, 0x66, 0x69, 0x23, 0xEB, 0x4B, 0xE0, 0x39,
    0x1C, 0xBC, 0x55, 0xF9, 0x7E, 0x2F, 0x2A, 0x8F, 0x30, 0x50, 0x7C, 0xD3, 0xC1, 0xDF, 0x9D, 0xCA,
    0xFE, 0x65, 0x24, 0x6B, 0x0B, 0x79, 0xD8, 0x54, 0x75, 0x43, 0x61, 0x6A, 0x34, 0xD0, 0x58, 0x98,
    0x5A, 0x9A, 0x38, 0xB2, 0xB0, 0xDA, 0xE8, 0xC3, 0x07, 0x2B, 0xF3, 0x0A, 0xC0, 0x0C, 0x39, 0xD2,
    0x92, 0xA8, 0x3A, 0x5B, 0xC0, 0x36, 0x2B, 0x58, 0x1A, 0x66, 0xF2, 0x72, 0xE0, 0x1B, 0xDC, 0x8A,
    0x72, 0xA9, 0x78, 0xCC, 0x37, 0x7F, 0xCC, 0xB8, 0x7C, 0xCC, 0x58, 0xCB, 0x4E, 0xF9, 0xF0, 0xEF,
    0xB9, 0x9A, 0xC4, 0xAF, 0xC6, 0x33, 0x6D, 0xC9, 0x5B, 0x26, 0x63, 0xEA, 0x8F, 0x3F, 0xB5, 0xE7,
    0x59, 0x2F, 0xA3, 0xB3, 0x5E, 0x3E, 0xA5, 0xDF, 0xB0, 0xF6, 0xAD, 0xA6, 0x74, 0x13, 0x78, 0x7A,
    0x3F, 0x4C, 0xB8, 0xCF, 0x75, 0xC0, 0xD9, 0xDF, 0xFA, 0xC1, 0xA5, 0xB3, 0x75, 0x0D, 0x5E, 0x76,
    0xF1, 0x9B, 0xB5, 0x37, 0x8F, 0xAB, 0xA8, 0xCD, 0xAB, 0xA4, 0x2E, 0x42, 0x5E, 0xFD, 0x41, 0xC8,
    0xCB, 0xEF, 0xD7, 0xA3, 0xE4, 0xCB, 0x61, 0x9E, 0x65, 0x61, 0x76, 0x35, 0x0F, 0xB3, 0xFD, 0xBC,
    0x9C, 0xD7, 0x23, 0xA3, 0x6A, 0x2A, 0xFF, 0x52, 0xE7, 0x5A, 0x5F, 0xD9, 0x07, 0x80, 0xFB, 0x1F,
    0xDE, 0xF1, 0x2E, 0x97, 0x17, 0xCA, 0x83, 0x8D, 0x5B, 0xB6, 0x71, 0xCB, 0xAA, 0x5C, 0x5E, 0x16,
    0x72, 0x23, 0x85, 0x99, 0x91, 0xE9, 0xE3, 0xD5, 0xB5, 0x36, 0x89, 0xD7, 0x16, 0xCF, 0x1F, 0x99,
    0xFD, 0xFE, 0xC3, 0x07, 0xA3, 0xE6, 0xDC, 0xEA, 0x32, 0xC7, 0xF2, 0xFC, 0x8E, 0xF7, 0xF4, 0x9E,
    0x49, 0x4B, 0xB6, 0xE2, 0x95, 0x5D, 0x6E, 0x7F, 0xEC, 0xE9, 0x3D, 0x3F, 0xFC, 0x69, 0xFA, 0xE9,
    0x19, 0x91, 0x97, 0x98, 0xC2, 0x77, 0x10, 0x85, 0x27, 0xD6, 0x71, 0x69, 0x14, 0xF2, 0x5A, 0x52,
    0xA7, 0x1B, 0x69, 0xE2, 0x5A, 0xDC, 0x26, 0x81, 0x6E, 0x90, 0x55, 0x5A, 0xB2, 0xCC, 0xB0, 0xD8,
    0xC2, 0x74, 0x17, 0xB3, 0x3D, 0x14, 0x0D, 0xF2, 0x70, 0x66, 0xBC, 0x0D, 0x13, 0xE8, 0x90, 0xD6,
    0x5C, 0x3E, 0x2E, 0x19, 0x75, 0x88, 0x7B, 0xCC, 0xCE, 0x7F, 0xEE, 0x1F, 0xEA, 0x0A, 0x47, 0x7D,
    0xF0, 0xDF, 0x9F, 0x69, 0x3C, 0x8A, 0xDB, 0x68, 0x15, 0xB7, 0xF1, 0x70, 0xFC, 0x9F, 0xFF, 0x87,
    0x64, 0x61, 0xB8, 0xE2, 0xBC, 0xBA, 0x21, 0xAF, 0x96, 0xF2, 0xBE, 0x56, 0xE0, 0xC6, 0x39, 0xAB,
    0x37, 0x71, 0x50, 0x9F, 0xB5, 0xCD, 0xB4, 0xF0, 0xA4, 0x71, 0xCF, 0xEE, 0x02, 0xFF, 0x07, 0xBD,
    0xDA, 0x01, 0xC4, 0x25, 0xE9, 0x9E, 0xDF, 0xF1, 0x4F, 0xD5, 0xD3, 0x3D, 0x75, 0xEF, 0xD4, 0x76,
    0xD7, 0x60, 0x46, 0x36, 0x33, 0x33, 0x5D, 0x17, 0xC1, 0x88, 0x9E, 0xAE, 0x8B, 0x8E, 0xBC, 0x38,
    0xE7, 0x9C, 0xDA, 0x5D, 0x11, 0x04, 0xE9, 0x70, 0xDB, 0x5D, 0x42, 0x6E, 0x10, 0x44, 0xE0, 0x36,
    0x69, 0x34, 0x4E, 0xCF, 0x5B, 0x04, 0x8B, 0xC5, 0xCE, 0x86, 0x1B, 0x10, 0xD2, 0x62, 0x70, 0x33,
    0x41, 0x1A, 0xB3, 0x74, 0xE4, 0xF4, 0xBC, 0xCF, 0x64, 0xC4, 0x25, 0x9B, 0x24, 0xB5, 0x7B, 0xAD,
    0x60, 0x13, 0xCA, 0x66, 0xC7, 0x66, 0x57, 0x62, 0x2B, 0x77, 0x6B, 0xA9, 0x99, 0x9C, 0x7E, 0x2B,
    0xA7, 0xC6, 0x7B, 0x6C, 0xF7, 0x68, 0x33, 0xB7, 0xA7, 0xBB, 0xFB, 0x7D, 0x4F, 0xFD, 0x0E, 0xC7,
    0xEB, 0xA9, 0xEF, 0xEF, 0xFF, 0x7F, 0x9E, 0xA7, 0xFE, 0xCF, 0xFF, 0x3D, 0xBC, 0xFC, 0x41, 0x43,
    0x31, 0x45, 0x80, 0x01, 0xC9, 0x2C, 0x61, 0x44, 0xBE, 0xC5, 0x5B, 0x1B, 0x2C, 0x66, 0xB9, 0xB1,
    0x40, 0xB7, 0x24, 0x8D, 0x2B, 0x42, 0xBD, 0xA2, 0xB0, 0xA6, 0x9C, 0x26, 0x8E, 0x94, 0xDC, 0x55,
    0xD4, 0xBA, 0xBD, 0xA4, 0x51, 0xD1, 0xE4, 0xAD, 0x32, 0x1E, 0xEF, 0x92, 0x69, 0xF0, 0x8F, 0xFE,
    0x15, 0x27, 0xA7, 0xC0, 0xEB, 0xBF, 0xC9, 0x67, 0x27, 0x42, 0x5B, 0x29, 0xEA, 0x2B, 0x2A, 0x2B,
    0x4B, 0x4B, 0x1B, 0x1B, 0x5B, 0x5B, 0xE3, 0xFC, 0x9B, 0x0C, 0xC6, 0x74, 0xB0, 0xFD, 0xF6, 0xE0,
    0xDD, 0x5B, 0x9F, 0xC5, 0xAA, 0x3B, 0xA9, 0x81, 0xF3, 0x6A, 0xF2, 0x34, 0x12, 0xA6, 0x9A, 0xE4,
    0xDF, 0x7A, 0xDE, 0xE8, 0xAF, 0x9C, 0xE7, 0xE6, 0x5B, 0xAC, 0x47, 0xF2, 0xF6, 0xE9, 0x2D, 0x3C,
    0x3F, 0x52, 0xF2, 0x1A, 0x0B, 0xF8, 0x10, 0x06, 0xF8, 0xA8, 0x41, 0x15, 0xBF, 0x39, 0xF3, 0x1D,
    0xB2, 0x86, 0xC2, 0xD9, 0xF5, 0xBF, 0xCE, 0xC0, 0xC1, 0x96, 0xA4, 0x27, 0x34, 0x7C, 0x1B, 0x48,
    0xA7, 0x4E, 0xF5, 0x4F, 0x77, 0x76, 0xB6, 0xA1, 0xB7, 0xC9, 0xA3, 0xEF, 0x14, 0x0D, 0x15, 0xD6,
    0xB8, 0x8D, 0xFB, 0xD8, 0x3E, 0x74, 0x6D, 0xB0, 0x42, 0x55, 0x87, 0xBA, 0xF8, 0xF4, 0x87, 0x92,
    0x69, 0x04, 0xC0, 0x0A, 0xF7, 0x48, 0x3A, 0x42, 0x0D, 0xBC, 0xFE, 0x9E, 0xE4, 0xF3, 0x51, 0x16,
    0xB7, 0x8A, 0x7A, 0xA1, 0xF2, 0x8A, 0x25, 0xB6, 0xD8, 0x61, 0xC4, 0x88, 0x1D, 0x36, 0x1A, 0xEB,
    0xEF, 0x47, 0xF9, 0x29, 0x00, 0x14, 0x91, 0x75, 0xCB, 0xD0, 0x4B, 0x9B, 0xBF, 0xF2, 0x3C, 0xB8,
    0x43, 0xAF, 0x18, 0xBD, 0x73, 0xD9, 0xDF, 0xFF, 0x36, 0x33, 0xF1, 0x1E, 0x78, 0xCF, 0xBB, 0xC7,
    0xDD, 0xD3, 0x2E, 0xD9, 0xB2, 0x63, 0x64, 0x64, 0x67, 0xC6, 0xDC, 0x53, 0x3E, 0x0C, 0x99, 0x45,
    0x8A, 0x48, 0xDE, 0xC0, 0xF3, 0x40, 0x4C, 0xDB, 0x99, 0x32, 0xB4, 0xF8, 0x66, 0x88, 0x2E, 0x64,
    0x0D, 0xF9, 0x15, 0x84, 0x11, 0x69, 0xFF, 0x10, 0xE8, 0x4C, 0x6A, 0x46, 0x35, 0xB3, 0x9A, 0x61,
    0xCD, 0xB4, 0x2A, 0x58, 0x3B, 0x03, 0x76, 0x1F, 0xB6, 0x8F, 0xCA, 0x06, 0x56, 0xCE, 0xB8, 0xCD,
    0xE0, 0x8F, 0x90, 0x23, 0x4F, 0x5A, 0xE1, 0xBF, 0xD6, 0xD2, 0x07, 0x18, 0x9F, 0xD1, 0xB4, 0x70,
    0x31, 0x8D, 0x84, 0xDF, 0x40, 0x78, 0x80, 0x64, 0x00, 0x9C, 0x4C, 0x7F, 0x48, 0xF9, 0x7B, 0x27,
    0x14, 0x4D, 0x11, 0x15, 0x75, 0xE8, 0x94, 0xB3, 0xDF, 0x4A, 0xF2, 0x85, 0x0C, 0x56, 0xB3, 0x2C,
    0x67, 0xD9, 0x48, 0x7B, 0xB3, 0x6D, 0xA3, 0xD0, 0x19, 0xE5, 0xD1, 0xA0, 0x68, 0x92, 0xDE, 0x5A,
    0xDA, 0x27, 0x3B, 0xD9, 0x9F, 0xFF, 0xA0, 0x73, 0x3C, 0x9D, 0xC2, 0xFA, 0xA7, 0x2D, 0xF9, 0x27,
    0x0D, 0xD9, 0x6F, 0x23, 0xFF, 0x4F, 0xC8, 0x1B, 0x5E, 0xFF, 0x17, 0xF5, 0xBC, 0x60, 0xCD, 0x2B,
    0xD6, 0xBC, 0x64, 0xA9, 0xAC, 0x58, 0x5A, 0xB2, 0xB1, 0x61, 0x6B, 0xCB, 0x68, 0x34, 0x2F, 0x5C,
    0xF3, 0xCA, 0x35, 0x2F, 0x5D, 0xE6, 0xB5, 0x6B, 0x5E, 0xBC, 0x4F, 0x46, 0x9F, 0x4F, 0xA7, 0xC9,
    0x90, 0xDC, 0xFF, 0xDE, 0x13, 0xD1, 0xCF, 0xF0, 0x91, 0x2C, 0x2A, 0xA6, 0x1D, 0x45, 0x33, 0xB3,
    0x3A, 0xFE, 0x53, 0x69, 0xB7, 0x96, 0x37, 0x57, 0x94, 0x56, 0x56, 0x3F, 0xF7, 0xE6, 0xF8, 0xC1,
    0x8F, 0x49, 0xA6, 0x9D, 0x03, 0xF8, 0xD4, 0xEC, 0xC1, 0x7F, 0xD0, 0x28, 0x9A, 0x50, 0xCF, 0xE0,
    0x66, 0x70, 0x2A, 0xCE, 0x64, 0x05, 0xEB, 0xA9, 0xE5, 0xF6, 0xF5, 0x9A, 0x2D, 0x8C, 0x07, 0x31,
    0x38, 0x27, 0xE9, 0x5D, 0x9E, 0xCD, 0x1E, 0xED, 0xC1, 0xAF, 0x0F, 0x8E, 0xA7, 0xA9, 0x37, 0x3F,
    0x90, 0xA6, 0x07, 0xF0, 0x7A, 0x93, 0x7C, 0x3E, 0x64, 0x71, 0x57, 0xD4, 0xDB, 0xCA, 0xB8, 0x4C,
    0xFB, 0x6D, 0x19, 0xA7, 0x07, 0x76, 0x8F, 0x9F, 0xF5, 0xCD, 0xB7, 0xD0, 0x1D, 0xE1, 0xA4, 0x47,
    0xD9, 0x3C, 0x77, 0xD0, 0x6B, 0xE7, 0xDC, 0x7D, 0xD3, 0x7A, 0x90, 0xBF, 0xF7, 0xE4, 0xB8, 0x20,
    0xAF, 0x51, 0x44, 0x14, 0x35, 0x78, 0xEE, 0xCC, 0x08, 0x51, 0xDE, 0xCA, 0x22, 0x9E, 0x18, 0xFB,
    0x39, 0x82, 0x5D, 0x82, 0x0F, 0x91, 0x74, 0x48, 0x67, 0x49, 0x3E, 0xAF, 0x71, 0x5C, 0x3F, 0x09,
    0xE4, 0x3D, 0xE9, 0x6C, 0xCE, 0xFC, 0xFA, 0x63, 0xC9, 0x03, 0x80, 0xB7, 0x0E, 0xFB, 0xA1, 0x6C,
    0x44, 0xE8, 0x5F, 0x44, 0xA8, 0x65, 0x49, 0x2B, 0xFC, 0x76, 0x2D, 0x39, 0xC5, 0x78, 0x08, 0xB8,
    0xBD, 0x19, 0x7B, 0x37, 0xF6, 0x76, 0x54, 0x46, 0x7B, 0x43, 0xF6, 0x8E, 0x4C, 0x0F, 0xD8, 0x7D,
    0xFD, 0x56, 0x58, 0x44, 0xAC, 0x5B, 0x0C, 0x3D, 0x87, 0xA7, 0x24, 0xE9, 0x34, 0x52, 0xFD, 0xE6,
    0xC4, 0xCE, 0xBA, 0x0E, 0xBD, 0x52, 0x1E, 0x9D, 0x53, 0x34, 0x8F, 0x58, 0xB9, 0x0D, 0x5B, 0xE7,
    0xAF, 0xDB, 0x2A, 0xA7, 0x7A, 0x6B, 0x5E, 0xEE, 0x33, 0xFE, 0x66, 0x96, 0x95, 0xD0, 0xA9, 0xEA,
    0xD0, 0x2A, 0xFE, 0xF0, 0x8D, 0x28, 0x99, 0x4E, 0x6B, 0x00, 0xF8, 0x88, 0x64, 0x22, 0xFB, 0xB5,
    0xC6, 0x85, 0x24, 0xE2, 0x2F, 0x4B, 0x7E, 0x7C, 0xAC, 0xF8, 0x37, 0xFF, 0xD1, 0x22, 0x8B, 0x86,
    0x10, 0xF5, 0x59, 0x4C, 0xFA, 0xBC, 0x49, 0xFA, 0xA2, 0x36, 0x5C, 0xE1, 0x78, 0xE0, 0xB7, 0x48,
    0x23, 0xE1, 0x53, 0x66, 0xCA, 0x97, 0xFE, 0x74, 0xF2, 0x8E, 0xB2, 0xFE, 0x50, 0x51, 0xF7, 0x0A,
    0x83, 0x4B, 0xDE, 0xFD, 0x1B, 0xF7, 0xE4, 0xD3, 0x7B, 0xA8, 0x5F, 0x25, 0x69, 0x6F, 0x62, 0xEA,
    0x50, 0xD5, 0x2F, 0xC6, 0xDF, 0x79, 0xD7, 0x7C, 0x91, 0xB0, 0xA9, 0xE1, 0xBE, 0xE7, 0xE3, 0x0D,
    0x64, 0x0D, 0x8A, 0x88, 0xBC, 0x01, 0x2F, 0x30, 0x81, 0x4B, 0xAC, 0xB0, 0x84, 0xE7, 0x65, 0xF2,
    0xF9, 0x7B, 0x79, 0x15, 0x16, 0x70, 0x13, 0xEE, 0x40, 0x0D, 0x20, 0xE0, 0x22, 0xDE, 0xC1, 0xE2,
    0x39, 0x9A, 0xC4, 0x1A, 0x4C, 0x35, 0xC2, 0x27, 0x11, 0x2F, 0x8B, 0x00, 0x27, 0x0F, 0xC2, 0xD4,
    0x2B, 0x3B, 0x27, 0xB5, 0xA2, 0xB1, 0xA4, 0xA8, 0x6D, 0x28, 0xD9, 0x52, 0x31, 0x9A, 0x75, 0x60,
    0x25, 0xE9, 0x59, 0x4F, 0x53, 0x3F, 0xEF, 0x32, 0xDF, 0xEF, 0xD9, 0x0A, 0x1D, 0xA3, 0xD0, 0xCE,
    0x9A, 0x45, 0x06, 0x79, 0x94, 0xF4, 0x8A, 0x28, 0xDD, 0x6B, 0x23, 0xEB, 0x55, 0x8D, 0xE3, 0x29,
    0x4C, 0x23, 0x60, 0x47, 0x38, 0x25, 0xFF, 0x5B, 0xFC, 0x62, 0x5A, 0x43, 0x39, 0x90, 0xF6, 0x24,
    0x3D, 0x69, 0x47, 0x68, 0xE7, 0xEB, 0x7D, 0xD9, 0x4F, 0x4E, 0x65, 0xFF, 0xBD, 0x92, 0xDF, 0x2D,
    0x15, 0xB1, 0x54, 0xCC, 0xF5, 0x80, 0xA5, 0xCA, 0xC2, 0xCA, 0xC6, 0xD2, 0xD6, 0xC2, 0x3D, 0x1B,
    0xA3, 0x7B, 0xEE, 0xBF, 0x37, 0x5A, 0x37, 0x5F, 0xE5, 0x29, 0x3D, 0xF9, 0x93, 0x0F, 0x4E, 0x9B,
    0xE4, 0xE4, 0x83, 0xBD, 0x3E, 0x2B, 0x4F, 0x0F, 0xB3, 0xAF, 0xA7, 0x5E, 0x38, 0xE3, 0xCF, 0xFE,
    0xFD, 0x4E, 0xF6, 0x5F, 0x4E, 0xE4, 0x1F, 0x56, 0x8A, 0xB6, 0x52, 0xC4, 0x03, 0xFB, 0xF2, 0xAB,
    0xD9, 0xCF, 0x63, 0xFD, 0x71, 0xF4, 0x47, 0x53, 0xAD, 0xB9, 0xED, 0xCC, 0x8F, 0xD9, 0xCD, 0xA1,
    0x3C, 0x52, 0xA2, 0x42, 0xF5, 0xD0, 0x3A, 0xD9, 0x7C, 0xA9, 0x54, 0x1D, 0xCE, 0xE2, 0xD9, 0x9B,
    0x79, 0x1D, 0x4F, 0x24, 0x94, 0xDD, 0x9D, 0xBF, 0x36, 0xC5, 0x6B, 0x57, 0xE0, 0xFC, 0x35, 0x6F,
    0xF4, 0xD2, 0x5E, 0xDA, 0xCD, 0xC8, 0x21, 0xCA, 0xA2, 0x3C, 0x2A, 0x1A, 0x45, 0xAD, 0x60, 0x7E,
    0xFD, 0x73, 0xF9, 0x00, 0xFE, 0xEA, 0x07, 0x1C, 0x9F, 0x3E, 0x43, 0x9E, 0x79, 0xC8, 0x79, 0xC0,
    0xD7, 0xEA, 0x1F, 0xC6, 0x3C, 0xE6, 0x4D, 0x51, 0x17, 0xCA, 0xB3, 0x83, 0xE5, 0x62, 0xCE, 0xF0,
    0x8D, 0xAA, 0xC5, 0x77, 0x52, 0x8E, 0x2E, 0x52, 0xED, 0xC8, 0xBA, 0x67, 0x78, 0xFF, 0x79, 0xE8,
    0xAB, 0x17, 0xAB, 0x5D, 0xDE, 0x7D, 0x1D, 0xC3, 0x7C, 0xBF, 0xB2, 0x3B, 0x8B, 0x4B, 0x49, 0x45,
    0xC5, 0x8A, 0x25, 0x9B, 0x87, 0x0E, 0x3A, 0x83, 0x64, 0x8E, 0xA7, 0xAC, 0x9F, 0x87, 0x4F, 0x3A,
    0x79, 0xAD, 0xA4, 0xA4, 0x78, 0x5F, 0x36, 0xC0, 0xC6, 0xCE, 0x3D, 0xE6, 0xE0, 0xBF, 0xD1, 0xA7,
    0x7D, 0xDA, 0x85, 0x36, 0xC4, 0x2C, 0xE6, 0xB1, 0x98, 0xEF, 0xAD, 0xD8, 0x07, 0x3C, 0x1F, 0xF2,
    0x7A, 0x63, 0x30, 0x38, 0x6D, 0xAA, 0x06, 0x92, 0x4E, 0x98, 0xB3, 0x04, 0xDF, 0x94, 0xE6, 0x6B,
    0x1D, 0x56, 0x53, 0xAD, 0xEC, 0xB2, 0xCF, 0x28, 0x9A, 0xD0, 0x53, 0xD4, 0xA1, 0xA5, 0x34, 0x6B,
    0x25, 0x8B, 0xB3, 0xE6, 0x91, 0x95, 0xA2, 0x61, 0xA9, 0xA8, 0xD9, 0x28, 0xB1, 0x55, 0x61, 0x67,
    0xD6, 0xD1, 0x0A, 0x83, 0x25, 0x49, 0x6F, 0x63, 0x06, 0xD8, 0x9A, 0x19, 0x46, 0x33, 0xC6, 0x00,
    0x66, 0x95, 0xF4, 0x10, 0x3A, 0xC8, 0x22, 0x94, 0x35, 0xB2, 0x11, 0x90, 0xF4, 0x69, 0x1B, 0xFA,
    0xD0, 0xCD, 0x31, 0x02, 0xE6, 0x3C, 0x5D, 0xDF, 0xFB, 0x38, 0x69, 0xF2, 0x58, 0xD4, 0x5F, 0x78,
    0xA9, 0x4B, 0x85, 0x4A, 0xE9, 0xCA, 0xD9, 0xCA, 0x5A, 0x58, 0xDA, 0x58, 0xD8, 0x5A, 0xCC, 0x30,
    0x37, 0x06, 0x55, 0xFB, 0xA5, 0xAD, 0x25, 0x8B, 0x94, 0x84, 0x11, 0xA0, 0x88, 0x54, 0x1D, 0x1F,
    0xDE, 0x95, 0x9C, 0x15, 0x2A, 0x61, 0x1A, 0x38, 0xAE, 0xBF, 0x3C, 0x9D, 0x1E, 0x99, 0x4A, 0x87,
    0xE9, 0x14, 0x1E, 0x1A, 0x37, 0x8F, 0x14, 0x91, 0x2F, 0xCF, 0xCC, 0x25, 0xB6, 0xA4, 0x3D, 0x27,
    0x0D, 0x20, 0xD9, 0x11, 0x76, 0x14, 0x17, 0x79, 0x3B, 0x70, 0xB6, 0x26, 0xE5, 0x3D, 0xE9, 0x43,
    0xBC, 0x21, 0x72, 0x18, 0x3B, 0x3F, 0x1B, 0xB7, 0x40, 0xF9, 0x98, 0x19, 0x7F, 0x0F, 0x03, 0x59,
    0x67, 0xA6, 0x9F, 0xF3, 0x9A, 0x9F, 0x2A, 0xBB, 0x30, 0xCE, 0x59, 0x8D, 0xE6, 0xEC, 0x2B, 0x2D,
    0xA8, 0x74, 0x54, 0x59, 0xC3, 0xEA, 0x12, 0x96, 0xEF, 0xE2, 0xDD, 0x09, 0x27, 0x65, 0xC3, 0xAE,
    0x88, 0x8C, 0x59, 0xCB, 0x10, 0xFA, 0x39, 0x13, 0xF3, 0x4C, 0x4A, 0x46, 0x59, 0xEF, 0x81, 0xE3,
    0x49, 0xD5, 0x00, 0x49, 0x8D, 0x10, 0x91, 0xC3, 0x05, 0x38, 0x87, 0xC7, 0xEF, 0xE8, 0xAF, 0x5D,
    0xCB, 0xE2, 0x71, 0x97, 0xC5, 0x95, 0xBC, 0xF9, 0x50, 0xF1, 0xCB, 0x51, 0x91, 0x53, 0xAE, 0xA8,
    0x26, 0xD6, 0x7F, 0xBB, 0xB1, 0xCC, 0xA3, 0x45, 0x68, 0x6D, 0xD2, 0xDE, 0x3D, 0xA3, 0xD1, 0x31,
    0x70, 0x8D, 0xB4, 0x25, 0x34, 0xE4, 0x38, 0xC7, 0x3C, 0x17, 0xAE, 0x1D, 0xEF, 0xC7, 0xCB, 0x1F,
    0x3F, 0x9E, 0xEA, 0xAB, 0xC6, 0x03, 0x79, 0xA4, 0xC4, 0x02, 0x77, 0x9E, 0x7C, 0x67, 0x19, 0x31,
    0x3A, 0x67, 0xF0, 0x66, 0xD2, 0x3B, 0x4A, 0x7B, 0x37, 0xF7, 0xA5, 0x75, 0x7F, 0xA8, 0xAC, 0x43,
    0x27, 0x6F, 0x5C, 0xE2, 0x2A, 0x94, 0x83, 0x74, 0x8E, 0xA4, 0xB4, 0x13, 0x3A, 0xE1, 0x70, 0x00,
    0xC8, 0x0F, 0x9B, 0x6D, 0x49, 0xC5, 0x15, 0x96, 0x2C, 0x59, 0xB0, 0xBA, 0xA1, 0x6A, 0x9F, 0x35,
    0x95, 0xF3, 0x28, 0xF0, 0x26, 0xAE, 0xE2, 0x15, 0x92, 0xA9, 0x56, 0x51, 0x72, 0xE5, 0xA1, 0x8D,
    0x64, 0xC3, 0x3D, 0x06, 0x7A, 0xC9, 0x43, 0x8F, 0x89, 0xF9, 0x15, 0x85, 0x3F, 0x92, 0x3E, 0x80,
    0xF3, 0x14, 0xBC, 0xC9, 0x55, 0x5E, 0x31, 0xA3, 0x5E, 0x52, 0x76, 0x0B, 0x45, 0x73, 0x55, 0x51,
    0xDF, 0xF9, 0xA6, 0xA8, 0xE5, 0xF0, 0x61, 0xDA, 0xF7, 0xC9, 0xFF, 0x8D, 0xE9, 0xFF, 0xAC, 0x9F,
    0x71, 0xB8, 0x6E, 0x59, 0xDA, 0xD9, 0xB8, 0xF7, 0x75, 0x0C, 0x5F, 0x95, 0xB2, 0x5F, 0x89, 0x45,
    0xD6, 0x96, 0x21, 0x3E, 0x39, 0xC3, 0xCB, 0xAC, 0x36, 0xAC, 0x5B, 0xEE, 0x93, 0xED, 0xB8, 0xF0,
    0x15, 0x0C, 0xD9, 0x03, 0xB6, 0x87, 0x5C, 0x1C, 0x36, 0xF5, 0x19, 0xE9, 0x0F, 0x84, 0xD3, 0x99,
    0xAA, 0x8A, 0xFE, 0x75, 0x3C, 0x84, 0xA5, 0x7E, 0xF4, 0x91, 0x0D, 0x30, 0x33, 0x70, 0x05, 0xDC,
    0x02, 0x2D, 0x80, 0x93, 0x98, 0x4E, 0xAD, 0xB2, 0xF5, 0x6E, 0xAD, 0xE8, 0x5D, 0xA6, 0x18, 0x1C,
    0xF1, 0xD6, 0xE8, 0x2A, 0x97, 0xB7, 0x6E, 0xEC, 0x75, 0xE5, 0x2E, 0x47, 0x95, 0x9E, 0xAB, 0x65,
    0xDD, 0x71, 0xA3, 0x88, 0x2D, 0x77, 0xB3, 0xDF, 0x89, 0x74, 0xE1, 0x67, 0xB3, 0xA6, 0x7F, 0xD6,
    0xD0, 0xFA, 0x7F, 0xB5, 0x24, 0x3A, 0xA9, 0xA5, 0xD1, 0x9A, 0x6C, 0x56, 0xC7, 0x3B, 0x97, 0x00,
    0xCA, 0x9A, 0x25, 0x7A, 0x92, 0x06, 0xBC, 0x56, 0xBF, 0xEF, 0xF8, 0x27, 0xA7, 0xF2, 0xB9, 0xD4,
    0xEB, 0x9F, 0xAC, 0xD4, 0x7B, 0xF1, 0xFC, 0x5C, 0x83, 0xA4, 0x83, 0x34, 0x42, 0x00, 0xC9, 0x53,
    0x7B, 0xB9, 0x46, 0xD2, 0x11, 0x22, 0x01, 0xE7, 0x01, 0x90, 0xC4, 0x9B, 0xF0, 0xB3, 0x16, 0x8E,
    0x1B, 0x58, 0x79, 0xF1, 0x39, 0x7C, 0xB8, 0x63, 0xD0, 0x1C, 0x3A, 0x06, 0x4F, 0xEB, 0x3B, 0x6B,
    0x50, 0xB4, 0xC8, 0x67, 0x49, 0xBF, 0x90, 0xFF, 0x70, 0xED, 0x75, 0x79, 0x3E, 0x4C, 0xF1, 0x28,
    0xF9, 0xB3, 0xBF, 0xD9, 0x4A, 0x3E, 0x0B, 0xAD, 0x74, 0x08, 0x51, 0xE8, 0xB3, 0xBD, 0xB4, 0xF9,
    0x5E, 0x62, 0xD1, 0xC8, 0x62, 0x51, 0xCB, 0x9B, 0x82, 0xA2, 0x2E, 0xCF, 0xA4, 0x54, 0xFE, 0xAA,
    0x4A, 0xD1, 0x7F, 0x83, 0xF0, 0x74, 0x4F, 0x1B, 0x9E, 0x0B, 0xE0, 0x4D, 0xB0, 0x00, 0x1F, 0xC2,
    0x4B, 0x1D, 0x9C, 0xD4, 0x5F, 0x11, 0xAA, 0xC7, 0x9E, 0x0E, 0x06, 0xF7, 0xF4, 0xC6, 0x43, 0xAD,
    0x71, 0xA8, 0x07, 0xF2, 0x86, 0x8A, 0x30, 0x22, 0xF9, 0xE0, 0x7D, 0xC2, 0x34, 0x00, 0x5E, 0x9A,
    0x5A, 0xAA, 0xEB, 0x23, 0xA3, 0x95, 0xC3, 0xA1, 0xB6, 0x68, 0x8A, 0x66, 0x2F, 0x15, 0x45, 0x5C,
    0x53, 0x34, 0xEF, 0xCE, 0x72, 0x9F, 0xB2, 0xDE, 0x52, 0xD9, 0xB2, 0x9E, 0xE5, 0xB6, 0x0D, 0x3B,
    0x4B, 0x69, 0xAF, 0x92, 0xB7, 0x8A, 0xF6, 0x98, 0x64, 0x1A, 0x70, 0x0E, 0x73, 0xEB, 0xD3, 0xC9,
    0x83, 0x2F, 0x75, 0xCC, 0x57, 0x8A, 0xBA, 0xB2, 0x32, 0x7B, 0x98, 0x07, 0x2C, 0xED, 0x54, 0x46,
    0x6B, 0xA3, 0xA5, 0xD1, 0xD6, 0xD6, 0x60, 0x95, 0xB5, 0xF2, 0x53, 0x80, 0xE6, 0x55, 0x3C, 0xDC,
    0x41, 0x79, 0x31, 0xFC, 0xDF, 0x49, 0xB8, 0x7A, 0x81, 0x6A, 0x47, 0xDE, 0x3D, 0x03, 0x1F, 0xA0,
    0xF8, 0xF5, 0xC8, 0x95, 0x02, 0xB7, 0x16, 0x68, 0xEF, 0xBC, 0x18, 0x33, 0x90, 0x7D, 0xD2, 0x29,
    0xF2, 0xC6, 0xE2, 0x12, 0x77, 0xAE, 0x3E, 0x1B, 0x43, 0x33, 0xF8, 0x34, 0xED, 0x54, 0x7F, 0xE7,
    0xA3, 0xEB, 0x5B, 0xA3, 0x8D, 0x45, 0xE8, 0x6D, 0xBD, 0x9D, 0x47, 0xA3, 0x57, 0x8B, 0xC6, 0xA1,
    0x2B, 0x60, 0x2D, 0xE9, 0x79, 0x57, 0x3A, 0x4D, 0xEE, 0x0B, 0x9F, 0x7E, 0xCF, 0x56, 0x68, 0xD9,
    0xCA, 0xE2, 0xAC, 0x79, 0x64, 0x33, 0x6B, 0xBD, 0x54, 0x34, 0x62, 0xA5, 0xA8, 0xD3, 0x58, 0xB4,
    0xD5, 0xF5, 0xBF, 0xDB, 0x24, 0xD3, 0xFE, 0xA7, 0x76, 0xFE, 0x8C, 0x39, 0x7D, 0x5F, 0x72, 0x3A,
    0x5E, 0xF9, 0x68, 0xE6, 0x1E, 0xAA, 0x99, 0xBC, 0x2B, 0x67, 0xF6, 0x58, 0xCD, 0xF4, 0xCD, 0x6D,
    0x5B, 0xE5, 0x2F, 0x0F, 0xB3, 0x83, 0xA9, 0x99, 0x3D, 0x70, 0x50, 0x27, 0xD8, 0x9A, 0xEA, 0x57,
    0xAD, 0xB2, 0xDF, 0xFF, 0xF4, 0xAE, 0xFC, 0x74, 0x5E, 0xF3, 0x00, 0xC0, 0x6D, 0x18, 0x10, 0x22,
    0x5E, 0x02, 0x38, 0x99, 0xEE, 0x50, 0xFE, 0xDE, 0x7D, 0x67, 0x19, 0xA9, 0x8B, 0xDA, 0xBC, 0x22,
    0xCD, 0x04, 0x2A, 0x25, 0x2B, 0x2B, 0x96, 0xC9, 0xC0, 0xF1, 0x54, 0xB3, 0x2D, 0xB1, 0x2B, 0x1A,
    0xC6, 0x22, 0x32, 0x64, 0x51, 0xD2, 0x87, 0x4E, 0xDA, 0x87, 0x5E, 0xD6, 0x27, 0xE3, 0xFC, 0x67,
    0xC7, 0x20, 0xED, 0x85, 0xA8, 0xE0, 0x6D, 0xB8, 0xFE, 0x4B, 0x77, 0x4E, 0x7E, 0x63, 0x2C, 0x7E,
    0xBC, 0xCD, 0xEF, 0xDE, 0x2C, 0xA2, 0xA2, 0x51, 0xD6, 0x87, 0xC3, 0x1B, 0x0B, 0x87, 0xE7, 0xFC,
    0xF3, 0xA6, 0x7A, 0xB8, 0x70, 0xCF, 0x1E, 0x29, 0xDC, 0xCF, 0x7F, 0xEF, 0x75, 0xF9, 0x38, 0x35,
    0x3E, 0xFF, 0xF5, 0xE8, 0xDF, 0x65, 0xB5, 0x1D, 0x46, 0x92, 0xB3, 0x82, 0x3E, 0x7C, 0xF9, 0x4C,
    0xD2, 0xCC, 0x80, 0xC0, 0x79, 0xBC, 0x83, 0x23, 0xDC, 0x40, 0x0D, 0xC0, 0x85, 0xD0, 0x90, 0xFF,
    0x3D, 0x84, 0x1D, 0xD2, 0xFE, 0x45, 0xC4, 0xDE, 0xD5, 0x9C, 0xB7, 0x36, 0x14, 0x3D, 0x79, 0x74,
    0x96, 0x01, 0xFB, 0x14, 0xD8, 0xE7, 0xC0, 0x3E, 0x09, 0x87, 0xB3, 0x9A, 0xB2, 0x7E, 0xB4, 0x44,
    0x5D, 0x3C, 0x74, 0x9E, 0x1A, 0x01, 0x84, 0x8E, 0xBC, 0xE1, 0x2D, 0x7C, 0x17, 0x78, 0x63, 0xAA,
    0xDD, 0xCF, 0xDB, 0x3D, 0xC3, 0x9E, 0x22, 0xE9, 0x42, 0x4B, 0xE8, 0x48, 0x07, 0x9C, 0xE2, 0xB8,
    0xA5, 0x18, 0x49, 0x1E, 0x60, 0x8D, 0xCA, 0x0D, 0x65, 0x3D, 0x28, 0x6D, 0xAD, 0xAC, 0x6D, 0xE5,
    0x53, 0x07, 0x80, 0xF5, 0x63, 0xFE, 0x5F, 0x5D, 0x4B, 0xE7, 0x6E, 0x7C, 0xB3, 0x91, 0xD7, 0x47,
    0x33, 0xAF, 0xBC, 0x23, 0x3C, 0xC0, 0x49, 0x24, 0xEF, 0x48, 0x7B, 0x57, 0x93, 0xDE, 0xAD, 0xA4,
    0xB3, 0x0C, 0x51, 0x79, 0x0A, 0x00, 0xC7, 0x98, 0x08, 0x9F, 0x34, 0x5E, 0x16, 0x9F, 0x07, 0x77,
    0xD6, 0x29, 0x7B, 0x9B, 0x5B, 0xDA, 0x37, 0x99, 0x89, 0xF7, 0xC0, 0x7B, 0xDE, 0x3D, 0x6E, 0xD1,
    0xC8, 0xBB, 0x99, 0x75, 0x46, 0xCD, 0xE7, 0x44, 0xED, 0x39, 0xF7, 0x98, 0x7B, 0xCA, 0x03, 0xE4,
    0x33, 0xC4, 0xB9, 0x89, 0xFB, 0x28, 0x51, 0x72, 0xFE, 0x36, 0xC5, 0xF0, 0x44, 0x40, 0xAD, 0x64,
    0x60, 0xC3, 0xC2, 0x6B, 0xA3, 0xAA, 0x05, 0xDC, 0x7D, 0x8B, 0xC5, 0x40, 0x35, 0x83, 0x34, 0xCF,
    0x25, 0xF5, 0x47, 0x39, 0x97, 0xCE, 0xA6, 0x6B, 0xD6, 0x3E, 0x75, 0xEA, 0x8B, 0x69, 0x9A, 0x94,
    0xDF, 0xFF, 0xF3, 0x1F, 0xBA, 0x1C, 0xBA, 0x8B, 0x8E, 0x42, 0x77, 0xC1, 0x77, 0x42, 0xFB, 0x2D,
    0xB2, 0x88, 0x3C, 0x3A, 0x73, 0x52, 0xD4, 0x28, 0xBF, 0x10, 0x8F, 0xF4, 0xBD, 0x97, 0xB0, 0x81,
    0xAD, 0x33, 0x1B, 0xD5, 0x14, 0xD1, 0xC2, 0x08, 0x8B, 0x83, 0x9C, 0xDF, 0xA2, 0xEC, 0xE0, 0x1C,
    0x6F, 0x73, 0x4B, 0xF2, 0x59, 0x5D, 0x4C, 0x31, 0xF9, 0xEA, 0xFE, 0xE2, 0x3F, 0x93, 0x3D, 0x10,
    0xEA, 0xD9, 0x70, 0xD2, 0xD3, 0xFB, 0x7E, 0xE7, 0xA4, 0x06, 0x68, 0x8F, 0xF0, 0x5B, 0x1D, 0xD6,
    0x11, 0x95, 0xE7, 0x6E, 0xCD, 0x2D, 0x7A, 0xAF, 0xB4, 0xFE, 0x65, 0x9D, 0x74, 0xB2, 0x4F, 0xAD,
    0xA7, 0xC7, 0x9C, 0x3B, 0x0F, 0x1B, 0xB6, 0x05, 0xAB, 0x5F, 0x55, 0x0E, 0x4F, 0x42, 0x75, 0xFE,
    0x07, 0x3F, 0xAA, 0x95, 0xD3, 0x54, 0xFF, 0xFC, 0x54, 0x8F, 0x0F, 0xA9, 0xBF, 0xF4, 0xA9, 0xEA,
    0x4F, 0x1E, 0x1F, 0x52, 0x70, 0x0D, 0x61, 0xF7, 0x26, 0x17, 0x8F, 0x07, 0xBE, 0x95, 0xB5, 0xC0,
    0xF1, 0x94, 0x4C, 0xDD, 0x1B, 0x83, 0xE3, 0x3A, 0x8B, 0x2E, 0xCB, 0x67, 0x29, 0x1A, 0x47, 0xB3,
    0xCC, 0xA7, 0x76, 0x37, 0x94, 0xDC, 0x55, 0xD1, 0x5B, 0xD1, 0x59, 0xD2, 0xDA, 0x48, 0xA2, 0x8D,
    0x34, 0xDA, 0x0A, 0x8D, 0xAD, 0xAC, 0x76, 0x5B, 0x41, 0xF5, 0xA3, 0x2D, 0xD9, 0xD4, 0x01, 0x9C,
    0xC3, 0xF1, 0xC7, 0xD1, 0x7F, 0x9B, 0xA8, 0xEF, 0x81, 0xD7, 0xEA, 0xF3, 0xF5, 0x71, 0x2C, 0x0E,
    0x8D, 0x3B, 0x7F, 0xD1, 0xB8, 0x5B, 0x3D, 0x54, 0xF4, 0xEE, 0x2C, 0xD2, 0x9D, 0xCD, 0xCB, 0xF7,
    0xAC, 0xFE, 0xE1, 0xFD, 0xF7, 0xAA, 0x6E, 0xDD, 0x80, 0x97, 0x3E, 0x78, 0x8F, 0x7C, 0x7A, 0x41,
    0xF4, 0x87, 0x46, 0xF7, 0xD3, 0x52, 0xA7, 0xAE, 0x11, 0x7E, 0xA9, 0x25, 0x4C, 0x0D, 0xEE, 0x7B,
    0x31, 0xFC, 0x8F, 0x36, 0xCC, 0x9F, 0xDE, 0x87, 0x57, 0x61, 0xAA, 0x49, 0x3F, 0x8E, 0xA4, 0xCD,
    0x2C, 0xBF, 0x1B, 0x71, 0x52, 0xBF, 0x18, 0x47, 0x49, 0x4D, 0x31, 0x70, 0xF9, 0x32, 0x47, 0xBF,
    0x30, 0xBF, 0x93, 0xF7, 0xCF, 0xC0, 0x19, 0xD8, 0xAC, 0xD0, 0xDF, 0x23, 0x7C, 0xDC, 0xF1, 0x72,
    0x78, 0x41, 0xA6, 0x20, 0xFC, 0x41, 0xAF, 0xF8, 0xB5, 0xE8, 0x9D, 0x82, 0xEF, 0xBE, 0xFD, 0xD4,
    0x86, 0x9E, 0x23, 0xF2, 0x12, 0x7A, 0xA4, 0x2D, 0xC2, 0x2C, 0xE9, 0xE7, 0x70, 0xF2, 0x54, 0xCC,
    0xB7, 0x48, 0x5B, 0xB2, 0x78, 0x76, 0xFD, 0x31, 0xC9, 0x03, 0x00, 0xAC, 0x81, 0xA9, 0x86, 0xF0,
    0xD3, 0x08, 0x2F, 0x7B, 0x0F, 0xC0, 0xC9, 0xCE, 0x3F, 0x30, 0xF5, 0x65, 0x6B, 0x54, 0xD5, 0x45,
    0x93, 0x8C, 0x2E, 0x2A, 0x9A, 0xB0, 0x9B, 0x9D, 0xC7, 0x6C, 0xE7, 0xAA, 0x3C, 0x5E, 0xDC, 0xBA,
    0x2B, 0x8F, 0xBF, 0xB0, 0xD1, 0xC9, 0xE3, 0xDB, 0x9B, 0x34, 0xCA, 0xE2, 0x77, 0x37, 0xA1, 0x91,
    0xC5, 0xBB, 0xCB, 0x9C, 0x2C, 0xB6, 0xCB, 0x8B, 0x84, 0xDF, 0x8D, 0xCB, 0xCB, 0xF3, 0x6D, 0xEA,
    0xE5, 0x11, 0xE1, 0xF7, 0xAD, 0xEE, 0x12, 0xFE, 0x8F, 0x55, 0x47, 0xD8, 0xA9, 0x22, 0x61, 0x50,
    0x35, 0xA4, 0xBD, 0x0A, 0x80, 0x74, 0x40, 0xBE, 0xC3, 0x95, 0x77, 0x70, 0xF3, 0x65, 0x67, 0x99,
    0xE4, 0xDB, 0x55, 0xCC, 0x63, 0x95, 0xC5, 0x22, 0x16, 0x21, 0x96, 0xB3, 0xFC, 0xF5, 0x78, 0x31,
    0xC4, 0x7F, 0x1C, 0xDF, 0x0C, 0xF1, 0xA7, 0xF1, 0xED, 0xF0, 0xF1, 0x27, 0xF1, 0xBB, 0xE1, 0x93,
    0x5F, 0x69, 0xBB, 0xF0, 0x93, 0xF0, 0x3B, 0x31, 0xFC, 0xE7, 0xF0, 0x53, 0xE1, 0x7F, 0x87, 0xFF,
    0x21, 0x0C, 0x61, 0x27, 0xF4, 0xA1, 0x07, 0x00, 0xEF, 0x22, 0x99, 0x98, 0xBF, 0xD9, 0xC0, 0x85,
    0x24, 0x02, 0xEB, 0xD3, 0x30, 0x35, 0x45, 0xE7, 0xBE, 0xAC, 0x75, 0x53, 0xE8, 0x75, 0xD2, 0x3E,
    0x8D, 0x0C, 0x19, 0x76, 0x17, 0xB0, 0x39, 0xC2, 0xF2, 0x2E, 0xD6, 0x11, 0x65, 0x8D, 0xEA, 0xF1,
    0x0F, 0x9F, 0x39, 0x03, 0x94, 0x53, 0xFB, 0x18, 0x83, 0x97, 0x1E, 0x32, 0x38, 0x3B, 0x4C, 0x6B,
    0x55, 0x2C, 0x5A, 0xA1, 0xCD, 0xF6, 0xD2, 0xA5, 0xAD, 0xB4, 0x0F, 0x91, 0x61, 0x96, 0x31, 0xAB,
    0xD9, 0xE6, 0xD8, 0x5C, 0xC0, 0x1C, 0x5B, 0xAB, 0xAB, 0x28, 0xBB, 0x47, 0xBE, 0x52, 0x74, 0x11,
    0x16, 0x30, 0x30, 0x7B, 0xF0, 0xDA, 0x49, 0x4D, 0x35, 0x40, 0x9A, 0x34, 0x14, 0xFF, 0xA4, 0x35,
    0xF7, 0x5C, 0xC1, 0x0B, 0x32, 0x9D, 0x0C, 0x08, 0x2D, 0x0A, 0xF8, 0xC5, 0x47, 0xBE, 0xF7, 0xF4,
    0xD9, 0xF5, 0xE3, 0x5A, 0xE7, 0x23, 0x49, 0x4C, 0x46, 0x49, 0x1D, 0xFA, 0x83, 0xA3, 0xAA, 0xC6,
    0x7D, 0x24, 0x23, 0x0E, 0x9F, 0xB3, 0xE6, 0xF0, 0xB9, 0x73, 0x42, 0xEF, 0x48, 0x11, 0x5D, 0xB5,
    0xBE, 0x7E, 0xBD, 0x77, 0x68, 0xCE, 0xA3, 0xC2, 0x02, 0x3D, 0x69, 0x03, 0x5C, 0xBF, 0x5E, 0x9B,
    0xA6, 0x26, 0x69, 0x2B, 0xA1, 0xDE, 0xCC, 0x64, 0x84, 0x8E, 0x22, 0x52, 0xE1, 0x36, 0x06, 0x42,
    0x97, 0xCD, 0x93, 0x5D, 0xF9, 0xA3, 0xDB, 0xD6, 0xD3, 0x0E, 0xE0, 0x12, 0xAC, 0xE1, 0x0A, 0x78,
    0x31, 0x3E, 0x0E, 0xFD, 0xAA, 0xF9, 0x9D, 0x67, 0xE1, 0xE3, 0x6A, 0x8E, 0xB7, 0x36, 0x28, 0x7A,
    0xE4, 0xF1, 0xC5, 0xF8, 0x68, 0x6F, 0xF1, 0xB3, 0x8E, 0xE3, 0x86, 0xF5, 0xB3, 0xF0, 0x91, 0x9F,
    0xE2, 0x4A, 0x81, 0x45, 0x81, 0x7B, 0x30, 0x1C, 0x24, 0xE9, 0x0F, 0x92, 0x76, 0x08, 0x2D, 0x42,
    0xF4, 0xF8, 0xBA, 0xB6, 0x80, 0x12, 0xAE, 0x3C, 0xA6, 0x82, 0xBC, 0x07, 0x3D, 0xB2, 0x0E, 0xC7,
    0x35, 0xFE, 0x3F, 0xD5, 0xD9, 0x01, 0xC4, 0x25, 0x69, 0xBA, 0x1F, 0xF0, 0x5F, 0x55, 0x75, 0x77,
    0x65, 0xA7, 0xEE, 0x7C, 0x95, 0x90, 0x61, 0xB6, 0xA7, 0xBB, 0xEB, 0xE2, 0xA2, 0x13, 0xDF, 0x76,
    0x5D, 0xB4, 0xF8, 0xC2, 0x77, 0xCE, 0xA9, 0xBD, 0x11, 0x41, 0x90, 0xC6, 0xED, 0x0C, 0x48, 0xE6,
    0x22, 0xB8, 0x16, 0x99, 0x46, 0x87, 0x8E, 0x9C, 0xEE, 0x53, 0x6B, 0x31, 0x80, 0xED, 0x0D, 0x1B,
    0x80, 0x34, 0x06, 0x9B, 0x81, 0x6D, 0xCC, 0xD2, 0xA1, 0x7A, 0xBF, 0xCA, 0x0E, 0x42, 0x82, 0xD4,
    0x86, 0xB5, 0x10, 0x51, 0xC9, 0x6E, 0x00, 0x92, 0xB2, 0x7B, 0x86, 0xEA, 0xDD, 0xD3, 0x5D, 0x99,
    0x57, 0xE5, 0x1C, 0xFD, 0xB1, 0x96, 0xDD, 0xE9, 0xEE, 0xCD, 0x7D, 0x9D, 0xAA, 0x53, 0xE7, 0xA8,
    0x53, 0xE7, 0xFF, 0xAF, 0xF7, 0x79, 0x9F, 0xE7, 0xFF, 0xFC, 0xCB, 0x61, 0x94, 0x5C, 0x9A, 0xBA,
    0x92, 0xF2, 0xF6, 0x98, 0x33, 0x5A, 0x1E, 0x4B, 0x06, 0x45, 0x2F, 0x6B, 0xE5, 0xF5, 0xFC, 0x52,
    0x92, 0xB7, 0x56, 0xC2, 0xF1, 0x83, 0xB0, 0xF7, 0x94, 0xA2, 0xD2, 0x50, 0xD2, 0xB0, 0xA2, 0xE1,
    0x3E, 0x6B, 0x76, 0x2C, 0xC4, 0x03, 0xA5, 0xAC, 0x23, 0xEF, 0x36, 0x88, 0xA6, 0x2D, 0x5C, 0x00,
    0xBC, 0x8B, 0xA5, 0xCB, 0x0F, 0x97, 0xD1, 0xAF, 0xC6, 0xE3, 0xB4, 0x5D, 0x3E, 0xCE, 0xAB, 0xB2,
    0x5A, 0x2A, 0x2C, 0x14, 0x55, 0xA3, 0xB0, 0x53, 0x1A, 0xAD, 0x8C, 0x16, 0x46, 0x8D, 0xC6, 0xD6,
    0x32, 0xED, 0x64, 0x2F, 0x9C, 0x1F, 0x8B, 0xCD, 0x14, 0x3D, 0x5F, 0xBE, 0xB7, 0xB5, 0xFE, 0xE2,
    0x3A, 0x8E, 0x4F, 0xB2, 0xD6, 0x8D, 0x2E, 0xAF, 0x9D, 0x04, 0x94, 0x37, 0xE5, 0x95, 0x3B, 0x0A,
    0x1E, 0x2B, 0x19, 0x2C, 0xE9, 0x2D, 0xE8, 0xAC, 0x45, 0xAD, 0xB5, 0xB8, 0xD5, 0x48, 0x6A, 0x8D,
    0xB4, 0x72, 0x5F, 0x4E, 0xF9, 0xDD, 0x86, 0x74, 0xEA, 0x1D, 0xC6, 0xA5, 0x4A, 0xE0, 0xFF, 0x4E,
    0x75, 0xF1, 0x1F, 0xB6, 0x9B, 0x36, 0xFF, 0xA8, 0xCA, 0xDA, 0xFC, 0x9F, 0xCA, 0xEA, 0xBC, 0x97,
    0x57, 0x05, 0xB9, 0x92, 0xC2, 0x92, 0xD2, 0x82, 0xA5, 0x35, 0x0B, 0x3B, 0x4E, 0xE3, 0x1D, 0xEB,
    0xB7, 0x9E, 0xB0, 0xFC, 0xCB, 0xA7, 0x0F, 0x95, 0xFD, 0xAA, 0xF6, 0x9B, 0x46, 0xDC, 0xDE, 0x05,
    0xFC, 0xB2, 0x03, 0x9C, 0x55, 0x80, 0x25, 0x87, 0x71, 0x36, 0xFD, 0x5C, 0x3A, 0x4D, 0xA3, 0xE2,
    0x27, 0x67, 0xF2, 0xEF, 0xBE, 0xBF, 0x95, 0xD7, 0x79, 0x7B, 0x24, 0x0D, 0x40, 0x92, 0xFE, 0x8A,
    0xBC, 0x55, 0x88, 0x87, 0x0B, 0x56, 0x94, 0xA2, 0x81, 0x9D, 0x70, 0xB0, 0x15, 0x6F, 0x59, 0x86,
    0x83, 0xB4, 0x67, 0x11, 0x0E, 0x8A, 0x56, 0xE0, 0x3F, 0x58, 0xA1, 0x91, 0x0C, 0x76, 0x18, 0x25,
    0x7D, 0x38, 0xD7, 0x28, 0x6B, 0xC3, 0xB9, 0xC2, 0x9F, 0x14, 0xB5, 0x2A, 0x0A, 0x67, 0xAE, 0xC4,
    0x75, 0x3C, 0x44, 0x3B, 0x3B, 0x49, 0x9D, 0x7E, 0xFE, 0x41, 0x1F, 0x3F, 0xBB, 0xFD, 0x41, 0xB5,
    0x99, 0x5E, 0x48, 0xA6, 0x69, 0x72, 0x7E, 0x38, 0x4E, 0xAB, 0x80, 0x99, 0x7C, 0x21, 0x60, 0x26,
    0xDB, 0x12, 0x30, 0x4B, 0x7A, 0x02, 0x66, 0x10, 0x30, 0x5F, 0xBC, 0xFD, 0xE7, 0x33, 0xE6, 0x7C,
    0x1A, 0x67, 0xCC, 0x57, 0xE3, 0x61, 0xC6, 0x7C, 0x3D, 0xED, 0x66, 0xCC, 0xF2, 0x6A, 0xC6, 0x6C,
    0xB9, 0xC7, 0xDC, 0x98, 0x31, 0x07, 0xAE, 0x02, 0xE6, 0xA4, 0x33, 0x63, 0xCE, 0x6B, 0x66, 0xCC,
    0xFE, 0x54, 0xC0, 0xAC, 0xF1, 0x48, 0xC0, 0x1C, 0x3D, 0xFB, 0xC7, 0x9D, 0xFF, 0x87, 0xB9, 0x75,
    0x18, 0xAB, 0x4E, 0x77, 0x42, 0xD6, 0xFA, 0xC1, 0x40, 0xDA, 0x5A, 0xB5, 0xE1, 0x93, 0x12, 0x59,
    0x0D, 0x97, 0xFF, 0x6D, 0xF5, 0xCE, 0xED, 0xCA, 0xB3, 0x33, 0x67, 0x53, 0x9B, 0x74, 0xA5, 0xBE,
    0xA8, 0xF2, 0xEA, 0x46, 0xD4, 0x2E, 0x95, 0x96, 0xEC, 0x2C, 0xE6, 0xD0, 0x5F, 0x5B, 0x4B, 0x3B,
    0x8D, 0x26, 0x40, 0x1E, 0x8D, 0x96, 0x8C, 0xD1, 0x56, 0xC3, 0x18, 0x6F, 0xA3, 0x21, 0xA9, 0x9A,
    0xAF, 0x6C, 0x93, 0x2E, 0xF5, 0xE0, 0xDE, 0xB3, 0xFF, 0xF2, 0x93, 0x0F, 0x95, 0xFD, 0xD9, 0x07,
    0xD3, 0x21, 0xB4, 0x9D, 0x3D, 0x17, 0x4D, 0x3B, 0x45, 0xCF, 0x87, 0x9D, 0xC0, 0xA4, 0x20, 0x90,
    0x2F, 0x29, 0xB0, 0xA4, 0xC4, 0x82, 0x12, 0xF7, 0x59, 0x32, 0x47, 0x1D, 0x0D, 0x6B, 0x8C, 0x34,
    0xD8, 0x32, 0x12, 0x0D, 0x8C, 0x2E, 0xC4, 0x03, 0x5B, 0x57, 0x92, 0x21, 0x7C, 0x71, 0x92, 0xF4,
    0x01, 0xEA, 0xDD, 0xA4, 0x93, 0x7E, 0x7E, 0x7B, 0x48, 0x5B, 0x9B, 0x69, 0x1A, 0xB2, 0x16, 0xE4,
    0x35, 0xC8, 0x2B, 0x50, 0xBC, 0x1C, 0x8A, 0x7F, 0x63, 0xDC, 0xDF, 0xAD, 0x97, 0xC7, 0xD7, 0x02,
    0x66, 0xCB, 0x00, 0xD9, 0x42, 0x5E, 0x1F, 0x7E, 0xAD, 0xE0, 0xE2, 0x9F, 0x2B, 0xC9, 0x46, 0x25,
    0xB6, 0x96, 0x18, 0x2C, 0x02, 0x2C, 0x6B, 0x01, 0x44, 0x43, 0xDC, 0x1B, 0x49, 0xBA, 0x80, 0x33,
    0x69, 0x03, 0xCC, 0xB4, 0x0D, 0x28, 0xB3, 0x36, 0x80, 0xCC, 0xEB, 0x80, 0x31, 0xAF, 0x02, 0xC4,
    0xFC, 0x25, 0x4C, 0x37, 0xC0, 0x02, 0xAC, 0x99, 0x99, 0xB2, 0xAA, 0x41, 0xB1, 0x8D, 0xBB, 0x78,
    0x08, 0xC1, 0x91, 0x74, 0x71, 0x4F, 0x12, 0xB6, 0xEE, 0x76, 0x95, 0xB6, 0x67, 0x75, 0xDA, 0xE6,
    0x55, 0x56, 0xE7, 0x55, 0x58, 0xC1, 0xB9, 0x52, 0xE1, 0x86, 0xD2, 0xC2, 0x0D, 0xA7, 0x16, 0xD6,
    0x16, 0x1A, 0xA7, 0x46, 0xCB, 0x3B, 0x5B, 0x65, 0x37, 0x84, 0x2B, 0x07, 0x90, 0x02, 0x44, 0x69,
    0x4B, 0x41, 0x32, 0xE2, 0xAC, 0x8D, 0xA7, 0xFF, 0x3A, 0x6D, 0x15, 0x9D, 0x07, 0xD5, 0xA6, 0x96,
    0x0F, 0x8E, 0x2D, 0xC9, 0xB7, 0x4E, 0x2C, 0xB8, 0x3A, 0xBA, 0x69, 0xCD, 0x71, 0xE3, 0x8E, 0x86,
    0xE3, 0xA5, 0xC7, 0x76, 0x9C, 0x94, 0x06, 0x23, 0x37, 0x8B, 0xAA, 0xB7, 0xE5, 0x4E, 0xDE, 0x76,
    0xD1, 0xC0, 0xE3, 0xF4, 0xC7, 0x81, 0xB2, 0x3E, 0xF9, 0x45, 0x1B, 0x00, 0xF7, 0xF1, 0x2F, 0xEB,
    0xA4, 0xA3, 0xF3, 0xEB, 0x2A, 0xED, 0x44, 0xAD, 0xB3, 0x2A, 0x6D, 0xC5, 0xAD, 0x95, 0xAC, 0x95,
    0x86, 0xF7, 0xBC, 0xB6, 0xD9, 0xB9, 0xB6, 0x9F, 0x2F, 0x05, 0xA0, 0x3C, 0x9F, 0x44, 0xAC, 0x81,
    0x78, 0x0B, 0x9C, 0xD5, 0xCE, 0x8F, 0xB5, 0xC0, 0xA6, 0x6B, 0x66, 0x32, 0xEB, 0x99, 0xCB, 0x4C,
    0xC5, 0xCC, 0xE4, 0xE2, 0x2D, 0x81, 0x48, 0x36, 0x08, 0x3C, 0xE2, 0x41, 0xA0, 0x11, 0xF7, 0x02,
    0x8B, 0xA4, 0x17, 0x48, 0x24, 0x9D, 0xC0, 0x21, 0x69, 0x05, 0x0A, 0x69, 0x2B, 0x30, 0xC8, 0x6A,
    0x81, 0x40, 0x5E, 0x05, 0xFC, 0x5F, 0xBC, 0x05, 0xF8, 0x8A, 0x19, 0x7D, 0x39, 0x83, 0xBF, 0x01,
    0x2C, 0x80, 0x53, 0xA0, 0x01, 0xB6, 0x20, 0xED, 0xC1, 0xA6, 0x72, 0x18, 0xD2, 0x16, 0xF2, 0x16,
    0xB2, 0x73, 0x7C, 0xDE, 0xA9, 0x3E, 0x76, 0xDB, 0xE6, 0x3F, 0xBE, 0x88, 0xCE, 0x64, 0xFF, 0xAD,
    0x54, 0xCA, 0x86, 0x30, 0xCB, 0x79, 0x5B, 0x08, 0x21, 0x1A, 0x66, 0x3A, 0x1C, 0xAD, 0x95, 0x4E,
    0x35, 0x96, 0xD6, 0x46, 0x0B, 0x8D, 0xAD, 0x53, 0x4F, 0x0C, 0xE1, 0x73, 0x34, 0x78, 0xE2, 0xE9,
    0xBF, 0xEE, 0x8D, 0x56, 0xDF, 0xEA, 0x21, 0xE9, 0x20, 0x7D, 0xE9, 0x0F, 0x73, 0xF0, 0x00, 0xD2,
    0xAD, 0xC3, 0xE8, 0x8F, 0x71, 0x6F, 0xD8, 0xAF, 0x95, 0xA2, 0xE2, 0x40, 0x46, 0xB4, 0x45, 0x32,
    0x22, 0x6B, 0x70, 0x75, 0x8D, 0xD3, 0xB0, 0xBB, 0x73, 0x8A, 0x7E, 0x41, 0xDC, 0x2E, 0x49, 0xAA,
    0x25, 0xB9, 0x15, 0xC5, 0x34, 0x71, 0x32, 0x97, 0xB2, 0xBC, 0xD2, 0x0B, 0xF7, 0x50, 0x5E, 0x67,
    0x9D, 0xA2, 0xDD, 0xEC, 0xE6, 0xFA, 0x4A, 0x1A, 0x75, 0x92, 0xFF, 0x5C, 0x8B, 0x5E, 0x60, 0x04,
    0x2E, 0x7F, 0x47, 0xC8, 0x59, 0x21, 0x61, 0xE5, 0x55, 0x88, 0xF2, 0xA5, 0x45, 0xE0, 0x6D, 0xAD,
    0xD1, 0x18, 0x8D, 0x21, 0x37, 0x85, 0xC4, 0xE4, 0x8B, 0xAC, 0x14, 0x52, 0x52, 0x5B, 0xF6, 0x87,
    0x02, 0x14, 0x40, 0xF4, 0xE2, 0x9F, 0xB6, 0x4C, 0x68, 0x0E, 0x19, 0x4A, 0xD1, 0x93, 0xD7, 0x02,
    0x1C, 0x05, 0x4A, 0x94, 0x58, 0x62, 0x81, 0x35, 0x1A, 0xEC, 0x30, 0x62, 0x6B, 0x5E, 0x44, 0x03,
    0xE9, 0xC0, 0x66, 0x02, 0x49, 0xFD, 0x38, 0xFA, 0x69, 0x6B, 0xE2, 0xFE, 0x3C, 0x6B, 0x3E, 0x6C,
    0x65, 0xAD, 0xAC, 0x96, 0x57, 0x72, 0x0A, 0x4A, 0x96, 0x2C, 0x38, 0x15, 0x5E, 0xCB, 0x3B, 0xCA,
    0x8E, 0xC3, 0xB8, 0x9E, 0xE1, 0x68, 0x81, 0x6C, 0x8B, 0xB4, 0x03, 0x82, 0xB2, 0x11, 0x84, 0x0D,
    0xA3, 0xA5, 0x20, 0x6B, 0x66, 0x55, 0x93, 0x07, 0x51, 0x53, 0x92, 0xB7, 0xAB, 0xC0, 0xE0, 0x41,
    0xD8, 0x3D, 0x25, 0x28, 0x0F, 0xA5, 0x86, 0xD5, 0xAC, 0x66, 0xD6, 0xEC, 0xE6, 0x84, 0x1E, 0xA4,
    0x4C, 0x50, 0x32, 0x7B, 0x21, 0x73, 0x01, 0x2F, 0xDD, 0xEF, 0xEA, 0xFC, 0xFD, 0x7E, 0xE8, 0x0B,
    0x59, 0x23, 0x6D, 0x97, 0xF2, 0xAA, 0xF4, 0x7B, 0xC8, 0x9A, 0x3B, 0xD7, 0x70, 0xFA, 0x04, 0x45,
    0x2F, 0xA0, 0x03, 0x36, 0x53, 0x34, 0xF5, 0xEF, 0x6D, 0x6D, 0xAA, 0x20, 0x75, 0x64, 0x61, 0xF7,
    0x8A, 0xA4, 0xCE, 0x6F, 0x9B, 0xEC, 0x2F, 0x84, 0x4F, 0xB5, 0x69, 0xF3, 0x3A, 0x9B, 0x53, 0xA6,
    0x43, 0xCA, 0xB4, 0x54, 0x5A, 0x58, 0x5A, 0x5B, 0xD8, 0x09, 0x72, 0x27, 0xA8, 0x9D, 0x20, 0x76,
    0x0E, 0x5A, 0x27, 0x99, 0xB6, 0x44, 0xB7, 0x6F, 0x01, 0xD2, 0x1F, 0xF5, 0x64, 0x9F, 0xF5, 0xC4,
    0xD5, 0x1B, 0x62, 0x55, 0x4E, 0xB5, 0xBF, 0xFD, 0x09, 0x70, 0x5A, 0x70, 0xBF, 0xE4, 0xFA, 0x57,
    0xBE, 0x34, 0xB3, 0xFD, 0x1A, 0xEE, 0x90, 0x55, 0xB8, 0x82, 0xE4, 0x3F, 0xF4, 0x81, 0xE3, 0x40,
    0xF2, 0xCD, 0xEE, 0xCD, 0xD0, 0x93, 0x57, 0x2C, 0xF1, 0x29, 0x51, 0xC7, 0xC9, 0x55, 0xD6, 0x25,
    0x27, 0xD7, 0xBE, 0x3C, 0xC5, 0xA8, 0x3E, 0xC1, 0x2F, 0x7A, 0x6C, 0x6A, 0xFC, 0xAD, 0x3F, 0x0C,
    0xC5, 0x77, 0xE3, 0x5A, 0x3E, 0xD7, 0x5B, 0xF1, 0x23, 0xAE, 0x1F, 0xCD, 0xB3, 0x78, 0xFA, 0x0A,
    0x28, 0xC6, 0x3D, 0x0C, 0x70, 0x02, 0x7F, 0xF4, 0x87, 0xA1, 0x58, 0x20, 0xAF, 0x48, 0x5A, 0x74,
    0x1C, 0x1F, 0xB1, 0x28, 0x38, 0x3D, 0xFA, 0xF2, 0x14, 0xBF, 0x21, 0x99, 0xFA, 0xA3, 0x68, 0x7B,
    0x41, 0xC3, 0x9A, 0xB5, 0xCB, 0xBB, 0xF8, 0x57, 0xBB, 0xBC, 0x1E, 0x97, 0xB6, 0xEB, 0x78, 0x68,
    0x92, 0xF6, 0x7E, 0x5E, 0x95, 0x23, 0x04, 0x50, 0x03, 0x17, 0x0F, 0x0B, 0x36, 0xFF, 0x7B, 0x2D,
    0xF9, 0x3F, 0x68, 0xB9, 0x14, 0xBD, 0xF6, 0x0A, 0xB6, 0x9A, 0xAA, 0xC3, 0x52, 0x5D, 0xDF, 0xA0,
    0x59, 0xF1, 0x27, 0xEF, 0xBE, 0x82, 0x2A, 0x96, 0x4C, 0xC3, 0xCB, 0x59, 0xC8, 0x3D, 0x68, 0xE0,
    0xAE, 0xD7, 0x4D, 0xAA, 0x7C, 0x89, 0x54, 0x5C, 0x93, 0xB6, 0x24, 0xED, 0x2B, 0x20, 0xC5, 0x27,
    0xDF, 0x03, 0xD3, 0x8E, 0xC3, 0x98, 0xA6, 0xC0, 0xD5, 0x3F, 0xFF, 0xFC, 0xFD, 0x01, 0x7F, 0x67,
    0xD0, 0xE3, 0x97, 0xBD, 0x8E, 0xF8, 0xB3, 0x4E, 0x4D, 0x12, 0x66, 0x93, 0xA3, 0xAC, 0x85, 0xE3,
    0xF9, 0xED, 0x4E, 0xE8, 0xBB, 0xE8, 0xF3, 0xEF, 0xDE, 0x0A, 0xF0, 0x0A, 0xC8, 0x02, 0x39, 0xAE,
    0x5A, 0xC2, 0x89, 0xA5, 0x88, 0xC1, 0x42, 0x2A, 0xEE, 0xAC, 0x1D, 0x49, 0xBB, 0xE8, 0xF9, 0xED,
    0xFB, 0x36, 0xBB, 0x7C, 0x0A, 0x20, 0x66, 0x40, 0x07, 0x38, 0x97, 0xEB, 0xCB, 0x75, 0xF4, 0xEC,
    0xDF, 0xFF, 0x6A, 0x9B, 0xB6, 0x45, 0xBB, 0x0B, 0x5A, 0xBB, 0x59, 0x29, 0x8D, 0x0B, 0x8B, 0x78,
    0x68, 0xAC, 0x8B, 0x76, 0x17, 0x84, 0xC4, 0x68, 0x47, 0xA0, 0x6A, 0x8C, 0x77, 0x34, 0xC9, 0x5A,
    0xBD, 0xFA, 0x27, 0xAB, 0xF7, 0xDB, 0x62, 0x7B, 0xBE, 0x2E, 0xC6, 0x01, 0x62, 0xF9, 0x9D, 0x89,
    0x9D, 0x55, 0xB5, 0xAF, 0xE7, 0x17, 0xE4, 0x35, 0x4A, 0x58, 0xC2, 0x7D, 0x68, 0x5C, 0xBC, 0xAD,
    0x51, 0x4C, 0x55, 0x23, 0xDC, 0xBD, 0xB9, 0x2D, 0x3B, 0x7B, 0x61, 0x29, 0xE9, 0x95, 0x55, 0xD2,
    0xC9, 0x7F, 0xFE, 0x5E, 0x2B, 0x9A, 0x5E, 0x54, 0xF6, 0xE3, 0xAB, 0xA2, 0xEF, 0x6D, 0xE4, 0xDF,
    0xFF, 0x4F, 0x4E, 0xD3, 0xD6, 0x36, 0x69, 0x0D, 0xA1, 0x0B, 0xC9, 0xEA, 0x68, 0xC8, 0x2B, 0xDB,
    0x1B, 0x6C, 0xB6, 0xFC, 0x80, 0xB8, 0x25, 0xF9, 0x5F, 0x33, 0xA2, 0x4B, 0xFF, 0x67, 0xF2, 0x35,
    0x45, 0xF5, 0xE9, 0xC5, 0x0F, 0x1E, 0x0E, 0x6F, 0x7D, 0xFF, 0xD1, 0xD6, 0x35, 0x0F, 0xFE, 0xFE,
    0x13, 0xD9, 0xF4, 0x10, 0xE0, 0xED, 0xA4, 0x25, 0xFB, 0x00, 0xC9, 0x8E, 0x00, 0xE5, 0x15, 0x11,
    0x0A, 0xBB, 0xDF, 0x46, 0x08, 0x8F, 0xAF, 0x72, 0xFA, 0x29, 0x65, 0x47, 0x5E, 0x7F, 0x69, 0x92,
    0xF2, 0x6A, 0x90, 0xFB, 0x0D, 0x24, 0xE3, 0xFA, 0x31, 0x7E, 0xD6, 0xEE, 0xDD, 0x8B, 0xFB, 0xF6,
    0x52, 0x31, 0x7B, 0xA1, 0xE8, 0x93, 0x51, 0x5E, 0x27, 0xAD, 0xBC, 0xCA, 0x29, 0x9C, 0x52, 0xEA,
    0x29, 0xD3, 0x9A, 0xE5, 0x35, 0x2C, 0x1E, 0xE0, 0xC1, 0x84, 0xB3, 0xA2, 0x66, 0x97, 0xB7, 0x8C,
    0x69, 0xC7, 0x36, 0x09, 0x0D, 0x6B, 0x3C, 0x84, 0x2E, 0x7E, 0x94, 0x0E, 0x9E, 0xDB, 0x4C, 0xCA,
    0x1A, 0x44, 0xED, 0xBD, 0xB9, 0x42, 0x6D, 0xC2, 0x75, 0x40, 0xB1, 0x25, 0x3E, 0xD7, 0xB1, 0x85,
    0xED, 0x9D, 0x5B, 0x69, 0xBB, 0xE9, 0x83, 0x28, 0xCB, 0xEA, 0x4F, 0xE5, 0x7F, 0xD6, 0xCA, 0x33,
    0x8A, 0x25, 0xE5, 0xC4, 0xEA, 0x1F, 0xD5, 0x16, 0x59, 0xEB, 0x34, 0xE9, 0xAC, 0xE3, 0xC1, 0x13,
    0xA3, 0xD1, 0x06, 0x5E, 0xBB, 0x98, 0x2C, 0x2A, 0xDC, 0x83, 0xE1, 0xB0, 0x7B, 0x51, 0x63, 0x55,
    0xFF, 0xFE, 0x6A, 0x32, 0xEA, 0xC9, 0x2A, 0x0A, 0x14, 0xC8, 0x3F, 0x26, 0xDD, 0x22, 0xFE, 0xE4,
    0x91, 0x90, 0x0F, 0xFF, 0xC0, 0xB4, 0xBE, 0xF1, 0xEF, 0x42, 0x64, 0xE0, 0x35, 0x50, 0x04, 0x77,
    0xE6, 0xB8, 0x3F, 0x74, 0x29, 0x38, 0x9B, 0x46, 0xD3, 0xB4, 0xD5, 0x27, 0x5D, 0xD4, 0x66, 0x38,
    0x45, 0x4F, 0x52, 0x73, 0x0D, 0xAB, 0x91, 0xE8, 0xCC, 0x7C, 0x7E, 0xD6, 0x86, 0xED, 0xBA, 0xAC,
    0x6D, 0xE4, 0x75, 0xA3, 0xB4, 0xFA, 0xFA, 0x73, 0xD9, 0xD4, 0xF3, 0x37, 0xED, 0xC7, 0xCD, 0x23,
    0x7C, 0x6D, 0x8D, 0x7C, 0x30, 0xFF, 0x06, 0xBC, 0x13, 0xDC, 0xAC, 0xD5, 0x34, 0xB2, 0xFC, 0x64,
    0xE0, 0x4E, 0xD2, 0x72, 0xEB, 0x08, 0x4E, 0xA0, 0x47, 0x52, 0x23, 0x7F, 0x88, 0xEC, 0x39, 0x94,
    0x90, 0xD7, 0xFB, 0xAB, 0xA4, 0x2D, 0x87, 0x64, 0x70, 0x2A, 0x67, 0x61, 0x49, 0xF9, 0xCD, 0x31,
    0xCC, 0x59, 0x0D, 0xD0, 0x9D, 0x12, 0xEC, 0xAA, 0x55, 0x4B, 0x09, 0x5C, 0xBC, 0x45, 0x36, 0x10,
    0xBF, 0x1C, 0xFE, 0x2D, 0x69, 0x6B, 0x26, 0x35, 0xB7, 0x6C, 0x72, 0x14, 0xBF, 0xA1, 0x65, 0x7B,
    0x82, 0x2D, 0x69, 0xCF, 0xA6, 0xFA, 0x2B, 0xE1, 0x3A, 0x06, 0x84, 0x10, 0x00, 0x42, 0xC0, 0x07,
    0x01, 0xDE, 0xCB, 0xFE, 0xE2, 0xDE, 0x5E, 0xDC, 0xBB, 0x8B, 0x7B, 0x73, 0x71, 0xEF, 0x2D, 0xCE,
    0xE9, 0xF4, 0xE0, 0x2C, 0x1E, 0x8C, 0xC5, 0xD9, 0x57, 0x3C, 0xD8, 0x8A, 0x7B, 0x57, 0x71, 0x6F,
    0x2A, 0xEE, 0x3D, 0xC5, 0x83, 0xA5, 0x68, 0xD5, 0xE1, 0x10, 0x0E, 0x69, 0x7B, 0xF8, 0xF4, 0xE6,
    0xAD, 0x44, 0x10, 0x20, 0x13, 0x28, 0xC8, 0xE1, 0x5D, 0x6F, 0xB0, 0x00, 0x05, 0xDE, 0x05, 0x4E,
    0xF1, 0xC8, 0x6B, 0x29, 0x40, 0x67, 0xCF, 0x43, 0x42, 0x53, 0xF4, 0xCE, 0x2A, 0x01, 0xFC, 0x82,
    0x79, 0x42, 0x29, 0x68, 0x50, 0x32, 0xA2, 0x64, 0x8B, 0xA5, 0x68, 0xC0, 0x6A, 0x9A, 0x86, 0xCD,
    0x73, 0xF7, 0x6F, 0xBF, 0x3F, 0x14, 0xBD, 0x46, 0xD2, 0x67, 0xAD, 0x51, 0xD2, 0xE5, 0xB5, 0x90,
    0x8F, 0xF2, 0xDA, 0x56, 0xD0, 0xDC, 0xD1, 0x20, 0x6B, 0x0B, 0x71, 0x78, 0x5B, 0x4A, 0x07, 0x69,
    0xD7, 0xD8, 0x4C, 0xE2, 0xF3, 0xCD, 0x33, 0xE5, 0xB0, 0xE9, 0xA5, 0x3F, 0xFB, 0xF5, 0x4E, 0xF2,
    0xBF, 0x3D, 0x95, 0x8C, 0xC2, 0xE9, 0x56, 0xD2, 0xD9, 0xAF, 0xB3, 0x0C, 0xF0, 0x96, 0x33, 0xB8,
    0x82, 0xDD, 0xBC, 0x50, 0x56, 0x92, 0x3E, 0x7C, 0xDB, 0x5A, 0x58, 0xB1, 0x36, 0xD2, 0x64, 0x1D,
    0xCF, 0x7E, 0x88, 0x40, 0x31, 0xDA, 0x22, 0x80, 0x0E, 0x20, 0x48, 0x7A, 0x64, 0x03, 0xCE, 0x5E,
    0x9E, 0xEB, 0x92, 0x99, 0xB9, 0x83, 0xC6, 0xEC, 0x00, 0x66, 0x6F, 0x6F, 0xB6, 0xF6, 0x04, 0x67,
    0x6F, 0x6F, 0xEC, 0x05, 0x5F, 0x6F, 0xF6, 0x27, 0x67, 0x77, 0x72, 0xF6, 0x26, 0x67, 0x67, 0x72,
    0xF6, 0x25, 0x67, 0x57, 0x72, 0xF6, 0x24, 0x67, 0x47, 0x72, 0xF6, 0x23, 0x67, 0x37, 0x72, 0xF6,
    0x22, 0x67, 0x86, 0xB3, 0x95, 0x07, 0x94, 0x2F, 0xF7, 0x34, 0xED, 0xDE, 0x93, 0x0B, 0x8E, 0x9C,
    0xE0, 0xC7, 0x05, 0x37, 0x2E, 0x6F, 0x0B, 0xC1, 0x89, 0x2B, 0x2C, 0x94, 0x4E, 0x2D, 0x0F, 0xCE,
    0xEB, 0x13, 0x6B, 0x63, 0xF0, 0xDE, 0x1E, 0x8E, 0x56, 0x35, 0x1C, 0x58, 0xD7, 0x38, 0x86, 0x5B,
    0x48, 0x9E, 0x23, 0xCB, 0x70, 0x94, 0x08, 0x47, 0xFB, 0xEF, 0xE2, 0x11, 0xE9, 0x13, 0x1C, 0xAD,
    0x71, 0x1C, 0x76, 0x77, 0xCF, 0xA9, 0xF8, 0xB4, 0x5A, 0x92, 0x7F, 0x72, 0x46, 0x39, 0x4D, 0xDC,
    0x55, 0x70, 0x10, 0xF0, 0x69, 0x7B, 0xCE, 0x57, 0x93, 0xB7, 0x14, 0x38, 0x21, 0xEA, 0xC9, 0x47,
    0x8E, 0xAF, 0x70, 0xFD, 0x6D, 0xAE, 0x1E, 0x93, 0x6D, 0x5F, 0x8D, 0xD7, 0x06, 0x68, 0x1C, 0x56,
    0xED, 0x61, 0x22, 0xDF, 0xF2, 0xFF, 0x8B, 0xCA, 0x07, 0xD6, 0x30, 0xEC, 0xF1, 0xBD, 0xE5, 0x35,
    0x89, 0x7E, 0xF1, 0x80, 0xB4, 0x45, 0x0E, 0xD7, 0x41, 0x12, 0xAA, 0xE0, 0x7F, 0xA7, 0xBC, 0x1D,
    0x2E, 0xE3, 0x81, 0x64, 0x30, 0x85, 0x34, 0xFD, 0xED, 0x3A, 0xAF, 0xD3, 0xA0, 0x5C, 0xDE, 0x0E,
    0xCA, 0xE5, 0x24, 0x28, 0x97, 0xC7, 0x79, 0xFD, 0x34, 0x6A, 0x8B, 0xAA, 0x49, 0xAA, 0x52, 0x73,
    0x64, 0xA5, 0x39, 0x0E, 0xCA, 0xE5, 0x8E, 0x9D, 0x65, 0x17, 0x94, 0x4B, 0xBD, 0x57, 0x2E, 0x47,
    0xD3, 0x96, 0x93, 0x0B, 0xF6, 0x23, 0xAF, 0xB9, 0x81, 0xBB, 0x68, 0xE1, 0x8F, 0x5D, 0xFA, 0xB8,
    0xF3, 0xE0, 0x2C, 0xE4, 0xAA, 0x3A, 0xE9, 0x8A, 0x36, 0xAF, 0xFF, 0x55, 0x9B, 0x57, 0x3F, 0xED,
    0xCA, 0xE4, 0xA3, 0x76, 0x95, 0x65, 0xED, 0xF2, 0x4A, 0xDE, 0x2E, 0xEF, 0xE4, 0xD5, 0xAA, 0x2B,
    0x95, 0xF5, 0x42, 0xFE, 0xCD, 0xAD, 0x6B, 0x53, 0xED, 0x8E, 0x73, 0x63, 0x6C, 0x70, 0xBA, 0xC0,
    0xB5, 0x1C, 0x69, 0x5C, 0xBF, 0x01, 0x77, 0x38, 0xFB, 0xAC, 0x13, 0xFF, 0x8F, 0x81, 0xE1, 0x1E,
    0xD7, 0xAF, 0xBC, 0x8A, 0x88, 0xFD, 0x4B, 0xC4, 0x53, 0x45, 0x16, 0xC2, 0xED, 0x6D, 0xED, 0xEB,
    0xA6, 0x11, 0x3D, 0xA4, 0xD8, 0xF1, 0x77, 0xAF, 0xF2, 0x17, 0x5F, 0x79, 0x45, 0x8B, 0xAE, 0xCC,
    0x03, 0x83, 0x8F, 0x5A, 0xB3, 0xF5, 0xE3, 0xD1, 0x1D, 0xC0, 0xD9, 0x34, 0xD5, 0x8A, 0x9F, 0x7C,
    0x10, 0xC4, 0x70, 0x52, 0x05, 0x41, 0x41, 0x21, 0xA6, 0x74, 0xAE, 0x40, 0xAE, 0xA6, 0x8E, 0xFB,
    0xB7, 0x2B, 0x1A, 0x18, 0x0F, 0xBB, 0xAD, 0x0B, 0xA2, 0xC1, 0xB1, 0x78, 0x70, 0x12, 0x1E, 0xB4,
    0x6D, 0x6D, 0xE6, 0xA5, 0x2B, 0xFF, 0xA8, 0x4D, 0x7E, 0xD4, 0x1B, 0x1E, 0xBB, 0x79, 0x7D, 0x5E,
    0x38, 0x51, 0x58, 0x34, 0xBB, 0xBC, 0x6A, 0x4A, 0x63, 0x58, 0x2C, 0x45, 0x3B, 0x3D, 0x9F, 0x97,
    0x49, 0xD8, 0x87, 0x05, 0xF2, 0x7E, 0xBB, 0x5F, 0x1C, 0x97, 0x2A, 0xAC, 0x06, 0x6C, 0xEF, 0xA1,
    0x7D, 0xF7, 0xB5, 0x23, 0x8E, 0x1F, 0x2A, 0xB7, 0xEE, 0x1E, 0x7B, 0xF8, 0x47, 0xBF, 0x3B, 0x5C,
    0xC9, 0xFF, 0x1C, 0x0C, 0x5B, 0xF7, 0x4E, 0x5D, 0x79, 0x0B, 0x21, 0x05, 0x14, 0xBD, 0x3C, 0x98,
    0xFC, 0x0A, 0xCA, 0x97, 0x4C, 0xFE, 0x35, 0x0D, 0xF3, 0x85, 0xB6, 0x01, 0x4B, 0x3C, 0x48, 0x07,
    0x9B, 0x09, 0x96, 0xA5, 0x3C, 0xAF, 0xD2, 0x6F, 0xB5, 0x51, 0xFB, 0x08, 0x6E, 0x8B, 0xCE, 0x28,
    0xB9, 0xC1, 0x82, 0xD3, 0xFD, 0xCF, 0xC3, 0x6F, 0x19, 0x18, 0x78, 0x16, 0xAA, 0x14, 0xF8, 0x98,
    0x80, 0xE8, 0x5A, 0xC6, 0x9F, 0x24, 0xAF, 0xF6, 0x49, 0xC6, 0x3F, 0x93, 0x4E, 0x8E, 0xD2, 0xEA,
    0xDD, 0xB8, 0xFA, 0xFD, 0x1E, 0x63, 0x84, 0x20, 0x0C, 0x4E, 0x5B, 0x08, 0xC2, 0x4E, 0x08, 0xC2,
    0x37, 0xF6, 0x18, 0x23, 0x24, 0x86, 0xE4, 0xC7, 0x03, 0xC3, 0xA7, 0xDC, 0xBC, 0xF2, 0x0A, 0x1E,
    0x63, 0x5C, 0x86, 0x80, 0x3B, 0x0E, 0x97, 0x4D, 0xFC, 0xE9, 0x9B, 0xE1, 0x12, 0x3F, 0xA4, 0xDC,
    0x0A, 0x51, 0x1A, 0xC2, 0xF4, 0xCB, 0xF3, 0x80, 0x22, 0xAF, 0x49, 0x3F, 0x6B, 0x89, 0xBB, 0x01,
    0x8F, 0x6F, 0x1E, 0xD6, 0xDA, 0xA3, 0xD0, 0x74, 0x3C, 0x65, 0xC6, 0x5E, 0x85, 0x58, 0x96, 0xD7,
    0x42, 0x1E, 0x52, 0x2A, 0x58, 0x0A, 0x33, 0x1E, 0x6D, 0xD9, 0x4C, 0x15, 0x4D, 0x81, 0x5D, 0x5E,
    0x33, 0xE6, 0x2D, 0xDB, 0xB4, 0x15, 0x0D, 0x49, 0x2F, 0x1E, 0x92, 0x10, 0xE3, 0xD1, 0x18, 0x4E,
    0xDB, 0x40, 0x99, 0x87, 0x58, 0x48, 0x7E, 0xD4, 0xE9, 0x1E, 0xE3, 0xF6, 0xD7, 0x1F, 0x9D, 0x7D,
    0x7B, 0xCC, 0xBF, 0xD7, 0x64, 0x8F, 0xEF, 0xE6, 0xE1, 0x86, 0x29, 0xAA, 0x73, 0xF1, 0xB4, 0xE6,
    0x09, 0x23, 0xBC, 0x55, 0xE1, 0xAC, 0x27, 0xEA, 0x1F, 0x13, 0x57, 0xAF, 0x1F, 0xEE, 0x57, 0x99,
    0xDA, 0xF8, 0xC7, 0x7D, 0xE2, 0x2F, 0x7E, 0x47, 0xAC, 0xD0, 0xAC, 0xB1, 0x28, 0x90, 0x67, 0x15,
    0xC9, 0x9F, 0xB5, 0x6F, 0xC6, 0x73, 0x17, 0x02, 0xBF, 0x7D, 0x29, 0xF0, 0x8F, 0xBF, 0xBC, 0xD7,
    0xEE, 0xAB, 0x88, 0xA6, 0x96, 0xE4, 0x3B, 0x1D, 0x97, 0x3C, 0x7C, 0x33, 0x5C, 0xCE, 0x95, 0xC5,
    0xB7, 0x5E, 0x01, 0x0F, 0xBC, 0x37, 0x55, 0x9E, 0x66, 0x5D, 0x34, 0x24, 0x43, 0xD2, 0x47, 0x7D,
    0xD2, 0x91, 0xF4, 0xC4, 0x5B, 0xBC, 0xC0, 0xA6, 0x23, 0x1F, 0x89, 0x9E, 0x63, 0x85, 0x32, 0xB0,
    0xA8, 0xB6, 0x0A, 0x8D, 0xA5, 0x95, 0x46, 0xB6, 0x47, 0x78, 0x0B, 0x83, 0xC0, 0x46, 0x52, 0x11,
    0xC1, 0xE5, 0x2A, 0xFE, 0xA2, 0x82, 0xD4, 0xEB, 0xAC, 0x3A, 0xC9, 0x6B, 0x59, 0x2F, 0x79, 0xCE,
    0x59, 0x2B, 0x0B, 0x01, 0x76, 0x33, 0x1A, 0xEE, 0x45, 0xFD, 0x22, 0x69, 0x8B, 0x17, 0x10, 0x55,
    0x92, 0x56, 0xCA, 0xDB, 0x5C, 0x20, 0x0F, 0x7D, 0x7F, 0xF1, 0xFE, 0xE7, 0x1F, 0x3A, 0x4E, 0xFA,
    0x23, 0x27, 0x49, 0xFF, 0xB6, 0x3F, 0x4E, 0xBA, 0xBF, 0xE6, 0xE0, 0x9B, 0x90, 0xD7, 0xC8, 0x2B,
    0x14, 0x15, 0x8A, 0xF3, 0xF5, 0x6F, 0x01, 0x6B, 0x68, 0x98, 0x29, 0x94, 0x53, 0x8B, 0x03, 0x5C,
    0x03, 0xE2, 0xD6, 0x8C, 0x58, 0x04, 0x2E, 0x70, 0x9D, 0x7B, 0xA2, 0x67, 0x55, 0x3E, 0xB5, 0xA1,
    0x36, 0xF5, 0x92, 0x4E, 0xC0, 0xD6, 0x0A, 0x99, 0x6C, 0x9F, 0xEE, 0xC3, 0xEB, 0xDF, 0x48, 0x9F,
    0xC3, 0x45, 0xAE, 0x71, 0xCC, 0x4D, 0xFE, 0xFA, 0x21, 0x11, 0xF6, 0xCA, 0xAF, 0xEF, 0xAC, 0xDD,
    0xF7, 0xC4, 0xD2, 0x9D, 0x43, 0xA1, 0x19, 0x49, 0x7B, 0xD1, 0x0F, 0x29, 0xBE, 0x5F, 0x91, 0x76,
    0x24, 0x03, 0xF1, 0xBC, 0x49, 0xC2, 0xD6, 0x93, 0xB7, 0xAC, 0x2A, 0xF1, 0x8E, 0x0F, 0x3B, 0xE5,
    0xC8, 0xBF, 0x84, 0x4B, 0x1F, 0xF3, 0xE0, 0x4C, 0x90, 0xA7, 0x71, 0x97, 0xB5, 0xEA, 0xAC, 0x15,
    0x50, 0x59, 0xCE, 0x33, 0xB7, 0xEA, 0xB9, 0xD5, 0x60, 0x81, 0x1B, 0x2F, 0xD5, 0xB8, 0x86, 0x68,
    0x4B, 0xD6, 0x71, 0x46, 0xD9, 0xF3, 0x73, 0x2F, 0x8D, 0xFE, 0x18, 0xEE, 0x0D, 0xB0, 0x6A, 0xED,
    0xEF, 0x2A, 0xF6, 0xED, 0xF7, 0xDC, 0x7D, 0x87, 0xE6, 0x7B, 0xDF, 0x7B, 0x17, 0x34, 0x94, 0x8C,
    0x94, 0x6C, 0xF7, 0x7D, 0x77, 0x68, 0xBB, 0x09, 0x5D, 0x37, 0x8D, 0x40, 0x26, 0xF4, 0xDC, 0x84,
    0x24, 0xCD, 0x56, 0x16, 0xD2, 0x8C, 0xBC, 0x0D, 0x7C, 0xF3, 0x5A, 0x1A, 0x14, 0xBA, 0xCD, 0x94,
    0x4C, 0x23, 0xA0, 0x3B, 0xE6, 0x5F, 0xEC, 0x5D, 0xAF, 0xDF, 0xE2, 0xF9, 0x7E, 0x2C, 0xFD, 0xA2,
    0xD9, 0x4C, 0x43, 0xB3, 0xF9, 0xF8, 0x77, 0x6B, 0x36, 0xFF, 0x2F, 0x75, 0x93, 0x01, 0x64, 0x24,
    0x57, 0x18, 0xC7, 0x7F, 0xB3, 0x93, 0xCD, 0x26, 0x3B, 0x97, 0x9D, 0x55, 0x49, 0xA5, 0x97, 0x4D,
    0x26, 0x65, 0xD4, 0x5E, 0x6E, 0x37, 0x33, 0x65, 0xCA, 0x46, 0x93, 0x9D, 0x07, 0x14, 0x94, 0x2D,
    0xD9, 0x03, 0xB0, 0x38, 0x10, 0x30, 0x48, 0xCF, 0x1D, 0xDB, 0xE6, 0xB5, 0x07, 0x00, 0x03, 0x00,
    0x98, 0x72, 0x3D, 0x77, 0xAB, 0x74, 0xD5, 0x21, 0x34, 0x6E, 0x5E, 0x01, 0x14, 0x5E, 0x0F, 0x00,
    0x4C, 0xEB, 0x8A, 0x83, 0x33, 0x2A, 0x65, 0xAF, 0x36, 0x37, 0x9D, 0x4B, 0xEF, 0xDA, 0x2A, 0xF5,
    0xBC, 0xCF, 0x9B, 0x79, 0xFF, 0xEF, 0xFF, 0x7D, 0xDF, 0xFF, 0xFB, 0x1E, 0x78, 0xD8, 0xC2, 0x94,
    0x28, 0xB0, 0x94, 0xC3, 0x3E, 0x09, 0x60, 0xE6, 0xF6, 0xEC, 0x60, 0x3F, 0x59, 0x36, 0xC0, 0xC9,
    0x92, 0x0F, 0x0A, 0x35, 0xD8, 0xE5, 0xE8, 0x61, 0xFA, 0xB2, 0xDC, 0x17, 0xDB, 0x15, 0x7A, 0x0D,
    0x9C, 0x39, 0xB5, 0x0C, 0x4E, 0xE7, 0xA7, 0xB8, 0xCB, 0x63, 0x6F, 0xBC, 0x0B, 0x55, 0x71, 0x92,
    0x35, 0x73, 0x23, 0xDB, 0x12, 0x2D, 0xA0, 0x4A, 0xA8, 0xA7, 0x51, 0xE6, 0x3F, 0x9A, 0x7A, 0x0A,
    0x00, 0xF3, 0x97, 0xDC, 0xBA, 0xAB, 0xB6, 0x6C, 0x82, 0x36, 0x40, 0x60, 0xD3, 0x1D, 0x63, 0xE7,
    0x58, 0x0A, 0x3F, 0x9A, 0x66, 0xF8, 0x25, 0x7A, 0xAA, 0x33, 0x05, 0x40, 0xDF, 0xC1, 0xB6, 0x64,
    0xED, 0xAE, 0x32, 0x54, 0x02, 0x15, 0x6D, 0x66, 0xEF, 0x7E, 0x19, 0x34, 0xBC, 0xB9, 0x95, 0x55,
    0x62, 0x67, 0xD6, 0xEB, 0x94, 0xA9, 0xC9, 0x86, 0xE8, 0x71, 0xCC, 0x67, 0x9C, 0xB0, 0x4B, 0x4D,
    0xDA, 0xDA, 0xD2, 0x15, 0x5D, 0x51, 0x16, 0x3D, 0xBA, 0xE9, 0x45, 0x9E, 0x1D, 0x6F, 0xFE, 0xE7,
    0x2F, 0x9C, 0x71, 0x80, 0x8D, 0x29, 0xC0, 0x52, 0xF6, 0xEB, 0x52, 0x0D, 0x75, 0x5D, 0x9E, 0x08,
    0x13, 0x03, 0x68, 0xD3, 0x97, 0xA1, 0xF4, 0x69, 0x12, 0xCE, 0xD6, 0x8E, 0xF1, 0x89, 0x48, 0x88,
    0xE9, 0x87, 0xF6, 0xCA, 0x23, 0x0C, 0x1C, 0x02, 0x22, 0x7A, 0xB4, 0xA8, 0x50, 0xA3, 0x4E, 0xAA,
    0x60, 0x27, 0xF1, 0x62, 0x8B, 0x3A, 0x00, 0x26, 0x1B, 0xE2, 0x44, 0xAF, 0xB0, 0xC4, 0x51, 0x3C,
    0x89, 0xE1, 0x92, 0x60, 0x4A, 0x16, 0x2A, 0x4F, 0xBC, 0xF9, 0x98, 0x92, 0x8A, 0x3E, 0xEE, 0xD9,
    0x99, 0xFB, 0x46, 0x36, 0x43, 0x38, 0x79, 0xAF, 0x13, 0xB4, 0x7A, 0x3D, 0x3B, 0x83, 0x2A, 0x36,
    0x1D, 0x02, 0x9A, 0x80, 0xA1, 0x2A, 0x39, 0xA7, 0xDC, 0x5E, 0x3B, 0x0F, 0xE3, 0x45, 0xD9, 0x65,
    0x9F, 0x31, 0x61, 0xE2, 0xE8, 0x56, 0xA7, 0x1D, 0x00, 0x38, 0xC5, 0xAC, 0x3B, 0x3C, 0x0F, 0xF0,
    0xB7, 0xD9, 0x16, 0x06, 0x4F, 0xEE, 0xF2, 0xFD, 0x73, 0xDC, 0x9B, 0xC0, 0x74, 0x73, 0xFF, 0xDC,
    0xD3, 0xB6, 0x04, 0x2A, 0x33, 0x6A, 0x73, 0xB6, 0x36, 0x09, 0x6A, 0x0C, 0xAA, 0x51, 0x2B, 0x9C,
    0x59, 0xF1, 0xDF, 0x1A, 0x82, 0x97, 0xC5, 0xB7, 0xDE, 0xB4, 0xF7, 0x02, 0x08, 0x8B, 0xF9, 0xDA,
    0xF0, 0xB0, 0x3A, 0x1C, 0x96, 0xEC, 0x05, 0x00, 0x6B, 0xE5, 0x39, 0x2C, 0x5E, 0x72, 0x09, 0x4E,
    0x3E, 0xBD, 0x04, 0xEF, 0x4C, 0xE2, 0xB0, 0xD0, 0x47, 0x93, 0xC9, 0x84, 0x93, 0xA2, 0xBC, 0x03,
    0x89, 0xA5, 0xF9, 0x9C, 0x5A, 0x46, 0x1F, 0xB6, 0x01, 0x00, 0x08, 0x80, 0x29, 0x18, 0x1A, 0x4C,
    0x09, 0x16, 0xB0, 0x02, 0xEC, 0x03, 0x11, 0x90, 0x41, 0x45, 0x41, 0x4D, 0x40, 0x03, 0xE8, 0x00,
    0xBD, 0xFF, 0xF7, 0xF0, 0x81, 0x85, 0xCB, 0x06, 0x9A, 0xC2, 0xA1, 0x07, 0xD0, 0xA2, 0xDD, 0xE1,
    0x38, 0x2C, 0xF2, 0x9D, 0x49, 0x52, 0xCA, 0x71, 0x6D, 0x78, 0x3B, 0x20, 0xD8, 0x1B, 0x46, 0x61,
    0x91, 0x55, 0xAB, 0x78, 0xA9, 0x88, 0x9E, 0xC8, 0xC1, 0x17, 0x62, 0x41, 0x6C, 0x29, 0x9B, 0x0F,
    0x65, 0x93, 0x45, 0xB1, 0xCB, 0x7E, 0xB9, 0xB6, 0x68, 0x30, 0x66, 0x40, 0x59, 0x5D, 0x58, 0x5C,
    0x00, 0xC3, 0xE1, 0x61, 0x5A, 0xCC, 0xE1, 0x00, 0x07, 0x4B, 0x54, 0x24, 0x98, 0x79, 0x4D, 0x35,
    0x70, 0xF9, 0xF7, 0x23, 0xD8, 0xC2, 0xC3, 0x62, 0x05, 0x17, 0x80, 0x31, 0xEE, 0x59, 0x7C, 0xF6,
    0x5B, 0x7E, 0xFA, 0x73, 0x8E, 0x84, 0xFD, 0xF1, 0xE3, 0x6B, 0x40, 0x99, 0xCD, 0xDE, 0x30, 0x8F,
    0xC8, 0x06, 0xC8, 0x52, 0xB8, 0x9D, 0xC9, 0x03, 0xA0, 0xE4, 0x3E, 0x9A, 0xDC, 0x6B, 0xB5, 0x3B,
    0x41, 0x3B, 0x08, 0x22, 0x80, 0x82, 0x0D, 0xEA, 0x2C, 0x03, 0x18, 0x2D, 0x9C, 0xF3, 0x57, 0x11,
    0x3E, 0x79, 0x8E, 0x01, 0x74, 0xE0, 0x00, 0x56, 0xB1, 0xCE, 0xFD, 0xDD, 0x22, 0x6B, 0x5E, 0x15,
    0x64, 0x18, 0x39, 0xC4, 0x00, 0xD6, 0x2C, 0xD8, 0x4C, 0xB3, 0xE6, 0xA2, 0x58, 0x14, 0x78, 0x2F,
    0x74, 0x94, 0x4A, 0x00, 0x96, 0x9A, 0xFD, 0xB3, 0x93, 0xB9, 0xEB, 0x03, 0xD8, 0x78, 0xB2, 0xC1,
    0x26, 0x5D, 0x0A, 0x73, 0x6E, 0xE7, 0xCF, 0x8C, 0x7B, 0x8B, 0x53, 0x0D, 0x44, 0xBA, 0xFA, 0x35,
    0x11, 0x6B, 0x55, 0x01, 0x23, 0x62, 0x0C, 0xC1, 0x2A, 0x3F, 0x95, 0x26, 0x7A, 0x02, 0x4B, 0x7F,
    0x19, 0x0D, 0x0B, 0x51, 0x45, 0xB2, 0x0E, 0x83, 0x72, 0x71, 0x68, 0x0C, 0xD0, 0xCB, 0xF7, 0x89,
    0x2E, 0x09, 0x7E, 0x35, 0x0E, 0xAB, 0xD3, 0x4B, 0x52, 0x78, 0x84, 0x27, 0x2D, 0x75, 0x07, 0x81,
    0xB1, 0x7B, 0x1C, 0xDD, 0x6E, 0x41, 0x6D, 0xE6, 0x3C, 0xEE, 0xD5, 0xDE, 0xFA, 0xC1, 0xD4, 0x15,
    0xB9, 0x2A, 0x76, 0xB5, 0x2D, 0x1D, 0xED, 0xC6, 0x8C, 0x36, 0x74, 0xC8, 0x86, 0x66, 0x14, 0xE0,
    0xC5, 0xB5, 0xDC, 0x93, 0x01, 0x89, 0x29, 0xFA, 0x1F, 0x29, 0xEB, 0x47, 0xD5, 0xFF, 0x38, 0x4B,
    0x3A, 0x11, 0x5D, 0xCB, 0xEA, 0x1E, 0x33, 0x9E, 0x9F, 0x02, 0xEB, 0x6A, 0xEB, 0x9B, 0xEB, 0x4F,
    0xDF, 0x3B, 0x36, 0x9B, 0xE0, 0x7C, 0x2B, 0xF6, 0x7E, 0x57, 0x51, 0xA2, 0x4B, 0x5B, 0x9E, 0x57,
    0x09, 0x08, 0xD5, 0xDB, 0xAA, 0x22, 0x41, 0x00, 0x0B, 0x53, 0x20, 0x3A, 0x80, 0x45, 0x65, 0x3D,
    0xBB, 0xF1, 0x18, 0xD2, 0x22, 0x03, 0x78, 0x7D, 0x1B, 0x01, 0x41, 0x17, 0x2A, 0xBA, 0xF6, 0xEC,
    0x46, 0x0A, 0x27, 0xC5, 0x53, 0x00, 0xD8, 0x99, 0x4C, 0x1E, 0x96, 0x83, 0x3B, 0x2F, 0xF7, 0x45,
    0x39, 0xC5, 0x0F, 0x38, 0x04, 0x03, 0xBB, 0x78, 0x41, 0x9D, 0x3D, 0x23, 0xFD, 0x63, 0xCE, 0x08,
    0x23, 0x8D, 0xA1, 0x5E, 0x7A, 0x18, 0xC5, 0x24, 0x95, 0x96, 0xC4, 0xC8, 0x3B, 0x40, 0x67, 0x1B,
    0x58, 0x02, 0x00, 0xB6, 0x4B, 0xE7, 0xD3, 0xB4, 0x24, 0x02, 0x46, 0x00, 0xF5, 0xA4, 0xED, 0xFB,
    0xA3, 0x48, 0xBF, 0xAF, 0xD7, 0x47, 0x57, 0xA5, 0xAF, 0xEE, 0x0B, 0xCD, 0x57, 0xBC, 0x03, 0x2D,
    0x82, 0xC0, 0x8F, 0x46, 0x6E, 0x3D, 0x76, 0x7D, 0xDF, 0x8F, 0x22, 0x5F, 0x2F, 0xD3, 0xF6, 0xD7,
    0x7D, 0x77, 0xE4, 0x5F, 0x82, 0xEB, 0xCA, 0x97, 0x09, 0xAF, 0xC1, 0xD0, 0xC3, 0xAD, 0x4F, 0xFF,
    0xA1, 0x82, 0x4D, 0xAE, 0xB0, 0x92, 0xB4, 0x5E, 0xE1, 0x63, 0x5F, 0x37, 0x47, 0x9B, 0xDF, 0xE9,
    0x95, 0x5E, 0xB2, 0xEE, 0xC7, 0x6E, 0xA4, 0xFC, 0x91, 0x6A, 0x8A, 0xC1, 0x2D, 0xD5, 0x16, 0x3E,
    0x3E, 0x23, 0x04, 0xAC, 0xDE, 0xF1, 0x47, 0xB1, 0xBE, 0xE9, 0x96, 0x11, 0x5A, 0xDB, 0x57, 0x64,
    0x43, 0x54, 0x69, 0xB9, 0x75, 0x69, 0x0A, 0x4B, 0xB8, 0x6A, 0x30, 0xF8, 0x13, 0xCD, 0xFC, 0x0F,
    0xA8, 0x25, 0xE7, 0x99, 0x27, 0xF6, 0x7F, 0xAA, 0x4A, 0xDD, 0x65, 0xAB, 0xDC, 0xFD, 0x1A, 0x90,
    0x7E, 0xEB, 0xB5, 0x5B, 0x2A, 0x01, 0x06, 0xFC, 0x9B, 0x6D, 0x77, 0x0D, 0xD0, 0x24, 0xBD, 0xD9,
    0x7B, 0xCE, 0x29, 0xDB, 0xC0, 0x40, 0x36, 0x81, 0x06, 0xDC, 0x36, 0x44, 0xD9, 0x48, 0x40, 0x80,
    0x99, 0x49, 0x58, 0xF5, 0x06, 0x11, 0x44, 0x38, 0xB7, 0x6F, 0x8D, 0x1D, 0x48, 0x88, 0x81, 0xED,
    0x0D, 0x4C, 0x80, 0x84, 0xB0, 0x62, 0x31, 0x30, 0x23, 0xB1, 0x74, 0x27, 0x11, 0x70, 0x77, 0xF7,
    0x74, 0xDF, 0xB2, 0x0D, 0x18, 0x18, 0x58, 0x6A, 0xBC, 0xF1, 0x4C, 0x42, 0xFE, 0x6C, 0xCD, 0x8C,
    0x9C, 0x21, 0x76, 0x40, 0xB5, 0xD9, 0xD2, 0xA4, 0x24, 0x9F, 0x7B, 0x2B, 0xB7, 0xCA, 0xB7, 0xD5,
    0x67, 0x1A, 0x49, 0x91, 0x2C, 0xCB, 0xDE, 0xBA, 0xFD, 0x7E, 0x8B, 0xEE, 0xAE, 0xFB, 0xD4, 0xF3,
    0x7D, 0xEB, 0xAD, 0xE7, 0xCF, 0xFB, 0x3E, 0x6F, 0x01, 0xD6, 0x70, 0x05, 0x32, 0x88, 0x4B, 0xC0,
    0xD1, 0x38, 0x56, 0xF2, 0x1F, 0xDF, 0xA9, 0x84, 0x2A, 0x29, 0x85, 0xF2, 0x14, 0xF2, 0x32, 0x26,
    0x87, 0x02, 0x96, 0xB0, 0x1A, 0x1B, 0xF6, 0x6F, 0x94, 0x6C, 0x60, 0x0B, 0x03, 0xF4, 0x1E, 0x13,
    0x75, 0x2E, 0x8B, 0x3B, 0xD7, 0xA4, 0x6F, 0x7E, 0xAD, 0x77, 0x30, 0x8E, 0x1D, 0x5E, 0xFE, 0x0C,
    0xFA, 0x25, 0xBA, 0x05, 0xF8, 0xB8, 0x6F, 0x19, 0xC6, 0x71, 0x94, 0xBF, 0xFA, 0xF6, 0x91, 0xCB,
    0x49, 0x7B, 0xD1, 0xB5, 0xA4, 0xB9, 0xE8, 0x6A, 0x5A, 0x5F, 0x20, 0xAB, 0x11, 0x2A, 0x84, 0xFF,
    0xFA, 0xDB, 0xA6, 0x0B, 0xC9, 0xCB, 0xA2, 0x56, 0xC8, 0x1A, 0x4B, 0x49, 0x6B, 0x31, 0xC1, 0x5A,
    0xD2, 0xD8, 0xC8, 0x6A, 0x5B, 0xA1, 0x8A, 0xB6, 0xD1, 0x2D, 0xAB, 0xF1, 0x7B, 0xAF, 0x03, 0x18,
    0x10, 0xB7, 0x48, 0x2B, 0x5C, 0xD8, 0x61, 0x54, 0x4E, 0x8C, 0x4A, 0xA1, 0x4A, 0x9D, 0x41, 0x99,
    0x7A, 0x94, 0xD1, 0x02, 0xD6, 0xB0, 0x99, 0x61, 0x87, 0x11, 0x51, 0x87, 0xB8, 0x43, 0xDA, 0xE1,
    0x60, 0x2C, 0x01, 0xF1, 0xD8, 0x2A, 0xFE, 0xCB, 0xAD, 0x8D, 0x4D, 0xDC, 0x59, 0xA7, 0x8D, 0x4F,
    0x87, 0x9A, 0xBC, 0x64, 0x85, 0xD5, 0xD8, 0x3B, 0x78, 0xE5, 0xDB, 0xF6, 0x79, 0xA7, 0xDD, 0xC2,
    0x0A, 0x45, 0x95, 0x96, 0xD9, 0x9B, 0xF7, 0x45, 0x63, 0x0F, 0x40, 0x76, 0xC2, 0x7E, 0x5E, 0xEB,
    0x93, 0x26, 0xEA, 0x92, 0x3A, 0xEE, 0x98, 0x5A, 0x34, 0xE0, 0x04, 0xAB, 0x9A, 0xD0, 0x13, 0x6F,
    0x71, 0x1F, 0x2B, 0x57, 0x15, 0x5E, 0x72, 0xC5, 0xDA, 0xC2, 0xEA, 0x4B, 0x83, 0x6C, 0x6C, 0x80,
    0xA3, 0x63, 0xF9, 0xEB, 0x42, 0x2D, 0x94, 0x42, 0x29, 0xA7, 0x60, 0xC9, 0x82, 0x35, 0x1B, 0x36,
    0x0C, 0xF4, 0xA2, 0x4E, 0xDC, 0x49, 0x3B, 0x07, 0x23, 0x7F, 0xF5, 0x71, 0x96, 0x79, 0xE9, 0x8B,
    0x01, 0xDE, 0x91, 0x34, 0x89, 0x12, 0x6A, 0x42, 0x69, 0x6E, 0x39, 0x0A, 0x2C, 0xB1, 0xC0, 0x1A,
    0x9B, 0xB3, 0x36, 0xA0, 0x27, 0x3A, 0xD3, 0x3E, 0xED, 0xCC, 0xA2, 0x67, 0xD5, 0xA2, 0x93, 0x92,
    0x2D, 0x7A, 0x76, 0x2F, 0x4A, 0x5A, 0x92, 0x86, 0xB4, 0x26, 0x3B, 0x6B, 0xA1, 0x7A, 0x97, 0x7B,
    0xED, 0xDC, 0x6F, 0x20, 0xEA, 0x48, 0x1B, 0x26, 0xA9, 0xE6, 0x41, 0x26, 0x7A, 0xFB, 0xD5, 0x1E,
    0x6D, 0xD2, 0x10, 0x35, 0x69, 0x4D, 0x5C, 0x67, 0x35, 0x49, 0x1D, 0x2A, 0x92, 0x2A, 0x94, 0xA4,
    0x65, 0x3E, 0x56, 0x32, 0xC5, 0xB3, 0xBD, 0x8B, 0x0A, 0x1B, 0x17, 0x2C, 0x2D, 0x5D, 0xB6, 0xB0,
    0x72, 0xCD, 0xDA, 0xD2, 0x6B, 0x36, 0x96, 0x3A, 0x83, 0xCD, 0xE7, 0x1A, 0x43, 0x34, 0x8C, 0x55,
    0xFC, 0xD6, 0x0B, 0xED, 0x7D, 0xAB, 0xF1, 0xE4, 0x61, 0xCF, 0x4C, 0x9C, 0xE4, 0xAF, 0xCF, 0xB4,
    0x42, 0x6D, 0x8B, 0x50, 0x1A, 0xCC, 0xA7, 0x1E, 0xF9, 0xAC, 0xA3, 0x62, 0x66, 0x69, 0x75, 0xE3,
    0xEB, 0x6F, 0x62, 0x75, 0xAA, 0xE9, 0xC0, 0xBE, 0xB4, 0x39, 0x60, 0x23, 0xAD, 0x43, 0x6D, 0x23,
    0x9B, 0x14, 0x1D, 0x84, 0x2A, 0xAB, 0xF5, 0x42, 0x19, 0xEA, 0xA8, 0x93, 0x0B, 0x55, 0xDC, 0x29,
    0xAC, 0xE6, 0x67, 0xF4, 0xB5, 0xAD, 0x83, 0x31, 0x1D, 0xC7, 0xDB, 0x1F, 0xFE, 0x9D, 0xAA, 0x14,
    0x42, 0x6D, 0x29, 0xAB, 0x2D, 0x26, 0x58, 0x0B, 0x95, 0x8D, 0x50, 0xDA, 0xCA, 0x45, 0x5B, 0x45,
    0xB9, 0x1A, 0xEB, 0x55, 0x07, 0x50, 0xC0, 0x1A, 0x3A, 0xC4, 0xD5, 0x3B, 0xAC, 0xC3, 0x34, 0xB6,
    0xD2, 0x5E, 0xA8, 0xD3, 0x4A, 0x28, 0x9F, 0x76, 0x0A, 0x2F, 0x91, 0x47, 0x2D, 0x45, 0x5A, 0xB1,
    0xBC, 0x88, 0xD5, 0x31, 0xF6, 0x0F, 0xB0, 0xC9, 0x2B, 0x36, 0xA1, 0x66, 0x48, 0x5B, 0xFA, 0xA4,
    0x13, 0x75, 0x06, 0x71, 0xE7, 0x9E, 0xB4, 0xB3, 0x2A, 0x0F, 0x46, 0x79, 0x03, 0x90, 0xD6, 0x10,
    0xB7, 0xA0, 0x03, 0x9F, 0xDF, 0x19, 0x8D, 0xC9, 0xD8, 0x4F, 0xE3, 0xF1, 0xA0, 0x32, 0xB3, 0x11,
    0x4A, 0xFB, 0x13, 0x46, 0x5B, 0x72, 0xE9, 0x96, 0xC2, 0x17, 0xB7, 0x2C, 0xDD, 0x1D, 0x58, 0x24,
    0x75, 0xCF, 0x3A, 0x44, 0x1D, 0x9B, 0x6B, 0x71, 0xC7, 0xBD, 0x36, 0x69, 0x19, 0xAB, 0xA4, 0xE1,
    0xD8, 0x29, 0x46, 0xBD, 0xB4, 0x16, 0x77, 0xB2, 0x5A, 0xDA, 0xC9, 0x6B, 0x07, 0x63, 0x34, 0x6E,
    0x01, 0x17, 0x3C, 0x4F, 0x11, 0xD5, 0xE4, 0x23, 0xCE, 0x7F, 0x1B, 0x70, 0xB4, 0x4D, 0xC7, 0xB2,
    0x68, 0xA2, 0x63, 0xA1, 0xD6, 0x09, 0x75, 0xD4, 0xC8, 0xEA, 0xA4, 0x96, 0x34, 0x29, 0xD3, 0x23,
    0x11, 0x77, 0x97, 0x89, 0xBA, 0xAB, 0xE8, 0x5F, 0xC6, 0x5B, 0x35, 0x8E, 0x2A, 0x1C, 0xC0, 0x02,
    0xAE, 0x21, 0xEA, 0x70, 0xD4, 0xE0, 0xA0, 0xDC, 0x21, 0x9A, 0x8E, 0xED, 0x34, 0xB6, 0x8E, 0x4A,
    0xA1, 0xB2, 0x9E, 0x89, 0x6E, 0xC8, 0x4B, 0x03, 0x39, 0x3D, 0x85, 0xA8, 0x63, 0x29, 0xEE, 0x58,
    0xCC, 0xB8, 0x36, 0x91, 0xDB, 0x98, 0xC8, 0x6D, 0xA5, 0x35, 0x83, 0xAC, 0xA6, 0x17, 0x2A, 0x51,
    0x37, 0x61, 0x7C, 0x8A, 0xA5, 0xF4, 0xCD, 0x1B, 0x2F, 0x54, 0x93, 0x75, 0x1E, 0x7B, 0xE2, 0x63,
    0x88, 0x7A, 0xD0, 0x82, 0x06, 0x54, 0x40, 0x87, 0xB8, 0x47, 0x32, 0x20, 0x3B, 0xC4, 0x53, 0x1B,
    0x5C, 0x5B, 0xE3, 0xE6, 0x04, 0xED, 0x82, 0xB8, 0x5E, 0x90, 0x96, 0x4B, 0x82, 0x15, 0xF9, 0x38,
    0x72, 0x4D, 0xC1, 0x5D, 0x39, 0x8D, 0x50, 0x26, 0xB5, 0x79, 0x74, 0x17, 0xF5, 0xC1, 0x36, 0x1E,
    0xBB, 0xC9, 0x3C, 0x9B, 0xCC, 0xB3, 0xE9, 0x9F, 0x27, 0x78, 0x9C, 0xBC, 0x3C, 0xB7, 0x6B, 0x9E,
    0x57, 0x5F, 0x7D, 0xE0, 0x70, 0xD6, 0x71, 0xCF, 0xC6, 0x96, 0xAD, 0x0D, 0xC3, 0x04, 0xBD, 0xED,
    0x83, 0xA1, 0x94, 0x74, 0xA7, 0x9C, 0x5E, 0x98, 0x9E, 0xDD, 0x5B, 0x38, 0x1A, 0x6F, 0x4F, 0x92,
    0x8F, 0x09, 0xD5, 0x8A, 0x50, 0x16, 0x67, 0x90, 0x2B, 0x28, 0x2C, 0x58, 0x46, 0xC3, 0x24, 0xB9,
    0x66, 0xFF, 0xEB, 0xDD, 0x99, 0xE4, 0x8D, 0x7D, 0x86, 0x09, 0x7A, 0xFB, 0xA2, 0xCE, 0x56, 0xDC,
    0x4D, 0xE3, 0xE3, 0xCD, 0xE7, 0x5A, 0x07, 0xE3, 0xC9, 0xC7, 0xEA, 0x52, 0x26, 0xD1, 0x03, 0xF9,
    0x2B, 0x77, 0x6E, 0x13, 0x14, 0xB8, 0x68, 0x85, 0xA7, 0x2C, 0x99, 0xAD, 0x93, 0xD9, 0x3A, 0xF1,
    0xA2, 0x0D, 0xEE, 0x1A, 0xD0, 0xEA, 0x89, 0x9A, 0xA8, 0x27, 0xA9, 0x67, 0x8B, 0x58, 0xC6, 0x1D,
    0x41, 0xD2, 0xF2, 0x94, 0xA4, 0x61, 0x4F, 0x5A, 0x3B, 0xF7, 0xE6, 0x8D, 0x67, 0xFF, 0xC7, 0xD9,
    0x6C, 0x1C, 0x0B, 0x15, 0x1B, 0x4F, 0x63, 0xCF, 0x65, 0x5C, 0x73, 0x0D, 0x57, 0x3D, 0x83, 0x5F,
    0xFF, 0x38, 0x63, 0x8F, 0x83, 0x6E, 0x35, 0xA6, 0x23, 0x79, 0x93, 0xF5, 0xF1, 0x40, 0x52, 0xA7,
    0xCD, 0x03, 0x53, 0x9D, 0x41, 0x97, 0xD5, 0x97, 0xE1, 0x6A, 0xA8, 0x5E, 0x83, 0xCB, 0xE1, 0xCB,
    0x0D, 0x3C, 0x95, 0x67, 0x25, 0xB3, 0xED, 0x04, 0xC7, 0x07, 0xCF, 0x55, 0x88, 0xFB, 0x65, 0xA8,
    0x91, 0xB5, 0x8B, 0xB4, 0x41, 0x5E, 0xAD, 0x93, 0x0E, 0x2B, 0x9B, 0xB8, 0xC7, 0xD6, 0x60, 0x20,
    0x99, 0x0D, 0x39, 0x79, 0x13, 0x0F, 0x56, 0xA5, 0xC9, 0x8C, 0x97, 0x79, 0x03, 0x14, 0x27, 0xA2,
    0xB7, 0xF2, 0x3A, 0x69, 0x4F, 0x55, 0x39, 0xC5, 0xA8, 0x7A, 0xE0, 0x8D, 0xB2, 0x9A, 0x82, 0xA2,
    0xE7, 0xC9, 0x7B, 0xC8, 0xCB, 0x33, 0xAF, 0x54, 0x3F, 0x21, 0xD4, 0x2F, 0x09, 0xD5, 0x5A, 0x61,
    0xF5, 0xA5, 0x7B, 0xB2, 0xB1, 0xFD, 0x15, 0x99, 0x27, 0x52, 0x9F, 0x47, 0xA8, 0x5E, 0x46, 0x18,
    0x2B, 0x44, 0xBF, 0xF7, 0x2B, 0x30, 0x97, 0x1F, 0xA7, 0x63, 0x98, 0x06, 0x6D, 0x39, 0xB9, 0xF6,
    0xB7, 0xD0, 0x26, 0x1D, 0x51, 0x93, 0xB4, 0xC4, 0x75, 0xD2, 0xCC, 0x63, 0xA8, 0x26, 0xA9, 0xB2,
    0x9A, 0xB4, 0x0C, 0x15, 0x99, 0x50, 0x72, 0x51, 0x5E, 0x72, 0x41, 0x8E, 0xCB, 0x0A, 0x5C, 0xB3,
    0xC4, 0x6B, 0x16, 0xE8, 0xAC, 0xF9, 0x5C, 0x63, 0xC3, 0x58, 0x45, 0x5B, 0xEE, 0xCB, 0xC7, 0x1A,
    0xE0, 0xA8, 0x9B, 0x5B, 0xDE, 0x89, 0xC6, 0x52, 0xE8, 0x25, 0xC7, 0x5C, 0x1C, 0x64, 0x1B, 0x2E,
    0x0C, 0x2E, 0x6C, 0xB8, 0xB4, 0x71, 0x79, 0xE0, 0xF2, 0xC6, 0xD5, 0x7E, 0x36, 0x85, 0x7F, 0xD2,
    0x71, 0x75, 0x11, 0x7D, 0xB7, 0xE3, 0xE6, 0x22, 0xF9, 0x46, 0xC7, 0xDD, 0x65, 0x96, 0xB4, 0xDC,
    0x2D, 0x2E, 0x24, 0x0D, 0x6D, 0x71, 0x39, 0xAD, 0x69, 0xF2, 0x17, 0xB3, 0x5A, 0x54, 0xE7, 0x6D,
    0xA8, 0xC5, 0x75, 0xA8, 0x43, 0x25, 0x3D, 0x85, 0xA2, 0x72, 0xD0, 0x87, 0x29, 0x20, 0x9C, 0x9F,
    0x5A, 0x37, 0x3D, 0xB5, 0xC9, 0xF6, 0xD7, 0x16, 0x84, 0x72, 0xC7, 0x03, 0x30, 0x50, 0xCC, 0xB8,
    0xA4, 0x9F, 0x5F, 0x8A, 0x8E, 0xFD, 0x1B, 0xB3, 0x1D, 0xDB, 0xF1, 0x00, 0x83, 0xB4, 0xA6, 0x9F,
    0x30, 0x9A, 0x9F, 0x57, 0xDC, 0x99, 0xEE, 0xD6, 0x29, 0xA6, 0xA7, 0x16, 0x8F, 0x03, 0x20, 0x1E,
    0x1B, 0x8A, 0xBF, 0x37, 0xB0, 0x9D, 0xDD, 0x89, 0x5C, 0xDA, 0xCC, 0x21, 0x88, 0x50, 0xE5, 0xE5,
    0x6C, 0x44, 0x67, 0x90, 0x57, 0xB7, 0xC8, 0xCB, 0x7D, 0x0A, 0xFB, 0xAC, 0x26, 0xD8, 0xB7, 0xB0,
    0xFB, 0x8B, 0xB2, 0xE6, 0x85, 0x52, 0x34, 0x0E, 0x3B, 0x61, 0xF8, 0xE4, 0xCB, 0x7E, 0xFC, 0xCA,
    0x43, 0x5F, 0x56, 0xD9, 0x10, 0xFE, 0xB2, 0x2F, 0xEB, 0x59, 0x8A, 0xDE, 0xD5, 0x97, 0x6D, 0x76,
    0x7D, 0xD9, 0x84, 0xBB, 0xBE, 0x6C, 0x1A, 0x29, 0x93, 0x2F, 0x9B, 0x86, 0xFA, 0x03, 0xCB, 0xBF,
    0x7D, 0xC7, 0xF2, 0xE7, 0x33, 0x94, 0x72, 0xA7, 0x50, 0x28, 0x58, 0x5A, 0xB1, 0xB0, 0x61, 0xFF,
    0xD9, 0xF9, 0x37, 0xCA, 0x5F, 0x58, 0xC8, 0x8F, 0x5B, 0x7C, 0x90, 0x90, 0x7F, 0x37, 0x80, 0x8B,
    0xBB, 0x29, 0x80, 0x6B, 0x2F, 0xBA, 0x9A, 0x34, 0x17, 0xCC, 0x54, 0xCF, 0xA2, 0xB8, 0x87, 0xA1,
    0x5C, 0xE9, 0xDD, 0x5D, 0xCC, 0x3E, 0x6C, 0x10, 0x1D, 0xA3, 0x18, 0xEB, 0x8F, 0x3F, 0x34, 0x71,
    0x6E, 0x76, 0xCA, 0xDB, 0x33, 0x2D, 0xCF, 0xDF, 0xF9, 0x3F, 0x39, 0xBA, 0xF3, 0x46, 0x93, 0xF4,
    0xE1, 0x4B, 0x43, 0xA8, 0x73, 0x9B, 0xA2, 0x2C, 0xEC, 0xAF, 0x2C, 0x2D, 0x97, 0x16, 0x96, 0xFB,
    0xF6, 0xDC, 0xDA, 0xB7, 0x76, 0x6F, 0x69, 0x63, 0xBB, 0x32, 0xC4, 0x5D, 0xA8, 0xFA, 0xD0, 0x24,
    0x6F, 0xBF, 0x7D, 0xC2, 0x5F, 0x7B, 0xFB, 0x36, 0x71, 0x87, 0xE2, 0x2D, 0x3C, 0x39, 0x4B, 0x3F,
    0x9E, 0xDD, 0x44, 0x37, 0x3B, 0x89, 0x2E, 0x6E, 0x88, 0xBB, 0xB4, 0x24, 0x1A, 0x2E, 0xC2, 0xF6,
    0x1A, 0xEC, 0x77, 0xB0, 0xAA, 0xA1, 0x28, 0x61, 0x55, 0xC1, 0x58, 0x23, 0xFE, 0x7E, 0x83, 0x2C,
    0xE9, 0xF0, 0xC5, 0x59, 0xFA, 0x8B, 0x06, 0xA2, 0xD6, 0x96, 0xAC, 0x75, 0x32, 0x51, 0x08, 0x63,
    0xFD, 0x4B, 0x09, 0xB5, 0xAE, 0x3F, 0x08, 0xB5, 0xCE, 0x88, 0xB2, 0x8B, 0x2D, 0xB8, 0x6D, 0x35,
    0x26, 0x63, 0x97, 0xF5, 0x8E, 0xCA, 0xB4, 0x79, 0x27, 0x46, 0xAF, 0x6D, 0x84, 0xCA, 0x20, 0x94,
    0x33, 0xCC, 0x37, 0x98, 0xE4, 0x37, 0x7F, 0xA5, 0x93, 0x8C, 0x63, 0xCB, 0xBF, 0xF3, 0x95, 0xC6,
    0xCE, 0xB0, 0xD9, 0xC9, 0x00, 0x8A, 0x9A, 0x78, 0x1C, 0x26, 0x8E, 0xC5, 0xC9, 0x44, 0x76, 0xB2,
    0xCF, 0xF1, 0x1C, 0x16, 0x25, 0x6D, 0xD4, 0xCF, 0xA1, 0x4B, 0x1D, 0x77, 0xE4, 0x0F, 0xCE, 0xD3,
    0x48, 0x69, 0x29, 0xA6, 0x2B, 0x1A, 0x96, 0xF3, 0x15, 0x2C, 0xE6, 0xFF, 0x61, 0xAD, 0x10, 0x6A,
    0x36, 0x56, 0x42, 0xC5, 0x76, 0xBE, 0x82, 0x61, 0xBE, 0x82, 0x7E, 0xBE, 0x42, 0xD4, 0xD9, 0x58,
    0xCE, 0x64, 0x07, 0x0B, 0x53, 0x1F, 0xBC, 0x75, 0xE3, 0x16, 0x07, 0xE3, 0x74, 0x34, 0xBF, 0x60,
    0x7D, 0xAA, 0x9F, 0x53, 0x9F, 0xF2, 0x4C, 0x9F, 0x16, 0x48, 0x1B, 0x20, 0xA9, 0x77, 0xCF, 0xC4,
    0xD5, 0xD9, 0xB9, 0x14, 0xE6, 0x77, 0xB6, 0x37, 0x59, 0xF2, 0x6B, 0x59, 0x3D, 0x85, 0x29, 0x4C,
    0x2D, 0x2F, 0xC9, 0xC7, 0x6A, 0xCE, 0x29, 0x97, 0x36, 0x16, 0xF6, 0xAD, 0x2D, 0x6D, 0xE6, 0xB6,
    0x6F, 0xB0, 0xD5, 0xC7, 0x7D, 0xF2, 0xE6, 0x0B, 0xCD, 0x6A, 0x3C, 0x99, 0xF8, 0xFB, 0x19, 0x7D,
    0x3F, 0x63, 0xCF, 0x4C, 0x5E, 0x34, 0x73, 0x37, 0x53, 0x67, 0x66, 0xCE, 0x44, 0x7C, 0x75, 0x32,
    0xF3, 0x5E, 0xFE, 0x07, 0xDD, 0x4C, 0xDB, 0x30, 0x9D, 0x36, 0x36, 0x33, 0x69, 0x9B, 0x99, 0xB3,
    0xCD, 0x4C, 0xD9, 0x76, 0x66, 0x6C, 0x58, 0x99, 0x03, 0xE3, 0xA5, 0x39, 0x34, 0xBE, 0x6F, 0x0A,
    0x8E, 0xC3, 0xD8, 0x3C, 0xC8, 0xE9, 0x77, 0x72, 0xEC, 0xA9, 0xA1, 0x30, 0xDF, 0x68, 0xBA, 0x8B,
    0xB5, 0x61, 0x92, 0x3F, 0x09, 0x37, 0xD8, 0x4C, 0x62, 0x27, 0x99, 0x93, 0xC0, 0x49, 0xDA, 0xA9,
    0xA8, 0x47, 0xC2, 0xA7, 0xA4, 0x4B, 0xEA, 0xA8, 0x8F, 0x2A, 0x03, 0xB6, 0xEF, 0xB4, 0xD5, 0xB8,
    0xF5, 0xE4, 0x8D, 0x81, 0xA8, 0x7F, 0x90, 0xEC, 0x3F, 0x21, 0x3D, 0x0B, 0x9F, 0x96, 0xF3, 0xAC,
    0x45, 0x18, 0x6F, 0xC3, 0x4E, 0xD4, 0xE2, 0xA8, 0x37, 0x8D, 0x8D, 0xD7, 0x0F, 0x08, 0x75, 0x5E,
    0x86, 0x4A, 0x28, 0xF7, 0xA5, 0xB5, 0x50, 0x0E, 0x92, 0x46, 0x1E, 0x77, 0x92, 0x56, 0x91, 0xCC,
    0xA7, 0x65, 0xDA, 0x4E, 0xA7, 0xD5, 0xD8, 0x4C, 0xA7, 0xFD, 0xE7, 0x6A, 0x69, 0x33, 0x07, 0x16,
    0x59, 0x3D, 0x9F, 0x42, 0x6D, 0x08, 0xB5, 0xBC, 0xD4, 0x67, 0xB5, 0x95, 0xA8, 0x4B, 0x6B, 0x6B,
    0x71, 0x37, 0x0F, 0xBA, 0xB4, 0x33, 0x64, 0x8D, 0x83, 0x71, 0xE2, 0x02, 0xC0, 0xE7, 0xC6, 0x63,
    0xF1, 0xC9, 0x9D, 0x56, 0xD6, 0x84, 0x4A, 0x5E, 0x86, 0x52, 0x21, 0xA7, 0x50, 0x4C, 0xB0, 0x22,
    0x9F, 0x93, 0x9D, 0x66, 0x41, 0x32, 0x6E, 0x49, 0xDE, 0xDC, 0x12, 0xEA, 0x81, 0xA2, 0xEC, 0xB9,
    0xA5, 0x37, 0xF7, 0x59, 0xDC, 0xC7, 0x9D, 0xAC, 0x9D, 0xF2, 0xF7, 0x29, 0xA0, 0x71, 0xFE, 0xE5,
    0xD2, 0xAD, 0xA3, 0x3A, 0xEA, 0x42, 0x95, 0xD6, 0xA1, 0x0C, 0x55, 0x90, 0xCB, 0x67, 0xB9, 0x4B,
    0x4B, 0x8B, 0x79, 0xF0, 0x6C, 0xEC, 0x47, 0x5B, 0x8B, 0x64, 0x6D, 0xF5, 0xB7, 0xF6, 0xAF, 0x87,
    0x7E, 0x55, 0x03, 0x10, 0xB5, 0xCE, 0x8F, 0x93, 0xC2, 0x65, 0x7C, 0x72, 0x7D, 0xA2, 0x2A, 0xE0,
    0x52, 0xD1, 0xFA, 0x37, 0x5E, 0xBF, 0xE7, 0x6F, 0x54, 0x85, 0x03, 0xB9, 0x7B, 0x42, 0xB9, 0x11,
    0xCA, 0xAD, 0xDC, 0x56, 0x61, 0xB0, 0x74, 0x68, 0x6D, 0x6D, 0xB0, 0x4C, 0x5A, 0xD9, 0x58, 0xE2,
    0x2C, 0xA7, 0xBD, 0x75, 0x5F, 0xDC, 0xE6, 0xE5, 0xAC, 0x4F, 0x59, 0xC8, 0x6D, 0x14, 0x47, 0x8D,
    0xD5, 0x7F, 0xD3, 0x5A, 0xDA, 0x4E, 0x3A, 0xCD, 0x9A, 0x15, 0xD6, 0x42, 0x35, 0x48, 0xC6, 0x06,
    0xF8, 0xED, 0x32, 0x19, 0xBB, 0x34, 0x1A, 0x18, 0xE8, 0xC5, 0x9D, 0xA2, 0x4C, 0x5B, 0xC5, 0xC3,
    0x69, 0xA6, 0xEA, 0xE0, 0xEB, 0x75, 0x3E, 0x02, 0x38, 0x18, 0xF8, 0xF4, 0x01, 0x42, 0xC9, 0x1C,
    0xB2, 0x4D, 0xAD, 0xF1, 0xB9, 0x3F, 0x6F, 0xBC, 0x75, 0xD0, 0x24, 0xCD, 0xD4, 0xDB, 0x69, 0x33,
    0xC5, 0x11, 0x85, 0xB4, 0x5E, 0xCA, 0xEA, 0x85, 0x50, 0x9D, 0x36, 0x0B, 0x57, 0x5C, 0xB1, 0x16,
    0xBE, 0xD4, 0x49, 0xC6, 0x0A, 0xA6, 0xCE, 0x74, 0xEB, 0x5E, 0xD4, 0xAD, 0xD2, 0xBA, 0x08, 0xE5,
    0x32, 0xB7, 0x2E, 0xCE, 0xF7, 0xAB, 0xB1, 0x5A, 0x96, 0x16, 0x2C, 0x29, 0x3C, 0x13, 0x7E, 0xD8,
    0xC5, 0x63, 0x05, 0xBF, 0xE9, 0x09, 0xBF, 0x27, 0x19, 0xCB, 0xC3, 0xEC, 0x8E, 0x2C, 0xAB, 0x0F,
    0x9F, 0x0E, 0x1E, 0x4B, 0xEA, 0x7E, 0xEF, 0x22, 0x49, 0xD3, 0x1D, 0x22, 0xF9, 0xC3, 0xAE, 0x47,
    0xF2, 0x93, 0xB7, 0x3B, 0x24, 0x73, 0x64, 0x25, 0xFD, 0xDE, 0x0F, 0x3A, 0x64, 0xDF, 0x9C, 0x82,
    0xBB, 0x27, 0x42, 0x3A, 0x9D, 0x5E, 0x7A, 0x3A, 0xFB, 0x9D, 0xEE, 0x09, 0xEB, 0xBD, 0x50, 0x1E,
    0xDF, 0xB5, 0x6A, 0x83, 0x55, 0x23, 0xF2, 0xA0, 0x5B, 0xD2, 0x9F, 0x74, 0xA1, 0x1C, 0x2E, 0xDA,
    0x70, 0x48, 0xE7, 0xD5, 0xCA, 0x9D, 0x4A, 0xDC, 0xD2, 0x3D, 0xA3, 0x7B, 0x2D, 0xEE, 0x36, 0xA7,
    0x04, 0x47, 0x78, 0xB2, 0x3C, 0xE7, 0xE0, 0x6C, 0x1C, 0x84, 0x2A, 0x37, 0xF7, 0xBF, 0xA5, 0x7C,
    0x26, 0xBC, 0x67, 0x61, 0x63, 0x61, 0xB0, 0x8E, 0x4F, 0xDB, 0x27, 0x7B, 0xCB, 0x97, 0xEE, 0x55,
    0x45, 0x7B, 0x50, 0x82, 0x27, 0x62, 0x0E, 0x1F, 0xE7, 0xFE, 0x21, 0xC5, 0x6D, 0x1F, 0x55, 0xDE,
    0x93, 0xE5, 0x8D, 0xF2, 0xA0, 0x3E, 0x6A, 0xA6, 0x4E, 0xCF, 0xAA, 0xBB, 0xC2, 0x97, 0x6A, 0x21,
    0x25, 0xFF, 0x87, 0x14, 0x23, 0xCB, 0xBC, 0xB4, 0x08, 0xB5, 0xBD, 0xB4, 0xB1, 0x4E, 0x3A, 0x87,
    0xB6, 0x06, 0x07, 0x3C, 0x79, 0xE3, 0xBA, 0x62, 0xEC, 0xA5, 0x65, 0x27, 0x8D, 0x3A, 0x8F, 0xC7,
    0xAD, 0x29, 0xEA, 0xBD, 0x74, 0xDA, 0xBE, 0x90, 0xD6, 0xAE, 0x66, 0xB5, 0x9B, 0x59, 0xA5, 0x9D,
    0x66, 0x01, 0x42, 0x39, 0x56, 0xE1, 0x7F, 0x3A, 0x91, 0xF5, 0x67, 0x0A, 0x3B, 0x47, 0xD1, 0x58,
    0x91, 0xB6, 0x8E, 0x48, 0x3B, 0x27, 0x64, 0x5D, 0x72, 0x8F, 0x0B, 0x5D, 0xB6, 0xC7, 0xA5, 0xEE,
    0xC2, 0x9A, 0x2F, 0xF4, 0xD7, 0x36, 0x5C, 0x3D, 0xBC, 0x3B, 0x70, 0xF3, 0xA5, 0xA6, 0xA7, 0x3D,
    0xA8, 0x3A, 0x49, 0xBD, 0xD2, 0x19, 0xCB, 0x85, 0xB7, 0xAA, 0x13, 0xD7, 0x1C, 0x95, 0x1E, 0xF4,
    0x44, 0x39, 0xF5, 0x44, 0x36, 0xB5, 0xB3, 0x9E, 0x08, 0xAE, 0xC8, 0x5F, 0xB9, 0xA7, 0x18, 0xB7,
    0x96, 0xD6, 0x16, 0x36, 0xF6, 0x0C, 0xD6, 0x06, 0x87, 0x8E, 0xAB, 0xC1, 0x41, 0x65, 0xF7, 0xAD,
    0x98, 0xDF, 0xD2, 0xE9, 0xBD, 0x48, 0x9A, 0x5C, 0xD2, 0xAC, 0xA4, 0xCD, 0x52, 0x5A, 0x2F, 0xDE,
    0x19, 0x98, 0xB9, 0x2B, 0x16, 0xC2, 0x97, 0x7A, 0xF3, 0xA0, 0x9C, 0xEF, 0xFB, 0x6D, 0x07, 0xDF,
    0x3F, 0x91, 0xFD, 0xAF, 0x85, 0xAC, 0xCB, 0x85, 0x3A, 0x17, 0xAA, 0x2B, 0x72, 0x0B, 0x85, 0xBD,
    0x9D, 0xFB, 0x1E, 0x9E, 0xDD, 0xF7, 0xDE, 0x3B, 0xF7, 0x8D, 0xBE, 0xFA, 0xD9, 0x32, 0xDD, 0x1E,
    0x35, 0xFE, 0xF1, 0x37, 0x3A, 0xFF, 0x38, 0xEA, 0x6C, 0xF5, 0x06, 0x7D, 0xD4, 0x45, 0x5D, 0xDC,
    0x4D, 0x16, 0xEB, 0xF4, 0xA7, 0x39, 0xFD, 0xA9, 0xB3, 0x3A, 0xAD, 0x73, 0x59, 0xB3, 0x2F, 0x8C,
    0xAD, 0x50, 0x12, 0x90, 0xE3, 0x0A, 0x56, 0x53, 0x6B, 0x1F, 0xF2, 0x88, 0xBA, 0xC2, 0x74, 0x7D,
    0x28, 0x1F, 0x7B, 0xD7, 0x29, 0xD5, 0xA5, 0xF9, 0x5D, 0x11, 0x7E, 0xD8, 0x89, 0x1F, 0xF2, 0x88,
    0x5E, 0x9E, 0x98, 0x84, 0xED, 0xC4, 0xE5, 0xEA, 0x62, 0x62, 0x73, 0x7B, 0x31, 0xF1, 0xA9, 0x26,
    0xEE, 0x85, 0xB5, 0x7C, 0x66, 0x53, 0xCC, 0x5C, 0x96, 0xD6, 0xFA, 0x99, 0x59, 0x37, 0xFD, 0x3D,
    0x9A, 0x9D, 0xC8, 0x29, 0x1E, 0xEA, 0xA3, 0xB7, 0xAA, 0x41, 0x6F, 0x04, 0x44, 0xD7, 0x3D, 0x9F,
    0x0C, 0xB6, 0x36, 0xD6, 0xD6, 0xF3, 0xA0, 0xBC, 0xE6, 0x8A, 0x17, 0xE5, 0xEE, 0x0A, 0x65, 0x23,
    0x7C, 0xA3, 0x96, 0x7D, 0xAF, 0x94, 0xFC, 0x01, 0xC9, 0xFF, 0x45, 0x3C, 0x10, 0x75, 0x68, 0x48,
    0x2A, 0x02, 0xD6, 0xAC, 0x7A, 0x76, 0x2D, 0x23, 0x1C, 0x35, 0xC4, 0x7F, 0xD8, 0x91, 0xD6, 0xB7,
    0xC9, 0x1E, 0x44, 0xCF, 0x8F, 0xFF, 0xFD, 0x5F, 0xE3, 0xFE, 0xD1, 0x1B, 0x75, 0xD2, 0x16, 0x49,
    0x9B, 0xD5, 0x8B, 0xE9, 0xC9, 0xEE, 0xC5, 0x5D, 0x6E, 0x1D, 0x77, 0xAB, 0x29, 0x9E, 0x5F, 0x1A,
    0x92, 0x6E, 0xA1, 0x4F, 0xDA, 0x85, 0x2E, 0xAD, 0x17, 0x51, 0x17, 0xEA, 0x65, 0xDC, 0xE6, 0xF2,
    0xBF, 0xD9, 0xED, 0xCB, 0x7E, 0x3A, 0x76, 0x24, 0xF5, 0x3B, 0x91, 0x56, 0xC5, 0xA5, 0x80, 0xC5,
    0x17, 0x91, 0xF7, 0x1E, 0x52, 0xBB, 0x1E, 0x0F, 0xC9, 0xEB, 0x36, 0x59, 0x69, 0xF1, 0x14, 0xC5,
    0x35, 0x42, 0x47, 0xA8, 0xC9, 0x6A, 0xF2, 0x86, 0xFF, 0xB8, 0xA3, 0xED, 0x24, 0xF5, 0x30, 0xFB,
    0xB5, 0xFB, 0x56, 0xD5, 0xCF, 0xF1, 0xDA, 0x36, 0x45, 0x7B, 0x50, 0xA3, 0x26, 0xAD, 0x38, 0x22,
    0xDE, 0x92, 0x54, 0xC4, 0x3C, 0x59, 0x46, 0x65, 0xD1, 0x64, 0xB3, 0x8B, 0x39, 0x6D, 0xB2, 0x79,
    0x10, 0x16, 0x42, 0xB9, 0x14, 0xBE, 0x73, 0x4F, 0x32, 0x6E, 0xF8, 0xF4, 0x1A, 0x87, 0x67, 0xED,
    0xDE, 0x6D, 0x56, 0x15, 0x4C, 0xBA, 0xFC, 0x4C, 0x9B, 0xC2, 0xA4, 0xCF, 0x72, 0xD6, 0x68, 0x21,
    0x94, 0x93, 0x26, 0xF3, 0x23, 0x9F, 0xF5, 0x3A, 0x9C, 0xED, 0xF1, 0x30, 0xEB, 0xD6, 0x4F, 0xDA,
    0xC5, 0x9D, 0x75, 0x32, 0xA4, 0xA7, 0xF8, 0xC9, 0xE1, 0x62, 0x37, 0xE9, 0xF8, 0xDF, 0xBD, 0x59,
    0x16, 0xED, 0xAA, 0x1E, 0xF1, 0x8B, 0x96, 0xFC, 0x17, 0xD5, 0x2C, 0xB9, 0x82, 0xA4, 0x84, 0x0C,
    0xA2, 0x13, 0x48, 0x7A, 0xC8, 0x4A, 0xF8, 0x24, 0xE7, 0x6E, 0x7C, 0x35, 0x1F, 0xB7, 0x97, 0xE3,
    0xF6, 0x6A, 0x28, 0xED, 0x31, 0x79, 0x90, 0x3E, 0xAB, 0x36, 0xA1, 0x5C, 0x06, 0xAB, 0x60, 0x19,
    0xCA, 0x45, 0x56, 0x0F, 0xF1, 0xD8, 0xE2, 0x46, 0xE9, 0x46, 0x79, 0x54, 0x3B, 0xAA, 0xE6, 0xB8,
    0x23, 0x94, 0x13, 0x90, 0x9F, 0x79, 0xFF, 0xB1, 0xB9, 0x62, 0x19, 0x77, 0x8B, 0x49, 0xAD, 0x3D,
    0x7B, 0xB6, 0x6B, 0x7B, 0x86, 0x8D, 0x85, 0x7E, 0xA3, 0x48, 0xBA, 0x7B, 0xB7, 0xB3, 0xB1, 0x5A,
    0xD5, 0x67, 0x7C, 0x1D, 0xD4, 0x42, 0x65, 0x96, 0x24, 0x27, 0x3F, 0xFD, 0xF5, 0xB8, 0x5F, 0xD8,
    0x2E, 0x6C, 0x16, 0x36, 0x4B, 0x43, 0xFE, 0xE5, 0x2E, 0x1D, 0xAB, 0x1D, 0xB7, 0xB1, 0xB9, 0x68,
    0xCD, 0x82, 0x85, 0x1B, 0xFB, 0xD1, 0xB8, 0x65, 0xCD, 0x30, 0xB9, 0x8D, 0xA4, 0x39, 0x0C, 0xD5,
    0xEA, 0x98, 0xF9, 0xF9, 0xFE, 0x9E, 0x83, 0xBA, 0xB8, 0x53, 0x66, 0xF5, 0x61, 0xD2, 0x9C, 0x3A,
    0xA3, 0xA4, 0x0D, 0x5F, 0x69, 0xE2, 0x2E, 0x4C, 0x91, 0x73, 0x7E, 0xE7, 0x14, 0x8A, 0xB1, 0x4A,
    0xDA, 0xE5, 0x64, 0xB9, 0x16, 0xD3, 0x18, 0xD8, 0x9B, 0x06, 0xD7, 0x7A, 0x32, 0x84, 0xA7, 0xD7,
    0xAF, 0x0D, 0x66, 0xB2, 0x70, 0xFE, 0xF7, 0x4B, 0x07, 0xAF, 0x76, 0xD1, 0x10, 0xB7, 0x71, 0x97,
    0x34, 0xC9, 0xBC, 0xFA, 0x94, 0xD6, 0xB6, 0x59, 0xE5, 0x54, 0x88, 0xE2, 0xB9, 0xD2, 0x7E, 0x60,
    0xC8, 0xC5, 0xDD, 0xE4, 0x9A, 0xF3, 0xAF, 0xAE, 0xAA, 0xD0, 0x01, 0x84, 0x52, 0x5A, 0x8B, 0x1B,
    0x5E, 0xFE, 0xD0, 0x2E, 0xF9, 0x33, 0xE7, 0x4D, 0x9D, 0x6F, 0x11, 0x80, 0x33, 0x01, 0xA7, 0x12,
    0x9C, 0x8A, 0x90, 0xD6, 0xF3, 0x88, 0x95, 0x5B, 0x3B, 0x15, 0xE3, 0x54, 0x8E, 0x65, 0xF9, 0xDE,
    0x26, 0x2B, 0x9F, 0x63, 0x90, 0xA8, 0xB3, 0x1A, 0xBB, 0xA4, 0x95, 0x34, 0xD2, 0xEF, 0x6E, 0xD3,
    0x7F, 0x7A, 0x94, 0xBD, 0x56, 0x84, 0xA6, 0x08, 0xF5, 0x95, 0xDC, 0xA2, 0xB0, 0x58, 0x5A, 0x2F,
    0x6C, 0xF6, 0x1C, 0xAE, 0xF5, 0x87, 0xBA, 0xC9, 0x48, 0xCD, 0x01, 0xA5, 0xA4, 0x96, 0x55, 0x72,
    0xD1, 0x00, 0xEC, 0xD3, 0x4B, 0x6A, 0xE7, 0x3F, 0x6C, 0xB4, 0xF3, 0xDE, 0x86, 0xF7, 0x06, 0xAB,
    0xB1, 0x7C, 0x5F, 0xC3, 0x3B, 0xDD, 0x68, 0x1A, 0x08, 0x7D, 0xEE, 0xC5, 0x9C, 0x50, 0x4B, 0x07,
    0xD1, 0x58, 0xCA, 0x6B, 0x49, 0xF3, 0x72, 0xDC, 0x76, 0x49, 0x73, 0x98, 0x55, 0xC5, 0x31, 0x10,
    0xB5, 0x49, 0x17, 0xB7, 0xF0, 0xE4, 0xE4, 0xEF, 0xAA, 0xD3, 0x9F, 0x32, 0x3F, 0xF3, 0x4B, 0x7B,
    0xD6, 0xD6, 0x6E, 0x3D, 0xBF, 0xAA, 0x21, 0xBF, 0xB2, 0x5A, 0x5D, 0x59, 0x7C, 0x90, 0x2B, 0x89,
    0x3A, 0x49, 0x27, 0x6E, 0xD9, 0x19, 0xC9, 0xD9, 0xDC, 0x3F, 0xA1, 0x14, 0xD8, 0x5D, 0x54, 0xDC,
    0x63, 0xCD, 0xE1, 0xCE, 0xA2, 0xE2, 0xDC, 0xF9, 0x59, 0xE5, 0x1E, 0x73, 0x74, 0x40, 0x31, 0x76,
    0x48, 0xBF, 0x34, 0xE3, 0x2C, 0xF7, 0xF1, 0xA4, 0xC1, 0x85, 0x19, 0x2F, 0xA5, 0x63, 0xCF, 0x17,
    0xB2, 0xFA, 0x9E, 0x29, 0xAD, 0x5A, 0x71, 0x33, 0x94, 0x05, 0xED, 0x84, 0xD3, 0xF2, 0xDD, 0xD2,
    0x58, 0xA5, 0xCD, 0xC6, 0x89, 0x68, 0x6C, 0x77, 0xCC, 0x89, 0x53, 0x22, 0x66, 0xF3, 0x26, 0xAB,
    0x0A, 0xF3, 0x70, 0x11, 0x2C, 0xC8, 0xC7, 0xF1, 0xC7, 0x8A, 0x57, 0x4E, 0xEE, 0x34, 0x4B, 0x87,
    0x71, 0xB7, 0x98, 0x9C, 0xD1, 0xDE, 0x04, 0xEB, 0xE9, 0xAF, 0x87, 0xF6, 0xD3, 0x7A, 0x90, 0x9F,
    0x00, 0xF9, 0x59, 0x7A, 0x12, 0x75, 0xA6, 0xC1, 0xF3, 0x60, 0x4D, 0x72, 0x1A, 0x3F, 0x4E, 0x07,
    0x90, 0xD3, 0x11, 0x24, 0x34, 0xB9, 0x50, 0x3F, 0x70, 0xE4, 0x8B, 0xF7, 0x75, 0xE4, 0xC0, 0xD6,
    0x2C, 0x30, 0xA9, 0xF8, 0x24, 0x1F, 0x29, 0xC4, 0x82, 0x7D, 0x5C, 0x41, 0x86, 0xB8, 0xF4, 0x91,
    0xC3, 0xC7, 0xA8, 0xFC, 0xB4, 0xB4, 0xBE, 0x29, 0xFD, 0x49, 0x2D, 0x3E, 0xFE, 0x38, 0x5C, 0xF3,
    0x47, 0xD3, 0xF1, 0x71, 0x3C, 0x8D, 0xCD, 0x59, 0xFA, 0x58, 0x13, 0x95, 0x00, 0xA1, 0x99, 0x92,
    0xCE, 0xD5, 0x94, 0x90, 0xF6, 0x53, 0x68, 0xA4, 0xD7, 0xFF, 0x0C, 0xA3, 0x4E, 0x67, 0x98, 0x70,
    0x8E, 0x3D, 0xDA, 0x09, 0x93, 0xDA, 0x26, 0xEE, 0x93, 0xCA, 0x26, 0xE9, 0x33, 0x36, 0x17, 0x87,
    0x0B, 0xAC, 0x2F, 0x0F, 0x7B, 0xAC, 0xAF, 0x0E, 0x37, 0x59, 0xB7, 0x43, 0xC3, 0xAD, 0xFA, 0xA7,
    0x15, 0x07, 0xE5, 0x88, 0x5B, 0xB6, 0x58, 0xEB, 0x39, 0xE7, 0x09, 0x9F, 0x5F, 0xD5, 0x57, 0x6C,
    0xD2, 0x53, 0x58, 0x24, 0x4D, 0x6E, 0x2F, 0x6E, 0x83, 0xBD, 0xE8, 0x14, 0xAE, 0x45, 0x5D, 0x70,
    0x57, 0x97, 0x97, 0xAD, 0x6E, 0xF5, 0xE5, 0x5A, 0xF7, 0xBF, 0xFC, 0x46, 0xE9, 0xFF, 0xFE, 0xD6,
    0x7F, 0xCB, 0x98, 0x0D, 0x6C, 0xD3, 0x96, 0xD7, 0xD2, 0xEA, 0x2C, 0xF1, 0x6E, 0x09, 0x15, 0x79,
    0x35, 0x0D, 0xD0, 0xFA, 0x72, 0x91, 0x54, 0xCF, 0x14, 0x71, 0x69, 0x69, 0x4E, 0xBE, 0xE7, 0xE5,
    0xA8, 0x8D, 0xAD, 0xC1, 0xC6, 0x60, 0x5F, 0x6F, 0x33, 0x85, 0x81, 0xD3, 0x42, 0xD4, 0xE9, 0x3A,
    0x54, 0x33, 0x2D, 0x43, 0x4D, 0x01, 0xE6, 0x1C, 0x61, 0xCE, 0x21, 0xE6, 0x1C, 0x63, 0x0A, 0xF5,
    0x04, 0xD5, 0x15, 0x72, 0xAB, 0x57, 0x14, 0x96, 0x77, 0xEA, 0xE5, 0x34, 0x82, 0x16, 0xD6, 0xD3,
    0xB0, 0xDF, 0xC4, 0xDD, 0xDA, 0x3A, 0x69, 0x0F, 0x2D, 0xA7, 0x61, 0x1F, 0xC6, 0xF2, 0xD1, 0x9C,
    0xBB, 0x98, 0x95, 0x8B, 0xDF, 0x7C, 0xA1, 0x9C, 0x97, 0xE9, 0x66, 0x8F, 0x55, 0xC8, 0x4A, 0xB9,
    0x7D, 0x8F, 0x51, 0xD8, 0x42, 0x11, 0xF5, 0x98, 0x3C, 0xA0, 0xB3, 0xC5, 0x6C, 0x4E, 0x95, 0xFE,
    0xD1, 0x0D, 0x6C, 0x92, 0x16, 0x86, 0xA4, 0xD9, 0x39, 0xF5, 0x49, 0x8B, 0xA8, 0x4B, 0x3A, 0x9C,
    0xD2, 0x18, 0xDC, 0x94, 0x76, 0x8E, 0xBE, 0x3E, 0xE7, 0xDC, 0xF9, 0x58, 0x7A, 0x68, 0x62, 0x7E,
    0xBB, 0x3C, 0xA8, 0xD3, 0x9F, 0xB4, 0x59, 0x9D, 0xC7, 0x5D, 0x56, 0xED, 0x45, 0x53, 0x12, 0xA5,
    0x0C, 0x7A, 0xF2, 0xAF, 0xBD, 0x79, 0x43, 0xF1, 0xEA, 0x78, 0x3C, 0x67, 0xAF, 0x16, 0x13, 0xEC,
    0xC5, 0xAD, 0x89, 0x5E, 0xEC, 0xD0, 0xF1, 0x73, 0x06, 0xC5, 0x00, 0xA0, 0x45, 0xD2, 0x21, 0xED,
    0x70, 0xA1, 0xC7, 0xE5, 0x01, 0x57, 0x0F, 0xD1, 0xAE, 0x89, 0xEA, 0x35, 0xC9, 0x78, 0x4C, 0x76,
    0x6B, 0x9F, 0x0B, 0x8B, 0x25, 0x7B, 0x7B, 0x05, 0x37, 0xD7, 0x05, 0xED, 0x26, 0x17, 0xD7, 0x43,
    0x5E, 0x26, 0x55, 0x3F, 0x8D, 0xDC, 0xAE, 0xA8, 0x0F, 0xFE, 0xA4, 0x1B, 0x3B, 0xCE, 0x61, 0x85,
    0x17, 0xF0, 0x07, 0xA5, 0xF8, 0x5B, 0x95, 0x34, 0xAD, 0x5D, 0x7C, 0xB6, 0x56, 0xFC, 0xB4, 0xF6,
    0x77, 0xFE, 0xAC, 0xF1, 0x83, 0x1F, 0xB4, 0xF1, 0xF7, 0xBE, 0xD3, 0xA5, 0x5F, 0xF9, 0x4E, 0x17,
    0xD2, 0xEF, 0xF6, 0xAB, 0x6F, 0x7D, 0x6B, 0x3B, 0xF5, 0x70, 0xD4, 0x92, 0xB7, 0x92, 0x8E, 0x50,
    0xC9, 0xA6, 0x53, 0xE9, 0xA9, 0x8E, 0x9C, 0x6B, 0x3D, 0xD3, 0xBD, 0xE7, 0x93, 0xE6, 0x90, 0xA5,
    0xB8, 0xDE, 0x98, 0x7B, 0x78, 0xCB, 0xFE, 0x8D, 0x7F, 0xEF, 0xD6, 0x9A, 0x8D, 0x4B, 0x7B, 0x0B,
    0x06, 0xD7, 0xD6, 0x4B, 0x06, 0x77, 0x0F, 0x97, 0xF4, 0x9A, 0xA1, 0x30, 0x15, 0x8D, 0xF4, 0x85,
    0xB8, 0x3B, 0x35, 0xB1, 0xB9, 0xB4, 0xCB, 0xBF, 0xD4, 0xAD, 0xAA, 0x83, 0xF1, 0xE8, 0x07, 0x7F,
    0x32, 0xB6, 0x4F, 0x96, 0xAE, 0x3B, 0xA8, 0x0D, 0xB2, 0x3A, 0xD9, 0xC8, 0xAA, 0x6C, 0x4F, 0x28,
    0x3F, 0x75, 0x0A, 0xAE, 0x2D, 0xE4, 0x37, 0xFE, 0xD1, 0x2D, 0xC5, 0xAB, 0x6F, 0x8C, 0x96, 0xF1,
    0xDF, 0x0D, 0x16, 0x69, 0x08, 0xE5, 0xDE, 0x85, 0x3C, 0x94, 0xEB, 0xCB, 0x57, 0xB2, 0xEA, 0xF0,
    0xA5, 0x2F, 0x86, 0xFA, 0xED, 0xED, 0xDE, 0x6A, 0x72, 0x50, 0xE3, 0x58, 0x4B, 0x66, 0x8C, 0x3A,
    0x01, 0x83, 0x3D, 0xAC, 0x75, 0x58, 0x26, 0x35, 0xF2, 0x00, 0x61, 0x83, 0xE8, 0x68, 0xAC, 0x48,
    0xFF, 0xFC, 0xCF, 0x5B, 0xC2, 0x37, 0xBF, 0xD3, 0x51, 0xA4, 0x75, 0xC7, 0x22, 0xAB, 0x7B, 0x36,
    0xA1, 0xEA, 0xE9, 0xE7, 0x29, 0x9D, 0x2E, 0x18, 0x64, 0xCD, 0xAA, 0xBC, 0xE7, 0xE0, 0xCB, 0x63,
    0x57, 0x94, 0xCE, 0xDD, 0xB8, 0x71, 0x5D, 0x18, 0xC7, 0x4E, 0x56, 0xCD, 0x93, 0xD7, 0x19, 0xBA,
    0x3D, 0x1C, 0x76, 0x93, 0xE4, 0xD7, 0xC9, 0xEF, 0xDC, 0x67, 0x91, 0x07, 0xB6, 0x57, 0x42, 0x19,
    0x75, 0x8B, 0xAC, 0x4A, 0xDA, 0xBD, 0xA9, 0x9E, 0xE2, 0x5E, 0xD2, 0x2C, 0x93, 0xF1, 0xCB, 0xFD,
    0xBC, 0x96, 0x32, 0x2F, 0x67, 0xB6, 0xE9, 0xE9, 0xB9, 0x9C, 0x27, 0x1A, 0x3D, 0xCD, 0x74, 0xB9,
    0x97, 0xC8, 0xD9, 0x46, 0x2D, 0x05, 0x8B, 0xB4, 0xA2, 0xA0, 0xB8, 0x88, 0x25, 0xE1, 0xF0, 0x6C,
    0x7C, 0x9F, 0x94, 0x53, 0xF7, 0x3F, 0xF7, 0xC7, 0x7F, 0xDC, 0xB0, 0x91, 0xA7, 0xDF, 0x6D, 0x19,
    0x2C, 0xB3, 0x6F, 0x74, 0x0C, 0x36, 0xD3, 0x7C, 0x84, 0xDE, 0x10, 0xA2, 0xCE, 0x94, 0xA4, 0xE5,
    0x73, 0x34, 0x91, 0xB4, 0xC5, 0x3C, 0xB7, 0x14, 0xEA, 0x03, 0x53, 0xD5, 0xC6, 0xFD, 0x64, 0x6C,
    0x0F, 0x3C, 0x59, 0x3E, 0x79, 0x63, 0xB2, 0xFF, 0x07, 0xE3, 0x58, 0x66, 0xF5, 0x9E, 0xA7, 0x65,
    0xD5, 0xD3, 0xAE, 0x09, 0x65, 0xD0, 0x0A, 0xD2, 0xEF, 0x97, 0xF2, 0x1B, 0x5F, 0x7F, 0xA3, 0x54,
    0xBC, 0x7A, 0x32, 0x76, 0x96, 0x71, 0xD7, 0x1D, 0x5A, 0xA4, 0x75, 0xB7, 0xB6, 0x17, 0x7E, 0xA7,
    0xDB, 0xB3, 0x2E, 0xE2, 0x76, 0xE1, 0x70, 0x3F, 0x6D, 0x57, 0xDE, 0xEE, 0x8B, 0x6D, 0xA8, 0x41,
    0xD4, 0xDC, 0xE3, 0xBF, 0x6F, 0x58, 0x91, 0x8E, 0x95, 0xD5, 0x29, 0xF7, 0x8D, 0x8D, 0x43, 0xFB,
    0xAE, 0xDA, 0xC7, 0x06, 0x03, 0x69, 0x2B, 0x9C, 0x70, 0xEE, 0xA8, 0x24, 0x6B, 0x48, 0x1E, 0xD4,
    0xE0, 0x9C, 0xB5, 0x50, 0x3B, 0x77, 0x24, 0x1D, 0xBF, 0xAD, 0xA8, 0x58, 0x9A, 0xDA, 0x91, 0xE2,
    0xCE, 0x58, 0x9D, 0xFF, 0xFD, 0xB4, 0x04, 0x8F, 0xB9, 0x2E, 0x4D, 0x3B, 0xF1, 0xFF, 0xC6, 0xF9,
    0x2D, 0xAB, 0x3B, 0xA5, 0x21, 0xAD, 0x75, 0x0F, 0x6A, 0x78, 0x42, 0xE9, 0xB3, 0x03, 0xBF, 0x36,
    0xA0, 0xF0, 0xB0, 0x6E, 0xA8, 0x20, 0x3A, 0x76, 0x7E, 0xBC, 0xAD, 0x28, 0x59, 0x60, 0x11, 0x6F,
    0x15, 0xE3, 0xB1, 0xE8, 0xFA, 0x67, 0x1C, 0x7D, 0x63, 0xAC, 0x47, 0x45, 0x79, 0x3F, 0x7A, 0x4B,
    0x28, 0xD7, 0x71, 0x27, 0x9F, 0x0D, 0x4A, 0x31, 0x1B, 0x92, 0xA5, 0x3E, 0xAD, 0x2D, 0xA2, 0x2E,
    0x9B, 0x31, 0x54, 0x16, 0xD3, 0x8C, 0xD5, 0x64, 0x07, 0x96, 0xAC, 0x92, 0x66, 0x43, 0x18, 0xDF,
    0x68, 0xF1, 0xDC, 0x8F, 0x20, 0xAB, 0x20, 0x94, 0x0F, 0x71, 0x55, 0x21, 0x19, 0x3B, 0x90, 0xC2,
    0xE3, 0x70, 0x11, 0x2E, 0xC0, 0x25, 0xCE, 0xB9, 0xFC, 0x19, 0xAB, 0x7A, 0xEF, 0xBE, 0xB4, 0xBE,
    0x56, 0x9C, 0xC2, 0x8B, 0x41, 0x56, 0xBD, 0x98, 0x09, 0xE5, 0xDD, 0xF4, 0x14, 0xBA, 0x54, 0xAE,
    0x7D, 0x5C, 0x11, 0xB5, 0x17, 0x14, 0x71, 0x73, 0x49, 0x91, 0xD4, 0x57, 0x15, 0x5F, 0xF9, 0x4E,
    0x2B, 0xFC, 0xE4, 0x8D, 0x52, 0x3C, 0x0E, 0x08, 0x25, 0x82, 0x47, 0x17, 0x6D, 0xCE, 0x00, 0xE6,
    0x29, 0x3C, 0xC5, 0x8D, 0x81, 0xC1, 0x52, 0xD2, 0xC9, 0x65, 0xB5, 0x30, 0xE7, 0x1C, 0x73, 0x1C,
    0x53, 0xAF, 0xFE, 0x76, 0x19, 0xAA, 0x83, 0x37, 0xDE, 0x3A, 0xA8, 0xEE, 0x39, 0x1A, 0xCB, 0x0D,
    0x85, 0x0D, 0xAB, 0x09, 0xF6, 0xAD, 0xD9, 0x5A, 0xCC, 0x41, 0xA8, 0xAC, 0x11, 0x9A, 0x03, 0x67,
    0x8B, 0x4B, 0x8F, 0xC1, 0x67, 0x6F, 0x8B, 0x4E, 0x06, 0x69, 0xB3, 0x9C, 0xCD, 0xF8, 0x4A, 0x6E,
    0x21, 0x2F, 0x8F, 0xDE, 0x2A, 0x1C, 0xBF, 0x30, 0x1A, 0xAC, 0x0C, 0x16, 0x67, 0x93, 0xBC, 0xBD,
    0x65, 0xDA, 0xC8, 0x4E, 0x80, 0xA3, 0xAD, 0xAC, 0x29, 0x1A, 0xAB, 0x26, 0x54, 0x3A, 0xA1, 0x8A,
    0x9A, 0x53, 0x48, 0x6A, 0x59, 0x9D, 0x96, 0xA7, 0x10, 0x48, 0xEB, 0xA7, 0x26, 0xD8, 0x23, 0x69,
    0x5E, 0x9C, 0xA0, 0x23, 0xF9, 0x93, 0x86, 0xE4, 0xCF, 0x6A, 0xE2, 0x3F, 0x2F, 0x89, 0x46, 0x44,
    0xC7, 0xB0, 0x85, 0x1E, 0x4F, 0xF2, 0xF9, 0x83, 0x2A, 0x3A, 0x09, 0x55, 0xF2, 0x9F, 0x67, 0x75,
    0x36, 0x8B, 0x49, 0xEA, 0xBD, 0x59, 0xC8, 0x24, 0x23, 0xFE, 0x93, 0x5A, 0xFC, 0x67, 0x95, 0xE8,
    0xFF, 0x21, 0x7A, 0x1B, 0x5B, 0x0C, 0x76, 0x8E, 0xF5, 0x12, 0x57, 0x02, 0xB2, 0xB4, 0x22, 0xFE,
    0x9D, 0xFA, 0xE3, 0xD6, 0x19, 0xA2, 0xAE, 0xE7, 0x70, 0xCD, 0xE5, 0xA7, 0x79, 0x3C, 0xE5, 0x17,
    0xC2, 0x05, 0xE9, 0x58, 0x82, 0x5B, 0xBF, 0xD1, 0x41, 0xD4, 0x1B, 0x20, 0x69, 0xAD, 0x21, 0xD4,
    0x96, 0x4F, 0xFA, 0x8C, 0xBC, 0xB4, 0x5C, 0x95, 0x2B, 0x2B, 0x56, 0xD3, 0xE0, 0x58, 0xB2, 0x4A,
    0xEB, 0x60, 0x7F, 0xB6, 0xB9, 0xC1, 0x3D, 0xF6, 0x93, 0xE6, 0x29, 0x9B, 0xD9, 0x05, 0x5F, 0xB6,
    0x31, 0x05, 0x0C, 0xD7, 0x6C, 0x44, 0x7D, 0xD4, 0xDD, 0xB4, 0x96, 0x74, 0xBA, 0xD6, 0x42, 0xDA,
    0xF8, 0x8B, 0x5A, 0x21, 0xAF, 0xFC, 0x93, 0x52, 0x68, 0xEE, 0x73, 0x8B, 0x39, 0xEF, 0xDD, 0xC3,
    0x63, 0x78, 0x11, 0x88, 0x5A, 0x76, 0x97, 0x41, 0x72, 0xE0, 0x6B, 0x5B, 0xE0, 0xE8, 0x36, 0x7C,
    0xB6, 0xBC, 0xE1, 0xF3, 0xD1, 0x4F, 0xFB, 0x23, 0xF7, 0xB2, 0x7A, 0x9D, 0xDB, 0xCF, 0x2D, 0x43,
    0xF9, 0xC5, 0xE5, 0x29, 0x56, 0x97, 0xF7, 0xAD, 0xB2, 0x6A, 0x6F, 0x33, 0x05, 0x1C, 0x57, 0xB7,
    0x93, 0xA2, 0x77, 0x87, 0x49, 0xCD, 0x76, 0xB0, 0x89, 0xFF, 0xB4, 0x1E, 0x0C, 0xD1, 0x9F, 0x95,
    0x53, 0x6C, 0x33, 0x4E, 0x57, 0xD8, 0xCA, 0x4E, 0xE8, 0x41, 0xF7, 0xF0, 0xC6, 0x59, 0x09, 0x0B,
    0xF8, 0xAF, 0x7A, 0x44, 0x63, 0x05, 0x11, 0x14, 0x15, 0xF1, 0xF8, 0x3A, 0xC5, 0xD1, 0x7D, 0xB6,
    0x7F, 0x35, 0x54, 0x49, 0x27, 0xAD, 0xB3, 0x5A, 0xD2, 0xE6, 0xD5, 0x29, 0x14, 0x24, 0xDD, 0x8A,
    0xA4, 0xBD, 0x35, 0xC1, 0x3D, 0xD2, 0x66, 0x43, 0x56, 0x6F, 0x08, 0x13, 0xE4, 0xE5, 0x9A, 0x95,
    0x05, 0x1B, 0x45, 0x14, 0xF7, 0xB2, 0x37, 0xFE, 0x79, 0x2D, 0x1A, 0x8F, 0xCF, 0xA4, 0x3B, 0x07,
    0xD1, 0x6D, 0xD2, 0x9E, 0x71, 0x94, 0xFE, 0xE9, 0xB7, 0xEA, 0x69, 0x29, 0x6A, 0x25, 0x69, 0x17,
    0x92, 0x6E, 0x23, 0x69, 0xB7, 0xA7, 0x6D, 0x90, 0x36, 0xC3, 0x2C, 0x38, 0x94, 0x6B, 0x4B, 0xC5,
    0xBD, 0x41, 0x36, 0xDE, 0x66, 0x8B, 0x4F, 0x83, 0xDF, 0x83, 0x74, 0x52, 0xD7, 0x85, 0xC9, 0x6C,
    0x7A, 0x6C, 0x01, 0xBE, 0x08, 0x2E, 0x81, 0x97, 0x01, 0x7C, 0x6E, 0x1B, 0x8F, 0xA5, 0x7B, 0x07,
    0xE1, 0x8F, 0xDB, 0xB8, 0x0B, 0x41, 0x97, 0x36, 0x9F, 0x38, 0x67, 0x08, 0x35, 0x86, 0xBC, 0x9C,
    0xB0, 0x30, 0xE1, 0x6A, 0xC6, 0xE5, 0x8C, 0xFB, 0x88, 0xFA, 0x35, 0xE2, 0x6E, 0x83, 0x64, 0xC6,
    0xB4, 0x9D, 0x30, 0xD4, 0xFB, 0x3E, 0x21, 0xAF, 0x56, 0x6E, 0x39, 0x90, 0xFF, 0xD1, 0xF8, 0x47,
    0x5B, 0xE9, 0xF8, 0xE5, 0xB1, 0x05, 0x70, 0xBF, 0x9C, 0x27, 0xBE, 0x49, 0xCF, 0xBD, 0x80, 0x1C,
    0x32, 0xB8, 0x00, 0xCF, 0x03, 0xFC, 0xB6, 0xDF, 0x92, 0xFC, 0xF4, 0xFB, 0x6F, 0x54, 0xE1, 0x1B,
    0x7F, 0xF0, 0x95, 0xBA, 0x88, 0xFE, 0xB3, 0xA9, 0x27, 0xC4, 0xED, 0x9A, 0xA4, 0xDD, 0x4C, 0x30,
    0x90, 0x34, 0x3D, 0x49, 0xDD, 0x93, 0x4E, 0x10, 0xAA, 0xC3, 0xB8, 0xCE, 0x2D, 0x3E, 0xD7, 0xED,
    0xCB, 0x87, 0x83, 0x8E, 0xDD, 0x63, 0x9C, 0x95, 0x68, 0xFE, 0xB0, 0x06, 0xBF, 0x8A, 0xF8, 0xDE,
    0xF9, 0x57, 0x5E, 0x29, 0xA5, 0x77, 0xEE, 0x10, 0x9D, 0x3B, 0x07, 0xBF, 0xB0, 0x98, 0x7F, 0xB7,
    0x6E, 0x60, 0x6B, 0x93, 0x74, 0xD6, 0x59, 0xED, 0x99, 0x50, 0x51, 0x60, 0x85, 0x7D, 0xDC, 0xC3,
    0x66, 0xA7, 0xAD, 0xB1, 0x44, 0x51, 0x12, 0x7E, 0x54, 0x8A, 0xC6, 0x47, 0x0B, 0x63, 0x4B, 0x56,
    0x95, 0x64, 0xEC, 0x27, 0x63, 0x1F, 0xBD, 0x3D, 0xA4, 0xF5, 0x26, 0x94, 0x7B, 0x85, 0x4F, 0x2F,
    0xD8, 0xB0, 0x65, 0x60, 0x52, 0x85, 0x35, 0xAB, 0x1B, 0xB2, 0x63, 0xD6, 0x0F, 0xFE, 0x1C, 0xD2,
    0xD3, 0xE1, 0x13, 0xF8, 0x22, 0xB7, 0xF7, 0x18, 0x5E, 0xA3, 0xE8, 0x48, 0x7B, 0xB3, 0x69, 0x0A,
    0xA7, 0xAE, 0xEF, 0x8B, 0x1C, 0xAC, 0xC9, 0x7A, 0xE2, 0x13, 0x92, 0x7F, 0xDE, 0xC8, 0xBE, 0x51,
    0x0B, 0xF8, 0x24, 0x40, 0x5C, 0xFF, 0xF6, 0xAB, 0xCD, 0xDB, 0xAF, 0x94, 0x2F, 0x83, 0xE8, 0xA8,
    0x3E, 0xF8, 0x3F, 0xDA, 0xDF, 0x74, 0xFB, 0xB1, 0xE5, 0xB5, 0xCB, 0xE7, 0x9F, 0x58, 0x3C, 0x7D,
    0xF9, 0xF9, 0xBC, 0xF5, 0x9F, 0x8C, 0xB7, 0x9B, 0xAC, 0xC1, 0xF9, 0x0A, 0x58, 0xF5, 0xC0, 0x8B,
    0x97, 0x81, 0x4F, 0x7F, 0xC2, 0xCE, 0x71, 0x50, 0x91, 0x6C, 0x79, 0xBB, 0x25, 0xDC, 0x11, 0x57,
    0x37, 0xF9, 0x54, 0x52, 0xF2, 0xFE, 0x47, 0x54, 0x9A, 0x31, 0xEF, 0x21, 0xEF, 0xFF, 0xFA, 0x1A,
    0xFE, 0xFA, 0x7F, 0xF8, 0xFC, 0xA7, 0xE0, 0x99, 0x4F, 0xE2, 0xFD, 0x8F, 0x73, 0x70, 0x9D, 0xA3,
    0x9A, 0xF4, 0x58, 0xF4, 0xC3, 0x8E, 0x8B, 0xCF, 0x8A, 0xCA, 0x67, 0xF8, 0x44, 0x6C, 0xE7, 0xC8,
    0x5B, 0x60, 0x39, 0x00, 0x37, 0x2F, 0xB1, 0x7B, 0xC4, 0x25, 0x90, 0x96, 0x3C, 0xB4, 0x64, 0x04,
    0xF0, 0xEB, 0x72, 0x98, 0x93, 0x6B, 0xCF, 0xB3, 0x40, 0xDA, 0x93, 0x63, 0x55, 0x11, 0xAA, 0xB3,
    0x7F, 0xF3, 0xBE, 0x47, 0x79, 0x86, 0xE3, 0x6D, 0xB8, 0xAF, 0x68, 0xE1, 0xA8, 0x8D, 0x5E, 0x86,
    0x73, 0x77, 0x7D, 0x90, 0xE3, 0x13, 0x48, 0x2A, 0xAE, 0xA0, 0x68, 0xC8, 0x89, 0x4E, 0x9C, 0x2B,
    0xB3, 0x8A, 0x33, 0x37, 0x8A, 0x20, 0x3A, 0x3B, 0x03, 0x4F, 0x01, 0x2E, 0x7B, 0xE4, 0x78, 0x0C,
    0x99, 0x4B, 0x08, 0xEE, 0x22, 0xFB, 0x49, 0x8D, 0xE8, 0xF7, 0x1F, 0x2D, 0x4B, 0x6B, 0x1D, 0x94,
    0x42, 0xF5, 0xB0, 0x2C, 0x2D, 0x17, 0x6D, 0x29, 0x1E, 0x94, 0xA5, 0x0D, 0x2C, 0xDD, 0xED, 0x59,
    0x24, 0xDF, 0x79, 0xA4, 0x2C, 0xED, 0xF8, 0x67, 0x65, 0x69, 0xE5, 0x5C, 0x96, 0x26, 0xAD, 0x45,
    0xFD, 0x83, 0x02, 0xA7, 0x5A, 0xDA, 0xC9, 0x9B, 0xB9, 0xC0, 0xE9, 0x78, 0x47, 0xC1, 0x17, 0x41,
    0x07, 0x71, 0x03, 0x33, 0x2B, 0x11, 0x28, 0xFD, 0xFB, 0x6A, 0x7D, 0x5A, 0xBA, 0x7F, 0x8F, 0xBC,
    0xDD, 0x5D, 0x3F, 0xAA, 0x7E, 0xB6, 0x7E, 0x14, 0x84, 0x32, 0x17, 0x14, 0x72, 0xCB, 0x9D, 0xE9,
    0x9F, 0xAD, 0xBD, 0x78, 0x6B, 0xFD, 0xF8, 0xA1, 0xE5, 0x6F, 0xDE, 0xBB, 0x5D, 0xB4, 0xAB, 0x86,
    0xB8, 0x26, 0x29, 0x09, 0xF8, 0x22, 0xF6, 0xF0, 0x69, 0x76, 0x6B, 0xDC, 0x9F, 0xFB, 0xA1, 0x68,
    0x4E, 0x4C, 0x50, 0x98, 0xDB, 0x87, 0x99, 0x02, 0x00, 0x3D, 0x3A, 0xA2, 0xCE, 0x5C, 0x44, 0xF3,
    0x57, 0x7E, 0x54, 0x4A, 0x1A, 0x92, 0xFA, 0xEC, 0x36, 0x3F, 0xBE, 0x2D, 0xFC, 0xF8, 0x58, 0x28,
    0x57, 0x67, 0xBA, 0xE7, 0xE6, 0x94, 0xBE, 0xD9, 0x98, 0x3D, 0xBE, 0x77, 0x4A, 0x65, 0xFF, 0x68,
    0x4B, 0xA8, 0x96, 0xE6, 0xEB, 0xCE, 0x6A, 0xA5, 0xCE, 0x80, 0xE5, 0x85, 0x15, 0x8B, 0xF4, 0x1E,
    0xFB, 0xE9, 0x5C, 0x30, 0xD5, 0xB0, 0x75, 0x93, 0xC1, 0x33, 0xEF, 0x5D, 0x30, 0xB5, 0xBB, 0x92,
    0xE5, 0x9F, 0xBC, 0xCF, 0x4A, 0xD6, 0x77, 0xBF, 0x55, 0xA5, 0xF5, 0x1B, 0xB3, 0x56, 0x61, 0xDC,
    0x0A, 0xE5, 0x05, 0xC1, 0x79, 0x8F, 0xAE, 0x64, 0x21, 0xAE, 0x91, 0x54, 0xC8, 0xCA, 0xB3, 0xEA,
    0xE1, 0x1F, 0xDE, 0x78, 0xF7, 0x0A, 0xA9, 0xF7, 0xAC, 0xC4, 0xDD, 0x7E, 0xB0, 0x4A, 0xAF, 0x6B,
    0x5C, 0x7D, 0xF2, 0x46, 0x77, 0x30, 0xB6, 0x1F, 0x64, 0xCA, 0xF3, 0xAC, 0x64, 0xF6, 0x87, 0xCF,
    0xCD, 0x65, 0xC1, 0xE5, 0x83, 0x8A, 0xE0, 0xF8, 0x51, 0x65, 0x26, 0x7E, 0xCE, 0xDD, 0xFB, 0xEA,
    0x07, 0x56, 0x66, 0xCA, 0x82, 0xF3, 0xF1, 0x24, 0xEE, 0x9E, 0x8E, 0xDB, 0x0B, 0x49, 0xF3, 0x89,
    0xA4, 0xF6, 0xEC, 0x0F, 0x1D, 0x9D, 0xD8, 0x55, 0xE9, 0x0A, 0xCB, 0x0F, 0xAE, 0x83, 0xD5, 0xDB,
    0xB8, 0x75, 0xA7, 0x65, 0x13, 0x0D, 0x6C, 0xED, 0x33, 0x58, 0xD2, 0x5B, 0x8A, 0x3A, 0x4B, 0xF1,
    0x04, 0xE9, 0x29, 0x4C, 0x3A, 0xEC, 0xEF, 0xD4, 0x2F, 0xA7, 0x55, 0xDC, 0x4D, 0xD2, 0x1B, 0x59,
    0xFB, 0xC2, 0x83, 0x5C, 0x87, 0x77, 0x53, 0x33, 0xFD, 0xA1, 0x6C, 0xEC, 0x42, 0xB5, 0x0D, 0xE5,
    0x22, 0x58, 0xE6, 0x96, 0x57, 0x2C, 0x97, 0x67, 0x1D, 0xB7, 0xF9, 0x82, 0x7E, 0x1D, 0x77, 0xCB,
    0xCF, 0xD5, 0x9F, 0x3B, 0x66, 0x55, 0x1E, 0x9C, 0x44, 0xC7, 0x8E, 0xEA, 0xEC, 0xF5, 0xF4, 0xC4,
    0xF3, 0x6D, 0x5A, 0x5F, 0xB8, 0xC0, 0xDD, 0xAC, 0xBE, 0x86, 0x5F, 0x0F, 0xD5, 0x4D, 0x5C, 0x0B,
    0x65, 0x8B, 0x4B, 0x21, 0xAA, 0x71, 0x21, 0x4F, 0x4A, 0x7C, 0x6E, 0x0A, 0xFB, 0x44, 0x27, 0x47,
    0x47, 0xA5, 0x29, 0x1E, 0x0B, 0x35, 0xA1, 0x5E, 0xA7, 0x35, 0xB9, 0x75, 0xD2, 0x32, 0x4F, 0xFC,
    0xB2, 0xD1, 0x47, 0xBD, 0xA8, 0xD7, 0x4D, 0x24, 0xBA, 0xB8, 0x77, 0xCF, 0xAA, 0x5A, 0x8D, 0x56,
    0x0D, 0xC8, 0x6A, 0x90, 0x9C, 0x9D, 0xAA, 0xDD, 0xBA, 0x9F, 0x87, 0x3E, 0xE7, 0xB7, 0x3C, 0x71,
    0xDA, 0x92, 0xB1, 0x5A, 0x27, 0x6F, 0xD4, 0x8F, 0xA7, 0xCD, 0x4B, 0x21, 0xA9, 0x1F, 0x8B, 0xDB,
    0xD7, 0xF6, 0x92, 0x5A, 0xD4, 0x75, 0x2F, 0x45, 0xA6, 0x53, 0x8F, 0xE8, 0x2F, 0xDE, 0xEC, 0x10,
    0x8F, 0x63, 0x87, 0xE4, 0x9F, 0xFD, 0xA0, 0x45, 0xF2, 0xBD, 0xEF, 0xB6, 0x3C, 0x33, 0x57, 0x11,
    0xE8, 0x42, 0xFA, 0x3B, 0xDD, 0x27, 0x0C, 0x7B, 0x59, 0x75, 0xBC, 0x76, 0xD0, 0x86, 0x72, 0x35,
    0x38, 0x07, 0x57, 0x31, 0xF1, 0x06, 0xEE, 0xEE, 0xC6, 0xE2, 0x7F, 0xAD, 0x06, 0xBF, 0x06, 0xC8,
    0x4F, 0x38, 0xCE, 0x9A, 0xE9, 0x65, 0x8A, 0xDB, 0xA8, 0xD7, 0x3C, 0x2C, 0xB1, 0x21, 0xAF, 0xAC,
    0x06, 0xFE, 0x7F, 0xC7, 0x28, 0xCA, 0x07, 0xCB, 0x8F, 0xCF, 0x08, 0xF5, 0xE1, 0x1C, 0xFA, 0x16,
    0xE5, 0xEA, 0x4B, 0xF7, 0x85, 0xB1, 0xE5, 0x32, 0x2E, 0x22, 0x20, 0x27, 0x3E, 0xC6, 0x75, 0xF3,
    0x2A, 0xC4, 0xDB, 0x7D, 0xA8, 0xD6, 0xC1, 0x82, 0x35, 0x7D, 0x74, 0xA7, 0x8A, 0xA7, 0x2A, 0x86,
    0x8E, 0xFE, 0xA6, 0xBE, 0x8F, 0xBA, 0x7B, 0x53, 0x15, 0x43, 0xA9, 0xE3, 0x25, 0xF6, 0x26, 0xCC,
    0x3A, 0x51, 0xC9, 0xD1, 0x71, 0xBC, 0x95, 0xB7, 0xE1, 0x44, 0xA8, 0xBE, 0x78, 0x41, 0x28, 0x5F,
    0x24, 0xD7, 0x52, 0x44, 0x35, 0x45, 0x52, 0xB2, 0x0C, 0x58, 0xDD, 0xC3, 0xAD, 0x23, 0xCE, 0x4A,
    0x99, 0xD2, 0xDA, 0x9C, 0xEE, 0x9F, 0x55, 0x03, 0xC7, 0x9D, 0x79, 0xC6, 0x30, 0xED, 0x1C, 0x3B,
    0x18, 0xAD, 0x6A, 0x84, 0x1A, 0xC9, 0x0C, 0xD5, 0x04, 0xE5, 0x04, 0x10, 0x4D, 0xAB, 0x62, 0xD5,
    0x41, 0x9D, 0x77, 0x59, 0x7D, 0xED, 0x6E, 0x56, 0x35, 0xC2, 0x57, 0x2A, 0xE1, 0xDF, 0x24, 0x5F,
    0x53, 0x8C, 0x5C, 0x09, 0x95, 0x45, 0x5A, 0xDB, 0x4B, 0x5A, 0xEB, 0xF8, 0x81, 0x95, 0x9D, 0x63,
    0x8D, 0xD2, 0xDC, 0x32, 0x3C, 0x4D, 0xBC, 0x21, 0x7E, 0x79, 0xE2, 0xE1, 0x3E, 0x79, 0x9B, 0xCC,
    0x73, 0x47, 0x21, 0x25, 0x94, 0x97, 0x91, 0x7F, 0xE2, 0x2A, 0x8A, 0xCB, 0x77, 0x27, 0xFC, 0xFF,
    0xD7, 0x58, 0xFE, 0x8D, 0x0A, 0xAB, 0x23, 0xB8, 0x35, 0xD6, 0xD8, 0xFC, 0x0F, 0x0D, 0xB6, 0x7F,
    0xDA, 0x61, 0xF8, 0xC3, 0x0E, 0x7D, 0x35, 0x30, 0x9B, 0x42, 0x73, 0x91, 0xB3, 0xB9, 0xCA, 0x79,
    0x22, 0x96, 0xB7, 0xA6, 0x39, 0xBA, 0x83, 0x3A, 0xDD, 0x66, 0xF5, 0x53, 0x7B, 0xD9, 0x7F, 0xFA,
    0xA2, 0xF0, 0x6F, 0x35, 0xC2, 0x73, 0x95, 0xFC, 0x16, 0xC5, 0x58, 0xB9, 0xF2, 0xAF, 0xB7, 0x16,
    0xFF, 0x51, 0x67, 0xEF, 0x7A, 0x6F, 0x6D, 0x6B, 0xE3, 0x96, 0x41, 0x5E, 0x3F, 0xD2, 0xD7, 0xD1,
    0xB8, 0x7D, 0x91, 0x17, 0xAE, 0x7F, 0xE4, 0xBE, 0x2E, 0xEA, 0xBF, 0xBC, 0x26, 0x52, 0x9F, 0xAD,
    0x89, 0x44, 0x55, 0x52, 0xE7, 0x5D, 0xBA, 0xDB, 0xC3, 0x8F, 0xFF, 0x7F, 0xF6, 0x70, 0x09, 0x61,
    0x3C, 0x8E, 0x8E, 0x9F, 0x7E, 0xF6, 0xF5, 0xEC, 0xE4, 0x0B, 0x59, 0x3D, 0x8D, 0x8A, 0xEA, 0x2A,
    0xA1, 0x7C, 0x99, 0xFC, 0x67, 0x9A, 0x56, 0x2C, 0xB3, 0x07, 0x9A, 0x2E, 0x8F, 0x4A, 0xD6, 0xA1,
    0x66, 0xF3, 0x33, 0x4D, 0x5B, 0xFA, 0x78, 0xD2, 0x34, 0xEA, 0xC5, 0xF3, 0x9B, 0xDC, 0xBB, 0x6F,
    0xD6, 0xF4, 0xC9, 0x1B, 0xFE, 0xAA, 0x5B, 0xF7, 0x1D, 0x55, 0x77, 0x17, 0xF1, 0x3F, 0xAB, 0xCA,
    0x45, 0x1A, 0xB1, 0xBE, 0x84, 0xCD, 0x55, 0xDC, 0x6F, 0x30, 0x0E, 0xE8, 0xF6, 0x89, 0xBA, 0x82,
    0xB8, 0xCB, 0x49, 0xDA, 0x50, 0x49, 0x9A, 0xB4, 0x95, 0xD4, 0xF1, 0xF6, 0x9D, 0xCA, 0xEB, 0xD6,
    0x5C, 0x0A, 0xFA, 0xB0, 0xF2, 0x3A, 0x67, 0x43, 0xC1, 0x30, 0xE3, 0x59, 0xA5, 0xF2, 0xBB, 0x55,
    0x5E, 0x0F, 0x0F, 0x2A, 0xAF, 0x77, 0x2B, 0x95, 0x77, 0x2B, 0xAF, 0x7F, 0x56, 0xA9, 0xBC, 0x85,
    0x78, 0x00, 0xAF, 0x81, 0x9B, 0x3B, 0xF8, 0x32, 0x30, 0xAF, 0xE1, 0x1F, 0xD4, 0x49, 0x33, 0x95,
    0x7A, 0x64, 0x55, 0xF6, 0x60, 0x05, 0xA5, 0xCC, 0x6F, 0xBC, 0xA0, 0x78, 0xE5, 0xE8, 0x9D, 0x30,
    0x64, 0xCF, 0xC2, 0xDA, 0xC2, 0xA1, 0xE5, 0xF3, 0x83, 0xA2, 0xC3, 0xCD, 0x33, 0x31, 0x67, 0xE1,
    0xC0, 0x9D, 0x8A, 0xDF, 0x32, 0xF3, 0x1B, 0xCB, 0x89, 0xE0, 0xFD, 0xD9, 0x4D, 0x58, 0xA4, 0xE5,
    0x4C, 0x31, 0x35, 0x73, 0x8C, 0xCE, 0x48, 0x9E, 0xB1, 0x3C, 0xA3, 0x79, 0xC6, 0xF3, 0x8C, 0xE8,
    0x19, 0xD3, 0x33, 0xAA, 0x67, 0x5C, 0xCF, 0xC8, 0x9E, 0xB1, 0x3D, 0xA3, 0x7B, 0xC6, 0x77, 0x26,
    0x3C, 0xCC, 0x6C, 0x6E, 0x5C, 0x3F, 0xA5, 0xF3, 0xD3, 0x6E, 0xE2, 0xD3, 0x4E, 0x84, 0x5E, 0x9E,
    0x18, 0x99, 0x28, 0x99, 0x38, 0xCD, 0xA4, 0x66, 0x56, 0x33, 0xAD, 0x99, 0xD7, 0x4C, 0x6C, 0x66,
    0x66, 0x50, 0x34, 0x3B, 0x25, 0xE5, 0xCD, 0xEC, 0xFE, 0x8F, 0x11, 0xAA, 0xF7, 0xDE, 0x74, 0x57,
    0x98, 0x95, 0x5D, 0x9A, 0x4F, 0x0B, 0xC9, 0xF8, 0x32, 0x6B, 0xE9, 0x4F, 0x4E, 0xD8, 0xC8, 0xEA,
    0xA2, 0xB2, 0x35, 0xC5, 0x78, 0x06, 0xD3, 0x52, 0xB9, 0x5E, 0x2E, 0x69, 0xA3, 0x6E, 0xFE, 0xCD,
    0xB8, 0xB3, 0x92, 0xCC, 0xB5, 0x7B, 0x92, 0xE6, 0x60, 0xCC, 0xC6, 0x2E, 0xAD, 0x77, 0x5D, 0x46,
    0x28, 0xF1, 0xA2, 0x02, 0x06, 0x1B, 0xB8, 0x7F, 0xBE, 0xC7, 0xFC, 0xCA, 0x02, 0x4E, 0xE7, 0x7C,
    0x6F, 0x38, 0x18, 0xC7, 0x13, 0x59, 0x3D, 0xAF, 0x8A, 0xCE, 0x85, 0x8C, 0x13, 0xC8, 0x2A, 0xB9,
    0xF0, 0xBB, 0x0A, 0x61, 0x6C, 0x96, 0xF2, 0xA8, 0x5F, 0x28, 0x6C, 0xE6, 0x22, 0xA1, 0x89, 0xF9,
    0xFA, 0xD0, 0x9E, 0xF5, 0x60, 0x6D, 0x03, 0x87, 0xD0, 0x73, 0x73, 0xB6, 0xC1, 0x49, 0xC3, 0xBD,
    0xBC, 0xA4, 0x18, 0x00, 0xE7, 0xC7, 0x8A, 0xE2, 0x6B, 0x15, 0x03, 0x92, 0x2E, 0xBA, 0x3D, 0x51,
    0x9C, 0x08, 0x6E, 0x0A, 0x85, 0x3E, 0xB7, 0x9A, 0x06, 0xFE, 0x7E, 0xD2, 0xE6, 0x26, 0xDB, 0x6D,
    0x93, 0x36, 0x2B, 0x9B, 0xAC, 0x5E, 0x4E, 0xB0, 0xB1, 0x4E, 0x9B, 0xC1, 0x22, 0xF9, 0x41, 0xA7,
    0x48, 0x7E, 0x5A, 0x0B, 0x7F, 0x78, 0x42, 0x34, 0x9E, 0xFC, 0xBB, 0xF8, 0x5C, 0x8F, 0xB3, 0x99,
    0x45, 0x27, 0x77, 0xA5, 0x0D, 0xA1, 0xFC, 0x2D, 0xAB, 0x64, 0xAC, 0xF6, 0xB3, 0x6F, 0xD6, 0x9B,
    0x90, 0xD4, 0xDB, 0x3C, 0xA9, 0x87, 0x22, 0xAD, 0x87, 0x2B, 0x59, 0xB5, 0x2D, 0x42, 0xB9, 0xCE,
    0x97, 0x56, 0x61, 0x90, 0x8D, 0x6F, 0x57, 0x93, 0x3F, 0xF9, 0xE8, 0xC9, 0x70, 0x52, 0x86, 0x1F,
    0xBD, 0x20, 0x1A, 0x07, 0x2E, 0x22, 0x43, 0x5A, 0x92, 0x95, 0x8C, 0x78, 0xC2, 0x07, 0x49, 0x86,
    0xAB, 0xD5, 0xD7, 0xEB, 0xEC, 0x84, 0x96, 0xBB, 0xBC, 0xC8, 0x6B, 0x42, 0x27, 0x2A, 0xCF, 0x8A,
    0xF2, 0xBF, 0xFE, 0xE6, 0x0B, 0x0F, 0x76, 0x55, 0xB6, 0x17, 0x3C, 0x73, 0x1A, 0xCF, 0xEC, 0x54,
    0x57, 0xEF, 0x46, 0x9B, 0x33, 0xBC, 0x77, 0xB4, 0xB9, 0x5B, 0x94, 0x2F, 0x7F, 0x0F, 0xA7, 0xF5,
    0x01, 0x2B, 0xAD, 0xF6, 0x3E, 0x68, 0xA5, 0x95, 0xB9, 0xD2, 0xCA, 0x51, 0x0D, 0xF1, 0x4E, 0x71,
    0x4C, 0x0A, 0x02, 0xC4, 0xF7, 0x66, 0xFC, 0xB6, 0xD5, 0x49, 0x32, 0x56, 0xA1, 0x75, 0x4F, 0xDA,
    0x78, 0x51, 0xD2, 0x69, 0xC5, 0x5D, 0x5C, 0xD3, 0xA7, 0xD8, 0x5E, 0xC0, 0xFA, 0x1A, 0x16, 0x77,
    0xB1, 0xAA, 0x67, 0xD2, 0xEF, 0x13, 0x62, 0xCF, 0x7C, 0xF3, 0xB1, 0xE1, 0x86, 0xCF, 0x1C, 0x59,
    0xE5, 0x8A, 0x20, 0x84, 0xF2, 0x62, 0x28, 0x9F, 0x0A, 0xD5, 0x5E, 0x56, 0xBD, 0x98, 0xD6, 0x5D,
    0xFA, 0xDD, 0x26, 0xF9, 0x7E, 0x95, 0xFC, 0x53, 0xC9, 0x56, 0xFC, 0xA0, 0x52, 0x20, 0xA9, 0xA5,
    0xB5, 0xAC, 0x11, 0xB6, 0x1F, 0x45, 0xAB, 0xC9, 0xC5, 0xBC, 0x8F, 0x56, 0x4F, 0x96, 0xE7, 0x15,
    0x75, 0x98, 0xCC, 0x69, 0x9D, 0x4C, 0x3F, 0x4D, 0x52, 0x25, 0x4D, 0x5A, 0x26, 0x6D, 0x10, 0xB7,
    0x4F, 0x89, 0xBA, 0xBD, 0xD3, 0xF6, 0x1A, 0xFF, 0xA2, 0xE5, 0x5F, 0x56, 0x8C, 0x98, 0xD7, 0xE0,
    0x3A, 0xBB, 0xD9, 0x56, 0xDC, 0x93, 0x8C, 0xEF, 0xBB, 0x4F, 0xE1, 0xA9, 0x9D, 0x7D, 0x0A, 0x2D,
    0xAC, 0x2A, 0x28, 0xCC, 0x58, 0xC1, 0xD1, 0xEE, 0x3E, 0x85, 0x16, 0x4F, 0x3D, 0xBA, 0x4F, 0x21,
    0x7D, 0x67, 0x9F, 0x42, 0x0B, 0xD9, 0x4E, 0xDE, 0x1A, 0xEF, 0x3C, 0xE0, 0x19, 0x21, 0xFA, 0xAA,
    0xAF, 0xC6, 0xDB, 0x78, 0xB0, 0x48, 0x2B, 0xC5, 0x45, 0xF2, 0xCB, 0x84, 0x8E, 0xB4, 0x31, 0xB7,
    0xD0, 0x71, 0xAD, 0xE3, 0xEE, 0x20, 0x6E, 0xD6, 0xB2, 0x6A, 0xE9, 0x40, 0x51, 0x13, 0xD5, 0xC4,
    0x67, 0x61, 0x50, 0x20, 0xBA, 0x4F, 0xF4, 0x6D, 0x61, 0x1C, 0xFF, 0xC5, 0x38, 0xE4, 0xCF, 0xFE,
    0x51, 0x77, 0x70, 0xFB, 0x72, 0x56, 0xB7, 0x85, 0x6B, 0xA1, 0x6A, 0x96, 0xD3, 0x0B, 0x5B, 0x2D,
    0xC8, 0x77, 0x9D, 0x23, 0x5B, 0x96, 0x0C, 0x2C, 0xE8, 0x59, 0x9B, 0xF3, 0x75, 0xF1, 0x23, 0xCE,
    0xB1, 0x9F, 0x30, 0xEA, 0xA4, 0xF5, 0x54, 0x87, 0xFF, 0x6C, 0x63, 0x35, 0x6F, 0x4A, 0x84, 0x2D,
    0xD8, 0x03, 0xD7, 0xC0, 0xD5, 0x9D, 0x60, 0xF8, 0xD3, 0x53, 0x9A, 0x11, 0x95, 0xF9, 0x38, 0x66,
    0xF5, 0xE5, 0x22, 0x84, 0xEA, 0xEA, 0xF2, 0xF1, 0x50, 0x3E, 0xB3, 0x38, 0x17, 0xD8, 0x93, 0xB3,
    0x56, 0xCC, 0xAE, 0x82, 0xDE, 0xFE, 0x83, 0xED, 0xA1, 0xF1, 0xE6, 0x14, 0x1E, 0x5F, 0xF3, 0xD6,
    0xE1, 0xFE, 0xF3, 0x0E, 0x9A, 0x55, 0x0B, 0x2F, 0x43, 0x83, 0xB8, 0x46, 0x5A, 0xE1, 0x0E, 0xFC,
    0x9E, 0x79, 0x3B, 0xC8, 0xBC, 0xA9, 0xFB, 0x91, 0xBD, 0x17, 0x39, 0xBD, 0xC2, 0xEC, 0x19, 0xE2,
    0x09, 0x92, 0x56, 0x5E, 0xBF, 0xD0, 0xC8, 0xC6, 0x9F, 0x36, 0xDC, 0x78, 0x57, 0x13, 0x01, 0x07,
    0x25, 0xC9, 0xD8, 0x23, 0xEE, 0xE0, 0x0C, 0x76, 0xB5, 0xC0, 0x93, 0xD7, 0x5D, 0x2F, 0x7E, 0x56,
    0x7F, 0xD5, 0x4E, 0x23, 0x33, 0x9D, 0x46, 0xE9, 0xD4, 0xAA, 0x50, 0x65, 0x3F, 0x3C, 0xAA, 0x92,
    0xF1, 0xEF, 0x96, 0xBE, 0x9A, 0xA3, 0x78, 0xD0, 0xBE, 0x4A, 0x18, 0x70, 0xF5, 0xAC, 0x8B, 0xEE,
    0x12, 0xB5, 0xE6, 0x34, 0xE1, 0xD7, 0xDE, 0x6F, 0x37, 0x49, 0x39, 0x08, 0x5F, 0xAE, 0x87, 0x29,
    0x76, 0xEB, 0x85, 0x6F, 0x7E, 0xA9, 0x13, 0xFE, 0xF8, 0xEB, 0x0F, 0x76, 0x93, 0x3C, 0xF7, 0x95,
    0x86, 0x8B, 0x69, 0xCD, 0x85, 0xAC, 0xE6, 0xD2, 0x04, 0x8F, 0xED, 0xEE, 0x26, 0x79, 0xF7, 0xD2,
    0xC2, 0xFF, 0xA2, 0x10, 0xFE, 0xED, 0xA5, 0xF0, 0xBF, 0x9F, 0x95, 0x16, 0x5E, 0x5E, 0x73, 0xED,
    0x90, 0xAB, 0xBB, 0xA5, 0x85, 0xE6, 0x80, 0x9A, 0xBC, 0xF5, 0x5E, 0x69, 0x7B, 0xC9, 0xF2, 0xE8,
    0x84, 0xD5, 0xEB, 0x2F, 0x54, 0x0F, 0x34, 0xCE, 0x6A, 0x5B, 0x67, 0xBB, 0xE3, 0xDF, 0xD9, 0xFF,
    0x52, 0xC6, 0x9D, 0xDC, 0x59, 0x55, 0x7D, 0x3A, 0x76, 0xBB, 0xC1, 0x6A, 0x3C, 0x07, 0xAA, 0x53,
    0xFB, 0xB6, 0xF4, 0xFB, 0x27, 0xD2, 0xA9, 0x12, 0xF7, 0xEE, 0x07, 0xAA, 0xC4, 0xBD, 0x3D, 0x3C,
    0xD0, 0x14, 0xC8, 0xC6, 0x8A, 0xFB, 0xBF, 0xD1, 0x4D, 0xCE, 0xB4, 0x17, 0x6A, 0x83, 0xA2, 0x34,
    0xBC, 0xB4, 0x14, 0xF5, 0xFD, 0x3D, 0x49, 0xD7, 0x6F, 0x15, 0xF5, 0xAD, 0x93, 0x57, 0x8F, 0x65,
    0x27, 0xBF, 0x5F, 0x8A, 0xDE, 0x79, 0xCE, 0xD1, 0x0C, 0x3D, 0x0C, 0x22, 0xEE, 0xB9, 0x48, 0xF1,
    0x47, 0x5B, 0xD2, 0xB1, 0x05, 0xF8, 0x6C, 0x29, 0xFA, 0x69, 0x27, 0xAB, 0x7A, 0xB9, 0x61, 0x6F,
    0x11, 0xF5, 0x2F, 0x6D, 0x92, 0x76, 0xBD, 0xCD, 0xAB, 0x7C, 0x7C, 0x8B, 0x01, 0xFD, 0x59, 0xDB,
    0xAA, 0xAC, 0x9E, 0xAD, 0x84, 0x13, 0x1F, 0xB3, 0x7E, 0xD9, 0xD8, 0x12, 0x1F, 0x43, 0x0F, 0x1D,
    0x34, 0x50, 0xFB, 0x88, 0x8A, 0xA7, 0x0D, 0xC9, 0x83, 0x74, 0x0B, 0x29, 0x0F, 0x86, 0x45, 0xDE,
    0x3E, 0xAC, 0x92, 0x2C, 0x3C, 0xFA, 0xC1, 0x8A, 0xED, 0xBB, 0x7D, 0xB0, 0x82, 0xD8, 0x75, 0x10,
    0xD4, 0x20, 0xFC, 0xA4, 0x04, 0xE7, 0x07, 0x00, 0xFE, 0x55, 0xDC, 0x77, 0x5C, 0x3D, 0x01, 0x49,
    0xFD, 0xEB, 0x90, 0xBC, 0xDD, 0x3C, 0xAC, 0x5C, 0xC5, 0x2F, 0x71, 0xAF, 0xC2, 0x87, 0xC8, 0xD4,
    0x8F, 0x2A, 0x0E, 0xEE, 0x0C, 0x6C, 0xDC, 0x67, 0x50, 0xF8, 0xCB, 0x1B, 0xD2, 0xCE, 0xE6, 0x86,
    0x4E, 0x61, 0xDE, 0xB7, 0x0B, 0x05, 0x2C, 0xC4, 0x8D, 0xAD, 0x39, 0x98, 0x8E, 0xFB, 0xBC, 0xE6,
    0xE8, 0x04, 0x78, 0xEF, 0x74, 0xFD, 0xD6, 0x54, 0x00, 0x31, 0xB8, 0x62, 0xFF, 0xEC, 0x4D, 0xCD,
    0xAD, 0x05, 0x1B, 0xB9, 0x41, 0x8E, 0x2B, 0x58, 0xB8, 0x64, 0x6D, 0xA1, 0x57, 0xFC, 0xC6, 0x83,
    0xD5, 0xEB, 0xB9, 0xD8, 0xC3, 0xD3, 0x5F, 0x3B, 0xC6, 0x85, 0xB8, 0xC3, 0xA5, 0x09, 0xA7, 0x78,
    0x0E, 0x57, 0x93, 0x06, 0xBF, 0x9E, 0xD6, 0xE6, 0xF9, 0x25, 0xB4, 0xA1, 0x46, 0x1D, 0x2A, 0xE2,
    0x3A, 0x94, 0x24, 0x65, 0x8E, 0x54, 0x81, 0x8B, 0x0F, 0x77, 0xDE, 0x5F, 0x7D, 0xC9, 0x3E, 0xAB,
    0xCE, 0x09, 0xAB, 0x3A, 0x8C, 0x1D, 0xD8, 0xF1, 0xC7, 0x69, 0x09, 0x01, 0x2C, 0xC0, 0x13, 0xF0,
    0xD9, 0xEB, 0xBC, 0x3D, 0x88, 0xEB, 0x5E, 0x52, 0xF6, 0xD2, 0xA8, 0x73, 0x31, 0xEE, 0x7C, 0x2A,
    0x69, 0x5D, 0x4E, 0x1A, 0x57, 0x93, 0xDA, 0xCD, 0xB4, 0xD6, 0x66, 0xF5, 0x3F, 0xA8, 0xB3, 0x7A,
    0xAC, 0xB2, 0xFF, 0xF9, 0xBE, 0xE4, 0x18, 0x97, 0x71, 0xF5, 0xCC, 0xA6, 0x9F, 0x25, 0x71, 0xD1,
    0x87, 0x4C, 0x50, 0xFB, 0x9F, 0x27, 0x41, 0x0D, 0xA5, 0x07, 0x4F, 0xCF, 0x0A, 0x2C, 0x88, 0x6A,
    0x5B, 0x92, 0x26, 0xEE, 0x88, 0xDF, 0xCA, 0x6B, 0xBC, 0xF0, 0x16, 0xCE, 0x5D, 0x77, 0x3D, 0xEF,
    0xF4, 0xF1, 0x34, 0xA7, 0xBB, 0xEB, 0xBB, 0x7E, 0xF8, 0x6C, 0x9D, 0xFD, 0xF8, 0x4E, 0x1D, 0x76,
    0x93, 0x56, 0xB9, 0x2B, 0x0A, 0xCB, 0xB3, 0x67, 0xC7, 0xDA, 0x25, 0x1B, 0x7B, 0x51, 0x67, 0xF9,
    0x37, 0xE7, 0xE7, 0xF7, 0x4B, 0x49, 0xC0, 0xEB, 0x87, 0x09, 0xB8, 0x6B, 0xE0, 0x2E, 0x68, 0x77,
    0x9E, 0x65, 0x05, 0xD1, 0x47, 0x49, 0xC0, 0xA3, 0x86, 0xB8, 0x36, 0x8B, 0x0A, 0xB8, 0x82, 0xC7,
    0x3E, 0xA6, 0xD8, 0x22, 0x1D, 0x3B, 0xB2, 0x06, 0x19, 0x5C, 0x84, 0x4F, 0xC1, 0x25, 0x7E, 0x9E,
    0xD8, 0x62, 0x89, 0x03, 0xB3, 0x97, 0xCA, 0x6A, 0x02, 0x2E, 0x9C, 0x49, 0xFB, 0xC2, 0xCE, 0x06,
    0xF9, 0xB1, 0x95, 0x77, 0xE2, 0x93, 0x52, 0xE8, 0x25, 0x5B, 0x2E, 0xF4, 0xB2, 0x43, 0x2E, 0x0D,
    0xD3, 0x1F, 0x97, 0x0F, 0x5D, 0xEB, 0xB9, 0xBC, 0xF1, 0x77, 0x3A, 0xAE, 0xAD, 0xFD, 0x69, 0xC7,
    0xD5, 0x75, 0xFC, 0xDD, 0x76, 0xDE, 0x20, 0x3F, 0x45, 0x19, 0x77, 0x17, 0x59, 0x52, 0xD3, 0x2E,
    0x2F, 0xA5, 0xD3, 0xA9, 0xB8, 0x96, 0xD5, 0x34, 0xC5, 0xCD, 0x50, 0x99, 0x37, 0xC8, 0x97, 0xF3,
    0x06, 0xF9, 0x9C, 0x29, 0xD2, 0x58, 0x55, 0x0E, 0xB6, 0x61, 0x8A, 0x3F, 0x76, 0x42, 0x42, 0x2D,
    0x88, 0x1B, 0x90, 0xEC, 0xE4, 0xE4, 0x9C, 0x33, 0x13, 0x3F, 0x57, 0xCA, 0x1F, 0x0C, 0x81, 0x55,
    0x25, 0x99, 0x22, 0x22, 0xE9, 0xE0, 0x0D, 0x2E, 0x1E, 0x26, 0x7F, 0x9F, 0x4F, 0x6D, 0xB2, 0x82,
    0xCB, 0xEB, 0xA7, 0x96, 0x5C, 0xDD, 0xBB, 0xB6, 0xE0, 0xE6, 0xDE, 0xDD, 0x3D, 0xDA, 0x55, 0xBD,
    0xF6, 0x0F, 0xEA, 0x55, 0xB9, 0x31, 0x56, 0x85, 0xFD, 0xE7, 0xEF, 0xBB, 0x64, 0xD5, 0x42, 0x54,
    0x43, 0x52, 0x41, 0x06, 0x9E, 0x06, 0x7B, 0xE0, 0xD3, 0x3F, 0xAF, 0x3B, 0x9B, 0x17, 0x19, 0xB3,
    0xEA, 0x65, 0xB2, 0x9F, 0x54, 0xC4, 0x6F, 0x01, 0xD0, 0x23, 0x7A, 0xF8, 0x0D, 0x96, 0x0D, 0x9E,
    0x5A, 0x63, 0x6F, 0x6D, 0xD2, 0xF7, 0x9D, 0x6F, 0xB0, 0x2C, 0x49, 0x1E, 0xFD, 0x06, 0x4B, 0x6E,
    0x2E, 0xDD, 0xD5, 0x9E, 0x42, 0x5C, 0x0B, 0x55, 0xD6, 0xC8, 0xEB, 0x83, 0x6D, 0x34, 0xF6, 0x9F,
    0x88, 0x4A, 0x7B, 0x09, 0xAB, 0x7F, 0xC8, 0xE7, 0x5A, 0xC0, 0x67, 0xFF, 0x1E, 0x6F, 0x1D, 0x49,
    0x9A, 0x42, 0x28, 0xE7, 0x57, 0xD6, 0xC2, 0xC2, 0xDA, 0xDA, 0xC6, 0xC6, 0x30, 0xFD, 0x44, 0xBD,
    0x21, 0xEE, 0x6D, 0x3E, 0xD9, 0xBB, 0xF5, 0xD2, 0x5B, 0x75, 0xD1, 0x1E, 0x95, 0xC0, 0xF9, 0xA8,
    0x22, 0x7C, 0xB3, 0x21, 0x7C, 0xA5, 0xC6, 0xC7, 0x4E, 0xC1, 0xF3, 0x9F, 0xA1, 0x5F, 0xD3, 0xEF,
    0xE1, 0x17, 0x41, 0xC1, 0x38, 0x5B, 0x15, 0x7F, 0xFB, 0xCD, 0xC9, 0xAC, 0xF8, 0xD7, 0x3A, 0x2D,
    0xFE, 0x65, 0xAB, 0x21, 0xFE, 0x5E, 0xA3, 0x22, 0xF9, 0x8D, 0x1A, 0x2E, 0x66, 0x35, 0x5C, 0x9E,
    0x4F, 0x6E, 0x86, 0x71, 0x40, 0x1B, 0x7E, 0xF7, 0x3A, 0x49, 0x9D, 0x43, 0x36, 0x8E, 0xF0, 0x94,
    0x25, 0x5C, 0xB3, 0x14, 0xD1, 0x59, 0x48, 0xC5, 0x8D, 0xB5, 0x8B, 0xD2, 0x26, 0x3A, 0xBE, 0xB1,
    0x3F, 0x8D, 0xED, 0xB9, 0xCE, 0xF3, 0xB3, 0xD5, 0x67, 0xAB, 0xE8, 0xAD, 0x7F, 0xF4, 0x76, 0x9F,
    0xD6, 0x79, 0xBD, 0x0D, 0x65, 0x28, 0x37, 0x2B, 0x85, 0x61, 0x61, 0x11, 0x77, 0x1B, 0xEB, 0xBC,
    0x9E, 0x4B, 0x49, 0x07, 0x5B, 0x33, 0x0D, 0x43, 0xBC, 0x65, 0x93, 0xAC, 0x55, 0xAB, 0xBF, 0xB5,
    0xFA, 0x7A, 0x9D, 0xF7, 0xD9, 0x09, 0xE0, 0x89, 0x18, 0xEB, 0x0C, 0xB7, 0x36, 0x28, 0x1A, 0xB0,
    0xB3, 0x52, 0xF4, 0xF0, 0x03, 0x2F, 0x3B, 0x2B, 0x45, 0xEF, 0xFD, 0x81, 0x97, 0xE1, 0x3D, 0x3F,
    0xF0, 0x72, 0xE3, 0xEC, 0x03, 0x2F, 0xCF, 0xC4, 0x5E, 0xFB, 0xA4, 0xFB, 0x87, 0x8A, 0xDB, 0xE0,
    0x94, 0xCA, 0x29, 0x91, 0x89, 0xC6, 0xA6, 0x30, 0x4C, 0x04, 0xF2, 0x7A, 0x3C, 0xB6, 0x7D, 0x74,
    0x2A, 0x66, 0x67, 0xD3, 0x6D, 0xE5, 0xFE, 0xAB, 0x9D, 0xD6, 0x56, 0x69, 0x1F, 0x4B, 0xAC, 0xDE,
    0x69, 0xD1, 0xAB, 0xA3, 0xA3, 0xDF, 0xBF, 0x9F, 0xF6, 0xF6, 0xF3, 0xCA, 0x76, 0x25, 0x1A, 0x16,
    0x92, 0x6E, 0x21, 0x6D, 0x96, 0xF2, 0xB2, 0xF8, 0xD2, 0xBD, 0x87, 0xC1, 0xF5, 0x6F, 0x4B, 0xC6,
    0xF6, 0x62, 0xD4, 0x3F, 0x66, 0xC3, 0x9A, 0xB5, 0xCF, 0x6E, 0xE3, 0xB7, 0xB7, 0xA1, 0x1A, 0x96,
    0xF3, 0xEA, 0xD3, 0x26, 0xA9, 0xF7, 0x43, 0x59, 0x0C, 0x20, 0xAA, 0x6E, 0x4F, 0xF1, 0x94, 0xA4,
    0xE9, 0x3E, 0x0E, 0x65, 0xA6, 0x41, 0x3A, 0x2C, 0xF4, 0x7B, 0x7E, 0x0E, 0xDD, 0xF8, 0xC4, 0x79,
    0x60, 0x19, 0x4A, 0x70, 0xE5, 0xEC, 0xCC, 0xBF, 0xD2, 0x51, 0xEE, 0xD4, 0xA9, 0xCC, 0xFD, 0x8A,
    0xE4, 0x3B, 0x1D, 0xF0, 0xAB, 0x88, 0x72, 0x3F, 0x19, 0x53, 0x84, 0x4A, 0x9E, 0x55, 0xF8, 0xC5,
    0x7F, 0xF9, 0xE7, 0xF9, 0xCF, 0xEB, 0xD7, 0xBA, 0xF5, 0xCF, 0xB1, 0x01, 0xD8, 0xD1, 0x38, 0x18,
    0xC7, 0x5E, 0x9B, 0x34, 0x51, 0x9D, 0x61, 0x0F, 0x2D, 0x49, 0xC5, 0xD3, 0x58, 0x0D, 0x44, 0x47,
    0x08, 0x15, 0x59, 0x3D, 0xB5, 0x2F, 0x98, 0x4B, 0xCD, 0xAA, 0xCD, 0xAC, 0xC7, 0xF1, 0xAC, 0x87,
    0x27, 0xE6, 0xA9, 0xE6, 0xAF, 0x5A, 0x8D, 0x83, 0xE5, 0x2B, 0x9D, 0x9B, 0x49, 0xED, 0xFA, 0x45,
    0x5C, 0x7B, 0x28, 0x2F, 0xDC, 0x26, 0x3B, 0x46, 0xB1, 0x23, 0x2F, 0x9D, 0x65, 0x3E, 0x26, 0x54,
    0x7B, 0x82, 0x85, 0xA5, 0xE2, 0x77, 0x86, 0x79, 0x2E, 0x99, 0xC7, 0x5F, 0xB9, 0x8D, 0x30, 0xD6,
    0xBF, 0x8A, 0x6F, 0x0A, 0xFD, 0xDA, 0x2B, 0x1C, 0x9C, 0x7C, 0x94, 0x62, 0x8C, 0x0A, 0x88, 0xA3,
    0xCA, 0x99, 0x5B, 0xDA, 0xF5, 0x4B, 0xBF, 0x7C, 0x46, 0x9F, 0xF9, 0x24, 0x8B, 0x9C, 0xBD, 0x1C,
    0x3E, 0x3A, 0x33, 0xB7, 0x9F, 0x27, 0xEE, 0x06, 0xE2, 0xB6, 0xC7, 0x87, 0x29, 0x2F, 0x26, 0x54,
    0xB7, 0x26, 0xB8, 0x47, 0xFE, 0x21, 0xCB, 0x8B, 0x27, 0xA7, 0x3B, 0x2C, 0x1E, 0x71, 0xBA, 0xB7,
    0x45, 0x6F, 0x0F, 0xD2, 0x7A, 0x2E, 0x39, 0xB6, 0x94, 0x5B, 0xCC, 0x82, 0x73, 0x5B, 0xC5, 0x7B,
    0x95, 0x1C, 0x7F, 0x78, 0x9D, 0x0F, 0xA6, 0x24, 0xEF, 0xFE, 0x8D, 0x1B, 0x2F, 0x7C, 0x18, 0x9D,
    0xDF, 0x5B, 0xBF, 0xFB, 0xAF, 0x1C, 0x39, 0x39, 0x6D, 0xEF, 0xAF, 0xDF, 0x6E, 0x3F, 0xFF, 0x12,
    0x75, 0x7E, 0xB4, 0x9F, 0x3F, 0x2A, 0x8F, 0x47, 0xED, 0xE0, 0x2F, 0xFA, 0x13, 0x1E, 0xBB, 0x76,
    0xF0, 0xC3, 0xED, 0x68, 0x9D, 0x4C, 0x4D, 0x45, 0x3E, 0x56, 0xBF, 0x9C, 0x2F, 0x2C, 0xFA, 0xEC,
    0x2B, 0xE5, 0xCE, 0x2A, 0xDD, 0x93, 0x65, 0x5C, 0x2A, 0xEA, 0xD0, 0x4C, 0xF2, 0x4F, 0xA1, 0x8D,
    0x1B, 0x71, 0x97, 0xD4, 0xF4, 0x13, 0x0C, 0x69, 0xC9, 0x26, 0xC3, 0xFA, 0x02, 0x16, 0x97, 0xB1,
    0xBC, 0x8A, 0xBC, 0x45, 0xA8, 0x11, 0x4A, 0x5C, 0x84, 0x3D, 0xE8, 0x91, 0x36, 0x3C, 0x79, 0x54,
    0x52, 0xF4, 0x70, 0x3E, 0x2E, 0xC9, 0xB3, 0x9A, 0x90, 0xD6, 0xE0, 0x97, 0x44, 0x75, 0xB2, 0x3A,
    0x16, 0xB9, 0x1D, 0xBB, 0xF3, 0x4B, 0x23, 0x0D, 0x0C, 0x1B, 0xE2, 0xB6, 0x23, 0xFD, 0x66, 0xCD,
    0x85, 0xC7, 0x7F, 0x59, 0xCC, 0x41, 0xDC, 0xF5, 0x53, 0xC8, 0xD0, 0x10, 0xB2, 0x92, 0x2F, 0x5C,
    0xFA, 0x25, 0xD2, 0x8F, 0xCB, 0x8A, 0x29, 0x3E, 0x39, 0x85, 0x16, 0x80, 0x8F, 0xF3, 0x63, 0x4F,
    0x8F, 0xEE, 0xA9, 0xF6, 0x91, 0xBE, 0x06, 0xF0, 0xDE, 0x85, 0x65, 0x1F, 0xBD, 0xD2, 0x6E, 0x05,
    0x01, 0x2E, 0xBE, 0x03, 0x17, 0xE0, 0xB1, 0x77, 0xAF, 0x29, 0xAB, 0x67, 0xDB, 0xBA, 0x5B, 0x8D,
    0x57, 0x5A, 0x75, 0xDC, 0xE4, 0x65, 0x1A, 0x49, 0xED, 0x85, 0xCA, 0x6F, 0x3D, 0xB0, 0x44, 0xD0,
    0xAF, 0x41, 0xB7, 0xF6, 0xC8, 0xF1, 0x2B, 0xFE, 0x06, 0x53, 0x54, 0x3D, 0x4F, 0xD2, 0xF6, 0x76,
    0x53, 0x8E, 0x5F, 0xEC, 0xC7, 0x07, 0x3E, 0xBE, 0xAA, 0x44, 0x09, 0xA4, 0x70, 0x11, 0xC9, 0x31,
    0xA2, 0xDE, 0x07, 0x2A, 0x57, 0xDC, 0x79, 0x66, 0x77, 0x69, 0xAD, 0x6A, 0x45, 0xF9, 0x8B, 0x5C,
    0x49, 0xED, 0xDE, 0x7F, 0x25, 0xB5, 0x01, 0xF5, 0xCE, 0x34, 0xCE, 0x8C, 0x33, 0x2D, 0xFB, 0x3F,
    0xF7, 0x1A, 0x6A, 0x33, 0x8B, 0x9B, 0x5B, 0x52, 0xCD, 0xE2, 0xDC, 0xFB, 0xF0, 0xAC, 0x0E, 0xC6,
    0xB1, 0xE6, 0xC9, 0x83, 0xDF, 0x2D, 0x3F, 0x24, 0xAB, 0xFA, 0x3D, 0xF5, 0x4E, 0xC7, 0xB1, 0x8D,
    0x9E, 0xFD, 0x51, 0xF9, 0x1E, 0x7A, 0xD7, 0xFF, 0x2F, 0xC5, 0xD9, 0x01, 0x84, 0x64, 0xD9, 0xB9,
    0x00, 0xE0, 0xEF, 0xDE, 0xDB, 0x35, 0x35, 0x33, 0x35, 0x33, 0xB7, 0xD1, 0xF3, 0x8C, 0xD9, 0x99,
    0xBD, 0x83, 0xC5, 0xBE, 0xA7, 0x67, 0x6A, 0x31, 0x68, 0xEF, 0x75, 0x55, 0x1D, 0x6F, 0xC1, 0xB3,
    0x9E, 0x6D, 0xEC, 0x7A, 0xC0, 0xDB, 0x05, 0xEC, 0x82, 0x6D, 0x8C, 0x98, 0x50, 0xB3, 0x7D, 0xB3,
    0xC1, 0x22, 0xD0, 0x9B, 0x08, 0x48, 0xC4, 0x20, 0x22, 0x80, 0xC6, 0x62, 0x42, 0x8D, 0xB9, 0x1B,
    0x01, 0x40, 0x25, 0x11, 0xC1, 0x42, 0x85, 0x05, 0x82, 0xDC, 0xA1, 0x42, 0xED, 0xA6, 0xA6, 0x2B,
    0x37, 0x87, 0x12, 0x33, 0x56, 0xD8, 0xED, 0xEA, 0x6A, 0xDD, 0xF7, 0x07, 0x9C, 0xF3, 0x7F, 0xFF,
    0x7F, 0x9D, 0x73, 0xFD, 0x85, 0x29, 0x92, 0x29, 0xB2, 0x19, 0x3A, 0x23, 0xDC, 0x1C, 0x62, 0x77,
    0x88, 0xFD, 0x5D, 0x4C, 0x7A, 0xA4, 0x55, 0x9F, 0x2C, 0xF4, 0xC9, 0x0D, 0x28, 0x16, 0x0B, 0x76,
    0x14, 0x1C, 0xC9, 0x83, 0x49, 0x13, 0xD2, 0x4A, 0x5E, 0x76, 0xC6, 0x8A, 0xEA, 0x60, 0x9E, 0x2C,
    0xA6, 0x80, 0x7A, 0xB9, 0x7A, 0x52, 0x03, 0x5C, 0xFF, 0x84, 0x2F, 0x9F, 0xC8, 0xC6, 0x5D, 0x79,
    0xB8, 0xA3, 0xAB, 0xAF, 0xA7, 0x67, 0x68, 0x68, 0x64, 0x64, 0xA6, 0xF9, 0x4B, 0xA6, 0x66, 0xE9,
    0xD4, 0xE8, 0xC2, 0xD4, 0x87, 0xF7, 0xBF, 0xAC, 0xBA, 0x93, 0x27, 0x01, 0x92, 0x9A, 0xB4, 0x5E,
    0x2E, 0x06, 0xDE, 0x47, 0xF2, 0xE7, 0x0A, 0xAF, 0x57, 0xE8, 0x94, 0xF8, 0x2E, 0xEC, 0x03, 0xA7,
    0x28, 0x4C, 0xF6, 0xC8, 0xE7, 0x9C, 0xBF, 0x8D, 0x21, 0xD9, 0x84, 0x2C, 0x90, 0x9C, 0x0C, 0x09,
    0x49, 0x80, 0x1C, 0x86, 0x3B, 0x48, 0x8E, 0x37, 0xD1, 0xFE, 0x41, 0xC0, 0xB5, 0xA4, 0xF4, 0x9C,
    0x2D, 0xE2, 0xA2, 0x6E, 0xC9, 0x8B, 0xBE, 0x08, 0x5C, 0x0A, 0x23, 0x31, 0x1A, 0x23, 0x52, 0x54,
    0x8A, 0x4C, 0xD1, 0x49, 0x84, 0x8A, 0x52, 0x91, 0x2A, 0x5A, 0x45, 0x2C, 0x6C, 0xE1, 0xBE, 0xF4,
    0x93, 0xB1, 0xFC, 0x29, 0xBD, 0x1D, 0x1E, 0x5E, 0xC2, 0x49, 0xB5, 0x01, 0x6A, 0xD8, 0x19, 0xA2,
    0x75, 0x2C, 0x4A, 0x23, 0xF4, 0x94, 0x5B, 0xD8, 0x42, 0x27, 0x90, 0xFE, 0xFA, 0x90, 0x37, 0xEB,
    0x15, 0xA2, 0x78, 0x0F, 0x7E, 0x06, 0x57, 0x30, 0xBC, 0x47, 0xB2, 0x46, 0x19, 0x49, 0xE0, 0xDC,
    0x11, 0xF6, 0xA5, 0x3F, 0x2A, 0x57, 0xDB, 0x32, 0x90, 0xCE, 0x5E, 0xA3, 0xFD, 0xC1, 0x84, 0x8D,
    0x56, 0xC0, 0xD0, 0xBA, 0x89, 0xC8, 0x7F, 0x5B, 0xFA, 0xCF, 0x05, 0xB7, 0x5E, 0x25, 0x3D, 0x24,
    0xAF, 0x57, 0xCD, 0xF4, 0x18, 0xE9, 0x62, 0xE9, 0xBA, 0xB9, 0x74, 0x59, 0xFF, 0xC9, 0x09, 0x59,
    0x4D, 0x3E, 0x65, 0x77, 0x77, 0x35, 0xC8, 0x29, 0x66, 0x98, 0x02, 0x00, 0xED, 0x0A, 0x57, 0xD0,
    0xDA, 0x0A, 0x74, 0xD2, 0x8A, 0x6C, 0x11, 0xF0, 0x4B, 0x6B, 0xE1, 0xDF, 0xC1, 0x3D, 0x36, 0xBF,
    0xC7, 0xCE, 0x15, 0x8A, 0x39, 0xED, 0xC9, 0xAA, 0x5A, 0x9A, 0x4C, 0x60, 0xFF, 0xCC, 0x74, 0x1D,
    0x64, 0xE5, 0x69, 0xE9, 0x1C, 0x40, 0x06, 0x2F, 0xA3, 0x75, 0x6B, 0xDD, 0xC4, 0x74, 0x4A, 0xB2,
    0x4D, 0x6C, 0xE0, 0x67, 0x2F, 0x10, 0x4F, 0xE3, 0xE8, 0x69, 0x59, 0x37, 0x51, 0x3C, 0x7A, 0x2A,
    0xFF, 0xB1, 0x08, 0x6E, 0xFD, 0x3B, 0x9B, 0xC9, 0x8A, 0x99, 0x2F, 0x90, 0x92, 0x5F, 0xAD, 0x85,
    0xC4, 0x21, 0xD2, 0x7A, 0x19, 0x1C, 0x62, 0xB3, 0xC5, 0xBD, 0x9B, 0x0C, 0x66, 0x74, 0xC6, 0x27,
    0xB6, 0x25, 0x25, 0xD9, 0x44, 0x7C, 0x92, 0x80, 0x27, 0x8B, 0x45, 0xA9, 0xF8, 0xC3, 0x3B, 0xA5,
    0xBC, 0xCC, 0x82, 0x3C, 0x64, 0x14, 0x52, 0xBA, 0x10, 0x43, 0x1F, 0x06, 0x8B, 0x31, 0x0F, 0xDE,
    0x0E, 0x8C, 0x60, 0x66, 0x19, 0xA6, 0x36, 0x24, 0xB5, 0x6D, 0x69, 0x6D, 0x47, 0xFB, 0xAF, 0x6F,
    0x4F, 0x1D, 0x2C, 0x16, 0x35, 0xE0, 0x02, 0x2C, 0x97, 0xE2, 0x02, 0x5C, 0x2F, 0x93, 0xAF, 0xA6,
    0xED, 0x6A, 0x9E, 0x87, 0x51, 0xD7, 0xAC, 0x97, 0xD6, 0xA3, 0xA2, 0x5A, 0x3C, 0x33, 0x67, 0xC6,
    0x9C, 0xA1, 0x72, 0xF0, 0x7F, 0x55, 0xE7, 0x18, 0xCE, 0x91, 0x97, 0x8A, 0xA0, 0x05, 0xE7, 0x0E,
    0xD1, 0x9F, 0x62, 0xF3, 0x1E, 0x92, 0x1A, 0x79, 0xC0, 0x65, 0x70, 0xAA, 0x9C, 0x56, 0xD0, 0x9D,
    0xDA, 0xDC, 0xE1, 0x53, 0x9D, 0xD2, 0x15, 0xDF, 0x94, 0xC2, 0x16, 0x2C, 0x5E, 0x27, 0xFD, 0xC9,
    0x31, 0x69, 0x32, 0x3D, 0xF5, 0xA4, 0xB7, 0xE2, 0x86, 0x71, 0xBF, 0xB8, 0x9D, 0x98, 0xB3, 0x26,
    0x69, 0x4D, 0xD6, 0x9A, 0xB4, 0x75, 0xCD, 0x34, 0x89, 0x6B, 0x32, 0xB7, 0x78, 0xC6, 0x1C, 0x33,
    0xCC, 0xC5, 0xF4, 0x35, 0xF9, 0x5B, 0x02, 0x96, 0x08, 0x53, 0xDA, 0xBF, 0xAB, 0x28, 0x9E, 0xE2,
    0xFE, 0x3D, 0x1C, 0x5E, 0x3B, 0x75, 0x0C, 0x5B, 0xF8, 0x54, 0xFA, 0xC3, 0x4A, 0xFE, 0x94, 0xDD,
    0x7B, 0x8C, 0x6F, 0x9C, 0x1C, 0xD5, 0x82, 0x0E, 0x64, 0x1F, 0x8F, 0xF1, 0x4E, 0xBD, 0x3E, 0xD4,
    0x06, 0x39, 0xD9, 0x47, 0x87, 0xDE, 0xAC, 0x1B, 0x50, 0xF4, 0x7C, 0xD3, 0xD7, 0x4A, 0x5A, 0xE2,
    0xC2, 0x11, 0x3C, 0xA4, 0xFD, 0xFB, 0x40, 0xB1, 0x46, 0x03, 0x49, 0xE0, 0x62, 0x8D, 0xA3, 0xF8,
    0xB5, 0xBB, 0xCA, 0xE6, 0x00, 0xDD, 0xC6, 0xE4, 0x3B, 0x0B, 0xEC, 0x6D, 0xA1, 0x3D, 0xB6, 0x6E,
    0x22, 0x8A, 0x8F, 0x82, 0xFF, 0x5A, 0xB0, 0xF7, 0xDE, 0xF2, 0x6B, 0x77, 0xD5, 0xCC, 0xF6, 0xC4,
    0xD2, 0x75, 0xDF, 0x72, 0xE1, 0xB3, 0x39, 0xA4, 0x63, 0x36, 0x8A, 0xBA, 0xC9, 0x24, 0xE6, 0x71,
    0x82, 0x63, 0x3B, 0xF9, 0xB9, 0xCE, 0x63, 0x1B, 0x57, 0x78, 0x20, 0x9D, 0xC8, 0xCA, 0x48, 0x7A,
    0xA6, 0x98, 0xC8, 0x4B, 0x79, 0x50, 0xD0, 0xA5, 0x4B, 0x9F, 0x1E, 0x43, 0x46, 0xE2, 0xBA, 0x4C,
    0x25, 0xB5, 0xB4, 0xD6, 0xAE, 0x1D, 0x2C, 0x78, 0xAB, 0x7D, 0x9C, 0xE4, 0xEE, 0x24, 0x5F, 0x24,
    0x15, 0x57, 0xC3, 0x07, 0x55, 0xA7, 0xEA, 0x94, 0x79, 0xC8, 0x15, 0xE2, 0x2D, 0x68, 0xD7, 0xAE,
    0xFE, 0x7E, 0x77, 0xFC, 0xAD, 0x77, 0x20, 0x0D, 0xF2, 0x4A, 0x5E, 0x49, 0xC1, 0xD0, 0xDC, 0x23,
    0x68, 0xED, 0xBD, 0x54, 0xA7, 0x75, 0x3A, 0xC9, 0xC6, 0x59, 0xD5, 0x6E, 0x36, 0xCE, 0xE3, 0xC6,
    0xB9, 0xFC, 0xA7, 0x9D, 0x29, 0xAF, 0x18, 0x19, 0x35, 0x91, 0xE8, 0x5F, 0x8C, 0xE9, 0xBE, 0x3D,
    0x63, 0xA6, 0x2F, 0xAB, 0x15, 0x3A, 0x95, 0xBC, 0xCC, 0xCB, 0x26, 0x74, 0xC9, 0xAB, 0x01, 0x79,
    0xF9, 0xA1, 0x26, 0x3C, 0xA6, 0x08, 0x23, 0xBA, 0x46, 0x0C, 0x8C, 0x78, 0x60, 0xC8, 0x5C, 0x4F,
    0x5A, 0xEB, 0xEA, 0x8C, 0xE5, 0xE3, 0x03, 0x92, 0xC5, 0x14, 0x1B, 0x70, 0x0D, 0xFA, 0xCB, 0x60,
    0x0B, 0xAE, 0x1F, 0x4A, 0xBE, 0x9A, 0x69, 0x57, 0x7D, 0x79, 0xE8, 0xEA, 0x2B, 0xF4, 0xE2, 0xC2,
    0x85, 0xB9, 0xAE, 0x99, 0x81, 0x99, 0x9E, 0x59, 0xCC, 0x73, 0xAA, 0xDF, 0x1E, 0x8B, 0xBD, 0xB2,
    0xFC, 0x28, 0xA0, 0x3D, 0x26, 0x09, 0x70, 0xB1, 0x44, 0xBF, 0xC6, 0xE6, 0xD1, 0x73, 0x17, 0xED,
    0x25, 0xEB, 0x11, 0x2E, 0xA7, 0x3B, 0x1B, 0x37, 0x5F, 0x9C, 0xEE, 0x9C, 0x48, 0x0A, 0x7B, 0xC8,
    0xC6, 0x14, 0x6F, 0x60, 0xF0, 0x1B, 0x92, 0x3F, 0x4D, 0x48, 0xC3, 0xAD, 0xF5, 0xC8, 0xD8, 0xC2,
    0xA3, 0xE5, 0x24, 0xC7, 0xEE, 0x7D, 0x1E, 0xDE, 0xC0, 0x09, 0x65, 0x5B, 0xB0, 0x0D, 0x9D, 0x22,
    0x90, 0x1C, 0x54, 0x6B, 0x96, 0xB5, 0xD0, 0x61, 0x39, 0xCE, 0x59, 0x9D, 0x8C, 0x8B, 0xF0, 0x6F,
    0x15, 0xD2, 0x8A, 0xE2, 0x7F, 0x31, 0x58, 0x37, 0xEF, 0x6B, 0x67, 0x3A, 0xAB, 0x23, 0xC2, 0xC1,
    0xFF, 0xE0, 0xF3, 0x39, 0x49, 0xD8, 0x43, 0x11, 0xCE, 0xC6, 0x89, 0xE2, 0xA3, 0x38, 0xD8, 0xB1,
    0xF7, 0xCF, 0xC1, 0xCE, 0x8A, 0xAD, 0x45, 0x89, 0x83, 0x0A, 0x4F, 0x27, 0x64, 0x61, 0xFF, 0xEC,
    0x4E, 0x4E, 0x68, 0xD7, 0x44, 0xE4, 0x0E, 0xE3, 0x4B, 0xAC, 0xFC, 0x44, 0x05, 0xD2, 0x1A, 0xDA,
    0x15, 0xE4, 0xE0, 0x55, 0x40, 0x37, 0xD2, 0xBB, 0xD1, 0x9E, 0x47, 0xFC, 0x76, 0xD4, 0x4F, 0x44,
    0xBE, 0xF8, 0x2F, 0x16, 0x40, 0xAC, 0x80, 0x58, 0x02, 0xB1, 0x06, 0x46, 0x74, 0xC5, 0x2A, 0x88,
    0x65, 0x10, 0xEB, 0x20, 0x16, 0x42, 0xAC, 0x84, 0x58, 0x8A, 0x65, 0x2D, 0x6C, 0x00, 0xD0, 0xC7,
    0x23, 0x92, 0x31, 0x99, 0x6B, 0xE8, 0x37, 0xF2, 0x7E, 0x23, 0xDF, 0x6E, 0xE4, 0x47, 0x8D, 0x3C,
    0x7C, 0x8B, 0xF6, 0x1A, 0x82, 0x3B, 0x20, 0x07, 0x69, 0x38, 0x63, 0x69, 0x1F, 0x39, 0xDA, 0x81,
    0xA4, 0x5C, 0x81, 0xF4, 0x62, 0x09, 0xFD, 0xDA, 0xF2, 0x9E, 0x94, 0xD4, 0x90, 0x07, 0xB8, 0xE4,
    0x0C, 0xBD, 0x5F, 0x7F, 0x7F, 0x5E, 0x93, 0x9C, 0xD4, 0xBC, 0x09, 0xE9, 0xF1, 0x65, 0xB4, 0x3F,
    0x98, 0xA3, 0x95, 0x4E, 0xCE, 0xCE, 0x19, 0xE3, 0x93, 0xEF, 0x87, 0xE4, 0xF3, 0x85, 0xC4, 0xA3,
    0x15, 0xF4, 0x94, 0x33, 0xD4, 0x5C, 0x00, 0xDD, 0x65, 0xC4, 0x79, 0xC0, 0xC9, 0x65, 0x87, 0x64,
    0x75, 0x7C, 0x28, 0x39, 0x58, 0x24, 0x8B, 0xC9, 0x4B, 0x53, 0x07, 0xA1, 0x5D, 0xD9, 0xD6, 0x69,
    0x82, 0xBC, 0xB4, 0xD3, 0x04, 0x77, 0xE5, 0xC1, 0xBE, 0x82, 0x23, 0x5D, 0x6A, 0x7D, 0x26, 0x7A,
    0x8C, 0x0D, 0x25, 0x95, 0xA1, 0xB4, 0x32, 0x92, 0x95, 0x46, 0xDA, 0xC1, 0x03, 0x39, 0xDD, 0x1F,
    0x8F, 0x68, 0x2F, 0x26, 0x00, 0xEF, 0x3E, 0x37, 0x2D, 0xB3, 0x87, 0xAB, 0xA1, 0x15, 0x0E, 0xAA,
    0xBC, 0xEC, 0x54, 0x79, 0xE8, 0x94, 0xB9, 0x3C, 0x14, 0x72, 0x5D, 0x85, 0xBE, 0xAE, 0x9E, 0xBE,
    0xA1, 0x9E, 0xB9, 0xDD, 0x74, 0x6E, 0x78, 0xF1, 0x91, 0xFE, 0x7B, 0x8F, 0x0F, 0xBB, 0x93, 0x41,
    0xB9, 0x5C, 0xCF, 0x0C, 0x33, 0xEC, 0xC1, 0x75, 0xF8, 0x5B, 0x85, 0xFF, 0xAE, 0xD0, 0x28, 0xE8,
    0xC1, 0x6B, 0xE0, 0xF4, 0x85, 0xC9, 0x1E, 0x9D, 0x67, 0x6C, 0xBC, 0x8C, 0xDB, 0xA4, 0x13, 0xB2,
    0x92, 0x93, 0x4A, 0x81, 0x6C, 0x8C, 0x3C, 0xE0, 0x36, 0xEC, 0x03, 0xBD, 0x06, 0xF5, 0xAC, 0xDF,
    0xA0, 0x86, 0xDB, 0xFF, 0x40, 0xED, 0x34, 0xA8, 0x3B, 0xE3, 0x55, 0xA2, 0x80, 0x01, 0x8C, 0x90,
    0x4C, 0x90, 0x85, 0x73, 0x01, 0x79, 0xD5, 0xB0, 0xDE, 0xA8, 0x1A, 0xD7, 0xC7, 0xA1, 0x81, 0xFD,
    0xBF, 0x46, 0x36, 0x89, 0xB4, 0x68, 0x8B, 0xB8, 0xA8, 0x8B, 0xBC, 0xE8, 0x8B, 0xC0, 0x28, 0x8C,
    0x44, 0x2F, 0x18, 0x65, 0x13, 0xA8, 0xE1, 0x3E, 0xDC, 0x58, 0xA7, 0x72, 0x00, 0x39, 0xCB, 0xAE,
    0x55, 0xAB, 0x57, 0xFE, 0xAB, 0xB7, 0x74, 0x4D, 0xD4, 0x64, 0x0F, 0x9D, 0x67, 0xE2, 0x7B, 0x8A,
    0xDB, 0x48, 0x27, 0x11, 0x7D, 0x1A, 0xDE, 0x3D, 0x64, 0xF3, 0x1B, 0x5C, 0x39, 0x98, 0x72, 0xBE,
    0x3D, 0x5E, 0x8F, 0x72, 0x03, 0x0E, 0x3E, 0xAB, 0xF8, 0xE3, 0x02, 0xE1, 0xD1, 0x69, 0xD8, 0x58,
    0x0F, 0xE6, 0x15, 0x18, 0x2D, 0x83, 0x5B, 0xC0, 0x29, 0x88, 0xDE, 0x85, 0xD9, 0x73, 0x67, 0x34,
    0xD0, 0x90, 0x48, 0xC7, 0x50, 0xC3, 0x5D, 0xC0, 0xE0, 0x38, 0x5B, 0x34, 0x1B, 0x7A, 0xAC, 0x3D,
    0x76, 0x4F, 0x56, 0x9B, 0x48, 0xEB, 0xB4, 0x62, 0xDA, 0xC6, 0xFC, 0x32, 0x86, 0x3B, 0xE8, 0x1D,
    0x61, 0x50, 0xA1, 0x08, 0x5E, 0x1C, 0x53, 0xE9, 0xC1, 0x10, 0xC9, 0x33, 0x14, 0x8B, 0x31, 0x80,
    0x2E, 0xE4, 0x01, 0x59, 0x05, 0x15, 0xE0, 0x6A, 0x48, 0x83, 0x6E, 0x95, 0x8F, 0x65, 0xE3, 0x76,
    0x13, 0x26, 0xE9, 0x58, 0x5A, 0x67, 0x15, 0xD3, 0x26, 0x98, 0xB5, 0x03, 0xA3, 0x0E, 0x86, 0x97,
    0xD1, 0xDB, 0x46, 0xFF, 0x2E, 0x8A, 0x09, 0xF2, 0x6A, 0xB9, 0xE8, 0x15, 0xD8, 0x85, 0x29, 0x8D,
    0x81, 0xAB, 0x4F, 0x02, 0xDD, 0xE9, 0x1A, 0x6C, 0x2F, 0xFE, 0xB6, 0xB3, 0x72, 0xD6, 0x05, 0x4C,
    0x07, 0xB4, 0xC7, 0x03, 0x0D, 0xEB, 0x7C, 0x64, 0xE1, 0x7D, 0x24, 0x7F, 0x29, 0x49, 0xB2, 0x12,
    0x2F, 0x05, 0x3C, 0x82, 0x87, 0xEB, 0xE8, 0xEA, 0x5B, 0xC8, 0x8E, 0x91, 0xE4, 0xF0, 0x32, 0x92,
    0x2F, 0x90, 0xAC, 0xB1, 0xB5, 0x04, 0x74, 0x66, 0x77, 0xB9, 0xF9, 0xA4, 0x66, 0xB3, 0x53, 0x9E,
    0xBE, 0xBC, 0x05, 0x83, 0x71, 0xC5, 0x2F, 0x16, 0x25, 0xE5, 0x83, 0xF5, 0x79, 0xFF, 0x0E, 0x95,
    0x96, 0x01, 0x84, 0x24, 0xD9, 0x19, 0xC7, 0x7F, 0xAF, 0xDE, 0xCE, 0xBE, 0xDD, 0xAD, 0x74, 0xBF,
    0xC1, 0x1E, 0x89, 0x9B, 0xE9, 0x5A, 0xB1, 0x61, 0x9C, 0x9A, 0xED, 0x0D, 0x13, 0x69, 0xD1, 0xD3,
    0xFD, 0xEE, 0x0E, 0x87, 0x44, 0x6E, 0x70, 0x13, 0x38, 0x64, 0x71, 0xE0, 0x44, 0x6E, 0xC3, 0xA2,
    0xB9, 0x9E, 0xED, 0xE7, 0x0E, 0x87, 0xC0, 0x10, 0x80, 0x90, 0x21, 0x21, 0x31, 0x42, 0x06, 0x13,
    0x26, 0xF4, 0x4E, 0xBD, 0xDC, 0x21, 0x08, 0xD4, 0x85, 0x40, 0x92, 0x24, 0x2F, 0xB9, 0x13, 0x22,
    0xE2, 0xDE, 0x45, 0xA1, 0x4F, 0x7A, 0xA7, 0x52, 0x65, 0xBA, 0xB4, 0xB9, 0x73, 0x37, 0x9B, 0xFF,
    0xF7, 0xFF, 0x57, 0x55, 0xBD, 0xFE, 0xDE, 0xF7, 0xFD, 0xCB, 0x3C, 0xEF, 0xCD, 0xCE, 0xC1, 0x27,
    0x00, 0xDC, 0xDB, 0x7F, 0xC6, 0x6A, 0xBA, 0xF6, 0xD5, 0xFD, 0x1B, 0x7C, 0x56, 0x00, 0x48, 0x43,
    0x9E, 0x85, 0x83, 0xFC, 0xC7, 0x1C, 0x7C, 0x66, 0x00, 0x28, 0xD6, 0x18, 0xCE, 0xD6, 0x36, 0xD4,
    0x06, 0x9F, 0x1D, 0x4C, 0xE6, 0xD9, 0xBC, 0xB9, 0x66, 0x65, 0xC9, 0xE1, 0xE1, 0x21, 0x4F, 0xED,
    0xEE, 0xEE, 0x0C, 0xCB, 0xD2, 0x03, 0xD5, 0x73, 0x85, 0xFA, 0xB5, 0x46, 0x00, 0x3E, 0x75, 0xF0,
    0x68, 0xEB, 0xFF, 0x8D, 0x95, 0xDD, 0x5D, 0xBA, 0x65, 0xB9, 0x28, 0xF9, 0x12, 0x93, 0x72, 0x0E,
    0x80, 0xB0, 0xB1, 0x49, 0xE9, 0xF1, 0x90, 0x09, 0x77, 0xE8, 0x30, 0x34, 0x5D, 0xAB, 0x8C, 0x22,
    0xC5, 0x03, 0x89, 0xE9, 0x3A, 0xED, 0xA4, 0x55, 0x8C, 0xD9, 0xA1, 0x33, 0x39, 0x0D, 0x07, 0x5B,
    0x6D, 0x84, 0xBD, 0x17, 0x3F, 0x97, 0xA7, 0x31, 0xBD, 0x36, 0x0F, 0x13, 0x3B, 0x49, 0xDC, 0x9D,
    0xD8, 0x76, 0x94, 0x1D, 0xBE, 0x98, 0x77, 0xBF, 0xEF, 0xD5, 0xB3, 0xB9, 0x12, 0x2E, 0x8D, 0xF1,
    0x3D, 0x80, 0xE4, 0x85, 0xBC, 0xFB, 0xDB, 0xA0, 0xDF, 0x09, 0xD2, 0xFA, 0x6A, 0x7C, 0x9C, 0xB0,
    0x73, 0x93, 0x8E, 0xAA, 0x67, 0x9D, 0x76, 0x6D, 0xE8, 0x73, 0xB0, 0xC1, 0x56, 0x8B, 0xB6, 0xB4,
    0x00, 0xDA, 0xA0, 0xA1, 0x0D, 0xEB, 0xB0, 0xC6, 0x17, 0x36, 0x5E, 0x19, 0x96, 0xB3, 0xD5, 0xAD,
    0x55, 0x4E, 0x60, 0x86, 0x28, 0x10, 0x01, 0xE1, 0x89, 0x72, 0x22, 0x87, 0xB4, 0x48, 0x83, 0x04,
    0x05, 0x57, 0xE1, 0x3A, 0x5C, 0x03, 0x28, 0x80, 0x00, 0x78, 0xC0, 0x21, 0xFE, 0xF1, 0x07, 0x17,
    0xFD, 0xF7, 0x83, 0x3A, 0x1B, 0x62, 0x07, 0xDA, 0x82, 0x02, 0x56, 0x80, 0xEB, 0x40, 0x0B, 0x18,
    0x00, 0xDB, 0xB0, 0xDA, 0x83, 0x61, 0x59, 0xF0, 0xA5, 0xEF, 0xDD, 0x83, 0xFB, 0x40, 0x38, 0x97,
    0xF0, 0x70, 0xD5, 0x0C, 0x8B, 0xEA, 0x2F, 0x57, 0xC5, 0x64, 0x3E, 0x2C, 0x6E, 0xEC, 0xDF, 0x82,
    0x01, 0x0C, 0x3D, 0xC3, 0x33, 0x6A, 0x7A, 0x06, 0x70, 0x0B, 0x80, 0xDB, 0xF3, 0xF9, 0xE8, 0x36,
    0xFB, 0xF3, 0xA8, 0x98, 0xCB, 0x62, 0x24, 0x3C, 0x00, 0x53, 0x11, 0x54, 0xFE, 0x58, 0x16, 0xB1,
    0x9F, 0x46, 0xD5, 0x13, 0x00, 0x0C, 0x26, 0xDB, 0x40, 0x56, 0x1C, 0x70, 0x59, 0x00, 0x4C, 0x66,
    0x6C, 0x5C, 0x1A, 0x40, 0x19, 0x9A, 0xB8, 0x7C, 0xA1, 0x97, 0xDE, 0x51, 0xC7, 0x93, 0xE4, 0x66,
    0x81, 0xBB, 0x75, 0x5C, 0x9E, 0xDB, 0x40, 0x9C, 0x21, 0x1C, 0xA0, 0xDE, 0xB2, 0xD2, 0x02, 0x5A,
    0x3A, 0x0D, 0xB0, 0x29, 0x5D, 0x0A, 0xD0, 0x97, 0xEE, 0xC1, 0xE2, 0xEE, 0x01, 0x46, 0xEA, 0x6D,
    0x07, 0x30, 0x8A, 0x5F, 0x78, 0x6E, 0xC6, 0x6B, 0xA6, 0xA7, 0xDB, 0xBA, 0x23, 0xFE, 0x9E, 0xF7,
    0x2B, 0x68, 0x69, 0x7D, 0xEC, 0x8F, 0x47, 0x5A, 0x13, 0x10, 0x3E, 0xE8, 0x17, 0x09, 0x48, 0x17,
    0xAA, 0x84, 0x40, 0x2C, 0x82, 0xDE, 0x14, 0x9E, 0x75, 0xE1, 0xEF, 0x54, 0xC5, 0xE9, 0xE3, 0xFB,
    0xEB, 0xD2, 0x12, 0x08, 0xC7, 0x6D, 0x8D, 0xC8, 0x19, 0xE6, 0x6A, 0x4E, 0x83, 0x4F, 0x3A, 0x5C,
    0x7A, 0x5C, 0xBA, 0x5C, 0xFA, 0x5C, 0x3A, 0x5D, 0x7A, 0x5D, 0xBA, 0x5D, 0xFA, 0x55, 0xBE, 0x71,
    0xBC, 0xD9, 0x6F, 0x3C, 0x1F, 0x6F, 0x36, 0xAE, 0x43, 0x67, 0xE1, 0xFB, 0x43, 0xDF, 0x59, 0x38,
    0xFF, 0x4F, 0x7E, 0x67, 0xE1, 0xFD, 0x3D, 0xB7, 0xBD, 0x70, 0xFF, 0x8E, 0xEB, 0x2F, 0xFC, 0xBF,
    0xE9, 0x8E, 0x17, 0x5F, 0x20, 0xDE, 0xF5, 0xCD, 0x37, 0x64, 0x96, 0x06, 0x68, 0xAB, 0xE9, 0x90,
    0xD2, 0xE3, 0x2E, 0xA0, 0xDF, 0xCC, 0xB5, 0x72, 0x9D, 0xD8, 0xA4, 0x9A, 0xDE, 0x3A, 0x77, 0x53,
    0xA8, 0x07, 0xDF, 0x0D, 0x5A, 0xBD, 0xE3, 0x3B, 0xF1, 0xF3, 0x2E, 0xD5, 0xCA, 0xF6, 0xD6, 0xE3,
    0xEA, 0x97, 0x16, 0x00, 0xE3, 0x71, 0x3F, 0x6D, 0xB5, 0x18, 0xDF, 0xA9, 0xD9, 0xD7, 0xA4, 0x9A,
    0x56, 0x4C, 0x4B, 0x02, 0xD5, 0x88, 0x36, 0xB5, 0xFA, 0x3A, 0xB6, 0xA9, 0x96, 0xB6, 0x15, 0x57,
    0x92, 0x91, 0x63, 0x01, 0x47, 0xE4, 0x91, 0x47, 0xC4, 0x3D, 0x5A, 0x6B, 0xA4, 0x6D, 0x7A, 0x31,
    0xDC, 0xE4, 0x28, 0x72, 0xDA, 0x0C, 0x18, 0xB3, 0x8D, 0x26, 0x46, 0x5A, 0x51, 0x29, 0x72, 0x22,
    0x30, 0x63, 0x16, 0x79, 0x65, 0x3B, 0x6C, 0x01, 0x47, 0xD0, 0x63, 0x26, 0xF2, 0x0E, 0x85, 0x72,
    0xCA, 0x92, 0x20, 0x3C, 0x63, 0x18, 0x89, 0x00, 0x1D, 0xE5, 0xB8, 0xA9, 0x7E, 0x84, 0xD9, 0x13,
    0x73, 0x19, 0xF6, 0xC4, 0x4C, 0x86, 0x0D, 0xF5, 0x17, 0xB1, 0x4F, 0xA2, 0x2C, 0x8C, 0x85, 0x47,
    0x04, 0x46, 0x28, 0x47, 0x87, 0x84, 0x42, 0xD9, 0x7E, 0x5D, 0x0A, 0x0A, 0x60, 0x96, 0x18, 0x66,
    0x5D, 0x44, 0xD1, 0x25, 0x0A, 0x03, 0x22, 0xBF, 0x8D, 0xCC, 0xFB, 0x48, 0x37, 0xAE, 0x34, 0x42,
    0xD9, 0x63, 0x94, 0x09, 0xC4, 0xD4, 0xCA, 0x69, 0xE3, 0x68, 0x30, 0x50, 0x8E, 0x87, 0x3A, 0x67,
    0x2F, 0x6E, 0xC6, 0x88, 0x4B, 0x33, 0x88, 0xF3, 0x69, 0x14, 0x8E, 0x45, 0xF8, 0xE2, 0x87, 0x41,
    0xFE, 0x2E, 0xC8, 0xDF, 0xE4, 0xF2, 0xAF, 0x46, 0x3D, 0x46, 0xE5, 0xC4, 0xD0, 0x86, 0x16, 0x0B,
    0x6C, 0xC3, 0x29, 0x8C, 0x9B, 0x4D, 0x9B, 0x49, 0x59, 0x9A, 0x55, 0xE0, 0xCA, 0x16, 0xB0, 0xD1,
    0x06, 0xE1, 0xE5, 0x47, 0xBB, 0x99, 0xE1, 0xB5, 0xF2, 0x7D, 0x00, 0xE0, 0x46, 0xF5, 0x24, 0xCA,
    0xC3, 0xCC, 0xC6, 0x16, 0x11, 0x36, 0x80, 0x74, 0x15, 0xB8, 0x06, 0x6B, 0xD0, 0x83, 0xFB, 0xE0,
    0x11, 0x0E, 0x69, 0x51, 0xCD, 0xAE, 0x38, 0x80, 0xD7, 0xE1, 0x3D, 0x2B, 0xDE, 0x76, 0xF5, 0x8E,
    0xCA, 0x51, 0x9B, 0xDE, 0x1A, 0x69, 0x8F, 0x36, 0x0D, 0x3C, 0x40, 0xEE, 0x01, 0x51, 0x38, 0x03,
    0xDC, 0xF9, 0xA3, 0x03, 0x9E, 0x2E, 0x2D, 0xC8, 0xD2, 0x03, 0xF2, 0xCD, 0x87, 0x00, 0x4A, 0x1B,
    0x40, 0x0B, 0xE0, 0xFA, 0x55, 0xAE, 0x73, 0x4D, 0xD7, 0x4C, 0x5A, 0x35, 0xE3, 0x3F, 0xA5, 0x15,
    0xC9, 0xE6, 0x15, 0xBB, 0x67, 0xA6, 0xE2, 0xE0, 0x75, 0x57, 0x71, 0xF5, 0xCB, 0xB3, 0x8A, 0x1C,
    0xDD, 0xA5, 0x26, 0x35, 0x01, 0x18, 0x3E, 0xAE, 0xB7, 0xC7, 0xC5, 0xA9, 0xD2, 0x03, 0x8E, 0x40,
    0xE4, 0x20, 0x2D, 0x68, 0x20, 0x05, 0x1E, 0x00, 0x1E, 0x22, 0x07, 0xCA, 0x40, 0x1B, 0xE8, 0x2F,
    0x87, 0xA5, 0x83, 0x18, 0x58, 0x5F, 0x14, 0x60, 0x52, 0xB0, 0x07, 0x53, 0x98, 0x41, 0x81, 0x08,
    0x44, 0x01, 0xE9, 0x91, 0x79, 0x4D, 0xF5, 0x7B, 0xE2, 0x7F, 0xA2, 0xED, 0xE2, 0xC8, 0x48, 0xA0,
    0x0B, 0x03, 0xD8, 0x86, 0x31, 0x4C, 0x21, 0xF3, 0x00, 0x74, 0xE7, 0x88, 0xF9, 0x85, 0x12, 0x91,
    0x5F, 0x54, 0x51, 0x8E, 0x97, 0x9D, 0xF8, 0xC5, 0xA7, 0x94, 0xA8, 0x38, 0x67, 0x38, 0xA3, 0x01,
    0xF1, 0x99, 0x89, 0xCF, 0x18, 0xC4, 0xF9, 0xF9, 0x9A, 0x38, 0x91, 0xBE, 0x5A, 0x16, 0xC7, 0x51,
    0xB8, 0x25, 0xC2, 0xAD, 0xA8, 0x31, 0xA7, 0xEA, 0xB2, 0x24, 0xA6, 0xE6, 0x23, 0x98, 0xD6, 0x03,
    0x71, 0xB3, 0x56, 0x2A, 0xB6, 0x6A, 0xF2, 0x39, 0x2E, 0x60, 0x1B, 0xF6, 0xE0, 0x14, 0x1E, 0x35,
    0x9D, 0xB9, 0xD0, 0xB6, 0x5B, 0x77, 0x1D, 0x52, 0x35, 0x1D, 0x50, 0xF5, 0xDC, 0xA6, 0x6A, 0x39,
    0x86, 0xA8, 0xBE, 0xA8, 0xFC, 0x04, 0x12, 0x13, 0xE0, 0x11, 0x01, 0x95, 0xE3, 0x89, 0x21, 0xA7,
    0x8D, 0x70, 0xB4, 0x88, 0xDC, 0x85, 0x3E, 0xB1, 0xE3, 0x14, 0xED, 0x18, 0xA3, 0x2D, 0x2C, 0x31,
    0x8B, 0xCA, 0x7D, 0x66, 0xFA, 0x8D, 0x42, 0x14, 0xDD, 0xBA, 0xCF, 0x26, 0xE3, 0xC8, 0x5F, 0x63,
    0x2C, 0x73, 0x98, 0x4A, 0x87, 0x28, 0xAA, 0x8B, 0xCA, 0x95, 0xA5, 0x6B, 0x94, 0x11, 0x05, 0x31,
    0x91, 0x23, 0x46, 0x5A, 0xDA, 0x48, 0xC3, 0x12, 0x03, 0xB4, 0xE1, 0x21, 0x5D, 0xCB, 0x1E, 0x09,
    0x34, 0xF8, 0xD5, 0xB7, 0x7E, 0x9E, 0x95, 0xD5, 0x42, 0x9A, 0x42, 0x0F, 0x1E, 0xC0, 0x7D, 0x38,
    0x82, 0x00, 0x1E, 0x71, 0x7E, 0x9C, 0x9F, 0xD3, 0xA2, 0x0C, 0x31, 0x68, 0x68, 0xC3, 0x15, 0xCA,
    0xF2, 0x0C, 0xFD, 0x72, 0xE9, 0x54, 0x5C, 0xE6, 0x95, 0x7C, 0xA3, 0xC5, 0x7B, 0x3D, 0x6E, 0x54,
    0xFC, 0x12, 0x2A, 0xE6, 0x89, 0x94, 0xC4, 0xFB, 0x64, 0xAA, 0x20, 0x3A, 0x3C, 0xB4, 0xC9, 0x59,
    0x66, 0x87, 0xF3, 0x94, 0xC9, 0xC7, 0x34, 0x9C, 0x6F, 0x92, 0x94, 0x65, 0xCE, 0xEE, 0xAE, 0x79,
    0xF5, 0xF0, 0x67, 0x74, 0xFF, 0x55, 0x1A, 0xF9, 0x7C, 0xE9, 0x2A, 0xE5, 0x4B, 0x55, 0xBD, 0x2B,
    0x4D, 0xCA, 0x92, 0xA7, 0x76, 0x77, 0x00, 0xD8, 0x64, 0x23, 0x65, 0xB0, 0x81, 0xFA, 0xE5, 0x6C,
    0xA5, 0x7C, 0x3F, 0x7B, 0xCC, 0x4F, 0x7E, 0x9A, 0xF3, 0xB7, 0x20, 0xBC, 0x61, 0x87, 0x15, 0xB4,
    0x4B, 0x9C, 0x36, 0x5C, 0xC0, 0x90, 0x8C, 0x47, 0x1C, 0x71, 0x9F, 0x94, 0x15, 0x00, 0xA8, 0xE6,
    0xA9, 0xF7, 0x9F, 0xCE, 0x3B, 0x70, 0x3C, 0x82, 0xF4, 0x00, 0x6E, 0x70, 0x09, 0x76, 0x60, 0xE5,
    0x01, 0xAC, 0x6F, 0xC2, 0x49, 0x9C, 0xAB, 0x9C, 0xEC, 0x8C, 0x25, 0x02, 0xE4, 0x01, 0x31, 0xCB,
    0x4D, 0xB5, 0x13, 0xE4, 0x3C, 0x5D, 0xEE, 0xCB, 0xB2, 0x20, 0xFA, 0xC1, 0x77, 0x41, 0x7E, 0xDD,
    0x12, 0x3F, 0x0B, 0x57, 0x01, 0x00, 0x0D, 0xAD, 0x36, 0x24, 0xDF, 0xB8, 0x42, 0xF4, 0xEF, 0x29,
    0x22, 0x9B, 0x31, 0x3C, 0x83, 0xDE, 0x57, 0x3D, 0xDC, 0x2F, 0x20, 0xAC, 0xC2, 0x3D, 0xD0, 0xD2,
    0x24, 0x6F, 0xA1, 0xBF, 0x09, 0x2D, 0x48, 0xA1, 0x07, 0x77, 0xE1, 0x68, 0xB1, 0x5D, 0x45, 0x0E,
    0x69, 0x50, 0x10, 0x43, 0x0B, 0xD6, 0xFA, 0xF4, 0xF6, 0xD8, 0xDA, 0x6E, 0x5A, 0xE4, 0xF1, 0xE6,
    0x49, 0x7B, 0x2B, 0xF9, 0xCE, 0x7D, 0x35, 0x5B, 0xC5, 0xC0, 0x53, 0x40, 0xB7, 0x7C, 0x4C, 0xF4,
    0x91, 0x79, 0x39, 0x6F, 0x03, 0x0F, 0xB6, 0x80, 0x35, 0x00, 0xB8, 0x09, 0x29, 0x7A, 0xED, 0x41,
    0xFC, 0xC3, 0x20, 0x3E, 0x70, 0x5F, 0xCB, 0x5E, 0x9D, 0x64, 0x19, 0xA5, 0x51, 0x7F, 0xF6, 0x7A,
    0x6D, 0x24, 0xD2, 0x55, 0x3E, 0x7F, 0x9E, 0x34, 0x85, 0xC7, 0x30, 0x02, 0x56, 0x61, 0x4E, 0xCD,
    0x13, 0x1A, 0x2C, 0x7E, 0x9D, 0x2E, 0xCE, 0xC3, 0x93, 0xFA, 0x40, 0x2C, 0xAA, 0x13, 0xF1, 0xD7,
    0x3E, 0xD5, 0xEA, 0x0D, 0x57, 0x9D, 0x89, 0xD2, 0x56, 0x87, 0xA2, 0x04, 0x00, 0xAE, 0x02, 0xDA,
    0x9D, 0x2B, 0x36, 0x00, 0x5C, 0x01, 0xF3, 0x10, 0x19, 0x6A, 0x6D, 0x13, 0x05, 0x1A, 0x68, 0xBB,
    0xC8, 0xB5, 0x00, 0xDC, 0x46, 0x98, 0x39, 0xCA, 0xD7, 0x1A, 0x11, 0xE5, 0xCD, 0x64, 0xBA, 0xE6,
    0x5C, 0x09, 0x2C, 0x4D, 0xC9, 0xBC, 0xCE, 0xAB, 0xEF, 0x00, 0x8C, 0x1F, 0x4D, 0x59, 0xA2, 0x7A,
    0x1D, 0x03, 0x40, 0xB2, 0x9C, 0xFF, 0x71, 0xBC, 0x42, 0x64, 0x9B, 0x7E, 0xF5, 0x33, 0x1F, 0x47,
    0xC2, 0x85, 0xBE, 0xAB, 0x2B, 0x98, 0x69, 0x5B, 0xFA, 0x5A, 0xB7, 0xDB, 0xC2, 0xD2, 0x86, 0x5A,
    0xBB, 0xDF, 0xDE, 0xDD, 0xC9, 0xCA, 0xD2, 0xD3, 0x86, 0x46, 0xE3, 0xB6, 0xCC, 0xEB, 0xBC, 0x51,
    0x75, 0x67, 0xEF, 0x74, 0x0F, 0x60, 0xE3, 0xF4, 0x74, 0x03, 0x38, 0x7F, 0x9D, 0xCE, 0xE7, 0xAB,
    0x17, 0x2E, 0x53, 0x20, 0xF3, 0x37, 0xA8, 0xE3, 0x89, 0xFE, 0xFB, 0x0C, 0xEE, 0x6E, 0x1D, 0x4F,
    0x92, 0x9B, 0xF9, 0xA1, 0x4B, 0x8C, 0xE6, 0x06, 0x97, 0xE7, 0xAE, 0xA0, 0xE9, 0xDA, 0xA1, 0xCB,
    0xFC, 0xE5, 0xB9, 0x9A, 0xAF, 0xB8, 0x83, 0x83, 0x67, 0xEC, 0x93, 0xD4, 0x3D, 0xE5, 0x49, 0xBF,
    0xED, 0x7F, 0x8D, 0x92, 0x01, 0x64, 0x64, 0x47, 0x1C, 0xC6, 0x7F, 0xB3, 0x93, 0xDD, 0x91, 0x9D,
    0xDB, 0x37, 0x8B, 0x1C, 0x4D, 0xED, 0xEE, 0x0B, 0x0E, 0x3D, 0x7D, 0xBB, 0x5B, 0x2C, 0x5E, 0xCF,
    0x7B, 0x77, 0x73, 0x77, 0x80, 0x42, 0x90, 0x45, 0x41, 0xA9, 0x42, 0x8A, 0xF4, 0x21, 0x08, 0x5E,
    0x2E, 0x93, 0x03, 0x00, 0x0B, 0x40, 0xA8, 0x28, 0x50, 0x68, 0x17, 0xC1, 0x22, 0x69, 0x86, 0xA2,
    0x00, 0x0F, 0xA8, 0x82, 0x7B, 0x40, 0x51, 0x7A, 0xAB, 0x82, 0x6B, 0x35, 0xDD, 0xBE, 0xDD, 0x25,
    0x77, 0x28, 0xEA, 0xFB, 0x8C, 0xF1, 0x19, 0xFF, 0xF9, 0xF8, 0xFD, 0xD9, 0xA6, 0xF6, 0x9B, 0xD7,
    0x2F, 0x4B, 0x23, 0xE6, 0x03, 0x31, 0x4F, 0x6B, 0x95, 0xCB, 0x44, 0x16, 0x89, 0xF2, 0xA9, 0xC1,
    0x5C, 0x21, 0x26, 0xD4, 0x31, 0x00, 0xE4, 0x44, 0x24, 0xC4, 0x8C, 0xC8, 0x2A, 0xA5, 0x50, 0x87,
    0xD0, 0x72, 0x02, 0xAF, 0x90, 0x07, 0xB4, 0xFA, 0x8C, 0x52, 0xAE, 0x17, 0x05, 0x39, 0xCC, 0x68,
    0xDC, 0x22, 0xC6, 0x30, 0xB6, 0x72, 0x51, 0x4A, 0x8A, 0x06, 0x6C, 0x82, 0x59, 0xB0, 0xA1, 0x1D,
    0xCA, 0x3F, 0x50, 0x3E, 0xD1, 0x6E, 0xF8, 0x03, 0xF5, 0x5D, 0xF8, 0x02, 0xF9, 0x1A, 0xA3, 0x6C,
    0x5F, 0x90, 0xEC, 0x72, 0xF2, 0x37, 0xB3, 0x01, 0x37, 0x21, 0x17, 0x3D, 0x66, 0x29, 0x8F, 0xDF,
    0xD0, 0xB0, 0xDC, 0x1F, 0x73, 0xB2, 0xE0, 0x3C, 0xC0, 0x75, 0x60, 0x04, 0x25, 0xC2, 0x23, 0x2D,
    0x1A, 0x3A, 0x10, 0x43, 0x1B, 0xF8, 0x12, 0xF9, 0x6B, 0xA1, 0x4E, 0xE7, 0xFA, 0xB4, 0x54, 0x3F,
    0xBB, 0xDA, 0x2D, 0xFA, 0xDA, 0x0E, 0xB4, 0x4F, 0xA4, 0x4F, 0x94, 0x0B, 0xBF, 0x47, 0xEC, 0xC1,
    0x1E, 0xFA, 0x3B, 0x06, 0xDA, 0xA6, 0xDA, 0x55, 0x05, 0x52, 0x63, 0xC3, 0x6B, 0xC4, 0x67, 0xB4,
    0xFB, 0x64, 0x09, 0x2F, 0xE6, 0xBC, 0x6F, 0x11, 0x95, 0x3D, 0x6B, 0x2F, 0x16, 0xF6, 0xEE, 0x8E,
    0x05, 0x96, 0xC9, 0xDD, 0x09, 0x6F, 0x93, 0xBE, 0xB8, 0x51, 0xBE, 0x1A, 0x47, 0x4A, 0x72, 0xA7,
    0x3E, 0x06, 0xE5, 0x00, 0x6A, 0x4E, 0x94, 0x5C, 0x90, 0x93, 0xAC, 0x94, 0x73, 0xC4, 0x8D, 0x98,
    0xCB, 0xC2, 0xD8, 0x63, 0x76, 0x61, 0x8B, 0xE3, 0xAA, 0x96, 0x21, 0x09, 0x88, 0x5B, 0x8C, 0x3A,
    0x64, 0x11, 0xD3, 0x88, 0xF3, 0xD0, 0xF2, 0x29, 0xB5, 0xD7, 0x4E, 0x3F, 0x2F, 0x7A, 0xB5, 0x72,
    0xC5, 0xA6, 0xCC, 0x65, 0x91, 0x4B, 0x9F, 0x6B, 0x97, 0x18, 0xC2, 0x4B, 0xC4, 0x04, 0xEA, 0x1C,
    0xEB, 0xCB, 0x7A, 0x4E, 0xCE, 0x8C, 0x1B, 0xE6, 0x62, 0x5E, 0x2B, 0x3F, 0xFC, 0xF3, 0xFE, 0x1E,
    0xFB, 0xE8, 0x57, 0xCE, 0x48, 0xDF, 0x90, 0x1E, 0xE5, 0x30, 0x90, 0x40, 0x89, 0x7C, 0x4A, 0x57,
    0x56, 0xA8, 0x18, 0x8F, 0x61, 0x1F, 0x59, 0x6D, 0xC0, 0xF3, 0xB2, 0x26, 0x0B, 0xB4, 0x13, 0xB7,
    0xF0, 0x15, 0x68, 0xBF, 0xA3, 0xFC, 0x91, 0xB1, 0x8F, 0xD7, 0x84, 0xEA, 0x30, 0x84, 0x6B, 0xC4,
    0xEF, 0xA8, 0x94, 0x4E, 0xC2, 0x28, 0x61, 0xB1, 0xF0, 0xCC, 0xE0, 0x66, 0x49, 0xBA, 0xBE, 0x87,
    0x58, 0x92, 0x2E, 0x94, 0xF0, 0x9B, 0xD8, 0x7B, 0x60, 0xFE, 0x61, 0xC3, 0x58, 0xB4, 0xFB, 0x48,
    0xBB, 0x6A, 0xCE, 0x93, 0xAB, 0xFF, 0x4B, 0xBA, 0x3E, 0xB6, 0xC3, 0x85, 0x1F, 0x29, 0xBB, 0xD3,
    0x84, 0x35, 0xEC, 0xE9, 0x0A, 0xB6, 0x43, 0x43, 0x17, 0xB6, 0x80, 0xFD, 0x8A, 0xB4, 0xD7, 0xCF,
    0x4A, 0xF3, 0xAC, 0xD0, 0x3F, 0x39, 0xB9, 0x24, 0x4D, 0x6A, 0x5C, 0xAE, 0x7C, 0xAE, 0xED, 0xF0,
    0x00, 0xB1, 0x8B, 0x98, 0x60, 0xAE, 0xAA, 0x90, 0x7C, 0xED, 0x90, 0xE1, 0x35, 0xF5, 0x03, 0x48,
    0x28, 0x2F, 0xF8, 0xAB, 0x64, 0x1B, 0xD8, 0x85, 0x73, 0xD6, 0x7E, 0xB2, 0xF0, 0x77, 0xF7, 0x65,
    0xCE, 0x32, 0xB9, 0x3B, 0xE1, 0x6D, 0xD2, 0x5D, 0x93, 0xEE, 0xAD, 0x48, 0xE7, 0x2B, 0x25, 0xA4,
    0xF4, 0xD0, 0x56, 0x58, 0xC0, 0x33, 0x5F, 0x05, 0x83, 0x95, 0xFA, 0xAB, 0x67, 0x33, 0x31, 0x57,
    0x7E, 0xC8, 0x0E, 0xE2, 0x5B, 0xB4, 0x26, 0xD2, 0xC4, 0x01, 0x59, 0x6B, 0xC9, 0x78, 0x9A, 0xF3,
    0xE8, 0x6B, 0xB7, 0xBD, 0x89, 0x98, 0x05, 0xDD, 0xA8, 0x3B, 0x8A, 0x5F, 0x4C, 0xA6, 0x1C, 0x92,
    0x66, 0x0D, 0x2B, 0x66, 0x04, 0x86, 0x48, 0xD9, 0x91, 0xB2, 0x99, 0x66, 0x6A, 0xC8, 0xBA, 0x7C,
    0x7C, 0x48, 0xC3, 0xD2, 0x7C, 0x3A, 0x91, 0x3F, 0x5A, 0xF1, 0x0B, 0xBC, 0x81, 0x29, 0x62, 0x86,
    0x8A, 0xE8, 0x04, 0xB4, 0xEB, 0xE8, 0xC9, 0x83, 0x23, 0x12, 0xA2, 0xF0, 0xF2, 0x30, 0x2E, 0xA7,
    0x7F, 0xF8, 0x6D, 0x42, 0x8B, 0x02, 0x0D, 0x41, 0x9F, 0xE0, 0x0C, 0xA3, 0xE8, 0x68, 0xA2, 0xF5,
    0xAA, 0x75, 0xC9, 0x02, 0xD7, 0x6E, 0xBC, 0xF3, 0xA6, 0xE9, 0x82, 0x26, 0xF7, 0x3E, 0xA0, 0x53,
    0x30, 0x2C, 0x89, 0xA7, 0x8C, 0x62, 0xB2, 0x3E, 0xED, 0x3A, 0xA1, 0x55, 0x68, 0x82, 0x4A, 0x2D,
    0x3A, 0x44, 0xC4, 0x8C, 0x78, 0xC4, 0x7B, 0x3C, 0xEC, 0x37, 0x6D, 0xEF, 0xEC, 0x73, 0x1F, 0xAA,
    0x97, 0xBE, 0xA3, 0xA5, 0x8B, 0x02, 0x69, 0xE3, 0x56, 0x55, 0xBB, 0xA3, 0xC8, 0x3A, 0x6A, 0xD2,
    0xDE, 0x10, 0xF6, 0x61, 0x9F, 0xDE, 0x19, 0xE1, 0x7F, 0x7D, 0xDD, 0xFC, 0xC4, 0xCA, 0x6F, 0xBC,
    0x3A, 0x2D, 0x94, 0x28, 0x74, 0xCD, 0x07, 0xD2, 0xB7, 0x14, 0xBD, 0x2E, 0xFD, 0x09, 0x31, 0x8C,
    0xE0, 0x18, 0x1A, 0xE7, 0x51, 0x1C, 0x6F, 0x0D, 0x50, 0x05, 0x53, 0x9F, 0x4D, 0xCB, 0x6D, 0x2B,
    0x90, 0x84, 0x93, 0xDE, 0x3B, 0x55, 0x52, 0xBB, 0xC9, 0xBF, 0x55, 0x96, 0x01, 0x88, 0x1D, 0x47,
    0x19, 0x80, 0xBF, 0xDD, 0x49, 0x3A, 0x7A, 0x93, 0x64, 0x0A, 0x54, 0x1B, 0x9B, 0x6B, 0xA6, 0x40,
    0x81, 0x43, 0xD2, 0xDB, 0xB3, 0x9E, 0x18, 0xE1, 0xBD, 0x7D, 0x53, 0x8B, 0x04, 0x51, 0xF4, 0x80,
    0x1E, 0x08, 0x22, 0x2D, 0x14, 0x00, 0x15, 0xCD, 0xA1, 0x41, 0x82, 0xEC, 0xEB, 0x5B, 0x15, 0x00,
    0x68, 0xC1, 0x2B, 0xA2, 0x05, 0x41, 0x8D, 0x2A, 0x82, 0x57, 0xB1, 0x01, 0x2A, 0x3C, 0x70, 0x2F,
    0x37, 0x6D, 0x85, 0x52, 0x51, 0x5C, 0x85, 0x20, 0x50, 0x85, 0x41, 0x7A, 0x56, 0x2C, 0xD0, 0x15,
    0xA6, 0xED, 0x5E, 0xFA, 0xEE, 0xC6, 0xDD, 0x77, 0xB9, 0x03, 0xE7, 0xF1, 0x7D, 0xFF, 0xCC, 0xF0,
    0xF6, 0x7F, 0xF3, 0x76, 0xE6, 0x67, 0x17, 0x80, 0x89, 0x47, 0xD4, 0x2D, 0xDA, 0x5E, 0x65, 0x19,
    0x18, 0x00, 0xD5, 0xC9, 0xF5, 0xB5, 0xA9, 0x89, 0x6D, 0x10, 0xEE, 0x4A, 0x90, 0x6E, 0x65, 0xAA,
    0xCA, 0x3B, 0x87, 0xDA, 0xA2, 0x62, 0xB4, 0x18, 0x98, 0xB3, 0xCC, 0x1A, 0x43, 0x1C, 0x45, 0xEA,
    0x44, 0x8C, 0x25, 0x62, 0x11, 0xC4, 0x12, 0xA8, 0x7D, 0x98, 0x4C, 0x5C, 0xBA, 0xFF, 0x51, 0xA7,
    0x9E, 0x7A, 0xDC, 0x99, 0x53, 0x3F, 0x65, 0x78, 0xB6, 0xA6, 0xB8, 0xDF, 0x51, 0xAD, 0x38, 0xDA,
    0x0F, 0x95, 0x84, 0xAF, 0x59, 0xC2, 0xE3, 0x10, 0xBE, 0x07, 0xD3, 0x97, 0x4F, 0x30, 0xFC, 0xC3,
    0x05, 0xCC, 0x9B, 0x01, 0x11, 0x37, 0x11, 0x9F, 0xE6, 0x38, 0x15, 0x00, 0x77, 0x74, 0x93, 0xF9,
    0xA5, 0x90, 0x84, 0xA4, 0x15, 0x35, 0x41, 0x97, 0x6C, 0x66, 0x40, 0x0E, 0x14, 0xA3, 0xEF, 0xD6,
    0x95, 0xFA, 0xA5, 0x6F, 0xD5, 0x66, 0xD9, 0x6A, 0x47, 0xD0, 0xB6, 0x03, 0x5A, 0x03, 0xD5, 0x72,
    0x42, 0x3E, 0x54, 0x98, 0x83, 0x6D, 0xD2, 0x18, 0x00, 0x20, 0xC6, 0x03, 0xB2, 0xEF, 0x3F, 0x81,
    0xE6, 0x5E, 0x0C, 0x8B, 0x2C, 0xF3, 0x1E, 0x86, 0xC0, 0x00, 0x28, 0x80, 0xF1, 0x3A, 0xEC, 0x44,
    0x4B, 0x00, 0x1A, 0x38, 0x77, 0x6B, 0x93, 0xBB, 0xDF, 0xB2, 0x08, 0x0F, 0xA2, 0x06, 0xE5, 0xA1,
    0xCB, 0x00, 0x00, 0xC9, 0x8E, 0x47, 0x3D, 0x3D, 0xC3, 0x50, 0x30, 0xE4, 0x22, 0x03, 0xEE, 0xEC,
    0xE0, 0x08, 0x19, 0xF7, 0x21, 0x07, 0x96, 0x41, 0xC7, 0x19, 0xC7, 0xBF, 0x73, 0x1D, 0xD2, 0xFF,
    0xB0, 0x66, 0x62, 0x74, 0x4B, 0xF2, 0x28, 0x19, 0xA9, 0x05, 0x90, 0x00, 0x9C, 0x86, 0xF7, 0xD9,
    0x5F, 0x3C, 0x70, 0x8D, 0xC9, 0xCB, 0x07, 0xA3, 0x19, 0xEA, 0xEF, 0xD9, 0xF3, 0x43, 0x54, 0x63,
    0xEA, 0x21, 0xDA, 0x99, 0xB2, 0x73, 0x99, 0x31, 0xC0, 0x90, 0x53, 0xD0, 0xF7, 0xA6, 0xF3, 0x5E,
    0x60, 0x48, 0x45, 0xC3, 0x80, 0x36, 0x69, 0x28, 0x44, 0xEF, 0xA9, 0x0C, 0xEC, 0x95, 0xED, 0x99,
    0xC0, 0x0E, 0x2C, 0x02, 0xB0, 0x0A, 0xC0, 0x63, 0x00, 0xEC, 0xD8, 0x2E, 0x7F, 0x56, 0xCA, 0x1A,
    0xED, 0x84, 0xC5, 0xD4, 0x02, 0x96, 0xBD, 0x84, 0x8F, 0x35, 0xAA, 0x53, 0x38, 0xD3, 0x6F, 0x79,
    0x6C, 0xD8, 0x28, 0x16, 0x39, 0xF9, 0xDB, 0xF1, 0x57, 0xAC, 0xE9, 0x86, 0x8E, 0x3A, 0x5B, 0x05,
    0xA7, 0x57, 0x49, 0x9C, 0x6E, 0x48, 0x4B, 0xD5, 0x20, 0x4A, 0xE9, 0x51, 0xA5, 0xA8, 0x99, 0x84,
    0xD4, 0xC1, 0x24, 0x96, 0xC0, 0xB9, 0x7F, 0xB5, 0x80, 0x74, 0x63, 0x40, 0xB9, 0x11, 0xCC, 0x97,
    0x0E, 0xDA, 0xF6, 0x36, 0x76, 0xF4, 0xDE, 0xCE, 0xE4, 0x8B, 0x90, 0x31, 0x2B, 0x20, 0x97, 0xEF,
    0x44, 0xCF, 0xE8, 0xC0, 0x4E, 0xA1, 0x80, 0x00, 0x15, 0x34, 0x47, 0x6E, 0x49, 0x3A, 0x07, 0x12,
    0x8F, 0xE8, 0xFB, 0x76, 0x14, 0x1D, 0xB1, 0x04, 0x00, 0xE2, 0x41, 0x09, 0x90, 0x3D, 0x13, 0x00,
    0x0C, 0x15, 0x40, 0xC6, 0xF8, 0x30, 0x0C, 0xF9, 0x22, 0xE4, 0x8C, 0xD5, 0x1B, 0x35, 0x43, 0xAA,
    0xF3, 0xFD, 0x1D, 0xA2, 0x1D, 0xE2, 0xA9, 0x54, 0x9D, 0x03, 0x71, 0x9F, 0xCC, 0x42, 0x5B, 0xA0,
    0x03, 0x84, 0x21, 0xE9, 0x01, 0x49, 0x33, 0x82, 0xCC, 0xA6, 0x4D, 0x06, 0xCA, 0x09, 0x6F, 0x4A,
    0x27, 0x9D, 0xA8, 0xF5, 0x0B, 0xB5, 0x2C, 0x95, 0x97, 0x3E, 0x18, 0x62, 0x4C, 0x66, 0x93, 0x16,
    0x00, 0x20, 0x8B, 0x7C, 0x80, 0xD1, 0x4C, 0x06, 0x72, 0x54, 0x2D, 0x3C, 0x4F, 0x20, 0xCA, 0x2E,
    0x44, 0x14, 0xA2, 0x49, 0x22, 0xA7, 0x49, 0x1B, 0xF1, 0x1C, 0x17, 0xFA, 0x60, 0xB8, 0xD8, 0x85,
    0x05, 0xC3, 0x75, 0x26, 0xB1, 0x6F, 0xE5, 0xFB, 0xF7, 0xC6, 0x97, 0x9F, 0xB9, 0x49, 0xD2, 0xAC,
    0xEA, 0x87, 0x4B, 0x08, 0xD7, 0xF5, 0xA7, 0x80, 0x50, 0xEB, 0xCF, 0x00, 0x6F, 0x3B, 0xFD, 0x6B,
    0xE0, 0x5D, 0xAB, 0xA7, 0x40, 0x44, 0x35, 0xC0, 0x3E, 0xCA, 0x03, 0x15, 0x6A, 0x7E, 0xCF, 0x5F,
    0x4B, 0xFD, 0x78, 0xFD, 0x86, 0xF0, 0x05, 0xA6, 0x97, 0xFE, 0x4E, 0x27, 0xD5, 0xE9, 0x9E, 0x5E,
    0x46, 0xBD, 0xF4, 0x7F, 0x92, 0xFD, 0x1C, 0x62, 0xAE, 0xBA, 0x93, 0x74, 0x85, 0x59, 0xBF, 0x6C,
    0x0B, 0x13, 0xF7, 0x00, 0x1D, 0x80, 0xB4, 0x01, 0x92, 0x4E, 0x22, 0x46, 0x40, 0xF8, 0x5E, 0x35,
    0x98, 0x77, 0x1D, 0x4C, 0xB5, 0x23, 0xF5, 0xAA, 0x44, 0x3A, 0x5D, 0xA2, 0x4B, 0x6D, 0x31, 0x18,
    0xC8, 0xC8, 0x20, 0x27, 0xEF, 0x35, 0xEE, 0xB5, 0x0D, 0x59, 0x3A, 0x06, 0xF3, 0xE3, 0x7C, 0x03,
    0xD5, 0x66, 0x35, 0xC7, 0xAD, 0xFF, 0xE7, 0xF0, 0xA5, 0xAD, 0x2D, 0x00, 0x80, 0x1D, 0x8F, 0xFC,
    0x4B, 0x8B, 0xA1, 0x62, 0xC0, 0x15, 0xA6, 0x40, 0x03, 0x69, 0x87, 0x89, 0x2D, 0xE7, 0x76, 0x1F,
    0x41, 0x3A, 0xE8, 0x37, 0xFE, 0xDC, 0x4D, 0x8B, 0x72, 0xCC, 0x91, 0x1D, 0xC2, 0x27, 0x24, 0x7B,
    0x5F, 0x80, 0x49, 0xB8, 0x9D, 0x6A, 0x3F, 0x6B, 0x31, 0x5E, 0xFB, 0x7E, 0x6D, 0xA0, 0xED, 0x00,
    0x0C, 0x0D, 0x64, 0xB2, 0xEC, 0x74, 0x1E, 0xC8, 0xAF, 0x82, 0x8E, 0x31, 0x72, 0x72, 0x7B, 0xFB,
    0x11, 0xA8, 0x72, 0xA0, 0x1D, 0xF5, 0x32, 0x16, 0x82, 0x76, 0x24, 0x8D, 0x72, 0xA4, 0x8D, 0xF4,
    0xC8, 0x46, 0x04, 0x26, 0x91, 0x1B, 0xFD, 0x15, 0xAD, 0xF9, 0xFC, 0x6E, 0xB8, 0x20, 0xDD, 0x95,
    0x55, 0xE5, 0x36, 0xEE, 0xD3, 0xE5, 0x7D, 0xE8, 0x4F, 0x80, 0xD9, 0x87, 0xAC, 0x44, 0x46, 0x38,
    0x9D, 0x2F, 0xC1, 0xE8, 0x35, 0x92, 0x6D, 0xC8, 0x66, 0x70, 0x7F, 0x0B, 0xF4, 0x04, 0x10, 0xED,
    0x51, 0x7D, 0x00, 0x00, 0x82, 0xA3, 0xBA, 0x07, 0x4E, 0x8E, 0x01, 0xD2, 0xDD, 0xB7, 0xFD, 0x3C,
    0xFA, 0x01, 0x80, 0x70, 0xE7, 0x01, 0xA4, 0xD3, 0x00, 0xCA, 0x2A, 0x0B, 0x68, 0x64, 0x79, 0x18,
    0x1C, 0x60, 0x0E, 0xC3, 0xF2, 0x61, 0x18, 0xA2, 0x4A, 0x60, 0x80, 0xBE, 0x34, 0x83, 0x02, 0x7D,
    0x46, 0xC3, 0x55, 0x96, 0x2F, 0x48, 0x9B, 0x05, 0x06, 0x03, 0x59, 0x6E, 0x36, 0x84, 0x42, 0xDA,
    0xA7, 0xFF, 0x21, 0xEB, 0x6D, 0xCD, 0xE8, 0xE3, 0x07, 0xBC, 0xD3, 0x02, 0xD0, 0x00, 0x90, 0x1C,
    0x86, 0xD4, 0x03, 0x20, 0xEA, 0xC3, 0xE0, 0x00, 0x80, 0xF4, 0x00, 0xD4, 0x93, 0x16, 0x2D, 0x4A,
    0x74, 0xEA, 0x3A, 0xCA, 0xC3, 0xFE, 0xC3, 0xA0, 0x9F, 0x04, 0xF5, 0x27, 0x10, 0xB3, 0x8E, 0x30,
    0xCF, 0x24, 0x1E, 0x6A, 0x91, 0x2F, 0xCD, 0xD0, 0xAF, 0x0E, 0x59, 0x9A, 0x8D, 0x58, 0xB9, 0x6A,
    0xB8, 0xB6, 0xA2, 0x2D, 0xA8, 0x12, 0x64, 0xC9, 0x6A, 0xC7, 0x55, 0x69, 0xC9, 0x1F, 0x05, 0xD5,
    0x42, 0x8C, 0x9B, 0x90, 0xFD, 0xA0, 0x05, 0x6D, 0xC7, 0xA4, 0xCF, 0x6D, 0xED, 0x6C, 0xA6, 0x3B,
    0x9D, 0x18, 0x91, 0x71, 0x47, 0xD7, 0x2B, 0x17, 0x6E, 0x74, 0xA2, 0xA0, 0x82, 0x4A, 0x36, 0x10,
    0x0F, 0x2C, 0xB4, 0x00, 0xE1, 0x68, 0xF5, 0x69, 0x2F, 0xE1, 0x01, 0xD5, 0x00, 0x3B, 0x11, 0x80,
    0x05, 0x20, 0x8D, 0x2D, 0x64, 0x3F, 0x8A, 0x30, 0x5B, 0x1C, 0x59, 0xD1, 0x5C, 0x30, 0x28, 0xB7,
    0x74, 0x02, 0x5D, 0xAE, 0x42, 0xC6, 0x0A, 0xE4, 0x6C, 0xC0, 0x98, 0x6B, 0x50, 0xB1, 0xBB, 0xDE,
    0x29, 0x46, 0x5B, 0xF1, 0x62, 0xA0, 0x4A, 0x5E, 0x6C, 0x28, 0xD2, 0x6F, 0x37, 0xE4, 0xE2, 0x61,
    0x4F, 0x26, 0x44, 0x8D, 0x7E, 0xFD, 0x9C, 0x23, 0x99, 0xAF, 0xE0, 0x0C, 0xC7, 0x1B, 0x49, 0x00,
    0x48, 0xE6, 0x16, 0x2D, 0x80, 0xAA, 0x00, 0xEE, 0x2D, 0x00, 0x06, 0x73, 0x6F, 0x0C, 0x40, 0xC4,
    0xAE, 0x41, 0x5A, 0xE7, 0x80, 0xB0, 0xBD, 0x35, 0x19, 0xA8, 0x6E, 0x7A, 0x06, 0x17, 0x31, 0xC0,
    0x75, 0xB4, 0x05, 0xDF, 0x3B, 0x75, 0xE8, 0x12, 0x55, 0x63, 0x1C, 0x93, 0x59, 0x12, 0xC3, 0xD1,
    0x73, 0xB2, 0xC4, 0x5C, 0x6A, 0x18, 0x12, 0x18, 0xD0, 0x72, 0x57, 0x07, 0x49, 0x58, 0xD8, 0x7A,
    0x76, 0x6F, 0x61, 0x2B, 0xFE, 0x1B, 0x75, 0x00, 0x3B, 0x9E, 0x51, 0x7F, 0x78, 0x77, 0xD7, 0xD7,
    0x74, 0x09, 0xC6, 0x1E, 0xA2, 0x4B, 0x59, 0xAA, 0xDD, 0x09, 0x49, 0x6C, 0x39, 0x3E, 0x8A, 0x69,
    0xF4, 0x64, 0xBF, 0x99, 0x31, 0x5B, 0xAA, 0x44, 0xB3, 0x5A, 0x28, 0xB7, 0xD2, 0x9D, 0xF3, 0x15,
    0x32, 0x36, 0x18, 0x71, 0x8D, 0x31, 0x35, 0xDB, 0x38, 0xAA, 0xA4, 0x23, 0x2D, 0xE7, 0x14, 0xC2,
    0x92, 0x0B, 0xC8, 0x2E, 0x09, 0xAB, 0xDF, 0xBC, 0x7C, 0x98, 0xEF, 0x34, 0x70, 0x0A, 0x68, 0x1E,
    0x20, 0x69, 0x86, 0xF3, 0x03, 0x2D, 0xEA, 0x82, 0xBB, 0x77, 0xF7, 0xD7, 0xBA, 0xE2, 0xF7, 0xD2,
    0x35, 0xA8, 0x6F, 0x35, 0xE8, 0x87, 0x3A, 0x52, 0x8F, 0x11, 0x35, 0x99, 0x70, 0x2C, 0x4B, 0xC7,
    0x50, 0x39, 0x06, 0xAA, 0xA4, 0xD0, 0x96, 0xA9, 0x76, 0xB4, 0x72, 0x9F, 0xE3, 0xA6, 0xA2, 0x65,
    0xAC, 0x7C, 0xD2, 0xA4, 0x4D, 0xEA, 0x13, 0x2F, 0x3C, 0x56, 0x34, 0x90, 0x06, 0xE0, 0x00, 0x18,
    0xD5, 0xA0, 0x5A, 0x48, 0xE6, 0x03, 0xC0, 0xD8, 0xB3, 0x3F, 0xFB, 0xAC, 0xFD, 0xF2, 0x37, 0xFF,
    0xCC, 0x0F, 0x1F, 0xFC, 0x09, 0xE3, 0xAF, 0xCF, 0xC8, 0xA2, 0xE7, 0xD4, 0xEB, 0xB0, 0xF8, 0x37,
    0x00, 0xD0, 0x31, 0x36, 0x27, 0xD7, 0xD7, 0xD7, 0x00, 0xEE, 0xD9, 0xDA, 0xDA, 0xCC, 0x9F, 0x7B,
    0xA3, 0x5E, 0xD5, 0xB6, 0xDE, 0xD0, 0xB8, 0xC7, 0x4C, 0xE2, 0x58, 0x06, 0x86, 0xB7, 0x29, 0x80,
    0x0A, 0x98, 0x02, 0x01, 0x68, 0x40, 0x04, 0x18, 0x45, 0x8B, 0x8C, 0xB1, 0x4E, 0x1E, 0xBD, 0x69,
    0x11, 0x1E, 0xD2, 0x86, 0x85, 0x67, 0x6F, 0xD9, 0x7B, 0x3A, 0xE6, 0x63, 0xE5, 0xE0, 0x32, 0x4C,
    0x02, 0x8C, 0x8F, 0x57, 0x06, 0xDA, 0x81, 0xAC, 0x41, 0x34, 0x90, 0xCC, 0x80, 0xCB, 0x16, 0xE2,
    0x0C, 0x4C, 0x0D, 0xDA, 0x76, 0x00, 0xE6, 0x3C, 0x64, 0x01, 0x6E, 0x80, 0xAC, 0xCE, 0x72, 0x62,
    0xDC, 0xF7, 0xAD, 0x55, 0xAD, 0xF0, 0x67, 0x43, 0xDA, 0xD0, 0x7D, 0x92, 0x8E, 0xD4, 0x53, 0x8B,
    0x5A, 0x38, 0xE5, 0x0D, 0x3B, 0xF1, 0x35, 0x00, 0xB2, 0x1A, 0x9E, 0xBF, 0x0E, 0xF5, 0x06, 0xF8,
    0x6F, 0xFC, 0xAA, 0x9B, 0x8F, 0xEE, 0x83, 0xF3, 0x6F, 0x72, 0xC8, 0xEF, 0xA9, 0x93, 0xFD, 0x7F,
    0xBA, 0xF4, 0xCD, 0xDF, 0x21, 0x3F, 0x79, 0x91, 0xCC, 0xC2, 0xCF, 0x01, 0x61, 0x4F, 0x20, 0xDC,
    0xBD, 0xA4, 0xB7, 0x66, 0xB0, 0xE3, 0x01, 0x80, 0x85, 0xE3, 0x63, 0x7E, 0xEA, 0xF6, 0x2B, 0x1A,
    0xA3, 0xAF, 0xCE, 0x20, 0x2C, 0x8D, 0x10, 0x7E, 0xD5, 0x20, 0x5D, 0x57, 0xDE, 0xDA, 0x6E, 0x68,
    0x6B, 0xB8, 0xA6, 0x6D, 0x86, 0xD7, 0x36, 0xA7, 0xD6, 0x0C, 0x71, 0x86, 0x22, 0x71, 0xCB, 0x14,
    0x69, 0x39, 0x64, 0x2A, 0xEC, 0x90, 0x20, 0x28, 0x60, 0x27, 0x7A, 0x30, 0x37, 0xB7, 0x41, 0x95,
    0x19, 0xF4, 0x57, 0xA2, 0xE9, 0x64, 0x7A, 0x2D, 0x93, 0x43, 0x4E, 0x05, 0xC3, 0xBB, 0x1B, 0xE4,
    0xBC, 0xD8, 0x0A, 0x80, 0x29, 0xB0, 0x70, 0x70, 0x0D, 0xEE, 0xD8, 0x5B, 0x03, 0x8E, 0x9E, 0x58,
    0xC8, 0x5E, 0x93, 0x68, 0x01, 0x1E, 0xB4, 0xF0, 0xE1, 0xDB, 0xAF, 0x6C, 0xAF, 0xB7, 0xE4, 0xAF,
    0x54, 0x54, 0xAF, 0x5C, 0x21, 0xFC, 0x91, 0xF4, 0xBF, 0x4F, 0x21, 0xFE, 0xFA, 0x39, 0xE4, 0x0B,
    0x77, 0x21, 0x1D, 0xC7, 0x88, 0xBA, 0xC3, 0xDF, 0x4E, 0x55, 0x01, 0xA6, 0x64, 0x14, 0xF7, 0xBB,
    0x84, 0x33, 0x60, 0xC9, 0xC1, 0x47, 0x5C, 0x37, 0x70, 0x98, 0x57, 0x1B, 0x74, 0x39, 0x43, 0xDB,
    0x0A, 0x43, 0x45, 0xC6, 0xAC, 0x23, 0x90, 0xCB, 0xBE, 0xD6, 0x60, 0xFC, 0xA8, 0xA3, 0x12, 0x9E,
    0x36, 0x6D, 0xE6, 0x04, 0xD1, 0x6D, 0x91, 0xF0, 0x69, 0xA3, 0x9C, 0x7C, 0x6B, 0x62, 0x47, 0xB1,
    0x9D, 0xA7, 0xE2, 0xC1, 0x12, 0x80, 0xFF, 0x01, 0xAB, 0xFF, 0xB3, 0xFF, 0x0F, 0x03, 0x03, 0x00,
    0xCD, 0xD3, 0x01, 0xC6, 0xDC, 0x40, 0x18, 0x87, 0xF1, 0x27, 0x19, 0x04, 0xA3, 0x06, 0x80, 0xC2,
    0x9C, 0xA0, 0x09, 0x14, 0x45, 0xB2, 0x1B, 0x0A, 0x28, 0x80, 0x6A, 0x0B, 0x40, 0x0F, 0x51, 0xE4,
    0xD3, 0x39, 0x4A, 0x8F, 0x11, 0x2C, 0x1D, 0x7A, 0x81, 0x1C, 0x61, 0x8E, 0x30, 0xC8, 0xB2, 0xAD,
    0x7E, 0x5F, 0x3A, 0xF3, 0xBE, 0xAC, 0x6A, 0x01, 0x94, 0x0E, 0xFE, 0x20, 0xE1, 0x27, 0x4F, 0x06,
    0xF4, 0x74, 0x8F, 0xEE, 0x27, 0x78, 0x3F, 0x9E, 0x60, 0x7C, 0xB6, 0xBE, 0x80, 0x0B, 0x19, 0xB8,
    0x35, 0x65, 0x9B, 0xEF, 0xEF, 0xAE, 0x30, 0x1C, 0xC7, 0x31, 0xD3, 0x64, 0xB3, 0x41, 0x9B, 0x4C,
    0x04, 0xB3, 0x75, 0x75, 0xA3, 0x0D, 0xD0, 0x45, 0x37, 0x83, 0xD5, 0x0D, 0x1E, 0x70, 0xF3, 0x50,
    0x97, 0x1E, 0xF0, 0x4C, 0x40, 0xCF, 0x08, 0x9C, 0x58, 0x80, 0x89, 0x0B, 0xB0, 0x70, 0x03, 0x56,
    0x32, 0x90, 0xDB, 0x04, 0x5D, 0xB2, 0x11, 0x3E, 0xCF, 0x4F, 0x70, 0xA7, 0x1D, 0x1B, 0xF8, 0x2E,
    0xC3, 0x68, 0x36, 0x58, 0x01, 0x76, 0xAA, 0xEA, 0xED, 0x5C, 0x51, 0x5B, 0x31, 0x75, 0xB1, 0x90,
    0xCA, 0x98, 0xAD, 0x58, 0x4C, 0x41, 0xA8, 0xC7, 0x46, 0x5F, 0x35, 0x43, 0xC5, 0xF4, 0xE0, 0x98,
    0x50, 0x4A, 0xCF, 0xF9, 0x23, 0x27, 0xFC, 0x26, 0x2E, 0x01, 0xB1, 0x02, 0x64, 0xAA, 0x81, 0x4A,
    0xF8, 0x5D, 0xB0, 0x82, 0x37, 0x3B, 0x8C, 0x4D, 0x86, 0xB5, 0xCE, 0xDE, 0xA6, 0x22, 0x78, 0x9D,
    0x8A, 0xE0, 0xDB, 0xBF, 0x16, 0x68, 0x20, 0x7B, 0x04, 0xF0, 0x7E, 0x72, 0x51, 0x12, 0xD9, 0x88,
    0x36, 0xD2, 0x48, 0x5A, 0x49, 0xBE, 0x48, 0x39, 0x41, 0x3A, 0xB9, 0x50, 0x4C, 0xD5, 0x22, 0xA5,
    0x9C, 0xA6, 0xF2, 0xDA, 0xAA, 0x97, 0x58, 0x4C, 0x5A, 0x6B, 0xD4, 0x5C, 0x8B, 0xF6, 0x5A, 0xD4,
    0x78, 0xD1, 0x62, 0x0F, 0x5F, 0x24, 0xD9, 0x39, 0x30, 0xB1, 0xAA, 0x75, 0xE7, 0x5E, 0x4D, 0xB3,
    0x69, 0x37, 0x0D, 0xF7, 0xA7, 0x3A, 0x8B, 0xDA, 0x66, 0x51, 0x9B, 0x24, 0x6A, 0xB3, 0x89, 0xDA,
    0x44, 0x51, 0x77, 0x51, 0xD4, 0x6F, 0xFE, 0x03, 0xB5, 0xE6, 0x0E, 0xC0, 0x20, 0x4F, 0x8C, 0xE4,
    0xFB, 0x4B, 0x7B, 0x23, 0xDB, 0x5D, 0x29, 0xCE, 0xF3, 0x31, 0x6B, 0x75, 0xCD, 0xAE, 0xDD, 0x35,
    0xBC, 0x96, 0xD7, 0xF4, 0xB8, 0xDA, 0x5E, 0xE3, 0x6B, 0xFD, 0xFB, 0x5D, 0x18, 0xDE, 0xC3, 0x09,
    0xB7, 0xC3, 0x84, 0x02, 0xD5, 0x27, 0x3C, 0x44, 0xC7, 0x5F, 0xBF, 0x81, 0x15, 0xDB, 0x43, 0x93,
    0x80, 0x5D, 0xAF, 0x0D, 0xBB, 0x6C, 0x86, 0xE7, 0xBB, 0xB9, 0xCE, 0xED, 0x8F, 0xDB, 0x70, 0x84,
    0x2E, 0x2C, 0x66, 0xC3, 0xCE, 0xAF, 0xCA, 0xBA, 0x50, 0x44, 0xD8, 0x54, 0x44, 0x98, 0x47, 0xAA,
    0xF3, 0xAB, 0x0A, 0x93, 0x03, 0xDA, 0xEC, 0xE1, 0x65, 0x53, 0xF7, 0x53, 0x93, 0x06, 0x98, 0x4C,
    0xF4, 0x1F, 0xF0, 0x4F, 0xB8, 0x1B, 0x7A, 0x7E, 0x01, 0x45, 0x8D, 0x05, 0x19, 0x02, 0x50, 0x0C,
    0x84, 0x87, 0x3B, 0x8B, 0x42, 0x02, 0xBE, 0x41, 0x34, 0x92, 0x10, 0x85, 0x45, 0x79, 0x0D, 0x70,
    0x97, 0x9F, 0x0D, 0x9D, 0xEB, 0x9D, 0x48, 0x4D, 0x52, 0xD4, 0x33, 0xDA, 0x2A, 0x23, 0xB7, 0x08,
    0x35, 0xC8, 0xF1, 0xA4, 0x17, 0x8B, 0x71, 0x6B, 0x16, 0x8B, 0x9B, 0xFA, 0x2D, 0xC6, 0x73, 0x47,
    0x14, 0x1C, 0x37, 0x98, 0xB2, 0x5A, 0xF0, 0x68, 0x71, 0x32, 0x76, 0x23, 0x56, 0xCA, 0x0E, 0xBC,
    0xC6, 0x39, 0x9F, 0x21, 0x81, 0x6C, 0x4F, 0xFC, 0x6A, 0x31, 0x0F, 0xCC, 0x62, 0x89, 0x7F, 0xB9,
    0xFD, 0xB9, 0xDE, 0xBC, 0xD5, 0xF0, 0x27,
};

static const EpdGlyph notoserif_12_italicGlyphs[] = {
    { 0, 0, 0, 0, 0, 0, 0 }, // U+0000
    { 0, 0, 104, 0, 0, 0, 0 }, // U+000D
    { 0, 0, 104, 0, 0, 0, 0 }, // U+0020
    { 7, 19, 133, 1, 18, 34, 0 }, // !
    { 9, 7, 163, 3, 18, 16, 34 }, // "
    { 14, 18, 224, 0, 18, 63, 50 }, // #
    { 14, 21, 224, 0, 19, 74, 113 }, // $
    { 21, 20, 358, 1, 19, 105, 187 }, // %
    { 19, 20, 297, 0, 19, 95, 292 }, // &
    { 4, 7, 88, 3, 18, 7, 387 }, // '
    { 10, 23, 138, 1, 19, 58, 394 }, // (
    { 10, 23, 138, -2, 19, 58, 452 }, // )
    { 12, 11, 200, 2, 20, 33, 510 }, // *
    { 12, 12, 224, 1, 15, 36, 543 }, // +
    { 5, 8, 100, -1, 4, 10, 579 }, // ,
    { 8, 3, 124, 0, 8, 6, 589 }, // -
    { 4, 5, 100, 0, 4, 5, 595 }, // .
    { 13, 23, 115, -3, 19, 75, 600 }, // /
    { 13, 20, 224, 1, 19, 65, 675 }, // 0
    { 11, 18, 184, -1, 18, 50, 740 }, // 1
    { 14, 19, 224, -1, 19, 67, 790 }, // 2
    { 14, 20, 224, -1, 19, 70, 857 }, // 3
    { 15, 18, 224, -1, 18, 68, 927 }, // 4
    { 14, 19, 224, 0, 18, 67, 995 }, // 5
    { 13, 20, 224, 1, 19, 65, 1062 }, // 6
    { 13, 18, 224, 2, 18, 59, 1127 }, // 7
    { 14, 20, 224, 0, 19, 70, 1186 }, // 8
    { 13, 20, 224, 0, 19, 65, 1256 }, // 9
    { 7, 15, 114, 0, 14, 27, 1321 }, // :
    { 8, 18, 114, -1, 14, 36, 1348 }, // ;
    { 12, 14, 224, 1, 16, 42, 1384 }, // <
    { 12, 8, 224, 1, 13, 24, 1426 }, // =
    { 12, 14, 224, 1, 16, 42, 1450 }, // >
    { 11, 20, 200, 3, 19, 55, 1492 }, // ?
    { 21, 22, 368, 1, 18, 116, 1547 }, // @
    { 19, 18, 282, -2, 18, 86, 1663 }, // A
    { 17, 18, 262, -1, 18, 77, 1749 }, // B
    { 16, 20, 251, 1, 19, 80, 1826 }, // C
    { 19, 18, 290, -1, 18, 86, 1906 }, // D
    { 17, 18, 249, -1, 18, 77, 1992 }, // E
    { 17, 18, 236, -1, 18, 77, 2069 }, // F
    { 17, 20, 286, 1, 19, 85, 2146 }, // G
    { 23, 18, 317, -1, 18, 104, 2231 }, // H
    { 12, 18, 147, -1, 18, 54, 2335 }, // I
    { 15, 24, 143, -4, 18, 90, 2389 }, // J
    { 20, 18, 280, -1, 18, 90, 2479 }, // K
    { 16, 18, 249, -1, 18, 72, 2569 }, // L
    { 26, 18, 375, -1, 18, 117, 2641 }, // M
    { 22, 18, 305, -1, 18, 99, 2758 }, // N
    { 17, 20, 297, 1, 19, 85, 2857 }, // O
    { 17, 18, 248, -1, 18, 77, 2942 }, // P
    { 17, 25, 297, 1, 19, 107, 3019 }, // Q
    { 17, 18, 266, -1, 18, 77, 3126 }, // R
    { 14, 20, 218, 0, 19, 70, 3203 }, // S
    { 17, 18, 245, 1, 18, 77, 3273 }, // T
    { 18, 19, 292, 2, 18, 86, 3350 }, // U
    { 18, 18, 270, 2, 18, 81, 3436 }, // V
    { 27, 18, 418, 2, 18, 122, 3517 }, // W
    { 21, 18, 264, -2, 18, 95, 3639 }, // X
    { 17, 18, 250, 1, 18, 77, 3734 }, // Y
    { 17, 18, 242, -1, 18, 77, 3811 }, // Z
    { 11, 23, 144, 0, 19, 64, 3888 }, // [
    { 4, 23, 115, 2, 19, 23, 3952 }, // <backslash>
    { 12, 23, 144, -2, 19, 69, 3975 }, // ]
    { 12, 12, 224, 1, 18, 36, 4044 }, // ^
    { 13, 2, 184, -3, -2, 7, 4080 }, // _
    { 5, 5, 112, 3, 20, 7, 4087 }, // `
    { 14, 15, 232, 1, 14, 53, 4094 }, // a
    { 13, 20, 225, 0, 19, 65, 4147 }, // b
    { 12, 15, 195, 1, 14, 45, 4212 }, // c
    { 14, 20, 232, 1, 19, 70, 4257 }, // d
    { 11, 15, 197, 1, 14, 42, 4327 }, // e
    { 17, 26, 127, -4, 20, 111, 4369 }, // f
    { 16, 21, 222, -1, 15, 84, 4480 }, // g
    { 14, 20, 240, 1, 19, 70, 4564 }, // h
    { 7, 21, 122, 1, 20, 37, 4634 }, // i
    { 12, 26, 116, -4, 20, 78, 4671 }, // j
    { 14, 20, 228, 1, 19, 70, 4749 }, // k
    { 7, 20, 122, 1, 19, 35, 4819 }, // l
    { 21, 15, 358, 1, 14, 79, 4854 }, // m
    { 14, 15, 240, 1, 14, 53, 4933 }, // n
    { 13, 15, 230, 1, 14, 49, 4986 }, // o
    { 15, 20, 231, -1, 14, 75, 5035 }, // p
    { 13, 20, 224, 1, 14, 65, 5110 }, // q
    { 11, 14, 187, 1, 14, 39, 5175 }, // r
    { 11, 15, 186, 0, 14, 42, 5214 }, // s
    { 9, 18, 147, 1, 17, 41, 5256 }, // t
    { 14, 15, 240, 1, 14, 53, 5297 }, // u
    { 13, 15, 215, 0, 14, 49, 5350 }, // v
    { 20, 15, 328, 0, 14, 75, 5399 }, // w
    { 15, 14, 218, -1, 14, 53, 5474 }, // x
    { 18, 20, 211, -5, 14, 90, 5527 }, // y
    { 13, 14, 204, -1, 14, 46, 5617 }, // z
    { 12, 23, 171, 1, 19, 69, 5663 }, // {
    { 2, 25, 224, 6, 19, 13, 5732 }, // |
    { 12, 23, 171, -2, 19, 69, 5745 }, // }
    { 12, 6, 224, 1, 12, 18, 5814 }, // ~
    { 0, 0, 104, 0, 0, 0, 0 }, // U+00A0
    { 7, 19, 133, 0, 14, 34, 0 }, // U+00A1
    { 12, 18, 224, 2, 18, 54, 34 }, // U+00A2
    { 15, 20, 224, -1, 19, 75, 88 }, // U+00A3
    { 12, 12, 224, 1, 15, 36, 163 }, // U+00A4
    { 16, 18, 224, 1, 18, 72, 199 }, // U+00A5
    { 2, 25, 224, 6, 19, 13, 271 }, // U+00A6
    { 14, 22, 218, 0, 19, 77, 284 }, // U+00A7
    { 8, 4, 231, 5, 19, 8, 361 }, // U+00A8
    { 19, 20, 338, 1, 19, 95, 369 }, // U+00A9
    { 10, 9, 157, 1, 18, 23, 464 }, // U+00AA
    { 12, 10, 206, 1, 12, 30, 487 }, // U+00AB
    { 12, 7, 224, 1, 10, 21, 517 }, // U+00AC
    { 8, 3, 124, 0, 8, 6, 538 }, // U+00AD
    { 19, 20, 338, 1, 19, 95, 544 }, // U+00AE
    { 13, 2, 184, 2, 21, 7, 639 }, // U+00AF
    { 8, 9, 160, 3, 19, 18, 646 }, // U+00B0
    { 12, 15, 224, 1, 15, 45, 664 }, // U+00B1
    { 10, 12, 160, 1, 21, 30, 709 }, // U+00B2
    { 10, 12, 160, 1, 21, 30, 739 }, // U+00B3
    { 7, 5, 105, 2, 20, 9, 769 }, // U+00B4
    { 16, 20, 242, -1, 14, 80, 778 }, // U+00B5
    { 14, 22, 247, 1, 19, 77, 858 }, // U+00B6
    { 4, 4, 114, 2, 11, 4, 935 }, // U+00B7
    { 7, 7, 133, 0, 1, 13, 939 }, // U+00B8
    { 7, 12, 160, 2, 21, 21, 952 }, // U+00B9
    { 10, 9, 159, 1, 18, 23, 973 }, // U+00BA
    { 12, 10, 206, 0, 12, 30, 996 }, // U+00BB
    { 19, 20, 349, 2, 19, 95, 1026 }, // U+00BC
    { 19, 20, 349, 2, 19, 95, 1121 }, // U+00BD
    { 20, 20, 349, 1, 19, 100, 1216 }, // U+00BE
    { 10, 19, 200, 0, 14, 48, 1316 }, // U+00BF
    { 19, 24, 282, -2, 24, 114, 1364 }, // U+00C0
    { 19, 24, 282, -2, 24, 114, 1478 }, // U+00C1
    { 19, 24, 282, -2, 24, 114, 1592 }, // U+00C2
    { 19, 23, 282, -2, 23, 110, 1706 }, // U+00C3
    { 19, 23, 282, -2, 23, 110, 1816 }, // U+00C4
    { 19, 23, 282, -2, 23, 110, 1926 }, // U+00C5
    { 27, 18, 380, -2, 18, 122, 2036 }, // U+00C6
    { 16, 25, 251, 1, 19, 100, 2158 }, // U+00C7
    { 17, 24, 249, -1, 24, 102, 2258 }, // U+00C8
    { 17, 24, 249, -1, 24, 102, 2360 }, // U+00C9
    { 17, 24, 249, -1, 24, 102, 2462 }, // U+00CA
    { 17, 23, 249, -1, 23, 98, 2564 }, // U+00CB
    { 12, 24, 147, -1, 24, 72, 2662 }, // U+00CC
    { 13, 24, 147, -1, 24, 78, 2734 }, // U+00CD
    { 12, 24, 147, -1, 24, 72, 2812 }, // U+00CE
    { 13, 23, 147, -1, 23, 75, 2884 }, // U+00CF
    { 19, 18, 290, -1, 18, 86, 2959 }, // U+00D0
    { 22, 23, 305, -1, 23, 127, 3045 }, // U+00D1
    { 17, 25, 297, 1, 24, 107, 3172 }, // U+00D2
    { 17, 25, 297, 1, 24, 107, 3279 }, // U+00D3
    { 17, 25, 297, 1, 24, 107, 3386 }, // U+00D4
    { 17, 24, 297, 1, 23, 102, 3493 }, // U+00D5
    { 17, 24, 297, 1, 23, 102, 3595 }, // U+00D6
    { 12, 12, 224, 1, 15, 36, 3697 }, // U+00D7
    { 17, 20, 297, 1, 19, 85, 3733 }, // U+00D8
    { 18, 25, 292, 2, 24, 113, 3818 }, // U+00D9
    { 18, 25, 292, 2, 24, 113, 3931 }, // U+00DA
    { 18, 25, 292, 2, 24, 113, 4044 }, // U+00DB
    { 18, 24, 292, 2, 23, 108, 4157 }, // U+00DC
    { 17, 24, 250, 1, 24, 102, 4265 }, // U+00DD
    { 16, 18, 242, -1, 18, 72, 4367 }, // U+00DE
    { 19, 26, 251, -4, 20, 124, 4439 }, // U+00DF
    { 14, 21, 232, 1, 20, 74, 4563 }, // U+00E0
    { 14, 21, 232, 1, 20, 74, 4637 }, // U+00E1
    { 14, 21, 232, 1, 20, 74, 4711 }, // U+00E2
    { 14, 20, 232, 1, 19, 70, 4785 }, // U+00E3
    { 14, 20, 232, 1, 19, 70, 4855 }, // U+00E4
    { 14, 22, 232, 1, 21, 77, 4925 }, // U+00E5
    { 19, 15, 325, 1, 14, 72, 5002 }, // U+00E6
    { 12, 20, 195, 1, 14, 60, 5074 }, // U+00E7
    { 11, 21, 197, 1, 20, 58, 5134 }, // U+00E8
    { 12, 21, 197, 1, 20, 63, 5192 }, // U+00E9
    { 12, 21, 197, 1, 20, 63, 5255 }, // U+00EA
    { 12, 20, 197, 1, 19, 60, 5318 }, // U+00EB
    { 7, 21, 122, 1, 20, 37, 5378 }, // U+00EC
    { 9, 21, 122, 1, 20, 48, 5415 }, // U+00ED
    { 9, 21, 122, 0, 20, 48, 5463 }, // U+00EE
    { 8, 20, 122, 1, 19, 40, 5511 }, // U+00EF
    { 13, 21, 230, 1, 20, 69, 5551 }, // U+00F0
    { 14, 20, 240, 1, 19, 70, 5620 }, // U+00F1
    { 13, 21, 230, 1, 20, 69, 5690 }, // U+00F2
    { 13, 21, 230, 1, 20, 69, 5759 }, // U+00F3
    { 13, 21, 230, 1, 20, 69, 5828 }, // U+00F4
    { 13, 20, 230, 1, 19, 65, 5897 }, // U+00F5
    { 13, 20, 230, 1, 19, 65, 5962 }, // U+00F6
    { 12, 14, 224, 1, 16, 42, 6027 }, // U+00F7
    { 15, 17, 230, 0, 15, 64, 6069 }, // U+00F8
    { 14, 21, 240, 1, 20, 74, 6133 }, // U+00F9
    { 14, 21, 240, 1, 20, 74, 6207 }, // U+00FA
    { 14, 21, 240, 1, 20, 74, 6281 }, // U+00FB
    { 14, 20, 240, 1, 19, 70, 6355 }, // U+00FC
    { 18, 26, 211, -5, 20, 117, 6425 }, // U+00FD
    { 14, 25, 225, -1, 19, 88, 6542 }, // U+00FE
    { 18, 25, 211, -5, 19, 113, 6630 }, // U+00FF
    { 19, 21, 282, -2, 21, 100, 0 }, // U+0100
    { 14, 18, 232, 1, 17, 63, 100 }, // U+0101
    { 19, 23, 282, -2, 23, 110, 163 }, // U+0102
    { 14, 20, 232, 1, 19, 70, 273 }, // U+0103
    { 19, 24, 282, -2, 18, 114, 343 }, // U+0104
    { 14, 20, 232, 1, 14, 70, 457 }, // U+0105
    { 16, 25, 251, 1, 24, 100, 527 }, // U+0106
    { 13, 21, 195, 1, 20, 69, 627 }, // U+0107
    { 16, 25, 251, 1, 24, 100, 696 }, // U+0108
    { 12, 21, 195, 1, 20, 63, 796 }, // U+0109
    { 16, 25, 251, 1, 24, 100, 859 }, // U+010A
    { 12, 21, 195, 1, 20, 63, 959 }, // U+010B
    { 18, 25, 251, 1, 24, 113, 1022 }, // U+010C
    { 14, 21, 195, 1, 20, 74, 1135 }, // U+010D
    { 19, 24, 290, -1, 24, 114, 1209 }, // U+010E
    { 18, 20, 232, 1, 19, 90, 1323 }, // U+010F
    { 19, 18, 290, -1, 18, 86, 1413 }, // U+0110
    { 16, 20, 231, 1, 19, 80, 1499 }, // U+0111
    { 17, 21, 249, -1, 21, 90, 1579 }, // U+0112
    { 12, 18, 197, 1, 17, 54, 1669 }, // U+0113
    { 17, 23, 249, -1, 23, 98, 1723 }, // U+0114
    { 12, 20, 197, 1, 19, 60, 1821 }, // U+0115
    { 17, 24, 249, -1, 24, 102, 1881 }, // U+0116
    { 11, 21, 197, 1, 20, 58, 1983 }, // U+0117
    { 17, 24, 249, -1, 18, 102, 2041 }, // U+0118
    { 11, 20, 197, 1, 14, 55, 2143 }, // U+0119
    { 17, 24, 249, -1, 24, 102, 2198 }, // U+011A
    { 14, 21, 197, 1, 20, 74, 2300 }, // U+011B
    { 17, 25, 286, 1, 24, 107, 2374 }, // U+011C
    { 16, 26, 222, -1, 20, 104, 2481 }, // U+011D
    { 17, 24, 286, 1, 23, 102, 2585 }, // U+011E
    { 16, 25, 222, -1, 19, 100, 2687 }, // U+011F
    { 17, 25, 286, 1, 24, 107, 2787 }, // U+0120
    { 16, 26, 222, -1, 20, 104, 2894 }, // U+0121
    { 17, 25, 286, 1, 19, 107, 2998 }, // U+0122
    { 16, 26, 222, -1, 20, 104, 3105 }, // U+0123
    { 23, 24, 317, -1, 24, 138, 3209 }, // U+0124
    { 14, 26, 240, 1, 25, 91, 3347 }, // U+0125
    { 23, 18, 317, -1, 18, 104, 3438 }, // U+0126
    { 14, 20, 240, 1, 19, 70, 3542 }, // U+0127
    { 14, 23, 147, -1, 23, 81, 3612 }, // U+0128
    { 10, 20, 122, 0, 19, 50, 3693 }, // U+0129
    { 13, 21, 147, -1, 21, 69, 3743 }, // U+012A
    { 8, 18, 122, 1, 17, 36, 3812 }, // U+012B
    { 13, 23, 147, -1, 23, 75, 3848 }, // U+012C
    { 8, 20, 122, 1, 19, 40, 3923 }, // U+012D
    { 12, 24, 147, -1, 18, 72, 3963 }, // U+012E
    { 8, 26, 122, 0, 20, 52, 4035 }, // U+012F
    { 12, 24, 147, -1, 24, 72, 4087 }, // U+0130
    { 7, 15, 122, 1, 14, 27, 4159 }, // U+0131
    { 21, 24, 290, -1, 18, 126, 4186 }, // U+0132
    { 14, 26, 238, 1, 20, 91, 4312 }, // U+0133
    { 15, 30, 143, -4, 24, 113, 4403 }, // U+0134
    { 13, 26, 116, -4, 20, 85, 4516 }, // U+0135
    { 20, 24, 280, -1, 18, 120, 4601 }, // U+0136
    { 14, 25, 228, 1, 19, 88, 4721 }, // U+0137
    { 14, 15, 228, 1, 14, 53, 4809 }, // U+0138
    { 16, 24, 249, -1, 24, 96, 4862 }, // U+0139
    { 11, 26, 122, 1, 25, 72, 4958 }, // U+013A
    { 16, 24, 249, -1, 18, 96, 5030 }, // U+013B
    { 9, 25, 122, -1, 19, 57, 5126 }, // U+013C
    { 16, 18, 249, -1, 18, 72, 5183 }, // U+013D
    { 11, 20, 122, 1, 19, 55, 5255 }, // U+013E
    { 16, 18, 249, -1, 18, 72, 5310 }, // U+013F
    { 10, 20, 158, 1, 19, 50, 5382 }, // U+0140
    { 16, 18, 249, -1, 18, 72, 5432 }, // U+0141
    { 9, 20, 130, 0, 19, 45, 5504 }, // U+0142
    { 22, 24, 305, -1, 24, 132, 5549 }, // U+0143
    { 14, 21, 240, 1, 20, 74, 5681 }, // U+0144
    { 22, 24, 305, -1, 18, 132, 5755 }, // U+0145
    { 14, 20, 240, 1, 14, 70, 5887 }, // U+0146
    { 22, 24, 305, -1, 24, 132, 5957 }, // U+0147
    { 14, 21, 240, 1, 20, 74, 6089 }, // U+0148
    { 19, 19, 308, 0, 18, 91, 6163 }, // U+0149
    { 22, 24, 305, -1, 18, 132, 6254 }, // U+014A
    { 13, 20, 225, 1, 14, 65, 6386 }, // U+014B
    { 17, 22, 297, 1, 21, 94, 6451 }, // U+014C
    { 13, 18, 230, 1, 17, 59, 6545 }, // U+014D
    { 17, 24, 297, 1, 23, 102, 6604 }, // U+014E
    { 13, 20, 230, 1, 19, 65, 6706 }, // U+014F
    { 18, 25, 297, 1, 24, 113, 6771 }, // U+0150
    { 15, 21, 230, 1, 20, 79, 6884 }, // U+0151
    { 24, 20, 385, 1, 19, 120, 6963 }, // U+0152
    { 21, 15, 345, 1, 14, 79, 7083 }, // U+0153
    { 17, 24, 266, -1, 24, 102, 7162 }, // U+0154
    { 11, 20, 187, 1, 20, 55, 7264 }, // U+0155
    { 17, 24, 266, -1, 18, 102, 7319 }, // U+0156
    { 13, 20, 187, -1, 14, 65, 7421 }, // U+0157
    { 18, 24, 266, -1, 24, 108, 7486 }, // U+0158
    { 13, 20, 187, 1, 20, 65, 7594 }, // U+0159
    { 15, 25, 218, 0, 24, 94, 7659 }, // U+015A
    { 13, 21, 186, 0, 20, 69, 7753 }, // U+015B
    { 14, 25, 218, 0, 24, 88, 7822 }, // U+015C
    { 12, 21, 186, 0, 20, 63, 7910 }, // U+015D
    { 14, 25, 218, 0, 19, 88, 7973 }, // U+015E
    { 11, 20, 186, 0, 14, 55, 8061 }, // U+015F
    { 16, 25, 218, 0, 24, 100, 8116 }, // U+0160
    { 13, 21, 186, 0, 20, 69, 8216 }, // U+0161
    { 17, 24, 245, 1, 18, 102, 8285 }, // U+0162
    { 10, 23, 147, 0, 17, 58, 8387 }, // U+0163
    { 17, 24, 245, 1, 24, 102, 8445 }, // U+0164
    { 11, 20, 147, 1, 19, 55, 8547 }, // U+0165
    { 17, 18, 245, 1, 18, 77, 8602 }, // U+0166
    { 10, 18, 147, 0, 17, 45, 8679 }, // U+0167
    { 18, 24, 292, 2, 23, 108, 8724 }, // U+0168
    { 14, 20, 240, 1, 19, 70, 8832 }, // U+0169
    { 18, 22, 292, 2, 21, 99, 8902 }, // U+016A
    { 14, 18, 240, 1, 17, 63, 9001 }, // U+016B
    { 18, 24, 292, 2, 23, 108, 9064 }, // U+016C
    { 14, 20, 240, 1, 19, 70, 9172 }, // U+016D
    { 18, 26, 292, 2, 25, 117, 9242 }, // U+016E
    { 14, 22, 240, 1, 21, 77, 9359 }, // U+016F
    { 18, 25, 292, 2, 24, 113, 9436 }, // U+0170
    { 15, 21, 240, 1, 20, 79, 9549 }, // U+0171
    { 18, 24, 292, 2, 18, 108, 9628 }, // U+0172
    { 14, 20, 240, 1, 14, 70, 9736 }, // U+0173
    { 27, 24, 418, 2, 24, 162, 9806 }, // U+0174
    { 20, 21, 328, 0, 20, 105, 9968 }, // U+0175
    { 17, 24, 250, 1, 24, 102, 10073 }, // U+0176
    { 18, 26, 211, -5, 20, 117, 10175 }, // U+0177
    { 17, 23, 250, 1, 23, 98, 10292 }, // U+0178
    { 17, 24, 242, -1, 24, 102, 10390 }, // U+0179
    { 13, 20, 204, -1, 20, 65, 10492 }, // U+017A
    { 17, 24, 242, -1, 24, 102, 10557 }, // U+017B
    { 13, 20, 204, -1, 20, 65, 10659 }, // U+017C
    { 17, 24, 242, -1, 24, 102, 10724 }, // U+017D
    { 15, 20, 204, -1, 20, 75, 10826 }, // U+017E
    { 17, 26, 120, -4, 20, 111, 10901 }, // U+017F
    { 21, 21, 311, 1, 20, 111, 0 }, // U+01A0
    { 16, 17, 243, 1, 16, 68, 111 }, // U+01A1
    { 20, 21, 311, 2, 20, 105, 179 }, // U+01AF
    { 17, 17, 261, 1, 16, 73, 284 }, // U+01B0
    { 35, 24, 532, -1, 24, 210, 357 }, // U+01C4
    { 33, 20, 494, -1, 20, 165, 567 }, // U+01C5
    { 28, 21, 436, 1, 20, 147, 732 }, // U+01C6
    { 27, 24, 392, -1, 18, 162, 879 }, // U+01C7
    { 24, 26, 366, -1, 20, 156, 1041 }, // U+01C8
    { 14, 26, 238, 1, 20, 91, 1197 }, // U+01C9
    { 31, 24, 448, -1, 18, 186, 1288 }, // U+01CA
    { 28, 26, 422, -1, 20, 182, 1474 }, // U+01CB
    { 22, 26, 356, 1, 20, 143, 1656 }, // U+01CC
    { 20, 24, 282, -2, 24, 120, 1799 }, // U+01CD
    { 14, 21, 232, 1, 20, 74, 1919 }, // U+01CE
    { 15, 24, 147, -1, 24, 90, 1993 }, // U+01CF
    { 11, 21, 122, 1, 20, 58, 2083 }, // U+01D0
    { 17, 25, 297, 1, 24, 107, 2141 }, // U+01D1
    { 14, 21, 230, 1, 20, 74, 2248 }, // U+01D2
    { 18, 25, 292, 2, 24, 113, 2322 }, // U+01D3
    { 15, 21, 240, 1, 20, 79, 2435 }, // U+01D4
    { 18, 26, 292, 2, 25, 117, 2514 }, // U+01D5
    { 14, 22, 240, 1, 21, 77, 2631 }, // U+01D6
    { 18, 27, 292, 2, 26, 122, 2708 }, // U+01D7
    { 14, 23, 240, 1, 22, 81, 2830 }, // U+01D8
    { 18, 27, 292, 2, 26, 122, 2911 }, // U+01D9
    { 14, 23, 240, 1, 22, 81, 3033 }, // U+01DA
    { 18, 27, 292, 2, 26, 122, 3114 }, // U+01DB
    { 14, 23, 240, 1, 22, 81, 3236 }, // U+01DC
    { 12, 15, 197, 0, 14, 45, 3317 }, // U+01DD
    { 19, 25, 282, -2, 25, 119, 3362 }, // U+01DE
    { 14, 22, 232, 1, 21, 77, 3481 }, // U+01DF
    { 19, 25, 282, -2, 25, 119, 3558 }, // U+01E0
    { 14, 22, 232, 1, 21, 77, 3677 }, // U+01E1
    { 27, 21, 380, -2, 21, 142, 3754 }, // U+01E2
    { 19, 18, 325, 1, 17, 86, 3896 }, // U+01E3
    { 17, 20, 286, 1, 19, 85, 3982 }, // U+01E4
    { 16, 21, 222, -1, 15, 84, 4067 }, // U+01E5
    { 18, 25, 286, 1, 24, 113, 4151 }, // U+01E6
    { 16, 26, 222, -1, 20, 104, 4264 }, // U+01E7
    { 20, 24, 280, -1, 24, 120, 4368 }, // U+01E8
    { 15, 26, 228, 1, 25, 98, 4488 }, // U+01E9
    { 17, 25, 297, 1, 19, 107, 4586 }, // U+01EA
    { 13, 20, 230, 1, 14, 65, 4693 }, // U+01EB
    { 17, 27, 297, 1, 21, 115, 4758 }, // U+01EC
    { 13, 23, 230, 1, 17, 75, 4873 }, // U+01ED
    { 16, 25, 241, 0, 24, 100, 4948 }, // U+01EE
    { 17, 26, 219, -2, 20, 111, 5048 }, // U+01EF
    { 16, 26, 116, -4, 20, 104, 5159 }, // U+01F0
    { 35, 18, 532, -1, 18, 158, 5263 }, // U+01F1
    { 31, 18, 494, -1, 18, 140, 5421 }, // U+01F2
    { 26, 20, 436, 1, 19, 130, 5561 }, // U+01F3
    { 17, 25, 286, 1, 24, 107, 5691 }, // U+01F4
    { 16, 26, 222, -1, 20, 104, 5798 }, // U+01F5
    { 28, 19, 416, -1, 18, 133, 5902 }, // U+01F6
    { 20, 25, 296, -2, 19, 125, 6035 }, // U+01F7
    { 22, 24, 305, -1, 24, 132, 6160 }, // U+01F8
    { 14, 21, 240, 1, 20, 74, 6292 }, // U+01F9
    { 19, 24, 282, -2, 24, 114, 6366 }, // U+01FA
    { 14, 26, 232, 1, 25, 91, 6480 }, // U+01FB
    { 27, 24, 380, -2, 24, 162, 6571 }, // U+01FC
    { 19, 21, 325, 1, 20, 100, 6733 }, // U+01FD
    { 17, 25, 297, 1, 24, 107, 6833 }, // U+01FE
    { 15, 22, 230, 0, 20, 83, 6940 }, // U+01FF
    { 19, 24, 282, -2, 24, 114, 7023 }, // U+0200
    { 14, 21, 232, 1, 20, 74, 7137 }, // U+0201
    { 19, 23, 282, -2, 23, 110, 7211 }, // U+0202
    { 14, 20, 232, 1, 19, 70, 7321 }, // U+0203
    { 17, 24, 249, -1, 24, 102, 7391 }, // U+0204
    { 11, 21, 197, 1, 20, 58, 7493 }, // U+0205
    { 17, 23, 249, -1, 23, 98, 7551 }, // U+0206
    { 12, 20, 197, 1, 19, 60, 7649 }, // U+0207
    { 12, 24, 147, -1, 24, 72, 7709 }, // U+0208
    { 10, 21, 122, -2, 20, 53, 7781 }, // U+0209
    { 13, 23, 147, -1, 23, 75, 7834 }, // U+020A
    { 9, 20, 122, 1, 19, 45, 7909 }, // U+020B
    { 17, 25, 297, 1, 24, 107, 7954 }, // U+020C
    { 13, 21, 230, 1, 20, 69, 8061 }, // U+020D
    { 17, 24, 297, 1, 23, 102, 8130 }, // U+020E
    { 13, 20, 230, 1, 19, 65, 8232 }, // U+020F
    { 17, 24, 266, -1, 24, 102, 8297 }, // U+0210
    { 11, 20, 187, 1, 20, 55, 8399 }, // U+0211
    { 17, 23, 266, -1, 23, 98, 8454 }, // U+0212
    { 11, 19, 187, 1, 19, 53, 8552 }, // U+0213
    { 18, 25, 292, 2, 24, 113, 8605 }, // U+0214
    { 14, 21, 240, 1, 20, 74, 8718 }, // U+0215
    { 18, 24, 292, 2, 23, 108, 8792 }, // U+0216
    { 14, 20, 240, 1, 19, 70, 8900 }, // U+0217
    { 14, 25, 218, 0, 19, 88, 8970 }, // U+0218
    { 11, 20, 186, 0, 14, 55, 9058 }, // U+0219
    { 17, 24, 245, 1, 18, 102, 9113 }, // U+021A
    { 10, 23, 147, 0, 17, 58, 9215 }, // U+021B
    { 16, 23, 241, -1, 19, 92, 9273 }, // U+021C
    { 13, 20, 188, -2, 14, 65, 9365 }, // U+021D
    { 23, 24, 317, -1, 24, 138, 9430 }, // U+021E
    { 16, 26, 240, 1, 25, 104, 9568 }, // U+021F
    { 6, 5, 0, -10, 20, 8, 0 }, // U+0300
    { 6, 5, 0, -6, 20, 8, 8 }, // U+0301
    { 8, 5, 0, -2, 20, 10, 16 }, // U+0302
    { 10, 4, 0, -11, 19, 10, 26 }, // U+0303
    { 8, 2, 0, -2, 17, 4, 36 }, // U+0304
    { 8, 2, 0, -1, 21, 4, 40 }, // U+0305
    { 9, 4, 0, -2, 19, 9, 44 }, // U+0306
    { 3, 5, 0, 1, 20, 4, 53 }, // U+0307
    { 8, 4, 0, -2, 19, 8, 57 }, // U+0308
    { 6, 7, 0, -9, 21, 11, 65 }, // U+0309
    { 7, 7, 0, -1, 21, 13, 76 }, // U+030A
    { 11, 5, 0, -2, 20, 14, 89 }, // U+030B
    { 9, 5, 0, 0, 20, 12, 103 }, // U+030C
    { 3, 5, 0, 1, 19, 4, 115 }, // U+030D
    { 6, 5, 0, -1, 19, 8, 119 }, // U+030E
    { 10, 5, 0, -11, 20, 13, 127 }, // U+030F
    { 8, 7, 0, -2, 22, 14, 140 }, // U+0310
    { 8, 4, 0, -2, 19, 8, 154 }, // U+0311
    { 6, 7, 0, -1, 18, 11, 162 }, // U+0312
    { 6, 7, 0, -2, 18, 11, 173 }, // U+0313
    { 4, 8, 0, 0, 18, 8, 184 }, // U+0314
    { 6, 7, 0, -2, 18, 11, 192 }, // U+0315
    { 5, 5, 0, -4, -1, 7, 203 }, // U+0316
    { 6, 5, 0, -5, -1, 8, 210 }, // U+0317
    { 5, 6, 0, -4, 0, 8, 218 }, // U+0318
    { 6, 6, 0, -5, 0, 9, 226 }, // U+0319
    { 7, 6, 125, 2, 19, 11, 235 }, // U+031A
    { 4, 7, 0, -1, 20, 7, 246 }, // U+031B
    { 5, 6, 0, -4, 0, 8, 253 }, // U+031C
    { 6, 5, 0, -5, -1, 8, 261 }, // U+031D
    { 6, 5, 0, -5, -1, 8, 269 }, // U+031E
    { 6, 6, 0, -5, 0, 9, 277 }, // U+031F
    { 6, 2, 0, -5, -2, 3, 286 }, // U+0320
    { 7, 7, 0, -6, 2, 13, 289 }, // U+0321
    { 5, 7, 0, -2, 2, 9, 302 }, // U+0322
    { 4, 4, 0, -11, -1, 4, 311 }, // U+0323
    { 8, 4, 0, -6, -1, 8, 315 }, // U+0324
    { 7, 7, 0, -6, 0, 13, 323 }, // U+0325
    { 5, 5, 0, -5, -1, 7, 336 }, // U+0326
    { 7, 7, 0, -5, 1, 13, 343 }, // U+0327
    { 6, 6, 0, -5, 0, 9, 356 }, // U+0328
    { 4, 5, 0, -4, -1, 5, 365 }, // U+0329
    { 11, 5, 0, -8, -1, 14, 370 }, // U+032A
    { 9, 4, 0, -6, -1, 9, 384 }, // U+032B
    { 8, 5, 0, -4, -1, 10, 393 }, // U+032C
    { 9, 5, 0, -7, -1, 12, 403 }, // U+032D
    { 8, 4, 0, -6, -1, 8, 415 }, // U+032E
    { 8, 4, 0, -6, -1, 8, 423 }, // U+032F
    { 10, 4, 0, -7, -1, 10, 431 }, // U+0330
    { 8, 2, 0, -6, -2, 4, 441 }, // U+0331
    { 12, 3, 0, -13, -1, 9, 445 }, // U+0332
    { 13, 5, 0, -14, -1, 17, 454 }, // U+0333
    { 10, 4, 0, -5, 9, 10, 471 }, // U+0334
    { 10, 2, 0, -5, 8, 5, 481 }, // U+0335
    { 17, 2, 0, -8, 8, 9, 486 }, // U+0336
    { 10, 6, 0, -5, 10, 15, 495 }, // U+0337
    { 15, 22, 0, -7, 20, 83, 510 }, // U+0338
    { 5, 6, 0, -5, 0, 8, 593 }, // U+0339
    { 11, 5, 0, -8, -1, 14, 601 }, // U+033A
    { 11, 5, 0, -8, -1, 14, 615 }, // U+033B
    { 9, 4, 0, -7, -1, 9, 629 }, // U+033C
    { 6, 5, 0, -1, 19, 8, 638 }, // U+033D
    { 5, 8, 0, 0, 22, 10, 646 }, // U+033E
    { 12, 5, 0, -3, 24, 15, 656 }, // U+033F
    { 5, 5, 0, -1, 20, 7, 671 }, // U+0340
    { 7, 5, 0, -1, 20, 9, 678 }, // U+0341
    { 10, 4, 0, -3, 19, 10, 687 }, // U+0342
    { 5, 5, 0, 0, 20, 7, 697 }, // U+0343
    { 10, 6, 0, -3, 20, 15, 704 }, // U+0344
    { 4, 5, 0, -1, -1, 5, 719 }, // U+0345
    { 11, 5, 0, -3, 20, 14, 724 }, // U+0346
    { 12, 5, 0, -8, -1, 15, 738 }, // U+0347
    { 7, 5, 0, -6, -1, 9, 753 }, // U+0348
    { 5, 5, 0, -4, -1, 7, 762 }, // U+0349
    { 10, 6, 0, -3, 20, 15, 769 }, // U+034A
    { 11, 9, 0, -3, 23, 25, 784 }, // U+034B
    { 11, 8, 0, -3, 22, 22, 809 }, // U+034C
    { 8, 6, 0, -6, 0, 12, 831 }, // U+034D
    { 6, 6, 0, -5, 0, 9, 843 }, // U+034E
    { 18, 18, 0, -9, 18, 81, 852 }, // U+034F
    { 5, 6, 0, -1, 20, 8, 933 }, // U+0350
    { 4, 6, 0, 0, 21, 6, 941 }, // U+0351
    { 8, 7, 0, -2, 22, 14, 947 }, // U+0352
    { 6, 5, 0, -5, -1, 8, 961 }, // U+0353
    { 6, 5, 0, -5, -1, 8, 969 }, // U+0354
    { 6, 5, 0, -5, -1, 8, 977 }, // U+0355
    { 11, 5, 0, -7, -1, 14, 985 }, // U+0356
    { 4, 6, 0, 0, 21, 6, 999 }, // U+0357
    { 4, 5, 0, 4, 20, 5, 1005 }, // U+0358
    { 8, 7, 0, -4, 0, 14, 1010 }, // U+0359
    { 10, 5, 0, -7, -1, 13, 1024 }, // U+035A
    { 6, 6, 0, -1, 20, 9, 1037 }, // U+035B
    { 19, 6, 0, -11, 0, 29, 1046 }, // U+035C
    { 20, 6, 0, -7, 20, 30, 1075 }, // U+035D
    { 16, 2, 0, -6, 17, 8, 1105 }, // U+035E
    { 16, 2, 0, -10, -2, 8, 1113 }, // U+035F
    { 21, 4, 0, -8, 19, 21, 1121 }, // U+0360
    { 20, 5, 0, -8, 21, 25, 1142 }, // U+0361
    { 16, 6, 0, -10, 0, 24, 1167 }, // U+0362
    { 7, 6, 0, -1, 21, 11, 1191 }, // U+0363
    { 5, 6, 0, 0, 21, 8, 1202 }, // U+0364
    { 4, 9, 0, 1, 24, 9, 1210 }, // U+0365
    { 7, 6, 0, -1, 21, 11, 1219 }, // U+0366
    { 7, 6, 0, -1, 21, 11, 1230 }, // U+0367
    { 6, 6, 0, 0, 21, 9, 1241 }, // U+0368
    { 7, 9, 0, -1, 24, 16, 1250 }, // U+0369
    { 7, 9, 0, -1, 24, 16, 1266 }, // U+036A
    { 11, 6, 0, -3, 21, 17, 1282 }, // U+036B
    { 6, 6, 0, 0, 21, 9, 1299 }, // U+036C
    { 4, 8, 0, 1, 23, 8, 1308 }, // U+036D
    { 7, 6, 0, -1, 21, 11, 1316 }, // U+036E
    { 7, 6, 0, -1, 21, 11, 1327 }, // U+036F
    { 17, 24, 251, -1, 24, 102, 0 }, // U+0400
    { 17, 23, 251, -1, 23, 98, 102 }, // U+0401
    { 18, 18, 320, 1, 18, 81, 200 }, // U+0402
    { 17, 24, 226, -1, 24, 102, 281 }, // U+0403
    { 16, 20, 245, 1, 19, 80, 383 }, // U+0404
    { 14, 20, 220, 0, 19, 70, 463 }, // U+0405
    { 12, 18, 148, -1, 18, 54, 533 }, // U+0406
    { 13, 23, 148, -1, 23, 75, 587 }, // U+0407
    { 14, 24, 144, -3, 18, 84, 662 }, // U+0408
    { 24, 19, 386, -1, 18, 114, 746 }, // U+0409
    { 26, 18, 407, -1, 18, 117, 860 }, // U+040A
    { 19, 18, 341, 1, 18, 86, 977 }, // U+040B
    { 20, 24, 282, -1, 24, 120, 1063 }, // U+040C
    { 23, 24, 323, -1, 24, 138, 1183 }, // U+040D
    { 17, 25, 260, 2, 24, 107, 1321 }, // U+040E
    { 22, 23, 315, -1, 18, 127, 1428 }, // U+040F
    { 19, 18, 282, -2, 18, 86, 1555 }, // U+0410
    { 17, 18, 252, -1, 18, 77, 1641 }, // U+0411
    { 17, 18, 262, -1, 18, 77, 1718 }, // U+0412
    { 17, 18, 226, -1, 18, 77, 1795 }, // U+0413
    { 23, 23, 297, -3, 18, 133, 1872 }, // U+0414
    { 17, 18, 251, -1, 18, 77, 2005 }, // U+0415
    { 29, 18, 392, -2, 18, 131, 2082 }, // U+0416
    { 14, 20, 238, 0, 19, 70, 2213 }, // U+0417
    { 23, 18, 323, -1, 18, 104, 2283 }, // U+0418
    { 23, 24, 323, -1, 24, 138, 2387 }, // U+0419
    { 20, 18, 282, -1, 18, 90, 2525 }, // U+041A
    { 21, 19, 293, -1, 18, 100, 2615 }, // U+041B
    { 27, 18, 382, -1, 18, 122, 2715 }, // U+041C
    { 23, 18, 319, -1, 18, 104, 2837 }, // U+041D
    { 17, 20, 296, 1, 19, 85, 2941 }, // U+041E
    { 22, 18, 315, -1, 18, 99, 3026 }, // U+041F
    { 17, 18, 244, -1, 18, 77, 3125 }, // U+0420
    { 16, 20, 245, 1, 19, 80, 3202 }, // U+0421
    { 17, 18, 249, 1, 18, 77, 3282 }, // U+0422
    { 17, 19, 260, 2, 18, 81, 3359 }, // U+0423
    { 20, 20, 344, 1, 19, 100, 3440 }, // U+0424
    { 21, 18, 266, -2, 18, 95, 3540 }, // U+0425
    { 22, 23, 315, -1, 18, 127, 3635 }, // U+0426
    { 19, 18, 303, 2, 18, 86, 3762 }, // U+0427
    { 30, 18, 429, -1, 18, 135, 3848 }, // U+0428
    { 30, 23, 429, -1, 18, 173, 3983 }, // U+0429
    { 16, 18, 287, 1, 18, 72, 4156 }, // U+042A
    { 26, 18, 366, -1, 18, 117, 4228 }, // U+042B
    { 16, 18, 248, -1, 18, 72, 4345 }, // U+042C
    { 15, 20, 251, 0, 19, 75, 4417 }, // U+042D
    { 26, 20, 408, -1, 19, 130, 4492 }, // U+042E
    { 20, 18, 259, -2, 18, 90, 4622 }, // U+042F
    { 14, 15, 228, 0, 14, 53, 4712 }, // U+0430
    { 14, 21, 232, 1, 20, 74, 4765 }, // U+0431
    { 13, 15, 212, 0, 14, 49, 4839 }, // U+0432
    { 11, 15, 181, 0, 14, 42, 4888 }, // U+0433
    { 14, 21, 230, 0, 20, 74, 4930 }, // U+0434
    { 12, 15, 197, 0, 14, 45, 5004 }, // U+0435
    { 25, 15, 368, -1, 14, 94, 5049 }, // U+0436
    { 11, 15, 192, 0, 14, 42, 5143 }, // U+0437
    { 14, 15, 237, 1, 14, 53, 5185 }, // U+0438
    { 14, 20, 237, 1, 19, 70, 5238 }, // U+0439
    { 14, 14, 232, 1, 14, 49, 5308 }, // U+043A
    { 16, 15, 236, -1, 14, 60, 5357 }, // U+043B
    { 21, 15, 328, -1, 14, 79, 5417 }, // U+043C
    { 14, 15, 238, 1, 14, 53, 5496 }, // U+043D
    { 14, 15, 230, 0, 14, 53, 5549 }, // U+043E
    { 14, 15, 239, 1, 14, 53, 5602 }, // U+043F
    { 15, 20, 228, -1, 14, 75, 5655 }, // U+0440
    { 13, 15, 195, 0, 14, 49, 5730 }, // U+0441
    { 21, 15, 358, 1, 14, 79, 5779 }, // U+0442
    { 16, 21, 217, -2, 14, 84, 5858 }, // U+0443
    { 19, 27, 305, 0, 20, 129, 5942 }, // U+0444
    { 15, 14, 212, -1, 14, 53, 6071 }, // U+0445
    { 14, 20, 238, 1, 14, 70, 6124 }, // U+0446
    { 14, 15, 225, 0, 14, 53, 6194 }, // U+0447
    { 21, 15, 356, 1, 14, 79, 6247 }, // U+0448
    { 21, 20, 356, 1, 14, 105, 6326 }, // U+0449
    { 12, 15, 208, 0, 14, 45, 6431 }, // U+044A
    { 18, 15, 306, 1, 14, 68, 6476 }, // U+044B
    { 11, 15, 210, 1, 14, 42, 6544 }, // U+044C
    { 12, 15, 200, 0, 14, 45, 6586 }, // U+044D
    { 18, 15, 320, 1, 14, 68, 6631 }, // U+044E
    { 15, 15, 228, -1, 14, 57, 6699 }, // U+044F
    { 12, 21, 197, 0, 20, 63, 6756 }, // U+0450
    { 13, 20, 197, 0, 19, 65, 6819 }, // U+0451
    { 12, 25, 224, 1, 19, 75, 6884 }, // U+0452
    { 12, 21, 181, 0, 20, 63, 6959 }, // U+0453
    { 13, 15, 195, 0, 14, 49, 7022 }, // U+0454
    { 11, 15, 181, 0, 14, 42, 7071 }, // U+0455
    { 6, 21, 118, 1, 20, 32, 7113 }, // U+0456
    { 8, 21, 118, 1, 20, 42, 7145 }, // U+0457
    { 11, 26, 113, -3, 20, 72, 7187 }, // U+0458
    { 21, 15, 324, -1, 14, 79, 7259 }, // U+0459
    { 19, 15, 326, 1, 14, 72, 7338 }, // U+045A
    { 14, 20, 239, 1, 19, 70, 7410 }, // U+045B
    { 14, 20, 232, 1, 20, 70, 7480 }, // U+045C
    { 14, 21, 237, 1, 20, 74, 7550 }, // U+045D
    { 16, 26, 217, -2, 19, 104, 7624 }, // U+045E
    { 14, 20, 237, 1, 14, 70, 7728 }, // U+045F
    { 23, 19, 385, 1, 19, 110, 7798 }, // U+0460
    { 20, 14, 320, 0, 14, 70, 7908 }, // U+0461
    { 16, 18, 245, -1, 18, 72, 7978 }, // U+0462
    { 19, 15, 322, 1, 14, 72, 8050 }, // U+0463
    { 25, 20, 364, -1, 19, 125, 8122 }, // U+0464
    { 19, 15, 306, 1, 14, 72, 8247 }, // U+0465
    { 19, 18, 276, -2, 18, 86, 8319 }, // U+0466
    { 16, 14, 231, -2, 14, 56, 8405 }, // U+0467
    { 26, 18, 414, -1, 18, 117, 8461 }, // U+0468
    { 18, 14, 320, 1, 14, 63, 8578 }, // U+0469
    { 22, 18, 315, -2, 18, 99, 8641 }, // U+046A
    { 19, 14, 281, -2, 14, 67, 8740 }, // U+046B
    { 29, 18, 453, -1, 18, 131, 8807 }, // U+046C
    { 21, 14, 364, 1, 14, 74, 8938 }, // U+046D
    { 16, 28, 241, -1, 22, 112, 9012 }, // U+046E
    { 14, 22, 190, -2, 17, 77, 9124 }, // U+046F
    { 21, 18, 331, 3, 18, 95, 9201 }, // U+0470
    { 17, 25, 283, 1, 19, 107, 9296 }, // U+0471
    { 17, 20, 297, 1, 19, 85, 9403 }, // U+0472
    { 13, 15, 230, 1, 14, 49, 9488 }, // U+0473
    { 18, 18, 278, 2, 18, 81, 9537 }, // U+0474
    { 16, 15, 234, 0, 14, 60, 9618 }, // U+0475
    { 18, 24, 278, 2, 24, 108, 9678 }, // U+0476
    { 16, 21, 234, 0, 20, 84, 9786 }, // U+0477
    { 29, 25, 474, 1, 19, 182, 9870 }, // U+0478
    { 24, 20, 400, 1, 14, 120, 10052 }, // U+0479
    { 18, 22, 313, 1, 20, 99, 10172 }, // U+047A
    { 14, 17, 254, 1, 15, 60, 10271 }, // U+047B
    { 23, 27, 393, 1, 26, 156, 10331 }, // U+047C
    { 18, 23, 316, 1, 22, 104, 10487 }, // U+047D
    { 23, 23, 385, 1, 23, 133, 10591 }, // U+047E
    { 20, 18, 320, 0, 18, 90, 10724 }, // U+047F
    { 16, 25, 251, 1, 19, 100, 10814 }, // U+0480
    { 12, 20, 195, 1, 14, 60, 10914 }, // U+0481
    { 13, 17, 244, 1, 16, 56, 10974 }, // U+0482
    { 10, 4, 0, -3, 18, 10, 11030 }, // U+0483
    { 10, 4, 0, -3, 19, 10, 11040 }, // U+0484
    { 4, 5, 0, 0, 20, 5, 11050 }, // U+0485
    { 4, 5, 0, 0, 20, 5, 11055 }, // U+0486
    { 10, 3, 0, -2, 22, 8, 11060 }, // U+0487
    { 32, 29, 0, -16, 21, 232, 11068 }, // U+0488
    { 30, 31, 0, -15, 22, 233, 11300 }, // U+0489
    { 23, 30, 321, -1, 24, 173, 11533 }, // U+048A
    { 14, 26, 240, 1, 20, 91, 11706 }, // U+048B
    { 16, 19, 245, -1, 19, 76, 11797 }, // U+048C
    { 13, 18, 211, 0, 17, 59, 11873 }, // U+048D
    { 17, 18, 248, -1, 18, 77, 11932 }, // U+048E
    { 15, 20, 231, -1, 14, 75, 12009 }, // U+048F
    { 17, 21, 218, -1, 21, 90, 12084 }, // U+0490
    { 11, 17, 178, 1, 17, 47, 12174 }, // U+0491
    { 17, 18, 224, -1, 18, 77, 12221 }, // U+0492
    { 12, 14, 183, 0, 14, 42, 12298 }, // U+0493
    { 17, 25, 263, -1, 18, 107, 12340 }, // U+0494
    { 12, 20, 208, 0, 14, 60, 12447 }, // U+0495
    { 28, 24, 411, -2, 18, 168, 12507 }, // U+0496
    { 26, 20, 404, 0, 14, 130, 12675 }, // U+0497
    { 15, 25, 241, 0, 19, 94, 12805 }, // U+0498
    { 12, 20, 190, 0, 14, 60, 12899 }, // U+0499
    { 20, 24, 296, -1, 18, 120, 12959 }, // U+049A
    { 15, 20, 242, 1, 14, 75, 13079 }, // U+049B
    { 21, 18, 292, -1, 18, 95, 13154 }, // U+049C
    { 15, 14, 254, 1, 14, 53, 13249 }, // U+049D
    { 20, 18, 280, -1, 18, 90, 13302 }, // U+049E
    { 15, 20, 242, 1, 19, 75, 13392 }, // U+049F
    { 20, 18, 314, 1, 18, 90, 13467 }, // U+04A0
    { 17, 14, 283, 1, 14, 60, 13557 }, // U+04A1
    { 23, 24, 317, -1, 18, 138, 13617 }, // U+04A2
    { 15, 20, 252, 1, 14, 75, 13755 }, // U+04A3
    { 25, 18, 351, -1, 18, 113, 13830 }, // U+04A4
    { 19, 15, 302, 1, 14, 72, 13943 }, // U+04A5
    { 26, 25, 422, -1, 18, 163, 14015 }, // U+04A6
    { 20, 20, 343, 1, 14, 100, 14178 }, // U+04A7
    { 17, 21, 292, 1, 19, 90, 14278 }, // U+04A8
    { 14, 15, 244, 1, 14, 53, 14368 }, // U+04A9
    { 16, 25, 251, 1, 19, 100, 14421 }, // U+04AA
    { 12, 20, 195, 1, 14, 60, 14521 }, // U+04AB
    { 17, 24, 245, 1, 18, 102, 14581 }, // U+04AC
    { 21, 20, 358, 1, 14, 105, 14683 }, // U+04AD
    { 17, 18, 250, 1, 18, 77, 14788 }, // U+04AE
    { 12, 20, 220, 1, 14, 60, 14865 }, // U+04AF
    { 17, 18, 250, 1, 18, 77, 14925 }, // U+04B0
    { 13, 20, 220, 0, 14, 65, 15002 }, // U+04B1
    { 21, 24, 264, -2, 18, 126, 15067 }, // U+04B2
    { 16, 20, 218, -1, 14, 80, 15193 }, // U+04B3
    { 23, 24, 357, 1, 18, 138, 15273 }, // U+04B4
    { 18, 20, 294, 0, 14, 90, 15411 }, // U+04B5
    { 18, 24, 302, 2, 18, 108, 15501 }, // U+04B6
    { 15, 20, 244, 0, 14, 75, 15609 }, // U+04B7
    { 19, 18, 303, 2, 18, 86, 15684 }, // U+04B8
    { 14, 15, 225, 0, 14, 53, 15770 }, // U+04B9
    { 19, 18, 302, -1, 18, 86, 15823 }, // U+04BA
    { 14, 20, 240, 1, 19, 70, 15909 }, // U+04BB
    { 19, 20, 319, 1, 19, 95, 15979 }, // U+04BC
    { 15, 15, 240, 0, 14, 57, 16074 }, // U+04BD
    { 19, 25, 319, 1, 19, 119, 16131 }, // U+04BE
    { 15, 20, 240, 0, 14, 75, 16250 }, // U+04BF
    { 12, 18, 147, -1, 18, 54, 16325 }, // U+04C0
    { 29, 23, 392, -2, 23, 167, 16379 }, // U+04C1
    { 25, 20, 368, -1, 19, 125, 16546 }, // U+04C2
    { 20, 25, 278, -1, 18, 125, 16671 }, // U+04C3
    { 15, 20, 245, 1, 14, 75, 16796 }, // U+04C4
    { 21, 24, 281, -2, 18, 126, 16871 }, // U+04C5
    { 16, 20, 257, 0, 14, 80, 16997 }, // U+04C6
    { 23, 24, 316, -1, 18, 138, 17077 }, // U+04C7
    { 15, 20, 247, 0, 14, 75, 17215 }, // U+04C8
    { 23, 24, 317, -1, 18, 138, 17290 }, // U+04C9
    { 15, 20, 252, 1, 14, 75, 17428 }, // U+04CA
    { 18, 24, 302, 2, 18, 108, 17503 }, // U+04CB
    { 14, 20, 244, 0, 14, 70, 17611 }, // U+04CC
    { 26, 24, 375, -1, 18, 156, 17681 }, // U+04CD
    { 22, 20, 360, 0, 14, 110, 17837 }, // U+04CE
    { 12, 18, 147, -1, 18, 54, 17947 }, // U+04CF
    { 19, 23, 282, -2, 23, 110, 18001 }, // U+04D0
    { 14, 20, 232, 1, 19, 70, 18111 }, // U+04D1
    { 19, 23, 282, -2, 23, 110, 18181 }, // U+04D2
    { 14, 20, 232, 1, 19, 70, 18291 }, // U+04D3
    { 27, 18, 380, -2, 18, 122, 18361 }, // U+04D4
    { 19, 15, 325, 1, 14, 72, 18483 }, // U+04D5
    { 17, 23, 249, -1, 23, 98, 18555 }, // U+04D6
    { 11, 20, 197, 1, 19, 55, 18653 }, // U+04D7
    { 16, 20, 267, 0, 19, 80, 18708 }, // U+04D8
    { 12, 15, 197, 0, 14, 45, 18788 }, // U+04D9
    { 16, 24, 267, 0, 23, 96, 18833 }, // U+04DA
    { 12, 20, 197, 0, 19, 60, 18929 }, // U+04DB
    { 29, 23, 392, -2, 23, 167, 18989 }, // U+04DC
    { 25, 20, 368, -1, 19, 125, 19156 }, // U+04DD
    { 14, 24, 238, 0, 23, 84, 19281 }, // U+04DE
    { 12, 20, 192, 0, 19, 60, 19365 }, // U+04DF
    { 15, 19, 241, 0, 18, 72, 19425 }, // U+04E0
    { 15, 20, 219, -2, 14, 75, 19497 }, // U+04E1
    { 23, 21, 323, -1, 21, 121, 19572 }, // U+04E2
    { 14, 18, 240, 1, 17, 63, 19693 }, // U+04E3
    { 23, 23, 323, -1, 23, 133, 19756 }, // U+04E4
    { 14, 20, 240, 1, 19, 70, 19889 }, // U+04E5
    { 17, 24, 297, 1, 23, 102, 19959 }, // U+04E6
    { 13, 20, 230, 1, 19, 65, 20061 }, // U+04E7
    { 17, 20, 297, 1, 19, 85, 20126 }, // U+04E8
    { 13, 15, 230, 1, 14, 49, 20211 }, // U+04E9
    { 17, 24, 297, 1, 23, 102, 20260 }, // U+04EA
    { 13, 20, 230, 1, 19, 65, 20362 }, // U+04EB
    { 15, 24, 251, 0, 23, 90, 20427 }, // U+04EC
    { 12, 20, 200, 0, 19, 60, 20517 }, // U+04ED
    { 17, 22, 260, 2, 21, 94, 20577 }, // U+04EE
    { 18, 23, 211, -5, 17, 104, 20671 }, // U+04EF
    { 17, 24, 260, 2, 23, 102, 20775 }, // U+04F0
    { 18, 25, 211, -5, 19, 113, 20877 }, // U+04F1
    { 17, 25, 260, 2, 24, 107, 20990 }, // U+04F2
    { 19, 26, 211, -5, 20, 124, 21097 }, // U+04F3
    { 19, 23, 303, 2, 23, 110, 21221 }, // U+04F4
    { 14, 20, 225, 0, 19, 70, 21331 }, // U+04F5
    { 17, 24, 224, -1, 18, 102, 21401 }, // U+04F6
    { 12, 20, 183, 0, 14, 60, 21503 }, // U+04F7
    { 26, 23, 366, -1, 23, 150, 21563 }, // U+04F8
    { 18, 20, 306, 1, 19, 90, 21713 }, // U+04F9
    { 17, 23, 224, -1, 18, 98, 21803 }, // U+04FA
    { 12, 19, 183, 0, 14, 57, 21901 }, // U+04FB
    { 21, 23, 264, -2, 18, 121, 21958 }, // U+04FC
    { 16, 19, 218, -1, 14, 76, 22079 }, // U+04FD
    { 21, 18, 264, -2, 18, 95, 22155 }, // U+04FE
    { 15, 14, 218, -1, 14, 53, 22250 }, // U+04FF
    { 19, 23, 282, -2, 18, 110, 0 }, // U+1EA0
    { 14, 19, 232, 1, 14, 67, 110 }, // U+1EA1
    { 19, 25, 282, -2, 25, 119, 177 }, // U+1EA2
    { 14, 22, 232, 1, 21, 77, 296 }, // U+1EA3
    { 21, 25, 282, -2, 25, 132, 373 }, // U+1EA4
    { 16, 22, 232, 1, 21, 88, 505 }, // U+1EA5
    { 19, 25, 282, -2, 25, 119, 593 }, // U+1EA6
    { 14, 22, 232, 1, 21, 77, 712 }, // U+1EA7
    { 20, 26, 282, -2, 26, 130, 789 }, // U+1EA8
    { 15, 23, 232, 1, 22, 87, 919 }, // U+1EA9
    { 19, 27, 282, -2, 27, 129, 1006 }, // U+1EAA
    { 14, 24, 232, 1, 23, 84, 1135 }, // U+1EAB
    { 19, 29, 282, -2, 24, 138, 1219 }, // U+1EAC
    { 14, 25, 232, 1, 20, 88, 1357 }, // U+1EAD
    { 19, 26, 282, -2, 26, 124, 1445 }, // U+1EAE
    { 14, 23, 232, 1, 22, 81, 1569 }, // U+1EAF
    { 19, 26, 282, -2, 26, 124, 1650 }, // U+1EB0
    { 14, 23, 232, 1, 22, 81, 1774 }, // U+1EB1
    { 19, 27, 282, -2, 27, 129, 1855 }, // U+1EB2
    { 14, 23, 232, 1, 22, 81, 1984 }, // U+1EB3
    { 19, 27, 282, -2, 27, 129, 2065 }, // U+1EB4
    { 14, 24, 232, 1, 23, 84, 2194 }, // U+1EB5
    { 19, 28, 282, -2, 23, 133, 2278 }, // U+1EB6
    { 14, 24, 232, 1, 19, 84, 2411 }, // U+1EB7
    { 17, 23, 249, -1, 18, 98, 2495 }, // U+1EB8
    { 11, 19, 197, 1, 14, 53, 2593 }, // U+1EB9
    { 17, 25, 249, -1, 25, 107, 2646 }, // U+1EBA
    { 11, 22, 197, 1, 21, 61, 2753 }, // U+1EBB
    { 17, 23, 249, -1, 23, 98, 2814 }, // U+1EBC
    { 13, 20, 197, 1, 19, 65, 2912 }, // U+1EBD
    { 20, 25, 249, -1, 25, 125, 2977 }, // U+1EBE
    { 16, 22, 197, 1, 21, 88, 3102 }, // U+1EBF
    { 17, 25, 249, -1, 25, 107, 3190 }, // U+1EC0
    { 12, 22, 197, 1, 21, 66, 3297 }, // U+1EC1
    { 18, 26, 249, -1, 26, 117, 3363 }, // U+1EC2
    { 14, 23, 197, 1, 22, 81, 3480 }, // U+1EC3
    { 17, 27, 249, -1, 27, 115, 3561 }, // U+1EC4
    { 13, 24, 197, 1, 23, 78, 3676 }, // U+1EC5
    { 17, 29, 249, -1, 24, 124, 3754 }, // U+1EC6
    { 12, 25, 197, 1, 20, 75, 3878 }, // U+1EC7
    { 12, 25, 147, -1, 25, 75, 3953 }, // U+1EC8
    { 8, 22, 122, 1, 21, 44, 4028 }, // U+1EC9
    { 12, 23, 147, -1, 18, 69, 4072 }, // U+1ECA
    { 8, 25, 122, 0, 20, 50, 4141 }, // U+1ECB
    { 17, 24, 297, 1, 19, 102, 4191 }, // U+1ECC
    { 13, 19, 230, 1, 14, 62, 4293 }, // U+1ECD
    { 17, 26, 297, 1, 25, 111, 4355 }, // U+1ECE
    { 13, 22, 230, 1, 21, 72, 4466 }, // U+1ECF
    { 19, 26, 297, 1, 25, 124, 4538 }, // U+1ED0
    { 16, 22, 230, 1, 21, 88, 4662 }, // U+1ED1
    { 17, 26, 297, 1, 25, 111, 4750 }, // U+1ED2
    { 13, 22, 230, 1, 21, 72, 4861 }, // U+1ED3
    { 17, 27, 297, 1, 26, 115, 4933 }, // U+1ED4
    { 15, 23, 230, 1, 22, 87, 5048 }, // U+1ED5
    { 17, 28, 297, 1, 27, 119, 5135 }, // U+1ED6
    { 13, 24, 230, 1, 23, 78, 5254 }, // U+1ED7
    { 17, 29, 297, 1, 24, 124, 5332 }, // U+1ED8
    { 13, 25, 230, 1, 20, 82, 5456 }, // U+1ED9
    { 21, 25, 311, 1, 24, 132, 5538 }, // U+1EDA
    { 16, 21, 243, 1, 20, 84, 5670 }, // U+1EDB
    { 21, 25, 311, 1, 24, 132, 5754 }, // U+1EDC
    { 16, 21, 243, 1, 20, 84, 5886 }, // U+1EDD
    { 21, 26, 311, 1, 25, 137, 5970 }, // U+1EDE
    { 16, 22, 243, 1, 21, 88, 6107 }, // U+1EDF
    { 21, 24, 311, 1, 23, 126, 6195 }, // U+1EE0
    { 16, 20, 243, 1, 19, 80, 6321 }, // U+1EE1
    { 21, 25, 311, 1, 20, 132, 6401 }, // U+1EE2
    { 16, 21, 243, 1, 16, 84, 6533 }, // U+1EE3
    { 18, 23, 292, 2, 18, 104, 6617 }, // U+1EE4
    { 14, 19, 240, 1, 14, 67, 6721 }, // U+1EE5
    { 18, 26, 292, 2, 25, 117, 6788 }, // U+1EE6
    { 14, 22, 240, 1, 21, 77, 6905 }, // U+1EE7
    { 20, 25, 311, 2, 24, 125, 6982 }, // U+1EE8
    { 17, 21, 261, 1, 20, 90, 7107 }, // U+1EE9
    { 20, 25, 311, 2, 24, 125, 7197 }, // U+1EEA
    { 17, 21, 261, 1, 20, 90, 7322 }, // U+1EEB
    { 20, 26, 311, 2, 25, 130, 7412 }, // U+1EEC
    { 17, 22, 261, 1, 21, 94, 7542 }, // U+1EED
    { 20, 24, 311, 2, 23, 120, 7636 }, // U+1EEE
    { 17, 20, 261, 1, 19, 85, 7756 }, // U+1EEF
    { 20, 25, 311, 2, 20, 125, 7841 }, // U+1EF0
    { 17, 21, 261, 1, 16, 90, 7966 }, // U+1EF1
    { 17, 24, 250, 1, 24, 102, 8056 }, // U+1EF2
    { 18, 26, 211, -5, 20, 117, 8158 }, // U+1EF3
    { 17, 23, 250, 1, 18, 98, 8275 }, // U+1EF4
    { 18, 20, 211, -5, 14, 90, 8373 }, // U+1EF5
    { 17, 25, 250, 1, 25, 107, 8463 }, // U+1EF6
    { 18, 27, 211, -5, 21, 122, 8570 }, // U+1EF7
    { 17, 23, 250, 1, 23, 98, 8692 }, // U+1EF8
    { 18, 25, 211, -5, 19, 113, 8790 }, // U+1EF9
    { 0, 0, 200, 0, 0, 0, 0 }, // U+2000
    { 0, 0, 400, 0, 0, 0, 0 }, // U+2001
    { 0, 0, 200, 0, 0, 0, 0 }, // U+2002
    { 0, 0, 400, 0, 0, 0, 0 }, // U+2003
    { 0, 0, 133, 0, 0, 0, 0 }, // U+2004
    { 0, 0, 100, 0, 0, 0, 0 }, // U+2005
    { 0, 0, 67, 0, 0, 0, 0 }, // U+2006
    { 0, 0, 224, 0, 0, 0, 0 }, // U+2007
    { 0, 0, 100, 0, 0, 0, 0 }, // U+2008
    { 0, 0, 66, 0, 0, 0, 0 }, // U+2009
    { 0, 0, 40, 0, 0, 0, 0 }, // U+200A
    { 0, 0, 0, 0, 0, 0, 0 }, // U+200B
    { 2, 20, 0, -1, 16, 10, 0 }, // U+200C
    { 6, 22, 0, -3, 18, 33, 10 }, // U+200D
    { 7, 22, 0, -1, 18, 39, 43 }, // U+200E
    { 7, 22, 0, -6, 18, 39, 82 }, // U+200F
    { 8, 3, 124, 0, 8, 6, 121 }, // U+2010
    { 8, 3, 124, 0, 8, 6, 127 }, // U+2011
    { 13, 2, 224, 1, 10, 7, 133 }, // U+2012
    { 14, 3, 200, -1, 8, 11, 140 }, // U+2013
    { 27, 3, 400, -1, 8, 21, 151 }, // U+2014
    { 27, 3, 400, -1, 8, 21, 172 }, // U+2015
    { 7, 25, 224, 4, 19, 44, 193 }, // U+2016
    { 13, 6, 164, -3, 0, 20, 237 }, // U+2017
    { 6, 7, 100, 2, 18, 11, 257 }, // U+2018
    { 5, 7, 100, 2, 18, 9, 268 }, // U+2019
    { 5, 8, 100, -1, 4, 10, 277 }, // U+201A
    { 4, 8, 100, 3, 18, 8, 287 }, // U+201B
    { 11, 7, 180, 2, 18, 20, 295 }, // U+201C
    { 10, 7, 180, 2, 18, 18, 315 }, // U+201D
    { 10, 8, 180, -1, 4, 20, 333 }, // U+201E
    { 9, 8, 180, 3, 18, 18, 353 }, // U+201F
    { 11, 22, 179, 1, 19, 61, 371 }, // U+2020
    { 14, 22, 179, -1, 19, 77, 432 }, // U+2021
    { 8, 8, 145, 1, 13, 16, 509 }, // U+2022
    { 9, 9, 200, 3, 13, 21, 525 }, // U+2023
    { 4, 4, 114, 2, 11, 4, 546 }, // U+2024
    { 11, 4, 214, 2, 11, 11, 550 }, // U+2025
    { 18, 5, 343, 1, 4, 23, 561 }, // U+2026
    { 4, 5, 100, 1, 9, 5, 584 }, // U+2027
    { 0, 0, 240, 0, 0, 0, 589 }, // U+2028
    { 0, 0, 240, 0, 0, 0, 589 }, // U+2029
    { 7, 20, 0, -1, 16, 35, 589 }, // U+202A
    { 7, 20, 0, -6, 16, 35, 624 }, // U+202B
    { 6, 22, 0, -3, 18, 33, 659 }, // U+202C
    { 6, 22, 0, -3, 18, 33, 692 }, // U+202D
    { 6, 22, 0, -3, 18, 33, 725 }, // U+202E
    { 0, 0, 66, 0, 0, 0, 758 }, // U+202F
    { 30, 20, 514, 1, 19, 150, 758 }, // U+2030
    { 40, 20, 669, 1, 19, 200, 908 }, // U+2031
    { 5, 7, 88, 2, 18, 9, 1108 }, // U+2032
    { 10, 7, 163, 2, 18, 18, 1117 }, // U+2033
    { 15, 7, 238, 2, 18, 27, 1135 }, // U+2034
    { 4, 7, 88, 3, 18, 7, 1162 }, // U+2035
    { 9, 7, 163, 3, 18, 16, 1169 }, // U+2036
    { 13, 7, 238, 3, 18, 23, 1185 }, // U+2037
    { 9, 8, 160, -1, 2, 18, 1208 }, // U+2038
    { 7, 10, 133, 1, 12, 18, 1226 }, // U+2039
    { 7, 10, 133, 0, 12, 18, 1244 }, // U+203A
    { 18, 18, 328, 1, 18, 81, 1262 }, // U+203B
    { 13, 19, 224, 1, 18, 62, 1343 }, // U+203C
    { 11, 20, 200, 3, 19, 55, 1405 }, // U+203D
    { 13, 2, 184, 2, 21, 7, 1460 }, // U+203E
    { 20, 6, 0, -19, 0, 30, 1467 }, // U+203F
    { 20, 5, 0, -15, 21, 25, 1497 }, // U+2040
    { 12, 18, 180, -2, 18, 54, 1522 }, // U+2041
    { 24, 21, 400, 0, 20, 126, 1576 }, // U+2042
    { 8, 5, 145, 1, 11, 10, 1702 }, // U+2043
    { 15, 18, 25, -7, 18, 68, 1712 }, // U+2044
    { 11, 23, 144, 0, 19, 64, 1780 }, // U+2045
    { 12, 23, 144, -2, 19, 69, 1844 }, // U+2046
    { 22, 20, 391, 3, 19, 110, 1913 }, // U+2047
    { 17, 20, 315, 3, 19, 85, 2023 }, // U+2048
    { 20, 20, 312, 1, 19, 100, 2108 }, // U+2049
    { 12, 20, 224, 1, 15, 60, 2208 }, // U+204A
    { 14, 22, 247, 2, 19, 77, 2268 }, // U+204B
    { 14, 10, 239, 1, 14, 35, 2345 }, // U+204C
    { 14, 10, 239, 1, 14, 35, 2380 }, // U+204D
    { 11, 11, 200, 1, 15, 31, 2415 }, // U+204E
    { 5, 18, 114, 1, 14, 23, 2446 }, // U+204F
    { 16, 20, 292, 2, 19, 80, 2469 }, // U+2050
    { 14, 22, 200, 0, 20, 77, 2549 }, // U+2051
    { 9, 19, 132, 0, 18, 43, 2626 }, // U+2052
    { 12, 6, 224, 1, 12, 18, 2669 }, // U+2053
    { 20, 6, 0, -5, 0, 30, 2687 }, // U+2054
    { 12, 12, 216, 1, 15, 36, 2717 }, // U+2055
    { 12, 15, 246, 1, 14, 45, 2753 }, // U+2056
    { 19, 7, 314, 2, 18, 34, 2798 }, // U+2057
    { 15, 15, 284, 1, 14, 57, 2832 }, // U+2058
    { 14, 15, 284, 1, 14, 53, 2889 }, // U+2059
    { 4, 20, 115, 2, 19, 20, 2942 }, // U+205A
    { 14, 20, 284, 2, 19, 70, 2962 }, // U+205B
    { 14, 14, 279, 1, 14, 49, 3032 }, // U+205C
    { 4, 20, 115, 2, 19, 20, 3081 }, // U+205D
    { 4, 20, 115, 2, 19, 20, 3101 }, // U+205E
    { 0, 0, 89, 0, 0, 0, 3121 }, // U+205F
    { 0, 0, 240, 0, 0, 0, 3121 }, // U+2060
    { 0, 0, 240, 0, 0, 0, 3121 }, // U+2061
    { 0, 0, 240, 0, 0, 0, 3121 }, // U+2062
    { 0, 0, 240, 0, 0, 0, 3121 }, // U+2063
    { 0, 0, 240, 0, 0, 0, 3121 }, // U+2064
    { 0, 0, 240, 0, 0, 0, 3121 }, // U+2066
    { 0, 0, 240, 0, 0, 0, 3121 }, // U+2067
    { 0, 0, 240, 0, 0, 0, 3121 }, // U+2068
    { 0, 0, 240, 0, 0, 0, 3121 }, // U+2069
    { 6, 22, 0, -3, 18, 33, 3121 }, // U+206A
    { 6, 22, 0, -3, 18, 33, 3154 }, // U+206B
    { 6, 22, 0, -3, 18, 33, 3187 }, // U+206C
    { 6, 22, 0, -3, 18, 33, 3220 }, // U+206D
    { 6, 22, 0, -3, 18, 33, 3253 }, // U+206E
    { 6, 22, 0, -3, 18, 33, 3286 }, // U+206F
    { 10, 12, 160, 1, 21, 30, 0 }, // U+2070
    { 5, 12, 79, 2, 19, 15, 30 }, // U+2071
    { 10, 12, 160, 1, 21, 30, 45 }, // U+2074
    { 10, 12, 160, 1, 21, 30, 75 }, // U+2075
    { 9, 12, 160, 2, 21, 27, 105 }, // U+2076
    { 9, 12, 160, 3, 21, 27, 132 }, // U+2077
    { 10, 12, 160, 1, 21, 30, 159 }, // U+2078
    { 9, 12, 160, 2, 21, 27, 189 }, // U+2079
    { 9, 9, 157, 2, 19, 21, 216 }, // U+207A
    { 9, 3, 157, 2, 16, 7, 237 }, // U+207B
    { 9, 5, 157, 2, 17, 12, 244 }, // U+207C
    { 8, 16, 100, 2, 23, 32, 256 }, // U+207D
    { 8, 16, 100, -1, 23, 32, 288 }, // U+207E
    { 9, 9, 156, 2, 16, 21, 320 }, // U+207F
    { 10, 12, 160, -1, 9, 30, 341 }, // U+2080
    { 8, 12, 160, -1, 9, 24, 371 }, // U+2081
    { 10, 12, 160, -1, 9, 30, 395 }, // U+2082
    { 10, 12, 160, -1, 9, 30, 425 }, // U+2083
    { 10, 12, 160, -1, 9, 30, 455 }, // U+2084
    { 10, 12, 160, -1, 9, 30, 485 }, // U+2085
    { 9, 12, 160, 0, 9, 27, 515 }, // U+2086
    { 9, 12, 160, 0, 9, 27, 542 }, // U+2087
    { 10, 12, 160, -1, 9, 30, 569 }, // U+2088
    { 9, 12, 160, 0, 9, 27, 599 }, // U+2089
    { 10, 9, 157, -1, 7, 23, 626 }, // U+208A
    { 10, 3, 157, -1, 4, 8, 649 }, // U+208B
    { 10, 5, 157, -1, 5, 13, 657 }, // U+208C
    { 8, 16, 100, 0, 11, 32, 670 }, // U+208D
    { 8, 16, 100, -4, 11, 32, 702 }, // U+208E
    { 10, 9, 150, -1, 6, 23, 734 }, // U+2090
    { 8, 9, 128, -1, 6, 18, 757 }, // U+2091
    { 9, 9, 149, -1, 6, 21, 775 }, // U+2092
    { 10, 9, 142, -2, 6, 23, 796 }, // U+2093
    { 8, 9, 128, -1, 6, 18, 819 }, // U+2094
    { 10, 12, 156, -1, 9, 30, 837 }, // U+2095
    { 10, 12, 148, -1, 9, 30, 867 }, // U+2096
    { 5, 12, 79, -1, 9, 15, 897 }, // U+2097
    { 14, 9, 233, -1, 6, 32, 912 }, // U+2098
    { 10, 9, 156, -1, 6, 23, 944 }, // U+2099
    { 10, 12, 150, -2, 6, 30, 967 }, // U+209A
    { 7, 9, 121, -1, 6, 16, 997 }, // U+209B
    { 6, 11, 96, -1, 8, 17, 1013 }, // U+209C
    { 15, 19, 256, 1, 19, 72, 0 }, // U+20A0
    { 14, 21, 224, 1, 19, 74, 72 }, // U+20A1
    { 15, 20, 241, 1, 19, 75, 146 }, // U+20A2
    { 16, 18, 224, -1, 18, 72, 221 }, // U+20A3
    { 15, 20, 224, -1, 19, 75, 293 }, // U+20A4
    { 21, 20, 358, 1, 17, 105, 368 }, // U+20A5
    { 20, 18, 276, -1, 18, 90, 473 }, // U+20A6
    { 22, 19, 328, -2, 18, 105, 563 }, // U+20A7
    { 26, 19, 408, -1, 18, 124, 668 }, // U+20A8
    { 28, 18, 418, 1, 18, 126, 792 }, // U+20A9
    { 18, 15, 357, 2, 15, 68, 918 }, // U+20AA
    { 17, 23, 231, 0, 19, 98, 986 }, // U+20AB
    { 15, 20, 224, 0, 19, 75, 1084 }, // U+20AC
    { 19, 18, 260, -1, 18, 86, 1159 }, // U+20AD
    { 15, 18, 224, 1, 18, 68, 1245 }, // U+20AE
    { 25, 26, 400, -1, 21, 163, 1313 }, // U+20AF
    { 13, 25, 224, -1, 19, 82, 1476 }, // U+20B0
    { 18, 18, 248, -1, 18, 81, 1558 }, // U+20B1
    { 17, 21, 286, 1, 19, 90, 1639 }, // U+20B2
    { 21, 18, 282, -2, 18, 95, 1729 }, // U+20B3
    { 16, 20, 220, -1, 19, 80, 1824 }, // U+20B4
    { 16, 21, 251, 1, 19, 84, 1904 }, // U+20B5
    { 14, 19, 220, 1, 18, 67, 1988 }, // U+20B6
    { 14, 22, 224, 0, 19, 77, 2055 }, // U+20B7
    { 15, 18, 224, 1, 18, 68, 2132 }, // U+20B8
    { 14, 18, 224, 1, 18, 63, 2200 }, // U+20B9
    { 14, 18, 224, -1, 18, 63, 2263 }, // U+20BA
    { 14, 20, 261, 2, 19, 70, 2326 }, // U+20BB
    { 17, 17, 314, 1, 17, 73, 2396 }, // U+20BC
    { 17, 18, 236, -1, 18, 77, 2469 }, // U+20BD
    { 15, 20, 224, 0, 20, 75, 2546 }, // U+20BE
    { 16, 23, 224, -2, 20, 92, 2621 }, // U+20BF
    { 8, 3, 124, 0, 8, 6, 0 }, // U+2212
    { 24, 26, 246, -4, 20, 156, 0 }, // U+FB00
    { 19, 26, 238, -4, 20, 124, 156 }, // U+FB01
    { 19, 26, 237, -4, 20, 124, 280 }, // U+FB02
    { 26, 26, 356, -4, 20, 169, 404 }, // U+FB03
    { 27, 26, 356, -4, 20, 176, 573 }, // U+FB04
    { 21, 26, 263, -4, 20, 137, 749 }, // U+FB05
    { 21, 21, 333, 0, 20, 111, 886 }, // U+FB06
    { 23, 23, 400, 1, 19, 133, 0 }, // U+FFFD
};

static const EpdUnicodeInterval notoserif_12_italicIntervals[] = {
    { 0x0, 0x0, 0x0 },
    { 0xD, 0xD, 0x1 },
    { 0x20, 0x7E, 0x2 },
    { 0xA0, 0x17F, 0x61 },
    { 0x1A0, 0x1A1, 0x141 },
    { 0x1AF, 0x1B0, 0x143 },
    { 0x1C4, 0x21F, 0x145 },
    { 0x300, 0x36F, 0x1A1 },
    { 0x400, 0x4FF, 0x211 },
    { 0x1EA0, 0x1EF9, 0x311 },
    { 0x2000, 0x2064, 0x36B },
    { 0x2066, 0x2071, 0x3D0 },
    { 0x2074, 0x208E, 0x3DC },
    { 0x2090, 0x209C, 0x3F7 },
    { 0x20A0, 0x20BF, 0x404 },
    { 0x2212, 0x2212, 0x424 },
    { 0xFB00, 0xFB06, 0x425 },
    { 0xFFFD, 0xFFFD, 0x42C },
};

static const EpdFontGroup notoserif_12_italicGroups[] = {
    { 0, 3156, 6500, 97, 0 },
    { 3156, 2619, 7461, 96, 97 },
    { 5775, 3348, 12209, 128, 193 },
    { 9123, 3336, 10530, 96, 321 },
    { 12459, 1026, 1526, 112, 417 },
    { 13485, 9036, 24201, 256, 529 },
    { 22521, 1702, 9816, 90, 785 },
    { 24223, 1715, 3715, 111, 875 },
    { 25938, 776, 1233, 42, 986 },
    { 26714, 1742, 2963, 32, 1028 },
    { 28456, 8, 6, 1, 1060 },
    { 28464, 409, 1062, 7, 1061 },
    { 28873, 94, 138, 1, 1068 },
};

static const uint16_t notoserif_12_italicKernLeftCodepoints[] = {
    0x0022, 0x0026, 0x0027, 0x0028, 0x002A, 0x002C, 0x002D, 0x002E, 0x0041, 0x0042, 0x0043, 0x0044,
    0x0045, 0x0046, 0x0047, 0x004A, 0x004B, 0x004C, 0x004E, 0x004F, 0x0050, 0x0051, 0x0052, 0x0053,
    0x0054, 0x0055, 0x0056, 0x0057, 0x0058, 0x0059, 0x005B, 0x005F, 0x0061, 0x0062, 0x0063, 0x0065,
    0x0066, 0x0068, 0x006B, 0x006D, 0x006E, 0x006F, 0x0070, 0x0071, 0x0072, 0x0073, 0x0076, 0x0077,
    0x0079, 0x007A, 0x007B, 0x00A1, 0x00AB, 0x00BF, 0x00C0, 0x00C1, 0x00C2, 0x00C3, 0x00C4, 0x00C5,
    0x00C6, 0x00C7, 0x00C8, 0x00C9, 0x00CA, 0x00CB, 0x00D0, 0x00D1, 0x00D2, 0x00D3, 0x00D4, 0x00D5,
    0x00D6, 0x00D8, 0x00D9, 0x00DA, 0x00DB, 0x00DC, 0x00DD, 0x00DE, 0x00DF, 0x00E0, 0x00E1, 0x00E2,
    0x00E3, 0x00E4, 0x00E5, 0x00E6, 0x00E7, 0x00E8, 0x00E9, 0x00EA, 0x00EB, 0x00F0, 0x00F1, 0x00F2,
    0x00F3, 0x00F4, 0x00F5, 0x00F6, 0x00F8, 0x00F9, 0x00FA, 0x00FB, 0x00FC, 0x00FD, 0x00FE, 0x00FF,
    0x0100, 0x0101, 0x0102, 0x0103, 0x0104, 0x0105, 0x0106, 0x0107, 0x0108, 0x0109, 0x010A, 0x010B,
    0x010C, 0x010D, 0x010E, 0x010F, 0x0110, 0x0112, 0x0113, 0x0114, 0x0115, 0x0116, 0x0117, 0x0118,
    0x0119, 0x011A, 0x011B, 0x011C, 0x011E, 0x0120, 0x0122, 0x0125, 0x0127, 0x0132, 0x0134, 0x0136,
    0x0137, 0x0138, 0x0139, 0x013B, 0x013D, 0x013E, 0x0141, 0x0143, 0x0144, 0x0145, 0x0146, 0x0147,
    0x0148, 0x0149, 0x014A, 0x014B, 0x014C, 0x014D, 0x014E, 0x014F, 0x0150, 0x0151, 0x0152, 0x0153,
    0x0154, 0x0155, 0x0156, 0x0157, 0x0158, 0x0159, 0x015A, 0x015B, 0x015C, 0x015D, 0x015E, 0x015F,
    0x0160, 0x0161, 0x0162, 0x0164, 0x0166, 0x0168, 0x0169, 0x016A, 0x016B, 0x016C, 0x016D, 0x016E,
    0x016F, 0x0170, 0x0171, 0x0172, 0x0173, 0x0174, 0x0175, 0x0176, 0x0177, 0x0178, 0x017A, 0x017C,
    0x017E, 0x01A0, 0x01A1, 0x01AF, 0x01B0, 0x01FA, 0x01FB, 0x01FC, 0x01FD, 0x01FE, 0x01FF, 0x0218,
    0x0219, 0x021A, 0x0400, 0x0401, 0x0402, 0x0403, 0x0404, 0x0405, 0x0406, 0x0407, 0x0408, 0x0409,
    0x040A, 0x040B, 0x040C, 0x040D, 0x040E, 0x040F, 0x0410, 0x0411, 0x0412, 0x0413, 0x0414, 0x0415,
    0x0416, 0x0417, 0x0418, 0x0419, 0x041A, 0x041B, 0x041C, 0x041D, 0x041E, 0x041F, 0x0420, 0x0421,
    0x0422, 0x0423, 0x0424, 0x0425, 0x0426, 0x0427, 0x0428, 0x0429, 0x042A, 0x042B, 0x042C, 0x042D,
    0x042E, 0x042F, 0x0430, 0x0431, 0x0432, 0x0433, 0x0434, 0x0435, 0x0436, 0x0437, 0x0438, 0x0439,
    0x043A, 0x043B, 0x043C, 0x043D, 0x043E, 0x043F, 0x0440, 0x0441, 0x0442, 0x0443, 0x0444, 0x0445,
    0x0446, 0x0447, 0x0448, 0x0449, 0x044A, 0x044B, 0x044C, 0x044D, 0x044E, 0x044F, 0x0450, 0x0451,
    0x0452, 0x0453, 0x0454, 0x0455, 0x0456, 0x0457, 0x0458, 0x0459, 0x045A, 0x045B, 0x045C, 0x045D,
    0x045E, 0x045F, 0x0460, 0x0461, 0x0462, 0x0464, 0x0465, 0x0466, 0x0468, 0x046A, 0x046C, 0x046E,
    0x046F, 0x0470, 0x0471, 0x0472, 0x0473, 0x0474, 0x0475, 0x0476, 0x0477, 0x0478, 0x0479, 0x047A,
    0x047B, 0x047C, 0x047D, 0x047E, 0x047F, 0x0480, 0x0481, 0x048A, 0x048B, 0x048C, 0x048E, 0x048F,
    0x0490, 0x0491, 0x0492, 0x0493, 0x0494, 0x0496, 0x0497, 0x0498, 0x0499, 0x049A, 0x049B, 0x049C,
    0x049D, 0x049E, 0x049F, 0x04A0, 0x04A1, 0x04A2, 0x04A3, 0x04A4, 0x04A6, 0x04AA, 0x04AB, 0x04AC,
    0x04AD, 0x04AE, 0x04AF, 0x04B0, 0x04B1, 0x04B2, 0x04B3, 0x04B4, 0x04B5, 0x04B6, 0x04B7, 0x04B8,
    0x04B9, 0x04BA, 0x04BB, 0x04BC, 0x04BD, 0x04BE, 0x04BF, 0x04C1, 0x04C2, 0x04C3, 0x04C5, 0x04C6,
    0x04C7, 0x04C9, 0x04CA, 0x04CC, 0x04CD, 0x04CE, 0x04D0, 0x04D1, 0x04D2, 0x04D3, 0x04D4, 0x04D5,
    0x04D6, 0x04D7, 0x04D8, 0x04D9, 0x04DA, 0x04DB, 0x04DC, 0x04DD, 0x04DE, 0x04DF, 0x04E0, 0x04E1,
    0x04E2, 0x04E3, 0x04E4, 0x04E5, 0x04E6, 0x04E7, 0x04E8, 0x04E9, 0x04EA, 0x04EB, 0x04EC, 0x04ED,
    0x04EE, 0x04EF, 0x04F0, 0x04F1, 0x04F2, 0x04F3, 0x04F4, 0x04F5, 0x04F6, 0x04F7, 0x04F8, 0x04F9,
    0x04FA, 0x04FB, 0x04FC, 0x04FD, 0x04FE, 0x04FF, 0x1EA0, 0x1EA1, 0x1EA2, 0x1EA3, 0x1EA4, 0x1EA5,
    0x1EA6, 0x1EA7, 0x1EA8, 0x1EA9, 0x1EAA, 0x1EAB, 0x1EAC, 0x1EAD, 0x1EAE, 0x1EAF, 0x1EB0, 0x1EB1,
    0x1EB2, 0x1EB3, 0x1EB4, 0x1EB5, 0x1EB6, 0x1EB7, 0x1EB8, 0x1EB9, 0x1EBA, 0x1EBB, 0x1EBC, 0x1EBD,
    0x1EBE, 0x1EBF, 0x1EC0, 0x1EC1, 0x1EC2, 0x1EC3, 0x1EC4, 0x1EC5, 0x1EC6, 0x1EC7, 0x1ECC, 0x1ECD,
    0x1ECE, 0x1ECF, 0x1ED0, 0x1ED1, 0x1ED2, 0x1ED3, 0x1ED4, 0x1ED5, 0x1ED6, 0x1ED7, 0x1ED8, 0x1ED9,
    0x1EDA, 0x1EDB, 0x1EDC, 0x1EDD, 0x1EDE, 0x1EDF, 0x1EE0, 0x1EE1, 0x1EE2, 0x1EE3, 0x1EE4, 0x1EE5,
    0x1EE6, 0x1EE7, 0x1EE8, 0x1EE9, 0x1EEA, 0x1EEB, 0x1EEC, 0x1EED, 0x1EEE, 0x1EEF, 0x1EF0, 0x1EF1,
    0x1EF2, 0x1EF3, 0x1EF4, 0x1EF5, 0x1EF6, 0x1EF7, 0x1EF8, 0x1EF9, 0x2013, 0x2014, 0x2015, 0x2018,
    0x2019, 0x201A, 0x201C, 0x201D, 0x201E, 0x2039, 0x207D, 0x208D, 0x2090, 0x2092, 0xFB00,
};

static const uint8_t notoserif_12_italicKernLeftClassIds[] = {
      1,   2,   1,   3,   4,   5,   6,   5,   7,   8,   9,  10,  11,  12,  13,  14,
     15,  16,  17,  10,  18,  10,  19,  20,  21,  22,  23,  24,  25,  26,   3,  27,
     28,  29,  30,  30,  31,  28,  32,  28,  28,  29,  29,  33,  34,  35,  36,  37,
     38,  39,   3,  40,  41,  42,  43,  43,  43,  43,  43,  43,  11,   9,  11,  11,
     11,  11,  10,  17,  10,  10,  10,  10,  10,  10,  22,  22,  22,  22,  26,  10,
     35,  28,  28,  28,  28,  28,  28,  30,  30,  30,  30,  30,  30,  29,  28,  29,
     29,  29,  29,  29,  29,  28,  28,  28,  28,  38,  29,  38,   7,  28,  43,  28,
     43,  28,   9,  30,   9,  30,   9,  30,   9,  30,  10,  44,  10,  11,  30,  11,
     30,  11,  30,  11,  30,  11,  30,  13,  13,  13,  13,  28,  28,  14,  14,  15,
     32,  32,  16,  16,  45,  44,  16,  17,  28,  17,  28,  17,  28,  28,  14,  28,
     10,  29,  10,  29,  10,  29,  11,  30,  19,  34,  19,  34,  19,  34,  20,  35,
     20,  35,  20,  35,  20,  35,  21,  21,  21,  22,  28,  22,  28,  22,  28,  22,
     28,  22,  28,  22,  28,  24,  37,  26,  38,  26,  39,  39,  39,  46,  47,  48,
     49,   7,  28,  11,  30,  10,  29,  20,  35,  21,  50,  50,  51,  52,  53,  54,
     55,  55,  56,  57,  57,  58,  59,  55,  60,  55,  61,  62,  63,  52,  64,  50,
     59,  63,  55,  55,  59,  55,  55,  55,  65,  55,  66,  53,  52,  60,  67,  68,
     64,  55,  55,  64,  57,  55,  57,  65,  65,  55,  69,  70,  71,  72,  73,  74,
     75,  71,  69,  69,  76,  69,  69,  69,  77,  78,  77,  79,  78,  80,  77,  76,
     81,  69,  69,  81,  82,  69,  82,  77,  77,  69,  74,  74,  83,  72,  79,  84,
     69,  85,  86,  82,  82,  78,  76,  69,  80,  69,  65,  87,  57,  53,  72,  61,
     61,  88,  88,  63,  72,  89,  90,  65,  71,  60,  90,  60,  90,  91,  80,  65,
     71,  65,  71,  65,  87,  53,  72,  64,  81,  57,  66,  71,  92,  93,  92,  93,
     58,  59,  79,  63,  72,  59,  79,  59,  79,  59,  79,  59,  79,  64,  81,  92,
     58,  53,  72,  92,  81,  89,  90,  89,  90,  68,  76,  64,  81,  64,  81,  55,
     69,  58,  82,  94,  74,  94,  74,  59,  79,  58,  64,  81,  56,  64,  81,  81,
     64,  81,  61,  81,  61,  81,  50,  74,  50,  74,  65,  71,  65,  71,  59,  79,
     63,  71,  63,  95,  55,  81,  55,  81,  65,  71,  65,  71,  65,  71,  65,  77,
     60,  80,  60,  80,  60,  80,  55,  69,  92,  93,  55,  69,  92,  93,  68,  76,
     68,  96,  43,  28,  43,  28,  43,  28,  43,  28,  43,  28,  43,  28,  43,  28,
     43,  28,  43,  28,  43,  28,  43,  28,  43,  28,  11,  30,  11,  30,  11,  30,
     11,  30,  11,  30,  11,  30,  11,  30,  11,  30,  10,  29,  10,  29,  10,  29,
     10,  29,  10,  29,  10,  29,  10,  97,  46,  47,  46,  47,  46,  47,  46,  47,
     46,  47,  22,  28,  22,  28,  48,  49,  48,  49,  48,  49,  48,  49,  48,  49,
     26,  38,  26,  38,  26,  38,  26,  38,   6,   6,   6,  98,  99,   5,  98,  99,
      5,  41, 100, 101, 102, 103,  31,
};

static const uint16_t notoserif_12_italicKernRightCodepoints[] = {
    0x0022, 0x0026, 0x0027, 0x0029, 0x002A, 0x002C, 0x002D, 0x002E, 0x003A, 0x003B, 0x003F, 0x0041,
    0x0042, 0x0043, 0x0044, 0x0045, 0x0046, 0x0047, 0x0048, 0x0049, 0x004A, 0x004B, 0x004C, 0x004D,
    0x004E, 0x004F, 0x0050, 0x0051, 0x0052, 0x0053, 0x0054, 0x0055, 0x0056, 0x0057, 0x0058, 0x0059,
    0x005A, 0x005C, 0x005D, 0x005F, 0x0061, 0x0062, 0x0063, 0x0064, 0x0065, 0x0067, 0x0068, 0x0069,
    0x006B, 0x006C, 0x006D, 0x006E, 0x006F, 0x0070, 0x0071, 0x0072, 0x0073, 0x0074, 0x0075, 0x0076,
    0x0077, 0x0078, 0x0079, 0x007A, 0x007D, 0x00A9, 0x00AE, 0x00BB, 0x00C0, 0x00C1, 0x00C2, 0x00C3,
    0x00C4, 0x00C5, 0x00C6, 0x00C7, 0x00C8, 0x00C9, 0x00CA, 0x00CB, 0x00CC, 0x00CD, 0x00CE, 0x00CF,
    0x00D0, 0x00D1, 0x00D2, 0x00D3, 0x00D4, 0x00D5, 0x00D6, 0x00D8, 0x00D9, 0x00DA, 0x00DB, 0x00DC,
    0x00DD, 0x00DE, 0x00E0, 0x00E1, 0x00E2, 0x00E3, 0x00E4, 0x00E5, 0x00E6, 0x00E7, 0x00E8, 0x00E9,
    0x00EA, 0x00EB, 0x00EC, 0x00ED, 0x00EE, 0x00EF, 0x00F0, 0x00F1, 0x00F2, 0x00F3, 0x00F4, 0x00F5,
    0x00F6, 0x00F8, 0x00F9, 0x00FA, 0x00FB, 0x00FC, 0x00FD, 0x00FE, 0x00FF, 0x0100, 0x0101, 0x0102,
    0x0103, 0x0104, 0x0105, 0x0106, 0x0107, 0x0108, 0x0109, 0x010A, 0x010B, 0x010C, 0x010D, 0x010E,
    0x010F, 0x0110, 0x0111, 0x0112, 0x0113, 0x0114, 0x0115, 0x0116, 0x0117, 0x0118, 0x0119, 0x011A,
    0x011B, 0x011C, 0x011D, 0x011E, 0x011F, 0x0120, 0x0121, 0x0122, 0x0123, 0x0124, 0x0125, 0x0126,
    0x0127, 0x0128, 0x0129, 0x012A, 0x012B, 0x012C, 0x012D, 0x012E, 0x012F, 0x0130, 0x0132, 0x0133,
    0x0134, 0x0136, 0x0137, 0x0138, 0x0139, 0x013A, 0x013B, 0x013C, 0x013D, 0x013E, 0x013F, 0x0140,
    0x0141, 0x0142, 0x0143, 0x0144, 0x0145, 0x0146, 0x0147, 0x0148, 0x0149, 0x014A, 0x014B, 0x014C,
    0x014D, 0x014E, 0x014F, 0x0150, 0x0151, 0x0152, 0x0153, 0x0154, 0x0155, 0x0156, 0x0157, 0x0158,
    0x0159, 0x015A, 0x015B, 0x015C, 0x015D, 0x015E, 0x015F, 0x0160, 0x0161, 0x0163, 0x0165, 0x0167,
    0x0168, 0x0169, 0x016A, 0x016B, 0x016C, 0x016D, 0x016E, 0x016F, 0x0170, 0x0171, 0x0172, 0x0173,
    0x0174, 0x0175, 0x0176, 0x0177, 0x0178, 0x0179, 0x017A, 0x017B, 0x017C, 0x017D, 0x017E, 0x01A0,
    0x01A1, 0x01AF, 0x01B0, 0x01FA, 0x01FB, 0x01FC, 0x01FD, 0x01FE, 0x01FF, 0x0218, 0x0219, 0x021B,
    0x021E, 0x0400, 0x0401, 0x0402, 0x0403, 0x0404, 0x0405, 0x0406, 0x0407, 0x0408, 0x0409, 0x040A,
    0x040B, 0x040C, 0x040D, 0x040E, 0x040F, 0x0410, 0x0411, 0x0412, 0x0413, 0x0414, 0x0415, 0x0416,
    0x0417, 0x0418, 0x0419, 0x041A, 0x041B, 0x041C, 0x041D, 0x041E, 0x041F, 0x0420, 0x0421, 0x0422,
    0x0423, 0x0424, 0x0425, 0x0426, 0x0427, 0x0428, 0x0429, 0x042A, 0x042B, 0x042C, 0x042D, 0x042E,
    0x042F, 0x0430, 0x0431, 0x0432, 0x0433, 0x0434, 0x0435, 0x0436, 0x0437, 0x0438, 0x0439, 0x043A,
    0x043B, 0x043C, 0x043D, 0x043E, 0x043F, 0x0440, 0x0441, 0x0442, 0x0443, 0x0444, 0x0445, 0x0446,
    0x0447, 0x0448, 0x0449, 0x044A, 0x044B, 0x044C, 0x044D, 0x044E, 0x044F, 0x0450, 0x0451, 0x0452,
    0x0453, 0x0454, 0x0455, 0x0456, 0x0457, 0x0458, 0x0459, 0x045A, 0x045B, 0x045C, 0x045D, 0x045E,
    0x045F, 0x0460, 0x0461, 0x0466, 0x046A, 0x046E, 0x0470, 0x0471, 0x0472, 0x0473, 0x0474, 0x0475,
    0x0476, 0x0477, 0x0478, 0x0479, 0x047A, 0x047B, 0x047C, 0x047D, 0x047E, 0x047F, 0x0480, 0x0481,
    0x048B, 0x048F, 0x0496, 0x0497, 0x0498, 0x0499, 0x049F, 0x04A0, 0x04A1, 0x04A8, 0x04A9, 0x04AA,
    0x04AB, 0x04AC, 0x04AE, 0x04AF, 0x04B0, 0x04B1, 0x04B2, 0x04B3, 0x04B4, 0x04B5, 0x04B6, 0x04B7,
    0x04B8, 0x04B9, 0x04C1, 0x04C2, 0x04C5, 0x04C6, 0x04CB, 0x04CC, 0x04CE, 0x04D0, 0x04D1, 0x04D2,
    0x04D3, 0x04D4, 0x04D5, 0x04D7, 0x04D9, 0x04DB, 0x04DC, 0x04DD, 0x04DE, 0x04DF, 0x04E0, 0x04E2,
    0x04E3, 0x04E4, 0x04E5, 0x04E6, 0x04E7, 0x04E8, 0x04E9, 0x04EA, 0x04EB, 0x04EC, 0x04ED, 0x04EE,
    0x04EF, 0x04F0, 0x04F1, 0x04F2, 0x04F3, 0x04F4, 0x04F5, 0x04F8, 0x04F9, 0x04FC, 0x04FD, 0x04FE,
    0x1EA0, 0x1EA1, 0x1EA2, 0x1EA3, 0x1EA4, 0x1EA5, 0x1EA6, 0x1EA7, 0x1EA8, 0x1EA9, 0x1EAA, 0x1EAB,
    0x1EAC, 0x1EAD, 0x1EAE, 0x1EAF, 0x1EB0, 0x1EB1, 0x1EB2, 0x1EB3, 0x1EB4, 0x1EB5, 0x1EB6, 0x1EB7,
    0x1EB8, 0x1EB9, 0x1EBA, 0x1EBB, 0x1EBC, 0x1EBD, 0x1EBE, 0x1EBF, 0x1EC0, 0x1EC1, 0x1EC2, 0x1EC3,
    0x1EC4, 0x1EC5, 0x1EC6, 0x1EC7, 0x1EC9, 0x1ECB, 0x1ECC, 0x1ECD, 0x1ECE, 0x1ECF, 0x1ED0, 0x1ED1,
    0x1ED2, 0x1ED3, 0x1ED4, 0x1ED5, 0x1ED6, 0x1ED7, 0x1ED8, 0x1ED9, 0x1EDA, 0x1EDB, 0x1EDC, 0x1EDD,
    0x1EDE, 0x1EDF, 0x1EE0, 0x1EE1, 0x1EE2, 0x1EE3, 0x1EE4, 0x1EE5, 0x1EE6, 0x1EE7, 0x1EE8, 0x1EE9,
    0x1EEA, 0x1EEB, 0x1EEC, 0x1EED, 0x1EEE, 0x1EEF, 0x1EF0, 0x1EF1, 0x1EF2, 0x1EF3, 0x1EF4, 0x1EF5,
    0x1EF6, 0x1EF7, 0x1EF8, 0x1EF9, 0x2013, 0x2014, 0x2015, 0x2018, 0x2019, 0x201A, 0x201C, 0x201D,
    0x201E, 0x2026, 0x203A, 0x207E, 0x208E,
};

static const uint8_t notoserif_12_italicKernRightClassIds[] = {
      1,   2,   1,   3,   4,   5,   6,   7,   8,   8,   9,  10,  11,  12,  11,  11,
     11,  12,  11,  11,  11,  11,  11,  11,  11,  12,  11,  12,  11,  13,  14,  15,
     16,  17,  18,  19,  20,  21,   3,  22,  23,  24,  25,  25,  25,  26,  24,  27,
     24,  28,  29,  29,  25,  29,  25,  29,  30,  31,  32,  33,  34,  35,  36,  37,
      3,  38,  38,  39,  10,  10,  10,  10,  10,  10,  40,  12,  11,  11,  11,  11,
     11,  11,  11,  11,  11,  11,  12,  12,  12,  12,  12,  12,  15,  15,  15,  15,
     19,  11,  23,  23,  23,  23,  23,  23,  23,  25,  25,  25,  25,  25,  27,  27,
     27,  27,  25,  29,  25,  25,  25,  25,  25,  25,  32,  32,  32,  32,  36,  24,
     36,  10,  23,  10,  23,  10,  23,  12,  25,  12,  25,  12,  25,  12,  25,  11,
     25,  11,  25,  11,  25,  11,  25,  11,  25,  11,  25,  11,  25,  12,  25,  12,
     25,  12,  25,  12,  25,  11,  24,  11,  24,  11,  27,  11,  27,  11,  27,  11,
     27,  11,  11,  27,  11,  11,  24,  29,  11,  28,  11,  28,  11,  28,  11,  28,
     11,  28,  11,  29,  11,  29,  11,  29,  41,  11,  29,  12,  25,  12,  25,  12,
     25,  12,  25,  11,  29,  11,  29,  11,  29,  13,  30,  13,  30,  13,  30,  13,
     30,  31,  31,  31,  15,  32,  15,  32,  15,  32,  15,  32,  15,  32,  15,  32,
     17,  34,  19,  36,  19,  20,  37,  20,  37,  20,  37,  12,  25,  15,  32,  10,
     23,  40,  23,  12,  25,  13,  30,  31,  11,  42,  42,  43,  42,  44,  45,  42,
     42,  46,  47,  42,  43,  42,  42,  48,  42,  49,  42,  42,  42,  50,  42,  51,
     52,  42,  42,  42,  47,  42,  42,  44,  42,  42,  44,  43,  48,  53,  54,  42,
     55,  42,  42,  43,  42,  42,  52,  42,  56,  57,  58,  57,  59,  60,  57,  61,
     62,  63,  63,  64,  65,  65,  64,  57,  64,  66,  57,  64,  67,  57,  68,  63,
     69,  63,  63,  70,  63,  63,  61,  64,  71,  57,  57,  72,  59,  57,  73,  74,
     75,  76,  65,  64,  72,  64,  63,  67,  63,  77,  78,  49,  79,  52,  80,  63,
     77,  81,  80,  82,  80,  82,  77,  81,  77,  81,  77,  81,  77,  78,  77,  81,
     63,  66,  51,  61,  52,  61,  72,  83,  70,  77,  81,  77,  81,  83,  80,  82,
     80,  82,  54,  68,  83,  70,  55,  69,  55,  69,  51,  61,  50,  65,  55,  69,
     84,  49,  81,  49,  81,  85,  81,  81,  81,  81,  51,  61,  52,  61,  52,  42,
     63,  42,  63,  77,  81,  77,  81,  77,  81,  52,  61,  48,  67,  48,  67,  48,
     67,  55,  69,  42,  63,  54,  68,  54,  10,  23,  10,  23,  10,  23,  10,  23,
     10,  23,  10,  23,  10,  23,  10,  23,  10,  23,  10,  23,  10,  23,  10,  23,
     11,  25,  11,  25,  11,  25,  11,  25,  11,  25,  11,  25,  11,  25,  11,  25,
     86,  86,  12,  25,  12,  25,  12,  25,  12,  25,  12,  25,  12,  25,  12,  25,
     12,  25,  12,  25,  12,  25,  12,  25,  12,  25,  15,  32,  15,  32,  15,  32,
     15,  32,  15,  32,  15,  32,  15,  32,  19,  36,  19,  36,  19,  36,  19,  36,
      6,   6,   6,  87,   4,  88,  87,   4,  88,  88,  39,  89,  90,
};

static const uint16_t notoserif_12_italicKernRowOffsets[] = {
        0,     8,    13,    23,    35,    56,    63,    81,    92,    93,   104,   107,   116,   121,   125,   132,
      141,   145,   151,   161,   170,   181,   187,   198,   210,   217,   231,   245,   252,   257,   260,   265,
      267,   269,   280,   284,   290,   296,   300,   305,   309,   314,   319,   337,   352,   355,   371,   382,
      401,   405,   412,   433,   459,   463,   472,   474,   482,   503,   534,   556,   587,   613,   635,   656,
      671,   691,   711,   737,   755,   773,   792,   807,   818,   830,   835,   845,   858,   877,   897,   906,
      926,   954,   969,   975,   982,  1001,  1004,  1005,  1008,  1010,  1011,  1014,  1023,  1031,  1035,  1037,
     1038,  1039,  1056,  1080,  1081,  1082,  1084,  1085,
};

static const uint8_t notoserif_12_italicKernSparseCols[] = {
      9,  25,  26,  39,  48,  49,  64,  84,  13,  14,  15,  16,  18,  43,  45,  46,
     47,  49,  52,  64,  68,  74,  75,   1,   4,   6,   9,  39,  47,  48,  49,  64,
     80,  84,  87,  11,  13,  14,  15,  16,  18,  32,  33,  35,  42,  43,  46,  47,
     49,  52,  54,  66,  68,  69,  76,  82,  42,  47,  48,  49,  53,  54,  67,   0,
      1,   3,  11,  13,  14,  15,  16,  18,  24,  25,  31,  32,  33,  35,  37,  40,
     86,   3,   9,  13,  15,  16,  17,  18,  19,  33,  35,  39,   1,   0,   4,   6,
      9,  13,  15,  16,  17,  18,  39,  87,  15,  16,  18,   1,   4,   6,   9,  22,
     24,  25,  39,  87,  13,  15,  16,  18,  39,   4,   6,   9,  87,   1,  11,  24,
     25,  31,  33,  35,   0,   3,  13,  14,  15,  16,  18,  32,  86,   1,   4,   6,
     87,   1,   4,   6,   9,  39,  87,   1,   3,  11,  13,  14,  15,  16,  18,  33,
     35,   9,  13,  15,  16,  17,  18,  33,  35,  39,   1,   4,   6,   9,  11,  22,
     24,  25,  39,  40,  87,   1,   4,   6,   9,  39,  87,   1,   4,   6,   9,  11,
     22,  24,  25,  29,  39,  87,   1,   4,   6,   9,  11,  22,  24,  25,  29,  34,
     39,  87,  11,  12,  24,  25,  33,  35,  37,   1,   4,   6,   9,  11,  12,  22,
     24,  25,  29,  34,  36,  39,  87,  42,  43,  45,  47,  49,  52,  54,  56,  57,
     59,  66,  68,  69,  75,   0,  13,  15,  16,  18,  35,  86,  13,  15,  16,  18,
     35,  15,  16,  18,   0,   2,   3,  20,  86,  24,  25,  16,  18,   3,   4,   6,
     15,  16,  17,  18,  22,  24,  25,  87,   0,  15,  16,  18,   4,   6,  15,  16,
     18,  87,   4,   6,  15,  16,  18,  87,   4,   6,  16,  87,   3,  15,  16,  18,
     86,  13,  14,  15,  18,  42,  47,  48,  52,  54,  13,  14,  15,  16,  18,   0,
      1,   3,  11,  13,  14,  15,  16,  18,  24,  25,  31,  32,  33,  35,  37,  40,
     86,   0,   2,   3,   8,  10,  13,  14,  15,  16,  17,  18,  19,  23,  27,  86,
      3,  13,  15,   4,   6,   9,  13,  15,  16,  18,  22,  24,  25,  29,  30,  33,
     34,  35,  87,   3,   4,   6,  26,  28,  30,  31,  33,  35,  85,  87,   4,   6,
      9,  11,  14,  15,  18,  22,  23,  24,  25,  28,  29,  30,  31,  33,  35,  36,
     87,   3,  26,  28,  85,  42,  47,  52,  64,  69,  70,  83,   0,   2,   3,   7,
     21,  42,  45,  47,  48,  49,  50,  52,  53,  54,  55,  64,  66,  67,  68,  82,
     86,   3,   4,   5,   6,   7,  21,  38,  43,  44,  46,  48,  49,  52,  55,  56,
     58,  59,  62,  64,  66,  68,  70,  72,  73,  74,  87,  47,  52,  64,  67,  42,
     47,  48,  49,  52,  53,  54,  78,  82,  52,  64,  46,  48,  49,  52,  62,  64,
     73,  74,   0,   2,   3,   7,  21,  42,  45,  47,  48,  49,  50,  52,  53,  54,
     55,  64,  66,  67,  68,  82,  86,   0,   2,   3,   5,   7,  38,  42,  43,  44,
     45,  47,  51,  52,  54,  56,  58,  59,  61,  62,  64,  66,  68,  73,  74,  75,
     76,  77,  79,  81,  82,  86,   5,  38,  43,  44,  46,  49,  51,  52,  54,  56,
     57,  59,  62,  66,  68,  69,  73,  74,  76,  80,  83,  86,   2,   3,   4,   5,
      6,   7,  20,  21,  38,  43,  44,  46,  48,  49,  52,  55,  56,  58,  59,  60,
     61,  62,  63,  64,  67,  70,  72,  73,  74,  80,  87,   0,   3,   5,  38,  42,
     43,  44,  47,  51,  52,  54,  56,  57,  59,  62,  64,  66,  68,  69,  72,  73,
     74,  76,  82,  83,  86,   3,   7,  21,  42,  44,  45,  47,  48,  49,  50,  52,
     53,  54,  55,  64,  65,  66,  67,  68,  69,  70,  86,   3,   7,  21,  42,  44,
     47,  48,  49,  50,  52,  53,  54,  64,  67,  69,  70,  78,  82,  83,  84,  86,
      2,  21,  43,  45,  52,  56,  58,  59,  61,  62,  64,  69,  70,  73,  75,   2,
      4,   6,   7,  21,  42,  45,  46,  47,  48,  49,  50,  53,  54,  55,  64,  67,
     78,  82,  87,   2,   4,   6,   7,  21,  38,  46,  47,  48,  49,  50,  51,  53,
     54,  55,  64,  66,  67,  70,  87,   2,   3,   4,   6,   7,  21,  38,  41,  42,
     44,  45,  46,  47,  48,  49,  50,  51,  53,  54,  55,  64,  67,  70,  78,  86,
     87,   5,  38,  43,  44,  52,  54,  56,  58,  59,  62,  64,  66,  68,  69,  73,
     74,  76,  83,   4,   6,  41,  42,  46,  47,  48,  49,  50,  53,  54,  55,  60,
     64,  67,  68,  69,  87,   4,   6,  21,  42,  47,  48,  50,  53,  54,  60,  61,
     64,  66,  67,  68,  69,  70,  75,  87,   3,   4,   6,  42,  47,  54,  62,  64,
     66,  67,  68,  73,  74,  82,  87,   3,   4,   6,  42,  47,  54,  64,  67,  70,
     82,  87,   4,   6,  21,  47,  48,  50,  53,  54,  64,  67,  70,  87,  42,  47,
     54,  64,  67,  42,  47,  54,  55,  56,  59,  64,  66,  67,  80,   5,  42,  43,
     46,  47,  49,  51,  52,  54,  56,  57,  58,  59,   4,   6,  21,  42,  47,  48,
     50,  53,  54,  60,  61,  64,  66,  67,  68,  69,  70,  75,  87,   3,   4,   6,
     41,  42,  46,  47,  48,  49,  50,  53,  54,  55,  60,  64,  66,  67,  68,  86,
     87,  42,  47,  54,  55,  56,  59,  64,  67,  80,   2,   4,   6,  21,  42,  46,
     47,  48,  49,  50,  51,  53,  54,  58,  60,  61,  64,  67,  70,  87,   2,   3,
      4,   6,  21,  38,  41,  42,  45,  46,  47,  48,  49,  50,  52,  53,  54,  55,
     60,  64,  67,  68,  69,  70,  72,  75,  86,  87,   0,   3,  42,  46,  47,  52,
     54,  62,  66,  68,  69,  70,  73,  74,  86,  42,  47,  54,  64,  68,  86,   4,
      6,  42,  47,  54,  67,  87,   4,   6,  41,  42,  46,  47,  48,  49,  50,  53,
     54,  55,  60,  64,  67,  68,  69,  71,  87,  54,  64,  70,  64,  54,  69,  83,
     49,  64,  64,   4,   6,  87,   4,   6,  43,  48,  49,  64,  76,  80,  87,   3,
      4,   6,  48,  49,  64,  80,  87,  47,  49,  64,  78,   3,  86,  80,  35,   9,
     26,  35,  39,  46,  48,  49,  62,  64,  66,  68,  71,  73,  74,  75,  80,  84,
      9,  22,  24,  25,  29,  39,  46,  47,  48,  49,  56,  59,  62,  63,  64,  65,
     66,  68,  69,  71,  73,  74,  75,  84,  88,  89,   0,  35,  35,
};

static const int8_t notoserif_12_italicKernSparseValues[] = {
     -32,  -16,    8,  -48,  -32,  -32,  -24,  -48,  -16,   -4,  -20,  -16,  -18,   -8,   12,   -8,
       8,    4,   -8,   -8,   -4,   12,   16,   -8,  -48,  -48,  -20,  -32,   -8,  -20,  -28,  -20,
     -20,  -32,  -48,   -8,  -28,   -4,  -36,  -32,  -28,  -20,   -8,   -8,  -24,   -8,    4,   -8,
       8,  -12,  -52,   -8,  -28,  -28,   -8,  -28,  -16,   -8,   -4,   -4,   -4,  -16,   -8,  -32,
      -8,  -28,   -8,  -24,   -8,  -32,  -28,  -28,   -8,   -8,   -8,  -24,  -12,  -20,  -20,  -20,
     -36,   -8,   -8,   -8,  -16,  -12,   -8,  -16,   -8,   -4,   -8,  -12,   -8,  -12,   -8,  -16,
      -8,   -8,   -8,   -8,   -8,  -12,  -20,   -8,   -8,   -8,   -8,  -16,  -32,  -32,  -28,  -16,
     -16,  -16,  -44,  -32,   -8,   -8,   -8,   -8,   -8,   -8,   -8,   -8,   -8,   -8,   -8,   -8,
      -8,   -8,  -12,  -12,  -24,  -32,  -28,   -8,  -32,  -20,  -24,  -12,  -36,   -8,   -8,   -8,
      -8,   -8,  -48,  -48,  -20,  -32,  -48,   -8,   -8,   -8,   -8,   -4,  -12,  -12,  -12,   -8,
      -8,   -8,   -8,   -8,   -8,   -8,   -8,   -4,   -8,   -8,   -8,  -36,  -36,  -24,   -8,  -12,
     -12,  -12,  -32,   20,  -36,   -8,   -8,   -8,   -8,   -8,   -8,  -12,  -44,  -44,  -32,   -8,
     -24,  -24,  -24,  -16,  -52,  -44,  -12,  -36,  -36,  -24,   -8,  -20,  -24,  -24,  -12,   -8,
     -52,  -36,   -8,   -4,   -4,   -4,  -12,  -20,  -16,  -12,  -32,  -32,  -28,  -12,   -8,  -24,
     -28,  -28,  -24,   -4,   -4,  -36,  -32,  -16,   -8,   24,  -12,   20,  -16,  -44,   -8,   -8,
      -8,   16,  -32,   -8,   24,  -16,   -8,  -20,  -16,  -20,   -8,  -16,  -12,  -24,  -24,  -28,
      -8,  -20,  -20,  -28,   32,   36,   32,   40,   24,   -8,   -8,  -16,   -8,   12,  -68,  -68,
     -12,  -16,  -20,  -12,   -8,   -8,   -8,  -68,   -8,  -12,  -12,  -20,  -20,  -28,  -12,   -8,
     -12,  -28,  -28,  -28,   -8,   -8,  -12,  -28,  -36,  -36,   -8,  -36,   -8,  -16,  -12,  -12,
      -8,   -8,   -4,  -20,  -24,  -20,  -16,   -8,   -4,  -16,  -12,   -4,  -20,  -20,  -20,  -32,
      -8,  -28,   -8,  -24,   -8,  -32,  -28,  -28,   -8,   -8,   -8,  -20,  -12,  -20,  -20,  -20,
     -36,   12,   28,   16,   12,   20,   28,   28,   36,   28,   28,   40,   32,   36,   36,   12,
     -12,  -12,  -20,  -12,  -12,  -16,    8,    8,    8,    8,   -8,   -8,   -8,   -8,   -8,   -8,
      -8,   -8,  -12,    8,   -4,   -4,    4,    8,   12,    8,   12,   12,    4,   -4,  -12,  -12,
     -24,   -8,    4,   12,   12,  -20,    4,  -24,  -24,  -12,  -24,   -8,  -12,   -8,   -8,  -12,
     -12,    8,    4,    8,    4,   -8,   -8,   -6,   -8,   -8,   -8,   -8,  -68,   -8,  -32,   -4,
      -4,  -32,   -6,  -96,   -4,   -4,   -4,   -8,   -8,  -24,   -4,   -6,   -4,   -4,  -12,  -28,
     -60,   12,  -24,  -16,  -24,  -12,  -16,  -20,   -8,   -4,  -12,  -24,  -16,  -10,   -6,  -12,
      -4,  -12,    8,  -24,   16,    4,  -12,   -6,    8,    8,  -24,   -4,   -4,   -4,   -4,   -4,
      -4,   -4,   -4,  -10,   -4,  -12,   -8,   -8,   -4,   -8,   -8,   -8,   -6,   -8,   12,   -8,
      12,   12,  -40,   -8,  -20,   -4,   -4,  -32,   -6,  -48,   -4,   -4,   -4,   -8,   -8,  -24,
      -4,   -6,   -4,   -4,  -12,  -16,  -36,  -48,  -16,  -28,   -8,   -8,  -20,  -36,  -24,  -16,
     -12,  -56,  -16,  -32,  -52,   -8,   -4,   -8,   -4,   -8,   -8,  -16,  -20,   -8,   -8,   -8,
      -4,   -8,  -20,  -12,  -28,  -40,   -8,  -12,  -12,   -4,    4,    8,   -4,  -20,   -8,   -8,
      -4,   -8,   -4,   -4,  -12,  -12,   -4,   -2,   -4,   -8,  -12,   -8,    4,   16,  -44,   -8,
     -44,   -8,    8,  -32,  -16,  -20,   -4,  -24,  -52,  -32,  -24,  -16,  -20,  -12,  -32,  -16,
      -4,   -4,   -8,  -48,   -4,   -8,  -12,   -4,   12,  -16,  -44,  -32,  -28,   -4,   -8,  -24,
     -12,   -4,  -32,   -4,  -20,  -48,  -12,   -8,  -12,   -8,   -4,  -24,  -28,  -16,   -4,   -8,
      -8,   -8,  -24,  -16,  -36,   -4,   -8,   -4,  -10,   -4,  -12,  -12,   -4,   -8,   -4,   -8,
      -4,  -16,   -4,   -8,   -4,   -6,  -10,   -8,   -4,   -8,   -8,   -4,   -8,   -4,  -14,   -4,
     -20,   -4,   -6,   -6,   -4,   -4,  -20,   -8,   -4,   -8,   -4,   -8,   -8,   -8,  -12,   -8,
       4,   12,   -4,    8,   -8,   -6,   -4,   -6,   -4,   -4,   -8,   -4,   -4,   -4,    4,   -8,
      -8,   -8,   -8,   -8,   -8,   -6,   -6,  -30,   -8,  -14,   -8,   -8,   -4,   -4,  -16,   -4,
      -8,   -8,   -8,   -8,  -48,  -48,   -8,  -16,   -4,  -20,   -8,  -20,  -28,  -16,   -6,  -16,
     -10,   -4,  -20,   12,   -4,   -4,  -48,   -8,   -4,  -12,  -12,  -12,  -16,   -4,   -4,  -16,
      -8,   -8,  -12,  -36,  -12,  -20,  -16,   -8,  -16,  -12,  -12,  -16,   -8,   -2,   -8,  -12,
     -12,   -8,   -8,   -8,   -4,  -16,   -8,   -6,   -4,   -6,   -2,   -4,   -4,   -6,  -16,   -2,
       8,   -8,  -12,   12,   12,    8,   -8,   20,  -16,   18,   16,   24,   16,  -20,   20,    4,
      12,    6,   -4,   -6,   12,   -8,   -8,   -8,  -16,  -40,   -8,   -4,   -6,  -14,   -4,   -4,
      -8,   -6,  -14,   -6,   -2,   -4,   -4,   -8,   -4,   -4,   -4,  -12,  -28,  -20,   -6,   -6,
      -4,   -6,   -6,   -6,   -6,   -8,   -4,    8,   -8,   -8,   -4,  -20,   -8,  -12,   -4,   -4,
      -8,   -8,   -8,   -8,   -8,  -20,   -8,   -4,   -4,   -6,  -12,   -6,   -6,   -8,   -4,  -16,
      -8,   -4,   -4,   -4,  -16,   -6,    2,   -4,   -4,   -4,    4,   -2,   -8,  -12,   -6,   -4,
       4,  -20,    4,   -4,   -4,  -20,   -8,   -2,   -4,   -8,   -8,   -8,   -8,  -16,  -28,   -8,
      -4,   -6,  -14,   -4,   -4,   -8,   -6,  -14,   -6,   -2,   -4,   -4,   -8,   12,    8,    8,
      10,  -16,   20,  -12,   18,   18,   24,   18,  -24,   20,    4,   12,   -4,    6,   -8,  -12,
       8,   -4,  -16,   -6,    2,   -4,   -4,   -4,   -2,   -8,   -4,   -8,   -8,   -8,   -4,   -6,
     -12,   -8,   -8,   -4,   -8,   -4,  -12,   -4,   -8,   -4,  -28,  -14,   -4,   -8,   16,   -8,
       8,    8,   32,    6,   12,   -8,   12,   22,   -6,   22,   22,   28,   -4,   24,  -20,   26,
       8,   16,   10,   -4,   -6,    6,    4,   12,   -8,    8,  -28,  -24,  -28,    4,  -28,   -4,
     -44,   -4,  -14,  -18,  -20,   -4,   -4,   -4,  -24,   -8,  -40,  -22,  -12,   -4,   -8,   -8,
      -8,   -8,  -20,  -20,   -6,   -8,   12,   12,    8,  -10,   20,  -10,   18,   16,   24,   16,
     -20,   20,    4,   12,    6,   -4,   -6,    4,   12,   -8,  -20,   -8,  -16,   -8,  -12,  -12,
     -24,  -28,  -28,  -36,  -36,  -36,  -28,  -28,   -8,  -24,  -24,  -24,   -8,   -8,  -28,   12,
     -28,  -28,  -24,  -16,  -24,  -16,  -28,   -8,  -20,  -16,   -8,   -8,   -8,   -8,   -8,  -28,
       4,    8,  -56,  -12,  -28,  -24,    8,  -12,   28,   16,   12,   20,   20,   12,  -16,  -56,
     -36,   -4,   -4,   -4,  -20,  -56,  -16,    8,  -28,  -24,   -4,   -4,   16,   16,   -8,   16,
      20,   24,   20,   20,   16,   16,    8,  -56,   26,   28,  -12,   -6,   -6,
};

static const EpdLigaturePair notoserif_12_italicLigaturePairs[] = {
    { 0x00660066, 0xFB00 }, // f f -> U+FB00
    { 0x00660069, 0xFB01 }, // f i -> U+FB01
    { 0x0066006C, 0xFB02 }, // f l -> U+FB02
    { 0xFB000069, 0xFB03 }, // U+FB00 i -> U+FB03
    { 0xFB00006C, 0xFB04 }, // U+FB00 l -> U+FB04
};

static const EpdFontData notoserif_12_italic = {
    notoserif_12_italicBitmaps,
    notoserif_12_italicGlyphs,
    notoserif_12_italicIntervals,
    18,
    34,
    27,
    -8,
    true,
    notoserif_12_italicGroups,
    13,
    nullptr,
    nullptr,  // kernLeftClasses: built-in fonts use the split arrays below
    nullptr,  // kernRightClasses
    notoserif_12_italicKernLeftCodepoints,
    notoserif_12_italicKernLeftClassIds,
    notoserif_12_italicKernRightCodepoints,
    notoserif_12_italicKernRightClassIds,
    nullptr,  // kernMatrix: built-in fonts use the sparse form below
    notoserif_12_italicKernRowOffsets,
    notoserif_12_italicKernSparseCols,
    notoserif_12_italicKernSparseValues,
    551,
    557,
    103,
    90,
    notoserif_12_italicLigaturePairs,
    5,
};
