/**
 * generated by fontconvert.py
 * name: notosans_18_regular
 * size: 18
 * mode: 2-bit  compressed: true
 * Command used: fontconvert.py notosans_18_regular 18 ../builtinFonts/source/NotoSans/NotoSans-Regular.ttf --2bit --compress --pnum --zopfli
 */
#pragma once
#include "EpdFontData.h"

static const uint8_t notosans_18_regularBitmaps[37937] = {
    0xDD, 0x9A, 0x3D, 0xAC, 0xE5, 0xC6, 0x75, 0xC7, 0xFF, 0x24, 0xB3, 0x22, 0x64, 0x22, 0x19, 0x15,
    0xD9, 0x08, 0xF0, 0x02, 0xA1, 0xCB, 0xC4, 0x01, 0xCC, 0xD6, 0xCD, 0xBE, 0x21, 0x22, 0x24, 0x2A,
    0x5C, 0x64, 0x8B, 0x7D, 0x52, 0xB1, 0x85, 0x5A, 0x43, 0x02, 0xB2, 0x4D, 0x8A, 0x14, 0xDE, 0x37,
    0x8C, 0x1A, 0x17, 0x2A, 0xBC, 0x45, 0x94, 0x22, 0x4D, 0x52, 0x24, 0x81, 0xFC, 0xB6, 0x50, 0x93,
    0x22, 0x1F, 0x4F, 0x97, 0x13, 0xA8, 0x4C, 0x61, 0xC6, 0x86, 0xE3, 0xD2, 0x14, 0xAC, 0x20, 0x90,
    0x5D, 0x88, 0x76, 0x98, 0x88, 0xBB, 0x4B, 0xF2, 0x64, 0xFE, 0x67, 0xEE, 0xC7, 0x5E, 0x4B, 0xDA,
    0xA7, 0x8F, 0x55, 0x02, 0x98, 0x8F, 0xF3, 0x9B, 0x7B, 0x2F, 0xCF, 0x9C, 0x73, 0xEE, 0x99, 0xC3,
    0x19, 0xCE, 0xDC, 0x57, 0x79, 0xBB, 0xFD, 0xAB, 0x7C, 0xD5, 0xC4, 0xBF, 0xB2, 0x29, 0xEB, 0xF8,
    0x67, 0xF8, 0x07, 0x83, 0x2B, 0x00, 0x10, 0x68, 0xBD, 0xEB, 0x6C, 0x67, 0xFD, 0x15, 0xB8, 0x74,
    0x72, 0xE9, 0x1C, 0x78, 0x96, 0x4C, 0x27, 0x3C, 0xC7, 0x13, 0x8C, 0xD7, 0x79, 0x0E, 0xE1, 0x04,
    0xBE, 0x16, 0xFE, 0x00, 0x8B, 0x13, 0x20, 0x14, 0xF2, 0x0E, 0xAE, 0x07, 0x5E, 0xE0, 0x5B, 0xCA,
    0x8B, 0xC0, 0x19, 0x73, 0xE0, 0x14, 0xFE, 0x0A, 0x09, 0xC7, 0xAC, 0x5C, 0x9E, 0xBA, 0xF7, 0xE0,
    0xDE, 0x83, 0x37, 0x90, 0x0D, 0xD9, 0x00, 0x64, 0x7D, 0xD6, 0x07, 0x76, 0x59, 0x07, 0xE4, 0x3E,
    0x0F, 0x2C, 0x7C, 0xE1, 0x71, 0xF5, 0xA5, 0x1F, 0xBE, 0xF4, 0xC3, 0x1B, 0x96, 0xF2, 0x43, 0x24,
    0xAA, 0xE0, 0x2E, 0x50, 0xA1, 0x52, 0xB3, 0x36, 0x9A, 0x55, 0x5E, 0xA7, 0xF1, 0xF0, 0x87, 0x60,
    0xFA, 0x62, 0x6F, 0x1C, 0x37, 0x00, 0xA4, 0xC3, 0x11, 0x5A, 0x89, 0xAE, 0xD4, 0x95, 0x3C, 0x14,
    0xD8, 0x57, 0x87, 0x2F, 0xA3, 0xE5, 0x85, 0xCD, 0x1E, 0x8E, 0xB0, 0xDF, 0x0F, 0xA8, 0x24, 0xA0,
    0x90, 0xFB, 0xDA, 0xAC, 0x07, 0x72, 0x59, 0x80, 0xF4, 0xA1, 0xD4, 0x41, 0x95, 0xF3, 0x01, 0x46,
    0xD1, 0xED, 0x50, 0xFA, 0xBF, 0x4F, 0x87, 0xB6, 0x69, 0x45, 0x04, 0x01, 0x13, 0xAE, 0x89, 0x34,
    0xD1, 0xEE, 0x31, 0x8E, 0x8F, 0x84, 0x42, 0x17, 0x54, 0x3F, 0x30, 0x54, 0x30, 0xDF, 0x9F, 0x55,
    0xA8, 0xAC, 0x2F, 0x90, 0xF7, 0x31, 0xC2, 0xC6, 0xC7, 0xBA, 0x6C, 0x10, 0x18, 0xBF, 0x3C, 0xEB,
    0x3B, 0xDB, 0x7A, 0x8E, 0x75, 0x3A, 0xC6, 0x3A, 0xEB, 0xAF, 0xAA, 0x7C, 0xF1, 0x2F, 0xD2, 0xA3,
    0xC2, 0x1D, 0xF3, 0x6D, 0x99, 0x60, 0x9A, 0xD9, 0x9A, 0x6E, 0x41, 0xF1, 0x70, 0x3A, 0x33, 0xCD,
    0x09, 0x32, 0xE9, 0xE7, 0xB2, 0xB6, 0xC0, 0xCB, 0xC9, 0x18, 0x83, 0x9A, 0x0D, 0x15, 0x18, 0xE2,
    0xA2, 0xB3, 0x5A, 0x1B, 0x1F, 0x6B, 0x5E, 0x65, 0x7D, 0x82, 0x28, 0x37, 0x43, 0xDB, 0x25, 0xD4,
    0x79, 0xC2, 0x66, 0xA1, 0xC5, 0x02, 0xE4, 0x1D, 0x32, 0x99, 0xA0, 0xCE, 0x32, 0x5E, 0x31, 0xA1,
    0xF6, 0x47, 0x1E, 0x3F, 0xAB, 0x64, 0x61, 0xD5, 0xFE, 0x54, 0x58, 0xAD, 0xB0, 0x0D, 0x90, 0xCC,
    0xA8, 0xBC, 0x2A, 0x2C, 0x59, 0xCD, 0x5A, 0x61, 0xE6, 0x35, 0x8A, 0xB4, 0x94, 0x74, 0xBF, 0xBF,
    0x68, 0xF3, 0xF7, 0x47, 0x56, 0x46, 0x3A, 0x56, 0x85, 0x90, 0x70, 0x52, 0xE3, 0x6A, 0x9D, 0x8A,
    0xEB, 0x61, 0xEB, 0x62, 0x36, 0x13, 0x2C, 0x4C, 0x9F, 0x85, 0x96, 0xD4, 0x2B, 0xCD, 0x42, 0x4D,
    0xF6, 0x9D, 0x39, 0x5C, 0x85, 0x79, 0x38, 0xB2, 0x4A, 0x65, 0x50, 0xF5, 0xE2, 0x29, 0x92, 0x48,
    0x8F, 0x72, 0x44, 0xA9, 0xD9, 0x71, 0x2E, 0xBF, 0x10, 0xA4, 0x4C, 0x92, 0xD6, 0xE3, 0xB6, 0x8C,
    0xA8, 0x06, 0xE0, 0xA6, 0xDA, 0x71, 0xEE, 0xEC, 0xE4, 0xE4, 0xE4, 0xFA, 0xF5, 0xEB, 0x30, 0x41,
    0x21, 0xB0, 0xA1, 0xB3, 0xD9, 0x84, 0x7C, 0x40, 0xD1, 0xC3, 0x74, 0x28, 0xA9, 0x4E, 0xAD, 0xD5,
    0xBC, 0xEE, 0x3E, 0xE6, 0xB4, 0x35, 0xCF, 0xAA, 0x09, 0xF2, 0x6C, 0x65, 0x7A, 0x6A, 0xC8, 0x46,
    0x6A, 0xC3, 0x0A, 0xB6, 0x2C, 0x9B, 0x3B, 0xB1, 0xF6, 0xBB, 0xAB, 0x93, 0x5E, 0x5D, 0x54, 0xA0,
    0x3D, 0x68, 0xA1, 0xB1, 0xEA, 0x97, 0xCF, 0x23, 0x0F, 0x36, 0x6C, 0x15, 0xFD, 0xCC, 0xD4, 0xCF,
    0xD2, 0xF3, 0xE2, 0x19, 0x73, 0xEF, 0x0D, 0x62, 0x3E, 0x02, 0xA6, 0x2D, 0x4E, 0xEA, 0x31, 0xEF,
    0xED, 0xF2, 0x40, 0x06, 0xC7, 0xFB, 0xEF, 0xCA, 0x2B, 0xEB, 0xEB, 0x35, 0x72, 0x61, 0xF4, 0x7F,
    0xDC, 0x00, 0xD5, 0x1F, 0x75, 0x80, 0x0B, 0x9E, 0x61, 0xCD, 0x82, 0xF2, 0x39, 0x5D, 0x80, 0x3F,
    0xC5, 0x3E, 0xBB, 0x7F, 0x93, 0xB8, 0xB8, 0x0C, 0x5F, 0x3D, 0x5F, 0xCF, 0xFF, 0x86, 0xF7, 0xF7,
    0xA4, 0x88, 0x17, 0x2E, 0x47, 0x72, 0xA3, 0x18, 0xCC, 0x60, 0xBA, 0xD2, 0x97, 0xBE, 0xAA, 0x79,
    0x67, 0x7C, 0x0B, 0x2F, 0x9F, 0xDF, 0x6D, 0xA5, 0x0F, 0xE7, 0xD5, 0xD3, 0xFA, 0xD1, 0x71, 0x8C,
    0xF9, 0x1C, 0x93, 0xB2, 0x6A, 0x34, 0x66, 0x70, 0xD0, 0xA0, 0x60, 0x8E, 0xDF, 0x38, 0x1D, 0x35,
    0x87, 0x19, 0x64, 0x98, 0xC7, 0x8B, 0x66, 0x51, 0x94, 0x41, 0x54, 0xD1, 0x72, 0x27, 0x8A, 0x28,
    0x1A, 0x8F, 0x4A, 0x6A, 0x24, 0x1C, 0xB1, 0x72, 0x79, 0x73, 0x86, 0x19, 0x92, 0x95, 0x82, 0x2E,
    0xF6, 0x94, 0xF6, 0xA9, 0xA3, 0x95, 0x0D, 0x75, 0x6C, 0xA8, 0x6C, 0xD9, 0x61, 0xF8, 0x38, 0xF4,
    0x2A, 0xA7, 0x2D, 0x1C, 0xA1, 0x5A, 0x98, 0x42, 0x5E, 0x3B, 0xD3, 0x0C, 0x10, 0x64, 0xEB, 0xAD,
    0x85, 0x76, 0x47, 0x7A, 0xD0, 0x30, 0x48, 0x08, 0x98, 0x90, 0xCF, 0xA8, 0x66, 0xC8, 0x9C, 0x2F,
    0x73, 0xF5, 0xCE, 0x5C, 0xFD, 0xD9, 0xFC, 0x74, 0x32, 0xE3, 0x33, 0x9F, 0x7A, 0xDC, 0x96, 0x06,
    0x39, 0x2D, 0x55, 0xF2, 0xE6, 0x0A, 0xDB, 0x41, 0xF0, 0xEB, 0x88, 0xB7, 0x6B, 0xE5, 0x03, 0xCA,
    0x63, 0x30, 0x44, 0x1A, 0x4E, 0xB4, 0x74, 0x69, 0x01, 0x98, 0x8C, 0x80, 0x19, 0xF8, 0x39, 0x25,
    0x84, 0x1F, 0xCD, 0x97, 0x7D, 0xD4, 0x32, 0x0F, 0x0F, 0xD8, 0xF9, 0xD2, 0xD1, 0x97, 0x19, 0x56,
    0xEE, 0x09, 0xAA, 0xBB, 0x68, 0xFD, 0xD3, 0x5B, 0x37, 0x4C, 0x77, 0x0C, 0xBF, 0x57, 0x04, 0x20,
    0x04, 0x0B, 0x56, 0x3A, 0xE2, 0xDD, 0x90, 0x88, 0x6F, 0x0A, 0x78, 0x41, 0x9B, 0xF5, 0x88, 0xD9,
    0xC0, 0xFE, 0x8E, 0x88, 0x6F, 0x0B, 0xC2, 0xF4, 0x7F, 0x02, 0x38, 0xEF, 0xDE, 0xBB, 0x25, 0xB5,
    0x13, 0x59, 0x38, 0xCC, 0xF7, 0xC0, 0x15, 0x46, 0x9B, 0x31, 0xD8, 0xAB, 0x49, 0x84, 0xCC, 0x94,
    0xC5, 0x8F, 0xC9, 0xF2, 0xAF, 0x48, 0x5B, 0x92, 0x33, 0x99, 0x4E, 0x64, 0x36, 0x90, 0xC6, 0x93,
    0x55, 0x4D, 0x3A, 0x90, 0x33, 0x99, 0x8E, 0x64, 0xDE, 0x93, 0xC6, 0x93, 0xB6, 0x56, 0x4A, 0x38,
    0x9A, 0x47, 0x19, 0xA3, 0xFD, 0x78, 0x1A, 0x3A, 0x7C, 0x40, 0xEC, 0xA2, 0xE6, 0x08, 0x55, 0x7D,
    0x04, 0xFB, 0x07, 0x37, 0x40, 0x63, 0x77, 0x89, 0x09, 0xBF, 0xF1, 0xFA, 0xED, 0x95, 0xBA, 0x44,
    0xAF, 0x69, 0xF3, 0x8F, 0x88, 0x74, 0xEC, 0x75, 0xC2, 0xD5, 0x7F, 0x8D, 0x44, 0xD0, 0xFE, 0x6D,
    0xB8, 0x13, 0x5A, 0xF6, 0x59, 0x29, 0x6C, 0x7A, 0x35, 0x94, 0x78, 0x24, 0xED, 0x0A, 0x94, 0x12,
    0xD0, 0x3E, 0x38, 0x47, 0x2A, 0x8C, 0xF5, 0xA4, 0x61, 0xDE, 0xE9, 0xB1, 0x35, 0x01, 0x2A, 0x23,
    0x36, 0xC9, 0x3F, 0xD5, 0xD8, 0x54, 0x32, 0x62, 0x69, 0x65, 0x45, 0xA8, 0xA5, 0xD6, 0x51, 0x5C,
    0x68, 0x7C, 0x0D, 0x88, 0xF7, 0xD3, 0x5B, 0xC4, 0x86, 0x70, 0xFC, 0x8C, 0x43, 0x7F, 0x57, 0x51,
    0xCE, 0x0C, 0x68, 0xEB, 0x7C, 0xBD, 0xB5, 0x22, 0xD1, 0x21, 0xA7, 0x12, 0xBA, 0x7C, 0xF3, 0x91,
    0xF4, 0x1A, 0x15, 0xFB, 0x0E, 0xEF, 0xF6, 0x9E, 0x34, 0x84, 0x3A, 0x41, 0x30, 0x8F, 0xD3, 0x39,
    0x20, 0xFB, 0x38, 0x59, 0x75, 0x78, 0xDD, 0x8D, 0xAC, 0x19, 0x91, 0x1F, 0xCB, 0x56, 0x7B, 0xD9,
    0x36, 0xCA, 0x1E, 0x06, 0x91, 0xBB, 0x48, 0xE9, 0x5F, 0xB1, 0xDE, 0x13, 0x94, 0x3D, 0xDA, 0x9A,
    0x43, 0xBB, 0x67, 0xEF, 0x13, 0x26, 0xBE, 0xD2, 0xD9, 0xC6, 0x84, 0xAB, 0xC8, 0x97, 0x94, 0xB7,
    0xFF, 0xFB, 0x03, 0x60, 0x99, 0x0C, 0x4E, 0x3A, 0xA4, 0xE2, 0x26, 0x98, 0x31, 0x15, 0xDA, 0x71,
    0x1C, 0x76, 0xCA, 0xFD, 0x88, 0x93, 0x0F, 0x0A, 0xBE, 0x1D, 0x5A, 0x8D, 0x50, 0x50, 0xE5, 0xCB,
    0xFB, 0x2F, 0x48, 0x9D, 0x33, 0x37, 0xE2, 0x43, 0x4F, 0x72, 0x13, 0xDB, 0xE3, 0x1A, 0x95, 0xD2,
    0xA1, 0x4C, 0xEE, 0xAD, 0x28, 0x46, 0xB4, 0x75, 0xD9, 0xA1, 0xA2, 0x07, 0xA6, 0xB3, 0x75, 0x50,
    0x65, 0x81, 0x4C, 0x31, 0x46, 0xD4, 0x44, 0x83, 0x7C, 0xA4, 0xC8, 0x68, 0x46, 0xB8, 0x31, 0x97,
    0x7B, 0x1F, 0x8C, 0x89, 0xC8, 0x0F, 0x46, 0x94, 0x6B, 0x36, 0x30, 0x1E, 0x8A, 0xFE, 0xC3, 0xB1,
    0x6B, 0x19, 0xB1, 0x05, 0xE9, 0x69, 0x3B, 0x22, 0x13, 0xE9, 0x02, 0x18, 0xF0, 0x53, 0x00, 0x5F,
    0x3A, 0x1A, 0xDE, 0x3F, 0x7C, 0x3C, 0x3A, 0xFC, 0xA7, 0x8D, 0x19, 0xCA, 0xB1, 0x1C, 0xCC, 0x90,
    0xD4, 0x1F, 0x29, 0x5B, 0x9B, 0x9E, 0x13, 0x09, 0x23, 0x6B, 0x71, 0x86, 0x0B, 0xFC, 0xC3, 0x7E,
    0xFE, 0x4A, 0x26, 0x7A, 0x14, 0x90, 0x30, 0x14, 0xE5, 0xBA, 0x7B, 0xB1, 0xF0, 0x45, 0x17, 0x5F,
    0xC0, 0x76, 0xC4, 0xBB, 0x01, 0x85, 0xD0, 0x82, 0x63, 0xA3, 0x9C, 0x97, 0x51, 0xAD, 0x01, 0x29,
    0x9B, 0xA8, 0x96, 0xA8, 0x0F, 0xBF, 0x76, 0xF5, 0xF4, 0xF4, 0xB4, 0x96, 0x70, 0x74, 0x8A, 0x53,
    0xBE, 0xC5, 0x47, 0x1C, 0xCC, 0x42, 0xBF, 0x97, 0xF3, 0xCF, 0xF0, 0xB3, 0xEB, 0x04, 0x4D, 0xD2,
    0x78, 0x74, 0x23, 0x7A, 0x16, 0x5D, 0x43, 0xB1, 0x6A, 0x4B, 0x7D, 0x49, 0x6B, 0x55, 0xC0, 0x53,
    0x14, 0xA2, 0x5B, 0x85, 0x34, 0x41, 0x6C, 0xA4, 0x63, 0x35, 0x60, 0x29, 0x74, 0x42, 0x71, 0xD5,
    0x0C, 0xF5, 0x75, 0xE5, 0x6D, 0xDE, 0xD9, 0x55, 0x86, 0xAF, 0xF1, 0x3E, 0x8C, 0x89, 0xCB, 0xB2,
    0x3C, 0x32, 0x0B, 0x4E, 0x71, 0x50, 0xE6, 0xED, 0x2F, 0x31, 0xAD, 0xF9, 0x36, 0x0E, 0x5F, 0xA1,
    0x6C, 0x6F, 0x92, 0xAB, 0x38, 0x1C, 0x4F, 0x33, 0x30, 0x4D, 0x1C, 0x18, 0x59, 0xF8, 0x9A, 0x9F,
    0x01, 0xAF, 0xBC, 0xB7, 0x4D, 0x77, 0x19, 0xA3, 0x03, 0xAD, 0x30, 0x17, 0xEE, 0x03, 0xAE, 0x8B,
    0x72, 0xF9, 0x48, 0xEB, 0x34, 0x1D, 0x6F, 0x34, 0x38, 0xCE, 0xBF, 0x57, 0x6F, 0x06, 0x63, 0xC6,
    0x27, 0x22, 0xDE, 0x34, 0x55, 0x5D, 0x88, 0x74, 0x85, 0xB7, 0xA8, 0xBA, 0xA2, 0xCB, 0xFD, 0x09,
    0x65, 0x7C, 0xD6, 0xDD, 0xC1, 0x5B, 0x5A, 0x5F, 0x60, 0x66, 0xDD, 0x5F, 0x60, 0x82, 0x09, 0xF5,
    0x9C, 0x68, 0xDD, 0xC5, 0x3A, 0xF7, 0x33, 0x58, 0x17, 0x9E, 0x72, 0x55, 0xD0, 0x77, 0x81, 0x4D,
    0x30, 0x5F, 0xE1, 0x0E, 0xEC, 0xBF, 0xFF, 0xCF, 0xFD, 0x95, 0x4F, 0xDE, 0xD2, 0xC9, 0x04, 0x8B,
    0x74, 0xE5, 0x14, 0xA3, 0x03, 0x65, 0x4C, 0x59, 0x1E, 0xD1, 0x2F, 0xED, 0x83, 0x6D, 0x34, 0xED,
    0x7D, 0xDC, 0xE2, 0x67, 0x5C, 0x6B, 0x44, 0x9F, 0x85, 0x21, 0xDF, 0xE6, 0x2F, 0x2F, 0xF4, 0xA4,
    0x19, 0xC8, 0x72, 0x24, 0xED, 0x4C, 0x9E, 0x28, 0xDF, 0x3A, 0x23, 0x67, 0xAB, 0xDF, 0xDA, 0xD6,
    0x34, 0x10, 0x27, 0x0A, 0xE3, 0xD9, 0x34, 0x3E, 0x7E, 0xE4, 0x1A, 0x73, 0x9A, 0xAE, 0x9A, 0x74,
    0x02, 0xAC, 0x76, 0x4E, 0x7B, 0x7A, 0xBA, 0x00, 0x12, 0x0E, 0x24, 0xCA, 0x74, 0x3D, 0x3F, 0x6F,
    0x1B, 0x8A, 0x95, 0x3E, 0x3E, 0xE2, 0x98, 0x9E, 0xF7, 0x3C, 0x15, 0xE6, 0x43, 0x45, 0xB5, 0x13,
    0x4D, 0xA4, 0xB3, 0xA3, 0xD1, 0x65, 0x25, 0x57, 0x27, 0x0F, 0x6A, 0x70, 0x7A, 0x23, 0xC4, 0x3B,
    0x24, 0xAD, 0x8E, 0xA3, 0x43, 0x40, 0x3E, 0x06, 0x64, 0xC7, 0x28, 0x78, 0xA1, 0xEC, 0xDC, 0xE9,
    0x0B, 0x3A, 0x2B, 0x8E, 0xB1, 0x2D, 0xDF, 0x76, 0xBB, 0x66, 0x19, 0x0D, 0xA4, 0x44, 0xB2, 0x1C,
    0x41, 0x2F, 0xE4, 0x44, 0x35, 0xD0, 0x5A, 0x47, 0x50, 0xCB, 0xBB, 0xD8, 0x1D, 0xB7, 0xF9, 0xBA,
    0xE0, 0xC7, 0xB0, 0x81, 0x9A, 0xF7, 0x7F, 0x8C, 0x6C, 0x85, 0xE6, 0x39, 0x69, 0x7A, 0xB2, 0xF2,
    0x87, 0x49, 0xD8, 0xD5, 0x4A, 0x02, 0xED, 0xE5, 0x8C, 0xF2, 0x6C, 0x4B, 0x7A, 0xB2, 0xEA, 0x0E,
    0x9D, 0x94, 0x2F, 0x64, 0x2A, 0x0D, 0xD7, 0x34, 0xED, 0x7A, 0x6F, 0xD1, 0x9C, 0x0D, 0xE4, 0x20,
    0xCD, 0x71, 0xE4, 0x26, 0xC0, 0xA0, 0x91, 0xB2, 0x28, 0xA5, 0x83, 0xC3, 0x95, 0x76, 0x0C, 0x44,
    0xB1, 0x90, 0x89, 0x90, 0x70, 0x0D, 0x59, 0x79, 0xB2, 0xEC, 0x48, 0xD3, 0x93, 0xC5, 0x70, 0x60,
    0xFE, 0x08, 0x8B, 0x63, 0x46, 0xF9, 0x7D, 0x5B, 0xEB, 0xF7, 0x3A, 0x13, 0xD9, 0xDB, 0x4A, 0x68,
    0x97, 0x3E, 0x90, 0xAB, 0x26, 0xE0, 0xDD, 0xE8, 0x1B, 0xDF, 0x6B, 0x01, 0xF0, 0xD8, 0x72, 0x7A,
    0x7A, 0x33, 0xC8, 0xCD, 0x2C, 0x7C, 0x7D, 0xA9, 0x3C, 0x8B, 0xEA, 0x8E, 0xE5, 0x72, 0x5B, 0x8F,
    0xB1, 0x77, 0x7E, 0xFE, 0x06, 0x3F, 0xFB, 0xA4, 0xE5, 0x90, 0x27, 0xF7, 0x81, 0x3C, 0x6E, 0x17,
    0x04, 0xF6, 0x08, 0x79, 0x93, 0xFB, 0x4C, 0x1E, 0xC9, 0x93, 0xE1, 0x53, 0xE4, 0x49, 0x25, 0xD3,
    0x31, 0x79, 0xB3, 0xB8, 0x9A, 0xB4, 0x8D, 0xD2, 0x93, 0x65, 0x47, 0x9A, 0x91, 0xCC, 0x17, 0x32,
    0x95, 0x26, 0x10, 0xED, 0x7A, 0xDE, 0x4E, 0x28, 0x85, 0x29, 0x92, 0xB4, 0x7C, 0x88, 0x42, 0x72,
    0x1A, 0x6D, 0x99, 0xD8, 0xFB, 0x9F, 0x95, 0x61, 0xCE, 0xB8, 0xED, 0xD9, 0xBF, 0xB2, 0x65, 0x88,
    0xD8, 0xF9, 0x9B, 0xF1, 0xEA, 0x93, 0x20, 0x1F, 0x84, 0x86, 0x6B, 0x72, 0x37, 0x99, 0xF1, 0x79,
    0xCE, 0xA7, 0xD6, 0x3A, 0xAA, 0xE2, 0x14, 0x5F, 0x0C, 0x4F, 0xFA, 0xD4, 0x35, 0xB7, 0xF5, 0x22,
    0x8D, 0xAC, 0x68, 0x75, 0xB8, 0xD0, 0x41, 0x85, 0xCC, 0x27, 0xD2, 0xF4, 0xA4, 0xF5, 0xA4, 0x20,
    0x30, 0x9B, 0xC9, 0x62, 0x20, 0x2B, 0x4F, 0xB6, 0x75, 0x60, 0x68, 0x13, 0x98, 0x8F, 0x64, 0xD9,
    0x93, 0x56, 0x29, 0x23, 0xF9, 0x70, 0x26, 0xFF, 0x4D, 0x48, 0xB4, 0x0D, 0x69, 0x3B, 0xD2, 0x0C,
    0x64, 0x3E, 0x91, 0xE9, 0x42, 0x42, 0x70, 0xB0, 0x58, 0xF6, 0x64, 0x31, 0x92, 0xD9, 0x4C, 0x42,
    0xC8, 0x2F, 0xB2, 0x1C, 0xDF, 0x83, 0x3D, 0x38, 0x1E, 0x38, 0x26, 0xBD, 0x59, 0xDC, 0xC8, 0xCE,
    0x5D, 0xDC, 0xCC, 0xDC, 0x5F, 0xCE, 0xB6, 0xD5, 0x86, 0x13, 0xCE, 0x72, 0xC6, 0xA6, 0xF3, 0x72,
    0x66, 0x6B, 0x24, 0xD3, 0x72, 0x56, 0x35, 0xC8, 0xC6, 0xE5, 0xCC, 0x78, 0x64, 0x43, 0xA8, 0x3A,
    0x3E, 0x33, 0x72, 0xB1, 0x6F, 0xFC, 0xE2, 0xB2, 0x11, 0x65, 0xA8, 0xD2, 0x09, 0x55, 0xBD, 0x38,
    0xCC, 0xB0, 0x08, 0xD5, 0x82, 0x33, 0x56, 0x7C, 0x1F, 0x2A, 0x1B, 0xAB, 0xEA, 0xD5, 0x91, 0x55,
    0xF9, 0xF6, 0xC0, 0xCA, 0xFC, 0xA8, 0x67, 0x55, 0xFC, 0xAC, 0x63, 0x95, 0x89, 0x8F, 0x55, 0xC3,
    0x2A, 0x11, 0xB0, 0xC2, 0xB6, 0x7A, 0x8B, 0x15, 0x6F, 0xB1, 0xDE, 0x75, 0x3A, 0x0C, 0x0E, 0xCA,
    0x49, 0xB9, 0x90, 0x67, 0xA2, 0x74, 0x0D, 0x59, 0x79, 0xD2, 0x0C, 0x64, 0x3E, 0x91, 0xE9, 0x4C,
    0x42, 0x28, 0x0F, 0x57, 0x93, 0xD6, 0x93, 0xA6, 0x27, 0xF3, 0x91, 0xCC, 0x66, 0x12, 0x6B, 0x46,
    0xB6, 0xCF, 0x91, 0xF6, 0x6D, 0xB2, 0xFC, 0x09, 0x59, 0x7C, 0x40, 0x66, 0x42, 0x26, 0x4A, 0xB4,
    0x4A, 0xAB, 0x2C, 0x87, 0xC3, 0x22, 0x86, 0xB7, 0x36, 0x6F, 0xF4, 0x85, 0x32, 0xBA, 0x1A, 0x4B,
    0x43, 0x71, 0xC1, 0xA1, 0x59, 0x47, 0x1E, 0x33, 0x68, 0x06, 0x70, 0xA4, 0xC0, 0xBA, 0x5B, 0x84,
    0xC6, 0x35, 0x42, 0xED, 0x6A, 0xAA, 0x6C, 0x5A, 0xB0, 0xF2, 0x5A, 0x55, 0x97, 0x57, 0x3A, 0xEC,
    0xB3, 0x9D, 0xD5, 0xE6, 0xF5, 0x56, 0x67, 0x15, 0x2D, 0xD0, 0x5E, 0xBA, 0xEC, 0xAC, 0xA7, 0x52,
    0xD3, 0x17, 0xCE, 0x5B, 0xE2, 0xD5, 0xCF, 0xF8, 0xC4, 0x28, 0x3D, 0x58, 0xDF, 0xD4, 0xAC, 0x79,
    0x8F, 0x90, 0x91, 0x58, 0xE1, 0xF0, 0xAC, 0xD4, 0x0E, 0xBB, 0x45, 0x83, 0xDE, 0x49, 0x84, 0x86,
    0x85, 0x88, 0x6F, 0x79, 0xA1, 0xA2, 0x48, 0xDB, 0xB8, 0xD3, 0x57, 0x84, 0x6D, 0x27, 0xA2, 0x83,
    0x3B, 0xFF, 0x73, 0x4D, 0xC7, 0x4F, 0x89, 0x5F, 0x91, 0x88, 0xBE, 0x34, 0xB0, 0xA2, 0x30, 0x8F,
    0x54, 0x48, 0xA0, 0xF5, 0x24, 0x6C, 0xBC, 0x68, 0x26, 0xC4, 0xE8, 0x33, 0xF6, 0xF5, 0x3E, 0xF6,
    0x02, 0x87, 0xA7, 0xA4, 0xD1, 0x31, 0x64, 0x1F, 0x67, 0xA2, 0x18, 0x88, 0xFE, 0x28, 0xF6, 0x14,
    0x49, 0xB6, 0xFB, 0x10, 0x01, 0x3D, 0xD1, 0xC0, 0x31, 0x2A, 0x1C, 0xE4, 0x02, 0xB2, 0x29, 0x20,
    0x9D, 0x03, 0x20, 0x84, 0xAB, 0xB5, 0xD9, 0x91, 0xD2, 0x2C, 0x3E, 0x94, 0xED, 0xD6, 0x79, 0xF7,
    0x01, 0xCE, 0x28, 0x39, 0x11, 0x9C, 0xBC, 0x56, 0x97, 0x71, 0xA5, 0x4A, 0x34, 0x7B, 0xF0, 0xAD,
    0x8E, 0x94, 0x46, 0xD7, 0xB6, 0xDA, 0x5D, 0x1A, 0x84, 0x52, 0xD7, 0x8D, 0xB2, 0xEC, 0x57, 0x44,
    0xAD, 0x8A, 0x76, 0xA0, 0x49, 0xD0, 0x64, 0x04, 0xDF, 0xEA, 0x85, 0xAF, 0x33, 0xCD, 0xEC, 0x83,
    0x7B, 0x02, 0x2B, 0x32, 0x07, 0x07, 0xA4, 0x8B, 0xFB, 0x29, 0x8C, 0x86, 0xD4, 0xED, 0x23, 0x3C,
    0x9E, 0xAD, 0xFF, 0xFF, 0x79, 0xA6, 0xB3, 0x65, 0xFB, 0x7F, 0xC8, 0xFD, 0x93, 0x23, 0xF3, 0xB4,
    0x61, 0x3C, 0x98, 0x9F, 0xC2, 0x6C, 0xCA, 0x17, 0x64, 0xF2, 0xD3, 0x76, 0xD4, 0xEE, 0xEB, 0xB6,
    0xBB, 0x2A, 0x71, 0xAF, 0x65, 0xA3, 0x8B, 0x94, 0x56, 0x03, 0x6F, 0x6B, 0x46, 0x9E, 0x6D, 0xB9,
    0xEE, 0xA5, 0x36, 0xD3, 0x21, 0xEE, 0x22, 0xE8, 0x40, 0x09, 0xB4, 0xBA, 0xA0, 0x59, 0x99, 0x36,
    0x09, 0x4F, 0xBE, 0xC0, 0xA2, 0x1F, 0xB6, 0xA0, 0x80, 0xE6, 0x16, 0x9B, 0x74, 0x6C, 0x1E, 0x77,
    0xAF, 0x54, 0x61, 0x4F, 0xE5, 0x1C, 0x53, 0x69, 0x6E, 0x25, 0xA7, 0x05, 0xCC, 0xAD, 0x39, 0x10,
    0xEB, 0x44, 0xB6, 0x03, 0xE9, 0x94, 0xB6, 0x23, 0xE3, 0x3C, 0x1C, 0xD7, 0x96, 0x74, 0x2F, 0x5B,
    0xA8, 0x24, 0x28, 0xCC, 0x56, 0x3A, 0xCC, 0xC1, 0x5D, 0xA8, 0xBC, 0xF4, 0xCC, 0x28, 0xAE, 0x60,
    0x3A, 0xDD, 0x83, 0x2E, 0xBD, 0xE9, 0x51, 0x7E, 0xCF, 0xA3, 0x6A, 0x82, 0x3F, 0xD5, 0x77, 0x3C,
    0x2C, 0xFD, 0xB7, 0xDF, 0xE8, 0x61, 0xE9, 0xAD, 0xCD, 0xB7, 0x77, 0xC0, 0x59, 0x36, 0x60, 0xC3,
    0x6F, 0xF1, 0x56, 0xF8, 0x74, 0xA1, 0xA1, 0x39, 0x99, 0x03, 0xB1, 0xF0, 0x25, 0xBF, 0xDD, 0x9A,
    0x4E, 0x58, 0x82, 0x24, 0xDA, 0x20, 0xB1, 0x09, 0x05, 0x36, 0x1B, 0xE2, 0xF6, 0xB6, 0x7D, 0x3E,
    0xA8, 0xE3, 0xF7, 0xAD, 0x5E, 0xEB, 0x82, 0x91, 0x1E, 0x34, 0x19, 0x4A, 0x07, 0x98, 0xF0, 0x82,
    0x05, 0xE6, 0xFD, 0x46, 0x8B, 0xFA, 0x97, 0x87, 0x12, 0xC0, 0x9B, 0x02, 0x01, 0xEB, 0xEE, 0xC5,
    0x02, 0x2E, 0x1F, 0x03, 0x66, 0x46, 0x24, 0xDE, 0x47, 0x65, 0x53, 0x76, 0x88, 0x3B, 0xB8, 0x58,
    0xE9, 0x6A, 0x8C, 0x36, 0x1D, 0x90, 0x18, 0xE4, 0x3A, 0xF6, 0x51, 0xEC, 0xB5, 0x56, 0x77, 0x90,
    0x66, 0x2A, 0x11, 0x0D, 0xA6, 0xC4, 0x60, 0x7A, 0x65, 0x17, 0x3F, 0xD9, 0x5F, 0xCD, 0x7E, 0x3E,
    0x83, 0xAD, 0x04, 0x71, 0xBB, 0x98, 0xDA, 0x18, 0xEB, 0x4D, 0xF8, 0x8C, 0x86, 0xF2, 0x31, 0x58,
    0xA4, 0xB9, 0x42, 0xAD, 0xD3, 0x93, 0x38, 0x84, 0xDA, 0x98, 0x6C, 0xFD, 0x86, 0x6C, 0x5C, 0xAD,
    0xC9, 0xE6, 0x79, 0x95, 0x3D, 0xBE, 0x50, 0x5E, 0x9D, 0xE4, 0xF9, 0x51, 0xCD, 0x1B, 0xA7, 0x16,
    0x57, 0x5A, 0x7F, 0x67, 0xA6, 0xCF, 0xFF, 0xA5, 0xFE, 0xA8, 0x6F, 0x89, 0x44, 0x3F, 0x3D, 0x69,
    0xEB, 0xCF, 0x47, 0xCB, 0x05, 0x36, 0x31, 0x11, 0xFB, 0x4D, 0x65, 0xFA, 0x02, 0xEB, 0x8F, 0x76,
    0x9C, 0xE9, 0x47, 0x71, 0xF9, 0xC5, 0xFE, 0xE8, 0xE2, 0xFA, 0x71, 0x17, 0x45, 0x64, 0x3E, 0x40,
    0xA4, 0x8E, 0xE7, 0x0C, 0x3C, 0xD9, 0x73, 0xAF, 0xF9, 0x8C, 0xA6, 0xB7, 0xDF, 0x3A, 0xDE, 0x71,
    0x71, 0x17, 0x81, 0x29, 0xCA, 0x74, 0x49, 0xA7, 0x47, 0x76, 0x6A, 0x5C, 0x14, 0x8E, 0x29, 0x46,
    0xE1, 0x2E, 0x0A, 0x67, 0x51, 0xF8, 0xB0, 0xAD, 0xB3, 0xD9, 0x09, 0xD7, 0x51, 0xD8, 0xA8, 0xB0,
    0x95, 0xED, 0x09, 0xF3, 0x84, 0xCF, 0x83, 0x66, 0x8C, 0xFB, 0x7D, 0xD1, 0x15, 0xF1, 0x7E, 0x41,
    0xF1, 0x3D, 0xBA, 0xF0, 0x0D, 0x26, 0x7C, 0xD6, 0x03, 0x27, 0xE9, 0x00, 0x70, 0xCF, 0x06, 0x53,
    0xA8, 0xC2, 0x9B, 0x13, 0x7E, 0x81, 0x0A, 0x79, 0xD0, 0xD4, 0x18, 0x8F, 0xC2, 0x97, 0x35, 0xB2,
    0xDE, 0x02, 0xE9, 0xC8, 0xF0, 0xCC, 0x5F, 0x0D, 0x8B, 0xA0, 0xBB, 0x4C, 0x84, 0x5E, 0xF1, 0x72,
    0xCD, 0xCE, 0x32, 0xBD, 0x7E, 0xE5, 0x59, 0x23, 0x72, 0x65, 0xBB, 0x05, 0xE3, 0x44, 0x77, 0x15,
    0x57, 0xA4, 0xF7, 0xFF, 0x50, 0x80, 0xE6, 0x97, 0x7F, 0xBC, 0x30, 0xDB, 0x57, 0x5F, 0x16, 0xF1,
    0x89, 0x04, 0x14, 0xEB, 0xEB, 0xA5, 0xAF, 0x7A, 0xDE, 0x47, 0x0D, 0x51, 0x07, 0x38, 0xB6, 0xB0,
    0x34, 0x62, 0x83, 0x90, 0xAF, 0xFE, 0xFB, 0xA5, 0xF7, 0xBD, 0x11, 0x79, 0xCD, 0xA7, 0xB2, 0x14,
    0x1E, 0x57, 0x6A, 0xE0, 0x9B, 0x88, 0x3D, 0x72, 0x39, 0x4E, 0x03, 0x38, 0x75, 0x2E, 0xAD, 0xCC,
    0x90, 0xE5, 0x45, 0x81, 0x74, 0x70, 0x8D, 0xD4, 0xBB, 0xAD, 0x6D, 0xA2, 0xD7, 0x01, 0x31, 0x20,
    0x1F, 0x96, 0x3D, 0x56, 0x42, 0x2F, 0xA8, 0x48, 0x14, 0x6E, 0xD8, 0xAC, 0x43, 0xDB, 0xAC, 0xEB,
    0x2D, 0xC1, 0x4C, 0xA5, 0x13, 0xD5, 0xEB, 0x4E, 0x77, 0x5C, 0x85, 0xCA, 0x98, 0x8A, 0x8C, 0xC5,
    0xFA, 0xC2, 0x50, 0xF6, 0x31, 0xAD, 0x5D, 0x1D, 0xD3, 0x7E, 0xDD, 0x96, 0x25, 0x96, 0xFD, 0xFB,
    0x16, 0x51, 0x86, 0xB2, 0xE5, 0x80, 0x67, 0x8A, 0xF5, 0x2F, 0x55, 0x07, 0x6E, 0x4B, 0x1F, 0x15,
    0x23, 0xBD, 0x0B, 0xBA, 0x73, 0x09, 0xAE, 0xDC, 0x08, 0x68, 0xE5, 0xF9, 0x21, 0x13, 0xF9, 0xCF,
    0xC1, 0x2C, 0x2F, 0xC8, 0x50, 0xF5, 0x70, 0x1C, 0xF3, 0xAB, 0x41, 0x9F, 0x33, 0x5B, 0xE2, 0xF1,
    0xDF, 0xB6, 0x25, 0x54, 0x98, 0x5D, 0x12, 0x15, 0x98, 0xF5, 0xD6, 0x43, 0x2A, 0xFD, 0xC1, 0x00,
    0x27, 0xCF, 0x0D, 0x48, 0x6E, 0x1C, 0x1E, 0x70, 0x3B, 0xA8, 0xAF, 0xC5, 0xF2, 0xEC, 0xC2, 0x31,
    0x80, 0x63, 0x55, 0x38, 0xB5, 0x13, 0x5B, 0x76, 0xF6, 0x86, 0x90, 0x70, 0x6C, 0x11, 0x92, 0xA9,
    0xD1, 0x19, 0x54, 0xD1, 0x12, 0xEE, 0xF0, 0xB3, 0x47, 0xD0, 0x5D, 0xE7, 0xF2, 0x17, 0x6D, 0x9D,
    0x88, 0xB0, 0x93, 0xE4, 0xFE, 0x36, 0xB5, 0xF0, 0xF2, 0x5D, 0x14, 0xFA, 0xDB, 0xD8, 0x10, 0x44,
    0x6F, 0x68, 0xC3, 0x0D, 0x03, 0x79, 0x28, 0xD7, 0xE2, 0xFE, 0x56, 0x7D, 0x75, 0x65, 0xAF, 0xE3,
    0xF3, 0x17, 0xFD, 0xF5, 0xA9, 0x95, 0xE7, 0xF8, 0xD5, 0x7F, 0x12, 0xE2, 0xF9, 0xE2, 0xC3, 0xA1,
    0xFC, 0x50, 0x3C, 0x8B, 0xC7, 0xC4, 0x93, 0x38, 0x8E, 0xA7, 0x2A, 0xA0, 0x2A, 0x89, 0x9D, 0x04,
    0x27, 0xCF, 0x33, 0x9E, 0x87, 0x7E, 0x2C, 0xFA, 0xC3, 0xAF, 0x18, 0xBF, 0x5D, 0xA3, 0x6D, 0x4A,
    0x69, 0x05, 0xE5, 0x76, 0xB3, 0xA3, 0xF9, 0xD4, 0xB9, 0x3F, 0x32, 0xF7, 0x17, 0xAC, 0xEB, 0x0B,
    0xBB, 0xDC, 0x6F, 0x62, 0xEE, 0x97, 0x84, 0xF1, 0xEB, 0x1E, 0xCB, 0x67, 0xC3, 0x97, 0x74, 0x1A,
    0xB3, 0xCD, 0xD3, 0x88, 0x87, 0xAD, 0x3F, 0xD9, 0x1F, 0xD2, 0x86, 0xA3, 0x88, 0x19, 0xC8, 0xB4,
    0xC6, 0xFE, 0x78, 0x72, 0xE3, 0x22, 0x07, 0x12, 0x69, 0xAC, 0xA0, 0x9A, 0x3E, 0x45, 0xDC, 0x14,
    0xC9, 0x1A, 0x90, 0x4F, 0x01, 0xA6, 0x0F, 0xB0, 0x4D, 0xC0, 0x0A, 0x2C, 0xD9, 0x1C, 0x60, 0x86,
    0x00, 0xEB, 0x03, 0xF4, 0xBE, 0x8E, 0xBF, 0xE1, 0xF4, 0x01, 0xAF, 0x8D, 0xC0, 0xAA, 0x22, 0x10,
    0xC2, 0xB1, 0x59, 0xD5, 0x51, 0xCB, 0x10, 0x90, 0xCD, 0x3B, 0xCD, 0x68, 0xEB, 0x6F, 0x2E, 0x8F,
    0x39, 0x98, 0xF4, 0x3C, 0xE7, 0x52, 0x7A, 0xA6, 0xFD, 0xDC, 0x72, 0x2E, 0x5E, 0xB1, 0xDE, 0xBF,
    0xB5, 0x6C, 0x7B, 0x52, 0x86, 0x38, 0x90, 0x39, 0x1F, 0xFB, 0x93, 0xE9, 0xA5, 0x75, 0x1D, 0xEA,
    0x55, 0x6B, 0xA3, 0xB5, 0xF6, 0xD4, 0x17, 0x54, 0xEF, 0x9C, 0xA4, 0x87, 0xCC, 0xB2, 0xE5, 0x8B,
    0xCA, 0x32, 0x24, 0x71, 0x82, 0xE9, 0x39, 0xDC, 0x2C, 0x28, 0x42, 0x10, 0xEA, 0xB2, 0xD7, 0x49,
    0x62, 0xB7, 0xE6, 0x6A, 0xE3, 0xE3, 0xF1, 0x16, 0xD3, 0xB2, 0xC7, 0x4A, 0x6C, 0x78, 0xC1, 0xC5,
    0x67, 0xE1, 0x20, 0x5C, 0xB1, 0x99, 0xA1, 0x82, 0x9C, 0xF1, 0x4C, 0xA8, 0x14, 0xD5, 0x6E, 0x28,
    0xDF, 0xC7, 0x3E, 0x8E, 0xF1, 0xEB, 0x61, 0xE2, 0x68, 0x1E, 0x37, 0x71, 0xEC, 0x47, 0xD1, 0xE3,
    0x89, 0xA3, 0xE4, 0xC4, 0x61, 0xBD, 0xF4, 0x68, 0x1B, 0xE1, 0xC4, 0xB1, 0x50, 0x69, 0x9C, 0x97,
    0x68, 0xED, 0x93, 0x65, 0xE5, 0x47, 0x0F, 0x48, 0x4F, 0x76, 0x80, 0xFF, 0xD1, 0xF1, 0x80, 0xF4,
    0x09, 0x71, 0x3A, 0x17, 0x32, 0xDB, 0x75, 0x96, 0xEF, 0xCA, 0x08, 0xF1, 0x90, 0x1A, 0x02, 0xAC,
    0x7A, 0x2E, 0x97, 0x9C, 0xDC, 0xE3, 0x67, 0xF4, 0xDF, 0x2D, 0x44, 0xA6, 0xEA, 0x3F, 0x7E, 0x8B,
    0xBD, 0xF3, 0x8C, 0x05, 0xC0, 0xA2, 0x33, 0xE2, 0xB4, 0xFD, 0xE1, 0xAF, 0xA5, 0xF7, 0x7C, 0xE1,
    0xC6, 0xB8, 0x07, 0x90, 0xEC, 0x7F, 0x41, 0xFB, 0x0A, 0xD2, 0xD9, 0xBE, 0xFE, 0x12, 0x1F, 0x59,
    0xFB, 0x6B, 0xB2, 0xC6, 0xD5, 0xD9, 0xEF, 0x00, 0xB8, 0xE0, 0xD5, 0x58, 0xD2, 0x50, 0x2A, 0x91,
    0xC6, 0x85, 0xF2, 0xEC, 0x72, 0x5A, 0xF3, 0xFD, 0xA7, 0x29, 0x09, 0x0B, 0xAD, 0xC9, 0xEB, 0x35,
    0x9C, 0x34, 0x28, 0x43, 0x61, 0xEF, 0xF1, 0xD0, 0x5F, 0x6A, 0x3F, 0x27, 0x0A, 0xC2, 0x0C, 0xD6,
    0xB3, 0x53, 0x3A, 0x9D, 0x25, 0x42, 0xA7, 0xE4, 0xEC, 0x69, 0xB4, 0xFB, 0x59, 0x97, 0xC7, 0x4A,
    0x8F, 0x1C, 0xF3, 0x99, 0x6D, 0x63, 0x2A, 0x97, 0x01, 0x1D, 0x17, 0x6E, 0xBE, 0x18, 0x60, 0x1B,
    0xAE, 0xD3, 0x74, 0xAF, 0x9C, 0x7E, 0x33, 0xD0, 0x74, 0x7F, 0xA3, 0x3F, 0x68, 0xE9, 0x32, 0x2C,
    0xF4, 0x31, 0xCA, 0xD7, 0xFA, 0xB8, 0xD8, 0x42, 0xC1, 0x45, 0x96, 0x2E, 0xB0, 0x32, 0x81, 0xAE,
    0xA7, 0xF6, 0x87, 0x63, 0x2F, 0xC4, 0x47, 0xB3, 0x96, 0x4B, 0x42, 0xDB, 0x40, 0xBA, 0xB8, 0xE2,
    0x91, 0x1E, 0x2E, 0x5C, 0x49, 0x3E, 0x18, 0x74, 0x09, 0x93, 0xFD, 0x62, 0xD4, 0xD1, 0x32, 0xFB,
    0xF9, 0x04, 0xAE, 0x5E, 0xF2, 0x9E, 0x8B, 0xC1, 0x6C, 0x28, 0xBA, 0x39, 0xD8, 0xCD, 0x46, 0xE3,
    0xB9, 0x02, 0x4C, 0xA7, 0xB2, 0x71, 0xD9, 0x10, 0xDC, 0xAA, 0x6A, 0xCB, 0xE4, 0x99, 0x2D, 0xAA,
    0xB0, 0xB4, 0xC4, 0x72, 0x82, 0xF2, 0x3B, 0x1D, 0xB0, 0xB9, 0x13, 0x7D, 0x72, 0x17, 0xBA, 0x1A,
    0x85, 0x9D, 0xA3, 0x67, 0x76, 0x8C, 0xCE, 0x95, 0x43, 0xAC, 0xCD, 0x70, 0xF0, 0x93, 0x6B, 0xD9,
    0xD1, 0x0C, 0x34, 0x3E, 0x85, 0x37, 0xC1, 0xAC, 0xAB, 0xD1, 0x32, 0x4E, 0xF6, 0xD5, 0x19, 0x28,
    0x43, 0x5A, 0xC7, 0xD4, 0xC9, 0xD8, 0x67, 0x89, 0x7E, 0xC7, 0xB8, 0x9C, 0xF4, 0x80, 0xF9, 0x19,
    0x57, 0xA1, 0x6F, 0x4F, 0xDB, 0xFD, 0xEA, 0x05, 0x2D, 0xC7, 0x69, 0xCB, 0xC5, 0x6F, 0xD9, 0x95,
    0x1D, 0xFB, 0xA5, 0xE1, 0x27, 0x3C, 0xDA, 0x5D, 0xE4, 0x27, 0xDB, 0xC4, 0xC8, 0x17, 0x83, 0xCE,
    0x34, 0x05, 0x23, 0x9F, 0xEF, 0x22, 0xCF, 0xE4, 0x6A, 0x81, 0x99, 0x1E, 0x6C, 0x42, 0x05, 0xA7,
    0x91, 0x7F, 0x6E, 0x04, 0xAA, 0x6F, 0x0F, 0x80, 0xF9, 0xD7, 0x7E, 0xFB, 0xDF, 0x2B, 0xF9, 0xFB,
    0x01, 0x99, 0xD4, 0x5B, 0xAF, 0xD8, 0x60, 0xFF, 0xBB, 0x2C, 0xCD, 0xEC, 0x6E, 0x33, 0xD3, 0xC7,
    0xAF, 0x89, 0x7F, 0xA6, 0x6C, 0x4B, 0x09, 0xD7, 0x23, 0x1E, 0xDC, 0xDF, 0x61, 0xB9, 0x7A, 0xFA,
    0xE2, 0x1C, 0xC5, 0xE3, 0xD6, 0x83, 0xBA, 0x9B, 0x2C, 0x51, 0x4D, 0xC1, 0x0E, 0xF7, 0x71, 0x49,
    0xB2, 0x46, 0xF5, 0xD9, 0x18, 0xF5, 0x52, 0x2D, 0x7F, 0x1A, 0x6A, 0x83, 0x0E, 0x16, 0xE0, 0xF7,
    0x62, 0x22, 0x98, 0x50, 0x6C, 0xCF, 0x36, 0x97, 0xEF, 0x8F, 0x6B, 0x4E, 0x02, 0x32, 0x02, 0xF4,
    0x50, 0x06, 0xDE, 0xA3, 0xFA, 0xF9, 0xE5, 0x6D, 0xA9, 0xDF, 0xEA, 0xD6, 0xCA, 0x76, 0xC5, 0x72,
    0x1B, 0xBF, 0x7B, 0xF2, 0x49, 0x0E, 0x7C, 0x17, 0x80, 0x8E, 0x0D, 0x71, 0x48, 0x88, 0xA1, 0xDB,
    0x5C, 0x52, 0x1C, 0xA2, 0x39, 0x23, 0x31, 0xEA, 0x85, 0xC4, 0xF7, 0xEE, 0xF2, 0xB6, 0xD4, 0xCF,
    0x54, 0x68, 0xA7, 0x68, 0xF7, 0x1F, 0xD9, 0x53, 0x74, 0x82, 0x33, 0xE0, 0xD7, 0xAD, 0xC8, 0xDF,
    0x4D, 0xD7, 0x13, 0x91, 0xF1, 0x2B, 0x28, 0xA4, 0x01, 0x8F, 0xFF, 0x05, 0xDD, 0x9A, 0x3D, 0x8C,
    0xE5, 0xD6, 0x75, 0xC7, 0x7F, 0x24, 0x67, 0x86, 0xB6, 0x19, 0xE0, 0x4E, 0xB1, 0x82, 0x1D, 0x09,
    0x09, 0x53, 0xA4, 0x48, 0x04, 0x78, 0xD9, 0xA4, 0xD4, 0xCE, 0xBD, 0xB6, 0x00, 0xA7, 0xDD, 0x62,
    0x46, 0x01, 0xA2, 0xC2, 0x29, 0x54, 0x38, 0x2A, 0xB2, 0x4D, 0x0A, 0x17, 0xDA, 0x21, 0x91, 0x26,
    0x45, 0x8A, 0x4C, 0x0A, 0x3B, 0x40, 0x9A, 0xA8, 0x50, 0x00, 0x6B, 0x8C, 0xC0, 0xAD, 0x80, 0xEC,
    0x0E, 0x19, 0xB8, 0x48, 0x91, 0xC2, 0x4C, 0x90, 0xDE, 0x34, 0x24, 0xC3, 0xC8, 0xA6, 0x10, 0x9D,
    0xD0, 0x31, 0xD7, 0x22, 0x79, 0xF2, 0xCE, 0xE1, 0xCC, 0x9B, 0xD9, 0xC5, 0x40, 0x2B, 0x5B, 0x76,
    0xC6, 0x12, 0xDF, 0xBB, 0xBF, 0x3F, 0x3F, 0xEE, 0xC7, 0xB9, 0xE7, 0x70, 0xEF, 0xC7, 0xDB, 0xD9,
    0xC5, 0x37, 0xBE, 0x2D, 0x5B, 0xDF, 0x7C, 0x0E, 0x80, 0x5D, 0x9C, 0x7D, 0xF2, 0x70, 0xF1, 0x29,
    0xAA, 0x8B, 0x8F, 0x6F, 0x2E, 0x3F, 0x00, 0x44, 0xFD, 0x79, 0x1A, 0xE0, 0x05, 0x79, 0x0F, 0x91,
    0x29, 0x95, 0xF7, 0x47, 0x37, 0xB2, 0x5F, 0xB4, 0xE0, 0x2B, 0xF0, 0x01, 0x4A, 0xA0, 0x7E, 0x2A,
    0x95, 0x96, 0xD6, 0xE7, 0x5A, 0x5B, 0xDE, 0x81, 0x9B, 0xA3, 0x37, 0x12, 0x91, 0x89, 0x5A, 0x46,
    0xF6, 0x96, 0xA0, 0x75, 0x6F, 0x13, 0x77, 0x39, 0x3F, 0xEA, 0x25, 0x90, 0x89, 0xF4, 0x14, 0x3F,
    0xAB, 0x3B, 0xCA, 0x2A, 0x6A, 0xAC, 0x46, 0xE6, 0x2D, 0x26, 0xAE, 0xC7, 0x2B, 0xCB, 0xD1, 0x21,
    0xB5, 0xB6, 0x60, 0x60, 0xFA, 0xB0, 0xCC, 0xB1, 0x22, 0x19, 0x80, 0xBC, 0x05, 0x2D, 0x21, 0x93,
    0x6C, 0xB1, 0x03, 0x11, 0x77, 0x76, 0xDF, 0x72, 0x55, 0x59, 0x4A, 0x5D, 0xE5, 0x22, 0x42, 0x36,
    0xC4, 0x13, 0xAE, 0xE1, 0x21, 0x2E, 0x70, 0x40, 0x01, 0x85, 0x22, 0x5F, 0x91, 0x43, 0x81, 0xAB,
    0x38, 0x26, 0xEB, 0xA2, 0x09, 0xB7, 0xBC, 0x3A, 0xE3, 0x45, 0x24, 0x1C, 0xBF, 0xB0, 0xE4, 0xCD,
    0xEF, 0x41, 0x8A, 0x1D, 0x1E, 0x28, 0x82, 0xFA, 0xAE, 0x24, 0x6F, 0x60, 0x21, 0xEB, 0x88, 0x26,
    0x92, 0x9E, 0x64, 0x24, 0x1E, 0x49, 0x7B, 0x98, 0x70, 0x2D, 0x9C, 0x59, 0x06, 0x6F, 0x4E, 0x2C,
    0xAA, 0x12, 0x70, 0xED, 0x0C, 0xA4, 0x3F, 0x36, 0xDB, 0x7F, 0x3A, 0x00, 0x91, 0x74, 0x10, 0x9D,
    0xCA, 0xCF, 0xDE, 0x24, 0x16, 0xF5, 0x5A, 0x74, 0x5A, 0x3F, 0x7A, 0x13, 0xAC, 0xD0, 0x55, 0xAE,
    0x4F, 0x8D, 0xDB, 0xFB, 0xD7, 0xF3, 0xF7, 0x0F, 0x9E, 0x38, 0x38, 0x3F, 0x6E, 0x3D, 0x7D, 0xFB,
    0x8F, 0xDF, 0x26, 0x15, 0xE9, 0x72, 0x91, 0xDE, 0x57, 0x51, 0x77, 0x35, 0xE4, 0x85, 0x86, 0x5B,
    0x02, 0x89, 0x8C, 0xB8, 0x0F, 0x24, 0xF8, 0x50, 0x76, 0x07, 0x64, 0xC3, 0x7D, 0xE2, 0xF1, 0x3E,
    0x4C, 0x25, 0x8C, 0xBE, 0x89, 0x86, 0x7C, 0x4C, 0xFA, 0x44, 0xDE, 0x6F, 0x29, 0x25, 0x10, 0x4B,
    0x0B, 0x45, 0x8F, 0xFA, 0x81, 0xD8, 0xD2, 0x09, 0xC9, 0xB0, 0x7C, 0xE3, 0x5E, 0x2F, 0x22, 0x4D,
    0x2E, 0x8F, 0x01, 0xD8, 0x61, 0xDF, 0x33, 0x95, 0xD1, 0xB4, 0xE1, 0xE6, 0x9C, 0xED, 0xF1, 0xC2,
    0x9A, 0x21, 0x12, 0xD1, 0x8A, 0xC8, 0x46, 0xD2, 0x91, 0xCB, 0x57, 0x74, 0x02, 0x8D, 0x5E, 0xDC,
    0xF3, 0xFA, 0x49, 0xD2, 0x93, 0x36, 0x89, 0x2C, 0x0C, 0xB8, 0xE0, 0x96, 0x99, 0x37, 0xC8, 0xF1,
    0xD5, 0x0E, 0x77, 0xB8, 0x6D, 0x99, 0x73, 0xEE, 0xAC, 0x05, 0x78, 0xE9, 0x49, 0x0D, 0x2F, 0x31,
    0x3E, 0xA5, 0x76, 0x7F, 0x9B, 0xFF, 0x36, 0x0F, 0xAD, 0x7C, 0x6E, 0x0D, 0x1F, 0xE0, 0x42, 0xF1,
    0xC3, 0x7F, 0xE4, 0x0D, 0xD2, 0x26, 0x93, 0x99, 0x51, 0xE3, 0x5C, 0xBF, 0x17, 0x5B, 0x8C, 0x21,
    0x6B, 0xA1, 0x0C, 0x58, 0x56, 0xF7, 0x1E, 0x7B, 0x33, 0x10, 0xCB, 0x23, 0xE9, 0x00, 0x0A, 0x59,
    0xB0, 0xE3, 0xB9, 0xB0, 0x6A, 0x26, 0x95, 0x97, 0xFE, 0x0B, 0xD1, 0x00, 0x23, 0x8C, 0x7B, 0x32,
    0xFA, 0x47, 0xE3, 0x43, 0xC6, 0x71, 0xF3, 0x8D, 0xC6, 0xB3, 0x57, 0x47, 0xBF, 0x7C, 0x7D, 0xEF,
    0x64, 0x9F, 0x5D, 0x76, 0xC0, 0x55, 0x45, 0xC0, 0x87, 0x1A, 0x96, 0x68, 0x22, 0x9E, 0x92, 0x81,
    0xAC, 0x77, 0x1D, 0x79, 0xE3, 0xAB, 0xF5, 0x7E, 0x19, 0x16, 0x28, 0xF4, 0x32, 0xEB, 0xF3, 0x96,
    0x64, 0x4C, 0x7B, 0x58, 0xE2, 0x09, 0x7B, 0xAC, 0x19, 0x03, 0x9F, 0xE5, 0x33, 0xBC, 0x78, 0x7A,
    0x7A, 0xFA, 0x96, 0x17, 0x91, 0xD1, 0x00, 0x44, 0x0A, 0x3E, 0x1C, 0xBC, 0x7E, 0x7A, 0x52, 0x4B,
    0xB7, 0xF9, 0x3E, 0x77, 0x14, 0x7E, 0xFE, 0x20, 0x3D, 0x7F, 0x1A, 0x2C, 0x48, 0x85, 0x8C, 0x16,
    0xA4, 0x42, 0xD6, 0x20, 0x15, 0xA1, 0xD4, 0x20, 0x6D, 0xD4, 0x6B, 0x90, 0x36, 0x5A, 0x68, 0x70,
    0xEC, 0x7A, 0xD5, 0xC5, 0x82, 0x52, 0xC8, 0x74, 0xAE, 0xDD, 0xAA, 0x7F, 0xDB, 0xE3, 0x34, 0xFF,
    0x97, 0x07, 0x9C, 0x95, 0x9F, 0xC8, 0xAD, 0xBE, 0xB3, 0x35, 0x48, 0xC1, 0x5B, 0x90, 0x8A, 0x90,
    0x37, 0x1A, 0xA4, 0x3C, 0x64, 0xFF, 0xFE, 0xF3, 0x07, 0x49, 0x1D, 0x24, 0x06, 0x75, 0xDA, 0xDB,
    0x96, 0xB1, 0xCA, 0x65, 0xF0, 0x5F, 0x9A, 0x1E, 0x70, 0x30, 0x52, 0x8C, 0xE4, 0x1B, 0x6E, 0xCE,
    0x0F, 0x78, 0x58, 0xC8, 0x98, 0x4A, 0xCB, 0x2D, 0xE0, 0x10, 0xE0, 0xC1, 0xB3, 0xF0, 0xE2, 0xE9,
    0xF2, 0x44, 0x20, 0x9E, 0x5D, 0x02, 0xBE, 0xA6, 0x80, 0xA7, 0x83, 0x18, 0xC9, 0x49, 0x2E, 0x43,
    0xF1, 0x37, 0xD3, 0x67, 0xB8, 0x0F, 0x07, 0x28, 0x1F, 0x10, 0x69, 0xCF, 0xD5, 0xFF, 0x1E, 0x26,
    0x3B, 0xAD, 0xF0, 0x32, 0x6F, 0xBE, 0xCF, 0x1D, 0x1D, 0xC6, 0x72, 0x42, 0x21, 0x03, 0x9B, 0xBE,
    0xB0, 0xA3, 0xF9, 0xB5, 0x98, 0xAA, 0x0E, 0x5E, 0xD2, 0x59, 0x22, 0x9A, 0x2F, 0x86, 0x38, 0xD3,
    0x7D, 0x8E, 0x39, 0xFE, 0xE6, 0x44, 0x29, 0x03, 0x7B, 0xA7, 0x01, 0x4E, 0x89, 0x67, 0x92, 0x11,
    0xD7, 0x51, 0xE8, 0x58, 0xC9, 0x3E, 0xEB, 0x31, 0x6B, 0xDC, 0x7F, 0x71, 0xE4, 0xCD, 0x72, 0x0E,
    0xDF, 0x08, 0x94, 0x8D, 0x54, 0x48, 0x23, 0x8F, 0x5F, 0x7D, 0xBF, 0x11, 0x91, 0xEF, 0x35, 0x73,
    0x39, 0x67, 0xCD, 0xBC, 0x1B, 0xAC, 0xA1, 0x8F, 0x04, 0x76, 0x5F, 0x3F, 0x7D, 0x2B, 0x52, 0x5F,
    0x65, 0x22, 0x8F, 0xC6, 0x5C, 0xA4, 0x7A, 0xC7, 0x2B, 0x4A, 0x45, 0xAD, 0x90, 0x0F, 0x85, 0x65,
    0x29, 0xB7, 0xC5, 0x72, 0x45, 0xAA, 0xA0, 0x56, 0x90, 0xFD, 0x52, 0x90, 0x86, 0x3F, 0xD7, 0x39,
    0xBE, 0x6C, 0x7D, 0xEB, 0x9B, 0x5D, 0x92, 0x36, 0x6D, 0xDC, 0xB0, 0x37, 0xE3, 0xF1, 0x1C, 0x97,
    0x53, 0xD9, 0xF1, 0x62, 0x24, 0x99, 0xF8, 0xEF, 0xDC, 0x29, 0xF6, 0x0B, 0xAE, 0xFB, 0x3C, 0xB7,
    0xBE, 0xA5, 0x4E, 0x06, 0xCF, 0x83, 0x37, 0xB8, 0xF3, 0x0E, 0xC5, 0xFA, 0xA2, 0xBE, 0x63, 0x2F,
    0xEA, 0x1D, 0xEE, 0x17, 0xDF, 0x1C, 0x33, 0xE9, 0xF8, 0x53, 0x76, 0xD8, 0x81, 0x03, 0x1E, 0x80,
    0xAF, 0x4A, 0x70, 0x6D, 0xD1, 0x90, 0x0C, 0x4E, 0xE7, 0xAF, 0x64, 0x84, 0x9A, 0x19, 0xB5, 0x25,
    0xE8, 0xA8, 0x12, 0x28, 0x59, 0x88, 0xE6, 0x64, 0x22, 0x19, 0xB2, 0x1E, 0xD7, 0xE5, 0x0D, 0x85,
    0x3E, 0x2C, 0x99, 0xE1, 0x33, 0x7C, 0x01, 0x38, 0x06, 0x46, 0x62, 0x81, 0xB8, 0xC7, 0x09, 0xA4,
    0x1D, 0xE5, 0x3D, 0x8D, 0x29, 0x2F, 0x15, 0x50, 0x04, 0xF0, 0xDA, 0xA2, 0xC9, 0x64, 0x12, 0x0D,
    0x26, 0x49, 0x6F, 0x92, 0x35, 0x26, 0xAE, 0x52, 0xD1, 0x4F, 0xC0, 0x73, 0x9F, 0x5A, 0x65, 0x8A,
    0x64, 0x23, 0x71, 0x9F, 0xBC, 0xBF, 0x91, 0xB4, 0xCB, 0xFE, 0x3E, 0xB0, 0xEB, 0x9A, 0x3C, 0x0F,
    0x90, 0x87, 0x3B, 0x85, 0x8D, 0xCE, 0xEF, 0xA8, 0x3C, 0x88, 0xFA, 0x8D, 0x44, 0x63, 0xD2, 0x6E,
    0x24, 0xE9, 0x33, 0x91, 0x91, 0xAC, 0x75, 0x2A, 0xAE, 0xDA, 0x3D, 0xBA, 0x77, 0x42, 0x81, 0x19,
    0x73, 0x7F, 0x95, 0xC9, 0x44, 0xBF, 0x0C, 0x20, 0x5A, 0x86, 0x6C, 0x23, 0x69, 0x8B, 0xFF, 0x5E,
    0x50, 0xE3, 0x6F, 0xBB, 0x60, 0x65, 0x36, 0x72, 0xBC, 0xCA, 0x64, 0x12, 0x0F, 0x26, 0x49, 0x67,
    0x92, 0x35, 0x26, 0x79, 0x78, 0x4E, 0xC5, 0xA7, 0x36, 0x54, 0x3D, 0xF4, 0xDA, 0x6C, 0x18, 0x6F,
    0x33, 0xE1, 0x5E, 0xEE, 0xE1, 0x3E, 0xEE, 0x0F, 0xDB, 0x8D, 0xA8, 0xF1, 0xA8, 0xEF, 0x0B, 0x60,
    0x54, 0xE3, 0xCD, 0x09, 0x13, 0x64, 0xAD, 0x79, 0xC5, 0x8C, 0x87, 0x87, 0xA8, 0x57, 0xB4, 0xA5,
    0xBC, 0x42, 0x8B, 0x78, 0xF0, 0xDF, 0x38, 0x54, 0xE3, 0x4B, 0x9B, 0x81, 0x4C, 0xCE, 0x0F, 0x1D,
    0x80, 0x48, 0x1B, 0xB4, 0x51, 0xF5, 0xE2, 0xED, 0x2F, 0x4D, 0x6B, 0x03, 0x9A, 0xFD, 0xF8, 0x5C,
    0x27, 0xD0, 0x86, 0xCD, 0xF8, 0x78, 0x44, 0xAD, 0x4F, 0xA4, 0x25, 0x6B, 0x54, 0x07, 0xD4, 0xA1,
    0x44, 0x33, 0x1E, 0x00, 0xAF, 0x06, 0x98, 0x8E, 0xF1, 0xA8, 0x9A, 0xF4, 0xC9, 0xC8, 0x5D, 0xCE,
    0xD2, 0xD6, 0x8D, 0x94, 0xDF, 0x9E, 0x5C, 0x73, 0x7B, 0xA3, 0xD2, 0x17, 0xBC, 0x31, 0x12, 0xBD,
    0xCD, 0x01, 0xC3, 0x08, 0x30, 0xC5, 0x9D, 0x6A, 0x34, 0xA4, 0x8D, 0x6A, 0xD2, 0xBB, 0xA0, 0x9A,
    0x35, 0x07, 0xA8, 0xE6, 0x55, 0x29, 0x62, 0xBD, 0x59, 0xF5, 0x3E, 0xCF, 0xBD, 0x32, 0x07, 0x18,
    0xB1, 0x14, 0xF7, 0xA6, 0x1A, 0x03, 0x53, 0x6E, 0x99, 0x4D, 0xC4, 0xA2, 0x46, 0x42, 0xB4, 0x00,
    0xAF, 0x71, 0x79, 0x1C, 0x5A, 0x9F, 0x60, 0x5A, 0x93, 0xDA, 0x9A, 0xF5, 0x50, 0xB4, 0x6B, 0x44,
    0x67, 0x70, 0x3D, 0xEB, 0x02, 0x2C, 0x80, 0xE7, 0x4A, 0xAA, 0x2C, 0xDB, 0x1B, 0x4E, 0xBE, 0x33,
    0x27, 0x22, 0x33, 0xA5, 0x9C, 0x00, 0x10, 0x7F, 0x0B, 0xCE, 0x5B, 0x82, 0x32, 0x28, 0x8B, 0x46,
    0x99, 0x75, 0x4A, 0xF3, 0x1F, 0xEC, 0xF3, 0xD4, 0x61, 0x4F, 0xAD, 0x35, 0xC8, 0x2D, 0x8F, 0x9F,
    0x94, 0x07, 0xC6, 0x87, 0x16, 0x85, 0xC9, 0x03, 0xD1, 0xA4, 0xA6, 0x24, 0x43, 0xDE, 0x98, 0x7B,
    0x1A, 0x2D, 0xAA, 0x85, 0x5D, 0x9B, 0x9A, 0xA9, 0xC9, 0x00, 0x45, 0xA5, 0x3D, 0xF1, 0x44, 0x13,
    0xD4, 0x47, 0x47, 0x33, 0xC8, 0xE6, 0x20, 0x32, 0xC6, 0xCB, 0xE9, 0x69, 0x5D, 0x69, 0xB6, 0xBC,
    0xD1, 0x22, 0xAE, 0x75, 0x9D, 0x76, 0x5B, 0x2B, 0x4C, 0x7B, 0xB5, 0x35, 0x19, 0x6D, 0xAD, 0x38,
    0x95, 0x00, 0xF3, 0xA2, 0x54, 0x3C, 0x6F, 0x1D, 0xF4, 0x8D, 0x52, 0x30, 0x53, 0xB0, 0x18, 0x29,
    0xD5, 0x10, 0xD8, 0xE5, 0x93, 0xD7, 0xAF, 0xCF, 0xBD, 0x09, 0x50, 0x0C, 0xCA, 0x72, 0x02, 0xA2,
    0xB9, 0x06, 0x12, 0x2B, 0xE8, 0xAC, 0xAA, 0x5D, 0xB8, 0xFB, 0x89, 0xEB, 0xD7, 0x6B, 0xFC, 0x2E,
    0xA4, 0x12, 0xBE, 0x0E, 0x4E, 0xFE, 0x57, 0x5B, 0xC9, 0xA4, 0x87, 0x97, 0xA8, 0x1B, 0xB8, 0xC5,
    0x27, 0x30, 0x52, 0x21, 0xE2, 0xA2, 0xC5, 0xD4, 0x98, 0x18, 0xD7, 0xFB, 0x7C, 0x12, 0x7B, 0xB4,
    0x77, 0x72, 0x69, 0xD5, 0x63, 0xB3, 0xA7, 0x77, 0x57, 0x98, 0x2B, 0xEB, 0x59, 0x59, 0x8C, 0xBF,
    0xBE, 0xBD, 0x20, 0x17, 0x11, 0x55, 0x6F, 0xD5, 0x40, 0x79, 0xAE, 0x4B, 0xDE, 0x62, 0x86, 0xA9,
    0x31, 0x5A, 0x5A, 0xF5, 0x22, 0x78, 0xE0, 0xBA, 0x55, 0xF3, 0x66, 0xD5, 0xA2, 0x5A, 0xD5, 0xB3,
    0x6A, 0x8D, 0xFB, 0xE1, 0xD1, 0x21, 0xCC, 0x38, 0x11, 0xDD, 0xBE, 0xAC, 0x9A, 0x0C, 0xEB, 0xFD,
    0xEC, 0x27, 0x47, 0x5F, 0x6D, 0x40, 0x6F, 0x8A, 0x6A, 0x71, 0xAE, 0xFE, 0xD1, 0x69, 0xAD, 0x5A,
    0x82, 0x53, 0x5D, 0x56, 0x8D, 0xA6, 0x55, 0x93, 0x71, 0xD5, 0xB4, 0x5F, 0xD5, 0x75, 0x6B, 0x15,
    0x79, 0xB3, 0xAA, 0xAF, 0x56, 0xE5, 0xFC, 0xB8, 0x27, 0xEF, 0x41, 0x26, 0x22, 0x01, 0xBF, 0xFA,
    0xAA, 0xE5, 0xCF, 0x48, 0x16, 0x80, 0x6C, 0x5C, 0xFB, 0x71, 0x39, 0xCA, 0x6B, 0x69, 0x28, 0x83,
    0x51, 0x41, 0xFD, 0x6C, 0x5A, 0x7E, 0x2B, 0xAB, 0x5C, 0x7D, 0xD1, 0x5E, 0xBE, 0xBB, 0xE9, 0xCC,
    0xBA, 0x3C, 0x63, 0x17, 0xEA, 0xE5, 0xDB, 0xB3, 0xF5, 0xD5, 0xE6, 0x35, 0x19, 0x81, 0xF4, 0x3F,
    0x50, 0x56, 0x97, 0xB6, 0xEC, 0x4D, 0x4A, 0x0E, 0xAE, 0xF0, 0x4C, 0x51, 0x4F, 0xC6, 0x16, 0x9D,
    0x73, 0x41, 0xCE, 0x9B, 0x73, 0xED, 0xF9, 0x30, 0x3E, 0x71, 0x39, 0x34, 0x58, 0x18, 0xE7, 0x4D,
    0x5A, 0x2C, 0x01, 0x1F, 0x9A, 0x8E, 0x8E, 0x0E, 0x4B, 0x91, 0x49, 0x93, 0x9D, 0x03, 0xCF, 0x4C,
    0x56, 0xB7, 0x25, 0x1B, 0x87, 0xD7, 0x5E, 0x97, 0x15, 0x2C, 0x10, 0x8F, 0x90, 0x76, 0x10, 0x71,
    0x33, 0xF6, 0xEC, 0xBD, 0x09, 0x6E, 0x02, 0xBF, 0xC0, 0xE2, 0xAB, 0x78, 0x74, 0x6D, 0xD6, 0xC6,
    0xC3, 0x2E, 0xEC, 0xDF, 0x88, 0x3D, 0x77, 0xA3, 0x10, 0x0F, 0x59, 0x9B, 0x8C, 0x59, 0x17, 0x0F,
    0x69, 0xBB, 0x0E, 0x7A, 0x37, 0xE3, 0x9B, 0xD7, 0x03, 0xBE, 0xC1, 0x75, 0x24, 0x03, 0xA8, 0x8B,
    0x60, 0x77, 0x6B, 0x46, 0x5F, 0x4B, 0xFF, 0x82, 0x9C, 0x44, 0x13, 0x1F, 0xE7, 0xBB, 0xB7, 0x84,
    0xB5, 0x2A, 0x5D, 0x4F, 0x65, 0x03, 0x79, 0x8B, 0xAF, 0x38, 0x23, 0x1A, 0x20, 0xFC, 0xCA, 0xDA,
    0x7A, 0x1D, 0x90, 0xC6, 0x36, 0xB1, 0xEE, 0xDD, 0x81, 0xA2, 0x9A, 0x79, 0x48, 0x11, 0xEE, 0x72,
    0xE9, 0xEB, 0x5C, 0x26, 0x0A, 0xD9, 0x14, 0xD2, 0x51, 0xA1, 0xE4, 0x97, 0x9E, 0xA2, 0xFA, 0x64,
    0xDB, 0xC6, 0x2D, 0xEE, 0x3E, 0x8C, 0x87, 0x25, 0x19, 0x37, 0xDC, 0x27, 0xC0, 0xAF, 0xAA, 0xE3,
    0x89, 0xC8, 0x5B, 0xC0, 0x46, 0xA4, 0x5D, 0x65, 0x46, 0x83, 0xFB, 0xAA, 0x04, 0x15, 0xEA, 0xD6,
    0x24, 0xEF, 0x4D, 0xD2, 0xD1, 0x24, 0x9E, 0x4C, 0xA2, 0xD9, 0x84, 0x65, 0x95, 0xFA, 0x42, 0xBE,
    0xBD, 0x9C, 0x56, 0x94, 0xE8, 0x98, 0x7C, 0x21, 0x35, 0xE9, 0xD5, 0x2C, 0xDB, 0x72, 0x97, 0xB5,
    0x24, 0xD3, 0x65, 0x0B, 0xD6, 0xDE, 0x65, 0xEB, 0x2F, 0x48, 0xB8, 0xB0, 0x4C, 0xA5, 0x33, 0xF9,
    0x4F, 0x80, 0xE8, 0x84, 0x3F, 0x01, 0xB7, 0xD0, 0x83, 0x97, 0x1F, 0x75, 0x70, 0x27, 0x97, 0x06,
    0xBE, 0x1E, 0x49, 0xB8, 0x66, 0xA5, 0x5D, 0x56, 0x90, 0x74, 0x65, 0x0B, 0x69, 0x5F, 0xF6, 0xC6,
    0xD1, 0x38, 0x2B, 0x8F, 0xC5, 0x58, 0x56, 0xCA, 0xA2, 0x51, 0xBA, 0x5E, 0x99, 0x8E, 0xCA, 0x78,
    0x52, 0x22, 0x9A, 0x9F, 0x32, 0x28, 0x7D, 0xA3, 0x74, 0x9D, 0x32, 0x1D, 0x94, 0xC9, 0xA4, 0x64,
    0x49, 0x94, 0xF5, 0xCB, 0x4A, 0xFF, 0x5D, 0x65, 0xFE, 0xAE, 0x32, 0xFB, 0xA9, 0x32, 0x11, 0x65,
    0x64, 0xA4, 0x36, 0x7A, 0x63, 0xDE, 0xC3, 0x29, 0x76, 0xD4, 0xC1, 0xA4, 0x68, 0xB8, 0x1C, 0xDA,
    0x57, 0xAF, 0x01, 0x0F, 0x14, 0xD7, 0xAE, 0xE4, 0xA2, 0x5A, 0x4E, 0x80, 0xDC, 0x9C, 0x45, 0x2D,
    0x22, 0x95, 0xCD, 0x1E, 0x65, 0x4F, 0x3A, 0x41, 0x36, 0xE2, 0x7A, 0xF3, 0x75, 0xDE, 0x02, 0x0B,
    0xBE, 0x01, 0x6A, 0x7C, 0x05, 0x94, 0xA1, 0x0C, 0x80, 0xAF, 0x6A, 0x54, 0x1A, 0x93, 0xE2, 0xD9,
    0xE2, 0x9B, 0xD2, 0xA4, 0xF2, 0x56, 0x3C, 0x9C, 0xD7, 0x59, 0x58, 0x0B, 0xD6, 0x5E, 0x3C, 0x5F,
    0xB4, 0x1E, 0x4B, 0x50, 0x5B, 0x74, 0x2A, 0x93, 0xC6, 0xEC, 0x5C, 0x80, 0x48, 0x83, 0xAA, 0x7A,
    0xA8, 0xBC, 0x58, 0x97, 0x93, 0x77, 0x5C, 0xCE, 0x8D, 0xD4, 0x5C, 0x6E, 0x3C, 0x48, 0x3A, 0x93,
    0x28, 0x7C, 0x4A, 0x5D, 0x10, 0xBF, 0x65, 0xE2, 0x26, 0x93, 0x42, 0x4C, 0xEA, 0xA2, 0x31, 0x0F,
    0x64, 0x1D, 0x90, 0x76, 0xD1, 0x08, 0x44, 0x70, 0xEB, 0xD3, 0xE9, 0x82, 0x43, 0x3E, 0x0B, 0x6A,
    0xF6, 0x17, 0x81, 0x54, 0x1E, 0x3F, 0x00, 0xDC, 0x5F, 0xC8, 0xA8, 0x42, 0xD1, 0x01, 0x3B, 0xF0,
    0x29, 0x0D, 0xFF, 0x3A, 0xE4, 0x47, 0x63, 0xDA, 0x01, 0xF1, 0x94, 0xF5, 0x17, 0x57, 0xDB, 0x67,
    0x7C, 0x4A, 0xFB, 0x6E, 0x31, 0xFD, 0x22, 0x38, 0xCA, 0x80, 0xAF, 0x8A, 0x16, 0x21, 0x1B, 0x92,
    0x89, 0x78, 0x76, 0x5A, 0xB2, 0xB4, 0x72, 0x40, 0x36, 0x01, 0x6E, 0x06, 0xBC, 0x04, 0x90, 0xA2,
    0x25, 0x99, 0xB2, 0x01, 0xD7, 0xC7, 0xB3, 0x76, 0xAC, 0x0E, 0x1E, 0x8A, 0xEA, 0x37, 0x60, 0x8F,
    0xCB, 0xE3, 0x77, 0x56, 0x27, 0x4D, 0xD6, 0xB8, 0x8C, 0xAB, 0x93, 0x7A, 0x73, 0x52, 0xDD, 0x99,
    0x99, 0x85, 0x56, 0x01, 0xE5, 0xEA, 0xA4, 0xD9, 0x9C, 0x94, 0x0C, 0xE6, 0xA4, 0xAC, 0x37, 0x27,
    0xE5, 0x8D, 0x3A, 0xC9, 0xBA, 0x5A, 0xC3, 0x99, 0x39, 0x22, 0x9A, 0x4C, 0x92, 0xC1, 0xC4, 0x75,
    0x26, 0x79, 0x63, 0xE2, 0x57, 0x27, 0xCD, 0xE6, 0xA4, 0x2F, 0x8F, 0x56, 0xF2, 0x5F, 0xB4, 0x2F,
    0xE4, 0xDF, 0x6F, 0xCD, 0x49, 0x52, 0x99, 0x93, 0xE4, 0xAA, 0x93, 0x12, 0x31, 0x27, 0x65, 0x62,
    0x4E, 0x72, 0xFF, 0xBC, 0xCE, 0x7B, 0xC1, 0x9C, 0x04, 0x57, 0xC7, 0xC9, 0x6C, 0x50, 0xC6, 0x93,
    0x92, 0xC5, 0x58, 0x04, 0x65, 0xD6, 0x5C, 0x37, 0x46, 0x1E, 0x03, 0x79, 0x53, 0xFF, 0x3F, 0xB2,
    0x04, 0x0A, 0xA5, 0x3A, 0xA0, 0x82, 0x32, 0x14, 0x2D, 0x08, 0x6E, 0x24, 0x9D, 0x49, 0xE4, 0x51,
    0x3D, 0xC0, 0xBA, 0x00, 0xC9, 0x65, 0xB9, 0xF2, 0x3F, 0x5E, 0xA7, 0x97, 0xBF, 0xA7, 0x25, 0x93,
    0x32, 0xEB, 0xB1, 0x1A, 0x95, 0x5E, 0xC1, 0x2D, 0x3E, 0xA9, 0xBD, 0x7B, 0xD1, 0x28, 0x0D, 0x10,
    0x4B, 0x0F, 0xA4, 0xFF, 0x3D, 0x59, 0x85, 0x67, 0xD6, 0x8D, 0xBC, 0x82, 0x7D, 0xA2, 0xF0, 0xC9,
    0xEC, 0x5D, 0xC4, 0xCE, 0x5A, 0xFC, 0x92, 0xD5, 0xC1, 0xF6, 0x3E, 0xF0, 0xA9, 0x78, 0x27, 0x47,
    0x65, 0xD6, 0x61, 0xDD, 0x53, 0x1E, 0x5C, 0xFB, 0x4E, 0x9E, 0xD9, 0xF3, 0x32, 0x58, 0x5B, 0x0D,
    0xD4, 0xB8, 0x16, 0x66, 0xB2, 0x7E, 0x5D, 0x49, 0xEB, 0x37, 0x9E, 0xF4, 0x92, 0x85, 0xBC, 0x5D,
    0x87, 0x64, 0xCD, 0xBC, 0x7A, 0x6F, 0x01, 0xDC, 0x0F, 0x26, 0x20, 0xFD, 0x9F, 0x11, 0x5B, 0x3E,
    0x02, 0x91, 0xB4, 0xDB, 0xF7, 0x07, 0x1F, 0x3E, 0x1E, 0x4B, 0xE0, 0x7A, 0x88, 0x54, 0x8A, 0x51,
    0x21, 0x94, 0x44, 0xA2, 0x56, 0xD9, 0xA0, 0xEF, 0xBA, 0x0B, 0x64, 0xFD, 0x13, 0x97, 0x79, 0x6B,
    0x59, 0x34, 0x73, 0x28, 0x4F, 0xEB, 0x45, 0xCB, 0x0E, 0x1B, 0x2C, 0xE1, 0x43, 0x1A, 0x52, 0xF0,
    0xFC, 0xDB, 0x10, 0x8B, 0x74, 0x38, 0x91, 0x19, 0xFF, 0xDE, 0x9E, 0x50, 0x86, 0xCD, 0xF7, 0x4C,
    0xBD, 0xB1, 0x28, 0x66, 0x35, 0x78, 0x06, 0x61, 0x26, 0x99, 0x98, 0xC9, 0x7B, 0x66, 0x75, 0xD7,
    0xCC, 0x19, 0xCC, 0xCC, 0x8A, 0x45, 0x51, 0xEA, 0x3D, 0xAF, 0x4F, 0x9D, 0xDE, 0x8E, 0xC5, 0xCA,
    0x76, 0x33, 0x64, 0xC3, 0xAC, 0xC1, 0x9B, 0x21, 0x9A, 0xAE, 0x60, 0x57, 0xEF, 0xA5, 0x3F, 0xFC,
    0x6A, 0x3F, 0xA7, 0x22, 0xED, 0x1C, 0x8B, 0x04, 0xD8, 0xBD, 0x0B, 0x2F, 0x56, 0xB0, 0x4E, 0x68,
    0xAE, 0xDF, 0x86, 0x7D, 0x52, 0xF8, 0x27, 0x7F, 0xF9, 0x3E, 0x32, 0x8F, 0x0D, 0x24, 0x22, 0x0B,
    0xF1, 0xE3, 0xAF, 0x08, 0x54, 0x78, 0x2B, 0xDD, 0x00, 0xB9, 0xC2, 0x9D, 0x9F, 0x3D, 0x2F, 0xD2,
    0x44, 0xB2, 0x41, 0xB6, 0x7C, 0x23, 0x6F, 0x8A, 0xCE, 0xA6, 0x15, 0x45, 0x58, 0xDF, 0xCE, 0x42,
    0xCF, 0x7C, 0xE3, 0x37, 0x99, 0x9A, 0xE2, 0x27, 0x5F, 0x7D, 0xBF, 0x71, 0x22, 0x7F, 0xD5, 0xC4,
    0x32, 0x67, 0x0D, 0xBB, 0x61, 0xFB, 0xDF, 0x0D, 0xD9, 0x80, 0x7A, 0x1D, 0xD6, 0x76, 0x8E, 0x01,
    0x46, 0xC5, 0xDD, 0x9B, 0xB1, 0x2A, 0x7A, 0x1B, 0x48, 0x04, 0x70, 0xD2, 0x40, 0xF1, 0xBD, 0x0E,
    0xCE, 0xE2, 0x91, 0x68, 0xE4, 0x0C, 0x02, 0x3B, 0x37, 0x62, 0xD5, 0x6F, 0xB2, 0x07, 0x75, 0xE7,
    0x88, 0x65, 0xB9, 0x47, 0xF2, 0x83, 0x7A, 0x26, 0x69, 0xF2, 0x91, 0x08, 0x6E, 0xC4, 0x4D, 0xBA,
    0xBF, 0x87, 0xE3, 0x68, 0x84, 0x3A, 0x9E, 0xCE, 0xCF, 0x76, 0xD8, 0x87, 0x9B, 0x32, 0x08, 0x7B,
    0x99, 0xA4, 0x62, 0xFD, 0xDF, 0xC6, 0xDB, 0x71, 0x07, 0x5F, 0x8C, 0x36, 0xF8, 0xED, 0xA4, 0x05,
    0xF7, 0x7E, 0x73, 0x1E, 0x55, 0xF6, 0x6F, 0xE8, 0xBD, 0x3A, 0x5C, 0x1B, 0xAC, 0xA5, 0xCD, 0xA5,
    0x23, 0x15, 0x19, 0x4B, 0x99, 0x48, 0x1E, 0x7F, 0x7E, 0x59, 0xBE, 0xB2, 0x10, 0x05, 0xEA, 0x81,
    0x75, 0x05, 0xAB, 0x8B, 0x2F, 0xD5, 0x86, 0xFC, 0x5C, 0x5D, 0xBB, 0xD5, 0x17, 0x44, 0x8F, 0x36,
    0x96, 0x55, 0xDD, 0x72, 0xE8, 0x1F, 0x9D, 0x9E, 0x9E, 0x14, 0x9D, 0x59, 0xAE, 0xF0, 0x56, 0x28,
    0xAC, 0x5A, 0x42, 0xD9, 0xAE, 0xD7, 0xD2, 0xDB, 0xF3, 0xF8, 0x83, 0x89, 0x28, 0x14, 0x3F, 0xB9,
    0xF7, 0x03, 0xF9, 0x87, 0xBA, 0x72, 0x22, 0x95, 0x8E, 0x91, 0xB1, 0xCC, 0x64, 0xB2, 0xA0, 0xC6,
    0xDA, 0x4C, 0x11, 0x1D, 0x99, 0x73, 0x62, 0x91, 0x21, 0x5B, 0x5E, 0xE9, 0xF3, 0xCE, 0x0C, 0x30,
    0x0B, 0x6B, 0x60, 0x39, 0x4F, 0xB3, 0xA5, 0xCB, 0xEB, 0x1A, 0xCB, 0x63, 0x79, 0xF3, 0x9E, 0xFD,
    0x6C, 0xF9, 0x3B, 0xAB, 0x83, 0x7B, 0xD2, 0x11, 0x0F, 0xA0, 0xD1, 0x48, 0x47, 0x88, 0x04, 0x28,
    0x80, 0x3C, 0x98, 0x95, 0x7E, 0x06, 0xFF, 0x1E, 0x9C, 0x02, 0xD4, 0xE1, 0x22, 0x08, 0xAE, 0xDB,
    0xFE, 0x6C, 0xF0, 0xE0, 0xEA, 0xD4, 0x64, 0xFE, 0xA4, 0x94, 0x16, 0xAB, 0x3D, 0x9B, 0x3F, 0x3F,
    0x93, 0xB7, 0xD4, 0xE6, 0x80, 0xCA, 0x02, 0x52, 0xDB, 0x5A, 0x44, 0xA1, 0x9E, 0x3A, 0xC7, 0xE9,
    0xE9, 0x69, 0xB5, 0x00, 0x18, 0x6A, 0x56, 0x73, 0xCD, 0x5E, 0x33, 0x38, 0x0A, 0xA9, 0x7C, 0xB3,
    0x0E, 0x1A, 0xEA, 0x40, 0x21, 0x8F, 0x81, 0xA3, 0xED, 0x4A, 0x35, 0xDF, 0x0E, 0x53, 0x35, 0x10,
    0x4D, 0x17, 0xFB, 0xF8, 0x28, 0xDC, 0x8C, 0x55, 0xB6, 0xC9, 0x76, 0x13, 0x50, 0xC8, 0xBA, 0xBD,
    0xB6, 0xCD, 0xB5, 0x6D, 0xAD, 0x6D, 0x63, 0x7D, 0x23, 0x56, 0xED, 0x13, 0xD6, 0xBD, 0x5E, 0x3C,
    0xA5, 0xFD, 0x7A, 0x66, 0xF7, 0x80, 0x1B, 0x71, 0xD3, 0x8B, 0x95, 0x06, 0x6E, 0x5D, 0xAB, 0x70,
    0x06, 0x45, 0xB8, 0x1C, 0x36, 0xE7, 0x8F, 0xF1, 0x3D, 0x25, 0x5A, 0x48, 0x6C, 0xD9, 0xE3, 0x1A,
    0xFC, 0xA5, 0xBB, 0xF1, 0xE1, 0x17, 0xFF, 0xAA, 0xB9, 0xD4, 0xEA, 0x99, 0xDE, 0x16, 0xD4, 0xBA,
    0xDE, 0x3B, 0xD8, 0xF0, 0x16, 0x51, 0xE0, 0xB2, 0x81, 0x5F, 0x6A, 0xBA, 0xFE, 0x2F, 0x12, 0x3F,
    0xA6, 0x7B, 0x76, 0x40, 0x7D, 0x5D, 0x80, 0xFF, 0xB1, 0x04, 0x32, 0x19, 0xCF, 0xD7, 0x7C, 0x99,
    0x74, 0x50, 0xFE, 0xD7, 0x08, 0x75, 0x34, 0xC3, 0x1F, 0x50, 0x5F, 0x74, 0x89, 0xBC, 0x61, 0xEF,
    0x6D, 0xD7, 0x22, 0xF2, 0xA3, 0x2E, 0x15, 0x91, 0xDE, 0x0D, 0xD4, 0x83, 0x0E, 0x84, 0x43, 0x09,
    0xE9, 0x58, 0x43, 0x32, 0x2E, 0x8A, 0x19, 0xE2, 0x2D, 0x92, 0xE1, 0x4C, 0xA1, 0x59, 0x7A, 0x5F,
    0xE1, 0xBA, 0xA2, 0xA5, 0x68, 0x36, 0xC3, 0x96, 0x84, 0x58, 0x64, 0xC6, 0x06, 0x1F, 0x38, 0x04,
    0x5E, 0xE3, 0x0B, 0xC4, 0x52, 0xDD, 0xB1, 0x1F, 0x64, 0xF4, 0xE7, 0x98, 0x01, 0x47, 0xD1, 0xB1,
    0xF3, 0xE4, 0xBC, 0x35, 0xE5, 0x32, 0x30, 0xD5, 0x32, 0xB3, 0xCC, 0xAF, 0x08, 0xD2, 0x52, 0x56,
    0x52, 0x51, 0x34, 0x02, 0xB9, 0xC2, 0x35, 0xCB, 0x16, 0xF3, 0x2F, 0x06, 0x5E, 0x0F, 0x80, 0xBF,
    0x3A, 0xCA, 0x5D, 0xBF, 0x2C, 0x8B, 0xD6, 0x89, 0xAA, 0xC3, 0x3A, 0x63, 0xDD, 0xCA, 0x3B, 0x9B,
    0x6C, 0x2E, 0x56, 0xAF, 0xB5, 0x96, 0x5E, 0x2E, 0x30, 0xCE, 0x5B, 0xD8, 0xE5, 0x85, 0x73, 0x92,
    0xDE, 0x07, 0xB2, 0xBE, 0xD0, 0x62, 0x4E, 0x2B, 0x48, 0x37, 0x55, 0x11, 0x99, 0x87, 0x8A, 0xD5,
    0x43, 0x4F, 0x2E, 0xCB, 0xF2, 0xF6, 0x62, 0xBC, 0x3B, 0x03, 0x22, 0xB3, 0x2F, 0xDC, 0x8C, 0x55,
    0xD1, 0xB7, 0x2E, 0x97, 0x65, 0x15, 0xF8, 0xBF, 0x6E, 0xE1, 0x4C, 0xB7, 0x1D, 0x03, 0x0F, 0x89,
    0x02, 0x3B, 0x37, 0x62, 0x95, 0x2D, 0xCB, 0x64, 0x5D, 0x96, 0x95, 0x24, 0xFF, 0x26, 0x33, 0x69,
    0x95, 0x0F, 0x44, 0x70, 0x33, 0x6E, 0xB2, 0x65, 0xD9, 0xC3, 0x78, 0x80, 0x25, 0x19, 0xED, 0x6C,
    0x3B, 0xF6, 0xDE, 0x8C, 0x41, 0xBC, 0x03, 0x44, 0xCB, 0x05, 0x30, 0xBC, 0xA6, 0xE0, 0xFA, 0x3F,
    0xEC, 0xE4, 0xE9, 0xE3, 0xC1, 0x93, 0x15, 0xCC, 0x4F, 0xAD, 0x02, 0xE2, 0x86, 0x72, 0x33, 0x5A,
    0xC4, 0x22, 0xD2, 0x5C, 0x74, 0xA6, 0xB6, 0x75, 0x58, 0x57, 0x92, 0x7C, 0xD0, 0xD7, 0x64, 0xEF,
    0xF6, 0x0B, 0xF9, 0x77, 0x87, 0x05, 0xAF, 0xFD, 0x98, 0x37, 0x88, 0xC7, 0x4D, 0x67, 0xD2, 0x7E,
    0xD3, 0x19, 0xD7, 0x24, 0x43, 0x5D, 0x54, 0xC9, 0xE0, 0x6B, 0xB2, 0xDE, 0x4F, 0xDA, 0x99, 0x01,
    0x7F, 0x5E, 0x95, 0x6D, 0xE2, 0x74, 0xF0, 0xF8, 0xAD, 0xB5, 0x33, 0xC0, 0xF5, 0x9B, 0xA9, 0xF9,
    0x9A, 0xCD, 0x14, 0xE0, 0x03, 0x69, 0xFF, 0x31, 0x91, 0x29, 0x5C, 0xAF, 0x83, 0x60, 0x5F, 0xB4,
    0x94, 0xBD, 0x9B, 0x5F, 0xFD, 0xA0, 0x4F, 0x45, 0xDE, 0xED, 0xA9, 0xE5, 0xE5, 0x9E, 0xE8, 0xEE,
    0xE5, 0xBF, 0xDA, 0xF1, 0x43, 0x36, 0x53, 0x37, 0x60, 0xD5, 0x75, 0x9B, 0xA9, 0xE3, 0x2B, 0x9B,
    0xA9, 0xDD, 0x1B, 0xB1, 0xEA, 0x16, 0xFB, 0xCF, 0xDC, 0xBB, 0xDC, 0x44, 0xF0, 0x86, 0x8F, 0x12,
    0xBC, 0x1A, 0xE2, 0xA9, 0x84, 0x64, 0xF4, 0xD5, 0xFA, 0x97, 0x2D, 0x59, 0xEF, 0x5A, 0x5C, 0x9B,
    0x75, 0xEB, 0x9F, 0xBE, 0xF8, 0x2A, 0x19, 0xF0, 0x21, 0x9E, 0xA8, 0x61, 0x62, 0x81, 0x33, 0x26,
    0x28, 0xE3, 0x11, 0xFC, 0xCB, 0x03, 0x14, 0x7F, 0xD9, 0x83, 0xFB, 0xD7, 0x0E, 0xB2, 0xEF, 0x37,
    0x90, 0xAE, 0x5B, 0xA3, 0x00, 0x91, 0x00, 0x2C, 0x8A, 0x79, 0xBB, 0xBE, 0x1D, 0x81, 0xB4, 0xBF,
    0xB0, 0xAC, 0x68, 0xE0, 0x9F, 0x34, 0x6F, 0x3D, 0x03, 0x65, 0x07, 0x7C, 0xCD, 0xF2, 0x7F, 0x14,
    0x1C, 0xC1, 0x9C, 0x4B, 0xC7, 0x5C, 0xCB, 0x84, 0xCC, 0x7F, 0xF4, 0xD4, 0xBC, 0xEA, 0x5A, 0x45,
    0xB7, 0x40, 0xD6, 0x2F, 0xDA, 0xE8, 0xBC, 0x85, 0x5D, 0xDA, 0x03, 0xCB, 0xB2, 0x66, 0xB6, 0x62,
    0x2D, 0x75, 0x25, 0xCB, 0xAB, 0xB2, 0x56, 0xBA, 0x56, 0xCF, 0xE1, 0x47, 0x34, 0x88, 0x67, 0x6F,
    0x64, 0x7F, 0x6D, 0xDD, 0xFE, 0x7F, 0xDD, 0x9C, 0x3F, 0x90, 0xDD, 0xC6, 0x7D, 0xC7, 0x3F, 0x00,
    0x74, 0xC4, 0x98, 0x28, 0xC0, 0x42, 0x8C, 0xC6, 0xD4, 0x8C, 0x91, 0x22, 0x85, 0xAD, 0xD8, 0x42,
    0xEB, 0x42, 0xD2, 0x22, 0xD1, 0x4C, 0x54, 0xA4, 0x61, 0xC1, 0xA3, 0x0B, 0x16, 0x76, 0x91, 0xC2,
    0x76, 0x11, 0x36, 0x2E, 0x52, 0x50, 0x04, 0x92, 0x14, 0x29, 0x5C, 0xF8, 0x1A, 0xA6, 0x48, 0x1A,
    0x16, 0x2A, 0xA8, 0x73, 0x91, 0x14, 0x29, 0x34, 0x13, 0xE9, 0x80, 0x4C, 0x4A, 0x17, 0x86, 0xC7,
    0x99, 0x49, 0x69, 0x78, 0x4C, 0x27, 0x63, 0x37, 0x5A, 0xDB, 0x70, 0x0C, 0x5A, 0x58, 0x6C, 0xF0,
    0x9D, 0x87, 0x87, 0xBB, 0xA3, 0xCF, 0x12, 0x45, 0xF2, 0x78, 0x3C, 0x2F, 0xDF, 0x7E, 0xF6, 0x1D,
    0xB0, 0x7F, 0x7E, 0xBF, 0xEF, 0xEE, 0xC3, 0xE2, 0x2D, 0xF6, 0x91, 0x9D, 0xDD, 0xDD, 0x02, 0x12,
    0xEF, 0xDB, 0x2D, 0x03, 0x1D, 0x39, 0x1E, 0x92, 0x4E, 0x4C, 0xAD, 0x98, 0xF5, 0xA2, 0x19, 0xC5,
    0x37, 0x44, 0x3E, 0xB8, 0x2D, 0x8E, 0x06, 0x08, 0x46, 0x53, 0x40, 0xD4, 0x67, 0xCD, 0x4C, 0x9B,
    0x36, 0x2A, 0xAA, 0xC2, 0x69, 0x1B, 0x5B, 0xC8, 0x9A, 0xA8, 0x87, 0xBC, 0x0A, 0x07, 0x30, 0x04,
    0x23, 0xD4, 0xBB, 0xBB, 0x0E, 0xFC, 0x1C, 0x08, 0x44, 0xC2, 0x69, 0x7F, 0xBF, 0xAE, 0x94, 0x2D,
    0x6B, 0x62, 0xAB, 0x82, 0x69, 0x07, 0x89, 0x55, 0x85, 0xB1, 0xCD, 0x55, 0xED, 0xA0, 0x26, 0xC2,
    0xB1, 0x04, 0x70, 0x93, 0x38, 0xB1, 0xBB, 0x7B, 0x4D, 0xD5, 0x8C, 0x0B, 0xF4, 0xE7, 0x12, 0x76,
    0x81, 0xD2, 0xF7, 0x44, 0xDE, 0x4F, 0x84, 0x0F, 0xFE, 0xC2, 0x43, 0x85, 0xA9, 0x00, 0x55, 0x46,
    0x26, 0xA4, 0xCB, 0xBB, 0x2B, 0xDE, 0x37, 0x81, 0x9F, 0x91, 0x4C, 0x77, 0xB2, 0x26, 0xEF, 0xE6,
    0x63, 0xA6, 0x12, 0x8A, 0x19, 0x25, 0xE4, 0x7A, 0x67, 0x1A, 0x33, 0x67, 0x6A, 0xF2, 0x5F, 0x7F,
    0xF5, 0xC3, 0x26, 0xF5, 0xFE, 0xDB, 0x4D, 0xE8, 0x5D, 0xD2, 0xB0, 0x53, 0x48, 0x27, 0x02, 0x59,
    0x5B, 0x45, 0x33, 0xE3, 0x9F, 0xDE, 0x6C, 0x20, 0xF4, 0x5E, 0x27, 0x6A, 0x07, 0x10, 0xC0, 0x79,
    0x13, 0xB6, 0xE3, 0x8B, 0x60, 0x79, 0x0D, 0x0E, 0xAE, 0xAB, 0x72, 0x6F, 0x35, 0x4C, 0x2A, 0xE0,
    0x12, 0x67, 0x21, 0xF1, 0x39, 0x90, 0x4C, 0xA1, 0x17, 0xA2, 0x4E, 0x4C, 0x1A, 0x31, 0xAD, 0x10,
    0x0B, 0xC4, 0x06, 0xD1, 0x8B, 0x91, 0x7F, 0xF6, 0x2A, 0xA6, 0x95, 0xE4, 0x02, 0x78, 0x5F, 0x18,
    0x56, 0x83, 0x47, 0x41, 0x3D, 0x8C, 0x11, 0x50, 0xB8, 0x72, 0x57, 0x34, 0x8D, 0x58, 0x16, 0xA2,
    0x03, 0xC9, 0x2A, 0xC6, 0xED, 0xC9, 0xC3, 0xFA, 0xA6, 0xBF, 0xAF, 0x61, 0xA2, 0xB1, 0x6F, 0x36,
    0x7A, 0xB6, 0xFC, 0x35, 0xD1, 0x84, 0xF4, 0x18, 0x44, 0x29, 0xB9, 0x78, 0x86, 0xA9, 0x96, 0xCA,
    0x45, 0x81, 0xFA, 0x11, 0xA8, 0xFC, 0x2A, 0x7B, 0x68, 0x5E, 0xDE, 0x1E, 0x8E, 0x8C, 0xD8, 0x89,
    0xA1, 0xAF, 0xD8, 0x81, 0x7A, 0xFA, 0xAE, 0x83, 0xDC, 0x7B, 0xA7, 0x43, 0x5E, 0x06, 0xEC, 0x5C,
    0x03, 0xB8, 0x78, 0x17, 0xB2, 0x6E, 0x53, 0x4B, 0xAD, 0x11, 0xB3, 0xE9, 0xB4, 0xA0, 0x40, 0x81,
    0x60, 0x17, 0x75, 0xC9, 0x5C, 0xA4, 0x4F, 0xA6, 0xEB, 0x56, 0x39, 0xD5, 0x92, 0x5A, 0x96, 0x0D,
    0xD3, 0x12, 0xDD, 0x12, 0xA7, 0x25, 0xD6, 0x8B, 0x75, 0xCA, 0x9B, 0x59, 0x2E, 0x25, 0xD3, 0x3F,
    0xA9, 0x8E, 0x7E, 0x96, 0xA5, 0x83, 0x6B, 0x4B, 0xBB, 0x90, 0x0D, 0xA2, 0x99, 0xC4, 0x49, 0x05,
    0xA2, 0x3E, 0x6D, 0x21, 0x69, 0x25, 0xEE, 0x0E, 0x5C, 0x3D, 0x9F, 0xAA, 0x86, 0xEF, 0x40, 0x3A,
    0xEA, 0x0C, 0xD4, 0x79, 0x15, 0x8C, 0x49, 0x17, 0x77, 0xC1, 0x10, 0xC0, 0x8B, 0xA7, 0xAB, 0x6A,
    0x50, 0x21, 0x1B, 0xAD, 0x98, 0x88, 0x7A, 0xBF, 0x1E, 0xE7, 0xBC, 0x8E, 0xD2, 0x60, 0x4F, 0x23,
    0x63, 0x8E, 0xC3, 0x26, 0x65, 0x0F, 0x85, 0x53, 0xD5, 0xF2, 0x62, 0xC1, 0x3B, 0x10, 0x77, 0x12,
    0x30, 0x18, 0x25, 0x00, 0xB5, 0x0A, 0x91, 0x8F, 0x62, 0xDA, 0x8B, 0xC1, 0xD5, 0xF3, 0xA9, 0xE8,
    0x85, 0x8A, 0x7B, 0x51, 0x1F, 0xF5, 0xB8, 0xB4, 0xC5, 0xD4, 0x05, 0xD9, 0x04, 0xC9, 0x28, 0x87,
    0x4E, 0x57, 0xD5, 0x7B, 0x5C, 0xAC, 0xC0, 0x60, 0x64, 0xEE, 0x0F, 0x46, 0x99, 0xFB, 0x91, 0x94,
    0x94, 0x4C, 0x2A, 0x5F, 0x89, 0x97, 0x39, 0x1E, 0x4A, 0xFF, 0xDB, 0x42, 0xF4, 0x0E, 0xD1, 0xB7,
    0x94, 0xEC, 0xD4, 0xFD, 0x4C, 0x12, 0x27, 0x06, 0x5E, 0xA4, 0xAC, 0xC4, 0xBC, 0x11, 0xB3, 0x56,
    0x4C, 0x3B, 0x31, 0xB1, 0x87, 0x8C, 0x8F, 0x30, 0x79, 0x98, 0xCA, 0xBF, 0x96, 0x35, 0xCD, 0x5A,
    0x67, 0xE0, 0xD7, 0xB6, 0x02, 0xB5, 0x2B, 0x1B, 0xC4, 0x89, 0x99, 0xD3, 0x1E, 0x0A, 0xE1, 0xDE,
    0x37, 0x50, 0xC5, 0x07, 0x88, 0xE3, 0x21, 0x7F, 0xD1, 0x8B, 0xBF, 0xEC, 0xD0, 0xFB, 0x4A, 0xB4,
    0xB0, 0x73, 0x55, 0xAC, 0xFD, 0x5B, 0x56, 0xB3, 0xDD, 0xFF, 0x5A, 0x52, 0x77, 0xDD, 0x5B, 0xF2,
    0x8E, 0xD2, 0xAA, 0x67, 0x73, 0x4B, 0x89, 0x3A, 0xB4, 0x46, 0x54, 0xEF, 0x88, 0x2A, 0xEB, 0x8E,
    0x70, 0x12, 0x97, 0xB3, 0xB5, 0xB8, 0x94, 0xD2, 0x54, 0xB8, 0xAD, 0x2D, 0x9D, 0x6E, 0x7C, 0xA4,
    0x56, 0xFC, 0x0F, 0xAD, 0xCC, 0x7D, 0x73, 0xA6, 0x7A, 0x59, 0x47, 0xDE, 0x51, 0x22, 0x67, 0x36,
    0x89, 0x83, 0xA8, 0xE7, 0x86, 0x2F, 0x94, 0x50, 0xB7, 0x4A, 0x54, 0x8F, 0x92, 0x78, 0x40, 0x49,
    0x38, 0xA2, 0x24, 0x70, 0x28, 0x61, 0xDA, 0x24, 0xF5, 0x36, 0xF9, 0xEE, 0xB4, 0x5F, 0x51, 0xA2,
    0x79, 0x79, 0x9B, 0xD4, 0xC4, 0xC7, 0xB2, 0xAC, 0xE5, 0xD6, 0x5A, 0xA2, 0xF1, 0x68, 0x0B, 0x6A,
    0x6F, 0x6D, 0xFD, 0x65, 0x5F, 0x6C, 0x2D, 0x53, 0xD2, 0xA1, 0xE4, 0x67, 0x2C, 0x82, 0x8B, 0xB1,
    0x3D, 0x7E, 0xC5, 0x8B, 0xBD, 0xF7, 0xD5, 0xC2, 0x60, 0xF7, 0xC6, 0xAF, 0x37, 0x67, 0xE5, 0xB2,
    0x58, 0x1E, 0x0A, 0x2E, 0x59, 0x56, 0xC1, 0x1B, 0x24, 0x78, 0x71, 0xB2, 0xE0, 0x0B, 0x9F, 0x54,
    0x70, 0x7D, 0xAB, 0xB8, 0x3A, 0x1F, 0xB5, 0x8A, 0x7A, 0xCF, 0x12, 0x34, 0xB0, 0xE7, 0x38, 0x29,
    0x96, 0xC0, 0xC7, 0xC6, 0xF9, 0xBE, 0x7E, 0xCE, 0x37, 0x2A, 0xEA, 0xBD, 0x8E, 0x7D, 0x62, 0x5C,
    0xEA, 0x56, 0x54, 0xBB, 0xC8, 0x80, 0x0D, 0x8E, 0x98, 0x11, 0x5C, 0x43, 0x59, 0x5B, 0xF4, 0x79,
    0x25, 0x71, 0x2F, 0x39, 0xB2, 0x96, 0x5A, 0x9E, 0x99, 0xAA, 0x84, 0xBC, 0xA9, 0x21, 0x6B, 0x0E,
    0x04, 0x3F, 0x87, 0x05, 0xFB, 0xFB, 0xFB, 0xD5, 0x04, 0x20, 0x50, 0xAF, 0x97, 0x27, 0xD3, 0x80,
    0x24, 0x09, 0x8A, 0xD8, 0xFF, 0x63, 0x5D, 0x04, 0xBA, 0x22, 0x92, 0xFB, 0x07, 0xC0, 0x2E, 0xC4,
    0x15, 0xFF, 0x1A, 0x35, 0x81, 0x8D, 0x1E, 0xDC, 0xE8, 0xD0, 0x28, 0x31, 0x2A, 0x5E, 0x70, 0x16,
    0x92, 0x44, 0x15, 0xDF, 0x22, 0x6A, 0xE9, 0x09, 0x1F, 0xDC, 0xB0, 0x20, 0x73, 0xC8, 0x27, 0x90,
    0x41, 0x67, 0x21, 0x0E, 0x9A, 0xEE, 0x62, 0x3B, 0xC7, 0x1E, 0x22, 0xBB, 0xF9, 0x1B, 0xCE, 0x44,
    0x1C, 0x50, 0xDB, 0x51, 0x2F, 0x0C, 0xCB, 0x3B, 0x1D, 0x53, 0x38, 0x03, 0x71, 0x9E, 0xB5, 0xF3,
    0xA1, 0x7A, 0xA1, 0x81, 0xB4, 0x80, 0x1C, 0x30, 0x40, 0x5E, 0x40, 0xE6, 0x20, 0x71, 0xCF, 0xD0,
    0xFB, 0x49, 0xDE, 0x0F, 0xDB, 0x6F, 0x54, 0x32, 0x89, 0xB4, 0x5A, 0xA1, 0x3F, 0x13, 0xAF, 0xB3,
    0x02, 0x68, 0x92, 0xBD, 0x17, 0xDB, 0xD8, 0x06, 0x63, 0xD6, 0x50, 0xD6, 0x90, 0x3B, 0x48, 0x07,
    0x5D, 0x88, 0xCE, 0x64, 0x18, 0xE9, 0x7E, 0x03, 0xDD, 0x70, 0x80, 0xEE, 0x38, 0x30, 0xB5, 0x44,
    0x9C, 0x64, 0xF6, 0x88, 0xAC, 0x3A, 0x9B, 0x0F, 0x1A, 0xE1, 0x3D, 0x31, 0x9E, 0xC4, 0xD4, 0xAB,
    0x84, 0xF9, 0x6A, 0x0B, 0xB8, 0xC8, 0xA2, 0xB1, 0x3E, 0x42, 0x50, 0xF0, 0x22, 0xC7, 0xC3, 0x4D,
    0x55, 0xA0, 0x29, 0xC6, 0x92, 0xCF, 0xEC, 0xF0, 0xF7, 0x89, 0x9B, 0xC8, 0x1F, 0xB9, 0xC7, 0xB3,
    0x9F, 0xE2, 0x1E, 0x2F, 0xF7, 0xC3, 0x43, 0x24, 0x1A, 0xCA, 0x42, 0x34, 0x15, 0x62, 0x23, 0x66,
    0xAD, 0x98, 0xF6, 0x62, 0xEC, 0xC4, 0xD0, 0x57, 0x33, 0xA9, 0xA7, 0xFD, 0x7A, 0x20, 0xF3, 0xDE,
    0x0F, 0x04, 0xB5, 0xF7, 0x7B, 0x9A, 0x6A, 0xB6, 0xCE, 0xC9, 0x37, 0xB9, 0xB6, 0x78, 0xE6, 0x62,
    0x4B, 0x64, 0x19, 0x8F, 0xBA, 0xB5, 0x23, 0xF5, 0x6B, 0xFF, 0xA6, 0x26, 0xA6, 0x9F, 0xD8, 0xD4,
    0x7D, 0xE5, 0x23, 0x9B, 0x69, 0x22, 0xD3, 0x6D, 0x88, 0x2D, 0xE5, 0x8C, 0x66, 0x3A, 0x3B, 0x2D,
    0x88, 0xAD, 0x5B, 0x31, 0xAD, 0x50, 0x96, 0x4D, 0x66, 0x4D, 0x85, 0x56, 0x15, 0xA8, 0x2A, 0x6F,
    0x37, 0xB3, 0xAD, 0x26, 0xDE, 0x65, 0x0E, 0x46, 0x20, 0xE9, 0x64, 0x57, 0x8B, 0x54, 0xFA, 0x5C,
    0x41, 0x5D, 0x65, 0xBE, 0xF6, 0x64, 0x8B, 0x0F, 0x15, 0x04, 0x2D, 0x5F, 0x9E, 0x69, 0x79, 0x1F,
    0x98, 0x6E, 0xF4, 0x52, 0xCF, 0xAB, 0x50, 0x26, 0x67, 0xE0, 0x2A, 0xE7, 0xB2, 0x57, 0x42, 0xB9,
    0x15, 0x76, 0xBC, 0xB7, 0x38, 0x55, 0xCB, 0x27, 0xB9, 0x24, 0x8F, 0x9E, 0xEB, 0x0E, 0x81, 0xAF,
    0x09, 0xE1, 0x78, 0xC8, 0x40, 0x5C, 0x8E, 0xC3, 0xF9, 0xEC, 0x10, 0xB8, 0xBB, 0xF5, 0x27, 0x12,
    0x42, 0x61, 0x71, 0xE9, 0x79, 0xEE, 0x90, 0x73, 0x27, 0xF3, 0x12, 0xDE, 0x15, 0x18, 0x0F, 0x19,
    0x6C, 0x57, 0x0A, 0xC5, 0x46, 0x0C, 0x04, 0x3E, 0x2B, 0xBC, 0x7E, 0x6C, 0x8D, 0x2E, 0x54, 0xD6,
    0xC8, 0x2A, 0xCB, 0xF3, 0xFE, 0x61, 0x79, 0x45, 0xA0, 0x56, 0x96, 0xC0, 0x5B, 0x95, 0xFB, 0xBF,
    0x51, 0x65, 0x1A, 0x89, 0x6E, 0xC8, 0x1A, 0x78, 0x91, 0xA0, 0xE0, 0x68, 0x28, 0xD7, 0x0C, 0xD9,
    0xE3, 0x72, 0x77, 0x77, 0xF7, 0x66, 0x53, 0xFA, 0x39, 0x6C, 0x39, 0x4F, 0x8D, 0xFF, 0xB2, 0x9C,
    0x7D, 0x72, 0x9E, 0xE0, 0xD6, 0x2F, 0x3F, 0xD6, 0xAD, 0x2B, 0x02, 0xA6, 0x78, 0x74, 0x5E, 0x2E,
    0x66, 0xBE, 0xE5, 0xDD, 0xCC, 0x9B, 0x9A, 0xAD, 0x4D, 0x7D, 0xA7, 0x6E, 0x30, 0x3D, 0x59, 0x87,
    0xE9, 0x48, 0x2C, 0xA6, 0x21, 0x16, 0x89, 0x66, 0x56, 0x47, 0x58, 0x3C, 0x21, 0x03, 0xB9, 0x62,
    0x50, 0x42, 0xF9, 0x50, 0x72, 0xDD, 0xCD, 0xD2, 0x96, 0xD7, 0xFC, 0xB1, 0xA0, 0x83, 0xBB, 0xF5,
    0xEE, 0x89, 0x05, 0x02, 0xA7, 0x73, 0x04, 0x5E, 0x61, 0x4D, 0xA6, 0xB9, 0x3B, 0xEA, 0x25, 0xCB,
    0x53, 0x4E, 0xEE, 0x2E, 0x8B, 0xD2, 0x87, 0x1C, 0xC4, 0xDA, 0xFB, 0x7E, 0xCB, 0x97, 0x1E, 0xEC,
    0x5E, 0x5D, 0xCF, 0x2E, 0xBC, 0xF0, 0xAE, 0xA8, 0x69, 0x28, 0xFA, 0x8D, 0xC6, 0x6F, 0xE4, 0xEF,
    0xC7, 0x6E, 0x26, 0x4C, 0x44, 0x0E, 0x6A, 0xA2, 0x11, 0x8C, 0x6A, 0x7B, 0x98, 0xFD, 0xE3, 0x33,
    0xD8, 0xE3, 0x6B, 0xE9, 0x84, 0xCD, 0xE7, 0x8F, 0xD7, 0xEB, 0x99, 0x6F, 0xFF, 0x26, 0xF0, 0xC5,
    0x25, 0x0E, 0x43, 0xEC, 0x3D, 0x89, 0x04, 0xAB, 0x1F, 0x68, 0xDC, 0x3D, 0xFD, 0x78, 0xF3, 0xFE,
    0xDA, 0x06, 0xD7, 0xF8, 0x93, 0xD8, 0x17, 0xEF, 0xA5, 0xFE, 0x7F, 0xEC, 0xAB, 0x89, 0xEF, 0x5E,
    0xA3, 0xAE, 0x8E, 0xDD, 0xF2, 0xA5, 0xED, 0x53, 0x8D, 0x97, 0x77, 0x77, 0x8D, 0xF7, 0xF3, 0x6B,
    0x7E, 0x03, 0x0A, 0x99, 0x1F, 0x73, 0x3F, 0x5E, 0xF0, 0xF7, 0x29, 0x79, 0x92, 0x57, 0x50, 0xEF,
    0x6D, 0xAA, 0x9A, 0x6F, 0xD1, 0xBD, 0x77, 0xF3, 0xEB, 0xF2, 0xFA, 0x18, 0xD0, 0x3D, 0xFE, 0xEB,
    0x5B, 0x24, 0xDC, 0x22, 0xC3, 0xDC, 0x39, 0x90, 0xA9, 0xC4, 0xBE, 0x83, 0x17, 0x58, 0x83, 0x8E,
    0xE5, 0x73, 0x94, 0x03, 0x94, 0x3C, 0xED, 0x28, 0xB7, 0xD6, 0x36, 0xBE, 0x48, 0x5C, 0xBC, 0x4E,
    0x5A, 0x64, 0x77, 0x6A, 0x52, 0xEF, 0x08, 0xBD, 0x3D, 0x66, 0x0B, 0xA6, 0x78, 0xAA, 0xB1, 0xF4,
    0xB6, 0xF6, 0xF6, 0x65, 0xBF, 0x17, 0x8C, 0x3C, 0xC9, 0xEB, 0xC2, 0x54, 0x6C, 0xAA, 0x22, 0xAD,
    0xC8, 0xE1, 0x16, 0x8C, 0x30, 0x20, 0xD6, 0x96, 0xDC, 0x02, 0x61, 0x95, 0x76, 0xA9, 0x4D, 0xBB,
    0xB0, 0xD8, 0x8E, 0xBB, 0x47, 0xFB, 0x97, 0x54, 0x39, 0xB7, 0x18, 0x19, 0xE6, 0x58, 0x5B, 0x55,
    0xC5, 0x5F, 0xA9, 0xCD, 0xD0, 0x89, 0x47, 0xEE, 0x65, 0x4E, 0xC1, 0x1B, 0x77, 0x42, 0x98, 0x4F,
    0x85, 0xFD, 0x7C, 0x32, 0x1A, 0xE6, 0x96, 0xA2, 0x21, 0x18, 0x79, 0x36, 0x98, 0xAD, 0x8A, 0x86,
    0x52, 0xED, 0xD6, 0xC2, 0xB1, 0x35, 0x8B, 0xD8, 0x02, 0xD9, 0x0C, 0xE3, 0x5B, 0xA1, 0x98, 0x31,
    0x80, 0xC2, 0x45, 0x82, 0x3D, 0x53, 0x45, 0xBD, 0x69, 0xE2, 0x7E, 0x4E, 0xED, 0x67, 0x1E, 0x5A,
    0x70, 0x31, 0x45, 0x64, 0x9F, 0x66, 0x84, 0x87, 0xA3, 0x8C, 0x4B, 0x2D, 0x99, 0x6F, 0xE7, 0x58,
    0x91, 0xBA, 0xE5, 0xB9, 0xDC, 0x00, 0xC6, 0x81, 0x2B, 0x0B, 0x3D, 0xC3, 0x4D, 0x9B, 0xC8, 0x1E,
    0x7B, 0x26, 0x16, 0x77, 0x90, 0xD8, 0x67, 0x18, 0x3B, 0x48, 0xA5, 0x5E, 0x83, 0xF7, 0x15, 0x7E,
    0x82, 0xFA, 0x3E, 0x9B, 0x20, 0x7B, 0x73, 0x4D, 0x34, 0x1A, 0x1F, 0x35, 0x7A, 0x38, 0x9C, 0x56,
    0xF1, 0x71, 0x7B, 0xD3, 0xF6, 0xF4, 0x63, 0xDE, 0x60, 0x7C, 0x35, 0x47, 0xC8, 0x87, 0xCD, 0xD5,
    0xC3, 0x89, 0xF1, 0x20, 0xA6, 0x9D, 0x68, 0x1A, 0xD1, 0x33, 0x33, 0x1A, 0xC5, 0xC4, 0x8A, 0x79,
    0x23, 0xD6, 0xC5, 0xCC, 0xC0, 0x31, 0x33, 0xEE, 0xC5, 0xAC, 0x13, 0x8D, 0x58, 0xFA, 0x5E, 0xFC,
    0x68, 0x14, 0x7F, 0xE0, 0x45, 0xEA, 0x4A, 0x34, 0xAD, 0x98, 0x5A, 0x31, 0x1E, 0xC4, 0xD0, 0x89,
    0x78, 0x0E, 0x5B, 0xCC, 0x3A, 0x31, 0xE9, 0xC5, 0x68, 0x14, 0xF1, 0x1C, 0x0F, 0xDF, 0x14, 0x38,
    0x10, 0x18, 0x05, 0x06, 0x21, 0xB4, 0x62, 0xD4, 0x8A, 0x41, 0x01, 0x7C, 0x1D, 0xC0, 0x3D, 0x32,
    0x82, 0x09, 0x27, 0xBB, 0x9C, 0x14, 0x70, 0x98, 0x6A, 0xC6, 0x04, 0x4E, 0xEE, 0x3B, 0x59, 0xED,
    0x4C, 0x33, 0xA3, 0x06, 0x26, 0x5F, 0x81, 0xF7, 0xDD, 0x8C, 0x6F, 0xF7, 0x30, 0x29, 0x8B, 0xC3,
    0x0B, 0xA5, 0x8A, 0xE5, 0xAD, 0x6A, 0xB1, 0x38, 0xB9, 0xB0, 0xD4, 0x2C, 0xD1, 0x0E, 0xC3, 0xC5,
    0xBD, 0xF5, 0x39, 0x7D, 0x05, 0xE4, 0x00, 0x6F, 0x08, 0xAF, 0x09, 0xEB, 0x2C, 0x3F, 0xA9, 0xEC,
    0x24, 0xAB, 0x26, 0xD5, 0x37, 0x49, 0xA4, 0x09, 0x0F, 0x93, 0xA4, 0x9B, 0x24, 0xFE, 0x24, 0xED,
    0x27, 0x53, 0xCD, 0xF0, 0xCD, 0xD6, 0xAA, 0xFF, 0xEE, 0x67, 0xFC, 0xF9, 0xC8, 0x92, 0x59, 0x56,
    0x4D, 0xB2, 0x6A, 0xA9, 0x25, 0x1A, 0x97, 0x9A, 0x65, 0x55, 0xB0, 0x8F, 0x0E, 0x10, 0xF7, 0xCB,
    0xC8, 0x2D, 0xE0, 0xED, 0xA3, 0x46, 0x3C, 0xFD, 0xC9, 0xEA, 0xE3, 0x57, 0x14, 0xF7, 0x09, 0x64,
    0x22, 0x89, 0x95, 0x42, 0x66, 0xFB, 0x40, 0xF8, 0x8A, 0x4C, 0x7B, 0xEA, 0xAF, 0x67, 0xEB, 0xDA,
    0x36, 0x04, 0xEF, 0x40, 0xD4, 0x2F, 0x17, 0xB6, 0x16, 0x92, 0x65, 0xFD, 0xF4, 0x05, 0xB9, 0x69,
    0x8A, 0xC7, 0xFB, 0xB7, 0x59, 0xD4, 0x4C, 0x9B, 0xAC, 0xCA, 0x79, 0x9D, 0x5B, 0x5C, 0x52, 0xFB,
    0xB7, 0xE7, 0xE8, 0xE6, 0x38, 0xCE, 0x71, 0x28, 0x09, 0x6C, 0x49, 0xD8, 0x9E, 0x86, 0x6F, 0x5F,
    0xBF, 0xB0, 0xE7, 0xD2, 0xD6, 0xA5, 0x8D, 0x4B, 0x2B, 0x97, 0xE1, 0x5E, 0xC5, 0xBD, 0x88, 0xE3,
    0x49, 0x5F, 0x9F, 0xCE, 0xA4, 0x0B, 0x45, 0x49, 0xD6, 0xE8, 0x32, 0xB5, 0x49, 0x2F, 0x7C, 0x3A,
    0x17, 0x1E, 0xC5, 0xA4, 0x8B, 0x38, 0x53, 0x2D, 0xAF, 0xCF, 0x3C, 0x92, 0x0B, 0xC1, 0xC8, 0xA7,
    0x46, 0x5C, 0xCD, 0x30, 0x0D, 0x81, 0x2E, 0x35, 0x81, 0x1F, 0x98, 0xD1, 0x2E, 0xEB, 0xE9, 0xA5,
    0xB2, 0x18, 0xE1, 0xF2, 0xC7, 0xD7, 0xA2, 0xF5, 0x85, 0x43, 0x70, 0x0F, 0xC6, 0x8F, 0x7F, 0x5D,
    0xC2, 0xF5, 0xF8, 0x11, 0xDF, 0x85, 0xBE, 0x48, 0x47, 0x35, 0xF2, 0xEA, 0x27, 0x14, 0x41, 0x17,
    0xE4, 0x4A, 0xF4, 0x42, 0x70, 0x64, 0xDB, 0x4F, 0xDA, 0x8A, 0x59, 0x21, 0xBE, 0xC0, 0xF1, 0x50,
    0x56, 0x10, 0x75, 0x65, 0x8B, 0x1E, 0x33, 0x5B, 0xC4, 0x01, 0xD1, 0x89, 0xB7, 0x3D, 0x62, 0x59,
    0x89, 0x79, 0x23, 0xA6, 0x56, 0x8C, 0x07, 0x31, 0x1C, 0x45, 0xBC, 0xF2, 0x53, 0x16, 0xA2, 0x69,
    0xC4, 0xB4, 0x13, 0xE3, 0x5E, 0x8C, 0x46, 0x91, 0x29, 0x12, 0xEB, 0x37, 0x45, 0xF3, 0x9F, 0x62,
    0xF6, 0x13, 0x31, 0xF9, 0x8D, 0x18, 0x79, 0x31, 0x10, 0xA1, 0x16, 0x31, 0x22, 0x99, 0x5D, 0xB6,
    0xDF, 0xE4, 0xDD, 0x76, 0x41, 0x68, 0x92, 0x7B, 0xEB, 0xE3, 0x85, 0xA0, 0x38, 0xBA, 0xB1, 0x6D,
    0xCC, 0x7C, 0xCF, 0x58, 0x7B, 0xC7, 0xE4, 0xAE, 0x7B, 0x7C, 0x4B, 0x59, 0xF9, 0x8A, 0xBC, 0xF1,
    0x90, 0x09, 0x69, 0x33, 0xAD, 0x70, 0x8F, 0x87, 0x73, 0x20, 0xD9, 0xB1, 0x70, 0x61, 0x6F, 0x19,
    0x04, 0x62, 0x73, 0x38, 0x14, 0x72, 0x81, 0xD7, 0x05, 0x2E, 0x3D, 0x4B, 0x01, 0x39, 0x12, 0xEE,
    0x01, 0xC1, 0xF1, 0xE5, 0xB2, 0x58, 0x19, 0x92, 0x4A, 0x27, 0x00, 0xBE, 0x40, 0xB8, 0x07, 0x59,
    0xB5, 0xD9, 0xC6, 0x57, 0x2B, 0xEB, 0x34, 0x82, 0x7C, 0x16, 0x4D, 0x2B, 0xEE, 0x14, 0xE7, 0x6D,
    0x58, 0xEB, 0xA9, 0x17, 0x91, 0x95, 0xC7, 0x2E, 0x6B, 0xA1, 0xAC, 0x97, 0x47, 0x75, 0x24, 0xC3,
    0xBA, 0x66, 0xF8, 0x2C, 0x7B, 0x65, 0xB9, 0x4A, 0x6C, 0xD8, 0x1C, 0x59, 0x84, 0x2D, 0x10, 0x05,
    0x6E, 0x6B, 0x09, 0x93, 0xB7, 0xD3, 0xBF, 0xF3, 0x13, 0xEF, 0xA7, 0xDF, 0xF7, 0xBE, 0xB9, 0x9A,
    0xFA, 0x3B, 0xA5, 0x25, 0x1D, 0x49, 0x7A, 0x52, 0x4B, 0x34, 0x90, 0x76, 0x84, 0x33, 0x5B, 0xC2,
    0x91, 0xB4, 0x79, 0x8A, 0x7C, 0xA4, 0x4E, 0x35, 0x95, 0x98, 0xB7, 0x87, 0x9D, 0x1A, 0x0D, 0x62,
    0xE8, 0x8E, 0x74, 0xAA, 0xA9, 0xC4, 0xAC, 0x15, 0x53, 0x2B, 0x46, 0x83, 0x18, 0x38, 0x91, 0x3A,
    0x12, 0xCD, 0xDF, 0x8B, 0xD9, 0x0F, 0xC5, 0xE4, 0x57, 0x9F, 0xD0, 0x9D, 0xE2, 0xBA, 0x89, 0x4D,
    0xEC, 0x1E, 0xDA, 0x3E, 0xE5, 0x7D, 0x25, 0x4E, 0x88, 0xF7, 0x7F, 0xB7, 0x73, 0x4B, 0x3F, 0x31,
    0x4D, 0xD7, 0x7D, 0x71, 0x2A, 0x9D, 0xCB, 0xC9, 0xC8, 0x04, 0xD3, 0x6C, 0xBF, 0x63, 0x4E, 0x32,
    0xB6, 0x67, 0xBB, 0xD3, 0x42, 0xBB, 0x2E, 0xD6, 0x64, 0x39, 0xF8, 0x50, 0x08, 0x6A, 0xBF, 0xA7,
    0x7A, 0xBC, 0x77, 0x92, 0xC4, 0xCB, 0xCB, 0x70, 0x8E, 0xA5, 0x25, 0x1E, 0x35, 0x94, 0x35, 0x26,
    0x88, 0xC6, 0xCD, 0xB8, 0x9A, 0xD4, 0x16, 0x9B, 0x27, 0xA4, 0x50, 0x16, 0x9B, 0xC7, 0x9E, 0x55,
    0x8D, 0x92, 0x46, 0x09, 0xF9, 0x27, 0x27, 0xA6, 0x29, 0x51, 0x52, 0x99, 0x42, 0x49, 0xB1, 0xD4,
    0x99, 0x6F, 0x5A, 0x50, 0x7B, 0xA1, 0xDB, 0xB6, 0x1E, 0xFA, 0x42, 0xB6, 0x68, 0x6B, 0x99, 0x6F,
    0x90, 0x9D, 0xD3, 0x66, 0x42, 0xEE, 0xD6, 0x07, 0xB8, 0xBF, 0x6F, 0x33, 0xBA, 0x3C, 0x5E, 0x9E,
    0xE3, 0x85, 0x72, 0x2F, 0x51, 0xE7, 0x64, 0x1D, 0xDA, 0xA7, 0xAB, 0xBD, 0x57, 0xEA, 0xEF, 0x5A,
    0x53, 0xEC, 0xB4, 0xC5, 0xE0, 0x56, 0x4C, 0xC2, 0x81, 0x4E, 0x94, 0xA0, 0x6F, 0xD2, 0x24, 0x36,
    0x57, 0xB1, 0x54, 0x15, 0xC4, 0x73, 0x55, 0x04, 0xAA, 0x94, 0x5C, 0x96, 0xA0, 0x16, 0xA3, 0x8A,
    0x7F, 0x53, 0xD2, 0x62, 0x61, 0xD9, 0xDE, 0x21, 0x93, 0x1A, 0x25, 0xF9, 0x24, 0x42, 0xC1, 0x1F,
    0x62, 0x17, 0x04, 0x2D, 0x5F, 0x24, 0xB0, 0xDC, 0x82, 0xE9, 0xFA, 0x20, 0xCD, 0x2D, 0x64, 0xCB,
    0xB6, 0xF5, 0x33, 0xE9, 0x0C, 0x5E, 0xF9, 0xDB, 0x7B, 0x4A, 0xCA, 0x68, 0x54, 0xA2, 0x27, 0xD1,
    0x10, 0x0E, 0xA9, 0xFC, 0x8C, 0xBA, 0x5C, 0x5E, 0xA7, 0xD5, 0xDB, 0x00, 0x3B, 0x5C, 0xFA, 0x43,
    0xEC, 0x13, 0x7D, 0x33, 0xDE, 0x57, 0xA5, 0x0E, 0xCA, 0x70, 0xD8, 0x48, 0x10, 0xF6, 0x69, 0x43,
    0xD4, 0xE6, 0x10, 0xF0, 0xC2, 0x19, 0x75, 0xCC, 0xA1, 0xC2, 0x73, 0xE8, 0xC9, 0xBC, 0xC2, 0x40,
    0xBD, 0x49, 0x43, 0xBF, 0x87, 0xD4, 0x90, 0x9F, 0x4A, 0xE5, 0xB6, 0x52, 0xE9, 0xAC, 0xD4, 0x34,
    0x4B, 0x5A, 0x29, 0x95, 0xD8, 0x4A, 0x1F, 0x8A, 0xF3, 0x85, 0xAE, 0x56, 0xEA, 0xBD, 0x3D, 0x96,
    0x2E, 0xC7, 0x8F, 0xC6, 0x72, 0x49, 0x4D, 0x71, 0xBC, 0x7E, 0xB5, 0xB7, 0xB4, 0x7F, 0xCC, 0x1E,
    0x09, 0xAF, 0x54, 0xCA, 0xCB, 0xDE, 0xD5, 0xFE, 0x70, 0x49, 0x17, 0xF1, 0x95, 0xB0, 0x53, 0x48,
    0xD8, 0x36, 0xF0, 0x4E, 0xA7, 0x87, 0xD4, 0xFB, 0x2A, 0x71, 0x5F, 0x99, 0xF2, 0x9F, 0xDE, 0xEC,
    0xB2, 0x96, 0xB2, 0x46, 0x4B, 0x80, 0x64, 0xA3, 0xA6, 0x46, 0x48, 0x37, 0x8B, 0x59, 0x9A, 0x87,
    0x71, 0x13, 0xC4, 0xDB, 0xD4, 0x7B, 0x3F, 0xB9, 0x23, 0xE9, 0x6F, 0xF7, 0xF7, 0xDF, 0xD5, 0x71,
    0x0B, 0x2C, 0xF9, 0x50, 0xB9, 0x01, 0x30, 0xAA, 0x07, 0x50, 0xBD, 0x13, 0x9B, 0x55, 0xA0, 0xBA,
    0xE2, 0xC5, 0x64, 0x9A, 0xDB, 0x7D, 0x70, 0x43, 0x5F, 0x60, 0x86, 0x64, 0x8E, 0xE4, 0xBE, 0xA5,
    0x5E, 0xF6, 0xC9, 0x06, 0x57, 0x97, 0x35, 0x35, 0x65, 0x57, 0xD9, 0x45, 0x94, 0x60, 0x3C, 0xE1,
    0x26, 0x1D, 0xF9, 0xF4, 0xB3, 0x62, 0x86, 0xEF, 0x05, 0x4F, 0xC9, 0x05, 0x5F, 0x95, 0xCB, 0x00,
    0x4E, 0xBB, 0x2D, 0x12, 0x2B, 0x74, 0xEB, 0xB1, 0x76, 0xC9, 0x12, 0xF8, 0xA2, 0xD4, 0xA0, 0x98,
    0xD1, 0x09, 0x15, 0x25, 0x92, 0x83, 0xC4, 0xA2, 0x79, 0x7C, 0x46, 0x38, 0xCE, 0xC0, 0x0B, 0x65,
    0xB1, 0xD6, 0xBC, 0x56, 0x1A, 0x49, 0xAE, 0xC0, 0x11, 0xBC, 0xBB, 0xAC, 0x6E, 0x64, 0x0D, 0x06,
    0xDE, 0x5F, 0x97, 0xFF, 0x76, 0xC7, 0xC4, 0x8F, 0x66, 0x1A, 0xFD, 0xBB, 0xBE, 0xC7, 0x37, 0xF8,
    0x02, 0x0F, 0x93, 0x5E, 0xB8, 0x8F, 0x7F, 0x3D, 0x3F, 0xDE, 0x1D, 0x09, 0xDF, 0x10, 0x9C, 0x30,
    0x6E, 0x9F, 0x61, 0x87, 0x76, 0xBB, 0x46, 0x17, 0xA0, 0x70, 0xB9, 0x30, 0xA1, 0x6F, 0x4C, 0xEA,
    0x2B, 0x63, 0x7E, 0x5E, 0x18, 0x07, 0xC6, 0xCE, 0xB1, 0x55, 0xF5, 0xEA, 0xD2, 0x25, 0x16, 0x8F,
    0x1E, 0x61, 0xDD, 0xDE, 0x25, 0x81, 0xC9, 0x75, 0x7C, 0xF9, 0xC2, 0xF1, 0xDE, 0x72, 0x65, 0xFF,
    0xE4, 0xAD, 0x56, 0xCF, 0xDF, 0xB0, 0xF9, 0xC2, 0x6C, 0x75, 0x3E, 0xFF, 0x4B, 0xBA, 0x03, 0xA2,
    0x8F, 0x06, 0xF0, 0x76, 0x23, 0xD2, 0x0E, 0x70, 0x5A, 0x5A, 0x2E, 0xFB, 0xA3, 0x06, 0x64, 0xD0,
    0xF6, 0x96, 0xB2, 0x04, 0x18, 0x84, 0x63, 0x3A, 0xF1, 0xB2, 0x7F, 0x00, 0xDE, 0xFB, 0x26, 0x16,
    0xD2, 0x81, 0x97, 0x8B, 0xAC, 0x45, 0x85, 0x84, 0x6A, 0x45, 0xB3, 0xFD, 0xC4, 0xA6, 0x12, 0x3B,
    0xD2, 0x94, 0x85, 0x9F, 0x74, 0xD0, 0x77, 0xA0, 0xCB, 0x0E, 0x24, 0x5E, 0xCD, 0xD7, 0xCA, 0xAA,
    0x3A, 0xD4, 0xBA, 0xE4, 0x58, 0xA0, 0x3F, 0x75, 0xE2, 0xCB, 0x50, 0x36, 0xE6, 0xB7, 0xDF, 0xF5,
    0x18, 0xEF, 0xC7, 0xD9, 0x00, 0xDF, 0x2E, 0x9B, 0x1D, 0xB8, 0xB2, 0x27, 0xB7, 0x0F, 0x7F, 0xAF,
    0x63, 0x21, 0x39, 0x14, 0x4B, 0x1B, 0xFC, 0x03, 0xEF, 0xEF, 0xEB, 0x9A, 0x92, 0xFF, 0xF4, 0x8F,
    0x34, 0x05, 0x5C, 0x32, 0x80, 0xA2, 0x4A, 0x65, 0x03, 0xC4, 0xAA, 0xAC, 0x9E, 0x20, 0xD1, 0x9B,
    0xB2, 0x87, 0x78, 0x54, 0x65, 0xCB, 0x98, 0x1E, 0xFF, 0x98, 0x70, 0x34, 0x77, 0xBE, 0xDA, 0x1B,
    0xEF, 0xBB, 0x97, 0xFD, 0x24, 0xFD, 0x81, 0x77, 0x91, 0x4B, 0xA8, 0x94, 0x06, 0xDF, 0xF7, 0xEC,
    0x66, 0x1E, 0x0B, 0x06, 0x6E, 0x43, 0xC1, 0xCE, 0x73, 0x2A, 0xD8, 0xFA, 0x6C, 0xA2, 0x74, 0xE0,
    0x4A, 0x8E, 0x3D, 0x4B, 0x39, 0x3D, 0xC1, 0x9E, 0x2F, 0x21, 0x2E, 0xAC, 0x17, 0xA7, 0x78, 0x40,
    0xF5, 0xA1, 0x46, 0x0B, 0x15, 0x10, 0x4A, 0xC0, 0x4C, 0xC2, 0xFD, 0x53, 0x12, 0xE4, 0xA5, 0x16,
    0x92, 0x6A, 0x63, 0xE4, 0x05, 0x65, 0x7B, 0x63, 0x89, 0x1F, 0x40, 0x3D, 0xCE, 0xB1, 0xD5, 0x16,
    0x86, 0x57, 0x54, 0xDC, 0x81, 0x79, 0xB3, 0x87, 0xF4, 0xC3, 0x56, 0x0D, 0x55, 0x10, 0x7A, 0x80,
    0x6B, 0xCF, 0xEB, 0x47, 0xF2, 0x62, 0x11, 0xDC, 0xD5, 0x2F, 0x2B, 0xC3, 0x21, 0xAF, 0x98, 0x26,
    0x30, 0x23, 0xA4, 0x16, 0x82, 0xE2, 0x54, 0x3F, 0x92, 0xA5, 0x9F, 0x43, 0x51, 0x1F, 0xE1, 0xE1,
    0xD6, 0xAE, 0xE7, 0x85, 0xAF, 0x0A, 0xBC, 0x26, 0x50, 0x17, 0x62, 0xD6, 0x89, 0xA1, 0x15, 0x03,
    0x91, 0x58, 0x8C, 0x7C, 0x2B, 0x4E, 0x00, 0x9F, 0x5F, 0x76, 0x7D, 0x8D, 0x9B, 0x18, 0xCE, 0x31,
    0xF7, 0xBE, 0x2A, 0xE7, 0xF8, 0x92, 0xDB, 0x2D, 0xF4, 0xF7, 0xA7, 0x89, 0x81, 0xA2, 0x03, 0xFC,
    0x1D, 0x89, 0x56, 0x91, 0xCD, 0x31, 0xFA, 0x2F, 0x88, 0x9B, 0x65, 0x40, 0xBA, 0x65, 0x30, 0x1A,
    0xE0, 0x60, 0x1D, 0x90, 0xCB, 0xCF, 0x95, 0x4A, 0xB9, 0x42, 0xF6, 0x1F, 0x9B, 0x9F, 0x2B, 0x59,
    0x19, 0x2F, 0x5B, 0xC1, 0x9F, 0xF4, 0x73, 0xA5, 0xF3, 0xD0, 0x2B, 0xCB, 0x0A, 0x66, 0xDA, 0x0A,
    0x8D, 0x50, 0xCD, 0x9A, 0x67, 0x12, 0xFD, 0x55, 0x29, 0xFE, 0xA2, 0x00, 0xA1, 0x20, 0xE1, 0x29,
    0x05, 0x49, 0xAF, 0x63, 0x3C, 0x2E, 0x02, 0x21, 0x70, 0x2C, 0x3D, 0xA1, 0xAE, 0x80, 0x4C, 0xE0,
    0xDA, 0xD3, 0xD2, 0x6D, 0xF9, 0xA5, 0xD0, 0xC2, 0x50, 0x7C, 0x3A, 0xBA, 0x3D, 0xC6, 0xB8, 0x34,
    0xDE, 0x2B, 0xF2, 0xA7, 0xD3, 0xFE, 0xA3, 0x8F, 0x4B, 0x49, 0x11, 0x14, 0xEC, 0x41, 0x3E, 0x86,
    0xAD, 0x64, 0xF9, 0xE7, 0x06, 0x86, 0x5C, 0xA7, 0x6C, 0x38, 0x9D, 0xB4, 0x62, 0x71, 0x1B, 0xC8,
    0x9A, 0xFA, 0x19, 0xF2, 0xF0, 0x87, 0x76, 0xA6, 0x32, 0x95, 0xFA, 0x29, 0x6F, 0xC1, 0x93, 0x0E,
    0x68, 0xF7, 0x98, 0xFF, 0x79, 0xDD, 0x83, 0xF7, 0xBE, 0x55, 0xFF, 0x4E, 0xB0, 0x4C, 0x88, 0x9F,
    0xE5, 0x02, 0xD4, 0x5D, 0x5A, 0x04, 0x7E, 0xBA, 0x49, 0xD4, 0xD5, 0x8E, 0xA8, 0x49, 0x06, 0x02,
    0x8E, 0x05, 0x53, 0x10, 0xDB, 0x27, 0x44, 0x22, 0xA4, 0xD6, 0x34, 0x64, 0x36, 0x6F, 0xD1, 0x7E,
    0xCE, 0xF9, 0x67, 0x59, 0xB1, 0x36, 0x89, 0xA2, 0xED, 0xA2, 0x9B, 0x3B, 0x61, 0x6D, 0xC1, 0x42,
    0x7D, 0x54, 0x6C, 0xB9, 0xA3, 0x23, 0xE7, 0x50, 0xDC, 0x93, 0x17, 0xDD, 0xCE, 0x40, 0xD2, 0x2F,
    0x13, 0x17, 0xA0, 0x3D, 0x5A, 0x90, 0xDF, 0x91, 0x47, 0xA9, 0xCC, 0x21, 0xF4, 0xDD, 0xF2, 0xB4,
    0xEC, 0x7C, 0xCA, 0xDB, 0xF1, 0xA5, 0xF5, 0xFF, 0x81, 0x18, 0x1F, 0xFE, 0x7F, 0x20, 0xCE, 0x42,
    0x68, 0x5E, 0x91, 0x59, 0x81, 0x64, 0x25, 0xFA, 0x71, 0x0F, 0xC4, 0xD5, 0x2D, 0xC4, 0xD7, 0xC4,
    0xE6, 0x3D, 0x1D, 0xFF, 0x48, 0xC7, 0xF1, 0xED, 0xB9, 0x96, 0x9E, 0x7B, 0x2C, 0x37, 0x82, 0xE9,
    0x5B, 0x2D, 0x7C, 0x2E, 0xEC, 0xE0, 0x4B, 0xC1, 0x8C, 0x4C, 0xEF, 0xD2, 0x0F, 0x1B, 0x88, 0x7C,
    0x71, 0x76, 0x3D, 0x11, 0xDE, 0xD3, 0x9E, 0x97, 0xB8, 0x37, 0xCD, 0xF2, 0xED, 0x98, 0xBC, 0x72,
    0xC0, 0x1B, 0xA1, 0xD4, 0x1F, 0x22, 0xA9, 0x7F, 0x35, 0x38, 0xAF, 0xEA, 0x5F, 0xDC, 0xFB, 0xA6,
    0xCA, 0x4D, 0x60, 0xFE, 0x6C, 0x84, 0x83, 0xC8, 0x12, 0x0C, 0x49, 0x43, 0xD4, 0x65, 0x68, 0xD5,
    0xF2, 0x0C, 0x34, 0x7F, 0xEE, 0xD5, 0xF3, 0x95, 0xD4, 0xBB, 0x89, 0xC2, 0x2D, 0x81, 0xE1, 0x77,
    0x38, 0x0A, 0x78, 0x2B, 0x1A, 0x7B, 0x06, 0x2A, 0x26, 0x8D, 0x5C, 0x02, 0x78, 0x5B, 0x78, 0x7F,
    0x35, 0xCA, 0x09, 0x72, 0x87, 0x5C, 0x50, 0x20, 0xB8, 0x27, 0x1E, 0xF9, 0x8D, 0x21, 0xA9, 0xAF,
    0x16, 0x73, 0xBF, 0xD3, 0x29, 0xD1, 0xD0, 0xD8, 0x64, 0x0F, 0x7B, 0x3E, 0xD8, 0x14, 0x2A, 0x78,
    0x81, 0x93, 0x42, 0xB9, 0x2C, 0x5D, 0xC8, 0xC8, 0xC8, 0x21, 0x93, 0x2B, 0xA2, 0x89, 0xCD, 0x6A,
    0x75, 0xEC, 0x21, 0xED, 0xB2, 0x86, 0xC4, 0x17, 0x68, 0x87, 0x2B, 0xE9, 0x8F, 0x2A, 0xB2, 0x26,
    0xED, 0xC8, 0xBE, 0xDF, 0x90, 0x57, 0x89, 0x25, 0xFF, 0x4E, 0x83, 0x29, 0x62, 0x8B, 0xF9, 0xCB,
    0x6E, 0xB3, 0xAD, 0xDC, 0xC4, 0xCB, 0xB2, 0xD3, 0xED, 0xC8, 0x72, 0x40, 0x38, 0xF2, 0xC1, 0x7C,
    0xD4, 0xA9, 0xA1, 0x31, 0x18, 0x67, 0xE2, 0xF4, 0x76, 0x3E, 0xCE, 0x14, 0x0E, 0xB8, 0x68, 0x80,
    0x3A, 0xEA, 0x37, 0x56, 0x9B, 0xC8, 0x52, 0xC6, 0x16, 0xCC, 0x5B, 0x1D, 0x26, 0xB1, 0x90, 0x7F,
    0xBB, 0x9D, 0x1B, 0xE9, 0x50, 0x93, 0x73, 0x6C, 0x21, 0x9D, 0xDF, 0x28, 0x92, 0x7E, 0x58, 0x29,
    0x22, 0xFB, 0x88, 0xE7, 0x38, 0x63, 0x11, 0x26, 0x9A, 0xB6, 0x6F, 0x1C, 0x84, 0x13, 0x33, 0x96,
    0x9B, 0xBC, 0xE5, 0x82, 0xAD, 0xE0, 0x1B, 0x91, 0x50, 0x7D, 0xBF, 0xFE, 0x86, 0x62, 0xF9, 0x5D,
    0x23, 0x1A, 0xDB, 0x59, 0xA5, 0xF4, 0x92, 0xF4, 0x3B, 0x49, 0x3A, 0x75, 0x6A, 0x63, 0x0A, 0x6A,
    0x69, 0x61, 0x2A, 0x7C, 0x8B, 0x29, 0xF2, 0x06, 0x2D, 0xC3, 0x91, 0x35, 0xC1, 0x6F, 0x2C, 0x35,
    0x69, 0x1B, 0xFD, 0x52, 0xEE, 0xA7, 0x5D, 0xF4, 0x8B, 0x01, 0x2D, 0xCA, 0xC6, 0x9D, 0x54, 0x88,
    0x6C, 0xD2, 0x8E, 0xE1, 0x40, 0xD4, 0xA7, 0x8D, 0x5C, 0x0F, 0x87, 0xAC, 0x2A, 0xF5, 0x99, 0x1E,
    0xF3, 0x42, 0x12, 0x32, 0x1A, 0xF2, 0x59, 0x53, 0xDC, 0x1B, 0x64, 0xDF, 0x69, 0xE1, 0xE0, 0xED,
    0x8D, 0xD7, 0xE5, 0xFB, 0xEA, 0x06, 0x30, 0xE3, 0xC6, 0x67, 0xD3, 0x6F, 0x3C, 0xCD, 0xEC, 0x26,
    0x4D, 0xAD, 0x1C, 0x5E, 0xDD, 0xF4, 0xCD, 0xEA, 0x62, 0xF2, 0xAB, 0x61, 0x75, 0x4F, 0xCE, 0x9D,
    0xE0, 0x9A, 0x4E, 0xCD, 0x76, 0xA8, 0xDA, 0xCA, 0x34, 0x20, 0xFB, 0xC1, 0x91, 0xD8, 0xE5, 0xFF,
    0x1C, 0x90, 0xA5, 0x72, 0x02, 0xA6, 0xE5, 0x51, 0xC0, 0x66, 0xD5, 0xAF, 0x44, 0x35, 0x4F, 0x6A,
    0xFF, 0xC7, 0xA3, 0xC4, 0x54, 0x5B, 0x44, 0x6A, 0x97, 0xC0, 0xB7, 0x87, 0x72, 0x9B, 0xE2, 0x09,
    0x19, 0xAC, 0xEB, 0x5F, 0xA9, 0x6A, 0xCC, 0xBF, 0xDF, 0xC1, 0xC1, 0x66, 0xFD, 0xEB, 0xE0, 0xE1,
    0xF5, 0xAF, 0x5A, 0xFD, 0x5E, 0x2E, 0x3F, 0x9A, 0x8A, 0x35, 0xA6, 0x13, 0xAB, 0x61, 0xDC, 0x26,
    0x1D, 0x59, 0xA3, 0x51, 0x5B, 0x69, 0xC4, 0x16, 0xE1, 0xA8, 0xAC, 0x23, 0x93, 0x14, 0x18, 0xD1,
    0x7A, 0xDA, 0xB2, 0xF8, 0x91, 0xFF, 0x83, 0x85, 0xF4, 0x7B, 0x1D, 0x24, 0x3F, 0x6A, 0x20, 0x5E,
    0x27, 0xB9, 0xC0, 0x03, 0x4C, 0x82, 0x5B, 0x9F, 0x08, 0x0C, 0xF2, 0xDC, 0x1E, 0x5D, 0xCA, 0xFC,
    0x77, 0xE5, 0xAD, 0x95, 0xA3, 0xD4, 0xA1, 0xE5, 0x42, 0x9D, 0x55, 0xB7, 0xD1, 0xF9, 0x7A, 0x7D,
    0xAF, 0xE3, 0x4B, 0x38, 0x67, 0xFD, 0x41, 0xA8, 0x0E, 0x89, 0x46, 0x35, 0x65, 0xD7, 0x27, 0xEF,
    0x00, 0xE3, 0xEF, 0x2C, 0xE0, 0x1A, 0x3D, 0xD9, 0x12, 0x06, 0x23, 0xAC, 0x45, 0x5A, 0xD8, 0x3E,
    0x29, 0x84, 0xC0, 0x6D, 0xEB, 0x4B, 0x3E, 0xF9, 0x64, 0x77, 0xEC, 0xE4, 0xF4, 0xFB, 0x4E, 0x7A,
    0xEF, 0xC7, 0x43, 0x6C, 0x7E, 0x17, 0x56, 0xCE, 0xD1, 0x43, 0xB8, 0xAC, 0xDD, 0xA6, 0x5A, 0xBB,
    0x3D, 0x66, 0xEA, 0xA8, 0x78, 0x79, 0xF7, 0x2B, 0xE3, 0xB2, 0x35, 0xBC, 0x5D, 0x9F, 0xAE, 0xC9,
    0x0A, 0x75, 0xB6, 0x9A, 0x91, 0xBF, 0x12, 0x62, 0x5A, 0xAE, 0xA5, 0xBD, 0x7A, 0x7F, 0xD3, 0xF9,
    0xE5, 0xFE, 0xFE, 0xBD, 0xDA, 0xFB, 0x51, 0x11, 0x3E, 0xBF, 0x0E, 0x18, 0xBF, 0xBE, 0x7B, 0x51,
    0xE0, 0x79, 0x94, 0x28, 0xAC, 0xE4, 0xC7, 0x61, 0x0C, 0x0B, 0xE0, 0xF4, 0xE4, 0x09, 0xEE, 0x72,
    0x05, 0x3E, 0xE0, 0x03, 0xED, 0x4E, 0x19, 0x74, 0x6D, 0xEF, 0x20, 0xF2, 0xD5, 0xF6, 0x83, 0x76,
    0xED, 0x39, 0xD4, 0xE8, 0x0A, 0xC1, 0x5D, 0x4D, 0x8B, 0x51, 0x6F, 0x8A, 0xCD, 0x7A, 0xE3, 0x00,
    0x99, 0x85, 0x9D, 0xE2, 0xD4, 0x74, 0xE2, 0x9B, 0x7B, 0xB1, 0xEF, 0x33, 0x6F, 0x4D, 0x7B, 0xB5,
    0x84, 0x03, 0x54, 0xC0, 0x3D, 0xF1, 0xEB, 0xFF, 0x01, 0xCC, 0x94, 0x81, 0xA6, 0xE5, 0x46, 0x18,
    0xC7, 0xFF, 0x39, 0xB1, 0x1B, 0x1C, 0x0C, 0x58, 0xDA, 0x16, 0x79, 0x84, 0x3C, 0x42, 0xC2, 0x45,
    0x01, 0x2E, 0x7A, 0x2F, 0x14, 0xA0, 0xD8, 0xBE, 0xC4, 0x4E, 0xAA, 0x2F, 0x70, 0x1F, 0x61, 0x01,
    0x7A, 0xFB, 0x0C, 0xB7, 0x99, 0xDA, 0x17, 0x38, 0x14, 0x50, 0x08, 0x8B, 0xD2, 0x62, 0xA3, 0x42,
    0xE3, 0x6E, 0x66, 0xBE, 0x7E, 0xF3, 0xCD, 0x37, 0x73, 0x9C, 0x5D, 0x4B, 0x5B, 0x5D, 0xFA, 0x39,
    0xF9, 0xFE, 0xBF, 0x24, 0x93, 0xC9, 0xE4, 0x77, 0xCD, 0x85, 0xD4, 0x37, 0x29, 0x30, 0x01, 0xD5,
    0x44, 0x77, 0x20, 0xA0, 0x25, 0xF2, 0xF0, 0xC0, 0x44, 0x44, 0xDF, 0xEE, 0x38, 0xD0, 0x08, 0xFB,
    0xFB, 0x8A, 0x66, 0x07, 0x8E, 0x74, 0x82, 0x59, 0x80, 0x3A, 0x00, 0xED, 0x09, 0x00, 0x67, 0xEF,
    0xD2, 0xE3, 0xFD, 0xC8, 0x69, 0x87, 0xF8, 0x93, 0x93, 0x09, 0x31, 0x5D, 0xCA, 0xEE, 0x6F, 0xA4,
    0x8E, 0xB7, 0x92, 0x23, 0x7A, 0x99, 0x67, 0x28, 0xF3, 0x77, 0xFA, 0xBE, 0xF8, 0xFE, 0xC3, 0x8E,
    0xB4, 0x9E, 0x8D, 0x99, 0x78, 0xCC, 0x12, 0xC7, 0x3C, 0xFE, 0x40, 0x0E, 0xB2, 0xFE, 0xC0, 0x81,
    0x8A, 0x68, 0x86, 0xC0, 0x97, 0xB8, 0xA8, 0xE3, 0xA2, 0xBD, 0xBA, 0x81, 0x99, 0x61, 0x69, 0x36,
    0xEE, 0x40, 0xE4, 0xFB, 0xF1, 0x18, 0x6E, 0x89, 0xD0, 0xCE, 0xE8, 0x37, 0xF4, 0xA3, 0xDC, 0x04,
    0x9A, 0x05, 0x13, 0x50, 0xAF, 0x08, 0xA5, 0x6F, 0xF0, 0xE7, 0xAE, 0x57, 0x7E, 0x8C, 0x77, 0x75,
    0x64, 0x2F, 0xD3, 0xF7, 0x2E, 0xCE, 0xC0, 0x3F, 0x86, 0x86, 0x67, 0x1E, 0x50, 0x45, 0xB5, 0x40,
    0x97, 0x16, 0x76, 0x5E, 0xD6, 0xF7, 0x29, 0xC2, 0x0B, 0x00, 0xAD, 0xF3, 0x53, 0x8C, 0x9F, 0x76,
    0x89, 0x57, 0x9B, 0xC4, 0x2F, 0x8B, 0x04, 0x39, 0x09, 0x0F, 0x09, 0xF7, 0x51, 0xC2, 0x72, 0x74,
    0x29, 0xFA, 0x91, 0x7F, 0x1C, 0x83, 0xD8, 0x27, 0xC0, 0x6C, 0x68, 0x3C, 0x50, 0xD3, 0x6F, 0xD3,
    0x06, 0x80, 0x92, 0xE2, 0xCF, 0x93, 0x70, 0x3C, 0x1B, 0x70, 0x59, 0x7D, 0xBA, 0x60, 0x35, 0xE2,
    0x79, 0xB3, 0x04, 0x89, 0x3F, 0x76, 0x09, 0x5A, 0x53, 0x38, 0x89, 0x15, 0x69, 0xC8, 0xBF, 0x8B,
    0x63, 0x0A, 0x13, 0xC3, 0xA1, 0xE5, 0xE0, 0x55, 0x5B, 0x0E, 0xE3, 0xBF, 0x7A, 0xCB, 0xD1, 0x10,
    0xBD, 0xE6, 0xC0, 0x44, 0x57, 0x31, 0xAA, 0x6B, 0x9C, 0xEB, 0x39, 0x9E, 0x8E, 0x8A, 0xDD, 0xD0,
    0x0D, 0x8A, 0x66, 0x0E, 0x4A, 0xA8, 0xDF, 0x6E, 0x19, 0x41, 0x73, 0x41, 0xEB, 0x0A, 0x3E, 0xC3,
    0x07, 0xCA, 0xD2, 0xE3, 0x00, 0x18, 0x22, 0xF2, 0x96, 0x8F, 0x84, 0x81, 0x91, 0x4E, 0x8A, 0x78,
    0x32, 0xAD, 0xF2, 0x92, 0xDD, 0x02, 0x47, 0x1F, 0xB1, 0x59, 0x19, 0x2B, 0x8A, 0x68, 0x16, 0x46,
    0xD8, 0x51, 0xFE, 0x2E, 0x56, 0xBA, 0x48, 0xB5, 0xD0, 0x5D, 0x48, 0xB0, 0xB2, 0x58, 0xD9, 0x18,
    0x8C, 0x62, 0xA2, 0x59, 0x0B, 0x9A, 0x45, 0xB0, 0x61, 0xEC, 0x5C, 0x41, 0x3B, 0x94, 0x01, 0x04,
    0x45, 0x9E, 0xA0, 0x60, 0xB3, 0x41, 0xE7, 0x15, 0xA5, 0xFA, 0xB6, 0xCE, 0x31, 0xEA, 0x4E, 0x1D,
    0x13, 0x72, 0x12, 0x04, 0x2B, 0x92, 0x09, 0x90, 0xBE, 0xA2, 0xD9, 0x04, 0xAB, 0x69, 0x95, 0x09,
    0x90, 0xBE, 0xB8, 0x23, 0x2E, 0xC6, 0x80, 0x8C, 0xE1, 0x4E, 0x11, 0x52, 0x87, 0xBB, 0xF2, 0x5F,
    0xA9, 0xDA, 0xAA, 0x5D, 0xF5, 0x61, 0xE2, 0x25, 0x59, 0xDD, 0x3F, 0x6F, 0x9C, 0x4E, 0x06, 0x43,
    0x80, 0xEA, 0xAB, 0xBD, 0xBE, 0x38, 0x6D, 0xAD, 0xA2, 0xAF, 0x2C, 0x32, 0x63, 0xE7, 0x8E, 0x44,
    0xA4, 0xFA, 0x0A, 0x9A, 0xB9, 0xBA, 0xB9, 0xA1, 0xA2, 0x04, 0xBE, 0x60, 0xBD, 0xAB, 0x33, 0x39,
    0xCD, 0x68, 0x4E, 0x65, 0x40, 0x3F, 0x16, 0x9C, 0x90, 0xB1, 0xF2, 0x45, 0x5F, 0xBD, 0x65, 0x7D,
    0x32, 0x46, 0xF5, 0xB5, 0xAE, 0xAC, 0xAC, 0x1F, 0xCA, 0x7A, 0x43, 0xD6, 0x27, 0x26, 0x55, 0x5F,
    0xBD, 0x16, 0x7D, 0xE6, 0xF1, 0xFE, 0x7E, 0x48, 0xFA, 0x0C, 0x11, 0x8D, 0x51, 0x9F, 0xA2, 0xB8,
    0xAB, 0x5E, 0xE2, 0x33, 0xA4, 0x25, 0x3E, 0xE0, 0x41, 0xA9, 0xFF, 0x6E, 0x53, 0x32, 0x6F, 0x66,
    0xA5, 0x9A, 0x46, 0xA5, 0x8A, 0xA0, 0xC4, 0xDE, 0x94, 0xA4, 0x9E, 0x5C, 0x67, 0x9A, 0xE8, 0x8B,
    0xA5, 0x26, 0x22, 0xC7, 0xED, 0xD7, 0x44, 0xC6, 0xDF, 0xD2, 0xC2, 0xCA, 0xAC, 0xEB, 0x66, 0xD9,
    0x65, 0xB0, 0x51, 0x44, 0x57, 0xDC, 0x19, 0xA6, 0x7A, 0xC3, 0xC4, 0x94, 0xCC, 0x05, 0xEE, 0x49,
    0x1C, 0x53, 0x93, 0xBC, 0xF9, 0x44, 0x13, 0x94, 0xAA, 0x1D, 0x7A, 0xB7, 0xDE, 0xA0, 0x4F, 0xA8,
    0x57, 0x0E, 0x55, 0x66, 0x16, 0x31, 0xC6, 0x8F, 0xB7, 0x32, 0x2B, 0x64, 0x05, 0xE2, 0xCB, 0x04,
    0xDE, 0xEA, 0x75, 0xB8, 0xBF, 0x1F, 0x6B, 0xA2, 0x9F, 0x97, 0x26, 0xAE, 0x14, 0x96, 0xAE, 0x94,
    0xCA, 0x9E, 0xB7, 0xB1, 0x3D, 0x48, 0xF7, 0xFF, 0x8B, 0x4E, 0x14, 0x2E, 0x3B, 0x62, 0x9D, 0xBB,
    0x98, 0x01, 0x9A, 0xD8, 0x5B, 0x5A, 0xA4, 0x9F, 0xE4, 0x83, 0x81, 0x73, 0x7D, 0x2D, 0xB3, 0xED,
    0xB1, 0x57, 0x3E, 0x73, 0xB9, 0x8E, 0xF7, 0xFA, 0xFE, 0xD1, 0x3B, 0x51, 0xB8, 0xEC, 0xE0, 0xFA,
    0x50, 0xAF, 0xA4, 0xD7, 0xB1, 0x37, 0xB4, 0x4A, 0x9F, 0xE3, 0x05, 0x1A, 0x9E, 0x8B, 0x86, 0xA7,
    0x83, 0x87, 0x39, 0x79, 0xB4, 0x27, 0x4E, 0x97, 0xCE, 0x81, 0xF3, 0x61, 0xDC, 0x7F, 0x79, 0xE0,
    0xBD, 0xA3, 0x75, 0xE9, 0x1F, 0x1F, 0x0D, 0xB0, 0x81, 0x71, 0x85, 0x1D, 0x81, 0x7A, 0x46, 0x3F,
    0xD8, 0x13, 0xD0, 0x2C, 0x11, 0x96, 0x0C, 0x5B, 0x06, 0xAF, 0xF0, 0x82, 0x32, 0xD8, 0x51, 0xA1,
    0x73, 0x0A, 0x66, 0x51, 0x68, 0x36, 0x85, 0xC3, 0xAE, 0x00, 0xD2, 0x79, 0x60, 0x07, 0x85, 0xDE,
    0x29, 0x98, 0x59, 0xA1, 0x59, 0x15, 0xEA, 0x5D, 0x01, 0xA1, 0x56, 0x98, 0xAE, 0x14, 0xFA, 0x57,
    0x0A, 0xED, 0x6B, 0x85, 0xE3, 0x9F, 0x0A, 0x35, 0x29, 0x54, 0x19, 0x30, 0x65, 0xE8, 0x33, 0xB4,
    0x11, 0x90, 0xEA, 0x0C, 0x9A, 0x98, 0x34, 0x0F, 0x21, 0x65, 0x43, 0x7B, 0x86, 0x25, 0xC3, 0x88,
    0x77, 0xEB, 0xD3, 0xEC, 0xD0, 0x42, 0x1D, 0x4E, 0xD9, 0xA1, 0x85, 0x3A, 0xFC, 0x04, 0xEA, 0x10,
    0x50, 0x87, 0x80, 0x3A, 0x04, 0xD4, 0xA1, 0x85, 0x3A, 0x64, 0x68, 0x36, 0x85, 0xC3, 0xAE, 0x00,
    0x4A, 0x10, 0x1D, 0x2A, 0xF4, 0x4E, 0xC1, 0xCC, 0x0A, 0xCD, 0xAA, 0x50, 0xEF, 0x0A, 0xEC, 0x50,
    0x61, 0xBA, 0x52, 0x60, 0x87, 0x1C, 0xEA, 0xD0, 0x42, 0x1C, 0x2A, 0xD4, 0xA4, 0x50, 0x65, 0xC0,
    0x94, 0xA1, 0xCF, 0xD0, 0x46, 0xD0, 0xFA, 0x47, 0x10, 0xD4, 0x2E, 0xED, 0x19, 0xB6, 0x04, 0x15,
    0xDD, 0x25, 0xC0, 0xCB, 0x74, 0x23, 0x0D, 0xA8, 0x53, 0x1C, 0x74, 0xD4, 0x35, 0xDE, 0xA9, 0x9B,
    0xD8, 0xF6, 0x96, 0x56, 0x1E, 0xB2, 0x4F, 0xE4, 0x39, 0x82, 0xBF, 0x25, 0x0E, 0x3A, 0xC1, 0x8E,
    0x1C, 0x23, 0x3A, 0xC7, 0x01, 0xB4, 0x29, 0x0C, 0x47, 0xB8, 0x08, 0xFF, 0x57, 0x3B, 0x57, 0x0C,
    0x23, 0xB7, 0x75, 0x44, 0x87, 0xE4, 0xF9, 0x16, 0x10, 0x0B, 0xAA, 0x90, 0xE2, 0x40, 0x87, 0x98,
    0x2E, 0x63, 0x01, 0x09, 0xDB, 0x04, 0xB0, 0x4D, 0xC2, 0x06, 0xEC, 0x32, 0x2A, 0x6E, 0xA1, 0xC2,
    0x85, 0x5B, 0xC3, 0x8D, 0xEA, 0x00, 0x96, 0x48, 0xA7, 0x49, 0x91, 0xE6, 0x8A, 0x28, 0xB5, 0x0B,
    0x05, 0x90, 0x56, 0x85, 0x1B, 0x17, 0x29, 0x2C, 0x91, 0x41, 0x8A, 0x94, 0x61, 0xFA, 0x22, 0x74,
    0x22, 0x23, 0x48, 0x52, 0x98, 0x40, 0xE8, 0x80, 0x8A, 0xB8, 0x9C, 0xF0, 0xBD, 0xE1, 0xF2, 0x8E,
    0xE7, 0xB3, 0x25, 0x59, 0xB2, 0x4F, 0x77, 0xCE, 0x87, 0xF8, 0x66, 0x97, 0x4B, 0x92, 0xFF, 0xCF,
    0xFC, 0x3F, 0xF3, 0xDF, 0xFC, 0x7F, 0x7A, 0x9A, 0x42, 0x50, 0xBE, 0x4A, 0x78, 0x26, 0x16, 0x0D,
    0x30, 0xC8, 0x6B, 0x0A, 0x2D, 0x20, 0xFC, 0x5E, 0xE4, 0x42, 0xE2, 0x0C, 0x0A, 0xF0, 0x4B, 0xBF,
    0xC2, 0xA5, 0xE4, 0x23, 0x3D, 0x95, 0x16, 0x77, 0x42, 0xC5, 0x03, 0x9D, 0x44, 0x0E, 0x15, 0x5C,
    0x8E, 0x98, 0x02, 0x0C, 0x9B, 0xFD, 0xEB, 0x5F, 0x25, 0xDE, 0xB9, 0x06, 0xEC, 0x62, 0x7A, 0x27,
    0xF4, 0x79, 0xAF, 0x09, 0x8B, 0x01, 0xEB, 0xA0, 0xC0, 0xAD, 0xB8, 0x39, 0x28, 0x17, 0x35, 0x74,
    0x84, 0x28, 0x1D, 0x65, 0xA8, 0x6B, 0x4C, 0x4F, 0x96, 0x2F, 0x97, 0x6B, 0x11, 0x4E, 0x6C, 0x1C,
    0xA2, 0x3B, 0xC4, 0xA5, 0x3C, 0xC3, 0x65, 0x61, 0x61, 0x53, 0x88, 0xA0, 0x42, 0x5C, 0xC3, 0x03,
    0x17, 0x75, 0x54, 0xB0, 0xDA, 0x09, 0x0C, 0x68, 0x41, 0xA1, 0x07, 0xF6, 0xEE, 0x07, 0x72, 0x11,
    0xFE, 0xB1, 0x13, 0x89, 0xDF, 0xC4, 0x8B, 0x3E, 0xC3, 0x30, 0xD1, 0x64, 0x33, 0xD0, 0x76, 0x67,
    0x16, 0x4D, 0xB5, 0x11, 0x0F, 0x8E, 0xD6, 0xBD, 0xFF, 0x86, 0x8A, 0xD8, 0x04, 0xDE, 0x66, 0x8C,
    0x21, 0x20, 0x18, 0x3F, 0x5D, 0x50, 0x2D, 0x50, 0xAB, 0xC2, 0xEF, 0xAF, 0x87, 0x08, 0xE1, 0x61,
    0x11, 0x67, 0x80, 0x64, 0x80, 0x14, 0x77, 0x90, 0x7B, 0xC5, 0xC3, 0x45, 0x45, 0xF4, 0xF9, 0xDB,
    0x9F, 0x15, 0x81, 0xEA, 0xAF, 0x0A, 0x57, 0xD7, 0x7E, 0x21, 0xCF, 0x25, 0x22, 0x37, 0xE5, 0x0C,
    0x1C, 0x12, 0x78, 0x8A, 0x2C, 0x1E, 0xD4, 0xE2, 0x2A, 0x18, 0x42, 0x36, 0x9B, 0x06, 0x87, 0xDA,
    0x49, 0x34, 0x1C, 0xDB, 0x7A, 0x8F, 0xFD, 0xF8, 0x69, 0x1F, 0x4E, 0xBE, 0x37, 0xBD, 0x03, 0x13,
    0xF8, 0x38, 0x89, 0x12, 0x4C, 0xD9, 0x39, 0x57, 0xD7, 0xCA, 0x66, 0xE7, 0xE7, 0x67, 0x7C, 0xE4,
    0xA9, 0x1E, 0xE0, 0x0C, 0x37, 0x05, 0x5D, 0xC2, 0x6B, 0x68, 0xB0, 0xA0, 0xE4, 0x5B, 0xF2, 0x84,
    0xAD, 0xEF, 0x81, 0xE2, 0x77, 0xC0, 0x39, 0xDB, 0xB0, 0x62, 0x8C, 0x7B, 0x24, 0xDC, 0xC6, 0xB7,
    0x33, 0xA3, 0xDB, 0xF5, 0x86, 0xDD, 0x06, 0x36, 0xFD, 0x1C, 0xB9, 0xB6, 0x51, 0xE1, 0x0D, 0xD3,
    0x1E, 0x89, 0xF6, 0xC8, 0x9B, 0x29, 0xA2, 0x87, 0x8B, 0xB8, 0x18, 0x09, 0xF6, 0xC8, 0xAF, 0xC7,
    0x67, 0x1A, 0xBB, 0x36, 0x72, 0xBD, 0x1E, 0xDF, 0x4E, 0x6A, 0x0D, 0x57, 0x9C, 0xF7, 0x64, 0xD6,
    0x24, 0xD6, 0x13, 0xAF, 0x36, 0x5A, 0x3D, 0x74, 0xCE, 0x97, 0xC4, 0xE9, 0xD0, 0xDD, 0xD3, 0x05,
    0x3B, 0x27, 0x86, 0x85, 0x62, 0x9C, 0xCC, 0x3B, 0xA7, 0x63, 0x9D, 0xB3, 0x12, 0x17, 0xAD, 0x05,
    0xD1, 0x4E, 0xC0, 0xB3, 0x0B, 0x92, 0xE4, 0x14, 0xA3, 0x80, 0xD4, 0xB9, 0xDF, 0x40, 0xBB, 0x9E,
    0x80, 0x5F, 0x49, 0xAF, 0xD3, 0x01, 0x6A, 0x32, 0xBD, 0x08, 0xB7, 0x91, 0x5A, 0x83, 0x59, 0x8F,
    0xC4, 0xDA, 0x78, 0xF5, 0x2E, 0xE9, 0xDC, 0x99, 0x8C, 0xAD, 0x4B, 0x04, 0x13, 0x06, 0xF2, 0xB7,
    0x86, 0x75, 0x67, 0xD5, 0xF3, 0xE2, 0x28, 0xC2, 0x66, 0xEC, 0x3B, 0xFF, 0x16, 0x91, 0x6C, 0x04,
    0x08, 0x7B, 0x64, 0x30, 0x2A, 0x79, 0xB6, 0xD1, 0x6C, 0xB2, 0xEC, 0x46, 0xC4, 0x88, 0x4E, 0x48,
    0xDD, 0x93, 0x62, 0xCF, 0x1C, 0x42, 0xF3, 0x55, 0x0E, 0x41, 0x46, 0x7A, 0xFC, 0x84, 0xE0, 0x03,
    0x82, 0x9A, 0xA4, 0x9A, 0x94, 0x9A, 0x84, 0x9A, 0x74, 0x9A, 0x64, 0xFA, 0x60, 0xE7, 0x8E, 0x55,
    0x93, 0x0D, 0x5E, 0x5C, 0xAD, 0x64, 0x5E, 0x82, 0xE4, 0x95, 0xA9, 0xC9, 0x21, 0xF1, 0x4C, 0xF2,
    0xD2, 0xC9, 0xB4, 0x82, 0x2C, 0x97, 0xBB, 0x38, 0xDD, 0x19, 0xF0, 0xEB, 0x81, 0x72, 0xD5, 0x69,
    0x45, 0x72, 0x84, 0xE2, 0xBB, 0x88, 0x08, 0xE7, 0xE4, 0xD2, 0x31, 0x19, 0x65, 0x49, 0xD4, 0x69,
    0x46, 0x40, 0x3A, 0x85, 0x66, 0x33, 0xC6, 0x9D, 0x4E, 0xD3, 0x88, 0x0B, 0xB7, 0xBC, 0x68, 0x8D,
    0x7E, 0x9B, 0xAF, 0x26, 0x19, 0x76, 0xEA, 0x67, 0xCB, 0x3E, 0x73, 0x47, 0xF5, 0x09, 0x1D, 0x15,
    0x89, 0x8F, 0x68, 0x09, 0x4C, 0xB3, 0x53, 0x69, 0x1F, 0x9A, 0x88, 0xF9, 0xA9, 0xBB, 0xB0, 0x40,
    0xF4, 0x27, 0x24, 0x08, 0xB4, 0x40, 0xE3, 0xF1, 0xD3, 0xCD, 0x67, 0xCC, 0x48, 0x56, 0xE7, 0xB0,
    0x02, 0xFA, 0xCD, 0x81, 0x29, 0x76, 0x4A, 0x0C, 0x4F, 0xA7, 0x91, 0x56, 0x53, 0x07, 0x0C, 0xCB,
    0x29, 0x29, 0xD4, 0x01, 0x7E, 0xF4, 0xAC, 0xD9, 0x67, 0x97, 0xC9, 0xDD, 0x3D, 0xA4, 0xC1, 0x5A,
    0x09, 0x3E, 0x7D, 0xAB, 0x97, 0x2D, 0x11, 0xCE, 0xC2, 0x62, 0xCE, 0x79, 0x4B, 0x40, 0x45, 0xDF,
    0xC7, 0x96, 0x0C, 0x81, 0xE9, 0xC3, 0x3A, 0x56, 0x55, 0x03, 0x7B, 0x5B, 0x26, 0x7E, 0x85, 0x69,
    0x45, 0x19, 0x16, 0x12, 0x15, 0xC8, 0x99, 0x26, 0x5E, 0x7F, 0xB9, 0x17, 0x07, 0x0F, 0x95, 0x48,
    0xCB, 0x59, 0x68, 0xF5, 0xA9, 0x2F, 0xC3, 0xED, 0xD5, 0x6A, 0x4F, 0x66, 0xC5, 0xAD, 0xFC, 0x0C,
    0x2F, 0x0A, 0x8B, 0x0D, 0xBA, 0xA5, 0x9F, 0x9C, 0x30, 0xE2, 0xF1, 0xD0, 0x08, 0xD7, 0xD8, 0xF8,
    0x9D, 0x8C, 0x7F, 0x1C, 0x3C, 0x84, 0xCA, 0x9F, 0x9B, 0x63, 0x56, 0x16, 0xE5, 0xA4, 0x64, 0x22,
    0xCF, 0x9C, 0x1E, 0x43, 0xFC, 0x8E, 0x99, 0x3E, 0xC2, 0x34, 0x3C, 0xCF, 0x1E, 0x07, 0x21, 0x64,
    0xBE, 0x78, 0xB9, 0xE4, 0x87, 0x40, 0xB5, 0x38, 0x28, 0x79, 0xFE, 0x88, 0x12, 0xAA, 0x31, 0x8A,
    0x78, 0x4C, 0xFE, 0xA7, 0xA3, 0xEC, 0xC3, 0x52, 0xA8, 0x6D, 0xD4, 0x0D, 0x2A, 0x31, 0xB9, 0xA8,
    0x4D, 0x06, 0x95, 0xC9, 0xB0, 0x30, 0x19, 0x65, 0x26, 0x63, 0x31, 0x99, 0x0F, 0x2E, 0x00, 0x1A,
    0x5A, 0xA3, 0x02, 0x1D, 0x7C, 0x35, 0xA5, 0xD7, 0xD8, 0x79, 0xFF, 0xF3, 0xE5, 0xDB, 0x6C, 0xB8,
    0x5A, 0xF5, 0xA2, 0x51, 0xC6, 0xFF, 0x5C, 0xE5, 0x90, 0xE9, 0xA8, 0x93, 0x9E, 0x92, 0x76, 0x0C,
    0x68, 0x18, 0x93, 0x8B, 0xDA, 0x64, 0x50, 0xD9, 0x23, 0xC2, 0xC2, 0x64, 0x9C, 0x99, 0x7C, 0x54,
    0x35, 0x90, 0x3F, 0x2D, 0xC9, 0xFB, 0xCA, 0x50, 0x2B, 0x38, 0xB0, 0x36, 0x45, 0x35, 0xEF, 0x3F,
    0xDF, 0xF7, 0x6F, 0xF4, 0x48, 0x54, 0xE4, 0x8D, 0x18, 0xC9, 0xAB, 0xCC, 0x5E, 0x70, 0x83, 0xA3,
    0x0C, 0xCA, 0x49, 0xEE, 0x28, 0x4A, 0xE9, 0xAA, 0xC9, 0xA0, 0xDF, 0x1D, 0x5A, 0xB2, 0xDA, 0x8B,
    0x2A, 0x5A, 0x1A, 0x40, 0x27, 0x48, 0xEB, 0x59, 0xF3, 0xD2, 0xD2, 0xBE, 0x6B, 0xCD, 0xDF, 0xDD,
    0x07, 0x9D, 0x38, 0x49, 0xF4, 0xF9, 0x95, 0x4F, 0xF4, 0xB7, 0x79, 0x16, 0x70, 0x51, 0x41, 0x33,
    0x17, 0x34, 0x4D, 0x7B, 0xA1, 0x71, 0xA7, 0xA8, 0x4D, 0x7D, 0xDD, 0x17, 0xFA, 0x5B, 0xAD, 0x4D,
    0x79, 0x15, 0xC9, 0xB6, 0x5F, 0x18, 0xE5, 0x23, 0x73, 0x34, 0x33, 0x01, 0x59, 0x73, 0xBE, 0x66,
    0xB6, 0x22, 0x48, 0x94, 0x7C, 0x12, 0x17, 0x56, 0x37, 0x20, 0x22, 0x6D, 0x0F, 0x88, 0xF3, 0x97,
    0x29, 0xA0, 0xFA, 0x94, 0x02, 0x4F, 0x39, 0x73, 0xBB, 0xCF, 0xA0, 0x08, 0xD5, 0x22, 0x2A, 0x29,
    0x48, 0x92, 0x19, 0xCB, 0x20, 0x5C, 0xCD, 0x20, 0x24, 0xEF, 0x57, 0x79, 0x6B, 0x7D, 0xAC, 0x25,
    0xD5, 0xEE, 0x13, 0xA3, 0xA1, 0x5C, 0xD8, 0x18, 0x97, 0x01, 0x3D, 0x44, 0x92, 0x60, 0x7D, 0xF9,
    0x41, 0xCD, 0x25, 0x04, 0xAE, 0x28, 0x70, 0x81, 0x81, 0xEB, 0x0D, 0x5C, 0x88, 0x20, 0xAC, 0xA7,
    0x4F, 0x04, 0xFE, 0xCA, 0xEB, 0x78, 0x07, 0xEF, 0xE5, 0xCA, 0x03, 0x97, 0x47, 0x24, 0xD5, 0x37,
    0x11, 0x99, 0x18, 0x31, 0x01, 0xAA, 0x3D, 0x40, 0x09, 0x8C, 0xA7, 0x2F, 0x24, 0x92, 0x16, 0xA1,
    0xE6, 0x8A, 0xFA, 0x75, 0x96, 0x08, 0xB0, 0x85, 0x2F, 0x5B, 0xF3, 0xB2, 0xE5, 0x2E, 0x5B, 0xE9,
    0xB2, 0x45, 0x2E, 0x5B, 0xDF, 0x9A, 0xB3, 0x3B, 0x2B, 0x57, 0x60, 0x0F, 0x33, 0x87, 0x59, 0x43,
    0xEF, 0xC9, 0xA2, 0xF0, 0x74, 0x32, 0x05, 0x3D, 0x1B, 0x0D, 0x31, 0xD9, 0x21, 0x4D, 0x88, 0xA6,
    0xFD, 0x19, 0x42, 0xF7, 0x33, 0xA4, 0xE2, 0xD3, 0x04, 0x18, 0x67, 0xC4, 0x02, 0x18, 0x96, 0xC0,
    0xA0, 0x01, 0x9A, 0xE6, 0x4D, 0xF1, 0xA6, 0x77, 0x53, 0x3B, 0xDA, 0xA5, 0x7B, 0x54, 0xBA, 0x35,
    0xCE, 0x6D, 0xDD, 0xD6, 0x9A, 0x66, 0x2D, 0x0B, 0x74, 0x6A, 0x97, 0x05, 0x8F, 0xA3, 0x6D, 0x13,
    0x8E, 0xB6, 0x89, 0x66, 0xB6, 0x21, 0xD0, 0x36, 0x0F, 0x33, 0x10, 0x1F, 0x80, 0x47, 0xE9, 0xD1,
    0x06, 0x1A, 0x23, 0x40, 0x50, 0x52, 0x4B, 0x83, 0x6D, 0xF2, 0x6C, 0xB4, 0x8D, 0xB5, 0x21, 0x13,
    0x87, 0x94, 0x5B, 0xB8, 0x2F, 0x42, 0xE2, 0xD7, 0x1B, 0x5C, 0x0D, 0xD6, 0x3D, 0xAE, 0xA2, 0x39,
    0x7A, 0xA4, 0x69, 0x52, 0xB8, 0x65, 0xE0, 0xA2, 0x05, 0x06, 0x15, 0x30, 0x2E, 0x80, 0x2A, 0x4C,
    0x33, 0x03, 0xFD, 0x1A, 0x18, 0x15, 0xC0, 0x3C, 0x19, 0x90, 0xAE, 0x3C, 0x5D, 0x34, 0xC0, 0xB0,
    0x02, 0xC6, 0x44, 0xE5, 0x99, 0x07, 0x1D, 0xF0, 0xCF, 0x0A, 0x94, 0x3C, 0x03, 0xC6, 0x25, 0x30,
    0xA8, 0x81, 0x8B, 0x16, 0xE8, 0xAE, 0x81, 0xA2, 0x44, 0x7B, 0x23, 0x74, 0xC0, 0xE9, 0x6B, 0x3A,
    0xAD, 0x68, 0xEA, 0xB8, 0xEC, 0x8D, 0xBC, 0x99, 0x2D, 0x76, 0x4F, 0xEB, 0xDC, 0x5A, 0x01, 0xD3,
    0x2F, 0xE4, 0x49, 0x2E, 0x10, 0xE3, 0xE4, 0xB1, 0x91, 0xAB, 0x9C, 0x4E, 0x8F, 0xCF, 0x5E, 0x0B,
    0x0C, 0x2A, 0x60, 0x9C, 0x01, 0x95, 0x5A, 0xED, 0x80, 0x3F, 0xAB, 0x81, 0x57, 0x0A, 0x60, 0x5E,
    0x01, 0xB5, 0x05, 0xFE, 0x75, 0x0D, 0xCC, 0x74, 0x4C, 0x5A, 0x01, 0xC3, 0x0A, 0xE8, 0x37, 0x40,
    0xAF, 0x03, 0x8A, 0xEE, 0xBF, 0x4B, 0xA2, 0xF2, 0x94, 0xE4, 0xD9, 0xC6, 0xE4, 0x77, 0x45, 0xE1,
    0x17, 0x14, 0x41, 0x36, 0x13, 0xE3, 0x49, 0xB5, 0x2B, 0x29, 0xBE, 0xF5, 0xBC, 0x1B, 0x17, 0x9B,
    0x1B, 0xC1, 0xA5, 0x00, 0x72, 0x06, 0x82, 0x2D, 0xE1, 0x21, 0x94, 0x02, 0xC6, 0x5A, 0x2D, 0x2F,
    0xF1, 0xAC, 0xD6, 0x93, 0xE0, 0xC9, 0xD3, 0x96, 0x23, 0xED, 0x84, 0xA2, 0x06, 0x52, 0x27, 0x34,
    0xE1, 0x4C, 0xF0, 0xA4, 0xE5, 0xEF, 0x84, 0x8F, 0xB3, 0x72, 0x74, 0x86, 0xE9, 0x19, 0x36, 0xEA,
    0xE1, 0x54, 0x30, 0x3D, 0xBC, 0x3F, 0x79, 0xF8, 0xB9, 0x77, 0x64, 0xA4, 0x8A, 0x27, 0xD8, 0xF8,
    0x1A, 0x5E, 0xDD, 0x6D, 0x42, 0x56, 0x7C, 0xC4, 0xA9, 0x92, 0x2D, 0x2F, 0x01, 0xBD, 0xC8, 0x79,
    0x2A, 0x9D, 0x06, 0x30, 0x66, 0xEE, 0xB5, 0x9B, 0xCB, 0x5D, 0x80, 0x47, 0x68, 0xC9, 0xFC, 0x6E,
    0x60, 0x22, 0x95, 0x7F, 0xFA, 0x96, 0x16, 0x39, 0x8C, 0xB4, 0xC3, 0xD7, 0x9E, 0xBF, 0xC4, 0x2C,
    0xFE, 0x3B, 0x96, 0xC3, 0xB7, 0x0C, 0x7E, 0x9C, 0x67, 0xB6, 0xAE, 0x4E, 0x1B, 0x1F, 0xCA, 0xDC,
    0xA3, 0xBA, 0x09, 0x61, 0x20, 0x91, 0x6A, 0x13, 0x6F, 0x68, 0x73, 0x4A, 0x35, 0x71, 0xD9, 0x69,
    0xF3, 0x7E, 0x0B, 0xE2, 0xAC, 0xE2, 0x1E, 0xBB, 0x6F, 0x06, 0xC0, 0xC5, 0x3B, 0xD4, 0x89, 0x02,
    0xE2, 0xFD, 0xB9, 0x78, 0xF9, 0x45, 0xE0, 0x0F, 0xD6, 0x03, 0x93, 0x9F, 0xCB, 0xA2, 0x97, 0xB4,
    0xD7, 0x56, 0x52, 0x30, 0x9D, 0x6D, 0x44, 0xFE, 0x0B, 0x43, 0x70, 0x0A, 0x4A, 0xBF, 0x64, 0x78,
    0xEE, 0xE1, 0x60, 0x31, 0xEB, 0xA9, 0x39, 0x6F, 0x9B, 0x4A, 0x50, 0x7E, 0xD3, 0x07, 0x9B, 0x19,
    0x6B, 0x36, 0x1C, 0x22, 0x51, 0xFB, 0xFF, 0x5D, 0x4F, 0x8F, 0xBC, 0xEB, 0x89, 0x8A, 0xB2, 0x42,
    0x45, 0x59, 0xB1, 0xDB, 0x58, 0x4C, 0x51, 0x2C, 0x93, 0xA2, 0xBE, 0xB3, 0xFB, 0x9B, 0x26, 0x5E,
    0x5F, 0x3F, 0xF9, 0xA7, 0x53, 0xBB, 0xBF, 0x89, 0x65, 0xFB, 0xC6, 0x81, 0xB9, 0x7F, 0xB9, 0x3F,
    0x19, 0x5B, 0x8F, 0xD9, 0x57, 0x94, 0xE4, 0x24, 0x92, 0x89, 0xA9, 0x71, 0xC1, 0xE4, 0x5D, 0xD9,
    0xB2, 0xF5, 0xD4, 0xAE, 0xE4, 0x99, 0x26, 0x13, 0xA9, 0x55, 0x13, 0xD2, 0x7B, 0x7C, 0x19, 0x15,
    0x5F, 0x2A, 0x97, 0xCB, 0xCB, 0x94, 0xAA, 0x3A, 0x93, 0xAB, 0xD5, 0xED, 0xE9, 0xBA, 0xC7, 0x94,
    0x2D, 0x25, 0xC6, 0x6A, 0x9C, 0x19, 0x9D, 0xC9, 0xE9, 0x4D, 0xF4, 0x5F, 0x6A, 0xE3, 0x5C, 0x47,
    0xDF, 0xAB, 0x95, 0xB0, 0x9C, 0x9B, 0xB2, 0x83, 0xF9, 0x7D, 0xB9, 0xE6, 0xAB, 0x16, 0xD7, 0x62,
    0xD5, 0x3A, 0xBD, 0x23, 0x61, 0x9B, 0xD6, 0xF0, 0xF5, 0xA5, 0x38, 0x6B, 0x04, 0xFB, 0x3E, 0x4D,
    0x46, 0xB8, 0x9B, 0xCA, 0x08, 0xFD, 0x04, 0x6B, 0xBC, 0xAD, 0x63, 0x15, 0x52, 0x8B, 0x0B, 0x16,
    0x11, 0xA2, 0x72, 0x80, 0x34, 0x4B, 0xC5, 0x41, 0x05, 0x7C, 0xBC, 0x1D, 0x5B, 0x6B, 0x38, 0x25,
    0x0C, 0xD7, 0x9C, 0x15, 0x01, 0x92, 0x01, 0xEE, 0x51, 0x67, 0x8F, 0x01, 0xEC, 0x55, 0xD3, 0xC6,
    0x99, 0xFE, 0x60, 0x8A, 0xDF, 0x12, 0x50, 0xD5, 0x51, 0x3B, 0x69, 0x6C, 0xFB, 0x92, 0xED, 0x5D,
    0x4A, 0x6B, 0x62, 0x4B, 0x5C, 0x03, 0xAF, 0x29, 0x31, 0xCD, 0x80, 0x51, 0x01, 0x0C, 0x6A, 0xE0,
    0xA2, 0x05, 0xBA, 0x1D, 0x50, 0x14, 0xD7, 0x4B, 0x9A, 0x00, 0xE3, 0x02, 0x18, 0x54, 0xC0, 0x45,
    0x03, 0xF4, 0x3A, 0x20, 0xF6, 0x22, 0xD9, 0x46, 0x24, 0xDB, 0x85, 0x64, 0x5B, 0x90, 0xB8, 0xFF,
    0x08, 0xE8, 0x29, 0xD0, 0x21, 0x4A, 0x4E, 0x8C, 0x89, 0x61, 0x8D, 0x54, 0xFE, 0x2C, 0x1F, 0x5E,
    0x6D, 0xA6, 0x2C, 0xD2, 0x4D, 0x36, 0x63, 0x59, 0x8E, 0x3B, 0x82, 0xB8, 0x1F, 0x88, 0xBB, 0x81,
    0xB8, 0x17, 0x88, 0x3B, 0x81, 0x54, 0x24, 0x04, 0x04, 0x45, 0x3F, 0xC1, 0xFA, 0xEB, 0x81, 0x55,
    0xC4, 0xEA, 0xC4, 0x4E, 0x35, 0xD5, 0xC7, 0x2F, 0x64, 0x2A, 0x21, 0xCF, 0xE4, 0xFC, 0xB5, 0x09,
    0x81, 0x75, 0xB0, 0x8F, 0x6D, 0x34, 0x25, 0x6A, 0x67, 0x49, 0xDB, 0x6B, 0x77, 0x80, 0x1F, 0xEF,
    0x27, 0x6D, 0xDD, 0x36, 0xCA, 0x2C, 0x5D, 0x0B, 0x0B, 0xFA, 0xE5, 0xA1, 0x74, 0x6D, 0x02, 0x7E,
    0x15, 0x53, 0x13, 0x39, 0x8D, 0xBE, 0x9F, 0xAE, 0x4D, 0x3C, 0x60, 0xE1, 0xF1, 0x62, 0xE6, 0x79,
    0xAB, 0xA0, 0xFC, 0x8A, 0x44, 0x6D, 0xCE, 0xB8, 0x66, 0xD5, 0xB1, 0x80, 0xDC, 0xCE, 0xB6, 0xF8,
    0x73, 0xFB, 0x5B, 0xF0, 0x4B, 0xAC, 0xB3, 0x80, 0x11, 0xBC, 0x20, 0x78, 0xB0, 0x5B, 0x8D, 0xB9,
    0x04, 0x4F, 0x93, 0xE3, 0x4C, 0xDE, 0x8A, 0x5C, 0xCC, 0x80, 0x66, 0x94, 0x69, 0x00, 0xA0, 0xA1,
    0x53, 0x96, 0x7C, 0xB6, 0xDC, 0xB5, 0x45, 0xFC, 0x6E, 0x24, 0x75, 0x8F, 0x50, 0x8F, 0xF3, 0x70,
    0xF5, 0x9C, 0xE8, 0x64, 0xEF, 0x99, 0x0F, 0xAC, 0x39, 0xD5, 0xC1, 0xF4, 0x6D, 0x4E, 0x74, 0xBA,
    0x29, 0x23, 0x71, 0xD4, 0x8E, 0xBA, 0x17, 0x8D, 0xB5, 0x77, 0x53, 0xF2, 0x15, 0xAC, 0xBD, 0x26,
    0x6B, 0xCF, 0x2B, 0x72, 0xAA, 0xC8, 0xE6, 0xC6, 0xA9, 0xB1, 0xF6, 0x35, 0x59, 0xBB, 0xD7, 0x90,
    0xB5, 0xFB, 0x35, 0x59, 0x3B, 0xFA, 0x6F, 0x6E, 0xDC, 0x7B, 0x10, 0x77, 0xC9, 0xCC, 0x9D, 0x8E,
    0xC2, 0x6B, 0x28, 0x82, 0x8A, 0x22, 0x2C, 0x28, 0x62, 0x63, 0xED, 0x6B, 0xB2, 0xF6, 0xD7, 0x5A,
    0xDE, 0xF9, 0x47, 0xCE, 0xAB, 0xC2, 0xBF, 0x94, 0x64, 0xED, 0x9A, 0x91, 0xB5, 0xEB, 0x41, 0xD6,
    0xEE, 0x29, 0x59, 0xBB, 0x6F, 0x5D, 0x36, 0xF8, 0x3D, 0x29, 0xA1, 0x97, 0x38, 0x33, 0xAA, 0xEA,
    0xDE, 0x1C, 0xC9, 0x25, 0x2B, 0x6B, 0x9A, 0xB8, 0x8B, 0x76, 0xCF, 0xA7, 0x1A, 0xCE, 0xAE, 0x8B,
    0x99, 0xD8, 0xDF, 0x2B, 0xD7, 0xC6, 0xA1, 0x71, 0xF2, 0x9C, 0x63, 0xAE, 0x4A, 0xC5, 0x7B, 0x50,
    0xE7, 0xE2, 0xFF, 0xAD, 0xEE, 0x25, 0xFC, 0x43, 0xD3, 0x4B, 0x0C, 0x3A, 0xBE, 0x1E, 0xC0, 0x6D,
    0xBD, 0xB6, 0x5F, 0xD4, 0x03, 0x27, 0x0F, 0x8A, 0x41, 0x05, 0x51, 0xE6, 0x35, 0x71, 0x8E, 0x75,
    0xCF, 0x0E, 0x43, 0xA2, 0x91, 0xD8, 0x1E, 0xC5, 0xFC, 0x47, 0x7C, 0x45, 0x2B, 0xF9, 0x81, 0x4C,
    0x59, 0x80, 0x5B, 0xB4, 0x91, 0x32, 0x53, 0x18, 0xBF, 0xD6, 0x71, 0xF4, 0xDC, 0x65, 0x9C, 0x8A,
    0x98, 0x74, 0xF0, 0x33, 0x38, 0x14, 0xE7, 0xA4, 0xAD, 0x3B, 0x5E, 0xCC, 0x6E, 0x41, 0xD7, 0x9C,
    0x76, 0xC5, 0x99, 0xB8, 0xF4, 0x14, 0x1F, 0xA3, 0xB7, 0x45, 0x48, 0x45, 0x3C, 0x27, 0x67, 0x8F,
    0xC7, 0x45, 0x5E, 0xB8, 0x01, 0x54, 0xB5, 0x8C, 0x15, 0x9A, 0x50, 0x2E, 0x10, 0x4D, 0x12, 0xA7,
    0x42, 0xAD, 0xE4, 0xA4, 0xE9, 0x59, 0x9C, 0x15, 0xFD, 0x75, 0x65, 0x4A, 0x94, 0x56, 0x3E, 0x16,
    0xA9, 0xE5, 0x65, 0xB4, 0x64, 0xEB, 0x38, 0x54, 0xBC, 0x72, 0x6F, 0x48, 0xFA, 0x3A, 0x46, 0xF9,
    0x5A, 0xFC, 0x32, 0x16, 0xAF, 0x0E, 0x33, 0x69, 0x17, 0xA5, 0x9C, 0xA3, 0x6E, 0x27, 0x8A, 0x0C,
    0x7A, 0xC8, 0xE3, 0x61, 0x5B, 0x44, 0x87, 0x8C, 0x59, 0xAA, 0xDA, 0xF1, 0xC0, 0xE7, 0x47, 0xD9,
    0x56, 0xCA, 0x67, 0xDB, 0xF1, 0x2E, 0x86, 0x7E, 0xFC, 0x8B, 0x0E, 0x8D, 0xEB, 0x61, 0x94, 0x38,
    0x11, 0xB7, 0x99, 0x7A, 0xE3, 0x96, 0x24, 0xD3, 0xD8, 0x1F, 0xB3, 0x52, 0x2E, 0x66, 0xDC, 0xFE,
    0xFA, 0xF9, 0x35, 0x7C, 0x05, 0xFD, 0x59, 0x9C, 0xB1, 0xE1, 0x39, 0xC7, 0x26, 0x00, 0x06, 0x1B,
    0x61, 0x35, 0xD0, 0x38, 0x9A, 0x82, 0x90, 0x4F, 0x5C, 0xCA, 0x12, 0x42, 0xB5, 0x38, 0xC9, 0x42,
    0x7F, 0x93, 0x27, 0x50, 0x69, 0x62, 0xCB, 0x6E, 0x34, 0xC7, 0xF6, 0x4D, 0xBC, 0x2C, 0x73, 0x54,
    0x4B, 0xAF, 0x72, 0xEB, 0x45, 0x21, 0xB5, 0x23, 0x72, 0xF6, 0x38, 0x34, 0x24, 0xDB, 0xB7, 0x78,
    0x26, 0x13, 0x51, 0xA4, 0x23, 0x6B, 0xA7, 0x16, 0xAF, 0x90, 0x8F, 0x10, 0x14, 0xCE, 0x1E, 0x87,
    0x72, 0x2E, 0xBE, 0x7F, 0x4B, 0xC2, 0x52, 0xB9, 0x71, 0x84, 0x03, 0xAA, 0x5B, 0x54, 0xF2, 0xAA,
    0x53, 0xCB, 0x16, 0xEA, 0x33, 0x69, 0xA8, 0x96, 0x7C, 0x38, 0x76, 0x74, 0x8F, 0xE3, 0xE9, 0x69,
    0x1F, 0xDB, 0x7D, 0xB2, 0x79, 0x07, 0xBA, 0x50, 0xFC, 0xFE, 0x5A, 0x82, 0x22, 0xC7, 0x48, 0x4C,
    0x1C, 0x74, 0x9F, 0xF7, 0xBC, 0x4A, 0xB6, 0x0E, 0xD0, 0x08, 0xAF, 0x79, 0xBA, 0xC7, 0x2A, 0x13,
    0x5F, 0x1B, 0x09, 0x75, 0x2D, 0xAF, 0x4A, 0x24, 0xEF, 0x49, 0x20, 0x67, 0xC5, 0x39, 0x96, 0x6D,
    0xD9, 0xCE, 0x2A, 0x09, 0xB0, 0xCB, 0xA6, 0xBB, 0x23, 0x57, 0x1B, 0xF9, 0xF1, 0xA5, 0xC9, 0xB1,
    0xAC, 0x9F, 0xE0, 0xDF, 0xBB, 0x2E, 0x3D, 0x31, 0x47, 0xE6, 0x38, 0x36, 0x39, 0x3A, 0x21, 0x5C,
    0xFA, 0x4F, 0x8C, 0xD0, 0xD2, 0xA8, 0x4D, 0x72, 0x0A, 0xB7, 0x5D, 0xB3, 0x9B, 0x93, 0x8D, 0xB1,
    0xA3, 0x5B, 0xE8, 0x60, 0x57, 0x67, 0x5F, 0x67, 0x67, 0x3F, 0x8E, 0x6D, 0xD7, 0xE6, 0x0E, 0x46,
    0x87, 0x60, 0x2E, 0x01, 0xB7, 0xA2, 0x4A, 0xE6, 0x16, 0x84, 0x8E, 0xE1, 0x34, 0x5A, 0x44, 0xDC,
    0x95, 0x8C, 0xBB, 0xC4, 0xF2, 0x4D, 0x30, 0x75, 0xC6, 0x60, 0x7A, 0xEE, 0x18, 0x8C, 0xC1, 0x41,
    0x32, 0x0F, 0x5E, 0x36, 0x38, 0x38, 0x34, 0x0E, 0x0F, 0x8C, 0x54, 0xFF, 0x91, 0x0C, 0xA0, 0x0D,
    0x00, 0x89, 0x95, 0x6D, 0xCD, 0x52, 0xD3, 0x91, 0x55, 0x6D, 0xAC, 0x1F, 0x80, 0x5F, 0x09, 0xE5,
    0x78, 0x89, 0xA3, 0x09, 0x33, 0xD7, 0x03, 0x54, 0x80, 0x4C, 0x52, 0x58, 0x2A, 0x65, 0x3A, 0xD9,
    0x76, 0x6F, 0x58, 0x8A, 0x5E, 0x01, 0x69, 0xC2, 0xDB, 0x66, 0x0F, 0xF5, 0x3A, 0x26, 0x97, 0x2E,
    0xBE, 0x76, 0x53, 0xE2, 0x62, 0xCD, 0x27, 0x7B, 0x75, 0x94, 0x39, 0xAD, 0x3F, 0x78, 0x4B, 0xB7,
    0x36, 0x6F, 0x69, 0xBA, 0x1E, 0xCE, 0x77, 0x5E, 0xAD, 0xAD, 0xF7, 0xEF, 0xFE, 0x86, 0xA7, 0x25,
    0x57, 0x3B, 0x3D, 0xE8, 0xA8, 0x83, 0x8A, 0x78, 0x3C, 0x96, 0xB3, 0x3C, 0x14, 0xC2, 0xBC, 0x59,
    0x08, 0x7B, 0xF6, 0x54, 0x34, 0x39, 0xD4, 0xAB, 0x72, 0xF5, 0x23, 0x79, 0xE1, 0xEC, 0xE8, 0x50,
    0x97, 0x9D, 0xAF, 0x5D, 0xDC, 0x77, 0x7A, 0x4B, 0x1B, 0xD1, 0x42, 0x34, 0x11, 0x4B, 0xB6, 0xF7,
    0x8F, 0xE0, 0x4F, 0xB7, 0x3F, 0xB8, 0xC8, 0x64, 0x6C, 0x44, 0x66, 0xCC, 0x69, 0xEB, 0x35, 0xAA,
    0x26, 0x4A, 0x3A, 0xE6, 0x64, 0xB8, 0x4D, 0x3C, 0xD9, 0x3A, 0x99, 0x1B, 0x59, 0xF7, 0xE9, 0xC4,
    0xE2, 0xCB, 0xE9, 0xC4, 0x31, 0xEC, 0xCC, 0x7F, 0x77, 0x6F, 0xFA, 0x1B, 0xC9, 0x80, 0xB5, 0x8D,
    0x24, 0x1C, 0xF0, 0x65, 0xF1, 0x13, 0x0C, 0x4F, 0xE7, 0x64, 0x6A, 0x1B, 0x11, 0x7F, 0x22, 0x15,
    0xAD, 0x48, 0x67, 0xA4, 0xE2, 0x15, 0x92, 0x8A, 0x63, 0x51, 0x34, 0xCB, 0x8E, 0xDE, 0x67, 0x65,
    0x8B, 0x05, 0x20, 0x68, 0x65, 0x27, 0x09, 0x2D, 0x43, 0x0F, 0xC8, 0x26, 0x28, 0x36, 0x29, 0x8F,
    0x80, 0x2B, 0xC7, 0x0C, 0x4B, 0x6C, 0x1C, 0x5B, 0xE4, 0x30, 0x3E, 0xF9, 0x4C, 0xD4, 0xE5, 0xBC,
    0x74, 0xBE, 0xB3, 0x98, 0xC0, 0xAF, 0x61, 0xF9, 0x13, 0x2C, 0x69, 0xC7, 0xFF, 0xBD, 0xAD, 0x12,
    0x23, 0x51, 0xB5, 0x43, 0x45, 0x71, 0x3D, 0xC2, 0xCA, 0xCD, 0x4D, 0x22, 0xC5, 0x9D, 0x2F, 0xAF,
    0x93, 0xB4, 0xD3, 0xF8, 0xCF, 0xED, 0xC2, 0xA7, 0xDF, 0xF3, 0x55, 0xDB, 0xE8, 0xD3, 0xEF, 0xA1,
    0xAD, 0x67, 0x63, 0x11, 0xE1, 0x81, 0x28, 0x84, 0x2C, 0x33, 0xE3, 0x0D, 0xDC, 0x3B, 0x3E, 0xA4,
    0x8D, 0x2D, 0x59, 0xF3, 0xB1, 0xA8, 0x69, 0xF7, 0xA2, 0xB8, 0x5D, 0x7C, 0xFD, 0xED, 0x26, 0x56,
    0xAD, 0x76, 0xB4, 0xA7, 0x89, 0x58, 0xDC, 0x1B, 0x7C, 0x27, 0x53, 0xDA, 0x7E, 0x61, 0x1B, 0x49,
    0x42, 0x66, 0xAD, 0x2C, 0x61, 0x97, 0xE4, 0x07, 0x70, 0xBE, 0xC4, 0x73, 0xFC, 0x38, 0x2F, 0x17,
    0x32, 0x60, 0x44, 0x8C, 0x85, 0x04, 0x9B, 0xF8, 0x1E, 0xB1, 0x21, 0x52, 0xED, 0x3F, 0xC4, 0xB4,
    0x10, 0x5A, 0xB1, 0x83, 0x7F, 0x79, 0x30, 0xE6, 0xBF, 0x9E, 0x5F, 0x2F, 0x13, 0x7C, 0x7F, 0x9C,
    0xC3, 0xC1, 0x01, 0x2D, 0xEB, 0xF5, 0x84, 0xF1, 0x23, 0x1C, 0x0E, 0xD9, 0xFD, 0x72, 0xFD, 0x06,
    0x07, 0xB3, 0x82, 0x48, 0xE5, 0xF8, 0x98, 0x47, 0xA4, 0x7A, 0x5B, 0x31, 0xBE, 0xD2, 0xF2, 0xFB,
    0xF3, 0xAE, 0x34, 0xEB, 0x4F, 0x9C, 0x96, 0xE4, 0x99, 0xFD, 0xA1, 0xAB, 0xAB, 0xCD, 0x38, 0xBA,
    0xD2, 0xFF, 0xA8, 0xC8, 0x4F, 0x25, 0x65, 0x5F, 0x9C, 0xEE, 0xF5, 0x9A, 0x09, 0xDA, 0xCD, 0xA7,
    0x05, 0xC0, 0x16, 0xCC, 0x2A, 0xEB, 0xBD, 0xB6, 0xD7, 0x24, 0x82, 0xFF, 0xD7, 0xC6, 0x56, 0xA6,
    0xAE, 0x30, 0x5B, 0xD7, 0x27, 0x03, 0xEC, 0x8D, 0x5A, 0xE3, 0x16, 0x09, 0xDF, 0xF6, 0x3C, 0x54,
    0xD1, 0xAF, 0xC3, 0x66, 0x4B, 0xBC, 0x19, 0xDD, 0xA1, 0x32, 0xF8, 0xF8, 0x68, 0xCC, 0xF1, 0x69,
    0xC2, 0x99, 0x51, 0xBB, 0x68, 0xED, 0x37, 0xE9, 0xC7, 0x8C, 0x59, 0xCE, 0xCF, 0x3C, 0xDC, 0x35,
    0xBB, 0x2A, 0x89, 0x9C, 0x62, 0x1B, 0xA7, 0xEC, 0x68, 0x2B, 0x88, 0x8B, 0x20, 0x25, 0xF7, 0xF8,
    0x5F, 0x13, 0x71, 0x6F, 0x5A, 0x94, 0x44, 0xD9, 0xE1, 0xBD, 0x69, 0xF5, 0xD1, 0x7B, 0xD3, 0x78,
    0x96, 0xE9, 0x08, 0x60, 0xF8, 0x75, 0x71, 0xB9, 0x5C, 0x5E, 0x29, 0x38, 0x08, 0x36, 0x38, 0x50,
    0xD1, 0x0F, 0xED, 0xD7, 0xA7, 0x80, 0xEF, 0x58, 0xB3, 0xBE, 0xC9, 0x2D, 0x77, 0x18, 0xE4, 0xF1,
    0x9B, 0xBA, 0x1E, 0xF0, 0x0A, 0x86, 0x6F, 0x9C, 0x5F, 0xCF, 0x0B, 0x89, 0x1B, 0x74, 0x91, 0xB8,
    0x1A, 0xFF, 0x6B, 0xA2, 0x05, 0xD1, 0x1B, 0x30, 0x3B, 0x80, 0xC9, 0x13, 0xE2, 0xFF, 0x00, 0xA5,
    0x94, 0x01, 0x84, 0x24, 0xD9, 0x19, 0xC7, 0x7F, 0xAF, 0xAB, 0x67, 0xEA, 0x76, 0xCB, 0x4D, 0x15,
    0x7A, 0x59, 0xB7, 0x9B, 0xA9, 0xC3, 0x62, 0x33, 0x76, 0xB6, 0x60, 0xB0, 0xA4, 0x7B, 0x5E, 0x25,
    0xC8, 0x81, 0x48, 0x63, 0x67, 0x83, 0xC3, 0x0D, 0xC0, 0x2E, 0xB1, 0x13, 0x86, 0x4C, 0xA4, 0xA7,
    0xAB, 0x00, 0x00, 0x43, 0x22, 0x10, 0x58, 0x5C, 0x98, 0xEB, 0x60, 0x1B, 0x8B, 0xE1, 0x66, 0xBA,
    0xDE, 0x01, 0x80, 0xD4, 0x91, 0x4B, 0x40, 0x28, 0x2E, 0x17, 0x01, 0x54, 0xA4, 0x56, 0xEA, 0x92,
    0xEA, 0x7E, 0x79, 0xAF, 0xAE, 0xDB, 0xDE, 0xCC, 0x6E, 0xCE, 0x91, 0xFF, 0xFF, 0x7B, 0xF5, 0x7D,
    0xBE, 0xFA, 0xD7, 0xAB, 0xF7, 0x79, 0xDF, 0x7B, 0x4F, 0x62, 0xA4, 0xC2, 0x2F, 0x70, 0x2A, 0x68,
    0x40, 0xC2, 0x1A, 0x4C, 0x10, 0x0B, 0x9C, 0x06, 0xAF, 0xC4, 0x57, 0x48, 0xE8, 0x01, 0x5B, 0x29,
    0x24, 0x05, 0x42, 0x57, 0x38, 0x2F, 0x1B, 0xFC, 0x3C, 0x41, 0xE2, 0xAB, 0x1E, 0x22, 0x16, 0x27,
    0xEC, 0xFB, 0x0B, 0xCA, 0x48, 0xFF, 0xAD, 0x1C, 0x84, 0x3A, 0x1F, 0x09, 0x1D, 0x07, 0xC0, 0x8D,
    0xBD, 0x87, 0x99, 0x5E, 0x18, 0x33, 0xC1, 0x93, 0xC9, 0xE4, 0x23, 0xBD, 0x04, 0xC0, 0x94, 0x8D,
    0x33, 0xEE, 0xCB, 0x47, 0x4D, 0xA4, 0x2B, 0x57, 0xE7, 0xF4, 0xB8, 0x9B, 0xE9, 0x59, 0xAF, 0x4B,
    0x20, 0x69, 0x12, 0x1A, 0xF3, 0x34, 0xF1, 0x2C, 0xD6, 0xE5, 0xA3, 0x9A, 0x86, 0xFA, 0x56, 0x19,
    0xA5, 0xF7, 0xD9, 0x44, 0x7C, 0x88, 0xAF, 0x89, 0xDE, 0x57, 0x7D, 0xC7, 0xDA, 0xC0, 0x51, 0xE1,
    0xF3, 0xD4, 0x5B, 0x40, 0x80, 0x38, 0xBD, 0xFE, 0xCC, 0xA9, 0x43, 0xE5, 0x95, 0x32, 0xF6, 0xD5,
    0x0C, 0x49, 0xCD, 0xC8, 0x29, 0x08, 0x44, 0xCC, 0x77, 0x59, 0x4F, 0x23, 0x43, 0xAF, 0x98, 0xE1,
    0xFC, 0xA7, 0x06, 0x5D, 0x62, 0x4B, 0x67, 0x0D, 0x1E, 0xCF, 0x2C, 0x1E, 0x3F, 0x5E, 0x3F, 0x99,
    0x79, 0xC5, 0xD7, 0xCD, 0x64, 0x9E, 0xFC, 0xE0, 0x14, 0xF9, 0xC9, 0xBC, 0x2D, 0xD7, 0x35, 0x4B,
    0x10, 0xB5, 0xA7, 0x18, 0x75, 0x4A, 0xBA, 0x0C, 0xB9, 0x0B, 0x19, 0x68, 0x98, 0x31, 0xED, 0xD9,
    0x72, 0xC6, 0xBF, 0x79, 0x55, 0x8E, 0x98, 0xC4, 0xBE, 0x2E, 0xA5, 0x6E, 0x8E, 0x39, 0x7E, 0xC1,
    0x66, 0x40, 0xB7, 0x93, 0xBB, 0xB9, 0xA7, 0x7C, 0x15, 0xA5, 0x32, 0x95, 0x71, 0x86, 0x66, 0x0F,
    0xBF, 0xF0, 0x8B, 0x30, 0x8F, 0x6C, 0x0E, 0xC9, 0x31, 0xE7, 0x3C, 0x64, 0x46, 0x46, 0x82, 0x8C,
    0xA3, 0x34, 0x34, 0x6A, 0x2F, 0x77, 0x0A, 0x31, 0xF4, 0x5A, 0x5D, 0x68, 0x75, 0xF1, 0x4A, 0xF7,
    0x24, 0x96, 0x2A, 0xCC, 0xDD, 0x52, 0x34, 0x8C, 0xE9, 0x8A, 0x89, 0xD3, 0xB8, 0x95, 0x9F, 0xCB,
    0xF8, 0x98, 0x00, 0x06, 0x0C, 0xB6, 0x2E, 0x92, 0xF9, 0xD6, 0xDC, 0x46, 0x30, 0x32, 0x1C, 0x9F,
    0x26, 0xF3, 0xE4, 0xD4, 0x46, 0xB0, 0x35, 0x79, 0x96, 0xE8, 0xD2, 0x18, 0xE2, 0x35, 0xE3, 0x19,
    0x8F, 0x41, 0xC3, 0x02, 0x31, 0xC7, 0x69, 0x88, 0x4A, 0xB4, 0xE2, 0x4B, 0x2C, 0x04, 0x11, 0x33,
    0xCA, 0x96, 0x33, 0x22, 0x04, 0xE0, 0x28, 0xCB, 0xF7, 0xBF, 0xD0, 0x3A, 0x5B, 0x80, 0x36, 0x70,
    0x73, 0x47, 0xAD, 0xF8, 0x93, 0xCF, 0x6C, 0xC6, 0x46, 0x9D, 0xF4, 0xC6, 0x5E, 0x9C, 0xE8, 0x5C,
    0x6A, 0xC5, 0x29, 0xCD, 0x2B, 0x8A, 0x26, 0xAB, 0xB3, 0x32, 0x49, 0x2F, 0x25, 0x99, 0x93, 0xD5,
    0xB2, 0xF6, 0xAA, 0x6B, 0xC8, 0xD4, 0xF2, 0x1A, 0x57, 0xBA, 0xE3, 0x1B, 0x7A, 0xE1, 0xFA, 0x89,
    0xAF, 0xC2, 0x34, 0x62, 0x97, 0x11, 0x01, 0x8E, 0x72, 0x53, 0xBF, 0x58, 0x6F, 0xD8, 0x35, 0x9C,
    0x65, 0x4D, 0x96, 0x13, 0x3B, 0x85, 0x51, 0xB4, 0x09, 0x49, 0xD4, 0xF8, 0x0D, 0xAB, 0x3E, 0x00,
    0xC8, 0xB4, 0x2E, 0xEC, 0x38, 0xC7, 0xB9, 0x34, 0x00, 0xEE, 0x76, 0xD2, 0xBB, 0xF6, 0x87, 0xD1,
    0x07, 0x2F, 0x6B, 0x5F, 0xEB, 0x52, 0x7C, 0xF8, 0x4E, 0x7C, 0xB9, 0xBD, 0x9A, 0x4B, 0xED, 0xD5,
    0x9E, 0x9C, 0x2C, 0x7F, 0xE3, 0xC9, 0x99, 0xD2, 0xB6, 0xCD, 0xA3, 0x6F, 0x6A, 0x1B, 0x71, 0xC2,
    0x49, 0x38, 0x17, 0x85, 0xD4, 0x7F, 0xCE, 0xCF, 0x43, 0xAD, 0xAA, 0x8E, 0x66, 0xF8, 0xFA, 0xE9,
    0x9A, 0x9C, 0x24, 0x5A, 0xEB, 0xBC, 0x7D, 0x00, 0xE8, 0x25, 0xF6, 0x0C, 0x00, 0xAE, 0xE6, 0xDA,
    0x43, 0x3B, 0xA7, 0x34, 0xD3, 0x16, 0xC7, 0x66, 0xDA, 0x17, 0xCB, 0x43, 0x7B, 0xF5, 0xA0, 0x66,
    0x6D, 0xB4, 0x58, 0x3A, 0xFB, 0x23, 0x23, 0xC0, 0xAE, 0xB4, 0xC1, 0x6B, 0x48, 0x0A, 0x57, 0x13,
    0x55, 0xC8, 0x94, 0xDB, 0x2C, 0xD1, 0x03, 0x1A, 0xA0, 0x86, 0x4E, 0x05, 0x4E, 0x09, 0x6E, 0x0E,
    0x9E, 0x02, 0x3F, 0x85, 0x28, 0x06, 0x09, 0x8C, 0x81, 0xF3, 0x56, 0x86, 0x58, 0xC9, 0x8A, 0xA5,
    0x4C, 0x41, 0xB8, 0x94, 0xED, 0x2E, 0x65, 0xCD, 0x2B, 0x99, 0x63, 0x65, 0xF9, 0xEB, 0x32, 0x8B,
    0x21, 0x0D, 0x63, 0xFC, 0x96, 0x33, 0x6A, 0x62, 0x2C, 0xAE, 0x6E, 0xE4, 0x6A, 0x83, 0x01, 0xA4,
    0xD6, 0x8D, 0x1D, 0x7D, 0xE8, 0xAF, 0xC6, 0x60, 0x6F, 0x6F, 0x64, 0x73, 0x5B, 0x93, 0xC9, 0xA9,
    0xD9, 0xE0, 0xD4, 0x6E, 0x74, 0xE4, 0x95, 0x67, 0x76, 0xE3, 0x6D, 0x03, 0xC0, 0x9D, 0x9B, 0x17,
    0x63, 0xD9, 0xF8, 0x65, 0x58, 0x25, 0xF3, 0xD1, 0x20, 0xE8, 0x12, 0x87, 0xB9, 0x4C, 0x8F, 0x19,
    0x10, 0xE1, 0x2B, 0x57, 0xB9, 0x79, 0xA4, 0x12, 0x02, 0xBE, 0xCD, 0x5E, 0x4C, 0x48, 0xD2, 0x48,
    0x79, 0x65, 0xA7, 0xE6, 0x82, 0x2E, 0x13, 0x3A, 0x73, 0x9C, 0x1A, 0xBF, 0x20, 0x4A, 0x19, 0x43,
    0x00, 0xFF, 0xAB, 0x0B, 0x40, 0xA7, 0x3A, 0xF7, 0xDA, 0xAB, 0x25, 0x64, 0x09, 0xBF, 0xA4, 0x17,
    0x7E, 0xCA, 0x38, 0xFA, 0x83, 0xCA, 0xE4, 0x8F, 0xF3, 0xF1, 0xAE, 0xAF, 0xBA, 0x23, 0x01, 0x01,
    0x8C, 0x5B, 0x26, 0x43, 0x59, 0xFA, 0x85, 0x29, 0x6E, 0x92, 0x9A, 0x2A, 0xB5, 0x92, 0x93, 0xC9,
    0x73, 0x35, 0x00, 0xF7, 0x6B, 0x8F, 0x3E, 0x38, 0xEA, 0xDB, 0xAC, 0xFE, 0x8D, 0x17, 0x67, 0x32,
    0x37, 0x97, 0xCF, 0x05, 0x83, 0x25, 0x45, 0x8A, 0xF8, 0x55, 0x7E, 0x12, 0xEA, 0x4F, 0xBE, 0xAA,
    0x40, 0x9A, 0x0A, 0xC6, 0x9A, 0x61, 0x05, 0x04, 0xC0, 0x75, 0xB0, 0xB5, 0xB6, 0x23, 0x8C, 0xDF,
    0x58, 0x6D, 0xB0, 0x76, 0x59, 0xC3, 0x1A, 0x16, 0xB1, 0x57, 0x3B, 0x2A, 0xD2, 0xBF, 0x55, 0x83,
    0x50, 0xC7, 0x7D, 0xB1, 0xC0, 0xC2, 0xAD, 0x1C, 0x15, 0xEA, 0xF7, 0xD4, 0xEE, 0x53, 0x9D, 0xF6,
    0xED, 0xB7, 0x86, 0x16, 0x42, 0xED, 0xE0, 0x7D, 0x36, 0xC6, 0x14, 0x6D, 0xBE, 0xD1, 0x69, 0x5B,
    0x6A, 0xFA, 0x2E, 0x2D, 0xE8, 0xA4, 0x6E, 0x11, 0xD6, 0xB7, 0xFE, 0xEE, 0xE4, 0x5F, 0x31, 0xA9,
    0x1C, 0xAD, 0xC2, 0xF9, 0xD2, 0xFD, 0x62, 0xC8, 0x1E, 0x6B, 0x3F, 0x3D, 0xC2, 0x62, 0xDB, 0xB8,
    0x5E, 0xEB, 0x36, 0xFA, 0x53, 0xB6, 0x61, 0xA3, 0x37, 0x05, 0x1C, 0x65, 0x8D, 0x4E, 0x6A, 0x8D,
    0xB7, 0x80, 0x3B, 0x04, 0xDF, 0x01, 0x8E, 0xBA, 0x47, 0x5D, 0x20, 0xD8, 0x3E, 0x0A, 0x80, 0xEE,
    0xF6, 0x51, 0x1F, 0xD8, 0xDE, 0x3E, 0xBA, 0x03, 0xDC, 0xDC, 0x5E, 0xCE, 0x79, 0xA7, 0x55, 0xDE,
    0xC4, 0xBA, 0x1D, 0x10, 0xB1, 0xB5, 0xD5, 0x9C, 0xE2, 0x47, 0xFC, 0x2C, 0x66, 0xF9, 0xBF, 0x23,
    0xB8, 0x4B, 0xEB, 0x78, 0xE5, 0x2E, 0x2F, 0x37, 0x60, 0x97, 0xE8, 0xAF, 0x9D, 0x46, 0x34, 0x61,
    0x2D, 0xE3, 0x3B, 0x08, 0xC2, 0x78, 0xCC, 0x19, 0x2F, 0xCC, 0x18, 0x9B, 0x58, 0xC0, 0x1E, 0x9E,
    0x2E, 0x22, 0xDD, 0x8C, 0xBF, 0x7F, 0x71, 0xC6, 0xE6, 0xFE, 0xF1, 0x35, 0x34, 0xD6, 0x2E, 0x00,
    0x7A, 0xC1, 0x60, 0xB4, 0xEA, 0xEF, 0x7B, 0x7D, 0xA0, 0xCB, 0xE8, 0x56, 0x2D, 0x73, 0x19, 0x47,
    0x65, 0xA7, 0xE1, 0x76, 0xC0, 0x00, 0x59, 0xB8, 0xCB, 0xF9, 0x77, 0x88, 0x81, 0x1A, 0x49, 0x96,
    0xCA, 0xD8, 0xAB, 0xB2, 0xD4, 0xAD, 0xFE, 0xA5, 0xA2, 0x7F, 0xFC, 0x33, 0x5F, 0x38, 0x9F, 0x96,
    0x85, 0xA3, 0xCA, 0x21, 0xE7, 0x24, 0xF8, 0xB1, 0x17, 0xFB, 0x71, 0x62, 0xE2, 0x21, 0xD7, 0x57,
    0xF7, 0x3A, 0x9D, 0xD4, 0x51, 0x3F, 0xFF, 0x4B, 0xB6, 0xF8, 0xE0, 0x65, 0x58, 0xED, 0x9E, 0xBF,
    0xF5, 0xEE, 0x7A, 0x1D, 0x99, 0x56, 0xD1, 0xD5, 0xC0, 0x2B, 0x46, 0xF6, 0xC4, 0xD9, 0x61, 0x63,
    0x9B, 0x73, 0xEB, 0x28, 0xEF, 0xB2, 0x4D, 0x1F, 0x39, 0x4F, 0x1A, 0xE3, 0x8E, 0xD8, 0xEF, 0x61,
    0x21, 0x62, 0x89, 0x85, 0xAF, 0x42, 0x05, 0x20, 0x63, 0xB7, 0x06, 0x3A, 0x73, 0x84, 0xFE, 0x82,
    0xB5, 0xAC, 0x82, 0x48, 0x1B, 0xA4, 0x20, 0x8C, 0xAB, 0x00, 0xC4, 0xE4, 0x77, 0xC0, 0xFF, 0xFB,
    0xFD, 0x8D, 0x3D, 0x83, 0x87, 0x89, 0x36, 0x98, 0x6F, 0x4D, 0x0C, 0x4E, 0x5F, 0xCF, 0xF0, 0xCE,
    0xAF, 0x01, 0x91, 0xBA, 0x5A, 0x7F, 0x09, 0xB6, 0x3D, 0xB5, 0xFE, 0xF7, 0xDE, 0xD3, 0x54, 0xC6,
    0xE2, 0xB9, 0x09, 0x19, 0x01, 0x4F, 0x75, 0xC5, 0x2B, 0xAC, 0x3F, 0xFF, 0x08, 0xA0, 0x63, 0xDE,
    0xD6, 0x80, 0xD4, 0x06, 0x0A, 0xA1, 0xFF, 0x88, 0x78, 0x5A, 0xE1, 0xB5, 0x6B, 0x5B, 0xB0, 0x5A,
    0xEB, 0x6A, 0xED, 0xAB, 0x5A, 0xB8, 0x84, 0x03, 0xB3, 0x46, 0x8B, 0x19, 0x99, 0x6E, 0xA1, 0x96,
    0x7E, 0xA9, 0x1B, 0xD1, 0x82, 0x7D, 0x56, 0x10, 0xC3, 0xCD, 0x73, 0x36, 0xD8, 0x08, 0xF5, 0xA1,
    0x37, 0xF5, 0x0F, 0x9F, 0x86, 0x7F, 0x12, 0x43, 0xFC, 0x73, 0x1E, 0x78, 0x1C, 0xBA, 0x24, 0x3A,
    0x3E, 0x80, 0x1D, 0xB8, 0xFF, 0x43, 0xD6, 0xE7, 0x04, 0x07, 0x41, 0x70, 0xB0, 0x84, 0x91, 0x85,
    0x17, 0x1C, 0x7A, 0x4C, 0x9D, 0xB8, 0x74, 0xD2, 0xA9, 0x93, 0x1E, 0xB8, 0xF1, 0x60, 0x13, 0xAF,
    0x22, 0x10, 0x1C, 0xB8, 0x97, 0xCD, 0xE3, 0x41, 0xC4, 0xAD, 0xCF, 0x11, 0xC3, 0xF0, 0xEC, 0x90,
    0x69, 0xCB, 0x03, 0x06, 0x3D, 0xA3, 0xEE, 0x80, 0x6B, 0x4D, 0xBC, 0xC7, 0xFD, 0x8F, 0x39, 0xF4,
    0x99, 0xBA, 0x14, 0xAD, 0x4D, 0x3D, 0x06, 0x21, 0xDE, 0xE7, 0xEC, 0xC3, 0x01, 0xAD, 0x0D, 0xF9,
    0xE5, 0x8C, 0x23, 0x8F, 0x03, 0xE7, 0xAA, 0x05, 0xC3, 0x35, 0xBE, 0x37, 0xFB, 0x38, 0xEF, 0x7B,
    0x69, 0xF9, 0xC0, 0x7C, 0xBB, 0x73, 0x75, 0x38, 0xEC, 0x13, 0xFF, 0x3E, 0x3F, 0x63, 0xBA, 0x22,
    0xCF, 0x80, 0x6B, 0x6C, 0x0E, 0x93, 0x67, 0x6F, 0xB3, 0xA2, 0x4F, 0xA7, 0x44, 0xD8, 0xAA, 0x76,
    0x3C, 0xEE, 0xBD, 0xCD, 0xED, 0xDB, 0x6C, 0x3C, 0xC0, 0x3D, 0xC0, 0x31, 0xE9, 0xDC, 0xD6, 0xF6,
    0x60, 0x83, 0xB7, 0xEF, 0xE1, 0x4E, 0xE9, 0xE4, 0x36, 0x69, 0xDE, 0xF6, 0x37, 0xD8, 0x5F, 0xE7,
    0xBF, 0xE4, 0x7B, 0x3D, 0xAC, 0xE5, 0xD6, 0x75, 0xEE, 0x22, 0xA9, 0x19, 0x3E, 0x9B, 0xEF, 0x99,
    0x2E, 0x2C, 0x1B, 0xB6, 0xF0, 0xCC, 0x57, 0xB8, 0x7A, 0x08, 0xCC, 0xD6, 0x08, 0x6C, 0x6F, 0x26,
    0x06, 0xE2, 0x22, 0x85, 0xA7, 0xD0, 0x91, 0x10, 0x0C, 0x90, 0x51, 0xE1, 0x34, 0x52, 0x92, 0x49,
    0xE1, 0xD2, 0xBE, 0xA4, 0x9D, 0x22, 0x85, 0x9B, 0x5B, 0x64, 0xDC, 0xA4, 0xB0, 0x0A, 0x05, 0x70,
    0xCE, 0x20, 0x18, 0x17, 0x29, 0x0C, 0xC4, 0x73, 0x48, 0xC5, 0x45, 0x0A, 0x17, 0x66, 0x12, 0x04,
    0x2E, 0xC5, 0x20, 0x23, 0x04, 0x96, 0x0A, 0xD3, 0x30, 0x07, 0xE6, 0x8C, 0x48, 0xAE, 0xEC, 0xEF,
    0xDB, 0xDC, 0xF7, 0xDC, 0xA3, 0x7B, 0x47, 0x73, 0xC7, 0x1A, 0x8D, 0x25, 0x67, 0xDF, 0x73, 0xBE,
    0x6F, 0x5D, 0x72, 0xFF, 0x2C, 0xEE, 0x9F, 0xB5, 0x17, 0xF7, 0xDE, 0x27, 0xD8, 0x8A, 0x48, 0x5D,
    0x88, 0xE4, 0x8D, 0x48, 0xD2, 0x89, 0x44, 0xBD, 0x88, 0x4C, 0xF6, 0xFB, 0x31, 0xF1, 0xA1, 0x54,
    0x9D, 0xED, 0x77, 0xE1, 0x57, 0x44, 0xDE, 0xF1, 0xBB, 0xD9, 0x3C, 0x6B, 0xE3, 0x4D, 0xF8, 0x42,
    0x7E, 0x68, 0x7C, 0x97, 0xFF, 0xE2, 0xBF, 0xF2, 0xC2, 0xE5, 0x22, 0x98, 0xD2, 0x36, 0xB4, 0x5F,
    0xCB, 0x8D, 0xBC, 0x10, 0x16, 0x4F, 0x5E, 0x0F, 0x7E, 0x75, 0x16, 0xA9, 0x0F, 0x48, 0xE2, 0xC1,
    0x02, 0xEA, 0xE8, 0xE2, 0x74, 0xA9, 0x00, 0xDD, 0x57, 0x2D, 0x2C, 0xA9, 0xEA, 0x00, 0x7A, 0xA3,
    0x9E, 0x2D, 0x0D, 0x12, 0xAA, 0x8B, 0x59, 0x17, 0x24, 0x53, 0x91, 0xF2, 0xE6, 0x81, 0xE4, 0xA3,
    0x94, 0x4C, 0x10, 0x30, 0xF9, 0x87, 0x6F, 0xCD, 0xA0, 0x4C, 0x07, 0x47, 0x15, 0x0A, 0x0E, 0x9E,
    0x05, 0x7E, 0xEA, 0x58, 0xC4, 0x34, 0x22, 0xB5, 0x48, 0x30, 0xB9, 0xA2, 0x92, 0xC6, 0xCA, 0x72,
    0x12, 0x7C, 0x1D, 0xF1, 0x2B, 0x22, 0xEF, 0xE5, 0xD7, 0x87, 0x5A, 0xEF, 0x88, 0x24, 0xAA, 0x2A,
    0x52, 0x02, 0x03, 0x6D, 0xE5, 0xCF, 0x24, 0x9A, 0x71, 0x2F, 0x1D, 0x80, 0x59, 0x07, 0xCC, 0x1B,
    0xA0, 0xA9, 0x80, 0x65, 0x01, 0xAC, 0x01, 0x1E, 0x55, 0xB5, 0xF1, 0xB8, 0xDD, 0x6E, 0xAB, 0x83,
    0xBB, 0x25, 0xD1, 0x14, 0xC4, 0x06, 0x98, 0xB7, 0xCC, 0xBF, 0x07, 0x26, 0x13, 0x30, 0xD2, 0x4A,
    0x2E, 0x8B, 0xE8, 0x72, 0x53, 0xED, 0x6D, 0xEA, 0x13, 0xAA, 0x8E, 0xBE, 0xF6, 0x18, 0x9E, 0xD1,
    0x7B, 0x22, 0x28, 0x23, 0x06, 0xA4, 0xA3, 0x3C, 0x53, 0x64, 0x2D, 0x75, 0x03, 0x54, 0x27, 0xD0,
    0x78, 0xAD, 0xD3, 0x89, 0x39, 0x1F, 0x0B, 0x32, 0xC6, 0x45, 0xB5, 0x57, 0x03, 0xF6, 0x9E, 0x44,
    0xA1, 0x4E, 0xCD, 0xA8, 0x2D, 0xA2, 0x76, 0xB8, 0xD8, 0x13, 0xF8, 0x2F, 0x6F, 0x7C, 0x4E, 0xA4,
    0x6C, 0xCC, 0x7D, 0xAB, 0x93, 0x51, 0x9D, 0xAC, 0x02, 0xDA, 0x8A, 0x5C, 0xBA, 0x22, 0x52, 0xFE,
    0x5A, 0x7F, 0x9F, 0xFB, 0xB4, 0x2C, 0xA6, 0x58, 0x4C, 0x75, 0x3B, 0x2F, 0x3E, 0xF6, 0x94, 0xB8,
    0x10, 0xF7, 0x8F, 0xF9, 0x23, 0x71, 0x87, 0x87, 0x78, 0xCC, 0x9F, 0x4E, 0xD2, 0x56, 0x4C, 0xA3,
    0x5A, 0xE9, 0x22, 0xF5, 0x1D, 0x41, 0x40, 0x3B, 0xB8, 0x36, 0x3C, 0x2B, 0x74, 0x12, 0x3B, 0xA1,
    0x95, 0xE8, 0x50, 0x48, 0xDF, 0x41, 0x68, 0x4E, 0x09, 0x77, 0x37, 0xAB, 0xA0, 0x3A, 0x7B, 0x41,
    0x5B, 0x0A, 0xF7, 0xB7, 0x3A, 0xB8, 0xC8, 0xE8, 0x3E, 0x19, 0x85, 0x60, 0x5E, 0x05, 0x59, 0x24,
    0xAB, 0x28, 0xD4, 0x92, 0x9F, 0x11, 0x4C, 0xE1, 0x05, 0x59, 0x23, 0x97, 0x14, 0xA2, 0x49, 0x16,
    0x0A, 0xD9, 0x88, 0xE2, 0x50, 0x56, 0xA7, 0xA3, 0x13, 0x0A, 0xED, 0x28, 0xDC, 0x91, 0xA7, 0xC5,
    0x05, 0xF6, 0xE9, 0x23, 0x2F, 0xD4, 0xEF, 0x8D, 0xA0, 0x08, 0x4B, 0xB1, 0x0A, 0x3A, 0x78, 0x61,
    0x59, 0xE3, 0x84, 0x5A, 0x50, 0xC0, 0xA8, 0x5A, 0x85, 0xAC, 0x5D, 0x85, 0xF4, 0x44, 0xE8, 0xCE,
    0x08, 0xFE, 0x56, 0xD6, 0xEC, 0x93, 0x1F, 0x64, 0x88, 0x0A, 0x5F, 0x85, 0xC1, 0x09, 0x50, 0xE3,
    0xB1, 0x99, 0xE1, 0xE0, 0xCA, 0x6A, 0x86, 0xAB, 0x33, 0x66, 0x78, 0x7C, 0x90, 0x19, 0x3E, 0xA4,
    0xE6, 0xD1, 0x49, 0xC2, 0xEF, 0xED, 0x6D, 0xCE, 0x6A, 0xCD, 0x00, 0x32, 0x03, 0x82, 0x81, 0x72,
    0x21, 0x87, 0xA1, 0x14, 0x09, 0x46, 0x60, 0x34, 0x00, 0xD3, 0x0E, 0x98, 0x37, 0xC0, 0xB2, 0x00,
    0x2E, 0x88, 0x13, 0x4E, 0xC0, 0x78, 0x00, 0xA6, 0x1D, 0x30, 0x6F, 0x80, 0x65, 0x61, 0x71, 0xB3,
    0xB0, 0x29, 0xA7, 0x3D, 0x6E, 0x54, 0x78, 0xB7, 0x02, 0x9A, 0x86, 0xA9, 0xFA, 0x7D, 0x0E, 0xD1,
    0x04, 0x14, 0x95, 0x7D, 0x29, 0xA6, 0x01, 0xA6, 0x3D, 0x30, 0x1E, 0x80, 0xD1, 0x04, 0x44, 0xF1,
    0x97, 0xF9, 0x58, 0xE1, 0xBC, 0xB7, 0xB7, 0xB4, 0x82, 0x1C, 0x30, 0xFB, 0x4A, 0xBF, 0x72, 0xE6,
    0xB9, 0xD6, 0xFE, 0x90, 0x13, 0x4B, 0xA2, 0x02, 0x43, 0x62, 0xFC, 0x2B, 0x60, 0xFA, 0x53, 0x60,
    0xFE, 0x6D, 0xA0, 0x49, 0x80, 0x33, 0x30, 0x98, 0x80, 0x51, 0x0F, 0x4C, 0x3B, 0x60, 0xD6, 0x00,
    0x8D, 0x00, 0x77, 0xC0, 0x60, 0x02, 0x46, 0x03, 0x30, 0xE9, 0x80, 0x59, 0x03, 0x34, 0x05, 0x70,
    0x27, 0xC0, 0x89, 0x38, 0x10, 0x7B, 0x62, 0x43, 0xAC, 0x80, 0x92, 0xB4, 0x50, 0x3D, 0xEE, 0x63,
    0x0C, 0xBD, 0x7B, 0xD7, 0x5B, 0xE8, 0xA7, 0x34, 0xEF, 0xF7, 0xCE, 0x3E, 0x4B, 0x38, 0x9A, 0x0A,
    0xBD, 0x27, 0x6F, 0x90, 0x24, 0xED, 0x04, 0x7A, 0xF5, 0xE8, 0xE1, 0xD1, 0x88, 0x3E, 0x14, 0x4E,
    0x16, 0x0B, 0x54, 0x57, 0xCD, 0xCF, 0xEC, 0x2F, 0xE6, 0x8C, 0x90, 0x76, 0x31, 0x14, 0x60, 0xC2,
    0x68, 0xCC, 0xD0, 0x59, 0x26, 0x56, 0xE2, 0x62, 0x38, 0x4B, 0xB0, 0x5A, 0xCD, 0x0C, 0xCC, 0x27,
    0x37, 0x33, 0x12, 0xFB, 0xFD, 0xFC, 0x68, 0x1A, 0xA0, 0x73, 0x2C, 0x16, 0x01, 0x8E, 0x44, 0x4E,
    0x74, 0xCF, 0x7A, 0x3D, 0xB3, 0x0A, 0x98, 0xBF, 0x3F, 0x50, 0x6D, 0x38, 0x40, 0xD6, 0x91, 0x3C,
    0x0C, 0x93, 0xEE, 0xD4, 0xB3, 0x0F, 0xBC, 0x3E, 0x01, 0xBF, 0x48, 0xBC, 0x7D, 0x04, 0x9C, 0x8C,
    0x85, 0x60, 0x42, 0x82, 0x68, 0xC8, 0x1A, 0x8B, 0x7D, 0xCA, 0xC6, 0x45, 0xE2, 0xB4, 0x8D, 0x5D,
    0xD3, 0x0C, 0x50, 0x23, 0x44, 0x03, 0xD1, 0x23, 0xAA, 0x37, 0x9B, 0x59, 0x44, 0xE9, 0x85, 0x10,
    0xC3, 0x65, 0xBB, 0xAD, 0x2B, 0x44, 0xCB, 0x9A, 0xB8, 0x47, 0x42, 0x34, 0x50, 0xD2, 0x67, 0x6C,
    0xE5, 0x1C, 0xD9, 0x8E, 0x28, 0x22, 0xA4, 0xB7, 0x24, 0xF3, 0x02, 0xA4, 0xB7, 0x58, 0xED, 0x81,
    0xB7, 0x2E, 0x02, 0xAA, 0xC7, 0x80, 0x59, 0xCA, 0x6D, 0x4D, 0x3B, 0x58, 0x37, 0x16, 0x32, 0x8E,
    0x83, 0xDE, 0x42, 0x7C, 0x08, 0x09, 0x80, 0x37, 0xF2, 0xB6, 0x94, 0x40, 0x1B, 0x94, 0x26, 0x16,
    0x46, 0x0B, 0xB4, 0x96, 0xF7, 0x01, 0x3A, 0x03, 0xEC, 0x5D, 0x09, 0xEA, 0x7D, 0x56, 0x83, 0x85,
    0xE8, 0x10, 0x90, 0x1F, 0xCC, 0xF7, 0xE6, 0x39, 0x5B, 0x38, 0xED, 0x2E, 0xD2, 0xE2, 0xDF, 0xD6,
    0x27, 0x8B, 0x26, 0x0B, 0x01, 0x61, 0xB6, 0x20, 0x00, 0x4A, 0xAC, 0x80, 0x18, 0x90, 0xF7, 0x28,
    0xAD, 0x05, 0x20, 0x97, 0x3B, 0x4F, 0xD6, 0xA7, 0x0C, 0xDC, 0x9C, 0x10, 0x1E, 0xD2, 0x28, 0x42,
    0x0F, 0xFB, 0x3C, 0xEA, 0x2F, 0x4A, 0xF1, 0x01, 0x25, 0x9D, 0xA3, 0x96, 0x94, 0xAE, 0xD4, 0x90,
    0x72, 0x47, 0xA6, 0x20, 0x95, 0x42, 0x5A, 0x48, 0xE1, 0x44, 0xAA, 0x15, 0x61, 0x3A, 0xA4, 0x1D,
    0x1F, 0xE0, 0xE1, 0x24, 0xD3, 0x93, 0x7C, 0xF5, 0xC9, 0x0B, 0x09, 0x39, 0x4C, 0xB2, 0x86, 0x15,
    0x59, 0x4A, 0xD2, 0x53, 0x58, 0x38, 0x57, 0x8E, 0x78, 0xA4, 0x60, 0x82, 0x80, 0x9A, 0xA9, 0x21,
    0xA4, 0x1D, 0x8D, 0xDB, 0xC8, 0x8A, 0xC8, 0x1A, 0x2B, 0x94, 0xF4, 0x6A, 0xAD, 0x40, 0xC3, 0x34,
    0x86, 0x23, 0xEB, 0x21, 0x98, 0xC2, 0xD1, 0x4D, 0xDE, 0xF5, 0xF3, 0xF3, 0x35, 0x67, 0xC4, 0xE8,
    0xC0, 0x43, 0x05, 0x2F, 0xA8, 0xBD, 0xD5, 0x5B, 0x0E, 0x19, 0xF9, 0x74, 0xF2, 0xD4, 0x67, 0x98,
    0xB5, 0x28, 0xA2, 0x70, 0x85, 0xD2, 0x0E, 0xEA, 0xAA, 0x46, 0x30, 0x43, 0x48, 0x06, 0x89, 0xA0,
    0x21, 0xD0, 0x29, 0x1F, 0x2C, 0x36, 0x11, 0x04, 0x78, 0x61, 0x0D, 0x04, 0x4B, 0xB5, 0x40, 0xC0,
    0x0D, 0x84, 0xCB, 0x18, 0x8D, 0xF4, 0xB9, 0xCD, 0x52, 0xAB, 0x7C, 0x5A, 0x02, 0xEA, 0x93, 0x3B,
    0x57, 0xFD, 0x10, 0xFC, 0x2B, 0x00, 0x5C, 0x86, 0xCD, 0x55, 0x9A, 0x90, 0x63, 0xC0, 0x1D, 0x91,
    0xCD, 0x4D, 0xE5, 0xE3, 0x34, 0xDE, 0x62, 0xC5, 0x80, 0x68, 0x38, 0x80, 0x64, 0xE0, 0xDD, 0xAF,
    0x8A, 0x94, 0x6D, 0xFD, 0xC6, 0x2D, 0xAD, 0xE8, 0xFF, 0x64, 0xF4, 0xF5, 0x9F, 0xBE, 0xF2, 0x81,
    0x98, 0x2C, 0xB3, 0x22, 0x65, 0x63, 0x67, 0x16, 0xD3, 0xBB, 0xF5, 0xC9, 0x2C, 0x04, 0x47, 0xFD,
    0x03, 0x36, 0xF1, 0x7F, 0x00, 0x5C, 0xAE, 0x98, 0x3E, 0x6B, 0x62, 0x71, 0xF4, 0xD8, 0x49, 0x64,
    0xB1, 0xDD, 0x63, 0x7A, 0x16, 0x9B, 0x87, 0x63, 0x76, 0x1A, 0x2B, 0x60, 0x7E, 0x0A, 0x4D, 0x41,
    0x14, 0x60, 0x49, 0x5C, 0x80, 0x3A, 0x13, 0x47, 0x62, 0x07, 0x74, 0x6F, 0x29, 0x25, 0x5F, 0x69,
    0xE7, 0x92, 0xEF, 0xB3, 0x33, 0xEA, 0x5B, 0xB2, 0xB9, 0x9C, 0xE8, 0xCA, 0x1C, 0xAD, 0xB4, 0xC3,
    0x94, 0x3D, 0x1F, 0x95, 0x96, 0xA6, 0xF9, 0xC8, 0x16, 0x10, 0x8C, 0xF3, 0x11, 0x4A, 0x1B, 0xE6,
    0x23, 0xBE, 0x5F, 0x59, 0x6A, 0x25, 0xE9, 0xE6, 0x32, 0xEE, 0xAD, 0x8E, 0x33, 0x5A, 0x36, 0xB3,
    0x04, 0xF3, 0x52, 0xCC, 0xA5, 0x4C, 0x62, 0xC4, 0xD2, 0x2C, 0x47, 0x20, 0xFC, 0x6F, 0xC9, 0x38,
    0xCA, 0xBF, 0x35, 0x80, 0xB2, 0x1F, 0xF5, 0x96, 0xD0, 0xA5, 0x40, 0xC9, 0x9B, 0x2D, 0x28, 0xD2,
    0xC6, 0x51, 0x05, 0x0A, 0x54, 0x40, 0xB2, 0xD2, 0x6D, 0x12, 0x0C, 0xFA, 0xBB, 0xC2, 0xCD, 0x66,
    0x73, 0x9D, 0xB3, 0xB2, 0x7A, 0xB4, 0x2B, 0x13, 0xB7, 0xDC, 0xDD, 0xC7, 0x80, 0xB2, 0x86, 0xA0,
    0xA6, 0x5B, 0x9A, 0xB9, 0xD5, 0x8A, 0x7A, 0x5D, 0xBA, 0xA8, 0x82, 0xBA, 0x91, 0x78, 0xB2, 0xD7,
    0x7B, 0x76, 0xB5, 0x78, 0xA4, 0x69, 0x8B, 0x26, 0x76, 0xBF, 0x60, 0xE6, 0xFC, 0xC4, 0x97, 0x4F,
    0x24, 0x92, 0xFA, 0x14, 0x95, 0x2B, 0x15, 0xE7, 0x91, 0x38, 0xF2, 0xE9, 0x5C, 0x2E, 0xCC, 0x53,
    0x66, 0x96, 0x10, 0x4E, 0x6B, 0x79, 0xF8, 0xA0, 0xF4, 0x50, 0x0B, 0xA9, 0xED, 0x8D, 0xFA, 0xFE,
    0x2D, 0x2D, 0xA8, 0x27, 0xDA, 0x3E, 0xA4, 0x91, 0x74, 0x8B, 0x19, 0x72, 0xCA, 0x09, 0x6C, 0x1C,
    0xD2, 0x42, 0x10, 0xB3, 0xF7, 0x07, 0xEA, 0xCF, 0xA8, 0xE6, 0x00, 0x40, 0xAD, 0x7D, 0x82, 0x2E,
    0x5A, 0xD9, 0xD0, 0x69, 0xA2, 0x9D, 0x00, 0xEC, 0x1D, 0xB3, 0x0E, 0x80, 0x1B, 0x7C, 0x8A, 0xBA,
    0x2A, 0x37, 0x2F, 0x39, 0xEF, 0x0C, 0xD0, 0x4A, 0xB9, 0xFD, 0x6B, 0x0E, 0xF6, 0x47, 0x83, 0xB3,
    0xAB, 0x66, 0xC5, 0x7E, 0xD5, 0xEC, 0xCF, 0x2F, 0xB8, 0x6A, 0x76, 0x51, 0x2C, 0x89, 0xA6, 0x7A,
    0xF4, 0x55, 0xB3, 0x7B, 0xEB, 0xAA, 0x19, 0x9B, 0xB2, 0xA8, 0x4F, 0xA1, 0xD7, 0xA2, 0x94, 0xF7,
    0x01, 0x7E, 0x80, 0xDE, 0xDD, 0xF6, 0xA1, 0x3C, 0x87, 0x5E, 0x44, 0xE7, 0x64, 0x77, 0x18, 0xD6,
    0x4A, 0x97, 0x50, 0x8F, 0xCB, 0x4B, 0xDA, 0xC6, 0x98, 0x33, 0xB2, 0x9E, 0xD3, 0x08, 0x95, 0x2B,
    0xA1, 0x1D, 0x48, 0x66, 0x53, 0x81, 0xA0, 0xE5, 0x9E, 0x76, 0xFE, 0xBF, 0x8A, 0xB4, 0xC6, 0xCC,
    0x5A, 0xA6, 0x63, 0x2E, 0xF1, 0xB8, 0xE6, 0x19, 0x6A, 0x5B, 0x5E, 0xD6, 0x66, 0x2D, 0xCF, 0x97,
    0x2E, 0x2F, 0x51, 0x97, 0xF3, 0xF5, 0xE4, 0xEA, 0x15, 0xEA, 0x26, 0xAB, 0xB2, 0x16, 0x95, 0x8A,
    0x4A, 0xA0, 0x23, 0x19, 0x4C, 0xF8, 0xC0, 0x1B, 0x52, 0x49, 0x7A, 0xDC, 0x42, 0x45, 0xE6, 0x8D,
    0x29, 0x50, 0xC1, 0x35, 0x3D, 0x25, 0x67, 0x35, 0x46, 0x56, 0x55, 0x0F, 0x2C, 0x5B, 0xA0, 0x21,
    0xF2, 0x4A, 0xE0, 0xEA, 0xED, 0x2E, 0x62, 0x26, 0x4C, 0x95, 0x31, 0x07, 0x53, 0xA0, 0x6D, 0x6B,
    0xBA, 0x84, 0x93, 0xC4, 0x03, 0x5D, 0xD7, 0x89, 0x05, 0x2D, 0x74, 0xDF, 0xCA, 0xC2, 0x54, 0x7E,
    0x15, 0x2A, 0xEB, 0x88, 0x95, 0x80, 0xF2, 0xF7, 0x35, 0x29, 0x42, 0x71, 0x48, 0x82, 0x60, 0x2E,
    0x42, 0x06, 0x53, 0x2F, 0x60, 0xB9, 0x30, 0x14, 0x80, 0xCA, 0x42, 0xDE, 0x5A, 0xC0, 0x02, 0xF8,
    0x02, 0x5F, 0x64, 0x09, 0x00, 0xF2, 0x8C, 0x1E, 0xD3, 0xE7, 0x7B, 0x34, 0x70, 0xAB, 0x9F, 0x62,
    0xE8, 0xE8, 0xFC, 0x36, 0x09, 0xEA, 0xC2, 0x79, 0x82, 0x7B, 0x81, 0xBC, 0xED, 0x85, 0xF9, 0xB7,
    0x45, 0x50, 0x17, 0xA6, 0xB3, 0x82, 0xAC, 0xE1, 0xD1, 0x84, 0x52, 0x3B, 0x4E, 0x76, 0xFD, 0x09,
    0x4A, 0x42, 0x8C, 0x2F, 0x82, 0x77, 0x37, 0x40, 0x4C, 0x47, 0x40, 0x6D, 0x24, 0xBE, 0xBF, 0xD5,
    0x1E, 0x77, 0x93, 0x09, 0x18, 0x12, 0x65, 0x39, 0x85, 0xF5, 0xDB, 0xAF, 0x04, 0x33, 0x30, 0x9A,
    0x80, 0xF9, 0xC0, 0x7C, 0x3A, 0x62, 0x01, 0xBC, 0x23, 0xA5, 0x5B, 0xE9, 0x7C, 0xB7, 0xB4, 0xB9,
    0x42, 0x82, 0x4F, 0x44, 0x9A, 0x40, 0xDB, 0x5B, 0xEA, 0xA2, 0xD4, 0x0D, 0x29, 0x6F, 0x49, 0x69,
    0x77, 0x9A, 0x92, 0xFE, 0x14, 0xF9, 0x8B, 0x59, 0x4B, 0x32, 0x4C, 0x17, 0x6A, 0xC1, 0x3C, 0x17,
    0x21, 0x0D, 0xA4, 0xA5, 0xF0, 0xA5, 0x3F, 0x1A, 0x40, 0x51, 0xAA, 0x49, 0x25, 0xA9, 0x22, 0x15,
    0xA4, 0x7A, 0x87, 0x6E, 0xD0, 0x59, 0x5F, 0x88, 0x16, 0x36, 0xD0, 0x82, 0xCA, 0x50, 0x15, 0x2A,
    0x22, 0xFB, 0x37, 0x6E, 0x31, 0xAA, 0x33, 0x51, 0x2B, 0xF9, 0x74, 0x11, 0xD4, 0x9C, 0x1F, 0xB3,
    0x11, 0x18, 0x4D, 0xC0, 0x60, 0x39, 0xED, 0xA2, 0x14, 0x67, 0x5C, 0x94, 0xE6, 0x60, 0x2F, 0xF0,
    0xC5, 0xED, 0xB6, 0xF6, 0xD7, 0x3D, 0xFA, 0xF8, 0xC5, 0x3E, 0x9F, 0x65, 0x9F, 0x7F, 0x3A, 0xCA,
    0x67, 0x44, 0xEA, 0x5E, 0x0C, 0xDE, 0xC4, 0x9D, 0x3E, 0xDC, 0x77, 0xF3, 0xBE, 0xEA, 0xC1, 0x4C,
    0x5C, 0x43, 0xE7, 0x92, 0xB3, 0xDF, 0x44, 0x81, 0x0B, 0x5F, 0x10, 0x9C, 0x03, 0x5E, 0xD2, 0x27,
    0xCB, 0x30, 0x71, 0x26, 0x03, 0x9D, 0x62, 0xF7, 0xBA, 0x18, 0x71, 0x0E, 0x75, 0x8E, 0x78, 0x49,
    0xB5, 0xE8, 0x8A, 0x53, 0xB3, 0x1A, 0x42, 0xE1, 0x84, 0x4D, 0x0D, 0xA1, 0x44, 0xB6, 0x27, 0x82,
    0x38, 0x61, 0x5B, 0x53, 0x60, 0xE4, 0xD3, 0x42, 0xBD, 0xCF, 0x67, 0x9F, 0xF3, 0xBE, 0x2C, 0x94,
    0x1E, 0x4E, 0x5C, 0xC7, 0x71, 0xFA, 0x40, 0x17, 0xA7, 0x61, 0x40, 0x47, 0x9D, 0x4F, 0x01, 0x57,
    0x1D, 0x42, 0x86, 0xC7, 0x87, 0x10, 0xB0, 0x06, 0x10, 0x82, 0x2B, 0xC4, 0x9B, 0x3A, 0x49, 0x8E,
    0xBB, 0x6A, 0x21, 0xD2, 0x2B, 0x32, 0x27, 0x58, 0x67, 0x4B, 0x3B, 0xFA, 0x0B, 0x80, 0xC6, 0x43,
    0xDA, 0xFA, 0x1B, 0xC9, 0x60, 0x21, 0x5A, 0x0A, 0x71, 0xC9, 0x5C, 0x06, 0x11, 0x61, 0x94, 0x19,
    0x3E, 0x11, 0xDF, 0x21, 0x66, 0x3C, 0xC0, 0x4C, 0x5F, 0x2B, 0x98, 0x91, 0x62, 0x42, 0xDA, 0x1E,
    0xF9, 0x21, 0x17, 0x83, 0x4C, 0xEB, 0xC2, 0x82, 0x04, 0x1B, 0xAA, 0xD6, 0xB9, 0x06, 0x88, 0xEF,
    0x3D, 0xA7, 0x12, 0xAE, 0xDD, 0xC2, 0xEC, 0xB7, 0x62, 0x1B, 0x4A, 0x68, 0xC5, 0x26, 0x54, 0x0B,
    0x89, 0xDE, 0xB8, 0xDE, 0xE4, 0x1D, 0xBC, 0x83, 0x0A, 0x80, 0xBB, 0xEC, 0x9D, 0xF0, 0x7E, 0xEC,
    0xB5, 0x40, 0x9B, 0xFC, 0xEE, 0xB5, 0xD7, 0x9A, 0x54, 0xF5, 0x2B, 0x36, 0xC5, 0x98, 0x34, 0xF2,
    0x74, 0x21, 0x08, 0x1F, 0xFF, 0xBE, 0x48, 0x0E, 0x1B, 0xA2, 0x16, 0x72, 0xFD, 0x59, 0x21, 0x75,
    0xC7, 0x3E, 0xE9, 0x97, 0x72, 0x3A, 0x8E, 0x67, 0xC2, 0x8B, 0xC7, 0x92, 0x7D, 0x5B, 0x17, 0xC9,
    0x4B, 0xD5, 0xC6, 0x2C, 0x52, 0xF6, 0x66, 0x90, 0x64, 0x30, 0xAD, 0x44, 0x93, 0x69, 0x24, 0x00,
    0xC8, 0xCC, 0xE9, 0x74, 0x0F, 0x39, 0x81, 0x55, 0x87, 0x28, 0x29, 0x22, 0x27, 0xB6, 0xBC, 0x21,
    0x9A, 0x24, 0xEB, 0x03, 0xBD, 0x41, 0x8F, 0x8B, 0xFE, 0xD6, 0x40, 0x87, 0xCA, 0x05, 0xF4, 0x3A,
    0xC0, 0x20, 0xBA, 0xBD, 0x35, 0xA1, 0x62, 0x16, 0x0B, 0x52, 0x9F, 0xC0, 0xE2, 0x56, 0x1F, 0x61,
    0xBE, 0x00, 0x15, 0x60, 0xC4, 0x35, 0xC6, 0x2B, 0x01, 0xA6, 0xF0, 0x50, 0x5A, 0x08, 0xD4, 0x66,
    0x55, 0xCF, 0x6B, 0xA6, 0x7E, 0x98, 0x22, 0x29, 0xBF, 0xDB, 0x2D, 0x22, 0xCA, 0xBB, 0xFC, 0xFA,
    0x90, 0xB2, 0x9B, 0x65, 0x0E, 0xDF, 0xD8, 0x02, 0x2B, 0x79, 0x1B, 0xE6, 0xC5, 0xDB, 0xD1, 0xC8,
    0xDB, 0xB1, 0x24, 0xEE, 0x88, 0xFC, 0x04, 0x13, 0x30, 0x1A, 0x4E, 0x66, 0xA7, 0xA1, 0x3E, 0x85,
    0x3B, 0x34, 0xDB, 0x03, 0xF1, 0x63, 0xEB, 0xBE, 0xD5, 0xC6, 0x6F, 0xDC, 0xB3, 0x9F, 0x2E, 0x7F,
    0xA0, 0x92, 0x0C, 0x30, 0xAD, 0xAD, 0x64, 0x6D, 0xDE, 0x48, 0xDA, 0x99, 0x4A, 0x92, 0xDE, 0x14,
    0x00, 0x55, 0x5D, 0xC1, 0xBE, 0xEA, 0xBF, 0x6C, 0xD8, 0x0F, 0x0F, 0x3B, 0x23, 0xFD, 0x7E, 0x0C,
    0x95, 0x2A, 0xD4, 0xBF, 0xBD, 0x45, 0x3B, 0xD5, 0x48, 0x82, 0xFA, 0x65, 0x1F, 0x63, 0x60, 0x7C,
    0x3E, 0x4B, 0xDA, 0xD2, 0x71, 0x97, 0xB8, 0xE7, 0x88, 0x85, 0x58, 0xAE, 0xEB, 0xCC, 0x6E, 0x94,
    0x97, 0xFC, 0x43, 0x02, 0xAC, 0x7D, 0xD0, 0xCC, 0x46, 0xA3, 0xE5, 0xF8, 0xBE, 0xDE, 0x44, 0x49,
    0xDC, 0xB2, 0xDE, 0xEF, 0x94, 0xC3, 0x16, 0xC7, 0x23, 0x75, 0x29, 0x83, 0x89, 0x16, 0xB4, 0x14,
    0xDD, 0x5B, 0x1F, 0x5A, 0x86, 0xBC, 0xE1, 0x8A, 0x13, 0x54, 0xE5, 0xEA, 0x57, 0x34, 0xE0, 0x52,
    0xC9, 0x9B, 0xCE, 0xB6, 0x89, 0xD8, 0x79, 0x20, 0x77, 0x4E, 0x67, 0x67, 0x6E, 0x5C, 0x1F, 0x3E,
    0x0A, 0xCD, 0x10, 0x01, 0x5F, 0xCA, 0x49, 0x1F, 0xAA, 0x56, 0x91, 0xCE, 0x62, 0xB9, 0x75, 0x8F,
    0xCC, 0x12, 0x67, 0x94, 0x06, 0x2E, 0x24, 0x9A, 0x76, 0x37, 0xAE, 0x8F, 0xB5, 0xCD, 0xE3, 0x3A,
    0x2A, 0xC0, 0x3F, 0x3F, 0x1A, 0xB2, 0xB1, 0xA0, 0x16, 0x42, 0x40, 0x04, 0x48, 0x5E, 0xB3, 0x90,
    0xFD, 0xC4, 0x82, 0x49, 0x2D, 0x1C, 0x01, 0x26, 0x0B, 0xE1, 0x60, 0x21, 0xEA, 0x2D, 0xA4, 0xAD,
    0x85, 0xAC, 0xB2, 0x60, 0xC4, 0xC2, 0x0E, 0x30, 0x59, 0xD0, 0x01, 0xD0, 0x01, 0x1A, 0x40, 0x65,
    0x21, 0xEA, 0x82, 0x41, 0xA2, 0x1E, 0xDB, 0xF6, 0x18, 0x5F, 0x52, 0x2B, 0xDE, 0x37, 0x96, 0xC3,
    0x3D, 0xD8, 0x27, 0xA4, 0x8B, 0x2F, 0x68, 0xE7, 0x3A, 0x2C, 0xFB, 0xEB, 0x8C, 0xAA, 0x9F, 0x51,
    0xEF, 0x5C, 0xA9, 0x99, 0x51, 0x65, 0x33, 0xEA, 0x96, 0xCD, 0xAA, 0xDA, 0x01, 0xAC, 0xB4, 0xD0,
    0x36, 0xF2, 0xAE, 0xD4, 0x00, 0xD3, 0xF8, 0xB4, 0x49, 0x8F, 0xAC, 0x26, 0x3F, 0xFA, 0xD1, 0x76,
    0x0C, 0x5C, 0xD5, 0x76, 0xB0, 0xBD, 0x69, 0x41, 0x82, 0xF3, 0xE1, 0xE8, 0x1C, 0xB8, 0x7D, 0x02,
    0x93, 0x87, 0x10, 0xA0, 0x03, 0xA0, 0x07, 0x54, 0xB8, 0xB1, 0x0F, 0xDA, 0x60, 0x4E, 0xD5, 0x16,
    0xB3, 0x38, 0x14, 0x36, 0xC4, 0x72, 0x5C, 0xB0, 0x87, 0x30, 0xCE, 0xD0, 0x7E, 0x9C, 0x6F, 0x4B,
    0x78, 0x77, 0x9C, 0x8D, 0x44, 0xBF, 0xB0, 0x58, 0xC4, 0xFF, 0x31, 0xA2, 0xEA, 0x5E, 0x1D, 0xE7,
    0xB4, 0xC9, 0xBE, 0x39, 0xCE, 0x49, 0x9B, 0xFF, 0xDE, 0x68, 0xAB, 0xD5, 0x04, 0x16, 0x87, 0xDB,
    0x16, 0x83, 0x71, 0xB2, 0x68, 0xD3, 0x03, 0xEB, 0x1E, 0x68, 0x3A, 0x60, 0xDE, 0x02, 0xB3, 0x26,
    0x18, 0xD7, 0x4A, 0xB5, 0xF2, 0x05, 0x40, 0xE1, 0x26, 0xA8, 0x0D, 0x0E, 0x16, 0xDE, 0xB8, 0x20,
    0x78, 0x03, 0x31, 0xD2, 0x3A, 0x4A, 0xA4, 0x9B, 0xBA, 0x49, 0x06, 0xBC, 0x74, 0x77, 0x12, 0x0F,
    0x79, 0x03, 0x6B, 0x5F, 0xAD, 0x7B, 0x91, 0xF3, 0xB9, 0x50, 0x01, 0x60, 0xED, 0x33, 0x44, 0x66,
    0x32, 0xAC, 0xD6, 0xF5, 0x21, 0xAD, 0x7D, 0x7D, 0xAE, 0xB5, 0xD7, 0x8A, 0x00, 0xC5, 0x2B, 0x98,
    0xBF, 0xC7, 0x0E, 0x7C, 0xAC, 0x09, 0x76, 0x6F, 0xAA, 0x75, 0x92, 0x65, 0x7E, 0x5E, 0x45, 0x5B,
    0xA9, 0x2B, 0x2D, 0x24, 0x6F, 0x14, 0x96, 0x66, 0xB1, 0xD0, 0x59, 0x48, 0x7A, 0x02, 0x77, 0xC7,
    0x16, 0xC0, 0xFE, 0x9A, 0x22, 0x8A, 0x85, 0xAC, 0x85, 0x2F, 0xD5, 0x68, 0x87, 0x0C, 0x96, 0xAB,
    0x2A, 0x33, 0x32, 0x9D, 0x91, 0xFD, 0x2C, 0xCF, 0xB2, 0xA1, 0x2E, 0x04, 0x56, 0xAB, 0x42, 0x32,
    0xC5, 0x16, 0xDA, 0x62, 0xAB, 0xE7, 0x1B, 0x31, 0x17, 0x60, 0xD8, 0x0C, 0xD4, 0xD9, 0x14, 0xEB,
    0x57, 0xF8, 0xDD, 0xFF, 0x5F, 0xD1, 0xFC, 0x32, 0x6E, 0xC2, 0x43, 0x35, 0x37, 0xFE, 0x5E, 0x6A,
    0x9D, 0x99, 0x97, 0xAF, 0x57, 0x6E, 0x3A, 0x11, 0x5E, 0xBC, 0xB9, 0x6C, 0x2B, 0x4E, 0x1B, 0x8F,
    0x1D, 0x10, 0x94, 0x3B, 0xA6, 0xB8, 0x60, 0x2A, 0x6E, 0x24, 0xC3, 0x6F, 0x6F, 0xB9, 0xBD, 0xEC,
    0x76, 0x9A, 0x0D, 0x36, 0x9D, 0x0D, 0x6C, 0x69, 0x2D, 0xE2, 0x46, 0x30, 0x06, 0x55, 0xC9, 0x9D,
    0xAA, 0x2F, 0x61, 0x3F, 0xEE, 0xAF, 0xB0, 0x1D, 0xFD, 0xE3, 0xCE, 0xC2, 0x6B, 0x58, 0xB6, 0xFA,
    0xB9, 0x85, 0x08, 0x2E, 0x62, 0xA8, 0xDE, 0x9F, 0x45, 0x2A, 0x37, 0x14, 0xDD, 0x84, 0xE0, 0xAC,
    0xFF, 0xBA, 0x19, 0x55, 0x23, 0x6E, 0x3D, 0xAF, 0x8B, 0xF4, 0x88, 0xF8, 0x32, 0x29, 0x1A, 0x1E,
    0x91, 0x3E, 0x71, 0x0F, 0x18, 0xC3, 0x99, 0xF0, 0x6E, 0x7B, 0xA0, 0xFF, 0x75, 0xAF, 0xEE, 0x25,
    0x9A, 0xC3, 0x21, 0xC1, 0x5A, 0x70, 0x38, 0x84, 0xF0, 0xEA, 0xC2, 0x41, 0x54, 0xF2, 0xC6, 0x12,
    0x56, 0x5B, 0x2C, 0x99, 0xCA, 0x14, 0x7B, 0xCA, 0x9B, 0xD3, 0x64, 0x9A, 0x35, 0x0A, 0x13, 0x98,
    0x82, 0xC9, 0x6B, 0x66, 0x16, 0x2C, 0x12, 0xBB, 0xAC, 0x03, 0xFD, 0x29, 0x0A, 0x72, 0xED, 0x46,
    0x25, 0x66, 0xA7, 0x52, 0xE1, 0x15, 0x7C, 0x74, 0x62, 0x30, 0x8D, 0x5B, 0xCF, 0xCB, 0xDA, 0x84,
    0x6D, 0xC1, 0x66, 0x70, 0x2D, 0xF0, 0xA5, 0x51, 0x24, 0xFF, 0x31, 0x2A, 0x9F, 0x45, 0xB2, 0xCA,
    0xDD, 0x92, 0x9D, 0x85, 0x04, 0xD7, 0xB2, 0xD7, 0xB0, 0xFF, 0x89, 0xF6, 0x51, 0x9A, 0x46, 0x59,
    0x90, 0x73, 0x89, 0xB5, 0xAE, 0xBC, 0x41, 0x53, 0xF7, 0x65, 0xE1, 0x0F, 0x2D, 0x2D, 0xE8, 0x99,
    0x8F, 0x1B, 0xD4, 0x86, 0x9F, 0x01, 0x16, 0x02, 0xCA, 0xD9, 0x3D, 0x08, 0xE8, 0xE3, 0x08, 0xED,
    0xDD, 0x03, 0x61, 0x77, 0x02, 0x35, 0xC0, 0x34, 0x78, 0x8E, 0xE5, 0xA6, 0x36, 0x09, 0xEA, 0x3D,
    0xA8, 0x97, 0x6B, 0x74, 0xB2, 0x1F, 0x0E, 0x08, 0xB3, 0xFB, 0x3C, 0x69, 0x52, 0x86, 0xB7, 0x91,
    0x1C, 0xE8, 0x34, 0xFD, 0xC6, 0x59, 0x5D, 0x78, 0x79, 0xE5, 0xC1, 0xB3, 0x30, 0x44, 0x17, 0x64,
    0xB9, 0xE2, 0xAD, 0x59, 0x7B, 0x82, 0x2F, 0xDE, 0x02, 0x4A, 0xFA, 0x20, 0xBC, 0xBF, 0x2D, 0xE8,
    0x84, 0x8F, 0x44, 0x2D, 0xEC, 0x75, 0xBC, 0xBD, 0xD2, 0xC5, 0x05, 0xA6, 0x1D, 0x30, 0x21, 0x52,
    0x5E, 0x3F, 0xA5, 0x8D, 0xC3, 0x57, 0x45, 0x3A, 0xF0, 0xC0, 0x63, 0x5F, 0xA7, 0xD4, 0xE8, 0x22,
    0xA8, 0xFA, 0x0A, 0x51, 0x5B, 0xE2, 0x80, 0xEB, 0xF1, 0x04, 0x0C, 0x66, 0xA0, 0x2C, 0x87, 0xC8,
    0xEB, 0x8C, 0xE3, 0xE3, 0xFB, 0xB4, 0xF7, 0x50, 0x07, 0x0F, 0x79, 0xE1, 0xD0, 0xED, 0x2B, 0xB2,
    0xCE, 0xF3, 0xC3, 0x22, 0xC9, 0x84, 0xDC, 0x90, 0x2F, 0xDC, 0xAF, 0x95, 0x67, 0xE4, 0xAD, 0x5B,
    0x65, 0xBE, 0xC8, 0x15, 0x73, 0x4E, 0xAE, 0x23, 0xCC, 0x5B, 0xF1, 0xC5, 0x4D, 0xDD, 0x3A, 0x27,
    0x3E, 0x3A, 0x70, 0x68, 0x2F, 0x6F, 0xB7, 0x58, 0x0A, 0xE5, 0x77, 0x1D, 0x5C, 0xE0, 0x99, 0x71,
    0x18, 0x37, 0xEB, 0x8F, 0x70, 0x94, 0xC6, 0xE6, 0x81, 0xBC, 0x64, 0x23, 0x7E, 0xF7, 0x0B, 0xEF,
    0x5A, 0x5A, 0x58, 0x4A, 0x54, 0x7B, 0x4B, 0xF9, 0xDD, 0xAB, 0x93, 0x7B, 0x05, 0x5E, 0x9C, 0x53,
    0x57, 0x5A, 0x72, 0x13, 0x33, 0xF2, 0xCA, 0x1B, 0xFA, 0x81, 0x59, 0xA3, 0x37, 0x1D, 0xE9, 0x78,
    0x8A, 0x16, 0x77, 0x8F, 0x31, 0x49, 0x4C, 0xC0, 0xE4, 0x85, 0xCB, 0x8C, 0x59, 0x07, 0xC8, 0x3A,
    0xBB, 0x77, 0x0D, 0x05, 0xC5, 0x2C, 0x96, 0x73, 0xC2, 0xFE, 0xFD, 0x1E, 0xE1, 0xBA, 0x6A, 0x1B,
    0xAA, 0x85, 0x44, 0xB7, 0xB7, 0x5A, 0xB6, 0x7B, 0xDE, 0x9C, 0x05, 0xDE, 0x48, 0x96, 0x1B, 0xD7,
    0x5C, 0x64, 0x26, 0xC3, 0x0A, 0x54, 0x6B, 0xCB, 0xB1, 0xA0, 0x82, 0x03, 0xFC, 0x16, 0xE2, 0x01,
    0x91, 0x7B, 0x9F, 0xAC, 0x2C, 0x2C, 0xC8, 0xFF, 0xAF, 0xFC, 0x2E, 0x08, 0x4D, 0x22, 0x2B, 0x54,
    0x8E, 0x00, 0x39, 0xEB, 0x47, 0x7C, 0x78, 0xF2, 0x6F, 0x61, 0x46, 0x46, 0x4C, 0xB9, 0x93, 0x05,
    0xA8, 0xF5, 0x49, 0xE1, 0x14, 0xF9, 0x1B, 0x51, 0x28, 0x78, 0x45, 0xB8, 0x51, 0xB5, 0xC7, 0xE7,
    0xEF, 0x6D, 0x0A, 0xE1, 0xEB, 0xBC, 0x47, 0x5E, 0xE1, 0xDD, 0x3D, 0x5E, 0xFE, 0x3B, 0x60, 0x6D,
    0x6F, 0x87, 0xF7, 0xD1, 0x41, 0x42, 0xBD, 0x13, 0xCF, 0x16, 0x0B, 0x59, 0x24, 0x3C, 0x39, 0xC7,
    0x60, 0x3C, 0x8E, 0x8F, 0x07, 0x45, 0x1E, 0x8C, 0x25, 0x20, 0x70, 0x33, 0xE6, 0x44, 0x1C, 0x88,
    0x95, 0xC5, 0xAD, 0x48, 0xC8, 0xA3, 0x59, 0xB4, 0x4B, 0xDC, 0x28, 0xFA, 0xE2, 0xC9, 0x1C, 0xF5,
    0x1E, 0x2D, 0x3F, 0xFC, 0xD1, 0x89, 0x3B, 0x69, 0x5D, 0xC2, 0x3F, 0x4D, 0xCE, 0x73, 0x27, 0xDF,
    0xB0, 0x2D, 0xA6, 0xDA, 0xF3, 0x2B, 0x17, 0x74, 0x27, 0x2F, 0x3D, 0x8B, 0xD7, 0xDE, 0x2E, 0x45,
    0x9A, 0xD7, 0xAF, 0xF6, 0xFE, 0xB0, 0x36, 0x98, 0x69, 0x07, 0x91, 0x84, 0xAE, 0x12, 0x17, 0x17,
    0xE1, 0x90, 0xF5, 0xCC, 0x89, 0x2D, 0x11, 0xF0, 0xFB, 0x82, 0x44, 0x63, 0x7D, 0xE3, 0x7A, 0x5F,
    0xAB, 0xB6, 0x99, 0x2E, 0xEC, 0x07, 0x1F, 0xB6, 0xA9, 0xE1, 0x1A, 0x7D, 0xC8, 0x77, 0xD1, 0xE2,
    0x62, 0x7F, 0x9F, 0xB4, 0x09, 0xB3, 0xCA, 0x5C, 0x6F, 0x2C, 0x7E, 0x68, 0x3F, 0xA6, 0x50, 0xD5,
    0xBF, 0xF6, 0x47, 0xC2, 0x8A, 0x73, 0x41, 0x0F, 0x0C, 0x8B, 0x7D, 0xA6, 0x69, 0xFB, 0xB8, 0x3E,
    0xF0, 0x06, 0xB5, 0x32, 0x2A, 0xF9, 0x28, 0x3E, 0xC0, 0x0A, 0x0F, 0x07, 0xBC, 0xBD, 0xE9, 0x58,
    0xA2, 0x87, 0xB1, 0xDE, 0x3F, 0x46, 0x3B, 0x60, 0x4D, 0xC4, 0x73, 0x03, 0x1E, 0x24, 0xEF, 0xC9,
    0x30, 0x42, 0xB7, 0xC1, 0x91, 0xE7, 0x51, 0x26, 0xF2, 0x00, 0xC6, 0xFD, 0x90, 0x9C, 0xF5, 0x6A,
    0x2F, 0xC2, 0x09, 0xD2, 0xDE, 0xE5, 0xA7, 0x15, 0xF8, 0x8E, 0x1C, 0x04, 0xEF, 0xE2, 0xBD, 0x0B,
    0x56, 0x86, 0xE3, 0x95, 0x27, 0xC1, 0x1B, 0xDF, 0x1B, 0x37, 0x75, 0xBD, 0x5F, 0x17, 0x64, 0xFB,
    0x71, 0x9C, 0xAF, 0x6C, 0x3C, 0x17, 0xE4, 0xC0, 0xC5, 0xC7, 0x11, 0x77, 0x30, 0x6A, 0x8E, 0xBC,
    0x3C, 0xC0, 0xB4, 0x5C, 0x61, 0xB9, 0x83, 0x47, 0x5C, 0x39, 0xDF, 0xB4, 0x94, 0xAB, 0x69, 0x99,
    0x4E, 0x99, 0x16, 0x7D, 0x90, 0x69, 0x29, 0xDE, 0x3D, 0x8A, 0x7C, 0xF8, 0x65, 0x3A, 0xE8, 0x7E,
    0xE9, 0x7E, 0xF2, 0x47, 0xCC, 0xE3, 0xD6, 0x42, 0x20, 0x3E, 0x3C, 0xB1, 0x25, 0x95, 0xAD, 0x08,
    0xD8, 0xDB, 0xF1, 0x04, 0xBA, 0x84, 0xEC, 0x70, 0x3F, 0xA4, 0x83, 0xFD, 0xC4, 0x17, 0x93, 0x7E,
    0x20, 0xDF, 0x40, 0x49, 0xF3, 0x3A, 0x77, 0xE5, 0x78, 0xA4, 0x58, 0xA1, 0xDB, 0x47, 0x05, 0xE1,
    0x7D, 0xFB, 0x0E, 0x8A, 0xF0, 0x9E, 0x2C, 0x65, 0xA8, 0x0D, 0xA7, 0x80, 0xFD, 0xE5, 0x5C, 0x08,
    0xB8, 0x5A, 0xB0, 0x4E, 0x40, 0xA6, 0x82, 0xD2, 0xE7, 0x0A, 0x79, 0x83, 0x6A, 0xD9, 0x0B, 0x3C,
    0xF7, 0x18, 0x50, 0xE0, 0x5E, 0x07, 0x85, 0x8E, 0xD3, 0x5C, 0x0E, 0x01, 0x15, 0x92, 0x57, 0x09,
    0x2C, 0x05, 0xF4, 0x89, 0x7B, 0xBE, 0x38, 0x9A, 0xC2, 0x16, 0x94, 0x6A, 0xE5, 0x56, 0x78, 0x53,
    0x5B, 0x7D, 0x35, 0x72, 0xCB, 0xBF, 0xDB, 0xB8, 0xBE, 0x67, 0xBE, 0xD2, 0xBA, 0x8E, 0x56, 0x26,
    0x3D, 0x32, 0xAF, 0x65, 0x17, 0xF7, 0x6E, 0x18, 0x4C, 0xD1, 0x08, 0x25, 0xCD, 0x37, 0xA7, 0x70,
    0xE2, 0x59, 0xF6, 0x7F, 0x1A, 0x64, 0xE6, 0xD1, 0xF6, 0xFF, 0xEC, 0xA5, 0x4E, 0x1B, 0x1C, 0xA3,
    0xEC, 0xC5, 0x5C, 0x67, 0x8B, 0xB4, 0x92, 0xB3, 0x55, 0xD0, 0x47, 0xD8, 0x32, 0x5A, 0x49, 0x32,
    0xBB, 0x6E, 0x8B, 0x92, 0xCF, 0x86, 0x92, 0x9F, 0xBC, 0x32, 0x07, 0x8C, 0x89, 0x44, 0x8C, 0x67,
    0x88, 0x79, 0x05, 0xC6, 0xE6, 0x12, 0x44, 0x2E, 0x4C, 0xE7, 0x8D, 0xEC, 0x60, 0xB9, 0x39, 0x66,
    0xAC, 0x46, 0x65, 0x1B, 0x70, 0xEF, 0x54, 0x3B, 0x1C, 0xC0, 0x1D, 0x82, 0xB7, 0x7A, 0xAB, 0x78,
    0x38, 0x46, 0xBF, 0x1C, 0xA0, 0xF7, 0x14, 0xFF, 0xCB, 0x94, 0xB4, 0x22, 0xBB, 0xB4, 0x99, 0xA0,
    0xB5, 0xC9, 0x8A, 0x5D, 0x8E, 0xF9, 0xB1, 0x14, 0xC3, 0x43, 0x6E, 0xB3, 0xE4, 0xD0, 0x14, 0xEB,
    0x08, 0xEC, 0x45, 0x83, 0x1B, 0x60, 0xC9, 0xF9, 0x2F, 0x32, 0xDC, 0xF3, 0x3B, 0x40, 0x5E, 0x3F,
    0x17, 0x5F, 0xDF, 0x00, 0xE1, 0xDE, 0x03, 0x31, 0x74, 0xB8, 0x39, 0x8C, 0x21, 0x30, 0x02, 0xA3,
    0x09, 0x18, 0x10, 0x65, 0xDE, 0x63, 0x40, 0x0C, 0x79, 0x3D, 0x1E, 0x81, 0x79, 0xCF, 0x1C, 0x5A,
    0x62, 0x01, 0xBC, 0xB3, 0xAF, 0xC8, 0xF3, 0x10, 0xBA, 0x0D, 0x1E, 0x5F, 0xAC, 0xB7, 0x2F, 0x3F,
    0xFC, 0xA8, 0x92, 0x2E, 0xC7, 0x40, 0x5D, 0x88, 0x5A, 0xB1, 0x89, 0xDA, 0xFD, 0xF9, 0xD4, 0xA4,
    0x27, 0x76, 0x87, 0x27, 0x56, 0xB7, 0x37, 0xB5, 0xDA, 0xA7, 0xEA, 0xE4, 0xB4, 0x5A, 0xB1, 0x2E,
    0xFE, 0xB7, 0x56, 0x7D, 0x89, 0x7F, 0x1D, 0x67, 0xB3, 0x5C, 0xE6, 0xA1, 0xDB, 0xD6, 0xC5, 0xD3,
    0x82, 0x1C, 0x2C, 0x42, 0x8E, 0xA6, 0x95, 0x47, 0x32, 0x5A, 0x96, 0x9C, 0x38, 0xDE, 0x5C, 0xBB,
    0xBB, 0xB1, 0x53, 0x45, 0xA9, 0x08, 0xC3, 0x9E, 0xB7, 0xB7, 0xDC, 0x75, 0x49, 0x0F, 0xE2, 0xEF,
    0x39, 0x1E, 0x0E, 0xF3, 0x0F, 0x67, 0xC7, 0xA2, 0x2B, 0xD7, 0x8D, 0x63, 0x33, 0x8A, 0x5C, 0xC1,
    0x43, 0xEA, 0x1B, 0x75, 0x6B, 0x19, 0xAF, 0x1C, 0x60, 0xC9, 0x55, 0x2B, 0xBF, 0x40, 0xE8, 0x68,
    0xC6, 0xC5, 0xC9, 0xA2, 0x02, 0xAD, 0x8B, 0xF6, 0xC3, 0x59, 0xD2, 0xC1, 0x1D, 0x53, 0x04, 0x9A,
    0x8A, 0x58, 0x10, 0xF9, 0x6A, 0x68, 0xE7, 0xD6, 0x63, 0x45, 0xE8, 0x1C, 0x2E, 0x28, 0xD1, 0xDD,
    0xDD, 0xC7, 0xAC, 0x7C, 0x0E, 0xCC, 0xED, 0x29, 0xE4, 0xFC, 0x9D, 0xDB, 0x2C, 0x65, 0x9E, 0xB9,
    0x0E, 0xCC, 0xD2, 0x4F, 0x66, 0x01, 0x89, 0x27, 0x52, 0x3A, 0x3B, 0x52, 0x52, 0x5E, 0x93, 0x4C,
    0x5E, 0x81, 0xCA, 0xAC, 0x01, 0xCD, 0xEC, 0x9A, 0x01, 0x47, 0x34, 0xC6, 0x88, 0x5B, 0x33, 0xE4,
    0x84, 0x9B, 0xDC, 0x7D, 0x6E, 0x62, 0xEA, 0xF5, 0x67, 0xA4, 0xAA, 0x48, 0xFD, 0xE6, 0x52, 0x17,
    0x34, 0xC6, 0x3C, 0xDE, 0xE4, 0x7E, 0xE8, 0x32, 0x47, 0x03, 0x8F, 0x39, 0x45, 0x18, 0x60, 0x30,
    0x13, 0xF0, 0x5A, 0xFA, 0x08, 0x7E, 0x4B, 0x62, 0x89, 0x9D, 0xD8, 0xD2, 0x22, 0x79, 0x63, 0xA9,
    0xA4, 0x99, 0xB7, 0xB0, 0xEE, 0xF2, 0x2C, 0x20, 0xAA, 0xC1, 0x50, 0x37, 0x40, 0xA5, 0x5A, 0x6F,
    0xD1, 0x4C, 0xFE, 0x12, 0x18, 0xFF, 0x82, 0x3A, 0xB5, 0x54, 0xA9, 0xD9, 0x09, 0x6D, 0x04, 0x5D,
    0x31, 0xE8, 0x53, 0x72, 0xE0, 0x29, 0x30, 0x98, 0xCC, 0x1F, 0x76, 0x38, 0x60, 0x07, 0x5D, 0x7A,
    0x13, 0x8D, 0x78, 0x19, 0xE2, 0x98, 0x32, 0x32, 0x73, 0xE7, 0xB5, 0x86, 0x47, 0x2B, 0xEE, 0x2F,
    0xAF, 0x76, 0x16, 0xDD, 0x89, 0x4B, 0x54, 0x0C, 0xD8, 0x34, 0x8E, 0xEB, 0xCE, 0xB1, 0xF6, 0xE4,
    0xE0, 0xFE, 0x00, 0xE6, 0x59, 0x2F, 0x72, 0x3F, 0x93, 0x93, 0x6E, 0x47, 0x4E, 0xDB, 0x12, 0x8C,
    0x22, 0x2A, 0x30, 0x16, 0x12, 0xF1, 0x5B, 0x08, 0xEB, 0x50, 0xB7, 0x6B, 0xB7, 0xEC, 0x3D, 0x63,
    0x9C, 0x2C, 0xF5, 0x9B, 0x23, 0xBB, 0x75, 0xF6, 0xAD, 0x89, 0xDD, 0x3A, 0xAB, 0xDC, 0x66, 0x79,
    0x56, 0xD5, 0xE0, 0x36, 0xAB, 0xCA, 0x02, 0x3B, 0x63, 0x59, 0x85, 0xBA, 0x32, 0x45, 0x56, 0x41,
    0xCF, 0x52, 0xB2, 0x0A, 0xA7, 0x1B, 0x16, 0xCB, 0x49, 0x5F, 0x06, 0xB3, 0xE5, 0x78, 0x28, 0xC3,
    0xC9, 0x72, 0x34, 0xF1, 0xAC, 0x72, 0x15, 0x4C, 0x65, 0xD2, 0x5B, 0x96, 0xE5, 0xD4, 0x1C, 0xD7,
    0x9F, 0xA6, 0xDD, 0x48, 0x9A, 0x26, 0x50, 0x30, 0xDE, 0x06, 0xD9, 0xDA, 0x02, 0xC5, 0x3D, 0x3D,
    0x15, 0x94, 0x8F, 0x9D, 0xDD, 0x37, 0x6E, 0x35, 0xE2, 0xBA, 0x26, 0x89, 0xEF, 0xED, 0x75, 0xFA,
    0xA3, 0xC1, 0xD2, 0x9C, 0xBE, 0x3A, 0xC9, 0x1C, 0xC0, 0x71, 0x90, 0x39, 0x1A, 0xD1, 0x2C, 0x74,
    0x1E, 0x0C, 0x26, 0x06, 0x4B, 0x15, 0xBD, 0x88, 0xAC, 0x99, 0xB3, 0x26, 0x6D, 0xD2, 0x76, 0x36,
    0x45, 0xDA, 0x24, 0x7D, 0xA4, 0x08, 0xC5, 0x21, 0x05, 0xB3, 0x3D, 0xB9, 0xAC, 0x74, 0xB0, 0xE8,
    0xBD, 0x35, 0x1C, 0xA6, 0xF4, 0x0B, 0xD0, 0x21, 0x39, 0x10, 0x82, 0xD9, 0x3D, 0x0F, 0x77, 0x1B,
    0xB9, 0x24, 0x0A, 0x4A, 0xD9, 0x55, 0x42, 0x64, 0xE2, 0x7A, 0x29, 0x5A, 0xED, 0xF5, 0xE5, 0xDA,
    0x28, 0xA2, 0xF0, 0xB5, 0x90, 0x0C, 0x09, 0xAD, 0x34, 0xB3, 0xBA, 0x39, 0xAC, 0xE2, 0x1E, 0x54,
    0x25, 0x20, 0xCC, 0x97, 0x96, 0xA0, 0x22, 0xA8, 0x83, 0xB7, 0x86, 0x4E, 0xD3, 0xEC, 0x2B, 0x83,
    0xBF, 0x56, 0x9A, 0x57, 0x47, 0xD4, 0x59, 0x2E, 0x6D, 0x1D, 0xF2, 0x07, 0x5B, 0xAC, 0xE9, 0x1D,
    0x0F, 0x69, 0x72, 0xB6, 0x86, 0xF2, 0x1C, 0x1B, 0xEB, 0xA9, 0xEE, 0x90, 0xDA, 0xE5, 0x5C, 0x30,
    0xA9, 0x7F, 0xFE, 0xD6, 0x22, 0x01, 0x7E, 0x5B, 0x50, 0x44, 0x63, 0x62, 0x4B, 0x8B, 0x7B, 0xD4,
    0x56, 0xD2, 0xE1, 0xCF, 0x26, 0xED, 0x6C, 0x4F, 0xB0, 0xFF, 0x45, 0x83, 0x29, 0x92, 0x2E, 0x1C,
    0x0D, 0x4C, 0xEC, 0xB4, 0x03, 0x2E, 0xA5, 0x64, 0xCE, 0x23, 0x3F, 0x4F, 0x48, 0xAC, 0xBD, 0x7B,
    0x9E, 0x3D, 0x6A, 0xF2, 0x06, 0x99, 0xCE, 0x80, 0x9B, 0x47, 0xA5, 0x76, 0x9D, 0x13, 0x73, 0x23,
    0x04, 0x0C, 0x4C, 0x0A, 0xE1, 0x94, 0x76, 0x14, 0xDC, 0x69, 0x00, 0x9C, 0x20, 0xAF, 0x95, 0xF6,
    0x1F, 0x61, 0x5C, 0x05, 0xE8, 0x5F, 0x6E, 0xB7, 0xFA, 0x37, 0x77, 0xEB, 0x96, 0xB5, 0x68, 0x95,
    0xEE, 0xD9, 0x6B, 0x31, 0xD0, 0xD9, 0x6D, 0xE3, 0x3E, 0x84, 0x1A, 0xFC, 0xA5, 0x1B, 0x04, 0x7A,
    0x74, 0xA8, 0x72, 0x7A, 0x1F, 0x3B, 0x08, 0xA8, 0xF6, 0x92, 0x7F, 0x56, 0x30, 0x45, 0x29, 0x35,
    0x84, 0xBC, 0x2A, 0x59, 0xD3, 0x18, 0x86, 0x9C, 0xB9, 0x31, 0x94, 0x42, 0x27, 0xEC, 0xBD, 0xB4,
    0x80, 0x9D, 0x6F, 0xCF, 0x78, 0x2B, 0xB9, 0xD5, 0xB1, 0x15, 0xF1, 0xE1, 0x14, 0xC9, 0x5D, 0x78,
    0xD8, 0x1D, 0xF0, 0x7A, 0x7C, 0x43, 0xE8, 0x93, 0x20, 0x36, 0x0F, 0xCE, 0x28, 0xC2, 0x42, 0x7E,
    0x6B, 0x51, 0xA4, 0x2B, 0x7F, 0x1F, 0x0D, 0x35, 0x0B, 0x16, 0xF8, 0x3B, 0x74, 0xE7, 0x70, 0x88,
    0x7A, 0xF4, 0x67, 0xCB, 0xA3, 0x65, 0xAC, 0xFF, 0x4F, 0xC8, 0x2C, 0x74, 0x7D, 0xBE, 0xB5, 0xBC,
    0x93, 0x39, 0xE3, 0xB6, 0x82, 0xCC, 0x39, 0x37, 0x0D, 0x8A, 0xA8, 0x83, 0x6B, 0x33, 0x85, 0x98,
    0xFD, 0xBE, 0x3C, 0x88, 0x64, 0x70, 0x4D, 0x63, 0xE5, 0x92, 0x56, 0x27, 0x09, 0xCA, 0x34, 0x7A,
    0x53, 0x1B, 0x73, 0x2C, 0xA6, 0xFB, 0x5F, 0xFE, 0x97, 0x39, 0x07, 0xFB, 0x34, 0x87, 0xBE, 0xEA,
    0xE6, 0xEA, 0xC2, 0xF7, 0x79, 0xC0, 0x1D, 0x09, 0xB6, 0xB7, 0xDC, 0xB4, 0xD8, 0x7A, 0x87, 0x9F,
    0x83, 0x20, 0x9C, 0x0E, 0x80, 0xD7, 0x12, 0x64, 0x95, 0xF7, 0xF2, 0xB4, 0x2D, 0x8D, 0x4B, 0x83,
    0x39, 0x72, 0x29, 0x5F, 0x2F, 0x44, 0xF6, 0x4E, 0x32, 0xA5, 0xD2, 0x1E, 0x37, 0x3A, 0xE6, 0x1A,
    0x51, 0x0C, 0x90, 0x4B, 0x85, 0xBC, 0xE0, 0xFA, 0xF7, 0xB1, 0xEC, 0x24, 0x1C, 0xE0, 0x3A, 0x2E,
    0xE9, 0xEB, 0x22, 0xA6, 0xC6, 0xD8, 0x5A, 0xD8, 0xF1, 0x5B, 0x77, 0xEA, 0x3F, 0x7D, 0xFD, 0xEA,
    0x4C, 0x73, 0x0D, 0x30, 0x27, 0xB0, 0x5B, 0x55, 0x31, 0xDA, 0x01, 0x2A, 0xC0, 0xE8, 0x97, 0x5F,
    0x38, 0x8A, 0x69, 0x66, 0x09, 0xFE, 0xC8, 0x90, 0x5C, 0x7A, 0x69, 0x41, 0xCE, 0x23, 0x72, 0xAE,
    0xC4, 0xFC, 0x7B, 0x21, 0x72, 0xE4, 0x32, 0xF3, 0xEF, 0x39, 0x50, 0xD2, 0xF9, 0x3A, 0xC1, 0x76,
    0x7B, 0x15, 0x57, 0x10, 0x25, 0x42, 0x27, 0x42, 0x17, 0x7A, 0xF7, 0x54, 0x82, 0xD6, 0x1E, 0x5A,
    0xBB, 0x1E, 0xBB, 0x08, 0x86, 0x26, 0x7C, 0x2F, 0xF4, 0xF1, 0x49, 0xE2, 0x39, 0xEE, 0xF3, 0x5E,
    0xD8, 0xFF, 0x5A, 0xAA, 0xB4, 0xE0, 0x61, 0xD9, 0xAB, 0xD8, 0x76, 0x8F, 0x46, 0x97, 0x99, 0x2C,
    0xE9, 0x1E, 0x05, 0x8D, 0xD0, 0x2E, 0x88, 0xB7, 0x0B, 0xC1, 0x04, 0x94, 0xD3, 0x38, 0x9F, 0xC1,
    0xDB, 0x1E, 0x79, 0xA5, 0x70, 0xC8, 0xF8, 0x15, 0x72, 0xC8, 0x61, 0x6B, 0xC6, 0x14, 0xD6, 0xA7,
    0x4F, 0x60, 0x8F, 0xBA, 0x48, 0x6F, 0xBD, 0xE5, 0x4E, 0xEB, 0x2C, 0x3C, 0x86, 0xD6, 0x71, 0xB9,
    0xF4, 0xD1, 0xB5, 0xF5, 0x21, 0x40, 0x15, 0xF9, 0xA3, 0x36, 0x52, 0xD3, 0x97, 0xE4, 0x38, 0xE9,
    0xE9, 0xA8, 0x24, 0xA3, 0x5B, 0xDB, 0x9E, 0xE0, 0xE1, 0xF8, 0x1F, 0x76, 0xB0, 0x11, 0xD8, 0xFA,
    0xAE, 0xFD, 0xAB, 0x5A, 0x40, 0x0D, 0x29, 0x6F, 0x6A, 0x45, 0x38, 0x24, 0x7F, 0x6F, 0x8D, 0x59,
    0x92, 0xAA, 0x75, 0xE1, 0x73, 0xCD, 0x33, 0x67, 0x09, 0x2C, 0x2F, 0x9C, 0x7D, 0xE9, 0xA1, 0x16,
    0x9C, 0x16, 0xEB, 0xFB, 0x76, 0xC4, 0x50, 0xCF, 0x45, 0xD6, 0x23, 0x5E, 0xE0, 0x67, 0x89, 0x1B,
    0x28, 0xE3, 0x46, 0xE3, 0x2C, 0xC9, 0xF2, 0x9C, 0x16, 0x59, 0xC7, 0x2D, 0x43, 0x77, 0xD4, 0x30,
    0xEE, 0x6B, 0x0C, 0xE2, 0x05, 0x60, 0x4D, 0xCD, 0xCD, 0x11, 0x1A, 0x39, 0xC0, 0xB5, 0x71, 0x87,
    0x1B, 0x35, 0xC0, 0x08, 0xE7, 0x16, 0xBC, 0xFA, 0x22, 0x83, 0x18, 0x59, 0x05, 0xAC, 0x9A, 0x9C,
    0x05, 0x3E, 0xBB, 0xF6, 0xFB, 0x9A, 0x8F, 0x1C, 0xA9, 0x3B, 0x8F, 0xAE, 0x28, 0x09, 0x15, 0xE4,
    0xCE, 0xA8, 0xD3, 0x5F, 0xE2, 0x3A, 0xAF, 0xF8, 0xD3, 0xBF, 0x2C, 0x81, 0xF6, 0xCE, 0x6D, 0x01,
    0xE2, 0xCB, 0xF9, 0x6A, 0xE1, 0x75, 0x67, 0x6A, 0x91, 0x28, 0x21, 0x55, 0xC8, 0x01, 0x53, 0x5F,
    0x23, 0x7C, 0xAB, 0x24, 0x75, 0x28, 0x04, 0x73, 0x9E, 0x45, 0xCC, 0x79, 0xA0, 0x10, 0xBA, 0x23,
    0xB7, 0x09, 0x24, 0x8B, 0xA3, 0x7A, 0x24, 0x95, 0x03, 0xC9, 0xF4, 0xA4, 0xDC, 0x37, 0xFA, 0x53,
    0xB2, 0xA0, 0x02, 0xE9, 0x25, 0x29, 0xF5, 0xBC, 0x2B, 0x39, 0x57, 0x0A, 0x32, 0x7E, 0xF0, 0x06,
    0x43, 0xE5, 0x0D, 0xDC, 0x28, 0x46, 0x1B, 0xE5, 0x36, 0x55, 0x46, 0xF6, 0x53, 0x00, 0xDC, 0x51,
    0xFB, 0x32, 0xA2, 0xBA, 0x5F, 0x06, 0xE6, 0xDF, 0xEE, 0xA0, 0xE5, 0x4F, 0x5A, 0xE0, 0x6B, 0x0D,
    0x27, 0xE2, 0x8A, 0x95, 0x54, 0x70, 0x8E, 0x85, 0x9A, 0xDF, 0xE3, 0x62, 0x8D, 0x2C, 0x49, 0x7F,
    0xDA, 0x55, 0xA8, 0x66, 0x50, 0xD2, 0x1A, 0x50, 0xD8, 0xA7, 0x15, 0xF8, 0xA3, 0x81, 0x1C, 0x86,
    0x0F, 0x78, 0xCD, 0x7F, 0xAA, 0xDA, 0x32, 0xAB, 0x9A, 0x39, 0xC1, 0xC2, 0x06, 0x23, 0xCB, 0xBA,
    0xCD, 0x3A, 0xCC, 0x85, 0x86, 0xD8, 0x2F, 0xC9, 0xFC, 0x66, 0x5B, 0xEA, 0x30, 0x84, 0xFB, 0x23,
    0xB9, 0x39, 0x26, 0x22, 0x17, 0xFC, 0x7E, 0x29, 0x93, 0xF9, 0x34, 0xC9, 0xC8, 0xD9, 0x11, 0x21,
    0xED, 0xD9, 0x2E, 0x4C, 0xD5, 0xB8, 0x7F, 0x57, 0xEF, 0x9D, 0x5E, 0x9B, 0xCC, 0x80, 0x68, 0xE4,
    0x49, 0x98, 0x52, 0x20, 0x66, 0x8D, 0x85, 0x1A, 0x05, 0xF2, 0x94, 0x63, 0xEF, 0xC4, 0xA4, 0x97,
    0x64, 0x15, 0x23, 0xF8, 0x1E, 0x35, 0x2B, 0x9D, 0xBF, 0x4F, 0xE4, 0x55, 0x3C, 0x64, 0x5E, 0x39,
    0x91, 0xCE, 0xE3, 0x2A, 0xD6, 0xF4, 0x64, 0x68, 0xB9, 0x8C, 0xEC, 0xC4, 0x95, 0x26, 0xA6, 0x9A,
    0xEC, 0x97, 0x73, 0x7B, 0xF6, 0xEA, 0x44, 0xCD, 0x12, 0x9B, 0xEB, 0xBF, 0x0E, 0x92, 0x76, 0xD4,
    0x37, 0xB1, 0xEB, 0x25, 0xC9, 0x48, 0x45, 0xA3, 0x5F, 0x75, 0x12, 0x2D, 0x3C, 0x04, 0x1B, 0xBD,
    0xD5, 0x8A, 0xE8, 0xFD, 0x5B, 0x33, 0x9A, 0xA3, 0x39, 0x59, 0x6A, 0x46, 0xAD, 0x5D, 0x56, 0xD6,
    0x5A, 0xED, 0x37, 0xEF, 0x28, 0xFA, 0x30, 0x3B, 0xA2, 0xCA, 0xA4, 0xFD, 0x82, 0xE9, 0xE9, 0xD9,
    0x46, 0xBC, 0x0D, 0x67, 0xF8, 0x5D, 0x6D, 0xBC, 0x68, 0x94, 0x44, 0x71, 0xF0, 0x96, 0x8E, 0x81,
    0xE6, 0x6E, 0xC1, 0x93, 0xD2, 0xE6, 0x71, 0xDD, 0x8E, 0x86, 0xCF, 0x14, 0x36, 0x57, 0x5A, 0x3F,
    0xB7, 0xE7, 0x74, 0xB2, 0x8C, 0xE7, 0xCE, 0x84, 0x77, 0xB0, 0xC1, 0x88, 0xCC, 0x05, 0xBD, 0x05,
    0x12, 0x57, 0xF5, 0x20, 0x8D, 0xAC, 0xB6, 0x19, 0x92, 0x4C, 0x96, 0x29, 0x71, 0x91, 0x8F, 0x77,
    0xB9, 0xD2, 0xC7, 0xE1, 0x84, 0x37, 0x4C, 0x16, 0xD9, 0x73, 0xCD, 0x8F, 0x03, 0x8E, 0x0B, 0x7F,
    0x2C, 0xD2, 0xF6, 0x2C, 0x92, 0x69, 0xB8, 0x04, 0x08, 0x1B, 0xEA, 0xFA, 0x16, 0x0C, 0x29, 0xFB,
    0x97, 0xB7, 0xA6, 0x8B, 0xC0, 0xA4, 0x02, 0xE6, 0xB3, 0xF5, 0x14, 0x8D, 0x67, 0x6A, 0x69, 0xEF,
    0x71, 0x22, 0x73, 0x17, 0xFE, 0x51, 0x0B, 0x32, 0x57, 0x0E, 0xBD, 0xD4, 0x9D, 0xCE, 0x2B, 0x52,
    0xD2, 0x75, 0xAE, 0xC2, 0x24, 0xCA, 0xF6, 0x32, 0x7C, 0x15, 0x09, 0xF4, 0xDF, 0x34, 0x9B, 0xD0,
    0xC8, 0xAF, 0x84, 0xEA, 0x5C, 0xB3, 0xBA, 0x60, 0x43, 0xB0, 0xF6, 0xD0, 0x21, 0x38, 0xF2, 0x79,
    0x42, 0x63, 0x3D, 0xBB, 0x8E, 0xBE, 0x53, 0x33, 0xDB, 0x77, 0xA4, 0x35, 0xE6, 0x9A, 0x6E, 0xCD,
    0x65, 0xB5, 0x26, 0x28, 0x01, 0x26, 0x06, 0xE5, 0x95, 0x55, 0x34, 0xCB, 0x95, 0x40, 0x25, 0xD0,
    0xBF, 0x5C, 0xB2, 0xC9, 0x39, 0xF4, 0xBD, 0x5F, 0x82, 0xC2, 0xEC, 0x3C, 0xEE, 0x9F, 0x01, 0xD3,
    0xE2, 0x99, 0x50, 0x12, 0xB5, 0x62, 0xAD, 0xB2, 0x83, 0xAA, 0xA2, 0xD6, 0x91, 0x4D, 0xDA, 0x1F,
    0xC5, 0x13, 0xEA, 0x8A, 0x23, 0x63, 0xFD, 0x3D, 0x27, 0xC6, 0x03, 0xB0, 0x58, 0x80, 0xD5, 0x7C,
    0x0A, 0x17, 0xA2, 0xBB, 0x5B, 0x32, 0x6F, 0xA6, 0x42, 0xBB, 0xD2, 0xD5, 0x2A, 0x6D, 0x6E, 0x91,
    0x53, 0xD0, 0xE9, 0x97, 0xE9, 0x3D, 0x5F, 0xBA, 0xD7, 0x44, 0x5E, 0xAC, 0x1C, 0x07, 0x7B, 0x03,
    0xA1, 0xF7, 0x29, 0xC4, 0xED, 0x33, 0x5A, 0x50, 0x78, 0xF5, 0xE5, 0x97, 0x0E, 0x5B, 0x99, 0x7E,
    0xA9, 0x0B, 0x5F, 0xF7, 0xC2, 0x3F, 0x10, 0x91, 0x6C, 0x15, 0x2E, 0xCB, 0x61, 0x88, 0xB1, 0x94,
    0x49, 0x9D, 0x75, 0x0A, 0x5D, 0x83, 0xBE, 0x39, 0x05, 0x4B, 0x3D, 0x4A, 0x34, 0xCB, 0x67, 0xA4,
    0x0D, 0x17, 0x74, 0x4C, 0x84, 0xDA, 0xDB, 0x22, 0xBC, 0xF7, 0x83, 0xB9, 0x10, 0x00, 0xC6, 0xD2,
    0x43, 0xE1, 0x84, 0xAE, 0x24, 0xD3, 0xDE, 0x30, 0xC4, 0x67, 0x84, 0xA8, 0xDF, 0x79, 0xA1, 0x76,
    0x7D, 0x97, 0xB7, 0x82, 0xE9, 0x40, 0x28, 0x29, 0x70, 0xB3, 0x97, 0x02, 0x26, 0x10, 0x0A, 0x98,
    0x50, 0x28, 0xE0, 0xAD, 0x96, 0x42, 0x59, 0x25, 0x23, 0x9F, 0x5D, 0xD1, 0x0D, 0x13, 0x2D, 0x62,
    0x58, 0x9C, 0xFB, 0xB6, 0xC6, 0x6A, 0xF7, 0x76, 0xF7, 0x5D, 0x7A, 0x3A, 0x89, 0xDE, 0x0B, 0xE9,
    0xF8, 0x70, 0x2F, 0xB1, 0x90, 0x53, 0x21, 0x99, 0xBD, 0xAD, 0xB8, 0x43, 0x3E, 0xBA, 0xAA, 0xBD,
    0xDB, 0x6D, 0x28, 0xC9, 0x5F, 0x35, 0xDC, 0xC0, 0x47, 0x51, 0x24, 0xC9, 0x56, 0x4E, 0xFC, 0xFF,
    0x8E, 0xE4, 0x07, 0x2B, 0x1F, 0xE4, 0x2E, 0x97, 0x8E, 0x45, 0xFE, 0x84, 0x9E, 0x21, 0x37, 0xB7,
    0x23, 0x05, 0x4F, 0x92, 0xDE, 0xFB, 0x63, 0xF9, 0xC8, 0x73, 0x0B, 0xAB, 0xD5, 0xFF, 0x5C, 0x6E,
    0x3D, 0x35, 0xCF, 0xCA, 0xAD, 0xD7, 0xBA, 0x5D, 0xB9, 0x5B, 0xC8, 0x09, 0xF8, 0xD2, 0xCA, 0x79,
    0xE5, 0xD9, 0x4D, 0x8B, 0xE4, 0x12, 0xCC, 0x36, 0x01, 0xE7, 0x8D, 0x69, 0xDC, 0x2B, 0x64, 0xD6,
    0x63, 0x54, 0xAB, 0x24, 0xCB, 0x55, 0x5D, 0xDC, 0xCB, 0x57, 0xBF, 0xBE, 0x00, 0x57, 0xB9, 0xB6,
    0x3C, 0xA5, 0x40, 0x53, 0xB2, 0x0F, 0x29, 0x07, 0xC2, 0x3A, 0xE6, 0xA9, 0x5E, 0x54, 0xFC, 0x45,
    0x02, 0x96, 0x50, 0xFE, 0x5F, 0x20, 0x67, 0xC3, 0xFF, 0xF0, 0xC5, 0xFE, 0x60, 0x83, 0x35, 0x59,
    0xF1, 0x23, 0x5C, 0x82, 0xBB, 0x47, 0xCF, 0xB3, 0x79, 0xDB, 0xFF, 0x1D, 0x78, 0x73, 0xFB, 0x41,
    0xDC, 0x1C, 0x40, 0xF0, 0x13, 0x40, 0xCC, 0xBE, 0x60, 0x88, 0xDA, 0x49, 0x26, 0xD1, 0xE2, 0x1D,
    0x17, 0x58, 0xE8, 0xB3, 0x3F, 0x91, 0x26, 0x5E, 0xFC, 0x27, 0xD2, 0xC5, 0x3B, 0xFD, 0x44, 0x3A,
    0x9E, 0x81, 0xA1, 0xF2, 0x76, 0xAD, 0x37, 0x69, 0x40, 0x69, 0xE6, 0x81, 0x96, 0x4A, 0x97, 0xF0,
    0x91, 0x30, 0xD8, 0xE0, 0xD1, 0xC6, 0x50, 0x75, 0xB2, 0x0E, 0xC0, 0x98, 0x75, 0x28, 0x99, 0x9A,
    0x50, 0xA7, 0x65, 0xFD, 0xCE, 0xFC, 0xEE, 0xFF, 0xAF, 0x65, 0xBF, 0x9E, 0x8A, 0x34, 0xC9, 0xF2,
    0x9D, 0x26, 0xC4, 0x80, 0xB9, 0x6E, 0xBF, 0x72, 0x0D, 0x2E, 0xDB, 0x43, 0xBE, 0x2E, 0x44, 0x3C,
    0xAA, 0xD3, 0x49, 0x88, 0x6B, 0x49, 0x0B, 0x7F, 0x74, 0x36, 0x78, 0x22, 0xB4, 0x40, 0x06, 0xA0,
    0x5B, 0x19, 0x73, 0x52, 0xFB, 0x67, 0x8C, 0x89, 0xE2, 0x1B, 0xFF, 0x47, 0x8C, 0x3C, 0x65, 0x1A,
    0x0C, 0x99, 0x7B, 0x23, 0xE2, 0xD2, 0x2B, 0x1D, 0x38, 0x66, 0x21, 0x61, 0xFE, 0x3E, 0x42, 0x93,
    0x4C, 0xF2, 0x7D, 0x09, 0x46, 0xBF, 0x1B, 0x27, 0xED, 0xA9, 0xBE, 0xDA, 0xF1, 0x75, 0x4D, 0x15,
    0xDF, 0xCE, 0x08, 0x8E, 0xE3, 0xAC, 0xE6, 0x31, 0xD1, 0xF6, 0xE3, 0xAA, 0xBD, 0x59, 0x82, 0xC1,
    0x1C, 0xCB, 0xE8, 0x3B, 0xA9, 0xCA, 0x6C, 0x4D, 0xDC, 0x17, 0x56, 0xB3, 0x67, 0xA4, 0x2C, 0xB2,
    0x2A, 0x2D, 0x3E, 0x2B, 0x83, 0x20, 0x40, 0x15, 0x67, 0x43, 0x77, 0xD7, 0xB5, 0x1B, 0xA5, 0xEE,
    0xBF, 0x4A, 0x93, 0x72, 0xB0, 0x4B, 0x4A, 0x37, 0xD9, 0x1B, 0x97, 0xCE, 0x8B, 0x9F, 0x0D, 0x7A,
    0x2F, 0x7E, 0x5E, 0xBE, 0x26, 0x0F, 0x0E, 0xF1, 0x42, 0xAA, 0xD1, 0x65, 0x69, 0x99, 0x22, 0x3C,
    0xF8, 0x17, 0x38, 0xC6, 0x92, 0x1B, 0x3F, 0x10, 0x9B, 0x18, 0x99, 0x7E, 0xC4, 0x66, 0xB3, 0x16,
    0xFA, 0x94, 0xFD, 0xFB, 0x75, 0x83, 0x53, 0x1E, 0xE6, 0x36, 0x51, 0x3F, 0x21, 0x77, 0x2C, 0x97,
    0x25, 0x8F, 0x9F, 0x0F, 0x3B, 0x8A, 0x49, 0xF1, 0xF5, 0xAF, 0x49, 0x4F, 0x31, 0x95, 0xFF, 0x2B,
    0x8F, 0x21, 0x5C, 0xF1, 0x2D, 0xB1, 0x96, 0x1C, 0x6A, 0xEB, 0x9F, 0x38, 0x86, 0xDF, 0xEC, 0x4A,
    0x4E, 0x8B, 0xAF, 0xEF, 0x9F, 0xF8, 0x77, 0xE4, 0xC1, 0xE1, 0xBF, 0xDB, 0x3B, 0x7F, 0x18, 0xC9,
    0x8D, 0xEC, 0x8C, 0x17, 0x9B, 0xB7, 0xD3, 0xB2, 0x18, 0x50, 0x81, 0x57, 0x07, 0x48, 0x01, 0x1D,
    0xAF, 0x61, 0x31, 0x4F, 0x54, 0x94, 0x0D, 0x5C, 0xE2, 0x64, 0x82, 0xED, 0xBB, 0x40, 0x81, 0x12,
    0x07, 0xB6, 0xCF, 0xC0, 0xA4, 0x36, 0x20, 0x2D, 0xE9, 0x53, 0xA8, 0xC0, 0xE3, 0x40, 0x3E, 0xC0,
    0x91, 0x82, 0x35, 0x70, 0x9A, 0x0D, 0x36, 0xB7, 0xB5, 0x4D, 0x02, 0x0A, 0x2F, 0x69, 0x40, 0x07,
    0x5C, 0x68, 0x0A, 0x67, 0x05, 0x5A, 0x05, 0xC7, 0xF3, 0x51, 0x27, 0xAE, 0x96, 0xAC, 0x32, 0xBF,
    0xEF, 0x55, 0x0F, 0xAB, 0x7B, 0x66, 0xA7, 0x7B, 0x67, 0xFF, 0x0E, 0x7C, 0xC4, 0xF2, 0xF7, 0xD5,
    0xB2, 0x39, 0xDD, 0xCD, 0x57, 0xCD, 0x3F, 0x55, 0xF5, 0xDE, 0xAB, 0xD0, 0x66, 0x97, 0xB2, 0xFA,
    0x5F, 0x90, 0x6E, 0x8F, 0xD3, 0xE5, 0xB3, 0xA9, 0xD8, 0x91, 0xB4, 0x4C, 0xEB, 0x94, 0xC9, 0x8D,
    0xB8, 0x84, 0xCC, 0xD3, 0x27, 0x45, 0xC9, 0x1C, 0x19, 0x65, 0x4A, 0x5E, 0x75, 0xC3, 0x20, 0x3D,
    0xAD, 0x67, 0xA6, 0xBE, 0xB0, 0x06, 0xD4, 0x53, 0xBE, 0xBB, 0xB7, 0x80, 0x3F, 0x91, 0x8A, 0xBC,
    0xBC, 0x1D, 0xF9, 0xC7, 0xE5, 0x31, 0x4B, 0x74, 0xB1, 0xB4, 0xAE, 0x68, 0xB2, 0xB9, 0x9D, 0xCC,
    0x72, 0xB4, 0x4E, 0x49, 0x5A, 0xAB, 0xA7, 0xB5, 0x84, 0x19, 0x18, 0x4D, 0xA9, 0xFB, 0x34, 0x18,
    0x4B, 0x8F, 0xFE, 0xA9, 0x6F, 0x43, 0x32, 0x9C, 0x3A, 0x9B, 0x6A, 0xDE, 0xFE, 0x68, 0xD7, 0x57,
    0xC4, 0x40, 0xCE, 0xDA, 0x41, 0xE7, 0xEA, 0xC0, 0x59, 0xD0, 0x15, 0x1B, 0x8A, 0x98, 0x78, 0x2A,
    0x56, 0xD3, 0x0E, 0x99, 0xE8, 0xDF, 0x89, 0x53, 0xCA, 0x2D, 0xF7, 0x29, 0xD2, 0x20, 0x48, 0x7F,
    0x75, 0xC4, 0x9F, 0x91, 0xBB, 0x74, 0xDA, 0xAD, 0x24, 0x7C, 0xDC, 0x7F, 0x3D, 0x0E, 0xAA, 0x12,
    0x11, 0x2D, 0x62, 0x29, 0x81, 0x48, 0xF8, 0x3D, 0x25, 0xFE, 0x3D, 0x25, 0xF9, 0x82, 0xA2, 0x3F,
    0xA4, 0xD8, 0x10, 0x12, 0x0C, 0x94, 0xB0, 0xA3, 0x44, 0x0D, 0x25, 0x59, 0x51, 0x74, 0x41, 0x29,
    0x15, 0x24, 0x18, 0x20, 0xB7, 0xC2, 0x8E, 0x12, 0x35, 0x94, 0x64, 0x45, 0xD1, 0x05, 0xA5, 0x54,
    0xDC, 0x73, 0x10, 0xE9, 0x44, 0x9A, 0x51, 0x6C, 0x9D, 0xAF, 0x20, 0xAB, 0xBC, 0x80, 0xB8, 0x46,
    0xB4, 0x48, 0x52, 0xF8, 0x81, 0xFA, 0x39, 0xA9, 0x4A, 0x11, 0xB3, 0xF5, 0xF4, 0x1C, 0x64, 0x38,
    0xF3, 0xE6, 0x35, 0xF6, 0x76, 0x7D, 0x02, 0x03, 0xFB, 0x77, 0x25, 0xE6, 0x9A, 0xCF, 0x4A, 0x67,
    0xB2, 0x2F, 0x32, 0x84, 0xAE, 0x01, 0x35, 0x69, 0xC1, 0x80, 0x0C, 0xBF, 0x03, 0xA3, 0x2F, 0xC0,
    0xE4, 0x73, 0x50, 0x87, 0xE0, 0x12, 0x0C, 0x7A, 0x30, 0x6C, 0xC1, 0xA8, 0x06, 0xE3, 0x0A, 0xD4,
    0xD9, 0xC8, 0x9E, 0x7D, 0xC0, 0x43, 0x0F, 0xDA, 0x96, 0x6C, 0x70, 0x64, 0xB6, 0x22, 0x0B, 0x70,
    0x3A, 0xBA, 0x34, 0xF3, 0x7C, 0x02, 0xC9, 0x25, 0x39, 0x90, 0xBD, 0x6B, 0xCC, 0xF9, 0x7C, 0x7D,
    0x58, 0x48, 0x4B, 0xAE, 0x5A, 0xF3, 0x06, 0x82, 0x34, 0xF8, 0xEA, 0xB9, 0x1C, 0x16, 0x87, 0xD2,
    0x3C, 0x2A, 0x48, 0xA4, 0xFD, 0x3A, 0xB9, 0x6B, 0xF0, 0x6A, 0x60, 0x33, 0xEC, 0xA3, 0x0B, 0x30,
    0xAD, 0xC0, 0xC4, 0x63, 0x4A, 0x6A, 0xB2, 0xC4, 0x3E, 0x73, 0xCB, 0x77, 0xE8, 0xC9, 0x1A, 0x7C,
    0xB0, 0x8E, 0x98, 0x08, 0xDB, 0x33, 0xEC, 0xDC, 0x10, 0xBF, 0x23, 0xDD, 0xA7, 0xE4, 0xD5, 0xC7,
    0x27, 0x1B, 0x53, 0x19, 0x68, 0x5B, 0xB2, 0x97, 0x4C, 0xD1, 0xA0, 0xCA, 0x49, 0x9D, 0x91, 0xD3,
    0x96, 0xC0, 0xA8, 0xD0, 0x9C, 0x94, 0xAE, 0xE9, 0x06, 0x32, 0x1B, 0xE0, 0xD7, 0x80, 0x1B, 0x94,
    0x57, 0xB9, 0x3A, 0x60, 0x66, 0x42, 0xED, 0x62, 0xB6, 0xFD, 0x70, 0xED, 0xF9, 0xBA, 0xF4, 0x8F,
    0x78, 0xC1, 0x20, 0xBB, 0x8D, 0x2E, 0xAB, 0x7C, 0x71, 0x64, 0x19, 0xF4, 0x0D, 0xB4, 0xC8, 0x5F,
    0xD3, 0xF3, 0x51, 0x10, 0x78, 0x0B, 0xF8, 0x01, 0xA0, 0x76, 0xC0, 0x8B, 0x2A, 0xCA, 0xBD, 0xA8,
    0xA2, 0xBC, 0xB0, 0xC5, 0x3A, 0xAA, 0xC8, 0xFA, 0x51, 0x45, 0x73, 0x3F, 0xAA, 0x88, 0x90, 0xA8,
    0xA2, 0x57, 0x10, 0x55, 0xF4, 0xF6, 0xB8, 0x73, 0x91, 0xDE, 0xAD, 0xE0, 0x67, 0xB9, 0x19, 0x55,
    0x34, 0x20, 0xAA, 0x48, 0x4B, 0xEC, 0xE8, 0x88, 0x57, 0x77, 0x46, 0x15, 0x49, 0x08, 0x90, 0x3E,
    0x17, 0x34, 0x98, 0x07, 0x6C, 0x7D, 0xFE, 0xE0, 0x6D, 0xE6, 0xBC, 0xD5, 0x5A, 0xCB, 0xD5, 0x2C,
    0x16, 0x3C, 0x9A, 0x27, 0x5D, 0xF9, 0x4B, 0x9F, 0xC0, 0x93, 0x69, 0x5F, 0xFC, 0xB9, 0x39, 0xF9,
    0x05, 0x4E, 0xCE, 0x4E, 0x30, 0xE3, 0x0B, 0x97, 0x83, 0xFB, 0xF1, 0x0F, 0x5C, 0xCD, 0xC9, 0xA7,
    0xF8, 0x79, 0x6F, 0xAE, 0x88, 0xF4, 0x59, 0xD0, 0x51, 0x1A, 0x2B, 0xCA, 0xDC, 0x7E, 0xC1, 0xCA,
    0xFA, 0xF3, 0x79, 0xD9, 0xCC, 0x41, 0x7F, 0xFF, 0x29, 0x68, 0x6D, 0x4B, 0x9A, 0x91, 0x87, 0xEF,
    0x5A, 0x49, 0x11, 0xD7, 0x80, 0xB1, 0x97, 0xB0, 0x2D, 0x18, 0x40, 0x65, 0xC8, 0xD2, 0x63, 0xEE,
    0xE8, 0x6F, 0xC7, 0x62, 0x49, 0x03, 0x04, 0x03, 0x18, 0xF6, 0xEB, 0x36, 0xCB, 0x6B, 0xB8, 0x6C,
    0x2B, 0x7D, 0xC7, 0x5D, 0x03, 0x79, 0x81, 0x6F, 0x79, 0x56, 0xED, 0xE9, 0x20, 0x6D, 0x4E, 0x0E,
    0x15, 0xBE, 0x30, 0xA3, 0x1C, 0xDF, 0x29, 0x9B, 0x41, 0x45, 0x1D, 0x3C, 0x1A, 0x5D, 0xA8, 0x8C,
    0x19, 0xD7, 0xD2, 0x5F, 0x15, 0x57, 0x17, 0xCE, 0xC0, 0xAF, 0x13, 0xF6, 0x41, 0x16, 0xB5, 0x33,
    0x63, 0x19, 0xDF, 0xCB, 0xBD, 0xE4, 0x5E, 0x35, 0xA7, 0xB7, 0x54, 0x5A, 0xB9, 0x5C, 0x74, 0xB1,
    0xA4, 0xEC, 0x6E, 0x50, 0x8E, 0x6A, 0x6C, 0x57, 0x06, 0x05, 0x36, 0x44, 0xB2, 0xA8, 0xE6, 0xA1,
    0xC9, 0x78, 0x17, 0x1B, 0x4C, 0x51, 0xCD, 0x46, 0x93, 0x8C, 0xC2, 0xF3, 0xCC, 0x8C, 0x6A, 0x67,
    0xED, 0xBF, 0xFE, 0x72, 0x50, 0xE2, 0x64, 0xF0, 0x9B, 0x8E, 0x85, 0xF8, 0xE1, 0x6F, 0x1B, 0x28,
    0x87, 0x40, 0x65, 0xCB, 0x37, 0xDF, 0xC8, 0x16, 0xFD, 0xCB, 0xDF, 0xB8, 0xAE, 0xF9, 0xA8, 0xB6,
    0xD2, 0x87, 0x16, 0xB9, 0xFE, 0xFC, 0x36, 0xAA, 0xD9, 0x7D, 0x21, 0xC3, 0x6B, 0xD8, 0x17, 0x9F,
    0xDE, 0xF3, 0x10, 0xA3, 0x5A, 0x8E, 0x0F, 0x85, 0x3C, 0x5B, 0x7F, 0xE7, 0x95, 0x1C, 0x05, 0xC7,
    0x1D, 0xE4, 0xB8, 0x6C, 0x55, 0x66, 0x28, 0xB0, 0x5B, 0x98, 0x4B, 0xFC, 0x04, 0x05, 0x7F, 0x61,
    0xE3, 0x98, 0x7E, 0x65, 0xF5, 0xA8, 0x0C, 0xF5, 0x1E, 0x95, 0x1E, 0x3D, 0xA3, 0x32, 0xAD, 0xE0,
    0xA8, 0x62, 0xB4, 0x25, 0x6D, 0x16, 0x35, 0xCB, 0xB8, 0xA6, 0xC9, 0x96, 0x62, 0x31, 0xB3, 0x14,
    0x83, 0x69, 0x3B, 0x50, 0xCB, 0xA5, 0xA1, 0x05, 0xFA, 0xA5, 0x18, 0x60, 0xDC, 0x7F, 0xC5, 0x5E,
    0xCE, 0xE5, 0xBC, 0x65, 0x9D, 0x2D, 0x83, 0x9E, 0x15, 0xBB, 0x44, 0xAD, 0xF0, 0xF3, 0x18, 0x9F,
    0x36, 0x6A, 0xFC, 0x7D, 0xC1, 0xEF, 0x13, 0xDA, 0x55, 0xC9, 0xEA, 0x77, 0x76, 0x56, 0xF1, 0xE3,
    0x6A, 0xF5, 0x52, 0xA5, 0xD3, 0x7C, 0x7D, 0xF2, 0xCC, 0x7D, 0x1B, 0x48, 0x4F, 0xA1, 0xF9, 0x8C,
    0x0D, 0xF4, 0x8A, 0xCB, 0xB3, 0x89, 0x71, 0x4F, 0x0A, 0xE9, 0xE0, 0xE4, 0xC3, 0x70, 0x27, 0x6B,
    0xD0, 0x49, 0x6B, 0x22, 0x17, 0x9B, 0xB1, 0x3B, 0x11, 0x9C, 0x77, 0x60, 0x52, 0x83, 0xBA, 0x00,
    0xED, 0x94, 0x2C, 0x32, 0x6E, 0xA6, 0x54, 0x92, 0xF4, 0xBA, 0x62, 0x67, 0x71, 0x1E, 0xB5, 0x60,
    0x52, 0x83, 0x79, 0x01, 0xDA, 0x0C, 0xD4, 0x15, 0x18, 0x37, 0xE0, 0xBC, 0x07, 0x03, 0x3F, 0x25,
    0x65, 0x5A, 0x83, 0xF8, 0x63, 0xC9, 0x58, 0xC2, 0xCF, 0xF2, 0xD2, 0x50, 0x32, 0x35, 0x67, 0x48,
    0x06, 0xF6, 0x52, 0x03, 0xCF, 0x6B, 0x47, 0xEC, 0xB9, 0xB8, 0xA0, 0xF9, 0x3E, 0xD8, 0x30, 0xA5,
    0xF8, 0x87, 0x30, 0xF1, 0x05, 0xAE, 0x10, 0x96, 0x16, 0xB4, 0x4A, 0x22, 0xA3, 0x5D, 0xF6, 0x90,
    0x39, 0xF6, 0x0B, 0xCC, 0x08, 0x9C, 0x0F, 0x08, 0xF6, 0x66, 0xD0, 0xD4, 0x0A, 0xE6, 0x1F, 0x21,
    0xBF, 0xD1, 0x78, 0x07, 0x1E, 0x69, 0xDD, 0x83, 0xCC, 0xC2, 0x7E, 0x1F, 0xF6, 0xE0, 0xBF, 0x34,
    0x60, 0x59, 0x81, 0x36, 0x03, 0x07, 0xDA, 0xCF, 0xB7, 0x6E, 0x05, 0xDA, 0x62, 0xDB, 0xBA, 0x51,
    0x4F, 0x5A, 0x61, 0x01, 0xDE, 0xAD, 0xC1, 0x8F, 0x5A, 0xF0, 0xAF, 0xCE, 0xB1, 0x6E, 0xE3, 0xDD,
    0x2D, 0x8C, 0x6F, 0xAD, 0x57, 0x61, 0xAD, 0x04, 0xD6, 0x4A, 0x60, 0xAD, 0xC4, 0xA8, 0x11, 0x1D,
    0xB0, 0x69, 0x2D, 0xBB, 0x69, 0xAD, 0xA4, 0x3E, 0xDD, 0x6F, 0x00, 0x60, 0xAD, 0x04, 0xD6, 0x4A,
    0xE0, 0x63, 0x75, 0x8D, 0x23, 0x67, 0xCA, 0x4A, 0xEF, 0x75, 0x0D, 0xC6, 0x2B, 0x50, 0x17, 0x3F,
    0x35, 0xB7, 0x31, 0x68, 0x60, 0xBB, 0x60, 0x00, 0xC3, 0x4E, 0xBD, 0x3E, 0x1C, 0x46, 0x0D, 0xF6,
    0x4C, 0x56, 0xA0, 0x2E, 0x40, 0xF6, 0x7C, 0x07, 0xC3, 0xC8, 0xE1, 0x27, 0xEC, 0xD0, 0xB1, 0x8D,
    0x90, 0x5B, 0x7A, 0xBE, 0x6A, 0x40, 0x65, 0x49, 0x5D, 0x4D, 0xEF, 0x10, 0x37, 0x60, 0xD8, 0x83,
    0xC1, 0x00, 0x2A, 0x4B, 0xEA, 0x0A, 0x4C, 0x56, 0x60, 0xDC, 0x80, 0x61, 0x17, 0x7C, 0xB2, 0x79,
    0x7A, 0xBB, 0x04, 0x97, 0x2B, 0x02, 0xB7, 0xFF, 0xCC, 0x7F, 0x55, 0x1C, 0x1D, 0xD1, 0x54, 0x6B,
    0xF9, 0x54, 0x4C, 0xFF, 0xA3, 0xB0, 0x1B, 0x11, 0xD7, 0x23, 0xD2, 0xCA, 0x0D, 0xFB, 0xFF, 0xA1,
    0x77, 0x71, 0x47, 0xE1, 0x43, 0x94, 0x5A, 0x0B, 0xE8, 0x62, 0x44, 0x82, 0xFD, 0xE6, 0xED, 0x88,
    0x80, 0x21, 0x03, 0x65, 0x46, 0xAF, 0x48, 0xF6, 0x2C, 0x8E, 0x08, 0x7B, 0x84, 0x52, 0x61, 0xFC,
    0xD1, 0x72, 0x82, 0x00, 0x08, 0xCC, 0xC0, 0x04, 0x2D, 0x94, 0xA4, 0xA6, 0xE8, 0x82, 0x62, 0x15,
    0x24, 0xEC, 0x29, 0x71, 0x43, 0xD1, 0x15, 0xA5, 0xCC, 0x20, 0xFF, 0x3B, 0x28, 0xC8, 0xC3, 0x96,
    0x62, 0x1B, 0xCA, 0x77, 0x3D, 0xE5, 0x77, 0x96, 0xD2, 0xE4, 0x05, 0x25, 0xAD, 0x29, 0x51, 0x4B,
    0x09, 0x07, 0x8A, 0xB2, 0x22, 0xBA, 0xA2, 0xC4, 0x0D, 0x65, 0xDE, 0x53, 0x02, 0x43, 0x51, 0x79,
    0x41, 0xE1, 0x1B, 0xF0, 0x27, 0x8B, 0xA3, 0x01, 0x93, 0xEA, 0xC6, 0x1D, 0x3C, 0xA8, 0xF0, 0x70,
    0x41, 0x98, 0x91, 0xC6, 0xA2, 0x3D, 0x40, 0xA3, 0x68, 0x2F, 0xD0, 0x36, 0xE0, 0x77, 0x9D, 0xE2,
    0x76, 0x32, 0xCF, 0x40, 0xDC, 0x54, 0x69, 0x35, 0xF1, 0xF6, 0xA2, 0xDD, 0x48, 0x5D, 0x81, 0x71,
    0x03, 0x86, 0x9D, 0x4B, 0x5A, 0xFA, 0x94, 0x84, 0xB9, 0x55, 0xC5, 0x1D, 0x6E, 0x12, 0xA6, 0x57,
    0x7D, 0x2A, 0x9F, 0x60, 0xB3, 0x4D, 0x91, 0xFB, 0xEA, 0xE3, 0x8A, 0x5B, 0x5C, 0xC2, 0xF0, 0xFD,
    0x29, 0xDE, 0x74, 0x38, 0xA8, 0x35, 0xCD, 0x9E, 0x7F, 0x6B, 0x0B, 0x9F, 0xBC, 0xB9, 0xED, 0x45,
    0x39, 0xCC, 0x1E, 0x92, 0xD8, 0xC1, 0x97, 0x95, 0xA2, 0x54, 0xFB, 0xCB, 0xCE, 0xCA, 0x49, 0x9E,
    0xAE, 0xF8, 0x56, 0xB6, 0xD6, 0x97, 0xEF, 0x4F, 0x9C, 0x69, 0x2E, 0x14, 0xB1, 0x36, 0x0D, 0x3D,
    0x89, 0x71, 0xBB, 0x5C, 0x52, 0x72, 0x17, 0x79, 0xCF, 0x82, 0xF5, 0x0B, 0xB4, 0xCE, 0xD3, 0x9F,
    0xAF, 0xE5, 0xE4, 0xB6, 0x14, 0x78, 0x61, 0x74, 0x85, 0x5E, 0x0A, 0x8B, 0x77, 0xED, 0x7A, 0xE7,
    0xB2, 0x72, 0x85, 0xB4, 0x76, 0x85, 0xA8, 0x71, 0x85, 0xB0, 0x5B, 0x17, 0x7A, 0x57, 0x98, 0xAD,
    0x0B, 0xC1, 0x5E, 0x85, 0xED, 0x81, 0xDD, 0xB0, 0xDF, 0x1E, 0xD9, 0x8F, 0x9A, 0x4D, 0xE7, 0x87,
    0xCC, 0xF9, 0x97, 0x2B, 0x23, 0xFE, 0x94, 0x12, 0x4A, 0xCB, 0x85, 0xD7, 0xD9, 0xC9, 0xE3, 0x4B,
    0x16, 0x7A, 0xBE, 0xFA, 0x7A, 0x42, 0x7F, 0x73, 0xF6, 0x63, 0xED, 0xAB, 0x27, 0xC7, 0xA2, 0xD6,
    0x38, 0xB5, 0x2B, 0xEA, 0xBF, 0x1E, 0x35, 0xD4, 0x6C, 0xDE, 0x8B, 0x06, 0x83, 0xA8, 0x32, 0x4E,
    0xF3, 0x2D, 0xD5, 0x6B, 0xCD, 0xD6, 0xAA, 0xB8, 0x68, 0x11, 0x9A, 0xDC, 0x57, 0xE3, 0x74, 0x20,
    0x0F, 0x9D, 0x79, 0xF2, 0xB2, 0xF5, 0xA2, 0xF5, 0x99, 0x82, 0xE8, 0xCC, 0x12, 0x58, 0xE3, 0xBC,
    0x71, 0x26, 0x1B, 0xB9, 0x5E, 0xF2, 0xA8, 0x07, 0x79, 0x53, 0xFD, 0xCF, 0x8C, 0x0D, 0x16, 0xCB,
    0xBB, 0x81, 0xB6, 0x3D, 0xFD, 0x8C, 0x7F, 0xC6, 0x66, 0xA7, 0xA1, 0x27, 0x40, 0x80, 0x4D, 0x1C,
    0x75, 0xD4, 0x45, 0xC9, 0xA4, 0xDE, 0x4E, 0xAA, 0xF3, 0xA4, 0xC8, 0x65, 0x4F, 0x9D, 0xF1, 0xEF,
    0x38, 0x64, 0x47, 0x9F, 0x3D, 0x2B, 0x3E, 0x7B, 0xF9, 0x5F, 0xF6, 0xB8, 0xD1, 0xE8, 0x5F, 0xD2,
    0x67, 0x2F, 0xE1, 0x0D, 0xD1, 0xDC, 0x75, 0x3E, 0x7B, 0xF6, 0xAB, 0x63, 0x35, 0x73, 0x67, 0xD2,
    0xB5, 0xC3, 0x08, 0xC2, 0x58, 0x5B, 0x57, 0x9D, 0xEC, 0xD3, 0x0E, 0x79, 0x54, 0xD1, 0x03, 0x6C,
    0x61, 0xBB, 0x8C, 0xF1, 0x8C, 0x85, 0xCA, 0x39, 0x6A, 0x50, 0xAA, 0xE4, 0x61, 0xAF, 0x96, 0x74,
    0x52, 0x30, 0x4C, 0xAB, 0x49, 0xEF, 0x65, 0x47, 0x43, 0x2E, 0xD9, 0x78, 0x2E, 0xD1, 0x90, 0xE1,
    0x78, 0x23, 0x22, 0xF5, 0x92, 0x2F, 0xD0, 0x82, 0xC2, 0xAD, 0x74, 0x6E, 0xD0, 0x24, 0x47, 0x1F,
    0xC6, 0xFD, 0x42, 0xA5, 0x32, 0x26, 0x7C, 0xF3, 0x00, 0xF4, 0x97, 0xA3, 0x29, 0x91, 0xB2, 0xF6,
    0x12, 0x29, 0xFB, 0xA3, 0x84, 0xF5, 0xF3, 0x1A, 0x25, 0xBC, 0x06, 0x13, 0xDE, 0x19, 0x58, 0xD3,
    0xC3, 0xE9, 0xF4, 0x63, 0xF1, 0xAF, 0xA4, 0xC7, 0xDC, 0x1B, 0xB8, 0xE8, 0x48, 0xAF, 0xAF, 0x53,
    0xB7, 0x64, 0xED, 0x8D, 0xED, 0xF2, 0x46, 0x3F, 0xB3, 0x16, 0x6E, 0x42, 0xCD, 0x63, 0x8D, 0x12,
    0x66, 0xB2, 0x6F, 0xD2, 0xA8, 0xD7, 0x22, 0xF3, 0xEF, 0x7C, 0x0F, 0xFA, 0x4D, 0x87, 0xAD, 0xFB,
    0xE8, 0x0F, 0x5C, 0xEB, 0x49, 0x8B, 0x15, 0xE2, 0x81, 0x59, 0x13, 0xB1, 0xF8, 0xA9, 0x9E, 0x85,
    0xD7, 0x17, 0xF9, 0x62, 0xF1, 0x22, 0x93, 0x3C, 0x0F, 0xDB, 0x54, 0xFB, 0x53, 0x16, 0x3F, 0x31,
    0xD0, 0x0D, 0x49, 0x0C, 0x84, 0xA3, 0x7D, 0x72, 0x98, 0x63, 0x8E, 0x00, 0x10, 0x3B, 0x5B, 0x2E,
    0x11, 0x3D, 0xEA, 0x55, 0x52, 0xB0, 0x7E, 0x0A, 0x4E, 0xE4, 0xC7, 0x57, 0x18, 0x95, 0x3A, 0x73,
    0x51, 0xCA, 0x53, 0x5A, 0xE3, 0x64, 0xE5, 0xFC, 0x76, 0xC7, 0x55, 0xEE, 0x93, 0x6C, 0xDC, 0x7E,
    0xD9, 0x8F, 0x9C, 0xFF, 0x9E, 0x9F, 0xEF, 0x72, 0x26, 0x4B, 0xFE, 0xE4, 0x0A, 0xD4, 0xD9, 0x93,
    0x91, 0x8B, 0x99, 0x22, 0x4B, 0xB3, 0xD3, 0xC8, 0x52, 0x49, 0x14, 0x41, 0x2F, 0x6E, 0x79, 0x36,
    0xCF, 0x15, 0xDD, 0xCB, 0x02, 0x2F, 0xB2, 0x14, 0x56, 0xD1, 0x61, 0x83, 0xC8, 0x52, 0x78, 0xE7,
    0xC1, 0x61, 0x11, 0xBE, 0x65, 0xF2, 0x24, 0x13, 0xDA, 0x53, 0xB7, 0x52, 0x56, 0x4E, 0xBF, 0x37,
    0x9E, 0x97, 0xDD, 0x16, 0xF9, 0xC7, 0x87, 0xBC, 0xEA, 0x35, 0x8E, 0xC1, 0x09, 0x63, 0xFB, 0x9E,
    0x86, 0xDD, 0x92, 0x53, 0xBB, 0x69, 0xDF, 0x6E, 0x83, 0x44, 0xE4, 0x4E, 0x76, 0x6B, 0x76, 0xD8,
    0x0D, 0xFE, 0x10, 0x82, 0xD9, 0x89, 0x39, 0xD9, 0x61, 0xB7, 0x47, 0x65, 0xEA, 0x9E, 0x5D, 0x9C,
    0xA9, 0x7B, 0x7E, 0x4E, 0xA6, 0xEE, 0x6A, 0x22, 0xB7, 0xC8, 0xAB, 0xE1, 0xEF, 0x7A, 0x5E, 0x60,
    0xED, 0x56, 0xA6, 0xEE, 0xE5, 0xF9, 0x99, 0xBA, 0x59, 0x35, 0x3D, 0xAB, 0xA6, 0x2F, 0xC5, 0xDD,
    0x00, 0xCB, 0xFE, 0x74, 0x0B, 0xF3, 0x1B, 0xBA, 0xC4, 0x05, 0xBC, 0xE3, 0xE1, 0xB3, 0xE4, 0xD2,
    0x48, 0xEF, 0xB2, 0x9F, 0xD1, 0x97, 0xE1, 0xD7, 0x6C, 0xAF, 0xB1, 0x96, 0x43, 0x37, 0xE6, 0x38,
    0x82, 0x0E, 0xEA, 0xEB, 0x80, 0xEA, 0x98, 0x9D, 0x8E, 0xE9, 0xE7, 0xF4, 0xB8, 0x85, 0x79, 0x79,
    0x8F, 0xA4, 0x0F, 0x6A, 0xC1, 0xD6, 0xA0, 0xA5, 0x8F, 0xA9, 0xC5, 0x7F, 0x9D, 0x4B, 0x9F, 0xDE,
    0x87, 0xBC, 0x8E, 0x1A, 0xA7, 0x56, 0xE5, 0xA7, 0x7A, 0x7D, 0x81, 0x5E, 0x7E, 0x37, 0xA5, 0xD0,
    0x4B, 0xAD, 0x16, 0xCB, 0x70, 0x56, 0xB9, 0xDC, 0xBB, 0xA4, 0xFA, 0xD7, 0xE3, 0x6C, 0x58, 0xCB,
    0x8D, 0xBB, 0x7C, 0xCE, 0x67, 0x5F, 0xE0, 0x33, 0x16, 0x1C, 0xC4, 0x6D, 0x91, 0x56, 0xE4, 0x71,
    0xB3, 0x8B, 0xCD, 0xDA, 0x81, 0x07, 0x04, 0x9A, 0x27, 0xA2, 0x21, 0xCB, 0x4C, 0x1D, 0x18, 0xA5,
    0xBF, 0xFA, 0xB1, 0x35, 0x7C, 0xF0, 0x92, 0xE0, 0x1D, 0xA3, 0xD4, 0x1B, 0x9F, 0x72, 0x0F, 0xB5,
    0x17, 0x6D, 0xBF, 0xCD, 0x60, 0x3F, 0x7A, 0x0B, 0x63, 0x29, 0x1E, 0x87, 0x19, 0x59, 0xA1, 0xEB,
    0x33, 0x79, 0x00, 0x2F, 0xC6, 0xC8, 0xDA, 0x6F, 0x10, 0xD3, 0xC3, 0x78, 0x81, 0x6B, 0x19, 0xA8,
    0xD4, 0x39, 0xB4, 0x05, 0x59, 0x9D, 0x52, 0xA5, 0x7B, 0x30, 0x29, 0x68, 0x79, 0xC0, 0xEC, 0xC2,
    0xDF, 0x00, 0xEF, 0xFB, 0xB0, 0x40, 0x99, 0xBD, 0x3F, 0x33, 0xFA, 0xDB, 0x65, 0x69, 0x68, 0xEA,
    0xD0, 0xDA, 0x07, 0x46, 0xBD, 0xC1, 0x4E, 0xCC, 0xF7, 0x1F, 0x05, 0x75, 0x1E, 0x68, 0xAD, 0xB8,
    0x3E, 0x17, 0xC1, 0x27, 0x40, 0xB3, 0xC6, 0x3B, 0xC0, 0x3F, 0x37, 0x65, 0x9D, 0xFE, 0xE1, 0x21,
    0x13, 0xCA, 0xFC, 0x77, 0x3D, 0xB3, 0x26, 0xAE, 0xD5, 0xEB, 0xCD, 0x88, 0x60, 0x13, 0xEA, 0x13,
    0x40, 0x39, 0x5C, 0xF6, 0xB9, 0xE9, 0xDA, 0xCD, 0x91, 0x6F, 0x32, 0xCA, 0xDC, 0x85, 0x71, 0x7F,
    0x7D, 0xB7, 0x57, 0xF9, 0x18, 0xF8, 0x66, 0xCE, 0x0C, 0x5F, 0xE9, 0x27, 0xE2, 0xDF, 0xF2, 0x59,
    0x6B, 0x1F, 0x2C, 0x46, 0x24, 0xB6, 0xC5, 0x08, 0xEF, 0xA0, 0x8C, 0xF9, 0xF1, 0xD6, 0xB0, 0x71,
    0x02, 0xC4, 0x95, 0x39, 0xC5, 0x70, 0x39, 0xF8, 0x77, 0x09, 0x3A, 0xD8, 0xF2, 0x56, 0xEE, 0xBB,
    0x97, 0xEA, 0xFF, 0x51, 0x47, 0x8D, 0xCC, 0xD6, 0x81, 0xFE, 0xE8, 0x60, 0x98, 0x86, 0x03, 0x14,
    0x47, 0xA8, 0x69, 0xA0, 0xCF, 0x22, 0x68, 0xAE, 0x7A, 0x56, 0x85, 0xCE, 0xFA, 0x78, 0x45, 0x35,
    0x09, 0xB5, 0x28, 0x2D, 0x97, 0x42, 0x3B, 0x3D, 0x70, 0xAA, 0x92, 0x6A, 0x6B, 0xFC, 0xA4, 0x76,
    0xDA, 0xF8, 0x6D, 0x68, 0xF7, 0x79, 0xBE, 0x8B, 0xB8, 0xCD, 0x28, 0xA8, 0x26, 0xF5, 0x0F, 0xEC,
    0xBF, 0x81, 0x0B, 0x80, 0x12, 0xA7, 0x01, 0x97, 0xCD, 0xEB, 0xD8, 0x0F, 0x90, 0xBF, 0x0E, 0x99,
    0xBB, 0xBC, 0x8D, 0xF8, 0x6B, 0xFB, 0x71, 0x59, 0xC9, 0xEC, 0x3D, 0x6F, 0xF1, 0x99, 0xE8, 0x6D,
    0x0E, 0x42, 0xBD, 0x0D, 0x97, 0xD6, 0x1E, 0xEE, 0xA9, 0x41, 0x9F, 0x32, 0xBC, 0x35, 0x26, 0xD5,
    0xD1, 0xFD, 0x93, 0x93, 0x5F, 0x6C, 0xE6, 0x54, 0xA8, 0x41, 0x5A, 0x80, 0xDF, 0x4F, 0x52, 0x23,
    0xFE, 0x99, 0x52, 0xE5, 0xD7, 0x3F, 0x6D, 0x5C, 0x34, 0x09, 0xE7, 0xFD, 0xF1, 0x53, 0xA9, 0xFB,
    0xB6, 0x0E, 0x9D, 0xAD, 0x93, 0xC9, 0xD6, 0xA9, 0x67, 0xEB, 0xD9, 0xD5, 0xB3, 0xF5, 0x40, 0x3E,
    0xBE, 0x72, 0xD9, 0xA7, 0x8E, 0xE6, 0x97, 0xAA, 0xA3, 0xE8, 0x6C, 0x1D, 0x59, 0xAF, 0x8E, 0x24,
    0x15, 0xBF, 0xD2, 0xFB, 0x74, 0x1D, 0xC2, 0xAB, 0xA4, 0x29, 0x6D, 0xF3, 0xA6, 0x3D, 0x0E, 0x7A,
    0xF5, 0x24, 0xFF, 0x0E, 0x4C, 0x26, 0x6F, 0x85, 0xD1, 0xB1, 0xA0, 0x73, 0xC1, 0x33, 0x33, 0x67,
    0x7C, 0xF3, 0x6E, 0xE3, 0xE7, 0x35, 0x14, 0x5F, 0xBC, 0x73, 0x97, 0xFF, 0x97, 0x53, 0x16, 0x7E,
    0x20, 0xEE, 0x87, 0xEE, 0xAA, 0xCC, 0x10, 0x0F, 0x6A, 0x6C, 0x3B, 0x6A, 0x68, 0x6B, 0x75, 0xD6,
    0x35, 0xF1, 0x8A, 0xA4, 0x1B, 0x07, 0x66, 0xC3, 0xF6, 0xA0, 0x5D, 0x5E, 0x80, 0xE6, 0x11, 0x43,
    0xA2, 0x8A, 0xF9, 0x8F, 0xBC, 0x21, 0xD1, 0x95, 0x37, 0x24, 0x8A, 0xCB, 0x8D, 0x9B, 0xA9, 0x61,
    0x8C, 0x33, 0xE5, 0xBB, 0x1D, 0x75, 0xE0, 0x7C, 0x00, 0x95, 0x25, 0xF3, 0x4C, 0x0E, 0x75, 0x9F,
    0xB9, 0xC8, 0xCE, 0x9F, 0x5D, 0xC2, 0xCA, 0x09, 0x06, 0xAB, 0x47, 0x3D, 0x52, 0xDB, 0xDB, 0x86,
    0x57, 0x37, 0x36, 0xCE, 0x06, 0x39, 0xC3, 0xA7, 0xE1, 0xD1, 0xE1, 0x82, 0xE1, 0x51, 0x0E, 0x80,
    0xEA, 0xE2, 0x74, 0xC0, 0xCF, 0x00, 0x76, 0x85, 0x1C, 0xFD, 0xF8, 0x0B, 0xE9, 0xB5, 0xB4, 0x5B,
    0xB9, 0xFC, 0x8B, 0x11, 0xA9, 0x07, 0xE5, 0xA0, 0x89, 0x4C, 0x6E, 0xF9, 0x34, 0x61, 0x06, 0x0B,
    0x1A, 0xF4, 0x45, 0xB2, 0xFE, 0xBC, 0x5E, 0xC8, 0x52, 0x7A, 0xA1, 0xDC, 0x95, 0xCD, 0x09, 0xDB,
    0x80, 0x3C, 0x6D, 0x27, 0x99, 0x75, 0xBE, 0x84, 0xAD, 0x48, 0xE3, 0xCB, 0x7C, 0x43, 0xA2, 0xDA,
    0x97, 0x78, 0x25, 0x52, 0xF9, 0x92, 0x88, 0xA4, 0x05, 0x45, 0x67, 0x22, 0x8A, 0x92, 0x8B, 0x18,
    0xCA, 0xCF, 0xFB, 0x51, 0x6C, 0x6B, 0x3B, 0x48, 0x63, 0x6B, 0x0A, 0x7D, 0xBA, 0xE6, 0xCE, 0xED,
    0x79, 0xE5, 0xBB, 0x23, 0xA4, 0x14, 0xDA, 0x81, 0xF5, 0x4C, 0xB1, 0xE4, 0xB4, 0x44, 0x7C, 0xBA,
    0x8F, 0x85, 0xF7, 0xEF, 0x80, 0x55, 0xB8, 0xC5, 0x44, 0x58, 0x80, 0xA9, 0x30, 0x3B, 0xD7, 0x29,
    0x4F, 0x2D, 0xC9, 0xC1, 0x19, 0x86, 0x23, 0x62, 0xE0, 0x7B, 0x0D, 0x4E, 0xCD, 0xB2, 0x26, 0xB3,
    0x91, 0x2B, 0x7E, 0x74, 0x05, 0xC6, 0x3B, 0xFC, 0x25, 0x5F, 0xDE, 0x29, 0x0A, 0xFD, 0xB3, 0x42,
    0x98, 0x6E, 0xCF, 0xB9, 0x12, 0xB8, 0xB3, 0x02, 0xB6, 0x75, 0x76, 0x5E, 0xC1, 0xE6, 0x66, 0xEB,
    0xAC, 0x50, 0x51, 0xBD, 0x07, 0x38, 0x86, 0x83, 0x03, 0x10, 0x18, 0xBE, 0xB0, 0x27, 0x94, 0x43,
    0x4C, 0xAC, 0x00, 0x37, 0x61, 0xC8, 0x2B, 0x68, 0x5E, 0xC5, 0xDF, 0x58, 0x8E, 0x8D, 0x49, 0xFC,
    0x19, 0x97, 0xAB, 0x35, 0x94, 0x59, 0x88, 0x64, 0x22, 0x1B, 0x83, 0x14, 0x4B, 0x91, 0x61, 0x23,
    0x7E, 0xB2, 0x13, 0x69, 0xFD, 0x67, 0xA0, 0x17, 0x31, 0x94, 0x59, 0x79, 0x2C, 0xF8, 0x4B, 0xF2,
    0xCE, 0x01, 0xE1, 0x2D, 0x72, 0xD8, 0xE8, 0x0E, 0xF7, 0x5A, 0x79, 0x8F, 0x0D, 0x03, 0xB0, 0x49,
    0xCD, 0x16, 0x35, 0x5B, 0x79, 0xD2, 0x9E, 0x76, 0xCD, 0xE9, 0x8B, 0xA1, 0xB7, 0x90, 0xED, 0x84,
    0xDF, 0x76, 0xDE, 0x07, 0x19, 0x80, 0x26, 0x33, 0x5B, 0xCC, 0x6C, 0x30, 0x4B, 0x7B, 0xD9, 0x35,
    0x97, 0x37, 0x11, 0x58, 0x1F, 0xBB, 0xBD, 0x2E, 0xDD, 0x84, 0xAD, 0xCA, 0xCD, 0xD8, 0xAA, 0xDC,
    0x94, 0xAD, 0xCA, 0xCD, 0xD9, 0xAA, 0x6E, 0xAD, 0x75, 0x29, 0x36, 0x76, 0xD3, 0xB6, 0x2A, 0x99,
    0xB7, 0x75, 0xD4, 0xB4, 0x62, 0x07, 0x87, 0x9B, 0xB9, 0x55, 0xE5, 0x71, 0xCD, 0x93, 0xCC, 0xCD,
    0xDD, 0xAA, 0x98, 0x10, 0x09, 0x2A, 0xB3, 0xB7, 0x2A, 0x99, 0xBE, 0x15, 0x3A, 0xFE, 0x0D, 0x15,
    0x5B, 0xA0, 0x9A, 0xCA, 0x29, 0x5C, 0xA9, 0xE2, 0x8A, 0xEE, 0x26, 0x71, 0x55, 0x9C, 0xC5, 0x95,
    0x1A, 0xDA, 0xCA, 0x69, 0x41, 0x45, 0x1F, 0x1D, 0x87, 0xB1, 0xA1, 0x9D, 0x4C, 0xE5, 0x7A, 0x9A,
    0x40, 0xBB, 0x11, 0x9D, 0x3B, 0x8D, 0x6A, 0xFF, 0xF1, 0x9F, 0x27, 0xBC, 0x7F, 0x57, 0x90, 0xDB,
    0x82, 0xBF, 0xD0, 0xEB, 0xB2, 0xA1, 0xE4, 0xA3, 0xD4, 0xCC, 0xDA, 0x6A, 0x1B, 0x85, 0xD5, 0xB4,
    0xCC, 0x90, 0x35, 0xF4, 0xF4, 0xA0, 0xEF, 0xFB, 0xB1, 0xAF, 0x78, 0x94, 0x5B, 0xF4, 0xA4, 0xEF,
    0xB5, 0x8A, 0x3F, 0x1F, 0x25, 0xCD, 0x92, 0x0F, 0x47, 0x89, 0x0B, 0x1D, 0x42, 0xAA, 0x1C, 0x32,
    0xAF, 0xEF, 0x41, 0xC2, 0xA6, 0x87, 0xCC, 0xBE, 0xED, 0x20, 0xEA, 0x61, 0x43, 0xB1, 0x35, 0x25,
    0x5F, 0x85, 0xB6, 0x82, 0x1B, 0x0D, 0x25, 0x2D, 0x70, 0xB4, 0x72, 0x42, 0x50, 0xB4, 0xF2, 0xE5,
    0x96, 0xC8, 0x20, 0xD2, 0x93, 0x41, 0xFF, 0x0C, 0x9E, 0xD2, 0xE3, 0x6A, 0x5E, 0xC3, 0x8A, 0xB0,
    0x5F, 0xF8, 0x00, 0xE1, 0x87, 0x01, 0xDB, 0x28, 0xCC, 0xD6, 0xEA, 0x2D, 0x57, 0x60, 0xCA, 0x7E,
    0x49, 0x9A, 0x79, 0x4F, 0xDD, 0x63, 0xAE, 0x67, 0x7A, 0xD5, 0x9E, 0x4D, 0x9A, 0xC9, 0x61, 0x2C,
    0x71, 0xC3, 0x37, 0x6A, 0xF6, 0xE0, 0x47, 0x56, 0xA9, 0x62, 0x7B, 0x96, 0xA9, 0xD8, 0x95, 0xDE,
    0xB0, 0xB6, 0x62, 0x64, 0x76, 0x64, 0x3E, 0x4E, 0xFC, 0xA9, 0xA6, 0x32, 0xB9, 0x37, 0xA6, 0x28,
    0xE9, 0x4A, 0x57, 0x32, 0xD5, 0xD4, 0x6F, 0xAB, 0xD8, 0xDA, 0x8F, 0xAA, 0x99, 0x1D, 0xA2, 0xCA,
    0xC5, 0xFB, 0x66, 0x81, 0xA2, 0x09, 0xF8, 0xBD, 0x27, 0x73, 0x70, 0x3B, 0x97, 0xAB, 0x66, 0xE2,
    0x3F, 0x45, 0x14, 0xCA, 0x32, 0xE8, 0x46, 0xE0, 0xE1, 0xF1, 0x03, 0x94, 0x9C, 0x79, 0x5F, 0x90,
    0x89, 0xA5, 0xC3, 0xD4, 0xB5, 0xE1, 0xAC, 0xE7, 0xA3, 0xC1, 0x9E, 0x03, 0x58, 0x0A, 0x9F, 0x85,
    0xC3, 0x11, 0x9D, 0x37, 0xA2, 0x71, 0x2D, 0x9A, 0x54, 0xA2, 0x69, 0x21, 0xAA, 0x95, 0x68, 0x89,
    0xEC, 0x92, 0x37, 0xD9, 0x9E, 0x62, 0x66, 0xDC, 0x5E, 0x34, 0x6C, 0xB9, 0x1D, 0xB9, 0xC1, 0xDE,
    0xAB, 0xBC, 0x1E, 0xA5, 0x94, 0xCA, 0x44, 0xD3, 0x25, 0x34, 0x77, 0xC7, 0x68, 0x44, 0x83, 0x5E,
    0x94, 0xD1, 0xC8, 0x34, 0xB1, 0x68, 0x5C, 0xCB, 0x5B, 0x24, 0x95, 0xA8, 0x2E, 0x44, 0x39, 0xC6,
    0x0E, 0x43, 0x96, 0xC8, 0x1B, 0x5D, 0xB3, 0x3F, 0x38, 0xC7, 0xC7, 0x3F, 0xF8, 0xA1, 0x31, 0x3F,
    0x32, 0x88, 0x18, 0x2A, 0x5B, 0x97, 0xC9, 0xA9, 0x16, 0xBB, 0xEA, 0x4A, 0x25, 0x4E, 0xE3, 0xD5,
    0xA9, 0xBE, 0x69, 0x25, 0xA7, 0x9A, 0x15, 0x8D, 0xCD, 0xCD, 0xF1, 0x1B, 0x9E, 0x1C, 0xA7, 0x35,
    0x6B, 0x04, 0xD0, 0x15, 0x34, 0xA3, 0xBA, 0x8C, 0x94, 0xFC, 0xBF, 0x6D, 0xF8, 0xFA, 0xEC, 0x61,
    0xAF, 0x82, 0x2C, 0xFD, 0xF6, 0xE8, 0x4B, 0xFB, 0x1F, 0x65, 0x11, 0xCB, 0x0C, 0xCF, 0xC5, 0xCC,
    0x0E, 0xF2, 0x98, 0x77, 0x4D, 0x72, 0x9B, 0x87, 0xF5, 0xAC, 0xC1, 0x44, 0x4C, 0x33, 0x34, 0xA8,
    0x61, 0x89, 0x64, 0xF0, 0x3B, 0xFA, 0x87, 0x71, 0x35, 0x5C, 0xF1, 0xFF, 0x8B, 0xD6, 0xC5, 0xE2,
    0x26, 0xE2, 0x53, 0xB0, 0xB2, 0xCC, 0xED, 0x3B, 0x56, 0xBE, 0xB7, 0xAC, 0xB3, 0x46, 0xB5, 0x6A,
    0xD6, 0xA2, 0xEB, 0x60, 0x80, 0x8D, 0xD9, 0xCF, 0x90, 0xD8, 0xCC, 0x0B, 0x9F, 0xA2, 0x69, 0xF9,
    0x02, 0x07, 0xC5, 0xA3, 0xE1, 0x87, 0xCC, 0x04, 0x59, 0xD2, 0x16, 0x05, 0x7F, 0x73, 0xE5, 0xE9,
    0x64, 0x19, 0x30, 0x9A, 0xC3, 0xF8, 0x30, 0x57, 0x4C, 0x4F, 0x0A, 0x25, 0x20, 0xF6, 0xAF, 0x24,
    0x56, 0x2D, 0xC8, 0xE6, 0xF6, 0xDF, 0xCA, 0x2C, 0x60, 0x8B, 0x34, 0x65, 0x68, 0xDB, 0xC2, 0x4B,
    0xD8, 0xE4, 0x52, 0x94, 0xD6, 0x64, 0xAF, 0xE2, 0x63, 0xE5, 0x22, 0x01, 0xCB, 0xB3, 0xCE, 0x04,
    0xAD, 0xD7, 0xB1, 0xB3, 0x11, 0x0C, 0x75, 0x82, 0x65, 0xB0, 0x58, 0x1C, 0xCB, 0xC5, 0xB8, 0x0C,
    0x25, 0xF7, 0x11, 0xE6, 0xFC, 0xAB, 0xD3, 0x4C, 0x2D, 0xEE, 0x9C, 0x4E, 0x6A, 0x36, 0xAC, 0x2B,
    0x49, 0xEF, 0x1C, 0x58, 0x64, 0x91, 0x76, 0xC1, 0x0F, 0x91, 0xA5, 0x7D, 0xAE, 0x13, 0xC8, 0x8E,
    0xC0, 0x09, 0x2C, 0x5D, 0x4A, 0x32, 0xC3, 0x48, 0xC6, 0x6C, 0x0A, 0x24, 0x04, 0xC4, 0x8B, 0x91,
    0x27, 0xD3, 0x8D, 0xF1, 0xD1, 0xD0, 0x4B, 0x8D, 0xCF, 0x41, 0x4F, 0x8C, 0x9B, 0xD5, 0x4C, 0xEC,
    0x83, 0xB0, 0xF1, 0x0A, 0x7E, 0x26, 0x59, 0x68, 0x7E, 0x62, 0x54, 0x80, 0x37, 0x75, 0xE1, 0x6C,
    0xA8, 0x84, 0x80, 0x1D, 0x19, 0x71, 0xA5, 0x5D, 0x4A, 0x07, 0x96, 0xDD, 0x76, 0x7F, 0xB9, 0x6A,
    0x56, 0x7C, 0x4D, 0x8D, 0x1C, 0xF8, 0x23, 0xC4, 0xE7, 0x7F, 0x86, 0x12, 0xB7, 0xB9, 0xE5, 0xB9,
    0x1B, 0xDA, 0xFB, 0xF8, 0x3E, 0x6C, 0xA8, 0xCC, 0x50, 0xEA, 0x6D, 0xF1, 0xF6, 0xF1, 0x97, 0x3F,
    0x76, 0xCA, 0xFD, 0x80, 0xB7, 0x37, 0xD7, 0x1B, 0xE3, 0x2B, 0x23, 0x10, 0xDC, 0xEB, 0x5C, 0xAE,
    0x62, 0xA7, 0x9C, 0x3A, 0x54, 0x78, 0xEC, 0x9F, 0xD7, 0x4C, 0xDB, 0xC4, 0xD2, 0xF6, 0x0F, 0xE1,
    0xA5, 0x8A, 0xFD, 0xB8, 0x7E, 0xC8, 0xC7, 0x27, 0xDE, 0xC6, 0xF1, 0x48, 0x15, 0xD6, 0x71, 0xE5,
    0x3D, 0x4E, 0x3D, 0xB3, 0x39, 0x0D, 0x53, 0x8B, 0x37, 0x3C, 0xC5, 0xFA, 0x18, 0xAC, 0xF3, 0x91,
    0x94, 0x83, 0xD1, 0xE7, 0x6C, 0x72, 0xF3, 0xF7, 0x00, 0x46, 0x31, 0x85, 0xE4, 0x3A, 0xEC, 0x3C,
    0x92, 0x5F, 0x30, 0x30, 0xE5, 0x9B, 0x24, 0x24, 0x30, 0xE8, 0x36, 0xEE, 0xED, 0xE5, 0x57, 0xEF,
    0x32, 0x34, 0xCE, 0xB8, 0xBC, 0x81, 0x3C, 0xFE, 0xF5, 0xD9, 0x91, 0x11, 0xE3, 0x95, 0xC1, 0x79,
    0x86, 0xD0, 0x7E, 0xAC, 0x85, 0x69, 0xFE, 0x01, 0x79, 0xDF, 0xA8, 0x59, 0xD7, 0x49, 0x7E, 0xCC,
    0xA7, 0x8A, 0x02, 0xC0, 0xCE, 0x6F, 0xF2, 0xD7, 0x6C, 0x01, 0x3D, 0x3D, 0x9E, 0xAD, 0xCE, 0x82,
    0x2F, 0x68, 0xA9, 0xD6, 0x7F, 0x42, 0x5E, 0x84, 0xDC, 0xD8, 0x4E, 0xE5, 0xB0, 0xE1, 0x01, 0xEF,
    0x76, 0xD7, 0x16, 0x8B, 0xCC, 0x75, 0x8C, 0x92, 0xDC, 0x72, 0x36, 0xEF, 0x51, 0x5C, 0x83, 0x29,
    0x99, 0x93, 0x16, 0x9C, 0x91, 0xF3, 0xEF, 0xC0, 0xF8, 0xD7, 0x60, 0xFA, 0x11, 0xA8, 0x23, 0x70,
    0x00, 0x83, 0x1E, 0x0C, 0x1B, 0x30, 0xAE, 0xC1, 0xA4, 0x02, 0xB5, 0x02, 0x97, 0x60, 0xD0, 0x83,
    0x61, 0x0B, 0x46, 0x35, 0x98, 0x54, 0xA0, 0xCE, 0xC0, 0xA5, 0x02, 0x7B, 0xB2, 0x25, 0x1B, 0xB2,
    0x22, 0x0B, 0x30, 0x40, 0x3A, 0x95, 0xD0, 0xDA, 0x46, 0xC0, 0xFF, 0x3E, 0xDF, 0xDC, 0xFF, 0xE7,
    0xDE, 0x15, 0x53, 0xFF, 0xAE, 0x78, 0xD5, 0x6C, 0xAA, 0x5E, 0xDB, 0x71, 0x8D, 0x79, 0x9E, 0xD6,
    0x75, 0x1F, 0x2C, 0x5F, 0x82, 0x5F, 0xC8, 0xFD, 0x6F, 0xC7, 0x1D, 0xF0, 0xE9, 0xE7, 0xDC, 0xDC,
    0x21, 0x97, 0xC8, 0xB9, 0x09, 0xD3, 0x97, 0xE6, 0xD1, 0x39, 0x37, 0x79, 0x78, 0xF7, 0x70, 0x0B,
    0x37, 0x61, 0x27, 0x25, 0xFF, 0x90, 0x2F, 0x4C, 0xCB, 0x59, 0xB9, 0x08, 0xF3, 0x29, 0x2D, 0x27,
    0xD1, 0x0D, 0x6B, 0x78, 0x69, 0x39, 0xF3, 0x11, 0xD2, 0xCD, 0x95, 0x6E, 0xA4, 0xE5, 0x54, 0x5B,
    0x69, 0x39, 0x2F, 0x69, 0xDB, 0x3F, 0xE6, 0x33, 0xDD, 0xFF, 0x57, 0x7C, 0xE5, 0x4D, 0xBC, 0xFF,
    0xCF, 0xF7, 0xB9, 0xD7, 0x02, 0x9F, 0x9D, 0x9C, 0xD5, 0x59, 0x05, 0x2C, 0x9F, 0x53, 0x01, 0x57,
    0x6B, 0x72, 0x7C, 0xDE, 0x68, 0xE2, 0x4A, 0x63, 0xCD, 0xA0, 0xDE, 0x8D, 0xE7, 0xD9, 0x4D, 0xA3,
    0x27, 0x4F, 0x0F, 0x31, 0x0E, 0xC9, 0x91, 0x5B, 0xFC, 0x85, 0x6D, 0x32, 0xB6, 0xC6, 0xC2, 0x2E,
    0x65, 0x27, 0x0A, 0xBB, 0x4F, 0xEA, 0x48, 0xBA, 0xBC, 0x3A, 0x3E, 0xF4, 0xF7, 0x2E, 0xDE, 0x43,
    0x95, 0xFC, 0x37, 0xAC, 0x37, 0xA6, 0xD8, 0x81, 0x49, 0xD5, 0x5D, 0x4E, 0x4D, 0x66, 0x2F, 0x45,
    0xC5, 0x71, 0x54, 0xCB, 0xD0, 0x58, 0xA5, 0xFC, 0x6E, 0x07, 0x30, 0x15, 0x63, 0xB5, 0x5E, 0x8F,
    0x5C, 0x3D, 0xD5, 0x82, 0xCD, 0x24, 0xF8, 0x01, 0xEC, 0x40, 0x9A, 0xCF, 0x5D, 0xD4, 0x16, 0x8B,
    0x51, 0xAD, 0xED, 0x09, 0xFE, 0xF7, 0xE5, 0x9E, 0xB3, 0x27, 0x0B, 0x38, 0xC6, 0x9A, 0xB0, 0x9D,
    0x4B, 0xCB, 0xB2, 0xCC, 0xED, 0x5C, 0xAE, 0x66, 0x35, 0xB0, 0xB3, 0xF2, 0x56, 0x80, 0x96, 0xDD,
    0xAC, 0x67, 0xC9, 0x6F, 0xAD, 0xBD, 0xCC, 0x15, 0x72, 0x70, 0xFB, 0x46, 0x81, 0xC3, 0xD5, 0x99,
    0xEB, 0x89, 0x52, 0xFA, 0x9D, 0xFE, 0x34, 0xEF, 0x70, 0x1B, 0x49, 0x1F, 0xF2, 0x15, 0xAD, 0x16,
    0x75, 0x72, 0xF0, 0x09, 0xBA, 0x65, 0x1B, 0xE9, 0xBF, 0x8E, 0xE8, 0x32, 0x59, 0xDC, 0x53, 0xEA,
    0xED, 0xA0, 0x45, 0xA5, 0xF9, 0x27, 0x7D, 0xB9, 0xAE, 0x9B, 0x6E, 0x5D, 0x37, 0x51, 0xC3, 0xBA,
    0x89, 0x36, 0xEA, 0x26, 0x73, 0x75, 0x23, 0x93, 0x46, 0x3C, 0xA2, 0x6E, 0xA2, 0xCD, 0xBA, 0x09,
    0x76, 0xD7, 0x0D, 0xCC, 0xF8, 0x5F, 0x5B, 0x75, 0xC3, 0x1F, 0x90, 0x56, 0x34, 0xE4, 0xC0, 0x5E,
    0x80, 0x73, 0x7F, 0x54, 0x1A, 0xB5, 0x05, 0x98, 0xBD, 0x91, 0x01, 0xC5, 0x88, 0x74, 0x35, 0x22,
    0xEE, 0xD4, 0x9B, 0xB8, 0x82, 0x5A, 0x13, 0x58, 0x69, 0xFE, 0x1D, 0xF3, 0xBB, 0x3E, 0x26, 0x0E,
    0x83, 0xDD, 0x8F, 0xDE, 0xCF, 0x69, 0xF2, 0xE0, 0x17, 0x96, 0x82, 0xA7, 0xDF, 0x80, 0xDA, 0x0D,
    0x3F, 0x58, 0x31, 0xE3, 0xFA, 0x04, 0x53, 0x55, 0xDA, 0xDB, 0x1C, 0xBD, 0xE4, 0x1A, 0x5E, 0xB0,
    0xB2, 0x5E, 0xA6, 0xFE, 0x38, 0xE9, 0x9F, 0xE3, 0xFF, 0x2E, 0x6E, 0x99, 0xE4, 0x40, 0x5C, 0x3D,
    0xA9, 0x2C, 0x0E, 0x29, 0xD6, 0x1E, 0x8B, 0xF4, 0x90, 0x93, 0xBB, 0x56, 0x76, 0x29, 0x2B, 0x4A,
    0xBA, 0xA2, 0xC4, 0xB5, 0x2F, 0x51, 0xE3, 0xC4, 0xDF, 0x98, 0xAC, 0x28, 0xBA, 0x82, 0xCC, 0x6C,
    0xC6, 0xF7, 0x34, 0x8A, 0xD2, 0x52, 0x4C, 0xE6, 0x35, 0x76, 0xD9, 0xCC, 0xDD, 0xD1, 0xD8, 0x7D,
    0x91, 0x33, 0x12, 0xBF, 0xB0, 0x7C, 0x4A, 0xB6, 0xF1, 0xA1, 0xC2, 0xB3, 0x08, 0xDE, 0xAB, 0x99,
    0xAE, 0x11, 0xC8, 0x78, 0x91, 0x7D, 0x8A, 0x79, 0x97, 0x4C, 0xC1, 0x6B, 0x37, 0x56, 0x15, 0x4D,
    0x2B, 0x67, 0x4F, 0x3B, 0xAA, 0x98, 0x5C, 0x93, 0x1D, 0xF0, 0x87, 0x57, 0x37, 0xD0, 0x28, 0x20,
    0x7F, 0xEE, 0x7D, 0xBE, 0x5D, 0x81, 0xD7, 0x9F, 0x6D, 0xA0, 0x51, 0x7F, 0x36, 0xD0, 0xE8, 0xFE,
    0xBE, 0x81, 0x46, 0xD7, 0x2D, 0x98, 0x0E, 0x64, 0x07, 0x5E, 0xCB, 0x68, 0xFF, 0xF4, 0xD1, 0xF6,
    0x37, 0xBB, 0xED, 0x7F, 0x70, 0x62, 0xBF, 0xFF, 0x94, 0x71, 0xB4, 0xC6, 0x31, 0x58, 0xD8, 0x6F,
    0x6F, 0xEE, 0xB2, 0xBF, 0xB9, 0xC0, 0xFE, 0x8A, 0xF6, 0xAF, 0x68, 0xFF, 0x7A, 0x32, 0x27, 0xAD,
    0x49, 0x63, 0xC2, 0x96, 0x62, 0x4A, 0x5A, 0x92, 0x86, 0xA4, 0x1D, 0x5F, 0xBD, 0x63, 0xEF, 0x1F,
    0x63, 0x94, 0xA7, 0x01, 0x6A, 0xDA, 0x90, 0x26, 0xA4, 0x05, 0x69, 0x40, 0xDA, 0x8F, 0xE6, 0x83,
    0xF5, 0x56, 0x30, 0x5E, 0x03, 0xDB, 0xF5, 0xFF, 0x07, 0xE5, 0xDB, 0x31, 0xD0, 0xE5, 0xD6, 0x5D,
    0xF7, 0xF1, 0x8F, 0x24, 0xEF, 0x6A, 0x6C, 0x15, 0xDA, 0x77, 0xC6, 0x9E, 0x37, 0xB6, 0x09, 0x37,
    0x05, 0x45, 0xF0, 0x24, 0xA8, 0x4D, 0x91, 0x58, 0x4A, 0x32, 0x49, 0x66, 0xA8, 0xCC, 0x8C, 0x37,
    0x14, 0x14, 0x71, 0xE1, 0x26, 0x69, 0xDC, 0xA4, 0xA0, 0x88, 0xF7, 0x0A, 0x37, 0x14, 0x14, 0x3C,
    0x4D, 0x68, 0x68, 0x36, 0x60, 0x66, 0x92, 0xA5, 0x48, 0xE3, 0x0E, 0xEF, 0x5E, 0x65, 0x28, 0x29,
    0x10, 0x35, 0x45, 0x94, 0x30, 0x4C, 0x20, 0x29, 0xA2, 0x01, 0x79, 0xD0, 0xC6, 0xBA, 0xF7, 0x90,
    0x2B, 0x3D, 0x57, 0x93, 0x07, 0x48, 0xBC, 0x10, 0xC8, 0xF3, 0x3C, 0xBB, 0xC7, 0x8F, 0x7E, 0xE7,
    0x48, 0xF2, 0x95, 0x8E, 0x7E, 0x5F, 0xE9, 0x9C, 0xFF, 0xD1, 0xD1, 0x92, 0x75, 0x90, 0xF7, 0xB0,
    0x19, 0xA0, 0x9C, 0xE0, 0xE5, 0x59, 0xEF, 0xDF, 0x81, 0xA9, 0x44, 0x34, 0x95, 0x15, 0xC9, 0xB0,
    0x69, 0x48, 0xFA, 0xBC, 0x21, 0xEB, 0xB2, 0x8E, 0xBC, 0x4D, 0x7B, 0x36, 0x4D, 0x32, 0x50, 0xD4,
    0xF1, 0x48, 0x29, 0x9A, 0xD8, 0xDD, 0xBE, 0xBD, 0x27, 0x84, 0x10, 0x44, 0xB3, 0xC6, 0x87, 0x7B,
    0xF7, 0x76, 0x75, 0x32, 0xB0, 0x69, 0xD2, 0x9E, 0xBC, 0xCD, 0x3B, 0xB2, 0x7E, 0xD3, 0x90, 0xF6,
    0x45, 0x43, 0x32, 0x96, 0x15, 0xF1, 0xB4, 0x85, 0xFD, 0x01, 0x0E, 0x2E, 0xA4, 0xA8, 0x86, 0xAC,
    0x5F, 0xEB, 0x7C, 0x2C, 0xAF, 0xDB, 0x6F, 0x63, 0x1B, 0x06, 0x49, 0x08, 0x07, 0xF1, 0xC3, 0xCF,
    0x07, 0x6A, 0x65, 0x8D, 0xA2, 0xC1, 0xA6, 0x41, 0x7E, 0x5E, 0x7A, 0x21, 0x84, 0xE6, 0x58, 0xAF,
    0x26, 0x3B, 0x7C, 0x7D, 0xD3, 0x14, 0x9D, 0x4D, 0x53, 0xD6, 0x47, 0xA9, 0x6C, 0x9A, 0x2D, 0xC5,
    0xB1, 0x54, 0x36, 0x65, 0x13, 0x85, 0xA6, 0x78, 0xEF, 0x4B, 0x3F, 0x6E, 0xF2, 0x10, 0xFE, 0xA8,
    0x89, 0xC3, 0x3E, 0x6B, 0xDC, 0xA8, 0x00, 0xBC, 0x0E, 0x7B, 0x44, 0x7B, 0x98, 0xD6, 0x6D, 0xC5,
    0x99, 0xD5, 0xCB, 0xFF, 0xF7, 0x00, 0xBC, 0x6C, 0xD5, 0x9B, 0x13, 0x27, 0xEF, 0xB3, 0x7A, 0xD6,
    0xCA, 0x85, 0x74, 0x0D, 0xC8, 0xDC, 0xFC, 0x67, 0xA4, 0xA1, 0x26, 0xFA, 0x52, 0x83, 0xB4, 0x45,
    0xD6, 0x60, 0x5B, 0x63, 0x0F, 0xFD, 0x2A, 0x2E, 0x83, 0xD0, 0xCD, 0x33, 0xA7, 0x23, 0x2A, 0x2A,
    0x36, 0xFD, 0x9B, 0x28, 0xA7, 0xD7, 0xB0, 0x7F, 0x80, 0x78, 0xD8, 0xD4, 0x64, 0x4D, 0xD2, 0x5E,
    0x37, 0xF7, 0xF1, 0x2A, 0xE2, 0x09, 0x49, 0x2F, 0xDE, 0xE7, 0x8D, 0x34, 0xFC, 0x36, 0x9B, 0xEF,
    0x36, 0x94, 0x49, 0xCF, 0xE8, 0x5D, 0x2A, 0xCF, 0x5E, 0x86, 0xFB, 0xCF, 0x9C, 0x41, 0xDA, 0x43,
    0x34, 0x82, 0xAF, 0x6D, 0x7A, 0x3C, 0x5F, 0x4E, 0x5C, 0x74, 0xBF, 0xBE, 0x76, 0xEE, 0x3F, 0x07,
    0x65, 0x75, 0xF2, 0x2B, 0xE9, 0x76, 0x35, 0xDF, 0x08, 0x2D, 0xC9, 0xBF, 0xF5, 0xE4, 0xCD, 0xC4,
    0xCB, 0x0A, 0x6E, 0x89, 0x00, 0x9E, 0xAB, 0xD8, 0x84, 0xE5, 0xEC, 0xB5, 0x07, 0xBF, 0xB3, 0x6B,
    0x7C, 0x44, 0xDE, 0x21, 0xEB, 0x4F, 0x56, 0x25, 0xE7, 0xA5, 0x9B, 0xBB, 0xD0, 0xDB, 0x86, 0xD0,
    0xC7, 0xE1, 0x2F, 0xBE, 0xD0, 0x67, 0xA3, 0xB4, 0xCF, 0xBB, 0xA3, 0xB4, 0xD2, 0x63, 0xD5, 0xB2,
    0x63, 0x29, 0xEF, 0xF3, 0xDE, 0xB6, 0xCF, 0xF6, 0xBF, 0xFB, 0x7E, 0x9F, 0x84, 0xF0, 0xFD, 0xDE,
    0x2E, 0x7C, 0xA6, 0x17, 0xBD, 0x02, 0xA2, 0x87, 0xB3, 0xEE, 0x2A, 0x48, 0xD7, 0x36, 0x86, 0x3B,
    0xD8, 0xF4, 0x5F, 0xC5, 0x76, 0xFC, 0xC8, 0x89, 0x44, 0xD2, 0x17, 0x15, 0x79, 0x9D, 0x5E, 0x37,
    0x12, 0x78, 0xA1, 0x42, 0xD1, 0xC3, 0x3B, 0x27, 0x49, 0x3B, 0xD1, 0x21, 0x23, 0x0D, 0x5F, 0x20,
    0xFF, 0x6E, 0x6B, 0x7D, 0x22, 0x78, 0xC5, 0x53, 0x97, 0xD3, 0x1E, 0xDD, 0x72, 0x8B, 0x28, 0x54,
    0x3D, 0x49, 0x78, 0xBF, 0x25, 0x7B, 0x2B, 0x34, 0x3C, 0xE3, 0x25, 0x6B, 0xCA, 0xFB, 0xD5, 0x63,
    0x87, 0x0B, 0x2D, 0x54, 0x77, 0xFD, 0xC8, 0xA0, 0x68, 0x3F, 0xCE, 0x6E, 0xFF, 0x35, 0xDE, 0xDB,
    0x8D, 0xA2, 0x36, 0xEB, 0x00, 0xD1, 0x1E, 0x69, 0x40, 0xFE, 0x1F, 0x1A, 0xAC, 0xCB, 0xC2, 0xF3,
    0xCC, 0x5D, 0x28, 0x06, 0xD8, 0xEE, 0x61, 0xBF, 0x75, 0x32, 0x2E, 0x6F, 0x92, 0x9E, 0x1B, 0xBC,
    0xE2, 0x42, 0x7A, 0xAC, 0x02, 0xA8, 0x6F, 0x21, 0x09, 0xC8, 0x42, 0x43, 0xF1, 0xB7, 0x1D, 0xDB,
    0x78, 0x14, 0x8D, 0xEE, 0x50, 0xB9, 0x71, 0x39, 0x5C, 0xC0, 0x6B, 0x88, 0x26, 0xC4, 0xD3, 0xA9,
    0xE4, 0x35, 0x50, 0x82, 0x07, 0x60, 0x84, 0xA4, 0x43, 0xFA, 0xE9, 0x4F, 0xB7, 0xA4, 0x73, 0xC7,
    0x9E, 0x3C, 0x7C, 0xA3, 0x21, 0x0A, 0x01, 0x8A, 0xD1, 0xB5, 0x23, 0x78, 0xF3, 0xEE, 0xC9, 0xD0,
    0xA2, 0xC2, 0x9B, 0xB8, 0xFB, 0xDA, 0x47, 0x19, 0x7C, 0x8D, 0xFB, 0x9F, 0x1F, 0x28, 0x43, 0x4F,
    0x16, 0x6A, 0xDC, 0x72, 0x29, 0x98, 0xA2, 0x11, 0xDC, 0x5F, 0x99, 0x90, 0xD5, 0x8F, 0x19, 0x88,
    0x97, 0x60, 0x53, 0x23, 0x6B, 0x11, 0xF7, 0x27, 0x10, 0xFD, 0x15, 0x02, 0x01, 0xD8, 0x74, 0x70,
    0x63, 0x00, 0xBF, 0x0F, 0xD1, 0x00, 0x69, 0x8B, 0xF4, 0x33, 0xD1, 0x63, 0x03, 0x25, 0x1E, 0x11,
    0x7F, 0x7B, 0x0D, 0x70, 0x36, 0xB0, 0xC7, 0xDD, 0xBB, 0x1F, 0xE5, 0x1D, 0x9F, 0xE4, 0xCD, 0xCF,
    0x8D, 0x57, 0x87, 0x4C, 0x74, 0xD0, 0x93, 0x84, 0x1F, 0x74, 0xFF, 0x55, 0x00, 0x90, 0x56, 0x33,
    0x99, 0x3A, 0x69, 0x48, 0xDE, 0x5B, 0xC9, 0xB0, 0x1D, 0x5D, 0xCF, 0x00, 0xE0, 0xEC, 0xC3, 0x6C,
    0x4F, 0x01, 0x80, 0xF9, 0xC4, 0xE0, 0xAE, 0x2B, 0xF6, 0xE0, 0x64, 0x95, 0x8E, 0xAC, 0x8E, 0xBB,
    0xF9, 0xA1, 0x68, 0x89, 0x43, 0xA8, 0xD7, 0x60, 0x20, 0xAA, 0x3C, 0xBE, 0x5D, 0x7F, 0xE7, 0xC3,
    0x0C, 0x3E, 0xC5, 0x83, 0x2F, 0x4E, 0x57, 0xE7, 0x59, 0x39, 0x43, 0x32, 0x22, 0x99, 0x4E, 0x25,
    0x67, 0x6C, 0x43, 0xD8, 0x6F, 0x43, 0x38, 0xCC, 0x0B, 0x7E, 0xE1, 0x72, 0xFB, 0xF6, 0xAB, 0xDB,
    0x10, 0xA6, 0xE3, 0x32, 0x97, 0xF1, 0x81, 0xCB, 0x72, 0xEC, 0x79, 0xB9, 0xE0, 0x5F, 0xD6, 0xAF,
    0xCB, 0xBC, 0x1E, 0xBD, 0x8A, 0x6D, 0x68, 0xC5, 0x21, 0x0C, 0xB2, 0xFD, 0xFF, 0xDF, 0xDB, 0xB4,
    0x76, 0xCA, 0xA3, 0x31, 0xF3, 0x65, 0xEE, 0xD8, 0x34, 0x0F, 0x8E, 0x72, 0x04, 0x79, 0x2E, 0xF7,
    0xEE, 0xDD, 0xAB, 0x57, 0x44, 0x76, 0xB0, 0xAD, 0x50, 0x36, 0xD8, 0xF4, 0xA2, 0x2A, 0x0D, 0x7F,
    0xB2, 0xAB, 0x8E, 0x06, 0x56, 0x8A, 0xF0, 0x10, 0xB7, 0x3F, 0x30, 0x12, 0x7A, 0xF1, 0x2E, 0xC5,
    0x9E, 0xA7, 0xB6, 0xD8, 0xA0, 0x20, 0x3A, 0x90, 0x0C, 0x24, 0xCD, 0xB2, 0x80, 0x5F, 0xB1, 0x7F,
    0x37, 0xFF, 0x09, 0x59, 0xA8, 0x88, 0x36, 0x0D, 0xD2, 0xE6, 0x03, 0x5E, 0x13, 0xFD, 0x8A, 0x5D,
    0x7D, 0xDD, 0x87, 0x92, 0x50, 0x7F, 0x32, 0x0B, 0x0F, 0xA7, 0xFC, 0x0B, 0x61, 0xF8, 0x75, 0xDB,
    0xF6, 0x29, 0x2E, 0xC7, 0xAB, 0xD7, 0x3D, 0x2D, 0x0E, 0xF5, 0xC7, 0xA5, 0xE1, 0xE1, 0xBB, 0xF2,
    0xB7, 0xC2, 0x28, 0x57, 0x74, 0x9E, 0xE2, 0x72, 0xCC, 0x39, 0xC5, 0x9E, 0x2D, 0x36, 0x95, 0x7C,
    0xF8, 0x14, 0xE5, 0xF4, 0x3A, 0x0F, 0xB6, 0xC4, 0x43, 0xDE, 0x48, 0x9B, 0xB8, 0x73, 0xD1, 0xAE,
    0xA3, 0x1C, 0xCE, 0x05, 0x1F, 0x2C, 0x8B, 0x73, 0x8E, 0xB6, 0x2D, 0xB2, 0xAC, 0xE2, 0x91, 0x65,
    0x3E, 0xDB, 0x2A, 0xAB, 0x51, 0xC9, 0x80, 0xAC, 0x95, 0x4C, 0xC7, 0xDA, 0x1F, 0x7E, 0x93, 0x72,
    0x57, 0x73, 0x3F, 0x6B, 0xC5, 0x7D, 0x34, 0x50, 0xB9, 0x75, 0x19, 0xC6, 0x7E, 0x85, 0x8B, 0x2F,
    0x90, 0x42, 0xC5, 0x9F, 0x85, 0x96, 0xEC, 0x07, 0x3D, 0x9B, 0x7A, 0xE2, 0x4D, 0x85, 0x35, 0x49,
    0x43, 0x08, 0xED, 0x51, 0xBA, 0x45, 0x7A, 0x3C, 0x8A, 0xBC, 0x77, 0xFB, 0x76, 0x75, 0xFC, 0x45,
    0x33, 0xCB, 0xB2, 0xDA, 0xE3, 0x91, 0x65, 0x3E, 0xDB, 0x2A, 0xAF, 0xC2, 0x76, 0x8D, 0x83, 0xD3,
    0x26, 0x10, 0xFD, 0x79, 0x68, 0xC8, 0x7E, 0xD4, 0x51, 0xBC, 0x35, 0xF2, 0xA6, 0x37, 0xB9, 0x75,
    0x71, 0x18, 0xBF, 0x09, 0x03, 0xBB, 0xB0, 0x17, 0x87, 0xCF, 0x85, 0x2A, 0x1D, 0x14, 0x4D, 0xDE,
    0xC9, 0xBB, 0xF9, 0x65, 0x56, 0xD1, 0x48, 0xFB, 0xA2, 0x96, 0xF6, 0x65, 0x08, 0xE1, 0x5C, 0x7E,
    0x78, 0xEF, 0xDE, 0xDD, 0xB2, 0xE6, 0x67, 0xBB, 0x98, 0x16, 0x79, 0x8F, 0x74, 0xE2, 0x95, 0x28,
    0xFC, 0xE3, 0xB7, 0xDB, 0x23, 0xEF, 0x56, 0x16, 0x0E, 0x15, 0xCF, 0x55, 0xF0, 0x10, 0xBE, 0x5D,
    0x23, 0x59, 0xDB, 0x9B, 0x92, 0x7C, 0xF8, 0x04, 0xE5, 0xF4, 0x1B, 0xD7, 0xE1, 0xDE, 0xFD, 0x32,
    0x6C, 0x1B, 0xC4, 0xED, 0x49, 0x36, 0x8D, 0x74, 0xFC, 0x38, 0xF9, 0xE1, 0xD7, 0x28, 0xB7, 0x15,
    0xFB, 0xAC, 0x11, 0xF7, 0x71, 0x2F, 0xBA, 0xA4, 0xBB, 0x18, 0xB7, 0xA2, 0x50, 0xF5, 0x49, 0x78,
    0xBF, 0x4B, 0xDF, 0x0A, 0x4D, 0xE6, 0x25, 0x20, 0x1F, 0x28, 0xA7, 0xD9, 0xE9, 0xE3, 0xFB, 0xAB,
    0xD5, 0x67, 0x97, 0xD1, 0x77, 0x6F, 0xAB, 0x4F, 0x88, 0xC2, 0xC3, 0x41, 0xF2, 0xFD, 0xD0, 0x4B,
    0x9A, 0x4D, 0x0D, 0x48, 0x46, 0xE4, 0x07, 0x94, 0xBB, 0x6A, 0x6D, 0x14, 0x2E, 0xD1, 0xCE, 0x9B,
    0x6F, 0x93, 0x4F, 0x94, 0x81, 0x5D, 0x59, 0xC7, 0x63, 0xDE, 0xA5, 0x6D, 0x3C, 0x44, 0xD6, 0xFA,
    0x5C, 0x9D, 0xD0, 0x27, 0x7E, 0x1B, 0xF9, 0x84, 0x22, 0x60, 0x5B, 0x34, 0xA2, 0x29, 0xEB, 0xA5,
    0x5D, 0x34, 0x8A, 0x78, 0x16, 0x5C, 0xA9, 0x10, 0x29, 0x39, 0x48, 0x42, 0x33, 0x77, 0x07, 0x9D,
    0xB4, 0xB5, 0x6B, 0xEC, 0x19, 0x78, 0x1D, 0xB6, 0xA1, 0xDF, 0x85, 0xFE, 0xC5, 0x70, 0x16, 0x4D,
    0x7E, 0x99, 0xBF, 0x9B, 0x87, 0x6A, 0x39, 0xD4, 0x9D, 0x3A, 0x0C, 0xCF, 0x4D, 0xDE, 0x35, 0x65,
    0xC3, 0xE6, 0x6C, 0x23, 0x07, 0x65, 0xF5, 0x68, 0xFF, 0xFD, 0xAF, 0x57, 0x67, 0xF5, 0x26, 0x9A,
    0xC4, 0xF3, 0x2E, 0xAF, 0x79, 0x46, 0x59, 0x97, 0x4D, 0x59, 0x3F, 0xCD, 0x7F, 0xAB, 0x76, 0xF0,
    0xF4, 0xC5, 0xDF, 0x22, 0xDA, 0x85, 0x33, 0x6C, 0x42, 0xD8, 0x63, 0x17, 0x42, 0xA8, 0xC5, 0xA1,
    0xB6, 0xED, 0xA5, 0x13, 0xD9, 0x28, 0xEF, 0x49, 0x26, 0x9B, 0x16, 0x87, 0x19, 0xE6, 0x72, 0x2B,
    0xB0, 0xAD, 0x16, 0xBE, 0xF5, 0xCE, 0x8C, 0x79, 0xCE, 0x8A, 0x0F, 0xCE, 0xCA, 0x66, 0x8B, 0x63,
    0x55, 0x2A, 0x94, 0xD5, 0xF9, 0x31, 0x8B, 0xE5, 0x0C, 0x79, 0x4F, 0xBC, 0x3F, 0x9D, 0x3D, 0x0E,
    0x95, 0x6D, 0xCF, 0xEE, 0xF0, 0x97, 0xA1, 0x99, 0xEB, 0x79, 0x40, 0x14, 0x42, 0xB7, 0xDE, 0xA9,
    0x6B, 0x72, 0x06, 0x92, 0x01, 0xA4, 0xE3, 0xBA, 0xB6, 0xEE, 0x8B, 0x96, 0x01, 0x51, 0x27, 0x0E,
    0x61, 0x2F, 0x3B, 0x7C, 0x31, 0x54, 0x9B, 0x6E, 0x1E, 0xD4, 0xC8, 0xBB, 0x2D, 0x59, 0xBF, 0x23,
    0x19, 0x0E, 0x27, 0x19, 0xF7, 0xAB, 0xCC, 0xAB, 0x0F, 0x48, 0x86, 0x2D, 0x49, 0x5F, 0x56, 0x4B,
    0x27, 0x98, 0x77, 0xF9, 0xF1, 0x00, 0xE9, 0x4F, 0x0F, 0x25, 0x9A, 0x4D, 0x2C, 0x42, 0x87, 0x57,
    0x3F, 0x30, 0xF8, 0x97, 0x8F, 0x20, 0x0F, 0x95, 0xB5, 0x73, 0x26, 0x6B, 0x40, 0x5E, 0x43, 0x14,
    0x40, 0x3C, 0x80, 0xA8, 0x5F, 0xB2, 0x33, 0x1E, 0x2B, 0x7E, 0xF1, 0x32, 0x2B, 0xDD, 0x10, 0xBD,
    0xD8, 0xAE, 0x6F, 0x83, 0x5B, 0xBC, 0xD1, 0xE0, 0x00, 0x03, 0xBC, 0x03, 0x97, 0xC2, 0x31, 0x7E,
    0x1B, 0xA4, 0x3D, 0xC8, 0x1B, 0x64, 0x53, 0x01, 0x9B, 0xC3, 0x47, 0x39, 0xEF, 0xDD, 0x99, 0xB2,
    0xE5, 0x02, 0xCE, 0x51, 0x79, 0xBC, 0x48, 0xAD, 0x33, 0xD8, 0x23, 0x92, 0x5E, 0xB2, 0xCF, 0x6B,
    0x59, 0x78, 0xE1, 0x7C, 0x06, 0xFB, 0x4E, 0xDA, 0x33, 0x1A, 0xA9, 0x3C, 0x7B, 0x19, 0xA4, 0xE2,
    0xBB, 0x9C, 0xAA, 0x87, 0xFB, 0x40, 0x91, 0x4E, 0x70, 0x73, 0x73, 0x00, 0xE5, 0x1B, 0xF5, 0x05,
    0x52, 0xC3, 0xE3, 0x48, 0xEA, 0x3F, 0xCF, 0x76, 0x57, 0x7C, 0x23, 0x34, 0xA4, 0x3F, 0x33, 0xDB,
    0xFD, 0x32, 0xB7, 0x7E, 0x66, 0x8A, 0xA8, 0x62, 0x13, 0xC6, 0xF9, 0x8A, 0xAB, 0x38, 0x7C, 0x7D,
    0xD7, 0xA6, 0xE3, 0x32, 0x63, 0x9D, 0x8C, 0x9B, 0x46, 0x3C, 0x15, 0x0D, 0xFB, 0xB2, 0x3E, 0x97,
    0x43, 0x59, 0xAD, 0x72, 0x5C, 0x2D, 0x6A, 0xF6, 0x9B, 0x86, 0x29, 0x6F, 0xC5, 0x53, 0x76, 0xFC,
    0x59, 0x72, 0x3C, 0x40, 0xF4, 0xD3, 0x43, 0x35, 0xB6, 0x21, 0x54, 0xB2, 0x30, 0x9E, 0x2A, 0xC7,
    0x1D, 0x9C, 0x9E, 0x71, 0xE2, 0x16, 0x24, 0x4B, 0x56, 0xD4, 0xC8, 0xA6, 0x8F, 0xC1, 0xE6, 0xF0,
    0x21, 0xD8, 0x3E, 0x21, 0x4F, 0xD8, 0x4B, 0x15, 0xCA, 0x0E, 0xFA, 0x93, 0x64, 0xAD, 0x64, 0x9F,
    0x93, 0x85, 0x67, 0xAE, 0xCA, 0xB3, 0x06, 0xB7, 0x60, 0x57, 0x7F, 0x15, 0x71, 0xF8, 0x49, 0x8F,
    0xE4, 0x3B, 0xA1, 0x43, 0x52, 0xBD, 0x50, 0x01, 0x6B, 0x57, 0x3C, 0x83, 0xF4, 0x44, 0x35, 0x95,
    0x14, 0xF5, 0xC7, 0xD8, 0x3D, 0x7C, 0x97, 0xF7, 0x76, 0x83, 0xA8, 0xCD, 0x5A, 0x40, 0xBC, 0x4E,
    0xA5, 0x6F, 0x7E, 0xDC, 0x50, 0x5E, 0x36, 0xCD, 0xB5, 0x87, 0xCB, 0x27, 0x50, 0x04, 0xCE, 0x87,
    0x08, 0x44, 0x53, 0xD6, 0xB1, 0x0C, 0x13, 0xAC, 0x03, 0x05, 0x78, 0x52, 0xC3, 0xC8, 0x6F, 0x22,
    0x09, 0xC8, 0x43, 0x4D, 0xF9, 0xC7, 0x1D, 0x0F, 0x92, 0x41, 0x3C, 0xB8, 0x2F, 0xAA, 0x3C, 0x85,
    0x2B, 0x16, 0x6E, 0xAE, 0x1F, 0x4B, 0x58, 0x0C, 0xC2, 0xB6, 0x02, 0x0E, 0x2E, 0xF4, 0x9A, 0x69,
    0x0B, 0x44, 0xD6, 0xE4, 0xCB, 0x80, 0xDD, 0x39, 0xE9, 0x70, 0x8E, 0x7A, 0xBF, 0xB0, 0xFE, 0x83,
    0x69, 0x81, 0xFD, 0xA3, 0x61, 0xF1, 0x3B, 0xB4, 0x0B, 0xEE, 0x83, 0x13, 0xEF, 0x13, 0xF0, 0x13,
    0x71, 0xE7, 0xC8, 0x9D, 0x93, 0xB4, 0x80, 0x7D, 0xC4, 0xBC, 0x6C, 0x9C, 0xA3, 0x77, 0xCE, 0x7E,
    0x3D, 0xFE, 0x39, 0xFD, 0x05, 0xFF, 0xE4, 0xC4, 0x5F, 0x1C, 0x2A, 0x65, 0x8F, 0xDD, 0x4F, 0x8E,
    0x77, 0xC0, 0x7A, 0x0B, 0xAC, 0xF7, 0xC0, 0x7A, 0x13, 0xDC, 0x7C, 0x1B, 0xF2, 0xFE, 0xFC, 0x84,
    0xAB, 0x51, 0xFB, 0x35, 0x12, 0x17, 0x1D, 0x69, 0xE0, 0xA8, 0xD1, 0x6D, 0x79, 0x77, 0x84, 0x9C,
    0x37, 0x47, 0xCA, 0x65, 0x7D, 0xC4, 0x1C, 0x1C, 0x39, 0x8F, 0xCA, 0x7A, 0xDE, 0x49, 0xDA, 0x9B,
    0x51, 0x3B, 0xAC, 0x3A, 0xDA, 0x5B, 0xF5, 0x7C, 0xCB, 0x0C, 0xDC, 0x6E, 0xD6, 0x92, 0xAC, 0x37,
    0xDF, 0x2A, 0x66, 0xE8, 0x8E, 0xD4, 0xAB, 0x05, 0xFB, 0xC2, 0x7D, 0x05, 0x7F, 0x0F, 0xB0, 0xAB,
    0x38, 0x37, 0x08, 0xE4, 0x9D, 0x0B, 0x77, 0xAF, 0x09, 0xF0, 0xEC, 0x13, 0xC9, 0xF6, 0x2B, 0xD5,
    0x6A, 0x8E, 0xBC, 0x5B, 0x8D, 0x61, 0x02, 0x2F, 0x83, 0x1B, 0x57, 0x8C, 0x6D, 0xF6, 0xB6, 0xB5,
    0xF7, 0x84, 0xA7, 0xB6, 0x15, 0x90, 0x9F, 0xE7, 0x9B, 0x25, 0x8F, 0x76, 0x40, 0x32, 0x5A, 0x23,
    0x29, 0x88, 0x9B, 0x27, 0x92, 0xF5, 0x3C, 0x87, 0x25, 0x0B, 0x95, 0xD3, 0xC7, 0xCE, 0xD2, 0x59,
    0xB3, 0x59, 0x77, 0x35, 0xA2, 0x3D, 0xE8, 0x17, 0xBD, 0x5A, 0xDC, 0xE7, 0x89, 0x25, 0x96, 0xB9,
    0x25, 0x96, 0xE9, 0x25, 0x96, 0x19, 0x26, 0xE4, 0x8A, 0x0E, 0x9E, 0xE2, 0x89, 0xE4, 0xFB, 0xBC,
    0x9B, 0x08, 0x5D, 0x4E, 0x1C, 0x0E, 0x77, 0x48, 0xFE, 0x2E, 0x4C, 0xA4, 0xF5, 0x66, 0x20, 0xE2,
    0xEA, 0xD0, 0x7C, 0x12, 0xE9, 0xAC, 0x29, 0x3A, 0xBB, 0xD8, 0x03, 0xA5, 0xC3, 0xBA, 0x7E, 0x61,
    0x3F, 0xB8, 0x92, 0xD4, 0x78, 0xCD, 0x1A, 0x49, 0xC5, 0xD3, 0x5A, 0x5E, 0xB6, 0xDF, 0xC1, 0xA6,
    0xD9, 0xFD, 0x0A, 0x75, 0x8B, 0x62, 0xD6, 0xB2, 0x2E, 0x6B, 0xB6, 0x55, 0xD1, 0x12, 0xE4, 0xA3,
    0x74, 0x2F, 0x09, 0x3F, 0xDC, 0x0D, 0x84, 0x10, 0x5A, 0x36, 0x0B, 0x9C, 0xE7, 0x2A, 0x6B, 0x7A,
    0x9E, 0x05, 0x35, 0xB6, 0xF5, 0x5A, 0xF6, 0x34, 0x4E, 0xBB, 0xD2, 0xFE, 0x97, 0x94, 0xEC, 0x28,
    0x79, 0x5F, 0x36, 0x36, 0x7D, 0xD1, 0xDA, 0xF6, 0xF9, 0xFE, 0xF7, 0xDE, 0xEF, 0xD3, 0x10, 0xFE,
    0xA1, 0xB7, 0x0B, 0x9F, 0x5D, 0x3F, 0x78, 0x87, 0xBB, 0x17, 0xBE, 0x17, 0x89, 0xC7, 0xD3, 0x36,
    0xA1, 0x86, 0xD0, 0x43, 0x34, 0x82, 0x69, 0x2D, 0xDB, 0xF4, 0x50, 0x54, 0xF0, 0x5B, 0xEB, 0x95,
    0xE1, 0x3A, 0x31, 0x89, 0x1F, 0x22, 0x0D, 0xF5, 0xFA, 0xE2, 0xB3, 0xFD, 0x85, 0x2F, 0x3E, 0x2F,
    0x81, 0xD0, 0xBD, 0x75, 0xB4, 0x8A, 0x74, 0x5C, 0x83, 0x4A, 0x14, 0xF5, 0x6A, 0x36, 0x6E, 0x59,
    0xD3, 0xB7, 0x80, 0xC3, 0x82, 0x61, 0x3F, 0x3B, 0xF4, 0x9D, 0x69, 0xCE, 0xFE, 0x7A, 0x9C, 0xB3,
    0xBF, 0xEF, 0xE7, 0x2C, 0x2C, 0xEE, 0xED, 0x2D, 0x26, 0xFE, 0x9F, 0x64, 0x0B, 0x19, 0x0B, 0x9A,
    0xE3, 0x9F, 0xB2, 0xB2, 0xC0, 0x39, 0xA7, 0x33, 0xE3, 0x19, 0xCD, 0x7C, 0x3A, 0xBC, 0x18, 0x0E,
    0x56, 0x42, 0xC4, 0xDF, 0x04, 0xF9, 0x00, 0x36, 0xED, 0x09, 0x01, 0xDC, 0x07, 0xD1, 0x00, 0x54,
    0xEB, 0xF6, 0xED, 0x79, 0xB6, 0xA0, 0x3A, 0xCC, 0xD9, 0xBF, 0x4C, 0x73, 0x16, 0x86, 0x25, 0x6B,
    0xE6, 0x6C, 0x38, 0xA7, 0xF9, 0x3F, 0xCB, 0xB2, 0x25, 0xCB, 0x7B, 0x66, 0x90, 0xCC, 0x28, 0x99,
    0x61, 0xB2, 0xE0, 0xB4, 0x00, 0xB5, 0x20, 0x5D, 0x87, 0x81, 0xD9, 0x60, 0x6D, 0xD0, 0x70, 0xB0,
    0x5E, 0xD8, 0x1A, 0x23, 0x89, 0xAA, 0xC7, 0x13, 0xEA, 0x4B, 0xF5, 0x3A, 0x10, 0x46, 0xDE, 0x5F,
    0x88, 0x9B, 0x27, 0xA0, 0x04, 0x6E, 0x5C, 0x0F, 0xA8, 0x76, 0x67, 0x20, 0x0C, 0xD6, 0x0E, 0x0A,
    0xEF, 0x02, 0x13, 0x78, 0x71, 0x00, 0x9B, 0x7A, 0xC9, 0x80, 0x67, 0x1E, 0x37, 0xB6, 0xF1, 0x43,
    0x90, 0x84, 0x86, 0x53, 0xBB, 0x4A, 0xD2, 0x2D, 0x59, 0xBB, 0xBE, 0x72, 0xC6, 0x01, 0x18, 0x81,
    0x77, 0xAE, 0x07, 0xE9, 0xA8, 0x72, 0x86, 0x62, 0x8C, 0x5B, 0x6C, 0xC3, 0x9F, 0x36, 0x18, 0x8B,
    0x50, 0xA3, 0x8F, 0x0F, 0x50, 0x79, 0x1C, 0x1B, 0xE3, 0x35, 0xE6, 0xB7, 0xEB, 0xF2, 0x8A, 0x38,
    0x1C, 0xDE, 0x40, 0xF2, 0xBD, 0xDD, 0x1E, 0x49, 0xB3, 0x19, 0x11, 0x71, 0x0D, 0x30, 0x3E, 0x96,
    0x70, 0x60, 0x8D, 0x24, 0x29, 0xEB, 0x25, 0x6B, 0xD6, 0xB5, 0x75, 0x1F, 0xE0, 0x5A, 0xA1, 0xC2,
    0xD9, 0xDA, 0x4D, 0x20, 0x99, 0xD6, 0x35, 0x38, 0x5B, 0xBB, 0x56, 0xB2, 0x61, 0xFD, 0x1F, 0x38,
    0xAC, 0x97, 0x49, 0xDE, 0x5C, 0xEC, 0x54, 0x81, 0x07, 0xD8, 0xD4, 0xDB, 0xCA, 0xFC, 0x6D, 0x06,
    0x3B, 0x79, 0xCB, 0x5E, 0xD6, 0x8B, 0x27, 0xC9, 0x70, 0xFC, 0x8B, 0x27, 0x59, 0xCF, 0xC1, 0xA6,
    0x65, 0xB7, 0xC0, 0xA9, 0xB7, 0x33, 0xB7, 0x03, 0xF2, 0xEF, 0x4D, 0x48, 0xFF, 0x75, 0x44, 0x12,
    0x7A, 0x44, 0xA1, 0x85, 0xD0, 0xAC, 0x67, 0xFF, 0x65, 0xF4, 0xA5, 0x1A, 0x45, 0x8B, 0xBC, 0x5F,
    0x2F, 0x7A, 0x82, 0x12, 0x6E, 0x58, 0x13, 0x3B, 0xE2, 0x69, 0x4B, 0x32, 0x96, 0xB5, 0xB4, 0x2F,
    0x4E, 0xFF, 0xF2, 0xB5, 0xCD, 0xBA, 0xE5, 0x4B, 0xF8, 0xB2, 0x4E, 0x8E, 0x48, 0xE3, 0xC9, 0x8E,
    0xC9, 0x81, 0x07, 0x26, 0xB6, 0xF1, 0x48, 0xF9, 0xD9, 0x81, 0xE2, 0x0F, 0x7B, 0xF2, 0xBF, 0xE9,
    0xC8, 0xBE, 0xDB, 0x90, 0xFE, 0xB8, 0x21, 0x09, 0x15, 0x51, 0x58, 0x1D, 0xDD, 0x23, 0x5A, 0x3F,
    0x30, 0x4F, 0x7B, 0xE4, 0x1D, 0x8A, 0x86, 0xBF, 0x0A, 0x15, 0xBB, 0x3D, 0xB6, 0xDD, 0xF5, 0xF0,
    0x17, 0x3F, 0x67, 0x84, 0x56, 0xAD, 0x65, 0xCF, 0x5F, 0x9A, 0xC3, 0xCF, 0x93, 0xF6, 0x5B, 0xF2,
    0x6E, 0x5B, 0x29, 0x9A, 0xED, 0xD1, 0xE1, 0xE7, 0x57, 0x87, 0x7F, 0xCE, 0x58, 0x6D, 0x7C, 0x84,
    0xB1, 0xDA, 0xF5, 0xA0, 0x13, 0x3F, 0x44, 0xF2, 0x28, 0x9F, 0xA7, 0x5C, 0xE9, 0xE7, 0xC0, 0xCD,
    0x2A, 0xAA, 0x29, 0xC6, 0xA4, 0x3D, 0xC5, 0x0D, 0x63, 0x11, 0xAA, 0x53, 0xD4, 0x50, 0x71, 0xED,
    0xDA, 0xA5, 0x39, 0x1E, 0xD8, 0x75, 0xF9, 0x12, 0x0B, 0xCC, 0x91, 0xC0, 0x1C, 0x07, 0x44, 0x5C,
    0x69, 0x14, 0xFF, 0x0E, 0xC5, 0x98, 0x3F, 0x8C, 0xDC, 0xC6, 0x7E, 0xC7, 0x3F, 0x24, 0xB5, 0x62,
    0x9E, 0x58, 0x8C, 0x0A, 0x5D, 0xF0, 0x1C, 0x03, 0x66, 0x93, 0xE6, 0x09, 0xD1, 0xB1, 0x07, 0xA4,
    0x9D, 0xF1, 0x4B, 0xF1, 0x8A, 0x14, 0xEF, 0x0A, 0x09, 0x08, 0xA0, 0xC2, 0xCD, 0x2B, 0x82, 0x7B,
    0x85, 0x5D, 0xC4, 0x80, 0x12, 0xDC, 0x1D, 0x69, 0xB8, 0x48, 0xAB, 0xC6, 0xA9, 0x5D, 0xB8, 0x90,
    0x2F, 0x40, 0xE4, 0xC2, 0xC5, 0x05, 0xD8, 0xD3, 0x4E, 0xE0, 0x22, 0x2D, 0x11, 0x20, 0x75, 0x98,
    0x26, 0x45, 0xD2, 0x4C, 0x10, 0x26, 0x61, 0x24, 0x72, 0x27, 0xF3, 0xE3, 0x72, 0xF7, 0xF6, 0x2C,
    0x41, 0x96, 0xAC, 0x73, 0xDE, 0x17, 0xF3, 0xFB, 0xCE, 0xCC, 0xEF, 0xEF, 0xCC, 0x1C, 0x76, 0xC8,
    0x23, 0x07, 0xF0, 0x2D, 0xDC, 0xE1, 0xF0, 0xA9, 0xF1, 0xBE, 0x72, 0x1F, 0xE0, 0x1E, 0xE1, 0xBE,
    0xC4, 0xF1, 0xAE, 0xED, 0x4B, 0x88, 0x0C, 0x69, 0xC5, 0x07, 0x70, 0x72, 0x6A, 0x96, 0xDE, 0xDE,
    0x49, 0x6C, 0xF6, 0xC7, 0x36, 0xFE, 0xDC, 0x92, 0xBC, 0x7B, 0xAB, 0x0E, 0x4F, 0x1F, 0x2F, 0x7D,
    0x13, 0xDA, 0xDE, 0x03, 0xB3, 0x3B, 0x2E, 0xBD, 0xF7, 0xDD, 0x32, 0x50, 0x5F, 0x0A, 0x1D, 0x9E,
    0x9E, 0x9E, 0x22, 0x53, 0x33, 0xD2, 0xDE, 0x83, 0x07, 0x0F, 0x10, 0x9D, 0xE0, 0x89, 0xA8, 0x04,
    0xFD, 0x76, 0x20, 0x76, 0xC1, 0xFD, 0x37, 0xF1, 0xF9, 0x05, 0xEF, 0xCD, 0xD1, 0xFF, 0x9F, 0x8D,
    0x09, 0x5A, 0xF6, 0xA2, 0xB7, 0x1B, 0x82, 0x57, 0x1B, 0x88, 0x5C, 0xE2, 0xD2, 0x26, 0xAB, 0x95,
    0xCD, 0xAD, 0xAE, 0x74, 0x55, 0x9A, 0x3D, 0x32, 0xA7, 0x9C, 0x6A, 0x44, 0x53, 0x54, 0x9A, 0x39,
    0xC7, 0xDC, 0x22, 0xCC, 0x9B, 0xBC, 0x2E, 0x46, 0x8D, 0x0E, 0x9A, 0x05, 0xF7, 0x29, 0x4D, 0x69,
    0x74, 0x55, 0x04, 0x3F, 0x55, 0x67, 0x75, 0xD2, 0xC4, 0x8E, 0x83, 0xC8, 0xA5, 0x55, 0xE2, 0x54,
    0x95, 0x36, 0xB9, 0xC9, 0x6A, 0x6D, 0x94, 0xD5, 0xE4, 0x76, 0x89, 0xAE, 0x56, 0xE8, 0xCF, 0x06,
    0xCA, 0x5F, 0x0E, 0xEC, 0x85, 0xD8, 0xCC, 0x15, 0x95, 0x72, 0xDA, 0xAA, 0x46, 0x9B, 0xDC, 0x96,
    0xA3, 0x4F, 0x61, 0x06, 0x34, 0x3D, 0x73, 0x3A, 0x8E, 0x22, 0xC7, 0xAD, 0xE8, 0x80, 0x60, 0xAF,
    0x54, 0x53, 0x9A, 0xBC, 0x2E, 0x29, 0xA6, 0x3C, 0xE2, 0xA3, 0xA3, 0x8E, 0xE3, 0xA8, 0x65, 0x11,
    0x3B, 0xEE, 0x47, 0x86, 0x32, 0xEA, 0x29, 0x3F, 0x1C, 0xC4, 0x1E, 0xFC, 0x56, 0x48, 0x4E, 0xA9,
    0x9D, 0xD5, 0x85, 0x49, 0x9A, 0xBC, 0x8A, 0x9D, 0xB2, 0x61, 0x75, 0x86, 0x1B, 0x15, 0xC1, 0x08,
    0x6A, 0x57, 0x2A, 0xC8, 0x2A, 0x6E, 0x66, 0xE6, 0xD6, 0xD2, 0xFB, 0x5E, 0xE4, 0xF0, 0xE1, 0x5F,
    0x3F, 0x21, 0x33, 0xA2, 0xBF, 0x10, 0xB5, 0x11, 0xFB, 0x7A, 0xC9, 0x37, 0x52, 0xAF, 0x45, 0x6A,
    0xAA, 0xFA, 0xB2, 0x4F, 0x26, 0x52, 0xE1, 0x9F, 0xFE, 0x7B, 0xEF, 0x43, 0x3D, 0xE9, 0x65, 0xBE,
    0xEB, 0xF3, 0x72, 0x4C, 0xC5, 0x83, 0xEC, 0xB3, 0x3F, 0x15, 0x7F, 0x11, 0x19, 0xBF, 0x1C, 0x33,
    0xD5, 0x3D, 0x20, 0x5B, 0x91, 0xFB, 0x4A, 0x7B, 0xBB, 0xDB, 0x72, 0x6F, 0xE2, 0x01, 0xE0, 0xCF,
    0xA1, 0x0C, 0xAD, 0xA1, 0x5C, 0x51, 0xFA, 0x5A, 0xDA, 0x6A, 0x9C, 0x1A, 0x31, 0x01, 0xEF, 0xB1,
    0x34, 0xBE, 0xF2, 0xD5, 0xD2, 0xFC, 0x9C, 0x19, 0x1C, 0x68, 0x9B, 0xF4, 0x65, 0x9D, 0x0C, 0x5A,
    0x24, 0x8C, 0x45, 0x27, 0x12, 0x1C, 0x65, 0x4A, 0x59, 0x95, 0x75, 0xDA, 0xB3, 0xB4, 0x7A, 0xEA,
    0xD6, 0xCA, 0xC9, 0x65, 0x86, 0xB6, 0x65, 0xAD, 0x6B, 0x6D, 0x67, 0x1C, 0x9E, 0x56, 0xDE, 0x5B,
    0x07, 0x57, 0xD5, 0xBE, 0x81, 0xD3, 0x53, 0x13, 0x72, 0x92, 0x5C, 0x61, 0xAB, 0xE4, 0x4C, 0x5E,
    0xD5, 0xAE, 0x64, 0xD1, 0x21, 0xCF, 0x5F, 0x9E, 0x56, 0x9F, 0xC0, 0xB6, 0x7D, 0xFA, 0xC0, 0x5C,
    0x61, 0xF2, 0xDB, 0xA7, 0x35, 0x5C, 0xB4, 0xBD, 0x07, 0x57, 0xB6, 0xF2, 0x1D, 0x44, 0xBE, 0x82,
    0x05, 0x82, 0xD4, 0x3B, 0xE8, 0x10, 0xA8, 0x7F, 0xEC, 0x89, 0xD7, 0x7E, 0xB9, 0x59, 0x90, 0x36,
    0x08, 0x34, 0x73, 0x94, 0xDD, 0x0E, 0xF3, 0x0A, 0xC1, 0x1C, 0x8D, 0x66, 0x3B, 0x3C, 0xBE, 0x18,
    0xF6, 0xDB, 0x61, 0xDC, 0x6E, 0x87, 0x49, 0xB3, 0x07, 0x33, 0x23, 0x19, 0xB2, 0xBF, 0xF7, 0x0D,
    0x65, 0x47, 0xC1, 0xB1, 0xFA, 0x2B, 0xDF, 0x45, 0x7E, 0x85, 0xAA, 0x7A, 0xAD, 0xEA, 0x21, 0x69,
    0xB5, 0xC9, 0x5E, 0x74, 0x27, 0xAA, 0x9A, 0x27, 0x8D, 0xAA, 0x12, 0xDF, 0xF4, 0xB9, 0xD1, 0x69,
    0xAD, 0x2C, 0x87, 0x51, 0x5B, 0x50, 0x64, 0x36, 0xB3, 0x90, 0xB8, 0x82, 0xFC, 0x4F, 0x6C, 0x6A,
    0x21, 0xAB, 0x35, 0xF9, 0xAF, 0x6D, 0x5A, 0x83, 0xB2, 0xDB, 0x61, 0xC1, 0xD6, 0x61, 0xCE, 0x36,
    0xAC, 0x67, 0x93, 0x2C, 0xEA, 0x98, 0x4A, 0x90, 0x38, 0xB2, 0x7A, 0x88, 0x43, 0x61, 0x42, 0x64,
    0xE2, 0x3B, 0xFC, 0x4A, 0x72, 0x81, 0x6F, 0xD0, 0x1D, 0x23, 0x66, 0x10, 0x19, 0xE0, 0xA5, 0x13,
    0x3C, 0x66, 0x42, 0xE6, 0x1D, 0xF4, 0x4C, 0x50, 0xFF, 0xDA, 0x13, 0xB5, 0x4C, 0x28, 0xCC, 0xB9,
    0x94, 0x81, 0xED, 0x11, 0x66, 0xF5, 0xC5, 0x4C, 0xA3, 0x2A, 0xB8, 0x38, 0xBD, 0x82, 0x0D, 0x4E,
    0xC4, 0xF7, 0xD2, 0xAC, 0xDF, 0x9D, 0x4D, 0x05, 0x36, 0xE7, 0xEB, 0x66, 0x86, 0xE8, 0x00, 0xEE,
    0x4B, 0xCE, 0xB4, 0x5E, 0xB6, 0x14, 0x03, 0x99, 0x37, 0x05, 0x27, 0xEA, 0x3B, 0x3F, 0xB0, 0x0C,
    0x43, 0x5F, 0xE7, 0xB6, 0x2F, 0x7E, 0xE5, 0x96, 0xD1, 0x90, 0x5B, 0xFD, 0x2B, 0xA7, 0x7C, 0x37,
    0x57, 0xB6, 0xF8, 0x65, 0x9B, 0xD5, 0xE7, 0x51, 0x97, 0xF8, 0x66, 0xA1, 0x6C, 0xFE, 0xB9, 0x4B,
    0x9A, 0x9E, 0x9E, 0x43, 0xD3, 0xE5, 0x95, 0xFA, 0xAE, 0x49, 0x9C, 0xCC, 0x48, 0x5C, 0x98, 0xFD,
    0xC3, 0x66, 0x96, 0xD6, 0xB9, 0x19, 0x67, 0x1D, 0x0B, 0x50, 0x76, 0x77, 0x96, 0x9B, 0xDD, 0x38,
    0x8D, 0xDA, 0x99, 0x9D, 0xB3, 0x53, 0x81, 0x8E, 0x8B, 0xEA, 0xC4, 0x8E, 0xD4, 0x2D, 0x59, 0xAF,
    0x8C, 0xA4, 0x21, 0x5E, 0xAF, 0x3A, 0xF7, 0x0D, 0xCA, 0xC2, 0x7A, 0x47, 0xA9, 0x37, 0x08, 0x66,
    0x4C, 0xBB, 0xA5, 0x30, 0x94, 0x30, 0x10, 0x75, 0x24, 0x8E, 0xB4, 0x16, 0xE7, 0x1C, 0xE6, 0x70,
    0x84, 0x58, 0x3B, 0xCA, 0xA4, 0x65, 0x48, 0x5D, 0xD4, 0x29, 0x2B, 0xBB, 0x48, 0xEB, 0x02, 0x65,
    0xEF, 0x91, 0x73, 0xC6, 0x1C, 0xC7, 0x51, 0x5C, 0x8F, 0x7E, 0x59, 0x4D, 0x19, 0xB7, 0xCA, 0x32,
    0x24, 0xAE, 0x30, 0x51, 0x97, 0x59, 0x8D, 0x3C, 0x11, 0x17, 0x48, 0x44, 0x27, 0x31, 0xB1, 0x93,
    0xA8, 0xA4, 0x96, 0xB8, 0xAC, 0x92, 0x48, 0x05, 0xE7, 0xA0, 0xA1, 0xA8, 0xA4, 0x70, 0xDA, 0x10,
    0x7C, 0xE8, 0xC6, 0xE2, 0x73, 0x50, 0x9C, 0x07, 0x95, 0x4E, 0x1C, 0xC5, 0x67, 0x92, 0xA1, 0x0F,
    0x1E, 0xF3, 0xE0, 0x52, 0x40, 0xA7, 0x42, 0x82, 0xD4, 0x32, 0x8F, 0x1B, 0x14, 0x2E, 0xF8, 0x9D,
    0x20, 0x9E, 0x1A, 0xF1, 0xCD, 0x2B, 0xF1, 0xCE, 0xAC, 0xF8, 0x27, 0x8D, 0x44, 0xC4, 0x6E, 0x8C,
    0xE9, 0x90, 0xA8, 0x23, 0x24, 0x6E, 0x1F, 0x89, 0x54, 0x08, 0xB6, 0xCF, 0x93, 0xA2, 0x81, 0x7B,
    0x0E, 0xCE, 0xCE, 0xC0, 0xDD, 0x25, 0x6E, 0xEE, 0x90, 0x58, 0x15, 0xCC, 0x99, 0x51, 0x61, 0xB4,
    0x4F, 0x52, 0xDF, 0x23, 0x72, 0xCC, 0x40, 0x55, 0x68, 0xC3, 0x8A, 0xB8, 0x27, 0x73, 0xE4, 0x56,
    0x66, 0xA5, 0xA1, 0xB0, 0x32, 0x4D, 0x3A, 0x58, 0x81, 0x36, 0x62, 0xF8, 0x19, 0xD7, 0x60, 0x0E,
    0xBA, 0x42, 0xD5, 0x24, 0x2D, 0x51, 0x0F, 0x4B, 0xD0, 0x56, 0xBC, 0x4B, 0xA2, 0x41, 0x94, 0xAA,
    0x59, 0xCF, 0xF8, 0x3D, 0xB6, 0x88, 0x40, 0x13, 0xA2, 0x95, 0xA1, 0xAC, 0xB8, 0x87, 0xAA, 0xA5,
    0x5F, 0x89, 0xBB, 0x1E, 0x6B, 0x0C, 0x62, 0x6C, 0xA4, 0xD0, 0x98, 0x5E, 0x1C, 0xA4, 0xAE, 0x38,
    0x88, 0x59, 0x52, 0x8B, 0x19, 0x4A, 0x23, 0x66, 0xC8, 0x6B, 0x31, 0xCF, 0x48, 0xFF, 0xA7, 0x0B,
    0xA1, 0xBA, 0x8A, 0xE4, 0x3A, 0x41, 0x5B, 0xC9, 0xBB, 0x34, 0xA1, 0xF7, 0x75, 0xF0, 0xCD, 0x4D,
    0xF2, 0xA2, 0x65, 0x1F, 0x50, 0xFF, 0x32, 0x20, 0x90, 0x77, 0x24, 0x80, 0x95, 0x6C, 0x08, 0x49,
    0x9E, 0x3A, 0x90, 0xE4, 0x51, 0x3F, 0x9A, 0xA1, 0x1C, 0xCD, 0x88, 0x43, 0x30, 0xEF, 0x8B, 0x43,
    0x30, 0x97, 0x26, 0x38, 0xE4, 0x95, 0xE4, 0x3F, 0xE1, 0xFA, 0xB8, 0xD2, 0x9F, 0x03, 0xBC, 0x27,
    0x54, 0xD8, 0xBC, 0xD1, 0xA3, 0xA8, 0x8D, 0xD4, 0x85, 0x48, 0x75, 0x49, 0x6C, 0x2E, 0x62, 0x44,
    0xB2, 0xAD, 0xA8, 0x8D, 0x20, 0x92, 0xDA, 0xD9, 0xCE, 0x35, 0x33, 0xE3, 0xBA, 0x91, 0xBC, 0x65,
    0x5D, 0x38, 0x2D, 0x12, 0xC6, 0x33, 0xE2, 0xD1, 0x2E, 0x57, 0x66, 0xE1, 0x7D, 0xAD, 0xFD, 0x47,
    0xED, 0x35, 0x1D, 0xF7, 0x68, 0x86, 0x20, 0xC7, 0x93, 0x9C, 0x07, 0x59, 0x04, 0x09, 0x7A, 0x39,
    0x65, 0xD5, 0xA0, 0xE5, 0xAF, 0x3A, 0x40, 0xE1, 0x82, 0xD8, 0x20, 0x55, 0x10, 0xB3, 0x96, 0x19,
    0x97, 0x21, 0x3A, 0x6D, 0xA1, 0x0C, 0xA2, 0xAB, 0xD1, 0xAE, 0x7D, 0xC0, 0x48, 0xB7, 0xC3, 0x7B,
    0xF3, 0xD7, 0xE3, 0xE6, 0x1F, 0xDF, 0x05, 0xA2, 0x46, 0x01, 0xC9, 0x78, 0xBD, 0x2A, 0x13, 0xB7,
    0x70, 0x02, 0x4B, 0x93, 0x76, 0x90, 0x7B, 0x5F, 0x43, 0xB4, 0xFC, 0x5F, 0x80, 0xC3, 0xAF, 0x80,
    0xCC, 0xFB, 0x0A, 0xCA, 0x2F, 0x1E, 0x3A, 0xA2, 0x0E, 0xCE, 0x49, 0x6B, 0xC8, 0x51, 0x40, 0x6A,
    0xEF, 0x00, 0x71, 0xF3, 0x47, 0x00, 0x0D, 0x3B, 0x48, 0x2C, 0xAC, 0xB3, 0x8B, 0x2F, 0xDC, 0x03,
    0x8E, 0x80, 0x33, 0xC0, 0x49, 0x08, 0x24, 0x35, 0xA4, 0x3B, 0x2E, 0x5A, 0xC4, 0xC0, 0xD2, 0xC2,
    0x7F, 0xD6, 0xC4, 0xFF, 0xE1, 0x82, 0x8B, 0x0B, 0x2E, 0x67, 0x28, 0x73, 0x97, 0x9C, 0x3B, 0xCC,
    0x03, 0xDF, 0x1D, 0x03, 0x20, 0xFA, 0xEA, 0xA2, 0x58, 0xC7, 0x06, 0xF1, 0xCE, 0xB0, 0x65, 0x83,
    0x68, 0x67, 0xE8, 0x98, 0x70, 0xF2, 0xA1, 0x7B, 0xBF, 0x66, 0xC4, 0xF2, 0xF9, 0x7F, 0xFB, 0xCD,
    0xD0, 0x7B, 0x3F, 0xED, 0x64, 0xF6, 0xDB, 0xD5, 0x17, 0x4C, 0xC8, 0x06, 0x36, 0xC8, 0x97, 0x6C,
    0xA0, 0x73, 0xCB, 0x84, 0x95, 0x6A, 0x36, 0x75, 0x87, 0x74, 0x53, 0x2E, 0xE9, 0x93, 0x9E, 0x09,
    0xDF, 0x46, 0x6B, 0x87, 0xE8, 0xC9, 0xE8, 0xF4, 0xA5, 0x0C, 0x47, 0x63, 0xE2, 0x2E, 0x0F, 0xD9,
    0x19, 0x76, 0x9B, 0xE1, 0xCD, 0x8B, 0xE1, 0xDC, 0xB4, 0xEF, 0x37, 0xAC, 0xE2, 0x26, 0xB7, 0x7A,
    0xF5, 0xDC, 0x3B, 0xFC, 0x8B, 0x17, 0xDE, 0x96, 0xDE, 0xCB, 0x30, 0xC0, 0x46, 0x0F, 0x57, 0xF7,
    0x61, 0xF6, 0xB1, 0x70, 0xEA, 0x01, 0x54, 0x2F, 0xF4, 0xCF, 0x15, 0xA0, 0x4B, 0xA0, 0xF8, 0x75,
    0x0D, 0x3C, 0x2B, 0x2A, 0x28, 0x53, 0x27, 0xD5, 0xC7, 0x5F, 0xAF, 0x2C, 0x36, 0xE9, 0x33, 0x47,
    0xDC, 0x47, 0x03, 0xA4, 0x6D, 0xD2, 0xC1, 0x23, 0x1A, 0xE0, 0x9B, 0xA4, 0x66, 0x07, 0xBB, 0xFF,
    0xDE, 0x01, 0xCC, 0x85, 0x16, 0x42, 0xDD, 0x66, 0xED, 0xA9, 0x04, 0x28, 0x0B, 0x14, 0x00, 0x27,
    0x42, 0xFD, 0xE6, 0x6F, 0x91, 0x34, 0x40, 0x26, 0xC6, 0x7C, 0x5C, 0x14, 0xC0, 0xF9, 0x26, 0x3C,
    0x7E, 0x45, 0xF8, 0xFC, 0x72, 0xB8, 0xDB, 0x84, 0xAB, 0x6D, 0xF8, 0xC5, 0x4B, 0x37, 0xFC, 0x70,
    0x3B, 0xAD, 0x7E, 0x8C, 0xB3, 0xAF, 0xD7, 0x0D, 0xF5, 0xC3, 0xED, 0x47, 0x3A, 0x4F, 0x88, 0xFD,
    0x8A, 0xEB, 0x7E, 0x40, 0x7B, 0x79, 0x03, 0x0E, 0xA5, 0x57, 0xDE, 0x95, 0x41, 0xF6, 0x49, 0xBB,
    0x7B, 0x64, 0x2D, 0x44, 0x3D, 0xC4, 0x41, 0xD8, 0xC8, 0x30, 0xF5, 0x93, 0x44, 0x93, 0x24, 0x5D,
    0x90, 0x16, 0x94, 0x5B, 0x8B, 0xB6, 0x6B, 0xF1, 0x10, 0x05, 0x49, 0x7A, 0x48, 0xBB, 0xC9, 0xDC,
    0x40, 0xBE, 0x73, 0xCD, 0xE8, 0xE9, 0xF4, 0xF5, 0x24, 0x73, 0x60, 0x6F, 0x94, 0x97, 0xF1, 0xB3,
    0xE9, 0x62, 0x2D, 0xAB, 0x20, 0xD3, 0xAF, 0xD8, 0x57, 0xDB, 0x7E, 0xD2, 0x4F, 0x7E, 0xBB, 0xBB,
    0x4C, 0x5B, 0xD9, 0x63, 0xD6, 0xCA, 0x0E, 0xD3, 0x56, 0xF6, 0x97, 0x8E, 0xBB, 0x4B, 0x1D, 0xB0,
    0xE6, 0x61, 0x3D, 0x4E, 0x9C, 0xE8, 0x85, 0x93, 0x4E, 0x58, 0x39, 0x61, 0x6D, 0x85, 0x3D, 0x81,
    0x93, 0x5E, 0x58, 0x85, 0x41, 0x43, 0x6E, 0x85, 0x0B, 0x33, 0x32, 0xC2, 0x1A, 0xE2, 0x46, 0xD6,
    0x1E, 0x99, 0xEF, 0xAF, 0x3C, 0x7A, 0x2C, 0xEB, 0xCB, 0x5A, 0x59, 0xAD, 0xEA, 0x26, 0x1E, 0x35,
    0x93, 0x75, 0x44, 0x61, 0xAF, 0xFB, 0x0E, 0x6D, 0x97, 0xDE, 0x1B, 0x6D, 0xBD, 0x5C, 0xE4, 0xF6,
    0x2F, 0x50, 0x4E, 0x5B, 0x39, 0xE1, 0x22, 0x70, 0xDC, 0x15, 0xD5, 0x2E, 0x8B, 0x5E, 0x38, 0x73,
    0x79, 0xE0, 0xA2, 0xCE, 0xE5, 0x60, 0x4C, 0xE0, 0x78, 0x20, 0x70, 0xD6, 0x0A, 0xE7, 0x16, 0x65,
    0xD0, 0x08, 0x9F, 0x04, 0x86, 0xE3, 0x91, 0x8F, 0x60, 0x06, 0xB7, 0xD8, 0xC5, 0xA4, 0xD1, 0x16,
    0x0F, 0x65, 0x1D, 0x79, 0x83, 0x0E, 0x3C, 0x69, 0x76, 0xFD, 0xE5, 0x1E, 0x6B, 0x47, 0x0A, 0x9F,
    0x1D, 0x1E, 0x3A, 0x40, 0xD5, 0x20, 0xC5, 0x40, 0x03, 0x3C, 0xDB, 0xDC, 0x3A, 0x49, 0x0B, 0x64,
    0xA3, 0xC7, 0x68, 0xAC, 0x80, 0x12, 0x60, 0x98, 0xEE, 0xD3, 0xED, 0xF3, 0x16, 0x8A, 0xD1, 0xC3,
    0x00, 0x2B, 0xE0, 0xF6, 0xE9, 0xD7, 0x86, 0xD2, 0xFB, 0x81, 0x93, 0xA7, 0xDE, 0x57, 0x8F, 0x52,
    0xEF, 0x1B, 0x21, 0x27, 0xD4, 0x0A, 0x75, 0x42, 0xFD, 0x6B, 0xA9, 0x9B, 0x9C, 0xA7, 0xB0, 0x5A,
    0xC8, 0x04, 0xEA, 0x78, 0x94, 0x56, 0x5C, 0x0D, 0x4D, 0x28, 0x43, 0xB5, 0xD4, 0x07, 0x52, 0xDE,
    0xFF, 0x53, 0xA7, 0xBD, 0xAF, 0xCE, 0x4A, 0xA1, 0xA5, 0x90, 0x7F, 0x2D, 0x2D, 0xB7, 0xCE, 0x5A,
    0xA8, 0x10, 0x52, 0x92, 0x2A, 0x16, 0xE2, 0xF7, 0x4F, 0x4F, 0xBF, 0xDA, 0x1C, 0x7B, 0x2B, 0xE4,
    0xCD, 0xDF, 0x7D, 0xE4, 0xBD, 0x3D, 0xCB, 0xBC, 0x77, 0x5B, 0xEA, 0xB6, 0xD4, 0xBF, 0x9A, 0x26,
    0x6B, 0xBB, 0x8D, 0x68, 0x24, 0x95, 0x0D, 0xB4, 0x92, 0x4F, 0x64, 0x07, 0xD3, 0xD3, 0x23, 0xEA,
    0x2F, 0x11, 0xDD, 0x44, 0x73, 0xD3, 0xA6, 0x8D, 0x1E, 0x9E, 0x7B, 0x37, 0x3E, 0x0D, 0xE4, 0xF9,
    0x65, 0x48, 0xFD, 0x74, 0xF7, 0xCB, 0xAD, 0x3F, 0xDD, 0xF7, 0x72, 0xD3, 0x27, 0x7D, 0x3C, 0xC0,
    0x23, 0x1C, 0x23, 0x6E, 0x8C, 0xDF, 0x0B, 0x4A, 0xAB, 0xED, 0x8C, 0x57, 0x61, 0xCF, 0x68, 0x2B,
    0xEF, 0x47, 0xAA, 0xC9, 0x9A, 0xC4, 0xC5, 0x2E, 0x6A, 0xE9, 0xDE, 0xE1, 0x05, 0xE1, 0x77, 0x8C,
    0xB7, 0x7E, 0x15, 0xFA, 0xC9, 0xCE, 0x1D, 0xF8, 0xA9, 0xD3, 0x6B, 0xD2, 0x7A, 0x59, 0x65, 0x76,
    0x59, 0x29, 0x2B, 0x2F, 0xD8, 0xB7, 0xD0, 0xD3, 0x03, 0x79, 0x31, 0x3D, 0x2A, 0x5A, 0x48, 0x5C,
    0x90, 0x06, 0xB2, 0x7A, 0xFA, 0xA4, 0x65, 0x2E, 0xEE, 0xFC, 0xF3, 0xD7, 0xB8, 0x85, 0x9C, 0x9A,
    0xA2, 0x99, 0x07, 0x39, 0x27, 0xAF, 0x21, 0x82, 0x62, 0xF5, 0x18, 0x48, 0x8D, 0xFC, 0x36, 0x0C,
    0x28, 0x93, 0x3D, 0x7F, 0xEA, 0x57, 0x06, 0x1D, 0xDC, 0x79, 0xDF, 0xAF, 0xFE, 0xA6, 0x67, 0x1F,
    0xF8, 0xD8, 0xFB, 0x96, 0xBB, 0x00, 0xBF, 0x5D, 0x99, 0xDD, 0x47, 0x82, 0x64, 0xF0, 0x0D, 0xEB,
    0xFF, 0x70, 0xA4, 0x9A, 0x9E, 0xBE, 0x08, 0x7E, 0x00, 0x24, 0x76, 0x0C, 0x71, 0xD7, 0x84, 0xCD,
    0x7A, 0x0F, 0x42, 0x31, 0x8B, 0x98, 0xCC, 0x2E, 0x94, 0x4D, 0xDC, 0x42, 0x1B, 0xFA, 0xC5, 0x00,
    0xDA, 0xB7, 0xA0, 0x7C, 0xCD, 0xE9, 0x53, 0xFF, 0x6F, 0x4F, 0xB6, 0x1F, 0x8D, 0x7B, 0xD1, 0x4D,
    0xD6, 0x21, 0xF8, 0x25, 0xED, 0x42, 0x93, 0xD5, 0x12, 0x6B, 0x16, 0xC9, 0x45, 0xD2, 0x2D, 0xC6,
    0x62, 0xA5, 0x90, 0x37, 0x1B, 0x2A, 0x79, 0x03, 0xCC, 0xD8, 0xDE, 0x9A, 0xB5, 0xD0, 0xF4, 0xCA,
    0xF3, 0xA6, 0x98, 0x5F, 0x2E, 0xB9, 0x9C, 0xFE, 0x7D, 0x29, 0x3E, 0xEC, 0x94, 0x3D, 0xA7, 0x94,
    0xA7, 0x4B, 0xCF, 0x90, 0x36, 0x3A, 0x6E, 0x23, 0x51, 0x25, 0x4D, 0xE2, 0x72, 0xD3, 0x65, 0x36,
    0xAD, 0x75, 0xEC, 0x54, 0xA5, 0xEC, 0x51, 0xD2, 0x14, 0xE4, 0x04, 0xD5, 0x3D, 0xE6, 0x91, 0x53,
    0xE6, 0x8C, 0xA3, 0xA4, 0xDE, 0xC7, 0x6D, 0xB7, 0x35, 0xA5, 0x95, 0x12, 0xBB, 0x5D, 0xC9, 0x8F,
    0xC0, 0x0C, 0xC1, 0x1F, 0x6A, 0x0B, 0xB0, 0x1A, 0xBB, 0xC8, 0xAF, 0xBB, 0x55, 0x6E, 0xA6, 0x43,
    0x7D, 0x7B, 0x9C, 0x4C, 0x0B, 0xBC, 0xB4, 0xCE, 0xE5, 0xC5, 0x4F, 0x39, 0x42, 0x70, 0x93, 0x62,
    0x5D, 0x17, 0x5D, 0xAF, 0xDD, 0xB5, 0x1D, 0xFB, 0xE9, 0xC4, 0x9F, 0xF1, 0x0E, 0xD8, 0x9F, 0xFA,
    0xA5, 0xD9, 0x2E, 0x62, 0x77, 0x15, 0xFC, 0x82, 0x77, 0x40, 0x6E, 0x84, 0xCF, 0x58, 0x9F, 0xD4,
    0xB4, 0xFE, 0x78, 0xB5, 0x9D, 0xDF, 0x40, 0xF0, 0x1B, 0xF1, 0xAC, 0xB4, 0xD5, 0x75, 0x61, 0x67,
    0xBC, 0x09, 0x0A, 0xFB, 0x3D, 0xEF, 0xE9, 0x24, 0xB4, 0xFD, 0x3E, 0x5F, 0xE7, 0x6D, 0x20, 0x59,
    0x94, 0x95, 0xC8, 0xA2, 0x96, 0xB5, 0xEA, 0xA6, 0x18, 0xC7, 0x92, 0xE5, 0xBA, 0xE1, 0x2D, 0x50,
    0x5C, 0x5E, 0xC9, 0x56, 0x33, 0xAD, 0xF8, 0xCF, 0x18, 0x71, 0xBE, 0xD3, 0xDD, 0x0C, 0xDD, 0x35,
    0xA2, 0x21, 0x74, 0x25, 0xF1, 0x2A, 0x74, 0xDE, 0x4C, 0x1D, 0xA3, 0x72, 0x72, 0x99, 0x02, 0x5E,
    0xDD, 0x95, 0x5E, 0x30, 0x2C, 0x2F, 0x75, 0x93, 0xED, 0xB5, 0x5D, 0x1F, 0xBA, 0x67, 0x53, 0xD9,
    0xA9, 0x93, 0xB5, 0x48, 0xC7, 0x6F, 0x42, 0x77, 0xEB, 0xE5, 0xB8, 0x63, 0x04, 0x45, 0x35, 0x7E,
    0x8F, 0xB7, 0xB9, 0x61, 0x07, 0xF2, 0xE7, 0x11, 0xED, 0x1F, 0xEC, 0x68, 0x77, 0xBE, 0xDC, 0xBF,
    0x14, 0x77, 0x63, 0xD7, 0xF6, 0x5A, 0xAB, 0x7C, 0x91, 0x7E, 0x5E, 0xE1, 0xD8, 0xB6, 0xBD, 0xFF,
    0x32, 0x57, 0xFA, 0x2D, 0xBD, 0xFE, 0x84, 0x8B, 0xF6, 0xE9, 0xD5, 0x7D, 0xEE, 0xD6, 0xDE, 0x16,
    0xBE, 0x52, 0x9E, 0x6C, 0x45, 0xD2, 0x13, 0x77, 0xE0, 0xAE, 0xAE, 0x21, 0x1C, 0xB5, 0x92, 0x39,
    0x1D, 0x50, 0x9E, 0x50, 0x2B, 0x54, 0xBC, 0x9A, 0xE4, 0x07, 0xB2, 0xDA, 0xEC, 0x6F, 0xB9, 0x93,
    0x56, 0x77, 0x13, 0xAB, 0x3E, 0x92, 0x2A, 0x57, 0xB5, 0xF2, 0xB2, 0xE1, 0xB6, 0xE3, 0x27, 0xFA,
    0x83, 0xFE, 0x1F, 0xED, 0x94, 0x2D, 0x70, 0x1B, 0x47, 0x14, 0xC7, 0x7F, 0x7B, 0xE7, 0x44, 0x4D,
    0x04, 0x36, 0xA0, 0x26, 0x0D, 0x38, 0x62, 0x90, 0x09, 0xF0, 0xF2, 0x8E, 0xEE, 0x6E, 0xC3, 0x89,
    0x40, 0x5D, 0x1C, 0x50, 0xA4, 0x80, 0x52, 0x03, 0xC9, 0xBE, 0x72, 0xE2, 0x82, 0x16, 0x0B, 0x14,
    0xC4, 0x22, 0x21, 0x01, 0xEA, 0x8C, 0x22, 0x5D, 0x38, 0xB9, 0x96, 0xCF, 0x54, 0xFD, 0x98, 0x90,
    0x92, 0xED, 0xE4, 0x3A, 0x5E, 0x8F, 0x57, 0x7E, 0xDD, 0x5C, 0xE5, 0x34, 0xC9, 0xB8, 0x9D, 0x82,
    0xC0, 0xDC, 0xFB, 0xFF, 0xF7, 0xBD, 0x77, 0xFB, 0xA4, 0xF7, 0x31, 0x7A, 0x62, 0x55, 0xD1, 0x93,
    0x16, 0xFD, 0x22, 0x60, 0xEC, 0x11, 0x65, 0x94, 0x02, 0x13, 0x99, 0xD9, 0xC9, 0x96, 0x79, 0x64,
    0xD1, 0xD1, 0x74, 0xF7, 0x59, 0xB5, 0x44, 0x5F, 0x04, 0x52, 0x71, 0x30, 0xB2, 0xEC, 0xE4, 0x39,
    0x0C, 0xDE, 0x78, 0x40, 0xB5, 0x90, 0x7A, 0xD0, 0x91, 0x26, 0x32, 0x8F, 0xFC, 0xD3, 0x93, 0xFC,
    0xE1, 0xE9, 0x3D, 0xF7, 0xE8, 0x07, 0x9E, 0x7D, 0xE5, 0x39, 0xFA, 0xFC, 0xDC, 0xAE, 0x44, 0xEA,
    0xC8, 0x8A, 0xE8, 0xBF, 0x26, 0x43, 0xEE, 0xCF, 0xA6, 0xA5, 0xB8, 0xE2, 0x60, 0x38, 0x80, 0x88,
    0x31, 0x1C, 0x9D, 0x72, 0x2C, 0xCD, 0xA7, 0x5F, 0xBA, 0x2E, 0x24, 0xC0, 0x02, 0x82, 0x55, 0xFE,
    0xF2, 0x91, 0x13, 0xA9, 0x3F, 0x39, 0x85, 0xBB, 0x01, 0x25, 0x81, 0xDE, 0xF9, 0x0E, 0xBA, 0x86,
    0x0C, 0x28, 0x80, 0xDC, 0xAC, 0x29, 0x24, 0x50, 0x36, 0xC7, 0x94, 0x5D, 0x43, 0xBA, 0x63, 0x11,
    0xED, 0xCC, 0x96, 0xB1, 0xF9, 0x0D, 0x89, 0xF8, 0xAE, 0x99, 0xD9, 0xEC, 0xB1, 0x48, 0x98, 0xCD,
    0x02, 0x78, 0x12, 0x47, 0xBA, 0xA6, 0x57, 0xA3, 0xAB, 0x18, 0x4A, 0x09, 0x13, 0x08, 0xD0, 0x6E,
    0x6F, 0xFA, 0x35, 0x37, 0x2C, 0xAC, 0x4E, 0xE8, 0x89, 0x47, 0x37, 0xCF, 0x30, 0x57, 0xD3, 0xAB,
    0x26, 0xE8, 0x5F, 0x3C, 0xA9, 0xAC, 0x23, 0x1D, 0xFA, 0xC7, 0x0D, 0xE6, 0x9F, 0xD9, 0xD2, 0xCD,
    0x31, 0xA6, 0xED, 0x6F, 0xD3, 0x02, 0x28, 0xA9, 0xA2, 0xDF, 0x62, 0xBE, 0x0A, 0x14, 0x51, 0x26,
    0x64, 0x8C, 0x23, 0xA3, 0xB6, 0x31, 0xDE, 0x9A, 0x17, 0x62, 0xFB, 0xF2, 0x13, 0x9C, 0x66, 0x80,
    0x01, 0x72, 0x20, 0x70, 0xEB, 0x91, 0x43, 0x4B, 0xCD, 0xED, 0xC7, 0xC0, 0x10, 0x9E, 0x6E, 0xB1,
    0xFB, 0xFD, 0x70, 0x25, 0xED, 0xE8, 0x72, 0xDA, 0xB9, 0x57, 0x2F, 0x0F, 0xBA, 0x97, 0xB3, 0xE9,
    0x6B, 0x03, 0x00, 0xA2, 0x1D, 0x01, 0x89, 0xEB, 0xD5, 0xBA, 0xCA, 0x28, 0xC8, 0x19, 0xB3, 0x60,
    0xBE, 0x95, 0x45, 0xF4, 0xF2, 0xAE, 0x74, 0x6D, 0x7B, 0x75, 0xE2, 0x00, 0xC6, 0x98, 0xE8, 0xF5,
    0xEB, 0xB4, 0x49, 0xD7, 0x89, 0x53, 0x51, 0x70, 0x74, 0x3A, 0x71, 0xE9, 0x3A, 0x6D, 0xE2, 0x37,
    0x59, 0xC3, 0x18, 0x00, 0x7E, 0x96, 0xE6, 0xE2, 0xF7, 0x76, 0xC3, 0xC2, 0x33, 0x68, 0x19, 0xB8,
    0xEB, 0x00, 0xBC, 0x8F, 0x1F, 0x24, 0xF7, 0x95, 0xF4, 0xA5, 0x7C, 0x92, 0x9B, 0x3B, 0x86, 0xEB,
    0x64, 0x57, 0xC9, 0x49, 0x26, 0xAD, 0xF9, 0x3A, 0x7C, 0xC4, 0x04, 0x0A, 0xE2, 0xC9, 0x02, 0xE5,
    0x49, 0x1D, 0xBA, 0xA6, 0x84, 0xD0, 0x99, 0x15, 0xA5, 0x6C, 0x22, 0x76, 0x0F, 0x3E, 0x4B, 0xE4,
    0x04, 0x23, 0x2D, 0xE5, 0x83, 0xC0, 0x0E, 0x13, 0xA0, 0x80, 0xA8, 0x51, 0x31, 0x54, 0xD6, 0x1D,
    0x51, 0x1B, 0xA0, 0x04, 0x4C, 0xA7, 0xEF, 0x70, 0xC4, 0xD1, 0xB7, 0x81, 0x63, 0x69, 0xB9, 0x39,
    0xB3, 0x6F, 0xEF, 0xC5, 0x87, 0xBD, 0xF8, 0xB0, 0x17, 0x6A, 0x66, 0xB5, 0xAC, 0x6F, 0xA9, 0x16,
    0xE6, 0x70, 0xA8, 0x46, 0x3E, 0x13, 0x3F, 0xE1, 0xD0, 0x33, 0x6F, 0xF1, 0x8B, 0xC4, 0x97, 0x72,
    0xD8, 0xFF, 0x6D, 0x8F, 0x11, 0x3D, 0x59, 0x67, 0xD6, 0x0F, 0x18, 0xC4, 0x74, 0xCB, 0xD9, 0xB3,
    0x95, 0x6C, 0xE6, 0x30, 0x86, 0x1C, 0x8C, 0xDD, 0xE9, 0x4B, 0xE0, 0xC9, 0x94, 0x91, 0xED, 0x06,
    0x95, 0xD9, 0x05, 0x39, 0x31, 0x03, 0x9A, 0x39, 0xDA, 0x5E, 0x31, 0xFA, 0x0C, 0xC8, 0x30, 0x4C,
    0xBA, 0x38, 0x96, 0x15, 0x1F, 0x73, 0x03, 0x43, 0x8E, 0xAE, 0xE6, 0xA4, 0x3F, 0x38, 0xD4, 0x59,
    0x0D, 0x2B, 0x0B, 0x65, 0xB7, 0x8B, 0xA8, 0x97, 0x0D, 0xE9, 0x73, 0x87, 0xB6, 0x0B, 0xF6, 0x29,
    0xB8, 0xC7, 0x6D, 0x6E, 0x9E, 0x52, 0x4A, 0xBD, 0x97, 0x38, 0x58, 0xC0, 0x00, 0xF2, 0x58, 0x8E,
    0xC4, 0x8A, 0x62, 0x75, 0x8C, 0x0B, 0xD5, 0x6A, 0x69, 0xD4, 0x92, 0x87, 0xE0, 0xDE, 0xC4, 0xC8,
    0x9E, 0x89, 0xBB, 0x54, 0x3E, 0x30, 0x6E, 0xFF, 0xE5, 0x3F, 0x60, 0xCA, 0xBD, 0x77, 0x3F, 0xC5,
    0xD0, 0xA5, 0x8D, 0xD3, 0xD6, 0xE5, 0xB8, 0x96, 0xB3, 0x06, 0x71, 0x04, 0xCF, 0x2B, 0x37, 0xB3,
    0xAE, 0x57, 0xC7, 0x99, 0x4E, 0xF9, 0xEE, 0xA1, 0x7B, 0xE7, 0x99, 0x0E, 0x47, 0xBC, 0x4A, 0xF8,
    0x6B, 0x4C, 0x99, 0x88, 0x6A, 0x03, 0x81, 0x79, 0xCB, 0x9C, 0xB1, 0xEB, 0x0E, 0x9E, 0xFE, 0xC7,
    0x31, 0xE5, 0x0B, 0xF6, 0x86, 0x23, 0xFB, 0xF2, 0x7F, 0xD4, 0xDB, 0x85, 0xAD, 0xAF, 0xC2, 0x72,
    0xC7, 0xFE, 0xDF, 0x88, 0x76, 0x60, 0x70, 0x89, 0xBF, 0x10, 0xE7, 0x96, 0xF6, 0xED, 0x9E, 0xB6,
    0x23, 0x9C, 0x2B, 0xDB, 0xC2, 0x02, 0xCA, 0x13, 0x7A, 0x97, 0x60, 0x6A, 0xD2, 0x86, 0x64, 0x3D,
    0x4C, 0x9B, 0x95, 0x54, 0x77, 0xCF, 0x01, 0x52, 0x4B, 0xCF, 0x92, 0x7D, 0xC3, 0x4A, 0xD0, 0xF6,
    0x1A, 0xF4, 0x23, 0x6A, 0x52, 0xB1, 0x2C, 0xF9, 0x0B, 0xB5, 0x97, 0x3D, 0x8C, 0xE5, 0x54, 0x7B,
    0xC7, 0xFF, 0xB6, 0xD9, 0xBD, 0x52, 0xAC, 0xE4, 0xA4, 0xC8, 0x90, 0x62, 0x0B, 0xA7, 0x0D, 0x11,
    0x71, 0x4B, 0x01, 0x7B, 0x0E, 0x20, 0x85, 0x32, 0x53, 0x70, 0xA1, 0xD8, 0x62, 0x53, 0x46, 0xAC,
    0xC2, 0xB4, 0x14, 0xB3, 0xD8, 0x90, 0x22, 0x45, 0x8A, 0x8C, 0x52, 0x44, 0x29, 0x53, 0x6C, 0x41,
    0x66, 0x8B, 0x69, 0x52, 0xA4, 0x18, 0xC6, 0x27, 0xD0, 0x2B, 0x4E, 0x10, 0xA2, 0xB5, 0x04, 0x68,
    0x25, 0x28, 0xB0, 0xC0, 0x0B, 0x9E, 0xC1, 0xF6, 0xF3, 0x9E, 0xFF, 0x73, 0x3C, 0x7B, 0x67, 0x07,
    0xA1, 0x17, 0x24, 0xDE, 0xA3, 0x9D, 0xDF, 0xCF, 0xF7, 0x3E, 0xE7, 0xCB, 0xE7, 0xF3, 0x2E, 0x34,
    0x1D, 0x2C, 0x0E, 0xA9, 0x88, 0x47, 0x3E, 0xDF, 0xA9, 0x51, 0x74, 0x00, 0x6C, 0x4D, 0x30, 0x58,
    0x11, 0x67, 0x11, 0xCF, 0x1D, 0x7F, 0x70, 0x06, 0x2B, 0x93, 0xA2, 0x81, 0x75, 0xA8, 0x08, 0xEB,
    0x02, 0x4A, 0x1F, 0x60, 0x86, 0x80, 0x8D, 0x88, 0x8C, 0x68, 0x88, 0x1B, 0xCD, 0xF1, 0x03, 0x30,
    0xCB, 0xCF, 0xE0, 0xF8, 0x83, 0x00, 0x99, 0x56, 0xDC, 0x70, 0xFB, 0x80, 0x79, 0xA5, 0x0F, 0xC8,
    0x3A, 0xA0, 0x78, 0xB3, 0x45, 0x22, 0x32, 0xA0, 0x10, 0x59, 0xD0, 0x2C, 0x77, 0xA7, 0x44, 0x4E,
    0xCD, 0xBF, 0x67, 0xD3, 0xA1, 0x71, 0x79, 0x7F, 0x6A, 0x60, 0xDA, 0xB1, 0x40, 0xE9, 0x87, 0x12,
    0xB6, 0xEE, 0x6F, 0xC3, 0xBE, 0xDC, 0xBF, 0x04, 0xFB, 0x4A, 0xF7, 0x22, 0x6C, 0xD6, 0x1D, 0x06,
    0xB4, 0xA7, 0xB0, 0xAF, 0xF9, 0x91, 0x18, 0x50, 0xFE, 0x73, 0xDD, 0xA3, 0xF8, 0xDF, 0xF7, 0x7A,
    0x98, 0x6F, 0x42, 0x13, 0xB9, 0x84, 0x26, 0x32, 0xC9, 0xD8, 0xC4, 0x67, 0xFE, 0xEF, 0x51, 0xB1,
    0xBB, 0x96, 0x38, 0xE4, 0x70, 0x84, 0x26, 0x80, 0xFF, 0x36, 0x00, 0x86, 0x02, 0x57, 0x53, 0x2A,
    0x21, 0x5A, 0x8A, 0xF4, 0x90, 0x8B, 0xA6, 0xCB, 0x16, 0xA4, 0x3E, 0x1F, 0x01, 0x98, 0x2E, 0xA0,
    0xF4, 0xEB, 0x9B, 0xC5, 0x51, 0x6B, 0x88, 0x33, 0xFC, 0xD9, 0x1F, 0x1D, 0x2D, 0x38, 0x6D, 0xBA,
    0x19, 0x67, 0x12, 0xD0, 0x7C, 0xE1, 0x02, 0x6A, 0x04, 0x30, 0x7A, 0x86, 0xE0, 0x0F, 0x81, 0x8A,
    0xB0, 0x8E, 0xF0, 0x01, 0x45, 0x1B, 0x60, 0xFA, 0x80, 0xCD, 0xFC, 0x21, 0x5C, 0x68, 0xF6, 0xC4,
    0xA3, 0xD2, 0x49, 0x12, 0xA9, 0x81, 0x3D, 0x07, 0x08, 0x07, 0x67, 0x87, 0x19, 0x21, 0x4D, 0xBF,
    0x10, 0xF3, 0x76, 0xBB, 0xCF, 0x62, 0x5D, 0xC4, 0x72, 0x7C, 0x7C, 0x74, 0x2D, 0xCB, 0xDE, 0xBC,
    0x75, 0xDA, 0x62, 0xC4, 0xCF, 0x57, 0xAF, 0x29, 0x69, 0x16, 0xC7, 0xAE, 0xF5, 0x28, 0x97, 0xA6,
    0x83, 0xAD, 0x93, 0xA3, 0xF8, 0xFE, 0x0B, 0x31, 0xFF, 0x14, 0xDB, 0x65, 0xFB, 0x3A, 0x17, 0xC9,
    0xA4, 0xB8, 0x1E, 0xDD, 0x05, 0x34, 0xDF, 0xAE, 0xB5, 0x94, 0xC8, 0x86, 0x00, 0xD3, 0xC6, 0x7C,
    0x32, 0xC9, 0x25, 0x34, 0xD7, 0xC6, 0x93, 0x80, 0xA9, 0xA3, 0x0B, 0x17, 0x6D, 0x95, 0x5B, 0xDC,
    0xDF, 0x02, 0x53, 0x21, 0x1D, 0x87, 0x6C, 0x6A, 0x64, 0xE4, 0xE2, 0x5A, 0xCE, 0xEF, 0xC8, 0xF2,
    0x86, 0x40, 0x5A, 0x48, 0x8F, 0xAA, 0x16, 0x87, 0xCA, 0xA3, 0xF4, 0xA2, 0x3B, 0xA1, 0x50, 0xBB,
    0xE0, 0x45, 0x6D, 0xE8, 0x0A, 0xC1, 0x33, 0x20, 0xD1, 0xC9, 0xEA, 0x6C, 0xF5, 0x66, 0xB5, 0x59,
    0x5D, 0x54, 0xD1, 0xA5, 0x8D, 0x7E, 0x69, 0xF5, 0xE9, 0xEA, 0x21, 0x3A, 0xED, 0xD5, 0xE0, 0xFA,
    0x67, 0xCA, 0xAF, 0xBF, 0x0C, 0xB1, 0x4B, 0xE9, 0x8C, 0xB4, 0x47, 0xBA, 0x20, 0x0B, 0x94, 0x48,
    0xA7, 0xF4, 0xE4, 0x8F, 0xCA, 0x1F, 0x3A, 0xF2, 0xBB, 0x9E, 0xFC, 0x76, 0x08, 0xBC, 0x77, 0xB1,
    0x3C, 0xBC, 0xA8, 0x1B, 0x09, 0xC9, 0x47, 0x86, 0x66, 0x19, 0x5D, 0x59, 0xFC, 0x63, 0x8F, 0xAB,
    0xD1, 0x3F, 0x3F, 0xBF, 0xF3, 0xC3, 0x63, 0x97, 0xF6, 0xD9, 0x77, 0x8C, 0xA6, 0xDF, 0x93, 0x58,
    0x94, 0xA2, 0xAC, 0x94, 0x56, 0x59, 0x2A, 0x0B, 0xA5, 0xE9, 0x61, 0x97, 0x23, 0x1D, 0x7C, 0x91,
    0x55, 0x2D, 0xC5, 0x12, 0xD4, 0x66, 0x54, 0xA5, 0x93, 0x2A, 0x89, 0xC2, 0x9C, 0x38, 0x55, 0xE6,
    0xA9, 0x69, 0xE3, 0x35, 0x96, 0x53, 0xD9, 0x58, 0x7E, 0xE9, 0x2C, 0xCC, 0xF7, 0x22, 0xAD, 0x7D,
    0xA3, 0xF9, 0x9C, 0x12, 0xA9, 0x4D, 0x88, 0xC9, 0x39, 0xA8, 0xFF, 0x74, 0x2A, 0xE0, 0xD7, 0xA8,
    0x55, 0xE5, 0x8F, 0xF7, 0xA9, 0x4C, 0x7A, 0x2A, 0x91, 0x38, 0x07, 0x7B, 0x68, 0x2E, 0x1C, 0x1F,
    0x44, 0xC6, 0x28, 0xA1, 0xE6, 0xA4, 0xA9, 0x29, 0x94, 0x5E, 0x65, 0xDA, 0xA8, 0x0E, 0xDB, 0xA0,
    0xBC, 0x33, 0xD2, 0x51, 0x56, 0x06, 0x7E, 0x29, 0x7F, 0xD3, 0x33, 0xCB, 0xA4, 0x05, 0xFE, 0x47,
    0xD5, 0xBC, 0x1C, 0xA4, 0x8B, 0x2F, 0x56, 0x2D, 0x75, 0x50, 0x0F, 0x3B, 0x60, 0xCE, 0x06, 0x18,
    0xC1, 0x9C, 0x4E, 0x9C, 0xC8, 0x19, 0x13, 0x50, 0xF6, 0x33, 0xF3, 0xE5, 0xA1, 0xB2, 0x0A, 0x48,
    0xC7, 0x99, 0xEB, 0x32, 0x19, 0xB5, 0x75, 0x7E, 0x32, 0xFF, 0xE7, 0xB2, 0x10, 0xCB, 0xBF, 0x3D,
    0xBF, 0x1B, 0x72, 0x66, 0x1C, 0x9E, 0xA0, 0xB1, 0x11, 0xED, 0x79, 0xB2, 0x8F, 0xDB, 0xDC, 0x34,
    0x85, 0xD3, 0x21, 0x2F, 0x61, 0x91, 0x4F, 0x01, 0xAB, 0x4A, 0x67, 0xA6, 0x90, 0xA1, 0xA8, 0xCD,
    0x7D, 0xBC, 0x0B, 0x53, 0x17, 0xB7, 0x71, 0x1F, 0xC6, 0x07, 0x9D, 0x06, 0x95, 0x25, 0x26, 0xE4,
    0xFE, 0x76, 0x41, 0xB5, 0xB7, 0x0B, 0x37, 0x61, 0xD3, 0xBE, 0x64, 0x1C, 0x8F, 0x78, 0xA6, 0x3A,
    0xCA, 0x87, 0x55, 0x75, 0xF2, 0xF5, 0x85, 0x4B, 0xFB, 0x71, 0xF3, 0x71, 0x8F, 0xA0, 0xEC, 0x93,
    0x0E, 0xC9, 0x30, 0x50, 0x78, 0xDC, 0x67, 0x9F, 0xB7, 0xC0, 0x79, 0x9F, 0x3E, 0x0A, 0xBA, 0xE8,
    0xD3, 0x1F, 0x3C, 0x70, 0xD6, 0x25, 0x3F, 0x06, 0x55, 0x1D, 0x84, 0x6A, 0x39, 0x04, 0xB0, 0x1E,
    0xE2, 0x54, 0x4D, 0x50, 0xE9, 0xF9, 0xBE, 0x8D, 0x9C, 0x03, 0xB7, 0xF5, 0xA0, 0xB2, 0x81, 0x13,
    0xEC, 0x84, 0x74, 0x21, 0x51, 0x29, 0xAD, 0x23, 0x8B, 0xDA, 0x4E, 0x59, 0x6F, 0xFC, 0x6F, 0x49,
    0xE0, 0x5D, 0xE5, 0x19, 0x99, 0x4C, 0xE4, 0x66, 0x9C, 0xB2, 0x8B, 0xE3, 0xA6, 0x9F, 0x32, 0xBE,
    0x36, 0x79, 0xAE, 0x7B, 0xF1, 0x88, 0xDC, 0xF4, 0x3B, 0xE6, 0x81, 0x1B, 0x8E, 0xD0, 0xCA, 0x64,
    0x7B, 0xE7, 0x71, 0x8C, 0x72, 0x4A, 0xC8, 0x4A, 0x5E, 0xEB, 0x91, 0x89, 0x3C, 0xEA, 0x61, 0x96,
    0x3B, 0x3F, 0xF6, 0x28, 0x3B, 0x6E, 0x0D, 0xEB, 0xB9, 0x8D, 0x2A, 0xC7, 0x0D, 0xD4, 0x80, 0xE4,
    0xDC, 0x2B, 0x37, 0x3F, 0xC3, 0x9C, 0x39, 0xC9, 0x4A, 0xF3, 0xF3, 0xD4, 0x8A, 0xB5, 0xC5, 0x9A,
    0xB5, 0x95, 0x4F, 0xB4, 0xC5, 0x57, 0xB5, 0x75, 0x3C, 0x9D, 0x6E, 0x1E, 0x1F, 0x87, 0xBB, 0x38,
    0xD7, 0xC1, 0x8D, 0xBC, 0x4C, 0x1B, 0x19, 0x02, 0x2B, 0xF6, 0x3F, 0x15, 0x32, 0x9F, 0x51, 0x20,
    0xFE, 0x4A, 0x60, 0x47, 0x19, 0x74, 0x64, 0x43, 0x60, 0x51, 0xCE, 0x04, 0xA7, 0xCA, 0xAD, 0x7C,
    0x36, 0xDC, 0x37, 0x88, 0x1B, 0x7C, 0xE5, 0x5F, 0x2D, 0xF1, 0xF2, 0x97, 0x69, 0xE5, 0x5A, 0x0A,
    0x67, 0xCA, 0x4A, 0x69, 0x6B, 0x32, 0xB6, 0x65, 0x46, 0xA4, 0xDC, 0x9C, 0x5F, 0x35, 0x4F, 0x36,
    0x61, 0x11, 0x47, 0x7E, 0x0B, 0xE8, 0x1E, 0xA9, 0xC9, 0x06, 0x81, 0xC9, 0x44, 0x6E, 0x06, 0xD2,
    0x74, 0xA4, 0xAD, 0xC9, 0x06, 0x81, 0xC9, 0x44, 0x66, 0x03, 0x69, 0x3A, 0xD2, 0xD6, 0x24, 0x83,
    0x95, 0xBE, 0x7B, 0xE4, 0xB3, 0x22, 0x9F, 0xBE, 0x0E, 0x48, 0xDC, 0xD9, 0x79, 0xAF, 0xA5, 0x46,
    0x12, 0xB3, 0xB2, 0x52, 0x5A, 0x1F, 0x5B, 0xD9, 0xB5, 0x98, 0x4E, 0x24, 0x16, 0x65, 0xE5, 0xC8,
    0xD2, 0x5B, 0xDD, 0x2B, 0x15, 0xE9, 0x23, 0xE3, 0xEB, 0x05, 0xBA, 0xAB, 0x74, 0xE4, 0xAB, 0x1D,
    0x79, 0x57, 0x29, 0x8E, 0x9C, 0x02, 0x50, 0x75, 0x01, 0xA9, 0x7E, 0x51, 0x88, 0xF3, 0x40, 0xD3,
    0x84, 0xF5, 0x93, 0xCC, 0xF6, 0xA4, 0x05, 0x3A, 0x2B, 0x5A, 0xC3, 0x48, 0x36, 0x3E, 0x60, 0xA3,
    0x39, 0x4B, 0xA5, 0x58, 0x72, 0x54, 0xEE, 0x2B, 0x71, 0x9D, 0xBB, 0xC5, 0x20, 0x72, 0x84, 0x75,
    0x06, 0x17, 0x1A, 0xE5, 0x72, 0xC2, 0xFE, 0x02, 0x7F, 0x0C, 0xAE, 0xA8, 0x98, 0xF2, 0x29, 0xE6,
    0x3E, 0x4A, 0x62, 0x26, 0xD3, 0xA2, 0x89, 0x0F, 0x7E, 0xAD, 0xAF, 0xF0, 0xF1, 0x15, 0x39, 0x35,
    0xA5, 0x5F, 0xDB, 0x29, 0xE2, 0x03, 0x76, 0x0F, 0x31, 0x54, 0x5D, 0x3E, 0x9C, 0x31, 0x7F, 0x12,
    0x46, 0x7E, 0xE6, 0x08, 0x15, 0x52, 0xC7, 0x61, 0x6C, 0xA4, 0xE7, 0xCC, 0x35, 0xC9, 0xF2, 0xDA,
    0xC8, 0x87, 0x25, 0x1B, 0xD2, 0x29, 0x1D, 0x91, 0x4E, 0x9B, 0x3E, 0xE1, 0x74, 0x6E, 0x46, 0xD3,
    0x82, 0x1B, 0xB4, 0xE8, 0x8D, 0x4F, 0xC2, 0xB7, 0x68, 0xBC, 0xF1, 0xD9, 0x98, 0x77, 0xB7, 0x04,
    0x85, 0xCF, 0x7B, 0x23, 0x32, 0xA2, 0x7C, 0x7C, 0xD0, 0x19, 0xAE, 0x63, 0x1B, 0x60, 0xE4, 0x0B,
    0xC0, 0x56, 0x33, 0x34, 0x55, 0x37, 0x9C, 0x1A, 0xEF, 0x2A, 0x63, 0x57, 0x62, 0x9A, 0x57, 0x63,
    0x5A, 0x9D, 0x5C, 0x3E, 0xA4, 0x63, 0x34, 0xB2, 0xE1, 0xF2, 0xA1, 0x27, 0xD7, 0x6C, 0x52, 0x03,
    0xB9, 0xF4, 0x40, 0xF1, 0x68, 0x04, 0x4A, 0xC7, 0xD5, 0x0E, 0xC5, 0x1C, 0x9F, 0x56, 0x30, 0x50,
    0xBE, 0x37, 0x02, 0xC5, 0x47, 0x03, 0x60, 0x3E, 0xEE, 0x03, 0x3E, 0x6B, 0x39, 0x87, 0x1E, 0xC8,
    0x58, 0x4B, 0x2A, 0x6B, 0x47, 0xFE, 0x94, 0x78, 0x21, 0x13, 0xE0, 0x90, 0x33, 0xBC, 0x98, 0x6F,
    0xEA, 0x54, 0x0E, 0xFE, 0xD6, 0x67, 0x22, 0x79, 0x9B, 0x7F, 0x16, 0x5E, 0xDC, 0x7C, 0x3C, 0x66,
    0x7D, 0xF9, 0x72, 0x9F, 0x8E, 0x15, 0xFE, 0x23, 0xF6, 0x74, 0x87, 0x0F, 0x23, 0xD6, 0x8F, 0x8C,
    0x66, 0x0F, 0xC7, 0x00, 0xE9, 0x08, 0x97, 0xC8, 0x45, 0xCD, 0x7E, 0xCB, 0xAC, 0x14, 0xC7, 0x2C,
    0x4D, 0x4B, 0x9A, 0x1E, 0x6F, 0xCC, 0xDB, 0x3B, 0xE7, 0x2E, 0xFE, 0x2C, 0x78, 0x6B, 0x39, 0x7E,
    0xB8, 0xD4, 0xC9, 0xC4, 0x21, 0xB8, 0xCA, 0x18, 0x8D, 0x8C, 0xA5, 0x02, 0xAD, 0x47, 0xB2, 0x3C,
    0x14, 0xB7, 0xAB, 0xB9, 0x0D, 0x9C, 0x5D, 0xEC, 0xC2, 0xAF, 0x22, 0x57, 0xB0, 0x72, 0x20, 0x0E,
    0xE4, 0x3C, 0x9E, 0xB2, 0x3D, 0xCA, 0xC0, 0x0E, 0xF2, 0xC5, 0xB0, 0xF1, 0x99, 0x30, 0x9A, 0x8F,
    0xA4, 0xE9, 0xC9, 0xD2, 0x93, 0xB6, 0x26, 0x2B, 0xA7, 0x04, 0xD9, 0x3C, 0x4D, 0x91, 0xF1, 0x1A,
    0x87, 0x6C, 0xAC, 0x1C, 0x69, 0x6B, 0xA5, 0x27, 0x8B, 0x96, 0x34, 0x03, 0xB9, 0x99, 0xC9, 0x54,
    0xEA, 0x40, 0x34, 0xCB, 0x45, 0x33, 0xA2, 0x10, 0x2E, 0xB5, 0xA4, 0xD1, 0x8D, 0x94, 0x9C, 0xC7,
    0xDE, 0xEE, 0xB8, 0xAE, 0xFC, 0x4E, 0xD9, 0x93, 0xCD, 0x40, 0x2E, 0xA3, 0xBE, 0xE4, 0x84, 0x78,
    0xC5, 0x73, 0x4D, 0x9D, 0xE9, 0x7D, 0x51, 0x05, 0xE6, 0x9D, 0x75, 0xD0, 0x93, 0x63, 0x68, 0x94,
    0x6F, 0x35, 0x5F, 0x9D, 0x5C, 0x3C, 0x80, 0x75, 0x3C, 0x9A, 0x1A, 0xAE, 0xBF, 0xBD, 0x65, 0xFB,
    0xE6, 0xF9, 0x7E, 0x8C, 0x2A, 0xD9, 0x23, 0x08, 0xF4, 0xAA, 0x01, 0xB3, 0x59, 0x67, 0x5A, 0x8E,
    0x45, 0xE1, 0xD9, 0x8B, 0x32, 0xD0, 0xB0, 0xDA, 0x10, 0xAB, 0xB4, 0xA1, 0x25, 0x90, 0x65, 0x34,
    0xDD, 0x92, 0x11, 0xF1, 0xD0, 0x57, 0xF2, 0x36, 0x47, 0x11, 0xEF, 0xB7, 0x91, 0xCC, 0x94, 0xE9,
    0xEE, 0x99, 0x7D, 0xD0, 0x76, 0x23, 0xDD, 0x76, 0x7B, 0x47, 0x3E, 0xE5, 0x1C, 0xCD, 0x2C, 0x23,
    0x6D, 0x60, 0xC5, 0x7C, 0xF7, 0xE4, 0xAB, 0xE3, 0xE3, 0x35, 0xCF, 0xC1, 0xC5, 0x71, 0x78, 0x36,
    0xED, 0x7A, 0x70, 0xEC, 0xD8, 0x2A, 0xFB, 0xCB, 0x93, 0xE6, 0x1D, 0x1E, 0xFD, 0x27, 0x7C, 0x1D,
    0x91, 0xC0, 0x42, 0x87, 0x16, 0x7B, 0xEB, 0xEF, 0x1B, 0x32, 0xED, 0xC9, 0x03, 0x6E, 0xE9, 0xFC,
    0xC9, 0xD5, 0x03, 0xC8, 0xFF, 0xF7, 0x6F, 0x23, 0x5B, 0x18, 0xCD, 0x47, 0xD2, 0xF4, 0x64, 0xE9,
    0x49, 0x5B, 0x93, 0x95, 0x53, 0x82, 0x6C, 0x7E, 0x01, 0x99, 0x9F, 0x65, 0x95, 0x9E, 0x2C, 0xDB,
    0x5D, 0xCD, 0x9B, 0x89, 0x4C, 0xE5, 0xFD, 0xFE, 0x06, 0xD0, 0xC8, 0xC5, 0xAC, 0xBD, 0x0D, 0x4C,
    0xD9, 0xF3, 0xA0, 0x61, 0xD7, 0x5B, 0xE5, 0x0B, 0xF8, 0x93, 0xC0, 0x43, 0x14, 0x81, 0xA7, 0x28,
    0xE3, 0xAD, 0xA2, 0xAC, 0x38, 0x09, 0x1C, 0x7A, 0xAB, 0x7C, 0x76, 0x7E, 0xAB, 0xD9, 0xEE, 0x27,
    0xFA, 0xFD, 0x6F, 0x48, 0xEB, 0x94, 0x5F, 0xFE, 0x5D, 0x60, 0x21, 0x7D, 0xE0, 0x46, 0xB4, 0x77,
    0x7B, 0xD8, 0xA5, 0x82, 0xE3, 0x8A, 0x44, 0x57, 0x43, 0x88, 0x7F, 0x43, 0x99, 0x01, 0xB7, 0xA0,
    0x5B, 0x6B, 0x77, 0x87, 0x5C, 0x57, 0xAD, 0x2A, 0x5B, 0x95, 0x19, 0x55, 0x39, 0x0B, 0xB3, 0xB2,
    0xF3, 0x18, 0x14, 0x8D, 0xA6, 0x32, 0xAE, 0xCB, 0x4E, 0x05, 0x59, 0x8B, 0xFA, 0x9B, 0xEE, 0x83,
    0x9B, 0x47, 0xA6, 0xB5, 0x8F, 0xA4, 0x1C, 0xF3, 0xF6, 0x85, 0xD9, 0x0C, 0x87, 0x41, 0xE3, 0xA6,
    0x7D, 0xDE, 0xB4, 0x2F, 0x0E, 0x99, 0x7F, 0xDE, 0xF8, 0x82, 0xB2, 0xF5, 0x66, 0x79, 0xD5, 0x97,
    0x0B, 0x20, 0x71, 0x91, 0x5C, 0xC4, 0xDE, 0x0E, 0x9B, 0x4F, 0xFF, 0x01, 0x00, 0xB3, 0x04, 0xFD,
    0x17, 0xA5, 0x1B, 0x69, 0x21, 0x44, 0x81, 0xA7, 0xD3, 0x2E, 0xA0, 0x00, 0x07, 0xEA, 0x0F, 0x02,
    0xCE, 0xAB, 0x53, 0x3C, 0x27, 0x17, 0xC7, 0x8E, 0x23, 0x0A, 0xA4, 0xD3, 0x7A, 0xD2, 0xEF, 0x6D,
    0x97, 0xED, 0x95, 0x2C, 0x57, 0xFE, 0x33, 0x9D, 0x31, 0xCB, 0xC1, 0xC0, 0x0A, 0xDA, 0x80, 0xF9,
    0x72, 0x16, 0x4C, 0xA7, 0xDB, 0xF8, 0xC9, 0x86, 0x9C, 0x89, 0x86, 0xB0, 0xF5, 0xD3, 0x79, 0x86,
    0xB5, 0x96, 0x58, 0xA9, 0x05, 0x7E, 0xC2, 0x1B, 0x64, 0x72, 0x46, 0x1E, 0x2C, 0x24, 0x77, 0xDC,
    0x4D, 0x19, 0xF4, 0x51, 0xFB, 0xDF, 0xE0, 0x6D, 0xE0, 0x2F, 0xEC, 0xAD, 0x18, 0x65, 0xA0, 0xD1,
    0x9E, 0x48, 0xCD, 0xA8, 0x70, 0x11, 0xBC, 0x63, 0x49, 0x90, 0xFA, 0xAF, 0x52, 0x36, 0xCA, 0x99,
    0x4C, 0x26, 0x32, 0x1B, 0x49, 0xD3, 0x93, 0x8D, 0x0F, 0x3C, 0x11, 0x17, 0x28, 0x23, 0xC8, 0x1A,
    0xD7, 0x52, 0xBA, 0x44, 0x17, 0xE2, 0xD5, 0x36, 0xEF, 0xD4, 0x87, 0x69, 0x1F, 0x9D, 0x0C, 0x4F,
    0xD9, 0x62, 0x54, 0x97, 0x12, 0xD2, 0x05, 0x60, 0x68, 0x1E, 0x68, 0x0D, 0x3D, 0x01, 0x8C, 0xF3,
    0x55, 0x69, 0x94, 0xAB, 0x8D, 0x0B, 0x7E, 0x66, 0xF5, 0x5F, 0xA7, 0x3E, 0xAF, 0x83, 0xE5, 0x5F,
    0x7A, 0x7E, 0x66, 0x31, 0x83, 0xE0, 0x8F, 0x66, 0x2B, 0x34, 0x86, 0x7C, 0x5A, 0xA7, 0x6E, 0x1F,
    0xC8, 0x67, 0x68, 0xB2, 0x4D, 0xF4, 0xF3, 0x65, 0x4D, 0x71, 0xF0, 0xA3, 0x37, 0x72, 0x7C, 0x4A,
    0x27, 0x6C, 0x3E, 0x76, 0x6D, 0x54, 0x63, 0x4F, 0x99, 0x8C, 0xAA, 0xF4, 0xD7, 0xEA, 0xDE, 0x72,
    0x14, 0x58, 0xC4, 0xE5, 0x12, 0x28, 0x3D, 0x32, 0xF9, 0xD7, 0xF1, 0x60, 0x82, 0x19, 0xD3, 0x31,
    0x15, 0x14, 0x6D, 0xC8, 0x59, 0x39, 0xEB, 0x83, 0xAC, 0xB7, 0x2E, 0xA8, 0xF0, 0x15, 0x82, 0x4C,
    0xDB, 0x50, 0x79, 0x77, 0xA6, 0xEA, 0x29, 0xBD, 0x12, 0x92, 0x28, 0xE0, 0x97, 0x29, 0x11, 0x79,
    0xB0, 0x9E, 0x14, 0xCA, 0x01, 0x3C, 0x57, 0x26, 0x32, 0x5D, 0x48, 0x34, 0xCA, 0x4A, 0x69, 0xDD,
    0x8E, 0xD5, 0x2E, 0x9A, 0x2C, 0x64, 0x3E, 0xE1, 0x9E, 0x7C, 0x2D, 0xF1, 0x56, 0xF1, 0x24, 0xE7,
    0x69, 0xBE, 0xFE, 0x8B, 0x20, 0xFC, 0x12, 0xA9, 0xC1, 0xA8, 0x8F, 0xFC, 0xFD, 0xBF, 0x20, 0x0E,
    0x8D, 0x8B, 0xAA, 0xA9, 0xFB, 0x77, 0xA9, 0x84, 0x2B, 0x22, 0x9E, 0xD5, 0xBA, 0x92, 0xEF, 0xF2,
    0xDE, 0x5B, 0x0E, 0xCD, 0x49, 0x87, 0xCD, 0x78, 0x68, 0xFE, 0x69, 0x80, 0xE9, 0x0E, 0xCD, 0xFB,
    0x13, 0x4A, 0x1F, 0xCA, 0x2D, 0xB0, 0x75, 0x50, 0x03, 0xEB, 0x82, 0x2A, 0x54, 0x08, 0xB2, 0x2E,
    0xAA, 0x6E, 0x76, 0x72, 0x94, 0xA6, 0x2A, 0xCA, 0xAE, 0x72, 0x24, 0xB7, 0xE4, 0xEE, 0xBA, 0xD3,
    0x3B, 0xFA, 0xCA, 0x15, 0x2C, 0x51, 0xB6, 0x23, 0x6F, 0x9E, 0xE8, 0x5A, 0x35, 0x72, 0x55, 0x78,
    0xF0, 0x97, 0x00, 0x86, 0xDB, 0x57, 0x51, 0xC9, 0x19, 0x21, 0x1D, 0xC1, 0x43, 0xFE, 0xD6, 0x12,
    0x00, 0x21, 0x2A, 0xC2, 0xBA, 0x88, 0xF5, 0x63, 0x13, 0x90, 0xCC, 0xA8, 0xB6, 0x07, 0x03, 0x4B,
    0xD4, 0x44, 0xC7, 0x8F, 0xF3, 0x93, 0x62, 0xB6, 0x0E, 0x28, 0xFD, 0x4F, 0x61, 0x89, 0x26, 0x44,
    0x53, 0x61, 0xB1, 0x99, 0x18, 0x08, 0x77, 0xBD, 0x57, 0xB1, 0xA7, 0xD8, 0x3A, 0x14, 0x32, 0x41,
    0x64, 0xCA, 0xE4, 0xDF, 0x4E, 0xF3, 0x31, 0x6E, 0x89, 0xD2, 0xB3, 0x0D, 0x76, 0x6A, 0xFD, 0x83,
    0xFE, 0xED, 0x3E, 0xD7, 0x31, 0x0F, 0xF3, 0x86, 0x32, 0xCF, 0xB0, 0x2C, 0xEB, 0x40, 0xC1, 0x15,
    0xB1, 0xC5, 0x65, 0xB2, 0x22, 0x33, 0xFF, 0x9E, 0x0B, 0xFF, 0x9D, 0xFD, 0x1D, 0xD3, 0x5A, 0xB5,
    0x6A, 0xD5, 0x12, 0xFB, 0xFF, 0xFF, 0xFF, 0xFF, 0x00, 0x13, 0x0C, 0x20, 0x00, 0x00, 0x62, 0x60,
    0xC8, 0x02, 0x54, 0x4B, 0x86, 0x30, 0x6B, 0x04, 0x41, 0x14, 0xFE, 0xA0, 0x21, 0xA4, 0x39, 0xF1,
    0x57, 0x94, 0x26, 0x2D, 0x82, 0x0A, 0x54, 0xCD, 0x79, 0x35, 0xAB, 0xAA, 0x31, 0xA4, 0xB2, 0xB6,
    0xAE, 0x5E, 0x1D, 0x5E, 0x61, 0xF0, 0xA6, 0xA6, 0xDE, 0x03, 0x5E, 0x9D, 0x57, 0x67, 0xF0, 0x27,
    0x10, 0x88, 0x9B, 0x9B, 0xDE, 0x64, 0x27, 0x34, 0x85, 0xA4, 0x8A, 0x90, 0x36, 0xB9, 0xCC, 0xB7,
    0xBB, 0x90, 0xDD, 0xF7, 0xE6, 0xCD, 0x96, 0x0F, 0x3F, 0x28, 0xEC, 0x3C, 0x36, 0xA5, 0xB4, 0xB6,
    0xB0, 0x0E, 0x39, 0xAE, 0x5E, 0x9A, 0xB7, 0x1C, 0xA0, 0x3C, 0xC2, 0x1E, 0x64, 0x03, 0x0A, 0x92,
    0x6E, 0x30, 0x37, 0xFB, 0x6C, 0x56, 0x57, 0x66, 0xDF, 0x07, 0xCC, 0xFA, 0xF5, 0xA4, 0xDA, 0xA5,
    0xF8, 0xED, 0xE9, 0x70, 0x2B, 0x6E, 0x64, 0xE9, 0x36, 0xD4, 0x4D, 0xF4, 0x6E, 0x41, 0xDD, 0xC0,
    0x12, 0x05, 0xAE, 0xC5, 0x85, 0x27, 0xAD, 0xBC, 0x0C, 0xA2, 0x51, 0x94, 0xC7, 0x17, 0x17, 0xF4,
    0xCD, 0x05, 0xE9, 0x55, 0x90, 0x86, 0xA0, 0xFB, 0x3F, 0x3F, 0x4B, 0x90, 0x87, 0x4D, 0xC4, 0xFD,
    0x9E, 0x08, 0x5C, 0x52, 0x44, 0x5E, 0x6D, 0x22, 0x74, 0x49, 0x11, 0xFB, 0xEB, 0xDF, 0xED, 0xBD,
    0x5F, 0x44, 0xFC, 0x92, 0x62, 0x00, 0x24, 0xC5, 0x08, 0x48, 0x0C, 0x01, 0xFF, 0xDE, 0x22, 0x9A,
    0xF0, 0x89, 0x68, 0x82, 0xA4, 0xDB, 0x26, 0x48, 0xBA, 0x6D, 0xC2, 0x5F, 0x2F, 0xFC, 0x1F, 0x9B,
    0x90, 0xA7, 0xE0, 0x95, 0xD9, 0x06, 0x5E, 0xCC, 0x5A, 0x90, 0x7A, 0xDE, 0x41, 0x95, 0x46, 0x4A,
    0x9E, 0x51, 0x7A, 0xBC, 0xC6, 0x17, 0xDB, 0xC2, 0xAC, 0x56, 0x4A, 0xAF, 0x0C, 0x2E, 0x93, 0xC2,
    0xA3, 0xBE, 0x1E, 0xAE, 0x4F, 0xCB, 0x69, 0xAB, 0x50, 0xFA, 0x2B, 0x4C, 0xAD, 0x06, 0x98, 0x79,
    0x19, 0xFF, 0xF4, 0x0A, 0x92, 0xCF, 0x30, 0xBB, 0xE0, 0xC7, 0x3A, 0x55, 0xDC, 0x4F, 0x4B, 0x1F,
    0xDC, 0x3B, 0xA7, 0x4D, 0x66, 0xEC, 0x27, 0x5F, 0x9C, 0x8C, 0xCC, 0x2E, 0x85, 0x59, 0x53, 0x0C,
    0x5C, 0x0C, 0x2C, 0x4F, 0xEF, 0xDA, 0x89, 0xAD, 0x3D, 0xAE, 0x37, 0x78, 0xDE, 0xC0, 0x1F, 0x3C,
    0x66, 0x2E, 0x2E, 0xCE, 0x2C, 0xC8, 0xC9, 0xA1, 0xCF, 0x2C, 0xAC, 0xC6, 0x49, 0x75, 0x8E, 0x77,
    0xBB, 0xCC, 0x51, 0x10, 0x0D, 0x76, 0xEE, 0xEF, 0x23, 0xE3, 0x8E, 0x2A, 0x21, 0xBB, 0xAF, 0x67,
    0xE4, 0xB4, 0x12, 0xB3, 0x86, 0x85, 0x35, 0x73, 0xEB, 0xFD, 0xF2, 0x86, 0x59, 0xC2, 0xFD, 0xFE,
    0x02, 0x62, 0x40, 0x06, 0x80, 0x1A, 0xE6, 0xD8, 0x06, 0x61, 0x18, 0x88, 0xC2, 0xF0, 0x4B, 0x52,
    0xA4, 0xA0, 0x60, 0x04, 0xB3, 0x41, 0x46, 0x40, 0xCC, 0xC1, 0x22, 0x74, 0x64, 0x1C, 0x24, 0x56,
    0x40, 0xC0, 0x26, 0xB8, 0xA7, 0xA1, 0x74, 0x91, 0xF8, 0xF1, 0xEE, 0xCE, 0x91, 0x6C, 0xFB, 0xB7,
    0xF4, 0xF9, 0x2E, 0xED, 0xEE, 0x6A, 0x8B, 0x91, 0x73, 0x44, 0x62, 0x8E, 0xB8, 0xB2, 0x04, 0x21,
    0x6B, 0x23, 0xDF, 0x40, 0x29, 0x63, 0xCA, 0x4E, 0x80, 0xA1, 0x38, 0x89, 0x49, 0x22, 0xA7, 0x1B,
    0x0C, 0x25, 0x7E, 0x2A, 0x98, 0x45, 0x48, 0x82, 0x45, 0xC4, 0xC6, 0x68, 0x8D, 0x8A, 0x45, 0xAF,
    0x39, 0x29, 0xF2, 0xA0, 0x7D, 0x54, 0xCC, 0x7B, 0xB2, 0x4C, 0x0A, 0xFB, 0xF0, 0xDB, 0x91, 0xAB,
    0x08, 0xDF, 0xBD, 0xAC, 0x08, 0x81, 0x97, 0xC7, 0x02, 0x4C, 0xAC, 0x77, 0x11, 0x40, 0xC8, 0x08,
    0x20, 0xE4, 0x44, 0x68, 0x1D, 0x8C, 0x08, 0x95, 0xCE, 0x88, 0x90, 0x42, 0x44, 0x68, 0xE9, 0x9D,
    0x00, 0xCF, 0xB3, 0x88, 0xA3, 0x20, 0x42, 0x41, 0x80, 0x8D, 0x00, 0x8F, 0x2D, 0x0E, 0x76, 0xFC,
    0x01,
};

static const EpdGlyph notosans_18_regularGlyphs[] = {
    { 0, 0, 0, 0, 0, 0, 0 }, // U+0000
    { 0, 0, 156, 0, 0, 0, 0 }, // U+000D
    { 0, 0, 156, 0, 0, 0, 0 }, // U+0020
    { 6, 28, 161, 2, 27, 42, 0 }, // !
    { 11, 10, 245, 2, 27, 28, 42 }, // "
    { 24, 27, 388, 0, 27, 162, 70 }, // #
    { 18, 32, 343, 2, 29, 144, 232 }, // $
    { 29, 29, 499, 1, 28, 211, 376 }, // %
    { 27, 29, 439, 1, 28, 196, 587 }, // &
    { 4, 10, 135, 2, 27, 10, 783 }, // '
    { 10, 33, 180, 1, 27, 83, 793 }, // (
    { 9, 33, 180, 1, 27, 75, 876 }, // )
    { 19, 18, 331, 1, 29, 86, 951 }, // *
    { 19, 19, 343, 1, 23, 91, 1037 }, // +
    { 7, 10, 161, 1, 5, 18, 1128 }, // ,
    { 10, 4, 193, 1, 12, 10, 1146 }, // -
    { 6, 6, 161, 2, 5, 9, 1156 }, // .
    { 14, 27, 223, 0, 27, 95, 1165 }, // /
    { 18, 29, 350, 2, 28, 131, 1260 }, // 0
    { 11, 27, 265, 0, 27, 75, 1391 }, // 1
    { 19, 28, 333, 1, 28, 133, 1466 }, // 2
    { 19, 29, 343, 1, 28, 138, 1599 }, // 3
    { 21, 27, 343, 0, 27, 142, 1737 }, // 4
    { 18, 28, 343, 2, 27, 126, 1879 }, // 5
    { 18, 29, 343, 2, 28, 131, 2005 }, // 6
    { 19, 27, 307, 0, 27, 129, 2136 }, // 7
    { 18, 29, 353, 2, 28, 131, 2265 }, // 8
    { 19, 29, 343, 1, 28, 138, 2396 }, // 9
    { 6, 22, 161, 2, 21, 33, 2534 }, // :
    { 7, 26, 161, 1, 21, 46, 2567 }, // ;
    { 19, 19, 343, 1, 23, 91, 2613 }, // <
    { 18, 11, 343, 2, 19, 50, 2704 }, // =
    { 19, 19, 343, 1, 23, 91, 2754 }, // >
    { 16, 29, 260, 0, 28, 116, 2845 }, // ?
    { 30, 31, 539, 2, 27, 233, 2961 }, // @
    { 24, 27, 383, 0, 27, 162, 3194 }, // A
    { 20, 27, 390, 3, 27, 135, 3356 }, // B
    { 21, 29, 379, 2, 28, 153, 3491 }, // C
    { 23, 27, 438, 3, 27, 156, 3644 }, // D
    { 16, 27, 334, 3, 27, 108, 3800 }, // E
    { 16, 27, 311, 3, 27, 108, 3908 }, // F
    { 23, 29, 437, 2, 28, 167, 4016 }, // G
    { 22, 27, 445, 3, 27, 149, 4183 }, // H
    { 11, 27, 203, 1, 27, 75, 4332 }, // I
    { 10, 35, 164, -3, 27, 88, 4407 }, // J
    { 21, 27, 371, 3, 27, 142, 4495 }, // K
    { 16, 27, 314, 3, 27, 108, 4637 }, // L
    { 28, 27, 544, 3, 27, 189, 4745 }, // M
    { 22, 27, 456, 3, 27, 149, 4934 }, // N
    { 25, 29, 469, 2, 28, 182, 5083 }, // O
    { 18, 27, 363, 3, 27, 122, 5265 }, // P
    { 25, 35, 469, 2, 28, 219, 5387 }, // Q
    { 20, 27, 373, 3, 27, 135, 5606 }, // R
    { 18, 29, 329, 1, 28, 131, 5741 }, // S
    { 21, 27, 334, 0, 27, 142, 5872 }, // T
    { 21, 28, 439, 3, 27, 147, 6014 }, // U
    { 23, 27, 360, 0, 27, 156, 6161 }, // V
    { 35, 27, 558, 0, 27, 237, 6317 }, // W
    { 22, 27, 352, 0, 27, 149, 6554 }, // X
    { 22, 27, 340, 0, 27, 149, 6703 }, // Y
    { 19, 27, 343, 1, 27, 129, 6852 }, // Z
    { 9, 33, 197, 3, 27, 75, 6981 }, // [
    { 14, 27, 223, 0, 27, 95, 7056 }, // <backslash>
    { 10, 33, 197, 0, 27, 83, 7151 }, // ]
    { 20, 17, 343, 1, 27, 85, 7234 }, // ^
    { 18, 3, 266, -1, -3, 14, 7319 }, // _
    { 9, 7, 169, 1, 29, 16, 7333 }, // `
    { 17, 22, 337, 1, 21, 94, 7349 }, // a
    { 18, 30, 369, 3, 29, 135, 7443 }, // b
    { 15, 22, 288, 2, 21, 83, 7578 }, // c
    { 18, 30, 369, 2, 29, 135, 7661 }, // d
    { 18, 22, 338, 2, 21, 99, 7796 }, // e
    { 15, 29, 206, 0, 29, 109, 7895 }, // f
    { 18, 30, 369, 2, 21, 135, 8004 }, // g
    { 18, 29, 371, 3, 29, 131, 8139 }, // h
    { 5, 28, 155, 2, 28, 35, 8270 }, // i
    { 10, 37, 155, -3, 28, 93, 8305 }, // j
    { 17, 29, 320, 3, 29, 124, 8398 }, // k
    { 4, 29, 155, 3, 29, 29, 8522 }, // l
    { 30, 21, 561, 3, 21, 158, 8551 }, // m
    { 18, 21, 371, 3, 21, 95, 8709 }, // n
    { 19, 22, 363, 2, 21, 105, 8804 }, // o
    { 18, 30, 369, 3, 21, 135, 8909 }, // p
    { 18, 30, 369, 2, 21, 135, 9044 }, // q
    { 12, 21, 248, 3, 21, 63, 9179 }, // r
    { 16, 22, 287, 1, 21, 88, 9242 }, // s
    { 13, 26, 217, 0, 25, 85, 9330 }, // t
    { 18, 22, 371, 2, 21, 99, 9415 }, // u
    { 20, 21, 305, 0, 21, 105, 9514 }, // v
    { 30, 21, 472, 0, 21, 158, 9619 }, // w
    { 20, 21, 317, 0, 21, 105, 9777 }, // x
    { 20, 30, 306, 0, 21, 150, 9882 }, // y
    { 16, 21, 282, 1, 21, 84, 10032 }, // z
    { 13, 33, 228, 1, 27, 108, 10116 }, // {
    { 4, 39, 331, 8, 29, 39, 10224 }, // |
    { 13, 33, 228, 1, 27, 108, 10263 }, // }
    { 19, 6, 343, 1, 16, 29, 10371 }, // ~
    { 0, 0, 156, 0, 0, 0, 0 }, // U+00A0
    { 6, 28, 161, 2, 21, 42, 0 }, // U+00A1
    { 16, 29, 343, 3, 28, 116, 42 }, // U+00A2
    { 20, 28, 343, 1, 28, 140, 158 }, // U+00A3
    { 18, 18, 343, 2, 22, 81, 298 }, // U+00A4
    { 21, 27, 343, 0, 27, 142, 379 }, // U+00A5
    { 4, 39, 331, 8, 29, 39, 521 }, // U+00A6
    { 15, 30, 308, 2, 29, 113, 560 }, // U+00A7
    { 12, 5, 348, 5, 28, 15, 673 }, // U+00A8
    { 29, 29, 499, 1, 28, 211, 688 }, // U+00A9
    { 11, 14, 214, 1, 28, 39, 899 }, // U+00AA
    { 17, 16, 305, 1, 18, 68, 938 }, // U+00AB
    { 19, 11, 343, 1, 15, 53, 1006 }, // U+00AC
    { 10, 4, 193, 1, 12, 10, 1059 }, // U+00AD
    { 29, 29, 499, 1, 28, 211, 1069 }, // U+00AE
    { 20, 3, 300, -1, 31, 15, 1280 }, // U+00AF
    { 12, 13, 257, 2, 28, 39, 1295 }, // U+00B0
    { 19, 23, 343, 1, 23, 110, 1334 }, // U+00B1
    { 12, 17, 210, 0, 32, 51, 1444 }, // U+00B2
    { 13, 17, 210, 0, 32, 56, 1495 }, // U+00B3
    { 9, 7, 169, 1, 29, 16, 1551 }, // U+00B4
    { 18, 30, 374, 3, 21, 135, 1567 }, // U+00B5
    { 19, 34, 393, 2, 29, 162, 1702 }, // U+00B6
    { 6, 6, 161, 2, 16, 9, 1864 }, // U+00B7
    { 8, 9, 135, 0, 0, 18, 1873 }, // U+00B8
    { 8, 17, 210, 1, 32, 34, 1891 }, // U+00B9
    { 12, 14, 226, 1, 28, 42, 1925 }, // U+00BA
    { 17, 16, 305, 1, 18, 68, 1967 }, // U+00BB
    { 27, 27, 447, 1, 27, 183, 2035 }, // U+00BC
    { 28, 27, 463, 0, 27, 189, 2218 }, // U+00BD
    { 29, 28, 469, 0, 28, 203, 2407 }, // U+00BE
    { 16, 29, 260, 0, 21, 116, 2610 }, // U+00BF
    { 24, 36, 383, 0, 36, 216, 2726 }, // U+00C0
    { 24, 36, 383, 0, 36, 216, 2942 }, // U+00C1
    { 24, 36, 383, 0, 36, 216, 3158 }, // U+00C2
    { 24, 35, 383, 0, 35, 210, 3374 }, // U+00C3
    { 24, 35, 383, 0, 35, 210, 3584 }, // U+00C4
    { 24, 33, 383, 0, 33, 198, 3794 }, // U+00C5
    { 32, 27, 529, -1, 27, 216, 3992 }, // U+00C6
    { 21, 37, 379, 2, 28, 195, 4208 }, // U+00C7
    { 16, 36, 334, 3, 36, 144, 4403 }, // U+00C8
    { 16, 36, 334, 3, 36, 144, 4547 }, // U+00C9
    { 16, 36, 334, 3, 36, 144, 4691 }, // U+00CA
    { 16, 35, 334, 3, 35, 140, 4835 }, // U+00CB
    { 11, 36, 203, 1, 36, 99, 4975 }, // U+00CC
    { 11, 36, 203, 1, 36, 99, 5074 }, // U+00CD
    { 13, 36, 203, 0, 36, 117, 5173 }, // U+00CE
    { 11, 35, 203, 1, 35, 97, 5290 }, // U+00CF
    { 25, 27, 438, 1, 27, 169, 5387 }, // U+00D0
    { 22, 35, 456, 3, 35, 193, 5556 }, // U+00D1
    { 25, 37, 469, 2, 36, 232, 5749 }, // U+00D2
    { 25, 37, 469, 2, 36, 232, 5981 }, // U+00D3
    { 25, 37, 469, 2, 36, 232, 6213 }, // U+00D4
    { 25, 36, 469, 2, 35, 225, 6445 }, // U+00D5
    { 25, 36, 469, 2, 35, 225, 6670 }, // U+00D6
    { 17, 18, 343, 2, 22, 77, 6895 }, // U+00D7
    { 25, 30, 469, 2, 28, 188, 6972 }, // U+00D8
    { 21, 37, 439, 3, 36, 195, 7160 }, // U+00D9
    { 21, 37, 439, 3, 36, 195, 7355 }, // U+00DA
    { 21, 37, 439, 3, 36, 195, 7550 }, // U+00DB
    { 21, 36, 439, 3, 35, 189, 7745 }, // U+00DC
    { 22, 36, 340, 0, 36, 198, 7934 }, // U+00DD
    { 18, 27, 363, 3, 27, 122, 8132 }, // U+00DE
    { 19, 30, 379, 3, 29, 143, 8254 }, // U+00DF
    { 17, 30, 337, 1, 29, 128, 8397 }, // U+00E0
    { 17, 30, 337, 1, 29, 128, 8525 }, // U+00E1
    { 17, 30, 337, 1, 29, 128, 8653 }, // U+00E2
    { 17, 29, 337, 1, 28, 124, 8781 }, // U+00E3
    { 17, 29, 337, 1, 28, 124, 8905 }, // U+00E4
    { 17, 32, 337, 1, 31, 136, 9029 }, // U+00E5
    { 30, 22, 518, 1, 21, 165, 9165 }, // U+00E6
    { 15, 30, 288, 2, 21, 113, 9330 }, // U+00E7
    { 18, 30, 338, 2, 29, 135, 9443 }, // U+00E8
    { 18, 30, 338, 2, 29, 135, 9578 }, // U+00E9
    { 18, 30, 338, 2, 29, 135, 9713 }, // U+00EA
    { 18, 29, 338, 2, 28, 131, 9848 }, // U+00EB
    { 9, 29, 155, -1, 29, 66, 9979 }, // U+00EC
    { 9, 29, 155, 2, 29, 66, 10045 }, // U+00ED
    { 14, 29, 155, -2, 29, 102, 10111 }, // U+00EE
    { 12, 28, 155, -1, 28, 84, 10213 }, // U+00EF
    { 19, 30, 363, 2, 29, 143, 10297 }, // U+00F0
    { 18, 28, 371, 3, 28, 126, 10440 }, // U+00F1
    { 19, 30, 363, 2, 29, 143, 10566 }, // U+00F2
    { 19, 30, 363, 2, 29, 143, 10709 }, // U+00F3
    { 19, 30, 363, 2, 29, 143, 10852 }, // U+00F4
    { 19, 29, 363, 2, 28, 138, 10995 }, // U+00F5
    { 19, 29, 363, 2, 28, 138, 11133 }, // U+00F6
    { 19, 18, 343, 1, 22, 86, 11271 }, // U+00F7
    { 19, 24, 363, 2, 22, 114, 11357 }, // U+00F8
    { 18, 30, 371, 2, 29, 135, 11471 }, // U+00F9
    { 18, 30, 371, 2, 29, 135, 11606 }, // U+00FA
    { 18, 30, 371, 2, 29, 135, 11741 }, // U+00FB
    { 18, 29, 371, 2, 28, 131, 11876 }, // U+00FC
    { 20, 38, 306, 0, 29, 190, 12007 }, // U+00FD
    { 18, 38, 369, 3, 29, 171, 12197 }, // U+00FE
    { 20, 37, 306, 0, 28, 185, 12368 }, // U+00FF
    { 24, 33, 383, 0, 33, 198, 0 }, // U+0100
    { 17, 27, 337, 1, 26, 115, 198 }, // U+0101
    { 24, 35, 383, 0, 35, 210, 313 }, // U+0102
    { 17, 29, 337, 1, 28, 124, 523 }, // U+0103
    { 24, 36, 383, 0, 27, 216, 647 }, // U+0104
    { 18, 30, 337, 1, 21, 135, 863 }, // U+0105
    { 21, 37, 379, 2, 36, 195, 998 }, // U+0106
    { 15, 30, 288, 2, 29, 113, 1193 }, // U+0107
    { 21, 37, 379, 2, 36, 195, 1306 }, // U+0108
    { 15, 30, 288, 2, 29, 113, 1501 }, // U+0109
    { 21, 36, 379, 2, 35, 189, 1614 }, // U+010A
    { 15, 29, 288, 2, 28, 109, 1803 }, // U+010B
    { 21, 37, 379, 2, 36, 195, 1912 }, // U+010C
    { 15, 30, 288, 2, 29, 113, 2107 }, // U+010D
    { 23, 36, 438, 3, 36, 207, 2220 }, // U+010E
    { 24, 30, 369, 2, 29, 180, 2427 }, // U+010F
    { 25, 27, 438, 1, 27, 169, 2607 }, // U+0110
    { 21, 30, 370, 2, 29, 158, 2776 }, // U+0111
    { 16, 33, 334, 3, 33, 132, 2934 }, // U+0112
    { 18, 27, 338, 2, 26, 122, 3066 }, // U+0113
    { 16, 35, 334, 3, 35, 140, 3188 }, // U+0114
    { 18, 29, 338, 2, 28, 131, 3328 }, // U+0115
    { 16, 35, 334, 3, 35, 140, 3459 }, // U+0116
    { 18, 29, 338, 2, 28, 131, 3599 }, // U+0117
    { 16, 36, 334, 3, 27, 144, 3730 }, // U+0118
    { 18, 30, 338, 2, 21, 135, 3874 }, // U+0119
    { 16, 36, 334, 3, 36, 144, 4009 }, // U+011A
    { 18, 30, 338, 2, 29, 135, 4153 }, // U+011B
    { 23, 37, 437, 2, 36, 213, 4288 }, // U+011C
    { 18, 38, 369, 2, 29, 171, 4501 }, // U+011D
    { 23, 36, 437, 2, 35, 207, 4672 }, // U+011E
    { 18, 37, 369, 2, 28, 167, 4879 }, // U+011F
    { 23, 36, 437, 2, 35, 207, 5046 }, // U+0120
    { 18, 37, 369, 2, 28, 167, 5253 }, // U+0121
    { 23, 37, 437, 2, 28, 213, 5420 }, // U+0122
    { 18, 38, 369, 2, 29, 171, 5633 }, // U+0123
    { 22, 36, 445, 3, 36, 198, 5804 }, // U+0124
    { 23, 37, 371, -2, 37, 213, 6002 }, // U+0125
    { 28, 27, 445, 0, 27, 189, 6215 }, // U+0126
    { 21, 29, 371, 0, 29, 153, 6404 }, // U+0127
    { 15, 35, 203, -1, 35, 132, 6557 }, // U+0128
    { 15, 28, 155, -3, 28, 105, 6689 }, // U+0129
    { 12, 33, 203, 0, 33, 99, 6794 }, // U+012A
    { 12, 26, 155, -1, 26, 78, 6893 }, // U+012B
    { 13, 35, 203, 0, 35, 114, 6971 }, // U+012C
    { 13, 28, 155, -2, 28, 91, 7085 }, // U+012D
    { 11, 36, 203, 1, 27, 99, 7176 }, // U+012E
    { 7, 37, 155, 1, 28, 65, 7275 }, // U+012F
    { 11, 35, 203, 1, 35, 97, 7340 }, // U+0130
    { 4, 21, 155, 3, 21, 21, 7437 }, // U+0131
    { 19, 35, 367, 1, 27, 167, 7458 }, // U+0132
    { 15, 37, 310, 2, 28, 139, 7625 }, // U+0133
    { 15, 44, 164, -3, 36, 165, 7764 }, // U+0134
    { 15, 38, 155, -3, 29, 143, 7929 }, // U+0135
    { 21, 36, 371, 3, 27, 189, 8072 }, // U+0136
    { 17, 38, 320, 3, 29, 162, 8261 }, // U+0137
    { 17, 21, 320, 3, 21, 90, 8423 }, // U+0138
    { 16, 36, 314, 3, 36, 144, 8513 }, // U+0139
    { 9, 37, 155, 2, 37, 84, 8657 }, // U+013A
    { 16, 36, 314, 3, 27, 144, 8741 }, // U+013B
    { 6, 38, 155, 2, 29, 57, 8885 }, // U+013C
    { 16, 27, 314, 3, 27, 108, 8942 }, // U+013D
    { 10, 29, 155, 3, 29, 73, 9050 }, // U+013E
    { 16, 27, 314, 3, 27, 108, 9123 }, // U+013F
    { 9, 29, 161, 3, 29, 66, 9231 }, // U+0140
    { 19, 27, 314, 0, 27, 129, 9297 }, // U+0141
    { 12, 29, 155, -1, 29, 87, 9426 }, // U+0142
    { 22, 36, 456, 3, 36, 198, 9513 }, // U+0143
    { 18, 29, 371, 3, 29, 131, 9711 }, // U+0144
    { 22, 36, 456, 3, 27, 198, 9842 }, // U+0145
    { 18, 30, 371, 3, 21, 135, 10040 }, // U+0146
    { 22, 36, 456, 3, 36, 198, 10175 }, // U+0147
    { 18, 29, 371, 3, 29, 131, 10373 }, // U+0148
    { 23, 27, 413, 0, 27, 156, 10504 }, // U+0149
    { 22, 35, 456, 3, 27, 193, 10660 }, // U+014A
    { 18, 30, 371, 3, 21, 135, 10853 }, // U+014B
    { 25, 34, 469, 2, 33, 213, 10988 }, // U+014C
    { 19, 27, 363, 2, 26, 129, 11201 }, // U+014D
    { 25, 36, 469, 2, 35, 225, 11330 }, // U+014E
    { 19, 29, 363, 2, 28, 138, 11555 }, // U+014F
    { 25, 37, 469, 2, 36, 232, 11693 }, // U+0150
    { 19, 30, 363, 2, 29, 143, 11925 }, // U+0151
    { 31, 29, 557, 2, 28, 225, 12068 }, // U+0152
    { 32, 22, 568, 2, 21, 176, 12293 }, // U+0153
    { 20, 36, 373, 3, 36, 180, 12469 }, // U+0154
    { 12, 29, 248, 3, 29, 87, 12649 }, // U+0155
    { 20, 36, 373, 3, 27, 180, 12736 }, // U+0156
    { 13, 30, 248, 2, 21, 98, 12916 }, // U+0157
    { 20, 36, 373, 3, 36, 180, 13014 }, // U+0158
    { 14, 29, 248, 2, 29, 102, 13194 }, // U+0159
    { 18, 37, 329, 1, 36, 167, 13296 }, // U+015A
    { 16, 30, 287, 1, 29, 120, 13463 }, // U+015B
    { 18, 37, 329, 1, 36, 167, 13583 }, // U+015C
    { 16, 30, 287, 1, 29, 120, 13750 }, // U+015D
    { 18, 37, 329, 1, 28, 167, 13870 }, // U+015E
    { 16, 30, 287, 1, 21, 120, 14037 }, // U+015F
    { 18, 37, 329, 1, 36, 167, 14157 }, // U+0160
    { 16, 30, 287, 1, 29, 120, 14324 }, // U+0161
    { 21, 36, 334, 0, 27, 189, 14444 }, // U+0162
    { 13, 34, 217, 0, 25, 111, 14633 }, // U+0163
    { 21, 36, 334, 0, 36, 189, 14744 }, // U+0164
    { 18, 30, 217, 0, 29, 135, 14933 }, // U+0165
    { 21, 27, 334, 0, 27, 142, 15068 }, // U+0166
    { 13, 26, 217, 0, 25, 85, 15210 }, // U+0167
    { 21, 36, 439, 3, 35, 189, 15295 }, // U+0168
    { 18, 29, 371, 2, 28, 131, 15484 }, // U+0169
    { 21, 34, 439, 3, 33, 179, 15615 }, // U+016A
    { 18, 27, 371, 2, 26, 122, 15794 }, // U+016B
    { 21, 36, 439, 3, 35, 189, 15916 }, // U+016C
    { 18, 29, 371, 2, 28, 131, 16105 }, // U+016D
    { 21, 39, 439, 3, 38, 205, 16236 }, // U+016E
    { 18, 32, 371, 2, 31, 144, 16441 }, // U+016F
    { 21, 37, 439, 3, 36, 195, 16585 }, // U+0170
    { 18, 30, 371, 2, 29, 135, 16780 }, // U+0171
    { 21, 36, 439, 3, 27, 189, 16915 }, // U+0172
    { 19, 30, 371, 2, 21, 143, 17104 }, // U+0173
    { 35, 36, 558, 0, 36, 315, 17247 }, // U+0174
    { 30, 29, 472, 0, 29, 218, 17562 }, // U+0175
    { 22, 36, 340, 0, 36, 198, 17780 }, // U+0176
    { 20, 38, 306, 0, 29, 190, 17978 }, // U+0177
    { 22, 35, 340, 0, 35, 193, 18168 }, // U+0178
    { 19, 36, 343, 1, 36, 171, 18361 }, // U+0179
    { 16, 29, 282, 1, 29, 116, 18532 }, // U+017A
    { 19, 35, 343, 1, 35, 167, 18648 }, // U+017B
    { 16, 28, 282, 1, 28, 112, 18815 }, // U+017C
    { 19, 36, 343, 1, 36, 171, 18927 }, // U+017D
    { 16, 29, 282, 1, 29, 116, 19098 }, // U+017E
    { 11, 29, 196, 3, 29, 80, 19214 }, // U+017F
    { 29, 30, 470, 2, 29, 218, 0 }, // U+01A0
    { 23, 25, 370, 2, 24, 144, 218 }, // U+01A1
    { 28, 30, 468, 3, 29, 210, 362 }, // U+01AF
    { 25, 25, 404, 2, 24, 157, 572 }, // U+01B0
    { 44, 36, 775, 3, 36, 396, 729 }, // U+01C4
    { 41, 29, 720, 3, 29, 298, 1125 }, // U+01C5
    { 38, 30, 651, 2, 29, 285, 1423 }, // U+01C6
    { 24, 35, 478, 3, 27, 210, 1708 }, // U+01C7
    { 24, 37, 469, 3, 28, 222, 1918 }, // U+01C8
    { 14, 38, 310, 3, 29, 133, 2140 }, // U+01C9
    { 33, 35, 620, 3, 27, 289, 2273 }, // U+01CA
    { 33, 37, 611, 3, 28, 306, 2562 }, // U+01CB
    { 27, 37, 526, 3, 28, 250, 2868 }, // U+01CC
    { 24, 36, 383, 0, 36, 216, 3118 }, // U+01CD
    { 17, 30, 337, 1, 29, 128, 3334 }, // U+01CE
    { 13, 36, 203, 0, 36, 117, 3462 }, // U+01CF
    { 14, 29, 155, -2, 29, 102, 3579 }, // U+01D0
    { 25, 37, 469, 2, 36, 232, 3681 }, // U+01D1
    { 19, 30, 363, 2, 29, 143, 3913 }, // U+01D2
    { 21, 37, 439, 3, 36, 195, 4056 }, // U+01D3
    { 18, 30, 371, 2, 29, 135, 4251 }, // U+01D4
    { 21, 40, 439, 3, 39, 210, 4386 }, // U+01D5
    { 18, 33, 371, 2, 32, 149, 4596 }, // U+01D6
    { 21, 41, 439, 3, 40, 216, 4745 }, // U+01D7
    { 18, 34, 371, 2, 33, 153, 4961 }, // U+01D8
    { 21, 41, 439, 3, 40, 216, 5114 }, // U+01D9
    { 18, 35, 371, 2, 34, 158, 5330 }, // U+01DA
    { 21, 41, 439, 3, 40, 216, 5488 }, // U+01DB
    { 18, 34, 371, 2, 33, 153, 5704 }, // U+01DC
    { 19, 22, 338, 1, 21, 105, 5857 }, // U+01DD
    { 24, 39, 383, 0, 39, 234, 5962 }, // U+01DE
    { 17, 33, 337, 1, 32, 141, 6196 }, // U+01DF
    { 24, 38, 383, 0, 38, 228, 6337 }, // U+01E0
    { 17, 33, 337, 1, 32, 141, 6565 }, // U+01E1
    { 32, 33, 529, -1, 33, 264, 6706 }, // U+01E2
    { 30, 27, 518, 1, 26, 203, 6970 }, // U+01E3
    { 25, 29, 437, 2, 28, 182, 7173 }, // U+01E4
    { 20, 30, 369, 2, 21, 150, 7355 }, // U+01E5
    { 23, 37, 437, 2, 36, 213, 7505 }, // U+01E6
    { 18, 38, 369, 2, 29, 171, 7718 }, // U+01E7
    { 21, 36, 371, 3, 36, 189, 7889 }, // U+01E8
    { 22, 37, 320, -2, 37, 204, 8078 }, // U+01E9
    { 25, 37, 469, 2, 28, 232, 8282 }, // U+01EA
    { 19, 30, 363, 2, 21, 143, 8514 }, // U+01EB
    { 25, 42, 469, 2, 33, 263, 8657 }, // U+01EC
    { 19, 35, 363, 2, 26, 167, 8920 }, // U+01ED
    { 19, 37, 350, 1, 36, 176, 9087 }, // U+01EE
    { 18, 38, 299, 0, 29, 171, 9263 }, // U+01EF
    { 15, 38, 155, -3, 29, 143, 9434 }, // U+01F0
    { 44, 27, 775, 3, 27, 297, 9577 }, // U+01F1
    { 41, 27, 720, 3, 27, 277, 9874 }, // U+01F2
    { 38, 30, 651, 2, 29, 285, 10151 }, // U+01F3
    { 23, 37, 437, 2, 36, 213, 10436 }, // U+01F4
    { 18, 38, 369, 2, 29, 171, 10649 }, // U+01F5
    { 29, 28, 563, 3, 27, 203, 10820 }, // U+01F6
    { 20, 37, 397, 3, 28, 185, 11023 }, // U+01F7
    { 22, 36, 456, 3, 36, 198, 11208 }, // U+01F8
    { 18, 29, 371, 3, 29, 131, 11406 }, // U+01F9
    { 24, 36, 384, 0, 36, 216, 11537 }, // U+01FA
    { 17, 37, 337, 1, 36, 158, 11753 }, // U+01FB
    { 32, 36, 529, -1, 36, 288, 11911 }, // U+01FC
    { 30, 30, 518, 1, 29, 225, 12199 }, // U+01FD
    { 25, 38, 469, 2, 36, 238, 12424 }, // U+01FE
    { 19, 31, 363, 2, 29, 148, 12662 }, // U+01FF
    { 24, 36, 383, 0, 36, 216, 12810 }, // U+0200
    { 17, 30, 337, 1, 29, 128, 13026 }, // U+0201
    { 24, 35, 383, 0, 35, 210, 13154 }, // U+0202
    { 17, 29, 337, 1, 28, 124, 13364 }, // U+0203
    { 16, 36, 334, 3, 36, 144, 13488 }, // U+0204
    { 18, 30, 338, 2, 29, 135, 13632 }, // U+0205
    { 16, 35, 334, 3, 35, 140, 13767 }, // U+0206
    { 18, 29, 338, 2, 28, 131, 13907 }, // U+0207
    { 15, 36, 203, -3, 36, 135, 14038 }, // U+0208
    { 14, 29, 155, -4, 29, 102, 14173 }, // U+0209
    { 13, 35, 203, 0, 35, 114, 14275 }, // U+020A
    { 12, 28, 155, -1, 28, 84, 14389 }, // U+020B
    { 25, 37, 469, 2, 36, 232, 14473 }, // U+020C
    { 19, 30, 363, 2, 29, 143, 14705 }, // U+020D
    { 25, 36, 469, 2, 35, 225, 14848 }, // U+020E
    { 19, 29, 363, 2, 28, 138, 15073 }, // U+020F
    { 20, 36, 373, 3, 36, 180, 15211 }, // U+0210
    { 15, 29, 248, 0, 29, 109, 15391 }, // U+0211
    { 20, 35, 373, 3, 35, 175, 15500 }, // U+0212
    { 12, 28, 248, 3, 28, 84, 15675 }, // U+0213
    { 21, 37, 439, 3, 36, 195, 15759 }, // U+0214
    { 18, 30, 371, 2, 29, 135, 15954 }, // U+0215
    { 21, 36, 439, 3, 35, 189, 16089 }, // U+0216
    { 18, 29, 371, 2, 28, 131, 16278 }, // U+0217
    { 18, 37, 329, 1, 28, 167, 16409 }, // U+0218
    { 16, 30, 287, 1, 21, 120, 16576 }, // U+0219
    { 21, 36, 334, 0, 27, 189, 16696 }, // U+021A
    { 13, 34, 217, 0, 25, 111, 16885 }, // U+021B
    { 19, 35, 345, 1, 28, 167, 16996 }, // U+021C
    { 16, 30, 298, 1, 21, 120, 17163 }, // U+021D
    { 22, 36, 445, 3, 36, 198, 17283 }, // U+021E
    { 23, 37, 371, -2, 37, 213, 17481 }, // U+021F
    { 9, 7, 0, -19, 29, 16, 0 }, // U+0300
    { 9, 7, 0, -13, 29, 16, 16 }, // U+0301
    { 14, 7, 0, -7, 29, 25, 32 }, // U+0302
    { 15, 6, 0, -19, 28, 23, 57 }, // U+0303
    { 12, 4, 0, -6, 26, 12, 80 }, // U+0304
    { 16, 4, 0, -8, 32, 16, 92 }, // U+0305
    { 12, 6, 0, -6, 28, 18, 108 }, // U+0306
    { 4, 5, 0, -2, 28, 5, 126 }, // U+0307
    { 12, 5, 0, -6, 28, 15, 131 }, // U+0308
    { 7, 9, 0, -14, 31, 16, 146 }, // U+0309
    { 10, 9, 0, -5, 31, 23, 162 }, // U+030A
    { 14, 7, 0, -5, 29, 25, 185 }, // U+030B
    { 14, 7, 0, -7, 29, 25, 210 }, // U+030C
    { 4, 7, 0, -2, 29, 7, 235 }, // U+030D
    { 10, 7, 0, -5, 29, 18, 242 }, // U+030E
    { 15, 7, 0, -20, 29, 27, 260 }, // U+030F
    { 12, 10, 0, -6, 32, 30, 287 }, // U+0310
    { 12, 6, 0, -6, 28, 18, 317 }, // U+0311
    { 6, 10, 0, -3, 27, 15, 335 }, // U+0312
    { 6, 10, 0, -3, 27, 15, 350 }, // U+0313
    { 6, 10, 0, -3, 27, 15, 365 }, // U+0314
    { 6, 10, 0, -3, 27, 15, 380 }, // U+0315
    { 8, 7, 0, -4, -1, 14, 395 }, // U+0316
    { 8, 7, 0, -4, -1, 14, 409 }, // U+0317
    { 8, 8, 0, -4, -1, 16, 423 }, // U+0318
    { 8, 8, 0, -4, -1, 16, 439 }, // U+0319
    { 11, 10, 188, 0, 29, 28, 455 }, // U+031A
    { 9, 9, 0, -4, 29, 21, 483 }, // U+031B
    { 5, 9, 0, -2, 0, 12, 504 }, // U+031C
    { 8, 7, 0, -4, -1, 14, 516 }, // U+031D
    { 8, 7, 0, -4, -1, 14, 530 }, // U+031E
    { 8, 8, 0, -4, -1, 16, 544 }, // U+031F
    { 10, 3, 0, -5, -3, 8, 560 }, // U+0320
    { 7, 11, 0, -7, 2, 20, 568 }, // U+0321
    { 7, 11, 0, 0, 2, 20, 588 }, // U+0322
    { 5, 5, 0, -14, -2, 7, 608 }, // U+0323
    { 12, 5, 0, -6, -2, 15, 615 }, // U+0324
    { 10, 9, 0, -5, 0, 23, 630 }, // U+0325
    { 6, 7, 0, -3, -2, 11, 653 }, // U+0326
    { 8, 9, 0, -4, 0, 18, 664 }, // U+0327
    { 8, 10, 0, -4, 1, 20, 682 }, // U+0328
    { 4, 7, 0, -2, -1, 7, 702 }, // U+0329
    { 14, 8, 0, -7, -1, 28, 709 }, // U+032A
    { 16, 5, 0, -8, -2, 20, 737 }, // U+032B
    { 14, 7, 0, -7, -1, 25, 757 }, // U+032C
    { 14, 7, 0, -7, -1, 25, 782 }, // U+032D
    { 12, 6, 0, -6, -2, 18, 807 }, // U+032E
    { 12, 6, 0, -6, -2, 18, 825 }, // U+032F
    { 14, 6, 0, -7, -2, 21, 843 }, // U+0330
    { 12, 4, 0, -6, -2, 12, 864 }, // U+0331
    { 18, 3, 0, -9, -3, 14, 876 }, // U+0332
    { 16, 9, 0, -8, 0, 36, 890 }, // U+0333
    { 15, 6, 0, -7, 13, 23, 926 }, // U+0334
    { 16, 4, 0, -8, 13, 16, 949 }, // U+0335
    { 28, 3, 0, -14, 12, 21, 965 }, // U+0336
    { 12, 9, 0, -6, 15, 27, 986 }, // U+0337
    { 16, 32, 0, -8, 29, 128, 1013 }, // U+0338
    { 5, 9, 0, -2, 0, 12, 1141 }, // U+0339
    { 14, 8, 0, -7, -1, 28, 1153 }, // U+033A
    { 16, 8, 0, -8, -1, 32, 1181 }, // U+033B
    { 16, 5, 0, -8, -2, 20, 1213 }, // U+033C
    { 8, 9, 0, -4, 30, 18, 1233 }, // U+033D
    { 6, 12, 0, -3, 33, 18, 1251 }, // U+033E
    { 16, 9, 0, -8, 37, 36, 1269 }, // U+033F
    { 8, 7, 0, -6, 29, 14, 1305 }, // U+0340
    { 9, 7, 0, -2, 29, 16, 1319 }, // U+0341
    { 14, 6, 0, -7, 28, 21, 1335 }, // U+0342
    { 6, 8, 0, -3, 30, 12, 1356 }, // U+0343
    { 14, 8, 0, -6, 30, 28, 1368 }, // U+0344
    { 6, 6, 0, -2, -3, 9, 1396 }, // U+0345
    { 18, 7, 0, -9, 29, 32, 1405 }, // U+0346
    { 16, 9, 0, -8, 0, 36, 1437 }, // U+0347
    { 10, 7, 0, -5, -1, 18, 1473 }, // U+0348
    { 8, 7, 0, -4, -2, 14, 1491 }, // U+0349
    { 14, 8, 0, -7, 29, 28, 1505 }, // U+034A
    { 14, 14, 0, -7, 35, 49, 1533 }, // U+034B
    { 14, 11, 0, -7, 33, 39, 1582 }, // U+034C
    { 14, 8, 0, -7, -1, 28, 1621 }, // U+034D
    { 8, 9, 0, -4, 0, 18, 1649 }, // U+034E
    { 28, 27, 0, -14, 27, 189, 1667 }, // U+034F
    { 7, 8, 0, -4, 30, 14, 1856 }, // U+0350
    { 5, 9, 0, -2, 31, 12, 1870 }, // U+0351
    { 12, 10, 0, -6, 32, 30, 1882 }, // U+0352
    { 8, 8, 0, -4, -1, 16, 1912 }, // U+0353
    { 7, 8, 0, -4, -1, 14, 1928 }, // U+0354
    { 7, 8, 0, -4, -1, 14, 1942 }, // U+0355
    { 15, 8, 0, -7, -1, 30, 1956 }, // U+0356
    { 5, 9, 0, -2, 31, 12, 1986 }, // U+0357
    { 5, 5, 0, 4, 28, 7, 1998 }, // U+0358
    { 8, 8, 0, -4, -1, 16, 2005 }, // U+0359
    { 16, 8, 0, -8, -1, 32, 2021 }, // U+035A
    { 8, 8, 0, -4, 30, 16, 2053 }, // U+035B
    { 30, 8, 0, -15, -1, 60, 2069 }, // U+035C
    { 30, 8, 0, -15, 30, 60, 2129 }, // U+035D
    { 24, 3, 0, -12, 26, 18, 2189 }, // U+035E
    { 24, 3, 0, -12, -2, 18, 2207 }, // U+035F
    { 30, 6, 0, -15, 28, 45, 2225 }, // U+0360
    { 30, 8, 0, -15, 32, 60, 2270 }, // U+0361
    { 30, 8, 0, -14, -1, 60, 2330 }, // U+0362
    { 8, 9, 0, -4, 32, 18, 2390 }, // U+0363
    { 9, 9, 0, -4, 32, 21, 2408 }, // U+0364
    { 3, 12, 0, -1, 35, 9, 2429 }, // U+0365
    { 9, 9, 0, -4, 32, 21, 2438 }, // U+0366
    { 9, 9, 0, -4, 32, 21, 2459 }, // U+0367
    { 7, 9, 0, -3, 32, 16, 2480 }, // U+0368
    { 9, 12, 0, -4, 35, 27, 2496 }, // U+0369
    { 9, 12, 0, -4, 35, 27, 2523 }, // U+036A
    { 14, 9, 0, -7, 32, 32, 2550 }, // U+036B
    { 6, 9, 0, -2, 32, 14, 2582 }, // U+036C
    { 7, 11, 0, -3, 34, 20, 2596 }, // U+036D
    { 9, 9, 0, -4, 32, 21, 2616 }, // U+036E
    { 9, 9, 0, -4, 32, 21, 2637 }, // U+036F
    { 16, 36, 334, 3, 36, 144, 0 }, // U+0400
    { 16, 34, 334, 3, 34, 136, 144 }, // U+0401
    { 25, 28, 430, 0, 27, 175, 280 }, // U+0402
    { 16, 36, 305, 3, 36, 144, 455 }, // U+0403
    { 21, 29, 383, 2, 28, 153, 599 }, // U+0404
    { 18, 29, 329, 1, 28, 131, 752 }, // U+0405
    { 5, 27, 170, 3, 27, 34, 883 }, // U+0406
    { 9, 34, 170, 1, 34, 77, 917 }, // U+0407
    { 10, 35, 164, -3, 27, 88, 994 }, // U+0408
    { 36, 28, 606, 0, 27, 252, 1082 }, // U+0409
    { 34, 27, 616, 3, 27, 230, 1334 }, // U+040A
    { 25, 27, 429, 0, 27, 169, 1564 }, // U+040B
    { 21, 36, 375, 3, 36, 189, 1733 }, // U+040C
    { 22, 36, 454, 3, 36, 198, 1922 }, // U+040D
    { 24, 35, 370, 0, 34, 210, 2120 }, // U+040E
    { 21, 33, 439, 3, 27, 174, 2330 }, // U+040F
    { 24, 27, 383, 0, 27, 162, 2504 }, // U+0410
    { 19, 27, 368, 3, 27, 129, 2666 }, // U+0411
    { 20, 27, 390, 3, 27, 135, 2795 }, // U+0412
    { 16, 27, 305, 3, 27, 108, 2930 }, // U+0413
    { 27, 33, 437, 0, 27, 223, 3038 }, // U+0414
    { 16, 27, 334, 3, 27, 108, 3261 }, // U+0415
    { 34, 27, 543, 0, 27, 230, 3369 }, // U+0416
    { 19, 29, 346, 1, 28, 138, 3599 }, // U+0417
    { 22, 27, 454, 3, 27, 149, 3737 }, // U+0418
    { 22, 34, 454, 3, 34, 187, 3886 }, // U+0419
    { 21, 27, 375, 3, 27, 142, 4073 }, // U+041A
    { 23, 28, 419, 0, 27, 161, 4215 }, // U+041B
    { 28, 27, 544, 3, 27, 189, 4376 }, // U+041C
    { 22, 27, 446, 3, 27, 149, 4565 }, // U+041D
    { 25, 29, 457, 2, 28, 182, 4714 }, // U+041E
    { 21, 27, 440, 3, 27, 142, 4896 }, // U+041F
    { 18, 27, 363, 3, 27, 122, 5038 }, // U+0420
    { 21, 29, 384, 2, 28, 153, 5160 }, // U+0421
    { 21, 27, 334, 0, 27, 142, 5313 }, // U+0422
    { 24, 28, 370, 0, 27, 168, 5455 }, // U+0423
    { 28, 29, 490, 1, 28, 203, 5623 }, // U+0424
    { 22, 27, 353, 0, 27, 149, 5826 }, // U+0425
    { 25, 33, 444, 3, 27, 207, 5975 }, // U+0426
    { 20, 27, 404, 2, 27, 135, 6182 }, // U+0427
    { 33, 27, 621, 3, 27, 223, 6317 }, // U+0428
    { 36, 33, 616, 3, 27, 297, 6540 }, // U+0429
    { 24, 27, 411, 0, 27, 162, 6837 }, // U+042A
    { 26, 27, 509, 3, 27, 176, 6999 }, // U+042B
    { 18, 27, 364, 3, 27, 122, 7175 }, // U+042C
    { 22, 29, 388, 1, 28, 160, 7297 }, // U+042D
    { 33, 29, 599, 3, 28, 240, 7457 }, // U+042E
    { 20, 27, 383, 1, 27, 135, 7697 }, // U+042F
    { 17, 22, 334, 1, 21, 94, 7832 }, // U+0430
    { 20, 30, 358, 1, 29, 150, 7926 }, // U+0431
    { 17, 21, 338, 3, 21, 90, 8076 }, // U+0432
    { 13, 21, 263, 3, 21, 69, 8166 }, // U+0433
    { 23, 27, 364, 0, 21, 156, 8235 }, // U+0434
    { 18, 22, 331, 1, 21, 99, 8391 }, // U+0435
    { 29, 21, 455, 0, 21, 153, 8490 }, // U+0436
    { 16, 22, 293, 1, 21, 88, 8643 }, // U+0437
    { 18, 21, 373, 3, 21, 95, 8731 }, // U+0438
    { 18, 28, 373, 3, 28, 126, 8826 }, // U+0439
    { 17, 21, 319, 3, 21, 90, 8952 }, // U+043A
    { 19, 22, 352, 0, 21, 105, 9042 }, // U+043B
    { 23, 21, 461, 3, 21, 121, 9147 }, // U+043C
    { 17, 21, 368, 3, 21, 90, 9268 }, // U+043D
    { 20, 22, 356, 1, 21, 110, 9358 }, // U+043E
    { 17, 21, 364, 3, 21, 90, 9468 }, // U+043F
    { 18, 30, 365, 3, 21, 135, 9558 }, // U+0440
    { 16, 22, 296, 1, 21, 88, 9693 }, // U+0441
    { 17, 21, 279, 0, 21, 90, 9781 }, // U+0442
    { 20, 30, 305, 0, 21, 150, 9871 }, // U+0443
    { 25, 38, 442, 1, 29, 238, 10021 }, // U+0444
    { 19, 21, 307, 0, 21, 100, 10259 }, // U+0445
    { 20, 27, 367, 3, 21, 135, 10359 }, // U+0446
    { 17, 21, 353, 2, 21, 90, 10494 }, // U+0447
    { 28, 21, 536, 3, 21, 147, 10584 }, // U+0448
    { 31, 27, 538, 3, 21, 210, 10731 }, // U+0449
    { 22, 21, 374, 0, 21, 116, 10941 }, // U+044A
    { 23, 21, 455, 3, 21, 121, 11057 }, // U+044B
    { 16, 21, 327, 3, 21, 84, 11178 }, // U+044C
    { 16, 22, 296, 1, 21, 88, 11262 }, // U+044D
    { 26, 22, 479, 3, 21, 143, 11350 }, // U+044E
    { 18, 21, 346, 1, 21, 95, 11493 }, // U+044F
    { 18, 30, 331, 1, 29, 135, 11588 }, // U+0450
    { 18, 29, 331, 1, 28, 131, 11723 }, // U+0451
    { 21, 38, 371, 0, 29, 200, 11854 }, // U+0452
    { 13, 29, 263, 3, 29, 95, 12054 }, // U+0453
    { 16, 22, 296, 1, 21, 88, 12149 }, // U+0454
    { 15, 22, 281, 1, 21, 83, 12237 }, // U+0455
    { 5, 28, 155, 2, 28, 35, 12320 }, // U+0456
    { 9, 28, 155, 0, 28, 63, 12355 }, // U+0457
    { 10, 37, 155, -3, 28, 93, 12418 }, // U+0458
    { 31, 22, 515, 0, 21, 171, 12511 }, // U+0459
    { 29, 21, 534, 3, 21, 153, 12682 }, // U+045A
    { 21, 29, 373, 0, 29, 153, 12835 }, // U+045B
    { 17, 29, 319, 3, 29, 124, 12988 }, // U+045C
    { 18, 29, 373, 3, 29, 131, 13112 }, // U+045D
    { 20, 37, 305, 0, 28, 185, 13243 }, // U+045E
    { 17, 27, 364, 3, 21, 115, 13428 }, // U+045F
    { 34, 28, 551, 0, 27, 238, 13543 }, // U+0460
    { 29, 21, 473, 0, 21, 153, 13781 }, // U+0461
    { 24, 27, 405, 0, 27, 162, 13934 }, // U+0462
    { 22, 25, 380, 0, 25, 138, 14096 }, // U+0463
    { 31, 29, 553, 3, 28, 225, 14234 }, // U+0464
    { 24, 22, 445, 3, 21, 132, 14459 }, // U+0465
    { 26, 27, 410, 0, 27, 176, 14591 }, // U+0466
    { 22, 21, 343, 0, 21, 116, 14767 }, // U+0467
    { 32, 27, 557, 3, 27, 216, 14883 }, // U+0468
    { 27, 21, 468, 3, 21, 142, 15099 }, // U+0469
    { 27, 27, 437, 0, 27, 183, 15241 }, // U+046A
    { 24, 21, 384, 0, 21, 126, 15424 }, // U+046B
    { 34, 27, 590, 3, 27, 230, 15550 }, // U+046C
    { 29, 21, 509, 3, 21, 153, 15780 }, // U+046D
    { 19, 41, 352, 1, 32, 195, 15933 }, // U+046E
    { 17, 33, 294, 0, 25, 141, 16128 }, // U+046F
    { 25, 27, 482, 3, 27, 169, 16269 }, // U+0470
    { 24, 38, 457, 2, 29, 228, 16438 }, // U+0471
    { 25, 29, 469, 2, 28, 182, 16666 }, // U+0472
    { 19, 22, 363, 2, 21, 105, 16848 }, // U+0473
    { 25, 27, 381, 0, 27, 169, 16953 }, // U+0474
    { 21, 21, 310, 0, 21, 111, 17122 }, // U+0475
    { 25, 36, 381, 0, 36, 225, 17233 }, // U+0476
    { 21, 29, 310, 0, 29, 153, 17458 }, // U+0477
    { 44, 37, 732, 2, 28, 407, 17611 }, // U+0478
    { 40, 30, 657, 2, 21, 300, 18018 }, // U+0479
    { 27, 32, 493, 2, 29, 216, 18318 }, // U+047A
    { 21, 25, 395, 2, 23, 132, 18534 }, // U+047B
    { 35, 40, 616, 2, 39, 350, 18666 }, // U+047C
    { 30, 35, 542, 2, 34, 263, 19016 }, // U+047D
    { 34, 35, 551, 0, 34, 298, 19279 }, // U+047E
    { 29, 27, 473, 0, 27, 196, 19577 }, // U+047F
    { 22, 37, 386, 2, 28, 204, 19773 }, // U+0480
    { 16, 30, 295, 2, 21, 120, 19977 }, // U+0481
    { 20, 25, 365, 1, 24, 125, 20097 }, // U+0482
    { 15, 6, 0, -18, 27, 23, 20222 }, // U+0483
    { 15, 6, 0, -18, 28, 23, 20245 }, // U+0484
    { 5, 8, 0, -13, 30, 10, 20268 }, // U+0485
    { 5, 8, 0, -13, 30, 10, 20278 }, // U+0486
    { 14, 6, 0, -7, 34, 21, 20288 }, // U+0487
    { 44, 40, 0, -22, 30, 440, 20309 }, // U+0488
    { 42, 42, 0, -21, 31, 441, 20749 }, // U+0489
    { 26, 43, 471, 3, 35, 280, 21190 }, // U+048A
    { 22, 36, 395, 3, 29, 198, 21470 }, // U+048B
    { 22, 27, 369, 0, 27, 149, 21668 }, // U+048C
    { 21, 29, 356, 0, 29, 153, 21817 }, // U+048D
    { 19, 27, 368, 3, 27, 129, 21970 }, // U+048E
    { 18, 30, 369, 3, 21, 135, 22099 }, // U+048F
    { 17, 33, 319, 3, 33, 141, 22234 }, // U+0490
    { 13, 26, 262, 3, 26, 85, 22375 }, // U+0491
    { 20, 27, 318, 0, 27, 135, 22460 }, // U+0492
    { 16, 21, 260, 0, 21, 84, 22595 }, // U+0493
    { 21, 37, 391, 3, 27, 195, 22679 }, // U+0494
    { 16, 31, 320, 3, 21, 124, 22874 }, // U+0495
    { 34, 35, 542, 0, 27, 298, 22998 }, // U+0496
    { 30, 28, 478, 0, 21, 210, 23296 }, // U+0497
    { 19, 37, 346, 1, 28, 176, 23506 }, // U+0498
    { 16, 30, 293, 1, 21, 120, 23682 }, // U+0499
    { 22, 35, 402, 3, 27, 193, 23802 }, // U+049A
    { 18, 28, 334, 3, 21, 126, 23995 }, // U+049B
    { 21, 27, 375, 3, 27, 142, 24121 }, // U+049C
    { 17, 21, 317, 3, 21, 90, 24263 }, // U+049D
    { 24, 27, 375, 0, 27, 162, 24353 }, // U+049E
    { 20, 29, 320, 0, 29, 145, 24515 }, // U+049F
    { 26, 27, 416, 0, 27, 176, 24660 }, // U+04A0
    { 24, 21, 374, 0, 21, 126, 24836 }, // U+04A1
    { 25, 35, 453, 3, 27, 219, 24962 }, // U+04A2
    { 21, 28, 394, 3, 21, 147, 25181 }, // U+04A3
    { 28, 27, 489, 3, 27, 189, 25328 }, // U+04A4
    { 25, 21, 443, 3, 21, 132, 25517 }, // U+04A5
    { 36, 37, 634, 3, 27, 333, 25649 }, // U+04A6
    { 29, 31, 518, 3, 21, 225, 25982 }, // U+04A7
    { 26, 30, 467, 2, 28, 195, 26207 }, // U+04A8
    { 21, 23, 385, 2, 21, 121, 26402 }, // U+04A9
    { 21, 37, 379, 2, 28, 195, 26523 }, // U+04AA
    { 15, 30, 288, 2, 21, 113, 26718 }, // U+04AB
    { 21, 35, 334, 0, 27, 184, 26831 }, // U+04AC
    { 18, 28, 285, 0, 21, 126, 27015 }, // U+04AD
    { 22, 27, 340, 0, 27, 149, 27141 }, // U+04AE
    { 20, 30, 305, 0, 21, 150, 27290 }, // U+04AF
    { 22, 27, 340, 0, 27, 149, 27440 }, // U+04B0
    { 20, 30, 305, 0, 21, 150, 27589 }, // U+04B1
    { 24, 35, 379, 0, 27, 210, 27739 }, // U+04B2
    { 21, 28, 331, 0, 21, 147, 27949 }, // U+04B3
    { 32, 35, 517, 0, 27, 280, 28096 }, // U+04B4
    { 27, 28, 434, 0, 21, 189, 28376 }, // U+04B5
    { 23, 35, 422, 3, 27, 202, 28565 }, // U+04B6
    { 21, 28, 373, 2, 21, 147, 28767 }, // U+04B7
    { 20, 27, 419, 3, 27, 135, 28914 }, // U+04B8
    { 18, 21, 364, 2, 21, 95, 29049 }, // U+04B9
    { 21, 27, 419, 3, 27, 142, 29144 }, // U+04BA
    { 18, 29, 371, 3, 29, 131, 29286 }, // U+04BB
    { 29, 29, 509, 1, 28, 211, 29417 }, // U+04BC
    { 24, 22, 399, 0, 21, 132, 29628 }, // U+04BD
    { 29, 36, 509, 1, 28, 261, 29760 }, // U+04BE
    { 24, 28, 399, 0, 21, 168, 30021 }, // U+04BF
    { 11, 27, 203, 1, 27, 75, 30189 }, // U+04C0
    { 34, 34, 543, 0, 34, 289, 30264 }, // U+04C1
    { 29, 28, 455, 0, 28, 203, 30553 }, // U+04C2
    { 22, 37, 418, 3, 27, 204, 30756 }, // U+04C3
    { 17, 31, 336, 3, 21, 132, 30960 }, // U+04C4
    { 27, 35, 431, 0, 27, 237, 31092 }, // U+04C5
    { 22, 28, 352, 0, 21, 154, 31329 }, // U+04C6
    { 22, 37, 439, 3, 27, 204, 31483 }, // U+04C7
    { 18, 31, 373, 3, 21, 140, 31687 }, // U+04C8
    { 25, 35, 454, 3, 27, 219, 31827 }, // U+04C9
    { 22, 28, 397, 3, 21, 154, 32046 }, // U+04CA
    { 20, 35, 419, 3, 27, 175, 32200 }, // U+04CB
    { 18, 28, 368, 2, 21, 126, 32375 }, // U+04CC
    { 32, 35, 550, 3, 27, 280, 32501 }, // U+04CD
    { 26, 28, 453, 3, 21, 182, 32781 }, // U+04CE
    { 11, 27, 203, 1, 27, 75, 32963 }, // U+04CF
    { 24, 34, 383, 0, 34, 204, 33038 }, // U+04D0
    { 17, 29, 337, 1, 28, 124, 33242 }, // U+04D1
    { 24, 35, 383, 0, 35, 210, 33366 }, // U+04D2
    { 17, 29, 337, 1, 28, 124, 33576 }, // U+04D3
    { 32, 27, 529, -1, 27, 216, 33700 }, // U+04D4
    { 30, 22, 518, 1, 21, 165, 33916 }, // U+04D5
    { 16, 34, 334, 3, 34, 136, 34081 }, // U+04D6
    { 18, 29, 338, 2, 28, 131, 34217 }, // U+04D7
    { 24, 29, 443, 2, 28, 174, 34348 }, // U+04D8
    { 19, 22, 338, 1, 21, 105, 34522 }, // U+04D9
    { 24, 36, 443, 2, 35, 216, 34627 }, // U+04DA
    { 19, 29, 338, 1, 28, 138, 34843 }, // U+04DB
    { 34, 35, 543, 0, 35, 298, 34981 }, // U+04DC
    { 29, 28, 455, 0, 28, 203, 35279 }, // U+04DD
    { 19, 36, 346, 1, 35, 171, 35482 }, // U+04DE
    { 16, 29, 293, 1, 28, 116, 35653 }, // U+04DF
    { 19, 28, 350, 1, 27, 133, 35769 }, // U+04E0
    { 18, 30, 299, 0, 21, 135, 35902 }, // U+04E1
    { 22, 33, 454, 3, 33, 182, 36037 }, // U+04E2
    { 18, 26, 373, 3, 26, 117, 36219 }, // U+04E3
    { 22, 35, 454, 3, 35, 193, 36336 }, // U+04E4
    { 18, 28, 373, 3, 28, 126, 36529 }, // U+04E5
    { 25, 36, 469, 2, 35, 225, 36655 }, // U+04E6
    { 19, 29, 363, 2, 28, 138, 36880 }, // U+04E7
    { 25, 29, 469, 2, 28, 182, 37018 }, // U+04E8
    { 19, 22, 363, 2, 21, 105, 37200 }, // U+04E9
    { 25, 35, 469, 2, 34, 219, 37305 }, // U+04EA
    { 19, 29, 363, 2, 28, 138, 37524 }, // U+04EB
    { 22, 36, 388, 1, 35, 198, 37662 }, // U+04EC
    { 16, 29, 296, 1, 28, 116, 37860 }, // U+04ED
    { 24, 34, 370, 0, 33, 204, 37976 }, // U+04EE
    { 20, 35, 305, 0, 26, 175, 38180 }, // U+04EF
    { 24, 36, 370, 0, 35, 216, 38355 }, // U+04F0
    { 20, 37, 305, 0, 28, 185, 38571 }, // U+04F1
    { 24, 37, 370, 0, 36, 222, 38756 }, // U+04F2
    { 20, 38, 306, 0, 29, 190, 38978 }, // U+04F3
    { 20, 35, 404, 2, 35, 175, 39168 }, // U+04F4
    { 17, 28, 353, 2, 28, 119, 39343 }, // U+04F5
    { 17, 35, 318, 3, 27, 149, 39462 }, // U+04F6
    { 13, 28, 260, 3, 21, 91, 39611 }, // U+04F7
    { 26, 35, 509, 3, 35, 228, 39702 }, // U+04F8
    { 23, 28, 455, 3, 28, 161, 39930 }, // U+04F9
    { 20, 35, 318, 0, 27, 175, 40091 }, // U+04FA
    { 16, 29, 260, 0, 21, 116, 40266 }, // U+04FB
    { 23, 35, 379, 0, 27, 202, 40382 }, // U+04FC
    { 21, 29, 330, 0, 21, 153, 40584 }, // U+04FD
    { 22, 27, 352, 0, 27, 149, 40737 }, // U+04FE
    { 20, 21, 317, 0, 21, 105, 40886 }, // U+04FF
    { 24, 34, 383, 0, 27, 204, 0 }, // U+1EA0
    { 17, 28, 337, 1, 21, 119, 204 }, // U+1EA1
    { 24, 38, 383, 0, 38, 228, 323 }, // U+1EA2
    { 17, 32, 337, 1, 31, 136, 551 }, // U+1EA3
    { 24, 37, 383, 0, 37, 222, 687 }, // U+1EA4
    { 20, 32, 337, 1, 31, 160, 909 }, // U+1EA5
    { 24, 37, 383, 0, 37, 222, 1069 }, // U+1EA6
    { 18, 32, 337, 0, 31, 144, 1291 }, // U+1EA7
    { 24, 39, 383, 0, 39, 234, 1435 }, // U+1EA8
    { 19, 34, 337, 1, 33, 162, 1669 }, // U+1EA9
    { 24, 40, 383, 0, 40, 240, 1831 }, // U+1EAA
    { 17, 35, 337, 1, 34, 149, 2071 }, // U+1EAB
    { 24, 43, 383, 0, 36, 258, 2220 }, // U+1EAC
    { 17, 36, 337, 1, 29, 153, 2478 }, // U+1EAD
    { 24, 38, 383, 0, 38, 228, 2631 }, // U+1EAE
    { 17, 33, 337, 1, 32, 141, 2859 }, // U+1EAF
    { 24, 38, 383, 0, 38, 228, 3000 }, // U+1EB0
    { 17, 33, 337, 1, 32, 141, 3228 }, // U+1EB1
    { 24, 40, 383, 0, 40, 240, 3369 }, // U+1EB2
    { 17, 34, 337, 1, 33, 145, 3609 }, // U+1EB3
    { 24, 40, 383, 0, 40, 240, 3754 }, // U+1EB4
    { 17, 35, 337, 1, 34, 149, 3994 }, // U+1EB5
    { 24, 42, 383, 0, 35, 252, 4143 }, // U+1EB6
    { 17, 35, 337, 1, 28, 149, 4395 }, // U+1EB7
    { 16, 34, 334, 3, 27, 136, 4544 }, // U+1EB8
    { 18, 28, 338, 2, 21, 126, 4680 }, // U+1EB9
    { 16, 38, 334, 3, 38, 152, 4806 }, // U+1EBA
    { 18, 32, 338, 2, 31, 144, 4958 }, // U+1EBB
    { 16, 35, 334, 3, 35, 140, 5102 }, // U+1EBC
    { 18, 29, 338, 2, 28, 131, 5242 }, // U+1EBD
    { 18, 37, 334, 3, 37, 167, 5373 }, // U+1EBE
    { 19, 32, 338, 2, 31, 152, 5540 }, // U+1EBF
    { 18, 37, 334, 1, 37, 167, 5692 }, // U+1EC0
    { 19, 32, 338, 1, 31, 152, 5859 }, // U+1EC1
    { 17, 39, 334, 3, 39, 166, 6011 }, // U+1EC2
    { 18, 34, 338, 2, 33, 153, 6177 }, // U+1EC3
    { 16, 40, 334, 3, 40, 160, 6330 }, // U+1EC4
    { 18, 35, 338, 2, 34, 158, 6490 }, // U+1EC5
    { 16, 43, 334, 3, 36, 172, 6648 }, // U+1EC6
    { 18, 36, 338, 2, 29, 162, 6820 }, // U+1EC7
    { 11, 37, 203, 1, 37, 102, 6982 }, // U+1EC8
    { 8, 31, 155, 2, 31, 62, 7084 }, // U+1EC9
    { 11, 34, 203, 1, 27, 94, 7146 }, // U+1ECA
    { 5, 35, 155, 2, 28, 44, 7240 }, // U+1ECB
    { 25, 35, 469, 2, 28, 219, 7284 }, // U+1ECC
    { 19, 28, 363, 2, 21, 133, 7503 }, // U+1ECD
    { 25, 38, 469, 2, 37, 238, 7636 }, // U+1ECE
    { 19, 32, 363, 2, 31, 152, 7874 }, // U+1ECF
    { 25, 38, 469, 2, 37, 238, 8026 }, // U+1ED0
    { 20, 32, 363, 2, 31, 160, 8264 }, // U+1ED1
    { 25, 38, 469, 2, 37, 238, 8424 }, // U+1ED2
    { 20, 32, 363, 1, 31, 160, 8662 }, // U+1ED3
    { 25, 40, 469, 2, 39, 250, 8822 }, // U+1ED4
    { 19, 34, 363, 2, 33, 162, 9072 }, // U+1ED5
    { 25, 41, 469, 2, 40, 257, 9234 }, // U+1ED6
    { 19, 35, 363, 2, 34, 167, 9491 }, // U+1ED7
    { 25, 43, 469, 2, 36, 269, 9658 }, // U+1ED8
    { 19, 36, 363, 2, 29, 171, 9927 }, // U+1ED9
    { 29, 37, 470, 2, 36, 269, 10098 }, // U+1EDA
    { 23, 30, 370, 2, 29, 173, 10367 }, // U+1EDB
    { 29, 37, 470, 2, 36, 269, 10540 }, // U+1EDC
    { 23, 30, 370, 2, 29, 173, 10809 }, // U+1EDD
    { 29, 39, 470, 2, 38, 283, 10982 }, // U+1EDE
    { 23, 32, 370, 2, 31, 184, 11265 }, // U+1EDF
    { 29, 36, 470, 2, 35, 261, 11449 }, // U+1EE0
    { 23, 29, 370, 2, 28, 167, 11710 }, // U+1EE1
    { 29, 36, 470, 2, 29, 261, 11877 }, // U+1EE2
    { 23, 31, 370, 2, 24, 179, 12138 }, // U+1EE3
    { 21, 34, 439, 3, 27, 179, 12317 }, // U+1EE4
    { 18, 28, 371, 2, 21, 126, 12496 }, // U+1EE5
    { 21, 38, 439, 3, 37, 200, 12622 }, // U+1EE6
    { 18, 32, 371, 2, 31, 144, 12822 }, // U+1EE7
    { 28, 37, 468, 3, 36, 259, 12966 }, // U+1EE8
    { 25, 30, 404, 2, 29, 188, 13225 }, // U+1EE9
    { 28, 37, 468, 3, 36, 259, 13413 }, // U+1EEA
    { 25, 30, 404, 2, 29, 188, 13672 }, // U+1EEB
    { 28, 38, 468, 3, 37, 266, 13860 }, // U+1EEC
    { 25, 32, 404, 2, 31, 200, 14126 }, // U+1EED
    { 28, 36, 468, 3, 35, 252, 14326 }, // U+1EEE
    { 25, 29, 404, 2, 28, 182, 14578 }, // U+1EEF
    { 28, 36, 468, 3, 29, 252, 14760 }, // U+1EF0
    { 25, 31, 404, 2, 24, 194, 15012 }, // U+1EF1
    { 22, 36, 340, 0, 36, 198, 15206 }, // U+1EF2
    { 20, 38, 306, 0, 29, 190, 15404 }, // U+1EF3
    { 22, 34, 340, 0, 27, 187, 15594 }, // U+1EF4
    { 20, 30, 306, 0, 21, 150, 15781 }, // U+1EF5
    { 22, 37, 340, 0, 37, 204, 15931 }, // U+1EF6
    { 20, 40, 306, 0, 31, 200, 16135 }, // U+1EF7
    { 22, 35, 340, 0, 35, 193, 16335 }, // U+1EF8
    { 20, 37, 306, 0, 28, 185, 16528 }, // U+1EF9
    { 0, 0, 300, 0, 0, 0, 0 }, // U+2000
    { 0, 0, 600, 0, 0, 0, 0 }, // U+2001
    { 0, 0, 300, 0, 0, 0, 0 }, // U+2002
    { 0, 0, 600, 0, 0, 0, 0 }, // U+2003
    { 0, 0, 200, 0, 0, 0, 0 }, // U+2004
    { 0, 0, 150, 0, 0, 0, 0 }, // U+2005
    { 0, 0, 100, 0, 0, 0, 0 }, // U+2006
    { 0, 0, 343, 0, 0, 0, 0 }, // U+2007
    { 0, 0, 161, 0, 0, 0, 0 }, // U+2008
    { 0, 0, 100, 0, 0, 0, 0 }, // U+2009
    { 0, 0, 60, 0, 0, 0, 0 }, // U+200A
    { 0, 0, 0, 0, 0, 0, 0 }, // U+200B
    { 0, 0, 0, 0, 0, 0, 0 }, // U+200C
    { 0, 0, 0, 0, 0, 0, 0 }, // U+200D
    { 9, 31, 0, -1, 26, 70, 0 }, // U+200E
    { 9, 31, 0, -8, 26, 70, 70 }, // U+200F
    { 10, 4, 193, 1, 12, 10, 140 }, // U+2010
    { 10, 4, 193, 1, 12, 10, 150 }, // U+2011
    { 19, 3, 343, 1, 15, 15, 160 }, // U+2012
    { 17, 4, 300, 1, 12, 17, 175 }, // U+2013
    { 35, 4, 600, 1, 12, 35, 192 }, // U+2014
    { 35, 4, 600, 1, 12, 35, 227 }, // U+2015
    { 12, 39, 331, 4, 29, 117, 262 }, // U+2016
    { 17, 9, 247, -1, 0, 39, 379 }, // U+2017
    { 7, 10, 105, 0, 27, 18, 418 }, // U+2018
    { 7, 10, 105, 0, 27, 18, 436 }, // U+2019
    { 6, 10, 150, 1, 5, 15, 454 }, // U+201A
    { 7, 10, 105, 0, 27, 18, 469 }, // U+201B
    { 14, 10, 215, 0, 27, 35, 487 }, // U+201C
    { 14, 10, 215, 0, 27, 35, 522 }, // U+201D
    { 13, 10, 250, 1, 5, 33, 557 }, // U+201E
    { 14, 10, 215, 0, 27, 35, 590 }, // U+201F
    { 15, 29, 307, 2, 29, 109, 625 }, // U+2020
    { 15, 29, 307, 2, 29, 109, 734 }, // U+2021
    { 10, 10, 226, 2, 19, 25, 843 }, // U+2022
    { 11, 12, 221, 2, 20, 33, 868 }, // U+2023
    { 5, 6, 300, 7, 5, 8, 901 }, // U+2024
    { 16, 6, 322, 2, 5, 24, 909 }, // U+2025
    { 25, 6, 475, 2, 5, 38, 933 }, // U+2026
    { 6, 6, 161, 2, 12, 9, 971 }, // U+2027
    { 0, 0, 360, 0, 0, 0, 980 }, // U+2028
    { 0, 0, 360, 0, 0, 0, 980 }, // U+2029
    { 9, 28, 0, -1, 23, 63, 980 }, // U+202A
    { 9, 28, 0, -8, 23, 63, 1043 }, // U+202B
    { 10, 31, 0, -5, 26, 78, 1106 }, // U+202C
    { 10, 31, 0, -5, 26, 78, 1184 }, // U+202D
    { 10, 31, 0, -5, 26, 78, 1262 }, // U+202E
    { 0, 0, 100, 0, 0, 0, 1340 }, // U+202F
    { 42, 29, 706, 1, 28, 305, 1340 }, // U+2030
    { 56, 29, 926, 1, 28, 406, 1645 }, // U+2031
    { 9, 10, 139, 1, 27, 23, 2051 }, // U+2032
    { 16, 10, 245, 1, 27, 40, 2074 }, // U+2033
    { 22, 10, 350, 1, 27, 55, 2114 }, // U+2034
    { 9, 10, 139, -1, 27, 23, 2169 }, // U+2035
    { 15, 10, 264, -1, 27, 38, 2192 }, // U+2036
    { 21, 10, 361, -1, 27, 53, 2230 }, // U+2037
    { 15, 13, 239, 0, 4, 49, 2283 }, // U+2038
    { 10, 16, 186, 1, 18, 40, 2332 }, // U+2039
    { 10, 16, 186, 1, 18, 40, 2372 }, // U+203A
    { 29, 29, 502, 1, 28, 211, 2412 }, // U+203B
    { 14, 28, 299, 2, 27, 98, 2623 }, // U+203C
    { 16, 29, 266, 0, 28, 116, 2721 }, // U+203D
    { 20, 3, 300, -1, 31, 15, 2837 }, // U+203E
    { 22, 8, 365, 0, -1, 44, 2852 }, // U+203F
    { 22, 9, 365, 0, 30, 50, 2896 }, // U+2040
    { 14, 25, 224, 0, 16, 88, 2946 }, // U+2041
    { 42, 35, 671, 0, 29, 368, 3034 }, // U+2042
    { 10, 4, 193, 1, 12, 10, 3402 }, // U+2043
    { 20, 27, 78, -8, 27, 135, 3412 }, // U+2044
    { 10, 33, 194, 2, 27, 83, 3547 }, // U+2045
    { 10, 33, 194, 0, 27, 83, 3630 }, // U+2046
    { 32, 29, 513, 0, 28, 232, 3713 }, // U+2047
    { 23, 29, 407, 0, 28, 167, 3945 }, // U+2048
    { 23, 29, 409, 2, 28, 167, 4112 }, // U+2049
    { 19, 21, 343, 1, 21, 100, 4279 }, // U+204A
    { 20, 34, 393, 3, 29, 170, 4379 }, // U+204B
    { 19, 20, 383, 2, 21, 95, 4549 }, // U+204C
    { 19, 20, 383, 3, 21, 95, 4644 }, // U+204D
    { 19, 18, 331, 1, 10, 86, 4739 }, // U+204E
    { 7, 26, 142, 1, 21, 46, 4825 }, // U+204F
    { 22, 39, 363, 0, 30, 215, 4871 }, // U+2050
    { 19, 37, 331, 1, 29, 176, 5086 }, // U+2051
    { 14, 29, 223, 0, 28, 102, 5262 }, // U+2052
    { 33, 6, 600, 2, 14, 50, 5364 }, // U+2053
    { 22, 9, 363, 0, 0, 50, 5414 }, // U+2054
    { 20, 20, 343, 1, 19, 100, 5464 }, // U+2055
    { 17, 29, 310, 1, 28, 124, 5564 }, // U+2056
    { 28, 10, 445, 1, 27, 70, 5688 }, // U+2057
    { 28, 29, 493, 1, 28, 203, 5758 }, // U+2058
    { 29, 29, 497, 1, 28, 211, 5961 }, // U+2059
    { 6, 29, 133, 1, 28, 44, 6172 }, // U+205A
    { 22, 30, 392, 1, 29, 165, 6216 }, // U+205B
    { 28, 29, 478, 1, 28, 203, 6381 }, // U+205C
    { 6, 28, 161, 2, 27, 42, 6584 }, // U+205D
    { 6, 29, 161, 2, 28, 44, 6626 }, // U+205E
    { 0, 0, 133, 0, 0, 0, 6670 }, // U+205F
    { 0, 0, 360, 0, 0, 0, 6670 }, // U+2060
    { 0, 0, 360, 0, 0, 0, 6670 }, // U+2061
    { 0, 0, 360, 0, 0, 0, 6670 }, // U+2062
    { 0, 0, 360, 0, 0, 0, 6670 }, // U+2063
    { 0, 0, 360, 0, 0, 0, 6670 }, // U+2064
    { 0, 0, 0, 0, 0, 0, 6670 }, // U+2066
    { 0, 0, 0, 0, 0, 0, 6670 }, // U+2067
    { 0, 0, 0, 0, 0, 0, 6670 }, // U+2068
    { 0, 0, 0, 0, 0, 0, 6670 }, // U+2069
    { 10, 31, 0, -5, 26, 78, 6670 }, // U+206A
    { 10, 31, 0, -5, 26, 78, 6748 }, // U+206B
    { 10, 31, 0, -5, 26, 78, 6826 }, // U+206C
    { 10, 31, 0, -5, 26, 78, 6904 }, // U+206D
    { 10, 31, 0, -5, 26, 78, 6982 }, // U+206E
    { 10, 31, 0, -5, 26, 78, 7060 }, // U+206F
    { 13, 17, 210, 0, 32, 56, 0 }, // U+2070
    { 4, 18, 101, 1, 28, 18, 56 }, // U+2071
    { 13, 17, 210, 0, 32, 56, 74 }, // U+2074
    { 11, 17, 210, 1, 32, 47, 130 }, // U+2075
    { 13, 17, 210, 0, 32, 56, 177 }, // U+2076
    { 12, 17, 210, 1, 32, 51, 233 }, // U+2077
    { 13, 17, 210, 0, 32, 56, 284 }, // U+2078
    { 13, 18, 210, 0, 33, 59, 340 }, // U+2079
    { 11, 11, 203, 1, 28, 31, 399 }, // U+207A
    { 11, 3, 203, 1, 24, 9, 430 }, // U+207B
    { 11, 7, 203, 1, 26, 20, 439 }, // U+207C
    { 7, 22, 136, 2, 35, 39, 459 }, // U+207D
    { 7, 22, 136, 0, 35, 39, 498 }, // U+207E
    { 12, 14, 241, 2, 24, 42, 537 }, // U+207F
    { 13, 17, 210, 0, 12, 56, 579 }, // U+2080
    { 8, 17, 210, 1, 12, 34, 635 }, // U+2081
    { 12, 17, 210, 0, 12, 51, 669 }, // U+2082
    { 13, 17, 210, 0, 12, 56, 720 }, // U+2083
    { 13, 17, 210, 0, 12, 56, 776 }, // U+2084
    { 11, 17, 210, 1, 12, 47, 832 }, // U+2085
    { 13, 17, 210, 0, 12, 56, 879 }, // U+2086
    { 12, 17, 210, 1, 12, 51, 935 }, // U+2087
    { 13, 17, 210, 0, 12, 56, 986 }, // U+2088
    { 13, 18, 210, 0, 13, 59, 1042 }, // U+2089
    { 11, 11, 203, 1, 8, 31, 1101 }, // U+208A
    { 11, 3, 203, 1, 4, 9, 1132 }, // U+208B
    { 11, 7, 203, 1, 6, 20, 1141 }, // U+208C
    { 7, 22, 136, 2, 14, 39, 1161 }, // U+208D
    { 7, 22, 136, 0, 14, 39, 1200 }, // U+208E
    { 11, 13, 219, 1, 9, 36, 1239 }, // U+2090
    { 12, 13, 220, 1, 9, 39, 1275 }, // U+2091
    { 13, 13, 236, 1, 9, 43, 1314 }, // U+2092
    { 13, 13, 206, 0, 9, 43, 1357 }, // U+2093
    { 12, 13, 220, 1, 9, 39, 1400 }, // U+2094
    { 12, 18, 241, 2, 14, 54, 1439 }, // U+2095
    { 11, 18, 208, 2, 14, 50, 1493 }, // U+2096
    { 3, 18, 101, 2, 14, 14, 1543 }, // U+2097
    { 19, 13, 365, 2, 9, 62, 1557 }, // U+2098
    { 12, 13, 241, 2, 9, 39, 1619 }, // U+2099
    { 12, 18, 240, 2, 9, 54, 1658 }, // U+209A
    { 10, 13, 187, 1, 9, 33, 1712 }, // U+209B
    { 9, 16, 141, 0, 12, 36, 1745 }, // U+209C
    { 20, 28, 343, 1, 28, 140, 0 }, // U+20A0
    { 20, 32, 343, 1, 29, 160, 140 }, // U+20A1
    { 19, 29, 343, 2, 28, 138, 300 }, // U+20A2
    { 19, 27, 343, 1, 27, 129, 438 }, // U+20A3
    { 20, 28, 343, 1, 28, 140, 567 }, // U+20A4
    { 30, 30, 561, 3, 25, 225, 707 }, // U+20A5
    { 22, 27, 343, 0, 27, 149, 932 }, // U+20A6
    { 26, 28, 466, 2, 27, 182, 1081 }, // U+20A7
    { 27, 28, 500, 3, 27, 189, 1263 }, // U+20A8
    { 25, 27, 402, 0, 27, 169, 1452 }, // U+20A9
    { 24, 27, 479, 3, 27, 162, 1621 }, // U+20AA
    { 21, 35, 370, 2, 29, 184, 1783 }, // U+20AB
    { 21, 29, 343, 0, 28, 153, 1967 }, // U+20AC
    { 22, 27, 343, 0, 27, 149, 2120 }, // U+20AD
    { 21, 27, 343, 0, 27, 142, 2269 }, // U+20AE
    { 36, 37, 582, 0, 28, 333, 2411 }, // U+20AF
    { 20, 37, 343, 0, 28, 185, 2744 }, // U+20B0
    { 22, 27, 343, 0, 27, 149, 2929 }, // U+20B1
    { 23, 32, 437, 2, 29, 184, 3078 }, // U+20B2
    { 23, 27, 365, 0, 27, 156, 3262 }, // U+20B3
    { 21, 29, 329, 0, 28, 153, 3418 }, // U+20B4
    { 21, 32, 379, 2, 29, 168, 3571 }, // U+20B5
    { 23, 26, 373, 0, 25, 150, 3739 }, // U+20B6
    { 26, 31, 436, 0, 28, 202, 3889 }, // U+20B7
    { 20, 27, 328, 0, 27, 135, 4091 }, // U+20B8
    { 17, 27, 343, 2, 27, 115, 4226 }, // U+20B9
    { 21, 28, 343, 0, 27, 147, 4341 }, // U+20BA
    { 29, 29, 469, 0, 28, 211, 4488 }, // U+20BB
    { 26, 27, 486, 2, 27, 176, 4699 }, // U+20BC
    { 21, 27, 349, 0, 27, 142, 4875 }, // U+20BD
    { 25, 29, 463, 2, 29, 182, 5017 }, // U+20BE
    { 18, 35, 343, 3, 31, 158, 5199 }, // U+20BF
    { 16, 27, 296, 1, 21, 108, 5357 }, // U+20C0
    { 19, 4, 343, 1, 15, 19, 0 }, // U+2212
    { 28, 29, 413, 0, 29, 203, 0 }, // U+FB00
    { 20, 29, 361, 0, 29, 145, 203 }, // U+FB01
    { 20, 29, 361, 0, 29, 145, 348 }, // U+FB02
    { 33, 29, 568, 0, 29, 240, 493 }, // U+FB03
    { 33, 29, 568, 0, 29, 240, 733 }, // U+FB04
    { 22, 30, 404, 3, 29, 165, 973 }, // U+FB05
    { 30, 30, 504, 1, 29, 225, 1138 }, // U+FB06
    { 35, 35, 600, 1, 29, 307, 0 }, // U+FFFD
};

static const EpdUnicodeInterval notosans_18_regularIntervals[] = {
    { 0x0, 0x0, 0x0 },
    { 0xD, 0xD, 0x1 },
    { 0x20, 0x7E, 0x2 },
    { 0xA0, 0x17F, 0x61 },
    { 0x1A0, 0x1A1, 0x141 },
    { 0x1AF, 0x1B0, 0x143 },
    { 0x1C4, 0x21F, 0x145 },
    { 0x300, 0x36F, 0x1A1 },
    { 0x400, 0x4FF, 0x211 },
    { 0x1EA0, 0x1EF9, 0x311 },
    { 0x2000, 0x2064, 0x36B },
    { 0x2066, 0x2071, 0x3D0 },
    { 0x2074, 0x208E, 0x3DC },
    { 0x2090, 0x209C, 0x3F7 },
    { 0x20A0, 0x20C0, 0x404 },
    { 0x2212, 0x2212, 0x425 },
    { 0xFB00, 0xFB06, 0x426 },
    { 0xFFFD, 0xFFFD, 0x42D },
};

static const EpdFontGroup notosans_18_regularGroups[] = {
    { 0, 3996, 11305, 97, 0 },
    { 3996, 3610, 13593, 96, 97 },
    { 7606, 4403, 20862, 128, 193 },
    { 12009, 4310, 19030, 96, 321 },
    { 16319, 1490, 2918, 112, 417 },
    { 17809, 11144, 43779, 256, 529 },
    { 28953, 2779, 17860, 90, 785 },
    { 31732, 2543, 7797, 111, 875 },
    { 34275, 774, 1999, 42, 986 },
    { 35049, 2356, 5853, 33, 1028 },
    { 37405, 17, 20, 1, 1061 },
    { 37422, 355, 1435, 7, 1062 },
    { 37777, 160, 315, 1, 1069 },
};

static const uint16_t notosans_18_regularKernLeftCodepoints[] = {
    0x0022, 0x0026, 0x0027, 0x0028, 0x002C, 0x002D, 0x002E, 0x003A, 0x0041, 0x0042, 0x0043, 0x0044,
    0x0045, 0x0046, 0x004B, 0x004C, 0x004F, 0x0050, 0x0051, 0x0052, 0x0054, 0x0055, 0x0056, 0x0057,
    0x0058, 0x0059, 0x005A, 0x005B, 0x005F, 0x0061, 0x0062, 0x0063, 0x0065, 0x0066, 0x0068, 0x006D,
    0x006E, 0x006F, 0x0070, 0x0072, 0x0074, 0x0076, 0x0077, 0x0078, 0x0079, 0x007B, 0x00A1, 0x00AB,
    0x00BB, 0x00BF, 0x00C0, 0x00C1, 0x00C2, 0x00C3, 0x00C4, 0x00C5, 0x00C6, 0x00C7, 0x00C8, 0x00C9,
    0x00CA, 0x00CB, 0x00D0, 0x00D2, 0x00D3, 0x00D4, 0x00D5, 0x00D6, 0x00D8, 0x00D9, 0x00DA, 0x00DB,
    0x00DC, 0x00DD, 0x00DE, 0x00E0, 0x00E1, 0x00E2, 0x00E3, 0x00E4, 0x00E5, 0x00E6, 0x00E8, 0x00E9,
    0x00EA, 0x00EB, 0x00EE, 0x00EF, 0x00F0, 0x00F2, 0x00F3, 0x00F4, 0x00F5, 0x00F6, 0x00F8, 0x00FD,
    0x00FE, 0x00FF, 0x0100, 0x0101, 0x0102, 0x0103, 0x0104, 0x0105, 0x0106, 0x0108, 0x010A, 0x010C,
    0x010E, 0x010F, 0x0110, 0x0112, 0x0113, 0x0114, 0x0115, 0x0116, 0x0117, 0x0118, 0x0119, 0x011A,
    0x011B, 0x0125, 0x0129, 0x012B, 0x012E, 0x0136, 0x0138, 0x0139, 0x013B, 0x013D, 0x013E, 0x013F,
    0x0141, 0x0144, 0x0146, 0x0149, 0x014B, 0x014C, 0x014D, 0x014E, 0x014F, 0x0150, 0x0151, 0x0152,
    0x0153, 0x0155, 0x0157, 0x0159, 0x0162, 0x0163, 0x0164, 0x0165, 0x0166, 0x0167, 0x0168, 0x016A,
    0x016C, 0x016E, 0x0170, 0x0172, 0x0174, 0x0175, 0x0176, 0x0177, 0x0178, 0x0179, 0x017B, 0x017D,
    0x01A0, 0x01A1, 0x01AF, 0x01B0, 0x01FA, 0x01FB, 0x01FC, 0x01FD, 0x01FE, 0x020B, 0x021A, 0x021B,
    0x0400, 0x0401, 0x0402, 0x0403, 0x0404, 0x0405, 0x0409, 0x040A, 0x040B, 0x040C, 0x040E, 0x0410,
    0x0411, 0x0412, 0x0413, 0x0414, 0x0415, 0x0416, 0x0417, 0x041A, 0x041E, 0x0420, 0x0421, 0x0422,
    0x0423, 0x0424, 0x0425, 0x0426, 0x0429, 0x042A, 0x042C, 0x042D, 0x042E, 0x0430, 0x0431, 0x0432,
    0x0433, 0x0434, 0x0435, 0x0436, 0x0437, 0x0438, 0x0439, 0x043A, 0x043B, 0x043C, 0x043D, 0x043E,
    0x043F, 0x0440, 0x0441, 0x0442, 0x0443, 0x0444, 0x0445, 0x0446, 0x0447, 0x0448, 0x0449, 0x044A,
    0x044B, 0x044C, 0x044D, 0x044E, 0x044F, 0x0450, 0x0451, 0x0452, 0x0453, 0x0454, 0x0455, 0x0457,
    0x0458, 0x0459, 0x045A, 0x045B, 0x045C, 0x045D, 0x045E, 0x045F, 0x0460, 0x0461, 0x0462, 0x0463,
    0x0464, 0x0465, 0x0466, 0x0467, 0x0468, 0x0469, 0x046E, 0x0471, 0x0472, 0x0473, 0x0474, 0x0475,
    0x0476, 0x0477, 0x0478, 0x0479, 0x047A, 0x047B, 0x047C, 0x047D, 0x047E, 0x047F, 0x0480, 0x048A,
    0x048B, 0x048C, 0x048D, 0x048E, 0x048F, 0x0490, 0x0491, 0x0492, 0x0493, 0x0496, 0x0497, 0x0498,
    0x0499, 0x049A, 0x049B, 0x049C, 0x049D, 0x049E, 0x049F, 0x04A0, 0x04A1, 0x04A2, 0x04A3, 0x04A4,
    0x04A5, 0x04A9, 0x04AA, 0x04AB, 0x04AC, 0x04AD, 0x04AE, 0x04AF, 0x04B0, 0x04B1, 0x04B2, 0x04B3,
    0x04B4, 0x04B5, 0x04B6, 0x04B7, 0x04BC, 0x04BD, 0x04BE, 0x04BF, 0x04C1, 0x04C2, 0x04C5, 0x04C6,
    0x04C9, 0x04CA, 0x04CD, 0x04CE, 0x04D0, 0x04D1, 0x04D2, 0x04D3, 0x04D4, 0x04D5, 0x04D6, 0x04D7,
    0x04D8, 0x04D9, 0x04DA, 0x04DB, 0x04DC, 0x04DD, 0x04DE, 0x04DF, 0x04E3, 0x04E5, 0x04E6, 0x04E7,
    0x04E8, 0x04E9, 0x04EA, 0x04EB, 0x04EC, 0x04ED, 0x04EE, 0x04EF, 0x04F0, 0x04F1, 0x04F2, 0x04F3,
    0x04F5, 0x04F6, 0x04F7, 0x04F9, 0x04FA, 0x04FB, 0x04FC, 0x04FD, 0x04FE, 0x04FF, 0x1EA0, 0x1EA1,
    0x1EA2, 0x1EA3, 0x1EA4, 0x1EA5, 0x1EA6, 0x1EA7, 0x1EA8, 0x1EA9, 0x1EAA, 0x1EAB, 0x1EAC, 0x1EAD,
    0x1EAE, 0x1EAF, 0x1EB0, 0x1EB1, 0x1EB2, 0x1EB3, 0x1EB4, 0x1EB5, 0x1EB6, 0x1EB7, 0x1EB8, 0x1EB9,
    0x1EBA, 0x1EBB, 0x1EBC, 0x1EBD, 0x1EBE, 0x1EBF, 0x1EC0, 0x1EC1, 0x1EC2, 0x1EC3, 0x1EC4, 0x1EC5,
    0x1EC6, 0x1EC7, 0x1ECC, 0x1ECD, 0x1ECE, 0x1ECF, 0x1ED0, 0x1ED1, 0x1ED2, 0x1ED3, 0x1ED4, 0x1ED5,
    0x1ED6, 0x1ED7, 0x1ED8, 0x1ED9, 0x1EDA, 0x1EDB, 0x1EDC, 0x1EDD, 0x1EDE, 0x1EDF, 0x1EE0, 0x1EE1,
    0x1EE2, 0x1EE3, 0x1EE4, 0x1EE6, 0x1EE8, 0x1EE9, 0x1EEA, 0x1EEB, 0x1EEC, 0x1EED, 0x1EEE, 0x1EEF,
    0x1EF0, 0x1EF1, 0x1EF2, 0x1EF3, 0x1EF4, 0x1EF5, 0x1EF6, 0x1EF7, 0x1EF8, 0x1EF9, 0x2013, 0x2014,
    0x2015, 0x2018, 0x2019, 0x201A, 0x201C, 0x201D, 0x201E, 0x2039, 0x203A, 0xFB00,
};

static const uint8_t notosans_18_regularKernLeftClassIds[] = {
      1,   2,   1,   3,   4,   5,   4,   6,   7,   8,   9,  10,  11,  12,   9,  13,
     10,  14,  10,  15,  16,  17,  18,  18,   9,  19,  20,   3,  21,  22,  23,  24,
     23,  25,  22,  22,  22,  23,  23,  26,  24,  27,  27,  28,  27,   3,  29,  30,
     31,  32,   7,   7,   7,   7,   7,   7,  11,   9,  11,  11,  11,  11,  10,  10,
     10,  10,  10,  10,  10,  17,  17,  17,  17,  19,  14,  22,  22,  22,  22,  22,
     22,  23,  23,  23,  23,  23,  33,  33,  23,  23,  23,  23,  23,  23,  23,  27,
     23,  27,   7,  22,   7,  22,  34,  22,   9,   9,   9,   9,  10,  35,  10,  11,
     23,  11,  23,  11,  23,  11,  23,  11,  23,  22,  36,  33,  37,   9,  28,  13,
     13,  13,  35,  13,  13,  22,  22,  22,  22,  10,  23,  10,  23,  10,  23,  11,
     23,  26,  26,  26,  16,  24,  16,  38,  16,  24,  17,  17,  17,  17,  17,  17,
     18,  27,  19,  27,  19,  20,  20,  20,  39,  40,  41,  42,   7,  22,  11,  23,
     10,  33,  16,  24,  43,  43,  44,  45,  46,  47,  48,  48,  44,  49,  50,  51,
     52,  53,  45,  54,  43,  49,  53,  49,  55,  56,  46,  45,  50,  57,  49,  54,
     54,  48,  48,  55,  55,  58,  59,  60,  61,  62,  63,  64,  60,  65,  65,  64,
     65,  65,  65,  63,  65,  63,  66,  61,  67,  63,  64,  62,  65,  65,  62,  68,
     65,  68,  63,  63,  65,  63,  63,  69,  61,  66,  70,  71,  72,  68,  68,  73,
     64,  65,  67,  65,  55,  74,  75,  68,  46,  66,  51,  76,  51,  76,  77,  63,
     55,  63,  50,  74,  50,  74,  67,  67,  55,  63,  55,  63,  55,  74,  46,  54,
     62,  75,  68,  56,  63,  78,  79,  80,  81,  82,  83,  77,  60,  82,  83,  49,
     64,  49,  64,  49,  64,  54,  62,  80,  79,  63,  46,  66,  78,  79,  84,  85,
     84,  85,  82,  83,  54,  62,  54,  62,  86,  87,  86,  87,  49,  64,  54,  62,
     54,  62,  54,  62,  51,  58,  51,  58,  43,  87,  43,  87,  55,  63,  55,  63,
     49,  64,  77,  60,  65,  65,  55,  63,  55,  63,  55,  63,  55,  63,  50,  67,
     50,  67,  50,  67,  65,  78,  79,  65,  80,  81,  82,  83,  49,  83,   7,  22,
      7,  22,   7,  22,   7,  22,   7,  22,   7,  22,   7,  22,   7,  22,   7,  22,
      7,  22,   7,  22,   7,  22,  11,  23,  11,  23,  11,  23,  11,  23,  11,  23,
     11,  23,  11,  23,  11,  23,  10,  23,  10,  23,  10,  23,  10,  23,  10,  23,
     10,  23,  10,  23,  39,  40,  39,  40,  39,  40,  39,  40,  39,  40,  17,  17,
     41,  42,  41,  42,  41,  42,  41,  42,  41,  42,  19,  27,  19,  27,  19,  27,
     19,  27,   5,   5,   5,   1,   1,   4,   1,   1,   4,  30,  31,  25,
};

static const uint16_t notosans_18_regularKernRightCodepoints[] = {
    0x0021, 0x0022, 0x0026, 0x0027, 0x0029, 0x002C, 0x002D, 0x002E, 0x003A, 0x003B, 0x003F, 0x0041,
    0x0043, 0x0047, 0x0049, 0x004A, 0x004F, 0x0051, 0x0054, 0x0055, 0x0056, 0x0057, 0x0058, 0x0059,
    0x005A, 0x005D, 0x0061, 0x0062, 0x0063, 0x0064, 0x0065, 0x0066, 0x0067, 0x0068, 0x006A, 0x006B,
    0x006C, 0x006D, 0x006E, 0x006F, 0x0070, 0x0071, 0x0072, 0x0073, 0x0074, 0x0075, 0x0076, 0x0077,
    0x0078, 0x0079, 0x007A, 0x007D, 0x00AB, 0x00BB, 0x00C0, 0x00C1, 0x00C2, 0x00C3, 0x00C4, 0x00C5,
    0x00C6, 0x00C7, 0x00D2, 0x00D3, 0x00D4, 0x00D5, 0x00D6, 0x00D8, 0x00D9, 0x00DA, 0x00DB, 0x00DC,
    0x00DD, 0x00E0, 0x00E1, 0x00E2, 0x00E3, 0x00E4, 0x00E5, 0x00E6, 0x00E7, 0x00E8, 0x00E9, 0x00EA,
    0x00EB, 0x00F2, 0x00F3, 0x00F4, 0x00F5, 0x00F6, 0x00F8, 0x00F9, 0x00FA, 0x00FB, 0x00FC, 0x00FD,
    0x00FE, 0x00FF, 0x0100, 0x0101, 0x0102, 0x0103, 0x0104, 0x0105, 0x0106, 0x0107, 0x0108, 0x0109,
    0x010A, 0x010B, 0x010C, 0x010D, 0x010F, 0x0111, 0x0113, 0x0115, 0x0117, 0x0119, 0x011B, 0x011C,
    0x011D, 0x011E, 0x011F, 0x0120, 0x0121, 0x0122, 0x0123, 0x0125, 0x0127, 0x0129, 0x0137, 0x0138,
    0x013A, 0x013C, 0x013E, 0x0140, 0x0144, 0x0146, 0x014B, 0x014C, 0x014D, 0x014E, 0x014F, 0x0150,
    0x0151, 0x0152, 0x0153, 0x0155, 0x0157, 0x015B, 0x015F, 0x0162, 0x0163, 0x0164, 0x0165, 0x0166,
    0x0167, 0x0168, 0x0169, 0x016A, 0x016B, 0x016C, 0x016D, 0x016E, 0x016F, 0x0170, 0x0171, 0x0172,
    0x0173, 0x0174, 0x0175, 0x0176, 0x0177, 0x0178, 0x0179, 0x017A, 0x017B, 0x017C, 0x017D, 0x017E,
    0x01A0, 0x01A1, 0x01AF, 0x01B0, 0x01FA, 0x01FB, 0x01FC, 0x01FD, 0x01FE, 0x01FF, 0x0219, 0x021A,
    0x021B, 0x0402, 0x0404, 0x0405, 0x0408, 0x0409, 0x040B, 0x040E, 0x0410, 0x0414, 0x0416, 0x0417,
    0x041B, 0x041E, 0x0421, 0x0422, 0x0423, 0x0424, 0x0425, 0x0427, 0x042A, 0x042D, 0x042F, 0x0430,
    0x0431, 0x0432, 0x0433, 0x0434, 0x0435, 0x0436, 0x0437, 0x0438, 0x0439, 0x043A, 0x043B, 0x043C,
    0x043D, 0x043E, 0x043F, 0x0440, 0x0441, 0x0442, 0x0443, 0x0444, 0x0445, 0x0446, 0x0447, 0x0448,
    0x0449, 0x044A, 0x044B, 0x044C, 0x044D, 0x044E, 0x044F, 0x0450, 0x0451, 0x0452, 0x0453, 0x0454,
    0x0455, 0x0457, 0x0458, 0x0459, 0x045A, 0x045B, 0x045C, 0x045D, 0x045E, 0x045F, 0x0460, 0x0461,
    0x0462, 0x0465, 0x0466, 0x0467, 0x0469, 0x046D, 0x046E, 0x0470, 0x0472, 0x0473, 0x0474, 0x0475,
    0x0476, 0x0477, 0x0478, 0x0479, 0x047A, 0x047B, 0x047C, 0x047D, 0x047E, 0x047F, 0x0480, 0x0481,
    0x048B, 0x048C, 0x048D, 0x048F, 0x0491, 0x0492, 0x0495, 0x0496, 0x0497, 0x0498, 0x0499, 0x049B,
    0x049D, 0x049F, 0x04A0, 0x04A1, 0x04A3, 0x04A5, 0x04A7, 0x04A8, 0x04A9, 0x04AA, 0x04AB, 0x04AC,
    0x04AD, 0x04AE, 0x04AF, 0x04B0, 0x04B1, 0x04B2, 0x04B3, 0x04B4, 0x04B5, 0x04B6, 0x04B7, 0x04B8,
    0x04B9, 0x04BB, 0x04BC, 0x04BD, 0x04BE, 0x04BF, 0x04C1, 0x04C2, 0x04C4, 0x04C5, 0x04C6, 0x04C8,
    0x04CA, 0x04CB, 0x04CC, 0x04CE, 0x04D0, 0x04D1, 0x04D2, 0x04D3, 0x04D4, 0x04D5, 0x04D7, 0x04D8,
    0x04D9, 0x04DA, 0x04DB, 0x04DC, 0x04DD, 0x04DE, 0x04DF, 0x04E3, 0x04E5, 0x04E6, 0x04E7, 0x04E8,
    0x04E9, 0x04EA, 0x04EB, 0x04EC, 0x04ED, 0x04EE, 0x04EF, 0x04F0, 0x04F1, 0x04F2, 0x04F3, 0x04F4,
    0x04F5, 0x04F7, 0x04F9, 0x04FA, 0x04FC, 0x04FD, 0x04FE, 0x04FF, 0x1EA0, 0x1EA1, 0x1EA2, 0x1EA3,
    0x1EA4, 0x1EA5, 0x1EA6, 0x1EA7, 0x1EA8, 0x1EA9, 0x1EAA, 0x1EAB, 0x1EAC, 0x1EAD, 0x1EAE, 0x1EAF,
    0x1EB0, 0x1EB1, 0x1EB2, 0x1EB3, 0x1EB4, 0x1EB5, 0x1EB6, 0x1EB7, 0x1EB9, 0x1EBB, 0x1EBD, 0x1EBF,
    0x1EC1, 0x1EC3, 0x1EC5, 0x1EC7, 0x1ECC, 0x1ECD, 0x1ECE, 0x1ECF, 0x1ED0, 0x1ED1, 0x1ED2, 0x1ED3,
    0x1ED4, 0x1ED5, 0x1ED6, 0x1ED7, 0x1ED8, 0x1ED9, 0x1EDA, 0x1EDB, 0x1EDC, 0x1EDD, 0x1EDE, 0x1EDF,
    0x1EE0, 0x1EE1, 0x1EE2, 0x1EE3, 0x1EE4, 0x1EE5, 0x1EE6, 0x1EE7, 0x1EE8, 0x1EE9, 0x1EEA, 0x1EEB,
    0x1EEC, 0x1EED, 0x1EEE, 0x1EEF, 0x1EF0, 0x1EF1, 0x1EF2, 0x1EF4, 0x1EF5, 0x1EF6, 0x1EF7, 0x1EF8,
    0x1EF9, 0x2013, 0x2014, 0x2015, 0x2018, 0x2019, 0x201A, 0x201C, 0x201D, 0x201E, 0x2026, 0x2039,
    0x203A, 0xFB00, 0xFB01, 0xFB02, 0xFB03, 0xFB04,
};

static const uint8_t notosans_18_regularKernRightClassIds[] = {
      1,   2,   3,   2,   4,   5,   6,   5,   7,   7,   8,   9,  10,  10,  11,  12,
     10,  10,  13,  14,  15,  15,  16,  17,  18,   4,  19,  20,  21,  21,  21,  22,
     23,  20,  24,  20,  20,  25,  25,  21,  25,  21,  25,  26,  22,  25,  27,  27,
     27,  27,  28,   4,  29,  30,   9,   9,   9,   9,   9,   9,  31,  10,  10,  10,
     10,  10,  10,  10,  14,  14,  14,  14,  17,  21,  19,  19,  19,  19,  19,  19,
     21,  21,  21,  21,  21,  21,  21,  21,  21,  21,  21,  25,  25,  25,  25,  27,
     20,  27,   9,  19,   9,  19,   9,  19,  10,  21,  10,  21,  10,  21,  10,  21,
     21,  21,  21,  21,  21,  21,  21,  10,  23,  10,  23,  10,  23,  10,  23,  20,
     32,  33,  20,  25,  20,  20,  20,  20,  25,  25,  25,  10,  21,  10,  21,  10,
     21,  10,  21,  25,  25,  26,  26,  13,  22,  13,  22,  13,  22,  14,  25,  14,
     25,  14,  25,  14,  25,  14,  25,  14,  25,  15,  27,  17,  27,  17,  18,  28,
     18,  28,  18,  28,  10,  21,  14,  25,   9,  19,  31,  19,  10,  21,  26,  13,
     22,  34,  35,  36,  37,  38,  34,  39,  40,  41,  42,  43,  38,  35,  35,  34,
     39,  44,  42,  45,  34,  43,  46,  47,  48,  49,  49,  50,  51,  52,  53,  49,
     49,  49,  54,  49,  49,  51,  49,  49,  51,  55,  56,  51,  52,  49,  57,  49,
     49,  55,  49,  49,  53,  49,  58,  51,  51,  59,  49,  51,  60,  61,  62,  54,
     49,  59,  49,  49,  56,  49,  63,  64,  65,  66,  40,  50,  66,  66,  43,  45,
     63,  47,  67,  64,  67,  64,  63,  47,  63,  47,  63,  47,  63,  64,  63,  47,
     66,  65,  59,  66,  66,  65,  66,  42,  52,  43,  53,  66,  66,  59,  68,  55,
     66,  66,  66,  63,  47,  63,  47,  34,  55,  69,  70,  69,  70,  42,  52,  68,
     55,  45,  57,  45,  57,  66,  71,  72,  71,  72,  42,  52,  66,  73,  50,  66,
     66,  45,  57,  66,  40,  74,  40,  74,  40,  74,  47,  75,  74,  75,  74,  42,
     52,  43,  53,  49,  49,  63,  47,  63,  47,  63,  47,  43,  53,  39,  56,  39,
     56,  39,  56,  45,  57,  66,  49,  65,  42,  52,  42,  52,   9,  19,   9,  19,
      9,  19,   9,  19,   9,  19,   9,  19,   9,  19,   9,  19,   9,  19,   9,  19,
      9,  19,   9,  19,  21,  21,  21,  21,  21,  21,  21,  21,  10,  21,  10,  21,
     10,  21,  10,  21,  10,  21,  10,  21,  10,  21,  10,  21,  10,  21,  10,  21,
     10,  21,  10,  21,  14,  25,  14,  25,  14,  25,  14,  25,  14,  25,  14,  25,
     14,  25,  17,  17,  27,  17,  27,  17,  27,   6,   6,   6,  76,   2,   5,  76,
      2,   5,   5,  29,  30,  22,  22,  22,  22,  22,
};

static const uint16_t notosans_18_regularKernRowOffsets[] = {
        0,    29,    32,    37,    54,    61,    66,    72,    73,    75,    82,    83,    87,    93,   100,   101,
      117,   119,   130,   143,   145,   146,   147,   150,   151,   154,   159,   162,   163,   167,   173,   182,
      186,   187,   193,   200,   202,   203,   208,   214,   217,   227,   230,   231,   244,   269,   275,   277,
      288,   303,   332,   351,   353,   357,   369,   385,   402,   420,   426,   437,   445,   456,   468,   479,
      491,   493,   497,   509,   527,   533,   537,   541,   543,   548,   550,   557,   565,   568,   593,   600,
      616,   619,   624,   626,   638,   640,   643,   646,
};

static const uint8_t notosans_18_regularKernSparseCols[] = {
      8,  12,  14,  16,  18,  20,  22,  24,  25,  30,  32,  33,  37,  38,  39,  40,
     41,  43,  46,  49,  52,  53,  54,  55,  58,  60,  67,  72,  73,  12,  14,  16,
     11,  23,  36,  43,  61,   9,  12,  13,  14,  16,  33,  36,  38,  43,  44,  54,
     56,  62,  66,  67,  68,  70,  12,  33,  38,  41,  51,  54,  67,  33,  41,  43,
     44,  56,   1,   9,  11,  12,  14,  16,   4,   9,  28,   4,   8,  12,  14,  15,
     16,  17,  11,   3,   4,   7,   8,   1,   9,  12,  13,  14,  16,   2,   4,   8,
     15,  17,  28,  30,  28,   2,   4,   5,   7,   8,   9,  12,  18,  20,  22,  24,
     25,  26,  27,  28,  29,   4,   8,   4,   7,   8,   9,  18,  20,  22,  24,  25,
     28,  29,   2,   4,   7,   8,   9,  18,  20,  22,  24,  25,  27,  28,  29,   9,
     28,  11,   1,   1,  26,  27,   1,   1,   3,   4,   1,   4,  18,  20,  22,   1,
      4,   7,  20,  11,  12,  14,  16,  12,  14,  16,  33,  39,  67,  12,  14,  15,
     16,  33,  38,  41,  44,  67,  11,  12,  14,  16,   3,   1,   9,  11,  12,  14,
     16,   0,   1,   3,   7,  19,  31,  75,   3,  32,  11,   0,   1,   3,   7,  75,
      8,  10,  12,  14,  15,  16,  19,  21,  26,   8,   9,  10,  12,  14,  15,  16,
     18,  20,  22,  19,  21,  26,  36,   1,  33,  38,  44,  54,  55,  56,  64,  66,
     67,  68,  69,  75,   1,   4,   5,   6,  29,  33,  34,  37,  39,  40,  43,  46,
     47,  48,  49,  50,  51,  52,  53,  54,  55,  56,  57,  59,  67,  28,  34,  43,
     56,  62,  70,   4,  43,   1,   4,  33,  38,  44,  51,  54,  55,  57,  67,  75,
      1,   5,   6,  28,  34,  43,  44,  46,  47,  50,  54,  55,  56,  62,  70,   1,
      4,   5,   6,  28,  29,  34,  35,  37,  39,  40,  43,  45,  46,  47,  48,  49,
     50,  51,  52,  53,  56,  57,  58,  59,  62,  70,  71,  72,   1,  29,  33,  34,
     36,  38,  43,  44,  50,  54,  55,  56,  64,  66,  67,  68,  70,  74,  75,  51,
     55,   3,  51,  56,  57,   4,  36,  37,  40,  43,  44,  49,  53,  54,  55,  56,
     61,   4,  33,  37,  38,  39,  40,  41,  42,  49,  51,  53,  57,  66,  67,  68,
     72,   4,   5,   6,  28,  29,  37,  38,  39,  40,  41,  43,  46,  49,  50,  53,
     57,  72,   1,   3,   4,   6,  33,  35,  37,  38,  39,  40,  41,  42,  45,  49,
     51,  53,  57,  67,   1,  33,  38,  51,  54,  55,  33,  38,  39,  41,  45,  49,
     51,  54,  55,  56,  57,   3,  33,  38,  41,  45,  51,  54,  55,   1,   4,   5,
     37,  39,  40,  41,  49,  50,  53,  75,   1,   4,  33,  36,  37,  40,  44,  49,
     53,  54,  56,  61,  33,  38,  39,  41,  45,  49,  51,  54,  55,  56,  57,   5,
     33,  34,  38,  43,  44,  46,  50,  56,  57,  71,  75,  33,  58,   1,  33,  50,
     57,   1,   4,  37,  39,  40,  41,  46,  49,  50,  53,  57,  75,   1,   6,  33,
     38,  39,  41,  43,  44,  45,  51,  54,  55,  56,  57,  63,  69,  71,  75,   1,
     33,  36,  54,  55,  61,  33,  38,  45,  57,   1,  33,  58,  60,  36,  61,   1,
     33,  36,  54,  55,   4,  49,   1,  33,  44,  54,  66,  67,  68,   1,  46,  54,
     55,  56,  63,  69,  71,   4,  66,  68,   4,   5,  28,  29,  33,  34,  37,  39,
     40,  43,  46,  49,  51,  52,  54,  55,  56,  62,  63,  65,  69,  70,  71,  72,
     73,   4,   5,  39,  46,  49,  50,  53,   4,   5,  33,  39,  46,  49,  51,  52,
     56,  58,  62,  65,  67,  70,  71,  72,   4,  46,  49,  54,  56,  62,  70,  71,
     46,  56,   4,  39,  46,  49,  56,  58,  62,  65,  71,  72,  73,  74,   4,  49,
     33,  66,  68,   1,  51,  55,
};

static const int8_t notosans_18_regularKernSparseValues[] = {
     -42,   12,   12,    6,  -24,  -36,  -18,  -18,  -18,  -48,   42,   12,  -18,   12,  -42,  -36,
      12,   -6,  -24,  -42,   12,  -30,   18,   12,   18,   18,   12,  -36,  -12,  -36,  -12,  -18,
      54,   24,   60,  -18,   36,  -30,  -42,  -12,  -36,  -36,  -30,   36,  -12,  -24,  -48,  -24,
     -36,  -30,  -36,  -42,  -36,  -36,  -24,  -24,  -12,   -6,   -6,  -12,  -24,  -18,   -6,   -6,
      -6,   -6,  -42,  -12,   30,  -42,  -24,  -36,   -6,  -12,  -12,  -24,  -12,  -18,   -6,  -12,
      -6,   -6,   36,   12,  -36,   12,  -12,  -48,  -12,  -12,   -6,  -12,  -18,   -6,  -78,  -30,
     -12,   -6,  -12,  -18,   -6,  -12,  -36,  -24,   12,  -42,  -12,   12,  -48,  -42,  -42,  -30,
     -36,  -12,  -24,  -36,  -18,  -12,   -6,  -30,   12,  -24,   -6,  -12,  -12,   -6,   -6,   -6,
     -18,   -6,  -18,  -36,   12,  -36,  -12,  -30,  -30,  -30,  -18,  -24,  -12,  -48,  -18,   -6,
     -12,   57,   -6,   -6,  -12,   -6,   12,   36,   24,  -12,   24,  -96,  -12,  -12,   -6,   24,
     -24,   12,  -12,   30,  -12,   -6,  -18,  -18,   -6,  -18,  -18,   -6,   -6,  -36,  -18,  -12,
     -48,  -36,  -12,  -12,  -12,  -24,   60,  -24,  -18,  -24,   30,  -42,  -12,   66,  -42,  -24,
     -36,   30,   30,   54,   54,   18,   42,   42,   30,   78,   30,   42,   66,   72,   66,   42,
     -12,   12,   36,   42,   30,   36,   12,   24,   30,  -18,   -6,   12,   42,   42,   30,   36,
     -18,  -12,  -12,   12,   30,   30,   30,  -42,  -30,  -12,  -18,  -12,  -12,  -12,  -12,  -24,
     -36,  -30,  -12,  -18,   12,  -30,  -24,  -18,  -18,   12,  -12,  -15,  -42,  -15,  -21,  -24,
     -12,  -18,  -24,  -24,   -6,   -6,  -18,   -6,  -12,  -18,  -24,  -12,    6,  -12,  -12,  -18,
     -12,  -12,  -12,  -12,   -6,  -54,   -6,  -36,  -12,  -18,  -12,  -12,  -12,  -12,  -18,  -36,
      12,   -6,   -6,  -12,  -12,  -24,   -6,   -6,  -12,  -12,   -6,   -6,  -12,  -12,  -30,   12,
     -42,  -12,   -6,  -30,  -12,  -24,  -12,  -54,  -72,  -60,  -18,  -18,  -30,  -24,   -6,  -60,
     -36,  -18,  -12,  -30,  -12,  -30,   30,  -18,   -6,  -12,  -18,  -30,  -42,   -6,  -42,  -12,
      30,  -18,  -21,  -36,   -6,  -18,  -12,  -18,  -12,  -24,  -30,  -36,  -30,   -6,  -24,   -6,
      -6,  -15,   -6,   -9,   -6,   18,   54,   18,   24,   -6,  -15,   18,   18,   -6,   18,  -12,
      42,  -24,  -12,   -6,  -24,  -12,   -6,  -12,   -6,   -6,   -9,   -6,   -6,   -6,   -6,   -6,
     -12,  -78,   -6,   -6,  -12,   -6,  -36,  -12,  -30,  -36,  -12,   -6,  -15,  -30,   -6,  -24,
      -6,  -36,   -6,  -18,  -24,   -6,  -21,   -6,  -15,  -18,  -21,  -18,  -24,  -18,   -6,  -15,
      -9,   -9,   -6,  -12,   -6,  -24,  -24,  -12,   -6,   -6,  -36,  -24,   -6,  -18,  -12,   -6,
     -12,   -6,  -18,   -6,   -6,   -6,  -18,   -6,   -6,   -6,  -12,   -6,   -6,   18,  -24,  -12,
     -12,  -18,  -18,   -6,  -24,   -6,  -18,   24,   -6,   12,  -18,   60,   12,   18,   -9,   12,
      15,   -9,  -18,   36,  -24,  -24,   -6,  -12,  -12,   -6,  -12,   -6,  -18,   -6,   -6,   -6,
      -6,   -9,   -6,   -9,   -6,  -12,  -12,  -12,   -6,  -12,   18,  -18,   -3,   12,  -12,   -6,
      -6,   12,  -24,  -12,  -12,  -18,   -6,   -6,  -30,  -18,  -30,  -18,   24,  -48,   -6,  -36,
     -12,   -6,   -6,   -6,  -42,  -12,  -12,  -36,  -27,  -24,  -12,  -12,  -18,  -12,  -18,   -6,
     -24,   48,  -18,  -30,   12,  -12,  -18,   -6,  -12,   18,   12,   18,    6,   18,   12,   -6,
     -24,   24,  -18,  -30,  -24,  -12,  -24,  -24,  -24,  -12,  -18,  -12,  -18,  -42,  -12,  -30,
     -18,  -18,  -12,  -12,  -12,  -24,   -6,   -6,  -36,  -24,  -36,  -18,   12,  -12,  -24,  -42,
     -30,  -21,  -42,  -36,  -12,  -12,  -24,  -24,  -30,  -12,  -12,  -30,  -24,  -30,  -42,  -30,
     -48,  -30,  -12,  -18,   -6,  -24,   -6,  -18,  -30,  -12,   12,  -36,  -24,  -30,  -12,  -12,
     -30,   12,  -12,  -18,   12,  -12,  -18,  -24,  -18,  -12,  -18,  -12,  -30,  -12,  -30,  -12,
      -6,   -6,  -36,  -36,  -30,  -30,  -24,   12,  -12,  -18,  -24,  -24,  -24,   -6,  -24,   -6,
     -12,   -6,   -6,   -6,  -12,   -6,
};

static const EpdLigaturePair notosans_18_regularLigaturePairs[] = {
    { 0x00660066, 0xFB00 }, // f f -> U+FB00
    { 0x00660069, 0xFB01 }, // f i -> U+FB01
    { 0x0066006C, 0xFB02 }, // f l -> U+FB02
    { 0xFB000069, 0xFB03 }, // U+FB00 i -> U+FB03
    { 0xFB00006C, 0xFB04 }, // U+FB00 l -> U+FB04
};

static const EpdFontData notosans_18_regular = {
    notosans_18_regularBitmaps,
    notosans_18_regularGlyphs,
    notosans_18_regularIntervals,
    18,
    51,
    41,
    -11,
    true,
    notosans_18_regularGroups,
    13,
    nullptr,
    nullptr,  // kernLeftClasses: built-in fonts use the split arrays below
    nullptr,  // kernRightClasses
    notosans_18_regularKernLeftCodepoints,
    notosans_18_regularKernLeftClassIds,
    notosans_18_regularKernRightCodepoints,
    notosans_18_regularKernRightClassIds,
    nullptr,  // kernMatrix: built-in fonts use the sparse form below
    notosans_18_regularKernRowOffsets,
    notosans_18_regularKernSparseCols,
    notosans_18_regularKernSparseValues,
    478,
    474,
    87,
    76,
    notosans_18_regularLigaturePairs,
    5,
};
