/**
 * generated by fontconvert.py
 * name: notoserif_16_italic
 * size: 16
 * mode: 2-bit  compressed: true
 * Command used: fontconvert.py notoserif_16_italic 16 ../builtinFonts/source/NotoSerif/NotoSerif-Italic.ttf --2bit --compress --pnum --zopfli
 */
#pragma once
#include "EpdFontData.h"

static const uint8_t notoserif_16_italicBitmaps[42713] = {
    0xC5, 0x9A, 0x3F, 0xAC, 0xDD, 0xC8, 0xBD, 0xDF, 0x3F, 0xE4, 0xEC, 0x2E, 0x63, 0x13, 0x16, 0x55,
    0x78, 0x13, 0xC0, 0xCA, 0x8A, 0x4D, 0x9A, 0xEC, 0xAE, 0xC4, 0x26, 0x48, 0xB6, 0x38, 0x57, 0x64,
    0xE2, 0x3E, 0x56, 0xB1, 0x42, 0x80, 0x6C, 0xB1, 0x4D, 0x9A, 0xC4, 0x80, 0xD5, 0x6C, 0xA1, 0x42,
    0xBA, 0x64, 0xE2, 0x32, 0x8D, 0x02, 0x04, 0x29, 0x12, 0x20, 0x70, 0xB1, 0x29, 0x2C, 0x17, 0xBB,
    0x01, 0x6E, 0xA1, 0xE2, 0xEA, 0x70, 0xD6, 0x2E, 0xB6, 0x70, 0x61, 0xDA, 0x86, 0x91, 0xC2, 0xC5,
    0x32, 0xB1, 0x0C, 0xC3, 0xDA, 0x20, 0x1E, 0x23, 0xD4, 0x33, 0xA5, 0x25, 0xCF, 0xBC, 0xFB, 0x1D,
    0x1E, 0x42, 0x47, 0xFF, 0x9E, 0x9E, 0xF1, 0x1E, 0xF0, 0xE6, 0x9E, 0xF3, 0x1D, 0xEA, 0xCC, 0xCC,
    0x6F, 0xBE, 0xBF, 0x7F, 0xC3, 0x19, 0x52, 0xD4, 0x15, 0x2D, 0xFA, 0xEC, 0x60, 0x86, 0x89, 0x68,
    0x22, 0x1A, 0x89, 0x07, 0x8C, 0xC3, 0xF4, 0x98, 0x0E, 0x63, 0x49, 0x2C, 0x69, 0x43, 0x5A, 0x91,
    0xC1, 0xEB, 0xA8, 0xBC, 0x06, 0x35, 0xF8, 0x0A, 0x0F, 0x5B, 0x54, 0xCA, 0x7F, 0x31, 0x96, 0x66,
    0x28, 0x8D, 0xBB, 0x65, 0xFA, 0x9B, 0xA6, 0xBB, 0x69, 0xEC, 0x89, 0x69, 0x3E, 0x4D, 0x2A, 0x54,
    0xDE, 0x8B, 0x3A, 0x38, 0x31, 0x16, 0x5C, 0x80, 0xA4, 0x21, 0xEA, 0x33, 0x88, 0xBB, 0x0C, 0x4C,
    0x97, 0x63, 0xBC, 0xF7, 0x63, 0xFC, 0xC9, 0x83, 0xED, 0xC7, 0x64, 0x6C, 0x20, 0xE3, 0x04, 0x2E,
    0xE2, 0xE0, 0x48, 0xB0, 0x89, 0x7A, 0xB8, 0x11, 0x77, 0xBC, 0xBD, 0xFB, 0xD1, 0xE3, 0xA6, 0xF4,
    0xDE, 0x37, 0x91, 0x4B, 0x9B, 0xFD, 0x78, 0x1B, 0xE0, 0x22, 0x24, 0xCD, 0x06, 0xD2, 0x2A, 0x8C,
    0xBF, 0x81, 0x4A, 0x05, 0x68, 0x6E, 0x62, 0x0B, 0x7C, 0xF7, 0xF7, 0x90, 0x78, 0xDF, 0x90, 0xFF,
    0xE4, 0x3B, 0x3D, 0x65, 0x92, 0xF4, 0x1C, 0xA7, 0xA6, 0xE7, 0x5E, 0x66, 0x1A, 0xB6, 0xE7, 0x80,
    0xFA, 0x2D, 0xA0, 0xFC, 0xBF, 0x40, 0x3E, 0xA1, 0xCE, 0x15, 0xE0, 0x7B, 0xB5, 0x4C, 0xC0, 0xFF,
    0xDC, 0xF1, 0x1A, 0xAE, 0xE5, 0x12, 0x7D, 0xCD, 0x15, 0xBA, 0x9A, 0x32, 0xEA, 0x8E, 0x29, 0xFF,
    0x83, 0x9D, 0xC8, 0x7F, 0xF3, 0xF9, 0x20, 0xE9, 0x16, 0xAE, 0xDF, 0xD7, 0x58, 0x80, 0x54, 0x90,
    0x09, 0xBE, 0xC6, 0x93, 0x52, 0xF7, 0x70, 0x42, 0xFC, 0x70, 0x24, 0xEE, 0x49, 0xED, 0x4D, 0x19,
    0x38, 0xAF, 0x8E, 0xC8, 0x2A, 0x0A, 0xAE, 0x70, 0x99, 0x33, 0xB8, 0xC2, 0x4D, 0xB8, 0xC5, 0x31,
    0x0E, 0x4E, 0x39, 0x33, 0x2A, 0x4C, 0x9C, 0xA6, 0x56, 0xD5, 0x94, 0xF3, 0x3E, 0xA7, 0xD1, 0x70,
    0x94, 0x78, 0x7B, 0x6A, 0xFA, 0xBB, 0xF9, 0xB7, 0xFB, 0xA3, 0xF4, 0x33, 0x77, 0x14, 0xBB, 0xDC,
    0x9B, 0xEE, 0xAC, 0x21, 0xFE, 0x38, 0x6D, 0x86, 0x68, 0x80, 0x3C, 0x76, 0xAA, 0x8E, 0x8C, 0x8B,
    0x1D, 0x8C, 0xA6, 0x37, 0x8E, 0xD8, 0x9D, 0x55, 0x3D, 0x89, 0x35, 0x7D, 0xD2, 0x91, 0x55, 0xA6,
    0xCF, 0x2C, 0x05, 0x67, 0x83, 0xD1, 0x9C, 0xC3, 0x2D, 0x18, 0xA0, 0x76, 0xA8, 0x44, 0x3C, 0x29,
    0xD7, 0x77, 0xC2, 0x78, 0xF7, 0x49, 0x07, 0xA4, 0x7D, 0xE2, 0x80, 0xCC, 0x1A, 0x55, 0xB9, 0x35,
    0x83, 0xAA, 0xF5, 0x5F, 0xFB, 0xB6, 0xCC, 0xAA, 0xEA, 0x5B, 0x80, 0xE4, 0x2B, 0xF5, 0xC0, 0xEC,
    0xC8, 0x3C, 0xD4, 0x3B, 0xF2, 0xDF, 0x12, 0x4F, 0x75, 0x55, 0x54, 0x64, 0x7D, 0x61, 0xAF, 0x40,
    0xD9, 0x64, 0xFD, 0x06, 0x6A, 0x92, 0xE1, 0x2E, 0x6C, 0x89, 0x67, 0x07, 0x73, 0xB0, 0xBF, 0xAA,
    0xD2, 0xEA, 0x47, 0xF2, 0x4E, 0x5D, 0x28, 0x9D, 0x7E, 0x89, 0xBE, 0x9A, 0x20, 0x7B, 0xFC, 0xC9,
    0xCF, 0xFD, 0x6D, 0x62, 0xBF, 0xA3, 0x75, 0xF0, 0x7A, 0x05, 0x50, 0x52, 0x72, 0xCC, 0x2D, 0x6E,
    0x72, 0x97, 0x13, 0x3E, 0x65, 0x2D, 0x69, 0x15, 0xA4, 0x88, 0x6E, 0xD6, 0x41, 0xB9, 0xFC, 0x33,
    0x9A, 0xC0, 0x8C, 0x20, 0xDE, 0x59, 0xBF, 0x34, 0x15, 0x56, 0x94, 0x96, 0x2E, 0x25, 0x50, 0xEF,
    0xBF, 0xDB, 0x67, 0xBE, 0xC7, 0xC8, 0x5F, 0x4B, 0x9F, 0x02, 0xC8, 0x1A, 0x48, 0x3A, 0x90, 0xE1,
    0xF9, 0x27, 0x3C, 0x29, 0x6F, 0x80, 0x3C, 0x8D, 0x5C, 0xC1, 0x84, 0xDC, 0x0B, 0xE5, 0x3A, 0xB2,
    0xDA, 0x7F, 0x9B, 0xF5, 0xAB, 0x99, 0x9F, 0x9E, 0xBD, 0x05, 0x76, 0xCB, 0xD8, 0x58, 0x84, 0x87,
    0x3D, 0xE1, 0x6E, 0xE9, 0x5E, 0x2F, 0x4D, 0x72, 0x41, 0xDE, 0x2C, 0xD2, 0x2B, 0xD8, 0xE3, 0x48,
    0x82, 0x23, 0xFB, 0xAC, 0x27, 0xF9, 0x63, 0xF7, 0x6F, 0xD8, 0xFE, 0x74, 0x24, 0xF7, 0x53, 0xE9,
    0x1D, 0xE5, 0xEF, 0xEE, 0xF1, 0x8F, 0x93, 0xBC, 0x23, 0x4B, 0x1C, 0x59, 0xA4, 0x58, 0x80, 0xE8,
    0xC0, 0x5C, 0x2F, 0xF8, 0xB6, 0xDE, 0x0F, 0xFE, 0xEC, 0xFB, 0xB2, 0x76, 0x15, 0x11, 0x2B, 0x5C,
    0xEE, 0x12, 0x17, 0xB9, 0xB8, 0x4B, 0x9A, 0x7B, 0xDC, 0xE6, 0xCD, 0x6B, 0x55, 0xE9, 0xBB, 0xDA,
    0x77, 0x40, 0x44, 0x6E, 0x4B, 0xFD, 0x55, 0xB0, 0xCE, 0x98, 0xE9, 0x3A, 0x07, 0xB8, 0x24, 0xD8,
    0x08, 0x4E, 0x04, 0x0E, 0x94, 0x2C, 0x60, 0xAC, 0x58, 0x35, 0x6B, 0x5A, 0x5D, 0x5C, 0xBB, 0x71,
    0x43, 0x30, 0x00, 0x91, 0x03, 0x4C, 0xB7, 0x37, 0xF6, 0xC2, 0x26, 0x7B, 0x5A, 0xE4, 0xDD, 0xE7,
    0x45, 0x26, 0x4F, 0x8B, 0x3C, 0xE2, 0xE9, 0x12, 0x8B, 0x72, 0xFE, 0xE5, 0x08, 0xC7, 0xCB, 0x42,
    0x59, 0xCA, 0x8D, 0x65, 0x65, 0x7A, 0x8A, 0x26, 0xED, 0xCE, 0x40, 0x49, 0xD4, 0xE4, 0xCD, 0x19,
    0x14, 0xD5, 0x19, 0x94, 0x15, 0x65, 0x55, 0x72, 0x06, 0x0A, 0x56, 0x5A, 0xC1, 0x16, 0x8E, 0x05,
    0xF7, 0x04, 0x93, 0x60, 0x54, 0x98, 0x0F, 0xD4, 0x98, 0x9E, 0x92, 0xD4, 0x92, 0x6B, 0x74, 0xFA,
    0x78, 0x86, 0xC8, 0x3B, 0xD6, 0xE5, 0x36, 0x91, 0x87, 0x3B, 0x22, 0x6F, 0xC9, 0xBF, 0xB0, 0xD1,
    0xAE, 0x68, 0xA2, 0xF1, 0x45, 0x81, 0x31, 0x03, 0xD3, 0x12, 0xCD, 0xF1, 0xA8, 0x88, 0x5E, 0x83,
    0x64, 0xF9, 0xA6, 0x4B, 0x64, 0xAF, 0xD1, 0xFD, 0x66, 0xFB, 0xA8, 0x2A, 0xC3, 0x82, 0xA5, 0x12,
    0xB5, 0xB3, 0x52, 0xA9, 0x6D, 0x28, 0x9B, 0xBC, 0xA3, 0x26, 0x75, 0xDC, 0xD3, 0xB0, 0x9B, 0x82,
    0x6F, 0x6A, 0xF0, 0x32, 0x52, 0xC1, 0xB5, 0x4C, 0xCD, 0x4D, 0xF6, 0x61, 0x2E, 0x82, 0xE4, 0xD5,
    0xFA, 0x93, 0x03, 0x29, 0x03, 0x97, 0x17, 0x6B, 0xBF, 0x21, 0xFD, 0x32, 0x79, 0xF7, 0x32, 0xE5,
    0x9D, 0x3B, 0x33, 0xA5, 0xF7, 0x13, 0xB5, 0x60, 0x5F, 0x34, 0x79, 0xBA, 0x6B, 0x2D, 0x45, 0x97,
    0xF5, 0x94, 0x55, 0xE2, 0x28, 0x15, 0xC9, 0x57, 0x34, 0xF9, 0x6B, 0x82, 0x25, 0x31, 0xC5, 0x7B,
    0xD1, 0xF7, 0x1F, 0x0C, 0x60, 0x7C, 0x03, 0xF1, 0x27, 0xC1, 0xEB, 0x3B, 0x96, 0x06, 0x99, 0x5C,
    0xD0, 0x08, 0xAA, 0xD7, 0x05, 0x97, 0xA1, 0xA6, 0x84, 0x1D, 0x65, 0x63, 0x46, 0xF2, 0xC7, 0x6D,
    0x4F, 0xE2, 0x77, 0xAC, 0x6B, 0x05, 0xA9, 0xE8, 0x17, 0x82, 0xDA, 0x12, 0xCC, 0x8C, 0xF9, 0xC2,
    0x42, 0xA6, 0xB4, 0x3A, 0x92, 0xBC, 0xB1, 0x54, 0xB0, 0xD4, 0x52, 0x4B, 0x6B, 0x10, 0x67, 0xB0,
    0x61, 0x86, 0x81, 0x09, 0xD3, 0x45, 0x13, 0x59, 0x13, 0x8F, 0x14, 0xD7, 0xFE, 0xD5, 0xA3, 0xAB,
    0xB5, 0x12, 0xE3, 0xCD, 0x6B, 0x1F, 0x3C, 0xBC, 0xBA, 0x58, 0xFD, 0xD0, 0x72, 0x1D, 0xBC, 0xDE,
    0x3E, 0x82, 0xC2, 0xFB, 0x4A, 0x37, 0x8B, 0x9E, 0x6C, 0x0F, 0x1D, 0x6F, 0x11, 0x5B, 0xDE, 0x25,
    0xB2, 0x4B, 0x8C, 0x7E, 0x24, 0xF8, 0x54, 0xE0, 0x04, 0x3D, 0x10, 0x69, 0x94, 0x11, 0x7B, 0x48,
    0x46, 0x96, 0x55, 0x00, 0x66, 0xC1, 0x6E, 0x05, 0x66, 0xC1, 0xC4, 0x46, 0xAD, 0xA7, 0xB2, 0xE1,
    0x16, 0xF9, 0xF3, 0x81, 0xAF, 0xC8, 0xBD, 0x46, 0xBD, 0xC9, 0x5A, 0x68, 0x47, 0x48, 0x1F, 0x79,
    0x14, 0xAB, 0x15, 0x33, 0x45, 0x15, 0x8F, 0xE4, 0x8B, 0xCD, 0x17, 0xC6, 0x16, 0x90, 0x15, 0x28,
    0xFF, 0xF9, 0xFB, 0x50, 0x17, 0xBE, 0xA2, 0x7D, 0x78, 0xDD, 0xD2, 0x56, 0xA9, 0x63, 0xC6, 0x04,
    0x90, 0x15, 0x0E, 0xC0, 0x31, 0x49, 0xC4, 0xA9, 0x34, 0xBF, 0x82, 0x12, 0x43, 0x3E, 0xC9, 0x1E,
    0xEC, 0x20, 0xF6, 0x22, 0xFF, 0x4D, 0x20, 0xF5, 0xDE, 0xDB, 0x6C, 0x85, 0xEA, 0x22, 0x94, 0xBC,
    0x0B, 0xA7, 0xBC, 0x07, 0x23, 0x48, 0x0A, 0x24, 0xC1, 0x74, 0x81, 0x43, 0x70, 0x2A, 0xA8, 0x07,
    0x44, 0x7F, 0x65, 0x8F, 0xE9, 0xA9, 0x1E, 0xE9, 0x61, 0x8F, 0xB5, 0x44, 0x7E, 0x44, 0x81, 0xA0,
    0x2C, 0xCD, 0x2C, 0x5B, 0xC9, 0x99, 0x30, 0x7D, 0xB4, 0x07, 0xFD, 0x53, 0x83, 0xBC, 0x06, 0xD5,
    0xCD, 0x3D, 0x28, 0xBE, 0xEA, 0x45, 0xBA, 0x92, 0xF3, 0x7A, 0xE2, 0x31, 0x1F, 0xC9, 0xBA, 0x78,
    0x96, 0x66, 0x9E, 0x1A, 0x6A, 0xB6, 0x50, 0x1E, 0x40, 0x0D, 0x5B, 0xCA, 0x26, 0x9E, 0xC8, 0x1E,
    0x5E, 0xEF, 0x89, 0xFC, 0xAE, 0x5A, 0x03, 0x4E, 0xE5, 0x0D, 0xDF, 0x49, 0xE8, 0x08, 0x3B, 0x99,
    0x70, 0xA4, 0x44, 0x41, 0xAF, 0x28, 0x17, 0xA5, 0x33, 0xC8, 0x05, 0xC5, 0x19, 0x20, 0x90, 0x2B,
    0x5A, 0x32, 0x1B, 0x7B, 0xD2, 0x21, 0xDF, 0x11, 0xFB, 0x79, 0x86, 0xEB, 0xFF, 0x69, 0x62, 0x49,
    0x76, 0xD9, 0x9E, 0x7D, 0xA2, 0x74, 0x9C, 0x57, 0x96, 0x9E, 0x50, 0xC2, 0xC4, 0x04, 0xED, 0x07,
    0x4E, 0xBC, 0x1B, 0xE0, 0x2A, 0xC0, 0x18, 0xCF, 0x66, 0x36, 0x13, 0xB7, 0x79, 0xA6, 0xBC, 0x46,
    0x8D, 0xAF, 0xBC, 0x34, 0x80, 0xAC, 0x51, 0x52, 0x94, 0x1D, 0xA5, 0xE5, 0x6B, 0xBC, 0xBC, 0x68,
    0xD6, 0x6C, 0x24, 0x9D, 0x02, 0x91, 0x01, 0x1C, 0x71, 0x47, 0x01, 0xFF, 0x88, 0x7D, 0xD1, 0x55,
    0x3C, 0x40, 0xD1, 0x87, 0x44, 0xCD, 0x65, 0x8E, 0x8A, 0x6C, 0x80, 0xB6, 0x82, 0x96, 0xF0, 0x53,
    0x68, 0x52, 0x17, 0xE2, 0x59, 0x17, 0x9D, 0xC6, 0xAC, 0x99, 0xA0, 0xA2, 0xC4, 0xD2, 0x9D, 0x87,
    0x67, 0xCA, 0xBF, 0xBB, 0x73, 0xE7, 0x63, 0xB5, 0x5D, 0xBB, 0x76, 0x2D, 0x68, 0xD7, 0x01, 0x33,
    0x88, 0x39, 0x89, 0x2E, 0xEA, 0x66, 0x9F, 0x30, 0x6D, 0x03, 0xE9, 0x00, 0xC9, 0xA0, 0x1F, 0xD5,
    0xA8, 0x4E, 0x9A, 0x4E, 0xB3, 0x69, 0xFA, 0xFE, 0xA9, 0x45, 0x7F, 0x20, 0x7F, 0xEC, 0x95, 0x1C,
    0x76, 0x4B, 0x66, 0x4F, 0xC9, 0xBA, 0xCD, 0xBA, 0x82, 0x92, 0xEF, 0xF7, 0x07, 0x5B, 0xE4, 0x3D,
    0x8A, 0x45, 0x8E, 0xE9, 0xC0, 0x58, 0x30, 0x9A, 0xB2, 0x7A, 0x7A, 0x03, 0xA5, 0xDE, 0xB5, 0x5D,
    0xE8, 0x94, 0xAC, 0x25, 0xBA, 0xFE, 0x7B, 0x08, 0x4B, 0x82, 0x34, 0xDF, 0x55, 0x6F, 0x4C, 0x28,
    0x08, 0x28, 0x14, 0x9B, 0x90, 0x58, 0x82, 0x8B, 0xFB, 0xD8, 0xF1, 0xAD, 0x0A, 0x97, 0x74, 0xC6,
    0xFB, 0xEA, 0x24, 0xB3, 0xB9, 0x2D, 0xB9, 0x91, 0x57, 0x25, 0x25, 0x9B, 0x92, 0x99, 0x2B, 0x6C,
    0xAE, 0x44, 0x13, 0xC7, 0x6C, 0x6E, 0xC5, 0x03, 0xB7, 0xD8, 0x9C, 0x1A, 0xE5, 0xE0, 0x0D, 0x55,
    0x13, 0x37, 0xA6, 0x44, 0xD5, 0x30, 0x19, 0x17, 0x8D, 0xB8, 0xB3, 0x2A, 0x1E, 0xE3, 0xFE, 0xD4,
    0x0C, 0xC9, 0x69, 0x62, 0x4F, 0xD9, 0x7D, 0xEF, 0xCA, 0xF5, 0xEA, 0x16, 0xF5, 0x98, 0x4B, 0xD0,
    0xEB, 0x55, 0x74, 0x95, 0x02, 0xD8, 0x67, 0xCE, 0x9A, 0x45, 0x57, 0x89, 0x27, 0x51, 0x81, 0xBA,
    0x8B, 0xE4, 0xB9, 0x74, 0xEF, 0x8D, 0x7F, 0xFD, 0x43, 0xE1, 0x72, 0x33, 0x58, 0xCC, 0x01, 0x69,
    0xC0, 0x6C, 0x12, 0x1E, 0x05, 0xBC, 0x11, 0xD0, 0xCD, 0x48, 0x86, 0xD0, 0x68, 0x31, 0x25, 0xAD,
    0x42, 0x00, 0x50, 0xAB, 0x23, 0xA5, 0x3A, 0x06, 0x74, 0xD2, 0x3F, 0x7E, 0x7C, 0xA7, 0x6D, 0x30,
    0xDA, 0xF2, 0x87, 0xFD, 0xB1, 0x25, 0x0F, 0xA6, 0xDF, 0x04, 0x66, 0x77, 0x83, 0x2B, 0x9C, 0xD0,
    0x08, 0xFB, 0x0F, 0x1F, 0x11, 0xB5, 0x8F, 0xBC, 0xAF, 0xB4, 0xBE, 0x17, 0x7E, 0x77, 0x1B, 0xDE,
    0xF1, 0x7E, 0xB9, 0x37, 0xB6, 0x16, 0x26, 0xF2, 0x0E, 0x2D, 0xD7, 0x3D, 0x4A, 0x4C, 0x87, 0x19,
    0x75, 0x6D, 0x06, 0xC9, 0x49, 0x1C, 0x85, 0x15, 0xD6, 0x90, 0x3E, 0xFC, 0x60, 0x44, 0x0B, 0xB3,
    0x85, 0xEC, 0xB7, 0xBA, 0xCE, 0x6D, 0xB4, 0x43, 0x1D, 0x5A, 0x28, 0x1A, 0xEA, 0x8A, 0x72, 0xF9,
    0xA0, 0xEB, 0x1A, 0xDA, 0xF0, 0xF1, 0xB0, 0x53, 0x24, 0x44, 0xB3, 0x22, 0xED, 0xC2, 0xEE, 0x8E,
    0xEF, 0xB4, 0x5D, 0x7A, 0xC4, 0x5A, 0x48, 0x83, 0xCD, 0xDA, 0x2F, 0x77, 0x21, 0x28, 0xDB, 0x4A,
    0x94, 0xCA, 0x55, 0xE0, 0x0E, 0x2E, 0x63, 0x26, 0x58, 0x82, 0x14, 0x71, 0x14, 0xF6, 0xA0, 0xC9,
    0x85, 0xE5, 0x82, 0xCD, 0x01, 0x56, 0xC2, 0x3A, 0x60, 0x79, 0x88, 0xCD, 0x3A, 0xAA, 0x09, 0xBA,
    0x5A, 0x45, 0x7C, 0xDE, 0x10, 0x2D, 0x26, 0x29, 0x02, 0x11, 0xDE, 0xDF, 0x87, 0xDF, 0xC7, 0x04,
    0x63, 0xF9, 0x0A, 0x98, 0x43, 0x1E, 0x32, 0x05, 0x12, 0xD1, 0xA4, 0x8F, 0x0C, 0xC6, 0x6E, 0xF1,
    0x6E, 0x8B, 0x4C, 0xA6, 0x2A, 0x71, 0x87, 0x55, 0xDA, 0xAB, 0x92, 0x2D, 0xD7, 0xCA, 0x2F, 0x89,
    0xB2, 0x58, 0x2E, 0x9A, 0x65, 0x3A, 0x09, 0x12, 0x41, 0x09, 0x2A, 0x21, 0x75, 0x50, 0x43, 0xBE,
    0x0C, 0x2D, 0x43, 0xE7, 0xC8, 0xA3, 0xCE, 0x17, 0x46, 0xB8, 0xE0, 0x7F, 0xE4, 0x3B, 0x64, 0xC2,
    0x71, 0xCF, 0xD3, 0x3B, 0xDE, 0x11, 0xAA, 0xC7, 0x72, 0x2E, 0x8A, 0x7B, 0x11, 0x8C, 0x3B, 0x49,
    0x8E, 0x6D, 0x10, 0xBC, 0x10, 0x14, 0xB1, 0x15, 0xE5, 0xD3, 0x6B, 0x15, 0xE1, 0x8E, 0x2B, 0x9F,
    0xEA, 0x5A, 0xD4, 0xA0, 0x58, 0x70, 0x35, 0xA5, 0x50, 0x20, 0x56, 0xDF, 0x08, 0xA4, 0x2E, 0x89,
    0x13, 0x1B, 0x98, 0x61, 0x92, 0x4F, 0x3F, 0x19, 0x45, 0xC8, 0x0F, 0x4F, 0xF3, 0xE1, 0x55, 0x7C,
    0x84, 0x87, 0x7C, 0x7A, 0x61, 0xF6, 0xF8, 0x4E, 0x13, 0x58, 0x75, 0xAF, 0xE6, 0xA3, 0xD2, 0x06,
    0xDC, 0x09, 0x14, 0x90, 0xB2, 0xD0, 0x7F, 0x46, 0x06, 0x9A, 0x0E, 0xCF, 0x1A, 0x7E, 0x0E, 0x31,
    0xE6, 0x2D, 0xC9, 0x44, 0xE9, 0xD0, 0xFE, 0xDE, 0x51, 0x57, 0x32, 0xB7, 0x02, 0xAF, 0x79, 0x3E,
    0xC6, 0xF2, 0xEE, 0xA5, 0x31, 0x56, 0x78, 0x57, 0x56, 0x5C, 0xF0, 0xB7, 0xEB, 0x4A, 0x93, 0x96,
    0x67, 0x38, 0x09, 0xE3, 0x49, 0xAD, 0xDA, 0xF9, 0x58, 0xE9, 0xA7, 0x18, 0x73, 0x9A, 0x30, 0x71,
    0x44, 0xFE, 0x41, 0xEB, 0x20, 0x0F, 0xB7, 0x3D, 0xDE, 0x5C, 0x7C, 0x37, 0x45, 0x4A, 0xA8, 0x77,
    0xFC, 0xFD, 0xA8, 0xDD, 0x35, 0xB0, 0xDB, 0x4F, 0x3D, 0x2D, 0xB1, 0x12, 0xA9, 0xB6, 0x48, 0x9E,
    0x2C, 0xB1, 0x2C, 0xAB, 0x0D, 0x92, 0xAC, 0x69, 0x24, 0x55, 0x93, 0x86, 0xBA, 0x5E, 0xFC, 0x79,
    0xAD, 0x45, 0xB6, 0x53, 0x3C, 0x07, 0x9F, 0x5E, 0x9B, 0x59, 0xC6, 0xAA, 0x56, 0xC4, 0x4D, 0xAC,
    0x21, 0xB7, 0x8F, 0x39, 0xD5, 0x8B, 0x48, 0x6A, 0x44, 0x77, 0x8D, 0x5F, 0xD8, 0x2D, 0xC1, 0x18,
    0x89, 0x56, 0x8F, 0xD4, 0x8D, 0xB4, 0x59, 0x6B, 0xBD, 0x4B, 0x94, 0x15, 0xE2, 0x2F, 0xEE, 0xB0,
    0xFB, 0xEB, 0xEF, 0xB3, 0xC5, 0xA5, 0xD0, 0xB7, 0x79, 0xD1, 0x59, 0x4E, 0x73, 0x69, 0x1E, 0xCD,
    0x01, 0xA4, 0x52, 0xE3, 0xEB, 0x61, 0xAD, 0xA8, 0x1B, 0x01, 0xEA, 0xF9, 0xEC, 0xCE, 0x0E, 0xA2,
    0x27, 0x37, 0xFD, 0xC3, 0x3B, 0xFF, 0x73, 0xFB, 0x4D, 0x19, 0x53, 0x0C, 0x16, 0x0A, 0xEB, 0x9E,
    0x58, 0xC0, 0x2A, 0x7D, 0x7B, 0x28, 0xFD, 0x50, 0xB0, 0xDB, 0x0B, 0x79, 0xBB, 0x15, 0xEB, 0x71,
    0xEF, 0x3F, 0xE3, 0x9D, 0x4C, 0x10, 0xB6, 0x71, 0xBB, 0xD5, 0x10, 0xF1, 0xB2, 0x46, 0xA4, 0x8B,
    0xEB, 0x8A, 0x85, 0xD6, 0x69, 0x20, 0x16, 0x2F, 0xAC, 0xB2, 0x26, 0x54, 0x57, 0x08, 0xF4, 0x26,
    0x80, 0xEC, 0x97, 0x73, 0xA8, 0xBE, 0xF0, 0x88, 0xE4, 0xD4, 0x02, 0x14, 0xBD, 0x38, 0xEA, 0xF8,
    0x64, 0x03, 0xD5, 0xBC, 0x53, 0xB5, 0x04, 0x49, 0x4D, 0x3A, 0x00, 0xED, 0xA2, 0xF3, 0x0E, 0x23,
    0x0F, 0x68, 0xA9, 0xD8, 0x5B, 0xB0, 0x0B, 0x46, 0xCC, 0x5D, 0xE0, 0x89, 0x58, 0xAA, 0xDB, 0xD3,
    0x26, 0x9B, 0x5E, 0x69, 0x32, 0xC1, 0x6A, 0x32, 0xC1, 0xA1, 0xC9, 0xCE, 0x51, 0xC3, 0x5B, 0xB4,
    0xB0, 0x91, 0xE0, 0x9B, 0xD1, 0x0C, 0x53, 0x58, 0x0D, 0x96, 0xC5, 0xA0, 0xF0, 0x16, 0x12, 0x59,
    0x48, 0x17, 0x99, 0xFF, 0x01, 0xE8, 0xA2, 0x98, 0x00, 0xDF, 0x41, 0xAD, 0xE0, 0xFA, 0xB2, 0x87,
    0x3F, 0x39, 0x88, 0x7F, 0xDD, 0x13, 0xFD, 0xCE, 0x81, 0xF9, 0xDC, 0x61, 0x7E, 0xDA, 0x2F, 0x17,
    0xE9, 0x77, 0x3A, 0x30, 0x3F, 0x71, 0x64, 0x99, 0x64, 0x7D, 0x7F, 0xE0, 0x92, 0xC8, 0xA4, 0xDF,
    0x1E, 0xB8, 0x91, 0x37, 0x90, 0xC5, 0x23, 0xAE, 0x58, 0x2E, 0xA2, 0x5E, 0xC4, 0x2E, 0x46, 0x93,
    0xB1, 0x25, 0x70, 0x99, 0x29, 0xAD, 0x6A, 0xE0, 0x12, 0x53, 0xC6, 0x16, 0xB1, 0x9C, 0x2F, 0x31,
    0x2F, 0x17, 0x37, 0x10, 0x8B, 0x1B, 0x6C, 0x5D, 0xB8, 0x38, 0xA1, 0xEE, 0x83, 0x49, 0x1C, 0xB5,
    0x0D, 0x0E, 0x0F, 0xA7, 0x59, 0xAD, 0xB7, 0x73, 0x55, 0x52, 0xEC, 0x74, 0xC6, 0xB7, 0x47, 0x02,
    0x28, 0x66, 0x25, 0x41, 0xC5, 0x3B, 0x1E, 0x3E, 0xD9, 0x01, 0x3A, 0xBC, 0x74, 0xAA, 0x2D, 0x49,
    0x03, 0x91, 0xEF, 0x48, 0x2B, 0x88, 0xBF, 0xE8, 0xC9, 0xAA, 0x45, 0x91, 0x0C, 0xE9, 0x31, 0x86,
    0x3A, 0xF9, 0xF1, 0xC4, 0x45, 0xD5, 0xCD, 0xCC, 0xA5, 0xFD, 0x0D, 0x7F, 0x03, 0x64, 0xD4, 0xD5,
    0x52, 0x97, 0x56, 0xF5, 0x45, 0x72, 0x7B, 0x23, 0x68, 0x92, 0xF5, 0x27, 0x41, 0x91, 0xD4, 0xB9,
    0x40, 0xDF, 0x8C, 0x4B, 0x1D, 0xCF, 0x7D, 0xD0, 0x02, 0xAF, 0xFA, 0x64, 0x31, 0x2B, 0x6E, 0x7F,
    0x6E, 0x73, 0x50, 0xDA, 0xA0, 0x01, 0xB2, 0x95, 0xB8, 0x8B, 0xCE, 0x5A, 0x2E, 0x84, 0x41, 0xFE,
    0xCB, 0x19, 0x92, 0x51, 0x09, 0x56, 0x58, 0xB9, 0xBB, 0x86, 0xD4, 0xA1, 0x1F, 0x9D, 0x99, 0x14,
    0x19, 0xC9, 0xA0, 0x20, 0xC9, 0x5C, 0xC0, 0x5E, 0x58, 0x58, 0xA1, 0x64, 0x27, 0x43, 0xD9, 0xAC,
    0x98, 0x3A, 0xD9, 0x3F, 0xEB, 0xEB, 0x0A, 0xF2, 0x4E, 0xD7, 0xA5, 0x15, 0xD6, 0x95, 0x5A, 0x77,
    0x8A, 0xA2, 0x58, 0x3B, 0x0D, 0x89, 0x37, 0x83, 0x66, 0x8B, 0xFC, 0x7F, 0x5D, 0xEE, 0xBB, 0xF7,
    0x0F, 0xEE, 0xBB, 0xBB, 0x46, 0xC1, 0xAA, 0x90, 0x65, 0xC6, 0x03, 0x13, 0xA5, 0x16, 0xAE, 0x75,
    0x7C, 0xA7, 0x88, 0x15, 0xAE, 0x7B, 0x94, 0x5C, 0x28, 0x71, 0x69, 0x4F, 0xD9, 0xE8, 0x47, 0xCF,
    0x19, 0x26, 0x13, 0xE4, 0x5E, 0x06, 0x29, 0x1E, 0xFC, 0x8F, 0xBF, 0xE9, 0xFD, 0xE3, 0xEF, 0xDE,
    0x56, 0x1C, 0xDA, 0x2A, 0x9A, 0x51, 0x59, 0x70, 0x17, 0xD0, 0x73, 0xB0, 0xE7, 0xE9, 0x54, 0xA5,
    0xDE, 0x02, 0xFC, 0x5B, 0x78, 0x76, 0xE7, 0x57, 0x37, 0xCF, 0xED, 0xFC, 0xFA, 0x27, 0x3B, 0x3F,
    0xA1, 0x23, 0xB3, 0x4F, 0xAC, 0xDA, 0x8A, 0x6A, 0xB2, 0xEC, 0xFF, 0x1A, 0xC8, 0x1F, 0x78, 0xA0,
    0xB0, 0xB5, 0xB0, 0x09, 0xE4, 0x2B, 0x29, 0x58, 0x8A, 0x36, 0xF5, 0x7E, 0xBB, 0x23, 0x23, 0xEC,
    0x48, 0x03, 0x9A, 0x51, 0x56, 0x8D, 0x77, 0x95, 0xAC, 0x7A, 0xDD, 0xB2, 0x94, 0x76, 0x07, 0xA9,
    0x8E, 0xEF, 0x45, 0x93, 0x3A, 0x6A, 0xCD, 0x7D, 0x8F, 0x58, 0xF6, 0x8C, 0x6E, 0x1F, 0x9C, 0xE2,
    0xDB, 0x0A, 0xA8, 0x3B, 0xA0, 0x18, 0x83, 0x5A, 0x21, 0xC5, 0x1C, 0xFB, 0x95, 0x24, 0x09, 0x9D,
    0xFC, 0xA2, 0xFD, 0xBB, 0xE2, 0x72, 0xBA, 0x02, 0xDB, 0xE5, 0xCC, 0xA9, 0xE0, 0x79, 0xF8, 0xA1,
    0x23, 0xF6, 0x7E, 0x39, 0x73, 0x4A, 0x11, 0xEF, 0x9B, 0x5C, 0x58, 0x15, 0x55, 0x59, 0xE9, 0x71,
    0x73, 0x59, 0x65, 0x6C, 0x44, 0x9F, 0x8F, 0x68, 0x39, 0x07, 0x6C, 0x0F, 0xAC, 0x3C, 0x09, 0xA2,
    0x80, 0xB1, 0xF0, 0x55, 0xBB, 0x98, 0x05, 0xC5, 0x5A, 0x56, 0x59, 0x71, 0x8D, 0x42, 0xE1, 0xDF,
    0xF7, 0xBF, 0xD5, 0x65, 0xF0, 0x49, 0xED, 0x5D, 0xEC, 0xE7, 0xEB, 0xFE, 0x07, 0x71, 0x3B, 0x1A,
    0x05, 0x6E, 0x25, 0xF1, 0x17, 0x83, 0xF8, 0x4B, 0x41, 0xF0, 0x86, 0x74, 0xC1, 0x5E, 0x28, 0xC1,
    0x37, 0xE4, 0x23, 0x4E, 0x82, 0x60, 0x47, 0x21, 0x94, 0xE0, 0xE8, 0x0C, 0x2B, 0xA2, 0x9E, 0x12,
    0xE2, 0x10, 0xA2, 0xC6, 0xB2, 0x5D, 0x31, 0x69, 0x98, 0x21, 0xAD, 0x74, 0x9D, 0xA1, 0xD6, 0x23,
    0x16, 0x0B, 0x91, 0xED, 0x3E, 0xE9, 0x59, 0x6C, 0xB4, 0x18, 0x89, 0x32, 0xB0, 0x2A, 0x9E, 0xB0,
    0x6A, 0xC4, 0x2A, 0x27, 0x1E, 0x35, 0x4C, 0x66, 0xB8, 0x89, 0x46, 0x3A, 0x61, 0xDC, 0xC3, 0xA4,
    0x59, 0x98, 0x49, 0x1B, 0x61, 0x16, 0x4C, 0x78, 0x14, 0xF0, 0x26, 0x50, 0x33, 0x08, 0x23, 0x07,
    0x94, 0xC6, 0x0A, 0xD3, 0x46, 0xF8, 0x1D, 0x84, 0xDF, 0x13, 0x16, 0xEA, 0x48, 0x3E, 0x04, 0x74,
    0x7B, 0x1B, 0x0A, 0x1B, 0x35, 0x7A, 0xC7, 0xD7, 0x59, 0x28, 0x51, 0x12, 0x2D, 0xAC, 0x6A, 0x2D,
    0x6F, 0x22, 0xE3, 0x2B, 0x71, 0x9B, 0xC2, 0x59, 0xFA, 0x48, 0x94, 0x8C, 0xAF, 0x16, 0x86, 0x49,
    0xDB, 0x30, 0xE8, 0x22, 0x2B, 0x1A, 0x4D, 0x3F, 0x71, 0xAE, 0x68, 0x4C, 0x27, 0x92, 0xEF, 0x16,
    0x36, 0x09, 0x9C, 0xDF, 0xCB, 0x6D, 0x56, 0xE9, 0xE2, 0xD3, 0xDC, 0xE6, 0xC0, 0x8E, 0x3E, 0xB7,
    0x22, 0xBF, 0x8B, 0xBB, 0xCC, 0x8A, 0xD6, 0xD6, 0xD8, 0xCC, 0x8A, 0x59, 0x9B, 0x56, 0xD9, 0x67,
    0x4E, 0x17, 0x19, 0xD9, 0x2F, 0xC4, 0xAF, 0xBE, 0x44, 0xF6, 0x4B, 0xAB, 0x8B, 0x0D, 0xD9, 0xAF,
    0x2B, 0x5D, 0x7C, 0x44, 0xFA, 0x05, 0x40, 0xE9, 0x48, 0xE7, 0x25, 0x2B, 0x49, 0xA7, 0x70, 0x61,
    0x97, 0x7D, 0xA6, 0xFC, 0x94, 0x2C, 0x3A, 0xFA, 0x51, 0xF7, 0xC9, 0x0B, 0xFE, 0x7E, 0xE2, 0x3B,
    0xF0, 0xA2, 0x21, 0xC5, 0xA2, 0x21, 0x74, 0x17, 0x53, 0x0A, 0xD1, 0x53, 0x60, 0x5D, 0x41, 0x95,
    0xBB, 0x0B, 0x90, 0xFC, 0x45, 0x0F, 0x60, 0x96, 0x54, 0x8F, 0x3D, 0x07, 0x2B, 0x02, 0x5E, 0x10,
    0x8C, 0x00, 0x64, 0xA5, 0x05, 0x38, 0x2A, 0x42, 0x35, 0x84, 0xF8, 0x34, 0xBD, 0x62, 0x8A, 0xB4,
    0x11, 0x9D, 0xF5, 0x9C, 0x75, 0xBA, 0x1C, 0x6A, 0xC7, 0xE5, 0xC9, 0xC4, 0xBC, 0xDF, 0x8E, 0x55,
    0xE1, 0xD1, 0xB8, 0xEF, 0x73, 0xDF, 0x17, 0xBB, 0xDB, 0xDF, 0xF2, 0xB7, 0x93, 0x91, 0xE5, 0x39,
    0x0D, 0x03, 0x71, 0xF0, 0xBE, 0xFE, 0x69, 0x35, 0x79, 0x06, 0xB4, 0x5C, 0x0A, 0x0A, 0xDE, 0x10,
    0x36, 0x0E, 0xC8, 0x7F, 0x62, 0x81, 0xEC, 0xA7, 0x95, 0xF0, 0xFF, 0x05, 0xF2, 0xD3, 0x73, 0xB9,
    0x23, 0x7C, 0x69, 0xEE, 0x94, 0xC2, 0x37, 0x42, 0xD6, 0x14, 0xDE, 0x03, 0x28, 0x81, 0x45, 0xCB,
    0xFB, 0x9E, 0x2B, 0xA1, 0xC3, 0x06, 0x3C, 0x7C, 0x44, 0x3C, 0xC3, 0xA7, 0x88, 0xE4, 0x1A, 0x47,
    0x8B, 0xFE, 0x5E, 0xA0, 0x46, 0xD6, 0xC6, 0xFE, 0x85, 0x8D, 0xE9, 0xF0, 0x82, 0xC6, 0xB7, 0x42,
    0xE3, 0xBB, 0xA1, 0x71, 0x13, 0x1A, 0x47, 0xCA, 0x07, 0x77, 0x7E, 0x34, 0x50, 0x07, 0x22, 0x44,
    0xD7, 0xAE, 0x92, 0xFA, 0x9E, 0x6C, 0x38, 0xD8, 0xED, 0x36, 0xCF, 0xBF, 0x37, 0xD9, 0x1E, 0x3E,
    0x9C, 0x3E, 0xD8, 0x38, 0x0F, 0x60, 0x0E, 0x37, 0xCD, 0xEB, 0xC6, 0xD9, 0x1E, 0x88, 0x5A, 0xC4,
    0x2C, 0xA2, 0xC2, 0x5D, 0x1D, 0xDE, 0x7C, 0x1F, 0xCE, 0xF3, 0x1E, 0x9B, 0xE7, 0xFE, 0xDE, 0xE5,
    0xD2, 0xFE, 0xEF, 0x2D, 0x2E, 0xEE, 0xFF, 0xCE, 0x91, 0x3D, 0xF3, 0xC7, 0xC2, 0x5C, 0x21, 0x48,
    0xFE, 0xEA, 0x79, 0x5F, 0xA4, 0x42, 0xFC, 0x32, 0x15, 0xBA, 0x17, 0x8A, 0x8A, 0x3C, 0xD4, 0x7B,
    0xE6, 0x44, 0x16, 0x4C, 0xB7, 0x8C, 0x91, 0xE5, 0x2E, 0x6E, 0xE0, 0xE8, 0x12, 0xDC, 0xCC, 0xE1,
    0x24, 0xAB, 0x70, 0x89, 0x8D, 0x3B, 0x63, 0x8D, 0x8D, 0xFA, 0xB4, 0xC1, 0x65, 0x70, 0xF7, 0x32,
    0x6C, 0x36, 0x0A, 0xD9, 0xB5, 0x28, 0x06, 0xEC, 0xDB, 0x77, 0xEE, 0xDC, 0xA9, 0xDE, 0x0E, 0x2F,
    0x1F, 0x4C, 0x8F, 0x5B, 0x9F, 0x94, 0xC5, 0xFE, 0x17, 0x0D, 0xC5, 0xAF, 0x7C, 0xC3, 0x96, 0xB2,
    0x8A, 0xF7, 0x8F, 0x16, 0x6B, 0xF1, 0xDA, 0x8A, 0xD4, 0x2C, 0x56, 0x93, 0x68, 0x4D, 0xD4, 0x44,
    0x02, 0x33, 0xD2, 0x4A, 0x97, 0x96, 0x54, 0x3D, 0x2F, 0x08, 0xFE, 0x99, 0xA3, 0xFC, 0xF7, 0xBF,
    0x71, 0xE7, 0x0B, 0xFF, 0x7D, 0xEF, 0xD2, 0x39, 0xF6, 0x15, 0x57, 0x39, 0x0F, 0x3A, 0x38, 0x1B,
    0xDF, 0x85, 0x40, 0x79, 0xF9, 0x66, 0x19, 0xEA, 0x74, 0x86, 0x6D, 0xE9, 0x2B, 0xE6, 0x93, 0xD2,
    0xB2, 0xB3, 0xB9, 0xC5, 0x93, 0xD9, 0x68, 0x47, 0xD6, 0x85, 0x9D, 0x8D, 0x19, 0x97, 0x17, 0x88,
    0xB9, 0x0D, 0xB7, 0xDE, 0xA4, 0xA7, 0xAC, 0xD2, 0x7E, 0x65, 0x9A, 0x59, 0xA6, 0xE5, 0xCD, 0x62,
    0xD1, 0x68, 0xAB, 0x73, 0xBF, 0xAE, 0x38, 0x6A, 0x47, 0xE0, 0xF5, 0x27, 0xC7, 0xDC, 0x9E, 0xE2,
    0xBF, 0x8D, 0xCC, 0xD1, 0x64, 0x06, 0xA6, 0xD4, 0x31, 0x3E, 0xFB, 0xEA, 0xAE, 0x06, 0xDA, 0x83,
    0x6F, 0x8D, 0xDA, 0xA2, 0xA6, 0xE8, 0xD2, 0x2A, 0xF5, 0x9E, 0xC8, 0x8F, 0xAB, 0xC0, 0xF0, 0xF4,
    0xD0, 0x87, 0xDC, 0x3D, 0x38, 0x19, 0x08, 0xD6, 0xC3, 0x94, 0x20, 0xF6, 0x7F, 0xF8, 0xDB, 0xB7,
    0xEE, 0x6E, 0xB5, 0xEE, 0xFA, 0x6C, 0xF8, 0x4C, 0x2D, 0xC7, 0x64, 0x46, 0x33, 0xC4, 0x53, 0xEA,
    0xE2, 0x31, 0xEB, 0xCC, 0x50, 0xD8, 0xD4, 0x95, 0x4D, 0x61, 0xCB, 0xFF, 0xB2, 0xA3, 0xF6, 0x3D,
    0xED, 0xD5, 0x57, 0xAB, 0x25, 0x69, 0x3F, 0x84, 0xF5, 0xE9, 0xEF, 0x2C, 0x2D, 0xA2, 0x31, 0x55,
    0x04, 0xBA, 0xB4, 0x12, 0x02, 0x24, 0x3D, 0xAB, 0x9A, 0xD1, 0x75, 0xAF, 0x46, 0x2F, 0x5C, 0x57,
    0xA3, 0x46, 0x58, 0x1C, 0xEC, 0x24, 0x17, 0xAC, 0xE1, 0x45, 0x9B, 0x06, 0xA1, 0x26, 0x11, 0xC6,
    0x2F, 0xDE, 0x34, 0x1C, 0x4E, 0x28, 0x9B, 0x0A, 0x0F, 0xB7, 0x0B, 0x02, 0xEE, 0x09, 0xBE, 0x3B,
    0x0A, 0xEB, 0xDB, 0xEC, 0x4B, 0x54, 0x09, 0x33, 0x25, 0xAE, 0xAF, 0x1D, 0x6C, 0x3F, 0xEC, 0x3B,
    0xE2, 0xC1, 0x38, 0xC9, 0x14, 0x66, 0x76, 0x45, 0x11, 0x4F, 0x7A, 0x61, 0xDA, 0x09, 0xA5, 0x46,
    0xD6, 0x89, 0xB4, 0x91, 0x71, 0x88, 0x1F, 0xAC, 0x6F, 0x1B, 0x61, 0x13, 0xF0, 0x78, 0x51, 0xD1,
    0xDF, 0x5F, 0x96, 0x5A, 0x29, 0xD7, 0xFA, 0x46, 0x34, 0x0B, 0x4B, 0x11, 0x38, 0x5E, 0x39, 0xC0,
    0x12, 0xF2, 0x4A, 0x94, 0xB7, 0x61, 0x33, 0x31, 0x40, 0xD4, 0xEE, 0x2A, 0x88, 0x94, 0x21, 0x49,
    0x30, 0x60, 0x7D, 0x90, 0x12, 0x2B, 0x1C, 0xB3, 0x2A, 0x37, 0xA7, 0x13, 0x4C, 0xA5, 0x27, 0x9A,
    0x5C, 0x59, 0x45, 0x5F, 0x35, 0x65, 0x15, 0x7B, 0x9D, 0xC3, 0x26, 0x4A, 0xD6, 0x57, 0x02, 0xC7,
    0x8A, 0xC1, 0xAD, 0x48, 0xCC, 0x21, 0x25, 0xCE, 0x40, 0xFB, 0xBB, 0x26, 0x1A, 0x29, 0x1A, 0x85,
    0x5F, 0x25, 0x20, 0x1E, 0xCF, 0x97, 0xDA, 0x26, 0x1E, 0x43, 0x6B, 0x81, 0xD7, 0xE0, 0x3C, 0x53,
    0x34, 0x47, 0x33, 0x27, 0x84, 0xD2, 0xBA, 0xEB, 0x2E, 0x75, 0x69, 0x9F, 0x76, 0x99, 0xD5, 0xE3,
    0x63, 0x6D, 0x65, 0x4B, 0x4A, 0x6A, 0x8E, 0xD9, 0xB2, 0x7D, 0xAD, 0x9E, 0x8B, 0x3E, 0x02, 0xA8,
    0x16, 0x8F, 0x25, 0xFB, 0x6F, 0xDC, 0x71, 0x58, 0x62, 0x6F, 0x89, 0x34, 0x45, 0x61, 0x97, 0xD0,
    0x28, 0x5E, 0xB0, 0x52, 0x4A, 0xBD, 0x09, 0x78, 0xC1, 0x62, 0xBF, 0xB8, 0x0A, 0xD2, 0xFD, 0x2A,
    0x99, 0xAD, 0xAB, 0xA4, 0x86, 0xC9, 0xE1, 0x72, 0xF7, 0x9F, 0x63, 0xC4, 0xC8, 0x4F, 0x4C, 0x91,
    0xBF, 0xAF, 0x54, 0x53, 0xD8, 0x8D, 0x8A, 0x87, 0x0E, 0xE3, 0xB2, 0xEA, 0x0C, 0x6E, 0x41, 0xF2,
    0xBF, 0x07, 0x48, 0x7F, 0x3D, 0x41, 0xFA, 0x87, 0x09, 0xB2, 0x41, 0xFE, 0xB2, 0xA5, 0xD8, 0x97,
    0x0D, 0x45, 0x13, 0x5E, 0xB4, 0x64, 0x3D, 0x25, 0xA9, 0x93, 0xE1, 0x67, 0x64, 0xC4, 0x06, 0x95,
    0xD7, 0xAF, 0x15, 0x3E, 0xDA, 0x31, 0xA3, 0x39, 0xC6, 0x78, 0x34, 0x83, 0x71, 0xC6, 0x25, 0x07,
    0x46, 0x2C, 0x5E, 0x6C, 0xC4, 0x50, 0xCA, 0x29, 0x9D, 0xE4, 0x8E, 0x77, 0xA6, 0xD2, 0x1B, 0xEF,
    0x88, 0x27, 0x57, 0xFE, 0xCB, 0xE4, 0xAC, 0x7E, 0xDC, 0x94, 0x37, 0xCC, 0x80, 0xBC, 0xAD, 0xA8,
    0x95, 0xC3, 0xAD, 0x6A, 0xB9, 0x33, 0x71, 0xCB, 0x82, 0x92, 0xF6, 0xAC, 0x9E, 0xCF, 0x16, 0xE7,
    0xAF, 0xFE, 0xDF, 0x87, 0x80, 0x5D, 0xA3, 0x60, 0x09, 0x84, 0xA2, 0x52, 0xE8, 0x0C, 0x67, 0x20,
    0x25, 0xB4, 0xBC, 0x2C, 0x75, 0xE1, 0x39, 0x56, 0x9D, 0x8D, 0x2C, 0xA5, 0x3A, 0x20, 0x27, 0x66,
    0x81, 0x56, 0x25, 0x4E, 0x2F, 0x0F, 0xBF, 0xEC, 0xCF, 0x0F, 0x3F, 0x40, 0x1E, 0xEC, 0xA1, 0xFC,
    0x72, 0x82, 0x99, 0x2D, 0x62, 0x47, 0xBA, 0xBE, 0xE1, 0x6A, 0x0A, 0x41, 0xD9, 0x08, 0xAA, 0x33,
    0xA8, 0xE5, 0xE5, 0x16, 0x6A, 0x5A, 0x68, 0x05, 0x73, 0x58, 0x41, 0x45, 0xC9, 0x69, 0x3F, 0xD8,
    0x91, 0x3D, 0x6C, 0x2B, 0x62, 0xFF, 0xD4, 0x4D, 0xC0, 0x78, 0xEB, 0x9B, 0xB8, 0xFD, 0xDC, 0x3B,
    0x8A, 0xFF, 0x9E, 0x0C, 0x14, 0x27, 0x66, 0xA4, 0xE8, 0x45, 0xCB, 0x86, 0x07, 0x94, 0x67, 0x50,
    0x13, 0x8F, 0xCB, 0xFC, 0xB3, 0x60, 0x92, 0x66, 0x13, 0x69, 0x1F, 0x49, 0x9F, 0x58, 0xAA, 0x98,
    0x81, 0x1A, 0xE3, 0xB4, 0x8B, 0x9E, 0x2F, 0x38, 0xC2, 0x13, 0xBF, 0xB4, 0xBB, 0xFA, 0xFC, 0x93,
    0xB4, 0x66, 0x85, 0xF2, 0xBE, 0x60, 0x3A, 0x48, 0x8C, 0x2F, 0x5F, 0x7D, 0x63, 0x98, 0x9F, 0xBF,
    0x31, 0x24, 0x03, 0x2D, 0xD9, 0xD3, 0x37, 0x86, 0xFF, 0xD5, 0x53, 0xF8, 0xFF, 0xD8, 0x91, 0xEE,
    0x34, 0xF3, 0x55, 0x01, 0xF9, 0x32, 0xF3, 0xF3, 0xB9, 0x50, 0x8B, 0x48, 0x3B, 0xA0, 0x52, 0x8E,
    0xB9, 0x2B, 0xC6, 0x76, 0x8C, 0x1F, 0xFE, 0x7C, 0x8C, 0xFF, 0x54, 0x0D, 0xF1, 0x63, 0x6E, 0x9B,
    0x83, 0xFF, 0xDD, 0x92, 0x3A, 0xC8, 0xFA, 0x35, 0xF3, 0x24, 0xF4, 0xF9, 0xED, 0xCE, 0x31, 0xFB,
    0x72, 0x41, 0xBA, 0x7C, 0xE0, 0xA2, 0x21, 0x2C, 0xB0, 0xFA, 0xBA, 0x90, 0xC1, 0x33, 0x44, 0xBE,
    0x81, 0x7A, 0x84, 0xD4, 0x03, 0x5E, 0x52, 0xEC, 0xDF, 0x23, 0xB3, 0x1B, 0x52, 0x7B, 0x14, 0xB2,
    0x2B, 0xAF, 0x8A, 0x5F, 0x6D, 0x49, 0xFC, 0x00, 0x6F, 0x02, 0xFF, 0x10, 0x36, 0x70, 0x97, 0x68,
    0x20, 0xD7, 0x6B, 0x3C, 0xA7, 0x30, 0xEF, 0x15, 0xDC, 0x4B, 0x5C, 0xE7, 0x56, 0x3C, 0x42, 0xEC,
    0xEA, 0x53, 0x07, 0x1A, 0x5B, 0xA8, 0x23, 0x4A, 0x5F, 0xE5, 0x33, 0x51, 0x45, 0x39, 0x93, 0x75,
    0xEF, 0x04, 0x97, 0x4D, 0xE4, 0x8B, 0xDF, 0xE2, 0x81, 0xA2, 0x52, 0xB4, 0x23, 0x08, 0x16, 0x7F,
    0x3E, 0x62, 0xD5, 0xBD, 0x49, 0x26, 0x8A, 0xE6, 0x9C, 0xC6, 0xFC, 0xD3, 0x33, 0xB0, 0xFF, 0x67,
    0x3A, 0x9F, 0xFB, 0xCF, 0x74, 0xEF, 0x55, 0xAE, 0x5F, 0x5D, 0x23, 0xB6, 0x74, 0x14, 0x14, 0x8E,
    0xB6, 0x31, 0x8E, 0xDA, 0x9A, 0x61, 0x09, 0x90, 0xB4, 0x89, 0x04, 0x8A, 0x17, 0xD8, 0xC3, 0x25,
    0x98, 0xA5, 0xD4, 0x3D, 0x4E, 0x44, 0xB5, 0x87, 0x63, 0x63, 0xA1, 0x4C, 0x65, 0xCB, 0x8B, 0x40,
    0x79, 0x53, 0xE0, 0x90, 0x71, 0x78, 0xAA, 0xD4, 0x3D, 0xDF, 0x22, 0xB5, 0xD7, 0x7B, 0x4A, 0xB2,
    0x3E, 0xED, 0x69, 0x2B, 0xD3, 0x27, 0x0E, 0x5F, 0xC5, 0xBD, 0x71, 0xD1, 0x1F, 0xAA, 0xB8, 0x33,
    0xCE, 0x7C, 0x51, 0x19, 0x6B, 0x5C, 0xF2, 0x61, 0x93, 0x34, 0xC6, 0x65, 0x79, 0x93, 0x62, 0xDC,
    0x5B, 0x79, 0x73, 0x0E, 0xE3, 0x36, 0x79, 0xB3, 0xC1, 0xB8, 0x8F, 0xF2, 0xE6, 0x23, 0x8C, 0x73,
    0x59, 0xE3, 0x30, 0x7F, 0xEC, 0xB2, 0x1F, 0x5B, 0xCC, 0xFF, 0xB7, 0xD9, 0xE7, 0x15, 0xE6, 0x2B,
    0xB2, 0x9F, 0x81, 0xD9, 0x91, 0xC9, 0xFD, 0x13, 0xD9, 0xC0, 0xFE, 0x99, 0x07, 0x6B, 0x7E, 0xFA,
    0x26, 0x9E, 0x69, 0x6D, 0x32, 0x92, 0x75, 0x59, 0x43, 0xE2, 0x2E, 0x83, 0x71, 0x37, 0x21, 0x1E,
    0x1D, 0xB0, 0xEB, 0xF6, 0xAE, 0xA5, 0x46, 0x50, 0xED, 0xDD, 0x6E, 0x7E, 0xA6, 0xE0, 0xD1, 0x93,
    0xCA, 0xCB, 0x0A, 0xA9, 0x53, 0x33, 0x10, 0x0D, 0xF1, 0xC8, 0x85, 0x3E, 0xDA, 0x55, 0xAD, 0xC5,
    0xAF, 0xCA, 0xA6, 0xB3, 0x9C, 0x92, 0xEE, 0x34, 0xB7, 0x02, 0x7D, 0x64, 0x59, 0xA1, 0x29, 0xC3,
    0x49, 0x2F, 0x9C, 0x4D, 0xE5, 0xC7, 0xE5, 0x05, 0x5E, 0xA7, 0xC8, 0x94, 0x01, 0x13, 0x97, 0x36,
    0x22, 0x92, 0x01, 0x66, 0xB8, 0x8C, 0xF8, 0x6C, 0x80, 0x68, 0x3A, 0x01, 0x98, 0x7B, 0x61, 0x6B,
    0x57, 0x4E, 0x50, 0x0A, 0xB8, 0x19, 0x70, 0x10, 0x98, 0x5E, 0x98, 0x2D, 0x5D, 0xD6, 0xA3, 0x97,
    0x8E, 0x73, 0x40, 0xF1, 0x68, 0xDD, 0x40, 0x37, 0xD4, 0xCA, 0xF2, 0xBB, 0xEC, 0xC0, 0xC5, 0x13,
    0x74, 0xEB, 0xEB, 0x73, 0x28, 0x1B, 0x44, 0x59, 0x93, 0x02, 0xE6, 0xD9, 0xDF, 0x5F, 0xD3, 0xEF,
    0xDF, 0xC0, 0x0C, 0xBC, 0x2B, 0x8B, 0xDE, 0xA4, 0xF0, 0x7E, 0x94, 0xCC, 0x01, 0x88, 0xB4, 0x2F,
    0x73, 0xC4, 0x33, 0xEA, 0x40, 0xEA, 0xD6, 0x23, 0xC1, 0x8B, 0x4F, 0x18, 0x35, 0x12, 0xA6, 0xE4,
    0xC7, 0x57, 0x90, 0xF7, 0x1A, 0xB6, 0xDE, 0x33, 0x5F, 0x72, 0xC2, 0xB0, 0x07, 0x5F, 0xB5, 0x7B,
    0x42, 0x96, 0x9D, 0x3F, 0x79, 0x55, 0x11, 0x39, 0x79, 0x44, 0xA6, 0x13, 0x8D, 0x97, 0xBF, 0x9D,
    0x58, 0x0F, 0x3C, 0xFA, 0xAA, 0x7F, 0x79, 0x1B, 0x52, 0xF9, 0xB1, 0x12, 0xB5, 0xE7, 0xE8, 0xE4,
    0xCF, 0x6B, 0x26, 0x11, 0x6F, 0x4C, 0xC1, 0x16, 0x7C, 0x13, 0x88, 0xEF, 0x73, 0x2E, 0xF3, 0x5C,
    0xCC, 0x3F, 0xB4, 0x97, 0x8E, 0xE2, 0x61, 0xB3, 0xA1, 0x1D, 0x97, 0x63, 0x25, 0xFC, 0x25, 0xD5,
    0x9A, 0x01, 0xA4, 0x25, 0x59, 0x7A, 0xC7, 0x7F, 0x55, 0xD5, 0xDD, 0x25, 0x53, 0x76, 0x4E, 0x23,
    0x43, 0x6C, 0x6F, 0x77, 0x05, 0x83, 0x31, 0xDB, 0xAF, 0x0B, 0x22, 0x69, 0xDC, 0xEE, 0x73, 0x76,
    0x07, 0x01, 0xE4, 0x61, 0x1A, 0x0C, 0x06, 0x02, 0xBB, 0x44, 0x0F, 0x69, 0x34, 0x5E, 0xBF, 0xAA,
    0xDD, 0x41, 0x00, 0xF3, 0x10, 0x23, 0x12, 0x68, 0x2C, 0x6C, 0x2F, 0x7A, 0xF0, 0xC2, 0x13, 0xFD,
    0xDE, 0x3D, 0x33, 0x83, 0xC5, 0x62, 0x2B, 0x91, 0xB5, 0x08, 0xB6, 0xB2, 0xD9, 0x4E, 0xC2, 0x4A,
    0xF6, 0xEC, 0xA6, 0x3A, 0xA9, 0x9E, 0x54, 0xD5, 0xC9, 0xFD, 0xBE, 0x29, 0x7D, 0xA7, 0xA7, 0x8D,
    0x2C, 0xC9, 0x3E, 0xDD, 0x47, 0xD5, 0xFF, 0xBB, 0xEF, 0xD6, 0xA9, 0xF3, 0xFD, 0xFF, 0xFF, 0x53,
    0x75, 0x7C, 0x55, 0xF7, 0x01, 0x54, 0x0E, 0xEB, 0xA9, 0x3D, 0xD6, 0x71, 0x96, 0xA5, 0x5D, 0x85,
    0x5B, 0x70, 0x08, 0x41, 0xB6, 0x24, 0x90, 0x76, 0x64, 0x1D, 0x79, 0x4B, 0xD1, 0x62, 0xBC, 0x6C,
    0xA5, 0xA7, 0x6A, 0xB0, 0x8D, 0x9C, 0x57, 0x3B, 0x20, 0x07, 0x0C, 0x50, 0x42, 0x1E, 0x7B, 0xAA,
    0xFB, 0x23, 0xC7, 0x97, 0xE7, 0x74, 0x58, 0x1D, 0xE7, 0xE1, 0xEA, 0x6D, 0xD3, 0xDD, 0xC2, 0xF8,
    0x0F, 0xA8, 0x36, 0xBB, 0x6D, 0x3A, 0xAC, 0xEB, 0xB0, 0x5F, 0x6B, 0xB1, 0x5F, 0xF7, 0xD8, 0x37,
    0x3C, 0xF6, 0xDD, 0x86, 0xEA, 0x63, 0xE7, 0xCD, 0x7F, 0x17, 0x3E, 0x8B, 0x11, 0xD6, 0x03, 0xBC,
    0x0C, 0x7C, 0x09, 0xF8, 0x0A, 0x4B, 0x23, 0x8F, 0x1D, 0xD4, 0xDF, 0x1B, 0x49, 0x06, 0x66, 0xB2,
    0xC0, 0xBE, 0x90, 0xBA, 0x26, 0x84, 0x5E, 0x15, 0xE0, 0x73, 0x20, 0x7C, 0x49, 0x63, 0x1C, 0x05,
    0x06, 0x44, 0xC4, 0x16, 0x90, 0x73, 0xA1, 0xD0, 0xCE, 0x0E, 0xB8, 0x06, 0xF0, 0x37, 0x07, 0xEC,
    0x66, 0x31, 0xBE, 0xDF, 0x55, 0x31, 0x46, 0xF7, 0x1A, 0x37, 0x07, 0x20, 0x71, 0x00, 0xBC, 0x0A,
    0xEF, 0xDC, 0xA9, 0x1E, 0xF6, 0x65, 0x8C, 0x5D, 0xD1, 0x9A, 0xC6, 0x90, 0xF9, 0x4B, 0x24, 0xED,
    0x45, 0xE8, 0x76, 0xA0, 0xDB, 0x7C, 0xEE, 0xE4, 0xBB, 0xC2, 0x9B, 0xA6, 0x9C, 0x63, 0xBB, 0x5F,
    0x3F, 0xEA, 0xAF, 0xC2, 0x3B, 0x00, 0x55, 0x6C, 0xEA, 0xA9, 0x9A, 0xDD, 0xCD, 0x21, 0xEF, 0x31,
    0x3E, 0xDB, 0x80, 0x4B, 0x07, 0x2E, 0x91, 0x8C, 0xAC, 0x60, 0xE4, 0x03, 0x98, 0x92, 0x0E, 0x4E,
    0x32, 0x0F, 0xB5, 0x01, 0xEC, 0x45, 0x81, 0x3D, 0x38, 0x7B, 0xF3, 0xD1, 0x2E, 0x55, 0x8C, 0x01,
    0xF1, 0x1D, 0x85, 0x57, 0xEA, 0x1F, 0x39, 0xD6, 0x31, 0x7A, 0xB0, 0x0E, 0xA8, 0x61, 0x81, 0x19,
    0xB8, 0x10, 0xFF, 0x1C, 0xD6, 0x22, 0xF9, 0xFC, 0xE1, 0x67, 0x1B, 0xC0, 0xB3, 0xDF, 0xA9, 0xBC,
    0xF5, 0x0C, 0xD9, 0xC3, 0xDA, 0x63, 0x9C, 0x69, 0xA9, 0xC4, 0xBA, 0xEB, 0xE4, 0x7E, 0x03, 0x80,
    0x05, 0xA8, 0x34, 0xF7, 0x00, 0xD4, 0xD1, 0xC1, 0x3F, 0xC6, 0x40, 0xDA, 0x56, 0x23, 0x59, 0x9B,
    0xCF, 0x62, 0xE8, 0x9A, 0x6C, 0xC0, 0x92, 0xCE, 0x94, 0x10, 0xBB, 0x4B, 0x60, 0xA7, 0x15, 0x14,
    0xB1, 0x07, 0xD6, 0x2D, 0x50, 0xAA, 0xEB, 0x01, 0x48, 0x03, 0x97, 0x49, 0x3B, 0xF6, 0xC8, 0x5A,
    0xF6, 0x25, 0x8F, 0x75, 0x25, 0x98, 0x38, 0x42, 0xB2, 0x3E, 0x80, 0x4B, 0x49, 0x67, 0xB3, 0xBE,
    0xCE, 0xFA, 0x1D, 0x31, 0x65, 0x69, 0x37, 0xE3, 0x01, 0x90, 0xC7, 0xFB, 0x33, 0x60, 0x1B, 0x65,
    0x34, 0xC8, 0x60, 0x92, 0xFE, 0x06, 0x7B, 0x14, 0xBE, 0x8C, 0xDD, 0x15, 0x0C, 0xC7, 0x69, 0x6F,
    0xB8, 0x94, 0xF4, 0xF4, 0x79, 0xB3, 0x93, 0x75, 0xB8, 0xCC, 0xAF, 0xF2, 0x16, 0x96, 0x90, 0xFA,
    0x55, 0xE1, 0x21, 0x6D, 0x9F, 0x84, 0x56, 0xC3, 0xD2, 0x25, 0x0B, 0xC8, 0xD4, 0xA6, 0x3D, 0xAF,
    0xE6, 0x8D, 0x61, 0xE2, 0xD0, 0xB8, 0xA2, 0xA9, 0x62, 0x57, 0x92, 0xB5, 0xE9, 0x77, 0xD9, 0xD3,
    0xB4, 0x49, 0xAF, 0xDE, 0x97, 0x2D, 0x14, 0xF3, 0xBD, 0x19, 0xC4, 0xF2, 0x0E, 0x80, 0x5D, 0x65,
    0xFB, 0x17, 0xD9, 0x3F, 0x8F, 0xA6, 0x19, 0x2C, 0xFD, 0x7E, 0x12, 0x1E, 0xA4, 0x61, 0xCC, 0xBA,
    0xB1, 0xE8, 0x46, 0xD3, 0x9E, 0xFC, 0xE9, 0x43, 0xFB, 0xD1, 0x78, 0x06, 0x48, 0x38, 0x2F, 0x52,
    0xD9, 0xCB, 0x7D, 0x12, 0x4A, 0x8A, 0xF6, 0x98, 0xEA, 0xDB, 0x03, 0xEB, 0x22, 0x30, 0x9B, 0x8E,
    0x3A, 0x0F, 0x54, 0x5F, 0xEF, 0x31, 0xCD, 0x40, 0xEE, 0xF7, 0x48, 0xDB, 0x1D, 0x70, 0x67, 0x64,
    0xE2, 0xFB, 0xB8, 0xD9, 0x81, 0xC3, 0x2F, 0xD8, 0x6F, 0xBD, 0x72, 0xC3, 0xD9, 0xD8, 0xD6, 0xB1,
    0x05, 0x7E, 0x3D, 0x07, 0x11, 0x07, 0xBF, 0x1F, 0xA3, 0x13, 0x07, 0x4F, 0xDE, 0xEA, 0x0C, 0x97,
    0xB8, 0x93, 0x88, 0x83, 0xDC, 0xA1, 0xDF, 0xF8, 0xF2, 0x24, 0x24, 0x21, 0xDD, 0x84, 0xFD, 0xB7,
    0xDA, 0x8D, 0x67, 0xD4, 0x11, 0x09, 0x77, 0x2C, 0x1A, 0x4C, 0xA3, 0x5D, 0x8A, 0x56, 0x6E, 0x8E,
    0x3B, 0x59, 0x10, 0x07, 0xEF, 0x24, 0x83, 0x71, 0xC5, 0x9F, 0xC5, 0x36, 0x96, 0x64, 0x7F, 0x7B,
    0xC3, 0xBD, 0xF2, 0x6B, 0x39, 0xF8, 0xCA, 0x8D, 0x1B, 0x37, 0xA8, 0x63, 0x8C, 0x7C, 0xF3, 0xDE,
    0xBD, 0x7B, 0x20, 0xBD, 0xA8, 0xA2, 0xBF, 0x93, 0x75, 0x47, 0x84, 0x5E, 0xB7, 0xA3, 0x24, 0xEC,
    0xE7, 0x5D, 0x19, 0x9B, 0x73, 0x8F, 0xD1, 0x56, 0x38, 0x78, 0x76, 0xDF, 0x3A, 0xF6, 0x05, 0xC7,
    0xB7, 0x0D, 0xE2, 0xD2, 0x97, 0xB3, 0xBB, 0x7A, 0x5F, 0x24, 0x43, 0xE5, 0xD2, 0x60, 0x1A, 0x3A,
    0xD3, 0x40, 0xE9, 0xC0, 0xAA, 0x57, 0x24, 0x01, 0x72, 0x0F, 0x57, 0x80, 0xC3, 0x73, 0x64, 0xFE,
    0x65, 0x4C, 0x9C, 0xB0, 0x71, 0x04, 0x40, 0xCF, 0x8F, 0x13, 0x59, 0xB0, 0x64, 0x6D, 0xE5, 0x92,
    0xC6, 0x3A, 0xA8, 0x21, 0x19, 0x60, 0xDD, 0xC0, 0x5B, 0x3D, 0x30, 0x02, 0xC7, 0xBC, 0xC6, 0x31,
    0x7B, 0x8C, 0xD8, 0x3F, 0xEC, 0xD9, 0xA8, 0x51, 0x03, 0xF8, 0x46, 0x32, 0x65, 0x7D, 0xE1, 0x4B,
    0xAE, 0x82, 0xF1, 0x1C, 0x0B, 0x8C, 0x94, 0x02, 0x55, 0x93, 0x8C, 0x58, 0x59, 0x42, 0x2C, 0x59,
    0x2F, 0x10, 0xD8, 0x17, 0x38, 0x21, 0xEF, 0x98, 0x28, 0x5A, 0x46, 0x8C, 0x4F, 0x16, 0x28, 0xBD,
    0xF4, 0x6C, 0xB2, 0x91, 0xB5, 0xCB, 0xA6, 0xF4, 0x17, 0xAE, 0x88, 0xB1, 0x9C, 0xCD, 0xDB, 0xA3,
    0x19, 0xCC, 0xD7, 0x5C, 0xE2, 0x4A, 0x80, 0x0A, 0xC0, 0x2A, 0x34, 0x02, 0x41, 0xA0, 0x03, 0xCA,
    0x06, 0x74, 0x3A, 0x76, 0x73, 0xF1, 0xA5, 0x8C, 0x8F, 0x6A, 0x67, 0x63, 0xD8, 0x41, 0xA1, 0x7E,
    0x1A, 0xB6, 0x07, 0x2A, 0x01, 0x23, 0x90, 0x0A, 0xC0, 0xFF, 0x0B, 0x24, 0xE1, 0x0A, 0x54, 0xA1,
    0xFA, 0x19, 0xAF, 0xDF, 0x7D, 0xFD, 0x3B, 0x50, 0x35, 0xD6, 0x5B, 0x6F, 0x9B, 0xB3, 0x70, 0x9E,
    0x2E, 0xED, 0x93, 0x19, 0x8B, 0x65, 0x7F, 0x3D, 0xAE, 0x5B, 0x70, 0x62, 0x47, 0xDD, 0x16, 0xBF,
    0xF0, 0xE9, 0x1F, 0x79, 0x8C, 0x17, 0x2D, 0x95, 0xC3, 0x22, 0xDB, 0xBE, 0x6E, 0xC7, 0x30, 0x09,
    0x61, 0x80, 0x9B, 0x07, 0xD9, 0x7F, 0x0E, 0xC6, 0x4F, 0x15, 0x27, 0xD7, 0x39, 0x39, 0xE6, 0xF8,
    0x01, 0xE3, 0x83, 0x64, 0x3C, 0xCE, 0x82, 0x2D, 0x5A, 0x13, 0x61, 0x57, 0xEF, 0x3F, 0x3A, 0x03,
    0xBD, 0x71, 0x3C, 0x90, 0x15, 0x32, 0xEB, 0xB0, 0x6F, 0xF4, 0x94, 0x1F, 0x8E, 0xD8, 0x77, 0x07,
    0x4E, 0x8A, 0x2E, 0x19, 0xCA, 0x26, 0xEB, 0xAE, 0x63, 0x5C, 0xCF, 0x4E, 0xDA, 0x72, 0x3E, 0x01,
    0x70, 0x00, 0xC2, 0x87, 0xDB, 0x50, 0xB7, 0x10, 0xD8, 0xF0, 0x22, 0x6B, 0x11, 0x6E, 0x45, 0x83,
    0xF2, 0x03, 0xE1, 0x78, 0x0D, 0x84, 0xE7, 0x11, 0x60, 0x49, 0x82, 0x86, 0xCC, 0x23, 0x84, 0x8D,
    0x48, 0xDD, 0xA7, 0xC4, 0x3A, 0x8E, 0x59, 0x11, 0x61, 0xA2, 0x4F, 0x23, 0x36, 0xFE, 0xAA, 0x2B,
    0xF6, 0x81, 0xDC, 0x5F, 0xBE, 0x03, 0x18, 0x77, 0xEB, 0x01, 0x70, 0x25, 0x69, 0x47, 0x60, 0x2F,
    0x6F, 0x24, 0x04, 0x73, 0x6F, 0x3E, 0x20, 0x6B, 0xCB, 0x18, 0x3B, 0x0A, 0x4F, 0x16, 0xC0, 0x20,
    0x41, 0x72, 0xE6, 0x01, 0xC9, 0xB9, 0x9E, 0xD1, 0xF6, 0x34, 0xEB, 0x0F, 0x94, 0x75, 0xDA, 0x29,
    0xEB, 0xDC, 0xA3, 0x8E, 0x3A, 0x65, 0x7D, 0x45, 0x59, 0xB3, 0xA7, 0xAC, 0x59, 0xE8, 0xB6, 0x1A,
    0x44, 0x97, 0xD0, 0x4D, 0xDE, 0x94, 0x70, 0xAD, 0x8A, 0xC2, 0xFA, 0xE8, 0xD8, 0x78, 0xA6, 0x24,
    0x0C, 0x45, 0x6B, 0xE3, 0x7F, 0xF8, 0x5B, 0x45, 0x0B, 0xA6, 0x11, 0x3E, 0x54, 0xFA, 0x89, 0x15,
    0x3A, 0x68, 0xAF, 0x7C, 0xD2, 0x4E, 0x36, 0xF2, 0x25, 0x9F, 0x63, 0x95, 0x3A, 0xAE, 0x90, 0x74,
    0x99, 0x63, 0x8F, 0x3C, 0x46, 0x08, 0x94, 0x12, 0x96, 0xF6, 0x8A, 0x03, 0x48, 0xE2, 0x08, 0x97,
    0xC9, 0xBB, 0x7D, 0x38, 0xA2, 0xF0, 0xEA, 0x64, 0xDA, 0x2C, 0x4E, 0x1E, 0x6B, 0x9E, 0xB4, 0xA7,
    0x04, 0xA2, 0x93, 0x8C, 0xBC, 0x15, 0xE8, 0x81, 0x64, 0x94, 0x74, 0x30, 0xE6, 0xFE, 0x2C, 0xEF,
    0x30, 0x1A, 0x67, 0xDD, 0x51, 0x32, 0x5C, 0x21, 0x72, 0x52, 0x84, 0xBD, 0x34, 0x52, 0xC5, 0x26,
    0x14, 0xFB, 0x24, 0xBB, 0x59, 0xAB, 0x5E, 0x17, 0x5E, 0xBD, 0x2E, 0xD5, 0x6B, 0xAE, 0xA9, 0xD7,
    0x1C, 0xA9, 0xD7, 0x49, 0x50, 0xAF, 0xB3, 0x16, 0xF5, 0xBA, 0xD1, 0x50, 0xA2, 0x5E, 0xAF, 0x9E,
    0xF6, 0x1A, 0x96, 0xF5, 0xC5, 0x43, 0xED, 0xC1, 0x3A, 0x38, 0xC3, 0xB6, 0xAD, 0x80, 0xAB, 0xC0,
    0x6D, 0xE0, 0x10, 0x8A, 0x00, 0x6B, 0x47, 0x36, 0x80, 0x69, 0xD1, 0xDE, 0x6B, 0x60, 0x06, 0x26,
    0x72, 0x37, 0x51, 0xF8, 0x19, 0xE3, 0x6B, 0xAA, 0xA6, 0x7A, 0x18, 0xB5, 0x30, 0xE3, 0x15, 0x00,
    0x5E, 0x57, 0xAC, 0x1A, 0x00, 0xE3, 0x01, 0xA1, 0x07, 0xE2, 0x0F, 0xC0, 0x2D, 0x3E, 0xD7, 0x92,
    0x1E, 0xD0, 0x44, 0x50, 0x28, 0x9A, 0x11, 0x11, 0xAA, 0x78, 0x5B, 0x31, 0x4C, 0x40, 0xDA, 0x09,
    0x66, 0xFE, 0x04, 0x28, 0xDC, 0x1A, 0x28, 0xA9, 0xA5, 0x23, 0x56, 0x79, 0x0B, 0x06, 0x61, 0x9A,
    0x7E, 0x72, 0x6F, 0xDD, 0x90, 0xC5, 0x18, 0x1B, 0x8C, 0xA3, 0xF2, 0x94, 0x50, 0x7A, 0x56, 0x4A,
    0xE8, 0x48, 0x15, 0x05, 0xC1, 0x4C, 0xB0, 0x7B, 0xFB, 0x31, 0xC9, 0xFA, 0x71, 0x8C, 0x2E, 0x8F,
    0x33, 0x40, 0xF2, 0x1D, 0x10, 0x0B, 0xB7, 0x02, 0x2C, 0x00, 0x47, 0x00, 0x49, 0xFB, 0xDC, 0xF3,
    0xFF, 0x06, 0x40, 0x12, 0x01, 0xF2, 0xE8, 0x00, 0xF3, 0x9E, 0x97, 0x34, 0x3A, 0x0D, 0x77, 0xB9,
    0xFB, 0x9C, 0xF3, 0x3F, 0xEB, 0x00, 0xA8, 0x7A, 0x03, 0xB0, 0x9E, 0xFF, 0x04, 0xA0, 0xAD, 0x07,
    0x20, 0x71, 0xC5, 0x01, 0xF0, 0xAC, 0x80, 0xAD, 0x02, 0x91, 0xB0, 0xD5, 0x20, 0x22, 0xB6, 0x2A,
    0x54, 0xC6, 0xA2, 0x63, 0x11, 0xB2, 0x28, 0x59, 0xA4, 0x2C, 0x5A, 0x16, 0x31, 0x8B, 0x9A, 0x45,
    0xCE, 0xA2, 0x67, 0x11, 0xB4, 0x28, 0x5A, 0x24, 0x2D, 0x9A, 0x50, 0x51, 0x7C, 0xAA, 0x8A, 0x4F,
    0x65, 0xB1, 0x9D, 0x17, 0x2D, 0x37, 0xB1, 0x59, 0x0F, 0xD4, 0x8A, 0x3B, 0x69, 0x07, 0xC0, 0x73,
    0x7F, 0x49, 0x69, 0xCB, 0x27, 0x80, 0xEA, 0xBE, 0x03, 0x56, 0x59, 0x03, 0x5C, 0xCD, 0xFC, 0x93,
    0xCF, 0x55, 0x74, 0x40, 0x31, 0x3D, 0x2F, 0x9C, 0xD3, 0xB8, 0x69, 0x01, 0x48, 0xD7, 0xCB, 0x07,
    0x56, 0x13, 0x59, 0x07, 0xF0, 0xD7, 0x23, 0x69, 0x0B, 0xF0, 0xCB, 0xE5, 0x43, 0xF6, 0xD1, 0x40,
    0xEA, 0x81, 0xE2, 0x8D, 0x1E, 0x6D, 0x97, 0xB2, 0xE5, 0xC3, 0x2A, 0x0F, 0x68, 0xEB, 0x8B, 0x00,
    0xCA, 0xDF, 0x3C, 0xBC, 0xE1, 0x80, 0xDC, 0x9B, 0x18, 0x5B, 0xC0, 0x60, 0x7E, 0xA4, 0xDF, 0x5C,
    0x13, 0x7A, 0x00, 0x27, 0xF7, 0xD6, 0x1E, 0x20, 0x51, 0xF2, 0x2A, 0x57, 0x14, 0xA9, 0x62, 0x2C,
    0x00, 0x25, 0xD4, 0x70, 0x11, 0x56, 0x70, 0x02, 0x97, 0xA1, 0x87, 0x09, 0x56, 0xA4, 0x81, 0x64,
    0x82, 0x41, 0xAE, 0xA0, 0x0B, 0xF3, 0xBD, 0xFB, 0x3D, 0x31, 0xBA, 0x45, 0xC4, 0xD2, 0x96, 0x07,
    0x9F, 0x9F, 0xCF, 0x90, 0x0F, 0xAC, 0xB5, 0xCE, 0xB5, 0x0D, 0xB5, 0x93, 0x2C, 0x33, 0x5C, 0x21,
    0x1B, 0x01, 0xF2, 0x1E, 0xC0, 0x04, 0xC5, 0x0E, 0x10, 0x17, 0x01, 0xFB, 0x29, 0x36, 0x6C, 0xD1,
    0x01, 0xD4, 0x8A, 0xF6, 0xB3, 0xD8, 0xB0, 0x9C, 0xD5, 0x60, 0x82, 0xE8, 0xC8, 0x27, 0xCA, 0x46,
    0x94, 0xCD, 0x40, 0xA5, 0x44, 0x50, 0x48, 0x06, 0x00, 0xD6, 0x8A, 0x15, 0x5B, 0xB4, 0x00, 0xF5,
    0xA4, 0xD8, 0x01, 0x90, 0xDE, 0x05, 0x58, 0x2C, 0x1E, 0x15, 0xEF, 0x28, 0x96, 0x8A, 0x39, 0x4F,
    0xB7, 0x4A, 0xC5, 0x7F, 0x55, 0x31, 0xD1, 0x49, 0x64, 0x24, 0xED, 0x48, 0x74, 0xFA, 0xD2, 0x0D,
    0x7A, 0xB2, 0x61, 0x3B, 0x64, 0x1E, 0xB6, 0x58, 0x3C, 0x92, 0xA9, 0x31, 0x31, 0x76, 0xA0, 0x13,
    0x47, 0xE9, 0x17, 0x49, 0x82, 0x8B, 0x78, 0x45, 0x00, 0x6A, 0xF8, 0x92, 0x8A, 0xD8, 0x81, 0x19,
    0x56, 0x30, 0xC1, 0xA8, 0x13, 0x31, 0x20, 0xB3, 0xD0, 0xB3, 0x5D, 0x64, 0xC7, 0x6D, 0xCE, 0xC2,
    0x6F, 0xF9, 0x5F, 0x7D, 0xEE, 0xF9, 0x9F, 0x3B, 0x00, 0x28, 0x03, 0x40, 0xDD, 0xEB, 0xE4, 0x8D,
    0x40, 0xD6, 0x5E, 0x03, 0x5E, 0xE2, 0xA5, 0xE7, 0x9C, 0x7F, 0xDE, 0x5C, 0x05, 0x8C, 0x9F, 0x9F,
    0x60, 0xD1, 0xEC, 0x01, 0xF0, 0x9C, 0x3B, 0x9F, 0xDE, 0x5D, 0x32, 0x8D, 0xC0, 0x1D, 0xA0, 0x04,
    0x72, 0xD8, 0xF2, 0x1D, 0x37, 0x6C, 0x7F, 0x06, 0x33, 0x30, 0x22, 0x3C, 0x49, 0x07, 0xC8, 0x64,
    0xEF, 0x95, 0x99, 0xEE, 0x85, 0x70, 0x6A, 0x75, 0x57, 0x56, 0x95, 0xEC, 0x0D, 0xCA, 0xC7, 0x02,
    0x35, 0x4F, 0xEA, 0xB5, 0x64, 0x86, 0x0B, 0xF1, 0x80, 0x75, 0x0C, 0xCB, 0x85, 0x2B, 0x83, 0x66,
    0x32, 0xC8, 0xF2, 0x7C, 0xF9, 0x7B, 0xA7, 0x98, 0xFF, 0x25, 0xE9, 0xD4, 0xC2, 0x3A, 0x90, 0x3E,
    0xEA, 0x29, 0xFC, 0x1E, 0x17, 0xF9, 0xCA, 0xA9, 0xE5, 0xCF, 0x9B, 0xCB, 0x98, 0xF6, 0x44, 0xF6,
    0xE5, 0x92, 0x39, 0x3D, 0xED, 0x55, 0x8C, 0xDF, 0x01, 0xBD, 0x18, 0x1D, 0x30, 0x51, 0x75, 0xC0,
    0x48, 0xDE, 0x6B, 0x2E, 0x4D, 0x37, 0xC2, 0x8C, 0x66, 0x5C, 0xA3, 0x49, 0xD7, 0x9A, 0x73, 0x1B,
    0x92, 0xB7, 0x1E, 0xBD, 0xC9, 0x9A, 0x2C, 0xC6, 0x51, 0xFE, 0x7A, 0xFB, 0xE1, 0x9B, 0x44, 0x94,
    0xC6, 0xAC, 0x4C, 0x92, 0x49, 0xC9, 0xA4, 0xA3, 0xF2, 0x91, 0x81, 0x2C, 0x14, 0x01, 0x6A, 0x28,
    0x3B, 0x58, 0x83, 0xD5, 0xCE, 0x49, 0x44, 0x3A, 0x5F, 0x18, 0x84, 0xE1, 0xF7, 0x62, 0x8B, 0x5C,
    0xA2, 0x03, 0xB0, 0x7D, 0x29, 0x49, 0x39, 0xE4, 0x00, 0xEC, 0xC7, 0xB7, 0x01, 0x08, 0x76, 0x04,
    0xC0, 0x9D, 0xEB, 0x78, 0xB6, 0x55, 0x93, 0x8C, 0xE1, 0x36, 0x02, 0xE1, 0xFE, 0x0C, 0x44, 0x47,
    0xDE, 0x4A, 0xF4, 0xE4, 0x0D, 0x24, 0xB1, 0xA5, 0x70, 0x90, 0xFE, 0xA4, 0xC3, 0x38, 0xC8, 0xBE,
    0x1F, 0x30, 0x40, 0xF6, 0xF1, 0xA0, 0x31, 0xFF, 0x68, 0xE4, 0x92, 0xC4, 0x66, 0x62, 0x67, 0x29,
    0x0E, 0x56, 0x80, 0xA1, 0x76, 0x1A, 0xB1, 0x5E, 0xE2, 0x25, 0x4A, 0x7F, 0x1B, 0xB8, 0x82, 0xE9,
    0x0E, 0x81, 0x1D, 0x8A, 0x10, 0x80, 0x15, 0xD9, 0xA0, 0x91, 0x74, 0xEA, 0x80, 0xDB, 0x10, 0x25,
    0x1E, 0x82, 0xC8, 0x43, 0x4C, 0xF0, 0x90, 0x04, 0xD4, 0x82, 0x0B, 0x93, 0xA3, 0x6C, 0x84, 0xB2,
    0xC7, 0xB8, 0x6D, 0xE1, 0xCF, 0x88, 0x6A, 0x56, 0xAC, 0x14, 0x8B, 0x06, 0x20, 0x15, 0xDC, 0x36,
    0xF1, 0xAD, 0x03, 0xE2, 0xCF, 0x27, 0xC8, 0x07, 0xEA, 0x46, 0xFC, 0x37, 0x2D, 0xB5, 0x1A, 0x2E,
    0x5F, 0x86, 0x6C, 0x84, 0xAC, 0xCF, 0x7B, 0xC8, 0x06, 0x13, 0x14, 0x3B, 0xC1, 0xCA, 0x0B, 0x0A,
    0x8B, 0xBC, 0xB7, 0xCD, 0x82, 0x14, 0xC1, 0x3A, 0x30, 0x5D, 0xED, 0xA0, 0x6C, 0xE5, 0xB3, 0xF5,
    0x82, 0xB5, 0x93, 0xA3, 0x33, 0xA5, 0x27, 0x1D, 0x31, 0x9D, 0x0C, 0x9F, 0xF5, 0x3A, 0xDB, 0xF1,
    0x2F, 0x67, 0xA0, 0x92, 0xAB, 0x16, 0xDE, 0x44, 0x1B, 0xDF, 0x05, 0xA4, 0xE7, 0xF6, 0x29, 0xA6,
    0x01, 0xB8, 0x0E, 0xC0, 0x2D, 0x5E, 0x0C, 0x15, 0xB2, 0x50, 0x80, 0x6D, 0x01, 0x94, 0x61, 0xF6,
    0xCB, 0xA0, 0x53, 0x71, 0x04, 0xB2, 0x64, 0xBC, 0x18, 0x2A, 0x76, 0x01, 0x8A, 0x39, 0xF5, 0x72,
    0xE0, 0x1F, 0x1A, 0xB8, 0x5A, 0xCE, 0xC0, 0xF9, 0xF4, 0x67, 0x2F, 0x04, 0x7F, 0x79, 0x3F, 0x0B,
    0xA6, 0x5D, 0x2B, 0x9E, 0xE8, 0x37, 0x2B, 0xB4, 0xBD, 0x00, 0xFC, 0x7F, 0x17, 0x0E, 0xF6, 0x48,
    0x43, 0x45, 0xD1, 0x16, 0x5E, 0x5E, 0xB4, 0x1E, 0xC3, 0x49, 0x0F, 0x55, 0x0B, 0x92, 0xF6, 0x24,
    0x90, 0xF6, 0x0F, 0x28, 0xDA, 0x8A, 0xCA, 0x15, 0xFE, 0x0E, 0x69, 0x78, 0x15, 0x0E, 0xD8, 0xB6,
    0x20, 0xCA, 0x7E, 0xDA, 0x8A, 0xB2, 0xD8, 0x6C, 0x95, 0x59, 0x55, 0xB6, 0x16, 0x65, 0xC9, 0xBF,
    0x88, 0xB2, 0xEC, 0x63, 0x51, 0x66, 0x54, 0xD9, 0x8E, 0x2A, 0xBB, 0xAA, 0xCA, 0x82, 0x28, 0x4B,
    0x5B, 0xD1, 0x94, 0x37, 0x82, 0x46, 0x95, 0xAD, 0x54, 0xD9, 0xA1, 0x28, 0xFB, 0x5A, 0x27, 0xCA,
    0xDE, 0xF0, 0xA2, 0xEC, 0x3D, 0x55, 0xF6, 0x6F, 0xAA, 0x6C, 0x50, 0x65, 0x83, 0x64, 0xCB, 0x54,
    0x59, 0x7E, 0x5F, 0x94, 0x19, 0x55, 0x76, 0x06, 0xB6, 0xEF, 0x5A, 0xB0, 0x5F, 0xF4, 0xAE, 0xE5,
    0x1D, 0x9E, 0x6A, 0x75, 0x0C, 0x69, 0x9C, 0x6E, 0xC6, 0xBB, 0xE9, 0x7A, 0xC8, 0x46, 0x28, 0x5D,
    0x36, 0xC0, 0x25, 0xF1, 0x8F, 0x9D, 0xE5, 0x9D, 0x51, 0xF1, 0x29, 0x76, 0x82, 0xA6, 0x85, 0xDB,
    0x3A, 0xEE, 0xA1, 0xF8, 0x4D, 0xA0, 0x12, 0x94, 0x7C, 0xC9, 0x06, 0x1D, 0x49, 0x87, 0x85, 0x54,
    0xCD, 0xC8, 0x3C, 0x27, 0x0B, 0x92, 0x37, 0x4C, 0x50, 0x38, 0xF9, 0x6C, 0xA0, 0x86, 0x6B, 0xC2,
    0x32, 0x19, 0xC1, 0xCC, 0xF7, 0x3B, 0x48, 0x63, 0x74, 0xDB, 0x47, 0x7D, 0xCE, 0xDD, 0x05, 0x34,
    0x1D, 0x54, 0x6E, 0xFB, 0x34, 0x10, 0x00, 0xD2, 0xE6, 0x05, 0x51, 0xB1, 0x7D, 0xEF, 0x42, 0xA6,
    0x07, 0xCC, 0x0F, 0x3D, 0x70, 0x7D, 0xFB, 0xDE, 0xE5, 0x05, 0x50, 0x71, 0x3B, 0xF5, 0xC0, 0x24,
    0x49, 0x17, 0x3C, 0xCA, 0x3D, 0x00, 0x2F, 0xC8, 0x2C, 0xBC, 0x74, 0xB0, 0xAD, 0xD1, 0x6B, 0x00,
    0x46, 0x80, 0xB4, 0x03, 0xC8, 0x1D, 0x4F, 0x35, 0x1B, 0xBB, 0x32, 0x76, 0xD5, 0x7C, 0xF0, 0xE5,
    0x78, 0x90, 0x0F, 0x30, 0x21, 0x2A, 0x7A, 0xD2, 0x51, 0x4F, 0x98, 0x84, 0x03, 0x33, 0x06, 0x58,
    0xB3, 0x03, 0x58, 0x77, 0x5B, 0xB0, 0x09, 0x40, 0xF9, 0xB1, 0x07, 0xCC, 0x0F, 0x9C, 0xE0, 0xBF,
    0x03, 0xE4, 0x23, 0x40, 0xF6, 0xD9, 0x67, 0x08, 0x45, 0xD3, 0x6D, 0xAF, 0xEF, 0xD2, 0x6F, 0xD1,
    0x0A, 0x9E, 0x8B, 0x0F, 0xD1, 0xE2, 0x10, 0x0D, 0xA3, 0x96, 0x88, 0xFF, 0x0A, 0x30, 0x6F, 0xE9,
    0x27, 0xF3, 0x77, 0x51, 0xA9, 0xBA, 0x64, 0x4A, 0x9E, 0xAC, 0x27, 0x6A, 0x96, 0x5A, 0xD1, 0x3A,
    0x31, 0xDA, 0x36, 0x92, 0x45, 0xD0, 0x63, 0x9D, 0x64, 0xA9, 0xD5, 0x8B, 0x19, 0xAA, 0xE6, 0xD3,
    0x9A, 0xB0, 0xEC, 0xC1, 0xCA, 0x62, 0x46, 0xAD, 0x2B, 0xE5, 0x9A, 0x27, 0xA9, 0x12, 0x41, 0xAD,
    0x57, 0x61, 0x1D, 0xFB, 0xA7, 0xDE, 0x77, 0x17, 0x42, 0x4C, 0x94, 0xD7, 0x00, 0xFA, 0x0A, 0x80,
    0x64, 0x90, 0x3C, 0xA2, 0x77, 0x1B, 0xC8, 0x3B, 0x09, 0x49, 0x6C, 0x8B, 0xD8, 0x90, 0xDC, 0xF7,
    0xF5, 0x3D, 0x07, 0xE6, 0xC3, 0x01, 0xA0, 0xFC, 0x28, 0x00, 0x54, 0xEF, 0x6A, 0x90, 0x1F, 0x36,
    0x24, 0xA4, 0xA3, 0x06, 0xA2, 0x03, 0xF6, 0xA9, 0x3B, 0xE0, 0x04, 0x33, 0x6A, 0x9E, 0x74, 0x02,
    0x46, 0x38, 0x81, 0x44, 0xF8, 0x4B, 0xD6, 0x95, 0x04, 0x59, 0xB8, 0xAF, 0x4B, 0xD6, 0x63, 0x8E,
    0x25, 0xD8, 0xF7, 0x07, 0x31, 0xC2, 0xC4, 0x16, 0x71, 0xE2, 0xCD, 0x27, 0x86, 0x2B, 0x2B, 0x50,
    0xC6, 0x80, 0x05, 0x34, 0x01, 0x62, 0xF4, 0x00, 0x40, 0x7D, 0x00, 0xCB, 0x53, 0xB1, 0x9A, 0x29,
    0xA3, 0x03, 0x3C, 0x00, 0xB8, 0x06, 0x7C, 0xEE, 0x81, 0x38, 0x8D, 0x7F, 0xD7, 0x50, 0xFD, 0x28,
    0x36, 0x9C, 0x2C, 0x3F, 0x94, 0xE9, 0x44, 0x48, 0xC2, 0x13, 0x31, 0x7D, 0xA2, 0x6A, 0x18, 0xB1,
    0x8E, 0x91, 0x9A, 0x44, 0x20, 0x1B, 0x58, 0x93, 0xF5, 0xAC, 0x29, 0xA4, 0xE7, 0x05, 0x81, 0x3F,
    0x08, 0xD8, 0x6F, 0xFD, 0x53, 0x38, 0x5F, 0xC5, 0x77, 0x63, 0x28, 0xA6, 0x34, 0x3A, 0x76, 0x39,
    0x0F, 0xF0, 0xFA, 0x42, 0x51, 0x2C, 0x86, 0xAC, 0x03, 0x8C, 0x03, 0x7E, 0xE7, 0x54, 0x69, 0x68,
    0x09, 0x56, 0x75, 0xC0, 0x3A, 0x88, 0x25, 0x3D, 0xFA, 0x4B, 0x31, 0x2F, 0x73, 0xF1, 0x34, 0x69,
    0xEC, 0x2E, 0x25, 0x94, 0x54, 0x50, 0x4E, 0x0A, 0x28, 0xAD, 0x9F, 0x4E, 0x91, 0x41, 0xE1, 0x6E,
    0x43, 0xE9, 0x27, 0x81, 0x11, 0x8C, 0x3B, 0x02, 0x38, 0xD5, 0xA9, 0xD0, 0x56, 0xB7, 0x90, 0x7C,
    0xD2, 0x43, 0xE6, 0x57, 0x5B, 0xD0, 0xEF, 0xF4, 0xE8, 0xA9, 0x13, 0x22, 0x8F, 0xAD, 0x4C, 0x87,
    0x7D, 0xFF, 0xF1, 0x54, 0xCB, 0x98, 0x36, 0x98, 0x36, 0x1B, 0x28, 0xBD, 0x69, 0x8B, 0x80, 0x75,
    0xA6, 0xD5, 0x1A, 0xB0, 0xF4, 0xBA, 0x06, 0xD9, 0xC6, 0x36, 0x4C, 0xC9, 0x8C, 0x75, 0xC9, 0xF4,
    0x76, 0x4F, 0xAD, 0x6B, 0xB7, 0x64, 0x7E, 0xEC, 0x90, 0xDC, 0x03, 0x12, 0x72, 0x09, 0x35, 0x66,
    0x04, 0x2C, 0x17, 0x47, 0x7E, 0x0B, 0xEB, 0x6F, 0x45, 0x56, 0x94, 0xB1, 0xB3, 0x71, 0x20, 0x8F,
    0xAE, 0x88, 0x2D, 0xC2, 0xE3, 0xB7, 0x01, 0x74, 0x11, 0xED, 0xA8, 0xFE, 0x6A, 0x60, 0x4A, 0xC6,
    0xAC, 0x67, 0x2C, 0x02, 0x83, 0x59, 0x8A, 0x3C, 0xDB, 0x80, 0x56, 0x8E, 0xC0, 0x7A, 0xBB, 0x53,
    0x23, 0xC7, 0x92, 0xA6, 0x6A, 0x0B, 0x57, 0xC4, 0x48, 0x12, 0x07, 0xD8, 0x01, 0xAE, 0x03, 0xA5,
    0xAE, 0x64, 0x90, 0x75, 0x50, 0x78, 0x4C, 0x6C, 0x30, 0x8F, 0x97, 0x4A, 0x25, 0xEB, 0x97, 0xFB,
    0x72, 0x0F, 0xB8, 0x02, 0x14, 0xC0, 0x13, 0x1E, 0xED, 0x86, 0x47, 0x60, 0xCC, 0x86, 0xAC, 0x4F,
    0x37, 0x3C, 0xD2, 0x0D, 0x8F, 0xAC, 0xAF, 0x7C, 0x11, 0x6C, 0x53, 0x79, 0xFB, 0xFE, 0x4C, 0x1D,
    0x3B, 0xD6, 0xBB, 0xFF, 0x0B, 0x8F, 0xB3, 0x00, 0x7C, 0x13, 0x60, 0x42, 0x53, 0x42, 0xDE, 0x02,
    0x25, 0xC0, 0x6B, 0xC0, 0xD3, 0x39, 0x35, 0xA9, 0x64, 0x45, 0xD2, 0x22, 0x79, 0x91, 0xC4, 0x48,
    0x66, 0x24, 0x35, 0x92, 0x5B, 0x93, 0x6B, 0x76, 0xD6, 0x2C, 0x40, 0xCD, 0xC2, 0x00, 0xA1, 0x80,
    0x70, 0x50, 0x12, 0x0B, 0x0B, 0xBE, 0x2C, 0x06, 0x7A, 0x88, 0x1D, 0xD9, 0xAF, 0x02, 0xA6, 0x39,
    0x62, 0x87, 0xCB, 0xBF, 0x11, 0xC9, 0x72, 0xA7, 0xC9, 0x8D, 0x26, 0xFB, 0x72, 0x9B, 0xFD, 0x26,
    0xF2, 0x7C, 0xD9, 0x95, 0xBE, 0x68, 0xB3, 0x40, 0xAF, 0x56, 0xB2, 0x0E, 0x37, 0x43, 0x11, 0x8A,
    0xAE, 0x68, 0x8D, 0x37, 0xBE, 0xF4, 0x55, 0x63, 0x9D, 0xC5, 0x52, 0xB3, 0xCF, 0x09, 0x27, 0x67,
    0xEA, 0xA9, 0xEA, 0x12, 0x48, 0xEF, 0x52, 0x04, 0x4A, 0xCF, 0x75, 0xE8, 0x49, 0x3C, 0x80, 0x9E,
    0xCD, 0xCD, 0x20, 0x47, 0x8A, 0xEE, 0x99, 0xFF, 0x62, 0x73, 0x58, 0x64, 0xAB, 0x61, 0x1F, 0x4E,
    0xD8, 0x0C, 0x46, 0xAD, 0x6F, 0x7E, 0x12, 0xE0, 0x1B, 0x10, 0xC9, 0x62, 0x63, 0x7E, 0xE0, 0xAF,
    0xA7, 0xDD, 0x21, 0x1F, 0xA0, 0xAD, 0x1A, 0xB9, 0x30, 0x6A, 0x0D, 0x32, 0x90, 0xF6, 0x64, 0x41,
    0xB6, 0x5C, 0xC7, 0x37, 0xDB, 0xF1, 0x29, 0x1B, 0x49, 0x51, 0x7D, 0x8B, 0x32, 0xBA, 0x62, 0x00,
    0xF7, 0xCC, 0x7F, 0x36, 0xFD, 0xDF, 0x46, 0xD3, 0x46, 0x71, 0x90, 0x3B, 0xF2, 0xC1, 0x02, 0x75,
    0x0F, 0xD8, 0x16, 0xD2, 0xFF, 0x0A, 0x50, 0xB8, 0x01, 0xCE, 0x70, 0x0C, 0xAA, 0x2D, 0x9D, 0x6B,
    0xAD, 0x62, 0x1C, 0x33, 0xD1, 0x65, 0x3D, 0x75, 0xA3, 0x05, 0x89, 0xF1, 0x1B, 0xA8, 0x04, 0xC4,
    0x0C, 0x57, 0xA3, 0x40, 0xCD, 0x1A, 0xD6, 0x02, 0x93, 0xAE, 0x3F, 0x58, 0xE4, 0x6A, 0x6D, 0x4C,
    0x87, 0x79, 0xB4, 0x76, 0xA4, 0xDB, 0x0B, 0x90, 0x37, 0x81, 0x7C, 0x4E, 0x5A, 0xCC, 0xFA, 0xC7,
    0x9E, 0xCB, 0x26, 0xC2, 0xF9, 0xE4, 0x88, 0x6D, 0xB3, 0x63, 0x31, 0xF2, 0xD5, 0xD1, 0x46, 0xD2,
    0x31, 0x58, 0x97, 0x7E, 0xD2, 0x6C, 0x20, 0x62, 0x5D, 0xA6, 0xE3, 0x2E, 0x8B, 0xDF, 0xBE, 0x48,
    0x3E, 0x11, 0xD1, 0x93, 0x68, 0x1E, 0x97, 0x7F, 0x5F, 0x69, 0x92, 0x41, 0x8A, 0xA3, 0x01, 0xEB,
    0x04, 0x48, 0x87, 0xF3, 0x96, 0x24, 0x86, 0x7D, 0x58, 0x7B, 0x44, 0xA2, 0x4C, 0x3C, 0x42, 0x0F,
    0x18, 0x01, 0xEE, 0x00, 0x94, 0xCF, 0xFE, 0x52, 0x91, 0xC7, 0x4E, 0x8A, 0xAB, 0x11, 0x26, 0x4E,
    0xE4, 0x04, 0x8B, 0x78, 0xE0, 0x3E, 0xE3, 0x41, 0xB3, 0x18, 0xD1, 0xA8, 0x11, 0xEB, 0x67, 0x8D,
    0x10, 0xD6, 0x52, 0x1C, 0x9B, 0xF6, 0x59, 0x23, 0x78, 0x1D, 0x60, 0x06, 0xD2, 0x01, 0xC8, 0x9F,
    0xD4, 0x05, 0xAF, 0x9D, 0x2A, 0x0D, 0xAD, 0x0B, 0x6C, 0xCB, 0x52, 0x17, 0x3C, 0xEA, 0xD1, 0xF7,
    0xB8, 0xF2, 0x56, 0xE6, 0x34, 0x69, 0xEC, 0xA2, 0x97, 0x85, 0xA7, 0x8C, 0x3F, 0x6E, 0xB8, 0xFA,
    0xE9, 0x65, 0x31, 0x9C, 0x22, 0x03, 0xFD, 0x15, 0xC2, 0xF8, 0x59, 0x60, 0x82, 0xA2, 0xB9, 0x0D,
    0x70, 0xBA, 0x57, 0x04, 0x98, 0x06, 0x4A, 0xAF, 0x3B, 0xE7, 0x78, 0xAA, 0x6D, 0xFF, 0x97, 0x6F,
    0xDB, 0xF4, 0x44, 0xB3, 0xF4, 0x97, 0x73, 0x97, 0xF6, 0x2A, 0xC0, 0x21, 0x49, 0x7C, 0xDC, 0x62,
    0x3E, 0x89, 0x0D, 0xD6, 0x55, 0x0D, 0x13, 0xD6, 0xA7, 0x03, 0xEB, 0x36, 0x0B, 0xC9, 0x4F, 0xBA,
    0x22, 0xE4, 0xEF, 0x75, 0xA6, 0x33, 0x9B, 0xAD, 0x5D, 0x99, 0xAE, 0xF4, 0x87, 0xA6, 0xAD, 0x3E,
    0x6C, 0x4B, 0x5F, 0x7D, 0x7F, 0x23, 0xA6, 0xFA, 0x21, 0xD6, 0x95, 0x23, 0x35, 0xA6, 0x67, 0xA4,
    0x08, 0x59, 0x4F, 0x3E, 0xDD, 0x94, 0xDB, 0x76, 0x86, 0x55, 0xE2, 0xE0, 0x8F, 0x3F, 0x57, 0x66,
    0xEB, 0x74, 0xF1, 0x00, 0x60, 0xE7, 0x99, 0x32, 0xDB, 0x4E, 0x98, 0xF6, 0xAB, 0x72, 0x9B, 0xA6,
    0xFA, 0x5F, 0x66, 0x7A, 0x9B, 0xF6, 0x54, 0xE2, 0x86, 0x45, 0x40, 0x4B, 0x9A, 0x67, 0xEF, 0x6A,
    0xE9, 0xDE, 0xE4, 0x23, 0x55, 0xF3, 0xB2, 0x9C, 0xF3, 0xFB, 0x1B, 0xF0, 0x3F, 0x1D, 0xCF, 0x97,
    0xF1, 0xC3, 0x18, 0x8A, 0x99, 0x75, 0xC3, 0x2E, 0x67, 0x00, 0x5E, 0x77, 0xC0, 0x1A, 0xC4, 0x64,
    0x64, 0x44, 0x28, 0x1A, 0xE0, 0xE2, 0xA9, 0xD2, 0x50, 0x3B, 0xCA, 0x00, 0xD8, 0x1E, 0x18, 0x47,
    0xC8, 0xBA, 0x6B, 0xFA, 0x33, 0xDC, 0x29, 0xD2, 0x48, 0xDB, 0x4B, 0x62, 0x81, 0x75, 0xE4, 0x02,
    0x69, 0x7B, 0x05, 0xE0, 0x54, 0x8D, 0x50, 0x2B, 0xB6, 0x0F, 0xC7, 0x9F, 0x7F, 0x78, 0xCF, 0x1C,
    0x4F, 0xB5, 0x62, 0x92, 0xA4, 0xC5, 0x8C, 0xE9, 0x97, 0xB2, 0x91, 0x9A, 0x64, 0x00, 0xEB, 0x92,
    0x1E, 0xAA, 0x26, 0x09, 0x08, 0xCF, 0x80, 0x94, 0x42, 0x2D, 0x98, 0x2E, 0xF3, 0x90, 0x87, 0xA2,
    0x11, 0xA5, 0x06, 0xC8, 0x7A, 0x51, 0x99, 0x0E, 0x2B, 0x20, 0x19, 0x0F, 0x01, 0xA6, 0x0E, 0x96,
    0x95, 0x9F, 0xDA, 0x6D, 0x89, 0xEC, 0x29, 0xF6, 0x00, 0x59, 0xB7, 0x7D, 0xAC, 0xAC, 0x01, 0xF2,
    0x11, 0xB0, 0xB1, 0x03, 0xAA, 0xC7, 0x00, 0xDC, 0xD8, 0x05, 0x62, 0x00, 0x4A, 0x81, 0x5C, 0xA0,
    0xE8, 0x10, 0x26, 0x02, 0x7E, 0x01, 0xCA, 0x6F, 0x47, 0x47, 0xF5, 0x5E, 0x6C, 0xB1, 0x7B, 0x26,
    0x60, 0x3F, 0xC8, 0x37, 0xE0, 0xB3, 0x40, 0xED, 0xB4, 0x12, 0xDF, 0xC0, 0x2C, 0x2A, 0x47, 0xF2,
    0x90, 0x3C, 0xA9, 0xEB, 0xD2, 0x1E, 0x23, 0x9D, 0xAA, 0x66, 0x71, 0x9D, 0x89, 0xA2, 0x93, 0x43,
    0x8F, 0xCB, 0x16, 0x13, 0x67, 0x30, 0x1F, 0x3A, 0x28, 0x1B, 0xA0, 0x12, 0xB0, 0x4E, 0x00, 0xA0,
    0x56, 0xF8, 0x7B, 0x60, 0x3D, 0x00, 0x90, 0x74, 0x85, 0x03, 0x29, 0xA4, 0x14, 0x1B, 0xF9, 0xC6,
    0xA0, 0xED, 0x85, 0xF1, 0xFB, 0x7F, 0x00, 0xDD, 0x9A, 0x0B, 0xA8, 0x1E, 0xC7, 0x79, 0xFE, 0x9F,
    0xDD, 0xB5, 0xB5, 0x89, 0x16, 0x7B, 0x05, 0x38, 0xF9, 0x07, 0xEB, 0x6F, 0x6F, 0x80, 0x00, 0x69,
    0x24, 0x79, 0xB9, 0x84, 0x56, 0xC0, 0x91, 0x76, 0x9A, 0x02, 0x01, 0xCA, 0x45, 0x80, 0x0E, 0xA5,
    0x84, 0xE2, 0x70, 0x6F, 0x69, 0x1B, 0x05, 0x10, 0x20, 0x40, 0xD6, 0x8E, 0x29, 0xF7, 0x42, 0x2B,
    0xA0, 0x2D, 0xD0, 0x72, 0x11, 0x10, 0xC0, 0xB1, 0x01, 0x05, 0x10, 0x45, 0x05, 0xE9, 0xEC, 0x26,
    0x06, 0x02, 0x04, 0xE8, 0x36, 0x26, 0xE5, 0x62, 0xC0, 0xDB, 0xC4, 0xA6, 0x41, 0x81, 0x7A, 0x43,
    0xD7, 0xF4, 0x93, 0xBC, 0xDF, 0x37, 0xDD, 0x1F, 0xD3, 0xE1, 0xFB, 0x74, 0xCE, 0x91, 0xB0, 0x52,
    0xEB, 0xF8, 0x9C, 0x0E, 0xE7, 0x7B, 0x66, 0xCF, 0x77, 0x99, 0x79, 0xDE, 0x67, 0xDE, 0x9D, 0x79,
    0xE7, 0xDD, 0x51, 0x28, 0xB5, 0x1B, 0x05, 0x0E, 0x7A, 0xB8, 0x44, 0x23, 0x98, 0x2C, 0xC0, 0x0C,
    0x54, 0x3E, 0x81, 0xE7, 0x40, 0x5D, 0x01, 0x35, 0x2C, 0x25, 0xC5, 0x3D, 0x98, 0xB4, 0x3B, 0x7C,
    0xD1, 0x34, 0x92, 0x0A, 0xD5, 0x7C, 0x51, 0x15, 0x5F, 0x14, 0x38, 0xA8, 0x32, 0x8A, 0x1F, 0xBC,
    0xD9, 0x58, 0x25, 0xCE, 0x39, 0xAB, 0xDC, 0xA8, 0x6C, 0x55, 0x48, 0x45, 0xAB, 0x2D, 0x29, 0x6F,
    0x75, 0x7B, 0xC6, 0x4E, 0x03, 0x98, 0x80, 0xFD, 0xAB, 0xF7, 0x15, 0x35, 0xF7, 0x9D, 0x33, 0xA9,
    0x5B, 0x49, 0x94, 0xCC, 0x39, 0x60, 0xA5, 0x8D, 0x12, 0xBB, 0x9F, 0x5A, 0x95, 0x3F, 0x73, 0x56,
    0x3B, 0xAA, 0x4C, 0xBC, 0x50, 0xA5, 0x74, 0x50, 0x4D, 0x5B, 0x3B, 0x34, 0xBE, 0x54, 0x69, 0x35,
    0xD1, 0xFD, 0xA4, 0x5A, 0x11, 0x30, 0xDB, 0xD4, 0x28, 0x19, 0x67, 0xC8, 0xF8, 0xE6, 0x49, 0xE0,
    0x77, 0x06, 0x55, 0xAF, 0xFF, 0x62, 0x38, 0x51, 0xBA, 0xBF, 0x70, 0x43, 0xB6, 0x8C, 0x9D, 0xD1,
    0x05, 0x9D, 0x90, 0xA4, 0xAF, 0xE8, 0xEB, 0x92, 0xB6, 0x84, 0x3E, 0xC5, 0x5B, 0x3D, 0x3A, 0x38,
    0x8B, 0x3E, 0xFF, 0xA4, 0x43, 0xAD, 0x58, 0xAA, 0xE3, 0x52, 0x6A, 0x5E, 0x96, 0x92, 0x7B, 0x93,
    0x14, 0x31, 0xC0, 0xFA, 0x8E, 0x39, 0x50, 0xED, 0x0E, 0x9D, 0x0F, 0x1D, 0xEB, 0xC0, 0xF3, 0x80,
    0x26, 0x20, 0x5A, 0x6C, 0xE0, 0x12, 0x94, 0x1B, 0xC1, 0xB2, 0x7F, 0xEA, 0x1A, 0xC5, 0x74, 0x51,
    0x30, 0x22, 0xAF, 0x49, 0xD2, 0x1D, 0x05, 0x52, 0x2B, 0xA0, 0xE6, 0xB2, 0x18, 0x45, 0x79, 0xD1,
    0x80, 0xF5, 0x9A, 0x76, 0x32, 0x80, 0x99, 0x05, 0x9F, 0xD3, 0xAE, 0x92, 0x61, 0x81, 0x9A, 0x5F,
    0xAD, 0xA4, 0x74, 0xA6, 0x62, 0x54, 0x74, 0xAA, 0xAC, 0x6A, 0x03, 0xCB, 0x95, 0xF4, 0x8A, 0x12,
    0x1A, 0x51, 0x3A, 0x82, 0xF9, 0x20, 0xB0, 0x07, 0xCB, 0x16, 0xAC, 0x3C, 0xDA, 0x0D, 0xF4, 0xFD,
    0x83, 0xAA, 0x36, 0xD1, 0x86, 0x5F, 0x59, 0xDA, 0x49, 0x5A, 0xA5, 0x4B, 0x15, 0x56, 0x91, 0x43,
    0x6E, 0x95, 0x5E, 0xCA, 0x8B, 0x80, 0xF4, 0x35, 0x60, 0x27, 0xA8, 0x9D, 0xD0, 0x61, 0x4E, 0x2B,
    0x5F, 0xD2, 0x66, 0x39, 0xE6, 0x7A, 0xA9, 0xFC, 0x87, 0x85, 0xB4, 0x8C, 0x26, 0x54, 0x9C, 0x50,
    0x71, 0x81, 0xDE, 0xF4, 0x14, 0x3A, 0xAD, 0x4C, 0x10, 0xA4, 0x79, 0x18, 0x6A, 0xCF, 0x2B, 0xB2,
    0x2A, 0xBB, 0xCC, 0xF8, 0x29, 0x23, 0x72, 0xF4, 0xF8, 0xAC, 0x7C, 0x07, 0xD7, 0xC1, 0x62, 0x00,
    0x6B, 0x30, 0x5A, 0xF0, 0x69, 0xDA, 0x6D, 0x49, 0x7A, 0x5E, 0xC7, 0x8F, 0x84, 0x98, 0x18, 0x81,
    0x09, 0xF5, 0x28, 0x2D, 0x26, 0x25, 0xDD, 0x39, 0x1D, 0x5F, 0x53, 0x47, 0x44, 0x34, 0x44, 0x42,
    0x14, 0x44, 0x40, 0xF4, 0xA3, 0x6D, 0x7A, 0xA1, 0x3F, 0x74, 0x6A, 0x36, 0x5E, 0xB5, 0xBC, 0x6C,
    0xA8, 0x86, 0x68, 0x68, 0xE6, 0x25, 0x53, 0x64, 0xC0, 0xAC, 0xDF, 0x6D, 0x60, 0x6A, 0x41, 0x1D,
    0x0D, 0xF7, 0x8B, 0xE8, 0xA5, 0x15, 0x64, 0xB8, 0x6D, 0x95, 0xD1, 0x82, 0x9E, 0x92, 0x62, 0x2F,
    0xE8, 0x4B, 0xC2, 0x50, 0xFA, 0xCF, 0xBF, 0xD9, 0x09, 0x51, 0xE8, 0x2F, 0x81, 0x96, 0xE2, 0xC5,
    0x91, 0x50, 0xEC, 0xCB, 0xFA, 0x8A, 0xB4, 0x15, 0x0D, 0x52, 0x81, 0x70, 0xB9, 0x83, 0x29, 0x3C,
    0x92, 0xF1, 0x00, 0x6F, 0x58, 0xC4, 0x7C, 0x81, 0xEA, 0x8C, 0xBC, 0xF5, 0xBF, 0xDF, 0x29, 0xE8,
    0x19, 0x04, 0xDD, 0xAB, 0x28, 0xA6, 0xB8, 0xEF, 0x49, 0x3A, 0xE5, 0x1C, 0xDF, 0x64, 0x9A, 0x46,
    0xB0, 0x09, 0x0D, 0x15, 0x4D, 0xFC, 0x29, 0x9E, 0x84, 0xBA, 0xC9, 0x02, 0x26, 0x30, 0xA7, 0x4A,
    0x87, 0xCD, 0x2A, 0xEB, 0xA9, 0xB0, 0x25, 0x54, 0xCE, 0xBB, 0xCF, 0x0A, 0xDB, 0x58, 0x31, 0x54,
    0x5A, 0x1A, 0xC2, 0x3E, 0x1A, 0xAA, 0x84, 0xF5, 0x18, 0x55, 0xF8, 0x9F, 0x56, 0x7C, 0x59, 0x91,
    0x13, 0x5F, 0x3E, 0xB9, 0x90, 0x4E, 0xBA, 0xB7, 0x1C, 0xCD, 0x39, 0x6C, 0xA4, 0x6C, 0x5F, 0xC0,
    0x3E, 0x37, 0xDC, 0x15, 0xF7, 0x34, 0x6F, 0xA6, 0xBF, 0x1E, 0x30, 0xF1, 0xE7, 0x2D, 0xF8, 0x8E,
    0xF1, 0x9E, 0xEB, 0x51, 0xB1, 0xFB, 0xD0, 0xCA, 0x2F, 0x48, 0x62, 0x45, 0xC2, 0xF6, 0x4A, 0x7E,
    0x4D, 0xF2, 0x8B, 0x12, 0xFC, 0x3C, 0x2F, 0x68, 0x19, 0x90, 0x85, 0x09, 0xF4, 0xA6, 0x7A, 0x4B,
    0x3D, 0xCD, 0x93, 0x20, 0xAB, 0x93, 0x5F, 0x9E, 0xC4, 0xFA, 0x34, 0x28, 0x5B, 0xB1, 0x40, 0xB1,
    0x8A, 0x7F, 0x5A, 0x4A, 0x46, 0xDF, 0xFA, 0xE8, 0x22, 0x5D, 0x3B, 0x37, 0xF1, 0xDF, 0xAB, 0x1F,
    0x5C, 0x7C, 0x2A, 0x4A, 0x82, 0x6E, 0x58, 0xDF, 0x25, 0x29, 0xF8, 0x85, 0x6F, 0x7D, 0x80, 0x9F,
    0x41, 0x1F, 0x89, 0x82, 0x92, 0xFA, 0xC3, 0xC2, 0x0A, 0x7F, 0x33, 0xF4, 0xD9, 0x18, 0x6C, 0xAA,
    0x60, 0xAF, 0x9A, 0x81, 0x47, 0xC9, 0x7C, 0x1F, 0x25, 0xE3, 0x0D, 0x25, 0xD3, 0x11, 0xCC, 0x07,
    0x70, 0x53, 0xC9, 0x77, 0xD6, 0x4A, 0x2E, 0xD7, 0x4A, 0x86, 0x92, 0xBB, 0x95, 0xC0, 0xE5, 0x1E,
    0x8F, 0x75, 0x83, 0x4E, 0x81, 0x58, 0x98, 0xF4, 0x10, 0x8A, 0x7B, 0x04, 0x8E, 0x3B, 0xBA, 0x8D,
    0x5B, 0xBA, 0x15, 0x14, 0x83, 0x6D, 0x01, 0xB3, 0x8F, 0xB6, 0x0D, 0x4D, 0xBA, 0x7E, 0xC6, 0x0F,
    0xB8, 0x46, 0x5A, 0xA9, 0xF4, 0x18, 0xE6, 0x04, 0x10, 0xC0, 0xC2, 0xE7, 0x84, 0xA8, 0x67, 0xD0,
    0x54, 0x5B, 0xC2, 0xCE, 0x49, 0x27, 0x57, 0x6F, 0xDE, 0x5C, 0x20, 0xA8, 0x1B, 0xD7, 0x54, 0x37,
    0x89, 0x1E, 0x73, 0xDD, 0x7C, 0xAF, 0x0F, 0x9A, 0x92, 0x45, 0x32, 0xC6, 0x53, 0x36, 0xC4, 0x8B,
    0xBC, 0x4B, 0xC6, 0xB2, 0xCD, 0x86, 0xCA, 0x96, 0x6D, 0xF5, 0x77, 0x2B, 0xD5, 0xAE, 0x57, 0x73,
    0xE1, 0x93, 0x4C, 0x93, 0x7E, 0xC5, 0xCA, 0xCC, 0x19, 0xCC, 0xB8, 0x87, 0x65, 0x31, 0x63, 0x47,
    0x94, 0x7A, 0xB8, 0x95, 0x39, 0x3E, 0x7F, 0x25, 0xD7, 0x69, 0x48, 0x2B, 0x71, 0x3D, 0x84, 0x9F,
    0x8E, 0x42, 0x7A, 0xC6, 0xDB, 0x6F, 0x76, 0xCF, 0xEF, 0x2F, 0xEB, 0x50, 0x2B, 0xE4, 0xE9, 0xF3,
    0xD3, 0xAA, 0x85, 0x72, 0x20, 0xFC, 0x14, 0x54, 0x3A, 0x84, 0xB6, 0xEB, 0xCF, 0x81, 0xD8, 0x77,
    0xD0, 0x82, 0xB9, 0x05, 0x0B, 0x8F, 0x1D, 0x98, 0x3B, 0x5A, 0x8D, 0x57, 0x9F, 0xB2, 0x1E, 0x95,
    0xDF, 0x47, 0x68, 0xE1, 0xA3, 0x6C, 0xD8, 0xC9, 0x8D, 0x61, 0x37, 0x73, 0x41, 0xDF, 0x96, 0x74,
    0x35, 0xE6, 0x9F, 0x57, 0x60, 0xA3, 0x62, 0x15, 0x36, 0x65, 0x28, 0x72, 0xB8, 0x7D, 0x6A, 0x33,
    0x20, 0xC9, 0x42, 0x40, 0x92, 0x2E, 0xF7, 0x09, 0x48, 0x3A, 0x21, 0xA6, 0x50, 0x53, 0xC8, 0x29,
    0xF4, 0x14, 0x82, 0x0A, 0x45, 0x85, 0xA4, 0x42, 0x53, 0x44, 0x15, 0xAA, 0x3E, 0xBD, 0x1D, 0x04,
    0x7C, 0x96, 0x22, 0xBA, 0x73, 0xAD, 0xD2, 0x49, 0xD5, 0x80, 0x07, 0xE4, 0x03, 0xC1, 0x59, 0x36,
    0x60, 0x6C, 0x6A, 0xF7, 0x46, 0x77, 0x45, 0xF7, 0xC8, 0xE8, 0xAE, 0x74, 0x43, 0x65, 0x74, 0xD2,
    0x5D, 0xAF, 0x8D, 0xA2, 0x15, 0x2A, 0x46, 0x13, 0x18, 0xCF, 0x68, 0x89, 0x06, 0xCA, 0x16, 0x41,
    0x88, 0xEE, 0x06, 0x3A, 0x4C, 0x07, 0x45, 0xEE, 0x5E, 0x83, 0x6A, 0x6E, 0x65, 0x58, 0x0E, 0x45,
    0xD1, 0x9F, 0x00, 0x72, 0x40, 0xE2, 0x2C, 0x3D, 0xFF, 0x84, 0x8E, 0xCE, 0xE3, 0x1D, 0xBA, 0xA5,
    0x1F, 0x6C, 0x84, 0xFE, 0x70, 0x2A, 0x1C, 0xA6, 0xEE, 0xBC, 0xDA, 0x77, 0x8A, 0x47, 0xB6, 0x9F,
    0x69, 0x0F, 0xE6, 0xED, 0x1A, 0x0B, 0x9B, 0xF6, 0x60, 0xD6, 0x81, 0xF8, 0x57, 0xDE, 0x21, 0x66,
    0x82, 0x78, 0x8A, 0xEF, 0xD1, 0x56, 0x21, 0xCA, 0x16, 0xA0, 0x6B, 0xDE, 0x01, 0xDC, 0xFB, 0xA2,
    0x79, 0x98, 0xEC, 0x34, 0xCE, 0x2A, 0xEB, 0x30, 0xA1, 0xA4, 0x55, 0x9D, 0xDF, 0xC0, 0x4A, 0x2A,
    0x0C, 0xBE, 0xC3, 0xC2, 0xBC, 0xBA, 0x49, 0xF4, 0xD1, 0x60, 0x90, 0x7C, 0xAA, 0xC3, 0xE7, 0x3A,
    0x7C, 0xB2, 0x43, 0x51, 0x58, 0x48, 0x8E, 0xC4, 0x58, 0x7C, 0x49, 0x5F, 0x95, 0xF4, 0x92, 0x6E,
    0xD1, 0xE7, 0x5B, 0x74, 0x9A, 0xB9, 0xD6, 0xA7, 0x98, 0x8E, 0xD0, 0x28, 0x28, 0x02, 0xF8, 0x21,
    0x64, 0xFB, 0xBD, 0xFB, 0xC4, 0xA3, 0x30, 0x16, 0x61, 0xC9, 0xAD, 0x01, 0x35, 0x1B, 0xF8, 0x5B,
    0x80, 0x74, 0xA4, 0x46, 0xE4, 0x30, 0xEB, 0x4C, 0x89, 0x47, 0x30, 0xF1, 0x5E, 0xD2, 0x82, 0x39,
    0xA0, 0xE7, 0xD6, 0x23, 0x41, 0xB1, 0x40, 0xD2, 0x82, 0x99, 0x01, 0x0B, 0xAD, 0xD3, 0x78, 0x77,
    0x8E, 0xD6, 0x88, 0xBC, 0xE8, 0x6B, 0xD5, 0xAD, 0xA7, 0xED, 0x3A, 0x51, 0x92, 0x5F, 0x0C, 0xA2,
    0xE4, 0x66, 0x14, 0xE5, 0xAB, 0x4C, 0x09, 0x7B, 0x4A, 0xE9, 0xA6, 0xC8, 0xB9, 0x56, 0xA7, 0xDC,
    0xFB, 0x73, 0x8B, 0x56, 0x5A, 0x79, 0x93, 0x35, 0x61, 0x81, 0x14, 0x51, 0xB7, 0x62, 0x14, 0x58,
    0x70, 0x59, 0x9E, 0xA1, 0xC1, 0x78, 0x30, 0x38, 0x8C, 0x85, 0x2A, 0xE3, 0xEB, 0xDA, 0x2F, 0xD3,
    0xDB, 0x0D, 0xBD, 0x3A, 0xF6, 0xFF, 0x62, 0xA9, 0xDE, 0x5E, 0xCA, 0xFF, 0x96, 0xBA, 0x6C, 0x69,
    0x32, 0xEC, 0xCC, 0xE4, 0xB7, 0x66, 0xD4, 0xBE, 0x49, 0xDA, 0x40, 0xCE, 0xB0, 0xCD, 0x83, 0x0E,
    0x7B, 0xB6, 0x08, 0x5A, 0xBD, 0x70, 0x92, 0x39, 0xFB, 0x2A, 0x35, 0x6E, 0x48, 0xFD, 0xEE, 0x4B,
    0x6F, 0x60, 0xEB, 0x52, 0xE8, 0x42, 0x3B, 0x88, 0x7C, 0x3B, 0xB3, 0x8A, 0xBA, 0xA8, 0x8D, 0xB6,
    0x61, 0xE6, 0x5A, 0xDA, 0xF5, 0x19, 0x03, 0x40, 0x01, 0xAE, 0x01, 0x77, 0x81, 0x25, 0x59, 0x88,
    0xA9, 0x72, 0x8A, 0xA6, 0xA1, 0x32, 0xD1, 0xC7, 0xB6, 0x32, 0xB1, 0x53, 0x65, 0x92, 0x49, 0x15,
    0xFC, 0x2A, 0xC8, 0x5C, 0x13, 0x5B, 0x38, 0x86, 0x68, 0x89, 0x24, 0xD3, 0x0C, 0xD1, 0xA4, 0xC2,
    0x46, 0x0B, 0x95, 0x96, 0x3D, 0xB3, 0x01, 0x66, 0xA5, 0x4E, 0x54, 0xAC, 0x16, 0xD7, 0xA4, 0xA6,
    0xC5, 0xE7, 0x3E, 0xB9, 0xC8, 0x5F, 0x5C, 0x6E, 0x6F, 0x5F, 0xFA, 0x99, 0xE4, 0x28, 0x4E, 0xFA,
    0x83, 0xFB, 0xDB, 0xDB, 0xF5, 0xDF, 0x7E, 0xE6, 0x22, 0xEF, 0x27, 0xE3, 0xB3, 0xF5, 0xB6, 0xC1,
    0x71, 0x7B, 0x69, 0x67, 0x2D, 0x63, 0x74, 0x41, 0x9A, 0x8A, 0xA5, 0xA2, 0x69, 0xC7, 0x29, 0xBE,
    0xDF, 0x55, 0x8A, 0xFF, 0xCB, 0x54, 0x0C, 0xCF, 0x0C, 0x93, 0x82, 0x8C, 0x83, 0x76, 0x94, 0x3F,
    0xB9, 0x8C, 0xBA, 0x20, 0x91, 0x48, 0x68, 0x55, 0xB8, 0x77, 0xAD, 0xCE, 0x16, 0x4E, 0x3A, 0x11,
    0xBF, 0xBF, 0xCB, 0x9D, 0x85, 0xCC, 0xDE, 0x28, 0x04, 0x46, 0xDD, 0x90, 0xCF, 0x49, 0x00, 0x14,
    0x80, 0x87, 0x07, 0xC6, 0x54, 0x90, 0xF1, 0x80, 0x84, 0xE8, 0x07, 0x6C, 0x7A, 0xCC, 0x66, 0xA2,
    0x89, 0x86, 0x91, 0x0A, 0x9D, 0x84, 0x48, 0x30, 0xF3, 0xC4, 0x4A, 0xF7, 0xAE, 0x39, 0x5B, 0xAC,
    0x1E, 0x62, 0x95, 0x39, 0x26, 0x4C, 0xFF, 0x63, 0xB4, 0x42, 0x2A, 0x4D, 0xFE, 0x05, 0x35, 0x98,
    0xC1, 0x89, 0x11, 0xE1, 0x95, 0xF2, 0xEA, 0x21, 0xC6, 0xCB, 0x28, 0x75, 0x9D, 0x8F, 0xEA, 0x4F,
    0x68, 0xDF, 0x1D, 0x34, 0x36, 0x7B, 0x93, 0x57, 0xBB, 0x1A, 0xF5, 0x0D, 0xFB, 0x06, 0x07, 0x1A,
    0xC3, 0x46, 0xFF, 0xC2, 0xCC, 0x92, 0x97, 0xF5, 0x36, 0x56, 0x5A, 0x67, 0x23, 0x57, 0xDE, 0x3C,
    0xAC, 0xF3, 0xC6, 0xA9, 0x72, 0x53, 0x15, 0xF6, 0xEF, 0xE5, 0xA4, 0x93, 0x93, 0xE2, 0x89, 0x2E,
    0xE2, 0x11, 0xC6, 0xC9, 0x40, 0xF3, 0x59, 0x4F, 0xC3, 0x79, 0xCB, 0x5F, 0x31, 0xFF, 0x59, 0xDA,
    0x2E, 0x5F, 0x57, 0xE1, 0x4C, 0xB6, 0x90, 0x8C, 0xDF, 0x9C, 0xB3, 0x35, 0x67, 0x8F, 0x1B, 0xBB,
    0x81, 0x58, 0xEA, 0xA0, 0x6C, 0xF8, 0xB6, 0x6E, 0x5C, 0x8E, 0xBA, 0xF3, 0x37, 0xDB, 0xD2, 0xE9,
    0x58, 0x18, 0x9A, 0x66, 0xD0, 0xA5, 0x41, 0x19, 0xD4, 0x95, 0x6D, 0x50, 0x2F, 0x2D, 0xCD, 0x55,
    0x34, 0x48, 0x7B, 0xD7, 0x18, 0x35, 0xED, 0x3C, 0xA3, 0x9A, 0x3C, 0x95, 0xA2, 0x03, 0x50, 0xFC,
    0x8C, 0x14, 0xF3, 0x73, 0xB6, 0x24, 0xD6, 0xBF, 0x68, 0x22, 0x73, 0xD6, 0x7B, 0x42, 0x24, 0x41,
    0xB5, 0xE3, 0x2F, 0x33, 0x9B, 0x9E, 0x86, 0xA3, 0x35, 0x10, 0xC6, 0xCB, 0x26, 0xFE, 0x22, 0x46,
    0x4A, 0xC9, 0x7A, 0xA4, 0x70, 0xAE, 0x8C, 0x3F, 0x93, 0xBA, 0x6E, 0x6E, 0x2E, 0xEE, 0x55, 0x48,
    0xAF, 0xF9, 0xAF, 0xC3, 0x45, 0xF5, 0xA4, 0x62, 0xF4, 0xDD, 0xAC, 0x69, 0xB7, 0x0C, 0x20, 0xE5,
    0xA0, 0xC6, 0xAC, 0x19, 0x2E, 0x0D, 0xD9, 0x90, 0xF5, 0x59, 0x97, 0xB7, 0x79, 0x5B, 0xB4, 0xA5,
    0xAD, 0x4C, 0xA5, 0x4A, 0xB5, 0xAE, 0x69, 0x67, 0x1E, 0x8F, 0x7A, 0x59, 0xF6, 0x91, 0x60, 0xF1,
    0x3F, 0x44, 0x4E, 0xB9, 0x5F, 0xD2, 0x88, 0x9C, 0xA7, 0xB3, 0x84, 0x51, 0x20, 0x15, 0x4F, 0xF0,
    0x0A, 0xD4, 0x3C, 0xBB, 0x70, 0xB7, 0x79, 0x8E, 0x81, 0x66, 0xEE, 0x2B, 0x4F, 0x56, 0xB9, 0xE7,
    0x5B, 0x50, 0xD9, 0xC0, 0xDA, 0x13, 0xF7, 0xDC, 0x03, 0xFD, 0x60, 0xC1, 0x8E, 0x37, 0x62, 0xE9,
    0xED, 0x98, 0x84, 0x29, 0x70, 0x08, 0x53, 0x10, 0xFD, 0x83, 0x74, 0xBE, 0xB1, 0x45, 0xA6, 0x3B,
    0xD1, 0x07, 0xF8, 0xE6, 0x0A, 0x54, 0xD3, 0x83, 0x27, 0x14, 0x61, 0x4E, 0xDE, 0x45, 0x4B, 0xE5,
    0x3D, 0xD0, 0xE9, 0xD6, 0xDE, 0x00, 0xB8, 0x19, 0x52, 0x67, 0x2E, 0x0D, 0xC7, 0x9C, 0x7F, 0x42,
    0x98, 0xF5, 0x40, 0xC7, 0x3C, 0xDB, 0x86, 0x79, 0xB6, 0x00, 0x4A, 0x1B, 0x85, 0x29, 0x16, 0x26,
    0x33, 0xF0, 0x75, 0xA6, 0x65, 0xA5, 0x7E, 0x75, 0x9B, 0xA5, 0xCD, 0x5B, 0xD5, 0xCB, 0x19, 0xCA,
    0xBE, 0x68, 0x15, 0xED, 0x9E, 0x09, 0xAF, 0x01, 0x53, 0x30, 0xE8, 0x66, 0x8F, 0xC5, 0xC6, 0x5B,
    0x78, 0x03, 0xCC, 0x47, 0xB0, 0x9A, 0xC0, 0xBB, 0x57, 0x79, 0xBB, 0x2F, 0xB1, 0xD4, 0xA4, 0xDA,
    0x2C, 0xE1, 0xB9, 0xFB, 0x71, 0x77, 0x5F, 0x28, 0x69, 0x77, 0x07, 0xC9, 0x5E, 0x85, 0xE5, 0xC6,
    0x93, 0x55, 0xD0, 0xF7, 0xFA, 0xE8, 0x34, 0x41, 0xAF, 0x87, 0x53, 0xB2, 0x0F, 0xA5, 0x09, 0xAA,
    0x7D, 0xD2, 0x04, 0x94, 0x9D, 0xCD, 0x0E, 0xF7, 0x74, 0x35, 0x84, 0x26, 0xF5, 0xB5, 0xC6, 0xF0,
    0xCB, 0xC5, 0xC6, 0xAE, 0x3D, 0x1F, 0xC2, 0x3B, 0xD3, 0x1D, 0x02, 0xCF, 0x57, 0xA4, 0xE3, 0x26,
    0xD3, 0x46, 0x89, 0x5D, 0x4B, 0xB8, 0xD6, 0x06, 0x16, 0x85, 0xE5, 0x2A, 0xC8, 0xE9, 0xA1, 0x06,
    0xD6, 0x0B, 0xE9, 0xB4, 0xCF, 0xDA, 0x35, 0x02, 0x43, 0x00, 0x56, 0x08, 0x06, 0x0B, 0x2B, 0x03,
    0xF8, 0x71, 0x0A, 0x8D, 0xFC, 0xE9, 0x82, 0x76, 0xA1, 0xC8, 0x3D, 0x92, 0xB8, 0x81, 0x7B, 0x24,
    0x66, 0xC1, 0x5E, 0x85, 0x5B, 0x36, 0xF6, 0xF9, 0xF6, 0xCC, 0xC7, 0x77, 0xA5, 0x97, 0xF5, 0x0E,
    0xD5, 0x18, 0xFB, 0x05, 0x32, 0xB7, 0xA2, 0x3A, 0xEF, 0xA5, 0x9D, 0xA8, 0xF2, 0x77, 0x96, 0xA2,
    0x7A, 0xCF, 0x51, 0x15, 0x53, 0x43, 0x55, 0xF6, 0x95, 0xA5, 0xB2, 0x55, 0x2B, 0x04, 0x2E, 0x3A,
    0x2A, 0xC4, 0x11, 0x8E, 0x08, 0xF7, 0x86, 0xC6, 0xE9, 0x39, 0x61, 0xAE, 0x20, 0xED, 0x2E, 0x7F,
    0xAF, 0x77, 0xDC, 0x23, 0x2A, 0x06, 0xED, 0x2E, 0x95, 0xAF, 0xCE, 0xF9, 0xEA, 0xB6, 0xAF, 0x06,
    0x40, 0x51, 0xAB, 0x75, 0xF9, 0xE4, 0x61, 0x5E, 0xE4, 0x26, 0x4D, 0x91, 0x7B, 0x9F, 0x87, 0xEA,
    0xA4, 0xB3, 0x58, 0xC2, 0x92, 0x4E, 0xC9, 0x90, 0x9B, 0x19, 0x5E, 0x93, 0xD2, 0x7F, 0x1B, 0xA5,
    0xEC, 0xDD, 0x69, 0x86, 0x0F, 0x27, 0x5C, 0x79, 0x07, 0x6D, 0x2B, 0x06, 0xAD, 0xE2, 0xFE, 0x2F,
    0x5A, 0x55, 0x26, 0xEF, 0x55, 0x71, 0x9B, 0x11, 0xD8, 0xD0, 0x7A, 0x63, 0x77, 0x93, 0x7E, 0x0D,
    0x58, 0x00, 0x0C, 0x53, 0xDC, 0x42, 0xD2, 0x2F, 0x9E, 0x91, 0x5B, 0x9C, 0x82, 0x41, 0x0C, 0x83,
    0xF8, 0xF1, 0x0C, 0xDC, 0x6F, 0xC0, 0xE0, 0xF8, 0xF5, 0xE0, 0x66, 0x75, 0xE0, 0x10, 0xC3, 0x21,
    0x35, 0x9F, 0x2C, 0x4C, 0x02, 0x7E, 0xF3, 0x30, 0xE9, 0x79, 0x7A, 0x7D, 0x49, 0x8D, 0xB4, 0x45,
    0xC3, 0x57, 0x23, 0x72, 0x6E, 0xA4, 0xDC, 0x16, 0x3E, 0xE3, 0xC6, 0x5E, 0x45, 0x10, 0x9B, 0xE4,
    0x57, 0x38, 0xCB, 0xCE, 0x4C, 0xCF, 0x6E, 0x43, 0xC9, 0xCF, 0x9C, 0x5A, 0x6E, 0x84, 0x47, 0x8B,
    0x7D, 0xC2, 0xA3, 0x1E, 0xBF, 0x47, 0x13, 0xFF, 0xF2, 0x53, 0xB3, 0xBF, 0xA1, 0x2A, 0xAD, 0x57,
    0x14, 0x46, 0x7D, 0x87, 0xD7, 0x33, 0x62, 0xE5, 0x66, 0xE9, 0x56, 0xF4, 0x99, 0xDA, 0xBE, 0x2E,
    0xF4, 0x11, 0x0D, 0x74, 0xD4, 0x85, 0x64, 0x46, 0x16, 0xB6, 0xA7, 0xFA, 0xC2, 0x45, 0x35, 0x93,
    0xD2, 0xCD, 0x35, 0xBB, 0x7F, 0x38, 0xBA, 0xB2, 0x2A, 0xD7, 0xF1, 0xC9, 0xC3, 0x6B, 0x3D, 0x92,
    0xC5, 0xFC, 0x9D, 0x88, 0xDC, 0xA8, 0xC6, 0xFA, 0x26, 0x53, 0xFF, 0x53, 0x02, 0x0B, 0x9D, 0x95,
    0x4E, 0x78, 0x15, 0x72, 0x8B, 0x0C, 0x25, 0x3A, 0xE8, 0x1C, 0x42, 0xE8, 0x8A, 0x68, 0x62, 0x40,
    0x0A, 0xD9, 0x4F, 0x36, 0xC7, 0x82, 0x8F, 0x49, 0xC5, 0x22, 0x8B, 0xD7, 0xC5, 0x0B, 0x23, 0x94,
    0x51, 0xB4, 0x3B, 0x15, 0x3B, 0x7B, 0x40, 0x64, 0x4A, 0x97, 0xB5, 0xD1, 0x2A, 0xB7, 0x5A, 0x16,
    0xD2, 0xB4, 0x25, 0x4D, 0x5F, 0xFF, 0xCC, 0x3D, 0xE0, 0x05, 0xE0, 0x2E, 0x16, 0xAF, 0x30, 0x15,
    0xD0, 0x95, 0xDF, 0xD0, 0x03, 0x66, 0x2F, 0x2F, 0x5D, 0x88, 0x0E, 0x26, 0xC9, 0x0F, 0xD6, 0xAE,
    0x71, 0xEE, 0x5E, 0xC8, 0xDB, 0x6B, 0x79, 0xEB, 0x8A, 0xD6, 0x95, 0xF6, 0x8F, 0xCB, 0xC7, 0xC4,
    0xA1, 0x4F, 0x64, 0xC8, 0x4B, 0x00, 0x73, 0xCA, 0xC7, 0x08, 0xB7, 0x0C, 0x89, 0xB4, 0xA6, 0xF5,
    0x89, 0x41, 0x3D, 0xFF, 0x44, 0xAE, 0xBC, 0x7D, 0x21, 0x66, 0xC6, 0xDE, 0xE5, 0x93, 0x1B, 0x61,
    0xF3, 0xB5, 0x67, 0xB4, 0x73, 0x5B, 0x0E, 0xD5, 0x48, 0x10, 0x2D, 0xF4, 0x8F, 0x8F, 0x8C, 0x3F,
    0xC3, 0xBE, 0x26, 0xFE, 0x1E, 0xE8, 0x37, 0xA2, 0xC1, 0xA5, 0x28, 0xE7, 0xD7, 0xF7, 0x0C, 0x25,
    0xEA, 0xB4, 0x4F, 0x29, 0x97, 0x04, 0x5A, 0x66, 0xD6, 0x42, 0xBA, 0x89, 0x14, 0xCE, 0x28, 0xED,
    0xA8, 0x5B, 0x6E, 0x2F, 0x45, 0xCE, 0x07, 0xCA, 0xF1, 0x7B, 0xBD, 0x72, 0x23, 0x25, 0x3F, 0x1E,
    0x94, 0xA3, 0xCE, 0xDB, 0x0B, 0x6A, 0xA5, 0x3F, 0x9A, 0xF4, 0x32, 0xB5, 0x5D, 0xEA, 0x8C, 0x3F,
    0x30, 0xA6, 0x2D, 0x44, 0x52, 0x6D, 0x7C, 0x5D, 0xB5, 0xD4, 0x2F, 0xAB, 0x68, 0xAF, 0x48, 0x7A,
    0x45, 0x79, 0x7F, 0x4B, 0xDC, 0x4F, 0xD9, 0x30, 0x08, 0x99, 0x92, 0x85, 0xAF, 0xE3, 0x25, 0xBA,
    0x5E, 0x91, 0x9C, 0x4F, 0x7A, 0xCB, 0x41, 0x63, 0xF0, 0xD9, 0x99, 0x68, 0xF0, 0xB9, 0xAF, 0x93,
    0x4B, 0xA3, 0xC2, 0x42, 0xB9, 0x85, 0x0E, 0xE5, 0xB8, 0x45, 0x7A, 0x60, 0x07, 0x2B, 0x47, 0x3F,
    0x39, 0xEC, 0x8A, 0xB9, 0xAB, 0x29, 0x9B, 0x74, 0x8A, 0x3C, 0x45, 0x4C, 0x9E, 0x22, 0x7E, 0xF0,
    0xB8, 0x3C, 0xC5, 0x13, 0x6F, 0xB0, 0x8F, 0xBE, 0x8C, 0xBB, 0x0B, 0xE6, 0xFB, 0xDA, 0x80, 0x74,
    0xE8, 0x0B, 0x24, 0x28, 0xDF, 0xF5, 0xD5, 0x01, 0x6A, 0xEC, 0x4B, 0x61, 0x82, 0x67, 0x5F, 0x05,
    0xD0, 0x40, 0x1D, 0xE0, 0x79, 0x2A, 0x56, 0xCC, 0x95, 0x92, 0xB6, 0x90, 0x84, 0xC5, 0x77, 0x44,
    0x91, 0x1B, 0x7C, 0x5D, 0x77, 0xBE, 0xAE, 0xCC, 0xFF, 0xC5, 0xBB, 0xE1, 0xCB, 0x7A, 0x41, 0x3A,
    0xB7, 0xF1, 0x58, 0xCE, 0xAC, 0x1F, 0xCB, 0x1D, 0xD4, 0x48, 0xA1, 0xD4, 0x3A, 0x7B, 0x1D, 0x8E,
    0x4D, 0x66, 0xBE, 0x82, 0x1A, 0xC5, 0x57, 0xF1, 0xDB, 0xAE, 0x6D, 0xAC, 0x8A, 0x6F, 0xB8, 0x1F,
    0xBB, 0x5E, 0xB7, 0x55, 0xFD, 0x55, 0x3A, 0xC0, 0xEF, 0x72, 0x32, 0x50, 0xF5, 0xBE, 0x6A, 0xA9,
    0x54, 0x9B, 0x14, 0x29, 0x1A, 0x56, 0x30, 0x41, 0x89, 0x0A, 0x52, 0x54, 0x2A, 0x90, 0x05, 0x62,
    0x22, 0x36, 0x2F, 0x19, 0x9B, 0x41, 0x95, 0xF1, 0x95, 0x84, 0x3D, 0xD5, 0xEF, 0xB2, 0x02, 0xB2,
    0x92, 0xD0, 0x44, 0xBE, 0xF0, 0x7C, 0xCC, 0x93, 0x8D, 0x7A, 0x76, 0x38, 0x6F, 0xDE, 0x5C, 0x9B,
    0x35, 0x5D, 0xAD, 0x77, 0x00, 0x1B, 0x89, 0xF9, 0xD8, 0xCB, 0x7E, 0xEC, 0x66, 0x27, 0x4A, 0xBA,
    0x7A, 0x42, 0x97, 0xA8, 0x1F, 0xEB, 0x12, 0x23, 0x5F, 0xF7, 0x3B, 0xE3, 0xE0, 0x41, 0x1B, 0x01,
    0x60, 0xAB, 0x10, 0x00, 0x9A, 0x87, 0x36, 0x5B, 0xA3, 0x42, 0x14, 0xFE, 0xD8, 0x13, 0x39, 0x3A,
    0x89, 0x26, 0x72, 0xBF, 0x5A, 0x8A, 0x10, 0xAF, 0xB6, 0x2A, 0x5B, 0x5A, 0xAE, 0x59, 0xF8, 0xC4,
    0x9B, 0x43, 0x32, 0xE1, 0xE7, 0xE9, 0x38, 0xE3, 0x22, 0x1F, 0x04, 0xF6, 0x60, 0xD9, 0x82, 0x48,
    0x97, 0x8E, 0x95, 0x0D, 0x98, 0xCD, 0x66, 0xB2, 0x98, 0xD7, 0x33, 0x16, 0x1D, 0xD7, 0x55, 0x0B,
    0xD6, 0x86, 0x4F, 0x57, 0x70, 0x8D, 0x27, 0xE5, 0x3D, 0xCD, 0x27, 0x23, 0xBD, 0x45, 0xEE, 0xEF,
    0xFD, 0xC1, 0xBC, 0xF7, 0xC3, 0xC1, 0xBC, 0x47, 0x1F, 0x85, 0x4F, 0x61, 0x5B, 0xFD, 0x8A, 0x6C,
    0x8A, 0x76, 0x84, 0x2A, 0x68, 0x51, 0x19, 0x9E, 0x48, 0xD8, 0x12, 0xA8, 0x2C, 0x60, 0x66, 0xA8,
    0xC5, 0x99, 0x27, 0xA9, 0xD6, 0x0C, 0x0D, 0xB0, 0x14, 0xA7, 0xC4, 0x90, 0x73, 0x50, 0xD9, 0x12,
    0x2B, 0x7C, 0xD4, 0x18, 0xC5, 0x1B, 0x0F, 0xBE, 0x53, 0x1D, 0x03, 0x2D, 0x03, 0x9D, 0x3C, 0xF0,
    0x8F, 0x59, 0x51, 0x52, 0xDF, 0xB1, 0x47, 0x41, 0xB7, 0x44, 0xE9, 0x0C, 0xB6, 0x80, 0xFC, 0x9D,
    0xC0, 0xFD, 0x15, 0x7B, 0x80, 0x0A, 0x92, 0x84, 0xF8, 0xBE, 0xA4, 0xE2, 0x87, 0x88, 0x57, 0x31,
    0xC5, 0x68, 0xC2, 0x49, 0x63, 0x12, 0x11, 0x4A, 0xCD, 0xE5, 0x23, 0xE1, 0x7F, 0x2F, 0xBE, 0xFE,
    0x86, 0x54, 0xFD, 0xDE, 0x28, 0xDD, 0x9D, 0xC9, 0x44, 0x63, 0x61, 0x94, 0xB6, 0x57, 0x89, 0x7E,
    0x6E, 0x1C, 0xA4, 0x98, 0x6B, 0x91, 0xE6, 0xB2, 0x44, 0xA6, 0xB9, 0x9E, 0x10, 0xAA, 0xB2, 0x9A,
    0x44, 0x0F, 0x46, 0x57, 0x55, 0x8B, 0xFA, 0xAC, 0x96, 0xE2, 0xF2, 0x32, 0x82, 0x35, 0x42, 0x10,
    0x1F, 0xBC, 0x21, 0x5A, 0x88, 0xB0, 0x19, 0x15, 0x6C, 0x5E, 0x6E, 0x5F, 0x64, 0xD6, 0x8B, 0x69,
    0xAE, 0xB2, 0x4A, 0xEE, 0x6F, 0x5F, 0x10, 0xF5, 0x28, 0xDA, 0x92, 0x5F, 0x1A, 0x8C, 0xFC, 0xBA,
    0x61, 0xB0, 0x8A, 0x9A, 0x26, 0xC4, 0xF7, 0xF2, 0x0E, 0x37, 0x6B, 0x51, 0x33, 0xB5, 0x79, 0x4F,
    0x9D, 0x1B, 0xE4, 0xB4, 0x2A, 0x11, 0xD4, 0xDD, 0x7B, 0xD3, 0x21, 0xE9, 0x5C, 0x56, 0x41, 0xD4,
    0x4D, 0xD5, 0x62, 0xD7, 0xA3, 0x5B, 0xC1, 0x71, 0x64, 0xAD, 0x76, 0xE2, 0x09, 0xED, 0x16, 0xD1,
    0x84, 0x7A, 0x43, 0x34, 0xA1, 0x5F, 0x1F, 0x2F, 0xB0, 0xAF, 0x4D, 0x07, 0x34, 0x6C, 0x19, 0x4B,
    0x55, 0xFF, 0xEA, 0x54, 0xFB, 0xA7, 0x94, 0x28, 0x79, 0x51, 0x5E, 0x4B, 0x5E, 0x72, 0x46, 0xE8,
    0x39, 0x57, 0x28, 0xEA, 0x5A, 0xB5, 0xB3, 0xA6, 0x1F, 0xF6, 0x69, 0x3B, 0xAB, 0xFA, 0x4D, 0xE7,
    0xD0, 0x35, 0x9C, 0xA7, 0x7A, 0xD6, 0xAC, 0x4F, 0xEB, 0xAB, 0x59, 0xA7, 0xD7, 0x92, 0x1E, 0xCC,
    0x2D, 0xF8, 0xD2, 0x9E, 0xE7, 0x92, 0xAB, 0xEB, 0xEC, 0x6D, 0xB0, 0x87, 0x91, 0xB3, 0x68, 0x59,
    0x74, 0x8A, 0x70, 0x26, 0xC5, 0x20, 0xF3, 0x39, 0x38, 0x0A, 0x1C, 0x98, 0x9B, 0x53, 0x46, 0x16,
    0xF5, 0x1A, 0xE4, 0x4F, 0x17, 0x33, 0x3A, 0x67, 0xA5, 0xE2, 0x9E, 0x13, 0x03, 0x51, 0x83, 0xB6,
    0x82, 0xB3, 0xC1, 0x93, 0x2B, 0x94, 0x54, 0x8D, 0xBE, 0xFE, 0xD4, 0xA5, 0x56, 0xCA, 0x40, 0xDA,
    0x3E, 0xE9, 0xFE, 0x26, 0x5E, 0x99, 0xC6, 0x4D, 0xBA, 0xD4, 0x92, 0xDB, 0xF4, 0x23, 0x5A, 0x58,
    0x1F, 0xB9, 0x8D, 0x52, 0x6C, 0x15, 0x4A, 0xB5, 0x28, 0x86, 0x72, 0xD1, 0x2C, 0xE2, 0x8F, 0xFE,
    0x65, 0x31, 0x3F, 0xF2, 0x1A, 0xE3, 0x07, 0xBA, 0x9E, 0xF8, 0x9C, 0x33, 0xA4, 0x68, 0x94, 0x5F,
    0xAF, 0xF7, 0xAC, 0xF6, 0xE1, 0x1C, 0x38, 0xAF, 0x6B, 0x87, 0xD2, 0xEE, 0xBD, 0x09, 0xB9, 0x73,
    0x1B, 0xE9, 0xB8, 0x01, 0x88, 0x76, 0x7D, 0x2D, 0x71, 0xAF, 0x33, 0xFE, 0x7F, 0xE9, 0xAC, 0xCA,
    0x3F, 0x2A, 0x66, 0xB8, 0x9C, 0x1B, 0x95, 0x37, 0x3E, 0x2F, 0xF9, 0xEC, 0xA0, 0xDD, 0xFD, 0x38,
    0x6D, 0x33, 0xE1, 0xB9, 0x78, 0x5C, 0xC2, 0x73, 0x57, 0x64, 0x5F, 0x04, 0x3A, 0x3A, 0x0B, 0xFC,
    0x00, 0x30, 0x00, 0x31, 0xA4, 0xBE, 0x4C, 0x30, 0x12, 0x0F, 0x98, 0xEE, 0x73, 0xA4, 0x4E, 0xE1,
    0xBC, 0x39, 0x8D, 0x1F, 0x6A, 0x77, 0x63, 0x03, 0x40, 0xF4, 0x1F, 0x42, 0x7F, 0x37, 0xA0, 0x59,
    0xBB, 0x3B, 0xE2, 0xC7, 0xED, 0x84, 0xDF, 0x09, 0xC7, 0x13, 0x9E, 0x27, 0x5C, 0x4F, 0xF8, 0x1E,
    0x8D, 0x86, 0x0C, 0x16, 0x90, 0xF7, 0x40, 0x0B, 0xAC, 0xD3, 0xD0, 0xFB, 0xE7, 0x4B, 0xC3, 0x8E,
    0x3C, 0xFC, 0xB2, 0x0D, 0x9F, 0xDD, 0xDE, 0xBB, 0x05, 0x6F, 0x56, 0x52, 0xF6, 0xA0, 0xE9, 0x55,
    0x5A, 0x1E, 0x3D, 0x20, 0xD0, 0x5D, 0xC5, 0x2C, 0x26, 0xD1, 0xF5, 0x19, 0xC2, 0x08, 0x37, 0x26,
    0x6C, 0x5B, 0x4A, 0x68, 0x65, 0xE8, 0x14, 0x61, 0x96, 0xCA, 0x29, 0x04, 0x71, 0x72, 0x40, 0x6D,
    0x4E, 0xC3, 0xE9, 0x4E, 0x00, 0x91, 0xF6, 0x50, 0x65, 0x89, 0xD1, 0x3E, 0x7A, 0x75, 0x60, 0x12,
    0x35, 0x0F, 0x4F, 0x2A, 0xAB, 0xE0, 0x33, 0x69, 0x17, 0x36, 0x7B, 0x5F, 0xDD, 0x35, 0xA1, 0x5B,
    0x69, 0xE7, 0x5B, 0x83, 0xA2, 0xD1, 0x3F, 0xB3, 0x04, 0x34, 0x00, 0x22, 0x85, 0x0A, 0x15, 0x4B,
    0xD7, 0x9E, 0x9A, 0x24, 0xF1, 0x3F, 0xA3, 0xFB, 0x39, 0xAC, 0xDF, 0x22, 0x47, 0x7E, 0x8E, 0xAB,
    0x4A, 0x9C, 0xC3, 0xF8, 0xD9, 0x0E, 0xD3, 0xEA, 0xF8, 0xF0, 0xD1, 0xB7, 0xD8, 0xC1, 0x00, 0x28,
    0xFE, 0xDA, 0x4A, 0xAF, 0x25, 0xAD, 0xD4, 0xEB, 0xFA, 0x61, 0xD1, 0xCA, 0xE7, 0x5E, 0x59, 0x7F,
    0x3B, 0xCE, 0x86, 0x70, 0x2E, 0x64, 0xF3, 0x4C, 0x08, 0x1A, 0x21, 0x11, 0x0A, 0x21, 0x10, 0xFA,
    0x20, 0x0F, 0xEA, 0x20, 0x0E, 0xDA, 0x20, 0x0D, 0xCA, 0x20, 0x0C, 0xBA, 0x20, 0x0B, 0xAA, 0x20,
    0x0A, 0x9A, 0x20, 0x09, 0x8A, 0x7C, 0xB6, 0xD6, 0x66, 0xB4, 0x97, 0xDB, 0xE0, 0xBC, 0xD1, 0x18,
    0x20, 0xC6, 0x1C, 0xD7, 0xCD, 0xB0, 0xFA, 0xB4, 0x8D, 0x66, 0x12, 0x3A, 0xEF, 0x1D, 0x06, 0x57,
    0x51, 0xEA, 0xE7, 0xF9, 0xC2, 0x19, 0x15, 0x18, 0xA5, 0xD8, 0x44, 0x66, 0xC6, 0xAE, 0x80, 0xDC,
    0x78, 0x57, 0xD8, 0x3D, 0x82, 0x55, 0xB7, 0x4E, 0x9A, 0xEE, 0xF2, 0x14, 0x2F, 0x9E, 0x57, 0xCF,
    0xCB, 0xE7, 0xF5, 0x13, 0x02, 0x82, 0x5E, 0xC2, 0xA0, 0xA1, 0x17, 0xD1, 0xAB, 0xE8, 0x65, 0xF4,
    0x3A, 0x06, 0x21, 0x51, 0x32, 0x48, 0x89, 0x96, 0x42, 0x4C, 0x23, 0x84, 0xF4, 0x28, 0xAF, 0xA7,
    0x17, 0xD4, 0x2B, 0xEA, 0x25, 0x0D, 0x1E, 0x14, 0x2B, 0x26, 0x27, 0x51, 0x22, 0xE5, 0x14, 0x66,
    0xA5, 0xC6, 0xCF, 0x4A, 0x07, 0x77, 0xBB, 0xE5, 0x6E, 0x2E, 0xB6, 0x00, 0x4D, 0x69, 0x2A, 0x53,
    0x98, 0x73, 0xC4, 0x80, 0xDA, 0x62, 0x66, 0xD5, 0x65, 0x35, 0x7A, 0x5E, 0xD8, 0xB1, 0xFF, 0xD3,
    0x43, 0x70, 0x9D, 0xD9, 0x06, 0xF7, 0x66, 0xB6, 0xC1, 0x75, 0x66, 0x1B, 0xDC, 0xCC, 0x6C, 0x83,
    0x5F, 0x74, 0x1F, 0x70, 0xE9, 0x56, 0x61, 0xF1, 0x91, 0x5E, 0xF3, 0xB2, 0x5A, 0x30, 0x6F, 0x03,
    0x86, 0x79, 0xD6, 0x09, 0x1C, 0x15, 0xD6, 0xCB, 0x04, 0x47, 0xB1, 0xC2, 0xBC, 0xC8, 0x39, 0x8E,
    0x5B, 0x87, 0xA4, 0xF5, 0x13, 0x1C, 0x10, 0xE1, 0xFA, 0x84, 0x12, 0x37, 0x72, 0x53, 0x4B, 0xEF,
    0xCB, 0x3F, 0xD1, 0x5B, 0xE9, 0xA1, 0xA0, 0xA2, 0x21, 0x3E, 0xC5, 0x98, 0x59, 0xDC, 0xCF, 0x41,
    0x4B, 0xB7, 0x31, 0xF5, 0x6D, 0xAC, 0x24, 0x70, 0x63, 0x90, 0x83, 0x40, 0xEB, 0x72, 0x08, 0x75,
    0x56, 0x74, 0x41, 0xDE, 0xF2, 0x16, 0x2B, 0xF4, 0xFF, 0xCF, 0x48, 0x5B, 0x67, 0x85, 0x39, 0xDC,
    0xDF, 0x05, 0x4F, 0x3C, 0xDC, 0xA0, 0xF4, 0x31, 0xCF, 0x08, 0xAA, 0x47, 0x3C, 0x23, 0xA8, 0x23,
    0x7A, 0x31, 0x2A, 0xB8, 0xF1, 0xCD, 0xA7, 0x61, 0xFB, 0xF1, 0xB7, 0x56, 0x6F, 0xFA, 0x90, 0x1C,
    0xAB, 0xFF, 0xD7, 0xB6, 0xA7, 0x58, 0xAC, 0x57, 0x70, 0xB3, 0xD4, 0x2D, 0x4B, 0x37, 0xF9, 0x67,
    0x3D, 0xFE, 0xF6, 0xFA, 0x7F, 0x1F, 0x5D, 0x98, 0x0D, 0x3F, 0xF9, 0x81, 0xD9, 0x7B, 0x02, 0xA7,
    0x68, 0x4D, 0xEE, 0xBA, 0xD4, 0x19, 0x5D, 0x08, 0xB7, 0xB1, 0xAA, 0x11, 0xF2, 0x1F, 0xAF, 0xFE,
    0x0C, 0x57, 0x6C, 0x46, 0x2C, 0xCE, 0xAE, 0x6B, 0xB3, 0xD4, 0x6E, 0x88, 0xDD, 0xF2, 0x92, 0xBB,
    0x11, 0x37, 0x8B, 0x64, 0xC2, 0x4B, 0x19, 0xC9, 0x97, 0x19, 0x49, 0x9D, 0xC1, 0x0E, 0x6E, 0x51,
    0x8F, 0x3D, 0x88, 0x1D, 0x57, 0x84, 0xD0, 0xB7, 0xE8, 0x5A, 0x83, 0x4A, 0x10, 0x3B, 0xA2, 0x01,
    0xD1, 0xA3, 0x1E, 0xC9, 0x63, 0x36, 0x9A, 0xB8, 0xFE, 0x4E, 0xC0, 0xD4, 0x22, 0x5F, 0x66, 0xB8,
    0xCE, 0xC5, 0xA7, 0xE7, 0xFC, 0xFC, 0x23, 0x8E, 0x39, 0xF6, 0xBB, 0xE6, 0x1F, 0x5D, 0xF4, 0x2B,
    0x6C, 0xA7, 0xBC, 0xF9, 0xF7, 0x56, 0xA7, 0x33, 0x67, 0xF4, 0x42, 0x74, 0x5B, 0xEB, 0x52, 0x91,
    0x51, 0x3B, 0x45, 0x46, 0x27, 0x26, 0x9B, 0x16, 0xFB, 0x8C, 0x8E, 0x4A, 0x43, 0x32, 0x47, 0xC0,
    0x23, 0x12, 0x40, 0x7C, 0xDD, 0xA6, 0x9C, 0x8F, 0x78, 0x9E, 0xDF, 0xFC, 0xF6, 0x0C, 0xED, 0xCF,
    0xA7, 0x13, 0x85, 0xFB, 0xA1, 0x1B, 0xB2, 0x15, 0xA9, 0x9D, 0x0B, 0x7A, 0x46, 0xA1, 0x38, 0x37,
    0x08, 0xEC, 0x8E, 0x84, 0x6A, 0x94, 0xD4, 0x67, 0x77, 0xDC, 0x41, 0x6A, 0xF5, 0x5D, 0x7D, 0x9B,
    0x3C, 0x60, 0xD4, 0xD3, 0xD9, 0xCD, 0x56, 0x52, 0x01, 0x2D, 0x1D, 0xFB, 0xA5, 0x8E, 0x82, 0x6E,
    0x89, 0x49, 0x88, 0xC1, 0x73, 0x29, 0x7E, 0xC0, 0x94, 0xEC, 0x16, 0xFE, 0xFE, 0x3C, 0x70, 0x6F,
    0x4B, 0x56, 0x60, 0x8E, 0x82, 0x3A, 0x13, 0x83, 0xA7, 0xA3, 0x2E, 0x5C, 0xFB, 0xF7, 0xF9, 0xCE,
    0x91, 0xF1, 0x45, 0xD5, 0xBD, 0x14, 0x3D, 0x58, 0xD0, 0xDC, 0x16, 0xED, 0x9C, 0xF6, 0x57, 0xFE,
    0x3D, 0x3E, 0x3D, 0x40, 0x89, 0xA3, 0x37, 0x5E, 0xB4, 0x2C, 0x51, 0x95, 0x61, 0x3A, 0x5E, 0x32,
    0xC4, 0xDF, 0x18, 0x25, 0x5D, 0x4D, 0x91, 0xF5, 0xC6, 0xF1, 0xA3, 0x21, 0xEB, 0x71, 0xB2, 0x80,
    0xE5, 0x8F, 0x26, 0xA9, 0x86, 0xC4, 0x22, 0xB7, 0x4A, 0xFA, 0xF3, 0x3E, 0x01, 0x78, 0x50, 0x62,
    0x1E, 0x3E, 0x71, 0x7C, 0xCE, 0xA0, 0x04, 0x74, 0x15, 0xD0, 0xB4, 0x81, 0x4B, 0x40, 0xCD, 0x02,
    0x2C, 0xC6, 0xA7, 0x2D, 0xCF, 0xED, 0xB0, 0x3D, 0x2D, 0x36, 0x76, 0xDB, 0x80, 0xE5, 0x3D, 0xC7,
    0xA7, 0xCB, 0xF5, 0xA9, 0x32, 0x4A, 0x31, 0x84, 0x61, 0x1B, 0x41, 0x78, 0xDF, 0xF1, 0x75, 0xD2,
    0x9F, 0xA3, 0xF2, 0x47, 0x6A, 0xF7, 0x2B, 0xA5, 0x1B, 0x74, 0x5C, 0x31, 0x81, 0xC2, 0x0D, 0x55,
    0x8A, 0xFC, 0x78, 0xD4, 0x3C, 0x71, 0x21, 0x38, 0x21, 0xD0, 0xD1, 0x7C, 0x41, 0xF6, 0xEE, 0x1C,
    0x41, 0x4B, 0xE2, 0x8C, 0xAE, 0x72, 0x91, 0x36, 0x56, 0x23, 0x17, 0x79, 0x69, 0xA3, 0x41, 0x9A,
    0x38, 0x19, 0x90, 0x74, 0x88, 0x75, 0xBA, 0x6C, 0xD3, 0x96, 0x8B, 0xB3, 0x45, 0x9B, 0x1B, 0x2E,
    0x7E, 0x50, 0xB4, 0x85, 0xA4, 0x95, 0xFA, 0xA2, 0x85, 0xD0, 0x2A, 0xEE, 0xF2, 0x16, 0x9D, 0x77,
    0x92, 0x36, 0x6F, 0x47, 0xC4, 0xCD, 0x4C, 0xFE, 0xC3, 0x81, 0x8B, 0x5C, 0xF9, 0x4F, 0xB1, 0xBE,
    0x3E, 0xA3, 0xFC, 0x9D, 0x96, 0x8B, 0x2D, 0xE5, 0xEF, 0x1A, 0x2E, 0x2E, 0x2B, 0x7B, 0x4F, 0x98,
    0x39, 0x28, 0x5B, 0x8A, 0x8B, 0x8E, 0x2C, 0x0D, 0x17, 0x2D, 0x49, 0x55, 0x2E, 0x0C, 0xCA, 0x7B,
    0x79, 0x6E, 0x6C, 0x3E, 0x96, 0xAB, 0x16, 0x6B, 0x61, 0xFC, 0xE1, 0x3B, 0xFC, 0x22, 0xD3, 0xAE,
    0x52, 0xF7, 0x7A, 0x51, 0x59, 0x7B, 0x09, 0x7F, 0xCA, 0x7B, 0x12, 0x36, 0x26, 0xE9, 0xD3, 0x41,
    0xCE, 0xC4, 0x7D, 0x32, 0x44, 0x1F, 0x9A, 0xB8, 0x4B, 0x86, 0xE4, 0x3D, 0x93, 0xB4, 0xC9, 0x90,
    0xBE, 0x6A, 0x53, 0x9B, 0x0C, 0x79, 0x61, 0x33, 0x25, 0xC3, 0x4B, 0x85, 0x7D, 0x7E, 0xAE, 0xB6,
    0x0A, 0xBB, 0x35, 0x57, 0x97, 0x0B, 0x7B, 0x79, 0xAE, 0x86, 0xDC, 0x0E, 0x4A, 0x7E, 0xDD, 0xE5,
    0x3F, 0x6A, 0x95, 0xFC, 0x67, 0x9B, 0xFF, 0xD8, 0x28, 0xF9, 0x58, 0xF9, 0x3F, 0x33, 0x0D, 0x2B,
    0x9F, 0xE6, 0x6A, 0x52, 0x3E, 0xCA, 0x67, 0x8C, 0x44, 0x79, 0x06, 0x50, 0xF4, 0x3D, 0x30, 0x9D,
    0xC0, 0x62, 0x09, 0x5E, 0xAB, 0xC0, 0x11, 0x3D, 0x63, 0x1B, 0x5B, 0x6D, 0x96, 0xCA, 0xF5, 0x85,
    0xEB, 0xCB, 0xD5, 0xF5, 0x17, 0xDD, 0x75, 0x72, 0x4B, 0x4B, 0xDA, 0xD3, 0xC8, 0xC0, 0xC5, 0xBD,
    0xF8, 0xB7, 0x45, 0xFC, 0x1C, 0x79, 0x75, 0x46, 0xA8, 0x74, 0x05, 0xB4, 0x03, 0xCD, 0xBF, 0xDD,
    0xA2, 0xD2, 0x4F, 0x0C, 0xF8, 0x1F, 0xBE, 0xDB, 0x3D, 0x51, 0xF8, 0xF0, 0xB8, 0x48, 0xB4, 0x02,
    0x8F, 0x11, 0x83, 0x12, 0xC5, 0x6A, 0xE3, 0x80, 0x67, 0xB6, 0x58, 0xEF, 0x29, 0xEF, 0x32, 0xF0,
    0xD1, 0x50, 0xD0, 0xB4, 0x4D, 0x8D, 0x36, 0x4B, 0xB6, 0xA4, 0xBB, 0x6C, 0x85, 0x16, 0x6A, 0x84,
    0x0D, 0x9C, 0xBA, 0x83, 0x28, 0xF1, 0x3A, 0x1E, 0x46, 0x67, 0xF1, 0x40, 0xF7, 0x49, 0x07, 0x95,
    0xA4, 0x85, 0x5C, 0x66, 0x21, 0x9A, 0xD3, 0xE6, 0xC8, 0x90, 0xC6, 0x8B, 0x2D, 0x7A, 0x99, 0x6E,
    0xD1, 0xEA, 0xB2, 0x07, 0x9B, 0x16, 0xAC, 0x0D, 0x58, 0x6D, 0xDC, 0xE0, 0xE3, 0x46, 0x62, 0xD9,
    0x7F, 0x25, 0xD8, 0x8E, 0x9E, 0xD0, 0xBE, 0x2F, 0x8A, 0x6E, 0xA5, 0x96, 0x26, 0xF9, 0x52, 0x0C,
    0x4A, 0x23, 0xDD, 0x52, 0x0E, 0xFB, 0x28, 0xE8, 0x0D, 0x00, 0x1A, 0x61, 0x37, 0x51, 0x98, 0x75,
    0x62, 0x96, 0x21, 0xDA, 0x2C, 0x6C, 0x62, 0x06, 0x55, 0x33, 0xF6, 0x3A, 0x4F, 0x83, 0xDA, 0x92,
    0x9C, 0x74, 0x59, 0xF1, 0x92, 0x9C, 0x29, 0x46, 0xF9, 0xC9, 0x86, 0x0F, 0x41, 0x07, 0xF0, 0xA1,
    0xC2, 0x87, 0xFD, 0xBE, 0x1F, 0x66, 0xE3, 0x3E, 0x1F, 0xBE, 0xC4, 0x87, 0x3A, 0xCD, 0x87, 0xDA,
    0xE2, 0x43, 0x2D, 0x54, 0xDD, 0x7B, 0xF3, 0xAD, 0x51, 0x35, 0x44, 0xF6, 0xE6, 0xEC, 0x92, 0x7E,
    0xDF, 0x9C, 0x1D, 0x8C, 0x2D, 0xBF, 0x31, 0xBA, 0xCD, 0x97, 0x07, 0x26, 0xAE, 0x0E, 0xC9, 0x50,
    0x09, 0x81, 0x51, 0x3C, 0xEC, 0xB9, 0x92, 0xDD, 0xEF, 0x3F, 0xC3, 0xFB, 0xCF, 0xB1, 0xF4, 0x9C,
    0x46, 0xDB, 0xAB, 0xA8, 0xB7, 0xA0, 0x4D, 0x38, 0xEB, 0x04, 0xA0, 0xBB, 0x0A, 0x44, 0x02, 0x32,
    0x72, 0x94, 0x43, 0xAE, 0x60, 0x14, 0xDC, 0x5B, 0x65, 0x17, 0x3C, 0x25, 0x43, 0x41, 0x1D, 0x94,
    0x82, 0x91, 0x8D, 0xF8, 0xD6, 0x90, 0x81, 0xB7, 0xAF, 0xAD, 0x0F, 0x7C, 0x57, 0x83, 0xF7, 0xDD,
    0x43, 0xAE, 0xE0, 0xE7, 0xF4, 0x79, 0x29, 0x67, 0xCE, 0x48, 0xDF, 0x1E, 0x44, 0x1A, 0x24, 0x64,
    0x41, 0x96, 0x07, 0xE5, 0x83, 0xF1, 0xF7, 0xC1, 0xD2, 0x59, 0x3A, 0x65, 0x30, 0xA3, 0x45, 0xD6,
    0xD2, 0x4A, 0x66, 0x40, 0x85, 0xF8, 0x45, 0x59, 0xF7, 0x88, 0x23, 0xED, 0x56, 0xE0, 0xC6, 0x14,
    0xE8, 0xB1, 0x06, 0xF6, 0xE6, 0x26, 0x40, 0x3A, 0x01, 0xE3, 0xBD, 0x79, 0x99, 0xBD, 0x1D, 0xB6,
    0x01, 0x43, 0x57, 0xD5, 0xFA, 0xAE, 0xE1, 0x70, 0x79, 0x38, 0x5D, 0xFE, 0xDF, 0x74, 0x96, 0x31,
    0x8C, 0xE4, 0x48, 0x15, 0x86, 0x3F, 0xDB, 0xBB, 0x63, 0x89, 0x16, 0xEB, 0x15, 0xBA, 0x00, 0x31,
    0x62, 0x9C, 0x22, 0x86, 0x39, 0x67, 0x20, 0xA1, 0x59, 0x95, 0x33, 0x02, 0x92, 0x0D, 0xB8, 0x3C,
    0x25, 0x23, 0x9D, 0x60, 0xB5, 0x36, 0x22, 0x20, 0xDD, 0x98, 0xE8, 0x02, 0xA2, 0xBB, 0x60, 0x2E,
    0x98, 0xF0, 0x68, 0x1B, 0x2E, 0x20, 0x6D, 0x21, 0x11, 0x63, 0x01, 0xD9, 0x05, 0x38, 0x68, 0x84,
    0x59, 0x95, 0xFD, 0xE0, 0x57, 0x3D, 0x59, 0xEA, 0x93, 0xF6, 0xA9, 0x55, 0xEF, 0xEF, 0x76, 0xBD,
    0xAA, 0x7A, 0x9F, 0xDF, 0xAB, 0x19, 0x90, 0x7D, 0x8A, 0x2C, 0x8F, 0x70, 0x6D, 0x93, 0x9C, 0x7D,
    0xBD, 0x12, 0x29, 0x17, 0xBA, 0xFE, 0x4C, 0x33, 0x52, 0xFD, 0x65, 0xA2, 0x83, 0x83, 0xB5, 0xAC,
    0x50, 0x9E, 0x29, 0x22, 0x14, 0x67, 0x29, 0x8A, 0x85, 0x6A, 0x4E, 0x6E, 0x92, 0xD3, 0x7C, 0xB9,
    0x30, 0xA2, 0xE7, 0xA1, 0xDF, 0xDD, 0x61, 0x26, 0xB4, 0x68, 0x5A, 0xD7, 0x42, 0x7D, 0xD2, 0x37,
    0x4D, 0x93, 0xEB, 0x5A, 0x4D, 0x61, 0x83, 0x7A, 0x24, 0x8F, 0x9A, 0xA5, 0xF9, 0xDA, 0x44, 0xEB,
    0x65, 0xF6, 0xBB, 0x0D, 0xA0, 0xB1, 0x7F, 0x22, 0xFB, 0x05, 0x6E, 0x55, 0xAF, 0x51, 0x53, 0x14,
    0x49, 0x69, 0x53, 0x35, 0x12, 0xBE, 0x8E, 0x95, 0x4E, 0x7A, 0xBC, 0x53, 0x7C, 0x98, 0x38, 0x4C,
    0x5A, 0x5D, 0x4F, 0x7A, 0x1A, 0x8D, 0xF8, 0xA7, 0xD5, 0xD8, 0x21, 0x31, 0x20, 0x31, 0xF8, 0x47,
    0x79, 0x76, 0x64, 0x11, 0x02, 0xC5, 0x0C, 0x4D, 0x5F, 0x9D, 0xA0, 0xFA, 0xF7, 0xD0, 0x42, 0x6E,
    0x0B, 0xC0, 0x73, 0x70, 0xBB, 0xEA, 0x91, 0x55, 0x53, 0x67, 0x73, 0x6E, 0xD5, 0xF4, 0x2B, 0xFB,
    0x34, 0x1F, 0xCA, 0x49, 0x90, 0xEA, 0x72, 0x2C, 0x16, 0xB8, 0xA9, 0xDA, 0xE2, 0x0C, 0x1F, 0x7F,
    0x49, 0x39, 0x43, 0x78, 0x87, 0x72, 0xBB, 0x47, 0x07, 0x93, 0xD3, 0xDA, 0x0F, 0xE8, 0x80, 0x3C,
    0xA1, 0x3C, 0xD0, 0x96, 0xC9, 0x85, 0x9E, 0x4C, 0xAE, 0x25, 0x9B, 0x20, 0x40, 0x7E, 0x82, 0x0E,
    0x8A, 0x11, 0x8E, 0xBB, 0x2B, 0x7B, 0x58, 0xE1, 0xD0, 0xA2, 0x6F, 0x15, 0x68, 0xCA, 0x2B, 0x14,
    0xAE, 0x24, 0xA8, 0xB6, 0xC7, 0x09, 0x1D, 0xDD, 0x5A, 0x74, 0xF6, 0x16, 0xB7, 0xEC, 0xAC, 0x51,
    0x47, 0x55, 0x05, 0x84, 0x95, 0xEA, 0xB4, 0xDC, 0x46, 0xAA, 0x71, 0xCE, 0x23, 0xF5, 0x57, 0xA7,
    0x7C, 0xA1, 0xD9, 0xC8, 0xCF, 0x34, 0xEF, 0x04, 0x22, 0x90, 0x46, 0xE5, 0xA1, 0x8A, 0x98, 0xD0,
    0x76, 0x27, 0x56, 0x9D, 0x9E, 0xA8, 0x31, 0x57, 0xDA, 0x7D, 0x19, 0x05, 0xED, 0xC5, 0xA2, 0xF1,
    0xC7, 0x1A, 0xC7, 0xBF, 0xC7, 0x97, 0xD4, 0xF6, 0x47, 0x9B, 0x39, 0x6C, 0x0C, 0x3D, 0xBC, 0xE6,
    0x19, 0xBB, 0xF1, 0x8E, 0xD7, 0xBB, 0x7E, 0x2A, 0xC7, 0x5D, 0xBF, 0x6A, 0xD8, 0xAD, 0x59, 0xD9,
    0xAD, 0x3E, 0xB3, 0x9B, 0x30, 0x7E, 0xC8, 0x1A, 0xB3, 0xDF, 0x43, 0x6D, 0x66, 0x33, 0xB7, 0xA6,
    0xFC, 0x1B, 0x69, 0xE1, 0x6A, 0x26, 0x82, 0x2A, 0x10, 0xA2, 0x6A, 0xF4, 0x1E, 0x86, 0x96, 0x2C,
    0xEA, 0xF3, 0x40, 0xB6, 0x09, 0x08, 0x6C, 0x7C, 0xA1, 0x4E, 0x50, 0x49, 0x33, 0x40, 0x2A, 0xF6,
    0xB3, 0xB4, 0x42, 0x05, 0x42, 0x5A, 0xA1, 0xBB, 0xCE, 0xB7, 0x74, 0x26, 0x69, 0x85, 0x0A, 0x10,
    0x83, 0x42, 0x5D, 0x9B, 0x42, 0x53, 0xC5, 0xB2, 0x29, 0x14, 0x01, 0x22, 0x5B, 0xC9, 0x57, 0x10,
    0x32, 0x6D, 0xAD, 0x50, 0xBD, 0x78, 0x6F, 0x31, 0x69, 0x35, 0x51, 0x0A, 0x15, 0xFD, 0x7A, 0xC2,
    0xE0, 0xDB, 0x30, 0x68, 0x3D, 0x85, 0xDE, 0x69, 0xBD, 0xCC, 0x14, 0xCA, 0xBD, 0xD6, 0xBB, 0x4E,
    0xA1, 0x5F, 0x72, 0x6D, 0x9F, 0xDB, 0x89, 0xF0, 0xFE, 0xB3, 0xCF, 0x17, 0x06, 0x53, 0x05, 0x77,
    0x66, 0xB6, 0x33, 0xE4, 0x23, 0xBE, 0x8B, 0xDB, 0x0D, 0x8B, 0x53, 0xA3, 0xFA, 0xED, 0xE4, 0xD0,
    0x28, 0xAD, 0x77, 0x66, 0x14, 0x1B, 0x8E, 0x8C, 0x6C, 0xC1, 0x89, 0xC9, 0x1C, 0x98, 0xCC, 0x79,
    0x05, 0xB3, 0xDE, 0x71, 0x49, 0x3A, 0xA1, 0x37, 0x0C, 0xB8, 0xFC, 0x42, 0xA1, 0x89, 0xD5, 0x49,
    0xF3, 0x2A, 0x47, 0x35, 0x39, 0x29, 0x04, 0x63, 0x07, 0xB5, 0x73, 0x52, 0x94, 0x63, 0x52, 0x14,
    0x4E, 0x69, 0xDA, 0x21, 0x35, 0xE3, 0xCE, 0xA8, 0xE3, 0xB9, 0x23, 0x62, 0xE5, 0x45, 0x22, 0xA4,
    0xA8, 0xBB, 0x04, 0x48, 0xBB, 0xBF, 0x71, 0x3E, 0xB5, 0x59, 0x74, 0x3C, 0x41, 0x23, 0xF0, 0xC9,
    0x6B, 0x72, 0x72, 0x29, 0x9B, 0x29, 0xC6, 0x46, 0xAA, 0x9E, 0xC9, 0xE7, 0x08, 0x29, 0x09, 0x15,
    0x93, 0xE7, 0x30, 0x22, 0x75, 0x42, 0xE7, 0x01, 0xB5, 0x84, 0x9B, 0x2B, 0x72, 0xFB, 0x57, 0x7F,
    0x30, 0x45, 0x34, 0x7F, 0xB5, 0xBE, 0x32, 0x9B, 0xD4, 0xB0, 0xA1, 0xAD, 0x75, 0xE0, 0x7C, 0x21,
    0xF0, 0x23, 0x3A, 0xEF, 0xAE, 0x1F, 0xB0, 0x22, 0x08, 0x47, 0xC1, 0x44, 0x0C, 0xD4, 0xE1, 0x0A,
    0xED, 0x89, 0xFA, 0xAE, 0x6D, 0xA4, 0xB4, 0x59, 0x47, 0xE6, 0xEC, 0x3B, 0xCD, 0xCE, 0x17, 0x94,
    0xB3, 0xEE, 0xE8, 0x59, 0x4A, 0x71, 0xF5, 0x48, 0x4B, 0xC7, 0xB5, 0xAE, 0xE1, 0xA2, 0xA7, 0xE3,
    0x27, 0x33, 0x1B, 0x65, 0x4B, 0xF8, 0xF5, 0x3F, 0xE6, 0xEF, 0x44, 0x6A, 0x35, 0xCB, 0x6F, 0xEC,
    0x3F, 0x66, 0x06, 0x87, 0x2D, 0xB7, 0x9F, 0x9B, 0x6D, 0xA8, 0x4F, 0x5F, 0xEE, 0xBD, 0xA4, 0x0E,
    0xB7, 0x95, 0x5B, 0xDD, 0xC3, 0x07, 0x01, 0xDA, 0xF0, 0xDA, 0x8F, 0x48, 0xE0, 0xA5, 0xE0, 0xCD,
    0x03, 0x6B, 0x3A, 0xBC, 0x9E, 0xEB, 0x34, 0x7A, 0x9E, 0xA8, 0x91, 0x2F, 0x2E, 0xF4, 0xB3, 0xE8,
    0xE1, 0xEF, 0x5F, 0x3F, 0xBB, 0x50, 0xB6, 0xCA, 0x53, 0xCF, 0x45, 0x48, 0x3F, 0x2B, 0x7F, 0x89,
    0x94, 0xBE, 0x73, 0x80, 0x17, 0x7A, 0x2E, 0x76, 0xDF, 0x27, 0xF4, 0x30, 0xA8, 0x01, 0xF4, 0x7C,
    0x83, 0x37, 0x04, 0xF4, 0xAE, 0x89, 0x7A, 0x7E, 0xBD, 0x7D, 0xF6, 0xB8, 0x08, 0xEA, 0xA0, 0x06,
    0x60, 0xC5, 0xCD, 0xC5, 0x5E, 0xCB, 0x89, 0x21, 0xF8, 0xB9, 0xC1, 0x8F, 0x8B, 0xEF, 0x29, 0xFB,
    0xA9, 0x91, 0x2C, 0xEC, 0x9D, 0xC4, 0x4E, 0x2B, 0x8A, 0x97, 0x38, 0x24, 0x5C, 0x7B, 0x6F, 0x3C,
    0x39, 0x2C, 0x2E, 0xDA, 0x06, 0x9C, 0x94, 0xCD, 0x69, 0xC3, 0xC7, 0x59, 0xFB, 0x29, 0x75, 0xF7,
    0x27, 0x49, 0x94, 0xB8, 0x20, 0xEC, 0xBE, 0x1E, 0xF5, 0x11, 0x15, 0x11, 0x10, 0x14, 0x49, 0x08,
    0x92, 0xEE, 0x85, 0xE7, 0xAD, 0xD3, 0x39, 0x3A, 0x9C, 0xD5, 0xD9, 0x44, 0x47, 0x13, 0x13, 0x99,
    0x6C, 0x49, 0x60, 0x72, 0xCF, 0xA8, 0x98, 0x2F, 0x7D, 0x39, 0x41, 0xAA, 0xF2, 0x8B, 0xCA, 0xF6,
    0x8A, 0xE7, 0x87, 0x8E, 0xB1, 0x99, 0xE0, 0xF9, 0x27, 0x64, 0x34, 0x46, 0x75, 0xCA, 0x36, 0xF5,
    0xA6, 0xFE, 0xB8, 0xE8, 0xDE, 0x50, 0xF9, 0x42, 0xB6, 0x24, 0xC6, 0xE2, 0x5B, 0x5A, 0x5B, 0xCC,
    0x57, 0xA6, 0x4D, 0x3A, 0xED, 0xD0, 0x69, 0xF9, 0xA3, 0xD6, 0x5E, 0x35, 0x44, 0x6A, 0x0D, 0x4D,
    0x9F, 0x2D, 0x34, 0xAD, 0xDA, 0x44, 0x88, 0x82, 0x4F, 0x9F, 0x79, 0xAB, 0x98, 0x23, 0x8A, 0x79,
    0x56, 0x8D, 0x74, 0x6B, 0x35, 0xD2, 0x4C, 0xF5, 0x48, 0xE6, 0x28, 0x9C, 0x03, 0x82, 0x00, 0x11,
    0xDF, 0xF8, 0x71, 0x82, 0x6C, 0x6B, 0xFD, 0x2F, 0xCB, 0x60, 0x3F, 0x33, 0x83, 0x5B, 0x83, 0xC7,
    0xED, 0xCA, 0xDE, 0x03, 0xD6, 0x52, 0x9E, 0x08, 0xA3, 0xE4, 0xA8, 0x83, 0x6B, 0xA5, 0xCC, 0x4E,
    0x1C, 0x5A, 0x82, 0x56, 0xF9, 0xDB, 0x44, 0xA5, 0xA6, 0x82, 0xE2, 0xCF, 0x33, 0x15, 0x0C, 0x92,
    0x5F, 0x2D, 0x92, 0x9B, 0x68, 0xFD, 0x29, 0x72, 0x03, 0xAB, 0x64, 0xBF, 0x72, 0x97, 0x36, 0x3F,
    0xB4, 0x83, 0xAE, 0x67, 0xC9, 0x8A, 0xAE, 0xBD, 0xD7, 0x69, 0x24, 0xC3, 0x78, 0x9F, 0x6A, 0xE0,
    0x86, 0x7A, 0x7C, 0x48, 0x65, 0xF0, 0x31, 0xD5, 0xF4, 0x94, 0x2A, 0xE0, 0x8E, 0xC3, 0xEC, 0x45,
    0xA1, 0x79, 0xB3, 0xEA, 0x41, 0x32, 0x5F, 0x27, 0x91, 0x85, 0x07, 0xB0, 0x49, 0xC0, 0x54, 0x64,
    0xE8, 0x3E, 0x93, 0x9C, 0xA1, 0x1B, 0x55, 0x1B, 0x64, 0x33, 0x4A, 0x46, 0xFD, 0x71, 0xBD, 0xB6,
    0xD4, 0xCA, 0x47, 0x79, 0x8F, 0x4A, 0x22, 0xB0, 0x5B, 0xC7, 0x6E, 0x47, 0xB8, 0x6C, 0x90, 0xBD,
    0x6E, 0x2F, 0x7B, 0xC3, 0x9B, 0x35, 0xD9, 0xF7, 0x86, 0x1E, 0xB7, 0xFA, 0xBF, 0xEC, 0x06, 0x1F,
    0xED, 0xCB, 0x3A, 0xF1, 0xD6, 0x9C, 0x37, 0xE6, 0xB4, 0xF9, 0xA5, 0xB3, 0x66, 0x27, 0xBD, 0x73,
    0x76, 0xCA, 0x84, 0xC5, 0x19, 0x37, 0x67, 0x27, 0x5C, 0x9C, 0x9D, 0x6F, 0x31, 0x3B, 0xDD, 0x72,
    0x76, 0xB6, 0xE5, 0xE4, 0x64, 0x0F, 0x27, 0xE7, 0x5A, 0x8D, 0x89, 0xAA, 0x44, 0x62, 0x5A, 0x8F,
    0x4E, 0xB4, 0xE9, 0x9D, 0x67, 0xD3, 0x3A, 0xCD, 0xE0, 0x2C, 0x25, 0x12, 0xC9, 0xCE, 0x39, 0x72,
    0x74, 0x8A, 0xAC, 0xCE, 0x10, 0xE7, 0x82, 0x0B, 0x2F, 0x72, 0x99, 0xDA, 0xE9, 0xA2, 0x8F, 0xF4,
    0xF2, 0x2E, 0x2F, 0x93, 0x6F, 0x0D, 0x78, 0x4B, 0xED, 0x4C, 0x9F, 0xB9, 0x0F, 0xEE, 0xBB, 0xF6,
    0xD2, 0xDF, 0xF1, 0x21, 0x0B, 0xF1, 0x10, 0x69, 0x22, 0xB7, 0x31, 0x18, 0xD7, 0x91, 0x3C, 0xCE,
    0xA1, 0xCD, 0x23, 0xF9, 0xFB, 0x3E, 0xA8, 0x83, 0x72, 0xE3, 0xFF, 0x5E, 0xFF, 0xC9, 0xA3, 0x3E,
    0x52, 0xD9, 0xC9, 0x7B, 0x37, 0xA9, 0xB4, 0xD4, 0x50, 0xAA, 0xAB, 0xD4, 0xB6, 0xEA, 0x42, 0x0D,
    0xD5, 0x98, 0xC9, 0x53, 0xAB, 0x17, 0xEB, 0x9E, 0xA6, 0xCF, 0x17, 0x51, 0xD3, 0xA2, 0xAA, 0xA6,
    0x40, 0xBE, 0xBC, 0x0C, 0x10, 0xC8, 0x6C, 0xEE, 0xD4, 0x70, 0x0C, 0xE3, 0x5B, 0x4F, 0xE6, 0x0F,
    0x17, 0x74, 0x76, 0x9F, 0x2F, 0x97, 0x68, 0xFC, 0x6A, 0xB9, 0xF2, 0x2A, 0x3A, 0x78, 0x09, 0x65,
    0x6D, 0xD6, 0xCB, 0x4D, 0x07, 0x39, 0x96, 0xB4, 0x6A, 0x97, 0x82, 0xC3, 0xBC, 0xB3, 0xFC, 0xA6,
    0x65, 0xE7, 0xFD, 0x72, 0xD5, 0x6A, 0xC9, 0x55, 0x11, 0xD9, 0xAB, 0xE4, 0x1E, 0x92, 0x9B, 0x57,
    0x8D, 0xF9, 0x24, 0x47, 0x31, 0x1E, 0xF1, 0x5E, 0xD5, 0xC2, 0x74, 0x68, 0x3E, 0x01, 0xCD, 0x4F,
    0xEE, 0x7F, 0xED, 0x5C, 0x01, 0xA4, 0x25, 0xE7, 0xF5, 0x3F, 0x33, 0x93, 0x7F, 0x6E, 0xB2, 0xF3,
    0x4F, 0x66, 0x91, 0xFC, 0xE5, 0x9F, 0x97, 0xBC, 0x29, 0x82, 0x74, 0xED, 0x66, 0xA0, 0x58, 0xDC,
    0xDD, 0x99, 0x08, 0x00, 0x04, 0xD9, 0x42, 0xB1, 0x50, 0x88, 0xD2, 0x0D, 0x16, 0xC5, 0xEE, 0xBB,
    0xA3, 0x00, 0x90, 0x47, 0x2B, 0x45, 0xE1, 0x21, 0x48, 0x77, 0xB1, 0xB0, 0x25, 0xE5, 0xBD, 0x7B,
    0xA7, 0x29, 0x02, 0xE8, 0x24, 0x95, 0x42, 0x69, 0x26, 0xD5, 0xD5, 0xDA, 0xAA, 0x4C, 0x99, 0xD5,
    0x79, 0xAF, 0x73, 0xEF, 0xD7, 0xF7, 0xFB, 0x9D, 0xFB, 0x1D, 0xEF, 0xDD, 0x5D, 0x69, 0x4B, 0x73,
    0xBD, 0x97, 0xF6, 0xAB, 0x7B, 0xEE, 0xEC, 0x7D, 0xD7, 0xDC, 0x39, 0xE7, 0xFB, 0xBE, 0xF3, 0xFD,
    0x7E, 0xBF, 0x73, 0x1A, 0x25, 0x34, 0xE1, 0xC1, 0x2D, 0x3C, 0x69, 0xE4, 0x00, 0x70, 0x24, 0x29,
    0xB8, 0xD5, 0x52, 0x7D, 0x96, 0xB1, 0x26, 0xC8, 0xF7, 0xF5, 0xE0, 0x6A, 0xF9, 0x16, 0xB5, 0xC4,
    0x37, 0x57, 0xF7, 0x25, 0x98, 0xED, 0x8B, 0x73, 0xC5, 0x88, 0xC7, 0xEC, 0x4B, 0xD8, 0x1D, 0x97,
    0x02, 0xFC, 0x31, 0xAE, 0x0E, 0x0D, 0x41, 0xD7, 0xDC, 0x1E, 0xDC, 0x8F, 0xD0, 0x7D, 0x5C, 0x12,
    0x3C, 0xC8, 0x74, 0x19, 0x74, 0xA2, 0x05, 0x02, 0x05, 0x62, 0x04, 0xC2, 0x03, 0x22, 0x03, 0x82,
    0x02, 0xE2, 0x01, 0x42, 0x01, 0xA2, 0x00, 0x02, 0x00, 0x9E, 0xFD, 0x3C, 0xF6, 0xCF, 0xE2, 0xC4,
    0x6F, 0xE3, 0x79, 0xE8, 0x8A, 0xE5, 0x39, 0xFF, 0xB5, 0xC3, 0xFF, 0xC9, 0x38, 0x04, 0xCC, 0x48,
    0xF8, 0x18, 0x88, 0xC1, 0x70, 0x6C, 0xA7, 0x1B, 0x14, 0xE0, 0xB9, 0xC6, 0x3C, 0xA7, 0x19, 0xDD,
    0x12, 0x6B, 0x44, 0xD3, 0xF1, 0xC8, 0xF4, 0x46, 0x0F, 0xAF, 0xDA, 0x1B, 0x3D, 0xB3, 0x60, 0x56,
    0x52, 0x34, 0xE3, 0xCC, 0x98, 0xE3, 0xC6, 0x01, 0xCC, 0x86, 0xDB, 0x46, 0xB2, 0x68, 0x75, 0x0D,
    0x04, 0x4D, 0x52, 0x48, 0x7F, 0x53, 0xA7, 0x3E, 0x6F, 0x78, 0x03, 0x3F, 0x66, 0xAD, 0xC8, 0xB5,
    0x56, 0x73, 0x51, 0xDC, 0xE8, 0x52, 0xA2, 0x1B, 0x15, 0x7F, 0x91, 0x5F, 0x25, 0xED, 0x14, 0x7D,
    0x4D, 0x96, 0x67, 0xC2, 0x14, 0xAF, 0xC7, 0x44, 0x26, 0x73, 0x3D, 0xBA, 0x02, 0xC1, 0x60, 0x30,
    0x10, 0x8D, 0x46, 0x10, 0x8E, 0x52, 0x18, 0x0F, 0x0D, 0x88, 0xC1, 0x01, 0x1B, 0xA4, 0xCF, 0xA2,
    0xEC, 0x59, 0xC9, 0x33, 0xB9, 0x73, 0x4D, 0xA2, 0xD4, 0x92, 0x39, 0xB7, 0x4A, 0x9C, 0x95, 0x37,
    0x27, 0x2D, 0x6D, 0x03, 0xAB, 0xA4, 0x59, 0x39, 0xB3, 0x52, 0x66, 0x65, 0xCC, 0x4A, 0x98, 0x95,
    0x2F, 0x2B, 0x5D, 0x56, 0xB6, 0x4C, 0xB2, 0xAC, 0x5C, 0x59, 0xA9, 0xB2, 0x32, 0x65, 0x25, 0xCA,
    0xC6, 0x93, 0xDF, 0x50, 0x27, 0x6C, 0x61, 0xA5, 0xBA, 0xB0, 0x84, 0x0B, 0x6B, 0x65, 0x46, 0xC1,
    0x9D, 0x05, 0xD4, 0x59, 0xC0, 0x9C, 0x79, 0xBE, 0x92, 0x37, 0x17, 0xA4, 0xCD, 0x19, 0x0C, 0x49,
    0x33, 0x39, 0x33, 0x29, 0x33, 0x19, 0x33, 0xD8, 0x32, 0xCC, 0x9C, 0x8B, 0x0D, 0xC8, 0x12, 0xD8,
    0x3B, 0xA9, 0xC9, 0x95, 0x49, 0x95, 0x3D, 0x53, 0x0E, 0x8B, 0xA0, 0x00, 0x7B, 0x4D, 0x31, 0xD3,
    0x1D, 0x53, 0xC1, 0x8C, 0x0F, 0x90, 0xD7, 0xB0, 0x3A, 0x89, 0x36, 0x48, 0xA5, 0xE7, 0x64, 0xD2,
    0x3D, 0x89, 0x74, 0x41, 0x1E, 0xCD, 0x67, 0xBE, 0xC0, 0xC8, 0x8F, 0x25, 0x56, 0xDB, 0xC0, 0x2A,
    0x85, 0x56, 0x06, 0xAD, 0x04, 0x3A, 0xA3, 0x55, 0xFA, 0xAC, 0xEC, 0x59, 0xC9, 0xB3, 0x72, 0xE7,
    0x29, 0x2D, 0x99, 0xB3, 0x12, 0x67, 0x12, 0x59, 0x4F, 0x9B, 0xC9, 0x9A, 0x49, 0x9A, 0x95, 0x33,
    0x2B, 0x65, 0x36, 0x9E, 0xB4, 0x29, 0xEF, 0x2B, 0x37, 0x52, 0x56, 0x14, 0x39, 0xBF, 0xF8, 0xFD,
    0x20, 0x8F, 0x26, 0x8D, 0x0E, 0x81, 0x5D, 0x98, 0x22, 0xC1, 0xA1, 0x0B, 0x92, 0x67, 0x1A, 0x6E,
    0x5A, 0x66, 0x59, 0x4D, 0xB1, 0x95, 0xE8, 0xD7, 0xC9, 0x9D, 0x49, 0x9D, 0xC9, 0x9C, 0x95, 0x38,
    0x93, 0x37, 0x2B, 0x6D, 0x56, 0xD6, 0xFC, 0xEC, 0x15, 0xCC, 0x6D, 0xCE, 0xF0, 0x9E, 0xBB, 0xF5,
    0xAE, 0xF8, 0xF1, 0x72, 0xB0, 0x8D, 0x95, 0xCC, 0x95, 0xB9, 0xA0, 0xBD, 0x11, 0xD5, 0xA7, 0x21,
    0xB0, 0x81, 0x73, 0x95, 0x84, 0x30, 0x36, 0x24, 0x6A, 0x32, 0xEC, 0x99, 0xBC, 0x80, 0x11, 0x09,
    0xCA, 0x27, 0xD7, 0x19, 0x62, 0x09, 0xDE, 0x33, 0x80, 0xC3, 0x3C, 0x82, 0x58, 0xC1, 0x8E, 0x79,
    0x98, 0xBD, 0x8E, 0xEB, 0xAD, 0x88, 0xEC, 0x8A, 0x56, 0xAF, 0x9F, 0x91, 0xE2, 0x64, 0x07, 0x5A,
    0x87, 0xF1, 0x63, 0x91, 0x81, 0x91, 0x86, 0x8F, 0xDC, 0x9E, 0x9B, 0xA2, 0xD1, 0x8E, 0x61, 0xA2,
    0xFA, 0x95, 0x75, 0x86, 0xFC, 0x09, 0x8A, 0x10, 0x09, 0x76, 0x97, 0x8C, 0x3E, 0x24, 0x25, 0x74,
    0x25, 0x0F, 0x01, 0x86, 0x5C, 0x4E, 0x75, 0xC8, 0x1B, 0x08, 0x77, 0xBB, 0x29, 0x92, 0xF8, 0x9E,
    0xD7, 0xAF, 0xCE, 0x6C, 0x8B, 0x85, 0xBC, 0xA0, 0x59, 0x77, 0xC8, 0x9F, 0x2F, 0x3C, 0x6C, 0xF2,
    0x8B, 0x3C, 0x6C, 0x55, 0x83, 0x63, 0xC8, 0x9F, 0x39, 0xCD, 0x21, 0xD7, 0x94, 0xBC, 0x67, 0x00,
    0x5A, 0x19, 0x04, 0x78, 0x50, 0x73, 0x46, 0x24, 0x62, 0xB4, 0x61, 0xC2, 0x26, 0x5D, 0x5F, 0xC8,
    0x39, 0xB2, 0x05, 0x13, 0x5E, 0x54, 0xA7, 0x6D, 0xC4, 0x50, 0x85, 0xBD, 0xAA, 0x00, 0xC1, 0xC0,
    0xF7, 0x0D, 0x37, 0x88, 0xFB, 0x51, 0x3F, 0xEA, 0xA2, 0x2E, 0xAD, 0x47, 0x6D, 0x5E, 0x26, 0x4D,
    0x2E, 0x69, 0x35, 0x91, 0xBC, 0xC8, 0x81, 0xFB, 0x7E, 0xDD, 0x49, 0xE2, 0x28, 0xA1, 0x52, 0xCD,
    0xC5, 0x61, 0x40, 0x44, 0x86, 0xC3, 0x80, 0x59, 0x8B, 0xE3, 0xFF, 0x65, 0x1B, 0xFE, 0x30, 0x83,
    0x4D, 0x68, 0x2F, 0x87, 0xED, 0xC3, 0xE0, 0xD8, 0x20, 0x66, 0x4C, 0x9B, 0x0C, 0x06, 0x8C, 0x89,
    0x8B, 0x09, 0x8B, 0x89, 0x8A, 0x0D, 0x14, 0x13, 0x13, 0x13, 0x12, 0x13, 0x11, 0x1B, 0x20, 0xE6,
    0x04, 0x2A, 0x1C, 0x56, 0x34, 0xAC, 0x60, 0x58, 0xB1, 0xB0, 0x42, 0x61, 0x45, 0xC2, 0x2D, 0xAC,
    0xE2, 0x60, 0x85, 0xC1, 0x4B, 0x14, 0x1C, 0x52, 0x2E, 0x84, 0x11, 0x1B, 0xA3, 0xFA, 0x32, 0xB0,
    0xDC, 0x64, 0x69, 0xC2, 0xE2, 0xB9, 0x75, 0xC2, 0x61, 0x06, 0x97, 0xA2, 0x17, 0x36, 0x8B, 0x05,
    0xD7, 0x64, 0x9E, 0xE1, 0x21, 0x7B, 0xF6, 0x04, 0x07, 0xB7, 0x5A, 0x0D, 0xAE, 0x9C, 0x11, 0x43,
    0xE0, 0x30, 0xA9, 0xAC, 0x31, 0xB8, 0x2B, 0xB8, 0xA4, 0xB3, 0x8C, 0x22, 0x8F, 0x1C, 0xA1, 0x53,
    0xE1, 0x5E, 0xC2, 0xD9, 0xF2, 0x42, 0xC6, 0x73, 0x3D, 0xBA, 0xE4, 0xA7, 0x83, 0x84, 0xCC, 0x5E,
    0x7F, 0x59, 0x5E, 0x44, 0x1F, 0xF4, 0x12, 0x52, 0x39, 0x7C, 0xAD, 0x13, 0x8E, 0x4D, 0x0F, 0x77,
    0xC7, 0x1E, 0xB7, 0x77, 0x48, 0x4C, 0x8C, 0x7E, 0x72, 0xEF, 0x4A, 0x81, 0xA5, 0x56, 0x25, 0xCE,
    0x91, 0xA1, 0x48, 0xF2, 0x09, 0x3F, 0xB9, 0xE4, 0x19, 0xE5, 0xF4, 0xD6, 0x8C, 0x17, 0x01, 0x43,
    0xCF, 0xC9, 0x52, 0xCE, 0xE2, 0xA5, 0x20, 0xC6, 0x8E, 0x02, 0x9B, 0x8C, 0xC9, 0x27, 0xCE, 0x8B,
    0x74, 0x22, 0x73, 0x0A, 0x34, 0x2D, 0x35, 0xB6, 0x1E, 0x9C, 0x0F, 0x22, 0x5B, 0x07, 0xD6, 0x67,
    0x4E, 0x70, 0x60, 0x62, 0xF8, 0x08, 0xCE, 0xC9, 0xEA, 0x18, 0xB9, 0x3A, 0x5D, 0x88, 0xE4, 0xEF,
    0xEC, 0xCF, 0x27, 0x08, 0x7A, 0xDE, 0x26, 0x75, 0xD4, 0x4B, 0x5A, 0x25, 0x35, 0x6B, 0x6A, 0x49,
    0x4D, 0x92, 0x91, 0x56, 0x59, 0x25, 0x0B, 0xC5, 0xE9, 0xF3, 0xE0, 0xF0, 0xA2, 0x08, 0xE6, 0x57,
    0x3B, 0x99, 0x30, 0x33, 0x62, 0x6A, 0xF6, 0x0B, 0x6A, 0xC2, 0x94, 0x86, 0xB5, 0xBA, 0x30, 0xD1,
    0x05, 0x99, 0xCB, 0x8B, 0x83, 0x3C, 0x29, 0x79, 0x75, 0xDD, 0xC9, 0x58, 0x52, 0xD7, 0x00, 0x58,
    0x8E, 0x5C, 0x11, 0x23, 0x18, 0x67, 0x4D, 0xB6, 0x21, 0x29, 0xE7, 0x46, 0x98, 0xFD, 0x09, 0x12,
    0xCD, 0x00, 0xD6, 0x9D, 0xD6, 0xA8, 0x30, 0x4C, 0x0A, 0xCC, 0xF7, 0x02, 0x69, 0x3A, 0x52, 0x6E,
    0xC4, 0x60, 0x27, 0x2D, 0x03, 0x53, 0x1B, 0xE2, 0x90, 0x5C, 0x6D, 0xB9, 0xB4, 0x99, 0x6B, 0xF3,
    0x02, 0xFC, 0x6E, 0x52, 0x08, 0x1F, 0x59, 0x49, 0x84, 0xDC, 0x5E, 0x1C, 0x7A, 0x81, 0x14, 0x99,
    0x55, 0x58, 0x4D, 0x49, 0x4B, 0x6D, 0x62, 0xC0, 0xF2, 0x0B, 0xDC, 0x7D, 0xB0, 0xBC, 0xD4, 0x51,
    0xB8, 0x7B, 0xD6, 0x6F, 0x35, 0x15, 0xDC, 0xF9, 0x87, 0xC9, 0xA1, 0x9D, 0x5E, 0x6D, 0x6A, 0x09,
    0x3B, 0x6C, 0x83, 0x51, 0x03, 0x9B, 0x54, 0x66, 0x91, 0xA6, 0x1B, 0xD8, 0xB8, 0x86, 0x4D, 0xC1,
    0xDA, 0x6B, 0x6A, 0x78, 0xC4, 0xD3, 0xE1, 0xFD, 0xC2, 0x76, 0xC2, 0x98, 0x76, 0xAB, 0xE0, 0xE3,
    0x92, 0x54, 0xA5, 0x9C, 0xA0, 0xE9, 0xCC, 0x95, 0x12, 0xD7, 0x70, 0x2A, 0xE3, 0xD6, 0xBB, 0x2C,
    0xB9, 0x5B, 0x1C, 0xDA, 0x73, 0x77, 0xFE, 0x88, 0xE5, 0x90, 0x52, 0x84, 0x9D, 0xF2, 0x6C, 0x42,
    0x99, 0x64, 0xB6, 0x30, 0xFA, 0x20, 0xCA, 0x1F, 0x94, 0x40, 0x28, 0x83, 0x50, 0x0A, 0x61, 0x1C,
    0x62, 0xED, 0xD1, 0x0E, 0x0F, 0x6D, 0x89, 0x33, 0xE8, 0x9F, 0x8C, 0x76, 0xC9, 0x83, 0xA5, 0x65,
    0x95, 0xEE, 0x46, 0xA6, 0x72, 0xD3, 0xB2, 0x2E, 0x42, 0x7A, 0x7F, 0x42, 0x66, 0xC4, 0xEC, 0x17,
    0xCD, 0xC8, 0xE3, 0x12, 0xEA, 0x76, 0x7E, 0x45, 0xC1, 0x8F, 0x8A, 0x2D, 0xBA, 0x33, 0x59, 0xD0,
    0x31, 0x3D, 0x74, 0x45, 0xFE, 0x88, 0x5C, 0x0B, 0x01, 0x24, 0x74, 0x0D, 0x95, 0x0A, 0xAD, 0x89,
    0x85, 0x1D, 0x67, 0x31, 0xAE, 0x84, 0xE1, 0xD4, 0xEC, 0xBF, 0x4B, 0x1A, 0x11, 0xAA, 0x12, 0x92,
    0x94, 0x7C, 0xBB, 0xAC, 0x12, 0x20, 0xC3, 0x96, 0xFC, 0x6A, 0xCE, 0xB7, 0x4F, 0x1D, 0x83, 0x38,
    0xCC, 0x54, 0x40, 0xE7, 0xB4, 0x65, 0x65, 0xAE, 0xA2, 0x3E, 0xA7, 0x35, 0x67, 0x3C, 0x01, 0x3E,
    0x3A, 0xB1, 0xBD, 0xBC, 0x60, 0xF9, 0x36, 0x60, 0x59, 0x8B, 0x52, 0xC9, 0xAC, 0xA6, 0x58, 0x92,
    0xB6, 0xE4, 0xDE, 0x8F, 0x53, 0x7B, 0x86, 0x77, 0xD1, 0x67, 0x3D, 0x33, 0x58, 0x43, 0x0F, 0x7D,
    0x15, 0x31, 0xD0, 0xD4, 0xB7, 0xFC, 0xB7, 0x2E, 0x95, 0x82, 0x56, 0xC4, 0xEC, 0x16, 0xED, 0x1E,
    0xED, 0x3C, 0x00, 0xD2, 0x18, 0x02, 0xF7, 0x7B, 0xA6, 0x7C, 0x8A, 0x9C, 0xBD, 0x60, 0x6A, 0x6B,
    0xA0, 0xAA, 0xA4, 0x80, 0xBD, 0x89, 0x7B, 0x7E, 0xD6, 0xC1, 0xC9, 0xDF, 0x0C, 0xB0, 0x9F, 0xC3,
    0x26, 0xDD, 0x14, 0xB6, 0xCA, 0x05, 0xD3, 0x0C, 0x07, 0xB3, 0x52, 0xEB, 0x58, 0x09, 0x8B, 0xDB,
    0x71, 0x0B, 0x1B, 0xCD, 0x55, 0x37, 0x2C, 0x4F, 0xB6, 0xBC, 0xC2, 0x70, 0xF0, 0xFC, 0xE1, 0x1A,
    0xA3, 0x4B, 0xB4, 0x06, 0xA9, 0x55, 0xC5, 0x43, 0x41, 0x78, 0x0D, 0x2A, 0x4B, 0x86, 0x5F, 0xEA,
    0xFD, 0x13, 0x8D, 0x58, 0x3E, 0xA3, 0x69, 0xB9, 0x8F, 0x2A, 0x39, 0x1E, 0xD1, 0xD4, 0x0D, 0x6A,
    0xBF, 0x82, 0x41, 0x4E, 0x9C, 0xF3, 0x90, 0xED, 0x24, 0x05, 0x5E, 0x05, 0x6C, 0xCA, 0x97, 0x22,
    0xDD, 0x4D, 0x53, 0xAF, 0x29, 0x62, 0xAE, 0x2A, 0x60, 0xF4, 0x02, 0xFD, 0x30, 0xB4, 0x99, 0x73,
    0x2C, 0xE9, 0x63, 0x8B, 0x5D, 0x24, 0x91, 0x39, 0x2B, 0x37, 0x78, 0xCF, 0x96, 0xCE, 0x31, 0x0E,
    0xCC, 0x60, 0x3C, 0x5A, 0x70, 0xD6, 0xD3, 0x67, 0x6E, 0xF8, 0x6F, 0x3A, 0xF1, 0x7B, 0xDB, 0x42,
    0x56, 0x2F, 0xED, 0x63, 0xB4, 0x97, 0xF1, 0x39, 0x6B, 0xE4, 0xB4, 0x93, 0x42, 0x26, 0x55, 0x80,
    0x1F, 0x3F, 0xB8, 0xD6, 0x0B, 0x51, 0x39, 0x52, 0xC9, 0xEB, 0xC7, 0x75, 0x3C, 0x59, 0xD1, 0xF1,
    0x26, 0xF5, 0xA3, 0xBC, 0x88, 0x1D, 0x8B, 0xC6, 0xDE, 0xB6, 0x22, 0x9B, 0x7C, 0xDC, 0xF3, 0xCC,
    0xE7, 0xCF, 0xAC, 0x78, 0x61, 0x69, 0x5E, 0x3F, 0xDE, 0xA7, 0x2F, 0x9A, 0xB0, 0x36, 0x74, 0xA5,
    0x2E, 0x2C, 0x23, 0x33, 0x4F, 0xD9, 0x2F, 0xD2, 0xF2, 0x13, 0xDA, 0x17, 0xF8, 0x9D, 0x9B, 0xA2,
    0xE5, 0xCE, 0x60, 0x80, 0xFB, 0xAC, 0x9D, 0x1F, 0xCC, 0x4A, 0x6B, 0xE1, 0x91, 0x27, 0xA1, 0x4D,
    0xC6, 0xC5, 0x4D, 0x91, 0xE8, 0x63, 0xB0, 0x30, 0x82, 0x3F, 0xAE, 0xA6, 0xE9, 0x71, 0xE4, 0x09,
    0xD2, 0x38, 0x33, 0xC5, 0x3A, 0x65, 0x66, 0x36, 0xC5, 0x9A, 0x86, 0x4F, 0x34, 0xB5, 0x15, 0x3B,
    0x3C, 0x42, 0x14, 0xEF, 0x60, 0x5A, 0x6F, 0x46, 0xD4, 0x5C, 0xB4, 0x92, 0x4B, 0x63, 0x40, 0xDC,
    0xDF, 0xE4, 0x3B, 0x84, 0x68, 0xDB, 0xFF, 0xED, 0x62, 0xF9, 0xC7, 0x5D, 0x2C, 0x8C, 0x8F, 0x0E,
    0x0D, 0x0F, 0x87, 0x46, 0x87, 0x43, 0x83, 0xC3, 0xF1, 0x95, 0xEF, 0x57, 0xD1, 0x61, 0xE4, 0x22,
    0xF5, 0x17, 0xA3, 0x95, 0xD2, 0xA3, 0x57, 0x7C, 0x2C, 0xB5, 0xDA, 0x85, 0xF5, 0xA9, 0x58, 0x9B,
    0x8A, 0x75, 0xA9, 0x58, 0x93, 0x8A, 0xF5, 0xA8, 0x58, 0x8B, 0x8A, 0x75, 0xA8, 0x58, 0x83, 0x8A,
    0xF5, 0xA7, 0x58, 0x7B, 0x8A, 0x75, 0xA7, 0x58, 0x73, 0x8A, 0xF5, 0xA6, 0x58, 0x6B, 0x8A, 0x75,
    0xA6, 0x58, 0x63, 0x8A, 0xF5, 0xA5, 0x58, 0x5B, 0xCA, 0x31, 0x06, 0xF9, 0xA6, 0x81, 0x67, 0x6E,
    0x2D, 0x7A, 0x61, 0xF9, 0xF0, 0x1B, 0x72, 0x3A, 0x40, 0x75, 0xB8, 0x23, 0xC2, 0xE8, 0x59, 0x92,
    0x26, 0x46, 0x94, 0x9E, 0xCE, 0xD5, 0x72, 0x5A, 0x40, 0x35, 0xC1, 0x31, 0xE5, 0x7C, 0x16, 0x08,
    0x0F, 0x3F, 0x63, 0xA4, 0x16, 0x3E, 0x94, 0xEC, 0x12, 0xAC, 0x75, 0xC6, 0x78, 0x1F, 0xE6, 0x47,
    0xEF, 0x73, 0xC4, 0x8E, 0x41, 0x5E, 0x75, 0x3E, 0xC8, 0xEC, 0x99, 0x2C, 0xFC, 0x95, 0xA6, 0xFE,
    0xF8, 0xC1, 0x95, 0x2B, 0x33, 0x7F, 0x4C, 0xBA, 0x05, 0xD9, 0xF3, 0x21, 0x8B, 0xBF, 0x32, 0x97,
    0xC9, 0x03, 0xBD, 0xD7, 0x9C, 0x16, 0xDB, 0x6F, 0x80, 0xD5, 0xDD, 0xC7, 0x3B, 0x72, 0xF3, 0xF9,
    0x32, 0x20, 0x91, 0x80, 0x76, 0x54, 0xB6, 0xB0, 0xBA, 0xD5, 0x99, 0xC9, 0x17, 0xBC, 0x9A, 0x03,
    0x5B, 0x13, 0xC0, 0x0F, 0x0A, 0xAF, 0xC3, 0xF9, 0xD5, 0x76, 0x59, 0x8E, 0x9C, 0x98, 0x98, 0x12,
    0xF8, 0x6D, 0x47, 0x77, 0x94, 0xB0, 0x87, 0xB3, 0x8F, 0x18, 0x86, 0xE4, 0xC3, 0x7B, 0x98, 0xAB,
    0xE4, 0xB7, 0x84, 0xED, 0x69, 0xAF, 0x4E, 0x36, 0x84, 0xED, 0x79, 0xA5, 0x6F, 0xA5, 0xBE, 0x69,
    0x00, 0x26, 0xEA, 0xFD, 0x54, 0x1D, 0x5E, 0xE8, 0xAA, 0xD0, 0x66, 0xB0, 0x60, 0xA0, 0x4F, 0x21,
    0xB7, 0x15, 0xE3, 0xC6, 0x67, 0xE3, 0x07, 0x51, 0xCB, 0x2F, 0x8E, 0x34, 0x9B, 0x70, 0x31, 0x23,
    0x33, 0x91, 0x2B, 0x24, 0x35, 0x31, 0x48, 0xF2, 0x39, 0x97, 0x53, 0xBA, 0x28, 0x6C, 0x3D, 0x6B,
    0x6C, 0xED, 0x8D, 0x31, 0x60, 0x18, 0x38, 0x1C, 0x0C, 0xDD, 0xF6, 0x1A, 0x0D, 0xC7, 0x7B, 0x2B,
    0xED, 0x21, 0xF9, 0xB1, 0x7E, 0x5C, 0x55, 0x59, 0x39, 0x6A, 0x79, 0x78, 0xF8, 0xDE, 0x0F, 0xDF,
    0xFA, 0xE1, 0x3B, 0x3F, 0x7C, 0xE3, 0x87, 0xF5, 0x7D, 0x68, 0xDB, 0x87, 0xF5, 0xD6, 0x68, 0xD3,
    0x87, 0x75, 0xD5, 0x58, 0x4B, 0x8D, 0x76, 0x7C, 0xF8, 0x66, 0x1A, 0xDF, 0x49, 0xE3, 0xDB, 0x68,
    0xAC, 0x87, 0x46, 0x1B, 0x68, 0xAC, 0x7B, 0xC6, 0xB7, 0xCE, 0xF8, 0xBE, 0x19, 0x6B, 0x9A, 0xD1,
    0x3E, 0x0F, 0x6B, 0x97, 0xF1, 0xBD, 0x32, 0xD6, 0x28, 0x23, 0x12, 0xBC, 0x7B, 0x5C, 0x5D, 0xCE,
    0x4C, 0x5D, 0x0E, 0xCB, 0xD5, 0x1E, 0x0C, 0x36, 0x60, 0xB0, 0xFB, 0x82, 0xAD, 0x17, 0xEC, 0xBB,
    0xD0, 0xA6, 0x8B, 0xA5, 0x9C, 0xB6, 0xF5, 0xB0, 0x92, 0x1C, 0x0C, 0xEC, 0xAF, 0x60, 0x73, 0x05,
    0x85, 0x37, 0xDF, 0x56, 0x11, 0xB8, 0x96, 0x0D, 0x15, 0xD6, 0x1A, 0x62, 0x49, 0xCF, 0x62, 0x7F,
    0xC9, 0x44, 0x48, 0x2D, 0xF2, 0x4A, 0x7A, 0xA7, 0x80, 0xAB, 0x51, 0xB5, 0x62, 0xB3, 0xAB, 0xF8,
    0x3C, 0x5E, 0xF0, 0x9B, 0x5F, 0x24, 0x4E, 0x46, 0xF5, 0x94, 0xB1, 0x86, 0x4D, 0x8E, 0xC8, 0x92,
    0x37, 0x56, 0x65, 0xC9, 0x91, 0xCA, 0x92, 0xDC, 0x7E, 0x17, 0x68, 0x6F, 0x70, 0x83, 0x77, 0x8F,
    0x16, 0x24, 0x91, 0x8A, 0x77, 0xB8, 0x34, 0xFD, 0xE2, 0xDB, 0xF3, 0x50, 0x30, 0x82, 0x2B, 0x3C,
    0xBA, 0x0F, 0x76, 0x91, 0xFC, 0x2E, 0x00, 0x70, 0xBE, 0xC8, 0x2B, 0x7E, 0xC6, 0xBF, 0xAE, 0x5B,
    0xA9, 0x0C, 0x3D, 0xC2, 0x88, 0x57, 0xDB, 0x00, 0x19, 0x08, 0x03, 0xDF, 0x96, 0xAF, 0xFF, 0xA3,
    0x44, 0xCC, 0xE7, 0xCB, 0xA3, 0x49, 0x64, 0x6E, 0xFA, 0x37, 0x9F, 0xC8, 0xA4, 0xE6, 0x13, 0xAA,
    0x6C, 0xFE, 0xC4, 0xBA, 0x30, 0x65, 0xE4, 0xF7, 0x92, 0x1D, 0xC0, 0xD7, 0x69, 0xFD, 0x68, 0x91,
    0x0D, 0x7F, 0x57, 0x83, 0x22, 0xBB, 0xD2, 0x28, 0xB2, 0xE4, 0xA4, 0xC8, 0x33, 0x1C, 0x17, 0xC1,
    0x1F, 0x40, 0x91, 0xA3, 0x5F, 0x80, 0x22, 0x27, 0xA4, 0xC8, 0x17, 0x48, 0x91, 0x2F, 0x92, 0x22,
    0xB7, 0xA0, 0xC8, 0x61, 0x0D, 0x72, 0x3C, 0x2A, 0x61, 0x13, 0x52, 0xE4, 0x31, 0x29, 0xF2, 0x5D,
    0x50, 0xE4, 0x57, 0x1B, 0x50, 0xE4, 0xD7, 0x2A, 0x50, 0xE4, 0xB7, 0x49, 0x91, 0xFF, 0x4C, 0x8A,
    0xDC, 0x93, 0x22, 0x2B, 0x9E, 0x20, 0x45, 0x1E, 0xDD, 0xC1, 0x51, 0x9D, 0xC8, 0x1B, 0x3E, 0x1D,
    0x30, 0xCA, 0xA6, 0xE5, 0x4F, 0x7D, 0xFF, 0x59, 0x54, 0x5B, 0xF4, 0xE5, 0x25, 0x61, 0x9E, 0x0B,
    0xDC, 0x7E, 0x2D, 0xC9, 0x81, 0x43, 0xE3, 0x56, 0x56, 0x22, 0xF2, 0x00, 0x76, 0xB3, 0x3A, 0x6A,
    0x83, 0x4F, 0x9B, 0xB8, 0x1D, 0xBD, 0xDD, 0x24, 0x4D, 0x92, 0x34, 0x49, 0x3D, 0x4E, 0x9A, 0xB4,
    0xBA, 0x9B, 0xD4, 0xD9, 0xCF, 0xEB, 0xB4, 0xCA, 0x3E, 0x2C, 0xB3, 0x2A, 0xFB, 0x25, 0x90, 0xE0,
    0x80, 0x08, 0x77, 0x32, 0x48, 0xDC, 0x02, 0xC7, 0xCD, 0xAF, 0xD5, 0x92, 0xCC, 0x16, 0x22, 0x63,
    0x20, 0x94, 0x6F, 0xFB, 0x47, 0x61, 0x0F, 0x79, 0xCD, 0x24, 0xD2, 0xE6, 0x7C, 0x1C, 0xF2, 0xF6,
    0x1B, 0x5C, 0x11, 0x9B, 0x41, 0x7D, 0x92, 0x8B, 0x51, 0xC1, 0xBB, 0xA8, 0x8D, 0x0E, 0xD8, 0x3A,
    0x5B, 0x40, 0x50, 0x19, 0x04, 0xBC, 0xB8, 0x7A, 0x5F, 0x24, 0xAC, 0xCE, 0xAF, 0x37, 0xF7, 0xDC,
    0x52, 0x22, 0x4D, 0xB2, 0x75, 0x5B, 0x7B, 0x3E, 0xB1, 0x4A, 0xDF, 0x92, 0xB7, 0x4E, 0x72, 0x00,
    0x45, 0x36, 0x80, 0x1A, 0x1C, 0x68, 0x27, 0x52, 0xF6, 0xA8, 0xDC, 0xC4, 0x32, 0x3C, 0xB3, 0xC6,
    0xD8, 0x85, 0x3B, 0x5F, 0x27, 0x92, 0x64, 0x56, 0xE2, 0x54, 0xCA, 0x4D, 0x02, 0x8D, 0x34, 0x20,
    0x05, 0x2F, 0xAF, 0xAF, 0xCA, 0xBA, 0x24, 0xD8, 0xB4, 0x81, 0xA6, 0xE5, 0x41, 0xC2, 0x46, 0x02,
    0x26, 0xE4, 0xF0, 0xD0, 0x56, 0x8C, 0x2E, 0xEE, 0x69, 0xC9, 0x82, 0x96, 0x88, 0xB4, 0x10, 0x21,
    0x57, 0x12, 0x4D, 0xC5, 0x9A, 0x75, 0x33, 0xB5, 0x0F, 0x09, 0xAB, 0x13, 0x4F, 0x7A, 0x49, 0x77,
    0x11, 0xD0, 0xB9, 0xF8, 0x26, 0xEC, 0x65, 0x6F, 0x7A, 0xB8, 0x73, 0x4E, 0xC2, 0x1E, 0x11, 0x00,
    0xE8, 0x8E, 0x1A, 0x49, 0x5E, 0x6D, 0x25, 0x2A, 0x2F, 0x1E, 0xA1, 0x32, 0xB5, 0x64, 0x3F, 0x6E,
    0x65, 0x88, 0x7A, 0xE0, 0xD3, 0xB8, 0x0D, 0xFB, 0xA4, 0x8E, 0xBA, 0xAC, 0x8A, 0x5B, 0x88, 0x5A,
    0xF9, 0x3B, 0x0B, 0x99, 0xB8, 0x46, 0x66, 0xAF, 0xF3, 0x87, 0xF8, 0x9A, 0x30, 0x3D, 0x04, 0x65,
    0x56, 0xC7, 0x45, 0xEC, 0x9C, 0x04, 0xAE, 0xF7, 0x1D, 0x5A, 0x1B, 0x7C, 0x46, 0x62, 0xBC, 0xE8,
    0x40, 0xFB, 0x94, 0x2F, 0x30, 0x73, 0x3C, 0x75, 0xA2, 0xA3, 0x24, 0x72, 0xAE, 0x04, 0x32, 0xE2,
    0x43, 0x27, 0xC5, 0x79, 0x79, 0x4A, 0xFE, 0xF7, 0xCB, 0x88, 0x10, 0x13, 0x02, 0x16, 0xD1, 0x56,
    0xDC, 0x30, 0x1B, 0x20, 0x19, 0x84, 0xF5, 0xF9, 0x23, 0x71, 0xD1, 0x56, 0x7F, 0xE2, 0x6E, 0x5F,
    0xCC, 0xA7, 0xE8, 0xC2, 0x48, 0x30, 0x02, 0x78, 0xC5, 0x2A, 0x16, 0xF0, 0x45, 0x8E, 0xB2, 0xD2,
    0x98, 0xA8, 0x2C, 0x84, 0xB7, 0x09, 0x16, 0x04, 0xDF, 0x64, 0x1B, 0x6F, 0x3E, 0xBE, 0x2D, 0xF9,
    0xA8, 0x95, 0xF4, 0xFB, 0xBD, 0xC4, 0xD5, 0xAE, 0x84, 0xED, 0x2B, 0x22, 0x77, 0x63, 0xF9, 0x52,
    0x9A, 0x1F, 0xD9, 0x9A, 0x22, 0x33, 0x78, 0x71, 0xC0, 0x1E, 0x8C, 0x44, 0x64, 0x24, 0xA3, 0x13,
    0xD0, 0x02, 0x2A, 0xDF, 0x2D, 0x22, 0xD7, 0x24, 0xF7, 0xDB, 0x4D, 0xF9, 0xDE, 0xCB, 0xF2, 0xB2,
    0xB9, 0x7E, 0x8D, 0xEC, 0x27, 0x6E, 0xE0, 0x36, 0x1B, 0x95, 0x71, 0x7F, 0x76, 0x26, 0x4B, 0xCE,
    0xFB, 0x6A, 0x37, 0xF2, 0x94, 0xBE, 0x4E, 0xA0, 0x0C, 0xD1, 0x51, 0x4D, 0xF3, 0x81, 0x26, 0x87,
    0x29, 0x42, 0xA6, 0x99, 0x5E, 0xE2, 0xB2, 0x17, 0xE6, 0xFA, 0x13, 0xDF, 0xE4, 0x49, 0x27, 0xBC,
    0x0F, 0x7B, 0x3C, 0xAB, 0xA2, 0x96, 0x0E, 0xF0, 0xF9, 0xD7, 0xD9, 0xE4, 0x29, 0xE7, 0xC8, 0x82,
    0x1C, 0xA7, 0xFC, 0x3E, 0x55, 0x43, 0x32, 0xB3, 0x17, 0xE4, 0x85, 0x53, 0x10, 0x46, 0x66, 0x12,
    0xA6, 0x12, 0xE6, 0x12, 0x26, 0x13, 0x66, 0x93, 0xB5, 0x45, 0x90, 0x29, 0x5F, 0x34, 0xE9, 0x0B,
    0xD3, 0x3E, 0x1A, 0x78, 0xB8, 0x6D, 0x8A, 0x8E, 0xCB, 0xF1, 0xE2, 0x6A, 0x2E, 0x5E, 0x6C, 0x53,
    0xF3, 0x84, 0x2B, 0x73, 0x6A, 0xFC, 0x03, 0xD4, 0xAA, 0x80, 0xBE, 0x86, 0xB4, 0x51, 0x4F, 0xDB,
    0xD1, 0xB6, 0xD8, 0x19, 0x2A, 0x11, 0xC4, 0x8D, 0x4A, 0x97, 0x00, 0xCC, 0x09, 0x19, 0x41, 0x7A,
    0xDF, 0x71, 0x4B, 0x4E, 0x60, 0x4B, 0x06, 0xB1, 0x40, 0xA0, 0x73, 0xEE, 0xD5, 0xC9, 0x52, 0xED,
    0x4C, 0x28, 0x4A, 0xC4, 0xB0, 0xB8, 0xF7, 0x86, 0xFB, 0x61, 0xB8, 0x28, 0x66, 0x6E, 0x90, 0x6B,
    0xD5, 0x99, 0xF2, 0x3D, 0x89, 0x9B, 0xB9, 0xC2, 0xBD, 0x3E, 0x2D, 0x09, 0xF5, 0x9E, 0x0E, 0x1A,
    0xA3, 0xC4, 0x7D, 0xDA, 0x66, 0xFD, 0xAC, 0x0F, 0x1F, 0x7C, 0xD4, 0x87, 0x7F, 0x2D, 0xBA, 0xF0,
    0x40, 0xB6, 0x39, 0xCF, 0xFD, 0x32, 0x35, 0x12, 0x45, 0x1C, 0x49, 0x5B, 0xE5, 0x6A, 0xDA, 0xD2,
    0x94, 0xC5, 0x34, 0x60, 0xB5, 0x81, 0xF8, 0x7E, 0x47, 0xB6, 0x0F, 0xAE, 0xCF, 0x94, 0x70, 0x82,
    0x23, 0x24, 0xC1, 0xCF, 0xB4, 0x62, 0x95, 0xDF, 0xA9, 0xE4, 0x6E, 0x58, 0xCB, 0x8E, 0xD4, 0xFF,
    0xF6, 0xE8, 0x3C, 0x4F, 0x31, 0x31, 0xFD, 0xA0, 0xA7, 0xC6, 0x3B, 0x18, 0xFE, 0x96, 0x9E, 0x2A,
    0xC5, 0xF9, 0xB0, 0x3A, 0x05, 0x3D, 0xC1, 0x01, 0xB6, 0x42, 0x30, 0xC0, 0xC1, 0x3D, 0xFC, 0x62,
    0x4E, 0x88, 0x59, 0x76, 0x4C, 0x6A, 0x6B, 0x6C, 0xD8, 0xE3, 0x8C, 0x61, 0xCE, 0x78, 0x48, 0xDD,
    0xAE, 0x00, 0x90, 0xB9, 0xA2, 0x77, 0x64, 0xE7, 0x14, 0x84, 0x71, 0x09, 0xC3, 0x67, 0x38, 0x0C,
    0x0E, 0xF6, 0xA0, 0xAD, 0x3C, 0x8D, 0xA3, 0xFC, 0xCC, 0x3A, 0x23, 0xC8, 0x01, 0x7A, 0x18, 0x1F,
    0xCC, 0x1A, 0xC9, 0x4A, 0x20, 0x77, 0x84, 0x65, 0x4F, 0x42, 0x32, 0xE6, 0x6D, 0xF8, 0x63, 0xFF,
    0x67, 0x52, 0x5F, 0x4B, 0xCC, 0xB8, 0x7C, 0x9D, 0x4F, 0xC9, 0x92, 0x0D, 0xC8, 0xBF, 0xFC, 0x92,
    0x63, 0xBC, 0x91, 0x9E, 0xF3, 0x62, 0xD7, 0x1B, 0x9E, 0xED, 0x1A, 0x87, 0xF4, 0xC1, 0xD5, 0x96,
    0x51, 0xD0, 0x20, 0xE8, 0x48, 0x0D, 0x60, 0x8C, 0xAD, 0xC3, 0xB5, 0x81, 0xB1, 0x6F, 0x6C, 0x80,
    0x88, 0x7C, 0xAB, 0x0D, 0x3A, 0x4A, 0xEA, 0x78, 0xB5, 0x87, 0x2F, 0x36, 0x24, 0x04, 0xAE, 0xD4,
    0x72, 0x6D, 0x8C, 0xDF, 0xC6, 0x3F, 0xB2, 0xEA, 0x09, 0x49, 0xAA, 0xB1, 0xC4, 0xD5, 0x25, 0xB6,
    0x34, 0xA4, 0x45, 0xF6, 0xC9, 0x54, 0x46, 0xAE, 0x33, 0x49, 0x9F, 0x90, 0x08, 0xEB, 0xB5, 0xE1,
    0xCC, 0x19, 0x7C, 0x4A, 0x1C, 0xF8, 0x54, 0x0A, 0x5B, 0x64, 0x45, 0x5E, 0xA4, 0xC5, 0x25, 0x9C,
    0x20, 0x32, 0x46, 0x02, 0x91, 0xEB, 0x32, 0x93, 0xA7, 0x4D, 0x5B, 0x9D, 0xDB, 0x8D, 0x24, 0xA0,
    0x0D, 0x69, 0x3D, 0xBE, 0xA6, 0x3D, 0x8A, 0xAF, 0xE9, 0x50, 0xA2, 0xB6, 0x36, 0x91, 0x8A, 0xD6,
    0xF0, 0x35, 0xEC, 0xFF, 0xB9, 0x7B, 0x22, 0x6C, 0x5A, 0x5A, 0x19, 0x5B, 0xB4, 0xBB, 0xB4, 0x9D,
    0x69, 0x59, 0x94, 0xE4, 0x08, 0x0D, 0xF9, 0x56, 0xA9, 0x43, 0x71, 0xC9, 0xA8, 0x06, 0xCE, 0x11,
    0x29, 0x1B, 0xA2, 0xDC, 0xC3, 0x23, 0xAF, 0x80, 0xE0, 0x8E, 0x0F, 0xCA, 0x17, 0x81, 0x70, 0x83,
    0x87, 0xC5, 0xF5, 0x59, 0x89, 0x5C, 0x47, 0xCD, 0xD7, 0xCB, 0x31, 0x23, 0x0F, 0x5C, 0x85, 0xB8,
    0x5F, 0x2E, 0xAA, 0xA2, 0x69, 0x23, 0xC3, 0x77, 0xC3, 0xC5, 0xED, 0x81, 0x35, 0x05, 0x47, 0xEF,
    0x26, 0x85, 0x64, 0x05, 0x36, 0x4D, 0x2A, 0xB0, 0xFF, 0xC3, 0x87, 0xF1, 0x51, 0x0C, 0x8E, 0x14,
    0x74, 0x26, 0x04, 0x9C, 0xFB, 0x3C, 0x3C, 0x16, 0xB0, 0xDB, 0xCA, 0x3D, 0x12, 0x8D, 0xA2, 0x31,
    0x68, 0xB3, 0xDD, 0x6A, 0x31, 0x28, 0xAB, 0x79, 0x1F, 0xDF, 0x99, 0x4E, 0x49, 0x7F, 0xB9, 0x40,
    0xE4, 0x5A, 0xCF, 0xF6, 0xDE, 0x42, 0xCB, 0x29, 0x2B, 0x23, 0xC0, 0x26, 0x8C, 0xEF, 0xCD, 0xF0,
    0xA8, 0xA8, 0x8E, 0x61, 0x86, 0x2E, 0xC1, 0x3C, 0x07, 0x43, 0x9F, 0x39, 0x3B, 0x60, 0x55, 0x2C,
    0x05, 0x6A, 0x45, 0x3A, 0xFE, 0x01, 0x7F, 0x7C, 0x30, 0x77, 0x26, 0xC7, 0xCD, 0x94, 0x1E, 0xEA,
    0x03, 0xF3, 0x19, 0xF9, 0x70, 0x94, 0x7F, 0x83, 0x59, 0xAD, 0xAB, 0x56, 0x98, 0xC3, 0x7C, 0xF3,
    0x16, 0x46, 0x1B, 0x57, 0x5A, 0x69, 0xCF, 0xBD, 0x5A, 0x2D, 0x1C, 0x19, 0x7D, 0xE4, 0xEA, 0x59,
    0x1D, 0x56, 0xDA, 0xB1, 0xC2, 0x8E, 0x95, 0x75, 0x58, 0xD4, 0xB1, 0x92, 0x8E, 0x15, 0x74, 0xB4,
    0x9C, 0x63, 0xC5, 0x1C, 0x2B, 0xE5, 0xB0, 0x90, 0x63, 0x65, 0x1C, 0xEE, 0x08, 0x4E, 0x86, 0x96,
    0x70, 0x7C, 0x01, 0x47, 0xCB, 0x37, 0x56, 0x3A, 0xB5, 0xBA, 0xA9, 0x2F, 0xDC, 0xF8, 0xB2, 0x8D,
    0x2F, 0xDA, 0x58, 0xAD, 0x24, 0xC0, 0x63, 0x35, 0x64, 0x0D, 0xC1, 0x6C, 0x9F, 0xC4, 0x61, 0xA4,
    0x29, 0x31, 0x94, 0xB0, 0xC0, 0xDA, 0x4D, 0x29, 0x35, 0xEF, 0x5A, 0xA1, 0x94, 0x19, 0x87, 0xF7,
    0xFF, 0xD7, 0xFB, 0xA1, 0x62, 0x2E, 0xF5, 0xDC, 0xC1, 0xFD, 0x16, 0x77, 0xF8, 0x1B, 0x80, 0x01,
    0x95, 0x7E, 0xA1, 0xD4, 0xAF, 0x5A, 0xBF, 0x8A, 0xFD, 0x9A, 0x44, 0x25, 0x3E, 0xF6, 0xDF, 0xCC,
    0x80, 0x8F, 0x54, 0xFC, 0x55, 0xF2, 0x57, 0x29, 0x44, 0x45, 0x7F, 0xA1, 0xEA, 0x2F, 0x5E, 0xF6,
    0x47, 0x3A, 0xFD, 0x3B, 0x9D, 0x94, 0x01, 0x84, 0x24, 0xD9, 0x19, 0xC7, 0x7F, 0x55, 0xD5, 0xDD,
    0xB5, 0x37, 0x6F, 0xBB, 0x5F, 0x63, 0x26, 0x36, 0xD9, 0x9E, 0xA9, 0xC5, 0x62, 0x33, 0xE9, 0x9E,
    0x5A, 0x34, 0x6A, 0xA3, 0x66, 0xEA, 0x09, 0x02, 0xCB, 0xA5, 0x23, 0x3B, 0x60, 0xB1, 0x4B, 0xC0,
    0xAD, 0xC4, 0x36, 0x3A, 0x31, 0x61, 0x77, 0xBB, 0xEE, 0x00, 0x10, 0x1D, 0x04, 0x80, 0xC6, 0x62,
    0xD3, 0x8B, 0xE9, 0xC4, 0x8A, 0xB9, 0x98, 0x9B, 0x2E, 0x88, 0x13, 0x81, 0x3A, 0x09, 0x8B, 0x40,
    0x89, 0x09, 0x27, 0x12, 0x0A, 0x85, 0x72, 0xD7, 0xD3, 0x2F, 0xAF, 0x76, 0xDB, 0x6E, 0xF6, 0x5C,
    0x20, 0x5F, 0xBD, 0x7A, 0x5E, 0xBF, 0xF7, 0xFD, 0xFF, 0xDF, 0xBF, 0xBF, 0xF7, 0x57, 0xBB, 0xCA,
    0x4F, 0x44, 0xEA, 0x64, 0xE4, 0xF4, 0x79, 0xE6, 0x94, 0x22, 0xF3, 0xE2, 0x7D, 0xA6, 0xB0, 0x0B,
    0x3A, 0xB6, 0x75, 0x22, 0x5E, 0xA6, 0xBE, 0x95, 0x8F, 0x18, 0x71, 0x07, 0x5C, 0x4D, 0x2A, 0x17,
    0x2F, 0x93, 0xAE, 0xD4, 0x6C, 0x5A, 0x27, 0x00, 0x91, 0x2E, 0x23, 0x5D, 0xBC, 0x59, 0x0C, 0x19,
    0x06, 0x56, 0x16, 0x1D, 0x27, 0x9E, 0x56, 0xF6, 0xE7, 0xD4, 0x88, 0x58, 0xB0, 0xA0, 0xC7, 0x0E,
    0xF3, 0xE8, 0x7B, 0xA5, 0x19, 0x7B, 0x56, 0x6E, 0x29, 0x7F, 0xB9, 0x3F, 0x6E, 0xFB, 0x1C, 0x88,
    0x52, 0x2A, 0x49, 0x0D, 0xC0, 0xBD, 0xC0, 0x3F, 0x56, 0xA1, 0x93, 0xBC, 0x1E, 0x66, 0x6D, 0x76,
    0x00, 0x9E, 0x6D, 0xC4, 0x4E, 0x19, 0xC5, 0x6E, 0x76, 0x86, 0x8C, 0x4B, 0xF6, 0x9D, 0x94, 0xB9,
    0x80, 0x09, 0x83, 0x17, 0x6E, 0xBA, 0xEF, 0x2B, 0xFF, 0x02, 0x59, 0x20, 0x32, 0x6A, 0xBD, 0x30,
    0x0C, 0x46, 0xD4, 0x2C, 0x76, 0x5C, 0xB5, 0x2D, 0xE8, 0x4A, 0x42, 0x49, 0xB0, 0x03, 0xF0, 0x41,
    0x63, 0x42, 0xE4, 0xE4, 0x78, 0x1F, 0x96, 0xB8, 0xE9, 0x29, 0x56, 0xEE, 0xC3, 0x48, 0x28, 0x80,
    0x02, 0x7B, 0x89, 0x5D, 0x32, 0x9C, 0x4E, 0x47, 0x56, 0x76, 0x70, 0x9C, 0xF8, 0x9A, 0xC6, 0x39,
    0xCC, 0x70, 0x75, 0xE2, 0x3D, 0xCF, 0x42, 0xF2, 0x3E, 0x43, 0xAE, 0x39, 0xB9, 0x21, 0xE4, 0x11,
    0x67, 0x2C, 0xE2, 0x45, 0x12, 0xC5, 0x35, 0x1A, 0x13, 0x99, 0xCB, 0xD2, 0x2D, 0x29, 0xC8, 0xAD,
    0xF4, 0x6A, 0xFC, 0x18, 0x10, 0x2A, 0x4A, 0x16, 0x89, 0x56, 0x25, 0x39, 0x2F, 0xD8, 0x47, 0xC6,
    0x96, 0xFA, 0xBA, 0xBC, 0x5D, 0xFC, 0x58, 0x26, 0xEB, 0xCE, 0xFF, 0xC6, 0x5A, 0x1A, 0xF6, 0x64,
    0x8F, 0x11, 0xDC, 0x27, 0x7F, 0x90, 0x2F, 0x32, 0x2B, 0xB5, 0x13, 0xB8, 0x41, 0xC8, 0xC1, 0x74,
    0x9C, 0xCF, 0x99, 0x03, 0x5B, 0x87, 0x44, 0x5A, 0x6D, 0xDD, 0x03, 0x09, 0x12, 0x5A, 0xB0, 0x0D,
    0x5D, 0xD8, 0xC4, 0x8E, 0x65, 0x26, 0x73, 0x27, 0x27, 0xB3, 0x13, 0x5F, 0x5D, 0x07, 0x44, 0xE2,
    0xC7, 0x01, 0x23, 0x1E, 0x11, 0xB1, 0x01, 0x8A, 0x57, 0x94, 0xD1, 0x45, 0xB4, 0xDC, 0xBA, 0x13,
    0x2D, 0xBF, 0x73, 0xEE, 0x2A, 0x81, 0x30, 0x38, 0x27, 0xBE, 0xFB, 0x57, 0x5D, 0xDE, 0x1B, 0x48,
    0xDE, 0x23, 0x5A, 0x8D, 0x57, 0xD4, 0xE8, 0x12, 0x12, 0x72, 0x44, 0xB1, 0xC8, 0x17, 0xE9, 0x37,
    0xDF, 0x6C, 0x04, 0x15, 0x57, 0x11, 0xE5, 0x0D, 0x05, 0x3E, 0x51, 0x6C, 0x1E, 0xA0, 0x67, 0x65,
    0x63, 0xA7, 0x30, 0x63, 0xDF, 0xCE, 0x00, 0xAF, 0xE4, 0xC9, 0x19, 0x2F, 0x24, 0xB9, 0x30, 0xB3,
    0x59, 0x57, 0x3B, 0x80, 0x4C, 0x3C, 0x75, 0x40, 0xC0, 0x1C, 0x05, 0x6D, 0x98, 0x43, 0x09, 0x0B,
    0xF0, 0xC1, 0x83, 0x88, 0xF1, 0x05, 0xE3, 0x0C, 0x2B, 0xAB, 0xD2, 0x4E, 0x59, 0x72, 0xC6, 0x78,
    0xE9, 0x15, 0x75, 0xB9, 0xD3, 0xEB, 0x86, 0x7C, 0x6B, 0x36, 0x9B, 0xF8, 0x5A, 0xA7, 0xD1, 0xE1,
    0xBD, 0x24, 0xC4, 0x49, 0x46, 0x38, 0xF1, 0x7D, 0x6C, 0x35, 0xBD, 0xD9, 0xC9, 0xE6, 0xC1, 0x1F,
    0x56, 0xC5, 0xD8, 0x4B, 0x81, 0xEB, 0x6C, 0xF6, 0xAC, 0x5C, 0xDE, 0x4E, 0x85, 0xAE, 0xEC, 0x63,
    0x97, 0xAF, 0x8D, 0xAC, 0xDE, 0x1A, 0x99, 0xE1, 0xDA, 0xA2, 0xCF, 0xD7, 0x16, 0xB5, 0x3E, 0x46,
    0xE8, 0xD8, 0x7F, 0x9E, 0x06, 0x64, 0x43, 0xA6, 0xFF, 0xC3, 0xE6, 0x0B, 0x9D, 0x2F, 0x74, 0xB6,
    0x75, 0x78, 0x78, 0x67, 0xAC, 0x75, 0xF9, 0x60, 0x36, 0x7B, 0x2A, 0xB5, 0x5E, 0x79, 0xE6, 0x65,
    0x1D, 0x91, 0xD6, 0xCB, 0xEA, 0x8C, 0x01, 0x88, 0x95, 0x65, 0xD8, 0x5F, 0xC6, 0x81, 0xA7, 0x69,
    0xDB, 0x05, 0x06, 0x67, 0x18, 0x34, 0xB3, 0xD9, 0x8C, 0xFA, 0xA1, 0x09, 0x15, 0x69, 0x13, 0xD9,
    0xEE, 0xCC, 0xC4, 0x04, 0x00, 0x36, 0x80, 0x05, 0x88, 0x02, 0x16, 0x0A, 0xB7, 0x80, 0x71, 0x0C,
    0x27, 0xBC, 0x8D, 0x36, 0xC0, 0x23, 0x80, 0x02, 0xB0, 0x32, 0xC0, 0x49, 0x00, 0xA1, 0x00, 0x0F,
    0x20, 0x84, 0x35, 0x24, 0x07, 0x9C, 0x14, 0x70, 0x63, 0x40, 0x02, 0xEC, 0xBD, 0x03, 0xB7, 0xFF,
    0x2F, 0x78, 0xF8, 0x46, 0x07, 0x48, 0x8C, 0x7D, 0x13, 0x3B, 0x71, 0x93, 0x48, 0x1D, 0x71, 0x05,
    0x26, 0x5D, 0xAC, 0xB4, 0xBA, 0x9C, 0xE8, 0xD7, 0x0F, 0x13, 0xD3, 0x8A, 0xD8, 0xB4, 0x49, 0x99,
    0xBF, 0x3B, 0xF0, 0xB5, 0xCE, 0x42, 0x48, 0x03, 0xAC, 0xA4, 0x8F, 0xFD, 0xE6, 0x4C, 0x7C, 0x56,
    0xF8, 0x5F, 0x2E, 0x47, 0x61, 0x67, 0x1E, 0x74, 0x80, 0x4B, 0xD7, 0x76, 0x4E, 0x44, 0xE6, 0xA5,
    0xFB, 0x79, 0x5B, 0x81, 0x9D, 0xCB, 0xD4, 0xC7, 0xC7, 0x43, 0xC6, 0x22, 0x11, 0xF1, 0x43, 0x4E,
    0x30, 0x64, 0x77, 0x0C, 0xD9, 0x85, 0xE9, 0xDB, 0x33, 0x80, 0x2D, 0x43, 0x6E, 0xC8, 0x0A, 0x43,
    0x36, 0xFD, 0x80, 0x08, 0xCF, 0x64, 0xDA, 0x19, 0x73, 0x1E, 0xC0, 0x05, 0x4E, 0x81, 0x48, 0xF1,
    0x20, 0x80, 0xD7, 0xB7, 0x62, 0x27, 0xBE, 0xFE, 0x9B, 0x0A, 0xBC, 0x15, 0x6D, 0xFB, 0xBC, 0xB2,
    0xBB, 0x8A, 0x94, 0x54, 0x92, 0x2E, 0x13, 0x00, 0x10, 0x31, 0xC8, 0x94, 0x9E, 0xFC, 0x34, 0x1E,
    0x7B, 0x3F, 0x48, 0x17, 0x7B, 0x32, 0xD9, 0xEF, 0x8A, 0x98, 0xEB, 0xB0, 0xCB, 0x98, 0x33, 0xCE,
    0xD4, 0x22, 0xF9, 0xF6, 0x3B, 0x6E, 0x0C, 0xDE, 0xBA, 0x91, 0x0D, 0x73, 0x9D, 0x95, 0x27, 0x2A,
    0x9D, 0x00, 0x95, 0xCE, 0xCA, 0x17, 0x95, 0xCE, 0x5A, 0x9D, 0x50, 0x12, 0xB6, 0x08, 0xB6, 0x19,
    0xF5, 0x98, 0x87, 0x00, 0x5B, 0x83, 0x28, 0xDF, 0xCA, 0xC9, 0xAC, 0xD4, 0x8A, 0x41, 0xC1, 0x0F,
    0x53, 0x84, 0xFE, 0xE8, 0x95, 0xCC, 0x7E, 0x64, 0x64, 0xFE, 0xFC, 0x1C, 0xA6, 0x00, 0x40, 0x03,
    0xF0, 0xE2, 0xD7, 0xEF, 0x06, 0x34, 0x9E, 0x5A, 0xF8, 0xFA, 0x36, 0xBF, 0x58, 0xAC, 0x98, 0x8A,
    0x02, 0xDA, 0xC0, 0x72, 0xFD, 0xBE, 0x00, 0x36, 0xC1, 0xD6, 0x71, 0x2E, 0x8C, 0xD0, 0xA6, 0xAB,
    0x63, 0xB8, 0xB3, 0x6E, 0x83, 0x63, 0xF8, 0xB5, 0x1A, 0x79, 0x17, 0xC0, 0x00, 0xCB, 0x62, 0xC3,
    0x8E, 0x7D, 0x9D, 0x8E, 0x75, 0xD6, 0xBB, 0xAB, 0x2E, 0xD5, 0x01, 0xC0, 0x8D, 0xBD, 0xF4, 0x61,
    0x26, 0x95, 0x87, 0xCF, 0x01, 0x8B, 0xC4, 0x2F, 0x9D, 0x95, 0x4E, 0xFD, 0xD2, 0xD5, 0x39, 0x80,
    0x5C, 0xCF, 0xFC, 0xE8, 0x8F, 0xC8, 0x01, 0xBF, 0xFB, 0x25, 0x75, 0x5A, 0x30, 0x87, 0xF7, 0xE0,
    0x3E, 0x5C, 0xAB, 0x16, 0x83, 0x21, 0xB4, 0xEA, 0xEB, 0xCC, 0x09, 0x38, 0x32, 0x4F, 0xC1, 0x5D,
    0x63, 0xA7, 0xD5, 0xE9, 0x06, 0x43, 0x68, 0xAE, 0x51, 0x6B, 0x06, 0x7E, 0xFB, 0x3E, 0xE4, 0xFC,
    0xF8, 0x4F, 0xC8, 0xFF, 0xAE, 0xA5, 0x2B, 0x0D, 0xFA, 0xB5, 0x86, 0x98, 0x12, 0x3F, 0x75, 0x72,
    0x2F, 0xFB, 0x84, 0x14, 0xD6, 0x9F, 0xBB, 0x90, 0x23, 0x42, 0x7C, 0x04, 0x80, 0xAD, 0x2B, 0xC8,
    0xC1, 0xF7, 0xB3, 0x23, 0xF2, 0x76, 0x3E, 0x70, 0x4A, 0xCC, 0xB0, 0xA6, 0x40, 0x18, 0xF8, 0x85,
    0x48, 0x65, 0xBE, 0x7F, 0x72, 0xFD, 0x3A, 0x97, 0x38, 0xBD, 0x5A, 0x8C, 0xE3, 0x28, 0xB3, 0x97,
    0x74, 0xDA, 0x3C, 0xC6, 0x3F, 0x77, 0x96, 0x5E, 0xF9, 0x44, 0xDD, 0x47, 0xB1, 0xC9, 0xC7, 0x84,
    0x44, 0xD9, 0x63, 0xDC, 0x42, 0xE3, 0xE5, 0x5F, 0xAA, 0x4F, 0xEC, 0xBF, 0xC4, 0x53, 0xE7, 0xA3,
    0xE4, 0xAB, 0xFE, 0xAF, 0x11, 0x31, 0x56, 0x63, 0xD5, 0x03, 0xA8, 0x1D, 0xB1, 0x73, 0x13, 0xF7,
    0x79, 0xB2, 0xFB, 0x45, 0x7C, 0xF0, 0x6F, 0xF8, 0xB3, 0xB2, 0x3F, 0x03, 0x68, 0xFC, 0xEA, 0x29,
    0xBE, 0xBE, 0x20, 0x38, 0x90, 0x8C, 0x3A, 0x82, 0xA3, 0x9E, 0xE0, 0x60, 0x71, 0x86, 0xF8, 0x7B,
    0x09, 0x74, 0xAB, 0x52, 0xE5, 0xB8, 0x60, 0x4E, 0x0E, 0xEB, 0x18, 0x01, 0xD8, 0x49, 0x0F, 0x40,
    0x22, 0x63, 0xB0, 0x4E, 0xB1, 0x57, 0x83, 0xFA, 0x71, 0x06, 0x63, 0xE3, 0x35, 0xC0, 0x3A, 0xFE,
    0x62, 0x00, 0x53, 0x00, 0x3B, 0x3E, 0x02, 0x90, 0xEC, 0x01, 0x9C, 0x22, 0xCE, 0xE1, 0x6A, 0x86,
    0xA5, 0x4D, 0x28, 0x10, 0x5A, 0x4F, 0x79, 0x37, 0xA2, 0xEA, 0x28, 0x1E, 0xAF, 0x13, 0x00, 0x5E,
    0xAD, 0x59, 0x54, 0x73, 0xE5, 0x50, 0xE0, 0x8A, 0xAD, 0xF5, 0x39, 0x1C, 0xC9, 0x7F, 0x1E, 0xEB,
    0x7F, 0x7C, 0x23, 0xEF, 0xC1, 0x43, 0x83, 0xE9, 0x03, 0x0F, 0x3E, 0xA7, 0xFA, 0xF1, 0x14, 0xF0,
    0x2A, 0x1E, 0xAC, 0xD5, 0x84, 0xBB, 0x25, 0x22, 0x05, 0x9E, 0xD0, 0x03, 0x10, 0x6A, 0x08, 0x60,
    0x27, 0x5F, 0xFD, 0x96, 0x71, 0x83, 0xAA, 0xD6, 0x05, 0x55, 0xAD, 0x15, 0x87, 0x26, 0x4E, 0x00,
    0x18, 0x00, 0x00, 0xF6, 0x8C, 0x66, 0x8B, 0x6E, 0x93, 0x7E, 0x87, 0x61, 0x97, 0xE1, 0x11, 0xB7,
    0x7E, 0x4A, 0xAD, 0x46, 0x63, 0xDE, 0x09, 0xFA, 0xFD, 0xDF, 0xA7, 0x05, 0x73, 0x6E, 0x4D, 0xEA,
    0xD8, 0xB8, 0xC0, 0x1E, 0x4D, 0x2E, 0xD3, 0xE1, 0x06, 0x01, 0xB7, 0xA8, 0x61, 0x9F, 0x34, 0x5B,
    0x81, 0xE8, 0x8B, 0x61, 0x6B, 0xD8, 0x09, 0x46, 0x75, 0xD5, 0x6B, 0x70, 0x79, 0x83, 0x4E, 0x93,
    0x1B, 0x97, 0xE9, 0x77, 0xE9, 0x3F, 0xE2, 0xBB, 0x86, 0xAD, 0x4E, 0xE3, 0x45, 0xA7, 0xDB, 0x67,
    0x4E, 0xF5, 0xDC, 0x9A, 0xD6, 0x15, 0x42, 0xE1, 0x28, 0x5C, 0xEC, 0xE3, 0xAF, 0x2F, 0xEF, 0x81,
    0x80, 0x0D, 0x68, 0x3E, 0xA2, 0xF5, 0x3E, 0xDB, 0x4D, 0xBA, 0x97, 0x09, 0x3A, 0x15, 0xE9, 0xB0,
    0x47, 0xBB, 0xCE, 0x4F, 0x4E, 0x1F, 0xB3, 0xD3, 0xBA, 0x4D, 0xB7, 0xD5, 0x32, 0xFB, 0x06, 0x6F,
    0x2A, 0x0E, 0x4D, 0xC2, 0xBC, 0xBF, 0xAD, 0x54, 0x75, 0x7E, 0xB2, 0x73, 0x65, 0x9B, 0x2E, 0x01,
    0x7D, 0x86, 0xB4, 0xB1, 0x78, 0x8F, 0x28, 0xAE, 0x94, 0xF7, 0xB9, 0xC9, 0x90, 0x9F, 0xB1, 0xC9,
    0x8D, 0x66, 0x47, 0x34, 0x1B, 0xCD, 0x4B, 0xAD, 0x2B, 0xE2, 0x9A, 0x1B, 0x5B, 0xB8, 0x1F, 0x4E,
    0xAC, 0x4F, 0xE1, 0x5F, 0x30, 0x84, 0x13, 0x9C, 0x2E, 0xDB, 0x2D, 0x36, 0xEB, 0xFC, 0x07, 0xE4,
    0x7B, 0x0F, 0xA8, 0xE5, 0xC6, 0x75, 0xFE, 0x27, 0xC9, 0x59, 0xFD, 0x7E, 0x16, 0x58, 0x06, 0x9C,
    0xB6, 0x64, 0xF1, 0xCA, 0x40, 0x81, 0xD4, 0xF6, 0xAE, 0x0A, 0x84, 0xD6, 0xD0, 0xB7, 0x3B, 0xE3,
    0x14, 0x08, 0x50, 0x68, 0x17, 0xF0, 0xDB, 0x00, 0x06, 0xCC, 0x7F, 0x68, 0x43, 0x79, 0xFC, 0x31,
    0xED, 0x52, 0xD6, 0x4F, 0x72, 0x03, 0x0D, 0x50, 0x20, 0x5B, 0x68, 0x1A, 0xA8, 0xA1, 0x35, 0x10,
    0x20, 0xF1, 0x42, 0xD6, 0x2D, 0x0B, 0x35, 0xF0, 0xF6, 0x4A, 0x21, 0x40, 0xF8, 0x8F, 0xD2, 0x02,
    0x01, 0x0A, 0x44, 0x49, 0xD6, 0x49, 0x88, 0x01, 0xAB, 0x89, 0x4C, 0xF4, 0x36, 0x92, 0xA6, 0xFA,
    0x3E, 0x0D, 0xE2, 0xEE, 0x63, 0xD3, 0x84, 0xA6, 0x6E, 0x9D, 0xF6, 0xE2, 0x7B, 0xCE, 0xEC, 0xBB,
    0xF7, 0xCE, 0x7C, 0xE7, 0xCC, 0x39, 0x67, 0xBE, 0x99, 0x91, 0x81, 0xF0, 0x75, 0x60, 0x91, 0x03,
    0x25, 0x46, 0xC9, 0x2B, 0x92, 0xA9, 0x64, 0x6C, 0xA5, 0xB6, 0x57, 0xEE, 0x9C, 0xEB, 0xF0, 0x8C,
    0x24, 0x26, 0x44, 0x8B, 0x1C, 0x11, 0xB4, 0x08, 0x16, 0xD9, 0x20, 0x1C, 0x11, 0xD6, 0x88, 0xD4,
    0x59, 0xD4, 0x4B, 0x76, 0xEA, 0x45, 0x32, 0x79, 0xEF, 0xF0, 0x2A, 0x90, 0x3A, 0xD7, 0x2E, 0xF2,
    0xED, 0x43, 0x0B, 0x64, 0x35, 0x00, 0x2F, 0xF3, 0x92, 0xD2, 0x58, 0x49, 0x0A, 0x14, 0xC0, 0x63,
    0x40, 0x05, 0x5C, 0x04, 0x66, 0xE0, 0x80, 0x03, 0x62, 0xC4, 0x79, 0xE7, 0xDC, 0x80, 0x6A, 0x91,
    0x1C, 0x21, 0xC0, 0x23, 0xEC, 0xBA, 0xC9, 0x2D, 0x90, 0xB6, 0xC6, 0xB2, 0x6D, 0xF8, 0x77, 0xFB,
    0xC8, 0x07, 0x1A, 0x79, 0xBA, 0x48, 0x57, 0x66, 0xAB, 0xB4, 0xC6, 0x66, 0xF6, 0x22, 0x0A, 0xA4,
    0x38, 0x40, 0xB5, 0xC8, 0xE7, 0xB0, 0x5B, 0xE4, 0x53, 0x98, 0xF0, 0xFF, 0xE1, 0xA7, 0x25, 0x90,
    0x0C, 0x25, 0xA3, 0xD9, 0x4D, 0x8B, 0x74, 0xCE, 0x09, 0x73, 0xD1, 0x12, 0x67, 0xD2, 0x23, 0x69,
    0xF9, 0xCF, 0xB4, 0x41, 0x34, 0x7A, 0x99, 0xE9, 0x0B, 0xF9, 0x22, 0x7B, 0xE2, 0x8C, 0x3B, 0xE2,
    0x4C, 0x5B, 0x14, 0x16, 0xA6, 0xFC, 0x15, 0x77, 0x2F, 0x99, 0x61, 0xDC, 0x94, 0xB6, 0x82, 0xFD,
    0x87, 0xDB, 0x38, 0xDE, 0xFA, 0x64, 0xB5, 0x92, 0x02, 0x1F, 0xA3, 0x38, 0xE3, 0xCF, 0x56, 0xFE,
    0x6C, 0x69, 0x5E, 0xD2, 0x10, 0x67, 0x54, 0x23, 0x90, 0x0C, 0x29, 0x39, 0x74, 0x68, 0x1F, 0xE6,
    0x4F, 0x49, 0x8D, 0x4A, 0x9C, 0xF8, 0x0F, 0xFC, 0x29, 0x59, 0x50, 0xA0, 0x92, 0x9C, 0x37, 0xB9,
    0xF8, 0xF3, 0xAF, 0xF9, 0x67, 0x37, 0x62, 0x7B, 0x65, 0xEE, 0x26, 0x42, 0x77, 0x7B, 0x40, 0xDA,
    0x86, 0x13, 0xAD, 0x9C, 0xE9, 0xFA, 0x89, 0x13, 0x7B, 0x47, 0xA3, 0x6A, 0xD0, 0x9C, 0xE3, 0x18,
    0x8A, 0xA2, 0x54, 0x0F, 0xAE, 0xA1, 0xA8, 0xE1, 0x00, 0x3C, 0x54, 0x54, 0x58, 0xBF, 0x1C, 0xF0,
    0x67, 0x29, 0xD2, 0x1E, 0x77, 0xE9, 0xFF, 0x81, 0x3F, 0x2E, 0x81, 0xE0, 0xEA, 0x86, 0xA0, 0x9A,
    0x81, 0xF8, 0x7E, 0x55, 0x23, 0xAD, 0xD3, 0x0E, 0x86, 0x16, 0x17, 0x88, 0x5A, 0xEC, 0x10, 0x96,
    0xA8, 0xF6, 0xFA, 0x22, 0x84, 0x96, 0x90, 0x07, 0xFA, 0xC5, 0x59, 0x20, 0xA0, 0x2B, 0x61, 0x06,
    0x7A, 0x88, 0x36, 0x85, 0xB2, 0xD2, 0x31, 0xC2, 0x2B, 0x5C, 0xA6, 0x38, 0x06, 0x76, 0x28, 0xE8,
    0x69, 0x53, 0x72, 0xA6, 0x4F, 0x8F, 0x5A, 0x84, 0x6E, 0xB6, 0xC0, 0x87, 0xAC, 0xE6, 0x64, 0x5C,
    0x66, 0xE4, 0xFB, 0x2B, 0xE6, 0x49, 0x73, 0xA9, 0x88, 0xA1, 0xF9, 0x51, 0xAF, 0x39, 0x20, 0x1E,
    0xF9, 0x3F, 0x6D, 0xE5, 0x7B, 0xF9, 0x9C, 0xEF, 0xBC, 0x94, 0xB7, 0xF5, 0x2E, 0x3C, 0xCA, 0x99,
    0x6F, 0xFA, 0xF9, 0x26, 0x2A, 0x47, 0xEF, 0x31, 0xA9, 0xA2, 0xD6, 0xB0, 0x87, 0x02, 0x88, 0xDB,
    0x82, 0x89, 0xF6, 0xC4, 0x66, 0xBB, 0x87, 0x20, 0x0C, 0x02, 0x21, 0x14, 0x82, 0x21, 0x1C, 0x02,
    0x22, 0x24, 0x82, 0x22, 0x2C, 0xD8, 0xA6, 0x45, 0x70, 0x84, 0x45, 0x42, 0x88, 0x08, 0xC7, 0x8B,
    0x62, 0xF3, 0xDD, 0xEC, 0x85, 0x80, 0x79, 0x64, 0xAB, 0xBA, 0xED, 0x5E, 0x07, 0xC3, 0x5E, 0x83,
    0x3C, 0xBC, 0xFF, 0xF4, 0x4C, 0xFF, 0x12, 0x5B, 0xFF, 0x12, 0x3B, 0x01, 0xA7, 0x18, 0x7F, 0x36,
    0xFA, 0xB3, 0x1D, 0xFB, 0xEE, 0xD4, 0xC9, 0xA7, 0x06, 0x02, 0xBB, 0x09, 0xF5, 0xEC, 0x9C, 0x53,
    0x9F, 0x47, 0xAA, 0x02, 0xEC, 0x44, 0x69, 0xC8, 0x46, 0xB3, 0x0E, 0xC9, 0x94, 0x99, 0xD4, 0x88,
    0x6B, 0x5F, 0x8B, 0x93, 0x32, 0x58, 0x1B, 0xA9, 0x0D, 0x7D, 0x43, 0x30, 0x94, 0x96, 0xD1, 0xFC,
    0x05, 0x36, 0x2E, 0x31, 0x12, 0x89, 0xE0, 0x32, 0xE2, 0xF7, 0x5E, 0xE4, 0x87, 0x07, 0x48, 0xBA,
    0x80, 0x0E, 0xBA, 0x4E, 0xC3, 0xE9, 0xB3, 0x9E, 0x18, 0x39, 0x5A, 0x47, 0x9C, 0xC6, 0x22, 0x6C,
    0x89, 0xB5, 0xB0, 0x1C, 0x3C, 0x2F, 0x69, 0x77, 0xA2, 0xBF, 0x3B, 0x20, 0xB3, 0x4B, 0x23, 0x98,
    0xE4, 0xEC, 0x82, 0xDE, 0x34, 0x4B, 0xDB, 0x21, 0xEF, 0x18, 0x9A, 0xBF, 0xCA, 0x82, 0x05, 0xD3,
    0xC0, 0x38, 0x77, 0x6F, 0x09, 0xBB, 0xFD, 0x89, 0x5F, 0x60, 0x58, 0x4D, 0xFE, 0x39, 0xE7, 0x23,
    0x57, 0x49, 0x26, 0x5F, 0x9A, 0xD2, 0xBB, 0x52, 0xCE, 0x09, 0xD9, 0x80, 0x77, 0x69, 0xE1, 0x8B,
    0xAE, 0x80, 0xCA, 0xB5, 0x33, 0xBC, 0x7B, 0xE5, 0x8D, 0xE4, 0xFE, 0x1B, 0xB7, 0xDC, 0x1B, 0x56,
    0x05, 0x58, 0xBE, 0xA3, 0x2D, 0xE1, 0x70, 0x8E, 0x50, 0x55, 0xD8, 0x0A, 0xEB, 0x1B, 0x79, 0xED,
    0x8B, 0x5C, 0x2E, 0x5B, 0x92, 0xAD, 0xD1, 0xB2, 0x51, 0xE8, 0x87, 0x46, 0x59, 0x98, 0xCA, 0xF6,
    0x99, 0x3D, 0x50, 0xCE, 0x44, 0x9A, 0x8C, 0x0C, 0xA8, 0x73, 0xAC, 0x68, 0x8C, 0xA6, 0xD4, 0xB9,
    0x53, 0xE0, 0x6C, 0x9D, 0xCE, 0xFF, 0x73, 0x75, 0xBA, 0x14, 0xCE, 0x86, 0xD8, 0xD2, 0x96, 0x78,
    0x92, 0xA5, 0xD1, 0x6C, 0x92, 0x30, 0x52, 0x81, 0x4C, 0x35, 0x1D, 0x9A, 0x23, 0x3F, 0x41, 0x79,
    0xBD, 0xD4, 0x69, 0x98, 0xB7, 0x8D, 0x9B, 0x60, 0xE4, 0x99, 0x47, 0x4B, 0x4A, 0x55, 0xB1, 0xAD,
    0x38, 0x62, 0x90, 0x8C, 0xDA, 0x87, 0x2D, 0xDB, 0x7E, 0x7E, 0x12, 0xD7, 0x72, 0x76, 0x62, 0x66,
    0x8D, 0x5B, 0x81, 0x4E, 0xFC, 0x05, 0x9B, 0x69, 0x29, 0xD0, 0x57, 0xD6, 0x39, 0x59, 0x03, 0x5D,
    0x9D, 0x45, 0x5D, 0x5A, 0x6A, 0x36, 0x2E, 0xAD, 0x2B, 0xE1, 0x09, 0x55, 0xEA, 0x46, 0xA9, 0xEF,
    0x0A, 0x4F, 0x56, 0xBB, 0x55, 0x99, 0x52, 0x69, 0x25, 0x60, 0xC6, 0xA6, 0x9D, 0x54, 0xD2, 0xC3,
    0xC7, 0x11, 0x67, 0x38, 0x9C, 0x20, 0x77, 0xBB, 0x55, 0x15, 0xA5, 0x92, 0xD8, 0xF4, 0xCA, 0xDF,
    0x44, 0xBD, 0x7E, 0x44, 0xE0, 0x7D, 0x42, 0x71, 0xE8, 0x76, 0xD5, 0x61, 0xB7, 0x6A, 0xBC, 0xE5,
    0xF5, 0x47, 0xBD, 0x3E, 0x6B, 0x27, 0x9C, 0x6B, 0x68, 0xA8, 0x6A, 0x33, 0x47, 0x12, 0x84, 0x49,
    0xA5, 0x40, 0x66, 0xA7, 0xAD, 0x0F, 0xC1, 0x46, 0xD6, 0xC2, 0xD5, 0x0A, 0xC0, 0x48, 0xBA, 0x43,
    0x76, 0x54, 0x2A, 0xFC, 0x6E, 0x88, 0x4E, 0x74, 0x61, 0x47, 0x9D, 0xB6, 0x49, 0x5D, 0x28, 0xD7,
    0x2F, 0xA1, 0x92, 0xB5, 0x03, 0x76, 0xD4, 0x5F, 0x6D, 0x14, 0xA6, 0xF9, 0x67, 0x2D, 0x03, 0x80,
    0xC9, 0x12, 0x48, 0x77, 0x1A, 0x02, 0x85, 0xA7, 0x15, 0x95, 0x2F, 0x1D, 0xB3, 0x86, 0xA0, 0x26,
    0x1C, 0x5A, 0x1F, 0x14, 0x93, 0xA5, 0xF9, 0x91, 0x23, 0x5C, 0x3C, 0x81, 0xFF, 0xA7, 0x58, 0x3A,
    0x00, 0x82, 0x29, 0xE0, 0x57, 0xB9, 0x32, 0xA9, 0xE3, 0x07, 0x5E, 0x86, 0xBF, 0x18, 0x72, 0xF7,
    0x7A, 0xE8, 0xEE, 0x45, 0xCC, 0x30, 0x8D, 0x77, 0x59, 0xA3, 0xBF, 0x25, 0x73, 0x95, 0x49, 0x61,
    0xC3, 0xB1, 0xE3, 0x1A, 0x0C, 0x5B, 0x4D, 0xC8, 0x05, 0xCA, 0xF2, 0x40, 0x36, 0xDC, 0x91, 0x45,
    0x1D, 0xE5, 0xB7, 0x39, 0x48, 0xF2, 0x3D, 0x4D, 0xB6, 0xE6, 0x93, 0x9D, 0xCA, 0x3F, 0x9B, 0xEF,
    0xA3, 0x66, 0x63, 0x05, 0x4F, 0x3B, 0x6C, 0x98, 0xB2, 0x8E, 0x32, 0xD8, 0xFC, 0x1F, 0x3A, 0x57,
    0xD2, 0xFF, 0x61, 0x35, 0x5B, 0xA8, 0xA2, 0xB4, 0xB4, 0x88, 0xE3, 0xC9, 0xFF, 0x8A, 0xDC, 0x90,
    0xBA, 0x54, 0xFF, 0x8C, 0x75, 0x39, 0xC7, 0xF8, 0xFC, 0x2F, 0x7C, 0xFA, 0x57, 0xBE, 0xC0, 0xCE,
    0xBE, 0x82, 0x4F, 0xD4, 0x22, 0x1A, 0xEA, 0x2B, 0xF0, 0x3A, 0x1C, 0xA0, 0xBE, 0x04, 0xD5, 0x78,
    0xC2, 0x61, 0xD4, 0x85, 0xFA, 0x92, 0xAE, 0xD4, 0x95, 0xFA, 0x52, 0xB9, 0x9E, 0xA4, 0xC9, 0xC9,
    0x94, 0xE7, 0x15, 0xB5, 0x93, 0x01, 0xEC, 0x45, 0x03, 0x7A, 0x5D, 0x7B, 0x5D, 0x7A, 0x8D, 0x07,
    0xF5, 0xC6, 0x33, 0x35, 0x57, 0x9E, 0xED, 0x24, 0xEA, 0x24, 0x93, 0xBC, 0x3C, 0x52, 0x5E, 0x97,
    0xEC, 0x28, 0xC3, 0x76, 0x52, 0xB1, 0x97, 0x59, 0x56, 0x41, 0x24, 0x93, 0x0F, 0x24, 0xDF, 0x92,
    0x1B, 0x3A, 0x19, 0x72, 0xFF, 0x8D, 0xCA, 0x22, 0x56, 0xFD, 0x48, 0x2D, 0x4D, 0xBC, 0x24, 0x83,
    0x0F, 0x24, 0xDF, 0x22, 0x36, 0x0E, 0x9A, 0x36, 0x51, 0x47, 0x27, 0xBF, 0x74, 0x8A, 0xA0, 0x3A,
    0x75, 0xCE, 0xC6, 0x6E, 0x16, 0x3F, 0x6B, 0xC4, 0xCF, 0x6A, 0xF1, 0x33, 0xC9, 0x78, 0xE5, 0x67,
    0x25, 0xBD, 0x1F, 0xDB, 0x9F, 0xCE, 0x77, 0xE9, 0x11, 0x78, 0xBE, 0xDB, 0x24, 0x03, 0x87, 0x0B,
    0x26, 0x5F, 0x2C, 0x09, 0xC3, 0xC9, 0xCF, 0x92, 0xCA, 0x62, 0xB9, 0xB3, 0xD2, 0x9C, 0xCE, 0x88,
    0x7B, 0xFE, 0xF3, 0xA8, 0x95, 0x6F, 0x2D, 0x3D, 0x7B, 0x4F, 0x71, 0x31, 0xDF, 0x04, 0xF1, 0xD0,
    0xF6, 0x29, 0x70, 0x56, 0x2C, 0x46, 0x78, 0x38, 0x85, 0x8B, 0x6C, 0x88, 0x67, 0x2B, 0xE4, 0x11,
    0x3D, 0x40, 0x3C, 0x33, 0xAB, 0xCE, 0x8B, 0xBD, 0xF0, 0x94, 0xE4, 0xDF, 0x47, 0xFD, 0x1E, 0x9E,
    0x4A, 0x78, 0x0A, 0x21, 0xF1, 0x52, 0x78, 0x2A, 0xFD, 0xA7, 0xD2, 0x1E, 0x8D, 0xC4, 0x93, 0xF5,
    0xC2, 0x53, 0x13, 0xCF, 0xE9, 0x07, 0x91, 0xBF, 0xA6, 0x4E, 0x33, 0x86, 0x47, 0xA9, 0xD9, 0xC5,
    0x09, 0xC7, 0xF1, 0x8B, 0x38, 0xF5, 0x1D, 0x8D, 0xE5, 0x97, 0x70, 0x85, 0x9B, 0xC6, 0x0B, 0xB5,
    0x6E, 0x28, 0x39, 0x4D, 0x49, 0x5D, 0xAF, 0xA3, 0x26, 0x72, 0x0B, 0x23, 0xCC, 0x6B, 0x4F, 0x6C,
    0x2E, 0xF9, 0x65, 0xF5, 0xC0, 0xEB, 0x1B, 0x7E, 0xC9, 0xEA, 0x69, 0x34, 0xBB, 0xF5, 0x3C, 0xA7,
    0x91, 0xE1, 0x0C, 0x1C, 0x99, 0x9E, 0x79, 0xE3, 0x2F, 0xCB, 0x7C, 0xA1, 0x25, 0xCC, 0xCC, 0xEB,
    0x9C, 0x10, 0xB9, 0xAB, 0x90, 0x07, 0xF4, 0x35, 0xFD, 0xE6, 0xC0, 0xEB, 0x97, 0xA9, 0x2F, 0x00,
    0x6F, 0x52, 0x3F, 0x09, 0x5C, 0x55, 0xEA, 0x7C, 0x00, 0x77, 0x94, 0xB1, 0xEB, 0x32, 0x37, 0xC6,
    0xAE, 0x59, 0x5A, 0xED, 0x79, 0xBF, 0x5A, 0x1A, 0xBF, 0x60, 0xCA, 0x9B, 0x5A, 0x33, 0xE5, 0x5F,
    0x2E, 0x9B, 0xF2, 0x78, 0x30, 0xD2, 0xAD, 0x74, 0x5E, 0x38, 0xF8, 0xE5, 0xA9, 0x8F, 0x7A, 0xBF,
    0x60, 0xDD, 0x88, 0x7A, 0x66, 0x1F, 0x7D, 0x17, 0x77, 0xB9, 0x2F, 0xDE, 0x2F, 0x6A, 0x21, 0xD5,
    0xF4, 0xFB, 0xF9, 0x0F, 0xE7, 0x97, 0xDE, 0x9E, 0xD5, 0x8A, 0x87, 0xB4, 0xAE, 0xD4, 0xCA, 0x3A,
    0xBF, 0xA8, 0xC2, 0xD4, 0x79, 0x6D, 0xD4, 0x8B, 0x83, 0x29, 0xB3, 0x46, 0xF5, 0xD9, 0x2F, 0xB2,
    0x5C, 0xDF, 0x8C, 0x5C, 0xC2, 0x69, 0x28, 0xE4, 0x2E, 0xAE, 0xAC, 0x3B, 0xCD, 0x68, 0xE8, 0xE0,
    0x17, 0xDC, 0x6C, 0x5C, 0xA9, 0x7C, 0x0B, 0x73, 0x13, 0x85, 0xEB, 0x7C, 0xE1, 0xE6, 0xD8, 0x4C,
    0x89, 0xFC, 0xBE, 0x2B, 0x51, 0xD9, 0xAC, 0x65, 0x3A, 0x74, 0x18, 0xD9, 0xE3, 0x5B, 0x88, 0xCF,
    0x10, 0xE9, 0xC6, 0x93, 0xE6, 0x6B, 0x62, 0x36, 0x0D, 0x10, 0x88, 0x72, 0x42, 0x80, 0x85, 0x35,
    0xF7, 0x44, 0x98, 0xAD, 0x8B, 0x14, 0x57, 0xF8, 0x01, 0x73, 0xD2, 0x9A, 0x32, 0x98, 0x91, 0x9D,
    0x1E, 0xF5, 0xD0, 0x1A, 0xC1, 0x5D, 0xCB, 0x2F, 0xFF, 0x8A, 0x4D, 0x16, 0x1C, 0x52, 0xC1, 0x20,
    0x59, 0xB5, 0x3D, 0x58, 0xB5, 0xEB, 0xA4, 0x13, 0x57, 0xFE, 0x2F, 0x64, 0x2A, 0xBF, 0x34, 0x8C,
    0xB2, 0x60, 0x89, 0xF2, 0x3B, 0xAF, 0xFB, 0x00, 0x01, 0x1A, 0x5F, 0x31, 0x8D, 0xA5, 0xAE, 0x51,
    0xF8, 0x5D, 0x57, 0x25, 0x48, 0x4C, 0x1D, 0x9F, 0xEB, 0xD2, 0x9E, 0xDA, 0x67, 0x08, 0xA4, 0x2F,
    0x21, 0x94, 0xBE, 0xEC, 0x0B, 0xD3, 0x81, 0x2F, 0x4D, 0xD7, 0x7D, 0x71, 0xEA, 0x11, 0x4B, 0x77,
    0x2B, 0xE3, 0x08, 0x5B, 0x4E, 0xA3, 0x86, 0x53, 0xF6, 0x24, 0xB5, 0xDF, 0xE4, 0x5A, 0x69, 0xBF,
    0x84, 0x89, 0x4B, 0x19, 0xEA, 0x01, 0xE7, 0xB8, 0x62, 0x9A, 0x86, 0x1E, 0x66, 0x70, 0x6D, 0xF1,
    0x52, 0xB3, 0x3C, 0xF5, 0x78, 0x86, 0x8D, 0x94, 0x45, 0x8F, 0xF9, 0x97, 0x11, 0xA3, 0x6B, 0xF5,
    0x43, 0x04, 0xEF, 0x2C, 0x8D, 0x7F, 0xEA, 0x81, 0xF0, 0x9D, 0x0E, 0xF8, 0x11, 0xF7, 0xFC, 0xDF,
    0xE8, 0xF4, 0x46, 0xF4, 0xD5, 0x0E, 0xF1, 0x5F, 0xAA, 0xD1, 0x23, 0x25, 0xB2, 0xF8, 0xD3, 0x3D,
    0x2E, 0x10, 0x52, 0xF2, 0xF1, 0x01, 0x07, 0x29, 0x3B, 0x0D, 0x47, 0xDC, 0xC9, 0xD8, 0x08, 0x46,
    0x74, 0xF4, 0x7A, 0x16, 0x8C, 0x51, 0x43, 0x58, 0x17, 0x30, 0xC6, 0xA5, 0xB1, 0xAC, 0x9D, 0x53,
    0x0A, 0x23, 0xB3, 0xE7, 0x4B, 0x9E, 0xB7, 0xEC, 0x96, 0xFF, 0xE4, 0x80, 0xEA, 0x0E, 0x66, 0x71,
    0x98, 0xA2, 0x93, 0xEF, 0x7A, 0x98, 0x86, 0x4E, 0x63, 0xA3, 0xA4, 0xD7, 0xCE, 0xCF, 0x30, 0xCB,
    0x04, 0x5D, 0x45, 0xE5, 0x70, 0x05, 0x85, 0x6B, 0x15, 0x47, 0x81, 0x73, 0x35, 0x03, 0x29, 0xA8,
    0xE6, 0x35, 0x0F, 0x34, 0xD3, 0x9E, 0xA2, 0x29, 0x0F, 0x3C, 0x63, 0x24, 0x36, 0x3A, 0x3D, 0xA7,
    0xEE, 0xE5, 0x30, 0x39, 0x9D, 0xC0, 0x62, 0xEA, 0x75, 0x55, 0x38, 0xAC, 0xFC, 0x82, 0x3A, 0x43,
    0x2B, 0xC3, 0x21, 0x75, 0x26, 0x0A, 0x24, 0x2D, 0x48, 0x79, 0x29, 0xAD, 0xDD, 0xF0, 0x3E, 0x73,
    0x2C, 0xB0, 0xEA, 0x8A, 0x5D, 0x6E, 0xF1, 0x2F, 0x9D, 0xFA, 0x3C, 0xA8, 0xC4, 0x18, 0xBB, 0xD8,
    0x39, 0xBB, 0x97, 0xCE, 0x25, 0x78, 0xF6, 0x44, 0x76, 0xD2, 0x06, 0x13, 0xFC, 0x6A, 0x38, 0x11,
    0x6C, 0x24, 0x0A, 0x95, 0x88, 0xAB, 0xE9, 0xE0, 0xA5, 0xCD, 0x6B, 0x4A, 0xB3, 0xCA, 0x92, 0xB2,
    0xE0, 0xF2, 0xD5, 0x10, 0x78, 0xDE, 0x38, 0x55, 0x7C, 0xC9, 0x92, 0xB2, 0xB0, 0x94, 0x8E, 0x90,
    0x82, 0x89, 0x32, 0x1A, 0xB1, 0x6D, 0x70, 0xB3, 0x46, 0xBB, 0xFC, 0x05, 0xFD, 0xAC, 0x52, 0x5C,
    0x30, 0x1B, 0x79, 0x24, 0xE5, 0x57, 0x57, 0xB1, 0x71, 0xAA, 0xD9, 0xAE, 0x3E, 0xDD, 0x67, 0xE3,
    0xD2, 0x0F, 0x67, 0xE3, 0xD2, 0x67, 0xD9, 0xF8, 0xA2, 0x77, 0x3F, 0x83, 0x8D, 0x53, 0x9F, 0x65,
    0xE3, 0xD4, 0x3F, 0x8D, 0x8D, 0x4B, 0xD3, 0xF6, 0x07, 0x7C, 0x9B, 0x38, 0x27, 0xFC, 0x73, 0x09,
    0xA2, 0x1F, 0x57, 0xD6, 0x88, 0x3D, 0xD6, 0x28, 0x76, 0x90, 0x8A, 0x35, 0xA6, 0x2D, 0x87, 0x61,
    0xBB, 0xE3, 0xDF, 0x75, 0x02, 0x40, 0xAC, 0x45, 0x89, 0xB4, 0x0D, 0x1C, 0x71, 0x9E, 0xA7, 0xA5,
    0x4E, 0x09, 0xF3, 0x83, 0x2F, 0xFC, 0x8F, 0x9C, 0x32, 0x5A, 0xDF, 0xFB, 0x2F, 0x72, 0xCA, 0x78,
    0xF6, 0x3C, 0xA2, 0xE4, 0x79, 0x84, 0xB1, 0x3C, 0x8F, 0x30, 0x3A, 0x8F, 0x28, 0x74, 0x1E, 0xB1,
    0xD3, 0x79, 0x84, 0xE0, 0x13, 0x99, 0xE6, 0x79, 0x93, 0xE1, 0xC6, 0xA6, 0x28, 0xCF, 0xB2, 0xDA,
    0xC4, 0xB3, 0x5A, 0xC9, 0x7D, 0x36, 0x25, 0xA9, 0x7A, 0x7C, 0xCE, 0xBD, 0xCD, 0xA6, 0x9B, 0x3F,
    0xB8, 0xBB, 0x50, 0xE0, 0xF0, 0x05, 0xCA, 0x48, 0xDB, 0x0D, 0x15, 0xD3, 0x0D, 0x7E, 0x50, 0x29,
    0x13, 0xF2, 0xD9, 0x55, 0x3D, 0xE0, 0x6C, 0x11, 0xCE, 0x88, 0x47, 0x1E, 0xAC, 0x72, 0x81, 0x99,
    0x90, 0xD7, 0x79, 0x0D, 0xC6, 0x97, 0x11, 0xC3, 0x6B, 0x0A, 0x1B, 0x2C, 0xAA, 0xAD, 0xE8, 0xB8,
    0xB4, 0xA9, 0xE8, 0xB3, 0xAC, 0x71, 0x88, 0x18, 0x64, 0x95, 0x8E, 0xD4, 0xEB, 0x82, 0x6E, 0x2B,
    0xAC, 0x29, 0x17, 0x35, 0x23, 0xAF, 0xD3, 0x66, 0xE9, 0x30, 0xE9, 0xD3, 0x3A, 0x6F, 0x11, 0x38,
    0xF7, 0xAE, 0xB3, 0x8C, 0x23, 0xE5, 0xA5, 0x30, 0x6C, 0x31, 0x97, 0xB8, 0x9E, 0xEA, 0xDC, 0x1B,
    0xAF, 0x53, 0xA5, 0x6E, 0x88, 0x5D, 0xB7, 0x7C, 0xF3, 0x1E, 0xF9, 0x27, 0x9C, 0xFC, 0x87, 0x65,
    0xFC, 0x5E, 0x91, 0x44, 0xC3, 0xD9, 0x79, 0xA9, 0x08, 0xBB, 0x04, 0xAA, 0xEE, 0x84, 0x2A, 0x7E,
    0xAF, 0xA3, 0x12, 0x2D, 0x10, 0xE3, 0xDB, 0x0B, 0x62, 0x25, 0x8D, 0x4E, 0x98, 0xA9, 0x32, 0x05,
    0x24, 0x0E, 0x72, 0xA9, 0xDE, 0x2F, 0x4C, 0x6B, 0xD0, 0x96, 0xE2, 0x7A, 0x97, 0xD6, 0x85, 0xF5,
    0x84, 0x13, 0x49, 0x93, 0x83, 0x59, 0x6B, 0xCC, 0x79, 0x9D, 0x91, 0x5B, 0xE3, 0xBA, 0x5F, 0xAE,
    0x3D, 0x7E, 0x2D, 0xCF, 0xAF, 0x3B, 0x51, 0x69, 0x1F, 0x1F, 0x5E, 0xE3, 0xCA, 0x19, 0x7D, 0xD9,
    0xEB, 0x83, 0x33, 0xFA, 0x09, 0x16, 0xD6, 0x3E, 0x71, 0xF3, 0x91, 0x6B, 0x1F, 0x75, 0xA7, 0xF4,
    0x51, 0x51, 0x12, 0x4D, 0x41, 0x2C, 0x94, 0x2A, 0x8D, 0x3A, 0xB5, 0x14, 0x8A, 0x89, 0xE6, 0x30,
    0x72, 0x58, 0xA7, 0x24, 0x7D, 0x9D, 0xE2, 0xE1, 0xC0, 0xF9, 0x4E, 0xC7, 0x82, 0xB4, 0xDF, 0x71,
    0xA5, 0xFE, 0xD0, 0x0B, 0xE9, 0x43, 0xF3, 0x6E, 0xAB, 0x53, 0x92, 0x5C, 0x22, 0x44, 0x0E, 0x34,
    0x05, 0x12, 0x99, 0xEB, 0x16, 0x58, 0x9C, 0x89, 0xF3, 0xAE, 0x3D, 0x12, 0x27, 0x20, 0x23, 0xD2,
    0x14, 0x8E, 0xDA, 0xCC, 0x0E, 0xA0, 0x0A, 0x07, 0xC1, 0x0C, 0x47, 0x2A, 0x42, 0x8D, 0xF8, 0x07,
    0xC2, 0xF5, 0x2A, 0x61, 0x8B, 0x8A, 0x20, 0xF5, 0x87, 0x56, 0x68, 0xA4, 0x84, 0x25, 0x6D, 0x09,
    0x4C, 0xAD, 0x86, 0x8A, 0xC8, 0xA8, 0xB8, 0xDF, 0x54, 0xCB, 0x94, 0x6A, 0xE5, 0x52, 0x05, 0x40,
    0x65, 0x34, 0x2B, 0x54, 0x05, 0xDD, 0xE3, 0x15, 0x67, 0xC6, 0xEF, 0xCF, 0x47, 0x48, 0x89, 0x8B,
    0x7A, 0x25, 0x9E, 0xE0, 0xF4, 0x9A, 0x49, 0x14, 0xD6, 0x57, 0xFB, 0x7F, 0xC1, 0x5E, 0xD7, 0xEE,
    0xDB, 0xAB, 0x17, 0x17, 0x34, 0xFF, 0x4A, 0xB6, 0x56, 0x5C, 0x3F, 0xA4, 0x55, 0x6E, 0xAD, 0x8D,
    0x95, 0x04, 0x5A, 0x31, 0xD6, 0xA5, 0xEF, 0xFB, 0x8B, 0xB4, 0x04, 0x77, 0x51, 0xC9, 0x76, 0x20,
    0x50, 0xCF, 0x09, 0xC6, 0x53, 0x21, 0xE5, 0x83, 0xFB, 0xEC, 0xFB, 0x5C, 0xF6, 0x62, 0xE7, 0x1A,
    0x32, 0xAA, 0x97, 0x06, 0xFA, 0x23, 0x58, 0x19, 0x99, 0x53, 0x84, 0x56, 0xF2, 0x41, 0x41, 0xFB,
    0x29, 0x75, 0xAE, 0xBE, 0x9D, 0x07, 0x05, 0x93, 0xEA, 0xFD, 0x00, 0x96, 0x43, 0x7F, 0x12, 0x84,
    0xC2, 0x6D, 0xA1, 0x1B, 0x78, 0xC2, 0x87, 0x8D, 0xF1, 0xAD, 0x94, 0x6F, 0xC4, 0xC6, 0xF9, 0x36,
    0xD2, 0xB7, 0xB1, 0x3E, 0x0D, 0x45, 0x78, 0x1B, 0xEF, 0xF3, 0xC4, 0x8F, 0x50, 0x0B, 0x55, 0x53,
    0x47, 0x2C, 0xFE, 0x90, 0x68, 0xA7, 0xBE, 0xC2, 0x11, 0x9E, 0xF4, 0xCD, 0xF0, 0x7D, 0x39, 0x4F,
    0xFF, 0x50, 0x85, 0x9E, 0xFF, 0x39, 0xF5, 0x6E, 0x80, 0xD9, 0x33, 0x40, 0x4C, 0xEC, 0x5D, 0x47,
    0x5A, 0x9E, 0x03, 0x26, 0x7D, 0xB2, 0x72, 0xD2, 0xA2, 0x65, 0xC0, 0xD0, 0xA2, 0xE7, 0x57, 0xAA,
    0xC2, 0x6A, 0xED, 0xEC, 0xD9, 0xAB, 0xAF, 0x9F, 0x75, 0x79, 0x44, 0xCC, 0xC2, 0x2B, 0xAC, 0xC2,
    0x29, 0x8C, 0xC4, 0x27, 0x6C, 0xC2, 0x25, 0x4C, 0xC2, 0x23, 0x2C, 0xC2, 0x21, 0x0C, 0xF2, 0x28,
    0xC7, 0x86, 0x9F, 0x68, 0xEE, 0xE0, 0xB3, 0x75, 0x07, 0xBF, 0xE0, 0x9B, 0x38, 0x94, 0x22, 0x4B,
    0x8B, 0x30, 0x2D, 0x38, 0xCB, 0x37, 0x82, 0xC3, 0x43, 0xC7, 0x22, 0x34, 0x2F, 0xAD, 0x6B, 0x33,
    0xC4, 0x2C, 0xF7, 0xB1, 0x6A, 0x31, 0x48, 0xBA, 0x8B, 0x0C, 0xC0, 0x6D, 0x07, 0xBF, 0x28, 0xDE,
    0x2A, 0xF3, 0xDE, 0x91, 0x87, 0x8C, 0xDC, 0xC1, 0x9F, 0xDD, 0xD2, 0x72, 0xF7, 0x25, 0x37, 0xB8,
    0x5B, 0xEC, 0xC6, 0xB1, 0xA3, 0x8A, 0x9E, 0x63, 0x20, 0x1B, 0x72, 0x6E, 0x7F, 0x61, 0x23, 0x73,
    0x54, 0x12, 0x87, 0x70, 0xD4, 0xFC, 0x47, 0x3D, 0x47, 0x4E, 0x96, 0x46, 0xB7, 0x08, 0x36, 0xE2,
    0x2E, 0xED, 0xF8, 0x11, 0x43, 0xB0, 0x55, 0x23, 0x65, 0x44, 0xAA, 0xF1, 0x76, 0xA1, 0x24, 0xE5,
    0x2E, 0xB1, 0x26, 0x48, 0xDF, 0xD0, 0x25, 0x10, 0x1B, 0x4A, 0x4F, 0x36, 0x48, 0xC4, 0x6D, 0x5E,
    0xCB, 0xF2, 0x82, 0x9F, 0x73, 0x56, 0x2A, 0xD1, 0x45, 0x05, 0xA8, 0xAF, 0x01, 0x33, 0xFF, 0xE9,
    0xB7, 0x8F, 0xEE, 0xB5, 0x49, 0x2C, 0x14, 0xF9, 0x96, 0x87, 0xE2, 0x13, 0xDA, 0x44, 0x72, 0x34,
    0x27, 0x62, 0x5A, 0xDC, 0x4C, 0x3A, 0x39, 0x2E, 0xD5, 0xFE, 0x5C, 0x11, 0x1B, 0xEB, 0x5C, 0x4E,
    0xDC, 0x5C, 0x8A, 0x38, 0xA4, 0xAC, 0x3E, 0x33, 0x80, 0xC6, 0xA1, 0xC3, 0x67, 0xC5, 0x28, 0x0A,
    0x79, 0x12, 0x46, 0x5C, 0xC5, 0x47, 0x67, 0x38, 0x49, 0xC5, 0x43, 0x38, 0x28, 0x37, 0x14, 0x39,
    0x79, 0x23, 0x55, 0x94, 0x8A, 0x49, 0xB7, 0xD6, 0xB0, 0x51, 0x99, 0x93, 0xF7, 0x2B, 0x71, 0x2E,
    0x19, 0x8B, 0x5B, 0x4C, 0xFC, 0x5B, 0xBD, 0xB8, 0xA9, 0xAA, 0x65, 0x3E, 0x27, 0xA0, 0x5C, 0x7A,
    0xCB, 0x6D, 0x44, 0x14, 0x49, 0x0B, 0x43, 0xD8, 0x05, 0xD1, 0xEE, 0x18, 0x71, 0x13, 0x91, 0x72,
    0x5F, 0x11, 0x52, 0x44, 0xC3, 0x22, 0x1E, 0x5B, 0x44, 0xF9, 0x1B, 0x7C, 0x80, 0xE0, 0x1F, 0x86,
    0xC7, 0x53, 0xF7, 0x75, 0x6E, 0x79, 0x50, 0xD5, 0xB8, 0xEA, 0x4F, 0xBD, 0x7F, 0x9D, 0xA3, 0xF4,
    0xCC, 0x86, 0x0E, 0x21, 0x4B, 0x56, 0x4A, 0x6A, 0x65, 0x48, 0x0F, 0x15, 0x4C, 0x9D, 0x76, 0xD7,
    0x4F, 0x00, 0xC9, 0x27, 0xF8, 0xA1, 0xF9, 0x9B, 0x11, 0x17, 0x46, 0xCE, 0x01, 0xDD, 0x61, 0xDA,
    0x75, 0xA2, 0xF2, 0xDA, 0x94, 0x8B, 0x28, 0x2C, 0x85, 0x0F, 0x34, 0x63, 0x75, 0x8C, 0xAB, 0xE2,
    0x69, 0x40, 0x54, 0x08, 0x07, 0x6E, 0xA1, 0xDA, 0x25, 0x12, 0x8A, 0x52, 0xE1, 0xBE, 0xB7, 0x35,
    0x8E, 0x5D, 0x0B, 0xF3, 0xDA, 0x88, 0x51, 0x79, 0x3B, 0xA5, 0x0D, 0xA6, 0xAC, 0x0E, 0x46, 0x63,
    0x93, 0xCE, 0x5C, 0xAB, 0xCA, 0x82, 0xC7, 0x7B, 0x87, 0x95, 0x9D, 0x91, 0x35, 0x33, 0xE2, 0x6E,
    0x87, 0xA8, 0xE7, 0xBB, 0x58, 0xDA, 0xA6, 0x4C, 0xDB, 0x25, 0x94, 0x4A, 0x1E, 0x81, 0x6D, 0x1D,
    0xE6, 0xCE, 0xF2, 0x68, 0x26, 0x6C, 0xD3, 0x2E, 0xB0, 0x7B, 0x37, 0xE7, 0x8C, 0xB2, 0x80, 0x85,
    0xEF, 0x1E, 0x42, 0xD5, 0xC2, 0xFD, 0xFB, 0x72, 0xBE, 0x43, 0x14, 0x65, 0xC6, 0x5D, 0x8B, 0x36,
    0xEA, 0xF8, 0x30, 0xD7, 0xEB, 0x2F, 0x69, 0x6E, 0x1B, 0xE0, 0x89, 0x78, 0xD8, 0x08, 0x79, 0x45,
    0x61, 0x24, 0xEC, 0xDE, 0xC1, 0x59, 0xE2, 0x6E, 0xD7, 0xA8, 0x5E, 0x73, 0x75, 0xB8, 0x20, 0xA6,
    0xB5, 0xA6, 0x4E, 0xE9, 0xA1, 0xBC, 0xA4, 0xAF, 0x36, 0xE7, 0xEC, 0x16, 0xA1, 0x42, 0x4B, 0x31,
    0x51, 0x90, 0xBF, 0x86, 0x3D, 0x68, 0x11, 0xF7, 0x03, 0x9A, 0x77, 0x32, 0xC1, 0xFE, 0x41, 0x37,
    0x35, 0x8B, 0x9B, 0x3A, 0x8C, 0xD1, 0x10, 0x75, 0xE1, 0x98, 0x34, 0xE1, 0x98, 0xD5, 0xD1, 0x60,
    0xEC, 0xE2, 0x06, 0xE4, 0x4D, 0x71, 0xCD, 0xA1, 0x72, 0x3D, 0xDC, 0x0B, 0xFE, 0xEA, 0x5F, 0x38,
    0x45, 0x40, 0x4B, 0xD3, 0x24, 0x65, 0xEA, 0x1C, 0x42, 0x37, 0xEC, 0x75, 0x08, 0x8B, 0xA2, 0xC5,
    0x2B, 0xC8, 0xC7, 0xC0, 0x8D, 0xB8, 0x8B, 0x69, 0x17, 0xD5, 0xD3, 0xD2, 0x7D, 0x67, 0x22, 0x14,
    0x18, 0x63, 0x1D, 0xFD, 0x05, 0x43, 0x5A, 0x7E, 0x74, 0xD1, 0x61, 0x9F, 0xC9, 0xD4, 0xE5, 0x53,
    0xEC, 0x6B, 0xB7, 0x86, 0x7F, 0x71, 0xFB, 0xBE, 0xF4, 0x71, 0xD2, 0xDC, 0xA5, 0x3E, 0x49, 0x6B,
    0x79, 0x6A, 0x94, 0xFE, 0xB5, 0xA0, 0xCF, 0xCA, 0x1D, 0x0F, 0x53, 0xBB, 0xAC, 0xAC, 0x70, 0xF3,
    0x24, 0xAE, 0x73, 0x6B, 0x9E, 0x6F, 0x8A, 0xCC, 0x1A, 0x9E, 0x8C, 0xE4, 0x13, 0x63, 0x7A, 0x46,
    0x60, 0x1F, 0x28, 0x47, 0x36, 0x98, 0x8F, 0xDA, 0xA8, 0xE3, 0x09, 0x6C, 0xD4, 0x47, 0xF5, 0x36,
    0x95, 0xED, 0xBA, 0x6C, 0x0F, 0xC0, 0xD3, 0x1C, 0x54, 0x09, 0xAB, 0xC5, 0xFF, 0xD9, 0xE5, 0x7D,
    0x82, 0xB4, 0xB9, 0xCB, 0x60, 0xFC, 0x9C, 0x43, 0x46, 0x0F, 0x1E, 0x02, 0x66, 0x44, 0x5A, 0xE7,
    0x23, 0xE8, 0x2F, 0x64, 0x25, 0xEF, 0x28, 0x18, 0x18, 0x06, 0xD1, 0xF6, 0x90, 0x47, 0xD2, 0x62,
    0xC7, 0x5E, 0x26, 0x96, 0x01, 0x7E, 0x3D, 0xF0, 0x5F, 0xCF, 0xCB, 0x98, 0x5F, 0x7F, 0xAC, 0x87,
    0xB1, 0xBF, 0xB5, 0xB4, 0x5E, 0xFD, 0x76, 0xFF, 0x78, 0xE6, 0xFE, 0xDC, 0x75, 0x0B, 0x5E, 0x57,
    0xC2, 0x6E, 0x57, 0x48, 0x61, 0x1D, 0x72, 0x63, 0x93, 0xB0, 0xAC, 0xF1, 0x9C, 0xDD, 0xB1, 0xB8,
    0xEC, 0xF6, 0x2C, 0x7A, 0xBF, 0x61, 0x98, 0x31, 0x70, 0x3D, 0x27, 0xB3, 0x0D, 0x15, 0x50, 0x03,
    0x7A, 0x84, 0x7D, 0xC4, 0x7D, 0x75, 0x6A, 0x17, 0x71, 0x91, 0x59, 0x70, 0xC7, 0x6F, 0x5B, 0xD2,
    0x9F, 0xE8, 0x60, 0x66, 0xA2, 0x60, 0x4E, 0x94, 0xC6, 0xEA, 0xA8, 0x8E, 0xF1, 0xD7, 0x72, 0x36,
    0x84, 0x6B, 0xC6, 0xB1, 0xF6, 0xBE, 0xA1, 0xA8, 0x77, 0x58, 0x69, 0xB2, 0x2F, 0xA8, 0xF0, 0x3D,
    0xA9, 0x54, 0x78, 0x56, 0x0B, 0xE5, 0x41, 0x40, 0x79, 0x3D, 0x60, 0x86, 0xBC, 0x19, 0x32, 0x6A,
    0xBB, 0x88, 0xD6, 0xB7, 0x94, 0x61, 0x23, 0xDE, 0xC6, 0x7C, 0x40, 0x52, 0x72, 0xA2, 0x32, 0x95,
    0xDA, 0x63, 0xCA, 0xA7, 0x47, 0x95, 0xB1, 0x1E, 0xA9, 0xAB, 0x4D, 0x83, 0x78, 0x96, 0x3B, 0xAF,
    0x32, 0xF8, 0x6B, 0x60, 0xE6, 0x98, 0x8D, 0xB2, 0x55, 0x27, 0x03, 0x23, 0x75, 0x8B, 0x94, 0x3A,
    0xEF, 0x70, 0xC9, 0x1F, 0x80, 0xFE, 0x19, 0xC7, 0xFD, 0xD3, 0x4E, 0x27, 0x66, 0xF8, 0xC7, 0x2E,
    0xFC, 0x97, 0x6E, 0xD1, 0x3F, 0xEC, 0xE3, 0x4F, 0x13, 0xC3, 0xB7, 0x86, 0x34, 0x6E, 0x39, 0x3B,
    0xC3, 0xC5, 0xA4, 0x21, 0x8E, 0xF1, 0x39, 0x31, 0x45, 0x3B, 0x76, 0x44, 0x91, 0x61, 0xD7, 0xAC,
    0x68, 0xAA, 0x32, 0x23, 0x1E, 0xD5, 0x54, 0x22, 0xBA, 0x8C, 0xD4, 0x59, 0xD3, 0xE0, 0x00, 0xC9,
    0xE4, 0x27, 0xD9, 0xFA, 0x29, 0xA4, 0x08, 0x47, 0x5F, 0x91, 0xCB, 0x90, 0x73, 0xA2, 0x29, 0x5C,
    0x04, 0x73, 0x98, 0x53, 0xC8, 0xAB, 0xB2, 0xF4, 0xFE, 0x1B, 0xE3, 0x36, 0x8F, 0x67, 0xBE, 0x2E,
    0xF7, 0x0E, 0x8F, 0x1B, 0x84, 0xAE, 0x3B, 0x06, 0xD6, 0xCB, 0xE3, 0xBD, 0x4C, 0x87, 0xF9, 0xBC,
    0x18, 0x71, 0xA5, 0xE0, 0xB0, 0x7A, 0xB2, 0x40, 0x34, 0x56, 0xE5, 0xD6, 0x00, 0xBE, 0xDC, 0x8A,
    0xB6, 0xCD, 0xBE, 0xA2, 0x54, 0x14, 0x13, 0x76, 0x5A, 0xA6, 0xB7, 0x1F, 0x2E, 0x05, 0xD2, 0x2A,
    0xF5, 0xF7, 0x72, 0xDF, 0x8C, 0xC9, 0x88, 0x67, 0x46, 0xE3, 0x10, 0x8E, 0x5D, 0x61, 0xC3, 0xFB,
    0xA5, 0xB1, 0xA1, 0x23, 0xB0, 0x51, 0xC0, 0xD6, 0x78, 0x3C, 0x5E, 0xE3, 0x31, 0x3D, 0x13, 0x8F,
    0x65, 0x20, 0x3B, 0xB8, 0xC6, 0xD0, 0x18, 0x84, 0x7B, 0x76, 0xD4, 0x9B, 0x1D, 0xDC, 0xD0, 0xBA,
    0x32, 0xAC, 0xBE, 0xC6, 0x85, 0xF8, 0xEF, 0x18, 0xBD, 0x77, 0x18, 0xC7, 0x2D, 0x7F, 0x57, 0x87,
    0x7E, 0xA9, 0x2A, 0x18, 0xA6, 0x3B, 0x0E, 0xE8, 0x49, 0x4F, 0xDC, 0x2D, 0x22, 0x69, 0x03, 0x2E,
    0xC7, 0x72, 0x57, 0xD4, 0xCB, 0x94, 0x60, 0xE4, 0x09, 0x59, 0x47, 0x4E, 0x5B, 0x22, 0x69, 0xAE,
    0x3E, 0xFC, 0x81, 0x20, 0x09, 0x73, 0x4F, 0x06, 0x3E, 0xB8, 0xBC, 0x0C, 0x18, 0xC3, 0x31, 0xEA,
    0x30, 0xA6, 0x0D, 0xFA, 0xAC, 0x86, 0x35, 0x96, 0x4E, 0x3B, 0xF3, 0xB8, 0xD4, 0x7E, 0xDD, 0x44,
    0x50, 0x9A, 0x3A, 0x29, 0xD3, 0xF9, 0x6C, 0xDD, 0xF4, 0xDE, 0xAB, 0x6A, 0x39, 0x30, 0x72, 0x9D,
    0x7C, 0xF8, 0xFB, 0x0B, 0x72, 0xBA, 0xF1, 0xFA, 0x02, 0x98, 0x9E, 0x64, 0xEC, 0xD3, 0x99, 0x35,
    0x35, 0x5D, 0x15, 0x77, 0x5B, 0x8A, 0xFB, 0x2C, 0xDF, 0x1C, 0x2B, 0xDF, 0x4A, 0x2B, 0xDD, 0xE1,
    0x3D, 0xBC, 0x3A, 0x39, 0xB7, 0x3E, 0x5E, 0xAC, 0xAF, 0x14, 0xAF, 0xAE, 0x3A, 0x77, 0x38, 0xA6,
    0x4E, 0x07, 0x61, 0xDA, 0x8A, 0x67, 0xE4, 0x10, 0x0C, 0xA1, 0xD3, 0x4C, 0x96, 0x3A, 0x11, 0xC1,
    0x5D, 0x76, 0x7E, 0x83, 0xC3, 0x9D, 0x70, 0x6C, 0x6D, 0xA1, 0x3A, 0x3A, 0xB5, 0x05, 0x0B, 0x2B,
    0x82, 0x21, 0x2E, 0x59, 0xAB, 0xB1, 0x08, 0x1E, 0xED, 0xDC, 0x3D, 0x60, 0x29, 0x7F, 0x99, 0x96,
    0x6E, 0x67, 0x61, 0x99, 0xA5, 0x00, 0x73, 0x9E, 0xE2, 0x2D, 0x31, 0x04, 0xEF, 0xFC, 0xDF, 0x71,
    0x74, 0xD8, 0xA8, 0xEF, 0xEF, 0x47, 0xD9, 0x1F, 0x95, 0xC2, 0xD3, 0x6B, 0xA2, 0x94, 0xB4, 0xD6,
    0xEF, 0xFC, 0xD9, 0xBF, 0xE4, 0x5D, 0x49, 0x7E, 0x96, 0xCC, 0x13, 0x09, 0xF0, 0x8B, 0xEE, 0xDD,
    0x2E, 0x1C, 0x96, 0xB9, 0xEA, 0xE3, 0x2E, 0xEC, 0xC3, 0x21, 0x6D, 0x38, 0xF9, 0x59, 0x4D, 0x69,
    0xCA, 0xB8, 0x15, 0x31, 0x58, 0x64, 0x21, 0xDA, 0x5D, 0x29, 0x4C, 0xE6, 0x45, 0x46, 0xFD, 0x8C,
    0xAC, 0x8C, 0xBB, 0x19, 0xB9, 0x4D, 0xBA, 0x9D, 0xF8, 0x51, 0x05, 0xC3, 0x8C, 0xB1, 0x15, 0x59,
    0xCB, 0x3B, 0xEE, 0x2F, 0x46, 0x24, 0xB3, 0x18, 0xE8, 0xD5, 0x51, 0x31, 0x3A, 0x52, 0xA8, 0x6A,
    0x21, 0xEC, 0x69, 0x99, 0xD8, 0xFD, 0x8D, 0xB8, 0x21, 0xBC, 0x4C, 0x01, 0x35, 0xED, 0xB9, 0xB6,
    0x20, 0xBB, 0xC7, 0xB2, 0x24, 0x9D, 0xB2, 0x92, 0x26, 0x3A, 0xC5, 0x4E, 0x75, 0x26, 0x77, 0x59,
    0xBD, 0x5D, 0xA7, 0xDC, 0x75, 0xFE, 0xAB, 0x22, 0x06, 0x92, 0x6A, 0x57, 0x94, 0xE1, 0xBF, 0xD2,
    0x3F, 0xF1, 0xD7, 0xE4, 0x38, 0xD1, 0xC1, 0xCB, 0xE2, 0xEC, 0xDA, 0xE6, 0x9C, 0xEF, 0xE0, 0x2C,
    0x4C, 0x83, 0xA2, 0xF9, 0xAF, 0x5E, 0x2A, 0x9E, 0xDA, 0x96, 0x8A, 0x37, 0x61, 0xF1, 0x78, 0x4B,
    0x28, 0x8D, 0x9F, 0xD9, 0x90, 0x94, 0x33, 0xF5, 0x27, 0x37, 0xBA, 0xDE, 0x5D, 0x16, 0x6C, 0xA0,
    0xE2, 0x68, 0xB7, 0x35, 0x10, 0x0B, 0x5A, 0xDC, 0xEA, 0x64, 0x44, 0x67, 0x6A, 0x1A, 0xCD, 0x67,
    0xA8, 0x3C, 0x8F, 0xB4, 0x3D, 0x62, 0x6A, 0xFE, 0xA4, 0x03, 0xDE, 0xF8, 0x44, 0x0B, 0x10, 0xD7,
    0x96, 0xA1, 0x6A, 0x59, 0xAE, 0x3B, 0xF4, 0xD8, 0x0C, 0x15, 0x78, 0x19, 0x88, 0x51, 0x26, 0x06,
    0x83, 0x50, 0x87, 0xBD, 0x37, 0xD3, 0x1B, 0xEA, 0x4D, 0x55, 0x1D, 0x8A, 0x5B, 0x6F, 0xAE, 0x37,
    0xD8, 0x9B, 0x2C, 0xA3, 0xF3, 0x5A, 0x66, 0x9B, 0x72, 0x31, 0x7C, 0x40, 0x65, 0x73, 0x9B, 0xF6,
    0x60, 0x2D, 0xFB, 0xED, 0x3E, 0x2A, 0x16, 0xF3, 0xBF, 0x33, 0x5C, 0x30, 0x36, 0x73, 0xAF, 0xBA,
    0xC1, 0xCC, 0xC9, 0x8C, 0xAA, 0x49, 0x07, 0xAD, 0x97, 0x81, 0xF5, 0x20, 0xE0, 0x51, 0xC0, 0xC3,
    0x80, 0xC7, 0x01, 0x0F, 0x64, 0x73, 0xBA, 0x87, 0xB2, 0xB9, 0x3E, 0x79, 0x48, 0xFE, 0xD2, 0xA7,
    0x1E, 0x0F, 0x3C, 0x20, 0x78, 0x44, 0xF0, 0x90, 0x3C, 0xA6, 0x8F, 0x63, 0x05, 0xE5, 0xB0, 0xA2,
    0x72, 0x58, 0x61, 0x3D, 0x06, 0x60, 0xCB, 0x33, 0x6D, 0xEA, 0xF4, 0x32, 0xFD, 0xAA, 0x5D, 0x23,
    0x15, 0x9C, 0x4A, 0x71, 0x1E, 0xB7, 0xF4, 0xCF, 0x9D, 0x6B, 0xCC, 0xF2, 0xBE, 0x0C, 0x83, 0x97,
    0x83, 0x01, 0x6F, 0x72, 0x1A, 0x72, 0xD2, 0x31, 0xDD, 0x12, 0xEB, 0x40, 0x80, 0x4F, 0xB6, 0x72,
    0xCE, 0x96, 0xA0, 0x1A, 0x58, 0x5F, 0x72, 0x4B, 0xBD, 0x04, 0x72, 0x9D, 0x74, 0xC9, 0xE9, 0x51,
    0x1D, 0xB8, 0x89, 0x1B, 0x43, 0xA5, 0x73, 0x31, 0xE4, 0x03, 0x70, 0xC4, 0xE9, 0x81, 0xA6, 0x45,
    0xB3, 0x42, 0x19, 0x8B, 0x87, 0xC5, 0x2D, 0x38, 0x25, 0xEE, 0x94, 0x37, 0x23, 0xEA, 0x9B, 0xBD,
    0x67, 0x9C, 0x8F, 0x3E, 0x2F, 0x35, 0x82, 0xE5, 0x18, 0x86, 0x75, 0x7C, 0x91, 0xFC, 0x3B, 0xF3,
    0x32, 0xE9, 0x0C, 0xE2, 0x65, 0x2C, 0x33, 0x73, 0xB4, 0x6C, 0xE0, 0x78, 0x9A, 0x0D, 0xCE, 0x04,
    0x67, 0x41, 0xE9, 0xB8, 0x4F, 0xDD, 0x39, 0x46, 0xA2, 0x11, 0x12, 0xA2, 0x1F, 0xB2, 0x3A, 0x1C,
    0xB7, 0xF7, 0xD2, 0x2B, 0xFB, 0x64, 0x8F, 0x70, 0xB3, 0xD0, 0xEB, 0x95, 0xCF, 0x58, 0x18, 0x64,
    0xB3, 0x32, 0xC8, 0x70, 0x8C, 0x38, 0x4B, 0xD0, 0x7B, 0x92, 0x7E, 0xFA, 0xD6, 0x08, 0xE3, 0x74,
    0x50, 0xCA, 0xD1, 0x38, 0xD2, 0xC2, 0x20, 0x9B, 0x93, 0x05, 0xE7, 0x5D, 0xEE, 0x5F, 0xAE, 0x0D,
    0xC8, 0xE8, 0xED, 0x17, 0xF6, 0x19, 0x5C, 0xE2, 0x1A, 0xA2, 0x2C, 0x5E, 0xE3, 0x23, 0x17, 0x01,
    0x13, 0x37, 0x1C, 0xA2, 0x4E, 0x04, 0x5E, 0x1B, 0xB2, 0x68, 0xB1, 0x5F, 0x51, 0xC3, 0x7A, 0x2D,
    0x6E, 0x0E, 0x43, 0xE8, 0x3A, 0x3C, 0xBF, 0xBF, 0xAA, 0x7A, 0x06, 0x76, 0x52, 0xDA, 0xD7, 0xCD,
    0x60, 0xD8, 0x94, 0x3B, 0xA8, 0xCA, 0xAF, 0xBB, 0x80, 0xA5, 0xA1, 0x7E, 0xB4, 0x13, 0x38, 0xF6,
    0x7B, 0x01, 0xED, 0x49, 0xB6, 0x5B, 0x7F, 0xF7, 0x3A, 0xF7, 0xF2, 0xDD, 0xBA, 0xA3, 0xAC, 0x18,
    0x97, 0xF3, 0x16, 0x91, 0x33, 0x85, 0x98, 0x4C, 0xFE, 0xF6, 0x51, 0x09, 0x3D, 0xDC, 0x19, 0x9D,
    0x16, 0x00, 0x5D, 0x8F, 0xAC, 0x3E, 0xF6, 0x1B, 0x91, 0x6A, 0x25, 0x0B, 0xBB, 0x47, 0x9E, 0xE9,
    0x51, 0x8C, 0xA6, 0x85, 0xE9, 0x3E, 0xA4, 0x02, 0x7E, 0xEE, 0x26, 0x9D, 0xAF, 0xEA, 0xA8, 0xF0,
    0xD1, 0x23, 0x12, 0x8F, 0x02, 0xEF, 0xC7, 0x6E, 0x24, 0xB1, 0xD7, 0x17, 0x48, 0x93, 0xDE, 0xA9,
    0xE5, 0xCA, 0xF2, 0xBE, 0x8C, 0x13, 0x1C, 0x5A, 0xF6, 0xB7, 0xDD, 0xE9, 0x18, 0x3E, 0x79, 0x5D,
    0x1C, 0x5E, 0x45, 0xA6, 0xF3, 0xBA, 0x6A, 0x5B, 0x8E, 0x26, 0xDE, 0xD5, 0x8C, 0x19, 0x8F, 0xF7,
    0x76, 0x0E, 0xC1, 0x69, 0x63, 0x10, 0xFE, 0xC4, 0x1A, 0xDE, 0x66, 0x2C, 0x62, 0xDC, 0xB8, 0x51,
    0x77, 0x86, 0x1B, 0x41, 0xDC, 0xE8, 0x2C, 0x25, 0xDC, 0xA3, 0x52, 0x5B, 0x49, 0x94, 0xD8, 0xF8,
    0x8A, 0x96, 0x0D, 0x3E, 0x3B, 0xA9, 0x53, 0xB2, 0x35, 0x9F, 0xBF, 0xA8, 0xC4, 0x57, 0xEC, 0xA7,
    0xE5, 0x7A, 0xC0, 0xCD, 0xF5, 0xF8, 0x7D, 0xD8, 0xE2, 0xFE, 0x3C, 0x1C, 0xE9, 0x8D, 0x2F, 0xF0,
    0x3C, 0xE5, 0xE7, 0xE6, 0x48, 0xC4, 0xB7, 0x66, 0x1E, 0x97, 0xC9, 0x90, 0x6F, 0x16, 0x6E, 0xC4,
    0x44, 0xCA, 0xE5, 0x86, 0x63, 0x73, 0x69, 0x0D, 0x9D, 0x56, 0xC9, 0xC7, 0x91, 0x95, 0x77, 0x90,
    0x96, 0x03, 0x32, 0x7B, 0xC2, 0xD8, 0xFF, 0xDC, 0xA8, 0x2B, 0x72, 0x65, 0xDE, 0x23, 0xC2, 0x50,
    0xE9, 0x90, 0xF6, 0xE2, 0x3E, 0x07, 0x63, 0x1A, 0xEA, 0x60, 0x58, 0xFF, 0x75, 0xFE, 0x18, 0x38,
    0x69, 0x7C, 0x45, 0x16, 0x5B, 0x5E, 0xD9, 0x13, 0x39, 0x53, 0xEE, 0xC8, 0x94, 0x02, 0x16, 0x9A,
    0xAB, 0xC9, 0xB7, 0x87, 0xF4, 0x47, 0x63, 0xFA, 0x9D, 0x21, 0x7E, 0xB5, 0xFD, 0xC5, 0x3B, 0x04,
    0x02, 0xCD, 0xA7, 0xBC, 0xAF, 0x77, 0x62, 0xB1, 0xFF, 0x62, 0x65, 0x7F, 0xD4, 0x79, 0x9F, 0xED,
    0x7C, 0x94, 0xF9, 0x52, 0x14, 0xEC, 0x95, 0x9F, 0xA8, 0xDB, 0x36, 0xB8, 0x1C, 0x58, 0xD3, 0xA7,
    0x6E, 0xF9, 0x2E, 0x81, 0xDC, 0x4F, 0x87, 0xF1, 0xEC, 0x69, 0x5C, 0xD3, 0xF3, 0x53, 0xAD, 0xDC,
    0xA3, 0x92, 0x30, 0x53, 0x55, 0x2C, 0xE1, 0xBA, 0xF4, 0x87, 0x16, 0x74, 0xA9, 0x67, 0x03, 0xA9,
    0x83, 0x70, 0xA0, 0x22, 0x4B, 0xE5, 0x66, 0x2D, 0x72, 0xF7, 0x2D, 0x77, 0x6B, 0xCE, 0x75, 0x08,
    0xDA, 0xB8, 0x8D, 0x07, 0x70, 0xAA, 0xF4, 0x1C, 0x9D, 0x42, 0x3B, 0x29, 0xA5, 0x32, 0x48, 0x1D,
    0x2F, 0x2A, 0x18, 0x9F, 0x26, 0x4D, 0x8F, 0xFA, 0xA2, 0x47, 0x34, 0xBD, 0xD4, 0x9A, 0x06, 0xBC,
    0x5B, 0x7A, 0x44, 0x6B, 0x10, 0xBD, 0x28, 0xA8, 0xA3, 0x62, 0x5B, 0x34, 0x5F, 0x06, 0x1A, 0x71,
    0x2C, 0xA9, 0x88, 0xD9, 0x20, 0x75, 0x57, 0xB7, 0x5F, 0x87, 0xF3, 0xA1, 0x4E, 0x53, 0x9D, 0xEB,
    0x97, 0x72, 0x77, 0x6D, 0xBA, 0x36, 0xAF, 0xCC, 0xA2, 0x90, 0x62, 0x21, 0x64, 0x3E, 0x71, 0x79,
    0x57, 0x7D, 0x34, 0x56, 0xDD, 0x19, 0xD5, 0x2D, 0x85, 0xC6, 0x27, 0x47, 0x76, 0xA8, 0x52, 0x0D,
    0xC6, 0xCC, 0xFB, 0x9F, 0xE9, 0x3F, 0xF7, 0x2E, 0xE8, 0x8B, 0xDB, 0x81, 0xAC, 0xB2, 0x9F, 0x60,
    0xC4, 0x15, 0x5F, 0xC7, 0xDE, 0xEB, 0x7D, 0xDC, 0xB8, 0xB3, 0x8C, 0xD3, 0x06, 0x45, 0x8A, 0xAF,
    0xE4, 0xCA, 0xA2, 0xFD, 0x5A, 0xFE, 0xDF, 0x74, 0x40, 0x82, 0x8F, 0xE2, 0x37, 0x19, 0xB4, 0x6F,
    0x02, 0x73, 0x5C, 0x33, 0x68, 0x78, 0x41, 0xEF, 0xCF, 0xC0, 0x3F, 0x48, 0x5B, 0x97, 0xF7, 0xC9,
    0x1B, 0x8F, 0xD3, 0x1B, 0x1F, 0xA3, 0x37, 0xEE, 0x28, 0x19, 0x74, 0x34, 0xEC, 0xF7, 0x07, 0x2A,
    0xF0, 0x78, 0x8E, 0xE2, 0xA9, 0x3D, 0x87, 0x24, 0x3D, 0x2D, 0x37, 0x22, 0xAA, 0x2D, 0x5C, 0xFD,
    0x8E, 0x38, 0x78, 0x51, 0xFB, 0x73, 0xEF, 0x06, 0x15, 0xE1, 0x70, 0xA9, 0xF7, 0x5A, 0x18, 0x37,
    0x6D, 0xA9, 0x7B, 0x9A, 0xAE, 0x1D, 0xE4, 0x15, 0xAF, 0x0F, 0xA8, 0xE3, 0x01, 0x6F, 0x51, 0xA7,
    0x03, 0x3A, 0x96, 0x16, 0x33, 0x84, 0x3A, 0x57, 0xFB, 0x93, 0x21, 0xAA, 0xA9, 0x7F, 0x38, 0xA4,
    0x76, 0xD1, 0x9F, 0xFE, 0x8A, 0xDC, 0x9A, 0x7F, 0xE6, 0xF9, 0xF1, 0x80, 0xFA, 0xB3, 0xC1, 0xD8,
    0x53, 0x9F, 0x04, 0x73, 0x4B, 0x17, 0xF6, 0x81, 0x2B, 0xA9, 0xBB, 0xC0, 0x81, 0x9A, 0x8E, 0xA0,
    0xE6, 0xB5, 0xF7, 0xF6, 0xF2, 0x0B, 0xA2, 0x6B, 0xA8, 0xCA, 0xA4, 0x0B, 0xE4, 0xD6, 0x0E, 0x03,
    0x52, 0x7E, 0x32, 0x22, 0xB5, 0x01, 0x55, 0xC6, 0x28, 0x1D, 0xC9, 0x58, 0x07, 0x9C, 0x30, 0x51,
    0x78, 0x2C, 0x79, 0x63, 0x51, 0xC1, 0x84, 0x7E, 0x51, 0xD1, 0x14, 0xB4, 0x3C, 0x5B, 0x3C, 0x26,
    0xC4, 0x93, 0x67, 0xAF, 0x10, 0xE1, 0xDD, 0x97, 0xAF, 0x30, 0x9E, 0x8F, 0x5B, 0xC3, 0x79, 0x2D,
    0x6A, 0xD3, 0x52, 0xC1, 0x28, 0xD5, 0xE4, 0x56, 0x5D, 0x6C, 0xF0, 0x56, 0x83, 0xA1, 0x16, 0xCC,
    0xC0, 0xB6, 0xF3, 0xA3, 0x4C, 0xF5, 0x5C, 0x71, 0x76, 0x6B, 0xBE, 0x5D, 0xE2, 0x62, 0xD4, 0xC7,
    0x25, 0x9E, 0x8B, 0xBA, 0xD8, 0xFA, 0xAC, 0x51, 0x1D, 0x3E, 0xFB, 0xF4, 0xB2, 0x6E, 0xC6, 0xFD,
    0xD3, 0xD4, 0xFE, 0xDE, 0x8C, 0x12, 0x94, 0x05, 0xE0, 0xD4, 0x98, 0x80, 0x99, 0xF5, 0x6F, 0x81,
    0x9E, 0x75, 0x38, 0x3F, 0xDF, 0xE2, 0xE6, 0x56, 0xF7, 0x78, 0xFB, 0x87, 0x08, 0xD0, 0x19, 0x82,
    0x58, 0x3E, 0x09, 0x23, 0x4F, 0x10, 0xA4, 0x1C, 0xA8, 0x98, 0x07, 0x2A, 0x20, 0x54, 0x2A, 0x45,
    0x1F, 0x16, 0xA2, 0xCA, 0x29, 0x2E, 0xE6, 0x6B, 0x3E, 0xFC, 0x2A, 0x29, 0x55, 0xCA, 0x80, 0xF5,
    0x28, 0x5F, 0x95, 0xB1, 0x3A, 0x07, 0x32, 0x04, 0x33, 0x53, 0x15, 0x9F, 0xF7, 0x95, 0xB2, 0xF5,
    0x95, 0xF2, 0xCC, 0xED, 0xCF, 0x39, 0x37, 0xAC, 0x7E, 0x32, 0xEF, 0x10, 0xD3, 0x4C, 0xF0, 0x05,
    0xD3, 0xCB, 0xDF, 0x84, 0x28, 0xC8, 0xB9, 0x0C, 0xA9, 0xEA, 0xE1, 0xA2, 0xA0, 0x55, 0x6B, 0xEA,
    0xF6, 0xBC, 0x81, 0x12, 0xCA, 0x70, 0xF4, 0x0D, 0x15, 0x3E, 0x3D, 0x00, 0x7E, 0x7A, 0x78, 0x55,
    0x5E, 0x54, 0x8D, 0xA7, 0x23, 0x5F, 0xE2, 0xC3, 0xBF, 0xF4, 0xA5, 0x32, 0x80, 0xEE, 0x4C, 0x5B,
    0x1F, 0x2A, 0x6A, 0x28, 0x32, 0x7D, 0x03, 0xBE, 0xC1, 0x9D, 0xA8, 0x1A, 0x95, 0x88, 0x84, 0xF5,
    0x8F, 0x87, 0x87, 0xB5, 0x26, 0xD5, 0xD9, 0x6C, 0xBD, 0xFD, 0x29, 0x9C, 0x83, 0xD8, 0x8A, 0xCA,
    0xE5, 0x19, 0xD6, 0xAC, 0x73, 0xA1, 0x6A, 0x58, 0xBC, 0x8E, 0xE4, 0xBB, 0x6E, 0x5D, 0x9F, 0x0A,
    0xCB, 0x33, 0x28, 0x95, 0x71, 0x3D, 0x0A, 0xCC, 0xFD, 0x02, 0x40, 0xC5, 0xE1, 0xB4, 0xF3, 0xF4,
    0xEB, 0x53, 0x8D, 0xF4, 0x07, 0xB7, 0xA5, 0x6A, 0xCF, 0xE1, 0xA4, 0xB2, 0x92, 0x8A, 0xD0, 0x1B,
    0x01, 0x4F, 0x5A, 0x3C, 0xA5, 0xCC, 0x0B, 0x5A, 0x18, 0xDD, 0x96, 0xD2, 0xEB, 0xC5, 0xBC, 0xED,
    0xD3, 0x7C, 0x15, 0x52, 0x08, 0x4A, 0x45, 0xAB, 0x4A, 0x26, 0xA9, 0x0B, 0x77, 0xA5, 0x0E, 0x8E,
    0xA5, 0xAE, 0x17, 0x52, 0x9D, 0xA1, 0x0C, 0x1B, 0xA9, 0xA8, 0x36, 0x96, 0xE3, 0x1F, 0x16, 0x4A,
    0x3E, 0xE7, 0x14, 0xED, 0xD5, 0x11, 0x61, 0xDC, 0x39, 0x16, 0x9A, 0xEE, 0x2E, 0x55, 0xD4, 0x8C,
    0x04, 0x15, 0x97, 0x23, 0x9D, 0x98, 0x06, 0x23, 0x8D, 0xB9, 0x14, 0x0E, 0x0C, 0xEE, 0x83, 0xA8,
    0xA7, 0xEA, 0x97, 0x70, 0xEF, 0x11, 0x52, 0x0D, 0x38, 0x3F, 0xC5, 0xED, 0xD1, 0x0C, 0xE3, 0x92,
    0xD6, 0x6D, 0xF7, 0xA0, 0x21, 0x61, 0x45, 0xBA, 0x91, 0x65, 0x3E, 0x3D, 0x69, 0x58, 0xAA, 0x72,
    0xD2, 0x87, 0xCC, 0x22, 0x68, 0x32, 0xED, 0x2F, 0x6A, 0x24, 0xD5, 0xED, 0x1A, 0x17, 0xF2, 0xB4,
    0xC6, 0x81, 0x49, 0x1A, 0xDC, 0x31, 0x71, 0x8B, 0xF6, 0xCA, 0x12, 0x06, 0xF5, 0x2B, 0x51, 0x97,
    0xD4, 0x27, 0x51, 0x9F, 0x37, 0x63, 0x36, 0x55, 0xCD, 0x60, 0xE6, 0x35, 0x27, 0x53, 0xEB, 0xD3,
    0x52, 0xD9, 0x3A, 0x2B, 0x7F, 0xFD, 0x98, 0xAE, 0xF6, 0xDC, 0xE8, 0x9B, 0xB5, 0x27, 0x48, 0x9F,
    0xF5, 0x4F, 0xD1, 0xA6, 0x09, 0x1B, 0xFD, 0xE2, 0x26, 0xDA, 0x22, 0x43, 0x28, 0xF8, 0xBE, 0xC3,
    0x19, 0xE3, 0x13, 0x84, 0xEF, 0x7D, 0x72, 0x7B, 0xCA, 0xBD, 0xD7, 0x33, 0x84, 0x2F, 0x7E, 0xF3,
    0x7B, 0x83, 0x0A, 0x7E, 0x9A, 0xFE, 0xF3, 0xA0, 0xEC, 0xBD, 0x94, 0x7E, 0x65, 0x54, 0x02, 0x1F,
    0xA8, 0x61, 0x2C, 0xEE, 0x64, 0x25, 0x1B, 0x08, 0xBA, 0xDC, 0x4E, 0x0C, 0xB7, 0xA8, 0xF6, 0xA7,
    0xAA, 0x49, 0x69, 0x50, 0x11, 0x60, 0x8A, 0x02, 0x15, 0xC3, 0xCD, 0x60, 0xB7, 0x34, 0xCE, 0xBB,
    0xBF, 0x72, 0x37, 0xEF, 0x9E, 0x73, 0x4D, 0xE5, 0x7E, 0xEC, 0x16, 0x4F, 0xBB, 0x96, 0xE1, 0x75,
    0x0C, 0x86, 0x17, 0x9C, 0xE8, 0x4F, 0xF8, 0xAE, 0xE0, 0xC7, 0x47, 0xAA, 0xF8, 0x8F, 0x65, 0x5C,
    0xCF, 0xF1, 0x6C, 0x5A, 0x52, 0xBD, 0x9C, 0xD6, 0xE4, 0x05, 0xDD, 0xA2, 0x14, 0x5E, 0x0D, 0xC3,
    0xEB, 0xDD, 0x77, 0x1B, 0xC6, 0x55, 0xFA, 0x99, 0x76, 0x51, 0x4F, 0x66, 0xBF, 0xDB, 0x21, 0x2B,
    0x9F, 0xCB, 0x79, 0xDE, 0x57, 0xBE, 0x69, 0xB8, 0x0A, 0x3D, 0xDF, 0x1A, 0xA6, 0x5F, 0x54, 0x5F,
    0x61, 0xF4, 0x66, 0xED, 0x2B, 0xC9, 0x8C, 0x63, 0xD3, 0x9D, 0x64, 0xE2, 0xD2, 0xCE, 0x39, 0x62,
    0x97, 0x5A, 0x78, 0xF4, 0xE1, 0xE1, 0x6A, 0x6D, 0xB4, 0xD2, 0xC9, 0xA4, 0x94, 0xA3, 0x2E, 0x29,
    0x61, 0x15, 0x82, 0xC1, 0x18, 0x2A, 0xBB, 0xA6, 0xA4, 0xA4, 0x2A, 0x2E, 0x6D, 0x59, 0x02, 0xCF,
    0x96, 0x50, 0xFD, 0xFD, 0x37, 0x46, 0xDA, 0x22, 0xD2, 0x11, 0xF5, 0x59, 0xBD, 0xE3, 0x36, 0x52,
    0x17, 0x3A, 0x69, 0x93, 0xDB, 0x45, 0xF1, 0x40, 0x5A, 0x57, 0x5B, 0x52, 0xD5, 0x22, 0x0A, 0xCF,
    0xCE, 0x38, 0x63, 0x33, 0x4C, 0x79, 0xD4, 0x2D, 0xA9, 0x99, 0xB7, 0xAE, 0x34, 0xAE, 0x4B, 0x7A,
    0xE6, 0x84, 0x63, 0x9F, 0x54, 0x9A, 0x70, 0xAD, 0x16, 0xAF, 0x20, 0xAA, 0x95, 0xF0, 0x19, 0x44,
    0x96, 0x6E, 0x50, 0x25, 0x5F, 0xEF, 0xA8, 0xA2, 0x1F, 0xD7, 0x54, 0x2B, 0xB5, 0x8D, 0x4F, 0xA7,
    0xC2, 0x72, 0xF4, 0x31, 0xD5, 0x5A, 0x25, 0x55, 0x04, 0x03, 0x23, 0x63, 0x0E, 0xFA, 0xA4, 0x5D,
    0xD0, 0x86, 0x1D, 0x0F, 0x6C, 0x7A, 0x65, 0x71, 0xDE, 0x66, 0xA7, 0x7A, 0xD6, 0xAF, 0x70, 0xA8,
    0x54, 0xEA, 0x08, 0xC0, 0x75, 0x0C, 0xBE, 0x50, 0x2D, 0x15, 0xEB, 0xE9, 0xF0, 0xF0, 0xC5, 0x5A,
    0xE1, 0x37, 0x81, 0x18, 0x18, 0x7F, 0x05, 0x61, 0x29, 0x00, 0x8D, 0x96, 0xB4, 0x48, 0x61, 0x14,
    0x29, 0x04, 0x89, 0x20, 0xD5, 0x4A, 0xC1, 0xF7, 0x65, 0x50, 0xF2, 0x1B, 0x3D, 0xD6, 0x28, 0xBC,
    0x26, 0xF7, 0xA5, 0x4E, 0x2F, 0xBB, 0xC6, 0xE1, 0x54, 0x1D, 0x35, 0x6B, 0x20, 0xB6, 0xBB, 0xA4,
    0xD3, 0xDC, 0xE4, 0xF5, 0xDD, 0xA8, 0xF3, 0x4F, 0xA2, 0x8C, 0x6C, 0x69, 0x3D, 0x19, 0xD9, 0xBF,
    0x21, 0x45, 0x1D, 0xD8, 0x2A, 0x68, 0x92, 0x5A, 0x95, 0x8E, 0x62, 0xA2, 0x41, 0xF1, 0xB8, 0x58,
    0xB7, 0x3E, 0xE5, 0x95, 0xD7, 0x2C, 0xBC, 0x8C, 0xC8, 0xCA, 0x1E, 0x4D, 0x70, 0x76, 0x09, 0xC9,
    0xD3, 0xC0, 0x39, 0x7B, 0x54, 0x9B, 0x11, 0x7A, 0x98, 0xF6, 0x19, 0x59, 0xAD, 0x45, 0x49, 0xCF,
    0xF7, 0x85, 0x03, 0x0F, 0x16, 0x5A, 0xC6, 0x65, 0x8E, 0x44, 0x11, 0x99, 0x96, 0x97, 0x40, 0x1D,
    0x37, 0xBD, 0x28, 0x6B, 0xF4, 0xA3, 0xC6, 0x97, 0xBE, 0x53, 0x2C, 0xC1, 0x79, 0x6B, 0x76, 0x55,
    0xC9, 0xE8, 0x6C, 0xEF, 0x6A, 0x4B, 0x94, 0xD7, 0x63, 0xD2, 0x88, 0x82, 0x8E, 0x31, 0xEF, 0x83,
    0xAB, 0x80, 0x85, 0xC5, 0x3C, 0x3F, 0x06, 0x7D, 0xB4, 0xE8, 0x68, 0x20, 0x52, 0x98, 0xAC, 0xCB,
    0xA6, 0x80, 0x41, 0x5A, 0x1A, 0xF9, 0x1F, 0x8F, 0x88, 0x13, 0xA6, 0x6A, 0xC7, 0x5F, 0xBD, 0x0F,
    0x3E, 0xF1, 0xAC, 0xF0, 0x9B, 0x29, 0x8E, 0x58, 0xCD, 0xA2, 0xF9, 0x36, 0xFD, 0xDB, 0x9D, 0xFD,
    0x3F, 0x85, 0x32, 0x4B, 0x19, 0x80, 0x52, 0xBB, 0xA9, 0xAD, 0x88, 0xC6, 0x3D, 0x65, 0xD1, 0xE8,
    0xA8, 0x8B, 0x5D, 0xDE, 0x52, 0x6F, 0xA2, 0x57, 0xEC, 0x69, 0xFB, 0xCE, 0x59, 0xB9, 0x7D, 0xAA,
    0xAD, 0xB7, 0xF8, 0xCC, 0x47, 0xDC, 0xC0, 0x6E, 0xEE, 0x5B, 0x6E, 0xA5, 0xF7, 0x4E, 0x72, 0x2D,
    0x9E, 0x60, 0x3B, 0x76, 0x40, 0xFE, 0x03, 0xDD, 0x44, 0xB8, 0xFB, 0x47, 0x96, 0x5C, 0x7F, 0xA3,
    0xD3, 0x41, 0x43, 0xAA, 0xDF, 0xE7, 0x1D, 0x70, 0x99, 0x09, 0x96, 0xB7, 0xEC, 0x89, 0x51, 0xC3,
    0x93, 0x1C, 0x43, 0x33, 0x5E, 0xA1, 0x45, 0xCF, 0x6E, 0x77, 0x17, 0x9A, 0xE6, 0xE0, 0xDA, 0xE8,
    0x4F, 0x48, 0xCF, 0xDD, 0xEA, 0x64, 0xD3, 0x66, 0x5E, 0xB1, 0xB5, 0x14, 0xFB, 0x7C, 0xAA, 0xBC,
    0x6A, 0x71, 0x8E, 0x46, 0xE6, 0x04, 0xA7, 0xCF, 0x8F, 0x11, 0xD0, 0x33, 0x45, 0xC7, 0x12, 0x30,
    0x20, 0x99, 0xAF, 0xFA, 0xC5, 0xAF, 0xEA, 0x52, 0xD7, 0x98, 0xB1, 0xEA, 0x12, 0x57, 0x9A, 0x21,
    0x65, 0x90, 0x14, 0x36, 0x69, 0xB5, 0xE4, 0xA5, 0x4D, 0xD4, 0x8B, 0xC2, 0x46, 0xDD, 0xA2, 0xD6,
    0x33, 0x76, 0x45, 0x12, 0x55, 0xA9, 0x2F, 0x99, 0x92, 0x5F, 0xD2, 0xAD, 0xB4, 0x2E, 0xA7, 0x33,
    0x2E, 0xD4, 0xA6, 0xCC, 0x74, 0x19, 0x55, 0xF3, 0x70, 0x1D, 0x69, 0x67, 0x3E, 0xCE, 0xCA, 0xA0,
    0x3C, 0xA2, 0xEF, 0xBE, 0xB4, 0x4D, 0x8D, 0x30, 0xEB, 0x35, 0xEE, 0xAB, 0x70, 0x55, 0x2F, 0xB9,
    0xAB, 0x54, 0x6B, 0x95, 0x51, 0x58, 0x6C, 0x1C, 0x1D, 0x07, 0x7B, 0xF2, 0x39, 0xC9, 0x97, 0x25,
    0xEF, 0x48, 0xAE, 0x27, 0x1D, 0xDD, 0x31, 0xAA, 0x2E, 0x68, 0x9D, 0x5D, 0x42, 0xBF, 0x2D, 0xCA,
    0xA8, 0x8B, 0x9A, 0xB4, 0x8C, 0xDB, 0xA8, 0x4E, 0xEA, 0xA4, 0x8D, 0xEB, 0x78, 0x81, 0x9E, 0xD4,
    0x51, 0x99, 0xD6, 0x69, 0x29, 0x69, 0x63, 0xBB, 0xE0, 0xB6, 0x09, 0x72, 0x9B, 0x23, 0x55, 0xB9,
    0x7A, 0x72, 0x91, 0x57, 0x70, 0x20, 0x79, 0x07, 0x79, 0xFD, 0x4A, 0xD8, 0x22, 0xEB, 0x4E, 0xF2,
    0x72, 0xBD, 0xC1, 0x63, 0xA1, 0x6A, 0x08, 0x78, 0xBB, 0x23, 0x50, 0x7A, 0x78, 0x79, 0x86, 0x23,
    0xAE, 0xB2, 0xA1, 0xF4, 0xAF, 0xF3, 0xB2, 0xCC, 0x2D, 0xAC, 0x1D, 0xB1, 0x9E, 0x4E, 0xC9, 0x6B,
    0x7E, 0x41, 0xC7, 0x70, 0x98, 0x44, 0x91, 0x46, 0x16, 0x92, 0x58, 0x85, 0x25, 0xED, 0x24, 0xBF,
    0xF5, 0xC2, 0x22, 0xF3, 0x77, 0x9D, 0x8D, 0x06, 0x73, 0xBF, 0x3A, 0x3D, 0xEA, 0x4D, 0x1D, 0x3B,
    0xD7, 0x9B, 0x12, 0x4F, 0xFF, 0x1E, 0x39, 0xE2, 0xF6, 0xB4, 0x39, 0xDB, 0xA6, 0xA6, 0x2C, 0x2C,
    0xE3, 0x73, 0xF6, 0xCF, 0xE5, 0xA4, 0x2D, 0xBB, 0x8F, 0x7A, 0x8E, 0x16, 0xB8, 0xBF, 0x9D, 0x45,
    0xEE, 0xEE, 0x3D, 0x48, 0xF8, 0x62, 0x22, 0x33, 0xEF, 0xA8, 0xD4, 0xAD, 0xE7, 0x8E, 0x48, 0xFC,
    0x75, 0xA1, 0xD1, 0x66, 0xB2, 0x34, 0x5F, 0xB6, 0xCC, 0xD7, 0xD3, 0xAA, 0x2C, 0x9E, 0xAF, 0x9C,
    0xAD, 0xF0, 0x08, 0x97, 0x3E, 0x54, 0x14, 0x93, 0xEA, 0xBB, 0x36, 0x19, 0x2B, 0xEB, 0x49, 0xDF,
    0xAB, 0xF6, 0xAF, 0x18, 0x8D, 0xEB, 0x48, 0x1D, 0x73, 0xF7, 0x3A, 0x12, 0x27, 0x72, 0x93, 0x7F,
    0x59, 0x95, 0xF3, 0xF2, 0xEA, 0xCA, 0x01, 0x62, 0xC6, 0x9D, 0xC2, 0x3C, 0x6A, 0xA4, 0x62, 0xAD,
    0xFC, 0xA2, 0x04, 0x8C, 0x45, 0x48, 0x5D, 0x5E, 0x03, 0xE9, 0xC6, 0xAA, 0xD6, 0x04, 0x0F, 0x3A,
    0xA9, 0xA8, 0xA1, 0x32, 0x71, 0x2D, 0x95, 0x5A, 0xA9, 0x3F, 0x80, 0xD4, 0x1F, 0x4B, 0xE5, 0x37,
    0xA4, 0xB2, 0x7E, 0x55, 0x1D, 0xFC, 0xFC, 0x48, 0xD5, 0x7B, 0x94, 0xB0, 0x03, 0x6F, 0x0D, 0x3A,
    0x84, 0x8E, 0x89, 0xF0, 0xEF, 0xED, 0x5D, 0x01, 0x68, 0x26, 0xC7, 0x75, 0x7E, 0xB3, 0xFF, 0x9D,
    0x36, 0xF6, 0x92, 0x5B, 0x03, 0x76, 0x48, 0xEB, 0x9C, 0xB6, 0x40, 0x80, 0xB6, 0xB1, 0x6E, 0x0B,
    0x98, 0xF6, 0x80, 0xFF, 0xB4, 0xEB, 0x04, 0x08, 0x10, 0xC0, 0x02, 0xE2, 0x14, 0x6A, 0xC0, 0x01,
    0x28, 0x90, 0xB4, 0x70, 0x01, 0x0E, 0x50, 0xE9, 0x59, 0xBB, 0x6E, 0x28, 0x05, 0x0A, 0xE4, 0xA0,
    0x26, 0x05, 0x02, 0xF4, 0x0A, 0x2D, 0x04, 0x19, 0x90, 0xA0, 0x57, 0x68, 0x41, 0xA7, 0xDD, 0x38,
    0x80, 0x01, 0x03, 0xD9, 0x86, 0x3A, 0x05, 0x0A, 0xB0, 0x4D, 0x5C, 0x42, 0x2F, 0xD0, 0x6C, 0xD2,
    0xDF, 0xC9, 0x46, 0xB7, 0xFF, 0x4E, 0xFF, 0xF7, 0xBD, 0x7D, 0xD2, 0xAC, 0x25, 0x9D, 0xA2, 0x9C,
    0x65, 0xEB, 0xDC, 0x2E, 0xA7, 0x37, 0x73, 0x92, 0xEE, 0xFE, 0x99, 0x37, 0x33, 0xB3, 0x6F, 0xDE,
    0xFB, 0xDE, 0x37, 0xFE, 0xBF, 0xF1, 0x19, 0x29, 0x44, 0x4B, 0xAF, 0xE0, 0xDC, 0x3C, 0x45, 0x03,
    0xEF, 0xA0, 0x7D, 0x0D, 0x4B, 0xF8, 0xDC, 0xE7, 0x78, 0x59, 0xDD, 0x0D, 0xC0, 0x17, 0x10, 0x62,
    0x0D, 0xAE, 0xB0, 0x4C, 0xA6, 0x90, 0x77, 0x20, 0x1B, 0xC8, 0x4A, 0x31, 0xD8, 0xFA, 0x2C, 0xDD,
    0x02, 0x5D, 0xC7, 0x00, 0xA2, 0x30, 0x6D, 0x94, 0x73, 0xF9, 0xF2, 0x40, 0xD9, 0xE1, 0xC9, 0xDC,
    0x4A, 0xEF, 0x90, 0xFB, 0x3C, 0x4A, 0x7A, 0xFD, 0x12, 0xFC, 0x0E, 0x89, 0xE4, 0x1E, 0xBE, 0x02,
    0xFF, 0x47, 0xB5, 0x83, 0x63, 0x77, 0x8C, 0xA5, 0x0C, 0xA5, 0x7D, 0x90, 0x23, 0x30, 0x3E, 0xF9,
    0xE4, 0x28, 0x25, 0xFF, 0x03, 0x0F, 0xDE, 0x3B, 0x0A, 0x3A, 0xCF, 0xA4, 0x56, 0xE8, 0x5B, 0x40,
    0x01, 0xD2, 0x83, 0x31, 0xF0, 0x06, 0x6F, 0xA0, 0x01, 0xEF, 0x48, 0xDF, 0x63, 0xB8, 0x64, 0xC8,
    0xB5, 0x8A, 0xCF, 0x2A, 0xE2, 0x0D, 0x4C, 0x68, 0x52, 0xC7, 0x25, 0x6A, 0xE9, 0x84, 0x73, 0x46,
    0xB0, 0x6D, 0x4A, 0x5A, 0x4E, 0x52, 0x46, 0xB9, 0x5F, 0x4A, 0x2D, 0x2C, 0x83, 0x3C, 0xC3, 0x5A,
    0x0E, 0xCB, 0x70, 0x21, 0x61, 0x77, 0x56, 0xCB, 0x94, 0xE0, 0x9C, 0xE3, 0xD7, 0x53, 0xAE, 0x19,
    0xCE, 0xB1, 0x5C, 0xA7, 0x24, 0x87, 0x9F, 0xB2, 0xD1, 0x4C, 0x89, 0xC9, 0x4F, 0x05, 0xF7, 0x5A,
    0x91, 0xF7, 0xF3, 0x12, 0x90, 0xBD, 0x94, 0x8C, 0xE5, 0xAF, 0x6F, 0x00, 0xB1, 0x8A, 0x4E, 0x56,
    0xBA, 0xFD, 0xAE, 0xB1, 0x40, 0x47, 0x1D, 0xD2, 0x81, 0xD1, 0x9A, 0x88, 0x49, 0x9F, 0xB9, 0xE3,
    0x89, 0x90, 0x27, 0xB3, 0xA5, 0xFE, 0xD6, 0x2F, 0xDE, 0xE5, 0xA9, 0xCF, 0x33, 0x0E, 0x0D, 0x66,
    0x3F, 0x9A, 0x5D, 0xAF, 0xBD, 0xB9, 0x99, 0xF3, 0x61, 0xC3, 0x30, 0x26, 0xB3, 0x67, 0x8F, 0x1F,
    0x67, 0xB9, 0x2C, 0xCA, 0x6B, 0x0C, 0xAE, 0x58, 0x7C, 0xEF, 0x66, 0xBC, 0x28, 0xBD, 0x96, 0x76,
    0x58, 0xC1, 0xA6, 0xA3, 0x59, 0x06, 0xA3, 0x87, 0x9A, 0x8C, 0xDB, 0xDB, 0x79, 0x75, 0xC1, 0xE5,
    0xDD, 0x49, 0x59, 0x70, 0xAB, 0x37, 0x82, 0xBC, 0xC0, 0x61, 0x2D, 0x14, 0xC4, 0x76, 0xB2, 0x02,
    0x10, 0x1C, 0x4F, 0x45, 0xC0, 0x22, 0xA2, 0x46, 0x02, 0x25, 0x61, 0x8D, 0x48, 0x09, 0xBA, 0x72,
    0x11, 0x4E, 0x9F, 0x31, 0x2E, 0xBC, 0x1D, 0xFA, 0xDC, 0x8C, 0x7B, 0x5C, 0x0C, 0x1D, 0x68, 0xB5,
    0x23, 0xC3, 0xF6, 0x9D, 0x3A, 0x06, 0xC4, 0xF0, 0xD3, 0x02, 0x67, 0x2D, 0x7F, 0x9E, 0x31, 0xA2,
    0x31, 0xAE, 0x9E, 0x04, 0x88, 0x3C, 0x45, 0xC2, 0x6B, 0x4F, 0x72, 0x22, 0x55, 0xDC, 0x24, 0x60,
    0x8A, 0x0D, 0x8A, 0xA8, 0x46, 0x11, 0x97, 0xF8, 0x59, 0x82, 0x42, 0x0F, 0x3D, 0x5C, 0x98, 0x39,
    0x46, 0xDC, 0xEB, 0x50, 0x00, 0x2E, 0x00, 0x95, 0x73, 0x81, 0xF7, 0x2D, 0x49, 0x58, 0x91, 0x3F,
    0x0B, 0xC8, 0xF4, 0x39, 0xFF, 0x56, 0x86, 0x41, 0xC1, 0xB9, 0x94, 0x8D, 0x75, 0x0C, 0x87, 0xB1,
    0xEE, 0xC0, 0xE9, 0xB3, 0x04, 0x0F, 0x58, 0x35, 0x58, 0x22, 0x31, 0xF7, 0xC1, 0x46, 0x5F, 0xAB,
    0x26, 0xEC, 0xC8, 0xC5, 0xBB, 0x02, 0x70, 0xCA, 0xB8, 0x5C, 0x88, 0x24, 0x67, 0x91, 0x2E, 0x04,
    0x52, 0xA9, 0x90, 0x47, 0x55, 0x0C, 0x9C, 0x31, 0x61, 0x95, 0x71, 0x43, 0x00, 0x98, 0x8E, 0xDE,
    0xF8, 0x97, 0x8E, 0x02, 0xF8, 0x8D, 0x91, 0x45, 0x10, 0x0D, 0x69, 0xB5, 0xEE, 0x63, 0x6C, 0x85,
    0xD2, 0x1F, 0xB2, 0x27, 0x2E, 0x51, 0x01, 0xCD, 0x7F, 0x24, 0x78, 0xEE, 0x36, 0x97, 0xE8, 0x91,
    0xE6, 0x83, 0xB8, 0xD8, 0xE7, 0x65, 0xC8, 0xB1, 0x9B, 0x94, 0xC3, 0x91, 0x14, 0xCF, 0x41, 0xCC,
    0x61, 0xD8, 0x0E, 0x8D, 0xCA, 0x64, 0x32, 0x0B, 0x2A, 0xB6, 0xA9, 0x26, 0x35, 0x2C, 0x98, 0xCB,
    0x5E, 0x39, 0x99, 0xC1, 0xB8, 0x80, 0x8D, 0x8C, 0x92, 0x2D, 0x52, 0x94, 0xA1, 0x96, 0x95, 0x94,
    0x51, 0x89, 0x72, 0x16, 0xA3, 0xF4, 0x67, 0x89, 0x94, 0x8D, 0x2C, 0xF2, 0x00, 0xA5, 0xD2, 0x52,
    0xE9, 0xEB, 0x16, 0xBD, 0x1F, 0x30, 0xFD, 0x52, 0x16, 0x3C, 0x9A, 0xBF, 0x49, 0xA6, 0x67, 0xF5,
    0xEE, 0x02, 0xD0, 0x39, 0xF3, 0x6D, 0x1E, 0x01, 0xA9, 0xF2, 0x26, 0x86, 0xA6, 0x98, 0x9B, 0x01,
    0x6D, 0xAB, 0x91, 0xC9, 0x27, 0xF0, 0xC9, 0xD0, 0x49, 0x88, 0xCC, 0xFA, 0x15, 0x53, 0xD4, 0x44,
    0x9F, 0x5C, 0x5E, 0x52, 0x6F, 0xB5, 0x38, 0x2D, 0x95, 0xA7, 0xE0, 0x8F, 0x21, 0xA1, 0x42, 0xE7,
    0x89, 0x7A, 0xE6, 0x1C, 0xEA, 0xAF, 0x7F, 0xF6, 0x67, 0xED, 0xA2, 0x57, 0x5F, 0x2B, 0x77, 0xFC,
    0x3A, 0x7C, 0x3E, 0xDD, 0x08, 0xCB, 0x0B, 0x86, 0x36, 0xD0, 0xBB, 0x2C, 0x49, 0x21, 0x89, 0xA5,
    0x98, 0x91, 0x22, 0xC5, 0x9A, 0x84, 0xEC, 0x58, 0x9A, 0x6E, 0x03, 0xBA, 0x48, 0x28, 0x60, 0x0D,
    0xA4, 0x1C, 0x52, 0x8F, 0xEE, 0xDD, 0xDF, 0x2B, 0x52, 0xDF, 0x56, 0x45, 0xCB, 0x06, 0x2E, 0x9A,
    0x7E, 0xF1, 0x05, 0xC9, 0xCC, 0x89, 0xEC, 0x90, 0xF1, 0x39, 0x29, 0xB7, 0x31, 0xA0, 0x5E, 0xAA,
    0x24, 0x4A, 0x1F, 0x2A, 0xEF, 0xE5, 0xE6, 0xE6, 0x66, 0x0E, 0x23, 0x10, 0xBF, 0x56, 0x5F, 0xC5,
    0x70, 0xE4, 0xBF, 0xA1, 0x1E, 0xED, 0xF3, 0xE2, 0xE0, 0xC4, 0xA3, 0xF9, 0x48, 0xC5, 0x8F, 0x7A,
    0x22, 0xE0, 0x0E, 0x06, 0xCC, 0x36, 0x10, 0xD4, 0xD4, 0x6B, 0x72, 0xD0, 0xF8, 0xCC, 0x13, 0xD6,
    0x4E, 0x7E, 0x98, 0xC8, 0x5C, 0xA4, 0x93, 0x5B, 0x07, 0x99, 0xB8, 0x12, 0x3F, 0x8D, 0xDD, 0x93,
    0x95, 0x00, 0x65, 0xA0, 0x28, 0x84, 0x27, 0xD1, 0xC8, 0xA3, 0x33, 0xF3, 0xE4, 0x57, 0x21, 0x81,
    0x37, 0x57, 0x16, 0x28, 0xE4, 0xC7, 0xD4, 0x14, 0x7F, 0xA3, 0xA5, 0xB9, 0xE1, 0xF3, 0x6F, 0x17,
    0x34, 0x84, 0xF5, 0x1A, 0x03, 0x11, 0x3E, 0x0E, 0x66, 0xEA, 0x57, 0x36, 0xB4, 0x27, 0xAE, 0x44,
    0x03, 0xC6, 0x36, 0xC3, 0x91, 0x5C, 0x43, 0x69, 0x43, 0x18, 0x2D, 0x74, 0xC8, 0xB2, 0x00, 0x71,
    0x81, 0xD7, 0xFD, 0x02, 0xED, 0xF0, 0x80, 0xF3, 0xB6, 0xF8, 0x83, 0x66, 0xC0, 0xDE, 0x51, 0xC6,
    0x22, 0x42, 0x54, 0xA0, 0xC8, 0x89, 0x76, 0xA2, 0xEA, 0xE3, 0xD4, 0x9A, 0x3C, 0xF9, 0x0C, 0x4F,
    0xB6, 0xFB, 0xD8, 0x47, 0x4B, 0xFD, 0x35, 0x24, 0xB0, 0xED, 0x14, 0x39, 0x99, 0x16, 0x6E, 0x1D,
    0xC3, 0xC6, 0x0E, 0xF0, 0xA0, 0xCE, 0xC8, 0x2C, 0x56, 0xCE, 0x75, 0x46, 0xFC, 0xA7, 0xFD, 0x62,
    0x01, 0x89, 0xEB, 0x6F, 0x8D, 0x97, 0x11, 0x67, 0x47, 0xE6, 0xD9, 0xDB, 0x41, 0xF9, 0x87, 0xE4,
    0xA5, 0x2B, 0xB4, 0x4B, 0x2D, 0xDD, 0xA0, 0x2B, 0xB4, 0x44, 0xCB, 0x3C, 0x8F, 0x72, 0x3F, 0xBD,
    0xC2, 0xF1, 0x80, 0x35, 0xEE, 0x59, 0xCA, 0x61, 0xDB, 0xF4, 0xAA, 0x67, 0xCB, 0x2F, 0xD2, 0xE3,
    0xD0, 0xAF, 0x59, 0x73, 0xF6, 0x02, 0xC7, 0x48, 0xCC, 0xB5, 0x7A, 0x63, 0x52, 0x6A, 0xF5, 0x8B,
    0x26, 0xA7, 0xF1, 0x83, 0x7F, 0x0E, 0xA9, 0xFF, 0x3C, 0x14, 0x0F, 0x52, 0x0A, 0x59, 0x12, 0xDD,
    0xC1, 0x3F, 0xBF, 0xCA, 0xB6, 0xD6, 0x6D, 0x93, 0x23, 0x34, 0x71, 0x8B, 0x1E, 0xFE, 0x09, 0xE6,
    0x43, 0xD9, 0xF3, 0x87, 0xA9, 0x09, 0xF6, 0x27, 0xBE, 0xD2, 0x2C, 0x94, 0xDB, 0xA6, 0x92, 0xE6,
    0xA3, 0x7C, 0xD8, 0xC7, 0xBC, 0x0A, 0x89, 0xB4, 0xD1, 0x83, 0x6E, 0x66, 0x05, 0xB6, 0xDA, 0xAD,
    0x92, 0x68, 0xFB, 0xA0, 0x9B, 0x6B, 0xC7, 0x75, 0xD3, 0xFB, 0x3B, 0x27, 0x7F, 0x94, 0xF4, 0x59,
    0xDD, 0x52, 0xA5, 0x0E, 0xFF, 0xC9, 0x30, 0xB0, 0x29, 0x4A, 0x7C, 0xDB, 0xE5, 0x97, 0x51, 0x26,
    0xA4, 0xC3, 0xA6, 0x97, 0x5F, 0xA1, 0x98, 0xEC, 0x9B, 0x24, 0x41, 0x8E, 0x1A, 0x7E, 0xC4, 0x94,
    0x51, 0x66, 0x47, 0xAD, 0x96, 0x48, 0xA2, 0xBE, 0x0A, 0x04, 0x9A, 0xEF, 0xBF, 0xF3, 0xEF, 0x42,
    0x65, 0x2E, 0xDB, 0xDF, 0xE9, 0x9F, 0x3E, 0x95, 0xF2, 0x2E, 0x15, 0xC3, 0x20, 0x15, 0x6F, 0x3F,
    0xDD, 0x0F, 0x35, 0xC4, 0x14, 0xD1, 0x97, 0x82, 0x1E, 0xFE, 0xF9, 0x84, 0x46, 0x22, 0xE5, 0x7F,
    0xB5, 0xCA, 0xE2, 0x16, 0xE0, 0xE3, 0x10, 0xEA, 0xAE, 0xC9, 0xDC, 0x86, 0x1A, 0x56, 0xD1, 0x79,
    0x28, 0x09, 0x35, 0xAF, 0xDE, 0xD7, 0xDA, 0xA0, 0x2E, 0x14, 0x2E, 0xD1, 0x0F, 0x9C, 0xCB, 0x5A,
    0xA3, 0x83, 0x07, 0xDF, 0x5C, 0x22, 0x99, 0x59, 0x09, 0xF9, 0x39, 0x4A, 0x78, 0x44, 0xD9, 0xA7,
    0xD3, 0x8E, 0x29, 0x1F, 0xD6, 0x8E, 0xA6, 0x7C, 0x78, 0x5B, 0x52, 0x7A, 0xFB, 0xC1, 0x2C, 0xEE,
    0xC4, 0x05, 0x80, 0x54, 0xF7, 0x6A, 0x48, 0x9C, 0x3C, 0x4C, 0xF9, 0x80, 0xDC, 0x92, 0xCC, 0xA5,
    0x7C, 0xA8, 0x4D, 0x93, 0xD0, 0xD1, 0x94, 0x0F, 0x30, 0xD9, 0x95, 0xF2, 0xE1, 0x6F, 0x06, 0xCA,
    0x87, 0xEE, 0x80, 0xF2, 0xA1, 0x3D, 0x92, 0xF2, 0x01, 0x5B, 0x9E, 0x71, 0x29, 0x1F, 0x7A, 0x90,
    0xFF, 0x81, 0x62, 0x0E, 0x8F, 0xCE, 0x52, 0x9C, 0x99, 0x8E, 0x30, 0x90, 0x77, 0xA4, 0x30, 0xAE,
    0xA1, 0xAC, 0xCF, 0xEF, 0xB0, 0x9A, 0x1B, 0xF6, 0x16, 0x95, 0xEC, 0xF8, 0x65, 0x35, 0xB5, 0x0C,
    0x71, 0x77, 0x37, 0x96, 0x84, 0xB3, 0x69, 0x3E, 0xA5, 0xF8, 0xE8, 0x52, 0x01, 0xCF, 0xF1, 0x18,
    0x0C, 0x93, 0x1D, 0xC6, 0x15, 0x03, 0x4E, 0xED, 0xB3, 0xDB, 0xE9, 0x12, 0xFF, 0x9B, 0xDF, 0x5D,
    0x88, 0xF2, 0xFB, 0xDD, 0x22, 0x74, 0xFA, 0x2D, 0x3B, 0x63, 0x78, 0x5C, 0x43, 0x6B, 0x74, 0xB1,
    0xD2, 0x1E, 0x04, 0xB9, 0xB6, 0x7D, 0x55, 0x5B, 0x8D, 0x26, 0x3F, 0xF5, 0xA0, 0x37, 0xCE, 0x53,
    0xF3, 0x17, 0x52, 0x35, 0xE0, 0x3F, 0x36, 0x7F, 0x61, 0x9C, 0x32, 0x07, 0xD5, 0x1D, 0x0A, 0xFA,
    0xA5, 0xEF, 0x59, 0xD0, 0x0F, 0x4D, 0xDB, 0x45, 0x53, 0x14, 0xF7, 0x01, 0x67, 0xF6, 0x1F, 0xF5,
    0xDF, 0x1C, 0x01, 0xDD, 0xF0, 0xC2, 0xFA, 0x8F, 0x35, 0x44, 0x1C, 0x17, 0x1F, 0xDD, 0x44, 0xE5,
    0xA4, 0x8B, 0x72, 0xD3, 0xC5, 0x39, 0x75, 0x31, 0x97, 0x8B, 0x86, 0xB0, 0x47, 0x6E, 0x01, 0xD5,
    0xAB, 0x8C, 0x82, 0xDD, 0xC6, 0x89, 0xF6, 0x34, 0x4A, 0xB4, 0x2F, 0xF7, 0x13, 0xED, 0x21, 0x67,
    0x2C, 0x79, 0x26, 0xB2, 0x7C, 0x96, 0x8F, 0x8F, 0xF5, 0x34, 0xC9, 0x81, 0xDF, 0x03, 0x5D, 0x54,
    0xA7, 0x6E, 0xFF, 0xF8, 0xDE, 0xDF, 0x8B, 0x53, 0x7A, 0x1D, 0x7D, 0xE5, 0x1C, 0x90, 0xA3, 0x95,
    0x6B, 0x8E, 0x4A, 0xB4, 0x3F, 0x19, 0xFD, 0x9D, 0x3B, 0xE8, 0xEF, 0xD9, 0xBB, 0xD1, 0xDF, 0xDD,
    0x47, 0x18, 0xFA, 0xB1, 0x02, 0x5C, 0x62, 0xC6, 0x91, 0xB8, 0x8E, 0x26, 0xF3, 0xA7, 0x61, 0x53,
    0x37, 0x8C, 0xFE, 0x9E, 0x72, 0x2F, 0x2E, 0xF3, 0xDC, 0xB9, 0x70, 0x02, 0xFA, 0x7B, 0x1B, 0x12,
    0xA3, 0x6A, 0x6A, 0xD9, 0x34, 0xC0, 0xAB, 0x50, 0x1E, 0xB0, 0x6B, 0xD1, 0x21, 0xF6, 0xBF, 0x93,
    0xA7, 0x46, 0xA5, 0xD2, 0xCD, 0xB0, 0x77, 0x79, 0x09, 0x4E, 0xA7, 0xAE, 0x4F, 0x62, 0xEB, 0x46,
    0x3B, 0xBD, 0x26, 0xB1, 0xB6, 0xFE, 0x54, 0xBF, 0x79, 0x6B, 0x48, 0xE1, 0x26, 0xCF, 0x85, 0x06,
    0x35, 0x63, 0x68, 0x50, 0xA8, 0xD0, 0x20, 0x18, 0x47, 0x2E, 0x3C, 0xE8, 0x30, 0x4B, 0x96, 0x2F,
    0x2C, 0x59, 0x15, 0xB2, 0x56, 0x95, 0x25, 0xEB, 0x81, 0xFD, 0x0C, 0x40, 0x5F, 0xB0, 0xB4, 0x05,
    0xCE, 0x05, 0xB7, 0x9F, 0xC9, 0xE9, 0xFB, 0x89, 0xF5, 0xD4, 0x3F, 0x6E, 0x37, 0x7B, 0xF0, 0xA1,
    0xEE, 0xD2, 0x94, 0xEE, 0x2E, 0xBE, 0x3A, 0x7A, 0xF2, 0x60, 0x39, 0xCC, 0xE8, 0xB5, 0xFE, 0xF6,
    0xB1, 0x30, 0x28, 0xED, 0xEB, 0x43, 0xF7, 0x0B, 0xA7, 0x2E, 0x48, 0x5B, 0x83, 0xDA, 0x03, 0x4B,
    0xDB, 0x38, 0x4B, 0x1B, 0x7F, 0xC4, 0xF9, 0x03, 0x59, 0x40, 0xF6, 0x2C, 0x0D, 0xCB, 0x94, 0xFB,
    0x95, 0xA4, 0xDC, 0x2F, 0x27, 0x0E, 0xC1, 0x73, 0x69, 0x0D, 0x9F, 0x5F, 0xB3, 0x8D, 0x0D, 0xBA,
    0xC8, 0xC1, 0xF1, 0x3B, 0xB1, 0xAF, 0xCD, 0xA1, 0x88, 0x9A, 0x55, 0xF3, 0xF9, 0x93, 0xB5, 0xC1,
    0xCC, 0xB0, 0xEC, 0x52, 0xAF, 0x39, 0x3A, 0xCB, 0x7E, 0x79, 0x06, 0x60, 0x07, 0x35, 0xD2, 0xE3,
    0x38, 0xF8, 0x32, 0xE7, 0xAF, 0x28, 0xC7, 0xC4, 0xDD, 0x87, 0x90, 0x5D, 0x21, 0xBF, 0x59, 0xA5,
    0xB0, 0x4C, 0x18, 0x03, 0xB0, 0x38, 0x6D, 0x2D, 0xB1, 0x75, 0x1D, 0x34, 0xFC, 0xB1, 0x5E, 0x0F,
    0x50, 0xD6, 0x96, 0xBD, 0xC5, 0x0B, 0x7D, 0x75, 0x83, 0x15, 0xB4, 0x9A, 0x11, 0x3D, 0x13, 0xB2,
    0xAE, 0xEF, 0x5C, 0xC2, 0xE1, 0xDB, 0xAF, 0xB1, 0x46, 0x90, 0xAC, 0x23, 0x6F, 0x0A, 0x8F, 0xD9,
    0x10, 0xC4, 0xEB, 0xC5, 0xE8, 0x5E, 0xC2, 0xD3, 0x84, 0xE5, 0x65, 0x54, 0x38, 0x64, 0x3A, 0x95,
    0xDA, 0x34, 0x7E, 0xAE, 0x19, 0x8C, 0x03, 0x7D, 0xD9, 0x44, 0x12, 0x7D, 0x05, 0x08, 0x2B, 0x1B,
    0x5C, 0xFE, 0x9C, 0x34, 0x39, 0x1F, 0x56, 0xD9, 0x5D, 0x68, 0x4D, 0x16, 0x3E, 0xB4, 0x18, 0x34,
    0x00, 0x31, 0xE8, 0x41, 0x4C, 0xD8, 0x5D, 0x91, 0x02, 0x01, 0xA6, 0x9D, 0x61, 0xF3, 0x22, 0x33,
    0x67, 0xED, 0x22, 0x6F, 0xB2, 0xA5, 0xEB, 0x7D, 0xEA, 0xF7, 0x29, 0x15, 0x95, 0x67, 0x6D, 0x69,
    0x60, 0x95, 0x3B, 0x4E, 0x1B, 0x34, 0xE3, 0x08, 0x8B, 0x20, 0x38, 0xA8, 0xD1, 0x61, 0x2B, 0xE1,
    0x12, 0x24, 0x1E, 0x7C, 0x46, 0x02, 0xEB, 0xDB, 0x5A, 0x46, 0x9D, 0x5D, 0x2F, 0xBD, 0x2A, 0x4B,
    0x37, 0xA8, 0x5D, 0x68, 0x88, 0x22, 0x8E, 0xDC, 0x21, 0xB4, 0x5A, 0xEE, 0xF8, 0xD5, 0x04, 0x73,
    0x14, 0xB1, 0x48, 0xAE, 0xB4, 0xC3, 0x09, 0xFE, 0x5B, 0x6D, 0xB2, 0x4F, 0x11, 0xA7, 0x95, 0x5E,
    0x5A, 0xF6, 0xD5, 0x66, 0x03, 0x95, 0x64, 0x52, 0xEF, 0x4A, 0xC5, 0xAF, 0xB8, 0x72, 0x95, 0xEE,
    0x06, 0xA5, 0x20, 0xFC, 0x5A, 0x1E, 0xCD, 0x8F, 0x70, 0x56, 0xDE, 0xA2, 0x92, 0xAF, 0x53, 0xF1,
    0x52, 0x19, 0xE6, 0x9C, 0xD7, 0x96, 0xF4, 0x14, 0xA5, 0xBE, 0x6D, 0x06, 0x33, 0xFE, 0xC9, 0x7D,
    0x4B, 0xB3, 0x1E, 0x4A, 0x53, 0x91, 0xFB, 0xCE, 0x77, 0xAD, 0xA4, 0x44, 0x49, 0x3A, 0xF5, 0xD4,
    0x70, 0x51, 0xCD, 0x5B, 0x76, 0xE6, 0x10, 0x85, 0x7B, 0x45, 0x45, 0x49, 0xE9, 0xCF, 0x10, 0x76,
    0x14, 0x88, 0xF0, 0xCB, 0x2C, 0x2E, 0xB0, 0xC0, 0x6C, 0xC3, 0x7A, 0x82, 0x4F, 0x09, 0x9E, 0xC6,
    0x80, 0x03, 0x0C, 0x8F, 0x6F, 0x89, 0x5D, 0x2A, 0xFA, 0xC7, 0x4F, 0x21, 0x2E, 0xB0, 0x98, 0xB2,
    0x78, 0x99, 0x7F, 0x50, 0xF0, 0x84, 0x48, 0x4A, 0x63, 0x29, 0xDE, 0xBB, 0xDE, 0x22, 0xA3, 0x07,
    0xDB, 0xB2, 0x1A, 0xC9, 0x33, 0xF5, 0xD4, 0x19, 0xAE, 0xFD, 0x69, 0xA3, 0x07, 0xAD, 0x0B, 0x8E,
    0xC3, 0xD6, 0xF4, 0x2F, 0x22, 0xF4, 0xE9, 0x57, 0xA6, 0xF3, 0x4A, 0x5D, 0x33, 0x93, 0x86, 0x9E,
    0xBA, 0x5E, 0x52, 0xB1, 0xA8, 0x7E, 0xB9, 0xD0, 0xCC, 0xC0, 0xFA, 0x02, 0xF9, 0xCD, 0xCD, 0x45,
    0xC9, 0xAF, 0x41, 0x0E, 0x94, 0x66, 0x6F, 0x15, 0x62, 0xBA, 0xC4, 0x98, 0x13, 0xA2, 0x17, 0xBF,
    0x44, 0x39, 0xB1, 0x39, 0x79, 0xBD, 0x63, 0xF0, 0x65, 0x39, 0xDB, 0x7B, 0x13, 0x5B, 0x23, 0xDC,
    0xCA, 0x04, 0x4D, 0x1D, 0x5D, 0xF1, 0xB0, 0xD7, 0xDC, 0x14, 0x4D, 0x34, 0x78, 0x5B, 0x60, 0xE1,
    0x00, 0x91, 0x86, 0xDC, 0x90, 0x14, 0xC5, 0xB2, 0xEC, 0x38, 0x37, 0x07, 0x7A, 0x10, 0x29, 0x06,
    0x4F, 0x03, 0x0E, 0xD5, 0x60, 0x2B, 0x21, 0xF8, 0x30, 0x15, 0xF2, 0x02, 0xB8, 0x38, 0xFA, 0xAC,
    0xB4, 0x18, 0xD8, 0xCA, 0x60, 0x56, 0x90, 0xE9, 0xF9, 0x8F, 0x24, 0x39, 0xBF, 0x8A, 0x63, 0x73,
    0xD2, 0xBA, 0xEE, 0xD9, 0x49, 0x33, 0x3A, 0x6C, 0x0C, 0x45, 0xED, 0xCE, 0x07, 0x53, 0xEE, 0x5B,
    0x6A, 0x7E, 0xBB, 0xB0, 0xD4, 0x92, 0xCE, 0xEB, 0xE8, 0x9F, 0x6F, 0x7A, 0xAD, 0x57, 0x7D, 0xD2,
    0x63, 0xF8, 0xD3, 0x64, 0xB6, 0xCC, 0xFF, 0xD1, 0x94, 0xC8, 0xFF, 0x09, 0x90, 0xF7, 0x35, 0x0B,
    0x80, 0x0E, 0x0B, 0x16, 0xE0, 0xB6, 0x45, 0x9E, 0x36, 0x9C, 0x3B, 0xC2, 0x93, 0x2D, 0xA0, 0xC3,
    0x74, 0x43, 0xF3, 0x5C, 0x58, 0x88, 0x2E, 0x72, 0x5D, 0x78, 0xB1, 0x1E, 0x52, 0x92, 0x16, 0x11,
    0x10, 0xD1, 0x6F, 0x54, 0xC3, 0x9E, 0xB6, 0x2D, 0x7C, 0xA7, 0x7B, 0x2D, 0xC0, 0x46, 0xF9, 0x1D,
    0x98, 0x2E, 0xA2, 0xDF, 0x29, 0xF4, 0x7B, 0x67, 0x1D, 0xFA, 0xDD, 0x6E, 0xA0, 0xD8, 0x9F, 0x56,
    0x28, 0x7E, 0x9E, 0x13, 0x5B, 0x4B, 0x16, 0x8A, 0xBD, 0xDF, 0xA3, 0x18, 0xBC, 0xA1, 0xDF, 0xFE,
    0x4E, 0x05, 0x13, 0xFA, 0x2F, 0x1B, 0xF8, 0x7F, 0xFE, 0x82, 0x8B, 0xE4, 0x73, 0x9F, 0x69, 0xB9,
    0x08, 0x85, 0x31, 0x4D, 0xE6, 0x72, 0xA1, 0x90, 0x66, 0xAE, 0x99, 0x63, 0x58, 0x6D, 0xA1, 0x2F,
    0xFE, 0x29, 0x9B, 0xB6, 0x80, 0x0D, 0x5D, 0x79, 0x89, 0xDB, 0x76, 0xE7, 0x31, 0xF2, 0x66, 0x7F,
    0x5B, 0x73, 0xCB, 0xFE, 0x07, 0xA4, 0x06, 0x3F, 0x26, 0x56, 0x5B, 0x27, 0xCE, 0x18, 0x96, 0xF7,
    0xC1, 0x8E, 0xF0, 0x6D, 0x3E, 0x67, 0x86, 0x6F, 0x3C, 0xCF, 0x11, 0x81, 0x37, 0x3F, 0xC7, 0x3B,
    0xD7, 0x9F, 0x0B, 0x49, 0xD3, 0x44, 0x10, 0x27, 0x73, 0x96, 0xB4, 0xF8, 0xD4, 0x0D, 0x24, 0x36,
    0x3E, 0x70, 0xE6, 0x65, 0xB6, 0xB9, 0x29, 0xAF, 0x92, 0x0F, 0x6A, 0xE6, 0x55, 0xD0, 0x4C, 0xDC,
    0x1C, 0x87, 0xB3, 0x55, 0xD3, 0xB9, 0x70, 0x02, 0xD7, 0x7E, 0x4B, 0x3C, 0xD7, 0x88, 0xE7, 0x9A,
    0x39, 0x98, 0x6B, 0xCD, 0xAF, 0x3C, 0xD7, 0x48, 0xE7, 0x1A, 0x3E, 0xAD, 0xE5, 0xF4, 0xCD, 0x7B,
    0xAC, 0xAE, 0x6A, 0x05, 0xEA, 0xAA, 0x38, 0x27, 0x75, 0x55, 0xCC, 0x01, 0x4C, 0x9D, 0x61, 0xA1,
    0xCE, 0xBC, 0x8A, 0x8B, 0x66, 0x50, 0x57, 0x28, 0x7A, 0x82, 0xBA, 0xC2, 0x7A, 0x1D, 0x05, 0x06,
    0x8E, 0x22, 0xDB, 0xBB, 0xEA, 0xCA, 0x13, 0xE9, 0xA0, 0xAA, 0xAB, 0x82, 0x9E, 0xA0, 0xB5, 0x42,
    0x99, 0xC6, 0x60, 0x6D, 0x08, 0x9D, 0x89, 0x99, 0x03, 0x35, 0xF5, 0x22, 0xAB, 0x6B, 0xF1, 0x47,
    0xD4, 0xA5, 0xBB, 0x4A, 0xCB, 0x21, 0xF3, 0xD7, 0x5A, 0xCA, 0xDA, 0xE9, 0x64, 0x66, 0x66, 0xED,
    0x0D, 0x6E, 0xCE, 0x57, 0xA4, 0x35, 0x88, 0xF4, 0xB0, 0xCF, 0x6A, 0x9B, 0x9B, 0xF2, 0x7A, 0xC5,
    0xD2, 0xB2, 0x8C, 0x30, 0x8A, 0xF1, 0x2B, 0x73, 0x7C, 0x7E, 0xC1, 0x12, 0xFA, 0x06, 0xA2, 0x00,
    0xA9, 0x1E, 0xC8, 0x29, 0x69, 0xA0, 0x6C, 0xE4, 0x94, 0x9B, 0xC2, 0xA5, 0x67, 0x7B, 0x5B, 0xC8,
    0x3A, 0xFA, 0x03, 0xAE, 0x8E, 0x11, 0x3D, 0x5B, 0xEB, 0xD0, 0xB3, 0xE5, 0x07, 0xF4, 0x6C, 0xBE,
    0x43, 0xCF, 0x96, 0x1D, 0x43, 0xCF, 0x36, 0x77, 0xE8, 0xD9, 0xE2, 0x03, 0x7A, 0x36, 0xA5, 0xE7,
    0x50, 0x76, 0x8E, 0x7D, 0x7A, 0xB6, 0xE6, 0x30, 0x3D, 0x9B, 0x01, 0x97, 0x84, 0x52, 0x88, 0x81,
    0xA6, 0x10, 0xAF, 0x05, 0x3C, 0x45, 0x2A, 0x65, 0x42, 0xE3, 0x33, 0x6B, 0xF8, 0xAE, 0xD7, 0xF5,
    0x65, 0xF5, 0x2C, 0xC0, 0xFE, 0x9F, 0x34, 0x9F, 0xEA, 0x04, 0x8C, 0x18, 0x30, 0x44, 0x26, 0xA8,
    0xBD, 0x99, 0x70, 0xED, 0x02, 0xED, 0x10, 0x95, 0x00, 0xAC, 0x30, 0xB4, 0x25, 0x0D, 0xEF, 0x6D,
    0x16, 0xF0, 0x3A, 0x0F, 0x39, 0x33, 0xB9, 0x30, 0x2A, 0xF4, 0xDC, 0xF8, 0x39, 0x38, 0x3C, 0x2E,
    0x2C, 0x44, 0xD1, 0x6D, 0x0C, 0xE7, 0x8A, 0x8B, 0x53, 0x05, 0x25, 0xC0, 0x66, 0x97, 0x79, 0xA5,
    0xF4, 0x9A, 0x13, 0x70, 0x7D, 0x7D, 0x49, 0x35, 0x6F, 0x53, 0x51, 0xFD, 0x1E, 0xAF, 0x07, 0x74,
    0x32, 0x52, 0xE5, 0x87, 0xAA, 0xFD, 0x50, 0xD5, 0xFF, 0xD8, 0x81, 0xFE, 0x75, 0x00, 0x0E, 0x46,
    0x40, 0x87, 0x40, 0xC7, 0xC0, 0x19, 0x04, 0x1D, 0x05, 0x19, 0x86, 0x8E, 0x9C, 0x71, 0x18, 0x06,
    0xC2, 0x19, 0x09, 0x1D, 0x0A, 0x1D, 0x0B, 0x67, 0x30, 0x74, 0x34, 0x74, 0x38, 0x74, 0x3C, 0xC8,
    0xE1, 0xCB, 0x63, 0xCD, 0x2E, 0x2A, 0xAC, 0xDB, 0xBD, 0x82, 0xA0, 0xDD, 0x90, 0xA0, 0xDF, 0x90,
    0xA0, 0xE1, 0x4B, 0x83, 0x0F, 0x9F, 0x0B, 0x6E, 0x0E, 0xF4, 0x4C, 0x04, 0x4D, 0x13, 0x41, 0xD7,
    0x04, 0x6D, 0xA3, 0x40, 0x8F, 0xA0, 0x71, 0x12, 0x9D, 0x93, 0x68, 0x9D, 0x44, 0xEF, 0x28, 0x0A,
    0xC1, 0xD4, 0x25, 0xB5, 0x98, 0x2A, 0x07, 0xCC, 0x78, 0x00, 0xF5, 0x0E, 0xB4, 0x90, 0x34, 0x57,
    0x9B, 0x4F, 0x69, 0xEA, 0x0D, 0x57, 0xF4, 0x40, 0x97, 0xE9, 0x99, 0x4E, 0x4D, 0x4E, 0x97, 0xA6,
    0x1E, 0x95, 0x41, 0x5F, 0x41, 0x2D, 0x15, 0x70, 0x3E, 0x21, 0x6C, 0x15, 0x56, 0xDC, 0xE3, 0x6E,
    0xE0, 0xAB, 0x5F, 0xB2, 0xAC, 0x5C, 0x38, 0x31, 0x90, 0x0E, 0x12, 0xE0, 0x28, 0x2D, 0x34, 0xF5,
    0xC0, 0xDF, 0x0F, 0x9C, 0xF0, 0x19, 0xF7, 0x8E, 0x2B, 0x8C, 0xD1, 0x47, 0x85, 0x0D, 0x70, 0xAE,
    0x98, 0x1E, 0x23, 0x1B, 0xD4, 0xE0, 0xAB, 0x7F, 0x9B, 0xD3, 0x54, 0x99, 0xB5, 0x16, 0x9E, 0x10,
    0x79, 0x62, 0xAD, 0x24, 0xB9, 0x92, 0x57, 0xE9, 0x21, 0x55, 0x4F, 0xAB, 0x18, 0x4A, 0x41, 0x80,
    0xA1, 0x52, 0xDC, 0xC3, 0x6A, 0xD1, 0x6D, 0x42, 0x41, 0xAF, 0x89, 0x15, 0x22, 0xE9, 0x7E, 0xF3,
    0xB5, 0x3E, 0x17, 0x3E, 0x25, 0x4C, 0x36, 0xE4, 0xE5, 0xCF, 0x78, 0x6C, 0xB8, 0x1A, 0x54, 0x28,
    0x00, 0x14, 0xE5, 0xB1, 0x83, 0x16, 0x22, 0x34, 0x8D, 0xE2, 0xFB, 0x96, 0xBF, 0x13, 0xA7, 0x49,
    0x3E, 0x2C, 0x91, 0x28, 0x47, 0xEC, 0x15, 0x70, 0x2C, 0xBF, 0x4E, 0x52, 0xF0, 0x66, 0x31, 0x50,
    0x8D, 0xFF, 0x46, 0x38, 0xBF, 0x6F, 0xA0, 0x50, 0x44, 0x80, 0x5B, 0xC4, 0x39, 0xAC, 0x93, 0x44,
    0xF3, 0x3F, 0xB0, 0x23, 0xC3, 0xD6, 0xB3, 0x5B, 0x12, 0xA3, 0xEF, 0x5D, 0xF8, 0x4C, 0x0E, 0xF8,
    0x8C, 0x64, 0x0E, 0xA5, 0xAA, 0x98, 0x0C, 0x07, 0xA8, 0x39, 0x45, 0x0C, 0x81, 0x60, 0x83, 0xD8,
    0x9F, 0x71, 0x62, 0x58, 0xC8, 0x69, 0x7E, 0x75, 0x58, 0x07, 0x4D, 0xD0, 0xC4, 0x25, 0x97, 0x49,
    0xC9, 0xB4, 0x8D, 0x8C, 0x67, 0x09, 0x17, 0x32, 0x29, 0x39, 0x96, 0xC7, 0xF4, 0xBB, 0x59, 0xCA,
    0xDF, 0xE3, 0x7A, 0x92, 0xB3, 0xCC, 0x88, 0x7F, 0xDA, 0xF3, 0xAB, 0xE6, 0xF5, 0x8E, 0x97, 0xE8,
    0xBF, 0x23, 0x24, 0x6A, 0x73, 0x02, 0x95, 0x0C, 0xA6, 0xDB, 0x37, 0x52, 0xA2, 0xCF, 0xC7, 0x76,
    0xE4, 0x15, 0xF4, 0xC4, 0x4F, 0x02, 0xF0, 0x20, 0x66, 0x17, 0x68, 0x5C, 0x6D, 0x1A, 0x56, 0xD1,
    0x8F, 0x99, 0xF1, 0x77, 0xA1, 0x8F, 0x7C, 0x77, 0xD2, 0x00, 0xD5, 0x97, 0x99, 0xCE, 0x6F, 0x18,
    0x1F, 0x57, 0x17, 0x9C, 0xD3, 0xCC, 0xA2, 0xCC, 0x4C, 0xCB, 0x00, 0xAA, 0x8E, 0x69, 0x6D, 0x76,
    0x3B, 0x0A, 0x7E, 0x91, 0x35, 0x64, 0x30, 0x60, 0x17, 0x9F, 0x2B, 0xF2, 0x0F, 0x32, 0xAA, 0x93,
    0x83, 0xD0, 0xA7, 0x24, 0x9F, 0xD3, 0x13, 0xB9, 0x4D, 0x3D, 0xB4, 0x80, 0x4F, 0x80, 0xA0, 0x9B,
    0x8E, 0xDB, 0x70, 0xF5, 0x40, 0x2E, 0xCB, 0xDA, 0x99, 0x29, 0x9B, 0xDF, 0x43, 0x46, 0x75, 0x4C,
    0x1E, 0x57, 0x41, 0xCA, 0xD9, 0x93, 0x86, 0xE7, 0xF5, 0x15, 0xC7, 0x60, 0x0F, 0xC4, 0x23, 0x30,
    0x29, 0xF2, 0x21, 0xA7, 0x78, 0x44, 0xAF, 0x98, 0xC6, 0xB8, 0x96, 0xE7, 0x9A, 0xD0, 0x2B, 0x82,
    0xB7, 0xF0, 0x06, 0x15, 0x74, 0x49, 0x0D, 0x92, 0x93, 0xDD, 0x3E, 0x27, 0x41, 0xBC, 0xA2, 0xA3,
    0x69, 0xDE, 0x3E, 0xE6, 0xD0, 0x2B, 0x92, 0x3F, 0x7C, 0x8A, 0xA3, 0xB1, 0x75, 0xC8, 0x1B, 0x8E,
    0xDC, 0xA6, 0x07, 0x12, 0x0B, 0x24, 0x1F, 0x1C, 0xB1, 0x80, 0x25, 0x79, 0x9E, 0x3F, 0xE6, 0x45,
    0x3B, 0x75, 0x9D, 0xC6, 0xD0, 0x1A, 0x1E, 0x85, 0xF3, 0xFD, 0x41, 0x4A, 0x89, 0xAD, 0x23, 0x5B,
    0xC7, 0xFD, 0xAD, 0x5F, 0xB7, 0xB7, 0xFC, 0x16, 0xC6, 0x51, 0x3B, 0x90, 0x95, 0x7B, 0x35, 0xFE,
    0x5A, 0x62, 0x13, 0xC3, 0xA0, 0xAF, 0x60, 0x22, 0xAE, 0x43, 0x93, 0x0D, 0x6C, 0x78, 0x60, 0xEC,
    0xDF, 0x4C, 0x59, 0xFE, 0x37, 0xF4, 0xD9, 0x9D, 0x8E, 0xCC, 0x3D, 0x29, 0x95, 0xF0, 0x92, 0x97,
    0x30, 0xE1, 0xC1, 0x61, 0x72, 0x83, 0x19, 0xEE, 0x2D, 0xA2, 0xD1, 0xAC, 0x3E, 0xB8, 0xA7, 0x63,
    0x52, 0xB1, 0x4A, 0x08, 0x33, 0x7B, 0x8C, 0x90, 0x36, 0x6C, 0x37, 0x1A, 0x44, 0x97, 0x3B, 0xBF,
    0x5C, 0x08, 0x9E, 0x7F, 0xDD, 0x2A, 0xF7, 0x7A, 0x47, 0xB3, 0xFD, 0xB3, 0x52, 0xAD, 0x93, 0x0D,
    0xB5, 0x78, 0x25, 0x1A, 0xD3, 0x8D, 0x99, 0xC4, 0x6C, 0x2A, 0xAC, 0xDB, 0x67, 0xA8, 0x96, 0x8B,
    0x2F, 0xBE, 0x23, 0x3C, 0xA3, 0xB3, 0x45, 0xFD, 0xA5, 0xFF, 0x5C, 0x3B, 0x17, 0x6A, 0x41, 0x46,
    0xC6, 0x97, 0xED, 0xE6, 0x49, 0x6A, 0xF9, 0x65, 0x29, 0x34, 0x53, 0x12, 0x8E, 0x1D, 0x2E, 0x1A,
    0x04, 0x53, 0xFD, 0x9F, 0xD5, 0x50, 0x81, 0xCD, 0x0F, 0x53, 0x68, 0x92, 0x25, 0xF9, 0x99, 0xB8,
    0x63, 0xD0, 0x2A, 0xBA, 0x36, 0xA2, 0xD0, 0xAC, 0x31, 0x8D, 0x82, 0x63, 0x28, 0x34, 0xED, 0x40,
    0xA1, 0xF9, 0xAF, 0x42, 0xA1, 0x39, 0x1C, 0xB8, 0x51, 0xB0, 0x32, 0x8E, 0x3D, 0x70, 0xD3, 0xC1,
    0x81, 0xDB, 0xE6, 0x5E, 0x4F, 0x45, 0xE9, 0xB7, 0x6C, 0xF7, 0xE5, 0xC2, 0x9E, 0x3D, 0xE1, 0x63,
    0x9C, 0xD7, 0xC2, 0x0A, 0xE6, 0xDF, 0x44, 0xDB, 0x33, 0xDD, 0x99, 0x0D, 0x40, 0xD0, 0xDF, 0xE1,
    0x4D, 0x8E, 0x4F, 0x8D, 0x57, 0x78, 0xBA, 0xEF, 0x2C, 0xF4, 0x6F, 0x66, 0x8C, 0xF2, 0xAE, 0x4D,
    0x9F, 0x16, 0x25, 0xD9, 0x5F, 0xEE, 0xAC, 0xFD, 0xB1, 0x5B, 0xD8, 0x1A, 0x1B, 0x6B, 0xAB, 0x88,
    0xCB, 0xC2, 0xE6, 0x71, 0x3A, 0x5F, 0xF4, 0x9A, 0x87, 0xB3, 0xF3, 0x98, 0x40, 0x74, 0x6A, 0x16,
    0x65, 0x58, 0xD3, 0x0D, 0xAF, 0x63, 0x97, 0x9F, 0xE2, 0xDC, 0xB1, 0xA8, 0x51, 0x0E, 0x08, 0x75,
    0x35, 0x47, 0xB1, 0x21, 0x26, 0xC3, 0xEC, 0xCA, 0x86, 0x52, 0x5D, 0x2E, 0x78, 0x59, 0xE8, 0x81,
    0x20, 0xC7, 0x50, 0x03, 0xBC, 0x86, 0x92, 0xFB, 0x8C, 0x8E, 0x1E, 0x1D, 0xBC, 0x9A, 0x4B, 0xF9,
    0x74, 0xBF, 0xB9, 0xB9, 0x35, 0x57, 0xD6, 0x4F, 0x85, 0x69, 0x95, 0x23, 0x8F, 0x1E, 0xBA, 0x8A,
    0xF2, 0x98, 0x03, 0xC1, 0x47, 0x31, 0xBF, 0xBB, 0xA0, 0x4E, 0xB6, 0xF6, 0xBA, 0xB0, 0x9A, 0x06,
    0xD5, 0xCD, 0xB0, 0x5C, 0x0F, 0xCB, 0xAB, 0x61, 0xB9, 0x1D, 0x96, 0xCF, 0x46, 0xE5, 0x5A, 0x54,
    0x3E, 0x81, 0xDD, 0xD0, 0x71, 0xF9, 0x12, 0x65, 0x90, 0xBB, 0x58, 0xCD, 0x3D, 0xAB, 0xD1, 0xCC,
    0xF5, 0x58, 0xD7, 0xD1, 0x25, 0xC8, 0xAB, 0x0B, 0xD9, 0x9B, 0x1A, 0x4E, 0xEB, 0xDC, 0x02, 0x96,
    0x94, 0x21, 0x17, 0xF8, 0xC2, 0x8D, 0x63, 0xA3, 0x0E, 0xBA, 0xFC, 0x7C, 0x3B, 0xC4, 0xA3, 0x63,
    0x9E, 0xED, 0x36, 0x5D, 0x9C, 0x0F, 0x96, 0xEC, 0x1E, 0xC1, 0x2C, 0x2C, 0xC5, 0x6A, 0x85, 0xA9,
    0xA6, 0x16, 0xBB, 0xD8, 0xEB, 0x6A, 0xAD, 0xEF, 0x42, 0x3F, 0x6A, 0xA9, 0xCF, 0x51, 0x98, 0x0E,
    0x05, 0x2E, 0x0B, 0x5B, 0x4C, 0x8E, 0x56, 0x12, 0x2B, 0x66, 0x58, 0x79, 0x7F, 0x85, 0x46, 0xF0,
    0x6A, 0xD6, 0xED, 0x12, 0x8B, 0xE7, 0x08, 0xCC, 0x66, 0x24, 0x45, 0x82, 0x42, 0x76, 0x07, 0xF5,
    0x19, 0xEC, 0xBB, 0xC4, 0xEE, 0x4A, 0x31, 0x3D, 0xAA, 0xB8, 0x2A, 0xC5, 0xB3, 0xC0, 0x69, 0x05,
    0x15, 0x78, 0x11, 0xFD, 0x83, 0xE3, 0x56, 0x03, 0x44, 0xB9, 0x9E, 0xE4, 0x07, 0x5B, 0xD2, 0x58,
    0x0A, 0xDE, 0xB9, 0xCE, 0x8E, 0xEE, 0x96, 0x29, 0xFB, 0x72, 0x77, 0x67, 0x70, 0x05, 0x59, 0xCC,
    0x15, 0xEE, 0x92, 0x68, 0x78, 0x5B, 0xF5, 0xEB, 0xD5, 0x4A, 0xA3, 0x09, 0xC2, 0x3E, 0x0B, 0xD5,
    0x9E, 0x8A, 0xEC, 0xF5, 0x31, 0x90, 0xBD, 0xAE, 0x80, 0xEC, 0xF5, 0x19, 0x8F, 0xE5, 0x14, 0x64,
    0xAF, 0x53, 0x90, 0xBD, 0xAE, 0x1F, 0x22, 0x7B, 0x95, 0x3D, 0xA3, 0xC6, 0xE9, 0xB9, 0xC6, 0xD9,
    0xB9, 0xC2, 0x02, 0x29, 0x91, 0xF0, 0x9C, 0x1E, 0x49, 0xF6, 0x7A, 0x02, 0x99, 0xCA, 0xEB, 0xDF,
    0x6A, 0x29, 0xFC, 0xF6, 0xEB, 0x2C, 0x98, 0xDE, 0xFD, 0x87, 0x5B, 0x4A, 0xA6, 0xB2, 0xF5, 0xD9,
    0x7A, 0x48, 0x78, 0xBA, 0xC4, 0x9F, 0xB7, 0x7C, 0x0C, 0x99, 0x0A, 0x3E, 0x43, 0xE9, 0x2B, 0xA9,
    0x3F, 0x64, 0xDA, 0xB4, 0xC7, 0x45, 0xB4, 0xB6, 0x78, 0x02, 0x49, 0x62, 0x5B, 0x9F, 0x46, 0x8D,
    0xC6, 0x06, 0xF5, 0x1A, 0x17, 0x96, 0xF9, 0xC1, 0x65, 0x2E, 0x09, 0xE9, 0xC9, 0xA6, 0xA6, 0x02,
    0xD3, 0xA7, 0x87, 0xAB, 0x1E, 0x27, 0x9B, 0xC5, 0x69, 0xE6, 0xA2, 0x7D, 0x07, 0x57, 0x6F, 0xF5,
    0x87, 0xFD, 0x42, 0x2C, 0x48, 0xC5, 0xC6, 0x41, 0xFE, 0x35, 0xBB, 0xD7, 0x38, 0x01, 0xD2, 0x70,
    0xFA, 0xA3, 0xB9, 0xFF, 0x20, 0x16, 0xAA, 0xE0, 0x01, 0xF9, 0xD7, 0xAD, 0xE6, 0x5F, 0x1B, 0xDB,
    0xA8, 0x5F, 0xC8, 0x01, 0x69, 0xC1, 0x3D, 0xAD, 0x46, 0x34, 0x22, 0x32, 0x00, 0xD0, 0x73, 0x17,
    0xB9, 0x3A, 0xEC, 0x59, 0x08, 0x95, 0x72, 0x91, 0x60, 0xD9, 0x95, 0x2F, 0x07, 0x80, 0x25, 0xDF,
    0x0D, 0x1B, 0xF6, 0xE5, 0x6C, 0x44, 0x15, 0x2D, 0xE6, 0x74, 0x62, 0xF7, 0xF8, 0x20, 0xBB, 0x64,
    0x81, 0xDB, 0xC3, 0x6A, 0xE1, 0x22, 0x3F, 0xB6, 0xC0, 0x87, 0x0C, 0xBE, 0xF0, 0x14, 0xF6, 0xB9,
    0xC7, 0x23, 0x37, 0x97, 0xEF, 0xE3, 0x14, 0x0B, 0xD3, 0x7A, 0x94, 0x91, 0xA9, 0x87, 0x8B, 0x88,
    0x33, 0xAF, 0x36, 0x0C, 0x02, 0xFF, 0xF3, 0xC7, 0x39, 0x4E, 0x9A, 0x04, 0x8D, 0xE9, 0x56, 0x39,
    0x02, 0xBC, 0x1A, 0x95, 0x51, 0x9D, 0x14, 0xDF, 0xB3, 0x69, 0x80, 0xC5, 0x9E, 0xBC, 0x3A, 0xE2,
    0x23, 0x84, 0x88, 0x4A, 0x98, 0xF2, 0x7E, 0x89, 0x43, 0x3B, 0x43, 0x11, 0x81, 0x43, 0x7C, 0x84,
    0x34, 0x93, 0x88, 0x66, 0x42, 0xBD, 0x5C, 0x45, 0xDD, 0xDC, 0x28, 0x2A, 0x29, 0x4A, 0x29, 0x72,
    0x29, 0xD2, 0x33, 0xD6, 0xA1, 0x9D, 0xEF, 0xFF, 0x58, 0x21, 0x2C, 0x92, 0xB3, 0x72, 0xE0, 0x16,
    0x7A, 0x56, 0xAF, 0x73, 0x64, 0xE5, 0xF6, 0xEF, 0x22, 0x7A, 0x50, 0xAE, 0x99, 0x71, 0x34, 0x17,
    0x5F, 0x40, 0xA7, 0x0D, 0x08, 0xB5, 0x23, 0xF8, 0xC9, 0x8C, 0x7B, 0x9D, 0xE3, 0xF8, 0xB9, 0x4D,
    0xA5, 0x22, 0x36, 0x44, 0x0F, 0xC8, 0xD4, 0xA3, 0xA1, 0xA6, 0x3E, 0x01, 0xDC, 0x67, 0x78, 0xE4,
    0xF3, 0x7F, 0xF4, 0xEA, 0x1C, 0x3C, 0x5E, 0x3E, 0x41, 0x09, 0xEE, 0x46, 0xBC, 0x1D, 0xA7, 0x28,
    0x03, 0xA8, 0x79, 0x44, 0xE2, 0x78, 0x9E, 0xA9, 0x33, 0xCF, 0x26, 0x68, 0x65, 0x6F, 0x49, 0x21,
    0xEC, 0xCB, 0x4B, 0x56, 0x96, 0x6D, 0x06, 0xC8, 0x01, 0xD7, 0x70, 0x25, 0x2D, 0x6C, 0x41, 0x14,
    0x92, 0xDA, 0x44, 0x05, 0x0A, 0x58, 0x29, 0xB5, 0x7A, 0x13, 0x79, 0x08, 0x42, 0x09, 0x1D, 0x44,
    0xA5, 0xBB, 0xFE, 0x93, 0x54, 0x7D, 0x5C, 0x83, 0x87, 0xCB, 0x74, 0x1A, 0x79, 0x88, 0x6A, 0xF5,
    0x6D, 0xA9, 0x67, 0x4B, 0xFC, 0x5A, 0xA7, 0x08, 0x61, 0xCD, 0x08, 0xC4, 0x51, 0xB4, 0x00, 0xCC,
    0xB4, 0xFC, 0xE6, 0xE8, 0xD5, 0xCB, 0x8B, 0x3C, 0x79, 0xD0, 0xC3, 0xB1, 0x20, 0x11, 0x49, 0xBA,
    0xC1, 0xC2, 0x79, 0x53, 0xC1, 0xB1, 0x95, 0x9B, 0x6E, 0x20, 0x3A, 0xAB, 0xD8, 0xBD, 0xB7, 0xC7,
    0xF9, 0x15, 0xC5, 0xDB, 0xA2, 0x21, 0xE8, 0xE6, 0x71, 0x2B, 0x28, 0x9F, 0x75, 0xB2, 0x72, 0xB2,
    0xC7, 0x10, 0x6E, 0xCB, 0xFB, 0xB7, 0x41, 0x61, 0x6A, 0xBC, 0x87, 0xBD, 0x4A, 0xB2, 0xCB, 0x4B,
    0x29, 0x84, 0x0D, 0x38, 0x48, 0x85, 0xC4, 0x5F, 0xFC, 0x0C, 0xCB, 0x62, 0x99, 0xAD, 0x88, 0x65,
    0x36, 0x15, 0x75, 0xAD, 0x8B, 0xBA, 0x84, 0x91, 0xD8, 0xD4, 0xC2, 0x0F, 0xC0, 0x56, 0x94, 0x5E,
    0x16, 0x76, 0x35, 0x62, 0xBD, 0x03, 0xDB, 0x6D, 0x41, 0x69, 0xB1, 0x58, 0xC4, 0xEC, 0x34, 0xCD,
    0x30, 0x76, 0x68, 0x94, 0x73, 0x46, 0x51, 0x08, 0x5D, 0xE9, 0xA2, 0xE6, 0x62, 0x16, 0xE8, 0xB5,
    0x3E, 0xE2, 0xFD, 0xF5, 0x71, 0xB1, 0x4F, 0x88, 0x4E, 0x5D, 0x76, 0x19, 0x3F, 0x3D, 0x97, 0xF1,
    0x73, 0x21, 0x4D, 0x05, 0xF0, 0x46, 0xE9, 0xB3, 0xCC, 0xC1, 0xF8, 0x99, 0x62, 0x73, 0x43, 0x57,
    0xD0, 0xA1, 0xAF, 0xA0, 0x3F, 0xFD, 0x8C, 0x25, 0x38, 0x87, 0xF3, 0x2C, 0xD7, 0xFB, 0x0D, 0x5E,
    0x72, 0xDC, 0x0B, 0x53, 0xC8, 0x7F, 0x72, 0xEE, 0xE6, 0xAB, 0x65, 0x91, 0x3E, 0x8A, 0x41, 0x0D,
    0x34, 0xCB, 0x99, 0xF9, 0x18, 0x4B, 0x37, 0x12, 0x5F, 0x0C, 0x9E, 0xB5, 0xB9, 0xE3, 0xDE, 0xD5,
    0xF9, 0x4F, 0xD9, 0x3D, 0x9B, 0x3A, 0xEF, 0xEA, 0x53, 0x07, 0x37, 0xD2, 0xC3, 0xC1, 0x0D, 0xDE,
    0x42, 0x41, 0xCC, 0x0C, 0x61, 0x3A, 0xCE, 0x04, 0x1E, 0x73, 0x9C, 0x07, 0xB5, 0xD0, 0xAE, 0x74,
    0xF8, 0x75, 0xA0, 0xDC, 0x7E, 0xD4, 0x72, 0x1B, 0x6E, 0xD1, 0xFB, 0x3B, 0x02, 0xDD, 0x43, 0x8E,
    0x80, 0x40, 0x21, 0xD1, 0x4C, 0x89, 0x62, 0x94, 0xCA, 0xB8, 0x3F, 0x3E, 0x35, 0x5E, 0x19, 0xCA,
    0x9B, 0x43, 0xD9, 0x8E, 0xE1, 0xBA, 0x7E, 0x7D, 0xD6, 0x61, 0xA5, 0x3B, 0xFB, 0xC1, 0xA4, 0x4A,
    0x57, 0x66, 0xE8, 0xEC, 0x44, 0xE7, 0xFE, 0xB8, 0xA8, 0x31, 0x53, 0xA5, 0x30, 0x4B, 0x46, 0xC7,
    0xC3, 0x75, 0x29, 0xB6, 0x47, 0x45, 0x4D, 0x74, 0xCA, 0xE3, 0x62, 0x78, 0x70, 0x5C, 0xDC, 0x1D,
    0x1F, 0x17, 0x87, 0x09, 0xCC, 0x62, 0xAB, 0x4F, 0x41, 0xBB, 0x31, 0x30, 0x57, 0x40, 0xA7, 0x25,
    0x8B, 0x5C, 0x73, 0x8C, 0x02, 0xF4, 0xC4, 0xB9, 0x98, 0xAB, 0xD1, 0x8B, 0xB9, 0x6E, 0x13, 0x71,
    0x25, 0xEE, 0x06, 0x84, 0x75, 0xD6, 0x0C, 0x17, 0x73, 0xFD, 0xBC, 0x11, 0xFE, 0x4E, 0xF3, 0x43,
    0xDE, 0xDC, 0xDE, 0x68, 0x68, 0xF2, 0x66, 0x2D, 0x95, 0xE0, 0xF9, 0x4A, 0x6E, 0xE8, 0x0A, 0xC3,
    0x52, 0x2E, 0xE6, 0x5A, 0x01, 0xF2, 0xE4, 0x33, 0x33, 0x5A, 0x67, 0x5F, 0x45, 0xC8, 0x2F, 0xDC,
    0x58, 0x2A, 0x06, 0xF9, 0x44, 0xCB, 0xA6, 0x9B, 0x94, 0x09, 0x26, 0x5D, 0x17, 0xA4, 0x19, 0x36,
    0xFB, 0x2E, 0xA4, 0x5D, 0xA8, 0x6B, 0xBE, 0x42, 0x73, 0xA9, 0xAC, 0x53, 0x07, 0xCD, 0xED, 0x36,
    0xA8, 0xDC, 0xA1, 0xAC, 0x46, 0x4F, 0x39, 0xF8, 0x84, 0xDE, 0x36, 0xC2, 0xF5, 0x4E, 0x4F, 0xCF,
    0xD9, 0x1A, 0xE8, 0x6F, 0x53, 0x61, 0xCB, 0x6B, 0x8E, 0x7D, 0xE8, 0x8D, 0x31, 0x40, 0x2E, 0x06,
    0x2A, 0xA6, 0x11, 0xF4, 0x17, 0x8A, 0x74, 0xC0, 0xBF, 0x1E, 0xF7, 0xBD, 0x10, 0xFE, 0x65, 0x63,
    0x31, 0x09, 0xE4, 0xB8, 0x19, 0x37, 0x02, 0xE0, 0x4F, 0x1A, 0x76, 0xF6, 0x03, 0x9F, 0x73, 0x8D,
    0xCB, 0x7F, 0x68, 0xE8, 0x9D, 0x96, 0xF8, 0xDA, 0x32, 0xF3, 0xFD, 0x45, 0x69, 0xBE, 0x3B, 0xE3,
    0xAB, 0xCA, 0x68, 0xF2, 0x7A, 0x1B, 0xE2, 0x9D, 0xF0, 0x4A, 0x07, 0x1F, 0x56, 0x90, 0x76, 0x37,
    0x61, 0xF2, 0x52, 0xD7, 0x70, 0xB9, 0x42, 0xB6, 0x0A, 0x2B, 0x7E, 0x2B, 0x14, 0x3C, 0xD4, 0xFD,
    0x0C, 0xDC, 0xFE, 0xA9, 0x65, 0xEB, 0x2A, 0xB4, 0x65, 0x96, 0xD3, 0x3A, 0xDC, 0x7A, 0x78, 0x5E,
    0x94, 0x82, 0x96, 0x8F, 0x41, 0x2D, 0xCF, 0xC6, 0xA8, 0xE5, 0xA0, 0x7A, 0xDF, 0xCC, 0x70, 0x50,
    0x5B, 0x51, 0x87, 0x09, 0x3D, 0xC7, 0xD2, 0x1D, 0x96, 0x82, 0x4B, 0x6F, 0xE5, 0xB6, 0x52, 0x76,
    0xF8, 0x00, 0x32, 0xEC, 0x0E, 0xDD, 0x34, 0x3B, 0x77, 0x6E, 0x9A, 0xDD, 0x85, 0x81, 0x00, 0xE7,
    0x1A, 0x9A, 0x71, 0x0D, 0x0D, 0x5A, 0x87, 0xC4, 0xD1, 0xDC, 0xDB, 0xDB, 0xE4, 0x28, 0x88, 0xDE,
    0x34, 0xCB, 0x99, 0x82, 0x7A, 0xD3, 0x6C, 0x28, 0x37, 0xCD, 0x56, 0xD4, 0xB0, 0x9C, 0xB0, 0x1C,
    0xDF, 0x34, 0xCB, 0x8F, 0x4F, 0x4B, 0x9C, 0x02, 0x73, 0x99, 0x7B, 0xCD, 0xBF, 0xCD, 0x43, 0xEF,
    0xED, 0xD1, 0xE8, 0xF1, 0xEC, 0x77, 0x73, 0x8A, 0xDF, 0xB2, 0xB9, 0x30, 0xE5, 0xB4, 0x0A, 0xE4,
    0x0E, 0x2B, 0xDA, 0xE5, 0xCF, 0x9A, 0xB3, 0xB6, 0x3A, 0xBC, 0x55, 0x80, 0xAC, 0x81, 0x39, 0x2E,
    0x98, 0xBD, 0x42, 0xBC, 0x06, 0x4F, 0xB3, 0xF8, 0x3D, 0x0E, 0x33, 0xFC, 0xA0, 0x79, 0x22, 0xB6,
    0x5F, 0xB5, 0x4D, 0x30, 0x67, 0xDF, 0xEF, 0x9A, 0xA4, 0xC3, 0xAD, 0xC0, 0x18, 0x4D, 0x64, 0x3B,
    0x87, 0x5C, 0x11, 0x1B, 0xE5, 0x7C, 0x2B, 0x10, 0xE4, 0x95, 0xCC, 0x5C, 0xC9, 0xA2, 0x23, 0xE5,
    0xAF, 0x7C, 0x7F, 0x75, 0xA7, 0x1C, 0x26, 0xE4, 0x15, 0x43, 0x85, 0xA6, 0xC3, 0x69, 0x8D, 0xFE,
    0xB1, 0x1B, 0x76, 0x81, 0x9F, 0xA0, 0x82, 0x15, 0x89, 0x83, 0x36, 0xF6, 0x27, 0x3C, 0xCB, 0x13,
    0xA9, 0x80, 0x48, 0x07, 0xCF, 0x2C, 0x50, 0x2B, 0x51, 0x6E, 0x66, 0x25, 0xBF, 0xC4, 0xD5, 0x1D,
    0xB0, 0xE4, 0xDE, 0xC2, 0x77, 0xAE, 0xE9, 0x1B, 0x60, 0x77, 0xB3, 0x40, 0x45, 0xB3, 0xE4, 0xF4,
    0x0E, 0x5B, 0xA0, 0x2C, 0x13, 0x45, 0x6C, 0x64, 0xB0, 0xEB, 0xA6, 0x78, 0x23, 0x3D, 0xA3, 0xA6,
    0xCE, 0x94, 0x3C, 0x24, 0xB4, 0x53, 0x4B, 0x0B, 0x9D, 0x2E, 0x7C, 0xBE, 0x5B, 0x33, 0xB2, 0x36,
    0x45, 0x27, 0x5C, 0x06, 0xD0, 0x88, 0x5F, 0x76, 0x5F, 0x5F, 0x90, 0xBE, 0xB0, 0xAE, 0x92, 0x26,
    0xAC, 0x70, 0xD7, 0x70, 0x58, 0x0D, 0x94, 0x05, 0xC3, 0x45, 0x18, 0x40, 0xE7, 0x23, 0x2F, 0x73,
    0x6E, 0x7A, 0xDC, 0x82, 0xFF, 0x12, 0x00, 0x8C, 0xD6, 0xA6, 0xAC, 0xD1, 0x5F, 0xA4, 0x0A, 0x69,
    0x1A, 0x2E, 0xB7, 0xE1, 0x11, 0x10, 0x97, 0xF4, 0xE5, 0x8E, 0x1E, 0xA3, 0xA4, 0xBC, 0x61, 0xD9,
    0xD8, 0xB6, 0x35, 0xFB, 0xF8, 0x7D, 0x76, 0x09, 0x54, 0xC4, 0xFA, 0x7D, 0xD2, 0x49, 0xA3, 0x5D,
    0x82, 0xB1, 0x7C, 0x09, 0x5E, 0x8B, 0x75, 0xAE, 0xDB, 0x5A, 0xDD, 0xA3, 0xA3, 0xC7, 0xBD, 0x18,
    0xD7, 0xC8, 0x50, 0x20, 0xB6, 0x63, 0x16, 0xF2, 0xA8, 0x8B, 0x71, 0xFD, 0xF1, 0xC5, 0xB8, 0xE9,
    0xE8, 0x62, 0xDC, 0x93, 0x21, 0xE6, 0x1F, 0x3D, 0x7C, 0x31, 0x2E, 0xD4, 0xA9, 0x17, 0xE3, 0xF2,
    0xF3, 0x6B, 0xF4, 0x71, 0xDA, 0xA0, 0x67, 0x29, 0x7B, 0xAE, 0x46, 0x8E, 0x98, 0x2C, 0x1D, 0xED,
    0x19, 0xB3, 0xDA, 0x0E, 0x34, 0xAB, 0x1C, 0x4D, 0x6F, 0x40, 0xBC, 0x3D, 0x8B, 0x87, 0xF8, 0x79,
    0xF2, 0xF5, 0x1E, 0xD7, 0x3D, 0x16, 0x6B, 0x27, 0x44, 0x68, 0x2F, 0x3A, 0x93, 0x1E, 0xA6, 0xB3,
    0x64, 0xC0, 0xB2, 0x6F, 0x91, 0x66, 0x70, 0xA1, 0xE7, 0x1A, 0x7B, 0xB5, 0x90, 0x85, 0x76, 0xE1,
    0x70, 0xBE, 0xA0, 0xB9, 0x6E, 0x2D, 0xB3, 0xC1, 0x6C, 0x5A, 0x04, 0x6F, 0x7A, 0x0A, 0x67, 0xAC,
    0xCB, 0xA4, 0x44, 0xD8, 0x1F, 0x01, 0x6F, 0x0B, 0xFB, 0x0E, 0xF7, 0x0F, 0xB2, 0x04, 0x46, 0x1B,
    0xA7, 0x9F, 0x94, 0x07, 0x38, 0xFE, 0xAF, 0x82, 0xA1, 0x03, 0x68, 0x88, 0xD3, 0xB2, 0xB8, 0x87,
    0x71, 0x30, 0xA9, 0xA2, 0x66, 0xA2, 0x80, 0x08, 0xC1, 0xB8, 0x75, 0x28, 0x9F, 0xE6, 0x3C, 0x9F,
    0xBF, 0x6E, 0xFD, 0xD9, 0x64, 0x16, 0x55, 0x72, 0xC7, 0x48, 0xC2, 0x38, 0x30, 0xCE, 0x64, 0xE5,
    0x15, 0xFC, 0xBD, 0x19, 0x01, 0x1B, 0xB0, 0x86, 0x8D, 0x1F, 0x6B, 0x6A, 0x57, 0xAC, 0x4E, 0xC8,
    0x9B, 0x30, 0xDF, 0xF4, 0x39, 0xE7, 0xFA, 0x08, 0x98, 0xF5, 0xE4, 0x95, 0x0E, 0x5F, 0x91, 0x90,
    0xAB, 0x9C, 0x89, 0x9E, 0x60, 0x6F, 0xEB, 0x95, 0xFF, 0x61, 0xB5, 0xBB, 0x5F, 0xD3, 0x95, 0x13,
    0x80, 0xED, 0xC9, 0x7D, 0xFE, 0xDF, 0x47, 0x05, 0xA5, 0xAD, 0x0C, 0x8A, 0x2A, 0x46, 0xAA, 0xF3,
    0x81, 0xBB, 0xC7, 0xF3, 0x08, 0xF9, 0xA6, 0xE8, 0x76, 0xC0, 0xDC, 0x81, 0x1C, 0x5F, 0x60, 0x61,
    0x98, 0xDE, 0x54, 0x9F, 0xF3, 0x70, 0x99, 0xF5, 0x32, 0x6D, 0x53, 0xF2, 0xE9, 0x16, 0x5F, 0x57,
    0xE0, 0x75, 0x38, 0x83, 0xEB, 0x68, 0x34, 0x03, 0x20, 0x62, 0x11, 0x33, 0x74, 0x75, 0xCA, 0x27,
    0xBE, 0xAB, 0x3C, 0x7D, 0x9F, 0xC0, 0xE9, 0xD3, 0x34, 0x7A, 0xFE, 0xBB, 0xA2, 0x3E, 0x10, 0xBC,
    0xBD, 0x40, 0x41, 0x61, 0xBE, 0x60, 0x31, 0x32, 0xE2, 0x9A, 0x86, 0x1E, 0x20, 0x2E, 0xB0, 0x58,
    0xE5, 0xEF, 0x15, 0x0A, 0xB2, 0x4F, 0xB3, 0x92, 0x3B, 0xC9, 0x20, 0xFB, 0xA1, 0x93, 0x6B, 0x92,
    0xD4, 0xD3, 0x51, 0x38, 0x88, 0x86, 0x96, 0xF9, 0x93, 0x9E, 0xA1, 0x88, 0xDF, 0x73, 0xE3, 0x0F,
    0x8F, 0xB0, 0x40, 0x94, 0x6A, 0x7E, 0x62, 0x01, 0x08, 0xC4, 0x7A, 0x90, 0xB9, 0xA1, 0xEF, 0x21,
    0x37, 0xF9, 0x2A, 0x85, 0xF8, 0x04, 0xFF, 0xF4, 0x65, 0x62, 0x8E, 0x3C, 0x98, 0x33, 0x79, 0xD0,
    0x2C, 0xC6, 0xB4, 0xC8, 0x41, 0x3F, 0xE1, 0x3E, 0x60, 0x5F, 0x47, 0xD9, 0x7E, 0x08, 0xEF, 0xD8,
    0x56, 0xEE, 0x0B, 0xE8, 0xFC, 0x6C, 0x93, 0x24, 0xC1, 0xB6, 0x5B, 0xE4, 0x7A, 0xB7, 0xD7, 0x25,
    0xD9, 0xCA, 0xB1, 0xAD, 0xE3, 0x13, 0xFF, 0x4C, 0xCA, 0xE8, 0x80, 0xF7, 0xE5, 0x43, 0xA8, 0x6F,
    0xAF, 0x82, 0xDB, 0x97, 0x83, 0x95, 0x2C, 0xBC, 0x4A, 0x5D, 0x3A, 0xEF, 0x9B, 0xE6, 0xB1, 0x5F,
    0x63, 0xB7, 0x86, 0xDC, 0x3D, 0xB4, 0x53, 0x3F, 0x24, 0x37, 0x58, 0xCD, 0x32, 0x2E, 0x59, 0x26,
    0x25, 0x48, 0x4B, 0x72, 0x95, 0xC1, 0x43, 0x73, 0x83, 0xA1, 0xB1, 0x57, 0xF9, 0xC8, 0xD3, 0xB3,
    0xE0, 0x41, 0xCF, 0xD7, 0x49, 0x9F, 0x07, 0x31, 0x87, 0xD5, 0xE2, 0xA2, 0x51, 0xE6, 0xB0, 0x9C,
    0x45, 0x8A, 0x9D, 0x56, 0xA0, 0xEA, 0x87, 0x99, 0xC3, 0x80, 0x2C, 0x2A, 0x0F, 0x33, 0x87, 0xBD,
    0x07, 0xDA, 0x79, 0xEB, 0x85, 0x17, 0x7E, 0xBF, 0x4D, 0x40, 0xFD, 0x99, 0xDC, 0x5B, 0xA0, 0x48,
    0xDE, 0x3B, 0xED, 0x9C, 0xAA, 0xFF, 0x7C, 0x1A, 0xCA, 0x36, 0x37, 0x8B, 0xD3, 0xF6, 0xFF, 0xE4,
    0x19, 0x74, 0xAE, 0x75, 0x74, 0xF2, 0x0C, 0x3A, 0x4B, 0x0D, 0x9E, 0x64, 0x64, 0x9C, 0x87, 0xFB,
    0x36, 0x8F, 0x36, 0x32, 0xCE, 0xEA, 0xC6, 0x12, 0xCE, 0x3D, 0x81, 0x74, 0x0E, 0x25, 0xE7, 0xF9,
    0xE6, 0x6F, 0x6D, 0x74, 0x7D, 0x44, 0xA3, 0x83, 0x39, 0xD0, 0xEA, 0x38, 0xF8, 0xE0, 0x0C, 0x0F,
    0x2C, 0xF8, 0x3E, 0x35, 0x6B, 0x9C, 0x9B, 0x06, 0x99, 0xFA, 0xE2, 0xAA, 0xA9, 0x78, 0x2E, 0x4F,
    0x4A, 0x44, 0x36, 0x91, 0x9B, 0x15, 0x92, 0xE4, 0xC8, 0xB2, 0xF6, 0xA6, 0x70, 0x1A, 0xE3, 0x25,
    0x39, 0xAF, 0x05, 0x5B, 0xE6, 0x60, 0xA2, 0x9D, 0x38, 0xC0, 0xEC, 0x20, 0xF4, 0x14, 0xCA, 0xAF,
    0x28, 0xE2, 0x92, 0x51, 0x9C, 0xCA, 0x82, 0x76, 0xF2, 0x41, 0xF0, 0xDC, 0x6B, 0xDE, 0xD4, 0x41,
    0x2A, 0x74, 0x58, 0x90, 0x08, 0x32, 0x6A, 0x68, 0xE4, 0xD1, 0x19, 0x05, 0xFA, 0xE6, 0xE3, 0x39,
    0x77, 0x1E, 0xEF, 0xC5, 0x7A, 0x03, 0xDE, 0x1A, 0xD6, 0xC4, 0x35, 0xE8, 0x60, 0x3B, 0x78, 0x34,
    0xC6, 0x82, 0xBC, 0xDB, 0xBF, 0x2D, 0xF1, 0x97, 0x82, 0xF6, 0x19, 0x14, 0x69, 0x55, 0x14, 0x30,
    0xC3, 0x7E, 0x66, 0xAA, 0xCB, 0xC7, 0x8C, 0x8C, 0x0E, 0x8D, 0x8C, 0x8D, 0x0E, 0x8E, 0x8C, 0x8E,
    0x0E, 0x8F, 0x8C, 0x8F, 0x0E, 0x90, 0x8C, 0x90, 0x0E, 0x11, 0xC6, 0x48, 0x07, 0x49, 0x47, 0x49,
    0x87, 0x09, 0xE3, 0xA4, 0x03, 0xA5, 0x23, 0x45, 0xC9, 0x28, 0x72, 0x36, 0x23, 0x1D, 0x2D, 0x1D,
    0x2E, 0x8C, 0x97, 0x0E, 0x18, 0x46, 0xCC, 0x1D, 0xB2, 0x67, 0x74, 0xE5, 0x40, 0x1E, 0xB7, 0x72,
    0xCE, 0xE1, 0x0D, 0xEE, 0xEA, 0xFA, 0x85, 0x38, 0xC2, 0xF5, 0x7B, 0xD6, 0x97, 0xA8, 0x9D, 0x96,
    0x09, 0xE1, 0xEC, 0x99, 0x2C, 0x02, 0x87, 0x27, 0x97, 0x1A, 0x47, 0xD6, 0x90, 0xF8, 0x14, 0x53,
    0x9D, 0xCC, 0x7E, 0x70, 0xF4, 0x95, 0x38, 0xBC, 0x97, 0xE8, 0xD7, 0xDE, 0x40, 0xC4, 0x14, 0x0C,
    0x71, 0xBC, 0xE5, 0x21, 0x1C, 0xB4, 0x23, 0x1F, 0x6F, 0x6B, 0xE4, 0x1F, 0xE0, 0xD9, 0x0E, 0x50,
    0x81, 0x4D, 0x30, 0xAE, 0x18, 0x60, 0x5E, 0x8E, 0x7D, 0x3E, 0xBC, 0xD7, 0x9D, 0x63, 0xEE, 0xA2,
    0xD5, 0xF8, 0x3C, 0xC8, 0xE0, 0x88, 0xC8, 0x05, 0x7D, 0x00, 0xD7, 0xC0, 0x9D, 0x37, 0xDA, 0x92,
    0x71, 0xCE, 0x0E, 0x3E, 0xE5, 0x39, 0x48, 0x5B, 0x41, 0x96, 0x2C, 0x7F, 0x8B, 0x1E, 0x96, 0xE0,
    0xC4, 0x9D, 0xD4, 0xE1, 0x68, 0x52, 0x23, 0x16, 0x1D, 0xCF, 0x38, 0xFC, 0x70, 0x6E, 0x73, 0x24,
    0xFA, 0x21, 0x47, 0xE2, 0x55, 0x37, 0x47, 0x82, 0xEE, 0x8C, 0x82, 0xFD, 0x0D, 0xE4, 0xA7, 0x6B,
    0xB1, 0xC0, 0x4B, 0x29, 0x72, 0xE1, 0x0B, 0xA6, 0xB3, 0xCB, 0x91, 0xA8, 0xDC, 0x1C, 0x09, 0x08,
    0x13, 0x20, 0x21, 0x55, 0x13, 0xB4, 0xCC, 0xED, 0x53, 0x6A, 0x75, 0xF5, 0x08, 0xAD, 0xA2, 0x3F,
    0x17, 0xBF, 0x60, 0x5F, 0x58, 0xD3, 0xE0, 0x0F, 0x3D, 0xC5, 0x7F, 0x73, 0xB4, 0x9A, 0xFC, 0xCA,
    0x5A, 0xBD, 0x25, 0x5A, 0x6D, 0xA0, 0xA4, 0xF9, 0x83, 0x95, 0x64, 0x36, 0xED, 0xBD, 0xDB, 0x78,
    0xB9, 0x9D, 0xA8, 0xA4, 0xD6, 0x49, 0x24, 0xF9, 0x5F, 0xDD, 0x9A, 0x01, 0xA4, 0x5D, 0x57, 0xBA,
    0xC7, 0x7F, 0x7B, 0xEF, 0x9B, 0xBB, 0x2B, 0xDB, 0xCB, 0xBE, 0x8F, 0x3C, 0x2A, 0x69, 0x72, 0xA0,
    0xA8, 0x36, 0xC9, 0x86, 0xE7, 0xBD, 0xE0, 0x26, 0x7B, 0x35, 0x05, 0x14, 0x82, 0x3C, 0x00, 0x05,
    0x50, 0xDE, 0x34, 0x83, 0x20, 0x43, 0xDA, 0xB3, 0xDB, 0x02, 0x60, 0x2E, 0x98, 0x61, 0x06, 0x73,
    0x31, 0xE8, 0x74, 0xD0, 0x22, 0x48, 0x49, 0xEF, 0xDE, 0x55, 0xC0, 0xC0, 0x6E, 0x19, 0xC5, 0xC0,
    0x4E, 0xA7, 0x6D, 0x99, 0x32, 0xDD, 0x33, 0x4E, 0xCC, 0x49, 0xE7, 0x9C, 0xB3, 0xA6, 0xDF, 0xF7,
    0xAD, 0x5A, 0xE6, 0x4E, 0x18, 0x86, 0xDE, 0x7B, 0xCE, 0x2C, 0xE7, 0xFE, 0xCF, 0xB1, 0x73, 0xF6,
    0x5E, 0xDF, 0xF7, 0xFB, 0xAF, 0xB5, 0xD6, 0x97, 0xBB, 0x2E, 0x90, 0xCC, 0x00, 0xB2, 0xB9, 0x68,
    0xA1, 0x5A, 0x2E, 0x44, 0xAF, 0xA8, 0xDE, 0x56, 0x1D, 0x97, 0x40, 0x3A, 0x88, 0x66, 0xDD, 0x01,
    0x50, 0xB8, 0x16, 0x98, 0x30, 0x95, 0x2F, 0x52, 0xCB, 0x17, 0x55, 0x47, 0x6A, 0x47, 0xFA, 0xCD,
    0xDB, 0x6D, 0x43, 0xE6, 0xBD, 0x6F, 0x28, 0x1D, 0x55, 0xC7, 0x04, 0x26, 0x1D, 0xBB, 0x50, 0x76,
    0xDC, 0x83, 0xB2, 0x67, 0x14, 0xCD, 0x44, 0x87, 0x97, 0x1E, 0x91, 0xB4, 0x8F, 0xBC, 0x77, 0xB9,
    0x5F, 0x11, 0x5A, 0x02, 0xC8, 0x3D, 0xA2, 0x55, 0x54, 0x4E, 0x3A, 0x42, 0x4B, 0xFD, 0xC7, 0x0D,
    0xD5, 0x6F, 0x7D, 0xC3, 0x01, 0xB5, 0x4B, 0xE7, 0xD4, 0xE4, 0x23, 0x53, 0x79, 0xF6, 0x81, 0xDC,
    0xB8, 0xA4, 0x6A, 0x58, 0x48, 0x38, 0x0B, 0xA6, 0x24, 0x22, 0xD9, 0x9C, 0x96, 0x6C, 0x46, 0x4B,
    0x21, 0xDF, 0x3C, 0x2B, 0xF2, 0xBF, 0x23, 0xF5, 0xEB, 0xBF, 0x1F, 0x77, 0x2A, 0xFF, 0xA6, 0x1F,
    0x8B, 0x65, 0xEA, 0x1D, 0xD7, 0xD9, 0x81, 0x2D, 0x40, 0x6E, 0x86, 0x69, 0x23, 0xE2, 0x80, 0x4B,
    0x58, 0x3B, 0x70, 0xC2, 0xC1, 0x0F, 0xA2, 0xD7, 0x46, 0x0D, 0x46, 0xF5, 0x6C, 0x2F, 0x2A, 0x78,
    0x60, 0x54, 0x1D, 0xB0, 0xB6, 0x7E, 0x98, 0x13, 0x07, 0xD4, 0x73, 0xE0, 0xBD, 0xF7, 0x01, 0x77,
    0x05, 0xE0, 0x0E, 0x50, 0xCE, 0xB4, 0x47, 0xE0, 0x9C, 0xC8, 0xD6, 0xD1, 0xF0, 0xB6, 0xF6, 0x96,
    0x6A, 0xAA, 0xA4, 0x6E, 0xE4, 0x9D, 0x50, 0xF3, 0xE7, 0x01, 0x72, 0xAF, 0xBE, 0x4F, 0x5E, 0x94,
    0x6B, 0xDC, 0x4B, 0x94, 0xAB, 0x03, 0x0E, 0xF1, 0x35, 0xC0, 0x46, 0x38, 0x22, 0x16, 0xC6, 0x11,
    0xB2, 0x51, 0x36, 0xCC, 0x81, 0x73, 0x00, 0x1D, 0x48, 0x07, 0xD4, 0x81, 0x75, 0x80, 0x1D, 0x68,
    0x07, 0xDC, 0x81, 0x77, 0x00, 0x1E, 0x88, 0x07, 0xE4, 0xC6, 0x1C, 0x83, 0x8E, 0x51, 0x27, 0x60,
    0x8F, 0xAD, 0x72, 0xA2, 0xAF, 0x02, 0x93, 0x0F, 0x46, 0x60, 0xFA, 0xA9, 0x83, 0xE4, 0x91, 0x7C,
    0xCC, 0x7B, 0xF1, 0xE1, 0x94, 0xF1, 0xB7, 0x16, 0x1D, 0x30, 0x0B, 0xD4, 0x03, 0xD4, 0x04, 0x73,
    0xC1, 0x6C, 0x30, 0x1F, 0xCC, 0x08, 0x73, 0xC2, 0xAC, 0x30, 0x2F, 0xCC, 0x0C, 0x73, 0xC3, 0xEC,
    0x30, 0x3F, 0xCC, 0x10, 0xD4, 0x11, 0xCC, 0x12, 0x82, 0x27, 0x67, 0x8C, 0xA2, 0x33, 0x52, 0x37,
    0x04, 0xF3, 0x03, 0x1F, 0x0D, 0x31, 0x3F, 0xCC, 0x0E, 0xC7, 0xBA, 0x8E, 0xF5, 0x38, 0x41, 0x67,
    0x22, 0xBB, 0xE2, 0xD8, 0x13, 0xD3, 0xC1, 0x70, 0x0B, 0xED, 0x08, 0xFB, 0x08, 0xC7, 0xBA, 0xB5,
    0xBA, 0x13, 0xE5, 0x3F, 0x07, 0xE3, 0xD6, 0x8B, 0xDE, 0x98, 0x34, 0x3A, 0xF2, 0x9F, 0xFA, 0x37,
    0x1B, 0xF9, 0xE9, 0x3E, 0x50, 0xDC, 0x07, 0xB8, 0x10, 0x56, 0x9B, 0xC9, 0x87, 0x3D, 0x4C, 0x1F,
    0x1C, 0xA7, 0x15, 0xE9, 0xEC, 0xA4, 0xE0, 0xF2, 0x3F, 0x00, 0x2E, 0x4E, 0x05, 0xDE, 0xD3, 0xDB,
    0x7B, 0x6A, 0x83, 0x48, 0xB2, 0x79, 0xA3, 0xFD, 0x34, 0x0E, 0xFC, 0xEB, 0x1D, 0xD9, 0xD7, 0xBE,
    0x21, 0x4F, 0x84, 0x7D, 0xDC, 0x4D, 0x8F, 0x79, 0xDC, 0xBF, 0x7C, 0x18, 0x6A, 0xF9, 0xE3, 0x4E,
    0x08, 0x64, 0x3D, 0xB0, 0xCF, 0x3E, 0xC4, 0xB6, 0x81, 0xB5, 0x89, 0x68, 0x23, 0x17, 0x06, 0xA0,
    0x1D, 0x65, 0x74, 0xCD, 0x20, 0xEF, 0x8E, 0x1C, 0x75, 0x02, 0x9A, 0x10, 0x54, 0x26, 0xCA, 0x25,
    0xC4, 0xFF, 0x4B, 0x85, 0x3A, 0xC4, 0xA5, 0x7D, 0xD7, 0xE4, 0x16, 0x70, 0x29, 0x19, 0xE5, 0xB2,
    0xEF, 0xD4, 0x21, 0xA4, 0xED, 0xAC, 0xB9, 0x1F, 0xB5, 0xC8, 0x7D, 0xED, 0x14, 0xD2, 0x6B, 0xD7,
    0xA4, 0xDF, 0x52, 0x96, 0xAD, 0xF7, 0x01, 0x3F, 0x07, 0x41, 0x79, 0x94, 0xA3, 0x7C, 0xBB, 0x89,
    0x80, 0x19, 0x55, 0x2F, 0x6F, 0x32, 0xE1, 0x3B, 0x22, 0x97, 0xD0, 0x8E, 0xD6, 0x83, 0x30, 0xAF,
    0xA8, 0x7E, 0xD5, 0x29, 0x2C, 0xD5, 0xB3, 0x2E, 0x72, 0xDE, 0xD9, 0x3C, 0xCE, 0x2E, 0x94, 0xDE,
    0x6C, 0xED, 0x5A, 0x1E, 0x36, 0x80, 0xD2, 0x17, 0xD2, 0x63, 0x86, 0x7D, 0x68, 0x87, 0xBC, 0x19,
    0x77, 0x48, 0xD8, 0xD0, 0x41, 0x7D, 0x9A, 0xEB, 0xD0, 0x76, 0x3D, 0xE9, 0xD7, 0xBE, 0x23, 0x7B,
    0xDE, 0x13, 0x48, 0xBA, 0xE3, 0x87, 0xFD, 0x34, 0xFF, 0xAD, 0x50, 0x05, 0xE7, 0xE4, 0xD7, 0x83,
    0x42, 0x6D, 0x04, 0xE1, 0x7B, 0x6C, 0xC2, 0xDE, 0x68, 0x6D, 0xD2, 0xC4, 0xDA, 0xD6, 0x74, 0x12,
    0x0B, 0xA6, 0x9C, 0x93, 0x90, 0xBB, 0xF3, 0x90, 0xFD, 0x61, 0x01, 0x89, 0x1F, 0x65, 0x3E, 0xBB,
    0xA3, 0xAE, 0xBF, 0x5F, 0x15, 0xF1, 0x41, 0x40, 0xFC, 0xB6, 0x56, 0x79, 0xEF, 0x47, 0x9E, 0x53,
    0x4D, 0x96, 0x3A, 0x0B, 0x17, 0xA4, 0x83, 0x74, 0x93, 0xF6, 0xA4, 0xDF, 0x6A, 0x67, 0xD4, 0xA5,
    0x3B, 0x20, 0x1F, 0xA3, 0x16, 0x0F, 0xFF, 0xCF, 0x89, 0x63, 0x7E, 0x80, 0xF2, 0x73, 0xF9, 0xFC,
    0x77, 0x65, 0x82, 0x61, 0x71, 0xAA, 0x22, 0x62, 0xC3, 0x7F, 0x40, 0x0B, 0x17, 0x61, 0x85, 0x80,
    0x5E, 0xC2, 0x82, 0xB3, 0xAB, 0xB7, 0xDF, 0x99, 0xD3, 0x7A, 0xEF, 0xB5, 0x87, 0xD8, 0xD2, 0x31,
    0x78, 0x1E, 0x75, 0x14, 0x8D, 0x6D, 0xDB, 0xF7, 0x54, 0x3F, 0x1F, 0x59, 0x64, 0xF3, 0x6C, 0x96,
    0x2E, 0x8A, 0x31, 0x9D, 0x97, 0x7D, 0x36, 0xAB, 0xBA, 0x62, 0xAC, 0x9B, 0xAA, 0xAB, 0x7F, 0xB2,
    0x62, 0xEA, 0x07, 0x5A, 0x99, 0x01, 0xD8, 0xCF, 0x14, 0xA8, 0x9B, 0xA4, 0xA9, 0xFA, 0xC2, 0x15,
    0xDE, 0x93, 0xC8, 0xB8, 0x3F, 0x11, 0x3B, 0xCC, 0x67, 0xF6, 0x93, 0x0D, 0x91, 0xD1, 0x1E, 0x61,
    0x7E, 0x40, 0x7F, 0x5F, 0x14, 0xD5, 0xED, 0x59, 0xCC, 0x73, 0xD7, 0x36, 0xBE, 0xF5, 0xE5, 0x2A,
    0x29, 0xFA, 0x81, 0xF4, 0x8B, 0x19, 0x09, 0x33, 0x48, 0x46, 0xA8, 0x7B, 0xDB, 0xEE, 0x6E, 0x01,
    0x3B, 0xDF, 0x07, 0xD1, 0xEB, 0x22, 0xF9, 0x2A, 0xE9, 0x60, 0xE2, 0x3F, 0x69, 0xE0, 0x72, 0xE9,
    0xA5, 0xAF, 0x44, 0x33, 0x67, 0x6D, 0x69, 0x25, 0x12, 0x78, 0xB9, 0xC8, 0x1A, 0xAE, 0xFA, 0x5F,
    0xC0, 0xBB, 0xD5, 0x12, 0xAE, 0x6F, 0x0F, 0x87, 0x87, 0x9E, 0x92, 0x12, 0x54, 0x08, 0x2B, 0x04,
    0x16, 0x42, 0x0B, 0xC1, 0x85, 0xF0, 0x42, 0x80, 0x29, 0x31, 0x41, 0x66, 0xBC, 0x4C, 0xA6, 0x04,
    0x6C, 0x08, 0x37, 0x04, 0x9C, 0x91, 0x33, 0x74, 0x56, 0x5C, 0x1B, 0x1C, 0xE4, 0xA2, 0xBB, 0xAF,
    0x9F, 0x1F, 0x0C, 0x7A, 0xF3, 0x68, 0x5B, 0x95, 0x5E, 0x2B, 0x9A, 0x8B, 0x00, 0x5B, 0xFF, 0x08,
    0x34, 0x10, 0x0D, 0x48, 0x03, 0xD3, 0x00, 0x35, 0x50, 0x55, 0xAC, 0xC6, 0x35, 0x22, 0x95, 0xB7,
    0x88, 0xD6, 0xD8, 0x06, 0xB8, 0x4A, 0x37, 0xE2, 0x35, 0xBE, 0x06, 0xD8, 0x08, 0x47, 0xC4, 0xC6,
    0x38, 0x40, 0x0E, 0x94, 0x03, 0xE6, 0xC0, 0x39, 0xB4, 0x78, 0xA7, 0xE4, 0x53, 0xBD, 0x31, 0x00,
    0xED, 0xC7, 0x0E, 0xD2, 0xBF, 0x8C, 0x9A, 0xDF, 0x5D, 0xE4, 0x49, 0x17, 0x80, 0xC3, 0x0E, 0x98,
    0x05, 0xE6, 0x81, 0x99, 0x60, 0x2E, 0x98, 0x0D, 0xE6, 0x83, 0x19, 0x61, 0x4E, 0x98, 0x15, 0xE2,
    0x85, 0x28, 0x51, 0xA7, 0x22, 0xE6, 0x87, 0x19, 0x62, 0x8E, 0x04, 0x4B, 0x82, 0x27, 0xC9, 0xBE,
    0x28, 0x16, 0xF8, 0xEE, 0x09, 0x07, 0x9C, 0xAF, 0xA2, 0x21, 0xE6, 0x87, 0xD9, 0xB1, 0xC5, 0x3A,
    0x2F, 0xB1, 0x59, 0x6F, 0x0B, 0x00, 0xB7, 0xAB, 0x86, 0x27, 0xDB, 0x5E, 0x48, 0x0B, 0x67, 0xA1,
    0xFC, 0x7D, 0x2D, 0xAE, 0xD6, 0xB2, 0x85, 0x68, 0x72, 0x5E, 0x94, 0x73, 0x42, 0xF6, 0xF9, 0xB9,
    0x8E, 0xEB, 0x6E, 0xE3, 0x28, 0x6A, 0x59, 0x78, 0x6A, 0x0E, 0x36, 0xBE, 0x93, 0xBB, 0x50, 0xBD,
    0xB9, 0x07, 0xED, 0x47, 0x28, 0x4F, 0x05, 0x2A, 0x44, 0x8F, 0x74, 0xD9, 0xB8, 0xE4, 0xF6, 0x01,
    0xFF, 0x45, 0x0F, 0xD9, 0x27, 0xBE, 0x81, 0x94, 0x97, 0x6D, 0x01, 0x11, 0xDD, 0xC0, 0xD1, 0x7A,
    0x1A, 0x47, 0xE2, 0xAF, 0x75, 0x52, 0xAA, 0x39, 0x8A, 0x74, 0x09, 0xC4, 0xA5, 0xA7, 0xED, 0x8F,
    0x11, 0xB6, 0x0D, 0x01, 0x26, 0xA3, 0xE8, 0x74, 0x06, 0x24, 0xF3, 0x85, 0x4E, 0xAF, 0x2B, 0xC0,
    0x49, 0x4E, 0x62, 0x6D, 0xF3, 0x6B, 0xAD, 0x33, 0x8D, 0xD5, 0xB6, 0x7E, 0x20, 0xFB, 0xF3, 0x48,
    0xD9, 0xDC, 0x13, 0xD6, 0x47, 0x5B, 0x87, 0x9D, 0x1D, 0xC0, 0x2F, 0x40, 0x0F, 0x0C, 0xEE, 0xC0,
    0xF6, 0x1C, 0x26, 0x7B, 0x9A, 0xA1, 0x85, 0x22, 0x84, 0x17, 0x3C, 0xE7, 0x3F, 0xD3, 0x94, 0x59,
    0x20, 0x64, 0x49, 0xE7, 0x60, 0xBB, 0x83, 0xB1, 0x94, 0x9F, 0x42, 0x28, 0xF6, 0xF6, 0x23, 0x1C,
    0x2B, 0xF9, 0x69, 0x8C, 0xA0, 0xF0, 0x9B, 0x86, 0x20, 0x57, 0x90, 0xAC, 0xE0, 0xAC, 0xDF, 0xA3,
    0xF5, 0x23, 0x9C, 0x26, 0xF5, 0x5D, 0xFE, 0xD3, 0x21, 0x49, 0x47, 0x09, 0xAC, 0x6D, 0x98, 0xC1,
    0x08, 0x0A, 0xBE, 0x1D, 0xB9, 0x39, 0x52, 0x8C, 0xF2, 0xF4, 0xA2, 0xA7, 0xEC, 0xE4, 0x35, 0xE9,
    0xE4, 0xC1, 0xB5, 0xA3, 0x46, 0x5E, 0x53, 0x78, 0x0D, 0x0E, 0xE0, 0x60, 0x8B, 0xE9, 0x92, 0x6A,
    0x20, 0x39, 0x82, 0xB0, 0xA5, 0x99, 0xA3, 0x86, 0x75, 0x8C, 0x58, 0x49, 0xD0, 0x30, 0x7B, 0x79,
    0x15, 0x8E, 0xD0, 0x28, 0x3C, 0xDB, 0x1E, 0x5A, 0x0D, 0xF6, 0x7D, 0x58, 0xC8, 0x4B, 0x06, 0xAA,
    0xCC, 0x23, 0xB2, 0x51, 0x5E, 0xF9, 0x48, 0x3E, 0x50, 0xC8, 0xCB, 0xE5, 0xBE, 0x4F, 0x57, 0xB0,
    0x03, 0x96, 0xA7, 0xA3, 0x85, 0xAB, 0xC4, 0x26, 0xE1, 0x0C, 0x80, 0xFF, 0x6A, 0x09, 0xF9, 0x9C,
    0x69, 0x43, 0xD5, 0x49, 0x26, 0x53, 0x84, 0x99, 0x5C, 0x1C, 0xB3, 0x85, 0xE4, 0xAB, 0xAE, 0xCF,
    0xCB, 0x51, 0x75, 0x10, 0xAD, 0x3A, 0xD1, 0xBA, 0x93, 0xF0, 0xEB, 0xC6, 0x54, 0xEE, 0x92, 0xBC,
    0xCB, 0x61, 0x2A, 0x93, 0xA1, 0x57, 0x06, 0x9D, 0xE8, 0xD4, 0xC9, 0xBF, 0xAE, 0x84, 0x50, 0xBA,
    0xA0, 0x1C, 0xE4, 0xF1, 0x3A, 0xDF, 0x49, 0xFC, 0xCF, 0x84, 0x70, 0x25, 0xA8, 0xE1, 0xC6, 0x63,
    0x47, 0xBF, 0x10, 0x8A, 0xA3, 0x3F, 0xB6, 0x5C, 0xA2, 0xAF, 0xBF, 0x5A, 0xC0, 0x92, 0x03, 0x79,
    0x5E, 0x2D, 0x99, 0xD7, 0xAE, 0xEC, 0x64, 0x11, 0x11, 0xA9, 0x1B, 0x11, 0xF7, 0xAD, 0x4C, 0xC5,
    0x92, 0x16, 0xA6, 0x02, 0xA1, 0x15, 0x59, 0x32, 0x15, 0x7A, 0xB5, 0xCB, 0x46, 0xAA, 0xAE, 0xEC,
    0x29, 0x1F, 0xB6, 0x8E, 0x34, 0xAE, 0x25, 0xF1, 0x7F, 0x69, 0x2B, 0x93, 0x50, 0x0D, 0xC5, 0xC1,
    0x2F, 0xDA, 0x2E, 0x44, 0x87, 0x2B, 0x60, 0x53, 0xC0, 0x26, 0x81, 0x4D, 0x03, 0x9B, 0x08, 0x70,
    0x61, 0xDD, 0x89, 0x27, 0xF1, 0x30, 0x56, 0x13, 0xBE, 0x1A, 0x0F, 0x63, 0x45, 0xE2, 0x61, 0xEC,
    0x11, 0xA2, 0x3F, 0xA3, 0x6A, 0xA1, 0x9C, 0x70, 0x33, 0x80, 0xFA, 0xC3, 0x0E, 0x40, 0x11, 0x92,
    0x3D, 0xD0, 0x6B, 0xA5, 0xDB, 0xB5, 0xC8, 0xB6, 0x38, 0x4C, 0xD9, 0x30, 0x07, 0xCE, 0x01, 0x74,
    0x20, 0x6D, 0xA8, 0x31, 0xD6, 0x18, 0x6C, 0x8C, 0x36, 0x86, 0x1B, 0xE3, 0x8D, 0x01, 0xC7, 0x88,
    0x63, 0xC8, 0x31, 0xE6, 0x18, 0x74, 0x8C, 0x3A, 0x86, 0x1D, 0xE3, 0x1E, 0xC0, 0x07, 0xF2, 0x01,
    0xBD, 0xB1, 0x8F, 0xF0, 0x8D, 0xFE, 0xA1, 0x33, 0x59, 0xAB, 0xB8, 0x3F, 0x18, 0x80, 0xA9, 0x54,
    0xDC, 0xC9, 0x37, 0x5A, 0x71, 0x77, 0xF7, 0xD4, 0x84, 0xA7, 0x1E, 0x33, 0x07, 0xCC, 0x09, 0xB3,
    0xC2, 0xBC, 0x30, 0x33, 0x50, 0x37, 0xA8, 0x54, 0xC3, 0xCB, 0x89, 0xAA, 0x23, 0xA8, 0x25, 0xA2,
    0xF6, 0x5A, 0x62, 0xAE, 0x98, 0x2D, 0xE6, 0x8B, 0x19, 0x13, 0x9C, 0x09, 0xD6, 0xA4, 0x4D, 0x9C,
    0x9E, 0xDC, 0xD5, 0x1A, 0x66, 0xB7, 0x8E, 0xBE, 0x98, 0x2D, 0xE6, 0x8A, 0x98, 0xB2, 0xF6, 0x4B,
    0x8D, 0x2D, 0xBB, 0xA3, 0xC8, 0x1D, 0xE9, 0xEA, 0xC9, 0x69, 0x6F, 0xD0, 0x8D, 0xB9, 0x20, 0x3F,
    0xE2, 0x35, 0x47, 0x5A, 0x31, 0x13, 0x7D, 0x42, 0x28, 0x82, 0xE8, 0x89, 0x17, 0x46, 0x9D, 0x01,
    0x6E, 0x33, 0x41, 0xDB, 0xE1, 0x6B, 0x19, 0x0F, 0x5F, 0xEF, 0x41, 0xA5, 0x87, 0xAF, 0x1F, 0x1D,
    0x27, 0xED, 0x83, 0x44, 0x72, 0xF6, 0x5F, 0x4A, 0xB6, 0x2F, 0x7A, 0x60, 0x9B, 0xB7, 0x62, 0x69,
    0xBE, 0xB1, 0xC3, 0xDA, 0x0A, 0xF4, 0x37, 0xBE, 0x3B, 0x82, 0x4D, 0x57, 0x84, 0x26, 0x9D, 0x72,
    0xBC, 0x03, 0xFC, 0xA4, 0x15, 0xC6, 0x7D, 0x44, 0xFB, 0x27, 0xFB, 0x95, 0x42, 0x5C, 0xE0, 0x36,
    0xBE, 0x44, 0x89, 0x89, 0x4A, 0x9E, 0x76, 0x10, 0xFB, 0x70, 0x26, 0xC0, 0xEF, 0x58, 0x8E, 0xEB,
    0x53, 0xC5, 0xF0, 0x2B, 0x11, 0xC9, 0x99, 0xF8, 0x5B, 0xA6, 0xB2, 0x89, 0x7B, 0x2F, 0xDC, 0x22,
    0x34, 0xF6, 0xC3, 0x77, 0xD5, 0x16, 0x79, 0x13, 0x5F, 0x16, 0x66, 0x8C, 0xB2, 0x2A, 0x3F, 0x1E,
    0xD4, 0x1A, 0xEF, 0xD4, 0x9B, 0xD9, 0xDA, 0xEC, 0xB0, 0xCF, 0x8A, 0x58, 0xF6, 0xA9, 0x19, 0x16,
    0x8F, 0x9F, 0x79, 0xC6, 0x12, 0xD6, 0x07, 0xC8, 0x73, 0xC5, 0x93, 0xB2, 0x13, 0x53, 0x4A, 0x27,
    0xAE, 0x5C, 0x54, 0x5B, 0x06, 0xF5, 0xA5, 0xF9, 0x57, 0x77, 0x55, 0x74, 0x57, 0x6D, 0x1E, 0xB7,
    0xAB, 0xC6, 0x43, 0x71, 0x30, 0x1F, 0x78, 0x4D, 0x95, 0x4A, 0x95, 0xA2, 0x31, 0xF0, 0xCD, 0x86,
    0x1B, 0x61, 0xBB, 0x80, 0x7C, 0x25, 0xA6, 0xFA, 0xAA, 0xEA, 0x44, 0x35, 0x5F, 0x03, 0x23, 0xAC,
    0xAE, 0xB7, 0xC2, 0x3E, 0x56, 0xF6, 0xDC, 0x21, 0xD6, 0xF6, 0x52, 0xDC, 0xC7, 0xEA, 0x9E, 0x0B,
    0x9B, 0xEB, 0x87, 0x55, 0xFE, 0x56, 0xFA, 0x87, 0xDA, 0x9F, 0xAB, 0x31, 0xDF, 0x72, 0xA6, 0x2A,
    0xC2, 0x39, 0xF5, 0x66, 0xEB, 0x78, 0xBD, 0xB9, 0xAE, 0x5A, 0xAC, 0xD2, 0x4E, 0x53, 0xF9, 0x5D,
    0x03, 0x5C, 0x9E, 0x68, 0x62, 0x3B, 0xE9, 0x67, 0x9B, 0x3E, 0x3B, 0x2C, 0xBD, 0x62, 0x99, 0x76,
    0x9A, 0x9C, 0xB3, 0xDC, 0x34, 0xB5, 0xE3, 0x9D, 0x17, 0x9B, 0x0D, 0x36, 0xB6, 0x79, 0x88, 0x3F,
    0xBE, 0x41, 0x62, 0x17, 0x63, 0x5B, 0x0F, 0xD4, 0xD4, 0x22, 0x92, 0xAE, 0x68, 0x9C, 0x98, 0xD6,
    0xA6, 0x7E, 0x4C, 0xFD, 0xF2, 0xA6, 0xDF, 0x4F, 0xDB, 0xB9, 0x20, 0x9E, 0x38, 0x29, 0x43, 0xCE,
    0x4B, 0x6C, 0x5C, 0xD4, 0x5D, 0x7C, 0x97, 0xC2, 0x74, 0x10, 0x95, 0x9E, 0x6E, 0x4B, 0xB4, 0xDC,
    0x95, 0x9C, 0x18, 0xA9, 0x44, 0x25, 0xD4, 0x44, 0x61, 0x27, 0x03, 0x35, 0xA4, 0x5A, 0x58, 0x65,
    0x1D, 0x07, 0x41, 0xC9, 0x1B, 0x09, 0xBB, 0x70, 0xF2, 0xB9, 0xD4, 0x40, 0xAE, 0x40, 0xDD, 0x24,
    0x02, 0x7E, 0xF5, 0xCE, 0x20, 0x91, 0x7B, 0x67, 0x05, 0xF3, 0x63, 0x23, 0x37, 0x8D, 0x91, 0x53,
    0x2F, 0x29, 0xFB, 0xE7, 0x16, 0x94, 0x5D, 0xBA, 0x60, 0xD2, 0xA5, 0x73, 0xAA, 0x26, 0x9D, 0x51,
    0xB9, 0x6C, 0x34, 0x2E, 0x76, 0xD4, 0x2E, 0x71, 0x1F, 0x48, 0xD8, 0x4B, 0x89, 0xFA, 0xBB, 0xAF,
    0x37, 0xF9, 0x82, 0xAA, 0x39, 0x25, 0xF7, 0xFC, 0x8F, 0x8C, 0x9F, 0x4F, 0x17, 0x3B, 0x13, 0xFF,
    0x81, 0x1F, 0x8B, 0x15, 0x6D, 0xC3, 0x75, 0xB6, 0xA2, 0x85, 0xE6, 0xA0, 0x89, 0x39, 0x6A, 0x6E,
    0x1F, 0x88, 0x16, 0x5E, 0x2E, 0x9F, 0xCC, 0xFA, 0xF8, 0xE7, 0x3B, 0x37, 0x1B, 0x20, 0x79, 0x84,
    0x68, 0xAF, 0xDA, 0xAD, 0x3B, 0xEC, 0x44, 0xDE, 0xAA, 0x05, 0xF0, 0xA3, 0xD7, 0x80, 0x9D, 0x0A,
    0xF4, 0x0E, 0x8A, 0x79, 0x28, 0x6D, 0x38, 0x05, 0xB0, 0x75, 0x64, 0xE8, 0xB7, 0xF7, 0x45, 0x15,
    0x00, 0x50, 0xB9, 0xB8, 0xC1, 0xC3, 0x78, 0xA8, 0x84, 0xD9, 0xB6, 0x4F, 0xE5, 0xA0, 0x78, 0xCB,
    0x41, 0xF9, 0xE6, 0x83, 0x02, 0xCE, 0x3B, 0x25, 0x5C, 0x3A, 0x41, 0x7C, 0xE9, 0xBE, 0x32, 0xAE,
    0xF7, 0x02, 0xE4, 0x40, 0x39, 0x60, 0x0E, 0x9C, 0x03, 0xE8, 0x40, 0x3A, 0xA0, 0x0E, 0xAC, 0x03,
    0xEC, 0x40, 0x3B, 0xE0, 0x0E, 0xBC, 0x03, 0xF0, 0x40, 0x3C, 0x20, 0x0F, 0xCC, 0x03, 0x74, 0xA3,
    0x1E, 0xB1, 0xC3, 0xB3, 0x4E, 0xB4, 0x15, 0xD1, 0xEF, 0x91, 0x8D, 0xB1, 0x4A, 0x3B, 0x47, 0x32,
    0x8B, 0xC7, 0x6A, 0xE9, 0x42, 0xA9, 0xCF, 0x15, 0xFB, 0x28, 0x20, 0x3F, 0xEC, 0x05, 0xFC, 0x0A,
    0x21, 0xBF, 0x67, 0xD4, 0x4D, 0x0D, 0xBE, 0xD1, 0x37, 0xFC, 0xC6, 0xDF, 0x0C, 0x30, 0x07, 0xCC,
    0x02, 0xF3, 0xC0, 0x4C, 0x40, 0x5D, 0xC0, 0x6C, 0x10, 0x1F, 0x62, 0xB5, 0x2B, 0x14, 0xC0, 0x08,
    0x01, 0x36, 0xDA, 0x95, 0x8B, 0xB4, 0x1F, 0x6E, 0xBC, 0x11, 0xE9, 0x7E, 0x5C, 0xC6, 0x31, 0xBD,
    0x4A, 0x2C, 0x58, 0x32, 0x77, 0xFC, 0x46, 0x24, 0x07, 0xC4, 0xF5, 0x26, 0x2C, 0x38, 0x96, 0xB5,
    0x2D, 0x39, 0xB6, 0xE6, 0xC4, 0x45, 0x87, 0xA4, 0xDB, 0x5C, 0x3F, 0x6C, 0x41, 0xB2, 0x15, 0xC9,
    0x96, 0x24, 0x5B, 0x93, 0xE4, 0xD6, 0xF8, 0x37, 0x62, 0x4E, 0xF4, 0x14, 0xE2, 0xCD, 0xD6, 0xF1,
    0x79, 0x13, 0xA3, 0xAE, 0x67, 0xA7, 0x00, 0xFE, 0xBA, 0xFA, 0x7F, 0xC5, 0xDF, 0xCE, 0x34, 0x91,
    0x62, 0x6F, 0xE3, 0x97, 0xA9, 0x1B, 0x22, 0xB9, 0xA7, 0x87, 0xB2, 0xFD, 0xB2, 0x83, 0x0B, 0x52,
    0x96, 0x71, 0x3A, 0xB9, 0x77, 0xBC, 0xF3, 0x62, 0xE3, 0xC1, 0xC6, 0x1A, 0x03, 0xEB, 0x30, 0xBE,
    0x4D, 0xEC, 0x62, 0x6C, 0x6B, 0x81, 0x3A, 0xD6, 0xB4, 0x51, 0x27, 0x8E, 0xD8, 0xDE, 0x52, 0x5D,
    0xAA, 0xD6, 0xC4, 0x7F, 0xCE, 0xBB, 0x58, 0x09, 0xC5, 0x56, 0xFB, 0x61, 0xE2, 0x87, 0x6A, 0xB5,
    0x77, 0xC6, 0xEF, 0xE5, 0x73, 0xB9, 0x4F, 0xDC, 0x9A, 0x91, 0xEA, 0xD1, 0x39, 0x4B, 0xC5, 0xBB,
    0x52, 0x9E, 0x2D, 0x17, 0x11, 0x1B, 0x6E, 0x8B, 0x36, 0x23, 0x30, 0xD1, 0x33, 0x9C, 0xF2, 0x37,
    0x4E, 0xF4, 0x8F, 0xDA, 0x49, 0xDC, 0x42, 0xC9, 0x55, 0x0B, 0xD5, 0x72, 0x88, 0xB5, 0xC4, 0xA4,
    0x8B, 0x5A, 0x8B, 0x6E, 0xFB, 0xCF, 0xED, 0xF8, 0xFE, 0x9F, 0x24, 0xD0, 0x3C, 0x2E, 0x81, 0x62,
    0x49, 0xA6, 0x98, 0xCA, 0x19, 0xB4, 0x48, 0x0E, 0x53, 0x92, 0xB9, 0x04, 0x9A, 0xCC, 0x84, 0x68,
    0x32, 0x4A, 0x67, 0xA9, 0xFD, 0xAD, 0x69, 0x2F, 0xA1, 0x64, 0x9D, 0x04, 0x57, 0x34, 0x12, 0x68,
    0x09, 0x64, 0xB3, 0x4B, 0x40, 0x3A, 0xDF, 0xD5, 0x1A, 0xE0, 0xAE, 0xF6, 0x3E, 0x88, 0xB6, 0x5D,
    0x2C, 0x7B, 0x2D, 0x92, 0x3B, 0xAA, 0x36, 0x0E, 0x2C, 0x25, 0xFB, 0x8A, 0xE5, 0x6E, 0x3C, 0x81,
    0xEA, 0xD1, 0x9A, 0xB2, 0x8D, 0xED, 0xBE, 0xEA, 0xCA, 0x34, 0x5E, 0x59, 0x17, 0xB6, 0x95, 0xB2,
    0xAD, 0x1B, 0x98, 0xF2, 0xAD, 0x4A, 0xC1, 0x1A, 0xD9, 0xC6, 0x5F, 0xDF, 0x50, 0x79, 0xD1, 0x67,
    0x6C, 0x27, 0x2A, 0xE3, 0x36, 0x9D, 0x7F, 0xA6, 0xEA, 0x54, 0xD7, 0x79, 0xB4, 0x73, 0x5D, 0xA4,
    0xF4, 0xA2, 0xE7, 0x5F, 0x6A, 0x80, 0xAD, 0x52, 0xD4, 0x06, 0x7D, 0xBA, 0x8C, 0xD5, 0x5E, 0x66,
    0xE3, 0x7F, 0x13, 0x46, 0x3E, 0xFC, 0x97, 0xAA, 0xEF, 0x2F, 0x43, 0xF6, 0xF5, 0xA3, 0x77, 0x21,
    0x4F, 0x7D, 0x0F, 0x27, 0xB8, 0xE4, 0xD6, 0x7D, 0xFD, 0x39, 0x2D, 0x92, 0xF8, 0xE6, 0x96, 0x84,
    0xFE, 0x50, 0xE8, 0x65, 0xBE, 0x83, 0x2D, 0x5E, 0xD9, 0x98, 0x95, 0xE7, 0x6F, 0xB5, 0x98, 0x01,
    0x84, 0x2D, 0x4B, 0x7A, 0xC7, 0x7F, 0xD5, 0x3D, 0xF3, 0xDA, 0x6A, 0x79, 0x75, 0x71, 0x6F, 0xF0,
    0xB2, 0x7B, 0x1B, 0x1E, 0x64, 0xCD, 0xDC, 0x0E, 0xE0, 0xE2, 0x9C, 0xA9, 0x7A, 0x96, 0x40, 0x88,
    0xC1, 0x1B, 0x8B, 0xC5, 0x2E, 0x02, 0xD9, 0x90, 0x8D, 0xB8, 0x18, 0xCC, 0x4C, 0x97, 0x3C, 0x2C,
    0x88, 0x0C, 0x02, 0x84, 0x64, 0xF0, 0xB0, 0x6E, 0x70, 0x2F, 0x2E, 0x6E, 0x98, 0x99, 0xAE, 0x7D,
    0x8B, 0x87, 0x40, 0x45, 0x44, 0x10, 0xA4, 0xC9, 0xAE, 0x95, 0x17, 0x28, 0x49, 0x3F, 0xDB, 0xFB,
    0xD2, 0xE7, 0x54, 0xBA, 0x4A, 0x9B, 0x76, 0xE4, 0xE5, 0xBE, 0x7B, 0xDF, 0x95, 0xAF, 0xEB, 0xFF,
    0x75, 0x9F, 0x53, 0x5F, 0x7D, 0xF5, 0xAF, 0x7F, 0x4F, 0x77, 0x7D, 0x73, 0xAE, 0xFE, 0x2F, 0x3B,
    0xFE, 0xC1, 0x37, 0x1E, 0x1F, 0xBC, 0xFB, 0x3C, 0xB7, 0xB2, 0xAB, 0x87, 0x3F, 0xFD, 0xF3, 0xCC,
    0xBC, 0xDE, 0x21, 0x34, 0x16, 0x3C, 0xAC, 0x68, 0x03, 0xCF, 0x57, 0x5C, 0x3D, 0xE7, 0xCA, 0x72,
    0xC5, 0xD7, 0x6F, 0xC7, 0x80, 0x25, 0x37, 0x48, 0x50, 0xC1, 0xBC, 0x9B, 0x9B, 0xFC, 0xCF, 0x0C,
    0x9F, 0x18, 0xB2, 0xB7, 0x68, 0x42, 0x3F, 0x38, 0xD1, 0x2A, 0xB8, 0x26, 0x38, 0x60, 0xB9, 0x9E,
    0xAD, 0x09, 0x21, 0x98, 0xE8, 0xB4, 0x9A, 0x9C, 0x8F, 0x57, 0x1D, 0x00, 0xF1, 0x63, 0xB4, 0xA1,
    0x99, 0x2F, 0x7A, 0x80, 0xAF, 0xEA, 0xBA, 0x2F, 0xF4, 0x2A, 0xB7, 0xFF, 0xDF, 0x0D, 0x00, 0x19,
    0x42, 0xA0, 0x0A, 0x61, 0x4B, 0xB2, 0xFD, 0x93, 0x93, 0x0F, 0x23, 0xB3, 0x91, 0x6F, 0x3F, 0x7D,
    0xFA, 0x13, 0x78, 0x3F, 0xEB, 0xA5, 0x3E, 0x60, 0xC5, 0x05, 0x8D, 0x6D, 0xAC, 0xB2, 0x82, 0xCC,
    0xC9, 0x5E, 0x0E, 0xC5, 0xC0, 0x80, 0x17, 0x5D, 0x69, 0xD6, 0x00, 0x48, 0x57, 0xFB, 0xCA, 0x17,
    0x5E, 0xF8, 0xCC, 0x15, 0xE6, 0x86, 0x4B, 0x4A, 0xA3, 0x5C, 0x63, 0x5B, 0x33, 0xF2, 0x82, 0x27,
    0xAC, 0x29, 0x0D, 0x9A, 0xF7, 0x85, 0x99, 0x32, 0x5A, 0xA9, 0x4F, 0x39, 0xC0, 0xB3, 0x12, 0x1D,
    0x17, 0xD9, 0x40, 0xF3, 0xB3, 0x2D, 0xCD, 0x27, 0x01, 0x65, 0x37, 0x08, 0xEE, 0x91, 0xB9, 0x87,
    0xC8, 0x5E, 0x59, 0x39, 0x28, 0x57, 0x0C, 0xB5, 0x63, 0x28, 0x2C, 0x3E, 0xB7, 0xD3, 0x7C, 0xBA,
    0x34, 0xE7, 0xAC, 0xB3, 0x0E, 0x60, 0x9E, 0xB9, 0xA1, 0xF6, 0xC1, 0x54, 0xBE, 0xB5, 0x85, 0xAF,
    0x8D, 0xF0, 0x52, 0x4F, 0x1C, 0x29, 0xCC, 0x21, 0x37, 0x59, 0xCF, 0x65, 0xA6, 0x29, 0xCD, 0xA1,
    0xFA, 0x87, 0xD0, 0xFC, 0x2C, 0xB4, 0x1F, 0x6D, 0xC6, 0xBC, 0x7B, 0x91, 0xDB, 0x27, 0x99, 0x5D,
    0xE3, 0x23, 0x7B, 0xBD, 0x07, 0xC7, 0x90, 0xF5, 0x90, 0xFB, 0x09, 0xDD, 0x04, 0x37, 0xC1, 0x4E,
    0x30, 0x50, 0x68, 0xD4, 0xDF, 0x3E, 0xEB, 0x54, 0x08, 0xEE, 0xBE, 0x14, 0x9A, 0x1A, 0x50, 0x40,
    0x3B, 0xE3, 0x16, 0x18, 0x67, 0x0C, 0x80, 0x07, 0x11, 0xD1, 0x41, 0xE6, 0x26, 0xD8, 0x25, 0x55,
    0xAE, 0xA1, 0x00, 0x4A, 0xE0, 0x1B, 0x00, 0x08, 0x0D, 0x94, 0x2E, 0x3A, 0x0B, 0x48, 0x13, 0x1D,
    0xB3, 0xFB, 0xBB, 0xDF, 0x7F, 0xCF, 0x12, 0x42, 0xB0, 0xFC, 0xFB, 0xC1, 0x6F, 0x19, 0x58, 0x03,
    0xDC, 0x00, 0x6C, 0x98, 0x27, 0xE3, 0x39, 0xC0, 0x15, 0xC0, 0x25, 0x80, 0x03, 0x92, 0x34, 0xA5,
    0x8F, 0xAE, 0x9B, 0x13, 0xDF, 0x2F, 0xCC, 0x31, 0x2A, 0x84, 0x0E, 0xF5, 0xEC, 0x99, 0x9B, 0xA7,
    0x78, 0x08, 0xF0, 0x08, 0xE0, 0x08, 0xE0, 0x02, 0xE0, 0x0F, 0x01, 0xF1, 0x13, 0x64, 0x30, 0x75,
    0xB0, 0x2A, 0x74, 0x4B, 0x0B, 0x6E, 0xFA, 0x32, 0xDB, 0xCE, 0x93, 0x6C, 0x20, 0x38, 0xC2, 0x86,
    0x10, 0xDC, 0x94, 0x36, 0x6C, 0x09, 0x1D, 0x5B, 0xE8, 0x20, 0x59, 0x6D, 0x94, 0x9D, 0x0E, 0xB3,
    0x3F, 0x7F, 0xCA, 0xBD, 0xB2, 0xE5, 0x30, 0xA1, 0x57, 0xA6, 0xF0, 0xFB, 0x88, 0x28, 0xBA, 0xE6,
    0x9E, 0xD2, 0xA5, 0x67, 0xD3, 0x18, 0xE9, 0x45, 0x68, 0xA3, 0xDF, 0xAA, 0xC8, 0x7A, 0x43, 0xB2,
    0x3D, 0x14, 0xAD, 0x0E, 0xFA, 0x16, 0x80, 0xF4, 0x82, 0x80, 0xAB, 0xB7, 0x6E, 0xC7, 0xF3, 0xE3,
    0x67, 0xC8, 0x0D, 0xD9, 0x5B, 0x37, 0xA1, 0xC3, 0x8E, 0xBD, 0xFE, 0xAB, 0x2F, 0x84, 0x5F, 0x9C,
    0x38, 0xE2, 0xD1, 0xF1, 0x66, 0xE3, 0x4E, 0xBE, 0x47, 0x91, 0x8E, 0xF2, 0x4D, 0xC6, 0xB1, 0x58,
    0xD3, 0xC1, 0x0B, 0x80, 0xEC, 0xF3, 0x81, 0xAC, 0x03, 0x28, 0xED, 0x19, 0x85, 0x05, 0xA8, 0xF4,
    0x1A, 0xA9, 0x01, 0x6A, 0x8E, 0x78, 0x04, 0xC0, 0xD1, 0x74, 0x9C, 0x01, 0x70, 0xCE, 0x05, 0x1E,
    0x80, 0x6B, 0xCE, 0xF3, 0x0E, 0x80, 0x91, 0xEB, 0xD2, 0xCE, 0x57, 0x63, 0xC5, 0x87, 0xF0, 0x80,
    0x6B, 0xD1, 0xAF, 0x8B, 0x60, 0x45, 0xE8, 0xAE, 0xF3, 0xEE, 0x65, 0xF5, 0x9D, 0xAE, 0x70, 0xC3,
    0xBA, 0xFC, 0xA9, 0x5F, 0x67, 0x5E, 0xEA, 0xEB, 0x2A, 0xE4, 0x6E, 0x8A, 0x50, 0x5C, 0x67, 0x1F,
    0x97, 0xA6, 0x9F, 0x62, 0x39, 0x87, 0x2A, 0xF3, 0xA2, 0xBF, 0xE6, 0x06, 0xD6, 0xB9, 0xCF, 0xFC,
    0x94, 0x16, 0x86, 0xBC, 0xCB, 0xFD, 0xC0, 0x48, 0xE6, 0xA7, 0xAB, 0x6E, 0x60, 0xA0, 0xB0, 0x79,
    0xCC, 0x26, 0x7A, 0xA4, 0xCE, 0x3B, 0x69, 0x87, 0xDC, 0x53, 0x93, 0xF9, 0x2A, 0xBD, 0x27, 0xCE,
    0xA0, 0x3F, 0xE7, 0xBC, 0xD2, 0xF4, 0xD0, 0x78, 0xAA, 0x11, 0x00, 0xC1, 0xAE, 0xED, 0xEA, 0xB0,
    0xAB, 0xC5, 0xAE, 0x1E, 0xBB, 0x9A, 0xEC, 0xEA, 0xB2, 0xAB, 0xCD, 0xAE, 0x3E, 0xBB, 0x1A, 0xED,
    0xEA, 0xB4, 0xAB, 0x15, 0xFB, 0x9A, 0x45, 0x2F, 0x9A, 0x81, 0x45, 0x33, 0xE1, 0xD7, 0x2C, 0xBA,
    0x15, 0xAE, 0x66, 0xD1, 0x4E, 0xDA, 0x9A, 0x45, 0xBF, 0x4A, 0xD7, 0x2C, 0x1A, 0xD6, 0xD4, 0x2C,
    0x3A, 0x2A, 0x6A, 0x16, 0x2D, 0x8F, 0x50, 0x2C, 0x7A, 0xAE, 0x39, 0x62, 0xD1, 0x74, 0xCD, 0x35,
    0x8B, 0xAE, 0x6B, 0x06, 0x16, 0x6D, 0x8F, 0x32, 0xCF, 0xA2, 0x6F, 0xF5, 0x7B, 0x8E, 0x45, 0xE3,
    0x62, 0xCB, 0xAE, 0xCE, 0x14, 0x9D, 0x74, 0xD2, 0x46, 0x56, 0x6B, 0x56, 0x3C, 0x49, 0xDF, 0x28,
    0xA4, 0xBB, 0x40, 0xDA, 0x6B, 0x2A, 0x3D, 0x50, 0x0B, 0x9F, 0xDE, 0xE5, 0x71, 0x37, 0x7A, 0x92,
    0x1B, 0x20, 0xC5, 0xE4, 0xFD, 0x14, 0x94, 0xFB, 0x29, 0xAA, 0x70, 0x53, 0x58, 0x69, 0xA7, 0x38,
    0xA9, 0xA7, 0xC0, 0x2A, 0x46, 0x1E, 0xC6, 0xD0, 0x15, 0xC9, 0x1A, 0x14, 0x8A, 0x1A, 0xA9, 0xA5,
    0x2E, 0x74, 0xCC, 0xD0, 0xE4, 0x7E, 0x1A, 0xAF, 0xB2, 0xBE, 0x16, 0xBD, 0xD4, 0x83, 0xD4, 0x2F,
    0x0B, 0xFD, 0x38, 0xC5, 0xA7, 0x2E, 0x3D, 0x75, 0xD6, 0x66, 0xEA, 0xAE, 0x4C, 0x0C, 0x30, 0x32,
    0xA6, 0x8F, 0x41, 0x36, 0x86, 0xD9, 0x29, 0x30, 0xB3, 0x24, 0xBB, 0x07, 0xA7, 0x30, 0x22, 0xB6,
    0x64, 0xFF, 0x4A, 0xFE, 0xA9, 0x29, 0xBF, 0x63, 0x65, 0xD6, 0x1D, 0xE2, 0x57, 0xBC, 0x40, 0xC0,
    0x43, 0x38, 0x43, 0x78, 0x4A, 0x47, 0x6D, 0x68, 0x61, 0x0B, 0x0D, 0xD4, 0x1A, 0x69, 0x28, 0x2C,
    0x99, 0x03, 0x9D, 0x9A, 0x87, 0x3E, 0x06, 0x73, 0x04, 0x4A, 0x53, 0x59, 0x94, 0xE1, 0x16, 0x31,
    0x90, 0x77, 0x48, 0xCD, 0x61, 0x9A, 0x0D, 0x0A, 0x03, 0xEF, 0x23, 0x1D, 0xBF, 0x73, 0x8E, 0xEC,
    0x18, 0x2A, 0x2D, 0xD3, 0x5D, 0x01, 0x69, 0x44, 0x9F, 0x86, 0x9F, 0xC3, 0x00, 0x95, 0xCE, 0x3B,
    0x28, 0x9C, 0x34, 0x20, 0xFA, 0xF4, 0xF5, 0xC5, 0xC0, 0xCB, 0x40, 0xD5, 0x89, 0x31, 0x20, 0x5D,
    0x36, 0xDE, 0x70, 0xD4, 0x33, 0xC2, 0x70, 0x0E, 0xE4, 0x5D, 0xA5, 0x63, 0x92, 0x98, 0xEA, 0x02,
    0xD1, 0xC7, 0xA9, 0x39, 0xA7, 0xE8, 0x62, 0xAA, 0xCA, 0x94, 0xB6, 0x70, 0x47, 0x48, 0x27, 0xFA,
    0xC7, 0x93, 0xE7, 0x4F, 0xE6, 0xED, 0xA8, 0xD1, 0x2D, 0xB4, 0x6C, 0xA3, 0xDB, 0xC0, 0x56, 0x8C,
    0xB0, 0x89, 0x6E, 0xCC, 0x06, 0xC4, 0x98, 0xC5, 0x34, 0xB9, 0x27, 0xEB, 0x27, 0x97, 0xFB, 0xBC,
    0x23, 0x71, 0xCD, 0x5D, 0x61, 0xC9, 0x6D, 0x19, 0x35, 0x90, 0x9A, 0xD2, 0x48, 0x28, 0xB5, 0x04,
    0x19, 0x15, 0xDB, 0x67, 0x8F, 0x64, 0xE9, 0x4C, 0xC3, 0x2D, 0x84, 0x0F, 0x02, 0x04, 0xB1, 0x85,
    0x5B, 0x46, 0x16, 0xCB, 0xC2, 0x40, 0xF5, 0x45, 0x40, 0x69, 0x65, 0x6E, 0xD3, 0xDF, 0x8C, 0x74,
    0xAB, 0x1F, 0x4A, 0xC7, 0xED, 0x84, 0xB1, 0xB2, 0x8C, 0xCA, 0x30, 0xB4, 0x88, 0x5F, 0x0D, 0x88,
    0xE0, 0xC8, 0xB6, 0xF3, 0xF6, 0x6D, 0x13, 0x92, 0x9C, 0x82, 0xC5, 0x6A, 0x03, 0x8D, 0x9D, 0x60,
    0x40, 0x01, 0xA4, 0x52, 0xEE, 0xE4, 0x24, 0x95, 0x6F, 0xFC, 0xF0, 0xE9, 0xD3, 0xA7, 0xCC, 0xF6,
    0x18, 0x40, 0xD8, 0x6F, 0x41, 0xE4, 0x5E, 0x3A, 0xE0, 0x66, 0x4A, 0x7F, 0x2C, 0x7E, 0xD4, 0x41,
    0x1D, 0xC2, 0x56, 0x83, 0x78, 0xF6, 0xC5, 0x25, 0xC0, 0x1F, 0x85, 0x9F, 0x03, 0xE5, 0x94, 0xC2,
    0x41, 0xFB, 0x97, 0xFC, 0xE6, 0x98, 0x48, 0x50, 0x21, 0x21, 0x12, 0x49, 0xC9, 0x70, 0xDC, 0xD9,
    0x73, 0x10, 0x1E, 0x72, 0x07, 0x85, 0x05, 0xA9, 0xA1, 0x02, 0xD6, 0xC0, 0x19, 0xD0, 0xB3, 0xDB,
    0xED, 0xA0, 0xF2, 0xB0, 0xEE, 0xE1, 0xEC, 0x0C, 0xFA, 0x35, 0xC2, 0x57, 0xE4, 0x4E, 0xEA, 0xC2,
    0x46, 0x89, 0x73, 0x57, 0x11, 0x5F, 0x12, 0xF4, 0x67, 0x31, 0xC1, 0xB2, 0xE6, 0x44, 0x03, 0xBE,
    0x39, 0x97, 0x7A, 0x2A, 0x66, 0x03, 0xAA, 0x7F, 0xFE, 0x20, 0x11, 0xCF, 0xFE, 0xBB, 0xEE, 0xE6,
    0xEA, 0xD5, 0x03, 0xA4, 0x05, 0x00, 0xE1, 0xAF, 0x7B, 0x00, 0x3E, 0xFE, 0x66, 0xA3, 0x01, 0x58,
    0x55, 0x96, 0x74, 0x2E, 0x34, 0x00, 0xD7, 0x00, 0xE4, 0x97, 0x7B, 0x13, 0xD8, 0xCB, 0xBB, 0x84,
    0x47, 0xB9, 0x4D, 0x50, 0x1F, 0x99, 0x84, 0xF2, 0x97, 0xBF, 0xDB, 0x45, 0xD0, 0xB6, 0x3E, 0xE2,
    0x41, 0xFB, 0xC5, 0x55, 0x44, 0x9C, 0x25, 0xE2, 0xF6, 0x37, 0x36, 0x09, 0xC7, 0xDF, 0x52, 0x36,
    0x82, 0x75, 0x99, 0xC0, 0x59, 0x06, 0x09, 0x90, 0x30, 0xDB, 0x7B, 0x4F, 0xAF, 0xEA, 0xE0, 0x55,
    0x6C, 0x5D, 0x13, 0x8B, 0x6F, 0x0B, 0x70, 0x00, 0xF0, 0x12, 0x92, 0x62, 0x49, 0x32, 0x4A, 0x03,
    0x54, 0x89, 0x2F, 0x40, 0x3F, 0x97, 0x44, 0x49, 0xCB, 0xA4, 0x35, 0x8F, 0x60, 0x4E, 0xED, 0x67,
    0x95, 0xE6, 0xF2, 0x0B, 0x60, 0xFD, 0x95, 0x19, 0x11, 0x27, 0xC7, 0x94, 0xA1, 0x43, 0xF6, 0xF3,
    0xDD, 0xB1, 0x50, 0x1B, 0x50, 0x11, 0x7A, 0x02, 0xD0, 0x00, 0xB7, 0xC0, 0x06, 0x18, 0x41, 0xCC,
    0xC8, 0x42, 0x4F, 0x3E, 0x57, 0x9A, 0xC5, 0x84, 0xB2, 0x03, 0x19, 0xE1, 0x26, 0xD8, 0x39, 0xD5,
    0x92, 0x26, 0xA1, 0x31, 0xD0, 0x06, 0x78, 0xF0, 0xE1, 0x3C, 0x77, 0x11, 0x3C, 0x54, 0xAF, 0x18,
    0xF9, 0x25, 0x24, 0xE2, 0xE4, 0x21, 0x12, 0x88, 0x18, 0x78, 0x5D, 0x12, 0x22, 0x40, 0x33, 0xCF,
    0x3D, 0x5B, 0x5C, 0x43, 0x44, 0x7A, 0x34, 0xAB, 0xCF, 0xD2, 0xE3, 0x69, 0xE7, 0x47, 0xD4, 0xDE,
    0x50, 0xA5, 0xC7, 0x74, 0x82, 0x5D, 0x4D, 0xE7, 0xB3, 0x09, 0xBB, 0x89, 0x23, 0x66, 0xA1, 0x12,
    0xB7, 0x2D, 0xE4, 0x03, 0x09, 0xB5, 0x4B, 0xC8, 0x36, 0x24, 0xE4, 0x6E, 0x86, 0x65, 0xA9, 0xC6,
    0x23, 0x34, 0x94, 0x13, 0x04, 0x24, 0xEC, 0xDA, 0x92, 0x7D, 0x7E, 0xD4, 0x13, 0x5A, 0xB3, 0x28,
    0x02, 0xB0, 0xBB, 0x1A, 0xE9, 0xD2, 0x5A, 0x5C, 0x5C, 0x49, 0x6D, 0xE3, 0x3A, 0xEA, 0xB4, 0x0A,
    0xA5, 0x57, 0xD1, 0xC3, 0xEC, 0x2B, 0x7B, 0x91, 0xF2, 0x9F, 0x27, 0x5D, 0xAF, 0x13, 0xEB, 0x31,
    0x71, 0x1E, 0x12, 0xE3, 0x3E, 0xF1, 0xF5, 0x91, 0xAD, 0xE8, 0x52, 0x75, 0xE9, 0x22, 0xDB, 0xCC,
    0x22, 0x00, 0xCD, 0x9D, 0x89, 0xC4, 0x52, 0xDA, 0xC8, 0xB1, 0x76, 0x91, 0xA1, 0xB2, 0xA8, 0xA4,
    0xFA, 0xAE, 0x35, 0xFA, 0x9D, 0xD0, 0x41, 0x8B, 0xFA, 0x8F, 0x4D, 0x3C, 0x6D, 0x69, 0x98, 0xDC,
    0x88, 0xD2, 0x6C, 0xC4, 0x10, 0x07, 0x8C, 0xF4, 0xD3, 0x49, 0x8C, 0x10, 0x4F, 0x03, 0xA0, 0x74,
    0xD6, 0x03, 0x2D, 0xB9, 0x07, 0x91, 0x5E, 0x47, 0x94, 0x3E, 0x71, 0x6B, 0x4C, 0x24, 0x57, 0x0C,
    0x50, 0x58, 0x4A, 0x43, 0x44, 0xA9, 0x89, 0x90, 0x10, 0x21, 0x81, 0x7D, 0xD8, 0xE3, 0xCE, 0xF6,
    0x52, 0xA3, 0x49, 0x8D, 0xA0, 0x09, 0x10, 0x11, 0x92, 0x0A, 0x6C, 0xB8, 0xB3, 0xF7, 0xE1, 0x7E,
    0x13, 0xC2, 0xA8, 0x26, 0x54, 0x13, 0x78, 0xC0, 0x4B, 0xA0, 0x07, 0x22, 0x93, 0x19, 0x59, 0xB7,
    0xDC, 0xD7, 0xC2, 0x92, 0x68, 0xC8, 0x08, 0x3D, 0x01, 0xA8, 0xE6, 0x47, 0x74, 0x3D, 0xE3, 0x8C,
    0x84, 0x39, 0xD5, 0x83, 0xF9, 0x3F, 0xD4, 0x60, 0xB2, 0xCF, 0x9B, 0xD0, 0xE1, 0xEB, 0xD0, 0x47,
    0x37, 0xDC, 0xB9, 0xF1, 0xCE, 0x0D, 0x77, 0xBD, 0x3E, 0x3A, 0x17, 0x9D, 0xC6, 0x1F, 0xC2, 0x5B,
    0x3B, 0xE1, 0x6B, 0xA8, 0x7D, 0xFD, 0x73, 0xBE, 0x7D, 0xF5, 0xDE, 0xC7, 0xC0, 0xBC, 0x07, 0x58,
    0x15, 0x3E, 0xDB, 0xE8, 0x26, 0x58, 0x4F, 0x1B, 0x5D, 0xF8, 0x12, 0x97, 0x3A, 0x54, 0xB0, 0x3D,
    0x55, 0x5A, 0xC7, 0xB4, 0xF1, 0x18, 0x00, 0xA6, 0x4F, 0x03, 0xDF, 0xFF, 0x2C, 0x04, 0x72, 0xDB,
    0x06, 0x13, 0x9D, 0x7D, 0xA5, 0xD3, 0x6D, 0x08, 0x5B, 0xA6, 0xF1, 0x91, 0x81, 0x86, 0xCC, 0x53,
    0x4E, 0xA8, 0x3E, 0x71, 0x94, 0xFF, 0x69, 0x7F, 0x40, 0xFB, 0x57, 0x71, 0x8E, 0x21, 0xEA, 0xA4,
    0xFE, 0x65, 0xC3, 0x63, 0x59, 0x1B, 0x64, 0xD9, 0x51, 0x67, 0x96, 0x23, 0x60, 0x1F, 0xE2, 0xA0,
    0x62, 0x28, 0xC6, 0xA2, 0x17, 0x97, 0xFC, 0x2F, 0x93, 0x9D, 0xF2, 0xAA, 0x6B, 0xF4, 0x8A, 0xC7,
    0x1C, 0x20, 0x4D, 0x66, 0x61, 0xB6, 0x77, 0xC2, 0x06, 0x50, 0x5F, 0xB4, 0x1D, 0xE2, 0xD7, 0x88,
    0x91, 0xC2, 0x41, 0x4D, 0x05, 0x94, 0x76, 0x0D, 0x64, 0xEE, 0x1E, 0x80, 0xE6, 0xAD, 0x6D, 0x05,
    0xC4, 0xE2, 0x0F, 0x0A, 0x5B, 0x5A, 0xA8, 0x74, 0x2C, 0x40, 0x36, 0xD0, 0xFC, 0xE2, 0x99, 0x87,
    0x22, 0xED, 0xC7, 0xEC, 0x47, 0x87, 0x00, 0xC8, 0xBB, 0x79, 0xDB, 0x53, 0x85, 0x81, 0xEA, 0xD3,
    0x0F, 0x2E, 0xE7, 0xDD, 0xAE, 0x09, 0xE9, 0x1E, 0xCC, 0x9B, 0x5C, 0xDC, 0xE1, 0xE6, 0xED, 0x6D,
    0x55, 0x00, 0xD7, 0x00, 0x7B, 0x77, 0xA4, 0x07, 0x28, 0xB4, 0x07, 0xE9, 0xE2, 0x24, 0x9F, 0xBB,
    0x3F, 0x80, 0xDB, 0xBF, 0x1F, 0x41, 0x86, 0x11, 0x15, 0x7A, 0x50, 0xBF, 0xBC, 0x81, 0xDF, 0x2E,
    0xBE, 0xEF, 0x40, 0x16, 0x31, 0x50, 0x24, 0x09, 0x66, 0x16, 0xB9, 0x3B, 0x28, 0xFD, 0xAA, 0xF4,
    0x4F, 0x8A, 0xCE, 0x83, 0x27, 0x73, 0xE4, 0x96, 0xDC, 0xCC, 0x0F, 0xDB, 0x43, 0x38, 0x84, 0x15,
    0x9C, 0xC2, 0x0B, 0xF0, 0x88, 0x8E, 0xCC, 0xC6, 0x90, 0xC2, 0x20, 0x73, 0x27, 0x4B, 0x7F, 0x28,
    0xFD, 0xAA, 0xE8, 0xA2, 0xD6, 0x1D, 0x07, 0xF5, 0x86, 0xD5, 0xBA, 0xD6, 0xA7, 0xA7, 0x45, 0xD7,
    0xBF, 0x10, 0xC1, 0x7B, 0x76, 0xDF, 0x16, 0xFC, 0x28, 0xFC, 0x7A, 0xFE, 0x23, 0xEC, 0xA1, 0xBD,
    0x64, 0x7F, 0x3B, 0xFF, 0x16, 0x60, 0x4A, 0x80, 0xCC, 0x1D, 0x30, 0x57, 0x1F, 0x40, 0x69, 0xC9,
    0x8A, 0x9F, 0x6A, 0xF9, 0xE3, 0x8F, 0x5C, 0xF9, 0x8F, 0x7F, 0x61, 0xC5, 0x7F, 0xFD, 0x31, 0xA8,
    0x81, 0xDB, 0x67, 0x9F, 0x8D, 0x6D, 0x08, 0xE3, 0x87, 0xB5, 0xBF, 0xCF, 0xAF, 0xCE, 0x29, 0xFE,
    0xED, 0x6F, 0x8C, 0xFC, 0xF4, 0xC7, 0x5D, 0x51, 0x7C, 0x62, 0x29, 0x2C, 0xBC, 0x63, 0x98, 0x6D,
    0xE0, 0xEE, 0x4D, 0x2D, 0x46, 0xE0, 0x98, 0xD9, 0x14, 0xD0, 0x1A, 0x12, 0x9A, 0x59, 0xD0, 0xD9,
    0xEE, 0xC5, 0xD8, 0xDD, 0x71, 0x73, 0xC1, 0x5F, 0x9B, 0x54, 0xF2, 0x2B, 0x52, 0xD1, 0x7F, 0x44,
    0x2A, 0xFB, 0xCF, 0x48, 0x85, 0xFF, 0x4B, 0x52, 0xE9, 0xEF, 0x53, 0xF1, 0x2F, 0x3A, 0x9E, 0xDC,
    0x55, 0xE9, 0x8B, 0x89, 0x01, 0xC8, 0xC7, 0xD9, 0x91, 0x45, 0xC7, 0x31, 0x8B, 0x71, 0x01, 0x85,
    0x0F, 0x20, 0x93, 0xEB, 0x5B, 0x28, 0xFD, 0x7D, 0x10, 0x7A, 0xE1, 0x96, 0x86, 0x2D, 0x59, 0x12,
    0xBF, 0xC5, 0x14, 0xE4, 0xBE, 0xD5, 0x14, 0x43, 0x6B, 0x28, 0x87, 0x46, 0x53, 0xF4, 0x31, 0xC1,
    0xCE, 0x2C, 0x69, 0xF2, 0xED, 0xEC, 0x10, 0x9B, 0x39, 0x33, 0xCC, 0x42, 0xE8, 0x06, 0xF2, 0x3E,
    0x25, 0x48, 0x2E, 0x25, 0xBD, 0x63, 0x18, 0x08, 0xB4, 0xDC, 0xE7, 0xD5, 0x36, 0xC7, 0x2D, 0xC2,
    0xDE, 0x00, 0x84, 0x3B, 0xB7, 0x05, 0x5E, 0x99, 0x44, 0x69, 0xF2, 0x5E, 0x59, 0xF2, 0xB1, 0x89,
    0x4E, 0x19, 0xF2, 0x21, 0x91, 0xE3, 0x4B, 0x2D, 0xF1, 0xDF, 0xEE, 0xCE, 0xB1, 0x21, 0x19, 0x8F,
    0x38, 0xCD, 0x3A, 0xA5, 0x4F, 0xF3, 0xBE, 0x99, 0xDC, 0xA0, 0x38, 0xCD, 0x3D, 0x9C, 0xC2, 0xAE,
    0x4B, 0x25, 0xF6, 0x90, 0xDC, 0x97, 0xF5, 0xAA, 0x29, 0x8B, 0x4F, 0x09, 0x54, 0x74, 0x75, 0xFC,
    0x08, 0x0D, 0xAD, 0x6E, 0x75, 0xB3, 0xAC, 0x93, 0xAF, 0xFE, 0xAE, 0xD6, 0xCA, 0x36, 0xF3, 0x2F,
    0x4F, 0xFB, 0x28, 0x33, 0x5D, 0xDB, 0x5A, 0x03, 0x3C, 0x24, 0xF5, 0x98, 0xF7, 0x00, 0x50, 0x73,
    0xDC, 0x1E, 0x21, 0x7C, 0xF7, 0x9F, 0x32, 0x13, 0x8F, 0xDC, 0xBE, 0xE1, 0xAF, 0x37, 0xDF, 0x73,
    0x45, 0x3C, 0xBA, 0xF2, 0x4D, 0xC6, 0xB5, 0x5B, 0x35, 0xD6, 0x83, 0xF4, 0x65, 0x97, 0xDB, 0xCC,
    0xBC, 0xFE, 0x38, 0x10, 0x3A, 0xB7, 0x85, 0x93, 0xBE, 0xEA, 0xD5, 0xD8, 0x6E, 0x5F, 0x7F, 0x64,
    0x66, 0xCA, 0xEE, 0xE0, 0xF1, 0xF3, 0x77, 0x57, 0x2B, 0xE9, 0x73, 0xFB, 0x06, 0x2B, 0x34, 0xDF,
    0x35, 0x5F, 0x47, 0x99, 0xFF, 0x01, 0xCD, 0x93, 0x01, 0x84, 0x1D, 0x47, 0x18, 0xC7, 0x7F, 0xBB,
    0x93, 0xCB, 0x54, 0x96, 0x4E, 0x90, 0x83, 0x6A, 0xDE, 0x14, 0x68, 0x1B, 0xB9, 0x5B, 0x28, 0x0D,
    0x36, 0x37, 0xD3, 0x28, 0x01, 0xF4, 0x21, 0x07, 0x4A, 0x01, 0x54, 0x48, 0x14, 0xC5, 0xC3, 0xCB,
    0xBD, 0x6D, 0x4B, 0x01, 0xA4, 0x05, 0x00, 0x87, 0x42, 0x12, 0x9A, 0xE0, 0xE1, 0xA9, 0xF7, 0x2E,
    0xA3, 0x00, 0x85, 0x69, 0x4B, 0x4B, 0xC1, 0x86, 0x20, 0x14, 0x37, 0x18, 0xAC, 0x64, 0xDF, 0x6D,
    0x77, 0xDF, 0xEB, 0xB9, 0x4B, 0x4B, 0xA1, 0x54, 0xF7, 0xFB, 0xFF, 0xD6, 0xCE, 0xB7, 0xF3, 0xF1,
    0x8D, 0xF9, 0xFE, 0x24, 0x16, 0x26, 0x35, 0x69, 0xDC, 0x43, 0x7A, 0x83, 0x2A, 0x73, 0xDB, 0x87,
    0xA1, 0xC7, 0xD8, 0x3D, 0x0C, 0x6B, 0xFA, 0x68, 0x30, 0x49, 0x24, 0xBF, 0x5E, 0x91, 0xB5, 0x16,
    0x86, 0x90, 0xDA, 0xCC, 0xA5, 0x16, 0x36, 0x99, 0xA0, 0xD9, 0x66, 0x8B, 0xA2, 0x8B, 0x11, 0xD3,
    0x2E, 0x0E, 0xCA, 0xB7, 0x81, 0x0B, 0xC0, 0x01, 0xA4, 0x4B, 0xC8, 0x1A, 0xB8, 0xD8, 0xF1, 0x69,
    0x0D, 0x4F, 0x22, 0xE2, 0xF3, 0x88, 0x12, 0x81, 0x9D, 0x07, 0xCF, 0x4B, 0xD3, 0xB6, 0x8E, 0xCC,
    0x83, 0x72, 0xA0, 0x3D, 0x49, 0xDB, 0xC0, 0xF1, 0xD3, 0xB6, 0xA4, 0x1D, 0xA2, 0x3C, 0x87, 0xB0,
    0x20, 0x81, 0x73, 0xBB, 0x16, 0xD5, 0x06, 0xCE, 0x24, 0x0D, 0xB0, 0x04, 0x16, 0x5C, 0xA1, 0x61,
    0xDE, 0x31, 0xB9, 0x1E, 0xD0, 0x6D, 0x09, 0x37, 0x80, 0x64, 0x48, 0xBE, 0xA4, 0xC9, 0x45, 0x18,
    0x64, 0xFE, 0x8C, 0x72, 0xE8, 0x07, 0x77, 0xF3, 0x17, 0xD1, 0xD8, 0xC6, 0xF0, 0xA7, 0xF2, 0xA4,
    0xD6, 0x5F, 0x04, 0xD9, 0x96, 0xAB, 0x02, 0x4C, 0xDB, 0x4C, 0xDA, 0xFA, 0x11, 0xC1, 0x27, 0x1E,
    0x51, 0xA2, 0xE0, 0x22, 0x14, 0x10, 0x48, 0x2A, 0x84, 0x43, 0x59, 0x06, 0x50, 0x00, 0xC0, 0xC6,
    0x10, 0xDA, 0x25, 0x22, 0x1A, 0x64, 0xA5, 0x6D, 0x07, 0x32, 0xEC, 0x20, 0x8E, 0x22, 0xB4, 0x9E,
    0xB3, 0x6D, 0x24, 0xBF, 0xD6, 0xB0, 0xC7, 0x92, 0x45, 0x17, 0x77, 0x98, 0x63, 0xDE, 0x8B, 0xA8,
    0xD6, 0xAF, 0xFB, 0xDB, 0x24, 0x6D, 0xBD, 0xFA, 0x29, 0xEA, 0xF2, 0xA4, 0x21, 0x93, 0x34, 0xFA,
    0xF7, 0x5A, 0x3E, 0x8F, 0x88, 0x70, 0x5E, 0x56, 0x53, 0xE5, 0xE6, 0x39, 0xA6, 0x61, 0xC3, 0xC2,
    0xEB, 0x70, 0xF9, 0x44, 0xA6, 0x3D, 0xDA, 0xBC, 0xB5, 0x7B, 0x3A, 0x03, 0xC0, 0x2A, 0xBF, 0xBB,
    0x7B, 0xE9, 0xFE, 0xBD, 0xEE, 0x83, 0xE3, 0xE7, 0x78, 0x39, 0x24, 0xF3, 0x18, 0x9B, 0x34, 0x88,
    0xD0, 0x7F, 0x2A, 0x47, 0x6E, 0x31, 0xF4, 0xDA, 0x81, 0xBD, 0x63, 0xAD, 0x33, 0xDA, 0xA2, 0x1C,
    0xA2, 0x82, 0x7D, 0x00, 0x2C, 0x04, 0x98, 0x9F, 0xFC, 0xFB, 0x9B, 0xCA, 0x3E, 0x6F, 0x60, 0x0F,
    0x1A, 0xD2, 0x88, 0xF2, 0x4C, 0x2C, 0x11, 0x80, 0x4D, 0x3B, 0x24, 0xFF, 0xA1, 0x46, 0x3E, 0x2D,
    0x90, 0xBE, 0x20, 0x2B, 0xC7, 0x28, 0x46, 0x1D, 0x53, 0x06, 0x04, 0xB6, 0x3A, 0x8A, 0x15, 0x2F,
    0xB8, 0xC0, 0xC7, 0xFC, 0xDB, 0xF9, 0x04, 0x8B, 0xAC, 0x98, 0xF8, 0xEC, 0xD0, 0xA5, 0x1F, 0xAC,
    0xFA, 0xD3, 0xE5, 0xC9, 0x71, 0xD7, 0x07, 0x5D, 0xC0, 0x12, 0xD3, 0x86, 0xE3, 0xFB, 0x7C, 0x7C,
    0x44, 0x52, 0xE7, 0x36, 0x0D, 0xAA, 0xA4, 0xEA, 0x40, 0x5B, 0x30, 0xC0, 0x18, 0x92, 0x00, 0xD2,
    0xC1, 0x36, 0x30, 0x3D, 0x8B, 0x70, 0xAF, 0xA2, 0xDA, 0xBE, 0xBA, 0x79, 0x79, 0x1E, 0x82, 0x41,
    0xF8, 0xDC, 0x26, 0xA5, 0xB1, 0x30, 0x81, 0xA4, 0x86, 0xC7, 0x25, 0x7C, 0x18, 0x81, 0x06, 0x58,
    0xF0, 0x56, 0xC7, 0x98, 0x06, 0x73, 0x3D, 0xAE, 0xE7, 0x75, 0xC8, 0xFF, 0xC0, 0x2F, 0x96, 0x49,
    0x9D, 0xC6, 0x71, 0xE6, 0x0B, 0x55, 0xBE, 0x91, 0x83, 0xB9, 0x6D, 0x27, 0x87, 0xD5, 0x81, 0x08,
    0x8B, 0x34, 0xCE, 0x57, 0xBA, 0x23, 0x82, 0xC9, 0xBC, 0x6A, 0x61, 0xF8, 0xDF, 0xFB, 0xE5, 0xC2,
    0xCA, 0x2F, 0xDF, 0x87, 0xDC, 0xD6, 0x27, 0x7E, 0x49, 0x1B, 0x7D, 0x58, 0xCB, 0x17, 0x6B, 0xBF,
    0xF8, 0xA0, 0x5C, 0x6D, 0x98, 0xD4, 0x6B, 0xBF, 0x9C, 0x68, 0xE5, 0x97, 0xB6, 0xF7, 0xCB, 0xE9,
    0x24, 0x40, 0x9F, 0x5F, 0xF9, 0xE5, 0xFE, 0xCB, 0x7E, 0xE9, 0x96, 0x2D, 0x9C, 0x27, 0x0D, 0xE4,
    0x25, 0x4B, 0xD2, 0x88, 0xAC, 0xFE, 0x3A, 0x43, 0xA7, 0x95, 0x83, 0xB6, 0x64, 0x6B, 0xBF, 0x3C,
    0x02, 0x00, 0x18, 0xC1, 0x0E, 0xA8, 0x12, 0xE5, 0x90, 0x1E, 0x59, 0x21, 0xC2, 0xB1, 0xAA, 0x7E,
    0xB9, 0x36, 0xA1, 0x2E, 0x31, 0xB0, 0x44, 0x44, 0xB4, 0xE7, 0x2A, 0x00, 0xDC, 0x7C, 0x3F, 0xFD,
    0xB1, 0x56, 0x76, 0xBA, 0x4D, 0x28, 0x08, 0xE3, 0xA4, 0x9A, 0xA5, 0x3E, 0x0A, 0x37, 0xCD, 0xDC,
    0xFC, 0x4D, 0x67, 0x7E, 0x5E, 0x6E, 0x30, 0xE4, 0xA6, 0x15, 0xBF, 0x7A, 0x95, 0x56, 0x5B, 0xC2,
    0x17, 0x59, 0xB9, 0x38, 0xE0, 0x60, 0x48, 0x84, 0x19, 0xDC, 0x11, 0xE8, 0x25, 0xC9, 0x90, 0x7E,
    0xCF, 0x2F, 0x41, 0x31, 0xBD, 0xCA, 0xAC, 0x60, 0x3C, 0x63, 0x36, 0x23, 0x46, 0xC2, 0x2C, 0xAD,
    0xC6, 0xB2, 0xD4, 0x07, 0xFD, 0x9E, 0x64, 0xFF, 0x6C, 0x99, 0xD4, 0xCA, 0x52, 0x5C, 0x86, 0xAD,
    0x4F, 0x40, 0x3B, 0x50, 0xB6, 0xC3, 0xC1, 0xBB, 0x1D, 0x4F, 0xFA, 0xEB, 0x0C, 0xE4, 0x2C, 0x00,
    0x48, 0xEE, 0x91, 0x3D, 0x74, 0xAF, 0xA4, 0x15, 0x49, 0x80, 0xC0, 0xE3, 0x90, 0x7D, 0x5D, 0xED,
    0x74, 0x3D, 0xC8, 0x72, 0xAC, 0x30, 0x33, 0x36, 0x2C, 0xBA, 0x42, 0x78, 0x84, 0xEB, 0x25, 0xBF,
    0xBC, 0x9B, 0xDD, 0x8E, 0x6A, 0x7F, 0xA6, 0xCA, 0xA9, 0x26, 0x0C, 0x08, 0x5B, 0x49, 0x28, 0x92,
    0xAA, 0x48, 0xFD, 0x28, 0xF5, 0xD3, 0x64, 0x09, 0x43, 0x5D, 0x81, 0xF0, 0x1D, 0x6E, 0x8D, 0xFC,
    0xEC, 0x3E, 0x99, 0x5D, 0xA2, 0x12, 0x8F, 0x92, 0x30, 0xB8, 0xDC, 0xD1, 0x40, 0x7E, 0x0B, 0x0A,
    0xDD, 0xA1, 0x2C, 0x23, 0xE9, 0x98, 0xA6, 0x11, 0x38, 0x8F, 0xAE, 0x84, 0x17, 0x4E, 0x38, 0x59,
    0x66, 0x56, 0xD1, 0xC7, 0x80, 0x2D, 0x8A, 0x55, 0x18, 0xB7, 0xC1, 0xA5, 0x6B, 0x77, 0x5F, 0x43,
    0x7F, 0x14, 0x0F, 0x9D, 0xDA, 0xFF, 0x4E, 0x38, 0x55, 0xCE, 0x85, 0xD3, 0x44, 0x59, 0x0E, 0x08,
    0x99, 0xED, 0xFA, 0x51, 0x14, 0x69, 0xD5, 0xBF, 0xBC, 0x62, 0xD4, 0xFF, 0x9B, 0x76, 0xBB, 0x02,
    0x90, 0xD8, 0xAE, 0xB6, 0xAB, 0xFC, 0xE7, 0xFE, 0xCF, 0x7D, 0xF5, 0x8D, 0xFC, 0x6D, 0x21, 0x9E,
    0x6E, 0x8B, 0x4A, 0x4B, 0xA7, 0x65, 0xB9, 0x9D, 0xD9, 0xAB, 0x8A, 0x42, 0x31, 0x1D, 0xA4, 0x55,
    0xFE, 0xD0, 0x16, 0x37, 0x28, 0x60, 0x04, 0x33, 0x68, 0xED, 0xFA, 0x5E, 0x7C, 0x46, 0xA5, 0xB0,
    0x99, 0x5F, 0xB9, 0x3E, 0xB7, 0x48, 0xF7, 0x8E, 0x70, 0x57, 0xA4, 0xCD, 0xBF, 0x25, 0x19, 0x82,
    0x4B, 0x5D, 0xF6, 0x2C, 0x7F, 0xA6, 0x50, 0xE8, 0xD3, 0xE7, 0x09, 0x1B, 0xFC, 0x01, 0x8D, 0x98,
    0x01, 0x84, 0x27, 0x59, 0x7E, 0xC7, 0x3F, 0x55, 0x6F, 0xA7, 0x2B, 0xD9, 0xCA, 0xF4, 0x5B, 0xE4,
    0x2E, 0x91, 0x99, 0x9E, 0x0A, 0x16, 0xE7, 0x66, 0x6E, 0xEB, 0x30, 0x68, 0xD1, 0x3D, 0xEF, 0x65,
    0xE0, 0x70, 0x72, 0x3B, 0xD8, 0xBE, 0xC3, 0x90, 0x09, 0x20, 0x22, 0xCC, 0x26, 0x69, 0xF4, 0xC9,
    0xCC, 0xBF, 0x6A, 0x83, 0x1C, 0x0E, 0xDB, 0x89, 0x6C, 0x0E, 0xC1, 0x1D, 0x16, 0xB9, 0x5E, 0x74,
    0x8B, 0x21, 0x11, 0x33, 0xFF, 0x7A, 0x7B, 0x8D, 0xC3, 0x21, 0x95, 0x6C, 0xD6, 0x81, 0x50, 0xC7,
    0x8E, 0xC4, 0x24, 0x31, 0x2F, 0x9B, 0xDA, 0xDB, 0xEA, 0xC9, 0xAB, 0x7A, 0xA9, 0xF7, 0xD2, 0x65,
    0x76, 0x8E, 0x70, 0x3F, 0x7F, 0x9F, 0xDF, 0xD7, 0xBF, 0xFB, 0xFF, 0xBC, 0x57, 0xBF, 0xDF, 0xFB,
    0xFE, 0xDF, 0xFB, 0x13, 0x63, 0xC3, 0xB7, 0xA0, 0xBE, 0xD3, 0x83, 0x4B, 0x06, 0x84, 0xA5, 0x47,
    0xB6, 0x68, 0x0A, 0x03, 0x94, 0x1A, 0x50, 0xEC, 0xED, 0xED, 0x55, 0x89, 0xF7, 0xD3, 0x8A, 0x52,
    0xDF, 0x08, 0xF8, 0xD2, 0x0A, 0xC5, 0x65, 0x85, 0xE2, 0x57, 0x95, 0x5E, 0x81, 0x7C, 0xBC, 0xDE,
    0x23, 0xF5, 0xDE, 0xD7, 0xE0, 0x80, 0x88, 0x64, 0x00, 0xD2, 0x9E, 0x2F, 0x93, 0x5A, 0x4E, 0x10,
    0x96, 0x8E, 0xE2, 0x93, 0xDB, 0x2D, 0x8D, 0xF7, 0x06, 0x5E, 0x7A, 0x09, 0xB8, 0xBC, 0x0D, 0x5C,
    0xBB, 0x0E, 0x7C, 0xE9, 0x01, 0xD0, 0xF8, 0x9A, 0xFC, 0xCC, 0x77, 0xA8, 0x93, 0x7F, 0xB5, 0xB8,
    0x93, 0x0F, 0xAC, 0xE8, 0x7F, 0x72, 0x6A, 0xF2, 0xEE, 0x1F, 0x0D, 0xD2, 0xFC, 0x93, 0xA1, 0x7C,
    0xEB, 0xB4, 0x46, 0xDD, 0x3C, 0xD5, 0x54, 0xE2, 0x5B, 0xCC, 0xF8, 0x2A, 0xAC, 0xB3, 0xCD, 0x80,
    0x8B, 0x33, 0xF2, 0x80, 0xCD, 0xCB, 0x50, 0x5D, 0xBC, 0x06, 0xEA, 0xF2, 0xF6, 0x2F, 0x50, 0xFC,
    0xC7, 0xF5, 0x03, 0xF2, 0xF1, 0x8F, 0x7B, 0x12, 0xEF, 0x5B, 0xF8, 0x8D, 0x33, 0xE0, 0xCD, 0x0E,
    0x38, 0x69, 0x81, 0x9F, 0x18, 0xE0, 0xCF, 0x6A, 0x96, 0xB8, 0xE4, 0x5B, 0x12, 0x7F, 0xEC, 0xC8,
    0x6D, 0x3A, 0xA1, 0x6A, 0x3C, 0x13, 0xAC, 0xD3, 0x01, 0x0E, 0x84, 0x05, 0x64, 0x07, 0xE7, 0x0F,
    0xE7, 0x4F, 0x7C, 0xDE, 0xA9, 0x9B, 0x5E, 0xF5, 0x8A, 0x1B, 0x7F, 0xD0, 0x57, 0xDC, 0x30, 0xDD,
    0x9A, 0x4A, 0x33, 0x83, 0x19, 0xEB, 0x00, 0x77, 0x8E, 0x2A, 0x19, 0x40, 0xDD, 0xEC, 0x53, 0xCA,
    0x53, 0x9B, 0x23, 0x3F, 0xB5, 0x2B, 0x84, 0xF7, 0x0E, 0x2A, 0xDF, 0x02, 0x6F, 0x00, 0xD2, 0x87,
    0x19, 0xE6, 0x91, 0xAC, 0xC9, 0x0D, 0x3C, 0x42, 0xCC, 0x74, 0x0B, 0x6B, 0xC2, 0x30, 0x90, 0xFE,
    0x1F, 0x7B, 0x00, 0x61, 0x9F, 0x33, 0x7B, 0x76, 0x54, 0x13, 0x46, 0x30, 0x20, 0x5B, 0x98, 0x69,
    0x58, 0xB8, 0xD1, 0x3C, 0x39, 0x5C, 0xFE, 0x88, 0x02, 0x16, 0x56, 0x91, 0x0D, 0xC0, 0xAF, 0xF8,
    0xBF, 0x00, 0x94, 0x77, 0xB0, 0x44, 0xE6, 0x3B, 0xA8, 0xDE, 0x73, 0x24, 0x03, 0x13, 0xC2, 0xB2,
    0x22, 0x6B, 0xD9, 0x45, 0x1A, 0x5E, 0x0D, 0xE0, 0x67, 0x71, 0xE7, 0xC3, 0x37, 0x48, 0xC3, 0xD2,
    0x92, 0xDB, 0x8F, 0x6F, 0x81, 0xE8, 0x20, 0xF9, 0xC6, 0x27, 0xB7, 0xC8, 0xBD, 0xB7, 0x90, 0x75,
    0x10, 0x97, 0x86, 0xD4, 0xC0, 0x2E, 0xC0, 0xDF, 0x1F, 0x72, 0x4B, 0x78, 0xFF, 0x97, 0x5D, 0xE9,
    0xBD, 0xD7, 0x5F, 0xE0, 0xEE, 0x00, 0x24, 0x9A, 0x17, 0xC2, 0x46, 0x92, 0xB4, 0xC4, 0x10, 0x86,
    0x18, 0x99, 0x06, 0xE5, 0x72, 0x27, 0x1B, 0xC3, 0x55, 0xA7, 0x7C, 0xE9, 0x2D, 0xA9, 0xB3, 0x6A,
    0x95, 0xCD, 0xF9, 0x59, 0xAD, 0x06, 0xD1, 0x93, 0x7A, 0x54, 0x27, 0x2C, 0xC2, 0xA1, 0x4C, 0xC8,
    0x03, 0x4A, 0x67, 0x96, 0xCC, 0x52, 0x91, 0x77, 0xE1, 0xB5, 0x26, 0x6F, 0x91, 0x2D, 0x23, 0xD2,
    0x84, 0x97, 0x23, 0xE6, 0xC4, 0x51, 0x18, 0x8A, 0x5A, 0x0C, 0x94, 0xF5, 0xFC, 0xCA, 0xE6, 0xAC,
    0x51, 0x5A, 0xF6, 0x33, 0x50, 0x94, 0x16, 0xF5, 0x16, 0x0A, 0x65, 0x29, 0x3D, 0x2B, 0xFE, 0xD6,
    0x22, 0x07, 0xA0, 0x03, 0xF4, 0x8B, 0x93, 0x04, 0x78, 0x39, 0x12, 0xCA, 0x81, 0xD2, 0x1B, 0x4A,
    0xC7, 0xD5, 0xA9, 0x26, 0x1D, 0x49, 0x2C, 0xA4, 0x9E, 0xA4, 0x8B, 0x29, 0x6D, 0x41, 0x78, 0x2D,
    0x0C, 0x88, 0xEF, 0xD6, 0x21, 0x65, 0xAF, 0x1B, 0x51, 0x43, 0x2E, 0xDB, 0x4C, 0x23, 0xFC, 0x1C,
    0x13, 0xE9, 0xF1, 0x7B, 0xCF, 0x8E, 0xBF, 0x0F, 0x9B, 0xC2, 0x4A, 0x60, 0x2B, 0x1D, 0xAE, 0x10,
    0x7B, 0xC8, 0x0F, 0xBC, 0xBC, 0x3E, 0x9A, 0xD6, 0xEF, 0xC2, 0x0E, 0x8F, 0x76, 0x80, 0x03, 0xAA,
    0x6D, 0x60, 0x1F, 0x75, 0x00, 0x9C, 0x50, 0xF6, 0x80, 0xA5, 0xB0, 0x40, 0x87, 0xB4, 0x90, 0xCE,
    0xA9, 0x83, 0x4B, 0x67, 0x64, 0x2D, 0x34, 0x9E, 0x38, 0xF5, 0xC2, 0x3F, 0xD3, 0xC4, 0x5D, 0xE1,
    0x7B, 0x00, 0xA6, 0x74, 0x04, 0x60, 0xA4, 0x01, 0xC0, 0xA1, 0x34, 0x90, 0xCC, 0xB9, 0x06, 0xD2,
    0x98, 0x89, 0x0F, 0xB8, 0xD6, 0x20, 0xFA, 0x39, 0x1B, 0x10, 0x96, 0xEA, 0xA6, 0x81, 0xCC, 0xE2,
    0x33, 0x43, 0xD8, 0x5C, 0xAE, 0x7C, 0x07, 0x64, 0x57, 0xFC, 0xD4, 0xFB, 0x38, 0xEB, 0xB7, 0xAA,
    0x77, 0xA0, 0x78, 0xF2, 0x2E, 0xEA, 0x7C, 0x7F, 0xDD, 0x00, 0xCA, 0x1A, 0x56, 0x80, 0xD2, 0x70,
    0xFF, 0x3C, 0x3F, 0x04, 0x2A, 0xC0, 0x01, 0xCD, 0x79, 0xF6, 0xC4, 0x7C, 0x29, 0x74, 0x6F, 0xF3,
    0xFB, 0x54, 0xDE, 0x81, 0x1A, 0x80, 0xF3, 0x3E, 0x2A, 0xFC, 0x74, 0xC8, 0xF9, 0x42, 0x46, 0x62,
    0x78, 0x1A, 0x0D, 0xC0, 0x84, 0x32, 0x00, 0x8C, 0x14, 0x51, 0xE0, 0x28, 0x5A, 0x80, 0x24, 0x88,
    0xCC, 0xB7, 0xA4, 0xA1, 0x0B, 0xD4, 0x77, 0x06, 0x42, 0x1B, 0x18, 0x87, 0x8B, 0x0B, 0xFB, 0xCD,
    0x9E, 0x87, 0x08, 0xCB, 0x94, 0xF4, 0xEC, 0x93, 0xD9, 0x4B, 0x7D, 0x32, 0x10, 0x37, 0x98, 0x66,
    0x02, 0xE4, 0x93, 0x11, 0x9A, 0x16, 0x64, 0xBB, 0x86, 0x72, 0x84, 0xC2, 0x54, 0x90, 0x79, 0x4D,
    0x69, 0x94, 0x86, 0xAA, 0xA5, 0xAC, 0x55, 0x0D, 0xB2, 0x43, 0xE9, 0xD2, 0x5C, 0x20, 0xB3, 0x28,
    0x8A, 0xF6, 0x0A, 0xA2, 0xA3, 0x42, 0x76, 0x65, 0x10, 0x9E, 0xDC, 0x16, 0x3A, 0x37, 0xF3, 0xDE,
    0x14, 0x93, 0x7C, 0x5C, 0x69, 0xE5, 0x1D, 0xCD, 0x4D, 0x3F, 0x40, 0x8C, 0x0B, 0x90, 0x7B, 0x47,
    0x5A, 0xD3, 0x78, 0x9D, 0xFB, 0x7F, 0x43, 0x1A, 0xEE, 0x4E, 0xE0, 0xA1, 0x68, 0xC9, 0x3A, 0x68,
    0x40, 0xCD, 0xCA, 0x44, 0x55, 0xB5, 0x48, 0x0D, 0x15, 0xF8, 0x96, 0x82, 0xA0, 0x92, 0xA7, 0x1D,
    0xBB, 0x51, 0x89, 0x1F, 0x75, 0xDC, 0x03, 0x14, 0xE2, 0xDB, 0x1D, 0x3D, 0xA0, 0x74, 0x9E, 0xDB,
    0xC4, 0x46, 0xB5, 0x99, 0x59, 0xD1, 0x82, 0xF2, 0x31, 0x7C, 0xCB, 0x17, 0x9B, 0x27, 0xEB, 0xB9,
    0x09, 0x8F, 0x6A, 0x50, 0xF5, 0x03, 0x61, 0x0B, 0x62, 0xD1, 0xAC, 0xB0, 0xBB, 0x51, 0xFD, 0xA0,
    0x15, 0xF6, 0x5E, 0x54, 0xA7, 0x46, 0xF4, 0x0F, 0x00, 0x8A, 0x1F, 0x69, 0xD1, 0xDB, 0xA8, 0xFE,
    0x01, 0xF1, 0xD3, 0x36, 0xAA, 0x7F, 0x21, 0xFD, 0xD4, 0x00, 0x48, 0x47, 0xEA, 0x75, 0x54, 0x71,
    0xDB, 0x46, 0x65, 0x49, 0x46, 0xA2, 0x6A, 0x49, 0x1C, 0x40, 0xE5, 0x7D, 0x8D, 0xAB, 0x8E, 0x8E,
    0x07, 0xDC, 0x0A, 0xA6, 0x48, 0x45, 0xA4, 0x0E, 0x2C, 0xEB, 0x85, 0xC2, 0x16, 0x3F, 0x07, 0xE1,
    0x33, 0x4C, 0x22, 0x45, 0x1F, 0x98, 0xDB, 0x95, 0x78, 0x76, 0xD4, 0x98, 0x95, 0xF0, 0xFE, 0x0C,
    0xE0, 0x73, 0x6F, 0x00, 0x28, 0x07, 0x20, 0x22, 0x93, 0xC0, 0x0B, 0x5F, 0x3F, 0x8B, 0x7D, 0xE6,
    0x5B, 0x40, 0x3C, 0x37, 0xE6, 0xCF, 0x7F, 0x25, 0x6E, 0x69, 0x1F, 0xDB, 0xA0, 0x9C, 0xA9, 0x90,
    0xE6, 0xBC, 0xD7, 0xD2, 0x68, 0x2A, 0xC2, 0xA2, 0x34, 0x79, 0x87, 0x02, 0xD9, 0x06, 0x16, 0x86,
    0x26, 0x72, 0x82, 0xD2, 0x24, 0x63, 0xA0, 0x70, 0x81, 0x1B, 0x33, 0x0B, 0x73, 0x71, 0xA6, 0xEC,
    0xF6, 0xDD, 0x4B, 0xE4, 0xBE, 0xF3, 0xF1, 0x89, 0x35, 0x2D, 0xFC, 0x32, 0x2F, 0xF1, 0x42, 0x54,
    0xDE, 0x7B, 0xF8, 0xBD, 0xA3, 0xA3, 0x23, 0x96, 0x48, 0x7C, 0x07, 0xC5, 0xBF, 0x3B, 0x78, 0xC4,
    0x44, 0xDA, 0xB3, 0x22, 0xEB, 0xB8, 0x8F, 0x34, 0xBC, 0x42, 0x51, 0x03, 0x0A, 0xA0, 0x02, 0x2E,
    0xF8, 0xBD, 0x5B, 0x48, 0xEF, 0x7B, 0x92, 0x71, 0x59, 0xE5, 0xE7, 0xC7, 0xBD, 0x58, 0x7E, 0x10,
    0xC3, 0xB2, 0xCE, 0x34, 0x62, 0x58, 0xFE, 0x85, 0x91, 0x04, 0x1A, 0xAE, 0x80, 0x7A, 0xE6, 0x08,
    0x53, 0x24, 0xCC, 0x0D, 0x4A, 0xEF, 0x0A, 0x5F, 0x73, 0xD5, 0x7F, 0x54, 0x78, 0x0D, 0x13, 0x59,
    0x0F, 0xD1, 0x68, 0xE3, 0x47, 0x6F, 0xC4, 0x61, 0x88, 0xE3, 0x0E, 0xA2, 0x8B, 0xC3, 0x4B, 0x0D,
    0x64, 0xF6, 0x3E, 0x21, 0xFD, 0x57, 0x0F, 0x24, 0x77, 0x3E, 0x7D, 0xBC, 0xA7, 0x89, 0x36, 0x67,
    0xB8, 0x70, 0xE7, 0xC7, 0x67, 0x7B, 0x40, 0x71, 0xEA, 0x00, 0xCA, 0xF7, 0xC7, 0x98, 0xEA, 0x09,
    0x40, 0xE9, 0x26, 0x26, 0xAA, 0x1A, 0xA8, 0x50, 0x06, 0x68, 0x28, 0x5B, 0x60, 0x42, 0x5A, 0x48,
    0x26, 0xF2, 0x1E, 0x2E, 0xF9, 0x43, 0x31, 0x69, 0x1A, 0x6F, 0x69, 0xEA, 0x38, 0xF4, 0x50, 0x04,
    0x94, 0x4C, 0x0C, 0x3B, 0x8C, 0x3C, 0xD8, 0xC6, 0x71, 0xB2, 0x9F, 0x38, 0x6C, 0x5C, 0x29, 0x62,
    0xF8, 0x5D, 0x10, 0x7E, 0x80, 0x6C, 0xD2, 0x70, 0xD7, 0x9E, 0xAF, 0x73, 0xF3, 0xF5, 0xF6, 0x10,
    0xE4, 0xD3, 0x0E, 0x8A, 0x11, 0x68, 0x0C, 0x94, 0xBE, 0x86, 0xFB, 0x4A, 0x7F, 0xF6, 0xD9, 0xD2,
    0x00, 0x4C, 0x2C, 0x96, 0xE5, 0x07, 0x00, 0xD2, 0x48, 0x60, 0x73, 0x11, 0x07, 0xCB, 0x1E, 0xEF,
    0x89, 0x51, 0xC6, 0x4E, 0x82, 0xE4, 0x23, 0xF9, 0xFE, 0x00, 0x40, 0x38, 0x92, 0x11, 0x43, 0x21,
    0x35, 0x00, 0x2B, 0x72, 0x03, 0xC0, 0x43, 0xB2, 0x16, 0x00, 0x87, 0xE8, 0x00, 0xE2, 0x09, 0x8F,
    0x58, 0xB4, 0x28, 0x08, 0xFC, 0xFF, 0x44, 0xD6, 0x9D, 0x8B, 0xBC, 0x9D, 0xC5, 0x86, 0x06, 0x69,
    0xC8, 0xBA, 0x66, 0x88, 0x42, 0xFE, 0xC0, 0xDE, 0x00, 0x59, 0x23, 0x4F, 0x4D, 0x01, 0x85, 0xA6,
    0xFC, 0x4A, 0x2D, 0xB5, 0xF2, 0xA0, 0xF2, 0x59, 0x74, 0x0A, 0x9C, 0x34, 0x92, 0x56, 0xD5, 0xC2,
    0x4A, 0x53, 0xD2, 0xD9, 0xB3, 0xBB, 0xA6, 0xE8, 0x1F, 0xA2, 0xEA, 0xE2, 0x8C, 0xB2, 0xEC, 0x88,
    0x71, 0x23, 0x12, 0xD8, 0x5D, 0xC4, 0xBD, 0x45, 0xB8, 0x9F, 0x15, 0x49, 0xBF, 0x88, 0xEF, 0xB1,
    0x04, 0xD9, 0x04, 0x14, 0x4F, 0x0D, 0xDC, 0x10, 0x2D, 0xDC, 0x4F, 0x3A, 0xB8, 0x17, 0xF0, 0x30,
    0xE0, 0x51, 0xC0, 0xFD, 0xB4, 0x85, 0x95, 0x30, 0xA0, 0x44, 0x0D, 0xEA, 0xAB, 0x40, 0xF9, 0x36,
    0x50, 0xFC, 0x27, 0x20, 0xA3, 0x6D, 0x5B, 0x78, 0x45, 0xF4, 0x70, 0x5D, 0x38, 0x78, 0x98, 0xCF,
    0x98, 0xAE, 0x4C, 0xA4, 0x4F, 0x77, 0x1A, 0xB2, 0xD7, 0x7B, 0xA5, 0x65, 0xDE, 0x95, 0xF5, 0x96,
    0x30, 0x85, 0xD9, 0x4E, 0x6B, 0xD9, 0x02, 0x79, 0x40, 0xD6, 0x41, 0x2D, 0x3A, 0x84, 0x09, 0x68,
    0x45, 0x78, 0x56, 0xB9, 0x21, 0xF1, 0x1E, 0x28, 0x07, 0x50, 0x7E, 0xD2, 0xB1, 0x70, 0x03, 0xA4,
    0x2E, 0x99, 0x02, 0x51, 0x9A, 0x6F, 0x8C, 0x7B, 0xD5, 0x3F, 0xA7, 0x7E, 0x0E, 0x47, 0xD6, 0x53,
    0xB6, 0x64, 0x96, 0xC2, 0x24, 0xB7, 0x3F, 0xD9, 0xAB, 0xDA, 0x3C, 0xBC, 0x6F, 0x91, 0x2D, 0x95,
    0x46, 0x1A, 0x26, 0x28, 0x4C, 0x3E, 0x2C, 0x0D, 0xA0, 0x9E, 0xBC, 0x0B, 0x28, 0xBD, 0xF4, 0xD3,
    0xC2, 0x75, 0xE4, 0x18, 0xE9, 0x00, 0xD2, 0xC8, 0xDB, 0xFE, 0x16, 0xB0, 0x7C, 0x87, 0x93, 0x44,
    0x4A, 0x80, 0x8D, 0x68, 0x6A, 0xF1, 0x40, 0x9E, 0x0D, 0xD7, 0x94, 0xA5, 0x68, 0x77, 0xA4, 0xA5,
    0xD2, 0xDB, 0xB9, 0x65, 0xE2, 0x7A, 0x56, 0x0B, 0xC7, 0x3E, 0x64, 0x3D, 0x27, 0x20, 0x2D, 0x16,
    0x8A, 0x96, 0x2E, 0x1A, 0x53, 0x0B, 0xCA, 0x24, 0x06, 0x54, 0x9D, 0x46, 0x0A, 0xEF, 0xAD, 0xD2,
    0xE2, 0xAF, 0xFC, 0x61, 0xA5, 0x33, 0x3D, 0xA1, 0x74, 0x9E, 0xB8, 0xC0, 0x78, 0x2E, 0xD8, 0x0C,
    0x7E, 0x67, 0x2E, 0x8A, 0x1E, 0x69, 0xB7, 0x84, 0x25, 0x73, 0xD7, 0x32, 0x4B, 0xE2, 0xA7, 0xC6,
    0x42, 0x19, 0x9F, 0x12, 0xDF, 0x04, 0xE0, 0xCD, 0xC8, 0xDF, 0x79, 0xA1, 0xE6, 0x62, 0x00, 0x20,
    0x8F, 0x09, 0xE9, 0x00, 0xD8, 0x8D, 0x89, 0x83, 0x98, 0xB0, 0x23, 0x40, 0xDA, 0xC5, 0x24, 0xCC,
    0x1A, 0x38, 0x3A, 0x7E, 0xE2, 0x8F, 0xBE, 0x97, 0xF8, 0x10, 0x16, 0x76, 0x51, 0x00, 0x07, 0x31,
    0x11, 0x8D, 0x37, 0x7D, 0x6F, 0xB6, 0xF7, 0x27, 0x75, 0xEE, 0x43, 0x18, 0xA4, 0xA6, 0x34, 0x50,
    0x40, 0x61, 0x60, 0x07, 0xA4, 0x81, 0xBF, 0x03, 0xD9, 0x82, 0x8D, 0x49, 0x84, 0xD4, 0x71, 0xE7,
    0x8C, 0xA4, 0x39, 0xC3, 0x7B, 0x9D, 0xF9, 0x89, 0x25, 0x4A, 0xAF, 0x21, 0x99, 0x8E, 0x3B, 0xC8,
    0x7A, 0x31, 0x80, 0x6C, 0x13, 0x17, 0x07, 0x99, 0x99, 0xD5, 0x81, 0x90, 0x44, 0x0A, 0xC7, 0xC6,
    0xD1, 0xD1, 0xF1, 0x44, 0xF4, 0x32, 0x20, 0xBA, 0x62, 0xEA, 0x87, 0x28, 0x6B, 0xF8, 0xB5, 0x66,
    0x3A, 0xFA, 0x6B, 0x94, 0x8F, 0x0D, 0xE2, 0x00, 0xA4, 0x8D, 0xEC, 0x22, 0xDB, 0x73, 0x26, 0xF1,
    0xFD, 0x5C, 0x93, 0x0D, 0x54, 0x90, 0x7A, 0x3F, 0xB2, 0xDC, 0x2A, 0xB8, 0x45, 0x8C, 0x97, 0x22,
    0xB7, 0x00, 0x72, 0xDF, 0xC7, 0x8A, 0x4F, 0x90, 0x0D, 0xDB, 0x8D, 0xA6, 0x68, 0xB7, 0x55, 0x4D,
    0xA5, 0xF7, 0x95, 0x66, 0xE2, 0xE4, 0x35, 0x84, 0xC3, 0xC6, 0x8A, 0x77, 0x71, 0xE4, 0x76, 0x66,
    0x97, 0x18, 0x28, 0x4D, 0xAC, 0xB2, 0x11, 0x81, 0xB5, 0xA8, 0x03, 0x33, 0x4D, 0xA8, 0x2F, 0x50,
    0x45, 0x2A, 0xBD, 0xF9, 0x9C, 0xF5, 0x16, 0x50, 0x9A, 0x6B, 0xD4, 0x48, 0xBB, 0x23, 0x0C, 0xD9,
    0xB8, 0x5D, 0xD4, 0x84, 0x9B, 0x24, 0x50, 0xC6, 0x89, 0xF0, 0x00, 0x00, 0x1B, 0x79, 0x08, 0x50,
    0xE8, 0x15, 0x94, 0x7A, 0x0D, 0x8A, 0x31, 0xC0, 0xC1, 0x2A, 0xE0, 0x51, 0x32, 0x50, 0x06, 0x5F,
    0x56, 0x33, 0x7A, 0x9C, 0xB0, 0x24, 0x43, 0x66, 0x49, 0xFB, 0xE8, 0x54, 0xD1, 0xA5, 0x82, 0x43,
    0x05, 0xE4, 0x5D, 0x31, 0xA3, 0x2D, 0x6B, 0xA4, 0x29, 0xF5, 0x0C, 0x05, 0x45, 0xAD, 0xA0, 0x0C,
    0xA3, 0xAB, 0x38, 0x3A, 0x4D, 0x40, 0xF5, 0x0E, 0x2B, 0xCA, 0x11, 0x48, 0x6E, 0x71, 0x1E, 0xCD,
    0xA4, 0xC9, 0xA6, 0xA6, 0xA3, 0x30, 0x59, 0x8F, 0x42, 0x0C, 0xAC, 0x49, 0xFA, 0x19, 0x1C, 0x32,
    0x01, 0x34, 0xC4, 0x25, 0x03, 0xAA, 0xE3, 0xDC, 0xEC, 0x33, 0x5F, 0x03, 0xDE, 0x02, 0xA5, 0x03,
    0x84, 0x07, 0xF0, 0xF1, 0x9F, 0x22, 0xEA, 0xF2, 0x78, 0xA5, 0xF4, 0x1F, 0xFE, 0xF8, 0x6D, 0xA5,
    0xFF, 0xE6, 0x87, 0x5F, 0x53, 0xFC, 0xD1, 0xB7, 0xB7, 0x1C, 0xEA, 0xED, 0xB2, 0x8F, 0x67, 0x46,
    0xF2, 0xDF, 0xBE, 0x07, 0x32, 0xDC, 0x88, 0x37, 0xAF, 0xED, 0xC7, 0x42, 0xFA, 0x51, 0xCC, 0x70,
    0x2C, 0x11, 0x1A, 0xE6, 0xE8, 0x5D, 0x19, 0x96, 0x2F, 0xF5, 0x3A, 0xB1, 0x57, 0x78, 0x84, 0xBD,
    0x86, 0xC3, 0xEE, 0xCC, 0xE8, 0x5E, 0x4D, 0x1C, 0x87, 0xE7, 0x5F, 0x50, 0x7D, 0x80, 0x5D, 0x90,
    0x75, 0x8B, 0x5D, 0xC9, 0x08, 0xC3, 0x72, 0x87, 0xAD, 0xE3, 0xC4, 0x60, 0xC3, 0x3F, 0x86, 0xC2,
    0x8F, 0x90, 0x85, 0x7D, 0x10, 0x41, 0x32, 0x01, 0x54, 0x3C, 0x5F, 0x41, 0x2C, 0x00, 0x9F, 0xDB,
    0xAB, 0xDE, 0x01, 0x14, 0xC0, 0x7A, 0x69, 0xE8, 0xC2, 0x42, 0x58, 0x06, 0xD1, 0x6C, 0x1A, 0xCE,
    0x07, 0xA6, 0x34, 0x4B, 0xCF, 0xE6, 0x16, 0x10, 0xC3, 0x62, 0x4B, 0x78, 0x80, 0xEA, 0x23, 0x20,
    0xEF, 0x01, 0xE5, 0x67, 0x5E, 0xF5, 0x1D, 0x24, 0x9F, 0xFD, 0xF9, 0x00, 0x84, 0xDD, 0x02, 0xF1,
    0xB1, 0x3B, 0x7F, 0xC4, 0x45, 0x0F, 0x89, 0x6F, 0x41, 0x7C, 0xF7, 0x7D, 0x0B, 0xF2, 0x69, 0x0B,
    0xC5, 0x00, 0x49, 0x53, 0xE7, 0xAD, 0xF4, 0x5A, 0xDA, 0x5F, 0x54, 0x64, 0x16, 0x05, 0x3D, 0x2B,
    0xB0, 0x3C, 0x22, 0xB1, 0x38, 0xD2, 0x6E, 0x46, 0x16, 0xEF, 0x74, 0xDC, 0xF6, 0x5F, 0x1F, 0xF0,
    0xDE, 0xD7, 0xC4, 0xC8, 0x46, 0xA0, 0x38, 0xD6, 0xB0, 0x93, 0xD5, 0x70, 0x20, 0x66, 0xDC, 0x13,
    0x7F, 0xFA, 0x7D, 0xD4, 0xB1, 0xF7, 0x6D, 0xE9, 0xA7, 0xE3, 0x7E, 0xE3, 0x3D, 0x9D, 0x38, 0x72,
    0xB8, 0x87, 0x84, 0x1D, 0x36, 0x03, 0xB6, 0x7E, 0xBD, 0x3E, 0xE0, 0xB5, 0x8F, 0x5B, 0x4B, 0xE9,
    0x3F, 0x6E, 0xD9, 0xDD, 0xF5, 0x9A, 0xE1, 0xD5, 0x03, 0xB2, 0x1E, 0x78, 0x6D, 0x1F, 0x78, 0xF5,
    0x01, 0xC0, 0x01, 0x1B, 0xF1, 0x83, 0xE7, 0xBD, 0x57, 0xF8, 0xB8, 0x98, 0xE5, 0x64, 0x04, 0x17,
    0x22, 0x37, 0x17, 0x2E, 0x9B, 0x35, 0x59, 0x69, 0xA0, 0x89, 0x65, 0x39, 0xFB, 0x66, 0x53, 0x53,
    0x98, 0xFD, 0xA2, 0x45, 0x71, 0x92, 0x5B, 0x46, 0x4E, 0x84, 0x4D, 0x1C, 0x56, 0x58, 0xD1, 0xD3,
    0x89, 0x5E, 0xD8, 0xA4, 0x15, 0x36, 0xEF, 0x52, 0x23, 0xAC, 0x6C, 0x45, 0xA0, 0x11, 0x26, 0xB3,
    0x85, 0x11, 0x75, 0xD6, 0x95, 0x75, 0xA6, 0xF3, 0xB6, 0xD4, 0x79, 0xDC, 0x0D, 0x32, 0x72, 0x33,
    0x5E, 0x49, 0x2E, 0x52, 0xD6, 0x6B, 0xB6, 0x50, 0x9A, 0xC2, 0xFB, 0xC3, 0xE5, 0x96, 0xC4, 0x18,
    0x3B, 0xDC, 0x51, 0x98, 0x40, 0x69, 0x48, 0x06, 0x64, 0x4B, 0xDA, 0x07, 0x2D, 0x2C, 0x45, 0x64,
    0x59, 0x07, 0x56, 0x90, 0x75, 0x89, 0x83, 0xDB, 0x8F, 0xEF, 0x5A, 0x84, 0x0F, 0x76, 0x9E, 0xDC,
    0xF9, 0x10, 0xA0, 0xA8, 0x59, 0x3A, 0xED, 0xE5, 0xD9, 0x69, 0x41, 0x7E, 0xF6, 0x27, 0x88, 0x55,
    0xE4, 0xA3, 0xC8, 0x91, 0xE5, 0x44, 0x44, 0xE5, 0x07, 0x62, 0xFC, 0xB9, 0x06, 0x3E, 0x08, 0x38,
    0x05, 0x36, 0x7C, 0x07, 0xEA, 0xA9, 0x23, 0xF1, 0x5F, 0x9B, 0xC8, 0xFE, 0xFB, 0xB7, 0x56, 0xC8,
    0x1F, 0x5E, 0xBE, 0x4F, 0xF9, 0xAD, 0xCB, 0xAF, 0xA0, 0x5E, 0xFE, 0x02, 0xAC, 0x2F, 0x5E, 0x87,
    0xF1, 0x97, 0xBE, 0x0C, 0xEE, 0xF2, 0x9B, 0x24, 0x0E, 0x48, 0x87, 0x17, 0x10, 0xDF, 0x23, 0x62,
    0x7C, 0xDE, 0xDF, 0xF5, 0xB2, 0x39, 0xD2, 0x11, 0xBE, 0x78, 0xE4, 0x07, 0x94, 0xF7, 0x8E, 0x2A,
    0x60, 0xF9, 0x89, 0xE8, 0x03, 0x03, 0xC9, 0x69, 0xD8, 0x04, 0xFF, 0xA3, 0xB9, 0xEA, 0x7D, 0x47,
    0xEA, 0xF2, 0x61, 0x46, 0xEA, 0x48, 0x87, 0x64, 0x44, 0xF4, 0xCC, 0xB0, 0xB3, 0xCA, 0x6C, 0x68,
    0x16, 0x2B, 0x06, 0x64, 0x97, 0x5B, 0xE4, 0xE3, 0x78, 0xB2, 0x1C, 0xA1, 0xF8, 0xB0, 0xD1, 0x94,
    0x75, 0xA8, 0x62, 0x2D, 0x6D, 0x30, 0x4F, 0x4B, 0xC5, 0x82, 0x35, 0xD2, 0x32, 0x22, 0x5B, 0x5C,
    0xF0, 0x5B, 0x47, 0xA3, 0x2F, 0x4D, 0xC7, 0x73, 0x8A, 0x75, 0x91, 0x97, 0x09, 0xE6, 0x00, 0x5C,
    0x9C, 0xF1, 0xBF, 0x13, 0x0D, 0x75, 0xB0, 0xFF, 0x7F, 0xA1, 0xFE, 0xFF, 0x05, 0x06, 0x06, 0x06,
    0x00, 0xDD, 0x94, 0x21, 0x70, 0xD4, 0x40, 0x18, 0x85, 0xBF, 0x24, 0x43, 0xCB, 0x4C, 0xC4, 0x55,
    0x14, 0x03, 0x22, 0x1E, 0xB3, 0x7E, 0x06, 0x48, 0x8A, 0x17, 0xF5, 0x78, 0x85, 0xC0, 0x0B, 0x2E,
    0xF1, 0xAA, 0xDE, 0x80, 0x40, 0xA1, 0x91, 0x5C, 0x7A, 0x68, 0xCC, 0x19, 0x7C, 0xBD, 0x8A, 0x58,
    0xB1, 0x22, 0xE9, 0x72, 0x6F, 0xFE, 0x7F, 0x32, 0x47, 0x05, 0xC3, 0xE0, 0xE0, 0xCC, 0xCB, 0x5D,
    0xBB, 0xFF, 0xBE, 0xEF, 0xCD, 0xFF, 0x02, 0x70, 0xCD, 0xF3, 0x1B, 0xA0, 0xC9, 0xAF, 0x73, 0x02,
    0xB6, 0xCD, 0xF7, 0xC3, 0x0C, 0xCC, 0xF5, 0x87, 0xE1, 0x2B, 0x94, 0xF1, 0x51, 0xCB, 0x17, 0xA8,
    0x26, 0x5A, 0x80, 0xF3, 0x3B, 0x46, 0x69, 0x7D, 0x60, 0x07, 0x14, 0xEF, 0x72, 0xCE, 0x33, 0x54,
    0x47, 0xD1, 0x71, 0x9A, 0x7D, 0x31, 0x23, 0x1D, 0xCA, 0x24, 0x0D, 0x5D, 0x19, 0xA5, 0xAD, 0x26,
    0x9C, 0x68, 0xAF, 0x49, 0xC0, 0x48, 0x2D, 0x65, 0x61, 0x73, 0x90, 0xCE, 0x6C, 0xF6, 0x27, 0x5A,
    0xA4, 0xE3, 0x24, 0xA0, 0x4C, 0x84, 0x0E, 0xA8, 0xA2, 0xD9, 0x58, 0xED, 0x4C, 0xF4, 0x0F, 0x6C,
    0x2D, 0x80, 0x0E, 0xCF, 0xA6, 0x66, 0x27, 0x0C, 0xBF, 0xDA, 0xD8, 0xE9, 0x3F, 0xE1, 0x6D, 0x3A,
    0xBB, 0xD5, 0xF8, 0xFE, 0xA6, 0x4E, 0xD8, 0xA7, 0xF8, 0xDC, 0x49, 0x9A, 0x9C, 0x24, 0xDB, 0x6A,
    0x91, 0xA4, 0x42, 0x52, 0x4E, 0x44, 0xBB, 0xDB, 0xAF, 0xF4, 0x1B, 0x3D, 0x07, 0x8F, 0xC1, 0x52,
    0x28, 0x93, 0x64, 0xA8, 0x22, 0xCA, 0x40, 0x47, 0x68, 0x39, 0x77, 0xD1, 0xC9, 0xDE, 0x4E, 0x8E,
    0xC6, 0xB9, 0x98, 0xCC, 0x34, 0x2E, 0x83, 0xD8, 0xC5, 0x2C, 0xF4, 0xB6, 0x33, 0x72, 0x07, 0xBF,
    0x12, 0x37, 0x21, 0xA3, 0x49, 0x9B, 0x84, 0x26, 0x15, 0x1D, 0x36, 0xC2, 0x45, 0xC8, 0x18, 0x31,
    0x06, 0x0C, 0xE2, 0x05, 0x84, 0xCB, 0x4A, 0x7B, 0x65, 0xB4, 0xB9, 0x13, 0x6D, 0x99, 0x11, 0x2D,
    0xB7, 0x46, 0xDB, 0xDB, 0x85, 0xA3, 0xD1, 0x2E, 0x46, 0x3B, 0x23, 0xDA, 0xBD, 0xD1, 0x7E, 0xFB,
    0xA7, 0x68, 0xB9, 0xE6, 0xE9, 0x27, 0xE3, 0xBD, 0xCA, 0x79, 0xB0, 0x6D, 0xBF, 0x6B, 0x0F, 0xBE,
    0xEE, 0xCD, 0xDE, 0xF7, 0xBD, 0xE9, 0xEC, 0x6A, 0x30, 0xF2, 0x2D, 0x27, 0x2B, 0x2F, 0x7A, 0x7D,
    0x06, 0xF1, 0xDB, 0x83, 0x6D, 0x7D, 0xDB, 0xF9, 0xDA, 0xB7, 0x96, 0x82, 0x10, 0x7C, 0xE3, 0x7A,
    0x7B, 0xB0, 0x28, 0x7B, 0x0F, 0x93, 0xD1, 0xE2, 0xF4, 0xE5, 0x9F, 0x7D, 0xEB, 0x8B, 0xA4, 0x07,
    0x0B, 0xD5, 0xF6, 0xBF, 0x8C, 0xCA, 0xC5, 0x83, 0xD5, 0x58, 0x4D, 0x32, 0x83, 0x55, 0xBC, 0xB0,
    0x0E, 0x54, 0x79, 0xF2, 0x12, 0xE4, 0xC1, 0x5B, 0x70, 0xB9, 0xD6, 0xC0, 0x7B, 0x70, 0x5A, 0x04,
    0x1F, 0xB2, 0x56, 0xC1, 0xBA, 0xD0, 0x71, 0x5A, 0x06, 0x4F, 0xEC, 0xE3, 0x05, 0x9E, 0x58, 0xF4,
    0xC4, 0xC2, 0xE4, 0x89, 0x6D, 0x26, 0x4F, 0xAC, 0xBE, 0x33, 0x43, 0x9A, 0x25, 0x43, 0x5B, 0x11,
    0xE9, 0xD7, 0x9D, 0x3C, 0xD8, 0x5B, 0xA2, 0xD9, 0xFB, 0x6B, 0x22, 0x78, 0x62, 0x84, 0xFF, 0x30,
    0xB1, 0xF5, 0xFD, 0x31, 0x49, 0x46, 0x4D, 0x93, 0xA7, 0xF7, 0xC8, 0x08, 0xAF, 0x24, 0x8A, 0x07,
    0xDD, 0xBD, 0x5B, 0x1B, 0x75, 0xC4, 0xA9, 0xF3, 0xAC, 0x5B, 0x5B, 0x89, 0xA1, 0x10, 0x1E, 0x34,
    0xAA, 0xFA, 0xE3, 0x46, 0x85, 0xDF, 0x35, 0xAA, 0xEB, 0x94, 0x40, 0x93, 0xF7, 0x9A, 0x54, 0xDF,
    0xA3, 0x49, 0x5C, 0xFF, 0x55, 0xA3, 0x9C, 0x36, 0xE4, 0xA8, 0x2F, 0x8B, 0x61, 0x4E, 0x04, 0xE3,
    0x53, 0x8F, 0xEA, 0x55, 0x5A, 0xFB, 0xB1, 0x87, 0x67, 0x79, 0x3A, 0xCB, 0xF7, 0x8C, 0x6F, 0xE2,
    0x26, 0xDF, 0x17, 0xB1, 0x4C, 0x2C, 0x3A, 0x15, 0x99, 0x25, 0x93, 0x89, 0xFC, 0x57, 0x8B, 0xF6,
    0x8B, 0x42, 0x65, 0x8B, 0xD0, 0x27, 0xFD, 0x81, 0x3A, 0xCB, 0x3F, 0xE4, 0x41, 0x49, 0x10, 0xF6,
    0xF5, 0x81, 0xC7, 0x47, 0xDB, 0x47, 0xE3, 0x2F, 0xA8, 0x25, 0x2F, 0xED, 0x9B, 0x9A, 0xBC, 0x39,
    0x5C, 0x84, 0x1F, 0x23, 0x75, 0x9E, 0xCE, 0x73, 0xA4, 0xCA, 0x03, 0x4F, 0x80, 0x4B, 0x7E, 0x02,
    0x55, 0x8F, 0x81, 0x09, 0xC3, 0x30, 0x0C, 0x04, 0x43, 0x3D, 0x80, 0x06, 0x28, 0x90, 0x11, 0x3C,
    0x82, 0x3D, 0x42, 0x37, 0xCA, 0x64, 0x25, 0x19, 0x41, 0x23, 0x64, 0x04, 0x03, 0x2A, 0xA4, 0x40,
    0x7A, 0xB5, 0xA5, 0x42, 0x89, 0x00, 0x0E, 0x38, 0x9B, 0xFF, 0x9F, 0xFE, 0x97, 0x6A, 0x50, 0x34,
    0x58, 0x2C, 0xC8, 0x19, 0x1A, 0xAA, 0x6B, 0x50, 0xD7, 0x8F, 0xBB, 0x0D, 0x1E, 0xD3, 0xF4, 0x1C,
    0xBA, 0xC9, 0x56, 0x6A, 0xD7, 0x4D, 0xF6, 0x59, 0xBB, 0x3E, 0xE6, 0x26, 0xFD, 0x01, 0xB0, 0xCB,
    0x39, 0x7E, 0xA3, 0x42, 0x15, 0x60, 0xCB, 0x68, 0x01, 0xEA, 0x82, 0x75, 0x9E, 0x37, 0x30, 0x81,
    0x36, 0x83, 0xA6, 0xCE, 0x65, 0x24, 0x81, 0xAD, 0x23, 0xB9, 0xF0, 0x01, 0xF3, 0x58, 0x0F, 0x4E,
    0xBC, 0x57, 0x2F, 0x82, 0x66, 0x2F, 0x56, 0xB6, 0x6C, 0x51, 0x3B, 0xEB, 0x60, 0x7A, 0xAD, 0xF5,
    0xD7, 0xFB, 0xBA, 0x43, 0xF4, 0xB2, 0x33, 0xEE, 0x0B,
};

static const EpdGlyph notoserif_16_italicGlyphs[] = {
    { 0, 0, 0, 0, 0, 0, 0 }, // U+0000
    { 0, 0, 139, 0, 0, 0, 0 }, // U+000D
    { 0, 0, 139, 0, 0, 0, 0 }, // U+0020
    { 9, 25, 178, 2, 24, 57, 0 }, // !
    { 11, 9, 218, 4, 24, 25, 57 }, // "
    { 19, 24, 298, 0, 24, 114, 82 }, // #
    { 18, 29, 298, 0, 26, 131, 196 }, // $
    { 27, 26, 478, 2, 25, 176, 327 }, // %
    { 25, 26, 396, 1, 25, 163, 503 }, // &
    { 5, 9, 117, 4, 24, 12, 666 }, // '
    { 13, 31, 185, 1, 26, 101, 678 }, // (
    { 13, 31, 185, -2, 26, 101, 779 }, // )
    { 15, 14, 267, 3, 26, 53, 880 }, // *
    { 15, 16, 298, 2, 20, 60, 933 }, // +
    { 7, 10, 133, -1, 5, 18, 993 }, // ,
    { 10, 4, 165, 0, 11, 10, 1011 }, // -
    { 6, 6, 133, 0, 5, 9, 1021 }, // .
    { 17, 31, 154, -4, 26, 132, 1030 }, // /
    { 17, 26, 298, 1, 25, 111, 1162 }, // 0
    { 14, 24, 245, -1, 24, 84, 1273 }, // 1
    { 18, 25, 298, -1, 25, 113, 1357 }, // 2
    { 19, 26, 298, -1, 25, 124, 1470 }, // 3
    { 19, 24, 298, -1, 24, 114, 1594 }, // 4
    { 18, 25, 298, 0, 24, 113, 1708 }, // 5
    { 17, 26, 298, 2, 25, 111, 1821 }, // 6
    { 18, 24, 298, 2, 24, 108, 1932 }, // 7
    { 18, 26, 298, 0, 25, 117, 2040 }, // 8
    { 17, 26, 298, 1, 25, 111, 2157 }, // 9
    { 8, 19, 153, 1, 18, 38, 2268 }, // :
    { 10, 23, 153, -1, 18, 58, 2306 }, // ;
    { 15, 18, 298, 2, 21, 68, 2364 }, // <
    { 15, 10, 298, 2, 17, 38, 2432 }, // =
    { 15, 18, 298, 2, 21, 68, 2470 }, // >
    { 14, 26, 267, 4, 25, 91, 2538 }, // ?
    { 27, 29, 491, 2, 24, 196, 2629 }, // @
    { 24, 24, 376, -2, 24, 144, 2825 }, // A
    { 22, 24, 349, -1, 24, 132, 2969 }, // B
    { 21, 26, 334, 1, 25, 137, 3101 }, // C
    { 25, 24, 387, -1, 24, 150, 3238 }, // D
    { 23, 24, 332, -1, 24, 138, 3388 }, // E
    { 23, 24, 315, -1, 24, 138, 3526 }, // F
    { 23, 26, 381, 1, 25, 150, 3664 }, // G
    { 30, 24, 423, -1, 24, 180, 3814 }, // H
    { 16, 24, 196, -1, 24, 96, 3994 }, // I
    { 20, 32, 190, -6, 24, 160, 4090 }, // J
    { 27, 24, 373, -1, 24, 162, 4250 }, // K
    { 20, 24, 332, -1, 24, 120, 4412 }, // L
    { 35, 24, 500, -1, 24, 210, 4532 }, // M
    { 29, 24, 407, -1, 24, 174, 4742 }, // N
    { 23, 26, 396, 1, 25, 150, 4916 }, // O
    { 22, 24, 331, -1, 24, 132, 5066 }, // P
    { 23, 33, 396, 1, 25, 190, 5198 }, // Q
    { 22, 24, 354, -1, 24, 132, 5388 }, // R
    { 19, 26, 290, 0, 25, 124, 5520 }, // S
    { 21, 24, 327, 2, 24, 126, 5644 }, // T
    { 24, 25, 389, 3, 24, 150, 5770 }, // U
    { 24, 24, 360, 2, 24, 144, 5920 }, // V
    { 36, 24, 557, 2, 24, 216, 6064 }, // W
    { 27, 24, 352, -2, 24, 162, 6280 }, // X
    { 22, 24, 333, 2, 24, 132, 6442 }, // Y
    { 23, 24, 323, -1, 24, 138, 6574 }, // Z
    { 14, 31, 192, 0, 26, 109, 6712 }, // [
    { 5, 31, 154, 3, 26, 39, 6821 }, // <backslash>
    { 15, 31, 192, -2, 26, 117, 6860 }, // ]
    { 16, 16, 298, 1, 24, 64, 6977 }, // ^
    { 17, 3, 245, -4, -2, 13, 7041 }, // _
    { 7, 6, 149, 4, 26, 11, 7054 }, // `
    { 19, 20, 309, 1, 19, 95, 7065 }, // a
    { 18, 27, 300, 0, 26, 122, 7160 }, // b
    { 16, 20, 260, 1, 19, 80, 7282 }, // c
    { 19, 27, 309, 1, 26, 129, 7362 }, // d
    { 15, 20, 263, 1, 19, 75, 7491 }, // e
    { 22, 34, 170, -5, 26, 187, 7566 }, // f
    { 22, 28, 296, -2, 20, 154, 7753 }, // g
    { 19, 27, 319, 1, 26, 129, 7907 }, // h
    { 8, 27, 162, 2, 26, 54, 8036 }, // i
    { 15, 34, 155, -5, 26, 128, 8090 }, // j
    { 19, 27, 303, 1, 26, 129, 8218 }, // k
    { 8, 27, 162, 2, 26, 54, 8347 }, // l
    { 29, 20, 478, 1, 19, 145, 8401 }, // m
    { 19, 20, 319, 1, 19, 95, 8546 }, // n
    { 17, 20, 306, 1, 19, 85, 8641 }, // o
    { 19, 27, 308, -1, 19, 129, 8726 }, // p
    { 17, 27, 299, 1, 19, 115, 8855 }, // q
    { 15, 19, 250, 1, 19, 72, 8970 }, // r
    { 15, 20, 247, 0, 19, 75, 9042 }, // s
    { 11, 23, 196, 2, 22, 64, 9117 }, // t
    { 19, 19, 319, 1, 18, 91, 9181 }, // u
    { 17, 20, 287, 0, 19, 85, 9272 }, // v
    { 26, 20, 437, 1, 19, 130, 9357 }, // w
    { 20, 18, 291, -1, 18, 90, 9487 }, // x
    { 23, 27, 282, -6, 19, 156, 9577 }, // y
    { 17, 18, 272, -1, 18, 77, 9733 }, // z
    { 15, 31, 228, 2, 26, 117, 9810 }, // {
    { 3, 34, 298, 8, 26, 26, 9927 }, // |
    { 15, 31, 228, -2, 26, 117, 9953 }, // }
    { 16, 7, 298, 1, 15, 28, 10070 }, // ~
    { 0, 0, 139, 0, 0, 0, 0 }, // U+00A0
    { 9, 25, 178, 0, 19, 57, 0 }, // U+00A1
    { 16, 24, 298, 2, 24, 96, 57 }, // U+00A2
    { 20, 26, 298, -1, 25, 130, 153 }, // U+00A3
    { 15, 16, 298, 2, 20, 60, 283 }, // U+00A4
    { 20, 24, 298, 2, 24, 120, 343 }, // U+00A5
    { 3, 34, 298, 8, 26, 26, 463 }, // U+00A6
    { 18, 30, 290, 0, 26, 135, 489 }, // U+00A7
    { 11, 4, 308, 6, 25, 11, 624 }, // U+00A8
    { 26, 26, 451, 1, 25, 169, 635 }, // U+00A9
    { 12, 12, 210, 2, 24, 36, 804 }, // U+00AA
    { 15, 14, 274, 2, 16, 53, 840 }, // U+00AB
    { 15, 9, 298, 2, 13, 34, 893 }, // U+00AC
    { 10, 4, 165, 0, 11, 10, 927 }, // U+00AD
    { 26, 26, 451, 1, 25, 169, 937 }, // U+00AE
    { 17, 3, 245, 3, 28, 13, 1106 }, // U+00AF
    { 11, 11, 213, 4, 25, 31, 1119 }, // U+00B0
    { 15, 20, 298, 2, 20, 75, 1150 }, // U+00B1
    { 13, 16, 213, 1, 28, 52, 1225 }, // U+00B2
    { 13, 16, 213, 2, 28, 52, 1277 }, // U+00B3
    { 8, 6, 140, 3, 26, 12, 1329 }, // U+00B4
    { 20, 26, 322, -1, 18, 130, 1341 }, // U+00B5
    { 19, 30, 329, 1, 26, 143, 1471 }, // U+00B6
    { 6, 6, 153, 2, 15, 9, 1614 }, // U+00B7
    { 8, 9, 178, 1, 1, 18, 1623 }, // U+00B8
    { 10, 16, 213, 2, 28, 40, 1641 }, // U+00B9
    { 12, 12, 212, 2, 24, 36, 1681 }, // U+00BA
    { 16, 14, 274, 0, 16, 56, 1717 }, // U+00BB
    { 26, 26, 465, 2, 25, 169, 1773 }, // U+00BC
    { 26, 26, 465, 2, 25, 169, 1942 }, // U+00BD
    { 26, 26, 465, 2, 25, 169, 2111 }, // U+00BE
    { 14, 26, 267, 0, 19, 91, 2280 }, // U+00BF
    { 24, 32, 376, -2, 32, 192, 2371 }, // U+00C0
    { 24, 32, 376, -2, 32, 192, 2563 }, // U+00C1
    { 24, 32, 376, -2, 32, 192, 2755 }, // U+00C2
    { 25, 31, 376, -2, 31, 194, 2947 }, // U+00C3
    { 24, 31, 376, -2, 31, 186, 3141 }, // U+00C4
    { 24, 30, 376, -2, 30, 180, 3327 }, // U+00C5
    { 35, 24, 507, -2, 24, 210, 3507 }, // U+00C6
    { 21, 33, 334, 1, 25, 174, 3717 }, // U+00C7
    { 23, 32, 332, -1, 32, 184, 3891 }, // U+00C8
    { 23, 32, 332, -1, 32, 184, 4075 }, // U+00C9
    { 23, 32, 332, -1, 32, 184, 4259 }, // U+00CA
    { 23, 31, 332, -1, 31, 179, 4443 }, // U+00CB
    { 16, 32, 196, -1, 32, 128, 4622 }, // U+00CC
    { 16, 32, 196, -1, 32, 128, 4750 }, // U+00CD
    { 16, 32, 196, -1, 32, 128, 4878 }, // U+00CE
    { 16, 31, 196, -1, 31, 124, 5006 }, // U+00CF
    { 25, 24, 387, -1, 24, 150, 5130 }, // U+00D0
    { 29, 31, 407, -1, 31, 225, 5280 }, // U+00D1
    { 23, 33, 396, 1, 32, 190, 5505 }, // U+00D2
    { 23, 33, 396, 1, 32, 190, 5695 }, // U+00D3
    { 23, 33, 396, 1, 32, 190, 5885 }, // U+00D4
    { 23, 32, 396, 1, 31, 184, 6075 }, // U+00D5
    { 23, 32, 396, 1, 31, 184, 6259 }, // U+00D6
    { 15, 14, 298, 2, 19, 53, 6443 }, // U+00D7
    { 23, 28, 396, 1, 26, 161, 6496 }, // U+00D8
    { 24, 33, 389, 3, 32, 198, 6657 }, // U+00D9
    { 24, 33, 389, 3, 32, 198, 6855 }, // U+00DA
    { 24, 33, 389, 3, 32, 198, 7053 }, // U+00DB
    { 24, 32, 389, 3, 31, 192, 7251 }, // U+00DC
    { 22, 32, 333, 2, 32, 176, 7443 }, // U+00DD
    { 21, 24, 322, -1, 24, 126, 7619 }, // U+00DE
    { 25, 34, 334, -5, 26, 213, 7745 }, // U+00DF
    { 19, 27, 309, 1, 26, 129, 7958 }, // U+00E0
    { 19, 27, 309, 1, 26, 129, 8087 }, // U+00E1
    { 19, 27, 309, 1, 26, 129, 8216 }, // U+00E2
    { 19, 26, 309, 1, 25, 124, 8345 }, // U+00E3
    { 19, 26, 309, 1, 25, 124, 8469 }, // U+00E4
    { 19, 29, 309, 1, 28, 138, 8593 }, // U+00E5
    { 26, 20, 434, 1, 19, 130, 8731 }, // U+00E6
    { 16, 27, 260, 1, 19, 108, 8861 }, // U+00E7
    { 15, 27, 263, 1, 26, 102, 8969 }, // U+00E8
    { 17, 27, 263, 1, 26, 115, 9071 }, // U+00E9
    { 16, 27, 263, 1, 26, 108, 9186 }, // U+00EA
    { 16, 26, 263, 1, 25, 104, 9294 }, // U+00EB
    { 8, 27, 162, 2, 26, 54, 9398 }, // U+00EC
    { 11, 27, 162, 2, 26, 75, 9452 }, // U+00ED
    { 11, 27, 162, 1, 26, 75, 9527 }, // U+00EE
    { 11, 26, 162, 1, 25, 72, 9602 }, // U+00EF
    { 17, 27, 306, 1, 26, 115, 9674 }, // U+00F0
    { 19, 26, 319, 1, 25, 124, 9789 }, // U+00F1
    { 17, 27, 306, 1, 26, 115, 9913 }, // U+00F2
    { 17, 27, 306, 1, 26, 115, 10028 }, // U+00F3
    { 17, 27, 306, 1, 26, 115, 10143 }, // U+00F4
    { 18, 26, 306, 1, 25, 117, 10258 }, // U+00F5
    { 17, 26, 306, 1, 25, 111, 10375 }, // U+00F6
    { 15, 18, 298, 2, 21, 68, 10486 }, // U+00F7
    { 20, 22, 306, 0, 20, 110, 10554 }, // U+00F8
    { 19, 27, 319, 1, 26, 129, 10664 }, // U+00F9
    { 19, 27, 319, 1, 26, 129, 10793 }, // U+00FA
    { 19, 27, 319, 1, 26, 129, 10922 }, // U+00FB
    { 19, 26, 319, 1, 25, 124, 11051 }, // U+00FC
    { 23, 34, 282, -6, 26, 196, 11175 }, // U+00FD
    { 19, 34, 300, -1, 26, 162, 11371 }, // U+00FE
    { 23, 33, 282, -6, 25, 190, 11533 }, // U+00FF
    { 24, 29, 376, -2, 29, 174, 0 }, // U+0100
    { 19, 24, 309, 1, 23, 114, 174 }, // U+0101
    { 24, 31, 376, -2, 31, 186, 288 }, // U+0102
    { 19, 26, 309, 1, 25, 124, 474 }, // U+0103
    { 24, 32, 376, -2, 24, 192, 598 }, // U+0104
    { 19, 27, 309, 1, 19, 129, 790 }, // U+0105
    { 21, 33, 334, 1, 32, 174, 919 }, // U+0106
    { 17, 27, 260, 1, 26, 115, 1093 }, // U+0107
    { 21, 33, 334, 1, 32, 174, 1208 }, // U+0108
    { 16, 27, 260, 1, 26, 108, 1382 }, // U+0109
    { 21, 33, 334, 1, 32, 174, 1490 }, // U+010A
    { 16, 27, 260, 1, 26, 108, 1664 }, // U+010B
    { 24, 33, 334, 1, 32, 198, 1772 }, // U+010C
    { 19, 27, 260, 1, 26, 129, 1970 }, // U+010D
    { 25, 32, 387, -1, 32, 200, 2099 }, // U+010E
    { 24, 27, 309, 1, 26, 162, 2299 }, // U+010F
    { 25, 24, 387, -1, 24, 150, 2461 }, // U+0110
    { 21, 27, 308, 1, 26, 142, 2611 }, // U+0111
    { 23, 29, 332, -1, 29, 167, 2753 }, // U+0112
    { 16, 24, 263, 1, 23, 96, 2920 }, // U+0113
    { 23, 31, 332, -1, 31, 179, 3016 }, // U+0114
    { 16, 26, 263, 1, 25, 104, 3195 }, // U+0115
    { 23, 31, 332, -1, 31, 179, 3299 }, // U+0116
    { 15, 27, 263, 1, 26, 102, 3478 }, // U+0117
    { 23, 32, 332, -1, 24, 184, 3580 }, // U+0118
    { 15, 26, 263, 1, 19, 98, 3764 }, // U+0119
    { 23, 32, 332, -1, 32, 184, 3862 }, // U+011A
    { 19, 27, 263, 1, 26, 129, 4046 }, // U+011B
    { 23, 33, 381, 1, 32, 190, 4175 }, // U+011C
    { 22, 34, 296, -2, 26, 187, 4365 }, // U+011D
    { 23, 32, 381, 1, 31, 184, 4552 }, // U+011E
    { 22, 33, 296, -2, 25, 182, 4736 }, // U+011F
    { 23, 33, 381, 1, 32, 190, 4918 }, // U+0120
    { 22, 34, 296, -2, 26, 187, 5108 }, // U+0121
    { 23, 33, 381, 1, 25, 190, 5295 }, // U+0122
    { 22, 34, 296, -2, 26, 187, 5485 }, // U+0123
    { 30, 32, 423, -1, 32, 240, 5672 }, // U+0124
    { 19, 33, 319, 1, 32, 157, 5912 }, // U+0125
    { 30, 24, 423, -1, 24, 180, 6069 }, // U+0126
    { 19, 27, 319, 1, 26, 129, 6249 }, // U+0127
    { 18, 31, 196, -1, 31, 140, 6378 }, // U+0128
    { 14, 26, 162, 0, 25, 91, 6518 }, // U+0129
    { 16, 29, 196, -1, 29, 116, 6609 }, // U+012A
    { 11, 24, 162, 1, 23, 66, 6725 }, // U+012B
    { 16, 31, 196, -1, 31, 124, 6791 }, // U+012C
    { 10, 26, 162, 2, 25, 65, 6915 }, // U+012D
    { 16, 32, 196, -1, 24, 128, 6980 }, // U+012E
    { 10, 34, 162, 0, 26, 85, 7108 }, // U+012F
    { 16, 32, 196, -1, 32, 128, 7193 }, // U+0130
    { 8, 19, 162, 2, 18, 38, 7321 }, // U+0131
    { 28, 32, 386, -1, 24, 224, 7359 }, // U+0132
    { 18, 34, 317, 2, 26, 153, 7583 }, // U+0133
    { 21, 40, 190, -6, 32, 210, 7736 }, // U+0134
    { 17, 34, 155, -5, 26, 145, 7946 }, // U+0135
    { 27, 32, 373, -1, 24, 216, 8091 }, // U+0136
    { 19, 34, 303, 1, 26, 162, 8307 }, // U+0137
    { 19, 19, 303, 1, 18, 91, 8469 }, // U+0138
    { 20, 32, 332, -1, 32, 160, 8560 }, // U+0139
    { 13, 33, 162, 2, 32, 108, 8720 }, // U+013A
    { 20, 32, 332, -1, 24, 160, 8828 }, // U+013B
    { 11, 34, 162, -1, 26, 94, 8988 }, // U+013C
    { 21, 24, 332, -1, 24, 126, 9082 }, // U+013D
    { 14, 27, 162, 2, 26, 95, 9208 }, // U+013E
    { 20, 24, 332, -1, 24, 120, 9303 }, // U+013F
    { 12, 27, 210, 2, 26, 81, 9423 }, // U+0140
    { 20, 24, 332, -1, 24, 120, 9504 }, // U+0141
    { 11, 27, 173, 0, 26, 75, 9624 }, // U+0142
    { 29, 32, 407, -1, 32, 232, 9699 }, // U+0143
    { 19, 27, 319, 1, 26, 129, 9931 }, // U+0144
    { 29, 32, 407, -1, 24, 232, 10060 }, // U+0145
    { 19, 27, 319, 1, 19, 129, 10292 }, // U+0146
    { 29, 32, 407, -1, 32, 232, 10421 }, // U+0147
    { 19, 27, 319, 1, 26, 129, 10653 }, // U+0148
    { 25, 25, 411, 1, 24, 157, 10782 }, // U+0149
    { 29, 32, 407, -1, 24, 232, 10939 }, // U+014A
    { 17, 27, 300, 1, 19, 115, 11171 }, // U+014B
    { 23, 30, 396, 1, 29, 173, 11286 }, // U+014C
    { 17, 24, 306, 1, 23, 102, 11459 }, // U+014D
    { 23, 32, 396, 1, 31, 184, 11561 }, // U+014E
    { 17, 26, 306, 1, 25, 111, 11745 }, // U+014F
    { 24, 33, 396, 1, 32, 198, 11856 }, // U+0150
    { 20, 27, 306, 1, 26, 135, 12054 }, // U+0151
    { 32, 26, 513, 1, 25, 208, 12189 }, // U+0152
    { 28, 20, 460, 1, 19, 140, 12397 }, // U+0153
    { 22, 32, 354, -1, 32, 176, 12537 }, // U+0154
    { 15, 26, 250, 1, 26, 98, 12713 }, // U+0155
    { 22, 32, 354, -1, 24, 176, 12811 }, // U+0156
    { 17, 27, 250, -1, 19, 115, 12987 }, // U+0157
    { 23, 32, 354, -1, 32, 184, 13102 }, // U+0158
    { 17, 26, 250, 1, 26, 111, 13286 }, // U+0159
    { 19, 33, 290, 0, 32, 157, 13397 }, // U+015A
    { 17, 27, 247, 0, 26, 115, 13554 }, // U+015B
    { 19, 33, 290, 0, 32, 157, 13669 }, // U+015C
    { 15, 27, 247, 0, 26, 102, 13826 }, // U+015D
    { 19, 33, 290, 0, 25, 157, 13928 }, // U+015E
    { 15, 27, 247, 0, 19, 102, 14085 }, // U+015F
    { 21, 33, 290, 0, 32, 174, 14187 }, // U+0160
    { 17, 27, 247, 0, 26, 115, 14361 }, // U+0161
    { 21, 32, 327, 2, 24, 168, 14476 }, // U+0162
    { 13, 30, 196, 0, 22, 98, 14644 }, // U+0163
    { 21, 32, 327, 2, 32, 168, 14742 }, // U+0164
    { 14, 27, 196, 2, 26, 95, 14910 }, // U+0165
    { 21, 24, 327, 2, 24, 126, 15005 }, // U+0166
    { 12, 23, 196, 1, 22, 69, 15131 }, // U+0167
    { 24, 32, 389, 3, 31, 192, 15200 }, // U+0168
    { 19, 26, 319, 1, 25, 124, 15392 }, // U+0169
    { 24, 30, 389, 3, 29, 180, 15516 }, // U+016A
    { 19, 24, 319, 1, 23, 114, 15696 }, // U+016B
    { 24, 32, 389, 3, 31, 192, 15810 }, // U+016C
    { 19, 26, 319, 1, 25, 124, 16002 }, // U+016D
    { 24, 35, 389, 3, 34, 210, 16126 }, // U+016E
    { 19, 29, 319, 1, 28, 138, 16336 }, // U+016F
    { 24, 33, 389, 3, 32, 198, 16474 }, // U+0170
    { 20, 27, 319, 1, 26, 135, 16672 }, // U+0171
    { 24, 32, 389, 3, 24, 192, 16807 }, // U+0172
    { 19, 26, 319, 1, 18, 124, 16999 }, // U+0173
    { 36, 32, 557, 2, 32, 288, 17123 }, // U+0174
    { 26, 27, 437, 1, 26, 176, 17411 }, // U+0175
    { 22, 32, 333, 2, 32, 176, 17587 }, // U+0176
    { 23, 34, 282, -6, 26, 196, 17763 }, // U+0177
    { 22, 31, 333, 2, 31, 171, 17959 }, // U+0178
    { 23, 32, 323, -1, 32, 184, 18130 }, // U+0179
    { 17, 26, 272, -1, 26, 111, 18314 }, // U+017A
    { 23, 32, 323, -1, 32, 184, 18425 }, // U+017B
    { 17, 26, 272, -1, 26, 111, 18609 }, // U+017C
    { 23, 32, 323, -1, 32, 184, 18720 }, // U+017D
    { 20, 26, 272, -1, 26, 130, 18904 }, // U+017E
    { 22, 34, 160, -5, 26, 187, 19034 }, // U+017F
    { 28, 27, 415, 1, 26, 189, 0 }, // U+01A0
    { 22, 22, 324, 1, 21, 121, 189 }, // U+01A1
    { 26, 27, 415, 3, 26, 176, 310 }, // U+01AF
    { 23, 22, 348, 1, 21, 127, 486 }, // U+01B0
    { 47, 32, 709, -1, 32, 376, 613 }, // U+01C4
    { 44, 26, 659, -1, 26, 286, 989 }, // U+01C5
    { 37, 27, 581, 1, 26, 250, 1275 }, // U+01C6
    { 36, 32, 523, -1, 24, 288, 1525 }, // U+01C7
    { 32, 34, 487, -1, 26, 272, 1813 }, // U+01C8
    { 18, 34, 317, 2, 26, 153, 2085 }, // U+01C9
    { 41, 32, 597, -1, 24, 328, 2238 }, // U+01CA
    { 36, 34, 562, -1, 26, 306, 2566 }, // U+01CB
    { 29, 34, 475, 1, 26, 247, 2872 }, // U+01CC
    { 26, 32, 376, -2, 32, 208, 3119 }, // U+01CD
    { 19, 27, 309, 1, 26, 129, 3327 }, // U+01CE
    { 19, 32, 196, -1, 32, 152, 3456 }, // U+01CF
    { 14, 27, 162, 2, 26, 95, 3608 }, // U+01D0
    { 23, 33, 396, 1, 32, 190, 3703 }, // U+01D1
    { 19, 27, 306, 1, 26, 129, 3893 }, // U+01D2
    { 24, 33, 389, 3, 32, 198, 4022 }, // U+01D3
    { 20, 27, 319, 1, 26, 135, 4220 }, // U+01D4
    { 24, 35, 389, 3, 34, 210, 4355 }, // U+01D5
    { 19, 29, 319, 1, 28, 138, 4565 }, // U+01D6
    { 24, 36, 389, 3, 35, 216, 4703 }, // U+01D7
    { 19, 31, 319, 1, 30, 148, 4919 }, // U+01D8
    { 24, 36, 389, 3, 35, 216, 5067 }, // U+01D9
    { 19, 31, 319, 1, 30, 148, 5283 }, // U+01DA
    { 24, 36, 389, 3, 35, 216, 5431 }, // U+01DB
    { 19, 31, 319, 1, 30, 148, 5647 }, // U+01DC
    { 15, 20, 263, 0, 19, 75, 5795 }, // U+01DD
    { 24, 34, 376, -2, 34, 204, 5870 }, // U+01DE
    { 19, 29, 309, 1, 28, 138, 6074 }, // U+01DF
    { 24, 34, 376, -2, 34, 204, 6212 }, // U+01E0
    { 19, 29, 309, 1, 28, 138, 6416 }, // U+01E1
    { 35, 29, 507, -2, 29, 254, 6554 }, // U+01E2
    { 26, 24, 434, 1, 23, 156, 6808 }, // U+01E3
    { 23, 26, 381, 1, 25, 150, 6964 }, // U+01E4
    { 22, 28, 296, -2, 20, 154, 7114 }, // U+01E5
    { 24, 33, 381, 1, 32, 198, 7268 }, // U+01E6
    { 22, 34, 296, -2, 26, 187, 7466 }, // U+01E7
    { 27, 32, 373, -1, 32, 216, 7653 }, // U+01E8
    { 21, 33, 303, 1, 32, 174, 7869 }, // U+01E9
    { 23, 33, 396, 1, 25, 190, 8043 }, // U+01EA
    { 17, 27, 306, 1, 19, 115, 8233 }, // U+01EB
    { 23, 37, 396, 1, 29, 213, 8348 }, // U+01EC
    { 17, 31, 306, 1, 23, 132, 8561 }, // U+01ED
    { 22, 33, 322, 0, 32, 182, 8693 }, // U+01EE
    { 21, 34, 292, -2, 26, 179, 8875 }, // U+01EF
    { 20, 34, 155, -5, 26, 170, 9054 }, // U+01F0
    { 47, 24, 709, -1, 24, 282, 9224 }, // U+01F1
    { 41, 24, 659, -1, 24, 246, 9506 }, // U+01F2
    { 35, 27, 581, 1, 26, 237, 9752 }, // U+01F3
    { 23, 33, 381, 1, 32, 190, 9989 }, // U+01F4
    { 22, 34, 296, -2, 26, 187, 10179 }, // U+01F5
    { 37, 25, 554, -1, 24, 232, 10366 }, // U+01F6
    { 27, 33, 394, -3, 25, 223, 10598 }, // U+01F7
    { 29, 32, 407, -1, 32, 232, 10821 }, // U+01F8
    { 19, 27, 319, 1, 26, 129, 11053 }, // U+01F9
    { 24, 32, 376, -2, 32, 192, 11182 }, // U+01FA
    { 19, 34, 309, 1, 33, 162, 11374 }, // U+01FB
    { 35, 32, 507, -2, 32, 280, 11536 }, // U+01FC
    { 26, 27, 434, 1, 26, 176, 11816 }, // U+01FD
    { 23, 34, 396, 1, 32, 196, 11992 }, // U+01FE
    { 20, 28, 306, 0, 26, 140, 12188 }, // U+01FF
    { 24, 32, 376, -2, 32, 192, 12328 }, // U+0200
    { 19, 27, 309, 1, 26, 129, 12520 }, // U+0201
    { 24, 31, 376, -2, 31, 186, 12649 }, // U+0202
    { 19, 26, 309, 1, 25, 124, 12835 }, // U+0203
    { 23, 32, 332, -1, 32, 184, 12959 }, // U+0204
    { 15, 27, 263, 1, 26, 102, 13143 }, // U+0205
    { 23, 31, 332, -1, 31, 179, 13245 }, // U+0206
    { 16, 26, 263, 1, 25, 104, 13424 }, // U+0207
    { 16, 32, 196, -1, 32, 128, 13528 }, // U+0208
    { 13, 27, 162, -2, 26, 88, 13656 }, // U+0209
    { 17, 31, 196, -1, 31, 132, 13744 }, // U+020A
    { 11, 26, 162, 2, 25, 72, 13876 }, // U+020B
    { 23, 33, 396, 1, 32, 190, 13948 }, // U+020C
    { 17, 27, 306, 1, 26, 115, 14138 }, // U+020D
    { 23, 32, 396, 1, 31, 184, 14253 }, // U+020E
    { 17, 26, 306, 1, 25, 111, 14437 }, // U+020F
    { 22, 32, 354, -1, 32, 176, 14548 }, // U+0210
    { 15, 26, 250, 1, 26, 98, 14724 }, // U+0211
    { 22, 31, 354, -1, 31, 171, 14822 }, // U+0212
    { 15, 25, 250, 1, 25, 94, 14993 }, // U+0213
    { 24, 33, 389, 3, 32, 198, 15087 }, // U+0214
    { 19, 27, 319, 1, 26, 129, 15285 }, // U+0215
    { 24, 32, 389, 3, 31, 192, 15414 }, // U+0216
    { 19, 26, 319, 1, 25, 124, 15606 }, // U+0217
    { 19, 33, 290, 0, 25, 157, 15730 }, // U+0218
    { 15, 27, 247, 0, 19, 102, 15887 }, // U+0219
    { 21, 32, 327, 2, 24, 168, 15989 }, // U+021A
    { 13, 30, 196, 0, 22, 98, 16157 }, // U+021B
    { 21, 31, 322, -1, 25, 163, 16255 }, // U+021C
    { 18, 27, 251, -3, 19, 122, 16418 }, // U+021D
    { 30, 32, 423, -1, 32, 240, 16540 }, // U+021E
    { 21, 33, 319, 1, 32, 174, 16780 }, // U+021F
    { 7, 6, 0, -13, 26, 11, 0 }, // U+0300
    { 8, 6, 0, -8, 26, 12, 11 }, // U+0301
    { 11, 6, 0, -3, 26, 17, 23 }, // U+0302
    { 14, 5, 0, -15, 25, 18, 40 }, // U+0303
    { 11, 3, 0, -3, 23, 9, 58 }, // U+0304
    { 11, 3, 0, -2, 28, 9, 67 }, // U+0305
    { 11, 5, 0, -2, 25, 14, 76 }, // U+0306
    { 5, 5, 0, 1, 26, 7, 90 }, // U+0307
    { 11, 4, 0, -3, 25, 11, 97 }, // U+0308
    { 8, 9, 0, -12, 28, 18, 108 }, // U+0309
    { 9, 9, 0, -2, 28, 21, 126 }, // U+030A
    { 14, 6, 0, -2, 26, 21, 147 }, // U+030B
    { 10, 6, 0, 1, 26, 15, 168 }, // U+030C
    { 4, 7, 0, 1, 26, 7, 183 }, // U+030D
    { 9, 7, 0, -2, 26, 16, 190 }, // U+030E
    { 13, 6, 0, -14, 26, 20, 206 }, // U+030F
    { 10, 9, 0, -2, 29, 23, 226 }, // U+0310
    { 11, 5, 0, -3, 25, 14, 249 }, // U+0311
    { 7, 10, 0, -1, 24, 18, 263 }, // U+0312
    { 7, 10, 0, -2, 24, 18, 281 }, // U+0313
    { 6, 10, 0, 0, 24, 15, 299 }, // U+0314
    { 7, 10, 0, -2, 24, 18, 314 }, // U+0315
    { 7, 6, 0, -6, -2, 11, 332 }, // U+0316
    { 8, 6, 0, -7, -2, 12, 343 }, // U+0317
    { 7, 7, 0, -5, -1, 13, 355 }, // U+0318
    { 7, 7, 0, -6, -1, 13, 368 }, // U+0319
    { 9, 9, 166, 3, 26, 21, 381 }, // U+031A
    { 6, 8, 0, -2, 26, 12, 402 }, // U+031B
    { 6, 8, 0, -5, 0, 12, 414 }, // U+031C
    { 8, 6, 0, -7, -1, 12, 426 }, // U+031D
    { 8, 6, 0, -6, -1, 12, 438 }, // U+031E
    { 7, 7, 0, -6, -1, 13, 450 }, // U+031F
    { 8, 2, 0, -7, -3, 4, 463 }, // U+0320
    { 8, 9, 0, -7, 2, 18, 467 }, // U+0321
    { 7, 9, 0, -3, 2, 16, 485 }, // U+0322
    { 5, 6, 0, -15, -1, 8, 501 }, // U+0323
    { 11, 4, 0, -8, -2, 11, 509 }, // U+0324
    { 9, 9, 0, -7, 0, 21, 520 }, // U+0325
    { 6, 6, 0, -6, -2, 9, 541 }, // U+0326
    { 9, 9, 0, -6, 1, 21, 550 }, // U+0327
    { 8, 8, 0, -6, 0, 16, 571 }, // U+0328
    { 4, 7, 0, -5, -1, 7, 587 }, // U+0329
    { 14, 6, 0, -10, -2, 21, 594 }, // U+032A
    { 12, 5, 0, -8, -2, 15, 615 }, // U+032B
    { 11, 6, 0, -6, -2, 17, 630 }, // U+032C
    { 11, 6, 0, -9, -1, 17, 647 }, // U+032D
    { 11, 5, 0, -8, -2, 14, 664 }, // U+032E
    { 10, 5, 0, -8, -2, 13, 678 }, // U+032F
    { 14, 5, 0, -10, -1, 18, 691 }, // U+0330
    { 11, 3, 0, -8, -2, 9, 709 }, // U+0331
    { 15, 3, 0, -17, -2, 12, 718 }, // U+0332
    { 16, 6, 0, -18, -2, 24, 730 }, // U+0333
    { 14, 5, 0, -7, 12, 18, 754 }, // U+0334
    { 13, 3, 0, -6, 11, 10, 772 }, // U+0335
    { 22, 3, 0, -11, 11, 17, 782 }, // U+0336
    { 13, 9, 0, -6, 14, 30, 799 }, // U+0337
    { 20, 29, 0, -9, 26, 145, 829 }, // U+0338
    { 6, 8, 0, -6, 0, 12, 974 }, // U+0339
    { 14, 6, 0, -10, -2, 21, 986 }, // U+033A
    { 14, 7, 0, -10, -1, 25, 1007 }, // U+033B
    { 12, 5, 0, -9, -2, 15, 1032 }, // U+033C
    { 7, 6, 0, -1, 25, 11, 1047 }, // U+033D
    { 6, 11, 0, 0, 30, 17, 1058 }, // U+033E
    { 16, 7, 0, -4, 32, 28, 1075 }, // U+033F
    { 7, 6, 0, -1, 26, 11, 1103 }, // U+0340
    { 9, 6, 0, -1, 26, 14, 1114 }, // U+0341
    { 14, 5, 0, -4, 25, 18, 1128 }, // U+0342
    { 5, 7, 0, 1, 27, 9, 1146 }, // U+0343
    { 14, 8, 0, -4, 27, 28, 1155 }, // U+0344
    { 5, 6, 0, -1, -2, 8, 1183 }, // U+0345
    { 14, 6, 0, -4, 26, 21, 1191 }, // U+0346
    { 16, 7, 0, -11, -1, 28, 1212 }, // U+0347
    { 9, 7, 0, -7, -1, 16, 1240 }, // U+0348
    { 7, 6, 0, -6, -2, 11, 1256 }, // U+0349
    { 14, 8, 0, -4, 26, 28, 1267 }, // U+034A
    { 13, 12, 0, -3, 31, 39, 1295 }, // U+034B
    { 14, 10, 0, -4, 29, 35, 1334 }, // U+034C
    { 10, 7, 0, -8, -1, 18, 1369 }, // U+034D
    { 7, 8, 0, -6, 0, 14, 1387 }, // U+034E
    { 24, 24, 0, -12, 24, 144, 1401 }, // U+034F
    { 7, 8, 0, -1, 26, 14, 1545 }, // U+0350
    { 6, 8, 0, 0, 28, 12, 1559 }, // U+0351
    { 10, 9, 0, -2, 29, 23, 1571 }, // U+0352
    { 8, 7, 0, -6, -1, 14, 1594 }, // U+0353
    { 8, 7, 0, -6, -1, 14, 1608 }, // U+0354
    { 8, 7, 0, -6, -1, 14, 1622 }, // U+0355
    { 14, 7, 0, -9, -1, 25, 1636 }, // U+0356
    { 6, 8, 0, 0, 28, 12, 1661 }, // U+0357
    { 5, 5, 0, 5, 25, 7, 1673 }, // U+0358
    { 10, 9, 0, -5, 0, 23, 1680 }, // U+0359
    { 13, 7, 0, -9, -1, 23, 1703 }, // U+035A
    { 7, 8, 0, -1, 27, 14, 1726 }, // U+035B
    { 26, 7, 0, -15, 0, 46, 1740 }, // U+035C
    { 26, 7, 0, -9, 26, 46, 1786 }, // U+035D
    { 21, 3, 0, -8, 23, 16, 1832 }, // U+035E
    { 21, 3, 0, -13, -2, 16, 1848 }, // U+035F
    { 28, 5, 0, -11, 25, 35, 1864 }, // U+0360
    { 26, 7, 0, -10, 28, 46, 1899 }, // U+0361
    { 21, 7, 0, -13, -1, 37, 1945 }, // U+0362
    { 9, 8, 0, -1, 28, 18, 1982 }, // U+0363
    { 7, 8, 0, 0, 28, 14, 2000 }, // U+0364
    { 5, 11, 0, 1, 31, 14, 2014 }, // U+0365
    { 8, 8, 0, -1, 28, 16, 2028 }, // U+0366
    { 9, 8, 0, -1, 28, 18, 2044 }, // U+0367
    { 7, 8, 0, 0, 28, 14, 2062 }, // U+0368
    { 9, 11, 0, -1, 31, 25, 2076 }, // U+0369
    { 9, 11, 0, -1, 31, 25, 2101 }, // U+036A
    { 13, 8, 0, -3, 28, 26, 2126 }, // U+036B
    { 7, 8, 0, 0, 28, 14, 2152 }, // U+036C
    { 6, 10, 0, 1, 30, 15, 2166 }, // U+036D
    { 8, 8, 0, -1, 28, 16, 2181 }, // U+036E
    { 10, 8, 0, -2, 28, 20, 2197 }, // U+036F
    { 23, 32, 335, -1, 32, 184, 0 }, // U+0400
    { 23, 31, 335, -1, 31, 179, 184 }, // U+0401
    { 23, 24, 427, 2, 24, 138, 363 }, // U+0402
    { 22, 32, 301, -1, 32, 176, 501 }, // U+0403
    { 20, 26, 327, 2, 25, 130, 677 }, // U+0404
    { 18, 26, 293, 0, 25, 117, 807 }, // U+0405
    { 16, 24, 198, -1, 24, 96, 924 }, // U+0406
    { 17, 31, 198, -1, 31, 132, 1020 }, // U+0407
    { 19, 32, 193, -4, 24, 152, 1152 }, // U+0408
    { 33, 25, 514, -2, 24, 207, 1304 }, // U+0409
    { 34, 24, 543, -1, 24, 204, 1511 }, // U+040A
    { 24, 24, 454, 2, 24, 144, 1715 }, // U+040B
    { 26, 32, 375, -1, 32, 208, 1859 }, // U+040C
    { 30, 32, 430, -1, 32, 240, 2067 }, // U+040D
    { 23, 32, 347, 2, 31, 184, 2307 }, // U+040E
    { 29, 31, 420, -1, 24, 225, 2491 }, // U+040F
    { 24, 24, 376, -2, 24, 144, 2716 }, // U+0410
    { 22, 24, 336, -1, 24, 132, 2860 }, // U+0411
    { 22, 24, 349, -1, 24, 132, 2992 }, // U+0412
    { 22, 24, 301, -1, 24, 132, 3124 }, // U+0413
    { 30, 31, 396, -3, 24, 233, 3256 }, // U+0414
    { 23, 24, 335, -1, 24, 138, 3489 }, // U+0415
    { 38, 24, 523, -3, 24, 228, 3627 }, // U+0416
    { 19, 26, 317, 0, 25, 124, 3855 }, // U+0417
    { 30, 24, 430, -1, 24, 180, 3979 }, // U+0418
    { 30, 31, 430, -1, 31, 233, 4159 }, // U+0419
    { 26, 24, 375, -1, 24, 156, 4392 }, // U+041A
    { 29, 25, 390, -2, 24, 182, 4548 }, // U+041B
    { 35, 24, 509, -1, 24, 210, 4730 }, // U+041C
    { 30, 24, 425, -1, 24, 180, 4940 }, // U+041D
    { 22, 26, 395, 2, 25, 143, 5120 }, // U+041E
    { 29, 24, 420, -1, 24, 174, 5263 }, // U+041F
    { 22, 24, 325, -1, 24, 132, 5437 }, // U+0420
    { 20, 26, 327, 2, 25, 130, 5569 }, // U+0421
    { 21, 24, 332, 2, 24, 126, 5699 }, // U+0422
    { 23, 25, 347, 2, 24, 144, 5825 }, // U+0423
    { 26, 26, 458, 2, 25, 169, 5969 }, // U+0424
    { 27, 24, 354, -2, 24, 162, 6138 }, // U+0425
    { 29, 31, 420, -1, 24, 225, 6300 }, // U+0426
    { 24, 24, 404, 3, 24, 144, 6525 }, // U+0427
    { 39, 24, 572, -1, 24, 234, 6669 }, // U+0428
    { 39, 31, 572, -1, 24, 303, 6903 }, // U+0429
    { 21, 24, 383, 2, 24, 126, 7206 }, // U+042A
    { 34, 24, 488, -1, 24, 204, 7332 }, // U+042B
    { 20, 24, 331, -1, 24, 120, 7536 }, // U+042C
    { 20, 26, 334, 0, 25, 130, 7656 }, // U+042D
    { 34, 26, 544, -1, 25, 221, 7786 }, // U+042E
    { 26, 24, 346, -2, 24, 156, 8007 }, // U+042F
    { 19, 20, 304, 0, 19, 95, 8163 }, // U+0430
    { 19, 27, 309, 1, 26, 129, 8258 }, // U+0431
    { 16, 20, 283, 1, 19, 80, 8387 }, // U+0432
    { 15, 20, 241, 0, 19, 75, 8467 }, // U+0433
    { 17, 27, 307, 1, 26, 115, 8542 }, // U+0434
    { 15, 20, 263, 1, 19, 75, 8657 }, // U+0435
    { 32, 20, 491, -1, 19, 160, 8732 }, // U+0436
    { 15, 20, 256, 0, 19, 75, 8892 }, // U+0437
    { 19, 19, 316, 1, 18, 91, 8967 }, // U+0438
    { 19, 27, 316, 1, 26, 129, 9058 }, // U+0439
    { 19, 18, 309, 1, 18, 86, 9187 }, // U+043A
    { 21, 19, 315, -2, 18, 100, 9273 }, // U+043B
    { 29, 19, 437, -2, 18, 138, 9373 }, // U+043C
    { 19, 19, 318, 1, 18, 91, 9511 }, // U+043D
    { 17, 20, 307, 1, 19, 85, 9602 }, // U+043E
    { 19, 20, 319, 1, 19, 95, 9687 }, // U+043F
    { 19, 27, 304, -1, 19, 129, 9782 }, // U+0440
    { 16, 20, 260, 1, 19, 80, 9911 }, // U+0441
    { 29, 20, 477, 1, 19, 145, 9991 }, // U+0442
    { 20, 28, 290, -2, 19, 140, 10136 }, // U+0443
    { 24, 35, 407, 1, 26, 210, 10276 }, // U+0444
    { 21, 18, 283, -2, 18, 95, 10486 }, // U+0445
    { 19, 26, 317, 1, 18, 124, 10581 }, // U+0446
    { 18, 19, 300, 1, 18, 86, 10705 }, // U+0447
    { 28, 19, 474, 1, 18, 133, 10791 }, // U+0448
    { 29, 26, 475, 1, 18, 189, 10924 }, // U+0449
    { 15, 19, 277, 1, 18, 72, 11113 }, // U+044A
    { 24, 19, 408, 1, 18, 114, 11185 }, // U+044B
    { 15, 19, 280, 1, 18, 72, 11299 }, // U+044C
    { 16, 20, 267, 0, 19, 80, 11371 }, // U+044D
    { 25, 20, 427, 1, 19, 125, 11451 }, // U+044E
    { 20, 20, 304, -1, 19, 100, 11576 }, // U+044F
    { 15, 27, 263, 1, 26, 102, 11676 }, // U+0450
    { 16, 26, 263, 1, 25, 104, 11778 }, // U+0451
    { 17, 34, 299, 1, 26, 145, 11882 }, // U+0452
    { 16, 27, 241, 0, 26, 108, 12027 }, // U+0453
    { 16, 20, 260, 1, 19, 80, 12135 }, // U+0454
    { 15, 20, 241, 0, 19, 75, 12215 }, // U+0455
    { 9, 27, 157, 1, 26, 61, 12290 }, // U+0456
    { 11, 27, 157, 1, 26, 75, 12351 }, // U+0457
    { 14, 34, 150, -4, 26, 119, 12426 }, // U+0458
    { 28, 19, 432, -2, 18, 133, 12545 }, // U+0459
    { 25, 19, 435, 1, 18, 119, 12678 }, // U+045A
    { 19, 27, 319, 1, 26, 129, 12797 }, // U+045B
    { 19, 26, 309, 1, 26, 124, 12926 }, // U+045C
    { 19, 27, 316, 1, 26, 129, 13050 }, // U+045D
    { 20, 35, 290, -2, 26, 175, 13179 }, // U+045E
    { 19, 26, 316, 1, 18, 124, 13354 }, // U+045F
    { 30, 25, 513, 2, 25, 188, 13478 }, // U+0460
    { 25, 19, 426, 1, 19, 119, 13666 }, // U+0461
    { 21, 24, 327, -1, 24, 126, 13785 }, // U+0462
    { 25, 20, 429, 1, 19, 125, 13911 }, // U+0463
    { 33, 26, 486, -1, 25, 215, 14036 }, // U+0464
    { 25, 20, 408, 1, 19, 125, 14251 }, // U+0465
    { 25, 24, 368, -3, 24, 150, 14376 }, // U+0466
    { 20, 18, 308, -2, 18, 90, 14526 }, // U+0467
    { 34, 24, 552, -1, 24, 204, 14616 }, // U+0468
    { 25, 18, 427, 1, 18, 113, 14820 }, // U+0469
    { 28, 24, 420, -2, 24, 168, 14933 }, // U+046A
    { 25, 18, 374, -2, 18, 113, 15101 }, // U+046B
    { 39, 24, 604, -1, 24, 234, 15214 }, // U+046C
    { 29, 18, 485, 1, 18, 131, 15448 }, // U+046D
    { 21, 36, 322, -1, 29, 189, 15579 }, // U+046E
    { 18, 30, 254, -2, 23, 135, 15768 }, // U+046F
    { 28, 24, 442, 4, 24, 168, 15903 }, // U+0470
    { 21, 34, 378, 2, 26, 179, 16071 }, // U+0471
    { 23, 26, 396, 1, 25, 150, 16250 }, // U+0472
    { 17, 20, 306, 1, 19, 85, 16400 }, // U+0473
    { 25, 24, 370, 2, 24, 150, 16485 }, // U+0474
    { 21, 20, 312, 0, 19, 105, 16635 }, // U+0475
    { 25, 32, 370, 2, 32, 200, 16740 }, // U+0476
    { 21, 27, 312, 0, 26, 142, 16940 }, // U+0477
    { 38, 33, 631, 1, 25, 314, 17082 }, // U+0478
    { 32, 27, 533, 1, 19, 216, 17396 }, // U+0479
    { 25, 29, 417, 1, 26, 182, 17612 }, // U+047A
    { 19, 22, 338, 1, 20, 105, 17794 }, // U+047B
    { 31, 36, 524, 1, 35, 279, 17899 }, // U+047C
    { 24, 31, 421, 1, 30, 186, 18178 }, // U+047D
    { 30, 30, 513, 2, 30, 225, 18364 }, // U+047E
    { 25, 24, 426, 1, 24, 150, 18589 }, // U+047F
    { 21, 33, 334, 1, 25, 174, 18739 }, // U+0480
    { 16, 27, 260, 1, 19, 108, 18913 }, // U+0481
    { 18, 22, 325, 1, 21, 99, 19021 }, // U+0482
    { 13, 5, 0, -4, 24, 17, 19120 }, // U+0483
    { 13, 5, 0, -4, 25, 17, 19137 }, // U+0484
    { 5, 6, 0, 1, 26, 8, 19154 }, // U+0485
    { 5, 6, 0, 0, 26, 8, 19162 }, // U+0486
    { 14, 5, 0, -3, 30, 18, 19170 }, // U+0487
    { 42, 38, 0, -21, 28, 399, 19188 }, // U+0488
    { 40, 40, 0, -20, 29, 400, 19587 }, // U+0489
    { 30, 39, 428, -1, 32, 293, 19987 }, // U+048A
    { 19, 34, 319, 1, 27, 162, 20280 }, // U+048B
    { 21, 26, 327, -1, 26, 137, 20442 }, // U+048C
    { 16, 23, 282, 1, 22, 92, 20579 }, // U+048D
    { 22, 24, 331, -1, 24, 132, 20671 }, // U+048E
    { 19, 27, 308, -1, 19, 129, 20803 }, // U+048F
    { 23, 28, 290, -1, 28, 161, 20932 }, // U+0490
    { 15, 22, 237, 1, 22, 83, 21093 }, // U+0491
    { 22, 24, 299, -1, 24, 132, 21176 }, // U+0492
    { 16, 18, 244, 0, 18, 72, 21308 }, // U+0493
    { 22, 33, 351, -1, 24, 182, 21380 }, // U+0494
    { 16, 26, 277, 0, 18, 104, 21562 }, // U+0495
    { 37, 31, 548, -2, 24, 287, 21666 }, // U+0496
    { 34, 27, 539, 0, 19, 230, 21953 }, // U+0497
    { 20, 33, 322, 0, 25, 165, 22183 }, // U+0498
    { 16, 27, 254, 0, 19, 108, 22348 }, // U+0499
    { 26, 31, 395, -1, 24, 202, 22456 }, // U+049A
    { 20, 27, 323, 1, 19, 135, 22658 }, // U+049B
    { 27, 24, 389, -1, 24, 162, 22793 }, // U+049C
    { 21, 19, 339, 1, 19, 100, 22955 }, // U+049D
    { 26, 24, 373, -1, 24, 156, 23055 }, // U+049E
    { 20, 27, 323, 1, 26, 135, 23211 }, // U+049F
    { 26, 24, 419, 2, 24, 156, 23346 }, // U+04A0
    { 23, 19, 378, 1, 19, 110, 23502 }, // U+04A1
    { 30, 31, 423, -1, 24, 233, 23612 }, // U+04A2
    { 20, 26, 335, 1, 18, 130, 23845 }, // U+04A3
    { 33, 24, 468, -1, 24, 198, 23975 }, // U+04A4
    { 25, 19, 402, 1, 18, 119, 24173 }, // U+04A5
    { 34, 33, 562, -1, 24, 281, 24292 }, // U+04A6
    { 26, 26, 458, 1, 18, 169, 24573 }, // U+04A7
    { 22, 27, 390, 1, 25, 149, 24742 }, // U+04A8
    { 18, 20, 326, 1, 19, 90, 24891 }, // U+04A9
    { 21, 33, 334, 1, 25, 174, 24981 }, // U+04AA
    { 16, 27, 260, 1, 19, 108, 25155 }, // U+04AB
    { 21, 31, 327, 2, 24, 163, 25263 }, // U+04AC
    { 29, 27, 478, 1, 19, 196, 25426 }, // U+04AD
    { 22, 24, 333, 2, 24, 132, 25622 }, // U+04AE
    { 17, 27, 293, 1, 19, 115, 25754 }, // U+04AF
    { 22, 24, 333, 2, 24, 132, 25869 }, // U+04B0
    { 17, 27, 293, 1, 19, 115, 26001 }, // U+04B1
    { 27, 31, 352, -2, 24, 210, 26116 }, // U+04B2
    { 20, 26, 291, -1, 18, 130, 26326 }, // U+04B3
    { 30, 31, 476, 2, 24, 233, 26456 }, // U+04B4
    { 23, 26, 392, 1, 18, 150, 26689 }, // U+04B5
    { 25, 31, 403, 2, 24, 194, 26839 }, // U+04B6
    { 19, 26, 325, 1, 18, 124, 27033 }, // U+04B7
    { 24, 24, 404, 3, 24, 144, 27157 }, // U+04B8
    { 18, 19, 300, 1, 18, 86, 27301 }, // U+04B9
    { 24, 24, 403, -1, 24, 144, 27387 }, // U+04BA
    { 19, 27, 319, 1, 26, 129, 27531 }, // U+04BB
    { 26, 26, 426, 1, 25, 169, 27660 }, // U+04BC
    { 20, 20, 320, 0, 19, 100, 27829 }, // U+04BD
    { 26, 32, 426, 1, 25, 208, 27929 }, // U+04BE
    { 20, 26, 320, 0, 19, 130, 28137 }, // U+04BF
    { 16, 24, 196, -1, 24, 96, 28267 }, // U+04C0
    { 38, 32, 523, -3, 32, 304, 28363 }, // U+04C1
    { 32, 27, 491, -1, 26, 216, 28667 }, // U+04C2
    { 26, 33, 370, -1, 24, 215, 28883 }, // U+04C3
    { 20, 27, 326, 1, 19, 135, 29098 }, // U+04C4
    { 28, 31, 374, -2, 24, 217, 29233 }, // U+04C5
    { 21, 26, 342, 0, 19, 137, 29450 }, // U+04C6
    { 30, 32, 421, -1, 24, 240, 29587 }, // U+04C7
    { 19, 26, 329, 1, 18, 124, 29827 }, // U+04C8
    { 30, 31, 423, -1, 24, 233, 29951 }, // U+04C9
    { 20, 25, 335, 1, 18, 125, 30184 }, // U+04CA
    { 25, 31, 403, 2, 24, 194, 30309 }, // U+04CB
    { 18, 25, 325, 1, 18, 113, 30503 }, // U+04CC
    { 35, 31, 500, -1, 24, 272, 30616 }, // U+04CD
    { 30, 25, 480, 0, 18, 188, 30888 }, // U+04CE
    { 16, 24, 196, -1, 24, 96, 31076 }, // U+04CF
    { 24, 32, 376, -2, 32, 192, 31172 }, // U+04D0
    { 19, 27, 309, 1, 26, 129, 31364 }, // U+04D1
    { 24, 31, 376, -2, 31, 186, 31493 }, // U+04D2
    { 19, 26, 309, 1, 25, 124, 31679 }, // U+04D3
    { 35, 24, 507, -2, 24, 210, 31803 }, // U+04D4
    { 26, 20, 434, 1, 19, 130, 32013 }, // U+04D5
    { 23, 32, 332, -1, 32, 184, 32143 }, // U+04D6
    { 15, 27, 263, 1, 26, 102, 32327 }, // U+04D7
    { 21, 26, 356, 1, 25, 137, 32429 }, // U+04D8
    { 15, 20, 263, 0, 19, 75, 32566 }, // U+04D9
    { 21, 32, 356, 1, 31, 168, 32641 }, // U+04DA
    { 16, 26, 263, 0, 25, 104, 32809 }, // U+04DB
    { 38, 31, 523, -3, 31, 295, 32913 }, // U+04DC
    { 32, 26, 491, -1, 25, 208, 33208 }, // U+04DD
    { 19, 32, 317, 0, 31, 152, 33416 }, // U+04DE
    { 15, 26, 256, 0, 25, 98, 33568 }, // U+04DF
    { 20, 25, 322, 0, 24, 125, 33666 }, // U+04E0
    { 20, 26, 292, -2, 18, 130, 33791 }, // U+04E1
    { 30, 29, 430, -1, 29, 218, 33921 }, // U+04E2
    { 19, 24, 319, 1, 23, 114, 34139 }, // U+04E3
    { 30, 31, 430, -1, 31, 233, 34253 }, // U+04E4
    { 19, 26, 319, 1, 25, 124, 34486 }, // U+04E5
    { 23, 32, 396, 1, 31, 184, 34610 }, // U+04E6
    { 17, 26, 306, 1, 25, 111, 34794 }, // U+04E7
    { 23, 26, 396, 1, 25, 150, 34905 }, // U+04E8
    { 17, 20, 306, 1, 19, 85, 35055 }, // U+04E9
    { 23, 32, 396, 1, 31, 184, 35140 }, // U+04EA
    { 17, 26, 306, 1, 25, 111, 35324 }, // U+04EB
    { 20, 32, 334, 0, 31, 160, 35435 }, // U+04EC
    { 16, 26, 267, 0, 25, 104, 35595 }, // U+04ED
    { 23, 30, 347, 2, 29, 173, 35699 }, // U+04EE
    { 23, 31, 282, -6, 23, 179, 35872 }, // U+04EF
    { 23, 32, 347, 2, 31, 184, 36051 }, // U+04F0
    { 23, 33, 282, -6, 25, 190, 36235 }, // U+04F1
    { 23, 33, 347, 2, 32, 190, 36425 }, // U+04F2
    { 25, 34, 282, -6, 26, 213, 36615 }, // U+04F3
    { 24, 31, 404, 3, 31, 186, 36828 }, // U+04F4
    { 18, 26, 300, 1, 25, 117, 37014 }, // U+04F5
    { 22, 31, 299, -1, 24, 171, 37131 }, // U+04F6
    { 16, 26, 244, 0, 18, 104, 37302 }, // U+04F7
    { 34, 31, 488, -1, 31, 264, 37406 }, // U+04F8
    { 24, 26, 408, 1, 25, 156, 37670 }, // U+04F9
    { 22, 31, 299, -1, 24, 171, 37826 }, // U+04FA
    { 16, 25, 244, 0, 18, 100, 37997 }, // U+04FB
    { 27, 31, 352, -2, 24, 210, 38097 }, // U+04FC
    { 20, 25, 291, -1, 18, 125, 38307 }, // U+04FD
    { 27, 24, 352, -2, 24, 162, 38432 }, // U+04FE
    { 20, 18, 291, -1, 18, 90, 38594 }, // U+04FF
    { 24, 30, 376, -2, 24, 180, 0 }, // U+1EA0
    { 19, 25, 309, 1, 19, 119, 180 }, // U+1EA1
    { 24, 33, 376, -2, 33, 198, 299 }, // U+1EA2
    { 19, 29, 309, 1, 28, 138, 497 }, // U+1EA3
    { 28, 33, 376, -2, 33, 231, 635 }, // U+1EA4
    { 21, 29, 309, 1, 28, 153, 866 }, // U+1EA5
    { 24, 33, 376, -2, 33, 198, 1019 }, // U+1EA6
    { 19, 29, 309, 1, 28, 138, 1217 }, // U+1EA7
    { 26, 35, 376, -2, 35, 228, 1355 }, // U+1EA8
    { 20, 30, 309, 1, 29, 150, 1583 }, // U+1EA9
    { 24, 35, 376, -2, 35, 210, 1733 }, // U+1EAA
    { 19, 31, 309, 1, 30, 148, 1943 }, // U+1EAB
    { 24, 38, 376, -2, 32, 228, 2091 }, // U+1EAC
    { 19, 32, 309, 1, 26, 152, 2319 }, // U+1EAD
    { 24, 34, 376, -2, 34, 204, 2471 }, // U+1EAE
    { 19, 30, 309, 1, 29, 143, 2675 }, // U+1EAF
    { 24, 34, 376, -2, 34, 204, 2818 }, // U+1EB0
    { 19, 30, 309, 1, 29, 143, 3022 }, // U+1EB1
    { 24, 35, 376, -2, 35, 210, 3165 }, // U+1EB2
    { 19, 31, 309, 1, 30, 148, 3375 }, // U+1EB3
    { 24, 35, 376, -2, 35, 210, 3523 }, // U+1EB4
    { 19, 31, 309, 1, 30, 148, 3733 }, // U+1EB5
    { 24, 38, 376, -2, 31, 228, 3881 }, // U+1EB6
    { 19, 32, 309, 1, 25, 152, 4109 }, // U+1EB7
    { 23, 31, 332, -1, 24, 179, 4261 }, // U+1EB8
    { 15, 26, 263, 1, 19, 98, 4440 }, // U+1EB9
    { 23, 33, 332, -1, 33, 190, 4538 }, // U+1EBA
    { 15, 29, 263, 1, 28, 109, 4728 }, // U+1EBB
    { 23, 31, 332, -1, 31, 179, 4837 }, // U+1EBC
    { 17, 26, 263, 1, 25, 111, 5016 }, // U+1EBD
    { 26, 33, 332, -1, 33, 215, 5127 }, // U+1EBE
    { 21, 29, 263, 1, 28, 153, 5342 }, // U+1EBF
    { 23, 33, 332, -1, 33, 190, 5495 }, // U+1EC0
    { 16, 29, 263, 1, 28, 116, 5685 }, // U+1EC1
    { 24, 35, 332, -1, 35, 210, 5801 }, // U+1EC2
    { 19, 30, 263, 1, 29, 143, 6011 }, // U+1EC3
    { 23, 35, 332, -1, 35, 202, 6154 }, // U+1EC4
    { 18, 31, 263, 1, 30, 140, 6356 }, // U+1EC5
    { 23, 39, 332, -1, 32, 225, 6496 }, // U+1EC6
    { 16, 33, 263, 1, 26, 132, 6721 }, // U+1EC7
    { 16, 33, 196, -1, 33, 132, 6853 }, // U+1EC8
    { 10, 29, 162, 2, 28, 73, 6985 }, // U+1EC9
    { 16, 31, 196, -1, 24, 124, 7058 }, // U+1ECA
    { 10, 33, 162, 0, 26, 83, 7182 }, // U+1ECB
    { 23, 32, 396, 1, 25, 184, 7265 }, // U+1ECC
    { 17, 26, 306, 1, 19, 111, 7449 }, // U+1ECD
    { 23, 34, 396, 1, 33, 196, 7560 }, // U+1ECE
    { 17, 29, 306, 1, 28, 124, 7756 }, // U+1ECF
    { 25, 34, 396, 1, 33, 213, 7880 }, // U+1ED0
    { 21, 29, 306, 1, 28, 153, 8093 }, // U+1ED1
    { 23, 34, 396, 1, 33, 196, 8246 }, // U+1ED2
    { 17, 29, 306, 1, 28, 124, 8442 }, // U+1ED3
    { 23, 36, 396, 1, 35, 207, 8566 }, // U+1ED4
    { 20, 30, 306, 1, 29, 150, 8773 }, // U+1ED5
    { 23, 36, 396, 1, 35, 207, 8923 }, // U+1ED6
    { 18, 31, 306, 1, 30, 140, 9130 }, // U+1ED7
    { 23, 39, 396, 1, 32, 225, 9270 }, // U+1ED8
    { 17, 33, 306, 1, 26, 141, 9495 }, // U+1ED9
    { 28, 33, 415, 1, 32, 231, 9636 }, // U+1EDA
    { 22, 27, 324, 1, 26, 149, 9867 }, // U+1EDB
    { 28, 33, 415, 1, 32, 231, 10016 }, // U+1EDC
    { 22, 27, 324, 1, 26, 149, 10247 }, // U+1EDD
    { 28, 34, 415, 1, 33, 238, 10396 }, // U+1EDE
    { 22, 29, 324, 1, 28, 160, 10634 }, // U+1EDF
    { 28, 32, 415, 1, 31, 224, 10794 }, // U+1EE0
    { 22, 26, 324, 1, 25, 143, 11018 }, // U+1EE1
    { 28, 33, 415, 1, 26, 231, 11161 }, // U+1EE2
    { 22, 28, 324, 1, 21, 154, 11392 }, // U+1EE3
    { 24, 31, 389, 3, 24, 186, 11546 }, // U+1EE4
    { 19, 25, 319, 1, 18, 119, 11732 }, // U+1EE5
    { 24, 34, 389, 3, 33, 204, 11851 }, // U+1EE6
    { 19, 29, 319, 1, 28, 138, 12055 }, // U+1EE7
    { 26, 33, 415, 3, 32, 215, 12193 }, // U+1EE8
    { 23, 27, 348, 1, 26, 156, 12408 }, // U+1EE9
    { 26, 33, 415, 3, 32, 215, 12564 }, // U+1EEA
    { 23, 27, 348, 1, 26, 156, 12779 }, // U+1EEB
    { 26, 34, 415, 3, 33, 221, 12935 }, // U+1EEC
    { 23, 29, 348, 1, 28, 167, 13156 }, // U+1EED
    { 26, 32, 415, 3, 31, 208, 13323 }, // U+1EEE
    { 23, 26, 348, 1, 25, 150, 13531 }, // U+1EEF
    { 26, 33, 415, 3, 26, 215, 13681 }, // U+1EF0
    { 23, 28, 348, 1, 21, 161, 13896 }, // U+1EF1
    { 22, 32, 333, 2, 32, 176, 14057 }, // U+1EF2
    { 23, 34, 282, -6, 26, 196, 14233 }, // U+1EF3
    { 22, 31, 333, 2, 24, 171, 14429 }, // U+1EF4
    { 23, 27, 282, -6, 19, 156, 14600 }, // U+1EF5
    { 22, 33, 333, 2, 33, 182, 14756 }, // U+1EF6
    { 23, 36, 282, -6, 28, 207, 14938 }, // U+1EF7
    { 22, 31, 333, 2, 31, 171, 15145 }, // U+1EF8
    { 23, 33, 282, -6, 25, 190, 15316 }, // U+1EF9
    { 0, 0, 267, 0, 0, 0, 0 }, // U+2000
    { 0, 0, 533, 0, 0, 0, 0 }, // U+2001
    { 0, 0, 267, 0, 0, 0, 0 }, // U+2002
    { 0, 0, 533, 0, 0, 0, 0 }, // U+2003
    { 0, 0, 178, 0, 0, 0, 0 }, // U+2004
    { 0, 0, 133, 0, 0, 0, 0 }, // U+2005
    { 0, 0, 89, 0, 0, 0, 0 }, // U+2006
    { 0, 0, 298, 0, 0, 0, 0 }, // U+2007
    { 0, 0, 133, 0, 0, 0, 0 }, // U+2008
    { 0, 0, 89, 0, 0, 0, 0 }, // U+2009
    { 0, 0, 53, 0, 0, 0, 0 }, // U+200A
    { 0, 0, 0, 0, 0, 0, 0 }, // U+200B
    { 2, 26, 0, -1, 21, 13, 0 }, // U+200C
    { 8, 28, 0, -4, 23, 56, 13 }, // U+200D
    { 9, 28, 0, -1, 23, 63, 69 }, // U+200E
    { 9, 28, 0, -8, 23, 63, 132 }, // U+200F
    { 10, 4, 165, 0, 11, 10, 195 }, // U+2010
    { 10, 4, 165, 0, 11, 10, 205 }, // U+2011
    { 17, 3, 298, 1, 14, 13, 215 }, // U+2012
    { 19, 3, 267, -1, 10, 15, 228 }, // U+2013
    { 35, 3, 533, -1, 10, 27, 243 }, // U+2014
    { 35, 3, 533, -1, 10, 27, 270 }, // U+2015
    { 9, 34, 298, 5, 26, 77, 297 }, // U+2016
    { 17, 7, 219, -4, 0, 30, 374 }, // U+2017
    { 7, 10, 133, 3, 24, 18, 404 }, // U+2018
    { 7, 10, 133, 2, 24, 18, 422 }, // U+2019
    { 7, 10, 133, -1, 5, 18, 440 }, // U+201A
    { 6, 10, 133, 4, 24, 15, 458 }, // U+201B
    { 14, 10, 240, 3, 24, 35, 473 }, // U+201C
    { 14, 10, 240, 2, 24, 35, 508 }, // U+201D
    { 13, 10, 240, -1, 5, 33, 543 }, // U+201E
    { 12, 10, 240, 4, 24, 30, 576 }, // U+201F
    { 14, 30, 239, 2, 26, 105, 606 }, // U+2020
    { 18, 30, 239, -1, 26, 135, 711 }, // U+2021
    { 10, 10, 193, 1, 17, 25, 846 }, // U+2022
    { 11, 12, 267, 5, 18, 33, 871 }, // U+2023
    { 6, 6, 153, 2, 15, 9, 904 }, // U+2024
    { 15, 6, 286, 2, 15, 23, 913 }, // U+2025
    { 24, 6, 458, 1, 5, 36, 936 }, // U+2026
    { 5, 6, 133, 2, 12, 8, 972 }, // U+2027
    { 0, 0, 320, 0, 0, 0, 980 }, // U+2028
    { 0, 0, 320, 0, 0, 0, 980 }, // U+2029
    { 9, 26, 0, -1, 21, 59, 980 }, // U+202A
    { 9, 26, 0, -8, 21, 59, 1039 }, // U+202B
    { 8, 28, 0, -4, 23, 56, 1098 }, // U+202C
    { 8, 28, 0, -4, 23, 56, 1154 }, // U+202D
    { 8, 28, 0, -4, 23, 56, 1210 }, // U+202E
    { 0, 0, 89, 0, 0, 0, 1266 }, // U+202F
    { 40, 26, 685, 2, 25, 260, 1266 }, // U+2030
    { 53, 26, 892, 2, 25, 345, 1526 }, // U+2031
    { 7, 9, 117, 3, 24, 16, 1871 }, // U+2032
    { 13, 9, 218, 3, 24, 30, 1887 }, // U+2033
    { 19, 9, 318, 3, 24, 43, 1917 }, // U+2034
    { 5, 9, 117, 4, 24, 12, 1960 }, // U+2035
    { 11, 9, 218, 4, 24, 25, 1972 }, // U+2036
    { 18, 9, 318, 4, 24, 41, 1997 }, // U+2037
    { 11, 10, 213, -1, 2, 28, 2038 }, // U+2038
    { 9, 14, 178, 2, 16, 32, 2066 }, // U+2039
    { 10, 14, 178, 0, 16, 35, 2098 }, // U+203A
    { 24, 24, 437, 2, 24, 144, 2133 }, // U+203B
    { 17, 25, 299, 2, 24, 107, 2277 }, // U+203C
    { 14, 26, 267, 4, 25, 91, 2384 }, // U+203D
    { 17, 3, 245, 3, 28, 13, 2475 }, // U+203E
    { 26, 7, 0, -25, 0, 46, 2488 }, // U+203F
    { 26, 7, 0, -20, 28, 46, 2534 }, // U+2040
    { 16, 24, 240, -2, 24, 96, 2580 }, // U+2041
    { 31, 27, 533, 1, 26, 210, 2676 }, // U+2042
    { 11, 6, 193, 1, 15, 17, 2886 }, // U+2043
    { 20, 24, 33, -9, 24, 120, 2903 }, // U+2044
    { 14, 31, 192, 0, 26, 109, 3023 }, // U+2045
    { 15, 31, 192, -2, 26, 117, 3132 }, // U+2046
    { 30, 26, 521, 4, 25, 195, 3249 }, // U+2047
    { 22, 26, 420, 4, 25, 143, 3444 }, // U+2048
    { 25, 26, 416, 2, 25, 163, 3587 }, // U+2049
    { 16, 25, 298, 1, 19, 100, 3750 }, // U+204A
    { 19, 30, 329, 2, 26, 143, 3850 }, // U+204B
    { 18, 13, 318, 2, 19, 59, 3993 }, // U+204C
    { 18, 13, 318, 2, 19, 59, 4052 }, // U+204D
    { 15, 14, 267, 1, 19, 53, 4111 }, // U+204E
    { 7, 25, 153, 1, 19, 44, 4164 }, // U+204F
    { 22, 26, 389, 2, 25, 143, 4208 }, // U+2050
    { 18, 28, 267, 0, 26, 126, 4351 }, // U+2051
    { 12, 25, 175, 0, 24, 75, 4477 }, // U+2052
    { 16, 7, 298, 2, 15, 28, 4552 }, // U+2053
    { 27, 7, 0, -7, 0, 48, 4580 }, // U+2054
    { 16, 16, 288, 2, 20, 64, 4628 }, // U+2055
    { 16, 20, 327, 1, 19, 80, 4692 }, // U+2056
    { 25, 9, 418, 3, 24, 57, 4772 }, // U+2057
    { 19, 20, 378, 2, 19, 95, 4829 }, // U+2058
    { 19, 20, 378, 1, 19, 95, 4924 }, // U+2059
    { 5, 26, 153, 3, 25, 33, 5019 }, // U+205A
    { 19, 26, 378, 2, 25, 124, 5052 }, // U+205B
    { 19, 18, 372, 1, 18, 86, 5176 }, // U+205C
    { 5, 26, 153, 3, 25, 33, 5262 }, // U+205D
    { 5, 26, 153, 2, 25, 33, 5295 }, // U+205E
    { 0, 0, 118, 0, 0, 0, 5328 }, // U+205F
    { 0, 0, 320, 0, 0, 0, 5328 }, // U+2060
    { 0, 0, 320, 0, 0, 0, 5328 }, // U+2061
    { 0, 0, 320, 0, 0, 0, 5328 }, // U+2062
    { 0, 0, 320, 0, 0, 0, 5328 }, // U+2063
    { 0, 0, 320, 0, 0, 0, 5328 }, // U+2064
    { 0, 0, 320, 0, 0, 0, 5328 }, // U+2066
    { 0, 0, 320, 0, 0, 0, 5328 }, // U+2067
    { 0, 0, 320, 0, 0, 0, 5328 }, // U+2068
    { 0, 0, 320, 0, 0, 0, 5328 }, // U+2069
    { 8, 28, 0, -4, 23, 56, 5328 }, // U+206A
    { 8, 28, 0, -4, 23, 56, 5384 }, // U+206B
    { 8, 28, 0, -4, 23, 56, 5440 }, // U+206C
    { 8, 29, 0, -4, 24, 58, 5496 }, // U+206D
    { 8, 28, 0, -4, 23, 56, 5554 }, // U+206E
    { 8, 28, 0, -4, 23, 56, 5610 }, // U+206F
    { 13, 16, 213, 2, 28, 52, 0 }, // U+2070
    { 6, 16, 106, 3, 25, 24, 52 }, // U+2071
    { 14, 16, 213, 1, 28, 56, 76 }, // U+2074
    { 13, 16, 213, 2, 28, 52, 132 }, // U+2075
    { 12, 16, 213, 2, 28, 48, 184 }, // U+2076
    { 11, 16, 213, 4, 28, 44, 232 }, // U+2077
    { 13, 16, 213, 2, 28, 52, 276 }, // U+2078
    { 12, 16, 213, 3, 28, 48, 328 }, // U+2079
    { 12, 12, 210, 2, 25, 36, 376 }, // U+207A
    { 12, 3, 210, 2, 21, 9, 412 }, // U+207B
    { 12, 7, 209, 2, 23, 21, 421 }, // U+207C
    { 10, 21, 133, 3, 30, 53, 442 }, // U+207D
    { 10, 21, 133, -1, 30, 53, 495 }, // U+207E
    { 13, 12, 207, 2, 21, 39, 548 }, // U+207F
    { 13, 16, 213, -1, 12, 52, 587 }, // U+2080
    { 10, 16, 213, -1, 12, 40, 639 }, // U+2081
    { 13, 16, 213, -2, 12, 52, 679 }, // U+2082
    { 13, 16, 213, -1, 12, 52, 731 }, // U+2083
    { 14, 16, 213, -2, 12, 56, 783 }, // U+2084
    { 13, 16, 213, -1, 12, 52, 839 }, // U+2085
    { 12, 16, 213, 0, 12, 48, 891 }, // U+2086
    { 11, 16, 213, 1, 12, 44, 939 }, // U+2087
    { 13, 16, 213, -1, 12, 52, 983 }, // U+2088
    { 11, 16, 213, 0, 12, 44, 1035 }, // U+2089
    { 12, 12, 210, -1, 9, 36, 1079 }, // U+208A
    { 12, 3, 210, -1, 5, 9, 1115 }, // U+208B
    { 12, 7, 210, -1, 7, 21, 1124 }, // U+208C
    { 10, 21, 133, 0, 14, 53, 1145 }, // U+208D
    { 10, 21, 133, -5, 14, 53, 1198 }, // U+208E
    { 12, 12, 201, -1, 8, 36, 1251 }, // U+2090
    { 10, 12, 171, -1, 8, 30, 1287 }, // U+2091
    { 11, 12, 199, -1, 8, 33, 1317 }, // U+2092
    { 14, 12, 189, -3, 8, 42, 1350 }, // U+2093
    { 11, 12, 171, -2, 8, 33, 1392 }, // U+2094
    { 12, 16, 207, -1, 12, 48, 1425 }, // U+2095
    { 13, 16, 197, -1, 12, 52, 1473 }, // U+2096
    { 6, 16, 106, -1, 12, 24, 1525 }, // U+2097
    { 19, 12, 310, -1, 8, 57, 1549 }, // U+2098
    { 12, 12, 207, -1, 8, 36, 1606 }, // U+2099
    { 12, 16, 200, -2, 8, 48, 1642 }, // U+209A
    { 10, 12, 161, -2, 8, 30, 1690 }, // U+209B
    { 8, 14, 127, -1, 10, 28, 1720 }, // U+209C
    { 20, 25, 341, 1, 25, 125, 0 }, // U+20A0
    { 18, 29, 298, 1, 26, 131, 125 }, // U+20A1
    { 20, 26, 322, 1, 25, 130, 256 }, // U+20A2
    { 22, 24, 298, -2, 24, 132, 386 }, // U+20A3
    { 20, 26, 298, -1, 25, 130, 518 }, // U+20A4
    { 29, 27, 478, 1, 23, 196, 648 }, // U+20A5
    { 26, 24, 368, -1, 24, 156, 844 }, // U+20A6
    { 29, 25, 437, -2, 24, 182, 1000 }, // U+20A7
    { 36, 25, 544, -2, 24, 225, 1182 }, // U+20A8
    { 37, 24, 557, 1, 24, 222, 1407 }, // U+20A9
    { 24, 20, 476, 3, 20, 120, 1629 }, // U+20AA
    { 22, 31, 308, 0, 26, 171, 1749 }, // U+20AB
    { 20, 26, 298, 0, 25, 130, 1920 }, // U+20AC
    { 25, 24, 347, -1, 24, 150, 2050 }, // U+20AD
    { 19, 24, 298, 2, 24, 114, 2200 }, // U+20AE
    { 33, 34, 533, -1, 27, 281, 2314 }, // U+20AF
    { 18, 33, 298, -2, 25, 149, 2595 }, // U+20B0
    { 24, 24, 331, -1, 24, 144, 2744 }, // U+20B1
    { 23, 29, 381, 1, 26, 167, 2888 }, // U+20B2
    { 27, 24, 376, -2, 24, 162, 3055 }, // U+20B3
    { 21, 26, 293, -1, 25, 137, 3217 }, // U+20B4
    { 21, 29, 334, 1, 26, 153, 3354 }, // U+20B5
    { 19, 25, 293, 1, 24, 119, 3507 }, // U+20B6
    { 19, 28, 298, 0, 25, 133, 3626 }, // U+20B7
    { 20, 24, 298, 1, 24, 120, 3759 }, // U+20B8
    { 18, 24, 298, 2, 24, 108, 3879 }, // U+20B9
    { 19, 24, 298, -1, 24, 114, 3987 }, // U+20BA
    { 19, 26, 348, 2, 25, 124, 4101 }, // U+20BB
    { 23, 23, 419, 1, 23, 133, 4225 }, // U+20BC
    { 22, 24, 315, -1, 24, 132, 4358 }, // U+20BD
    { 20, 27, 298, 0, 27, 135, 4490 }, // U+20BE
    { 20, 30, 298, -2, 27, 150, 4625 }, // U+20BF
    { 10, 4, 165, 0, 11, 10, 0 }, // U+2212
    { 32, 34, 328, -5, 26, 272, 0 }, // U+FB00
    { 25, 34, 317, -5, 26, 213, 272 }, // U+FB01
    { 25, 34, 316, -5, 26, 213, 485 }, // U+FB02
    { 35, 34, 475, -5, 26, 298, 698 }, // U+FB03
    { 35, 34, 475, -5, 26, 298, 996 }, // U+FB04
    { 28, 34, 351, -5, 26, 238, 1294 }, // U+FB05
    { 28, 27, 444, 0, 26, 189, 1532 }, // U+FB06
    { 31, 32, 533, 1, 26, 248, 0 }, // U+FFFD
};

static const EpdUnicodeInterval notoserif_16_italicIntervals[] = {
    { 0x0, 0x0, 0x0 },
    { 0xD, 0xD, 0x1 },
    { 0x20, 0x7E, 0x2 },
    { 0xA0, 0x17F, 0x61 },
    { 0x1A0, 0x1A1, 0x141 },
    { 0x1AF, 0x1B0, 0x143 },
    { 0x1C4, 0x21F, 0x145 },
    { 0x300, 0x36F, 0x1A1 },
    { 0x400, 0x4FF, 0x211 },
    { 0x1EA0, 0x1EF9, 0x311 },
    { 0x2000, 0x2064, 0x36B },
    { 0x2066, 0x2071, 0x3D0 },
    { 0x2074, 0x208E, 0x3DC },
    { 0x2090, 0x209C, 0x3F7 },
    { 0x20A0, 0x20BF, 0x404 },
    { 0x2212, 0x2212, 0x424 },
    { 0xFB00, 0xFB06, 0x425 },
    { 0xFFFD, 0xFFFD, 0x42C },
};

static const EpdFontGroup notoserif_16_italicGroups[] = {
    { 0, 4655, 10891, 97, 0 },
    { 4655, 3880, 12400, 96, 97 },
    { 8535, 5030, 20472, 128, 193 },
    { 13565, 5063, 17846, 96, 321 },
    { 18628, 1499, 2498, 112, 417 },
    { 20127, 13082, 41037, 256, 529 },
    { 33209, 2756, 16266, 90, 785 },
    { 35965, 2441, 6181, 111, 875 },
    { 38406, 968, 1984, 42, 986 },
    { 39374, 2613, 5056, 32, 1028 },
    { 41987, 14, 12, 1, 1060 },
    { 42001, 575, 1787, 7, 1061 },
    { 42576, 137, 256, 1, 1068 },
};

static const uint16_t notoserif_16_italicKernLeftCodepoints[] = {
    0x0022, 0x0026, 0x0027, 0x0028, 0x002A, 0x002C, 0x002D, 0x002E, 0x0041, 0x0042, 0x0043, 0x0044,
    0x0045, 0x0046, 0x0047, 0x004A, 0x004B, 0x004C, 0x004E, 0x004F, 0x0050, 0x0051, 0x0052, 0x0053,
    0x0054, 0x0055, 0x0056, 0x0057, 0x0058, 0x0059, 0x005B, 0x005F, 0x0061, 0x0062, 0x0063, 0x0065,
    0x0066, 0x0068, 0x006B, 0x006D, 0x006E, 0x006F, 0x0070, 0x0071, 0x0072, 0x0073, 0x0076, 0x0077,
    0x0079, 0x007A, 0x007B, 0x00A1, 0x00AB, 0x00BF, 0x00C0, 0x00C1, 0x00C2, 0x00C3, 0x00C4, 0x00C5,
    0x00C6, 0x00C7, 0x00C8, 0x00C9, 0x00CA, 0x00CB, 0x00D0, 0x00D1, 0x00D2, 0x00D3, 0x00D4, 0x00D5,
    0x00D6, 0x00D8, 0x00D9, 0x00DA, 0x00DB, 0x00DC, 0x00DD, 0x00DE, 0x00DF, 0x00E0, 0x00E1, 0x00E2,
    0x00E3, 0x00E4, 0x00E5, 0x00E6, 0x00E7, 0x00E8, 0x00E9, 0x00EA, 0x00EB, 0x00F0, 0x00F1, 0x00F2,
    0x00F3, 0x00F4, 0x00F5, 0x00F6, 0x00F8, 0x00F9, 0x00FA, 0x00FB, 0x00FC, 0x00FD, 0x00FE, 0x00FF,
    0x0100, 0x0101, 0x0102, 0x0103, 0x0104, 0x0105, 0x0106, 0x0107, 0x0108, 0x0109, 0x010A, 0x010B,
    0x010C, 0x010D, 0x010E, 0x010F, 0x0110, 0x0112, 0x0113, 0x0114, 0x0115, 0x0116, 0x0117, 0x0118,
    0x0119, 0x011A, 0x011B, 0x011C, 0x011E, 0x0120, 0x0122, 0x0125, 0x0127, 0x0132, 0x0134, 0x0136,
    0x0137, 0x0138, 0x0139, 0x013B, 0x013D, 0x013E, 0x0141, 0x0143, 0x0144, 0x0145, 0x0146, 0x0147,
    0x0148, 0x0149, 0x014A, 0x014B, 0x014C, 0x014D, 0x014E, 0x014F, 0x0150, 0x0151, 0x0152, 0x0153,
    0x0154, 0x0155, 0x0156, 0x0157, 0x0158, 0x0159, 0x015A, 0x015B, 0x015C, 0x015D, 0x015E, 0x015F,
    0x0160, 0x0161, 0x0162, 0x0164, 0x0166, 0x0168, 0x0169, 0x016A, 0x016B, 0x016C, 0x016D, 0x016E,
    0x016F, 0x0170, 0x0171, 0x0172, 0x0173, 0x0174, 0x0175, 0x0176, 0x0177, 0x0178, 0x017A, 0x017C,
    0x017E, 0x01A0, 0x01A1, 0x01AF, 0x01B0, 0x01FA, 0x01FB, 0x01FC, 0x01FD, 0x01FE, 0x01FF, 0x0218,
    0x0219, 0x021A, 0x0400, 0x0401, 0x0402, 0x0403, 0x0404, 0x0405, 0x0406, 0x0407, 0x0408, 0x0409,
    0x040A, 0x040B, 0x040C, 0x040D, 0x040E, 0x040F, 0x0410, 0x0411, 0x0412, 0x0413, 0x0414, 0x0415,
    0x0416, 0x0417, 0x0418, 0x0419, 0x041A, 0x041B, 0x041C, 0x041D, 0x041E, 0x041F, 0x0420, 0x0421,
    0x0422, 0x0423, 0x0424, 0x0425, 0x0426, 0x0427, 0x0428, 0x0429, 0x042A, 0x042B, 0x042C, 0x042D,
    0x042E, 0x042F, 0x0430, 0x0431, 0x0432, 0x0433, 0x0434, 0x0435, 0x0436, 0x0437, 0x0438, 0x0439,
    0x043A, 0x043B, 0x043C, 0x043D, 0x043E, 0x043F, 0x0440, 0x0441, 0x0442, 0x0443, 0x0444, 0x0445,
    0x0446, 0x0447, 0x0448, 0x0449, 0x044A, 0x044B, 0x044C, 0x044D, 0x044E, 0x044F, 0x0450, 0x0451,
    0x0452, 0x0453, 0x0454, 0x0455, 0x0456, 0x0457, 0x0458, 0x0459, 0x045A, 0x045B, 0x045C, 0x045D,
    0x045E, 0x045F, 0x0460, 0x0461, 0x0462, 0x0464, 0x0465, 0x0466, 0x0468, 0x046A, 0x046C, 0x046E,
    0x046F, 0x0470, 0x0471, 0x0472, 0x0473, 0x0474, 0x0475, 0x0476, 0x0477, 0x0478, 0x0479, 0x047A,
    0x047B, 0x047C, 0x047D, 0x047E, 0x047F, 0x0480, 0x0481, 0x048A, 0x048B, 0x048C, 0x048E, 0x048F,
    0x0490, 0x0491, 0x0492, 0x0493, 0x0494, 0x0496, 0x0497, 0x0498, 0x0499, 0x049A, 0x049B, 0x049C,
    0x049D, 0x049E, 0x049F, 0x04A0, 0x04A1, 0x04A2, 0x04A3, 0x04A4, 0x04A6, 0x04AA, 0x04AB, 0x04AC,
    0x04AD, 0x04AE, 0x04AF, 0x04B0, 0x04B1, 0x04B2, 0x04B3, 0x04B4, 0x04B5, 0x04B6, 0x04B7, 0x04B8,
    0x04B9, 0x04BA, 0x04BB, 0x04BC, 0x04BD, 0x04BE, 0x04BF, 0x04C1, 0x04C2, 0x04C3, 0x04C5, 0x04C6,
    0x04C7, 0x04C9, 0x04CA, 0x04CC, 0x04CD, 0x04CE, 0x04D0, 0x04D1, 0x04D2, 0x04D3, 0x04D4, 0x04D5,
    0x04D6, 0x04D7, 0x04D8, 0x04D9, 0x04DA, 0x04DB, 0x04DC, 0x04DD, 0x04DE, 0x04DF, 0x04E0, 0x04E1,
    0x04E2, 0x04E3, 0x04E4, 0x04E5, 0x04E6, 0x04E7, 0x04E8, 0x04E9, 0x04EA, 0x04EB, 0x04EC, 0x04ED,
    0x04EE, 0x04EF, 0x04F0, 0x04F1, 0x04F2, 0x04F3, 0x04F4, 0x04F5, 0x04F6, 0x04F7, 0x04F8, 0x04F9,
    0x04FA, 0x04FB, 0x04FC, 0x04FD, 0x04FE, 0x04FF, 0x1EA0, 0x1EA1, 0x1EA2, 0x1EA3, 0x1EA4, 0x1EA5,
    0x1EA6, 0x1EA7, 0x1EA8, 0x1EA9, 0x1EAA, 0x1EAB, 0x1EAC, 0x1EAD, 0x1EAE, 0x1EAF, 0x1EB0, 0x1EB1,
    0x1EB2, 0x1EB3, 0x1EB4, 0x1EB5, 0x1EB6, 0x1EB7, 0x1EB8, 0x1EB9, 0x1EBA, 0x1EBB, 0x1EBC, 0x1EBD,
    0x1EBE, 0x1EBF, 0x1EC0, 0x1EC1, 0x1EC2, 0x1EC3, 0x1EC4, 0x1EC5, 0x1EC6, 0x1EC7, 0x1ECC, 0x1ECD,
    0x1ECE, 0x1ECF, 0x1ED0, 0x1ED1, 0x1ED2, 0x1ED3, 0x1ED4, 0x1ED5, 0x1ED6, 0x1ED7, 0x1ED8, 0x1ED9,
    0x1EDA, 0x1EDB, 0x1EDC, 0x1EDD, 0x1EDE, 0x1EDF, 0x1EE0, 0x1EE1, 0x1EE2, 0x1EE3, 0x1EE4, 0x1EE5,
    0x1EE6, 0x1EE7, 0x1EE8, 0x1EE9, 0x1EEA, 0x1EEB, 0x1EEC, 0x1EED, 0x1EEE, 0x1EEF, 0x1EF0, 0x1EF1,
    0x1EF2, 0x1EF3, 0x1EF4, 0x1EF5, 0x1EF6, 0x1EF7, 0x1EF8, 0x1EF9, 0x2013, 0x2014, 0x2015, 0x2018,
    0x2019, 0x201A, 0x201C, 0x201D, 0x201E, 0x2039, 0x207D, 0x208D, 0x2090, 0x2092, 0xFB00,
};

static const uint8_t notoserif_16_italicKernLeftClassIds[] = {
      1,   2,   1,   3,   4,   5,   6,   5,   7,   8,   9,  10,  11,  12,  13,  14,
     15,  16,  17,  10,  18,  10,  19,  20,  21,  22,  23,  24,  25,  26,   3,  27,
     28,  29,  30,  30,  31,  28,  32,  28,  28,  29,  29,  33,  34,  35,  36,  37,
     38,  39,   3,  40,  41,  42,  43,  43,  43,  43,  43,  43,  11,   9,  11,  11,
     11,  11,  10,  17,  10,  10,  10,  10,  10,  10,  22,  22,  22,  22,  26,  10,
     35,  28,  28,  28,  28,  28,  28,  30,  30,  30,  30,  30,  30,  29,  28,  29,
     29,  29,  29,  29,  29,  28,  28,  28,  28,  38,  29,  38,   7,  28,  43,  28,
     43,  28,   9,  30,   9,  30,   9,  30,   9,  30,  10,  44,  10,  11,  30,  11,
     30,  11,  30,  11,  30,  11,  30,  13,  13,  13,  13,  28,  28,  14,  14,  15,
     32,  32,  16,  16,  45,  44,  16,  17,  28,  17,  28,  17,  28,  28,  14,  28,
     10,  29,  10,  29,  10,  29,  11,  30,  19,  34,  19,  34,  19,  34,  20,  35,
     20,  35,  20,  35,  20,  35,  21,  21,  21,  22,  28,  22,  28,  22,  28,  22,
     28,  22,  28,  22,  28,  24,  37,  26,  38,  26,  39,  39,  39,  46,  47,  48,
     49,   7,  28,  11,  30,  10,  29,  20,  35,  21,  50,  50,  51,  52,  53,  54,
     55,  55,  56,  57,  57,  58,  59,  55,  60,  55,  61,  62,  63,  52,  64,  50,
     59,  63,  55,  55,  59,  55,  55,  55,  65,  55,  66,  53,  52,  60,  67,  68,
     64,  55,  55,  64,  57,  55,  57,  65,  65,  55,  69,  70,  71,  72,  73,  74,
     75,  71,  69,  69,  76,  69,  69,  69,  77,  78,  77,  79,  78,  80,  77,  76,
     81,  69,  69,  81,  82,  69,  82,  77,  77,  69,  74,  74,  83,  72,  79,  84,
     69,  85,  86,  82,  82,  78,  76,  69,  80,  69,  65,  87,  57,  53,  72,  61,
     61,  88,  88,  63,  72,  89,  90,  65,  71,  60,  90,  60,  90,  91,  80,  65,
     71,  65,  71,  65,  87,  53,  72,  64,  81,  57,  66,  71,  92,  93,  92,  93,
     58,  59,  79,  63,  72,  59,  79,  59,  79,  59,  79,  59,  79,  64,  81,  92,
     58,  53,  72,  92,  81,  89,  90,  89,  90,  68,  76,  64,  81,  64,  81,  55,
     69,  58,  82,  94,  74,  94,  74,  59,  79,  58,  64,  81,  56,  64,  81,  81,
     64,  81,  61,  81,  61,  81,  50,  74,  50,  74,  65,  71,  65,  71,  59,  79,
     63,  71,  63,  95,  55,  81,  55,  81,  65,  71,  65,  71,  65,  71,  65,  77,
     60,  80,  60,  80,  60,  80,  55,  69,  92,  93,  55,  69,  92,  93,  68,  76,
     68,  96,  43,  28,  43,  28,  43,  28,  43,  28,  43,  28,  43,  28,  43,  28,
     43,  28,  43,  28,  43,  28,  43,  28,  43,  28,  11,  30,  11,  30,  11,  30,
     11,  30,  11,  30,  11,  30,  11,  30,  11,  30,  10,  29,  10,  29,  10,  29,
     10,  29,  10,  29,  10,  29,  10,  97,  46,  47,  46,  47,  46,  47,  46,  47,
     46,  47,  22,  28,  22,  28,  48,  49,  48,  49,  48,  49,  48,  49,  48,  49,
     26,  38,  26,  38,  26,  38,  26,  38,   6,   6,   6,  98,  99,   5,  98,  99,
      5,  41, 100, 101, 102, 103,  31,
};

static const uint16_t notoserif_16_italicKernRightCodepoints[] = {
    0x0022, 0x0026, 0x0027, 0x0029, 0x002A, 0x002C, 0x002D, 0x002E, 0x003A, 0x003B, 0x003F, 0x0041,
    0x0042, 0x0043, 0x0044, 0x0045, 0x0046, 0x0047, 0x0048, 0x0049, 0x004A, 0x004B, 0x004C, 0x004D,
    0x004E, 0x004F, 0x0050, 0x0051, 0x0052, 0x0053, 0x0054, 0x0055, 0x0056, 0x0057, 0x0058, 0x0059,
    0x005A, 0x005C, 0x005D, 0x005F, 0x0061, 0x0062, 0x0063, 0x0064, 0x0065, 0x0067, 0x0068, 0x0069,
    0x006B, 0x006C, 0x006D, 0x006E, 0x006F, 0x0070, 0x0071, 0x0072, 0x0073, 0x0074, 0x0075, 0x0076,
    0x0077, 0x0078, 0x0079, 0x007A, 0x007D, 0x00A9, 0x00AE, 0x00BB, 0x00C0, 0x00C1, 0x00C2, 0x00C3,
    0x00C4, 0x00C5, 0x00C6, 0x00C7, 0x00C8, 0x00C9, 0x00CA, 0x00CB, 0x00CC, 0x00CD, 0x00CE, 0x00CF,
    0x00D0, 0x00D1, 0x00D2, 0x00D3, 0x00D4, 0x00D5, 0x00D6, 0x00D8, 0x00D9, 0x00DA, 0x00DB, 0x00DC,
    0x00DD, 0x00DE, 0x00E0, 0x00E1, 0x00E2, 0x00E3, 0x00E4, 0x00E5, 0x00E6, 0x00E7, 0x00E8, 0x00E9,
    0x00EA, 0x00EB, 0x00EC, 0x00ED, 0x00EE, 0x00EF, 0x00F0, 0x00F1, 0x00F2, 0x00F3, 0x00F4, 0x00F5,
    0x00F6, 0x00F8, 0x00F9, 0x00FA, 0x00FB, 0x00FC, 0x00FD, 0x00FE, 0x00FF, 0x0100, 0x0101, 0x0102,
    0x0103, 0x0104, 0x0105, 0x0106, 0x0107, 0x0108, 0x0109, 0x010A, 0x010B, 0x010C, 0x010D, 0x010E,
    0x010F, 0x0110, 0x0111, 0x0112, 0x0113, 0x0114, 0x0115, 0x0116, 0x0117, 0x0118, 0x0119, 0x011A,
    0x011B, 0x011C, 0x011D, 0x011E, 0x011F, 0x0120, 0x0121, 0x0122, 0x0123, 0x0124, 0x0125, 0x0126,
    0x0127, 0x0128, 0x0129, 0x012A, 0x012B, 0x012C, 0x012D, 0x012E, 0x012F, 0x0130, 0x0132, 0x0133,
    0x0134, 0x0136, 0x0137, 0x0138, 0x0139, 0x013A, 0x013B, 0x013C, 0x013D, 0x013E, 0x013F, 0x0140,
    0x0141, 0x0142, 0x0143, 0x0144, 0x0145, 0x0146, 0x0147, 0x0148, 0x0149, 0x014A, 0x014B, 0x014C,
    0x014D, 0x014E, 0x014F, 0x0150, 0x0151, 0x0152, 0x0153, 0x0154, 0x0155, 0x0156, 0x0157, 0x0158,
    0x0159, 0x015A, 0x015B, 0x015C, 0x015D, 0x015E, 0x015F, 0x0160, 0x0161, 0x0163, 0x0165, 0x0167,
    0x0168, 0x0169, 0x016A, 0x016B, 0x016C, 0x016D, 0x016E, 0x016F, 0x0170, 0x0171, 0x0172, 0x0173,
    0x0174, 0x0175, 0x0176, 0x0177, 0x0178, 0x0179, 0x017A, 0x017B, 0x017C, 0x017D, 0x017E, 0x01A0,
    0x01A1, 0x01AF, 0x01B0, 0x01FA, 0x01FB, 0x01FC, 0x01FD, 0x01FE, 0x01FF, 0x0218, 0x0219, 0x021B,
    0x021E, 0x0400, 0x0401, 0x0402, 0x0403, 0x0404, 0x0405, 0x0406, 0x0407, 0x0408, 0x0409, 0x040A,
    0x040B, 0x040C, 0x040D, 0x040E, 0x040F, 0x0410, 0x0411, 0x0412, 0x0413, 0x0414, 0x0415, 0x0416,
    0x0417, 0x0418, 0x0419, 0x041A, 0x041B, 0x041C, 0x041D, 0x041E, 0x041F, 0x0420, 0x0421, 0x0422,
    0x0423, 0x0424, 0x0425, 0x0426, 0x0427, 0x0428, 0x0429, 0x042A, 0x042B, 0x042C, 0x042D, 0x042E,
    0x042F, 0x0430, 0x0431, 0x0432, 0x0433, 0x0434, 0x0435, 0x0436, 0x0437, 0x0438, 0x0439, 0x043A,
    0x043B, 0x043C, 0x043D, 0x043E, 0x043F, 0x0440, 0x0441, 0x0442, 0x0443, 0x0444, 0x0445, 0x0446,
    0x0447, 0x0448, 0x0449, 0x044A, 0x044B, 0x044C, 0x044D, 0x044E, 0x044F, 0x0450, 0x0451, 0x0452,
    0x0453, 0x0454, 0x0455, 0x0456, 0x0457, 0x0458, 0x0459, 0x045A, 0x045B, 0x045C, 0x045D, 0x045E,
    0x045F, 0x0460, 0x0461, 0x0466, 0x046A, 0x046E, 0x0470, 0x0471, 0x0472, 0x0473, 0x0474, 0x0475,
    0x0476, 0x0477, 0x0478, 0x0479, 0x047A, 0x047B, 0x047C, 0x047D, 0x047E, 0x047F, 0x0480, 0x0481,
    0x048B, 0x048F, 0x0496, 0x0497, 0x0498, 0x0499, 0x049F, 0x04A0, 0x04A1, 0x04A8, 0x04A9, 0x04AA,
    0x04AB, 0x04AC, 0x04AE, 0x04AF, 0x04B0, 0x04B1, 0x04B2, 0x04B3, 0x04B4, 0x04B5, 0x04B6, 0x04B7,
    0x04B8, 0x04B9, 0x04C1, 0x04C2, 0x04C5, 0x04C6, 0x04CB, 0x04CC, 0x04CE, 0x04D0, 0x04D1, 0x04D2,
    0x04D3, 0x04D4, 0x04D5, 0x04D7, 0x04D9, 0x04DB, 0x04DC, 0x04DD, 0x04DE, 0x04DF, 0x04E0, 0x04E2,
    0x04E3, 0x04E4, 0x04E5, 0x04E6, 0x04E7, 0x04E8, 0x04E9, 0x04EA, 0x04EB, 0x04EC, 0x04ED, 0x04EE,
    0x04EF, 0x04F0, 0x04F1, 0x04F2, 0x04F3, 0x04F4, 0x04F5, 0x04F8, 0x04F9, 0x04FC, 0x04FD, 0x04FE,
    0x1EA0, 0x1EA1, 0x1EA2, 0x1EA3, 0x1EA4, 0x1EA5, 0x1EA6, 0x1EA7, 0x1EA8, 0x1EA9, 0x1EAA, 0x1EAB,
    0x1EAC, 0x1EAD, 0x1EAE, 0x1EAF, 0x1EB0, 0x1EB1, 0x1EB2, 0x1EB3, 0x1EB4, 0x1EB5, 0x1EB6, 0x1EB7,
    0x1EB8, 0x1EB9, 0x1EBA, 0x1EBB, 0x1EBC, 0x1EBD, 0x1EBE, 0x1EBF, 0x1EC0, 0x1EC1, 0x1EC2, 0x1EC3,
    0x1EC4, 0x1EC5, 0x1EC6, 0x1EC7, 0x1EC9, 0x1ECB, 0x1ECC, 0x1ECD, 0x1ECE, 0x1ECF, 0x1ED0, 0x1ED1,
    0x1ED2, 0x1ED3, 0x1ED4, 0x1ED5, 0x1ED6, 0x1ED7, 0x1ED8, 0x1ED9, 0x1EDA, 0x1EDB, 0x1EDC, 0x1EDD,
    0x1EDE, 0x1EDF, 0x1EE0, 0x1EE1, 0x1EE2, 0x1EE3, 0x1EE4, 0x1EE5, 0x1EE6, 0x1EE7, 0x1EE8, 0x1EE9,
    0x1EEA, 0x1EEB, 0x1EEC, 0x1EED, 0x1EEE, 0x1EEF, 0x1EF0, 0x1EF1, 0x1EF2, 0x1EF3, 0x1EF4, 0x1EF5,
    0x1EF6, 0x1EF7, 0x1EF8, 0x1EF9, 0x2013, 0x2014, 0x2015, 0x2018, 0x2019, 0x201A, 0x201C, 0x201D,
    0x201E, 0x2026, 0x203A, 0x207E, 0x208E,
};

static const uint8_t notoserif_16_italicKernRightClassIds[] = {
      1,   2,   1,   3,   4,   5,   6,   7,   8,   8,   9,  10,  11,  12,  11,  11,
     11,  12,  11,  11,  11,  11,  11,  11,  11,  12,  11,  12,  11,  13,  14,  15,
     16,  17,  18,  19,  20,  21,   3,  22,  23,  24,  25,  25,  25,  26,  24,  27,
     24,  28,  29,  29,  25,  29,  25,  29,  30,  31,  32,  33,  34,  35,  36,  37,
      3,  38,  38,  39,  10,  10,  10,  10,  10,  10,  40,  12,  11,  11,  11,  11,
     11,  11,  11,  11,  11,  11,  12,  12,  12,  12,  12,  12,  15,  15,  15,  15,
     19,  11,  23,  23,  23,  23,  23,  23,  23,  25,  25,  25,  25,  25,  27,  27,
     27,  27,  25,  29,  25,  25,  25,  25,  25,  25,  32,  32,  32,  32,  36,  24,
     36,  10,  23,  10,  23,  10,  23,  12,  25,  12,  25,  12,  25,  12,  25,  11,
     25,  11,  25,  11,  25,  11,  25,  11,  25,  11,  25,  11,  25,  12,  25,  12,
     25,  12,  25,  12,  25,  11,  24,  11,  24,  11,  27,  11,  27,  11,  27,  11,
     27,  11,  11,  27,  11,  11,  24,  29,  11,  28,  11,  28,  11,  28,  11,  28,
     11,  28,  11,  29,  11,  29,  11,  29,  41,  11,  29,  12,  25,  12,  25,  12,
     25,  12,  25,  11,  29,  11,  29,  11,  29,  13,  30,  13,  30,  13,  30,  13,
     30,  31,  31,  31,  15,  32,  15,  32,  15,  32,  15,  32,  15,  32,  15,  32,
     17,  34,  19,  36,  19,  20,  37,  20,  37,  20,  37,  12,  25,  15,  32,  10,
     23,  40,  23,  12,  25,  13,  30,  31,  11,  42,  42,  43,  42,  44,  45,  42,
     42,  46,  47,  42,  43,  42,  42,  48,  42,  49,  42,  42,  42,  50,  42,  51,
     52,  42,  42,  42,  47,  42,  42,  44,  42,  42,  44,  43,  48,  53,  54,  42,
     55,  42,  42,  43,  42,  42,  52,  42,  56,  57,  58,  57,  59,  60,  57,  61,
     62,  63,  63,  64,  65,  65,  64,  57,  64,  66,  57,  64,  67,  57,  68,  63,
     69,  63,  63,  70,  63,  63,  61,  64,  71,  57,  57,  72,  59,  57,  73,  74,
     75,  76,  65,  64,  72,  64,  63,  67,  63,  77,  78,  49,  79,  52,  80,  63,
     77,  81,  80,  82,  80,  82,  77,  81,  77,  81,  77,  81,  77,  78,  77,  81,
     63,  66,  51,  61,  52,  61,  72,  83,  70,  77,  81,  77,  81,  83,  80,  82,
     80,  82,  54,  68,  83,  70,  55,  69,  55,  69,  51,  61,  50,  65,  55,  69,
     84,  49,  81,  49,  81,  85,  81,  81,  81,  81,  51,  61,  52,  61,  52,  42,
     63,  42,  63,  77,  81,  77,  81,  77,  81,  52,  61,  48,  67,  48,  67,  48,
     67,  55,  69,  42,  63,  54,  68,  54,  10,  23,  10,  23,  10,  23,  10,  23,
     10,  23,  10,  23,  10,  23,  10,  23,  10,  23,  10,  23,  10,  23,  10,  23,
     11,  25,  11,  25,  11,  25,  11,  25,  11,  25,  11,  25,  11,  25,  11,  25,
     86,  86,  12,  25,  12,  25,  12,  25,  12,  25,  12,  25,  12,  25,  12,  25,
     12,  25,  12,  25,  12,  25,  12,  25,  12,  25,  15,  32,  15,  32,  15,  32,
     15,  32,  15,  32,  15,  32,  15,  32,  19,  36,  19,  36,  19,  36,  19,  36,
      6,   6,   6,  87,   4,  88,  87,   4,  88,  88,  39,  89,  90,
};

static const uint16_t notoserif_16_italicKernRowOffsets[] = {
        0,     8,    13,    23,    35,    56,    63,    81,    92,    93,   104,   107,   116,   121,   125,   132,
      141,   145,   151,   161,   170,   181,   187,   198,   210,   217,   231,   245,   252,   257,   260,   265,
      267,   269,   280,   284,   290,   296,   300,   305,   309,   314,   319,   337,   352,   355,   371,   382,
      401,   405,   412,   433,   459,   463,   472,   474,   482,   503,   534,   556,   587,   613,   635,   656,
      671,   691,   711,   737,   755,   773,   792,   807,   818,   830,   835,   845,   858,   877,   897,   906,
      926,   954,   969,   975,   982,  1001,  1004,  1005,  1008,  1010,  1011,  1014,  1023,  1031,  1035,  1037,
     1038,  1039,  1056,  1080,  1081,  1082,  1084,  1085,
};

static const uint8_t notoserif_16_italicKernSparseCols[] = {
      9,  25,  26,  39,  48,  49,  64,  84,  13,  14,  15,  16,  18,  43,  45,  46,
     47,  49,  52,  64,  68,  74,  75,   1,   4,   6,   9,  39,  47,  48,  49,  64,
     80,  84,  87,  11,  13,  14,  15,  16,  18,  32,  33,  35,  42,  43,  46,  47,
     49,  52,  54,  66,  68,  69,  76,  82,  42,  47,  48,  49,  53,  54,  67,   0,
      1,   3,  11,  13,  14,  15,  16,  18,  24,  25,  31,  32,  33,  35,  37,  40,
     86,   3,   9,  13,  15,  16,  17,  18,  19,  33,  35,  39,   1,   0,   4,   6,
      9,  13,  15,  16,  17,  18,  39,  87,  15,  16,  18,   1,   4,   6,   9,  22,
     24,  25,  39,  87,  13,  15,  16,  18,  39,   4,   6,   9,  87,   1,  11,  24,
     25,  31,  33,  35,   0,   3,  13,  14,  15,  16,  18,  32,  86,   1,   4,   6,
     87,   1,   4,   6,   9,  39,  87,   1,   3,  11,  13,  14,  15,  16,  18,  33,
     35,   9,  13,  15,  16,  17,  18,  33,  35,  39,   1,   4,   6,   9,  11,  22,
     24,  25,  39,  40,  87,   1,   4,   6,   9,  39,  87,   1,   4,   6,   9,  11,
     22,  24,  25,  29,  39,  87,   1,   4,   6,   9,  11,  22,  24,  25,  29,  34,
     39,  87,  11,  12,  24,  25,  33,  35,  37,   1,   4,   6,   9,  11,  12,  22,
     24,  25,  29,  34,  36,  39,  87,  42,  43,  45,  47,  49,  52,  54,  56,  57,
     59,  66,  68,  69,  75,   0,  13,  15,  16,  18,  35,  86,  13,  15,  16,  18,
     35,  15,  16,  18,   0,   2,   3,  20,  86,  24,  25,  16,  18,   3,   4,   6,
     15,  16,  17,  18,  22,  24,  25,  87,   0,  15,  16,  18,   4,   6,  15,  16,
     18,  87,   4,   6,  15,  16,  18,  87,   4,   6,  16,  87,   3,  15,  16,  18,
     86,  13,  14,  15,  18,  42,  47,  48,  52,  54,  13,  14,  15,  16,  18,   0,
      1,   3,  11,  13,  14,  15,  16,  18,  24,  25,  31,  32,  33,  35,  37,  40,
     86,   0,   2,   3,   8,  10,  13,  14,  15,  16,  17,  18,  19,  23,  27,  86,
      3,  13,  15,   4,   6,   9,  13,  15,  16,  18,  22,  24,  25,  29,  30,  33,
     34,  35,  87,   3,   4,   6,  26,  28,  30,  31,  33,  35,  85,  87,   4,   6,
      9,  11,  14,  15,  18,  22,  23,  24,  25,  28,  29,  30,  31,  33,  35,  36,
     87,   3,  26,  28,  85,  42,  47,  52,  64,  69,  70,  83,   0,   2,   3,   7,
     21,  42,  45,  47,  48,  49,  50,  52,  53,  54,  55,  64,  66,  67,  68,  82,
     86,   3,   4,   5,   6,   7,  21,  38,  43,  44,  46,  48,  49,  52,  55,  56,
     58,  59,  62,  64,  66,  68,  70,  72,  73,  74,  87,  47,  52,  64,  67,  42,
     47,  48,  49,  52,  53,  54,  78,  82,  52,  64,  46,  48,  49,  52,  62,  64,
     73,  74,   0,   2,   3,   7,  21,  42,  45,  47,  48,  49,  50,  52,  53,  54,
     55,  64,  66,  67,  68,  82,  86,   0,   2,   3,   5,   7,  38,  42,  43,  44,
     45,  47,  51,  52,  54,  56,  58,  59,  61,  62,  64,  66,  68,  73,  74,  75,
     76,  77,  79,  81,  82,  86,   5,  38,  43,  44,  46,  49,  51,  52,  54,  56,
     57,  59,  62,  66,  68,  69,  73,  74,  76,  80,  83,  86,   2,   3,   4,   5,
      6,   7,  20,  21,  38,  43,  44,  46,  48,  49,  52,  55,  56,  58,  59,  60,
     61,  62,  63,  64,  67,  70,  72,  73,  74,  80,  87,   0,   3,   5,  38,  42,
     43,  44,  47,  51,  52,  54,  56,  57,  59,  62,  64,  66,  68,  69,  72,  73,
     74,  76,  82,  83,  86,   3,   7,  21,  42,  44,  45,  47,  48,  49,  50,  52,
     53,  54,  55,  64,  65,  66,  67,  68,  69,  70,  86,   3,   7,  21,  42,  44,
     47,  48,  49,  50,  52,  53,  54,  64,  67,  69,  70,  78,  82,  83,  84,  86,
      2,  21,  43,  45,  52,  56,  58,  59,  61,  62,  64,  69,  70,  73,  75,   2,
      4,   6,   7,  21,  42,  45,  46,  47,  48,  49,  50,  53,  54,  55,  64,  67,
     78,  82,  87,   2,   4,   6,   7,  21,  38,  46,  47,  48,  49,  50,  51,  53,
     54,  55,  64,  66,  67,  70,  87,   2,   3,   4,   6,   7,  21,  38,  41,  42,
     44,  45,  46,  47,  48,  49,  50,  51,  53,  54,  55,  64,  67,  70,  78,  86,
     87,   5,  38,  43,  44,  52,  54,  56,  58,  59,  62,  64,  66,  68,  69,  73,
     74,  76,  83,   4,   6,  41,  42,  46,  47,  48,  49,  50,  53,  54,  55,  60,
     64,  67,  68,  69,  87,   4,   6,  21,  42,  47,  48,  50,  53,  54,  60,  61,
     64,  66,  67,  68,  69,  70,  75,  87,   3,   4,   6,  42,  47,  54,  62,  64,
     66,  67,  68,  73,  74,  82,  87,   3,   4,   6,  42,  47,  54,  64,  67,  70,
     82,  87,   4,   6,  21,  47,  48,  50,  53,  54,  64,  67,  70,  87,  42,  47,
     54,  64,  67,  42,  47,  54,  55,  56,  59,  64,  66,  67,  80,   5,  42,  43,
     46,  47,  49,  51,  52,  54,  56,  57,  58,  59,   4,   6,  21,  42,  47,  48,
     50,  53,  54,  60,  61,  64,  66,  67,  68,  69,  70,  75,  87,   3,   4,   6,
     41,  42,  46,  47,  48,  49,  50,  53,  54,  55,  60,  64,  66,  67,  68,  86,
     87,  42,  47,  54,  55,  56,  59,  64,  67,  80,   2,   4,   6,  21,  42,  46,
     47,  48,  49,  50,  51,  53,  54,  58,  60,  61,  64,  67,  70,  87,   2,   3,
      4,   6,  21,  38,  41,  42,  45,  46,  47,  48,  49,  50,  52,  53,  54,  55,
     60,  64,  67,  68,  69,  70,  72,  75,  86,  87,   0,   3,  42,  46,  47,  52,
     54,  62,  66,  68,  69,  70,  73,  74,  86,  42,  47,  54,  64,  68,  86,   4,
      6,  42,  47,  54,  67,  87,   4,   6,  41,  42,  46,  47,  48,  49,  50,  53,
     54,  55,  60,  64,  67,  68,  69,  71,  87,  54,  64,  70,  64,  54,  69,  83,
     49,  64,  64,   4,   6,  87,   4,   6,  43,  48,  49,  64,  76,  80,  87,   3,
      4,   6,  48,  49,  64,  80,  87,  47,  49,  64,  78,   3,  86,  80,  35,   9,
     26,  35,  39,  46,  48,  49,  62,  64,  66,  68,  71,  73,  74,  75,  80,  84,
      9,  22,  24,  25,  29,  39,  46,  47,  48,  49,  56,  59,  62,  63,  64,  65,
     66,  68,  69,  71,  73,  74,  75,  84,  88,  89,   0,  35,  35,
};

static const int8_t notoserif_16_italicKernSparseValues[] = {
     -43,  -21,   11,  -64,  -43,  -43,  -32,  -64,  -21,   -5,  -27,  -21,  -24,  -11,   16,  -11,
      11,    5,  -11,  -11,   -5,   16,   21,  -11,  -64,  -64,  -27,  -43,  -11,  -27,  -37,  -27,
     -27,  -43,  -64,  -11,  -37,   -5,  -48,  -43,  -37,  -27,  -11,  -11,  -32,  -11,    5,  -11,
      11,  -16,  -69,  -11,  -37,  -37,  -11,  -37,  -21,  -11,   -5,   -5,   -5,  -21,  -11,  -43,
     -11,  -37,  -11,  -32,  -11,  -43,  -37,  -37,  -11,  -11,  -11,  -32,  -16,  -27,  -27,  -27,
     -48,  -11,  -11,  -11,  -21,  -16,  -11,  -21,  -11,   -5,  -11,  -16,  -11,  -16,  -11,  -21,
     -11,  -11,  -11,  -11,  -11,  -16,  -27,  -11,  -11,  -11,  -11,  -21,  -43,  -43,  -37,  -21,
     -21,  -21,  -59,  -43,  -11,  -11,  -11,  -11,  -11,  -11,  -11,  -11,  -11,  -11,  -11,  -11,
     -11,  -11,  -16,  -16,  -32,  -43,  -37,  -11,  -43,  -27,  -32,  -16,  -48,  -11,  -11,  -11,
     -11,  -11,  -64,  -64,  -27,  -43,  -64,  -11,  -11,  -11,  -11,   -5,  -16,  -16,  -16,  -11,
     -11,  -11,  -11,  -11,  -11,  -11,  -11,   -5,  -11,  -11,  -11,  -48,  -48,  -32,  -11,  -16,
     -16,  -16,  -43,   27,  -48,  -11,  -11,  -11,  -11,  -11,  -11,  -16,  -59,  -59,  -43,  -11,
     -32,  -32,  -32,  -21,  -69,  -59,  -16,  -48,  -48,  -32,  -11,  -27,  -32,  -32,  -16,  -11,
     -69,  -48,  -11,   -5,   -5,   -5,  -16,  -27,  -21,  -16,  -43,  -43,  -37,  -16,  -11,  -32,
     -37,  -37,  -32,   -5,   -5,  -48,  -43,  -21,  -11,   32,  -16,   27,  -21,  -59,  -11,  -11,
     -11,   21,  -43,  -11,   32,  -21,  -11,  -27,  -21,  -27,  -11,  -21,  -16,  -32,  -32,  -37,
     -11,  -27,  -27,  -37,   43,   48,   43,   53,   32,  -11,  -11,  -21,  -11,   16,  -91,  -91,
     -16,  -21,  -27,  -16,  -11,  -11,  -11,  -91,  -11,  -16,  -16,  -27,  -27,  -37,  -16,  -11,
     -16,  -37,  -37,  -37,  -11,  -11,  -16,  -37,  -48,  -48,  -11,  -48,  -11,  -21,  -16,  -16,
     -11,  -11,   -5,  -27,  -32,  -27,  -21,  -11,   -5,  -21,  -16,   -5,  -27,  -27,  -27,  -43,
     -11,  -37,  -11,  -32,  -11,  -43,  -37,  -37,  -11,  -11,  -11,  -27,  -16,  -27,  -27,  -27,
     -48,   16,   37,   21,   16,   27,   37,   37,   48,   37,   37,   53,   43,   48,   48,   16,
     -16,  -16,  -27,  -16,  -16,  -21,   11,   11,   11,   11,  -11,  -11,  -11,  -11,  -11,  -11,
     -11,  -11,  -16,   11,   -5,   -5,    5,   11,   16,   11,   16,   16,    5,   -5,  -16,  -16,
     -32,  -11,    5,   16,   16,  -27,    5,  -32,  -32,  -16,  -32,  -11,  -16,  -11,  -11,  -16,
     -16,   11,    5,   11,    5,  -11,  -11,   -8,  -11,  -11,  -11,  -11,  -91,  -11,  -43,   -5,
      -5,  -43,   -8, -128,   -5,   -5,   -5,  -11,  -11,  -32,   -5,   -8,   -5,   -5,  -16,  -37,
     -80,   16,  -32,  -21,  -32,  -16,  -21,  -27,  -11,   -5,  -16,  -32,  -21,  -13,   -8,  -16,
      -5,  -16,   11,  -32,   21,    5,  -16,   -8,   11,   11,  -32,   -5,   -5,   -5,   -5,   -5,
      -5,   -5,   -5,  -13,   -5,  -16,  -11,  -11,   -5,  -11,  -11,  -11,   -8,  -11,   16,  -11,
      16,   16,  -53,  -11,  -27,   -5,   -5,  -43,   -8,  -64,   -5,   -5,   -5,  -11,  -11,  -32,
      -5,   -8,   -5,   -5,  -16,  -21,  -48,  -64,  -21,  -37,  -11,  -11,  -27,  -48,  -32,  -21,
     -16,  -75,  -21,  -43,  -69,  -11,   -5,  -11,   -5,  -11,  -11,  -21,  -27,  -11,  -11,  -11,
      -5,  -11,  -27,  -16,  -37,  -53,  -11,  -16,  -16,   -5,    5,   11,   -5,  -27,  -11,  -11,
      -5,  -11,   -5,   -5,  -16,  -16,   -5,   -3,   -5,  -11,  -16,  -11,    5,   21,  -59,  -11,
     -59,  -11,   11,  -43,  -21,  -27,   -5,  -32,  -69,  -43,  -32,  -21,  -27,  -16,  -43,  -21,
      -5,   -5,  -11,  -64,   -5,  -11,  -16,   -5,   16,  -21,  -59,  -43,  -37,   -5,  -11,  -32,
     -16,   -5,  -43,   -5,  -27,  -64,  -16,  -11,  -16,  -11,   -5,  -32,  -37,  -21,   -5,  -11,
     -11,  -11,  -32,  -21,  -48,   -5,  -11,   -5,  -13,   -5,  -16,  -16,   -5,  -11,   -5,  -11,
      -5,  -21,   -5,  -11,   -5,   -8,  -13,  -11,   -5,  -11,  -11,   -5,  -11,   -5,  -19,   -5,
     -27,   -5,   -8,   -8,   -5,   -5,  -27,  -11,   -5,  -11,   -5,  -11,  -11,  -11,  -16,  -11,
       5,   16,   -5,   11,  -11,   -8,   -5,   -8,   -5,   -5,  -11,   -5,   -5,   -5,    5,  -11,
     -11,  -11,  -11,  -11,  -11,   -8,   -8,  -40,  -11,  -19,  -11,  -11,   -5,   -5,  -21,   -5,
     -11,  -11,  -11,  -11,  -64,  -64,  -11,  -21,   -5,  -27,  -11,  -27,  -37,  -21,   -8,  -21,
     -13,   -5,  -27,   16,   -5,   -5,  -64,  -11,   -5,  -16,  -16,  -16,  -21,   -5,   -5,  -21,
     -11,  -11,  -16,  -48,  -16,  -27,  -21,  -11,  -21,  -16,  -16,  -21,  -11,   -3,  -11,  -16,
     -16,  -11,  -11,  -11,   -5,  -21,  -11,   -8,   -5,   -8,   -3,   -5,   -5,   -8,  -21,   -3,
      11,  -11,  -16,   16,   16,   11,  -11,   27,  -21,   24,   21,   32,   21,  -27,   27,    5,
      16,    8,   -5,   -8,   16,  -11,  -11,  -11,  -21,  -53,  -11,   -5,   -8,  -19,   -5,   -5,
     -11,   -8,  -19,   -8,   -3,   -5,   -5,  -11,   -5,   -5,   -5,  -16,  -37,  -27,   -8,   -8,
      -5,   -8,   -8,   -8,   -8,  -11,   -5,   11,  -11,  -11,   -5,  -27,  -11,  -16,   -5,   -5,
     -11,  -11,  -11,  -11,  -11,  -27,  -11,   -5,   -5,   -8,  -16,   -8,   -8,  -11,   -5,  -21,
     -11,   -5,   -5,   -5,  -21,   -8,    3,   -5,   -5,   -5,    5,   -3,  -11,  -16,   -8,   -5,
       5,  -27,    5,   -5,   -5,  -27,  -11,   -3,   -5,  -11,  -11,  -11,  -11,  -21,  -37,  -11,
      -5,   -8,  -19,   -5,   -5,  -11,   -8,  -19,   -8,   -3,   -5,   -5,  -11,   16,   11,   11,
      13,  -21,   27,  -16,   24,   24,   32,   24,  -32,   27,    5,   16,   -5,    8,  -11,  -16,
      11,   -5,  -21,   -8,    3,   -5,   -5,   -5,   -3,  -11,   -5,  -11,  -11,  -11,   -5,   -8,
     -16,  -11,  -11,   -5,  -11,   -5,  -16,   -5,  -11,   -5,  -37,  -19,   -5,  -11,   21,  -11,
      11,   11,   43,    8,   16,  -11,   16,   29,   -8,   29,   29,   37,   -5,   32,  -27,   35,
      11,   21,   13,   -5,   -8,    8,    5,   16,  -11,   11,  -37,  -32,  -37,    5,  -37,   -5,
     -59,   -5,  -19,  -24,  -27,   -5,   -5,   -5,  -32,  -11,  -53,  -29,  -16,   -5,  -11,  -11,
     -11,  -11,  -27,  -27,   -8,  -11,   16,   16,   11,  -13,   27,  -13,   24,   21,   32,   21,
     -27,   27,    5,   16,    8,   -5,   -8,    5,   16,  -11,  -27,  -11,  -21,  -11,  -16,  -16,
     -32,  -37,  -37,  -48,  -48,  -48,  -37,  -37,  -11,  -32,  -32,  -32,  -11,  -11,  -37,   16,
     -37,  -37,  -32,  -21,  -32,  -21,  -37,  -11,  -27,  -21,  -11,  -11,  -11,  -11,  -11,  -37,
       5,   11,  -75,  -16,  -37,  -32,   11,  -16,   37,   21,   16,   27,   27,   16,  -21,  -75,
     -48,   -5,   -5,   -5,  -27,  -75,  -21,   11,  -37,  -32,   -5,   -5,   21,   21,  -11,   21,
      27,   32,   27,   27,   21,   21,   11,  -75,   35,   37,  -16,   -8,   -8,
};

static const EpdLigaturePair notoserif_16_italicLigaturePairs[] = {
    { 0x00660066, 0xFB00 }, // f f -> U+FB00
    { 0x00660069, 0xFB01 }, // f i -> U+FB01
    { 0x0066006C, 0xFB02 }, // f l -> U+FB02
    { 0xFB000069, 0xFB03 }, // U+FB00 i -> U+FB03
    { 0xFB00006C, 0xFB04 }, // U+FB00 l -> U+FB04
};

static const EpdFontData notoserif_16_italic = {
    notoserif_16_italicBitmaps,
    notoserif_16_italicGlyphs,
    notoserif_16_italicIntervals,
    18,
    45,
    36,
    -10,
    true,
    notoserif_16_italicGroups,
    13,
    nullptr,
    nullptr,  // kernLeftClasses: built-in fonts use the split arrays below
    nullptr,  // kernRightClasses
    notoserif_16_italicKernLeftCodepoints,
    notoserif_16_italicKernLeftClassIds,
    notoserif_16_italicKernRightCodepoints,
    notoserif_16_italicKernRightClassIds,
    nullptr,  // kernMatrix: built-in fonts use the sparse form below
    notoserif_16_italicKernRowOffsets,
    notoserif_16_italicKernSparseCols,
    notoserif_16_italicKernSparseValues,
    551,
    557,
    103,
    90,
    notoserif_16_italicLigaturePairs,
    5,
};
