/**
 * generated by fontconvert.py
 * name: notosans_14_bold
 * size: 14
 * mode: 2-bit  compressed: true
 * Command used: fontconvert.py notosans_14_bold 14 ../builtinFonts/source/NotoSans/NotoSans-Bold.ttf --2bit --compress --pnum --zopfli
 */
#pragma once
#include "EpdFontData.h"

static const uint8_t notosans_14_boldBitmaps[30599] = {
    0xC5, 0x99, 0x3F, 0xB0, 0xE5, 0x44, 0x76, 0xC6, 0x3F, 0x49, 0x3B, 0x23, 0xDB, 0x2A, 0x57, 0x13,
    0x2C, 0xB5, 0x55, 0xE0, 0xB2, 0xF2, 0x49, 0x94, 0x27, 0x6E, 0xB1, 0x94, 0x8B, 0x60, 0x03, 0x26,
    0x00, 0x3B, 0x20, 0x20, 0xD9, 0x64, 0x71, 0x30, 0xC9, 0xC6, 0xD3, 0x9A, 0x25, 0x20, 0x20, 0x80,
    0xC4, 0x39, 0x01, 0xB8, 0xCC, 0x0B, 0x8C, 0x03, 0x47, 0xAE, 0xDA, 0xE9, 0x06, 0x02, 0x07, 0x0E,
    0x10, 0x35, 0xB5, 0xDE, 0x10, 0xB9, 0x0C, 0xEB, 0xF2, 0x10, 0xD0, 0x36, 0xED, 0x1D, 0x3D, 0xA6,
    0xD5, 0x9F, 0x4F, 0xF7, 0xD5, 0xBD, 0xBC, 0x57, 0xB3, 0x3C, 0x3F, 0x1B, 0x57, 0xB9, 0xD5, 0xDF,
    0xAF, 0xF5, 0xD4, 0xA7, 0xFF, 0x9F, 0xD6, 0xED, 0x7B, 0x9F, 0x99, 0xCD, 0xA2, 0xE7, 0xD3, 0xE5,
    0x8E, 0xD7, 0x20, 0x17, 0x24, 0xDC, 0x80, 0x16, 0x0B, 0xB1, 0x71, 0x72, 0xF7, 0x71, 0xDC, 0xE3,
    0x2F, 0xF6, 0x38, 0xFC, 0x78, 0x7D, 0xE6, 0xB9, 0x77, 0xD1, 0x2C, 0x7F, 0x02, 0xB4, 0xFE, 0x2E,
    0xD0, 0x2D, 0xBF, 0x14, 0xCC, 0x1B, 0xA0, 0x5C, 0x3C, 0xA0, 0x27, 0xE9, 0xBF, 0x05, 0x74, 0xE3,
    0x71, 0x80, 0x69, 0x17, 0xBC, 0xC6, 0x0F, 0xBE, 0x99, 0x0C, 0x49, 0x57, 0x50, 0x6D, 0xBD, 0x03,
    0xA2, 0xA0, 0x5A, 0x87, 0x09, 0xF5, 0x3A, 0x8C, 0x68, 0x82, 0x06, 0x1A, 0x2F, 0x28, 0xA1, 0x1B,
    0x8B, 0x2A, 0x9B, 0x46, 0x45, 0x7A, 0x2D, 0x32, 0xFC, 0x60, 0xB6, 0x6F, 0x8E, 0xA3, 0x08, 0xF6,
    0xCB, 0x11, 0x9A, 0x23, 0x7A, 0x06, 0x34, 0xE4, 0x88, 0x3B, 0x9C, 0xD1, 0xD1, 0xA3, 0x7B, 0x35,
    0xA0, 0x7B, 0x71, 0x7D, 0xB7, 0x7B, 0x31, 0xD8, 0xAF, 0xE8, 0x2D, 0x39, 0x8B, 0xC6, 0x9B, 0xF6,
    0xF3, 0x53, 0x9D, 0xB8, 0x89, 0x63, 0xA8, 0x39, 0x42, 0x8F, 0x50, 0x9C, 0x61, 0x81, 0x9E, 0x1E,
    0x1B, 0x64, 0x02, 0x42, 0x1D, 0x25, 0x79, 0x7E, 0x2D, 0x63, 0xF8, 0x71, 0x54, 0x4B, 0x49, 0x7A,
    0x97, 0x93, 0x55, 0x4F, 0x25, 0xCF, 0xDC, 0xFC, 0x1C, 0xC3, 0xC7, 0x61, 0xD3, 0x09, 0x3D, 0xFF,
    0x23, 0x5A, 0x8E, 0x1D, 0x1F, 0x84, 0x34, 0xB8, 0x2A, 0x75, 0xFF, 0x1E, 0x95, 0x03, 0xD4, 0x87,
    0x51, 0xCD, 0x80, 0xBE, 0x57, 0x12, 0x53, 0x95, 0x24, 0x95, 0xA4, 0x8A, 0xC8, 0x53, 0xD0, 0x04,
    0xD0, 0x3A, 0x74, 0x1E, 0x9A, 0x80, 0x3C, 0xEF, 0x37, 0x94, 0x30, 0x62, 0x0F, 0x66, 0x2B, 0xBD,
    0xE4, 0x04, 0xB4, 0xE4, 0x0C, 0xA8, 0x73, 0xE3, 0x85, 0x5E, 0x15, 0xF6, 0x99, 0x41, 0xCF, 0x92,
    0xBB, 0xD1, 0x01, 0x0D, 0x09, 0xA0, 0xE2, 0x2A, 0xEC, 0xE8, 0x6B, 0x62, 0x60, 0x6C, 0x36, 0xE8,
    0x47, 0x6C, 0x23, 0xAC, 0xE3, 0x27, 0x2B, 0xE8, 0x34, 0xBD, 0x50, 0x71, 0x81, 0x9D, 0x1B, 0x3A,
    0x98, 0xF3, 0x3C, 0x7B, 0x9A, 0x64, 0x80, 0x22, 0xBF, 0xDA, 0x50, 0x31, 0x35, 0x1C, 0x51, 0x8D,
    0x00, 0x76, 0x5F, 0x99, 0xF2, 0x35, 0x8C, 0xCF, 0x8C, 0xB8, 0x8F, 0x3A, 0xA2, 0x59, 0x73, 0xB7,
    0xD5, 0x82, 0xC1, 0x41, 0x4B, 0x9C, 0x60, 0x46, 0x58, 0xE4, 0xC8, 0x0B, 0xB1, 0x3C, 0xC9, 0x59,
    0x7A, 0xCA, 0x66, 0xC3, 0x9C, 0x8B, 0x74, 0x3E, 0x17, 0xAF, 0x36, 0xE0, 0x67, 0x18, 0x26, 0xA8,
    0x79, 0x7F, 0x52, 0xC7, 0xF2, 0x70, 0x2F, 0x39, 0xEE, 0xC5, 0x2E, 0xC7, 0xD2, 0xCC, 0x58, 0x6C,
    0xB2, 0x71, 0x53, 0x7A, 0xA2, 0x3C, 0xFA, 0x19, 0xB7, 0xF6, 0x59, 0x53, 0xCB, 0x41, 0xDD, 0x5C,
    0x34, 0xBC, 0xF1, 0x4F, 0xAB, 0x26, 0xB3, 0xE2, 0x0D, 0x73, 0x7E, 0x1B, 0x3A, 0x02, 0x29, 0x49,
    0x6B, 0x66, 0x6C, 0xA2, 0x76, 0x55, 0xF8, 0x63, 0xE0, 0xA9, 0xBC, 0x09, 0x46, 0x40, 0xB9, 0x27,
    0x64, 0xC9, 0xC0, 0x5D, 0x4F, 0xBF, 0xFA, 0xAB, 0xDB, 0x4F, 0xDA, 0x4C, 0xB8, 0x71, 0x5B, 0x05,
    0xE5, 0xD5, 0xD2, 0xCF, 0x43, 0x9E, 0x29, 0xDC, 0x3A, 0x1B, 0x35, 0xF7, 0x78, 0x71, 0x6F, 0x01,
    0x44, 0x5D, 0x7A, 0xDD, 0xAE, 0xE8, 0x42, 0xE9, 0xF8, 0x02, 0xED, 0x72, 0x2C, 0xA3, 0xAA, 0xD2,
    0x55, 0xF9, 0xC7, 0x60, 0xD6, 0xE2, 0xF4, 0x1D, 0xE9, 0xFA, 0x64, 0xFD, 0x20, 0x7E, 0xA0, 0x67,
    0xB5, 0x6A, 0xD7, 0xAD, 0xC6, 0xB5, 0xF1, 0xBB, 0x24, 0xF9, 0x31, 0xDB, 0x0D, 0x5E, 0x85, 0xEC,
    0x47, 0x1D, 0x39, 0x37, 0xE4, 0x04, 0xBB, 0x21, 0xAF, 0x75, 0x6E, 0x74, 0x58, 0xC1, 0xB5, 0xE1,
    0xDA, 0x73, 0x35, 0x5F, 0xAE, 0xFA, 0xCD, 0xF5, 0x0F, 0xBB, 0x15, 0xD7, 0x8C, 0x39, 0x98, 0x54,
    0x1C, 0x75, 0x20, 0xBD, 0x74, 0x6D, 0xED, 0x9C, 0x8A, 0x15, 0xDA, 0x88, 0xA2, 0x6C, 0xA3, 0x02,
    0xA0, 0x3D, 0x60, 0x5D, 0xD9, 0x7D, 0xDD, 0x06, 0x0C, 0x01, 0xB0, 0xF3, 0xE1, 0xCF, 0x08, 0x0C,
    0xE9, 0xEC, 0x7D, 0x4D, 0xA6, 0xA3, 0x20, 0xE1, 0x26, 0x57, 0x18, 0x72, 0x14, 0xCD, 0xFA, 0x37,
    0x5C, 0x7E, 0xAF, 0xD4, 0xD1, 0x8B, 0x86, 0x05, 0x90, 0x45, 0xFC, 0x33, 0x8E, 0x35, 0x57, 0xD4,
    0x3C, 0x17, 0xD1, 0x01, 0x36, 0xE7, 0x07, 0x40, 0x15, 0x8D, 0xD2, 0xC8, 0xF9, 0x73, 0xD6, 0x93,
    0x9C, 0x45, 0xE3, 0x1D, 0xAE, 0xC0, 0x0F, 0x81, 0x43, 0x79, 0x98, 0x0C, 0x0A, 0xEA, 0x8C, 0x36,
    0x43, 0x65, 0x0C, 0x5F, 0x09, 0x4C, 0x36, 0xD9, 0x04, 0x75, 0x14, 0xB4, 0x5E, 0xA0, 0x16, 0xC1,
    0xE0, 0x04, 0xE6, 0xA1, 0xFD, 0x06, 0x96, 0xE4, 0x01, 0xAF, 0x9D, 0xC9, 0x9F, 0x7B, 0xA5, 0x97,
    0xA0, 0xF2, 0x5A, 0xED, 0x1A, 0xB2, 0x66, 0xE0, 0x28, 0xFD, 0xE9, 0x08, 0xCD, 0x4D, 0xC4, 0x49,
    0x34, 0xFF, 0xBE, 0x74, 0xF4, 0x30, 0x2B, 0xEA, 0x82, 0x06, 0x7F, 0xF7, 0x65, 0x7A, 0x43, 0x3A,
    0xD1, 0x38, 0x9C, 0x06, 0x50, 0x66, 0x67, 0x81, 0xA1, 0xAF, 0x48, 0xDF, 0xF2, 0xBD, 0xDB, 0x6A,
    0xCD, 0x53, 0xB3, 0xD7, 0xFD, 0xE1, 0x4F, 0xA1, 0xDF, 0xE2, 0x64, 0x6C, 0x29, 0xBB, 0x9A, 0xA0,
    0xA2, 0x99, 0xB3, 0x3F, 0x34, 0x45, 0x7A, 0x16, 0xF9, 0x2E, 0xF6, 0xE7, 0x77, 0xD6, 0x8E, 0xF4,
    0x65, 0xF2, 0x4C, 0x2A, 0xFE, 0x60, 0xC9, 0x28, 0xDA, 0x76, 0x1D, 0x17, 0xF0, 0x38, 0xE9, 0x73,
    0x59, 0x44, 0x70, 0x44, 0x45, 0xA0, 0x49, 0x87, 0x35, 0x3E, 0x35, 0xEE, 0x2F, 0x99, 0xD4, 0xBB,
    0x49, 0x09, 0x76, 0x43, 0xF1, 0x5D, 0xD2, 0xEB, 0x70, 0x27, 0xFB, 0x6E, 0xD0, 0x4E, 0xB4, 0x28,
    0xDF, 0xAF, 0x66, 0xC9, 0x79, 0x35, 0x13, 0x2A, 0x51, 0xBE, 0x1F, 0x56, 0xEB, 0xCD, 0xAC, 0x56,
    0x3B, 0xB5, 0xD1, 0x4E, 0x4D, 0xCC, 0xA9, 0x59, 0xFA, 0x55, 0x93, 0x5E, 0x91, 0x73, 0xCD, 0xD2,
    0xDF, 0xBD, 0xEE, 0x80, 0x96, 0x44, 0x9E, 0x67, 0x7D, 0x6E, 0x17, 0x33, 0xF7, 0xDE, 0xBA, 0xBD,
    0x6C, 0x96, 0xEB, 0xA2, 0x3C, 0x8B, 0x3A, 0x31, 0xF6, 0x7C, 0x1C, 0x3B, 0x7E, 0x1D, 0xF1, 0x37,
    0x2F, 0xAC, 0x40, 0x17, 0x0E, 0x63, 0xD3, 0xCB, 0x0F, 0x6E, 0xD2, 0x29, 0x12, 0x8A, 0x51, 0x34,
    0xA3, 0xBA, 0x0D, 0x09, 0xDA, 0x95, 0x5D, 0x3C, 0xFF, 0xC1, 0x88, 0x0B, 0xE1, 0xF2, 0xEE, 0xEE,
    0xA4, 0xFF, 0xFD, 0xAA, 0x42, 0xFD, 0x36, 0x2E, 0x86, 0x27, 0xDE, 0x0F, 0x7B, 0xF8, 0x39, 0xD0,
    0x06, 0xC0, 0x84, 0xE2, 0x72, 0x65, 0xEB, 0xCC, 0xE5, 0x95, 0x2F, 0x09, 0x6C, 0x9E, 0x48, 0xBE,
    0x8D, 0xCA, 0x6E, 0x40, 0xC7, 0xA5, 0x0C, 0xAD, 0xD8, 0xE3, 0xA7, 0x22, 0x71, 0xB5, 0xB3, 0x77,
    0x8E, 0xEF, 0xA5, 0x7C, 0x8F, 0x3D, 0xEC, 0xCF, 0x8A, 0xB0, 0x87, 0x9C, 0x99, 0x76, 0x17, 0x37,
    0x69, 0x77, 0xF3, 0xE1, 0x74, 0x13, 0xA4, 0x91, 0x90, 0x1B, 0xAB, 0xCB, 0x36, 0x1B, 0x91, 0x4B,
    0xA6, 0xBD, 0x1C, 0x4E, 0x4E, 0x16, 0x60, 0xC8, 0xAC, 0x49, 0xFF, 0x15, 0xDD, 0x0F, 0xCB, 0xF2,
    0x16, 0x39, 0x80, 0x0E, 0x0D, 0x81, 0x3E, 0xEE, 0xBB, 0x7B, 0x02, 0xB8, 0x37, 0xBA, 0x87, 0xE2,
    0xAD, 0x04, 0x2A, 0x4E, 0xA2, 0x11, 0xE0, 0xFE, 0x0C, 0x77, 0xD2, 0xE1, 0xE3, 0x2D, 0x97, 0xE5,
    0x07, 0xB9, 0xF9, 0x09, 0x66, 0x6E, 0x62, 0x9E, 0xCF, 0xCE, 0xDF, 0x78, 0xBF, 0x8E, 0xBD, 0xD3,
    0x5C, 0xE2, 0x70, 0x8F, 0x5C, 0x7E, 0xA9, 0x9B, 0xAD, 0x5B, 0xEE, 0x9A, 0xD6, 0x77, 0x8B, 0xB9,
    0xDB, 0x2D, 0xC2, 0xFB, 0x6A, 0x56, 0x07, 0xCE, 0x77, 0xEF, 0xAB, 0x45, 0xCD, 0xDB, 0xDD, 0xCE,
    0x0F, 0xFF, 0x1C, 0x4D, 0x43, 0x32, 0xE8, 0xE7, 0x18, 0xB8, 0x0C, 0xEE, 0xD6, 0x74, 0x6B, 0x54,
    0x0B, 0x90, 0xDD, 0x34, 0x37, 0x5C, 0xF3, 0x8B, 0x57, 0x56, 0xC0, 0x90, 0xC2, 0x9B, 0xE4, 0x5C,
    0xD6, 0x49, 0xD0, 0xD0, 0x15, 0xCE, 0xD8, 0xE7, 0x1D, 0x8A, 0x3E, 0xF3, 0x71, 0x10, 0x0E, 0xFF,
    0xBA, 0x0A, 0xF5, 0x83, 0x28, 0x34, 0x1F, 0x6F, 0x42, 0x7B, 0x8F, 0x42, 0x8E, 0x65, 0x6C, 0xBB,
    0xAF, 0xDB, 0x3C, 0x1D, 0x67, 0x74, 0x79, 0x58, 0x5C, 0xD0, 0x09, 0x3D, 0x54, 0x61, 0x1F, 0xA0,
    0xD6, 0x3C, 0x49, 0x2A, 0x42, 0x2F, 0x68, 0x37, 0x98, 0x19, 0x4D, 0xDA, 0x67, 0xD0, 0xF0, 0xDF,
    0x60, 0xC9, 0x45, 0xB4, 0xDA, 0x87, 0x36, 0xFB, 0xEB, 0x66, 0x5D, 0xB3, 0xAB, 0x8B, 0xF6, 0x57,
    0x36, 0x58, 0x72, 0x12, 0xBD, 0x9D, 0x6D, 0xF6, 0x7C, 0x5A, 0x57, 0xF3, 0x90, 0xB6, 0x49, 0xCA,
    0x95, 0xFD, 0x7A, 0xA8, 0x27, 0x9D, 0xD6, 0xEF, 0x1C, 0x65, 0xF1, 0x2A, 0x92, 0x63, 0xCB, 0x87,
    0x84, 0x4A, 0xB8, 0x81, 0xBE, 0x8C, 0xC7, 0x67, 0x2C, 0x19, 0xB3, 0xC0, 0x14, 0xB8, 0xD3, 0xDD,
    0x7C, 0xCA, 0xCD, 0x76, 0x43, 0x10, 0xA8, 0x0D, 0x15, 0x3A, 0x7E, 0x61, 0xD1, 0x90, 0x04, 0x6C,
    0xC6, 0xB3, 0xDC, 0x00, 0x3C, 0x8D, 0x3C, 0x8C, 0xF2, 0x68, 0xCE, 0x58, 0x33, 0x12, 0xA4, 0xAB,
    0x1C, 0xAD, 0xAB, 0xE8, 0xAC, 0x83, 0x9D, 0x05, 0x66, 0x11, 0xE8, 0x02, 0x7F, 0xC2, 0xE9, 0x99,
    0xC9, 0x26, 0xD6, 0xED, 0x25, 0x72, 0xD9, 0x87, 0x4C, 0xA7, 0xFA, 0x66, 0xC1, 0x3E, 0xA0, 0x0B,
    0x1A, 0x73, 0xA7, 0x2F, 0xE9, 0xE1, 0x59, 0xB6, 0x39, 0xA9, 0x3C, 0x7B, 0xD2, 0x66, 0x7C, 0xA2,
    0x9E, 0xAB, 0xEA, 0xCC, 0x22, 0xAF, 0xAE, 0xF7, 0xB2, 0xF6, 0x50, 0x33, 0x8D, 0x18, 0xC8, 0x05,
    0x24, 0x5D, 0xC3, 0x6F, 0xAC, 0x53, 0x1C, 0xAB, 0xB1, 0x8F, 0x00, 0x06, 0x7F, 0x9C, 0xE0, 0x7D,
    0x0D, 0x9E, 0x39, 0x7B, 0xC7, 0xCC, 0x3D, 0x7D, 0x81, 0x2E, 0x58, 0xC4, 0x4A, 0x7B, 0xC1, 0x10,
    0x04, 0x6A, 0x13, 0xE4, 0x35, 0xF0, 0x4D, 0x71, 0x2D, 0x9B, 0xF1, 0x6C, 0x6E, 0xA3, 0xAC, 0x81,
    0xC3, 0xB0, 0x5C, 0x03, 0x32, 0x7C, 0xBB, 0x18, 0x92, 0x17, 0x21, 0x19, 0xD7, 0x86, 0x66, 0x38,
    0xC4, 0x96, 0x53, 0x4D, 0x5C, 0x27, 0x36, 0x1C, 0x4F, 0xA5, 0xD0, 0xFB, 0xEF, 0x15, 0x07, 0x0F,
    0xBD, 0xDC, 0xE2, 0xAC, 0xE9, 0x34, 0xA1, 0x57, 0xA0, 0x8C, 0xDD, 0x3A, 0xE3, 0xEA, 0xBC, 0x78,
    0x79, 0x87, 0xB9, 0x7E, 0x15, 0x68, 0x2F, 0xA0, 0x83, 0xF9, 0x88, 0x23, 0xCC, 0x3F, 0x24, 0xC0,
    0x7C, 0xB2, 0x0A, 0xE8, 0x33, 0xCA, 0xDD, 0x26, 0x78, 0x4C, 0xC1, 0xA7, 0x9C, 0xC4, 0xD8, 0xCE,
    0xA5, 0xD8, 0xB1, 0x02, 0x15, 0x05, 0x0D, 0xB1, 0xD7, 0x0C, 0x3A, 0x01, 0xEC, 0xF7, 0xD5, 0xC3,
    0xB3, 0xBC, 0x97, 0xE7, 0xA3, 0xCC, 0x0A, 0xE8, 0xD5, 0x44, 0xC0, 0x46, 0xB3, 0x01, 0x8C, 0x26,
    0x15, 0x12, 0xB5, 0xD0, 0x8E, 0xCD, 0xE3, 0x68, 0xCC, 0xD4, 0x3C, 0x8A, 0xE6, 0x8E, 0xEB, 0xBE,
    0x8E, 0xE6, 0x55, 0xA7, 0xFE, 0x25, 0x9A, 0xB7, 0x16, 0xF5, 0x40, 0xE8, 0x87, 0x8F, 0xA3, 0x79,
    0xC3, 0xEB, 0xD7, 0xA3, 0x79, 0x3D, 0xE8, 0xE7, 0x85, 0xD1, 0x34, 0xD1, 0xFC, 0x22, 0x26, 0xE1,
    0xBD, 0xB4, 0x09, 0x27, 0xC6, 0x4C, 0xBB, 0x66, 0x9A, 0x90, 0xA9, 0x7D, 0xE6, 0xB0, 0x08, 0x03,
    0xEA, 0x68, 0x22, 0xE4, 0x2E, 0x65, 0xB0, 0x60, 0xCA, 0x98, 0x05, 0x26, 0x1B, 0xBE, 0x1A, 0x04,
    0x3F, 0x89, 0x82, 0xD7, 0x53, 0xAE, 0x9B, 0xA5, 0xD2, 0x8F, 0x05, 0xE6, 0x81, 0x40, 0x7F, 0x2D,
    0xE8, 0x7F, 0x2B, 0xE8, 0x28, 0x68, 0x32, 0xEA, 0x0C, 0x14, 0x98, 0x0C, 0x1D, 0x71, 0x08, 0x1D,
    0x57, 0xA1, 0x25, 0x27, 0xD4, 0xC5, 0x8B, 0x3B, 0x3E, 0xE4, 0x0A, 0xB5, 0xA1, 0x8F, 0x18, 0x56,
    0xB4, 0x09, 0xDA, 0xA3, 0x21, 0xF4, 0x22, 0x06, 0x30, 0x33, 0x2A, 0x8E, 0xDF, 0xC5, 0x62, 0xB3,
    0xDB, 0x0F, 0x41, 0xCA, 0xEE, 0xF5, 0x74, 0xFC, 0x0D, 0x57, 0x94, 0x5D, 0xB2, 0xB7, 0x85, 0x67,
    0x79, 0x0E, 0x94, 0x8D, 0x02, 0xC3, 0xCF, 0xF3, 0xC3, 0x51, 0xB4, 0x88, 0xBC, 0xCD, 0x47, 0x0E,
    0xA7, 0xF2, 0xCB, 0x77, 0x97, 0x92, 0xBF, 0x4D, 0x28, 0x79, 0xA4, 0xB3, 0x4C, 0xB2, 0x68, 0x6F,
    0x5F, 0xB9, 0xA8, 0xFF, 0xEF, 0xA3, 0x4B, 0x90, 0xF0, 0x23, 0x8E, 0x42, 0x70, 0xCE, 0x34, 0x3E,
    0x73, 0x88, 0x99, 0x1D, 0x61, 0xF8, 0xEE, 0x6E, 0x2D, 0xF0, 0x32, 0x20, 0x06, 0x58, 0xD7, 0x47,
    0x41, 0x77, 0x19, 0x6A, 0x85, 0x7C, 0xEE, 0xF8, 0xE3, 0x6B, 0x37, 0x61, 0xC7, 0x87, 0x1C, 0xCB,
    0x0B, 0x5A, 0xA0, 0x17, 0xC1, 0x10, 0xB2, 0x71, 0x14, 0xB4, 0x49, 0xD0, 0x50, 0x00, 0x3A, 0xE4,
    0x60, 0xCB, 0x59, 0x6E, 0xE9, 0xC9, 0x59, 0xCB, 0x6B, 0xCF, 0xCC, 0xD5, 0xE9, 0xBD, 0xAA, 0xBD,
    0x28, 0x1D, 0x8E, 0xDC, 0x4D, 0xD9, 0x81, 0x9C, 0xCA, 0x51, 0x08, 0x76, 0x01, 0x86, 0x72, 0xD0,
    0x7F, 0x47, 0x52, 0xFB, 0x97, 0x65, 0x7F, 0x38, 0x11, 0x06, 0x86, 0x72, 0x7A, 0x30, 0x24, 0x0B,
    0xC6, 0x13, 0x00, 0xB5, 0xE2, 0xFF, 0x1C, 0x66, 0xC2, 0x30, 0x97, 0x8F, 0xA6, 0xEF, 0x03, 0x53,
    0x30, 0xC3, 0xCC, 0xDA, 0x83, 0x6E, 0x48, 0xAF, 0x70, 0x52, 0x24, 0xD1, 0x90, 0x11, 0x30, 0x65,
    0xA1, 0x6E, 0x03, 0x76, 0x44, 0xB7, 0x4A, 0x09, 0xB5, 0x6A, 0xC1, 0xE1, 0xBD, 0x3F, 0x78, 0xE8,
    0x59, 0x09, 0x9C, 0x0A, 0x87, 0x95, 0xE1, 0xD8, 0x08, 0xD0, 0x6C, 0x15, 0x51, 0xA7, 0x66, 0x03,
    0xD8, 0x44, 0xC1, 0x0B, 0x02, 0xF3, 0x66, 0x00, 0xF4, 0x27, 0x5E, 0xF0, 0x99, 0xA0, 0xCF, 0x35,
    0x2B, 0xBA, 0x8C, 0x72, 0xDA, 0x1A, 0x81, 0x86, 0x38, 0x7D, 0x97, 0xB6, 0x53, 0x45, 0x89, 0xE5,
    0xCD, 0xE6, 0xEA, 0x04, 0xED, 0x1A, 0x3A, 0xA9, 0x51, 0xCF, 0x4D, 0xDE, 0xF6, 0x18, 0x96, 0x96,
    0x4B, 0x1B, 0xD1, 0xFB, 0xEE, 0xB1, 0xEF, 0x56, 0x28, 0xAF, 0xBE, 0xF4, 0x2A, 0x40, 0x05, 0xF5,
    0xEB, 0xA0, 0x3C, 0xBA, 0xB5, 0x7F, 0xB0, 0xF6, 0x1E, 0x6D, 0x94, 0xD7, 0xCF, 0xB0, 0xA0, 0x89,
    0xFA, 0xA3, 0xA8, 0xE7, 0x9C, 0xDE, 0xDB, 0xB4, 0x43, 0xBD, 0x99, 0x31, 0x49, 0x5A, 0x25, 0x0B,
    0x9A, 0x09, 0x60, 0x82, 0xB5, 0x23, 0xC0, 0x0D, 0x86, 0x00, 0x6C, 0x84, 0xCE, 0xA9, 0x91, 0x34,
    0x01, 0xD0, 0x2B, 0x86, 0x2D, 0xA7, 0xE1, 0x70, 0xA8, 0x5C, 0xD0, 0xAF, 0x43, 0x80, 0xF6, 0x2A,
    0xC2, 0xCC, 0xED, 0x06, 0xBA, 0x9A, 0x35, 0x01, 0xBE, 0x9E, 0x00, 0xF3, 0x59, 0xB6, 0x61, 0x38,
    0x38, 0x11, 0x5A, 0x3A, 0xA0, 0xE1, 0xB4, 0x0F, 0xB9, 0xE7, 0xB2, 0xE7, 0xDA, 0x7F, 0x8C, 0xA8,
    0xF8, 0x7C, 0x42, 0xC3, 0x8A, 0x63, 0x9E, 0xC2, 0xFC, 0x62, 0xD7, 0x8B, 0xF6, 0x18, 0x82, 0x9D,
    0x91, 0xF7, 0x3C, 0x06, 0x6F, 0x96, 0xC3, 0x33, 0x9B, 0xA7, 0x3A, 0xDB, 0xD5, 0x79, 0x96, 0x9B,
    0x0D, 0x35, 0xA5, 0x0C, 0xF8, 0x62, 0xAE, 0xEA, 0xAB, 0x3C, 0xB7, 0x87, 0xEA, 0x4B, 0x43, 0x40,
    0xDE, 0x91, 0x10, 0xC3, 0x6B, 0x41, 0x93, 0xBC, 0x8C, 0x5C, 0x58, 0x7D, 0x7B, 0x12, 0x58, 0x04,
    0xB9, 0xFA, 0xBA, 0xD4, 0xBC, 0x15, 0x3F, 0x3C, 0x66, 0x9A, 0x59, 0x90, 0x9B, 0x6D, 0x2E, 0x67,
    0xEA, 0x6F, 0xCE, 0xCA, 0x79, 0x87, 0x17, 0xC0, 0x58, 0x2E, 0x5C, 0xEB, 0x7A, 0x29, 0xDB, 0x9E,
    0xFD, 0xB5, 0x1D, 0x61, 0x4E, 0xBF, 0xD8, 0xF8, 0x1C, 0xDB, 0x15, 0x4D, 0x44, 0xBD, 0xA1, 0x4A,
    0xC7, 0xDF, 0x67, 0xF4, 0x15, 0x16, 0xD0, 0xC9, 0xC8, 0x25, 0xB7, 0xD7, 0xB8, 0x9E, 0x2E, 0xB6,
    0xB7, 0xDE, 0x47, 0xEB, 0x00, 0xA8, 0x25, 0xC3, 0x1F, 0x5F, 0x55, 0x7A, 0x13, 0xDC, 0x37, 0x82,
    0xA8, 0x47, 0xD4, 0x6B, 0xEF, 0xD0, 0x78, 0x35, 0xA3, 0xF5, 0xAD, 0x87, 0x9A, 0x9B, 0x80, 0xDE,
    0x55, 0x31, 0x77, 0x66, 0xC3, 0x2D, 0xE0, 0x35, 0x3C, 0xFD, 0xF2, 0xCB, 0xA3, 0x26, 0xDD, 0xAD,
    0xB3, 0xB3, 0xE9, 0xE5, 0x11, 0x66, 0x81, 0x0A, 0x65, 0xC6, 0x2D, 0x70, 0xE3, 0x78, 0x0C, 0x83,
    0x22, 0x5D, 0x47, 0xFA, 0xE6, 0xED, 0xC1, 0x23, 0x5B, 0x64, 0xDD, 0x61, 0x50, 0x64, 0xD0, 0xFC,
    0x20, 0xD8, 0x59, 0x05, 0x3A, 0xD1, 0xD4, 0xCB, 0xBD, 0x09, 0xA6, 0x3C, 0x7F, 0x14, 0x3A, 0xBE,
    0x1E, 0x70, 0x1B, 0x25, 0x70, 0xFA, 0x0E, 0xBD, 0x99, 0x40, 0x4B, 0x47, 0xD2, 0xF3, 0x3F, 0x4D,
    0xAE, 0x67, 0x95, 0xD6, 0x22, 0xA7, 0xAC, 0xB6, 0xA8, 0xDC, 0xBB, 0x2C, 0xB5, 0x66, 0x9B, 0x62,
    0x6B, 0xE8, 0x92, 0x4A, 0xC0, 0xB1, 0x01, 0xC3, 0xB1, 0xA1, 0x58, 0x90, 0xD3, 0xB0, 0xBD, 0x02,
    0xED, 0x0F, 0x2B, 0x6F, 0xDD, 0x65, 0x19, 0x91, 0x5E, 0x44, 0xDB, 0x2B, 0xD9, 0xD6, 0xB5, 0x22,
    0xD8, 0x0B, 0x5F, 0x8A, 0xCB, 0xF0, 0x9F, 0x54, 0xC5, 0x07, 0x5B, 0xC7, 0x47, 0x5B, 0x4F, 0x6E,
    0xFA, 0xFC, 0xCE, 0xA6, 0x97, 0x6E, 0x33, 0xE5, 0x8B, 0xC6, 0x65, 0x19, 0x91, 0x5E, 0xDA, 0x6C,
    0x53, 0x6C, 0x3B, 0xFE, 0x76, 0xAB, 0xF9, 0xE9, 0x86, 0x1F, 0x7C, 0xFB, 0x85, 0x7E, 0xEF, 0xA7,
    0x1F, 0x42, 0x1F, 0xF4, 0xFE, 0x03, 0x83, 0x25, 0x4F, 0xBA, 0xD8, 0xCF, 0x61, 0xC5, 0xDF, 0x66,
    0xDB, 0x46, 0x04, 0xCB, 0x39, 0x8F, 0xB7, 0x48, 0x73, 0x04, 0x89, 0x5A, 0xD4, 0xF0, 0xC6, 0xA9,
    0xA7, 0x1D, 0x23, 0xCC, 0xAE, 0x1F, 0xA5, 0x97, 0xF6, 0xE7, 0xD7, 0x57, 0x0E, 0x95, 0xF4, 0xB7,
    0xE3, 0x37, 0xD7, 0x1F, 0xEB, 0xDA, 0xEF, 0x63, 0x7D, 0xBC, 0xD5, 0x7C, 0x20, 0x63, 0xCD, 0x35,
    0xB5, 0xF1, 0x29, 0xA8, 0x38, 0xBC, 0x67, 0xD7, 0x81, 0xF4, 0x22, 0x77, 0x93, 0xE7, 0x57, 0xFB,
    0xC2, 0x4F, 0x38, 0xD2, 0x70, 0x21, 0x19, 0x78, 0x6E, 0x56, 0xCE, 0x2A, 0xEE, 0xBE, 0x70, 0x2D,
    0x01, 0xC3, 0xAC, 0x17, 0xBD, 0xF4, 0x0E, 0xC8, 0xB3, 0x77, 0xF5, 0x05, 0x94, 0x9D, 0xC9, 0x29,
    0x47, 0x83, 0x3D, 0x30, 0x3F, 0xF9, 0x9F, 0xC7, 0xF1, 0x2F, 0x38, 0x5A, 0xE6, 0xC5, 0x35, 0x0B,
    0x4A, 0xB0, 0xD3, 0xD5, 0xE8, 0x36, 0xC1, 0x10, 0x04, 0x66, 0x86, 0xBD, 0xC7, 0x09, 0xF6, 0x8D,
    0x04, 0xD8, 0xB7, 0x56, 0x81, 0xF5, 0x02, 0x16, 0xAC, 0x19, 0x9B, 0xE0, 0x01, 0x05, 0x13, 0xA7,
    0xBD, 0xC4, 0x34, 0x78, 0x81, 0x8A, 0x82, 0x36, 0x95, 0x49, 0xBD, 0xFE, 0x85, 0x43, 0x48, 0x1D,
    0x9F, 0xA3, 0x07, 0x0D, 0x7F, 0xCD, 0x0D, 0x2C, 0x01, 0xB2, 0xC1, 0xF8, 0xE7, 0x04, 0xE7, 0x3E,
    0x56, 0x1C, 0xE9, 0x54, 0x84, 0x24, 0x93, 0x5A, 0x0F, 0x49, 0xF8, 0x1E, 0xC9, 0xDE, 0xE6, 0x48,
    0xFD, 0xBB, 0xD6, 0xB8, 0xBD, 0x96, 0x8E, 0x07, 0xA4, 0x86, 0x9C, 0xCB, 0x1E, 0x5A, 0xFB, 0x98,
    0x7D, 0xD0, 0xB8, 0x26, 0xD9, 0xA2, 0x9A, 0x59, 0xF9, 0xDE, 0x88, 0x72, 0x5E, 0xB6, 0x51, 0x64,
    0xC8, 0x65, 0x2E, 0xEE, 0x75, 0x76, 0x09, 0xD4, 0xFF, 0x8B, 0x77, 0x8F, 0xA5, 0xE3, 0x8B, 0x09,
    0x9C, 0x6E, 0x7F, 0xA7, 0x2F, 0x7F, 0xBF, 0x7D, 0xF4, 0xE8, 0xC2, 0x3E, 0xFA, 0x2E, 0x21, 0x75,
    0x2B, 0x87, 0x95, 0x36, 0x90, 0x81, 0x01, 0x74, 0x57, 0x3B, 0xE9, 0xE9, 0x97, 0x8D, 0x81, 0x84,
    0x61, 0x82, 0x9D, 0xFE, 0x48, 0x04, 0xD8, 0x80, 0xD3, 0x3F, 0x88, 0x6A, 0x26, 0x60, 0x20, 0xF6,
    0x9F, 0x9D, 0xC6, 0xBF, 0x93, 0xD4, 0x92, 0xC5, 0x05, 0x0D, 0x17, 0xE0, 0x25, 0x94, 0xB3, 0x64,
    0x44, 0x15, 0x51, 0x47, 0x74, 0x4C, 0x9A, 0xC9, 0x30, 0x3D, 0xBB, 0xBD, 0xD4, 0x46, 0x3C, 0x19,
    0x1B, 0x89, 0xFC, 0xD3, 0x86, 0xA9, 0x62, 0x82, 0x49, 0xA8, 0x46, 0x8E, 0xDD, 0x2A, 0x8A, 0xFF,
    0xAD, 0xA6, 0xEC, 0x19, 0x7D, 0xB4, 0x5F, 0xD8, 0x68, 0xC8, 0x38, 0xF0, 0x51, 0xEC, 0xF8, 0x51,
    0xC4, 0x53, 0x38, 0x6C, 0x39, 0xE3, 0x2A, 0x42, 0xCF, 0x75, 0xC2, 0xB0, 0x34, 0x1B, 0x7A, 0x2F,
    0xCD, 0xA9, 0x50, 0x7E, 0x5F, 0x57, 0x1E, 0x4D, 0xEC, 0x05, 0xDB, 0x30, 0xA3, 0x4A, 0xDA, 0xE1,
    0x70, 0x92, 0x2A, 0xC7, 0x28, 0x43, 0x00, 0x3A, 0x1D, 0x3F, 0x34, 0x55, 0xC4, 0xBE, 0x91, 0xA4,
    0x46, 0xB5, 0x81, 0xA3, 0x76, 0x43, 0x02, 0xA5, 0x56, 0xCD, 0x2A, 0x49, 0xBD, 0xDA, 0x48, 0xF5,
    0xCA, 0x1B, 0xDD, 0xE4, 0x06, 0xEE, 0xEB, 0x17, 0xA2, 0x34, 0xB1, 0x0D, 0x6F, 0xAE, 0x68, 0x63,
    0xEC, 0x3F, 0x09, 0x68, 0x62, 0x54, 0x9F, 0xE4, 0xD6, 0xA2, 0xFA, 0x6C, 0x91, 0xF6, 0xD6, 0xEE,
    0xAB, 0x19, 0x60, 0x28, 0x67, 0x2B, 0xFA, 0x26, 0x27, 0x56, 0x92, 0x09, 0x30, 0x4B, 0xCD, 0x9D,
    0x83, 0x6F, 0x13, 0x54, 0x54, 0x11, 0xE2, 0xA2, 0x1E, 0x35, 0xCD, 0x02, 0x90, 0x6E, 0xEF, 0xE1,
    0x90, 0x8E, 0xDD, 0xB4, 0x1C, 0x0F, 0x19, 0x0D, 0xF5, 0x82, 0x2E, 0x96, 0x9F, 0xC5, 0xBA, 0x08,
    0xED, 0x9B, 0x04, 0x3B, 0xD7, 0x1C, 0x2F, 0xCD, 0x47, 0xAE, 0x39, 0x77, 0xF8, 0x34, 0x1F, 0x6D,
    0x3C, 0xCE, 0x47, 0x9D, 0xE7, 0x03, 0xDF, 0xCE, 0x87, 0xC9, 0xF3, 0xA1, 0x4F, 0xAD, 0xA9, 0x78,
    0x42, 0x10, 0xF4, 0xC7, 0xB3, 0xD5, 0x2D, 0xBA, 0x6C, 0x36, 0xED, 0xFD, 0xD1, 0x9F, 0x0B, 0x06,
    0xD2, 0x1D, 0xF5, 0xF4, 0xCB, 0x74, 0xA8, 0x79, 0x38, 0x5D, 0xA9, 0xF5, 0xF4, 0x5F, 0x8B, 0xEC,
    0x44, 0x4D, 0x02, 0xBA, 0x08, 0xF4, 0xE7, 0xE5, 0xA8, 0x31, 0x1F, 0x85, 0x9B, 0x01, 0x3A, 0xC0,
    0x06, 0x70, 0x06, 0x81, 0xCB, 0xB1, 0x4E, 0x30, 0x11, 0x76, 0xC9, 0xF9, 0x77, 0xB6, 0x52, 0xF7,
    0xEF, 0x88, 0x25, 0x5B, 0x07, 0x54, 0xEF, 0xE0, 0xFE, 0x15, 0xE1, 0x67, 0x7F, 0x5F, 0x6C, 0xE9,
    0x71, 0x27, 0xA0, 0x0B, 0x68, 0x2F, 0xC6, 0x15, 0x8D, 0xD4, 0x9F, 0xF3, 0x7C, 0x59, 0xA3, 0x25,
    0xFB, 0xED, 0x65, 0x9B, 0xEE, 0xD0, 0x4D, 0x0F, 0xCE, 0x78, 0x0F, 0xB8, 0xF9, 0x2E, 0x60, 0x38,
    0xFD, 0x9C, 0x64, 0x38, 0xFF, 0x80, 0x61, 0xAA, 0x38, 0x43, 0xC2, 0x7F, 0x01, 0xCD, 0x5A, 0x3F,
    0x8C, 0x1F, 0xC7, 0x79, 0x7D, 0xBB, 0xAB, 0xE3, 0x1A, 0x5E, 0x24, 0xC3, 0x42, 0xD7, 0x98, 0x40,
    0xB6, 0x8E, 0x82, 0x68, 0x9B, 0x94, 0x22, 0x67, 0x0C, 0x21, 0x48, 0xE1, 0x42, 0x57, 0xF0, 0xA2,
    0x42, 0x85, 0x9A, 0x34, 0xAE, 0xAE, 0x4D, 0xA1, 0x68, 0x46, 0x22, 0x90, 0x14, 0x29, 0xC2, 0x3A,
    0x69, 0x58, 0xB8, 0x30, 0x98, 0xE2, 0x52, 0xA4, 0x70, 0x21, 0xDE, 0x0E, 0xCD, 0xD2, 0xCD, 0x58,
    0x8A, 0x91, 0x22, 0x85, 0x36, 0xB0, 0x9D, 0x00, 0x64, 0xE1, 0x81, 0xB4, 0xB4, 0x96, 0xE6, 0xEC,
    0xBE, 0xCC, 0x87, 0xB9, 0xDF, 0xF1, 0x48, 0xD0, 0xFA, 0x13, 0x9F, 0x40, 0xCE, 0xCD, 0x7B, 0xB3,
    0xB7, 0xFB, 0xCD, 0xF7, 0xBD, 0xF9, 0xBB, 0x73, 0xBF, 0xFB, 0xF5, 0x4E, 0x07, 0x3B, 0xE9, 0xD0,
    0x3B, 0x00, 0xF8, 0x9E, 0x1B, 0xFC, 0xE0, 0xF5, 0x93, 0x9F, 0x20, 0x3F, 0x62, 0x61, 0xA7, 0x7D,
    0x03, 0x49, 0xCA, 0x15, 0x1C, 0x3D, 0x42, 0x4B, 0xBA, 0x9E, 0x34, 0x7A, 0x1B, 0x61, 0xA7, 0x0A,
    0xA3, 0x07, 0xE8, 0x4E, 0x61, 0x9E, 0x5C, 0xCB, 0x7D, 0x1B, 0x2F, 0x19, 0x4D, 0x1A, 0x95, 0x51,
    0x93, 0x40, 0xFF, 0x1F, 0x4F, 0x7C, 0xED, 0xA1, 0xA4, 0x9E, 0x37, 0x31, 0x72, 0xAE, 0xC8, 0xD8,
    0xF0, 0x9F, 0xA7, 0x66, 0x05, 0xDA, 0xF4, 0x04, 0xEF, 0xAC, 0x87, 0x20, 0x69, 0x04, 0xC7, 0xDB,
    0x6D, 0x73, 0xFE, 0x59, 0xB7, 0x00, 0x7D, 0x04, 0xC6, 0xFB, 0xB7, 0x7F, 0x4C, 0x32, 0xED, 0xF0,
    0x1D, 0xD4, 0x46, 0x1F, 0xFD, 0x57, 0xD0, 0xE4, 0xA4, 0x48, 0xA7, 0x26, 0x6B, 0x7A, 0xDF, 0xBB,
    0xDE, 0x29, 0x2F, 0x50, 0x41, 0x3B, 0xB5, 0xD1, 0x0C, 0xA4, 0x17, 0x9B, 0x3F, 0xD9, 0x6B, 0x1C,
    0x00, 0x8C, 0x0E, 0x34, 0xDA, 0xD7, 0xC4, 0x20, 0x3A, 0x54, 0xCC, 0x41, 0xBA, 0x59, 0xCD, 0x68,
    0x52, 0x1F, 0x51, 0xAF, 0x43, 0x00, 0xA8, 0x3D, 0x30, 0xD2, 0x00, 0x9A, 0xC8, 0x24, 0x72, 0xC9,
    0x58, 0xA8, 0x7A, 0xF7, 0xD1, 0x01, 0x72, 0x15, 0xA0, 0x3E, 0xDE, 0x6E, 0x95, 0x7B, 0x0D, 0x39,
    0x95, 0x7B, 0xE7, 0xE8, 0xE4, 0x49, 0xFA, 0x21, 0xF0, 0xEC, 0x8D, 0x7D, 0xB4, 0x5C, 0x7A, 0xAE,
    0xFA, 0x17, 0xC9, 0xE2, 0x15, 0xED, 0xA0, 0x27, 0x28, 0xE9, 0xC6, 0x38, 0x7C, 0x9A, 0x74, 0xB5,
    0x5A, 0x9C, 0x68, 0x73, 0xA2, 0xA7, 0x4D, 0x31, 0xD5, 0x9C, 0x31, 0x24, 0xD4, 0x1B, 0xB0, 0x1D,
    0x60, 0x7B, 0xFF, 0xED, 0xD5, 0x72, 0x19, 0x18, 0x70, 0x1D, 0x43, 0x35, 0xDB, 0x1B, 0x29, 0xE7,
    0xD7, 0xAB, 0x19, 0x25, 0xD5, 0x5C, 0x00, 0x0C, 0x1B, 0x1D, 0xB0, 0xA2, 0x9D, 0xD1, 0x4C, 0xC0,
    0x1D, 0x74, 0xEE, 0x68, 0x19, 0xD0, 0x57, 0x4C, 0x9D, 0xBB, 0xDA, 0x4E, 0xAF, 0x36, 0xFE, 0x0D,
    0xE5, 0x51, 0x87, 0xBF, 0x55, 0x06, 0xD5, 0xF4, 0xEF, 0x3D, 0x50, 0x45, 0x61, 0xC4, 0x72, 0x5D,
    0xEE, 0xBF, 0xA1, 0x5C, 0xB6, 0x79, 0xA3, 0x0D, 0x68, 0xFC, 0xD0, 0xE4, 0xBA, 0x5E, 0x99, 0x71,
    0xE9, 0xD1, 0x4E, 0x15, 0xFE, 0x0E, 0xD5, 0x8A, 0x7A, 0x01, 0xF4, 0xFD, 0x31, 0x00, 0x97, 0xB8,
    0x02, 0x67, 0x63, 0xDE, 0xD1, 0xF4, 0x0C, 0x7F, 0xFC, 0x83, 0x09, 0x4D, 0xEC, 0x18, 0xF5, 0x83,
    0xA8, 0x9B, 0xA8, 0xBB, 0xA8, 0x19, 0xFB, 0x87, 0xB1, 0x32, 0xC0, 0x65, 0x18, 0x9C, 0x54, 0x4B,
    0xC5, 0x66, 0x6D, 0x56, 0xB5, 0xA8, 0x65, 0x88, 0x3A, 0x8E, 0x7E, 0xBC, 0x4B, 0x08, 0xE4, 0x5A,
    0x2D, 0x3A, 0xCA, 0x33, 0xB1, 0x11, 0x5B, 0xA9, 0x33, 0x92, 0x33, 0x4F, 0xB1, 0x7F, 0xF8, 0xB6,
    0x8C, 0xC3, 0x33, 0xA8, 0x0E, 0x5E, 0xBB, 0x6D, 0x34, 0x4F, 0xF3, 0x57, 0xF4, 0xCA, 0x0D, 0x86,
    0x01, 0x7D, 0xC3, 0x25, 0xF7, 0x4A, 0x13, 0xEE, 0xE4, 0x5E, 0x69, 0xC2, 0xD5, 0xDC, 0x2B, 0x99,
    0x73, 0xAF, 0x34, 0xE1, 0xA3, 0xDC, 0x2B, 0x0D, 0x67, 0x08, 0x87, 0xDC, 0x2B, 0xCD, 0xC7, 0xB1,
    0x9A, 0xB2, 0xCD, 0x52, 0x87, 0xCC, 0xEF, 0x49, 0xAF, 0x84, 0x6B, 0xB9, 0x57, 0xDE, 0x0C, 0xFD,
    0xBB, 0x68, 0x27, 0x7C, 0x79, 0xAF, 0x40, 0x93, 0xDB, 0x0E, 0x00, 0xDA, 0x0D, 0x03, 0xBD, 0x3D,
    0x9E, 0xEE, 0x34, 0x31, 0xD5, 0x92, 0x4F, 0xDA, 0xA8, 0x19, 0x7A, 0xBA, 0xEA, 0xC7, 0xA5, 0x96,
    0xF2, 0xCF, 0x02, 0xB7, 0xC7, 0xFB, 0x3F, 0xDA, 0x75, 0xC1, 0xE1, 0xD1, 0x2F, 0x0E, 0x9E, 0x67,
    0x23, 0x69, 0x67, 0x23, 0xB8, 0x24, 0x91, 0x7C, 0x76, 0xFD, 0x47, 0x6A, 0x42, 0xCE, 0xBD, 0x87,
    0x76, 0xD8, 0xD0, 0x2E, 0xE8, 0x27, 0x68, 0xC6, 0x92, 0xB3, 0x99, 0xA6, 0x1F, 0x8E, 0xA7, 0x57,
    0xDA, 0x88, 0x76, 0xAA, 0x47, 0xDF, 0xD0, 0xD4, 0xC7, 0x32, 0x8A, 0x39, 0x5F, 0x3B, 0x12, 0x71,
    0x43, 0xE9, 0xD4, 0x43, 0x34, 0x84, 0x5A, 0x30, 0x4C, 0xB0, 0x06, 0xD7, 0x01, 0x9A, 0x36, 0xD1,
    0x75, 0x5F, 0x03, 0x2A, 0xD1, 0xF7, 0x89, 0x0F, 0xED, 0xE9, 0x72, 0xFE, 0x22, 0x71, 0xFC, 0x38,
    0xF1, 0x2F, 0x01, 0xBA, 0xE7, 0x43, 0x52, 0x45, 0x6E, 0x5D, 0xC6, 0xC0, 0xF5, 0x7D, 0xCD, 0xE5,
    0x9A, 0xC0, 0x3E, 0x07, 0x72, 0x7F, 0xC8, 0x50, 0x19, 0x75, 0x06, 0x5E, 0xF9, 0xC9, 0x35, 0xE0,
    0xEB, 0xE2, 0x6F, 0xFE, 0x74, 0x0F, 0x65, 0x63, 0xD4, 0x7E, 0x0F, 0x9D, 0x57, 0x53, 0x9B, 0x90,
    0xFE, 0x3A, 0xD9, 0xC5, 0x06, 0xBC, 0x06, 0x10, 0x2D, 0x31, 0xE4, 0x6C, 0xF1, 0x1D, 0x0D, 0x3C,
    0x37, 0x43, 0xD6, 0xAA, 0x62, 0x18, 0xFE, 0x25, 0xEA, 0x7A, 0xBE, 0x96, 0x73, 0x35, 0xE7, 0x0B,
    0xFD, 0x57, 0x51, 0x71, 0x6A, 0x69, 0x70, 0x19, 0x7B, 0x78, 0x05, 0x03, 0xEE, 0xC8, 0x54, 0x37,
    0x43, 0xB4, 0x5E, 0xA6, 0x7F, 0x99, 0xEA, 0x6F, 0x6E, 0x82, 0xDD, 0x92, 0x90, 0x67, 0x62, 0x23,
    0xB6, 0x52, 0x07, 0xEF, 0x03, 0x49, 0xDC, 0xD7, 0x09, 0x6A, 0x93, 0x61, 0xD1, 0x1B, 0xBA, 0x09,
    0x7F, 0x7E, 0x22, 0x43, 0x8A, 0x13, 0x68, 0x27, 0x6C, 0x21, 0xBC, 0x0A, 0xD7, 0xA9, 0xBE, 0x85,
    0x93, 0x66, 0x56, 0x11, 0x27, 0x5D, 0x1C, 0x32, 0x2B, 0xAF, 0x23, 0x7E, 0x38, 0xB8, 0xC7, 0x11,
    0xB0, 0xF5, 0xE7, 0x99, 0xB7, 0xE6, 0x93, 0x88, 0x2A, 0xA9, 0x1B, 0x11, 0xCD, 0x3C, 0xFC, 0xEB,
    0xEF, 0x90, 0x0D, 0x49, 0xA8, 0x20, 0x3C, 0x78, 0x48, 0x18, 0x08, 0x4B, 0x74, 0x9C, 0x86, 0x3F,
    0x8D, 0x7F, 0x2A, 0x60, 0xA7, 0xA0, 0x48, 0x28, 0x1A, 0xCE, 0x44, 0x88, 0x8A, 0x2B, 0xB7, 0x72,
    0xD1, 0x3C, 0xE4, 0x9A, 0x8B, 0xEE, 0x33, 0x12, 0x22, 0xE4, 0xD6, 0x08, 0x51, 0x22, 0xB6, 0x82,
    0x0D, 0x02, 0xF1, 0x5D, 0xC9, 0xB6, 0x0C, 0x34, 0x33, 0x86, 0x00, 0x74, 0x11, 0x23, 0x00, 0x15,
    0x6A, 0xD2, 0x60, 0xF0, 0x8D, 0x14, 0x1A, 0x52, 0x00, 0x92, 0xAE, 0xAC, 0xC0, 0x0A, 0x4B, 0x93,
    0xEB, 0x5E, 0x3B, 0xF2, 0x22, 0x4B, 0x79, 0x51, 0xD5, 0xBB, 0xDE, 0xA3, 0xDB, 0x44, 0x93, 0xCA,
    0x06, 0xC0, 0x9E, 0x75, 0xA2, 0x48, 0xDD, 0x4D, 0xDF, 0xBD, 0x69, 0xD4, 0x27, 0x73, 0x3F, 0x9D,
    0x8C, 0x3F, 0x8B, 0x7A, 0x1A, 0xF9, 0x56, 0xE0, 0x74, 0x65, 0x19, 0x3E, 0x78, 0x3C, 0x01, 0xB6,
    0xF9, 0x34, 0xF3, 0xA6, 0xFE, 0x69, 0x42, 0x95, 0x7A, 0x35, 0xA1, 0x99, 0xF5, 0xF1, 0x02, 0x59,
    0x9C, 0x2B, 0x54, 0x10, 0x1E, 0x3C, 0xF2, 0x7D, 0x6D, 0x84, 0x25, 0x49, 0x31, 0xCC, 0x05, 0x7D,
    0x04, 0x2E, 0x39, 0xEC, 0x92, 0xE8, 0x2F, 0xCF, 0x33, 0x46, 0x8F, 0x86, 0x46, 0xD4, 0x40, 0xC7,
    0x0C, 0x0F, 0x58, 0x81, 0xAF, 0xA0, 0x1F, 0x1E, 0x79, 0x4D, 0x06, 0x95, 0x51, 0x73, 0x05, 0x24,
    0xED, 0x1D, 0x08, 0xAB, 0x24, 0x5C, 0x53, 0x18, 0xD6, 0xED, 0x02, 0xCA, 0x6E, 0x87, 0x5D, 0x6A,
    0xE8, 0x21, 0x1C, 0x24, 0x22, 0x27, 0x31, 0x61, 0x14, 0x7E, 0x3C, 0x03, 0x18, 0xFE, 0x77, 0x01,
    0xA0, 0x3F, 0x11, 0x47, 0xF6, 0x9E, 0x38, 0x1F, 0x3F, 0x20, 0x00, 0x9A, 0xCC, 0x15, 0x73, 0x89,
    0x9A, 0x45, 0xDD, 0x6D, 0x7A, 0xB4, 0x24, 0x27, 0x74, 0x99, 0x23, 0x94, 0x30, 0xFA, 0x59, 0x96,
    0xBB, 0x8E, 0xA2, 0x45, 0x4F, 0x68, 0x57, 0xD8, 0x80, 0x66, 0x03, 0xA5, 0x8A, 0x28, 0x39, 0x84,
    0x04, 0x16, 0xCF, 0x62, 0x0B, 0x69, 0x9B, 0xF0, 0x26, 0x84, 0xEB, 0x78, 0x59, 0x74, 0x1E, 0x96,
    0x9E, 0xF4, 0x67, 0xD1, 0xFB, 0xFF, 0x94, 0x88, 0xF6, 0xFB, 0x9B, 0xC8, 0xC4, 0xFE, 0x4B, 0xA2,
    0xB3, 0xA4, 0x6E, 0x56, 0x12, 0x8B, 0xA3, 0x44, 0xA1, 0x44, 0xF9, 0xA8, 0x5F, 0x50, 0xDE, 0x9E,
    0x2F, 0x87, 0xCE, 0xDE, 0x88, 0x7F, 0xFD, 0xD3, 0x74, 0xC6, 0xBD, 0x99, 0x21, 0xE9, 0xA5, 0x19,
    0xF1, 0x57, 0xCB, 0x88, 0x3B, 0xD1, 0xF0, 0x40, 0x34, 0xB4, 0x1F, 0x4E, 0xC2, 0xF7, 0x84, 0x45,
    0xD5, 0x0B, 0xD4, 0x36, 0x88, 0x15, 0x60, 0x4B, 0x31, 0x96, 0x82, 0x52, 0xA0, 0xDE, 0xFA, 0x28,
    0xD2, 0x92, 0x14, 0xE8, 0x16, 0x29, 0xA0, 0x66, 0x29, 0xD0, 0xC7, 0xFE, 0x77, 0xB7, 0x6F, 0x42,
    0x87, 0x5E, 0x02, 0x5A, 0x2F, 0x05, 0x46, 0x27, 0x05, 0x78, 0x7F, 0x8C, 0x40, 0x5D, 0x5C, 0x35,
    0xA5, 0xE8, 0xA4, 0x90, 0xDA, 0xB9, 0x26, 0x04, 0xB9, 0xFA, 0x2D, 0x3D, 0xA1, 0x27, 0xA3, 0xF5,
    0x90, 0x82, 0x0E, 0x52, 0x40, 0x12, 0x2E, 0xF1, 0x11, 0x44, 0x94, 0xAB, 0x48, 0x9A, 0x96, 0xF7,
    0x09, 0xB5, 0x61, 0x0F, 0x32, 0xF9, 0xA0, 0xA3, 0xD0, 0x24, 0x14, 0x00, 0x58, 0x21, 0xEB, 0xCF,
    0xAE, 0x84, 0xCA, 0xD3, 0x88, 0xB2, 0x1F, 0x42, 0xAD, 0xA8, 0xD0, 0xF1, 0xD7, 0x23, 0x44, 0x0F,
    0x30, 0x0A, 0x5D, 0xE1, 0x0A, 0xE0, 0x4E, 0x06, 0x36, 0xEC, 0x5C, 0xA8, 0x4C, 0xD5, 0x51, 0xA6,
    0x96, 0x2E, 0xD3, 0x5A, 0x36, 0x40, 0x95, 0x80, 0x46, 0x8C, 0x46, 0x07, 0xF4, 0x01, 0xA8, 0x0C,
    0x80, 0xA2, 0xF0, 0x1C, 0x8C, 0xB8, 0x78, 0x0A, 0xF7, 0x6F, 0x8B, 0xCD, 0x13, 0x78, 0xE0, 0x39,
    0x36, 0xE6, 0xBC, 0x1F, 0x54, 0x87, 0x65, 0x1B, 0xEB, 0xE7, 0xB2, 0x85, 0x95, 0x7D, 0xE1, 0xDB,
    0x8B, 0xB7, 0x6F, 0x00, 0x06, 0x34, 0x9C, 0xA1, 0x3E, 0x4B, 0x18, 0xFC, 0x88, 0x7D, 0xEC, 0x7D,
    0x6B, 0xF1, 0x3A, 0x7F, 0x07, 0xFD, 0x44, 0xF4, 0x81, 0xE8, 0xDC, 0x7B, 0x00, 0xBE, 0xBD, 0xB6,
    0xE5, 0xA6, 0xC9, 0xD4, 0x5F, 0x50, 0xAF, 0x80, 0x35, 0xA5, 0x55, 0x9A, 0x73, 0xC9, 0x2D, 0x5D,
    0x4D, 0x7C, 0x9D, 0xDC, 0xD0, 0x9C, 0xD5, 0xC2, 0xDE, 0x75, 0x0C, 0xB3, 0x84, 0x23, 0x9A, 0x05,
    0x95, 0xB9, 0x08, 0x9F, 0x87, 0xBB, 0x31, 0x88, 0x50, 0x9F, 0x27, 0x68, 0xF7, 0x64, 0x0C, 0x14,
    0xD7, 0x33, 0x54, 0x2C, 0x6F, 0xF0, 0x6F, 0x0C, 0x86, 0xA7, 0xFC, 0xBC, 0x5E, 0x47, 0xFB, 0xE6,
    0x92, 0xF3, 0xEB, 0x55, 0x04, 0x2E, 0xA0, 0x01, 0x2D, 0x37, 0x87, 0x96, 0x5C, 0x85, 0xE8, 0x84,
    0xE4, 0xE0, 0x3A, 0xCE, 0x99, 0xFA, 0x94, 0xA9, 0x5B, 0x33, 0xB5, 0x5B, 0x97, 0xD0, 0x6C, 0x96,
    0xA9, 0xE1, 0x19, 0x6D, 0x7F, 0xB6, 0xFD, 0xA8, 0xD9, 0xE4, 0xA9, 0x98, 0x74, 0xE9, 0xB4, 0x86,
    0xD4, 0xDD, 0x8E, 0x39, 0x9D, 0xFA, 0x2B, 0x9E, 0x6F, 0xA2, 0x24, 0x35, 0x0D, 0x80, 0xDE, 0x4E,
    0x80, 0x91, 0x09, 0x58, 0x64, 0xA9, 0x1C, 0x94, 0x91, 0x00, 0xEC, 0x8C, 0x3A, 0xD9, 0x84, 0x26,
    0xD9, 0x4D, 0x88, 0x10, 0x72, 0x42, 0x21, 0x93, 0x8D, 0x99, 0xDE, 0x9D, 0x33, 0xFD, 0x20, 0x65,
    0xBA, 0xB1, 0x65, 0xFA, 0x90, 0x99, 0x1C, 0xEF, 0x65, 0xB2, 0x9F, 0x64, 0xD2, 0x9F, 0x67, 0xEA,
    0x7F, 0x9B, 0xA9, 0x63, 0xA6, 0x46, 0xA8, 0x16, 0x82, 0x10, 0xAC, 0x90, 0x4E, 0x32, 0x13, 0x00,
    0xB4, 0x9B, 0x70, 0x45, 0xF3, 0xE4, 0xCC, 0xD1, 0xC5, 0x67, 0xCE, 0x46, 0x1D, 0x17, 0x88, 0x58,
    0xBA, 0xD3, 0x8D, 0xB1, 0xE3, 0x7D, 0x2E, 0x50, 0x2B, 0xFA, 0x84, 0x61, 0x11, 0x1F, 0x3A, 0xA2,
    0x21, 0xF4, 0x84, 0x9A, 0xB0, 0x41, 0xFC, 0xFD, 0x3E, 0x2E, 0x36, 0xC5, 0x7E, 0x98, 0xA5, 0x6E,
    0xF1, 0xD3, 0xF1, 0x7F, 0xB8, 0x94, 0x1D, 0xF7, 0x34, 0x16, 0xAE, 0xC8, 0x3E, 0x8A, 0xDD, 0xA1,
    0xE2, 0x50, 0xA8, 0xA1, 0xB0, 0x5A, 0x84, 0x87, 0x49, 0xD8, 0x1A, 0xE1, 0xEB, 0x78, 0xB9, 0xD4,
    0xCA, 0x92, 0x40, 0x55, 0xDE, 0x8E, 0x62, 0x22, 0x0B, 0x03, 0x90, 0xA5, 0x21, 0x26, 0xD8, 0x7F,
    0xA9, 0xD4, 0x96, 0xD4, 0x2E, 0x9D, 0x03, 0x7A, 0x1E, 0x1B, 0x40, 0x93, 0x00, 0xAE, 0x76, 0xA2,
    0xF9, 0x55, 0x98, 0x97, 0x4A, 0xAD, 0x72, 0x1F, 0x01, 0x18, 0x7E, 0xBE, 0x09, 0x07, 0xE1, 0xCE,
    0xFD, 0x04, 0x25, 0xBD, 0x44, 0x3A, 0xF7, 0x50, 0xA3, 0x37, 0x9D, 0xD7, 0x61, 0x98, 0xD4, 0x3C,
    0xBA, 0x86, 0x1B, 0xC0, 0x05, 0x12, 0x12, 0xE3, 0x8C, 0x9A, 0x2B, 0xBA, 0x85, 0x66, 0x98, 0xB2,
    0x85, 0x53, 0xE1, 0xBB, 0x68, 0xCE, 0xFA, 0xF9, 0xA6, 0xB4, 0xE0, 0xD1, 0x02, 0xF1, 0x3A, 0x3F,
    0xDB, 0x02, 0x2D, 0x2D, 0xC0, 0x28, 0x2D, 0xA8, 0x28, 0x2D, 0x68, 0x7E, 0x2B, 0x2D, 0xE8, 0xFE,
    0x5B, 0xF4, 0xF6, 0x77, 0x85, 0xF5, 0xF7, 0x85, 0x4F, 0xAA, 0xCC, 0x3F, 0x4F, 0x99, 0xF5, 0x2F,
    0x67, 0x69, 0xC1, 0xE3, 0x49, 0x5A, 0x40, 0x2F, 0x2D, 0xA0, 0x79, 0xA6, 0x05, 0xC2, 0x0E, 0xDD,
    0x03, 0x69, 0x41, 0xED, 0xCF, 0xCD, 0x8B, 0x43, 0xA1, 0xD1, 0x03, 0x18, 0x22, 0x80, 0x36, 0x9D,
    0x9D, 0x39, 0x76, 0x46, 0xD6, 0x61, 0x08, 0xD9, 0x42, 0x4F, 0x7F, 0x08, 0x59, 0x21, 0x1B, 0x90,
    0xE5, 0x47, 0xD0, 0x0F, 0xDB, 0x3B, 0x74, 0x8A, 0xA4, 0x28, 0x4B, 0x80, 0x65, 0x00, 0x70, 0x00,
    0x89, 0x2B, 0x6C, 0x27, 0x00, 0x34, 0x40, 0xB3, 0xEE, 0xF6, 0xAC, 0x3D, 0xF3, 0x62, 0x04, 0x55,
    0xB2, 0xFB, 0xA8, 0x0D, 0xC0, 0x40, 0x07, 0x8C, 0x47, 0x01, 0x75, 0x6A, 0x67, 0xD9, 0x42, 0xAF,
    0xBF, 0x10, 0x41, 0x1F, 0xB5, 0x01, 0xA0, 0x8A, 0xC0, 0x26, 0xF4, 0x9E, 0xFC, 0x0A, 0xBC, 0x98,
    0xCE, 0x29, 0xEF, 0x99, 0x7E, 0xDE, 0x1D, 0x78, 0x99, 0xD1, 0x2C, 0xE7, 0x5F, 0x30, 0xD9, 0xDF,
    0x10, 0xED, 0x04, 0x3D, 0xE9, 0x88, 0xD1, 0xAB, 0x19, 0x34, 0x5D, 0xAA, 0x09, 0xF9, 0x70, 0x13,
    0x35, 0xBB, 0x04, 0xF0, 0xAD, 0x19, 0x18, 0x7F, 0x13, 0x01, 0x4D, 0x0F, 0xF4, 0x74, 0x80, 0xE2,
    0xEE, 0xFD, 0x95, 0xCD, 0xBE, 0x9A, 0x9E, 0x3D, 0x6C, 0xDD, 0x84, 0x25, 0x4D, 0x46, 0xC8, 0x88,
    0xD6, 0x0F, 0x8B, 0xF5, 0x2A, 0x59, 0xDF, 0x65, 0xB4, 0xA5, 0x94, 0x7B, 0x0F, 0xF2, 0x33, 0x72,
    0x2A, 0xB6, 0xBF, 0x92, 0xBA, 0x4F, 0x01, 0x95, 0xC9, 0x20, 0x1D, 0x14, 0x39, 0x43, 0x4B, 0xEB,
    0xED, 0xDC, 0xAF, 0xA0, 0x6F, 0x36, 0xD0, 0x35, 0x6B, 0xA6, 0x2E, 0x65, 0x1A, 0xE6, 0x4C, 0x0C,
    0xE0, 0x87, 0x04, 0x78, 0xA3, 0x90, 0x03, 0x3F, 0xA0, 0x3C, 0xB0, 0x62, 0xAC, 0xE8, 0xE8, 0x2A,
    0x7A, 0x3A, 0xD8, 0x90, 0x49, 0x07, 0xFE, 0x3D, 0xC6, 0xC0, 0x7F, 0x20, 0xBD, 0x90, 0xC9, 0x35,
    0x56, 0xE9, 0xD2, 0xD3, 0x0F, 0x0C, 0xE8, 0xCB, 0x76, 0xD2, 0xCD, 0x40, 0x5D, 0xF6, 0x6A, 0x49,
    0x35, 0x37, 0x51, 0xE3, 0x3B, 0x32, 0x36, 0x37, 0x87, 0xF2, 0xA7, 0x8B, 0xE0, 0x88, 0xB3, 0xA8,
    0xD4, 0x3C, 0x9E, 0xC7, 0xA0, 0x66, 0xFA, 0x0C, 0xD7, 0xE7, 0x6B, 0x3B, 0x5B, 0xB9, 0xCF, 0x2F,
    0xE6, 0x8E, 0x37, 0xE6, 0xD3, 0x55, 0x66, 0x24, 0x00, 0x6A, 0x02, 0xED, 0x02, 0xF4, 0x41, 0xE2,
    0x5E, 0x9C, 0xFF, 0xBD, 0x4C, 0x7A, 0x01, 0xB8, 0xA2, 0x5E, 0x47, 0xD3, 0xC5, 0xC1, 0xEF, 0x99,
    0xCA, 0x5C, 0x98, 0x7F, 0x49, 0x5B, 0x1D, 0x1B, 0x3E, 0x98, 0x3A, 0x66, 0xCB, 0x0F, 0x68, 0xF6,
    0x2E, 0xB0, 0x7F, 0xEA, 0xD8, 0x9B, 0x76, 0xD1, 0x5E, 0x50, 0x4F, 0x3D, 0x80, 0x8B, 0xEC, 0x1B,
    0x03, 0xE8, 0x19, 0x38, 0x49, 0xC0, 0x7C, 0xB5, 0x40, 0xAE, 0x87, 0x59, 0xE6, 0xDB, 0xC5, 0xC5,
    0xD9, 0x49, 0x5E, 0xBB, 0x32, 0x7F, 0x47, 0xCE, 0xE8, 0x98, 0xD3, 0x8A, 0xC6, 0x0D, 0x5B, 0xCD,
    0x72, 0xD6, 0xA2, 0x14, 0x33, 0x46, 0x53, 0x1D, 0xCB, 0x43, 0xA3, 0x84, 0xE9, 0xF4, 0x76, 0x2C,
    0x85, 0x44, 0x01, 0xCA, 0xC2, 0x85, 0xCC, 0xF3, 0x04, 0xF9, 0xCD, 0x12, 0xDF, 0x83, 0xE5, 0x46,
    0x6E, 0xD0, 0x5C, 0xF2, 0x15, 0x3A, 0x86, 0x8E, 0x0B, 0x70, 0x79, 0x37, 0x51, 0x01, 0x4B, 0xD3,
    0xC8, 0xE8, 0x30, 0xD7, 0x5B, 0xDF, 0x81, 0x8E, 0x80, 0x0D, 0x52, 0xFD, 0x69, 0xD8, 0xD3, 0x89,
    0xAE, 0xD7, 0x77, 0xC4, 0xD6, 0xB7, 0x19, 0x18, 0x37, 0x40, 0xB9, 0x8C, 0x50, 0x66, 0x68, 0x95,
    0x80, 0xB7, 0x33, 0xC6, 0x45, 0x9C, 0x7C, 0xE9, 0x0A, 0xC1, 0xB8, 0xE2, 0x34, 0x6E, 0x1C, 0xE6,
    0x7E, 0xD6, 0x41, 0x56, 0x7C, 0x93, 0x46, 0xF2, 0x0C, 0xE7, 0xE3, 0x0E, 0x0B, 0xFE, 0x4D, 0x6C,
    0x9B, 0x0C, 0x8C, 0x0C, 0xC0, 0xC1, 0x97, 0xAC, 0x90, 0x0B, 0xF1, 0xFF, 0x25, 0x2B, 0xE4, 0x42,
    0xFC, 0x3F, 0x77, 0x06, 0x5F, 0x90, 0x6F, 0x79, 0x43, 0xCB, 0x49, 0x29, 0x01, 0x04, 0xB4, 0x2F,
    0x6F, 0xE6, 0x66, 0xFB, 0x66, 0xB9, 0x3A, 0x14, 0x56, 0x0B, 0x74, 0xC0, 0xB8, 0x3B, 0xE2, 0xD3,
    0x7D, 0xB3, 0x8C, 0x43, 0xA0, 0xA2, 0x47, 0xCB, 0x08, 0xF5, 0xCB, 0x04, 0xED, 0x88, 0x57, 0xB1,
    0x8F, 0x9D, 0xB3, 0x3F, 0x04, 0xD7, 0xEA, 0x69, 0x6C, 0xE7, 0x9C, 0xAF, 0xD6, 0x13, 0x80, 0xFF,
    0x47, 0x13, 0x25, 0xE1, 0x6A, 0xED, 0x61, 0x7F, 0x33, 0x61, 0xA0, 0x87, 0x22, 0x60, 0xE9, 0x60,
    0x6D, 0xC0, 0x5F, 0xF4, 0x11, 0xE8, 0x16, 0x8C, 0x5F, 0xA4, 0x96, 0x5C, 0x7B, 0x72, 0xD3, 0x73,
    0xBF, 0xD9, 0xD0, 0xD0, 0xFA, 0x86, 0xA3, 0xAF, 0x05, 0x5B, 0xBE, 0xDE, 0x74, 0x68, 0x92, 0x9E,
    0x55, 0x92, 0x71, 0xC8, 0xB6, 0x01, 0xE3, 0x76, 0xB6, 0x53, 0x54, 0x6B, 0x13, 0x5A, 0x3E, 0x08,
    0x4A, 0xC6, 0xB4, 0x26, 0xF6, 0x70, 0x19, 0x92, 0xB6, 0x8E, 0x86, 0x9A, 0x13, 0xC9, 0x99, 0x8F,
    0xEC, 0xC2, 0xA0, 0x12, 0x7D, 0x97, 0xE8, 0xDA, 0xAF, 0x05, 0x1C, 0xA2, 0x2C, 0xCE, 0x21, 0x96,
    0xF9, 0x8F, 0xED, 0xEC, 0x4C, 0x28, 0xF1, 0x1B, 0x52, 0x62, 0xC6, 0x61, 0xE9, 0x93, 0x9E, 0xDA,
    0x55, 0x74, 0x8E, 0x82, 0xA2, 0x9B, 0x72, 0x2D, 0xF7, 0xE4, 0x99, 0xD8, 0xC8, 0xAE, 0xD5, 0x9C,
    0xD7, 0x2E, 0xB3, 0x08, 0x36, 0x00, 0x34, 0x68, 0x12, 0xA0, 0x26, 0xD9, 0x19, 0x2F, 0xCE, 0xBF,
    0xAC, 0xAF, 0x21, 0x89, 0x2F, 0x54, 0x9B, 0x75, 0xED, 0xAC, 0xA6, 0xCA, 0x54, 0x07, 0x17, 0xA7,
    0x5F, 0xFC, 0x98, 0x58, 0xF3, 0x71, 0x94, 0xFB, 0xDD, 0x5D, 0xBA, 0x0A, 0xAF, 0x5C, 0x98, 0xFE,
    0x6A, 0x56, 0xAE, 0x49, 0x83, 0x17, 0xC8, 0x35, 0x80, 0x8B, 0xF2, 0x9D, 0x01, 0xA0, 0x97, 0xB1,
    0x0D, 0x19, 0xB9, 0xEC, 0x8A, 0xFB, 0xA7, 0xFF, 0x81, 0x7C, 0x78, 0x80, 0xBD, 0x67, 0xED, 0x0C,
    0x00, 0x98, 0xEC, 0x47, 0xDA, 0x1C, 0x95, 0x68, 0xC8, 0x73, 0x4B, 0x4F, 0x3A, 0x59, 0x3F, 0xAE,
    0xE3, 0x5D, 0x6E, 0xE3, 0xBD, 0xCF, 0xB6, 0xF1, 0x67, 0x1F, 0x6F, 0xE3, 0xA7, 0xF7, 0x36, 0xCB,
    0x66, 0xD5, 0x6B, 0x9B, 0x86, 0x75, 0x48, 0xAA, 0xD8, 0x87, 0x9E, 0x1B, 0xDA, 0xDD, 0xDC, 0x3D,
    0xCC, 0xA0, 0x2B, 0xD3, 0x40, 0xC5, 0xB2, 0x87, 0xEF, 0x76, 0x02, 0xD3, 0x2D, 0x19, 0xE9, 0xAB,
    0xB0, 0xFB, 0x97, 0xE9, 0xF8, 0xEB, 0x31, 0x59, 0x32, 0x0D, 0xFC, 0x22, 0x75, 0xFC, 0x69, 0xC2,
    0xE5, 0x73, 0xA7, 0x9C, 0x66, 0x03, 0xBA, 0xB9, 0xB4, 0x63, 0x1F, 0x17, 0xE6, 0xBF, 0x4C, 0xE1,
    0x19, 0x60, 0x42, 0x93, 0x08, 0x35, 0xC9, 0x1E, 0xBE, 0x67, 0x2E, 0xCA, 0x7F, 0x33, 0x0D, 0xE8,
    0x66, 0xEB, 0x04, 0xF5, 0xF4, 0x3A, 0x80, 0x0B, 0xD4, 0x7E, 0xFE, 0xEF, 0x2C, 0xF7, 0xDC, 0xBF,
    0xB3, 0xE8, 0x40, 0x63, 0x7D, 0x45, 0xE8, 0x50, 0x13, 0x43, 0xDC, 0x7D, 0x2B, 0x44, 0xCD, 0xDD,
    0x82, 0x36, 0xA9, 0x78, 0xFE, 0xAB, 0x21, 0x9B, 0xF6, 0x00, 0xAD, 0x8C, 0xE6, 0xB8, 0xFB, 0x7E,
    0xC8, 0xB0, 0x01, 0x50, 0xE9, 0x8C, 0x66, 0x00, 0xFD, 0xEE, 0x13, 0xF2, 0xD7, 0xE8, 0xC5, 0xCC,
    0x65, 0xDA, 0x90, 0xE9, 0x57, 0xF8, 0x8A, 0x6D, 0xFB, 0x1F, 0x37, 0x70, 0xA4, 0x27, 0x19, 0xF9,
    0xD0, 0xCA, 0xD9, 0x67, 0x29, 0x3B, 0x9A, 0xA0, 0x2D, 0x90, 0x6B, 0xB9, 0x27, 0xCF, 0xC4, 0x46,
    0x6C, 0xA5, 0xCE, 0x5B, 0x1B, 0xE8, 0x0E, 0x7E, 0xAF, 0xEF, 0x6A, 0xE9, 0x9C, 0x34, 0x26, 0x14,
    0xC2, 0x5C, 0x56, 0xC4, 0x8B, 0xEB, 0x88, 0xFF, 0x03, 0xCD, 0x9B, 0x3F, 0x8C, 0xE5, 0xC6, 0x7D,
    0xC7, 0xBF, 0x7C, 0xD4, 0x8A, 0x80, 0x59, 0xD0, 0xC5, 0x2D, 0x02, 0x48, 0x01, 0x58, 0x05, 0x08,
    0x94, 0x82, 0x7D, 0x91, 0x0C, 0x9D, 0x20, 0x70, 0xE1, 0xC2, 0x5B, 0xDC, 0xAB, 0x54, 0xA8, 0x77,
    0x80, 0x5C, 0x0F, 0x58, 0x21, 0x2D, 0x17, 0x02, 0xA2, 0x42, 0x6A, 0x92, 0xD6, 0x57, 0x28, 0x40,
    0xBC, 0x29, 0x94, 0x22, 0x4D, 0x00, 0x49, 0x33, 0x92, 0x8A, 0x14, 0x2E, 0x44, 0x41, 0x30, 0x5C,
    0xA4, 0x30, 0x11, 0xC9, 0x71, 0x72, 0x2E, 0x6E, 0x10, 0x33, 0x16, 0xEF, 0x6E, 0xC8, 0xAF, 0x7F,
    0xBF, 0x79, 0x7C, 0xBC, 0x77, 0xF0, 0x6A, 0xBD, 0xF2, 0xBD, 0xDB, 0xD5, 0x2C, 0x7F, 0x9F, 0x79,
    0xEF, 0x91, 0xF3, 0xE7, 0xFB, 0x23, 0x39, 0x9C, 0x3F, 0x5C, 0xBC, 0x70, 0xFE, 0x36, 0x00, 0xC3,
    0xB0, 0xF2, 0x74, 0x7B, 0x1B, 0xFB, 0x90, 0xD2, 0x45, 0x76, 0xC2, 0x9C, 0xBD, 0xB0, 0xA0, 0x57,
    0x3E, 0x1A, 0x84, 0xD5, 0x2F, 0x47, 0xA1, 0xF9, 0x34, 0x08, 0x9B, 0x8F, 0x26, 0xA1, 0xFD, 0x01,
    0x85, 0xAC, 0x85, 0x09, 0x25, 0xC6, 0x86, 0xB0, 0x0E, 0x29, 0xCF, 0xE9, 0x90, 0x91, 0xEC, 0x91,
    0x0B, 0x3D, 0x8A, 0xC8, 0x72, 0x40, 0x31, 0xC2, 0xC8, 0xD7, 0x00, 0xD3, 0x23, 0x9B, 0xD0, 0x74,
    0x48, 0x67, 0x50, 0x93, 0x60, 0x73, 0x7E, 0x5E, 0xA7, 0x64, 0xAB, 0x96, 0x6C, 0xB7, 0xD0, 0xB0,
    0xE1, 0xAC, 0x69, 0x5D, 0x4E, 0xFA, 0xF4, 0xAD, 0xCA, 0x03, 0xC5, 0x10, 0xED, 0x0E, 0x87, 0x82,
    0x1C, 0x0C, 0xDF, 0x19, 0x6C, 0x57, 0x0C, 0x74, 0x62, 0x6D, 0x29, 0x9F, 0x9B, 0xA1, 0x89, 0xBF,
    0x7F, 0x31, 0xE4, 0xFC, 0xE1, 0x80, 0x33, 0x00, 0xB7, 0x70, 0x2A, 0xFC, 0x0B, 0x18, 0x61, 0xF5,
    0x68, 0x8A, 0xAA, 0xC6, 0xA8, 0xB3, 0x47, 0xDC, 0xFD, 0xF5, 0xD0, 0x7F, 0x52, 0x27, 0x67, 0x59,
    0x97, 0x75, 0xE9, 0x6C, 0x5D, 0x42, 0xD6, 0x68, 0x26, 0x20, 0xA9, 0x8F, 0xE4, 0x87, 0x9B, 0x56,
    0x07, 0x20, 0x19, 0x95, 0x69, 0xAF, 0xCC, 0x9D, 0xB2, 0xD8, 0x91, 0xCA, 0x2C, 0x12, 0xFF, 0x7E,
    0x24, 0xBD, 0x59, 0x07, 0x94, 0x2D, 0x60, 0xB0, 0xD8, 0x08, 0x94, 0x01, 0x78, 0xFE, 0x73, 0x20,
    0xD9, 0x02, 0xC8, 0x83, 0x40, 0x73, 0x46, 0xD3, 0x0A, 0x66, 0x31, 0x9C, 0x61, 0x09, 0xCF, 0xF3,
    0x01, 0xD0, 0xE8, 0x85, 0x48, 0xB2, 0xCE, 0x78, 0x8F, 0x28, 0x66, 0x9C, 0xA0, 0x8C, 0x3E, 0xF2,
    0x8A, 0x5E, 0xD1, 0x09, 0x9A, 0x08, 0xA7, 0xE8, 0x22, 0xD6, 0xBD, 0x5E, 0x50, 0x0D, 0x82, 0x62,
    0x42, 0x82, 0x9C, 0xBF, 0xB0, 0x48, 0x49, 0x02, 0x56, 0xF1, 0x22, 0x27, 0x00, 0xA7, 0x50, 0xD4,
    0x00, 0x5B, 0x75, 0x16, 0xF2, 0x01, 0xA8, 0xDC, 0xF2, 0xBB, 0x66, 0xC7, 0x3A, 0xA5, 0xC8, 0x24,
    0xDB, 0x6A, 0x7A, 0x39, 0xE6, 0xA9, 0x25, 0x58, 0xF7, 0xA4, 0x35, 0x62, 0xA6, 0x17, 0x9B, 0x5E,
    0xD6, 0x63, 0x5D, 0x26, 0x06, 0x3B, 0x2F, 0x17, 0x90, 0xEA, 0x4D, 0xD9, 0x02, 0x05, 0x3B, 0xA0,
    0xFA, 0xCF, 0x01, 0xB0, 0xC9, 0x04, 0xDC, 0xC6, 0xAD, 0xEB, 0x17, 0xAC, 0x76, 0x06, 0x34, 0x03,
    0xC0, 0x80, 0x34, 0x10, 0x45, 0x5F, 0xB9, 0x13, 0x9C, 0xD4, 0xC7, 0x13, 0x1C, 0xC3, 0x2C, 0xB6,
    0xA1, 0x20, 0xE1, 0xF2, 0x55, 0xC3, 0x8D, 0x08, 0xD6, 0x50, 0x76, 0x31, 0x41, 0x34, 0xFD, 0x8C,
    0x23, 0x9E, 0xE1, 0xDB, 0x5A, 0x8A, 0x85, 0x05, 0x2A, 0xBD, 0x81, 0x73, 0xFA, 0xFD, 0x8D, 0xBE,
    0xAD, 0x6F, 0x42, 0xB0, 0xB6, 0x65, 0x45, 0x5F, 0xF6, 0x69, 0xB0, 0x2D, 0x38, 0x03, 0x4D, 0xD0,
    0xB3, 0x7E, 0x34, 0xC1, 0xC9, 0x99, 0x48, 0xDE, 0x84, 0x74, 0x04, 0xF8, 0x8A, 0xFA, 0x94, 0x6E,
    0x69, 0x47, 0x92, 0xDB, 0xAB, 0x5B, 0xFF, 0x37, 0xD6, 0xAA, 0x53, 0x8C, 0x8A, 0x19, 0xD6, 0xE5,
    0xAC, 0xB5, 0x75, 0x75, 0xD6, 0xC1, 0x76, 0x82, 0xA6, 0x17, 0x98, 0x08, 0xBF, 0xA2, 0xDF, 0xA3,
    0xE9, 0x04, 0xD6, 0x2D, 0x29, 0x34, 0xED, 0x3D, 0xCE, 0x6B, 0x7E, 0x9D, 0xE0, 0x01, 0xD6, 0x90,
    0x4E, 0x55, 0x17, 0xE9, 0x94, 0xA6, 0x8E, 0x84, 0xF2, 0x4F, 0x23, 0x81, 0x84, 0x9F, 0x0A, 0x73,
    0x7E, 0x21, 0x2C, 0x49, 0xA1, 0x79, 0x70, 0x47, 0xD9, 0xE7, 0xC2, 0xC6, 0xA5, 0x42, 0x7B, 0x31,
    0x97, 0xBD, 0xA6, 0xCF, 0x96, 0x54, 0xFB, 0x1C, 0x72, 0xFE, 0x46, 0xB8, 0xE1, 0x27, 0x42, 0x3C,
    0x27, 0x86, 0x8C, 0x73, 0x2B, 0xE0, 0xA4, 0x60, 0xAB, 0xE8, 0xB3, 0x00, 0x3B, 0x08, 0xCA, 0x20,
    0xC8, 0x27, 0x41, 0x36, 0xE7, 0x01, 0xE9, 0xDC, 0x30, 0xA4, 0x5C, 0x31, 0xFF, 0xD9, 0xFC, 0x76,
    0x3A, 0xEB, 0xDE, 0x49, 0x90, 0x87, 0x25, 0x85, 0xA6, 0x9D, 0xDF, 0x61, 0x1F, 0xF3, 0xDB, 0xE7,
    0xFC, 0xD6, 0x63, 0xDD, 0x0B, 0x32, 0x75, 0x49, 0x4E, 0xF6, 0x11, 0xBB, 0xDF, 0x9E, 0x13, 0x6C,
    0xF8, 0xD9, 0x84, 0x9C, 0x8F, 0x26, 0x54, 0x9A, 0x36, 0xD6, 0xBE, 0xF1, 0xB9, 0xA0, 0x93, 0xBD,
    0xD6, 0xAD, 0xD0, 0xAF, 0x4D, 0x84, 0xCF, 0xF4, 0xB8, 0x57, 0x96, 0x14, 0x85, 0x7A, 0x6C, 0xC3,
    0x0F, 0x35, 0x3F, 0x00, 0xDF, 0x38, 0xFF, 0x31, 0x0A, 0xCE, 0xD1, 0x4E, 0x96, 0xDE, 0x8B, 0x5E,
    0xD8, 0x07, 0x56, 0x37, 0x0E, 0x78, 0xC2, 0xEE, 0x9D, 0xEB, 0x31, 0x8F, 0xCD, 0x01, 0x17, 0x1C,
    0x53, 0x1F, 0xE6, 0x73, 0x51, 0x87, 0x04, 0x76, 0xC2, 0x72, 0xF1, 0xFA, 0x6A, 0x28, 0x07, 0xD3,
    0x65, 0xA1, 0x71, 0x69, 0xB0, 0xE4, 0x6A, 0x87, 0x17, 0x6F, 0x35, 0xE2, 0x5F, 0xF5, 0xD8, 0x54,
    0x0C, 0x96, 0x1D, 0x70, 0x86, 0x53, 0x9C, 0xD4, 0x25, 0xCA, 0xBA, 0x78, 0x48, 0x64, 0x9C, 0x90,
    0x70, 0x00, 0x4E, 0xF0, 0xCC, 0x74, 0x5C, 0xD2, 0xB1, 0x38, 0x8A, 0x9E, 0x18, 0x4C, 0xBB, 0xDE,
    0xB9, 0xF1, 0x33, 0x9E, 0x9D, 0x1E, 0x68, 0x28, 0xB4, 0x32, 0x3E, 0x5A, 0xFC, 0x0C, 0x1C, 0x4D,
    0xCF, 0xB3, 0xA9, 0xF3, 0xAB, 0x40, 0x32, 0x00, 0xA9, 0x5F, 0x8C, 0x2D, 0x36, 0x62, 0xF8, 0xDB,
    0xFA, 0xA9, 0xEB, 0xDD, 0xB0, 0x07, 0xEE, 0x2C, 0x9D, 0x9D, 0x77, 0xC5, 0x82, 0x18, 0xEF, 0x02,
    0x8D, 0x07, 0xCA, 0x5E, 0xAF, 0xB7, 0xCA, 0x99, 0xB6, 0xF8, 0xFF, 0x19, 0x29, 0x03, 0x40, 0xAF,
    0x5D, 0x8E, 0x67, 0x7A, 0xBD, 0xE5, 0xBE, 0xF0, 0x9B, 0x49, 0xF6, 0x92, 0x80, 0x09, 0xC0, 0xC9,
    0xD9, 0x11, 0xAF, 0x37, 0x7D, 0xA8, 0x25, 0xFA, 0x25, 0x55, 0x29, 0xC5, 0xAF, 0x03, 0x60, 0x5A,
    0x2B, 0xA2, 0xD6, 0x87, 0xED, 0x86, 0x73, 0x8D, 0x8A, 0xEC, 0x41, 0xD2, 0xA5, 0x7C, 0x68, 0x5D,
    0xC1, 0x3A, 0xA9, 0xCB, 0xB5, 0xD7, 0x67, 0x14, 0xCB, 0xD3, 0xEE, 0x85, 0xF3, 0xBB, 0x4D, 0x57,
    0xD2, 0x47, 0x98, 0x88, 0x5E, 0x8E, 0x32, 0x5E, 0x50, 0x0D, 0x82, 0x62, 0x12, 0xE8, 0xD3, 0x4E,
    0x2B, 0xA2, 0x35, 0x51, 0xBC, 0xA8, 0x65, 0x68, 0x89, 0x2A, 0x2E, 0x8A, 0xB4, 0x33, 0x44, 0x74,
    0x9D, 0x0D, 0x65, 0xA7, 0x4E, 0x00, 0x80, 0x44, 0x5A, 0xE6, 0x9C, 0x0F, 0x27, 0x6D, 0xAD, 0xB5,
    0xE5, 0xD3, 0xB6, 0x5E, 0xDB, 0x72, 0xFB, 0xA4, 0xC5, 0xDF, 0xB4, 0x75, 0x37, 0x63, 0x19, 0x8F,
    0xD5, 0xF6, 0x72, 0xA3, 0xCF, 0x0B, 0x6D, 0x41, 0x91, 0x85, 0x6F, 0xA2, 0x08, 0xD5, 0x3F, 0xD9,
    0xB1, 0x22, 0xBD, 0x98, 0xD3, 0xC7, 0xB9, 0xB6, 0x24, 0x40, 0x85, 0xB2, 0x46, 0xF1, 0x88, 0x40,
    0xCE, 0xF8, 0x90, 0xF1, 0x5A, 0x23, 0xDC, 0x84, 0x23, 0x12, 0x11, 0x9D, 0x76, 0x69, 0x9F, 0xD2,
    0x76, 0x20, 0x5B, 0x98, 0xA5, 0xA5, 0x79, 0xD6, 0x8E, 0x78, 0xDC, 0x06, 0xC1, 0xBA, 0x3D, 0x4C,
    0x2C, 0xF8, 0x46, 0x1C, 0x11, 0x43, 0xE1, 0x81, 0x72, 0xD8, 0x59, 0xDE, 0x03, 0xC0, 0x35, 0x39,
    0xE2, 0xFA, 0xA5, 0x02, 0xC6, 0x09, 0x9A, 0x5A, 0x60, 0xC5, 0x10, 0x14, 0xB7, 0x17, 0x24, 0x23,
    0x90, 0x0E, 0x40, 0xE6, 0xD5, 0x29, 0x7A, 0xBB, 0x3C, 0x7B, 0x47, 0x24, 0x5A, 0x78, 0x4E, 0x41,
    0xC5, 0x16, 0x68, 0x5E, 0xE9, 0x91, 0x4C, 0xD9, 0xB0, 0xEB, 0x39, 0xC6, 0xD0, 0x38, 0x54, 0xFD,
    0x55, 0x70, 0xEF, 0xDC, 0xF6, 0x0D, 0xC9, 0x43, 0xE8, 0x8E, 0xAB, 0x62, 0x69, 0xAE, 0xDC, 0xBE,
    0xB9, 0xFA, 0x2C, 0x36, 0x57, 0xDC, 0x4F, 0x4C, 0xC4, 0xC0, 0xF6, 0x52, 0x7C, 0x87, 0x35, 0xD8,
    0xEC, 0x4E, 0xE8, 0x00, 0x3E, 0x68, 0x46, 0xB0, 0x2B, 0x02, 0xE8, 0x72, 0x41, 0xFB, 0x15, 0x91,
    0x05, 0x6C, 0x66, 0x08, 0xD3, 0x3D, 0xA9, 0x61, 0x38, 0xE4, 0xBA, 0x57, 0x39, 0x9F, 0xFF, 0x8B,
    0x90, 0xE4, 0x93, 0xD4, 0xBD, 0x5F, 0x9D, 0x31, 0xE4, 0xE3, 0x1E, 0x64, 0x38, 0xC4, 0xB2, 0xE3,
    0x44, 0x61, 0x47, 0xE4, 0x8F, 0x48, 0xE4, 0x24, 0xEB, 0x9C, 0x7F, 0x29, 0x6A, 0x27, 0x58, 0x95,
    0xDC, 0x2C, 0x18, 0xAF, 0x06, 0x40, 0xC7, 0x98, 0x66, 0x7E, 0xDF, 0x32, 0x8C, 0xE5, 0x70, 0x16,
    0x9B, 0xA4, 0x82, 0xD3, 0x6E, 0x4B, 0xD8, 0xC3, 0xBA, 0x2B, 0x6D, 0xEC, 0xD6, 0x54, 0x00, 0x90,
    0x0D, 0x45, 0x5D, 0xD2, 0xC2, 0x70, 0xC6, 0xF7, 0xF3, 0x80, 0x5B, 0xA8, 0xD7, 0xD3, 0xF9, 0x34,
    0xF6, 0xD2, 0xF9, 0xDB, 0x86, 0xA3, 0x6C, 0xA7, 0xDB, 0x33, 0x00, 0x86, 0xC3, 0x6E, 0xCB, 0xD8,
    0x6E, 0x88, 0xAB, 0x6C, 0x29, 0xEB, 0x35, 0xD5, 0xF7, 0xE4, 0x06, 0xA7, 0x97, 0x6D, 0x97, 0x5B,
    0x3A, 0x7F, 0xA5, 0x4D, 0x27, 0x09, 0xDE, 0xC5, 0xAB, 0xE6, 0x7E, 0xA8, 0xB4, 0x02, 0x4E, 0x44,
    0x3E, 0x7D, 0x95, 0x24, 0xCF, 0x80, 0x77, 0x9B, 0xFB, 0xA2, 0xD1, 0xE7, 0x6C, 0x35, 0xCF, 0xAF,
    0x5E, 0xB1, 0xA7, 0xAC, 0x03, 0x0A, 0x87, 0x0A, 0xF8, 0x3B, 0xE0, 0x7D, 0xA0, 0x19, 0x60, 0x06,
    0x7C, 0xE3, 0x2E, 0x50, 0x75, 0xA6, 0x37, 0x7D, 0xE9, 0xA2, 0xCA, 0xFE, 0xF2, 0xBF, 0xA2, 0x35,
    0x78, 0x0F, 0x13, 0xAC, 0x37, 0x5E, 0xD3, 0x02, 0xF3, 0x52, 0x10, 0x26, 0x00, 0x47, 0x70, 0x14,
    0xDB, 0xCB, 0xFF, 0xE4, 0x90, 0x7C, 0x7C, 0x0C, 0x29, 0x24, 0x1F, 0x37, 0xC4, 0xD3, 0x21, 0x65,
    0x7D, 0x98, 0x69, 0x04, 0x80, 0x42, 0x51, 0x0E, 0xC0, 0x0B, 0xD6, 0x03, 0x25, 0x7B, 0x45, 0x2B,
    0x98, 0xB0, 0x86, 0xAA, 0xCB, 0xBD, 0xF8, 0x65, 0x54, 0x2B, 0x5D, 0xEE, 0xB1, 0x04, 0xF9, 0x3E,
    0x3C, 0x8D, 0x01, 0x07, 0xF6, 0xBC, 0xF5, 0xC8, 0xA9, 0xE6, 0x90, 0xCD, 0x4B, 0xF7, 0x6B, 0x04,
    0x38, 0x61, 0x13, 0x6C, 0x9D, 0xFB, 0xCA, 0x9D, 0xD4, 0x4B, 0xB7, 0xA3, 0xF4, 0xC7, 0xB7, 0xCA,
    0xAB, 0x20, 0xBC, 0xC4, 0x0E, 0x86, 0x4E, 0x6C, 0x57, 0x7C, 0x0C, 0x5B, 0x20, 0xD1, 0x6A, 0xD1,
    0xC7, 0x86, 0xDE, 0xB4, 0xF3, 0xE3, 0x66, 0x9E, 0xB5, 0x58, 0x7B, 0x04, 0xAB, 0xF1, 0x37, 0x62,
    0x96, 0x80, 0x9D, 0x80, 0xA6, 0x17, 0xD3, 0xE6, 0xA9, 0x71, 0x1B, 0xED, 0xC1, 0x67, 0x93, 0x7C,
    0x2D, 0x47, 0x81, 0xF1, 0x02, 0x3A, 0x34, 0x1F, 0xB2, 0x46, 0xF3, 0x1F, 0x33, 0xD0, 0x7C, 0x3C,
    0x0A, 0xE8, 0x15, 0xA3, 0x62, 0x12, 0x3C, 0xA2, 0xE0, 0x13, 0xB6, 0x72, 0xB0, 0xED, 0x62, 0xB2,
    0x7D, 0x06, 0x45, 0x10, 0xA4, 0xC4, 0x92, 0x33, 0xE8, 0xF0, 0x38, 0xE4, 0x83, 0xC2, 0x0B, 0x8A,
    0x5E, 0xE1, 0x0E, 0xFB, 0x9D, 0xB6, 0xBD, 0x1C, 0xF9, 0x24, 0xA8, 0x06, 0x41, 0xD3, 0xE9, 0x4C,
    0x73, 0x0B, 0xFB, 0xFA, 0x0C, 0xD8, 0x37, 0x47, 0x81, 0xF5, 0x02, 0x46, 0x8C, 0x8A, 0x49, 0xF0,
    0x29, 0x05, 0x2D, 0xDB, 0x25, 0x45, 0x5B, 0x79, 0x41, 0x11, 0x04, 0xD9, 0x8C, 0x83, 0x50, 0x75,
    0x8A, 0xB5, 0xFF, 0x67, 0x96, 0x29, 0x7E, 0x3D, 0x6E, 0x12, 0x14, 0x83, 0xC0, 0xF4, 0x4B, 0x56,
    0xAF, 0x69, 0xA6, 0x6F, 0x04, 0xC1, 0x8F, 0x62, 0x69, 0xBD, 0x62, 0x50, 0x04, 0xC1, 0x67, 0x97,
    0x16, 0xB9, 0x05, 0x52, 0xEE, 0x1E, 0x58, 0x95, 0x9E, 0x81, 0x5A, 0xCB, 0x59, 0xBB, 0x16, 0xB0,
    0x4F, 0x6B, 0xF7, 0xCE, 0xDF, 0xB2, 0x64, 0xB7, 0x37, 0x6C, 0x6B, 0xB0, 0x4D, 0x67, 0x14, 0x83,
    0xCA, 0x3B, 0x5D, 0x6E, 0xAB, 0xA7, 0xDD, 0x9E, 0x49, 0x55, 0xF7, 0xC1, 0xB8, 0xC5, 0xEA, 0xD8,
    0xCE, 0x2E, 0x8F, 0x8E, 0xFE, 0xEA, 0x7F, 0x00, 0x50, 0xF6, 0xA5, 0xAB, 0x5A, 0x83, 0x53, 0xBD,
    0x1E, 0xBD, 0x75, 0x45, 0x6F, 0x5D, 0xE9, 0xAC, 0xFC, 0x26, 0x76, 0x8C, 0xBA, 0xF2, 0xF5, 0x91,
    0x6F, 0x78, 0xBE, 0xD1, 0xF3, 0x4D, 0xC7, 0xBF, 0xAF, 0xD9, 0xE2, 0x2B, 0x6E, 0x57, 0x70, 0xA2,
    0x15, 0x63, 0xBB, 0xB3, 0xE6, 0x8A, 0x15, 0xBB, 0xB4, 0xD0, 0x37, 0x7B, 0xBE, 0xE3, 0x75, 0x7B,
    0xB3, 0xBB, 0xE4, 0xB0, 0x2C, 0xE0, 0x4B, 0xAC, 0xD6, 0x26, 0x4A, 0x6C, 0x88, 0x71, 0xC1, 0x1A,
    0x4D, 0x00, 0xAC, 0x98, 0x11, 0xFB, 0xA3, 0xC3, 0x63, 0xE7, 0xF3, 0x1F, 0x67, 0xE4, 0xB4, 0x37,
    0x00, 0x9B, 0xF9, 0x4B, 0x36, 0x7D, 0xC6, 0x75, 0x1B, 0xFA, 0x94, 0x5D, 0x45, 0x98, 0x19, 0xE5,
    0x8C, 0xFC, 0xA2, 0x23, 0x97, 0x0E, 0x7A, 0xF1, 0xC4, 0x22, 0x4C, 0x32, 0x1D, 0x2E, 0xC2, 0x34,
    0x03, 0x36, 0xA1, 0x09, 0x48, 0x43, 0x33, 0x2B, 0x18, 0xD1, 0x2A, 0x3A, 0x41, 0xE3, 0x05, 0xAF,
    0x0C, 0x82, 0xEF, 0x04, 0xC1, 0x0F, 0x67, 0xC1, 0x6B, 0x14, 0xB4, 0xFC, 0x48, 0xD0, 0x7C, 0x2A,
    0x30, 0xBF, 0x16, 0x94, 0xBF, 0x11, 0xE4, 0x14, 0xA4, 0x8A, 0x8D, 0x02, 0x11, 0x8D, 0xC2, 0x84,
    0x65, 0xFD, 0xC5, 0x3D, 0x5E, 0x7F, 0xE9, 0xD6, 0x91, 0xCD, 0x9C, 0xB3, 0xA6, 0x61, 0x4F, 0x72,
    0xD0, 0x6E, 0xB7, 0xF6, 0xBA, 0xB5, 0xD3, 0xCD, 0x36, 0xBB, 0x92, 0x5D, 0x9F, 0x88, 0x83, 0x40,
    0x45, 0xF4, 0x71, 0x10, 0x6C, 0x46, 0xFD, 0x74, 0x76, 0x1C, 0x3D, 0xC0, 0xE1, 0xE0, 0xB6, 0xDB,
    0xB5, 0xB4, 0x06, 0xEA, 0xAF, 0x75, 0x15, 0x82, 0x40, 0xF5, 0xB3, 0x00, 0x14, 0xF4, 0xFB, 0x45,
    0xC7, 0xED, 0x75, 0x9F, 0xD3, 0x4B, 0x16, 0x20, 0x9E, 0xDA, 0x07, 0xF9, 0x10, 0x1D, 0xB0, 0xA3,
    0x57, 0x96, 0x7D, 0xA4, 0x53, 0x56, 0x1F, 0x0D, 0x4D, 0x80, 0xF9, 0xAB, 0x07, 0x64, 0x7D, 0x9A,
    0x92, 0x74, 0x48, 0xF9, 0x53, 0x76, 0xC2, 0x65, 0x41, 0xD4, 0xF4, 0x48, 0xA7, 0xC8, 0xF0, 0x07,
    0x70, 0x71, 0xE1, 0x05, 0xDE, 0xB3, 0x5E, 0x70, 0x67, 0x14, 0x7C, 0x77, 0x12, 0x7C, 0x9B, 0xD1,
    0x7B, 0xEA, 0x38, 0xAA, 0xE3, 0x9A, 0xFF, 0x13, 0x54, 0xB3, 0xA0, 0xB8, 0xC8, 0x71, 0x46, 0x51,
    0x2A, 0x0A, 0x45, 0x1A, 0x80, 0xC7, 0x38, 0xB9, 0x33, 0x02, 0x25, 0xBD, 0xA2, 0x13, 0xCC, 0xD0,
    0x70, 0x81, 0x37, 0xEF, 0x1C, 0x78, 0xF3, 0x6A, 0x06, 0xEC, 0xAD, 0x08, 0xD8, 0xBC, 0x33, 0x22,
    0xE5, 0x20, 0xD6, 0x63, 0xC3, 0x5A, 0xA6, 0xFA, 0xFF, 0x19, 0x5A, 0xE6, 0xB4, 0x52, 0x27, 0xFC,
    0xF7, 0x21, 0xE7, 0x28, 0xB4, 0x8C, 0x53, 0xA9, 0x8C, 0x1D, 0xC2, 0x7B, 0x1C, 0x51, 0x4C, 0xA2,
    0x03, 0xD5, 0x88, 0x6C, 0x86, 0xF1, 0x48, 0x09, 0xA3, 0xB9, 0xA9, 0xF7, 0x13, 0xD6, 0x5F, 0xC6,
    0x78, 0xCC, 0x72, 0x7C, 0x35, 0x48, 0xDA, 0x25, 0x9F, 0x9C, 0xFF, 0x4D, 0xAD, 0x14, 0xE9, 0x97,
    0xB2, 0xF0, 0x22, 0x1F, 0x60, 0xB9, 0xE4, 0x93, 0xF3, 0x73, 0x71, 0x22, 0x9D, 0x1A, 0xB6, 0xCB,
    0x62, 0x9B, 0x9D, 0xF5, 0xF8, 0x2E, 0xCE, 0x71, 0x8E, 0x65, 0xD0, 0xB9, 0x8B, 0xC6, 0xA5, 0xB3,
    0x8D, 0xB6, 0xA1, 0x9A, 0x7E, 0x6E, 0xC4, 0x74, 0x9F, 0x1E, 0x53, 0x90, 0x83, 0xA6, 0x59, 0x57,
    0xF4, 0xE2, 0xD4, 0x1E, 0x2A, 0x54, 0x35, 0x50, 0x3E, 0x62, 0x54, 0x1B, 0xEF, 0x66, 0x7A, 0xA1,
    0xEE, 0xFC, 0x3A, 0x79, 0xA1, 0xC6, 0x59, 0xDA, 0xA7, 0x5E, 0x74, 0x75, 0x50, 0x4F, 0x54, 0x8B,
    0x8A, 0x63, 0x79, 0x23, 0xB9, 0xAD, 0xC5, 0x14, 0x23, 0xD5, 0x1B, 0xFF, 0x35, 0x01, 0x30, 0xAF,
    0x0F, 0xC2, 0xF7, 0x0A, 0x27, 0x3C, 0xFB, 0x7A, 0x79, 0x03, 0xDB, 0x93, 0x33, 0xB0, 0xF4, 0xE9,
    0x64, 0x5C, 0xE6, 0x25, 0xCD, 0x07, 0x23, 0x4E, 0x8E, 0xE9, 0x8D, 0x55, 0xAA, 0x84, 0x1E, 0x36,
    0x46, 0x29, 0x63, 0x24, 0x6A, 0x35, 0x2A, 0x62, 0xFB, 0xA2, 0x75, 0xD6, 0xC8, 0x78, 0x8D, 0xD4,
    0x62, 0xD4, 0xC1, 0x3C, 0x3C, 0x6F, 0x1B, 0x89, 0x48, 0xF7, 0x64, 0xA4, 0xFB, 0x0E, 0x8E, 0xF4,
    0x87, 0xB9, 0x14, 0x21, 0x46, 0x39, 0xFF, 0xD1, 0x3E, 0x3C, 0x7F, 0x2B, 0xE5, 0x61, 0xE9, 0x28,
    0x77, 0x11, 0x6E, 0xE1, 0x20, 0xD8, 0x29, 0xE1, 0x88, 0x8C, 0xFC, 0x39, 0x89, 0x82, 0x1A, 0x5C,
    0xF5, 0xE0, 0x0E, 0x9D, 0xE9, 0x45, 0x1B, 0x51, 0x78, 0x91, 0xA9, 0x91, 0x95, 0x88, 0x1C, 0x54,
    0xFC, 0x61, 0x94, 0xCE, 0x00, 0xE2, 0x21, 0x80, 0x26, 0xA8, 0x81, 0xEA, 0x41, 0xC5, 0x3E, 0xE9,
    0x76, 0x99, 0x75, 0x69, 0xCC, 0x5A, 0x1D, 0x93, 0x90, 0x2D, 0x92, 0x5A, 0x37, 0xE0, 0x54, 0x41,
    0x07, 0xC4, 0x0C, 0xF2, 0x51, 0x50, 0x76, 0x38, 0x98, 0xAD, 0x6C, 0xF8, 0xF6, 0x72, 0xDE, 0x04,
    0x1E, 0xF6, 0x1E, 0x07, 0x58, 0x57, 0x06, 0x41, 0xFE, 0x24, 0x8A, 0x11, 0xF6, 0xA7, 0xD6, 0xEF,
    0x97, 0x7B, 0x67, 0x2C, 0xF8, 0x80, 0x75, 0x5C, 0x18, 0x16, 0x98, 0x5E, 0x50, 0x0D, 0x82, 0x22,
    0x08, 0xB2, 0x19, 0x2A, 0x47, 0x00, 0x3A, 0x9C, 0xDC, 0x46, 0x39, 0xAA, 0xCB, 0x59, 0xA7, 0x61,
    0x79, 0x0A, 0xCF, 0xF9, 0xC8, 0x6A, 0xA4, 0x1D, 0xC8, 0x81, 0x03, 0xE8, 0x2E, 0xEF, 0x5D, 0x5E,
    0x4F, 0x6D, 0x2F, 0x1A, 0xDB, 0x15, 0x5E, 0xD1, 0x09, 0xCA, 0x83, 0xB1, 0x9D, 0x79, 0x6D, 0x36,
    0x3F, 0x99, 0xCD, 0xFD, 0xC9, 0x70, 0x32, 0xD3, 0x72, 0x91, 0x5C, 0xB2, 0xED, 0x42, 0xD9, 0x6B,
    0x26, 0x55, 0x0B, 0xB3, 0xBE, 0x20, 0x80, 0xA2, 0x2F, 0x7A, 0xE8, 0xD3, 0x1D, 0x20, 0x01, 0x98,
    0x00, 0x7D, 0x48, 0x5F, 0xF7, 0x49, 0xBA, 0x85, 0x13, 0x98, 0xB6, 0xA9, 0xB5, 0x61, 0xC9, 0x38,
    0x60, 0xC3, 0x1E, 0xD8, 0xD6, 0x7B, 0xB1, 0x10, 0xB5, 0x10, 0xB9, 0x30, 0x14, 0x9B, 0xA0, 0x8A,
    0x55, 0xD7, 0x95, 0x6C, 0x1D, 0x26, 0x16, 0x07, 0xC3, 0xC4, 0xDB, 0x58, 0xDB, 0x82, 0x9C, 0xEC,
    0x4B, 0xB2, 0x33, 0x0F, 0xAD, 0x6B, 0xBA, 0x64, 0x5D, 0x7F, 0x8B, 0x65, 0xCC, 0x40, 0xC1, 0x1E,
    0x69, 0x1C, 0xA4, 0xB3, 0x45, 0xC6, 0x0E, 0xB0, 0xCB, 0xC2, 0x67, 0xE9, 0xEF, 0x4A, 0x6C, 0xFF,
    0x21, 0x8E, 0x16, 0x9C, 0x18, 0x2A, 0x0E, 0xBB, 0x1B, 0x30, 0xD9, 0x02, 0x99, 0x26, 0x1E, 0xE2,
    0xDD, 0x0E, 0x62, 0x2D, 0x53, 0xE7, 0xC6, 0x2B, 0x12, 0x0D, 0x67, 0xD8, 0xF6, 0x8F, 0xC5, 0x00,
    0xAB, 0x87, 0xB1, 0x46, 0x19, 0xB5, 0xCF, 0x40, 0x45, 0x68, 0xEB, 0x07, 0xB0, 0xFE, 0x37, 0x89,
    0x35, 0x6F, 0xCB, 0x09, 0x0D, 0xFB, 0x98, 0x4F, 0xBC, 0xBF, 0xAC, 0x47, 0xC2, 0x80, 0xEC, 0xC1,
    0x8C, 0xB2, 0x33, 0xAD, 0xBE, 0xBE, 0xF3, 0x4C, 0x35, 0x6D, 0x81, 0xCD, 0x32, 0xAF, 0x52, 0xFE,
    0x72, 0x44, 0x53, 0xC7, 0x79, 0x95, 0xA3, 0x69, 0x7A, 0x66, 0x75, 0x37, 0x10, 0x6B, 0x75, 0x37,
    0x90, 0x7A, 0x24, 0x2F, 0x8B, 0xB1, 0x17, 0xAB, 0x8F, 0x53, 0xF7, 0xF7, 0x00, 0xBC, 0x2F, 0x76,
    0xC7, 0xC5, 0x5B, 0x75, 0x73, 0xA7, 0x43, 0xBA, 0x0C, 0x65, 0x4E, 0x90, 0xD4, 0x65, 0x57, 0xB9,
    0x6C, 0x64, 0x9D, 0x70, 0x02, 0xEC, 0x18, 0x6F, 0xAF, 0x67, 0x79, 0x9E, 0x2E, 0xBB, 0x97, 0x8E,
    0x71, 0x9E, 0x1A, 0x92, 0x11, 0xF5, 0x8A, 0x78, 0x6F, 0x1D, 0x1F, 0x69, 0x27, 0xC8, 0x3F, 0x17,
    0x6C, 0x26, 0x2C, 0x4E, 0xFE, 0x93, 0x79, 0xDF, 0x4A, 0x55, 0x3D, 0xA2, 0xDE, 0x80, 0x24, 0x60,
    0x13, 0x90, 0x73, 0x36, 0x9C, 0x45, 0xD9, 0x8B, 0xD3, 0xED, 0x2C, 0xE0, 0x77, 0xB7, 0x54, 0x36,
    0xFE, 0x75, 0xCA, 0x39, 0xE1, 0x8C, 0x66, 0x46, 0xD6, 0x21, 0xEF, 0xF1, 0x7C, 0x90, 0x8C, 0x35,
    0x5B, 0xA3, 0x0F, 0xD7, 0xB8, 0x36, 0x95, 0x8E, 0xD9, 0x00, 0x50, 0x0B, 0x30, 0x6C, 0x81, 0x92,
    0x80, 0x3E, 0x46, 0x34, 0x5C, 0xA7, 0x7E, 0x0D, 0xEB, 0x92, 0x9E, 0x6A, 0x9D, 0x80, 0xB0, 0xD3,
    0x7B, 0x57, 0x15, 0x43, 0x35, 0x03, 0x46, 0xD1, 0x28, 0x44, 0x39, 0x54, 0xE9, 0xEF, 0x43, 0x2A,
    0x50, 0x5F, 0x28, 0x66, 0x20, 0x51, 0xA0, 0x51, 0x24, 0xF5, 0x85, 0x02, 0xEB, 0x2F, 0xAD, 0x64,
    0x46, 0xFA, 0x03, 0x6C, 0xDE, 0x99, 0xEF, 0x5E, 0x5D, 0xE0, 0xA5, 0x67, 0xCF, 0x30, 0xEC, 0xB6,
    0x8B, 0xCF, 0xDE, 0xDA, 0x9B, 0xAB, 0xA5, 0x54, 0x3E, 0xF2, 0xCB, 0xBB, 0x4F, 0x1F, 0xB0, 0x45,
    0x82, 0xE7, 0xF6, 0xAE, 0x6B, 0x51, 0x75, 0xF1, 0x55, 0xB2, 0xA7, 0x41, 0x13, 0xD1, 0xA1, 0xE9,
    0x8C, 0x07, 0x5D, 0x35, 0xBF, 0xCC, 0xB6, 0x20, 0x89, 0x94, 0x0C, 0x40, 0xC3, 0xEE, 0xF1, 0x9C,
    0x49, 0x32, 0xA5, 0x5D, 0xC6, 0x5F, 0x75, 0x05, 0xE9, 0x8A, 0x0D, 0x71, 0x82, 0x6F, 0x42, 0x83,
    0xCE, 0xE7, 0x8B, 0x85, 0xDF, 0x6B, 0xAD, 0x8E, 0xDD, 0xCA, 0x60, 0x7F, 0x61, 0x43, 0x43, 0x86,
    0x8A, 0x5F, 0x84, 0x9C, 0x1F, 0x86, 0x98, 0xCD, 0xF7, 0xCE, 0xDF, 0x02, 0x48, 0xBF, 0x60, 0xBB,
    0x3D, 0xBB, 0x01, 0x99, 0xFA, 0x96, 0xB8, 0x3A, 0xBB, 0x56, 0x4B, 0xB6, 0xDB, 0xE3, 0xC9, 0xD3,
    0x7B, 0x0F, 0x03, 0x46, 0x80, 0xF7, 0x07, 0xEC, 0x1A, 0x9C, 0x82, 0x75, 0xDC, 0x73, 0x13, 0x42,
    0x75, 0x05, 0x23, 0x77, 0xB9, 0xCB, 0xE6, 0x38, 0xBA, 0xDC, 0xB5, 0xDE, 0x49, 0x7D, 0x3C, 0xC1,
    0x89, 0xEA, 0x2A, 0x26, 0x41, 0x65, 0x05, 0x7F, 0x5E, 0x44, 0xEC, 0xBF, 0xE6, 0x41, 0x80, 0xFA,
    0x26, 0xA4, 0xAB, 0x76, 0xC0, 0x78, 0x60, 0x0E, 0x80, 0xFF, 0xFE, 0xCE, 0xE6, 0x71, 0xF7, 0x5B,
    0x82, 0xE3, 0xB9, 0xE0, 0xF4, 0x5B, 0xFA, 0x48, 0xF9, 0xC9, 0x08, 0xB0, 0xEC, 0xB1, 0x09, 0xA6,
    0x45, 0xD6, 0xBF, 0xA7, 0x6E, 0xBE, 0x99, 0x73, 0x8E, 0xED, 0x69, 0x9D, 0xCE, 0x26, 0x3E, 0xB1,
    0x8B, 0x4F, 0x74, 0x16, 0xC9, 0xE3, 0xD6, 0x11, 0xCF, 0xF9, 0x35, 0xA9, 0xF1, 0x00, 0x5E, 0x71,
    0x82, 0xB2, 0x15, 0x54, 0x62, 0x30, 0x8A, 0xEA, 0x7F, 0x04, 0x65, 0x10, 0x64, 0xE3, 0x11, 0xF4,
    0x64, 0x1D, 0x50, 0x1C, 0xBE, 0xE2, 0x1F, 0x1E, 0xBF, 0xE2, 0x8F, 0xED, 0xC1, 0x7F, 0x74, 0xAC,
    0xFF, 0xEF, 0xA0, 0x13, 0x93, 0x43, 0x8C, 0x9B, 0x6F, 0x4D, 0xC0, 0x7E, 0xCA, 0x72, 0x0D, 0xB6,
    0x06, 0x01, 0xC2, 0xB6, 0x09, 0x65, 0x8B, 0xCB, 0x5E, 0x6E, 0x33, 0xC3, 0x38, 0xC9, 0x27, 0x9D,
    0x60, 0xBA, 0x94, 0x5D, 0x1A, 0x50, 0xF5, 0x59, 0x7C, 0xA7, 0xB6, 0xF4, 0xF9, 0x23, 0x9F, 0x8F,
    0x28, 0x7C, 0xF1, 0x2B, 0x5F, 0x0C, 0x28, 0x86, 0xE2, 0x67, 0x43, 0xE1, 0x91, 0x8F, 0xE5, 0xA7,
    0x63, 0xE9, 0x91, 0x85, 0xEA, 0xA3, 0x50, 0xE9, 0x18, 0xC7, 0x7C, 0x18, 0x4C, 0xA7, 0xF1, 0x0F,
    0x26, 0xE3, 0xE2, 0x4B, 0x62, 0xB3, 0xC4, 0xC9, 0x6C, 0xC1, 0x38, 0xFC, 0x99, 0x61, 0x6D, 0x0D,
    0xC4, 0x9E, 0x0E, 0x00, 0x1B, 0x60, 0x34, 0x6E, 0x24, 0x9E, 0x55, 0xDA, 0x88, 0x6A, 0xD2, 0x78,
    0x88, 0x0A, 0xD7, 0x0E, 0x41, 0x31, 0x29, 0x61, 0xA8, 0x04, 0x8D, 0x13, 0xA6, 0x63, 0xEE, 0xE3,
    0xED, 0xBD, 0x36, 0x5C, 0x58, 0x96, 0xAD, 0xEA, 0xC6, 0x49, 0x02, 0xD6, 0xC6, 0x55, 0x33, 0x28,
    0x2A, 0x0C, 0x93, 0x59, 0x44, 0x98, 0x46, 0xB4, 0x15, 0xBE, 0x31, 0x69, 0x10, 0x09, 0xEF, 0x9B,
    0x6F, 0x07, 0x51, 0x30, 0x55, 0x6F, 0x8C, 0x22, 0x20, 0x94, 0x1F, 0x0F, 0x48, 0x43, 0x28, 0x3E,
    0xF6, 0x48, 0xA7, 0x50, 0xFC, 0xBC, 0x47, 0x32, 0x8F, 0xF9, 0xFD, 0x0E, 0xD8, 0xBD, 0x0E, 0x00,
    0xFA, 0x54, 0x23, 0x2B, 0x51, 0x0B, 0x34, 0xFD, 0x86, 0xF8, 0xDD, 0xD7, 0x6F, 0x7E, 0xD4, 0xEB,
    0xC3, 0x69, 0x5C, 0x9A, 0x59, 0x0D, 0xD6, 0xA1, 0xF2, 0x8D, 0x8E, 0x10, 0x8D, 0x97, 0x2F, 0xC5,
    0x00, 0x3D, 0xDB, 0x1B, 0x22, 0x9D, 0xE2, 0x3B, 0xC3, 0x79, 0x00, 0xF8, 0xDD, 0x01, 0xB0, 0xF7,
    0xF7, 0x2F, 0x78, 0x97, 0x9A, 0x55, 0x41, 0x00, 0xD9, 0x2C, 0x48, 0xA7, 0xAB, 0xE1, 0xE4, 0x6C,
    0x7F, 0xD9, 0x45, 0xDF, 0xAA, 0xE3, 0xD3, 0xB1, 0xE8, 0xE3, 0xDB, 0x6A, 0xEB, 0xEB, 0x1A, 0x14,
    0xE7, 0x24, 0x84, 0xE9, 0x36, 0x44, 0xE5, 0xA3, 0x3F, 0x32, 0xF5, 0x46, 0xAE, 0x4E, 0x28, 0x44,
    0x7B, 0x28, 0x3D, 0x36, 0x53, 0xD5, 0xED, 0x32, 0x00, 0x1B, 0x95, 0x65, 0xEB, 0xC5, 0xF9, 0xD5,
    0x2C, 0x28, 0xC2, 0x8A, 0x41, 0x50, 0xEE, 0x5F, 0xAA, 0x7F, 0x89, 0x4E, 0x0F, 0x6B, 0xB1, 0x9C,
    0xCC, 0xCF, 0x05, 0x78, 0x35, 0xED, 0x01, 0xE6, 0x7E, 0x81, 0x7E, 0xD5, 0x70, 0xCD, 0xCE, 0x59,
    0x06, 0x04, 0xB6, 0x03, 0x92, 0x98, 0x36, 0xD6, 0xBE, 0x3F, 0x9C, 0x61, 0x34, 0x24, 0x9F, 0xC4,
    0xAA, 0xB5, 0xDA, 0x2B, 0x04, 0x1D, 0xB0, 0x89, 0x19, 0x4C, 0xBA, 0x73, 0xDC, 0xEF, 0x6C, 0x96,
    0x75, 0x2C, 0xA4, 0x4F, 0xEC, 0xD4, 0x19, 0xA8, 0xF8, 0x62, 0x29, 0x0F, 0x10, 0x07, 0x0A, 0x09,
    0x5B, 0xA4, 0xD3, 0x32, 0x76, 0x75, 0xEB, 0x9C, 0x4D, 0x45, 0xBA, 0xBD, 0x9D, 0x6E, 0xE9, 0x62,
    0x61, 0x9A, 0x5D, 0xB1, 0x3C, 0x16, 0xAC, 0x8B, 0xC3, 0x86, 0x74, 0x06, 0xD4, 0x39, 0xE5, 0x83,
    0x6D, 0x6D, 0xC8, 0x6E, 0x6F, 0x88, 0x21, 0x1B, 0xA1, 0xBB, 0xF7, 0x48, 0x07, 0x01, 0x6E, 0x40,
    0x27, 0x96, 0x75, 0x93, 0x3E, 0x5A, 0xFC, 0x8C, 0xE3, 0xE8, 0xDC, 0x0F, 0x21, 0xC6, 0x8B, 0x87,
    0x10, 0xD7, 0xAA, 0x53, 0xC7, 0x9F, 0x45, 0x5F, 0x76, 0xD9, 0x68, 0x0F, 0xC7, 0x9F, 0x47, 0xD1,
    0x89, 0x5B, 0xDA, 0xA4, 0x1B, 0x76, 0x0D, 0x9D, 0xED, 0x6A, 0xDB, 0xE2, 0x0F, 0xD8, 0x7E, 0x0B,
    0xD5, 0x5A, 0x31, 0x90, 0xDD, 0x46, 0x72, 0x7D, 0x00, 0x6E, 0xF5, 0xCB, 0x44, 0x00, 0x05, 0x64,
    0x95, 0x4B, 0xB2, 0x0B, 0x0E, 0xCF, 0x0E, 0x8C, 0x3C, 0x38, 0x0D, 0x14, 0xB8, 0x1C, 0x5C, 0xE0,
    0x0D, 0x76, 0xCB, 0x81, 0x03, 0xE5, 0xE5, 0x60, 0x63, 0x57, 0xF9, 0x6E, 0x60, 0x29, 0x70, 0x68,
    0x26, 0x97, 0x2B, 0x90, 0xAB, 0x74, 0xAB, 0x80, 0x0E, 0x1C, 0x38, 0xB8, 0x13, 0x20, 0x31, 0x50,
    0xA0, 0xC0, 0x90, 0x58, 0x8E, 0x85, 0xB3, 0x24, 0xDB, 0x5E, 0x05, 0xC6, 0xE9, 0x70, 0x12, 0x48,
    0x0E, 0xA6, 0x3D, 0xAF, 0x31, 0xFF, 0xFF, 0x5D, 0x92, 0x5E, 0x91, 0xC7, 0x65, 0x69, 0x0D, 0x6D,
    0xBF, 0x37, 0xC2, 0x1F, 0xCC, 0xA0, 0x7B, 0x06, 0x33, 0xDD, 0x3D, 0xC4, 0xEE, 0x4A, 0x05, 0xB9,
    0xCC, 0x99, 0x47, 0x2B, 0xF2, 0x96, 0x4B, 0x45, 0xE4, 0xE1, 0x9C, 0xCB, 0x99, 0xC8, 0x58, 0x2C,
    0x28, 0xA5, 0xAB, 0x66, 0x6C, 0x3C, 0xCC, 0x88, 0x4C, 0x60, 0x06, 0x56, 0xB7, 0x3D, 0x12, 0xA9,
    0x77, 0x88, 0x7D, 0x99, 0xA8, 0x75, 0x62, 0xFD, 0x6A, 0xE2, 0xB3, 0x6C, 0xC7, 0x21, 0x97, 0xFF,
    0x90, 0x19, 0x99, 0x88, 0x8C, 0x60, 0x5F, 0x0D, 0xF0, 0xAA, 0xDC, 0x07, 0x80, 0x5B, 0x58, 0xAF,
    0xA3, 0x20, 0x99, 0x27, 0x2C, 0xB0, 0x3E, 0x73, 0x99, 0xC8, 0x67, 0x73, 0xC1, 0x07, 0xAA, 0xFB,
    0x27, 0xD2, 0x98, 0x61, 0x13, 0xEE, 0x77, 0x7C, 0xD3, 0x15, 0x52, 0x89, 0xC0, 0xFF, 0xB5, 0x04,
    0xAD, 0x12, 0x2A, 0x3B, 0x14, 0x22, 0x13, 0x3B, 0xEB, 0x81, 0x96, 0x4D, 0x26, 0x35, 0xCE, 0x5F,
    0x89, 0xC0, 0x36, 0xA8, 0x3E, 0xE5, 0xC3, 0x30, 0x9F, 0x2F, 0x4A, 0x5F, 0x39, 0x25, 0x19, 0x57,
    0x6A, 0x94, 0x26, 0x28, 0x0D, 0xBF, 0x03, 0xD9, 0x48, 0x3D, 0x4C, 0x0F, 0x5A, 0x44, 0x3A, 0xA0,
    0xF2, 0x7F, 0x45, 0xD5, 0xA9, 0x16, 0x35, 0x15, 0x71, 0x81, 0x60, 0xA5, 0x27, 0xE1, 0x50, 0x91,
    0x36, 0xA9, 0x89, 0xB6, 0x23, 0xB6, 0x8D, 0xD4, 0xF9, 0x2C, 0x75, 0x40, 0x2F, 0x08, 0x28, 0x4E,
    0x71, 0x24, 0x2E, 0x20, 0xBA, 0x4B, 0xB0, 0x29, 0x88, 0x5D, 0x19, 0xB0, 0xFD, 0xB2, 0x0D, 0x68,
    0xB5, 0xD3, 0x4A, 0x7E, 0x13, 0x30, 0x97, 0x37, 0x03, 0xE2, 0x65, 0x6C, 0xAF, 0x83, 0x3A, 0x59,
    0x5F, 0x22, 0x1F, 0x8B, 0x01, 0xD0, 0xD1, 0xB0, 0x0D, 0xF4, 0x12, 0x59, 0x19, 0xC6, 0x6D, 0x6B,
    0xB3, 0x6E, 0xBC, 0xAC, 0xFC, 0xB7, 0x0E, 0xAC, 0x0B, 0xD2, 0x6F, 0x0B, 0xF3, 0xB6, 0xE0, 0xD7,
    0x42, 0x97, 0x4B, 0x0D, 0x54, 0x63, 0xDB, 0x25, 0xB4, 0x86, 0x19, 0xDA, 0x0E, 0x6D, 0xCF, 0xF7,
    0x0B, 0x05, 0xCB, 0xA9, 0x13, 0xAD, 0xB7, 0x59, 0xB4, 0x30, 0xA2, 0x98, 0x63, 0xA1, 0x1A, 0xE3,
    0x4F, 0xB6, 0x8F, 0x85, 0x75, 0x88, 0x6C, 0x9F, 0x09, 0x58, 0x68, 0xBB, 0xF0, 0x10, 0xB4, 0xE5,
    0xF0, 0x10, 0xB4, 0x2F, 0xC3, 0xC9, 0x76, 0xC6, 0xDE, 0x1F, 0x9C, 0xFE, 0x5C, 0xDF, 0x47, 0x44,
    0x16, 0xBE, 0x61, 0x2C, 0xDC, 0x87, 0x16, 0x56, 0xA3, 0x07, 0xED, 0x57, 0xFD, 0x3A, 0xD3, 0xA8,
    0x3A, 0xC5, 0xAF, 0x3D, 0xB4, 0x72, 0x26, 0x0E, 0xFA, 0x38, 0x64, 0x64, 0xC1, 0xEB, 0x10, 0x45,
    0x75, 0x62, 0xA7, 0x56, 0xA4, 0x51, 0x75, 0x62, 0xC1, 0x0E, 0xB1, 0x60, 0x86, 0x5B, 0x7F, 0x29,
    0x51, 0x8B, 0xEC, 0x11, 0xBD, 0x86, 0x73, 0x7A, 0x75, 0xAB, 0x3A, 0x10, 0xB6, 0xAC, 0xD3, 0x3A,
    0xB6, 0x9C, 0xBB, 0xA8, 0x4E, 0x39, 0x45, 0x75, 0xCC, 0x6F, 0x8F, 0xEB, 0xAD, 0x79, 0xBB, 0xAD,
    0x3A, 0xDD, 0x56, 0x9D, 0x4E, 0xE7, 0xF8, 0x21, 0x8E, 0x38, 0x7A, 0xA9, 0xCB, 0x66, 0x32, 0xE4,
    0x8D, 0x51, 0xD9, 0x48, 0xA7, 0x5C, 0x08, 0x94, 0x93, 0x23, 0x65, 0x7D, 0x46, 0xEE, 0x2D, 0x1B,
    0x91, 0x39, 0x97, 0x6F, 0x95, 0x4B, 0x11, 0x65, 0x73, 0xFF, 0x64, 0x49, 0x8E, 0x4F, 0x46, 0x33,
    0x70, 0xC2, 0x99, 0xDE, 0x76, 0xAC, 0x2F, 0x4D, 0x4B, 0x4E, 0x05, 0xCA, 0x9B, 0x45, 0x99, 0x9A,
    0x91, 0xA9, 0xA4, 0xD6, 0x53, 0xED, 0x36, 0x4B, 0x22, 0x35, 0xD8, 0x4E, 0x26, 0xC7, 0x47, 0x6C,
    0x37, 0x17, 0x71, 0xB9, 0x7C, 0xA3, 0x9C, 0xCA, 0x27, 0xCA, 0xF8, 0x01, 0xB0, 0x9D, 0xF8, 0x55,
    0xDF, 0xEA, 0x0C, 0x79, 0x81, 0x78, 0x76, 0x7A, 0x3B, 0xA0, 0x48, 0x7F, 0x01, 0xF5, 0x53, 0x5C,
    0x91, 0xF5, 0xF0, 0x9E, 0x10, 0x5B, 0xA9, 0x89, 0x1E, 0xC4, 0x2F, 0xF0, 0xE8, 0x65, 0x1A, 0xDB,
    0xF1, 0xBD, 0xDB, 0x88, 0xBC, 0x43, 0x04, 0xF6, 0x68, 0xBB, 0xE7, 0x47, 0xBE, 0x73, 0x40, 0x91,
    0xFE, 0x22, 0x02, 0xC0, 0x79, 0x6C, 0x89, 0x7F, 0x22, 0x44, 0x23, 0x35, 0xD1, 0x83, 0x38, 0x11,
    0x21, 0x4D, 0xD5, 0x71, 0x45, 0x55, 0xD1, 0x32, 0xB0, 0x8A, 0xE9, 0x9F, 0x47, 0x80, 0x73, 0xF2,
    0x8A, 0x74, 0xA8, 0x54, 0x80, 0x72, 0x86, 0x9D, 0x90, 0x3A, 0xB4, 0x8D, 0x75, 0xC8, 0x02, 0x77,
    0xD6, 0x47, 0x96, 0x2D, 0x37, 0x91, 0xFB, 0x95, 0xED, 0xB8, 0xF2, 0x1B, 0xD3, 0xCA, 0x3F, 0x76,
    0x2B, 0xBF, 0xE5, 0x57, 0x7E, 0x53, 0x56, 0x6E, 0xE4, 0xEE, 0xCA, 0xF6, 0xDE, 0xCA, 0xE6, 0x37,
    0x2B, 0x97, 0xDF, 0xAC, 0x9C, 0xCB, 0xCA, 0x59, 0xE4, 0x34, 0x32, 0xB6, 0x6C, 0x23, 0x9B, 0xC0,
    0xDB, 0xB5, 0x6E, 0xE5, 0x44, 0x6A, 0xA5, 0xF7, 0x04, 0xCA, 0xE2, 0x23, 0xBB, 0xC8, 0x3D, 0x9E,
    0x7C, 0xC9, 0xAA, 0x6F, 0x78, 0x7E, 0xD5, 0x37, 0xB0, 0x27, 0xBF, 0x8F, 0x55, 0x5F, 0x04, 0x6E,
    0x22, 0x53, 0x5F, 0xC1, 0xAA, 0xAF, 0xD4, 0xD4, 0x57, 0x99, 0xFA, 0x92, 0xA9, 0x2F, 0x99, 0xFA,
    0x92, 0xA9, 0xAF, 0x32, 0xF5, 0x25, 0x53, 0x5F, 0x32, 0xF5, 0x25, 0xE7, 0xB2, 0x72, 0x16, 0x39,
    0x8D, 0x8C, 0x2D, 0xDB, 0xC8, 0x86, 0x0C, 0x5E, 0x8F, 0x72, 0x22, 0x4A, 0x88, 0x7A, 0x43, 0x7C,
    0x64, 0xB7, 0x72, 0x3B, 0x60, 0x7F, 0x25, 0x0B, 0x31, 0x93, 0x3D, 0xF2, 0xCE, 0xFE, 0xF2, 0xB9,
    0xD4, 0xA9, 0x17, 0x23, 0x43, 0x40, 0x91, 0x29, 0xE0, 0x7D, 0x3B, 0x07, 0xEC, 0x0B, 0x17, 0xB0,
    0xCB, 0x89, 0xCD, 0xE6, 0x77, 0x46, 0x00, 0x38, 0x8F, 0x19, 0x31, 0xB9, 0xB3, 0x10, 0xC5, 0x29,
    0x4E, 0x8A, 0xB7, 0x71, 0x84, 0x03, 0x9A, 0xBC, 0x6E, 0x03, 0x96, 0x9F, 0xB3, 0x46, 0xAE, 0xBF,
    0xA5, 0xA2, 0x0A, 0x1D, 0xEF, 0xDD, 0x84, 0x4C, 0x3A, 0xC5, 0x9E, 0x75, 0xF4, 0xD7, 0x42, 0x46,
    0xE2, 0x43, 0xD6, 0xAF, 0xFE, 0x73, 0x0E, 0x68, 0xEE, 0xE9, 0x00, 0xDE, 0x65, 0x3B, 0xED, 0xDF,
    0x89, 0x9A, 0x4F, 0xD8, 0x51, 0xE0, 0xB8, 0x95, 0x65, 0x72, 0x2A, 0x1D, 0x36, 0x22, 0x32, 0x20,
    0x0F, 0x38, 0xA2, 0x50, 0x2C, 0x27, 0x14, 0xB3, 0xEE, 0x03, 0x2E, 0x6E, 0x77, 0xB6, 0xE7, 0x8B,
    0x0B, 0x1F, 0xD1, 0x5D, 0x38, 0x1F, 0x8B, 0x31, 0x5D, 0x6C, 0x07, 0x11, 0xC0, 0xB8, 0xDD, 0x66,
    0x9B, 0x8A, 0x67, 0x1B, 0x5D, 0x2E, 0x32, 0x66, 0xB7, 0xAB, 0x11, 0x28, 0x26, 0x95, 0x13, 0x99,
    0xE8, 0xF6, 0x18, 0xB9, 0x33, 0xB5, 0x7D, 0x31, 0x49, 0x17, 0xA4, 0x29, 0x43, 0xD9, 0x4E, 0x56,
    0xEF, 0x7F, 0x3B, 0xE5, 0xF2, 0xD6, 0x44, 0x27, 0xE3, 0x66, 0xE8, 0xC1, 0x34, 0xB6, 0x2E, 0xBE,
    0xF6, 0xC8, 0x64, 0x46, 0x22, 0xE3, 0x4E, 0xF9, 0x42, 0x96, 0x9D, 0x24, 0xA2, 0xEE, 0xCC, 0xB3,
    0x8B, 0xF4, 0xE7, 0xDB, 0xB9, 0xB4, 0x3F, 0x48, 0xF3, 0x7C, 0xA2, 0xDB, 0xB6, 0xEE, 0xD9, 0xBA,
    0x61, 0xEB, 0xA8, 0x39, 0x6D, 0x78, 0xDC, 0xBB, 0x52, 0x7A, 0xE5, 0x32, 0x23, 0x3A, 0x9F, 0xA9,
    0x8E, 0x02, 0x1D, 0xDD, 0x39, 0x3A, 0xA8, 0x97, 0x3B, 0xBA, 0xC4, 0xAB, 0x70, 0x74, 0x93, 0x1A,
    0x87, 0x9B, 0x29, 0x9F, 0x12, 0x6F, 0x7A, 0x58, 0xA9, 0x51, 0x79, 0xE0, 0xE0, 0x08, 0x7A, 0xB5,
    0x5E, 0x7D, 0xD6, 0x82, 0x2E, 0xEF, 0x5C, 0x3A, 0xEE, 0x9A, 0xF4, 0x6B, 0x5B, 0x95, 0x54, 0x28,
    0x2C, 0xF3, 0x1E, 0x7F, 0x63, 0x1D, 0x8E, 0x38, 0x9F, 0xE1, 0xB3, 0x6C, 0x5C, 0x77, 0xFD, 0x94,
    0x2B, 0x07, 0x5A, 0xEE, 0xF7, 0xBA, 0xD9, 0x17, 0xC2, 0x9E, 0x63, 0x27, 0xEA, 0xF9, 0xF6, 0xBA,
    0x29, 0x3F, 0x0F, 0x58, 0x85, 0x1E, 0xB6, 0x57, 0xCF, 0x56, 0xFD, 0x5A, 0xF5, 0x6A, 0xD5, 0xA7,
    0x8D, 0x1E, 0xED, 0xE1, 0xEA, 0x50, 0x16, 0x43, 0x39, 0x64, 0xCE, 0x36, 0xBA, 0x8C, 0x58, 0x07,
    0xDC, 0x5A, 0xA7, 0xF2, 0xEA, 0xD7, 0xE6, 0xEE, 0xBB, 0x84, 0x3E, 0x2C, 0x3D, 0x58, 0xFA, 0xAF,
    0xF4, 0x5E, 0x2B, 0xF9, 0xD6, 0xE5, 0xF2, 0xA1, 0x53, 0xBF, 0xB5, 0x95, 0x01, 0x58, 0x8D, 0x4D,
    0xD0, 0xEB, 0x47, 0x1B, 0xCE, 0xC3, 0x62, 0x88, 0xF0, 0xC3, 0xB4, 0xF9, 0x3E, 0x54, 0xDF, 0x88,
    0xD4, 0x5B, 0xD1, 0x2F, 0x77, 0x7C, 0x0D, 0xD9, 0x64, 0x55, 0x70, 0xFB, 0xF7, 0xAF, 0xCE, 0x04,
    0xB8, 0xF1, 0x0E, 0xA0, 0xC1, 0x86, 0xEE, 0x5F, 0x89, 0x67, 0x67, 0xEF, 0x5C, 0x1B, 0x3B, 0x00,
    0xA7, 0x0D, 0x12, 0x81, 0xEE, 0x7B, 0xC5, 0x08, 0xDC, 0xA8, 0x5F, 0x9C, 0x2D, 0xDE, 0x0E, 0xFF,
    0xE1, 0xFD, 0x7C, 0x00, 0x2A, 0x69, 0x80, 0xDC, 0xEB, 0xD4, 0xBF, 0x36, 0xB6, 0xB8, 0xD1, 0xDC,
    0x68, 0x54, 0x67, 0x71, 0x1A, 0x13, 0xE2, 0xE0, 0xC5, 0xD9, 0x22, 0x39, 0xDD, 0x79, 0x82, 0xD5,
    0x10, 0x60, 0xA3, 0xBB, 0xE0, 0xBB, 0xD7, 0xC7, 0x16, 0xEF, 0xC6, 0xB8, 0x43, 0x34, 0xE6, 0x02,
    0x5E, 0x6A, 0x5E, 0x90, 0x2D, 0xF6, 0xCB, 0xBF, 0x11, 0xA9, 0x83, 0xF4, 0x7F, 0x0C, 0x3B, 0x82,
    0x5B, 0x30, 0x72, 0x47, 0x69, 0x45, 0xF6, 0xD2, 0xE4, 0xCE, 0x76, 0xC5, 0x6C, 0x86, 0x6A, 0x2C,
    0x45, 0xFA, 0x5C, 0xA4, 0x49, 0x64, 0x01, 0x12, 0x5A, 0x52, 0xDC, 0x45, 0x8C, 0x57, 0xF1, 0xFA,
    0xC8, 0x3B, 0x77, 0xE7, 0x1D, 0xBE, 0x84, 0xB7, 0xAF, 0x87, 0x37, 0x91, 0x89, 0x34, 0x51, 0x56,
    0x6F, 0x76, 0xAA, 0x90, 0xCD, 0xA6, 0xA6, 0xE0, 0xF0, 0xF7, 0xAE, 0xCC, 0xAB, 0x40, 0x25, 0xAA,
    0xC7, 0x63, 0xB6, 0xC1, 0x4F, 0x14, 0x45, 0xB1, 0x55, 0xFC, 0x21, 0xAE, 0x87, 0x6D, 0x78, 0x6D,
    0xED, 0x93, 0x9E, 0x9E, 0xD6, 0x3A, 0xC6, 0x45, 0x1F, 0x64, 0x58, 0x39, 0xC1, 0xD5, 0xD9, 0x07,
    0x37, 0x4E, 0x7F, 0x0E, 0xD5, 0xCF, 0x9F, 0xA3, 0x83, 0xE3, 0x23, 0xEC, 0xAF, 0x4A, 0x5F, 0x1A,
    0x76, 0xA5, 0x76, 0x25, 0x51, 0x4A, 0x7D, 0x49, 0xBB, 0x64, 0x4E, 0x29, 0x9F, 0x95, 0x8A, 0x49,
    0xA9, 0x1C, 0xCB, 0x07, 0xA7, 0xB7, 0x61, 0xFA, 0x92, 0xFA, 0xDB, 0x4E, 0xA9, 0x6D, 0x94, 0xE4,
    0xAC, 0x1D, 0x11, 0x3D, 0x1E, 0x64, 0x2B, 0xE5, 0x24, 0x55, 0x80, 0x8F, 0x07, 0x09, 0x8F, 0xBF,
    0x6D, 0x06, 0x94, 0x22, 0xA3, 0xED, 0x94, 0xA4, 0x51, 0x02, 0x4E, 0x43, 0xC3, 0x00, 0x44, 0xFA,
    0x73, 0x74, 0x7C, 0xCE, 0x57, 0x4E, 0x19, 0xCD, 0x37, 0xB4, 0x4F, 0x2B, 0x93, 0x36, 0x2D, 0x0B,
    0xB2, 0xA6, 0xF2, 0xA9, 0x40, 0x3F, 0x32, 0xA5, 0x09, 0x6D, 0x9D, 0xDC, 0xE1, 0x8F, 0x75, 0x41,
    0x94, 0xC6, 0xF8, 0x3B, 0x24, 0xDA, 0x4D, 0x17, 0x2A, 0x25, 0x69, 0x2A, 0x07, 0xAC, 0x81, 0xE1,
    0x2B, 0xB0, 0xE2, 0x45, 0x3C, 0x8C, 0xCC, 0x36, 0x50, 0xCE, 0x8F, 0x71, 0xD6, 0x7C, 0xD5, 0xCD,
    0x7D, 0xE7, 0xBE, 0x46, 0xA5, 0x7A, 0x8A, 0x74, 0x99, 0x3C, 0x08, 0xED, 0x48, 0x9D, 0xD4, 0xA5,
    0xCE, 0xC2, 0x31, 0x80, 0x51, 0xE8, 0x0F, 0x8E, 0x6B, 0xDB, 0x97, 0x32, 0xEE, 0xC1, 0xF4, 0xA1,
    0x82, 0x19, 0x6E, 0xB4, 0xF7, 0xCD, 0x58, 0x88, 0xAF, 0x08, 0x85, 0x3B, 0x38, 0x99, 0x72, 0x69,
    0xAA, 0x71, 0xB5, 0x54, 0x4B, 0x78, 0x95, 0x7D, 0xEC, 0x12, 0x95, 0x89, 0x7C, 0xB2, 0x20, 0x97,
    0x07, 0x0B, 0xED, 0xB3, 0x68, 0x52, 0x03, 0x76, 0xC8, 0x35, 0xFD, 0xF1, 0x64, 0xB0, 0xC3, 0x26,
    0xD6, 0xD3, 0x27, 0x98, 0x5E, 0x41, 0xD2, 0xBE, 0xB5, 0xC4, 0xC4, 0x0B, 0x27, 0xD6, 0x0A, 0x37,
    0xEE, 0xF8, 0xFA, 0x4F, 0xEB, 0x6A, 0xA6, 0x42, 0x23, 0xA1, 0xC3, 0x4B, 0xEA, 0x3C, 0xD2, 0x83,
    0x06, 0x5D, 0x68, 0xD0, 0x87, 0x56, 0x27, 0x5A, 0xBD, 0x68, 0xBA, 0xD1, 0xCF, 0x6A, 0x88, 0x00,
    0xB6, 0x7F, 0xE5, 0xF4, 0xED, 0xF3, 0x86, 0x20, 0x0C, 0xB4, 0xC6, 0x18, 0xA0, 0x9A, 0x02, 0x14,
    0x4B, 0x80, 0x5C, 0xBE, 0x6C, 0x9F, 0x68, 0x88, 0x83, 0xD5, 0x8F, 0x1D, 0x13, 0x6F, 0x3A, 0xCD,
    0x8D, 0x98, 0x65, 0xE7, 0xC7, 0xD2, 0x3E, 0x34, 0x0F, 0x75, 0xA5, 0xD2, 0xCC, 0x1A, 0x31, 0x13,
    0xD4, 0x5E, 0x14, 0xBD, 0x47, 0x3F, 0xD6, 0xCC, 0xA5, 0xD6, 0xCD, 0xE5, 0xE1, 0x92, 0xCA, 0xBD,
    0x05, 0x3F, 0xA0, 0x51, 0x36, 0xEE, 0x65, 0x14, 0xAE, 0xFA, 0xC7, 0x76, 0xA6, 0x2D, 0x68, 0x0A,
    0x5A, 0x22, 0xA9, 0x71, 0x84, 0x6C, 0xE6, 0x56, 0x26, 0xD5, 0x00, 0xCD, 0xD3, 0xA2, 0x14, 0xEC,
    0x9D, 0xE8, 0x35, 0x8F, 0x66, 0xBB, 0x54, 0x6A, 0xDB, 0x69, 0xCA, 0xB8, 0x9C, 0x03, 0x68, 0x36,
    0x4A, 0x3A, 0xD8, 0x0F, 0xA5, 0x86, 0xFD, 0x88, 0x8E, 0xE8, 0xBF, 0xCE, 0x01, 0x64, 0x24, 0x68,
    0x69, 0x09, 0xF0, 0x50, 0x02, 0x7C, 0x22, 0x0D, 0x53, 0x2D, 0xFD, 0xFA, 0x58, 0x6C, 0xA0, 0x70,
    0x01, 0x32, 0x41, 0x6C, 0x19, 0xD2, 0xE9, 0x98, 0xAC, 0x83, 0xB2, 0x8E, 0x0A, 0x36, 0x6C, 0x48,
    0xC7, 0xE5, 0x62, 0x30, 0x89, 0xB6, 0x79, 0x1A, 0xCC, 0x17, 0x62, 0x35, 0x11, 0x6D, 0xAF, 0x2B,
    0x5D, 0x13, 0xF0, 0xEF, 0x3D, 0x02, 0xFE, 0xC3, 0x4C, 0x6C, 0x47, 0xA2, 0xAC, 0x38, 0x2B, 0x2E,
    0xC4, 0x7B, 0x42, 0x6C, 0xA4, 0x59, 0x9F, 0x25, 0x56, 0x23, 0xB1, 0x70, 0xC4, 0x8D, 0xBF, 0x26,
    0x31, 0x90, 0xA9, 0x89, 0xBF, 0x24, 0xC0, 0x11, 0x12, 0x45, 0x48, 0x4F, 0x6C, 0x15, 0x5F, 0x6D,
    0x70, 0x35, 0xF1, 0xD0, 0x86, 0x6B, 0x78, 0x03, 0x54, 0xB1, 0x63, 0xE3, 0xC0, 0xB7, 0x43, 0xFA,
    0x5F, 0x5C, 0x8A, 0xDF, 0x8D, 0xC1, 0xAE, 0x62, 0x5C, 0x87, 0xAF, 0x89, 0x95, 0xAA, 0x7A, 0xBF,
    0x6B, 0xBA, 0x73, 0x28, 0x03, 0xB1, 0x55, 0x7C, 0xF5, 0x36, 0x3D, 0xBC, 0xD3, 0x26, 0x15, 0xE9,
    0x28, 0x5C, 0x91, 0xAF, 0xCE, 0x6A, 0x9D, 0xBE, 0x84, 0x5A, 0xAD, 0xA2, 0xD7, 0x4E, 0xAB, 0xBD,
    0xAB, 0xD1, 0x2B, 0x18, 0xBE, 0x42, 0xE3, 0x57, 0x58, 0xE1, 0xEF, 0xFE, 0xFC, 0xD7, 0x57, 0x8A,
    0xB8, 0x8B, 0x30, 0xC7, 0x57, 0x4E, 0xA9, 0x20, 0xA7, 0x38, 0x8D, 0x10, 0xB5, 0x10, 0xA9, 0x09,
    0x13, 0xC1, 0x51, 0x29, 0x0F, 0x56, 0x0C, 0x90, 0x44, 0x78, 0x99, 0x56, 0x7B, 0xED, 0xF0, 0xC4,
    0xC3, 0xB0, 0x8A, 0xD9, 0xAF, 0x42, 0x07, 0xF5, 0xE3, 0xCB, 0xD0, 0xF9, 0x70, 0xBA, 0x12, 0x71,
    0x5B, 0x39, 0x38, 0x3E, 0x99, 0x11, 0x87, 0x09, 0x9B, 0x45, 0x5F, 0x41, 0x67, 0x9B, 0xF8, 0x75,
    0x47, 0x13, 0x99, 0x54, 0x53, 0xFD, 0x31, 0xF3, 0x7C, 0x09, 0x0A, 0xCB, 0x7F, 0x84, 0x7C, 0x31,
    0xA7, 0xAD, 0x63, 0xD7, 0x26, 0x2E, 0x43, 0xE7, 0x13, 0x1A, 0x9B, 0xC7, 0x12, 0x1A, 0x81, 0xA5,
    0xB9, 0x02, 0xA9, 0xF1, 0xD7, 0x41, 0x5A, 0x01, 0x5A, 0xAE, 0x4D, 0xC3, 0xFF, 0xF3, 0x43, 0x16,
    0xBE, 0xBC, 0x5E, 0xFA, 0x53, 0x2C, 0xCC, 0xDB, 0x82, 0x27, 0x5F, 0xEB, 0x23, 0x95, 0x78, 0x65,
    0xCB, 0x53, 0xF0, 0xB5, 0x3B, 0x52, 0x01, 0x92, 0x63, 0xC4, 0xEF, 0xAF, 0x1C, 0x63, 0xC0, 0x05,
    0x35, 0xFA, 0x21, 0xBE, 0x0F, 0x0F, 0x62, 0xCD, 0x02, 0xB5, 0xFD, 0x3E, 0x33, 0x30, 0x00, 0x07,
    0x78, 0xE1, 0x1E, 0x04, 0xB7, 0x6E, 0x40, 0xA9, 0xBE, 0x8C, 0xCA, 0xF1, 0x11, 0x3A, 0x3B, 0x55,
    0x12, 0x79, 0x02, 0x75, 0xB8, 0x94, 0x1A, 0x43, 0x0A, 0x71, 0xE9, 0x10, 0xC8, 0x8A, 0x74, 0x81,
    0x2A, 0xA1, 0x1B, 0x11, 0x5D, 0x86, 0x9D, 0xE6, 0xB0, 0x5C, 0x26, 0xED, 0x5F, 0xC8, 0x04, 0xDB,
    0x8A, 0x83, 0x95, 0x3B, 0x1E, 0x76, 0xA6, 0xDF, 0x31, 0xEA, 0x46, 0x93, 0x04, 0xE8, 0xC0, 0x47,
    0xB5, 0xA4, 0x90, 0x12, 0x32, 0x1F, 0x20, 0x77, 0x01, 0x4A, 0x82, 0x1D, 0xE9, 0xEA, 0xF4, 0xB0,
    0x9F, 0x49, 0x13, 0x7D, 0x1B, 0x99, 0x08, 0xD4, 0xEF, 0x0B, 0x35, 0xC0, 0x77, 0x82, 0x8E, 0x10,
    0x0A, 0xB7, 0xCD, 0xA9, 0xA3, 0xAD, 0x03, 0x54, 0xDD, 0xFE, 0x40, 0x7D, 0x3D, 0xE5, 0xD0, 0x23,
    0x0E, 0xEB, 0x09, 0xA2, 0xD0, 0x10, 0xFA, 0x00, 0x76, 0x0C, 0xC0, 0x03, 0x0D, 0x3D, 0xCD, 0xD0,
    0xA3, 0x0C, 0x3D, 0xC7, 0xD0, 0x43, 0x0C, 0x3D, 0xC1, 0xD0, 0xE3, 0x0B, 0x9E, 0x5D, 0x04, 0xC8,
    0x25, 0x40, 0x46, 0x48, 0x09, 0x50, 0xB0, 0x04, 0xE3, 0x38, 0x7B, 0x13, 0x69, 0x74, 0x11, 0xD7,
    0x24, 0x52, 0xEA, 0x00, 0x1C, 0xED, 0x0E, 0x18, 0xC4, 0xC8, 0x20, 0x22, 0x13, 0x8F, 0x16, 0x78,
    0xB0, 0xC0, 0x4F, 0x5C, 0x9A, 0xCD, 0x53, 0x49, 0xD4, 0x11, 0xD5, 0xB0, 0x53, 0x12, 0xFB, 0xE3,
    0x9F, 0x18, 0x9A, 0x6E, 0xEE, 0x0E, 0xC4, 0x37, 0x89, 0xD9, 0x57, 0xFD, 0xFE, 0xFE, 0x13, 0x42,
    0x56, 0xB7, 0x0F, 0x59, 0x3F, 0xF4, 0xFB, 0x90, 0x15, 0x52, 0x23, 0x11, 0xBA, 0x7B, 0x99, 0x3F,
    0xD6, 0x90, 0x55, 0xA4, 0xBF, 0x18, 0xAC, 0xDE, 0x3F, 0x7E, 0x63, 0x46, 0xB5, 0x0D, 0x56, 0xF3,
    0xC7, 0x83, 0x55, 0x35, 0x82, 0x06, 0x0D, 0x3D, 0xF4, 0x2A, 0xA7, 0xD5, 0xB1, 0xF9, 0xC5, 0x8F,
    0x80, 0x7F, 0x79, 0x0D, 0xF8, 0xC9, 0x2F, 0x01, 0x33, 0x03, 0x2F, 0xDD, 0xBE, 0x34, 0x70, 0x4D,
    0xEE, 0xFC, 0x1F, 0x81, 0x6B, 0xF7, 0xA4, 0xC0, 0x55, 0x17, 0x8F, 0xB8, 0x7C, 0xC4, 0x3E, 0x75,
    0x09, 0x51, 0xF2, 0x8A, 0x38, 0xC2, 0xF5, 0x0E, 0x63, 0x39, 0x9B, 0xF7, 0x4E, 0x66, 0x22, 0x44,
    0x6C, 0x9C, 0x52, 0x31, 0x6C, 0x3F, 0xC2, 0x6B, 0x10, 0xD4, 0x1E, 0x13, 0x32, 0x81, 0x5A, 0x67,
    0x3F, 0x2F, 0x6D, 0x0D, 0xEC, 0xE3, 0xDE, 0xDB, 0x54, 0xFE, 0xFE, 0xAC, 0xB6, 0x9D, 0x1E, 0x75,
    0x52, 0x8D, 0x3A, 0xA9, 0x2D, 0x9D, 0xD4, 0x44, 0xE8, 0xA4, 0x66, 0xDF, 0x70, 0xED, 0xC8, 0x7F,
    0x25, 0x0C, 0x81, 0x3F, 0x20, 0x9A, 0xD7, 0x89, 0xEF, 0x27, 0x01, 0x3F, 0x71, 0x01, 0xCD, 0xE7,
    0x13, 0x9D, 0xD4, 0x87, 0x03, 0x9D, 0x54, 0xE9, 0xE8, 0xA4, 0x4A, 0x7D, 0xD1, 0x49, 0x55, 0x6C,
    0x90, 0x7F, 0xC5, 0x3D, 0x31, 0xED, 0x6E, 0x61, 0x7F, 0xD1, 0xF5, 0x11, 0x4E, 0x6B, 0x35, 0x89,
    0x2E, 0x11, 0xEB, 0xCF, 0x35, 0x5A, 0xCF, 0xE5, 0x7F, 0x54, 0x77, 0x34, 0x7C, 0x9B, 0x66, 0x30,
    0xCE, 0x76, 0xED, 0xD2, 0x7E, 0x20, 0xBE, 0xBD, 0xFB, 0xB5, 0x6F, 0x3F, 0xFE, 0xD4, 0xB7, 0x9F,
    0xDD, 0xF5, 0x56, 0xB2, 0xC5, 0x2C, 0x1B, 0x57, 0x2D, 0x95, 0x2B, 0xD6, 0xFA, 0x7D, 0x29, 0x1E,
    0x9B, 0xB8, 0xD2, 0x24, 0x87, 0xC7, 0x3A, 0x5C, 0x9A, 0xE0, 0x5E, 0xD8, 0x01, 0x6C, 0x4E, 0xBB,
    0x94, 0x6F, 0x4E, 0xBA, 0x1E, 0x1D, 0x5E, 0x8F, 0x84, 0xD2, 0xF1, 0xC1, 0x61, 0x88, 0xD5, 0x46,
    0xCD, 0x01, 0xE6, 0xC3, 0x82, 0x74, 0x32, 0xC0, 0xE1, 0xC1, 0x15, 0x26, 0x91, 0x8E, 0xB1, 0x5B,
    0x75, 0x4A, 0x51, 0x5D, 0xCE, 0x16, 0x8D, 0x16, 0x5E, 0xD3, 0xE9, 0x71, 0xF3, 0x7A, 0xD8, 0x41,
    0x8F, 0x2B, 0x5B, 0xBA, 0x32, 0x52, 0x6F, 0x1E, 0xDC, 0xE9, 0xF2, 0x6E, 0xD3, 0x1D, 0x20, 0xA9,
    0xAF, 0xC8, 0x0E, 0x97, 0xDA, 0x99, 0xCB, 0xC5, 0x39, 0xE9, 0x75, 0x6D, 0xD8, 0x0B, 0x17, 0x09,
    0x2E, 0x29, 0xDD, 0x4E, 0x78, 0xEF, 0xF1, 0x3A, 0xB7, 0xCF, 0xB7, 0x73, 0x59, 0x7F, 0xD4, 0x33,
    0x13, 0xE9, 0x74, 0x8E, 0x4F, 0xE5, 0x64, 0xFA, 0x8D, 0xB3, 0x5D, 0x76, 0x31, 0xA9, 0xDC, 0xE9,
    0xA6, 0x4A, 0x4B, 0xF1, 0xDB, 0xFC, 0x27, 0xD6, 0xCD, 0x56, 0xAF, 0xA8, 0x07, 0x15, 0xBA, 0x45,
    0x7B, 0x73, 0xA1, 0x59, 0x50, 0x9E, 0xB5, 0xA8, 0x50, 0xD6, 0x37, 0xE3, 0x82, 0x44, 0xA7, 0x77,
    0x2F, 0xEA, 0x36, 0xE0, 0x82, 0x9C, 0x9D, 0xB2, 0xCE, 0x5E, 0x78, 0xEF, 0xF1, 0x3A, 0xF5, 0xF9,
    0x76, 0x2E, 0x19, 0x9F, 0x2B, 0xD1, 0xE7, 0xD6, 0xEB, 0x47, 0xA8, 0xEE, 0x39, 0x14, 0xA3, 0x67,
    0xB2, 0x19, 0xF8, 0x45, 0xD1, 0xE1, 0x66, 0x6C, 0x5F, 0xA4, 0xDF, 0x49, 0xE9, 0x81, 0xDC, 0x3D,
    0xBB, 0x14, 0xCB, 0x85, 0x76, 0x6E, 0xBD, 0x7E, 0x08, 0xF3, 0x91, 0x43, 0xF1, 0xAB, 0x05, 0xD9,
    0x68, 0x01, 0x57, 0x36, 0xBB, 0xFE, 0x8A, 0xF9, 0xF9, 0xE4, 0x98, 0x8B, 0xB4, 0x91, 0xC9, 0x9E,
    0x3A, 0x87, 0xBF, 0x3D, 0xD4, 0x6F, 0xCC, 0xC8, 0xB4, 0xFE, 0x6D, 0xA4, 0x49, 0x05, 0x4F, 0xF3,
    0x97, 0x49, 0xBD, 0x7B, 0x0A, 0xB7, 0x90, 0x71, 0x95, 0x73, 0xD5, 0x99, 0x7F, 0x0D, 0x55, 0x1C,
    0x6A, 0x69, 0x9E, 0xE9, 0x2F, 0x39, 0xBA, 0xA5, 0x81, 0x86, 0x6E, 0xC4, 0x52, 0x0E, 0x01, 0xCD,
    0x9F, 0xEB, 0x27, 0xFE, 0xC1, 0xAC, 0x8B, 0xE2, 0xCD, 0x6B, 0x73, 0xF6, 0x4D, 0x09, 0x53, 0xCE,
    0x7C, 0x3C, 0xA3, 0xFC, 0xD4, 0x61, 0x33, 0xBE, 0x8F, 0x64, 0xAE, 0x6A, 0xDC, 0x3C, 0xB8, 0xAA,
    0xB3, 0xEF, 0xD8, 0x0B, 0x52, 0x51, 0x0B, 0x88, 0x0B, 0x18, 0x8C, 0x1B, 0xD0, 0xA0, 0x5A, 0x53,
    0xA8, 0xD7, 0xC9, 0x1A, 0xFA, 0x01, 0x5A, 0x8F, 0x44, 0xA4, 0xC9, 0xFC, 0x9D, 0x7E, 0xD3, 0x67,
    0x43, 0x52, 0xA3, 0xBE, 0x2A, 0x6B, 0xF0, 0x83, 0xD0, 0x2F, 0x50, 0x3F, 0xC1, 0xF5, 0x40, 0x0D,
    0xAE, 0xEC, 0xB0, 0xFB, 0x2A, 0x50, 0x32, 0x20, 0x67, 0xBC, 0x47, 0x70, 0xA8, 0x1E, 0xB4, 0x8C,
    0xD8, 0x36, 0x12, 0x20, 0xBD, 0x08, 0x99, 0x47, 0xF5, 0xDB, 0x13, 0xC7, 0x7A, 0x13, 0xA1, 0x89,
    0x30, 0xDA, 0x3E, 0x40, 0x35, 0x06, 0x28, 0xE6, 0x00, 0xF9, 0xC2, 0xCA, 0x12, 0x20, 0x61, 0x0A,
    0x1D, 0xD2, 0x05, 0x30, 0xA3, 0x8E, 0xFC, 0x47, 0x33, 0xCA, 0x7F, 0xE7, 0xC8, 0xB7, 0x17, 0x46,
    0x3E, 0x9B, 0xAB, 0x21, 0x73, 0xED, 0x90, 0x79, 0xE9, 0x33, 0xA1, 0xF4, 0xC8, 0x34, 0xF1, 0xF2,
    0x74, 0xA2, 0x76, 0x44, 0xEB, 0xD4, 0x27, 0x04, 0xF2, 0x10, 0xB4, 0xA2, 0xE8, 0xF2, 0x0E, 0x07,
    0xFB, 0x20, 0x45, 0xDE, 0x59, 0x07, 0x80, 0x30, 0x32, 0xDC, 0x9F, 0xD0, 0x76, 0xA5, 0x0B, 0x90,
    0x5F, 0x04, 0x06, 0xDA, 0xFF, 0xD6, 0x8E, 0x88, 0xE9, 0x15, 0x8F, 0x08, 0x1F, 0x68, 0x02, 0x41,
    0x53, 0x08, 0x66, 0x08, 0x50, 0x4D, 0xAC, 0xCC, 0x27, 0x36, 0x3E, 0x40, 0x26, 0x01, 0xC0, 0x1C,
    0x1C, 0x37, 0xE6, 0x52, 0x5C, 0xD8, 0x92, 0xC3, 0x7E, 0xBC, 0xCE, 0x38, 0xF3, 0xA6, 0x37, 0x1F,
    0x7B, 0xF3, 0x3F, 0x8B, 0x91, 0xC5, 0x68, 0x0C, 0x6F, 0x86, 0xCB, 0xFE, 0x0E, 0xC2, 0xCA, 0x89,
    0xF2, 0x6B, 0x06, 0xB0, 0x93, 0x30, 0xCE, 0x31, 0x0D, 0xF0, 0xD3, 0xBC, 0x03, 0x0E, 0x92, 0xFA,
    0xFB, 0x38, 0xA7, 0xD5, 0xA5, 0xF5, 0xAE, 0x43, 0xF1, 0xEB, 0x05, 0xD9, 0x74, 0x71, 0x69, 0x35,
    0x7D, 0xEA, 0x83, 0xC8, 0x77, 0xCA, 0x90, 0x89, 0x19, 0x37, 0xC2, 0x7F, 0xCA, 0x5D, 0x8A, 0x48,
    0x2E, 0x8B, 0xA4, 0x32, 0xB6, 0xF8, 0xC1, 0xF6, 0x7C, 0xBE, 0xD4, 0xE0, 0x4E, 0x06, 0xC0, 0xBF,
    0x37, 0x22, 0x99, 0x30, 0xB3, 0xF3, 0xC3, 0xEF, 0x43, 0x61, 0x4D, 0x2D, 0x8A, 0xE3, 0x6D, 0xCE,
    0xA7, 0xA6, 0x68, 0x72, 0xDD, 0x1B, 0xAF, 0xF2, 0x30, 0x9A, 0x9F, 0x69, 0x1E, 0xFD, 0x13, 0x13,
    0xE6, 0xAC, 0xED, 0x93, 0xDD, 0xBE, 0x6E, 0xC6, 0x20, 0x74, 0xA5, 0x65, 0x40, 0xB6, 0x86, 0xEE,
    0x0D, 0x36, 0xD2, 0xAF, 0x49, 0xD3, 0x4A, 0x3D, 0x94, 0xB7, 0x03, 0xB7, 0x3F, 0x93, 0x3E, 0x66,
    0xAB, 0x50, 0xC9, 0xB4, 0x0F, 0x0E, 0x4C, 0x17, 0xA5, 0x06, 0x7E, 0xBA, 0x0F, 0xCD, 0x98, 0xFE,
    0xA8, 0xD4, 0x47, 0xF0, 0x68, 0x9B, 0x3F, 0x08, 0x02, 0xB4, 0x0C, 0x1F, 0xA5, 0x46, 0xA9, 0x51,
    0x84, 0x07, 0x2A, 0x89, 0x71, 0xAF, 0xD4, 0xFF, 0x1C, 0x98, 0x6D, 0xB7, 0xB2, 0xAC, 0x23, 0xB3,
    0x3B, 0x62, 0xE1, 0x83, 0x31, 0xF2, 0x73, 0xAB, 0xCD, 0xAC, 0x88, 0x28, 0xD4, 0x3B, 0xD0, 0xBD,
    0xF3, 0xEA, 0x61, 0x7F, 0x65, 0x0E, 0xFC, 0x48, 0x02, 0xE4, 0xBA, 0xE4, 0x77, 0x71, 0xE8, 0x68,
    0x07, 0x87, 0xC4, 0x21, 0xE5, 0x22, 0xEC, 0x8D, 0x78, 0x2B, 0xFE, 0xD5, 0xE5, 0x68, 0xE3, 0xF0,
    0xF8, 0x5F, 0xC6, 0x71, 0xFE, 0xB3, 0x4C, 0x7C, 0x22, 0x1E, 0xD6, 0xC7, 0x61, 0xAE, 0x7A, 0x54,
    0x1D, 0xED, 0x67, 0x76, 0x56, 0x4D, 0xDA, 0x98, 0x1D, 0x5B, 0xD3, 0x96, 0xE6, 0xCB, 0x13, 0x87,
    0x3F, 0xD4, 0x50, 0x7C, 0x0F, 0xEA, 0x99, 0x24, 0xB4, 0xE9, 0x89, 0x70, 0x6F, 0x08, 0x00, 0x56,
    0xC6, 0x17, 0x9B, 0xE5, 0x42, 0x66, 0x7B, 0x0F, 0x19, 0x61, 0x4D, 0x8B, 0xBB, 0xB8, 0x79, 0xB5,
    0xD2, 0x85, 0xE7, 0x3D, 0x0B, 0x43, 0x00, 0x6E, 0x19, 0xEF, 0xD7, 0x38, 0x77, 0xE5, 0x32, 0xC1,
    0x88, 0xD7, 0x45, 0xB8, 0xF8, 0x99, 0x6C, 0x47, 0x7B, 0x9D, 0x3E, 0xA9, 0xD4, 0xD4, 0x23, 0x93,
    0xD5, 0xB9, 0x4B, 0xBE, 0xD0, 0x29, 0xD5, 0x6B, 0x18, 0x49, 0xD1, 0x72, 0xCB, 0x7A, 0x0D, 0xAC,
    0xA0, 0x92, 0x59, 0x67, 0xBE, 0x9D, 0x81, 0xBF, 0xE1, 0x4B, 0xD1, 0xBD, 0x49, 0x96, 0x94, 0x1F,
    0x44, 0xF0, 0x77, 0x51, 0x51, 0x87, 0x42, 0xEA, 0x5D, 0x0E, 0x40, 0x3B, 0xA9, 0x86, 0xA7, 0x81,
    0xB3, 0xD3, 0x76, 0xB0, 0x22, 0xB2, 0x07, 0xFD, 0xE1, 0xA9, 0xE1, 0x29, 0x4E, 0x3D, 0x21, 0xCD,
    0xA5, 0xF0, 0x63, 0xA9, 0x21, 0x76, 0x4D, 0x69, 0x4E, 0x60, 0x76, 0x08, 0x4C, 0x0F, 0x41, 0x53,
    0xC0, 0xD2, 0x3C, 0x23, 0xFC, 0x2F, 0x8D, 0x94, 0x05, 0x8C, 0xEB, 0xC8, 0x19, 0xC7, 0x7F, 0x4E,
    0x5E, 0x36, 0xD7, 0x73, 0xBB, 0xDE, 0x5E, 0x9D, 0x2B, 0xAF, 0xCB, 0xB0, 0xE4, 0x32, 0x7A, 0x33,
    0x73, 0x82, 0x32, 0xA4, 0xD2, 0xA6, 0x0C, 0xC7, 0xF0, 0x58, 0x7C, 0x90, 0xC4, 0xD6, 0x55, 0x8C,
    0x11, 0xB3, 0x54, 0x86, 0x94, 0xDB, 0xE3, 0xDB, 0x17, 0x5B, 0x3A, 0x51, 0x79, 0xCA, 0xDC, 0xBA,
    0xCC, 0xAD, 0x4F, 0xB2, 0x24, 0xAB, 0x9D, 0x64, 0x6E, 0xFC, 0x9C, 0x63, 0xFC, 0xFF, 0x3D, 0x4C,
    0x1F, 0xF9, 0xEB, 0x49, 0x44, 0x81, 0x5B, 0xD1, 0x5A, 0x42, 0x2C, 0xE9, 0x48, 0x86, 0xB4, 0x0D,
    0xAE, 0x26, 0xC8, 0xEB, 0x09, 0x1F, 0xA8, 0x67, 0x12, 0xD7, 0xE4, 0xE1, 0xAF, 0xCA, 0xD4, 0x59,
    0x1C, 0xD0, 0x03, 0xDC, 0x3C, 0x10, 0x66, 0x1E, 0x9B, 0xC5, 0x2D, 0x41, 0x39, 0x40, 0x1E, 0x9D,
    0x4D, 0x8D, 0x29, 0xEC, 0x37, 0x1C, 0x0E, 0xB6, 0x66, 0xB3, 0x44, 0x18, 0x93, 0xD5, 0xA5, 0x37,
    0x1C, 0x4A, 0x9F, 0x5E, 0x9F, 0xBE, 0xF8, 0xFF, 0xC2, 0x33, 0x55, 0xDB, 0x28, 0x7C, 0x40, 0x64,
    0xB1, 0x8A, 0x55, 0x98, 0x40, 0xE8, 0x94, 0xE2, 0x0E, 0x2D, 0x3E, 0xAA, 0x03, 0xA7, 0x04, 0x51,
    0x08, 0x7D, 0x9E, 0x46, 0xBB, 0x95, 0xA7, 0xD6, 0x92, 0x8E, 0x14, 0xE5, 0x5C, 0x97, 0xFB, 0xE5,
    0xFE, 0x44, 0x87, 0xA5, 0x23, 0x9D, 0x83, 0x9E, 0xEC, 0xEA, 0x34, 0xF1, 0xEE, 0x5C, 0x12, 0xDE,
    0x51, 0x31, 0x71, 0x15, 0x7E, 0x07, 0x6A, 0x91, 0x62, 0x99, 0x12, 0xFE, 0x48, 0xE3, 0x9A, 0x82,
    0xFA, 0x15, 0x86, 0x12, 0x7F, 0x6C, 0x71, 0xD5, 0x41, 0x4F, 0x8B, 0x86, 0x9F, 0xDB, 0xEA, 0x75,
    0x06, 0x88, 0x6F, 0x57, 0x04, 0x3F, 0xD4, 0x74, 0x8B, 0x39, 0x4E, 0x15, 0xCA, 0xFA, 0x0A, 0x46,
    0x60, 0xF0, 0x97, 0xFE, 0xFE, 0x8B, 0x46, 0xE1, 0x05, 0x95, 0x67, 0x8A, 0xAE, 0xC9, 0xF0, 0x61,
    0x48, 0xD7, 0x2A, 0x6E, 0x2A, 0x31, 0xD3, 0x23, 0xF6, 0x7D, 0xFC, 0x6E, 0xEE, 0xE5, 0x81, 0x0A,
    0x33, 0xAB, 0x41, 0x92, 0x26, 0x3D, 0x82, 0x3C, 0xCC, 0x45, 0x66, 0x29, 0x63, 0xE6, 0xF8, 0xA4,
    0x32, 0x4D, 0xEA, 0x71, 0x90, 0x79, 0xCA, 0xCD, 0x1D, 0xF9, 0xC0, 0xF5, 0xC6, 0xE2, 0x5E, 0x45,
    0x6B, 0x01, 0x31, 0x74, 0x60, 0x28, 0x1D, 0x93, 0xB4, 0x17, 0x78, 0x25, 0x61, 0x46, 0x0F, 0xC0,
    0xC9, 0xCF, 0xCF, 0xD3, 0xFC, 0xDD, 0xB9, 0x93, 0x23, 0xE1, 0x06, 0x6E, 0x95, 0x69, 0x7E, 0xEB,
    0xE0, 0x06, 0x36, 0x80, 0x74, 0x79, 0xF4, 0xCB, 0x6C, 0xDE, 0x43, 0xDA, 0x8B, 0xAE, 0xB5, 0x57,
    0x5C, 0xA4, 0x6A, 0x0E, 0x74, 0xC4, 0x99, 0xF2, 0x96, 0x78, 0xB3, 0x95, 0xB4, 0xB3, 0x76, 0xB6,
    0xFD, 0x37, 0xA1, 0x61, 0xEB, 0x73, 0x42, 0xDB, 0x91, 0x25, 0x40, 0xDD, 0x0A, 0xBD, 0xFD, 0xB7,
    0x76, 0xD6, 0x4A, 0xEA, 0x15, 0x70, 0x3E, 0xD7, 0xD2, 0x0D, 0xBB, 0x3A, 0xB6, 0x17, 0xC5, 0xC9,
    0xE7, 0x59, 0xAE, 0x68, 0x64, 0x5A, 0x8A, 0x32, 0x28, 0xC1, 0xAA, 0xAC, 0x84, 0x55, 0xFC, 0xFE,
    0x2E, 0x7B, 0xA0, 0x8B, 0x20, 0x54, 0xB5, 0xB2, 0x02, 0x9F, 0x6E, 0xE6, 0xE5, 0x6B, 0x9A, 0xC5,
    0xF9, 0x3A, 0xD6, 0x22, 0x77, 0xF0, 0x92, 0x3E, 0x87, 0x2C, 0x30, 0x45, 0x5C, 0xB8, 0x1F, 0x6B,
    0x9C, 0xB3, 0x35, 0xFB, 0x9C, 0x30, 0x3A, 0x22, 0x7A, 0x0D, 0x3B, 0xF6, 0xF3, 0xF1, 0x81, 0xD3,
    0xD1, 0x13, 0x5E, 0x3B, 0x1F, 0x05, 0xFF, 0x2C, 0x81, 0x03, 0x3A, 0xB5, 0x6F, 0x09, 0xFE, 0x58,
    0xFB, 0xB6, 0xBC, 0xDB, 0xB7, 0xF7, 0x8B, 0xCA, 0xF8, 0x6C, 0x54, 0xFA, 0xF4, 0xC6, 0x8C, 0xC5,
    0x3F, 0x75, 0x60, 0xCA, 0xAE, 0x51, 0x0F, 0xE9, 0xBD, 0x55, 0xE4, 0x2E, 0xE7, 0xA9, 0xD1, 0x95,
    0x8D, 0x5C, 0xE7, 0x7E, 0x91, 0x3B, 0xB4, 0xC5, 0xD8, 0xEE, 0x6C, 0x36, 0xFB, 0x98, 0xED, 0x63,
    0xFB, 0xD2, 0xF6, 0x01, 0xB8, 0x7B, 0x7C, 0x74, 0x35, 0x76, 0x4B, 0x0F, 0x61, 0x52, 0x62, 0xB3,
    0xE0, 0x30, 0xA8, 0xD8, 0x40, 0xF2, 0xC0, 0xC8, 0x1F, 0xD6, 0x18, 0xA4, 0xC6, 0x22, 0x6F, 0xEA,
    0xA3, 0x33, 0x8B, 0x29, 0x00, 0xA7, 0x69, 0x57, 0x84, 0xDA, 0x31, 0xCA, 0x5B, 0x22, 0x4A, 0x02,
    0xC9, 0x11, 0x56, 0xF0, 0x32, 0xEA, 0x31, 0x02, 0xE8, 0x03, 0x67, 0x00, 0x0D, 0x4E, 0x09, 0xAD,
    0x02, 0xDA, 0x39, 0x74, 0xD5, 0x6A, 0x5B, 0x02, 0xE1, 0x6A, 0xDB, 0xB8, 0xD9, 0x46, 0xB5, 0xDA,
    0x56, 0xDC, 0xBB, 0xCD, 0x5B, 0x6D, 0xDB, 0x02, 0x06, 0x7A, 0x12, 0xEC, 0x2D, 0x6E, 0x78, 0x1E,
    0x4F, 0x69, 0x8C, 0xBE, 0x3F, 0x1C, 0x09, 0xA3, 0x7B, 0xC3, 0x03, 0x20, 0x35, 0xCB, 0x1B, 0x87,
    0x1F, 0xFE, 0x2A, 0xEB, 0xF6, 0xB3, 0xFD, 0xA3, 0xB3, 0xCF, 0x03, 0xD6, 0x13, 0xAF, 0x9D, 0x1C,
    0xB7, 0x5E, 0x01, 0x36, 0xE4, 0x8D, 0x36, 0x9E, 0x43, 0x19, 0xAB, 0xAF, 0xE6, 0x40, 0x78, 0x4B,
    0x39, 0xDA, 0xF5, 0x4E, 0x56, 0x3C, 0xB4, 0xBD, 0x9A, 0xF1, 0x2A, 0xCB, 0x68, 0x9C, 0x25, 0x88,
    0xE4, 0xA1, 0xB3, 0x0C, 0xE0, 0xFE, 0x29, 0xB8, 0x8F, 0x4D, 0x4B, 0x06, 0x48, 0x8E, 0x92, 0x66,
    0xA7, 0x32, 0x2F, 0x0B, 0xE4, 0x11, 0x68, 0x7D, 0x1E, 0x82, 0x37, 0x2E, 0xC6, 0xF5, 0x3F, 0x6C,
    0x10, 0xDF, 0x2F, 0x0C, 0xC1, 0x3B, 0xD5, 0x98, 0xFA, 0x46, 0x7A, 0x08, 0x69, 0x99, 0x8B, 0x22,
    0x28, 0x00, 0x62, 0x63, 0xD4, 0x64, 0xF6, 0x05, 0x75, 0x35, 0xAD, 0xB3, 0xE5, 0x52, 0x9C, 0xE9,
    0x23, 0x49, 0x79, 0xBF, 0x3C, 0x21, 0xD3, 0xFC, 0x68, 0x4E, 0x43, 0x70, 0xDE, 0x79, 0x24, 0x58,
    0x44, 0xC2, 0xE8, 0xD7, 0xA4, 0xC5, 0x46, 0x2E, 0x01, 0x7C, 0x98, 0x43, 0x0A, 0x63, 0x5C, 0x15,
    0x85, 0xCB, 0x43, 0x61, 0xAA, 0xAB, 0x9F, 0x5E, 0xF0, 0x22, 0x98, 0xD7, 0x5F, 0xDD, 0x01, 0xB7,
    0x8C, 0x6C, 0xF8, 0x45, 0x61, 0xB1, 0x51, 0x6B, 0x17, 0x05, 0xA6, 0xDA, 0x0F, 0x0B, 0xDF, 0x91,
    0x5C, 0x40, 0xF7, 0x7A, 0x65, 0x97, 0xBC, 0x7F, 0x16, 0xAD, 0xEB, 0x13, 0x00, 0xCE, 0x25, 0x4C,
    0xC2, 0xC4, 0xA3, 0x66, 0x5C, 0x67, 0x0C, 0xD5, 0xD4, 0xA7, 0x01, 0x6C, 0xDD, 0x01, 0x75, 0x21,
    0xDF, 0x7A, 0x09, 0x53, 0xCE, 0x91, 0xE7, 0x01, 0x8F, 0xA7, 0x0D, 0x5C, 0x08, 0x03, 0x2E, 0xB4,
    0xF5, 0xC7, 0xA6, 0xAB, 0x9D, 0x0A, 0x5E, 0xA2, 0x4E, 0x4B, 0xD8, 0x50, 0xA7, 0xEB, 0x55, 0x45,
    0xBD, 0x0A, 0xE7, 0xD0, 0xAA, 0x4F, 0xC9, 0x27, 0xC1, 0xB3, 0x9C, 0x6F, 0xBD, 0x82, 0xA4, 0xB9,
    0xB3, 0x39, 0x75, 0x6D, 0xB2, 0x95, 0x6C, 0xD9, 0x17, 0x63, 0x25, 0x14, 0x5C, 0x8A, 0x90, 0xAE,
    0x0A, 0xD4, 0x84, 0x01, 0x0E, 0x21, 0x31, 0x87, 0x8C, 0x10, 0x04, 0x80, 0x33, 0x97, 0xAE, 0x29,
    0x82, 0x7F, 0x56, 0x7D, 0x0E, 0xA3, 0x49, 0x84, 0x81, 0x39, 0x1C, 0x01, 0x5E, 0x92, 0xD4, 0x39,
    0x5D, 0x64, 0xD7, 0x28, 0x24, 0x53, 0xD7, 0x9E, 0x9E, 0x10, 0x64, 0xCE, 0xF4, 0x42, 0xDB, 0xBA,
    0xCA, 0x55, 0xB1, 0xBC, 0x90, 0x0B, 0x19, 0x4C, 0x5A, 0x85, 0xFB, 0xA3, 0xD2, 0xFD, 0xD9, 0x48,
    0xBC, 0x75, 0xE7, 0xC2, 0xF5, 0xF5, 0x0D, 0x46, 0xC4, 0x04, 0x96, 0x13, 0xAE, 0x06, 0xA8, 0x53,
    0x4D, 0xDE, 0xA4, 0x9A, 0x76, 0xF6, 0xE4, 0x1F, 0x0B, 0xED, 0xE6, 0x5E, 0xF1, 0xB8, 0x0B, 0x9B,
    0x40, 0xBC, 0x66, 0x7E, 0xE2, 0xAB, 0xD1, 0xBA, 0xFD, 0xF6, 0x6D, 0x86, 0xF8, 0x59, 0xF9, 0x1A,
    0x5E, 0x41, 0x9C, 0x1F, 0x55, 0x4E, 0xE6, 0x24, 0x13, 0x80, 0x33, 0xA2, 0x3E, 0xA6, 0xBD, 0x05,
    0x9C, 0x2A, 0xDA, 0xC6, 0x22, 0xAB, 0x23, 0xC1, 0x0E, 0xD7, 0xD2, 0x65, 0xC2, 0x63, 0xD9, 0x33,
    0xB3, 0xF8, 0x58, 0x3D, 0x5B, 0x00, 0x3C, 0x70, 0xD8, 0xA0, 0x6B, 0xFE, 0x27, 0xD9, 0x0F, 0xEC,
    0xEC, 0x4C, 0x8B, 0xFF, 0xDA, 0xA6, 0x1A, 0xD1, 0x49, 0x8D, 0xDA, 0xA0, 0x31, 0x45, 0xEF, 0x00,
    0x78, 0xBA, 0x31, 0x25, 0x8E, 0xB1, 0x90, 0x5D, 0xF3, 0xE9, 0xF7, 0x9B, 0x3C, 0xF8, 0x93, 0x9D,
    0x2C, 0x85, 0x04, 0x47, 0xFB, 0x00, 0x3E, 0xF7, 0xA0, 0x2D, 0x87, 0x16, 0xEF, 0xC9, 0x4D, 0x8D,
    0x2A, 0xBD, 0xE7, 0xC1, 0x76, 0x02, 0xE0, 0xD0, 0x99, 0x7A, 0x9A, 0x5D, 0x1B, 0x86, 0xBB, 0xFB,
    0xE3, 0xE0, 0x37, 0xB0, 0x26, 0x27, 0x45, 0x71, 0xB5, 0xA9, 0x0A, 0x6E, 0xBD, 0x30, 0x2C, 0xE0,
    0xAB, 0x17, 0x0E, 0x6E, 0x38, 0x0B, 0x67, 0x1A, 0xE8, 0x68, 0x2F, 0xDA, 0x8C, 0x36, 0xF7, 0xC6,
    0x6E, 0x09, 0x7E, 0xA7, 0xEE, 0x5B, 0xEE, 0xF5, 0x27, 0xC1, 0x6F, 0x61, 0x6D, 0x1A, 0x16, 0x23,
    0xAE, 0xB6, 0xEC, 0x5F, 0x18, 0x14, 0xC0, 0x33, 0xD9, 0x5B, 0x3B, 0x19, 0x2E, 0x9B, 0x33, 0xFD,
    0x89, 0xF7, 0x1B, 0x28, 0x2C, 0xEF, 0x4C, 0x4C, 0x59, 0xDE, 0x52, 0x5C, 0xDD, 0xF0, 0x89, 0x1F,
    0xBB, 0x54, 0x98, 0x45, 0xD4, 0xDF, 0x8C, 0x76, 0xBD, 0xBB, 0xBF, 0xF5, 0x77, 0x25, 0xB7, 0x67,
    0x87, 0xDC, 0xB0, 0xE2, 0xB9, 0x04, 0x03, 0x91, 0x6F, 0x52, 0xD3, 0x1B, 0xB8, 0x79, 0xFD, 0x34,
    0xD1, 0x26, 0xBB, 0x3B, 0xAC, 0x47, 0x78, 0x37, 0xD0, 0x2D, 0x68, 0x2B, 0xFC, 0xDE, 0x6E, 0xE4,
    0x95, 0xDD, 0xDC, 0x2D, 0x36, 0x47, 0xD1, 0xDE, 0x5D, 0xC4, 0x9A, 0x3D, 0xB0, 0xDD, 0xC6, 0x75,
    0xC7, 0xFF, 0xB8, 0x18, 0x09, 0x13, 0x61, 0xC6, 0x70, 0x21, 0x16, 0x89, 0x32, 0x83, 0xDE, 0x0D,
    0x6A, 0x37, 0x5E, 0x44, 0x9A, 0x89, 0x0B, 0x17, 0x66, 0x61, 0xD2, 0x33, 0x61, 0xA1, 0xDE, 0x2E,
    0xD8, 0x37, 0x59, 0x90, 0x2C, 0x58, 0xA8, 0x30, 0x27, 0x13, 0xD9, 0x65, 0x58, 0xA8, 0x70, 0xC8,
    0xE2, 0xA5, 0x9F, 0x8C, 0x77, 0x45, 0x16, 0x2C, 0x5C, 0x08, 0x63, 0x0F, 0x93, 0x52, 0xF0, 0x44,
    0x1C, 0x8F, 0x9F, 0x0B, 0x62, 0x2C, 0x38, 0xC6, 0xA3, 0x16, 0xF8, 0xE7, 0x9C, 0x5D, 0xDC, 0xF7,
    0xC1, 0x47, 0x89, 0x64, 0x48, 0xC9, 0xFB, 0xEE, 0xF9, 0xFD, 0xEF, 0xC5, 0xD9, 0x0F, 0x7C, 0xED,
    0xD9, 0x5D, 0xE0, 0xBD, 0x71, 0x11, 0xA8, 0x02, 0xB0, 0x23, 0x00, 0xD7, 0x02, 0xB5, 0x07, 0x32,
    0x51, 0x49, 0x96, 0xEC, 0xDC, 0x69, 0x13, 0xD7, 0x19, 0x3B, 0xBC, 0x03, 0x47, 0x9E, 0x98, 0x6E,
    0x3B, 0x9F, 0xE7, 0x4C, 0x1D, 0x65, 0xF7, 0x9F, 0xA8, 0x87, 0x15, 0xF5, 0xEF, 0x88, 0xAA, 0x5F,
    0xA0, 0xE9, 0xEB, 0x6A, 0xCB, 0x92, 0x04, 0xCE, 0x13, 0xCD, 0x88, 0x67, 0xF3, 0x7F, 0xD9, 0x09,
    0xC9, 0x39, 0x72, 0x55, 0x1E, 0xB0, 0x15, 0x6F, 0xC6, 0x4E, 0x08, 0xE7, 0x95, 0x36, 0xD2, 0x45,
    0x52, 0xF9, 0x8F, 0xD1, 0x4B, 0x42, 0xB9, 0x44, 0x4E, 0x90, 0x74, 0x41, 0x71, 0xA9, 0x45, 0xC6,
    0x16, 0xF9, 0x02, 0x54, 0x93, 0xF8, 0x7C, 0xDA, 0x9E, 0x8E, 0xB9, 0x3F, 0x63, 0xE2, 0x7A, 0x55,
    0x4B, 0xE9, 0x4D, 0x1E, 0xC5, 0xEA, 0xFD, 0x8E, 0x64, 0x5B, 0xF0, 0xD0, 0xA1, 0x5A, 0xF1, 0x06,
    0x1A, 0xDD, 0x2D, 0x33, 0x2A, 0x7A, 0x81, 0x7D, 0x74, 0xE9, 0xA2, 0x66, 0x1B, 0x4F, 0x43, 0x1D,
    0x26, 0x62, 0x10, 0xC4, 0x12, 0xF5, 0x82, 0x0C, 0x25, 0x1F, 0x1D, 0x20, 0x27, 0x09, 0x38, 0xC5,
    0x3B, 0xDA, 0xC6, 0xFE, 0x50, 0x32, 0xB7, 0xA0, 0x24, 0xFB, 0x86, 0xF4, 0xE6, 0x89, 0xF3, 0xD6,
    0x67, 0xED, 0xFE, 0xB2, 0xD8, 0x11, 0x30, 0x2B, 0x50, 0x71, 0x40, 0xCE, 0x45, 0x8B, 0xB7, 0x28,
    0xA9, 0xDE, 0x21, 0xED, 0x4D, 0x33, 0xDE, 0x92, 0xD6, 0xF8, 0x21, 0x7B, 0x92, 0x5E, 0x0C, 0x0D,
    0x27, 0xE0, 0x6D, 0x3D, 0x24, 0xF7, 0x82, 0x7F, 0xBA, 0xC3, 0x75, 0x67, 0xAF, 0x7A, 0xF9, 0x7C,
    0xAF, 0xEA, 0x10, 0x53, 0x11, 0x5E, 0xE9, 0x83, 0x7A, 0x7C, 0xA5, 0x4F, 0x33, 0xC2, 0x0C, 0xDF,
    0x61, 0x6F, 0xE8, 0x0D, 0x61, 0x66, 0x68, 0x32, 0xE4, 0xB4, 0xE9, 0x7C, 0x5A, 0xED, 0x5E, 0xBB,
    0xEA, 0xCB, 0x74, 0xFD, 0xF7, 0xD8, 0x49, 0x2B, 0x72, 0xDC, 0x74, 0xD9, 0x94, 0x51, 0xE7, 0x82,
    0x2D, 0x08, 0xC9, 0xCF, 0x2E, 0xA9, 0xF3, 0x67, 0x95, 0xDD, 0x4E, 0x75, 0xC7, 0xEE, 0xEE, 0x8A,
    0x6A, 0x3D, 0x20, 0x18, 0x50, 0x91, 0x2B, 0x38, 0x8B, 0x0A, 0x38, 0xA8, 0xB6, 0x78, 0x03, 0x29,
    0x59, 0x0F, 0xE3, 0x93, 0xF4, 0x2F, 0x25, 0x94, 0x74, 0x94, 0x84, 0x7D, 0x92, 0xC9, 0x1E, 0xDE,
    0x71, 0x4F, 0x18, 0x62, 0x96, 0x72, 0x89, 0x92, 0xAF, 0xE7, 0x65, 0xF3, 0x1D, 0xBA, 0xA0, 0x42,
    0x4E, 0x49, 0x7A, 0x15, 0xAD, 0xF3, 0xE5, 0xFB, 0xF5, 0xAF, 0xCE, 0xF5, 0x6B, 0x52, 0xBD, 0xBB,
    0xD4, 0xAF, 0x13, 0x9D, 0x7F, 0x21, 0xE2, 0xC2, 0x45, 0x00, 0xAE, 0x07, 0x32, 0x02, 0xC8, 0x83,
    0xA0, 0x1A, 0x04, 0x6F, 0xB4, 0x27, 0xE7, 0xCC, 0x79, 0x01, 0x5B, 0xEB, 0x73, 0xCA, 0xCF, 0x32,
    0x08, 0xEA, 0x49, 0x60, 0x06, 0x81, 0x54, 0x62, 0x3F, 0x66, 0x0B, 0xFB, 0xC7, 0x55, 0xF7, 0x3D,
    0x1C, 0x63, 0x15, 0xDC, 0x53, 0x87, 0xA7, 0x17, 0xD8, 0x41, 0xD0, 0x4C, 0x82, 0x2A, 0x08, 0x8A,
    0x55, 0xB0, 0xD3, 0x4A, 0x41, 0x2F, 0x10, 0x77, 0xDC, 0x95, 0x66, 0x4A, 0xB7, 0xFA, 0xB6, 0x43,
    0x30, 0xED, 0xA9, 0x9D, 0xD1, 0x7C, 0x93, 0x80, 0x82, 0x4C, 0x91, 0x2B, 0x0A, 0x45, 0xA5, 0xA8,
    0x1F, 0x0B, 0xCC, 0x27, 0x02, 0xFB, 0x43, 0x01, 0xAB, 0xC9, 0x7E, 0xBC, 0x08, 0xEE, 0x07, 0xC1,
    0x83, 0x49, 0xF0, 0xC9, 0x28, 0xF8, 0xB4, 0x17, 0xD0, 0x2B, 0x5A, 0x05, 0x04, 0x8B, 0x22, 0x28,
    0x26, 0x01, 0x7E, 0x24, 0x7F, 0x20, 0xF4, 0x18, 0x6E, 0x2C, 0x80, 0xE1, 0x0C, 0x94, 0x1C, 0x34,
    0x04, 0x9E, 0x9C, 0x97, 0x72, 0x36, 0x03, 0xAA, 0xB1, 0xD1, 0xCE, 0x51, 0x4D, 0x7A, 0xA9, 0xE3,
    0x91, 0x05, 0xB8, 0x2E, 0x5F, 0x41, 0x64, 0xCC, 0x56, 0x80, 0xEF, 0x2D, 0x80, 0xEC, 0x02, 0x60,
    0x7E, 0x3D, 0x01, 0xF5, 0xE3, 0x31, 0x85, 0x8F, 0x14, 0x36, 0x72, 0x76, 0x8A, 0x16, 0x28, 0x08,
    0xBC, 0x75, 0x10, 0xD4, 0x39, 0x2B, 0x06, 0x85, 0x1E, 0xF8, 0xC5, 0xD4, 0x5A, 0x33, 0xBC, 0x6E,
    0xE8, 0x1D, 0x3C, 0x58, 0x92, 0xA7, 0x10, 0x63, 0xFB, 0xD3, 0xC8, 0x7E, 0xA4, 0xDF, 0xE8, 0x23,
    0x7B, 0xEC, 0x4F, 0x45, 0xC5, 0x51, 0xF9, 0xC5, 0x24, 0x6C, 0x7E, 0x3F, 0x0B, 0xCD, 0x6F, 0x03,
    0xF4, 0x60, 0x17, 0xA1, 0xBB, 0x46, 0x21, 0x5B, 0x61, 0x46, 0x51, 0xEC, 0xE2, 0x48, 0x97, 0xF3,
    0x0E, 0x3D, 0x8A, 0xD8, 0x56, 0x29, 0x1C, 0x51, 0x45, 0xD6, 0x93, 0xF6, 0x69, 0x23, 0x3F, 0x83,
    0x46, 0xEB, 0x62, 0xD1, 0xE8, 0xAD, 0xA7, 0x51, 0x8B, 0xC4, 0x70, 0x7E, 0xC6, 0x9E, 0x1E, 0x2E,
    0xF8, 0x87, 0xFD, 0x10, 0x34, 0x89, 0x05, 0xEB, 0xAB, 0xC5, 0xFA, 0x5C, 0x6D, 0x4D, 0x2A, 0xDD,
    0x50, 0xFB, 0x60, 0xF4, 0x6B, 0xBE, 0xA3, 0x58, 0xC6, 0x91, 0x83, 0xD8, 0xEC, 0xC4, 0xE7, 0x24,
    0x8F, 0xF3, 0xF9, 0x66, 0x65, 0x70, 0x0F, 0xDD, 0xE4, 0xC8, 0x7E, 0xB3, 0x79, 0xF3, 0xD3, 0xF9,
    0x1D, 0x93, 0x16, 0x94, 0x72, 0x8B, 0x23, 0x43, 0xAA, 0x67, 0xFD, 0x7A, 0x86, 0xC1, 0x9A, 0x5C,
    0xB6, 0xCE, 0x7E, 0x96, 0x7D, 0x7E, 0x4C, 0x93, 0xE8, 0xBF, 0x8A, 0x36, 0xB1, 0x53, 0xB2, 0x8D,
    0x84, 0x30, 0x7D, 0xAE, 0xAE, 0x77, 0xEE, 0xF2, 0xB6, 0xA3, 0xA4, 0xE9, 0x0C, 0x3B, 0xA0, 0x7A,
    0x06, 0x2F, 0x68, 0xBF, 0xBC, 0xF8, 0x75, 0x4C, 0x75, 0x9A, 0x01, 0xAE, 0xDB, 0xAD, 0xD2, 0x86,
    0x68, 0xB1, 0xA0, 0x0C, 0xA2, 0xD5, 0x8C, 0x7C, 0x15, 0x6D, 0x46, 0x9D, 0x81, 0xB8, 0xCE, 0xF4,
    0x5A, 0xD8, 0x75, 0xEC, 0x74, 0x70, 0x77, 0xD7, 0x09, 0x1D, 0xE1, 0x9C, 0x76, 0x56, 0x94, 0x2B,
    0x1F, 0xCF, 0xA2, 0x39, 0xC9, 0xF1, 0x94, 0x96, 0xA2, 0xB3, 0xE6, 0x9B, 0xDD, 0x07, 0x9A, 0xCF,
    0x48, 0x7E, 0xC6, 0xF0, 0xE7, 0xAE, 0x69, 0x3D, 0xEC, 0x5C, 0xE7, 0x7A, 0xE4, 0x84, 0xD4, 0x3F,
    0xA2, 0x5C, 0x44, 0xEB, 0x19, 0x55, 0x10, 0x15, 0x98, 0x51, 0x54, 0x9C, 0x36, 0xEE, 0x9F, 0x16,
    0xD0, 0x2A, 0x67, 0x6C, 0xD3, 0xB3, 0xDE, 0xDC, 0xE1, 0xF8, 0x76, 0x8C, 0xD2, 0xD5, 0x66, 0x66,
    0xC8, 0xFE, 0x89, 0x3E, 0xE7, 0x8A, 0x64, 0xD4, 0xB1, 0x44, 0x7D, 0xF3, 0x89, 0xD5, 0xF3, 0xAF,
    0x2E, 0x71, 0xDC, 0xEE, 0xC3, 0xAE, 0xD1, 0x1D, 0xBC, 0xF0, 0x8D, 0x47, 0xBA, 0x75, 0x17, 0x00,
    0x7E, 0x5F, 0x60, 0xA9, 0x31, 0x4A, 0x77, 0x54, 0xB7, 0x7F, 0xB3, 0x51, 0xF7, 0x9B, 0x1B, 0x6A,
    0x0C, 0x29, 0x9E, 0xA7, 0xD0, 0x95, 0x1B, 0xDC, 0x09, 0xDA, 0x3D, 0x78, 0x02, 0x9C, 0x46, 0xA6,
    0xD8, 0x29, 0x0E, 0x56, 0x01, 0x83, 0x62, 0x56, 0x0C, 0x82, 0x38, 0xF1, 0xB0, 0x33, 0x60, 0x66,
    0x1B, 0x00, 0x17, 0xEC, 0x02, 0x30, 0xD8, 0x35, 0x92, 0xD8, 0x09, 0x5D, 0x9B, 0x7F, 0x11, 0xAC,
    0xF4, 0xCA, 0xBF, 0x04, 0x99, 0xEE, 0x95, 0x9F, 0x07, 0xFB, 0xBE, 0xAF, 0xFE, 0x27, 0xD8, 0x9F,
    0x0D, 0xD5, 0x6F, 0x85, 0x63, 0x73, 0x3F, 0xD8, 0x9B, 0xA3, 0xB9, 0x11, 0xEC, 0x8D, 0xC9, 0xBC,
    0x27, 0x0C, 0x36, 0x0F, 0xF6, 0x7A, 0x58, 0x85, 0xD7, 0xD6, 0x45, 0xD8, 0x31, 0x28, 0xDD, 0xAC,
    0xB4, 0x93, 0xD2, 0x8C, 0xCA, 0x66, 0x10, 0x7A, 0xD4, 0x31, 0xDC, 0x8F, 0xCF, 0x81, 0x0C, 0x06,
    0x1A, 0x5A, 0x79, 0x1A, 0xEA, 0x78, 0x51, 0x20, 0xA5, 0x92, 0x93, 0xD0, 0x31, 0x06, 0x7C, 0xB2,
    0x47, 0xC9, 0x43, 0x4E, 0xA8, 0x16, 0x34, 0x01, 0xCD, 0xA4, 0xBD, 0xCA, 0x8C, 0xDA, 0x97, 0xCD,
    0x10, 0x03, 0x7B, 0x8F, 0x9D, 0xD0, 0x6F, 0xCC, 0x8E, 0xBF, 0xF7, 0x4A, 0xA3, 0xBD, 0x31, 0xE5,
    0x4F, 0x65, 0xB5, 0x9E, 0x3A, 0xA0, 0xE4, 0xCF, 0x39, 0x89, 0x8B, 0x1C, 0xB6, 0xB6, 0xF0, 0x4E,
    0x9A, 0x71, 0xBE, 0x2D, 0x66, 0x75, 0xFB, 0xD3, 0xF0, 0x30, 0xAF, 0x1F, 0xFC, 0x2C, 0xB6, 0xBE,
    0xF5, 0xDE, 0xD1, 0xF9, 0x66, 0x76, 0xBE, 0xD2, 0x91, 0x64, 0xB3, 0x4A, 0x7E, 0x9B, 0x49, 0x7D,
    0x62, 0x5E, 0x0C, 0xEE, 0xF0, 0x96, 0x46, 0xBD, 0x2F, 0xB5, 0xB3, 0x8B, 0x9E, 0x6E, 0xBF, 0xE8,
    0xE1, 0xB6, 0xE8, 0x99, 0x8F, 0x17, 0x3D, 0x83, 0xC0, 0xF6, 0x0A, 0x7F, 0x16, 0x7D, 0xF4, 0x2A,
    0xC6, 0x17, 0x5B, 0xF4, 0x58, 0x92, 0x11, 0xED, 0x31, 0x62, 0x6C, 0x7A, 0xCD, 0xF8, 0xA6, 0xE7,
    0x4C, 0xFB, 0x54, 0x8D, 0xC7, 0xCC, 0x0E, 0x9E, 0x88, 0xC7, 0x32, 0x45, 0x63, 0xD2, 0x57, 0xCA,
    0xB1, 0x5E, 0x64, 0x8F, 0x82, 0x19, 0xAB, 0xB1, 0x0C, 0xA6, 0xAF, 0x46, 0x9D, 0x2F, 0x08, 0x57,
    0xE5, 0x4E, 0xA8, 0xDF, 0xD3, 0xF6, 0x94, 0x27, 0xE5, 0x4F, 0x65, 0x77, 0x4A, 0x9F, 0xEA, 0xD4,
    0xFA, 0xDB, 0x33, 0x2D, 0xEA, 0x18, 0x19, 0x97, 0xA0, 0xD5, 0x9C, 0x0E, 0x79, 0x96, 0x1F, 0xC5,
    0x02, 0x9D, 0x3F, 0x64, 0x04, 0x78, 0x43, 0x63, 0xD7, 0xAF, 0xF5, 0x40, 0x39, 0x9D, 0x3E, 0xC6,
    0x82, 0x3A, 0xCA, 0xEA, 0xB7, 0x86, 0xA3, 0x78, 0x1F, 0x8B, 0x97, 0x1F, 0x04, 0x64, 0xCC, 0x75,
    0xD0, 0xCE, 0x18, 0x23, 0x93, 0x06, 0x47, 0x33, 0x9A, 0x01, 0xCD, 0xE4, 0x3C, 0xAA, 0xA0, 0x1D,
    0xB1, 0x87, 0xD0, 0x0C, 0x5F, 0x27, 0x75, 0xE5, 0x93, 0x56, 0x43, 0xED, 0x69, 0x42, 0xD2, 0x97,
    0xF1, 0x92, 0x2A, 0xDB, 0xE7, 0xA0, 0x53, 0x78, 0x81, 0x1B, 0xB2, 0xED, 0x6E, 0x6C, 0x14, 0xA5,
    0x02, 0x3F, 0xFD, 0x48, 0x00, 0x3C, 0x0F, 0x12, 0xEC, 0x57, 0x94, 0xB3, 0x4E, 0xD3, 0x50, 0x7D,
    0x83, 0x72, 0x78, 0x97, 0x77, 0x0E, 0x66, 0x47, 0x4D, 0x4F, 0x89, 0xF5, 0xDB, 0x7C, 0xC6, 0xE7,
    0x7F, 0x5D, 0x8D, 0xFB, 0xB8, 0x76, 0x8E, 0x31, 0xF9, 0xA7, 0x15, 0x31, 0xD9, 0xE7, 0xE8, 0x77,
    0x3A, 0xCB, 0x51, 0xF4, 0x3C, 0x51, 0x9D, 0xE7, 0x93, 0x8F, 0x94, 0xE4, 0x10, 0x19, 0x22, 0x29,
    0x9C, 0x0A, 0xE5, 0x98, 0xB1, 0x13, 0xE2, 0x1C, 0x77, 0x6C, 0xA5, 0xEC, 0x01, 0x63, 0xFE, 0x25,
    0x72, 0x52, 0xAE, 0x3A, 0xCC, 0x6B, 0xC1, 0x17, 0xE2, 0xE1, 0xBF, 0x2A, 0xC9, 0x36, 0x72, 0x88,
    0x9C, 0xD4, 0xDB, 0x04, 0x65, 0x19, 0x99, 0x2F, 0x27, 0x2C, 0x22, 0xAB, 0xA0, 0x65, 0x39, 0x0B,
    0xC9, 0x31, 0xD2, 0x2B, 0x8F, 0xB6, 0x9A, 0xBF, 0xD4, 0x0E, 0x2F, 0x42, 0x5B, 0x13, 0x1B, 0xC4,
    0x66, 0x6D, 0x47, 0xEB, 0xD4, 0xDA, 0x93, 0xE9, 0xF7, 0x2A, 0x48, 0xDD, 0x41, 0x6B, 0xDE, 0x96,
    0x22, 0xFB, 0x98, 0x3F, 0x23, 0x4E, 0x26, 0xA1, 0xC5, 0x61, 0xA4, 0x7D, 0xBC, 0x8D, 0x2A, 0x00,
    0xC8, 0x57, 0xC1, 0x8E, 0x82, 0x8C, 0xC8, 0x2E, 0x5D, 0x66, 0x9B, 0x93, 0xA7, 0xA1, 0x8E, 0x88,
    0x94, 0x6F, 0x2B, 0x51, 0x2D, 0xF8, 0xE7, 0x9F, 0xBB, 0x19, 0xDA, 0x94, 0xA2, 0x43, 0xB3, 0xC5,
    0xFC, 0xE3, 0xA4, 0x11, 0x83, 0x9D, 0xC8, 0x8E, 0x9C, 0x44, 0x4A, 0x72, 0x15, 0xA9, 0xD7, 0x03,
    0xED, 0x48, 0x66, 0xCC, 0xE8, 0xAD, 0xFC, 0xC1, 0xF5, 0xD6, 0xBB, 0x2E, 0x0E, 0x7C, 0x6C, 0x61,
    0xF4, 0xEC, 0xB4, 0x3A, 0xF2, 0x93, 0x40, 0xFD, 0xB4, 0x78, 0x91, 0x46, 0xA5, 0x4D, 0x92, 0xCA,
    0xE9, 0xD4, 0xAB, 0x3F, 0xAE, 0xB3, 0x59, 0xAF, 0x68, 0x0B, 0x55, 0x6A, 0x2F, 0x27, 0x67, 0x68,
    0x06, 0x76, 0xC0, 0x16, 0xBF, 0xDF, 0x74, 0x29, 0xAE, 0xFA, 0x8C, 0x82, 0x5C, 0x51, 0xAC, 0x30,
    0xBE, 0x0C, 0x67, 0x50, 0x2C, 0x82, 0x9C, 0x1F, 0xDA, 0x94, 0x0F, 0x46, 0x51, 0x29, 0x9A, 0x3F,
    0xC7, 0x78, 0x65, 0x3C, 0xE8, 0x8D, 0x78, 0x5B, 0xC9, 0xA7, 0x15, 0x54, 0x41, 0x50, 0x4F, 0x02,
    0x33, 0x0A, 0xD2, 0xB9, 0x5F, 0xD1, 0xA4, 0xF1, 0x60, 0xF8, 0x56, 0x1B, 0xE7, 0xE8, 0x6A, 0x13,
    0x0E, 0x38, 0xE9, 0x9D, 0x67, 0x78, 0x30, 0xB9, 0xBE, 0x9A, 0xD8, 0xA9, 0xD5, 0x13, 0x7B, 0x3B,
    0xD9, 0xB8, 0xFD, 0xF7, 0x53, 0xC9, 0xF7, 0x26, 0x7C, 0x7B, 0xDB, 0xED, 0x9D, 0x93, 0x7A, 0x39,
    0x65, 0xE4, 0x5C, 0x70, 0xBD, 0x55, 0xAD, 0x7A, 0x26, 0x74, 0x04, 0x10, 0x7B, 0xC0, 0xCE, 0x1E,
    0x70, 0x8C, 0xEB, 0xC5, 0xA3, 0x7A, 0x71, 0x43, 0xBE, 0x6A, 0xEC, 0x48, 0x96, 0xD1, 0x8A, 0x1A,
    0x09, 0x14, 0x66, 0xC8, 0x97, 0x7A, 0xAE, 0x83, 0xB6, 0x1B, 0xD7, 0x0C, 0x4E, 0x47, 0x96, 0x16,
    0xE4, 0x2C, 0xC6, 0x4E, 0xAC, 0x97, 0x9A, 0x06, 0x76, 0xCD, 0xC8, 0xCE, 0x0C, 0xFC, 0x23, 0x3D,
    0xB9, 0x24, 0xDF, 0x35, 0xDD, 0x5E, 0x8F, 0xC9, 0xCC, 0x48, 0x72, 0x20, 0xD5, 0x7F, 0x04, 0xC7,
    0x65, 0xFB, 0x3C, 0xFC, 0x91, 0xEB, 0xF0, 0xDC, 0x0F, 0x48, 0x9E, 0xC1, 0x65, 0xC1, 0xAA, 0x37,
    0xE0, 0x09, 0x16, 0xC1, 0xEE, 0x18, 0x79, 0x10, 0x14, 0x8A, 0xF7, 0x8F, 0x2E, 0xF3, 0x22, 0x25,
    0x4D, 0xA7, 0x00, 0x54, 0x4F, 0x03, 0xC7, 0xC9, 0x2D, 0xC8, 0xB7, 0x0B, 0x60, 0xC6, 0x7A, 0x32,
    0x7D, 0x39, 0xEB, 0xBC, 0xC0, 0x91, 0x81, 0x9B, 0x1D, 0x3F, 0x84, 0x1D, 0x00, 0x73, 0x94, 0xFD,
    0x47, 0x45, 0x8E, 0x85, 0x18, 0x1C, 0x6F, 0x21, 0xBB, 0xA8, 0x23, 0xEB, 0x0C, 0xA2, 0x1E, 0x8B,
    0x39, 0xD7, 0xC9, 0x78, 0x31, 0x97, 0x01, 0xF9, 0x52, 0x48, 0x37, 0x46, 0xC6, 0x42, 0x67, 0x1E,
    0x70, 0x0F, 0x66, 0xAD, 0xC2, 0x90, 0x4C, 0x2B, 0xEB, 0x15, 0xFB, 0x27, 0x68, 0xBA, 0xAE, 0xA0,
    0x1E, 0xF6, 0xCD, 0x59, 0x1F, 0x3D, 0x68, 0x81, 0x11, 0x85, 0x16, 0x9F, 0x51, 0xCD, 0xC5, 0xAC,
    0x37, 0x9A, 0x56, 0x4D, 0xB8, 0xD8, 0x90, 0x4F, 0xD3, 0xDD, 0x23, 0xAD, 0xAC, 0xAD, 0x49, 0xFF,
    0xAD, 0x38, 0xF7, 0x32, 0x6A, 0x3E, 0xBB, 0xCB, 0x36, 0x63, 0x40, 0x26, 0x3E, 0x5C, 0x72, 0xBD,
    0xDE, 0x06, 0x6A, 0xDF, 0x85, 0x1D, 0x0D, 0xD9, 0x8B, 0x75, 0x35, 0x17, 0xE0, 0x0D, 0xE8, 0xEA,
    0x72, 0x71, 0x5D, 0x2D, 0x66, 0xC4, 0xAC, 0x18, 0x17, 0x77, 0x7D, 0x5D, 0xDC, 0x8D, 0xBF, 0x2C,
    0xEE, 0x83, 0xCF, 0x17, 0xF7, 0xC3, 0xDF, 0x2E, 0xEE, 0xEA, 0xFD, 0xC5, 0xB9, 0x7C, 0x71, 0xAB,
    0x58, 0x10, 0x9B, 0xC5, 0x46, 0x31, 0xB9, 0x59, 0xDE, 0xBC, 0xFD, 0x56, 0x57, 0x8E, 0x4D, 0x1F,
    0xE3, 0x8C, 0xB6, 0xE7, 0x96, 0xED, 0xBD, 0xC7, 0xAB, 0xD7, 0xED, 0xBA, 0x22, 0x48, 0x1D, 0x93,
    0x94, 0x1F, 0x5C, 0xE7, 0xBC, 0xBB, 0x46, 0xE8, 0x2A, 0xDB, 0x71, 0x16, 0x1B, 0x93, 0x3E, 0x5E,
    0x64, 0x1B, 0x21, 0xBE, 0xB8, 0x82, 0x96, 0xBC, 0xA3, 0x94, 0x91, 0x72, 0xE5, 0x92, 0x91, 0xC4,
    0x09, 0x76, 0xEB, 0x65, 0xC1, 0x92, 0x9D, 0x41, 0x10, 0xE4, 0x09, 0x67, 0x6F, 0xA2, 0x59, 0xC0,
    0x49, 0x31, 0x2A, 0x3A, 0x41, 0x4C, 0x6E, 0x46, 0x45, 0xB8, 0x80, 0x5A, 0xB8, 0xA0, 0x11, 0xAE,
    0x30, 0x42, 0x07, 0x2B, 0xB4, 0xED, 0xAA, 0xEC, 0x82, 0xF0, 0xFD, 0x7B, 0x42, 0x39, 0xC8, 0x49,
    0xF8, 0x83, 0xCF, 0x47, 0xE1, 0xF7, 0xBF, 0x50, 0xBE, 0xC7, 0x5E, 0xF8, 0x2E, 0xBD, 0xF0, 0x1F,
    0xD8, 0x09, 0x5B, 0xB6, 0x4A, 0x07, 0x61, 0x57, 0xCE, 0x62, 0xE1, 0x9C, 0x1D, 0x1E, 0x04, 0x47,
    0xAA, 0xE9, 0xF7, 0xF3, 0xFE, 0xCD, 0xA0, 0xC9, 0xA5, 0x15, 0xBF, 0xDE, 0xA4, 0xCD, 0x54, 0x07,
    0x93, 0x2E, 0x4F, 0xEA, 0xF1, 0x5D, 0x32, 0xFD, 0xAE, 0xDB, 0x4C, 0x9F, 0x2F, 0x66, 0x4A, 0x3D,
    0xBE, 0x38, 0xD5, 0xE3, 0x1D, 0x39, 0x1F, 0xDB, 0xC3, 0xF7, 0x75, 0x9F, 0x5E, 0xCA, 0xE2, 0x6E,
    0x94, 0x2B, 0x9C, 0x65, 0x1F, 0xD7, 0x20, 0x7F, 0xB6, 0x1A, 0xC5, 0xB6, 0xB5, 0x89, 0x5E, 0xD8,
    0x5C, 0x4D, 0xBF, 0xA7, 0x6D, 0xEA, 0x3B, 0xB2, 0x53, 0xCC, 0xEB, 0xE8, 0xDD, 0x07, 0x7A, 0x2E,
    0x2E, 0x8A, 0xE1, 0x99, 0x16, 0x93, 0x65, 0xB7, 0x75, 0xDC, 0xAE, 0x59, 0xAE, 0x40, 0x3B, 0x99,
    0xDD, 0x3A, 0x2A, 0xBB, 0x64, 0x67, 0x3A, 0xEE, 0x72, 0xB9, 0xAB, 0xC9, 0xAE, 0x10, 0x83, 0x63,
    0xBB, 0x1D, 0xE7, 0xB4, 0xB7, 0x0B, 0xF6, 0xD1, 0x45, 0xAD, 0xE4, 0x65, 0x4C, 0xC3, 0x78, 0x5F,
    0x8F, 0xBA, 0xE0, 0x9F, 0xA1, 0x07, 0x02, 0xB6, 0xF1, 0x0E, 0xCA, 0x97, 0xDD, 0xAA, 0x53, 0xE6,
    0x00, 0xB0, 0x10, 0xB8, 0x1F, 0x4C, 0x80, 0xFD, 0x44, 0x03, 0xF2, 0xA7, 0x43, 0x7A, 0xCE, 0x91,
    0x26, 0xD9, 0x65, 0x5A, 0x52, 0x60, 0x8F, 0x45, 0x50, 0x84, 0x6D, 0xD9, 0xF2, 0x96, 0x4B, 0xCB,
    0x0F, 0x45, 0x27, 0x38, 0xC2, 0x99, 0xF1, 0xF3, 0x79, 0x6C, 0xF6, 0x6B, 0xE1, 0x09, 0x95, 0x70,
    0x45, 0x33, 0xDB, 0x07, 0x6C, 0x75, 0x60, 0xD2, 0x81, 0xD0, 0x88, 0x39, 0xA1, 0xD1, 0x7E, 0x73,
    0x42, 0xAF, 0x4C, 0xDE, 0x98, 0xB3, 0x8B, 0xA5, 0x52, 0x0D, 0x5B, 0x6D, 0x5A, 0x73, 0x97, 0x5A,
    0x79, 0x21, 0xDA, 0x61, 0x47, 0x34, 0xA3, 0x4E, 0x05, 0xE7, 0x2A, 0xA0, 0x58, 0xEA, 0x11, 0x3B,
    0xEA, 0x39, 0x24, 0xD5, 0x4D, 0x00, 0x66, 0x55, 0x50, 0xE0, 0xD8, 0x26, 0x47, 0xBE, 0x4A, 0x96,
    0x32, 0xC4, 0x07, 0xB4, 0x3A, 0xE2, 0x6A, 0x05, 0xAE, 0xCF, 0xD8, 0xEA, 0x60, 0x88, 0xFF, 0x2F,
    0x3E, 0x7C, 0xFF, 0xA8, 0xA5, 0xA4, 0xEE, 0x04, 0xDA, 0xE8, 0x33, 0x00, 0x1D, 0xDF, 0x83, 0x4E,
    0x9F, 0x4E, 0x9B, 0x51, 0x1B, 0xC4, 0xD6, 0x83, 0xA5, 0x26, 0x97, 0x52, 0x0C, 0x07, 0xBF, 0x58,
    0x80, 0xFC, 0x9C, 0xB9, 0xAE, 0x1A, 0x95, 0xF5, 0xAB, 0xF2, 0xE1, 0xD5, 0x3F, 0xFF, 0x78, 0x71,
    0x94, 0x74, 0x96, 0xD1, 0x8B, 0xD7, 0x2B, 0xDA, 0xD6, 0xDA, 0x3A, 0x6A, 0x1A, 0xCE, 0x0A, 0x34,
    0x35, 0x5F, 0x21, 0x80, 0xA3, 0x3F, 0x8D, 0x0B, 0x4E, 0x00, 0x1B, 0xC1, 0xCF, 0x14, 0xEC, 0x14,
    0xBA, 0x98, 0x73, 0xE3, 0xFE, 0x29, 0x5B, 0xB5, 0xC7, 0x43, 0x3B, 0x26, 0xEF, 0x96, 0xEF, 0x68,
    0xEB, 0xF2, 0x4A, 0x3E, 0x8B, 0x52, 0xA7, 0x92, 0x89, 0x5E, 0xF8, 0x90, 0x83, 0x7A, 0xCD, 0xA8,
    0x6C, 0x4E, 0xF8, 0xD0, 0x0D, 0x5B, 0x1E, 0x65, 0xBB, 0x2F, 0xFB, 0xCC, 0x10, 0xC3, 0x8F, 0xA0,
    0x79, 0xC4, 0x7A, 0x77, 0xC8, 0x51, 0x6A, 0x10, 0xAB, 0xA3, 0x4A, 0x3D, 0xA3, 0x6E, 0x4F, 0xFE,
    0x19, 0x9A, 0xAE, 0xB2, 0x83, 0x7E, 0xB7, 0x5C, 0xF1, 0xDD, 0x82, 0xD8, 0x07, 0x9F, 0x37, 0xEF,
    0xD0, 0x97, 0x4C, 0x96, 0x5D, 0xDA, 0x82, 0x51, 0xC6, 0xEE, 0xD1, 0x3B, 0x04, 0xB9, 0x88, 0x69,
    0x99, 0x5B, 0xA7, 0x9E, 0x1A, 0xB8, 0xAE, 0xE0, 0x20, 0x6C, 0x18, 0x84, 0x8E, 0x14, 0xF2, 0xBF,
    0xD8, 0xB9, 0xEB, 0x94, 0xB2, 0xEE, 0xC6, 0x0A, 0xD3, 0xBB, 0x3F, 0x2E, 0x4A, 0x06, 0x98, 0x61,
    0x63, 0xDA, 0x72, 0x43, 0xA9, 0x39, 0x75, 0xC6, 0xCC, 0x7F, 0x61, 0xB7, 0xAF, 0xA1, 0xE1, 0xB2,
    0xD5, 0x2C, 0xE9, 0xED, 0xB8, 0xC3, 0x4B, 0x4E, 0xAE, 0xA5, 0x58, 0xB5, 0xE4, 0x6B, 0x3D, 0x26,
    0xAB, 0x66, 0x31, 0x72, 0x55, 0x1F, 0x9C, 0x18, 0xEF, 0xAF, 0x3B, 0xE6, 0xAB, 0xFE, 0x55, 0x21,
    0x5F, 0xB5, 0x0B, 0xDB, 0x21, 0x5F, 0xB3, 0x4B, 0xDB, 0x64, 0x5F, 0x0F, 0xA9, 0x1E, 0x80, 0x62,
    0xD2, 0x39, 0xE8, 0x6B, 0x9B, 0x4F, 0x65, 0xB7, 0xFF, 0x0E, 0xF9, 0x6C, 0xBA, 0x3C, 0x18, 0x9F,
    0x4F, 0xA6, 0x7D, 0x9D, 0x73, 0xB5, 0x98, 0xCA, 0x79, 0x0F, 0x92, 0xC7, 0x58, 0x4F, 0x1C, 0x0A,
    0x37, 0xA1, 0x7C, 0xC2, 0x15, 0x25, 0x49, 0xC1, 0x2F, 0xD8, 0x95, 0x0B, 0xA8, 0x41, 0xDE, 0x29,
    0xAC, 0x2F, 0xE7, 0x17, 0x03, 0x90, 0xE0, 0x14, 0xEC, 0x80, 0xBB, 0x29, 0xC2, 0x41, 0xB0, 0x08,
    0xDC, 0x00, 0xC8, 0x29, 0x95, 0xDA, 0xEB, 0xB8, 0x2C, 0xF8, 0x55, 0x7A, 0x04, 0xFE, 0xF2, 0xF3,
    0xE6, 0xA7, 0x47, 0xC5, 0xA3, 0xE2, 0x64, 0x54, 0x3C, 0xFC, 0x25, 0xC8, 0x10, 0x4D, 0xAA, 0x4B,
    0xA7, 0xA8, 0xD7, 0x53, 0xF4, 0xE6, 0xB9, 0x51, 0x51, 0x53, 0xC1, 0x23, 0x34, 0x24, 0x6C, 0xBC,
    0x75, 0xFE, 0x1E, 0xEC, 0xD2, 0x7E, 0x1A, 0xB6, 0xA8, 0x39, 0x61, 0x97, 0xDE, 0x0C, 0x6D, 0xF7,
    0x01, 0xDB, 0x38, 0x59, 0xA2, 0x5A, 0x80, 0xE5, 0xB0, 0x1D, 0x81, 0x6D, 0xA9, 0x43, 0x4D, 0x9B,
    0x6E, 0xED, 0xAF, 0xFE, 0x03, 0x60, 0x1A, 0x58, 0xD3, 0x1A, 0xD3, 0x7E, 0xAF, 0xC1, 0xF1, 0x85,
    0x2A, 0xC3, 0x4B, 0x7C, 0x34, 0xB9, 0x16, 0xEC, 0xF4, 0x63, 0xB1, 0x25, 0xEA, 0x96, 0x97, 0xFF,
    0xB4, 0x3F, 0x65, 0xEB, 0xE2, 0x44, 0xCF, 0x0E, 0xDB, 0xFD, 0xA1, 0xC2, 0x13, 0xC9, 0x78, 0x39,
    0xCA, 0xBA, 0xDB, 0x8B, 0xDE, 0x64, 0x8B, 0xC8, 0x92, 0x84, 0xD8, 0x89, 0xFC, 0x98, 0x9D, 0x0A,
    0x9C, 0xDF, 0x05, 0x11, 0xEB, 0x73, 0x15, 0xE7, 0xAF, 0x88, 0x5C, 0x66, 0xC7, 0x39, 0xE6, 0xE4,
    0x18, 0xCB, 0xD1, 0x6B, 0x2D, 0x27, 0x01, 0xA1, 0x9A, 0xBF, 0x9C, 0x32, 0x37, 0x3B, 0xBA, 0x08,
    0x47, 0x49, 0x7D, 0xE4, 0x1C, 0xB9, 0xA8, 0xB7, 0x58, 0x95, 0x3B, 0x1E, 0xF3, 0xE8, 0xCA, 0x2A,
    0x24, 0x43, 0xE4, 0x14, 0xD9, 0xFD, 0x55, 0xBA, 0xC3, 0x85, 0x16, 0xA0, 0x8F, 0xB7, 0x4E, 0x3E,
    0x03, 0xD5, 0x70, 0xFC, 0xA6, 0xFD, 0x95, 0x67, 0xFD, 0x31, 0x32, 0xB5, 0xE7, 0x23, 0xD3, 0x6B,
    0x58, 0x91, 0xE0, 0x27, 0xF8, 0x25, 0xE0, 0x76, 0x0B, 0x60, 0xFF, 0x7B, 0xFF, 0xE0, 0xB4, 0x64,
    0x9F, 0x62, 0xAA, 0xA6, 0xBF, 0xC6, 0x7C, 0xF0, 0x65, 0xA7, 0xE6, 0x71, 0x3A, 0x4F, 0x1E, 0x9B,
    0x8E, 0xDC, 0x67, 0x2C, 0x46, 0xAB, 0x1D, 0xA5, 0x55, 0xDB, 0x9F, 0x16, 0x33, 0x64, 0x7B, 0x69,
    0xCB, 0x60, 0x46, 0xEC, 0xA5, 0x2B, 0x43, 0x33, 0x66, 0x94, 0x43, 0xAE, 0xA7, 0x5C, 0x64, 0xAA,
    0xE6, 0x24, 0xA1, 0xA0, 0x9C, 0x8C, 0x32, 0x54, 0x1C, 0x74, 0x66, 0x51, 0x71, 0x6C, 0x06, 0x19,
    0x68, 0x3E, 0x95, 0xB8, 0x9D, 0xB1, 0xF9, 0x64, 0xB6, 0x1E, 0xB4, 0x37, 0x83, 0x06, 0x2F, 0xBE,
    0xB7, 0x12, 0x30, 0xCC, 0xD2, 0x4B, 0x66, 0x30, 0x00, 0xD5, 0x0A, 0x3B, 0x03, 0x71, 0xF5, 0x9B,
    0xDE, 0xC9, 0xB9, 0x4E, 0xA3, 0x3D, 0xB8, 0x49, 0x6B, 0xFA, 0x4D, 0xF2, 0x05, 0x84, 0x56, 0x9E,
    0x11, 0x3A, 0x90, 0xE9, 0x43, 0xCF, 0xB1, 0xA4, 0x6C, 0x96, 0xDD, 0xD0, 0xB3, 0x5E, 0xCC, 0x0D,
    0x6F, 0x06, 0xE4, 0xC1, 0xB8, 0x5F, 0x4F, 0xD8, 0x2D, 0xCE, 0xE8, 0xB9, 0xE7, 0x12, 0x4F, 0xBC,
    0x0B, 0x25, 0x3D, 0x60, 0xA6, 0x9C, 0x6D, 0xFA, 0x7F, 0x16, 0x20, 0x23, 0x4E, 0x83, 0x64, 0x7F,
    0x82, 0x33, 0xDE, 0xF5, 0x96, 0x80, 0xAB, 0x82, 0x5E, 0xA1, 0xE7, 0xC9, 0x8E, 0x82, 0x5A, 0x51,
    0x4D, 0xFB, 0x6F, 0x46, 0x70, 0x97, 0xC3, 0x71, 0x3E, 0x08, 0x3E, 0x43, 0x4C, 0xE7, 0x5B, 0xF3,
    0x27, 0x38, 0xEB, 0x55, 0xF0, 0x23, 0x05, 0xBB, 0xAD, 0xB5, 0xEC, 0x54, 0x6B, 0x0A, 0x2B, 0x50,
    0xC7, 0x96, 0xE5, 0xE8, 0xD4, 0x92, 0xA1, 0xE4, 0x67, 0x2A, 0x8E, 0xE9, 0x55, 0x27, 0xA9, 0xB7,
    0x2A, 0x0F, 0x55, 0x9A, 0x19, 0x7F, 0x23, 0x62, 0x86, 0x98, 0x73, 0x1B, 0xB5, 0x5C, 0x94, 0x43,
    0xCA, 0x9B, 0x72, 0x58, 0x4A, 0xEA, 0x9F, 0x16, 0xCF, 0x0E, 0x50, 0x39, 0x5D, 0xC0, 0xDB, 0x31,
    0x8A, 0x99, 0x91, 0x89, 0xD4, 0xFC, 0xD0, 0x89, 0x94, 0xA9, 0xBD, 0x2C, 0x49, 0x7A, 0x24, 0x78,
    0xAA, 0xF3, 0x80, 0xAD, 0x5E, 0x7E, 0x76, 0x55, 0x9C, 0x9E, 0x99, 0x34, 0xA9, 0x1B, 0xFE, 0x56,
    0xC8, 0x0E, 0x4A, 0x08, 0x25, 0x8D, 0x67, 0x79, 0xC8, 0x3B, 0xB7, 0x93, 0xF7, 0x38, 0xA7, 0xEB,
    0x0B, 0xEC, 0x6B, 0xA8, 0x22, 0x77, 0x29, 0x7A, 0x67, 0xAD, 0x80, 0xBD, 0x60, 0xB7, 0xBD, 0xA1,
    0x9F, 0x84, 0xC5, 0x17, 0xB3, 0xB0, 0xFC, 0x53, 0x10, 0x56, 0xBF, 0x5B, 0x84, 0x8D, 0xA7, 0xD0,
    0x78, 0x27, 0xB4, 0x1F, 0xA6, 0x39, 0x21, 0x3D, 0xB6, 0xAB, 0x2F, 0x1C, 0x90, 0xEB, 0x3B, 0x52,
    0xE5, 0xCD, 0x09, 0xE5, 0x64, 0x6F, 0x04, 0x54, 0xA3, 0xB2, 0x1E, 0xED, 0xB5, 0x15, 0x4D, 0x6F,
    0x3B, 0x4A, 0x05, 0xC2, 0xD6, 0x0A, 0xA3, 0x76, 0xC6, 0xA3, 0x20, 0xB6, 0xEE, 0x5B, 0x6B, 0x85,
    0xCD, 0xA7, 0x3A, 0x08, 0x4B, 0x45, 0x70, 0x85, 0x60, 0xCD, 0x67, 0xAD, 0x3E, 0x20, 0x4E, 0xC1,
    0x0A, 0x92, 0xBA, 0x5B, 0xB6, 0xAD, 0xFE, 0x14, 0x8C, 0x6F, 0x7E, 0x23, 0x30, 0xF7, 0x42, 0x3D,
    0xD8, 0xEB, 0xA1, 0x1A, 0xF9, 0x6E, 0x90, 0x76, 0x3D, 0xAA, 0x05, 0xE9, 0x74, 0x46, 0x31, 0x6C,
    0x55, 0xAC, 0xEB, 0x54, 0x5C, 0xE3, 0x55, 0xD6, 0xBA, 0x17, 0xC9, 0x96, 0x6A, 0x8C, 0x83, 0x4F,
    0x29, 0x72, 0x78, 0xF7, 0xE8, 0xCA, 0x9C, 0xAE, 0x62, 0x48, 0xB2, 0x24, 0x59, 0xF5, 0xBA, 0x3D,
    0x98, 0x99, 0xC4, 0xCA, 0xDE, 0xBB, 0xEF, 0xCF, 0xBA, 0x1A, 0x64, 0xA1, 0xF2, 0xB1, 0x88, 0xEC,
    0xC0, 0xBD, 0xF8, 0x74, 0xCB, 0xDE, 0x0F, 0x22, 0x93, 0x7D, 0x20, 0x52, 0xCC, 0xF6, 0x13, 0x41,
    0x1E, 0x1C, 0xC0, 0x01, 0x50, 0x19, 0x55, 0x76, 0x9C, 0x55, 0xF2, 0x27, 0x41, 0xA5, 0x1C, 0x17,
    0x95, 0x6A, 0xA4, 0x08, 0xF9, 0xC8, 0xB5, 0x2A, 0x64, 0x97, 0xC4, 0xC3, 0x5D, 0xA2, 0x7B, 0x3C,
    0xC0, 0x81, 0xDA, 0x47, 0x5D, 0xB6, 0x98, 0x07, 0x13, 0x5C, 0x1E, 0xCC, 0xFD, 0x00, 0x27, 0xBB,
    0x70, 0x7F, 0x81, 0x2B, 0x27, 0xF3, 0xF1, 0x0A, 0x57, 0x8D, 0xC6, 0x13, 0x45, 0x2C, 0x97, 0x98,
    0x2B, 0xBB, 0x4C, 0xA9, 0xA1, 0x51, 0xE3, 0xAD, 0xE9, 0xAB, 0x09, 0xA8, 0x24, 0xE8, 0x00, 0xB9,
    0x06, 0x1B, 0x64, 0xEA, 0x44, 0x49, 0xEA, 0xA9, 0x27, 0xC5, 0xCB, 0x38, 0x60, 0xF3, 0xE0, 0x2F,
    0x84, 0xCE, 0x84, 0x35, 0x68, 0xEB, 0x6C, 0xBF, 0x14, 0xEA, 0xBA, 0xA4, 0x1E, 0x35, 0xAA, 0xD7,
    0x12, 0xBE, 0x1A, 0x61, 0xFA, 0x25, 0x47, 0xED, 0x25, 0xB8, 0xCD, 0xB5, 0x36, 0x18, 0x51, 0x09,
    0xA4, 0x05, 0x1D, 0x1F, 0xD6, 0x52, 0xC3, 0xFB, 0xBF, 0x69, 0x44, 0x4D, 0x2B, 0x21, 0x5D, 0xEF,
    0x32, 0xE8, 0xAE, 0xAE, 0x90, 0x6B, 0xE9, 0x50, 0xC9, 0xB5, 0x6C, 0x9B, 0x7B, 0xC1, 0x74, 0x72,
    0x41, 0x1B, 0x6F, 0xDE, 0x0D, 0x75, 0xEF, 0x76, 0xA1, 0x1A, 0xAC, 0x77, 0x24, 0x67, 0x24, 0x0D,
    0xA2, 0x76, 0xFB, 0xDD, 0x88, 0xA6, 0xA1, 0x45, 0x20, 0x9F, 0x18, 0xF4, 0x44, 0x41, 0xF9, 0xA6,
    0x2A, 0xE7, 0x1F, 0xF1, 0x1D, 0x19, 0x07, 0x6C, 0x57, 0x76, 0x53, 0xB6, 0x9B, 0x6A, 0xB9, 0xFA,
    0x09, 0xED, 0x20, 0x6A, 0x7E, 0xC3, 0x38, 0x54, 0xD9, 0x7B, 0x8C, 0x55, 0xBA, 0xEB, 0x2C, 0x82,
    0x28, 0xDF, 0x65, 0x2E, 0xFA, 0x31, 0x75, 0xEA, 0x0F, 0x7B, 0x6F, 0xDD, 0xC9, 0x37, 0xD8, 0xFB,
    0x8B, 0x50, 0xF4, 0x41, 0x50, 0xED, 0x5C, 0x4E, 0x72, 0x8A, 0x1C, 0x5D, 0xEC, 0x11, 0x0E, 0x4E,
    0x6F, 0x96, 0xD8, 0x77, 0x1C, 0xAA, 0xCF, 0x03, 0x9C, 0x66, 0x89, 0x5C, 0x22, 0xD9, 0xBA, 0x4B,
    0x42, 0xAF, 0x17, 0xF5, 0x67, 0x83, 0x1C, 0xAE, 0xF9, 0x60, 0x74, 0xF9, 0x6C, 0x6E, 0x8E, 0xAE,
    0x98, 0xCC, 0x8D, 0xD9, 0x95, 0xFA, 0xEF, 0x06, 0xAE, 0x1A, 0xCC, 0xB5, 0x00, 0xE0, 0xDB, 0xD8,
    0xCD, 0xE9, 0x6C, 0x0A, 0xCC, 0x81, 0x07, 0x2A, 0x02, 0x71, 0x22, 0x5F, 0x92, 0x33, 0x0C, 0xB9,
    0xA2, 0x3E, 0xBA, 0xC2, 0xF6, 0xAD, 0x34, 0xAF, 0xDE, 0xD0, 0xA6, 0x59, 0xE9, 0x4F, 0x5C, 0x00,
    0xC8, 0x5E, 0x71, 0x5B, 0x8B, 0xC5, 0xB1, 0x94, 0xED, 0x7E, 0x26, 0x6E, 0x14, 0x56, 0x41, 0xC1,
    0x3B, 0xE9, 0x95, 0x37, 0x6A, 0x32, 0xC0, 0x50, 0xDA, 0xB0, 0x8F, 0xDA, 0x33, 0x6F, 0xB6, 0xC9,
    0x51, 0xBD, 0x13, 0x0A, 0x05, 0x52, 0x38, 0xC9, 0x6E, 0x17, 0xA3, 0x84, 0xF8, 0x60, 0x3E, 0x82,
    0x5B, 0xF6, 0x4F, 0xF3, 0x87, 0x8A, 0x9C, 0xDE, 0x6A, 0x2B, 0x1D, 0xBD, 0xC4, 0xCA, 0x09, 0x96,
    0x83, 0x58, 0x1B, 0x15, 0x57, 0xE7, 0x34, 0xA6, 0xE7, 0x62, 0x75, 0xD8, 0x91, 0x53, 0x4D, 0x0E,
    0x86, 0x6B, 0x6B, 0x1F, 0xB6, 0x70, 0xDB, 0xE3, 0x07, 0x4B, 0x7A, 0x23, 0x56, 0x8A, 0x01, 0xD0,
    0xE8, 0xD1, 0x19, 0xEF, 0xC4, 0x5E, 0x8C, 0x36, 0xD1, 0x2B, 0x4D, 0xAF, 0x5B, 0x9B, 0xC9, 0xDC,
    0x63, 0x5B, 0x91, 0x4C, 0x9D, 0x26, 0x00, 0xC2, 0x41, 0x5F, 0x78, 0xFC, 0x01, 0xF1, 0x84, 0x7C,
    0x15, 0x53, 0xE2, 0x73, 0xC9, 0x78, 0x3F, 0xB2, 0xE5, 0x6E, 0x55, 0x66, 0x54, 0x42, 0xA9, 0xF6,
    0x1C, 0x76, 0x9A, 0xDF, 0xF9, 0xFF, 0xEB, 0xE6, 0x0A, 0x20, 0x35, 0xC9, 0xB2, 0xF3, 0xA9, 0xAA,
    0x74, 0xFF, 0x36, 0x85, 0x6A, 0x6C, 0x47, 0x6C, 0xCB, 0xD6, 0x22, 0x22, 0xD9, 0xAC, 0x2E, 0x08,
    0x06, 0x76, 0xAA, 0x66, 0x57, 0x32, 0x18, 0x4C, 0x93, 0x79, 0x09, 0x1A, 0x3D, 0x10, 0x64, 0x36,
    0xF1, 0x82, 0x84, 0x20, 0x9B, 0xAA, 0xD9, 0xC1, 0xB0, 0x8B, 0x6E, 0x88, 0x10, 0x98, 0xC6, 0x60,
    0xE6, 0x0D, 0xE9, 0x60, 0x31, 0x62, 0xB2, 0x55, 0x3D, 0x4B, 0x06, 0x83, 0xD4, 0x2E, 0x2D, 0x80,
    0xD4, 0x84, 0x4E, 0x62, 0x16, 0x5D, 0x33, 0x5B, 0x23, 0xF5, 0x7A, 0xEB, 0xAF, 0x93, 0xFB, 0x7D,
    0xA7, 0xEA, 0x7F, 0x7F, 0xF5, 0x7B, 0x7F, 0xCF, 0x1B, 0xF3, 0xBA, 0x7B, 0x36, 0xB7, 0xDF, 0xFD,
    0x4E, 0x75, 0xFD, 0xB7, 0xAA, 0xEE, 0xBD, 0x75, 0x6F, 0xDD, 0x73, 0xCF, 0x39, 0xE7, 0x28, 0x8C,
    0x2F, 0x0E, 0x75, 0x7F, 0x2D, 0x09, 0x07, 0x7F, 0x38, 0x1B, 0x5C, 0x8C, 0xB6, 0x4E, 0x9C, 0xAE,
    0x26, 0x96, 0x68, 0x2A, 0x35, 0xE9, 0xB7, 0x7C, 0x4E, 0xA1, 0xD0, 0x2D, 0x47, 0xB0, 0xAE, 0xC2,
    0x5F, 0x32, 0x9B, 0x84, 0x98, 0xD1, 0x07, 0x06, 0xF8, 0x9D, 0xBD, 0xBD, 0x59, 0xB1, 0xBC, 0xC0,
    0x0A, 0x4F, 0x4E, 0x81, 0x28, 0xEF, 0xE9, 0x74, 0x6D, 0xC4, 0x8D, 0x87, 0xDD, 0x93, 0xB3, 0xC1,
    0x9E, 0x65, 0x66, 0x0E, 0xDB, 0x3A, 0x2F, 0x93, 0xCB, 0x56, 0x94, 0xCB, 0x1E, 0xEE, 0xF7, 0x69,
    0xB3, 0xA2, 0x6C, 0xC9, 0xA9, 0x46, 0xC7, 0x52, 0x95, 0x19, 0xC7, 0x38, 0x07, 0xC6, 0x26, 0x39,
    0x4C, 0x06, 0x94, 0xDD, 0xD6, 0xC4, 0x94, 0x19, 0xEA, 0x40, 0x63, 0x46, 0xAC, 0x25, 0x91, 0xC3,
    0x46, 0xE2, 0xB1, 0xA0, 0x8A, 0x5F, 0xA2, 0x16, 0x4D, 0xA0, 0x2C, 0xC5, 0x6C, 0xD7, 0x30, 0xC2,
    0x68, 0x35, 0x0F, 0xBE, 0xC1, 0x07, 0x57, 0x24, 0xA2, 0xC1, 0x00, 0x7C, 0x16, 0x98, 0xFF, 0xA0,
    0x77, 0x88, 0xCF, 0x2C, 0xF8, 0x50, 0x60, 0x7C, 0xAF, 0x16, 0xE3, 0x44, 0x0D, 0x6D, 0xC2, 0x18,
    0x33, 0x6A, 0x09, 0xBA, 0x3C, 0x58, 0x17, 0x6A, 0x03, 0x2E, 0xAE, 0x49, 0x9A, 0x40, 0xAF, 0xC4,
    0x6D, 0x00, 0x5B, 0x2A, 0x6C, 0xD6, 0x7A, 0xF7, 0xF8, 0x60, 0x88, 0x5B, 0xF7, 0xD0, 0xA4, 0x16,
    0x6F, 0x64, 0x7F, 0xE5, 0x58, 0x3F, 0xCB, 0x6C, 0x5B, 0xD2, 0x17, 0x1B, 0x4F, 0x0B, 0x33, 0x85,
    0x3D, 0xC1, 0x14, 0x31, 0x2B, 0xE0, 0xB4, 0x70, 0x64, 0x8C, 0x38, 0x3D, 0x03, 0x54, 0xE8, 0xDC,
    0x46, 0x36, 0xF2, 0x84, 0x1B, 0x7F, 0xF1, 0x99, 0x2B, 0x93, 0x99, 0x69, 0xF4, 0xD1, 0xE8, 0xCE,
    0x75, 0xD8, 0x5D, 0x0E, 0x70, 0xF4, 0xF8, 0xB2, 0x97, 0x3D, 0x9A, 0xAE, 0xD9, 0x4A, 0x97, 0x8C,
    0x53, 0xB4, 0x71, 0x6C, 0x07, 0xD4, 0x4B, 0x4E, 0x03, 0xFC, 0xC0, 0x44, 0x3B, 0x34, 0x61, 0xED,
    0x78, 0x94, 0x40, 0x68, 0x0A, 0x93, 0x89, 0x1A, 0x06, 0x85, 0x03, 0x8D, 0xAE, 0x61, 0xDD, 0x3A,
    0x50, 0x0E, 0x9A, 0xD6, 0x38, 0x1A, 0xC0, 0x2B, 0xD6, 0x50, 0x54, 0x0D, 0xFE, 0x74, 0x84, 0x7F,
    0x76, 0xE4, 0x63, 0x31, 0x40, 0xB9, 0xB5, 0xA8, 0xAB, 0x3D, 0xAF, 0x15, 0x7D, 0xBE, 0x13, 0xDE,
    0x4F, 0xF2, 0xFF, 0xB0, 0x5E, 0x77, 0xBF, 0xDC, 0x6B, 0xEC, 0xB9, 0x58, 0xEB, 0x68, 0x20, 0xD5,
    0xB2, 0xF7, 0xAC, 0x7E, 0x91, 0x89, 0x3A, 0xD4, 0x4C, 0x66, 0x20, 0x3A, 0x30, 0x15, 0xB1, 0xB1,
    0x7D, 0x58, 0xB8, 0x2C, 0xAD, 0x06, 0x92, 0xED, 0x96, 0x73, 0xB7, 0x63, 0xA7, 0xB4, 0xDE, 0x1C,
    0x65, 0xCB, 0x62, 0x5B, 0x93, 0x2B, 0xAD, 0x4D, 0x9F, 0x8B, 0x16, 0x97, 0x9C, 0x66, 0x31, 0x36,
    0x29, 0x09, 0x34, 0x9A, 0x60, 0xC2, 0xDD, 0x84, 0x5B, 0x87, 0x83, 0x3F, 0xA2, 0xD4, 0x18, 0x0C,
    0x10, 0x75, 0xE2, 0xC0, 0xB5, 0x1E, 0x1B, 0x73, 0xF5, 0xC6, 0xB0, 0xE7, 0x81, 0x68, 0xD4, 0xF2,
    0x27, 0x29, 0xAF, 0xB5, 0x2C, 0xEC, 0x16, 0x9F, 0x9A, 0x97, 0x4B, 0xAA, 0x95, 0xE0, 0x86, 0x12,
    0x6B, 0x61, 0x96, 0x01, 0xA8, 0x51, 0x60, 0xE6, 0x66, 0x56, 0x0D, 0x6B, 0x9E, 0x97, 0x6D, 0xB5,
    0x29, 0x9C, 0x0F, 0xE2, 0x6E, 0xD9, 0x34, 0xE3, 0x01, 0xED, 0x20, 0x9B, 0x0E, 0x7A, 0x92, 0xF3,
    0xC4, 0xB4, 0xC2, 0x21, 0x16, 0x2E, 0x93, 0x8A, 0xFA, 0xFC, 0x1A, 0xAE, 0x94, 0x6C, 0xC4, 0x98,
    0xBC, 0xAF, 0x28, 0xEE, 0x41, 0xDF, 0x8A, 0x45, 0x8C, 0x6A, 0xC6, 0x1A, 0x8B, 0x55, 0x4E, 0x4C,
    0x9B, 0x63, 0x58, 0xA3, 0x4C, 0x5E, 0x5B, 0xF9, 0x04, 0xD7, 0x56, 0xD1, 0x18, 0xBF, 0xAA, 0x99,
    0xDD, 0xD3, 0x9F, 0x79, 0x06, 0x33, 0x07, 0x1A, 0xAD, 0x0E, 0xAC, 0x71, 0x36, 0x6B, 0xC7, 0x03,
    0x54, 0x30, 0xB1, 0x8F, 0x69, 0x6F, 0x6E, 0x0F, 0xC9, 0x2F, 0x46, 0xA8, 0x15, 0x5A, 0x35, 0x55,
    0x7B, 0x59, 0x49, 0x4A, 0x68, 0x8E, 0x20, 0xAF, 0xF8, 0xF0, 0x9B, 0x65, 0x15, 0xBB, 0xC2, 0x05,
    0x3E, 0xE8, 0x76, 0x03, 0xD9, 0xD7, 0x1B, 0xB6, 0x14, 0x8A, 0xDC, 0x04, 0x58, 0xB2, 0xB9, 0x67,
    0xAF, 0xFC, 0x3E, 0x0F, 0xA0, 0xE8, 0x24, 0x7D, 0xA6, 0x24, 0x3D, 0x97, 0x7A, 0x4B, 0xEB, 0x90,
    0x78, 0xA2, 0x51, 0x61, 0xF4, 0x6F, 0x8D, 0xC8, 0x8B, 0xC4, 0x78, 0x94, 0x70, 0x34, 0xC5, 0x42,
    0xAE, 0x2D, 0x5E, 0x59, 0x91, 0xC2, 0x6D, 0x63, 0xBC, 0x26, 0x5F, 0xBD, 0x36, 0x4A, 0xDC, 0x7B,
    0x98, 0x52, 0x66, 0x4E, 0xC8, 0x3D, 0x25, 0x69, 0x61, 0x14, 0x4A, 0x11, 0x7B, 0x54, 0x7E, 0x9C,
    0xF2, 0x2F, 0x9D, 0x69, 0x0D, 0x0A, 0x91, 0x04, 0x28, 0x34, 0xF6, 0xB6, 0x9B, 0x8E, 0x30, 0xDA,
    0x42, 0x08, 0x4E, 0x7E, 0xA6, 0xF7, 0x4D, 0x8C, 0xA9, 0x6C, 0xBE, 0xEA, 0x7D, 0x55, 0x13, 0x01,
    0xE4, 0xEC, 0xEF, 0x0B, 0x93, 0x08, 0xEE, 0x25, 0xA2, 0xC7, 0x45, 0x04, 0xC5, 0x5B, 0x90, 0x4F,
    0x4A, 0x92, 0x9F, 0xFE, 0xC1, 0x3F, 0x4D, 0x86, 0x2E, 0x5B, 0xC4, 0x37, 0xB2, 0x6A, 0xEC, 0x64,
    0xB6, 0x3D, 0x3B, 0xFA, 0x95, 0xD6, 0xB2, 0xD2, 0x21, 0xE4, 0x2B, 0xEB, 0x02, 0xBC, 0xB4, 0xC3,
    0x17, 0xBD, 0xBF, 0xC7, 0xAC, 0x60, 0x3B, 0x27, 0x3E, 0xA8, 0x04, 0x29, 0x1D, 0xF1, 0x5E, 0xE0,
    0x66, 0x2E, 0x1C, 0x66, 0x52, 0x56, 0x39, 0x08, 0x46, 0x19, 0x48, 0x91, 0x1E, 0xEE, 0xEB, 0x1F,
    0x93, 0x5D, 0x9A, 0x76, 0x2A, 0x09, 0x95, 0xCE, 0x3D, 0xA5, 0xCC, 0x9E, 0x58, 0xDA, 0xDB, 0xDB,
    0x5B, 0xC8, 0xCC, 0x46, 0x90, 0xBF, 0x7C, 0xEA, 0x1B, 0xD6, 0xCE, 0x5F, 0x01, 0xF9, 0x82, 0x0A,
    0x1C, 0x20, 0x91, 0xDD, 0xC3, 0x70, 0x37, 0x66, 0x6F, 0x7E, 0x01, 0xFE, 0xED, 0xAA, 0x91, 0x65,
    0x7A, 0xEC, 0xA2, 0x09, 0x4B, 0x3E, 0x06, 0x06, 0x78, 0x4D, 0xEE, 0x49, 0x03, 0x37, 0xA8, 0x2A,
    0x57, 0x7F, 0x3F, 0x8B, 0x39, 0x3D, 0x37, 0x86, 0x9A, 0xE6, 0xA2, 0xB6, 0x84, 0xF4, 0x04, 0x43,
    0xCD, 0xC8, 0x98, 0xE3, 0xBB, 0x2F, 0x89, 0xCF, 0xD7, 0x94, 0x03, 0x42, 0x80, 0xAC, 0x00, 0xC1,
    0xC3, 0x00, 0xA9, 0xE4, 0x37, 0xA4, 0x8A, 0x5D, 0x4E, 0x0F, 0xAF, 0x66, 0x5B, 0xDA, 0xD8, 0x45,
    0xC6, 0xB9, 0x94, 0xA2, 0xF9, 0x5F, 0x93, 0xC8, 0xF8, 0x50, 0x5C, 0x6B, 0x1C, 0xBB, 0xB7, 0x23,
    0x33, 0x79, 0xD8, 0xBF, 0xD5, 0xF2, 0x54, 0x58, 0x49, 0x7E, 0x8D, 0x2F, 0x4B, 0x3C, 0x3C, 0x1B,
    0x9F, 0xC5, 0x8F, 0x87, 0x0B, 0x41, 0xFD, 0xD4, 0x37, 0xC3, 0xC2, 0xAD, 0xE4, 0x56, 0x61, 0x53,
    0x01, 0x77, 0xE2, 0x7F, 0x34, 0xB8, 0xAB, 0x7E, 0x5D, 0xDC, 0x4F, 0xB2, 0x92, 0xAD, 0xF4, 0x37,
    0x29, 0x44, 0xEB, 0xC3, 0x8F, 0xF6, 0xAE, 0xFC, 0xA6, 0x9D, 0x48, 0xFA, 0x4B, 0x3A, 0xE6, 0xAA,
    0x79, 0x93, 0x5E, 0x80, 0x71, 0x44, 0x2E, 0x9A, 0xAD, 0xE5, 0x1D, 0x49, 0xB3, 0xF3, 0x90, 0x27,
    0x62, 0x25, 0xC9, 0x62, 0x59, 0xCB, 0x0D, 0x39, 0x7F, 0x53, 0x52, 0x58, 0xDE, 0x8F, 0x3F, 0xBA,
    0x36, 0xBE, 0x23, 0xFF, 0x88, 0x97, 0x61, 0xAB, 0x33, 0x6B, 0x65, 0xE9, 0x1B, 0xF3, 0xC3, 0xBE,
    0xEC, 0xCB, 0x22, 0x25, 0x14, 0x97, 0x38, 0xD0, 0x16, 0x8D, 0x6B, 0xC4, 0xAB, 0x7E, 0x4F, 0xC4,
    0xAF, 0xFE, 0x42, 0x24, 0xBB, 0x80, 0x99, 0xE3, 0xE0, 0x14, 0xE9, 0xFC, 0x0D, 0x92, 0x3F, 0x35,
    0x87, 0x38, 0xB0, 0x44, 0x7F, 0xF5, 0xE7, 0x9C, 0xFD, 0x7F, 0x54, 0xBF, 0xF8, 0x25, 0x16, 0x10,
    0x96, 0x38, 0x7D, 0xCA, 0xAB, 0x45, 0xC5, 0xDA, 0xA9, 0x62, 0x85, 0xAB, 0x98, 0x25, 0xAB, 0x58,
    0x46, 0x14, 0x68, 0x2B, 0x2C, 0x7D, 0xF5, 0x96, 0x51, 0xF9, 0xED, 0x00, 0xBF, 0x2D, 0xD2, 0x53,
    0xF3, 0xC1, 0x5F, 0xCF, 0x07, 0xDD, 0x7C, 0xD0, 0x12, 0xBF, 0x24, 0x9E, 0x1D, 0x44, 0x12, 0xB8,
    0x27, 0x16, 0xC2, 0x17, 0x25, 0x31, 0xDF, 0xF5, 0x6C, 0x56, 0xD6, 0xBA, 0xCC, 0x56, 0x36, 0x2E,
    0x17, 0x56, 0x89, 0x4F, 0x4B, 0xF6, 0x52, 0xFD, 0x6C, 0xEE, 0x9F, 0x43, 0x5B, 0x84, 0xE9, 0x4C,
    0xF4, 0x67, 0xD6, 0x83, 0x95, 0x9C, 0x3A, 0xB1, 0xE9, 0x5F, 0x73, 0x19, 0x9F, 0x5D, 0xD6, 0x05,
    0x39, 0xEA, 0x30, 0x8E, 0xA8, 0xE6, 0x90, 0xB7, 0xE5, 0xB2, 0x3D, 0xB5, 0x97, 0x68, 0x6E, 0xE0,
    0x79, 0x52, 0x6B, 0xA0, 0x0D, 0x60, 0x4B, 0xFE, 0xF2, 0xC9, 0xFE, 0x1B, 0xCE, 0xB0, 0x91, 0x4B,
    0x60, 0x5E, 0x70, 0x4C, 0x6B, 0x76, 0xF4, 0xB1, 0x4C, 0xB4, 0xE7, 0xB5, 0x7F, 0xB2, 0xD5, 0xE4,
    0x3C, 0xC3, 0x74, 0x45, 0xE9, 0xC4, 0x48, 0x6E, 0x44, 0x49, 0x7C, 0x23, 0xC1, 0x48, 0x12, 0x1E,
    0x92, 0xC4, 0x1F, 0x91, 0xA4, 0x1F, 0x90, 0x94, 0xEF, 0x92, 0xE8, 0xB7, 0x40, 0x5E, 0x19, 0x7D,
    0x90, 0x57, 0x07, 0x92, 0xEB, 0x1D, 0xC9, 0x7E, 0x4B, 0x52, 0xD6, 0x24, 0x5A, 0x90, 0x70, 0xC5,
    0xC6, 0xC3, 0x48, 0x06, 0x47, 0x46, 0x78, 0x95, 0xF0, 0x81, 0xE4, 0xDE, 0xB7, 0x39, 0x39, 0x6A,
    0x0D, 0xAC, 0x8F, 0xE6, 0x0F, 0x92, 0xCD, 0x7C, 0x4B, 0x71, 0xED, 0xAD, 0xB1, 0x72, 0xE1, 0xA2,
    0xA8, 0xBF, 0xE4, 0x70, 0x65, 0x5F, 0xD8, 0x12, 0x13, 0xD7, 0x14, 0x75, 0x33, 0xDB, 0xEF, 0x6B,
    0xE1, 0x70, 0x45, 0x8C, 0x88, 0x09, 0x31, 0x27, 0x6A, 0xE9, 0xF0, 0x5B, 0x63, 0xEE, 0xF0, 0xD9,
    0x01, 0xF8, 0x7C, 0x07, 0xDC, 0x6F, 0x81, 0x65, 0x05, 0xD4, 0x8C, 0xC8, 0x95, 0x19, 0xC2, 0xAE,
    0xAA, 0xEC, 0xD0, 0x28, 0xE8, 0x9F, 0x8D, 0xC9, 0xC8, 0x01, 0xA2, 0xC4, 0x11, 0xE0, 0xAD, 0xAD,
    0x45, 0xF6, 0x7E, 0xAC, 0x4D, 0x84, 0x64, 0x7C, 0x03, 0x3D, 0xB1, 0xDE, 0x06, 0xFB, 0x95, 0x00,
    0x5E, 0x65, 0x35, 0xF3, 0x68, 0x84, 0x02, 0xF2, 0x7F, 0xAC, 0x09, 0x39, 0x20, 0xAD, 0xE7, 0x23,
    0xD8, 0x14, 0xDE, 0xD2, 0x62, 0x2E, 0x37, 0x00, 0x6E, 0xCC, 0x4A, 0xAF, 0x9D, 0x3A, 0x19, 0xE5,
    0xB9, 0x87, 0x81, 0xDE, 0xA7, 0x74, 0x64, 0x0D, 0x50, 0x77, 0xEE, 0xBC, 0x16, 0xE4, 0x6B, 0x27,
    0xF0, 0x8C, 0xF7, 0xDA, 0x14, 0x69, 0xA8, 0x96, 0x87, 0xB6, 0xDD, 0x4C, 0x47, 0xE9, 0x57, 0xD3,
    0x63, 0x49, 0x43, 0x2D, 0xF3, 0xDB, 0xEF, 0x0F, 0xF9, 0x7B, 0xF7, 0x86, 0xFC, 0xC7, 0xDA, 0xCF,
    0x66, 0xA3, 0x2C, 0xFB, 0xE1, 0x6B, 0x95, 0xFB, 0xDD, 0x65, 0x6F, 0x97, 0x03, 0xF5, 0x6C, 0xFF,
    0x53, 0x6D, 0xD9, 0xFF, 0xF4, 0xB4, 0xF5, 0x29, 0x56, 0x47, 0xF9, 0xE5, 0x7F, 0x1F, 0xCA, 0xF7,
    0x74, 0x28, 0x7F, 0xAA, 0x7D, 0xF9, 0x89, 0xCE, 0xF6, 0x3F, 0x75, 0x79, 0xDD, 0xD1, 0xE2, 0x0F,
    0x5D, 0xF6, 0xAA, 0x9D, 0xF6, 0x3F, 0x12, 0x76, 0xDB, 0x19, 0x75, 0x2F, 0x8F, 0x72, 0x8B, 0xD5,
    0xE6, 0xF3, 0x66, 0x7A, 0x5D, 0xEA, 0xE6, 0xAF, 0xD4, 0xF9, 0xEF, 0xCE, 0xDE, 0x69, 0x14, 0xB2,
    0x10, 0xF7, 0x2D, 0xF2, 0x20, 0xB2, 0xCC, 0x26, 0xE6, 0x99, 0xF3, 0xEF, 0x8E, 0x07, 0x99, 0x9D,
    0xDF, 0x9D, 0xA1, 0xFB, 0xDE, 0xE4, 0xF1, 0xE0, 0x06, 0x26, 0x18, 0xF2, 0xB5, 0xC3, 0x17, 0x4C,
    0xC1, 0x6B, 0x19, 0xE7, 0x4E, 0xCC, 0x78, 0xCD, 0xC7, 0x00, 0x4D, 0x3D, 0x11, 0x3E, 0x7C, 0x93,
    0x57, 0xD4, 0x80, 0x01, 0xA0, 0x92, 0xDF, 0xDD, 0x07, 0x97, 0xE3, 0x19, 0xB3, 0x4F, 0xC6, 0x7E,
    0xE3, 0xE6, 0x13, 0xCF, 0xF0, 0x20, 0x07, 0xA2, 0xEE, 0xB4, 0x1B, 0xED, 0x60, 0x17, 0xC5, 0xC1,
    0x00, 0x68, 0xB8, 0x09, 0x5C, 0x7A, 0xE9, 0x7D, 0x78, 0xB0, 0x7C, 0xD7, 0xDA, 0x50, 0xE8, 0x43,
    0x0F, 0xBD, 0x9F, 0xE9, 0xAC, 0xEA, 0xEB, 0x2C, 0x9B, 0x42, 0x6B, 0xD3, 0x34, 0x3C, 0xF3, 0x43,
    0x6D, 0xC4, 0xF4, 0x26, 0x60, 0x7A, 0xE7, 0x75, 0x6D, 0xC4, 0xDC, 0x48, 0x4C, 0x49, 0x22, 0x51,
    0xEF, 0x28, 0x37, 0xC0, 0x14, 0x35, 0x89, 0xAF, 0x9E, 0x9A, 0xD6, 0xE5, 0x65, 0xE5, 0x7E, 0x34,
    0xBD, 0xAD, 0x9C, 0x4A, 0xF1, 0x47, 0xEA, 0x8A, 0x43, 0xCD, 0xA6, 0x6C, 0x43, 0x30, 0x2A, 0xC7,
    0x9E, 0xD9, 0x3D, 0x63, 0x05, 0x54, 0x76, 0x52, 0xF4, 0x89, 0x5A, 0x43, 0x3F, 0x50, 0x7E, 0xED,
    0xCA, 0xDB, 0xCA, 0xB5, 0x46, 0x9F, 0xD1, 0x80, 0xDB, 0x41, 0xF3, 0x42, 0x0D, 0xF9, 0x3C, 0xAD,
    0x63, 0xEE, 0x45, 0xB5, 0x26, 0x7B, 0x1B, 0x69, 0x0D, 0x0B, 0x5C, 0x53, 0x23, 0x22, 0xA5, 0x9F,
    0x91, 0x72, 0x23, 0x8C, 0x6D, 0x0B, 0xF6, 0xE9, 0xC6, 0x47, 0xAB, 0xE9, 0xBB, 0xD5, 0xBC, 0x33,
    0x59, 0x97, 0xB8, 0x45, 0x53, 0x50, 0xE3, 0xB4, 0xB6, 0x06, 0x80, 0x1D, 0x1A, 0xB5, 0xAC, 0x70,
    0xBD, 0xA6, 0x2D, 0x58, 0x41, 0xA5, 0x46, 0xB9, 0x52, 0x77, 0x27, 0x0F, 0xE2, 0x3B, 0xDD, 0xA3,
    0x63, 0x8C, 0x6A, 0x34, 0x08, 0x6A, 0x9C, 0xB4, 0x8E, 0xC4, 0x2A, 0x4C, 0xA7, 0x20, 0x07, 0x8F,
    0xCC, 0x4F, 0xF1, 0x12, 0x7C, 0x71, 0xC0, 0xA5, 0xF4, 0x2E, 0x0F, 0xC2, 0x35, 0x1E, 0x6D, 0xC0,
    0x32, 0x7A, 0x16, 0xA6, 0xB1, 0xF1, 0x74, 0x7F, 0xBF, 0xB3, 0xD5, 0x3E, 0xED, 0xE6, 0xFB, 0x73,
    0x09, 0xE1, 0xE8, 0xA7, 0x00, 0x7E, 0x96, 0xC6, 0x27, 0xED, 0xBC, 0x15, 0x84, 0x8C, 0xF7, 0xC7,
    0x93, 0x6B, 0x0D, 0x84, 0x24, 0x0E, 0xB4, 0xC5, 0x51, 0xEF, 0xE0, 0x3D, 0x3A, 0x17, 0xA9, 0x9C,
    0xE0, 0x2F, 0xA8, 0xB0, 0x2D, 0x03, 0x78, 0x00, 0xB3, 0x0B, 0x09, 0x1E, 0x0A, 0x32, 0x79, 0x05,
    0x16, 0x49, 0xE7, 0x20, 0xAF, 0x4D, 0xF9, 0xA5, 0xAF, 0xA8, 0xF9, 0xEB, 0x88, 0xBE, 0xD6, 0xCE,
    0xE2, 0xEF, 0x12, 0x47, 0xD7, 0x7B, 0x07, 0xAF, 0x8E, 0x0E, 0xBE, 0x67, 0xE3, 0xE3, 0x0E, 0x95,
    0x6C, 0x15, 0xDA, 0xEC, 0x60, 0xA5, 0x14, 0xBA, 0x9D, 0x0C, 0x68, 0x3A, 0xB7, 0xB3, 0x70, 0x1F,
    0x92, 0xF2, 0xBD, 0x1F, 0xAC, 0x1D, 0x5C, 0xEF, 0x1D, 0x68, 0x0B, 0xA8, 0x00, 0x99, 0x83, 0x51,
    0xA4, 0xFC, 0xB7, 0xC1, 0xC1, 0xBD, 0xD6, 0x81, 0x02, 0xD0, 0xF2, 0xF2, 0xFD, 0xB5, 0xA0, 0x08,
    0xC0, 0x0A, 0x37, 0x0E, 0xCA, 0x0E, 0x77, 0x19, 0xDC, 0x84, 0x59, 0x8D, 0x90, 0xBC, 0x50, 0xB8,
    0xA7, 0x15, 0x9A, 0xA5, 0xDF, 0x4F, 0x3A, 0xBD, 0x9E, 0xD7, 0x7A, 0x5D, 0x0B, 0x97, 0x5D, 0xED,
    0x07, 0x34, 0x08, 0xED, 0x41, 0x73, 0xD0, 0x1A, 0x97, 0xD7, 0x2E, 0x6B, 0xE6, 0x72, 0xA5, 0xD7,
    0xD3, 0x56, 0xBF, 0x1F, 0xF7, 0xAE, 0x1D, 0x23, 0x63, 0x46, 0x38, 0x80, 0x8D, 0x14, 0xEC, 0x4F,
    0x5C, 0x7B, 0x45, 0xF5, 0x55, 0x57, 0xE5, 0xFB, 0xCF, 0xF7, 0x12, 0xB7, 0x49, 0xEB, 0x20, 0xAF,
    0x25, 0xBE, 0x3F, 0x7F, 0x90, 0x66, 0x28, 0xE0, 0xC9, 0x5B, 0x3B, 0x48, 0x51, 0x24, 0x46, 0x61,
    0x1A, 0xE5, 0x04, 0xA6, 0x5D, 0x2D, 0x62, 0xD7, 0xD8, 0x1A, 0x77, 0xC6, 0xED, 0xE3, 0xFE, 0x98,
    0xED, 0x44, 0x0F, 0x18, 0x0C, 0x36, 0x3F, 0x94, 0x35, 0x56, 0xDD, 0x2C, 0xA4, 0x69, 0x78, 0x1F,
    0x0D, 0x0E, 0x92, 0xD6, 0x01, 0xE4, 0x94, 0x87, 0x9A, 0xD9, 0x26, 0x2B, 0xFC, 0x85, 0xA2, 0xB0,
    0x56, 0xF8, 0xA1, 0x71, 0x10, 0x77, 0x0E, 0xC2, 0xB5, 0x83, 0x40, 0x1D, 0x88, 0xD2, 0x76, 0xA2,
    0x51, 0xC5, 0xF8, 0x73, 0x48, 0x73, 0x1B, 0xAA, 0x80, 0x14, 0x43, 0xD0, 0xC6, 0xA0, 0x0D, 0x42,
    0x1B, 0x85, 0x36, 0x0C, 0x6D, 0x1C, 0x62, 0x20, 0x02, 0x95, 0x88, 0x17, 0x62, 0x63, 0xD1, 0x06,
    0xA3, 0x8D, 0x46, 0x1B, 0x8E, 0x1C, 0x8F, 0xC0, 0x68, 0x00, 0x06, 0x0A, 0xF4, 0x94, 0xE3, 0x5E,
    0xEB, 0xAD, 0x27, 0x02, 0x93, 0x46, 0xF6, 0xEC, 0x89, 0xE9, 0x6D, 0xDC, 0x07, 0xAA, 0x39, 0x48,
    0x54, 0x3B, 0xE0, 0xBD, 0x86, 0xD8, 0x02, 0x59, 0x87, 0x94, 0xF5, 0x81, 0x41, 0x29, 0xD0, 0x66,
    0x64, 0xDC, 0x02, 0xC3, 0x01, 0xE8, 0x9B, 0x52, 0xB8, 0x39, 0x3D, 0x52, 0xD7, 0xE5, 0x50, 0x55,
    0x17, 0x78, 0x8A, 0x6B, 0xB5, 0x3D, 0x8E, 0x64, 0x4B, 0x4F, 0x81, 0x66, 0xA5, 0xF2, 0x10, 0x50,
    0x5D, 0xC0, 0x9D, 0xAB, 0x27, 0x95, 0xD3, 0xE1, 0x08, 0x30, 0xA5, 0x77, 0x81, 0xFF, 0x06, 0x6B,
    0xD7, 0x1D, 0xC7, 0x33, 0xEE, 0x95, 0x1D, 0x88, 0x0A, 0xEA, 0x83, 0xB8, 0xDE, 0xB3, 0x76, 0xCC,
    0xA8, 0xBA, 0x44, 0x6B, 0x34, 0x7E, 0xFD, 0x54, 0xCC, 0x6D, 0x35, 0x25, 0x2D, 0x4E, 0xA2, 0x95,
    0x9C, 0x9A, 0x1E, 0xBC, 0x6E, 0x54, 0xB5, 0x9E, 0x68, 0x3F, 0xD1, 0x35, 0xE9, 0x9D, 0x5B, 0x6A,
    0xE5, 0x03, 0x2D, 0x48, 0x45, 0x2B, 0xA3, 0xF9, 0x44, 0xD3, 0x7A, 0x17, 0x5D, 0xCA, 0x1A, 0xD5,
    0xE8, 0xE4, 0x8C, 0xFF, 0xF4, 0x2D, 0xB5, 0x45, 0x59, 0xD7, 0x13, 0xED, 0x8C, 0xF2, 0x67, 0x93,
    0x9B, 0x82, 0x2D, 0x5D, 0x20, 0x8C, 0xB7, 0x80, 0x45, 0x74, 0x1C, 0xB5, 0x27, 0x6A, 0x46, 0xAC,
    0x1C, 0xDE, 0x57, 0x32, 0x3E, 0x49, 0x07, 0x8C, 0x7A, 0xE0, 0x6A, 0xD8, 0x46, 0x3C, 0xC6, 0x30,
    0xEC, 0x37, 0xA2, 0x66, 0x77, 0x95, 0xD8, 0x22, 0x00, 0xCC, 0xCC, 0x27, 0x7C, 0x91, 0x2E, 0xB1,
    0x25, 0x25, 0x30, 0x60, 0x87, 0x87, 0xFA, 0x0F, 0x99, 0x98, 0xF3, 0x17, 0x59, 0xA6, 0x5A, 0xD2,
    0x16, 0x8B, 0x78, 0x5A, 0xC7, 0xBA, 0x76, 0x98, 0x7C, 0xAC, 0x14, 0x77, 0x2E, 0x31, 0xAD, 0xB7,
    0xB0, 0x4D, 0x7E, 0x02, 0xAF, 0xE9, 0xE8, 0xE7, 0xF0, 0x9A, 0xC6, 0xB5, 0x10, 0x7A, 0x52, 0x03,
    0xAE, 0x77, 0x4D, 0xDB, 0x5F, 0x49, 0x48, 0x94, 0x2F, 0x9F, 0x07, 0xCE, 0xC9, 0x78, 0xB6, 0x95,
    0xF9, 0xDB, 0x61, 0x69, 0x3E, 0xA4, 0x0F, 0x6B, 0x82, 0xB7, 0x88, 0x81, 0x77, 0x1B, 0x3D, 0xF2,
    0xBD, 0x21, 0x2D, 0x1C, 0x24, 0x45, 0x09, 0xED, 0x79, 0x0E, 0x48, 0xEB, 0xB1, 0x94, 0xA4, 0x87,
    0x50, 0xDC, 0x76, 0x52, 0xFC, 0x4C, 0x02, 0x2C, 0x80, 0x92, 0x1C, 0xF3, 0x6E, 0xF6, 0x96, 0xDE,
    0xCD, 0xFC, 0x96, 0xA7, 0x27, 0x09, 0xCD, 0xAA, 0xCD, 0xD1, 0xC9, 0x42, 0x33, 0x7A, 0x37, 0x97,
    0x4B, 0xEF, 0x66, 0x0C, 0x82, 0x7F, 0xE1, 0xFB, 0x07, 0xC4, 0xC5, 0x04, 0x81, 0x12, 0x6C, 0x47,
    0x69, 0x29, 0xD7, 0x6C, 0xE1, 0xC2, 0xD0, 0xF2, 0x39, 0xBB, 0x85, 0x66, 0xEB, 0xAB, 0x28, 0x5B,
    0xAD, 0xD8, 0x3E, 0x2C, 0x1B, 0xF5, 0x4E, 0x46, 0x88, 0xF3, 0xEA, 0x01, 0x38, 0x03, 0x67, 0x6A,
    0xED, 0x01, 0xC3, 0x36, 0xC8, 0xEA, 0xA1, 0x60, 0x73, 0x79, 0x3D, 0xE7, 0x8B, 0xD7, 0x3E, 0x79,
    0x01, 0xBC, 0xDF, 0xC3, 0xF3, 0x34, 0x02, 0x2C, 0xEF, 0x28, 0xF4, 0xAB, 0x37, 0x4B, 0x6E, 0x3B,
    0x1A, 0x49, 0x1B, 0x53, 0xF9, 0x74, 0x64, 0x89, 0x7C, 0x15, 0xAA, 0xB1, 0x7C, 0xB0, 0xBE, 0x54,
    0x59, 0x19, 0x3B, 0x92, 0x62, 0xA8, 0xC5, 0xE6, 0xDE, 0xBC, 0x11, 0x6B, 0xAE, 0x4F, 0x05, 0x5A,
    0x91, 0xC5, 0x82, 0x8E, 0xB8, 0xA1, 0x92, 0xC0, 0x9D, 0x8C, 0xBB, 0x70, 0x80, 0x3F, 0x43, 0x4F,
    0x17, 0x05, 0x28, 0xF5, 0x5A, 0xF1, 0xC7, 0x14, 0xE6, 0x41, 0xD4, 0xEC, 0xD9, 0xFE, 0x25, 0xC3,
    0x73, 0x97, 0x9A, 0xBD, 0xE1, 0x54, 0x5D, 0xFD, 0xB9, 0xDB, 0x76, 0xFE, 0xAD, 0xF1, 0x4D, 0x4E,
    0xB3, 0x2D, 0x90, 0xD5, 0xA3, 0x6F, 0x5B, 0xA4, 0xDA, 0x6F, 0xC1, 0x39, 0x58, 0xA8, 0x3E, 0xD0,
    0xB6, 0xB4, 0x06, 0x49, 0x66, 0x0D, 0xA2, 0x69, 0x19, 0xA9, 0x32, 0xB4, 0x8D, 0xD8, 0xB7, 0x47,
    0x87, 0xA5, 0x71, 0x0D, 0xCA, 0x89, 0xC6, 0xCD, 0x62, 0x38, 0xE9, 0x64, 0x8B, 0x59, 0x3F, 0x6B,
    0xAB, 0xB6, 0xF9, 0xA8, 0x93, 0xE9, 0x35, 0x2F, 0x75, 0xEA, 0x7C, 0x33, 0x6A, 0x81, 0x95, 0xEE,
    0x96, 0x54, 0x8D, 0x25, 0xD4, 0x6E, 0xD8, 0x75, 0x92, 0x7E, 0x3A, 0x82, 0xC2, 0x19, 0x38, 0xE9,
    0xA8, 0xE4, 0x8F, 0x06, 0x98, 0x06, 0xC1, 0xF0, 0x39, 0x9F, 0xFD, 0x56, 0x52, 0xCA, 0xE4, 0x95,
    0xB5, 0x34, 0xCB, 0x6B, 0xFB, 0xD6, 0xFA, 0x4A, 0xFF, 0xBD, 0xE8, 0xF0, 0x4A, 0x34, 0x84, 0xDA,
    0xBA, 0x1E, 0x55, 0xF7, 0x26, 0x3D, 0xD6, 0x35, 0x3A, 0x19, 0x30, 0x9A, 0x31, 0x45, 0xDD, 0x21,
    0x49, 0xB7, 0x24, 0x2C, 0xF3, 0xC8, 0xC8, 0xFD, 0x83, 0x5B, 0x93, 0x8B, 0x90, 0xF6, 0x0F, 0x10,
    0xA4, 0xF0, 0xD4, 0x84, 0x33, 0xFD, 0xFD, 0x9E, 0x38, 0x4C, 0x78, 0x51, 0xEF, 0x3C, 0xC7, 0xC5,
    0x3E, 0xFC, 0x6C, 0xF8, 0x77, 0x57, 0x81, 0xA8, 0xC4, 0x02, 0x31, 0x00, 0x1E, 0x8A, 0xFE, 0xEB,
    0x1B, 0xEE, 0x25, 0xFD, 0x4C, 0x58, 0x0B, 0x66, 0xDB, 0xE1, 0x77, 0xD4, 0xA1, 0xAA, 0xC3, 0x88,
    0xE8, 0xEB, 0xDA, 0xA4, 0x96, 0x27, 0xA0, 0x36, 0xC4, 0x76, 0x89, 0xA7, 0xE5, 0x22, 0x53, 0xEE,
    0x22, 0x77, 0x41, 0x4A, 0x68, 0x2E, 0x29, 0x6B, 0x23, 0x11, 0xC0, 0xD7, 0x0F, 0x8E, 0x99, 0x82,
    0x6E, 0x83, 0xC8, 0x4E, 0x38, 0x48, 0x2B, 0x81, 0xE1, 0x9A, 0x24, 0x3B, 0xE0, 0x87, 0x0B, 0x68,
    0x01, 0x23, 0x2C, 0x55, 0xD4, 0x41, 0x08, 0xF0, 0x74, 0xDC, 0x6F, 0x45, 0xBA, 0xC4, 0xC1, 0x0F,
    0x97, 0xF0, 0x22, 0x40, 0x26, 0x38, 0xB1, 0x45, 0xEF, 0xBE, 0x0C, 0x0B, 0xB2, 0xDB, 0x33, 0xFC,
    0xF7, 0xBD, 0xA9, 0x59, 0xB1, 0x35, 0xEB, 0x2E, 0x26, 0xED, 0xED, 0x05, 0x6C, 0x5A, 0x69, 0xAE,
    0x13, 0x0F, 0x87, 0x7F, 0x9D, 0xC6, 0x07, 0xA1, 0x2A, 0x15, 0xA2, 0xA2, 0x46, 0x4A, 0xAA, 0x9E,
    0x4F, 0x0D, 0xA6, 0xF0, 0xDD, 0x91, 0x9F, 0xD3, 0x4C, 0x73, 0xBA, 0x34, 0x77, 0x7A, 0x98, 0xF7,
    0x5A, 0x47, 0x03, 0x6C, 0xDF, 0xB5, 0x38, 0x5D, 0x96, 0x39, 0x99, 0x1D, 0xAA, 0x29, 0xEE, 0x38,
    0xBE, 0x7B, 0x9C, 0xBB, 0x7F, 0x6B, 0xCD, 0xC0, 0x22, 0xBE, 0xCA, 0xD7, 0x51, 0x58, 0xB3, 0xD2,
    0xD6, 0x00, 0xCC, 0x7D, 0x32, 0x3F, 0xF7, 0x0F, 0x0E, 0xD4, 0x11, 0xA4, 0x3A, 0x37, 0x12, 0x1A,
    0x99, 0xC7, 0x13, 0x4A, 0x82, 0xF4, 0x1B, 0xF5, 0x8C, 0xC7, 0x7B, 0x4A, 0x4C, 0x2D, 0xF2, 0x55,
    0xC5, 0xF3, 0x16, 0xDE, 0xC7, 0x3E, 0xAE, 0x5E, 0x0A, 0xDB, 0x6D, 0x0D, 0x11, 0xA5, 0x99, 0x06,
    0x78, 0xA9, 0x73, 0xAB, 0x35, 0xEC, 0x1F, 0x28, 0x64, 0x4A, 0x9F, 0xEF, 0x80, 0x6A, 0xD1, 0x31,
    0x80, 0x21, 0xD1, 0x6A, 0x80, 0x0A, 0x00, 0x07, 0xB1, 0x05, 0xE8, 0x37, 0x78, 0x07, 0xAC, 0x32,
    0x86, 0xF1, 0x26, 0x4E, 0xCE, 0x13, 0xEE, 0x0C, 0x7F, 0x57, 0x67, 0x34, 0xF3, 0xEC, 0x3C, 0x1D,
    0x41, 0x7A, 0x5C, 0xDD, 0xE6, 0xE3, 0x70, 0x27, 0x7A, 0x6F, 0x70, 0xA1, 0xB4, 0xBF, 0x15, 0xC3,
    0x53, 0x9E, 0xE2, 0x0F, 0xFD, 0xB1, 0xB9, 0x0A, 0x76, 0x6A, 0x17, 0xA7, 0xCF, 0x52, 0x5A, 0x80,
    0xC6, 0x8D, 0x66, 0xA0, 0x91, 0x8E, 0xD3, 0xCB, 0xEA, 0x41, 0xCC, 0x7B, 0x63, 0x93, 0x7E, 0x69,
    0x62, 0xA6, 0xF9, 0xAF, 0x9F, 0xBF, 0xC9, 0x3D, 0x35, 0x57, 0x5B, 0x9F, 0xDF, 0xB2, 0x69, 0x1D,
    0xB7, 0x45, 0x7C, 0x39, 0x11, 0x1E, 0xBB, 0x4F, 0xFF, 0x14, 0x83, 0xCC, 0xA3, 0x61, 0xFE, 0x48,
    0x09, 0xCC, 0xB6, 0x60, 0x91, 0xE1, 0xC7, 0x20, 0x5F, 0x31, 0x23, 0x5F, 0xF0, 0x7C, 0xB9, 0xEA,
    0x0D, 0xC0, 0x7A, 0xE2, 0xF5, 0xEF, 0x5E, 0xD5, 0x1A, 0x77, 0x99, 0x43, 0x63, 0x59, 0x60, 0xB3,
    0xB0, 0x7F, 0x00, 0xE6, 0x21, 0x17, 0x03, 0xF2, 0x56, 0xC2, 0xB7, 0x68, 0xBC, 0xA4, 0x85, 0x83,
    0xD1, 0x76, 0x5F, 0x53, 0x70, 0x80, 0x70, 0xED, 0x5E, 0x61, 0x5F, 0x16, 0x79, 0x83, 0x2E, 0x87,
    0xF3, 0x61, 0x09, 0x99, 0x1F, 0xBE, 0xAC, 0x16, 0xC1, 0xD0, 0x74, 0x3B, 0x77, 0xCB, 0xC1, 0xCA,
    0x06, 0xA3, 0xEB, 0x6A, 0x97, 0x3D, 0x45, 0x36, 0xF5, 0x7C, 0x30, 0x92, 0xE9, 0xBC, 0x5C, 0x0E,
    0x64, 0xD6, 0x12, 0x4C, 0x51, 0x1B, 0x4F, 0xDC, 0xAB, 0xCD, 0x18, 0x6F, 0x61, 0xD2, 0xAC, 0x80,
    0x35, 0x30, 0x35, 0xAC, 0x8E, 0x30, 0x27, 0x96, 0x86, 0x05, 0x50, 0xB3, 0x2D, 0x14, 0x87, 0x1E,
    0x31, 0x18, 0x81, 0x57, 0xD7, 0xB2, 0xD2, 0x51, 0x07, 0x62, 0xE7, 0x70, 0x6D, 0x86, 0x30, 0xB0,
    0x3D, 0x09, 0xB6, 0xB6, 0xCB, 0xD1, 0xD6, 0xD2, 0x6C, 0x4B, 0x41, 0x5E, 0x1F, 0xF1, 0x34, 0x60,
    0x77, 0xB7, 0x50, 0xF7, 0x88, 0x72, 0x22, 0x7A, 0x23, 0xD0, 0x5F, 0x03, 0x03, 0xE2, 0x6A, 0x00,
    0xBE, 0xD6, 0x03, 0xB5, 0x13, 0xD5, 0x42, 0x5B, 0x87, 0x99, 0xE9, 0x29, 0x50, 0x93, 0xF2, 0x41,
    0xCD, 0xA3, 0x3F, 0x2C, 0xF4, 0x8F, 0x9F, 0x27, 0xB0, 0xE6, 0xA9, 0xAF, 0xB5, 0x35, 0xD0, 0x20,
    0x9F, 0x94, 0x36, 0x97, 0xDF, 0x62, 0xEC, 0x16, 0x15, 0x07, 0xDB, 0x4A, 0x1B, 0xF4, 0xFC, 0x89,
    0x59, 0x75, 0x93, 0x21, 0x03, 0xDA, 0x55, 0x4E, 0x04, 0x99, 0xAA, 0x89, 0x5E, 0xFE, 0xB9, 0xEC,
    0x26, 0x4D, 0x0F, 0x55, 0xD9, 0x48, 0x8F, 0x51, 0x12, 0xD8, 0x1D, 0x93, 0x04, 0xF2, 0xF5, 0x27,
    0x35, 0x70, 0x36, 0xFB, 0x02, 0x9A, 0x62, 0x7A, 0xB6, 0x08, 0x7D, 0x24, 0x92, 0x40, 0x7E, 0x08,
    0xE9, 0x91, 0x72, 0xB4, 0x39, 0x68, 0xEC, 0x2B, 0x8B, 0x4D, 0xFD, 0x86, 0x87, 0x3B, 0x15, 0xB4,
    0x80, 0xF1, 0x3B, 0x13, 0x0F, 0x17, 0x6D, 0xF1, 0x70, 0x92, 0x2C, 0x60, 0x72, 0x2B, 0x5B, 0x82,
    0xCB, 0x3B, 0x61, 0xE6, 0x5E, 0xF3, 0x13, 0x32, 0xCE, 0x83, 0x6D, 0x4D, 0x55, 0x15, 0xCF, 0x34,
    0x9E, 0xD5, 0x9B, 0x2C, 0x7C, 0x74, 0x3B, 0xCB, 0xF1, 0x7C, 0x30, 0x05, 0x2D, 0x14, 0x8B, 0x5A,
    0xC8, 0xE1, 0xA0, 0x8E, 0x8C, 0x46, 0x54, 0x7C, 0x10, 0x46, 0x2E, 0x14, 0x0B, 0x5D, 0x28, 0x16,
    0xBB, 0x50, 0x2C, 0x78, 0xA1, 0x58, 0xF4, 0x42, 0xB1, 0xF0, 0x85, 0x62, 0xF1, 0x0B, 0xC5, 0x02,
    0x18, 0x8A, 0x45, 0x30, 0x14, 0x0B, 0x61, 0x28, 0x88, 0x61, 0x08, 0x52, 0xE8, 0x40, 0x52, 0xF6,
    0xD0, 0xBF, 0x14, 0x79, 0x47, 0x92, 0xB6, 0x81, 0x5A, 0x20, 0x43, 0x9D, 0xCC, 0x1A, 0xFA, 0x05,
    0x63, 0xD1, 0x9E, 0x60, 0xD6, 0x50, 0x56, 0x47, 0x52, 0xAC, 0x50, 0x33, 0xD4, 0x3F, 0x02, 0x59,
    0x4B, 0x0C, 0x32, 0x4A, 0x0A, 0x52, 0x4A, 0x5A, 0x3A, 0x92, 0x67, 0x25, 0x49, 0xB5, 0x06, 0xB9,
    0x76, 0x7B, 0x00, 0x79, 0xFE, 0x3F, 0x7B, 0x90, 0xE7, 0x7E, 0xDE, 0x39, 0x82, 0x80, 0x21, 0x20,
    0xDF, 0xD6, 0x06, 0xE4, 0x5B, 0x5A, 0x81, 0x64, 0x8E, 0x68, 0xE6, 0x48, 0x51, 0x2A, 0x6C, 0x20,
    0xA4, 0x5C, 0x6A, 0xDD, 0x46, 0xA2, 0xBF, 0x30, 0xC9, 0x98, 0xC8, 0xF9, 0xD7, 0x3F, 0x37, 0x97,
    0x40, 0x26, 0x01, 0x9D, 0x85, 0x56, 0xFF, 0xC4, 0x56, 0x3D, 0x33, 0x7C, 0xE8, 0x16, 0xB6, 0xEE,
    0x4F, 0x38, 0x6A, 0x2F, 0x16, 0xFB, 0xA0, 0x47, 0xEC, 0x85, 0xFD, 0xC6, 0xA3, 0xD7, 0x8B, 0xD9,
    0xCF, 0xCF, 0x4C, 0x67, 0x64, 0x7E, 0x15, 0x6D, 0x70, 0x23, 0x31, 0x69, 0x13, 0xF2, 0xFE, 0x03,
    0x11, 0x97, 0x2A, 0x8B, 0xB8, 0x54, 0x6E, 0x22, 0x2E, 0xFD, 0x6F, 0x17, 0xEA, 0x2B, 0x1D, 0x8D,
    0x60, 0xE3, 0x8C, 0xF5, 0x7F, 0x77, 0x30, 0xE4, 0x19, 0x1B, 0x19, 0x5F, 0x94, 0x1E, 0x68, 0xE3,
    0x0C, 0xFE, 0x5A, 0xC8, 0x7E, 0x13, 0x0B, 0xD2, 0x99, 0xB5, 0x5E, 0x12, 0x63, 0xD2, 0x72, 0x23,
    0xA5, 0x11, 0x25, 0xF1, 0xA1, 0x7F, 0xC3, 0x90, 0x23, 0x09, 0x7B, 0x92, 0xA8, 0x03, 0x81, 0x4E,
    0xED, 0xFE, 0xC1, 0x0D, 0x88, 0x92, 0xED, 0xDB, 0x4C, 0x52, 0x16, 0x24, 0x8A, 0x70, 0x10, 0xE2,
    0xDB, 0xAD, 0x02, 0x23, 0xD6, 0x5C, 0xD4, 0x0E, 0x97, 0xBB, 0xEC, 0x2E, 0xBF, 0x09, 0xA3, 0x7F,
    0x0B, 0x11, 0x0A, 0xA2, 0x05, 0xC9, 0xA6, 0x75, 0xEB, 0xD0, 0x0C, 0xB3, 0x4B, 0xED, 0x78, 0xB9,
    0xAE, 0x25, 0x28, 0x92, 0xD1, 0xD7, 0x59, 0x53, 0xCE, 0xDB, 0x95, 0x99, 0x77, 0x8B, 0x3C, 0x78,
    0x04, 0xD4, 0x22, 0x1D, 0x6F, 0x81, 0xA0, 0xE1, 0x9C, 0xC7, 0x24, 0x5A, 0x24, 0x03, 0xFF, 0x97,
    0xAB, 0x7C, 0x05, 0x06, 0x91, 0xAA, 0x98, 0xC2, 0xBD, 0x3B, 0x82, 0xBE, 0x9E, 0x6E, 0x25, 0x17,
    0xB8, 0x1A, 0x62, 0x56, 0xA4, 0x45, 0x9E, 0x61, 0x46, 0x44, 0xBA, 0xB6, 0xD9, 0x70, 0xF1, 0x88,
    0x7B, 0xD8, 0xCA, 0xD9, 0xF1, 0xC8, 0x6D, 0x07, 0x28, 0x33, 0x67, 0x3B, 0x77, 0xBC, 0x4C, 0xB6,
    0x7D, 0x1F, 0xFF, 0xE6, 0xF9, 0x1B, 0x6E, 0x78, 0x37, 0xC1, 0x3A, 0xAF, 0x17, 0xC3, 0x7B, 0x19,
    0x23, 0x01, 0xE1, 0x7F, 0xBA, 0xB4, 0xA6, 0x9B, 0xC9, 0x72, 0x65, 0xDE, 0x92, 0x29, 0x27, 0xBD,
    0x30, 0x46, 0x42, 0x60, 0x31, 0x12, 0xEA, 0xAD, 0x60, 0x14, 0xFB, 0x66, 0x05, 0x6E, 0x16, 0xB2,
    0x78, 0x4C, 0x32, 0x1E, 0x80, 0x87, 0xCB, 0x70, 0xD1, 0x05, 0x99, 0x2D, 0xEA, 0x46, 0xEB, 0x79,
    0x43, 0x0E, 0x86, 0x93, 0xD0, 0xA2, 0xAB, 0xA6, 0x15, 0xCA, 0x9B, 0xC0, 0x2F, 0xEE, 0x20, 0x34,
    0x8C, 0xE6, 0x88, 0xAA, 0x78, 0xB4, 0xC3, 0xEC, 0xD8, 0x4E, 0x91, 0xDA, 0x07, 0xD5, 0xCC, 0xE5,
    0xFA, 0x77, 0x66, 0xF3, 0x00, 0x3E, 0x3C, 0x5C, 0xB6, 0xAA, 0x08, 0x07, 0xE8, 0xE3, 0x53, 0x78,
    0xE9, 0xD9, 0x96, 0xB0, 0xF0, 0xD4, 0xB6, 0x7E, 0x92, 0x3C, 0xD3, 0x51, 0x07, 0x39, 0x6C, 0x30,
    0xDE, 0xD8, 0x22, 0x7E, 0x81, 0xDA, 0x1B, 0x34, 0x09, 0x4C, 0x99, 0x0A, 0x64, 0xBF, 0xB9, 0x2C,
    0x72, 0x96, 0x7D, 0x20, 0x51, 0xF1, 0x8E, 0x18, 0x6F, 0x33, 0x2E, 0x68, 0x58, 0xBC, 0x2D, 0x73,
    0xFA, 0x25, 0xDC, 0xDA, 0x49, 0x1F, 0x56, 0xE4, 0x9C, 0xA3, 0xE6, 0x88, 0xC8, 0xDB, 0x38, 0x89,
    0xF4, 0xE4, 0xF6, 0x74, 0x81, 0x7B, 0x83, 0x61, 0x9B, 0x67, 0xC8, 0x41, 0x6D, 0x6F, 0xF3, 0x51,
    0x06, 0xEF, 0x5E, 0x35, 0x4F, 0xC3, 0x09, 0x39, 0x8B, 0x96, 0xCF, 0x3B, 0x93, 0x58, 0x71, 0xD8,
    0x9B, 0x2D, 0x81, 0x5E, 0x75, 0x8D, 0x29, 0x41, 0xCD, 0x1C, 0x38, 0xE9, 0x78, 0xCA, 0x94, 0x8D,
    0x80, 0x0E, 0x30, 0x40, 0xCD, 0xB8, 0x1D, 0x47, 0x92, 0x70, 0x01, 0xEF, 0xF7, 0xE9, 0x2B, 0xFB,
    0x23, 0x6A, 0x36, 0x00, 0x5A, 0xB9, 0xA4, 0x63, 0x66, 0xA1, 0x20, 0x12, 0xD5, 0x61, 0xCE, 0xE7,
    0xF6, 0xE0, 0x30, 0x99, 0xD7, 0xE4, 0xBD, 0x57, 0x6B, 0x7B, 0x0C, 0x2A, 0xAB, 0xA3, 0xC9, 0xDB,
    0xF9, 0x9C, 0x64, 0x10, 0xFE, 0x18, 0x8C, 0x78, 0x10, 0x32, 0x8E, 0xBF, 0xE6, 0x2A, 0x96, 0x1E,
    0x94, 0x03, 0x6E, 0xEF, 0x72, 0x45, 0x05, 0xE0, 0xD7, 0x0F, 0x6E, 0x5A, 0xBC, 0x71, 0x83, 0x8B,
    0x7B, 0x57, 0x1E, 0x73, 0xBC, 0x71, 0xFF, 0xE0, 0x20, 0x83, 0xB6, 0x15, 0xD9, 0xB9, 0x19, 0x9C,
    0x4D, 0x74, 0x8A, 0xA7, 0x7D, 0x3A, 0x91, 0xF7, 0x13, 0x5C, 0xF6, 0x8D, 0x29, 0x7D, 0xDC, 0x4D,
    0x5B, 0xF2, 0x1D, 0x58, 0x93, 0xCE, 0xA6, 0x79, 0xF6, 0xED, 0x82, 0x66, 0x99, 0xDF, 0xAD, 0xE5,
    0x57, 0x6B, 0xB7, 0xA7, 0x27, 0x62, 0x99, 0x5A, 0xE8, 0xEE, 0xA4, 0x97, 0xD5, 0xC8, 0x90, 0xDE,
    0x3A, 0xF9, 0x7B, 0xDA, 0x90, 0xDA, 0x85, 0x56, 0xC6, 0xCA, 0x27, 0x1D, 0xAE, 0x9D, 0x43, 0x80,
    0xFF, 0x97, 0xEE, 0xF6, 0xF4, 0xF4, 0xBA, 0xA8, 0x08, 0x86, 0xA4, 0x42, 0xC6, 0xB1, 0x58, 0x5A,
    0x46, 0xE5, 0xEB, 0xE3, 0x21, 0x6D, 0xE6, 0xA8, 0x7C, 0xC8, 0xBE, 0x22, 0xE3, 0x18, 0xE7, 0xF0,
    0x5B, 0x72, 0x3C, 0x0E, 0xE7, 0xFF, 0x43, 0x7F, 0xD6, 0xC5, 0x5B, 0x05, 0x2E, 0xDE, 0xEA, 0x13,
    0x6E, 0xEF, 0xEE, 0xB7, 0x9A, 0xC9, 0x19, 0xF6, 0x41, 0x58, 0x7F, 0x17, 0xDF, 0x7D, 0x9D, 0x60,
    0x55, 0x7D, 0x53, 0x98, 0x9E, 0x44, 0x6C, 0xDE, 0xC4, 0xEB, 0x04, 0x1B, 0x66, 0xE4, 0xCB, 0xEE,
    0x18, 0xE9, 0xCC, 0x02, 0x9C, 0xED, 0xFE, 0xEC, 0x3E, 0xD6, 0xE0, 0xEC, 0x2F, 0xA1, 0x1A, 0xA5,
    0xB6, 0x06, 0xA8, 0xC6, 0x13, 0x8B, 0xDD, 0x33, 0x7D, 0xB3, 0x9F, 0xED, 0x01, 0x8B, 0x6F, 0xF6,
    0x13, 0xE8, 0x97, 0xEF, 0x06, 0x0D, 0x1A, 0xD8, 0x4D, 0xF0, 0xCD, 0xB9, 0x2E, 0x4F, 0xAC, 0x73,
    0xE4, 0xE2, 0xEF, 0xBB, 0x8A, 0xE9, 0xB5, 0x56, 0xFC, 0x35, 0x02, 0xA7, 0x74, 0xA5, 0xFB, 0xE5,
    0x76, 0x0F, 0x6E, 0xE4, 0xC9, 0x8C, 0x1C, 0xBA, 0xAA, 0xC7, 0x1F, 0x8F, 0xD8, 0x41, 0xE0, 0x95,
    0x45, 0x8D, 0x78, 0x7D, 0x92, 0xB9, 0x5F, 0xE7, 0xAD, 0x0A, 0xA3, 0x86, 0x99, 0xFA, 0xB6, 0xF6,
    0x27, 0x5B, 0x8A, 0xA8, 0x5D, 0x99, 0x07, 0x38, 0x5C, 0xAE, 0x5B, 0xDB, 0x18, 0xFB, 0xF0, 0x00,
    0x97, 0x23, 0x0F, 0xF0, 0xBC, 0x9C, 0x6D, 0x29, 0x12, 0x4E, 0xD1, 0x61, 0x06, 0x93, 0xD4, 0xCF,
    0x86, 0x49, 0x5F, 0x37, 0xAB, 0x83, 0x62, 0x8E, 0x96, 0x09, 0xAF, 0x33, 0x2E, 0x32, 0xC1, 0x90,
    0xD4, 0x06, 0x5E, 0x17, 0x16, 0xB2, 0x49, 0x8F, 0x2F, 0xF6, 0x3D, 0xD6, 0xFD, 0xA0, 0x4F, 0x2B,
    0x64, 0xAF, 0xE5, 0xBA, 0x7F, 0x26, 0x11, 0x34, 0x27, 0xAF, 0x94, 0xD6, 0x32, 0xA5, 0xD9, 0xF2,
    0x99, 0xB3, 0x56, 0x2E, 0xD7, 0x9B, 0x2C, 0xE9, 0x8E, 0xCC, 0x65, 0x66, 0x38, 0x55, 0xCC, 0x3D,
    0x2D, 0xEC, 0x4F, 0xF2, 0xC5, 0x1F, 0xBC, 0x76, 0xC1, 0xF5, 0x0B, 0xF9, 0xFE, 0x19, 0xC1, 0x8B,
    0x2F, 0xD2, 0x93, 0x0D, 0x24, 0x3F, 0xAF, 0xBA, 0xB7, 0x47, 0xE2, 0x49, 0xAB, 0xEE, 0x23, 0x0F,
    0xBB, 0x79, 0x26, 0xAE, 0x31, 0xE3, 0x9B, 0x50, 0xE8, 0xCC, 0x79, 0x39, 0x74, 0x5E, 0x33, 0xC9,
    0xB1, 0x68, 0x37, 0x05, 0x7C, 0xFA, 0xCC, 0xAE, 0x33, 0xC7, 0xAD, 0xD0, 0xC2, 0xA3, 0xEC, 0xED,
    0xC3, 0xA0, 0xB1, 0x71, 0xB9, 0x12, 0x79, 0x93, 0xD3, 0x33, 0xEE, 0xC1, 0x27, 0x9A, 0x40, 0x2E,
    0x9F, 0x4D, 0x9A, 0x7C, 0xB5, 0x00, 0x89, 0xAF, 0x8C, 0x34, 0xBD, 0x7E, 0xD0, 0xA4, 0xC9, 0xAC,
    0xEE, 0x83, 0x2D, 0x93, 0xA6, 0x58, 0x1B, 0x2B, 0x33, 0x9B, 0x40, 0x79, 0x34, 0x87, 0x0A, 0x74,
    0x32, 0x69, 0x52, 0xC5, 0x5E, 0x38, 0xA5, 0xCF, 0x7F, 0x02, 0x91, 0x15, 0x3F, 0x99, 0x28, 0xBC,
    0x85, 0x0A, 0xFC, 0x2D, 0xCD, 0x78, 0x27, 0x01, 0x8E, 0xC4, 0x0E, 0x28, 0x9B, 0x80, 0xBC, 0xAB,
    0xC9, 0xB0, 0x69, 0x45, 0xFB, 0x2E, 0xCD, 0x17, 0x01, 0x79, 0x93, 0x91, 0xD7, 0x2D, 0x02, 0xF2,
    0xEA, 0x56, 0x40, 0x5E, 0x6D, 0x21, 0x23, 0x6F, 0xCB, 0xDA, 0x3F, 0xC1, 0xB0, 0xC9, 0xDB, 0xE7,
    0xC6, 0xB0, 0x16, 0xEB, 0x20, 0xEF, 0x4D, 0xEB, 0x20, 0xF6, 0x0F, 0xBB, 0x87, 0xBD, 0x83, 0xCE,
    0xB1, 0xBE, 0xB1, 0xAE, 0x41, 0xAB, 0xCF, 0xED, 0xEB, 0x27, 0x57, 0x62, 0xF0, 0x61, 0x47, 0x00,
    0xCD, 0x8C, 0xFD, 0x8A, 0x2E, 0x61, 0x8F, 0x58, 0x87, 0xD0, 0x21, 0x1D, 0xDD, 0x41, 0x6D, 0x47,
    0x87, 0xCE, 0x18, 0x1E, 0xDE, 0xB6, 0xAF, 0xA8, 0x53, 0x5D, 0x26, 0xAA, 0x6B, 0x02, 0xFE, 0xFB,
    0x3F, 0xCB, 0xB6, 0x2D, 0x83, 0x0D, 0xFB, 0x9A, 0xFD, 0x1F, 0xD5, 0x9A, 0x01, 0xA4, 0x26, 0xD7,
    0xD9, 0xC7, 0x7F, 0x33, 0x93, 0x77, 0x47, 0xEE, 0x60, 0x92, 0xD8, 0xCB, 0x97, 0xFD, 0xF8, 0x06,
    0x20, 0xDF, 0xD2, 0x0E, 0x40, 0xCB, 0xA6, 0x73, 0xA2, 0x08, 0x20, 0x17, 0x77, 0x51, 0x41, 0x82,
    0x45, 0xB2, 0xB0, 0x00, 0x10, 0x9D, 0x49, 0x17, 0x05, 0x58, 0xA0, 0x08, 0x84, 0x2C, 0x5D, 0x41,
    0x37, 0x80, 0x22, 0x9B, 0x99, 0x66, 0x69, 0x69, 0x60, 0x9A, 0x22, 0x14, 0x32, 0x91, 0x36, 0x21,
    0x41, 0x26, 0x3A, 0x95, 0x49, 0xEE, 0x99, 0x79, 0xBA, 0xCF, 0x39, 0xDE, 0xFB, 0xCE, 0x6E, 0x37,
    0x6E, 0x74, 0xEF, 0xBD, 0xFB, 0xEE, 0xB3, 0xF7, 0xFC, 0x67, 0x76, 0xCE, 0x99, 0x67, 0xCE, 0xF3,
    0xF3, 0x9C, 0x39, 0xE7, 0x8C, 0x97, 0x48, 0x1A, 0x20, 0x92, 0x16, 0x48, 0xA4, 0x03, 0x52, 0xE9,
    0x55, 0x0F, 0x06, 0x20, 0xFF, 0x7C, 0x04, 0x8A, 0xBF, 0x5A, 0xA0, 0xBC, 0x3D, 0x01, 0xF5, 0xEB,
    0x02, 0x88, 0x11, 0x08, 0x04, 0x31, 0x84, 0x42, 0xDD, 0x10, 0xC9, 0xDB, 0xD2, 0x10, 0x8B, 0x48,
    0x47, 0x22, 0x22, 0x3D, 0xA9, 0xD3, 0x6C, 0x20, 0x1D, 0x29, 0x7A, 0x52, 0x4B, 0xD1, 0x11, 0x4F,
    0x94, 0x2D, 0xD1, 0x8C, 0xE8, 0x2D, 0xDC, 0x6D, 0xB5, 0x53, 0x31, 0x1B, 0xAD, 0x59, 0x5A, 0x28,
    0xB3, 0x7A, 0x6D, 0x12, 0x91, 0x3E, 0xBA, 0x96, 0xF7, 0x90, 0x0E, 0xAE, 0x5C, 0x91, 0x21, 0x15,
    0x19, 0x0A, 0xB9, 0x39, 0xD4, 0x6D, 0x3A, 0x48, 0x73, 0xA7, 0x54, 0xD9, 0x9D, 0xF3, 0x72, 0x28,
    0xDD, 0xF5, 0x6F, 0x86, 0x44, 0xAE, 0x0E, 0xEC, 0xE1, 0x2D, 0xED, 0x20, 0xEF, 0x7D, 0xD1, 0xF3,
    0x8D, 0x45, 0x62, 0x00, 0xCF, 0x24, 0xC8, 0x5A, 0x80, 0xD4, 0x69, 0xD9, 0xA8, 0xDE, 0x52, 0xE1,
    0x15, 0xD6, 0xB6, 0x05, 0xF4, 0xCA, 0x1E, 0x4A, 0x0B, 0x4F, 0x59, 0x08, 0x2C, 0x24, 0xA3, 0xEF,
    0xF2, 0x8E, 0x39, 0x56, 0x66, 0xAF, 0x82, 0xF7, 0x1F, 0xC8, 0xD5, 0x5E, 0x23, 0xFE, 0x5B, 0x05,
    0xE9, 0x97, 0x3D, 0x90, 0x3F, 0x67, 0x81, 0x67, 0x78, 0x66, 0x6B, 0xA8, 0x9C, 0xAB, 0x80, 0xC2,
    0x50, 0x0C, 0xB7, 0xA0, 0x9E, 0xDE, 0x24, 0xB0, 0x35, 0xC4, 0x5D, 0x56, 0x11, 0x98, 0xC0, 0x6C,
    0xB2, 0xC9, 0xA1, 0x41, 0xD9, 0xE0, 0xE0, 0x28, 0x19, 0x2F, 0xCA, 0x07, 0x05, 0x84, 0x12, 0x42,
    0x11, 0xA1, 0x8C, 0x50, 0x48, 0x28, 0x25, 0x14, 0x13, 0xCA, 0x09, 0x07, 0xCA, 0x91, 0x3A, 0x0F,
    0x40, 0x51, 0xA9, 0x26, 0x7F, 0x91, 0x0A, 0x82, 0xB7, 0x1C, 0x86, 0xF4, 0xF3, 0x2D, 0x44, 0x75,
    0x19, 0xCF, 0x09, 0xD2, 0xDB, 0x62, 0x08, 0xDE, 0x90, 0x06, 0xB2, 0x0F, 0x7A, 0x28, 0x82, 0x11,
    0xCE, 0x72, 0x16, 0x6F, 0xB9, 0x74, 0x20, 0x62, 0xA1, 0x16, 0x81, 0x9F, 0x86, 0x02, 0x20, 0xC6,
    0xCB, 0x19, 0x11, 0x83, 0xDC, 0x91, 0x48, 0xBE, 0x13, 0x93, 0x4C, 0x88, 0x49, 0xAD, 0xCA, 0x18,
    0xE8, 0x7F, 0x63, 0x31, 0xB1, 0xAF, 0x95, 0xD2, 0x50, 0x8F, 0x85, 0x61, 0xC5, 0xC2, 0xFC, 0x08,
    0xDC, 0x19, 0x54, 0xE9, 0x21, 0x90, 0x5F, 0xB7, 0x8A, 0xE4, 0x23, 0xB3, 0xA5, 0xD8, 0x80, 0x3D,
    0x08, 0x66, 0xE0, 0x0A, 0x90, 0x51, 0x0C, 0x23, 0xB5, 0x7D, 0x59, 0xB3, 0x2C, 0xEA, 0xB3, 0x4A,
    0x73, 0xEC, 0xD8, 0xC6, 0x5E, 0x70, 0x3D, 0x01, 0x62, 0xB9, 0x09, 0xA4, 0x2F, 0x4D, 0xC0, 0xE3,
    0xC1, 0x75, 0x80, 0xF3, 0x95, 0xAA, 0x8B, 0x3D, 0x3C, 0x18, 0x81, 0xA4, 0x7D, 0x4F, 0x6B, 0x39,
    0xB3, 0x25, 0x94, 0xF2, 0xAA, 0x47, 0x0E, 0xBA, 0xE0, 0x13, 0x69, 0x30, 0x2B, 0x88, 0x47, 0xC8,
    0x66, 0x28, 0xCB, 0x2A, 0x18, 0x93, 0x16, 0xC3, 0xDE, 0x83, 0x51, 0xFA, 0x7C, 0x43, 0x89, 0x8B,
    0xDE, 0x55, 0x73, 0x18, 0x69, 0xE6, 0xA2, 0x2B, 0xCD, 0x0C, 0x9C, 0x65, 0x97, 0xB5, 0x3D, 0x2A,
    0xF3, 0xDD, 0x6A, 0x0F, 0x8A, 0x11, 0x64, 0x22, 0x9C, 0x6A, 0x93, 0xF4, 0x59, 0xBB, 0x3A, 0xCE,
    0xBC, 0xF2, 0x53, 0xDB, 0x62, 0x1E, 0x6C, 0x17, 0x0F, 0x86, 0xB4, 0x51, 0xCD, 0x55, 0x9E, 0xBD,
    0xF0, 0x23, 0x77, 0xFA, 0x9A, 0x63, 0x65, 0x1D, 0xBD, 0x1E, 0xE0, 0x17, 0x6C, 0x0B, 0xD5, 0x1B,
    0x10, 0x8C, 0x10, 0x75, 0x44, 0x7F, 0xFC, 0x79, 0x13, 0x0D, 0x59, 0x13, 0x88, 0x18, 0xCA, 0x09,
    0x82, 0x63, 0x9C, 0x07, 0x03, 0x15, 0xC2, 0x51, 0x95, 0x77, 0x1D, 0x9B, 0xFF, 0xDB, 0x76, 0x36,
    0x97, 0x81, 0xDC, 0x40, 0xD2, 0x10, 0xBD, 0x7F, 0xF5, 0xE4, 0xD8, 0xB0, 0xAF, 0x82, 0x38, 0x4D,
    0x8D, 0x6A, 0xA6, 0x72, 0xE1, 0x27, 0x17, 0x80, 0xC2, 0xE1, 0xCA, 0x64, 0x04, 0x62, 0xE9, 0xB6,
    0x8A, 0xD0, 0x8E, 0xC1, 0xCF, 0x41, 0x3D, 0x44, 0x2D, 0xF1, 0x9F, 0x9E, 0x6F, 0xA2, 0x2E, 0xAB,
    0x02, 0x11, 0x28, 0xED, 0x31, 0x67, 0xD0, 0x8D, 0x78, 0xF1, 0x36, 0x9F, 0x81, 0xC7, 0xB9, 0x0E,
    0xEC, 0xB0, 0x03, 0xA4, 0x55, 0xEE, 0x6A, 0x27, 0x20, 0x70, 0xAC, 0xD8, 0x35, 0x5B, 0xF6, 0x36,
    0xFF, 0xDA, 0xBF, 0xCD, 0x83, 0x2E, 0xE8, 0x18, 0xE3, 0x96, 0x5A, 0x1A, 0x72, 0x01, 0xF6, 0x38,
    0xB6, 0xB7, 0xF9, 0x59, 0x56, 0xC0, 0xCF, 0x28, 0x80, 0xFC, 0x60, 0x3E, 0x1C, 0x5B, 0xA1, 0x74,
    0xB8, 0xEA, 0x47, 0xED, 0x6D, 0x1E, 0x98, 0x60, 0x2F, 0x6E, 0xE3, 0x2E, 0x9A, 0x6B, 0x1D, 0x7D,
    0xD5, 0xF1, 0x8F, 0x3E, 0x20, 0x6B, 0xA1, 0xE8, 0xB5, 0xF8, 0x73, 0xA0, 0x14, 0xA9, 0x16, 0xC5,
    0x94, 0x0D, 0xDC, 0x55, 0xBE, 0x78, 0x5B, 0xDB, 0x6C, 0x4A, 0x03, 0xF7, 0x69, 0x63, 0x96, 0x7E,
    0x96, 0x01, 0x07, 0x62, 0x5C, 0xA1, 0x5E, 0x82, 0x98, 0x88, 0x44, 0x9A, 0x54, 0xA4, 0xCF, 0x87,
    0x6C, 0x28, 0xDA, 0xD8, 0x96, 0x4D, 0x64, 0x6B, 0x91, 0x4D, 0xF1, 0xBE, 0x95, 0x29, 0xF9, 0xC8,
    0x3B, 0xDA, 0x36, 0x52, 0xE0, 0xB5, 0xB4, 0xAC, 0x03, 0x8A, 0x15, 0xC5, 0xE8, 0x4B, 0xD2, 0xB3,
    0xDC, 0xA2, 0x45, 0xD2, 0x12, 0x64, 0x1D, 0xA4, 0x9D, 0x77, 0xF4, 0x1E, 0xF0, 0x0A, 0x27, 0x1B,
    0x73, 0x3E, 0x42, 0x3E, 0xC1, 0x93, 0x33, 0xEE, 0x81, 0xA1, 0x85, 0xB8, 0x83, 0xB0, 0x3A, 0xD6,
    0xB8, 0xE3, 0x31, 0xA9, 0x32, 0xB9, 0x69, 0x0A, 0x11, 0x9E, 0x4D, 0x2C, 0x67, 0xD9, 0x3B, 0xD9,
    0xB8, 0xE6, 0xB0, 0x8B, 0xE4, 0xCB, 0x2E, 0xD1, 0xBE, 0x3F, 0x27, 0x66, 0xC5, 0xD9, 0xE3, 0x8C,
    0xE7, 0x06, 0x44, 0x63, 0x28, 0xCF, 0x77, 0xB1, 0xFC, 0xD9, 0x64, 0x1F, 0xF7, 0x14, 0xE1, 0xC8,
    0x25, 0x5E, 0x39, 0xC9, 0x98, 0x76, 0x54, 0xF2, 0x8A, 0x7C, 0xFC, 0x25, 0x94, 0xD3, 0x75, 0x98,
    0x4A, 0x74, 0x69, 0xDE, 0x2C, 0xF6, 0x7F, 0x1A, 0x9F, 0x0B, 0x10, 0xED, 0x35, 0x1A, 0x22, 0x1A,
    0x23, 0x1A, 0x24, 0x1A, 0xDD, 0x52, 0x1A, 0xA0, 0x54, 0xD1, 0x50, 0x5D, 0xAC, 0xFE, 0xB6, 0x48,
    0xC5, 0x87, 0xAB, 0xF1, 0xBE, 0x0A, 0x50, 0xAA, 0x64, 0x57, 0x05, 0x42, 0xBF, 0xA3, 0xFA, 0x58,
    0xB3, 0x34, 0x1C, 0xE0, 0x12, 0x97, 0xD8, 0x64, 0xE9, 0xDD, 0x62, 0x9C, 0xFF, 0x7B, 0x45, 0x09,
    0x68, 0x2D, 0x4B, 0x69, 0xB8, 0xBF, 0x28, 0x8A, 0x7B, 0x3C, 0x5F, 0xC6, 0xA3, 0x80, 0xE4, 0x43,
    0xA9, 0x08, 0x7E, 0x23, 0x2D, 0xA4, 0x1F, 0xB9, 0x2D, 0x9E, 0x5D, 0x6E, 0xF1, 0x12, 0xAD, 0x28,
    0xC4, 0x82, 0x88, 0x10, 0xCA, 0x73, 0x62, 0xA2, 0x89, 0xB2, 0x89, 0x2D, 0x85, 0xBE, 0x9B, 0x64,
    0x29, 0x16, 0x88, 0x55, 0xA2, 0x19, 0x08, 0xA5, 0x4A, 0xFC, 0x6D, 0x14, 0x2A, 0x89, 0x4C, 0xC0,
    0x8A, 0xC5, 0x7B, 0x29, 0xE9, 0x21, 0xE8, 0x43, 0x79, 0xA1, 0x8D, 0xE5, 0x03, 0x4E, 0x29, 0x0D,
    0xF6, 0x00, 0x66, 0x95, 0x2B, 0x2A, 0x19, 0xE4, 0xE3, 0xBB, 0x9A, 0x10, 0x2F, 0x9F, 0x5E, 0x42,
    0x84, 0xD7, 0x77, 0x48, 0xE4, 0x77, 0xA4, 0x57, 0x2C, 0xFF, 0x13, 0xBC, 0x09, 0x97, 0x0D, 0x48,
    0x47, 0x74, 0x30, 0x90, 0xB6, 0xB7, 0x78, 0x9A, 0x73, 0x27, 0x87, 0x40, 0xE7, 0xEC, 0x5A, 0x7A,
    0xBE, 0xAE, 0x37, 0x3B, 0xB0, 0x54, 0xA0, 0xB8, 0x52, 0x61, 0xE3, 0x8E, 0x3D, 0xF6, 0x1E, 0x78,
    0xA4, 0x97, 0x7E, 0xA4, 0x73, 0xD1, 0x10, 0x48, 0x4B, 0x24, 0x3D, 0xE9, 0x3F, 0x2D, 0x45, 0x55,
    0xB3, 0xCB, 0xEE, 0x29, 0xCF, 0x42, 0x47, 0xEC, 0x9D, 0x4E, 0x7E, 0x76, 0x4A, 0x26, 0x05, 0xFC,
    0x78, 0x5D, 0x51, 0x54, 0xD4, 0x84, 0x96, 0xC0, 0xD5, 0x15, 0x32, 0xF8, 0xBF, 0x58, 0xAA, 0x50,
    0xF8, 0x21, 0x7F, 0x91, 0x98, 0xC3, 0xBB, 0xA0, 0xEC, 0x4B, 0xFB, 0x94, 0x0D, 0x6C, 0x32, 0xA6,
    0xED, 0x8E, 0xD1, 0xBE, 0x1D, 0xF1, 0xEF, 0x41, 0x1F, 0x08, 0x10, 0x8D, 0xC4, 0x56, 0xFF, 0xA2,
    0x11, 0x67, 0x79, 0xAB, 0xBE, 0xB3, 0x06, 0x8E, 0xEE, 0x01, 0x40, 0xE6, 0xDB, 0xB7, 0x1C, 0xF2,
    0x91, 0x11, 0xA8, 0x45, 0x2A, 0x42, 0x51, 0xA4, 0x89, 0x7C, 0x21, 0x23, 0xE9, 0x44, 0x66, 0x95,
    0x75, 0x3C, 0x53, 0xE8, 0x18, 0x52, 0xF6, 0xA1, 0x50, 0xB6, 0x04, 0x62, 0xBE, 0x4F, 0x7D, 0x1B,
    0xDF, 0x3E, 0x1F, 0xF4, 0x5E, 0xEF, 0x27, 0x91, 0xCF, 0x64, 0x24, 0x72, 0xFE, 0xFD, 0xB3, 0xF8,
    0x5F, 0xF9, 0x16, 0x60, 0x97, 0x8D, 0x95, 0x46, 0x55, 0x9A, 0x8D, 0xEA, 0x95, 0x85, 0xD5, 0xB3,
    0xFA, 0x68, 0x5D, 0xA6, 0x8C, 0x99, 0x2D, 0xBA, 0x78, 0x2A, 0x1B, 0x5D, 0xC1, 0x69, 0x09, 0x45,
    0x8B, 0x9E, 0xEB, 0x35, 0xAD, 0xD3, 0x36, 0xBA, 0x5E, 0xD3, 0x7B, 0xF4, 0x5E, 0x7C, 0xC2, 0x41,
    0xD2, 0x41, 0x36, 0xF8, 0x92, 0xF6, 0x2C, 0x4D, 0x2A, 0x20, 0x90, 0x1E, 0xE0, 0x45, 0xA7, 0x91,
    0xD3, 0xCC, 0x69, 0x51, 0xA9, 0xFE, 0x98, 0x6D, 0xA3, 0x77, 0xF4, 0x4A, 0xE8, 0x78, 0xC8, 0xBD,
    0xEA, 0x74, 0x02, 0xE4, 0xF6, 0x00, 0x91, 0x7C, 0x56, 0x41, 0xF2, 0xCD, 0x00, 0x64, 0x95, 0x05,
    0x9E, 0xE6, 0xE9, 0x2D, 0x63, 0xB3, 0x73, 0xED, 0xFE, 0x2B, 0x8F, 0xF4, 0xEE, 0x89, 0x66, 0xC6,
    0x01, 0x42, 0x09, 0xA1, 0xE1, 0xA3, 0x1C, 0x50, 0x20, 0xD4, 0x5E, 0x42, 0xF1, 0xA2, 0xFF, 0xF5,
    0x15, 0xDA, 0xC4, 0x37, 0x56, 0x58, 0xDE, 0x81, 0xBA, 0xF2, 0xBC, 0xCE, 0x19, 0x00, 0x3F, 0x34,
    0xE3, 0x4E, 0xF4, 0xF8, 0x96, 0x74, 0x28, 0xB0, 0xD1, 0x55, 0x4C, 0xDB, 0x07, 0xEC, 0xFC, 0x3D,
    0x8B, 0x93, 0xDF, 0x6E, 0x16, 0x27, 0xE6, 0x9E, 0xC5, 0x49, 0x07, 0x85, 0x4C, 0xEB, 0xC5, 0xC9,
    0xEB, 0xE2, 0xA8, 0xB4, 0xB1, 0x82, 0x4B, 0xBC, 0x90, 0xF7, 0x5E, 0x1C, 0x4C, 0x15, 0xD7, 0xC4,
    0x35, 0xD6, 0xDB, 0x8C, 0x3A, 0xF0, 0xAE, 0xD4, 0xF5, 0xC6, 0x92, 0x5E, 0xF5, 0xCC, 0xA8, 0xCA,
    0xEF, 0x5D, 0xB6, 0x75, 0x10, 0xC9, 0xA7, 0x5B, 0x9F, 0x6D, 0xFB, 0x2A, 0xA2, 0xF2, 0xD2, 0xE1,
    0x02, 0xE7, 0x96, 0x5B, 0xE0, 0x9C, 0x5E, 0xDE, 0xC1, 0x8D, 0xC8, 0xA8, 0xDB, 0xAF, 0x0C, 0x24,
    0x6F, 0x88, 0xA2, 0xE4, 0x12, 0xC0, 0xB9, 0x6B, 0xAA, 0x65, 0x0F, 0x04, 0xB3, 0x75, 0x69, 0x59,
    0x6A, 0xAD, 0x39, 0x63, 0xB6, 0x09, 0x63, 0x5E, 0xBD, 0x43, 0x3D, 0xF7, 0xFC, 0xAB, 0x6E, 0xD9,
    0x5B, 0x41, 0x64, 0xF1, 0x8B, 0xA4, 0x9B, 0x0D, 0x53, 0xDC, 0xEB, 0x22, 0xE9, 0xF8, 0x5E, 0x6A,
    0x17, 0x55, 0x90, 0xF6, 0xF0, 0x43, 0xA1, 0xAE, 0x95, 0x70, 0xAB, 0x25, 0xD8, 0x65, 0xF5, 0xC8,
    0x4D, 0x94, 0xBA, 0xD4, 0xCA, 0x2D, 0x94, 0x33, 0xC1, 0x5C, 0x56, 0xF1, 0x90, 0x76, 0xFA, 0xB1,
    0xE3, 0x14, 0x26, 0xD0, 0x8B, 0x38, 0x88, 0xAA, 0xE9, 0xA8, 0x9A, 0xB7, 0x9B, 0xBE, 0xED, 0xE3,
    0x2D, 0x14, 0x25, 0xA9, 0x89, 0x2D, 0x72, 0xD5, 0x2A, 0xC9, 0x83, 0x51, 0x49, 0x4A, 0xAF, 0x04,
    0xA4, 0x39, 0x92, 0x24, 0xC7, 0x40, 0x52, 0x55, 0x89, 0xD4, 0x2D, 0xEA, 0xC3, 0xA7, 0x18, 0x69,
    0xC7, 0x3E, 0x2B, 0x13, 0xCD, 0x80, 0xEE, 0xB4, 0xE6, 0xC8, 0x46, 0x22, 0x1F, 0x8F, 0xA9, 0x28,
    0xAF, 0x6F, 0xAF, 0x48, 0xF5, 0x43, 0xC7, 0xE6, 0x9D, 0xC6, 0xF7, 0x1B, 0x9B, 0x9B, 0x6F, 0xF9,
    0x56, 0xD5, 0x3D, 0x08, 0x6A, 0xB3, 0xDE, 0x93, 0x69, 0x9B, 0x6D, 0xA2, 0x14, 0x5C, 0x04, 0x42,
    0x31, 0xEB, 0x8D, 0x55, 0xDA, 0xE3, 0x50, 0xED, 0xC3, 0xFE, 0x89, 0x52, 0x5A, 0x43, 0xA8, 0x9C,
    0x76, 0x00, 0x2F, 0xF4, 0xAA, 0x49, 0xBF, 0xC9, 0xAB, 0xC2, 0xA8, 0xFE, 0xFF, 0x96, 0xE5, 0x15,
    0x40, 0x31, 0xA8, 0x58, 0xE0, 0xC9, 0x09, 0x40, 0x25, 0xB6, 0x40, 0xA2, 0x19, 0x76, 0xA6, 0x3A,
    0x05, 0x76, 0xFA, 0xCD, 0x0A, 0xF4, 0xAB, 0x15, 0x14, 0x22, 0xE0, 0xBE, 0x5C, 0xC1, 0x59, 0xCC,
    0xF6, 0xF1, 0xAA, 0x4D, 0x4F, 0x28, 0x07, 0xBD, 0x8F, 0x25, 0xF9, 0x83, 0x54, 0xFB, 0x01, 0x8F,
    0x9D, 0x02, 0xA5, 0x2D, 0xE3, 0x70, 0xF4, 0x16, 0x68, 0x1F, 0x38, 0x79, 0x2E, 0xC9, 0xF2, 0x77,
    0x17, 0x8B, 0xCD, 0x74, 0x59, 0x91, 0xB7, 0x75, 0x43, 0xD1, 0x3D, 0x88, 0x94, 0x4E, 0x5A, 0xCA,
    0xB6, 0xE8, 0x91, 0x26, 0x9F, 0x5F, 0x94, 0x4A, 0x43, 0xD0, 0xBE, 0x58, 0x28, 0xFD, 0x87, 0x9A,
    0xFB, 0xF4, 0x65, 0x5C, 0xF6, 0x45, 0x4C, 0x32, 0xDE, 0x29, 0xF6, 0xC8, 0x52, 0xA5, 0x56, 0x9A,
    0xCC, 0xD6, 0xFF, 0xA8, 0x6D, 0x29, 0x62, 0x73, 0xF9, 0xC6, 0x26, 0xF2, 0xBE, 0xE5, 0x09, 0xBC,
    0xE5, 0x0D, 0x14, 0xAD, 0x2B, 0x7A, 0xBE, 0xB1, 0x7C, 0x50, 0x99, 0x80, 0x5D, 0x01, 0xA8, 0x81,
    0x60, 0x02, 0x62, 0xAD, 0x88, 0xDA, 0x87, 0x07, 0xA5, 0xEC, 0xA0, 0x1E, 0x17, 0xBF, 0x30, 0x1A,
    0x36, 0xBF, 0x30, 0x3A, 0x36, 0x34, 0x7E, 0xA6, 0xA2, 0xF0, 0xC0, 0xEB, 0x46, 0x35, 0x98, 0x55,
    0x89, 0x06, 0x58, 0x26, 0x0C, 0x81, 0x38, 0x0C, 0x1F, 0x0A, 0x1A, 0xCC, 0xA7, 0x93, 0x3B, 0x7C,
    0x69, 0xDD, 0x41, 0x7A, 0x7F, 0xA8, 0xDC, 0x61, 0x00, 0x17, 0xEF, 0x7F, 0x71, 0x50, 0x44, 0x7A,
    0x68, 0x29, 0x5A, 0x70, 0x98, 0xC0, 0x81, 0x02, 0x87, 0x0A, 0x0F, 0x8B, 0x35, 0x2E, 0x0F, 0x6C,
    0xB3, 0xC6, 0xAB, 0xD6, 0x83, 0xC7, 0xE7, 0x13, 0x79, 0xC3, 0xAE, 0x61, 0xD7, 0x79, 0x06, 0xEA,
    0xCA, 0x83, 0xBB, 0xA3, 0xB3, 0x28, 0x44, 0xB1, 0x4E, 0x7B, 0xD5, 0x09, 0x55, 0xFB, 0xFD, 0xAA,
    0x30, 0x41, 0x71, 0x82, 0x02, 0x05, 0x45, 0x0A, 0xB9, 0xE8, 0x7A, 0x32, 0x91, 0x5F, 0x59, 0xF0,
    0x60, 0xB9, 0x08, 0x9B, 0xF1, 0x4D, 0xDE, 0xA9, 0x92, 0x8C, 0xB0, 0x4E, 0x30, 0x60, 0xF7, 0x91,
    0x40, 0xBB, 0xDA, 0x57, 0x8D, 0x67, 0x55, 0xC4, 0xA8, 0xAA, 0x03, 0x48, 0x7A, 0x45, 0xCB, 0xDE,
    0xA9, 0xA2, 0xDD, 0x58, 0x36, 0x00, 0x1A, 0x01, 0x1C, 0x0E, 0x5F, 0x28, 0xF9, 0xCF, 0x1C, 0x8E,
    0xDA, 0xED, 0x07, 0xBD, 0xB1, 0xB2, 0x77, 0x6A, 0x55, 0x9F, 0x72, 0x1A, 0xD8, 0x4D, 0xF2, 0xA4,
    0xAD, 0x42, 0xDF, 0x31, 0x0F, 0x09, 0x7A, 0x5E, 0xBD, 0x06, 0x20, 0xDF, 0x8D, 0x40, 0x28, 0xD2,
    0x03, 0x91, 0xBE, 0xD3, 0x20, 0x30, 0xAB, 0x47, 0x08, 0x73, 0x30, 0x45, 0x2D, 0xC4, 0xF2, 0x55,
    0xE3, 0x5A, 0xAB, 0x86, 0xC2, 0xAE, 0x59, 0xF1, 0xC4, 0xE9, 0xA3, 0x7D, 0x74, 0xB8, 0x6D, 0x66,
    0xE7, 0x74, 0x58, 0x1E, 0xF4, 0xE2, 0xD2, 0x34, 0x49, 0xE1, 0xE1, 0x90, 0xCC, 0x1B, 0xD5, 0xA2,
    0xDD, 0xA8, 0xBB, 0xB2, 0xEC, 0x58, 0xDE, 0x03, 0x89, 0x3D, 0x7C, 0x53, 0x14, 0x15, 0xB0, 0x32,
    0x00, 0x8E, 0x53, 0xDE, 0x97, 0x1D, 0x45, 0x57, 0x28, 0xF3, 0x74, 0x70, 0x1D, 0x09, 0x85, 0x68,
    0x8A, 0x26, 0x42, 0x71, 0x9D, 0x7A, 0x61, 0x80, 0xFA, 0xAB, 0x1E, 0x0A, 0xC5, 0x97, 0x79, 0x78,
    0x40, 0xEC, 0x17, 0x6E, 0x3F, 0x4C, 0xDC, 0x9C, 0x55, 0xB7, 0x40, 0xD6, 0xAF, 0xB7, 0x0F, 0xC8,
    0x72, 0x6A, 0x90, 0x0A, 0x31, 0x65, 0x13, 0x08, 0x45, 0x1B, 0x0A, 0x79, 0x1F, 0x4D, 0xA4, 0x7D,
    0x6C, 0x49, 0x87, 0x64, 0x24, 0xB6, 0x69, 0x4F, 0x64, 0xB3, 0x9E, 0x70, 0xCA, 0x5B, 0x98, 0x8B,
    0x06, 0xA4, 0xAC, 0xA0, 0xAC, 0x0D, 0x14, 0xB2, 0x7E, 0x3F, 0xA6, 0xF6, 0x50, 0x86, 0xF5, 0xD3,
    0x34, 0x09, 0xCE, 0x4B, 0x83, 0xCB, 0x29, 0x8A, 0x19, 0x28, 0xFE, 0x7E, 0xAA, 0xE1, 0x6F, 0x2C,
    0xB4, 0xEB, 0x6B, 0xB1, 0x4A, 0x68, 0x4F, 0x21, 0xFC, 0x4F, 0x26, 0xCE, 0xCB, 0x6D, 0xA1, 0x90,
    0xAB, 0x42, 0x31, 0x07, 0x93, 0x0F, 0xDF, 0x9B, 0xA6, 0x25, 0xA9, 0x18, 0x58, 0xA9, 0x3F, 0x0A,
    0x15, 0x75, 0x1A, 0x68, 0x45, 0xD0, 0x03, 0x9C, 0x3E, 0xAB, 0x7C, 0x5C, 0x47, 0x14, 0x1C, 0xAE,
    0x56, 0x43, 0xD7, 0xA4, 0xD7, 0xB3, 0x6B, 0x0F, 0x2F, 0x69, 0xBC, 0xE5, 0xED, 0x05, 0xA8, 0x67,
    0x4B, 0x20, 0x32, 0x10, 0x2A, 0x19, 0x4C, 0xF0, 0x70, 0x58, 0xD5, 0x66, 0x38, 0xDC, 0x6F, 0x76,
    0xC4, 0x4D, 0x5D, 0x11, 0xF0, 0xD8, 0xC3, 0x23, 0xF4, 0x6F, 0xAD, 0x57, 0x01, 0xA4, 0x26, 0xD7,
    0x15, 0xFE, 0x66, 0xA6, 0xFF, 0x0E, 0x6F, 0xC4, 0x5D, 0xBC, 0x57, 0xB2, 0x4B, 0x26, 0x50, 0x9A,
    0x27, 0xF6, 0x16, 0xC5, 0x22, 0xC9, 0xBD, 0xDD, 0x02, 0x85, 0x3C, 0xBC, 0x2D, 0x40, 0x01, 0x9A,
    0x45, 0x13, 0x14, 0x90, 0xEE, 0xCC, 0xCB, 0x43, 0x51, 0x74, 0x29, 0x8A, 0xC2, 0x96, 0xA8, 0xDD,
    0x2D, 0x01, 0xC5, 0x8A, 0x74, 0xEF, 0xDD, 0x3C, 0x04, 0xE0, 0x26, 0xA1, 0x41, 0xD1, 0x5B, 0x6D,
    0x55, 0x15, 0xBD, 0xA9, 0xA9, 0xCE, 0xEA, 0x9D, 0x39, 0xBD, 0x67, 0xE6, 0x1F, 0xFF, 0xFF, 0x5E,
    0x5F, 0xB3, 0x2F, 0x92, 0x73, 0xEF, 0x77, 0xFE, 0x33, 0xE7, 0x7C, 0xE7, 0x38, 0xE7, 0xFA, 0xFF,
    0x6B, 0x7E, 0x20, 0x6B, 0xE1, 0x6F, 0x3D, 0x7C, 0xF7, 0xE1, 0x5D, 0xFF, 0xCB, 0xF6, 0x2E, 0x9E,
    0xBE, 0x80, 0x5C, 0x57, 0xB8, 0x76, 0xFF, 0xDA, 0x3B, 0xD5, 0x4E, 0xFE, 0x1D, 0xEC, 0x3C, 0x7D,
    0xED, 0x3F, 0xD0, 0x8A, 0xD6, 0x7B, 0xDB, 0x26, 0xA2, 0x7E, 0xC1, 0xCD, 0x9B, 0x37, 0x0F, 0x13,
    0x90, 0x6C, 0xCD, 0x30, 0x09, 0xE9, 0x99, 0xDD, 0x34, 0x49, 0x5C, 0x7F, 0x98, 0xF9, 0xE3, 0xB3,
    0x62, 0x00, 0x1A, 0xFC, 0xF6, 0x4B, 0xDF, 0xFB, 0xF8, 0xFE, 0xDE, 0xCD, 0x9B, 0x5A, 0x11, 0xD9,
    0xFD, 0x07, 0x0F, 0x5A, 0x00, 0xD8, 0x7E, 0x2E, 0x7D, 0xE5, 0x85, 0x93, 0x56, 0xA5, 0x65, 0xDA,
    0x3D, 0x08, 0x5F, 0x7B, 0xE9, 0xD2, 0x53, 0xAB, 0x74, 0x83, 0x5D, 0x54, 0x9D, 0x08, 0x22, 0xD4,
    0xCC, 0x68, 0x15, 0xF6, 0xD0, 0xB4, 0x4D, 0x62, 0x4A, 0x5B, 0x3B, 0xE1, 0xCB, 0x90, 0x1D, 0x94,
    0x5E, 0xEA, 0xCA, 0x2B, 0x2D, 0x5C, 0x03, 0x69, 0x09, 0xCA, 0x8E, 0x50, 0xEF, 0x8F, 0x30, 0xC7,
    0x03, 0xF6, 0xB2, 0x43, 0x08, 0x6F, 0x74, 0xED, 0x49, 0x4B, 0xB7, 0x8E, 0x1D, 0x0D, 0x50, 0x37,
    0x22, 0x9A, 0xA2, 0xC3, 0x6E, 0x76, 0x90, 0xEA, 0x2B, 0x2B, 0x02, 0xA3, 0x69, 0x6B, 0x6F, 0x50,
    0x5B, 0x82, 0xB4, 0x89, 0xF3, 0xAD, 0x88, 0x3D, 0x1C, 0xA0, 0x39, 0x4E, 0xDC, 0xF7, 0xD3, 0xF3,
    0xE3, 0x71, 0xAA, 0x5F, 0x3B, 0x03, 0xE1, 0x1B, 0x94, 0x41, 0xE9, 0xEC, 0x60, 0x85, 0x49, 0x0C,
    0x80, 0x66, 0x0D, 0x05, 0xE0, 0x15, 0xE0, 0x6B, 0xB7, 0xBF, 0x8B, 0x86, 0x48, 0x33, 0x6E, 0xDD,
    0xBE, 0xC5, 0xBE, 0x0D, 0xD4, 0x16, 0x9A, 0x33, 0x30, 0x0B, 0x34, 0x26, 0x69, 0x34, 0xA0, 0x18,
    0x98, 0x21, 0xC1, 0x75, 0xDB, 0x05, 0x9B, 0x5A, 0x1B, 0xDE, 0x65, 0x95, 0x6D, 0x38, 0xC6, 0x6C,
    0x38, 0x0B, 0x8F, 0x6B, 0x02, 0x55, 0x0F, 0x45, 0x68, 0xF8, 0x5B, 0xD3, 0x4E, 0x5B, 0x2B, 0x82,
    0x1C, 0x51, 0x76, 0x00, 0xF0, 0x06, 0x70, 0x1B, 0x68, 0x1C, 0x9A, 0x88, 0x86, 0x6B, 0xD9, 0x66,
    0x40, 0xE3, 0xD1, 0x00, 0x3F, 0x04, 0xCB, 0x4A, 0x2B, 0xA7, 0x82, 0x0A, 0xD2, 0xAD, 0xB0, 0x9A,
    0x9E, 0xEA, 0xD0, 0x78, 0x95, 0x20, 0x83, 0xB2, 0xB5, 0x5F, 0x21, 0xD3, 0xEC, 0xCF, 0x52, 0x44,
    0xFA, 0x39, 0xA6, 0x26, 0xCD, 0x71, 0xE9, 0x26, 0xC6, 0xC4, 0x51, 0xAE, 0xF1, 0xC9, 0x6F, 0x57,
    0xB8, 0x75, 0xEF, 0xDD, 0x7B, 0x77, 0x71, 0xB1, 0xB5, 0x7F, 0x7F, 0xFF, 0x1D, 0xEC, 0x5C, 0x70,
    0xA1, 0x19, 0x36, 0x2B, 0x6F, 0x9F, 0xBE, 0x38, 0xE3, 0x0D, 0xCC, 0xEB, 0xE2, 0x19, 0x78, 0x66,
    0x5E, 0x17, 0xCD, 0x58, 0x24, 0x27, 0x0D, 0xA5, 0xD9, 0x12, 0xE4, 0x60, 0xC0, 0x52, 0x53, 0xC0,
    0x00, 0x16, 0x75, 0xD2, 0xE5, 0x71, 0xB6, 0xBE, 0xDD, 0x17, 0x61, 0xB6, 0x6E, 0x44, 0xE1, 0x17,
    0xAB, 0xB6, 0x6B, 0xAB, 0x57, 0xED, 0xC2, 0x6B, 0x2E, 0xFD, 0x19, 0x57, 0xEF, 0x40, 0x9E, 0x74,
    0x83, 0x1A, 0x41, 0x3D, 0x6A, 0xFA, 0x67, 0x34, 0x74, 0x83, 0x46, 0x54, 0xF4, 0x71, 0x37, 0xCA,
    0x93, 0xDE, 0x20, 0x1B, 0xAB, 0x4F, 0xA3, 0xF8, 0x20, 0x28, 0x0D, 0x88, 0xC7, 0x51, 0x7C, 0x32,
    0x59, 0xEA, 0x68, 0xB1, 0x9A, 0x6C, 0xB1, 0xC6, 0xC5, 0xCA, 0x22, 0x86, 0xFA, 0xA4, 0x6B, 0x80,
    0xA2, 0x03, 0x99, 0xF7, 0x47, 0x02, 0xAA, 0x00, 0x45, 0xA0, 0x08, 0x08, 0x87, 0x7A, 0x80, 0xEA,
    0x30, 0x49, 0x62, 0x83, 0xE5, 0x9C, 0x39, 0x37, 0x93, 0x6E, 0xCF, 0xBA, 0x3D, 0xED, 0x32, 0x6F,
    0x07, 0x2C, 0x73, 0x56, 0x1E, 0xD8, 0x9E, 0x79, 0xB1, 0x55, 0xBB, 0xD8, 0xC7, 0xCB, 0xDC, 0x3F,
    0xD0, 0x69, 0xF2, 0x51, 0x12, 0x4C, 0xCC, 0x29, 0xD4, 0xF4, 0x69, 0x34, 0x74, 0x44, 0x63, 0x49,
    0x91, 0xA7, 0x27, 0x79, 0x12, 0x8D, 0xF8, 0x74, 0x48, 0xF3, 0x87, 0x41, 0x7C, 0xDC, 0xA9, 0x57,
    0xDD, 0x08, 0x88, 0x0F, 0xA3, 0xF8, 0x6B, 0x50, 0x3F, 0x65, 0x5B, 0x1E, 0xAD, 0x6D, 0xC3, 0xA7,
    0xB0, 0xB1, 0x47, 0x44, 0xE6, 0x33, 0x67, 0x3A, 0x89, 0x8F, 0x7B, 0xF5, 0xAA, 0x1F, 0x50, 0xF4,
    0x30, 0x7C, 0x16, 0xE5, 0x7F, 0x22, 0x4A, 0x3E, 0x0D, 0x4D, 0x43, 0x41, 0x3D, 0x9F, 0x87, 0x98,
    0xCE, 0xC3, 0xB8, 0x53, 0x27, 0x32, 0x22, 0x8F, 0x9C, 0x54, 0x05, 0x08, 0x0B, 0xD9, 0x42, 0x01,
    0xAF, 0xB1, 0xBF, 0x0A, 0x79, 0x14, 0xBE, 0xE8, 0xA5, 0xAD, 0x82, 0xD2, 0xC2, 0x3E, 0x4A, 0xC1,
    0x08, 0x95, 0x77, 0x78, 0x2D, 0xBF, 0x3B, 0xC5, 0x55, 0xCB, 0x0C, 0x03, 0xE6, 0x0C, 0xA8, 0x02,
    0xDF, 0x66, 0x89, 0x57, 0x04, 0x66, 0x56, 0x8E, 0xB9, 0xC2, 0x32, 0xFB, 0x0A, 0xA0, 0x5A, 0x48,
    0x0B, 0xE1, 0xB9, 0xA7, 0xBC, 0x07, 0x22, 0x70, 0x1B, 0xD8, 0x87, 0x7A, 0x2B, 0xA6, 0xC0, 0x08,
    0xAE, 0x53, 0x72, 0xC5, 0x5E, 0x58, 0xF0, 0xF1, 0xDE, 0x2E, 0x02, 0xF6, 0xB3, 0xB7, 0x53, 0xBC,
    0x76, 0xCC, 0x10, 0x81, 0x39, 0x45, 0xCF, 0xAC, 0xA3, 0x08, 0xE6, 0x8D, 0x60, 0xA6, 0x02, 0x73,
    0xEB, 0x96, 0xD9, 0x3B, 0x2D, 0x76, 0x81, 0x37, 0x81, 0x01, 0x19, 0xA1, 0xF8, 0x43, 0x5B, 0x7E,
    0x60, 0xC5, 0xB1, 0xAF, 0xB3, 0xF0, 0x0A, 0xFA, 0x97, 0x52, 0xE0, 0x32, 0xF0, 0x68, 0x0A, 0x0D,
    0x10, 0x3D, 0x54, 0x80, 0xB1, 0xBC, 0x55, 0xE0, 0xC7, 0x82, 0xB3, 0x98, 0x90, 0x68, 0x2B, 0x40,
    0x82, 0x43, 0x72, 0x13, 0xD2, 0x69, 0x4F, 0x89, 0xEC, 0xE4, 0x10, 0x98, 0x36, 0x4B, 0x86, 0xDA,
    0x66, 0x10, 0x5A, 0xFA, 0xAA, 0x95, 0x4E, 0x7A, 0xE9, 0x45, 0x57, 0x5B, 0xD3, 0x16, 0x43, 0x96,
    0x8F, 0x00, 0xE9, 0xAA, 0x07, 0x54, 0x0A, 0x00, 0xA2, 0x33, 0x2D, 0x56, 0x05, 0x51, 0xA6, 0x55,
    0x4B, 0x51, 0x04, 0x63, 0x55, 0x10, 0x5D, 0x63, 0x4D, 0x27, 0x82, 0xBC, 0x41, 0x43, 0xE9, 0x50,
    0xF5, 0xA4, 0x01, 0xE9, 0x95, 0x03, 0x4C, 0x2B, 0x3A, 0xE4, 0x23, 0xF7, 0x50, 0xF5, 0x55, 0x4B,
    0x3A, 0x55, 0x77, 0xCA, 0xD5, 0xAD, 0xF2, 0xC2, 0x5E, 0x82, 0x74, 0x05, 0x80, 0x1D, 0x0D, 0x34,
    0x4E, 0xF9, 0xE9, 0x6E, 0x73, 0x13, 0xFC, 0x06, 0xA9, 0x90, 0x9D, 0xE0, 0x36, 0xA8, 0x9D, 0x9C,
    0x61, 0xB1, 0x96, 0xF9, 0xEE, 0x94, 0x53, 0x0D, 0x06, 0xF3, 0xF8, 0x66, 0x64, 0xB9, 0x44, 0x1D,
    0x1A, 0x1A, 0x13, 0xA8, 0x55, 0x83, 0xB1, 0x5F, 0x8D, 0xCA, 0xE6, 0x51, 0x26, 0x28, 0x9B, 0x45,
    0xD3, 0x66, 0x23, 0x21, 0xA3, 0x98, 0xE0, 0x79, 0xDA, 0x04, 0x00, 0x23, 0x36, 0xB2, 0x0B, 0xF6,
    0xF1, 0x29, 0x4E, 0x00, 0xCD, 0x3E, 0x16, 0x45, 0x34, 0x2E, 0x00, 0xCB, 0x37, 0x81, 0xDC, 0xBE,
    0x04, 0x94, 0xAD, 0x00, 0x6A, 0x94, 0x3E, 0x7B, 0x0F, 0x20, 0xAE, 0x7C, 0x75, 0xD4, 0x98, 0xA5,
    0x9E, 0x0A, 0x51, 0x48, 0x51, 0xBC, 0x07, 0x01, 0x08, 0xA4, 0x8C, 0xA2, 0xFD, 0x06, 0x90, 0x2D,
    0x13, 0x3D, 0x0B, 0xF6, 0x3D, 0x04, 0x3A, 0x64, 0x01, 0x85, 0x43, 0x69, 0x21, 0x34, 0x6A, 0xE0,
    0xE5, 0xAD, 0x6F, 0xC9, 0xDF, 0x75, 0x71, 0x62, 0xAB, 0x63, 0x27, 0xB2, 0x70, 0x0D, 0x1D, 0x7F,
    0x4B, 0xB6, 0xA4, 0x0A, 0x98, 0xA5, 0xFC, 0x5F, 0xC3, 0xAF, 0x3B, 0xF9, 0xD9, 0x1F, 0x23, 0x58,
    0x24, 0xD1, 0x19, 0x63, 0xF5, 0xFA, 0x70, 0x88, 0xD9, 0x15, 0x31, 0x4B, 0x63, 0x30, 0xCB, 0xA8,
    0x5A, 0xB0, 0x14, 0x51, 0xBA, 0x89, 0xAB, 0x1F, 0x0A, 0xCD, 0x6C, 0x69, 0xF1, 0x95, 0x3C, 0xCE,
    0x06, 0x32, 0x36, 0xEA, 0x76, 0x36, 0x2E, 0xD7, 0xED, 0xE5, 0x2C, 0xEB, 0x33, 0x3C, 0xFA, 0xDE,
    0x2F, 0x42, 0xF9, 0x97, 0x27, 0x06, 0x86, 0x28, 0x54, 0x44, 0x84, 0x84, 0x20, 0xD8, 0xC8, 0xCC,
    0xBF, 0x80, 0xAB, 0x74, 0x00, 0x50, 0x00, 0x04, 0x69, 0xE4, 0x63, 0x04, 0xE4, 0x3F, 0x2C, 0xCA,
    0x6E, 0x04, 0x9A, 0x57, 0x3D, 0x44, 0x30, 0x1A, 0x54, 0x75, 0xC8, 0xFD, 0x75, 0xE0, 0xB9, 0xA2,
    0xC5, 0x22, 0xB8, 0xF5, 0x00, 0x86, 0xD6, 0x1B, 0x40, 0x04, 0x8A, 0x7E, 0x9E, 0x59, 0x78, 0xA0,
    0xB6, 0x80, 0xD2, 0x80, 0x01, 0x30, 0x00, 0x79, 0x0F, 0x14, 0xDB, 0xA1, 0x16, 0x68, 0xD6, 0x21,
    0xCE, 0xEC, 0x80, 0x8A, 0xC3, 0x5B, 0x21, 0x8A, 0xD3, 0xC2, 0x99, 0x75, 0x6F, 0xF2, 0x1E, 0x9E,
    0xF1, 0x1E, 0xB2, 0xF7, 0xC1, 0x3D, 0x35, 0x36, 0x69, 0x65, 0x23, 0x4E, 0xAD, 0xFD, 0xC9, 0xBB,
    0x77, 0xC6, 0xBB, 0x37, 0x79, 0xF7, 0xEF, 0x03, 0x9B, 0xAF, 0xED, 0xA8, 0x1B, 0xA2, 0x8A, 0xC8,
    0xA7, 0x8F, 0x9F, 0x10, 0x75, 0xEA, 0x57, 0x74, 0xF2, 0xE4, 0xF5, 0xB8, 0x0B, 0xF5, 0x91, 0x2E,
    0x23, 0xA0, 0x1C, 0x0A, 0xFE, 0xB0, 0xE0, 0x27, 0xB2, 0xD3, 0x0F, 0x9E, 0x80, 0x26, 0xA0, 0x8E,
    0xC8, 0x69, 0xBA, 0x1F, 0xCA, 0x11, 0x30, 0x2D, 0x44, 0x07, 0xD0, 0x3C, 0xF1, 0x08, 0x08, 0x87,
    0x33, 0xB2, 0x0B, 0x64, 0x7A, 0xA2, 0xD4, 0x01, 0x19, 0xB5, 0x90, 0xDD, 0xF4, 0x7D, 0x97, 0x61,
    0xCE, 0x0B, 0x6B, 0xCA, 0xA6, 0xBF, 0x8C, 0xB8, 0xBD, 0x59, 0x1F, 0x91, 0x4E, 0xCD, 0x3D, 0x26,
    0x9D, 0x7A, 0x73, 0xA4, 0xC1, 0x1A, 0xDC, 0x19, 0x6B, 0x62, 0x5D, 0xD0, 0x54, 0x3B, 0xB2, 0x56,
    0x81, 0xB5, 0x69, 0x59, 0xCF, 0x7B, 0x64, 0x7D, 0xA6, 0x1F, 0xDE, 0x1C, 0xE5, 0x6E, 0xA6, 0xAD,
    0xD3, 0x9E, 0x3C, 0x4B, 0x74, 0x92, 0xC6, 0x5D, 0x25, 0x8F, 0xC6, 0x13, 0x45, 0x28, 0x47, 0x44,
    0x49, 0x9B, 0x9F, 0x93, 0x56, 0xEE, 0x79, 0x98, 0x56, 0x39, 0xAC, 0x75, 0xF2, 0x58, 0xE4, 0x84,
    0xA4, 0xAB, 0x81, 0xB5, 0xEA, 0x58, 0x93, 0x4B, 0x3A, 0x23, 0x40, 0xDA, 0x2C, 0xB2, 0xCE, 0x23,
    0x4E, 0xC9, 0x0A, 0x38, 0xE4, 0x79, 0x8A, 0x11, 0x68, 0x7C, 0x41, 0x8B, 0x56, 0x36, 0x1F, 0xA6,
    0xE8, 0x65, 0xC0, 0x10, 0x75, 0xB4, 0x06, 0x50, 0x7B, 0xAE, 0x03, 0x34, 0x2D, 0x40, 0x00, 0xD3,
    0x8A, 0x08, 0x54, 0xEB, 0x90, 0xB2, 0x80, 0x99, 0x43, 0xC5, 0x00, 0x94, 0x11, 0x2C, 0xCB, 0x1F,
    0x10, 0xFF, 0xA4, 0xA1, 0xAE, 0x57, 0xD4, 0x27, 0xC4, 0xCF, 0x00, 0x73, 0x7C, 0x42, 0xDB, 0xBF,
    0x7C, 0x19, 0xFD, 0xCB, 0xB8, 0x10, 0xDE, 0x7E, 0x01, 0xDC, 0xEC, 0x58, 0x12, 0x8D, 0x75, 0x42,
    0x2A, 0x75, 0x8D, 0xD1, 0x9C, 0x83, 0x75, 0xEC, 0x15, 0x41, 0x33, 0x3F, 0xFD, 0xC2, 0xEE, 0xAF,
    0x2F, 0x52, 0x9F, 0xD0, 0xBD, 0x99, 0x82, 0x09, 0xC3, 0x1A, 0xE3, 0x16, 0xF8, 0x39, 0x32, 0x98,
    0x97, 0xE0, 0x52, 0x2A, 0x26, 0x11, 0x7E, 0x46, 0xE5, 0x26, 0xC8, 0x1F, 0xFF, 0xAE, 0x57, 0x44,
    0x8C, 0xB8, 0x6A, 0x9E, 0x1C, 0x40, 0x45, 0x60, 0x1C, 0x91, 0xC7, 0x46, 0x17, 0x7C, 0x41, 0x77,
    0xCF, 0x4D, 0xE7, 0xCB, 0xE7, 0x39, 0xBD, 0xE0, 0xBA, 0x1D, 0x8D, 0x53, 0xB2, 0xA7, 0x95, 0x55,
    0x8E, 0xFF, 0xCA, 0x54, 0xA1, 0x08, 0x79, 0xB8, 0xF8, 0x1D, 0xFB, 0xE5, 0xCA, 0x05, 0xAE, 0xFF,
    0x2F, 0x70, 0x00, 0x5F, 0x38, 0xB7, 0xD1, 0x0D, 0xC8, 0x8E, 0x09, 0x03, 0xCC, 0x5B, 0x11, 0xCF,
    0x16, 0xDD, 0xE9, 0xCB, 0x51, 0x6E, 0x5D, 0x90, 0x23, 0x90, 0xCD, 0xF7, 0xE7, 0xE6, 0x26, 0x74,
    0xBB, 0xA8, 0x1F, 0x13, 0xD4, 0x5B, 0x84, 0x26, 0x27, 0x18, 0x8C, 0xE0, 0xE2, 0x99, 0xF9, 0x1B,
    0x80, 0xAF, 0x57, 0x44, 0xE3, 0x01, 0xA2, 0x22, 0x96, 0xEE, 0x36, 0xAE, 0xA4, 0x0F, 0xF7, 0x1B,
    0x60, 0x65, 0x46, 0x2C, 0x92, 0x1D, 0x02, 0x68, 0xA8, 0x45, 0x3E, 0xFE, 0xBA, 0x43, 0xD5, 0xE2,
    0x47, 0x48, 0xFD, 0x55, 0xFA, 0x3A, 0x50, 0xD8, 0xE7, 0x81, 0x4C, 0x23, 0xBF, 0x93, 0x6C, 0x87,
    0xE2, 0xF8, 0x43, 0x57, 0xFD, 0xE9, 0x93, 0x90, 0x13, 0x59, 0x18, 0xC2, 0xBE, 0x19, 0xEF, 0x2B,
    0xA2, 0x81, 0x81, 0x66, 0x44, 0x46, 0xD4, 0x96, 0xFF, 0xFE, 0xBD, 0x2F, 0x4F, 0x3E, 0xF2, 0x59,
    0xE1, 0x34, 0xE7, 0x4C, 0xF9, 0xA8, 0x03, 0x20, 0xD7, 0x10, 0x1E, 0x67, 0x64, 0x67, 0xBA, 0x97,
    0x80, 0xC6, 0x03, 0x2A, 0xA1, 0x6E, 0x71, 0x8E, 0x54, 0x77, 0xE6, 0x7C, 0xB5, 0xAE, 0x73, 0xA9,
    0xC5, 0x28, 0x82, 0xE1, 0xB7, 0xCA, 0xFA, 0xC3, 0x91, 0x5F, 0x2C, 0xD5, 0x71, 0xE4, 0x77, 0xCB,
    0xA6, 0x9C, 0x5E, 0x2F, 0x07, 0xE1, 0x1F, 0x41, 0x1E, 0xF5, 0xB5, 0x8D, 0x50, 0x45, 0x98, 0xDF,
    0x33, 0xEF, 0xBC, 0x90, 0xDF, 0x5D, 0xF7, 0x34, 0x77, 0x05, 0xC8, 0x2D, 0xBD, 0xDD, 0xDB, 0x79,
    0x5D, 0xE6, 0x77, 0xB8, 0x4F, 0xD1, 0x73, 0xA7, 0x22, 0x2A, 0xCF, 0x36, 0x77, 0x5B, 0x7E, 0x46,
    0x1E, 0xF7, 0xBD, 0xD4, 0x57, 0x61, 0xB1, 0xA7, 0xFE, 0xB1, 0x9A, 0x7A, 0x99, 0x6A, 0x76, 0x73,
    0xCD, 0x49, 0xF7, 0xD2, 0x02, 0x55, 0xC0, 0xF9, 0x32, 0xE5, 0x9E, 0x5F, 0xB3, 0x72, 0xF8, 0xBF,
    0xC2, 0x7D, 0x5E, 0xF2, 0xDB, 0xFD, 0xCF, 0xF6, 0x3C, 0xD7, 0xF9, 0xBF, 0xE4, 0x6D, 0xD9, 0xFE,
    0x33, 0x8B, 0xAC, 0xC7, 0x7C, 0x4B, 0xA2, 0x1C, 0x17, 0x6B, 0xF2, 0x9D, 0x7F, 0x70, 0x57, 0x78,
    0x46, 0x4E, 0x47, 0xCA, 0x4F, 0xCA, 0x49, 0x0B, 0xD9, 0xE2, 0x5C, 0x39, 0xD8, 0xAA, 0xBC, 0x94,
    0x8F, 0x4B, 0x00, 0xC2, 0x2E, 0xBA, 0x0C, 0xC2, 0x2A, 0x2D, 0x7A, 0x61, 0xC9, 0x8A, 0xC8, 0x9A,
    0x6D, 0x63, 0x73, 0x2F, 0xEC, 0xB5, 0x85, 0xB9, 0xA5, 0x89, 0x25, 0x6E, 0x6B, 0xA0, 0x76, 0xDB,
    0x1C, 0x3E, 0x07, 0x61, 0xAF, 0x60, 0xAE, 0xB3, 0xD4, 0x64, 0x5D, 0x05, 0x61, 0x1B, 0x7D, 0xBA,
    0xA6, 0xB4, 0xEA, 0xCC, 0x79, 0xB1, 0x47, 0x05, 0xE5, 0x17, 0x4F, 0x86, 0xE5, 0x4C, 0x2F, 0xE9,
    0xE5, 0xF4, 0xA4, 0xE5, 0x03, 0x61, 0x5B, 0xF9, 0xBA, 0xC5, 0x74, 0x32, 0xCC, 0x60, 0xBB, 0x6E,
    0x67, 0x9B, 0xF3, 0x37, 0x7F, 0xB3, 0x3F, 0xC7, 0x9F, 0xFA, 0x67, 0xE6, 0x75, 0xD1, 0x0C, 0x15,
    0x65, 0x2F, 0x42, 0xE9, 0x0A, 0x7B, 0x11, 0x3E, 0x67, 0x64, 0xBA, 0xB0, 0xA5, 0x13, 0x41, 0xF6,
    0x2A, 0x5E, 0x2C, 0x23, 0x6F, 0x2B, 0x7F, 0xFD, 0xC5, 0xEB, 0x2F, 0x56, 0xBE, 0xB0, 0x17, 0x9C,
    0xA3, 0xFD, 0x7C, 0x93, 0xFF, 0x17, 0xED, 0x92, 0x01, 0x67, 0x1C, 0x41, 0x14, 0xC7, 0xFF, 0x3B,
    0xDB, 0x64, 0xCB, 0xAA, 0x29, 0x0A, 0x0A, 0x03, 0x45, 0x1D, 0xCC, 0x27, 0xC8, 0xCD, 0x10, 0x04,
    0x81, 0xA2, 0xD1, 0xAF, 0x70, 0x0A, 0x01, 0x08, 0xEE, 0xBA, 0x2B, 0x45, 0x51, 0x34, 0x40, 0x51,
    0x08, 0x0A, 0x2E, 0x08, 0x40, 0xD1, 0xBD, 0x19, 0x00, 0x8A, 0xEC, 0x37, 0xE8, 0xA0, 0x85, 0x42,
    0x06, 0x5B, 0x2E, 0x7A, 0xB7, 0xAF, 0x6F, 0x2E, 0x49, 0x9A, 0xB6, 0x51, 0x05, 0x05, 0x7D, 0xF3,
    0xB3, 0xB7, 0xEF, 0xBD, 0xFF, 0xBD, 0x37, 0x3B, 0xF3, 0x44, 0x0F, 0x49, 0x5E, 0x53, 0x30, 0x1F,
    0x62, 0xB5, 0xD5, 0x55, 0xF9, 0x25, 0x9B, 0x9D, 0x79, 0x19, 0x35, 0x45, 0xCE, 0xE6, 0x04, 0xB6,
    0x87, 0xCD, 0x18, 0xCD, 0xA5, 0x8D, 0x70, 0xBF, 0x86, 0xF1, 0x20, 0x9F, 0x71, 0xFE, 0xA3, 0x97,
    0xAF, 0xBC, 0x92, 0x7E, 0x43, 0x7A, 0x47, 0x73, 0x47, 0x8B, 0xA7, 0xC7, 0x9F, 0x20, 0x3D, 0x33,
    0x98, 0xC2, 0x90, 0xAD, 0xC8, 0x8E, 0x81, 0x09, 0xE0, 0x96, 0xA8, 0xA8, 0x86, 0xE6, 0x54, 0xE2,
    0x6B, 0xE5, 0x89, 0xB3, 0x73, 0x24, 0xDB, 0x6D, 0x73, 0x6A, 0x65, 0x7F, 0xC0, 0x49, 0x03, 0x98,
    0xCA, 0x57, 0x14, 0x79, 0x17, 0xBC, 0x17, 0xC3, 0xBC, 0x89, 0x92, 0x82, 0x20, 0x0B, 0x60, 0x30,
    0x3D, 0x34, 0xD4, 0x31, 0xC8, 0x23, 0xCA, 0x90, 0x4A, 0xE9, 0x1A, 0x06, 0x98, 0x01, 0x4B, 0x88,
    0x05, 0xF2, 0x0E, 0x65, 0x84, 0xE8, 0xA1, 0xA8, 0xE5, 0x3F, 0x9A, 0x3C, 0xEA, 0x17, 0x41, 0x92,
    0x2F, 0xA9, 0xD6, 0xA7, 0x81, 0xAB, 0x3D, 0x13, 0x9D, 0xD9, 0x8A, 0x9A, 0x02, 0x47, 0x00, 0x88,
    0x25, 0x2B, 0xBD, 0x39, 0x0D, 0x55, 0x1E, 0x2B, 0xB1, 0xEA, 0x78, 0xDA, 0xA9, 0x6F, 0x5D, 0xB6,
    0x19, 0xB9, 0xD0, 0x5A, 0xD5, 0x2A, 0xB2, 0xEA, 0x0C, 0x49, 0x79, 0x80, 0xBC, 0x4D, 0x3C, 0xF9,
    0x0C, 0x22, 0x7B, 0xF4, 0xE5, 0xC2, 0x15, 0x2D, 0x76, 0x76, 0x52, 0x64, 0x3A, 0x05, 0x90, 0x5E,
    0x18, 0x00, 0xD3, 0x69, 0x7A, 0xE1, 0x54, 0xF6, 0xA8, 0x68, 0xA5, 0x57, 0x56, 0xC3, 0x60, 0xC8,
    0x6B, 0x83, 0x57, 0xFA, 0xD5, 0x50, 0x90, 0x75, 0xE9, 0x45, 0x78, 0x8C, 0x49, 0xF2, 0x6C, 0xF2,
    0x4A, 0x5F, 0x5C, 0xAC, 0xD2, 0x4B, 0x2F, 0xAD, 0x66, 0xE5, 0x7B, 0xB0, 0xBD, 0xA3, 0xDA, 0x51,
    0x70, 0x45, 0x6C, 0xF2, 0x5F, 0x19, 0x89, 0xC3, 0xBF, 0xBF, 0x4B, 0x0C, 0x00, 0x42, 0x41, 0xD0,
    0x4C, 0x85, 0xDB, 0x06, 0xB8, 0x89, 0xF5, 0x9E, 0x05, 0xDE, 0x50, 0x7B, 0x47, 0x06, 0x30, 0xCA,
    0xC3, 0xD4, 0xE8, 0x51, 0xCC, 0xA1, 0x02, 0x0C, 0xC5, 0x73, 0x58, 0x66, 0xB8, 0xEF, 0x71, 0xB8,
    0x55, 0x44, 0x14, 0x41, 0x38, 0xEE, 0x62, 0xC5, 0x71, 0x40, 0x1E, 0x99, 0xE1, 0x2E, 0x6B, 0x5A,
    0x4D, 0x16, 0xC0, 0x3F, 0x9F, 0x9A, 0xFF, 0x53, 0xB3, 0x4E, 0x56, 0x52, 0xBB, 0xB6, 0xBA, 0x8A,
    0x92, 0xA2, 0x79, 0x9D, 0xBE, 0xCC, 0x14, 0xE9, 0xDE, 0xCA, 0x2E, 0x66, 0x7D, 0xCA, 0xEA, 0xFD,
    0x68, 0xB2, 0x74, 0x36, 0x66, 0xFA, 0xD6, 0x00, 0xBA, 0xBE, 0x2B, 0x29, 0x66, 0x74, 0xB0, 0xCA,
    0x06, 0xFD, 0xBC, 0x33, 0x58, 0x5C, 0xA1, 0xF7, 0x3B, 0x0E, 0x66, 0x64, 0xCF, 0xCF, 0x43, 0x9E,
    0xF8, 0x82, 0xAC, 0xE8, 0x91, 0xF7, 0x28, 0xC9, 0xAA, 0x13, 0xCF, 0xF5, 0x27, 0x59, 0x57, 0xAE,
    0x66, 0xE7, 0x5E, 0x11, 0x21, 0xBA, 0xC1, 0x51, 0x2A, 0x3E, 0x14, 0xA9, 0x35, 0xB7, 0x63, 0xF1,
    0x08, 0x68, 0xAE, 0x70, 0xD6, 0x51, 0xEB, 0xB6, 0xE3, 0xEC, 0xB7, 0xA1, 0x1E, 0x8B, 0xF8, 0x93,
    0x52, 0x84, 0x46, 0xB6, 0x8D, 0xB1, 0xCD, 0x12, 0x6E, 0x9E, 0xE6, 0x62, 0x66, 0xD0, 0x28, 0xDF,
    0x94, 0x61, 0x22, 0xBA, 0x51, 0x73, 0xCD, 0xC6, 0x7B, 0x6E, 0x8B, 0x15, 0x44, 0x3D, 0xDC, 0xF6,
    0xBC, 0x42, 0x53, 0x44, 0x96, 0xE6, 0x41, 0xDF, 0xF8, 0x18, 0xA7, 0xC7, 0xDE, 0x1F, 0xF7, 0xB1,
    0x37, 0x83, 0x23, 0xEF, 0xB6, 0xC3, 0xF5, 0x38, 0xBB, 0x1C, 0x6C, 0x66, 0x68, 0xF0, 0x83, 0xA2,
    0x4F, 0xD3, 0x3B, 0xCC, 0x60, 0x6A, 0xA8, 0x05, 0xD2, 0xF8, 0xE9, 0xFA, 0x81, 0xAC, 0x39, 0xA8,
    0xCF, 0x50, 0xD8, 0xB2, 0x56, 0x4B, 0xD7, 0xAB, 0x5A, 0x5E, 0x2E, 0x2F, 0x7B, 0xB1, 0xFC, 0x0E,
    0x9D, 0xD6, 0x01, 0xA4, 0x25, 0xD7, 0xFD, 0x07, 0xF0, 0xEF, 0xCC, 0xE4, 0x9F, 0xF9, 0xB7, 0x97,
    0x9E, 0x60, 0xA3, 0x69, 0x97, 0x0E, 0x40, 0xA8, 0x76, 0x00, 0x60, 0xB3, 0x67, 0x9A, 0xD0, 0x20,
    0xD8, 0x2D, 0x79, 0x0D, 0x16, 0x4F, 0x01, 0xB6, 0x95, 0x45, 0x0B, 0xA8, 0xCE, 0x64, 0x8B, 0xA0,
    0x68, 0x20, 0x85, 0xA0, 0x8B, 0x22, 0xBD, 0xC1, 0xC2, 0x42, 0xD9, 0xE4, 0xCC, 0x6E, 0x00, 0x41,
    0x27, 0x69, 0x29, 0x8A, 0xCC, 0x76, 0xB7, 0xDA, 0xEE, 0x62, 0x27, 0xCF, 0xEC, 0xBE, 0x79, 0xEF,
    0x9D, 0x73, 0xBE, 0xFD, 0xFD, 0x66, 0xEE, 0x7D, 0x6F, 0x9F, 0x6E, 0xB5, 0xFA, 0x7B, 0xFB, 0xFB,
    0xFC, 0xEE, 0x39, 0xE7, 0xCE, 0x99, 0x7B, 0xCF, 0xCC, 0x9C, 0xBD, 0x98, 0xC3, 0x1D, 0x00, 0x19,
    0x23, 0x60, 0x18, 0x80, 0xF2, 0xE0, 0x47, 0x80, 0xED, 0x20, 0xB4, 0x42, 0x7D, 0x6B, 0xBD, 0x46,
    0x7D, 0x95, 0xDC, 0x70, 0x5B, 0xB0, 0xB7, 0x03, 0x60, 0x1F, 0x0B, 0x05, 0x19, 0x91, 0x2B, 0x70,
    0x4A, 0x1A, 0x21, 0x04, 0x25, 0xEE, 0x08, 0xE4, 0x93, 0x2C, 0xF1, 0x8D, 0x42, 0xF8, 0xD6, 0xB7,
    0xB5, 0x2F, 0x02, 0x96, 0x6C, 0x41, 0xB2, 0xC9, 0x18, 0x5C, 0xB5, 0x8A, 0x37, 0x7E, 0x07, 0x33,
    0x0D, 0x37, 0x50, 0x0E, 0xC3, 0x00, 0x7B, 0x47, 0xF9, 0xEC, 0x4E, 0x2F, 0x7C, 0x26, 0xFC, 0xE1,
    0x76, 0x07, 0x7B, 0xF7, 0xE3, 0x16, 0xE5, 0xBE, 0x50, 0xF0, 0xED, 0x06, 0x86, 0xAF, 0x35, 0x58,
    0xF1, 0xD7, 0xEF, 0x21, 0x23, 0x09, 0x38, 0xA5, 0x64, 0x94, 0x53, 0xBC, 0x59, 0x01, 0xE7, 0x5E,
    0x02, 0xF0, 0xE2, 0x8B, 0x58, 0xE2, 0x2C, 0x7B, 0x90, 0x3E, 0x23, 0x27, 0xC3, 0x5F, 0x0D, 0xE5,
    0x84, 0xE7, 0x6C, 0x0F, 0xD4, 0x2D, 0xE0, 0x24, 0xF9, 0xD6, 0xB5, 0x9B, 0x7C, 0x79, 0xDF, 0xF3,
    0x65, 0x4E, 0x92, 0xF7, 0x78, 0x95, 0x70, 0x57, 0x03, 0x9C, 0x7C, 0xDF, 0xFA, 0xB3, 0x00, 0xBB,
    0x17, 0x50, 0x30, 0xDE, 0x30, 0xE4, 0x98, 0x49, 0xA2, 0x66, 0x0F, 0x5C, 0x44, 0x4E, 0xFA, 0x53,
    0xE9, 0x81, 0x53, 0x19, 0x76, 0x5E, 0x97, 0xFE, 0x69, 0x9B, 0xDB, 0xFE, 0xB3, 0xE1, 0x75, 0x38,
    0x06, 0x4D, 0x7D, 0x7D, 0xEA, 0x98, 0x39, 0x0A, 0xBE, 0x03, 0xC7, 0x31, 0x21, 0x87, 0x8C, 0xEF,
    0xF5, 0x59, 0x38, 0x19, 0xFF, 0x61, 0x5C, 0x83, 0xA4, 0xE6, 0xDC, 0xBE, 0x14, 0x76, 0x4E, 0xB5,
    0x57, 0x13, 0x50, 0x0C, 0x80, 0xBB, 0xBF, 0x7E, 0x9F, 0xA4, 0xDF, 0x26, 0x24, 0x2E, 0x2A, 0xC8,
    0x06, 0x15, 0x79, 0xAF, 0x62, 0xD5, 0x01, 0x71, 0xC5, 0x0B, 0x1C, 0xC0, 0x9A, 0x64, 0x00, 0xE7,
    0x00, 0x1F, 0xD5, 0x7C, 0x83, 0x60, 0x57, 0xF8, 0x84, 0x15, 0x5B, 0xE3, 0x21, 0xA5, 0x31, 0xD3,
    0x52, 0xC6, 0x27, 0x4B, 0xB1, 0x14, 0xBB, 0x94, 0x7A, 0x29, 0x9C, 0xCB, 0x5B, 0x4B, 0xB9, 0xBA,
    0x94, 0x9F, 0x3F, 0xD4, 0xA2, 0x27, 0xD5, 0x30, 0xAD, 0x8A, 0xB2, 0xC2, 0x49, 0x98, 0x29, 0x99,
    0x60, 0x7C, 0x2A, 0x04, 0x25, 0x2A, 0x54, 0x1E, 0x2A, 0x9F, 0x5F, 0x9D, 0x70, 0xE5, 0xE1, 0x83,
    0x08, 0x47, 0xB2, 0xBA, 0xF2, 0xE0, 0x28, 0xC2, 0x7C, 0x7C, 0x67, 0xC2, 0xEE, 0x9F, 0x1E, 0x87,
    0xA5, 0x6F, 0xC6, 0xB4, 0x61, 0x82, 0x69, 0x3F, 0x52, 0x6A, 0xC5, 0x2A, 0xA5, 0x52, 0x28, 0x66,
    0x82, 0x8B, 0x0D, 0x00, 0xD2, 0xCF, 0x72, 0xB1, 0x11, 0x2B, 0xB6, 0xAA, 0xED, 0xCE, 0xCC, 0xDE,
    0x9C, 0xF5, 0x62, 0x7D, 0x4B, 0xFC, 0x0E, 0x3F, 0xA1, 0x27, 0x59, 0xAB, 0xD1, 0x72, 0x22, 0xC7,
    0xCC, 0x83, 0xFF, 0x80, 0x5A, 0x3D, 0xCD, 0xA0, 0xA6, 0xF4, 0x62, 0x32, 0x8B, 0x7A, 0x82, 0x44,
    0x02, 0x17, 0xA5, 0x01, 0x72, 0x9C, 0x0D, 0xB3, 0x54, 0x5F, 0x9E, 0xAD, 0xE4, 0x6C, 0x93, 0xF8,
    0x2A, 0x83, 0x68, 0xE8, 0xA5, 0x6D, 0x86, 0x17, 0xF9, 0x41, 0x2C, 0x7A, 0x90, 0x93, 0x99, 0xC4,
    0xDE, 0xB0, 0x12, 0x33, 0xF6, 0xBC, 0x30, 0xC0, 0x79, 0x5E, 0x98, 0x50, 0x44, 0xBE, 0xEA, 0x91,
    0x92, 0xAF, 0x04, 0x80, 0x32, 0xDB, 0xD7, 0x92, 0xC8, 0x8A, 0xBB, 0x3A, 0x8F, 0xFB, 0x9C, 0x9E,
    0x95, 0xFD, 0x33, 0x7B, 0x48, 0x9C, 0x41, 0x0D, 0xDB, 0x14, 0x8D, 0x45, 0xDD, 0x96, 0x8D, 0xAD,
    0x5C, 0x6B, 0x17, 0x2B, 0xDB, 0xB0, 0xB3, 0x28, 0x9B, 0xA3, 0xBE, 0x46, 0xD1, 0xEE, 0xAB, 0xB7,
    0xF6, 0x87, 0x8F, 0x60, 0x6E, 0xED, 0x89, 0xB2, 0xF2, 0x87, 0xB1, 0x71, 0x94, 0x68, 0xAF, 0xC8,
    0xCB, 0xD8, 0xE4, 0x77, 0xFB, 0xC9, 0x23, 0xDF, 0xEF, 0x82, 0x47, 0x26, 0x4E, 0xC8, 0x8E, 0xDA,
    0x8F, 0x46, 0x64, 0x6C, 0xEB, 0x01, 0xE9, 0x6C, 0xC2, 0xC6, 0xAA, 0x95, 0xED, 0x01, 0x56, 0x65,
    0x8F, 0x9A, 0x87, 0xC8, 0x47, 0x47, 0xF6, 0xB3, 0x5E, 0x7C, 0xF7, 0x52, 0x10, 0xAB, 0x84, 0xE2,
    0x77, 0xAF, 0xA9, 0xAF, 0x8D, 0x6E, 0xF1, 0xD5, 0xFF, 0xDA, 0xF9, 0xDF, 0x65, 0x33, 0x88, 0x28,
    0x66, 0x5D, 0xE7, 0x5E, 0x23, 0xD9, 0xCE, 0x42, 0xBD, 0x87, 0x4D, 0x64, 0x61, 0x43, 0x4E, 0x76,
    0x58, 0x91, 0xFD, 0xCC, 0xD2, 0xF7, 0x8C, 0x90, 0xF2, 0x6E, 0x80, 0xE1, 0x51, 0x40, 0x49, 0x06,
    0xD8, 0x83, 0x2B, 0x01, 0xF5, 0xB0, 0x12, 0x3A, 0x19, 0x75, 0xED, 0x31, 0xDA, 0xAC, 0x67, 0x86,
    0x5C, 0xDF, 0xB7, 0xBB, 0x39, 0xC2, 0x70, 0x5F, 0x67, 0xB9, 0xAD, 0xF3, 0x61, 0x13, 0xC9, 0xCE,
    0xCE, 0x45, 0x3D, 0xCF, 0x88, 0x67, 0xD7, 0xEB, 0xDF, 0x00, 0x70, 0x13, 0xB4, 0x5D, 0xC1, 0x92,
    0x80, 0x3B, 0xFC, 0x10, 0x60, 0xF3, 0x0C, 0x52, 0x6E, 0x3F, 0xE2, 0x37, 0xE3, 0x7A, 0x1E, 0x6C,
    0x17, 0x72, 0x0F, 0xDD, 0x4B, 0x76, 0xA0, 0xCD, 0x99, 0xED, 0x57, 0x89, 0x42, 0xC2, 0x4A, 0xE4,
    0xC1, 0x9B, 0x3A, 0x12, 0x01, 0xA3, 0x24, 0x0C, 0x10, 0x2B, 0xCC, 0x0F, 0xAE, 0x19, 0x53, 0xCA,
    0xAB, 0xCC, 0x0B, 0x66, 0x12, 0x8A, 0x41, 0xB0, 0x9D, 0xE0, 0x1A, 0x81, 0x80, 0xD1, 0xDD, 0xFE,
    0x3A, 0xE3, 0x6F, 0x41, 0x32, 0x2C, 0x98, 0xA8, 0x03, 0x13, 0x75, 0x96, 0xBA, 0x15, 0x6C, 0xBF,
    0x3D, 0x76, 0x9E, 0x25, 0x0F, 0x42, 0x46, 0x21, 0x61, 0x55, 0x93, 0xC4, 0x69, 0xF4, 0x60, 0x28,
    0xD7, 0x04, 0x0E, 0x4A, 0x2B, 0x44, 0x6C, 0x06, 0xEC, 0xF4, 0x0E, 0x52, 0x1E, 0x0D, 0xC8, 0x1F,
    0xB2, 0x43, 0x7A, 0x81, 0xDB, 0x81, 0x52, 0x48, 0x28, 0xE4, 0x4A, 0xF6, 0x4B, 0x01, 0x66, 0xCB,
    0x36, 0x56, 0x0C, 0x73, 0xAD, 0xC9, 0x5E, 0xAB, 0x25, 0xBD, 0xD6, 0xE2, 0x5D, 0x17, 0x31, 0x47,
    0xC6, 0x4A, 0x04, 0xC1, 0x66, 0xA9, 0x75, 0x3B, 0xAF, 0x17, 0xAC, 0xD6, 0x34, 0xC2, 0x76, 0xCB,
    0x8A, 0x2F, 0xD5, 0x2F, 0xFD, 0xB9, 0x47, 0xDD, 0x5E, 0xB9, 0x87, 0x7C, 0x82, 0xBB, 0xCD, 0xA0,
    0x1B, 0x2D, 0xDF, 0x8E, 0x84, 0x2E, 0xA2, 0xE9, 0x6D, 0x65, 0x86, 0x3C, 0x16, 0xAD, 0x6D, 0x8A,
    0xA1, 0xF4, 0xA5, 0xD4, 0xF2, 0x90, 0xA3, 0xD5, 0xE7, 0x88, 0xEC, 0xEC, 0x5F, 0x39, 0x5F, 0x84,
    0x9A, 0x01, 0x56, 0xF7, 0x76, 0x37, 0x40, 0xC3, 0xFD, 0x9F, 0x0A, 0x44, 0x9C, 0xAA, 0x49, 0x58,
    0x6A, 0xEA, 0x97, 0x9A, 0x6D, 0xEB, 0x84, 0xE3, 0x70, 0x3D, 0x90, 0xD3, 0x6F, 0xAE, 0x6B, 0xF1,
    0x88, 0x40, 0x39, 0x28, 0xBD, 0xDB, 0xBC, 0x2A, 0x14, 0xF3, 0x28, 0x00, 0xAB, 0xE8, 0x81, 0x8C,
    0x13, 0x90, 0x72, 0x00, 0xC0, 0x0E, 0x68, 0x5D, 0x8B, 0xA4, 0x77, 0x3D, 0xB2, 0x2F, 0x38, 0x60,
    0x75, 0xC4, 0x09, 0x86, 0x0F, 0x3C, 0x4A, 0xF7, 0x71, 0x80, 0x2D, 0x5F, 0x89, 0xF8, 0xF0, 0x2B,
    0x09, 0xF5, 0x76, 0x15, 0x70, 0xC2, 0x57, 0x95, 0x3A, 0x2A, 0x5E, 0xD0, 0x4B, 0xCF, 0xBF, 0x43,
    0x60, 0xA3, 0x0C, 0x72, 0xC6, 0x7A, 0x94, 0xCF, 0xB3, 0x1B, 0x40, 0x89, 0x66, 0xD9, 0x8E, 0x87,
    0xCC, 0x63, 0xF7, 0xD1, 0x1B, 0xDB, 0xBE, 0x78, 0x3D, 0x4A, 0x5F, 0x31, 0xCE, 0x47, 0x28, 0xAD,
    0x10, 0x01, 0x73, 0x50, 0x09, 0x03, 0x9E, 0xCA, 0x36, 0xAC, 0x64, 0xCA, 0x58, 0xA1, 0x24, 0x7B,
    0x90, 0x6C, 0x33, 0xD2, 0xB5, 0x86, 0x3F, 0x4B, 0xAA, 0xC2, 0x9F, 0xD7, 0x6F, 0x2F, 0xD8, 0x99,
    0x4E, 0xA8, 0x3B, 0xBB, 0xBE, 0x26, 0x70, 0x98, 0xB1, 0x33, 0xFD, 0xF9, 0x72, 0xB0, 0x83, 0x50,
    0x8E, 0x82, 0x09, 0xC2, 0x8A, 0x74, 0x43, 0x46, 0x72, 0x80, 0x53, 0xCE, 0x32, 0x56, 0xCB, 0xD9,
    0x70, 0x5E, 0x39, 0x23, 0x99, 0x51, 0xC8, 0x59, 0x01, 0x2B, 0x36, 0x9B, 0x1B, 0xB7, 0x60, 0x07,
    0xD8, 0xCF, 0x7B, 0xE1, 0xF7, 0x03, 0x50, 0xFF, 0x62, 0xD4, 0xE3, 0x39, 0xCD, 0xA4, 0x31, 0x0D,
    0xC8, 0x42, 0x12, 0x9F, 0xE8, 0xDB, 0x3D, 0xD8, 0x71, 0x7F, 0x34, 0x03, 0x6C, 0x5B, 0x08, 0x9D,
    0xED, 0x21, 0x9F, 0xA5, 0x85, 0x19, 0x6A, 0x61, 0x64, 0x83, 0x95, 0x87, 0x46, 0xE2, 0x22, 0x60,
    0x36, 0x5B, 0xD2, 0x88, 0xFC, 0xD0, 0x79, 0xA4, 0xD5, 0x3C, 0x98, 0x29, 0xB9, 0xC7, 0xE5, 0xF5,
    0xF5, 0x65, 0xE6, 0xEA, 0xB2, 0xE3, 0x7D, 0x80, 0xAC, 0xF0, 0x06, 0xC3, 0xCE, 0xD2, 0x37, 0x53,
    0x0C, 0x00, 0xB6, 0xFC, 0x3F, 0x4C, 0xFC, 0xBE, 0xD7, 0xF9, 0x3C, 0x32, 0x05, 0x35, 0xFB, 0xE3,
    0x5F, 0x06, 0xDB, 0xAF, 0x9A, 0x73, 0xD4, 0x01, 0x56, 0x09, 0x49, 0x69, 0x31, 0xC2, 0xC4, 0xF3,
    0x5F, 0x42, 0x31, 0x1D, 0xAF, 0x6E, 0x7F, 0xB2, 0xBA, 0xA7, 0xB0, 0x33, 0xBD, 0x32, 0x08, 0xE5,
    0x28, 0xC8, 0xEA, 0x26, 0x58, 0xD1, 0xB9, 0x27, 0x7F, 0xAA, 0x15, 0x3C, 0xC0, 0xE9, 0xD5, 0xD5,
    0xBC, 0x08, 0xF8, 0x64, 0x42, 0xE2, 0xD3, 0x09, 0xA9, 0xCF, 0x26, 0xAC, 0x48, 0x7A, 0xAB, 0xD4,
    0xCA, 0xD9, 0xB0, 0x1B, 0x5E, 0xCF, 0xFD, 0x6A, 0xC2, 0x7F, 0xC4, 0x0B, 0x79, 0x3C, 0x93, 0xFB,
    0x8C, 0x21, 0xF7, 0xA9, 0x02, 0xE7, 0x01, 0x24, 0xD8, 0xC6, 0x8A, 0xF7, 0xC4, 0x9A, 0x14, 0xC9,
    0x08, 0x64, 0x7C, 0xE0, 0xC5, 0x88, 0x17, 0x44, 0x0F, 0x88, 0xE1, 0x64, 0xC7, 0x48, 0x39, 0x8A,
    0xE0, 0xDC, 0x28, 0xD9, 0x63, 0x79, 0x02, 0xB7, 0xCF, 0x83, 0x34, 0xF0, 0xF5, 0xD5, 0xD5, 0x9E,
    0xF3, 0x96, 0xE3, 0xF0, 0xE3, 0x61, 0x3A, 0xE7, 0x60, 0xFB, 0xF1, 0xA5, 0x88, 0x62, 0x1C, 0xED,
    0xBC, 0xE2, 0x1C, 0x91, 0x1E, 0x91, 0x0D, 0xD2, 0xFE, 0xE0, 0xA7, 0x10, 0xC7, 0x73, 0x00, 0xAA,
    0xE7, 0xCE, 0x00, 0x4F, 0xDB, 0x29, 0xB7, 0xF1, 0x2F, 0xA3, 0x97, 0xAF, 0xC7, 0xF5, 0xBC, 0xEF,
    0xFD, 0x0F, 0x58, 0x72, 0xD0, 0x7C, 0xDE, 0x3D, 0xBA, 0x08, 0x33, 0x02, 0xAB, 0xE9, 0xB8, 0x6F,
    0xBE, 0xF7, 0x8A, 0x11, 0xCF, 0xBB, 0x01, 0x96, 0x2D, 0x6C, 0xD0, 0x2B, 0xBE, 0x1C, 0xA7, 0x43,
    0x19, 0x37, 0xFF, 0xB3, 0xB0, 0x05, 0xEA, 0x5E, 0xAF, 0x30, 0x60, 0xBC, 0xAE, 0xD6, 0x26, 0x9F,
    0x45, 0x16, 0x1D, 0x32, 0x46, 0x9C, 0x65, 0x07, 0x86, 0x44, 0xF2, 0x0A, 0x5E, 0x21, 0xE7, 0xDB,
    0xCA, 0x45, 0x80, 0x1E, 0xFC, 0x9B, 0x64, 0xE6, 0x93, 0x98, 0xF9, 0x34, 0x64, 0x5E, 0xFF, 0xCC,
    0x94, 0xC5, 0xF9, 0xF9, 0xEB, 0x24, 0xAB, 0x8C, 0x23, 0x70, 0x06, 0x9B, 0x58, 0x4D, 0xEA, 0xF9,
    0x5A, 0xFD, 0x89, 0xA9, 0xC4, 0x1B, 0xA6, 0x11, 0x3F, 0x34, 0xED, 0x66, 0x69, 0x58, 0x59, 0xB5,
    0x37, 0xEA, 0x98, 0x5C, 0xBF, 0xBF, 0xFE, 0xC0, 0x43, 0x47, 0x6F, 0xC2, 0xDC, 0x6A, 0x9B, 0x73,
    0x30, 0x9F, 0xEC, 0xF7, 0x22, 0x19, 0xA4, 0x67, 0xAA, 0xEB, 0x01, 0xA6, 0x7F, 0xE1, 0xCB, 0x0D,
    0xEC, 0x00, 0x89, 0x23, 0xAF, 0xFE, 0x80, 0xF7, 0x6F, 0x02, 0x70, 0xD4, 0x56, 0x39, 0xFB, 0x2C,
    0x27, 0x6C, 0xC3, 0xF4, 0xB3, 0xC3, 0xD3, 0x2D, 0xD4, 0xB3, 0x64, 0x0F, 0x90, 0x8C, 0xC8, 0x44,
    0xB6, 0x86, 0xD7, 0x1F, 0xB3, 0x2F, 0x46, 0x33, 0x94, 0x83, 0xED, 0xCC, 0x60, 0x46, 0xDB, 0x9A,
    0x61, 0x35, 0xD5, 0x62, 0xEE, 0xEB, 0x46, 0x77, 0x46, 0xB7, 0x11, 0xF8, 0xF7, 0xE6, 0x8C, 0x15,
    0x72, 0x72, 0x52, 0x38, 0x53, 0xE5, 0x3E, 0x61, 0xAB, 0x77, 0xB5, 0x52, 0x6F, 0x5F, 0xA5, 0xCB,
    0x9E, 0x0B, 0x21, 0x2A, 0xA3, 0x70, 0x58, 0x41, 0x46, 0xB1, 0xE0, 0x18, 0x94, 0xA8, 0x84, 0xB9,
    0xEF, 0x49, 0x80, 0xEF, 0x5D, 0x14, 0x92, 0xBD, 0x5E, 0x4C, 0x8F, 0xD4, 0x92, 0x51, 0x24, 0xD9,
    0x21, 0xE3, 0x11, 0x47, 0x98, 0xB8, 0x47, 0x8F, 0xE2, 0xD1, 0xDE, 0xDD, 0x00, 0xFB, 0xC5, 0xDE,
    0x5F, 0x08, 0xFB, 0xE9, 0xDE, 0x1D, 0xA2, 0xFE, 0x74, 0xAF, 0xD7, 0x9F, 0xC9, 0x8B, 0x77, 0x3A,
    0x56, 0xB6, 0x83, 0xC4, 0x62, 0xD9, 0x1F, 0x2F, 0xD3, 0x66, 0x87, 0x4B, 0x59, 0x89, 0x09, 0x0F,
    0xD7, 0xEF, 0xC3, 0x90, 0x0C, 0xA7, 0x4C, 0x3E, 0xED, 0x90, 0xDC, 0x59, 0xB2, 0x66, 0x2F, 0x19,
    0x24, 0x59, 0x49, 0xB6, 0x75, 0xAB, 0xB9, 0xFD, 0x73, 0x6D, 0xFD, 0x80, 0x4D, 0xCD, 0x88, 0x25,
    0xA9, 0x7D, 0x5D, 0xDD, 0xDA, 0xFE, 0x24, 0xEB, 0x5E, 0xDE, 0xD3, 0xD5, 0xDC, 0xBE, 0x6F, 0xDC,
    0xCE, 0x3D, 0x9F, 0x67, 0x0E, 0xC7, 0x2A, 0x9B, 0x2F, 0x19, 0x2B, 0x1B, 0x2E, 0xC1, 0xF6, 0x80,
    0x6B, 0x97, 0x64, 0xA3, 0x79, 0xD2, 0xAE, 0x7B, 0xC0, 0x1E, 0x5C, 0x6A, 0x0A, 0xB2, 0xC9, 0x25,
    0xE1, 0x22, 0x90, 0x54, 0xD0, 0xB8, 0xBC, 0x5E, 0xEB, 0x15, 0x68, 0x35, 0x21, 0xF1, 0x4F, 0xDB,
    0xFF, 0xFF, 0xFF, 0x17, 0x20, 0xFE, 0x01, 0xC2, 0xA2, 0xA1, 0xA1, 0x01, 0x00, 0xB5, 0x91, 0x21,
    0x6C, 0xC3, 0x30, 0x14, 0x44, 0xCF, 0xC9, 0xAA, 0x82, 0x80, 0xC0, 0x82, 0x81, 0x72, 0x14, 0x8E,
    0x6C, 0x32, 0x1E, 0x50, 0x5E, 0x2E, 0x4D, 0x1A, 0x47, 0x36, 0xE7, 0xE3, 0x9C, 0x8F, 0xDB, 0x1C,
    0x6D, 0x9C, 0x14, 0x8C, 0xAB, 0x20, 0x20, 0x93, 0x6C, 0xDF, 0x6C, 0x5B, 0x69, 0xD7, 0x81, 0x4D,
    0xDA, 0x94, 0x80, 0xF7, 0x80, 0x4F, 0xFA, 0xA7, 0x0B, 0x30, 0x42, 0x28, 0x48, 0x2A, 0x1B, 0x41,
    0xB6, 0x0C, 0x0D, 0xB9, 0xA5, 0x6F, 0xB9, 0xE9, 0xC2, 0x5D, 0x1B, 0xD0, 0xCF, 0xA8, 0xEC, 0xE8,
    0x07, 0x4E, 0x9A, 0x9E, 0x0B, 0x77, 0xF1, 0x70, 0xFC, 0x18, 0xEB, 0xEB, 0xFF, 0x99, 0x9B, 0x00,
    0x92, 0xC7, 0x13, 0xC8, 0xE1, 0xDC, 0x64, 0xA4, 0x16, 0xFD, 0x6B, 0x7A, 0x06, 0x32, 0x4A, 0x85,
    0xB3, 0xBE, 0x20, 0xDD, 0x4F, 0x91, 0x80, 0x3F, 0x63, 0x39, 0xF9, 0x74, 0xBE, 0x39, 0xF9, 0x35,
    0xB2, 0xC6, 0x49, 0xA1, 0x80, 0xBA, 0xB8, 0x34, 0x75, 0x73, 0xED, 0xEA, 0xEA, 0xDA, 0xD5, 0xDD,
    0xA5, 0x59, 0x36, 0xA9, 0xC6, 0xB2, 0xBE, 0xAB, 0xCB, 0x5F, 0x5D, 0xFF, 0x81, 0x76, 0x35, 0xB7,
    0x9E, 0x6F, 0x7B, 0x6B, 0x57, 0x7A, 0xC7, 0xEF, 0xBD, 0x4B, 0xBE, 0x9B, 0x71, 0xF5, 0x4F, 0xBD,
    0xC3, 0xB8, 0xE4, 0xD6, 0x73, 0x29, 0x2D, 0x48, 0x83, 0x9E, 0x9C, 0x21, 0x49, 0x0F, 0x3D, 0xDD,
    0x7B, 0x58, 0xD7, 0x26, 0x98, 0x82, 0x8E, 0xD1, 0x1A, 0x79, 0xC1, 0x2E, 0x1C, 0xEA, 0xC3, 0x6F,
    0x08, 0x19, 0x7C, 0xB0, 0xA6, 0x21, 0xAD, 0x11, 0x19, 0xD0, 0x11, 0xA8, 0x4B, 0x1D, 0x90, 0xBF,
    0x3D, 0xDF, 0xB3, 0x48, 0x26, 0x36, 0x49, 0x06, 0x68, 0xA3, 0x28, 0x9A, 0x71, 0xD5, 0x96, 0x41,
    0x90, 0x6E, 0x20, 0xBB, 0x24, 0xCD, 0xD8, 0x27, 0x59, 0xF7, 0xB8, 0xE1, 0xB3, 0xB2, 0x0E, 0x39,
    0x62, 0xA7, 0x22, 0x49, 0x95, 0xB5, 0xE7, 0x94, 0xD5, 0x30, 0x66, 0x61, 0x60, 0x51, 0x43, 0x95,
    0x05, 0x2A, 0x6B, 0xF0, 0x22, 0x92, 0xDE, 0x94, 0x25, 0xA1, 0xE9, 0x2C, 0x3D, 0x24, 0x9D, 0xE6,
    0x09, 0x1D, 0x5D, 0xA9, 0x37, 0xE2, 0x13, 0x62, 0x80, 0x03, 0x13, 0x40, 0xC9, 0x72, 0x60, 0xC1,
    0x40, 0x0C, 0x85, 0x71, 0xFC, 0x8B, 0x20, 0x08, 0xD2, 0x0D, 0x6E, 0x84, 0x8E, 0x90, 0x6C, 0xD2,
    0x35, 0x0A, 0xD5, 0x9B, 0xA2, 0xB3, 0x14, 0x68, 0x47, 0xC8, 0x08, 0xD7, 0x1D, 0x82, 0xC3, 0xE5,
    0x7D, 0xFD, 0x9E, 0xFB, 0x78, 0xFE, 0xF8, 0x79, 0x67, 0x26, 0x7C, 0x91, 0xCD, 0x53, 0xD8, 0x3D,
    0x95, 0xC3, 0x63, 0x2F, 0xC7, 0xD8, 0x51, 0x9B, 0xE8, 0x8B, 0x22, 0xAC, 0xBF, 0x77, 0x16, 0x92,
    0x47, 0x9A, 0x88, 0x4A, 0x66, 0x2B, 0xE4, 0xD0, 0x67, 0x25, 0xFB, 0x95, 0xE3, 0x49, 0xB6, 0x0F,
    0xF7, 0x85, 0x26, 0xDE, 0x12, 0x2D, 0x91, 0x6B, 0xA0, 0x65, 0x1A, 0x20, 0xE4, 0x0E, 0x2C, 0x14,
    0x01, 0x69, 0x26, 0xAE, 0x40, 0x38, 0xA2, 0x41, 0x7B, 0x44, 0x91, 0xF0, 0xB6, 0x79, 0x44, 0x9E,
    0x20, 0xF2, 0xDD, 0xCF, 0x5C, 0x74, 0x7F,
};

static const EpdGlyph notosans_14_boldGlyphs[] = {
    { 0, 0, 0, 0, 0, 0, 0 }, // U+0000
    { 0, 0, 121, 0, 0, 0, 0 }, // U+000D
    { 0, 0, 121, 0, 0, 0, 0 }, // U+0020
    { 6, 22, 132, 1, 21, 33, 0 }, // !
    { 12, 8, 224, 1, 21, 24, 33 }, // "
    { 19, 21, 302, 0, 21, 100, 57 }, // #
    { 15, 25, 267, 1, 23, 94, 157 }, // $
    { 26, 23, 421, 0, 22, 150, 251 }, // %
    { 21, 23, 350, 1, 22, 121, 401 }, // &
    { 5, 8, 124, 1, 21, 10, 522 }, // '
    { 9, 26, 158, 1, 21, 59, 532 }, // (
    { 9, 26, 158, 0, 21, 59, 591 }, // )
    { 15, 15, 253, 0, 23, 57, 650 }, // *
    { 15, 15, 267, 1, 18, 57, 707 }, // +
    { 7, 8, 133, 0, 4, 14, 764 }, // ,
    { 9, 4, 149, 0, 10, 9, 778 }, // -
    { 6, 6, 131, 1, 5, 9, 787 }, // .
    { 12, 22, 194, 0, 21, 66, 796 }, // /
    { 16, 23, 282, 1, 22, 92, 862 }, // 0
    { 11, 21, 241, 0, 21, 58, 954 }, // 1
    { 16, 22, 261, 0, 22, 88, 1012 }, // 2
    { 15, 23, 267, 1, 22, 87, 1100 }, // 3
    { 17, 21, 271, 0, 21, 90, 1187 }, // 4
    { 15, 22, 270, 1, 21, 83, 1277 }, // 5
    { 16, 23, 281, 1, 22, 92, 1360 }, // 6
    { 16, 21, 249, 0, 21, 84, 1452 }, // 7
    { 16, 23, 278, 1, 22, 92, 1536 }, // 8
    { 16, 23, 281, 1, 22, 92, 1628 }, // 9
    { 6, 18, 131, 1, 17, 27, 1720 }, // :
    { 7, 21, 133, 0, 17, 37, 1747 }, // ;
    { 15, 17, 267, 1, 19, 64, 1784 }, // <
    { 15, 10, 267, 1, 15, 38, 1848 }, // =
    { 15, 17, 267, 1, 19, 64, 1886 }, // >
    { 14, 23, 223, 0, 22, 81, 1950 }, // ?
    { 24, 24, 419, 1, 21, 144, 2031 }, // @
    { 21, 21, 323, 0, 21, 111, 2175 }, // A
    { 16, 21, 310, 2, 21, 84, 2286 }, // B
    { 17, 23, 300, 1, 22, 98, 2370 }, // C
    { 18, 21, 342, 2, 21, 95, 2468 }, // D
    { 13, 21, 261, 2, 21, 69, 2563 }, // E
    { 13, 21, 256, 2, 21, 69, 2632 }, // F
    { 18, 23, 338, 1, 22, 104, 2701 }, // G
    { 18, 21, 357, 2, 21, 95, 2805 }, // H
    { 11, 21, 182, 0, 21, 58, 2900 }, // I
    { 11, 28, 154, -3, 21, 77, 2958 }, // J
    { 18, 21, 310, 2, 21, 95, 3035 }, // K
    { 14, 21, 261, 2, 21, 74, 3130 }, // L
    { 23, 21, 440, 2, 21, 121, 3204 }, // M
    { 20, 21, 379, 2, 21, 105, 3325 }, // N
    { 21, 23, 369, 1, 22, 121, 3430 }, // O
    { 15, 21, 290, 2, 21, 79, 3551 }, // P
    { 21, 27, 369, 1, 22, 142, 3630 }, // Q
    { 18, 21, 306, 2, 21, 95, 3772 }, // R
    { 14, 23, 257, 1, 22, 81, 3867 }, // S
    { 17, 21, 269, 0, 21, 90, 3948 }, // T
    { 18, 22, 353, 2, 21, 99, 4038 }, // U
    { 19, 21, 303, 0, 21, 100, 4137 }, // V
    { 29, 21, 451, 0, 21, 153, 4237 }, // W
    { 20, 21, 313, 0, 21, 105, 4390 }, // X
    { 19, 21, 292, 0, 21, 100, 4495 }, // Y
    { 17, 21, 270, 0, 21, 90, 4595 }, // Z
    { 7, 26, 154, 2, 21, 46, 4685 }, // [
    { 12, 22, 194, 0, 21, 66, 4731 }, // <backslash>
    { 8, 26, 154, 0, 21, 52, 4797 }, // ]
    { 17, 14, 267, 0, 21, 60, 4849 }, // ^
    { 14, 3, 192, -1, -2, 11, 4909 }, // _
    { 9, 6, 170, 1, 23, 14, 4920 }, // `
    { 15, 18, 280, 1, 17, 68, 4934 }, // a
    { 16, 24, 295, 2, 23, 96, 5002 }, // b
    { 14, 18, 241, 1, 17, 63, 5098 }, // c
    { 16, 24, 295, 1, 23, 96, 5161 }, // d
    { 16, 18, 279, 1, 17, 72, 5257 }, // e
    { 13, 23, 181, 0, 23, 75, 5329 }, // f
    { 16, 24, 295, 1, 17, 96, 5404 }, // g
    { 15, 23, 303, 2, 23, 87, 5500 }, // h
    { 6, 23, 140, 1, 23, 35, 5587 }, // i
    { 9, 30, 139, -2, 23, 68, 5622 }, // j
    { 17, 23, 289, 2, 23, 98, 5690 }, // k
    { 5, 23, 139, 2, 23, 29, 5788 }, // l
    { 25, 17, 455, 2, 17, 107, 5817 }, // m
    { 15, 17, 303, 2, 17, 64, 5924 }, // n
    { 16, 18, 292, 1, 17, 72, 5988 }, // o
    { 16, 24, 295, 2, 17, 96, 6060 }, // p
    { 16, 24, 295, 1, 17, 96, 6156 }, // q
    { 11, 17, 209, 2, 17, 47, 6252 }, // r
    { 13, 18, 234, 1, 17, 59, 6299 }, // s
    { 12, 21, 203, 0, 20, 63, 6358 }, // t
    { 15, 17, 303, 2, 16, 64, 6421 }, // u
    { 17, 16, 267, 0, 16, 68, 6485 }, // v
    { 25, 16, 400, 0, 16, 100, 6553 }, // w
    { 17, 16, 270, 0, 16, 68, 6653 }, // x
    { 17, 23, 267, 0, 16, 98, 6721 }, // y
    { 14, 16, 230, 0, 16, 56, 6819 }, // z
    { 11, 26, 184, 0, 21, 72, 6875 }, // {
    { 4, 30, 257, 6, 23, 30, 6947 }, // |
    { 11, 26, 184, 1, 21, 72, 6977 }, // }
    { 15, 6, 267, 1, 13, 23, 7049 }, // ~
    { 0, 0, 121, 0, 0, 0, 0 }, // U+00A0
    { 6, 22, 133, 1, 16, 33, 0 }, // U+00A1
    { 13, 23, 267, 2, 22, 75, 33 }, // U+00A2
    { 16, 22, 267, 1, 22, 88, 108 }, // U+00A3
    { 14, 14, 265, 1, 17, 49, 196 }, // U+00A4
    { 17, 21, 267, 0, 21, 90, 245 }, // U+00A5
    { 4, 30, 257, 6, 23, 30, 335 }, // U+00A6
    { 12, 24, 227, 1, 23, 72, 365 }, // U+00A7
    { 11, 4, 277, 3, 22, 11, 437 }, // U+00A8
    { 22, 23, 388, 1, 22, 127, 448 }, // U+00A9
    { 10, 12, 178, 0, 22, 30, 575 }, // U+00AA
    { 16, 14, 287, 1, 15, 56, 605 }, // U+00AB
    { 15, 9, 267, 1, 12, 34, 661 }, // U+00AC
    { 9, 4, 149, 0, 10, 9, 695 }, // U+00AD
    { 22, 23, 388, 1, 22, 127, 704 }, // U+00AE
    { 16, 4, 233, -1, 26, 16, 831 }, // U+00AF
    { 11, 11, 198, 1, 22, 31, 847 }, // U+00B0
    { 15, 19, 267, 1, 19, 72, 878 }, // U+00B1
    { 10, 13, 177, 0, 25, 33, 950 }, // U+00B2
    { 11, 14, 177, 0, 25, 39, 983 }, // U+00B3
    { 9, 6, 170, 1, 23, 14, 1022 }, // U+00B4
    { 15, 23, 305, 2, 16, 87, 1036 }, // U+00B5
    { 16, 27, 302, 1, 23, 108, 1123 }, // U+00B6
    { 6, 6, 131, 1, 13, 9, 1231 }, // U+00B7
    { 8, 7, 123, 0, 0, 14, 1240 }, // U+00B8
    { 9, 13, 177, 0, 25, 30, 1254 }, // U+00B9
    { 11, 12, 180, 0, 22, 33, 1284 }, // U+00BA
    { 16, 14, 287, 1, 15, 56, 1317 }, // U+00BB
    { 24, 21, 387, 0, 21, 126, 1373 }, // U+00BC
    { 25, 21, 408, 0, 21, 132, 1499 }, // U+00BD
    { 24, 22, 394, 1, 22, 132, 1631 }, // U+00BE
    { 14, 23, 223, 0, 17, 81, 1763 }, // U+00BF
    { 21, 28, 323, 0, 28, 147, 1844 }, // U+00C0
    { 21, 28, 323, 0, 28, 147, 1991 }, // U+00C1
    { 21, 28, 323, 0, 28, 147, 2138 }, // U+00C2
    { 21, 28, 323, 0, 28, 147, 2285 }, // U+00C3
    { 21, 27, 323, 0, 27, 142, 2432 }, // U+00C4
    { 21, 26, 323, 0, 26, 137, 2574 }, // U+00C5
    { 27, 21, 444, 0, 21, 142, 2711 }, // U+00C6
    { 17, 29, 300, 1, 22, 124, 2853 }, // U+00C7
    { 13, 28, 261, 2, 28, 91, 2977 }, // U+00C8
    { 13, 28, 261, 2, 28, 91, 3068 }, // U+00C9
    { 13, 28, 261, 2, 28, 91, 3159 }, // U+00CA
    { 13, 27, 261, 2, 27, 88, 3250 }, // U+00CB
    { 11, 28, 182, 0, 28, 77, 3338 }, // U+00CC
    { 11, 28, 182, 0, 28, 77, 3415 }, // U+00CD
    { 13, 28, 182, -1, 28, 91, 3492 }, // U+00CE
    { 11, 27, 182, 0, 27, 75, 3583 }, // U+00CF
    { 20, 21, 342, 0, 21, 105, 3658 }, // U+00D0
    { 20, 28, 376, 2, 28, 140, 3763 }, // U+00D1
    { 21, 29, 369, 1, 28, 153, 3903 }, // U+00D2
    { 21, 29, 369, 1, 28, 153, 4056 }, // U+00D3
    { 21, 29, 369, 1, 28, 153, 4209 }, // U+00D4
    { 21, 29, 369, 1, 28, 153, 4362 }, // U+00D5
    { 21, 28, 369, 1, 27, 147, 4515 }, // U+00D6
    { 14, 14, 267, 1, 17, 49, 4662 }, // U+00D7
    { 21, 24, 369, 1, 22, 126, 4711 }, // U+00D8
    { 18, 29, 353, 2, 28, 131, 4837 }, // U+00D9
    { 18, 29, 353, 2, 28, 131, 4968 }, // U+00DA
    { 18, 29, 353, 2, 28, 131, 5099 }, // U+00DB
    { 18, 28, 353, 2, 27, 126, 5230 }, // U+00DC
    { 19, 28, 292, 0, 28, 133, 5356 }, // U+00DD
    { 15, 21, 293, 2, 21, 79, 5489 }, // U+00DE
    { 18, 24, 329, 2, 23, 108, 5568 }, // U+00DF
    { 15, 24, 280, 1, 23, 90, 5676 }, // U+00E0
    { 15, 24, 280, 1, 23, 90, 5766 }, // U+00E1
    { 15, 24, 280, 1, 23, 90, 5856 }, // U+00E2
    { 15, 24, 280, 1, 23, 90, 5946 }, // U+00E3
    { 15, 23, 280, 1, 22, 87, 6036 }, // U+00E4
    { 15, 26, 280, 1, 25, 98, 6123 }, // U+00E5
    { 25, 18, 428, 1, 17, 113, 6221 }, // U+00E6
    { 14, 24, 241, 1, 17, 84, 6334 }, // U+00E7
    { 16, 24, 279, 1, 23, 96, 6418 }, // U+00E8
    { 16, 24, 279, 1, 23, 96, 6514 }, // U+00E9
    { 16, 24, 279, 1, 23, 96, 6610 }, // U+00EA
    { 16, 23, 279, 1, 22, 92, 6706 }, // U+00EB
    { 10, 23, 140, -1, 23, 58, 6798 }, // U+00EC
    { 9, 23, 140, 2, 23, 52, 6856 }, // U+00ED
    { 13, 23, 140, -2, 23, 75, 6908 }, // U+00EE
    { 11, 22, 140, -1, 22, 61, 6983 }, // U+00EF
    { 16, 24, 293, 1, 23, 96, 7044 }, // U+00F0
    { 15, 23, 303, 2, 23, 87, 7140 }, // U+00F1
    { 16, 24, 292, 1, 23, 96, 7227 }, // U+00F2
    { 16, 24, 292, 1, 23, 96, 7323 }, // U+00F3
    { 16, 24, 292, 1, 23, 96, 7419 }, // U+00F4
    { 16, 24, 292, 1, 23, 96, 7515 }, // U+00F5
    { 16, 23, 292, 1, 22, 92, 7611 }, // U+00F6
    { 15, 15, 267, 1, 18, 57, 7703 }, // U+00F7
    { 16, 19, 289, 1, 17, 76, 7760 }, // U+00F8
    { 15, 24, 303, 2, 23, 90, 7836 }, // U+00F9
    { 15, 24, 303, 2, 23, 90, 7926 }, // U+00FA
    { 15, 24, 303, 2, 23, 90, 8016 }, // U+00FB
    { 15, 23, 303, 2, 22, 87, 8106 }, // U+00FC
    { 17, 30, 267, 0, 23, 128, 8193 }, // U+00FD
    { 16, 30, 295, 2, 23, 120, 8321 }, // U+00FE
    { 17, 29, 267, 0, 22, 124, 8441 }, // U+00FF
    { 21, 26, 323, 0, 26, 137, 0 }, // U+0100
    { 15, 22, 280, 1, 21, 83, 137 }, // U+0101
    { 21, 28, 323, 0, 28, 147, 220 }, // U+0102
    { 15, 24, 280, 1, 23, 90, 367 }, // U+0103
    { 21, 28, 323, 0, 21, 147, 457 }, // U+0104
    { 15, 24, 280, 1, 17, 90, 604 }, // U+0105
    { 17, 29, 300, 1, 28, 124, 694 }, // U+0106
    { 14, 24, 241, 1, 23, 84, 818 }, // U+0107
    { 17, 29, 300, 1, 28, 124, 902 }, // U+0108
    { 14, 24, 241, 1, 23, 84, 1026 }, // U+0109
    { 17, 29, 300, 1, 28, 124, 1110 }, // U+010A
    { 14, 24, 241, 1, 23, 84, 1234 }, // U+010B
    { 17, 29, 300, 1, 28, 124, 1318 }, // U+010C
    { 14, 24, 241, 1, 23, 84, 1442 }, // U+010D
    { 18, 28, 342, 2, 28, 126, 1526 }, // U+010E
    { 22, 24, 295, 1, 23, 132, 1652 }, // U+010F
    { 20, 21, 342, 0, 21, 105, 1784 }, // U+0110
    { 18, 24, 301, 1, 23, 108, 1889 }, // U+0111
    { 13, 26, 261, 2, 26, 85, 1997 }, // U+0112
    { 16, 22, 279, 1, 21, 88, 2082 }, // U+0113
    { 13, 28, 261, 2, 28, 91, 2170 }, // U+0114
    { 16, 24, 279, 1, 23, 96, 2261 }, // U+0115
    { 13, 28, 261, 2, 28, 91, 2357 }, // U+0116
    { 16, 24, 279, 1, 23, 96, 2448 }, // U+0117
    { 13, 28, 261, 2, 21, 91, 2544 }, // U+0118
    { 16, 24, 276, 1, 17, 96, 2635 }, // U+0119
    { 14, 28, 261, 2, 28, 98, 2731 }, // U+011A
    { 16, 24, 279, 1, 23, 96, 2829 }, // U+011B
    { 18, 29, 338, 1, 28, 131, 2925 }, // U+011C
    { 16, 30, 295, 1, 23, 120, 3056 }, // U+011D
    { 18, 29, 338, 1, 28, 131, 3176 }, // U+011E
    { 16, 30, 295, 1, 23, 120, 3307 }, // U+011F
    { 18, 29, 338, 1, 28, 131, 3427 }, // U+0120
    { 16, 30, 295, 1, 23, 120, 3558 }, // U+0121
    { 18, 29, 338, 1, 22, 131, 3678 }, // U+0122
    { 16, 30, 295, 1, 23, 120, 3809 }, // U+0123
    { 18, 28, 357, 2, 28, 126, 3929 }, // U+0124
    { 19, 29, 303, -2, 29, 138, 4055 }, // U+0125
    { 23, 21, 358, 0, 21, 121, 4193 }, // U+0126
    { 17, 23, 307, 0, 23, 98, 4314 }, // U+0127
    { 12, 28, 182, -1, 28, 84, 4412 }, // U+0128
    { 13, 23, 140, -2, 23, 75, 4496 }, // U+0129
    { 11, 26, 182, 0, 26, 72, 4571 }, // U+012A
    { 11, 21, 140, -1, 21, 58, 4643 }, // U+012B
    { 12, 28, 182, 0, 28, 84, 4701 }, // U+012C
    { 12, 23, 140, -1, 23, 69, 4785 }, // U+012D
    { 11, 28, 182, 0, 21, 77, 4854 }, // U+012E
    { 6, 30, 140, 1, 23, 45, 4931 }, // U+012F
    { 11, 28, 182, 0, 28, 77, 4976 }, // U+0130
    { 5, 16, 140, 2, 16, 20, 5053 }, // U+0131
    { 19, 28, 337, 0, 21, 133, 5073 }, // U+0132
    { 15, 30, 285, 1, 23, 113, 5206 }, // U+0133
    { 14, 35, 154, -3, 28, 123, 5319 }, // U+0134
    { 13, 30, 139, -2, 23, 98, 5442 }, // U+0135
    { 18, 28, 308, 2, 21, 126, 5540 }, // U+0136
    { 17, 30, 289, 2, 23, 128, 5666 }, // U+0137
    { 17, 16, 289, 2, 16, 68, 5794 }, // U+0138
    { 14, 28, 261, 2, 28, 98, 5862 }, // U+0139
    { 10, 29, 139, 1, 29, 73, 5960 }, // U+013A
    { 14, 28, 261, 2, 21, 98, 6033 }, // U+013B
    { 6, 30, 139, 1, 23, 45, 6131 }, // U+013C
    { 15, 21, 261, 2, 21, 79, 6176 }, // U+013D
    { 11, 23, 139, 2, 23, 64, 6255 }, // U+013E
    { 14, 21, 261, 2, 21, 74, 6319 }, // U+013F
    { 11, 23, 172, 2, 23, 64, 6393 }, // U+0140
    { 16, 21, 264, 0, 21, 84, 6457 }, // U+0141
    { 11, 23, 142, -1, 23, 64, 6541 }, // U+0142
    { 20, 28, 376, 2, 28, 140, 6605 }, // U+0143
    { 15, 23, 303, 2, 23, 87, 6745 }, // U+0144
    { 20, 28, 376, 2, 21, 140, 6832 }, // U+0145
    { 15, 24, 303, 2, 17, 90, 6972 }, // U+0146
    { 20, 28, 376, 2, 28, 140, 7062 }, // U+0147
    { 15, 23, 303, 2, 23, 87, 7202 }, // U+0148
    { 22, 21, 362, -1, 21, 116, 7289 }, // U+0149
    { 20, 28, 379, 2, 21, 140, 7405 }, // U+014A
    { 15, 24, 303, 2, 17, 90, 7545 }, // U+014B
    { 21, 27, 369, 1, 26, 142, 7635 }, // U+014C
    { 16, 22, 292, 1, 21, 88, 7777 }, // U+014D
    { 21, 29, 369, 1, 28, 153, 7865 }, // U+014E
    { 16, 24, 292, 1, 23, 96, 8018 }, // U+014F
    { 21, 29, 369, 1, 28, 153, 8114 }, // U+0150
    { 16, 24, 292, 1, 23, 96, 8267 }, // U+0151
    { 26, 23, 454, 1, 22, 150, 8363 }, // U+0152
    { 27, 18, 456, 1, 17, 122, 8513 }, // U+0153
    { 18, 28, 306, 2, 28, 126, 8635 }, // U+0154
    { 12, 23, 209, 2, 23, 69, 8761 }, // U+0155
    { 18, 28, 306, 2, 21, 126, 8830 }, // U+0156
    { 12, 24, 209, 1, 17, 72, 8956 }, // U+0157
    { 18, 28, 306, 2, 28, 126, 9028 }, // U+0158
    { 13, 23, 209, 1, 23, 75, 9154 }, // U+0159
    { 14, 29, 257, 1, 28, 102, 9229 }, // U+015A
    { 13, 24, 234, 1, 23, 78, 9331 }, // U+015B
    { 14, 29, 257, 1, 28, 102, 9409 }, // U+015C
    { 13, 24, 234, 1, 23, 78, 9511 }, // U+015D
    { 14, 29, 257, 1, 22, 102, 9589 }, // U+015E
    { 13, 24, 234, 1, 17, 78, 9691 }, // U+015F
    { 14, 29, 257, 1, 28, 102, 9769 }, // U+0160
    { 13, 24, 234, 1, 23, 78, 9871 }, // U+0161
    { 17, 28, 269, 0, 21, 119, 9949 }, // U+0162
    { 12, 27, 203, 0, 20, 81, 10068 }, // U+0163
    { 17, 28, 269, 0, 28, 119, 10149 }, // U+0164
    { 17, 24, 203, 0, 23, 102, 10268 }, // U+0165
    { 17, 21, 269, 0, 21, 90, 10370 }, // U+0166
    { 12, 21, 203, 0, 20, 63, 10460 }, // U+0167
    { 18, 29, 353, 2, 28, 131, 10523 }, // U+0168
    { 15, 24, 303, 2, 23, 90, 10654 }, // U+0169
    { 18, 27, 353, 2, 26, 122, 10744 }, // U+016A
    { 15, 22, 303, 2, 21, 83, 10866 }, // U+016B
    { 18, 29, 353, 2, 28, 131, 10949 }, // U+016C
    { 15, 24, 303, 2, 23, 90, 11080 }, // U+016D
    { 18, 31, 353, 2, 30, 140, 11170 }, // U+016E
    { 15, 26, 303, 2, 25, 98, 11310 }, // U+016F
    { 18, 29, 353, 2, 28, 131, 11408 }, // U+0170
    { 15, 24, 303, 2, 23, 90, 11539 }, // U+0171
    { 18, 28, 353, 2, 21, 126, 11629 }, // U+0172
    { 15, 23, 303, 2, 16, 87, 11755 }, // U+0173
    { 29, 28, 451, 0, 28, 203, 11842 }, // U+0174
    { 25, 23, 402, 0, 23, 144, 12045 }, // U+0175
    { 19, 28, 292, 0, 28, 133, 12189 }, // U+0176
    { 17, 30, 267, 0, 23, 128, 12322 }, // U+0177
    { 19, 27, 292, 0, 27, 129, 12450 }, // U+0178
    { 17, 28, 270, 0, 28, 119, 12579 }, // U+0179
    { 14, 23, 230, 0, 23, 81, 12698 }, // U+017A
    { 17, 28, 270, 0, 28, 119, 12779 }, // U+017B
    { 14, 23, 230, 0, 23, 81, 12898 }, // U+017C
    { 17, 28, 270, 0, 28, 119, 12979 }, // U+017D
    { 14, 23, 230, 0, 23, 81, 13098 }, // U+017E
    { 10, 23, 179, 2, 23, 58, 13179 }, // U+017F
    { 24, 24, 383, 1, 23, 144, 0 }, // U+01A0
    { 20, 20, 318, 1, 19, 100, 144 }, // U+01A1
    { 25, 24, 413, 2, 23, 150, 244 }, // U+01AF
    { 22, 20, 353, 2, 19, 110, 394 }, // U+01B0
    { 36, 28, 611, 2, 28, 252, 504 }, // U+01C4
    { 34, 23, 572, 2, 23, 196, 756 }, // U+01C5
    { 32, 24, 525, 1, 23, 192, 952 }, // U+01C6
    { 22, 28, 418, 2, 21, 154, 1144 }, // U+01C7
    { 22, 30, 406, 2, 23, 165, 1298 }, // U+01C8
    { 14, 30, 285, 2, 23, 105, 1463 }, // U+01C9
    { 29, 28, 534, 2, 21, 203, 1568 }, // U+01CA
    { 29, 30, 522, 2, 23, 218, 1771 }, // U+01CB
    { 24, 30, 449, 2, 23, 180, 1989 }, // U+01CC
    { 21, 28, 323, 0, 28, 147, 2169 }, // U+01CD
    { 15, 24, 280, 1, 23, 90, 2316 }, // U+01CE
    { 13, 28, 182, -1, 28, 91, 2406 }, // U+01CF
    { 13, 23, 140, -2, 23, 75, 2497 }, // U+01D0
    { 21, 29, 369, 1, 28, 153, 2572 }, // U+01D1
    { 16, 24, 292, 1, 23, 96, 2725 }, // U+01D2
    { 18, 29, 353, 2, 28, 131, 2821 }, // U+01D3
    { 15, 24, 303, 2, 23, 90, 2952 }, // U+01D4
    { 18, 31, 353, 2, 30, 140, 3042 }, // U+01D5
    { 15, 26, 303, 2, 25, 98, 3182 }, // U+01D6
    { 18, 32, 353, 2, 31, 144, 3280 }, // U+01D7
    { 15, 27, 303, 2, 26, 102, 3424 }, // U+01D8
    { 18, 32, 353, 2, 31, 144, 3526 }, // U+01D9
    { 15, 27, 303, 2, 26, 102, 3670 }, // U+01DA
    { 18, 32, 353, 2, 31, 144, 3772 }, // U+01DB
    { 15, 27, 303, 2, 26, 102, 3916 }, // U+01DC
    { 16, 18, 279, 1, 17, 72, 4018 }, // U+01DD
    { 21, 30, 323, 0, 30, 158, 4090 }, // U+01DE
    { 15, 26, 280, 1, 25, 98, 4248 }, // U+01DF
    { 21, 30, 323, 0, 30, 158, 4346 }, // U+01E0
    { 15, 27, 280, 1, 26, 102, 4504 }, // U+01E1
    { 27, 26, 444, 0, 26, 176, 4606 }, // U+01E2
    { 25, 22, 428, 1, 21, 138, 4782 }, // U+01E3
    { 20, 23, 338, 1, 22, 115, 4920 }, // U+01E4
    { 17, 24, 297, 1, 17, 102, 5035 }, // U+01E5
    { 18, 29, 338, 1, 28, 131, 5137 }, // U+01E6
    { 16, 30, 295, 1, 23, 120, 5268 }, // U+01E7
    { 18, 28, 308, 2, 28, 126, 5388 }, // U+01E8
    { 21, 29, 289, -2, 29, 153, 5514 }, // U+01E9
    { 21, 29, 369, 1, 22, 153, 5667 }, // U+01EA
    { 16, 24, 292, 1, 17, 96, 5820 }, // U+01EB
    { 21, 33, 369, 1, 26, 174, 5916 }, // U+01EC
    { 16, 28, 292, 1, 21, 112, 6090 }, // U+01ED
    { 17, 29, 276, 0, 28, 124, 6202 }, // U+01EE
    { 16, 30, 271, 0, 23, 120, 6326 }, // U+01EF
    { 13, 30, 139, -2, 23, 98, 6446 }, // U+01F0
    { 36, 21, 611, 2, 21, 189, 6544 }, // U+01F1
    { 33, 21, 572, 2, 21, 174, 6733 }, // U+01F2
    { 31, 24, 525, 1, 23, 186, 6907 }, // U+01F3
    { 18, 29, 338, 1, 28, 131, 7093 }, // U+01F4
    { 16, 30, 295, 1, 23, 120, 7224 }, // U+01F5
    { 27, 22, 489, 2, 21, 149, 7344 }, // U+01F6
    { 17, 29, 316, 2, 22, 124, 7493 }, // U+01F7
    { 20, 28, 376, 2, 28, 140, 7617 }, // U+01F8
    { 15, 23, 303, 2, 23, 87, 7757 }, // U+01F9
    { 21, 28, 323, 0, 28, 147, 7844 }, // U+01FA
    { 15, 30, 280, 1, 29, 113, 7991 }, // U+01FB
    { 27, 28, 444, 0, 28, 189, 8104 }, // U+01FC
    { 25, 24, 428, 1, 23, 150, 8293 }, // U+01FD
    { 21, 30, 369, 1, 28, 158, 8443 }, // U+01FE
    { 16, 25, 289, 1, 23, 100, 8601 }, // U+01FF
    { 21, 28, 323, 0, 28, 147, 8701 }, // U+0200
    { 15, 24, 280, 1, 23, 90, 8848 }, // U+0201
    { 21, 28, 323, 0, 28, 147, 8938 }, // U+0202
    { 15, 24, 280, 1, 23, 90, 9085 }, // U+0203
    { 14, 28, 261, 1, 28, 98, 9175 }, // U+0204
    { 16, 24, 279, 1, 23, 96, 9273 }, // U+0205
    { 13, 28, 261, 2, 28, 91, 9369 }, // U+0206
    { 16, 24, 279, 1, 23, 96, 9460 }, // U+0207
    { 14, 28, 182, -3, 28, 98, 9556 }, // U+0208
    { 13, 23, 140, -4, 23, 75, 9654 }, // U+0209
    { 12, 28, 182, 0, 28, 84, 9729 }, // U+020A
    { 12, 23, 140, -2, 23, 69, 9813 }, // U+020B
    { 21, 29, 369, 1, 28, 153, 9882 }, // U+020C
    { 16, 24, 292, 1, 23, 96, 10035 }, // U+020D
    { 21, 29, 369, 1, 28, 153, 10131 }, // U+020E
    { 16, 24, 292, 1, 23, 96, 10284 }, // U+020F
    { 19, 28, 306, 1, 28, 133, 10380 }, // U+0210
    { 14, 23, 209, -1, 23, 81, 10513 }, // U+0211
    { 18, 28, 306, 2, 28, 126, 10594 }, // U+0212
    { 12, 23, 209, 1, 23, 69, 10720 }, // U+0213
    { 18, 29, 353, 2, 28, 131, 10789 }, // U+0214
    { 16, 24, 303, 1, 23, 96, 10920 }, // U+0215
    { 18, 29, 353, 2, 28, 131, 11016 }, // U+0216
    { 15, 24, 303, 2, 23, 90, 11147 }, // U+0217
    { 14, 29, 257, 1, 22, 102, 11237 }, // U+0218
    { 13, 24, 234, 1, 17, 78, 11339 }, // U+0219
    { 17, 28, 269, 0, 21, 119, 11417 }, // U+021A
    { 12, 27, 203, 0, 20, 81, 11536 }, // U+021B
    { 17, 28, 294, 1, 22, 119, 11617 }, // U+021C
    { 14, 24, 236, 0, 17, 84, 11736 }, // U+021D
    { 18, 28, 357, 2, 28, 126, 11820 }, // U+021E
    { 19, 29, 303, -2, 29, 138, 11946 }, // U+021F
    { 9, 6, 0, -16, 23, 14, 0 }, // U+0300
    { 9, 6, 0, -11, 23, 14, 14 }, // U+0301
    { 12, 6, 0, -6, 23, 18, 28 }, // U+0302
    { 12, 6, 0, -16, 23, 18, 46 }, // U+0303
    { 10, 4, 0, -5, 21, 10, 64 }, // U+0304
    { 14, 4, 0, -7, 25, 14, 74 }, // U+0305
    { 12, 6, 0, -6, 23, 18, 88 }, // U+0306
    { 6, 6, 0, -3, 23, 9, 106 }, // U+0307
    { 12, 4, 0, -6, 22, 12, 115 }, // U+0308
    { 8, 8, 0, -13, 25, 16, 127 }, // U+0309
    { 8, 8, 0, -4, 25, 16, 143 }, // U+030A
    { 14, 6, 0, -5, 23, 21, 159 }, // U+030B
    { 13, 6, 0, -6, 23, 20, 180 }, // U+030C
    { 4, 6, 0, -2, 23, 6, 200 }, // U+030D
    { 8, 6, 0, -4, 23, 12, 206 }, // U+030E
    { 13, 6, 0, -17, 23, 20, 218 }, // U+030F
    { 12, 8, 0, -6, 25, 24, 238 }, // U+0310
    { 12, 6, 0, -6, 23, 18, 262 }, // U+0311
    { 6, 8, 0, -3, 21, 12, 280 }, // U+0312
    { 6, 8, 0, -3, 21, 12, 292 }, // U+0313
    { 6, 8, 0, -3, 21, 12, 304 }, // U+0314
    { 6, 8, 0, -3, 21, 12, 316 }, // U+0315
    { 9, 6, 0, -5, -1, 14, 328 }, // U+0316
    { 10, 6, 0, -5, -1, 15, 342 }, // U+0317
    { 6, 7, 0, -3, 0, 11, 357 }, // U+0318
    { 6, 7, 0, -3, 0, 11, 368 }, // U+0319
    { 8, 8, 140, 0, 23, 16, 379 }, // U+031A
    { 8, 8, 0, -3, 23, 16, 395 }, // U+031B
    { 4, 7, 0, -2, 0, 7, 411 }, // U+031C
    { 8, 6, 0, -4, -1, 12, 418 }, // U+031D
    { 8, 6, 0, -4, -1, 12, 430 }, // U+031E
    { 8, 7, 0, -4, 0, 14, 442 }, // U+031F
    { 7, 3, 0, -4, -3, 6, 456 }, // U+0320
    { 7, 9, 0, -7, 2, 16, 462 }, // U+0321
    { 7, 9, 0, 0, 2, 16, 478 }, // U+0322
    { 6, 6, 0, -13, -1, 9, 494 }, // U+0323
    { 12, 4, 0, -6, -2, 12, 503 }, // U+0324
    { 8, 8, 0, -4, 1, 16, 515 }, // U+0325
    { 6, 6, 0, -3, -1, 9, 531 }, // U+0326
    { 8, 7, 0, -4, 0, 14, 540 }, // U+0327
    { 6, 8, 0, -3, 1, 12, 554 }, // U+0328
    { 4, 6, 0, -2, -1, 6, 566 }, // U+0329
    { 12, 6, 0, -6, -1, 18, 572 }, // U+032A
    { 12, 5, 0, -6, -1, 15, 590 }, // U+032B
    { 13, 6, 0, -6, 0, 20, 605 }, // U+032C
    { 12, 6, 0, -6, -1, 18, 625 }, // U+032D
    { 12, 6, 0, -6, -1, 18, 643 }, // U+032E
    { 12, 6, 0, -6, -1, 18, 661 }, // U+032F
    { 12, 6, 0, -6, -1, 18, 679 }, // U+0330
    { 10, 4, 0, -5, -2, 10, 697 }, // U+0331
    { 14, 3, 0, -7, -2, 11, 707 }, // U+0332
    { 13, 7, 0, -7, 0, 23, 718 }, // U+0333
    { 13, 6, 0, -6, 11, 20, 741 }, // U+0334
    { 14, 4, 0, -7, 10, 14, 761 }, // U+0335
    { 22, 4, 0, -11, 10, 22, 775 }, // U+0336
    { 12, 9, 0, -6, 13, 27, 797 }, // U+0337
    { 14, 25, 0, -7, 23, 88, 824 }, // U+0338
    { 4, 7, 0, -2, 0, 7, 912 }, // U+0339
    { 12, 6, 0, -6, -1, 18, 919 }, // U+033A
    { 12, 7, 0, -6, 0, 21, 937 }, // U+033B
    { 12, 5, 0, -6, -1, 15, 958 }, // U+033C
    { 6, 7, 0, -3, 23, 11, 973 }, // U+033D
    { 4, 10, 0, -2, 26, 10, 984 }, // U+033E
    { 13, 7, 0, -7, 29, 23, 994 }, // U+033F
    { 9, 6, 0, -7, 23, 14, 1017 }, // U+0340
    { 9, 6, 0, -2, 23, 14, 1031 }, // U+0341
    { 13, 6, 0, -6, 23, 20, 1045 }, // U+0342
    { 6, 6, 0, -3, 23, 9, 1065 }, // U+0343
    { 17, 6, 0, -7, 23, 26, 1074 }, // U+0344
    { 7, 6, 0, -2, -1, 11, 1100 }, // U+0345
    { 14, 6, 0, -7, 23, 21, 1111 }, // U+0346
    { 13, 7, 0, -7, 0, 23, 1132 }, // U+0347
    { 8, 6, 0, -4, -1, 12, 1155 }, // U+0348
    { 6, 6, 0, -3, -1, 9, 1167 }, // U+0349
    { 12, 7, 0, -6, 23, 21, 1176 }, // U+034A
    { 12, 12, 0, -6, 28, 36, 1197 }, // U+034B
    { 12, 9, 0, -6, 26, 27, 1233 }, // U+034C
    { 12, 6, 0, -6, -1, 18, 1260 }, // U+034D
    { 6, 7, 0, -3, 0, 11, 1278 }, // U+034E
    { 22, 21, 0, -11, 21, 116, 1289 }, // U+034F
    { 6, 7, 0, -3, 24, 11, 1405 }, // U+0350
    { 5, 8, 0, -2, 24, 10, 1416 }, // U+0351
    { 12, 8, 0, -6, 25, 24, 1426 }, // U+0352
    { 6, 7, 0, -3, 0, 11, 1450 }, // U+0353
    { 6, 6, 0, -3, -1, 9, 1461 }, // U+0354
    { 6, 6, 0, -3, -1, 9, 1470 }, // U+0355
    { 12, 6, 0, -6, -1, 18, 1479 }, // U+0356
    { 5, 8, 0, -2, 24, 10, 1497 }, // U+0357
    { 6, 6, 0, 2, 23, 9, 1507 }, // U+0358
    { 8, 6, 0, -4, -1, 12, 1516 }, // U+0359
    { 12, 7, 0, -6, 0, 21, 1528 }, // U+035A
    { 6, 6, 0, -3, 23, 9, 1549 }, // U+035B
    { 24, 6, 0, -12, -1, 36, 1558 }, // U+035C
    { 24, 6, 0, -12, 23, 36, 1594 }, // U+035D
    { 18, 3, 0, -9, 20, 14, 1630 }, // U+035E
    { 18, 3, 0, -9, -2, 14, 1644 }, // U+035F
    { 24, 6, 0, -12, 23, 36, 1658 }, // U+0360
    { 24, 7, 0, -12, 26, 42, 1694 }, // U+0361
    { 24, 7, 0, -11, 0, 42, 1736 }, // U+0362
    { 8, 8, 0, -4, 25, 16, 1778 }, // U+0363
    { 7, 8, 0, -3, 25, 14, 1794 }, // U+0364
    { 3, 9, 0, -1, 27, 7, 1808 }, // U+0365
    { 8, 8, 0, -4, 25, 16, 1815 }, // U+0366
    { 8, 8, 0, -4, 25, 16, 1831 }, // U+0367
    { 7, 8, 0, -3, 25, 14, 1847 }, // U+0368
    { 8, 10, 0, -4, 27, 20, 1861 }, // U+0369
    { 7, 9, 0, -3, 27, 16, 1881 }, // U+036A
    { 12, 7, 0, -6, 25, 21, 1897 }, // U+036B
    { 6, 7, 0, -2, 25, 11, 1918 }, // U+036C
    { 6, 9, 0, -3, 26, 14, 1929 }, // U+036D
    { 9, 7, 0, -4, 25, 16, 1943 }, // U+036E
    { 8, 7, 0, -4, 25, 14, 1959 }, // U+036F
    { 13, 28, 262, 2, 28, 91, 0 }, // U+0400
    { 13, 27, 262, 2, 27, 88, 91 }, // U+0401
    { 22, 22, 357, 0, 21, 121, 179 }, // U+0402
    { 14, 28, 263, 2, 28, 98, 300 }, // U+0403
    { 17, 23, 304, 1, 22, 98, 398 }, // U+0404
    { 14, 23, 255, 1, 22, 81, 496 }, // U+0405
    { 5, 21, 151, 2, 21, 27, 577 }, // U+0406
    { 10, 28, 154, 0, 28, 70, 604 }, // U+0407
    { 11, 28, 154, -3, 21, 77, 674 }, // U+0408
    { 29, 22, 483, 0, 21, 160, 751 }, // U+0409
    { 28, 21, 496, 2, 21, 147, 911 }, // U+040A
    { 21, 21, 363, 0, 21, 111, 1058 }, // U+040B
    { 19, 28, 319, 2, 28, 133, 1169 }, // U+040C
    { 19, 28, 369, 2, 28, 133, 1302 }, // U+040D
    { 19, 29, 301, 0, 28, 138, 1435 }, // U+040E
    { 18, 26, 358, 2, 21, 117, 1573 }, // U+040F
    { 21, 21, 323, 0, 21, 111, 1690 }, // U+0410
    { 16, 21, 303, 2, 21, 84, 1801 }, // U+0411
    { 16, 21, 309, 2, 21, 84, 1885 }, // U+0412
    { 14, 21, 263, 2, 21, 74, 1969 }, // U+0413
    { 23, 26, 362, 0, 21, 150, 2043 }, // U+0414
    { 13, 21, 262, 2, 21, 69, 2193 }, // U+0415
    { 29, 21, 465, 0, 21, 153, 2262 }, // U+0416
    { 15, 23, 277, 1, 22, 87, 2415 }, // U+0417
    { 19, 21, 369, 2, 21, 100, 2502 }, // U+0418
    { 19, 28, 369, 2, 28, 133, 2602 }, // U+0419
    { 19, 21, 323, 2, 21, 100, 2735 }, // U+041A
    { 19, 22, 342, 0, 21, 105, 2835 }, // U+041B
    { 23, 21, 440, 2, 21, 121, 2940 }, // U+041C
    { 18, 21, 359, 2, 21, 95, 3061 }, // U+041D
    { 21, 23, 363, 1, 22, 121, 3156 }, // U+041E
    { 18, 21, 356, 2, 21, 95, 3277 }, // U+041F
    { 15, 21, 291, 2, 21, 79, 3372 }, // U+0420
    { 17, 23, 301, 1, 22, 98, 3451 }, // U+0421
    { 17, 21, 269, 0, 21, 90, 3549 }, // U+0422
    { 19, 22, 301, 0, 21, 105, 3639 }, // U+0423
    { 24, 23, 421, 1, 22, 138, 3744 }, // U+0424
    { 20, 21, 311, 0, 21, 105, 3882 }, // U+0425
    { 21, 26, 362, 2, 21, 137, 3987 }, // U+0426
    { 17, 21, 336, 2, 21, 90, 4124 }, // U+0427
    { 27, 21, 498, 2, 21, 142, 4214 }, // U+0428
    { 30, 26, 501, 2, 21, 195, 4356 }, // U+0429
    { 21, 21, 352, 0, 21, 111, 4551 }, // U+042A
    { 23, 21, 429, 2, 21, 121, 4662 }, // U+042B
    { 16, 21, 301, 2, 21, 84, 4783 }, // U+042C
    { 17, 23, 306, 1, 22, 98, 4867 }, // U+042D
    { 27, 23, 475, 2, 22, 156, 4965 }, // U+042E
    { 18, 21, 318, 0, 21, 95, 5121 }, // U+042F
    { 15, 18, 278, 1, 17, 68, 5216 }, // U+0430
    { 16, 24, 291, 1, 23, 96, 5284 }, // U+0431
    { 15, 16, 278, 2, 16, 60, 5380 }, // U+0432
    { 12, 16, 222, 2, 16, 48, 5440 }, // U+0433
    { 19, 21, 297, 0, 16, 100, 5488 }, // U+0434
    { 15, 18, 273, 1, 17, 68, 5588 }, // U+0435
    { 26, 16, 404, 0, 16, 104, 5656 }, // U+0436
    { 14, 18, 240, 0, 17, 63, 5760 }, // U+0437
    { 16, 16, 315, 2, 16, 64, 5823 }, // U+0438
    { 16, 23, 315, 2, 23, 92, 5887 }, // U+0439
    { 16, 16, 288, 2, 16, 64, 5979 }, // U+043A
    { 17, 17, 291, 0, 16, 73, 6043 }, // U+043B
    { 21, 16, 391, 2, 16, 84, 6116 }, // U+043C
    { 15, 16, 306, 2, 16, 60, 6200 }, // U+043D
    { 16, 18, 290, 1, 17, 72, 6260 }, // U+043E
    { 15, 16, 303, 2, 16, 60, 6332 }, // U+043F
    { 16, 24, 296, 2, 17, 96, 6392 }, // U+0440
    { 14, 18, 245, 1, 17, 63, 6488 }, // U+0441
    { 15, 16, 236, 0, 16, 60, 6551 }, // U+0442
    { 18, 23, 267, -1, 16, 104, 6611 }, // U+0443
    { 22, 30, 378, 1, 23, 165, 6715 }, // U+0444
    { 17, 16, 269, 0, 16, 68, 6880 }, // U+0445
    { 17, 21, 303, 2, 16, 90, 6948 }, // U+0446
    { 16, 16, 297, 1, 16, 64, 7038 }, // U+0447
    { 24, 16, 445, 2, 16, 96, 7102 }, // U+0448
    { 26, 21, 445, 2, 16, 137, 7198 }, // U+0449
    { 19, 16, 313, 0, 16, 76, 7335 }, // U+044A
    { 21, 16, 399, 2, 16, 84, 7411 }, // U+044B
    { 15, 16, 276, 2, 16, 60, 7495 }, // U+044C
    { 14, 18, 245, 1, 17, 63, 7555 }, // U+044D
    { 22, 18, 397, 2, 17, 99, 7618 }, // U+044E
    { 16, 16, 282, 0, 16, 64, 7717 }, // U+044F
    { 15, 24, 273, 1, 23, 90, 7781 }, // U+0450
    { 15, 23, 273, 1, 22, 87, 7871 }, // U+0451
    { 17, 30, 305, 0, 23, 128, 7958 }, // U+0452
    { 12, 23, 224, 2, 23, 69, 8086 }, // U+0453
    { 14, 18, 245, 1, 17, 63, 8155 }, // U+0454
    { 13, 18, 232, 1, 17, 59, 8218 }, // U+0455
    { 5, 23, 144, 2, 23, 29, 8277 }, // U+0456
    { 9, 23, 140, 0, 23, 52, 8306 }, // U+0457
    { 9, 30, 139, -2, 23, 68, 8358 }, // U+0458
    { 25, 17, 419, 0, 16, 107, 8426 }, // U+0459
    { 24, 16, 432, 2, 16, 96, 8533 }, // U+045A
    { 17, 23, 305, 0, 23, 98, 8629 }, // U+045B
    { 16, 23, 288, 2, 23, 92, 8727 }, // U+045C
    { 16, 23, 315, 2, 23, 92, 8819 }, // U+045D
    { 18, 30, 267, -1, 23, 135, 8911 }, // U+045E
    { 15, 21, 303, 2, 16, 79, 9046 }, // U+045F
    { 28, 21, 445, 0, 21, 147, 9125 }, // U+0460
    { 25, 16, 413, 0, 16, 100, 9272 }, // U+0461
    { 19, 21, 314, 0, 21, 100, 9372 }, // U+0462
    { 19, 20, 311, 0, 20, 95, 9472 }, // U+0463
    { 25, 23, 443, 2, 22, 144, 9567 }, // U+0464
    { 21, 18, 375, 2, 17, 95, 9711 }, // U+0465
    { 22, 21, 341, 0, 21, 116, 9806 }, // U+0466
    { 19, 16, 299, 0, 16, 76, 9922 }, // U+0467
    { 28, 21, 469, 2, 21, 147, 9998 }, // U+0468
    { 25, 16, 421, 2, 16, 100, 10145 }, // U+0469
    { 23, 21, 375, 0, 21, 121, 10245 }, // U+046A
    { 18, 16, 291, 0, 16, 72, 10366 }, // U+046B
    { 29, 21, 501, 2, 21, 153, 10438 }, // U+046C
    { 24, 16, 411, 2, 16, 96, 10591 }, // U+046D
    { 18, 33, 295, 0, 26, 149, 10687 }, // U+046E
    { 16, 27, 259, 0, 20, 108, 10836 }, // U+046F
    { 22, 21, 411, 2, 21, 116, 10944 }, // U+0470
    { 21, 30, 393, 2, 23, 158, 11060 }, // U+0471
    { 21, 23, 369, 1, 22, 121, 11218 }, // U+0472
    { 16, 18, 289, 1, 17, 72, 11339 }, // U+0473
    { 21, 21, 335, 0, 21, 111, 11411 }, // U+0474
    { 18, 17, 282, 0, 17, 77, 11522 }, // U+0475
    { 21, 28, 335, 0, 28, 147, 11599 }, // U+0476
    { 18, 23, 282, 0, 23, 104, 11746 }, // U+0477
    { 38, 29, 616, 1, 22, 276, 11850 }, // U+0478
    { 34, 24, 549, 1, 17, 204, 12126 }, // U+0479
    { 22, 25, 388, 1, 23, 138, 12330 }, // U+047A
    { 18, 20, 320, 1, 18, 90, 12468 }, // U+047B
    { 30, 33, 508, 1, 32, 248, 12558 }, // U+047C
    { 26, 28, 447, 1, 27, 182, 12806 }, // U+047D
    { 28, 27, 446, 0, 27, 189, 12988 }, // U+047E
    { 25, 22, 413, 0, 22, 138, 13177 }, // U+047F
    { 18, 29, 316, 1, 22, 131, 13315 }, // U+0480
    { 14, 24, 245, 1, 17, 84, 13446 }, // U+0481
    { 16, 20, 284, 1, 19, 80, 13530 }, // U+0482
    { 12, 6, 0, -14, 22, 18, 13610 }, // U+0483
    { 12, 6, 0, -14, 23, 18, 13628 }, // U+0484
    { 5, 7, 0, -10, 24, 9, 13646 }, // U+0485
    { 5, 7, 0, -10, 24, 9, 13655 }, // U+0486
    { 12, 5, 0, -6, 27, 15, 13664 }, // U+0487
    { 34, 31, 0, -17, 23, 264, 13679 }, // U+0488
    { 34, 33, 0, -17, 24, 281, 13943 }, // U+0489
    { 25, 35, 428, 2, 28, 219, 14224 }, // U+048A
    { 21, 29, 374, 2, 23, 153, 14443 }, // U+048B
    { 18, 21, 298, 0, 21, 95, 14596 }, // U+048C
    { 17, 23, 287, 0, 23, 98, 14691 }, // U+048D
    { 15, 21, 293, 2, 21, 79, 14789 }, // U+048E
    { 16, 24, 295, 2, 17, 96, 14868 }, // U+048F
    { 15, 26, 270, 2, 26, 98, 14964 }, // U+0490
    { 12, 21, 239, 2, 21, 63, 15062 }, // U+0491
    { 16, 21, 261, 0, 21, 84, 15125 }, // U+0492
    { 14, 16, 229, 0, 16, 56, 15209 }, // U+0493
    { 18, 29, 343, 2, 21, 131, 15265 }, // U+0494
    { 15, 24, 281, 2, 16, 90, 15396 }, // U+0495
    { 30, 28, 480, 0, 21, 210, 15486 }, // U+0496
    { 28, 22, 437, -1, 16, 154, 15696 }, // U+0497
    { 15, 29, 277, 1, 22, 109, 15850 }, // U+0498
    { 14, 24, 240, 0, 17, 84, 15959 }, // U+0499
    { 20, 28, 353, 2, 21, 140, 16043 }, // U+049A
    { 17, 22, 307, 2, 16, 94, 16183 }, // U+049B
    { 18, 21, 312, 2, 21, 95, 16277 }, // U+049C
    { 16, 16, 289, 2, 16, 64, 16372 }, // U+049D
    { 20, 21, 323, 1, 21, 105, 16436 }, // U+049E
    { 19, 23, 293, 0, 23, 110, 16541 }, // U+049F
    { 22, 21, 342, 0, 21, 116, 16651 }, // U+04A0
    { 21, 16, 324, 0, 16, 84, 16767 }, // U+04A1
    { 22, 28, 393, 2, 21, 154, 16851 }, // U+04A2
    { 19, 22, 347, 2, 16, 105, 17005 }, // U+04A3
    { 23, 21, 389, 2, 21, 121, 17110 }, // U+04A4
    { 21, 16, 354, 2, 16, 84, 17231 }, // U+04A5
    { 30, 29, 525, 2, 21, 218, 17315 }, // U+04A6
    { 23, 24, 415, 2, 16, 138, 17533 }, // U+04A7
    { 21, 24, 363, 1, 22, 126, 17671 }, // U+04A8
    { 18, 19, 306, 1, 17, 86, 17797 }, // U+04A9
    { 17, 29, 300, 1, 22, 124, 17883 }, // U+04AA
    { 14, 24, 241, 1, 17, 84, 18007 }, // U+04AB
    { 17, 28, 270, 0, 21, 119, 18091 }, // U+04AC
    { 16, 22, 257, 0, 16, 88, 18210 }, // U+04AD
    { 19, 21, 292, 0, 21, 100, 18298 }, // U+04AE
    { 17, 23, 268, 0, 16, 98, 18398 }, // U+04AF
    { 19, 21, 292, 0, 21, 100, 18496 }, // U+04B0
    { 17, 23, 268, 0, 16, 98, 18596 }, // U+04B1
    { 22, 28, 347, 0, 21, 154, 18694 }, // U+04B2
    { 19, 22, 296, 0, 16, 105, 18848 }, // U+04B3
    { 27, 28, 434, 0, 21, 189, 18953 }, // U+04B4
    { 23, 22, 369, 0, 16, 127, 19142 }, // U+04B5
    { 22, 28, 375, 1, 21, 154, 19269 }, // U+04B6
    { 20, 22, 339, 1, 16, 110, 19423 }, // U+04B7
    { 18, 21, 343, 1, 21, 95, 19533 }, // U+04B8
    { 17, 16, 308, 1, 16, 68, 19628 }, // U+04B9
    { 18, 21, 343, 2, 21, 95, 19696 }, // U+04BA
    { 15, 23, 303, 2, 23, 87, 19791 }, // U+04BB
    { 26, 23, 442, 0, 22, 150, 19878 }, // U+04BC
    { 21, 18, 330, -1, 17, 95, 20028 }, // U+04BD
    { 26, 29, 442, 0, 22, 189, 20123 }, // U+04BE
    { 21, 23, 330, -1, 17, 121, 20312 }, // U+04BF
    { 11, 21, 182, 0, 21, 58, 20433 }, // U+04C0
    { 29, 28, 467, 0, 28, 203, 20491 }, // U+04C1
    { 26, 23, 404, 0, 23, 150, 20694 }, // U+04C2
    { 19, 29, 355, 2, 21, 138, 20844 }, // U+04C3
    { 16, 24, 305, 2, 16, 96, 20982 }, // U+04C4
    { 24, 28, 391, 0, 21, 168, 21078 }, // U+04C5
    { 21, 22, 339, 0, 16, 116, 21246 }, // U+04C6
    { 18, 29, 357, 2, 21, 131, 21362 }, // U+04C7
    { 16, 24, 309, 2, 16, 96, 21493 }, // U+04C8
    { 23, 28, 400, 2, 21, 161, 21589 }, // U+04C9
    { 20, 22, 347, 2, 16, 110, 21750 }, // U+04CA
    { 18, 28, 343, 1, 21, 126, 21860 }, // U+04CB
    { 16, 22, 306, 1, 16, 88, 21986 }, // U+04CC
    { 28, 28, 484, 2, 21, 196, 22074 }, // U+04CD
    { 25, 22, 432, 2, 16, 138, 22270 }, // U+04CE
    { 11, 21, 182, 0, 21, 58, 22408 }, // U+04CF
    { 21, 28, 323, 0, 28, 147, 22466 }, // U+04D0
    { 15, 24, 280, 1, 23, 90, 22613 }, // U+04D1
    { 21, 27, 323, 0, 27, 142, 22703 }, // U+04D2
    { 15, 23, 280, 1, 22, 87, 22845 }, // U+04D3
    { 27, 21, 444, 0, 21, 142, 22932 }, // U+04D4
    { 25, 18, 428, 1, 17, 113, 23074 }, // U+04D5
    { 13, 28, 261, 2, 28, 91, 23187 }, // U+04D6
    { 16, 24, 279, 1, 23, 96, 23278 }, // U+04D7
    { 21, 23, 381, 2, 22, 121, 23374 }, // U+04D8
    { 16, 18, 279, 1, 17, 72, 23495 }, // U+04D9
    { 21, 28, 381, 2, 27, 147, 23567 }, // U+04DA
    { 16, 23, 279, 1, 22, 92, 23714 }, // U+04DB
    { 29, 27, 467, 0, 27, 196, 23806 }, // U+04DC
    { 26, 22, 404, 0, 22, 143, 24002 }, // U+04DD
    { 15, 28, 277, 1, 27, 105, 24145 }, // U+04DE
    { 14, 23, 240, 0, 22, 81, 24250 }, // U+04DF
    { 17, 22, 276, 0, 21, 94, 24331 }, // U+04E0
    { 16, 23, 271, 0, 16, 92, 24425 }, // U+04E1
    { 19, 26, 369, 2, 26, 124, 24517 }, // U+04E2
    { 16, 21, 315, 2, 21, 84, 24641 }, // U+04E3
    { 19, 27, 369, 2, 27, 129, 24725 }, // U+04E4
    { 16, 22, 315, 2, 22, 88, 24854 }, // U+04E5
    { 21, 28, 369, 1, 27, 147, 24942 }, // U+04E6
    { 16, 23, 292, 1, 22, 92, 25089 }, // U+04E7
    { 21, 23, 369, 1, 22, 121, 25181 }, // U+04E8
    { 16, 18, 292, 1, 17, 72, 25302 }, // U+04E9
    { 21, 28, 369, 1, 27, 147, 25374 }, // U+04EA
    { 16, 23, 292, 1, 22, 92, 25521 }, // U+04EB
    { 17, 28, 304, 1, 27, 119, 25613 }, // U+04EC
    { 14, 23, 245, 1, 22, 81, 25732 }, // U+04ED
    { 19, 27, 301, 0, 26, 129, 25813 }, // U+04EE
    { 18, 28, 267, -1, 21, 126, 25942 }, // U+04EF
    { 19, 28, 301, 0, 27, 133, 26068 }, // U+04F0
    { 18, 29, 267, -1, 22, 131, 26201 }, // U+04F1
    { 19, 29, 301, 0, 28, 138, 26332 }, // U+04F2
    { 17, 30, 267, 0, 23, 128, 26470 }, // U+04F3
    { 17, 27, 336, 2, 27, 115, 26598 }, // U+04F4
    { 16, 22, 297, 1, 22, 88, 26713 }, // U+04F5
    { 14, 28, 262, 2, 21, 98, 26801 }, // U+04F6
    { 12, 22, 223, 2, 16, 66, 26899 }, // U+04F7
    { 23, 27, 429, 2, 27, 156, 26965 }, // U+04F8
    { 21, 22, 399, 2, 22, 116, 27121 }, // U+04F9
    { 16, 29, 261, 0, 21, 116, 27237 }, // U+04FA
    { 14, 23, 229, 0, 16, 81, 27353 }, // U+04FB
    { 21, 29, 341, 0, 21, 153, 27434 }, // U+04FC
    { 18, 23, 301, 0, 16, 104, 27587 }, // U+04FD
    { 20, 21, 313, 0, 21, 105, 27691 }, // U+04FE
    { 17, 16, 270, 0, 16, 68, 27796 }, // U+04FF
    { 21, 28, 323, 0, 21, 147, 0 }, // U+1EA0
    { 15, 24, 280, 1, 17, 90, 147 }, // U+1EA1
    { 21, 30, 323, 0, 30, 158, 237 }, // U+1EA2
    { 15, 26, 280, 1, 25, 98, 395 }, // U+1EA3
    { 21, 29, 323, 0, 29, 153, 493 }, // U+1EA4
    { 18, 25, 280, 1, 24, 113, 646 }, // U+1EA5
    { 21, 29, 323, 0, 29, 153, 759 }, // U+1EA6
    { 17, 25, 280, -1, 24, 107, 912 }, // U+1EA7
    { 21, 31, 323, 0, 31, 163, 1019 }, // U+1EA8
    { 16, 27, 280, 1, 26, 108, 1182 }, // U+1EA9
    { 21, 31, 323, 0, 31, 163, 1290 }, // U+1EAA
    { 15, 27, 280, 1, 26, 102, 1453 }, // U+1EAB
    { 21, 35, 323, 0, 28, 184, 1555 }, // U+1EAC
    { 15, 30, 280, 1, 23, 113, 1739 }, // U+1EAD
    { 21, 30, 323, 0, 30, 158, 1852 }, // U+1EAE
    { 15, 26, 280, 1, 25, 98, 2010 }, // U+1EAF
    { 21, 30, 323, 0, 30, 158, 2108 }, // U+1EB0
    { 15, 26, 280, 1, 25, 98, 2266 }, // U+1EB1
    { 21, 31, 323, 0, 31, 163, 2364 }, // U+1EB2
    { 15, 27, 280, 1, 26, 102, 2527 }, // U+1EB3
    { 21, 31, 323, 0, 31, 163, 2629 }, // U+1EB4
    { 15, 27, 280, 1, 26, 102, 2792 }, // U+1EB5
    { 21, 35, 323, 0, 28, 184, 2894 }, // U+1EB6
    { 15, 30, 280, 1, 23, 113, 3078 }, // U+1EB7
    { 13, 28, 261, 2, 21, 91, 3191 }, // U+1EB8
    { 16, 24, 279, 1, 17, 96, 3282 }, // U+1EB9
    { 13, 30, 261, 2, 30, 98, 3378 }, // U+1EBA
    { 16, 26, 279, 1, 25, 104, 3476 }, // U+1EBB
    { 13, 28, 261, 2, 28, 91, 3580 }, // U+1EBC
    { 16, 24, 279, 1, 23, 96, 3671 }, // U+1EBD
    { 16, 29, 261, 2, 29, 116, 3767 }, // U+1EBE
    { 18, 25, 279, 1, 24, 113, 3883 }, // U+1EBF
    { 17, 29, 261, -2, 29, 124, 3996 }, // U+1EC0
    { 18, 25, 279, -1, 24, 113, 4120 }, // U+1EC1
    { 14, 31, 261, 2, 31, 109, 4233 }, // U+1EC2
    { 17, 27, 279, 1, 26, 115, 4342 }, // U+1EC3
    { 13, 31, 261, 2, 31, 101, 4457 }, // U+1EC4
    { 16, 27, 279, 1, 26, 108, 4558 }, // U+1EC5
    { 13, 35, 261, 2, 28, 114, 4666 }, // U+1EC6
    { 16, 30, 279, 1, 23, 120, 4780 }, // U+1EC7
    { 11, 30, 182, 0, 30, 83, 4900 }, // U+1EC8
    { 8, 25, 140, 1, 25, 50, 4983 }, // U+1EC9
    { 11, 28, 182, 0, 21, 77, 5033 }, // U+1ECA
    { 6, 30, 140, 1, 23, 45, 5110 }, // U+1ECB
    { 21, 29, 369, 1, 22, 153, 5155 }, // U+1ECC
    { 16, 24, 292, 1, 17, 96, 5308 }, // U+1ECD
    { 21, 31, 369, 1, 30, 163, 5404 }, // U+1ECE
    { 16, 26, 292, 1, 25, 104, 5567 }, // U+1ECF
    { 21, 30, 369, 1, 29, 158, 5671 }, // U+1ED0
    { 18, 25, 292, 1, 24, 113, 5829 }, // U+1ED1
    { 21, 30, 369, 1, 29, 158, 5942 }, // U+1ED2
    { 18, 25, 292, -1, 24, 113, 6100 }, // U+1ED3
    { 21, 32, 369, 1, 31, 168, 6213 }, // U+1ED4
    { 17, 27, 292, 1, 26, 115, 6381 }, // U+1ED5
    { 21, 32, 369, 1, 31, 168, 6496 }, // U+1ED6
    { 16, 27, 292, 1, 26, 108, 6664 }, // U+1ED7
    { 21, 35, 369, 1, 28, 184, 6772 }, // U+1ED8
    { 16, 30, 292, 1, 23, 120, 6956 }, // U+1ED9
    { 24, 29, 383, 1, 28, 174, 7076 }, // U+1EDA
    { 20, 24, 318, 1, 23, 120, 7250 }, // U+1EDB
    { 24, 29, 383, 1, 28, 174, 7370 }, // U+1EDC
    { 20, 24, 318, 1, 23, 120, 7544 }, // U+1EDD
    { 24, 31, 383, 1, 30, 186, 7664 }, // U+1EDE
    { 20, 26, 318, 1, 25, 130, 7850 }, // U+1EDF
    { 24, 29, 383, 1, 28, 174, 7980 }, // U+1EE0
    { 20, 24, 318, 1, 23, 120, 8154 }, // U+1EE1
    { 24, 30, 383, 1, 23, 180, 8274 }, // U+1EE2
    { 20, 26, 318, 1, 19, 130, 8454 }, // U+1EE3
    { 18, 28, 353, 2, 21, 126, 8584 }, // U+1EE4
    { 15, 23, 303, 2, 16, 87, 8710 }, // U+1EE5
    { 18, 31, 353, 2, 30, 140, 8797 }, // U+1EE6
    { 15, 26, 303, 2, 25, 98, 8937 }, // U+1EE7
    { 25, 29, 413, 2, 28, 182, 9035 }, // U+1EE8
    { 22, 24, 353, 2, 23, 132, 9217 }, // U+1EE9
    { 25, 29, 413, 2, 28, 182, 9349 }, // U+1EEA
    { 22, 24, 353, 2, 23, 132, 9531 }, // U+1EEB
    { 25, 31, 413, 2, 30, 194, 9663 }, // U+1EEC
    { 22, 26, 353, 2, 25, 143, 9857 }, // U+1EED
    { 25, 29, 413, 2, 28, 182, 10000 }, // U+1EEE
    { 22, 24, 353, 2, 23, 132, 10182 }, // U+1EEF
    { 25, 30, 413, 2, 23, 188, 10314 }, // U+1EF0
    { 22, 26, 353, 2, 19, 143, 10502 }, // U+1EF1
    { 19, 28, 292, 0, 28, 133, 10645 }, // U+1EF2
    { 17, 30, 267, 0, 23, 128, 10778 }, // U+1EF3
    { 19, 28, 292, 0, 21, 133, 10906 }, // U+1EF4
    { 17, 23, 267, 0, 16, 98, 11039 }, // U+1EF5
    { 19, 30, 292, 0, 30, 143, 11137 }, // U+1EF6
    { 17, 32, 267, 0, 25, 136, 11280 }, // U+1EF7
    { 19, 28, 292, 0, 28, 133, 11416 }, // U+1EF8
    { 17, 30, 267, 0, 23, 128, 11549 }, // U+1EF9
    { 0, 0, 233, 0, 0, 0, 0 }, // U+2000
    { 0, 0, 467, 0, 0, 0, 0 }, // U+2001
    { 0, 0, 233, 0, 0, 0, 0 }, // U+2002
    { 0, 0, 467, 0, 0, 0, 0 }, // U+2003
    { 0, 0, 155, 0, 0, 0, 0 }, // U+2004
    { 0, 0, 117, 0, 0, 0, 0 }, // U+2005
    { 0, 0, 78, 0, 0, 0, 0 }, // U+2006
    { 0, 0, 267, 0, 0, 0, 0 }, // U+2007
    { 0, 0, 131, 0, 0, 0, 0 }, // U+2008
    { 0, 0, 77, 0, 0, 0, 0 }, // U+2009
    { 0, 0, 47, 0, 0, 0, 0 }, // U+200A
    { 0, 0, 0, 0, 0, 0, 0 }, // U+200B
    { 0, 0, 0, 0, 0, 0, 0 }, // U+200C
    { 0, 0, 0, 0, 0, 0, 0 }, // U+200D
    { 8, 25, 0, -1, 21, 50, 0 }, // U+200E
    { 8, 25, 0, -7, 21, 50, 50 }, // U+200F
    { 9, 4, 149, 0, 10, 9, 100 }, // U+2010
    { 9, 4, 149, 0, 10, 9, 109 }, // U+2011
    { 15, 4, 269, 1, 12, 15, 118 }, // U+2012
    { 13, 4, 233, 1, 10, 13, 133 }, // U+2013
    { 28, 4, 467, 1, 10, 28, 146 }, // U+2014
    { 28, 4, 467, 1, 10, 28, 174 }, // U+2015
    { 12, 30, 257, 2, 23, 90, 202 }, // U+2016
    { 14, 7, 192, -1, 0, 25, 292 }, // U+2017
    { 6, 8, 101, 0, 21, 12, 317 }, // U+2018
    { 6, 8, 101, 0, 21, 12, 329 }, // U+2019
    { 7, 8, 133, 0, 4, 14, 341 }, // U+201A
    { 6, 8, 101, 0, 21, 12, 355 }, // U+201B
    { 13, 8, 208, 0, 21, 26, 367 }, // U+201C
    { 13, 8, 208, 0, 21, 26, 393 }, // U+201D
    { 14, 8, 239, 0, 4, 28, 419 }, // U+201E
    { 13, 8, 208, 0, 21, 26, 447 }, // U+201F
    { 13, 23, 239, 1, 23, 75, 473 }, // U+2020
    { 13, 23, 242, 1, 23, 75, 548 }, // U+2021
    { 9, 10, 175, 1, 16, 23, 623 }, // U+2022
    { 10, 12, 175, 1, 17, 30, 646 }, // U+2023
    { 6, 6, 233, 4, 5, 9, 676 }, // U+2024
    { 15, 6, 268, 1, 5, 23, 685 }, // U+2025
    { 23, 6, 399, 1, 5, 35, 708 }, // U+2026
    { 6, 6, 131, 1, 11, 9, 743 }, // U+2027
    { 0, 0, 280, 0, 0, 0, 752 }, // U+2028
    { 0, 0, 280, 0, 0, 0, 752 }, // U+2029
    { 8, 22, 0, -1, 18, 44, 752 }, // U+202A
    { 8, 22, 0, -7, 18, 44, 796 }, // U+202B
    { 8, 25, 0, -4, 21, 50, 840 }, // U+202C
    { 8, 25, 0, -4, 21, 50, 890 }, // U+202D
    { 8, 25, 0, -4, 21, 50, 940 }, // U+202E
    { 0, 0, 77, 0, 0, 0, 990 }, // U+202F
    { 37, 23, 597, 0, 22, 213, 990 }, // U+2030
    { 48, 23, 778, 0, 22, 276, 1203 }, // U+2031
    { 9, 8, 141, 1, 21, 18, 1479 }, // U+2032
    { 15, 8, 245, 1, 21, 30, 1497 }, // U+2033
    { 21, 8, 348, 1, 21, 42, 1527 }, // U+2034
    { 9, 8, 197, 1, 21, 18, 1569 }, // U+2035
    { 15, 8, 300, 1, 21, 30, 1587 }, // U+2036
    { 22, 8, 403, 1, 21, 44, 1617 }, // U+2037
    { 12, 10, 190, 0, 3, 30, 1661 }, // U+2038
    { 9, 14, 170, 1, 15, 32, 1691 }, // U+2039
    { 9, 14, 170, 1, 15, 32, 1723 }, // U+203A
    { 23, 23, 397, 1, 22, 133, 1755 }, // U+203B
    { 14, 22, 266, 1, 21, 77, 1888 }, // U+203C
    { 14, 23, 223, 0, 22, 81, 1965 }, // U+203D
    { 16, 4, 233, -1, 26, 16, 2046 }, // U+203E
    { 18, 7, 284, 0, 0, 32, 2062 }, // U+203F
    { 18, 8, 284, 0, 24, 36, 2094 }, // U+2040
    { 12, 19, 198, 0, 12, 57, 2130 }, // U+2041
    { 33, 28, 522, 0, 23, 231, 2187 }, // U+2042
    { 9, 4, 149, 1, 10, 9, 2418 }, // U+2043
    { 16, 21, 61, -6, 21, 84, 2427 }, // U+2044
    { 7, 26, 154, 2, 21, 46, 2511 }, // U+2045
    { 8, 26, 154, 0, 21, 52, 2557 }, // U+2046
    { 28, 23, 443, 0, 22, 161, 2609 }, // U+2047
    { 21, 23, 356, 0, 22, 121, 2770 }, // U+2048
    { 21, 23, 356, 1, 22, 121, 2891 }, // U+2049
    { 15, 16, 274, 1, 16, 60, 3012 }, // U+204A
    { 16, 27, 302, 2, 23, 108, 3072 }, // U+204B
    { 16, 15, 306, 1, 16, 60, 3180 }, // U+204C
    { 16, 15, 306, 2, 16, 60, 3240 }, // U+204D
    { 15, 15, 253, 0, 8, 57, 3300 }, // U+204E
    { 7, 21, 133, 1, 17, 37, 3357 }, // U+204F
    { 18, 31, 280, 0, 24, 140, 3394 }, // U+2050
    { 15, 30, 253, 0, 23, 113, 3534 }, // U+2051
    { 13, 23, 197, 0, 22, 75, 3647 }, // U+2052
    { 28, 6, 467, 1, 11, 42, 3722 }, // U+2053
    { 18, 7, 280, 0, 0, 32, 3764 }, // U+2054
    { 16, 15, 261, 0, 15, 60, 3796 }, // U+2055
    { 15, 23, 270, 1, 22, 87, 3856 }, // U+2056
    { 27, 8, 436, 1, 21, 54, 3943 }, // U+2057
    { 23, 23, 407, 1, 22, 133, 3997 }, // U+2058
    { 23, 23, 407, 1, 22, 133, 4130 }, // U+2059
    { 6, 23, 133, 1, 22, 35, 4263 }, // U+205A
    { 18, 24, 323, 1, 23, 108, 4298 }, // U+205B
    { 23, 23, 398, 1, 22, 133, 4406 }, // U+205C
    { 6, 24, 131, 1, 23, 36, 4539 }, // U+205D
    { 6, 23, 133, 1, 22, 35, 4575 }, // U+205E
    { 0, 0, 104, 0, 0, 0, 4610 }, // U+205F
    { 0, 0, 280, 0, 0, 0, 4610 }, // U+2060
    { 0, 0, 280, 0, 0, 0, 4610 }, // U+2061
    { 0, 0, 280, 0, 0, 0, 4610 }, // U+2062
    { 0, 0, 280, 0, 0, 0, 4610 }, // U+2063
    { 0, 0, 280, 0, 0, 0, 4610 }, // U+2064
    { 0, 0, 0, 0, 0, 0, 4610 }, // U+2066
    { 0, 0, 0, 0, 0, 0, 4610 }, // U+2067
    { 0, 0, 0, 0, 0, 0, 4610 }, // U+2068
    { 0, 0, 0, 0, 0, 0, 4610 }, // U+2069
    { 8, 25, 0, -4, 21, 50, 4610 }, // U+206A
    { 8, 25, 0, -4, 21, 50, 4660 }, // U+206B
    { 8, 25, 0, -4, 21, 50, 4710 }, // U+206C
    { 8, 25, 0, -4, 21, 50, 4760 }, // U+206D
    { 8, 25, 0, -4, 21, 50, 4810 }, // U+206E
    { 8, 25, 0, -4, 21, 50, 4860 }, // U+206F
    { 11, 14, 177, 0, 25, 39, 0 }, // U+2070
    { 4, 14, 91, 1, 22, 14, 39 }, // U+2071
    { 11, 13, 177, 0, 25, 36, 53 }, // U+2074
    { 10, 14, 177, 1, 25, 35, 89 }, // U+2075
    { 11, 14, 177, 0, 25, 39, 124 }, // U+2076
    { 11, 13, 177, 0, 25, 36, 163 }, // U+2077
    { 11, 14, 177, 0, 25, 39, 199 }, // U+2078
    { 11, 14, 177, 0, 25, 39, 238 }, // U+2079
    { 9, 9, 168, 1, 22, 21, 277 }, // U+207A
    { 9, 3, 168, 1, 19, 7, 298 }, // U+207B
    { 9, 7, 168, 1, 21, 16, 305 }, // U+207C
    { 6, 17, 113, 1, 27, 26, 321 }, // U+207D
    { 6, 17, 113, 0, 27, 26, 347 }, // U+207E
    { 10, 11, 197, 1, 19, 28, 373 }, // U+207F
    { 11, 14, 177, 0, 9, 39, 401 }, // U+2080
    { 9, 13, 177, 0, 9, 30, 440 }, // U+2081
    { 10, 13, 177, 0, 9, 33, 470 }, // U+2082
    { 11, 14, 177, 0, 9, 39, 503 }, // U+2083
    { 11, 13, 177, 0, 9, 36, 542 }, // U+2084
    { 10, 14, 177, 1, 9, 35, 578 }, // U+2085
    { 11, 14, 177, 0, 9, 39, 613 }, // U+2086
    { 11, 13, 177, 0, 9, 36, 652 }, // U+2087
    { 11, 14, 177, 0, 9, 39, 688 }, // U+2088
    { 11, 14, 177, 0, 9, 39, 727 }, // U+2089
    { 9, 9, 168, 1, 7, 21, 766 }, // U+208A
    { 9, 3, 168, 1, 4, 7, 787 }, // U+208B
    { 9, 7, 168, 1, 6, 16, 794 }, // U+208C
    { 6, 17, 113, 1, 11, 26, 810 }, // U+208D
    { 6, 17, 113, 0, 11, 26, 836 }, // U+208E
    { 10, 10, 182, 0, 7, 25, 862 }, // U+2090
    { 11, 10, 181, 0, 7, 28, 887 }, // U+2091
    { 11, 10, 190, 0, 7, 28, 915 }, // U+2092
    { 11, 10, 175, 0, 7, 28, 943 }, // U+2093
    { 11, 10, 181, 0, 7, 28, 971 }, // U+2094
    { 10, 14, 197, 1, 11, 35, 999 }, // U+2095
    { 11, 14, 185, 1, 11, 39, 1034 }, // U+2096
    { 4, 14, 91, 1, 11, 14, 1073 }, // U+2097
    { 17, 10, 296, 1, 7, 43, 1087 }, // U+2098
    { 10, 10, 197, 1, 7, 25, 1130 }, // U+2099
    { 11, 14, 192, 1, 7, 39, 1155 }, // U+209A
    { 9, 10, 152, 0, 7, 23, 1194 }, // U+209B
    { 8, 12, 128, 0, 9, 24, 1217 }, // U+209C
    { 17, 22, 267, 0, 22, 94, 0 }, // U+20A0
    { 18, 25, 284, 0, 23, 113, 94 }, // U+20A1
    { 16, 23, 267, 1, 22, 92, 207 }, // U+20A2
    { 16, 21, 267, 0, 21, 84, 299 }, // U+20A3
    { 16, 22, 267, 1, 22, 88, 383 }, // U+20A4
    { 25, 24, 455, 2, 20, 150, 471 }, // U+20A5
    { 17, 21, 267, 0, 21, 90, 621 }, // U+20A6
    { 23, 22, 415, 2, 21, 127, 711 }, // U+20A7
    { 24, 22, 428, 2, 21, 132, 838 }, // U+20A8
    { 22, 21, 344, 0, 21, 116, 970 }, // U+20A9
    { 23, 21, 429, 2, 21, 121, 1086 }, // U+20AA
    { 18, 28, 301, 1, 23, 126, 1207 }, // U+20AB
    { 17, 22, 267, 0, 21, 94, 1333 }, // U+20AC
    { 17, 21, 267, 0, 21, 90, 1427 }, // U+20AD
    { 17, 21, 267, 0, 21, 90, 1517 }, // U+20AE
    { 29, 29, 471, 0, 22, 211, 1607 }, // U+20AF
    { 17, 29, 285, 0, 22, 124, 1818 }, // U+20B0
    { 17, 21, 267, 0, 21, 90, 1942 }, // U+20B1
    { 18, 26, 343, 1, 23, 117, 2032 }, // U+20B2
    { 19, 21, 303, 0, 21, 100, 2149 }, // U+20B3
    { 17, 23, 267, 0, 22, 98, 2249 }, // U+20B4
    { 17, 26, 297, 1, 23, 111, 2347 }, // U+20B5
    { 20, 21, 325, 0, 20, 105, 2458 }, // U+20B6
    { 21, 25, 341, 0, 22, 132, 2563 }, // U+20B7
    { 17, 21, 267, 0, 21, 90, 2695 }, // U+20B8
    { 15, 21, 267, 1, 21, 79, 2785 }, // U+20B9
    { 16, 22, 267, 0, 21, 88, 2864 }, // U+20BA
    { 24, 23, 379, 0, 22, 138, 2952 }, // U+20BB
    { 24, 21, 408, 1, 21, 126, 3090 }, // U+20BC
    { 17, 21, 280, 0, 21, 90, 3216 }, // U+20BD
    { 21, 23, 368, 1, 23, 121, 3306 }, // U+20BE
    { 14, 27, 267, 2, 24, 95, 3427 }, // U+20BF
    { 14, 23, 245, 1, 17, 81, 3522 }, // U+20C0
    { 15, 4, 271, 1, 12, 15, 0 }, // U+2212
    { 24, 23, 360, 0, 23, 138, 0 }, // U+FB00
    { 19, 23, 320, 0, 23, 110, 138 }, // U+FB01
    { 18, 23, 323, 0, 23, 104, 248 }, // U+FB02
    { 30, 23, 500, 0, 23, 173, 352 }, // U+FB03
    { 30, 23, 504, 0, 23, 173, 525 }, // U+FB04
    { 20, 24, 365, 2, 23, 120, 698 }, // U+FB05
    { 26, 24, 435, 1, 23, 156, 818 }, // U+FB06
    { 27, 28, 467, 1, 23, 189, 0 }, // U+FFFD
};

static const EpdUnicodeInterval notosans_14_boldIntervals[] = {
    { 0x0, 0x0, 0x0 },
    { 0xD, 0xD, 0x1 },
    { 0x20, 0x7E, 0x2 },
    { 0xA0, 0x17F, 0x61 },
    { 0x1A0, 0x1A1, 0x141 },
    { 0x1AF, 0x1B0, 0x143 },
    { 0x1C4, 0x21F, 0x145 },
    { 0x300, 0x36F, 0x1A1 },
    { 0x400, 0x4FF, 0x211 },
    { 0x1EA0, 0x1EF9, 0x311 },
    { 0x2000, 0x2064, 0x36B },
    { 0x2066, 0x2071, 0x3D0 },
    { 0x2074, 0x208E, 0x3DC },
    { 0x2090, 0x209C, 0x3F7 },
    { 0x20A0, 0x20C0, 0x404 },
    { 0x2212, 0x2212, 0x425 },
    { 0xFB00, 0xFB06, 0x426 },
    { 0xFFFD, 0xFFFD, 0x42D },
};

static const EpdFontGroup notosans_14_boldGroups[] = {
    { 0, 3101, 7738, 97, 0 },
    { 3101, 2860, 9381, 96, 97 },
    { 5961, 3575, 14606, 128, 193 },
    { 9536, 3558, 13112, 96, 321 },
    { 13094, 1283, 2178, 112, 417 },
    { 14377, 8929, 30173, 256, 529 },
    { 23306, 2336, 12787, 90, 785 },
    { 25642, 2060, 5297, 111, 875 },
    { 27702, 602, 1417, 42, 986 },
    { 28304, 1855, 3949, 33, 1028 },
    { 30159, 14, 16, 1, 1061 },
    { 30173, 298, 1024, 7, 1062 },
    { 30471, 128, 196, 1, 1069 },
};

static const uint16_t notosans_14_boldKernLeftCodepoints[] = {
    0x0022, 0x0026, 0x0027, 0x0028, 0x002C, 0x002D, 0x002E, 0x003A, 0x0041, 0x0042, 0x0043, 0x0044,
    0x0045, 0x0046, 0x004B, 0x004C, 0x004F, 0x0050, 0x0051, 0x0052, 0x0054, 0x0055, 0x0056, 0x0057,
    0x0058, 0x0059, 0x005A, 0x005B, 0x005F, 0x0061, 0x0062, 0x0063, 0x0065, 0x0066, 0x0068, 0x006D,
    0x006E, 0x006F, 0x0070, 0x0072, 0x0074, 0x0076, 0x0077, 0x0078, 0x0079, 0x007B, 0x00A1, 0x00AB,
    0x00BB, 0x00BF, 0x00C0, 0x00C1, 0x00C2, 0x00C3, 0x00C4, 0x00C5, 0x00C6, 0x00C7, 0x00C8, 0x00C9,
    0x00CA, 0x00CB, 0x00D0, 0x00D2, 0x00D3, 0x00D4, 0x00D5, 0x00D6, 0x00D8, 0x00D9, 0x00DA, 0x00DB,
    0x00DC, 0x00DD, 0x00DE, 0x00E0, 0x00E1, 0x00E2, 0x00E3, 0x00E4, 0x00E5, 0x00E6, 0x00E8, 0x00E9,
    0x00EA, 0x00EB, 0x00EE, 0x00EF, 0x00F0, 0x00F2, 0x00F3, 0x00F4, 0x00F5, 0x00F6, 0x00F8, 0x00FD,
    0x00FE, 0x00FF, 0x0100, 0x0101, 0x0102, 0x0103, 0x0104, 0x0105, 0x0106, 0x0108, 0x010A, 0x010C,
    0x010E, 0x010F, 0x0110, 0x0112, 0x0113, 0x0114, 0x0115, 0x0116, 0x0117, 0x0118, 0x0119, 0x011A,
    0x011B, 0x0125, 0x0129, 0x012B, 0x012E, 0x0136, 0x0138, 0x0139, 0x013B, 0x013D, 0x013E, 0x013F,
    0x0141, 0x0144, 0x0146, 0x0149, 0x014B, 0x014C, 0x014D, 0x014E, 0x014F, 0x0150, 0x0151, 0x0152,
    0x0153, 0x0155, 0x0157, 0x0159, 0x0162, 0x0163, 0x0164, 0x0165, 0x0166, 0x0167, 0x0168, 0x016A,
    0x016C, 0x016E, 0x0170, 0x0172, 0x0174, 0x0175, 0x0176, 0x0177, 0x0178, 0x0179, 0x017B, 0x017D,
    0x01A0, 0x01A1, 0x01AF, 0x01B0, 0x01FA, 0x01FB, 0x01FC, 0x01FD, 0x01FE, 0x020B, 0x021A, 0x021B,
    0x0400, 0x0401, 0x0402, 0x0403, 0x0404, 0x0405, 0x0409, 0x040A, 0x040B, 0x040C, 0x040E, 0x0410,
    0x0411, 0x0412, 0x0413, 0x0414, 0x0415, 0x0416, 0x0417, 0x041A, 0x041E, 0x0420, 0x0421, 0x0422,
    0x0423, 0x0424, 0x0425, 0x0426, 0x0429, 0x042A, 0x042C, 0x042D, 0x042E, 0x0430, 0x0431, 0x0432,
    0x0433, 0x0434, 0x0435, 0x0436, 0x0437, 0x0438, 0x0439, 0x043A, 0x043B, 0x043C, 0x043D, 0x043E,
    0x043F, 0x0440, 0x0441, 0x0442, 0x0443, 0x0444, 0x0445, 0x0446, 0x0447, 0x0448, 0x0449, 0x044A,
    0x044B, 0x044C, 0x044D, 0x044E, 0x044F, 0x0450, 0x0451, 0x0452, 0x0453, 0x0454, 0x0455, 0x0457,
    0x0458, 0x0459, 0x045A, 0x045B, 0x045C, 0x045D, 0x045E, 0x045F, 0x0460, 0x0461, 0x0462, 0x0463,
    0x0464, 0x0465, 0x0466, 0x0467, 0x0468, 0x0469, 0x046E, 0x0471, 0x0472, 0x0473, 0x0474, 0x0475,
    0x0476, 0x0477, 0x0478, 0x0479, 0x047A, 0x047B, 0x047C, 0x047D, 0x047E, 0x047F, 0x0480, 0x048A,
    0x048B, 0x048C, 0x048D, 0x048E, 0x048F, 0x0490, 0x0491, 0x0492, 0x0493, 0x0496, 0x0497, 0x0498,
    0x0499, 0x049A, 0x049B, 0x049C, 0x049D, 0x049E, 0x049F, 0x04A0, 0x04A1, 0x04A2, 0x04A3, 0x04A4,
    0x04A5, 0x04A9, 0x04AA, 0x04AB, 0x04AC, 0x04AD, 0x04AE, 0x04AF, 0x04B0, 0x04B1, 0x04B2, 0x04B3,
    0x04B4, 0x04B5, 0x04B6, 0x04B7, 0x04BC, 0x04BD, 0x04BE, 0x04BF, 0x04C1, 0x04C2, 0x04C5, 0x04C6,
    0x04C9, 0x04CA, 0x04CD, 0x04CE, 0x04D0, 0x04D1, 0x04D2, 0x04D3, 0x04D4, 0x04D5, 0x04D6, 0x04D7,
    0x04D8, 0x04D9, 0x04DA, 0x04DB, 0x04DC, 0x04DD, 0x04DE, 0x04DF, 0x04E3, 0x04E5, 0x04E6, 0x04E7,
    0x04E8, 0x04E9, 0x04EA, 0x04EB, 0x04EC, 0x04ED, 0x04EE, 0x04EF, 0x04F0, 0x04F1, 0x04F2, 0x04F3,
    0x04F5, 0x04F6, 0x04F7, 0x04F9, 0x04FA, 0x04FB, 0x04FC, 0x04FD, 0x04FE, 0x04FF, 0x1EA0, 0x1EA1,
    0x1EA2, 0x1EA3, 0x1EA4, 0x1EA5, 0x1EA6, 0x1EA7, 0x1EA8, 0x1EA9, 0x1EAA, 0x1EAB, 0x1EAC, 0x1EAD,
    0x1EAE, 0x1EAF, 0x1EB0, 0x1EB1, 0x1EB2, 0x1EB3, 0x1EB4, 0x1EB5, 0x1EB6, 0x1EB7, 0x1EB8, 0x1EB9,
    0x1EBA, 0x1EBB, 0x1EBC, 0x1EBD, 0x1EBE, 0x1EBF, 0x1EC0, 0x1EC1, 0x1EC2, 0x1EC3, 0x1EC4, 0x1EC5,
    0x1EC6, 0x1EC7, 0x1ECC, 0x1ECD, 0x1ECE, 0x1ECF, 0x1ED0, 0x1ED1, 0x1ED2, 0x1ED3, 0x1ED4, 0x1ED5,
    0x1ED6, 0x1ED7, 0x1ED8, 0x1ED9, 0x1EDA, 0x1EDB, 0x1EDC, 0x1EDD, 0x1EDE, 0x1EDF, 0x1EE0, 0x1EE1,
    0x1EE2, 0x1EE3, 0x1EE4, 0x1EE6, 0x1EE8, 0x1EE9, 0x1EEA, 0x1EEB, 0x1EEC, 0x1EED, 0x1EEE, 0x1EEF,
    0x1EF0, 0x1EF1, 0x1EF2, 0x1EF3, 0x1EF4, 0x1EF5, 0x1EF6, 0x1EF7, 0x1EF8, 0x1EF9, 0x2013, 0x2014,
    0x2015, 0x2018, 0x2019, 0x201A, 0x201C, 0x201D, 0x201E, 0x2039, 0x203A, 0xFB00,
};

static const uint8_t notosans_14_boldKernLeftClassIds[] = {
      1,   2,   1,   3,   4,   5,   4,   6,   7,   8,   9,  10,  11,  12,   9,  13,
     10,  14,  10,  15,  16,  17,  18,  18,   9,  19,  20,   3,  21,  22,  23,  24,
     23,  25,  22,  22,  22,  23,  23,  26,  24,  27,  27,  28,  27,   3,  29,  30,
     31,  32,   7,   7,   7,   7,   7,   7,  11,   9,  11,  11,  11,  11,  10,  10,
     10,  10,  10,  10,  10,  17,  17,  17,  17,  19,  14,  22,  22,  22,  22,  22,
     22,  23,  23,  23,  23,  23,  33,  33,  23,  23,  23,  23,  23,  23,  23,  27,
     23,  27,   7,  22,   7,  22,  34,  22,   9,   9,   9,   9,  10,  35,  10,  11,
     23,  11,  23,  11,  23,  11,  23,  11,  23,  22,  36,  33,  37,   9,  28,  13,
     13,  13,  35,  13,  13,  22,  22,  22,  22,  10,  23,  10,  23,  10,  23,  11,
     23,  26,  26,  26,  16,  24,  16,  38,  16,  24,  17,  17,  17,  17,  17,  17,
     18,  27,  19,  27,  19,  20,  20,  20,  39,  40,  41,  42,   7,  22,  11,  23,
     10,  33,  16,  24,  43,  43,  44,  45,  46,  47,  48,  48,  44,  49,  50,  51,
     52,  53,  45,  54,  43,  49,  53,  49,  55,  56,  46,  45,  50,  57,  49,  54,
     54,  48,  48,  55,  55,  58,  59,  60,  61,  62,  63,  64,  60,  65,  65,  64,
     65,  65,  65,  63,  65,  63,  66,  61,  67,  63,  64,  62,  65,  65,  62,  68,
     65,  68,  63,  63,  65,  63,  63,  69,  70,  66,  71,  72,  73,  68,  68,  74,
     64,  65,  67,  65,  55,  75,  76,  68,  46,  66,  51,  77,  51,  77,  78,  63,
     55,  63,  50,  75,  50,  75,  67,  67,  55,  63,  55,  63,  55,  75,  46,  54,
     62,  76,  68,  56,  63,  79,  80,  81,  82,  83,  84,  78,  60,  83,  84,  49,
     64,  49,  64,  49,  64,  54,  62,  81,  80,  63,  46,  66,  79,  80,  85,  86,
     85,  86,  83,  84,  54,  62,  54,  62,  87,  88,  87,  88,  49,  64,  54,  62,
     54,  62,  54,  62,  51,  58,  51,  58,  43,  88,  43,  88,  55,  63,  55,  63,
     49,  64,  78,  60,  65,  65,  55,  63,  55,  63,  55,  63,  55,  63,  50,  67,
     50,  67,  50,  67,  65,  79,  80,  65,  81,  82,  83,  84,  49,  84,   7,  22,
      7,  22,   7,  22,   7,  22,   7,  22,   7,  22,   7,  22,   7,  22,   7,  22,
      7,  22,   7,  22,   7,  22,  11,  23,  11,  23,  11,  23,  11,  23,  11,  23,
     11,  23,  11,  23,  11,  23,  10,  23,  10,  23,  10,  23,  10,  23,  10,  23,
     10,  23,  10,  23,  39,  40,  39,  40,  39,  40,  39,  40,  39,  40,  17,  17,
     41,  42,  41,  42,  41,  42,  41,  42,  41,  42,  19,  27,  19,  27,  19,  27,
     19,  27,   5,   5,   5,   1,   1,   4,   1,   1,   4,  30,  31,  25,
};

static const uint16_t notosans_14_boldKernRightCodepoints[] = {
    0x0021, 0x0022, 0x0026, 0x0027, 0x0029, 0x002C, 0x002D, 0x002E, 0x003A, 0x003B, 0x003F, 0x0041,
    0x0043, 0x0047, 0x0049, 0x004A, 0x004F, 0x0051, 0x0054, 0x0055, 0x0056, 0x0057, 0x0058, 0x0059,
    0x005A, 0x005D, 0x0061, 0x0062, 0x0063, 0x0064, 0x0065, 0x0066, 0x0067, 0x0068, 0x006A, 0x006B,
    0x006C, 0x006D, 0x006E, 0x006F, 0x0070, 0x0071, 0x0072, 0x0073, 0x0074, 0x0075, 0x0076, 0x0077,
    0x0078, 0x0079, 0x007A, 0x007D, 0x00AB, 0x00BB, 0x00C0, 0x00C1, 0x00C2, 0x00C3, 0x00C4, 0x00C5,
    0x00C6, 0x00C7, 0x00D2, 0x00D3, 0x00D4, 0x00D5, 0x00D6, 0x00D8, 0x00D9, 0x00DA, 0x00DB, 0x00DC,
    0x00DD, 0x00E0, 0x00E1, 0x00E2, 0x00E3, 0x00E4, 0x00E5, 0x00E6, 0x00E7, 0x00E8, 0x00E9, 0x00EA,
    0x00EB, 0x00F2, 0x00F3, 0x00F4, 0x00F5, 0x00F6, 0x00F8, 0x00F9, 0x00FA, 0x00FB, 0x00FC, 0x00FD,
    0x00FE, 0x00FF, 0x0100, 0x0101, 0x0102, 0x0103, 0x0104, 0x0105, 0x0106, 0x0107, 0x0108, 0x0109,
    0x010A, 0x010B, 0x010C, 0x010D, 0x010F, 0x0111, 0x0113, 0x0115, 0x0117, 0x0119, 0x011B, 0x011C,
    0x011D, 0x011E, 0x011F, 0x0120, 0x0121, 0x0122, 0x0123, 0x0125, 0x0127, 0x0129, 0x0137, 0x0138,
    0x013A, 0x013C, 0x013E, 0x0140, 0x0144, 0x0146, 0x014B, 0x014C, 0x014D, 0x014E, 0x014F, 0x0150,
    0x0151, 0x0152, 0x0153, 0x0155, 0x0157, 0x015B, 0x015F, 0x0162, 0x0163, 0x0164, 0x0165, 0x0166,
    0x0167, 0x0168, 0x0169, 0x016A, 0x016B, 0x016C, 0x016D, 0x016E, 0x016F, 0x0170, 0x0171, 0x0172,
    0x0173, 0x0174, 0x0175, 0x0176, 0x0177, 0x0178, 0x0179, 0x017A, 0x017B, 0x017C, 0x017D, 0x017E,
    0x01A0, 0x01A1, 0x01AF, 0x01B0, 0x01FA, 0x01FB, 0x01FC, 0x01FD, 0x01FE, 0x01FF, 0x0219, 0x021A,
    0x021B, 0x0402, 0x0404, 0x0405, 0x0408, 0x0409, 0x040B, 0x040E, 0x0410, 0x0414, 0x0416, 0x0417,
    0x041B, 0x041E, 0x0421, 0x0422, 0x0423, 0x0424, 0x0425, 0x0427, 0x042A, 0x042D, 0x042F, 0x0430,
    0x0431, 0x0432, 0x0433, 0x0434, 0x0435, 0x0436, 0x0437, 0x0438, 0x0439, 0x043A, 0x043B, 0x043C,
    0x043D, 0x043E, 0x043F, 0x0440, 0x0441, 0x0442, 0x0443, 0x0444, 0x0445, 0x0446, 0x0447, 0x0448,
    0x0449, 0x044A, 0x044B, 0x044C, 0x044D, 0x044E, 0x044F, 0x0450, 0x0451, 0x0452, 0x0453, 0x0454,
    0x0455, 0x0457, 0x0458, 0x0459, 0x045A, 0x045B, 0x045C, 0x045D, 0x045E, 0x045F, 0x0460, 0x0461,
    0x0462, 0x0465, 0x0466, 0x0467, 0x0469, 0x046D, 0x046E, 0x0470, 0x0472, 0x0473, 0x0474, 0x0475,
    0x0476, 0x0477, 0x0478, 0x0479, 0x047A, 0x047B, 0x047C, 0x047D, 0x047E, 0x047F, 0x0480, 0x0481,
    0x048B, 0x048C, 0x048D, 0x048F, 0x0491, 0x0492, 0x0495, 0x0496, 0x0497, 0x0498, 0x0499, 0x049B,
    0x049D, 0x049F, 0x04A0, 0x04A1, 0x04A3, 0x04A5, 0x04A7, 0x04A8, 0x04A9, 0x04AA, 0x04AB, 0x04AC,
    0x04AD, 0x04AE, 0x04AF, 0x04B0, 0x04B1, 0x04B2, 0x04B3, 0x04B4, 0x04B5, 0x04B6, 0x04B7, 0x04B8,
    0x04B9, 0x04BB, 0x04BC, 0x04BD, 0x04BE, 0x04BF, 0x04C1, 0x04C2, 0x04C4, 0x04C5, 0x04C6, 0x04C8,
    0x04CA, 0x04CB, 0x04CC, 0x04CE, 0x04D0, 0x04D1, 0x04D2, 0x04D3, 0x04D4, 0x04D5, 0x04D7, 0x04D8,
    0x04D9, 0x04DA, 0x04DB, 0x04DC, 0x04DD, 0x04DE, 0x04DF, 0x04E3, 0x04E5, 0x04E6, 0x04E7, 0x04E8,
    0x04E9, 0x04EA, 0x04EB, 0x04EC, 0x04ED, 0x04EE, 0x04EF, 0x04F0, 0x04F1, 0x04F2, 0x04F3, 0x04F4,
    0x04F5, 0x04F7, 0x04F9, 0x04FA, 0x04FC, 0x04FD, 0x04FE, 0x04FF, 0x1EA0, 0x1EA1, 0x1EA2, 0x1EA3,
    0x1EA4, 0x1EA5, 0x1EA6, 0x1EA7, 0x1EA8, 0x1EA9, 0x1EAA, 0x1EAB, 0x1EAC, 0x1EAD, 0x1EAE, 0x1EAF,
    0x1EB0, 0x1EB1, 0x1EB2, 0x1EB3, 0x1EB4, 0x1EB5, 0x1EB6, 0x1EB7, 0x1EB9, 0x1EBB, 0x1EBD, 0x1EBF,
    0x1EC1, 0x1EC3, 0x1EC5, 0x1EC7, 0x1ECC, 0x1ECD, 0x1ECE, 0x1ECF, 0x1ED0, 0x1ED1, 0x1ED2, 0x1ED3,
    0x1ED4, 0x1ED5, 0x1ED6, 0x1ED7, 0x1ED8, 0x1ED9, 0x1EDA, 0x1EDB, 0x1EDC, 0x1EDD, 0x1EDE, 0x1EDF,
    0x1EE0, 0x1EE1, 0x1EE2, 0x1EE3, 0x1EE4, 0x1EE5, 0x1EE6, 0x1EE7, 0x1EE8, 0x1EE9, 0x1EEA, 0x1EEB,
    0x1EEC, 0x1EED, 0x1EEE, 0x1EEF, 0x1EF0, 0x1EF1, 0x1EF2, 0x1EF4, 0x1EF5, 0x1EF6, 0x1EF7, 0x1EF8,
    0x1EF9, 0x2013, 0x2014, 0x2015, 0x2018, 0x2019, 0x201A, 0x201C, 0x201D, 0x201E, 0x2026, 0x2039,
    0x203A, 0xFB00, 0xFB01, 0xFB02, 0xFB03, 0xFB04,
};

static const uint8_t notosans_14_boldKernRightClassIds[] = {
      1,   2,   3,   2,   4,   5,   6,   5,   7,   7,   8,   9,  10,  10,  11,  12,
     10,  10,  13,  14,  15,  15,  16,  17,  18,   4,  19,  20,  21,  21,  21,  22,
     23,  20,  24,  20,  20,  25,  25,  21,  25,  21,  25,  26,  22,  25,  27,  27,
     27,  27,  28,   4,  29,  30,   9,   9,   9,   9,   9,   9,  31,  10,  10,  10,
     10,  10,  10,  10,  14,  14,  14,  14,  17,  21,  19,  19,  19,  19,  19,  19,
     21,  21,  21,  21,  21,  21,  21,  21,  21,  21,  21,  25,  25,  25,  25,  27,
     20,  27,   9,  19,   9,  19,   9,  19,  10,  21,  10,  21,  10,  21,  10,  21,
     21,  21,  21,  21,  21,  21,  21,  10,  23,  10,  23,  10,  23,  10,  23,  20,
     32,  33,  20,  25,  20,  20,  20,  20,  25,  25,  25,  10,  21,  10,  21,  10,
     21,  10,  21,  25,  25,  26,  26,  13,  22,  13,  22,  13,  22,  14,  25,  14,
     25,  14,  25,  14,  25,  14,  25,  14,  25,  15,  27,  17,  27,  17,  18,  28,
     18,  28,  18,  28,  10,  21,  14,  25,   9,  19,  31,  19,  10,  21,  26,  13,
     22,  34,  35,  36,  37,  38,  34,  39,  40,  41,  42,  43,  38,  35,  35,  34,
     39,  44,  42,  45,  34,  43,  46,  47,  48,  49,  49,  50,  51,  52,  53,  49,
     49,  49,  54,  49,  49,  51,  49,  49,  51,  55,  56,  51,  52,  49,  57,  49,
     49,  55,  49,  49,  53,  49,  58,  51,  51,  59,  49,  51,  60,  61,  62,  54,
     49,  59,  49,  49,  56,  49,  63,  64,  65,  66,  40,  50,  66,  66,  43,  45,
     63,  47,  67,  64,  67,  64,  63,  47,  63,  47,  63,  47,  63,  64,  63,  47,
     66,  65,  59,  66,  66,  65,  66,  42,  52,  43,  53,  66,  66,  59,  68,  55,
     66,  66,  66,  63,  47,  63,  47,  34,  55,  69,  70,  69,  70,  42,  52,  68,
     55,  45,  57,  45,  57,  66,  71,  72,  71,  72,  42,  52,  66,  73,  50,  66,
     66,  45,  57,  66,  40,  74,  40,  74,  40,  74,  47,  75,  74,  75,  74,  42,
     52,  43,  53,  49,  49,  63,  47,  63,  47,  63,  47,  43,  53,  39,  56,  39,
     56,  39,  56,  45,  57,  66,  49,  65,  42,  52,  42,  52,   9,  19,   9,  19,
      9,  19,   9,  19,   9,  19,   9,  19,   9,  19,   9,  19,   9,  19,   9,  19,
      9,  19,   9,  19,  21,  21,  21,  21,  21,  21,  21,  21,  10,  21,  10,  21,
     10,  21,  10,  21,  10,  21,  10,  21,  10,  21,  10,  21,  10,  21,  10,  21,
     10,  21,  10,  21,  14,  25,  14,  25,  14,  25,  14,  25,  14,  25,  14,  25,
     14,  25,  17,  17,  27,  17,  27,  17,  27,   6,   6,   6,  76,   2,   5,  76,
      2,   5,   5,  29,  30,  22,  22,  22,  22,  22,
};

static const uint16_t notosans_14_boldKernRowOffsets[] = {
        0,    29,    32,    37,    54,    61,    66,    72,    73,    75,    82,    83,    87,    93,   100,   101,
      117,   119,   130,   143,   145,   146,   147,   150,   151,   154,   159,   162,   163,   167,   173,   182,
      186,   187,   193,   200,   202,   203,   208,   214,   217,   227,   230,   231,   244,   269,   275,   277,
      288,   303,   332,   351,   353,   357,   369,   385,   402,   420,   426,   438,   446,   457,   469,   481,
      493,   495,   499,   511,   529,   535,   549,   553,   557,   559,   564,   566,   573,   581,   584,   609,
      616,   632,   635,   640,   642,   654,   656,   659,   662,
};

static const uint8_t notosans_14_boldKernSparseCols[] = {
      8,  12,  14,  16,  18,  20,  22,  24,  25,  30,  32,  33,  37,  38,  39,  40,
     41,  43,  46,  49,  52,  53,  54,  55,  58,  60,  67,  72,  73,  12,  14,  16,
     11,  23,  36,  43,  61,   9,  12,  13,  14,  16,  33,  36,  38,  43,  44,  54,
     56,  62,  66,  67,  68,  70,  12,  33,  38,  41,  51,  54,  67,  33,  41,  43,
     44,  56,   1,   9,  11,  12,  14,  16,   4,   9,  28,   4,   8,  12,  14,  15,
     16,  17,  11,   3,   4,   7,   8,   1,   9,  12,  13,  14,  16,   2,   4,   8,
     15,  17,  28,  30,  28,   2,   4,   5,   7,   8,   9,  12,  18,  20,  22,  24,
     25,  26,  27,  28,  29,   4,   8,   4,   7,   8,   9,  18,  20,  22,  24,  25,
     28,  29,   2,   4,   7,   8,   9,  18,  20,  22,  24,  25,  27,  28,  29,   9,
     28,  11,   1,   1,  26,  27,   1,   1,   3,   4,   1,   4,  18,  20,  22,   1,
      4,   7,  20,  11,  12,  14,  16,  12,  14,  16,  33,  39,  67,  12,  14,  15,
     16,  33,  38,  41,  44,  67,  11,  12,  14,  16,   3,   1,   9,  11,  12,  14,
     16,   0,   1,   3,   7,  19,  31,  75,   3,  32,  11,   0,   1,   3,   7,  75,
      8,  10,  12,  14,  15,  16,  19,  21,  26,   8,   9,  10,  12,  14,  15,  16,
     18,  20,  22,  19,  21,  26,  36,   1,  33,  38,  44,  54,  55,  56,  64,  66,
     67,  68,  69,  75,   1,   4,   5,   6,  29,  33,  34,  37,  39,  40,  43,  46,
     47,  48,  49,  50,  51,  52,  53,  54,  55,  56,  57,  59,  67,  28,  34,  43,
     56,  62,  70,   4,  43,   1,   4,  33,  38,  44,  51,  54,  55,  57,  67,  75,
      1,   5,   6,  28,  34,  43,  44,  46,  47,  50,  54,  55,  56,  62,  70,   1,
      4,   5,   6,  28,  29,  34,  35,  37,  39,  40,  43,  45,  46,  47,  48,  49,
     50,  51,  52,  53,  56,  57,  58,  59,  62,  70,  71,  72,   1,  29,  33,  34,
     36,  38,  43,  44,  50,  54,  55,  56,  64,  66,  67,  68,  70,  74,  75,  51,
     55,   3,  51,  56,  57,   4,  36,  37,  40,  43,  44,  49,  53,  54,  55,  56,
     61,   4,  33,  37,  38,  39,  40,  41,  42,  49,  51,  53,  57,  66,  67,  68,
     72,   4,   5,   6,  28,  29,  37,  38,  39,  40,  41,  43,  46,  49,  50,  53,
     57,  72,   1,   3,   4,   6,  33,  35,  37,  38,  39,  40,  41,  42,  45,  49,
     51,  53,  57,  67,   1,  33,  38,  51,  54,  55,   1,  33,  38,  39,  41,  45,
     49,  51,  54,  55,  56,  57,   3,  33,  38,  41,  45,  51,  54,  55,   1,   4,
      5,  37,  39,  40,  41,  49,  50,  53,  75,   1,   4,  33,  36,  37,  40,  44,
     49,  53,  54,  56,  61,   1,  33,  38,  39,  41,  45,  49,  51,  54,  55,  56,
     57,   5,  33,  34,  38,  43,  44,  46,  50,  56,  57,  71,  75,  33,  58,   1,
     33,  50,  57,   1,   4,  37,  39,  40,  41,  46,  49,  50,  53,  57,  75,   1,
      6,  33,  38,  39,  41,  43,  44,  45,  51,  54,  55,  56,  57,  63,  69,  71,
     75,   1,  33,  36,  54,  55,  61,   1,   4,   5,  37,  38,  39,  40,  41,  49,
     50,  53,  58,  60,  75,  33,  38,  45,  57,   1,  33,  58,  60,  36,  61,   1,
     33,  36,  54,  55,   4,  49,   1,  33,  44,  54,  66,  67,  68,   1,  46,  54,
     55,  56,  63,  69,  71,   4,  66,  68,   4,   5,  28,  29,  33,  34,  37,  39,
     40,  43,  46,  49,  51,  52,  54,  55,  56,  62,  63,  65,  69,  70,  71,  72,
     73,   4,   5,  39,  46,  49,  50,  53,   4,   5,  33,  39,  46,  49,  51,  52,
     56,  58,  62,  65,  67,  70,  71,  72,   4,  46,  49,  54,  56,  62,  70,  71,
     46,  56,   4,  39,  46,  49,  56,  58,  62,  65,  71,  72,  73,  74,   4,  49,
     33,  66,  68,   1,  51,  55,
};

static const int8_t notosans_14_boldKernSparseValues[] = {
     -33,    9,    9,    5,  -19,  -28,  -14,  -14,  -14,  -37,   33,    9,  -14,    9,  -33,  -28,
       9,   -5,  -19,  -33,    9,  -23,   14,    9,   14,   14,    9,  -28,   -9,  -28,   -9,  -14,
      42,   19,   47,  -14,   28,  -23,  -33,   -9,  -28,  -28,  -23,   28,   -9,  -19,  -37,  -19,
     -28,  -23,  -28,  -33,  -28,  -28,  -19,  -19,   -9,   -5,   -5,   -9,  -19,   -6,   -2,   -2,
      -2,   -2,  -33,   -9,   23,  -33,  -19,  -28,   -5,   -9,   -9,  -19,   -9,  -14,   -5,   -9,
      -5,   -5,   28,    9,  -28,    9,   -9,  -37,   -9,   -9,   -5,   -9,  -14,   -5,  -61,  -23,
      -9,   -5,   -9,  -14,   -5,   -9,  -28,  -19,    9,  -33,   -9,    9,  -37,  -33,  -33,  -23,
     -28,   -9,  -19,  -28,  -14,   -9,   -5,  -23,    9,  -19,   -5,   -9,   -9,   -5,   -5,   -5,
     -14,   -5,  -14,  -28,    9,  -28,   -9,  -23,  -23,  -23,  -14,  -19,   -9,  -37,  -14,   -5,
      -9,   44,   -5,   -5,   -9,   -5,    9,   28,   19,   -9,   19,  -75,   -9,   -9,   -5,   19,
     -19,    9,   -9,   23,   -9,   -5,  -14,  -14,   -5,  -14,  -14,   -5,   -5,  -28,  -14,   -9,
     -37,  -28,   -9,   -9,   -9,  -19,   47,  -19,  -14,  -19,   23,  -33,   -9,   51,  -33,  -19,
     -28,   55,   49,   68,   62,   14,   33,   43,   23,   55,   23,   61,   63,   76,   65,   44,
      -9,    9,   28,   33,   23,   28,    9,   19,   23,  -14,   -5,    9,   33,   33,   23,   28,
     -14,   -9,   -9,    9,   23,   23,   23,  -33,  -23,   -9,  -14,   -9,   -9,   -9,   -9,  -19,
     -28,  -23,   -9,  -14,    9,  -23,  -19,  -14,  -14,    9,   -9,  -12,  -33,  -12,  -16,  -19,
      -9,  -14,  -19,  -19,   -5,   -5,  -14,   -5,   -4,  -14,  -19,   -9,    5,   -9,   -9,  -14,
      -9,   -9,   -9,   -9,   -5,  -42,   -5,  -28,   -9,  -14,   -9,   -9,   -9,   -9,  -14,  -28,
       9,   -5,   -5,   -9,   -9,  -19,   -5,   -5,   -9,   -9,   -5,   -5,   -9,   -9,  -23,    9,
     -33,   -9,   -5,  -23,   -9,  -19,   -9,  -36,  -56,  -49,  -14,  -17,  -23,  -19,   -5,  -44,
     -34,  -14,   -9,  -23,   -9,  -23,   23,  -14,   -5,   -9,  -14,  -23,  -33,   -5,  -33,   -9,
      23,   -8,  -16,  -28,   -5,  -14,   -9,  -14,   -9,  -19,  -23,  -28,  -23,   -5,  -19,   -5,
      -5,   -5,   -5,   -7,   -5,   14,   42,   14,   19,   -5,  -12,   14,   14,   -5,   14,   -9,
      33,  -19,   -9,   -5,  -19,   -9,   -5,   -9,   -5,   -5,   -7,   -5,   -5,   -5,   -5,   -5,
      -9,  -61,   -5,   -5,   -9,   -5,  -28,   -9,  -23,  -28,   -9,   -5,  -12,  -23,   -5,  -19,
      -5,  -28,   -5,   -6,  -19,   -5,  -16,   -5,   -9,  -14,  -16,  -14,  -19,  -14,   -5,  -12,
      -7,   -7,   -5,   -9,   -5,  -19,  -16,   -9,   -5,   -5,   -3,  -28,  -17,   -5,  -14,   -9,
      -5,   -9,   -5,  -14,   -5,   -5,   -2,  -14,   -5,   -5,   -5,   -9,   -5,   -5,   14,  -19,
      -9,   -9,  -14,  -14,   -5,  -19,   -5,  -14,   19,   -5,    9,  -14,   47,    9,   14,   -7,
       9,   12,   -7,  -14,   28,   -3,  -19,  -17,   -5,   -9,   -9,   -5,   -9,   -5,  -14,   -5,
      -5,   -5,   -5,   -7,   -5,   -7,   -5,   -9,   -9,   -9,   -5,   -9,   14,  -14,   -1,    9,
      -9,   -5,   -5,    9,  -19,   -9,   -9,  -14,   -5,   -5,  -23,  -14,  -23,  -14,   19,  -37,
      -5,  -28,   -9,   -5,   -5,   -5,  -33,   -9,   -9,  -28,  -21,  -19,   -9,   -9,  -14,   -9,
     -14,   -5,  -19,   37,  -14,  -23,    9,   14,  -19,   -9,   -9,   11,  -14,  -14,   -5,  -19,
      -5,  -14,   11,   11,   19,   -9,  -14,   -5,   -9,   14,    9,   20,    7,   14,    9,   -5,
     -19,   19,  -14,  -23,  -19,   -9,  -19,  -19,  -19,   -9,  -14,   -9,  -14,  -33,   -9,  -23,
     -14,  -14,   -9,   -9,   -9,  -19,   -5,   -5,  -28,  -19,  -28,  -14,    9,   -9,  -19,  -33,
     -23,  -14,  -33,  -28,   -9,   -9,  -19,  -19,  -23,   -9,   -9,  -23,  -19,  -23,  -33,  -23,
     -37,  -23,   -9,  -14,   -5,  -19,   -5,  -14,  -23,   -9,    9,  -28,  -19,  -23,   -9,   -9,
     -23,    9,   -9,  -14,    9,   -9,  -14,  -19,  -14,   -9,  -14,   -9,  -23,   -9,  -23,   -9,
      -5,   -5,  -28,  -28,  -23,  -23,  -19,    9,   -9,  -14,  -19,  -19,  -19,   -5,  -19,   -5,
      -9,   -5,   -5,   -5,   -9,   -5,
};

static const EpdLigaturePair notosans_14_boldLigaturePairs[] = {
    { 0x00660066, 0xFB00 }, // f f -> U+FB00
    { 0x00660069, 0xFB01 }, // f i -> U+FB01
    { 0x0066006C, 0xFB02 }, // f l -> U+FB02
    { 0xFB000069, 0xFB03 }, // U+FB00 i -> U+FB03
    { 0xFB00006C, 0xFB04 }, // U+FB00 l -> U+FB04
};

static const EpdFontData notosans_14_bold = {
    notosans_14_boldBitmaps,
    notosans_14_boldGlyphs,
    notosans_14_boldIntervals,
    18,
    40,
    32,
    -9,
    true,
    notosans_14_boldGroups,
    13,
    nullptr,
    nullptr,  // kernLeftClasses: built-in fonts use the split arrays below
    nullptr,  // kernRightClasses
    notosans_14_boldKernLeftCodepoints,
    notosans_14_boldKernLeftClassIds,
    notosans_14_boldKernRightCodepoints,
    notosans_14_boldKernRightClassIds,
    nullptr,  // kernMatrix: built-in fonts use the sparse form below
    notosans_14_boldKernRowOffsets,
    notosans_14_boldKernSparseCols,
    notosans_14_boldKernSparseValues,
    478,
    474,
    88,
    76,
    notosans_14_boldLigaturePairs,
    5,
};
