/**
 * generated by fontconvert.py
 * name: notosans_18_bold
 * size: 18
 * mode: 2-bit  compressed: true
 * Command used: fontconvert.py notosans_18_bold 18 ../builtinFonts/source/NotoSans/NotoSans-Bold.ttf --2bit --compress --pnum --zopfli
 */
#pragma once
#include "EpdFontData.h"

static const uint8_t notosans_18_boldBitmaps[41674] = {
    0xD5, 0x9A, 0x31, 0xAC, 0xDD, 0x46, 0x76, 0xF7, 0x0F, 0xEF, 0xFD, 0xF4, 0x08, 0x2C, 0xF1, 0x85,
    0x29, 0x22, 0x60, 0xB1, 0xAF, 0x60, 0x93, 0x4A, 0x49, 0xC0, 0xBE, 0x08, 0x86, 0x9B, 0x2D, 0x52,
    0xA4, 0xC8, 0x2B, 0xF4, 0x1C, 0x20, 0x5B, 0x78, 0x6B, 0x25, 0x80, 0x9A, 0x2D, 0x82, 0x20, 0xC9,
    0x70, 0x37, 0xE5, 0x36, 0xDA, 0xC0, 0x5B, 0xAF, 0x0B, 0x17, 0xB6, 0x0C, 0x44, 0x6D, 0x0A, 0xC3,
    0x43, 0xAF, 0x8B, 0x14, 0x5B, 0x84, 0x8A, 0x11, 0xB8, 0x70, 0x61, 0x1A, 0x96, 0xB3, 0x81, 0x5C,
    0x98, 0xB1, 0xE8, 0x15, 0xF5, 0x34, 0xE4, 0x3F, 0xE7, 0x7F, 0xE6, 0xEA, 0xEA, 0x3E, 0x49, 0xB2,
    0x25, 0xAF, 0xD6, 0x41, 0xEE, 0xE3, 0xFC, 0x0E, 0x2F, 0x67, 0xE6, 0xCC, 0x99, 0x33, 0x3C, 0x33,
    0x9C, 0xCB, 0x17, 0x26, 0xE8, 0x5F, 0x98, 0xC2, 0x98, 0xFE, 0xFC, 0xFE, 0xCF, 0x8D, 0x6E, 0x48,
    0x7F, 0x17, 0x1B, 0xD1, 0xCF, 0x71, 0x1B, 0x46, 0x58, 0x69, 0x3F, 0x5C, 0x68, 0xC2, 0x10, 0x7A,
    0x4D, 0x03, 0xA5, 0x7F, 0xF8, 0xD7, 0xB9, 0x47, 0xFE, 0x44, 0x2E, 0xB5, 0x57, 0xB4, 0xBE, 0x6F,
    0x83, 0x88, 0x84, 0x06, 0x4A, 0x88, 0x31, 0x5B, 0x8D, 0x8B, 0x48, 0xB6, 0x6E, 0xA2, 0x64, 0x2F,
    0xAD, 0x7F, 0xB1, 0x5C, 0x2E, 0x01, 0x60, 0x39, 0xE4, 0xD1, 0x9B, 0xEB, 0x8D, 0xB3, 0xD7, 0x25,
    0x9F, 0xCB, 0x51, 0xA4, 0x98, 0xC8, 0x72, 0xAC, 0x06, 0x91, 0x6A, 0xAC, 0x07, 0x71, 0x2C, 0x33,
    0x1E, 0xF2, 0x52, 0xB8, 0x1D, 0x6E, 0xBF, 0x2A, 0xAE, 0xF3, 0xAD, 0x28, 0x83, 0x35, 0x8E, 0xD4,
    0x38, 0x79, 0xD8, 0xF8, 0x66, 0x51, 0xCA, 0xEF, 0x11, 0x6F, 0x3D, 0xC0, 0xD1, 0xFA, 0x9A, 0x96,
    0x02, 0xFA, 0x1C, 0xC0, 0x54, 0x3D, 0x50, 0x3C, 0xB8, 0xF8, 0xD6, 0x51, 0xE7, 0x47, 0x2D, 0xE2,
    0x27, 0x85, 0x5B, 0x08, 0x44, 0xB5, 0x03, 0xAA, 0x4B, 0x0B, 0x4F, 0x56, 0x4D, 0x6D, 0x04, 0x7A,
    0x9E, 0xAA, 0xA1, 0x6F, 0x63, 0x56, 0xA5, 0x3E, 0x2A, 0xEA, 0xF8, 0x03, 0xC2, 0x5F, 0x7B, 0xCB,
    0xCF, 0x9E, 0x9A, 0x89, 0x81, 0x68, 0x8F, 0xC1, 0x62, 0x17, 0x97, 0x43, 0x33, 0x88, 0xF3, 0x9F,
    0x8C, 0x5A, 0xD5, 0xA1, 0x25, 0x0B, 0x87, 0x4E, 0x6A, 0x68, 0x05, 0x34, 0xE2, 0xEE, 0x43, 0xB6,
    0x6A, 0x81, 0xEF, 0xD0, 0xE4, 0x91, 0x59, 0x68, 0x4B, 0x2D, 0x82, 0x36, 0x74, 0xD5, 0x98, 0xA4,
    0xEB, 0x93, 0x0C, 0x5D, 0x92, 0x68, 0xB4, 0x5C, 0x1B, 0x7E, 0x8C, 0xEC, 0x32, 0xCB, 0xFF, 0xE3,
    0x52, 0xA1, 0x75, 0x37, 0x51, 0xAA, 0x65, 0x83, 0x03, 0xAA, 0x11, 0x98, 0x4A, 0x44, 0xF7, 0x11,
    0xFE, 0x3C, 0x6E, 0xD5, 0xD4, 0x5F, 0x60, 0xBB, 0xC8, 0x95, 0x06, 0xDF, 0x5B, 0xD9, 0xD2, 0x46,
    0xBF, 0x51, 0x2A, 0x97, 0x8D, 0xCA, 0x22, 0x26, 0x59, 0x4E, 0xE9, 0xBA, 0x1B, 0xB6, 0xEB, 0x76,
    0xA1, 0x45, 0x2C, 0xC9, 0x16, 0x33, 0xFC, 0x3C, 0x4A, 0x06, 0x11, 0x7A, 0x89, 0x97, 0x1C, 0x06,
    0xAD, 0x46, 0x5F, 0xB5, 0x62, 0x9F, 0x93, 0x24, 0xE8, 0x7F, 0x4C, 0x14, 0x0E, 0xA0, 0x00, 0xD0,
    0xB1, 0x45, 0x60, 0xD0, 0x06, 0x71, 0x13, 0x23, 0x85, 0xB8, 0x73, 0xC2, 0x9B, 0x68, 0x59, 0x24,
    0xC3, 0x07, 0xE8, 0x52, 0xBD, 0xA4, 0x25, 0x52, 0x78, 0xCD, 0x3A, 0x3D, 0xD9, 0x50, 0x17, 0xC6,
    0x02, 0x98, 0xD4, 0x99, 0x15, 0xB0, 0x6C, 0xD0, 0xB9, 0xB5, 0xC2, 0xF7, 0xD0, 0xBA, 0x98, 0x6B,
    0x4D, 0xF1, 0x9A, 0x83, 0x55, 0x85, 0x78, 0x44, 0xF1, 0xB3, 0x54, 0xD0, 0xD3, 0x45, 0x0A, 0x8C,
    0xE2, 0xF0, 0xB3, 0x80, 0x49, 0x2A, 0x80, 0x45, 0x0A, 0x0A, 0xB4, 0xB4, 0xEC, 0x7D, 0xD5, 0x5E,
    0xE3, 0x5E, 0xC6, 0x81, 0x39, 0x65, 0x73, 0x29, 0x30, 0x52, 0x48, 0xEC, 0x03, 0xA1, 0x9C, 0xD4,
    0x31, 0xEA, 0xED, 0x0C, 0xAD, 0x9A, 0x9C, 0xAF, 0xEC, 0x7F, 0x19, 0xA5, 0x9A, 0xA5, 0xD6, 0x9C,
    0xD1, 0x8E, 0x41, 0xBC, 0x1E, 0xFD, 0xF9, 0xC3, 0x2E, 0xA6, 0x02, 0xF5, 0x28, 0xD5, 0x24, 0x25,
    0x2B, 0x52, 0x83, 0xEA, 0xC9, 0xD0, 0x08, 0x3A, 0xD6, 0xAC, 0x46, 0xDF, 0x9A, 0x9C, 0x1E, 0xE6,
    0x6E, 0x2C, 0x97, 0x47, 0xE8, 0xF7, 0x5A, 0xF6, 0xBA, 0xF6, 0xC7, 0xFE, 0x22, 0xCB, 0x84, 0x3E,
    0x55, 0xD9, 0xDB, 0x99, 0x8C, 0x64, 0x26, 0x47, 0xE2, 0x0D, 0xE1, 0xC0, 0xEF, 0x11, 0x77, 0xF8,
    0x5D, 0x8D, 0xE0, 0x13, 0xFF, 0x4F, 0xB1, 0x1E, 0x03, 0x80, 0x04, 0x10, 0xF2, 0x32, 0x5E, 0x11,
    0xA9, 0xD1, 0xA5, 0x51, 0x10, 0xFC, 0x7C, 0x52, 0xCB, 0xCC, 0xC2, 0x1C, 0x92, 0x2D, 0xDB, 0x59,
    0xE4, 0x0F, 0x33, 0xCD, 0x4D, 0x9F, 0xCB, 0x9A, 0xB2, 0xF5, 0x4B, 0x01, 0x6A, 0x02, 0xE2, 0x79,
    0xCC, 0x5F, 0x51, 0x8D, 0xB8, 0x70, 0xB9, 0x5C, 0xAA, 0x58, 0xCD, 0xF5, 0xC4, 0xC9, 0xCD, 0x6B,
    0x38, 0x84, 0xE6, 0xF4, 0xF4, 0x04, 0x18, 0xF7, 0x87, 0x7E, 0x3D, 0x3F, 0xD1, 0x09, 0xFB, 0x2F,
    0x55, 0x14, 0x0E, 0x13, 0xBD, 0x40, 0x1F, 0x09, 0x7A, 0xA1, 0x97, 0x36, 0x68, 0x65, 0x8B, 0x46,
    0x72, 0x86, 0xFD, 0xFA, 0x0C, 0x45, 0xE5, 0xCB, 0x8A, 0x1E, 0x7C, 0x72, 0xBA, 0xCA, 0x63, 0x95,
    0x0C, 0xE0, 0x38, 0x00, 0x7D, 0x81, 0xDB, 0x18, 0x4B, 0x48, 0x98, 0xCA, 0x55, 0x5C, 0xD4, 0xBA,
    0x75, 0xAC, 0xA3, 0x54, 0x8B, 0x8B, 0x52, 0x2E, 0x6E, 0x96, 0x72, 0xFD, 0x0A, 0xB0, 0x9C, 0xD5,
    0xB0, 0xBA, 0xE5, 0xA2, 0x5A, 0x4A, 0x88, 0x9F, 0x73, 0xFC, 0x07, 0x46, 0xB6, 0x31, 0xA4, 0x70,
    0xF3, 0x69, 0x16, 0x9B, 0x45, 0xE4, 0xA2, 0x26, 0x9A, 0xB6, 0x61, 0xBC, 0x6A, 0x72, 0x18, 0x32,
    0x2D, 0x57, 0x68, 0xAA, 0x6D, 0x4E, 0xC4, 0x50, 0x0D, 0xFA, 0xBD, 0xA1, 0xBD, 0x2F, 0x22, 0xF1,
    0x53, 0x83, 0x0D, 0x62, 0xB1, 0x50, 0x6B, 0xBD, 0xA2, 0x77, 0x78, 0x13, 0x63, 0x39, 0x0A, 0xC6,
    0xBC, 0x51, 0x0F, 0xD0, 0x28, 0xC3, 0xA8, 0x08, 0x04, 0xEB, 0x6A, 0x34, 0xD3, 0x73, 0x2D, 0xA7,
    0x64, 0x66, 0x46, 0x91, 0xCC, 0xE6, 0x0B, 0x5E, 0x2F, 0x79, 0xC9, 0x45, 0xC5, 0x23, 0x97, 0x00,
    0xC4, 0xF0, 0x04, 0x24, 0x5B, 0x82, 0x75, 0x9C, 0x53, 0x02, 0x5D, 0xC3, 0xC2, 0x43, 0x79, 0xF6,
    0x7D, 0x35, 0xA3, 0x15, 0xA4, 0xC6, 0xCF, 0x9B, 0xD1, 0x27, 0x0B, 0x3C, 0x16, 0x51, 0x0C, 0xC4,
    0x4C, 0xE8, 0xB5, 0x8B, 0x57, 0xAD, 0x83, 0x30, 0xC3, 0xE7, 0x64, 0x8D, 0x81, 0xA6, 0x9E, 0x88,
    0x60, 0x7E, 0xFB, 0xE4, 0x18, 0x53, 0x60, 0x1B, 0x44, 0xA7, 0x58, 0xE5, 0x18, 0x18, 0x78, 0xE7,
    0x26, 0x6B, 0x7A, 0x45, 0x66, 0x6A, 0xB6, 0xC6, 0xD2, 0x58, 0x1B, 0x9D, 0x11, 0xE4, 0xC6, 0x98,
    0x47, 0xB2, 0x9C, 0xC9, 0x7A, 0x24, 0x7D, 0x4F, 0xA2, 0x35, 0x07, 0x8B, 0x32, 0x5F, 0xC8, 0x72,
    0x26, 0xEB, 0x91, 0xF4, 0x60, 0xD3, 0x8F, 0xF3, 0xE2, 0xE9, 0x29, 0xBE, 0x68, 0x92, 0xA7, 0x9F,
    0xC6, 0x9C, 0x05, 0x8B, 0xF3, 0x28, 0x0D, 0x0B, 0x6D, 0x8D, 0x4F, 0x00, 0x0D, 0xAD, 0x80, 0x95,
    0x40, 0x47, 0x0C, 0xF9, 0x27, 0x2F, 0xC3, 0x7C, 0x39, 0x3F, 0xE6, 0x28, 0x82, 0xD7, 0x7E, 0x9F,
    0x6E, 0x74, 0xAF, 0x1C, 0xA7, 0xA5, 0xB9, 0x27, 0x5A, 0x67, 0xB3, 0xF2, 0xA1, 0xB7, 0xF8, 0xD1,
    0x22, 0xB2, 0x81, 0xA2, 0x22, 0x3C, 0x81, 0xF5, 0x67, 0x3F, 0x30, 0xEF, 0xE5, 0x60, 0x74, 0xAF,
    0x0F, 0x6C, 0xA9, 0xE6, 0xEC, 0x44, 0xEA, 0xC9, 0xA3, 0xA9, 0x7F, 0x4D, 0xA5, 0xF7, 0x81, 0x89,
    0x9A, 0xA3, 0x43, 0xEB, 0x17, 0xB7, 0xEC, 0x42, 0x08, 0x6E, 0x96, 0x22, 0xA1, 0x8E, 0x8A, 0x8A,
    0x19, 0x25, 0xA4, 0x5E, 0x0A, 0xDC, 0x0C, 0x71, 0x6B, 0x73, 0x11, 0xD8, 0x90, 0xE3, 0xA8, 0xE7,
    0x58, 0x18, 0x47, 0x8D, 0x39, 0x76, 0x09, 0x8A, 0xF5, 0x3C, 0x98, 0x5D, 0x5B, 0xDF, 0xA6, 0xC3,
    0x9B, 0x39, 0x43, 0x67, 0x8B, 0x1A, 0xCD, 0xA4, 0x85, 0x44, 0xF5, 0x94, 0xB2, 0x1B, 0x2B, 0x4B,
    0xB0, 0x4B, 0xFB, 0xB2, 0x7B, 0x77, 0x29, 0x90, 0xCA, 0x3E, 0x74, 0xCB, 0x24, 0x34, 0xB2, 0xB1,
    0xA9, 0xA5, 0xA4, 0xB9, 0x25, 0xBE, 0x8B, 0x59, 0x6B, 0xB9, 0xD9, 0xA6, 0x07, 0x62, 0xE6, 0x4C,
    0x33, 0x15, 0xF8, 0x11, 0xA7, 0x87, 0xFB, 0xE8, 0xD2, 0xAA, 0xEA, 0x30, 0x13, 0x91, 0x7E, 0x45,
    0x5B, 0xE0, 0x53, 0x0C, 0x15, 0x04, 0xB3, 0x36, 0xE6, 0xA2, 0x1A, 0x56, 0x2E, 0x7E, 0x54, 0x97,
    0x18, 0xF8, 0x95, 0xAE, 0xF3, 0xB1, 0xA2, 0x5F, 0xAC, 0x21, 0x56, 0xEB, 0xE4, 0xAA, 0x75, 0xFC,
    0x54, 0x76, 0x9F, 0x02, 0xD7, 0x18, 0x6C, 0x8B, 0xD0, 0xA0, 0xA6, 0xA0, 0x55, 0x15, 0x63, 0xBE,
    0x5E, 0x24, 0x4C, 0x6E, 0x4E, 0x9A, 0xAB, 0x48, 0xA5, 0x8B, 0x81, 0x9A, 0x39, 0xAF, 0xD5, 0xAB,
    0xD3, 0x22, 0x6B, 0xAD, 0x66, 0xAC, 0x54, 0xBF, 0x6C, 0x81, 0x0F, 0x16, 0x81, 0x3E, 0xB9, 0xC8,
    0x77, 0x5E, 0x4B, 0x03, 0xBB, 0xF7, 0x98, 0x1F, 0x2D, 0x7C, 0x32, 0x6D, 0xBD, 0xCB, 0x01, 0x88,
    0x62, 0x21, 0x06, 0xC5, 0xAA, 0x79, 0xB4, 0xA7, 0xDA, 0xCF, 0xFF, 0x6E, 0xB8, 0x20, 0x8F, 0x7E,
    0xCE, 0xAF, 0x0E, 0xF9, 0x50, 0x45, 0xB7, 0xB8, 0xB5, 0x5E, 0xCA, 0x39, 0x6B, 0x1E, 0x2D, 0xFB,
    0xE4, 0x15, 0x67, 0x9F, 0xF9, 0x77, 0x9A, 0xF2, 0x14, 0xFE, 0x1C, 0x39, 0x85, 0x37, 0x43, 0x16,
    0x9E, 0xF4, 0xE9, 0xC4, 0xD1, 0x2F, 0xDE, 0x0A, 0xAD, 0x0D, 0x23, 0x7D, 0xE6, 0x70, 0xF3, 0x62,
    0xC5, 0xEC, 0x2C, 0x60, 0xA0, 0xF3, 0x58, 0x20, 0x10, 0x39, 0x21, 0x7F, 0x4D, 0x88, 0x2D, 0x8B,
    0x8F, 0x2C, 0x95, 0x8F, 0xD8, 0x77, 0xE5, 0xFA, 0xF5, 0xEB, 0xAF, 0x3F, 0x52, 0x44, 0x23, 0xFD,
    0x34, 0x05, 0xD0, 0xDF, 0x10, 0xBE, 0x25, 0x66, 0x22, 0x4D, 0xAD, 0x33, 0x7D, 0xC8, 0xD3, 0xB4,
    0x44, 0x84, 0x74, 0x3A, 0x99, 0x05, 0x34, 0x4E, 0x71, 0x15, 0x93, 0x5E, 0x5A, 0x1B, 0x33, 0xAF,
    0xDA, 0x75, 0x28, 0x69, 0x49, 0xFA, 0x7E, 0x78, 0xDE, 0x0C, 0x2D, 0x77, 0x4D, 0x6A, 0x06, 0x8E,
    0xCD, 0x79, 0x0E, 0x40, 0x53, 0xDF, 0xD3, 0x41, 0xFA, 0x9D, 0x74, 0x6F, 0x67, 0x7B, 0xEC, 0xE6,
    0x78, 0x73, 0x85, 0x88, 0xB0, 0xB1, 0x2D, 0xB8, 0x25, 0xA0, 0x15, 0x29, 0x3E, 0x26, 0x62, 0x7C,
    0x80, 0x0B, 0xE7, 0x47, 0xA5, 0xB8, 0xA6, 0x70, 0x66, 0x47, 0x3C, 0x07, 0x56, 0x4B, 0x85, 0x69,
    0x3E, 0x4B, 0xA5, 0x79, 0xC9, 0x3A, 0x8B, 0xE4, 0xE5, 0xB3, 0xEB, 0x6C, 0xAF, 0x5E, 0xD3, 0x02,
    0x13, 0x2C, 0x4A, 0xDB, 0x0C, 0xAC, 0xE4, 0xFB, 0xED, 0x2A, 0x35, 0xAE, 0xD5, 0x63, 0x11, 0x33,
    0x20, 0x96, 0x63, 0x39, 0x15, 0x2A, 0x8B, 0xA9, 0x1A, 0xAB, 0xF5, 0xFB, 0x31, 0x9F, 0xEB, 0xDE,
    0x8D, 0xDB, 0xB8, 0x8D, 0xAE, 0xF3, 0x5D, 0x6E, 0x32, 0xB4, 0x49, 0xA2, 0x39, 0x90, 0x33, 0x65,
    0xA1, 0xE5, 0x99, 0x5F, 0xCE, 0xE5, 0xC4, 0xF2, 0x1A, 0x8E, 0xA3, 0xEB, 0xDD, 0x19, 0x10, 0xFA,
    0x7A, 0xA8, 0xB0, 0x00, 0x6D, 0x35, 0xE6, 0x98, 0xDC, 0xCA, 0xC9, 0xFB, 0x9F, 0xDB, 0x6F, 0xDD,
    0x92, 0x62, 0x11, 0xFB, 0x6C, 0xCD, 0x9E, 0xDD, 0x42, 0x73, 0xAC, 0xE7, 0x0E, 0x6F, 0xBC, 0x09,
    0x95, 0x0C, 0x2A, 0xCA, 0x8C, 0x3E, 0x4E, 0x4F, 0xDA, 0xAB, 0xF5, 0xB3, 0x46, 0x4B, 0xE1, 0xE8,
    0xDA, 0x34, 0x52, 0x69, 0x1D, 0x49, 0x62, 0x34, 0x17, 0xDC, 0x98, 0x4C, 0xF5, 0xCB, 0xB3, 0x09,
    0x0B, 0xAB, 0x02, 0x69, 0x5A, 0x5F, 0x0B, 0x50, 0x2C, 0x39, 0x45, 0x1D, 0xAD, 0x7D, 0x37, 0xDB,
    0x40, 0xF9, 0x29, 0xA3, 0x08, 0x63, 0x5A, 0xDF, 0x47, 0x1E, 0xE6, 0xCE, 0x49, 0x36, 0x14, 0xB3,
    0x6C, 0x29, 0xA2, 0xE4, 0x14, 0x8B, 0xAA, 0xBC, 0x7D, 0x3D, 0xAC, 0x9C, 0xC0, 0x98, 0xAA, 0x95,
    0x8D, 0x34, 0x6E, 0xB1, 0x35, 0xD5, 0xD9, 0x50, 0x77, 0xDE, 0x02, 0xA0, 0xC7, 0x64, 0x8B, 0x7B,
    0xC0, 0x99, 0x76, 0x21, 0x75, 0x2C, 0x0D, 0x53, 0xD2, 0x8E, 0xB3, 0x1B, 0x88, 0x6C, 0x2D, 0x2C,
    0x64, 0x7D, 0xC8, 0x48, 0x3A, 0x32, 0x63, 0x49, 0x00, 0x3D, 0xB9, 0x0A, 0x89, 0x96, 0xA4, 0xA5,
    0x5F, 0xBC, 0x94, 0x34, 0xD4, 0x2B, 0x59, 0xE2, 0x51, 0x56, 0x46, 0x07, 0xE1, 0x6D, 0xB1, 0x48,
    0xEA, 0x47, 0xAA, 0xBB, 0xD7, 0x73, 0x4B, 0xF6, 0x9F, 0xC0, 0x2F, 0x85, 0x65, 0x78, 0xD2, 0xDC,
    0xC0, 0xEE, 0xBF, 0xB9, 0xDA, 0x2A, 0xFE, 0x47, 0x52, 0xD9, 0xC0, 0xB9, 0x55, 0xC8, 0x48, 0xFA,
    0x99, 0x0C, 0x13, 0x89, 0xF1, 0xAB, 0x99, 0x4A, 0xFA, 0x48, 0xBA, 0x85, 0xAC, 0x41, 0x56, 0xE8,
    0xE5, 0x88, 0x01, 0xF9, 0x12, 0x92, 0xC3, 0x45, 0x12, 0x6B, 0xE3, 0x86, 0x03, 0x91, 0x56, 0x4D,
    0xF5, 0xE7, 0x89, 0x1C, 0x78, 0x63, 0x38, 0xE8, 0x97, 0xF9, 0x21, 0xA0, 0x31, 0x0F, 0x74, 0xCA,
    0x2D, 0x7A, 0xE5, 0x06, 0xA3, 0x52, 0x0E, 0x19, 0xA6, 0x2F, 0xE1, 0x61, 0xC9, 0x0D, 0x86, 0xBD,
    0x9E, 0xA4, 0x93, 0xFA, 0xCF, 0x02, 0xDB, 0x02, 0x30, 0x3F, 0x3A, 0x3A, 0x9C, 0x0B, 0x77, 0xCB,
    0xE6, 0x41, 0x5A, 0xB9, 0x10, 0x3E, 0x96, 0xD2, 0x76, 0x3C, 0x9E, 0x4B, 0x5F, 0x9C, 0x5E, 0x66,
    0xDE, 0x13, 0xD3, 0xD9, 0xF5, 0xEB, 0x8F, 0xE8, 0x45, 0x6A, 0xEB, 0x7C, 0x7A, 0x6A, 0xFD, 0xF1,
    0x39, 0xDB, 0x3B, 0x9F, 0xF6, 0x9F, 0xAB, 0xB8, 0x27, 0x92, 0x9B, 0xEB, 0x1D, 0x99, 0x5C, 0xB0,
    0x05, 0xAE, 0xA3, 0xE3, 0x2C, 0x7B, 0xD4, 0x54, 0x68, 0x6D, 0x64, 0x0F, 0xEE, 0x13, 0x32, 0x8D,
    0x7E, 0xD2, 0x65, 0xF7, 0x36, 0xC6, 0xC7, 0x19, 0xA6, 0xEC, 0xBA, 0x72, 0xE6, 0x52, 0xE8, 0x23,
    0xE9, 0x16, 0xB2, 0x06, 0x59, 0xA2, 0x53, 0x16, 0xB8, 0xF7, 0x52, 0xDA, 0x0F, 0x60, 0x94, 0xC4,
    0xDA, 0xB8, 0x01, 0xB8, 0x06, 0x5D, 0x38, 0x65, 0x59, 0xA6, 0x40, 0x4E, 0xCF, 0x4B, 0xF5, 0xCA,
    0x69, 0x98, 0xE8, 0x5F, 0x3C, 0x89, 0xCC, 0x4D, 0x25, 0x7F, 0x33, 0x02, 0x0D, 0x76, 0x29, 0x00,
    0x5C, 0xA1, 0xB8, 0x78, 0xFC, 0xC6, 0x29, 0xC7, 0x60, 0x1B, 0x33, 0x1C, 0xE8, 0x4F, 0x9B, 0xBA,
    0x6F, 0x28, 0x95, 0x4C, 0xAB, 0x05, 0x78, 0x8A, 0xCC, 0x59, 0xD2, 0x40, 0xB5, 0x72, 0xF5, 0x16,
    0x47, 0x85, 0xD3, 0xA3, 0xFA, 0x20, 0x47, 0xA7, 0xAC, 0x20, 0x4A, 0xB7, 0x90, 0x98, 0x94, 0x1A,
    0x72, 0x4A, 0xCD, 0x54, 0x6A, 0xA6, 0xD2, 0x2D, 0x24, 0x66, 0xE5, 0xE7, 0x18, 0x94, 0x77, 0xD1,
    0x29, 0xB1, 0x63, 0x6F, 0x1C, 0x49, 0x2B, 0xB3, 0xA4, 0xF2, 0xA9, 0x6E, 0x89, 0x56, 0xB9, 0x45,
    0x67, 0x9A, 0xC7, 0x7D, 0x2B, 0xE2, 0x23, 0x59, 0xAF, 0x64, 0x89, 0x66, 0x6F, 0xCF, 0x16, 0x03,
    0xD7, 0x4D, 0xC1, 0xF8, 0x4D, 0x41, 0xE3, 0xBA, 0x05, 0x80, 0xEE, 0x11, 0x78, 0x58, 0x14, 0x75,
    0xC1, 0xD6, 0x2B, 0x4A, 0x2E, 0x58, 0x3B, 0x09, 0xCA, 0x7E, 0x27, 0x07, 0xC9, 0x28, 0x3F, 0x53,
    0xEB, 0x57, 0x95, 0x1F, 0xF2, 0x27, 0x2C, 0xCA, 0x59, 0xF2, 0xA8, 0xF2, 0x83, 0x28, 0xE5, 0xAC,
    0xF2, 0xFD, 0x45, 0xCA, 0x49, 0xE5, 0x7B, 0xAB, 0x54, 0x23, 0x25, 0xC4, 0x7D, 0xA4, 0xF2, 0xA6,
    0xCA, 0x9B, 0x2A, 0x7B, 0xB4, 0xFE, 0x1D, 0x4A, 0x4D, 0x3F, 0xA2, 0x0C, 0x1D, 0xBE, 0x4B, 0xA9,
    0xB9, 0x99, 0xC9, 0xCF, 0x57, 0x93, 0xF5, 0x9D, 0xC5, 0x64, 0x85, 0x68, 0xB2, 0xC4, 0x6C, 0xB2,
    0xC0, 0x64, 0x32, 0xC7, 0x68, 0x52, 0x7D, 0xB9, 0x93, 0x3D, 0x25, 0xA1, 0x87, 0x5F, 0xB9, 0x4E,
    0x72, 0x22, 0x4D, 0xA2, 0x4B, 0xA2, 0x4F, 0x62, 0x4C, 0x62, 0x4E, 0x22, 0x9A, 0xF8, 0x10, 0x26,
    0x7E, 0x89, 0x86, 0xE2, 0x5D, 0x74, 0x14, 0xFF, 0x8E, 0x9E, 0xA2, 0xC7, 0x68, 0xC2, 0xCF, 0x26,
    0x5C, 0x34, 0x51, 0xC1, 0x44, 0x81, 0xEF, 0x51, 0x6C, 0xF1, 0x2E, 0xC5, 0x06, 0x1F, 0x53, 0x08,
    0xEE, 0x98, 0xF0, 0x67, 0x26, 0x1C, 0x4C, 0x54, 0x49, 0x14, 0x49, 0x6C, 0x93, 0xD8, 0x24, 0x21,
    0x3B, 0xE1, 0x71, 0xF8, 0x40, 0x38, 0x88, 0xB0, 0x16, 0x54, 0x04, 0x15, 0x56, 0x1A, 0xE9, 0xB9,
    0xF2, 0x4D, 0xA8, 0xCB, 0xF5, 0x4A, 0x80, 0x4D, 0x83, 0x55, 0x7A, 0x46, 0x28, 0xD0, 0xA6, 0x07,
    0xE9, 0x8E, 0xF3, 0xDB, 0x56, 0xC5, 0x94, 0x1E, 0x15, 0xC6, 0x03, 0x31, 0x50, 0x64, 0x49, 0xA4,
    0x6F, 0xCC, 0xDB, 0x95, 0xDC, 0xD5, 0xF3, 0xD1, 0xC4, 0x4E, 0xE7, 0xAE, 0x05, 0x9B, 0x1B, 0xC1,
    0xD6, 0xFF, 0x2A, 0xED, 0x52, 0x2C, 0x1A, 0x28, 0x86, 0xB4, 0x8E, 0x36, 0x54, 0x91, 0x56, 0xFC,
    0xEC, 0xB2, 0x19, 0x7D, 0xD6, 0xC8, 0x7E, 0x11, 0x6B, 0x88, 0x9E, 0x18, 0xB9, 0x03, 0x9A, 0x18,
    0x2B, 0xB3, 0xC2, 0x9D, 0x87, 0x27, 0x98, 0x7B, 0x8C, 0x71, 0x5F, 0xA3, 0x4D, 0x8B, 0x2F, 0x5B,
    0xC2, 0xD9, 0x2B, 0xCF, 0x77, 0xFF, 0xFF, 0xDF, 0xF7, 0xE8, 0x62, 0xD6, 0x5F, 0x05, 0x85, 0xB0,
    0x8E, 0x50, 0x57, 0xEA, 0x1A, 0x22, 0x49, 0x2D, 0xFB, 0xE7, 0x58, 0xAE, 0x4F, 0x8D, 0xF9, 0x9E,
    0xAA, 0x96, 0xC3, 0x87, 0x3A, 0xBA, 0x8F, 0x11, 0xC0, 0xF0, 0x99, 0x95, 0xE2, 0x8D, 0x2E, 0x1E,
    0x30, 0x5D, 0x9F, 0xAC, 0xCC, 0x68, 0xE5, 0xFB, 0x87, 0x1A, 0x92, 0xB6, 0x49, 0x78, 0x3D, 0x2A,
    0xC7, 0x6A, 0x25, 0x4B, 0x90, 0x9C, 0x52, 0x39, 0xB4, 0xBD, 0x72, 0x77, 0x84, 0xA4, 0x7F, 0x21,
    0x2B, 0x90, 0x25, 0xDA, 0xF4, 0xC0, 0xF3, 0x60, 0x1B, 0x9E, 0x7A, 0x3C, 0x6C, 0x89, 0x32, 0xED,
    0x7A, 0x6F, 0xA3, 0xAB, 0x17, 0x29, 0x1A, 0xDB, 0xA5, 0x24, 0xC4, 0x07, 0x0B, 0x7E, 0x45, 0xDF,
    0x94, 0xB0, 0x10, 0x4F, 0xF3, 0x53, 0xE4, 0x45, 0x88, 0x4D, 0x51, 0xBB, 0xFC, 0xCD, 0xC3, 0xD1,
    0xF7, 0x09, 0x7F, 0xCF, 0xAF, 0xFE, 0xDE, 0xF7, 0xD3, 0x0B, 0x87, 0x8E, 0x68, 0x5C, 0xDA, 0xFA,
    0x52, 0xCB, 0x85, 0x13, 0x11, 0x67, 0xBD, 0x7C, 0xDA, 0xAF, 0x3F, 0x22, 0x54, 0xFC, 0xBF, 0xCB,
    0xA0, 0xC9, 0xA7, 0xE7, 0xCB, 0x6F, 0x88, 0x61, 0x34, 0xBF, 0xCD, 0xDC, 0x69, 0xB8, 0x85, 0xC3,
    0x56, 0xE3, 0x93, 0xAB, 0xE9, 0x37, 0x2D, 0x34, 0xDB, 0xC3, 0x3B, 0xE2, 0x18, 0x68, 0xD2, 0xEF,
    0x3C, 0x66, 0x67, 0x0E, 0x61, 0xE5, 0x12, 0xE2, 0x26, 0x15, 0xAB, 0x0D, 0x61, 0xB5, 0x70, 0xF3,
    0xC1, 0x54, 0x2E, 0x1C, 0x59, 0x5E, 0xE7, 0x08, 0x15, 0x60, 0x63, 0xB6, 0x71, 0xC3, 0xA0, 0xA2,
    0xCD, 0xD2, 0xB3, 0x86, 0x1E, 0x22, 0xE8, 0xF5, 0x02, 0x1D, 0xA0, 0x2A, 0x59, 0xAC, 0xA0, 0x70,
    0x63, 0xB9, 0x52, 0xCC, 0xBB, 0xDF, 0x37, 0x6A, 0x8A, 0x32, 0xBA, 0x99, 0x62, 0x71, 0xA3, 0x8A,
    0x7C, 0xF5, 0x14, 0x5B, 0x84, 0xDE, 0x04, 0x75, 0x49, 0x96, 0x84, 0x00, 0x4D, 0x12, 0x87, 0xE1,
    0xC3, 0xE8, 0xA4, 0xF1, 0x1B, 0xB4, 0xC9, 0x7E, 0x86, 0x2C, 0x8D, 0xF3, 0x3C, 0xEB, 0xAD, 0x17,
    0x93, 0xE6, 0x0C, 0x34, 0xDF, 0x7E, 0xFF, 0x1A, 0xB5, 0x69, 0xEB, 0x0E, 0x46, 0x8A, 0x8A, 0x67,
    0x13, 0xB3, 0xB4, 0x40, 0x85, 0x59, 0x8B, 0xB3, 0x52, 0x7D, 0x3F, 0xEE, 0x7A, 0xE9, 0x7E, 0xC5,
    0x33, 0x2A, 0x77, 0xEF, 0x2D, 0x6C, 0x6A, 0x0B, 0xF1, 0xEF, 0x42, 0xD0, 0xB3, 0xF3, 0x81, 0x67,
    0x1D, 0x9B, 0xC7, 0x8F, 0xB9, 0x30, 0x4A, 0x86, 0x77, 0x54, 0xFE, 0xD8, 0xBA, 0xFF, 0x0B, 0x08,
    0xDE, 0xA5, 0xD5, 0x78, 0xCF, 0xD6, 0x28, 0x9A, 0xFA, 0xF1, 0x2A, 0xFE, 0x5F, 0x79, 0xE6, 0xEF,
    0xA8, 0x41, 0xEF, 0x9B, 0x47, 0xEE, 0x46, 0x71, 0x9F, 0x2E, 0x3C, 0xD3, 0x56, 0x6B, 0xA4, 0xC0,
    0x99, 0xA5, 0xE2, 0x99, 0x72, 0x4A, 0xAF, 0xCF, 0x68, 0x31, 0x6D, 0x4D, 0x67, 0xD6, 0x13, 0x51,
    0x0E, 0x92, 0xF3, 0x4C, 0x49, 0x83, 0x86, 0x14, 0x78, 0x65, 0x9A, 0x12, 0xB9, 0xD3, 0x46, 0x23,
    0x3E, 0x8A, 0x05, 0xFA, 0xC4, 0xB9, 0x4E, 0x0F, 0xDE, 0x20, 0x74, 0x93, 0x66, 0x30, 0x5B, 0xEA,
    0xA5, 0x5A, 0x4D, 0xAB, 0x8B, 0xA6, 0xC8, 0xDA, 0xD8, 0xC0, 0xD4, 0xCA, 0xCE, 0xFB, 0xFE, 0xC1,
    0x7E, 0x9B, 0x14, 0xA0, 0x4D, 0x23, 0xB3, 0x1B, 0xA7, 0xD1, 0xAA, 0x9B, 0x95, 0xD5, 0xEA, 0xAC,
    0x2B, 0xB1, 0xB4, 0xFE, 0xCE, 0x05, 0x5A, 0xDE, 0x8A, 0x1C, 0x0C, 0x4D, 0x7A, 0x26, 0xBC, 0x62,
    0xDD, 0xE3, 0xF0, 0xF1, 0xA0, 0xAD, 0xC1, 0xAC, 0x6E, 0x39, 0x05, 0xD7, 0xD1, 0x47, 0xDA, 0xC6,
    0x1C, 0x8C, 0x15, 0x38, 0x51, 0x17, 0x68, 0xD4, 0x62, 0x3D, 0x72, 0xB4, 0x1B, 0xF4, 0xD4, 0x9D,
    0x66, 0xB2, 0x30, 0xB9, 0xC8, 0xD6, 0x3C, 0x2B, 0x2E, 0x34, 0xA4, 0x34, 0xAB, 0x72, 0xDA, 0x4D,
    0xD3, 0x1A, 0xB3, 0xD3, 0x8C, 0x3E, 0xD8, 0x9F, 0xBA, 0xAF, 0xCD, 0x1A, 0x36, 0x11, 0x3D, 0xC6,
    0x9A, 0x14, 0xA1, 0x15, 0x0F, 0x9B, 0xA1, 0x3D, 0xBB, 0x99, 0x53, 0x0D, 0x37, 0x27, 0x99, 0x9E,
    0x87, 0x7B, 0x9F, 0x6C, 0x57, 0xA4, 0xB3, 0xC1, 0x6C, 0xCC, 0x81, 0x8F, 0x15, 0x19, 0xF6, 0x45,
    0x52, 0xFD, 0x1A, 0xFA, 0x13, 0x58, 0x6B, 0xED, 0x76, 0x8F, 0xD3, 0xA3, 0x7F, 0x78, 0xF4, 0xF2,
    0xC2, 0x8E, 0x03, 0xB5, 0x61, 0x60, 0x3C, 0x6B, 0xA2, 0xD7, 0x67, 0x86, 0xB1, 0xA6, 0x85, 0x01,
    0x4C, 0x43, 0xC5, 0xDE, 0xE1, 0x65, 0x34, 0x98, 0xE9, 0xB0, 0x70, 0xB5, 0x2B, 0x5C, 0xB0, 0x30,
    0x1E, 0x14, 0x6E, 0xBF, 0xBC, 0xB0, 0xBD, 0x26, 0x70, 0x18, 0xD3, 0x21, 0xEE, 0x85, 0x1D, 0x0E,
    0xFB, 0x43, 0x9B, 0xFD, 0x07, 0xE1, 0x07, 0x8D, 0xB1, 0xB3, 0x10, 0xE8, 0xF7, 0xEB, 0x76, 0x91,
    0x02, 0xEF, 0xAE, 0x05, 0xE7, 0xC7, 0x76, 0x87, 0xBF, 0x03, 0xA5, 0x6F, 0x59, 0x01, 0xE2, 0x19,
    0xFA, 0xE2, 0x7A, 0xBE, 0x62, 0xAC, 0x46, 0xC9, 0xF9, 0x7C, 0x2D, 0xE5, 0x64, 0x27, 0x7C, 0x06,
    0x97, 0x7A, 0x60, 0x01, 0xCE, 0xB5, 0xA7, 0x72, 0x49, 0x87, 0xCF, 0x6E, 0x9B, 0x84, 0x2B, 0xAF,
    0x73, 0xD3, 0x91, 0xA3, 0xC9, 0xD0, 0xD3, 0xB0, 0x22, 0xF2, 0x9D, 0xE2, 0x51, 0x78, 0x4D, 0xB2,
    0xFD, 0xCF, 0xDD, 0x1B, 0xC5, 0x98, 0xAD, 0x2F, 0x61, 0x92, 0x6B, 0xE7, 0x5F, 0x30, 0x5C, 0xB8,
    0x8E, 0x98, 0x05, 0x20, 0x16, 0x50, 0xD4, 0x5C, 0xE6, 0x19, 0x56, 0xD1, 0xCF, 0xC4, 0x94, 0xE0,
    0xA3, 0x8F, 0x19, 0xA2, 0x4B, 0x45, 0xF0, 0x59, 0x2C, 0x81, 0x3F, 0x8B, 0x1B, 0x2C, 0x79, 0x34,
    0x9B, 0x2E, 0xBD, 0xCA, 0xBE, 0x4C, 0xCF, 0x80, 0xE3, 0x5B, 0x0A, 0xA0, 0xF1, 0x77, 0x81, 0xDE,
    0xD3, 0x2A, 0x8F, 0x4F, 0x11, 0xFD, 0x6A, 0x6D, 0x48, 0xBD, 0x78, 0xAE, 0x11, 0x04, 0xFC, 0xF4,
    0x38, 0x52, 0x6E, 0x94, 0x6A, 0xF5, 0x8C, 0x7D, 0x8F, 0x9F, 0x22, 0x52, 0xCB, 0x94, 0x54, 0x7D,
    0xCC, 0xFB, 0xB7, 0x0F, 0x0C, 0x81, 0xAC, 0xD1, 0x14, 0x6E, 0x59, 0xC4, 0x75, 0x02, 0xC5, 0x36,
    0xFD, 0x76, 0x7F, 0x06, 0xA9, 0xD0, 0x1C, 0xD1, 0x67, 0x7B, 0x2F, 0x10, 0xF3, 0x13, 0x10, 0x0F,
    0x9F, 0x44, 0x9A, 0x12, 0xFD, 0xCB, 0x6D, 0x41, 0x2D, 0x5B, 0x42, 0x02, 0x71, 0xBC, 0x7B, 0xD9,
    0xA1, 0x90, 0xA3, 0x37, 0x6C, 0xA8, 0xBF, 0x02, 0xC5, 0x3D, 0x45, 0xC0, 0x2F, 0xB1, 0x01, 0xEE,
    0x83, 0xFA, 0x50, 0xEA, 0x09, 0x2A, 0x8E, 0x27, 0xDF, 0xB9, 0xE0, 0xDC, 0x3B, 0x97, 0xFC, 0x31,
    0x44, 0x66, 0xB0, 0x88, 0x76, 0xA1, 0x42, 0x85, 0x6B, 0x01, 0xB6, 0x3C, 0x6F, 0xA9, 0x2F, 0x03,
    0x97, 0x8B, 0x5A, 0x95, 0x4B, 0x76, 0x22, 0xF4, 0xC1, 0x35, 0x9A, 0xBF, 0xCA, 0xDE, 0x07, 0x63,
    0x89, 0x9F, 0x86, 0xB9, 0x5A, 0xD3, 0x22, 0x5A, 0x2E, 0xD4, 0xB7, 0xBA, 0xF5, 0xFA, 0x8D, 0x95,
    0xE3, 0x7B, 0x88, 0xF3, 0x8E, 0xD8, 0xCD, 0xF2, 0x6D, 0xF6, 0x2F, 0x39, 0x80, 0x79, 0x43, 0x88,
    0x4F, 0x4F, 0xD3, 0xD0, 0x46, 0x2E, 0xB2, 0xB9, 0x2B, 0xAF, 0x09, 0xBF, 0x6A, 0x15, 0x36, 0x19,
    0xE8, 0x1C, 0x20, 0x1E, 0xBE, 0x8C, 0x61, 0x54, 0x64, 0xF8, 0xE4, 0x44, 0x2A, 0x56, 0xF5, 0x7B,
    0xFC, 0x01, 0xCE, 0x5E, 0xB5, 0xDC, 0x17, 0x09, 0x75, 0x76, 0x76, 0x2A, 0x01, 0xEF, 0xD2, 0xD9,
    0x77, 0x91, 0x27, 0x67, 0xDF, 0xA6, 0xB3, 0x65, 0xEF, 0xEC, 0xA7, 0xF9, 0xD9, 0x10, 0x13, 0x0A,
    0x3A, 0xBB, 0x44, 0x85, 0xD6, 0xEF, 0x9D, 0x0D, 0x3A, 0xFB, 0x03, 0x3A, 0xBB, 0xA0, 0xB3, 0x15,
    0xF4, 0x0F, 0xB1, 0xFE, 0x7F, 0x2E, 0x4E, 0xE5, 0xD9, 0x5F, 0x22, 0xB2, 0xF0, 0x4C, 0x0C, 0x44,
    0x93, 0xDD, 0xC0, 0xAD, 0xE7, 0x09, 0x97, 0x7B, 0x0A, 0xA0, 0x63, 0xB8, 0x8C, 0xBB, 0xF7, 0x15,
    0x67, 0x58, 0x3C, 0xC4, 0x31, 0x02, 0x2A, 0xC6, 0x02, 0xC3, 0x65, 0x8F, 0xE9, 0x6B, 0xE1, 0xA8,
    0x71, 0xA3, 0x9F, 0xFD, 0xEC, 0xA6, 0x6A, 0x10, 0xE1, 0x50, 0xBA, 0xE9, 0xD9, 0xFE, 0xE4, 0xA8,
    0xE1, 0x9C, 0xE3, 0x67, 0x1E, 0xFA, 0xD5, 0xEA, 0x27, 0x15, 0x6A, 0xF9, 0x0B, 0x38, 0xC2, 0xF4,
    0x29, 0x46, 0xF0, 0xE8, 0x80, 0x26, 0xCC, 0x72, 0xE9, 0xB5, 0xE7, 0x5D, 0x75, 0xB9, 0x3D, 0x52,
    0x56, 0xE0, 0xB9, 0x8F, 0xCA, 0x0C, 0xA3, 0x72, 0x8B, 0x4E, 0xC9, 0x11, 0xD3, 0x9E, 0x2C, 0x24,
    0x26, 0xE5, 0xAF, 0xD1, 0x2B, 0xEF, 0xA3, 0x53, 0x02, 0xBD, 0x71, 0x34, 0x46, 0x92, 0xF3, 0x06,
    0x6B, 0x35, 0x7B, 0x0D, 0x49, 0x9B, 0x84, 0x99, 0x54, 0x45, 0xFB, 0xB6, 0x0A, 0x74, 0x97, 0x5E,
    0xF5, 0xD3, 0xD7, 0xFB, 0xBB, 0xD8, 0xE8, 0xE0, 0x7F, 0xEB, 0x4C, 0xFC, 0xCD, 0xF4, 0x8B, 0x8C,
    0xFF, 0x15, 0x70, 0x67, 0xF7, 0x76, 0x2B, 0xDD, 0x08, 0xF7, 0x81, 0x33, 0xAC, 0x1E, 0xE2, 0xD1,
    0xD6, 0x2B, 0x3B, 0x06, 0x29, 0xA1, 0xB2, 0x5E, 0x29, 0x67, 0xE1, 0x9E, 0x8A, 0xF3, 0x66, 0x1D,
    0x7F, 0x8B, 0x92, 0x76, 0x9A, 0x91, 0x3D, 0x2D, 0x9C, 0x7E, 0x7B, 0x37, 0xA9, 0x64, 0x81, 0x71,
    0x53, 0x03, 0x4A, 0x70, 0x64, 0xB6, 0x4A, 0xCD, 0xC1, 0x7F, 0x22, 0x4A, 0x05, 0x76, 0xBB, 0x66,
    0x44, 0x8B, 0xC5, 0x2B, 0x87, 0x3C, 0x37, 0x6E, 0xD1, 0x3E, 0x81, 0x91, 0xB9, 0xD6, 0x03, 0xA9,
    0xE8, 0x2F, 0x3D, 0x5A, 0xB5, 0x36, 0xA7, 0xFD, 0x92, 0xC1, 0xC6, 0xDC, 0x73, 0xED, 0xD0, 0x12,
    0x8B, 0xDD, 0xD1, 0x4C, 0xCD, 0xF1, 0x7F, 0x89, 0x1F, 0xB8, 0x80, 0xDD, 0x41, 0xDA, 0x5A, 0x4E,
    0xCF, 0xBC, 0x80, 0xCD, 0x5F, 0xBD, 0x80, 0xDD, 0x65, 0xAC, 0x4F, 0x41, 0x95, 0x4D, 0x59, 0xF3,
    0x6C, 0x53, 0x84, 0x3C, 0x36, 0xCB, 0x15, 0x87, 0xB3, 0x5C, 0x7D, 0x38, 0xCB, 0x3D, 0xEB, 0x92,
    0xB2, 0x9F, 0xE5, 0xF2, 0x87, 0xB3, 0x9C, 0x3B, 0x98, 0xE5, 0x9E, 0x09, 0xEA, 0xAB, 0xD1, 0xF7,
    0x81, 0xAB, 0xF2, 0xE8, 0xEF, 0x6B, 0x02, 0xD3, 0xBD, 0x13, 0x9F, 0xF6, 0x14, 0xE2, 0x67, 0x9A,
    0xFF, 0x7C, 0x49, 0x8E, 0xD7, 0x26, 0xFD, 0x42, 0x52, 0x02, 0xAB, 0xD4, 0x00, 0xBD, 0x78, 0x64,
    0x7B, 0xAC, 0xFF, 0x97, 0x4A, 0x38, 0x34, 0xC4, 0x24, 0x2C, 0xD2, 0xF2, 0x1E, 0x61, 0x5D, 0x0E,
    0xE1, 0x11, 0x68, 0x58, 0x4D, 0xE4, 0xC4, 0x16, 0xF2, 0xC7, 0x34, 0xD6, 0x01, 0x86, 0x48, 0x4C,
    0x52, 0xB1, 0x5A, 0x5A, 0xCD, 0x6A, 0xCE, 0x01, 0x9A, 0xBC, 0xA6, 0xD0, 0x71, 0xD9, 0xBA, 0x5C,
    0x00, 0xD1, 0xED, 0x92, 0x2E, 0x59, 0xAF, 0xF3, 0xD1, 0xF3, 0xD9, 0x52, 0xAF, 0x69, 0xFA, 0xB6,
    0xB0, 0x9D, 0x60, 0x6D, 0xC5, 0xF4, 0x3A, 0xF9, 0x94, 0x6D, 0x5D, 0x38, 0xB5, 0x7B, 0xFC, 0xEB,
    0xA3, 0xE2, 0x3D, 0x67, 0xB3, 0x80, 0x5F, 0x1D, 0xFE, 0x04, 0x6B, 0x0D, 0x60, 0x2D, 0x81, 0xFB,
    0x6B, 0x0E, 0xBC, 0xB7, 0x0A, 0xD6, 0xED, 0x6A, 0x3F, 0x7B, 0x9C, 0x9E, 0x48, 0x76, 0xDA, 0xA4,
    0xBD, 0xAE, 0x3F, 0x88, 0x85, 0x2A, 0x5A, 0x14, 0x2C, 0xAA, 0xCF, 0x82, 0x82, 0x17, 0x19, 0x4A,
    0x5B, 0x34, 0xCE, 0x5E, 0x24, 0x70, 0x77, 0x8D, 0x2E, 0x0C, 0xCA, 0x1E, 0xF4, 0xCA, 0x47, 0xA4,
    0xFB, 0xDC, 0x36, 0x81, 0x77, 0xE9, 0xD1, 0xEA, 0x7E, 0x7A, 0x46, 0x58, 0x94, 0x05, 0xA2, 0xF9,
    0x78, 0x36, 0x8E, 0xCA, 0x4C, 0xC9, 0xD6, 0x2F, 0x5E, 0x66, 0x77, 0xF9, 0x2B, 0x51, 0xFA, 0xA7,
    0x06, 0xBF, 0x4A, 0xC5, 0x8D, 0x3C, 0x60, 0xFF, 0xDF, 0x45, 0xC9, 0x6D, 0x7E, 0x06, 0x36, 0x5C,
    0x2E, 0x9B, 0x35, 0xB4, 0x7E, 0x2C, 0xD6, 0xED, 0xE2, 0xB5, 0xF1, 0x1C, 0xF6, 0xDE, 0xB8, 0xDF,
    0xE2, 0x4F, 0xA3, 0x53, 0x33, 0xB6, 0xF8, 0xC9, 0x5C, 0xAB, 0x21, 0x1B, 0xFC, 0x64, 0xAA, 0x3E,
    0x47, 0x2B, 0xF8, 0xB7, 0xB1, 0xBC, 0x83, 0x66, 0x27, 0x45, 0xC2, 0x87, 0x43, 0x71, 0x57, 0xCD,
    0xF2, 0x9F, 0xF5, 0xF9, 0x7D, 0xCE, 0xF2, 0xAC, 0x13, 0x1F, 0xCA, 0x9A, 0x72, 0xA6, 0xD5, 0xED,
    0x06, 0x13, 0x65, 0x43, 0x43, 0xD5, 0x48, 0xF5, 0x92, 0xE3, 0x0C, 0xDA, 0x96, 0x90, 0x0A, 0x3C,
    0x31, 0x6F, 0xF4, 0x61, 0xDE, 0xBF, 0xF5, 0x7B, 0xB0, 0x4A, 0xB4, 0xAC, 0x87, 0xF3, 0xBD, 0x4E,
    0xE7, 0xE9, 0x3A, 0xCB, 0x34, 0xA9, 0x7C, 0xAA, 0x6B, 0x7A, 0x26, 0xC9, 0x4D, 0x67, 0xD2, 0x6F,
    0x71, 0xDA, 0x78, 0x36, 0xD1, 0x9D, 0x72, 0x9C, 0x9A, 0x30, 0xF1, 0xDC, 0x1D, 0x8E, 0x11, 0xED,
    0xE1, 0x00, 0xED, 0xC7, 0x68, 0x6B, 0x93, 0x18, 0x0B, 0x4C, 0x92, 0xA5, 0x31, 0x4A, 0x1B, 0xAC,
    0x30, 0xD8, 0xDA, 0xF5, 0xDF, 0x69, 0x8C, 0x68, 0x61, 0xC5, 0x31, 0xDA, 0xDB, 0xB9, 0xD0, 0xCE,
    0x03, 0x6B, 0x33, 0x1C, 0xBE, 0x74, 0x55, 0x05, 0x1C, 0xF2, 0x87, 0x3B, 0x47, 0x9A, 0xFF, 0x9D,
    0x90, 0x02, 0x28, 0x1A, 0x27, 0x63, 0xBF, 0xDF, 0xB3, 0xF2, 0x9F, 0x28, 0xC4, 0x03, 0x38, 0x8F,
    0xFD, 0x63, 0x76, 0x98, 0xD2, 0x66, 0x34, 0x69, 0x2C, 0x61, 0x15, 0x0F, 0xFF, 0x59, 0x87, 0xD7,
    0xD3, 0x2E, 0xB6, 0xB2, 0x4A, 0x8B, 0xEA, 0x0B, 0x00, 0x1A, 0x9C, 0x87, 0xC8, 0x95, 0xCE, 0x7E,
    0xB0, 0x28, 0x35, 0xD5, 0x4C, 0x6B, 0xB3, 0xFF, 0xA7, 0xC2, 0xA7, 0xA5, 0x30, 0xCA, 0x55, 0x0C,
    0x5C, 0x2A, 0xAD, 0x41, 0x9B, 0x84, 0x2C, 0x24, 0x99, 0xFF, 0x65, 0x69, 0xA2, 0x99, 0xAA, 0x3F,
    0xB5, 0x67, 0xED, 0xCA, 0xD5, 0x5E, 0x2D, 0x6B, 0x5E, 0xCC, 0xDF, 0x15, 0xF9, 0x5B, 0xDE, 0x19,
    0x51, 0x13, 0x98, 0x1A, 0x39, 0xD6, 0x64, 0xBB, 0xDA, 0xA7, 0xA6, 0x2E, 0x8D, 0x50, 0x58, 0x5B,
    0xDE, 0xBE, 0x36, 0x50, 0x95, 0xA6, 0xA0, 0x09, 0x03, 0xF3, 0x9F, 0x5A, 0x97, 0x7A, 0xA9, 0x3F,
    0x58, 0x4A, 0xED, 0xFA, 0x6B, 0x22, 0x72, 0xB2, 0xFB, 0x39, 0xE8, 0xDB, 0x0E, 0xEB, 0x77, 0xDF,
    0x4A, 0xAB, 0xF8, 0x0D, 0xC5, 0x0F, 0xC5, 0x63, 0x6C, 0xE4, 0xE8, 0xED, 0xE6, 0x7F, 0x00, 0xDD,
    0x7B, 0x3D, 0x90, 0xDD, 0x46, 0x76, 0xF5, 0x01, 0x20, 0x0E, 0xBE, 0x12, 0x82, 0x56, 0x20, 0x26,
    0xE4, 0xE7, 0xC2, 0xA6, 0x96, 0xCB, 0x85, 0x64, 0x53, 0xA9, 0xB1, 0x52, 0xE8, 0x84, 0xAE, 0xE2,
    0x28, 0xD9, 0x40, 0x0E, 0x36, 0x92, 0x03, 0xE5, 0xC1, 0xAA, 0x21, 0xE7, 0xC1, 0x28, 0x72, 0xE0,
    0xC0, 0x0A, 0x14, 0x88, 0xC3, 0x72, 0x29, 0x71, 0xE0, 0xC0, 0x2B, 0x40, 0x56, 0xE8, 0x04, 0x6B,
    0xBB, 0x6A, 0x83, 0x0D, 0x16, 0x2E, 0x51, 0x72, 0x99, 0x0A, 0xDC, 0xEB, 0xC5, 0x96, 0x40, 0xB2,
    0xD1, 0xC7, 0xEF, 0xDE, 0xC6, 0x3C, 0xBE, 0x19, 0x51, 0x22, 0x4D, 0xAD, 0xC6, 0x12, 0x1B, 0x83,
    0x73, 0xFA, 0xBD, 0xFE, 0xC1, 0xFD, 0xE9, 0x77, 0xD1, 0x17, 0x85, 0xB9, 0xD2, 0x5A, 0xDF, 0xCF,
    0x5C, 0x38, 0x3B, 0x7F, 0xAD, 0x83, 0x16, 0x3B, 0x6D, 0x87, 0xB7, 0xDE, 0xED, 0x8F, 0x3E, 0x1D,
    0x73, 0x3F, 0x73, 0x77, 0x22, 0x95, 0x8F, 0xCE, 0xC1, 0x75, 0x46, 0x80, 0xE4, 0x50, 0x90, 0xEC,
    0x0C, 0x49, 0xD4, 0xFC, 0xE5, 0x5B, 0x68, 0xA2, 0xCC, 0x1A, 0x04, 0x16, 0x00, 0x6E, 0x7E, 0x04,
    0x2C, 0xFB, 0x2E, 0x02, 0x0D, 0x71, 0xD4, 0x1A, 0xDE, 0xEF, 0xDB, 0x8A, 0x64, 0x9B, 0x0B, 0xC0,
    0x09, 0x1C, 0xF1, 0xCE, 0x57, 0xAE, 0x8B, 0x9B, 0x38, 0x2B, 0x7D, 0x6C, 0x51, 0x91, 0x0B, 0x1A,
    0x72, 0x96, 0x11, 0x1E, 0x5C, 0x7F, 0x3A, 0x61, 0xC7, 0x2D, 0x38, 0x02, 0x8F, 0x02, 0x47, 0xF2,
    0x22, 0x64, 0x8F, 0xE8, 0x97, 0x71, 0x00, 0x0A, 0x76, 0x40, 0x15, 0x91, 0x86, 0xC5, 0xFE, 0x11,
    0x90, 0x03, 0x39, 0xAA, 0xE1, 0x67, 0x66, 0x68, 0x48, 0xFA, 0x9A, 0xE4, 0x54, 0x8A, 0x49, 0x0A,
    0xFE, 0x35, 0x51, 0x06, 0xB0, 0xAD, 0x66, 0xD8, 0xAE, 0xF2, 0xB0, 0x83, 0xD4, 0x86, 0x72, 0x81,
    0xEB, 0x8A, 0x98, 0xB1, 0x15, 0xD3, 0xC1, 0x88, 0x11, 0xAD, 0x8C, 0x35, 0x9F, 0xC7, 0x37, 0xC6,
    0xA2, 0x43, 0xD9, 0x26, 0xF5, 0xBC, 0x08, 0xE1, 0x66, 0x91, 0xA2, 0x09, 0x28, 0x09, 0xB3, 0xC2,
    0x44, 0x54, 0x44, 0x1D, 0x50, 0x50, 0x0C, 0x9C, 0xB3, 0xB3, 0x1E, 0xE0, 0xD0, 0x4F, 0x40, 0x3F,
    0x8A, 0xCC, 0xF6, 0xBF, 0x45, 0xE8, 0xE6, 0x4B, 0x02, 0x30, 0x5C, 0x01, 0x54, 0x0C, 0x00, 0x4A,
    0x2E, 0xA2, 0x15, 0xE9, 0x0F, 0x71, 0xD3, 0x76, 0xC3, 0x63, 0x7E, 0x76, 0xE3, 0x31, 0x7D, 0x0E,
    0xF1, 0x18, 0x7D, 0xFB, 0xF5, 0xC7, 0x9B, 0x38, 0x2C, 0x8F, 0xED, 0x7B, 0xED, 0x96, 0x5C, 0x6D,
    0xAE, 0xC8, 0x50, 0x93, 0x4B, 0xE3, 0x33, 0x6F, 0x27, 0xA0, 0xF1, 0x40, 0xBD, 0x8A, 0x2A, 0x13,
    0x72, 0x46, 0x14, 0xE4, 0x68, 0xEE, 0xD3, 0xD7, 0x53, 0x13, 0x9A, 0xB1, 0x0C, 0x76, 0x2C, 0xD6,
    0xC6, 0x17, 0x6B, 0xBD, 0x16, 0xC1, 0xF0, 0x37, 0x21, 0x17, 0x81, 0x1D, 0x47, 0x94, 0x9C, 0x01,
    0x17, 0x80, 0x6A, 0x05, 0x8A, 0xF5, 0x47, 0x28, 0x57, 0x7B, 0x52, 0x07, 0x4B, 0xCE, 0x96, 0x9C,
    0x2A, 0x46, 0xE0, 0x6A, 0xB2, 0x74, 0x33, 0x34, 0x63, 0xFA, 0x01, 0xEC, 0x70, 0xB2, 0xD3, 0xF3,
    0xED, 0xF3, 0x2D, 0xF6, 0xA5, 0xE2, 0x3D, 0x65, 0x52, 0x35, 0xAF, 0xE2, 0x9F, 0xBF, 0xB5, 0xC8,
    0xA0, 0x11, 0x19, 0xB7, 0x45, 0xD9, 0x0C, 0xC8, 0x17, 0xF4, 0x77, 0x2A, 0x8F, 0x62, 0x2A, 0x19,
    0xF3, 0x19, 0x66, 0xA8, 0xE3, 0x8A, 0x00, 0xD3, 0xDA, 0xEE, 0x39, 0xFC, 0x1C, 0x0D, 0x7A, 0x00,
    0x16, 0x16, 0xBA, 0xE6, 0xF1, 0x4A, 0x26, 0x5C, 0xE3, 0xE5, 0xC4, 0xED, 0xCB, 0xD9, 0x72, 0x8E,
    0xCF, 0xDA, 0x5F, 0xD9, 0xFA, 0x37, 0x58, 0x75, 0x7C, 0xDD, 0xBA, 0x16, 0x78, 0x1B, 0x66, 0xB0,
    0x9F, 0xFD, 0x1D, 0x02, 0xCA, 0xD1, 0x70, 0xCD, 0x16, 0x14, 0x73, 0xC6, 0xA5, 0xF4, 0xD0, 0x6E,
    0xF5, 0x08, 0xB8, 0x0E, 0xE8, 0x5B, 0xC0, 0xDC, 0xC3, 0x75, 0xF9, 0x2E, 0x27, 0x39, 0xA9, 0xB6,
    0x8C, 0x42, 0x7B, 0xED, 0x51, 0x72, 0xB4, 0x5C, 0x1A, 0xAE, 0xFF, 0x2F, 0x8B, 0x40, 0x3C, 0x62,
    0xB4, 0x8C, 0xFD, 0x49, 0x24, 0x22, 0xF3, 0xC8, 0x0F, 0xA3, 0xE3, 0xDB, 0xF5, 0xF2, 0x0A, 0x64,
    0x12, 0xE0, 0x04, 0x30, 0x53, 0xBE, 0x02, 0x4D, 0x28, 0xD9, 0xA2, 0x9F, 0x4D, 0x44, 0xC6, 0xC9,
    0x06, 0x59, 0xA7, 0xF4, 0x30, 0xCC, 0x39, 0xC2, 0x6A, 0xA3, 0x93, 0x46, 0xD8, 0x60, 0x08, 0xD4,
    0xB1, 0xE0, 0x80, 0x8A, 0xAD, 0x3A, 0x72, 0x90, 0x20, 0x40, 0xDF, 0xAC, 0xD2, 0x5C, 0x49, 0xF3,
    0x52, 0x44, 0xA0, 0xEC, 0xE0, 0x71, 0x50, 0x1C, 0xC9, 0x70, 0x01, 0x00, 0x14, 0xDF, 0x08, 0xD9,
    0xCD, 0xE3, 0xE3, 0x1B, 0xA4, 0xDF, 0xFF, 0xED, 0x3E, 0xFE, 0xEF, 0xDD, 0xD9, 0xDC, 0xEF, 0xD4,
    0x9D, 0x0D, 0x17, 0x75, 0x67, 0xC3, 0xA8, 0xEE, 0x6C, 0xDA, 0x5E, 0xDD, 0xD9, 0xB4, 0xE2, 0x4C,
    0x2B, 0x2C, 0xEE, 0x14, 0x16, 0x77, 0xEE, 0x38, 0x8A, 0x1B, 0xD1, 0x30, 0x6C, 0x3C, 0x89, 0x3B,
    0xD1, 0xDC, 0xF6, 0xEA, 0xCE, 0xE6, 0xB5, 0x19, 0x8D, 0x8E, 0x0F, 0xEA, 0xCE, 0xA6, 0xFD, 0x48,
    0xDD, 0x29, 0xE3, 0xC5, 0x9D, 0x4D, 0xDB, 0x7C, 0x2C, 0xEE, 0x6C, 0x5A, 0xF3, 0xAB, 0xA7, 0x72,
    0x27, 0x60, 0x49, 0xF2, 0x21, 0xBC, 0x74, 0x7A, 0x7A, 0x7A, 0x0B, 0x62, 0x98, 0x7E, 0x42, 0xC5,
    0x15, 0x35, 0xD9, 0xDA, 0xCF, 0xFA, 0xC1, 0x75, 0xCD, 0xE0, 0x50, 0x8F, 0x0E, 0x66, 0x74, 0x6D,
    0x3D, 0xDA, 0xD1, 0x0D, 0x4D, 0x8A, 0xE6, 0xC8, 0xB9, 0x00, 0xD7, 0x64, 0xCA, 0x63, 0x19, 0x19,
    0xBF, 0x01, 0xAE, 0xBE, 0xCE, 0xE3, 0x9B, 0x17, 0x9C, 0xF4, 0xE6, 0x6D, 0x9E, 0x7E, 0xF0, 0xCD,
    0xC3, 0x80, 0xD3, 0x6F, 0xF6, 0xB2, 0xCA, 0x6B, 0xB8, 0x8A, 0x3E, 0x30, 0x5F, 0xB0, 0x2D, 0xC1,
    0x16, 0x72, 0x66, 0x04, 0x8A, 0x08, 0x98, 0x00, 0xA4, 0xF8, 0x97, 0x3E, 0xAE, 0xC7, 0xD2, 0x77,
    0x38, 0x3B, 0xAF, 0x1E, 0x1F, 0xB7, 0x59, 0x7F, 0x07, 0x35, 0x23, 0x1A, 0x99, 0xE3, 0x5D, 0x76,
    0x7B, 0x4B, 0xBE, 0x4E, 0x80, 0x4B, 0x3A, 0x6F, 0xCB, 0xBC, 0x4E, 0x82, 0xE7, 0xF0, 0xE3, 0x1D,
    0xDB, 0xBB, 0x3A, 0xBE, 0x6D, 0xB8, 0x22, 0x3B, 0x3D, 0x01, 0xDE, 0xFC, 0x00, 0x9C, 0x0B, 0x0E,
    0x12, 0x7A, 0x17, 0xB8, 0x11, 0x57, 0x81, 0xAB, 0x37, 0x70, 0xE5, 0xD8, 0xCD, 0x30, 0xF1, 0xE9,
    0xA1, 0x8E, 0x6E, 0x41, 0x13, 0x5D, 0x80, 0x8D, 0x8E, 0x3F, 0xE1, 0x0E, 0xA8, 0xF0, 0x40, 0xE0,
    0xD3, 0xE8, 0xBE, 0xE4, 0x5F, 0xED, 0xFA, 0xBD, 0xA8, 0x37, 0xCE, 0x27, 0x02, 0x64, 0x6F, 0x9E,
    0x9E, 0x26, 0x8B, 0xB6, 0x39, 0x05, 0x2B, 0x45, 0x43, 0xFA, 0xA6, 0xAD, 0x15, 0x1B, 0x45, 0xFB,
    0x04, 0xD8, 0x1C, 0x8C, 0x32, 0x8A, 0xA5, 0x62, 0xA6, 0x88, 0x46, 0x11, 0xC5, 0x77, 0x80, 0xB9,
    0x6F, 0x70, 0xBD, 0xEB, 0x3D, 0x67, 0x39, 0xDC, 0x74, 0xA5, 0x2D, 0x3C, 0xCA, 0x19, 0x15, 0x81,
    0x7E, 0x80, 0x1D, 0x76, 0xE8, 0xB8, 0xFB, 0x83, 0x95, 0x75, 0x7A, 0x82, 0x7E, 0x2C, 0x38, 0xD6,
    0x1C, 0x1D, 0x47, 0xFB, 0xE1, 0xF8, 0x47, 0xCD, 0x08, 0xFB, 0xF5, 0x7F, 0xE9, 0xA7, 0x92, 0xB3,
    0x83, 0xE1, 0x0C, 0xCB, 0x15, 0xEE, 0x1D, 0x82, 0xE8, 0x41, 0xB8, 0xF6, 0xE1, 0xD9, 0xB7, 0xAE,
    0x23, 0x2C, 0x23, 0x6A, 0x2E, 0x90, 0xB8, 0xA6, 0x26, 0xEE, 0xF0, 0x23, 0x0D, 0x82, 0x01, 0x29,
    0xC2, 0x69, 0x28, 0xEC, 0xB6, 0xC8, 0x57, 0x70, 0xE8, 0xBD, 0x46, 0xC4, 0xD4, 0xCC, 0xD4, 0xDC,
    0xA6, 0x30, 0x98, 0x62, 0x5E, 0x8A, 0x7F, 0x29, 0x16, 0xA6, 0xB8, 0x68, 0x17, 0xED, 0xE8, 0xF5,
    0x66, 0x35, 0xE0, 0xEF, 0x1F, 0x86, 0xAB, 0x29, 0xAD, 0x58, 0xE7, 0x75, 0xE5, 0xE7, 0xF4, 0xC8,
    0x09, 0x98, 0x1D, 0x17, 0x12, 0x3C, 0x77, 0x5C, 0x2D, 0x40, 0xFD, 0x86, 0x87, 0xF1, 0xC0, 0x95,
    0xDA, 0xC3, 0x4E, 0x90, 0xA9, 0xE0, 0x86, 0xC4, 0x6C, 0x95, 0x33, 0x42, 0xB9, 0x58, 0x13, 0x57,
    0x21, 0x63, 0xB7, 0x63, 0x33, 0x17, 0xCA, 0xCD, 0x54, 0x29, 0xDB, 0xA1, 0x56, 0x66, 0x67, 0x77,
    0x7C, 0xE5, 0x27, 0xC4, 0x2F, 0x76, 0x8C, 0x22, 0x66, 0x41, 0xB8, 0x0C, 0xC5, 0x2C, 0x6C, 0xE6,
    0x6A, 0x12, 0x6E, 0x7C, 0x3D, 0x08, 0xDB, 0xD1, 0x92, 0x0B, 0xD0, 0x77, 0x3B, 0x0E, 0x00, 0xA1,
    0x5C, 0x44, 0x00, 0xEC, 0x50, 0x86, 0xC4, 0x66, 0x51, 0xFE, 0x6E, 0xF4, 0xBA, 0x99, 0xF4, 0xAA,
    0x39, 0xA8, 0x5E, 0xA4, 0x57, 0xBD, 0xC8, 0x45, 0xF5, 0xFA, 0xB9, 0x09, 0xAA, 0xD7, 0x0B, 0x65,
    0x50, 0xBD, 0x50, 0x85, 0x2D, 0x8E, 0xCC, 0x50, 0x01, 0xAD, 0x4F, 0x75, 0x0E, 0x7A, 0x81, 0x82,
    0x10, 0xBD, 0x60, 0x02, 0x44, 0x2F, 0x6D, 0x06, 0x01, 0xDE, 0xBD, 0x25, 0xC3, 0x32, 0x72, 0x95,
    0x61, 0xCA, 0x66, 0x49, 0x9C, 0x4A, 0x5A, 0x2B, 0x76, 0x40, 0x93, 0x4C, 0xA2, 0x6B, 0x2C, 0x13,
    0xFD, 0x5E, 0x8D, 0xC9, 0x24, 0x88, 0xC9, 0x24, 0xD9, 0xAA, 0x57, 0xCC, 0x7E, 0x1A, 0x50, 0x7B,
    0xA0, 0xA0, 0x2C, 0x50, 0xE1, 0x59, 0xD6, 0x39, 0xB2, 0xDB, 0x6B, 0xD2, 0x13, 0xCC, 0x23, 0x94,
    0x5F, 0x0B, 0x39, 0xF1, 0x17, 0xA0, 0x59, 0x4A, 0xC2, 0xDD, 0x66, 0xED, 0xCD, 0x8E, 0xB9, 0xDA,
    0xB1, 0x21, 0x1A, 0xCE, 0x6E, 0x78, 0x9B, 0xC8, 0x6E, 0xB5, 0x6C, 0x57, 0xAA, 0x24, 0xF9, 0xEF,
    0x85, 0x8B, 0xB5, 0xFC, 0xAD, 0x70, 0xB5, 0x98, 0x8F, 0x85, 0x8D, 0x6F, 0xDE, 0x61, 0xCA, 0x00,
    0xA8, 0x5B, 0xA5, 0xC1, 0x29, 0xB3, 0x15, 0x56, 0x61, 0x33, 0xB6, 0xEA, 0x8C, 0x6C, 0x33, 0xD5,
    0xFE, 0x06, 0x99, 0x73, 0x50, 0x51, 0xF7, 0x20, 0x92, 0xB2, 0x03, 0xF0, 0x22, 0xCE, 0x95, 0xD3,
    0x36, 0x79, 0x1B, 0xAA, 0x44, 0x21, 0x60, 0x08, 0xC0, 0xAD, 0x32, 0xC9, 0x0C, 0x54, 0x32, 0xBE,
    0xE6, 0x3E, 0x21, 0x98, 0x05, 0x7C, 0xAA, 0x65, 0xF2, 0xDD, 0x5B, 0xB0, 0x24, 0xBB, 0x9A, 0x94,
    0xF0, 0x4B, 0x8E, 0xC9, 0xCA, 0xD7, 0x64, 0xE6, 0xFC, 0xF4, 0x3D, 0x48, 0xE1, 0xAC, 0xD4, 0x04,
    0xA5, 0x8A, 0x4A, 0xBA, 0x81, 0x57, 0xFD, 0x94, 0xAE, 0x1C, 0x6C, 0x01, 0xD0, 0xB0, 0xD3, 0xA6,
    0xD4, 0xC5, 0x71, 0x14, 0x22, 0xA7, 0x44, 0x5E, 0x47, 0x7F, 0x28, 0x93, 0x16, 0x7C, 0x63, 0x51,
    0x32, 0x41, 0x67, 0x36, 0x2B, 0x00, 0x13, 0x2B, 0x0A, 0xAD, 0x25, 0xF5, 0xAA, 0xAA, 0x96, 0x5D,
    0xD4, 0x28, 0x6E, 0xCE, 0x84, 0x7A, 0x0F, 0x99, 0x8D, 0x1E, 0xDB, 0x26, 0x9A, 0x33, 0x72, 0xA1,
    0x05, 0x85, 0x50, 0x40, 0x29, 0xB4, 0xA2, 0xE2, 0xDD, 0xD3, 0x3E, 0xC2, 0x10, 0x72, 0xD6, 0x11,
    0x12, 0x15, 0xEC, 0x0A, 0x94, 0xEC, 0x6C, 0x50, 0xD3, 0xBA, 0x45, 0x97, 0x93, 0x28, 0x99, 0xA9,
    0x6C, 0xCF, 0xAB, 0x55, 0xD1, 0x44, 0x41, 0x48, 0xF3, 0x7E, 0x57, 0x5E, 0x50, 0x10, 0x66, 0x49,
    0x3A, 0xB7, 0x78, 0x36, 0x94, 0x16, 0x9D, 0x0F, 0x75, 0xE8, 0x55, 0xF8, 0x8C, 0x9A, 0x9B, 0x96,
    0xB1, 0xD2, 0x4D, 0xD2, 0x9C, 0x31, 0xE9, 0x7C, 0xF5, 0x59, 0x51, 0xFA, 0xB9, 0xE4, 0x41, 0x8E,
    0x75, 0x27, 0xED, 0xB1, 0x6F, 0x65, 0x10, 0x55, 0xA4, 0xCF, 0xA9, 0x4A, 0x77, 0xCD, 0x2C, 0x4A,
    0x23, 0x7B, 0x66, 0x3C, 0x9D, 0x4A, 0x11, 0x0A, 0x15, 0x69, 0x2D, 0xA3, 0x52, 0x25, 0x54, 0x86,
    0x52, 0x04, 0xCC, 0xDE, 0xCF, 0xDE, 0x87, 0x96, 0x67, 0x46, 0xE9, 0x2C, 0x45, 0x27, 0x13, 0x71,
    0xA8, 0xC3, 0x1B, 0xA3, 0xD0, 0x3F, 0x96, 0xD3, 0x01, 0xE9, 0x97, 0xDA, 0xE5, 0x07, 0xEC, 0x62,
    0x4A, 0x19, 0x81, 0xFC, 0xAC, 0x52, 0x9C, 0x55, 0xCA, 0xB3, 0x8A, 0x39, 0xAB, 0xD4, 0x61, 0x8B,
    0xEB, 0x76, 0xA9, 0x53, 0xC5, 0xF9, 0xAD, 0xD2, 0x4F, 0x5B, 0x85, 0x63, 0xAA, 0xE4, 0x1C, 0xEA,
    0x15, 0xAA, 0x6E, 0x5B, 0x93, 0x9A, 0x6F, 0x22, 0x55, 0x4C, 0xDC, 0x2A, 0x75, 0xD8, 0x2A, 0x36,
    0xA0, 0x89, 0xBB, 0x0C, 0x01, 0xFB, 0x7C, 0xA3, 0x3F, 0xAB, 0x70, 0xAB, 0xE4, 0x67, 0x95, 0x42,
    0x94, 0x4C, 0x06, 0x14, 0x89, 0x36, 0x57, 0xD5, 0xF1, 0xF4, 0xF4, 0x44, 0x2E, 0x58, 0x8B, 0xA8,
    0x36, 0x6C, 0x15, 0x37, 0x6F, 0x15, 0xFA, 0xAD, 0x82, 0xAD, 0xF4, 0xBC, 0x23, 0x53, 0x90, 0x1D,
    0x9C, 0xA0, 0xDA, 0x55, 0x94, 0xBF, 0x2D, 0x06, 0x9C, 0xF0, 0xA7, 0xA8, 0xD9, 0x8A, 0xAA, 0x11,
    0x82, 0xE1, 0x61, 0x7C, 0xEF, 0x67, 0x41, 0xFA, 0xC7, 0x63, 0xEA, 0xE9, 0x74, 0xAC, 0x5D, 0x05,
    0x1B, 0x0A, 0xD6, 0x1C, 0x71, 0x84, 0x8A, 0xF1, 0x75, 0x26, 0x73, 0x03, 0x09, 0x1B, 0xC5, 0x9C,
    0x5C, 0x44, 0xAD, 0x7F, 0xD3, 0xBE, 0xA3, 0x8E, 0xDB, 0x6C, 0x2A, 0x08, 0xC5, 0x4C, 0x91, 0x09,
    0xD7, 0xE4, 0x02, 0xB9, 0x17, 0x8B, 0x52, 0x9D, 0xB8, 0x38, 0xED, 0xE7, 0x4C, 0xD8, 0x86, 0x1D,
    0x27, 0x7F, 0x6D, 0xCF, 0xCA, 0x0E, 0xCE, 0xD8, 0x7B, 0xE0, 0x2B, 0xE7, 0xAC, 0x2E, 0x08, 0xE7,
    0xCE, 0xDF, 0x1F, 0xDF, 0x94, 0xB6, 0x47, 0x9E, 0xF7, 0x4F, 0x4F, 0x2F, 0xCC, 0x4B, 0xCD, 0xD5,
    0x40, 0x8F, 0x22, 0xF9, 0x1C, 0xCD, 0x9C, 0x32, 0xBB, 0xAB, 0xB8, 0x7C, 0x59, 0x5E, 0xFA, 0x40,
    0x26, 0x41, 0x46, 0x76, 0x25, 0xFB, 0xD1, 0x2C, 0xCD, 0x6C, 0xC7, 0x72, 0xBD, 0x0A, 0xDC, 0xBC,
    0x7C, 0xBB, 0x00, 0x95, 0xAF, 0x7C, 0xBD, 0x98, 0x50, 0x2F, 0x75, 0x30, 0xB3, 0x59, 0xF2, 0x93,
    0xFC, 0x04, 0xB8, 0x7C, 0xBB, 0x88, 0x87, 0x9A, 0x14, 0x27, 0xD2, 0x2E, 0xCD, 0xFA, 0xB4, 0xBF,
    0x4C, 0x66, 0x41, 0x43, 0x8E, 0x76, 0x3B, 0x1B, 0x72, 0xC8, 0xB9, 0xCA, 0x64, 0xDF, 0xFA, 0xCC,
    0xB8, 0xA0, 0x26, 0x3B, 0x7B, 0x30, 0x3F, 0x8E, 0x4E, 0x3B, 0x8D, 0x5D, 0x36, 0xE8, 0x62, 0xCE,
    0xD9, 0xA2, 0x5C, 0xF7, 0x01, 0x59, 0x74, 0x6D, 0xB9, 0x9D, 0x3D, 0x89, 0x4A, 0xC3, 0xE0, 0xF0,
    0xAD, 0xCF, 0x92, 0x13, 0x1C, 0x23, 0x78, 0x30, 0xFF, 0x85, 0xF5, 0x32, 0x99, 0xA5, 0x3E, 0xB7,
    0x5E, 0x2A, 0x72, 0x36, 0xDB, 0x59, 0x91, 0x1E, 0x3D, 0x5B, 0x34, 0x01, 0xDF, 0xFA, 0x74, 0x11,
    0x25, 0x39, 0x99, 0x83, 0xF9, 0xB7, 0xC7, 0xA2, 0x83, 0x9B, 0xAC, 0x77, 0x93, 0xF3, 0x76, 0xDC,
    0x3F, 0x16, 0xBD, 0x74, 0x1F, 0xE5, 0xE4, 0x7F, 0xB6, 0x29, 0x18, 0x2F, 0x89, 0xD8, 0x25, 0xF2,
    0x89, 0x16, 0xE4, 0x2A, 0x81, 0x10, 0x2C, 0x95, 0x0C, 0x5B, 0xA1, 0x8A, 0x83, 0x50, 0xB1, 0xA7,
    0x3F, 0xE1, 0xDD, 0xF7, 0x72, 0x9D, 0xD7, 0x7F, 0x1D, 0x9D, 0x1F, 0x90, 0x66, 0xE9, 0x0E, 0xE6,
    0xB4, 0x7C, 0x78, 0xBD, 0xBB, 0xE9, 0xEA, 0x24, 0xA7, 0x44, 0xED, 0x81, 0x9C, 0xB1, 0x85, 0xA6,
    0x44, 0x57, 0xD3, 0x1D, 0xC9, 0x02, 0x30, 0xBC, 0x17, 0x93, 0xF9, 0x34, 0xDD, 0xF9, 0x1B, 0x2E,
    0x42, 0xE8, 0xC7, 0x8B, 0xB9, 0x93, 0x8B, 0x32, 0x46, 0x5D, 0xAC, 0x34, 0x24, 0x1A, 0x13, 0xF9,
    0x44, 0x4B, 0xA2, 0xA0, 0xF4, 0x1B, 0x2A, 0xFD, 0x33, 0x5B, 0xA1, 0x4F, 0x38, 0x08, 0xFD, 0x0B,
    0x47, 0xA1, 0x91, 0x5E, 0xC9, 0x2D, 0x4A, 0x36, 0x28, 0xD5, 0x54, 0xAA, 0xF8, 0x9A, 0x50, 0xC1,
    0x4F, 0x84, 0x72, 0x7E, 0x2A, 0x04, 0xFE, 0x4E, 0xC9, 0xDD, 0x57, 0xB2, 0x54, 0xAA, 0x13, 0x55,
    0x89, 0x8A, 0x44, 0x79, 0x22, 0x6C, 0xE4, 0x28, 0x99, 0xD9, 0xC9, 0x61, 0x66, 0x66, 0x2F, 0x64,
    0x66, 0xDD, 0x3E, 0x33, 0xBB, 0x90, 0xA5, 0x64, 0x3D, 0xE5, 0xCB, 0x9A, 0xE4, 0x76, 0x3F, 0xD6,
    0xE9, 0xC9, 0x19, 0x15, 0xE3, 0x6D, 0x06, 0x18, 0x8E, 0xE8, 0x89, 0x86, 0x40, 0xAD, 0xFB, 0x0C,
    0x71, 0x8E, 0x0B, 0x40, 0xC9, 0xA1, 0x5F, 0x80, 0x62, 0x47, 0x73, 0xDA, 0x6E, 0xF8, 0x03, 0x9A,
    0x84, 0xB2, 0x44, 0xF9, 0x19, 0x8D, 0x5B, 0xCF, 0x6D, 0x9C, 0x0B, 0x4A, 0xDB, 0x9C, 0xDB, 0x15,
    0x0C, 0x07, 0x38, 0xCA, 0xD5, 0xFF, 0x92, 0x2B, 0x0A, 0x26, 0xE7, 0x0A, 0x4D, 0xEA, 0x46, 0xA6,
    0x95, 0x79, 0x47, 0xA5, 0x4F, 0xF1, 0xEB, 0x62, 0x82, 0x36, 0x6B, 0xDB, 0x63, 0x13, 0xB4, 0x67,
    0x42, 0xF7, 0x2D, 0x4F, 0xB3, 0x87, 0x79, 0x5A, 0xCE, 0xDE, 0x03, 0x28, 0x57, 0x8D, 0xF1, 0xF5,
    0x9C, 0xEF, 0xF3, 0xB4, 0x67, 0x4A, 0x77, 0x49, 0xD7, 0xE4, 0x43, 0x4A, 0xD7, 0xCA, 0x94, 0xAE,
    0x99, 0xC7, 0xA7, 0x6B, 0xCF, 0x84, 0xEE, 0xA9, 0x14, 0xCB, 0x96, 0xB5, 0x69, 0x46, 0x6E, 0x12,
    0x95, 0x21, 0x3D, 0xE8, 0x7A, 0x6F, 0x9F, 0xB5, 0x3D, 0x6B, 0xBA, 0x3F, 0x07, 0xD3, 0xE2, 0x65,
    0xD8, 0x11, 0x6C, 0xDD, 0x5C, 0xB0, 0xAB, 0x57, 0x13, 0x51, 0xD2, 0x2D, 0xC8, 0x74, 0x9C, 0x63,
    0x77, 0xF6, 0x94, 0x4B, 0x80, 0x1A, 0xCD, 0xE9, 0x61, 0x62, 0x1D, 0x60, 0xF5, 0x39, 0xDE, 0x94,
    0xB1, 0xAB, 0x3B, 0x38, 0x1C, 0x01, 0xFF, 0x1F, 0x5F, 0x29, 0x93, 0xDA, 0xEA, 0xDF, 0xB7, 0x5C,
    0x23, 0x24, 0x5B, 0xCD, 0x07, 0xB6, 0xFA, 0x70, 0xB3, 0x15, 0xD5, 0x56, 0x19, 0xD5, 0x56, 0x05,
    0xD5, 0x56, 0xE6, 0x81, 0xDA, 0xAA, 0xFE, 0x9D, 0xDA, 0xCA, 0xFE, 0x93, 0x1A, 0x89, 0xAF, 0x0A,
    0x65, 0x51, 0xAD, 0x53, 0x84, 0x4C, 0xC8, 0xCC, 0xFA, 0xA9, 0x9E, 0xD4, 0x56, 0x76, 0x10, 0x5A,
    0xD8, 0x8A, 0xAD, 0xD6, 0xA8, 0xB6, 0x62, 0x48, 0xB6, 0x9A, 0xC5, 0x56, 0x35, 0xFD, 0x45, 0x5B,
    0xED, 0x6F, 0x86, 0xFA, 0xA9, 0x85, 0xB9, 0xAF, 0xB6, 0xCA, 0x7D, 0xB2, 0x55, 0x2B, 0xA0, 0x7B,
    0xF4, 0x7D, 0x96, 0x53, 0xB1, 0x7D, 0xF8, 0xB4, 0xCE, 0xF9, 0x14, 0x1D, 0xCF, 0xAF, 0xAC, 0x7E,
    0x92, 0x16, 0x7A, 0xA0, 0xBF, 0x24, 0xEC, 0x77, 0x48, 0xAF, 0xFE, 0xF3, 0x6A, 0xC7, 0xB1, 0xE1,
    0x67, 0x6F, 0x71, 0x30, 0xAA, 0x95, 0xE8, 0xB6, 0x02, 0x6A, 0x7A, 0x5C, 0xA7, 0x2A, 0x70, 0x55,
    0x60, 0x7B, 0x22, 0x59, 0xAA, 0x32, 0x86, 0x29, 0x6B, 0x15, 0xEC, 0xC7, 0x87, 0x99, 0xD4, 0x4D,
    0xFC, 0xF0, 0xF4, 0x52, 0xB5, 0x72, 0x2E, 0xEA, 0xAF, 0x08, 0xA0, 0xBE, 0x2F, 0xAD, 0x6E, 0x12,
    0xC5, 0xD8, 0xD6, 0xB3, 0xA8, 0x95, 0xDD, 0xF8, 0xC1, 0xE9, 0xA5, 0xC5, 0x0E, 0xCD, 0x20, 0xBA,
    0xB8, 0x09, 0xE8, 0x15, 0xED, 0x68, 0x47, 0xE0, 0xDA, 0x7E, 0xBF, 0xFB, 0xC3, 0xD3, 0x4B, 0x52,
    0x89, 0xB4, 0xFD, 0x4A, 0x69, 0x39, 0x4A, 0x02, 0x80, 0x09, 0xFB, 0x8D, 0xD7, 0xC1, 0xED, 0x57,
    0xC2, 0x62, 0x13, 0x5C, 0x00, 0x5C, 0xB0, 0x32, 0xA1, 0xAF, 0x29, 0xC1, 0xB3, 0xD2, 0x9F, 0xFE,
    0xEE, 0xAF, 0x64, 0x97, 0x73, 0x34, 0xD4, 0xA6, 0x28, 0x03, 0x6C, 0x00, 0x6C, 0x70, 0x32, 0x70,
    0x15, 0x51, 0xCD, 0xD9, 0xD3, 0x9B, 0x01, 0x28, 0x54, 0x92, 0x8C, 0x54, 0x11, 0x0E, 0x1E, 0x62,
    0xD8, 0xA7, 0x46, 0x8D, 0x0B, 0xFD, 0x05, 0xB8, 0x7F, 0xAB, 0x45, 0x4F, 0x2E, 0x02, 0x6C, 0x05,
    0x06, 0x01, 0xDF, 0xFB, 0x23, 0xCE, 0xBD, 0x47, 0xBF, 0xEC, 0xC0, 0x86, 0xF3, 0xB0, 0x68, 0x83,
    0x74, 0xF1, 0xD2, 0x79, 0xDA, 0x0F, 0xD3, 0xA9, 0x64, 0x52, 0x9D, 0xFE, 0xD1, 0x80, 0xEC, 0x54,
    0xEE, 0x61, 0x6F, 0x91, 0x27, 0xDB, 0x36, 0xBF, 0x22, 0x99, 0x9E, 0x2C, 0x11, 0x96, 0x7A, 0x8B,
    0x0A, 0xFA, 0xE4, 0x6B, 0x41, 0xC1, 0xCE, 0x49, 0x68, 0x6E, 0x77, 0x58, 0x47, 0xEC, 0xB0, 0x0F,
    0x3B, 0x2C, 0xE8, 0x77, 0x58, 0xB1, 0xDB, 0xA1, 0x89, 0xD8, 0x61, 0x4D, 0x41, 0xC3, 0x41, 0x71,
    0xD6, 0x3E, 0x94, 0xFE, 0xE4, 0x20, 0x63, 0xE9, 0x77, 0x98, 0x73, 0xD9, 0x21, 0x5C, 0x10, 0xB4,
    0x7B, 0xFC, 0xB1, 0x7E, 0x63, 0xBF, 0x90, 0x56, 0x4B, 0x7A, 0xC5, 0x51, 0xE6, 0x8C, 0x48, 0xAB,
    0x21, 0x05, 0xDB, 0x46, 0x3E, 0x96, 0xC9, 0x2F, 0x23, 0x52, 0xCA, 0x8D, 0x2A, 0x1C, 0xC6, 0xA3,
    0xA3, 0xFE, 0x7D, 0x64, 0x69, 0x59, 0xA5, 0xA4, 0x4B, 0xEE, 0x0E, 0xAF, 0x73, 0xC6, 0xC9, 0xF9,
    0x37, 0xB6, 0xAE, 0x9C, 0x32, 0x64, 0x3D, 0x19, 0x44, 0xF7, 0xD0, 0xF0, 0x7E, 0x1F, 0xEC, 0x2A,
    0xC2, 0x2C, 0x02, 0xB3, 0x82, 0x48, 0x15, 0x32, 0x06, 0x9B, 0xBA, 0xF0, 0xBF, 0x82, 0x21, 0xFF,
    0x2C, 0xE4, 0x5C, 0xCB, 0x20, 0x42, 0xA9, 0x29, 0xDF, 0xDB, 0x22, 0xA5, 0x61, 0xF2, 0x72, 0x0A,
    0x93, 0x39, 0xF7, 0x42, 0x5D, 0xBE, 0x54, 0xF9, 0xA9, 0x6E, 0xDD, 0x3C, 0x50, 0x73, 0x01, 0xEC,
    0x83, 0x08, 0xF0, 0x63, 0x76, 0x45, 0x84, 0x1D, 0xB3, 0x1B, 0xBA, 0x61, 0xBF, 0x7C, 0xA9, 0xB2,
    0x76, 0x77, 0xE9, 0x66, 0x29, 0x3C, 0xC8, 0xBF, 0x9D, 0x32, 0xB9, 0x64, 0x71, 0xAF, 0x67, 0x57,
    0xF8, 0x32, 0x22, 0x6B, 0xF1, 0xC2, 0xFF, 0x89, 0xAD, 0xB4, 0xF4, 0xE8, 0xDB, 0x8C, 0x1D, 0x87,
    0x8C, 0x1F, 0x73, 0x00, 0x5B, 0x76, 0xF8, 0xE3, 0xDD, 0xB1, 0x2F, 0x97, 0x2E, 0xD5, 0xD5, 0xB3,
    0x90, 0x57, 0x69, 0x5C, 0xFA, 0xD5, 0x02, 0xD4, 0x5D, 0x50, 0x48, 0x1F, 0x53, 0x43, 0xCE, 0x61,
    0x9F, 0x72, 0x5F, 0xBA, 0x90, 0x47, 0x3C, 0xC9, 0x76, 0x17, 0xCC, 0xC9, 0xB5, 0x26, 0x51, 0x92,
    0xEC, 0xC5, 0xA9, 0xD4, 0xA2, 0x57, 0xE6, 0xE8, 0x16, 0xB4, 0x70, 0x11, 0xF5, 0x76, 0x69, 0xB3,
    0x26, 0xAE, 0xA2, 0x48, 0x11, 0x4F, 0x3F, 0x8C, 0x19, 0x53, 0xA9, 0x36, 0x6E, 0x78, 0xB7, 0x17,
    0x16, 0x89, 0x96, 0x14, 0x75, 0x95, 0x55, 0xA4, 0xC4, 0x7D, 0x14, 0x0E, 0x39, 0xD9, 0x65, 0xFF,
    0x60, 0xA9, 0x65, 0x69, 0xC8, 0x45, 0xB8, 0x22, 0x47, 0xA9, 0x67, 0x8C, 0x38, 0x22, 0x4F, 0x74,
    0xB9, 0x5F, 0xB9, 0x01, 0xC8, 0x4B, 0x34, 0x68, 0xC8, 0xE1, 0xE1, 0x1B, 0x9F, 0x15, 0xEF, 0x6B,
    0xB8, 0x3B, 0x3A, 0x7C, 0xE3, 0x53, 0x61, 0xB9, 0x08, 0x17, 0x5E, 0xF6, 0x44, 0x6B, 0x38, 0xBE,
    0xD1, 0x55, 0x32, 0x4B, 0x21, 0x80, 0x5E, 0xE0, 0x3A, 0x45, 0xBF, 0x8F, 0x5A, 0x00, 0x71, 0x9F,
    0x2F, 0xD7, 0x1E, 0x80, 0x99, 0x81, 0xE7, 0xEA, 0x1D, 0x18, 0xF5, 0xA8, 0xFA, 0x36, 0xE2, 0xC9,
    0x03, 0x5B, 0xD6, 0x9F, 0x00, 0xCD, 0xE1, 0xFB, 0xAA, 0xDE, 0xF0, 0xDD, 0x7E, 0xA9, 0xC5, 0xB6,
    0x8D, 0x18, 0x56, 0xAD, 0x6A, 0xC5, 0xA4, 0x96, 0xE4, 0x01, 0x5C, 0x50, 0xA1, 0x8E, 0x22, 0x8E,
    0x98, 0xAE, 0x14, 0x7B, 0xE5, 0x02, 0x70, 0x69, 0x07, 0xCE, 0x13, 0x79, 0x27, 0xE8, 0xC9, 0x03,
    0xDB, 0xE5, 0x4A, 0xF5, 0xF8, 0xC0, 0x76, 0xF9, 0x52, 0x3D, 0x79, 0x08, 0xB9, 0x54, 0xA9, 0x5E,
    0xBA, 0x85, 0x9A, 0x28, 0x44, 0x94, 0x09, 0xCD, 0x8C, 0x72, 0xDD, 0xBC, 0x76, 0xDC, 0x82, 0xE3,
    0x53, 0xFF, 0xC9, 0x96, 0x8C, 0x73, 0xCE, 0x31, 0xBD, 0x44, 0x66, 0x47, 0x8D, 0x54, 0x7A, 0x45,
    0x3B, 0x3F, 0xFD, 0x9F, 0xFE, 0x0A, 0x52, 0xF6, 0x85, 0x2A, 0x72, 0x68, 0x66, 0xEB, 0xFB, 0xA1,
    0x0A, 0xC7, 0x49, 0xE8, 0x64, 0x67, 0x3B, 0xFF, 0x61, 0x4F, 0x00, 0xF5, 0x58, 0x4F, 0xD6, 0xA7,
    0xA3, 0xD9, 0x1D, 0xCF, 0x77, 0x47, 0x1D, 0x00, 0x7C, 0x67, 0xD7, 0xCC, 0x5A, 0xB4, 0x40, 0x31,
    0x57, 0x03, 0x60, 0xA2, 0x9B, 0x80, 0x8A, 0xDC, 0x21, 0x48, 0x0D, 0x17, 0x11, 0xFA, 0x4D, 0x2B,
    0xAD, 0xBA, 0x17, 0x1D, 0x7B, 0x09, 0xF3, 0xEA, 0xFB, 0xB4, 0xF1, 0xAD, 0xF9, 0xEB, 0xB4, 0x5B,
    0x26, 0x0A, 0x45, 0x23, 0xD8, 0xD6, 0x6C, 0x1D, 0xDB, 0x66, 0x95, 0x65, 0x71, 0xB8, 0x79, 0xBB,
    0x80, 0xA5, 0x6E, 0xED, 0x2A, 0x42, 0x7B, 0xC2, 0x68, 0x82, 0xAD, 0x77, 0x01, 0x9D, 0xCD, 0x03,
    0x3D, 0x39, 0x60, 0x8B, 0x63, 0xEA, 0xDC, 0x74, 0xE3, 0xB6, 0xF3, 0x76, 0xE3, 0xCE, 0x0F, 0x6E,
    0xDC, 0x95, 0xDC, 0xB8, 0xF7, 0xE6, 0x6A, 0xAF, 0xDF, 0x83, 0xFB, 0xA5, 0xC4, 0xFC, 0xFF, 0x20,
    0xE7, 0xED, 0x25, 0xC8, 0xFB, 0x5C, 0x1D, 0x61, 0xA3, 0x5B, 0x51, 0x47, 0x17, 0x44, 0xE9, 0x65,
    0x0F, 0xF3, 0x53, 0x81, 0xAC, 0xED, 0x7D, 0x66, 0x5A, 0x70, 0x48, 0x49, 0x8D, 0x60, 0xB3, 0x08,
    0x96, 0xEB, 0x85, 0x0C, 0x35, 0xEB, 0xDF, 0x93, 0x46, 0x35, 0xB1, 0x48, 0xAF, 0xAA, 0xCE, 0x30,
    0xFC, 0x9C, 0x01, 0x35, 0xD1, 0xC4, 0xCD, 0x1C, 0x6A, 0x9A, 0x36, 0x99, 0xE9, 0x91, 0xE6, 0x13,
    0x0C, 0xD2, 0xDA, 0xA8, 0x11, 0xEB, 0x98, 0x8C, 0xD8, 0xB9, 0x15, 0xA5, 0x1A, 0x31, 0x4B, 0x46,
    0x74, 0x6A, 0xC4, 0x6A, 0x6F, 0xC4, 0x7D, 0xF6, 0x59, 0x70, 0xDC, 0x3F, 0x2D, 0xA8, 0x03, 0xCE,
    0x42, 0x3D, 0xD8, 0x25, 0x91, 0xBF, 0x57, 0x32, 0x67, 0x9B, 0xC8, 0xF3, 0xFE, 0x25, 0xFC, 0xE6,
    0x01, 0xB1, 0xBD, 0xA2, 0x9F, 0x11, 0x8D, 0x4F, 0x09, 0xF3, 0xF7, 0x4A, 0xE6, 0x16, 0x37, 0x80,
    0x7A, 0xCD, 0x67, 0x69, 0xFD, 0xB5, 0x07, 0xB4, 0x67, 0xB6, 0x3A, 0x0E, 0xC8, 0xD3, 0x53, 0xDB,
    0x1B, 0x78, 0xE1, 0x7B, 0x65, 0xE7, 0x54, 0x5C, 0x67, 0x3B, 0x80, 0x43, 0x3F, 0x0A, 0x72, 0x87,
    0xFD, 0xD0, 0x0F, 0xC0, 0xB5, 0xDD, 0xA1, 0xE5, 0xFB, 0x25, 0xF3, 0x8B, 0x67, 0x2F, 0x40, 0x17,
    0x3C, 0x83, 0x5C, 0x00, 0xEB, 0x63, 0x5E, 0x7D, 0x5F, 0x90, 0xCA, 0xCF, 0x64, 0x02, 0x3E, 0x62,
    0x82, 0x5F, 0x1C, 0x28, 0xFA, 0xEE, 0xA8, 0x8A, 0x2E, 0x2A, 0xC8, 0xBC, 0x57, 0xF4, 0x41, 0x52,
    0x94, 0x2B, 0x9A, 0x90, 0x51, 0x14, 0x2D, 0x04, 0x17, 0xF3, 0x40, 0x12, 0xD5, 0xFA, 0x53, 0x41,
    0xFB, 0x89, 0xA4, 0xAE, 0x7C, 0x8D, 0x9D, 0xBD, 0x17, 0xC5, 0x00, 0x0C, 0x8A, 0xB3, 0x21, 0x6A,
    0x4E, 0xB5, 0x28, 0x3A, 0xF6, 0x49, 0xD1, 0x05, 0xB9, 0x2A, 0x9A, 0x76, 0x72, 0xD5, 0x03, 0xDE,
    0x03, 0xB2, 0x69, 0xEF, 0x9C, 0xC3, 0x5D, 0x5A, 0x95, 0x76, 0x69, 0xC3, 0x23, 0x77, 0x69, 0x7F,
    0xD8, 0xD7, 0xA9, 0x5D, 0xB4, 0x7C, 0x95, 0xB1, 0x21, 0x19, 0x0D, 0xF9, 0x20, 0x96, 0xE4, 0xBF,
    0x46, 0x30, 0x16, 0x71, 0x7B, 0x13, 0x30, 0x7F, 0xB8, 0x4B, 0x8B, 0x67, 0x3B, 0x04, 0x5E, 0xDC,
    0xA5, 0x5D, 0xB6, 0x54, 0xBA, 0x4B, 0xAB, 0x2E, 0xEC, 0xD2, 0xDE, 0x61, 0x5B, 0x44, 0xB8, 0xB4,
    0x4B, 0xBB, 0x74, 0xA9, 0x0E, 0x12, 0x3D, 0x64, 0x7C, 0x87, 0x9D, 0xC0, 0xC5, 0x5D, 0xDA, 0xE5,
    0x4B, 0xF5, 0x0D, 0xB7, 0x05, 0x37, 0x09, 0xB2, 0x3D, 0x7F, 0x5B, 0x38, 0xBE, 0xB1, 0x3B, 0xDB,
    0x7E, 0x46, 0xC1, 0xE1, 0xF0, 0xE7, 0x5B, 0xAF, 0xA8, 0x08, 0x13, 0x0F, 0xFF, 0xB3, 0xAA, 0x6D,
    0x82, 0x76, 0x98, 0x65, 0xB5, 0x3A, 0x0F, 0x70, 0xEC, 0xF5, 0xD9, 0xA0, 0x5C, 0xCB, 0xFE, 0xF6,
    0xE1, 0x7F, 0x59, 0xD5, 0xDB, 0x7F, 0x59, 0x09, 0xA6, 0x9F, 0x78, 0xC1, 0xA0, 0xB8, 0x00, 0xC8,
    0x78, 0xF8, 0xD2, 0xCE, 0x84, 0xB3, 0xA4, 0xB3, 0x50, 0x34, 0x22, 0xE1, 0xB5, 0x9E, 0x1A, 0x8F,
    0x82, 0xE2, 0xAC, 0x38, 0x0A, 0xAE, 0xFA, 0x10, 0x4F, 0x14, 0x74, 0xF3, 0x13, 0xC0, 0xF5, 0x3B,
    0x3B, 0x20, 0x5B, 0xF7, 0x25, 0x39, 0x3A, 0x92, 0xDE, 0xF1, 0x0B, 0x06, 0x47, 0xCD, 0x45, 0xD1,
    0xAC, 0xFB, 0xAD, 0x03, 0xDD, 0x7C, 0x1E, 0x96, 0x0D, 0xC4, 0xE8, 0xB5, 0x6C, 0x36, 0xEC, 0xEA,
    0xF8, 0x6E, 0x0A, 0x38, 0xB3, 0x80, 0x97, 0x49, 0x07, 0x37, 0xF7, 0x11, 0x6E, 0xCE, 0xDA, 0x27,
    0x13, 0xE8, 0xC9, 0x83, 0xF3, 0x0F, 0xDA, 0x43, 0xFF, 0x03, 0xDD, 0x9C, 0x3F, 0x90, 0xDD, 0xD6,
    0x75, 0xFF, 0x0F, 0x00, 0x73, 0x31, 0x43, 0xCC, 0x6F, 0xE0, 0x82, 0xFB, 0x9B, 0x88, 0x2A, 0xD0,
    0xCB, 0x93, 0x41, 0x5F, 0x64, 0x2E, 0xEC, 0x14, 0x29, 0xDC, 0xB0, 0xE0, 0x3A, 0x33, 0x49, 0xE1,
    0x14, 0x6E, 0x42, 0x17, 0xEE, 0x8B, 0x18, 0x18, 0xBB, 0x48, 0xE1, 0x86, 0x49, 0x9B, 0x22, 0x2C,
    0x54, 0x50, 0x4F, 0x05, 0xDB, 0x34, 0x0A, 0x60, 0xAB, 0x48, 0xE1, 0x22, 0xB0, 0x35, 0x19, 0x17,
    0x2E, 0x0C, 0x8F, 0x25, 0xDB, 0xA1, 0x32, 0x11, 0x62, 0xC3, 0x21, 0xB8, 0x04, 0xF0, 0xCD, 0xFD,
    0x9E, 0xF3, 0xB0, 0xEF, 0xF1, 0x2D, 0x4D, 0x91, 0xA2, 0xB8, 0xE4, 0x0A, 0xE4, 0xFD, 0x1C, 0x10,
    0x7F, 0xEE, 0x9F, 0x73, 0x2E, 0x2F, 0xEE, 0x39, 0x17, 0x78, 0x12, 0x9C, 0x9C, 0xDC, 0x14, 0x91,
    0x18, 0x98, 0x0E, 0x85, 0x9D, 0xDB, 0x6D, 0x39, 0x2A, 0x0A, 0x87, 0x86, 0xA2, 0x44, 0x4B, 0x01,
    0x74, 0x26, 0x7A, 0xDE, 0x80, 0x7B, 0x83, 0x17, 0x11, 0xBE, 0x39, 0xAA, 0x48, 0x99, 0x4B, 0x82,
    0x74, 0xF6, 0x22, 0x5D, 0x12, 0x50, 0xCC, 0x31, 0x45, 0x3E, 0x45, 0x28, 0x44, 0xDC, 0x18, 0x32,
    0xB7, 0x72, 0x08, 0x28, 0xEA, 0x5E, 0x98, 0x1B, 0x7A, 0xFE, 0x0D, 0x00, 0x60, 0x90, 0x90, 0x62,
    0x94, 0x88, 0x62, 0x92, 0x98, 0x62, 0x96, 0x04, 0xF7, 0x37, 0xF5, 0x22, 0x29, 0x84, 0x29, 0x5B,
    0x58, 0x48, 0xE1, 0x66, 0x56, 0xBC, 0x72, 0x13, 0x4B, 0x6E, 0xCA, 0x51, 0x24, 0x44, 0x8B, 0x81,
    0xB5, 0xEA, 0xE5, 0xE4, 0xE4, 0x44, 0x04, 0x40, 0xB1, 0x07, 0x1E, 0xB3, 0xED, 0xA8, 0x7E, 0x5B,
    0xCB, 0x2B, 0x58, 0x4C, 0xCB, 0x22, 0xFB, 0x60, 0xF9, 0x06, 0x06, 0xB9, 0x2D, 0xCC, 0x47, 0xDC,
    0x64, 0xB8, 0xB2, 0xC1, 0x14, 0xD4, 0xC0, 0x94, 0xC0, 0x23, 0xC7, 0x69, 0x3D, 0xB9, 0xD9, 0x9F,
    0x28, 0x47, 0x62, 0x30, 0x94, 0x53, 0x39, 0x05, 0x98, 0x9C, 0x5D, 0x82, 0x4F, 0xA6, 0x14, 0xF8,
    0xFA, 0x14, 0x62, 0x8E, 0x27, 0x39, 0x2E, 0xA8, 0x90, 0x56, 0xF2, 0xC2, 0x8B, 0x5E, 0x4A, 0x2F,
    0x62, 0xBC, 0x0B, 0x61, 0x5D, 0x31, 0x9B, 0x22, 0x07, 0x8A, 0xCC, 0x74, 0x2D, 0x5F, 0x96, 0x2F,
    0x86, 0x01, 0x82, 0x51, 0xE2, 0x2E, 0x98, 0x24, 0xED, 0x04, 0xF7, 0xD1, 0x48, 0x09, 0x54, 0x92,
    0x63, 0xE1, 0x1D, 0xAC, 0xF1, 0x97, 0xE4, 0xE2, 0x4D, 0x71, 0xD9, 0xFB, 0x34, 0xB7, 0x5A, 0x19,
    0x4E, 0x2A, 0xA2, 0x41, 0x45, 0x62, 0xA7, 0xD2, 0xAD, 0x58, 0x3A, 0x3D, 0x08, 0x15, 0xA1, 0x09,
    0xB9, 0x55, 0x5D, 0xA4, 0xA6, 0x53, 0x16, 0xEA, 0xAA, 0xB5, 0xBE, 0x0B, 0x01, 0xC5, 0x7F, 0x11,
    0x33, 0xCF, 0x12, 0x47, 0x6F, 0x7B, 0xBC, 0xF5, 0x8E, 0x36, 0x6C, 0x54, 0xDD, 0xF3, 0x46, 0xD5,
    0xAA, 0xA8, 0xDE, 0xC5, 0x75, 0xE4, 0xB1, 0xEC, 0xB6, 0x1A, 0x1F, 0xB2, 0x75, 0x40, 0x25, 0x25,
    0xA9, 0x3A, 0xA6, 0x6E, 0xDF, 0xA5, 0x32, 0x3B, 0xF9, 0x53, 0xC9, 0xF4, 0x7E, 0xB7, 0xC8, 0xDA,
    0x28, 0x6B, 0x9F, 0xD4, 0x03, 0x89, 0xFE, 0xD3, 0x69, 0x57, 0x96, 0x56, 0x83, 0x99, 0xCC, 0x41,
    0x66, 0x68, 0xE5, 0x48, 0x12, 0x78, 0xB5, 0x99, 0x35, 0x45, 0x8C, 0xB9, 0x32, 0x04, 0x58, 0xD0,
    0x95, 0x9B, 0xAA, 0xF9, 0xCD, 0x6D, 0xD6, 0xB3, 0x12, 0xC9, 0x98, 0x43, 0xC9, 0x2C, 0xD9, 0x41,
    0xA2, 0x85, 0x0D, 0xBD, 0x21, 0xDB, 0x2D, 0xA8, 0x3F, 0xD4, 0xDB, 0x1B, 0x81, 0x07, 0x33, 0xAD,
    0x12, 0x9C, 0x82, 0x8D, 0x38, 0x92, 0x7C, 0xB1, 0x26, 0xAC, 0x18, 0x0F, 0xB1, 0x7F, 0x96, 0x55,
    0x2C, 0x52, 0xB4, 0xDF, 0xAC, 0x54, 0x3B, 0x11, 0x21, 0x35, 0xF1, 0xA6, 0x6A, 0xFC, 0xB8, 0xA0,
    0xB2, 0xEF, 0x6A, 0x2B, 0x17, 0xD1, 0xDA, 0x72, 0x38, 0x5A, 0xD0, 0x8A, 0x64, 0x43, 0x3E, 0x88,
    0x94, 0x6D, 0x3C, 0xA9, 0xB2, 0x6F, 0x5E, 0x36, 0x6D, 0x87, 0x9B, 0x4A, 0x58, 0x1F, 0x9E, 0x1B,
    0x44, 0xEA, 0x4F, 0x66, 0x09, 0xF0, 0x35, 0x48, 0x3C, 0x4B, 0xDD, 0x78, 0x65, 0x5F, 0x29, 0x5E,
    0x89, 0xB6, 0x8F, 0x08, 0xC9, 0x47, 0xD3, 0xCD, 0x1E, 0x47, 0x32, 0xE9, 0x48, 0xB9, 0x84, 0x7D,
    0xFB, 0x5B, 0xDA, 0x7D, 0x0A, 0x1D, 0xA4, 0x56, 0xE8, 0xC0, 0xFA, 0xAF, 0x62, 0xDB, 0xAB, 0xD0,
    0xF6, 0xAD, 0x42, 0x36, 0x22, 0xAE, 0x8F, 0x17, 0x8E, 0xD0, 0x54, 0x7A, 0xA4, 0x03, 0x7B, 0x00,
    0x34, 0x6C, 0x31, 0x84, 0x17, 0xDE, 0xBC, 0x64, 0xDA, 0xE6, 0x18, 0x79, 0xF5, 0x4E, 0x04, 0x29,
    0x3B, 0xC1, 0x4F, 0x51, 0x89, 0xC3, 0xC2, 0xDB, 0x27, 0x91, 0x18, 0x3D, 0xE7, 0x6C, 0xC5, 0xAB,
    0xD0, 0x76, 0xF8, 0x8E, 0x84, 0x77, 0x45, 0x50, 0xE5, 0x03, 0x75, 0xAE, 0x63, 0x08, 0x2F, 0x90,
    0x78, 0x3B, 0xB6, 0x68, 0x8B, 0x4F, 0x6E, 0xEC, 0x74, 0x7D, 0xEA, 0xF7, 0x01, 0x2C, 0x4A, 0x74,
    0xCA, 0x49, 0xB9, 0x50, 0x57, 0x35, 0x0A, 0xCF, 0x14, 0x8D, 0x67, 0x84, 0xD6, 0x33, 0x44, 0xEF,
    0x29, 0xFB, 0xAC, 0x87, 0xA7, 0x70, 0xFF, 0xCA, 0x10, 0xDD, 0x9A, 0x8F, 0xE6, 0x69, 0xF9, 0x9F,
    0xD6, 0x2C, 0x0B, 0xC0, 0xA8, 0x6C, 0x77, 0xF5, 0xB9, 0x6D, 0x73, 0x91, 0x77, 0x7C, 0xB3, 0xD8,
    0x25, 0xE2, 0x45, 0x45, 0x32, 0x99, 0x18, 0x55, 0xA4, 0xBD, 0x89, 0x4E, 0xC5, 0xD5, 0x4A, 0x05,
    0xF1, 0x50, 0x45, 0x8D, 0x1F, 0x9B, 0xE1, 0x1E, 0xC1, 0x7A, 0x95, 0x17, 0x29, 0x1E, 0x51, 0x64,
    0x28, 0x1C, 0xD4, 0xFE, 0x29, 0xC5, 0x64, 0x62, 0x94, 0xC4, 0x44, 0xFC, 0x47, 0xC5, 0x24, 0xC9,
    0xEE, 0x86, 0x7C, 0x91, 0x4C, 0x33, 0xFB, 0x87, 0x9A, 0x59, 0x5B, 0x09, 0xB1, 0x95, 0x17, 0x00,
    0x1F, 0x80, 0xE6, 0x43, 0x88, 0xF5, 0xF1, 0xC2, 0xBA, 0xFC, 0x67, 0xA1, 0x02, 0xA3, 0x09, 0x54,
    0x26, 0x7A, 0x13, 0xA3, 0x17, 0x4D, 0x88, 0x99, 0x42, 0x1C, 0x54, 0xA4, 0x28, 0x28, 0x12, 0x34,
    0x14, 0xD1, 0x99, 0xF8, 0x0A, 0xEE, 0xDF, 0x09, 0xD1, 0x3A, 0xA0, 0xFF, 0x63, 0xE2, 0xF1, 0x1B,
    0x2C, 0x97, 0x6A, 0x2F, 0x4F, 0x87, 0x5D, 0x79, 0xF7, 0xAD, 0x74, 0x00, 0x9D, 0x89, 0x62, 0xAF,
    0x9E, 0x4B, 0xB1, 0x35, 0x07, 0x99, 0xE0, 0x8C, 0x6F, 0xDD, 0xC3, 0xDB, 0x22, 0x25, 0x30, 0x3D,
    0x4E, 0x49, 0xCF, 0xAE, 0x39, 0xBA, 0x4B, 0xD6, 0xF8, 0x01, 0xB6, 0xA6, 0x30, 0x4B, 0xA4, 0xCA,
    0x1C, 0x55, 0x09, 0x56, 0x23, 0x85, 0x19, 0xC3, 0x34, 0x4C, 0xC6, 0x4F, 0xE4, 0x2C, 0xC9, 0x7A,
    0x7D, 0x86, 0xB6, 0x5C, 0xF3, 0x89, 0x95, 0x01, 0xF0, 0x6F, 0x10, 0x29, 0x97, 0x08, 0x5B, 0x8D,
    0x5F, 0x39, 0x39, 0xB9, 0x91, 0x02, 0xC3, 0x9A, 0xF8, 0x6F, 0x11, 0xAD, 0xE5, 0x52, 0x03, 0xD8,
    0x4B, 0x4B, 0xDD, 0x8B, 0x9C, 0x4B, 0x83, 0x4F, 0xC0, 0xF4, 0x58, 0xFA, 0xC3, 0xC9, 0x4D, 0x9E,
    0x7B, 0x62, 0x3A, 0xDD, 0x6C, 0x0E, 0xF2, 0xC5, 0xA7, 0x78, 0x3E, 0x41, 0x7D, 0x5B, 0x6C, 0x1E,
    0xBE, 0x0E, 0x12, 0x7D, 0xEA, 0x3B, 0xD4, 0x98, 0x2D, 0x92, 0x4D, 0xF9, 0x24, 0xE9, 0x4C, 0x95,
    0x2C, 0x6E, 0xD9, 0xDC, 0x5B, 0x1C, 0x80, 0x3D, 0x1C, 0x8C, 0x14, 0xD9, 0xA2, 0x8A, 0xAF, 0x82,
    0x7F, 0xA1, 0x3A, 0xC6, 0x90, 0x60, 0x4B, 0x07, 0xAA, 0xDC, 0x17, 0x72, 0x7C, 0x43, 0xF2, 0x4A,
    0xBE, 0x9B, 0x35, 0xB2, 0xA4, 0xCB, 0xBD, 0x29, 0xB1, 0x6B, 0x3A, 0x29, 0x51, 0x88, 0x14, 0x72,
    0xD1, 0x7A, 0x79, 0x16, 0x87, 0xE4, 0xE2, 0x35, 0x24, 0x81, 0x97, 0xD9, 0x24, 0x92, 0xCF, 0xDB,
    0x34, 0x89, 0x24, 0x83, 0x70, 0xBB, 0xF0, 0x9E, 0x23, 0x6F, 0xB0, 0xF9, 0xF6, 0x30, 0x6F, 0xB7,
    0x50, 0xD7, 0x46, 0x6A, 0xB5, 0xD7, 0xAB, 0xD0, 0xD0, 0x05, 0x6B, 0x20, 0x1E, 0x44, 0xB2, 0xD6,
    0x7C, 0x17, 0x3A, 0xEB, 0x35, 0xD3, 0xC7, 0x36, 0x79, 0xC8, 0x21, 0x7C, 0xEC, 0x3D, 0xA5, 0xF5,
    0xF9, 0xE7, 0xD8, 0xFA, 0x4E, 0xE4, 0xB8, 0xAC, 0x44, 0x64, 0x59, 0xFD, 0xBD, 0x88, 0x37, 0xC6,
    0x8A, 0xF9, 0x6F, 0x68, 0x9E, 0x7E, 0x75, 0x0B, 0xCB, 0xEE, 0x56, 0x25, 0x9B, 0x22, 0xEF, 0xA3,
    0x45, 0x92, 0x39, 0x9B, 0x24, 0x02, 0x9B, 0x08, 0x75, 0x4B, 0x51, 0x70, 0x1E, 0xB1, 0xD7, 0x9F,
    0xA8, 0x26, 0x3C, 0x8E, 0x45, 0x55, 0xF2, 0x64, 0x0C, 0x04, 0x30, 0x1D, 0x82, 0xCA, 0x7D, 0xCA,
    0x6D, 0x04, 0x75, 0xFC, 0x84, 0xD2, 0xC0, 0xA9, 0xC3, 0xD1, 0xDB, 0x21, 0x0A, 0xD7, 0x4B, 0xFD,
    0x4B, 0x34, 0x92, 0xDB, 0xC3, 0x52, 0xBD, 0xDE, 0x41, 0xE7, 0x0D, 0xAF, 0xA2, 0xAB, 0x89, 0x5C,
    0xDD, 0x58, 0x70, 0x40, 0x3D, 0x57, 0xEB, 0xFE, 0x75, 0x4F, 0x7D, 0x27, 0x13, 0x7D, 0xA4, 0x10,
    0x42, 0x4F, 0x62, 0xE7, 0x8D, 0x7E, 0x07, 0x0F, 0x45, 0x98, 0x5F, 0x27, 0x4E, 0xE9, 0x81, 0x36,
    0x02, 0x36, 0x68, 0x12, 0x0C, 0x72, 0x54, 0x58, 0x5C, 0x27, 0xC7, 0xDE, 0x0C, 0x52, 0x59, 0x0F,
    0xCA, 0x9E, 0x44, 0x1F, 0x00, 0xFD, 0x79, 0xD6, 0x43, 0xB0, 0xF1, 0x1C, 0x45, 0xCA, 0xBE, 0x9C,
    0x48, 0x37, 0x93, 0x39, 0xC8, 0x14, 0x8D, 0x67, 0x82, 0x87, 0xDF, 0x40, 0x1F, 0xD9, 0x43, 0xDD,
    0x98, 0x93, 0xEB, 0x63, 0xF4, 0xCA, 0x09, 0xB5, 0xB8, 0xB9, 0x6D, 0x9A, 0x35, 0x1D, 0x3B, 0xCE,
    0x18, 0xEA, 0x86, 0x8F, 0x62, 0xC9, 0xFB, 0xE0, 0xE6, 0x99, 0x37, 0x9A, 0x3C, 0x0C, 0x4E, 0xA4,
    0xC6, 0xFB, 0x08, 0x81, 0x07, 0x60, 0xBB, 0x90, 0xE2, 0x3E, 0x90, 0x41, 0x1C, 0xF4, 0x81, 0x49,
    0x6D, 0x83, 0xB3, 0x93, 0x27, 0x63, 0x32, 0x24, 0xC8, 0x17, 0x49, 0x91, 0xA1, 0x2A, 0x91, 0x02,
    0x40, 0x44, 0x04, 0xC0, 0xCF, 0x21, 0x39, 0x12, 0xF8, 0x02, 0x2D, 0x8E, 0xA2, 0x58, 0xFE, 0x1F,
    0xA7, 0x46, 0xE9, 0xE9, 0x5F, 0x61, 0xE2, 0xC5, 0x23, 0xD1, 0x11, 0x45, 0x70, 0x8F, 0x33, 0xF4,
    0x94, 0xE1, 0x33, 0x8D, 0x9E, 0xD1, 0x5B, 0x7D, 0x17, 0x6C, 0x0A, 0x66, 0x0B, 0x9D, 0xED, 0x22,
    0x3A, 0x37, 0xE4, 0xB2, 0x59, 0x65, 0x92, 0xA8, 0x97, 0x99, 0x61, 0x9B, 0xFA, 0x3E, 0x5A, 0x56,
    0xB5, 0x91, 0x4C, 0x27, 0xFF, 0xDA, 0xAE, 0x2B, 0x22, 0xAF, 0xB3, 0x55, 0x24, 0xF8, 0x96, 0x56,
    0x6E, 0x21, 0x53, 0x1C, 0x32, 0x1C, 0x45, 0xB7, 0x4B, 0x67, 0x15, 0x79, 0x83, 0x40, 0xB3, 0x0D,
    0x46, 0x85, 0x44, 0x80, 0x56, 0xEC, 0x79, 0x20, 0xF2, 0x9A, 0x5B, 0xE5, 0x72, 0xE9, 0xDA, 0xB6,
    0xA3, 0x0D, 0x19, 0x2F, 0x64, 0x32, 0x91, 0xE9, 0xA8, 0xEC, 0xC9, 0xAC, 0x25, 0x2D, 0x80, 0x73,
    0x74, 0x67, 0x3D, 0x9C, 0x6B, 0x84, 0x91, 0xA7, 0xEA, 0xC6, 0x03, 0xC4, 0x49, 0x71, 0x81, 0xB6,
    0x71, 0xE7, 0x6C, 0x03, 0xDA, 0x66, 0x79, 0x8A, 0x6D, 0x36, 0x77, 0xCE, 0x3C, 0x63, 0xF3, 0x92,
    0xD3, 0x85, 0x56, 0x70, 0x5D, 0xD9, 0x89, 0xA0, 0xCA, 0x06, 0x91, 0xB3, 0xB1, 0x98, 0x9A, 0x64,
    0xAA, 0xC9, 0xE1, 0xB9, 0xF9, 0x87, 0x93, 0x93, 0x7A, 0xA8, 0x01, 0xE0, 0x3C, 0xED, 0xAC, 0x5D,
    0xF9, 0x42, 0x94, 0x5B, 0x16, 0x4C, 0x9C, 0x3D, 0x22, 0x40, 0x47, 0x03, 0x1A, 0x22, 0x1F, 0x5C,
    0x4F, 0xBB, 0x24, 0x87, 0xC1, 0xC4, 0xB7, 0xEE, 0x90, 0xE5, 0xF0, 0xEC, 0x7C, 0xF3, 0x21, 0x09,
    0x76, 0xA9, 0x07, 0x40, 0x2F, 0x25, 0x80, 0xC9, 0xF3, 0x14, 0xB3, 0xA7, 0xB8, 0x45, 0xCA, 0x59,
    0x32, 0xCF, 0x49, 0x52, 0xCF, 0x71, 0x8F, 0xC3, 0x0B, 0x32, 0x40, 0xA3, 0xFF, 0xF1, 0xC3, 0x73,
    0xD2, 0x12, 0x6C, 0xAB, 0x0E, 0xE5, 0x5F, 0xE2, 0x3F, 0x4E, 0xBE, 0x81, 0x8F, 0x8A, 0xF3, 0xF7,
    0xF1, 0x38, 0x25, 0xB7, 0xA7, 0xC9, 0x8F, 0x78, 0x9D, 0xDD, 0xF7, 0x32, 0xE4, 0xA6, 0x10, 0x0B,
    0xD7, 0xAD, 0xFC, 0xB6, 0x77, 0xED, 0x45, 0x00, 0x0C, 0xFB, 0xDC, 0x5D, 0x53, 0x18, 0x6F, 0xDD,
    0xF6, 0xFC, 0x3A, 0x26, 0xCF, 0x12, 0xF0, 0x04, 0xD0, 0x28, 0xDB, 0x08, 0x43, 0x84, 0x2E, 0xA2,
    0x56, 0xFA, 0x08, 0xCD, 0x1E, 0xAB, 0x17, 0xA4, 0x5C, 0x93, 0xE3, 0x08, 0x85, 0x4B, 0xF1, 0x70,
    0xC9, 0x81, 0xC9, 0xFD, 0x13, 0x46, 0x27, 0x75, 0x7B, 0x4D, 0x6C, 0x0B, 0x81, 0x39, 0xDA, 0xA6,
    0x10, 0x98, 0x24, 0x47, 0x2B, 0x09, 0xE4, 0x85, 0x53, 0xA6, 0xF1, 0xC0, 0x31, 0xDA, 0xCB, 0x5F,
    0x6E, 0xC8, 0xB5, 0x78, 0x91, 0xF7, 0x72, 0xFC, 0x7A, 0x72, 0xC0, 0x58, 0x7E, 0x13, 0xFD, 0x7B,
    0x01, 0x9A, 0x6B, 0xE6, 0x3C, 0xDA, 0x1C, 0xD2, 0x0D, 0x9F, 0x6B, 0xA2, 0xE7, 0x0E, 0xA0, 0x5A,
    0xD3, 0xEA, 0xC9, 0xD7, 0x40, 0x81, 0x6D, 0xAA, 0x01, 0x49, 0x30, 0xD0, 0xC2, 0x2F, 0x9C, 0x62,
    0xF5, 0xD0, 0x17, 0xC1, 0x5E, 0xFE, 0xC7, 0x27, 0x27, 0x2C, 0xA3, 0x59, 0xD3, 0xB1, 0xD5, 0xC1,
    0x06, 0x5C, 0xB4, 0x9F, 0x6B, 0xFA, 0xAE, 0x04, 0x63, 0x29, 0xD1, 0xE8, 0x4E, 0xEB, 0x3E, 0x07,
    0xBA, 0x04, 0xB4, 0xC3, 0x2C, 0x12, 0x88, 0x6E, 0x39, 0xD0, 0xBA, 0x6D, 0xCA, 0x61, 0xD1, 0x24,
    0xA9, 0xFB, 0x17, 0x4E, 0x01, 0x46, 0x0D, 0x60, 0x6A, 0xDE, 0x6B, 0x12, 0x99, 0x5C, 0x15, 0x4E,
    0xF9, 0x69, 0xCD, 0xC1, 0xBC, 0x8F, 0x81, 0x46, 0xEA, 0x45, 0x24, 0x28, 0x5E, 0x9A, 0xBD, 0x2F,
    0xD2, 0xAE, 0xEA, 0x51, 0x32, 0x9C, 0x99, 0x37, 0xE6, 0xF1, 0x3A, 0xCA, 0x47, 0x3E, 0xC1, 0x9E,
    0x69, 0x81, 0xF7, 0x76, 0x6F, 0xA7, 0x53, 0xB6, 0x64, 0x4B, 0x3A, 0xC7, 0xA3, 0x68, 0x44, 0x3A,
    0x9D, 0x9F, 0xED, 0x4F, 0x34, 0xA4, 0xAD, 0x6B, 0xCA, 0xA2, 0xAC, 0xCA, 0x8F, 0x1D, 0x32, 0xF8,
    0xCC, 0xDE, 0xD0, 0xF0, 0xC2, 0x3A, 0x82, 0x72, 0x7F, 0x0D, 0x2D, 0x5C, 0x7C, 0x9F, 0xBE, 0xE1,
    0x86, 0x67, 0xFB, 0xC3, 0x5A, 0x65, 0x13, 0x3C, 0xF3, 0x2D, 0x59, 0xB7, 0x7C, 0x4A, 0x30, 0x78,
    0x32, 0xFF, 0x97, 0xCF, 0x18, 0x9D, 0x27, 0xDB, 0xB0, 0xD6, 0x61, 0x9F, 0x87, 0xAB, 0x4B, 0xB0,
    0xA5, 0x8F, 0x5E, 0xD9, 0x29, 0x1B, 0x72, 0x31, 0x87, 0x9A, 0xAB, 0x52, 0xFF, 0x5F, 0x5D, 0xEF,
    0xAE, 0x1C, 0x05, 0xBD, 0xC2, 0x0D, 0x1E, 0x59, 0xC7, 0x90, 0x9D, 0x6D, 0xD6, 0xBD, 0x4F, 0x6E,
    0xE8, 0x89, 0x97, 0x0C, 0x91, 0x03, 0x70, 0xEA, 0x1D, 0xBC, 0x6B, 0xA1, 0xE1, 0x86, 0xA8, 0x3C,
    0x16, 0x1E, 0xFF, 0xD0, 0x9C, 0x74, 0xF3, 0xFA, 0x4A, 0x74, 0xB6, 0x5C, 0x1F, 0x2F, 0xC9, 0x2C,
    0xE9, 0x10, 0xA0, 0xD8, 0x73, 0xCF, 0x63, 0x78, 0x24, 0xAF, 0x1C, 0xA9, 0x62, 0xD9, 0xAE, 0xFF,
    0x00, 0x13, 0x31, 0x12, 0x3D, 0x51, 0x89, 0x7C, 0x47, 0x27, 0xEE, 0xB7, 0xDE, 0x16, 0xC1, 0x4C,
    0x63, 0x49, 0xBA, 0xA0, 0xC9, 0x7B, 0xD7, 0x73, 0x0A, 0x75, 0x22, 0x72, 0x73, 0xB5, 0x86, 0x94,
    0xC3, 0xCB, 0x4B, 0xF5, 0x20, 0x1F, 0xA3, 0x17, 0x68, 0x6A, 0x04, 0x28, 0xC4, 0xA6, 0xF8, 0x12,
    0xA2, 0xAD, 0x7B, 0x89, 0xD1, 0x78, 0x66, 0x10, 0x4F, 0x37, 0x93, 0x18, 0x3C, 0x43, 0x74, 0x9E,
    0xFE, 0xA4, 0x67, 0x06, 0xF1, 0x74, 0x33, 0x89, 0xD1, 0xF3, 0x77, 0xE8, 0x3C, 0x1F, 0xA0, 0xF1,
    0xC4, 0x96, 0xAD, 0xB2, 0x27, 0xF5, 0x9A, 0xD9, 0xAE, 0xB7, 0x7B, 0x53, 0x54, 0x9E, 0x11, 0x1A,
    0xCD, 0xB9, 0xB7, 0x52, 0xC8, 0x72, 0x22, 0xF3, 0x85, 0x4C, 0x51, 0x9C, 0xD5, 0x27, 0x62, 0x09,
    0xFB, 0xDB, 0xA6, 0x22, 0x59, 0x96, 0x04, 0x28, 0x3C, 0x43, 0x78, 0x48, 0x34, 0x2B, 0x47, 0x52,
    0xA7, 0xD8, 0x6F, 0xBD, 0x6D, 0x0B, 0xB1, 0xCF, 0xC1, 0x2B, 0x27, 0x85, 0x67, 0x06, 0xEE, 0x97,
    0x93, 0x67, 0x80, 0xDE, 0x33, 0x42, 0xE3, 0x49, 0x33, 0xBB, 0xC1, 0xCD, 0x24, 0x06, 0xCF, 0xFF,
    0x45, 0xAB, 0xA1, 0x96, 0xC6, 0x13, 0x68, 0x95, 0xBD, 0x72, 0x22, 0xF3, 0x45, 0xF4, 0xAE, 0xC2,
    0x72, 0x38, 0xCB, 0x4D, 0xEA, 0x91, 0x74, 0x33, 0x69, 0x65, 0x25, 0x68, 0x64, 0x7F, 0x0B, 0x36,
    0x15, 0x09, 0x72, 0xDB, 0xBA, 0x45, 0x39, 0x91, 0xF1, 0x60, 0x6D, 0xB4, 0x2E, 0x13, 0x68, 0x9D,
    0x53, 0x68, 0x9E, 0x13, 0x59, 0xB3, 0x94, 0x10, 0xAD, 0x67, 0xAC, 0xA5, 0x67, 0x8B, 0xD6, 0x7C,
    0x24, 0xB5, 0x86, 0x6A, 0x2F, 0x87, 0x2D, 0x7B, 0xE5, 0x48, 0xDE, 0x63, 0xEB, 0xA6, 0xA7, 0xD7,
    0xD9, 0xCA, 0xA2, 0x75, 0xF4, 0xC5, 0x0E, 0x9E, 0x32, 0x4F, 0x5A, 0xE7, 0x91, 0xE9, 0xB4, 0xBE,
    0xD3, 0xB1, 0x0B, 0xA2, 0xE5, 0x16, 0xA3, 0xBB, 0x28, 0x2C, 0x9B, 0xCD, 0x1D, 0x07, 0xA0, 0x3F,
    0x00, 0xBD, 0x19, 0x0C, 0x21, 0x1D, 0x64, 0xC9, 0x46, 0xFA, 0x96, 0xC7, 0xAB, 0xD3, 0x52, 0x0E,
    0x9F, 0xFF, 0xDF, 0x9A, 0x4A, 0x40, 0x7F, 0x51, 0xF0, 0x91, 0x58, 0xF5, 0x50, 0x9A, 0x03, 0xC8,
    0x6E, 0xD3, 0xE5, 0xB6, 0x64, 0x16, 0x5A, 0x89, 0x18, 0x3C, 0x32, 0xF5, 0xB5, 0x79, 0xD5, 0x15,
    0x55, 0x45, 0x39, 0x7C, 0xB6, 0x3F, 0xCC, 0xFF, 0xFA, 0x5D, 0x3A, 0x86, 0xAE, 0xE3, 0xA4, 0xE0,
    0x1A, 0xDB, 0x5F, 0x76, 0xE8, 0xA5, 0x6E, 0x3D, 0xD0, 0x10, 0x05, 0xC1, 0xA8, 0xC3, 0x74, 0x71,
    0xED, 0x7F, 0xEB, 0xCE, 0x75, 0xDF, 0x28, 0xD7, 0xFB, 0xD4, 0xF9, 0x8A, 0x36, 0xE5, 0x50, 0x57,
    0x3E, 0x49, 0x39, 0xFC, 0xED, 0xCB, 0x1A, 0x69, 0x9F, 0xD7, 0xF4, 0xC1, 0x6D, 0x8F, 0x74, 0x26,
    0x70, 0x86, 0xC5, 0x23, 0x1A, 0x5F, 0xB0, 0xE9, 0xCF, 0x5B, 0xF5, 0x37, 0x7C, 0x42, 0x53, 0xFA,
    0x91, 0xCD, 0xA7, 0xAE, 0xFC, 0x83, 0x97, 0x43, 0x59, 0x3C, 0x4F, 0x1E, 0x3A, 0xE5, 0x0B, 0x9F,
    0x05, 0x3F, 0x22, 0x3E, 0xA9, 0xCE, 0x66, 0x00, 0x1D, 0x51, 0x48, 0x8C, 0x51, 0xD4, 0xC7, 0x93,
    0x5A, 0xC7, 0x27, 0x22, 0x27, 0xAE, 0x3E, 0x31, 0x97, 0xFB, 0x9B, 0x8D, 0xFA, 0xD5, 0x07, 0x10,
    0x06, 0xC4, 0xD1, 0x3D, 0x63, 0xFA, 0xAD, 0x88, 0xAD, 0x40, 0x30, 0x55, 0x01, 0x16, 0x9D, 0x99,
    0x3A, 0x74, 0x9A, 0x32, 0x9F, 0xAE, 0x3E, 0x4B, 0x3E, 0xC2, 0x01, 0x71, 0x17, 0x69, 0xD3, 0x63,
    0xAB, 0x7B, 0x2D, 0xE9, 0x4C, 0x4A, 0xDE, 0xAB, 0x38, 0xDE, 0x0B, 0x35, 0x96, 0x0B, 0x2F, 0x92,
    0x1A, 0x85, 0x89, 0xC6, 0x44, 0x6B, 0xA2, 0x37, 0x31, 0x9A, 0x98, 0x54, 0xFC, 0x02, 0x2A, 0x7E,
    0x8C, 0x82, 0xE2, 0x7D, 0x34, 0x14, 0x3F, 0x45, 0x4B, 0xD1, 0xA2, 0x57, 0x51, 0x8E, 0x2A, 0xDC,
    0xA4, 0x22, 0x83, 0x8A, 0x04, 0x7F, 0x4E, 0x11, 0xE1, 0x7D, 0x8A, 0x10, 0xBF, 0xA2, 0x10, 0xFC,
    0x5E, 0x45, 0x79, 0xAA, 0xC2, 0x41, 0x45, 0x66, 0x22, 0x31, 0x11, 0x99, 0x08, 0x4D, 0xC8, 0x56,
    0x94, 0x10, 0x91, 0x90, 0x51, 0xAF, 0x18, 0xCD, 0x3A, 0x07, 0x1A, 0x3D, 0xD0, 0xAE, 0x0F, 0xAE,
    0x9B, 0x84, 0x36, 0xD8, 0x47, 0x7A, 0xCA, 0x9F, 0x00, 0x6D, 0xF9, 0x1B, 0x60, 0xD0, 0x30, 0x8F,
    0x46, 0x79, 0x34, 0xC8, 0xA3, 0x31, 0x1E, 0x0D, 0xF1, 0x94, 0xE3, 0x19, 0x86, 0xCF, 0x84, 0xCB,
    0xAD, 0xCD, 0x83, 0xED, 0xEA, 0x5D, 0x15, 0xE9, 0xA4, 0x22, 0x1B, 0x4D, 0xF4, 0x2A, 0xF2, 0x56,
    0x85, 0x6B, 0x4C, 0xBF, 0x17, 0xAA, 0xE4, 0x73, 0xF3, 0x31, 0x34, 0x84, 0xDF, 0x0B, 0xB4, 0x4B,
    0x2C, 0x3A, 0x59, 0x59, 0x67, 0x29, 0xBA, 0x76, 0x29, 0xA2, 0xAB, 0x97, 0xA2, 0xEB, 0x97, 0x3C,
    0x8D, 0x6D, 0x0C, 0x7A, 0x7D, 0x51, 0xB7, 0x30, 0xEF, 0xF3, 0x0B, 0xF2, 0xFF, 0x62, 0x7F, 0x01,
    0xF4, 0x27, 0x68, 0xC4, 0x3D, 0x3A, 0xBF, 0x00, 0x7A, 0xA1, 0x26, 0x8B, 0x21, 0xDC, 0xB6, 0x22,
    0x59, 0xF6, 0x3B, 0xD6, 0x61, 0xFF, 0x3A, 0x61, 0xA5, 0xF2, 0xAE, 0xFE, 0x21, 0xD0, 0xB8, 0xB6,
    0xFE, 0x39, 0xD0, 0x1F, 0x17, 0x35, 0x6C, 0x3A, 0x8F, 0x8F, 0x31, 0x79, 0xB1, 0x48, 0x49, 0x31,
    0x49, 0x3E, 0xEB, 0x1C, 0x30, 0xA3, 0x18, 0x24, 0xA5, 0xE8, 0x3F, 0x6F, 0xF1, 0xC4, 0xAE, 0x70,
    0xD8, 0x07, 0x66, 0x13, 0xD8, 0x76, 0x85, 0xCA, 0xBA, 0x42, 0x4B, 0xF1, 0xC1, 0xD6, 0xF8, 0x98,
    0x54, 0x94, 0xB3, 0x0A, 0x07, 0x15, 0xA9, 0x59, 0x3D, 0x36, 0xAB, 0x87, 0x78, 0x40, 0x21, 0x80,
    0x8A, 0xD2, 0x44, 0x6E, 0x22, 0x35, 0x11, 0x3F, 0xD1, 0xEA, 0xCE, 0x44, 0x6E, 0x22, 0x35, 0x11,
    0x41, 0x44, 0x0E, 0x45, 0xAA, 0xE2, 0x7E, 0xBD, 0x50, 0x00, 0x93, 0x89, 0xFD, 0xFF, 0x0E, 0xF7,
    0x7E, 0x7B, 0xD8, 0x35, 0xFA, 0x4F, 0xE9, 0x1A, 0xC3, 0x67, 0x87, 0xC8, 0x21, 0x32, 0x8F, 0xEB,
    0xF5, 0xEC, 0x77, 0x30, 0x11, 0x23, 0xD1, 0xB1, 0xDB, 0x14, 0xCF, 0xF1, 0x7D, 0x49, 0x50, 0xA3,
    0x63, 0x66, 0x00, 0xBC, 0xA8, 0x77, 0x41, 0xF0, 0x41, 0x12, 0x2C, 0xEF, 0x62, 0x92, 0x14, 0xAD,
    0xD4, 0xA0, 0xCA, 0x24, 0xB3, 0x77, 0xE3, 0x13, 0x54, 0xE5, 0x24, 0xEA, 0xFB, 0x31, 0xC8, 0xE1,
    0xC5, 0x60, 0xAF, 0xC8, 0xF7, 0x7B, 0xA2, 0xA3, 0x08, 0x4C, 0x84, 0xAB, 0x68, 0xB7, 0x57, 0x6E,
    0xEF, 0x2B, 0x27, 0x15, 0xDB, 0x3C, 0xB7, 0x25, 0xE8, 0xD2, 0x15, 0x58, 0xFA, 0xB7, 0xB5, 0xBB,
    0x58, 0x97, 0xA6, 0xE8, 0x68, 0x38, 0xA0, 0x60, 0x16, 0xB6, 0xCE, 0x16, 0x68, 0x4B, 0x18, 0x1A,
    0x15, 0x29, 0x81, 0x66, 0x9F, 0x76, 0x7C, 0xD7, 0xCE, 0x3B, 0xA2, 0xB7, 0x7B, 0x6A, 0x23, 0x23,
    0x6D, 0x63, 0x8A, 0x5F, 0x63, 0x92, 0x0C, 0x74, 0x6A, 0xF3, 0xDD, 0xCB, 0x68, 0x05, 0x9D, 0x27,
    0x65, 0x84, 0xEA, 0x09, 0x9C, 0x78, 0x36, 0xE7, 0x95, 0x34, 0x43, 0x0A, 0x49, 0x51, 0x95, 0x33,
    0x35, 0x8C, 0x49, 0x02, 0xCF, 0x7E, 0xAD, 0x43, 0x82, 0x59, 0xAB, 0x48, 0xA4, 0x8D, 0xB8, 0x42,
    0x83, 0x7D, 0xB5, 0xAC, 0xAB, 0xE8, 0x12, 0x9D, 0xF5, 0xAD, 0x61, 0xEF, 0xD3, 0x08, 0xB9, 0x21,
    0x5F, 0x2C, 0x1B, 0xE9, 0x3A, 0xBB, 0x2C, 0x92, 0x78, 0xD6, 0xF7, 0xEB, 0x6E, 0xF5, 0x6D, 0x53,
    0x40, 0x78, 0xAD, 0xC5, 0x35, 0x89, 0xD7, 0xC7, 0x5E, 0xB2, 0xF9, 0x47, 0x3E, 0x13, 0x23, 0x7D,
    0xC3, 0x50, 0x62, 0x98, 0x47, 0x36, 0xE6, 0xB6, 0xF4, 0x59, 0x36, 0xBA, 0x1C, 0xBD, 0x78, 0xCA,
    0xB5, 0x2F, 0x98, 0xBD, 0xE8, 0x27, 0x32, 0x36, 0xE3, 0x46, 0x8D, 0xCC, 0x77, 0xD4, 0x0C, 0xBE,
    0x0F, 0x46, 0x70, 0x92, 0x51, 0x24, 0x19, 0xD2, 0x96, 0x01, 0xF8, 0xD7, 0xCC, 0x5E, 0xBB, 0xCA,
    0x40, 0x37, 0x6B, 0x9A, 0xB6, 0x0E, 0xDB, 0x9D, 0x68, 0xDD, 0x51, 0x43, 0x00, 0x10, 0xAA, 0x06,
    0x6A, 0x51, 0xD8, 0x3A, 0x04, 0x6B, 0x68, 0x3B, 0xE5, 0xD9, 0xCE, 0xB0, 0xDD, 0xA9, 0x6D, 0xC7,
    0x50, 0x03, 0x8B, 0xE0, 0xE9, 0x3B, 0xF6, 0x7E, 0xD6, 0x70, 0x98, 0x4F, 0x39, 0x1E, 0x96, 0x95,
    0x2F, 0xB6, 0xC3, 0x96, 0xDA, 0x4E, 0x82, 0x87, 0x7F, 0x4D, 0xB7, 0x51, 0x22, 0x1C, 0xB6, 0x62,
    0xD7, 0xAE, 0x70, 0xDD, 0x91, 0x2B, 0x37, 0x76, 0x2F, 0x6B, 0xBD, 0x79, 0xAA, 0xED, 0x59, 0x42,
    0x60, 0x50, 0x65, 0xFC, 0x02, 0x98, 0x77, 0xF9, 0xA4, 0x38, 0x05, 0x1E, 0xC6, 0x68, 0x68, 0x17,
    0x74, 0x82, 0x36, 0x9F, 0x54, 0x0F, 0x75, 0xA7, 0xD6, 0xA9, 0xA4, 0xEC, 0x69, 0x20, 0x7E, 0x1B,
    0xD5, 0x97, 0x83, 0xDD, 0xF8, 0x84, 0x1D, 0x37, 0x48, 0x8C, 0x4A, 0xFD, 0x89, 0x75, 0xC7, 0xF2,
    0xD1, 0xE6, 0x64, 0xE8, 0xB4, 0x39, 0xB7, 0x6B, 0xF8, 0xD3, 0x4D, 0x0C, 0xDB, 0x9A, 0x70, 0xDD,
    0xA1, 0x96, 0xBE, 0xCF, 0x1D, 0x36, 0x55, 0x4A, 0xCC, 0x5B, 0x3B, 0x9E, 0xD8, 0xEB, 0x08, 0xCC,
    0x2F, 0xC3, 0x5E, 0x40, 0xBD, 0x5B, 0xBF, 0x77, 0x90, 0x78, 0x5A, 0xA3, 0x6B, 0xBB, 0x17, 0xDB,
    0x0B, 0x11, 0x00, 0xB3, 0x12, 0x95, 0xB2, 0x13, 0x9C, 0xD6, 0xE8, 0xE9, 0xBD, 0x63, 0xF4, 0x94,
    0x52, 0xE9, 0xA6, 0x3D, 0xDA, 0xF1, 0x41, 0xAF, 0xE9, 0xF5, 0xFA, 0xD6, 0x72, 0xD8, 0xE5, 0x36,
    0x08, 0x8F, 0x4F, 0x9E, 0x7D, 0xB6, 0x90, 0x29, 0xC8, 0x58, 0x3B, 0x4E, 0x88, 0xD6, 0x73, 0xFB,
    0xB7, 0xB6, 0xFC, 0x67, 0x32, 0x03, 0x99, 0xA2, 0xB2, 0x57, 0xE0, 0x85, 0x91, 0xAD, 0x40, 0xF7,
    0x1B, 0x7D, 0x7E, 0xE7, 0xEC, 0x0B, 0x8D, 0xB5, 0xD8, 0xE6, 0x98, 0x7D, 0xD9, 0x7A, 0x75, 0xFF,
    0x0A, 0x7D, 0xF9, 0xC8, 0x27, 0x30, 0x3D, 0xBC, 0x51, 0xA2, 0xD0, 0x7E, 0x58, 0x8E, 0xCF, 0x1B,
    0x27, 0xB8, 0x1C, 0x5A, 0xD9, 0xDF, 0xD6, 0x88, 0xEA, 0x61, 0xD4, 0x78, 0xDA, 0x8F, 0x1A, 0xBF,
    0x24, 0x5D, 0x71, 0xB3, 0x71, 0xCF, 0x4C, 0xE3, 0x7A, 0x0B, 0x91, 0xBA, 0xC6, 0xDE, 0x39, 0xBA,
    0x46, 0x4F, 0xEF, 0x8E, 0x5C, 0xBF, 0x2D, 0xF1, 0x2C, 0x1A, 0x0C, 0xF9, 0x7B, 0x1B, 0xDC, 0x35,
    0x9C, 0x49, 0x6D, 0xE8, 0xA0, 0x2E, 0x8C, 0xF5, 0x5E, 0x9E, 0x5E, 0xF9, 0x56, 0x25, 0xB7, 0x8A,
    0x7C, 0x88, 0x20, 0xC9, 0x92, 0x4D, 0x12, 0x02, 0xEB, 0x1B, 0xAB, 0x0E, 0xFB, 0xEF, 0x07, 0x5D,
    0xB9, 0x71, 0x34, 0x49, 0x36, 0xE4, 0x1E, 0x23, 0x3C, 0x16, 0x02, 0x8A, 0xE5, 0xA6, 0x47, 0x2B,
    0x1E, 0xE2, 0xB1, 0x10, 0xF3, 0x67, 0xC7, 0x76, 0x61, 0xC9, 0x71, 0xBF, 0x5E, 0x43, 0x55, 0xF1,
    0xB2, 0x46, 0x42, 0xAF, 0x9C, 0xE9, 0xF6, 0xCD, 0xED, 0x03, 0xAC, 0x8B, 0x88, 0xD4, 0xA3, 0xCD,
    0x70, 0x1F, 0x4D, 0x3E, 0x4B, 0x52, 0x1C, 0xBC, 0x75, 0x9A, 0x43, 0xB6, 0x73, 0xE3, 0x14, 0xEA,
    0xA4, 0xB0, 0xBE, 0xB0, 0x59, 0x33, 0xD6, 0x4F, 0x93, 0xF4, 0x7C, 0xB8, 0x8B, 0xD8, 0x95, 0x86,
    0xBF, 0xE3, 0x3F, 0x4B, 0x3F, 0x12, 0x77, 0x25, 0x80, 0x86, 0x28, 0x1C, 0xA0, 0xCF, 0xA2, 0x76,
    0x1D, 0x75, 0xAF, 0x6F, 0xD6, 0x80, 0x92, 0xAD, 0xF7, 0x55, 0xDB, 0x10, 0x6E, 0xDE, 0x3F, 0x5E,
    0xE7, 0x45, 0x07, 0xEC, 0x59, 0x52, 0x60, 0x91, 0x9C, 0x7B, 0x6E, 0x3E, 0x9A, 0x58, 0xD4, 0x97,
    0x68, 0x6D, 0xD3, 0xBA, 0xF5, 0xA6, 0x94, 0xC6, 0x8E, 0xC0, 0x5D, 0x1D, 0x19, 0x8F, 0x80, 0xB5,
    0x25, 0x31, 0x11, 0x41, 0xFE, 0xCC, 0xBE, 0x8B, 0x80, 0x62, 0x22, 0x06, 0x5D, 0x3D, 0xE7, 0x92,
    0x83, 0x8E, 0xA0, 0x9C, 0x6B, 0x9A, 0x2D, 0x69, 0xD5, 0x4F, 0xE8, 0x7F, 0xD3, 0xD2, 0xA3, 0xA0,
    0xF2, 0xF5, 0x3E, 0x2E, 0x5E, 0x3F, 0x4D, 0xEA, 0x87, 0x91, 0xA5, 0xE5, 0xC4, 0xE6, 0xD7, 0x9D,
    0xA4, 0x13, 0xD7, 0x01, 0xBA, 0x68, 0xD6, 0xB7, 0x98, 0x5E, 0x85, 0x26, 0x5F, 0x2B, 0x35, 0xC5,
    0x03, 0xAB, 0x4C, 0x24, 0x28, 0xD6, 0x17, 0xEF, 0x5C, 0x2B, 0xF2, 0xE5, 0x52, 0x2D, 0x4D, 0xF0,
    0x44, 0x3E, 0x5E, 0xA4, 0x9A, 0x32, 0x7D, 0xD4, 0x13, 0xD9, 0x2C, 0xDB, 0x00, 0x93, 0x30, 0xEB,
    0xAF, 0x12, 0x9A, 0x13, 0x78, 0xA2, 0xFE, 0xD0, 0x46, 0xD1, 0x3B, 0xF6, 0x49, 0xA8, 0x4E, 0x29,
    0x6B, 0x9E, 0xC9, 0xAD, 0x0A, 0x9D, 0x8D, 0x9F, 0xAF, 0x5D, 0xC7, 0x7C, 0xD6, 0x71, 0xF2, 0x62,
    0x3B, 0x26, 0x4F, 0xA0, 0x2A, 0xC9, 0xE6, 0x3C, 0x6D, 0xC6, 0xF4, 0xAA, 0xE9, 0x08, 0xA9, 0x0B,
    0x12, 0x3D, 0x99, 0x8E, 0x64, 0x3C, 0x91, 0x09, 0x19, 0x63, 0x54, 0xF6, 0xCA, 0xCA, 0xD6, 0xBA,
    0xEC, 0xC1, 0xDB, 0x68, 0x07, 0x0F, 0xF0, 0xD1, 0xCD, 0x04, 0x98, 0xDC, 0x36, 0x7D, 0x05, 0xA7,
    0x77, 0xF9, 0x60, 0x78, 0xB6, 0xD4, 0xFA, 0x34, 0xFC, 0x89, 0x76, 0x86, 0x5A, 0x75, 0x38, 0x49,
    0xC2, 0x12, 0x4B, 0xD6, 0x6B, 0x5B, 0xCF, 0x6C, 0xB4, 0x1A, 0x25, 0x76, 0x2E, 0x41, 0x4F, 0x07,
    0x24, 0x58, 0x3F, 0xAF, 0xCC, 0x74, 0x42, 0x50, 0x77, 0x66, 0x33, 0xD6, 0x12, 0xE7, 0x3F, 0xAF,
    0xBC, 0x1C, 0xF6, 0x60, 0xA4, 0x97, 0x44, 0xA3, 0xB4, 0xB9, 0x16, 0x35, 0x1E, 0x2E, 0xD4, 0x79,
    0x34, 0x51, 0xEB, 0xC1, 0x1D, 0xD5, 0xBB, 0xA8, 0xE6, 0x45, 0xA8, 0x7B, 0x11, 0xB7, 0x47, 0x5A,
    0x40, 0x54, 0xBF, 0x9F, 0x9D, 0x2D, 0x49, 0xCB, 0xAC, 0xE1, 0xB5, 0x5A, 0xE9, 0x94, 0xB4, 0x02,
    0x75, 0xFB, 0xB9, 0x68, 0x35, 0xD8, 0xE0, 0xF4, 0x8E, 0xBA, 0x4A, 0xFD, 0x79, 0xBE, 0xB8, 0x56,
    0x9F, 0xBB, 0xBF, 0xE6, 0x40, 0xEF, 0xF6, 0xD2, 0x33, 0xF5, 0x57, 0xEA, 0x22, 0xD0, 0xF9, 0xAF,
    0x1B, 0xE2, 0x4E, 0x04, 0xB8, 0x67, 0x51, 0x85, 0x46, 0xA2, 0x87, 0x0C, 0xBA, 0xC6, 0x5D, 0x32,
    0xD3, 0x29, 0x97, 0xDD, 0xFC, 0xB3, 0x13, 0x29, 0xED, 0x93, 0xDD, 0x0B, 0x62, 0xED, 0xA9, 0xEF,
    0x32, 0x05, 0xE8, 0x1D, 0x3D, 0xCE, 0x36, 0xC7, 0x47, 0xDF, 0x41, 0x93, 0x9A, 0xF3, 0xBD, 0x3F,
    0x79, 0x7D, 0x13, 0x28, 0xD6, 0x45, 0xB6, 0xA0, 0xF0, 0xED, 0x72, 0x43, 0xD4, 0x0B, 0xF0, 0xCF,
    0x1D, 0x1B, 0xD5, 0xB2, 0x4D, 0x55, 0xD4, 0x27, 0x0B, 0x5B, 0xB4, 0x7B, 0x15, 0xEA, 0xCA, 0xC9,
    0x0B, 0x04, 0x51, 0x89, 0x8C, 0xA1, 0xD8, 0x9C, 0x41, 0xD9, 0x72, 0x71, 0xF8, 0x1A, 0x96, 0x1C,
    0xC0, 0x92, 0x02, 0x8F, 0x96, 0x18, 0xF8, 0x60, 0x11, 0x2C, 0xD1, 0xC2, 0x31, 0x7F, 0x0D, 0x1F,
    0x3A, 0xA0, 0xDD, 0xA7, 0x1D, 0xBF, 0x64, 0x1A, 0x7E, 0xFA, 0xF7, 0xA8, 0x17, 0xAC, 0xD7, 0xF7,
    0xF4, 0xBB, 0x94, 0x5A, 0xA7, 0x32, 0xEE, 0x94, 0x0D, 0xCA, 0x55, 0xAF, 0x09, 0x6C, 0x71, 0xCA,
    0x1C, 0x3D, 0xB9, 0x6C, 0xBD, 0x38, 0xDC, 0x7E, 0xDB, 0x9A, 0x6D, 0xBF, 0x6D, 0xAD, 0xCF, 0x7D,
    0xDB, 0xFA, 0x4A, 0xB4, 0x2D, 0xC7, 0xB2, 0xF7, 0x9B, 0x2E, 0xD4, 0x6D, 0xF2, 0xCB, 0x49, 0x83,
    0xD1, 0xEF, 0x9D, 0x31, 0xF9, 0xF5, 0xB4, 0x9E, 0xD5, 0x01, 0x88, 0xB5, 0xBD, 0x74, 0xFA, 0x37,
    0x1F, 0x3D, 0xB4, 0xA0, 0x72, 0xEF, 0xF1, 0xB3, 0x51, 0x24, 0x2B, 0x26, 0x83, 0xFD, 0x33, 0x41,
    0xAF, 0x97, 0xF0, 0xE2, 0x57, 0x63, 0x8E, 0xAB, 0xEF, 0xD0, 0xC7, 0xC9, 0x27, 0x77, 0xF6, 0x8B,
    0x0D, 0xF8, 0x21, 0x0A, 0x09, 0x10, 0x4D, 0x8C, 0x71, 0xA4, 0xBD, 0xC6, 0x55, 0x2F, 0xDB, 0x10,
    0x4E, 0xCF, 0xED, 0xD6, 0x1D, 0x29, 0xD9, 0x20, 0xFC, 0x08, 0x45, 0x88, 0x78, 0x96, 0x78, 0x4A,
    0x07, 0x49, 0x3B, 0xD7, 0xC8, 0x15, 0x39, 0x7E, 0x05, 0xDA, 0x7E, 0xFD, 0xB5, 0xD7, 0xCA, 0xFA,
    0x7D, 0xB1, 0x80, 0x08, 0x66, 0x32, 0x9C, 0x94, 0xB6, 0x8F, 0x9B, 0x3C, 0x0E, 0x3D, 0x54, 0x2B,
    0xB3, 0xF1, 0x42, 0xB5, 0x98, 0xF4, 0x2C, 0x53, 0xBD, 0x4C, 0xF5, 0x37, 0xCF, 0x2A, 0x8B, 0xFF,
    0xDE, 0xAE, 0xFF, 0x4B, 0x4E, 0x1C, 0xDD, 0x5D, 0x7F, 0x01, 0x48, 0xB7, 0x04, 0x9D, 0x4A, 0x73,
    0xED, 0x6C, 0x2B, 0x3F, 0x9E, 0xD7, 0xF8, 0xFC, 0xF7, 0x60, 0x5D, 0x3C, 0x9E, 0xA5, 0x6C, 0x75,
    0x6F, 0xF7, 0xFB, 0x40, 0x7B, 0x7D, 0x3F, 0x44, 0x25, 0x31, 0xA4, 0xB6, 0xB0, 0x69, 0x02, 0x29,
    0x2D, 0x6C, 0x98, 0x2E, 0xA2, 0xC1, 0xE7, 0x4E, 0xD2, 0x59, 0x9C, 0x4D, 0xD8, 0xB3, 0x49, 0x34,
    0x8C, 0xDD, 0x53, 0x64, 0xDC, 0x1B, 0x78, 0x2A, 0x9D, 0x75, 0x6D, 0xD4, 0xB1, 0xD9, 0x92, 0x3F,
    0x52, 0x57, 0x8C, 0x4E, 0xD5, 0x6F, 0xB8, 0xC7, 0xCC, 0xDD, 0x07, 0x33, 0x8B, 0x8A, 0x20, 0xE5,
    0xFB, 0x10, 0x5D, 0xB9, 0x28, 0x6A, 0xEE, 0x35, 0x2C, 0xDE, 0xD7, 0xF4, 0xAB, 0x3A, 0x2D, 0xFB,
    0xA1, 0x97, 0xDF, 0x43, 0x25, 0xEC, 0xDF, 0x82, 0xF7, 0x59, 0x7F, 0x7C, 0x00, 0xE1, 0x95, 0x22,
    0xF5, 0xAF, 0x16, 0x29, 0x75, 0x95, 0xA8, 0xFC, 0xFD, 0x2C, 0xEE, 0x67, 0x54, 0x88, 0x7B, 0x30,
    0x89, 0xD3, 0x16, 0x3B, 0x5F, 0x6A, 0x0E, 0x73, 0x53, 0x47, 0xC9, 0xB8, 0xE7, 0x39, 0x48, 0x8A,
    0x51, 0x84, 0x35, 0x66, 0x5D, 0x6D, 0x8F, 0x2D, 0x31, 0xED, 0xAD, 0x0E, 0x11, 0x2B, 0x64, 0xBA,
    0xB4, 0xE8, 0x08, 0x4B, 0x03, 0x69, 0x31, 0x12, 0xBD, 0xA4, 0xD6, 0xF3, 0xE9, 0x98, 0x0D, 0x94,
    0xAE, 0x8D, 0x59, 0xEA, 0x7E, 0xBC, 0xC4, 0xDC, 0x94, 0xE3, 0x9B, 0xEC, 0x36, 0x1A, 0x0A, 0x4C,
    0x67, 0x37, 0xD0, 0x78, 0xD9, 0xE4, 0x46, 0x01, 0xF4, 0xA3, 0x79, 0x4A, 0x37, 0xA6, 0x53, 0x00,
    0x14, 0x6E, 0x48, 0xE7, 0x70, 0xA9, 0xAB, 0xB2, 0x4F, 0x96, 0x68, 0x2E, 0x9B, 0xBA, 0x8B, 0x11,
    0x4D, 0xAE, 0x41, 0x1B, 0xE1, 0x2F, 0x26, 0xD7, 0xA2, 0x89, 0xF0, 0x83, 0x31, 0xFF, 0x25, 0xC3,
    0xF9, 0x3F, 0x18, 0xB2, 0xDF, 0xA1, 0x12, 0xFC, 0x7B, 0x9F, 0xFE, 0x1E, 0xC5, 0x56, 0x8A, 0xD4,
    0xBF, 0xE8, 0x92, 0x07, 0x8B, 0x48, 0xF9, 0x49, 0x1B, 0x3F, 0x9A, 0x45, 0x1C, 0xEF, 0x99, 0x76,
    0x32, 0xA7, 0x1C, 0x75, 0xC1, 0x23, 0xC4, 0x40, 0x59, 0x04, 0x6C, 0xF2, 0xC1, 0x07, 0x6D, 0xC5,
    0xE3, 0x1F, 0xB4, 0x95, 0x87, 0x1F, 0xB4, 0xD5, 0x03, 0x87, 0x53, 0x0D, 0xFB, 0x4E, 0x6E, 0xD6,
    0x70, 0x28, 0xF8, 0xB8, 0x4B, 0x50, 0x44, 0x2C, 0xA1, 0x89, 0x99, 0x7F, 0x9B, 0x42, 0x4F, 0x2D,
    0xBC, 0xC1, 0xB1, 0x16, 0x53, 0xC9, 0x1B, 0x67, 0x7D, 0x52, 0x58, 0x64, 0x05, 0x68, 0xD6, 0x12,
    0x03, 0x58, 0x17, 0xDF, 0xFB, 0xB5, 0x21, 0xF7, 0xD9, 0x19, 0xE8, 0x37, 0x87, 0x91, 0xD9, 0xD8,
    0xFA, 0xC1, 0x23, 0xED, 0x35, 0xAD, 0xF6, 0x31, 0xC9, 0xFB, 0xBD, 0x6F, 0x0E, 0x69, 0x29, 0x9F,
    0x8A, 0x7A, 0x60, 0x9F, 0xDF, 0x5F, 0x0F, 0xCB, 0x66, 0x49, 0xC0, 0x5E, 0x9C, 0x2E, 0xDC, 0xC9,
    0x26, 0xF6, 0xD4, 0x9C, 0xAC, 0xDC, 0x40, 0xE7, 0x81, 0xF1, 0x0C, 0xB4, 0xEC, 0x0C, 0x75, 0xA7,
    0xD3, 0xD5, 0xFF, 0x41, 0xE3, 0x49, 0xE3, 0x48, 0xF6, 0x00, 0x5A, 0x3A, 0x99, 0x6C, 0x75, 0xBB,
    0xFF, 0xD0, 0xDF, 0xFF, 0x2D, 0xA5, 0x6E, 0x7D, 0x8E, 0x4A, 0xA4, 0x4C, 0xA9, 0x92, 0xEB, 0xDA,
    0xEB, 0xD6, 0x6E, 0x3C, 0x28, 0x5B, 0x72, 0x96, 0xDD, 0x96, 0x75, 0x0C, 0x02, 0xB9, 0x3E, 0x1F,
    0x48, 0x47, 0x0D, 0xF7, 0x6C, 0xDD, 0x51, 0x75, 0x54, 0x89, 0x6E, 0x97, 0xC7, 0x6A, 0xF6, 0xDB,
    0x71, 0x12, 0x9B, 0x0A, 0x96, 0xDD, 0x71, 0xB4, 0xAA, 0x9F, 0xDD, 0x5A, 0xA9, 0x6E, 0x39, 0x2C,
    0x6E, 0x74, 0xC8, 0x9C, 0x14, 0x55, 0xD4, 0xAE, 0x5A, 0xE8, 0x55, 0xB9, 0xED, 0x59, 0xC4, 0x23,
    0xDD, 0x5B, 0xE8, 0xA2, 0x6E, 0x24, 0xD8, 0x5E, 0xD2, 0x9C, 0x45, 0xFA, 0xB2, 0xE5, 0xDC, 0x25,
    0xDD, 0x9E, 0x89, 0xAC, 0x0E, 0x9B, 0xCD, 0xA6, 0xD2, 0x72, 0x9B, 0xF3, 0x7C, 0xD6, 0x38, 0xF5,
    0x31, 0x1D, 0x83, 0x12, 0xC0, 0xE3, 0x58, 0xD6, 0xD2, 0xEB, 0xC1, 0xCA, 0xB6, 0xA2, 0x53, 0xAC,
    0x6D, 0xD3, 0xA6, 0x59, 0xC6, 0x8D, 0x55, 0xDA, 0xEA, 0xEC, 0x66, 0x9F, 0x5F, 0x4D, 0x5D, 0xE0,
    0x71, 0xAC, 0x3F, 0xCD, 0x56, 0x76, 0xE7, 0x7E, 0xB0, 0x4B, 0x99, 0x57, 0xA4, 0x5C, 0x26, 0x15,
    0x07, 0xB7, 0x99, 0xCD, 0xB4, 0xD6, 0xC5, 0x11, 0xF9, 0x24, 0xBB, 0x9F, 0x93, 0xB9, 0x60, 0x15,
    0xAF, 0x21, 0xAC, 0x26, 0xD3, 0x2F, 0x0B, 0x0E, 0x43, 0x58, 0xC1, 0x1A, 0xC2, 0xBA, 0x3C, 0x2A,
    0x7E, 0xD6, 0x50, 0xEC, 0xC5, 0xF5, 0xE2, 0xEB, 0x5E, 0xC7, 0xD0, 0x29, 0x5E, 0x93, 0x99, 0xC2,
    0xB4, 0x04, 0x37, 0xBE, 0xBC, 0xF4, 0x7F, 0xED, 0x5C, 0x31, 0x90, 0xE5, 0xC8, 0x59, 0xFE, 0xF5,
    0xE4, 0x99, 0x47, 0x59, 0x45, 0x89, 0xC0, 0x43, 0x61, 0x6F, 0xA0, 0x84, 0x68, 0x09, 0x94, 0x42,
    0x40, 0x49, 0xD8, 0x55, 0x24, 0x4E, 0x26, 0xD8, 0x67, 0xAA, 0xB8, 0x80, 0x84, 0x68, 0x1D, 0x6C,
    0x1E, 0x80, 0x44, 0x91, 0x97, 0xE7, 0x02, 0xE7, 0x4B, 0xD5, 0x06, 0xE7, 0xE7, 0x60, 0x13, 0x02,
    0x02, 0x4C, 0xCB, 0xBE, 0xD0, 0x89, 0x6C, 0x07, 0x04, 0x04, 0xC8, 0x75, 0x7B, 0x40, 0xDD, 0x05,
    0x27, 0xB0, 0x8E, 0xD3, 0xCC, 0xB4, 0xF4, 0xA1, 0xFF, 0xEB, 0x6E, 0xED, 0x7B, 0xBB, 0xB3, 0xDC,
    0xEE, 0xDD, 0x2D, 0xBB, 0xB7, 0x47, 0xD7, 0xEA, 0xFB, 0xFE, 0x95, 0x5A, 0x52, 0xEB, 0xFF, 0x5B,
    0xDD, 0xEA, 0xAF, 0xFB, 0x8D, 0x30, 0xDD, 0xBD, 0x70, 0x8C, 0x5E, 0x22, 0x83, 0x4E, 0xD0, 0x49,
    0x06, 0x40, 0xD0, 0x8A, 0x01, 0xF0, 0x4B, 0x34, 0x1B, 0x00, 0xB8, 0x46, 0x99, 0x60, 0xFE, 0x31,
    0x30, 0x4B, 0xCA, 0x43, 0xA3, 0xE4, 0x10, 0xC9, 0x16, 0xBB, 0x98, 0x44, 0x12, 0xD4, 0x52, 0x59,
    0x91, 0x2D, 0x1A, 0x31, 0xA3, 0x48, 0xAC, 0x3C, 0x88, 0x6C, 0xD0, 0xEA, 0x95, 0x57, 0x8E, 0xD0,
    0xDD, 0xC4, 0x3C, 0x1E, 0xF2, 0x87, 0xF3, 0x2B, 0x4B, 0x0E, 0xD7, 0xF7, 0xF7, 0x2B, 0x25, 0xD5,
    0x63, 0xD0, 0x7D, 0xF3, 0xF7, 0x31, 0x69, 0x1E, 0x00, 0xA3, 0x88, 0x28, 0x77, 0x0B, 0xE7, 0x00,
    0x4A, 0xD1, 0x8B, 0xE1, 0x91, 0x68, 0x8A, 0xEE, 0x48, 0x48, 0xFB, 0x0B, 0x12, 0x3A, 0x47, 0xAD,
    0x44, 0xE6, 0x41, 0x84, 0x46, 0xCF, 0xF9, 0x0E, 0x6A, 0x01, 0xF0, 0x11, 0xDC, 0x15, 0x27, 0x49,
    0x71, 0x0D, 0x0C, 0x7A, 0xCF, 0x1C, 0xA5, 0xE4, 0xBA, 0x43, 0xA4, 0xB0, 0x92, 0xA0, 0x94, 0x62,
    0x94, 0xAD, 0xA3, 0x18, 0xF5, 0xD3, 0xB4, 0x55, 0xB2, 0xCC, 0x92, 0xEB, 0x09, 0x22, 0xD9, 0x2C,
    0x19, 0x44, 0x9D, 0x67, 0x26, 0xF5, 0x13, 0x60, 0x59, 0x42, 0x7D, 0x7A, 0xA9, 0x80, 0x46, 0xF4,
    0x89, 0x26, 0xD1, 0x74, 0x56, 0x4A, 0x48, 0xB7, 0xEF, 0x3B, 0xAE, 0x06, 0xD3, 0x2D, 0xD8, 0x57,
    0xBD, 0x9E, 0x60, 0x7A, 0xE3, 0xF8, 0x3F, 0xD1, 0x92, 0xAF, 0xD1, 0x90, 0x01, 0x71, 0x3C, 0x7A,
    0xAE, 0x1D, 0xF7, 0xF2, 0xD2, 0x38, 0xD8, 0xD5, 0x28, 0x91, 0x72, 0x31, 0x49, 0x8C, 0x56, 0xA3,
    0xF0, 0xFE, 0x3D, 0x7D, 0xAA, 0x14, 0x2E, 0x1C, 0x31, 0x7D, 0xEA, 0xC2, 0x34, 0x28, 0xDF, 0xE2,
    0xEE, 0xE3, 0xC7, 0xFD, 0xFA, 0x8F, 0x48, 0xE9, 0x4C, 0xCA, 0xA6, 0xB3, 0x73, 0x39, 0xD9, 0x65,
    0xB6, 0x1A, 0x96, 0x5D, 0xC5, 0x48, 0x32, 0xBD, 0x12, 0xD0, 0x3A, 0x2A, 0x49, 0xA3, 0xF0, 0x98,
    0xBC, 0x18, 0x65, 0x4A, 0xA3, 0xE4, 0x4A, 0x56, 0xAA, 0x85, 0x0A, 0x7C, 0x1B, 0x33, 0x6B, 0x90,
    0x52, 0x0A, 0x5C, 0xCF, 0x0C, 0xD6, 0xAF, 0x16, 0x12, 0xCC, 0xB1, 0xD2, 0x49, 0x29, 0x6B, 0x8A,
    0xF6, 0xB2, 0x61, 0x91, 0x35, 0x99, 0x26, 0x1D, 0x83, 0x9D, 0x0F, 0x55, 0x1F, 0xEC, 0x74, 0x46,
    0x13, 0xEC, 0x18, 0x78, 0x7C, 0xB2, 0x0F, 0x37, 0xD3, 0xF2, 0xA4, 0x47, 0xC9, 0xE0, 0xEA, 0x5C,
    0xF8, 0x2A, 0xA2, 0x76, 0xA5, 0xA1, 0xDD, 0x28, 0x74, 0x07, 0xB6, 0x3D, 0xB0, 0x67, 0x67, 0x97,
    0xE8, 0xC5, 0xA0, 0x14, 0x56, 0xBA, 0xC5, 0x4E, 0x79, 0xFB, 0xC2, 0xAA, 0xCD, 0xD0, 0x88, 0x19,
    0xD4, 0xDE, 0x1C, 0xBE, 0x81, 0xE8, 0xF9, 0xB6, 0xAD, 0x76, 0x8A, 0x92, 0x6C, 0x06, 0x5E, 0x66,
    0xB5, 0x0B, 0x1B, 0x6C, 0xB2, 0xB7, 0xF9, 0xE2, 0x7A, 0x9B, 0x8D, 0x00, 0x6D, 0xDE, 0x5B, 0x56,
    0x3B, 0x9F, 0x9C, 0xBD, 0x41, 0xA7, 0x6E, 0x17, 0x5F, 0x1E, 0x25, 0xF1, 0xE5, 0xE4, 0x65, 0xC4,
    0x95, 0x7F, 0x8B, 0x5A, 0xED, 0x2B, 0xC3, 0x36, 0x67, 0xBF, 0xDF, 0xD7, 0xEE, 0x45, 0xCF, 0xD7,
    0xE7, 0x6D, 0x57, 0x3B, 0x04, 0x8D, 0xF6, 0x45, 0xB0, 0x7D, 0x9D, 0x7A, 0x20, 0x5F, 0xF7, 0x6F,
    0x51, 0x3C, 0x4B, 0xD5, 0x3A, 0xCF, 0x0A, 0x7E, 0x86, 0xD2, 0x9D, 0x28, 0x15, 0xE6, 0xD0, 0x78,
    0x64, 0x18, 0x69, 0x5A, 0x7D, 0x1B, 0x7B, 0x81, 0xCB, 0x11, 0xED, 0x4A, 0x09, 0x4E, 0x5D, 0xCB,
    0x7A, 0xB2, 0xDB, 0xED, 0x4A, 0xF7, 0x08, 0xA9, 0x16, 0xC6, 0x79, 0x34, 0x98, 0xF2, 0x94, 0xD9,
    0x04, 0xB7, 0x6D, 0x51, 0x06, 0x33, 0x9D, 0x0F, 0x1C, 0xEB, 0x4D, 0x6E, 0xDE, 0x3C, 0x88, 0xCE,
    0x41, 0x70, 0x52, 0xAC, 0x7E, 0xCC, 0xA7, 0xD5, 0x8D, 0xD5, 0x18, 0x4A, 0xA6, 0xE4, 0xCB, 0xAB,
    0x67, 0x79, 0x1F, 0x26, 0xF8, 0xE1, 0xEE, 0x9C, 0x2E, 0x64, 0x35, 0xE9, 0xE9, 0xC1, 0xD5, 0x9C,
    0x65, 0x35, 0x2F, 0xBC, 0x29, 0x22, 0xA7, 0x3F, 0x92, 0xBB, 0xB5, 0xEC, 0x85, 0x8D, 0x93, 0x14,
    0xFD, 0x76, 0xF6, 0x66, 0x3A, 0xE5, 0xA3, 0x37, 0x63, 0x66, 0xA5, 0x29, 0x40, 0x13, 0xCC, 0x0A,
    0x12, 0xCC, 0xB3, 0x3B, 0xAB, 0xE9, 0x8C, 0xCB, 0xC5, 0xDC, 0x2D, 0x49, 0xC4, 0xE0, 0xE7, 0x58,
    0x00, 0xB3, 0x6C, 0x80, 0x6B, 0x6F, 0x26, 0x00, 0x9C, 0xC9, 0x36, 0x98, 0xE6, 0xA4, 0xED, 0x70,
    0x01, 0x11, 0x6D, 0x5E, 0x8B, 0x69, 0xAD, 0x58, 0x85, 0xA5, 0xB9, 0xD1, 0x8E, 0x62, 0xE4, 0x2D,
    0xB6, 0xA1, 0x79, 0x16, 0x1E, 0xF1, 0x66, 0x61, 0x57, 0xD3, 0x0C, 0xDE, 0xA4, 0x7B, 0x5D, 0x8B,
    0x4E, 0xF7, 0xFA, 0x8B, 0xF1, 0xD2, 0x39, 0xDB, 0x6B, 0x56, 0xD9, 0x0C, 0x17, 0x06, 0x52, 0x4D,
    0x4B, 0x79, 0x53, 0x96, 0x8C, 0x10, 0xB3, 0xBC, 0x34, 0x23, 0xE0, 0x57, 0xDE, 0x94, 0x1C, 0x9B,
    0x60, 0x46, 0xEB, 0x2B, 0x6D, 0x3A, 0xBD, 0x8C, 0x45, 0xFF, 0xFA, 0xD1, 0xD5, 0xF2, 0x5E, 0x2D,
    0x04, 0xA0, 0xB9, 0x91, 0x72, 0x2B, 0x9A, 0x3C, 0x15, 0x24, 0x76, 0xD1, 0x1A, 0xB0, 0xC1, 0x51,
    0xEF, 0xA8, 0x21, 0xB1, 0x86, 0x44, 0xC6, 0xBF, 0x71, 0xA7, 0x25, 0xA9, 0x18, 0x4C, 0xA7, 0xC4,
    0xDB, 0xAE, 0x34, 0x92, 0xB2, 0x8E, 0x24, 0x72, 0x48, 0x67, 0x77, 0x7C, 0x96, 0x97, 0x4F, 0x74,
    0xC1, 0x42, 0xFA, 0xB4, 0xCF, 0x20, 0xD1, 0x74, 0x23, 0x99, 0x41, 0x71, 0x0F, 0x12, 0xD0, 0x3B,
    0x6A, 0x1D, 0x95, 0xCE, 0x57, 0xDA, 0x89, 0xFF, 0xAE, 0xF6, 0x53, 0xA6, 0x5B, 0x00, 0xFD, 0x11,
    0xE4, 0xF5, 0x02, 0x22, 0x01, 0x76, 0xE7, 0x3C, 0xF0, 0x92, 0x41, 0xE4, 0x18, 0xF8, 0x22, 0x44,
    0x3F, 0x46, 0xC7, 0x30, 0x2A, 0xD4, 0x2E, 0x92, 0x11, 0x1E, 0xB1, 0x5F, 0x8C, 0xB5, 0xBE, 0x97,
    0x06, 0xA5, 0xB3, 0x6A, 0x83, 0x66, 0xB5, 0xDA, 0xD5, 0xEA, 0x57, 0x6B, 0x5C, 0x2D, 0x1B, 0xAC,
    0x7F, 0x45, 0xB0, 0x7E, 0x8E, 0xD2, 0x5B, 0xEF, 0xA2, 0xF1, 0xD6, 0x2F, 0xD1, 0x7A, 0xAB, 0x45,
    0x1F, 0xAC, 0x6A, 0x0C, 0x56, 0x61, 0x83, 0x95, 0x21, 0x58, 0x09, 0xBE, 0xE3, 0xAD, 0x18, 0xEF,
    0x7A, 0x6B, 0x83, 0xF7, 0xBC, 0x25, 0xF8, 0x4D, 0xB0, 0xAA, 0xAB, 0x60, 0x15, 0x08, 0x56, 0xB6,
    0x5A, 0xC9, 0x6A, 0xC5, 0xAB, 0xB5, 0x59, 0x2D, 0x79, 0x6C, 0x55, 0xF4, 0x81, 0xB8, 0xB4, 0xA5,
    0x75, 0xD4, 0xAA, 0x49, 0x1E, 0xAC, 0x0A, 0xF3, 0x6A, 0xD9, 0xD5, 0x1A, 0x56, 0xAB, 0x0D, 0x27,
    0x5C, 0xCA, 0x9A, 0xFE, 0x32, 0x18, 0xC9, 0x1C, 0x3C, 0x9E, 0x82, 0x3D, 0x4E, 0xB0, 0xE8, 0xF1,
    0x04, 0xE2, 0x3D, 0xBE, 0x19, 0xC5, 0x7B, 0x5C, 0xF8, 0xC1, 0xB7, 0x5A, 0xF4, 0xF8, 0xC9, 0x4E,
    0xE8, 0x71, 0x9E, 0x4B, 0x8F, 0xD3, 0xA2, 0xC7, 0x69, 0xD1, 0xE3, 0xB4, 0xE8, 0x71, 0x6F, 0x55,
    0x63, 0xB0, 0x0A, 0x1B, 0xAC, 0x0C, 0xDE, 0xA2, 0xC7, 0x69, 0xD1, 0xE3, 0xB4, 0xE8, 0x71, 0x5A,
    0xF4, 0x38, 0x2D, 0x7A, 0xDC, 0x5B, 0x05, 0x82, 0x95, 0xAD, 0x56, 0xB2, 0x5A, 0xF1, 0x6A, 0x6D,
    0x56, 0x4B, 0x1E, 0x5B, 0x15, 0x2D, 0x97, 0x3E, 0xC5, 0xCA, 0x82, 0xF5, 0x2D, 0x33, 0xAF, 0xE1,
    0x98, 0x56, 0x6B, 0x5C, 0xAD, 0x2E, 0x9C, 0x30, 0x87, 0x00, 0x46, 0x17, 0x7E, 0x8F, 0xF5, 0x79,
    0xFC, 0x69, 0x85, 0xE7, 0xDC, 0xEF, 0x4F, 0x06, 0x79, 0x22, 0x9D, 0x95, 0xB7, 0x2E, 0xB5, 0xA9,
    0xAA, 0x7E, 0xC1, 0x6F, 0x11, 0x5B, 0xFD, 0x3B, 0x30, 0x28, 0x03, 0xB0, 0xE4, 0x2B, 0x4C, 0x64,
    0x29, 0x66, 0xE5, 0x49, 0x32, 0xB2, 0x95, 0x94, 0x3C, 0x3E, 0xC1, 0xC3, 0xCB, 0x61, 0x61, 0x7A,
    0x16, 0x17, 0x8E, 0xEF, 0x62, 0x0C, 0x15, 0xD5, 0x73, 0xEF, 0xB9, 0x59, 0x2B, 0xEB, 0xB7, 0x2E,
    0xE4, 0x76, 0x2D, 0x92, 0xDA, 0x08, 0x0B, 0xC5, 0xF8, 0x2E, 0x7D, 0x0D, 0x58, 0x5E, 0xC7, 0x9D,
    0x90, 0x31, 0xBF, 0x56, 0xC0, 0x83, 0x94, 0xA3, 0x76, 0x59, 0x9A, 0x83, 0x37, 0x00, 0xE8, 0x48,
    0x3C, 0x2F, 0xC2, 0xC3, 0x41, 0xF4, 0x9A, 0x7F, 0x31, 0x92, 0x52, 0xCB, 0x77, 0x2B, 0x9D, 0xF8,
    0x01, 0x9D, 0x40, 0x69, 0xDA, 0x82, 0xE5, 0xE6, 0x6B, 0x58, 0x8C, 0x1B, 0xBD, 0x5A, 0x35, 0x44,
    0x4A, 0xA6, 0xE7, 0x98, 0x0E, 0x3D, 0x07, 0xB2, 0xE0, 0x18, 0x63, 0xA3, 0xA4, 0xEF, 0x05, 0xC3,
    0xB1, 0x55, 0x9A, 0x24, 0xC1, 0x07, 0x7B, 0x33, 0xB3, 0xE6, 0xA4, 0xD0, 0x70, 0xE8, 0x70, 0xAE,
    0xE0, 0x90, 0xAC, 0x2E, 0xDC, 0x88, 0xB3, 0x1A, 0x39, 0x10, 0xC5, 0xA0, 0xA5, 0xEA, 0x37, 0xEF,
    0xC8, 0xE9, 0x83, 0x0D, 0xCA, 0xA2, 0x17, 0xF3, 0x6B, 0x8E, 0x14, 0x79, 0x2A, 0x07, 0x9E, 0x5A,
    0xE2, 0x5D, 0xE8, 0xE5, 0x4F, 0xCD, 0x03, 0xDE, 0xB9, 0xD4, 0x1B, 0xB6, 0x1C, 0xDA, 0x45, 0xF3,
    0xF7, 0x30, 0xC8, 0x85, 0x54, 0xA3, 0xF3, 0x33, 0xE1, 0x64, 0x0F, 0x1B, 0x19, 0xC0, 0x26, 0x58,
    0x20, 0xC7, 0x95, 0xB1, 0xC5, 0x24, 0x85, 0xAD, 0x46, 0x85, 0xC1, 0x41, 0x65, 0x2B, 0x1B, 0xC1,
    0x16, 0x2E, 0x0B, 0x3E, 0xB2, 0x29, 0xF0, 0x5D, 0xBB, 0xC1, 0xB4, 0xB5, 0x1C, 0x2F, 0xDD, 0x2D,
    0x65, 0xCF, 0xEF, 0x31, 0x7E, 0x89, 0xF9, 0x6F, 0x30, 0xD0, 0x21, 0x60, 0xF7, 0xB9, 0xB6, 0x4E,
    0x18, 0x24, 0x5D, 0x21, 0x61, 0x3E, 0x83, 0x92, 0xE1, 0xFF, 0xE2, 0xA1, 0x72, 0xC3, 0xA5, 0x2E,
    0xDC, 0x32, 0xC0, 0x9E, 0xC5, 0xED, 0x92, 0x49, 0x52, 0x5B, 0x0C, 0x9A, 0xA5, 0x55, 0x5F, 0xD5,
    0x22, 0xE6, 0xB0, 0xB8, 0x7E, 0x18, 0x54, 0x0C, 0x2F, 0x1F, 0x9E, 0x55, 0x95, 0x47, 0xA5, 0xEA,
    0x99, 0x55, 0x99, 0x22, 0x09, 0x0F, 0x01, 0x6C, 0x6D, 0x01, 0x36, 0x5E, 0x74, 0xAE, 0x0A, 0x24,
    0xD6, 0xEB, 0x23, 0x41, 0xAE, 0xF0, 0xEA, 0x85, 0x17, 0x47, 0xBC, 0xB6, 0xE1, 0xA5, 0x0E, 0xF4,
    0x07, 0xD4, 0x29, 0x45, 0x8E, 0x36, 0x81, 0x5A, 0x9F, 0xD3, 0x9F, 0x57, 0x59, 0x92, 0xBF, 0xA6,
    0xBF, 0x83, 0xD7, 0x43, 0xBC, 0x1C, 0x12, 0xD4, 0x10, 0xA5, 0x2E, 0x68, 0x21, 0x94, 0x42, 0x82,
    0x12, 0xA2, 0x23, 0xD6, 0xA5, 0x52, 0x0B, 0xEA, 0x6C, 0x10, 0x29, 0x7A, 0xD3, 0xF2, 0x71, 0x6A,
    0x2D, 0xE0, 0xAC, 0x87, 0x61, 0xE5, 0xB0, 0x5E, 0x87, 0xAF, 0x39, 0x56, 0x7C, 0x01, 0xD8, 0xFD,
    0xB8, 0xC8, 0xFE, 0x1B, 0x2C, 0xBF, 0x92, 0x67, 0xA7, 0x8E, 0x78, 0x71, 0xC4, 0x69, 0x23, 0x4E,
    0x0C, 0xB9, 0x01, 0x29, 0x8B, 0x38, 0x55, 0x24, 0xE3, 0x8B, 0x98, 0xA2, 0xAE, 0x26, 0x2F, 0x89,
    0x44, 0x00, 0xFA, 0x20, 0x88, 0x78, 0x3D, 0xE4, 0x4C, 0x8B, 0xF0, 0x44, 0x99, 0x3B, 0x91, 0xD4,
    0x97, 0x19, 0x37, 0x95, 0x59, 0x33, 0x78, 0xAD, 0xE4, 0xFF, 0x08, 0x9D, 0x0E, 0xE2, 0x54, 0x10,
    0xA7, 0x81, 0x38, 0x05, 0xC4, 0xE9, 0x1F, 0x5E, 0xFD, 0xA0, 0xDF, 0xBC, 0xF2, 0xC1, 0xF7, 0xF8,
    0xC9, 0xD6, 0xA5, 0xB8, 0x66, 0xEB, 0x62, 0x9F, 0x6C, 0x5D, 0x28, 0x84, 0xB0, 0x3D, 0xFF, 0xEC,
    0x90, 0xCD, 0x14, 0x3B, 0x28, 0x75, 0x50, 0xE8, 0xA0, 0xCC, 0x41, 0x91, 0x83, 0x12, 0x87, 0x13,
    0x38, 0x4E, 0xCE, 0xF5, 0x76, 0xBB, 0x9D, 0x36, 0xB1, 0x40, 0x7B, 0x84, 0x3E, 0x45, 0xF2, 0xB5,
    0x05, 0xB3, 0xB6, 0xA8, 0x35, 0x16, 0x55, 0x13, 0x90, 0x7B, 0x98, 0xBE, 0x5C, 0x51, 0xF0, 0x49,
    0x73, 0x1C, 0x00, 0xC7, 0xA7, 0x4C, 0x85, 0xFC, 0x44, 0x04, 0x3F, 0x85, 0x07, 0x53, 0x2F, 0xF0,
    0x4D, 0xF9, 0xC6, 0x2B, 0x89, 0x8C, 0xAF, 0x12, 0x94, 0xDA, 0x38, 0x68, 0xE5, 0x17, 0xA3, 0x86,
    0x63, 0x64, 0x51, 0xDB, 0x37, 0x36, 0x3E, 0xFE, 0x71, 0x13, 0x84, 0x6F, 0xB5, 0x82, 0xA3, 0x97,
    0x5A, 0x5D, 0xF2, 0x9A, 0x05, 0xE9, 0x1B, 0x1C, 0xFB, 0x57, 0x75, 0xA6, 0x8A, 0x52, 0x6F, 0xD6,
    0xA6, 0x35, 0x82, 0xA5, 0xDB, 0xFB, 0x37, 0x36, 0x48, 0xD1, 0x24, 0x79, 0x23, 0xE6, 0x6F, 0x20,
    0x92, 0x5F, 0x7B, 0x11, 0x8D, 0x71, 0x7B, 0xED, 0xDE, 0x24, 0xDF, 0xB4, 0x56, 0xA3, 0x53, 0x9A,
    0x15, 0xB7, 0x50, 0x8C, 0x50, 0xBF, 0xE1, 0x6F, 0xD2, 0x06, 0x6D, 0xA8, 0x85, 0xB9, 0x0D, 0x0D,
    0x48, 0xE4, 0xF3, 0xBC, 0x5E, 0x41, 0xFA, 0xFE, 0x5C, 0x4A, 0x02, 0x8C, 0x54, 0xDE, 0x4A, 0x85,
    0x36, 0x7D, 0xFF, 0x2D, 0xF4, 0xBF, 0xE5, 0x45, 0xA8, 0xC2, 0x86, 0xE8, 0xA5, 0xD3, 0xED, 0xFD,
    0xFE, 0xE1, 0x5C, 0x01, 0x38, 0x80, 0xA2, 0x5F, 0x8E, 0x2E, 0x90, 0x5B, 0x95, 0x0D, 0xED, 0x92,
    0xD3, 0x0C, 0x29, 0x3E, 0x44, 0x1F, 0x53, 0x20, 0xF6, 0x92, 0xDD, 0xE0, 0xDB, 0x90, 0x68, 0xB7,
    0xBB, 0xE3, 0x44, 0x7A, 0xFB, 0x14, 0x85, 0xF4, 0x3B, 0xC2, 0xB9, 0x25, 0xBB, 0x1D, 0x29, 0x28,
    0x27, 0xD6, 0x13, 0x77, 0xC6, 0x83, 0x30, 0xBD, 0x21, 0x63, 0x9F, 0x4F, 0xED, 0x17, 0xFF, 0x49,
    0xC4, 0xF8, 0x8A, 0x52, 0xAE, 0x15, 0xE5, 0x55, 0x8C, 0x87, 0x42, 0xE8, 0xB6, 0x80, 0x7D, 0x8A,
    0xD6, 0x74, 0x4E, 0x8C, 0x2D, 0x69, 0x3B, 0x1D, 0x92, 0xDF, 0x29, 0xE5, 0x1B, 0x12, 0x3A, 0xFD,
    0x84, 0x7B, 0x46, 0xE8, 0x18, 0x20, 0x10, 0xEA, 0x15, 0x84, 0x07, 0x5E, 0x49, 0xE8, 0xC2, 0xE7,
    0x66, 0x98, 0x08, 0xBD, 0xD9, 0x60, 0x9E, 0xA3, 0x04, 0x4D, 0xAD, 0xC8, 0x26, 0x18, 0x71, 0x30,
    0xB6, 0xC1, 0x48, 0x83, 0x91, 0xD9, 0xA0, 0x60, 0x8F, 0x99, 0x33, 0xAA, 0xDE, 0x1B, 0xA6, 0xF3,
    0x06, 0x5A, 0x67, 0x6C, 0xD0, 0xB8, 0xFE, 0x20, 0x46, 0x99, 0xB1, 0x99, 0x48, 0x20, 0xCE, 0x48,
    0x67, 0x6F, 0x64, 0xD6, 0x1B, 0x85, 0x95, 0x7C, 0xD6, 0xA2, 0x51, 0xF4, 0xE1, 0xF5, 0x82, 0x01,
    0x6F, 0x6C, 0x82, 0x11, 0x6B, 0x10, 0x5D, 0x05, 0xD1, 0x12, 0xF9, 0x89, 0xCE, 0x6C, 0xDE, 0xEF,
    0x2F, 0xF4, 0x86, 0x99, 0x16, 0xB5, 0xB0, 0xDE, 0xA8, 0x06, 0x6F, 0xA0, 0xF7, 0x86, 0xC8, 0x89,
    0xAB, 0xE4, 0x6C, 0x11, 0x6F, 0xE2, 0x68, 0xC7, 0x4E, 0x6D, 0x0D, 0x23, 0x2E, 0x22, 0xF3, 0x40,
    0xEF, 0x3F, 0x65, 0x00, 0xBD, 0x62, 0x80, 0xD6, 0xB9, 0x89, 0x21, 0xD5, 0xFB, 0x8C, 0x52, 0xEA,
    0xB8, 0x3D, 0xF3, 0x31, 0x4D, 0x27, 0xC7, 0xC9, 0xAC, 0xE1, 0x9D, 0x97, 0x26, 0x35, 0x82, 0x4B,
    0x89, 0xE7, 0x1C, 0x1F, 0x18, 0x65, 0x0D, 0xF5, 0xE8, 0xBA, 0x50, 0x32, 0x63, 0xED, 0xD8, 0xCC,
    0xCA, 0x56, 0x85, 0xE4, 0xE8, 0x1F, 0x0A, 0x30, 0x8D, 0xF9, 0xB2, 0x29, 0x27, 0x40, 0xAB, 0x76,
    0x84, 0x59, 0x4E, 0x81, 0x0B, 0xCE, 0xA8, 0x9E, 0x1C, 0x14, 0xFC, 0x1E, 0x2E, 0x85, 0x41, 0xE4,
    0xF4, 0x8C, 0x23, 0x84, 0x81, 0xE7, 0x9E, 0xF1, 0x18, 0x74, 0x66, 0x21, 0x43, 0x7D, 0xA0, 0xBB,
    0x16, 0x3E, 0xAE, 0x8E, 0xCC, 0xE0, 0xA8, 0x8F, 0xC0, 0xB7, 0xEB, 0x66, 0xDA, 0x9B, 0x9E, 0xFD,
    0x60, 0xD5, 0xEB, 0x09, 0x7B, 0x5C, 0x95, 0xD5, 0x28, 0x00, 0xDF, 0x29, 0xA5, 0x7C, 0x26, 0xA5,
    0xA8, 0x35, 0x8B, 0xDE, 0xD6, 0xF4, 0xAC, 0x66, 0x1A, 0x14, 0x4F, 0xB9, 0x12, 0xA3, 0x3C, 0x97,
    0xAB, 0x5A, 0x90, 0x5C, 0x46, 0x0B, 0x1B, 0x27, 0x4C, 0xE3, 0x13, 0xF8, 0x39, 0xAD, 0x94, 0x98,
    0x73, 0x26, 0xAB, 0xF0, 0x43, 0x66, 0x22, 0xA7, 0xAE, 0xAA, 0x51, 0xB6, 0x47, 0xC8, 0x38, 0x84,
    0x3C, 0x39, 0xFF, 0x65, 0xF8, 0xC0, 0x5F, 0x87, 0x57, 0xFE, 0x10, 0x7A, 0x97, 0x1F, 0x2C, 0x78,
    0xFA, 0xC0, 0xA9, 0xA1, 0x44, 0xE3, 0x0B, 0x18, 0xF0, 0x6B, 0xB2, 0xBB, 0x37, 0x9F, 0xA7, 0x17,
    0x62, 0x2C, 0xCF, 0x1D, 0x89, 0x1D, 0xB1, 0x96, 0xE8, 0x1E, 0xD5, 0x81, 0xDB, 0x94, 0x44, 0xD2,
    0x71, 0x43, 0xD1, 0x59, 0xEB, 0x41, 0x04, 0x76, 0x8D, 0x95, 0x5F, 0x56, 0xD1, 0xF0, 0xF1, 0x8E,
    0xE3, 0xE4, 0xC3, 0x54, 0x10, 0x19, 0x24, 0x17, 0x23, 0x17, 0x22, 0x46, 0x88, 0x01, 0x0A, 0xF1,
    0xA9, 0x88, 0x8C, 0x0E, 0x3D, 0x2F, 0x3E, 0x1A, 0x4F, 0xA3, 0x19, 0xA2, 0xFD, 0x82, 0x23, 0x97,
    0x3D, 0x58, 0xC5, 0x62, 0x52, 0xCC, 0xA1, 0x48, 0xD5, 0xA3, 0x4F, 0x70, 0xF9, 0x3D, 0xF4, 0x3E,
    0x20, 0x0E, 0x73, 0x22, 0xA3, 0xC1, 0xD2, 0x72, 0x88, 0xFD, 0x4E, 0x84, 0x3A, 0xEF, 0xA5, 0xEA,
    0x41, 0x21, 0x5A, 0xBF, 0x29, 0xA8, 0xB1, 0x8F, 0x07, 0x43, 0x6C, 0xC6, 0x8C, 0x21, 0xDB, 0x68,
    0xC4, 0xD8, 0x86, 0xA4, 0xEA, 0xED, 0x0C, 0x52, 0x80, 0xD1, 0x62, 0x38, 0x28, 0x6F, 0xDC, 0x08,
    0xD6, 0x41, 0x82, 0x5C, 0x5B, 0xEA, 0x0C, 0x75, 0x05, 0x06, 0x8A, 0xE5, 0x8B, 0x80, 0x7F, 0xD1,
    0x08, 0x26, 0x90, 0xE8, 0xDC, 0x75, 0x0C, 0x84, 0xF9, 0xB7, 0x55, 0x6A, 0x4E, 0xAF, 0xFE, 0x1C,
    0x96, 0x91, 0x61, 0x60, 0x14, 0xCA, 0xE8, 0x21, 0x1E, 0xB1, 0xF4, 0xDA, 0x18, 0x97, 0x79, 0x2F,
    0x94, 0x08, 0xBC, 0x10, 0x43, 0x09, 0x92, 0x8F, 0x70, 0x2C, 0x7C, 0x54, 0x3D, 0xF5, 0xA2, 0x9E,
    0x6A, 0x53, 0x2F, 0x19, 0x64, 0xC1, 0x62, 0x52, 0x64, 0xED, 0xDD, 0xA0, 0x5B, 0x90, 0xEB, 0x74,
    0xFA, 0x0C, 0xB2, 0x60, 0x31, 0x29, 0x62, 0x5C, 0xF0, 0xBF, 0xD0, 0x2D, 0xF8, 0x09, 0x7B, 0x26,
    0x78, 0x6C, 0x89, 0xBD, 0x22, 0xF3, 0x4C, 0xCC, 0xEF, 0xCF, 0x4D, 0x51, 0x2F, 0x18, 0xA3, 0xE1,
    0x95, 0xFB, 0xF5, 0x2E, 0x52, 0x59, 0xC5, 0x7C, 0x56, 0x4C, 0x51, 0xAE, 0xE5, 0x89, 0xD1, 0x51,
    0x0B, 0x14, 0xAA, 0x81, 0x1C, 0xC9, 0x51, 0x8E, 0xDB, 0xF2, 0x46, 0x6E, 0xE6, 0x49, 0xBC, 0x2A,
    0x18, 0x74, 0xC1, 0x90, 0x6E, 0x3F, 0xF0, 0x2D, 0xF8, 0x8B, 0xD3, 0xC9, 0xAE, 0x54, 0xCA, 0x20,
    0x4A, 0x95, 0x55, 0x8A, 0xD0, 0x2B, 0xC5, 0x68, 0x94, 0x18, 0x8C, 0x62, 0x28, 0x26, 0x12, 0x06,
    0xA5, 0xFF, 0x46, 0xAB, 0x74, 0xAD, 0x39, 0x28, 0x80, 0x38, 0xEA, 0x1D, 0x59, 0x25, 0x0D, 0xB5,
    0x3B, 0xBD, 0x5C, 0x2F, 0xB6, 0x5E, 0x5A, 0xCC, 0x18, 0xA6, 0xAB, 0x0F, 0xEE, 0x9E, 0xA0, 0x79,
    0x33, 0xC4, 0xC4, 0xF0, 0x1D, 0xD5, 0x93, 0xD2, 0x96, 0x94, 0x37, 0xA4, 0xC2, 0xD3, 0x35, 0xC3,
    0x99, 0x81, 0x94, 0x38, 0x8A, 0xF6, 0xAF, 0x81, 0xA8, 0x58, 0xB8, 0x7A, 0xC6, 0x92, 0x58, 0xC5,
    0xF8, 0x10, 0xF1, 0xF7, 0xAC, 0x8C, 0x6C, 0xA5, 0x14, 0x55, 0x2F, 0xFE, 0x94, 0x8F, 0x4C, 0x7F,
    0xEC, 0x8D, 0x88, 0xEC, 0x66, 0x3A, 0x8A, 0x6C, 0x17, 0x22, 0x4B, 0xF2, 0x71, 0xBE, 0xF2, 0x91,
    0xE5, 0xDE, 0x50, 0xA7, 0xF7, 0x65, 0xF8, 0x52, 0xA3, 0xB7, 0x8F, 0x91, 0xFB, 0x99, 0x5E, 0x7D,
    0xF4, 0x9B, 0x17, 0x8E, 0xBE, 0x2E, 0x22, 0xFA, 0xD6, 0xFD, 0xED, 0x2C, 0xA6, 0x89, 0xF0, 0xB7,
    0x28, 0xC5, 0x60, 0xF2, 0x63, 0xC7, 0x54, 0x5D, 0x18, 0x85, 0x87, 0x2B, 0xF4, 0x49, 0x14, 0x46,
    0xC2, 0xFA, 0xDF, 0x5E, 0x33, 0xAA, 0x8E, 0xC0, 0xB5, 0x64, 0x8C, 0x54, 0x77, 0xB8, 0x8B, 0x1D,
    0x16, 0x30, 0x7B, 0x87, 0xF0, 0x8C, 0xB3, 0xB7, 0x58, 0xB7, 0x2A, 0xB6, 0x94, 0x9A, 0x29, 0x5D,
    0x21, 0x9B, 0x2F, 0xB4, 0xE3, 0x98, 0xCF, 0x4F, 0x61, 0x59, 0xB1, 0x18, 0x4A, 0x85, 0xF2, 0x16,
    0xC3, 0x78, 0x72, 0x27, 0x94, 0x79, 0xF2, 0x65, 0xE6, 0xEC, 0xF0, 0x0D, 0x65, 0x66, 0x68, 0x76,
    0xE7, 0x2C, 0xEE, 0x31, 0x04, 0xF1, 0x26, 0x83, 0xEF, 0xBA, 0x23, 0xF4, 0x1C, 0x73, 0xB0, 0x38,
    0xDC, 0xE5, 0x07, 0x44, 0xA1, 0xE0, 0x8D, 0x18, 0x30, 0x0F, 0x1D, 0x67, 0xEC, 0x3A, 0x46, 0x27,
    0x4C, 0x01, 0x72, 0x77, 0xE0, 0x91, 0x44, 0x18, 0xF1, 0xC1, 0x43, 0xBF, 0x1A, 0x89, 0xA5, 0x37,
    0x1A, 0xB4, 0x53, 0x33, 0xD7, 0x9C, 0x35, 0xD2, 0x6E, 0x42, 0xFB, 0x08, 0xED, 0x20, 0xD8, 0x3B,
    0x18, 0xAC, 0xFD, 0x02, 0x67, 0x8B, 0xAA, 0xE1, 0xE5, 0x6D, 0x66, 0x90, 0x0F, 0xD1, 0x0B, 0xB8,
    0x35, 0x02, 0x8D, 0xFA, 0xF8, 0xFF, 0x6B, 0xF3, 0xBE, 0x88, 0xB5, 0x79, 0xF4, 0xA1, 0x4B, 0xCC,
    0xB2, 0x9A, 0xE8, 0x1E, 0x9B, 0x36, 0x98, 0x21, 0xC7, 0x57, 0x76, 0x15, 0x5E, 0x48, 0x09, 0x3E,
    0x87, 0xF9, 0x95, 0x5E, 0x85, 0xC7, 0x74, 0x9B, 0x9E, 0x64, 0x05, 0xE7, 0x5D, 0xFD, 0x8A, 0x1E,
    0x8E, 0x79, 0x25, 0xEF, 0x85, 0x0A, 0xE8, 0x97, 0x6C, 0x80, 0xC3, 0x2F, 0xAA, 0xFB, 0xC2, 0xDA,
    0xE7, 0xBD, 0xC6, 0x3E, 0xA3, 0x0B, 0x9A, 0xEE, 0x1D, 0x79, 0x9D, 0x07, 0x38, 0x55, 0xEF, 0x83,
    0x60, 0xD4, 0xA8, 0x5F, 0xC8, 0x88, 0x76, 0xA5, 0x33, 0x36, 0x68, 0x6E, 0x30, 0x3E, 0xDE, 0xFD,
    0x99, 0x33, 0x00, 0x7C, 0x8A, 0xA1, 0x99, 0xDF, 0x5A, 0x4F, 0x7F, 0x2E, 0xA3, 0x89, 0x83, 0xB1,
    0x45, 0x6D, 0x34, 0x22, 0x43, 0x86, 0xD2, 0x78, 0x1D, 0x4F, 0x4B, 0xC8, 0x37, 0x86, 0x46, 0x0E,
    0x0C, 0x34, 0x4E, 0xFD, 0x00, 0xE7, 0x50, 0xF0, 0xA8, 0xEA, 0x7C, 0xA6, 0x8E, 0x8A, 0x56, 0xCC,
    0x3F, 0x33, 0xE7, 0x47, 0x80, 0xD5, 0x6E, 0x06, 0xF3, 0x82, 0x65, 0x0E, 0x31, 0x7C, 0xD7, 0x0C,
    0x3F, 0x86, 0x0C, 0x3F, 0x86, 0xCC, 0x40, 0xEC, 0x8F, 0x30, 0xE1, 0x7D, 0x53, 0x62, 0x36, 0x3F,
    0x1E, 0xFA, 0x19, 0xBB, 0x60, 0xC4, 0x32, 0x6C, 0x39, 0x4C, 0xCB, 0x38, 0x64, 0xD3, 0xA6, 0xD4,
    0x5C, 0x63, 0x62, 0x49, 0x07, 0x62, 0xA3, 0x38, 0x89, 0x62, 0xA7, 0x78, 0xE9, 0xEB, 0xF1, 0x67,
    0x40, 0x39, 0xDD, 0xD7, 0x4A, 0x1B, 0x74, 0x87, 0x92, 0x4C, 0x66, 0x49, 0x31, 0xC2, 0xAA, 0x79,
    0x39, 0x7E, 0xED, 0xC2, 0xF2, 0x37, 0x2D, 0x1C, 0xA9, 0x71, 0xD4, 0x3A, 0xEA, 0x1D, 0x8D, 0x8E,
    0x2C, 0x89, 0x2B, 0xDD, 0xC2, 0x32, 0x37, 0xAE, 0x71, 0x0B, 0x0B, 0xDC, 0xB8, 0xBA, 0x8D, 0x54,
    0x8D, 0xA4, 0xC2, 0x92, 0x32, 0x90, 0xB8, 0xA2, 0x8D, 0xCB, 0xD9, 0xC2, 0x5A, 0xB6, 0xB0, 0x90,
    0x8D, 0xAB, 0xD8, 0x48, 0x05, 0x48, 0x99, 0xA3, 0xC4, 0x51, 0xEC, 0x68, 0xE3, 0x48, 0x3C, 0x55,
    0x10, 0xB9, 0xFB, 0x8E, 0x6B, 0xB7, 0xA8, 0xD0, 0x8A, 0x44, 0x68, 0xC2, 0x54, 0x65, 0xC2, 0x07,
    0xBF, 0x73, 0xB0, 0x76, 0x8C, 0x0B, 0xC7, 0xB8, 0x6A, 0x8C, 0xEA, 0x21, 0xD7, 0x8B, 0x71, 0xB1,
    0x18, 0x57, 0x8A, 0x71, 0x99, 0x58, 0x35, 0xAE, 0x30, 0x7C, 0x26, 0x08, 0xA5, 0x09, 0xFE, 0xDF,
    0x80, 0x41, 0xD9, 0x8E, 0x72, 0x90, 0x92, 0x89, 0x54, 0xB8, 0x63, 0xD5, 0xC3, 0x56, 0xE9, 0x27,
    0x09, 0xE3, 0xF6, 0x8F, 0x5B, 0xD2, 0x5F, 0xA7, 0xED, 0xAA, 0x85, 0xAF, 0x64, 0x8E, 0xB5, 0x70,
    0xBF, 0x20, 0xF8, 0xA1, 0xD3, 0xC2, 0x19, 0xE8, 0xED, 0xB3, 0xB4, 0xF0, 0xFA, 0xB1, 0x16, 0xDE,
    0x0B, 0xDA, 0xC7, 0x5A, 0xF8, 0xD5, 0x7E, 0xD5, 0xC2, 0xBD, 0x08, 0x1E, 0x28, 0x51, 0x3A, 0x10,
    0xC1, 0x95, 0xCA, 0xFC, 0x29, 0x11, 0x3C, 0x3E, 0x9E, 0xBF, 0xF0, 0xE3, 0x4E, 0xCD, 0xC7, 0x46,
    0x51, 0x66, 0x09, 0xC9, 0xD4, 0x9A, 0xBB, 0x17, 0x49, 0xAF, 0xED, 0x02, 0xCD, 0x0A, 0x3F, 0xB5,
    0x7A, 0xD6, 0x18, 0xEA, 0xEE, 0xDD, 0xF2, 0xB3, 0x08, 0xE3, 0xF8, 0xFC, 0xC2, 0xB8, 0x6C, 0xF6,
    0x17, 0xEB, 0x33, 0x90, 0xF9, 0xD8, 0x4C, 0xC5, 0xE0, 0x0D, 0x34, 0x3E, 0x2F, 0x8F, 0xF8, 0x55,
    0x3E, 0x5F, 0x75, 0xA9, 0xDC, 0xBF, 0x88, 0x61, 0x04, 0xC7, 0xCA, 0x71, 0xF4, 0xFD, 0x93, 0x8D,
    0x8E, 0xAB, 0xD6, 0xF1, 0x19, 0xF1, 0xCB, 0x2B, 0x9D, 0x7F, 0x9D, 0x63, 0xEF, 0xF0, 0xAE, 0x57,
    0xA3, 0x8F, 0xD3, 0x41, 0x53, 0x9B, 0x72, 0x1F, 0x4F, 0x71, 0xA9, 0xA3, 0x4E, 0xF1, 0x6B, 0xEF,
    0x4F, 0xEB, 0xE2, 0x31, 0x1C, 0xE8, 0x14, 0x0F, 0xBD, 0x4E, 0x01, 0xEA, 0x14, 0x11, 0xA8, 0x53,
    0xC4, 0xA0, 0x4E, 0x91, 0x5E, 0x53, 0xA7, 0xC8, 0x7E, 0x43, 0x9D, 0xA2, 0xF8, 0x19, 0xBD, 0x8F,
    0x6F, 0x2B, 0x45, 0x33, 0x95, 0x89, 0xD8, 0x46, 0x4A, 0xE9, 0xC0, 0xFF, 0x65, 0x1D, 0x75, 0x8A,
    0xA2, 0x51, 0x1A, 0xF9, 0x4D, 0x5C, 0x4D, 0x33, 0x75, 0x0A, 0x58, 0xEA, 0x14, 0xEE, 0xB7, 0x76,
    0x19, 0xFA, 0xA7, 0x75, 0x0A, 0x16, 0xA9, 0x73, 0xFF, 0x2B, 0x25, 0xBD, 0xE2, 0x00, 0x77, 0xD3,
    0xBB, 0x8A, 0xBE, 0x4E, 0x6B, 0xB3, 0xBB, 0x49, 0x51, 0xAE, 0x8B, 0x78, 0xAB, 0x7E, 0x9D, 0xCF,
    0x8F, 0x67, 0x91, 0xE3, 0x8F, 0xC1, 0xC8, 0xBC, 0xDD, 0xB2, 0x67, 0x1E, 0xF9, 0x4A, 0x0F, 0xAB,
    0x04, 0x71, 0xED, 0x24, 0x08, 0x2E, 0xDD, 0x8D, 0x00, 0x29, 0x6C, 0xAC, 0x38, 0xA6, 0xD7, 0x28,
    0xAB, 0x21, 0x7B, 0x4F, 0xB1, 0x78, 0x17, 0x75, 0x35, 0xE8, 0x6F, 0x06, 0x8B, 0xCB, 0x59, 0xA5,
    0x09, 0x58, 0xE2, 0xA0, 0x0D, 0x13, 0xBA, 0x0C, 0xFE, 0x97, 0x7E, 0xDB, 0xB5, 0xF8, 0x3D, 0xAF,
    0x5F, 0x4B, 0x72, 0x8D, 0x4B, 0x91, 0xA8, 0xF3, 0xF5, 0x8D, 0xE5, 0xFE, 0xD3, 0x3D, 0xCB, 0xF9,
    0x2E, 0xE3, 0x64, 0x5A, 0x16, 0x38, 0xEF, 0x59, 0x33, 0x93, 0x31, 0xE3, 0x43, 0xD8, 0x78, 0x74,
    0x53, 0x74, 0xE7, 0x6F, 0xC6, 0xFC, 0xE4, 0xDD, 0xFB, 0xFB, 0xDA, 0x2D, 0x3E, 0x4C, 0xC7, 0xA2,
    0x97, 0xED, 0x94, 0x6A, 0x18, 0x62, 0xAB, 0xCA, 0x1C, 0x44, 0x4E, 0xE4, 0xEC, 0xD5, 0xCC, 0x45,
    0x72, 0x2D, 0x44, 0xE8, 0xD8, 0x36, 0xAB, 0xC2, 0x47, 0x7F, 0x0D, 0x11, 0x94, 0x1A, 0x29, 0xDC,
    0x6B, 0x74, 0xF6, 0x66, 0x84, 0x42, 0x22, 0xC3, 0xC1, 0xA6, 0xA5, 0x48, 0x26, 0xC2, 0x2F, 0xE2,
    0x59, 0xF2, 0x26, 0x1E, 0x24, 0x6D, 0xA3, 0x73, 0x89, 0xCA, 0x57, 0x10, 0x8A, 0xE7, 0xAD, 0x20,
    0x1C, 0x9E, 0xE9, 0x8D, 0xFA, 0x63, 0xE8, 0xE8, 0xD1, 0x9B, 0xA1, 0x54, 0x00, 0x9A, 0xA7, 0x60,
    0xE9, 0x9D, 0x7C, 0x96, 0x67, 0xC2, 0x7E, 0x7F, 0xFF, 0x86, 0xBB, 0xF5, 0x77, 0xFF, 0x8E, 0xC5,
    0xD5, 0xB1, 0xFC, 0x13, 0xC5, 0xAD, 0x8E, 0xEB, 0x33, 0x9D, 0x9D, 0x07, 0xB5, 0x2C, 0xD6, 0x73,
    0x53, 0xBC, 0x6D, 0xC6, 0x6C, 0x76, 0x3D, 0x6F, 0x3A, 0xB1, 0x07, 0x29, 0xB4, 0xFB, 0x50, 0xE7,
    0x1C, 0x02, 0x9D, 0x4C, 0xB0, 0xAB, 0x20, 0xA8, 0xDD, 0x04, 0x5B, 0x99, 0x8D, 0x82, 0x54, 0x7E,
    0x99, 0xF7, 0x85, 0x53, 0xC7, 0x6E, 0x5D, 0x6A, 0xC4, 0x9A, 0x2D, 0xEF, 0x02, 0x9B, 0x77, 0x1B,
    0x5B, 0xD4, 0x32, 0x9D, 0x71, 0xB2, 0x9F, 0xF1, 0x9E, 0x0D, 0x80, 0x83, 0x6D, 0xE6, 0xC0, 0xE5,
    0xC9, 0xCD, 0x0D, 0x0E, 0xEC, 0xD1, 0xF6, 0xF1, 0xEE, 0xCE, 0x4D, 0x79, 0xB9, 0x5D, 0xED, 0xF7,
    0x4F, 0x5C, 0x17, 0xCF, 0x51, 0xCD, 0x5E, 0x81, 0x87, 0x42, 0x35, 0xEB, 0x24, 0xB5, 0xFF, 0x6B,
    0x3B, 0x64, 0x8E, 0x97, 0x52, 0x18, 0x40, 0x38, 0x21, 0x4C, 0xD1, 0xE3, 0x0B, 0x87, 0x2D, 0x3A,
    0xFF, 0x3B, 0x22, 0x1C, 0xDD, 0xF7, 0xF6, 0xFD, 0xFD, 0x85, 0xE4, 0x63, 0xD5, 0x4B, 0x6A, 0xF3,
    0xC1, 0x2F, 0x3C, 0xC2, 0x66, 0x56, 0x49, 0xDB, 0x68, 0xA3, 0x74, 0x22, 0x3E, 0x51, 0xDA, 0x45,
    0xFB, 0xD2, 0xE1, 0xDE, 0x23, 0xAE, 0xC1, 0xCE, 0xA0, 0x1D, 0x39, 0x7A, 0x53, 0x27, 0xFD, 0x2C,
    0xF1, 0xF0, 0x0D, 0xBF, 0xDA, 0x26, 0x07, 0xDA, 0xC2, 0x6F, 0x39, 0x54, 0x45, 0xE4, 0xF4, 0xE1,
    0xE7, 0xDE, 0x22, 0x27, 0xA0, 0xD5, 0xC5, 0xC1, 0xF5, 0xE5, 0xDE, 0x7F, 0x48, 0xCC, 0x65, 0x62,
    0xBC, 0x57, 0x5F, 0x5C, 0x6C, 0xC7, 0x4A, 0xA2, 0x31, 0x94, 0x85, 0x6F, 0x44, 0x31, 0x7C, 0xA1,
    0xDB, 0x66, 0xCF, 0xDF, 0xAC, 0xAF, 0x9D, 0xF7, 0x2F, 0x42, 0xE7, 0xCD, 0x95, 0xB9, 0x43, 0xD6,
    0xB9, 0xC5, 0x62, 0x83, 0xEF, 0xBC, 0xDF, 0xA8, 0x1F, 0x12, 0xB0, 0x32, 0xBA, 0xDA, 0x28, 0x89,
    0xCD, 0x06, 0xBD, 0x26, 0x07, 0xB9, 0xF8, 0x13, 0x0E, 0x3B, 0x9B, 0xAA, 0x64, 0x95, 0x7C, 0x8D,
    0x7E, 0x48, 0xF0, 0x64, 0x0F, 0x1F, 0xF3, 0x19, 0x25, 0x59, 0x7B, 0xF8, 0xF9, 0xA0, 0x87, 0xE7,
    0x19, 0x6F, 0x4A, 0xBC, 0x88, 0xA6, 0xE3, 0xC3, 0x72, 0xCE, 0x1A, 0xA8, 0x83, 0xE2, 0x83, 0x32,
    0xEB, 0x24, 0xB2, 0x9C, 0xF0, 0x3B, 0x97, 0xE8, 0xFC, 0x35, 0x8A, 0x17, 0xDB, 0x67, 0xFF, 0xFB,
    0x61, 0xB6, 0xD0, 0xAE, 0x89, 0x16, 0x61, 0x1B, 0x2D, 0x45, 0x6D, 0xE4, 0xB0, 0x95, 0x96, 0x1C,
    0x9C, 0x17, 0xD3, 0xA7, 0x27, 0x76, 0xC4, 0x51, 0x0A, 0x0E, 0x66, 0x0A, 0x2B, 0xD5, 0xAC, 0x98,
    0x11, 0x53, 0x1C, 0xA0, 0xDB, 0x3F, 0x31, 0x8F, 0x65, 0xFE, 0x21, 0x5C, 0x21, 0x5C, 0x6D, 0x12,
    0xEE, 0x5F, 0xD0, 0xBA, 0xBF, 0xF0, 0x11, 0x73, 0x58, 0x1B, 0x39, 0x05, 0xDC, 0x0C, 0x8A, 0xEE,
    0x5F, 0xEE, 0xAF, 0x5F, 0xF2, 0xA9, 0x9B, 0x05, 0x63, 0x74, 0x0B, 0x0A, 0x06, 0x3E, 0xD1, 0xF3,
    0x7C, 0x29, 0xEC, 0xE4, 0x5E, 0x13, 0xE1, 0xDB, 0x58, 0xE0, 0x07, 0x0A, 0x1F, 0x29, 0x80, 0xF0,
    0x7E, 0x19, 0x69, 0x61, 0x22, 0x5F, 0x75, 0x14, 0xDA, 0xCF, 0x0C, 0x72, 0xCA, 0x85, 0x4B, 0x95,
    0xBB, 0x18, 0x58, 0xD5, 0xD8, 0xBB, 0x8D, 0x62, 0x38, 0xFB, 0x5B, 0x94, 0x72, 0xB2, 0xFC, 0x3B,
    0xF8, 0xD3, 0x14, 0x25, 0xEB, 0xC3, 0x44, 0x44, 0x4D, 0xEC, 0x38, 0xC1, 0xE1, 0x16, 0x57, 0x8D,
    0x0B, 0x4A, 0x45, 0x2C, 0xEC, 0x01, 0xBA, 0xFD, 0x03, 0xF3, 0xF4, 0xCC, 0xDF, 0xAE, 0x57, 0x58,
    0x97, 0x2B, 0xEB, 0x7E, 0x4E, 0x64, 0x65, 0xB3, 0x62, 0x0A, 0xC5, 0x2D, 0xE7, 0x53, 0x36, 0x9A,
    0xBF, 0xF7, 0xFF, 0x8C, 0xBB, 0xFE, 0xA4, 0x98, 0x41, 0x31, 0x45, 0xED, 0x67, 0x61, 0x8E, 0x3B,
    0xA5, 0x4E, 0x3B, 0xA5, 0x49, 0xE2, 0xE1, 0x0E, 0x3B, 0x02, 0x8A, 0x6F, 0x7D, 0xD5, 0x9A, 0xBE,
    0x7A, 0x0F, 0x7D, 0x75, 0xBD, 0x6C, 0xD0, 0xED, 0xF2, 0xBC, 0x42, 0x29, 0x54, 0xE2, 0xC7, 0x17,
    0x9F, 0x2B, 0xBC, 0xFD, 0xE0, 0xEE, 0x7D, 0x56, 0xD1, 0xC5, 0xDE, 0xCE, 0xA9, 0x15, 0x0D, 0x2A,
    0x35, 0xA7, 0x06, 0xEB, 0x1A, 0xF2, 0xA8, 0x3C, 0x29, 0xBF, 0x64, 0x2B, 0xC6, 0xF7, 0x6F, 0x1F,
    0x57, 0x57, 0x9B, 0x0E, 0xA1, 0xBA, 0x96, 0xBE, 0xBA, 0xBE, 0x8A, 0x85, 0xE1, 0x1A, 0x62, 0x61,
    0x90, 0x85, 0x61, 0x16, 0xD1, 0x40, 0x8B, 0x98, 0x32, 0xE9, 0x45, 0x34, 0xD8, 0x22, 0x0C, 0xF7,
    0x97, 0xCB, 0xDB, 0x37, 0x7E, 0x24, 0x4F, 0x47, 0x1F, 0xC9, 0xAF, 0xC2, 0xDB, 0x4C, 0xB7, 0x7C,
    0xF7, 0xD2, 0xC5, 0x0A, 0x9C, 0x57, 0xD5, 0xD5, 0x88, 0x4D, 0x3E, 0x49, 0x52, 0x3E, 0xF1, 0xE5,
    0x9D, 0x33, 0x2E, 0x6E, 0x81, 0x03, 0xE5, 0x7C, 0x50, 0x25, 0xB7, 0x0C, 0x96, 0x70, 0x4C, 0xE2,
    0x8F, 0x73, 0xA6, 0x5B, 0x08, 0x95, 0x83, 0xBF, 0xA2, 0xE3, 0x2E, 0xDF, 0x42, 0x57, 0x01, 0x68,
    0x14, 0x4A, 0x36, 0xBE, 0x5C, 0x24, 0x76, 0x50, 0xA0, 0xCD, 0x9E, 0x3D, 0x78, 0x50, 0x77, 0xB6,
    0x36, 0xFC, 0x4A, 0x3B, 0xED, 0x83, 0xCE, 0x75, 0x6B, 0x2E, 0x29, 0xE2, 0x49, 0x0A, 0xCC, 0x92,
    0xAB, 0x55, 0x4C, 0xA7, 0x56, 0x6F, 0xF5, 0x35, 0xBE, 0xB6, 0x52, 0xA0, 0x54, 0x18, 0xFC, 0x0F,
    0x0A, 0x63, 0xA8, 0x59, 0x61, 0xE2, 0x5C, 0x4D, 0x78, 0x92, 0x2D, 0xDC, 0x9D, 0xFE, 0x98, 0xCB,
    0x31, 0x01, 0x82, 0x55, 0x18, 0xF8, 0x15, 0xCA, 0x80, 0xF8, 0xC4, 0xEF, 0xC1, 0xD4, 0x06, 0xC1,
    0x8D, 0xF2, 0x4D, 0xDE, 0x85, 0x45, 0x27, 0x67, 0x6A, 0xB0, 0xCD, 0xAB, 0x14, 0x9B, 0xA7, 0x51,
    0x38, 0xCE, 0x7F, 0xC5, 0xC8, 0x74, 0xFC, 0x47, 0xA8, 0x2A, 0xEE, 0x37, 0x2D, 0xB1, 0x51, 0x84,
    0x82, 0xCC, 0xC4, 0x3B, 0x7E, 0x89, 0x10, 0x9F, 0xB2, 0x6A, 0x98, 0x25, 0xC2, 0xFB, 0x77, 0x12,
    0xC0, 0x16, 0x7E, 0xFB, 0x03, 0x5C, 0xBD, 0xA3, 0x5A, 0xC6, 0xF3, 0x6D, 0xED, 0xB2, 0x0D, 0xBF,
    0xC7, 0x4A, 0x63, 0xE8, 0x6B, 0xEB, 0x24, 0xF9, 0xDD, 0x1A, 0x7C, 0xC6, 0x3E, 0x9E, 0x19, 0x79,
    0x06, 0x3E, 0xED, 0x0F, 0xE5, 0xCD, 0x5B, 0x61, 0xF6, 0xB6, 0xA5, 0xC7, 0x47, 0xA2, 0x4E, 0xAC,
    0xFC, 0xD0, 0x40, 0xD2, 0x0B, 0x2A, 0x24, 0x0C, 0xED, 0x8A, 0x09, 0x31, 0x7B, 0xFC, 0x53, 0xAD,
    0x7B, 0x5A, 0x19, 0xF2, 0x83, 0xE6, 0x85, 0x61, 0x97, 0xFC, 0x91, 0xCA, 0xAC, 0xDF, 0x74, 0x4A,
    0x02, 0x67, 0x24, 0x39, 0x6C, 0x7B, 0x02, 0x63, 0xE2, 0x16, 0x8F, 0x55, 0xC9, 0x22, 0xFC, 0x56,
    0xD5, 0x2F, 0xC2, 0x51, 0x39, 0x57, 0xAB, 0xD9, 0xCC, 0x0B, 0x0F, 0x8A, 0x73, 0xA9, 0xD8, 0x6A,
    0x66, 0x7E, 0xB8, 0xFD, 0xBE, 0x30, 0x7D, 0xFF, 0x92, 0xB9, 0x7B, 0xC9, 0x7D, 0x65, 0x86, 0xA4,
    0xB3, 0x41, 0x7D, 0x5A, 0xF2, 0x2E, 0x51, 0x00, 0x16, 0x86, 0xCF, 0x41, 0x21, 0x39, 0x53, 0x87,
    0xF1, 0xCA, 0x46, 0x6F, 0x52, 0x7D, 0x88, 0x52, 0xFE, 0x90, 0x67, 0x1C, 0x8E, 0xE2, 0x3A, 0x6F,
    0x45, 0x0A, 0x7E, 0xBD, 0x4F, 0x2D, 0x11, 0xA0, 0x0E, 0xB0, 0x7A, 0xCB, 0x4E, 0x2A, 0xA0, 0x5C,
    0x60, 0x29, 0x53, 0x75, 0x29, 0x22, 0x7F, 0x24, 0x9A, 0xDC, 0x5F, 0xBF, 0x32, 0x6D, 0x6A, 0xC3,
    0x5F, 0xBC, 0x4A, 0x67, 0x57, 0x08, 0x3A, 0x12, 0xD3, 0xF1, 0x22, 0xCE, 0xAA, 0xD7, 0xCD, 0x28,
    0x0E, 0x2F, 0x8C, 0x1F, 0xEF, 0x76, 0x66, 0xA0, 0x78, 0x7E, 0x13, 0xF2, 0x28, 0x73, 0x7E, 0x2E,
    0xE4, 0xDA, 0x54, 0x2E, 0x4D, 0x5D, 0xBB, 0x72, 0x38, 0xCF, 0x30, 0x8A, 0x06, 0xC7, 0x0F, 0xB4,
    0xBE, 0x1A, 0xC3, 0xF3, 0xE3, 0xAD, 0x4B, 0x45, 0xAD, 0x52, 0xD5, 0x27, 0x40, 0xEF, 0x27, 0x43,
    0x38, 0xF5, 0x27, 0x9C, 0xFB, 0x13, 0x4E, 0xFE, 0x09, 0x67, 0xFF, 0xA4, 0x1A, 0x0F, 0x70, 0xF8,
    0x9C, 0xF8, 0x3F, 0xA5, 0x95, 0x01, 0x84, 0x26, 0xD9, 0x11, 0xC7, 0x7F, 0xDD, 0x3D, 0xB3, 0x7D,
    0xD9, 0xE6, 0x7A, 0x30, 0x1F, 0x67, 0x2F, 0xD1, 0x87, 0xC1, 0x19, 0x19, 0x0D, 0x07, 0x98, 0x6F,
    0xDE, 0x0B, 0x02, 0x4E, 0xE4, 0xC3, 0x8C, 0x90, 0xC3, 0x1E, 0x16, 0xB2, 0xC4, 0x0A, 0xC8, 0x1C,
    0xB3, 0xF3, 0xFA, 0x82, 0x04, 0x90, 0x8F, 0x03, 0x1C, 0x04, 0x83, 0xB9, 0x0F, 0xEE, 0x10, 0x2C,
    0x76, 0xAE, 0x9F, 0x1C, 0x0E, 0xE0, 0x5D, 0xCE, 0x09, 0x88, 0xEB, 0x9C, 0x0D, 0x91, 0xE0, 0x3A,
    0xD2, 0x27, 0xBD, 0xAB, 0xBB, 0x2B, 0xFD, 0xBE, 0xF9, 0x66, 0x77, 0x67, 0x76, 0x6F, 0x1D, 0xF9,
    0x57, 0x55, 0xD7, 0x9B, 0x9A, 0xEA, 0xAA, 0xEF, 0xF5, 0xAB, 0xAA, 0xB7, 0x38, 0x41, 0x75, 0xA4,
    0x42, 0x28, 0x16, 0x53, 0x91, 0x35, 0x04, 0x33, 0x6E, 0x9F, 0x22, 0x75, 0x24, 0x36, 0x19, 0xC8,
    0x1B, 0x8C, 0x63, 0x02, 0x6C, 0x9F, 0x82, 0x0C, 0x84, 0x22, 0x3A, 0x19, 0xC4, 0x65, 0x4D, 0x5E,
    0x1B, 0x97, 0x74, 0x13, 0xD8, 0x67, 0x83, 0x49, 0x24, 0xFA, 0x38, 0x95, 0x87, 0x43, 0x2E, 0xD2,
    0xA9, 0xF7, 0xA5, 0x3D, 0xA6, 0x74, 0x9B, 0xAC, 0x31, 0x39, 0x38, 0xD0, 0x4A, 0xC4, 0x5E, 0x88,
    0xFF, 0xFB, 0xF6, 0x62, 0xF1, 0x81, 0x3C, 0x85, 0xD1, 0xB6, 0x7F, 0x46, 0xD8, 0x96, 0xC4, 0x8D,
    0x7A, 0x54, 0xD6, 0xB9, 0x88, 0x4B, 0x45, 0x74, 0x20, 0x2D, 0x04, 0xB0, 0x3E, 0xCB, 0x5B, 0xD5,
    0x79, 0x4A, 0x2A, 0x00, 0x65, 0x95, 0x2D, 0x9D, 0xA9, 0x4A, 0x57, 0x56, 0xC6, 0x1A, 0x77, 0x43,
    0xDF, 0xD0, 0x40, 0xD9, 0x52, 0xCA, 0xC8, 0x1A, 0x29, 0x46, 0x0E, 0x84, 0xB4, 0x27, 0xAD, 0xB8,
    0x3E, 0xF7, 0x9B, 0xCA, 0x06, 0x8C, 0x14, 0x1F, 0x67, 0xB6, 0x4B, 0xDC, 0xC8, 0x1F, 0xDF, 0xB1,
    0x4A, 0x8A, 0xAC, 0x07, 0x4D, 0xB0, 0xF8, 0xED, 0x82, 0x48, 0x7E, 0x3A, 0x90, 0xF6, 0x59, 0x4B,
    0xD6, 0xA8, 0x0A, 0xE5, 0x7C, 0x9C, 0xA0, 0x87, 0x7D, 0x66, 0x70, 0x5B, 0xB3, 0x40, 0xD5, 0xB1,
    0x77, 0xC9, 0x5B, 0x22, 0x91, 0x8A, 0x40, 0xC4, 0x82, 0x11, 0x60, 0xB2, 0x0F, 0xB2, 0xC4, 0x42,
    0xFD, 0xA6, 0xBB, 0xC2, 0xDB, 0x3F, 0x3A, 0xDD, 0xFE, 0xC3, 0xA2, 0x40, 0x35, 0xA6, 0x26, 0xED,
    0xF2, 0x86, 0x68, 0x48, 0x3A, 0x90, 0xB0, 0x07, 0x65, 0x4B, 0x58, 0xD7, 0xEB, 0x90, 0x6B, 0x30,
    0x3E, 0xA0, 0xE3, 0xBE, 0xFA, 0xB4, 0x3A, 0xFE, 0x5E, 0xE2, 0x94, 0xCE, 0x6D, 0x2E, 0x52, 0xA4,
    0xCB, 0x0F, 0xDF, 0xC0, 0x3A, 0x90, 0x3F, 0x24, 0x1C, 0x6D, 0x89, 0x48, 0x9D, 0x89, 0x34, 0xCA,
    0x45, 0x9D, 0x82, 0xE5, 0x41, 0x04, 0x7D, 0xD4, 0xC7, 0x5D, 0xD2, 0xA5, 0x6D, 0xD6, 0xA8, 0x46,
    0xD5, 0xA6, 0x9E, 0xCC, 0x92, 0x3E, 0xED, 0xD3, 0x2E, 0x1B, 0xD3, 0xE6, 0xB5, 0xAA, 0x94, 0x35,
    0x76, 0x82, 0xA9, 0x4C, 0xAD, 0xEA, 0xBC, 0xC9, 0xDA, 0x74, 0xF4, 0x8E, 0xBA, 0xA8, 0x67, 0xFF,
    0x79, 0x7E, 0xDB, 0x1F, 0x90, 0x0A, 0x91, 0x58, 0xCA, 0x8A, 0xBC, 0x25, 0xF6, 0x9F, 0xC3, 0x5B,
    0xA5, 0x0D, 0xC5, 0xC5, 0x42, 0xDA, 0xA1, 0x2A, 0x26, 0xC0, 0x94, 0xE9, 0xF6, 0x99, 0xE9, 0xB7,
    0x7B, 0xBF, 0x82, 0xA3, 0x91, 0x8E, 0x4F, 0x4D, 0x6F, 0x4E, 0xFD, 0x0A, 0xB6, 0x17, 0x73, 0x23,
    0xF5, 0xC8, 0x84, 0xCF, 0x70, 0x30, 0x67, 0x31, 0x47, 0xAA, 0x40, 0x5C, 0x28, 0x36, 0x16, 0x6D,
    0x04, 0xD3, 0x61, 0x1C, 0xB7, 0x00, 0x9D, 0xB8, 0xDC, 0x29, 0x7D, 0xCC, 0x1E, 0xAA, 0xC8, 0xDC,
    0x35, 0x07, 0x91, 0xF5, 0xF4, 0xD6, 0xDF, 0x45, 0xCA, 0x01, 0x64, 0x44, 0xEC, 0xBC, 0xE5, 0x9C,
    0x7E, 0xF6, 0x85, 0xB7, 0xF8, 0x55, 0x58, 0x4C, 0x7C, 0xF1, 0xF9, 0x83, 0xA6, 0xB4, 0x57, 0x38,
    0x10, 0x6B, 0xA4, 0x30, 0xA2, 0xCD, 0xB2, 0xCA, 0xA5, 0x78, 0x86, 0x9D, 0xAF, 0xA5, 0xD1, 0x21,
    0x17, 0x1D, 0x0F, 0x5C, 0xD3, 0xA6, 0x2E, 0x1B, 0x69, 0xCA, 0x3A, 0x2F, 0xBE, 0xAD, 0x08, 0x5F,
    0x5C, 0x66, 0xD7, 0x4F, 0xD3, 0x2E, 0x6B, 0xB3, 0x3A, 0x77, 0xCA, 0x4E, 0x88, 0x1A, 0xE2, 0x86,
    0x44, 0xA0, 0xB4, 0x28, 0xBB, 0x61, 0x46, 0xC7, 0x91, 0x75, 0xDE, 0x12, 0xCC, 0xE3, 0x3A, 0xB3,
    0xAA, 0x28, 0x29, 0x75, 0xF9, 0x4F, 0x23, 0xB9, 0x84, 0xAB, 0x7E, 0x59, 0x00, 0x94, 0x22, 0x95,
    0x97, 0xFB, 0x44, 0x97, 0x04, 0xE0, 0xF5, 0xB0, 0x78, 0x7D, 0x37, 0xB2, 0xBB, 0xF9, 0xCD, 0x6F,
    0xDA, 0x54, 0xA4, 0x0E, 0x4E, 0x6E, 0xE8, 0xDB, 0x05, 0x0B, 0x9D, 0x3F, 0x55, 0xBB, 0x65, 0x0D,
    0x97, 0x6A, 0xF7, 0x52, 0x77, 0xC7, 0xBE, 0xBB, 0xDB, 0xBC, 0x31, 0x2E, 0x5E, 0x16, 0x95, 0x82,
    0x4E, 0x15, 0x61, 0x97, 0x3F, 0x2A, 0x97, 0x21, 0x23, 0xFF, 0x6A, 0x39, 0x40, 0xA0, 0x5F, 0x58,
    0x8C, 0xCC, 0xD8, 0x8C, 0x45, 0xDF, 0xCD, 0xE4, 0x51, 0xAF, 0x44, 0x3A, 0xF3, 0xBE, 0x34, 0x77,
    0x5F, 0x3C, 0x15, 0x16, 0x73, 0x19, 0x51, 0x97, 0x22, 0x52, 0x01, 0xC8, 0x0A, 0x07, 0x23, 0xF0,
    0xB8, 0x6A, 0xDB, 0x5C, 0x0E, 0x1E, 0xF5, 0xF4, 0xE0, 0x51, 0xCB, 0x14, 0xF0, 0xBC, 0x21, 0xC3,
    0x39, 0x4A, 0xF1, 0x18, 0x2E, 0x2B, 0x9F, 0x7E, 0x7C, 0x05, 0x02, 0x20, 0xD5, 0x50, 0x5A, 0x62,
    0x71, 0x18, 0xD1, 0xA1, 0xB4, 0x64, 0x7E, 0xD9, 0x83, 0xAA, 0xCE, 0xFF, 0xBB, 0xC6, 0x12, 0xBF,
    0x00, 0x7A, 0x08, 0x3B, 0x88, 0x5A, 0x88, 0x1B, 0x48, 0x6A, 0x48, 0x1D, 0xE4, 0x16, 0x54, 0x01,
    0xC6, 0xC7, 0x02, 0x06, 0x08, 0xAE, 0xBA, 0x55, 0x90, 0x79, 0x37, 0x2F, 0x57, 0xDC, 0xBC, 0xBC,
    0xC0, 0xCD, 0x63, 0x83, 0x63, 0x4C, 0x91, 0xD9, 0xC4, 0x25, 0x36, 0xB7, 0x46, 0xBF, 0x83, 0xC7,
    0xD5, 0xB2, 0xB8, 0x28, 0x17, 0x00, 0x7F, 0x0E, 0x5E, 0x76, 0x61, 0xF7, 0x42, 0xA6, 0x07, 0x07,
    0x47, 0xDE, 0xB6, 0xBD, 0x58, 0x9C, 0x8E, 0xE5, 0x52, 0xF8, 0x33, 0xCE, 0x93, 0xFA, 0x9E, 0x2F,
    0x23, 0x5F, 0x4E, 0xB0, 0xF5, 0xCA, 0xD9, 0xB1, 0xEA, 0xD2, 0x3A, 0x6B, 0x4C, 0x7F, 0x34, 0xDD,
    0x58, 0x43, 0x67, 0x4E, 0x15, 0x77, 0x99, 0x92, 0x93, 0xDA, 0xD8, 0xC6, 0x6E, 0xCC, 0xCE, 0x06,
    0xDF, 0xE5, 0xC8, 0xC6, 0xE1, 0x91, 0x9D, 0x8F, 0x14, 0xA9, 0xC8, 0x1B, 0xE2, 0x6E, 0x35, 0x52,
    0xCA, 0x36, 0xF0, 0x23, 0x45, 0x3F, 0x19, 0x29, 0x8F, 0x6F, 0x95, 0x47, 0xFD, 0xEA, 0x70, 0x9B,
    0x8B, 0x5B, 0x05, 0x3F, 0xC2, 0x9A, 0x3B, 0x6D, 0xDC, 0xC6, 0x75, 0xEA, 0x02, 0x56, 0x90, 0x1A,
    0xF5, 0xAE, 0x7C, 0xDE, 0x95, 0x7F, 0x92, 0xDF, 0x0D, 0xF2, 0xB9, 0x24, 0x43, 0xF9, 0x49, 0x1F,
    0xF7, 0x37, 0xE2, 0x2E, 0x38, 0x21, 0x98, 0x01, 0x94, 0x76, 0x49, 0x0F, 0x8C, 0xBF, 0x4D, 0xDA,
    0x71, 0xCF, 0x8B, 0x42, 0x89, 0xAF, 0xC2, 0xC5, 0xE2, 0x43, 0x3B, 0x85, 0xF8, 0xA9, 0xC7, 0x2E,
    0x44, 0xF6, 0xBB, 0x6C, 0xEA, 0xB9, 0x33, 0xDF, 0xF4, 0xE3, 0x38, 0x3C, 0x63, 0xBA, 0xA2, 0xA0,
    0x20, 0x78, 0xEF, 0x6F, 0xF3, 0x4C, 0x3E, 0xA9, 0x94, 0xFC, 0xCB, 0x9D, 0x29, 0xB1, 0xED, 0xB1,
    0x30, 0xBB, 0x07, 0xBC, 0xC6, 0x79, 0x37, 0xA5, 0x35, 0x64, 0xCD, 0xB9, 0x4E, 0x2A, 0x82, 0x13,
    0xEE, 0x25, 0xF2, 0x6E, 0xEB, 0x3B, 0x2B, 0xFF, 0x5A, 0x6A, 0x15, 0x88, 0x9D, 0x04, 0x07, 0xCF,
    0xF8, 0xAD, 0xA0, 0x93, 0x3E, 0x72, 0xB9, 0x7C, 0x6D, 0xD5, 0x1D, 0x29, 0x8E, 0xC2, 0x01, 0x8F,
    0xB8, 0xF5, 0xB6, 0xF7, 0xAD, 0x2A, 0x47, 0x5B, 0x2C, 0x6C, 0xAE, 0xCE, 0x29, 0xB0, 0x6F, 0x90,
    0x7C, 0x71, 0x8C, 0x12, 0x59, 0x5E, 0x31, 0xCB, 0x2D, 0x17, 0xAF, 0x71, 0x8E, 0xB0, 0x88, 0xAB,
    0xAC, 0x7D, 0xF5, 0x1F, 0x91, 0x3B, 0x27, 0xD3, 0x44, 0x62, 0xB3, 0x7E, 0xA5, 0xDE, 0x99, 0x71,
    0xC0, 0xFA, 0x2F, 0x0F, 0xF1, 0xD8, 0x19, 0xD5, 0xE6, 0x52, 0xBD, 0xBC, 0xFB, 0x11, 0x3B, 0xF0,
    0xF2, 0xE6, 0x47, 0x40, 0x64, 0x3D, 0x13, 0x16, 0x9E, 0x79, 0x09, 0xD8, 0x62, 0xE3, 0x07, 0xC0,
    0xE1, 0xDA, 0xE1, 0x1A, 0xB0, 0xB1, 0x73, 0xB8, 0x01, 0xAC, 0xED, 0x1C, 0xEE, 0xFA, 0x20, 0x3B,
    0x87, 0x5B, 0xC0, 0x2B, 0x3B, 0xAB, 0x98, 0x5B, 0x4B, 0xCF, 0x57, 0xF0, 0xEA, 0x0D, 0x08, 0xB4,
    0xE7, 0x8B, 0x98, 0xC1, 0x4F, 0xF8, 0x95, 0x66, 0x95, 0xEF, 0x10, 0x5E, 0x67, 0xA9, 0x78, 0xA2,
    0x2E, 0xFF, 0xDC, 0x0D, 0xF6, 0xC8, 0x1F, 0x84, 0x5D, 0xD0, 0x65, 0xAD, 0xD2, 0x3E, 0x4F, 0x52,
    0xA8, 0xA2, 0xD4, 0x1D, 0x1D, 0x83, 0x6F, 0xA0, 0x22, 0xD0, 0x94, 0x0F, 0x88, 0x65, 0x20, 0x13,
    0xD1, 0xCA, 0x19, 0x6B, 0x48, 0xDC, 0x59, 0xFE, 0x69, 0xB5, 0x69, 0x3E, 0xD3, 0x18, 0x07, 0xCA,
    0xE2, 0xB1, 0xB9, 0x31, 0x3D, 0xBA, 0x68, 0x85, 0x1F, 0xEE, 0x02, 0x6B, 0x1C, 0xBD, 0xDA, 0x2A,
    0x7F, 0x53, 0xD7, 0x61, 0xC7, 0xF7, 0x37, 0x98, 0xA2, 0xAA, 0x78, 0x95, 0xEB, 0x0D, 0x34, 0xD0,
    0xA2, 0x28, 0x0B, 0xA5, 0x93, 0xA6, 0x2C, 0xE2, 0xE6, 0xBF, 0x36, 0xFF, 0xF7, 0x7F, 0xDC, 0x10,
    0x7D, 0x56, 0x57, 0x91, 0xAD, 0xA1, 0x45, 0x28, 0x75, 0x56, 0x64, 0x85, 0x29, 0x84, 0x8E, 0x19,
    0xD7, 0xB4, 0xAA, 0x4D, 0x6B, 0x5A, 0xD5, 0x64, 0x55, 0x58, 0x44, 0xF6, 0xD7, 0x7F, 0x2D, 0x87,
    0x9B, 0xDF, 0x64, 0xCD, 0xDE, 0xFD, 0x97, 0x5E, 0xBB, 0xD6, 0xE6, 0x73, 0x5F, 0x0E, 0xD3, 0xA4,
    0x3A, 0xF2, 0x0D, 0xEA, 0xC5, 0xAF, 0xBD, 0x2D, 0x6E, 0x73, 0xB7, 0xC6, 0x0E, 0xBB, 0xA8, 0xDE,
    0x74, 0xA3, 0x3A, 0xE4, 0xED, 0x03, 0x3C, 0xD6, 0x67, 0xC6, 0x02, 0x28, 0xA7, 0x5A, 0x20, 0x90,
    0x22, 0x95, 0x39, 0xDC, 0x11, 0x22, 0x91, 0x47, 0x22, 0xDD, 0x6A, 0x26, 0x3A, 0x48, 0x46, 0x35,
    0x00, 0xBC, 0x2A, 0x83, 0x86, 0xFF, 0xF7, 0xFD, 0xC9, 0xC1, 0x88, 0x7D, 0x23, 0x23, 0xFA, 0xF3,
    0x27, 0xC0, 0xB7, 0xDA, 0x57, 0xB7, 0x51, 0x30, 0xF7, 0x71, 0x35, 0x49, 0x95, 0xC9, 0x88, 0x45,
    0xE9, 0x94, 0x2C, 0x61, 0xCD, 0xFC, 0xE7, 0x5E, 0x73, 0x06, 0xC1, 0x87, 0xD2, 0xF2, 0x04, 0xD7,
    0xFC, 0xEC, 0x86, 0x50, 0x44, 0x1E, 0x02, 0xCB, 0x17, 0x1C, 0xA1, 0x78, 0xB4, 0x24, 0xF2, 0x80,
    0xA0, 0x1C, 0xC8, 0x5A, 0xEF, 0x2A, 0x85, 0x72, 0x00, 0xC6, 0xDE, 0xC6, 0xE3, 0xFA, 0x9C, 0x4B,
    0xD8, 0x5A, 0xE9, 0x3D, 0xB6, 0x17, 0x1E, 0xA5, 0x5D, 0xE5, 0xAF, 0x57, 0xBA, 0x62, 0x09, 0xA5,
    0x59, 0x62, 0xF7, 0xF1, 0x40, 0x0E, 0x3E, 0x20, 0x95, 0x62, 0x3D, 0xB1, 0xBC, 0x65, 0x53, 0xB1,
    0x2A, 0xB6, 0x7B, 0x89, 0xBF, 0xD8, 0x93, 0xAF, 0x6C, 0x30, 0x27, 0x1F, 0xB8, 0x9B, 0xE9, 0xB3,
    0x9B, 0x85, 0x48, 0xD1, 0xC1, 0x19, 0x28, 0x21, 0x1E, 0xB8, 0xD5, 0xBE, 0xBD, 0xDF, 0x9E, 0xE3,
    0x8F, 0xC1, 0x89, 0x8F, 0x90, 0xBF, 0xE9, 0xF6, 0xA2, 0x6A, 0x2F, 0xAA, 0x47, 0xCE, 0x63, 0x97,
    0x8A, 0x0D, 0x7B, 0xF6, 0xD7, 0x75, 0x9B, 0x16, 0x4F, 0x73, 0x97, 0x15, 0xE5, 0xE8, 0xFC, 0x17,
    0xBD, 0xCC, 0x4B, 0xFE, 0x63, 0xF6, 0x60, 0x8A, 0x7F, 0xAA, 0x80, 0x4C, 0x08, 0x7B, 0x08, 0xE7,
    0x44, 0xD5, 0xC8, 0xC1, 0x7B, 0x55, 0x2A, 0x95, 0x7A, 0x6B, 0x0C, 0x5B, 0x4D, 0x23, 0xFF, 0x54,
    0x71, 0x95, 0x49, 0x15, 0x7F, 0xE5, 0x4E, 0xA0, 0x3D, 0xE7, 0x5B, 0x88, 0x30, 0xE4, 0x45, 0x77,
    0x39, 0xD1, 0xBD, 0xA4, 0x98, 0xDD, 0xBA, 0xAE, 0x4B, 0x29, 0xEB, 0x8F, 0x6F, 0xFE, 0xB9, 0xB9,
    0x9F, 0xDA, 0x51, 0x8A, 0x4B, 0x72, 0x98, 0xE8, 0x66, 0x73, 0x6B, 0xDA, 0xA9, 0x07, 0x7B, 0x4C,
    0x1F, 0x13, 0xA4, 0xE4, 0xB3, 0xB2, 0xC9, 0xB9, 0xA0, 0xAC, 0x8D, 0x9B, 0x4D, 0x66, 0x7E, 0x63,
    0x91, 0x4B, 0xDF, 0xB4, 0xE9, 0xEF, 0x8B, 0xF8, 0x4B, 0xA2, 0x81, 0xA0, 0x83, 0x7B, 0x4C, 0x82,
    0x59, 0x9E, 0xD8, 0xF4, 0x4B, 0x3D, 0x5A, 0xC2, 0xCE, 0xDB, 0xC7, 0xF5, 0x68, 0x99, 0x86, 0xD5,
    0xFF, 0x00, 0xDC, 0x9B, 0x3F, 0xAC, 0xE4, 0xD6, 0x75, 0xFF, 0x2F, 0x67, 0xB4, 0x3B, 0x80, 0x07,
    0x30, 0xDD, 0xF8, 0xF7, 0x03, 0xA2, 0x82, 0xAE, 0x9D, 0x82, 0x7D, 0x45, 0x3A, 0x01, 0xE2, 0x22,
    0x45, 0xB6, 0xD0, 0xC8, 0x08, 0x54, 0x6C, 0x95, 0x46, 0x2E, 0xB6, 0x4D, 0x93, 0x70, 0x94, 0x20,
    0x48, 0xE9, 0x0D, 0x10, 0x21, 0x65, 0x54, 0xC8, 0x80, 0x33, 0x5B, 0xBC, 0x26, 0x45, 0x5C, 0x91,
    0x92, 0x0A, 0x17, 0x29, 0x44, 0x41, 0x08, 0x52, 0xA8, 0x10, 0x9D, 0x48, 0x36, 0xAC, 0x14, 0xA2,
    0x65, 0xAE, 0xC1, 0xF7, 0x44, 0xF2, 0x9B, 0xF3, 0xC1, 0x21, 0x07, 0xB3, 0x4F, 0xEF, 0xAD, 0x76,
    0x57, 0xEB, 0x95, 0x37, 0xDC, 0x99, 0xCF, 0xF7, 0xBC, 0xE1, 0xBD, 0x97, 0xF7, 0x9E, 0xFB, 0x97,
    0x97, 0xDC, 0x6F, 0x1C, 0x42, 0xD8, 0xA8, 0x0A, 0x91, 0xEA, 0x10, 0x8A, 0x36, 0x84, 0x78, 0x08,
    0x61, 0x3D, 0x85, 0x10, 0x5E, 0x0A, 0x1C, 0xA5, 0x34, 0xE9, 0xF2, 0x61, 0xC1, 0xAE, 0xFC, 0x4A,
    0xE3, 0x03, 0xDF, 0xFB, 0xBB, 0x97, 0xAE, 0x0D, 0x7B, 0x45, 0xBA, 0x5C, 0x6F, 0xDB, 0x6E, 0xDB,
    0xB8, 0x4F, 0xFA, 0x64, 0x48, 0x7B, 0x94, 0xBF, 0xF9, 0xFD, 0x59, 0xE7, 0xE5, 0xBB, 0x07, 0x3B,
    0xF6, 0xA1, 0xC0, 0xBE, 0x2C, 0x99, 0x4B, 0x58, 0x83, 0x2F, 0x93, 0xBF, 0x3B, 0xE4, 0x88, 0x34,
    0xB8, 0x28, 0x77, 0xA9, 0x5D, 0x5A, 0x93, 0x8F, 0x56, 0xEA, 0x88, 0x10, 0x8A, 0x1E, 0x09, 0xD9,
    0x70, 0xBD, 0x14, 0x03, 0x12, 0x89, 0x90, 0xAF, 0x49, 0xAD, 0x4B, 0xE3, 0xB2, 0x47, 0x34, 0x06,
    0x8E, 0x5D, 0x6E, 0xA0, 0x76, 0x43, 0xC6, 0x0F, 0x45, 0x67, 0x50, 0x45, 0x1E, 0xF0, 0xF2, 0x60,
    0x88, 0x6E, 0x05, 0x3F, 0x0A, 0x8A, 0x53, 0x1A, 0xAA, 0xCB, 0xC0, 0xF5, 0xCF, 0x0C, 0xCB, 0x91,
    0xEA, 0x3C, 0x84, 0x95, 0x28, 0x55, 0x22, 0x8A, 0x48, 0x5E, 0xEA, 0x48, 0xFA, 0x44, 0xD5, 0x5A,
    0x5D, 0xD8, 0xE4, 0x5B, 0x0A, 0x12, 0x62, 0xE5, 0xC6, 0x44, 0x81, 0x38, 0x94, 0x11, 0x1F, 0x41,
    0x49, 0x1D, 0x54, 0xFF, 0x20, 0xA7, 0xC3, 0xE1, 0x4D, 0xC2, 0x1C, 0xC3, 0x27, 0x13, 0x8C, 0xE5,
    0x24, 0xCD, 0x8D, 0xC5, 0x8C, 0xF6, 0x2B, 0xE9, 0xF5, 0xB3, 0x2A, 0x08, 0x1F, 0x10, 0xD9, 0xB8,
    0x85, 0x34, 0x41, 0xA2, 0x44, 0xBB, 0x30, 0x1F, 0x2F, 0xAA, 0x0F, 0x11, 0xD9, 0xDB, 0x90, 0xDF,
    0x98, 0x40, 0xA9, 0x0E, 0xAA, 0xEC, 0x2A, 0xDB, 0x3C, 0xEB, 0xC9, 0x4D, 0x07, 0x06, 0x40, 0xD4,
    0x54, 0x35, 0xD7, 0x1A, 0xA9, 0x08, 0x4C, 0x69, 0xE0, 0x47, 0x51, 0x62, 0x55, 0x98, 0x35, 0xA7,
    0xF0, 0x87, 0x40, 0xE9, 0xF8, 0x4B, 0xFE, 0x2C, 0x3E, 0x7E, 0x45, 0x75, 0xC1, 0x35, 0x40, 0x6E,
    0xB0, 0xAB, 0x88, 0x08, 0x37, 0xAC, 0x2A, 0xCB, 0x46, 0xED, 0xE3, 0xFF, 0x4B, 0x5E, 0xEB, 0xB3,
    0xF7, 0xA7, 0xE2, 0xBF, 0xF9, 0x64, 0x6F, 0x8F, 0x37, 0xC2, 0xDC, 0x28, 0x22, 0x55, 0xAB, 0xA7,
    0xFA, 0x09, 0x1B, 0x85, 0xB0, 0x7D, 0x46, 0xDF, 0x98, 0xEF, 0x14, 0x68, 0xFA, 0x38, 0x89, 0xDA,
    0xA7, 0x21, 0xD1, 0x43, 0xEE, 0x7C, 0x14, 0x08, 0x23, 0x4D, 0xA6, 0x84, 0xB4, 0xE3, 0x51, 0xAC,
    0x21, 0xC4, 0x8F, 0x6C, 0x1D, 0x6E, 0x2D, 0x16, 0x57, 0x0C, 0x89, 0x5B, 0xDD, 0xD1, 0x1A, 0x8F,
    0x96, 0xCC, 0xEA, 0x89, 0x5B, 0x28, 0x0F, 0x29, 0x56, 0xA0, 0x71, 0xBB, 0xB5, 0xC6, 0xEA, 0x16,
    0x2B, 0xC3, 0x0A, 0x2B, 0xB7, 0x96, 0xDF, 0x5A, 0x2C, 0xC6, 0xEF, 0x12, 0x2B, 0x24, 0xDA, 0xDF,
    0x53, 0x63, 0xD6, 0x3D, 0x29, 0x48, 0xB5, 0x59, 0x14, 0x94, 0x96, 0x85, 0x85, 0x17, 0x28, 0x14,
    0x67, 0x34, 0x60, 0xD1, 0xD5, 0x6E, 0xE4, 0x61, 0x3E, 0x8A, 0x96, 0x66, 0x34, 0xB7, 0x3A, 0xB5,
    0x4F, 0xD3, 0xB8, 0x38, 0x1C, 0x74, 0xF1, 0x2F, 0x39, 0x7D, 0x99, 0xA3, 0x5F, 0x0C, 0xED, 0x17,
    0xA3, 0x59, 0x8C, 0xD6, 0x63, 0xAD, 0xD4, 0xBB, 0x11, 0x8A, 0x61, 0x36, 0xB2, 0xC5, 0x48, 0x2F,
    0x1B, 0xC7, 0x53, 0x91, 0xDC, 0xB8, 0x28, 0xD5, 0x61, 0x1C, 0x13, 0xC4, 0xA8, 0x66, 0x63, 0x0A,
    0xB3, 0x71, 0xD7, 0xC7, 0xF2, 0xFC, 0x29, 0x8C, 0xF3, 0xAF, 0xED, 0x72, 0x44, 0xEA, 0xAF, 0x1D,
    0xE7, 0x3F, 0xDE, 0xCC, 0xE3, 0x7C, 0x39, 0x8F, 0xF3, 0x5F, 0x59, 0xC2, 0xEA, 0xB0, 0x3F, 0x8E,
    0x84, 0xE9, 0xE8, 0x75, 0x08, 0x55, 0x19, 0x56, 0x93, 0x61, 0x99, 0xC8, 0xFD, 0x1C, 0xF3, 0x7C,
    0x49, 0x5E, 0x70, 0xC5, 0x56, 0xB9, 0x31, 0xC1, 0x1B, 0xE6, 0x3F, 0x58, 0x76, 0xC6, 0x48, 0x8D,
    0xD1, 0x82, 0x18, 0xB7, 0x0A, 0xC6, 0x64, 0x32, 0xDE, 0x2F, 0x06, 0x23, 0x25, 0x81, 0xCD, 0x09,
    0x3B, 0xCE, 0x96, 0x03, 0x21, 0x53, 0x41, 0xCB, 0x8F, 0xD1, 0x9B, 0xE5, 0x4A, 0xAD, 0x31, 0xA8,
    0x83, 0xC5, 0x00, 0x53, 0x41, 0x0B, 0x64, 0xB4, 0x40, 0xE4, 0x67, 0xAE, 0xA3, 0xCE, 0x66, 0x2C,
    0x8A, 0x42, 0x54, 0x3B, 0xD4, 0xC0, 0xAC, 0x83, 0xDB, 0x01, 0xAE, 0x04, 0xC3, 0xEE, 0xB4, 0xC5,
    0x52, 0xE3, 0x76, 0x02, 0xAE, 0x05, 0xB7, 0x82, 0xB1, 0x60, 0x2A, 0x98, 0x09, 0x96, 0x9F, 0x42,
    0x7D, 0x68, 0x5C, 0xE9, 0xB6, 0x71, 0xAD, 0xC4, 0xB8, 0x1D, 0x61, 0x3C, 0xC0, 0xB4, 0x4B, 0x8D,
    0x59, 0x0B, 0xCB, 0x1A, 0xAA, 0x32, 0x7E, 0xA6, 0xDC, 0xF8, 0x1B, 0x05, 0xE3, 0xE7, 0x03, 0x54,
    0x0F, 0xD5, 0x42, 0x35, 0x50, 0x15, 0xD4, 0x1E, 0x2A, 0xC0, 0x09, 0x1E, 0x67, 0x35, 0xBB, 0xA6,
    0x49, 0xD2, 0xAF, 0x91, 0x78, 0xBA, 0x3D, 0x51, 0x4E, 0x89, 0x00, 0x11, 0x5E, 0x25, 0xCC, 0x94,
    0x87, 0x4B, 0x07, 0xF3, 0xF6, 0x56, 0x54, 0x0F, 0x03, 0x5A, 0xBA, 0x8C, 0x1C, 0x81, 0x5F, 0xB6,
    0x88, 0xB7, 0x28, 0xAF, 0x53, 0x1C, 0x16, 0x31, 0x55, 0x56, 0xDE, 0x81, 0xF6, 0x38, 0x88, 0xEB,
    0x85, 0xAC, 0xDF, 0x20, 0xC9, 0x10, 0x8F, 0x5C, 0xDD, 0x4A, 0xCC, 0xD5, 0x95, 0xF6, 0xB4, 0x5D,
    0xE1, 0xC5, 0xB0, 0x92, 0xBB, 0x5B, 0xAA, 0x11, 0xCA, 0x43, 0x44, 0xE5, 0x48, 0x2A, 0xC8, 0x14,
    0xC6, 0x51, 0x12, 0xFB, 0xE6, 0x3D, 0x75, 0x3E, 0x94, 0x36, 0x2E, 0x95, 0x4B, 0x40, 0xD4, 0x9D,
    0xD4, 0x13, 0xC9, 0x67, 0x5D, 0x69, 0x2C, 0xBE, 0x3E, 0x32, 0x00, 0x75, 0xA5, 0xA4, 0xAB, 0xE8,
    0x79, 0xBC, 0x9E, 0xDF, 0x7D, 0x03, 0xA6, 0xDA, 0x23, 0x99, 0x7B, 0xA6, 0x50, 0x8D, 0x1C, 0xBD,
    0x46, 0xC0, 0x48, 0x67, 0x1D, 0x1E, 0xD5, 0xED, 0x1E, 0x51, 0x3C, 0xE0, 0x0C, 0xB9, 0xD3, 0xA7,
    0xAD, 0x90, 0x71, 0x83, 0xA4, 0xC3, 0x5A, 0x39, 0xF5, 0xB2, 0x52, 0x45, 0xFE, 0x22, 0x84, 0xD6,
    0xD9, 0x50, 0x75, 0x7C, 0x22, 0xCF, 0xD9, 0x0A, 0xB1, 0x0E, 0x8F, 0x0C, 0x61, 0x83, 0x8C, 0x96,
    0xE4, 0x27, 0x87, 0x72, 0xF2, 0x69, 0x4E, 0xF4, 0x60, 0xFA, 0x72, 0x36, 0x52, 0xA5, 0xFB, 0x6C,
    0xE0, 0xCA, 0x55, 0xC1, 0xE8, 0xA0, 0x5A, 0x1D, 0xB9, 0x6A, 0x0B, 0x1F, 0x60, 0xAF, 0xC0, 0xB5,
    0x4B, 0xB2, 0x8B, 0x1F, 0x33, 0x5A, 0xEB, 0x1C, 0x68, 0x0F, 0x5A, 0xD0, 0x97, 0xED, 0x4D, 0xEF,
    0x53, 0xA3, 0x21, 0x01, 0xC9, 0xB4, 0x58, 0x29, 0x28, 0x87, 0xF2, 0xE2, 0x4C, 0xFD, 0x31, 0x46,
    0x6D, 0x98, 0x82, 0xE1, 0xAE, 0xE1, 0xE2, 0x6E, 0x08, 0x3E, 0x3A, 0xC2, 0x06, 0x32, 0x2D, 0x59,
    0x84, 0x81, 0x42, 0x17, 0x23, 0x4C, 0x61, 0x48, 0x4E, 0xEC, 0x8C, 0xB3, 0x91, 0xBA, 0x25, 0x16,
    0x29, 0x42, 0xED, 0x21, 0xBF, 0xDF, 0xDF, 0x79, 0x0A, 0xE9, 0x04, 0x63, 0x5D, 0xCD, 0xCC, 0x78,
    0x71, 0xD0, 0x18, 0xDC, 0x9D, 0xB0, 0x85, 0x9E, 0xCE, 0x47, 0xBF, 0x37, 0x6B, 0x61, 0xAF, 0xEF,
    0xEA, 0x51, 0x34, 0xAC, 0xAE, 0xD2, 0xCD, 0x75, 0x3A, 0xB9, 0x6E, 0x2F, 0xEB, 0xE8, 0x1A, 0x2F,
    0x3A, 0x3C, 0xA8, 0xE9, 0xAC, 0x59, 0xE7, 0x5A, 0xB4, 0xAE, 0x6A, 0x02, 0xFA, 0x43, 0xF3, 0xEA,
    0x3D, 0x5D, 0x2C, 0x93, 0xF9, 0xF5, 0xDA, 0x52, 0xB6, 0x2F, 0xD7, 0x57, 0xEF, 0x9A, 0x46, 0x87,
    0xFC, 0x59, 0xDE, 0xF2, 0x31, 0x26, 0xAA, 0xC6, 0x23, 0xB1, 0xB0, 0xAC, 0xE9, 0xD1, 0x9F, 0xB0,
    0xB2, 0x9E, 0x52, 0x62, 0x79, 0x02, 0x66, 0xF9, 0x0D, 0x73, 0x67, 0xD6, 0xDA, 0xFD, 0x63, 0x16,
    0xF1, 0x88, 0xAC, 0xDA, 0xDA, 0x2E, 0x3E, 0xCF, 0x55, 0xD3, 0x1D, 0x89, 0xAC, 0xDA, 0x2B, 0x56,
    0x1F, 0xDB, 0xBF, 0x7A, 0xB9, 0xED, 0x9A, 0x07, 0x59, 0xAC, 0x70, 0xB4, 0x72, 0xAC, 0x72, 0x39,
    0x1B, 0xE9, 0xB7, 0xFA, 0x85, 0x1A, 0xFC, 0xA2, 0x5A, 0xF5, 0x3C, 0xE8, 0xEE, 0x55, 0x17, 0xC3,
    0x72, 0xB5, 0x6C, 0x22, 0xEA, 0x48, 0x0E, 0x88, 0x5C, 0x92, 0x97, 0xAD, 0x4F, 0x02, 0xE4, 0xCF,
    0x22, 0xF3, 0xF5, 0xDC, 0x6F, 0x44, 0x39, 0x08, 0x43, 0x58, 0xCA, 0x36, 0xD2, 0x67, 0xB0, 0x12,
    0x31, 0x41, 0x63, 0x11, 0x99, 0x23, 0x2A, 0x99, 0xDB, 0xA4, 0xC9, 0xEF, 0x82, 0x40, 0x93, 0x5C,
    0xDC, 0x53, 0xFB, 0x4D, 0x26, 0x6B, 0x2E, 0xDA, 0x1F, 0xD1, 0xCD, 0x6D, 0x77, 0xC3, 0x75, 0xBC,
    0x83, 0xF7, 0xC1, 0x70, 0x0E, 0x54, 0x85, 0xDD, 0x99, 0xAF, 0x04, 0xFB, 0xE5, 0x7E, 0x28, 0x9D,
    0xC1, 0x9F, 0xDF, 0x21, 0xD7, 0xC5, 0x8F, 0x5F, 0x51, 0x8F, 0x57, 0x5A, 0x50, 0x81, 0xF0, 0xA2,
    0xE8, 0x95, 0x37, 0x5E, 0x7A, 0x8E, 0xA6, 0xFA, 0xB2, 0xDA, 0x9A, 0x59, 0x34, 0xB1, 0x31, 0x3B,
    0x67, 0x1C, 0x4E, 0x24, 0x1C, 0xE3, 0xF5, 0x59, 0x9E, 0x7B, 0xB0, 0xE7, 0x67, 0x09, 0xF3, 0x1C,
    0x2C, 0x1B, 0xB7, 0xDE, 0x6F, 0xE2, 0x87, 0x09, 0xB3, 0xE7, 0x65, 0x49, 0x1E, 0x22, 0xE9, 0x2C,
    0xFD, 0x15, 0x92, 0xCD, 0xD2, 0x5D, 0x21, 0xE6, 0x2E, 0x44, 0x2D, 0x72, 0x4F, 0x0D, 0x22, 0xD5,
    0x2E, 0x95, 0x4B, 0x40, 0xD4, 0x07, 0xE4, 0xDB, 0xB9, 0xB7, 0x03, 0x19, 0x52, 0x66, 0x1B, 0xD6,
    0x05, 0x28, 0xC3, 0xEC, 0xAC, 0x42, 0x6B, 0x57, 0x16, 0x79, 0xE8, 0xA7, 0xE6, 0x80, 0xC9, 0xF4,
    0xC3, 0x2E, 0xAC, 0x47, 0xD4, 0xF2, 0x34, 0x98, 0x7E, 0x30, 0x84, 0xB8, 0x37, 0xFD, 0xCF, 0x31,
    0xC4, 0x9D, 0xE9, 0xFB, 0x53, 0x48, 0x5A, 0x54, 0x21, 0xFB, 0xB9, 0xE9, 0x7B, 0xA6, 0xEF, 0x99,
    0xD6, 0xDA, 0x17, 0x6F, 0xA1, 0xF6, 0x7D, 0x0D, 0x2D, 0x2B, 0x7D, 0x0F, 0xB5, 0xB3, 0x91, 0xD0,
    0xCF, 0x26, 0xB4, 0x4E, 0x7F, 0x33, 0xA2, 0x75, 0xA2, 0x01, 0xAD, 0x63, 0xF5, 0x68, 0xBD, 0x55,
    0x87, 0xD6, 0x1B, 0xB5, 0x28, 0x03, 0xCD, 0xAC, 0x35, 0x0A, 0xEC, 0x33, 0xAF, 0xFE, 0x60, 0xFF,
    0xD8, 0xBC, 0xBF, 0xDB, 0x15, 0x7D, 0x29, 0x3B, 0xAE, 0x20, 0x67, 0x4B, 0x0F, 0xF9, 0x95, 0x18,
    0x96, 0xE3, 0x0E, 0x63, 0x0D, 0xFD, 0x54, 0x7B, 0xAA, 0x42, 0xF3, 0x4C, 0x21, 0xE6, 0x3E, 0x71,
    0x4B, 0xCD, 0xF6, 0x53, 0xA6, 0x9C, 0xE1, 0xD1, 0xBE, 0xB4, 0x57, 0x2B, 0x6B, 0x22, 0x06, 0xF8,
    0x86, 0xB5, 0x79, 0xA4, 0x96, 0xA1, 0x2D, 0x3C, 0x8E, 0xA4, 0x23, 0x42, 0x67, 0x21, 0x95, 0x58,
    0x81, 0x34, 0x63, 0xBF, 0xC2, 0x46, 0x34, 0xFB, 0x7C, 0xA5, 0xE9, 0x65, 0x69, 0xC9, 0x4B, 0xC8,
    0x3C, 0x67, 0x5B, 0xCF, 0x67, 0xA0, 0x23, 0x73, 0xEC, 0x96, 0x39, 0xA5, 0x2D, 0xAF, 0x23, 0x4B,
    0xE1, 0xAF, 0x9B, 0xBA, 0xC8, 0x03, 0xB5, 0x07, 0x94, 0x83, 0x1A, 0xB4, 0xDC, 0xB0, 0x74, 0xF4,
    0xFA, 0xDE, 0x90, 0x3D, 0x88, 0x02, 0x70, 0xD6, 0x1C, 0x42, 0xE0, 0x06, 0x54, 0xF3, 0xDE, 0x86,
    0xBA, 0x60, 0x5B, 0x0B, 0xF8, 0x30, 0x3C, 0x22, 0x2E, 0x6F, 0x36, 0xAE, 0x97, 0xCD, 0x46, 0x26,
    0x46, 0x52, 0x66, 0xB3, 0x51, 0xFB, 0xB5, 0xAC, 0x47, 0x85, 0xAD, 0xEA, 0xCB, 0x9B, 0x8D, 0x13,
    0xCC, 0x96, 0x2D, 0xC7, 0x2F, 0x25, 0x35, 0x3C, 0xC7, 0x25, 0x9D, 0x2B, 0x36, 0x1B, 0xCB, 0x6B,
    0x36, 0x1B, 0xC7, 0xB9, 0x5E, 0x7D, 0x27, 0xA2, 0x80, 0xD5, 0x17, 0xE9, 0x37, 0xCA, 0x5F, 0x2F,
    0x9F, 0xFB, 0xFB, 0x54, 0x3F, 0x18, 0x8B, 0xBD, 0x48, 0x57, 0x69, 0x54, 0x4A, 0x8C, 0x10, 0xA9,
    0xDF, 0x31, 0x44, 0x08, 0xC3, 0x3C, 0x22, 0x8A, 0x7B, 0xAE, 0x5F, 0x48, 0x21, 0x93, 0x85, 0x4F,
    0xB8, 0x13, 0x33, 0x65, 0xCE, 0xEC, 0x4C, 0x7D, 0x06, 0x55, 0x63, 0x1F, 0x2D, 0x0A, 0xD0, 0x4B,
    0xBF, 0x2F, 0xE1, 0x97, 0xF8, 0x99, 0x72, 0x91, 0x5E, 0xAC, 0x0B, 0xFB, 0xA7, 0xE5, 0x7A, 0xCB,
    0xF5, 0x3D, 0x3F, 0x94, 0x3F, 0x3A, 0x93, 0xEE, 0x5E, 0x9B, 0x7F, 0x0E, 0xD6, 0xD5, 0x54, 0x09,
    0x75, 0x42, 0x33, 0x4E, 0xA6, 0xB9, 0x92, 0x7C, 0x13, 0x91, 0xC5, 0x7D, 0x3D, 0xDF, 0x83, 0x52,
    0x4F, 0xA1, 0xB0, 0xFA, 0xC8, 0x39, 0x3F, 0x2F, 0x6D, 0x53, 0xAF, 0x8F, 0xD2, 0xEB, 0xC3, 0x7B,
    0x92, 0x54, 0x21, 0xA5, 0xF6, 0x48, 0x21, 0x18, 0xC4, 0x5F, 0xD4, 0x55, 0xBD, 0x84, 0x24, 0x7A,
    0x41, 0xBC, 0x74, 0xA4, 0x79, 0x58, 0x55, 0x93, 0x66, 0xA0, 0x4F, 0xE3, 0x4A, 0x66, 0x0D, 0xDA,
    0x46, 0xA4, 0x96, 0xCC, 0xB1, 0x4E, 0x4C, 0x7C, 0x07, 0x97, 0xEC, 0x26, 0x22, 0x73, 0x96, 0xC2,
    0x9E, 0x36, 0x60, 0xDF, 0xD2, 0xA4, 0xFC, 0x3D, 0x13, 0xB6, 0x18, 0xA6, 0x37, 0x4A, 0x71, 0x34,
    0x57, 0x4A, 0xE0, 0xF8, 0x52, 0xA1, 0x9A, 0x28, 0xA6, 0xEA, 0xA2, 0xE3, 0xA7, 0xC7, 0x66, 0x0F,
    0x71, 0x9B, 0x51, 0xF9, 0x46, 0x4D, 0xAA, 0xE5, 0xF1, 0x04, 0x0D, 0x0A, 0x86, 0x52, 0xF0, 0xE6,
    0xE1, 0xD6, 0x93, 0xF6, 0xF9, 0xB2, 0x09, 0xDB, 0xC9, 0x1F, 0x3B, 0xF8, 0x0D, 0x53, 0xFB, 0x5C,
    0x1A, 0x7E, 0x3C, 0x9A, 0x51, 0x36, 0x0C, 0x6E, 0x7E, 0x23, 0x85, 0x15, 0xFD, 0x5F, 0xB2, 0x96,
    0x63, 0x7F, 0xB4, 0xAA, 0x87, 0x5B, 0xC1, 0x8F, 0xD5, 0x93, 0x58, 0x99, 0xC7, 0x2F, 0xAE, 0x92,
    0x0C, 0x21, 0xD8, 0x43, 0xE5, 0x3F, 0x5E, 0x42, 0x68, 0xC4, 0x2E, 0x93, 0x8B, 0xF6, 0x2E, 0x35,
    0x41, 0x5E, 0x91, 0xEF, 0x52, 0xB8, 0x30, 0x82, 0x20, 0x45, 0x8F, 0x84, 0xCC, 0xA5, 0x70, 0x51,
    0x87, 0xAC, 0x44, 0xC8, 0x4F, 0x4A, 0x35, 0x9E, 0x4A, 0xE5, 0x92, 0x23, 0x1A, 0x02, 0x32, 0xED,
    0x7D, 0x4F, 0x70, 0xA3, 0x50, 0xA2, 0xDB, 0x27, 0x56, 0xB6, 0xD8, 0x5C, 0xA5, 0x7E, 0x56, 0xE5,
    0xB3, 0x36, 0xB3, 0xB6, 0x68, 0x7B, 0x53, 0x3D, 0xCA, 0x9D, 0x90, 0x6B, 0x36, 0x6B, 0x3A, 0x5E,
    0xD2, 0x4B, 0xE7, 0x85, 0xB2, 0x1D, 0xD7, 0x9D, 0xA4, 0x87, 0x56, 0xAE, 0x53, 0x70, 0xBD, 0x8B,
    0xBE, 0xFA, 0xC6, 0xE3, 0x6C, 0x53, 0xDD, 0xDF, 0x19, 0xA4, 0x1E, 0x28, 0x07, 0x0D, 0xE8, 0xCA,
    0xFB, 0x2F, 0x6B, 0x20, 0xAB, 0x20, 0x5D, 0x36, 0x09, 0x4F, 0x90, 0x5D, 0xB5, 0x49, 0x58, 0x1D,
    0x37, 0x09, 0x03, 0xC7, 0xBC, 0xF5, 0xE0, 0x7B, 0x0F, 0xB4, 0x08, 0xD5, 0x50, 0x5D, 0x48, 0xA6,
    0x7B, 0x1A, 0xC2, 0x37, 0xF3, 0x50, 0x9C, 0x3C, 0xBC, 0x65, 0x0A, 0x09, 0xCC, 0x1E, 0xC6, 0x95,
    0xD3, 0x9B, 0xF4, 0x95, 0x3C, 0x1C, 0xEE, 0x19, 0x3D, 0xCC, 0x12, 0x9E, 0xB8, 0x4B, 0x3A, 0xB1,
    0xF2, 0xEF, 0xD0, 0x1A, 0x43, 0x66, 0x1B, 0x12, 0x83, 0x5F, 0xF7, 0x24, 0x0F, 0x79, 0xD8, 0xB0,
    0x0C, 0x60, 0x57, 0xE2, 0xF2, 0x7D, 0xFC, 0x1D, 0xF2, 0xCC, 0xED, 0x29, 0xD9, 0xC6, 0x48, 0x28,
    0x1A, 0x46, 0x41, 0x41, 0x31, 0x24, 0xCB, 0xBF, 0x19, 0x6B, 0xFE, 0x1C, 0x31, 0x2C, 0x40, 0x22,
    0x33, 0xB6, 0xDC, 0x96, 0x62, 0x18, 0xB8, 0x2F, 0x34, 0x63, 0xF2, 0x4D, 0xB1, 0xFB, 0xB7, 0x47,
    0x0C, 0x7C, 0x74, 0x34, 0x86, 0x13, 0x63, 0x75, 0xFA, 0xCB, 0xFD, 0x3B, 0x6E, 0x58, 0xF4, 0x39,
    0xF0, 0x31, 0x1D, 0x4F, 0x19, 0x63, 0xAB, 0xE0, 0xD7, 0xDA, 0x2C, 0x57, 0x67, 0x87, 0xA8, 0x20,
    0x3F, 0x91, 0xA6, 0x1F, 0xC8, 0x6F, 0xEB, 0x97, 0x3C, 0xA7, 0x94, 0x1D, 0x63, 0x2B, 0xC9, 0xEB,
    0xBF, 0xC4, 0x03, 0x1C, 0x91, 0x3B, 0xE1, 0x0F, 0x96, 0x85, 0x90, 0x87, 0x5E, 0x22, 0x0B, 0xAE,
    0xD4, 0x71, 0x01, 0xD5, 0x50, 0xD5, 0x25, 0xAE, 0x04, 0xA3, 0xC5, 0x3B, 0x07, 0x33, 0x32, 0xC9,
    0x18, 0x0B, 0x46, 0x27, 0x5C, 0xF6, 0x1F, 0xF6, 0x46, 0x32, 0x4D, 0x5B, 0x82, 0x65, 0xEF, 0x29,
    0x1C, 0xAF, 0x62, 0x41, 0x8C, 0x16, 0xC4, 0x98, 0x8D, 0xD0, 0x32, 0x78, 0xD7, 0xAB, 0x85, 0x64,
    0xAB, 0x8D, 0x98, 0x09, 0xCF, 0x5F, 0x56, 0x1B, 0xE5, 0xA1, 0x38, 0xDD, 0xC9, 0xBA, 0x71, 0x50,
    0xCF, 0xD5, 0xFA, 0x2D, 0x48, 0x75, 0x51, 0xF6, 0xAC, 0x41, 0xFA, 0xA2, 0x37, 0x94, 0x9D, 0xA3,
    0xEC, 0x8B, 0x21, 0x52, 0x9F, 0x79, 0x10, 0x7D, 0xDA, 0xC7, 0xD2, 0x9F, 0xF5, 0x2B, 0xF5, 0x9B,
    0x7E, 0x79, 0x9C, 0xFA, 0xFF, 0xFE, 0xCD, 0x90, 0xFA, 0x2D, 0xBE, 0x06, 0x4C, 0x58, 0xC2, 0x95,
    0xF4, 0x2B, 0xEE, 0x1C, 0x7D, 0x59, 0x4A, 0x70, 0x6A, 0x8A, 0x55, 0xEF, 0xCD, 0x37, 0x2D, 0x60,
    0x57, 0xF0, 0x70, 0xEF, 0x33, 0xE1, 0x88, 0xCF, 0x35, 0x37, 0xC0, 0xC9, 0x98, 0xA7, 0xA2, 0x8A,
    0x2C, 0x4A, 0x31, 0x50, 0x8D, 0xFE, 0x2E, 0x48, 0xD6, 0xE3, 0x97, 0x23, 0xF9, 0x65, 0x80, 0xBE,
    0x7D, 0x11, 0x53, 0x60, 0x5C, 0x56, 0x4C, 0xFE, 0x16, 0x8A, 0xBB, 0x72, 0x19, 0x6C, 0xB7, 0x1A,
    0x7D, 0xD9, 0x6B, 0xDF, 0xDD, 0x2E, 0xE7, 0xD7, 0x09, 0xA8, 0x02, 0x6D, 0x81, 0x87, 0x0A, 0x2B,
    0x6F, 0x67, 0x28, 0xB0, 0x4A, 0xFB, 0x6D, 0x7E, 0x0B, 0x21, 0x37, 0x8C, 0x01, 0xAB, 0x5E, 0xC2,
    0x65, 0x3D, 0x18, 0x16, 0x94, 0x3D, 0x67, 0x3B, 0xD0, 0x80, 0x7D, 0x41, 0xC7, 0xD9, 0xED, 0x76,
    0xB7, 0x48, 0xFC, 0xF4, 0x4B, 0xBF, 0xF9, 0x0A, 0x5F, 0x72, 0x4F, 0xF6, 0x33, 0x2E, 0x72, 0x15,
    0xDB, 0xF5, 0x25, 0x16, 0xCD, 0x65, 0x96, 0xCE, 0x1A, 0xAA, 0x3A, 0x72, 0xA5, 0xBD, 0xF1, 0xFF,
    0x6B, 0xF7, 0x03, 0xFD, 0xA3, 0x38, 0xA6, 0x2B, 0x58, 0x9B, 0x27, 0xAF, 0xA5, 0x39, 0x97, 0x5E,
    0x12, 0x95, 0x77, 0x69, 0x05, 0xCC, 0xB6, 0x22, 0x65, 0xA9, 0x8D, 0xF5, 0x0F, 0x65, 0x97, 0x8C,
    0x21, 0x1D, 0xAC, 0xCA, 0xE2, 0x21, 0xEB, 0xAD, 0x21, 0x14, 0xD3, 0xE1, 0x6C, 0xC4, 0x59, 0xA7,
    0xF0, 0xB6, 0x09, 0x86, 0xE5, 0xFE, 0x33, 0xD6, 0xDD, 0xA8, 0xDB, 0xE2, 0xDE, 0x15, 0x08, 0x25,
    0xD8, 0x4A, 0x7B, 0xF3, 0xC5, 0xAD, 0xF0, 0xED, 0x97, 0x6C, 0x74, 0xE2, 0x63, 0xA9, 0x27, 0x83,
    0xDF, 0x84, 0x61, 0x14, 0x2D, 0x4D, 0xC3, 0x0C, 0xBF, 0x03, 0x4B, 0x06, 0xFA, 0x20, 0x5D, 0x65,
    0xD8, 0xF8, 0xED, 0x97, 0xDF, 0x79, 0x59, 0xB4, 0x84, 0x3C, 0xD1, 0x40, 0xCA, 0x69, 0xDE, 0x94,
    0x97, 0x7C, 0xBC, 0xC4, 0xF0, 0xC1, 0x52, 0xCB, 0xBA, 0xBE, 0x9C, 0xD4, 0x91, 0xB1, 0x25, 0x56,
    0x31, 0x24, 0x43, 0x22, 0xDF, 0xD7, 0x18, 0xE8, 0x8C, 0xAB, 0xE5, 0x5A, 0x1B, 0x55, 0xC9, 0x10,
    0xD1, 0xBB, 0xC9, 0x0F, 0x3D, 0x37, 0x9B, 0x30, 0xB2, 0xD1, 0x22, 0x61, 0x58, 0xB4, 0xE8, 0xEC,
    0x82, 0xF6, 0xA9, 0x16, 0x78, 0xF3, 0x0F, 0xE9, 0xEB, 0x77, 0x14, 0x5E, 0xA0, 0x45, 0x2F, 0xAF,
    0x30, 0x19, 0x5E, 0x2E, 0x47, 0xBC, 0xD9, 0x80, 0x1A, 0x58, 0xD6, 0x77, 0x16, 0x2E, 0x50, 0x48,
    0x50, 0x05, 0xF0, 0x53, 0xDE, 0x8B, 0x38, 0xCE, 0x52, 0x3E, 0x69, 0xA5, 0xCC, 0x34, 0x78, 0x2A,
    0xEC, 0x72, 0xF3, 0x16, 0xA3, 0xC6, 0x68, 0x90, 0x61, 0x05, 0xD6, 0x20, 0x06, 0x09, 0xC8, 0x3E,
    0x35, 0x14, 0xEF, 0x1A, 0xF4, 0xA3, 0x51, 0xEF, 0x29, 0x1E, 0xF5, 0xFE, 0x68, 0xF8, 0x60, 0x30,
    0x7C, 0xD8, 0x19, 0x3E, 0x6D, 0x0D, 0xAA, 0x41, 0x05, 0x72, 0xC3, 0x14, 0x0C, 0x03, 0xE8, 0x0D,
    0xDB, 0x31, 0xA8, 0xDA, 0x4C, 0x11, 0x0D, 0xEA, 0x8F, 0x95, 0xB3, 0x96, 0x98, 0xDF, 0xFF, 0x49,
    0x84, 0x63, 0xBF, 0x15, 0x38, 0x9E, 0x61, 0x86, 0x76, 0xB4, 0x13, 0x35, 0x56, 0xEB, 0x06, 0xFA,
    0xE0, 0x4A, 0x95, 0x1A, 0x36, 0x26, 0x9B, 0x78, 0xF2, 0x3B, 0x08, 0xBF, 0x19, 0xBD, 0xE0, 0xBC,
    0x54, 0x81, 0x3D, 0xA8, 0x83, 0x3E, 0x57, 0xCB, 0xD9, 0x9E, 0x70, 0xA3, 0x21, 0x91, 0x61, 0x4B,
    0x02, 0x6B, 0xD5, 0x73, 0x7A, 0xA1, 0x1C, 0x48, 0x7E, 0x9A, 0x7B, 0x67, 0x41, 0xF4, 0x07, 0x58,
    0xC2, 0x63, 0xCF, 0xBB, 0x4C, 0x39, 0xAB, 0x2B, 0x19, 0xCD, 0xBD, 0x13, 0xBE, 0xA2, 0xBD, 0x51,
    0xCA, 0xA1, 0x02, 0x1C, 0xA0, 0x5A, 0xF8, 0x82, 0x7B, 0x75, 0x67, 0x13, 0xF6, 0x2E, 0x97, 0xE8,
    0x84, 0x35, 0x97, 0xCD, 0x90, 0x2A, 0x14, 0x88, 0x79, 0x1B, 0xA1, 0x98, 0xB5, 0x79, 0x2E, 0x52,
    0x59, 0x9B, 0x17, 0x57, 0x93, 0xC9, 0xBB, 0xFD, 0x7A, 0x50, 0xAD, 0x9F, 0x0D, 0x1B, 0xE4, 0x9D,
    0x31, 0xEE, 0x4C, 0xDE, 0x56, 0xDC, 0x9A, 0xBC, 0xA5, 0x14, 0xA9, 0x54, 0xD4, 0x48, 0xA9, 0x0A,
    0x29, 0xB4, 0x47, 0x32, 0xE5, 0x48, 0xAA, 0x80, 0xE0, 0x51, 0x64, 0x0C, 0xC8, 0x76, 0x30, 0x39,
    0xF1, 0xFF, 0xC3, 0x71, 0x7F, 0x57, 0xF4, 0xB2, 0xE3, 0x32, 0x38, 0xFB, 0x28, 0x08, 0x51, 0xF9,
    0x66, 0xA0, 0xDC, 0xF4, 0x1E, 0xF9, 0xEB, 0x82, 0x0C, 0x17, 0xB1, 0x3E, 0xD6, 0x10, 0x92, 0x89,
    0x0F, 0x23, 0x90, 0xE6, 0x7D, 0x6D, 0xDF, 0xAC, 0x29, 0xAE, 0xA1, 0x87, 0xF1, 0x21, 0x25, 0x1D,
    0x89, 0x15, 0x2B, 0x67, 0x5E, 0x92, 0x4F, 0x6E, 0xCB, 0x5E, 0xFF, 0x9E, 0x4E, 0x7A, 0x1E, 0x18,
    0x9C, 0xF1, 0xFF, 0x3C, 0xEC, 0xAB, 0xBB, 0x04, 0x72, 0xF8, 0x34, 0xB1, 0xCB, 0xEF, 0x34, 0xC1,
    0x2A, 0x68, 0x0A, 0x7A, 0x77, 0xBE, 0x9B, 0xA9, 0x59, 0x74, 0xB5, 0x1A, 0x82, 0xBA, 0x65, 0x33,
    0x31, 0xA3, 0x65, 0xA6, 0x57, 0x83, 0xB3, 0x8E, 0x9E, 0xDD, 0xC8, 0xE9, 0x4F, 0x1E, 0xD8, 0x74,
    0xFC, 0x40, 0x0A, 0xFA, 0xB9, 0x68, 0xF8, 0x37, 0x72, 0x43, 0x08, 0x8F, 0x02, 0xAB, 0x82, 0x8F,
    0xA8, 0x01, 0x55, 0x61, 0x19, 0xFE, 0xD9, 0xCF, 0x29, 0x43, 0xA2, 0x3C, 0xF2, 0xBD, 0xC4, 0x6C,
    0x00, 0xBD, 0xA1, 0xE8, 0x2E, 0xE3, 0x81, 0xE1, 0x5F, 0x86, 0x44, 0x1F, 0xBD, 0xB8, 0xDF, 0x92,
    0xCA, 0x1A, 0xB8, 0xBF, 0x5F, 0xD4, 0xE4, 0x93, 0x39, 0xCE, 0x7E, 0xC9, 0x9F, 0xD6, 0x1F, 0xF1,
    0xEA, 0x99, 0x3E, 0x79, 0xD3, 0x07, 0xD0, 0xA7, 0x05, 0x06, 0x2A, 0x06, 0x51, 0xF6, 0x73, 0xC4,
    0x2A, 0x33, 0xB0, 0xC9, 0xC0, 0xC4, 0x62, 0xE7, 0xBC, 0x6B, 0x7A, 0x1F, 0x65, 0x72, 0x51, 0xBD,
    0x85, 0x0D, 0xF3, 0x4B, 0xD1, 0xB2, 0xB1, 0x97, 0x75, 0xEC, 0xEB, 0xA5, 0x7D, 0xC6, 0xCE, 0xCE,
    0x50, 0xB4, 0xC6, 0xB1, 0x6C, 0x78, 0x46, 0xED, 0x03, 0x37, 0x5C, 0x89, 0x4B, 0x05, 0x29, 0xC0,
    0x09, 0x16, 0xA7, 0x1B, 0xAF, 0xFD, 0xC9, 0x3B, 0x4F, 0x90, 0xF5, 0x5F, 0xF8, 0x46, 0x49, 0xD4,
    0x58, 0x0A, 0x70, 0x84, 0xBE, 0xD8, 0x9A, 0xDF, 0xAF, 0x89, 0x0E, 0x28, 0xCB, 0xE6, 0xC7, 0x93,
    0x3B, 0xA2, 0x39, 0x27, 0x12, 0xA9, 0x95, 0x12, 0x63, 0x0D, 0xA4, 0x68, 0xBF, 0xB0, 0x86, 0xD1,
    0x26, 0xE2, 0x01, 0x4A, 0x9F, 0xF2, 0xBC, 0x24, 0x1B, 0xB2, 0xC1, 0x24, 0x19, 0xB3, 0xCE, 0x24,
    0x9E, 0x8A, 0x59, 0x5A, 0x44, 0xCB, 0x5F, 0x2E, 0x59, 0x8F, 0x8C, 0x19, 0x11, 0xD2, 0x21, 0x99,
    0x4C, 0x8A, 0x21, 0xD6, 0x5B, 0xD6, 0x8C, 0xBB, 0x8D, 0x38, 0x9A, 0x08, 0xCE, 0x0B, 0x9A, 0x91,
    0x1C, 0x31, 0x81, 0xA1, 0xF5, 0x13, 0x15, 0x05, 0xA1, 0xF6, 0xA2, 0x5D, 0x9E, 0xD1, 0x75, 0xF7,
    0xCC, 0xC7, 0xC2, 0xC8, 0x86, 0xF9, 0xF5, 0x91, 0x48, 0xAD, 0xE8, 0xC9, 0xBF, 0x25, 0x68, 0xC6,
    0xB5, 0x29, 0x3A, 0x6E, 0xD4, 0x80, 0xA7, 0xD5, 0x1F, 0x6D, 0x77, 0x35, 0x61, 0x96, 0xF0, 0x6A,
    0xE6, 0xF5, 0x7A, 0x3F, 0xA7, 0xE9, 0xE9, 0xFB, 0xB5, 0xCA, 0x9E, 0x53, 0xBE, 0x4C, 0xB1, 0xCA,
    0x4F, 0x87, 0xDF, 0x0D, 0xCF, 0x77, 0x77, 0xC6, 0x5B, 0xF8, 0x4B, 0xED, 0x17, 0xE9, 0xED, 0xE6,
    0x7A, 0xD2, 0xAE, 0x7D, 0x80, 0xE6, 0xAE, 0xFA, 0x5A, 0x94, 0xA0, 0xEC, 0x00, 0x2B, 0x18, 0xD2,
    0x1E, 0x52, 0x10, 0x83, 0x48, 0x2A, 0x87, 0x10, 0xDD, 0x4A, 0x71, 0xD2, 0x43, 0x60, 0x17, 0xDA,
    0xF1, 0x59, 0x76, 0x84, 0x9F, 0xB9, 0x7E, 0xBC, 0xB3, 0x49, 0xC6, 0xD4, 0x8F, 0x6B, 0x75, 0xCE,
    0x27, 0xC3, 0xDE, 0xEF, 0xC5, 0x87, 0x7C, 0xF3, 0x09, 0x9A, 0x8F, 0xFC, 0x21, 0x46, 0x08, 0x1C,
    0xEB, 0xC7, 0x31, 0xC2, 0x8E, 0xA1, 0xD4, 0xB4, 0xD4, 0x74, 0x89, 0xAF, 0x9E, 0xC1, 0x10, 0x9F,
    0x52, 0xFA, 0x08, 0xD2, 0x0D, 0x60, 0x0B, 0x35, 0xD8, 0xD9, 0x5D, 0x39, 0x12, 0x26, 0x9D, 0xE0,
    0xE9, 0x27, 0x81, 0x11, 0x67, 0x09, 0x79, 0x12, 0xAB, 0x82, 0x3D, 0xDE, 0x0E, 0x06, 0xF9, 0x4B,
    0xB9, 0x8F, 0x22, 0x6C, 0x50, 0x21, 0xEA, 0x5D, 0x34, 0xCB, 0x9E, 0x20, 0x2F, 0xAA, 0x42, 0x56,
    0xAA, 0x91, 0xE8, 0x54, 0x96, 0x1F, 0x09, 0xB2, 0x44, 0x40, 0x4E, 0x13, 0x9B, 0x72, 0x13, 0xB2,
    0xF4, 0x65, 0x33, 0x1E, 0x21, 0x89, 0x05, 0x04, 0x54, 0x89, 0x97, 0xD7, 0xB9, 0x0A, 0x8D, 0xEE,
    0x88, 0x08, 0xBC, 0xA8, 0xDA, 0x83, 0xCC, 0x81, 0x07, 0xB0, 0x0F, 0x37, 0x98, 0x31, 0x0B, 0xB3,
    0x40, 0x1B, 0x32, 0x4E, 0x24, 0x07, 0x4D, 0xE1, 0x05, 0x7F, 0x96, 0xB6, 0x59, 0xD6, 0xF8, 0x76,
    0x6B, 0x56, 0xAD, 0xA4, 0x53, 0x44, 0xFC, 0xE6, 0x67, 0x3D, 0x5C, 0xAC, 0xFC, 0xA7, 0xA1, 0x94,
    0x7D, 0x34, 0x80, 0x0E, 0xD4, 0x21, 0x5D, 0x66, 0x4C, 0x3C, 0x7D, 0x73, 0xDA, 0x93, 0xFF, 0x42,
    0xBD, 0x09, 0xC9, 0xE4, 0x6A, 0x36, 0xA4, 0xC6, 0xAC, 0xF6, 0x3F, 0x6A, 0xC5, 0x33, 0xDE, 0xB2,
    0x53, 0x93, 0xB1, 0x17, 0x60, 0x42, 0xB7, 0xD7, 0x7D, 0x36, 0x23, 0x06, 0x49, 0x26, 0xE3, 0x55,
    0x32, 0xA8, 0x29, 0x18, 0x25, 0x3C, 0x1E, 0x32, 0x84, 0xC2, 0xA2, 0x33, 0x59, 0xB4, 0x24, 0x2D,
    0x9C, 0xB0, 0xF6, 0x0B, 0xE1, 0xBB, 0x60, 0x92, 0x9C, 0x3E, 0x99, 0xA2, 0x0D, 0xA6, 0x8B, 0x27,
    0xD7, 0x60, 0xA3, 0x8F, 0x6F, 0xCB, 0xCA, 0xB4, 0x35, 0x84, 0x19, 0x5B, 0xFE, 0xE4, 0x84, 0x07,
    0x09, 0xC0, 0xA3, 0x25, 0x3A, 0xD3, 0xBC, 0x25, 0xD8, 0x6D, 0x15, 0xB1, 0x4E, 0x37, 0xCF, 0x6C,
    0x3D, 0x81, 0x94, 0x3D, 0xC0, 0x62, 0x30, 0x84, 0x03, 0x1B, 0x80, 0x66, 0x06, 0xDA, 0xE5, 0xD2,
    0x0D, 0x54, 0x19, 0xD2, 0x26, 0x9C, 0xBC, 0x28, 0xFE, 0x4C, 0x6F, 0x65, 0x43, 0x11, 0xFE, 0x9A,
    0x5C, 0xD8, 0x9F, 0x7A, 0x4B, 0x95, 0x5B, 0x45, 0x5E, 0x06, 0x8E, 0xAF, 0x23, 0x43, 0xAB, 0x43,
    0xEE, 0x77, 0x98, 0x47, 0xD2, 0x66, 0xAF, 0x22, 0x67, 0x4F, 0xF8, 0xE7, 0xB9, 0xF1, 0xFB, 0xEA,
    0x8D, 0x77, 0x96, 0xA5, 0xC3, 0x1E, 0x92, 0xE5, 0x7E, 0x23, 0x7F, 0x81, 0xA2, 0xA1, 0xD1, 0x42,
    0xE7, 0xFE, 0x2B, 0x12, 0xF7, 0x5C, 0xA6, 0xAF, 0x1A, 0x6E, 0x9E, 0xA9, 0x0A, 0x5E, 0x2C, 0x78,
    0x9C, 0xCC, 0x6F, 0xEA, 0xAE, 0xF1, 0xF0, 0x13, 0x16, 0x00, 0x81, 0x44, 0x78, 0xCC, 0x93, 0x74,
    0x21, 0x64, 0x35, 0x4B, 0x79, 0x8E, 0xDF, 0xCD, 0x1E, 0x4E, 0x54, 0xFE, 0xEA, 0x9A, 0x25, 0x72,
    0x88, 0x96, 0xD5, 0x31, 0x38, 0xB7, 0xBE, 0x5A, 0x48, 0xDD, 0x29, 0xF8, 0x2D, 0xEB, 0x1E, 0xA8,
    0xC5, 0x44, 0xF5, 0xCD, 0xEB, 0x97, 0xC8, 0xE1, 0x0F, 0x27, 0xAA, 0x43, 0x63, 0x48, 0x7C, 0x77,
    0x4D, 0x83, 0xA5, 0x72, 0xB3, 0x67, 0xF2, 0xFF, 0xD6, 0xBC, 0xE4, 0x9E, 0x80, 0xCC, 0x8C, 0x25,
    0x02, 0xFB, 0xBE, 0xD9, 0xC0, 0x90, 0xC2, 0xA9, 0xD4, 0x7D, 0x16, 0xF8, 0x3B, 0xFC, 0x95, 0x05,
    0x3A, 0x6E, 0x9F, 0x0D, 0xA0, 0x0D, 0xC9, 0xDC, 0x64, 0xE8, 0x3A, 0x69, 0x97, 0xF5, 0x99, 0x35,
    0xC3, 0x84, 0x92, 0xDA, 0xB2, 0x22, 0xEB, 0x1F, 0xED, 0xDF, 0x8D, 0x70, 0x2B, 0x7D, 0xA7, 0xCB,
    0x3E, 0x18, 0xF8, 0xFC, 0xAC, 0x4F, 0xFE, 0xA6, 0x9D, 0x9B, 0xFC, 0x8E, 0xBB, 0xDD, 0x27, 0xFE,
    0x84, 0x9B, 0x79, 0xC8, 0xB8, 0x17, 0xE2, 0x63, 0x8E, 0x23, 0x5B, 0x1C, 0xE4, 0xB6, 0xE8, 0x9E,
    0xC2, 0xA7, 0xEC, 0x18, 0x31, 0xF9, 0x54, 0x52, 0x5E, 0xF6, 0xBE, 0x45, 0x77, 0x7C, 0xC9, 0x31,
    0xFF, 0x32, 0xA3, 0xDD, 0xB8, 0x51, 0x1C, 0x0D, 0xC6, 0xE2, 0xF3, 0xC5, 0x50, 0xB3, 0x18, 0xFD,
    0x62, 0xB0, 0xCF, 0x5B, 0x6F, 0xF4, 0xBD, 0x42, 0x6E, 0xE4, 0xF1, 0x62, 0x50, 0x47, 0xAA, 0x4E,
    0x0C, 0x4E, 0xD9, 0x04, 0x41, 0xE0, 0x29, 0x48, 0x7B, 0x8F, 0x2E, 0x05, 0x4F, 0xD0, 0x6C, 0x8C,
    0x3A, 0xA8, 0x0B, 0x7E, 0xD1, 0x17, 0xC2, 0x7C, 0xB0, 0x24, 0x9C, 0x27, 0xC0, 0xA2, 0x7B, 0x12,
    0xE5, 0xD0, 0x47, 0xB3, 0x6A, 0xD1, 0x6A, 0xD6, 0x46, 0x84, 0x63, 0xE5, 0x8D, 0x86, 0x72, 0xD6,
    0xE2, 0xC1, 0xBF, 0x6F, 0xFA, 0xF9, 0x25, 0x3C, 0xF1, 0x5D, 0xA7, 0xE0, 0xFA, 0xC6, 0x73, 0x37,
    0x48, 0xDD, 0x3C, 0x30, 0x49, 0x6B, 0x59, 0x12, 0x17, 0xAD, 0x41, 0xCC, 0xEF, 0xD3, 0xE9, 0xFF,
    0x54, 0x7C, 0x66, 0x3B, 0x56, 0xAB, 0x03, 0x63, 0xA0, 0x8E, 0x03, 0xCA, 0x96, 0x6C, 0xAC, 0x94,
    0x1B, 0x8B, 0xCA, 0xA7, 0xC2, 0x67, 0xBB, 0x57, 0x47, 0x87, 0x18, 0x43, 0x48, 0xDB, 0xAD, 0x31,
    0x19, 0x92, 0x01, 0x6F, 0xA9, 0xA3, 0xCA, 0x7C, 0xE5, 0x27, 0x72, 0x14, 0x01, 0x8E, 0xE7, 0xF1,
    0xC6, 0xDC, 0xFB, 0xD6, 0xD3, 0xDD, 0x0E, 0x2A, 0x3A, 0xD9, 0x71, 0x19, 0x81, 0x02, 0x5F, 0x09,
    0x9E, 0x66, 0x7D, 0xF7, 0x27, 0x6C, 0x6D, 0x98, 0x64, 0x03, 0x86, 0x15, 0x08, 0x43, 0xFB, 0x4B,
    0x06, 0x6D, 0xFF, 0xC4, 0x48, 0x47, 0x37, 0xFA, 0xA3, 0x91, 0x4C, 0x14, 0xDA, 0xB2, 0x10, 0xCB,
    0x8C, 0xC6, 0x8D, 0x8D, 0x5A, 0x7F, 0x3F, 0x36, 0xC6, 0x60, 0x6C, 0xC3, 0x50, 0xCB, 0xAE, 0xBC,
    0xBA, 0xE5, 0x7D, 0x9F, 0x3E, 0xA2, 0x25, 0xD5, 0x99, 0x86, 0x95, 0xE8, 0x61, 0x85, 0xC6, 0x35,
    0x46, 0x5B, 0xBE, 0x3B, 0xAD, 0x95, 0x53, 0xAC, 0x1F, 0x69, 0x23, 0xDC, 0x6C, 0x7D, 0xF5, 0x4F,
    0x27, 0xB6, 0xDE, 0xB5, 0xD6, 0xBB, 0x23, 0x0E, 0x55, 0xA4, 0x4F, 0x07, 0xCA, 0x33, 0x85, 0xB9,
    0x85, 0x8C, 0xA1, 0x54, 0x4B, 0x95, 0x0D, 0x21, 0xA3, 0x1A, 0x82, 0xFA, 0x90, 0xF8, 0xCB, 0xC8,
    0x6C, 0x02, 0x1E, 0x9F, 0x18, 0xEC, 0x8A, 0x8E, 0xEE, 0x17, 0x4F, 0x4C, 0x08, 0x03, 0x6A, 0xE1,
    0x46, 0xAB, 0x7C, 0xD7, 0x64, 0xCC, 0xF8, 0xD1, 0x4E, 0xA5, 0xA8, 0x05, 0x4D, 0x7C, 0x13, 0xD0,
    0xDA, 0xB1, 0x6F, 0x1E, 0x72, 0x92, 0xED, 0x43, 0xFB, 0x31, 0xE3, 0x55, 0x1D, 0xCB, 0x2B, 0x6F,
    0xB0, 0xD2, 0xCB, 0xC5, 0xDE, 0x68, 0xA4, 0xB7, 0xA4, 0xF7, 0x28, 0xC9, 0xFB, 0x53, 0xF1, 0x19,
    0x73, 0xF2, 0x2F, 0x87, 0xEC, 0x37, 0x94, 0x43, 0x7D, 0x22, 0x8A, 0xC1, 0xC2, 0x8D, 0xB6, 0x4D,
    0xAF, 0xE6, 0xD9, 0x19, 0x6D, 0xB5, 0xF5, 0xE1, 0x49, 0xF5, 0xF2, 0x7F, 0xC1, 0x0A, 0xE8, 0xDC,
    0xD9, 0xCC, 0x9F, 0x5F, 0xF3, 0xA4, 0xB7, 0x3A, 0x09, 0x09, 0x2F, 0x5E, 0x87, 0x52, 0x0F, 0x97,
    0x4D, 0xE8, 0x06, 0xAA, 0x63, 0x54, 0xD5, 0x40, 0xC8, 0x6C, 0x84, 0x09, 0xA4, 0x90, 0xD8, 0xD0,
    0x3C, 0x0C, 0x4B, 0x0B, 0x33, 0x9D, 0xA9, 0x9F, 0x1F, 0xE8, 0xC2, 0x1A, 0x4E, 0x01, 0xDE, 0x5D,
    0xFE, 0xAB, 0x50, 0xF1, 0x85, 0x7C, 0x96, 0x4B, 0x3E, 0xAB, 0x53, 0xFA, 0xEF, 0x1E, 0xE6, 0x72,
    0x6E, 0x0F, 0xB7, 0x3C, 0x9F, 0xF9, 0xC9, 0xB5, 0xEC, 0xBA, 0xF7, 0x77, 0xE4, 0x61, 0xC9, 0x4F,
    0x7C, 0x92, 0xDB, 0x62, 0x20, 0x8C, 0xE0, 0x12, 0xBE, 0x82, 0xE7, 0xA7, 0xCF, 0xA8, 0x69, 0x17,
    0xB9, 0x3F, 0xC1, 0x55, 0x6F, 0xBA, 0x21, 0x86, 0x69, 0x2A, 0xFF, 0xBB, 0xD0, 0x27, 0x65, 0x6B,
    0xAA, 0x31, 0xAC, 0x4C, 0x57, 0xF3, 0x7D, 0x25, 0xCD, 0x0F, 0xA5, 0x43, 0xA0, 0xB1, 0x02, 0x7A,
    0xFF, 0xB6, 0x6C, 0xA7, 0x91, 0xB4, 0x48, 0xE6, 0x7A, 0xBD, 0x7F, 0x87, 0x70, 0x4B, 0xBC, 0x13,
    0xDD, 0xCE, 0xE9, 0x6D, 0xE6, 0xF4, 0xE9, 0x28, 0x28, 0x6D, 0x35, 0x7C, 0x87, 0x7C, 0xE8, 0xF5,
    0x1F, 0x76, 0xA6, 0x99, 0x24, 0x34, 0x99, 0x75, 0x35, 0x6B, 0xB8, 0x83, 0xDB, 0x97, 0xB1, 0xD8,
    0x5C, 0xF6, 0xC3, 0x8B, 0xBC, 0x60, 0xDA, 0x56, 0x8F, 0x93, 0x5C, 0x4A, 0xA9, 0x65, 0x5A, 0x3D,
    0x7F, 0xC5, 0x84, 0x4E, 0x19, 0x90, 0x3D, 0x42, 0x81, 0xA8, 0x52, 0x1D, 0x0E, 0xA1, 0x10, 0xC7,
    0x25, 0x59, 0xCE, 0xD1, 0xA8, 0x8F, 0x11, 0x88, 0x5E, 0x21, 0xBC, 0x31, 0xF2, 0xAF, 0x76, 0x05,
    0x72, 0x63, 0x52, 0xB8, 0x24, 0x2E, 0x91, 0x54, 0x1F, 0x9F, 0x91, 0xC7, 0x6E, 0x27, 0x6A, 0x90,
    0x54, 0x2D, 0x92, 0xC9, 0x2B, 0xFB, 0xC3, 0x01, 0xD1, 0xBF, 0xBB, 0xFC, 0xBD, 0xCF, 0x36, 0x6B,
    0x7F, 0x92, 0xB5, 0xE2, 0x82, 0x36, 0xF8, 0x93, 0xDF, 0xAD, 0xF9, 0xD2, 0x47, 0x50, 0xD5, 0xC7,
    0x57, 0x94, 0x33, 0x17, 0x6F, 0x1F, 0xD6, 0xA5, 0xF4, 0xCF, 0x4C, 0xEE, 0xEF, 0x68, 0xCB, 0xD3,
    0xB1, 0xBF, 0x65, 0x9C, 0xE0, 0x81, 0xD3, 0x1A, 0x21, 0xB5, 0xFD, 0x76, 0x5A, 0x2B, 0x62, 0xA2,
    0xB1, 0x9F, 0xFC, 0xB9, 0x5C, 0x28, 0x9B, 0xB4, 0x37, 0x29, 0xDA, 0xAC, 0x33, 0xC9, 0xBA, 0xA2,
    0x35, 0xE1, 0x96, 0xD5, 0x24, 0x19, 0x7C, 0x3A, 0x09, 0x41, 0x3A, 0x72, 0x25, 0x9F, 0x9D, 0xC9,
    0xCD, 0x66, 0x28, 0x6A, 0x26, 0x8A, 0xAC, 0xE5, 0x3E, 0x21, 0xE9, 0x98, 0xA6, 0xE2, 0xDE, 0xF2,
    0x75, 0x71, 0xE6, 0x8F, 0xBC, 0x27, 0x22, 0x49, 0x21, 0x82, 0xB9, 0x2D, 0x2C, 0xCE, 0x79, 0x10,
    0x96, 0x74, 0x65, 0xBD, 0x1D, 0x93, 0x8E, 0xFF, 0x29, 0x91, 0x74, 0x59, 0x9B, 0xF6, 0x49, 0xC7,
    0x9C, 0x63, 0x49, 0x0C, 0x45, 0x9B, 0x30, 0x2F, 0x36, 0x89, 0x79, 0x9D, 0x46, 0x9B, 0x72, 0xB5,
    0x92, 0xB2, 0xAA, 0x72, 0xA3, 0x50, 0xED, 0x86, 0xD4, 0xCC, 0xC6, 0x99, 0x81, 0x96, 0xA1, 0xDB,
    0x3D, 0x86, 0xFF, 0xFF, 0x3B, 0x8C, 0xCD, 0x64, 0xAE, 0xC0, 0xD8, 0x0E, 0xEB, 0x09, 0x23, 0xC4,
    0x94, 0x96, 0x77, 0x58, 0xEE, 0x74, 0x91, 0x72, 0xF2, 0xC8, 0x51, 0x7D, 0xC1, 0x68, 0x16, 0xA3,
    0x0D, 0xBC, 0xD7, 0xF2, 0xC1, 0x54, 0x74, 0x34, 0x4E, 0x7D, 0x7F, 0x4A, 0x7A, 0x5A, 0xAB, 0x36,
    0x53, 0x3C, 0xD0, 0x7C, 0x27, 0xAE, 0x41, 0xBB, 0x1E, 0xCD, 0x14, 0xC6, 0xB0, 0x99, 0xD6, 0x18,
    0x69, 0xBF, 0x99, 0xCC, 0xE9, 0xA5, 0xB9, 0x76, 0xC3, 0xC6, 0x6E, 0xD9, 0x16, 0x16, 0x3C, 0xB0,
    0xDB, 0x52, 0x36, 0x66, 0x94, 0x4D, 0xD9, 0xAA, 0x36, 0xA3, 0x68, 0xCB, 0xCF, 0xF0, 0x4B, 0xC8,
    0x7A, 0xDA, 0xB1, 0x75, 0x97, 0x80, 0x47, 0x35, 0xA1, 0xF8, 0x0E, 0x65, 0xF6, 0xCD, 0x51, 0x5E,
    0xF9, 0x47, 0xB7, 0x38, 0x3F, 0xA3, 0x44, 0x59, 0x83, 0xA6, 0x5D, 0xDA, 0x9A, 0xE7, 0x0F, 0x65,
    0x6B, 0x39, 0xCC, 0xC4, 0x31, 0xCC, 0x3A, 0xCE, 0x2A, 0x3B, 0x7F, 0x4F, 0xE5, 0xE7, 0xA6, 0x56,
    0x82, 0xB4, 0xD3, 0x3E, 0xB3, 0x1C, 0x99, 0x56, 0x99, 0x65, 0x3B, 0xED, 0x8A, 0x3A, 0x6B, 0x13,
    0xD3, 0xAC, 0xB5, 0x4A, 0xE9, 0x4C, 0x67, 0x2B, 0x19, 0x32, 0xCB, 0x72, 0xDA, 0x51, 0xD3, 0xAA,
    0xD3, 0x6E, 0x3B, 0xAD, 0xE6, 0xF4, 0xD7, 0x97, 0x34, 0x20, 0x34, 0xED, 0xC2, 0x9D, 0x78, 0xFC,
    0xEF, 0x63, 0xF1, 0xE4, 0xF3, 0x2C, 0xD3, 0x9D, 0xB7, 0xF5, 0x7A, 0x1E, 0xD2, 0xDB, 0xA5, 0x5F,
    0x68, 0x8F, 0x26, 0xAE, 0xB4, 0x98, 0xFE, 0xE4, 0x3F, 0xEC, 0x27, 0xA6, 0x9C, 0xC8, 0x50, 0x5A,
    0x42, 0x5F, 0xFE, 0x5A, 0x38, 0xA9, 0x61, 0xD0, 0x0A, 0xB8, 0xB7, 0xE5, 0xC5, 0x2E, 0x34, 0x1D,
    0xB8, 0x4C, 0xC9, 0x8A, 0xC6, 0x6B, 0xC4, 0xAE, 0x8D, 0x1A, 0xCC, 0x64, 0xC8, 0x09, 0x09, 0x55,
    0xE6, 0xEF, 0x4A, 0xA0, 0x55, 0xD6, 0x9B, 0x5A, 0x22, 0x37, 0x76, 0xDC, 0xE0, 0xFA, 0xFB, 0x92,
    0xD0, 0xEA, 0x07, 0x56, 0x11, 0xEF, 0x94, 0x71, 0x53, 0x41, 0xC3, 0xC2, 0x25, 0x34, 0xFB, 0x92,
    0x95, 0x91, 0xFC, 0x5E, 0x1A, 0x66, 0xA2, 0xE4, 0x12, 0x23, 0xA8, 0x91, 0x6E, 0x97, 0x7E, 0xA6,
    0x7C, 0x33, 0xA4, 0xAD, 0xAA, 0xD8, 0x58, 0x56, 0x71, 0x9F, 0xB6, 0x59, 0x9D, 0xB4, 0x46, 0x3C,
    0x8B, 0x36, 0xD6, 0x67, 0xCC, 0xF3, 0x46, 0x6B, 0xFC, 0xDB, 0xA5, 0xCD, 0x5D, 0x69, 0xB9, 0x97,
    0x1B, 0xB2, 0x8A, 0xC1, 0x34, 0xCA, 0xCF, 0x94, 0x0E, 0x49, 0x07, 0xBA, 0x2C, 0x96, 0x4F, 0x5F,
    0xDE, 0x15, 0xF2, 0xB9, 0xBF, 0x44, 0x7A, 0xC7, 0x22, 0xD0, 0xF4, 0x77, 0xB4, 0x00, 0xB3, 0xC4,
    0x31, 0x1D, 0x2D, 0x35, 0x47, 0x6B, 0x98, 0x2D, 0x4E, 0x13, 0x43, 0xD2, 0xA7, 0xCA, 0xB9, 0xAE,
    0xFE, 0x4B, 0x3F, 0x9B, 0xDF, 0xE1, 0x79, 0x5B, 0x6F, 0xA9, 0xC6, 0x9D, 0xFA, 0x23, 0xD6, 0xD2,
    0xE4, 0x54, 0xF8, 0xBF, 0x0D, 0xB8, 0xDC, 0xAC, 0x82, 0x2E, 0x93, 0x8C, 0xAB, 0xD9, 0xBD, 0xE9,
    0x60, 0x96, 0xE5, 0x91, 0x8A, 0x32, 0x8B, 0x2A, 0x68, 0x19, 0x47, 0x79, 0x42, 0x4A, 0x25, 0x9A,
    0x45, 0x35, 0xF9, 0xE2, 0x9E, 0xFF, 0x1E, 0x73, 0x8B, 0xDA, 0xD8, 0xE5, 0xD6, 0x26, 0x45, 0x1D,
    0x1C, 0xD5, 0x3D, 0x92, 0xD3, 0x86, 0x5F, 0xBF, 0x3D, 0xD1, 0xF6, 0x2D, 0xB5, 0x01, 0x2D, 0xCC,
    0xA9, 0x68, 0xD2, 0xAB, 0xA2, 0x2F, 0x9C, 0x89, 0x3E, 0x33, 0xFB, 0xCA, 0xB5, 0x9D, 0x75, 0xA0,
    0x2F, 0x88, 0x02, 0xD2, 0x07, 0x58, 0x8B, 0xD0, 0x07, 0xB2, 0x5F, 0x2B, 0x37, 0xED, 0xB3, 0x56,
    0x5C, 0xCF, 0x92, 0x2B, 0x4D, 0x33, 0xFE, 0xD5, 0xF6, 0x6D, 0xDC, 0x2E, 0x2A, 0xEA, 0x6E, 0x0E,
    0x43, 0x2B, 0x0E, 0x7F, 0x11, 0x82, 0x72, 0xD6, 0x65, 0x56, 0x9D, 0xC6, 0xB8, 0x2F, 0x3E, 0x66,
    0x90, 0x14, 0x2D, 0x99, 0xE5, 0x2E, 0xDB, 0x0F, 0xB9, 0x4F, 0x5D, 0x21, 0x11, 0x57, 0x85, 0xAC,
    0x01, 0x5F, 0x3F, 0x53, 0xB5, 0x6E, 0x58, 0x39, 0x46, 0x84, 0xAD, 0x03, 0x3C, 0xBE, 0xCE, 0xE6,
    0x7B, 0x98, 0x51, 0x29, 0x3A, 0x88, 0xFA, 0xB9, 0x9B, 0xC0, 0xBB, 0x90, 0xEA, 0xB9, 0xF1, 0x72,
    0xA9, 0x3D, 0x21, 0x7D, 0x9A, 0x51, 0x0B, 0xCB, 0x13, 0x0A, 0xAE, 0x04, 0xEF, 0xA8, 0xB6, 0xEF,
    0xBC, 0xC7, 0xA2, 0x10, 0x1B, 0x7A, 0x92, 0xC1, 0x4B, 0x13, 0xCB, 0x11, 0xFA, 0xE4, 0x91, 0xA3,
    0x39, 0x9F, 0xB3, 0x62, 0xAD, 0x08, 0xD7, 0x90, 0x54, 0xE0, 0xF1, 0xC8, 0x57, 0xBD, 0x39, 0x3C,
    0x12, 0xEF, 0x74, 0x14, 0x6F, 0xEB, 0xCD, 0x90, 0x7E, 0x3E, 0xD0, 0x61, 0x59, 0x6D, 0x53, 0x44,
    0x43, 0x83, 0xD5, 0xAD, 0xCF, 0x77, 0x65, 0x1F, 0x05, 0x1A, 0x29, 0x2E, 0x32, 0xA4, 0x5D, 0xF8,
    0xC6, 0x3D, 0x35, 0x24, 0x9F, 0x1B, 0xA6, 0x80, 0xD5, 0x58, 0x91, 0xD4, 0x2F, 0x37, 0x84, 0xFE,
    0x56, 0x0A, 0x28, 0x06, 0xAE, 0x3C, 0xD0, 0x21, 0x69, 0x09, 0x2C, 0x97, 0x75, 0xCE, 0xA6, 0x90,
    0x9D, 0xAA, 0xC3, 0x02, 0x6B, 0xDE, 0xFE, 0xEE, 0x4F, 0x0A, 0xB6, 0x20, 0x2A, 0x0D, 0x81, 0x83,
    0xD7, 0x0B, 0x68, 0x1C, 0x8D, 0x4F, 0x72, 0x5F, 0x4D, 0x4A, 0x24, 0xED, 0xE9, 0x0A, 0xE6, 0xB1,
    0xAC, 0xF3, 0x69, 0x74, 0x5C, 0x2B, 0x22, 0x7F, 0xBF, 0x94, 0x39, 0x7B, 0xAB, 0xE5, 0x2E, 0xDA,
    0x7B, 0x92, 0x0F, 0x6A, 0x94, 0xC0, 0x6F, 0xD2, 0x0D, 0x8F, 0x23, 0xAB, 0x03, 0xA4, 0x4F, 0x3F,
    0xBA, 0xB0, 0xC6, 0x37, 0xD9, 0xE5, 0x45, 0x6B, 0xA2, 0xA6, 0x40, 0xAC, 0xE3, 0x21, 0x85, 0x4B,
    0xD6, 0x3D, 0x20, 0xFD, 0xA9, 0xA4, 0xC3, 0xF5, 0x92, 0x0D, 0x59, 0x87, 0xF4, 0x59, 0x4F, 0x62,
    0x1D, 0x65, 0xFF, 0x1E, 0x65, 0xFF, 0x27, 0xBD, 0xE2, 0xC3, 0xE7, 0xD2, 0xD2, 0x14, 0x02, 0xEC,
    0x7D, 0x3C, 0xF7, 0xD6, 0xEA, 0x19, 0x7C, 0x42, 0x39, 0x7D, 0x55, 0x94, 0xAE, 0xB4, 0x8C, 0x67,
    0x75, 0x58, 0x2D, 0x37, 0x7A, 0xE7, 0x2F, 0x73, 0x13, 0x2D, 0xFA, 0x7D, 0x48, 0x69, 0x59, 0x64,
    0x38, 0xF8, 0xDB, 0x0C, 0x08, 0x03, 0x55, 0x88, 0x16, 0xA9, 0x25, 0x8E, 0xFA, 0x7F, 0xDB, 0xBB,
    0x7E, 0x18, 0xC9, 0xAD, 0xF3, 0xFE, 0x71, 0x26, 0xB7, 0xA3, 0x68, 0x02, 0xB3, 0x89, 0x1C, 0x44,
    0xE7, 0x80, 0x69, 0x12, 0x20, 0x4A, 0x6C, 0x36, 0x29, 0x52, 0x38, 0x26, 0x63, 0x17, 0x2E, 0x5C,
    0xE4, 0x8A, 0x5D, 0x1F, 0x60, 0x15, 0x2A, 0xE3, 0x40, 0x01, 0xAE, 0x71, 0xA9, 0x80, 0x63, 0xBB,
    0x70, 0xE9, 0x43, 0x00, 0xDB, 0x45, 0x0A, 0xAB, 0x38, 0x03, 0xD2, 0x1E, 0x02, 0xA5, 0x70, 0xE1,
    0xC2, 0x11, 0xC7, 0x76, 0xE1, 0x76, 0x6C, 0xC7, 0x48, 0x91, 0x42, 0x0C, 0x2C, 0x3B, 0xCE, 0xA9,
    0x10, 0x2D, 0x51, 0x11, 0x75, 0xF7, 0xC8, 0x2F, 0xFC, 0x7E, 0xBF, 0xF7, 0x96, 0xDC, 0x99, 0x59,
    0xED, 0xED, 0xDD, 0xE1, 0x74, 0xBA, 0x98, 0x77, 0xF3, 0xFB, 0x7D, 0x3B, 0xC3, 0x21, 0x39, 0xEF,
    0xCD, 0x3C, 0xBE, 0xEF, 0xEF, 0x23, 0x55, 0x5B, 0x34, 0x04, 0xF8, 0x1F, 0xFB, 0x3C, 0x5E, 0x52,
    0x84, 0xD1, 0x0D, 0x01, 0xCD, 0x3C, 0x66, 0xDA, 0x21, 0xA4, 0x2F, 0x56, 0xFB, 0xC5, 0xF0, 0xEC,
    0xA6, 0x0E, 0xF2, 0x43, 0x87, 0x7B, 0x21, 0xFB, 0x7D, 0x06, 0x6F, 0x11, 0x27, 0x87, 0xB4, 0x60,
    0xD3, 0x84, 0xCD, 0x7A, 0x42, 0x27, 0x11, 0x1A, 0xB7, 0x15, 0x31, 0x51, 0x69, 0x0F, 0xCD, 0x4C,
    0x19, 0xCA, 0xE5, 0xE3, 0x34, 0x70, 0x77, 0x25, 0xAE, 0x88, 0xD9, 0x60, 0xE1, 0xD6, 0xFC, 0x54,
    0x84, 0x86, 0x8D, 0x31, 0x66, 0xD1, 0x2E, 0x69, 0xD4, 0x6A, 0xCF, 0x8C, 0xD0, 0x28, 0x2B, 0x18,
    0xD7, 0x4A, 0x68, 0x8A, 0x8D, 0xFD, 0xF8, 0x17, 0x03, 0x39, 0xE8, 0xE8, 0x29, 0x7E, 0xCA, 0xDF,
    0xB5, 0x5F, 0x21, 0x75, 0x3F, 0xC9, 0x10, 0xB2, 0xCC, 0x80, 0x32, 0xF8, 0x03, 0xA9, 0xA2, 0x59,
    0x5B, 0x60, 0xE0, 0x32, 0x05, 0x76, 0x25, 0x50, 0x68, 0x73, 0x4E, 0xF0, 0x31, 0xA2, 0x2C, 0x7B,
    0xA3, 0x96, 0x3F, 0x67, 0xC7, 0x21, 0xC0, 0xA5, 0xAD, 0x51, 0x97, 0x21, 0xAE, 0xBA, 0x2F, 0x8C,
    0xE6, 0x5A, 0x54, 0xA0, 0x92, 0x39, 0xD0, 0x6A, 0x24, 0xAA, 0x39, 0x89, 0xDA, 0x0C, 0x29, 0xEB,
    0x68, 0x3B, 0x90, 0x27, 0xAF, 0x43, 0xAF, 0x69, 0x31, 0xF3, 0x6E, 0xA1, 0x99, 0xB7, 0xB8, 0xF9,
    0xDB, 0xE9, 0xE0, 0x22, 0x61, 0xDA, 0xA7, 0x60, 0x66, 0x90, 0x33, 0x95, 0xDD, 0xCE, 0x66, 0x2A,
    0xAA, 0x5D, 0x31, 0x14, 0x83, 0xFF, 0xC2, 0x3D, 0xFC, 0x2D, 0x3B, 0x53, 0xFA, 0x2E, 0x42, 0x2D,
    0xEE, 0xF4, 0x34, 0x57, 0x6C, 0xB9, 0xBE, 0x39, 0x96, 0x46, 0xB4, 0x5E, 0x3D, 0xF9, 0x12, 0x9E,
    0x37, 0x55, 0x5C, 0x2C, 0xFA, 0xC4, 0x28, 0xDB, 0xE0, 0xE2, 0xE3, 0x3A, 0x45, 0x12, 0x4C, 0xCB,
    0x4A, 0x66, 0x87, 0xC1, 0x9A, 0xF5, 0x61, 0x6F, 0xF2, 0x67, 0x6E, 0x58, 0xC0, 0xB8, 0x4D, 0x0A,
    0x4D, 0x3D, 0x89, 0x11, 0x87, 0xBC, 0xB0, 0x17, 0xCA, 0x15, 0x9A, 0x6D, 0x93, 0xD9, 0x3D, 0x2B,
    0xBF, 0x24, 0xD8, 0x3E, 0xE0, 0x2E, 0x3A, 0xBD, 0xCD, 0x82, 0xCE, 0xC8, 0x19, 0x67, 0x17, 0xE4,
    0xA9, 0x9F, 0xD8, 0xE4, 0x0D, 0xE5, 0xA5, 0xD5, 0xA7, 0xA8, 0x29, 0x27, 0xA8, 0xBE, 0x06, 0x11,
    0xE3, 0x49, 0xE1, 0x2E, 0x1D, 0xC1, 0x9E, 0xEF, 0xCC, 0x08, 0x43, 0xEB, 0x10, 0x72, 0xBE, 0x7B,
    0x5A, 0x81, 0x0A, 0xB8, 0x0F, 0x98, 0x7E, 0x50, 0xD6, 0x26, 0x47, 0xB4, 0x35, 0x42, 0x16, 0xD8,
    0x24, 0x99, 0xCD, 0x29, 0x85, 0xCD, 0x7D, 0xBC, 0x6C, 0x63, 0xA9, 0x97, 0x59, 0x2B, 0xC4, 0xEF,
    0x8F, 0x40, 0xCD, 0x92, 0x72, 0xDC, 0xDB, 0x94, 0xA9, 0x81, 0xBC, 0xD0, 0xB8, 0x13, 0x9E, 0x57,
    0x2C, 0x27, 0x5C, 0x78, 0x3D, 0x32, 0xD3, 0x6B, 0xAD, 0x5D, 0xA7, 0xFD, 0x1D, 0x29, 0xF4, 0xE7,
    0x95, 0xD8, 0xF5, 0xD3, 0xD1, 0x3C, 0xC4, 0xF2, 0x52, 0x97, 0x0A, 0x9F, 0x97, 0x0A, 0x96, 0xFA,
    0x14, 0x58, 0x83, 0x8C, 0xED, 0x93, 0x58, 0xC3, 0x1C, 0xB0, 0x49, 0xA8, 0xBC, 0x5F, 0xBA, 0x32,
    0xBA, 0xBE, 0xB9, 0x25, 0x6E, 0x94, 0xB3, 0x51, 0xC6, 0x35, 0x72, 0x8B, 0x6E, 0x6A, 0x3D, 0xE9,
    0x84, 0xCD, 0x44, 0xCE, 0x47, 0xB9, 0x03, 0x63, 0x7F, 0xBD, 0x0E, 0x2A, 0x5F, 0x14, 0x36, 0xB3,
    0x75, 0x17, 0x53, 0xD6, 0x5A, 0x41, 0xE0, 0x0D, 0xAC, 0x61, 0x18, 0x2C, 0x99, 0x5F, 0x18, 0xEB,
    0xAF, 0x82, 0xD5, 0x0C, 0xC3, 0x26, 0xF3, 0x0C, 0x19, 0xA7, 0xA6, 0x15, 0x47, 0x6A, 0x64, 0xB0,
    0xCF, 0x4F, 0xC6, 0xC9, 0x66, 0xA1, 0xBE, 0xA6, 0x52, 0xDA, 0x2E, 0x7B, 0x2F, 0x22, 0x10, 0x96,
    0x22, 0xD2, 0x10, 0x29, 0x2E, 0xFB, 0xB4, 0x15, 0xDA, 0x05, 0xE7, 0x6A, 0xDA, 0x16, 0xC6, 0xD8,
    0x99, 0x16, 0x35, 0x53, 0xE9, 0xA0, 0xF2, 0x23, 0x4D, 0xAD, 0x43, 0x62, 0x1C, 0xCD, 0x2B, 0x4C,
    0x8E, 0x8B, 0x82, 0xB6, 0x9E, 0x87, 0xE8, 0x6B, 0x3A, 0x90, 0xD8, 0xBC, 0x3D, 0x86, 0x61, 0xB6,
    0xE2, 0xBE, 0x46, 0x2C, 0xC6, 0x36, 0x3C, 0x69, 0xC2, 0x99, 0x4D, 0x9A, 0xB8, 0xD1, 0x28, 0x1B,
    0x44, 0x30, 0x44, 0x37, 0x8A, 0x68, 0xC9, 0xB0, 0x45, 0x9D, 0x7F, 0x16, 0x54, 0x06, 0x25, 0x0B,
    0x3F, 0xAF, 0x93, 0xBB, 0x84, 0xF6, 0xB8, 0x7E, 0xCC, 0xDE, 0x7E, 0xA1, 0xA9, 0xC5, 0x32, 0xE6,
    0x2F, 0xCD, 0xB5, 0xCA, 0x7A, 0x5C, 0x05, 0x3C, 0xC5, 0xDA, 0x94, 0xAD, 0x40, 0x11, 0x6B, 0x30,
    0x39, 0xC3, 0xC5, 0x65, 0xEF, 0x4B, 0x65, 0x43, 0x42, 0xA8, 0x5B, 0xEB, 0x8F, 0x92, 0x31, 0x7D,
    0x3A, 0xD5, 0xFC, 0x70, 0x6E, 0xB3, 0x86, 0x9F, 0xF6, 0x89, 0xAE, 0x79, 0xF6, 0xD5, 0x0C, 0x14,
    0x26, 0x4E, 0x4C, 0xD4, 0xC5, 0x6D, 0xFF, 0xBD, 0xC9, 0x5C, 0x20, 0xEA, 0x0D, 0x43, 0x18, 0xED,
    0x0C, 0xCF, 0x25, 0x0C, 0xE7, 0x61, 0xD4, 0x16, 0x15, 0x9B, 0xA0, 0x95, 0xE5, 0x4B, 0xC3, 0x75,
    0xAC, 0xCF, 0xBD, 0x65, 0x39, 0xD8, 0x07, 0x2B, 0x26, 0x64, 0x17, 0x6D, 0x66, 0x96, 0x0B, 0xA2,
    0xDB, 0x83, 0xCE, 0x5E, 0x4D, 0x07, 0x2C, 0x9B, 0x44, 0xE3, 0xCA, 0xEC, 0x95, 0x6F, 0xDE, 0xD1,
    0x6A, 0x3E, 0x1A, 0xF5, 0xC2, 0x1C, 0x9D, 0x26, 0x12, 0x49, 0x71, 0x0D, 0xCB, 0x4A, 0xF6, 0x6D,
    0x49, 0x47, 0x9E, 0x24, 0x54, 0x08, 0xBE, 0x26, 0xEC, 0xE8, 0x32, 0x48, 0xDD, 0x2C, 0x48, 0x2F,
    0xFD, 0xE3, 0xC1, 0x8B, 0xE1, 0x77, 0xB2, 0xDA, 0x49, 0xAD, 0x92, 0xE2, 0x44, 0x4A, 0xC7, 0xE7,
    0x82, 0x30, 0x73, 0xE4, 0xD1, 0x51, 0x70, 0x60, 0x39, 0x80, 0x38, 0x73, 0x41, 0x27, 0x28, 0xA7,
    0x1F, 0x26, 0xAD, 0xE9, 0x1D, 0x4D, 0x39, 0x50, 0xFC, 0xD2, 0x49, 0xFC, 0x4D, 0x98, 0x8D, 0xE5,
    0xF7, 0xE5, 0x09, 0xC9, 0x38, 0xC0, 0xF0, 0x8B, 0x9B, 0xB5, 0x90, 0x62, 0xE5, 0x97, 0x74, 0xCC,
    0x71, 0xC2, 0xFC, 0x8E, 0x12, 0xC2, 0x71, 0xCF, 0x91, 0xEC, 0x73, 0x98, 0x54, 0x06, 0x29, 0xA7,
    0x84, 0xA9, 0x4E, 0x03, 0x09, 0x23, 0x23, 0x24, 0x4C, 0x85, 0x4C, 0xB2, 0x2B, 0x48, 0x15, 0x52,
    0x66, 0xBF, 0xF2, 0x35, 0x1C, 0x54, 0xF6, 0xBB, 0xEC, 0x4B, 0xED, 0x5F, 0xA1, 0xBE, 0x12, 0x14,
    0x5B, 0x70, 0xD0, 0x9D, 0x7E, 0xAA, 0xDA, 0xA3, 0x0D, 0x7A, 0x24, 0xEE, 0xD0, 0xAD, 0xE3, 0xF3,
    0x59, 0x86, 0x4F, 0xC9, 0x6D, 0xA1, 0x15, 0x85, 0x84, 0x43, 0x14, 0xF5, 0x2D, 0x08, 0xD9, 0xAF,
    0x82, 0xB0, 0x4A, 0x29, 0x3C, 0x9D, 0x6C, 0x8E, 0x8C, 0x69, 0xB9, 0xA1, 0xD0, 0x84, 0x03, 0x05,
    0x61, 0x1E, 0x5E, 0x4A, 0x36, 0x61, 0x9F, 0x9C, 0x1C, 0x42, 0xC0, 0x0F, 0x42, 0x9D, 0xC2, 0xC2,
    0x3C, 0x6E, 0x1C, 0x3A, 0x1A, 0x38, 0x7A, 0x16, 0x48, 0xA7, 0x31, 0x8F, 0x90, 0xBE, 0xB1, 0x16,
    0xCE, 0x0D, 0x71, 0x04, 0xE6, 0x5C, 0x0B, 0x9B, 0x85, 0x7D, 0x40, 0x01, 0x23, 0x5C, 0x3B, 0x0A,
    0x71, 0x77, 0x86, 0xE0, 0x4C, 0x58, 0x7A, 0xC1, 0x8E, 0x93, 0x72, 0xD6, 0xA9, 0x83, 0xFC, 0x13,
    0xD5, 0x9F, 0x94, 0xF6, 0xEA, 0xC4, 0xCE, 0x53, 0x78, 0x33, 0x47, 0x17, 0xAB, 0x6E, 0x60, 0xD7,
    0x9C, 0xB1, 0x39, 0x0E, 0xD1, 0x8E, 0x61, 0x3C, 0xE1, 0x45, 0x79, 0x01, 0xD1, 0x34, 0x68, 0x83,
    0xCD, 0x0B, 0xCB, 0x95, 0x09, 0xD1, 0xFA, 0xAF, 0xE6, 0xB2, 0xBB, 0xFD, 0x3F, 0xF4, 0xC2, 0x20,
    0xEF, 0xF7, 0xF8, 0xF8, 0xE5, 0x50, 0xE9, 0xD6, 0xB8, 0xF0, 0x73, 0x93, 0x4F, 0x5D, 0xFD, 0xF9,
    0xF7, 0x8D, 0x3F, 0x36, 0x5F, 0xFF, 0xA5, 0xEC, 0x6C, 0x1F, 0x16, 0xEF, 0xCD, 0x58, 0x66, 0xE3,
    0xD7, 0xFC, 0x2A, 0x54, 0x34, 0x5D, 0xD3, 0x65, 0x33, 0x57, 0xBD, 0x69, 0xA6, 0x9F, 0x4A, 0x2E,
    0xAF, 0x12, 0xCD, 0xC7, 0x3A, 0x0B, 0xCE, 0xB0, 0x68, 0x85, 0x0D, 0x35, 0xDA, 0x33, 0x76, 0xB0,
    0x24, 0x4E, 0x9C, 0x28, 0x99, 0x03, 0x76, 0x63, 0x69, 0x00, 0x5A, 0xE1, 0x17, 0xDA, 0x1F, 0xFD,
    0x8B, 0xCC, 0x7C, 0xD0, 0x00, 0x30, 0x01, 0x46, 0xA5, 0xA1, 0x44, 0xD7, 0x0C, 0x25, 0xB9, 0x10,
    0x46, 0x8C, 0x57, 0xF3, 0x11, 0x68, 0x0B, 0x1F, 0xBE, 0x82, 0xAC, 0xAD, 0x83, 0x73, 0x22, 0xBC,
    0xB3, 0xAD, 0x20, 0x24, 0xE5, 0x95, 0xFE, 0xA1, 0xFD, 0x84, 0x7A, 0x99, 0x19, 0x48, 0x69, 0xB0,
    0x34, 0x90, 0xF8, 0x22, 0x20, 0x91, 0xC1, 0xBC, 0xE2, 0x4D, 0x68, 0x26, 0xF1, 0x7A, 0xE0, 0x34,
    0xB7, 0x70, 0xA8, 0x60, 0x95, 0x4A, 0x5C, 0xB8, 0x8D, 0x2E, 0x11, 0xED, 0xF2, 0x63, 0xEB, 0xCB,
    0xFC, 0xDF, 0x3E, 0x22, 0x85, 0x3C, 0x91, 0x6D, 0xAC, 0x71, 0xFA, 0x36, 0xCC, 0x3B, 0xD2, 0x26,
    0x54, 0xB1, 0xC8, 0x6C, 0x46, 0x5E, 0x2C, 0x5B, 0x11, 0x27, 0xFF, 0x2A, 0x51, 0x7B, 0x32, 0xB4,
    0xBD, 0x68, 0x30, 0x6E, 0xF3, 0xE6, 0xA9, 0xA3, 0x67, 0xDB, 0x82, 0x71, 0xE8, 0x4D, 0x31, 0x58,
    0x93, 0x3E, 0x15, 0x42, 0xDB, 0x96, 0x5A, 0x7F, 0x54, 0x91, 0x47, 0xE7, 0x32, 0xFD, 0x56, 0x97,
    0xBD, 0x2E, 0xDD, 0x30, 0x04, 0x1E, 0x5E, 0x5E, 0x59, 0xB5, 0x10, 0x5D, 0x95, 0x92, 0xAD, 0xE2,
    0x5A, 0x5E, 0xFC, 0x44, 0x5E, 0x6E, 0xB4, 0x4E, 0xEB, 0x65, 0x95, 0xAC, 0x35, 0xBF, 0x81, 0xC1,
    0x79, 0xC9, 0xE8, 0xBD, 0xDC, 0xA6, 0xA7, 0xD9, 0x1B, 0xC3, 0x23, 0x4F, 0xBB, 0x67, 0x30, 0xF8,
    0x8C, 0xE3, 0x68, 0x30, 0x9C, 0x71, 0x8B, 0x47, 0x35, 0xE0, 0x13, 0x51, 0x1D, 0xC4, 0x4F, 0xCA,
    0x97, 0xE4, 0xEC, 0x6D, 0xD1, 0x83, 0x4A, 0xDC, 0x30, 0xD6, 0xE2, 0x4B, 0xF3, 0xFE, 0xF5, 0xD5,
    0x8D, 0xB5, 0xE6, 0x37, 0xBE, 0x27, 0xC3, 0x9B, 0xED, 0xA0, 0x1F, 0x91, 0x4F, 0x86, 0x93, 0xFE,
    0xCE, 0xF0, 0xEF, 0x5E, 0xB7, 0x2B, 0x9E, 0x2F, 0xD1, 0x48, 0x4E, 0xD5, 0x85, 0xE7, 0x85, 0x46,
    0xF3, 0xC9, 0x59, 0x05, 0x71, 0x99, 0xBF, 0xF0, 0x25, 0xA9, 0x21, 0xC6, 0xF2, 0x47, 0x72, 0xFF,
    0x1B, 0xCE, 0xCC, 0xE9, 0x27, 0xCF, 0x3C, 0xA3, 0x7B, 0x29, 0x54, 0x29, 0x11, 0x9E, 0x39, 0xCE,
    0x5F, 0x18, 0x3F, 0xF1, 0x5F, 0xC8, 0xD9, 0xDB, 0x5C, 0xF3, 0x7B, 0x6A, 0xF5, 0x8F, 0x93, 0xB0,
    0xC7, 0x28, 0x7E, 0x7F, 0x14, 0xDB, 0x13, 0x29, 0x6A, 0x3C, 0xE7, 0x32, 0xF3, 0xE2, 0x7C, 0xCD,
    0x2F, 0x20, 0xBF, 0xEE, 0x8B, 0xDA, 0x1A, 0x4A, 0xC2, 0xAB, 0x50, 0x6A, 0x79, 0x67, 0xEC, 0x0D,
    0x5F, 0x1D, 0xE3, 0x13, 0x32, 0x83, 0x74, 0x85, 0x4B, 0x34, 0xF8, 0x5D, 0x76, 0xE4, 0xBD, 0xB7,
    0x23, 0xDE, 0x5C, 0x5E, 0xA7, 0x18, 0x9B, 0x7F, 0xD8, 0x8B, 0x7D, 0xBE, 0xD0, 0xB1, 0x59, 0xAE,
    0x09, 0xB7, 0xCB, 0x95, 0x3C, 0xA8, 0x6D, 0xCE, 0x1B, 0xAF, 0x41, 0xBC, 0x36, 0xCC, 0x0C, 0xE3,
    0x31, 0xCF, 0x79, 0x59, 0x9F, 0x8C, 0x59, 0xF3, 0x46, 0x18, 0xD3, 0xD7, 0xB1, 0x5D, 0x9F, 0x60,
    0x03, 0xF9, 0xD6, 0x8E, 0xDA, 0xD0, 0x07, 0xBE, 0x05, 0x29, 0xD6, 0x20, 0x36, 0xF1, 0x28, 0xAE,
    0xC7, 0x1D, 0xC6, 0xC0, 0x18, 0x33, 0x24, 0x47, 0x48, 0xD7, 0x12, 0x19, 0x20, 0x22, 0x37, 0xF0,
    0xF8, 0x62, 0xE0, 0xF7, 0xB3, 0xAA, 0xD6, 0xDB, 0xF0, 0x56, 0xB2, 0xBB, 0x15, 0x1B, 0x6A, 0x9E,
    0x25, 0x34, 0x53, 0x72, 0x49, 0x8E, 0x94, 0x3C, 0xF7, 0xBC, 0xF4, 0x1C, 0x7B, 0x4E, 0x3B, 0x72,
    0xF1, 0x0E, 0x59, 0x7F, 0x03, 0x9E, 0xE9, 0x0F, 0xC0, 0x73, 0xFD, 0x0A, 0x38, 0xD6, 0x19, 0x38,
    0xE9, 0xC8, 0x99, 0x23, 0x97, 0x35, 0x59, 0x2B, 0xF0, 0xCF, 0x74, 0x0D, 0xFE, 0x0F, 0xCD, 0xC1,
    0xAF, 0xF5, 0x02, 0x56, 0xE7, 0xB9, 0xF5, 0x0C, 0xCF, 0x74, 0x53, 0xEA, 0xC6, 0xB8, 0xB6, 0x4F,
    0x45, 0x16, 0xE3, 0xAA, 0xEC, 0xA7, 0x7A, 0x6F, 0xB9, 0x26, 0x2B, 0x99, 0x13, 0xFA, 0xF1, 0xD7,
    0x13, 0x06, 0x81, 0xD8, 0x73, 0xD2, 0x93, 0xD3, 0x0E, 0xB3, 0xD4, 0x23, 0xDB, 0x13, 0x3B, 0x83,
    0xD0, 0xC3, 0xD8, 0x85, 0x2A, 0x27, 0x43, 0x10, 0x85, 0xED, 0xC2, 0xB9, 0xED, 0x74, 0xC6, 0x10,
    0x31, 0x60, 0x72, 0xA1, 0xB5, 0x51, 0x4C, 0x4A, 0x49, 0x05, 0x49, 0x41, 0x33, 0xD2, 0x5C, 0x4B,
    0xA3, 0x58, 0x33, 0xA3, 0xD4, 0x81, 0xB2, 0xB6, 0x18, 0xA8, 0xD6, 0xDA, 0xE8, 0x2D, 0x5D, 0x1B,
    0xBD, 0xAB, 0x2B, 0x23, 0x55, 0x01, 0x75, 0xA4, 0x16, 0x84, 0xA8, 0x84, 0x2E, 0x43, 0xC8, 0x84,
    0xCB, 0x74, 0x45, 0x92, 0x81, 0xBC, 0x0A, 0xD1, 0x80, 0x92, 0x1A, 0x94, 0x9D, 0xA2, 0xA2, 0x02,
    0xE9, 0x66, 0xDA, 0x64, 0x47, 0xF9, 0xD4, 0x4B, 0x42, 0xCC, 0x54, 0xDB, 0x7D, 0xF8, 0xE7, 0x96,
    0xFF, 0x84, 0x7D, 0x46, 0xFC, 0x9F, 0x43, 0x43, 0x1A, 0x8C, 0x47, 0xD5, 0x10, 0x68, 0x45, 0xCB,
    0x9F, 0x85, 0xC5, 0x20, 0x52, 0x26, 0xA9, 0xEF, 0xA0, 0x1A, 0xCE, 0x0D, 0x6F, 0xA9, 0x6E, 0xF8,
    0x2E, 0xA0, 0x18, 0xB6, 0x86, 0x7D, 0xBE, 0x27, 0x14, 0x8F, 0x78, 0x55, 0xBF, 0x71, 0x48, 0x3F,
    0xE1, 0x69, 0x5C, 0x70, 0x9F, 0x0B, 0xE0, 0xAD, 0xEF, 0x18, 0xAA, 0xB6, 0x40, 0x05, 0xDA, 0x85,
    0x7D, 0xE3, 0x59, 0xDD, 0xEC, 0x0D, 0xB9, 0x9B, 0xEB, 0x86, 0xFB, 0x00, 0x73, 0xC3, 0x4E, 0x0C,
    0xAF, 0x4B, 0xA1, 0xB7, 0x73, 0x4C, 0x89, 0xC6, 0xBA, 0x0E, 0x1B, 0x83, 0xBA, 0xAC, 0x23, 0x04,
    0x5C, 0x14, 0x2D, 0xEA, 0x4B, 0x78, 0xF8, 0x98, 0x41, 0x6F, 0x95, 0xD4, 0xD4, 0x5E, 0x2D, 0x58,
    0xCD, 0xA1, 0x3A, 0x55, 0xD2, 0x41, 0xA5, 0x7C, 0xE7, 0xB0, 0x5C, 0xD9, 0x3B, 0xF2, 0x01, 0x7E,
    0xEF, 0xDC, 0xF2, 0x12, 0xF8, 0x86, 0x5E, 0xFE, 0xB5, 0x75, 0x3D, 0x3C, 0x76, 0x6F, 0x87, 0xA9,
    0x62, 0x33, 0xE0, 0x2D, 0xCC, 0x9F, 0x7D, 0x61, 0xA0, 0x69, 0xE2, 0x22, 0x71, 0xB9, 0x8D, 0x8B,
    0xAF, 0x0F, 0xE8, 0xD2, 0xD7, 0x80, 0xA6, 0xE4, 0xF6, 0x31, 0x3C, 0xE1, 0xDF, 0xF2, 0x7E, 0xF1,
    0x16, 0x58, 0x4B, 0xF6, 0xBF, 0x38, 0x4B, 0x53, 0xD8, 0x59, 0xDA, 0xE8, 0xB3, 0x0E, 0x9A, 0x66,
    0x65, 0x28, 0x39, 0x50, 0xCE, 0x41, 0x5C, 0x36, 0xBE, 0xB0, 0xFB, 0x00, 0x8D, 0xA8, 0xFB, 0xC0,
    0x5E, 0x7F, 0x68, 0xC0, 0x6D, 0xAE, 0xDB, 0x8F, 0x61, 0x8E, 0xA6, 0x99, 0xEA, 0xF8, 0xE8, 0x8F,
    0x8F, 0xED, 0x63, 0xDD, 0xCF, 0x23, 0xE2, 0x6F, 0xE1, 0x4C, 0xE4, 0x6F, 0xF0, 0x6C, 0xC4, 0x6F,
    0xF6, 0xD8, 0x47, 0x05, 0xEF, 0x22, 0xF7, 0xB9, 0x2F, 0x8C, 0xCC, 0xCF, 0x0F, 0x55, 0x64, 0x07,
    0x44, 0x64, 0x0B, 0x82, 0xAE, 0xD2, 0x4C, 0xE0, 0x59, 0x3D, 0xBA, 0x82, 0x57, 0xCF, 0x01, 0x06,
    0x63, 0x95, 0x67, 0x21, 0x7A, 0xE6, 0xAE, 0x50, 0xF5, 0x75, 0xA0, 0xAE, 0x80, 0x0D, 0xB0, 0x07,
    0x6A, 0x5E, 0xBE, 0x73, 0xA9, 0xF4, 0x35, 0x32, 0xAA, 0x01, 0x67, 0x2C, 0xF9, 0x47, 0x2C, 0xCE,
    0xA9, 0xC1, 0x38, 0x6A, 0x4D, 0x34, 0x9A, 0x03, 0xCD, 0x9B, 0x3C, 0xBF, 0x5D, 0xD2, 0x18, 0xA4,
    0x3E, 0x60, 0xDE, 0xB0, 0xA1, 0x7D, 0x0B, 0x66, 0x60, 0x86, 0x76, 0xA3, 0x4F, 0xB6, 0x00, 0x87,
    0xDD, 0x81, 0xFE, 0x18, 0x1D, 0xD8, 0x18, 0x4C, 0x2B, 0xCB, 0x5A, 0xF1, 0x37, 0x8B, 0xDE, 0x28,
    0xDB, 0x01, 0x60, 0x70, 0x4B, 0x0C, 0x62, 0x40, 0x07, 0x09, 0xCA, 0xCA, 0x58, 0x36, 0xD6, 0x2B,
    0xD1, 0x37, 0x19, 0x6B, 0x5F, 0x19, 0xAC, 0x06, 0x80, 0xA2, 0xC4, 0xDB, 0x05, 0x0B, 0xCF, 0xE5,
    0x46, 0xA9, 0x83, 0x04, 0x73, 0x96, 0x49, 0x36, 0xC7, 0xC5, 0x58, 0x98, 0x0F, 0x28, 0xC8, 0x27,
    0xCF, 0x59, 0x92, 0x8C, 0xCE, 0x4D, 0x5C, 0x2F, 0x9C, 0x10, 0x38, 0xEB, 0x20, 0xF9, 0x0A, 0x72,
    0x73, 0xFD, 0xB4, 0xD7, 0x05, 0xBE, 0x6A, 0x89, 0xFC, 0x22, 0x08, 0xAA, 0xF8, 0x5B, 0xAF, 0x2A,
    0xBC, 0xAD, 0xD7, 0x1C, 0xCF, 0x7C, 0x47, 0xA9, 0x8B, 0x32, 0x4E, 0x0B, 0x52, 0xF1, 0xAE, 0x16,
    0x7C, 0x55, 0x7F, 0xA1, 0xCF, 0x71, 0x1A, 0x36, 0xBC, 0xF7, 0x73, 0x4A, 0x5D, 0xE5, 0x33, 0xC3,
    0x3F, 0x4C, 0xD8, 0x7A, 0x73, 0xA1, 0x56, 0xF8, 0x8C, 0x30, 0x83, 0x41, 0xAF, 0x85, 0xAF, 0x55,
    0xBC, 0x83, 0xC7, 0xEE, 0xF4, 0x73, 0x5C, 0xF3, 0x12, 0x8E, 0xF5, 0x1C, 0x9F, 0x03, 0x75, 0x24,
    0x07, 0x29, 0x52, 0x98, 0x33, 0xE7, 0x9C, 0x92, 0x94, 0xBE, 0x0D, 0xC6, 0x01, 0xA0, 0x7C, 0x30,
    0x52, 0x35, 0x18, 0xE5, 0x23, 0xFB, 0x9F, 0xF3, 0x02, 0x16, 0xD6, 0x9C, 0x6C, 0xC7, 0x49, 0x33,
    0x16, 0xF4, 0x0B, 0xDB, 0xC4, 0xC5, 0x37, 0x62, 0xAC, 0x73, 0x7C, 0x52, 0x34, 0x21, 0x3E, 0x7C,
    0xA4, 0x3F, 0x63, 0x7B, 0xA0, 0x89, 0x38, 0xA8, 0x86, 0x56, 0x53, 0xDF, 0x68, 0x33, 0xDB, 0x07,
    0x65, 0xF3, 0xF1, 0xAE, 0x3C, 0x1C, 0x67, 0xE3, 0x9B, 0x49, 0x6B, 0xDF, 0x4A, 0x45, 0x77, 0x18,
    0xA1, 0x91, 0x52, 0xED, 0xC3, 0xF5, 0xF4, 0xB1, 0x6F, 0xA2, 0x3E, 0xF5, 0x2D, 0xD4, 0x07, 0x1D,
    0xEF, 0xFE, 0x84, 0xE8, 0xF0, 0xD1, 0x2A, 0x95, 0x5C, 0xD2, 0x22, 0x39, 0x40, 0x5C, 0x19, 0xD4,
    0x1E, 0xE6, 0xA5, 0x81, 0x02, 0xD6, 0x22, 0xD1, 0xCB, 0xF2, 0x10, 0x0B, 0x6D, 0xFC, 0x41, 0x63,
    0x4D, 0xE4, 0xF0, 0xA5, 0x31, 0x28, 0x72, 0x83, 0x95, 0xC8, 0x33, 0x74, 0x31, 0x05, 0x2B, 0xCD,
    0xD3, 0x2F, 0xFA, 0xD2, 0xE2, 0x1B, 0x96, 0x51, 0x5A, 0x19, 0xC5, 0x2A, 0x46, 0x99, 0x03, 0x95,
    0x8D, 0x51, 0xA4, 0x55, 0x08, 0x4B, 0xA5, 0x25, 0xCF, 0x28, 0xE9, 0x40, 0x59, 0x0B, 0x42, 0x1B,
    0x5A, 0x48, 0x9D, 0xD1, 0xBB, 0x9A, 0x1B, 0xA9, 0x0A, 0xFE, 0xE2, 0x93, 0xBF, 0x09, 0x49, 0x93,
    0x0D, 0x28, 0x73, 0xA0, 0x44, 0x41, 0x4B, 0x5D, 0xF1, 0x0C, 0x1B, 0x23, 0xD1, 0x1A, 0x54, 0xB0,
    0x88, 0x79, 0x4A, 0x8A, 0x49, 0x0B, 0x92, 0x1F, 0x10, 0x65, 0x7E, 0x51, 0x9A, 0x59, 0x94, 0x93,
    0x39, 0xB8, 0xCC, 0x82, 0xD7, 0x1B, 0x16, 0xCE, 0x50, 0x6B, 0x06, 0x9A, 0x0E, 0x48, 0x3F, 0x57,
    0xD2, 0xCB, 0x80, 0x45, 0x6B, 0x08, 0xC7, 0x9D, 0x7D, 0x10, 0x5C, 0x13, 0xE4, 0x0D, 0x9F, 0xC7,
    0x3E, 0xCE, 0x30, 0x55, 0xC3, 0xA5, 0xAE, 0x70, 0x9C, 0x5F, 0x5E, 0x29, 0x30, 0xA9, 0xB7, 0xE3,
    0x03, 0x53, 0xE0, 0xD2, 0x87, 0xA2, 0xDE, 0x1D, 0x62, 0x92, 0x53, 0xA2, 0xEA, 0xBB, 0xA2, 0x16,
    0x13, 0xC6, 0x5E, 0xD1, 0xDA, 0x65, 0xCE, 0x50, 0xED, 0xB2, 0x7B, 0xBA, 0x38, 0x75, 0x0D, 0x14,
    0xC3, 0x0E, 0xD8, 0x02, 0xEB, 0x01, 0xDF, 0x86, 0x9F, 0xF1, 0x0E, 0x2B, 0x52, 0x00, 0xF1, 0x59,
    0xF4, 0x2D, 0xAD, 0xB0, 0x4F, 0x03, 0x74, 0x40, 0x25, 0xAE, 0x80, 0x9B, 0x01, 0x3B, 0x58, 0x6B,
    0x5D, 0x69, 0x67, 0xBC, 0x91, 0xF5, 0x82, 0x6B, 0xC8, 0x71, 0x3D, 0x76, 0x55, 0x73, 0xAD, 0x4E,
    0xB7, 0xE7, 0xF7, 0xD0, 0x9E, 0xDF, 0x47, 0x7B, 0x96, 0xBA, 0x06, 0xE6, 0x86, 0xBD, 0x18, 0xDE,
    0x45, 0x7B, 0x96, 0x0E, 0xA8, 0xC4, 0x15, 0x70, 0x83, 0x63, 0x36, 0x86, 0xEC, 0xAF, 0x54, 0x0D,
    0x97, 0x96, 0x4F, 0x04, 0x25, 0x7B, 0xC9, 0xD2, 0x9A, 0x97, 0xF5, 0x50, 0x4A, 0x6B, 0xF3, 0xCE,
    0xBE, 0xB5, 0xB4, 0x22, 0x1B, 0x2D, 0x35, 0x37, 0xB2, 0x4E, 0x4D, 0x14, 0x0E, 0x64, 0xEF, 0x38,
    0x41, 0x8E, 0xA6, 0xD1, 0x55, 0x1F, 0x55, 0xA8, 0x02, 0xEA, 0x4F, 0x91, 0xE6, 0x46, 0xCF, 0x72,
    0x97, 0x99, 0xF7, 0x15, 0x6B, 0x03, 0x2A, 0x1C, 0x28, 0x55, 0x50, 0xAC, 0xB9, 0xD1, 0x42, 0xD7,
    0x46, 0xB6, 0xEB, 0x40, 0xB6, 0xAB, 0x51, 0xE1, 0x40, 0x99, 0x1A, 0xD9, 0xAE, 0xBB, 0xFA, 0xCA,
    0xF3, 0x7A, 0xEB, 0x3A, 0xA7, 0x3F, 0x53, 0x9C, 0xEE, 0x73, 0x74, 0x65, 0xC0, 0x08, 0x06, 0x74,
    0x0C, 0xB8, 0xAB, 0x58, 0x73, 0x86, 0xC3, 0x0C, 0x58, 0x70, 0xB1, 0xB2, 0x1A, 0xA3, 0xFD, 0x7A,
    0xC0, 0xAF, 0x63, 0xC6, 0xF9, 0x4A, 0x67, 0xA8, 0x0E, 0x72, 0x2F, 0x78, 0x3E, 0xE7, 0x3E, 0x61,
    0xFF, 0x50, 0xE3, 0x0A, 0x43, 0x36, 0x8F, 0x49, 0xDD, 0xC5, 0x9F, 0x4B, 0x4A, 0x87, 0xB1, 0x28,
    0x6D, 0x69, 0x22, 0x6D, 0x8C, 0x22, 0xAD, 0x8C, 0xE6, 0xBA, 0x36, 0x8A, 0xD5, 0x57, 0xA4, 0x05,
    0x15, 0x2D, 0x48, 0x2B, 0x23, 0xEB, 0x06, 0x2E, 0xCB, 0x61, 0x94, 0x74, 0xA0, 0xAC, 0x05, 0x69,
    0x6D, 0xA4, 0xA4, 0xBE, 0x6C, 0x41, 0x59, 0x07, 0x8A, 0x15, 0xB4, 0xE0, 0xDB, 0x67, 0x3C, 0x98,
    0x68, 0x03, 0x2A, 0x1C, 0x28, 0xED, 0x41, 0xD6, 0xF2, 0x31, 0xAE, 0xC5, 0x28, 0xD2, 0xDA, 0x48,
    0xCA, 0xD6, 0x08, 0x91, 0x75, 0xB8, 0x79, 0xF2, 0x72, 0x57, 0x46, 0x76, 0x20, 0x85, 0x52, 0x73,
    0xFC, 0x4A, 0xCF, 0x9B, 0x84, 0xB9, 0xB0, 0x8D, 0xE6, 0x9A, 0x1B, 0x0D, 0x7B, 0x18, 0xA5, 0x0E,
    0x54, 0xD6, 0x46, 0xAA, 0x1B, 0xFF, 0xD7, 0xF4, 0xB5, 0x58, 0x41, 0xD6, 0x4E, 0x38, 0x4A, 0x65,
    0x24, 0x65, 0x03, 0x4A, 0x1D, 0x28, 0x56, 0x10, 0x4A, 0x33, 0xA1, 0xE9, 0x26, 0xF5, 0x55, 0x8B,
    0xE6, 0x9E, 0x09, 0xE1, 0xA5, 0x9C, 0x9B, 0xEA, 0x7E, 0xE2, 0x2E, 0x17, 0x3E, 0xB4, 0xF6, 0x24,
    0xDD, 0x4B, 0x34, 0x9B, 0x5C, 0x98, 0x7A, 0x8E, 0x16, 0x54, 0x19, 0x2F, 0x42, 0x08, 0xB7, 0xE2,
    0x4C, 0x65, 0x97, 0xF0, 0xDA, 0xF9, 0x47, 0xD1, 0xF5, 0x5E, 0x12, 0xDB, 0x2E, 0x4C, 0x16, 0xDF,
    0xC7, 0x96, 0x28, 0xC9, 0xF9, 0xFB, 0x72, 0x23, 0x72, 0x2E, 0xB3, 0x9B, 0xD8, 0x6B, 0x67, 0xF3,
    0xB8, 0x1F, 0xDE, 0xF7, 0xE0, 0x19, 0x5D, 0x74, 0x74, 0x85, 0xAD, 0xD3, 0xEC, 0xA1, 0xE3, 0x1B,
    0x0F, 0xBC, 0x8B, 0xCE, 0x21, 0x86, 0xDC, 0x4D, 0x16, 0xEB, 0x38, 0x5F, 0xAA, 0x65, 0xFE, 0x80,
    0x24, 0x4C, 0xAB, 0xBC, 0xD4, 0x9F, 0x48, 0xBA, 0x39, 0x91, 0x9A, 0x13, 0xC9, 0x51, 0xFA, 0xF7,
    0x8F, 0xAA, 0x86, 0xA3, 0xA4, 0x9A, 0x7B, 0x69, 0xA9, 0x2B, 0x4A, 0xF6, 0xF0, 0xD2, 0xEC, 0x44,
    0x8A, 0x26, 0xD2, 0xC6, 0x4B, 0x72, 0x22, 0x45, 0xA3, 0x34, 0x46, 0x9F, 0xEC, 0x4A, 0x08, 0xBF,
    0xE4, 0x96, 0x29, 0x39, 0xBD, 0xA9, 0xBD, 0x97, 0x54, 0xDD, 0x89, 0x54, 0x07, 0x29, 0xBC, 0x35,
    0xD1, 0x0E, 0x3C, 0xD6, 0x28, 0x3C, 0x3A, 0xF4, 0xAA, 0x81, 0xDB, 0xC7, 0xFD, 0x71, 0x09, 0x6E,
    0x25, 0x3D, 0x8F, 0xFB, 0x97, 0xC9, 0xD6, 0x66, 0xE4, 0xD6, 0x73, 0xEF, 0x59, 0x73, 0xEC, 0x9F,
    0xE8, 0x1A, 0x3C, 0xD3, 0x0D, 0x58, 0xB4, 0x22, 0x97, 0x35, 0xB9, 0xD8, 0x61, 0xC1, 0x16, 0xB8,
    0xF4, 0x4C, 0x95, 0x34, 0x9F, 0xEB, 0xC6, 0xF8, 0xD5, 0xF2, 0xE4, 0xDB, 0x91, 0x93, 0x3B, 0x21,
    0x37, 0xE0, 0x6B, 0x7B, 0x0C, 0xE2, 0x33, 0xED, 0x7D, 0xFB, 0x18, 0x29, 0x68, 0x1E, 0x26, 0x04,
    0xEF, 0xFD, 0xC3, 0xD8, 0xD4, 0x69, 0x2F, 0xD1, 0xAB, 0x39, 0x2C, 0x64, 0x30, 0x67, 0xE1, 0xE8,
    0x4C, 0x53, 0x82, 0xED, 0xF2, 0x0D, 0xEB, 0x75, 0xBB, 0xC9, 0xAE, 0x75, 0x20, 0x39, 0x83, 0x4A,
    0x4F, 0x0D, 0xF2, 0x85, 0x8A, 0x76, 0xA6, 0x9F, 0xB6, 0x5A, 0x3E, 0xA6, 0xED, 0x9A, 0x57, 0x53,
    0x5F, 0x53, 0xF3, 0x52, 0x16, 0x0C, 0xB6, 0x28, 0x18, 0x69, 0x31, 0x86, 0x59, 0xD4, 0x92, 0x92,
    0x66, 0x20, 0xB3, 0x14, 0x2C, 0x7D, 0x0F, 0x7F, 0x21, 0x97, 0xD9, 0xAB, 0x28, 0x45, 0x6E, 0x4F,
    0x40, 0xB3, 0xF0, 0xEB, 0x61, 0xC6, 0x7A, 0x6B, 0x0D, 0x4B, 0xF7, 0xD3, 0xD7, 0x25, 0x75, 0x11,
    0xFA, 0x62, 0xAE, 0x56, 0x74, 0x2C, 0x56, 0x0B, 0xB6, 0xB5, 0x44, 0xD4, 0x01, 0x9B, 0x6C, 0x40,
    0xE4, 0x4F, 0x10, 0x5B, 0x7B, 0x26, 0x73, 0xB1, 0x2B, 0x36, 0x69, 0xB7, 0xEC, 0x2D, 0xAE, 0xE7,
    0x6B, 0x3E, 0xC6, 0xA7, 0x97, 0x99, 0xE1, 0x77, 0xBD, 0xB9, 0xE4, 0x32, 0x50, 0x9E, 0x8A, 0x0C,
    0xCD, 0xD5, 0x76, 0x2A, 0x00, 0x67, 0x39, 0x16, 0xA7, 0x8B, 0x82, 0x29, 0xF5, 0x66, 0x0F, 0x6F,
    0xCD, 0xC7, 0x85, 0x5E, 0xE9, 0xEC, 0x0C, 0xAF, 0xB4, 0xD6, 0xE7, 0x23, 0xF7, 0x2C, 0xB6, 0xBD,
    0xD2, 0x28, 0x00, 0x78, 0x60, 0x8D, 0xF8, 0x79, 0x65, 0x1B, 0x8A, 0x10, 0x53, 0xE0, 0x8C, 0x4E,
    0x92, 0xE4, 0x75, 0xC6, 0x91, 0x8C, 0xA1, 0x3C, 0x51, 0x3F, 0xE2, 0x4D, 0x60, 0xD9, 0x01, 0x5B,
    0xC3, 0x67, 0x56, 0xFB, 0xEB, 0x8E, 0x2D, 0xF5, 0xB6, 0xDA, 0x87, 0x39, 0xC0, 0x2C, 0x85, 0x1F,
    0x85, 0xD0, 0xEE, 0x01, 0x47, 0xE0, 0xA5, 0xE6, 0xB1, 0x6E, 0x9E, 0xDB, 0x53, 0x54, 0x01, 0x8A,
    0x57, 0x7E, 0xD7, 0x8A, 0x67, 0x76, 0xC6, 0x4A, 0x06, 0xD9, 0xC3, 0x5D, 0xCF, 0x40, 0xDD, 0xFB,
    0xA0, 0x24, 0x17, 0x40, 0x8C, 0x4C, 0x47, 0xB8, 0xFC, 0x11, 0x9E, 0xB9, 0xA9, 0xB7, 0x8F, 0x31,
    0x34, 0xDE, 0x3B, 0x68, 0xBD, 0x0D, 0x22, 0xD9, 0x79, 0x00, 0x15, 0xCD, 0xEC, 0x2D, 0x0E, 0x6A,
    0xA0, 0xCB, 0xA0, 0x7C, 0x25, 0x2A, 0x11, 0x2C, 0x45, 0x98, 0xA1, 0xAF, 0x17, 0x16, 0x57, 0xB7,
    0x89, 0x15, 0x2F, 0x61, 0xF2, 0x8C, 0xD8, 0x36, 0x47, 0x43, 0x0D, 0xC3, 0x4D, 0x31, 0xF1, 0x0C,
    0xEB, 0x8D, 0xE5, 0xB8, 0x1E, 0x34, 0xDC, 0xE4, 0xCB, 0x9F, 0xDD, 0x33, 0x1E, 0x99, 0x13, 0x2A,
    0x87, 0x6D, 0x6A, 0x8D, 0x90, 0x1E, 0x1F, 0x9A, 0x89, 0x40, 0x4A, 0xAE, 0x6B, 0x07, 0x1D, 0xC6,
    0x5E, 0x0A, 0x55, 0xC9, 0xB0, 0x40, 0x01, 0x13, 0xBE, 0xB4, 0x32, 0x0D, 0x1E, 0x3A, 0x1A, 0x74,
    0xFC, 0x0C, 0x2A, 0x7E, 0x7A, 0x87, 0xB1, 0x13, 0x63, 0x3C, 0xF0, 0x62, 0x27, 0x1E, 0x58, 0x3C,
    0x56, 0x17, 0xC7, 0x87, 0xD3, 0xAA, 0xB3, 0xE3, 0xB2, 0x3F, 0x86, 0x57, 0x46, 0xF7, 0xE0, 0xA3,
    0xDC, 0xAA, 0x08, 0x77, 0xDD, 0xC5, 0x73, 0x5A, 0xF5, 0x9C, 0x05, 0x29, 0xA2, 0x0F, 0x74, 0x41,
    0x0A, 0x51, 0x75, 0xC8, 0xAC, 0x53, 0x87, 0x05, 0x29, 0xD4, 0x71, 0x41, 0x0A, 0xC7, 0xC8, 0x6B,
    0x1F, 0x05, 0x79, 0x71, 0x62, 0xF1, 0xBD, 0xB4, 0xF7, 0x2B, 0x09, 0xC5, 0x8A, 0xBE, 0x32, 0x17,
    0x64, 0x55, 0xB8, 0x60, 0x26, 0x29, 0x7A, 0x06, 0x62, 0x8C, 0x65, 0x13, 0x16, 0xDA, 0x33, 0xB0,
    0x17, 0x72, 0x27, 0x7C, 0x9E, 0xFB, 0x70, 0x7F, 0xBE, 0x17, 0xC7, 0xE9, 0x0E, 0xED, 0x98, 0xDA,
    0xE1, 0xF8, 0x1D, 0xCE, 0xD5, 0x41, 0xA3, 0x66, 0xAC, 0xE0, 0x5D, 0xE3, 0xA5, 0x43, 0x0C, 0x68,
    0x9F, 0x09, 0x6B, 0xE3, 0x7E, 0x75, 0xAF, 0x90, 0x05, 0x81, 0xE1, 0x9B, 0x8F, 0xA4, 0x80, 0x75,
    0x0A, 0xC3, 0x9C, 0xE4, 0x1C, 0x81, 0x5B, 0x71, 0xBF, 0x82, 0xDD, 0x1A, 0x22, 0xBF, 0x88, 0xCF,
    0xD7, 0x74, 0x97, 0x9F, 0x29, 0xFB, 0xE3, 0xCF, 0x2A, 0xBF, 0x1A, 0x8B, 0x07, 0xCF, 0xB4, 0x44,
    0x81, 0x99, 0x8A, 0x75, 0x26, 0x63, 0xBB, 0x57, 0x3E, 0x42, 0x94, 0x69, 0x3A, 0x3C, 0xC0, 0xEE,
    0x01, 0xB2, 0xF3, 0x6C, 0xC3, 0xA9, 0xC9, 0xFA, 0xCB, 0x57, 0xD4, 0xF1, 0xE3, 0x18, 0xC7, 0x9E,
    0xE7, 0x60, 0x46, 0xCD, 0xA6, 0x8E, 0xD1, 0x38, 0x64, 0x39, 0x9B, 0x55, 0xF3, 0xBB, 0x61, 0x99,
    0xDF, 0x3B, 0x1F, 0xD1, 0xB8, 0x00, 0xDB, 0xCF, 0x45, 0xA8, 0x3C, 0x21, 0x98, 0x7D, 0xBB, 0x2F,
    0xF8, 0xA5, 0x10, 0x8C, 0x12, 0xD2, 0x42, 0xF5, 0xEB, 0x28, 0x46, 0x78, 0xC3, 0xA7, 0x61, 0x6C,
    0x91, 0xEA, 0xEA, 0x2C, 0x92, 0xE8, 0xA2, 0x24, 0x47, 0x72, 0x91, 0x55, 0x77, 0x9F, 0xCC, 0x0D,
    0xE3, 0xD5, 0x16, 0x36, 0x40, 0x17, 0x7F, 0x59, 0x9B, 0x42, 0xBF, 0x6D, 0xCA, 0x3B, 0x94, 0xD5,
    0x04, 0xB8, 0x00, 0x4A, 0xA1, 0xAF, 0xDB, 0xFD, 0x32, 0x59, 0x19, 0xC6, 0xEF, 0x8B, 0x22, 0xA7,
    0x11, 0x8D, 0xAD, 0x95, 0x2C, 0x75, 0x3F, 0xBC, 0x10, 0xA0, 0x26, 0xA4, 0x5A, 0xF6, 0x0C, 0x66,
    0x56, 0x4D, 0x0D, 0x96, 0xAA, 0xFF, 0xA9, 0x72, 0x0D, 0x43, 0xFE, 0x0B, 0xA7, 0xE1, 0x8B, 0x06,
    0xE2, 0xA1, 0xE4, 0xDD, 0xAB, 0xBE, 0x28, 0x3E, 0x6F, 0xC5, 0x9F, 0xEE, 0x58, 0xEF, 0x4D, 0x0A,
    0x3F, 0x6D, 0x54, 0xFB, 0x52, 0x6B, 0xED, 0xF3, 0x19, 0xC7, 0x7D, 0x62, 0x79, 0x5F, 0x88, 0x4A,
    0x24, 0x45, 0x73, 0x17, 0x70, 0xF9, 0xBD, 0x01, 0x6C, 0x12, 0xFE, 0xAE, 0x77, 0x28, 0xB9, 0x42,
    0x6F, 0x6B, 0x57, 0xA8, 0x64, 0x7D, 0xD1, 0x49, 0xD2, 0x17, 0x16, 0x31, 0x5C, 0xB4, 0x27, 0xD0,
    0xDC, 0x13, 0xC8, 0x64, 0x3B, 0xF0, 0xDF, 0x42, 0x78, 0x9E, 0x8C, 0x19, 0x79, 0x83, 0xA6, 0xF5,
    0xD1, 0xE2, 0x89, 0xCF, 0xBA, 0x62, 0xE0, 0x97, 0xED, 0x64, 0x60, 0xFA, 0xB5, 0xD9, 0xF8, 0x91,
    0xC3, 0xFF, 0x03, 0x9A, 0xC9, 0x45, 0x7F, 0xC8, 0x39, 0x95, 0xE8, 0x7F, 0xEB, 0xCF, 0x8F, 0x8E,
    0x9E, 0x9D, 0x54, 0xFD, 0x2C, 0x83, 0x90, 0x79, 0x61, 0x15, 0x07, 0x41, 0xAE, 0x0E, 0x3B, 0x0F,
    0x5B, 0x08, 0x06, 0x18, 0xCB, 0xE9, 0x4E, 0x73, 0xC6, 0xB4, 0x26, 0xF3, 0x12, 0x3E, 0xE6, 0xAF,
    0xE7, 0x00, 0xAE, 0x68, 0x66, 0x97, 0xF2, 0x9A, 0x21, 0x44, 0x14, 0xB0, 0x93, 0xF2, 0x10, 0x07,
    0xF0, 0xEB, 0xF1, 0x2E, 0x4A, 0xBE, 0x7C, 0x9B, 0xA7, 0x0A, 0x36, 0xE6, 0xCE, 0xEF, 0x0E, 0xF5,
    0x6D, 0xA9, 0xEB, 0x64, 0x83, 0x85, 0x14, 0xB3, 0x1F, 0x22, 0xEA, 0x3C, 0xFB, 0xD1, 0x40, 0x65,
    0x95, 0xDD, 0xD1, 0x5B, 0xC7, 0x5A, 0xFB, 0xEC, 0xF5, 0x84, 0x74, 0x40, 0x1A, 0xDD, 0x49, 0x63,
    0x6D, 0xDF, 0xF1, 0x23, 0x98, 0x7A, 0xBE, 0x0A, 0x25, 0x6F, 0x24, 0x21, 0x2D, 0x48, 0xE6, 0x7F,
    0x60, 0x35, 0x39, 0xC3, 0xC7, 0xBE, 0x7B, 0x66, 0x41, 0x90, 0x62, 0xB7, 0x7B, 0x52, 0x47, 0x96,
    0xE4, 0x1E, 0x85, 0x8B, 0xF5, 0xEE, 0x0F, 0xD8, 0xBB, 0x3F, 0x7C, 0x08, 0xBD, 0xBB, 0xEC, 0x05,
    0xD4, 0xDD, 0x2D, 0x45, 0x87, 0xB4, 0x4B, 0xA9, 0x7F, 0x0C, 0xB2, 0x2C, 0xB9, 0x44, 0xD2, 0x7D,
    0x3F, 0x16, 0xF0, 0x81, 0xF5, 0xA2, 0x93, 0xE3, 0xCB, 0x64, 0x8B, 0x74, 0x95, 0xB4, 0x14, 0x75,
    0x9D, 0x36, 0xC6, 0x58, 0x28, 0xB6, 0x36, 0x46, 0x53, 0x6E, 0x28, 0xC5, 0x7C, 0xA3, 0xB7, 0x71,
    0x9C, 0xB1, 0x9D, 0x5E, 0xD4, 0xF9, 0xB7, 0x8B, 0x3A, 0xB3, 0x8C, 0x9C, 0x98, 0xB0, 0xA4, 0xC0,
    0x94, 0x60, 0xB6, 0x67, 0x63, 0xCC, 0x92, 0x72, 0xD8, 0xCA, 0x3E, 0xB4, 0xB0, 0x67, 0x6E, 0x1F,
    0xEE, 0xE5, 0x45, 0xB0, 0x9C, 0x71, 0x45, 0xC3, 0xF5, 0xC9, 0x82, 0xC2, 0x69, 0x07, 0xEF, 0xFE,
    0x74, 0x21, 0xA1, 0xF5, 0x80, 0x0C, 0x3D, 0x48, 0x3B, 0x43, 0x7A, 0x23, 0xB4, 0x42, 0x8C, 0xCF,
    0x6A, 0xC0, 0x50, 0x3E, 0xA5, 0xCF, 0x0D, 0xB5, 0x05, 0x2A, 0x71, 0x5D, 0xBE, 0x17, 0x5D, 0x43,
    0xE0, 0xD5, 0x8C, 0x65, 0xAA, 0x4A, 0x67, 0x98, 0x01, 0x93, 0xCE, 0x30, 0xEE, 0xCF, 0x42, 0x41,
    0x13, 0x4D, 0xCC, 0x8C, 0x86, 0x30, 0x58, 0xF6, 0x18, 0x72, 0xD1, 0x54, 0x86, 0xB9, 0x61, 0x87,
    0xAB, 0xA8, 0xF8, 0xB3, 0xA5, 0x9F, 0x04, 0x86, 0x6B, 0x95, 0x01, 0x0B, 0x37, 0x60, 0xA4, 0x35,
    0x13, 0x8A, 0xA1, 0xE3, 0xE6, 0x03, 0x66, 0x1D, 0x02, 0xBF, 0x9A, 0x01, 0x6F, 0x33, 0xEB, 0x57,
    0x57, 0xC0, 0x1E, 0xA8, 0x15, 0xB0, 0x05, 0x76, 0x38, 0x8E, 0x0F, 0xB1, 0xB4, 0x23, 0x4F, 0x17,
    0x1D, 0x9A, 0x01, 0xA3, 0x80, 0x93, 0xF5, 0xB4, 0xC6, 0xF2, 0x0E, 0xD6, 0x55, 0xD1, 0x2D, 0x5F,
    0xDA, 0xC0, 0x01, 0x1B, 0x20, 0x82, 0x30, 0xA6, 0xC9, 0xBE, 0xBE, 0x32, 0x82, 0xF1, 0x6A, 0xE4,
    0xF9, 0x0E, 0xE7, 0x73, 0xB2, 0x80, 0x17, 0x5B, 0xBC, 0xF4, 0x1C, 0xF7, 0x5B, 0xDC, 0x79, 0x76,
    0xE4, 0xC4, 0x73, 0xBA, 0xC5, 0x59, 0xEB, 0xB9, 0x21, 0x17, 0x9E, 0xCB, 0x9A, 0xAC, 0xE4, 0xAB,
    0xCC, 0x9A, 0x46, 0x40, 0x01, 0x79, 0x65, 0x8C, 0x58, 0x6F, 0x70, 0x0B, 0xAE, 0x18, 0x78, 0x5D,
    0x6E, 0xB6, 0x62, 0xBD, 0xC1, 0x3C, 0x20, 0x5B, 0xEA, 0xAC, 0x58, 0x6F, 0xB1, 0xFA, 0x37, 0xB9,
    0x4F, 0x7B, 0xDD, 0xA6, 0xB4, 0xBF, 0x09, 0x6A, 0xA2, 0x09, 0x65, 0x9E, 0xEA, 0x3D, 0x54, 0x90,
    0xCA, 0x0A, 0xA4, 0x1B, 0xD2, 0xDA, 0x68, 0x46, 0xFA, 0x67, 0x5D, 0x19, 0x29, 0xA2, 0xC8, 0x5A,
    0x55, 0xF4, 0x97, 0x3A, 0xA3, 0x5A, 0x6B, 0x10, 0xAC, 0xE6, 0x59, 0xE5, 0x43, 0xF4, 0xA7, 0xB1,
    0xEC, 0x0A, 0xF2, 0x1A, 0xC3, 0x8C, 0x14, 0x12, 0x74, 0x8F, 0xA4, 0x18, 0x17, 0x02, 0x6E, 0x2E,
    0x8C, 0x70, 0x30, 0xE2, 0xC7, 0xB5, 0x8B, 0x7C, 0x95, 0x7B, 0xDE, 0x17, 0xEE, 0xD4, 0xCB, 0xA9,
    0x7C, 0x14, 0xE4, 0xF2, 0x56, 0xE9, 0x57, 0xE6, 0xCD, 0x0D, 0x3B, 0x31, 0x34, 0x57, 0xFA, 0x18,
    0x05, 0x89, 0x9F, 0x1E, 0x7C, 0x83, 0xE7, 0x80, 0xB9, 0x1D, 0xB7, 0x6C, 0xC5, 0x7C, 0x8E, 0xBB,
    0x9C, 0x0B, 0xFC, 0x9E, 0x78, 0x48, 0xAC, 0x20, 0x7A, 0xD1, 0x49, 0xFC, 0x06, 0x0B, 0xC8, 0x37,
    0x06, 0x15, 0xD5, 0xBC, 0x03, 0x1F, 0x57, 0xEF, 0x1B, 0xFE, 0x7C, 0x2F, 0xEB, 0x23, 0xE5, 0x15,
    0x1E, 0xBD, 0xD5, 0x72, 0x9A, 0x7B, 0xCF, 0x7E, 0xE8, 0x88, 0x1D, 0x39, 0xF1, 0x9C, 0xB5, 0x9E,
    0x9B, 0x2D, 0xFF, 0x1B, 0x99, 0x93, 0x48, 0xFE, 0x04, 0x1F, 0x3D, 0xC7, 0xBF, 0xD7, 0xB8, 0x73,
    0x5E, 0xE1, 0x34, 0x49, 0x7F, 0x71, 0x6A, 0x16, 0x17, 0x8F, 0xE6, 0x44, 0xAA, 0x16, 0x6C, 0xBA,
    0xFB, 0xC2, 0x06, 0xE8, 0xEC, 0x56, 0x53, 0xE8, 0x37, 0xCB, 0xBD, 0xBA, 0x79, 0x09, 0xDD, 0x3C,
    0xBA, 0xC2, 0xDF, 0xCA, 0x2E, 0xAA, 0x9E, 0x8D, 0x17, 0xB2, 0xB6, 0x6F, 0x04, 0xBA, 0x3C, 0x8C,
    0x21, 0xEF, 0x0F, 0xA5, 0x87, 0xA4, 0x87, 0x91, 0x04, 0x26, 0x92, 0xC4, 0x80, 0xE6, 0x11, 0x6F,
    0x1C, 0x39, 0x81, 0x58, 0xF7, 0x80, 0x93, 0x73, 0xC0, 0x9A, 0x38, 0x2C, 0xD1, 0x2F, 0x5C, 0xA3,
    0x1F, 0x02, 0xE2, 0xC5, 0xBC, 0xA0, 0x10, 0x36, 0x41, 0xA8, 0x78, 0x8F, 0x0B, 0x0B, 0xF5, 0x0B,
    0x57, 0xEA, 0x87, 0xC0, 0xA5, 0xFA, 0x25, 0xAC, 0xD5, 0x2F, 0x61, 0xB1, 0x7E, 0xE1, 0x6A, 0xFD,
    0x10, 0xB8, 0x5C, 0xBF, 0x84, 0xF5, 0xFA, 0x85, 0x0B, 0xF6, 0x43, 0xE0, 0x8A, 0xFD, 0x12, 0x96,
    0xEC, 0x17, 0xAE, 0xD9, 0x4F, 0xE1, 0xAD, 0x1E, 0x02, 0x56, 0xED, 0x87, 0x90, 0xA8, 0xA3, 0x10,
    0x6B, 0x0B, 0x81, 0x0B, 0xF7, 0xAB, 0xF3, 0x2B, 0xF7, 0x6B, 0xEB, 0x97, 0xEE, 0xD7, 0xC6, 0xAF,
    0xDD, 0xAF, 0x35, 0x17, 0xEF, 0xE7, 0xFC, 0x6B, 0x1C, 0xEB, 0x27, 0xB7, 0x31, 0x19, 0x55, 0x32,
    0x0A, 0xBC, 0x93, 0x4D, 0x6F, 0x65, 0x1C, 0x9E, 0xBC, 0xF0, 0xD4, 0x51, 0x2E, 0x11, 0x4A, 0x1A,
    0x62, 0x96, 0xD6, 0x9A, 0x50, 0xC9, 0x12, 0x82, 0x75, 0x22, 0x85, 0x46, 0x12, 0x08, 0x03, 0x64,
    0x10, 0xEE, 0x38, 0xC9, 0xDE, 0x34, 0xE1, 0xED, 0x4E, 0x8A, 0xD7, 0x20, 0xA8, 0xE8, 0xB7, 0x4D,
    0xF8, 0xCD, 0x20, 0x24, 0x26, 0xD4, 0xFA, 0x15, 0x2F, 0x94, 0x3F, 0xEA, 0x28, 0x14, 0x3F, 0x76,
    0x14, 0xB2, 0x37, 0x5A, 0x0A, 0xA9, 0x36, 0x14, 0x12, 0xAD, 0x29, 0xC4, 0x5A, 0x51, 0x30, 0x9D,
    0x4C, 0x51, 0x0B, 0x71, 0x14, 0x56, 0x89, 0xF6, 0xB8, 0x63, 0x4E, 0x22, 0x10, 0x16, 0xCE, 0x0B,
    0xF1, 0x89, 0xD0, 0x7A, 0x21, 0x69, 0x40, 0x76, 0xB4, 0x6D, 0xA1, 0xA8, 0xC6, 0xF8, 0x85, 0x87,
    0xAF, 0x52, 0xE1, 0x62, 0x75, 0x6D, 0x14, 0x71, 0x8A, 0x74, 0x75, 0x8C, 0x19, 0x08, 0x75, 0x3F,
    0xE4, 0xF2, 0xBE, 0xDC, 0xBB, 0x94, 0x4F, 0x66, 0xEC, 0xDF, 0x82, 0x83, 0xA6, 0x6A, 0x45, 0x62,
    0x8A, 0xC0, 0x2B, 0x0D, 0x0E, 0xF6, 0x5C, 0x0B, 0x8A, 0x39, 0xA3, 0x8F, 0x3B, 0x19, 0xC3, 0xEA,
    0xBA, 0x85, 0x51, 0xEA, 0xE6, 0xF4, 0x5B, 0xCD, 0x58, 0x35, 0x35, 0xA2, 0x5A, 0xE0, 0x57, 0x1A,
    0x17, 0xCE, 0x2A, 0x14, 0xAD, 0x31, 0xA6, 0x31, 0xD1, 0x77, 0xA4, 0x66, 0xBC, 0xBE, 0x75, 0x5C,
    0x52, 0x81, 0xA3, 0xFF, 0x0A, 0x65, 0x0A, 0x3A, 0xF1, 0x1E, 0x2C, 0xBF, 0x5C, 0x11, 0x7C, 0x58,
    0x0D, 0x13, 0x17, 0x74, 0x95, 0x0E, 0xB0, 0xCE, 0x6A, 0xAB, 0xAE, 0x59, 0xB1, 0x9A, 0x45, 0xC2,
    0x8C, 0x91, 0x76, 0xEA, 0xF4, 0x3F, 0x28, 0x6F, 0x48, 0x44, 0xCF, 0x9A, 0x4F, 0xE0, 0xAA, 0xA3,
    0xFE, 0xF3, 0xDA, 0xC8, 0x75, 0x29, 0xA6, 0xCE, 0xEF, 0x4B, 0xC7, 0xEA, 0xA2, 0x12, 0x8E, 0xA0,
    0x01, 0x6C, 0x51, 0x50, 0x87, 0xFC, 0xA3, 0xA2, 0x35, 0x68, 0x08, 0x85, 0x2B, 0x5C, 0xA4, 0x27,
    0x4B, 0x00, 0xBD, 0xE9, 0x62, 0xD5, 0xCF, 0xB9, 0x99, 0x76, 0x0B, 0x67, 0x9D, 0x7F, 0xB2, 0xCD,
    0xDB, 0x39, 0x1A, 0xAA, 0x5B, 0x76, 0xA4, 0x1E, 0x5F, 0x2E, 0xE8, 0x65, 0xD1, 0x8B, 0xD1, 0x8D,
    0xC7, 0xAB, 0x2B, 0xB0, 0x95, 0x52, 0xE6, 0x91, 0xAE, 0x6C, 0x48, 0x81, 0xD9, 0x23, 0xD7, 0x95,
    0xFC, 0xD9, 0xF0, 0x0F, 0xDB, 0x07, 0xD3, 0x15, 0xEA, 0x15, 0xCE, 0x59, 0x10, 0xE6, 0x41, 0x58,
    0x04, 0x21, 0xF6, 0x02, 0x4B, 0x26, 0x08, 0x15, 0x58, 0x0A, 0x45, 0xED, 0x85, 0xB2, 0xF2, 0x82,
    0x6E, 0x28, 0xB0, 0xA4, 0x25, 0x67, 0xBD, 0x89, 0x2A, 0x43, 0x6E, 0x29, 0xC4, 0xBD, 0x17, 0x12,
    0x47, 0xC1, 0x3E, 0x4F, 0xDA, 0x87, 0xA5, 0x11, 0x19, 0x1D, 0x1F, 0x84, 0x1D, 0x93, 0xD5, 0xDC,
    0x9A, 0x9E, 0xDD, 0x1A, 0x6A, 0x27, 0xC2, 0x5F, 0x7A, 0x7C, 0x7C, 0x3D, 0xE9, 0xBC, 0x3E, 0x90,
    0x39, 0x2F, 0x14, 0x8D, 0x17, 0xB4, 0xF6, 0x82, 0x2D, 0xEB, 0x11, 0x95, 0x37, 0xEC, 0x78, 0x5D,
    0xE2, 0x57, 0x3A, 0x28, 0xD5, 0xE7, 0x01, 0xB2, 0xB1, 0xED, 0x7D, 0xAD, 0x60, 0x65, 0x65, 0x1C,
    0x1F, 0x95, 0x40, 0xC8, 0xCB, 0xDE, 0x1A, 0x7E, 0x98, 0xD8, 0xF4, 0x91, 0x72, 0x5B, 0x7A, 0x4E,
    0xF5, 0x56, 0x69, 0x6C, 0x9D, 0xC0, 0x82, 0x3E, 0x64, 0xF4, 0x02, 0xB9, 0xEC, 0x8D, 0x9D, 0x85,
    0xC7, 0x47, 0xDF, 0xCB, 0x14, 0x5B, 0x9B, 0x0E, 0x0F, 0xE3, 0xA5, 0xEA, 0xC6, 0x64, 0x0B, 0xF5,
    0x39, 0xB0, 0xA0, 0xB6, 0x4B, 0x39, 0x67, 0xD3, 0x50, 0x2D, 0x16, 0x5D, 0x56, 0x2F, 0x5D, 0xFA,
    0xDE, 0x35, 0xEB, 0xC1, 0x06, 0x21, 0x42, 0xD7, 0x26, 0xE5, 0xAC, 0x61, 0x36, 0x57, 0x9D, 0x3C,
    0xA0, 0x41, 0xEF, 0x3C, 0x38, 0x23, 0x75, 0xA7, 0x1E, 0xEF, 0x1C, 0x1D, 0xEE, 0xEE, 0x8B, 0x07,
    0x56, 0xF2, 0xDF, 0x3A, 0xAE, 0x46, 0xBA, 0xCA, 0x38, 0xA6, 0x70, 0xED, 0x7B, 0x54, 0x70, 0x42,
    0x20, 0xD6, 0x82, 0x63, 0xCA, 0xCE, 0x5A, 0x34, 0x72, 0x6A, 0x2D, 0x9A, 0x36, 0x09, 0xA5, 0x37,
    0x3A, 0xB4, 0xA7, 0xCD, 0x12, 0x39, 0x55, 0x19, 0x61, 0x2B, 0xEA, 0x06, 0x3A, 0x60, 0x6C, 0x8D,
    0x86, 0xC2, 0x7D, 0x33, 0x03, 0x2E, 0x77, 0xB2, 0x0C, 0xAB, 0x97, 0x86, 0xED, 0x32, 0x9E, 0x60,
    0x0E, 0x6B, 0x28, 0x92, 0x9B, 0x86, 0x20, 0xAC, 0x5B, 0xE6, 0x2E, 0x4B, 0x5F, 0x87, 0xAE, 0xFD,
    0xF1, 0x10, 0x73, 0x84, 0x5F, 0xEE, 0x68, 0x56, 0x9C, 0x58, 0x17, 0xCD, 0xE6, 0xFA, 0x79, 0x5F,
    0x02, 0xF1, 0x2C, 0x1A, 0xA6, 0xF5, 0x57, 0x69, 0xFC, 0x42, 0x7D, 0x36, 0xBC, 0x1D, 0xE5, 0xEB,
    0x50, 0x4B, 0xD7, 0x2F, 0xF6, 0x66, 0x5F, 0xA4, 0xA5, 0x95, 0x18, 0x73, 0x21, 0x22, 0x51, 0x74,
    0x2C, 0x5C, 0x2D, 0x2C, 0x81, 0x38, 0x1A, 0xC6, 0x9F, 0xEF, 0xA1, 0x59, 0xB5, 0xF8, 0xDD, 0xE5,
    0x06, 0x9B, 0x78, 0x58, 0x34, 0xAA, 0x7E, 0x62, 0x9A, 0x09, 0xC3, 0x28, 0xED, 0xEE, 0x99, 0xE3,
    0xA1, 0xF5, 0x0A, 0x55, 0x9D, 0x80, 0x15, 0x7C, 0xED, 0x50, 0x93, 0x0B, 0xE9, 0x63, 0x56, 0x58,
    0xB6, 0xC1, 0xBA, 0x4D, 0xF3, 0x50, 0x9A, 0xC9, 0x4E, 0xDC, 0xB0, 0xF2, 0x44, 0xD8, 0x96, 0x0D,
    0xE2, 0xA9, 0x62, 0x17, 0xBB, 0x09, 0xB5, 0xA0, 0xD9, 0xF5, 0xD9, 0x58, 0xCA, 0xE2, 0x71, 0x6A,
    0x69, 0x6C, 0xBD, 0xA8, 0x58, 0x40, 0x5F, 0x6E, 0xB0, 0x8A, 0xD4, 0x74, 0x8E, 0x2F, 0xCA, 0xDF,
    0x8B, 0xDF, 0x3E, 0xB0, 0x1E, 0xC1, 0x56, 0xAC, 0xB2, 0x15, 0x25, 0x5D, 0x8F, 0x96, 0x93, 0x31,
    0x6F, 0xBE, 0x5C, 0x53, 0x7A, 0x5A, 0x9E, 0xFE, 0xAD, 0xE5, 0xF7, 0xAE, 0x2C, 0xBF, 0xE3, 0xB6,
    0xAC, 0x97, 0x35, 0x5B, 0xA8, 0x8D, 0x5B, 0x2F, 0x04, 0x13, 0x70, 0x83, 0x67, 0xF0, 0xD5, 0x1F,
    0xCB, 0xC5, 0x3D, 0x36, 0x96, 0x5F, 0x6C, 0x51, 0x2F, 0x3D, 0xAB, 0xEA, 0xFB, 0x65, 0x98, 0x23,
    0x73, 0xED, 0x0E, 0xFF, 0xB0, 0x3D, 0x5A, 0xB9, 0x7C, 0x87, 0xD3, 0x51, 0x0A, 0x83, 0x13, 0xA1,
    0x1D, 0x60, 0x6B, 0x74, 0x7A, 0xB8, 0x8B, 0x66, 0x23, 0x19, 0xDF, 0xA0, 0x25, 0x84, 0x3F, 0x6B,
    0x46, 0x20, 0x33, 0x48, 0x56, 0x61, 0x00, 0xAD, 0x4E, 0x3D, 0xD5, 0xC3, 0x64, 0xDD, 0x1B, 0xB0,
    0xC1, 0x6A, 0x79, 0xEA, 0x59, 0x45, 0xD7, 0x76, 0x27, 0xB7, 0x3C, 0x02, 0xFE, 0xBC, 0x6E, 0xBF,
    0x84, 0xFE, 0xCA, 0x81, 0x3A, 0x8C, 0x6B, 0x06, 0x95, 0x41, 0x1E, 0x5A, 0x88, 0x41, 0xE1, 0x57,
    0x78, 0x19, 0x53, 0x08, 0x01, 0xA7, 0xEC, 0xF8, 0x02, 0x76, 0x67, 0xF4, 0xD3, 0x0A, 0xA7, 0xE1,
    0x53, 0x9C, 0x45, 0xF3, 0x82, 0xA8, 0xB4, 0x73, 0x1F, 0xF4, 0xAA, 0x3B, 0x19, 0xE2, 0x00, 0x1D,
    0x60, 0xEC, 0xBC, 0xD7, 0x25, 0xD2, 0xD6, 0x86, 0xFC, 0xDA, 0x0F, 0xD8, 0x6C, 0x2B, 0x27, 0x07,
    0x65, 0xBF, 0x12, 0x64, 0x2B, 0xE0, 0x0E, 0x51, 0x4F, 0xD1, 0x3F, 0x3F, 0x5A, 0xE5, 0xB0, 0xF8,
    0xC6, 0x0C, 0x38, 0x07, 0x2E, 0x81, 0x31, 0x30, 0x05, 0x66, 0xC0, 0xF2, 0x4D, 0x43, 0x7D, 0x6D,
    0xC0, 0x99, 0x3E, 0x37, 0xE0, 0x5C, 0x93, 0x01, 0x97, 0x9D, 0x61, 0xEC, 0x0C, 0xD3, 0x26, 0x1D,
    0x30, 0xAB, 0x0D, 0xCB, 0x8D, 0xA1, 0xAE, 0x07, 0x7C, 0x4B, 0xF3, 0x01, 0xDF, 0x56, 0x19, 0xF0,
    0x8E, 0x33, 0xD4, 0x16, 0x58, 0x03, 0x2B, 0xE0, 0x1A, 0xB8, 0x02, 0x8A, 0x61, 0x6F, 0x88, 0xA5,
    0x07, 0x67, 0xAA, 0x3A, 0x01, 0x3C, 0xF7, 0x90, 0x57, 0x3F, 0xE2, 0x96, 0x54, 0x71, 0x05, 0x65,
    0xBE, 0x36, 0xB4, 0x9F, 0x5E, 0x0A, 0xF9, 0x60, 0x75, 0xB0, 0xE2, 0x1E, 0x1F, 0x9E, 0x86, 0x65,
    0x59, 0xC7, 0xA8, 0xC7, 0xA2, 0x1C, 0x84, 0x99, 0x9A, 0xC1, 0xEF, 0xA5, 0x30, 0x14, 0x3D, 0xFC,
    0x26, 0xDE, 0xD5, 0x4E, 0x63, 0x90, 0x69, 0xA7, 0x6E, 0xBF, 0x76, 0x7A, 0x4E, 0xF5, 0xED, 0xFE,
    0xA6, 0x9D, 0xC1, 0xAE, 0x9F, 0xC9, 0x88, 0x09, 0xB5, 0xC5, 0x25, 0x12, 0xFB, 0x6C, 0xCC, 0x86,
    0x93, 0x64, 0xA0, 0x86, 0x4A, 0x63, 0x3D, 0xA1, 0xCA, 0x28, 0x22, 0xCD, 0x02, 0x6D, 0xFC, 0x9E,
    0xFE, 0x7D, 0x85, 0x03, 0xF9, 0x63, 0xFA, 0x33, 0xC4, 0x48, 0xAF, 0xB4, 0xB3, 0x3F, 0x7F, 0x97,
    0xD5, 0xB7, 0xC7, 0x49, 0x07, 0x27, 0x1C, 0x86, 0xBA, 0xE1, 0x44, 0x63, 0x77, 0x92, 0xC1, 0x7A,
    0xB4, 0x21, 0x0D, 0xE3, 0x54, 0xB5, 0xEE, 0x5F, 0x8D, 0xD5, 0xBA, 0xBB, 0x50, 0xAD, 0x9B, 0x75,
    0x66, 0x47, 0xCF, 0xD9, 0x0E, 0x3A, 0x7B, 0x95, 0x95, 0x64, 0x19, 0xFE, 0xCA, 0xFA, 0xB1, 0x8C,
    0x9C, 0x8D, 0xC2, 0xE2, 0x2E, 0xCC, 0xF3, 0xEC, 0x58, 0xA7, 0xEB, 0xB7, 0xC5, 0xCF, 0x1F, 0x70,
    0xF1, 0xF3, 0xC9, 0xD7, 0x1F, 0xA5, 0x70, 0xDD, 0xF4, 0xEB, 0xBF, 0x3C, 0xF9, 0xFA, 0xFB, 0x3B,
    0xEE, 0xE3, 0xD4, 0xFE, 0xBB, 0x5F, 0xFF, 0xF5, 0xF9, 0x5F, 0xFF, 0x47, 0xA4, 0xBF, 0x66, 0x6E,
    0xD6, 0x31, 0xC5, 0x75, 0x40, 0x35, 0x9C, 0xF7, 0x58, 0x31, 0xF0, 0x86, 0xDC, 0xD8, 0xD7, 0x4D,
    0xE9, 0x89, 0x83, 0x7B, 0x03, 0x6C, 0x24, 0xC1, 0x08, 0xF5, 0x11, 0x18, 0x3D, 0xBC, 0xC9, 0x7A,
    0xAC, 0xC0, 0x34, 0xAD, 0x16, 0x83, 0xC9, 0xCA, 0x5E, 0x3C, 0x3E, 0xBE, 0xC9, 0xF9, 0xAB, 0xC7,
    0x35, 0xDF, 0xEB, 0x8F, 0x83, 0x4E, 0xFF, 0x63, 0x81, 0x03, 0x7D, 0x98, 0xE8, 0x39, 0x9E, 0x77,
    0x72, 0x0D, 0xB9, 0x2C, 0xD8, 0x19, 0xA3, 0x6E, 0x16, 0xDB, 0x7D, 0x2E, 0xB5, 0xE5, 0x65, 0xB2,
    0x66, 0x80, 0xB4, 0x4E, 0xEA, 0xAD, 0x7B, 0xDC, 0x43, 0x5E, 0x1C, 0x99, 0x93, 0x16, 0x86, 0x88,
    0xEC, 0x10, 0x5E, 0x9B, 0x96, 0xA9, 0x66, 0xE9, 0xD9, 0x90, 0x75, 0x9D, 0x38, 0xB4, 0x2A, 0x3B,
    0x38, 0xF8, 0xD4, 0x19, 0x7D, 0xE1, 0x95, 0x85, 0x88, 0xBA, 0x0D, 0xBC, 0xC5, 0x45, 0x3D, 0xA7,
    0xBE, 0xB0, 0x30, 0xF2, 0x4A, 0x03, 0x0A, 0x70, 0xDB, 0xB5, 0xA6, 0xB4, 0x6E, 0x16, 0x74, 0xCD,
    0x06, 0x03, 0xE8, 0xC6, 0xA8, 0x0C, 0xBA, 0x57, 0x2E, 0xA3, 0xE2, 0x9D, 0xF5, 0x63, 0x68, 0xD8,
    0xC1, 0x4D, 0xAF, 0x6B, 0x69, 0x45, 0x5A, 0x93, 0x04, 0x34, 0x59, 0x6D, 0x99, 0x9F, 0x88, 0xF9,
    0x88, 0x53, 0xE4, 0xF3, 0x1F, 0xE2, 0xF5, 0x15, 0xA7, 0x0A, 0x20, 0xB5, 0xBE, 0x96, 0xE4, 0xBC,
    0xEA, 0xB7, 0xAB, 0xF8, 0x3D, 0x3E, 0x7D, 0x1A, 0x66, 0x90, 0x09, 0x66, 0x90, 0xD9, 0xD9, 0x33,
    0xC8, 0x0F, 0x73, 0xFF, 0xCE, 0x8E, 0x9F, 0x7C, 0x19, 0xBA, 0x53, 0xEA, 0xD0, 0xB3, 0x4C, 0x08,
    0xAB, 0xD0, 0x2C, 0xFA, 0x37, 0x3D, 0xA6, 0x9C, 0x73, 0x1C, 0xF9, 0x4A, 0x94, 0x3F, 0x66, 0xFD,
    0x7B, 0xFC, 0x4F, 0xC7, 0xB9, 0xCC, 0xF5, 0xC7, 0xB8, 0x15, 0xC4, 0xF6, 0x59, 0x5A, 0xEB, 0xD9,
    0xB4, 0x2A, 0xCC, 0xCF, 0x91, 0xF7, 0xA8, 0xE9, 0x7D, 0x65, 0xBA, 0x18, 0x45, 0x48, 0x93, 0x9A,
    0x4E, 0xC3, 0x98, 0x2B, 0xC1, 0xC5, 0xF9, 0x69, 0xD9, 0x40, 0x11, 0x23, 0xEC, 0xD0, 0x48, 0x44,
    0x13, 0x9C, 0x6E, 0xAC, 0x37, 0xCB, 0x4A, 0x37, 0xF0, 0x43, 0x62, 0x31, 0x0A, 0xA8, 0x95, 0xEF,
    0xB2, 0x63, 0xC6, 0xB2, 0xFE, 0xF3, 0x49, 0x9A, 0x54, 0xA4, 0xCD, 0x56, 0xF2, 0xD9, 0xF4, 0x5E,
    0x01, 0x53, 0xCF, 0xD3, 0xA5, 0xA2, 0x21, 0x1C, 0xB0, 0x01, 0x6E, 0x0C, 0x3B, 0x19, 0xB7, 0x74,
    0x9D, 0xDA, 0x27, 0xAA, 0x8A, 0x0A, 0x68, 0xDF, 0xE4, 0x4D, 0x36, 0xC8, 0x4F, 0xE7, 0x4F, 0xE6,
    0xBB, 0x5A, 0x10, 0x5C, 0x01, 0x5A, 0x5D, 0x18, 0x5B, 0xC3, 0xCC, 0x01, 0x35, 0x5F, 0x68, 0x95,
    0x72, 0x35, 0x34, 0xE0, 0x1C, 0x28, 0x25, 0xF0, 0xE0, 0xF8, 0xCA, 0x7D, 0x64, 0x61, 0x42, 0x0B,
    0xEA, 0xA8, 0x00, 0x11, 0xA8, 0x05, 0x0D, 0xFF, 0xB0, 0x8D, 0xEB, 0xFE, 0x42, 0xAB, 0x3A, 0x13,
    0x4A, 0x40, 0x63, 0xD0, 0x49, 0xE1, 0x5D, 0x3F, 0x06, 0xB1, 0x41, 0xA4, 0x6A, 0x71, 0x0D, 0x57,
    0x68, 0x7C, 0x39, 0x1B, 0x60, 0x81, 0xC1, 0x24, 0x6E, 0x1B, 0xAC, 0xD7, 0x1E, 0x38, 0x68, 0x67,
    0xD0, 0xEF, 0x80, 0xC4, 0x77, 0x01, 0x1D, 0x4C, 0x1F, 0x96, 0x99, 0xE5, 0x4E, 0x1E, 0xFD, 0xF1,
    0x4B, 0x17, 0x2E, 0xD4, 0xA7, 0xFD, 0xA9, 0x87, 0x2C, 0xCE, 0x7E, 0x4C, 0xE7, 0x8B, 0xF0, 0xEA,
    0x19, 0xC1, 0xB1, 0x07, 0xFE, 0x32, 0x18, 0xEE, 0x3D, 0xE3, 0xD1, 0xC3, 0xB7, 0xFD, 0xAD, 0xC4,
    0x82, 0x7C, 0xC6, 0xCB, 0xFB, 0xE0, 0xDB, 0xDF, 0x21, 0xAB, 0xB6, 0x9E, 0x35, 0xF7, 0x5C, 0x79,
    0xAE, 0xB1, 0xFF, 0x81, 0xB6, 0x60, 0x29, 0x1C, 0x39, 0xF3, 0x9C, 0x76, 0x5B, 0xBC, 0xF5, 0xBA,
    0x82, 0x87, 0x30, 0xF7, 0x66, 0x3C, 0x1E, 0x78, 0x4D, 0xEE, 0x85, 0x7C, 0xDD, 0x38, 0x6C, 0x73,
    0xE7, 0x15, 0xE8, 0x45, 0xBF, 0xEB, 0xDE, 0xBD, 0xB1, 0xAB, 0x40, 0x1F, 0x5D, 0x01, 0xF8, 0x52,
    0x54, 0x77, 0x43, 0xDA, 0xAF, 0x40, 0xDA, 0x92, 0xD4, 0xD3, 0xCA, 0x76, 0xB9, 0xAC, 0x6B, 0xA3,
    0x99, 0x6E, 0x8C, 0xA2, 0x29, 0xF1, 0x49, 0xEE, 0xC2, 0x37, 0x90, 0xA6, 0x07, 0xEB, 0xF3, 0x81,
    0x1E, 0x8D, 0xBA, 0x8D, 0xB7, 0x5E, 0x32, 0xD4, 0x76, 0x1F, 0x8A, 0xA4, 0x13, 0xCC, 0x46, 0xFC,
    0x13, 0xDA, 0x67, 0xB5, 0x06, 0x56, 0xC0, 0xB5, 0xE1, 0x38, 0x82, 0x3E, 0xF8, 0x9A, 0x8F, 0xB9,
    0x81, 0xAE, 0xB7, 0x41, 0x64, 0x0F, 0xFC, 0x1D, 0x22, 0x49, 0x35, 0x37, 0xF0, 0xB7, 0x39, 0xAB,
    0x75, 0xC0, 0xBB, 0x2F, 0x8D, 0x24, 0x19, 0xEB, 0x06, 0x15, 0xCC, 0x81, 0x85, 0x2B, 0xBE, 0x9A,
    0x4D, 0x73, 0x60, 0x1D, 0x6E, 0x16, 0x69, 0xE7, 0x1D, 0x84, 0x19, 0x6F, 0xB4, 0xF8, 0xE4, 0xB3,
    0xD3, 0x39, 0xB0, 0x85, 0x8F, 0x1C, 0x98, 0xE6, 0xC0, 0x46, 0x5B, 0x39, 0xB0, 0xAC, 0x2D, 0xD0,
    0xA3, 0x85, 0x7C, 0x5E, 0x6D, 0xD9, 0x9A, 0x6D, 0x3D, 0xE2, 0xF9, 0x18, 0x12, 0x84, 0x67, 0x06,
    0x4A, 0x58, 0xEF, 0xDF, 0xF6, 0x4E, 0xB5, 0x2D, 0x71, 0xD5, 0x2D, 0x6F, 0xDC, 0xFB, 0xA8, 0x00,
    0xFD, 0xA9, 0x36, 0xBC, 0x9A, 0x9A, 0x54, 0x8D, 0xD7, 0x36, 0xE9, 0x19, 0x66, 0xC4, 0x66, 0x9D,
    0x99, 0x72, 0xE8, 0xD7, 0x5A, 0x32, 0x45, 0x99, 0xE6, 0x1E, 0x9F, 0x13, 0x75, 0x87, 0x6B, 0x6C,
    0x52, 0x6F, 0xD1, 0xAD, 0x05, 0x9F, 0x20, 0xE3, 0x79, 0xEC, 0x93, 0x73, 0x7F, 0xBE, 0x97, 0xC7,
    0x41, 0xA4, 0x82, 0x3A, 0x1C, 0xDF, 0x61, 0xC1, 0x10, 0x87, 0x8C, 0x58, 0x96, 0x06, 0xDF, 0xC1,
    0xD8, 0xF0, 0xE0, 0x5A, 0xCB, 0x42, 0xE8, 0xC0, 0x1A, 0x88, 0x11, 0xEF, 0xE5, 0x07, 0xD5, 0x6D,
    0xEC, 0x0C, 0x66, 0x32, 0xEE, 0x25, 0x5B, 0x20, 0x51, 0x6F, 0xBF, 0x74, 0xD7, 0xDD, 0xB6, 0x41,
    0xB7, 0xB1, 0x42, 0x1B, 0x17, 0x9A, 0x40, 0x4B, 0xB3, 0xDB, 0x84, 0xDD, 0xB6, 0xBA, 0x68, 0x83,
    0x5F, 0xBA, 0xA6, 0x7A, 0xC4, 0x0B, 0xDA, 0xC1, 0xFE, 0x8C, 0x06, 0x6F, 0x7C, 0x68, 0x08, 0x8F,
    0x8F, 0x06, 0xCF, 0xD1, 0xE0, 0xEB, 0xFF, 0x03, 0xE5, 0x9B, 0x31, 0x90, 0xE4, 0xE6, 0x71, 0xB6,
    0x1F, 0x00, 0xDC, 0x43, 0xFD, 0x87, 0x00, 0x0C, 0xEE, 0x82, 0x5F, 0x57, 0x65, 0x24, 0x0E, 0xC4,
    0x0B, 0x84, 0xD4, 0x81, 0x4D, 0xC0, 0x52, 0xA8, 0x64, 0x82, 0x5D, 0x07, 0x76, 0xC0, 0x84, 0x81,
    0x29, 0x05, 0x97, 0x07, 0x12, 0xA0, 0x48, 0xE9, 0x31, 0x66, 0xE0, 0x0B, 0x2E, 0x38, 0x2E, 0x03,
    0xA6, 0x0C, 0x4C, 0x01, 0x4E, 0x1C, 0x38, 0x42, 0xC9, 0x55, 0x4E, 0x9C, 0x20, 0xA0, 0x14, 0xD0,
    0x01, 0x21, 0x17, 0x24, 0xE2, 0x78, 0x00, 0x5E, 0x17, 0xFA, 0xC3, 0xA0, 0xB0, 0xCB, 0x2D, 0xD1,
    0xA6, 0x2D, 0xEE, 0xED, 0xEE, 0x47, 0x4E, 0xBF, 0x57, 0xBB, 0x18, 0x0C, 0xBA, 0x9F, 0xEE, 0x99,
    0xEE, 0x6F, 0xB0, 0x90, 0xAA, 0x04, 0xC8, 0x54, 0x03, 0x14, 0x6A, 0x00, 0xA4, 0xD6, 0x49, 0x07,
    0x78, 0xFA, 0xB8, 0x07, 0x02, 0xBD, 0x33, 0x98, 0xC4, 0x23, 0x10, 0x29, 0x9E, 0x80, 0x78, 0x8E,
    0xB4, 0xC8, 0x14, 0x2E, 0x92, 0x8E, 0x81, 0x72, 0xC8, 0x06, 0x5F, 0x35, 0x14, 0xBD, 0xB7, 0x48,
    0xD5, 0xA1, 0x16, 0xD4, 0xA1, 0x0E, 0x4F, 0x92, 0x7A, 0xFC, 0x45, 0x06, 0x82, 0x45, 0x46, 0xC2,
    0x45, 0x26, 0x22, 0x7D, 0x7E, 0x5E, 0xCD, 0xC4, 0x62, 0x79, 0x24, 0x33, 0x44, 0xCA, 0xB3, 0x09,
    0x42, 0x95, 0xD9, 0x08, 0x81, 0xEA, 0x62, 0x00, 0x5F, 0x8D, 0x7A, 0xF0, 0xD4, 0x71, 0x69, 0x79,
    0xCF, 0x4D, 0xA2, 0xD9, 0x24, 0xD6, 0x15, 0xE2, 0x0F, 0x00, 0xF7, 0xAA, 0xE7, 0x76, 0x25, 0x79,
    0x20, 0xA9, 0xF1, 0x25, 0x75, 0xDE, 0xFC, 0x37, 0xEA, 0x79, 0x4A, 0x31, 0x00, 0xD9, 0xE8, 0xCC,
    0xC9, 0xB9, 0x46, 0xAF, 0x92, 0xC6, 0x48, 0xD2, 0x98, 0xEA, 0xAB, 0x6A, 0xCC, 0x26, 0xB2, 0xB1,
    0x18, 0x16, 0xD3, 0x3B, 0x53, 0x8C, 0xC5, 0xE8, 0x69, 0xCC, 0xDC, 0x21, 0xFA, 0x62, 0x8C, 0xA5,
    0x1F, 0x8F, 0xBE, 0xA6, 0x70, 0xE4, 0x61, 0xCE, 0x71, 0xBD, 0x05, 0x58, 0x3C, 0x02, 0x67, 0x1A,
    0xB0, 0x28, 0xF1, 0x2B, 0xD8, 0x56, 0x36, 0x39, 0xD9, 0x33, 0x81, 0xA2, 0x31, 0xC9, 0x6A, 0x93,
    0xCA, 0x24, 0x14, 0x26, 0xBD, 0x89, 0xFF, 0x8C, 0x6D, 0xDD, 0x02, 0xA4, 0x91, 0x4A, 0x88, 0xD5,
    0x2D, 0xA6, 0x07, 0xE2, 0x61, 0x31, 0x3D, 0x90, 0x76, 0x80, 0x39, 0x64, 0x90, 0x5F, 0x00, 0x5C,
    0x0F, 0xD1, 0x9F, 0x94, 0x26, 0x2A, 0xE1, 0xFE, 0xB9, 0x3F, 0x5B, 0xD8, 0x7F, 0xD9, 0x5B, 0xBC,
    0xFF, 0xAD, 0x04, 0xF4, 0xA4, 0x03, 0x82, 0xE5, 0x39, 0x10, 0x77, 0xCC, 0xD8, 0xBA, 0x45, 0x9C,
    0x4E, 0x0E, 0x38, 0x22, 0xDE, 0x59, 0x9E, 0xD5, 0x84, 0x6A, 0x67, 0x88, 0xF5, 0xFB, 0xE7, 0x90,
    0xBD, 0x1A, 0x81, 0xEA, 0x17, 0x02, 0x6F, 0xB2, 0xC4, 0x3D, 0x70, 0x92, 0xEF, 0x61, 0x39, 0x5A,
    0x18, 0x2E, 0x8C, 0x17, 0x0E, 0x98, 0x23, 0xE6, 0x68, 0x39, 0x6B, 0xD0, 0x30, 0x6A, 0x18, 0x36,
    0x8C, 0x1B, 0x06, 0x0E, 0x23, 0x87, 0xA1, 0xC3, 0xD8, 0x61, 0xF0, 0x30, 0x7A, 0x18, 0x3E, 0x8C,
    0x1F, 0x0E, 0xA0, 0x23, 0xF8, 0xB8, 0xC4, 0x5D, 0xBC, 0x49, 0xD4, 0xDF, 0x3F, 0x07, 0xBC, 0xC9,
    0x11, 0x79, 0xCB, 0x50, 0x5C, 0x42, 0x18, 0xDD, 0x36, 0x84, 0x67, 0xC6, 0xA3, 0xA8, 0xCD, 0x8D,
    0xF6, 0xE1, 0x29, 0x84, 0x7D, 0x21, 0xE0, 0x85, 0x54, 0x82, 0xAF, 0xAA, 0x81, 0x68, 0x48, 0x3A,
    0x48, 0x9A, 0x60, 0xC1, 0x00, 0xA7, 0x1C, 0xD7, 0x4F, 0xBF, 0xCA, 0x21, 0x91, 0x7A, 0xC8, 0xA4,
    0x09, 0x52, 0x49, 0x90, 0xFC, 0xE6, 0x89, 0x72, 0xFE, 0xDF, 0xF2, 0xA2, 0xD8, 0x6B, 0x1E, 0xED,
    0xDF, 0x7E, 0xAC, 0x9A, 0x47, 0x92, 0x6A, 0xAA, 0xC5, 0xFA, 0xD2, 0x47, 0xAA, 0x03, 0x35, 0x81,
    0xEA, 0x50, 0xA5, 0xD9, 0xDC, 0xD9, 0x70, 0xB1, 0x75, 0xB2, 0xFC, 0x76, 0x3D, 0x72, 0x56, 0x8D,
    0xD4, 0x57, 0x35, 0xA9, 0x9A, 0xA2, 0xC6, 0x3B, 0x5E, 0x47, 0xDC, 0x3A, 0x19, 0x4D, 0x4E, 0x66,
    0x13, 0x7E, 0x86, 0xD5, 0xE4, 0xE8, 0x6A, 0xB2, 0x31, 0x30, 0xBF, 0x2E, 0x6F, 0x3D, 0xD0, 0xED,
    0x13, 0xD0, 0x57, 0x0E, 0x78, 0xEE, 0x83, 0x22, 0xAE, 0x97, 0xFA, 0x7C, 0x92, 0x13, 0xAA, 0x9B,
    0x20, 0xD6, 0xD0, 0x43, 0xFA, 0x6A, 0x7A, 0xBD, 0xEB, 0x13, 0xEE, 0xE5, 0xF7, 0x72, 0x20, 0x7B,
    0x19, 0x97, 0x80, 0x5D, 0x0C, 0xDE, 0x50, 0xCC, 0x80, 0xD7, 0xDE, 0xFB, 0x8C, 0x6D, 0x59, 0x7E,
    0x19, 0x82, 0x0E, 0x16, 0xD7, 0x46, 0x8E, 0xBE, 0xE1, 0x0F, 0xA4, 0xE5, 0xED, 0x62, 0x7C, 0xE0,
    0x40, 0x34, 0x7B, 0x1D, 0x89, 0xD4, 0x92, 0xBD, 0xA3, 0x9A, 0xBF, 0xF4, 0xB6, 0x1E, 0xA2, 0xB0,
    0xC3, 0x46, 0x08, 0x67, 0x41, 0xDC, 0x15, 0x35, 0x59, 0x19, 0x75, 0x3C, 0x80, 0xC3, 0xC5, 0x4F,
    0x4A, 0xFE, 0x94, 0x9F, 0x94, 0xA3, 0xFB, 0xA4, 0xB4, 0x3A, 0xDC, 0x87, 0xBC, 0x52, 0xB3, 0x45,
    0x97, 0x70, 0x8E, 0x26, 0x20, 0xE9, 0x3D, 0xE5, 0x2C, 0xE9, 0xF7, 0x90, 0x6D, 0xDD, 0xC9, 0xB6,
    0xD4, 0x3F, 0x7F, 0x0A, 0xA1, 0x6B, 0x7B, 0x46, 0xC8, 0x5E, 0xCD, 0xA0, 0x7F, 0x52, 0x19, 0xCC,
    0x64, 0xAD, 0xE7, 0x2A, 0xF4, 0xBA, 0xDA, 0xD7, 0xF7, 0x00, 0x5F, 0xA5, 0xB9, 0x6B, 0xE6, 0x62,
    0xFB, 0x9A, 0x36, 0x26, 0x59, 0x69, 0x52, 0x99, 0x37, 0xEF, 0x0F, 0x8F, 0x81, 0xB0, 0x3B, 0x64,
    0x40, 0x30, 0x78, 0x93, 0x41, 0xD3, 0xE8, 0x80, 0x76, 0x5B, 0xA3, 0x77, 0xAB, 0xCA, 0xF3, 0xDE,
    0x0B, 0xD7, 0xEE, 0x41, 0x52, 0xC3, 0x69, 0x76, 0x92, 0x33, 0x7E, 0x3F, 0xAE, 0x99, 0x49, 0x6B,
    0x0A, 0x29, 0x27, 0xD1, 0x0C, 0xA1, 0x7A, 0xE0, 0x8D, 0x6B, 0x69, 0x5F, 0xB7, 0x49, 0x22, 0x69,
    0xC1, 0x08, 0xD9, 0x25, 0xBC, 0x3F, 0x3A, 0x5C, 0x0F, 0xDE, 0xFE, 0x3A, 0xAE, 0xEA, 0x96, 0xE2,
    0xBA, 0xFF, 0x0C, 0x08, 0x07, 0xC0, 0xDC, 0x3D, 0x2D, 0x16, 0x5C, 0xF7, 0x5F, 0x2F, 0x5C, 0xDB,
    0x0A, 0x07, 0x27, 0xB3, 0x09, 0x99, 0x93, 0x9F, 0xDB, 0x05, 0xFD, 0xA2, 0x7F, 0x0B, 0x88, 0xDA,
    0xA7, 0x3F, 0x37, 0x78, 0xD6, 0xFB, 0xF8, 0xD2, 0xB0, 0x83, 0x97, 0x28, 0xBF, 0x5D, 0xF0, 0x98,
    0x01, 0xEC, 0xCA, 0xA3, 0xA3, 0x39, 0x64, 0x27, 0xB9, 0x37, 0xFC, 0x45, 0x5C, 0x33, 0x91, 0x95,
    0x54, 0x12, 0xA4, 0x9A, 0xAE, 0x9B, 0xE0, 0xBD, 0xDC, 0x2F, 0x6D, 0xBC, 0xB7, 0x0B, 0xAD, 0x64,
    0x28, 0x86, 0x27, 0x02, 0xBC, 0xCE, 0xFF, 0x0C, 0x8E, 0x0D, 0x98, 0x37, 0x90, 0x94, 0xC0, 0x4C,
    0x91, 0xBB, 0x23, 0x1D, 0xA5, 0xD1, 0xCE, 0xA2, 0x96, 0xDB, 0xD8, 0xCC, 0xFC, 0xB5, 0x35, 0x33,
    0xDD, 0xD2, 0xCC, 0x34, 0xFC, 0x95, 0x57, 0xE5, 0xD8, 0x7A, 0x9B, 0xA0, 0x5B, 0xBA, 0x97, 0x96,
    0x44, 0xAA, 0x89, 0xA4, 0x12, 0x4F, 0x13, 0xE0, 0xC1, 0x75, 0x34, 0x33, 0x51, 0x63, 0xDD, 0x64,
    0xD8, 0x19, 0x9C, 0x40, 0x1F, 0xC9, 0x55, 0xD9, 0x84, 0xA1, 0x1A, 0x5C, 0x95, 0x3D, 0x05, 0xE0,
    0x4D, 0xEE, 0x76, 0x33, 0xE3, 0x0D, 0x84, 0x1D, 0x13, 0x71, 0x8B, 0x3E, 0x57, 0x43, 0x21, 0x95,
    0x24, 0x12, 0xF8, 0x5B, 0x25, 0xBE, 0x36, 0xCD, 0x8C, 0x99, 0xD2, 0x35, 0x33, 0x85, 0x34, 0x57,
    0x92, 0x76, 0x8F, 0xB9, 0xEA, 0xE0, 0x6B, 0x8F, 0x1E, 0x96, 0xCB, 0xB9, 0xF0, 0xF8, 0xFD, 0xD9,
    0xE9, 0x55, 0xC7, 0xDA, 0xE3, 0xAB, 0xF3, 0xF3, 0x4B, 0xE7, 0x15, 0x5B, 0x10, 0x72, 0x28, 0x8E,
    0x27, 0xED, 0xDD, 0xBF, 0x93, 0xA7, 0xE0, 0x55, 0x4F, 0x21, 0xD5, 0x0C, 0x92, 0x9B, 0x87, 0xBB,
    0x58, 0xEF, 0x57, 0x43, 0x32, 0x93, 0x8C, 0xE9, 0x48, 0x3C, 0x65, 0x23, 0xD1, 0x9C, 0xCD, 0xE7,
    0x1F, 0xCF, 0x99, 0xA4, 0xBD, 0x19, 0x00, 0x67, 0x46, 0x30, 0xD4, 0xC4, 0x2A, 0xBD, 0x4F, 0x42,
    0x49, 0x83, 0xBF, 0x18, 0x0A, 0xA9, 0x27, 0x92, 0x9E, 0xC2, 0xC3, 0x03, 0xEB, 0xFA, 0x5E, 0x0E,
    0x54, 0x2D, 0xA0, 0x6E, 0x6F, 0x8E, 0x93, 0x94, 0xA7, 0xD6, 0x46, 0x0C, 0x4F, 0x33, 0xF8, 0x02,
    0x4F, 0x10, 0xCE, 0xEE, 0xC5, 0xD2, 0x7A, 0x3D, 0xC1, 0x75, 0x04, 0x32, 0x50, 0xBB, 0x98, 0x61,
    0x31, 0x23, 0x10, 0x4E, 0x40, 0xB0, 0x98, 0x68, 0xC4, 0x05, 0xD5, 0x75, 0xA8, 0x8F, 0xB1, 0xF5,
    0x5D, 0xC7, 0xF7, 0x4D, 0x1E, 0x06, 0xCA, 0xDF, 0x8E, 0xF5, 0x72, 0x4E, 0xA5, 0x31, 0xFB, 0x40,
    0xC3, 0xDB, 0x54, 0xCD, 0x03, 0xDE, 0xF8, 0xEE, 0x03, 0xE6, 0xE5, 0xDE, 0x81, 0x74, 0x08, 0x3A,
    0xA4, 0x7F, 0x68, 0x7D, 0x49, 0x4D, 0xF0, 0xB2, 0x52, 0x19, 0x74, 0xD1, 0x8C, 0x97, 0x73, 0x3D,
    0x11, 0x3A, 0xF6, 0xCF, 0x03, 0xE7, 0xCF, 0xD2, 0xD6, 0xD7, 0x50, 0xE4, 0xA1, 0xA6, 0xBF, 0x27,
    0xFE, 0x83, 0x20, 0x6B, 0x8A, 0x9A, 0xEA, 0xB8, 0xE7, 0xC3, 0x16, 0x33, 0xCC, 0xA1, 0x0B, 0x66,
    0x36, 0xC7, 0xAF, 0x36, 0x3D, 0x2E, 0x7C, 0x97, 0xCD, 0x12, 0xC2, 0xED, 0xB8, 0x2B, 0x8D, 0x45,
    0xF2, 0x8A, 0x57, 0x13, 0x00, 0x27, 0xA7, 0xD8, 0x34, 0x0B, 0x67, 0x79, 0xD6, 0x10, 0xA8, 0xAB,
    0x20, 0xD6, 0xF0, 0x02, 0xD2, 0x2F, 0x27, 0xA0, 0xA8, 0x95, 0xE3, 0x3A, 0x4B, 0x0E, 0x78, 0xF9,
    0x3E, 0xC4, 0x2E, 0xC6, 0x2E, 0xC8, 0x58, 0x94, 0xB1, 0x30, 0x63, 0x71, 0xC6, 0x02, 0x8D, 0x45,
    0x1A, 0x0B, 0x35, 0x16, 0xE1, 0x8B, 0x76, 0x00, 0x8E, 0x76, 0xC4, 0x45, 0xFC, 0x18, 0x72, 0x2C,
    0xE6, 0xF8, 0x66, 0x5D, 0xD4, 0x5D, 0xD8, 0x5D, 0xDC, 0xDD, 0x66, 0x76, 0xD6, 0xDA, 0xF1, 0xDD,
    0xFD, 0x0F, 0xC1, 0x1F, 0x33, 0xE5, 0xF0, 0x5E, 0xA5, 0x1A, 0x3C, 0xDB, 0x38, 0x0B, 0xC6, 0x68,
    0x80, 0xB8, 0xF5, 0x26, 0xF6, 0xCB, 0x4E, 0xDD, 0x12, 0xD9, 0x45, 0x5F, 0xB2, 0xF6, 0x73, 0xE0,
    0x8F, 0xD8, 0xDC, 0xAC, 0x54, 0x5F, 0x69, 0xCF, 0xCE, 0x72, 0x77, 0xE4, 0x37, 0xDA, 0xF3, 0xF3,
    0x67, 0x57, 0x5F, 0xC3, 0xC5, 0x9D, 0xCE, 0xA4, 0x5B, 0x38, 0x05, 0x43, 0xB6, 0xDF, 0xE9, 0x2C,
    0x5A, 0x08, 0xC7, 0xB8, 0x5F, 0xBC, 0xF3, 0xDD, 0x4E, 0xE7, 0x03, 0x8E, 0xEB, 0xD1, 0x4B, 0xC0,
    0x97, 0x5A, 0x88, 0xA5, 0x11, 0x0B, 0x37, 0xE8, 0xE5, 0x23, 0x95, 0x9E, 0x5A, 0x4F, 0xB5, 0xAF,
    0x1A, 0xDB, 0xC8, 0xA4, 0x6A, 0x03, 0x7D, 0x7E, 0xAE, 0x76, 0x21, 0x78, 0xD9, 0x96, 0xC0, 0xD1,
    0xD6, 0xEB, 0xFB, 0x28, 0xA0, 0x81, 0x47, 0x25, 0x85, 0xA4, 0x92, 0xD4, 0x6C, 0x28, 0x29, 0x87,
    0x4A, 0x2F, 0x01, 0xEF, 0x0C, 0x8E, 0x53, 0xB6, 0x3D, 0xED, 0x9D, 0x16, 0x08, 0x9B, 0xA5, 0x40,
    0x6A, 0x5F, 0xC3, 0xCF, 0x08, 0x35, 0x7D, 0xFF, 0x46, 0x14, 0xC8, 0x0B, 0xCC, 0xEB, 0x72, 0xB1,
    0x1F, 0xD7, 0xAC, 0x1D, 0xFB, 0x59, 0xFE, 0xA4, 0x24, 0x50, 0x37, 0x41, 0xA4, 0xE1, 0x93, 0x1B,
    0x50, 0x2C, 0xBC, 0xCB, 0x9F, 0x07, 0x6A, 0x86, 0x58, 0xEA, 0xE3, 0x5F, 0xAA, 0xFB, 0x33, 0x7E,
    0x90, 0x73, 0x3C, 0x51, 0x25, 0x7C, 0x55, 0xF5, 0xB2, 0x6F, 0x9E, 0xD4, 0x36, 0x86, 0x5D, 0xC3,
    0x87, 0xE1, 0x81, 0x03, 0xA1, 0xF2, 0x9E, 0x58, 0xAF, 0x3A, 0xD2, 0xBF, 0x5B, 0xDA, 0x6A, 0xAC,
    0xAD, 0xDE, 0xBC, 0xD6, 0x04, 0xC1, 0xAC, 0x9C, 0xB8, 0xCF, 0x9A, 0xDD, 0x1E, 0xE1, 0x37, 0xBD,
    0xE9, 0xA7, 0xFF, 0xF7, 0x6F, 0xFA, 0x8F, 0x5F, 0x80, 0x66, 0x7C, 0x29, 0x0F, 0x67, 0x35, 0x49,
    0x9F, 0xF6, 0x45, 0x13, 0x8E, 0x0F, 0xE1, 0x14, 0x5E, 0xAF, 0x86, 0x6C, 0xB7, 0x45, 0x97, 0xFC,
    0x91, 0x2D, 0xBA, 0xD7, 0xB0, 0x71, 0x3B, 0xB8, 0x0D, 0x80, 0x44, 0x0D, 0x89, 0x5D, 0xFE, 0xFA,
    0x28, 0x5A, 0xEB, 0x84, 0xBD, 0x11, 0xB0, 0xD6, 0xDE, 0x8D, 0xA7, 0x5A, 0x1F, 0x95, 0x44, 0x64,
    0xC3, 0x44, 0xFD, 0xBF, 0x7E, 0x84, 0x6A, 0x29, 0x34, 0xA3, 0xDD, 0xF9, 0x01, 0xF5, 0xD8, 0x0F,
    0xF1, 0x94, 0xA3, 0xDC, 0x17, 0xC9, 0x48, 0xDC, 0x70, 0xBF, 0x04, 0x73, 0x2F, 0xEB, 0xBF, 0xFD,
    0xFF, 0xDF, 0xB1, 0x2F, 0x6E, 0xBD, 0x0B, 0xA1, 0xEC, 0xB3, 0xCD, 0x1E, 0xA1, 0xC0, 0x7F, 0xB9,
    0xE4, 0x54, 0xD6, 0x15, 0x43, 0x31, 0x64, 0x7D, 0xD2, 0x3A, 0xD7, 0xB2, 0xFE, 0xBF, 0xF7, 0x1F,
    0xD8, 0xB3, 0x7B, 0xF7, 0xEC, 0x47, 0x0D, 0x1C, 0xB3, 0x4C, 0x2D, 0x90, 0x48, 0x02, 0xAA, 0xED,
    0xBB, 0x1A, 0x4B, 0x8E, 0xF9, 0x23, 0x8D, 0xC4, 0x6A, 0xA8, 0x44, 0x2A, 0xC3, 0x9F, 0xD9, 0x9B,
    0x6C, 0x59, 0x8C, 0x10, 0xAA, 0xAE, 0xAC, 0x51, 0xAE, 0xAB, 0xDE, 0xCD, 0x7B, 0xDD, 0x4E, 0xDA,
    0x45, 0x3C, 0x27, 0xFE, 0x51, 0x9A, 0xF5, 0xC8, 0xF5, 0x79, 0xC5, 0x68, 0xB2, 0x9E, 0x73, 0x7D,
    0x85, 0x58, 0x35, 0x85, 0x96, 0x57, 0xFF, 0xA9, 0x26, 0x37, 0x7B, 0x0E, 0xB0, 0x48, 0x0B, 0xA9,
    0x8B, 0x92, 0x2F, 0x7D, 0x06, 0xE0, 0x9D, 0xB2, 0x5B, 0xDE, 0x53, 0x93, 0x78, 0x72, 0x22, 0x93,
    0xC4, 0x49, 0x3C, 0x9B, 0xF8, 0x83, 0x73, 0xFA, 0x19, 0x76, 0x2E, 0xC0, 0x3C, 0x0E, 0xCC, 0xE1,
    0x58, 0xBF, 0xD5, 0x48, 0x22, 0xD2, 0x99, 0x74, 0x22, 0x16, 0xD9, 0x68, 0xC3, 0xED, 0x40, 0x68,
    0x36, 0x50, 0x79, 0x85, 0x1D, 0x97, 0xDF, 0xA6, 0xCB, 0x91, 0x24, 0x36, 0x17, 0xC7, 0x2A, 0x8B,
    0x89, 0x50, 0xB2, 0x11, 0x47, 0xEA, 0xA0, 0x90, 0x6A, 0x88, 0x34, 0x19, 0x35, 0xD8, 0xD6, 0xFF,
    0x37, 0xBB, 0xFB, 0x34, 0x77, 0x16, 0x19, 0xA1, 0x22, 0x07, 0xF0, 0x5C, 0x7D, 0x66, 0x5A, 0xA5,
    0x76, 0xD2, 0x60, 0xDA, 0x3A, 0x69, 0x60, 0xFB, 0xC2, 0x2E, 0x10, 0x26, 0x83, 0x89, 0xF7, 0x0C,
    0xB8, 0x7D, 0xBC, 0x03, 0xB5, 0x66, 0x07, 0xB3, 0x23, 0xC7, 0x69, 0x8D, 0xC0, 0x6C, 0x34, 0x72,
    0x1C, 0xD8, 0xC8, 0x4A, 0x76, 0x23, 0xDB, 0x6B, 0x94, 0x00, 0xAE, 0x69, 0x46, 0xC0, 0xFD, 0x0F,
    0xED, 0xBA, 0x33, 0xFD, 0xB8, 0x33, 0x30, 0xFF, 0x62, 0x6E, 0x3F, 0xE9, 0x80, 0xD0, 0xBA, 0xE6,
    0x7D, 0xDB, 0x7C, 0xEB, 0x78, 0xBA, 0xC9, 0x27, 0xDE, 0x4F, 0x3E, 0x39, 0x91, 0xC6, 0x17, 0x90,
    0x7C, 0x39, 0x03, 0xD9, 0xAE, 0x99, 0x3B, 0xC5, 0xCB, 0x5F, 0x23, 0x92, 0x06, 0x71, 0x2B, 0xC4,
    0xB8, 0x5F, 0x66, 0x9F, 0xE3, 0xF0, 0xE3, 0xA6, 0x9F, 0xE3, 0xF8, 0x43, 0x70, 0xBB, 0x49, 0x9E,
    0xE5, 0x6C, 0x6F, 0x45, 0xF1, 0x85, 0x29, 0xC9, 0xCD, 0x80, 0x36, 0x25, 0x05, 0xC7, 0x29, 0x69,
    0x82, 0x93, 0x7C, 0x3F, 0x25, 0x7D, 0x85, 0x9D, 0xAF, 0x83, 0x58, 0x9A, 0x20, 0xB3, 0x97, 0xD0,
    0xFC, 0x44, 0xB5, 0xA7, 0xCE, 0x57, 0xEB, 0xAB, 0x41, 0x9D, 0x4D, 0x49, 0x7D, 0xA0, 0x92, 0xC2,
    0x6C, 0x36, 0x5C, 0x65, 0x6B, 0x8A, 0xDE, 0x5F, 0x8E, 0xEC, 0x3C, 0xB5, 0xA8, 0x43, 0x43, 0xE8,
    0x36, 0x11, 0x55, 0xAF, 0x41, 0x0E, 0xA5, 0x91, 0xED, 0x1B, 0xE5, 0x03, 0x8E, 0x5F, 0x63, 0x92,
    0x8C, 0x26, 0x27, 0x4E, 0xF8, 0x47, 0xAB, 0xD0, 0x7B, 0x83, 0xAB, 0xD0, 0xC6, 0x9E, 0xF5, 0xCF,
    0x39, 0x78, 0x77, 0xA6, 0x42, 0x3F, 0xFC, 0xE6, 0xD1, 0x6B, 0xFC, 0xE4, 0x06, 0x54, 0xEB, 0x76,
    0x5B, 0x48, 0x31, 0xC4, 0x8B, 0x38, 0x2C, 0x5E, 0x5F, 0x4C, 0x80, 0x7F, 0xE5, 0x6D, 0x21, 0xB1,
    0x01, 0x24, 0xFB, 0x62, 0x00, 0xD0, 0x0F, 0x67, 0xD7, 0x48, 0x64, 0xE5, 0x6D, 0x44, 0x6D, 0x93,
    0x9F, 0x1B, 0xFD, 0xDC, 0xEC, 0x47, 0xF2, 0x81, 0x5A, 0xF8, 0xC1, 0x36, 0xFD, 0x6D, 0x53, 0xAF,
    0x2C, 0x10, 0x76, 0x8E, 0x68, 0xC8, 0x1A, 0x48, 0xEB, 0xB0, 0xC7, 0x86, 0xC0, 0x6B, 0x00, 0xEE,
    0x5F, 0x09, 0x7C, 0x77, 0x03, 0x49, 0x76, 0xF1, 0x06, 0x92, 0xEA, 0xD2, 0x0D, 0x24, 0x6C, 0x37,
    0x90, 0xDC, 0xE5, 0xD6, 0x98, 0xF3, 0x05, 0x58, 0xA0, 0x9E, 0x63, 0x10, 0xD3, 0x57, 0xE6, 0x7E,
    0xA3, 0x1A, 0x4F, 0xA4, 0x9D, 0x55, 0xB4, 0x01, 0xBE, 0x79, 0xAD, 0xF4, 0x96, 0x0B, 0x64, 0x93,
    0xD3, 0xAA, 0x37, 0xF1, 0x54, 0xB3, 0xEB, 0x9C, 0x89, 0x07, 0xC0, 0x65, 0x04, 0x3F, 0x71, 0xB1,
    0x43, 0x9D, 0x4B, 0x09, 0xB5, 0x2E, 0x27, 0x0C, 0xBE, 0xF4, 0x6B, 0xD5, 0x96, 0x15, 0xAF, 0x94,
    0x5B, 0x5A, 0x68, 0x5E, 0xF3, 0x62, 0xC0, 0x61, 0x6B, 0x58, 0x29, 0xB2, 0xA6, 0x06, 0x2B, 0x63,
    0x56, 0xE4, 0xA8, 0xDB, 0xD4, 0x2E, 0xFA, 0x0A, 0xB5, 0xDF, 0xAF, 0xC7, 0x6F, 0xCF, 0x5F, 0x93,
    0x64, 0x3B, 0xFF, 0x9A, 0x26, 0xAC, 0x79, 0x72, 0x4C, 0x94, 0x2D, 0x53, 0xD6, 0x54, 0xD9, 0x72,
    0xC5, 0x25, 0xCB, 0x3E, 0x5B, 0x1C, 0x7E, 0x02, 0x8B, 0xD9, 0x02, 0x6C, 0xF7, 0x59, 0x58, 0xB4,
    0x26, 0xCA, 0x39, 0x7F, 0x0A, 0xA7, 0xE0, 0xC2, 0x8B, 0x1A, 0xBC, 0xEA, 0xF9, 0x12, 0xC1, 0x54,
    0xFA, 0x91, 0x4A, 0x24, 0x7D, 0x21, 0xF7, 0xA2, 0x0B, 0xFA, 0x57, 0x52, 0xBF, 0x5C, 0x56, 0xAA,
    0x7C, 0xCD, 0x85, 0x35, 0x19, 0x70, 0xD9, 0x80, 0x83, 0xFF, 0x75, 0x09, 0x17, 0xB1, 0x94, 0xC0,
    0xE5, 0x84, 0xED, 0xCE, 0x89, 0x25, 0xBE, 0xD5, 0xC4, 0x9A, 0x16, 0xC7, 0xC2, 0x77, 0x89, 0xB1,
    0x65, 0xC6, 0x76, 0xF3, 0x58, 0xC9, 0xCE, 0x23, 0xA8, 0x3A, 0xA7, 0xE9, 0xE8, 0x34, 0x94, 0x53,
    0x54, 0xE2, 0x9E, 0x77, 0xA7, 0x88, 0x9F, 0x3F, 0xDF, 0x97, 0x43, 0x2C, 0x13, 0x5F, 0xF5, 0x9E,
    0x78, 0xDC, 0x1B, 0x71, 0xEF, 0x70, 0x23, 0x88, 0x03, 0x6C, 0x3E, 0x99, 0xAA, 0xDC, 0x0F, 0xCE,
    0x50, 0xAC, 0x9A, 0xAD, 0x5A, 0x39, 0x0D, 0x85, 0xD3, 0xDE, 0xA9, 0xFF, 0xEC, 0x8E, 0xD5, 0xFE,
    0xBE, 0x50, 0x42, 0xF5, 0x4E, 0x46, 0x00, 0x22, 0x27, 0xA1, 0x93, 0x64, 0x30, 0xA9, 0x5A, 0x93,
    0x02, 0x4B, 0x8F, 0xC7, 0xDC, 0x8C, 0xF4, 0x78, 0xC3, 0xED, 0xB0, 0x7A, 0x6A, 0x92, 0xD2, 0x3C,
    0x9C, 0xAD, 0xB1, 0x89, 0x25, 0xB1, 0xE8, 0x6F, 0xDD, 0xE1, 0x49, 0x99, 0xF6, 0x00, 0x27, 0x78,
    0x77, 0x2A, 0x0D, 0xBC, 0x9C, 0x03, 0x90, 0x4C, 0x7E, 0x6F, 0x21, 0xFC, 0xF7, 0x0E, 0x70, 0x01,
    0xF5, 0xA6, 0x42, 0x35, 0xF8, 0xBD, 0xAF, 0x85, 0xF8, 0x81, 0x37, 0x6F, 0x06, 0x71, 0xB8, 0x83,
    0x85, 0xBC, 0xDB, 0xF8, 0x8B, 0xA7, 0x55, 0x75, 0x49, 0x67, 0xF6, 0x9D, 0x1F, 0xB8, 0x42, 0x86,
    0x9B, 0x83, 0x75, 0x6B, 0xFB, 0x50, 0x03, 0x16, 0x68, 0x27, 0xDD, 0xDE, 0x8F, 0xB4, 0x5C, 0xDF,
    0xAD, 0x8A, 0x4E, 0x1D, 0x54, 0xDF, 0x91, 0xAD, 0x3A, 0x50, 0x57, 0x0C, 0x78, 0xEA, 0xB2, 0x89,
    0x40, 0x4D, 0xAA, 0xDF, 0x3C, 0x51, 0x1D, 0xEB, 0x78, 0xB3, 0xD2, 0x64, 0x34, 0x7B, 0x78, 0xE4,
    0x50, 0xEE, 0x3D, 0x7B, 0xCF, 0xD0, 0x5C, 0xFE, 0x23, 0x18, 0x7C, 0xB3, 0xFC, 0xCA, 0x76, 0xFF,
    0x39, 0x39, 0x2B, 0x7A, 0xE2, 0xF9, 0xDB, 0x9B, 0x64, 0x2E, 0x06, 0xD2, 0xB9, 0x18, 0x29, 0xE6,
    0x4C, 0x3F, 0xD4, 0x9C, 0x4A, 0x9A, 0x63, 0xE9, 0xD5, 0x1C, 0x4A, 0xFF, 0x3A, 0xA3, 0x39, 0x98,
    0x39, 0x39, 0xEC, 0xBF, 0x99, 0x20, 0x50, 0xBE, 0x5E, 0x4E, 0xB8, 0xBF, 0xF1, 0x09, 0x78, 0x80,
    0x71, 0x6A, 0xCC, 0x76, 0x66, 0x07, 0x16, 0x19, 0xCD, 0x0E, 0x46, 0xA3, 0x77, 0xBC, 0x9C, 0x1B,
    0x9B, 0xAB, 0x70, 0xD3, 0x20, 0x59, 0xB9, 0x3A, 0x3F, 0x9D, 0x9B, 0xF1, 0x70, 0x74, 0x32, 0xE9,
    0x8F, 0x2E, 0xCE, 0x9B, 0x83, 0xD7, 0x41, 0xCC, 0xDA, 0x3B, 0x9B, 0x32, 0x4D, 0x43, 0xE5, 0xA6,
    0xC9, 0xB1, 0x35, 0xEA, 0x2E, 0xF6, 0xBE, 0xA7, 0xC0, 0xE3, 0x67, 0xD8, 0x2A, 0x7A, 0x07, 0xA3,
    0xD8, 0x02, 0x65, 0xFA, 0x3B, 0x35, 0xA6, 0xAF, 0x54, 0x9B, 0x4A, 0x38, 0x1D, 0x56, 0x2D, 0x9D,
    0x76, 0xFC, 0xA9, 0x74, 0xFB, 0xB7, 0x83, 0x06, 0x0E, 0x1B, 0x38, 0x70, 0xE0, 0xD0, 0xC1, 0x0A,
    0xEF, 0x88, 0x6F, 0x03, 0xB8, 0x21, 0x74, 0xDF, 0xC5, 0x3A, 0x8E, 0xDB, 0xF7, 0xF7, 0x64, 0xFD,
    0x36, 0x48, 0x42, 0x30, 0x2F, 0x1B, 0x7F, 0xF6, 0xD6, 0x1A, 0xCF, 0x6B, 0xEC, 0x8C, 0x62, 0x32,
    0x1A, 0x90, 0x6C, 0x30, 0xA9, 0xBA, 0x45, 0xA4, 0xC6, 0x49, 0x6E, 0x32, 0x60, 0xBF, 0xE3, 0x7F,
    0x24, 0x76, 0x15, 0x46, 0x18, 0x8C, 0x31, 0x18, 0x65, 0x30, 0xCE, 0x60, 0xA4, 0xC1, 0xB1, 0xC6,
    0x68, 0xDB, 0xA0, 0xBA, 0xE7, 0x4D, 0x36, 0x3A, 0x8D, 0xC5, 0xD6, 0xD1, 0xEF, 0x5B, 0x7A, 0x92,
    0xDE, 0xA9, 0x77, 0xB8, 0x4B, 0xC4, 0x3D, 0x37, 0xDE, 0x52, 0x0D, 0x26, 0xE9, 0x64, 0x12, 0x8A,
    0x1D, 0x71, 0xD2, 0x6E, 0x21, 0x8E, 0x77, 0xB8, 0x11, 0xC4, 0x79, 0xE0, 0x24, 0x54, 0xB3, 0x6A,
    0xCF, 0xBE, 0x73, 0x27, 0xBA, 0xA4, 0x69, 0xEF, 0x74, 0x1B, 0x88, 0x9D, 0xF0, 0xD6, 0x1D, 0xAB,
    0xFD, 0x63, 0xD8, 0x4A, 0xDC, 0x87, 0x95, 0x93, 0x01, 0x80, 0x78, 0x3F, 0xF5, 0x90, 0xF4, 0xFB,
    0x66, 0xA2, 0xC2, 0xD2, 0xE3, 0x3D, 0x6E, 0x46, 0x7A, 0xE4, 0x9C, 0xBA, 0x8B, 0xF4, 0xCC, 0xB5,
    0x4C, 0xFF, 0xD1, 0xB3, 0x75, 0xF4, 0x30, 0x3F, 0x71, 0xDB, 0xA1, 0x83, 0x6F, 0xE1, 0xB1, 0xA6,
    0xFE, 0x2E, 0xA5, 0x81, 0xDD, 0xC4, 0x0A, 0x59, 0x1F, 0x74, 0x60, 0x37, 0xB2, 0xBA, 0xB6, 0xB3,
    0x06, 0xBB, 0x99, 0x15, 0x82, 0x2E, 0x9A, 0xB8, 0xFF, 0xA1, 0x97, 0x73, 0x43, 0x88, 0x73, 0x27,
    0x0B, 0xD9, 0x2A, 0x72, 0x6B, 0x99, 0xD7, 0x76, 0x79, 0xAF, 0xBE, 0xE9, 0xD6, 0x73, 0x02, 0xAE,
    0x90, 0x6F, 0x12, 0x56, 0xD7, 0x7F, 0xBB, 0x0E, 0x7C, 0x7B, 0xF7, 0x32, 0xD9, 0xFD, 0xD0, 0xFB,
    0x74, 0xDD, 0xE9, 0xCE, 0x37, 0xEF, 0x71, 0xC5, 0x9E, 0xBA, 0x5E, 0x7C, 0xB6, 0xA3, 0x94, 0xEF,
    0x37, 0xD0, 0x6D, 0x2C, 0x4D, 0xC7, 0x62, 0x84, 0x62, 0xCC, 0x26, 0x50, 0x97, 0x08, 0x4F, 0x6D,
    0x64, 0x7F, 0x53, 0xEF, 0xFE, 0xC4, 0xDE, 0x57, 0x13, 0xCB, 0x7E, 0x35, 0x43, 0xD5, 0x67, 0x23,
    0x64, 0x4B, 0xB0, 0x48, 0x27, 0x75, 0x58, 0x94, 0x20, 0x74, 0xC5, 0x63, 0x94, 0x3C, 0x09, 0x40,
    0x23, 0x98, 0xEB, 0x40, 0xF6, 0xED, 0xED, 0x63, 0xA3, 0x15, 0x6B, 0x47, 0xB5, 0x6A, 0x37, 0xBF,
    0x08, 0xA7, 0xAD, 0x87, 0xB5, 0x75, 0x76, 0x80, 0xB3, 0xBC, 0xEA, 0x97, 0x63, 0xF7, 0xDF, 0x2F,
    0x24, 0x13, 0x91, 0x88, 0xE7, 0xE5, 0xFF, 0x48, 0x24, 0xE3, 0x12, 0xB8, 0x74, 0xB4, 0x03, 0x7A,
    0x3C, 0xD5, 0x45, 0x07, 0x6A, 0x96, 0x53, 0x57, 0xAD, 0x1A, 0xC8, 0x7E, 0xA7, 0x1A, 0xB2, 0xFF,
    0x54, 0x09, 0xC9, 0x97, 0xC2, 0x3C, 0xDD, 0xE6, 0xD1, 0x40, 0xA3, 0xD9, 0xC1, 0x82, 0xDA, 0x6F,
    0xD1, 0x46, 0xED, 0x96, 0x75, 0x81, 0xD9, 0x58, 0x39, 0x7C, 0xAF, 0x12, 0x90, 0x6A, 0x34, 0xDB,
    0x9B, 0x6D, 0x16, 0x3B, 0xDD, 0x08, 0x0A, 0x97, 0xD6, 0xBD, 0x7C, 0xEB, 0x98, 0xED, 0xCC, 0xDB,
    0xF9, 0x5D, 0xA9, 0x36, 0xAF, 0x1B, 0x85, 0x77, 0x21, 0xD6, 0x8F, 0xB4, 0x50, 0x88, 0x94, 0xA7,
    0x1A, 0xCD, 0xF6, 0xA1, 0x16, 0x0A, 0xDE, 0xB4, 0x52, 0x80, 0x13, 0xB3, 0x1A, 0xCC, 0xCE, 0x66,
    0xB5, 0xAB, 0x1A, 0xB9, 0xAA, 0xDB, 0xF6, 0x42, 0x89, 0x6B, 0x2B, 0xB9, 0xF2, 0xE6, 0x54, 0xD3,
    0x6E, 0xBB, 0xF7, 0xEA, 0xBB, 0xA8, 0xC6, 0xCB, 0x77, 0x51, 0x15, 0xE6, 0xFA, 0x63, 0x6E, 0x72,
    0x7D, 0xC1, 0x81, 0x07, 0x10, 0xCE, 0x7C, 0x0A, 0x89, 0xFE, 0x30, 0x42, 0x26, 0x2D, 0x98, 0xDE,
    0x51, 0x07, 0x9F, 0x7A, 0xAA, 0xE1, 0x01, 0x6F, 0xDC, 0x20, 0x8E, 0x6E, 0xC3, 0x36, 0x19, 0xFC,
    0x1E, 0x0A, 0x7D, 0xD0, 0xB9, 0xDE, 0x6E, 0xDD, 0xAC, 0xF5, 0xFB, 0x50, 0xAE, 0xAB, 0xBB, 0xC9,
    0xD4, 0xFE, 0x0B, 0xCD, 0x59, 0x01, 0xA4, 0x2D, 0x49, 0x7A, 0xFE, 0xBA, 0x7B, 0xEF, 0x6D, 0x99,
    0x96, 0xD4, 0xC3, 0x1C, 0xB2, 0xF3, 0xD8, 0x06, 0x48, 0x46, 0x46, 0x07, 0x00, 0x93, 0xA9, 0xDE,
    0x2C, 0x82, 0x60, 0x0E, 0xDE, 0x25, 0x2C, 0x06, 0x82, 0x78, 0xC8, 0x5B, 0x58, 0x92, 0x60, 0xBB,
    0xED, 0x00, 0xC0, 0x13, 0x11, 0x08, 0xF6, 0x61, 0x97, 0xBC, 0x1B, 0x32, 0x41, 0xB0, 0x98, 0xD9,
    0xAA, 0xDD, 0x05, 0x80, 0x5E, 0xB0, 0x80, 0x74, 0xD8, 0x07, 0xBB, 0xD8, 0x5A, 0x3A, 0xD1, 0xEF,
    0xA5, 0xBA, 0xBF, 0xD4, 0x5F, 0xDD, 0xA7, 0xCF, 0xB9, 0xE7, 0xDD, 0xDC, 0x97, 0x31, 0x77, 0x24,
    0xFF, 0xA9, 0xFA, 0xAA, 0xBA, 0xEB, 0xFB, 0xFF, 0xFA, 0xFF, 0xBF, 0xAE, 0xAE, 0x52, 0x17, 0x7B,
    0xE0, 0x5F, 0x81, 0xF7, 0xF0, 0xF8, 0x93, 0x9A, 0x6C, 0xDD, 0xD7, 0xE0, 0xFE, 0x0A, 0xEE, 0x19,
    0x1C, 0xBE, 0x68, 0x79, 0x06, 0x24, 0x35, 0xF2, 0x16, 0x5F, 0x03, 0xBE, 0x73, 0x5D, 0x1B, 0xDA,
    0xF7, 0x32, 0x5B, 0x7C, 0xC3, 0xA6, 0x1F, 0x5B, 0x64, 0x5F, 0xBC, 0xB4, 0x57, 0x57, 0x7B, 0xD2,
    0x6D, 0x25, 0x3C, 0xBE, 0xFE, 0x66, 0x77, 0x75, 0x75, 0xF5, 0xC8, 0x90, 0xF4, 0x47, 0x68, 0x04,
    0x20, 0x22, 0x8F, 0xF5, 0x19, 0xE0, 0x20, 0x1B, 0x43, 0xC4, 0xDF, 0xD1, 0x11, 0xDE, 0x17, 0xD0,
    0xDA, 0xE1, 0x62, 0x6F, 0x6A, 0xE5, 0xFE, 0x3F, 0xD5, 0xC7, 0xB8, 0x7C, 0x06, 0x11, 0x2D, 0x29,
    0x89, 0x20, 0x99, 0xC4, 0x26, 0xE7, 0x03, 0xC9, 0x94, 0x4D, 0xB9, 0x2F, 0xBC, 0xF2, 0xE5, 0xA8,
    0x07, 0xED, 0x1A, 0xB7, 0xDB, 0x17, 0x93, 0x9A, 0xC2, 0xB3, 0x2F, 0x87, 0xCA, 0xE9, 0x5E, 0x77,
    0x8D, 0xDD, 0x21, 0x23, 0x72, 0xA2, 0x98, 0xA1, 0x26, 0x28, 0x0F, 0x35, 0xA2, 0x74, 0xA8, 0x1C,
    0x74, 0x87, 0x5D, 0x8D, 0xA6, 0x6F, 0x9C, 0x76, 0xD5, 0x50, 0x8E, 0x2A, 0xD8, 0xCA, 0xA6, 0x74,
    0xC2, 0x55, 0x32, 0xC1, 0x20, 0x9B, 0x12, 0x22, 0xF7, 0xE9, 0x8C, 0xF0, 0x7A, 0x46, 0x18, 0x9D,
    0x20, 0x24, 0xE8, 0x41, 0xC0, 0x55, 0x23, 0x82, 0xE6, 0x88, 0xDD, 0x7E, 0xB7, 0x47, 0x31, 0x65,
    0x0C, 0xF6, 0x73, 0x0A, 0x6F, 0x46, 0x19, 0xC9, 0xC2, 0xAB, 0x9C, 0x1A, 0xA1, 0xFB, 0x52, 0xA6,
    0xAB, 0x1C, 0x1A, 0x2B, 0xB3, 0xCA, 0xBC, 0xCA, 0xE7, 0xB3, 0x70, 0x4B, 0xAF, 0xA6, 0x2A, 0x98,
    0xD5, 0x81, 0xA8, 0x5D, 0x39, 0x08, 0x2D, 0xB0, 0x7A, 0xD3, 0x6A, 0x7B, 0x15, 0x88, 0x4D, 0x5F,
    0x0D, 0xCB, 0x44, 0x61, 0xD4, 0xA3, 0x12, 0xA3, 0xE2, 0x86, 0x18, 0x98, 0x16, 0xD7, 0x82, 0xD3,
    0x44, 0x3A, 0x81, 0xC0, 0x55, 0xF8, 0xE1, 0xDD, 0xA7, 0x08, 0xE4, 0x50, 0x7B, 0xA0, 0x92, 0xDA,
    0x01, 0xA5, 0x54, 0x8B, 0xBD, 0xB2, 0x6F, 0x93, 0xF4, 0x87, 0x3A, 0x7F, 0xF2, 0x4B, 0x0F, 0x65,
    0x11, 0x6B, 0x79, 0xA8, 0x2B, 0xBF, 0x3A, 0xD4, 0xD5, 0x8E, 0x3E, 0xAD, 0xEE, 0x66, 0x7D, 0xE7,
    0x19, 0x50, 0xB9, 0xA5, 0x96, 0x52, 0x7B, 0x40, 0x49, 0xED, 0xC0, 0x5F, 0xFF, 0x6A, 0x22, 0xB9,
    0x55, 0x79, 0x27, 0x63, 0xC2, 0x3B, 0xD5, 0x91, 0x77, 0xCF, 0x3F, 0x7A, 0xF1, 0xFC, 0x94, 0xFB,
    0x83, 0x0F, 0x7F, 0xF6, 0x67, 0xA7, 0xFC, 0x4D, 0x47, 0x3B, 0x09, 0x36, 0x67, 0xA7, 0x38, 0x54,
    0xF4, 0x5A, 0xCA, 0x14, 0x8B, 0xF4, 0x2B, 0x8E, 0x8A, 0x2E, 0x65, 0x0B, 0x20, 0xD4, 0x11, 0x60,
    0x0D, 0xF6, 0xE0, 0x0C, 0xB2, 0x23, 0xC7, 0x58, 0x3A, 0x79, 0xEC, 0x65, 0x68, 0x14, 0x9A, 0xC8,
    0xC3, 0xB6, 0x71, 0x1C, 0x39, 0x9A, 0x41, 0xBB, 0x8B, 0xFA, 0x61, 0x8B, 0xBF, 0x84, 0x71, 0x09,
    0x2D, 0x87, 0x8C, 0x9D, 0x40, 0xCF, 0x21, 0x65, 0xD7, 0xF4, 0xA0, 0xBD, 0xA8, 0xB1, 0x43, 0xA0,
    0x3C, 0x47, 0xFA, 0x0B, 0xE3, 0x32, 0xB6, 0x6A, 0x12, 0x86, 0xAD, 0xC8, 0x21, 0x97, 0x26, 0x3E,
    0x95, 0x73, 0xD3, 0xA7, 0xAC, 0x95, 0x0F, 0xF4, 0xB7, 0x91, 0xEC, 0x1F, 0xB6, 0xC6, 0x71, 0x90,
    0x5F, 0xD3, 0x5F, 0xD4, 0x8F, 0xAF, 0x5B, 0xD2, 0x3A, 0xE0, 0xBE, 0xCA, 0xBF, 0x00, 0xD7, 0xD7,
    0x35, 0x69, 0x91, 0xDD, 0x63, 0x69, 0x1B, 0x76, 0xB7, 0x96, 0x7B, 0x71, 0x3A, 0xD8, 0xF9, 0x9B,
    0xEB, 0xF6, 0x5B, 0xC0, 0x56, 0xBE, 0x7D, 0x55, 0xDF, 0xA3, 0xF1, 0x77, 0xAF, 0x3B, 0xE0, 0x58,
    0x76, 0x57, 0xF7, 0xE6, 0xF9, 0xA9, 0x24, 0xEC, 0x00, 0x6D, 0x21, 0xA2, 0x38, 0x02, 0x66, 0xE9,
    0x57, 0x9C, 0x00, 0xD6, 0x10, 0xD1, 0xFF, 0x45, 0x64, 0x33, 0xA2, 0x34, 0x96, 0x75, 0xEE, 0xA5,
    0x27, 0x54, 0xB6, 0x6A, 0x44, 0x14, 0xB6, 0xC6, 0x96, 0xEE, 0xD8, 0xD7, 0xDD, 0xB1, 0x6F, 0xEC,
    0xB1, 0xCF, 0x7A, 0xD5, 0x6D, 0xCD, 0x77, 0x99, 0x3C, 0x02, 0x2E, 0x6A, 0xB1, 0xF3, 0xF1, 0x54,
    0xB2, 0x05, 0x47, 0xE8, 0x9F, 0x51, 0x8D, 0x0D, 0xFB, 0x8C, 0x84, 0x26, 0x4B, 0x47, 0x0E, 0x8A,
    0x6C, 0x15, 0xBD, 0xFE, 0x77, 0x7E, 0xE8, 0xD5, 0x68, 0x6C, 0xC6, 0xA1, 0xF9, 0x09, 0xB3, 0xA9,
    0x72, 0xBA, 0xC3, 0xE3, 0x9A, 0xDF, 0x98, 0xB3, 0xB9, 0xEA, 0xAB, 0x1E, 0x48, 0xC3, 0xDB, 0x6C,
    0xD6, 0x7D, 0xE5, 0x80, 0xD0, 0x9B, 0xD2, 0xB5, 0x5F, 0xF8, 0x63, 0x5F, 0x0D, 0x47, 0x8E, 0xEE,
    0xB3, 0x39, 0xDA, 0xE9, 0x25, 0x32, 0xD1, 0x2E, 0xC5, 0x26, 0xD8, 0x26, 0xFC, 0x9E, 0x57, 0x2F,
    0x8D, 0x45, 0x42, 0x80, 0x1C, 0x0A, 0xB2, 0x0D, 0x26, 0x01, 0x1D, 0x7D, 0x13, 0x93, 0xA1, 0xB2,
    0x85, 0x19, 0xB1, 0xC8, 0x3E, 0xC6, 0x72, 0x2E, 0xA9, 0xE4, 0x77, 0x49, 0xC6, 0x79, 0x8E, 0xCF,
    0xF3, 0xBC, 0xE5, 0x3A, 0x25, 0x44, 0xB6, 0x7C, 0x67, 0x1E, 0x22, 0xE7, 0x39, 0x3F, 0xCF, 0xFB,
    0x31, 0xF7, 0xFD, 0xCD, 0xE7, 0x26, 0x4E, 0x77, 0xBE, 0x06, 0xDB, 0x3A, 0xFC, 0x84, 0x58, 0xD6,
    0x01, 0x57, 0x58, 0xD6, 0x42, 0x49, 0x5C, 0x1E, 0x05, 0x3B, 0x59, 0x8F, 0x3F, 0xF5, 0x9A, 0x4E,
    0x62, 0xAE, 0x38, 0x40, 0x93, 0xCA, 0x91, 0x63, 0x41, 0xDA, 0x86, 0x1E, 0x8A, 0x53, 0x58, 0x97,
    0x7F, 0xF0, 0x6A, 0x32, 0x1D, 0x7F, 0x3E, 0x63, 0x5D, 0x1B, 0xC9, 0x63, 0xCF, 0x3F, 0x26, 0x64,
    0x7D, 0x3E, 0x96, 0xF5, 0x71, 0xD5, 0x6F, 0x28, 0xB9, 0x44, 0xC2, 0x6C, 0x4E, 0x59, 0xB9, 0xF2,
    0x37, 0x8C, 0x81, 0x67, 0xD3, 0xCD, 0xE7, 0xC2, 0xDF, 0x7C, 0x56, 0xC3, 0xCD, 0xE7, 0xCA, 0xA5,
    0xC1, 0x42, 0xE9, 0x2A, 0xC7, 0xAF, 0x13, 0x80, 0xB6, 0xC1, 0xE2, 0xA4, 0x06, 0xDD, 0xF3, 0xBB,
    0x8C, 0x11, 0x61, 0xF5, 0xC7, 0x04, 0x7F, 0x20, 0x73, 0x1A, 0x8E, 0x39, 0x69, 0x35, 0x3D, 0x90,
    0xCD, 0x80, 0x66, 0xB0, 0x41, 0x94, 0x1C, 0x80, 0x7C, 0x5D, 0xC7, 0xC6, 0x23, 0x67, 0x87, 0x28,
    0x92, 0x8F, 0xA4, 0x06, 0xDE, 0x06, 0x50, 0x0E, 0xD0, 0x4E, 0x56, 0x8C, 0x6D, 0x4A, 0x64, 0x1E,
    0xC5, 0x08, 0xE5, 0x50, 0x75, 0xD0, 0xAD, 0x8C, 0x96, 0xB2, 0xC5, 0x45, 0x46, 0xD3, 0x81, 0x2D,
    0x6D, 0xCA, 0x44, 0x78, 0xD9, 0x14, 0x98, 0xB9, 0x0F, 0xDC, 0xC8, 0x2E, 0xFB, 0xC0, 0xAF, 0xEC,
    0xA2, 0xA1, 0x16, 0x9D, 0x6A, 0x88, 0x5A, 0xBA, 0x8F, 0x7A, 0x66, 0xD1, 0x64, 0x2D, 0xBA, 0x29,
    0xA3, 0x76, 0xB6, 0xE8, 0x17, 0x43, 0xB4, 0xA0, 0x5C, 0xB4, 0x51, 0x5A, 0x54, 0x0E, 0xE5, 0x88,
    0xC2, 0x4B, 0x34, 0x31, 0xC0, 0x16, 0xDA, 0xA2, 0xEC, 0x51, 0x38, 0x64, 0x63, 0xC8, 0xD5, 0xB0,
    0xEC, 0xB6, 0x85, 0xEC, 0xB6, 0x92, 0x3E, 0x44, 0xCB, 0x81, 0xD7, 0xD8, 0xC0, 0xAC, 0x3A, 0x88,
    0xB5, 0xC0, 0xCE, 0x87, 0xC0, 0x4F, 0xBD, 0x68, 0xA8, 0x31, 0xEA, 0x14, 0x8B, 0x56, 0x36, 0x47,
    0xBD, 0x64, 0xD5, 0x34, 0x6D, 0xD4, 0xD5, 0xA2, 0x1D, 0x83, 0x11, 0xFD, 0x62, 0xB1, 0x90, 0x8D,
    0xD1, 0x46, 0xE2, 0x21, 0xA2, 0x24, 0x2B, 0x76, 0xD9, 0x6E, 0x1B, 0x07, 0x4C, 0x23, 0xE0, 0x3D,
    0xD2, 0xA1, 0x41, 0xE6, 0x74, 0x5D, 0x74, 0xA5, 0x55, 0x56, 0x75, 0x55, 0x9D, 0x3B, 0x8D, 0x6C,
    0x40, 0x1A, 0x77, 0xC9, 0xCA, 0xC3, 0x0C, 0x09, 0x7B, 0xD9, 0x8F, 0x08, 0xED, 0xD1, 0x0C, 0x82,
    0xE5, 0x8C, 0x82, 0x75, 0x4A, 0x0B, 0xBA, 0xF8, 0x3C, 0x22, 0x6F, 0x01, 0x24, 0xAD, 0x28, 0x35,
    0x83, 0xE8, 0x29, 0x22, 0xA3, 0x4D, 0xB8, 0x3E, 0x0B, 0x4D, 0x96, 0xD7, 0x06, 0xC5, 0xA0, 0xAE,
    0x47, 0x49, 0x56, 0x66, 0x71, 0x2A, 0xB5, 0x64, 0xEB, 0x01, 0xD2, 0x0E, 0xA6, 0xC7, 0x0F, 0x51,
    0x0C, 0xA2, 0x31, 0x43, 0xC9, 0xC6, 0x5A, 0x88, 0xB9, 0x10, 0x6A, 0xE5, 0x01, 0xF6, 0xBF, 0x05,
    0xE3, 0x20, 0x46, 0xC4, 0x07, 0x21, 0x14, 0x04, 0x84, 0x20, 0xC3, 0x42, 0x90, 0x61, 0x40, 0xBF,
    0x8A, 0xC3, 0xBD, 0x22, 0xF1, 0x23, 0xE8, 0x21, 0xA3, 0x0F, 0x0A, 0x41, 0x8D, 0x2E, 0x93, 0x36,
    0xE5, 0x10, 0x9E, 0x2B, 0x57, 0x70, 0x4A, 0xD8, 0x5E, 0xB6, 0x15, 0x59, 0xFF, 0x3E, 0x00, 0xE3,
    0xD8, 0x01, 0x10, 0xEE, 0x00, 0x88, 0x71, 0x35, 0x01, 0x12, 0x45, 0xC6, 0x5A, 0x86, 0x01, 0x76,
    0x10, 0xD5, 0x56, 0x0F, 0x32, 0x6C, 0xBA, 0xE5, 0x38, 0x28, 0x99, 0x42, 0xE6, 0x42, 0x0B, 0x0F,
    0x58, 0x98, 0x0E, 0x7F, 0x08, 0xD1, 0xAC, 0xC5, 0xAA, 0xEC, 0xE0, 0xDC, 0xC0, 0x44, 0x70, 0xAF,
    0x43, 0xE3, 0x24, 0x52, 0x97, 0xBE, 0x06, 0x3A, 0x40, 0xAD, 0xFB, 0xE4, 0x35, 0xD8, 0xD5, 0xB8,
    0xC2, 0x51, 0xE2, 0x31, 0xC2, 0x88, 0x95, 0x75, 0xB6, 0x7C, 0x9D, 0x32, 0x1E, 0x1E, 0xE2, 0xD1,
    0x21, 0x4A, 0x62, 0xD8, 0xA2, 0x22, 0x47, 0x18, 0x72, 0x5E, 0x4E, 0xC4, 0x15, 0x7F, 0xCE, 0xF6,
    0xB7, 0x4D, 0x47, 0x0B, 0x63, 0x37, 0xF8, 0x31, 0x5B, 0x34, 0x3F, 0x65, 0x8D, 0xE6, 0xDF, 0x66,
    0xA0, 0xE1, 0x28, 0xD0, 0x03, 0x9A, 0x75, 0x00, 0x8F, 0x00, 0xEE, 0x14, 0xCE, 0xE5, 0xAD, 0xA7,
    0x00, 0x62, 0x2E, 0x1B, 0x21, 0x1B, 0x81, 0x66, 0x3C, 0x90, 0xB7, 0xEF, 0xB3, 0x78, 0xC0, 0x23,
    0xBC, 0x7B, 0x7D, 0x7D, 0xFD, 0x1C, 0x51, 0x7E, 0x57, 0xA0, 0xFB, 0x23, 0x71, 0xDA, 0x95, 0x00,
    0x72, 0x5B, 0x74, 0x40, 0x59, 0xA7, 0x23, 0xF0, 0x23, 0xC0, 0xBC, 0xF8, 0x64, 0x04, 0x4A, 0xB2,
    0x93, 0xA8, 0x5E, 0x0A, 0xF9, 0xF1, 0xF7, 0x01, 0xC4, 0xED, 0x01, 0xCD, 0xCC, 0x01, 0xC9, 0x84,
    0x74, 0x42, 0xDE, 0xCB, 0x62, 0xA8, 0x1A, 0x28, 0xEC, 0x07, 0x00, 0xD2, 0xFE, 0x7D, 0x21, 0xF7,
    0x38, 0x15, 0x0F, 0xA4, 0x03, 0x64, 0x1D, 0x91, 0x77, 0xEB, 0x69, 0xB6, 0x05, 0x34, 0x80, 0xEF,
    0x2C, 0xC3, 0xC9, 0xB8, 0x0E, 0xF7, 0x62, 0x68, 0xA1, 0x54, 0xEB, 0x41, 0xF6, 0xB3, 0x11, 0xF0,
    0x9F, 0x06, 0x0B, 0x1F, 0x04, 0x4A, 0x85, 0xA2, 0x2B, 0x5B, 0x65, 0x95, 0x2D, 0xEB, 0xBC, 0xD7,
    0x51, 0x09, 0xB8, 0xFC, 0x47, 0x1C, 0x24, 0xF7, 0x6F, 0xE8, 0x66, 0x5B, 0x77, 0x9F, 0x8D, 0x38,
    0x6C, 0xD3, 0x1F, 0x8F, 0x4F, 0x0E, 0x3B, 0x79, 0x90, 0xFE, 0xD6, 0xAE, 0xC3, 0x22, 0x4F, 0xB8,
    0xC7, 0x96, 0xE0, 0x16, 0xAB, 0x18, 0x76, 0xDB, 0x59, 0xE3, 0xC9, 0x81, 0x9A, 0x51, 0x1D, 0xA6,
    0x53, 0x53, 0x31, 0x61, 0x91, 0xD4, 0x67, 0xE3, 0x32, 0x3C, 0xE3, 0xF7, 0xD2, 0x65, 0x9F, 0xCB,
    0xE2, 0xE0, 0x6B, 0xDD, 0xA8, 0x5D, 0x0C, 0x37, 0xBA, 0x7F, 0x9D, 0xFA, 0xCB, 0x1E, 0xBF, 0xC8,
    0x5D, 0x6E, 0x9B, 0x57, 0x93, 0x71, 0xE0, 0xAF, 0xFE, 0x93, 0xD6, 0x88, 0x87, 0x49, 0x80, 0xB5,
    0x9B, 0x4A, 0xB7, 0x7B, 0x4C, 0xCE, 0xCF, 0x92, 0x7F, 0x22, 0x5F, 0xB5, 0x50, 0x94, 0x68, 0xF5,
    0x2C, 0x40, 0x1B, 0x5D, 0xAE, 0x03, 0xFC, 0xDA, 0x89, 0xCB, 0x8D, 0x0D, 0xF0, 0xE1, 0x28, 0x3E,
    0x69, 0x87, 0x8C, 0xE2, 0xAC, 0xF2, 0xF2, 0x21, 0x9A, 0xB3, 0x59, 0xBC, 0x91, 0x40, 0x3E, 0x4D,
    0x85, 0x3B, 0xC8, 0x22, 0x7E, 0x05, 0x62, 0xEC, 0x41, 0x02, 0xEC, 0xAE, 0x1E, 0x69, 0xFA, 0xAD,
    0xEC, 0xAE, 0x24, 0x3B, 0xC9, 0x8C, 0x2D, 0x92, 0xC2, 0x0B, 0x2A, 0x27, 0x58, 0xF5, 0x82, 0x8D,
    0x15, 0x64, 0x2B, 0x44, 0x1E, 0x89, 0xF9, 0x42, 0x1C, 0x22, 0x31, 0xD2, 0x75, 0x24, 0x9A, 0x13,
    0xE2, 0x7C, 0x4E, 0x2C, 0x17, 0x62, 0x17, 0x89, 0x8B, 0x5D, 0x81, 0xF4, 0x94, 0x38, 0x9E, 0x13,
    0x6F, 0x1C, 0x94, 0x3B, 0xDC, 0x55, 0x5E, 0xD4, 0x1B, 0x53, 0xFA, 0x77, 0x92, 0x4F, 0xCD, 0x6A,
    0xF6, 0x9A, 0x6E, 0x29, 0xD0, 0x77, 0x95, 0x5D, 0xE3, 0x0E, 0x4C, 0xE9, 0xDF, 0x4D, 0xD6, 0xDC,
    0x4A, 0x8F, 0x83, 0x24, 0x86, 0x4F, 0xF1, 0x90, 0x63, 0xFC, 0xF8, 0xA4, 0xEB, 0xCD, 0xC5, 0xAC,
    0x48, 0x71, 0x83, 0xFC, 0x13, 0x92, 0xAE, 0x7A, 0xF9, 0x84, 0x3F, 0xE5, 0xDF, 0x73, 0xFC, 0x1D,
    0xA4, 0xFC, 0x71, 0x07, 0x3D, 0x4A, 0x4E, 0x2D, 0x50, 0xF9, 0x43, 0x67, 0x04, 0x52, 0xE9, 0xC8,
    0x50, 0x7E, 0xF8, 0x30, 0x57, 0x04, 0x32, 0x99, 0x8B, 0x1E, 0x28, 0xD9, 0x22, 0xA3, 0x03, 0x9A,
    0x19, 0x50, 0x6C, 0x01, 0x0E, 0x40, 0x39, 0xAD, 0x8A, 0xD5, 0x20, 0xDC, 0x75, 0xF5, 0xB2, 0xF9,
    0xD0, 0x99, 0xD6, 0x6F, 0x52, 0xF2, 0x08, 0xB7, 0x49, 0xF1, 0x14, 0x48, 0x7E, 0x88, 0xC3, 0xBC,
    0x00, 0x9A, 0xF5, 0xB0, 0x22, 0x1D, 0x99, 0xE6, 0xF8, 0xE6, 0x38, 0x85, 0x18, 0xC4, 0xA3, 0x9B,
    0x29, 0xE0, 0x20, 0x09, 0x08, 0x8D, 0x84, 0x0F, 0xC9, 0x11, 0x59, 0x2F, 0xA1, 0x5B, 0x3A, 0x09,
    0xDC, 0x4A, 0x48, 0xC9, 0x69, 0xB3, 0xBE, 0x94, 0x80, 0xD7, 0x70, 0x1B, 0x27, 0xC1, 0x4A, 0x23,
    0xA1, 0x36, 0xBD, 0x78, 0x20, 0x4D, 0x39, 0x41, 0x1A, 0xF1, 0x40, 0x87, 0xC6, 0x1D, 0x9B, 0x2E,
    0x7A, 0xB3, 0xAB, 0x6F, 0x09, 0xEC, 0x61, 0x1B, 0xC3, 0x32, 0x2E, 0x86, 0xC0, 0xE1, 0x46, 0xE3,
    0xC4, 0x98, 0xD8, 0x14, 0xF5, 0x0B, 0xAC, 0x62, 0x06, 0x3C, 0x61, 0x8F, 0x78, 0x18, 0x9F, 0x42,
    0x13, 0xA3, 0x30, 0x43, 0x49, 0x8A, 0xA7, 0x6A, 0xFE, 0xA6, 0x6C, 0xC7, 0x79, 0x0D, 0x69, 0x20,
    0xA6, 0x97, 0xA6, 0x6F, 0xA4, 0xA1, 0x34, 0x12, 0x93, 0x34, 0x8A, 0xAD, 0x34, 0x4D, 0x8C, 0x29,
    0xE1, 0x08, 0x2D, 0x31, 0x75, 0xE2, 0x77, 0x41, 0x48, 0xA3, 0xFC, 0xD2, 0x8C, 0x87, 0x46, 0xA2,
    0xB8, 0xD8, 0xE3, 0xA6, 0x48, 0x14, 0x97, 0x7D, 0x8C, 0x42, 0x92, 0xC0, 0x01, 0xD5, 0x7C, 0xDE,
    0x34, 0xD1, 0x98, 0x44, 0x92, 0xEC, 0x81, 0x78, 0xCD, 0xD6, 0x90, 0xF4, 0x1B, 0x8C, 0x61, 0xFB,
    0x11, 0x4F, 0x85, 0x09, 0xD0, 0x8A, 0x97, 0xF5, 0xBA, 0x98, 0xF1, 0xD3, 0x58, 0x6E, 0x1B, 0x98,
    0x39, 0x30, 0x32, 0x61, 0xE4, 0x04, 0xD6, 0x03, 0xC3, 0xC6, 0x60, 0x0F, 0x24, 0xC2, 0x08, 0x46,
    0xF7, 0xCB, 0x46, 0xD7, 0x46, 0x74, 0x82, 0x12, 0x69, 0x46, 0xFA, 0x88, 0x73, 0x44, 0x7E, 0x4E,
    0x9C, 0x37, 0x0B, 0x07, 0x6B, 0xBD, 0xE0, 0x8C, 0x80, 0x0E, 0xF7, 0x8D, 0x1F, 0xA4, 0x82, 0x48,
    0xE2, 0x95, 0x9A, 0x24, 0xAB, 0x4E, 0x29, 0x58, 0x44, 0x54, 0xE4, 0x50, 0xD5, 0x65, 0xC4, 0x2A,
    0xA2, 0xFE, 0x5F, 0x60, 0x75, 0xD4, 0x12, 0x0B, 0x2F, 0x9B, 0x3A, 0xE7, 0xD1, 0x32, 0x9E, 0x44,
    0x44, 0x98, 0x51, 0xEA, 0x3E, 0x1E, 0x59, 0x04, 0xD8, 0x09, 0xB8, 0xCF, 0x14, 0x39, 0x7E, 0x5A,
    0x90, 0x5E, 0x60, 0xDA, 0x60, 0xBE, 0x05, 0xA6, 0x8D, 0xE7, 0x3F, 0xFB, 0x88, 0x1C, 0xA3, 0x01,
    0x01, 0x2B, 0x46, 0xC5, 0x7C, 0x0D, 0xA4, 0xCF, 0xE3, 0x77, 0x7E, 0x03, 0xBF, 0xC2, 0x83, 0xD4,
    0x63, 0xDF, 0xFC, 0xAD, 0xAF, 0xA2, 0xC6, 0x02, 0x14, 0xC0, 0x47, 0xFC, 0x3B, 0xA0, 0xA2, 0x5D,
    0xCF, 0x46, 0xFC, 0xDE, 0xB0, 0xEC, 0xA7, 0xF9, 0x9C, 0x53, 0xEE, 0x17, 0x47, 0xE0, 0x0F, 0x12,
    0x8B, 0xE3, 0xD5, 0xD0, 0x10, 0xAF, 0x86, 0xFA, 0x0B, 0xBC, 0x2E, 0xBB, 0xDA, 0xB8, 0xE3, 0x55,
    0x62, 0xEE, 0x33, 0x9F, 0x4E, 0x5F, 0xE0, 0x4C, 0xF3, 0x7F, 0x2C, 0x9F, 0xF3, 0xF4, 0xF6, 0x65,
    0x27, 0xFF, 0x4B, 0x36, 0x2F, 0x52, 0xF5, 0xE9, 0x64, 0x5C, 0xEE, 0x39, 0x14, 0xA1, 0xAA, 0xA1,
    0x71, 0x95, 0x2B, 0xDB, 0xE5, 0x3E, 0x03, 0x60, 0x0B, 0xB0, 0x46, 0xCA, 0xC5, 0x81, 0xDC, 0x03,
    0x6A, 0x3C, 0xB9, 0x8E, 0xEC, 0x00, 0xB3, 0xD0, 0x12, 0xA1, 0xCC, 0x0B, 0xAD, 0xF0, 0xE9, 0x33,
    0x35, 0x28, 0x5F, 0xBA, 0x4A, 0xEE, 0x49, 0xE6, 0xC6, 0x96, 0xB3, 0xB1, 0xCA, 0x43, 0xBE, 0x60,
    0x9B, 0x94, 0x7C, 0x21, 0xCD, 0x5F, 0x24, 0x24, 0x5F, 0xD5, 0x48, 0x7C, 0x41, 0x91, 0x1F, 0x3C,
    0x19, 0xAB, 0xD9, 0x50, 0xC4, 0xE9, 0x16, 0xEF, 0x48, 0xA7, 0x95, 0xD3, 0xEC, 0x85, 0xE1, 0xCB,
    0xED, 0x22, 0xFF, 0x20, 0x29, 0xE3, 0x66, 0xC8, 0x18, 0xEB, 0xD3, 0x6F, 0x7A, 0x64, 0x03, 0xD0,
    0x2C, 0x77, 0xBB, 0x6D, 0x09, 0x20, 0xEB, 0xDE, 0x8F, 0xAB, 0xF9, 0x15, 0x61, 0xB7, 0x80, 0x07,
    0x22, 0xA4, 0xAD, 0x7F, 0x0B, 0x45, 0xEF, 0xAB, 0x56, 0x8D, 0xDE, 0xD8, 0x6C, 0x9E, 0x09, 0x90,
    0x1E, 0xD0, 0x74, 0x60, 0x10, 0x7F, 0x84, 0xF8, 0x0E, 0x86, 0x23, 0x52, 0x52, 0x6E, 0xC6, 0x3D,
    0x5B, 0xE5, 0xBC, 0xB6, 0x99, 0xF5, 0x0A, 0x9B, 0x51, 0x91, 0xAF, 0x62, 0xFD, 0x7E, 0xA6, 0xEC,
    0xD6, 0xFD, 0x5D, 0x7A, 0x4B, 0x2A, 0x11, 0xBD, 0xB8, 0x5D, 0x24, 0xE5, 0x30, 0x83, 0x30, 0x47,
    0x01, 0xE9, 0xC5, 0x8D, 0xE7, 0xAD, 0x1A, 0x77, 0x8B, 0xA9, 0x4F, 0x67, 0x13, 0x58, 0x3C, 0x40,
    0x53, 0x43, 0xFE, 0x23, 0x20, 0x3F, 0x68, 0xA7, 0xFB, 0x26, 0xFC, 0x20, 0xD7, 0x69, 0x0C, 0x3F,
    0xB0, 0xE5, 0xD7, 0xC3, 0x0F, 0x29, 0x53, 0x66, 0x72, 0x16, 0xCD, 0x7C, 0xE6, 0xF3, 0xF0, 0x43,
    0x31, 0x16, 0x83, 0x0A, 0xBF, 0x78, 0x77, 0x50, 0xF6, 0x65, 0x8F, 0xAA, 0xAB, 0xAC, 0x0E, 0x3F,
    0xE8, 0x56, 0xD7, 0xBA, 0x6E, 0xEA, 0x43, 0xA8, 0x87, 0x68, 0x71, 0x08, 0x73, 0x75, 0x60, 0x7B,
    0x3E, 0x44, 0x7E, 0x7B, 0xF0, 0x6F, 0x48, 0x47, 0x36, 0x2F, 0x19, 0x29, 0x58, 0xC7, 0xA4, 0x28,
    0xB6, 0x5C, 0x9F, 0x63, 0x6A, 0x72, 0xAE, 0xD9, 0xF9, 0x3E, 0x3E, 0x87, 0x98, 0xFA, 0x56, 0x7F,
    0xA5, 0x3D, 0x8D, 0x07, 0x31, 0xCA, 0x4B, 0x01, 0xFC, 0x39, 0x0E, 0xF3, 0xF1, 0xCC, 0x9F, 0x83,
    0x7F, 0x07, 0x7F, 0x13, 0x88, 0x3C, 0xC0, 0x9B, 0x65, 0xCB, 0x07, 0xDB, 0x3B, 0xF3, 0xB7, 0xF9,
    0xF3, 0x55, 0x7C, 0x0E, 0xA9, 0x44, 0x39, 0x9D, 0x60, 0xDC, 0x2D, 0xF9, 0x13, 0xBF, 0xD7, 0x78,
    0xCA, 0xA7, 0x32, 0xC5, 0x14, 0x33, 0x6E, 0x06, 0x8E, 0x94, 0x2F, 0x40, 0x87, 0xBB, 0xE4, 0x74,
    0x4F, 0x70, 0xC7, 0x03, 0x96, 0xE9, 0x05, 0xE9, 0xCE, 0x71, 0x79, 0xFF, 0x4E, 0x8D, 0x37, 0x88,
    0xAC, 0xE4, 0x3B, 0x31, 0xCF, 0xEC, 0x64, 0xCB, 0x60, 0xCF, 0x11, 0x29, 0x9D, 0x89, 0xFD, 0xE5,
    0xFD, 0x65, 0xFD, 0xC6, 0x34, 0x6C, 0x73, 0xD1, 0xDD, 0x8E, 0x4D, 0x07, 0x1C, 0x7C, 0x86, 0xB6,
    0xA7, 0xED, 0xF3, 0xD0, 0x5E, 0x3E, 0x43, 0xC6, 0x56, 0xDB, 0xCA, 0x23, 0xA7, 0xFC, 0xD1, 0x4F,
    0x5B, 0x9B, 0xC5, 0xD6, 0x43, 0x2E, 0x37, 0x6C, 0x39, 0x02, 0x6F, 0x07, 0x7E, 0x52, 0x6F, 0xFA,
    0x67, 0xAD, 0xEC, 0xCF, 0xE6, 0x45, 0x38, 0x02, 0x18, 0x46, 0xE9, 0xCF, 0xDB, 0xC7, 0xD7, 0xD7,
    0xFC, 0xE5, 0xF5, 0xF5, 0xD3, 0xFF, 0x49, 0x1F, 0x0F, 0xA4, 0xAD, 0x91, 0x30, 0xB4, 0xE5, 0xB0,
    0xCD, 0x7F, 0xE6, 0xD7, 0xE6, 0xAF, 0x5C, 0x1D, 0xD9, 0xA2, 0x3F, 0xB7, 0xB3, 0xC9, 0x45, 0xAD,
    0x9D, 0xAC, 0xB1, 0x19, 0x1B, 0xF7, 0xB0, 0xC5, 0x26, 0x65, 0xD7, 0x0C, 0x66, 0x94, 0x9F, 0xEE,
    0x13, 0x1C, 0xE4, 0x72, 0x65, 0x33, 0xB0, 0xDF, 0x6A, 0x2F, 0xEB, 0x6D, 0xCD, 0x23, 0xA7, 0xEA,
    0xE2, 0xD8, 0x20, 0x96, 0xC4, 0x72, 0x23, 0xDC, 0xC3, 0x29, 0x41, 0x46, 0x9D, 0x8C, 0x1A, 0x57,
    0x3E, 0x95, 0x7F, 0x45, 0xBC, 0x6A, 0xE1, 0xB0, 0x95, 0xDD, 0x7F, 0xD4, 0xF7, 0xFA, 0x4F, 0x94,
    0xEE, 0x5B, 0x38, 0x96, 0x6F, 0xDF, 0xDF, 0xFF, 0x39, 0x34, 0x6D, 0xC5, 0x56, 0x11, 0x85, 0x7C,
    0x1C, 0x91, 0x8E, 0x80, 0xBB, 0xBF, 0x02, 0xC1, 0x64, 0x10, 0xCB, 0xF9, 0x04, 0x45, 0x54, 0x6C,
    0x35, 0xED, 0xFD, 0x18, 0xDF, 0x8B, 0xB7, 0xC5, 0x3F, 0xE3, 0xBD, 0xBC, 0x7D, 0x3F, 0xB3, 0xEA,
    0x23, 0x99, 0xE5, 0xBE, 0x3C, 0x6F, 0x7A, 0xBC, 0xEB, 0xF0, 0x25, 0x2D, 0xE8, 0x7F, 0x03, 0xED,
    0x94, 0x21, 0x8C, 0xDD, 0x46, 0x10, 0x40, 0x9F, 0xBF, 0x95, 0x7C, 0xE9, 0x0C, 0x5C, 0x72, 0xE4,
    0xA2, 0xEA, 0xF3, 0x1F, 0x60, 0x52, 0xDC, 0x59, 0x95, 0x86, 0x1C, 0xC8, 0x0F, 0x29, 0x28, 0x3F,
    0x12, 0x8E, 0xEC, 0x96, 0x94, 0xBA, 0xA0, 0xFC, 0x60, 0xF2, 0x0F, 0x1C, 0x97, 0xAA, 0xDB, 0x55,
    0x0B, 0x0A, 0x6B, 0x8E, 0xAC, 0xEA, 0x50, 0x02, 0xBA, 0xE0, 0xAB, 0xF2, 0x5D, 0xED, 0x9D, 0xEE,
    0xDA, 0xCA, 0x97, 0x9A, 0xA4, 0xA9, 0x5A, 0x15, 0xE6, 0x66, 0x9E, 0x7D, 0x33, 0xEB, 0x19, 0xCD,
    0xEE, 0xCE, 0x7C, 0x00, 0x6C, 0x4F, 0xAE, 0x13, 0xA5, 0x2A, 0x1B, 0xD5, 0x46, 0xBC, 0x3A, 0xE9,
    0x6B, 0x27, 0x5D, 0xDD, 0xC9, 0x5F, 0x24, 0xDA, 0xD1, 0x5F, 0xC5, 0xF5, 0x52, 0xB5, 0x29, 0x54,
    0x59, 0xE9, 0x08, 0xCF, 0x5B, 0x2A, 0xEA, 0x46, 0xCC, 0x03, 0x40, 0xCC, 0xFB, 0x05, 0x58, 0x4D,
    0x50, 0x04, 0x28, 0x23, 0x12, 0xB1, 0x91, 0x10, 0xC8, 0x7F, 0x0F, 0x14, 0xBF, 0x06, 0xCA, 0x1F,
    0x03, 0xF2, 0x45, 0xA0, 0xBE, 0xD2, 0x4B, 0xAB, 0xEA, 0x13, 0xA7, 0xCF, 0xF4, 0x9C, 0x55, 0x60,
    0x86, 0x1D, 0x67, 0xFB, 0x17, 0x54, 0x3A, 0xCE, 0xC8, 0xF7, 0x4F, 0x11, 0xC3, 0x82, 0xB6, 0x91,
    0x81, 0x4A, 0x27, 0x58, 0x29, 0xB0, 0x70, 0x9E, 0x29, 0x37, 0x5F, 0x06, 0xAC, 0x8E, 0xD4, 0xEA,
    0x79, 0xF8, 0x12, 0x78, 0xA4, 0xA0, 0x4A, 0x1E, 0x29, 0xC3, 0x8E, 0x8D, 0x87, 0xAA, 0x07, 0xF9,
    0x79, 0x40, 0x7E, 0x53, 0x23, 0xAA, 0x6E, 0xDE, 0xAF, 0x4B, 0x54, 0xF3, 0xCE, 0x37, 0x77, 0xEA,
    0x0A, 0x55, 0xB3, 0x4A, 0xF9, 0x1F, 0x5F, 0xB2, 0xDF, 0xEF, 0xD1, 0x68, 0x27, 0xF6, 0x7B, 0x85,
    0x2C, 0x40, 0x3E, 0xC1, 0x7A, 0x84, 0xF2, 0xC0, 0x9C, 0x54, 0x7A, 0xA8, 0x1D, 0x68, 0x43, 0xA6,
    0x90, 0x27, 0xD2, 0x11, 0x8C, 0xF0, 0xE0, 0x9C, 0xE5, 0xCF, 0xDE, 0x52, 0x68, 0xA0, 0x54, 0x35,
    0x55, 0x3A, 0xDB, 0x4E, 0xDC, 0xA6, 0xAF, 0x9B, 0x32, 0xA4, 0xFA, 0x86, 0xC8, 0xB4, 0xDC, 0x49,
    0x57, 0xBB, 0x54, 0xCB, 0x4C, 0xFC, 0x2E, 0xF9, 0x52, 0x1C, 0xCF, 0x2F, 0x79, 0x73, 0x87, 0xC5,
    0xF2, 0x2D, 0xD2, 0xDB, 0x46, 0x5C, 0x92, 0x2A, 0x22, 0xE9, 0xFB, 0xAE, 0x52, 0xED, 0x4A, 0xB5,
    0x2E, 0x7B, 0x29, 0x0E, 0xEA, 0x54, 0x90, 0x39, 0xB9, 0x56, 0x4A, 0x1D, 0x23, 0x3D, 0x27, 0xF7,
    0xC0, 0x0F, 0x30, 0x2E, 0xCA, 0x85, 0xBE, 0xB0, 0x3A, 0x46, 0x3D, 0x7A, 0xE2, 0xEA, 0xC5, 0x3E,
    0x39, 0x8F, 0x1A, 0x4D, 0x60, 0xB7, 0x7B, 0xBA, 0x98, 0xC0, 0x6A, 0x58, 0xFB, 0xB2, 0xDB, 0xB8,
    0xAA, 0x11, 0x23, 0xD4, 0xD8, 0x28, 0x37, 0xF3, 0xB3, 0x8E, 0x12, 0x7D, 0xCD, 0xC6, 0x95, 0xDD,
    0xDA, 0xAF, 0x86, 0x9B, 0x68, 0xA5, 0xFF, 0x0B, 0xBF, 0xF6, 0xF9, 0x21, 0x1F, 0x56, 0x47, 0xC9,
    0x87, 0xFC, 0xB0, 0xF6, 0xC5, 0x9C, 0x47, 0xCC, 0x0D, 0x60, 0x90, 0x6A, 0x42, 0xAC, 0x1A, 0xB9,
    0xB3, 0x4E, 0x92, 0x34, 0xD5, 0x82, 0x79, 0x3F, 0x00, 0xFF, 0x57, 0x67, 0x73, 0xD6, 0x62, 0xBB,
    0x5C, 0xBB, 0x8D, 0x76, 0xB5, 0x76, 0x72, 0xDD, 0x7D, 0x5A, 0x75, 0xC8, 0xDF, 0xEB, 0xA9, 0x01,
    0xC8, 0x6C, 0x4F, 0xA9, 0x13, 0xA2, 0x4A, 0xF9, 0x5A, 0xCD, 0x1A, 0x35, 0x44, 0x96, 0x4E, 0x08,
    0x50, 0x8E, 0x20, 0x1E, 0xD4, 0x2D, 0xE6, 0xB4, 0x43, 0x54, 0xDD, 0x1B, 0x4E, 0x77, 0x3B, 0x93,
    0xD9, 0x5B, 0x36, 0x1A, 0xA8, 0x52, 0x8E, 0xEF, 0xB4, 0x81, 0x3A, 0x62, 0x0D, 0xCF, 0x14, 0x74,
    0x58, 0xB8, 0x52, 0xB3, 0x74, 0x99, 0xB8, 0xCF, 0xE2, 0x5B, 0x5E, 0xCD, 0xF1, 0x26, 0x0D, 0x42,
    0xB6, 0x6F, 0x3F, 0x0E, 0xDD, 0xC7, 0xA1, 0xFB, 0x0F, 0x43, 0x97, 0x3A, 0x6F, 0xAD, 0x4A, 0x7E,
    0xAF, 0x26, 0x43, 0x1C, 0x91, 0xCC, 0xCE, 0xC3, 0x31, 0x9F, 0xC7, 0x22, 0xB5, 0x93, 0x3F, 0x92,
    0xEF, 0x17, 0xB7, 0xBA, 0x7B, 0xD8, 0x64, 0xB6, 0xA5, 0xD4, 0x01, 0x79, 0x15, 0xA8, 0x9B, 0x54,
    0x87, 0x18, 0x55, 0x5D, 0xD8, 0xED, 0xB0, 0x40, 0xED, 0x32, 0xAA, 0x10, 0x98, 0x4F, 0xF1, 0xFA,
    0x96, 0x25, 0x66, 0x24, 0xE6, 0x49, 0x31, 0xC6, 0x22, 0x4E, 0xA9, 0x16, 0x10, 0x97, 0x6C, 0x69,
    0xAC, 0xA9, 0x54, 0x29, 0x74, 0x84, 0xEB, 0x96, 0x0B, 0x73, 0xD6, 0xA6, 0x1E, 0x29, 0xBD, 0xB2,
    0xBE, 0x9B, 0x96, 0x41, 0x55, 0x3F, 0xDF, 0x06, 0x7A, 0x20, 0x8F, 0x76, 0x71, 0x08, 0x6C, 0x7A,
    0x6B, 0x52, 0x95, 0x17, 0xE6, 0xA4, 0x7D, 0x14, 0x0C, 0x12, 0xD7, 0x3E, 0xBF, 0x9E, 0xF8, 0x24,
    0x53, 0xC0, 0xB2, 0xDB, 0xD9, 0x63, 0x7D, 0x01, 0x1B, 0x45, 0x91, 0xD7, 0xE9, 0x66, 0x0E, 0x64,
    0x37, 0x86, 0x2D, 0x20, 0xE6, 0x2D, 0x9E, 0x0C, 0x88, 0x55, 0x64, 0xEE, 0x8E, 0x94, 0xFD, 0xC3,
    0x3F, 0x44, 0x5B, 0x73, 0xD6, 0x6C, 0x53, 0x5C, 0xF3, 0x36, 0x71, 0x0F, 0x8D, 0x6D, 0xE4, 0x9B,
    0x80, 0x7C, 0x3B, 0x20, 0x5F, 0xF5, 0x88, 0x75, 0x88, 0x26, 0x3C, 0xF2, 0xD3, 0x88, 0x7C, 0x1D,
    0x48, 0x7B, 0x97, 0x46, 0x62, 0x9E, 0x93, 0xCB, 0x2D, 0x62, 0x3E, 0x2C, 0x5B, 0xB3, 0x2D, 0x86,
    0x62, 0x40, 0x6A, 0xAD, 0xE7, 0x1A, 0x97, 0x1E, 0xEE, 0x8F, 0x7D, 0xD9, 0xCC, 0xCF, 0x98, 0xF1,
    0x9F, 0x9E, 0x5B, 0x33, 0x57, 0xBE, 0xE4, 0xFA, 0x77, 0xBB, 0x2D, 0x0E, 0x48, 0x1D, 0x52, 0x8C,
    0x99, 0x3B, 0xA4, 0x91, 0x63, 0xCC, 0xFC, 0x4E, 0x92, 0xE6, 0x2A, 0xAD, 0xDB, 0x09, 0x79, 0xD2,
    0x23, 0x86, 0x77, 0x78, 0x18, 0x8C, 0xA8, 0xB7, 0x57, 0x5D, 0x00, 0x6D, 0xA9, 0x27, 0x4A, 0x75,
    0x58, 0x4F, 0xE1, 0xCD, 0xDA, 0xAB, 0xF5, 0xAA, 0xEE, 0xF1, 0x1D, 0x9C, 0xB3, 0xF2, 0xE4, 0xD1,
    0x7D, 0xDF, 0xD6, 0xDA, 0x47, 0x2D, 0x3C, 0xEF, 0xEA, 0x5A, 0x7D, 0xAE, 0x9E, 0xBA, 0xFD, 0x13,
    0xAD, 0x98, 0x01, 0xA4, 0x1E, 0x57, 0xDA, 0xC7, 0xFF, 0x33, 0xD3, 0x64, 0xE8, 0x7C, 0x9C, 0xA2,
    0xF7, 0xA3, 0x82, 0xF9, 0x00, 0xBE, 0x7E, 0x3E, 0x03, 0x50, 0x68, 0xCE, 0x6C, 0x82, 0x02, 0x12,
    0x24, 0x29, 0x82, 0x85, 0xC5, 0x6A, 0x97, 0x0B, 0x00, 0xA9, 0x99, 0xB6, 0x80, 0x85, 0x0B, 0x01,
    0xA0, 0x58, 0xA4, 0xB7, 0xB8, 0x0B, 0x80, 0xBB, 0x99, 0x69, 0x83, 0x60, 0x91, 0xA9, 0xAA, 0xC5,
    0xA2, 0x63, 0x37, 0x11, 0x49, 0x91, 0xB3, 0x76, 0xBA, 0x99, 0x7B, 0xEF, 0xCC, 0xFC, 0xF7, 0x3C,
    0xCF, 0x1C, 0xEF, 0xBD, 0xAF, 0xDC, 0xAE, 0xEE, 0xEA, 0x71, 0xFD, 0x7E, 0xE7, 0xCE, 0x79, 0xE6,
    0x99, 0x3B, 0x77, 0x1E, 0xE7, 0x9C, 0x19, 0xAC, 0xED, 0x12, 0x1F, 0x7B, 0x36, 0x9C, 0x80, 0x84,
    0xC2, 0x8C, 0x1C, 0x00, 0xC3, 0xBB, 0xBF, 0x07, 0x8A, 0x59, 0x42, 0xEC, 0xA8, 0x1C, 0x94, 0xEE,
    0xF5, 0xFD, 0xFD, 0xD2, 0xBA, 0x9C, 0xAC, 0xB7, 0x38, 0xE4, 0x8B, 0x3F, 0x3E, 0xE6, 0xA3, 0x9C,
    0x25, 0x34, 0xE4, 0xB2, 0x2F, 0xD9, 0x48, 0xC4, 0x4A, 0x54, 0xCA, 0x68, 0xD7, 0x1F, 0x07, 0x24,
    0x66, 0xC3, 0xF9, 0xA6, 0x90, 0xAC, 0xCF, 0x63, 0x74, 0xFD, 0x4D, 0x00, 0x89, 0xFB, 0x48, 0xD8,
    0x1F, 0x7A, 0x5E, 0x3A, 0x9E, 0x80, 0x94, 0x5C, 0x4A, 0x58, 0x92, 0x2D, 0x3C, 0x58, 0x26, 0xE4,
    0x0B, 0xC2, 0xF0, 0xC5, 0x55, 0x22, 0x67, 0x7E, 0xB5, 0x87, 0x9D, 0x8B, 0xA4, 0x83, 0x1D, 0x6D,
    0xDA, 0xA2, 0x1A, 0x2E, 0x67, 0x2D, 0x1A, 0xF7, 0xAE, 0x11, 0x7E, 0x64, 0x6A, 0xCF, 0xC3, 0xBC,
    0xF4, 0x9C, 0x72, 0x78, 0x8E, 0x85, 0x70, 0xB0, 0x40, 0x75, 0xE4, 0x2E, 0x03, 0x76, 0x91, 0x0B,
    0x16, 0x74, 0x77, 0x80, 0x9C, 0xFD, 0xE1, 0x05, 0x64, 0x3C, 0x5A, 0xEE, 0x23, 0x21, 0xB9, 0x00,
    0x2B, 0x73, 0xA5, 0x21, 0x1F, 0xFB, 0xFE, 0x55, 0x07, 0xCF, 0xA4, 0xF7, 0x2C, 0xD2, 0x0E, 0x5B,
    0x2D, 0x6A, 0xB8, 0x27, 0x71, 0x33, 0x2A, 0x72, 0x8A, 0xE8, 0x91, 0xF0, 0xE8, 0xF6, 0x90, 0xB1,
    0xC5, 0xFF, 0x18, 0x22, 0xFC, 0xAF, 0xED, 0x24, 0x18, 0x3D, 0xAA, 0xE1, 0x42, 0xF9, 0xEB, 0xC6,
    0x99, 0x6F, 0x66, 0x8F, 0xA7, 0x93, 0x07, 0x4F, 0x01, 0x8F, 0xD9, 0x87, 0x98, 0xC9, 0x07, 0x0B,
    0x26, 0x8F, 0x62, 0xF1, 0x30, 0xBC, 0x36, 0xBD, 0x96, 0x91, 0xF3, 0x61, 0x42, 0x86, 0x0B, 0xC1,
    0x0A, 0x52, 0xB2, 0x03, 0x2E, 0x5C, 0x87, 0x1C, 0x9B, 0xE3, 0x73, 0xD1, 0x02, 0xFF, 0x02, 0xE4,
    0xF4, 0x0A, 0x9E, 0xEF, 0xDF, 0xDB, 0x8E, 0x43, 0x45, 0x8E, 0xA7, 0xF8, 0xF1, 0x7C, 0x9B, 0xFF,
    0x4B, 0x8D, 0x4C, 0x02, 0x0B, 0x72, 0x40, 0x45, 0x3A, 0x70, 0xBE, 0xDD, 0xC3, 0xBB, 0x04, 0x3B,
    0xE0, 0x14, 0xFF, 0xCD, 0x27, 0x37, 0x25, 0x82, 0x1B, 0x2C, 0xEB, 0x40, 0x24, 0xD8, 0x1A, 0xA0,
    0x1E, 0xF3, 0x68, 0x81, 0x84, 0x35, 0x90, 0x2D, 0x58, 0x43, 0x96, 0xE6, 0x1C, 0x40, 0x5A, 0xA3,
    0x04, 0x96, 0x55, 0xD1, 0xBC, 0x3A, 0x99, 0x80, 0x9D, 0xF2, 0xD2, 0x51, 0xBA, 0x1C, 0xA3, 0xFA,
    0x9A, 0x7C, 0x44, 0xF6, 0xD5, 0x53, 0x4A, 0x1B, 0x2B, 0x15, 0xA7, 0x8A, 0x27, 0xE4, 0x31, 0x97,
    0x8A, 0xA8, 0x58, 0x17, 0x4B, 0x35, 0xC1, 0x12, 0x86, 0xDE, 0xC5, 0x22, 0x1E, 0xE5, 0xF1, 0x66,
    0xAC, 0x06, 0x14, 0xD3, 0xF9, 0xB6, 0xC1, 0x55, 0x30, 0x57, 0x47, 0xC1, 0x49, 0x70, 0x1A, 0x6C,
    0x82, 0xF3, 0xE0, 0xE2, 0x85, 0x18, 0xB0, 0x35, 0xCE, 0xBB, 0x99, 0x78, 0xC2, 0xD9, 0x96, 0xB2,
    0x4C, 0x46, 0xCF, 0x36, 0x99, 0x36, 0xEC, 0x94, 0xEE, 0x94, 0x27, 0x83, 0xF0, 0xE5, 0x28, 0xFC,
    0xC7, 0xE4, 0xF9, 0xE1, 0xB2, 0x7C, 0xB1, 0xD4, 0x0D, 0x49, 0xB6, 0x2B, 0x2F, 0x1D, 0x35, 0xEF,
    0xCF, 0x65, 0x3A, 0xDA, 0xAB, 0x13, 0x3C, 0x1F, 0x4C, 0x38, 0x3B, 0xBA, 0xBB, 0x1C, 0x70, 0xA9,
    0xD3, 0x31, 0xFB, 0xBB, 0x8C, 0xA6, 0x2F, 0x85, 0xC9, 0x89, 0x30, 0xA6, 0x30, 0x52, 0xE2, 0x2C,
    0x2B, 0xA5, 0x9D, 0x60, 0xF9, 0x0C, 0xD2, 0x2C, 0xD9, 0x07, 0xCF, 0xC1, 0x0C, 0x66, 0x2B, 0x1E,
    0xD2, 0xE0, 0x88, 0xBD, 0x1A, 0xEC, 0x4D, 0xBB, 0xBA, 0x08, 0xB6, 0xC1, 0x95, 0x38, 0x66, 0xD7,
    0x7C, 0x7B, 0xDD, 0x0E, 0x39, 0x1F, 0x92, 0xCE, 0x92, 0x3C, 0x08, 0x2E, 0x56, 0x8F, 0x3B, 0xF4,
    0xE3, 0xE4, 0x1E, 0xE8, 0xE3, 0x8F, 0x6F, 0x40, 0x3D, 0xE0, 0x27, 0xB8, 0x0B, 0xA6, 0x53, 0x37,
    0xC1, 0x36, 0x38, 0x63, 0x0F, 0x6D, 0x37, 0xCE, 0xDE, 0x5F, 0x17, 0x3C, 0x9E, 0x7B, 0x9F, 0x2E,
    0x0F, 0x4E, 0x59, 0xBE, 0xBE, 0x94, 0xD6, 0x25, 0x2C, 0x1B, 0x8E, 0xE2, 0x2B, 0x5C, 0xFD, 0x1E,
    0x39, 0xC8, 0x78, 0xC6, 0x5B, 0x4E, 0xE2, 0xCD, 0x8C, 0x37, 0x24, 0x8F, 0x37, 0xBC, 0x87, 0x8C,
    0xA5, 0xB8, 0x4B, 0xE9, 0xC4, 0x6D, 0xC2, 0x05, 0xF6, 0x84, 0x2D, 0x1A, 0x76, 0xD6, 0xB1, 0x47,
    0x4E, 0x7F, 0x5E, 0xE3, 0x10, 0x73, 0xB2, 0xCE, 0x8E, 0x40, 0xE5, 0x5D, 0x4C, 0x80, 0xF1, 0x36,
    0x73, 0x30, 0x5F, 0x2F, 0xC5, 0x29, 0xAF, 0x1D, 0x37, 0x7A, 0xDD, 0x47, 0x7A, 0xDD, 0x98, 0xDF,
    0x51, 0xF2, 0x80, 0x4F, 0xC9, 0x12, 0x80, 0x4E, 0x32, 0xB6, 0x8D, 0x29, 0x85, 0xD1, 0x25, 0x2C,
    0x33, 0x55, 0x6D, 0x46, 0xDB, 0x27, 0x6C, 0xCD, 0x50, 0xF4, 0xA9, 0x97, 0xCB, 0x9D, 0x57, 0xEE,
    0x95, 0xBD, 0xE8, 0x72, 0x67, 0x9C, 0xF9, 0xAE, 0x2B, 0x7A, 0x33, 0x98, 0x3F, 0xF7, 0xAA, 0x3F,
    0x3A, 0xDB, 0x65, 0x63, 0xFE, 0xD0, 0xD9, 0x36, 0xA8, 0xA1, 0xB4, 0x69, 0xD5, 0x1C, 0x94, 0x4C,
    0xBE, 0xF8, 0x9A, 0x32, 0x9E, 0xAB, 0x2B, 0x5E, 0xD1, 0x5C, 0x45, 0x13, 0x11, 0x2D, 0x8D, 0x08,
    0x4B, 0x83, 0xD9, 0x8B, 0x0B, 0x96, 0xC5, 0x6B, 0x96, 0x1F, 0x34, 0x33, 0x9A, 0x49, 0xEE, 0x11,
    0xD5, 0x46, 0x5A, 0x72, 0xA3, 0xD7, 0x28, 0x3F, 0x0D, 0xF9, 0x3B, 0xC4, 0x04, 0x49, 0xD6, 0x31,
    0x4B, 0xB1, 0x0B, 0x9E, 0xC4, 0x5D, 0xD4, 0xCC, 0xE2, 0x16, 0x86, 0xAB, 0x93, 0xD5, 0xFC, 0x8A,
    0x57, 0xD4, 0x5F, 0x6E, 0xFC, 0xC9, 0xCF, 0x66, 0xA8, 0x3F, 0x55, 0xB7, 0x48, 0x83, 0xCD, 0xB2,
    0xBA, 0x9A, 0xC4, 0x24, 0xC7, 0x60, 0x17, 0x5C, 0xAF, 0x7E, 0x0C, 0x69, 0x17, 0x3F, 0x17, 0x66,
    0xDC, 0xF0, 0xED, 0x03, 0x7F, 0xAF, 0xBA, 0x28, 0x6D, 0x13, 0x66, 0x13, 0x73, 0xF1, 0x9E, 0xB0,
    0xE1, 0x6F, 0x89, 0x98, 0x3C, 0x61, 0x58, 0xD4, 0x8D, 0xB2, 0x60, 0x5D, 0x51, 0x67, 0x3B, 0xCF,
    0x59, 0x39, 0x21, 0x53, 0xA6, 0xE7, 0x72, 0xD6, 0x51, 0x8D, 0xCF, 0xD9, 0x55, 0x0C, 0x79, 0x52,
    0x65, 0x4C, 0x3E, 0x24, 0x50, 0x2D, 0x09, 0x65, 0xDD, 0xC7, 0x76, 0x8B, 0xF6, 0xF7, 0xF7, 0xEF,
    0xAD, 0x0B, 0x51, 0x20, 0x70, 0x89, 0x7B, 0x7E, 0x80, 0x24, 0x90, 0x91, 0x0B, 0x50, 0x90, 0x33,
    0x50, 0xF1, 0x8B, 0x09, 0xE0, 0x88, 0x37, 0xD7, 0x95, 0x00, 0x09, 0x5B, 0x65, 0xE9, 0x79, 0x9B,
    0x77, 0x6F, 0x84, 0x15, 0x3C, 0xB0, 0x21, 0xE7, 0xAD, 0x7F, 0x0B, 0x48, 0x0E, 0xDB, 0x4C, 0x59,
    0x62, 0x5D, 0x4D, 0x36, 0x2B, 0x18, 0x07, 0x61, 0xC3, 0xBB, 0x87, 0x58, 0x17, 0x59, 0x18, 0x65,
    0xAC, 0xC4, 0x2E, 0x47, 0x4F, 0xDC, 0x94, 0x73, 0xE5, 0x14, 0x99, 0x76, 0x59, 0x7B, 0x66, 0x84,
    0x67, 0x3E, 0x0B, 0xED, 0x28, 0xAC, 0x9C, 0x90, 0x9D, 0xE7, 0x15, 0xB6, 0x9E, 0x57, 0x09, 0xCF,
    0x6B, 0x8B, 0xF0, 0x97, 0x93, 0xB0, 0x1A, 0x80, 0x86, 0x24, 0xB7, 0xB8, 0x4B, 0x2E, 0x9F, 0x23,
    0xE5, 0xA3, 0x19, 0x9E, 0xEF, 0x11, 0x7A, 0x6E, 0xED, 0xF9, 0x0B, 0xCD, 0x53, 0xD2, 0x09, 0xAB,
    0x41, 0x68, 0xA7, 0xD3, 0xEB, 0x1A, 0x0A, 0x53, 0xD6, 0x9E, 0x09, 0x5B, 0x4B, 0x92, 0x75, 0xF5,
    0x0A, 0xAD, 0x12, 0x60, 0x0F, 0x08, 0x4B, 0xE1, 0x5F, 0x9D, 0x90, 0x2B, 0x5B, 0xE1, 0x02, 0xA1,
    0xF3, 0x88, 0x34, 0x32, 0x63, 0xAF, 0x6B, 0xF2, 0x53, 0x87, 0x88, 0x1A, 0x39, 0x6A, 0x9A, 0xEB,
    0x9C, 0x80, 0x90, 0x2D, 0x56, 0xE6, 0xCA, 0x46, 0x18, 0x53, 0x88, 0x41, 0x59, 0x2A, 0xB1, 0xE1,
    0xD6, 0x66, 0x2A, 0x54, 0x33, 0x2C, 0xC9, 0x7A, 0xD3, 0x1B, 0xB4, 0x97, 0x93, 0x9C, 0xB5, 0x67,
    0x9E, 0xDD, 0x22, 0xD7, 0x19, 0x49, 0x0E, 0xB7, 0xDA, 0xDD, 0xB9, 0x91, 0xB0, 0x03, 0x36, 0x6B,
    0x86, 0xF6, 0x1C, 0xE8, 0xB4, 0x57, 0x39, 0x34, 0xDA, 0x13, 0x55, 0x6B, 0x8F, 0xFD, 0xA6, 0xD7,
    0x6D, 0x7A, 0x6D, 0xE8, 0x45, 0x6C, 0x7D, 0x68, 0x74, 0xBF, 0xD6, 0x9A, 0xA0, 0xCB, 0x39, 0x6A,
    0x8D, 0xB0, 0x6F, 0xB8, 0x48, 0xBD, 0xC5, 0xFC, 0x9A, 0xDF, 0x13, 0x29, 0x91, 0xF0, 0x01, 0xC1,
    0x3A, 0x23, 0x0C, 0xAF, 0xCE, 0x68, 0xEA, 0x6C, 0x81, 0x65, 0x36, 0xF9, 0x9E, 0x99, 0x23, 0x4E,
    0x46, 0x7B, 0xCB, 0x01, 0x07, 0x33, 0x82, 0x65, 0x4E, 0xB2, 0x33, 0x73, 0x4A, 0x14, 0x24, 0x91,
    0x93, 0xB3, 0x4E, 0xE7, 0xF2, 0xEB, 0x08, 0xCB, 0x63, 0xC8, 0x2C, 0xDE, 0x41, 0x9B, 0xED, 0x6F,
    0x60, 0x6D, 0x55, 0x27, 0xD4, 0x5E, 0x8B, 0xD0, 0x9A, 0x4D, 0x8F, 0xA7, 0xBD, 0x7A, 0x35, 0x22,
    0x96, 0xA1, 0x17, 0x13, 0xDB, 0xBD, 0xD0, 0x52, 0xBD, 0x8A, 0xE5, 0xE4, 0x49, 0x2E, 0x72, 0x0A,
    0x29, 0x41, 0xDF, 0xB0, 0x44, 0xC2, 0x8F, 0x59, 0x7B, 0x96, 0x67, 0xF8, 0xB1, 0x1E, 0xFF, 0xCA,
    0x33, 0xE6, 0x03, 0x6A, 0xC5, 0x2C, 0xC2, 0x93, 0xD9, 0xB3, 0xD2, 0x3C, 0x96, 0x0E, 0xE1, 0xE1,
    0xBF, 0x61, 0xD8, 0x02, 0xEF, 0x24, 0xC2, 0x3B, 0xFA, 0x70, 0x16, 0x43, 0xA9, 0x9B, 0x9C, 0x03,
    0x12, 0x36, 0xBA, 0xC5, 0xE1, 0xEE, 0x0C, 0xF3, 0x62, 0x31, 0x0B, 0x8A, 0x87, 0x93, 0x21, 0xEC,
    0x27, 0x63, 0xCA, 0xB2, 0x81, 0x4B, 0xB4, 0xAC, 0x94, 0xD0, 0x14, 0x88, 0x95, 0x7A, 0x24, 0xBA,
    0x2D, 0x4C, 0xC8, 0x52, 0xB8, 0x40, 0x38, 0x6A, 0xC8, 0x1E, 0x52, 0x2E, 0x7B, 0x61, 0xD2, 0x10,
    0xB2, 0x55, 0x3A, 0xCF, 0x5B, 0x1C, 0xC3, 0x14, 0xD6, 0x50, 0x06, 0xA8, 0x3C, 0xE0, 0xFE, 0xC1,
    0xFA, 0xF4, 0x66, 0x28, 0xB7, 0x46, 0x1B, 0xA5, 0x9C, 0x35, 0x6A, 0x06, 0xE7, 0x49, 0xF6, 0xCA,
    0x5A, 0x38, 0xC3, 0x73, 0xBD, 0x22, 0xF0, 0xD3, 0x08, 0x44, 0x9F, 0x09, 0x93, 0x41, 0xB8, 0xCB,
    0x23, 0x20, 0xD5, 0xA4, 0x56, 0xE9, 0xC1, 0x2E, 0x21, 0x8F, 0xE5, 0xBA, 0x2F, 0x87, 0x8B, 0x65,
    0xCE, 0x4F, 0x07, 0xA0, 0xA0, 0xC4, 0xDB, 0x49, 0x58, 0x29, 0x9B, 0x41, 0xE9, 0x84, 0x74, 0x09,
    0xE9, 0x5E, 0xA5, 0x8F, 0x59, 0x3C, 0xC7, 0x64, 0xA8, 0x5C, 0x35, 0x09, 0xED, 0x2C, 0x2C, 0x28,
    0x34, 0x7C, 0xE0, 0x99, 0xF1, 0xE4, 0x58, 0xA3, 0x49, 0x87, 0x95, 0x85, 0x32, 0x26, 0x97, 0x12,
    0x48, 0x8F, 0x36, 0x7F, 0x6D, 0xA0, 0x9D, 0x85, 0xA8, 0x16, 0x55, 0x43, 0x15, 0x59, 0x7A, 0x46,
    0x0C, 0x33, 0x69, 0x78, 0x5A, 0x4D, 0xE7, 0x95, 0x2E, 0x55, 0xEF, 0x65, 0x66, 0xEB, 0x44, 0x53,
    0x21, 0xF7, 0x40, 0x69, 0x68, 0xB6, 0x84, 0xCA, 0xA5, 0x9E, 0x60, 0x9F, 0x78, 0xED, 0xF0, 0xC9,
    0xFB, 0xBC, 0xBB, 0x1D, 0x22, 0xB3, 0xFC, 0x4D, 0xFE, 0x00, 0x09, 0x6B, 0x1C, 0xCC, 0x02, 0x54,
    0x5E, 0xB3, 0xEE, 0x11, 0xF3, 0x09, 0x28, 0x26, 0x58, 0xAF, 0xDC, 0x6B, 0x80, 0x8C, 0x57, 0xCE,
    0x8B, 0xA0, 0x57, 0x4A, 0x84, 0x76, 0x89, 0x47, 0xC0, 0x45, 0x52, 0xA7, 0x54, 0xD2, 0x21, 0xE1,
    0xFA, 0x5A, 0xF3, 0x9C, 0x13, 0xF0, 0x38, 0xBC, 0x22, 0x9B, 0x33, 0xCC, 0x67, 0x7C, 0xB0, 0xBF,
    0xDF, 0x6C, 0xEF, 0x94, 0x77, 0x6E, 0x93, 0xDF, 0x96, 0x28, 0x48, 0x00, 0xE4, 0x80, 0xED, 0x9D,
    0x32, 0x9F, 0xEF, 0xEF, 0xD7, 0x86, 0x9A, 0x64, 0x39, 0x43, 0x02, 0x6F, 0x21, 0xE3, 0x93, 0xDB,
    0xB3, 0x5E, 0x77, 0x46, 0xAC, 0x44, 0x13, 0x5E, 0xD5, 0xB9, 0x07, 0x60, 0xA7, 0xDC, 0x2E, 0x15,
    0x19, 0xDE, 0x54, 0x76, 0x45, 0xB2, 0x8C, 0x3C, 0x18, 0x32, 0x18, 0x7E, 0x33, 0xDC, 0x41, 0xBE,
    0x16, 0xC9, 0x7C, 0xA6, 0x54, 0xC6, 0x73, 0x4A, 0xE5, 0x5C, 0x6A, 0x4C, 0x60, 0x35, 0x9D, 0x66,
    0x28, 0x28, 0x34, 0xBE, 0x08, 0x2F, 0x40, 0x4A, 0x65, 0xD9, 0x7E, 0x57, 0x2E, 0x94, 0xF1, 0xBA,
    0x13, 0x49, 0x37, 0x45, 0x12, 0x58, 0xB4, 0xB1, 0x4E, 0x0B, 0x6D, 0x22, 0xAA, 0xDA, 0x4C, 0xD4,
    0xB4, 0xC6, 0x2B, 0xE2, 0x93, 0xDD, 0xF9, 0x66, 0x99, 0x71, 0x5D, 0x90, 0xB6, 0xF4, 0x7F, 0x3C,
    0xE1, 0xB2, 0x5F, 0x46, 0x6C, 0x8B, 0x09, 0xF8, 0xF9, 0xC4, 0xA8, 0xF6, 0xCA, 0xC9, 0xD6, 0xCB,
    0xAC, 0x4A, 0x56, 0x81, 0xAC, 0xD7, 0x5D, 0xAE, 0x70, 0xEB, 0x33, 0x4A, 0x44, 0xB2, 0x03, 0xD2,
    0x55, 0x86, 0x5A, 0xDB, 0x05, 0xF7, 0x59, 0xEB, 0x0E, 0xF3, 0xD2, 0xE6, 0x33, 0xCA, 0x46, 0xE3,
    0xAA, 0x45, 0x55, 0xB0, 0x13, 0x19, 0xCE, 0xA2, 0x94, 0xEC, 0xD6, 0x9C, 0xE3, 0x3A, 0x48, 0x51,
    0x4C, 0xB6, 0x67, 0x62, 0x13, 0xF6, 0x17, 0xEB, 0xCF, 0x2F, 0xEE, 0xD1, 0xD9, 0x97, 0x7C, 0x31,
    0x59, 0x77, 0x99, 0x07, 0xC7, 0xB3, 0x75, 0xEF, 0xCC, 0x59, 0xFF, 0x91, 0xED, 0x2F, 0x4F, 0x69,
    0x77, 0xB9, 0xEA, 0xF2, 0x39, 0xED, 0xAC, 0xDE, 0xC0, 0x93, 0x86, 0x6B, 0xE9, 0x4D, 0xC0, 0x1F,
    0x1A, 0xAD, 0x9F, 0xC3, 0xF4, 0xC9, 0x7D, 0x78, 0xF9, 0xC8, 0x55, 0xEF, 0x02, 0xEB, 0xAA, 0xFF,
    0x63, 0xC4, 0x99, 0xB6, 0x73, 0xD3, 0xB7, 0x1F, 0x8D, 0xDF, 0xB9, 0xC5, 0x1F, 0x6E, 0x96, 0x61,
    0xFD, 0xFE, 0x59, 0x59, 0x91, 0xEC, 0x9A, 0x0D, 0x90, 0x33, 0x6C, 0xEF, 0x74, 0xFA, 0xFF, 0xE0,
    0x0B, 0x3E, 0xAF, 0x4F, 0x47, 0xC3, 0x87, 0x00, 0x81, 0x61, 0x89, 0x0F, 0x48, 0xA0, 0xE1, 0x24,
    0xE8, 0x80, 0x6A, 0xF3, 0xE5, 0x45, 0x93, 0x64, 0x2C, 0xD7, 0xD8, 0xB0, 0x41, 0xE1, 0xE0, 0x51,
    0x4D, 0xE1, 0x31, 0x69, 0x02, 0x64, 0x9A, 0x4F, 0x86, 0xA5, 0xE3, 0xD9, 0x9D, 0xE5, 0x6F, 0x84,
    0xDF, 0x4F, 0x42, 0x7A, 0x46, 0x5A, 0xF2, 0x05, 0x8F, 0xF4, 0x40, 0xF7, 0x9A, 0xF0, 0xEB, 0x43,
    0xE0, 0x31, 0xB9, 0x89, 0xB9, 0x48, 0xD6, 0x61, 0x17, 0x24, 0x31, 0x31, 0xEB, 0x45, 0x58, 0xEE,
    0xB1, 0x93, 0x9B, 0x12, 0xC2, 0x33, 0x55, 0x66, 0x8B, 0x30, 0x9F, 0x85, 0xD5, 0xE4, 0xF9, 0x27,
    0x3A, 0x4F, 0xB2, 0x53, 0x96, 0x21, 0x27, 0xC2, 0xF4, 0x70, 0xB6, 0x4E, 0x53, 0xD6, 0xEA, 0x9C,
    0x4E, 0x7D, 0x39, 0x19, 0xD5, 0x77, 0xA2, 0x49, 0x7D, 0x18, 0x7C, 0x3F, 0x9A, 0xD5, 0x15, 0xB9,
    0xF9, 0xCC, 0x46, 0x8E, 0x28, 0xD4, 0x44, 0xB6, 0xBA, 0x8D, 0x9A, 0xD5, 0xD0, 0xF8, 0xDD, 0x7E,
    0x75, 0x2A, 0x4E, 0xDA, 0xCF, 0x12, 0x71, 0xFE, 0x97, 0xC1, 0x1B, 0x73, 0xC3, 0x25, 0xED, 0x00,
    0x1E, 0x93, 0x2F, 0x5A, 0xEF, 0xBE, 0xB9, 0xC6, 0xD2, 0xBB, 0xFC, 0xFF, 0xF8, 0x28, 0x3C, 0x3A,
    0x9C, 0x6E, 0xD3, 0x6C, 0x35, 0xA8, 0xFF, 0x2B, 0xE7, 0xF3, 0x46, 0x86, 0x32, 0x92, 0xE2, 0x38,
    0x18, 0x95, 0x5A, 0x07, 0xA0, 0xED, 0x42, 0xA9, 0xB2, 0x0E, 0xFF, 0x89, 0x2F, 0x34, 0x47, 0x61,
    0x59, 0xE2, 0x12, 0x76, 0x91, 0xEC, 0x80, 0x46, 0x3C, 0xEA, 0x61, 0x19, 0x48, 0x38, 0xD8, 0xBF,
    0x55, 0x94, 0x22, 0xB1, 0x2E, 0x63, 0x6D, 0x16, 0x58, 0x17, 0xB3, 0xCD, 0x27, 0x6F, 0xB0, 0x2B,
    0x46, 0x75, 0x6F, 0x07, 0x71, 0x13, 0xDC, 0xB8, 0xD5, 0x95, 0xF3, 0x78, 0xFB, 0xB3, 0xD5, 0xC0,
    0xBF, 0xE1, 0x88, 0x7C, 0xB6, 0xDE, 0xFB, 0xA0, 0x5C, 0x94, 0xAC, 0x95, 0xAD, 0xBE, 0x5B, 0x74,
    0x9E, 0x11, 0x7B, 0x4F, 0xD0, 0x9D, 0x52, 0x8F, 0xC4, 0xC2, 0x6F, 0x77, 0xC3, 0x7A, 0x53, 0x2B,
    0x21, 0x1C, 0x95, 0x7B, 0x78, 0x9F, 0xCF, 0xAE, 0x87, 0x9D, 0x53, 0xE0, 0x87, 0x7C, 0x7E, 0x2F,
    0x2C, 0x34, 0x5B, 0x94, 0xD1, 0xF3, 0x08, 0x58, 0x53, 0xAF, 0x6A, 0x55, 0x07, 0xEB, 0x18, 0x47,
    0xAF, 0x22, 0xBC, 0x44, 0x84, 0x15, 0x94, 0x07, 0x9C, 0x60, 0x48, 0xC3, 0x05, 0x39, 0xAD, 0x79,
    0x44, 0xD8, 0xC9, 0x9A, 0x87, 0xAC, 0xAB, 0xD1, 0x9A, 0x07, 0x6C, 0x9B, 0xC1, 0x9A, 0xAF, 0xBC,
    0x9C, 0x35, 0x5F, 0xB2, 0xA3, 0xAA, 0x17, 0xB5, 0xAB, 0x6A, 0xF6, 0x61, 0x9B, 0x1E, 0x54, 0x6D,
    0xCD, 0xA7, 0xC5, 0xA4, 0x32, 0x3C, 0x5B, 0xF3, 0x11, 0xD7, 0x98, 0x4A, 0x16, 0x5B, 0xE4, 0x94,
    0x76, 0xBE, 0xF0, 0xAB, 0xB7, 0x00, 0x4C, 0x97, 0xCF, 0xA2, 0x62, 0x03, 0x34, 0x64, 0x2F, 0x98,
    0x04, 0x0C, 0x70, 0x39, 0xCB, 0xC6, 0xA5, 0xAC, 0x37, 0xF0, 0xBF, 0x66, 0x82, 0x42, 0x43, 0x66,
    0xC1, 0x20, 0x18, 0xC3, 0x19, 0x3F, 0xEC, 0x6A, 0x9C, 0xDC, 0x5F, 0x22, 0x88, 0x37, 0x48, 0x04,
    0x99, 0xC7, 0x71, 0xB3, 0x3E, 0xA5, 0xED, 0x04, 0xE5, 0xD6, 0x5F, 0x25, 0xB8, 0xF7, 0xBF, 0x1E,
    0x51, 0xA3, 0xF3, 0x0B, 0xEB, 0x88, 0x1E, 0x89, 0x47, 0x69, 0x78, 0x4C, 0xE4, 0x2C, 0x2F, 0xC0,
    0x6E, 0x66, 0xB7, 0x6A, 0x14, 0x0C, 0xAF, 0xC2, 0x8E, 0x21, 0x04, 0xC5, 0x82, 0xA8, 0xCC, 0xD9,
    0xED, 0xD6, 0x46, 0x53, 0x09, 0xA0, 0xC8, 0x29, 0x79, 0x76, 0x70, 0xA6, 0x59, 0x92, 0xED, 0x29,
    0xDE, 0xF6, 0x6F, 0xE7, 0xF5, 0x3F, 0x01, 0x63, 0x00, 0x01, 0xFB, 0xFF, 0xFF, 0xFF, 0xFF, 0x41,
    0x25, 0x7E, 0x00, 0x00, 0xCD, 0x94, 0x21, 0x70, 0x13, 0x41, 0x18, 0x85, 0xDF, 0x95, 0x21, 0x27,
    0x22, 0xCE, 0x50, 0x01, 0x88, 0xF8, 0x41, 0x9C, 0x57, 0xBB, 0x5E, 0x45, 0xB4, 0x68, 0x34, 0xDE,
    0xA0, 0x36, 0x78, 0x53, 0x01, 0xBE, 0xC3, 0x54, 0x9D, 0xA9, 0x57, 0xA9, 0x57, 0xE7, 0xD5, 0x21,
    0x30, 0x18, 0xC2, 0xCC, 0x0D, 0x64, 0x60, 0x73, 0x8F, 0xFF, 0xCD, 0xEE, 0x26, 0x69, 0x35, 0x9D,
    0xC6, 0xFC, 0xEF, 0x9B, 0xBD, 0xFD, 0x6F, 0xF6, 0x7F, 0xF7, 0xF6, 0x80, 0xF7, 0x37, 0x98, 0x75,
    0x1E, 0x73, 0x12, 0x81, 0x5B, 0x38, 0x4E, 0x15, 0xB9, 0xC1, 0x9A, 0xBB, 0x67, 0x52, 0x32, 0xD6,
    0xE4, 0x00, 0xC3, 0x39, 0x3D, 0xC0, 0xC1, 0x14, 0xA6, 0xBD, 0x14, 0x15, 0xBF, 0x2D, 0x1B, 0x5E,
    0xFA, 0x05, 0x39, 0xAE, 0xC9, 0x55, 0x20, 0x7F, 0xF3, 0x48, 0xDF, 0xF0, 0xCF, 0x97, 0x5B, 0x76,
    0xAB, 0xB2, 0xFF, 0xA9, 0x54, 0x73, 0x56, 0x57, 0x86, 0x6C, 0x35, 0xE3, 0xE4, 0xA2, 0x26, 0xB4,
    0x4A, 0xC6, 0x36, 0x42, 0xD3, 0x0D, 0x9A, 0x2D, 0x75, 0xA4, 0xB9, 0xCE, 0x2F, 0x34, 0x95, 0x8B,
    0xE1, 0xA8, 0xDA, 0x3C, 0xD7, 0xEA, 0xEA, 0xF1, 0x98, 0x55, 0xA7, 0x7D, 0x75, 0xA3, 0xD3, 0x1A,
    0x3F, 0x38, 0xAD, 0xEA, 0x06, 0xAA, 0xC3, 0x7E, 0xBF, 0x4E, 0xEB, 0xE2, 0x53, 0x9E, 0x56, 0x19,
    0x7A, 0x89, 0x92, 0x22, 0xDE, 0xE5, 0x1C, 0xFD, 0xE4, 0x90, 0x93, 0x24, 0x4A, 0x59, 0xFA, 0xCA,
    0xBE, 0xA4, 0x29, 0xF8, 0x92, 0xA7, 0xE3, 0x2F, 0x55, 0x32, 0xB5, 0x4F, 0xD5, 0x47, 0xF6, 0x29,
    0x4F, 0xF7, 0x29, 0x67, 0xCB, 0x28, 0xF7, 0x56, 0x27, 0x4B, 0xD9, 0xA1, 0x6E, 0xB5, 0x77, 0xA8,
    0xCF, 0x0E, 0x8D, 0x46, 0xF9, 0xAE, 0x19, 0xE5, 0xDB, 0x76, 0x70, 0x48, 0x94, 0x1C, 0x12, 0xF5,
    0x99, 0x8A, 0x43, 0xEC, 0xB3, 0x43, 0x77, 0x94, 0x2F, 0xBF, 0xF8, 0x80, 0xCA, 0xED, 0x3B, 0xF4,
    0x9E, 0x2C, 0x55, 0xDD, 0x27, 0x00, 0x08, 0xE4, 0x15, 0x70, 0x46, 0x32, 0x2A, 0x4D, 0x24, 0x81,
    0x86, 0x7F, 0x25, 0x2D, 0x8D, 0xA0, 0xBC, 0xD5, 0x92, 0xED, 0x41, 0x3E, 0x2F, 0x4D, 0x5A, 0x72,
    0x63, 0xC2, 0x7B, 0x72, 0xCB, 0xEF, 0xD7, 0x79, 0xE7, 0xFF, 0x10, 0x9F, 0xA4, 0x7F, 0x67, 0xA2,
    0x2F, 0x66, 0x72, 0x96, 0x04, 0x59, 0xDA, 0xF4, 0x0F, 0xA9, 0x2E, 0x54, 0x67, 0xDD, 0x52, 0x02,
    0xAC, 0x39, 0x49, 0xD4, 0x93, 0x9E, 0x37, 0x24, 0xB7, 0x82, 0x05, 0x7F, 0x30, 0x0A, 0xDA, 0x2D,
    0x82, 0x00, 0x6E, 0x03, 0x97, 0x56, 0x32, 0xBC, 0xE6, 0x08, 0xB7, 0xBB, 0x54, 0xB3, 0x02, 0x43,
    0xDF, 0x18, 0xD4, 0x02, 0x47, 0xEE, 0xE6, 0x14, 0xEC, 0xDE, 0xC6, 0xD9, 0x7A, 0xEA, 0x7C, 0x18,
    0xF1, 0x42, 0x5D, 0x08, 0x7A, 0xBB, 0xC0, 0xD1, 0x17, 0x18, 0x13, 0x34, 0xE4, 0x4A, 0xA0, 0x17,
    0x8E, 0x02, 0xB9, 0x1E, 0x13, 0xD4, 0x64, 0x02, 0x84, 0x02, 0xF3, 0x02, 0x75, 0x82, 0x0F, 0x5A,
    0x69, 0xA7, 0xCA, 0x87, 0x89, 0x13, 0x16, 0xE9, 0x5F, 0x1F, 0xD1, 0x24, 0x18, 0x51, 0x1B, 0x68,
    0x15, 0x15, 0xE9, 0x71, 0x2E, 0x07, 0x9E, 0x2F, 0xF1, 0x0F, 0x62, 0x40, 0x06, 0x80, 0x1A, 0xE6,
    0xD8, 0x06, 0x61, 0x18, 0x88, 0xC2, 0xF0, 0x4B, 0x52, 0xA4, 0xA0, 0x60, 0x04, 0xB3, 0x41, 0x46,
    0x40, 0xCC, 0xC1, 0x22, 0x74, 0x64, 0x1C, 0x24, 0x56, 0x40, 0xC0, 0x26, 0xB8, 0xA7, 0xA1, 0x74,
    0x91, 0xF8, 0xF1, 0xEE, 0xCE, 0x91, 0x6C, 0xFB, 0xB7, 0xF4, 0xF9, 0x2E, 0xED, 0xEE, 0x6A, 0x8B,
    0x91, 0x73, 0x44, 0x62, 0x8E, 0xB8, 0xB2, 0x04, 0x21, 0x6B, 0x23, 0xDF, 0x40, 0x29, 0x63, 0xCA,
    0x4E, 0x80, 0xA1, 0x38, 0x89, 0x49, 0x22, 0xA7, 0x1B, 0x0C, 0x25, 0x7E, 0x2A, 0x98, 0x45, 0x48,
    0x82, 0x45, 0xC4, 0xC6, 0x68, 0x8D, 0x8A, 0x45, 0xAF, 0x39, 0x29, 0xF2, 0xA0, 0x7D, 0x54, 0xCC,
    0x7B, 0xB2, 0x4C, 0x0A, 0xFB, 0xF0, 0xDB, 0x91, 0xAB, 0x08, 0xDF, 0xBD, 0xAC, 0x08, 0x81, 0x97,
    0xC7, 0x02, 0x4C, 0xAC, 0x77, 0x11, 0x40, 0xC8, 0x08, 0x20, 0xE4, 0x44, 0x68, 0x1D, 0x8C, 0x08,
    0x95, 0xCE, 0x88, 0x90, 0x42, 0x44, 0x68, 0xE9, 0x9D, 0x00, 0xCF, 0xB3, 0x88, 0xA3, 0x20, 0x42,
    0x41, 0x80, 0x8D, 0x00, 0x8F, 0x2D, 0x0E, 0x76, 0xFC, 0x01,
};

static const EpdGlyph notosans_18_boldGlyphs[] = {
    { 0, 0, 0, 0, 0, 0, 0 }, // U+0000
    { 0, 0, 156, 0, 0, 0, 0 }, // U+000D
    { 0, 0, 156, 0, 0, 0, 0 }, // U+0020
    { 7, 28, 169, 2, 27, 49, 0 }, // !
    { 14, 10, 287, 2, 27, 35, 49 }, // "
    { 24, 27, 388, 0, 27, 162, 84 }, // #
    { 19, 32, 343, 1, 29, 152, 246 }, // $
    { 32, 29, 541, 1, 28, 232, 398 }, // %
    { 28, 29, 450, 1, 28, 203, 630 }, // &
    { 6, 10, 160, 2, 27, 15, 833 }, // '
    { 11, 33, 203, 1, 27, 91, 848 }, // (
    { 11, 33, 203, 1, 27, 91, 939 }, // )
    { 19, 19, 325, 1, 29, 91, 1030 }, // *
    { 19, 19, 343, 1, 23, 91, 1121 }, // +
    { 8, 10, 171, 1, 5, 20, 1212 }, // ,
    { 10, 6, 192, 1, 13, 15, 1232 }, // -
    { 7, 7, 169, 2, 6, 13, 1247 }, // .
    { 16, 28, 249, 0, 27, 112, 1260 }, // /
    { 20, 29, 362, 1, 28, 145, 1372 }, // 0
    { 14, 27, 310, 0, 27, 95, 1517 }, // 1
    { 20, 28, 335, 1, 28, 140, 1612 }, // 2
    { 19, 29, 343, 1, 28, 138, 1752 }, // 3
    { 21, 27, 349, 0, 27, 142, 1890 }, // 4
    { 19, 28, 347, 1, 27, 133, 2032 }, // 5
    { 20, 29, 361, 1, 28, 145, 2165 }, // 6
    { 20, 27, 320, 0, 27, 135, 2310 }, // 7
    { 20, 29, 357, 1, 28, 145, 2445 }, // 8
    { 20, 29, 361, 1, 28, 145, 2590 }, // 9
    { 7, 22, 169, 2, 21, 39, 2735 }, // :
    { 8, 26, 171, 1, 21, 52, 2774 }, // ;
    { 19, 21, 343, 1, 24, 100, 2826 }, // <
    { 19, 12, 343, 1, 19, 57, 2926 }, // =
    { 19, 21, 343, 1, 24, 100, 2983 }, // >
    { 18, 29, 286, 0, 28, 131, 3083 }, // ?
    { 31, 30, 539, 1, 27, 233, 3214 }, // @
    { 26, 27, 415, 0, 27, 176, 3447 }, // A
    { 21, 27, 399, 3, 27, 142, 3623 }, // B
    { 21, 29, 385, 2, 28, 153, 3765 }, // C
    { 23, 27, 439, 3, 27, 156, 3918 }, // D
    { 16, 27, 336, 3, 27, 108, 4074 }, // E
    { 16, 27, 329, 3, 27, 108, 4182 }, // F
    { 23, 29, 434, 2, 28, 167, 4290 }, // G
    { 23, 27, 459, 3, 27, 156, 4457 }, // H
    { 13, 27, 233, 1, 27, 88, 4613 }, // I
    { 13, 35, 199, -3, 27, 114, 4701 }, // J
    { 22, 27, 398, 3, 27, 149, 4815 }, // K
    { 17, 27, 335, 3, 27, 115, 4964 }, // L
    { 29, 27, 566, 3, 27, 196, 5079 }, // M
    { 25, 27, 488, 3, 27, 169, 5275 }, // N
    { 26, 29, 475, 2, 28, 189, 5444 }, // O
    { 19, 27, 373, 3, 27, 129, 5633 }, // P
    { 26, 35, 475, 2, 28, 228, 5762 }, // Q
    { 22, 27, 394, 3, 27, 149, 5990 }, // R
    { 19, 29, 331, 1, 28, 138, 6139 }, // S
    { 21, 27, 346, 0, 27, 142, 6277 }, // T
    { 23, 28, 454, 3, 27, 161, 6419 }, // U
    { 25, 27, 390, 0, 27, 169, 6580 }, // V
    { 37, 27, 580, 0, 27, 250, 6749 }, // W
    { 25, 27, 402, 0, 27, 169, 6999 }, // X
    { 24, 27, 376, 0, 27, 162, 7168 }, // Y
    { 21, 27, 347, 0, 27, 142, 7330 }, // Z
    { 10, 33, 199, 2, 27, 83, 7472 }, // [
    { 16, 28, 249, 0, 27, 112, 7555 }, // <backslash>
    { 10, 33, 199, 0, 27, 83, 7667 }, // ]
    { 21, 18, 343, 0, 27, 95, 7750 }, // ^
    { 17, 3, 247, -1, -3, 13, 7845 }, // _
    { 12, 7, 219, 1, 29, 21, 7858 }, // `
    { 19, 22, 359, 1, 21, 105, 7879 }, // a
    { 20, 30, 379, 2, 29, 150, 7984 }, // b
    { 18, 22, 310, 1, 21, 99, 8134 }, // c
    { 20, 30, 379, 1, 29, 150, 8233 }, // d
    { 20, 22, 358, 1, 21, 110, 8383 }, // e
    { 17, 29, 232, 0, 29, 124, 8493 }, // f
    { 20, 30, 379, 1, 21, 150, 8617 }, // g
    { 20, 29, 390, 2, 29, 145, 8767 }, // h
    { 7, 29, 179, 2, 29, 51, 8912 }, // i
    { 11, 38, 179, -2, 29, 105, 8963 }, // j
    { 22, 29, 372, 2, 29, 160, 9068 }, // k
    { 7, 29, 179, 2, 29, 51, 9228 }, // l
    { 32, 21, 585, 2, 21, 168, 9279 }, // m
    { 20, 21, 390, 2, 21, 105, 9447 }, // n
    { 21, 22, 375, 1, 21, 116, 9552 }, // o
    { 20, 30, 379, 2, 21, 150, 9668 }, // p
    { 20, 30, 379, 1, 21, 150, 9818 }, // q
    { 15, 21, 268, 2, 21, 79, 9968 }, // r
    { 17, 22, 301, 1, 21, 94, 10047 }, // s
    { 16, 26, 260, 0, 25, 104, 10141 }, // t
    { 20, 22, 390, 2, 21, 110, 10245 }, // u
    { 22, 21, 343, 0, 21, 116, 10355 }, // v
    { 32, 21, 514, 0, 21, 168, 10471 }, // w
    { 22, 21, 347, 0, 21, 116, 10639 }, // x
    { 22, 30, 343, 0, 21, 165, 10755 }, // y
    { 17, 21, 296, 1, 21, 90, 10920 }, // z
    { 14, 33, 236, 0, 27, 116, 11010 }, // {
    { 5, 38, 331, 8, 29, 48, 11126 }, // |
    { 14, 33, 236, 1, 27, 116, 11174 }, // }
    { 19, 7, 343, 1, 17, 34, 11290 }, // ~
    { 0, 0, 156, 0, 0, 0, 0 }, // U+00A0
    { 7, 28, 172, 2, 21, 49, 0 }, // U+00A1
    { 18, 29, 343, 2, 28, 131, 49 }, // U+00A2
    { 20, 28, 343, 1, 28, 140, 180 }, // U+00A3
    { 19, 18, 341, 1, 22, 86, 320 }, // U+00A4
    { 22, 27, 343, 0, 27, 149, 406 }, // U+00A5
    { 5, 38, 331, 8, 29, 48, 555 }, // U+00A6
    { 16, 30, 292, 1, 29, 120, 603 }, // U+00A7
    { 14, 6, 356, 4, 29, 21, 723 }, // U+00A8
    { 29, 29, 499, 1, 28, 211, 744 }, // U+00A9
    { 12, 15, 229, 1, 28, 45, 955 }, // U+00AA
    { 21, 18, 368, 1, 19, 95, 1000 }, // U+00AB
    { 19, 12, 343, 1, 16, 57, 1095 }, // U+00AC
    { 10, 6, 192, 1, 13, 15, 1152 }, // U+00AD
    { 29, 29, 499, 1, 28, 211, 1167 }, // U+00AE
    { 20, 5, 300, -1, 33, 25, 1378 }, // U+00AF
    { 14, 14, 254, 1, 28, 49, 1403 }, // U+00B0
    { 19, 24, 343, 1, 24, 114, 1452 }, // U+00B1
    { 13, 18, 227, 0, 33, 59, 1566 }, // U+00B2
    { 14, 17, 228, 0, 32, 60, 1625 }, // U+00B3
    { 12, 7, 219, 1, 29, 21, 1685 }, // U+00B4
    { 20, 30, 392, 2, 21, 150, 1706 }, // U+00B5
    { 21, 34, 389, 1, 29, 179, 1856 }, // U+00B6
    { 7, 7, 169, 2, 17, 13, 2035 }, // U+00B7
    { 10, 9, 158, 0, 0, 23, 2048 }, // U+00B8
    { 10, 17, 228, 1, 32, 43, 2071 }, // U+00B9
    { 13, 15, 232, 1, 28, 49, 2114 }, // U+00BA
    { 21, 18, 368, 1, 19, 95, 2163 }, // U+00BB
    { 31, 27, 498, 0, 27, 210, 2258 }, // U+00BC
    { 32, 27, 524, 0, 27, 216, 2468 }, // U+00BD
    { 31, 28, 507, 1, 28, 217, 2684 }, // U+00BE
    { 18, 28, 286, 0, 21, 126, 2901 }, // U+00BF
    { 26, 35, 415, 0, 35, 228, 3027 }, // U+00C0
    { 26, 35, 415, 0, 35, 228, 3255 }, // U+00C1
    { 26, 35, 415, 0, 35, 228, 3483 }, // U+00C2
    { 26, 35, 415, 0, 35, 228, 3711 }, // U+00C3
    { 26, 35, 415, 0, 35, 228, 3939 }, // U+00C4
    { 26, 34, 415, 0, 34, 221, 4167 }, // U+00C5
    { 34, 27, 571, 0, 27, 230, 4388 }, // U+00C6
    { 21, 37, 385, 2, 28, 195, 4618 }, // U+00C7
    { 16, 35, 336, 3, 35, 140, 4813 }, // U+00C8
    { 16, 35, 336, 3, 35, 140, 4953 }, // U+00C9
    { 16, 35, 336, 3, 35, 140, 5093 }, // U+00CA
    { 16, 35, 336, 3, 35, 140, 5233 }, // U+00CB
    { 14, 35, 233, 0, 35, 123, 5373 }, // U+00CC
    { 14, 35, 233, 1, 35, 123, 5496 }, // U+00CD
    { 16, 35, 233, -1, 35, 140, 5619 }, // U+00CE
    { 14, 35, 233, 0, 35, 123, 5759 }, // U+00CF
    { 26, 27, 439, 0, 27, 176, 5882 }, // U+00D0
    { 25, 35, 483, 3, 35, 219, 6058 }, // U+00D1
    { 26, 36, 475, 2, 35, 234, 6277 }, // U+00D2
    { 26, 36, 475, 2, 35, 234, 6511 }, // U+00D3
    { 26, 36, 475, 2, 35, 234, 6745 }, // U+00D4
    { 26, 36, 475, 2, 35, 234, 6979 }, // U+00D5
    { 26, 36, 475, 2, 35, 234, 7213 }, // U+00D6
    { 18, 18, 343, 2, 22, 81, 7447 }, // U+00D7
    { 26, 31, 475, 2, 29, 202, 7528 }, // U+00D8
    { 23, 36, 454, 3, 35, 207, 7730 }, // U+00D9
    { 23, 36, 454, 3, 35, 207, 7937 }, // U+00DA
    { 23, 36, 454, 3, 35, 207, 8144 }, // U+00DB
    { 23, 36, 454, 3, 35, 207, 8351 }, // U+00DC
    { 24, 35, 376, 0, 35, 210, 8558 }, // U+00DD
    { 19, 27, 377, 3, 27, 129, 8768 }, // U+00DE
    { 24, 30, 422, 2, 29, 180, 8897 }, // U+00DF
    { 19, 30, 359, 1, 29, 143, 9077 }, // U+00E0
    { 19, 30, 359, 1, 29, 143, 9220 }, // U+00E1
    { 19, 30, 359, 1, 29, 143, 9363 }, // U+00E2
    { 19, 30, 359, 1, 29, 143, 9506 }, // U+00E3
    { 19, 30, 359, 1, 29, 143, 9649 }, // U+00E4
    { 19, 33, 359, 1, 32, 157, 9792 }, // U+00E5
    { 32, 22, 550, 1, 21, 176, 9949 }, // U+00E6
    { 18, 30, 310, 1, 21, 135, 10125 }, // U+00E7
    { 20, 30, 358, 1, 29, 150, 10260 }, // U+00E8
    { 20, 30, 358, 1, 29, 150, 10410 }, // U+00E9
    { 20, 30, 358, 1, 29, 150, 10560 }, // U+00EA
    { 20, 30, 358, 1, 29, 150, 10710 }, // U+00EB
    { 12, 29, 179, -1, 29, 87, 10860 }, // U+00EC
    { 12, 29, 179, 2, 29, 87, 10947 }, // U+00ED
    { 16, 29, 179, -2, 29, 116, 11034 }, // U+00EE
    { 15, 29, 179, -2, 29, 109, 11150 }, // U+00EF
    { 21, 30, 376, 1, 29, 158, 11259 }, // U+00F0
    { 20, 29, 390, 2, 29, 145, 11417 }, // U+00F1
    { 21, 30, 375, 1, 29, 158, 11562 }, // U+00F2
    { 21, 30, 375, 1, 29, 158, 11720 }, // U+00F3
    { 21, 30, 375, 1, 29, 158, 11878 }, // U+00F4
    { 21, 30, 375, 1, 29, 158, 12036 }, // U+00F5
    { 21, 30, 375, 1, 29, 158, 12194 }, // U+00F6
    { 19, 19, 343, 1, 23, 91, 12352 }, // U+00F7
    { 21, 24, 371, 1, 22, 126, 12443 }, // U+00F8
    { 20, 30, 390, 2, 29, 150, 12569 }, // U+00F9
    { 20, 30, 390, 2, 29, 150, 12719 }, // U+00FA
    { 20, 30, 390, 2, 29, 150, 12869 }, // U+00FB
    { 20, 30, 390, 2, 29, 150, 13019 }, // U+00FC
    { 22, 38, 343, 0, 29, 209, 13169 }, // U+00FD
    { 20, 38, 379, 2, 29, 190, 13378 }, // U+00FE
    { 22, 38, 343, 0, 29, 209, 13568 }, // U+00FF
    { 26, 33, 415, 0, 33, 215, 0 }, // U+0100
    { 19, 28, 359, 1, 27, 133, 215 }, // U+0101
    { 26, 35, 415, 0, 35, 228, 348 }, // U+0102
    { 19, 30, 359, 1, 29, 143, 576 }, // U+0103
    { 26, 36, 415, 0, 27, 234, 719 }, // U+0104
    { 20, 30, 359, 1, 21, 150, 953 }, // U+0105
    { 21, 36, 385, 2, 35, 189, 1103 }, // U+0106
    { 18, 30, 310, 1, 29, 135, 1292 }, // U+0107
    { 21, 36, 385, 2, 35, 189, 1427 }, // U+0108
    { 18, 30, 310, 1, 29, 135, 1616 }, // U+0109
    { 21, 36, 385, 2, 35, 189, 1751 }, // U+010A
    { 18, 30, 310, 1, 29, 135, 1940 }, // U+010B
    { 21, 36, 385, 2, 35, 189, 2075 }, // U+010C
    { 19, 30, 310, 1, 29, 143, 2264 }, // U+010D
    { 23, 35, 439, 3, 35, 202, 2407 }, // U+010E
    { 28, 30, 379, 1, 29, 210, 2609 }, // U+010F
    { 26, 27, 439, 0, 27, 176, 2819 }, // U+0110
    { 23, 30, 387, 1, 29, 173, 2995 }, // U+0111
    { 16, 33, 336, 3, 33, 132, 3168 }, // U+0112
    { 20, 28, 358, 1, 27, 140, 3300 }, // U+0113
    { 16, 35, 336, 3, 35, 140, 3440 }, // U+0114
    { 20, 30, 358, 1, 29, 150, 3580 }, // U+0115
    { 16, 35, 336, 3, 35, 140, 3730 }, // U+0116
    { 20, 30, 358, 1, 29, 150, 3870 }, // U+0117
    { 16, 36, 336, 3, 27, 144, 4020 }, // U+0118
    { 20, 30, 355, 1, 21, 150, 4164 }, // U+0119
    { 17, 35, 336, 3, 35, 149, 4314 }, // U+011A
    { 20, 30, 358, 1, 29, 150, 4463 }, // U+011B
    { 23, 36, 434, 2, 35, 207, 4613 }, // U+011C
    { 20, 38, 379, 1, 29, 190, 4820 }, // U+011D
    { 23, 36, 434, 2, 35, 207, 5010 }, // U+011E
    { 20, 38, 379, 1, 29, 190, 5217 }, // U+011F
    { 23, 36, 434, 2, 35, 207, 5407 }, // U+0120
    { 20, 38, 379, 1, 29, 190, 5614 }, // U+0121
    { 23, 37, 434, 2, 28, 213, 5804 }, // U+0122
    { 20, 38, 379, 1, 29, 190, 6017 }, // U+0123
    { 23, 35, 459, 3, 35, 202, 6207 }, // U+0124
    { 24, 37, 390, -2, 37, 222, 6409 }, // U+0125
    { 29, 27, 460, 0, 27, 196, 6631 }, // U+0126
    { 22, 29, 394, 0, 29, 160, 6827 }, // U+0127
    { 16, 35, 233, -2, 35, 140, 6987 }, // U+0128
    { 16, 29, 179, -2, 29, 116, 7127 }, // U+0129
    { 13, 33, 233, 1, 33, 108, 7243 }, // U+012A
    { 13, 27, 179, -1, 27, 88, 7351 }, // U+012B
    { 15, 35, 233, 0, 35, 132, 7439 }, // U+012C
    { 16, 29, 179, -2, 29, 116, 7571 }, // U+012D
    { 13, 36, 233, 1, 27, 117, 7687 }, // U+012E
    { 8, 38, 179, 1, 29, 76, 7804 }, // U+012F
    { 13, 35, 233, 1, 35, 114, 7880 }, // U+0130
    { 7, 21, 179, 2, 21, 37, 7994 }, // U+0131
    { 24, 35, 433, 1, 27, 210, 8031 }, // U+0132
    { 19, 38, 366, 2, 29, 181, 8241 }, // U+0133
    { 17, 43, 199, -3, 35, 183, 8422 }, // U+0134
    { 16, 38, 179, -2, 29, 152, 8605 }, // U+0135
    { 22, 36, 396, 3, 27, 198, 8757 }, // U+0136
    { 22, 38, 372, 2, 29, 209, 8955 }, // U+0137
    { 22, 21, 372, 2, 21, 116, 9164 }, // U+0138
    { 18, 35, 335, 2, 35, 158, 9280 }, // U+0139
    { 12, 37, 179, 2, 37, 111, 9438 }, // U+013A
    { 17, 36, 335, 3, 27, 153, 9549 }, // U+013B
    { 7, 38, 179, 2, 29, 67, 9702 }, // U+013C
    { 18, 27, 335, 3, 27, 122, 9769 }, // U+013D
    { 15, 29, 179, 2, 29, 109, 9891 }, // U+013E
    { 17, 27, 335, 3, 27, 115, 10000 }, // U+013F
    { 14, 29, 221, 2, 29, 102, 10115 }, // U+0140
    { 20, 27, 339, 0, 27, 135, 10217 }, // U+0141
    { 13, 29, 183, -1, 29, 95, 10352 }, // U+0142
    { 25, 35, 483, 3, 35, 219, 10447 }, // U+0143
    { 20, 29, 390, 2, 29, 145, 10666 }, // U+0144
    { 25, 36, 483, 3, 27, 225, 10811 }, // U+0145
    { 20, 30, 390, 2, 21, 150, 11036 }, // U+0146
    { 25, 35, 483, 3, 35, 219, 11186 }, // U+0147
    { 20, 29, 390, 2, 29, 145, 11405 }, // U+0148
    { 28, 27, 465, -1, 27, 189, 11550 }, // U+0149
    { 25, 35, 488, 3, 27, 219, 11739 }, // U+014A
    { 20, 30, 390, 2, 21, 150, 11958 }, // U+014B
    { 26, 34, 475, 2, 33, 221, 12108 }, // U+014C
    { 21, 28, 375, 1, 27, 147, 12329 }, // U+014D
    { 26, 36, 475, 2, 35, 234, 12476 }, // U+014E
    { 21, 30, 375, 1, 29, 158, 12710 }, // U+014F
    { 26, 36, 475, 2, 35, 234, 12868 }, // U+0150
    { 21, 30, 375, 1, 29, 158, 13102 }, // U+0151
    { 33, 29, 584, 2, 28, 240, 13260 }, // U+0152
    { 35, 22, 587, 1, 21, 193, 13500 }, // U+0153
    { 22, 35, 394, 3, 35, 193, 13693 }, // U+0154
    { 15, 29, 268, 2, 29, 109, 13886 }, // U+0155
    { 22, 36, 394, 3, 27, 198, 13995 }, // U+0156
    { 15, 30, 268, 2, 21, 113, 14193 }, // U+0157
    { 22, 35, 394, 3, 35, 193, 14306 }, // U+0158
    { 17, 29, 268, 1, 29, 124, 14499 }, // U+0159
    { 19, 36, 331, 1, 35, 171, 14623 }, // U+015A
    { 17, 30, 301, 1, 29, 128, 14794 }, // U+015B
    { 19, 36, 331, 1, 35, 171, 14922 }, // U+015C
    { 17, 30, 301, 1, 29, 128, 15093 }, // U+015D
    { 19, 37, 331, 1, 28, 176, 15221 }, // U+015E
    { 17, 30, 301, 1, 21, 128, 15397 }, // U+015F
    { 19, 36, 331, 1, 35, 171, 15525 }, // U+0160
    { 17, 30, 301, 1, 29, 128, 15696 }, // U+0161
    { 21, 36, 346, 0, 27, 189, 15824 }, // U+0162
    { 16, 34, 260, 0, 25, 136, 16013 }, // U+0163
    { 21, 35, 346, 0, 35, 184, 16149 }, // U+0164
    { 22, 30, 260, 0, 29, 165, 16333 }, // U+0165
    { 21, 27, 346, 0, 27, 142, 16498 }, // U+0166
    { 16, 26, 260, 0, 25, 104, 16640 }, // U+0167
    { 23, 36, 454, 3, 35, 207, 16744 }, // U+0168
    { 20, 30, 390, 2, 29, 150, 16951 }, // U+0169
    { 23, 34, 454, 3, 33, 196, 17101 }, // U+016A
    { 20, 28, 390, 2, 27, 140, 17297 }, // U+016B
    { 23, 36, 454, 3, 35, 207, 17437 }, // U+016C
    { 20, 30, 390, 2, 29, 150, 17644 }, // U+016D
    { 23, 39, 454, 3, 38, 225, 17794 }, // U+016E
    { 20, 33, 390, 2, 32, 165, 18019 }, // U+016F
    { 23, 36, 454, 3, 35, 207, 18184 }, // U+0170
    { 20, 30, 390, 2, 29, 150, 18391 }, // U+0171
    { 23, 36, 454, 3, 27, 207, 18541 }, // U+0172
    { 20, 30, 390, 2, 21, 150, 18748 }, // U+0173
    { 37, 35, 580, 0, 35, 324, 18898 }, // U+0174
    { 32, 29, 517, 0, 29, 232, 19222 }, // U+0175
    { 24, 35, 376, 0, 35, 210, 19454 }, // U+0176
    { 22, 38, 343, 0, 29, 209, 19664 }, // U+0177
    { 24, 35, 376, 0, 35, 210, 19873 }, // U+0178
    { 21, 35, 347, 0, 35, 184, 20083 }, // U+0179
    { 17, 29, 296, 1, 29, 124, 20267 }, // U+017A
    { 21, 35, 347, 0, 35, 184, 20391 }, // U+017B
    { 17, 29, 296, 1, 29, 124, 20575 }, // U+017C
    { 21, 35, 347, 0, 35, 184, 20699 }, // U+017D
    { 17, 29, 296, 1, 29, 124, 20883 }, // U+017E
    { 14, 29, 230, 2, 29, 102, 21007 }, // U+017F
    { 31, 30, 493, 2, 29, 233, 0 }, // U+01A0
    { 26, 25, 409, 1, 24, 163, 233 }, // U+01A1
    { 31, 30, 531, 3, 29, 233, 396 }, // U+01AF
    { 28, 25, 454, 2, 24, 175, 629 }, // U+01B0
    { 46, 35, 785, 3, 35, 403, 804 }, // U+01C4
    { 43, 29, 735, 3, 29, 312, 1207 }, // U+01C5
    { 41, 30, 675, 1, 29, 308, 1519 }, // U+01C6
    { 28, 35, 538, 3, 27, 245, 1827 }, // U+01C7
    { 27, 38, 522, 3, 29, 257, 2072 }, // U+01C8
    { 19, 38, 366, 2, 29, 181, 2329 }, // U+01C9
    { 37, 35, 686, 3, 27, 324, 2510 }, // U+01CA
    { 37, 38, 671, 3, 29, 352, 2834 }, // U+01CB
    { 32, 38, 577, 2, 29, 304, 3186 }, // U+01CC
    { 26, 35, 415, 0, 35, 228, 3490 }, // U+01CD
    { 19, 30, 359, 1, 29, 143, 3718 }, // U+01CE
    { 17, 35, 233, -1, 35, 149, 3861 }, // U+01CF
    { 17, 29, 179, -2, 29, 124, 4010 }, // U+01D0
    { 26, 36, 475, 2, 35, 234, 4134 }, // U+01D1
    { 21, 30, 375, 1, 29, 158, 4368 }, // U+01D2
    { 23, 36, 454, 3, 35, 207, 4526 }, // U+01D3
    { 20, 30, 390, 2, 29, 150, 4733 }, // U+01D4
    { 23, 40, 454, 3, 39, 230, 4883 }, // U+01D5
    { 20, 34, 390, 2, 33, 170, 5113 }, // U+01D6
    { 23, 41, 454, 3, 40, 236, 5283 }, // U+01D7
    { 20, 35, 390, 2, 34, 175, 5519 }, // U+01D8
    { 23, 41, 454, 3, 40, 236, 5694 }, // U+01D9
    { 20, 35, 390, 2, 34, 175, 5930 }, // U+01DA
    { 23, 41, 454, 3, 40, 236, 6105 }, // U+01DB
    { 20, 35, 390, 2, 34, 175, 6341 }, // U+01DC
    { 20, 22, 358, 1, 21, 110, 6516 }, // U+01DD
    { 26, 39, 415, 0, 39, 254, 6626 }, // U+01DE
    { 19, 34, 359, 1, 33, 162, 6880 }, // U+01DF
    { 26, 39, 415, 0, 39, 254, 7042 }, // U+01E0
    { 19, 34, 359, 1, 33, 162, 7296 }, // U+01E1
    { 34, 33, 571, 0, 33, 281, 7458 }, // U+01E2
    { 32, 28, 550, 1, 27, 224, 7739 }, // U+01E3
    { 25, 29, 434, 2, 28, 182, 7963 }, // U+01E4
    { 22, 30, 382, 1, 21, 165, 8145 }, // U+01E5
    { 23, 36, 434, 2, 35, 207, 8310 }, // U+01E6
    { 20, 38, 379, 1, 29, 190, 8517 }, // U+01E7
    { 22, 35, 396, 3, 35, 193, 8707 }, // U+01E8
    { 26, 37, 372, -2, 37, 241, 8900 }, // U+01E9
    { 26, 37, 475, 2, 28, 241, 9141 }, // U+01EA
    { 21, 30, 375, 1, 21, 158, 9382 }, // U+01EB
    { 26, 42, 475, 2, 33, 273, 9540 }, // U+01EC
    { 21, 36, 375, 1, 27, 189, 9813 }, // U+01ED
    { 20, 36, 355, 1, 35, 180, 10002 }, // U+01EE
    { 20, 38, 349, 1, 29, 190, 10182 }, // U+01EF
    { 16, 38, 179, -2, 29, 152, 10372 }, // U+01F0
    { 46, 27, 785, 3, 27, 311, 10524 }, // U+01F1
    { 42, 27, 735, 3, 27, 284, 10835 }, // U+01F2
    { 41, 30, 675, 1, 29, 308, 11119 }, // U+01F3
    { 23, 36, 434, 2, 35, 207, 11427 }, // U+01F4
    { 20, 38, 379, 1, 29, 190, 11634 }, // U+01F5
    { 34, 28, 629, 3, 27, 238, 11824 }, // U+01F6
    { 21, 37, 406, 3, 28, 195, 12062 }, // U+01F7
    { 25, 35, 483, 3, 35, 219, 12257 }, // U+01F8
    { 20, 29, 390, 2, 29, 145, 12476 }, // U+01F9
    { 26, 36, 415, 0, 36, 234, 12621 }, // U+01FA
    { 19, 38, 359, 1, 37, 181, 12855 }, // U+01FB
    { 34, 35, 571, 0, 35, 298, 13036 }, // U+01FC
    { 32, 30, 550, 1, 29, 240, 13334 }, // U+01FD
    { 26, 37, 475, 2, 35, 241, 13574 }, // U+01FE
    { 21, 31, 371, 1, 29, 163, 13815 }, // U+01FF
    { 26, 35, 415, 0, 35, 228, 13978 }, // U+0200
    { 19, 30, 359, 1, 29, 143, 14206 }, // U+0201
    { 26, 35, 415, 0, 35, 228, 14349 }, // U+0202
    { 19, 30, 359, 1, 29, 143, 14577 }, // U+0203
    { 18, 35, 336, 1, 35, 158, 14720 }, // U+0204
    { 20, 30, 358, 1, 29, 150, 14878 }, // U+0205
    { 16, 35, 336, 3, 35, 140, 15028 }, // U+0206
    { 20, 30, 358, 1, 29, 150, 15168 }, // U+0207
    { 17, 35, 233, -3, 35, 149, 15318 }, // U+0208
    { 17, 29, 179, -5, 29, 124, 15467 }, // U+0209
    { 15, 35, 233, 0, 35, 132, 15591 }, // U+020A
    { 15, 29, 179, -2, 29, 109, 15723 }, // U+020B
    { 26, 36, 475, 2, 35, 234, 15832 }, // U+020C
    { 21, 30, 375, 1, 29, 158, 16066 }, // U+020D
    { 26, 36, 475, 2, 35, 234, 16224 }, // U+020E
    { 21, 30, 375, 1, 29, 158, 16458 }, // U+020F
    { 23, 35, 394, 2, 35, 202, 16616 }, // U+0210
    { 18, 29, 268, -1, 29, 131, 16818 }, // U+0211
    { 22, 35, 394, 3, 35, 193, 16949 }, // U+0212
    { 15, 29, 268, 2, 29, 109, 17142 }, // U+0213
    { 23, 36, 454, 3, 35, 207, 17251 }, // U+0214
    { 20, 30, 390, 2, 29, 150, 17458 }, // U+0215
    { 23, 36, 454, 3, 35, 207, 17608 }, // U+0216
    { 20, 30, 390, 2, 29, 150, 17815 }, // U+0217
    { 19, 37, 331, 1, 28, 176, 17965 }, // U+0218
    { 17, 30, 301, 1, 21, 128, 18141 }, // U+0219
    { 21, 36, 346, 0, 27, 189, 18269 }, // U+021A
    { 16, 34, 260, 0, 25, 136, 18458 }, // U+021B
    { 21, 35, 377, 1, 28, 184, 18594 }, // U+021C
    { 18, 30, 304, 0, 21, 135, 18778 }, // U+021D
    { 23, 35, 459, 3, 35, 202, 18913 }, // U+021E
    { 24, 37, 390, -2, 37, 222, 19115 }, // U+021F
    { 11, 7, 0, -20, 29, 20, 0 }, // U+0300
    { 12, 7, 0, -14, 29, 21, 20 }, // U+0301
    { 16, 7, 0, -8, 29, 28, 41 }, // U+0302
    { 16, 7, 0, -21, 29, 28, 69 }, // U+0303
    { 14, 5, 0, -7, 27, 18, 97 }, // U+0304
    { 16, 5, 0, -8, 32, 20, 115 }, // U+0305
    { 15, 7, 0, -7, 29, 27, 135 }, // U+0306
    { 8, 6, 0, -4, 29, 12, 162 }, // U+0307
    { 14, 6, 0, -7, 29, 21, 174 }, // U+0308
    { 9, 10, 0, -16, 32, 23, 195 }, // U+0309
    { 10, 10, 0, -5, 32, 25, 218 }, // U+030A
    { 17, 7, 0, -6, 29, 30, 243 }, // U+030B
    { 17, 7, 0, -8, 29, 30, 273 }, // U+030C
    { 4, 7, 0, -2, 29, 7, 303 }, // U+030D
    { 12, 7, 0, -6, 29, 21, 310 }, // U+030E
    { 17, 7, 0, -22, 29, 30, 331 }, // U+030F
    { 14, 10, 0, -7, 32, 35, 361 }, // U+0310
    { 16, 7, 0, -8, 29, 28, 396 }, // U+0311
    { 8, 10, 0, -4, 27, 20, 424 }, // U+0312
    { 8, 10, 0, -4, 27, 20, 444 }, // U+0313
    { 8, 10, 0, -4, 27, 20, 464 }, // U+0314
    { 8, 10, 0, -4, 27, 20, 484 }, // U+0315
    { 12, 7, 0, -7, -1, 21, 504 }, // U+0316
    { 12, 7, 0, -6, -1, 21, 525 }, // U+0317
    { 8, 8, 0, -4, -1, 16, 546 }, // U+0318
    { 8, 8, 0, -4, -1, 16, 562 }, // U+0319
    { 10, 10, 180, 0, 29, 25, 578 }, // U+031A
    { 10, 9, 0, -4, 29, 23, 603 }, // U+031B
    { 6, 9, 0, -3, 0, 14, 626 }, // U+031C
    { 8, 7, 0, -4, -1, 14, 640 }, // U+031D
    { 8, 7, 0, -4, -1, 14, 654 }, // U+031E
    { 8, 8, 0, -4, -1, 16, 668 }, // U+031F
    { 9, 3, 0, -5, -3, 7, 684 }, // U+0320
    { 9, 11, 0, -9, 2, 25, 691 }, // U+0321
    { 9, 11, 0, 0, 2, 25, 716 }, // U+0322
    { 7, 6, 0, -16, -2, 11, 741 }, // U+0323
    { 14, 6, 0, -7, -2, 21, 752 }, // U+0324
    { 10, 10, 0, -5, 1, 25, 773 }, // U+0325
    { 8, 7, 0, -4, -2, 14, 798 }, // U+0326
    { 10, 9, 0, -5, 0, 23, 812 }, // U+0327
    { 8, 10, 0, -4, 1, 20, 835 }, // U+0328
    { 4, 7, 0, -2, -1, 7, 855 }, // U+0329
    { 14, 8, 0, -7, -1, 28, 862 }, // U+032A
    { 16, 5, 0, -8, -2, 20, 890 }, // U+032B
    { 17, 7, 0, -8, -1, 30, 910 }, // U+032C
    { 16, 7, 0, -8, -1, 28, 940 }, // U+032D
    { 16, 7, 0, -8, -2, 28, 968 }, // U+032E
    { 16, 7, 0, -8, -2, 28, 996 }, // U+032F
    { 16, 7, 0, -8, -1, 28, 1024 }, // U+0330
    { 14, 5, 0, -7, -2, 18, 1052 }, // U+0331
    { 18, 3, 0, -9, -3, 14, 1070 }, // U+0332
    { 16, 9, 0, -9, 0, 36, 1084 }, // U+0333
    { 16, 7, 0, -8, 14, 28, 1120 }, // U+0334
    { 16, 5, 0, -8, 13, 20, 1148 }, // U+0335
    { 28, 5, 0, -14, 13, 35, 1168 }, // U+0336
    { 14, 11, 0, -7, 16, 39, 1203 }, // U+0337
    { 16, 32, 0, -8, 29, 128, 1242 }, // U+0338
    { 6, 9, 0, -3, 0, 14, 1370 }, // U+0339
    { 14, 8, 0, -7, -1, 28, 1384 }, // U+033A
    { 16, 8, 0, -8, -1, 32, 1412 }, // U+033B
    { 16, 5, 0, -8, -2, 20, 1444 }, // U+033C
    { 8, 9, 0, -4, 30, 18, 1464 }, // U+033D
    { 6, 12, 0, -3, 33, 18, 1482 }, // U+033E
    { 16, 9, 0, -9, 37, 36, 1500 }, // U+033F
    { 12, 7, 0, -9, 29, 21, 1536 }, // U+0340
    { 12, 7, 0, -3, 29, 21, 1557 }, // U+0341
    { 16, 7, 0, -8, 29, 28, 1578 }, // U+0342
    { 7, 8, 0, -4, 30, 14, 1606 }, // U+0343
    { 20, 8, 0, -8, 30, 40, 1620 }, // U+0344
    { 8, 8, 0, -2, -1, 16, 1660 }, // U+0345
    { 18, 7, 0, -9, 29, 32, 1676 }, // U+0346
    { 16, 9, 0, -9, 0, 36, 1708 }, // U+0347
    { 12, 7, 0, -6, -1, 21, 1744 }, // U+0348
    { 8, 7, 0, -4, -2, 14, 1765 }, // U+0349
    { 14, 8, 0, -7, 29, 28, 1779 }, // U+034A
    { 15, 16, 0, -8, 36, 60, 1807 }, // U+034B
    { 14, 11, 0, -7, 33, 39, 1867 }, // U+034C
    { 14, 8, 0, -7, -1, 28, 1906 }, // U+034D
    { 8, 9, 0, -4, 0, 18, 1934 }, // U+034E
    { 28, 27, 0, -14, 27, 189, 1952 }, // U+034F
    { 7, 8, 0, -4, 30, 14, 2141 }, // U+0350
    { 5, 10, 0, -2, 31, 13, 2155 }, // U+0351
    { 14, 10, 0, -7, 32, 35, 2168 }, // U+0352
    { 8, 8, 0, -4, -1, 16, 2203 }, // U+0353
    { 7, 8, 0, -4, -1, 14, 2219 }, // U+0354
    { 7, 8, 0, -4, -1, 14, 2233 }, // U+0355
    { 15, 8, 0, -7, -1, 30, 2247 }, // U+0356
    { 5, 10, 0, -2, 32, 13, 2277 }, // U+0357
    { 7, 6, 0, 3, 29, 11, 2290 }, // U+0358
    { 8, 8, 0, -4, -1, 16, 2301 }, // U+0359
    { 16, 8, 0, -8, -1, 32, 2317 }, // U+035A
    { 8, 8, 0, -4, 30, 16, 2349 }, // U+035B
    { 30, 8, 0, -15, -1, 60, 2365 }, // U+035C
    { 30, 8, 0, -15, 30, 60, 2425 }, // U+035D
    { 24, 4, 0, -12, 26, 24, 2485 }, // U+035E
    { 24, 4, 0, -12, -2, 24, 2509 }, // U+035F
    { 30, 7, 0, -15, 29, 53, 2533 }, // U+0360
    { 30, 8, 0, -15, 33, 60, 2586 }, // U+0361
    { 31, 9, 0, -15, 0, 70, 2646 }, // U+0362
    { 10, 9, 0, -5, 32, 23, 2716 }, // U+0363
    { 9, 9, 0, -4, 32, 21, 2739 }, // U+0364
    { 3, 12, 0, -1, 35, 9, 2760 }, // U+0365
    { 10, 9, 0, -5, 32, 23, 2769 }, // U+0366
    { 9, 9, 0, -4, 32, 21, 2792 }, // U+0367
    { 9, 9, 0, -4, 32, 21, 2813 }, // U+0368
    { 10, 12, 0, -5, 35, 30, 2834 }, // U+0369
    { 9, 12, 0, -4, 35, 27, 2864 }, // U+036A
    { 15, 9, 0, -7, 32, 34, 2891 }, // U+036B
    { 7, 9, 0, -3, 32, 16, 2925 }, // U+036C
    { 7, 11, 0, -3, 34, 20, 2941 }, // U+036D
    { 11, 9, 0, -5, 32, 25, 2961 }, // U+036E
    { 11, 9, 0, -5, 32, 25, 2986 }, // U+036F
    { 16, 35, 337, 3, 35, 140, 0 }, // U+0400
    { 16, 35, 337, 3, 35, 140, 140 }, // U+0401
    { 28, 28, 459, 0, 27, 196, 280 }, // U+0402
    { 17, 35, 338, 3, 35, 149, 476 }, // U+0403
    { 23, 29, 391, 1, 28, 167, 625 }, // U+0404
    { 19, 29, 328, 1, 28, 138, 792 }, // U+0405
    { 6, 27, 194, 3, 27, 41, 930 }, // U+0406
    { 12, 35, 199, 0, 35, 105, 971 }, // U+0407
    { 13, 35, 199, -3, 27, 114, 1076 }, // U+0408
    { 38, 28, 620, 0, 27, 266, 1190 }, // U+0409
    { 36, 27, 638, 3, 27, 243, 1456 }, // U+040A
    { 27, 27, 467, 0, 27, 183, 1699 }, // U+040B
    { 23, 35, 410, 3, 35, 202, 1882 }, // U+040C
    { 24, 35, 475, 3, 35, 210, 2084 }, // U+040D
    { 25, 37, 387, 0, 36, 232, 2294 }, // U+040E
    { 23, 33, 460, 3, 27, 190, 2526 }, // U+040F
    { 26, 27, 415, 0, 27, 176, 2716 }, // U+0410
    { 20, 27, 389, 3, 27, 135, 2892 }, // U+0411
    { 21, 27, 397, 3, 27, 142, 3027 }, // U+0412
    { 17, 27, 338, 3, 27, 115, 3169 }, // U+0413
    { 29, 33, 466, 0, 27, 240, 3284 }, // U+0414
    { 16, 27, 337, 3, 27, 108, 3524 }, // U+0415
    { 38, 27, 598, 0, 27, 257, 3632 }, // U+0416
    { 20, 29, 356, 1, 28, 145, 3889 }, // U+0417
    { 24, 27, 475, 3, 27, 162, 4034 }, // U+0418
    { 24, 36, 475, 3, 36, 216, 4196 }, // U+0419
    { 23, 27, 416, 3, 27, 156, 4412 }, // U+041A
    { 25, 28, 440, 0, 27, 175, 4568 }, // U+041B
    { 29, 27, 566, 3, 27, 196, 4743 }, // U+041C
    { 23, 27, 462, 3, 27, 156, 4939 }, // U+041D
    { 27, 29, 466, 1, 28, 196, 5095 }, // U+041E
    { 23, 27, 457, 3, 27, 156, 5291 }, // U+041F
    { 19, 27, 374, 3, 27, 129, 5447 }, // U+0420
    { 22, 29, 387, 1, 28, 160, 5576 }, // U+0421
    { 21, 27, 346, 0, 27, 142, 5736 }, // U+0422
    { 25, 28, 387, 0, 27, 175, 5878 }, // U+0423
    { 30, 29, 541, 2, 28, 218, 6053 }, // U+0424
    { 26, 27, 400, 0, 27, 176, 6271 }, // U+0425
    { 26, 33, 466, 3, 27, 215, 6447 }, // U+0426
    { 22, 27, 431, 2, 27, 149, 6662 }, // U+0427
    { 34, 27, 640, 3, 27, 230, 6811 }, // U+0428
    { 37, 33, 644, 3, 27, 306, 7041 }, // U+0429
    { 27, 27, 452, 0, 27, 183, 7347 }, // U+042A
    { 29, 27, 552, 3, 27, 196, 7530 }, // U+042B
    { 20, 27, 387, 3, 27, 135, 7726 }, // U+042C
    { 22, 29, 394, 1, 28, 160, 7861 }, // U+042D
    { 34, 29, 610, 3, 28, 247, 8021 }, // U+042E
    { 23, 27, 409, 0, 27, 156, 8268 }, // U+042F
    { 19, 22, 358, 1, 21, 105, 8424 }, // U+0430
    { 21, 30, 374, 1, 29, 158, 8529 }, // U+0431
    { 19, 21, 358, 2, 21, 100, 8687 }, // U+0432
    { 15, 21, 285, 3, 21, 79, 8787 }, // U+0433
    { 24, 27, 382, 0, 21, 162, 8866 }, // U+0434
    { 20, 22, 350, 1, 21, 110, 9028 }, // U+0435
    { 33, 21, 520, 0, 21, 174, 9138 }, // U+0436
    { 17, 22, 309, 1, 21, 94, 9312 }, // U+0437
    { 20, 21, 404, 3, 21, 105, 9406 }, // U+0438
    { 20, 29, 404, 3, 29, 145, 9511 }, // U+0439
    { 20, 21, 370, 3, 21, 105, 9656 }, // U+043A
    { 21, 22, 374, 0, 21, 116, 9761 }, // U+043B
    { 26, 21, 502, 3, 21, 137, 9877 }, // U+043C
    { 19, 21, 394, 3, 21, 100, 10014 }, // U+043D
    { 21, 22, 373, 1, 21, 116, 10114 }, // U+043E
    { 19, 21, 390, 3, 21, 100, 10230 }, // U+043F
    { 20, 30, 381, 3, 21, 150, 10330 }, // U+0440
    { 18, 22, 314, 1, 21, 99, 10480 }, // U+0441
    { 19, 21, 303, 0, 21, 100, 10579 }, // U+0442
    { 23, 30, 343, -1, 21, 173, 10679 }, // U+0443
    { 28, 38, 486, 1, 29, 266, 10852 }, // U+0444
    { 22, 21, 346, 0, 21, 116, 11118 }, // U+0445
    { 22, 27, 390, 2, 21, 149, 11234 }, // U+0446
    { 19, 21, 382, 2, 21, 100, 11383 }, // U+0447
    { 30, 21, 572, 3, 21, 158, 11483 }, // U+0448
    { 33, 27, 572, 3, 21, 223, 11641 }, // U+0449
    { 24, 21, 403, 0, 21, 126, 11864 }, // U+044A
    { 27, 21, 512, 3, 21, 142, 11990 }, // U+044B
    { 18, 21, 355, 3, 21, 95, 12132 }, // U+044C
    { 18, 22, 314, 1, 21, 99, 12227 }, // U+044D
    { 28, 22, 511, 3, 21, 154, 12326 }, // U+044E
    { 20, 21, 363, 0, 21, 105, 12480 }, // U+044F
    { 20, 30, 350, 1, 29, 150, 12585 }, // U+0450
    { 20, 29, 350, 1, 28, 145, 12735 }, // U+0451
    { 22, 38, 392, 0, 29, 209, 12880 }, // U+0452
    { 15, 29, 288, 3, 29, 109, 13089 }, // U+0453
    { 18, 22, 314, 1, 21, 99, 13198 }, // U+0454
    { 17, 22, 299, 1, 21, 94, 13297 }, // U+0455
    { 7, 29, 185, 2, 29, 51, 13391 }, // U+0456
    { 11, 29, 179, 0, 29, 80, 13442 }, // U+0457
    { 11, 38, 179, -2, 29, 105, 13522 }, // U+0458
    { 33, 22, 538, 0, 21, 182, 13627 }, // U+0459
    { 31, 21, 556, 3, 21, 163, 13809 }, // U+045A
    { 22, 29, 392, 0, 29, 160, 13972 }, // U+045B
    { 20, 29, 370, 3, 29, 145, 14132 }, // U+045C
    { 20, 29, 404, 3, 29, 145, 14277 }, // U+045D
    { 23, 38, 343, -1, 29, 219, 14422 }, // U+045E
    { 19, 27, 390, 3, 21, 129, 14641 }, // U+045F
    { 35, 27, 572, 0, 27, 237, 14770 }, // U+0460
    { 32, 21, 531, 0, 21, 168, 15007 }, // U+0461
    { 24, 27, 404, 0, 27, 162, 15175 }, // U+0462
    { 24, 25, 400, 0, 25, 150, 15337 }, // U+0463
    { 32, 29, 570, 3, 28, 232, 15487 }, // U+0464
    { 27, 22, 482, 2, 21, 149, 15719 }, // U+0465
    { 28, 27, 438, 0, 27, 189, 15868 }, // U+0466
    { 24, 21, 384, 0, 21, 126, 16057 }, // U+0467
    { 35, 27, 603, 3, 27, 237, 16183 }, // U+0468
    { 32, 21, 541, 2, 21, 168, 16420 }, // U+0469
    { 30, 27, 482, 0, 27, 203, 16588 }, // U+046A
    { 23, 21, 374, 0, 21, 121, 16791 }, // U+046B
    { 37, 27, 644, 3, 27, 250, 16912 }, // U+046C
    { 31, 21, 528, 2, 21, 163, 17162 }, // U+046D
    { 23, 42, 379, 0, 33, 242, 17325 }, // U+046E
    { 20, 35, 333, 0, 26, 175, 17567 }, // U+046F
    { 27, 27, 529, 3, 27, 183, 17742 }, // U+0470
    { 27, 38, 505, 2, 29, 257, 17925 }, // U+0471
    { 26, 29, 475, 2, 28, 189, 18182 }, // U+0472
    { 21, 22, 371, 1, 21, 116, 18371 }, // U+0473
    { 27, 27, 430, 0, 27, 183, 18487 }, // U+0474
    { 23, 21, 363, 0, 21, 121, 18670 }, // U+0475
    { 27, 35, 430, 0, 35, 237, 18791 }, // U+0476
    { 23, 29, 363, 0, 29, 167, 19028 }, // U+0477
    { 48, 37, 791, 2, 28, 444, 19195 }, // U+0478
    { 44, 30, 706, 1, 21, 330, 19639 }, // U+0479
    { 28, 33, 499, 2, 30, 231, 19969 }, // U+047A
    { 23, 26, 411, 1, 23, 150, 20200 }, // U+047B
    { 37, 42, 653, 2, 41, 389, 20350 }, // U+047C
    { 33, 36, 575, 1, 35, 297, 20739 }, // U+047D
    { 35, 34, 574, 0, 34, 298, 21036 }, // U+047E
    { 32, 28, 531, 0, 28, 224, 21334 }, // U+047F
    { 23, 37, 406, 2, 28, 213, 21558 }, // U+0480
    { 18, 30, 314, 1, 21, 135, 21771 }, // U+0481
    { 20, 25, 365, 1, 24, 125, 21906 }, // U+0482
    { 15, 7, 0, -18, 28, 27, 22031 }, // U+0483
    { 16, 7, 0, -18, 29, 28, 22058 }, // U+0484
    { 6, 8, 0, -13, 30, 12, 22086 }, // U+0485
    { 6, 8, 0, -13, 30, 12, 22098 }, // U+0486
    { 16, 7, 0, -8, 35, 28, 22110 }, // U+0487
    { 44, 40, 0, -22, 30, 440, 22138 }, // U+0488
    { 42, 42, 0, -21, 31, 441, 22578 }, // U+0489
    { 31, 44, 550, 3, 36, 341, 23019 }, // U+048A
    { 28, 38, 481, 2, 30, 266, 23360 }, // U+048B
    { 23, 27, 383, 0, 27, 156, 23626 }, // U+048C
    { 22, 29, 368, 0, 29, 160, 23782 }, // U+048D
    { 19, 27, 377, 3, 27, 129, 23942 }, // U+048E
    { 21, 30, 380, 2, 21, 158, 24071 }, // U+048F
    { 18, 33, 347, 3, 33, 149, 24229 }, // U+0490
    { 16, 27, 307, 2, 27, 108, 24378 }, // U+0491
    { 21, 27, 335, 0, 27, 142, 24486 }, // U+0492
    { 18, 21, 295, 0, 21, 95, 24628 }, // U+0493
    { 23, 37, 440, 3, 27, 213, 24723 }, // U+0494
    { 20, 31, 361, 2, 21, 155, 24936 }, // U+0495
    { 38, 35, 617, 0, 27, 333, 25091 }, // U+0496
    { 36, 29, 562, -1, 21, 261, 25424 }, // U+0497
    { 20, 37, 356, 1, 28, 185, 25685 }, // U+0498
    { 17, 30, 309, 1, 21, 128, 25870 }, // U+0499
    { 25, 35, 454, 3, 27, 219, 25998 }, // U+049A
    { 23, 29, 395, 2, 21, 167, 26217 }, // U+049B
    { 23, 27, 401, 3, 27, 156, 26384 }, // U+049C
    { 22, 21, 371, 2, 21, 116, 26540 }, // U+049D
    { 25, 27, 416, 1, 27, 169, 26656 }, // U+049E
    { 24, 29, 376, 0, 29, 174, 26825 }, // U+049F
    { 28, 27, 440, 0, 27, 189, 26999 }, // U+04A0
    { 27, 21, 417, 0, 21, 142, 27188 }, // U+04A1
    { 28, 35, 505, 3, 27, 245, 27330 }, // U+04A2
    { 25, 29, 446, 2, 21, 182, 27575 }, // U+04A3
    { 29, 27, 500, 3, 27, 196, 27757 }, // U+04A4
    { 27, 21, 455, 2, 21, 142, 27953 }, // U+04A5
    { 38, 37, 675, 3, 27, 352, 28095 }, // U+04A6
    { 31, 31, 533, 2, 21, 241, 28447 }, // U+04A7
    { 27, 30, 466, 2, 28, 203, 28688 }, // U+04A8
    { 23, 23, 394, 1, 21, 133, 28891 }, // U+04A9
    { 21, 37, 385, 2, 28, 195, 29024 }, // U+04AA
    { 18, 30, 310, 1, 21, 135, 29219 }, // U+04AB
    { 21, 35, 347, 0, 27, 184, 29354 }, // U+04AC
    { 20, 29, 330, 0, 21, 145, 29538 }, // U+04AD
    { 24, 27, 376, 0, 27, 162, 29683 }, // U+04AE
    { 22, 30, 344, 0, 21, 165, 29845 }, // U+04AF
    { 24, 27, 376, 0, 27, 162, 30010 }, // U+04B0
    { 22, 30, 344, 0, 21, 165, 30172 }, // U+04B1
    { 28, 35, 446, 0, 27, 245, 30337 }, // U+04B2
    { 24, 29, 380, 0, 21, 174, 30582 }, // U+04B3
    { 35, 35, 558, 0, 27, 307, 30756 }, // U+04B4
    { 30, 29, 475, 0, 21, 218, 31063 }, // U+04B5
    { 29, 35, 482, 1, 27, 254, 31281 }, // U+04B6
    { 25, 29, 436, 2, 21, 182, 31535 }, // U+04B7
    { 23, 27, 441, 2, 27, 156, 31717 }, // U+04B8
    { 20, 21, 395, 2, 21, 105, 31873 }, // U+04B9
    { 23, 27, 441, 3, 27, 156, 31978 }, // U+04BA
    { 20, 29, 390, 2, 29, 145, 32134 }, // U+04BB
    { 33, 29, 569, 0, 28, 240, 32279 }, // U+04BC
    { 26, 22, 425, -1, 21, 143, 32519 }, // U+04BD
    { 33, 36, 569, 0, 28, 297, 32662 }, // U+04BE
    { 26, 29, 425, -1, 21, 189, 32959 }, // U+04BF
    { 13, 27, 233, 1, 27, 88, 33148 }, // U+04C0
    { 38, 36, 600, 0, 36, 342, 33236 }, // U+04C1
    { 33, 29, 520, 0, 29, 240, 33578 }, // U+04C2
    { 24, 37, 456, 3, 27, 222, 33818 }, // U+04C3
    { 21, 31, 392, 2, 21, 163, 34040 }, // U+04C4
    { 31, 35, 503, 0, 27, 272, 34203 }, // U+04C5
    { 27, 29, 436, 0, 21, 196, 34475 }, // U+04C6
    { 23, 37, 459, 3, 27, 213, 34671 }, // U+04C7
    { 20, 31, 397, 2, 21, 155, 34884 }, // U+04C8
    { 29, 35, 515, 3, 27, 254, 35039 }, // U+04C9
    { 26, 29, 446, 2, 21, 189, 35293 }, // U+04CA
    { 23, 35, 441, 2, 27, 202, 35482 }, // U+04CB
    { 20, 29, 394, 2, 21, 145, 35684 }, // U+04CC
    { 36, 35, 622, 3, 27, 315, 35829 }, // U+04CD
    { 33, 29, 556, 2, 21, 240, 36144 }, // U+04CE
    { 13, 27, 233, 1, 27, 88, 36384 }, // U+04CF
    { 26, 36, 415, 0, 36, 234, 36472 }, // U+04D0
    { 19, 30, 359, 1, 29, 143, 36706 }, // U+04D1
    { 26, 35, 415, 0, 35, 228, 36849 }, // U+04D2
    { 19, 30, 359, 1, 29, 143, 37077 }, // U+04D3
    { 34, 27, 571, 0, 27, 230, 37220 }, // U+04D4
    { 32, 22, 550, 1, 21, 176, 37450 }, // U+04D5
    { 16, 36, 336, 3, 36, 144, 37626 }, // U+04D6
    { 20, 30, 358, 1, 29, 150, 37770 }, // U+04D7
    { 26, 29, 490, 3, 28, 189, 37920 }, // U+04D8
    { 20, 22, 358, 1, 21, 110, 38109 }, // U+04D9
    { 26, 36, 490, 3, 35, 234, 38219 }, // U+04DA
    { 20, 30, 358, 1, 29, 150, 38453 }, // U+04DB
    { 38, 35, 600, 0, 35, 333, 38603 }, // U+04DC
    { 33, 29, 520, 0, 29, 240, 38936 }, // U+04DD
    { 20, 36, 356, 1, 35, 180, 39176 }, // U+04DE
    { 17, 30, 309, 1, 29, 128, 39356 }, // U+04DF
    { 20, 28, 355, 1, 27, 140, 39484 }, // U+04E0
    { 20, 30, 349, 1, 21, 150, 39624 }, // U+04E1
    { 24, 33, 475, 3, 33, 198, 39774 }, // U+04E2
    { 20, 27, 404, 3, 27, 135, 39972 }, // U+04E3
    { 24, 35, 475, 3, 35, 210, 40107 }, // U+04E4
    { 20, 29, 404, 3, 29, 145, 40317 }, // U+04E5
    { 26, 36, 475, 2, 35, 234, 40462 }, // U+04E6
    { 21, 30, 375, 1, 29, 158, 40696 }, // U+04E7
    { 26, 29, 475, 2, 28, 189, 40854 }, // U+04E8
    { 21, 22, 375, 1, 21, 116, 41043 }, // U+04E9
    { 26, 36, 475, 2, 35, 234, 41159 }, // U+04EA
    { 21, 30, 375, 1, 29, 158, 41393 }, // U+04EB
    { 22, 36, 391, 1, 35, 198, 41551 }, // U+04EC
    { 18, 30, 314, 1, 29, 135, 41749 }, // U+04ED
    { 25, 34, 387, 0, 33, 213, 41884 }, // U+04EE
    { 23, 36, 343, -1, 27, 207, 42097 }, // U+04EF
    { 25, 36, 387, 0, 35, 225, 42304 }, // U+04F0
    { 23, 38, 343, -1, 29, 219, 42529 }, // U+04F1
    { 25, 36, 387, 0, 35, 225, 42748 }, // U+04F2
    { 22, 38, 343, 0, 29, 209, 42973 }, // U+04F3
    { 22, 35, 432, 2, 35, 193, 43182 }, // U+04F4
    { 19, 29, 382, 2, 29, 138, 43375 }, // U+04F5
    { 18, 35, 337, 3, 27, 158, 43513 }, // U+04F6
    { 16, 29, 287, 2, 21, 116, 43671 }, // U+04F7
    { 29, 35, 552, 3, 35, 254, 43787 }, // U+04F8
    { 27, 29, 512, 3, 29, 196, 44041 }, // U+04F9
    { 21, 37, 335, 0, 27, 195, 44237 }, // U+04FA
    { 18, 30, 295, 0, 21, 135, 44432 }, // U+04FB
    { 27, 37, 438, 0, 27, 250, 44567 }, // U+04FC
    { 23, 30, 387, 0, 21, 173, 44817 }, // U+04FD
    { 25, 27, 402, 0, 27, 169, 44990 }, // U+04FE
    { 22, 21, 347, 0, 21, 116, 45159 }, // U+04FF
    { 26, 35, 415, 0, 27, 228, 0 }, // U+1EA0
    { 19, 29, 359, 1, 21, 138, 228 }, // U+1EA1
    { 26, 38, 415, 0, 38, 247, 366 }, // U+1EA2
    { 19, 33, 359, 1, 32, 157, 613 }, // U+1EA3
    { 26, 37, 415, 0, 37, 241, 770 }, // U+1EA4
    { 23, 32, 359, 1, 31, 184, 1011 }, // U+1EA5
    { 26, 37, 415, 0, 37, 241, 1195 }, // U+1EA6
    { 21, 32, 359, -1, 31, 168, 1436 }, // U+1EA7
    { 26, 39, 415, 0, 39, 254, 1604 }, // U+1EA8
    { 21, 34, 359, 1, 33, 179, 1858 }, // U+1EA9
    { 26, 40, 415, 0, 40, 260, 2037 }, // U+1EAA
    { 19, 35, 359, 1, 34, 167, 2297 }, // U+1EAB
    { 26, 43, 415, 0, 35, 280, 2464 }, // U+1EAC
    { 19, 37, 359, 1, 29, 176, 2744 }, // U+1EAD
    { 26, 38, 415, 0, 38, 247, 2920 }, // U+1EAE
    { 19, 33, 359, 1, 32, 157, 3167 }, // U+1EAF
    { 26, 38, 415, 0, 38, 247, 3324 }, // U+1EB0
    { 19, 33, 359, 1, 32, 157, 3571 }, // U+1EB1
    { 26, 40, 415, 0, 40, 260, 3728 }, // U+1EB2
    { 19, 34, 359, 1, 33, 162, 3988 }, // U+1EB3
    { 26, 40, 415, 0, 40, 260, 4150 }, // U+1EB4
    { 19, 35, 359, 1, 34, 167, 4410 }, // U+1EB5
    { 26, 43, 415, 0, 35, 280, 4577 }, // U+1EB6
    { 19, 37, 359, 1, 29, 176, 4857 }, // U+1EB7
    { 16, 35, 336, 3, 27, 140, 5033 }, // U+1EB8
    { 20, 29, 358, 1, 21, 145, 5173 }, // U+1EB9
    { 16, 38, 336, 3, 38, 152, 5318 }, // U+1EBA
    { 20, 33, 358, 1, 32, 165, 5470 }, // U+1EBB
    { 16, 35, 336, 3, 35, 140, 5635 }, // U+1EBC
    { 20, 30, 358, 1, 29, 150, 5775 }, // U+1EBD
    { 20, 37, 336, 3, 37, 185, 5925 }, // U+1EBE
    { 23, 32, 358, 1, 31, 184, 6110 }, // U+1EBF
    { 22, 37, 336, -3, 37, 204, 6294 }, // U+1EC0
    { 22, 32, 358, -1, 31, 176, 6498 }, // U+1EC1
    { 18, 39, 336, 3, 39, 176, 6674 }, // U+1EC2
    { 22, 34, 358, 1, 33, 187, 6850 }, // U+1EC3
    { 16, 40, 336, 3, 40, 160, 7037 }, // U+1EC4
    { 20, 35, 358, 1, 34, 175, 7197 }, // U+1EC5
    { 16, 43, 336, 3, 35, 172, 7372 }, // U+1EC6
    { 20, 37, 358, 1, 29, 185, 7544 }, // U+1EC7
    { 13, 38, 233, 1, 38, 124, 7729 }, // U+1EC8
    { 9, 32, 179, 2, 32, 72, 7853 }, // U+1EC9
    { 13, 35, 233, 1, 27, 114, 7925 }, // U+1ECA
    { 7, 37, 179, 2, 29, 65, 8039 }, // U+1ECB
    { 26, 36, 475, 2, 28, 234, 8104 }, // U+1ECC
    { 21, 29, 375, 1, 21, 153, 8338 }, // U+1ECD
    { 26, 39, 475, 2, 38, 254, 8491 }, // U+1ECE
    { 21, 33, 375, 1, 32, 174, 8745 }, // U+1ECF
    { 26, 38, 475, 2, 37, 247, 8919 }, // U+1ED0
    { 23, 32, 375, 1, 31, 184, 9166 }, // U+1ED1
    { 26, 38, 475, 2, 37, 247, 9350 }, // U+1ED2
    { 23, 32, 375, -1, 31, 184, 9597 }, // U+1ED3
    { 26, 40, 475, 2, 39, 260, 9781 }, // U+1ED4
    { 22, 34, 375, 1, 33, 187, 10041 }, // U+1ED5
    { 26, 41, 475, 2, 40, 267, 10228 }, // U+1ED6
    { 21, 35, 375, 1, 34, 184, 10495 }, // U+1ED7
    { 26, 43, 475, 2, 35, 280, 10679 }, // U+1ED8
    { 21, 37, 375, 1, 29, 195, 10959 }, // U+1ED9
    { 31, 36, 493, 2, 35, 279, 11154 }, // U+1EDA
    { 26, 30, 409, 1, 29, 195, 11433 }, // U+1EDB
    { 31, 36, 493, 2, 35, 279, 11628 }, // U+1EDC
    { 26, 30, 409, 1, 29, 195, 11907 }, // U+1EDD
    { 31, 39, 493, 2, 38, 303, 12102 }, // U+1EDE
    { 26, 33, 409, 1, 32, 215, 12405 }, // U+1EDF
    { 31, 36, 493, 2, 35, 279, 12620 }, // U+1EE0
    { 26, 30, 409, 1, 29, 195, 12899 }, // U+1EE1
    { 31, 37, 493, 2, 29, 287, 13094 }, // U+1EE2
    { 26, 32, 409, 1, 24, 208, 13381 }, // U+1EE3
    { 23, 35, 454, 3, 27, 202, 13589 }, // U+1EE4
    { 20, 29, 390, 2, 21, 145, 13791 }, // U+1EE5
    { 23, 39, 454, 3, 38, 225, 13936 }, // U+1EE6
    { 20, 33, 390, 2, 32, 165, 14161 }, // U+1EE7
    { 31, 36, 531, 3, 35, 279, 14326 }, // U+1EE8
    { 28, 30, 454, 2, 29, 210, 14605 }, // U+1EE9
    { 31, 36, 531, 3, 35, 279, 14815 }, // U+1EEA
    { 28, 30, 454, 2, 29, 210, 15094 }, // U+1EEB
    { 31, 39, 531, 3, 38, 303, 15304 }, // U+1EEC
    { 28, 33, 454, 2, 32, 231, 15607 }, // U+1EED
    { 31, 36, 531, 3, 35, 279, 15838 }, // U+1EEE
    { 28, 30, 454, 2, 29, 210, 16117 }, // U+1EEF
    { 31, 37, 531, 3, 29, 287, 16327 }, // U+1EF0
    { 28, 32, 454, 2, 24, 224, 16614 }, // U+1EF1
    { 24, 35, 376, 0, 35, 210, 16838 }, // U+1EF2
    { 22, 38, 343, 0, 29, 209, 17048 }, // U+1EF3
    { 24, 35, 376, 0, 27, 210, 17257 }, // U+1EF4
    { 22, 30, 343, 0, 21, 165, 17467 }, // U+1EF5
    { 24, 38, 376, 0, 38, 228, 17632 }, // U+1EF6
    { 22, 41, 343, 0, 32, 226, 17860 }, // U+1EF7
    { 24, 35, 376, 0, 35, 210, 18086 }, // U+1EF8
    { 22, 38, 343, 0, 29, 209, 18296 }, // U+1EF9
    { 0, 0, 300, 0, 0, 0, 0 }, // U+2000
    { 0, 0, 600, 0, 0, 0, 0 }, // U+2001
    { 0, 0, 300, 0, 0, 0, 0 }, // U+2002
    { 0, 0, 600, 0, 0, 0, 0 }, // U+2003
    { 0, 0, 200, 0, 0, 0, 0 }, // U+2004
    { 0, 0, 150, 0, 0, 0, 0 }, // U+2005
    { 0, 0, 100, 0, 0, 0, 0 }, // U+2006
    { 0, 0, 343, 0, 0, 0, 0 }, // U+2007
    { 0, 0, 169, 0, 0, 0, 0 }, // U+2008
    { 0, 0, 100, 0, 0, 0, 0 }, // U+2009
    { 0, 0, 60, 0, 0, 0, 0 }, // U+200A
    { 0, 0, 0, 0, 0, 0, 0 }, // U+200B
    { 0, 0, 0, 0, 0, 0, 0 }, // U+200C
    { 0, 0, 0, 0, 0, 0, 0 }, // U+200D
    { 9, 31, 0, -1, 26, 70, 0 }, // U+200E
    { 9, 31, 0, -8, 26, 70, 70 }, // U+200F
    { 10, 6, 192, 1, 13, 15, 140 }, // U+2010
    { 10, 6, 192, 1, 13, 15, 155 }, // U+2011
    { 20, 5, 346, 1, 16, 25, 170 }, // U+2012
    { 17, 6, 300, 1, 13, 26, 195 }, // U+2013
    { 36, 6, 600, 1, 13, 54, 221 }, // U+2014
    { 36, 6, 600, 1, 13, 54, 275 }, // U+2015
    { 15, 38, 331, 3, 29, 143, 329 }, // U+2016
    { 17, 9, 247, -1, 0, 39, 472 }, // U+2017
    { 8, 10, 130, 0, 27, 20, 511 }, // U+2018
    { 8, 10, 130, 0, 27, 20, 531 }, // U+2019
    { 9, 10, 172, 0, 5, 23, 551 }, // U+201A
    { 8, 10, 130, 0, 27, 20, 574 }, // U+201B
    { 17, 10, 267, 0, 27, 43, 594 }, // U+201C
    { 17, 10, 267, 0, 27, 43, 637 }, // U+201D
    { 16, 10, 308, 1, 5, 40, 680 }, // U+201E
    { 17, 10, 267, 0, 27, 43, 720 }, // U+201F
    { 16, 29, 308, 2, 29, 116, 763 }, // U+2020
    { 16, 29, 311, 2, 29, 116, 879 }, // U+2021
    { 12, 13, 226, 1, 20, 39, 995 }, // U+2022
    { 12, 15, 226, 2, 21, 45, 1034 }, // U+2023
    { 7, 7, 300, 6, 6, 13, 1079 }, // U+2024
    { 18, 7, 345, 2, 6, 32, 1092 }, // U+2025
    { 28, 7, 513, 2, 6, 49, 1124 }, // U+2026
    { 7, 7, 169, 2, 13, 13, 1173 }, // U+2027
    { 0, 0, 360, 0, 0, 0, 1186 }, // U+2028
    { 0, 0, 360, 0, 0, 0, 1186 }, // U+2029
    { 9, 28, 0, -1, 23, 63, 1186 }, // U+202A
    { 9, 28, 0, -8, 23, 63, 1249 }, // U+202B
    { 10, 31, 0, -5, 26, 78, 1312 }, // U+202C
    { 10, 31, 0, -5, 26, 78, 1390 }, // U+202D
    { 10, 31, 0, -5, 26, 78, 1468 }, // U+202E
    { 0, 0, 100, 0, 0, 0, 1546 }, // U+202F
    { 46, 29, 768, 1, 28, 334, 1546 }, // U+2030
    { 61, 29, 1000, 1, 28, 443, 1880 }, // U+2031
    { 11, 10, 182, 1, 27, 28, 2323 }, // U+2032
    { 19, 10, 314, 1, 27, 48, 2351 }, // U+2033
    { 28, 10, 447, 1, 27, 70, 2399 }, // U+2034
    { 11, 10, 253, 1, 27, 28, 2469 }, // U+2035
    { 20, 10, 386, 1, 27, 50, 2497 }, // U+2036
    { 28, 10, 518, 1, 27, 70, 2547 }, // U+2037
    { 15, 13, 245, 0, 4, 49, 2617 }, // U+2038
    { 12, 18, 219, 1, 19, 54, 2666 }, // U+2039
    { 12, 18, 219, 1, 19, 54, 2720 }, // U+203A
    { 29, 29, 510, 1, 28, 211, 2774 }, // U+203B
    { 18, 28, 342, 2, 27, 126, 2985 }, // U+203C
    { 17, 29, 286, 0, 28, 124, 3111 }, // U+203D
    { 20, 5, 300, -1, 33, 25, 3235 }, // U+203E
    { 23, 9, 365, 0, 0, 52, 3260 }, // U+203F
    { 23, 9, 365, 0, 30, 52, 3312 }, // U+2040
    { 16, 25, 254, 0, 16, 100, 3364 }, // U+2041
    { 42, 35, 671, 0, 29, 368, 3464 }, // U+2042
    { 11, 6, 192, 1, 13, 17, 3832 }, // U+2043
    { 21, 27, 78, -8, 27, 142, 3849 }, // U+2044
    { 10, 33, 199, 2, 27, 83, 3991 }, // U+2045
    { 10, 33, 199, 0, 27, 83, 4074 }, // U+2046
    { 35, 29, 569, 0, 28, 254, 4157 }, // U+2047
    { 27, 29, 458, 0, 28, 196, 4411 }, // U+2048
    { 26, 29, 458, 2, 28, 189, 4607 }, // U+2049
    { 19, 21, 353, 1, 21, 100, 4796 }, // U+204A
    { 21, 34, 389, 2, 29, 179, 4896 }, // U+204B
    { 21, 20, 393, 1, 21, 105, 5075 }, // U+204C
    { 20, 20, 393, 3, 21, 100, 5180 }, // U+204D
    { 19, 19, 325, 1, 10, 91, 5280 }, // U+204E
    { 8, 26, 171, 2, 21, 52, 5371 }, // U+204F
    { 23, 39, 360, 0, 30, 225, 5423 }, // U+2050
    { 19, 38, 325, 1, 29, 181, 5648 }, // U+2051
    { 16, 29, 253, 0, 28, 116, 5829 }, // U+2052
    { 36, 8, 600, 1, 15, 72, 5945 }, // U+2053
    { 23, 9, 360, 0, 0, 52, 6017 }, // U+2054
    { 19, 19, 336, 1, 19, 91, 6069 }, // U+2055
    { 18, 29, 347, 2, 28, 131, 6160 }, // U+2056
    { 35, 10, 561, 1, 27, 88, 6291 }, // U+2057
    { 29, 29, 524, 2, 28, 211, 6379 }, // U+2058
    { 29, 29, 524, 2, 28, 211, 6590 }, // U+2059
    { 7, 29, 171, 2, 28, 51, 6801 }, // U+205A
    { 22, 31, 416, 2, 30, 171, 6852 }, // U+205B
    { 30, 30, 512, 1, 28, 225, 7023 }, // U+205C
    { 7, 30, 169, 2, 29, 53, 7248 }, // U+205D
    { 7, 29, 171, 2, 28, 51, 7301 }, // U+205E
    { 0, 0, 133, 0, 0, 0, 7352 }, // U+205F
    { 0, 0, 360, 0, 0, 0, 7352 }, // U+2060
    { 0, 0, 360, 0, 0, 0, 7352 }, // U+2061
    { 0, 0, 360, 0, 0, 0, 7352 }, // U+2062
    { 0, 0, 360, 0, 0, 0, 7352 }, // U+2063
    { 0, 0, 360, 0, 0, 0, 7352 }, // U+2064
    { 0, 0, 0, 0, 0, 0, 7352 }, // U+2066
    { 0, 0, 0, 0, 0, 0, 7352 }, // U+2067
    { 0, 0, 0, 0, 0, 0, 7352 }, // U+2068
    { 0, 0, 0, 0, 0, 0, 7352 }, // U+2069
    { 10, 31, 0, -5, 26, 78, 7352 }, // U+206A
    { 10, 31, 0, -5, 26, 78, 7430 }, // U+206B
    { 10, 31, 0, -5, 26, 78, 7508 }, // U+206C
    { 10, 31, 0, -5, 26, 78, 7586 }, // U+206D
    { 10, 31, 0, -5, 26, 78, 7664 }, // U+206E
    { 10, 31, 0, -5, 26, 78, 7742 }, // U+206F
    { 14, 18, 227, 0, 33, 63, 0 }, // U+2070
    { 5, 18, 116, 1, 28, 23, 63 }, // U+2071
    { 14, 17, 228, 0, 32, 60, 86 }, // U+2074
    { 13, 17, 228, 1, 32, 56, 146 }, // U+2075
    { 14, 17, 228, 0, 32, 60, 202 }, // U+2076
    { 13, 17, 228, 1, 32, 56, 262 }, // U+2077
    { 14, 18, 228, 0, 33, 63, 318 }, // U+2078
    { 14, 18, 228, 0, 33, 63, 381 }, // U+2079
    { 12, 11, 215, 1, 28, 33, 444 }, // U+207A
    { 12, 3, 215, 1, 24, 9, 477 }, // U+207B
    { 12, 8, 215, 1, 26, 24, 486 }, // U+207C
    { 7, 21, 145, 2, 34, 37, 510 }, // U+207D
    { 7, 21, 145, 0, 34, 37, 547 }, // U+207E
    { 14, 14, 254, 1, 24, 49, 584 }, // U+207F
    { 14, 18, 228, 0, 13, 63, 633 }, // U+2080
    { 10, 17, 228, 1, 12, 43, 696 }, // U+2081
    { 13, 18, 228, 0, 13, 59, 739 }, // U+2082
    { 14, 17, 228, 0, 12, 60, 798 }, // U+2083
    { 14, 17, 228, 0, 12, 60, 858 }, // U+2084
    { 13, 17, 228, 1, 12, 56, 918 }, // U+2085
    { 14, 17, 228, 0, 12, 60, 974 }, // U+2086
    { 13, 17, 228, 1, 12, 56, 1034 }, // U+2087
    { 14, 18, 228, 0, 13, 63, 1090 }, // U+2088
    { 14, 18, 228, 0, 13, 63, 1153 }, // U+2089
    { 12, 11, 215, 1, 9, 33, 1216 }, // U+208A
    { 12, 3, 215, 1, 5, 9, 1249 }, // U+208B
    { 12, 8, 215, 1, 7, 24, 1258 }, // U+208C
    { 7, 21, 145, 2, 14, 37, 1282 }, // U+208D
    { 7, 21, 145, 0, 14, 37, 1319 }, // U+208E
    { 13, 13, 233, 0, 9, 43, 1356 }, // U+2090
    { 13, 13, 233, 1, 9, 43, 1399 }, // U+2091
    { 14, 13, 244, 1, 9, 46, 1442 }, // U+2092
    { 14, 13, 226, 0, 9, 46, 1488 }, // U+2093
    { 13, 13, 233, 1, 9, 43, 1534 }, // U+2094
    { 14, 18, 254, 1, 14, 63, 1577 }, // U+2095
    { 15, 18, 238, 1, 14, 68, 1640 }, // U+2096
    { 5, 18, 116, 1, 14, 23, 1708 }, // U+2097
    { 22, 13, 380, 1, 9, 72, 1731 }, // U+2098
    { 14, 13, 254, 1, 9, 46, 1803 }, // U+2099
    { 14, 18, 247, 1, 9, 63, 1849 }, // U+209A
    { 11, 13, 196, 1, 9, 36, 1912 }, // U+209B
    { 10, 16, 164, 0, 12, 40, 1948 }, // U+209C
    { 21, 28, 343, 0, 28, 147, 0 }, // U+20A0
    { 22, 32, 365, 1, 29, 176, 147 }, // U+20A1
    { 20, 29, 343, 1, 28, 145, 323 }, // U+20A2
    { 20, 27, 343, 0, 27, 135, 468 }, // U+20A3
    { 20, 28, 343, 1, 28, 140, 603 }, // U+20A4
    { 32, 30, 585, 2, 25, 240, 743 }, // U+20A5
    { 22, 27, 343, 0, 27, 149, 983 }, // U+20A6
    { 31, 28, 534, 2, 27, 217, 1132 }, // U+20A7
    { 32, 28, 550, 2, 27, 224, 1349 }, // U+20A8
    { 28, 27, 443, 0, 27, 189, 1573 }, // U+20A9
    { 29, 27, 551, 3, 27, 196, 1762 }, // U+20AA
    { 23, 35, 387, 1, 29, 202, 1958 }, // U+20AB
    { 21, 28, 343, 1, 27, 147, 2160 }, // U+20AC
    { 22, 27, 343, 0, 27, 149, 2307 }, // U+20AD
    { 21, 27, 343, 0, 27, 142, 2456 }, // U+20AE
    { 37, 37, 606, 0, 28, 343, 2598 }, // U+20AF
    { 21, 37, 366, 0, 28, 195, 2941 }, // U+20B0
    { 22, 27, 343, 0, 27, 149, 3136 }, // U+20B1
    { 23, 32, 440, 2, 29, 184, 3285 }, // U+20B2
    { 25, 27, 390, 0, 27, 169, 3469 }, // U+20B3
    { 22, 29, 343, 0, 28, 160, 3638 }, // U+20B4
    { 21, 32, 382, 2, 29, 168, 3798 }, // U+20B5
    { 25, 26, 418, 0, 25, 163, 3966 }, // U+20B6
    { 26, 31, 439, 0, 28, 202, 4129 }, // U+20B7
    { 21, 27, 344, 0, 27, 142, 4331 }, // U+20B8
    { 18, 27, 343, 2, 27, 122, 4473 }, // U+20B9
    { 21, 28, 343, 0, 27, 147, 4595 }, // U+20BA
    { 30, 29, 487, 0, 28, 218, 4742 }, // U+20BB
    { 30, 27, 524, 1, 27, 203, 4960 }, // U+20BC
    { 22, 27, 360, 0, 27, 149, 5163 }, // U+20BD
    { 26, 29, 473, 2, 29, 189, 5312 }, // U+20BE
    { 18, 35, 343, 3, 31, 158, 5501 }, // U+20BF
    { 18, 28, 314, 1, 21, 126, 5659 }, // U+20C0
    { 19, 5, 349, 1, 16, 24, 0 }, // U+2212
    { 31, 29, 463, 0, 29, 225, 0 }, // U+FB00
    { 24, 29, 411, 0, 29, 174, 225 }, // U+FB01
    { 23, 29, 415, 0, 29, 167, 399 }, // U+FB02
    { 38, 29, 643, 0, 29, 276, 566 }, // U+FB03
    { 38, 29, 647, 0, 29, 276, 842 }, // U+FB04
    { 27, 30, 469, 2, 29, 203, 1118 }, // U+FB05
    { 33, 30, 559, 1, 29, 248, 1321 }, // U+FB06
    { 35, 35, 600, 1, 29, 307, 0 }, // U+FFFD
};

static const EpdUnicodeInterval notosans_18_boldIntervals[] = {
    { 0x0, 0x0, 0x0 },
    { 0xD, 0xD, 0x1 },
    { 0x20, 0x7E, 0x2 },
    { 0xA0, 0x17F, 0x61 },
    { 0x1A0, 0x1A1, 0x141 },
    { 0x1AF, 0x1B0, 0x143 },
    { 0x1C4, 0x21F, 0x145 },
    { 0x300, 0x36F, 0x1A1 },
    { 0x400, 0x4FF, 0x211 },
    { 0x1EA0, 0x1EF9, 0x311 },
    { 0x2000, 0x2064, 0x36B },
    { 0x2066, 0x2071, 0x3D0 },
    { 0x2074, 0x208E, 0x3DC },
    { 0x2090, 0x209C, 0x3F7 },
    { 0x20A0, 0x20C0, 0x404 },
    { 0x2212, 0x2212, 0x425 },
    { 0xFB00, 0xFB06, 0x426 },
    { 0xFFFD, 0xFFFD, 0x42D },
};

static const EpdFontGroup notosans_18_boldGroups[] = {
    { 0, 4239, 12088, 97, 0 },
    { 4239, 3771, 14675, 96, 97 },
    { 8010, 4829, 22593, 128, 193 },
    { 12839, 4732, 20466, 96, 321 },
    { 17571, 1663, 3246, 112, 417 },
    { 19234, 12502, 47739, 256, 529 },
    { 31736, 3259, 19555, 90, 785 },
    { 34995, 2844, 8485, 111, 875 },
    { 37839, 817, 2288, 42, 986 },
    { 38656, 2407, 6230, 33, 1028 },
    { 41063, 13, 25, 1, 1061 },
    { 41076, 438, 1640, 7, 1062 },
    { 41514, 160, 315, 1, 1069 },
};

static const uint16_t notosans_18_boldKernLeftCodepoints[] = {
    0x0022, 0x0026, 0x0027, 0x0028, 0x002C, 0x002D, 0x002E, 0x003A, 0x0041, 0x0042, 0x0043, 0x0044,
    0x0045, 0x0046, 0x004B, 0x004C, 0x004F, 0x0050, 0x0051, 0x0052, 0x0054, 0x0055, 0x0056, 0x0057,
    0x0058, 0x0059, 0x005A, 0x005B, 0x005F, 0x0061, 0x0062, 0x0063, 0x0065, 0x0066, 0x0068, 0x006D,
    0x006E, 0x006F, 0x0070, 0x0072, 0x0074, 0x0076, 0x0077, 0x0078, 0x0079, 0x007B, 0x00A1, 0x00AB,
    0x00BB, 0x00BF, 0x00C0, 0x00C1, 0x00C2, 0x00C3, 0x00C4, 0x00C5, 0x00C6, 0x00C7, 0x00C8, 0x00C9,
    0x00CA, 0x00CB, 0x00D0, 0x00D2, 0x00D3, 0x00D4, 0x00D5, 0x00D6, 0x00D8, 0x00D9, 0x00DA, 0x00DB,
    0x00DC, 0x00DD, 0x00DE, 0x00E0, 0x00E1, 0x00E2, 0x00E3, 0x00E4, 0x00E5, 0x00E6, 0x00E8, 0x00E9,
    0x00EA, 0x00EB, 0x00EE, 0x00EF, 0x00F0, 0x00F2, 0x00F3, 0x00F4, 0x00F5, 0x00F6, 0x00F8, 0x00FD,
    0x00FE, 0x00FF, 0x0100, 0x0101, 0x0102, 0x0103, 0x0104, 0x0105, 0x0106, 0x0108, 0x010A, 0x010C,
    0x010E, 0x010F, 0x0110, 0x0112, 0x0113, 0x0114, 0x0115, 0x0116, 0x0117, 0x0118, 0x0119, 0x011A,
    0x011B, 0x0125, 0x0129, 0x012B, 0x012E, 0x0136, 0x0138, 0x0139, 0x013B, 0x013D, 0x013E, 0x013F,
    0x0141, 0x0144, 0x0146, 0x0149, 0x014B, 0x014C, 0x014D, 0x014E, 0x014F, 0x0150, 0x0151, 0x0152,
    0x0153, 0x0155, 0x0157, 0x0159, 0x0162, 0x0163, 0x0164, 0x0165, 0x0166, 0x0167, 0x0168, 0x016A,
    0x016C, 0x016E, 0x0170, 0x0172, 0x0174, 0x0175, 0x0176, 0x0177, 0x0178, 0x0179, 0x017B, 0x017D,
    0x01A0, 0x01A1, 0x01AF, 0x01B0, 0x01FA, 0x01FB, 0x01FC, 0x01FD, 0x01FE, 0x020B, 0x021A, 0x021B,
    0x0400, 0x0401, 0x0402, 0x0403, 0x0404, 0x0405, 0x0409, 0x040A, 0x040B, 0x040C, 0x040E, 0x0410,
    0x0411, 0x0412, 0x0413, 0x0414, 0x0415, 0x0416, 0x0417, 0x041A, 0x041E, 0x0420, 0x0421, 0x0422,
    0x0423, 0x0424, 0x0425, 0x0426, 0x0429, 0x042A, 0x042C, 0x042D, 0x042E, 0x0430, 0x0431, 0x0432,
    0x0433, 0x0434, 0x0435, 0x0436, 0x0437, 0x0438, 0x0439, 0x043A, 0x043B, 0x043C, 0x043D, 0x043E,
    0x043F, 0x0440, 0x0441, 0x0442, 0x0443, 0x0444, 0x0445, 0x0446, 0x0447, 0x0448, 0x0449, 0x044A,
    0x044B, 0x044C, 0x044D, 0x044E, 0x044F, 0x0450, 0x0451, 0x0452, 0x0453, 0x0454, 0x0455, 0x0457,
    0x0458, 0x0459, 0x045A, 0x045B, 0x045C, 0x045D, 0x045E, 0x045F, 0x0460, 0x0461, 0x0462, 0x0463,
    0x0464, 0x0465, 0x0466, 0x0467, 0x0468, 0x0469, 0x046E, 0x0471, 0x0472, 0x0473, 0x0474, 0x0475,
    0x0476, 0x0477, 0x0478, 0x0479, 0x047A, 0x047B, 0x047C, 0x047D, 0x047E, 0x047F, 0x0480, 0x048A,
    0x048B, 0x048C, 0x048D, 0x048E, 0x048F, 0x0490, 0x0491, 0x0492, 0x0493, 0x0496, 0x0497, 0x0498,
    0x0499, 0x049A, 0x049B, 0x049C, 0x049D, 0x049E, 0x049F, 0x04A0, 0x04A1, 0x04A2, 0x04A3, 0x04A4,
    0x04A5, 0x04A9, 0x04AA, 0x04AB, 0x04AC, 0x04AD, 0x04AE, 0x04AF, 0x04B0, 0x04B1, 0x04B2, 0x04B3,
    0x04B4, 0x04B5, 0x04B6, 0x04B7, 0x04BC, 0x04BD, 0x04BE, 0x04BF, 0x04C1, 0x04C2, 0x04C5, 0x04C6,
    0x04C9, 0x04CA, 0x04CD, 0x04CE, 0x04D0, 0x04D1, 0x04D2, 0x04D3, 0x04D4, 0x04D5, 0x04D6, 0x04D7,
    0x04D8, 0x04D9, 0x04DA, 0x04DB, 0x04DC, 0x04DD, 0x04DE, 0x04DF, 0x04E3, 0x04E5, 0x04E6, 0x04E7,
    0x04E8, 0x04E9, 0x04EA, 0x04EB, 0x04EC, 0x04ED, 0x04EE, 0x04EF, 0x04F0, 0x04F1, 0x04F2, 0x04F3,
    0x04F5, 0x04F6, 0x04F7, 0x04F9, 0x04FA, 0x04FB, 0x04FC, 0x04FD, 0x04FE, 0x04FF, 0x1EA0, 0x1EA1,
    0x1EA2, 0x1EA3, 0x1EA4, 0x1EA5, 0x1EA6, 0x1EA7, 0x1EA8, 0x1EA9, 0x1EAA, 0x1EAB, 0x1EAC, 0x1EAD,
    0x1EAE, 0x1EAF, 0x1EB0, 0x1EB1, 0x1EB2, 0x1EB3, 0x1EB4, 0x1EB5, 0x1EB6, 0x1EB7, 0x1EB8, 0x1EB9,
    0x1EBA, 0x1EBB, 0x1EBC, 0x1EBD, 0x1EBE, 0x1EBF, 0x1EC0, 0x1EC1, 0x1EC2, 0x1EC3, 0x1EC4, 0x1EC5,
    0x1EC6, 0x1EC7, 0x1ECC, 0x1ECD, 0x1ECE, 0x1ECF, 0x1ED0, 0x1ED1, 0x1ED2, 0x1ED3, 0x1ED4, 0x1ED5,
    0x1ED6, 0x1ED7, 0x1ED8, 0x1ED9, 0x1EDA, 0x1EDB, 0x1EDC, 0x1EDD, 0x1EDE, 0x1EDF, 0x1EE0, 0x1EE1,
    0x1EE2, 0x1EE3, 0x1EE4, 0x1EE6, 0x1EE8, 0x1EE9, 0x1EEA, 0x1EEB, 0x1EEC, 0x1EED, 0x1EEE, 0x1EEF,
    0x1EF0, 0x1EF1, 0x1EF2, 0x1EF3, 0x1EF4, 0x1EF5, 0x1EF6, 0x1EF7, 0x1EF8, 0x1EF9, 0x2013, 0x2014,
    0x2015, 0x2018, 0x2019, 0x201A, 0x201C, 0x201D, 0x201E, 0x2039, 0x203A, 0xFB00,
};

static const uint8_t notosans_18_boldKernLeftClassIds[] = {
      1,   2,   1,   3,   4,   5,   4,   6,   7,   8,   9,  10,  11,  12,   9,  13,
     10,  14,  10,  15,  16,  17,  18,  18,   9,  19,  20,   3,  21,  22,  23,  24,
     23,  25,  22,  22,  22,  23,  23,  26,  24,  27,  27,  28,  27,   3,  29,  30,
     31,  32,   7,   7,   7,   7,   7,   7,  11,   9,  11,  11,  11,  11,  10,  10,
     10,  10,  10,  10,  10,  17,  17,  17,  17,  19,  14,  22,  22,  22,  22,  22,
     22,  23,  23,  23,  23,  23,  33,  33,  23,  23,  23,  23,  23,  23,  23,  27,
     23,  27,   7,  22,   7,  22,  34,  22,   9,   9,   9,   9,  10,  35,  10,  11,
     23,  11,  23,  11,  23,  11,  23,  11,  23,  22,  36,  33,  37,   9,  28,  13,
     13,  13,  35,  13,  13,  22,  22,  22,  22,  10,  23,  10,  23,  10,  23,  11,
     23,  26,  26,  26,  16,  24,  16,  38,  16,  24,  17,  17,  17,  17,  17,  17,
     18,  27,  19,  27,  19,  20,  20,  20,  39,  40,  41,  42,   7,  22,  11,  23,
     10,  33,  16,  24,  43,  43,  44,  45,  46,  47,  48,  48,  44,  49,  50,  51,
     52,  53,  45,  54,  43,  49,  53,  49,  55,  56,  46,  45,  50,  57,  49,  54,
     54,  48,  48,  55,  55,  58,  59,  60,  61,  62,  63,  64,  60,  65,  65,  64,
     65,  65,  65,  63,  65,  63,  66,  61,  67,  63,  64,  62,  65,  65,  62,  68,
     65,  68,  63,  63,  65,  63,  63,  69,  70,  66,  71,  72,  73,  68,  68,  74,
     64,  65,  67,  65,  55,  75,  76,  68,  46,  66,  51,  77,  51,  77,  78,  63,
     55,  63,  50,  75,  50,  75,  67,  67,  55,  63,  55,  63,  55,  75,  46,  54,
     62,  76,  68,  56,  63,  79,  80,  81,  82,  83,  84,  78,  60,  83,  84,  49,
     64,  49,  64,  49,  64,  54,  62,  81,  80,  63,  46,  66,  79,  80,  85,  86,
     85,  86,  83,  84,  54,  62,  54,  62,  87,  88,  87,  88,  49,  64,  54,  62,
     54,  62,  54,  62,  51,  58,  51,  58,  43,  88,  43,  88,  55,  63,  55,  63,
     49,  64,  78,  60,  65,  65,  55,  63,  55,  63,  55,  63,  55,  63,  50,  67,
     50,  67,  50,  67,  65,  79,  80,  65,  81,  82,  83,  84,  49,  84,   7,  22,
      7,  22,   7,  22,   7,  22,   7,  22,   7,  22,   7,  22,   7,  22,   7,  22,
      7,  22,   7,  22,   7,  22,  11,  23,  11,  23,  11,  23,  11,  23,  11,  23,
     11,  23,  11,  23,  11,  23,  10,  23,  10,  23,  10,  23,  10,  23,  10,  23,
     10,  23,  10,  23,  39,  40,  39,  40,  39,  40,  39,  40,  39,  40,  17,  17,
     41,  42,  41,  42,  41,  42,  41,  42,  41,  42,  19,  27,  19,  27,  19,  27,
     19,  27,   5,   5,   5,   1,   1,   4,   1,   1,   4,  30,  31,  25,
};

static const uint16_t notosans_18_boldKernRightCodepoints[] = {
    0x0021, 0x0022, 0x0026, 0x0027, 0x0029, 0x002C, 0x002D, 0x002E, 0x003A, 0x003B, 0x003F, 0x0041,
    0x0043, 0x0047, 0x0049, 0x004A, 0x004F, 0x0051, 0x0054, 0x0055, 0x0056, 0x0057, 0x0058, 0x0059,
    0x005A, 0x005D, 0x0061, 0x0062, 0x0063, 0x0064, 0x0065, 0x0066, 0x0067, 0x0068, 0x006A, 0x006B,
    0x006C, 0x006D, 0x006E, 0x006F, 0x0070, 0x0071, 0x0072, 0x0073, 0x0074, 0x0075, 0x0076, 0x0077,
    0x0078, 0x0079, 0x007A, 0x007D, 0x00AB, 0x00BB, 0x00C0, 0x00C1, 0x00C2, 0x00C3, 0x00C4, 0x00C5,
    0x00C6, 0x00C7, 0x00D2, 0x00D3, 0x00D4, 0x00D5, 0x00D6, 0x00D8, 0x00D9, 0x00DA, 0x00DB, 0x00DC,
    0x00DD, 0x00E0, 0x00E1, 0x00E2, 0x00E3, 0x00E4, 0x00E5, 0x00E6, 0x00E7, 0x00E8, 0x00E9, 0x00EA,
    0x00EB, 0x00F2, 0x00F3, 0x00F4, 0x00F5, 0x00F6, 0x00F8, 0x00F9, 0x00FA, 0x00FB, 0x00FC, 0x00FD,
    0x00FE, 0x00FF, 0x0100, 0x0101, 0x0102, 0x0103, 0x0104, 0x0105, 0x0106, 0x0107, 0x0108, 0x0109,
    0x010A, 0x010B, 0x010C, 0x010D, 0x010F, 0x0111, 0x0113, 0x0115, 0x0117, 0x0119, 0x011B, 0x011C,
    0x011D, 0x011E, 0x011F, 0x0120, 0x0121, 0x0122, 0x0123, 0x0125, 0x0127, 0x0129, 0x0137, 0x0138,
    0x013A, 0x013C, 0x013E, 0x0140, 0x0144, 0x0146, 0x014B, 0x014C, 0x014D, 0x014E, 0x014F, 0x0150,
    0x0151, 0x0152, 0x0153, 0x0155, 0x0157, 0x015B, 0x015F, 0x0162, 0x0163, 0x0164, 0x0165, 0x0166,
    0x0167, 0x0168, 0x0169, 0x016A, 0x016B, 0x016C, 0x016D, 0x016E, 0x016F, 0x0170, 0x0171, 0x0172,
    0x0173, 0x0174, 0x0175, 0x0176, 0x0177, 0x0178, 0x0179, 0x017A, 0x017B, 0x017C, 0x017D, 0x017E,
    0x01A0, 0x01A1, 0x01AF, 0x01B0, 0x01FA, 0x01FB, 0x01FC, 0x01FD, 0x01FE, 0x01FF, 0x0219, 0x021A,
    0x021B, 0x0402, 0x0404, 0x0405, 0x0408, 0x0409, 0x040B, 0x040E, 0x0410, 0x0414, 0x0416, 0x0417,
    0x041B, 0x041E, 0x0421, 0x0422, 0x0423, 0x0424, 0x0425, 0x0427, 0x042A, 0x042D, 0x042F, 0x0430,
    0x0431, 0x0432, 0x0433, 0x0434, 0x0435, 0x0436, 0x0437, 0x0438, 0x0439, 0x043A, 0x043B, 0x043C,
    0x043D, 0x043E, 0x043F, 0x0440, 0x0441, 0x0442, 0x0443, 0x0444, 0x0445, 0x0446, 0x0447, 0x0448,
    0x0449, 0x044A, 0x044B, 0x044C, 0x044D, 0x044E, 0x044F, 0x0450, 0x0451, 0x0452, 0x0453, 0x0454,
    0x0455, 0x0457, 0x0458, 0x0459, 0x045A, 0x045B, 0x045C, 0x045D, 0x045E, 0x045F, 0x0460, 0x0461,
    0x0462, 0x0465, 0x0466, 0x0467, 0x0469, 0x046D, 0x046E, 0x0470, 0x0472, 0x0473, 0x0474, 0x0475,
    0x0476, 0x0477, 0x0478, 0x0479, 0x047A, 0x047B, 0x047C, 0x047D, 0x047E, 0x047F, 0x0480, 0x0481,
    0x048B, 0x048C, 0x048D, 0x048F, 0x0491, 0x0492, 0x0495, 0x0496, 0x0497, 0x0498, 0x0499, 0x049B,
    0x049D, 0x049F, 0x04A0, 0x04A1, 0x04A3, 0x04A5, 0x04A7, 0x04A8, 0x04A9, 0x04AA, 0x04AB, 0x04AC,
    0x04AD, 0x04AE, 0x04AF, 0x04B0, 0x04B1, 0x04B2, 0x04B3, 0x04B4, 0x04B5, 0x04B6, 0x04B7, 0x04B8,
    0x04B9, 0x04BB, 0x04BC, 0x04BD, 0x04BE, 0x04BF, 0x04C1, 0x04C2, 0x04C4, 0x04C5, 0x04C6, 0x04C8,
    0x04CA, 0x04CB, 0x04CC, 0x04CE, 0x04D0, 0x04D1, 0x04D2, 0x04D3, 0x04D4, 0x04D5, 0x04D7, 0x04D8,
    0x04D9, 0x04DA, 0x04DB, 0x04DC, 0x04DD, 0x04DE, 0x04DF, 0x04E3, 0x04E5, 0x04E6, 0x04E7, 0x04E8,
    0x04E9, 0x04EA, 0x04EB, 0x04EC, 0x04ED, 0x04EE, 0x04EF, 0x04F0, 0x04F1, 0x04F2, 0x04F3, 0x04F4,
    0x04F5, 0x04F7, 0x04F9, 0x04FA, 0x04FC, 0x04FD, 0x04FE, 0x04FF, 0x1EA0, 0x1EA1, 0x1EA2, 0x1EA3,
    0x1EA4, 0x1EA5, 0x1EA6, 0x1EA7, 0x1EA8, 0x1EA9, 0x1EAA, 0x1EAB, 0x1EAC, 0x1EAD, 0x1EAE, 0x1EAF,
    0x1EB0, 0x1EB1, 0x1EB2, 0x1EB3, 0x1EB4, 0x1EB5, 0x1EB6, 0x1EB7, 0x1EB9, 0x1EBB, 0x1EBD, 0x1EBF,
    0x1EC1, 0x1EC3, 0x1EC5, 0x1EC7, 0x1ECC, 0x1ECD, 0x1ECE, 0x1ECF, 0x1ED0, 0x1ED1, 0x1ED2, 0x1ED3,
    0x1ED4, 0x1ED5, 0x1ED6, 0x1ED7, 0x1ED8, 0x1ED9, 0x1EDA, 0x1EDB, 0x1EDC, 0x1EDD, 0x1EDE, 0x1EDF,
    0x1EE0, 0x1EE1, 0x1EE2, 0x1EE3, 0x1EE4, 0x1EE5, 0x1EE6, 0x1EE7, 0x1EE8, 0x1EE9, 0x1EEA, 0x1EEB,
    0x1EEC, 0x1EED, 0x1EEE, 0x1EEF, 0x1EF0, 0x1EF1, 0x1EF2, 0x1EF4, 0x1EF5, 0x1EF6, 0x1EF7, 0x1EF8,
    0x1EF9, 0x2013, 0x2014, 0x2015, 0x2018, 0x2019, 0x201A, 0x201C, 0x201D, 0x201E, 0x2026, 0x2039,
    0x203A, 0xFB00, 0xFB01, 0xFB02, 0xFB03, 0xFB04,
};

static const uint8_t notosans_18_boldKernRightClassIds[] = {
      1,   2,   3,   2,   4,   5,   6,   5,   7,   7,   8,   9,  10,  10,  11,  12,
     10,  10,  13,  14,  15,  15,  16,  17,  18,   4,  19,  20,  21,  21,  21,  22,
     23,  20,  24,  20,  20,  25,  25,  21,  25,  21,  25,  26,  22,  25,  27,  27,
     27,  27,  28,   4,  29,  30,   9,   9,   9,   9,   9,   9,  31,  10,  10,  10,
     10,  10,  10,  10,  14,  14,  14,  14,  17,  21,  19,  19,  19,  19,  19,  19,
     21,  21,  21,  21,  21,  21,  21,  21,  21,  21,  21,  25,  25,  25,  25,  27,
     20,  27,   9,  19,   9,  19,   9,  19,  10,  21,  10,  21,  10,  21,  10,  21,
     21,  21,  21,  21,  21,  21,  21,  10,  23,  10,  23,  10,  23,  10,  23,  20,
     32,  33,  20,  25,  20,  20,  20,  20,  25,  25,  25,  10,  21,  10,  21,  10,
     21,  10,  21,  25,  25,  26,  26,  13,  22,  13,  22,  13,  22,  14,  25,  14,
     25,  14,  25,  14,  25,  14,  25,  14,  25,  15,  27,  17,  27,  17,  18,  28,
     18,  28,  18,  28,  10,  21,  14,  25,   9,  19,  31,  19,  10,  21,  26,  13,
     22,  34,  35,  36,  37,  38,  34,  39,  40,  41,  42,  43,  38,  35,  35,  34,
     39,  44,  42,  45,  34,  43,  46,  47,  48,  49,  49,  50,  51,  52,  53,  49,
     49,  49,  54,  49,  49,  51,  49,  49,  51,  55,  56,  51,  52,  49,  57,  49,
     49,  55,  49,  49,  53,  49,  58,  51,  51,  59,  49,  51,  60,  61,  62,  54,
     49,  59,  49,  49,  56,  49,  63,  64,  65,  66,  40,  50,  66,  66,  43,  45,
     63,  47,  67,  64,  67,  64,  63,  47,  63,  47,  63,  47,  63,  64,  63,  47,
     66,  65,  59,  66,  66,  65,  66,  42,  52,  43,  53,  66,  66,  59,  68,  55,
     66,  66,  66,  63,  47,  63,  47,  34,  55,  69,  70,  69,  70,  42,  52,  68,
     55,  45,  57,  45,  57,  66,  71,  72,  71,  72,  42,  52,  66,  73,  50,  66,
     66,  45,  57,  66,  40,  74,  40,  74,  40,  74,  47,  75,  74,  75,  74,  42,
     52,  43,  53,  49,  49,  63,  47,  63,  47,  63,  47,  43,  53,  39,  56,  39,
     56,  39,  56,  45,  57,  66,  49,  65,  42,  52,  42,  52,   9,  19,   9,  19,
      9,  19,   9,  19,   9,  19,   9,  19,   9,  19,   9,  19,   9,  19,   9,  19,
      9,  19,   9,  19,  21,  21,  21,  21,  21,  21,  21,  21,  10,  21,  10,  21,
     10,  21,  10,  21,  10,  21,  10,  21,  10,  21,  10,  21,  10,  21,  10,  21,
     10,  21,  10,  21,  14,  25,  14,  25,  14,  25,  14,  25,  14,  25,  14,  25,
     14,  25,  17,  17,  27,  17,  27,  17,  27,   6,   6,   6,  76,   2,   5,  76,
      2,   5,   5,  29,  30,  22,  22,  22,  22,  22,
};

static const uint16_t notosans_18_boldKernRowOffsets[] = {
        0,    29,    32,    37,    54,    61,    66,    72,    73,    75,    82,    83,    87,    93,   100,   101,
      117,   119,   130,   143,   145,   146,   147,   150,   151,   154,   159,   162,   163,   167,   173,   182,
      186,   187,   193,   200,   202,   203,   208,   214,   217,   227,   230,   231,   244,   269,   275,   277,
      288,   303,   332,   351,   353,   357,   369,   385,   402,   420,   426,   438,   446,   457,   469,   481,
      493,   495,   499,   511,   529,   535,   549,   553,   557,   559,   564,   566,   573,   581,   584,   609,
      616,   632,   635,   640,   642,   654,   656,   659,   662,
};

static const uint8_t notosans_18_boldKernSparseCols[] = {
      8,  12,  14,  16,  18,  20,  22,  24,  25,  30,  32,  33,  37,  38,  39,  40,
     41,  43,  46,  49,  52,  53,  54,  55,  58,  60,  67,  72,  73,  12,  14,  16,
     11,  23,  36,  43,  61,   9,  12,  13,  14,  16,  33,  36,  38,  43,  44,  54,
     56,  62,  66,  67,  68,  70,  12,  33,  38,  41,  51,  54,  67,  33,  41,  43,
     44,  56,   1,   9,  11,  12,  14,  16,   4,   9,  28,   4,   8,  12,  14,  15,
     16,  17,  11,   3,   4,   7,   8,   1,   9,  12,  13,  14,  16,   2,   4,   8,
     15,  17,  28,  30,  28,   2,   4,   5,   7,   8,   9,  12,  18,  20,  22,  24,
     25,  26,  27,  28,  29,   4,   8,   4,   7,   8,   9,  18,  20,  22,  24,  25,
     28,  29,   2,   4,   7,   8,   9,  18,  20,  22,  24,  25,  27,  28,  29,   9,
     28,  11,   1,   1,  26,  27,   1,   1,   3,   4,   1,   4,  18,  20,  22,   1,
      4,   7,  20,  11,  12,  14,  16,  12,  14,  16,  33,  39,  67,  12,  14,  15,
     16,  33,  38,  41,  44,  67,  11,  12,  14,  16,   3,   1,   9,  11,  12,  14,
     16,   0,   1,   3,   7,  19,  31,  75,   3,  32,  11,   0,   1,   3,   7,  75,
      8,  10,  12,  14,  15,  16,  19,  21,  26,   8,   9,  10,  12,  14,  15,  16,
     18,  20,  22,  19,  21,  26,  36,   1,  33,  38,  44,  54,  55,  56,  64,  66,
     67,  68,  69,  75,   1,   4,   5,   6,  29,  33,  34,  37,  39,  40,  43,  46,
     47,  48,  49,  50,  51,  52,  53,  54,  55,  56,  57,  59,  67,  28,  34,  43,
     56,  62,  70,   4,  43,   1,   4,  33,  38,  44,  51,  54,  55,  57,  67,  75,
      1,   5,   6,  28,  34,  43,  44,  46,  47,  50,  54,  55,  56,  62,  70,   1,
      4,   5,   6,  28,  29,  34,  35,  37,  39,  40,  43,  45,  46,  47,  48,  49,
     50,  51,  52,  53,  56,  57,  58,  59,  62,  70,  71,  72,   1,  29,  33,  34,
     36,  38,  43,  44,  50,  54,  55,  56,  64,  66,  67,  68,  70,  74,  75,  51,
     55,   3,  51,  56,  57,   4,  36,  37,  40,  43,  44,  49,  53,  54,  55,  56,
     61,   4,  33,  37,  38,  39,  40,  41,  42,  49,  51,  53,  57,  66,  67,  68,
     72,   4,   5,   6,  28,  29,  37,  38,  39,  40,  41,  43,  46,  49,  50,  53,
     57,  72,   1,   3,   4,   6,  33,  35,  37,  38,  39,  40,  41,  42,  45,  49,
     51,  53,  57,  67,   1,  33,  38,  51,  54,  55,   1,  33,  38,  39,  41,  45,
     49,  51,  54,  55,  56,  57,   3,  33,  38,  41,  45,  51,  54,  55,   1,   4,
      5,  37,  39,  40,  41,  49,  50,  53,  75,   1,   4,  33,  36,  37,  40,  44,
     49,  53,  54,  56,  61,   1,  33,  38,  39,  41,  45,  49,  51,  54,  55,  56,
     57,   5,  33,  34,  38,  43,  44,  46,  50,  56,  57,  71,  75,  33,  58,   1,
     33,  50,  57,   1,   4,  37,  39,  40,  41,  46,  49,  50,  53,  57,  75,   1,
      6,  33,  38,  39,  41,  43,  44,  45,  51,  54,  55,  56,  57,  63,  69,  71,
     75,   1,  33,  36,  54,  55,  61,   1,   4,   5,  37,  38,  39,  40,  41,  49,
     50,  53,  58,  60,  75,  33,  38,  45,  57,   1,  33,  58,  60,  36,  61,   1,
     33,  36,  54,  55,   4,  49,   1,  33,  44,  54,  66,  67,  68,   1,  46,  54,
     55,  56,  63,  69,  71,   4,  66,  68,   4,   5,  28,  29,  33,  34,  37,  39,
     40,  43,  46,  49,  51,  52,  54,  55,  56,  62,  63,  65,  69,  70,  71,  72,
     73,   4,   5,  39,  46,  49,  50,  53,   4,   5,  33,  39,  46,  49,  51,  52,
     56,  58,  62,  65,  67,  70,  71,  72,   4,  46,  49,  54,  56,  62,  70,  71,
     46,  56,   4,  39,  46,  49,  56,  58,  62,  65,  71,  72,  73,  74,   4,  49,
     33,  66,  68,   1,  51,  55,
};

static const int8_t notosans_18_boldKernSparseValues[] = {
     -42,   12,   12,    6,  -24,  -36,  -18,  -18,  -18,  -48,   42,   12,  -18,   12,  -42,  -36,
      12,   -6,  -24,  -42,   12,  -30,   18,   12,   18,   18,   12,  -36,  -12,  -36,  -12,  -18,
      54,   24,   60,  -18,   36,  -30,  -42,  -12,  -36,  -36,  -30,   36,  -12,  -24,  -48,  -24,
     -36,  -30,  -36,  -42,  -36,  -36,  -24,  -24,  -12,   -6,   -6,  -12,  -24,   -7,   -2,   -2,
      -2,   -2,  -42,  -12,   30,  -42,  -24,  -36,   -6,  -12,  -12,  -24,  -12,  -18,   -6,  -12,
      -6,   -6,   36,   12,  -36,   12,  -12,  -48,  -12,  -12,   -6,  -12,  -18,   -6,  -78,  -30,
     -12,   -6,  -12,  -18,   -6,  -12,  -36,  -24,   12,  -42,  -12,   12,  -48,  -42,  -42,  -30,
     -36,  -12,  -24,  -36,  -18,  -12,   -6,  -30,   12,  -24,   -6,  -12,  -12,   -6,   -6,   -6,
     -18,   -6,  -18,  -36,   12,  -36,  -12,  -30,  -30,  -30,  -18,  -24,  -12,  -48,  -18,   -6,
     -12,   57,   -6,   -6,  -12,   -6,   12,   36,   24,  -12,   24,  -96,  -12,  -12,   -6,   24,
     -24,   12,  -12,   30,  -12,   -6,  -18,  -18,   -6,  -18,  -18,   -6,   -6,  -36,  -18,  -12,
     -48,  -36,  -12,  -12,  -12,  -24,   60,  -24,  -18,  -24,   30,  -42,  -12,   66,  -42,  -24,
     -36,   70,   63,   87,   80,   18,   42,   56,   30,   71,   30,   79,   80,   98,   84,   56,
     -12,   12,   36,   42,   30,   36,   12,   24,   30,  -18,   -6,   12,   42,   42,   30,   36,
     -18,  -12,  -12,   12,   30,   30,   30,  -42,  -30,  -12,  -18,  -12,  -12,  -12,  -12,  -24,
     -36,  -30,  -12,  -18,   12,  -30,  -24,  -18,  -18,   12,  -12,  -15,  -42,  -15,  -21,  -24,
     -12,  -18,  -24,  -24,   -6,   -6,  -18,   -6,   -5,  -18,  -24,  -12,    6,  -12,  -12,  -18,
     -12,  -12,  -12,  -12,   -6,  -54,   -6,  -36,  -12,  -18,  -12,  -12,  -12,  -12,  -18,  -36,
      12,   -6,   -6,  -12,  -12,  -24,   -6,   -6,  -12,  -12,   -6,   -6,  -12,  -12,  -30,   12,
     -42,  -12,   -6,  -30,  -12,  -24,  -12,  -47,  -72,  -64,  -18,  -22,  -30,  -24,   -6,  -56,
     -43,  -18,  -12,  -30,  -12,  -30,   30,  -18,   -6,  -12,  -18,  -30,  -42,   -6,  -42,  -12,
      30,  -11,  -21,  -36,   -6,  -18,  -12,  -18,  -12,  -24,  -30,  -36,  -30,   -6,  -24,   -6,
      -6,   -6,   -6,   -9,   -6,   18,   54,   18,   24,   -6,  -15,   18,   18,   -6,   18,  -12,
      42,  -24,  -12,   -6,  -24,  -12,   -6,  -12,   -6,   -6,   -9,   -6,   -6,   -6,   -6,   -6,
     -12,  -78,   -6,   -6,  -12,   -6,  -36,  -12,  -30,  -36,  -12,   -6,  -15,  -30,   -6,  -24,
      -6,  -36,   -6,   -7,  -24,   -6,  -21,   -6,  -11,  -18,  -21,  -18,  -24,  -18,   -6,  -15,
      -9,   -9,   -6,  -12,   -6,  -24,  -20,  -12,   -6,   -6,   -4,  -36,  -22,   -6,  -18,  -12,
      -6,  -12,   -6,  -18,   -6,   -6,   -2,  -18,   -6,   -6,   -6,  -12,   -6,   -6,   18,  -24,
     -12,  -12,  -18,  -18,   -6,  -24,   -6,  -18,   24,   -6,   12,  -18,   60,   12,   18,   -9,
      12,   15,   -9,  -18,   36,   -4,  -24,  -22,   -6,  -12,  -12,   -6,  -12,   -6,  -18,   -6,
      -6,   -6,   -6,   -9,   -6,   -9,   -6,  -12,  -12,  -12,   -6,  -12,   18,  -18,   -1,   12,
     -12,   -6,   -6,   12,  -24,  -12,  -12,  -18,   -6,   -6,  -30,  -18,  -30,  -18,   24,  -48,
      -6,  -36,  -12,   -6,   -6,   -6,  -42,  -12,  -12,  -36,  -27,  -24,  -12,  -12,  -18,  -12,
     -18,   -6,  -24,   48,  -18,  -30,   12,   18,  -24,  -12,  -12,   14,  -18,  -18,   -6,  -24,
      -6,  -18,   14,   14,   24,  -12,  -18,   -6,  -12,   18,   12,   25,   10,   18,   12,   -6,
     -24,   24,  -18,  -30,  -24,  -12,  -24,  -24,  -24,  -12,  -18,  -12,  -18,  -42,  -12,  -30,
     -18,  -18,  -12,  -12,  -12,  -24,   -6,   -6,  -36,  -24,  -36,  -18,   12,  -12,  -24,  -42,
     -30,  -17,  -42,  -36,  -12,  -12,  -24,  -24,  -30,  -12,  -12,  -30,  -24,  -30,  -42,  -30,
     -48,  -30,  -12,  -18,   -6,  -24,   -6,  -18,  -30,  -12,   12,  -36,  -24,  -30,  -12,  -12,
     -30,   12,  -12,  -18,   12,  -12,  -18,  -24,  -18,  -12,  -18,  -12,  -30,  -12,  -30,  -12,
      -6,   -6,  -36,  -36,  -30,  -30,  -24,   12,  -12,  -18,  -24,  -24,  -24,   -6,  -24,   -6,
     -12,   -6,   -6,   -6,  -12,   -6,
};

static const EpdLigaturePair notosans_18_boldLigaturePairs[] = {
    { 0x00660066, 0xFB00 }, // f f -> U+FB00
    { 0x00660069, 0xFB01 }, // f i -> U+FB01
    { 0x0066006C, 0xFB02 }, // f l -> U+FB02
    { 0xFB000069, 0xFB03 }, // U+FB00 i -> U+FB03
    { 0xFB00006C, 0xFB04 }, // U+FB00 l -> U+FB04
};

static const EpdFontData notosans_18_bold = {
    notosans_18_boldBitmaps,
    notosans_18_boldGlyphs,
    notosans_18_boldIntervals,
    18,
    51,
    41,
    -11,
    true,
    notosans_18_boldGroups,
    13,
    nullptr,
    nullptr,  // kernLeftClasses: built-in fonts use the split arrays below
    nullptr,  // kernRightClasses
    notosans_18_boldKernLeftCodepoints,
    notosans_18_boldKernLeftClassIds,
    notosans_18_boldKernRightCodepoints,
    notosans_18_boldKernRightClassIds,
    nullptr,  // kernMatrix: built-in fonts use the sparse form below
    notosans_18_boldKernRowOffsets,
    notosans_18_boldKernSparseCols,
    notosans_18_boldKernSparseValues,
    478,
    474,
    88,
    76,
    notosans_18_boldLigaturePairs,
    5,
};
