/**
 * generated by fontconvert.py
 * name: nunito_8_regular
 * size: 8
 * mode: 1-bit
 * Command used: fontconvert.py nunito_8_regular 8 ../builtinFonts/source/Nunito/Nunito-Regular.ttf ../builtinFonts/source/NotoSansHebrew/NotoSansHebrew-Regular.ttf ../builtinFonts/source/NotoSansArabic/NotoSansArabic-Regular.ttf --additional-intervals 0x0500,0x052F --additional-intervals 0x05D0,0x05EA --additional-intervals 0x060C,0x060C --additional-intervals 0x061B,0x061B --additional-intervals 0x061F,0x061F --additional-intervals 0x0621,0x0621 --additional-intervals 0x0640,0x0640 --additional-intervals 0x0660,0x0669 --additional-intervals 0x06BA,0x06BA --additional-intervals 0x06D4,0x06D4 --additional-intervals 0x06F0,0x06F9 --additional-intervals 0xFB56,0xFB59 --additional-intervals 0xFB66,0xFB69 --additional-intervals 0xFB7A,0xFB7D --additional-intervals 0xFB88,0xFB95 --additional-intervals 0xFB9E,0xFB9F --additional-intervals 0xFBA6,0xFBB1 --additional-intervals 0xFBFC,0xFBFF --additional-intervals 0xFE80,0xFEFC
 */
#pragma once
#include "EpdFontData.h"

static const uint8_t nunito_8_regularBitmaps[16190] = {
    0xFF, 0xFF, 0xCF, 0x00, 0xDE, 0xF7, 0xBD, 0x80, 0x19, 0x86, 0x61, 0x91, 0xFF, 0x3F, 0x8C, 0xC3,
    0x30, 0xC8, 0xFF, 0x89, 0x86, 0x61, 0x98, 0x00, 0x00, 0x0C, 0x03, 0x03, 0xF1, 0xFE, 0x60, 0x98,
    0x06, 0x01, 0xF0, 0x3F, 0x80, 0xE0, 0x1C, 0x06, 0x7F, 0x9F, 0xC0, 0xC0, 0x30, 0x00, 0x00, 0x00,
    0x00, 0x78, 0x61, 0xF9, 0x83, 0x33, 0x04, 0x6C, 0x0C, 0xD8, 0x19, 0xEF, 0x3F, 0xF7, 0x1B, 0x66,
    0x0C, 0x8C, 0x19, 0x98, 0x63, 0x70, 0xC7, 0xC1, 0x02, 0x00, 0x3C, 0x1F, 0x86, 0x61, 0x98, 0x3E,
    0x0E, 0x37, 0xCF, 0x3E, 0xC7, 0xB0, 0xEE, 0x79, 0xFB, 0x10, 0x00, 0xFF, 0xC0, 0x33, 0x66, 0x6E,
    0xEE, 0xEE, 0x66, 0x67, 0x30, 0xC6, 0x66, 0x73, 0x33, 0x33, 0x36, 0x66, 0xC0, 0x2C, 0x7B, 0xFF,
    0xF3, 0xC5, 0x80, 0x0C, 0x03, 0x00, 0xC1, 0xFE, 0x7F, 0x83, 0x00, 0xC0, 0x30, 0x0C, 0x00, 0xFF,
    0xF8, 0x00, 0xF0, 0x04, 0x30, 0xC3, 0x18, 0x61, 0x8C, 0x30, 0xC6, 0x18, 0x61, 0x00, 0x1E, 0x0F,
    0xC6, 0x19, 0x86, 0x61, 0x98, 0x66, 0x19, 0x86, 0x61, 0x98, 0x67, 0x38, 0xFC, 0x00, 0x00, 0x18,
    0x7C, 0x7C, 0x1C, 0x1C, 0x1C, 0x1C, 0x1C, 0x1C, 0x1C, 0x7E, 0x7F, 0x7E, 0x7F, 0x20, 0xC0, 0x60,
    0x30, 0x30, 0x38, 0x38, 0x38, 0x38, 0x3F, 0xDF, 0xE0, 0x3F, 0x3F, 0x90, 0x60, 0x30, 0x38, 0xF8,
    0x7C, 0x03, 0x01, 0x80, 0xDC, 0xEF, 0xE0, 0x80, 0x03, 0x01, 0xC0, 0x70, 0x3C, 0x1B, 0x0E, 0xC3,
    0x31, 0x8C, 0x7F, 0xDF, 0xF0, 0x30, 0x0C, 0x00, 0x00, 0xFF, 0x7F, 0xB0, 0x18, 0x0D, 0xC7, 0xFB,
    0x8C, 0x87, 0x03, 0x81, 0xBD, 0xCF, 0xC0, 0x80, 0x3E, 0x3F, 0xB8, 0x58, 0x0D, 0xC7, 0xF3, 0x8D,
    0x86, 0xC3, 0xE1, 0x9D, 0xC7, 0xC0, 0x80, 0xFF, 0xFF, 0x07, 0x06, 0x0E, 0x0C, 0x1C, 0x18, 0x38,
    0x30, 0x70, 0x60, 0x00, 0x3F, 0x1F, 0xE6, 0x19, 0x86, 0x61, 0x8F, 0xC7, 0xF9, 0x86, 0xE1, 0xD8,
    0x67, 0x38, 0xFC, 0x0C, 0x00, 0x3E, 0x3F, 0x98, 0xEC, 0x36, 0x1B, 0x1D, 0xFE, 0x7B, 0x01, 0x81,
    0xDD, 0xCF, 0xC0, 0x80, 0x3C, 0x03, 0xC0, 0x3C, 0x03, 0xFC, 0x01, 0xC1, 0xE1, 0xE1, 0xE0, 0x70,
    0x0F, 0x00, 0xF0, 0x0F, 0x00, 0x80, 0x7F, 0x80, 0x00, 0x01, 0xFE, 0x7F, 0x80, 0xE0, 0x1E, 0x01,
    0xE0, 0x1E, 0x03, 0x83, 0xC3, 0xC3, 0xC0, 0x40, 0x00, 0x7D, 0xFE, 0x18, 0x30, 0x61, 0x86, 0x0C,
    0x10, 0x00, 0xE1, 0xC0, 0x00, 0x0F, 0xE0, 0xF3, 0xC7, 0x01, 0x98, 0xC3, 0xCF, 0xEF, 0x33, 0xBD,
    0x8C, 0xE6, 0x33, 0xD8, 0xCF, 0x77, 0x6C, 0xF7, 0x98, 0x00, 0x70, 0x30, 0xFF, 0xC0, 0xFC, 0x00,
    0x06, 0x00, 0x70, 0x0F, 0x00, 0xF0, 0x19, 0x81, 0x98, 0x30, 0xC3, 0xFC, 0x7F, 0xE6, 0x06, 0x60,
    0x7C, 0x03, 0x00, 0x00, 0xFF, 0x3F, 0xEC, 0x1B, 0x06, 0xC1, 0xBF, 0xCF, 0xFB, 0x06, 0xC1, 0xF0,
    0x7C, 0x3B, 0xFC, 0x3F, 0x9F, 0xFE, 0x0F, 0x00, 0xC0, 0x30, 0x0C, 0x03, 0x00, 0xC0, 0x38, 0x07,
    0xBC, 0xFE, 0x04, 0x00, 0xFF, 0x1F, 0xF3, 0x07, 0x60, 0x6C, 0x0F, 0x80, 0xF0, 0x1E, 0x07, 0xC0,
    0xD8, 0x3B, 0xFE, 0x7F, 0x80, 0xFF, 0xFF, 0xC0, 0xC0, 0xC0, 0xFF, 0xFF, 0xC0, 0xC0, 0xC0, 0xFE,
    0xFF, 0xFF, 0xFF, 0xC0, 0xC0, 0xC0, 0xFF, 0xFF, 0xC0, 0xC0, 0xC0, 0xC0, 0xC0, 0x00, 0x1F, 0x9F,
    0xFE, 0x0F, 0x00, 0xC0, 0x30, 0x6C, 0x7F, 0x03, 0xC0, 0xF8, 0x37, 0x9C, 0xFF, 0x04, 0x00, 0xC0,
    0x78, 0x1F, 0x03, 0xE0, 0x7C, 0x0F, 0xFF, 0xFF, 0xFE, 0x07, 0xC0, 0xF8, 0x1F, 0x03, 0xE0, 0x30,
    0x00, 0xFF, 0xFF, 0xFF, 0x00, 0x18, 0xC6, 0x31, 0x8C, 0x63, 0x18, 0xCF, 0xE0, 0x00, 0xC1, 0xE1,
    0xF1, 0x99, 0x8F, 0x87, 0x83, 0xC1, 0xF0, 0xCC, 0x63, 0xB0, 0xF8, 0x30, 0x00, 0xC0, 0xC0, 0xC0,
    0xC0, 0xC0, 0xC0, 0xC0, 0xC0, 0xC0, 0xC0, 0xFF, 0xFF, 0xC0, 0x3E, 0x03, 0xE0, 0x7F, 0x07, 0xF0,
    0xFD, 0x9F, 0xD9, 0xBC, 0xF3, 0xCF, 0x3C, 0x63, 0xC2, 0x3C, 0x03, 0x00, 0x00, 0xC0, 0xF8, 0x3F,
    0x0F, 0xC3, 0xD8, 0xF3, 0x3C, 0xEF, 0x1B, 0xC3, 0xF0, 0x7C, 0x1F, 0x03, 0x00, 0x00, 0x3F, 0x0F,
    0xFB, 0x83, 0x60, 0x7C, 0x07, 0x80, 0xF0, 0x1E, 0x03, 0xC0, 0x7C, 0x19, 0xEF, 0x1F, 0xC0, 0x40,
    0xFF, 0x3F, 0xEC, 0x1B, 0x06, 0xC1, 0xB0, 0xEF, 0xF3, 0xF8, 0xC0, 0x30, 0x0C, 0x03, 0x00, 0x00,
    0x00, 0x3F, 0x0F, 0xFB, 0x83, 0x60, 0x7C, 0x07, 0x80, 0xF0, 0x1E, 0x03, 0xC0, 0x7C, 0x19, 0xEF,
    0x1F, 0xC0, 0x78, 0x03, 0x00, 0x30, 0x00, 0xFF, 0x3F, 0xEC, 0x1B, 0x06, 0xC1, 0xB0, 0xEF, 0xF3,
    0x1C, 0xC3, 0x30, 0xEC, 0x1B, 0x03, 0x00, 0x00, 0x3F, 0x1F, 0xF6, 0x09, 0x80, 0x60, 0x1F, 0x01,
    0xF8, 0x0F, 0x00, 0xC0, 0x37, 0x3D, 0xFE, 0x04, 0x00, 0x7F, 0xE7, 0xFE, 0x06, 0x00, 0x60, 0x06,
    0x00, 0x60, 0x06, 0x00, 0x60, 0x06, 0x00, 0x60, 0x06, 0x00, 0x60, 0x00, 0x00, 0xC0, 0xF0, 0x3C,
    0x0F, 0x03, 0xC0, 0xF0, 0x3C, 0x0F, 0x03, 0xC0, 0xF8, 0x37, 0x38, 0xFC, 0x0C, 0x00, 0xC0, 0x3C,
    0x06, 0x60, 0x66, 0x0C, 0x70, 0xC3, 0x1C, 0x39, 0x81, 0x98, 0x1B, 0x00, 0xF0, 0x0E, 0x00, 0x60,
    0x00, 0x00, 0xC0, 0xC0, 0xD8, 0x38, 0x36, 0x1E, 0x19, 0x87, 0x86, 0x31, 0xB1, 0x8C, 0xCC, 0xC3,
    0x33, 0x30, 0x6C, 0x6C, 0x1E, 0x1E, 0x07, 0x87, 0x80, 0xE0, 0xE0, 0x30, 0x30, 0x00, 0x00, 0x00,
    0x60, 0xCC, 0x18, 0xC6, 0x1D, 0x81, 0xF0, 0x1C, 0x03, 0x80, 0xF8, 0x3B, 0x86, 0x31, 0x87, 0x70,
    0x60, 0x00, 0xC0, 0xF8, 0x76, 0x18, 0xCC, 0x3F, 0x07, 0x80, 0xC0, 0x30, 0x0C, 0x03, 0x00, 0xC0,
    0x30, 0x00, 0x00, 0xFF, 0xDF, 0xE0, 0x38, 0x0C, 0x06, 0x03, 0x80, 0xC0, 0x60, 0x38, 0x1C, 0x07,
    0xFB, 0xFF, 0x77, 0xB9, 0xCE, 0x73, 0x9C, 0xE7, 0x39, 0xCE, 0x73, 0xE0, 0x41, 0x06, 0x18, 0x60,
    0xC3, 0x0C, 0x18, 0x61, 0x83, 0x0C, 0x30, 0xFF, 0x33, 0x33, 0x33, 0x33, 0x33, 0x33, 0xF0, 0x0C,
    0x03, 0x01, 0xE0, 0x78, 0x33, 0x0C, 0xC6, 0x19, 0x86, 0x40, 0x80, 0xFF, 0x00, 0xC6, 0x63, 0x1C,
    0x7E, 0x63, 0x03, 0x3F, 0x7F, 0x63, 0x67, 0x7F, 0x10, 0xC0, 0xC0, 0xC0, 0xD8, 0xFE, 0xE7, 0xC3,
    0xC3, 0xC3, 0xC3, 0xE7, 0xFE, 0x08, 0x0C, 0x3F, 0x73, 0x60, 0xE0, 0xE0, 0x60, 0x73, 0x3E, 0x08,
    0x01, 0x80, 0xC0, 0x63, 0x33, 0xFB, 0x9D, 0x87, 0xC3, 0xE1, 0xB1, 0xDC, 0xE7, 0xF0, 0x80, 0x0C,
    0x1F, 0x18, 0xCC, 0x2F, 0xFF, 0xF9, 0x80, 0xE6, 0x3F, 0x04, 0x00, 0x1C, 0xF7, 0x1C, 0xFD, 0x86,
    0x18, 0x61, 0x86, 0x18, 0x00, 0x18, 0x1F, 0xDC, 0xEC, 0x3E, 0x1F, 0x0D, 0x8E, 0xFF, 0x3F, 0x80,
    0xD8, 0xCF, 0xE0, 0x80, 0xC0, 0xC0, 0xC0, 0xD8, 0xFE, 0xE6, 0xC7, 0xC3, 0xC3, 0xC3, 0xC3, 0xC3,
    0x00, 0xF0, 0xFF, 0xFF, 0x00, 0x33, 0x00, 0x33, 0x33, 0x33, 0x33, 0x37, 0xE0, 0xC1, 0x83, 0x06,
    0x0C, 0xFB, 0xBE, 0x78, 0xF1, 0xB3, 0x36, 0x30, 0x00, 0xCC, 0xCC, 0xCC, 0xCC, 0xCC, 0xE7, 0x20,
    0x18, 0xC7, 0xFF, 0xB9, 0xCD, 0x8C, 0x6C, 0x63, 0x63, 0x1B, 0x18, 0xD8, 0xC6, 0xC6, 0x30, 0x00,
    0x00, 0x18, 0xFE, 0xE6, 0xC7, 0xC3, 0xC3, 0xC3, 0xC3, 0xC3, 0x00, 0x0C, 0x1F, 0x9C, 0xCC, 0x3E,
    0x1F, 0x0D, 0x8E, 0xE6, 0x3E, 0x04, 0x00, 0x18, 0xFE, 0xE7, 0xC3, 0xC3, 0xC3, 0xC3, 0xE7, 0xFE,
    0xC8, 0xC0, 0xC0, 0x00, 0x18, 0x1F, 0xDC, 0xEC, 0x3E, 0x1F, 0x0D, 0x8E, 0xE7, 0x3F, 0x84, 0xC0,
    0x60, 0x30, 0x00, 0x1F, 0xF9, 0x8C, 0x63, 0x18, 0xC0, 0x00, 0x18, 0x7E, 0x62, 0x60, 0x7C, 0x1E,
    0x07, 0x66, 0x7E, 0x18, 0x30, 0x60, 0xC3, 0xF3, 0x06, 0x0C, 0x18, 0x30, 0x70, 0x78, 0x20, 0x02,
    0xC6, 0xC6, 0xC6, 0xC6, 0xC6, 0xC6, 0xEE, 0x7E, 0x10, 0x01, 0x61, 0xB8, 0xCC, 0x66, 0x61, 0xB0,
    0xF0, 0x38, 0x1C, 0x00, 0x00, 0x40, 0x03, 0x0C, 0x36, 0x79, 0x99, 0xE6, 0x67, 0x98, 0xF3, 0xC3,
    0xCF, 0x0F, 0x3C, 0x18, 0x60, 0x00, 0x00, 0x41, 0x31, 0x9D, 0x87, 0xC1, 0xC0, 0xE0, 0xF8, 0xCE,
    0xE3, 0x00, 0x00, 0x01, 0x61, 0xB8, 0xCC, 0x66, 0x61, 0xB0, 0xF0, 0x38, 0x1C, 0x0C, 0x0E, 0x06,
    0x00, 0x00, 0x00, 0x7E, 0x06, 0x0C, 0x18, 0x38, 0x30, 0x60, 0x7F, 0x1C, 0xF3, 0x0C, 0x30, 0xC3,
    0x3C, 0x70, 0xC3, 0x0C, 0x30, 0xC3, 0xC0, 0xFF, 0xFF, 0xFF, 0xFC, 0xE3, 0xC3, 0x0C, 0x30, 0xC3,
    0x0E, 0x38, 0xC3, 0x0C, 0x30, 0xCE, 0x00, 0xF9, 0x6F, 0x81, 0x80, 0x3C, 0xFF, 0xFF, 0x00, 0x00,
    0x18, 0x18, 0x3E, 0x73, 0xE0, 0xC0, 0xC0, 0xE0, 0x77, 0x3E, 0x18, 0x18, 0x00, 0x1F, 0x87, 0xF3,
    0x00, 0xC0, 0x30, 0x1F, 0x8F, 0xE0, 0xC0, 0x30, 0x0C, 0x07, 0xFB, 0xFF, 0x4C, 0x9F, 0xE7, 0x39,
    0x86, 0x61, 0x98, 0x66, 0x19, 0xFE, 0xFF, 0xD0, 0x20, 0xC0, 0xF8, 0x76, 0x18, 0xCC, 0x1E, 0x1F,
    0xE7, 0xF8, 0x30, 0x7F, 0x83, 0x00, 0xC0, 0x30, 0x00, 0x00, 0xFF, 0xF0, 0x3F, 0xFC, 0x3F, 0x3F,
    0x98, 0x0C, 0x07, 0x03, 0xE3, 0x3D, 0xC7, 0x79, 0x9F, 0xC3, 0xC0, 0x60, 0x33, 0x39, 0xF8, 0x10,
    0x5B, 0xE0, 0x0F, 0xC1, 0xC3, 0x19, 0xEC, 0xDF, 0xB5, 0xC1, 0xEC, 0x07, 0x60, 0x2B, 0x03, 0x4F,
    0xDB, 0x3D, 0x8C, 0x18, 0x3F, 0x80, 0x20, 0x00, 0x78, 0xDF, 0xBF, 0x80, 0x24, 0x6D, 0xB3, 0x66,
    0xC6, 0xCD, 0x80, 0x7F, 0x80, 0x20, 0x08, 0x02, 0x00, 0x80, 0xF8, 0x00, 0x0F, 0xC1, 0xC3, 0x1B,
    0xEC, 0xDF, 0xB4, 0xCD, 0xE7, 0xE7, 0x3E, 0x29, 0xB3, 0x4C, 0xDB, 0x67, 0x8C, 0x18, 0x3F, 0x80,
    0x20, 0x00, 0x7F, 0xF0, 0x7B, 0xBC, 0xF3, 0x78, 0x00, 0x0C, 0x03, 0x00, 0xC1, 0xFE, 0x0C, 0x03,
    0x00, 0xC0, 0x00, 0x7F, 0x80, 0x01, 0xE4, 0xC3, 0x18, 0xC6, 0x1F, 0x01, 0xE4, 0xC7, 0x78, 0x3C,
    0xDE, 0x00, 0x36, 0x6C, 0x42, 0xC3, 0xC3, 0xC3, 0xC3, 0xC3, 0xC3, 0xEF, 0xFF, 0xD0, 0xC0, 0xC0,
    0x00, 0x3F, 0xBF, 0xDF, 0x7F, 0xB7, 0xDB, 0xEC, 0xF6, 0x1B, 0x0D, 0x86, 0xC3, 0x61, 0xB0, 0xD8,
    0x6C, 0x36, 0x00, 0xFC, 0x23, 0x1D, 0xE6, 0x00, 0x03, 0xBC, 0x63, 0x18, 0xDF, 0x7B, 0x2C, 0xF3,
    0x78, 0x00, 0x48, 0xD9, 0xB1, 0xB6, 0xCD, 0x92, 0x00, 0x00, 0x01, 0xC1, 0x8F, 0x06, 0x0C, 0x30,
    0x31, 0x80, 0xC6, 0x03, 0x31, 0xBE, 0xCE, 0x06, 0x78, 0x39, 0x60, 0xCF, 0xC6, 0x3F, 0x18, 0x18,
    0x40, 0x00, 0x00, 0x01, 0xC1, 0x8F, 0x06, 0x0C, 0x30, 0x31, 0x80, 0xC6, 0x03, 0x37, 0xBE, 0xD3,
    0x06, 0x0C, 0x38, 0x60, 0xC3, 0x86, 0x1C, 0x18, 0x7C, 0x40, 0x00, 0x00, 0x00, 0xF0, 0x61, 0x30,
    0xC0, 0xE3, 0x07, 0x8C, 0x01, 0x98, 0x33, 0x63, 0x3C, 0xCE, 0x03, 0x3C, 0x0E, 0x58, 0x19, 0xF8,
    0x63, 0xF0, 0xC0, 0xC1, 0x00, 0x00, 0x00, 0x18, 0x18, 0x00, 0x18, 0x18, 0x30, 0x60, 0xC0, 0xC0,
    0xEF, 0x7E, 0x10, 0x18, 0x00, 0xC0, 0x0E, 0x00, 0x40, 0x06, 0x00, 0x70, 0x0F, 0x00, 0xF0, 0x19,
    0x81, 0x98, 0x30, 0xC3, 0xFC, 0x7F, 0xE6, 0x06, 0x60, 0x7C, 0x03, 0x00, 0x00, 0x01, 0x80, 0x38,
    0x03, 0x00, 0x20, 0x06, 0x00, 0x70, 0x0F, 0x00, 0xF0, 0x19, 0x81, 0x98, 0x30, 0xC3, 0xFC, 0x7F,
    0xE6, 0x06, 0x60, 0x7C, 0x03, 0x00, 0x00, 0x06, 0x00, 0xF0, 0x0D, 0x80, 0x88, 0x06, 0x00, 0x70,
    0x0F, 0x00, 0xF0, 0x19, 0x81, 0x98, 0x30, 0xC3, 0xFC, 0x7F, 0xE6, 0x06, 0x60, 0x7C, 0x03, 0x00,
    0x00, 0x08, 0x41, 0xEC, 0x33, 0x80, 0x00, 0x06, 0x00, 0x70, 0x0F, 0x00, 0xF0, 0x19, 0x81, 0x98,
    0x30, 0xC3, 0xFC, 0x7F, 0xE6, 0x06, 0x60, 0x7C, 0x03, 0x00, 0x00, 0x0D, 0x80, 0xD0, 0x00, 0x00,
    0x60, 0x07, 0x00, 0xF0, 0x0F, 0x01, 0x98, 0x19, 0x83, 0x0C, 0x3F, 0xC7, 0xFE, 0x60, 0x66, 0x07,
    0xC0, 0x30, 0x00, 0x06, 0x00, 0xF0, 0x09, 0x00, 0xF0, 0x06, 0x00, 0x60, 0x07, 0x00, 0xF0, 0x0F,
    0x01, 0x98, 0x19, 0x83, 0x0C, 0x3F, 0xC7, 0xFE, 0x60, 0x66, 0x07, 0xC0, 0x30, 0x00, 0x03, 0xFF,
    0x03, 0xFF, 0x07, 0x80, 0x0F, 0x80, 0x0D, 0x80, 0x18, 0xFE, 0x18, 0xFE, 0x3F, 0xC0, 0x7F, 0xC0,
    0x60, 0xC0, 0xE0, 0x7E, 0xC0, 0x7F, 0x00, 0x00, 0x3F, 0x9F, 0xFE, 0x0F, 0x00, 0xC0, 0x30, 0x0C,
    0x03, 0x00, 0xC0, 0x38, 0x07, 0xBC, 0xFE, 0x0E, 0x01, 0xC0, 0xF0, 0x10, 0x20, 0x30, 0x18, 0x08,
    0xFF, 0xFF, 0xC0, 0xC0, 0xC0, 0xFF, 0xFF, 0xC0, 0xC0, 0xC0, 0xFE, 0xFF, 0x06, 0x06, 0x0C, 0x08,
    0xFF, 0xFF, 0xC0, 0xC0, 0xC0, 0xFF, 0xFF, 0xC0, 0xC0, 0xC0, 0xFE, 0xFF, 0x1C, 0x1C, 0x36, 0x22,
    0xFF, 0xFF, 0xC0, 0xC0, 0xC0, 0xFF, 0xFF, 0xC0, 0xC0, 0xC0, 0xFE, 0xFF, 0x36, 0x36, 0x00, 0xFF,
    0xFF, 0xC0, 0xC0, 0xC0, 0xFF, 0xFF, 0xC0, 0xC0, 0xC0, 0xFE, 0xFF, 0xC6, 0x32, 0x33, 0x33, 0x33,
    0x33, 0x33, 0x33, 0x00, 0x37, 0x64, 0xCC, 0xCC, 0xCC, 0xCC, 0xCC, 0xCC, 0x00, 0x31, 0xE6, 0xD1,
    0x30, 0xC3, 0x0C, 0x30, 0xC3, 0x0C, 0x30, 0xC3, 0x0C, 0x00, 0x6D, 0xB0, 0x0C, 0x30, 0xC3, 0x0C,
    0x30, 0xC3, 0x0C, 0x30, 0xC3, 0x00, 0x3F, 0xC1, 0xFF, 0x0C, 0x1C, 0x60, 0x63, 0x03, 0xBF, 0x0D,
    0xF8, 0x66, 0x07, 0x30, 0x31, 0x83, 0x8F, 0xF8, 0x7F, 0x80, 0x18, 0x8F, 0x66, 0x70, 0x00, 0xC0,
    0xF8, 0x3F, 0x0F, 0xC3, 0xD8, 0xF3, 0x3C, 0xEF, 0x1B, 0xC3, 0xF0, 0x7C, 0x1F, 0x03, 0x00, 0x00,
    0x10, 0x03, 0x00, 0x30, 0x02, 0x03, 0xF0, 0xFF, 0xB8, 0x36, 0x07, 0xC0, 0x78, 0x0F, 0x01, 0xE0,
    0x3C, 0x07, 0xC1, 0x9E, 0xF1, 0xFC, 0x04, 0x00, 0x03, 0x00, 0x60, 0x18, 0x02, 0x03, 0xF0, 0xFF,
    0xB8, 0x36, 0x07, 0xC0, 0x78, 0x0F, 0x01, 0xE0, 0x3C, 0x07, 0xC1, 0x9E, 0xF1, 0xFC, 0x04, 0x00,
    0x0E, 0x01, 0xC0, 0x6C, 0x08, 0x83, 0xF0, 0xFF, 0xB8, 0x36, 0x07, 0xC0, 0x78, 0x0F, 0x01, 0xE0,
    0x3C, 0x07, 0xC1, 0x9E, 0xF1, 0xFC, 0x04, 0x00, 0x18, 0x87, 0xF0, 0x9E, 0x00, 0x03, 0xF0, 0xFF,
    0xB8, 0x36, 0x07, 0xC0, 0x78, 0x0F, 0x01, 0xE0, 0x3C, 0x07, 0xC1, 0x9E, 0xF1, 0xFC, 0x04, 0x00,
    0x1B, 0x03, 0x60, 0x00, 0x1F, 0x87, 0xFD, 0xC1, 0xB0, 0x3E, 0x03, 0xC0, 0x78, 0x0F, 0x01, 0xE0,
    0x3E, 0x0C, 0xF7, 0x8F, 0xE0, 0x20, 0x81, 0xC3, 0x66, 0x3C, 0x18, 0x3C, 0x66, 0xC3, 0x00, 0x00,
    0xC7, 0xF9, 0xFF, 0x71, 0xEC, 0x3F, 0x8C, 0xF1, 0x9E, 0x63, 0xCC, 0x7B, 0x0F, 0xC3, 0x3D, 0xE7,
    0xF8, 0xC8, 0x00, 0x30, 0x06, 0x01, 0xC0, 0x20, 0xC0, 0xF0, 0x3C, 0x0F, 0x03, 0xC0, 0xF0, 0x3C,
    0x0F, 0x03, 0xC0, 0xF8, 0x37, 0x38, 0xFC, 0x0C, 0x00, 0x03, 0x01, 0xC0, 0x60, 0x10, 0xC0, 0xF0,
    0x3C, 0x0F, 0x03, 0xC0, 0xF0, 0x3C, 0x0F, 0x03, 0xC0, 0xF8, 0x37, 0x38, 0xFC, 0x0C, 0x00, 0x0C,
    0x07, 0x81, 0xB0, 0x44, 0xC0, 0xF0, 0x3C, 0x0F, 0x03, 0xC0, 0xF0, 0x3C, 0x0F, 0x03, 0xC0, 0xF8,
    0x37, 0x38, 0xFC, 0x0C, 0x00, 0x1F, 0x06, 0x80, 0x03, 0x03, 0xC0, 0xF0, 0x3C, 0x0F, 0x03, 0xC0,
    0xF0, 0x3C, 0x0F, 0x03, 0xE0, 0xDC, 0xE3, 0xF0, 0x30, 0x03, 0x01, 0x80, 0x60, 0x10, 0xC0, 0xF8,
    0x76, 0x18, 0xCC, 0x3F, 0x07, 0x80, 0xC0, 0x30, 0x0C, 0x03, 0x00, 0xC0, 0x30, 0x00, 0x00, 0xC0,
    0x30, 0x0F, 0xE3, 0xFE, 0xC1, 0xB0, 0x6C, 0x1B, 0x06, 0xFF, 0xBF, 0x8C, 0x03, 0x00, 0x00, 0x00,
    0x7C, 0x3F, 0x31, 0x98, 0xCC, 0xC6, 0xC3, 0x61, 0xBE, 0xC7, 0xE0, 0xFE, 0x7B, 0xE0, 0x40, 0x30,
    0x30, 0x18, 0x18, 0x1C, 0x7E, 0x63, 0x03, 0x3F, 0x7F, 0x63, 0x67, 0x7F, 0x10, 0x06, 0x06, 0x0C,
    0x0C, 0x1C, 0x7E, 0x63, 0x03, 0x3F, 0x7F, 0x63, 0x67, 0x7F, 0x10, 0x1C, 0x1C, 0x36, 0x36, 0x1C,
    0x7E, 0x63, 0x03, 0x3F, 0x7F, 0x63, 0x67, 0x7F, 0x10, 0x00, 0x3B, 0x6E, 0x00, 0x1C, 0x7E, 0x63,
    0x03, 0x3F, 0x7F, 0x63, 0x67, 0x7F, 0x10, 0x36, 0x36, 0x00, 0x1C, 0x7E, 0x63, 0x03, 0x3F, 0x7F,
    0x63, 0x67, 0x7F, 0x10, 0x1C, 0x36, 0x36, 0x1C, 0x1C, 0x7E, 0x63, 0x03, 0x3F, 0x7F, 0x63, 0x67,
    0x7F, 0x10, 0x1C, 0x61, 0xFF, 0xE6, 0x39, 0xC0, 0xC3, 0x3F, 0xFD, 0xFF, 0xE6, 0x30, 0x19, 0xE3,
    0x7D, 0xFC, 0x40, 0x80, 0x0C, 0x3F, 0x73, 0x60, 0xE0, 0xE0, 0x60, 0x73, 0x3E, 0x0C, 0x0E, 0x1E,
    0x08, 0x30, 0x18, 0x06, 0x01, 0x00, 0xC1, 0xF1, 0x8C, 0xC2, 0xFF, 0xFF, 0x98, 0x0E, 0x63, 0xF0,
    0x40, 0x06, 0x03, 0x03, 0x01, 0x80, 0xC1, 0xF1, 0x8C, 0xC2, 0xFF, 0xFF, 0x98, 0x0E, 0x63, 0xF0,
    0x40, 0x0C, 0x0E, 0x05, 0x86, 0x40, 0xC1, 0xF1, 0x8C, 0xC2, 0xFF, 0xFF, 0x98, 0x0E, 0x63, 0xF0,
    0x40, 0x36, 0x1B, 0x00, 0x01, 0x83, 0xE3, 0x19, 0x85, 0xFF, 0xFF, 0x30, 0x1C, 0xC7, 0xE0, 0x80,
    0xC6, 0x63, 0x03, 0x33, 0x33, 0x33, 0x30, 0x36, 0x6C, 0x0C, 0xCC, 0xCC, 0xCC, 0xC0, 0x31, 0xE7,
    0xB2, 0x00, 0xC3, 0x0C, 0x30, 0xC3, 0x0C, 0x30, 0x00, 0x5B, 0xE0, 0x00, 0x30, 0xC3, 0x0C, 0x30,
    0xC3, 0x0C, 0x00, 0x3B, 0x0F, 0x0F, 0x84, 0x61, 0xF3, 0xFD, 0x8F, 0xC3, 0xE1, 0xB0, 0xDC, 0xC7,
    0xC0, 0x80, 0x00, 0x76, 0xDE, 0x00, 0x18, 0xFE, 0xE6, 0xC7, 0xC3, 0xC3, 0xC3, 0xC3, 0xC3, 0x00,
    0x30, 0x18, 0x06, 0x01, 0x00, 0xC1, 0xF9, 0xCC, 0xC3, 0xE1, 0xF0, 0xD8, 0xEE, 0x63, 0xE0, 0x40,
    0x06, 0x03, 0x03, 0x01, 0x80, 0xC1, 0xF9, 0xCC, 0xC3, 0xE1, 0xF0, 0xD8, 0xEE, 0x63, 0xE0, 0x40,
    0x0C, 0x0E, 0x0D, 0x86, 0x40, 0xC1, 0xF9, 0xCC, 0xC3, 0xE1, 0xF0, 0xD8, 0xEE, 0x63, 0xE0, 0x40,
    0x00, 0x1D, 0x9B, 0xC0, 0x00, 0xC1, 0xF9, 0xCC, 0xC3, 0xE1, 0xF0, 0xD8, 0xEE, 0x63, 0xE0, 0x40,
    0x36, 0x1B, 0x00, 0x01, 0x83, 0xF3, 0x99, 0x87, 0xC3, 0xE1, 0xB1, 0xDC, 0xC7, 0xC0, 0x80, 0x0C,
    0x03, 0x00, 0x01, 0xFE, 0x7F, 0x80, 0x00, 0x00, 0x30, 0x08, 0x00, 0x0F, 0x1F, 0x9D, 0xCC, 0xFE,
    0xDF, 0xCD, 0xEE, 0xE6, 0x3E, 0x34, 0x00, 0x60, 0x60, 0x30, 0x10, 0x02, 0xC6, 0xC6, 0xC6, 0xC6,
    0xC6, 0xC6, 0xEE, 0x7E, 0x10, 0x04, 0x0C, 0x18, 0x18, 0x02, 0xC6, 0xC6, 0xC6, 0xC6, 0xC6, 0xC6,
    0xEE, 0x7E, 0x10, 0x18, 0x38, 0x2C, 0x64, 0x02, 0xC6, 0xC6, 0xC6, 0xC6, 0xC6, 0xC6, 0xEE, 0x7E,
    0x10, 0x6C, 0x6C, 0x00, 0x02, 0xC6, 0xC6, 0xC6, 0xC6, 0xC6, 0xC6, 0xEE, 0x7E, 0x10, 0x06, 0x03,
    0x03, 0x01, 0x00, 0x16, 0x1B, 0x8C, 0xC6, 0x66, 0x1B, 0x0F, 0x03, 0x81, 0xC0, 0xC0, 0xE0, 0x60,
    0x00, 0x00, 0xC0, 0xC0, 0xC0, 0xD8, 0xFE, 0xE7, 0xC3, 0xC3, 0xC3, 0xC3, 0xE7, 0xFE, 0xC8, 0xC0,
    0xC0, 0x00, 0x36, 0x1B, 0x00, 0x00, 0x2C, 0x37, 0x19, 0x8C, 0xCC, 0x36, 0x1E, 0x07, 0x03, 0x81,
    0x81, 0xC0, 0xC0, 0x00, 0x1F, 0x81, 0xF8, 0x00, 0x00, 0x60, 0x07, 0x00, 0xF0, 0x0F, 0x01, 0x98,
    0x19, 0x83, 0x0C, 0x3F, 0xC7, 0xFE, 0x60, 0x66, 0x07, 0xC0, 0x30, 0x00, 0x3E, 0x3E, 0x00, 0x1C,
    0x7E, 0x63, 0x03, 0x3F, 0x7F, 0x63, 0x67, 0x7F, 0x10, 0x10, 0x81, 0x98, 0x0F, 0x80, 0x60, 0x06,
    0x00, 0x70, 0x0F, 0x00, 0xF0, 0x19, 0x81, 0x98, 0x30, 0xC3, 0xFC, 0x7F, 0xE6, 0x06, 0x60, 0x7C,
    0x03, 0x00, 0x00, 0x22, 0x22, 0x36, 0x1C, 0x1C, 0x7E, 0x63, 0x03, 0x3F, 0x7F, 0x63, 0x67, 0x7F,
    0x10, 0x06, 0x00, 0x38, 0x03, 0xC0, 0x1E, 0x01, 0x98, 0x0C, 0xC0, 0xC3, 0x07, 0xF8, 0x7F, 0xE3,
    0x03, 0x18, 0x1D, 0x80, 0x60, 0x06, 0x00, 0x30, 0x01, 0xE0, 0x02, 0x1C, 0x3F, 0x18, 0xC0, 0x63,
    0xF3, 0xF9, 0x8C, 0xCE, 0x7F, 0x0B, 0x01, 0x80, 0xF0, 0x10, 0x03, 0x00, 0xC0, 0x60, 0x10, 0x3F,
    0x9F, 0xFE, 0x0F, 0x00, 0xC0, 0x30, 0x0C, 0x03, 0x00, 0xC0, 0x38, 0x07, 0xBC, 0xFE, 0x04, 0x00,
    0x06, 0x06, 0x0C, 0x0C, 0x0C, 0x3F, 0x73, 0x60, 0xE0, 0xE0, 0x60, 0x73, 0x3E, 0x08, 0x0E, 0x03,
    0x81, 0xB0, 0x44, 0x3F, 0x9F, 0xFE, 0x0F, 0x00, 0xC0, 0x30, 0x0C, 0x03, 0x00, 0xC0, 0x38, 0x07,
    0xBC, 0xFE, 0x04, 0x00, 0x0C, 0x1C, 0x36, 0x32, 0x0C, 0x3F, 0x73, 0x60, 0xE0, 0xE0, 0x60, 0x73,
    0x3E, 0x08, 0x0E, 0x01, 0x00, 0x00, 0xFE, 0x7F, 0xF8, 0x3C, 0x03, 0x00, 0xC0, 0x30, 0x0C, 0x03,
    0x00, 0xE0, 0x1E, 0xF3, 0xF8, 0x10, 0x0C, 0x0C, 0x00, 0x0C, 0x3F, 0x73, 0x60, 0xE0, 0xE0, 0x60,
    0x73, 0x3E, 0x08, 0x11, 0x06, 0xC0, 0xE0, 0x10, 0x3F, 0x9F, 0xFE, 0x0F, 0x00, 0xC0, 0x30, 0x0C,
    0x03, 0x00, 0xC0, 0x38, 0x07, 0xBC, 0xFE, 0x04, 0x00, 0x32, 0x36, 0x1C, 0x1C, 0x0C, 0x3F, 0x73,
    0x60, 0xE0, 0xE0, 0x60, 0x73, 0x3E, 0x08, 0x33, 0x03, 0xC0, 0x38, 0x06, 0x0F, 0xF1, 0xFF, 0x30,
    0x76, 0x06, 0xC0, 0xF8, 0x0F, 0x01, 0xE0, 0x7C, 0x0D, 0x83, 0xBF, 0xE7, 0xF8, 0x01, 0xE0, 0x3C,
    0x07, 0x0C, 0xE3, 0xF8, 0xE7, 0x18, 0x67, 0x0C, 0xE1, 0x8C, 0x71, 0xCE, 0x1F, 0xC0, 0x80, 0x3F,
    0xC1, 0xFF, 0x0C, 0x1C, 0x60, 0x63, 0x03, 0xBF, 0x0D, 0xF8, 0x66, 0x07, 0x30, 0x31, 0x83, 0x8F,
    0xF8, 0x7F, 0x80, 0x01, 0x81, 0xF8, 0x3F, 0x0C, 0xC3, 0xF8, 0xE7, 0x18, 0x67, 0x0C, 0xE1, 0x8C,
    0x71, 0xCE, 0x1F, 0xC0, 0x80, 0x7E, 0x3E, 0x00, 0xFF, 0xFF, 0xC0, 0xC0, 0xC0, 0xFF, 0xFF, 0xC0,
    0xC0, 0xC0, 0xFE, 0xFF, 0x3E, 0x1F, 0x00, 0x01, 0x83, 0xE3, 0x19, 0x85, 0xFF, 0xFF, 0x30, 0x1C,
    0xC7, 0xE0, 0x80, 0x62, 0x62, 0x3E, 0x18, 0xFF, 0xFF, 0xC0, 0xC0, 0xC0, 0xFF, 0xFF, 0xC0, 0xC0,
    0xC0, 0xFE, 0xFF, 0x22, 0x11, 0x8D, 0x83, 0xC0, 0xC1, 0xF1, 0x8C, 0xC2, 0xFF, 0xFF, 0x98, 0x0E,
    0x63, 0xF0, 0x40, 0x1C, 0x18, 0x00, 0xFF, 0xFF, 0xC0, 0xC0, 0xC0, 0xFF, 0xFF, 0xC0, 0xC0, 0xC0,
    0xFE, 0xFF, 0x0C, 0x06, 0x00, 0x01, 0x83, 0xE3, 0x19, 0x85, 0xFF, 0xFF, 0x30, 0x1C, 0xC7, 0xE0,
    0x80, 0xFF, 0x7F, 0xB0, 0x18, 0x0C, 0x07, 0xFB, 0xFD, 0x80, 0xC0, 0x60, 0x3F, 0x9F, 0xE0, 0x60,
    0x30, 0x1C, 0x06, 0x0C, 0x1F, 0x18, 0xCC, 0x2F, 0xFF, 0xF9, 0x80, 0xE6, 0x3F, 0x06, 0x02, 0x01,
    0xC0, 0x40, 0x22, 0x36, 0x1C, 0x08, 0xFF, 0xFF, 0xC0, 0xC0, 0xC0, 0xFF, 0xFF, 0xC0, 0xC0, 0xC0,
    0xFE, 0xFF, 0x32, 0x1B, 0x07, 0x03, 0x80, 0xC1, 0xF1, 0x8C, 0xC2, 0xFF, 0xFF, 0x98, 0x0E, 0x63,
    0xF0, 0x40, 0x0E, 0x03, 0x81, 0xB0, 0x44, 0x1F, 0x9F, 0xFE, 0x0F, 0x00, 0xC0, 0x30, 0x6C, 0x7F,
    0x03, 0xC0, 0xF8, 0x37, 0x9C, 0xFF, 0x04, 0x00, 0x0C, 0x0F, 0x07, 0x86, 0x41, 0x81, 0xFD, 0xCE,
    0xC3, 0xE1, 0xF0, 0xD8, 0xEF, 0xF3, 0xF8, 0x0D, 0x8C, 0xFE, 0x08, 0x00, 0x31, 0x84, 0x41, 0xF0,
    0x38, 0x1F, 0x9F, 0xFE, 0x0F, 0x00, 0xC0, 0x30, 0x6C, 0x7F, 0x03, 0xC0, 0xF8, 0x37, 0x9C, 0xFF,
    0x04, 0x00, 0x23, 0x19, 0x8F, 0x83, 0xC1, 0x81, 0xFD, 0xCE, 0xC3, 0xE1, 0xF0, 0xD8, 0xEF, 0xF3,
    0xF8, 0x0D, 0x8C, 0xFE, 0x08, 0x00, 0x0E, 0x01, 0x00, 0x00, 0x7E, 0x7F, 0xF8, 0x3C, 0x03, 0x00,
    0xC1, 0xB1, 0xFC, 0x0F, 0x03, 0xE0, 0xDE, 0x73, 0xFC, 0x10, 0x0C, 0x06, 0x00, 0x03, 0x03, 0xFB,
    0x9D, 0x87, 0xC3, 0xE1, 0xB1, 0xDF, 0xE7, 0xF0, 0x1B, 0x19, 0xFC, 0x10, 0x1F, 0x9F, 0xFE, 0x0F,
    0x00, 0xC0, 0x30, 0x6C, 0x7F, 0x03, 0xC0, 0xF8, 0x37, 0x9C, 0xFF, 0x04, 0x01, 0x80, 0x60, 0x18,
    0x04, 0x00, 0x0C, 0x06, 0x03, 0x01, 0x81, 0x81, 0xFD, 0xCE, 0xC3, 0xE1, 0xF0, 0xD8, 0xEF, 0xF3,
    0xF8, 0x0D, 0x8C, 0xFE, 0x08, 0x00, 0x0C, 0x03, 0xC0, 0x6C, 0x08, 0x8C, 0x07, 0x81, 0xF0, 0x3E,
    0x07, 0xC0, 0xFF, 0xFF, 0xFF, 0xE0, 0x7C, 0x0F, 0x81, 0xF0, 0x3E, 0x03, 0x00, 0x00, 0x18, 0x3C,
    0x6C, 0x44, 0xC0, 0xC0, 0xC0, 0xD8, 0xFE, 0xE6, 0xC7, 0xC3, 0xC3, 0xC3, 0xC3, 0xC3, 0x00, 0x60,
    0x31, 0xC0, 0xCF, 0xFF, 0xBF, 0xFE, 0x70, 0x31, 0xFF, 0xC7, 0xFF, 0x1C, 0x0C, 0x70, 0x31, 0xC0,
    0xC7, 0x03, 0x18, 0x0C, 0x00, 0x00, 0x30, 0x1F, 0x8F, 0xE0, 0xD8, 0x3F, 0x8E, 0x63, 0x1C, 0xC3,
    0x30, 0xCC, 0x33, 0x0C, 0xC3, 0x00, 0x00, 0x31, 0x7B, 0xCE, 0x00, 0x18, 0x18, 0x18, 0x18, 0x18,
    0x18, 0x18, 0x18, 0x18, 0x18, 0x18, 0x18, 0x00, 0x00, 0xF5, 0x78, 0x00, 0x03, 0x06, 0x0C, 0x18,
    0x30, 0x60, 0xC1, 0x80, 0x00, 0xFF, 0xF0, 0x0C, 0x30, 0xC3, 0x0C, 0x30, 0xC3, 0x0C, 0x30, 0xC3,
    0x00, 0xFB, 0xF0, 0x00, 0x30, 0xC3, 0x0C, 0x30, 0xC3, 0x0C, 0x00, 0x87, 0x37, 0xCC, 0x30, 0xC3,
    0x0C, 0x30, 0xC3, 0x0C, 0x30, 0xC3, 0x0C, 0x00, 0x87, 0x3F, 0x9E, 0x00, 0xC3, 0x0C, 0x30, 0xC3,
    0x0C, 0x30, 0x00, 0x66, 0x66, 0x66, 0x66, 0x66, 0x66, 0xCC, 0xF2, 0x66, 0x00, 0x66, 0x66, 0x66,
    0x66, 0xCC, 0xF2, 0xF3, 0xFF, 0xFF, 0xFC, 0x3F, 0xFF, 0xC0, 0xC3, 0xC7, 0xC7, 0xC7, 0xC7, 0xC7,
    0xC7, 0xC7, 0xC7, 0xC7, 0xCE, 0xDE, 0x00, 0x18, 0x78, 0xD9, 0x11, 0x83, 0x06, 0x0C, 0x18, 0x30,
    0x60, 0xC1, 0x83, 0x0E, 0x78, 0x00, 0x31, 0xE7, 0xB3, 0x00, 0xC3, 0x0C, 0x30, 0xC3, 0x0C, 0x30,
    0xC7, 0x38, 0x00, 0xC1, 0xE1, 0xF1, 0x99, 0x8F, 0x87, 0x83, 0xC1, 0xF0, 0xCC, 0x63, 0xB0, 0xF8,
    0x30, 0x00, 0xC0, 0x60, 0x10, 0x08, 0x00, 0xC1, 0x83, 0x06, 0x0C, 0xFB, 0xBE, 0x78, 0xF1, 0xB3,
    0x36, 0x30, 0x06, 0x0C, 0x08, 0x10, 0x01, 0x9F, 0x77, 0xCF, 0x1E, 0x36, 0x66, 0xC6, 0x00, 0x30,
    0x70, 0x60, 0x40, 0xC0, 0xC0, 0xC0, 0xC0, 0xC0, 0xC0, 0xC0, 0xC0, 0xC0, 0xC0, 0xFF, 0xFF, 0x36,
    0x64, 0xCC, 0xCC, 0xCC, 0xCC, 0xCC, 0xE7, 0x20, 0xC0, 0xC0, 0xC0, 0xC0, 0xC0, 0xC0, 0xC0, 0xC0,
    0xC0, 0xC0, 0xFF, 0xFF, 0x00, 0x18, 0x18, 0x18, 0x00, 0xCC, 0xCC, 0xCC, 0xCC, 0xCC, 0xE7, 0x26,
    0x66, 0x40, 0xD8, 0xD8, 0xD8, 0xD8, 0xC0, 0xC0, 0xC0, 0xC0, 0xC0, 0xC0, 0xFF, 0xFF, 0xFF, 0xFE,
    0xCC, 0xCC, 0xCC, 0xE7, 0x20, 0xC0, 0xC0, 0xC0, 0xC0, 0xC6, 0xC6, 0xC0, 0xC0, 0xC0, 0xC0, 0xFF,
    0xFF, 0xC6, 0x31, 0x8C, 0x6F, 0xF8, 0xC6, 0x38, 0xE2, 0x00, 0x30, 0x0C, 0x03, 0x00, 0xC8, 0x3E,
    0x0F, 0x07, 0x03, 0xC0, 0x30, 0x0C, 0x03, 0xFC, 0xFF, 0x30, 0xC3, 0x0C, 0x3C, 0xF7, 0x3C, 0x30,
    0xC3, 0x87, 0x08, 0x03, 0x01, 0xC0, 0x60, 0x10, 0xC0, 0xF8, 0x3F, 0x0F, 0xC3, 0xD8, 0xF3, 0x3C,
    0xEF, 0x1B, 0xC3, 0xF0, 0x7C, 0x1F, 0x03, 0x00, 0x00, 0x04, 0x0C, 0x0C, 0x18, 0x18, 0xFE, 0xE6,
    0xC7, 0xC3, 0xC3, 0xC3, 0xC3, 0xC3, 0x00, 0xC0, 0xF8, 0x3F, 0x0F, 0xC3, 0xD8, 0xF3, 0x3C, 0xEF,
    0x1B, 0xC3, 0xF0, 0x7C, 0x1F, 0x03, 0x00, 0x03, 0x00, 0xC0, 0x10, 0x04, 0x00, 0x18, 0xFE, 0xE6,
    0xC7, 0xC3, 0xC3, 0xC3, 0xC3, 0xC3, 0x00, 0x18, 0x18, 0x18, 0x10, 0x33, 0x07, 0x80, 0xE0, 0x30,
    0xC0, 0xF8, 0x3F, 0x0F, 0xC3, 0xD8, 0xF3, 0x3C, 0xEF, 0x1B, 0xC3, 0xF0, 0x7C, 0x1F, 0x03, 0x00,
    0x00, 0x64, 0x6C, 0x3C, 0x18, 0x18, 0xFE, 0xE6, 0xC7, 0xC3, 0xC3, 0xC3, 0xC3, 0xC3, 0x00, 0x60,
    0x38, 0x06, 0x01, 0x00, 0x06, 0x0F, 0xE3, 0x98, 0xC7, 0x30, 0xCC, 0x33, 0x0C, 0xC3, 0x30, 0xC0,
    0x00, 0xC0, 0xF8, 0x3F, 0x0F, 0xC3, 0xD8, 0xF3, 0x3C, 0xEF, 0x1B, 0xC3, 0xF0, 0x7C, 0x1F, 0x03,
    0x00, 0xC0, 0x30, 0x38, 0x00, 0x18, 0xFE, 0xE6, 0xC7, 0xC3, 0xC3, 0xC3, 0xC3, 0xC3, 0x03, 0x06,
    0x1E, 0x08, 0x3F, 0x03, 0xE0, 0x00, 0x1F, 0x87, 0xFD, 0xC1, 0xB0, 0x3E, 0x03, 0xC0, 0x78, 0x0F,
    0x01, 0xE0, 0x3E, 0x0C, 0xF7, 0x8F, 0xE0, 0x20, 0x3E, 0x1F, 0x00, 0x01, 0x83, 0xF3, 0x99, 0x87,
    0xC3, 0xE1, 0xB1, 0xDC, 0xC7, 0xC0, 0x80, 0x31, 0x06, 0x20, 0x7C, 0x06, 0x03, 0xF0, 0xFF, 0xB8,
    0x36, 0x07, 0xC0, 0x78, 0x0F, 0x01, 0xE0, 0x3C, 0x07, 0xC1, 0x9E, 0xF1, 0xFC, 0x04, 0x00, 0x22,
    0x11, 0x0D, 0x83, 0x80, 0xC1, 0xF9, 0xCC, 0xC3, 0xE1, 0xF0, 0xD8, 0xEE, 0x63, 0xE0, 0x40, 0x07,
    0x81, 0xF0, 0x3C, 0x05, 0x03, 0xF0, 0xFF, 0xB8, 0x36, 0x07, 0xC0, 0x78, 0x0F, 0x01, 0xE0, 0x3C,
    0x07, 0xC1, 0x9E, 0xF1, 0xFC, 0x04, 0x00, 0x0B, 0x0D, 0x07, 0x82, 0xC0, 0xC1, 0xF9, 0xCC, 0xC3,
    0xE1, 0xF0, 0xD8, 0xEE, 0x63, 0xE0, 0x40, 0x1F, 0xFF, 0x7F, 0xFF, 0x60, 0xC0, 0xC0, 0xC0, 0xC0,
    0xC0, 0xC0, 0xFF, 0xC0, 0xFF, 0xC0, 0xC0, 0xC0, 0xC0, 0xE0, 0xC0, 0x7F, 0xFE, 0x3F, 0xFF, 0x0C,
    0x30, 0x7D, 0xF9, 0xCF, 0x33, 0x0C, 0x3E, 0x1F, 0xFC, 0x3F, 0x98, 0xE0, 0x39, 0xE7, 0x3E, 0xFC,
    0x10, 0x20, 0x02, 0x01, 0x80, 0xC0, 0x20, 0xFF, 0x3F, 0xEC, 0x1B, 0x06, 0xC1, 0xB0, 0xEF, 0xF3,
    0x1C, 0xC3, 0x30, 0xEC, 0x1B, 0x03, 0x00, 0x00, 0x18, 0xCC, 0x61, 0xFF, 0x98, 0xC6, 0x31, 0x8C,
    0x00, 0xFF, 0x3F, 0xEC, 0x1B, 0x06, 0xC1, 0xB0, 0xEF, 0xF3, 0x1C, 0xC3, 0x30, 0xEC, 0x1B, 0x03,
    0x00, 0x03, 0x00, 0xC0, 0x30, 0x08, 0x00, 0x1F, 0xF9, 0x8C, 0x63, 0x18, 0xC0, 0x31, 0x8C, 0x40,
    0x32, 0x0D, 0x81, 0xC0, 0x20, 0xFF, 0x3F, 0xEC, 0x1B, 0x06, 0xC1, 0xB0, 0xEF, 0xF3, 0x1C, 0xC3,
    0x30, 0xEC, 0x1B, 0x03, 0x00, 0x00, 0x8E, 0xDC, 0xE1, 0xFF, 0x98, 0xC6, 0x31, 0x8C, 0x00, 0x03,
    0x01, 0xC0, 0x60, 0x10, 0x3F, 0x1F, 0xF6, 0x09, 0x80, 0x60, 0x1F, 0x01, 0xF8, 0x0F, 0x00, 0xC0,
    0x37, 0x3D, 0xFE, 0x04, 0x00, 0x06, 0x0E, 0x0C, 0x08, 0x18, 0x7E, 0x62, 0x60, 0x7C, 0x1E, 0x07,
    0x66, 0x7E, 0x18, 0x0C, 0x07, 0x81, 0xB0, 0x44, 0x3F, 0x1F, 0xF6, 0x09, 0x80, 0x60, 0x1F, 0x01,
    0xF8, 0x0F, 0x00, 0xC0, 0x37, 0x3D, 0xFE, 0x04, 0x00, 0x18, 0x1C, 0x3C, 0x26, 0x18, 0x7E, 0x62,
    0x60, 0x7C, 0x1E, 0x07, 0x66, 0x7E, 0x18, 0x3F, 0x1F, 0xF6, 0x09, 0x80, 0x60, 0x1F, 0x01, 0xF8,
    0x0F, 0x00, 0xC0, 0x37, 0x3D, 0xFE, 0x0E, 0x03, 0x80, 0xE0, 0x10, 0x18, 0x7E, 0x62, 0x60, 0x7C,
    0x1E, 0x07, 0x66, 0x7E, 0x18, 0x1C, 0x3C, 0x18, 0x13, 0x07, 0xC0, 0xE0, 0x30, 0x3F, 0x1F, 0xF6,
    0x09, 0x80, 0x60, 0x1F, 0x01, 0xF8, 0x0F, 0x00, 0xC0, 0x37, 0x3D, 0xFE, 0x04, 0x00, 0x26, 0x34,
    0x3C, 0x18, 0x18, 0x7E, 0x62, 0x60, 0x7C, 0x1E, 0x07, 0x66, 0x7E, 0x18, 0x7F, 0xE7, 0xFE, 0x06,
    0x00, 0x60, 0x06, 0x00, 0x60, 0x06, 0x00, 0x60, 0x06, 0x00, 0x60, 0x06, 0x00, 0x60, 0x06, 0x00,
    0x70, 0x0F, 0x00, 0x60, 0x30, 0x60, 0xC3, 0xF3, 0x06, 0x0C, 0x18, 0x30, 0x70, 0x78, 0x60, 0xE3,
    0xC2, 0x00, 0x19, 0x80, 0xF0, 0x0F, 0x00, 0x60, 0x7F, 0xE7, 0xFE, 0x06, 0x00, 0x60, 0x06, 0x00,
    0x60, 0x06, 0x00, 0x60, 0x06, 0x00, 0x60, 0x06, 0x00, 0x60, 0x00, 0x00, 0x04, 0x68, 0xD1, 0xA7,
    0xE6, 0x0C, 0x18, 0x30, 0x60, 0xE0, 0xF0, 0x40, 0x7F, 0xE7, 0xFE, 0x06, 0x00, 0x60, 0x06, 0x01,
    0xF8, 0x1F, 0x80, 0x60, 0x06, 0x00, 0x60, 0x06, 0x00, 0x60, 0x00, 0x00, 0x30, 0x60, 0xC3, 0xF3,
    0x06, 0x1F, 0x3E, 0x30, 0x70, 0x78, 0x20, 0x10, 0x8F, 0x66, 0x70, 0x00, 0xC0, 0xF0, 0x3C, 0x0F,
    0x03, 0xC0, 0xF0, 0x3C, 0x0F, 0x03, 0xC0, 0xF8, 0x37, 0x38, 0xFC, 0x0C, 0x00, 0x00, 0x76, 0xDE,
    0x00, 0x02, 0xC6, 0xC6, 0xC6, 0xC6, 0xC6, 0xC6, 0xEE, 0x7E, 0x10, 0x3F, 0x0F, 0xC0, 0x03, 0x03,
    0xC0, 0xF0, 0x3C, 0x0F, 0x03, 0xC0, 0xF0, 0x3C, 0x0F, 0x03, 0xE0, 0xDC, 0xE3, 0xF0, 0x30, 0x7C,
    0x7C, 0x00, 0x02, 0xC6, 0xC6, 0xC6, 0xC6, 0xC6, 0xC6, 0xEE, 0x7E, 0x10, 0x21, 0x0C, 0xC1, 0xF0,
    0x30, 0xC0, 0xF0, 0x3C, 0x0F, 0x03, 0xC0, 0xF0, 0x3C, 0x0F, 0x03, 0xC0, 0xF8, 0x37, 0x38, 0xFC,
    0x0C, 0x00, 0x44, 0x46, 0x6C, 0x3C, 0x02, 0xC6, 0xC6, 0xC6, 0xC6, 0xC6, 0xC6, 0xEE, 0x7E, 0x10,
    0x0C, 0x07, 0x81, 0x20, 0x78, 0x0C, 0x30, 0x3C, 0x0F, 0x03, 0xC0, 0xF0, 0x3C, 0x0F, 0x03, 0xC0,
    0xF0, 0x3E, 0x0D, 0xCE, 0x3F, 0x03, 0x00, 0x38, 0x6C, 0x6C, 0x38, 0x02, 0xC6, 0xC6, 0xC6, 0xC6,
    0xC6, 0xC6, 0xEE, 0x7E, 0x10, 0x05, 0x03, 0xC0, 0xA0, 0x28, 0xC0, 0xF0, 0x3C, 0x0F, 0x03, 0xC0,
    0xF0, 0x3C, 0x0F, 0x03, 0xC0, 0xF8, 0x37, 0x38, 0xFC, 0x0C, 0x00, 0x16, 0x34, 0x3C, 0x3C, 0x02,
    0xC6, 0xC6, 0xC6, 0xC6, 0xC6, 0xC6, 0xEE, 0x7E, 0x10, 0xC0, 0xF0, 0x3C, 0x0F, 0x03, 0xC0, 0xF0,
    0x3C, 0x0F, 0x03, 0xC0, 0xF8, 0x37, 0x38, 0xFC, 0x0C, 0x02, 0x00, 0xE0, 0x10, 0x02, 0xC6, 0xC6,
    0xC6, 0xC6, 0xC6, 0xC6, 0xEE, 0x7E, 0x16, 0x0C, 0x07, 0x02, 0x00, 0xC0, 0x00, 0x78, 0x00, 0x1B,
    0x00, 0x04, 0x40, 0xC0, 0xC0, 0xD8, 0x38, 0x36, 0x1E, 0x19, 0x87, 0x86, 0x31, 0xB1, 0x8C, 0xCC,
    0xC3, 0x33, 0x30, 0x6C, 0x6C, 0x1E, 0x1E, 0x07, 0x87, 0x80, 0xE0, 0xE0, 0x30, 0x30, 0x00, 0x00,
    0x00, 0x03, 0x00, 0x1E, 0x00, 0x78, 0x03, 0x30, 0x40, 0x03, 0x0C, 0x36, 0x79, 0x99, 0xE6, 0x67,
    0x98, 0xF3, 0xC3, 0xCF, 0x0F, 0x3C, 0x18, 0x60, 0x00, 0x00, 0x0C, 0x07, 0x83, 0x30, 0xC8, 0xC0,
    0xF8, 0x76, 0x18, 0xCC, 0x3F, 0x07, 0x80, 0xC0, 0x30, 0x0C, 0x03, 0x00, 0xC0, 0x30, 0x00, 0x00,
    0x18, 0x0E, 0x0D, 0x04, 0xC0, 0x16, 0x1B, 0x8C, 0xC6, 0x66, 0x1B, 0x0F, 0x03, 0x81, 0xC0, 0xC0,
    0xE0, 0x60, 0x00, 0x00, 0x3E, 0x04, 0x80, 0x03, 0x03, 0xE1, 0xD8, 0x63, 0x30, 0xFC, 0x1E, 0x03,
    0x00, 0xC0, 0x30, 0x0C, 0x03, 0x00, 0xC0, 0x00, 0x03, 0x01, 0xC0, 0x60, 0x10, 0xFF, 0xDF, 0xE0,
    0x38, 0x0C, 0x06, 0x03, 0x80, 0xC0, 0x60, 0x38, 0x1C, 0x07, 0xFB, 0xFF, 0x06, 0x0C, 0x0C, 0x18,
    0x00, 0x7E, 0x06, 0x0C, 0x18, 0x38, 0x30, 0x60, 0x7F, 0x0C, 0x03, 0x00, 0x03, 0xFF, 0x7F, 0x80,
    0xE0, 0x30, 0x18, 0x0E, 0x03, 0x01, 0x80, 0xE0, 0x70, 0x1F, 0xEF, 0xFC, 0x18, 0x18, 0x00, 0x00,
    0x7E, 0x06, 0x0C, 0x18, 0x38, 0x30, 0x60, 0x7F, 0x33, 0x07, 0x80, 0xE0, 0x30, 0xFF, 0xDF, 0xE0,
    0x38, 0x0C, 0x06, 0x03, 0x80, 0xC0, 0x60, 0x38, 0x1C, 0x07, 0xFB, 0xFF, 0x64, 0x3C, 0x3C, 0x18,
    0x00, 0x7E, 0x06, 0x0C, 0x18, 0x38, 0x30, 0x60, 0x7F, 0x00, 0x00, 0x0C, 0x01, 0x9F, 0xE7, 0xFD,
    0xC1, 0xB0, 0x3E, 0x03, 0xC0, 0x78, 0x0F, 0x01, 0xE0, 0x3E, 0x0C, 0xF7, 0x8F, 0xE0, 0x20, 0x01,
    0x80, 0xC3, 0xE7, 0xE7, 0x33, 0x0F, 0x87, 0xC3, 0x63, 0xB9, 0x8F, 0x81, 0x00, 0x00, 0x00, 0x03,
    0x00, 0x3C, 0x0E, 0xC0, 0xCC, 0x0C, 0xC0, 0xCC, 0x0C, 0xC0, 0xCC, 0x0C, 0xC0, 0xCC, 0x0C, 0xE0,
    0xC7, 0x38, 0x3F, 0x00, 0xC0, 0x00, 0x80, 0x60, 0x3B, 0x1C, 0xC6, 0x31, 0x8C, 0x63, 0x18, 0xC6,
    0x3B, 0x87, 0xE0, 0x40, 0x00, 0x02, 0x60, 0x00, 0x1F, 0x00, 0x00, 0x70, 0x00, 0x03, 0x0F, 0xF0,
    0xFF, 0xFF, 0xC7, 0xFF, 0x07, 0x01, 0xD8, 0x18, 0x0C, 0xC0, 0xE0, 0xC6, 0x03, 0x0E, 0x30, 0x18,
    0x61, 0x81, 0xC6, 0x0C, 0x0C, 0x70, 0x60, 0xE3, 0x03, 0xFE, 0x3F, 0xDF, 0xE1, 0xFF, 0x00, 0x04,
    0xDF, 0xE0, 0xDB, 0xFE, 0x0E, 0x60, 0xE1, 0xCC, 0x0C, 0x01, 0x81, 0xDF, 0xF0, 0x18, 0x36, 0x03,
    0x0E, 0xC0, 0xE1, 0x98, 0x18, 0x63, 0x07, 0x18, 0x7F, 0xC7, 0x0F, 0xF0, 0xFE, 0x00, 0x19, 0x00,
    0x66, 0xC0, 0x18, 0xE0, 0x06, 0x38, 0x19, 0x80, 0x0F, 0xEF, 0xE7, 0x38, 0x39, 0x86, 0x0C, 0xE1,
    0x86, 0x38, 0x63, 0x06, 0x39, 0xC1, 0xCE, 0x60, 0x3F, 0xBF, 0x82, 0x00, 0x00, 0xC0, 0x1E, 0x00,
    0xF0, 0x07, 0x80, 0x3C, 0x01, 0xE0, 0x0F, 0x00, 0x78, 0x03, 0xC0, 0x1E, 0x00, 0xFF, 0xCF, 0xFF,
    0xE0, 0x00, 0x00, 0xC0, 0x78, 0x0F, 0x00, 0x60, 0x0C, 0x07, 0x80, 0xF0, 0x1E, 0x03, 0xC0, 0x78,
    0x0F, 0xFD, 0xFF, 0xB0, 0x06, 0x01, 0xC0, 0x70, 0x00, 0xC7, 0x8F, 0x06, 0x0C, 0x78, 0xF1, 0xE3,
    0xC7, 0x8F, 0x9B, 0xB2, 0x61, 0xC7, 0x08, 0xC0, 0xC3, 0xE0, 0xC3, 0xF0, 0xC3, 0xF0, 0xC3, 0xD8,
    0xC3, 0xCC, 0xC3, 0xCE, 0xC3, 0xC6, 0xC3, 0xC3, 0xC3, 0xC1, 0xC7, 0xC1, 0xCE, 0xC0, 0xDE, 0x00,
    0x00, 0xC0, 0xCD, 0xC1, 0x9B, 0xC3, 0x07, 0x86, 0x2D, 0x8C, 0xD9, 0x99, 0xB3, 0xB3, 0x63, 0x66,
    0xC3, 0xCD, 0x83, 0x9B, 0x07, 0x36, 0x06, 0x60, 0x00, 0xC0, 0x01, 0x80, 0x0F, 0x00, 0x08, 0x00,
    0x70, 0x07, 0x00, 0x01, 0x82, 0xFE, 0x6E, 0x67, 0xC7, 0x7C, 0x37, 0xC3, 0x7C, 0x37, 0xC3, 0x7C,
    0x37, 0x00, 0x60, 0x06, 0x01, 0xE0, 0x08, 0x19, 0x80, 0xF0, 0x07, 0x00, 0x60, 0x06, 0x00, 0x70,
    0x0F, 0x00, 0xF0, 0x19, 0x81, 0x98, 0x30, 0xC3, 0xFC, 0x7F, 0xE6, 0x06, 0x60, 0x7C, 0x03, 0x00,
    0x00, 0x22, 0x36, 0x1C, 0x1C, 0x1C, 0x7E, 0x63, 0x03, 0x3F, 0x7F, 0x63, 0x67, 0x7F, 0x10, 0x64,
    0x6C, 0x38, 0x38, 0x02, 0xC6, 0xC6, 0xC6, 0xC6, 0xC6, 0xC6, 0xEE, 0x7E, 0x10, 0x18, 0x0F, 0xE6,
    0x39, 0x86, 0xE1, 0xB8, 0x66, 0x39, 0xFE, 0x1D, 0x81, 0xF6, 0x31, 0xFC, 0x08, 0x00, 0x11, 0x06,
    0xC0, 0xE0, 0x10, 0x1F, 0x9F, 0xFE, 0x0F, 0x00, 0xC0, 0x30, 0x6C, 0x7F, 0x03, 0xC0, 0xF8, 0x37,
    0x9C, 0xFF, 0x04, 0x00, 0x32, 0x0B, 0x07, 0x81, 0x81, 0x81, 0xFD, 0xCE, 0xC3, 0xE1, 0xF0, 0xD8,
    0xEF, 0xF3, 0xF8, 0x0D, 0x8C, 0xFE, 0x08, 0x00, 0x64, 0xF8, 0xE0, 0xCC, 0x18, 0x30, 0x60, 0xCF,
    0xBB, 0xE7, 0x8F, 0x1B, 0x33, 0x63, 0x00, 0x3F, 0x0F, 0xFB, 0x83, 0x60, 0x7C, 0x07, 0x80, 0xF0,
    0x1E, 0x03, 0xC0, 0x7C, 0x19, 0xEF, 0x1F, 0xC0, 0xC0, 0x18, 0x03, 0xC0, 0x10, 0x0C, 0x1F, 0x9C,
    0xCC, 0x3E, 0x1F, 0x0D, 0x8E, 0xE6, 0x3E, 0x0E, 0x06, 0x03, 0xC0, 0x40, 0x64, 0x2C, 0x3C, 0x18,
    0x00, 0xFF, 0x06, 0x0C, 0x18, 0x3C, 0x3E, 0x03, 0x03, 0x03, 0xC7, 0xFE, 0x10, 0x00, 0x80, 0x78,
    0x0F, 0x00, 0x90, 0x0F, 0x00, 0x60, 0x06, 0x00, 0x70, 0x0F, 0x00, 0xF0, 0x19, 0x81, 0x98, 0x30,
    0xC3, 0xFC, 0x7F, 0xE6, 0x06, 0x60, 0x7C, 0x03, 0x00, 0x00, 0x03, 0x1E, 0x36, 0x36, 0x1C, 0x1C,
    0x7E, 0x63, 0x03, 0x3F, 0x7F, 0x63, 0x67, 0x7F, 0x10, 0x00, 0x60, 0x00, 0xE0, 0x00, 0xC0, 0x00,
    0x80, 0x03, 0xFF, 0x03, 0xFF, 0x07, 0x80, 0x0F, 0x80, 0x0D, 0x80, 0x18, 0xFE, 0x18, 0xFE, 0x3F,
    0xC0, 0x7F, 0xC0, 0x60, 0xC0, 0xE0, 0x7E, 0xC0, 0x7F, 0x00, 0x00, 0x00, 0xC0, 0x06, 0x00, 0x18,
    0x00, 0xC0, 0x1C, 0x61, 0xFF, 0xE6, 0x39, 0xC0, 0xC3, 0x3F, 0xFD, 0xFF, 0xE6, 0x30, 0x19, 0xE3,
    0x7D, 0xFC, 0x40, 0x80, 0x03, 0x00, 0x60, 0x18, 0x02, 0x63, 0xFC, 0xFF, 0xB8, 0xF6, 0x1F, 0xC6,
    0x78, 0xCF, 0x31, 0xE6, 0x3D, 0x87, 0xE1, 0x9E, 0xF3, 0xFC, 0x64, 0x00, 0x06, 0x03, 0x03, 0x01,
    0x80, 0xF1, 0xF9, 0xDC, 0xCF, 0xED, 0xFC, 0xDE, 0xEE, 0x63, 0xE3, 0x40, 0x16, 0x01, 0xE0, 0x0B,
    0x00, 0x90, 0x06, 0x00, 0x70, 0x0F, 0x00, 0xF0, 0x19, 0x81, 0x98, 0x30, 0xC3, 0xFC, 0x7F, 0xE6,
    0x06, 0x60, 0x7C, 0x03, 0x00, 0x00, 0x28, 0x3C, 0x3C, 0x14, 0x1C, 0x7E, 0x63, 0x03, 0x3F, 0x7F,
    0x63, 0x67, 0x7F, 0x10, 0x0F, 0x01, 0xF8, 0x19, 0x81, 0x08, 0x06, 0x00, 0x70, 0x0F, 0x00, 0xF0,
    0x19, 0x81, 0x98, 0x30, 0xC3, 0xFC, 0x7F, 0xE6, 0x06, 0x60, 0x7C, 0x03, 0x00, 0x00, 0x1C, 0x3E,
    0x32, 0x22, 0x1C, 0x7E, 0x63, 0x03, 0x3F, 0x7F, 0x63, 0x67, 0x7F, 0x10, 0x78, 0x78, 0x3C, 0x14,
    0xFF, 0xFF, 0xC0, 0xC0, 0xC0, 0xFF, 0xFF, 0xC0, 0xC0, 0xC0, 0xFE, 0xFF, 0x2C, 0x1E, 0x0F, 0x02,
    0x80, 0xC1, 0xF1, 0x8C, 0xC2, 0xFF, 0xFF, 0x98, 0x0E, 0x63, 0xF0, 0x40, 0x1C, 0x3E, 0x62, 0x22,
    0xFF, 0xFF, 0xC0, 0xC0, 0xC0, 0xFF, 0xFF, 0xC0, 0xC0, 0xC0, 0xFE, 0xFF, 0x1C, 0x1F, 0x0C, 0x84,
    0x60, 0xC1, 0xF1, 0x8C, 0xC2, 0xFF, 0xFF, 0x98, 0x0E, 0x63, 0xF0, 0x40, 0xB7, 0x96, 0x13, 0x18,
    0xC6, 0x31, 0x8C, 0x63, 0x18, 0xC6, 0x00, 0xF7, 0x94, 0xB0, 0x18, 0xC6, 0x31, 0x8C, 0x63, 0x00,
    0x39, 0xFC, 0x61, 0x30, 0xC3, 0x0C, 0x30, 0xC3, 0x0C, 0x30, 0xC3, 0x0C, 0x00, 0x31, 0xEC, 0xF3,
    0x00, 0xC3, 0x0C, 0x30, 0xC3, 0x0C, 0x30, 0x00, 0x3C, 0x07, 0x80, 0x78, 0x05, 0x03, 0xF0, 0xFF,
    0xB8, 0x36, 0x07, 0xC0, 0x78, 0x0F, 0x01, 0xE0, 0x3C, 0x07, 0xC1, 0x9E, 0xF1, 0xFC, 0x04, 0x00,
    0x2C, 0x1E, 0x0F, 0x02, 0x80, 0xC1, 0xF9, 0xCC, 0xC3, 0xE1, 0xF0, 0xD8, 0xEE, 0x63, 0xE0, 0x40,
    0x0E, 0x03, 0xE0, 0xC4, 0x00, 0x83, 0xF0, 0xFF, 0xB8, 0x36, 0x07, 0xC0, 0x78, 0x0F, 0x01, 0xE0,
    0x3C, 0x07, 0xC1, 0x9E, 0xF1, 0xFC, 0x04, 0x00, 0x1C, 0x1F, 0x0C, 0x84, 0x40, 0xC1, 0xF9, 0xCC,
    0xC3, 0xE1, 0xF0, 0xD8, 0xEE, 0x63, 0xE0, 0x40, 0x78, 0x0F, 0x03, 0xC0, 0x50, 0xFF, 0x3F, 0xEC,
    0x1B, 0x06, 0xC1, 0xB0, 0xEF, 0xF3, 0x1C, 0xC3, 0x30, 0xEC, 0x1B, 0x03, 0x00, 0x00, 0x51, 0xE7,
    0x8A, 0x0D, 0xF7, 0x18, 0x61, 0x86, 0x18, 0x60, 0x00, 0x1C, 0x0F, 0x82, 0x30, 0x80, 0xFF, 0x3F,
    0xEC, 0x1B, 0x06, 0xC1, 0xB0, 0xEF, 0xF3, 0x1C, 0xC3, 0x30, 0xEC, 0x1B, 0x03, 0x00, 0x00, 0x73,
    0xEC, 0xA2, 0x1B, 0xEE, 0x30, 0xC3, 0x0C, 0x30, 0xC0, 0x00, 0x2C, 0x0F, 0x01, 0x60, 0x40, 0xC0,
    0xF0, 0x3C, 0x0F, 0x03, 0xC0, 0xF0, 0x3C, 0x0F, 0x03, 0xC0, 0xF8, 0x37, 0x38, 0xFC, 0x0C, 0x00,
    0x58, 0x78, 0x78, 0x28, 0x02, 0xC6, 0xC6, 0xC6, 0xC6, 0xC6, 0xC6, 0xEE, 0x7E, 0x10, 0x1E, 0x0F,
    0xC3, 0x30, 0x84, 0xC0, 0xF0, 0x3C, 0x0F, 0x03, 0xC0, 0xF0, 0x3C, 0x0F, 0x03, 0xC0, 0xF8, 0x37,
    0x38, 0xFC, 0x0C, 0x00, 0x18, 0x7C, 0x64, 0x46, 0x02, 0xC6, 0xC6, 0xC6, 0xC6, 0xC6, 0xC6, 0xEE,
    0x7E, 0x10, 0x3F, 0x1F, 0xF6, 0x09, 0x80, 0x60, 0x1F, 0x01, 0xF8, 0x0F, 0x00, 0xC0, 0x37, 0x3D,
    0xFE, 0x04, 0x03, 0x00, 0xC0, 0x10, 0x04, 0x00, 0x18, 0x7E, 0x62, 0x60, 0x7C, 0x1E, 0x07, 0x66,
    0x7E, 0x18, 0x18, 0x18, 0x18, 0x10, 0x7F, 0xE7, 0xFE, 0x06, 0x00, 0x60, 0x06, 0x00, 0x60, 0x06,
    0x00, 0x60, 0x06, 0x00, 0x60, 0x06, 0x00, 0x60, 0x00, 0x00, 0x60, 0x06, 0x00, 0x60, 0x04, 0x00,
    0x30, 0x60, 0xC3, 0xF3, 0x06, 0x0C, 0x18, 0x30, 0x70, 0x78, 0x20, 0xC1, 0x83, 0x04, 0x64, 0x7C,
    0x38, 0x18, 0xC0, 0xC0, 0xC0, 0xD8, 0xFE, 0xE6, 0xC7, 0xC3, 0xC3, 0xC3, 0xC3, 0xC3, 0x00, 0xC6,
    0x63, 0x36, 0x6C, 0x31, 0xE7, 0xB3, 0x03, 0xDB, 0xC0, 0xFF, 0xF0, 0x87, 0x3F, 0xDE, 0xF0, 0x49,
    0xE0, 0xFF, 0x36, 0xF9, 0x9F, 0x7B, 0xD5, 0xE0, 0xCD, 0xE7, 0x8C, 0x00, 0xF7, 0x94, 0xF0, 0x31,
    0xEC, 0xF3, 0x7F, 0x11, 0x9C, 0xC0, 0xF0, 0x4B, 0xF0, 0x00, 0xFE, 0x46, 0x7F, 0x60, 0x26, 0x47,
    0x20, 0x03, 0x3F, 0xDE, 0x7B, 0xF0, 0x7E, 0x7E, 0x0C, 0xF7, 0x30, 0x02, 0x06, 0x0C, 0x0C, 0x18,
    0x18, 0x30, 0x20, 0x60, 0x40, 0x20, 0x30, 0x18, 0x08, 0xFF, 0xFF, 0xC0, 0xC0, 0xC0, 0xFF, 0xFF,
    0xC0, 0xC0, 0xC0, 0xFE, 0xFF, 0x36, 0x36, 0x00, 0xFF, 0xFF, 0xC0, 0xC0, 0xC0, 0xFF, 0xFF, 0xC0,
    0xC0, 0xC0, 0xFE, 0xFF, 0x7F, 0xE0, 0xFF, 0xC0, 0x18, 0x00, 0x30, 0x00, 0x6E, 0x00, 0xFF, 0x01,
    0xCF, 0x03, 0x06, 0x06, 0x0C, 0x0C, 0x18, 0x18, 0x30, 0x30, 0x60, 0x00, 0xC0, 0x03, 0x80, 0x3E,
    0x00, 0x10, 0x04, 0x0C, 0x18, 0x10, 0xFF, 0xFF, 0xC0, 0xC0, 0xC0, 0xC0, 0xC0, 0xC0, 0xC0, 0xC0,
    0xC0, 0xC0, 0x00, 0x3F, 0x9F, 0xFE, 0x0F, 0x00, 0xC0, 0x3F, 0xCF, 0xF3, 0x00, 0xC0, 0x38, 0x07,
    0xBC, 0xFE, 0x04, 0x00, 0x3F, 0x1F, 0xF6, 0x09, 0x80, 0x60, 0x1F, 0x01, 0xF8, 0x0F, 0x00, 0xC0,
    0x37, 0x3D, 0xFE, 0x04, 0x00, 0xFF, 0xFF, 0xFF, 0x00, 0x6D, 0xB0, 0x0C, 0x30, 0xC3, 0x0C, 0x30,
    0xC3, 0x0C, 0x30, 0xC3, 0x00, 0x18, 0xC6, 0x31, 0x8C, 0x63, 0x18, 0xCF, 0xE0, 0x00, 0x1F, 0xE0,
    0x03, 0xFC, 0x00, 0x61, 0x80, 0x0C, 0x30, 0x01, 0x86, 0x00, 0x30, 0xFE, 0x06, 0x1F, 0xF1, 0x83,
    0x06, 0x30, 0x60, 0xC6, 0x0C, 0x19, 0x81, 0xFF, 0x70, 0x3F, 0xC0, 0x00, 0x00, 0xC0, 0x60, 0x30,
    0x38, 0x0C, 0x0E, 0x03, 0x03, 0x80, 0xC0, 0xE0, 0x3F, 0xFF, 0xCF, 0xFF, 0xFB, 0x03, 0x83, 0xC0,
    0xE0, 0xF0, 0x38, 0x3C, 0x0F, 0xFF, 0x01, 0xFE, 0x00, 0x00, 0x00, 0x7F, 0xE0, 0xFF, 0xC0, 0x18,
    0x00, 0x30, 0x00, 0x6E, 0x00, 0xFF, 0x01, 0xC7, 0x03, 0x06, 0x06, 0x0C, 0x0C, 0x1C, 0x18, 0x38,
    0x30, 0x70, 0x00, 0x00, 0x06, 0x01, 0x80, 0xC0, 0x20, 0xC1, 0xB0, 0xCC, 0x73, 0x18, 0xCC, 0x3F,
    0x0F, 0xE3, 0x1C, 0xC3, 0x30, 0xEC, 0x1B, 0x06, 0x00, 0x00, 0x30, 0x06, 0x00, 0xC0, 0x20, 0xC0,
    0xF0, 0x7C, 0x1F, 0x0F, 0xC7, 0xF3, 0xBC, 0xCF, 0x63, 0xF8, 0xFC, 0x3E, 0x0F, 0x03, 0x00, 0x00,
    0x00, 0x06, 0x30, 0x7C, 0x07, 0x0C, 0x07, 0xC1, 0xD8, 0x31, 0x8E, 0x39, 0x83, 0x60, 0x7C, 0x07,
    0x00, 0x60, 0x18, 0x03, 0x00, 0xC0, 0x00, 0x00, 0xC0, 0xD8, 0x1F, 0x03, 0xE0, 0x7C, 0x0F, 0x81,
    0xF0, 0x3E, 0x07, 0xC0, 0xF8, 0x1F, 0xFF, 0xFF, 0xE0, 0xC0, 0x18, 0x03, 0x00, 0x06, 0x00, 0x70,
    0x0F, 0x00, 0xF0, 0x19, 0x81, 0x98, 0x30, 0xC3, 0xFC, 0x7F, 0xE6, 0x06, 0x60, 0x7C, 0x03, 0x00,
    0x00, 0xFF, 0xBF, 0xCC, 0x03, 0x00, 0xC0, 0x3F, 0xCF, 0xFB, 0x06, 0xC1, 0xF0, 0x7F, 0xFB, 0xFC,
    0xFF, 0x3F, 0xEC, 0x1B, 0x06, 0xC1, 0xBF, 0xCF, 0xFB, 0x06, 0xC1, 0xF0, 0x7C, 0x3B, 0xFC, 0xFF,
    0xFF, 0xC0, 0xC0, 0xC0, 0xC0, 0xC0, 0xC0, 0xC0, 0xC0, 0xC0, 0xC0, 0x00, 0x1F, 0xE0, 0xFF, 0x06,
    0x18, 0x30, 0xC1, 0x86, 0x0C, 0x30, 0x61, 0x86, 0x0C, 0x30, 0x61, 0x83, 0x1F, 0xFD, 0xFF, 0xFC,
    0x01, 0xE0, 0x0F, 0x00, 0x60, 0xFF, 0xFF, 0xC0, 0xC0, 0xC0, 0xFF, 0xFF, 0xC0, 0xC0, 0xC0, 0xFE,
    0xFF, 0x61, 0x86, 0x71, 0x86, 0x31, 0x8C, 0x19, 0x9C, 0x1D, 0x98, 0x0F, 0xF0, 0x1F, 0xF8, 0x39,
    0x8C, 0x71, 0x8E, 0x61, 0x86, 0xE1, 0x87, 0xC1, 0x83, 0x00, 0x00, 0x3F, 0x1F, 0xE4, 0x1C, 0x03,
    0x01, 0x8F, 0xE3, 0xF8, 0x07, 0x00, 0xD0, 0x3F, 0x3D, 0xFE, 0x0C, 0x00, 0xC0, 0xF0, 0x7C, 0x1F,
    0x0F, 0xC7, 0xF3, 0xBC, 0xCF, 0x63, 0xF8, 0xFC, 0x3E, 0x0F, 0x03, 0x00, 0x00, 0x00, 0x0C, 0x63,
    0xF0, 0x30, 0xC0, 0xF0, 0x7C, 0x1F, 0x0F, 0xC7, 0xF3, 0xBC, 0xCF, 0x63, 0xF8, 0xFC, 0x3E, 0x0F,
    0x03, 0x00, 0x00, 0xC1, 0xB0, 0xCC, 0x73, 0x18, 0xCC, 0x3F, 0x0F, 0xE3, 0x1C, 0xC3, 0x30, 0xEC,
    0x1B, 0x06, 0x00, 0x00, 0x1F, 0xE3, 0xFC, 0x61, 0x8C, 0x31, 0x86, 0x30, 0xC6, 0x19, 0x83, 0x30,
    0x66, 0x0D, 0x81, 0xF0, 0x30, 0x00, 0xC0, 0x3E, 0x03, 0xE0, 0x7F, 0x07, 0xF0, 0xFD, 0x9F, 0xD9,
    0xBC, 0xF3, 0xCF, 0x3C, 0x63, 0xC2, 0x3C, 0x03, 0x00, 0x00, 0xC0, 0x78, 0x1F, 0x03, 0xE0, 0x7C,
    0x0F, 0xFF, 0xFF, 0xFE, 0x07, 0xC0, 0xF8, 0x1F, 0x03, 0xE0, 0x30, 0x00, 0x3F, 0x0F, 0xFB, 0x83,
    0x60, 0x7C, 0x07, 0x80, 0xF0, 0x1E, 0x03, 0xC0, 0x7C, 0x19, 0xEF, 0x1F, 0xC0, 0x40, 0xFF, 0xDF,
    0xFF, 0x03, 0xE0, 0x7C, 0x0F, 0x81, 0xF0, 0x3E, 0x07, 0xC0, 0xF8, 0x1F, 0x03, 0xE0, 0x60, 0x00,
    0xFF, 0x3F, 0xEC, 0x1B, 0x06, 0xC1, 0xB0, 0xEF, 0xF3, 0xF8, 0xC0, 0x30, 0x0C, 0x03, 0x00, 0x00,
    0x00, 0x3F, 0x9F, 0xFE, 0x0F, 0x00, 0xC0, 0x30, 0x0C, 0x03, 0x00, 0xC0, 0x38, 0x07, 0xBC, 0xFE,
    0x04, 0x00, 0x7F, 0xE7, 0xFE, 0x06, 0x00, 0x60, 0x06, 0x00, 0x60, 0x06, 0x00, 0x60, 0x06, 0x00,
    0x60, 0x06, 0x00, 0x60, 0x00, 0x00, 0xC0, 0x7C, 0x1D, 0x83, 0x18, 0xE3, 0x98, 0x36, 0x07, 0xC0,
    0x70, 0x06, 0x01, 0x80, 0x30, 0x0C, 0x00, 0x00, 0x06, 0x00, 0x30, 0x0F, 0xF0, 0xFF, 0xCE, 0x63,
    0x63, 0x1B, 0x18, 0xD8, 0xC6, 0xC6, 0x37, 0x31, 0x9D, 0xB8, 0x7F, 0x80, 0x60, 0x03, 0x00, 0x60,
    0xCC, 0x18, 0xC6, 0x1D, 0x81, 0xF0, 0x1C, 0x03, 0x80, 0xF8, 0x3B, 0x86, 0x31, 0x87, 0x70, 0x60,
    0x00, 0xC0, 0xCC, 0x0E, 0xC0, 0xEC, 0x0E, 0xC0, 0xEC, 0x0E, 0xC0, 0xEC, 0x0E, 0xC0, 0xEC, 0x0E,
    0xFF, 0xEF, 0xFF, 0x00, 0x30, 0x03, 0x00, 0x30, 0x60, 0xD8, 0x36, 0x0D, 0x83, 0x60, 0xDC, 0x33,
    0xFC, 0x7F, 0x00, 0xC0, 0x30, 0x0C, 0x03, 0x00, 0x00, 0xC1, 0x86, 0xC1, 0x86, 0xC1, 0x86, 0xC1,
    0x86, 0xC1, 0x86, 0xC1, 0x86, 0xC1, 0x86, 0xC1, 0x86, 0xC1, 0x86, 0xC1, 0x86, 0xFF, 0xFE, 0xFF,
    0xFE, 0xC1, 0x86, 0x60, 0xC3, 0x30, 0x61, 0x98, 0x30, 0xCC, 0x18, 0x66, 0x0C, 0x33, 0x06, 0x19,
    0x83, 0x0C, 0xC1, 0x86, 0x60, 0xC3, 0x3F, 0xFF, 0xDF, 0xFF, 0xF0, 0x00, 0x18, 0x00, 0x0C, 0x00,
    0x06, 0x7C, 0x01, 0xF0, 0x00, 0xC0, 0x03, 0x00, 0x0C, 0x00, 0x3F, 0xC0, 0xFF, 0x83, 0x07, 0x0C,
    0x0C, 0x30, 0x30, 0xFF, 0x83, 0xFC, 0xC0, 0x3C, 0x03, 0xC0, 0x3C, 0x03, 0xC0, 0x3F, 0xE3, 0xFF,
    0x3C, 0x1B, 0xC1, 0xBC, 0x1B, 0xFF, 0xBF, 0xF3, 0x00, 0x00, 0xC0, 0x30, 0x0C, 0x03, 0x00, 0xC0,
    0x3F, 0xCF, 0xFB, 0x06, 0xC1, 0xF0, 0x7F, 0xFB, 0xFC, 0x3F, 0x0F, 0xF1, 0x07, 0x00, 0x60, 0x0C,
    0x3F, 0xC7, 0xF8, 0x06, 0x00, 0xC8, 0x3B, 0xDE, 0x3F, 0x80, 0x80, 0xC1, 0xF9, 0x87, 0xFB, 0x18,
    0x36, 0x70, 0x3C, 0xC0, 0x7F, 0x80, 0xFF, 0x01, 0xE6, 0x03, 0xCE, 0x07, 0x8C, 0x1F, 0x1E, 0xF6,
    0x1F, 0xC0, 0x04, 0x00, 0x7F, 0xFF, 0xF0, 0x78, 0x3C, 0x1F, 0x0D, 0xFE, 0x73, 0x61, 0xB0, 0xF0,
    0x78, 0x30, 0x00, 0x1C, 0x7E, 0x63, 0x03, 0x3F, 0x7F, 0x63, 0x67, 0x7F, 0x10, 0x07, 0x1F, 0x9C,
    0x0C, 0x07, 0xF3, 0x9B, 0x87, 0xC3, 0x61, 0xB0, 0xDC, 0xC7, 0xE0, 0x80, 0x00, 0xFE, 0xC6, 0xC6,
    0xFE, 0xFE, 0xC3, 0xC7, 0xFE, 0x01, 0xFB, 0x06, 0x0C, 0x18, 0x30, 0x60, 0xC0, 0x00, 0x00, 0x0F,
    0xC3, 0x38, 0xCE, 0x33, 0x8C, 0xE3, 0x39, 0x8E, 0xFF, 0xF0, 0x3C, 0x0C, 0x02, 0x0C, 0x1F, 0x18,
    0xCC, 0x2F, 0xFF, 0xF9, 0x80, 0xE6, 0x3F, 0x04, 0x00, 0x02, 0x03, 0x19, 0x9D, 0xDC, 0x6E, 0xC1,
    0xFE, 0x1F, 0xF1, 0x9C, 0xDC, 0xE7, 0xC3, 0x18, 0x00, 0x00, 0x18, 0x7E, 0x47, 0x07, 0x3E, 0x3F,
    0x03, 0xE7, 0x7E, 0x18, 0x02, 0xC7, 0xC7, 0xCF, 0xDB, 0xFB, 0xF3, 0xE3, 0xC3, 0x00, 0x42, 0x66,
    0x3C, 0x02, 0xC7, 0xC7, 0xCF, 0xDB, 0xFB, 0xF3, 0xE3, 0xC3, 0x00, 0x00, 0xC6, 0xCE, 0xDC, 0xF8,
    0xFC, 0xCE, 0xC6, 0xC3, 0x00, 0x00, 0x1F, 0xCC, 0x66, 0x33, 0x19, 0x8C, 0xC6, 0xC3, 0xE1, 0x80,
    0x00, 0x00, 0x60, 0xF8, 0xFC, 0x7F, 0x7F, 0xFF, 0x77, 0x93, 0xC1, 0x80, 0x00, 0x02, 0xC3, 0xC3,
    0xC3, 0xFF, 0xFF, 0xC3, 0xC3, 0xC3, 0x00, 0x0C, 0x1F, 0x9C, 0xCC, 0x3E, 0x1F, 0x0D, 0x86, 0xE6,
    0x3F, 0x04, 0x00, 0x00, 0xFF, 0xC3, 0xC3, 0xC3, 0xC3, 0xC3, 0xC3, 0xC3, 0x00, 0x08, 0x7F, 0x39,
    0xD8, 0x6C, 0x36, 0x1B, 0x0D, 0xCE, 0xFE, 0x64, 0x30, 0x18, 0x00, 0x00, 0x0C, 0x3F, 0x73, 0x60,
    0xE0, 0x60, 0x60, 0x73, 0x3E, 0x08, 0x00, 0x3F, 0xC3, 0x01, 0x80, 0xC0, 0x60, 0x30, 0x18, 0x0C,
    0x00, 0x00, 0x01, 0x61, 0xD8, 0xCC, 0x67, 0x61, 0xB0, 0xF0, 0x38, 0x1C, 0x0C, 0x06, 0x06, 0x00,
    0x00, 0x03, 0x00, 0x18, 0x00, 0xC0, 0x36, 0x83, 0xFF, 0x33, 0x99, 0x9C, 0xFC, 0x63, 0xE3, 0x1B,
    0x39, 0xD9, 0xCC, 0x7F, 0xE0, 0x34, 0x01, 0x80, 0x0C, 0x00, 0x00, 0x41, 0x31, 0x9D, 0xC7, 0xC1,
    0xC0, 0xE0, 0xF8, 0xEE, 0x63, 0x00, 0x00, 0x02, 0x61, 0xB1, 0xD8, 0xEC, 0x76, 0x3B, 0x1D, 0x8E,
    0xFF, 0x80, 0xC0, 0x60, 0x00, 0x40, 0x63, 0x63, 0x63, 0x63, 0x7F, 0x1F, 0x03, 0x03, 0x00, 0x04,
    0x38, 0xCF, 0x19, 0xE3, 0x3C, 0x67, 0x8C, 0xF1, 0x9E, 0x33, 0xFF, 0xE0, 0x04, 0x26, 0x33, 0x31,
    0x99, 0x8C, 0xCC, 0x66, 0x63, 0x33, 0x19, 0x98, 0xCC, 0xFF, 0xF8, 0x00, 0xC0, 0x06, 0x00, 0x20,
    0x00, 0x0F, 0x00, 0x60, 0x0F, 0x81, 0xFC, 0x30, 0xC6, 0x18, 0xC7, 0x1F, 0xC0, 0x00, 0x30, 0x3C,
    0x0F, 0xE3, 0xFE, 0xF1, 0xFC, 0x3F, 0x1B, 0xFE, 0xC0, 0x00, 0x00, 0xC0, 0xC0, 0xF8, 0xFE, 0xC7,
    0xC3, 0xC6, 0xFE, 0x30, 0xFC, 0xC6, 0x07, 0x3F, 0x3F, 0x06, 0xCE, 0xFC, 0x10, 0x03, 0x19, 0xFB,
    0x73, 0xEC, 0x3F, 0x87, 0xF0, 0xF6, 0x1E, 0x67, 0xCF, 0xC0, 0x20, 0x01, 0xFF, 0x1E, 0x3E, 0x6F,
    0xD9, 0xE3, 0xC6, 0x00, 0x30, 0x18, 0x06, 0x01, 0x00, 0xC1, 0xF1, 0x8C, 0xC2, 0xFF, 0xFF, 0x98,
    0x0E, 0x63, 0xF0, 0x40, 0x36, 0x1B, 0x00, 0x01, 0x83, 0xE3, 0x19, 0x85, 0xFF, 0xFF, 0x30, 0x1C,
    0xC7, 0xE0, 0x80, 0x30, 0x1F, 0x8F, 0xE0, 0xC8, 0x3F, 0x8E, 0x73, 0x0C, 0xC3, 0x30, 0xCC, 0x33,
    0x0C, 0xC3, 0x01, 0xC0, 0xE0, 0x30, 0x00, 0x0C, 0x30, 0x61, 0x80, 0x1F, 0xB0, 0x60, 0xC1, 0x83,
    0x06, 0x0C, 0x00, 0x00, 0x0C, 0x3F, 0x73, 0x60, 0xFE, 0x7C, 0x60, 0x73, 0x3F, 0x08, 0x18, 0x7E,
    0x62, 0x60, 0x7C, 0x1E, 0x03, 0x67, 0x7E, 0x08, 0xF0, 0xFF, 0xFF, 0x00, 0x49, 0xF0, 0x00, 0x30,
    0xC3, 0x0C, 0x30, 0xC3, 0x0C, 0x00, 0x33, 0x00, 0x33, 0x33, 0x33, 0x33, 0x33, 0xE0, 0x00, 0x00,
    0xFE, 0x03, 0x18, 0x0C, 0x7C, 0x31, 0xFC, 0xC6, 0x33, 0x18, 0xD8, 0x67, 0xE1, 0xF8, 0x00, 0x00,
    0x02, 0x03, 0x0C, 0x0C, 0x30, 0x30, 0xF8, 0xFF, 0xFB, 0xFC, 0x6C, 0x31, 0xB0, 0xC6, 0xC3, 0xF0,
    0x00, 0x00, 0x30, 0x1F, 0x87, 0xE0, 0xC8, 0x3F, 0x8E, 0x73, 0x0C, 0xC3, 0x30, 0xCC, 0x33, 0x0C,
    0xC3, 0x00, 0x00, 0x04, 0x0C, 0x0C, 0x18, 0x00, 0xC6, 0xCE, 0xDC, 0xF8, 0xFC, 0xCE, 0xC6, 0xC3,
    0x00, 0x60, 0x70, 0x30, 0x10, 0x02, 0xC7, 0xC7, 0xCF, 0xDB, 0xFB, 0xF3, 0xE3, 0xC3, 0x00, 0x62,
    0x3B, 0x0F, 0x00, 0x2C, 0x3B, 0x19, 0x8C, 0xEC, 0x36, 0x1E, 0x07, 0x03, 0x81, 0x80, 0xC0, 0xC0,
    0x00, 0x02, 0xC3, 0xC3, 0xC3, 0xC3, 0xC3, 0xC3, 0xC3, 0xFF, 0x18, 0x18, 0x10, 0x18, 0x00, 0xC0,
    0x3F, 0xE0, 0x30, 0x01, 0x80, 0x0F, 0xF0, 0x7F, 0xC3, 0x06, 0x18, 0x18, 0xC1, 0xC7, 0xFC, 0x3F,
    0xC0, 0x18, 0x03, 0x00, 0x60, 0x0C, 0x07, 0xF0, 0x30, 0x07, 0xC0, 0xFE, 0x18, 0x63, 0x0C, 0x63,
    0x8F, 0xE0, 0x3F, 0xFC, 0x1F, 0xF8, 0x1C, 0x30, 0x0E, 0x70, 0x07, 0xE0, 0x0F, 0xF0, 0x1F, 0xF8,
    0x39, 0x9C, 0x71, 0x8C, 0x61, 0x86, 0x61, 0x86, 0xC1, 0x83, 0x00, 0x00, 0x00, 0x01, 0xFF, 0x06,
    0x30, 0x1B, 0x01, 0xFC, 0x1F, 0xF1, 0x9C, 0xCC, 0xE7, 0xC3, 0x18, 0x00, 0x00, 0x3F, 0x0F, 0xFB,
    0x83, 0x60, 0x7C, 0x07, 0xFF, 0xFF, 0xFE, 0x03, 0xC0, 0x7C, 0x19, 0xEF, 0x1F, 0xC0, 0x40, 0x0C,
    0x1F, 0x9C, 0xCC, 0x3F, 0xFF, 0xFD, 0x86, 0xE6, 0x3F, 0x04, 0x00, 0xC0, 0x3E, 0x03, 0xD8, 0x18,
    0xC1, 0x87, 0x0C, 0x18, 0xC0, 0xE6, 0x03, 0x30, 0x1B, 0x00, 0x78, 0x03, 0x80, 0x0C, 0x00, 0x00,
    0x00, 0x00, 0xB0, 0x76, 0x31, 0x8C, 0x76, 0x0D, 0x83, 0xC0, 0x70, 0x1C, 0x00, 0x00, 0x00, 0x03,
    0x18, 0x3F, 0x00, 0xC0, 0xC0, 0xCC, 0x1C, 0xC1, 0xCC, 0x3C, 0xC7, 0xCC, 0xEC, 0xCC, 0xCD, 0x8C,
    0xF8, 0xCF, 0x0C, 0xE0, 0xEC, 0x0F, 0x00, 0x30, 0x06, 0x00, 0x60, 0x42, 0x33, 0x0F, 0x00, 0x4C,
    0x76, 0x3B, 0x3D, 0xB6, 0xFB, 0x79, 0xB8, 0xD8, 0x70, 0x18, 0x18, 0x04, 0x18, 0x00, 0xC0, 0x1F,
    0xC0, 0x30, 0x01, 0x80, 0x0F, 0xF0, 0x7F, 0xC3, 0x06, 0x18, 0x38, 0xC1, 0x87, 0xFC, 0x3F, 0xC0,
    0x18, 0x03, 0x00, 0x60, 0x0C, 0x07, 0xF0, 0x30, 0x07, 0xC0, 0xFE, 0x18, 0x63, 0x0C, 0x63, 0x8F,
    0xE0, 0xFF, 0x3F, 0xEC, 0x1B, 0x06, 0xC5, 0xB1, 0xEF, 0xF3, 0xFC, 0xC1, 0x30, 0x0C, 0x03, 0x00,
    0x00, 0x00, 0x08, 0x7F, 0x39, 0xD8, 0x6C, 0x36, 0x1B, 0x3D, 0xCE, 0xFE, 0x65, 0xB0, 0x18, 0x00,
    0x00, 0x03, 0x03, 0x03, 0xFF, 0xFF, 0xC0, 0xC0, 0xC0, 0xC0, 0xC0, 0xC0, 0xC0, 0xC0, 0xC0, 0xC0,
    0x00, 0x00, 0x08, 0x37, 0xEC, 0x18, 0x30, 0x60, 0xC1, 0x83, 0x00, 0x00, 0x3F, 0xCF, 0xF3, 0x00,
    0xC0, 0x30, 0x3F, 0x8F, 0xE0, 0xC0, 0x30, 0x0C, 0x03, 0x00, 0xC0, 0x00, 0x00, 0x00, 0x1F, 0xCC,
    0x06, 0x07, 0xE3, 0xF0, 0xC0, 0x60, 0x30, 0x00, 0x00, 0xFF, 0x3F, 0xCC, 0x03, 0x00, 0xDC, 0x3F,
    0xCE, 0x3B, 0x06, 0xC1, 0xB0, 0x7C, 0x1F, 0x07, 0x01, 0x82, 0xE1, 0xF0, 0x10, 0x00, 0xFC, 0xC0,
    0xDC, 0xFE, 0xE7, 0xC3, 0xC3, 0xC3, 0x07, 0x0E, 0x0C, 0x00, 0x61, 0x86, 0x38, 0xC3, 0x0C, 0x63,
    0x03, 0x33, 0x81, 0xD9, 0x80, 0x7F, 0x80, 0x7F, 0xE0, 0x73, 0x18, 0x71, 0x8E, 0x30, 0xC3, 0x38,
    0x61, 0xD8, 0x30, 0x70, 0x00, 0x18, 0x00, 0x0C, 0x00, 0x06, 0x02, 0x01, 0x8C, 0xC7, 0x77, 0x0D,
    0xD8, 0x1F, 0xE0, 0xFF, 0x86, 0x73, 0x39, 0xCE, 0xC3, 0x1C, 0x00, 0x30, 0x00, 0xC0, 0x00, 0x3F,
    0x1F, 0xE4, 0x1C, 0x03, 0x01, 0x8F, 0xE3, 0xF8, 0x07, 0x00, 0xD0, 0x3F, 0x3D, 0xFE, 0x0C, 0x03,
    0x00, 0xC0, 0x18, 0x7E, 0x47, 0x07, 0x3E, 0x3F, 0x03, 0xE7, 0x7E, 0x18, 0x18, 0x08, 0xC1, 0x98,
    0x63, 0x1C, 0x63, 0x0C, 0xC1, 0xF8, 0x3F, 0x86, 0x38, 0xC3, 0x18, 0x73, 0x07, 0x60, 0xF0, 0x06,
    0x00, 0xC0, 0x18, 0x00, 0x63, 0x33, 0x9B, 0x8F, 0x87, 0xE3, 0x39, 0x8C, 0xC3, 0x80, 0xC0, 0x60,
    0x20, 0xC1, 0xB0, 0x6D, 0x33, 0x5C, 0xD6, 0x3F, 0x0F, 0xF3, 0x4C, 0xD3, 0xB4, 0x6C, 0x1F, 0x03,
    0x00, 0x00, 0x00, 0xC7, 0xF6, 0xFC, 0xFC, 0xFE, 0xF6, 0xF3, 0xC3, 0x00, 0x18, 0x21, 0x86, 0xFE,
    0xE1, 0x9C, 0x19, 0x81, 0xF8, 0x1F, 0xC1, 0x8C, 0x18, 0x61, 0x86, 0x18, 0x71, 0x83, 0x00, 0x00,
    0x30, 0x1F, 0x8F, 0xE0, 0xC0, 0x31, 0x8C, 0xE3, 0x70, 0xF8, 0x3F, 0x0C, 0xE3, 0x18, 0xC3, 0x00,
    0x00, 0x7C, 0x19, 0xF0, 0xE0, 0xC3, 0x03, 0x18, 0x0C, 0xE0, 0x3F, 0x00, 0xFE, 0x03, 0x1C, 0x0C,
    0x30, 0x30, 0x60, 0xC1, 0x83, 0x03, 0x00, 0x00, 0x00, 0x0F, 0x18, 0x67, 0x0C, 0xC1, 0xF8, 0x3F,
    0x06, 0x30, 0xC7, 0x18, 0x60, 0x00, 0xC0, 0x6C, 0x0E, 0xC0, 0xEC, 0x0E, 0xC0, 0xEF, 0xFE, 0xFF,
    0xEC, 0x0E, 0xC0, 0xEC, 0x0E, 0xC0, 0xEC, 0x07, 0x00, 0x30, 0x03, 0x00, 0x30, 0x02, 0x61, 0xB0,
    0xD8, 0x6F, 0xF7, 0xFB, 0x0D, 0x86, 0xC3, 0x80, 0xC0, 0x60, 0x10, 0xC0, 0x7F, 0x81, 0xFF, 0x03,
    0x86, 0x07, 0x0C, 0x0E, 0x1F, 0xFC, 0x3F, 0xF8, 0x60, 0x70, 0xC0, 0xE1, 0x81, 0xC3, 0x03, 0x86,
    0x03, 0x00, 0x00, 0x00, 0x00, 0x0C, 0x3F, 0xC3, 0x0C, 0x30, 0xFF, 0x0F, 0xF0, 0xC3, 0x0C, 0x30,
    0xC3, 0x00, 0x00, 0x3E, 0x03, 0xE0, 0x38, 0x61, 0x8F, 0x8C, 0x66, 0x66, 0x33, 0x31, 0x99, 0x8C,
    0xC6, 0x67, 0x37, 0x1C, 0xF6, 0x7F, 0xF0, 0x42, 0x00, 0x0C, 0x07, 0xC1, 0xCC, 0x33, 0xCE, 0xCC,
    0xD9, 0x9B, 0x33, 0xBC, 0x3F, 0xE0, 0x90, 0x3F, 0x9F, 0xFE, 0x0F, 0x00, 0xC0, 0x30, 0x0C, 0x03,
    0x00, 0xC0, 0x38, 0x07, 0xBC, 0xFE, 0x0C, 0x03, 0x00, 0xC0, 0x0C, 0x3F, 0x73, 0x60, 0xE0, 0x60,
    0x60, 0x73, 0x3E, 0x0C, 0x0C, 0x08, 0x7F, 0xEF, 0xFC, 0x18, 0x03, 0x00, 0x60, 0x0C, 0x01, 0x80,
    0x30, 0x06, 0x00, 0xC0, 0x1C, 0x03, 0xC0, 0x18, 0x03, 0x00, 0x40, 0x00, 0x3F, 0xC3, 0x01, 0x80,
    0xC0, 0x60, 0x30, 0x18, 0x0E, 0x03, 0x01, 0x80, 0x00, 0xC0, 0xF8, 0x76, 0x18, 0xCC, 0x3F, 0x07,
    0x80, 0xC0, 0x30, 0x0C, 0x03, 0x00, 0xC0, 0x30, 0x00, 0x00, 0x01, 0x61, 0xB8, 0xCC, 0x67, 0x61,
    0xB0, 0xF0, 0x38, 0x1C, 0x0C, 0x06, 0x03, 0x00, 0x00, 0xC0, 0xF8, 0x76, 0x18, 0xCC, 0x3F, 0x0F,
    0xC7, 0xF8, 0x30, 0x0C, 0x03, 0x00, 0xC0, 0x30, 0x00, 0x00, 0x01, 0x61, 0xB8, 0xCC, 0x67, 0x61,
    0xB0, 0xF0, 0x38, 0x3E, 0x3F, 0x06, 0x03, 0x00, 0x00, 0x60, 0xC6, 0x0C, 0x31, 0x83, 0xB0, 0x1F,
    0x00, 0xE0, 0x0E, 0x01, 0xF0, 0x3B, 0x83, 0x18, 0x60, 0xEE, 0x0F, 0x00, 0x30, 0x03, 0x00, 0x20,
    0x41, 0x31, 0x9D, 0xC7, 0xC1, 0xC0, 0xE0, 0xF8, 0xEE, 0x63, 0x80, 0xC0, 0x60, 0x10, 0x7F, 0xC6,
    0x7F, 0xC6, 0x0C, 0x06, 0x0C, 0x06, 0x0C, 0x06, 0x0C, 0x06, 0x0C, 0x06, 0x0C, 0x06, 0x0C, 0x06,
    0x0C, 0x06, 0x0F, 0xFE, 0x0F, 0xFF, 0x00, 0x03, 0x00, 0x03, 0x00, 0x03, 0x00, 0x03, 0xFB, 0x06,
    0x18, 0x30, 0xC1, 0x86, 0x0C, 0x30, 0x61, 0x83, 0x0C, 0x1F, 0xF0, 0x00, 0x80, 0x04, 0x00, 0x20,
    0x60, 0xC6, 0x0C, 0x60, 0xC6, 0x0C, 0x60, 0xC7, 0x0C, 0x3F, 0xC1, 0xFC, 0x00, 0xC0, 0x0C, 0x00,
    0xE0, 0x0F, 0x00, 0x30, 0x03, 0x00, 0x30, 0x40, 0x18, 0xC6, 0x31, 0x8C, 0x63, 0x1F, 0xC1, 0xF0,
    0x0C, 0x03, 0x80, 0x30, 0x0C, 0x02, 0x60, 0xD8, 0x36, 0x0D, 0x93, 0x64, 0xDD, 0x33, 0xFC, 0x7F,
    0x04, 0xC1, 0x30, 0x4C, 0x03, 0x00, 0x00, 0x41, 0x31, 0x98, 0xED, 0x76, 0xFB, 0xFC, 0x7E, 0x17,
    0x03, 0x00, 0x00, 0xC0, 0x30, 0x0C, 0x03, 0x00, 0xDE, 0x3F, 0xCE, 0x3B, 0x06, 0xC1, 0xF0, 0x3C,
    0x0F, 0x03, 0x00, 0x00, 0xC0, 0xC0, 0xC0, 0xC8, 0xFE, 0xE7, 0xC3, 0xC3, 0xC3, 0xC3, 0xC3, 0xC3,
    0x00, 0x03, 0xF0, 0x0F, 0xF0, 0x38, 0x36, 0x60, 0x6D, 0xC0, 0xFF, 0xFF, 0xDF, 0xFF, 0x8E, 0x00,
    0x0C, 0x00, 0x1C, 0x00, 0x1E, 0xF0, 0x1F, 0xC0, 0x04, 0x00, 0x03, 0x01, 0xF3, 0x63, 0x7C, 0x6F,
    0xFC, 0x7F, 0x8E, 0x00, 0xE6, 0x0F, 0xC0, 0x40, 0x03, 0xF0, 0x0F, 0xF0, 0x38, 0x36, 0x60, 0x6D,
    0xC0, 0xFF, 0xFF, 0xDF, 0xFF, 0x8E, 0x00, 0x0C, 0x00, 0x1C, 0x00, 0x1E, 0xF0, 0x1F, 0xC0, 0x0E,
    0x00, 0x18, 0x00, 0x3C, 0x00, 0x30, 0x03, 0x01, 0xF3, 0x63, 0x7C, 0x6F, 0xFC, 0x7F, 0x8E, 0x00,
    0xE6, 0x0F, 0xC0, 0xE0, 0x18, 0x03, 0xC0, 0x10, 0xFF, 0xFF, 0xFF, 0x00, 0x00, 0x00, 0x06, 0x20,
    0x07, 0xE0, 0x01, 0x80, 0x61, 0x86, 0x71, 0x86, 0x31, 0x8C, 0x19, 0x9C, 0x1D, 0x98, 0x0F, 0xF0,
    0x1F, 0xF8, 0x39, 0x8C, 0x71, 0x8E, 0x61, 0x86, 0xE1, 0x87, 0xC1, 0x83, 0x00, 0x00, 0x08, 0xC0,
    0x6C, 0x03, 0xE0, 0x04, 0x06, 0x33, 0x3B, 0xB8, 0xDD, 0x83, 0xFC, 0x3F, 0xE3, 0x39, 0xB9, 0xCF,
    0x86, 0x30, 0x00, 0x00, 0xC1, 0xB0, 0xEC, 0x73, 0x18, 0xCE, 0x3F, 0x8F, 0xF3, 0x0E, 0xC1, 0xB0,
    0x7C, 0x1F, 0x07, 0x01, 0x82, 0xE1, 0xF0, 0x10, 0x00, 0xC6, 0xCE, 0xDC, 0xFC, 0xFE, 0xC6, 0xC7,
    0xC7, 0x06, 0x0E, 0x1C, 0x00, 0x1F, 0xE0, 0xFF, 0x06, 0x18, 0x30, 0xC1, 0x86, 0x0C, 0x30, 0x61,
    0x86, 0x0C, 0x30, 0x61, 0x83, 0x18, 0x1D, 0xC0, 0xF0, 0x01, 0x80, 0x18, 0x00, 0xC0, 0x00, 0x0F,
    0xE3, 0x18, 0xC6, 0x31, 0x8C, 0x63, 0x19, 0x86, 0xE1, 0xC0, 0x60, 0x18, 0x00, 0xC0, 0x78, 0x1F,
    0x03, 0xE0, 0x7C, 0x0F, 0xFF, 0xFF, 0xFE, 0x07, 0xC0, 0xF8, 0x1F, 0x03, 0xE0, 0x70, 0x0E, 0x01,
    0x80, 0xF0, 0x08, 0x02, 0xC3, 0xC3, 0xC3, 0xFF, 0xFF, 0xC3, 0xC3, 0xC3, 0x03, 0x07, 0x0E, 0x08,
    0xC0, 0x6C, 0x0E, 0xC0, 0xEC, 0x0E, 0xC0, 0xEF, 0xFE, 0xFF, 0xEC, 0x0E, 0xC0, 0xEC, 0x0E, 0xC0,
    0xEC, 0x07, 0x00, 0x30, 0x03, 0x00, 0x20, 0x02, 0x61, 0xB0, 0xD8, 0x6F, 0xF7, 0xFB, 0x0D, 0x86,
    0xC3, 0x80, 0xC0, 0xC0, 0x20, 0x60, 0xD8, 0x36, 0x0D, 0x83, 0x60, 0xDC, 0x33, 0xFC, 0x7F, 0x00,
    0xC0, 0x30, 0x1C, 0x0F, 0x03, 0x00, 0xC0, 0x10, 0x40, 0x63, 0x63, 0x63, 0x63, 0x7F, 0x1F, 0x03,
    0x07, 0x06, 0x06, 0x04, 0xC0, 0x33, 0x80, 0xCE, 0x07, 0x3C, 0x1C, 0xF0, 0xF3, 0x67, 0xCD, 0x9B,
    0x33, 0xCC, 0xCF, 0x33, 0x18, 0xCC, 0x23, 0xB0, 0x0F, 0x00, 0x08, 0x00, 0x60, 0x01, 0x80, 0x00,
    0x30, 0x6E, 0x3B, 0x8E, 0xF7, 0xBF, 0xED, 0xDB, 0x26, 0xC1, 0xC0, 0x30, 0x0C, 0x02, 0xFF, 0xFF,
    0xFF, 0x00, 0x00, 0x01, 0x88, 0x1F, 0x80, 0x60, 0x06, 0x00, 0x70, 0x0F, 0x00, 0xF0, 0x19, 0x81,
    0x98, 0x30, 0xC3, 0xFC, 0x7F, 0xE6, 0x06, 0x60, 0x7C, 0x03, 0x00, 0x00, 0x23, 0x36, 0x1E, 0x1C,
    0x7E, 0x63, 0x03, 0x3F, 0x7F, 0x63, 0x67, 0x7F, 0x10, 0x0F, 0x80, 0xD0, 0x00, 0x00, 0x60, 0x07,
    0x00, 0xF0, 0x0F, 0x01, 0x98, 0x19, 0x83, 0x0C, 0x3F, 0xC7, 0xFE, 0x60, 0x66, 0x07, 0xC0, 0x30,
    0x00, 0x36, 0x36, 0x00, 0x1C, 0x7E, 0x63, 0x03, 0x3F, 0x7F, 0x63, 0x67, 0x7F, 0x10, 0x03, 0xFF,
    0x03, 0xFF, 0x07, 0x80, 0x0F, 0x80, 0x0D, 0x80, 0x18, 0xFE, 0x18, 0xFE, 0x3F, 0xC0, 0x7F, 0xC0,
    0x60, 0xC0, 0xE0, 0x7E, 0xC0, 0x7F, 0x00, 0x00, 0x1C, 0x61, 0xFF, 0xE6, 0x39, 0xC0, 0xC3, 0x3F,
    0xFD, 0xFF, 0xE6, 0x30, 0x19, 0xE3, 0x7E, 0xFC, 0x00, 0x80, 0x00, 0x63, 0x3E, 0x1C, 0xFF, 0xFF,
    0xC0, 0xC0, 0xC0, 0xFF, 0xFF, 0xC0, 0xC0, 0xC0, 0xFE, 0xFF, 0x23, 0x1B, 0x87, 0x81, 0x83, 0xE3,
    0x19, 0x85, 0xFF, 0xFF, 0x30, 0x1C, 0xC7, 0xE0, 0x80, 0x3F, 0x1F, 0xF3, 0x03, 0x00, 0x70, 0x07,
    0xFF, 0xFF, 0xFE, 0x03, 0xC0, 0x7C, 0x19, 0xEF, 0x1F, 0xC0, 0x40, 0x18, 0x3F, 0x19, 0xC0, 0x67,
    0xFF, 0xFD, 0x8C, 0xCE, 0x3E, 0x04, 0x00, 0x1B, 0x03, 0x60, 0x00, 0x1F, 0x8F, 0xF9, 0x81, 0x80,
    0x38, 0x03, 0xFF, 0xFF, 0xFF, 0x01, 0xE0, 0x3E, 0x0C, 0xF7, 0x8F, 0xE0, 0x20, 0x36, 0x1B, 0x00,
    0x03, 0x07, 0xE3, 0x38, 0x0C, 0xFF, 0xFF, 0xB1, 0x99, 0xC7, 0xC0, 0x80, 0x03, 0xE0, 0x03, 0x40,
    0x00, 0x00, 0x61, 0x86, 0x71, 0x86, 0x31, 0x8C, 0x19, 0x9C, 0x1D, 0x98, 0x0F, 0xF0, 0x1F, 0xF8,
    0x39, 0x8C, 0x71, 0x8E, 0x61, 0x86, 0xE1, 0x87, 0xC1, 0x83, 0x00, 0x00, 0x0D, 0x80, 0x6C, 0x00,
    0x00, 0x04, 0x06, 0x33, 0x3B, 0xB8, 0xDD, 0x83, 0xFC, 0x3F, 0xE3, 0x39, 0xB9, 0xCF, 0x86, 0x30,
    0x00, 0x00, 0x1B, 0x06, 0xC0, 0x00, 0xFC, 0x7F, 0x90, 0x70, 0x0C, 0x06, 0x3F, 0x8F, 0xE0, 0x1C,
    0x03, 0x40, 0xFC, 0xF7, 0xF8, 0x30, 0x34, 0x3E, 0x00, 0x18, 0x7E, 0x47, 0x07, 0x3E, 0x3F, 0x03,
    0xE7, 0x7E, 0x18, 0x7F, 0xDF, 0xE0, 0x30, 0x1C, 0x0E, 0x07, 0xC1, 0xF8, 0x07, 0x00, 0xD0, 0x3F,
    0x3D, 0xFE, 0x0C, 0x00, 0x00, 0xFF, 0x06, 0x0C, 0x18, 0x3C, 0x3E, 0x03, 0x03, 0x03, 0xC7, 0xFE,
    0x10, 0x3F, 0x0F, 0xC0, 0x03, 0x03, 0xC1, 0xF0, 0x7C, 0x3F, 0x1F, 0xCE, 0xF3, 0x3D, 0x8F, 0xE3,
    0xF0, 0xF8, 0x3C, 0x0C, 0x00, 0x7C, 0x7E, 0x00, 0x02, 0xC7, 0xC7, 0xCF, 0xDB, 0xFB, 0xF3, 0xE3,
    0xC3, 0x00, 0x1B, 0x06, 0xC0, 0x03, 0x03, 0xC1, 0xF0, 0x7C, 0x3F, 0x1F, 0xCE, 0xF3, 0x3D, 0x8F,
    0xE3, 0xF0, 0xF8, 0x3C, 0x0C, 0x00, 0x6C, 0x6C, 0x00, 0x02, 0xC7, 0xC7, 0xCF, 0xDB, 0xFB, 0xF3,
    0xE3, 0xC3, 0x00, 0x1B, 0x03, 0x60, 0x00, 0x1F, 0x87, 0xFD, 0xC1, 0xB0, 0x3E, 0x03, 0xC0, 0x78,
    0x0F, 0x01, 0xE0, 0x3E, 0x0C, 0xF7, 0x8F, 0xE0, 0x20, 0x36, 0x1B, 0x00, 0x01, 0x83, 0xF3, 0x99,
    0x87, 0xC3, 0xE1, 0xB0, 0xDC, 0xC7, 0xE0, 0x80, 0x3F, 0x0F, 0xFB, 0x83, 0x60, 0x7C, 0x07, 0xFF,
    0xFF, 0xFE, 0x03, 0xC0, 0x7C, 0x19, 0xEF, 0x1F, 0xC0, 0x40, 0x0C, 0x1F, 0x9C, 0xCC, 0x3F, 0xFF,
    0xFD, 0x86, 0xE6, 0x3F, 0x04, 0x00, 0x1B, 0x03, 0x60, 0x00, 0x1F, 0x87, 0xFD, 0xC1, 0xB0, 0x3E,
    0x03, 0xFF, 0xFF, 0xFF, 0x01, 0xE0, 0x3E, 0x0C, 0xF7, 0x8F, 0xE0, 0x20, 0x36, 0x1B, 0x00, 0x01,
    0x83, 0xF3, 0x99, 0x87, 0xFF, 0xFF, 0xB0, 0xDC, 0xC7, 0xE0, 0x80, 0x3E, 0x02, 0x40, 0x00, 0x1F,
    0x87, 0xF8, 0x83, 0x80, 0x30, 0x06, 0x1F, 0xE3, 0xFC, 0x03, 0x00, 0x64, 0x1D, 0xEF, 0x1F, 0xC0,
    0x40, 0x6C, 0x6C, 0x00, 0x30, 0xFC, 0xC6, 0x07, 0x3F, 0x3F, 0x06, 0xCE, 0xFC, 0x10, 0x3F, 0x03,
    0xE0, 0x00, 0x60, 0x3E, 0x0E, 0xC1, 0x8C, 0x71, 0xCC, 0x1B, 0x03, 0xE0, 0x38, 0x03, 0x00, 0xC0,
    0x18, 0x06, 0x00, 0x00, 0x3E, 0x1F, 0x00, 0x00, 0x2C, 0x3B, 0x19, 0x8C, 0xEC, 0x36, 0x1E, 0x07,
    0x03, 0x81, 0x80, 0xC0, 0xC0, 0x00, 0x1B, 0x03, 0x60, 0x00, 0x60, 0x3E, 0x0E, 0xC1, 0x8C, 0x71,
    0xCC, 0x1B, 0x03, 0xE0, 0x38, 0x03, 0x00, 0xC0, 0x18, 0x06, 0x00, 0x00, 0x36, 0x1B, 0x00, 0x00,
    0x2C, 0x3B, 0x19, 0x8C, 0xEC, 0x36, 0x1E, 0x07, 0x03, 0x81, 0x80, 0xC0, 0xC0, 0x00, 0x07, 0x81,
    0xF0, 0x3C, 0x05, 0x0C, 0x07, 0xC1, 0xD8, 0x31, 0x8E, 0x39, 0x83, 0x60, 0x7C, 0x07, 0x00, 0x60,
    0x18, 0x03, 0x00, 0xC0, 0x00, 0x00, 0x0A, 0x0F, 0x07, 0x82, 0x80, 0x16, 0x1D, 0x8C, 0xC6, 0x76,
    0x1B, 0x0F, 0x03, 0x81, 0xC0, 0xC0, 0x60, 0x60, 0x00, 0x00, 0x1B, 0x06, 0xC0, 0x01, 0x83, 0x60,
    0xD8, 0x36, 0x0D, 0x83, 0x70, 0xCF, 0xF1, 0xFC, 0x03, 0x00, 0xC0, 0x30, 0x0C, 0x00, 0x36, 0x36,
    0x00, 0x40, 0x63, 0x63, 0x63, 0x63, 0x7F, 0x1F, 0x03, 0x03, 0x00, 0xFF, 0xFF, 0xC0, 0xC0, 0xC0,
    0xC0, 0xC0, 0xC0, 0xC0, 0xC0, 0xE0, 0xF0, 0x30, 0x30, 0x30, 0x01, 0xFB, 0x06, 0x0C, 0x18, 0x30,
    0x60, 0xE0, 0xC1, 0x81, 0x00, 0x0D, 0x80, 0xD8, 0x00, 0x0C, 0x03, 0xC0, 0x3C, 0x03, 0xC0, 0x3C,
    0x03, 0xFE, 0x3F, 0xF3, 0xC1, 0xBC, 0x1B, 0xC1, 0xBF, 0xFB, 0xFF, 0x30, 0x00, 0x1A, 0x07, 0xC0,
    0x00, 0x00, 0xC0, 0xF0, 0x3F, 0x8F, 0xFB, 0xC7, 0xF0, 0xFC, 0x6F, 0xFB, 0x00, 0x00, 0x3F, 0xCF,
    0xF3, 0x00, 0xC0, 0x30, 0x3F, 0x8F, 0xE0, 0xC0, 0x30, 0x0C, 0x03, 0x00, 0xE0, 0x18, 0x06, 0x07,
    0x80, 0x00, 0x00, 0x1F, 0xCC, 0x06, 0x07, 0xE3, 0xF0, 0xC0, 0x60, 0x3C, 0x06, 0x07, 0x07, 0x00,
    0x00, 0x60, 0xD8, 0x33, 0x18, 0xEC, 0x1F, 0x03, 0x80, 0xE0, 0x7C, 0x3B, 0x8C, 0x66, 0x0F, 0x83,
    0x00, 0xC0, 0x70, 0x38, 0x00, 0x41, 0x31, 0x9D, 0xC7, 0xC1, 0xC0, 0xE0, 0xF8, 0xEE, 0x63, 0x00,
    0xC0, 0xE0, 0xE0, 0x00, 0x60, 0xCC, 0x18, 0xC6, 0x1D, 0x81, 0xF0, 0x7F, 0x0F, 0xE0, 0xF8, 0x3B,
    0x86, 0x31, 0x87, 0x70, 0x60, 0x00, 0x41, 0x31, 0x9D, 0xC7, 0xC7, 0xF3, 0xF8, 0xF8, 0xEE, 0x63,
    0x00, 0x00, 0x7F, 0x7F, 0xF0, 0x78, 0x0C, 0x03, 0xF1, 0xF9, 0x80, 0xC0, 0x60, 0x7D, 0xEF, 0xE0,
    0x80, 0x18, 0x7F, 0x63, 0x60, 0x7C, 0x7C, 0xC0, 0x63, 0x7F, 0x08, 0x1F, 0xE3, 0xFC, 0x61, 0x8C,
    0x31, 0x86, 0x30, 0xC6, 0x19, 0x83, 0x30, 0x66, 0x0D, 0x81, 0xF0, 0x30, 0x06, 0x00, 0xC0, 0x70,
    0x00, 0x00, 0x1F, 0xCC, 0x66, 0x33, 0x19, 0x8C, 0xC6, 0xC3, 0xE1, 0x81, 0xC0, 0xC1, 0xE0, 0x40,
    0x3F, 0x0F, 0xFB, 0x83, 0x60, 0x7C, 0x07, 0x80, 0xF0, 0x1E, 0x03, 0xC0, 0x7C, 0x19, 0xEF, 0x1F,
    0xC0, 0x78, 0x03, 0x00, 0x30, 0x00, 0x18, 0x1F, 0xDC, 0xEC, 0x3E, 0x1F, 0x0D, 0x86, 0xE7, 0x3F,
    0x84, 0xC0, 0x60, 0x30, 0x00, 0xC0, 0xC0, 0xD8, 0x38, 0x36, 0x1E, 0x19, 0x87, 0x86, 0x31, 0xB1,
    0x8C, 0xCC, 0xC3, 0x33, 0x30, 0x6C, 0x6C, 0x1E, 0x1E, 0x07, 0x87, 0x80, 0xE0, 0xE0, 0x30, 0x30,
    0x00, 0x00, 0x00, 0x40, 0x03, 0x0C, 0x36, 0x39, 0x99, 0xE6, 0x77, 0x98, 0xF3, 0xC3, 0xCF, 0x07,
    0x3C, 0x18, 0x60, 0x00, 0x00, 0xFF, 0xCF, 0xFE, 0xC0, 0xEC, 0x0E, 0xC0, 0xEC, 0x0E, 0xC0, 0xEC,
    0x0E, 0xC0, 0xEC, 0x0E, 0xC0, 0xEC, 0x0F, 0x00, 0x30, 0x03, 0x00, 0x30, 0x00, 0x7F, 0xB0, 0xD8,
    0x6C, 0x36, 0x1B, 0x0D, 0x86, 0xC3, 0x80, 0xC0, 0x60, 0x10, 0xC0, 0x18, 0x03, 0x00, 0x60, 0x0D,
    0xE1, 0xFE, 0x38, 0xE6, 0x0C, 0xC1, 0xD8, 0x1B, 0x03, 0x60, 0x70, 0x06, 0x00, 0xC0, 0x18, 0xC0,
    0x60, 0x30, 0x19, 0x0F, 0xE7, 0x3B, 0x0D, 0x86, 0xC3, 0x61, 0xB0, 0xD8, 0x70, 0x18, 0x0C, 0x00,
    0x30, 0x19, 0x81, 0xCC, 0x0E, 0x60, 0x73, 0x03, 0x9F, 0xFC, 0xFF, 0xE6, 0x07, 0x30, 0x39, 0x81,
    0xCC, 0x0E, 0x60, 0x33, 0x00, 0x18, 0x03, 0x80, 0x00, 0x00, 0x00, 0x8C, 0x33, 0x0C, 0xC3, 0x3F,
    0xCF, 0xF3, 0x0C, 0xC3, 0x30, 0xCC, 0x07, 0x03, 0x80, 0x00, 0x00, 0x1F, 0xE0, 0xFF, 0x06, 0x18,
    0x30, 0xC1, 0x86, 0x0C, 0x30, 0x61, 0x86, 0x0C, 0x30, 0x61, 0x83, 0x18, 0x1D, 0xC0, 0xF0, 0x01,
    0x80, 0x0C, 0x00, 0x60, 0x00, 0x0F, 0xE3, 0x18, 0xC6, 0x31, 0x8C, 0x63, 0x19, 0x86, 0xE1, 0xC0,
    0x30, 0x0C, 0x00, 0x70, 0xCC, 0x33, 0x8C, 0xF7, 0x3F, 0x99, 0xC6, 0x71, 0x8E, 0xE1, 0xB8, 0x70,
    0x7E, 0x3F, 0x80, 0xC0, 0x60, 0x30, 0x18, 0x0C, 0x06, 0x7F, 0xFF, 0xC0, 0x79, 0xE1, 0xC7, 0x1C,
    0x71, 0xC7, 0xFF, 0xB0, 0x00, 0xFF, 0xBF, 0x81, 0x80, 0xC0, 0x60, 0x30, 0x18, 0x0C, 0x06, 0x03,
    0x00, 0x7F, 0x9F, 0xE0, 0x1C, 0x07, 0x61, 0xD8, 0x76, 0x1D, 0x87, 0x61, 0xD8, 0x70, 0xF7, 0x33,
    0x33, 0x33, 0x33, 0xFB, 0xCC, 0xC6, 0x31, 0xCE, 0x71, 0x80, 0xFF, 0x9F, 0xF7, 0x0D, 0xC3, 0x70,
    0xDC, 0x37, 0x0D, 0xC3, 0x70, 0xDC, 0x30, 0x67, 0x99, 0xE6, 0x1D, 0x83, 0x60, 0xD8, 0x36, 0x0D,
    0xC7, 0x3F, 0x87, 0xC0, 0xF7, 0x33, 0x33, 0xFE, 0x7F, 0x03, 0x03, 0x03, 0x03, 0x03, 0x03, 0x03,
    0x03, 0x03, 0x03, 0x03, 0xFC, 0x7E, 0x07, 0x03, 0x03, 0x03, 0x03, 0x07, 0x7E, 0xFC, 0xC0, 0x60,
    0x30, 0x1F, 0xE7, 0xF0, 0x18, 0x18, 0x0C, 0x06, 0x07, 0x03, 0x01, 0x81, 0xC0, 0x7F, 0x8F, 0xF9,
    0xC3, 0x38, 0x77, 0x0E, 0xE1, 0xDC, 0x3B, 0x87, 0x7F, 0xEF, 0xFC, 0x6F, 0x8F, 0xF9, 0xE3, 0x18,
    0x73, 0x0E, 0x61, 0xDC, 0x3B, 0x06, 0x67, 0xCD, 0xF0, 0xF7, 0x33, 0x33, 0x33, 0x33, 0x33, 0x30,
    0x79, 0xE1, 0x86, 0x18, 0x61, 0x86, 0x7B, 0xE0, 0xFF, 0x9F, 0xF7, 0x0D, 0x83, 0x60, 0xD8, 0x36,
    0x0D, 0xC7, 0x3F, 0x87, 0xC0, 0x00, 0x18, 0x66, 0x19, 0xC6, 0x31, 0x8C, 0x63, 0x18, 0xEE, 0x3F,
    0x0F, 0x8F, 0xC3, 0x00, 0x3F, 0x1F, 0xE6, 0x1B, 0x86, 0x61, 0x9C, 0x73, 0x1C, 0x07, 0x01, 0xC0,
    0x70, 0x1C, 0x07, 0x01, 0xC0, 0x3F, 0x1F, 0xE6, 0x19, 0x86, 0x61, 0xDE, 0x73, 0x18, 0x0E, 0x7F,
    0x1F, 0x80, 0xE3, 0x31, 0x9C, 0xC6, 0xE3, 0x61, 0xF0, 0x70, 0x30, 0x1C, 0x06, 0x03, 0x01, 0xC0,
    0xE0, 0x61, 0xB9, 0xCC, 0xE3, 0x61, 0xF0, 0x70, 0x38, 0x0E, 0x7F, 0x7F, 0x80, 0xFF, 0xFF, 0xC0,
    0xE8, 0x6C, 0x36, 0x3B, 0x19, 0x8C, 0xC6, 0x67, 0x30, 0x18, 0x0C, 0x00, 0xFE, 0x7E, 0x07, 0x03,
    0x03, 0x03, 0x03, 0x03, 0x03, 0x03, 0xCC, 0xD9, 0x9B, 0x33, 0x66, 0x6F, 0xCD, 0xF1, 0xB8, 0x37,
    0x0E, 0x7F, 0x87, 0xE0, 0x7F, 0xCF, 0xF8, 0xC3, 0x18, 0x73, 0x0E, 0x61, 0xCC, 0x39, 0x87, 0x70,
    0xFE, 0x1C, 0x6F, 0xF0, 0x2D, 0xFC, 0x07, 0xE8, 0x00, 0xFF, 0xFE, 0x0C, 0x1C, 0x1C, 0x1C, 0x18,
    0x30, 0x00, 0xC1, 0x80, 0x00, 0x38, 0xF1, 0x83, 0x07, 0xDF, 0xBC, 0x00, 0xFB, 0xF0, 0x00, 0x0E,
    0xE4, 0x4C, 0xE6, 0x66, 0x66, 0x66, 0x67, 0x00, 0x42, 0xC6, 0xFE, 0x7E, 0x60, 0x60, 0x60, 0x60,
    0x60, 0x60, 0x70, 0x70, 0x00, 0x40, 0xF6, 0xDB, 0x6F, 0xF7, 0xFB, 0x01, 0x80, 0xC0, 0x70, 0x18,
    0x0C, 0x06, 0x00, 0x00, 0x08, 0x38, 0x70, 0xE0, 0xC0, 0xF8, 0x78, 0x70, 0xE0, 0xC0, 0xFE, 0x7E,
    0x00, 0x38, 0x7C, 0x66, 0xC6, 0xC6, 0xC6, 0xC6, 0xFE, 0x7C, 0x00, 0x80, 0xFE, 0x7E, 0x06, 0x06,
    0x06, 0x06, 0x06, 0x06, 0x06, 0x06, 0x03, 0x00, 0x40, 0xB0, 0x66, 0x19, 0x8E, 0x73, 0x0C, 0xC3,
    0x60, 0xF8, 0x1E, 0x07, 0x01, 0xC0, 0x30, 0x00, 0x00, 0x0C, 0x03, 0x01, 0xC0, 0x78, 0x1E, 0x0F,
    0x83, 0x70, 0xCC, 0x63, 0x18, 0xEE, 0x1B, 0x06, 0x00, 0x00, 0x30, 0x7C, 0xEC, 0xCC, 0xCE, 0xFE,
    0x7E, 0x06, 0x06, 0x06, 0x06, 0x06, 0x00, 0x00, 0x00, 0x18, 0x03, 0xB0, 0x3C, 0x07, 0x80, 0xF0,
    0x1F, 0x06, 0x7F, 0xC7, 0xE0, 0x7F, 0xC0, 0x0E, 0xE4, 0x4C, 0xE6, 0x66, 0x66, 0x66, 0x67, 0x00,
    0x42, 0xC6, 0xFE, 0x7E, 0x60, 0x60, 0x60, 0x60, 0x60, 0x60, 0x70, 0x70, 0x00, 0x40, 0xF6, 0xDB,
    0x6F, 0xF7, 0xFB, 0x01, 0x80, 0xC0, 0x70, 0x18, 0x0C, 0x06, 0x00, 0x00, 0x4C, 0xDE, 0xD8, 0x7E,
    0x7E, 0x60, 0x60, 0x60, 0x60, 0x60, 0x60, 0x60, 0x00, 0x38, 0x18, 0x3C, 0x7E, 0x66, 0xC6, 0xC6,
    0xC3, 0xD3, 0xFE, 0x7E, 0x1C, 0x79, 0xC3, 0x06, 0x07, 0xC7, 0x8C, 0x30, 0xE1, 0x83, 0x00, 0x00,
    0x40, 0xB0, 0x66, 0x19, 0x8E, 0x73, 0x0C, 0xC3, 0x60, 0xF8, 0x1E, 0x07, 0x01, 0xC0, 0x30, 0x00,
    0x00, 0x0C, 0x03, 0x01, 0xC0, 0x78, 0x1E, 0x0F, 0x83, 0x70, 0xCC, 0x63, 0x18, 0xEE, 0x1B, 0x06,
    0x00, 0x00, 0x30, 0x7C, 0xEC, 0xCC, 0xCE, 0xFE, 0x7E, 0x06, 0x06, 0x06, 0x06, 0x06, 0x00, 0x06,
    0x00, 0x70, 0x0F, 0x00, 0xF0, 0x19, 0x81, 0x98, 0x30, 0xC3, 0xFC, 0x7F, 0xE6, 0x06, 0x60, 0x7C,
    0x03, 0x00, 0x00, 0x60, 0x06, 0x00, 0x00, 0x1C, 0x7E, 0x63, 0x03, 0x3F, 0x7F, 0x63, 0x67, 0x7F,
    0x10, 0x08, 0x1C, 0x08, 0x0F, 0x00, 0x70, 0x06, 0x00, 0x20, 0x06, 0x00, 0x70, 0x0F, 0x00, 0xF0,
    0x19, 0x81, 0x98, 0x30, 0xC3, 0xFC, 0x7F, 0xE6, 0x06, 0x60, 0x7C, 0x03, 0x00, 0x00, 0x1C, 0x1E,
    0x0C, 0x08, 0x1C, 0x7E, 0x63, 0x03, 0x3F, 0x7F, 0x63, 0x67, 0x7F, 0x10, 0x00, 0x00, 0x0C, 0x06,
    0xC0, 0xF8, 0x0D, 0x00, 0x90, 0x06, 0x00, 0x70, 0x0F, 0x00, 0xF0, 0x19, 0x81, 0x98, 0x30, 0xC3,
    0xFC, 0x7F, 0xE6, 0x06, 0x60, 0x7C, 0x03, 0x00, 0x00, 0x01, 0x80, 0xC7, 0xC3, 0xC3, 0x60, 0xE1,
    0xF8, 0xC6, 0x03, 0x1F, 0x9F, 0xCC, 0x66, 0x73, 0xF8, 0x40, 0x00, 0x00, 0x10, 0x07, 0x80, 0xF8,
    0x0D, 0x00, 0x90, 0x06, 0x00, 0x70, 0x0F, 0x00, 0xF0, 0x19, 0x81, 0x98, 0x30, 0xC3, 0xFC, 0x7F,
    0xE6, 0x06, 0x60, 0x7C, 0x03, 0x00, 0x00, 0x06, 0x06, 0x1F, 0x1F, 0x36, 0x1C, 0x7E, 0x63, 0x03,
    0x3F, 0x7F, 0x63, 0x67, 0x7F, 0x10, 0x00, 0x00, 0x1C, 0x06, 0xC0, 0xF8, 0x0D, 0x00, 0x90, 0x06,
    0x00, 0x70, 0x0F, 0x00, 0xF0, 0x19, 0x81, 0x98, 0x30, 0xC3, 0xFC, 0x7F, 0xE6, 0x06, 0x60, 0x7C,
    0x03, 0x00, 0x00, 0x07, 0x03, 0xC7, 0xC3, 0xC3, 0x60, 0xE1, 0xF8, 0xC6, 0x03, 0x1F, 0x9F, 0xCC,
    0x66, 0x73, 0xF8, 0x40, 0x00, 0x01, 0xF8, 0x1B, 0x00, 0x70, 0x0F, 0x00, 0x90, 0x06, 0x00, 0x70,
    0x0F, 0x00, 0xF0, 0x19, 0x81, 0x98, 0x30, 0xC3, 0xFC, 0x7F, 0xE6, 0x06, 0x60, 0x7C, 0x03, 0x00,
    0x00, 0x3A, 0x3E, 0x0C, 0x1C, 0x36, 0x1C, 0x7E, 0x63, 0x03, 0x3F, 0x7F, 0x63, 0x67, 0x7F, 0x10,
    0x06, 0x00, 0xF0, 0x0D, 0x80, 0x88, 0x06, 0x00, 0x70, 0x0F, 0x00, 0xF0, 0x19, 0x81, 0x98, 0x30,
    0xC3, 0xFC, 0x7F, 0xE6, 0x06, 0x60, 0x7C, 0x03, 0x00, 0x00, 0x60, 0x06, 0x00, 0x00, 0x1C, 0x1C,
    0x36, 0x36, 0x1C, 0x7E, 0x63, 0x03, 0x3F, 0x7F, 0x63, 0x67, 0x7F, 0x10, 0x08, 0x1C, 0x08, 0x00,
    0x00, 0x30, 0x03, 0x81, 0xF8, 0x0F, 0x80, 0x60, 0x06, 0x00, 0x70, 0x0F, 0x00, 0xF0, 0x19, 0x81,
    0x98, 0x30, 0xC3, 0xFC, 0x7F, 0xE6, 0x06, 0x60, 0x7C, 0x03, 0x00, 0x00, 0x06, 0x0E, 0x2E, 0x36,
    0x1E, 0x1C, 0x7E, 0x63, 0x03, 0x3F, 0x7F, 0x63, 0x67, 0x7F, 0x10, 0x00, 0x00, 0xC0, 0x0E, 0x81,
    0xF8, 0x0F, 0x00, 0x60, 0x06, 0x00, 0x70, 0x0F, 0x00, 0xF0, 0x19, 0x81, 0x98, 0x30, 0xC3, 0xFC,
    0x7F, 0xE6, 0x06, 0x60, 0x7C, 0x03, 0x00, 0x00, 0x30, 0x18, 0x3A, 0x36, 0x1C, 0x1C, 0x7E, 0x63,
    0x03, 0x3F, 0x7F, 0x63, 0x67, 0x7F, 0x10, 0x00, 0x00, 0x70, 0x03, 0x81, 0xB8, 0x0F, 0x00, 0x60,
    0x06, 0x00, 0x70, 0x0F, 0x00, 0xF0, 0x19, 0x81, 0x98, 0x30, 0xC3, 0xFC, 0x7F, 0xE6, 0x06, 0x60,
    0x7C, 0x03, 0x00, 0x00, 0x1C, 0x1C, 0x2E, 0x36, 0x1C, 0x1C, 0x7E, 0x63, 0x03, 0x3F, 0x7F, 0x63,
    0x67, 0x7F, 0x10, 0x00, 0x01, 0xF8, 0x1B, 0x01, 0x98, 0x0F, 0x80, 0x60, 0x06, 0x00, 0x70, 0x0F,
    0x00, 0xF0, 0x19, 0x81, 0x98, 0x30, 0xC3, 0xFC, 0x7F, 0xE6, 0x06, 0x60, 0x7C, 0x03, 0x00, 0x00,
    0x3A, 0x3E, 0x24, 0x36, 0x3E, 0x1C, 0x7E, 0x63, 0x03, 0x3F, 0x7F, 0x63, 0x67, 0x7F, 0x10, 0x10,
    0x81, 0x98, 0x0F, 0x80, 0x60, 0x06, 0x00, 0x70, 0x0F, 0x00, 0xF0, 0x19, 0x81, 0x98, 0x30, 0xC3,
    0xFC, 0x7F, 0xE6, 0x06, 0x60, 0x7C, 0x03, 0x00, 0x00, 0x60, 0x06, 0x00, 0x00, 0x22, 0x22, 0x36,
    0x1C, 0x1C, 0x7E, 0x63, 0x03, 0x3F, 0x7F, 0x63, 0x67, 0x7F, 0x10, 0x08, 0x1C, 0x08, 0xFF, 0xFF,
    0xC0, 0xC0, 0xC0, 0xFF, 0xFF, 0xC0, 0xC0, 0xC0, 0xFE, 0xFF, 0x00, 0x08, 0x1C, 0x08, 0x0C, 0x1F,
    0x18, 0xCC, 0x2F, 0xFF, 0xF9, 0x80, 0xE6, 0x3F, 0x04, 0x02, 0x01, 0x80, 0x00, 0x1C, 0x1C, 0x0C,
    0x08, 0xFF, 0xFF, 0xC0, 0xC0, 0xC0, 0xFF, 0xFF, 0xC0, 0xC0, 0xC0, 0xFE, 0xFF, 0x1C, 0x0F, 0x03,
    0x01, 0x80, 0xC1, 0xF1, 0x8C, 0xC2, 0xFF, 0xFF, 0x98, 0x0E, 0x63, 0xF0, 0x40, 0x31, 0x7F, 0x4F,
    0x00, 0xFF, 0xFF, 0xC0, 0xC0, 0xC0, 0xFF, 0xFF, 0xC0, 0xC0, 0xC0, 0xFE, 0xFF, 0x00, 0x1D, 0x9B,
    0xC0, 0x00, 0xC1, 0xF1, 0x8C, 0xC2, 0xFF, 0xFF, 0x98, 0x0E, 0x63, 0xF0, 0x40, 0x00, 0x00, 0xC6,
    0xC3, 0xC3, 0x61, 0x13, 0xFD, 0xFE, 0xC0, 0x60, 0x30, 0x1F, 0xEF, 0xF6, 0x03, 0x01, 0x80, 0xFE,
    0x7F, 0x80, 0x01, 0x80, 0xC7, 0xC3, 0xC3, 0x60, 0x60, 0xF8, 0xC6, 0x61, 0x7F, 0xFF, 0xCC, 0x07,
    0x31, 0xF8, 0x20, 0x00, 0x06, 0x1E, 0x1F, 0x36, 0x22, 0xFF, 0xFF, 0xC0, 0xC0, 0xC0, 0xFF, 0xFF,
    0xC0, 0xC0, 0xC0, 0xFE, 0xFF, 0x06, 0x03, 0x07, 0xC3, 0xE3, 0x60, 0x60, 0xF8, 0xC6, 0x61, 0x7F,
    0xFF, 0xCC, 0x07, 0x31, 0xF8, 0x20, 0x00, 0x03, 0x86, 0x43, 0xC3, 0x61, 0x13, 0xFD, 0xFE, 0xC0,
    0x60, 0x30, 0x1F, 0xEF, 0xF6, 0x03, 0x01, 0x80, 0xFE, 0x7F, 0x80, 0x07, 0x03, 0xC7, 0xC3, 0xC3,
    0x60, 0x60, 0xF8, 0xC6, 0x61, 0x7F, 0xFF, 0xCC, 0x07, 0x31, 0xF8, 0x20, 0x00, 0x3E, 0x2E, 0x1C,
    0x36, 0x22, 0xFF, 0xFF, 0xC0, 0xC0, 0xC0, 0xFF, 0xFF, 0xC0, 0xC0, 0xC0, 0xFE, 0xFF, 0x3A, 0x1F,
    0x03, 0x03, 0xC3, 0x60, 0x60, 0xF8, 0xC6, 0x61, 0x7F, 0xFF, 0xCC, 0x07, 0x31, 0xF8, 0x20, 0x1C,
    0x1C, 0x36, 0x22, 0xFF, 0xFF, 0xC0, 0xC0, 0xC0, 0xFF, 0xFF, 0xC0, 0xC0, 0xC0, 0xFE, 0xFF, 0x00,
    0x08, 0x1C, 0x08, 0x0C, 0x0E, 0x05, 0x86, 0x40, 0xC1, 0xF1, 0x8C, 0xC2, 0xFF, 0xFF, 0x98, 0x0E,
    0x63, 0xF0, 0x40, 0x20, 0x18, 0x00, 0x00, 0xF7, 0x62, 0x66, 0x66, 0x66, 0x66, 0x66, 0x66, 0x00,
    0xFF, 0x76, 0x06, 0x66, 0x66, 0x66, 0x60, 0xFF, 0xFF, 0xFF, 0x3C, 0xF0, 0xFF, 0xFF, 0x3C, 0x3F,
    0x0F, 0xFB, 0x83, 0x60, 0x7C, 0x07, 0x80, 0xF0, 0x1E, 0x03, 0xC0, 0x7C, 0x19, 0xEF, 0x1F, 0xC0,
    0x40, 0x08, 0x03, 0x80, 0x20, 0x0C, 0x1F, 0x9C, 0xCC, 0x3E, 0x1F, 0x0D, 0x8E, 0xE6, 0x3E, 0x04,
    0x02, 0x01, 0x80, 0x80, 0x0E, 0x01, 0xC0, 0x18, 0x02, 0x03, 0xF0, 0xFF, 0xB8, 0x36, 0x07, 0xC0,
    0x78, 0x0F, 0x01, 0xE0, 0x3C, 0x07, 0xC1, 0x9E, 0xF1, 0xFC, 0x04, 0x00, 0x1C, 0x0F, 0x03, 0x01,
    0x00, 0xC1, 0xF9, 0xCC, 0xC3, 0xE1, 0xF0, 0xD8, 0xEE, 0x63, 0xE0, 0x40, 0x00, 0x00, 0x18, 0x36,
    0x07, 0x81, 0xB0, 0x22, 0x0F, 0xC3, 0xFE, 0xE0, 0xD8, 0x1F, 0x01, 0xE0, 0x3C, 0x07, 0x80, 0xF0,
    0x1F, 0x06, 0x7B, 0xC7, 0xF0, 0x10, 0x00, 0x01, 0x80, 0xC7, 0xC3, 0xC3, 0x60, 0x60, 0xFC, 0xE6,
    0x61, 0xF0, 0xF8, 0x6C, 0x77, 0x31, 0xF0, 0x20, 0x00, 0x00, 0x60, 0x3C, 0x07, 0xC1, 0xB0, 0x22,
    0x0F, 0xC3, 0xFE, 0xE0, 0xD8, 0x1F, 0x01, 0xE0, 0x3C, 0x07, 0x80, 0xF0, 0x1F, 0x06, 0x7B, 0xC7,
    0xF0, 0x10, 0x00, 0x06, 0x03, 0x07, 0xC3, 0xE3, 0x60, 0x60, 0xFC, 0xE6, 0x61, 0xF0, 0xF8, 0x6C,
    0x77, 0x31, 0xF0, 0x20, 0x00, 0x00, 0x70, 0x36, 0x07, 0x81, 0xB0, 0x22, 0x0F, 0xC3, 0xFE, 0xE0,
    0xD8, 0x1F, 0x01, 0xE0, 0x3C, 0x07, 0x80, 0xF0, 0x1F, 0x06, 0x7B, 0xC7, 0xF0, 0x10, 0x00, 0x07,
    0x03, 0xC7, 0xC3, 0xC3, 0x60, 0x60, 0xFC, 0xE6, 0x61, 0xF0, 0xF8, 0x6C, 0x77, 0x31, 0xF0, 0x20,
    0x00, 0x03, 0xE0, 0x5C, 0x07, 0x01, 0xB0, 0x22, 0x0F, 0xC3, 0xFE, 0xE0, 0xD8, 0x1F, 0x01, 0xE0,
    0x3C, 0x07, 0x80, 0xF0, 0x1F, 0x06, 0x7B, 0xC7, 0xF0, 0x10, 0x00, 0x3A, 0x1F, 0x03, 0x03, 0x83,
    0x60, 0x60, 0xFC, 0xE6, 0x61, 0xF0, 0xF8, 0x6C, 0x77, 0x31, 0xF0, 0x20, 0x0E, 0x01, 0xC0, 0x6C,
    0x08, 0x83, 0xF0, 0xFF, 0xB8, 0x36, 0x07, 0xC0, 0x78, 0x0F, 0x01, 0xE0, 0x3C, 0x07, 0xC1, 0x9E,
    0xF1, 0xFC, 0x04, 0x00, 0x80, 0x38, 0x02, 0x00, 0x0C, 0x0E, 0x0D, 0x86, 0x40, 0xC1, 0xF9, 0xCC,
    0xC3, 0xE1, 0xF0, 0xD8, 0xEE, 0x63, 0xE0, 0x40, 0x20, 0x18, 0x08, 0x00, 0x03, 0x00, 0x60, 0x19,
    0x82, 0x33, 0xFC, 0xFF, 0xB8, 0x36, 0x07, 0xC0, 0x78, 0x0F, 0x01, 0xE0, 0x3C, 0x07, 0xC1, 0x9E,
    0xF1, 0xFC, 0x04, 0x00, 0x06, 0x03, 0x03, 0x61, 0xB0, 0xF9, 0xF9, 0xCC, 0xC3, 0xE1, 0xF0, 0xD8,
    0xEE, 0x63, 0xE0, 0x40, 0x10, 0x03, 0x00, 0x31, 0x82, 0x33, 0xFC, 0xFF, 0xB8, 0x36, 0x07, 0xC0,
    0x78, 0x0F, 0x01, 0xE0, 0x3C, 0x07, 0xC1, 0x9E, 0xF1, 0xFC, 0x04, 0x00, 0x30, 0x18, 0x06, 0x61,
    0x30, 0xF9, 0xF9, 0xCC, 0xC3, 0xE1, 0xF0, 0xD8, 0xEE, 0x63, 0xE0, 0x40, 0x0E, 0x01, 0xC0, 0x19,
    0x82, 0x33, 0xFC, 0xFF, 0xB8, 0x36, 0x07, 0xC0, 0x78, 0x0F, 0x01, 0xE0, 0x3C, 0x07, 0xC1, 0x9E,
    0xF1, 0xFC, 0x04, 0x00, 0x1C, 0x0F, 0x03, 0x61, 0x30, 0xF9, 0xF9, 0xCC, 0xC3, 0xE1, 0xF0, 0xD8,
    0xEE, 0x63, 0xE0, 0x40, 0x18, 0x87, 0xB0, 0x9D, 0x80, 0x33, 0xFC, 0xFF, 0xB8, 0x36, 0x07, 0xC0,
    0x78, 0x0F, 0x01, 0xE0, 0x3C, 0x07, 0xC1, 0x9E, 0xF1, 0xFC, 0x04, 0x00, 0x00, 0x1D, 0x9B, 0xE0,
    0x30, 0xF9, 0xF9, 0xCC, 0xC3, 0xE1, 0xF0, 0xD8, 0xEE, 0x63, 0xE0, 0x40, 0x00, 0x00, 0x0C, 0x01,
    0x9F, 0xE7, 0xFD, 0xC1, 0xB0, 0x3E, 0x03, 0xC0, 0x78, 0x0F, 0x01, 0xE0, 0x3E, 0x0C, 0xF7, 0x8F,
    0xE0, 0x20, 0x04, 0x01, 0xC0, 0x10, 0x00, 0x01, 0x80, 0xC3, 0xE7, 0xE7, 0x33, 0x0F, 0x87, 0xC3,
    0x63, 0xB9, 0x8F, 0x81, 0x00, 0x80, 0xE0, 0x20, 0xC0, 0xF0, 0x3C, 0x0F, 0x03, 0xC0, 0xF0, 0x3C,
    0x0F, 0x03, 0xC0, 0xF8, 0x37, 0x38, 0xFC, 0x0C, 0x03, 0x00, 0xC0, 0x00, 0x02, 0xC6, 0xC6, 0xC6,
    0xC6, 0xC6, 0xC6, 0xEE, 0x7E, 0x10, 0x10, 0x18, 0x00, 0x1E, 0x03, 0x80, 0xC0, 0x10, 0xC0, 0xF0,
    0x3C, 0x0F, 0x03, 0xC0, 0xF0, 0x3C, 0x0F, 0x03, 0xC0, 0xF8, 0x37, 0x38, 0xFC, 0x0C, 0x00, 0x38,
    0x3C, 0x18, 0x18, 0x02, 0xC6, 0xC6, 0xC6, 0xC6, 0xC6, 0xC6, 0xEE, 0x7E, 0x10, 0x03, 0x00, 0x70,
    0x06, 0x30, 0x43, 0xC0, 0xEC, 0x0C, 0xC0, 0xCC, 0x0C, 0xC0, 0xCC, 0x0C, 0xC0, 0xCC, 0x0C, 0xC0,
    0xCE, 0x0C, 0x73, 0x83, 0xF0, 0x0C, 0x00, 0x04, 0x03, 0x01, 0x88, 0x66, 0x03, 0xB1, 0xCC, 0x63,
    0x18, 0xC6, 0x31, 0x8C, 0x63, 0xB8, 0x7E, 0x04, 0x00, 0x30, 0x01, 0x80, 0x1C, 0x30, 0x83, 0xC0,
    0xEC, 0x0C, 0xC0, 0xCC, 0x0C, 0xC0, 0xCC, 0x0C, 0xC0, 0xCC, 0x0C, 0xC0, 0xCE, 0x0C, 0x73, 0x83,
    0xF0, 0x0C, 0x00, 0x60, 0x18, 0x03, 0x08, 0x46, 0x03, 0xB1, 0xCC, 0x63, 0x18, 0xC6, 0x31, 0x8C,
    0x63, 0xB8, 0x7E, 0x04, 0x00, 0x1E, 0x00, 0xE0, 0x0C, 0x30, 0x43, 0xC0, 0xEC, 0x0C, 0xC0, 0xCC,
    0x0C, 0xC0, 0xCC, 0x0C, 0xC0, 0xCC, 0x0C, 0xC0, 0xCE, 0x0C, 0x73, 0x83, 0xF0, 0x0C, 0x00, 0x38,
    0x0F, 0x01, 0x88, 0x66, 0x03, 0xB1, 0xCC, 0x63, 0x18, 0xC6, 0x31, 0x8C, 0x63, 0xB8, 0x7E, 0x04,
    0x00, 0x11, 0x03, 0xD0, 0x67, 0x30, 0x03, 0xC0, 0xEC, 0x0C, 0xC0, 0xCC, 0x0C, 0xC0, 0xCC, 0x0C,
    0xC0, 0xCC, 0x0C, 0xC0, 0xCE, 0x0C, 0x73, 0x83, 0xF0, 0x0C, 0x00, 0x00, 0x1D, 0x8D, 0xC8, 0x06,
    0x03, 0xB1, 0xCC, 0x63, 0x18, 0xC6, 0x31, 0x8C, 0x63, 0xB8, 0x7E, 0x04, 0x00, 0x00, 0x00, 0x03,
    0x00, 0x3C, 0x0E, 0xC0, 0xCC, 0x0C, 0xC0, 0xCC, 0x0C, 0xC0, 0xCC, 0x0C, 0xC0, 0xCC, 0x0C, 0xE0,
    0xC7, 0x38, 0x3F, 0x00, 0xC0, 0x0C, 0x00, 0xC0, 0x00, 0x00, 0x00, 0x80, 0x60, 0x3B, 0x1C, 0xC6,
    0x31, 0x8C, 0x63, 0x18, 0xC6, 0x3B, 0x87, 0xE0, 0x40, 0x10, 0x06, 0x00, 0x00, 0x30, 0x06, 0x01,
    0x80, 0x20, 0xC0, 0xF8, 0x76, 0x18, 0xCC, 0x3F, 0x07, 0x80, 0xC0, 0x30, 0x0C, 0x03, 0x00, 0xC0,
    0x30, 0x00, 0x00, 0x20, 0x18, 0x06, 0x03, 0x00, 0x16, 0x1B, 0x8C, 0xC6, 0x66, 0x1B, 0x0F, 0x03,
    0x81, 0xC0, 0xC0, 0xE0, 0x60, 0x00, 0x00, 0xC0, 0xF8, 0x76, 0x18, 0xCC, 0x3F, 0x07, 0x80, 0xC0,
    0x30, 0x0C, 0x03, 0x00, 0xC0, 0x30, 0x00, 0x03, 0x00, 0xC0, 0x00, 0x01, 0x61, 0xB8, 0xCC, 0x66,
    0x61, 0xB0, 0xF0, 0x38, 0x1C, 0x0C, 0x0E, 0x86, 0xE0, 0x20, 0x1E, 0x01, 0x80, 0xC0, 0x30, 0xC0,
    0xF8, 0x76, 0x18, 0xCC, 0x3F, 0x07, 0x80, 0xC0, 0x30, 0x0C, 0x03, 0x00, 0xC0, 0x30, 0x00, 0x00,
    0x1C, 0x0E, 0x03, 0x01, 0x00, 0x16, 0x1B, 0x8C, 0xC6, 0x66, 0x1B, 0x0F, 0x03, 0x81, 0xC0, 0xC0,
    0xE0, 0x60, 0x00, 0x00, 0x11, 0x8F, 0x66, 0x70, 0x00, 0xC0, 0xF8, 0x76, 0x18, 0xCC, 0x3F, 0x07,
    0x80, 0xC0, 0x30, 0x0C, 0x03, 0x00, 0xC0, 0x30, 0x00, 0x00, 0x00, 0x3D, 0x9B, 0x80, 0x00, 0x16,
    0x1B, 0x8C, 0xC6, 0x66, 0x1B, 0x0F, 0x03, 0x81, 0xC0, 0xC0, 0xE0, 0x60, 0x00, 0x00, 0xFF, 0xFF,
    0xFF, 0xF6, 0xFF, 0x66, 0x66, 0x66, 0x66, 0x21, 0xBF, 0xEE, 0x63, 0x18, 0xC6, 0x31, 0x8C, 0x00,
    0x23, 0x3E, 0xF3, 0x8C, 0x63, 0x18, 0xC6, 0x31, 0x80, 0xF8, 0x00, 0x77, 0xDE, 0xFF, 0x7F, 0xC0,
    0x7F, 0xFF, 0xC0, 0x7F, 0xFF, 0xC0, 0xEF, 0xFF, 0xFF, 0xDC, 0xBF, 0xB0, 0xDF, 0xF7, 0xA0, 0xDF,
    0xF7, 0xA0, 0x30, 0xCF, 0x9C, 0x30, 0xC3, 0x0C, 0x30, 0x80, 0x30, 0xCF, 0x9C, 0x30, 0xCF, 0xBE,
    0x30, 0x80, 0x38, 0xFB, 0xFF, 0xFF, 0xEF, 0x8E, 0x00, 0xCD, 0xF3, 0x70, 0x00, 0x00, 0x00, 0x00,
    0xF0, 0xC0, 0x07, 0xE6, 0x00, 0x19, 0x98, 0x00, 0x46, 0xC0, 0x01, 0x9B, 0x00, 0x06, 0x7B, 0xCF,
    0x9F, 0xFB, 0xB6, 0x1B, 0x67, 0x88, 0x19, 0x1E, 0x30, 0x66, 0x78, 0x83, 0x1B, 0xF6, 0x0C, 0x7C,
    0xF8, 0x20, 0x40, 0x80, 0xFF, 0xC0, 0xDE, 0xF7, 0xBD, 0x80, 0x23, 0x66, 0x63, 0x30, 0x46, 0x63,
    0x66, 0x40, 0x00, 0x00, 0xC0, 0xC0, 0x60, 0x60, 0x60, 0x30, 0x30, 0x18, 0x18, 0x1C, 0x0C, 0x0C,
    0x02, 0x00, 0xDF, 0x01, 0xFB, 0x64, 0x02, 0x06, 0xE6, 0x6C, 0x0C, 0x0C, 0x18, 0x18, 0x18, 0x30,
    0x36, 0x67, 0x62, 0x60, 0x00, 0x01, 0xE4, 0xF3, 0xCF, 0x36, 0xDE, 0x00, 0x00, 0x63, 0x8E, 0x7B,
    0xFF, 0xC6, 0x00, 0x01, 0xF6, 0x1E, 0x7C, 0x34, 0xDF, 0x00, 0x01, 0xF6, 0x7E, 0xFF, 0x36, 0xDE,
    0x00, 0x03, 0xF0, 0xC6, 0x18, 0xC3, 0x18, 0x00, 0x01, 0xFC, 0xFB, 0x7B, 0x3C, 0xDF, 0x00, 0x01,
    0xEC, 0xF3, 0x7C, 0xF5, 0xFE, 0x00, 0x01, 0xE4, 0xF3, 0xCF, 0x36, 0xDE, 0x00, 0x03, 0xBC, 0x63,
    0x18, 0xDF, 0x01, 0xE4, 0xC3, 0x18, 0xC6, 0x1F, 0x01, 0xE4, 0xC7, 0x78, 0x3C, 0xDE, 0x00, 0x00,
    0x63, 0x8E, 0x7B, 0xFF, 0xC6, 0x00, 0x01, 0xF6, 0x1E, 0x7C, 0x34, 0xDF, 0x00, 0x01, 0xF6, 0x7E,
    0xFF, 0x36, 0xDE, 0x00, 0x03, 0xF0, 0xC6, 0x18, 0xC3, 0x18, 0x00, 0x01, 0xFC, 0xFB, 0x7B, 0x3C,
    0xDF, 0x00, 0x01, 0xEC, 0xF3, 0x7C, 0xF5, 0xFE, 0x00, 0x0D, 0x06, 0x8F, 0xCF, 0xFE, 0x16, 0x03,
    0x01, 0x80, 0xC0, 0x60, 0x30, 0x1C, 0x07, 0xFB, 0xFB, 0x61, 0xA0, 0x00, 0x00, 0x3F, 0x8F, 0xE3,
    0x00, 0xC0, 0x30, 0x0F, 0xE3, 0xF8, 0xC0, 0x7E, 0x3F, 0x83, 0x00, 0xC0, 0x00, 0x00, 0x1F, 0x87,
    0xF3, 0x00, 0xC0, 0xFE, 0x1F, 0x83, 0xC3, 0xF8, 0x30, 0x0C, 0x07, 0xFB, 0xFF, 0x31, 0x1C, 0x67,
    0x19, 0xE6, 0xF9, 0xFB, 0x76, 0xDB, 0x9F, 0x67, 0x99, 0xE6, 0x39, 0x8E, 0x00, 0x00, 0x3E, 0x1F,
    0xC7, 0x3B, 0xC7, 0xF1, 0xDC, 0xE7, 0xF1, 0xF8, 0x70, 0x1C, 0x07, 0x01, 0xC0, 0x00, 0x00, 0x4C,
    0x9B, 0x66, 0xD9, 0xB6, 0xED, 0xFF, 0xF7, 0xFB, 0xFF, 0x33, 0x0C, 0xC3, 0x30, 0xCC, 0x00, 0x00,
    0x00, 0x1F, 0xCF, 0xFD, 0xE1, 0xBD, 0xB7, 0xB6, 0xF6, 0xDE, 0xDB, 0xD8, 0x7B, 0xFF, 0x7F, 0x00,
    0x03, 0x07, 0x87, 0xE2, 0x67, 0xF7, 0x3B, 0x1D, 0x86, 0xC3, 0x63, 0xB9, 0xCF, 0xE1, 0x07, 0xFB,
    0xF8, 0x0F, 0x87, 0xF3, 0x84, 0xC0, 0xFE, 0x3F, 0x07, 0x83, 0xF8, 0x30, 0x0C, 0x01, 0xDC, 0x3E,
    0x02, 0x00, 0x31, 0x8C, 0x63, 0x30, 0xD8, 0x3C, 0x3F, 0xEF, 0xF8, 0xF0, 0x3E, 0x0D, 0xC3, 0x38,
    0xC6, 0x00, 0x00, 0xFF, 0xFF, 0xF0, 0xC0, 0x3C, 0x0F, 0x07, 0x03, 0xF0, 0x38, 0x3C, 0x0F, 0x00,
    0xC0, 0x30, 0x00, 0x00, 0x3E, 0x1F, 0xCF, 0x3F, 0xC7, 0xF1, 0xFC, 0xF7, 0xF1, 0xF8, 0x70, 0x1C,
    0x07, 0x01, 0xC0, 0x00, 0x00, 0x06, 0x01, 0x81, 0xF0, 0xFE, 0x70, 0x98, 0x06, 0x03, 0x8C, 0xE7,
    0xD8, 0x36, 0x0D, 0xC3, 0x3F, 0xC7, 0xE0, 0x60, 0x18, 0x00, 0x00, 0x7E, 0xFF, 0x43, 0x03, 0xFF,
    0xFF, 0x7E, 0xFF, 0xE0, 0xC0, 0xE7, 0x7E, 0x10, 0x0C, 0x06, 0x0F, 0xCF, 0xFE, 0x1E, 0x03, 0x01,
    0x80, 0xC0, 0x60, 0x30, 0x1C, 0x07, 0xF9, 0xF8, 0x30, 0x18, 0x00, 0x00, 0xFF, 0xFF, 0xF7, 0xFF,
    0xFF, 0x0C, 0x03, 0x00, 0xC0, 0x30, 0x0C, 0x03, 0x00, 0xC0, 0x30, 0x00, 0x00, 0xFF, 0xFF, 0xF7,
    0xFB, 0xFF, 0x03, 0x1F, 0xCF, 0xE0, 0x70, 0x06, 0x01, 0xC0, 0x30, 0x06, 0x00, 0x00, 0x30, 0x0C,
    0x03, 0x70, 0xF8, 0x7A, 0x1F, 0x83, 0xC1, 0xC0, 0x70, 0xCC, 0x33, 0xF8, 0xFE, 0x0C, 0x03, 0x01,
    0xE0, 0xFC, 0x6D, 0x9B, 0x66, 0xD9, 0xB6, 0x6D, 0x9B, 0x66, 0x19, 0x86, 0x00, 0x00, 0x3F, 0x1F,
    0xE7, 0x1D, 0xC3, 0x70, 0xDC, 0xEF, 0xF9, 0xC0, 0xFC, 0x3F, 0x07, 0x01, 0xC0, 0x00, 0x00, 0x3E,
    0x07, 0xC0, 0x38, 0x06, 0x3F, 0x9F, 0xE6, 0x19, 0x86, 0x61, 0x98, 0x67, 0x38, 0xFC, 0x08, 0x00,
    0x00, 0xCF, 0xE7, 0x3B, 0x0F, 0xC6, 0xF3, 0x1D, 0xCF, 0x63, 0x71, 0x9F, 0xCC, 0xC1, 0x00, 0x0C,
    0x03, 0x01, 0xE0, 0x78, 0x13, 0x0C, 0xC3, 0x31, 0x86, 0x61, 0x98, 0x6F, 0xFF, 0xFF, 0x7F, 0x9F,
    0xE6, 0x19, 0x86, 0x61, 0x98, 0x66, 0x19, 0x86, 0x61, 0x98, 0x66, 0x19, 0x86, 0x61, 0x98, 0x66,
    0x18, 0x00, 0x7F, 0xDF, 0xE7, 0x00, 0xC0, 0x18, 0x07, 0x00, 0xE0, 0x18, 0x0E, 0x03, 0x01, 0x80,
    0xE0, 0x70, 0x1F, 0xEF, 0xFC, 0x7F, 0x9F, 0xE0, 0x0C, 0x30, 0x86, 0x18, 0x63, 0x0C, 0x31, 0x86,
    0x18, 0xC3, 0x00, 0xFC, 0x00, 0xC0, 0x30, 0x0C, 0x06, 0x01, 0x80, 0x60, 0x33, 0x0C, 0xE3, 0x18,
    0xC3, 0x60, 0xD8, 0x36, 0x07, 0x01, 0xC0, 0x30, 0x00, 0x00, 0x00, 0x1F, 0xEC, 0xCF, 0x33, 0x7F,
    0x9C, 0xE0, 0x0E, 0x1E, 0x18, 0x18, 0x18, 0x18, 0x18, 0x18, 0x18, 0x18, 0x18, 0x18, 0x18, 0x38,
    0x70, 0x00, 0x71, 0x7F, 0xA3, 0x8C, 0x0F, 0xB4, 0xF8, 0x00, 0x00, 0x01, 0x80, 0x61, 0xFE, 0x0C,
    0x03, 0x07, 0xF9, 0xFE, 0x10, 0x04, 0x00, 0x01, 0x83, 0xE7, 0xC1, 0xC0, 0x7C, 0x03, 0xE0, 0x38,
    0x00, 0x7F, 0x80, 0x60, 0x1F, 0x00, 0xF8, 0x0E, 0x0F, 0x9F, 0x07, 0x00, 0x00, 0x7F, 0x80, 0x1F,
    0x1F, 0xDC, 0x0E, 0x0F, 0xF3, 0x19, 0x8C, 0xC6, 0x63, 0x31, 0x98, 0xCC, 0x60, 0x00, 0x1D, 0x07,
    0xF1, 0xCE, 0x39, 0xCF, 0xF8, 0xC7, 0x18, 0xE3, 0x1C, 0x63, 0x8C, 0x71, 0x86, 0x30, 0xF0, 0x04,
    0x00, 0x06, 0x40, 0x07, 0xC0, 0x03, 0xC0, 0x03, 0xC0, 0x03, 0xF8, 0x3F, 0x7F, 0xFE, 0x0F, 0xE0,
    0x03, 0xC0, 0x03, 0xC0, 0x01, 0x80, 0x01, 0x80, 0x40, 0x00, 0x0C, 0x00, 0x00, 0xC0, 0x03, 0x0C,
    0x00, 0x78, 0xF8, 0x7F, 0xE7, 0xFF, 0x9E, 0x0F, 0xC0, 0x00, 0x2C, 0x00, 0x07, 0xC0, 0x00, 0x18,
    0x00, 0x01, 0x80, 0x00, 0x18, 0xC6, 0x31, 0xBD, 0xC0, 0x7B, 0xCC, 0x60, 0x10, 0x30, 0x30, 0xFE,
    0xFE, 0x00, 0x78, 0x78, 0x30, 0x30, 0x01, 0x00, 0x01, 0xC0, 0x01, 0xE0, 0x03, 0xE0, 0x03, 0xC0,
    0x00, 0x06, 0x40, 0x07, 0xC0, 0x03, 0xC0, 0x03, 0xC0, 0x03, 0xF8, 0x3F, 0x7F, 0xFE, 0x0F, 0xE0,
    0x01, 0x00, 0x00, 0x1C, 0x00, 0x01, 0xE0, 0x00, 0x3E, 0x00, 0x03, 0xC0, 0x00, 0x00, 0x00, 0x40,
    0x00, 0x0C, 0x00, 0x00, 0xC0, 0x03, 0x0C, 0x00, 0x78, 0xF8, 0x7F, 0xE7, 0xFF, 0x9E, 0x0F, 0xC0,
    0x00, 0x43, 0x9F, 0xFF, 0x00, 0x0C, 0x71, 0x8C, 0x6F, 0x70, 0x00, 0x20, 0x38, 0x3C, 0x7C, 0x78,
    0x00, 0x00, 0x10, 0x30, 0x30, 0xFE, 0xFE, 0x00, 0xFC, 0x1F, 0xF8, 0x1F, 0x0F, 0x83, 0x80, 0xE0,
    0x3B, 0xC6, 0x78, 0xC6, 0x18, 0xC3, 0x80, 0x38, 0x23, 0xFE, 0x3F, 0x00, 0xFC, 0x07, 0xFE, 0x01,
    0xF0, 0x3F, 0x03, 0x8C, 0x38, 0x7F, 0xBD, 0xF9, 0xE0, 0xC6, 0x06, 0x30, 0x38, 0x00, 0xE0, 0x83,
    0xFE, 0x0F, 0xC0, 0x7C, 0x1F, 0xC0, 0x78, 0x3E, 0xFE, 0x3E, 0x00, 0x00, 0x58, 0x3E, 0x03, 0x00,
    0xC0, 0x7C, 0x07, 0xF0, 0x07, 0x80, 0xF8, 0xFF, 0xEF, 0x8F, 0x00, 0x03, 0x40, 0x3E, 0x01, 0x80,
    0x18, 0x00, 0x30, 0x38, 0x3C, 0x7C, 0x7C, 0x00, 0x08, 0x0C, 0x0E, 0x06, 0x06, 0x07, 0x7E, 0xFE,
    0x00, 0x30, 0x0F, 0x03, 0xC1, 0xF0, 0x7C, 0x00, 0x00, 0x80, 0x30, 0x0E, 0x01, 0x80, 0x60, 0x1C,
    0x7F, 0xFF, 0xF0, 0x00, 0x18, 0x30, 0xF1, 0xE0, 0x01, 0x03, 0x06, 0x0C, 0x18, 0x30, 0xE3, 0x9E,
    0x18, 0x00, 0x18, 0x0C, 0x1F, 0x05, 0x80, 0x00, 0x40, 0x30, 0x18, 0x0E, 0x07, 0x83, 0xE3, 0x83,
    0x87, 0x81, 0x80, 0x30, 0x78, 0xF9, 0xF3, 0xC0, 0x00, 0x04, 0x0C, 0x18, 0x30, 0x60, 0xC3, 0x8E,
    0x78, 0x60, 0x30, 0x1E, 0x0F, 0x07, 0x87, 0xC0, 0x00, 0x00, 0x10, 0x0C, 0x06, 0x03, 0x81, 0xE0,
    0xF8, 0xE0, 0xE1, 0xE0, 0x60, 0x00, 0x00, 0x06, 0x00, 0x3C, 0x01, 0xE0, 0x07, 0x00, 0x0C, 0x00,
    0x1E, 0x10, 0x0E, 0x60, 0x0C, 0xC0, 0x0D, 0x80, 0x1B, 0xE0, 0xF3, 0xFF, 0xC0, 0xFC, 0x00, 0x00,
    0x06, 0x00, 0x07, 0x80, 0x07, 0xC0, 0x03, 0xC0, 0x00, 0xC0, 0x00, 0x38, 0x04, 0x03, 0x03, 0x00,
    0x60, 0xC0, 0x1C, 0x30, 0x03, 0x8F, 0x87, 0xF9, 0xFF, 0xEE, 0x0F, 0xC0, 0x00, 0x06, 0x1E, 0x7C,
    0xF0, 0xE0, 0x70, 0x38, 0x1C, 0x0C, 0x0C, 0xFC, 0xF8, 0x00, 0x06, 0x07, 0x87, 0xC3, 0xC0, 0xE0,
    0x1C, 0x03, 0x80, 0x60, 0x0C, 0x03, 0x8F, 0xFB, 0xEF, 0x00, 0x00, 0x00, 0x0C, 0x00, 0x78, 0x01,
    0xD8, 0x07, 0xF0, 0x0F, 0x80, 0x1C, 0x00, 0x30, 0x00, 0x78, 0x40, 0x39, 0x80, 0x33, 0x00, 0x36,
    0x00, 0x6F, 0x83, 0xCF, 0xFF, 0x03, 0xF0, 0x00, 0x00, 0x0C, 0x00, 0x0F, 0x00, 0x07, 0x60, 0x03,
    0xF8, 0x00, 0xFC, 0x00, 0x3C, 0x00, 0x0C, 0x00, 0x03, 0x80, 0x40, 0x30, 0x30, 0x06, 0x0C, 0x01,
    0xC3, 0x00, 0x38, 0xF8, 0x7F, 0x9F, 0xFE, 0xE0, 0xFC, 0x00, 0x0C, 0x1C, 0x7E, 0xFE, 0xFC, 0xF0,
    0xE0, 0x70, 0x38, 0x1C, 0x0C, 0x0C, 0xFC, 0xF8, 0x00, 0x0C, 0x07, 0x07, 0xE3, 0xF8, 0xFC, 0x3C,
    0x0E, 0x01, 0xC0, 0x38, 0x06, 0x00, 0xC0, 0x38, 0xFF, 0xBE, 0xF0, 0x00, 0x00, 0x00, 0x18, 0x03,
    0xB0, 0x3C, 0x07, 0x80, 0xF0, 0x1F, 0x06, 0x7F, 0xC7, 0xE0, 0x00, 0xC0, 0x07, 0x18, 0x19, 0x80,
    0xFC, 0x07, 0xE0, 0x33, 0x83, 0x0F, 0xF8, 0x3F, 0x80, 0x30, 0x71, 0xF3, 0x6C, 0x78, 0xFF, 0x3E,
    0x38, 0x3E, 0x3B, 0x19, 0xCC, 0x7E, 0x1C, 0x00, 0x67, 0x33, 0x3F, 0xE2, 0x66, 0x00, 0x20, 0x71,
    0xB9, 0xC5, 0xC3, 0xC1, 0xE0, 0x60, 0x10, 0x00, 0x01, 0x80, 0x3C, 0x0F, 0xC1, 0xBC, 0x37, 0x87,
    0xDF, 0xFF, 0xFF, 0xC4, 0x00, 0x07, 0x00, 0xF8, 0x0D, 0x81, 0x98, 0x1B, 0x8F, 0xFE, 0xFF, 0xE1,
    0x8C, 0x1C, 0xC0, 0xF8, 0x07, 0x80, 0x00, 0x1C, 0x0F, 0x0F, 0xC6, 0x73, 0x7D, 0xF7, 0xFF, 0xFF,
    0x81, 0x00, 0x1E, 0x0F, 0x83, 0x61, 0xD8, 0x6E, 0x3F, 0xEF, 0xFD, 0x8C, 0x73, 0x0F, 0xC1, 0xE0,
    0x0C, 0x00, 0x1E, 0x00, 0x3E, 0x00, 0x73, 0x00, 0x60, 0x00, 0xC0, 0x00, 0xF8, 0x1E, 0x7F, 0xFE,
    0x0F, 0xF0, 0x03, 0xCF, 0xFF, 0xF3, 0x00, 0xE0, 0x1F, 0xF1, 0xFC, 0x30, 0x00, 0x70, 0x00, 0x68,
    0x00, 0x78, 0x00, 0x2C, 0x00, 0x1E, 0x00, 0x3E, 0x00, 0x73, 0x00, 0x60, 0x00, 0xC0, 0x00, 0xF8,
    0x1E, 0x7F, 0xFE, 0x0F, 0xF0, 0x30, 0x1C, 0x06, 0x81, 0xE0, 0x23, 0xCF, 0xFF, 0xF3, 0x00, 0xE0,
    0x1F, 0xF1, 0xFC, 0x00, 0xF8, 0x0F, 0x80, 0xE0, 0x06, 0x06, 0x38, 0x60, 0xF3, 0x01, 0xD8, 0x06,
    0xE0, 0x73, 0xFF, 0x0F, 0xE0, 0x60, 0x83, 0x03, 0xEC, 0x07, 0xB0, 0x0C, 0xE0, 0x71, 0xFF, 0x83,
    0xF8, 0x00, 0x18, 0xC6, 0x31, 0xBD, 0xC0, 0x7B, 0xC0, 0x10, 0x30, 0x30, 0xFE, 0xFE, 0x00, 0x78,
    0x78, 0x00, 0x38, 0xF1, 0x83, 0x07, 0xDF, 0xBC, 0x00, 0xFB, 0xF0, 0x0C, 0x30, 0xC3, 0x0C, 0x30,
    0xC3, 0x0C, 0x30, 0xC0, 0xF9, 0xF8, 0x01, 0x83, 0x06, 0x0C, 0x18, 0x30, 0x60, 0xC1, 0x83, 0x07,
    0x87, 0x80, 0x6E, 0xEF, 0x86, 0x66, 0x66, 0x66, 0x66, 0x66, 0x63, 0x8E, 0x3C, 0x81, 0x86, 0x18,
    0x61, 0x86, 0x18, 0x61, 0x86, 0x1E, 0x3C, 0x00, 0x18, 0x70, 0xE1, 0xE2, 0x07, 0x1F, 0x37, 0x66,
    0xFD, 0xF8, 0xF1, 0xDF, 0x1C, 0x00, 0x18, 0x1C, 0x0E, 0x07, 0x82, 0x01, 0xC1, 0xF0, 0xDC, 0x66,
    0x3F, 0xDF, 0xE1, 0xC1, 0xC7, 0xC1, 0xC0, 0x63, 0x18, 0xC6, 0x31, 0x8C, 0x63, 0x18, 0xC0, 0x39,
    0x8E, 0x72, 0x00, 0x61, 0x86, 0x18, 0x61, 0x86, 0x18, 0x61, 0x87, 0x8F, 0x01, 0xC7, 0x1C, 0x71,
    0x00, 0x38, 0x01, 0x87, 0xCE, 0x7C, 0x77, 0x02, 0x30, 0x31, 0xC3, 0x07, 0x98, 0x0E, 0xC0, 0x37,
    0x03, 0x9F, 0xF8, 0x7F, 0x00, 0x38, 0x00, 0xC0, 0x03, 0x80, 0x0E, 0x00, 0x20, 0x01, 0x82, 0x0C,
    0x0F, 0xB0, 0x1E, 0xC0, 0x33, 0x81, 0xC7, 0xFE, 0x0F, 0xE0, 0x6E, 0xDF, 0xC6, 0x73, 0x33, 0xFE,
    0x00, 0x70, 0xC1, 0xC3, 0x84, 0x06, 0x0C, 0x18, 0xFD, 0xFC, 0x00, 0xFF, 0xFF, 0xFF, 0xC6, 0x31,
    0x8C, 0x63, 0x18, 0xC6, 0x3C, 0xF0, 0x00, 0x00, 0x06, 0x40, 0x07, 0xC0, 0x03, 0xC0, 0x03, 0xC0,
    0x03, 0xF8, 0x3F, 0x7F, 0xFE, 0x0F, 0xE0, 0x01, 0x80, 0x01, 0x80, 0x00, 0x00, 0x40, 0x00, 0x0C,
    0x00, 0x00, 0xC0, 0x03, 0x0C, 0x00, 0x78, 0xF8, 0x7F, 0xE7, 0xFF, 0x9E, 0x0F, 0xC0, 0x00, 0x18,
    0x00, 0x01, 0x80, 0x00, 0x00, 0x00, 0x67, 0x33, 0x3F, 0xE0, 0x66, 0x00, 0x30, 0x60, 0xC7, 0xEF,
    0xE0, 0x0C, 0x18, 0x00, 0x00, 0xF9, 0xA0, 0x03, 0x07, 0x1F, 0x36, 0xC7, 0x8F, 0xF3, 0xE0, 0x00,
    0x1E, 0x0F, 0x00, 0x00, 0xC0, 0x60, 0xF8, 0xFC, 0xCE, 0x63, 0x3F, 0x87, 0xF0, 0x78, 0x00, 0x00,
    0x00, 0x03, 0xC0, 0x03, 0xC6, 0x40, 0x07, 0xC0, 0x03, 0xC0, 0x03, 0xC0, 0x03, 0xF8, 0x3F, 0x7F,
    0xFE, 0x0F, 0xE0, 0x00, 0x00, 0x00, 0x3C, 0x00, 0x03, 0xC0, 0x04, 0x00, 0x00, 0xC0, 0x00, 0x0C,
    0x00, 0x30, 0xC0, 0x07, 0x8F, 0x87, 0xFE, 0x7F, 0xF9, 0xE0, 0xFC, 0x00, 0x07, 0xBC, 0x06, 0x38,
    0xC6, 0x37, 0xB8, 0x00, 0x00, 0x7C, 0x68, 0x00, 0x10, 0x30, 0x30, 0xFE, 0xFE, 0x00, 0x01, 0x80,
    0x01, 0x80, 0x03, 0xC0, 0x03, 0xC6, 0x40, 0x07, 0xC0, 0x03, 0xC0, 0x03, 0xC0, 0x03, 0xF8, 0x3F,
    0x7F, 0xFE, 0x0F, 0xE0, 0x01, 0x80, 0x00, 0x18, 0x00, 0x03, 0xC0, 0x00, 0x3C, 0x00, 0x40, 0x00,
    0x0C, 0x00, 0x00, 0xC0, 0x03, 0x0C, 0x00, 0x78, 0xF8, 0x7F, 0xE7, 0xFF, 0x9E, 0x0F, 0xC0, 0x00,
    0x63, 0x3D, 0xE0, 0x31, 0xC6, 0x31, 0xBD, 0xC0, 0x00, 0x30, 0x30, 0x7C, 0x68, 0x00, 0x10, 0x30,
    0x30, 0xFE, 0xFE, 0x00, 0xFC, 0x3F, 0xF0, 0x7C, 0x78, 0x38, 0x1C, 0x0E, 0x03, 0x18, 0xC6, 0x30,
    0x0C, 0x03, 0xC3, 0x7F, 0xC7, 0xE0, 0xFC, 0x0F, 0xFC, 0x07, 0xC1, 0xF0, 0x3B, 0x87, 0x1E, 0xE1,
    0xFC, 0x60, 0xC6, 0x0C, 0x00, 0xC0, 0x0F, 0x0C, 0x7F, 0xC1, 0xF8, 0x7C, 0x1F, 0xC0, 0x78, 0x3E,
    0xFE, 0x3E, 0x00, 0x00, 0x20, 0x0C, 0x00, 0x00, 0x7C, 0x07, 0xF0, 0x07, 0x80, 0xF8, 0xFF, 0xEF,
    0x8F, 0x00, 0x00, 0x80, 0x18, 0x00, 0x00, 0xFC, 0x3F, 0xF0, 0x7C, 0x78, 0x38, 0x1C, 0x0E, 0x03,
    0x00, 0xC0, 0x30, 0x0C, 0x03, 0xC3, 0x7F, 0xC7, 0xE0, 0xFC, 0x0F, 0xFC, 0x07, 0xC1, 0xF0, 0x3B,
    0x87, 0x1E, 0xE1, 0xFC, 0x00, 0xC0, 0x0C, 0x00, 0xC0, 0x0F, 0x0C, 0x7F, 0xC1, 0xF8, 0x7C, 0x1F,
    0xC0, 0x78, 0x3E, 0xFE, 0x3E, 0x00, 0x00, 0x7C, 0x07, 0xF0, 0x07, 0x80, 0xF8, 0xFF, 0xEF, 0x8F,
    0x00, 0x00, 0x00, 0x03, 0x00, 0xC0, 0x00, 0xFC, 0x3F, 0xF0, 0x7C, 0x78, 0x38, 0x1C, 0x0E, 0x03,
    0x00, 0xC0, 0x30, 0x0C, 0x03, 0xC3, 0x7F, 0xC7, 0xE0, 0x00, 0x00, 0xC0, 0x0C, 0x00, 0x00, 0xFC,
    0x0F, 0xFC, 0x07, 0xC1, 0xF0, 0x3B, 0x87, 0x1E, 0xE1, 0xFC, 0x00, 0xC0, 0x0C, 0x00, 0xC0, 0x0F,
    0x0C, 0x7F, 0xC1, 0xF8, 0x00, 0x0C, 0x03, 0x00, 0x00, 0x7C, 0x1F, 0xC0, 0x78, 0x3E, 0xFE, 0x3E,
    0x00, 0x00, 0x00, 0x07, 0x00, 0x20, 0x00, 0x00, 0x7C, 0x07, 0xF0, 0x07, 0x80, 0xF8, 0xFF, 0xEF,
    0x8F, 0x00, 0x00, 0x08, 0x0C, 0x0E, 0x06, 0x06, 0x07, 0x7E, 0xFE, 0x00, 0x08, 0x03, 0x00, 0xE0,
    0x18, 0x06, 0x01, 0xC7, 0xFF, 0xFF, 0x00, 0x00, 0x00, 0x38, 0x10, 0x00, 0x08, 0x0C, 0x0E, 0x06,
    0x06, 0x07, 0x7E, 0xFE, 0x00, 0x00, 0x06, 0x01, 0x80, 0x00, 0x08, 0x03, 0x00, 0xE0, 0x18, 0x06,
    0x01, 0xC7, 0xFF, 0xFF, 0x00, 0x00, 0x08, 0x18, 0x30, 0x60, 0xC1, 0x87, 0x1C, 0xF0, 0xC0, 0x08,
    0x06, 0x03, 0x01, 0xC0, 0xF0, 0x7C, 0x70, 0x70, 0xF0, 0x30, 0x00, 0x00, 0x30, 0x60, 0x00, 0x81,
    0x83, 0x06, 0x0C, 0x18, 0x71, 0xCF, 0x0C, 0x00, 0x00, 0x0C, 0x06, 0x00, 0x00, 0x80, 0x60, 0x30,
    0x1C, 0x0F, 0x07, 0xC7, 0x07, 0x0F, 0x03, 0x00, 0x00, 0x00, 0x60, 0x00, 0x06, 0x00, 0xC2, 0x60,
    0x0E, 0x63, 0x60, 0x66, 0x3C, 0x07, 0xFE, 0xC0, 0x7F, 0xEC, 0x06, 0x00, 0xE0, 0xC0, 0x07, 0xFC,
    0x00, 0x3F, 0x80, 0x00, 0x00, 0x00, 0x60, 0x03, 0x09, 0x80, 0x0E, 0x63, 0x18, 0x19, 0x8C, 0xC0,
    0x7F, 0xFF, 0x01, 0xFF, 0xFC, 0x06, 0x00, 0x38, 0x30, 0x00, 0x7F, 0xC0, 0x00, 0xFE, 0x00, 0x00,
    0x00, 0x30, 0x01, 0x8C, 0x4C, 0x66, 0x73, 0x31, 0xFF, 0xFB, 0xFF, 0xC0, 0x00, 0x00, 0x30, 0x62,
    0x20, 0xCC, 0x61, 0x98, 0xCF, 0xFF, 0xFF, 0xFF, 0xC0, 0x00, 0x00, 0x00, 0x06, 0x00, 0x00, 0x60,
    0x00, 0x1F, 0x00, 0x00, 0xB0, 0x00, 0x00, 0x60, 0x00, 0x06, 0x00, 0xC2, 0x60, 0x0E, 0x63, 0x60,
    0x66, 0x3C, 0x07, 0xFE, 0xC0, 0x7F, 0xEC, 0x06, 0x00, 0xE0, 0xC0, 0x07, 0xFC, 0x00, 0x3F, 0x80,
    0x00, 0x00, 0x06, 0x00, 0x00, 0x18, 0x00, 0x01, 0xF0, 0x00, 0x02, 0xC0, 0x00, 0x00, 0x00, 0x00,
    0x01, 0x80, 0x0C, 0x26, 0x00, 0x39, 0x8C, 0x60, 0x66, 0x33, 0x01, 0xFF, 0xFC, 0x07, 0xFF, 0xF0,
    0x18, 0x00, 0xE0, 0xC0, 0x01, 0xFF, 0x00, 0x03, 0xF8, 0x00, 0x00, 0x03, 0x00, 0x18, 0x01, 0xE0,
    0x0F, 0x00, 0x03, 0x00, 0x18, 0xC4, 0xC6, 0x67, 0x33, 0x1F, 0xFF, 0xBF, 0xFC, 0x00, 0x00, 0x03,
    0x00, 0x06, 0x00, 0x1E, 0x00, 0x3C, 0x00, 0x00, 0x00, 0x06, 0x0C, 0x44, 0x19, 0x8C, 0x33, 0x19,
    0xFF, 0xFF, 0xFF, 0xF8, 0x00, 0x00, 0x00, 0x00, 0x60, 0x00, 0x07, 0xE0, 0x0C, 0x3F, 0x80, 0x39,
    0xC6, 0x60, 0x6C, 0x1B, 0x01, 0xFF, 0xEC, 0x07, 0xFF, 0x30, 0x19, 0xE0, 0xE0, 0xC0, 0x01, 0xFF,
    0x00, 0x03, 0xF8, 0x00, 0x00, 0x00, 0x00, 0x60, 0x00, 0x01, 0xF8, 0x00, 0xC3, 0xF8, 0x00, 0xE7,
    0x18, 0x60, 0x6C, 0x18, 0xC0, 0x7F, 0xFE, 0xC0, 0x7F, 0xFF, 0xC0, 0x67, 0x80, 0xE0, 0xC0, 0x00,
    0x7F, 0xC0, 0x00, 0x3F, 0x80, 0x00, 0x00, 0x10, 0x01, 0xF8, 0xC7, 0xF1, 0x9C, 0x33, 0x70, 0xFF,
    0xC7, 0xBF, 0xFE, 0x03, 0xE0, 0x00, 0x10, 0x00, 0x7E, 0x0C, 0x7F, 0x06, 0x70, 0xC3, 0x70, 0xE7,
    0xF1, 0xFB, 0xFF, 0xFE, 0x0F, 0x80, 0x00, 0x00, 0x00, 0x00, 0x03, 0x80, 0x00, 0x04, 0x00, 0x00,
    0x00, 0x00, 0x00, 0x60, 0x00, 0x07, 0xE0, 0x0C, 0x3F, 0x80, 0x39, 0xC6, 0x60, 0x6C, 0x1B, 0x01,
    0xFF, 0xEC, 0x07, 0xFF, 0x30, 0x19, 0xE0, 0xE0, 0xC0, 0x01, 0xFF, 0x00, 0x03, 0xF8, 0x00, 0x00,
    0x00, 0x00, 0x00, 0x00, 0x00, 0xE0, 0x00, 0x00, 0x40, 0x00, 0x00, 0x00, 0x00, 0x00, 0x60, 0x00,
    0x01, 0xF8, 0x00, 0xC3, 0xF8, 0x00, 0xE7, 0x18, 0x60, 0x6C, 0x18, 0xC0, 0x7F, 0xFE, 0xC0, 0x7F,
    0xFF, 0xC0, 0x67, 0x80, 0xE0, 0xC0, 0x00, 0x7F, 0xC0, 0x00, 0x3F, 0x80, 0x00, 0x00, 0x00, 0x00,
    0x60, 0x00, 0xC0, 0x00, 0x80, 0x0F, 0xC6, 0x3F, 0x8C, 0xE1, 0x9B, 0x87, 0xFE, 0x3D, 0xFF, 0xF0,
    0x1F, 0x00, 0x00, 0x00, 0x00, 0x18, 0x00, 0x0C, 0x00, 0x02, 0x00, 0x0F, 0xC1, 0x8F, 0xE0, 0xCE,
    0x18, 0x6E, 0x1C, 0xFE, 0x3F, 0x7F, 0xFF, 0xC1, 0xF0, 0x00, 0x18, 0x00, 0xC0, 0x06, 0x00, 0x30,
    0x01, 0x80, 0x0C, 0x20, 0x6F, 0xC3, 0xFF, 0x1E, 0x18, 0xE1, 0xFF, 0xFD, 0xFF, 0xC1, 0xF0, 0x00,
    0x18, 0x00, 0x30, 0x00, 0x60, 0x00, 0xC0, 0x01, 0x80, 0x03, 0x08, 0x06, 0xFC, 0x0F, 0xFC, 0x1E,
    0x18, 0x38, 0x73, 0xFF, 0xF7, 0xFF, 0xF1, 0xF0, 0x00, 0x60, 0x0C, 0x01, 0x80, 0x30, 0x06, 0x00,
    0xC2, 0x19, 0xF3, 0xFF, 0x78, 0x6E, 0x1F, 0xFF, 0x7F, 0xC0, 0x00, 0x60, 0x03, 0x00, 0x18, 0x00,
    0xC0, 0x06, 0x00, 0x30, 0x81, 0x9F, 0x0F, 0xFC, 0x78, 0x63, 0x87, 0x3F, 0xFD, 0xFF, 0xF0, 0x00,
    0x00, 0x18, 0x00, 0xC0, 0x06, 0x38, 0x30, 0x81, 0x80, 0x0C, 0x20, 0x6F, 0xC3, 0xFF, 0x1E, 0x18,
    0xE1, 0xFF, 0xFD, 0xFF, 0xC1, 0xF0, 0x00, 0x18, 0x00, 0x30, 0x00, 0x63, 0x00, 0xC4, 0x01, 0x80,
    0x03, 0x08, 0x06, 0xFC, 0x0F, 0xFC, 0x1E, 0x18, 0x38, 0x73, 0xFF, 0xF7, 0xFF, 0xF1, 0xF0, 0x00,
    0x60, 0x0C, 0x01, 0x80, 0x31, 0x86, 0x30, 0xC2, 0x19, 0xF3, 0xFF, 0x78, 0x6E, 0x1F, 0xFF, 0x7F,
    0xC0, 0x00, 0x60, 0x03, 0x00, 0x18, 0x00, 0xC6, 0x06, 0x30, 0x30, 0x81, 0x9F, 0x0F, 0xFC, 0x78,
    0x63, 0x87, 0x3F, 0xFD, 0xFF, 0xF0, 0x00, 0x00, 0x18, 0x1F, 0x0E, 0x03, 0x00, 0xE2, 0x1F, 0x83,
    0xE1, 0xC0, 0xE0, 0x30, 0x0C, 0x03, 0x00, 0xC0, 0x3C, 0x27, 0xFC, 0x7E, 0x3E, 0x1F, 0xC6, 0x31,
    0xD8, 0x3E, 0x0F, 0xE7, 0x7F, 0x80, 0xC0, 0x30, 0x0C, 0x03, 0x86, 0x7F, 0x8F, 0xC0, 0x0C, 0x3E,
    0x70, 0x60, 0x60, 0x73, 0xFF, 0xFC, 0x00, 0x3E, 0x1F, 0xC6, 0x31, 0xD8, 0x3E, 0x3F, 0xEF, 0xFC,
    0x00, 0x00, 0x06, 0x01, 0x80, 0x00, 0x18, 0x1F, 0x0E, 0x03, 0x00, 0xE2, 0x1F, 0x83, 0xE1, 0xC0,
    0xE0, 0x30, 0x0C, 0x03, 0x00, 0xC0, 0x3C, 0x27, 0xFC, 0x7E, 0x00, 0x03, 0x00, 0xC0, 0x00, 0x3E,
    0x1F, 0xC6, 0x31, 0xD8, 0x3E, 0x0F, 0xE7, 0x7F, 0x80, 0xC0, 0x30, 0x0C, 0x03, 0x86, 0x7F, 0x8F,
    0xC0, 0x00, 0x1C, 0x08, 0x00, 0x0C, 0x3E, 0x70, 0x60, 0x60, 0x73, 0xFF, 0xFC, 0x00, 0x00, 0x07,
    0x00, 0x80, 0x00, 0x3E, 0x1F, 0xC6, 0x31, 0xD8, 0x3E, 0x3F, 0xEF, 0xFC, 0x00, 0x00, 0x00, 0x00,
    0x0C, 0x00, 0x0C, 0x00, 0x00, 0x00, 0x0C, 0x00, 0x1E, 0x00, 0x3F, 0x40, 0x33, 0xC0, 0x33, 0xC0,
    0x3F, 0xC0, 0x1F, 0xF8, 0x0F, 0x7F, 0xFE, 0x0F, 0xF8, 0x00, 0x00, 0x00, 0x00, 0x60, 0x00, 0x06,
    0x00, 0x00, 0x00, 0x00, 0x0F, 0x04, 0x00, 0xF8, 0xC0, 0x19, 0x8C, 0x01, 0x98, 0xC0, 0x1D, 0x8F,
    0x83, 0xFE, 0x7F, 0xFF, 0xE0, 0xFE, 0x00, 0x00, 0x30, 0x60, 0x01, 0x87, 0x9F, 0xB3, 0x66, 0xFC,
    0xFF, 0xEF, 0x80, 0x00, 0x00, 0x06, 0x01, 0x80, 0x00, 0x3C, 0x1F, 0x86, 0x61, 0x98, 0x76, 0x3F,
    0xEF, 0xF8, 0x00, 0x00, 0x00, 0x0F, 0x00, 0x78, 0x00, 0x00, 0x0E, 0x00, 0xF8, 0x0E, 0xCC, 0x66,
    0xE3, 0xFE, 0x0F, 0xB0, 0x0D, 0xC0, 0xE7, 0xFE, 0x1F, 0xE0, 0x10, 0x00, 0x00, 0x00, 0x03, 0xE0,
    0x02, 0xC0, 0x00, 0x00, 0x0E, 0x00, 0x3E, 0x00, 0x6C, 0x31, 0x98, 0x63, 0xFD, 0x83, 0xFF, 0x00,
    0xC7, 0x01, 0x87, 0x0E, 0x0F, 0xF8, 0x07, 0xC0, 0x00, 0x00, 0xF8, 0xB0, 0x01, 0x87, 0x9F, 0xB3,
    0x66, 0xFC, 0xFF, 0xEF, 0x80, 0x00, 0x00, 0x0F, 0x03, 0xC0, 0x00, 0x3C, 0x1F, 0x86, 0x61, 0x98,
    0x76, 0x3F, 0xEF, 0xF8, 0x00, 0x00, 0x0C, 0x00, 0x30, 0x00, 0xC0, 0x63, 0x03, 0x8C, 0x0C, 0x34,
    0x18, 0xF0, 0xE3, 0xC3, 0x0F, 0x00, 0x3F, 0x87, 0xDF, 0xFE, 0x0F, 0xC0, 0x00, 0x0C, 0x00, 0x06,
    0x00, 0x03, 0x00, 0x31, 0x80, 0x38, 0xC0, 0x18, 0x61, 0x06, 0x31, 0x87, 0x18, 0xC3, 0x0C, 0x60,
    0x06, 0x3E, 0x1F, 0xCF, 0xFF, 0xE0, 0xFC, 0x00, 0x06, 0x1E, 0x7C, 0xF0, 0xE0, 0x70, 0x38, 0x1C,
    0x0C, 0x0C, 0xFC, 0xF8, 0x00, 0x06, 0x07, 0x87, 0xC3, 0xC0, 0xE0, 0x1C, 0x03, 0x80, 0x60, 0x0C,
    0x03, 0x8F, 0xFB, 0xEF, 0x00, 0x00, 0x00, 0xE0, 0x0C, 0x01, 0x80, 0x30, 0x06, 0x00, 0xC0, 0x18,
    0x03, 0x00, 0x6C, 0x0F, 0x01, 0xE0, 0x3C, 0x0D, 0xC1, 0x9F, 0xE1, 0xF8, 0x00, 0xE0, 0x03, 0x00,
    0x18, 0x00, 0xC0, 0x06, 0x00, 0x30, 0x01, 0x80, 0x0C, 0x00, 0x63, 0x03, 0x30, 0x1F, 0x80, 0xFC,
    0x0E, 0x70, 0x61, 0xFF, 0x07, 0xE0, 0x66, 0x66, 0x77, 0x73, 0x33, 0xFE, 0x00, 0x61, 0x87, 0x1C,
    0x71, 0xC3, 0x0C, 0x30, 0xCF, 0xFF, 0x00, 0x1C, 0x3E, 0x76, 0x63, 0x1F, 0x7F, 0xE6, 0xC0, 0xC0,
    0xC0, 0xC0, 0xC0, 0x60, 0x60, 0x00, 0x03, 0xC0, 0xFC, 0x39, 0x8F, 0x31, 0xFF, 0xB7, 0xF6, 0x30,
    0xC0, 0x18, 0x03, 0x00, 0x70, 0x06, 0x00, 0xC0, 0x00, 0x1E, 0x3F, 0x33, 0x73, 0xFF, 0xFE, 0x00,
    0x00, 0x03, 0xC0, 0xFC, 0x19, 0x87, 0x39, 0xF7, 0xB7, 0xF8, 0x30, 0x00, 0x01, 0xC0, 0x10, 0x00,
    0x00, 0x0C, 0x01, 0xD8, 0x1E, 0x03, 0xC0, 0x78, 0x0F, 0x83, 0x3F, 0xE3, 0xF0, 0x00, 0x00, 0x70,
    0x01, 0x00, 0x00, 0x00, 0x0C, 0x00, 0x71, 0x81, 0x98, 0x0F, 0xC0, 0x7E, 0x03, 0x38, 0x30, 0xFF,
    0x83, 0xF8, 0x00, 0x06, 0x60, 0x67, 0x33, 0x3F, 0xE0, 0x00, 0xE0, 0x80, 0x03, 0x06, 0x0C, 0x7E,
    0xFE, 0x00, 0x30, 0x71, 0xF3, 0x6C, 0x78, 0xFF, 0x3E, 0x0C, 0x06, 0x0F, 0x8F, 0xCC, 0xE6, 0x33,
    0xF8, 0x7F, 0x07, 0x80, 0x00, 0x00, 0x1C, 0x0F, 0x0F, 0xC6, 0x73, 0x7D, 0xF7, 0xFF, 0xFF, 0x81,
    0x00, 0x1E, 0x0F, 0x83, 0x61, 0xD8, 0x6E, 0x3F, 0xEF, 0xFD, 0x8C, 0x73, 0x0F, 0xC1, 0xE0, 0x38,
    0xF9, 0xBB, 0x37, 0xEF, 0xC7, 0x8E, 0xF8, 0xE0, 0x38, 0x3E, 0x1B, 0x8C, 0xC7, 0xFB, 0xFC, 0x38,
    0x38, 0xF8, 0x38, 0x00, 0x00, 0xF8, 0x0F, 0x80, 0xE0, 0x06, 0x06, 0x38, 0x60, 0xF3, 0x01, 0xD8,
    0x06, 0xE0, 0x73, 0xFF, 0x0F, 0xE0, 0x60, 0x83, 0x03, 0xEC, 0x07, 0xB0, 0x0C, 0xE0, 0x71, 0xFF,
    0x83, 0xF8, 0x00, 0x00, 0xF8, 0x0F, 0x80, 0xE0, 0x06, 0x06, 0x38, 0x60, 0xF3, 0x01, 0xD8, 0x06,
    0xE0, 0x73, 0xFF, 0x0F, 0xE0, 0x00, 0x00, 0xF0, 0x07, 0x80, 0x00, 0x00, 0x60, 0x83, 0x03, 0xEC,
    0x07, 0xB0, 0x0C, 0xE0, 0x71, 0xFF, 0x83, 0xF8, 0x00, 0x00, 0x0A, 0x00, 0x7C, 0x00, 0x00, 0x00,
    0x18, 0xC6, 0x31, 0xBD, 0xC0, 0x7B, 0xC0, 0x10, 0x30, 0x30, 0xFE, 0xFE, 0x00, 0x78, 0x78, 0x00,
    0x7C, 0x0F, 0x98, 0x03, 0x08, 0x61, 0xCC, 0x1D, 0x81, 0xF0, 0x1E, 0x01, 0xC0, 0x7C, 0x1D, 0x87,
    0xF0, 0xFC, 0xFC, 0x0F, 0xD8, 0x01, 0x82, 0x18, 0x31, 0x83, 0x98, 0x1D, 0x80, 0xF8, 0x07, 0x80,
    0x38, 0x03, 0x83, 0xFF, 0x3E, 0xF0, 0x00, 0x70, 0x18, 0x07, 0x01, 0xC6, 0x41, 0x88, 0x63, 0x98,
    0x76, 0x0F, 0x81, 0xE0, 0x38, 0x1F, 0x0E, 0xC7, 0xF1, 0xF8, 0x60, 0x1C, 0x03, 0x80, 0x79, 0x88,
    0x30, 0x86, 0x18, 0xC3, 0x98, 0x3B, 0x03, 0xE0, 0x3C, 0x03, 0x80, 0x70, 0xFF, 0xDF, 0x78, 0x00,
    0x03, 0x01, 0x90, 0xCE, 0x63, 0xB0, 0xF8, 0x3C, 0x0E, 0x0F, 0x8E, 0xCF, 0xE7, 0xE0, 0x01, 0x81,
    0xC0, 0xF0, 0x78, 0x20, 0x00, 0x03, 0x00, 0x61, 0x0C, 0x31, 0x87, 0x30, 0x76, 0x07, 0xC0, 0x78,
    0x07, 0x00, 0xE1, 0xFF, 0xBE, 0xF0, 0x00, 0x30, 0x0E, 0x01, 0xA0, 0x3C, 0x06, 0x00, 0x03, 0x01,
    0x90, 0xCE, 0x63, 0xB0, 0xF8, 0x3C, 0x0E, 0x0F, 0x8E, 0xCF, 0xE7, 0xE0, 0x03, 0x00, 0x61, 0x0C,
    0x31, 0x87, 0x30, 0x76, 0x07, 0xC0, 0x78, 0x07, 0x00, 0xE1, 0xFF, 0xBE, 0xF0, 0x00,
};

static const EpdGlyph nunito_8_regularGlyphs[] = {
    { 0, 0, 0, 0, 0, 0, 0 }, // U+0000
    { 0, 0, 69, 0, 0, 0, 0 }, // U+000D
    { 0, 0, 69, 0, 0, 0, 0 }, // U+0020
    { 2, 13, 61, 1, 12, 4, 0 }, // !
    { 5, 5, 105, 1, 12, 4, 4 }, // "
    { 10, 13, 160, 0, 12, 17, 8 }, // #
    { 10, 17, 160, 0, 14, 22, 25 }, // $
    { 15, 14, 248, 0, 13, 27, 47 }, // %
    { 10, 13, 185, 1, 12, 17, 74 }, // &
    { 2, 5, 59, 1, 12, 2, 91 }, // '
    { 4, 16, 85, 1, 12, 8, 93 }, // (
    { 4, 16, 85, 0, 12, 8, 101 }, // )
    { 7, 6, 120, 0, 12, 6, 109 }, // *
    { 10, 9, 160, 0, 9, 12, 115 }, // +
    { 2, 4, 61, 1, 2, 1, 127 }, // ,
    { 5, 2, 113, 1, 5, 2, 128 }, // -
    { 2, 3, 61, 1, 2, 1, 130 }, // .
    { 6, 14, 75, -1, 13, 11, 131 }, // /
    { 10, 13, 160, 0, 12, 17, 142 }, // 0
    { 8, 12, 160, 1, 12, 12, 159 }, // 1
    { 9, 12, 160, 1, 12, 14, 171 }, // 2
    { 9, 13, 160, 0, 12, 15, 185 }, // 3
    { 10, 13, 160, 0, 12, 17, 200 }, // 4
    { 9, 13, 160, 1, 12, 15, 217 }, // 5
    { 9, 13, 160, 1, 12, 15, 232 }, // 6
    { 8, 13, 160, 1, 12, 13, 247 }, // 7
    { 10, 13, 160, 0, 12, 17, 260 }, // 8
    { 9, 13, 160, 0, 12, 15, 277 }, // 9
    { 2, 10, 61, 1, 9, 3, 292 }, // :
    { 2, 11, 61, 1, 9, 3, 295 }, // ;
    { 10, 9, 160, 0, 9, 12, 298 }, // <
    { 10, 5, 160, 0, 7, 7, 310 }, // =
    { 10, 9, 160, 0, 9, 12, 317 }, // >
    { 7, 13, 118, 0, 12, 12, 329 }, // ?
    { 14, 15, 252, 1, 12, 27, 341 }, // @
    { 12, 13, 194, 0, 12, 20, 368 }, // A
    { 10, 12, 180, 1, 12, 15, 388 }, // B
    { 10, 13, 180, 1, 12, 17, 403 }, // C
    { 11, 12, 198, 1, 12, 17, 420 }, // D
    { 8, 12, 156, 1, 12, 12, 437 }, // E
    { 8, 13, 146, 1, 12, 13, 449 }, // F
    { 10, 13, 194, 1, 12, 17, 462 }, // G
    { 11, 13, 203, 1, 12, 18, 479 }, // H
    { 2, 13, 69, 1, 12, 4, 497 }, // I
    { 5, 13, 86, -1, 12, 9, 501 }, // J
    { 9, 13, 167, 1, 12, 15, 510 }, // K
    { 8, 12, 145, 1, 12, 12, 525 }, // L
    { 12, 13, 228, 1, 12, 20, 537 }, // M
    { 10, 13, 197, 1, 12, 17, 557 }, // N
    { 11, 13, 205, 1, 12, 18, 574 }, // O
    { 10, 13, 169, 1, 12, 17, 592 }, // P
    { 11, 16, 205, 1, 12, 22, 609 }, // Q
    { 10, 13, 178, 1, 12, 17, 631 }, // R
    { 10, 13, 164, 0, 12, 17, 648 }, // S
    { 12, 13, 161, -1, 12, 20, 665 }, // T
    { 10, 13, 194, 1, 12, 17, 685 }, // U
    { 12, 13, 184, 0, 12, 20, 702 }, // V
    { 18, 13, 294, 0, 12, 30, 722 }, // W
    { 11, 13, 173, 0, 12, 18, 752 }, // X
    { 10, 13, 159, 0, 12, 17, 770 }, // Y
    { 10, 12, 157, 0, 12, 15, 787 }, // Z
    { 5, 15, 84, 1, 12, 10, 802 }, // [
    { 6, 14, 75, -1, 13, 11, 812 }, // <backslash>
    { 4, 15, 84, 0, 12, 8, 823 }, // ]
    { 10, 9, 160, 0, 11, 12, 831 }, // ^
    { 9, 1, 133, 0, 0, 2, 843 }, // _
    { 4, 4, 95, 1, 13, 2, 845 }, // `
    { 8, 10, 141, 0, 9, 10, 847 }, // a
    { 8, 13, 156, 1, 12, 13, 857 }, // b
    { 8, 10, 124, 0, 9, 10, 870 }, // c
    { 9, 13, 156, 0, 12, 15, 880 }, // d
    { 9, 10, 142, 0, 9, 12, 895 }, // e
    { 6, 13, 89, 0, 12, 10, 907 }, // f
    { 9, 13, 156, 0, 9, 15, 917 }, // g
    { 8, 13, 152, 1, 12, 13, 932 }, // h
    { 2, 13, 62, 1, 12, 4, 945 }, // i
    { 4, 16, 63, -1, 12, 8, 949 }, // j
    { 7, 13, 133, 1, 12, 12, 957 }, // k
    { 4, 13, 79, 1, 12, 7, 969 }, // l
    { 13, 10, 228, 1, 9, 17, 976 }, // m
    { 8, 10, 152, 1, 9, 10, 993 }, // n
    { 9, 10, 148, 0, 9, 12, 1003 }, // o
    { 8, 13, 156, 1, 9, 13, 1015 }, // p
    { 9, 13, 156, 0, 9, 15, 1028 }, // q
    { 5, 10, 95, 1, 9, 7, 1043 }, // r
    { 8, 10, 128, 0, 9, 10, 1050 }, // s
    { 7, 12, 93, -1, 11, 11, 1060 }, // t
    { 8, 10, 150, 1, 9, 10, 1071 }, // u
    { 9, 10, 137, 0, 9, 12, 1081 }, // v
    { 14, 10, 224, 0, 9, 18, 1093 }, // w
    { 9, 10, 140, 0, 9, 12, 1111 }, // x
    { 9, 13, 137, 0, 9, 15, 1123 }, // y
    { 8, 9, 124, 0, 9, 9, 1138 }, // z
    { 6, 15, 94, 0, 12, 12, 1147 }, // {
    { 2, 16, 71, 1, 12, 4, 1159 }, // |
    { 6, 15, 94, 0, 12, 12, 1163 }, // }
    { 9, 3, 160, 1, 6, 4, 1175 }, // ~
    { 0, 0, 69, 0, 0, 0, 1179 }, // U+00A0
    { 2, 13, 61, 1, 9, 4, 1179 }, // U+00A1
    { 8, 14, 160, 1, 11, 14, 1183 }, // U+00A2
    { 10, 12, 160, 0, 12, 15, 1197 }, // U+00A3
    { 10, 10, 160, 0, 9, 13, 1212 }, // U+00A4
    { 10, 13, 160, 0, 12, 17, 1225 }, // U+00A5
    { 2, 16, 71, 1, 12, 4, 1242 }, // U+00A6
    { 9, 16, 145, 0, 12, 18, 1246 }, // U+00A7
    { 6, 2, 125, 1, 12, 2, 1264 }, // U+00A8
    { 13, 13, 217, 0, 12, 22, 1266 }, // U+00A9
    { 5, 6, 87, 0, 12, 4, 1288 }, // U+00AA
    { 7, 7, 118, 0, 8, 7, 1292 }, // U+00AB
    { 10, 5, 160, 0, 7, 7, 1299 }, // U+00AC
    { 5, 2, 113, 1, 5, 2, 1306 }, // U+00AD
    { 13, 13, 217, 0, 12, 22, 1308 }, // U+00AE
    { 6, 2, 134, 1, 12, 2, 1330 }, // U+00AF
    { 6, 6, 99, 0, 12, 5, 1332 }, // U+00B0
    { 10, 9, 160, 0, 9, 12, 1337 }, // U+00B1
    { 6, 8, 101, 0, 13, 6, 1349 }, // U+00B2
    { 6, 9, 101, 0, 13, 7, 1355 }, // U+00B3
    { 4, 4, 95, 1, 13, 2, 1362 }, // U+00B4
    { 8, 13, 160, 1, 9, 13, 1364 }, // U+00B5
    { 9, 16, 157, 0, 12, 18, 1377 }, // U+00B6
    { 2, 3, 61, 1, 6, 1, 1395 }, // U+00B7
    { 5, 5, 107, 1, 1, 4, 1396 }, // U+00B8
    { 5, 8, 101, 1, 13, 5, 1400 }, // U+00B9
    { 6, 6, 90, 0, 12, 5, 1405 }, // U+00BA
    { 7, 7, 118, 0, 8, 7, 1410 }, // U+00BB
    { 14, 14, 238, 1, 13, 25, 1417 }, // U+00BC
    { 14, 14, 250, 1, 13, 25, 1442 }, // U+00BD
    { 15, 14, 238, 0, 13, 27, 1467 }, // U+00BE
    { 8, 13, 118, 0, 9, 13, 1494 }, // U+00BF
    { 12, 17, 194, 0, 16, 26, 1507 }, // U+00C0
    { 12, 17, 194, 0, 16, 26, 1533 }, // U+00C1
    { 12, 17, 194, 0, 16, 26, 1559 }, // U+00C2
    { 12, 17, 194, 0, 16, 26, 1585 }, // U+00C3
    { 12, 16, 194, 0, 15, 24, 1611 }, // U+00C4
    { 12, 18, 194, 0, 17, 27, 1635 }, // U+00C5
    { 16, 13, 262, 0, 12, 26, 1662 }, // U+00C6
    { 10, 16, 180, 1, 12, 20, 1688 }, // U+00C7
    { 8, 16, 156, 1, 16, 16, 1708 }, // U+00C8
    { 8, 16, 156, 1, 16, 16, 1724 }, // U+00C9
    { 8, 16, 156, 1, 16, 16, 1740 }, // U+00CA
    { 8, 15, 156, 1, 15, 15, 1756 }, // U+00CB
    { 4, 17, 69, -1, 16, 9, 1771 }, // U+00CC
    { 4, 17, 69, 1, 16, 9, 1780 }, // U+00CD
    { 6, 17, 69, -1, 16, 13, 1789 }, // U+00CE
    { 6, 16, 69, -1, 15, 12, 1802 }, // U+00CF
    { 13, 12, 198, -1, 12, 20, 1814 }, // U+00D0
    { 10, 17, 197, 1, 16, 22, 1834 }, // U+00D1
    { 11, 17, 205, 1, 16, 24, 1856 }, // U+00D2
    { 11, 17, 205, 1, 16, 24, 1880 }, // U+00D3
    { 11, 17, 205, 1, 16, 24, 1904 }, // U+00D4
    { 11, 17, 205, 1, 16, 24, 1928 }, // U+00D5
    { 11, 16, 205, 1, 15, 22, 1952 }, // U+00D6
    { 8, 9, 160, 1, 9, 9, 1974 }, // U+00D7
    { 11, 14, 205, 1, 13, 20, 1983 }, // U+00D8
    { 10, 17, 194, 1, 16, 22, 2003 }, // U+00D9
    { 10, 17, 194, 1, 16, 22, 2025 }, // U+00DA
    { 10, 17, 194, 1, 16, 22, 2047 }, // U+00DB
    { 10, 16, 194, 1, 15, 20, 2069 }, // U+00DC
    { 10, 17, 159, 0, 16, 22, 2089 }, // U+00DD
    { 10, 13, 169, 1, 12, 17, 2111 }, // U+00DE
    { 9, 13, 164, 1, 12, 15, 2128 }, // U+00DF
    { 8, 14, 141, 0, 13, 14, 2143 }, // U+00E0
    { 8, 14, 141, 0, 13, 14, 2157 }, // U+00E1
    { 8, 14, 141, 0, 13, 14, 2171 }, // U+00E2
    { 8, 14, 141, 0, 13, 14, 2185 }, // U+00E3
    { 8, 13, 141, 0, 12, 13, 2199 }, // U+00E4
    { 8, 14, 141, 0, 13, 14, 2212 }, // U+00E5
    { 14, 10, 230, 0, 9, 18, 2226 }, // U+00E6
    { 8, 13, 124, 0, 9, 13, 2244 }, // U+00E7
    { 9, 14, 142, 0, 13, 16, 2257 }, // U+00E8
    { 9, 14, 142, 0, 13, 16, 2273 }, // U+00E9
    { 9, 14, 142, 0, 13, 16, 2289 }, // U+00EA
    { 9, 13, 142, 0, 12, 15, 2305 }, // U+00EB
    { 4, 14, 62, -1, 13, 7, 2320 }, // U+00EC
    { 4, 14, 62, 1, 13, 7, 2327 }, // U+00ED
    { 6, 14, 62, -1, 13, 11, 2334 }, // U+00EE
    { 6, 13, 62, -1, 12, 10, 2345 }, // U+00EF
    { 9, 13, 149, 0, 12, 15, 2355 }, // U+00F0
    { 8, 14, 152, 1, 13, 14, 2370 }, // U+00F1
    { 9, 14, 148, 0, 13, 16, 2384 }, // U+00F2
    { 9, 14, 148, 0, 13, 16, 2400 }, // U+00F3
    { 9, 14, 148, 0, 13, 16, 2416 }, // U+00F4
    { 9, 14, 148, 0, 13, 16, 2432 }, // U+00F5
    { 9, 13, 148, 0, 12, 15, 2448 }, // U+00F6
    { 10, 9, 160, 0, 9, 12, 2463 }, // U+00F7
    { 9, 10, 148, 0, 9, 12, 2475 }, // U+00F8
    { 8, 14, 150, 1, 13, 14, 2487 }, // U+00F9
    { 8, 14, 150, 1, 13, 14, 2501 }, // U+00FA
    { 8, 14, 150, 1, 13, 14, 2515 }, // U+00FB
    { 8, 13, 150, 1, 12, 13, 2529 }, // U+00FC
    { 9, 17, 137, 0, 13, 20, 2542 }, // U+00FD
    { 8, 16, 156, 1, 12, 16, 2562 }, // U+00FE
    { 9, 16, 137, 0, 12, 18, 2578 }, // U+00FF
    { 12, 16, 194, 0, 15, 24, 2596 }, // U+0100
    { 8, 13, 141, 0, 12, 13, 2620 }, // U+0101
    { 12, 17, 194, 0, 16, 26, 2633 }, // U+0102
    { 8, 14, 141, 0, 13, 14, 2659 }, // U+0103
    { 13, 16, 194, 0, 12, 26, 2673 }, // U+0104
    { 9, 13, 141, 0, 9, 15, 2699 }, // U+0105
    { 10, 17, 180, 1, 16, 22, 2714 }, // U+0106
    { 8, 14, 124, 0, 13, 14, 2736 }, // U+0107
    { 10, 17, 180, 1, 16, 22, 2750 }, // U+0108
    { 8, 14, 124, 0, 13, 14, 2772 }, // U+0109
    { 10, 16, 180, 1, 15, 20, 2786 }, // U+010A
    { 8, 13, 124, 0, 12, 13, 2806 }, // U+010B
    { 10, 17, 180, 1, 16, 22, 2819 }, // U+010C
    { 8, 14, 124, 0, 13, 14, 2841 }, // U+010D
    { 11, 16, 198, 1, 16, 22, 2855 }, // U+010E
    { 11, 13, 156, 0, 12, 18, 2877 }, // U+010F
    { 13, 12, 198, -1, 12, 20, 2895 }, // U+0110
    { 11, 13, 156, 0, 12, 18, 2915 }, // U+0111
    { 8, 15, 156, 1, 15, 15, 2933 }, // U+0112
    { 9, 13, 142, 0, 12, 15, 2948 }, // U+0113
    { 8, 16, 156, 1, 16, 16, 2963 }, // U+0114
    { 9, 14, 142, 0, 13, 16, 2979 }, // U+0115
    { 8, 15, 156, 1, 15, 15, 2995 }, // U+0116
    { 9, 13, 142, 0, 12, 15, 3010 }, // U+0117
    { 9, 16, 156, 1, 12, 18, 3025 }, // U+0118
    { 9, 13, 142, 0, 9, 15, 3043 }, // U+0119
    { 8, 16, 156, 1, 16, 16, 3058 }, // U+011A
    { 9, 14, 142, 0, 13, 16, 3074 }, // U+011B
    { 10, 17, 194, 1, 16, 22, 3090 }, // U+011C
    { 9, 17, 156, 0, 13, 20, 3112 }, // U+011D
    { 10, 17, 194, 1, 16, 22, 3132 }, // U+011E
    { 9, 17, 156, 0, 13, 20, 3154 }, // U+011F
    { 10, 16, 194, 1, 15, 20, 3174 }, // U+0120
    { 9, 16, 156, 0, 12, 18, 3194 }, // U+0121
    { 10, 17, 194, 1, 12, 22, 3212 }, // U+0122
    { 9, 17, 156, 0, 13, 20, 3234 }, // U+0123
    { 11, 17, 203, 1, 16, 24, 3254 }, // U+0124
    { 8, 17, 152, 1, 16, 17, 3278 }, // U+0125
    { 14, 13, 213, 0, 12, 23, 3295 }, // U+0126
    { 10, 13, 152, -1, 12, 17, 3318 }, // U+0127
    { 8, 17, 69, -2, 16, 17, 3335 }, // U+0128
    { 7, 14, 62, -2, 13, 13, 3352 }, // U+0129
    { 6, 16, 69, -1, 15, 12, 3365 }, // U+012A
    { 6, 13, 62, -1, 12, 10, 3377 }, // U+012B
    { 6, 17, 69, -1, 16, 13, 3387 }, // U+012C
    { 6, 14, 62, -1, 13, 11, 3400 }, // U+012D
    { 4, 16, 69, 0, 12, 8, 3411 }, // U+012E
    { 4, 16, 62, 0, 12, 8, 3419 }, // U+012F
    { 2, 16, 69, 1, 15, 4, 3427 }, // U+0130
    { 2, 10, 62, 1, 9, 3, 3431 }, // U+0131
    { 8, 13, 155, 1, 12, 13, 3434 }, // U+0132
    { 7, 17, 86, -1, 16, 15, 3447 }, // U+0134
    { 6, 17, 63, -1, 13, 13, 3462 }, // U+0135
    { 9, 17, 167, 1, 12, 20, 3475 }, // U+0136
    { 7, 17, 133, 1, 12, 15, 3495 }, // U+0137
    { 7, 10, 133, 1, 9, 9, 3510 }, // U+0138
    { 8, 16, 145, 1, 16, 16, 3519 }, // U+0139
    { 4, 17, 79, 1, 16, 9, 3535 }, // U+013A
    { 8, 17, 145, 1, 12, 17, 3544 }, // U+013B
    { 4, 17, 79, 1, 12, 9, 3561 }, // U+013C
    { 8, 12, 145, 1, 12, 12, 3570 }, // U+013D
    { 4, 13, 79, 1, 12, 7, 3582 }, // U+013E
    { 8, 12, 145, 1, 12, 12, 3589 }, // U+013F
    { 5, 13, 87, 1, 12, 9, 3601 }, // U+0140
    { 10, 12, 145, -1, 12, 15, 3610 }, // U+0141
    { 6, 13, 79, -1, 12, 10, 3625 }, // U+0142
    { 10, 17, 197, 1, 16, 22, 3635 }, // U+0143
    { 8, 14, 152, 1, 13, 14, 3657 }, // U+0144
    { 10, 17, 197, 1, 12, 22, 3671 }, // U+0145
    { 8, 14, 152, 1, 9, 14, 3693 }, // U+0146
    { 10, 17, 197, 1, 16, 22, 3707 }, // U+0147
    { 8, 14, 152, 1, 13, 14, 3729 }, // U+0148
    { 10, 14, 152, -1, 13, 18, 3743 }, // U+0149
    { 10, 16, 197, 1, 12, 20, 3761 }, // U+014A
    { 8, 13, 152, 1, 9, 13, 3781 }, // U+014B
    { 11, 16, 205, 1, 15, 22, 3794 }, // U+014C
    { 9, 13, 148, 0, 12, 15, 3816 }, // U+014D
    { 11, 17, 205, 1, 16, 24, 3831 }, // U+014E
    { 9, 14, 148, 0, 13, 16, 3855 }, // U+014F
    { 11, 17, 205, 1, 16, 24, 3871 }, // U+0150
    { 9, 14, 148, 0, 13, 16, 3895 }, // U+0151
    { 16, 12, 279, 1, 12, 24, 3911 }, // U+0152
    { 15, 10, 243, 0, 9, 19, 3935 }, // U+0153
    { 10, 17, 178, 1, 16, 22, 3954 }, // U+0154
    { 5, 14, 95, 1, 13, 9, 3976 }, // U+0155
    { 10, 17, 178, 1, 12, 22, 3985 }, // U+0156
    { 5, 14, 95, 1, 9, 9, 4007 }, // U+0157
    { 10, 17, 178, 1, 16, 22, 4016 }, // U+0158
    { 5, 14, 95, 1, 13, 9, 4038 }, // U+0159
    { 10, 17, 164, 0, 16, 22, 4047 }, // U+015A
    { 8, 14, 128, 0, 13, 14, 4069 }, // U+015B
    { 10, 17, 164, 0, 16, 22, 4083 }, // U+015C
    { 8, 14, 128, 0, 13, 14, 4105 }, // U+015D
    { 10, 16, 164, 0, 12, 20, 4119 }, // U+015E
    { 8, 13, 128, 0, 9, 13, 4139 }, // U+015F
    { 10, 17, 164, 0, 16, 22, 4152 }, // U+0160
    { 8, 14, 128, 0, 13, 14, 4174 }, // U+0161
    { 12, 16, 161, -1, 12, 24, 4188 }, // U+0162
    { 7, 15, 93, -1, 11, 14, 4212 }, // U+0163
    { 12, 17, 161, -1, 16, 26, 4226 }, // U+0164
    { 7, 13, 93, -1, 12, 12, 4252 }, // U+0165
    { 12, 13, 161, -1, 12, 20, 4264 }, // U+0166
    { 7, 12, 93, -1, 11, 11, 4284 }, // U+0167
    { 10, 17, 194, 1, 16, 22, 4295 }, // U+0168
    { 8, 14, 150, 1, 13, 14, 4317 }, // U+0169
    { 10, 16, 194, 1, 15, 20, 4331 }, // U+016A
    { 8, 13, 150, 1, 12, 13, 4351 }, // U+016B
    { 10, 17, 194, 1, 16, 22, 4364 }, // U+016C
    { 8, 14, 150, 1, 13, 14, 4386 }, // U+016D
    { 10, 18, 194, 1, 17, 23, 4400 }, // U+016E
    { 8, 14, 150, 1, 13, 14, 4423 }, // U+016F
    { 10, 17, 194, 1, 16, 22, 4437 }, // U+0170
    { 8, 14, 150, 1, 13, 14, 4459 }, // U+0171
    { 10, 16, 194, 1, 12, 20, 4473 }, // U+0172
    { 8, 13, 150, 1, 9, 13, 4493 }, // U+0173
    { 18, 17, 294, 0, 16, 39, 4506 }, // U+0174
    { 14, 14, 224, 0, 13, 25, 4545 }, // U+0175
    { 10, 17, 159, 0, 16, 22, 4570 }, // U+0176
    { 9, 17, 137, 0, 13, 20, 4592 }, // U+0177
    { 10, 16, 159, 0, 15, 20, 4612 }, // U+0178
    { 10, 16, 157, 0, 16, 20, 4632 }, // U+0179
    { 8, 13, 124, 0, 13, 13, 4652 }, // U+017A
    { 10, 15, 157, 0, 15, 19, 4665 }, // U+017B
    { 8, 12, 124, 0, 12, 12, 4684 }, // U+017C
    { 10, 16, 157, 0, 16, 20, 4696 }, // U+017D
    { 8, 13, 124, 0, 13, 13, 4716 }, // U+017E
    { 11, 16, 205, 1, 15, 22, 4729 }, // U+01A0
    { 9, 12, 148, 0, 11, 14, 4751 }, // U+01A1
    { 12, 16, 194, 1, 15, 24, 4765 }, // U+01AF
    { 10, 12, 150, 1, 11, 15, 4789 }, // U+01B0
    { 21, 16, 351, 1, 16, 42, 4804 }, // U+01C4
    { 19, 13, 322, 1, 13, 31, 4846 }, // U+01C5
    { 18, 14, 279, 0, 13, 32, 4877 }, // U+01C6
    { 13, 13, 242, 1, 12, 22, 4909 }, // U+01C7
    { 11, 16, 208, 1, 12, 22, 4931 }, // U+01C8
    { 7, 16, 142, 1, 12, 14, 4953 }, // U+01C9
    { 16, 13, 284, 1, 12, 26, 4967 }, // U+01CA
    { 15, 16, 260, 1, 12, 30, 4993 }, // U+01CB
    { 12, 16, 214, 1, 12, 24, 5023 }, // U+01CC
    { 12, 17, 194, 0, 16, 26, 5047 }, // U+01CD
    { 8, 14, 141, 0, 13, 14, 5073 }, // U+01CE
    { 8, 14, 150, 1, 13, 14, 5087 }, // U+01D4
    { 10, 13, 156, 0, 9, 17, 5101 }, // U+01E5
    { 10, 17, 194, 1, 16, 22, 5118 }, // U+01E6
    { 9, 17, 156, 0, 13, 20, 5140 }, // U+01E7
    { 7, 17, 133, 1, 16, 15, 5160 }, // U+01E9
    { 11, 16, 205, 1, 12, 22, 5175 }, // U+01EA
    { 9, 13, 148, 0, 9, 15, 5197 }, // U+01EB
    { 8, 17, 132, 0, 13, 17, 5212 }, // U+01EF
    { 12, 19, 194, 0, 18, 29, 5229 }, // U+01FA
    { 8, 15, 141, 0, 14, 15, 5258 }, // U+01FB
    { 16, 17, 262, 0, 16, 34, 5273 }, // U+01FC
    { 14, 14, 230, 0, 13, 25, 5307 }, // U+01FD
    { 11, 17, 205, 1, 16, 24, 5332 }, // U+01FE
    { 9, 14, 148, 0, 13, 16, 5356 }, // U+01FF
    { 12, 17, 194, 0, 16, 26, 5372 }, // U+0200
    { 8, 14, 141, 0, 13, 14, 5398 }, // U+0201
    { 12, 17, 194, 0, 16, 26, 5412 }, // U+0202
    { 8, 14, 141, 0, 13, 14, 5438 }, // U+0203
    { 8, 16, 156, 1, 16, 16, 5452 }, // U+0204
    { 9, 14, 142, 0, 13, 16, 5468 }, // U+0205
    { 8, 16, 156, 1, 16, 16, 5484 }, // U+0206
    { 9, 14, 142, 0, 13, 16, 5500 }, // U+0207
    { 5, 17, 69, -1, 16, 11, 5516 }, // U+0208
    { 5, 14, 62, -1, 13, 9, 5527 }, // U+0209
    { 6, 17, 69, -1, 16, 13, 5536 }, // U+020A
    { 6, 14, 62, -1, 13, 11, 5549 }, // U+020B
    { 11, 17, 205, 1, 16, 24, 5560 }, // U+020C
    { 9, 14, 148, 0, 13, 16, 5584 }, // U+020D
    { 11, 17, 205, 1, 16, 24, 5600 }, // U+020E
    { 9, 14, 148, 0, 13, 16, 5624 }, // U+020F
    { 10, 17, 178, 1, 16, 22, 5640 }, // U+0210
    { 6, 14, 95, 0, 13, 11, 5662 }, // U+0211
    { 10, 17, 178, 1, 16, 22, 5673 }, // U+0212
    { 6, 14, 95, 1, 13, 11, 5695 }, // U+0213
    { 10, 17, 194, 1, 16, 22, 5706 }, // U+0214
    { 8, 14, 150, 1, 13, 14, 5728 }, // U+0215
    { 10, 17, 194, 1, 16, 22, 5742 }, // U+0216
    { 8, 14, 150, 1, 13, 14, 5764 }, // U+0217
    { 10, 17, 164, 0, 12, 22, 5778 }, // U+0218
    { 8, 14, 128, 0, 9, 14, 5800 }, // U+0219
    { 12, 17, 161, -1, 12, 26, 5814 }, // U+021A
    { 7, 16, 93, -1, 11, 14, 5840 }, // U+021B
    { 8, 17, 152, 1, 16, 17, 5854 }, // U+021F
    { 4, 4, 0, -3, 13, 2, 5871 }, // U+0300
    { 4, 4, 0, -1, 13, 2, 5873 }, // U+0301
    { 6, 4, 0, -3, 13, 3, 5875 }, // U+0302
    { 6, 4, 0, -3, 13, 3, 5878 }, // U+0303
    { 6, 2, 0, -3, 12, 2, 5881 }, // U+0304
    { 6, 4, 0, -3, 13, 3, 5883 }, // U+0306
    { 2, 2, 0, -1, 12, 1, 5886 }, // U+0307
    { 6, 2, 0, -3, 12, 2, 5887 }, // U+0308
    { 4, 4, 0, -2, 13, 2, 5889 }, // U+0309
    { 4, 4, 0, -2, 13, 2, 5891 }, // U+030A
    { 5, 4, 0, -2, 13, 3, 5893 }, // U+030B
    { 6, 5, 0, -3, 13, 4, 5896 }, // U+030C
    { 5, 4, 0, -3, 13, 3, 5900 }, // U+030F
    { 6, 4, 0, -3, 13, 3, 5903 }, // U+0311
    { 2, 4, 0, -1, 13, 1, 5906 }, // U+0312
    { 5, 4, 0, -1, 11, 3, 5907 }, // U+031B
    { 2, 3, 0, -1, -1, 1, 5910 }, // U+0323
    { 6, 3, 0, -3, -1, 3, 5911 }, // U+0324
    { 2, 4, 0, -1, -1, 1, 5914 }, // U+0326
    { 4, 5, 0, -2, 1, 3, 5915 }, // U+0327
    { 4, 5, 0, -3, 1, 3, 5918 }, // U+0328
    { 6, 4, 0, -3, 0, 3, 5921 }, // U+032E
    { 6, 2, 0, -3, -1, 2, 5924 }, // U+0331
    { 8, 2, 0, -4, 10, 2, 5926 }, // U+0335
    { 6, 4, 0, -3, 8, 3, 5928 }, // U+0337
    { 8, 10, 0, -4, 9, 10, 5931 }, // U+0338
    { 0, 0, 0, 0, 0, 0, 5941 }, // U+034F
    { 8, 16, 156, 1, 16, 16, 5941 }, // U+0400
    { 8, 15, 156, 1, 15, 15, 5957 }, // U+0401
    { 15, 16, 225, -1, 12, 30, 5972 }, // U+0402
    { 8, 17, 145, 1, 16, 17, 6002 }, // U+0403
    { 10, 13, 180, 1, 12, 17, 6019 }, // U+0404
    { 10, 13, 164, 0, 12, 17, 6036 }, // U+0405
    { 2, 13, 69, 1, 12, 4, 6053 }, // U+0406
    { 6, 16, 69, -1, 15, 12, 6057 }, // U+0407
    { 5, 13, 86, -1, 12, 9, 6069 }, // U+0408
    { 19, 13, 301, 0, 12, 31, 6078 }, // U+0409
    { 18, 13, 311, 1, 12, 30, 6109 }, // U+040A
    { 15, 13, 226, -1, 12, 25, 6139 }, // U+040B
    { 10, 17, 171, 1, 16, 22, 6164 }, // U+040C
    { 10, 17, 197, 1, 16, 22, 6186 }, // U+040D
    { 11, 17, 172, 0, 16, 24, 6208 }, // U+040E
    { 11, 15, 201, 1, 12, 21, 6232 }, // U+040F
    { 12, 13, 194, 0, 12, 20, 6253 }, // U+0410
    { 10, 12, 176, 1, 12, 15, 6273 }, // U+0411
    { 10, 12, 180, 1, 12, 15, 6288 }, // U+0412
    { 8, 13, 145, 1, 12, 13, 6303 }, // U+0413
    { 13, 15, 208, 0, 12, 25, 6316 }, // U+0414
    { 8, 12, 156, 1, 12, 12, 6341 }, // U+0415
    { 16, 13, 258, 0, 12, 26, 6353 }, // U+0416
    { 10, 13, 171, 0, 12, 17, 6379 }, // U+0417
    { 10, 13, 197, 1, 12, 17, 6396 }, // U+0418
    { 10, 17, 197, 1, 16, 22, 6413 }, // U+0419
    { 10, 13, 171, 1, 12, 17, 6435 }, // U+041A
    { 11, 13, 198, 0, 12, 18, 6452 }, // U+041B
    { 12, 13, 228, 1, 12, 20, 6470 }, // U+041C
    { 11, 13, 203, 1, 12, 18, 6490 }, // U+041D
    { 11, 13, 205, 1, 12, 18, 6508 }, // U+041E
    { 11, 13, 201, 1, 12, 18, 6526 }, // U+041F
    { 10, 13, 169, 1, 12, 17, 6544 }, // U+0420
    { 10, 13, 180, 1, 12, 17, 6561 }, // U+0421
    { 12, 13, 161, -1, 12, 20, 6578 }, // U+0422
    { 11, 13, 172, 0, 12, 18, 6598 }, // U+0423
    { 13, 14, 225, 1, 13, 23, 6616 }, // U+0424
    { 11, 13, 173, 0, 12, 18, 6639 }, // U+0425
    { 12, 15, 211, 1, 12, 23, 6657 }, // U+0426
    { 10, 13, 180, 0, 12, 17, 6680 }, // U+0427
    { 16, 12, 281, 1, 12, 24, 6697 }, // U+0428
    { 17, 15, 290, 1, 12, 32, 6721 }, // U+0429
    { 14, 12, 211, -1, 12, 21, 6753 }, // U+042A
    { 12, 13, 228, 1, 12, 20, 6774 }, // U+042B
    { 10, 12, 176, 1, 12, 15, 6794 }, // U+042C
    { 11, 13, 180, 0, 12, 18, 6809 }, // U+042D
    { 15, 13, 270, 1, 12, 25, 6827 }, // U+042E
    { 9, 13, 179, 1, 12, 15, 6852 }, // U+042F
    { 8, 10, 144, 0, 9, 10, 6867 }, // U+0430
    { 9, 13, 151, 0, 12, 15, 6877 }, // U+0431
    { 8, 9, 146, 1, 9, 9, 6892 }, // U+0432
    { 7, 10, 116, 1, 9, 9, 6901 }, // U+0433
    { 10, 12, 158, 0, 9, 15, 6910 }, // U+0434
    { 9, 10, 145, 0, 9, 12, 6925 }, // U+0435
    { 13, 10, 209, 0, 9, 17, 6937 }, // U+0436
    { 8, 10, 133, 0, 9, 10, 6954 }, // U+0437
    { 8, 10, 156, 1, 9, 10, 6964 }, // U+0438
    { 8, 13, 156, 1, 12, 13, 6974 }, // U+0439
    { 8, 10, 140, 1, 9, 10, 6987 }, // U+043A
    { 9, 10, 153, 0, 9, 12, 6997 }, // U+043B
    { 9, 10, 176, 1, 9, 12, 7009 }, // U+043C
    { 8, 10, 157, 1, 9, 10, 7021 }, // U+043D
    { 9, 10, 151, 0, 9, 12, 7031 }, // U+043E
    { 8, 10, 156, 1, 9, 10, 7043 }, // U+043F
    { 9, 13, 158, 1, 9, 15, 7053 }, // U+0440
    { 8, 10, 126, 0, 9, 10, 7068 }, // U+0441
    { 9, 10, 118, -1, 9, 12, 7078 }, // U+0442
    { 9, 13, 140, 0, 9, 15, 7090 }, // U+0443
    { 13, 16, 212, 0, 12, 26, 7105 }, // U+0444
    { 9, 10, 143, 0, 9, 12, 7131 }, // U+0445
    { 9, 12, 160, 1, 9, 14, 7143 }, // U+0446
    { 8, 10, 147, 0, 9, 10, 7157 }, // U+0447
    { 11, 9, 213, 1, 9, 13, 7167 }, // U+0448
    { 13, 12, 220, 1, 9, 20, 7180 }, // U+0449
    { 11, 9, 164, -1, 9, 13, 7200 }, // U+044A
    { 10, 10, 195, 1, 9, 13, 7213 }, // U+044B
    { 8, 9, 143, 1, 9, 9, 7226 }, // U+044C
    { 8, 10, 131, 0, 9, 10, 7235 }, // U+044D
    { 11, 10, 205, 1, 9, 14, 7245 }, // U+044E
    { 7, 10, 144, 1, 9, 9, 7259 }, // U+044F
    { 9, 14, 145, 0, 13, 16, 7268 }, // U+0450
    { 9, 13, 145, 0, 12, 15, 7284 }, // U+0451
    { 10, 16, 154, -1, 12, 20, 7299 }, // U+0452
    { 7, 14, 116, 1, 13, 13, 7319 }, // U+0453
    { 8, 10, 131, 0, 9, 10, 7332 }, // U+0454
    { 8, 10, 131, 0, 9, 10, 7342 }, // U+0455
    { 2, 13, 65, 1, 12, 4, 7352 }, // U+0456
    { 6, 13, 65, -1, 12, 10, 7356 }, // U+0457
    { 4, 16, 65, -1, 12, 8, 7366 }, // U+0458
    { 14, 10, 232, 0, 9, 18, 7374 }, // U+0459
    { 14, 10, 235, 1, 9, 18, 7392 }, // U+045A
    { 10, 13, 154, -1, 12, 17, 7410 }, // U+045B
    { 8, 14, 140, 1, 13, 14, 7427 }, // U+045C
    { 8, 14, 156, 1, 13, 14, 7441 }, // U+045D
    { 9, 16, 140, 0, 12, 18, 7455 }, // U+045E
    { 8, 12, 156, 1, 9, 12, 7473 }, // U+045F
    { 13, 12, 193, -1, 12, 20, 7485 }, // U+0462
    { 11, 12, 164, -1, 12, 17, 7505 }, // U+0463
    { 16, 13, 255, 0, 12, 26, 7522 }, // U+046A
    { 13, 10, 209, 0, 9, 17, 7548 }, // U+046B
    { 11, 13, 205, 1, 12, 18, 7565 }, // U+0472
    { 9, 10, 151, 0, 9, 12, 7583 }, // U+0473
    { 13, 13, 198, 0, 12, 22, 7595 }, // U+0474
    { 10, 10, 147, 0, 9, 13, 7617 }, // U+0475
    { 12, 19, 202, 1, 16, 29, 7630 }, // U+048A
    { 9, 15, 162, 1, 12, 17, 7659 }, // U+048B
    { 13, 12, 190, -1, 12, 20, 7676 }, // U+048C
    { 11, 12, 164, -1, 12, 17, 7696 }, // U+048D
    { 10, 13, 169, 1, 12, 17, 7713 }, // U+048E
    { 9, 13, 158, 1, 9, 15, 7730 }, // U+048F
    { 8, 16, 145, 1, 15, 16, 7745 }, // U+0490
    { 7, 12, 116, 1, 11, 11, 7761 }, // U+0491
    { 10, 13, 154, 0, 12, 17, 7772 }, // U+0492
    { 9, 10, 121, -1, 9, 12, 7789 }, // U+0493
    { 10, 16, 178, 1, 12, 20, 7801 }, // U+0494
    { 8, 13, 147, 1, 9, 13, 7821 }, // U+0495
    { 17, 15, 260, 0, 12, 32, 7834 }, // U+0496
    { 14, 12, 221, 0, 9, 21, 7866 }, // U+0497
    { 10, 15, 171, 0, 12, 19, 7887 }, // U+0498
    { 8, 12, 133, 0, 9, 12, 7906 }, // U+0499
    { 11, 15, 173, 1, 12, 21, 7918 }, // U+049A
    { 9, 12, 151, 1, 9, 14, 7939 }, // U+049B
    { 10, 13, 179, 1, 12, 17, 7953 }, // U+049C
    { 8, 10, 149, 1, 9, 10, 7970 }, // U+049D
    { 12, 13, 181, -1, 12, 20, 7980 }, // U+049E
    { 10, 13, 141, -1, 12, 17, 8000 }, // U+049F
    { 14, 13, 206, -1, 12, 23, 8017 }, // U+04A0
    { 11, 10, 161, -1, 9, 14, 8040 }, // U+04A1
    { 12, 15, 214, 1, 12, 23, 8054 }, // U+04A2
    { 9, 12, 163, 1, 9, 14, 8077 }, // U+04A3
    { 15, 13, 249, 1, 12, 25, 8091 }, // U+04A4
    { 12, 10, 198, 1, 9, 15, 8116 }, // U+04A5
    { 13, 13, 216, 1, 12, 22, 8131 }, // U+04A8
    { 11, 10, 171, 0, 9, 14, 8153 }, // U+04A9
    { 10, 15, 180, 1, 12, 19, 8167 }, // U+04AA
    { 8, 12, 125, 0, 9, 12, 8186 }, // U+04AB
    { 11, 15, 155, -1, 12, 21, 8198 }, // U+04AC
    { 9, 12, 118, -1, 9, 14, 8219 }, // U+04AD
    { 10, 13, 159, 0, 12, 17, 8233 }, // U+04AE
    { 9, 13, 138, 0, 9, 15, 8250 }, // U+04AF
    { 10, 13, 159, 0, 12, 17, 8265 }, // U+04B0
    { 9, 13, 138, 0, 9, 15, 8282 }, // U+04B1
    { 12, 15, 176, 0, 12, 23, 8297 }, // U+04B2
    { 9, 12, 147, 0, 9, 14, 8320 }, // U+04B3
    { 16, 15, 246, -1, 12, 30, 8334 }, // U+04B4
    { 13, 12, 184, -1, 9, 20, 8364 }, // U+04B5
    { 12, 15, 190, 0, 12, 23, 8384 }, // U+04B6
    { 10, 12, 154, 0, 9, 15, 8407 }, // U+04B7
    { 10, 13, 180, 0, 12, 17, 8422 }, // U+04B8
    { 9, 10, 151, 0, 9, 12, 8439 }, // U+04B9
    { 10, 13, 180, 1, 12, 17, 8451 }, // U+04BA
    { 8, 13, 154, 1, 12, 13, 8468 }, // U+04BB
    { 15, 13, 246, 0, 12, 25, 8481 }, // U+04BC
    { 11, 10, 168, 0, 9, 14, 8506 }, // U+04BD
    { 15, 16, 246, 0, 12, 30, 8520 }, // U+04BE
    { 11, 13, 168, 0, 9, 18, 8550 }, // U+04BF
    { 2, 13, 69, 1, 12, 4, 8568 }, // U+04C0
    { 16, 17, 258, 0, 16, 34, 8572 }, // U+04C1
    { 13, 13, 209, 0, 12, 22, 8606 }, // U+04C2
    { 10, 16, 178, 1, 12, 20, 8628 }, // U+04C3
    { 8, 13, 144, 1, 9, 13, 8648 }, // U+04C4
    { 13, 15, 202, 0, 12, 25, 8661 }, // U+04C5
    { 10, 12, 160, 0, 9, 15, 8686 }, // U+04C6
    { 11, 16, 203, 1, 12, 22, 8701 }, // U+04C7
    { 8, 13, 157, 1, 9, 13, 8723 }, // U+04C8
    { 12, 15, 208, 1, 12, 23, 8736 }, // U+04C9
    { 9, 12, 163, 1, 9, 14, 8759 }, // U+04CA
    { 10, 15, 182, 0, 12, 19, 8773 }, // U+04CB
    { 8, 12, 147, 0, 9, 12, 8792 }, // U+04CC
    { 14, 15, 233, 1, 12, 27, 8804 }, // U+04CD
    { 10, 12, 182, 1, 9, 15, 8831 }, // U+04CE
    { 2, 13, 64, 1, 12, 4, 8846 }, // U+04CF
    { 12, 17, 194, 0, 16, 26, 8850 }, // U+04D0
    { 8, 13, 144, 0, 12, 13, 8876 }, // U+04D1
    { 12, 16, 194, 0, 15, 24, 8889 }, // U+04D2
    { 8, 13, 144, 0, 12, 13, 8913 }, // U+04D3
    { 16, 13, 262, 0, 12, 26, 8926 }, // U+04D4
    { 14, 10, 232, 0, 9, 18, 8952 }, // U+04D5
    { 8, 16, 156, 1, 16, 16, 8970 }, // U+04D6
    { 9, 13, 145, 0, 12, 15, 8986 }, // U+04D7
    { 11, 13, 205, 1, 12, 18, 9001 }, // U+04D8
    { 9, 10, 145, 0, 9, 12, 9019 }, // U+04D9
    { 11, 16, 205, 1, 15, 22, 9031 }, // U+04DA
    { 9, 13, 145, 0, 12, 15, 9053 }, // U+04DB
    { 16, 16, 258, 0, 15, 32, 9068 }, // U+04DC
    { 13, 13, 209, 0, 12, 22, 9100 }, // U+04DD
    { 10, 16, 171, 0, 15, 20, 9122 }, // U+04DE
    { 8, 13, 133, 0, 12, 13, 9142 }, // U+04DF
    { 10, 13, 171, 0, 12, 17, 9155 }, // U+04E0
    { 8, 13, 132, 0, 9, 13, 9172 }, // U+04E1
    { 10, 16, 197, 1, 15, 20, 9185 }, // U+04E2
    { 8, 13, 156, 1, 12, 13, 9205 }, // U+04E3
    { 10, 16, 197, 1, 15, 20, 9218 }, // U+04E4
    { 8, 13, 156, 1, 12, 13, 9238 }, // U+04E5
    { 11, 16, 205, 1, 15, 22, 9251 }, // U+04E6
    { 9, 13, 151, 0, 12, 15, 9273 }, // U+04E7
    { 11, 13, 205, 1, 12, 18, 9288 }, // U+04E8
    { 9, 10, 151, 0, 9, 12, 9306 }, // U+04E9
    { 11, 16, 205, 1, 15, 22, 9318 }, // U+04EA
    { 9, 13, 151, 0, 12, 15, 9340 }, // U+04EB
    { 11, 16, 180, 0, 15, 22, 9355 }, // U+04EC
    { 8, 13, 131, 0, 12, 13, 9377 }, // U+04ED
    { 11, 16, 172, 0, 15, 22, 9390 }, // U+04EE
    { 9, 16, 140, 0, 12, 18, 9412 }, // U+04EF
    { 11, 16, 172, 0, 15, 22, 9430 }, // U+04F0
    { 9, 16, 140, 0, 12, 18, 9452 }, // U+04F1
    { 11, 17, 172, 0, 16, 24, 9470 }, // U+04F2
    { 9, 17, 140, 0, 13, 20, 9494 }, // U+04F3
    { 10, 16, 180, 0, 15, 20, 9514 }, // U+04F4
    { 8, 13, 147, 0, 12, 13, 9534 }, // U+04F5
    { 8, 15, 145, 1, 12, 15, 9547 }, // U+04F6
    { 7, 12, 116, 1, 9, 11, 9562 }, // U+04F7
    { 12, 16, 228, 1, 15, 24, 9573 }, // U+04F8
    { 10, 13, 195, 1, 12, 17, 9597 }, // U+04F9
    { 10, 16, 154, 0, 12, 20, 9614 }, // U+04FA
    { 9, 13, 121, -1, 9, 15, 9634 }, // U+04FB
    { 10, 16, 173, 0, 12, 20, 9649 }, // U+04FC
    { 9, 13, 143, 0, 9, 15, 9669 }, // U+04FD
    { 11, 13, 173, 0, 12, 18, 9684 }, // U+04FE
    { 9, 10, 143, 0, 9, 12, 9702 }, // U+04FF
    { 9, 13, 171, 1, 12, 15, 9714 }, // U+0510
    { 8, 10, 133, 0, 9, 10, 9729 }, // U+0511
    { 11, 16, 198, 0, 12, 22, 9739 }, // U+0512
    { 9, 13, 153, 0, 9, 15, 9761 }, // U+0513
    { 11, 16, 205, 1, 12, 22, 9776 }, // U+051A
    { 9, 13, 158, 0, 9, 15, 9798 }, // U+051B
    { 18, 13, 294, 0, 12, 30, 9813 }, // U+051C
    { 14, 10, 227, 0, 9, 18, 9843 }, // U+051D
    { 12, 15, 212, 1, 12, 23, 9861 }, // U+0524
    { 9, 12, 162, 1, 9, 14, 9884 }, // U+0525
    { 11, 15, 190, 1, 12, 21, 9898 }, // U+0526
    { 9, 15, 157, 1, 12, 17, 9919 }, // U+0527
    { 13, 16, 204, -1, 12, 26, 9936 }, // U+0528
    { 10, 13, 157, -1, 9, 17, 9962 }, // U+0529
    { 13, 15, 208, 0, 12, 25, 9979 }, // U+052E
    { 10, 12, 160, 0, 9, 15, 10004 }, // U+052F
    { 10, 10, 169, 0, 10, 13, 10019 }, // U+05D0
    { 9, 10, 153, 0, 10, 12, 10032 }, // U+05D1
    { 6, 11, 100, 0, 10, 9, 10044 }, // U+05D2
    { 9, 10, 145, 0, 10, 12, 10053 }, // U+05D3
    { 10, 10, 167, 0, 10, 13, 10065 }, // U+05D4
    { 4, 10, 80, 0, 10, 5, 10078 }, // U+05D5
    { 5, 10, 88, 0, 10, 7, 10083 }, // U+05D6
    { 10, 10, 177, 0, 10, 13, 10090 }, // U+05D7
    { 10, 10, 169, 0, 10, 13, 10103 }, // U+05D8
    { 4, 6, 79, 0, 10, 3, 10116 }, // U+05D9
    { 8, 13, 145, 0, 10, 13, 10119 }, // U+05DA
    { 8, 10, 137, 0, 10, 10, 10132 }, // U+05DB
    { 9, 13, 139, 0, 13, 15, 10142 }, // U+05DC
    { 11, 10, 182, 0, 10, 14, 10157 }, // U+05DD
    { 11, 10, 176, 0, 10, 14, 10171 }, // U+05DE
    { 4, 13, 88, 0, 10, 7, 10185 }, // U+05DF
    { 6, 10, 101, 0, 10, 8, 10192 }, // U+05E0
    { 10, 10, 172, 0, 10, 13, 10200 }, // U+05E1
    { 10, 12, 158, 0, 11, 15, 10213 }, // U+05E2
    { 10, 13, 165, 0, 10, 17, 10228 }, // U+05E3
    { 10, 10, 160, 0, 10, 13, 10245 }, // U+05E4
    { 9, 13, 141, 0, 10, 15, 10258 }, // U+05E5
    { 9, 10, 148, 0, 10, 12, 10273 }, // U+05E6
    { 9, 13, 167, 1, 10, 15, 10285 }, // U+05E7
    { 8, 10, 140, 0, 10, 10, 10300 }, // U+05E8
    { 11, 10, 195, 1, 10, 14, 10310 }, // U+05E9
    { 11, 10, 183, 0, 10, 14, 10324 }, // U+05EA
    { 3, 5, 87, 1, 4, 2, 10338 }, // U+060C
    { 3, 10, 92, 1, 9, 4, 10340 }, // U+061B
    { 7, 14, 116, 0, 13, 13, 10344 }, // U+061F
    { 7, 7, 110, 0, 6, 7, 10357 }, // U+0621
    { 6, 3, 72, 0, 2, 3, 10364 }, // U+0640
    { 4, 4, 153, 3, 7, 2, 10367 }, // U+0660
    { 4, 13, 153, 3, 12, 7, 10369 }, // U+0661
    { 8, 13, 153, 1, 12, 13, 10376 }, // U+0662
    { 9, 13, 153, 0, 12, 15, 10389 }, // U+0663
    { 8, 13, 153, 1, 12, 13, 10404 }, // U+0664
    { 8, 10, 153, 1, 9, 10, 10417 }, // U+0665
    { 8, 13, 153, 1, 12, 13, 10427 }, // U+0666
    { 10, 13, 153, 0, 12, 17, 10440 }, // U+0667
    { 10, 13, 153, 0, 12, 17, 10457 }, // U+0668
    { 8, 13, 153, 1, 12, 13, 10474 }, // U+0669
    { 11, 10, 183, 0, 6, 14, 10487 }, // U+06BA
    { 5, 2, 80, 0, 2, 2, 10501 }, // U+06D4
    { 4, 4, 153, 3, 7, 2, 10503 }, // U+06F0
    { 4, 13, 153, 3, 12, 7, 10505 }, // U+06F1
    { 8, 13, 153, 1, 12, 13, 10512 }, // U+06F2
    { 9, 13, 153, 0, 12, 15, 10525 }, // U+06F3
    { 8, 12, 153, 1, 12, 12, 10540 }, // U+06F4
    { 8, 12, 153, 1, 12, 12, 10552 }, // U+06F5
    { 7, 13, 153, 1, 12, 12, 10564 }, // U+06F6
    { 10, 13, 153, 0, 12, 17, 10576 }, // U+06F7
    { 10, 13, 153, 0, 12, 17, 10593 }, // U+06F8
    { 8, 13, 153, 1, 12, 13, 10610 }, // U+06F9
    { 12, 16, 194, 0, 12, 24, 10623 }, // U+1EA0
    { 8, 13, 141, 0, 9, 13, 10647 }, // U+1EA1
    { 12, 17, 194, 0, 16, 26, 10660 }, // U+1EA2
    { 8, 14, 141, 0, 13, 14, 10686 }, // U+1EA3
    { 12, 19, 194, 0, 18, 29, 10700 }, // U+1EA4
    { 9, 15, 141, 0, 14, 17, 10729 }, // U+1EA5
    { 12, 19, 194, 0, 18, 29, 10746 }, // U+1EA6
    { 8, 15, 141, 0, 14, 15, 10775 }, // U+1EA7
    { 12, 19, 194, 0, 18, 29, 10790 }, // U+1EA8
    { 9, 15, 141, 0, 14, 17, 10819 }, // U+1EA9
    { 12, 19, 194, 0, 18, 29, 10836 }, // U+1EAA
    { 8, 15, 141, 0, 14, 15, 10865 }, // U+1EAB
    { 12, 20, 194, 0, 16, 30, 10880 }, // U+1EAC
    { 8, 17, 141, 0, 13, 17, 10910 }, // U+1EAD
    { 12, 19, 194, 0, 18, 29, 10927 }, // U+1EAE
    { 8, 15, 141, 0, 14, 15, 10956 }, // U+1EAF
    { 12, 19, 194, 0, 18, 29, 10971 }, // U+1EB0
    { 8, 15, 141, 0, 14, 15, 11000 }, // U+1EB1
    { 12, 19, 194, 0, 18, 29, 11015 }, // U+1EB2
    { 8, 15, 141, 0, 14, 15, 11044 }, // U+1EB3
    { 12, 19, 194, 0, 18, 29, 11059 }, // U+1EB4
    { 8, 15, 141, 0, 14, 15, 11088 }, // U+1EB5
    { 12, 20, 194, 0, 16, 30, 11103 }, // U+1EB6
    { 8, 17, 141, 0, 13, 17, 11133 }, // U+1EB7
    { 8, 16, 156, 1, 12, 16, 11150 }, // U+1EB8
    { 9, 13, 142, 0, 9, 15, 11166 }, // U+1EB9
    { 8, 16, 156, 1, 16, 16, 11181 }, // U+1EBA
    { 9, 14, 142, 0, 13, 16, 11197 }, // U+1EBB
    { 8, 16, 156, 1, 16, 16, 11213 }, // U+1EBC
    { 9, 14, 142, 0, 13, 16, 11229 }, // U+1EBD
    { 9, 18, 156, 1, 18, 21, 11245 }, // U+1EBE
    { 9, 15, 142, 0, 14, 17, 11266 }, // U+1EBF
    { 8, 18, 156, 1, 18, 18, 11283 }, // U+1EC0
    { 9, 15, 142, 0, 14, 17, 11301 }, // U+1EC1
    { 9, 18, 156, 1, 18, 21, 11318 }, // U+1EC2
    { 9, 15, 142, 0, 14, 17, 11339 }, // U+1EC3
    { 8, 18, 156, 1, 18, 18, 11356 }, // U+1EC4
    { 9, 15, 142, 0, 14, 17, 11374 }, // U+1EC5
    { 8, 20, 156, 1, 16, 20, 11391 }, // U+1EC6
    { 9, 17, 142, 0, 13, 20, 11411 }, // U+1EC7
    { 4, 17, 69, 0, 16, 9, 11431 }, // U+1EC8
    { 4, 14, 62, 0, 13, 7, 11440 }, // U+1EC9
    { 2, 16, 69, 1, 12, 4, 11447 }, // U+1ECA
    { 2, 16, 62, 1, 12, 4, 11451 }, // U+1ECB
    { 11, 16, 205, 1, 12, 22, 11455 }, // U+1ECC
    { 9, 13, 148, 0, 9, 15, 11477 }, // U+1ECD
    { 11, 17, 205, 1, 16, 24, 11492 }, // U+1ECE
    { 9, 14, 148, 0, 13, 16, 11516 }, // U+1ECF
    { 11, 19, 205, 1, 18, 27, 11532 }, // U+1ED0
    { 9, 15, 148, 0, 14, 17, 11559 }, // U+1ED1
    { 11, 19, 205, 1, 18, 27, 11576 }, // U+1ED2
    { 9, 15, 148, 0, 14, 17, 11603 }, // U+1ED3
    { 11, 19, 205, 1, 18, 27, 11620 }, // U+1ED4
    { 9, 15, 148, 0, 14, 17, 11647 }, // U+1ED5
    { 11, 19, 205, 1, 18, 27, 11664 }, // U+1ED6
    { 9, 15, 148, 0, 14, 17, 11691 }, // U+1ED7
    { 11, 20, 205, 1, 16, 28, 11708 }, // U+1ED8
    { 9, 17, 148, 0, 13, 20, 11736 }, // U+1ED9
    { 11, 17, 205, 1, 16, 24, 11756 }, // U+1EDA
    { 9, 14, 148, 0, 13, 16, 11780 }, // U+1EDB
    { 11, 17, 205, 1, 16, 24, 11796 }, // U+1EDC
    { 9, 14, 148, 0, 13, 16, 11820 }, // U+1EDD
    { 11, 17, 205, 1, 16, 24, 11836 }, // U+1EDE
    { 9, 14, 148, 0, 13, 16, 11860 }, // U+1EDF
    { 11, 17, 205, 1, 16, 24, 11876 }, // U+1EE0
    { 9, 14, 148, 0, 13, 16, 11900 }, // U+1EE1
    { 11, 19, 205, 1, 15, 27, 11916 }, // U+1EE2
    { 9, 15, 148, 0, 11, 17, 11943 }, // U+1EE3
    { 10, 16, 194, 1, 12, 20, 11960 }, // U+1EE4
    { 8, 13, 150, 1, 9, 13, 11980 }, // U+1EE5
    { 10, 17, 194, 1, 16, 22, 11993 }, // U+1EE6
    { 8, 14, 150, 1, 13, 14, 12015 }, // U+1EE7
    { 12, 17, 194, 1, 16, 26, 12029 }, // U+1EE8
    { 10, 14, 150, 1, 13, 18, 12055 }, // U+1EE9
    { 12, 17, 194, 1, 16, 26, 12073 }, // U+1EEA
    { 10, 14, 150, 1, 13, 18, 12099 }, // U+1EEB
    { 12, 17, 194, 1, 16, 26, 12117 }, // U+1EEC
    { 10, 14, 150, 1, 13, 18, 12143 }, // U+1EED
    { 12, 17, 194, 1, 16, 26, 12161 }, // U+1EEE
    { 10, 14, 150, 1, 13, 18, 12187 }, // U+1EEF
    { 12, 19, 194, 1, 15, 29, 12205 }, // U+1EF0
    { 10, 15, 150, 1, 11, 19, 12234 }, // U+1EF1
    { 10, 17, 159, 0, 16, 22, 12253 }, // U+1EF2
    { 9, 17, 137, 0, 13, 20, 12275 }, // U+1EF3
    { 10, 16, 159, 0, 12, 20, 12295 }, // U+1EF4
    { 9, 13, 137, 0, 9, 15, 12315 }, // U+1EF5
    { 10, 17, 159, 0, 16, 22, 12330 }, // U+1EF6
    { 9, 17, 137, 0, 13, 20, 12352 }, // U+1EF7
    { 10, 17, 159, 0, 16, 22, 12372 }, // U+1EF8
    { 9, 17, 137, 0, 13, 20, 12394 }, // U+1EF9
    { 0, 0, 160, 0, 0, 0, 12414 }, // U+2007
    { 0, 0, 61, 0, 0, 0, 12414 }, // U+2008
    { 0, 0, 53, 0, 0, 0, 12414 }, // U+2009
    { 0, 0, 27, 0, 0, 0, 12414 }, // U+200A
    { 0, 0, 0, 0, 0, 0, 12414 }, // U+200B
    { 2, 12, 0, -1, 11, 3, 12414 }, // U+200C
    { 4, 12, 0, -2, 11, 6, 12417 }, // U+200D
    { 5, 14, 0, -1, 12, 9, 12423 }, // U+200E
    { 5, 14, 0, -4, 12, 9, 12432 }, // U+200F
    { 5, 2, 113, 1, 5, 2, 12441 }, // U+2010
    { 5, 3, 86, 0, 6, 2, 12443 }, // U+2011
    { 8, 1, 160, 1, 5, 1, 12445 }, // U+2012
    { 10, 1, 133, -1, 5, 2, 12446 }, // U+2013
    { 18, 1, 267, -1, 5, 3, 12448 }, // U+2014
    { 18, 1, 267, -1, 5, 3, 12451 }, // U+2015
    { 2, 4, 61, 1, 12, 1, 12454 }, // U+2018
    { 2, 4, 61, 1, 12, 1, 12455 }, // U+2019
    { 2, 4, 61, 1, 2, 1, 12456 }, // U+201A
    { 5, 4, 105, 1, 12, 3, 12457 }, // U+201C
    { 5, 4, 105, 1, 12, 3, 12460 }, // U+201D
    { 5, 4, 105, 1, 2, 3, 12463 }, // U+201E
    { 6, 10, 86, 0, 12, 8, 12466 }, // U+2020
    { 6, 10, 86, 0, 12, 8, 12474 }, // U+2021
    { 7, 7, 140, 1, 8, 7, 12482 }, // U+2022
    { 10, 3, 183, 1, 2, 4, 12489 }, // U+2026
    { 0, 0, 35, 0, 0, 0, 12493 }, // U+202F
    { 22, 14, 354, 0, 13, 39, 12493 }, // U+2030
    { 2, 5, 59, 1, 12, 2, 12532 }, // U+2032
    { 5, 5, 105, 1, 12, 4, 12534 }, // U+2033
    { 4, 7, 69, 0, 8, 4, 12538 }, // U+2039
    { 4, 7, 69, 0, 8, 4, 12542 }, // U+203A
    { 9, 14, 46, -3, 13, 16, 12546 }, // U+2044
    { 3, 10, 92, 1, 9, 4, 12562 }, // U+204F
    { 8, 15, 160, 1, 13, 15, 12566 }, // U+2052
    { 6, 9, 101, 0, 13, 7, 12581 }, // U+2070
    { 6, 9, 101, 0, 13, 7, 12588 }, // U+2074
    { 6, 9, 101, 0, 13, 7, 12595 }, // U+2075
    { 6, 9, 101, 0, 13, 7, 12602 }, // U+2076
    { 6, 9, 101, 0, 13, 7, 12609 }, // U+2077
    { 6, 9, 101, 0, 13, 7, 12616 }, // U+2078
    { 6, 9, 101, 0, 13, 7, 12623 }, // U+2079
    { 6, 9, 101, 0, 8, 7, 12630 }, // U+2080
    { 5, 8, 101, 1, 8, 5, 12637 }, // U+2081
    { 6, 8, 101, 0, 8, 6, 12642 }, // U+2082
    { 6, 9, 101, 0, 8, 7, 12648 }, // U+2083
    { 6, 9, 101, 0, 8, 7, 12655 }, // U+2084
    { 6, 9, 101, 0, 8, 7, 12662 }, // U+2085
    { 6, 9, 101, 0, 8, 7, 12669 }, // U+2086
    { 6, 9, 101, 0, 8, 7, 12676 }, // U+2087
    { 6, 9, 101, 0, 8, 7, 12683 }, // U+2088
    { 6, 9, 101, 0, 8, 7, 12690 }, // U+2089
    { 9, 17, 160, 1, 14, 20, 12697 }, // U+20A1
    { 10, 13, 160, 0, 12, 17, 12717 }, // U+20A3
    { 10, 12, 160, 0, 12, 15, 12734 }, // U+20A4
    { 10, 13, 160, 0, 12, 17, 12749 }, // U+20A6
    { 10, 13, 160, 0, 12, 17, 12766 }, // U+20A7
    { 10, 13, 160, 0, 12, 17, 12783 }, // U+20A9
    { 11, 11, 211, 1, 11, 16, 12800 }, // U+20AA
    { 9, 15, 160, 1, 12, 17, 12816 }, // U+20AB
    { 10, 13, 160, 0, 12, 17, 12833 }, // U+20AC
    { 10, 13, 160, 0, 12, 17, 12850 }, // U+20AD
    { 10, 13, 160, 0, 12, 17, 12867 }, // U+20AE
    { 10, 13, 160, 0, 12, 17, 12884 }, // U+20B1
    { 10, 17, 160, 0, 14, 22, 12901 }, // U+20B2
    { 8, 13, 160, 1, 12, 13, 12923 }, // U+20B4
    { 9, 17, 160, 1, 14, 20, 12936 }, // U+20B5
    { 10, 13, 160, 0, 12, 17, 12956 }, // U+20B8
    { 10, 13, 160, 0, 12, 17, 12973 }, // U+20B9
    { 10, 12, 160, 0, 12, 15, 12990 }, // U+20BA
    { 10, 13, 160, 0, 12, 17, 13005 }, // U+20BC
    { 10, 13, 160, 0, 12, 17, 13022 }, // U+20BD
    { 10, 13, 160, 0, 12, 17, 13039 }, // U+2202
    { 10, 12, 160, 0, 11, 15, 13056 }, // U+2205
    { 10, 12, 160, 0, 12, 15, 13071 }, // U+2206
    { 10, 16, 160, 0, 12, 20, 13086 }, // U+220F
    { 10, 15, 160, 0, 12, 19, 13106 }, // U+2211
    { 10, 2, 160, 0, 6, 3, 13125 }, // U+2212
    { 6, 14, 160, 2, 13, 11, 13128 }, // U+2215
    { 2, 3, 160, 4, 6, 1, 13139 }, // U+2219
    { 10, 17, 160, 0, 13, 22, 13140 }, // U+221A
    { 10, 6, 160, 0, 8, 8, 13162 }, // U+221E
    { 8, 16, 160, 1, 12, 16, 13170 }, // U+222B
    { 9, 7, 160, 1, 8, 8, 13186 }, // U+2248
    { 10, 10, 160, 0, 10, 13, 13194 }, // U+2260
    { 10, 9, 160, 0, 9, 12, 13207 }, // U+2264
    { 10, 9, 160, 0, 9, 12, 13219 }, // U+2265
    { 9, 13, 149, 0, 12, 15, 13231 }, // U+FB01
    { 11, 13, 168, 0, 12, 18, 13246 }, // U+FB02
    { 16, 12, 265, 0, 7, 24, 13264 }, // U+FB56
    { 20, 11, 292, 0, 6, 28, 13288 }, // U+FB57
    { 5, 12, 80, -1, 7, 8, 13316 }, // U+FB58
    { 8, 10, 99, 0, 5, 10, 13324 }, // U+FB59
    { 16, 13, 265, 0, 12, 26, 13334 }, // U+FB66
    { 20, 13, 292, 0, 12, 33, 13360 }, // U+FB67
    { 5, 15, 72, 0, 14, 10, 13393 }, // U+FB68
    { 8, 13, 99, 0, 12, 13, 13403 }, // U+FB69
    { 11, 14, 176, 0, 7, 20, 13416 }, // U+FB7A
    { 13, 14, 192, 0, 7, 23, 13436 }, // U+FB7B
    { 10, 11, 157, 0, 6, 14, 13459 }, // U+FB7C
    { 12, 11, 170, 0, 6, 17, 13473 }, // U+FB7D
    { 8, 15, 127, 0, 14, 15, 13490 }, // U+FB88
    { 10, 15, 142, 0, 14, 19, 13505 }, // U+FB89
    { 7, 15, 98, -1, 11, 14, 13524 }, // U+FB8A
    { 9, 15, 106, -1, 11, 17, 13538 }, // U+FB8B
    { 7, 17, 98, -1, 13, 15, 13555 }, // U+FB8C
    { 9, 17, 106, -1, 13, 20, 13570 }, // U+FB8D
    { 15, 13, 234, 0, 12, 25, 13590 }, // U+FB8E
    { 18, 13, 260, 0, 12, 30, 13615 }, // U+FB8F
    { 8, 13, 110, 0, 12, 13, 13645 }, // U+FB90
    { 10, 13, 136, 0, 12, 17, 13658 }, // U+FB91
    { 15, 15, 234, 0, 14, 29, 13675 }, // U+FB92
    { 18, 15, 260, 0, 14, 34, 13704 }, // U+FB93
    { 8, 15, 110, 0, 14, 15, 13738 }, // U+FB94
    { 10, 15, 136, 0, 14, 19, 13753 }, // U+FB95
    { 11, 10, 183, 0, 6, 14, 13772 }, // U+FB9E
    { 13, 9, 195, 0, 5, 15, 13786 }, // U+FB9F
    { 7, 8, 108, 0, 8, 7, 13801 }, // U+FBA6
    { 9, 7, 128, 0, 6, 8, 13808 }, // U+FBA7
    { 4, 11, 72, 0, 7, 6, 13816 }, // U+FBA8
    { 9, 8, 117, 0, 3, 9, 13822 }, // U+FBA9
    { 11, 10, 179, 0, 9, 14, 13831 }, // U+FBAA
    { 12, 11, 164, 0, 7, 17, 13845 }, // U+FBAB
    { 9, 10, 153, 0, 9, 12, 13862 }, // U+FBAC
    { 10, 11, 135, 0, 7, 14, 13874 }, // U+FBAD
    { 16, 9, 251, 0, 8, 18, 13888 }, // U+FBAE
    { 10, 7, 146, 0, 2, 9, 13906 }, // U+FBAF
    { 16, 13, 251, 0, 12, 26, 13915 }, // U+FBB0
    { 10, 11, 146, 0, 6, 14, 13941 }, // U+FBB1
    { 13, 11, 203, 0, 7, 18, 13955 }, // U+FBFC
    { 14, 7, 196, 0, 3, 13, 13973 }, // U+FBFD
    { 5, 11, 80, -1, 7, 7, 13986 }, // U+FBFE
    { 8, 9, 99, 0, 5, 9, 13993 }, // U+FBFF
    { 7, 7, 110, 0, 6, 7, 14002 }, // U+FE80
    { 6, 14, 63, -1, 14, 11, 14009 }, // U+FE81
    { 7, 16, 78, -1, 15, 14, 14020 }, // U+FE82
    { 4, 16, 63, 0, 16, 8, 14034 }, // U+FE83
    { 6, 18, 78, 0, 17, 14, 14042 }, // U+FE84
    { 7, 15, 119, 0, 11, 14, 14056 }, // U+FE85
    { 9, 15, 126, 0, 11, 17, 14070 }, // U+FE86
    { 5, 18, 63, 0, 12, 12, 14087 }, // U+FE87
    { 6, 18, 78, 0, 12, 14, 14099 }, // U+FE88
    { 13, 12, 203, 0, 8, 20, 14113 }, // U+FE89
    { 14, 12, 196, 0, 8, 21, 14133 }, // U+FE8A
    { 4, 13, 72, 0, 12, 7, 14154 }, // U+FE8B
    { 7, 11, 91, 0, 10, 10, 14161 }, // U+FE8C
    { 2, 12, 63, 1, 12, 3, 14171 }, // U+FE8D
    { 5, 13, 78, 1, 12, 9, 14174 }, // U+FE8E
    { 16, 11, 265, 0, 7, 22, 14183 }, // U+FE8F
    { 20, 10, 292, 0, 6, 25, 14205 }, // U+FE90
    { 4, 11, 72, 0, 7, 6, 14230 }, // U+FE91
    { 7, 9, 91, 0, 5, 8, 14236 }, // U+FE92
    { 7, 12, 108, 0, 12, 11, 14244 }, // U+FE93
    { 9, 14, 130, 0, 13, 16, 14255 }, // U+FE94
    { 16, 10, 265, 0, 9, 20, 14271 }, // U+FE95
    { 20, 10, 292, 0, 9, 25, 14291 }, // U+FE96
    { 5, 12, 72, 0, 11, 8, 14316 }, // U+FE97
    { 8, 10, 99, 0, 9, 10, 14324 }, // U+FE98
    { 16, 11, 265, 0, 10, 22, 14334 }, // U+FE99
    { 20, 11, 292, 0, 10, 28, 14356 }, // U+FE9A
    { 5, 13, 72, 0, 12, 9, 14384 }, // U+FE9B
    { 8, 11, 99, 0, 10, 11, 14393 }, // U+FE9C
    { 10, 14, 170, 0, 7, 18, 14404 }, // U+FE9D
    { 12, 14, 173, 0, 7, 21, 14422 }, // U+FE9E
    { 10, 10, 157, 0, 6, 13, 14443 }, // U+FE9F
    { 12, 10, 170, 0, 6, 15, 14456 }, // U+FEA0
    { 10, 14, 170, 0, 7, 18, 14471 }, // U+FEA1
    { 12, 14, 173, 0, 7, 21, 14489 }, // U+FEA2
    { 10, 7, 157, 0, 6, 9, 14510 }, // U+FEA3
    { 12, 7, 170, 0, 6, 11, 14519 }, // U+FEA4
    { 10, 18, 170, 0, 11, 23, 14530 }, // U+FEA5
    { 12, 18, 173, 0, 11, 27, 14553 }, // U+FEA6
    { 10, 11, 157, 0, 10, 14, 14580 }, // U+FEA7
    { 12, 11, 170, 0, 10, 17, 14594 }, // U+FEA8
    { 8, 9, 127, 0, 8, 9, 14611 }, // U+FEA9
    { 10, 9, 142, 0, 8, 12, 14620 }, // U+FEAA
    { 8, 13, 127, 0, 12, 13, 14632 }, // U+FEAB
    { 10, 13, 142, 0, 12, 17, 14645 }, // U+FEAC
    { 7, 10, 98, -1, 6, 9, 14662 }, // U+FEAD
    { 9, 10, 106, -1, 6, 12, 14671 }, // U+FEAE
    { 7, 14, 98, -1, 10, 13, 14683 }, // U+FEAF
    { 9, 14, 106, -1, 10, 16, 14696 }, // U+FEB0
    { 20, 11, 323, 0, 7, 28, 14712 }, // U+FEB1
    { 22, 10, 339, 0, 6, 28, 14740 }, // U+FEB2
    { 13, 8, 209, 0, 7, 13, 14768 }, // U+FEB3
    { 15, 7, 227, 0, 6, 14, 14781 }, // U+FEB4
    { 20, 15, 323, 0, 11, 38, 14795 }, // U+FEB5
    { 22, 15, 339, 0, 11, 42, 14833 }, // U+FEB6
    { 13, 12, 209, 0, 11, 20, 14875 }, // U+FEB7
    { 15, 12, 227, 0, 11, 23, 14895 }, // U+FEB8
    { 22, 11, 348, 0, 7, 31, 14918 }, // U+FEB9
    { 24, 11, 361, 0, 7, 33, 14949 }, // U+FEBA
    { 15, 8, 241, 0, 7, 15, 14982 }, // U+FEBB
    { 17, 8, 253, 0, 7, 17, 14997 }, // U+FEBC
    { 22, 15, 348, 0, 11, 42, 15014 }, // U+FEBD
    { 24, 15, 361, 0, 11, 45, 15056 }, // U+FEBE
    { 15, 11, 241, 0, 10, 21, 15101 }, // U+FEBF
    { 17, 11, 253, 0, 10, 24, 15122 }, // U+FEC0
    { 13, 13, 210, 0, 12, 22, 15146 }, // U+FEC1
    { 15, 13, 222, 0, 12, 25, 15168 }, // U+FEC2
    { 11, 13, 181, 0, 12, 18, 15193 }, // U+FEC3
    { 13, 13, 189, 0, 12, 22, 15211 }, // U+FEC4
    { 13, 13, 210, 0, 12, 22, 15233 }, // U+FEC5
    { 15, 13, 222, 0, 12, 25, 15255 }, // U+FEC6
    { 11, 13, 181, 0, 12, 18, 15280 }, // U+FEC7
    { 13, 13, 189, 0, 12, 22, 15298 }, // U+FEC8
    { 10, 16, 135, 0, 9, 20, 15320 }, // U+FEC9
    { 10, 14, 142, 0, 7, 18, 15340 }, // U+FECA
    { 8, 9, 134, 0, 8, 9, 15358 }, // U+FECB
    { 10, 8, 139, 0, 7, 10, 15367 }, // U+FECC
    { 10, 20, 135, 0, 13, 25, 15377 }, // U+FECD
    { 10, 18, 142, 0, 11, 23, 15402 }, // U+FECE
    { 8, 13, 134, 0, 12, 13, 15425 }, // U+FECF
    { 10, 12, 139, 0, 11, 15, 15438 }, // U+FED0
    { 16, 14, 262, 0, 13, 28, 15453 }, // U+FED1
    { 20, 12, 293, 0, 11, 30, 15481 }, // U+FED2
    { 7, 14, 119, 0, 13, 13, 15511 }, // U+FED3
    { 10, 12, 132, 0, 11, 15, 15524 }, // U+FED4
    { 13, 15, 206, 0, 11, 25, 15539 }, // U+FED5
    { 15, 15, 216, 0, 10, 29, 15564 }, // U+FED6
    { 7, 14, 119, 0, 13, 13, 15593 }, // U+FED7
    { 10, 12, 132, 0, 11, 15, 15606 }, // U+FED8
    { 14, 13, 235, 0, 12, 23, 15621 }, // U+FED9
    { 17, 13, 246, 0, 12, 28, 15644 }, // U+FEDA
    { 8, 13, 110, 0, 12, 13, 15672 }, // U+FEDB
    { 10, 13, 136, 0, 12, 17, 15685 }, // U+FEDC
    { 11, 16, 185, 0, 12, 22, 15702 }, // U+FEDD
    { 13, 16, 195, 0, 12, 26, 15724 }, // U+FEDE
    { 4, 13, 69, 0, 12, 7, 15750 }, // U+FEDF
    { 6, 13, 80, 0, 12, 10, 15757 }, // U+FEE0
    { 8, 14, 129, 0, 7, 14, 15767 }, // U+FEE1
    { 11, 14, 150, 0, 7, 20, 15781 }, // U+FEE2
    { 8, 7, 140, 0, 6, 7, 15801 }, // U+FEE3
    { 11, 8, 154, 0, 7, 11, 15808 }, // U+FEE4
    { 11, 13, 183, 0, 9, 18, 15819 }, // U+FEE5
    { 13, 13, 195, 0, 9, 22, 15837 }, // U+FEE6
    { 4, 12, 72, 0, 11, 6, 15859 }, // U+FEE7
    { 7, 10, 91, 0, 9, 9, 15865 }, // U+FEE8
    { 7, 8, 108, 0, 8, 7, 15874 }, // U+FEE9
    { 9, 10, 130, 0, 9, 12, 15881 }, // U+FEEA
    { 9, 10, 153, 0, 9, 12, 15893 }, // U+FEEB
    { 10, 11, 135, 0, 7, 14, 15905 }, // U+FEEC
    { 7, 10, 119, 0, 6, 9, 15919 }, // U+FEED
    { 9, 10, 126, 0, 6, 12, 15928 }, // U+FEEE
    { 13, 11, 203, 0, 7, 18, 15940 }, // U+FEEF
    { 14, 7, 196, 0, 3, 13, 15958 }, // U+FEF0
    { 13, 15, 203, 0, 7, 25, 15971 }, // U+FEF1
    { 14, 11, 196, 0, 3, 20, 15996 }, // U+FEF2
    { 5, 11, 80, -1, 7, 7, 16016 }, // U+FEF3
    { 8, 9, 99, 0, 5, 9, 16023 }, // U+FEF4
    { 11, 13, 155, -2, 13, 18, 16032 }, // U+FEF5
    { 12, 14, 160, -1, 13, 21, 16050 }, // U+FEF6
    { 10, 15, 155, -1, 15, 19, 16071 }, // U+FEF7
    { 11, 16, 160, 0, 15, 22, 16090 }, // U+FEF8
    { 9, 18, 155, 0, 12, 21, 16112 }, // U+FEF9
    { 11, 18, 160, 0, 12, 25, 16133 }, // U+FEFA
    { 9, 12, 155, 0, 12, 14, 16158 }, // U+FEFB
    { 11, 13, 160, 0, 12, 18, 16172 }, // U+FEFC
};

static const EpdUnicodeInterval nunito_8_regularIntervals[] = {
    { 0x0, 0x0, 0x0 },
    { 0xD, 0xD, 0x1 },
    { 0x20, 0x7E, 0x2 },
    { 0xA0, 0x132, 0x61 },
    { 0x134, 0x17E, 0xF4 },
    { 0x1A0, 0x1A1, 0x13F },
    { 0x1AF, 0x1B0, 0x141 },
    { 0x1C4, 0x1CE, 0x143 },
    { 0x1D4, 0x1D4, 0x14E },
    { 0x1E5, 0x1E7, 0x14F },
    { 0x1E9, 0x1EB, 0x152 },
    { 0x1EF, 0x1EF, 0x155 },
    { 0x1FA, 0x21B, 0x156 },
    { 0x21F, 0x21F, 0x178 },
    { 0x300, 0x304, 0x179 },
    { 0x306, 0x30C, 0x17E },
    { 0x30F, 0x30F, 0x185 },
    { 0x311, 0x312, 0x186 },
    { 0x31B, 0x31B, 0x188 },
    { 0x323, 0x324, 0x189 },
    { 0x326, 0x328, 0x18B },
    { 0x32E, 0x32E, 0x18E },
    { 0x331, 0x331, 0x18F },
    { 0x335, 0x335, 0x190 },
    { 0x337, 0x338, 0x191 },
    { 0x34F, 0x34F, 0x193 },
    { 0x400, 0x45F, 0x194 },
    { 0x462, 0x463, 0x1F4 },
    { 0x46A, 0x46B, 0x1F6 },
    { 0x472, 0x475, 0x1F8 },
    { 0x48A, 0x4A5, 0x1FC },
    { 0x4A8, 0x4FF, 0x218 },
    { 0x510, 0x513, 0x270 },
    { 0x51A, 0x51D, 0x274 },
    { 0x524, 0x529, 0x278 },
    { 0x52E, 0x52F, 0x27E },
    { 0x5D0, 0x5EA, 0x280 },
    { 0x60C, 0x60C, 0x29B },
    { 0x61B, 0x61B, 0x29C },
    { 0x61F, 0x61F, 0x29D },
    { 0x621, 0x621, 0x29E },
    { 0x640, 0x640, 0x29F },
    { 0x660, 0x669, 0x2A0 },
    { 0x6BA, 0x6BA, 0x2AA },
    { 0x6D4, 0x6D4, 0x2AB },
    { 0x6F0, 0x6F9, 0x2AC },
    { 0x1EA0, 0x1EF9, 0x2B6 },
    { 0x2007, 0x2015, 0x310 },
    { 0x2018, 0x201A, 0x31F },
    { 0x201C, 0x201E, 0x322 },
    { 0x2020, 0x2022, 0x325 },
    { 0x2026, 0x2026, 0x328 },
    { 0x202F, 0x2030, 0x329 },
    { 0x2032, 0x2033, 0x32B },
    { 0x2039, 0x203A, 0x32D },
    { 0x2044, 0x2044, 0x32F },
    { 0x204F, 0x204F, 0x330 },
    { 0x2052, 0x2052, 0x331 },
    { 0x2070, 0x2070, 0x332 },
    { 0x2074, 0x2079, 0x333 },
    { 0x2080, 0x2089, 0x339 },
    { 0x20A1, 0x20A1, 0x343 },
    { 0x20A3, 0x20A4, 0x344 },
    { 0x20A6, 0x20A7, 0x346 },
    { 0x20A9, 0x20AE, 0x348 },
    { 0x20B1, 0x20B2, 0x34E },
    { 0x20B4, 0x20B5, 0x350 },
    { 0x20B8, 0x20BA, 0x352 },
    { 0x20BC, 0x20BD, 0x355 },
    { 0x2202, 0x2202, 0x357 },
    { 0x2205, 0x2206, 0x358 },
    { 0x220F, 0x220F, 0x35A },
    { 0x2211, 0x2212, 0x35B },
    { 0x2215, 0x2215, 0x35D },
    { 0x2219, 0x221A, 0x35E },
    { 0x221E, 0x221E, 0x360 },
    { 0x222B, 0x222B, 0x361 },
    { 0x2248, 0x2248, 0x362 },
    { 0x2260, 0x2260, 0x363 },
    { 0x2264, 0x2265, 0x364 },
    { 0xFB01, 0xFB02, 0x366 },
    { 0xFB56, 0xFB59, 0x368 },
    { 0xFB66, 0xFB69, 0x36C },
    { 0xFB7A, 0xFB7D, 0x370 },
    { 0xFB88, 0xFB95, 0x374 },
    { 0xFB9E, 0xFB9F, 0x382 },
    { 0xFBA6, 0xFBB1, 0x384 },
    { 0xFBFC, 0xFBFF, 0x390 },
    { 0xFE80, 0xFEFC, 0x394 },
};

static const EpdKernClassEntry nunito_8_regularKernLeftClasses[] = {
    { 0x0021, 1 }, // !
    { 0x0022, 2 }, // "
    { 0x0026, 3 }, // &
    { 0x0027, 2 }, // '
    { 0x0028, 4 }, // (
    { 0x002A, 5 }, // *
    { 0x002C, 6 }, // ,
    { 0x002D, 7 }, // -
    { 0x002E, 6 }, // .
    { 0x002F, 8 }, // /
    { 0x003A, 9 }, // :
    { 0x003B, 9 }, // ;
    { 0x003F, 10 }, // ?
    { 0x0040, 11 }, // @
    { 0x0041, 12 }, // A
    { 0x0042, 13 }, // B
    { 0x0043, 14 }, // C
    { 0x0044, 11 }, // D
    { 0x0045, 15 }, // E
    { 0x0046, 16 }, // F
    { 0x0047, 17 }, // G
    { 0x004A, 18 }, // J
    { 0x004B, 19 }, // K
    { 0x004C, 20 }, // L
    { 0x004F, 11 }, // O
    { 0x0050, 21 }, // P
    { 0x0051, 22 }, // Q
    { 0x0052, 23 }, // R
    { 0x0053, 24 }, // S
    { 0x0054, 25 }, // T
    { 0x0055, 26 }, // U
    { 0x0056, 27 }, // V
    { 0x0057, 27 }, // W
    { 0x0058, 28 }, // X
    { 0x0059, 29 }, // Y
    { 0x005A, 30 }, // Z
    { 0x005B, 4 }, // [
    { 0x005F, 6 }, // _
    { 0x0061, 31 }, // a
    { 0x0062, 32 }, // b
    { 0x0063, 33 }, // c
    { 0x0064, 34 }, // d
    { 0x0065, 35 }, // e
    { 0x0066, 36 }, // f
    { 0x0067, 37 }, // g
    { 0x0068, 31 }, // h
    { 0x0069, 34 }, // i
    { 0x006A, 34 }, // j
    { 0x006B, 38 }, // k
    { 0x006C, 39 }, // l
    { 0x006D, 31 }, // m
    { 0x006E, 31 }, // n
    { 0x006F, 32 }, // o
    { 0x0070, 32 }, // p
    { 0x0071, 40 }, // q
    { 0x0072, 41 }, // r
    { 0x0073, 42 }, // s
    { 0x0074, 43 }, // t
    { 0x0075, 37 }, // u
    { 0x0076, 44 }, // v
    { 0x0077, 44 }, // w
    { 0x0078, 45 }, // x
    { 0x0079, 44 }, // y
    { 0x007A, 46 }, // z
    { 0x007B, 4 }, // {
    { 0x007D, 7 }, // }
    { 0x00A1, 47 }, // U+00A1
    { 0x00A9, 11 }, // U+00A9
    { 0x00AA, 48 }, // U+00AA
    { 0x00AB, 49 }, // U+00AB
    { 0x00AD, 7 }, // U+00AD
    { 0x00AE, 11 }, // U+00AE
    { 0x00B0, 50 }, // U+00B0
    { 0x00B2, 51 }, // U+00B2
    { 0x00B3, 51 }, // U+00B3
    { 0x00B5, 37 }, // U+00B5
    { 0x00B7, 7 }, // U+00B7
    { 0x00B9, 51 }, // U+00B9
    { 0x00BA, 48 }, // U+00BA
    { 0x00BB, 52 }, // U+00BB
    { 0x00BF, 53 }, // U+00BF
    { 0x00C0, 12 }, // U+00C0
    { 0x00C1, 12 }, // U+00C1
    { 0x00C2, 12 }, // U+00C2
    { 0x00C3, 12 }, // U+00C3
    { 0x00C4, 12 }, // U+00C4
    { 0x00C5, 12 }, // U+00C5
    { 0x00C6, 15 }, // U+00C6
    { 0x00C7, 14 }, // U+00C7
    { 0x00C8, 15 }, // U+00C8
    { 0x00C9, 15 }, // U+00C9
    { 0x00CA, 15 }, // U+00CA
    { 0x00CB, 15 }, // U+00CB
    { 0x00D0, 11 }, // U+00D0
    { 0x00D2, 11 }, // U+00D2
    { 0x00D3, 11 }, // U+00D3
    { 0x00D4, 11 }, // U+00D4
    { 0x00D5, 11 }, // U+00D5
    { 0x00D6, 11 }, // U+00D6
    { 0x00D8, 11 }, // U+00D8
    { 0x00D9, 26 }, // U+00D9
    { 0x00DA, 26 }, // U+00DA
    { 0x00DB, 26 }, // U+00DB
    { 0x00DC, 26 }, // U+00DC
    { 0x00DD, 29 }, // U+00DD
    { 0x00DE, 54 }, // U+00DE
    { 0x00DF, 55 }, // U+00DF
    { 0x00E6, 35 }, // U+00E6
    { 0x00E7, 33 }, // U+00E7
    { 0x00E8, 35 }, // U+00E8
    { 0x00E9, 35 }, // U+00E9
    { 0x00EA, 35 }, // U+00EA
    { 0x00EB, 35 }, // U+00EB
    { 0x00EC, 34 }, // U+00EC
    { 0x00ED, 56 }, // U+00ED
    { 0x00EE, 57 }, // U+00EE
    { 0x00EF, 58 }, // U+00EF
    { 0x00F0, 32 }, // U+00F0
    { 0x00F1, 31 }, // U+00F1
    { 0x00F2, 32 }, // U+00F2
    { 0x00F3, 32 }, // U+00F3
    { 0x00F4, 32 }, // U+00F4
    { 0x00F5, 32 }, // U+00F5
    { 0x00F6, 32 }, // U+00F6
    { 0x00F8, 32 }, // U+00F8
    { 0x00F9, 37 }, // U+00F9
    { 0x00FA, 37 }, // U+00FA
    { 0x00FB, 37 }, // U+00FB
    { 0x00FC, 37 }, // U+00FC
    { 0x00FD, 44 }, // U+00FD
    { 0x00FE, 32 }, // U+00FE
    { 0x00FF, 44 }, // U+00FF
    { 0x0100, 12 }, // U+0100
    { 0x0102, 12 }, // U+0102
    { 0x0104, 12 }, // U+0104
    { 0x0105, 31 }, // U+0105
    { 0x0106, 14 }, // U+0106
    { 0x0107, 33 }, // U+0107
    { 0x0108, 14 }, // U+0108
    { 0x0109, 33 }, // U+0109
    { 0x010A, 14 }, // U+010A
    { 0x010B, 33 }, // U+010B
    { 0x010C, 14 }, // U+010C
    { 0x010D, 33 }, // U+010D
    { 0x010E, 11 }, // U+010E
    { 0x010F, 59 }, // U+010F
    { 0x0110, 11 }, // U+0110
    { 0x0111, 34 }, // U+0111
    { 0x0112, 15 }, // U+0112
    { 0x0113, 35 }, // U+0113
    { 0x0114, 15 }, // U+0114
    { 0x0115, 35 }, // U+0115
    { 0x0116, 15 }, // U+0116
    { 0x0117, 35 }, // U+0117
    { 0x0118, 15 }, // U+0118
    { 0x0119, 35 }, // U+0119
    { 0x011A, 15 }, // U+011A
    { 0x011B, 35 }, // U+011B
    { 0x011C, 17 }, // U+011C
    { 0x011D, 37 }, // U+011D
    { 0x011E, 17 }, // U+011E
    { 0x011F, 37 }, // U+011F
    { 0x0120, 17 }, // U+0120
    { 0x0121, 37 }, // U+0121
    { 0x0122, 17 }, // U+0122
    { 0x0123, 37 }, // U+0123
    { 0x0125, 31 }, // U+0125
    { 0x0127, 31 }, // U+0127
    { 0x0129, 60 }, // U+0129
    { 0x012B, 61 }, // U+012B
    { 0x012D, 62 }, // U+012D
    { 0x012F, 34 }, // U+012F
    { 0x0131, 37 }, // U+0131
    { 0x0134, 18 }, // U+0134
    { 0x0135, 63 }, // U+0135
    { 0x0136, 19 }, // U+0136
    { 0x0137, 38 }, // U+0137
    { 0x0138, 38 }, // U+0138
    { 0x0139, 20 }, // U+0139
    { 0x013A, 39 }, // U+013A
    { 0x013B, 20 }, // U+013B
    { 0x013C, 39 }, // U+013C
    { 0x013D, 64 }, // U+013D
    { 0x013E, 65 }, // U+013E
    { 0x013F, 20 }, // U+013F
    { 0x0140, 39 }, // U+0140
    { 0x0141, 20 }, // U+0141
    { 0x0142, 66 }, // U+0142
    { 0x0144, 31 }, // U+0144
    { 0x0146, 31 }, // U+0146
    { 0x0148, 31 }, // U+0148
    { 0x0149, 31 }, // U+0149
    { 0x014B, 31 }, // U+014B
    { 0x014C, 11 }, // U+014C
    { 0x014D, 32 }, // U+014D
    { 0x014E, 11 }, // U+014E
    { 0x014F, 32 }, // U+014F
    { 0x0150, 11 }, // U+0150
    { 0x0151, 32 }, // U+0151
    { 0x0152, 15 }, // U+0152
    { 0x0153, 35 }, // U+0153
    { 0x0154, 23 }, // U+0154
    { 0x0155, 67 }, // U+0155
    { 0x0156, 23 }, // U+0156
    { 0x0157, 41 }, // U+0157
    { 0x0158, 23 }, // U+0158
    { 0x0159, 41 }, // U+0159
    { 0x015A, 24 }, // U+015A
    { 0x015B, 42 }, // U+015B
    { 0x015C, 24 }, // U+015C
    { 0x015D, 42 }, // U+015D
    { 0x015E, 24 }, // U+015E
    { 0x015F, 42 }, // U+015F
    { 0x0160, 24 }, // U+0160
    { 0x0161, 42 }, // U+0161
    { 0x0162, 25 }, // U+0162
    { 0x0163, 43 }, // U+0163
    { 0x0164, 25 }, // U+0164
    { 0x0165, 68 }, // U+0165
    { 0x0166, 25 }, // U+0166
    { 0x0167, 43 }, // U+0167
    { 0x0168, 26 }, // U+0168
    { 0x0169, 37 }, // U+0169
    { 0x016A, 26 }, // U+016A
    { 0x016B, 37 }, // U+016B
    { 0x016C, 26 }, // U+016C
    { 0x016D, 37 }, // U+016D
    { 0x016E, 26 }, // U+016E
    { 0x016F, 37 }, // U+016F
    { 0x0170, 26 }, // U+0170
    { 0x0171, 37 }, // U+0171
    { 0x0172, 26 }, // U+0172
    { 0x0173, 37 }, // U+0173
    { 0x0174, 27 }, // U+0174
    { 0x0175, 44 }, // U+0175
    { 0x0176, 29 }, // U+0176
    { 0x0177, 44 }, // U+0177
    { 0x0178, 29 }, // U+0178
    { 0x0179, 30 }, // U+0179
    { 0x017A, 46 }, // U+017A
    { 0x017B, 30 }, // U+017B
    { 0x017C, 46 }, // U+017C
    { 0x017D, 30 }, // U+017D
    { 0x017E, 46 }, // U+017E
    { 0x01A0, 11 }, // U+01A0
    { 0x01A1, 69 }, // U+01A1
    { 0x01AF, 70 }, // U+01AF
    { 0x01B0, 71 }, // U+01B0
    { 0x01C4, 30 }, // U+01C4
    { 0x01C5, 46 }, // U+01C5
    { 0x01C6, 46 }, // U+01C6
    { 0x01C7, 18 }, // U+01C7
    { 0x01C9, 34 }, // U+01C9
    { 0x01CA, 18 }, // U+01CA
    { 0x01CC, 34 }, // U+01CC
    { 0x01D4, 37 }, // U+01D4
    { 0x01E5, 37 }, // U+01E5
    { 0x01E6, 17 }, // U+01E6
    { 0x01E7, 37 }, // U+01E7
    { 0x01E9, 38 }, // U+01E9
    { 0x01EA, 11 }, // U+01EA
    { 0x01EB, 32 }, // U+01EB
    { 0x01EF, 46 }, // U+01EF
    { 0x01FA, 12 }, // U+01FA
    { 0x01FC, 15 }, // U+01FC
    { 0x01FD, 35 }, // U+01FD
    { 0x01FE, 11 }, // U+01FE
    { 0x01FF, 32 }, // U+01FF
    { 0x0200, 12 }, // U+0200
    { 0x0202, 12 }, // U+0202
    { 0x0204, 15 }, // U+0204
    { 0x0205, 35 }, // U+0205
    { 0x0206, 15 }, // U+0206
    { 0x0207, 35 }, // U+0207
    { 0x0209, 72 }, // U+0209
    { 0x020B, 73 }, // U+020B
    { 0x020C, 11 }, // U+020C
    { 0x020D, 32 }, // U+020D
    { 0x020E, 11 }, // U+020E
    { 0x020F, 32 }, // U+020F
    { 0x0210, 23 }, // U+0210
    { 0x0211, 41 }, // U+0211
    { 0x0212, 23 }, // U+0212
    { 0x0213, 41 }, // U+0213
    { 0x0214, 26 }, // U+0214
    { 0x0215, 37 }, // U+0215
    { 0x0216, 26 }, // U+0216
    { 0x0217, 37 }, // U+0217
    { 0x0218, 24 }, // U+0218
    { 0x0219, 42 }, // U+0219
    { 0x021A, 25 }, // U+021A
    { 0x021B, 43 }, // U+021B
    { 0x021F, 31 }, // U+021F
    { 0x0400, 74 }, // U+0400
    { 0x0401, 74 }, // U+0401
    { 0x0402, 75 }, // U+0402
    { 0x0403, 76 }, // U+0403
    { 0x0404, 77 }, // U+0404
    { 0x0405, 78 }, // U+0405
    { 0x0408, 79 }, // U+0408
    { 0x0409, 80 }, // U+0409
    { 0x040A, 80 }, // U+040A
    { 0x040B, 75 }, // U+040B
    { 0x040C, 81 }, // U+040C
    { 0x040E, 82 }, // U+040E
    { 0x0410, 83 }, // U+0410
    { 0x0411, 84 }, // U+0411
    { 0x0412, 85 }, // U+0412
    { 0x0413, 76 }, // U+0413
    { 0x0414, 86 }, // U+0414
    { 0x0415, 74 }, // U+0415
    { 0x0416, 87 }, // U+0416
    { 0x0417, 85 }, // U+0417
    { 0x041A, 87 }, // U+041A
    { 0x041E, 88 }, // U+041E
    { 0x0420, 89 }, // U+0420
    { 0x0421, 77 }, // U+0421
    { 0x0422, 90 }, // U+0422
    { 0x0423, 82 }, // U+0423
    { 0x0425, 91 }, // U+0425
    { 0x0426, 86 }, // U+0426
    { 0x0429, 86 }, // U+0429
    { 0x042A, 80 }, // U+042A
    { 0x042C, 80 }, // U+042C
    { 0x042D, 88 }, // U+042D
    { 0x042E, 88 }, // U+042E
    { 0x0430, 92 }, // U+0430
    { 0x0431, 93 }, // U+0431
    { 0x0432, 94 }, // U+0432
    { 0x0433, 95 }, // U+0433
    { 0x0434, 96 }, // U+0434
    { 0x0435, 97 }, // U+0435
    { 0x0437, 94 }, // U+0437
    { 0x0438, 98 }, // U+0438
    { 0x0439, 98 }, // U+0439
    { 0x043B, 98 }, // U+043B
    { 0x043C, 98 }, // U+043C
    { 0x043D, 98 }, // U+043D
    { 0x043E, 93 }, // U+043E
    { 0x043F, 98 }, // U+043F
    { 0x0440, 93 }, // U+0440
    { 0x0441, 99 }, // U+0441
    { 0x0442, 100 }, // U+0442
    { 0x0443, 101 }, // U+0443
    { 0x0445, 102 }, // U+0445
    { 0x0446, 96 }, // U+0446
    { 0x0447, 98 }, // U+0447
    { 0x0448, 98 }, // U+0448
    { 0x0449, 96 }, // U+0449
    { 0x044A, 103 }, // U+044A
    { 0x044B, 98 }, // U+044B
    { 0x044C, 103 }, // U+044C
    { 0x044D, 93 }, // U+044D
    { 0x044E, 93 }, // U+044E
    { 0x044F, 98 }, // U+044F
    { 0x0450, 97 }, // U+0450
    { 0x0451, 97 }, // U+0451
    { 0x0453, 95 }, // U+0453
    { 0x0454, 99 }, // U+0454
    { 0x0455, 104 }, // U+0455
    { 0x0457, 98 }, // U+0457
    { 0x0459, 103 }, // U+0459
    { 0x045A, 103 }, // U+045A
    { 0x045B, 92 }, // U+045B
    { 0x045D, 98 }, // U+045D
    { 0x045E, 101 }, // U+045E
    { 0x045F, 98 }, // U+045F
    { 0x0462, 80 }, // U+0462
    { 0x0463, 103 }, // U+0463
    { 0x046A, 87 }, // U+046A
    { 0x0472, 88 }, // U+0472
    { 0x0473, 93 }, // U+0473
    { 0x0474, 105 }, // U+0474
    { 0x0475, 101 }, // U+0475
    { 0x048A, 86 }, // U+048A
    { 0x048B, 96 }, // U+048B
    { 0x048C, 80 }, // U+048C
    { 0x048D, 103 }, // U+048D
    { 0x048E, 89 }, // U+048E
    { 0x048F, 93 }, // U+048F
    { 0x0490, 76 }, // U+0490
    { 0x0491, 95 }, // U+0491
    { 0x0492, 76 }, // U+0492
    { 0x0493, 95 }, // U+0493
    { 0x0494, 75 }, // U+0494
    { 0x0498, 85 }, // U+0498
    { 0x0499, 94 }, // U+0499
    { 0x049C, 87 }, // U+049C
    { 0x049E, 87 }, // U+049E
    { 0x04A0, 87 }, // U+04A0
    { 0x04A2, 86 }, // U+04A2
    { 0x04A3, 96 }, // U+04A3
    { 0x04A4, 76 }, // U+04A4
    { 0x04A5, 95 }, // U+04A5
    { 0x04A9, 93 }, // U+04A9
    { 0x04AA, 77 }, // U+04AA
    { 0x04AB, 99 }, // U+04AB
    { 0x04AC, 90 }, // U+04AC
    { 0x04AD, 100 }, // U+04AD
    { 0x04AE, 106 }, // U+04AE
    { 0x04AF, 101 }, // U+04AF
    { 0x04B0, 106 }, // U+04B0
    { 0x04B1, 101 }, // U+04B1
    { 0x04B4, 86 }, // U+04B4
    { 0x04B5, 96 }, // U+04B5
    { 0x04B6, 86 }, // U+04B6
    { 0x04B7, 96 }, // U+04B7
    { 0x04B9, 98 }, // U+04B9
    { 0x04BA, 75 }, // U+04BA
    { 0x04BB, 92 }, // U+04BB
    { 0x04BC, 77 }, // U+04BC
    { 0x04BD, 97 }, // U+04BD
    { 0x04BE, 77 }, // U+04BE
    { 0x04BF, 97 }, // U+04BF
    { 0x04C1, 87 }, // U+04C1
    { 0x04C3, 87 }, // U+04C3
    { 0x04C5, 86 }, // U+04C5
    { 0x04C6, 96 }, // U+04C6
    { 0x04C8, 98 }, // U+04C8
    { 0x04C9, 86 }, // U+04C9
    { 0x04CA, 96 }, // U+04CA
    { 0x04CC, 98 }, // U+04CC
    { 0x04CD, 86 }, // U+04CD
    { 0x04CE, 96 }, // U+04CE
    { 0x04D0, 83 }, // U+04D0
    { 0x04D1, 92 }, // U+04D1
    { 0x04D2, 83 }, // U+04D2
    { 0x04D3, 92 }, // U+04D3
    { 0x04D4, 74 }, // U+04D4
    { 0x04D5, 97 }, // U+04D5
    { 0x04D6, 74 }, // U+04D6
    { 0x04D7, 97 }, // U+04D7
    { 0x04D8, 88 }, // U+04D8
    { 0x04D9, 93 }, // U+04D9
    { 0x04DA, 88 }, // U+04DA
    { 0x04DB, 93 }, // U+04DB
    { 0x04DC, 87 }, // U+04DC
    { 0x04DE, 85 }, // U+04DE
    { 0x04DF, 94 }, // U+04DF
    { 0x04E0, 85 }, // U+04E0
    { 0x04E1, 94 }, // U+04E1
    { 0x04E3, 98 }, // U+04E3
    { 0x04E5, 98 }, // U+04E5
    { 0x04E6, 88 }, // U+04E6
    { 0x04E7, 93 }, // U+04E7
    { 0x04E8, 88 }, // U+04E8
    { 0x04E9, 93 }, // U+04E9
    { 0x04EA, 88 }, // U+04EA
    { 0x04EB, 93 }, // U+04EB
    { 0x04EC, 88 }, // U+04EC
    { 0x04ED, 93 }, // U+04ED
    { 0x04EE, 82 }, // U+04EE
    { 0x04EF, 101 }, // U+04EF
    { 0x04F0, 82 }, // U+04F0
    { 0x04F1, 101 }, // U+04F1
    { 0x04F2, 82 }, // U+04F2
    { 0x04F3, 101 }, // U+04F3
    { 0x04F5, 98 }, // U+04F5
    { 0x04F6, 76 }, // U+04F6
    { 0x04F7, 95 }, // U+04F7
    { 0x04F9, 98 }, // U+04F9
    { 0x04FA, 76 }, // U+04FA
    { 0x04FB, 95 }, // U+04FB
    { 0x04FC, 91 }, // U+04FC
    { 0x04FD, 102 }, // U+04FD
    { 0x04FE, 91 }, // U+04FE
    { 0x04FF, 102 }, // U+04FF
    { 0x0510, 77 }, // U+0510
    { 0x0511, 99 }, // U+0511
    { 0x0513, 98 }, // U+0513
    { 0x051A, 88 }, // U+051A
    { 0x051B, 107 }, // U+051B
    { 0x051C, 105 }, // U+051C
    { 0x051D, 101 }, // U+051D
    { 0x0524, 86 }, // U+0524
    { 0x0525, 96 }, // U+0525
    { 0x0526, 86 }, // U+0526
    { 0x0527, 96 }, // U+0527
    { 0x0529, 98 }, // U+0529
    { 0x052E, 86 }, // U+052E
    { 0x052F, 96 }, // U+052F
    { 0x05D0, 108 }, // U+05D0
    { 0x05D1, 109 }, // U+05D1
    { 0x05D2, 110 }, // U+05D2
    { 0x05D3, 111 }, // U+05D3
    { 0x05D5, 112 }, // U+05D5
    { 0x05D6, 113 }, // U+05D6
    { 0x05D8, 114 }, // U+05D8
    { 0x05D9, 115 }, // U+05D9
    { 0x05DB, 116 }, // U+05DB
    { 0x05DC, 117 }, // U+05DC
    { 0x05DE, 118 }, // U+05DE
    { 0x05E0, 119 }, // U+05E0
    { 0x05E1, 120 }, // U+05E1
    { 0x05E2, 121 }, // U+05E2
    { 0x05E4, 122 }, // U+05E4
    { 0x05E6, 123 }, // U+05E6
    { 0x05E8, 124 }, // U+05E8
    { 0x05E9, 125 }, // U+05E9
    { 0x05EA, 126 }, // U+05EA
    { 0x1EA0, 12 }, // U+1EA0
    { 0x1EA2, 12 }, // U+1EA2
    { 0x1EA4, 12 }, // U+1EA4
    { 0x1EA6, 12 }, // U+1EA6
    { 0x1EA8, 12 }, // U+1EA8
    { 0x1EAA, 12 }, // U+1EAA
    { 0x1EAC, 12 }, // U+1EAC
    { 0x1EAE, 12 }, // U+1EAE
    { 0x1EB0, 12 }, // U+1EB0
    { 0x1EB2, 12 }, // U+1EB2
    { 0x1EB4, 12 }, // U+1EB4
    { 0x1EB6, 12 }, // U+1EB6
    { 0x1EB8, 15 }, // U+1EB8
    { 0x1EB9, 35 }, // U+1EB9
    { 0x1EBA, 15 }, // U+1EBA
    { 0x1EBB, 35 }, // U+1EBB
    { 0x1EBC, 15 }, // U+1EBC
    { 0x1EBD, 35 }, // U+1EBD
    { 0x1EBE, 15 }, // U+1EBE
    { 0x1EBF, 127 }, // U+1EBF
    { 0x1EC0, 15 }, // U+1EC0
    { 0x1EC1, 127 }, // U+1EC1
    { 0x1EC2, 15 }, // U+1EC2
    { 0x1EC3, 35 }, // U+1EC3
    { 0x1EC4, 15 }, // U+1EC4
    { 0x1EC5, 35 }, // U+1EC5
    { 0x1EC6, 15 }, // U+1EC6
    { 0x1EC7, 35 }, // U+1EC7
    { 0x1EC9, 128 }, // U+1EC9
    { 0x1ECB, 129 }, // U+1ECB
    { 0x1ECC, 11 }, // U+1ECC
    { 0x1ECD, 32 }, // U+1ECD
    { 0x1ECE, 11 }, // U+1ECE
    { 0x1ECF, 32 }, // U+1ECF
    { 0x1ED0, 11 }, // U+1ED0
    { 0x1ED1, 32 }, // U+1ED1
    { 0x1ED2, 11 }, // U+1ED2
    { 0x1ED3, 32 }, // U+1ED3
    { 0x1ED4, 11 }, // U+1ED4
    { 0x1ED5, 32 }, // U+1ED5
    { 0x1ED6, 11 }, // U+1ED6
    { 0x1ED7, 32 }, // U+1ED7
    { 0x1ED8, 11 }, // U+1ED8
    { 0x1ED9, 32 }, // U+1ED9
    { 0x1EDA, 11 }, // U+1EDA
    { 0x1EDB, 130 }, // U+1EDB
    { 0x1EDC, 11 }, // U+1EDC
    { 0x1EDD, 131 }, // U+1EDD
    { 0x1EDE, 11 }, // U+1EDE
    { 0x1EDF, 131 }, // U+1EDF
    { 0x1EE0, 11 }, // U+1EE0
    { 0x1EE1, 131 }, // U+1EE1
    { 0x1EE2, 11 }, // U+1EE2
    { 0x1EE3, 130 }, // U+1EE3
    { 0x1EE4, 26 }, // U+1EE4
    { 0x1EE5, 37 }, // U+1EE5
    { 0x1EE6, 26 }, // U+1EE6
    { 0x1EE7, 37 }, // U+1EE7
    { 0x1EE8, 70 }, // U+1EE8
    { 0x1EE9, 71 }, // U+1EE9
    { 0x1EEA, 70 }, // U+1EEA
    { 0x1EEB, 71 }, // U+1EEB
    { 0x1EEC, 70 }, // U+1EEC
    { 0x1EED, 71 }, // U+1EED
    { 0x1EEE, 70 }, // U+1EEE
    { 0x1EEF, 71 }, // U+1EEF
    { 0x1EF0, 70 }, // U+1EF0
    { 0x1EF1, 71 }, // U+1EF1
    { 0x1EF2, 29 }, // U+1EF2
    { 0x1EF3, 44 }, // U+1EF3
    { 0x1EF4, 29 }, // U+1EF4
    { 0x1EF5, 44 }, // U+1EF5
    { 0x1EF6, 29 }, // U+1EF6
    { 0x1EF7, 44 }, // U+1EF7
    { 0x1EF8, 29 }, // U+1EF8
    { 0x1EF9, 44 }, // U+1EF9
    { 0x2010, 7 }, // U+2010
    { 0x2012, 7 }, // U+2012
    { 0x2013, 7 }, // U+2013
    { 0x2014, 7 }, // U+2014
    { 0x2015, 7 }, // U+2015
    { 0x2018, 132 }, // U+2018
    { 0x2019, 132 }, // U+2019
    { 0x201A, 6 }, // U+201A
    { 0x201C, 132 }, // U+201C
    { 0x201D, 132 }, // U+201D
    { 0x201E, 6 }, // U+201E
    { 0x2022, 7 }, // U+2022
    { 0x2026, 6 }, // U+2026
    { 0x2032, 2 }, // U+2032
    { 0x2033, 2 }, // U+2033
    { 0x2039, 49 }, // U+2039
    { 0x203A, 52 }, // U+203A
    { 0x2044, 133 }, // U+2044
    { 0x2070, 51 }, // U+2070
    { 0x2074, 51 }, // U+2074
    { 0x2075, 51 }, // U+2075
    { 0x2076, 51 }, // U+2076
    { 0x2077, 51 }, // U+2077
    { 0x2078, 51 }, // U+2078
    { 0x2079, 51 }, // U+2079
    { 0xFB02, 39 }, // U+FB02
    { 0xFB8C, 134 }, // U+FB8C
    { 0xFEAD, 134 }, // U+FEAD
    { 0xFEAE, 134 }, // U+FEAE
    { 0xFEAF, 134 }, // U+FEAF
};

static const EpdKernClassEntry nunito_8_regularKernRightClasses[] = {
    { 0x0021, 1 }, // !
    { 0x0022, 2 }, // "
    { 0x0025, 3 }, // %
    { 0x0026, 4 }, // &
    { 0x0027, 2 }, // '
    { 0x0028, 5 }, // (
    { 0x0029, 6 }, // )
    { 0x002A, 7 }, // *
    { 0x002C, 8 }, // ,
    { 0x002D, 9 }, // -
    { 0x002E, 8 }, // .
    { 0x002F, 10 }, // /
    { 0x003A, 11 }, // :
    { 0x003B, 11 }, // ;
    { 0x003F, 12 }, // ?
    { 0x0040, 13 }, // @
    { 0x0041, 14 }, // A
    { 0x0042, 15 }, // B
    { 0x0043, 13 }, // C
    { 0x0044, 15 }, // D
    { 0x0045, 15 }, // E
    { 0x0046, 15 }, // F
    { 0x0047, 13 }, // G
    { 0x0048, 15 }, // H
    { 0x0049, 15 }, // I
    { 0x004A, 16 }, // J
    { 0x004B, 15 }, // K
    { 0x004C, 15 }, // L
    { 0x004D, 15 }, // M
    { 0x004E, 15 }, // N
    { 0x004F, 13 }, // O
    { 0x0050, 15 }, // P
    { 0x0051, 13 }, // Q
    { 0x0052, 15 }, // R
    { 0x0053, 17 }, // S
    { 0x0054, 18 }, // T
    { 0x0055, 19 }, // U
    { 0x0056, 20 }, // V
    { 0x0057, 20 }, // W
    { 0x0058, 21 }, // X
    { 0x0059, 22 }, // Y
    { 0x005A, 23 }, // Z
    { 0x005B, 5 }, // [
    { 0x005C, 24 }, // <backslash>
    { 0x005D, 6 }, // ]
    { 0x005F, 8 }, // _
    { 0x0061, 25 }, // a
    { 0x0062, 26 }, // b
    { 0x0063, 27 }, // c
    { 0x0064, 27 }, // d
    { 0x0065, 27 }, // e
    { 0x0066, 28 }, // f
    { 0x0067, 27 }, // g
    { 0x0068, 26 }, // h
    { 0x0069, 26 }, // i
    { 0x006A, 29 }, // j
    { 0x006B, 26 }, // k
    { 0x006C, 26 }, // l
    { 0x006D, 30 }, // m
    { 0x006E, 30 }, // n
    { 0x006F, 27 }, // o
    { 0x0070, 30 }, // p
    { 0x0071, 27 }, // q
    { 0x0072, 30 }, // r
    { 0x0073, 31 }, // s
    { 0x0074, 32 }, // t
    { 0x0075, 33 }, // u
    { 0x0076, 34 }, // v
    { 0x0077, 34 }, // w
    { 0x0078, 35 }, // x
    { 0x0079, 34 }, // y
    { 0x007A, 36 }, // z
    { 0x007B, 9 }, // {
    { 0x007C, 15 }, // |
    { 0x007D, 6 }, // }
    { 0x00A1, 37 }, // U+00A1
    { 0x00A6, 15 }, // U+00A6
    { 0x00A7, 38 }, // U+00A7
    { 0x00A9, 13 }, // U+00A9
    { 0x00AA, 39 }, // U+00AA
    { 0x00AB, 40 }, // U+00AB
    { 0x00AD, 9 }, // U+00AD
    { 0x00AE, 13 }, // U+00AE
    { 0x00B0, 41 }, // U+00B0
    { 0x00B5, 30 }, // U+00B5
    { 0x00B6, 42 }, // U+00B6
    { 0x00B7, 9 }, // U+00B7
    { 0x00BA, 39 }, // U+00BA
    { 0x00BB, 43 }, // U+00BB
    { 0x00BF, 44 }, // U+00BF
    { 0x00C0, 14 }, // U+00C0
    { 0x00C1, 14 }, // U+00C1
    { 0x00C2, 14 }, // U+00C2
    { 0x00C3, 14 }, // U+00C3
    { 0x00C4, 14 }, // U+00C4
    { 0x00C5, 14 }, // U+00C5
    { 0x00C6, 14 }, // U+00C6
    { 0x00C7, 13 }, // U+00C7
    { 0x00C8, 15 }, // U+00C8
    { 0x00C9, 15 }, // U+00C9
    { 0x00CA, 15 }, // U+00CA
    { 0x00CB, 15 }, // U+00CB
    { 0x00CC, 15 }, // U+00CC
    { 0x00CD, 15 }, // U+00CD
    { 0x00CE, 15 }, // U+00CE
    { 0x00CF, 15 }, // U+00CF
    { 0x00D0, 15 }, // U+00D0
    { 0x00D1, 15 }, // U+00D1
    { 0x00D2, 13 }, // U+00D2
    { 0x00D3, 13 }, // U+00D3
    { 0x00D4, 13 }, // U+00D4
    { 0x00D5, 13 }, // U+00D5
    { 0x00D6, 13 }, // U+00D6
    { 0x00D8, 13 }, // U+00D8
    { 0x00D9, 19 }, // U+00D9
    { 0x00DA, 19 }, // U+00DA
    { 0x00DB, 19 }, // U+00DB
    { 0x00DC, 19 }, // U+00DC
    { 0x00DD, 22 }, // U+00DD
    { 0x00DE, 15 }, // U+00DE
    { 0x00DF, 26 }, // U+00DF
    { 0x00E6, 25 }, // U+00E6
    { 0x00E7, 27 }, // U+00E7
    { 0x00E8, 27 }, // U+00E8
    { 0x00E9, 27 }, // U+00E9
    { 0x00EA, 27 }, // U+00EA
    { 0x00EB, 27 }, // U+00EB
    { 0x00EC, 26 }, // U+00EC
    { 0x00ED, 26 }, // U+00ED
    { 0x00EE, 26 }, // U+00EE
    { 0x00EF, 26 }, // U+00EF
    { 0x00F0, 27 }, // U+00F0
    { 0x00F1, 30 }, // U+00F1
    { 0x00F2, 27 }, // U+00F2
    { 0x00F3, 27 }, // U+00F3
    { 0x00F4, 27 }, // U+00F4
    { 0x00F5, 27 }, // U+00F5
    { 0x00F6, 27 }, // U+00F6
    { 0x00F8, 27 }, // U+00F8
    { 0x00F9, 33 }, // U+00F9
    { 0x00FA, 33 }, // U+00FA
    { 0x00FB, 33 }, // U+00FB
    { 0x00FC, 33 }, // U+00FC
    { 0x00FD, 34 }, // U+00FD
    { 0x00FE, 26 }, // U+00FE
    { 0x00FF, 34 }, // U+00FF
    { 0x0100, 14 }, // U+0100
    { 0x0102, 14 }, // U+0102
    { 0x0104, 14 }, // U+0104
    { 0x0105, 25 }, // U+0105
    { 0x0106, 13 }, // U+0106
    { 0x0107, 27 }, // U+0107
    { 0x0108, 13 }, // U+0108
    { 0x0109, 27 }, // U+0109
    { 0x010A, 13 }, // U+010A
    { 0x010B, 27 }, // U+010B
    { 0x010C, 13 }, // U+010C
    { 0x010D, 27 }, // U+010D
    { 0x010E, 15 }, // U+010E
    { 0x010F, 27 }, // U+010F
    { 0x0110, 15 }, // U+0110
    { 0x0111, 27 }, // U+0111
    { 0x0112, 15 }, // U+0112
    { 0x0113, 27 }, // U+0113
    { 0x0114, 15 }, // U+0114
    { 0x0115, 27 }, // U+0115
    { 0x0116, 15 }, // U+0116
    { 0x0117, 27 }, // U+0117
    { 0x0118, 15 }, // U+0118
    { 0x0119, 27 }, // U+0119
    { 0x011A, 15 }, // U+011A
    { 0x011B, 27 }, // U+011B
    { 0x011C, 13 }, // U+011C
    { 0x011D, 27 }, // U+011D
    { 0x011E, 13 }, // U+011E
    { 0x011F, 27 }, // U+011F
    { 0x0120, 13 }, // U+0120
    { 0x0121, 27 }, // U+0121
    { 0x0122, 13 }, // U+0122
    { 0x0123, 27 }, // U+0123
    { 0x0124, 15 }, // U+0124
    { 0x0125, 26 }, // U+0125
    { 0x0126, 45 }, // U+0126
    { 0x0127, 46 }, // U+0127
    { 0x0128, 15 }, // U+0128
    { 0x0129, 26 }, // U+0129
    { 0x012A, 15 }, // U+012A
    { 0x012B, 26 }, // U+012B
    { 0x012C, 15 }, // U+012C
    { 0x012D, 26 }, // U+012D
    { 0x012E, 15 }, // U+012E
    { 0x012F, 47 }, // U+012F
    { 0x0130, 15 }, // U+0130
    { 0x0131, 30 }, // U+0131
    { 0x0134, 16 }, // U+0134
    { 0x0135, 26 }, // U+0135
    { 0x0136, 15 }, // U+0136
    { 0x0137, 26 }, // U+0137
    { 0x0138, 30 }, // U+0138
    { 0x0139, 15 }, // U+0139
    { 0x013A, 26 }, // U+013A
    { 0x013B, 15 }, // U+013B
    { 0x013C, 26 }, // U+013C
    { 0x013D, 15 }, // U+013D
    { 0x013E, 26 }, // U+013E
    { 0x013F, 15 }, // U+013F
    { 0x0140, 26 }, // U+0140
    { 0x0142, 26 }, // U+0142
    { 0x0143, 15 }, // U+0143
    { 0x0144, 30 }, // U+0144
    { 0x0145, 15 }, // U+0145
    { 0x0146, 30 }, // U+0146
    { 0x0147, 15 }, // U+0147
    { 0x0148, 30 }, // U+0148
    { 0x014A, 15 }, // U+014A
    { 0x014B, 30 }, // U+014B
    { 0x014C, 13 }, // U+014C
    { 0x014D, 27 }, // U+014D
    { 0x014E, 13 }, // U+014E
    { 0x014F, 27 }, // U+014F
    { 0x0150, 13 }, // U+0150
    { 0x0151, 27 }, // U+0151
    { 0x0152, 13 }, // U+0152
    { 0x0153, 27 }, // U+0153
    { 0x0154, 15 }, // U+0154
    { 0x0155, 30 }, // U+0155
    { 0x0156, 15 }, // U+0156
    { 0x0157, 30 }, // U+0157
    { 0x0158, 15 }, // U+0158
    { 0x0159, 30 }, // U+0159
    { 0x015A, 17 }, // U+015A
    { 0x015B, 31 }, // U+015B
    { 0x015C, 17 }, // U+015C
    { 0x015D, 31 }, // U+015D
    { 0x015E, 17 }, // U+015E
    { 0x015F, 31 }, // U+015F
    { 0x0160, 17 }, // U+0160
    { 0x0161, 31 }, // U+0161
    { 0x0162, 18 }, // U+0162
    { 0x0163, 48 }, // U+0163
    { 0x0164, 18 }, // U+0164
    { 0x0165, 49 }, // U+0165
    { 0x0166, 18 }, // U+0166
    { 0x0167, 50 }, // U+0167
    { 0x0168, 19 }, // U+0168
    { 0x0169, 33 }, // U+0169
    { 0x016A, 19 }, // U+016A
    { 0x016B, 33 }, // U+016B
    { 0x016C, 19 }, // U+016C
    { 0x016D, 33 }, // U+016D
    { 0x016E, 19 }, // U+016E
    { 0x016F, 33 }, // U+016F
    { 0x0170, 19 }, // U+0170
    { 0x0171, 33 }, // U+0171
    { 0x0172, 19 }, // U+0172
    { 0x0173, 33 }, // U+0173
    { 0x0174, 20 }, // U+0174
    { 0x0175, 34 }, // U+0175
    { 0x0176, 22 }, // U+0176
    { 0x0177, 34 }, // U+0177
    { 0x0178, 22 }, // U+0178
    { 0x0179, 23 }, // U+0179
    { 0x017A, 36 }, // U+017A
    { 0x017B, 23 }, // U+017B
    { 0x017C, 36 }, // U+017C
    { 0x017D, 23 }, // U+017D
    { 0x017E, 36 }, // U+017E
    { 0x01A0, 13 }, // U+01A0
    { 0x01A1, 27 }, // U+01A1
    { 0x01AF, 19 }, // U+01AF
    { 0x01B0, 33 }, // U+01B0
    { 0x01C4, 15 }, // U+01C4
    { 0x01C5, 15 }, // U+01C5
    { 0x01C6, 27 }, // U+01C6
    { 0x01C7, 15 }, // U+01C7
    { 0x01C8, 15 }, // U+01C8
    { 0x01C9, 26 }, // U+01C9
    { 0x01CA, 15 }, // U+01CA
    { 0x01CB, 15 }, // U+01CB
    { 0x01CC, 30 }, // U+01CC
    { 0x01D4, 33 }, // U+01D4
    { 0x01E5, 27 }, // U+01E5
    { 0x01E6, 13 }, // U+01E6
    { 0x01E7, 27 }, // U+01E7
    { 0x01E9, 26 }, // U+01E9
    { 0x01EA, 13 }, // U+01EA
    { 0x01EB, 27 }, // U+01EB
    { 0x01EF, 36 }, // U+01EF
    { 0x01FA, 14 }, // U+01FA
    { 0x01FC, 14 }, // U+01FC
    { 0x01FD, 25 }, // U+01FD
    { 0x01FE, 13 }, // U+01FE
    { 0x01FF, 27 }, // U+01FF
    { 0x0200, 14 }, // U+0200
    { 0x0202, 14 }, // U+0202
    { 0x0204, 15 }, // U+0204
    { 0x0205, 27 }, // U+0205
    { 0x0206, 15 }, // U+0206
    { 0x0207, 27 }, // U+0207
    { 0x0208, 15 }, // U+0208
    { 0x0209, 26 }, // U+0209
    { 0x020A, 15 }, // U+020A
    { 0x020B, 26 }, // U+020B
    { 0x020C, 13 }, // U+020C
    { 0x020D, 27 }, // U+020D
    { 0x020E, 13 }, // U+020E
    { 0x020F, 27 }, // U+020F
    { 0x0210, 15 }, // U+0210
    { 0x0211, 30 }, // U+0211
    { 0x0212, 15 }, // U+0212
    { 0x0213, 30 }, // U+0213
    { 0x0214, 19 }, // U+0214
    { 0x0215, 33 }, // U+0215
    { 0x0216, 19 }, // U+0216
    { 0x0217, 33 }, // U+0217
    { 0x0218, 17 }, // U+0218
    { 0x0219, 31 }, // U+0219
    { 0x021A, 18 }, // U+021A
    { 0x021B, 48 }, // U+021B
    { 0x021F, 26 }, // U+021F
    { 0x0402, 51 }, // U+0402
    { 0x0404, 52 }, // U+0404
    { 0x0405, 53 }, // U+0405
    { 0x0408, 54 }, // U+0408
    { 0x0409, 55 }, // U+0409
    { 0x040B, 51 }, // U+040B
    { 0x040E, 56 }, // U+040E
    { 0x0410, 57 }, // U+0410
    { 0x0414, 58 }, // U+0414
    { 0x0417, 59 }, // U+0417
    { 0x041B, 55 }, // U+041B
    { 0x041E, 52 }, // U+041E
    { 0x0421, 52 }, // U+0421
    { 0x0422, 51 }, // U+0422
    { 0x0423, 56 }, // U+0423
    { 0x0425, 60 }, // U+0425
    { 0x0427, 61 }, // U+0427
    { 0x042A, 51 }, // U+042A
    { 0x042D, 62 }, // U+042D
    { 0x042F, 63 }, // U+042F
    { 0x0430, 64 }, // U+0430
    { 0x0431, 65 }, // U+0431
    { 0x0432, 66 }, // U+0432
    { 0x0433, 66 }, // U+0433
    { 0x0434, 67 }, // U+0434
    { 0x0435, 68 }, // U+0435
    { 0x0437, 69 }, // U+0437
    { 0x0438, 66 }, // U+0438
    { 0x0439, 66 }, // U+0439
    { 0x043A, 66 }, // U+043A
    { 0x043B, 70 }, // U+043B
    { 0x043C, 66 }, // U+043C
    { 0x043D, 66 }, // U+043D
    { 0x043E, 68 }, // U+043E
    { 0x043F, 66 }, // U+043F
    { 0x0440, 66 }, // U+0440
    { 0x0441, 68 }, // U+0441
    { 0x0442, 71 }, // U+0442
    { 0x0443, 72 }, // U+0443
    { 0x0445, 73 }, // U+0445
    { 0x0446, 66 }, // U+0446
    { 0x0447, 74 }, // U+0447
    { 0x0448, 66 }, // U+0448
    { 0x0449, 66 }, // U+0449
    { 0x044A, 71 }, // U+044A
    { 0x044B, 66 }, // U+044B
    { 0x044C, 66 }, // U+044C
    { 0x044D, 75 }, // U+044D
    { 0x044E, 66 }, // U+044E
    { 0x044F, 76 }, // U+044F
    { 0x0450, 68 }, // U+0450
    { 0x0451, 68 }, // U+0451
    { 0x0452, 77 }, // U+0452
    { 0x0453, 66 }, // U+0453
    { 0x0454, 68 }, // U+0454
    { 0x0455, 78 }, // U+0455
    { 0x0456, 77 }, // U+0456
    { 0x0457, 66 }, // U+0457
    { 0x0458, 77 }, // U+0458
    { 0x0459, 70 }, // U+0459
    { 0x045A, 66 }, // U+045A
    { 0x045B, 77 }, // U+045B
    { 0x045C, 66 }, // U+045C
    { 0x045D, 66 }, // U+045D
    { 0x045E, 72 }, // U+045E
    { 0x045F, 66 }, // U+045F
    { 0x0463, 77 }, // U+0463
    { 0x0472, 52 }, // U+0472
    { 0x0473, 68 }, // U+0473
    { 0x0474, 79 }, // U+0474
    { 0x0475, 72 }, // U+0475
    { 0x048B, 66 }, // U+048B
    { 0x048D, 77 }, // U+048D
    { 0x048F, 66 }, // U+048F
    { 0x0491, 66 }, // U+0491
    { 0x0493, 66 }, // U+0493
    { 0x0495, 66 }, // U+0495
    { 0x0498, 59 }, // U+0498
    { 0x0499, 69 }, // U+0499
    { 0x049B, 66 }, // U+049B
    { 0x049D, 66 }, // U+049D
    { 0x049F, 77 }, // U+049F
    { 0x04A0, 51 }, // U+04A0
    { 0x04A1, 71 }, // U+04A1
    { 0x04A3, 66 }, // U+04A3
    { 0x04A5, 66 }, // U+04A5
    { 0x04A8, 52 }, // U+04A8
    { 0x04A9, 68 }, // U+04A9
    { 0x04AA, 52 }, // U+04AA
    { 0x04AB, 68 }, // U+04AB
    { 0x04AC, 51 }, // U+04AC
    { 0x04AD, 71 }, // U+04AD
    { 0x04AE, 80 }, // U+04AE
    { 0x04AF, 72 }, // U+04AF
    { 0x04B0, 80 }, // U+04B0
    { 0x04B1, 72 }, // U+04B1
    { 0x04B2, 60 }, // U+04B2
    { 0x04B3, 73 }, // U+04B3
    { 0x04B4, 51 }, // U+04B4
    { 0x04B5, 71 }, // U+04B5
    { 0x04B6, 61 }, // U+04B6
    { 0x04B7, 74 }, // U+04B7
    { 0x04B8, 61 }, // U+04B8
    { 0x04B9, 74 }, // U+04B9
    { 0x04BB, 77 }, // U+04BB
    { 0x04C4, 66 }, // U+04C4
    { 0x04C5, 55 }, // U+04C5
    { 0x04C6, 70 }, // U+04C6
    { 0x04C8, 66 }, // U+04C8
    { 0x04CA, 66 }, // U+04CA
    { 0x04CB, 61 }, // U+04CB
    { 0x04CC, 74 }, // U+04CC
    { 0x04CE, 66 }, // U+04CE
    { 0x04CF, 77 }, // U+04CF
    { 0x04D0, 57 }, // U+04D0
    { 0x04D1, 64 }, // U+04D1
    { 0x04D2, 57 }, // U+04D2
    { 0x04D3, 64 }, // U+04D3
    { 0x04D4, 57 }, // U+04D4
    { 0x04D5, 64 }, // U+04D5
    { 0x04D7, 68 }, // U+04D7
    { 0x04D8, 52 }, // U+04D8
    { 0x04D9, 68 }, // U+04D9
    { 0x04DA, 52 }, // U+04DA
    { 0x04DB, 68 }, // U+04DB
    { 0x04DE, 59 }, // U+04DE
    { 0x04DF, 81 }, // U+04DF
    { 0x04E0, 59 }, // U+04E0
    { 0x04E1, 69 }, // U+04E1
    { 0x04E3, 66 }, // U+04E3
    { 0x04E5, 66 }, // U+04E5
    { 0x04E6, 52 }, // U+04E6
    { 0x04E7, 68 }, // U+04E7
    { 0x04E8, 52 }, // U+04E8
    { 0x04E9, 68 }, // U+04E9
    { 0x04EA, 52 }, // U+04EA
    { 0x04EB, 68 }, // U+04EB
    { 0x04EC, 62 }, // U+04EC
    { 0x04ED, 75 }, // U+04ED
    { 0x04EE, 56 }, // U+04EE
    { 0x04EF, 72 }, // U+04EF
    { 0x04F0, 56 }, // U+04F0
    { 0x04F1, 72 }, // U+04F1
    { 0x04F2, 56 }, // U+04F2
    { 0x04F3, 72 }, // U+04F3
    { 0x04F4, 61 }, // U+04F4
    { 0x04F5, 74 }, // U+04F5
    { 0x04F7, 66 }, // U+04F7
    { 0x04F9, 66 }, // U+04F9
    { 0x04FB, 66 }, // U+04FB
    { 0x04FC, 60 }, // U+04FC
    { 0x04FD, 73 }, // U+04FD
    { 0x04FE, 60 }, // U+04FE
    { 0x04FF, 73 }, // U+04FF
    { 0x0512, 55 }, // U+0512
    { 0x0513, 70 }, // U+0513
    { 0x051A, 52 }, // U+051A
    { 0x051B, 68 }, // U+051B
    { 0x051C, 79 }, // U+051C
    { 0x051D, 72 }, // U+051D
    { 0x0525, 66 }, // U+0525
    { 0x0527, 77 }, // U+0527
    { 0x0529, 66 }, // U+0529
    { 0x052E, 55 }, // U+052E
    { 0x052F, 70 }, // U+052F
    { 0x05D0, 82 }, // U+05D0
    { 0x05D1, 83 }, // U+05D1
    { 0x05D2, 84 }, // U+05D2
    { 0x05D3, 85 }, // U+05D3
    { 0x05D4, 86 }, // U+05D4
    { 0x05D6, 87 }, // U+05D6
    { 0x05D7, 88 }, // U+05D7
    { 0x05D8, 89 }, // U+05D8
    { 0x05D9, 90 }, // U+05D9
    { 0x05DA, 91 }, // U+05DA
    { 0x05DB, 92 }, // U+05DB
    { 0x05DC, 93 }, // U+05DC
    { 0x05DD, 94 }, // U+05DD
    { 0x05DE, 95 }, // U+05DE
    { 0x05E1, 96 }, // U+05E1
    { 0x05E2, 97 }, // U+05E2
    { 0x05E3, 98 }, // U+05E3
    { 0x05E4, 99 }, // U+05E4
    { 0x05E5, 100 }, // U+05E5
    { 0x05E7, 101 }, // U+05E7
    { 0x05E8, 102 }, // U+05E8
    { 0x05E9, 103 }, // U+05E9
    { 0x05EA, 104 }, // U+05EA
    { 0x1EA0, 14 }, // U+1EA0
    { 0x1EA2, 14 }, // U+1EA2
    { 0x1EA4, 14 }, // U+1EA4
    { 0x1EA6, 14 }, // U+1EA6
    { 0x1EA8, 14 }, // U+1EA8
    { 0x1EAA, 14 }, // U+1EAA
    { 0x1EAC, 14 }, // U+1EAC
    { 0x1EAE, 14 }, // U+1EAE
    { 0x1EB0, 14 }, // U+1EB0
    { 0x1EB2, 14 }, // U+1EB2
    { 0x1EB4, 14 }, // U+1EB4
    { 0x1EB6, 14 }, // U+1EB6
    { 0x1EB8, 15 }, // U+1EB8
    { 0x1EB9, 27 }, // U+1EB9
    { 0x1EBA, 15 }, // U+1EBA
    { 0x1EBB, 27 }, // U+1EBB
    { 0x1EBC, 15 }, // U+1EBC
    { 0x1EBD, 27 }, // U+1EBD
    { 0x1EBE, 15 }, // U+1EBE
    { 0x1EBF, 27 }, // U+1EBF
    { 0x1EC0, 15 }, // U+1EC0
    { 0x1EC1, 27 }, // U+1EC1
    { 0x1EC2, 15 }, // U+1EC2
    { 0x1EC3, 27 }, // U+1EC3
    { 0x1EC4, 15 }, // U+1EC4
    { 0x1EC5, 27 }, // U+1EC5
    { 0x1EC6, 15 }, // U+1EC6
    { 0x1EC7, 27 }, // U+1EC7
    { 0x1EC8, 15 }, // U+1EC8
    { 0x1EC9, 26 }, // U+1EC9
    { 0x1ECA, 15 }, // U+1ECA
    { 0x1ECB, 26 }, // U+1ECB
    { 0x1ECC, 13 }, // U+1ECC
    { 0x1ECD, 27 }, // U+1ECD
    { 0x1ECE, 13 }, // U+1ECE
    { 0x1ECF, 27 }, // U+1ECF
    { 0x1ED0, 13 }, // U+1ED0
    { 0x1ED1, 27 }, // U+1ED1
    { 0x1ED2, 13 }, // U+1ED2
    { 0x1ED3, 27 }, // U+1ED3
    { 0x1ED4, 13 }, // U+1ED4
    { 0x1ED5, 27 }, // U+1ED5
    { 0x1ED6, 13 }, // U+1ED6
    { 0x1ED7, 27 }, // U+1ED7
    { 0x1ED8, 13 }, // U+1ED8
    { 0x1ED9, 27 }, // U+1ED9
    { 0x1EDA, 13 }, // U+1EDA
    { 0x1EDB, 27 }, // U+1EDB
    { 0x1EDC, 13 }, // U+1EDC
    { 0x1EDD, 27 }, // U+1EDD
    { 0x1EDE, 13 }, // U+1EDE
    { 0x1EDF, 27 }, // U+1EDF
    { 0x1EE0, 13 }, // U+1EE0
    { 0x1EE1, 27 }, // U+1EE1
    { 0x1EE2, 13 }, // U+1EE2
    { 0x1EE3, 27 }, // U+1EE3
    { 0x1EE4, 19 }, // U+1EE4
    { 0x1EE5, 33 }, // U+1EE5
    { 0x1EE6, 19 }, // U+1EE6
    { 0x1EE7, 33 }, // U+1EE7
    { 0x1EE8, 19 }, // U+1EE8
    { 0x1EE9, 33 }, // U+1EE9
    { 0x1EEA, 19 }, // U+1EEA
    { 0x1EEB, 33 }, // U+1EEB
    { 0x1EEC, 19 }, // U+1EEC
    { 0x1EED, 33 }, // U+1EED
    { 0x1EEE, 19 }, // U+1EEE
    { 0x1EEF, 33 }, // U+1EEF
    { 0x1EF0, 19 }, // U+1EF0
    { 0x1EF1, 33 }, // U+1EF1
    { 0x1EF2, 22 }, // U+1EF2
    { 0x1EF3, 34 }, // U+1EF3
    { 0x1EF4, 22 }, // U+1EF4
    { 0x1EF5, 34 }, // U+1EF5
    { 0x1EF6, 22 }, // U+1EF6
    { 0x1EF7, 34 }, // U+1EF7
    { 0x1EF8, 22 }, // U+1EF8
    { 0x1EF9, 34 }, // U+1EF9
    { 0x2010, 9 }, // U+2010
    { 0x2012, 9 }, // U+2012
    { 0x2013, 9 }, // U+2013
    { 0x2014, 9 }, // U+2014
    { 0x2015, 9 }, // U+2015
    { 0x2018, 105 }, // U+2018
    { 0x2019, 105 }, // U+2019
    { 0x201A, 8 }, // U+201A
    { 0x201C, 105 }, // U+201C
    { 0x201D, 105 }, // U+201D
    { 0x201E, 8 }, // U+201E
    { 0x2020, 106 }, // U+2020
    { 0x2021, 107 }, // U+2021
    { 0x2022, 9 }, // U+2022
    { 0x2026, 8 }, // U+2026
    { 0x2030, 3 }, // U+2030
    { 0x2032, 2 }, // U+2032
    { 0x2033, 2 }, // U+2033
    { 0x2039, 40 }, // U+2039
    { 0x203A, 43 }, // U+203A
    { 0x2044, 108 }, // U+2044
    { 0x2081, 109 }, // U+2081
    { 0x2084, 110 }, // U+2084
    { 0xFB01, 28 }, // U+FB01
    { 0xFB02, 28 }, // U+FB02
    { 0xFB8E, 111 }, // U+FB8E
    { 0xFBA6, 111 }, // U+FBA6
    { 0xFBAA, 111 }, // U+FBAA
    { 0xFE8D, 112 }, // U+FE8D
    { 0xFEA3, 111 }, // U+FEA3
    { 0xFEA9, 113 }, // U+FEA9
    { 0xFEB1, 113 }, // U+FEB1
    { 0xFEB3, 113 }, // U+FEB3
    { 0xFEB9, 113 }, // U+FEB9
    { 0xFEBB, 113 }, // U+FEBB
    { 0xFEC1, 113 }, // U+FEC1
    { 0xFEC3, 113 }, // U+FEC3
    { 0xFECB, 112 }, // U+FECB
    { 0xFEDB, 111 }, // U+FEDB
    { 0xFEDF, 112 }, // U+FEDF
    { 0xFEE1, 111 }, // U+FEE1
    { 0xFEE3, 111 }, // U+FEE3
    { 0xFEE9, 111 }, // U+FEE9
    { 0xFEEB, 111 }, // U+FEEB
};

static const int8_t nunito_8_regularKernMatrix[] = {
       0,    0,    0,    0,    0,    1,   -3,    0,   -3,    1,    0,   -2,    0,    0,    0,    8,    0,   -3,    0,   -3,    0,   -3,    0,    0,    0,    0,    0,    0,    0,    0,    0,    0,    0,    0,    0,    0,    0,    0,    0,    0,    0,    0,    0,    2,    0,    0,    0,    0,    0,    0,   -3,    0,    0,    8,    0,    0,    0,    0,    0,    0,    0,    0,    0,    0,    0,    0,    0,    0,    0,    0,    0,    0,    0,    0,    0,    0,    0,    0,   -3,   -3,    0,    0,    0,    0,    0,    0,    0,    0,    0,    0,    0,    0,    0,    0,    0,    0,    0,    0,    0,    0,    0,    0,    0,    0,    0,    0,    0,    0,    0,    0,    0,    0,    0,
       0,    0,    0,    0,    0,    0,    0,    0,    0,    0,    0,    0,    0,    0,    0,    0,    0,    0,    0,    0,    0,    0,    0,    0,    0,    0,    0,    0,    0,    0,    0,    0,    0,    0,    0,    0,    0,    0,    0,    0,    0,    0,    0,    0,    0,    0,    0,    0,    0,    0,    0,    0,    0,    0,  -14,    0,    0,  -12,    0,    0,    0,    0,    0,    0,    0,    0,  -14,    0,  -11,  -18,    0,    0,    0,   -6,   -9,  -15,    0,    0,    0,    0,  -11,    0,    0,    0,    0,    0,    0,    0,    0,    0,    0,    0,    0,    0,    0,    0,    0,    0,    0,    0,    0,    0,    0,    0,    0,    0,    0,    0,    0,    0,    0,    0,    0,
       0,    0,    0,    0,    0,    0,    0,    0,    0,    0,    0,    0,    0,    0,    0,    7,    0,   -7,    0,   -7,   -2,   -7,    0,    0,    1,    0,   -2,    0,    0,    0,    3,    0,    0,   -3,    0,    0,    0,    0,    0,    0,    0,    0,    0,    0,    0,    0,    0,    0,    0,    0,    0,    0,    0,    0,    0,    0,    0,    0,    0,    0,    0,    0,    0,    0,    0,    0,    0,    0,    0,    0,    0,    0,    0,    0,    0,    0,    0,    0,    0,    0,    0,    0,    0,    0,    0,    0,    0,    0,    0,    0,    0,    0,    0,    0,    0,    0,    0,    0,    0,    0,    0,    0,    0,    0,    0,    0,    0,    0,    0,    0,    0,    0,    0,
       1,    0,    0,    0,    0,   11,    0,    0,    0,   11,    0,    7,   -2,    0,    0,    0,    0,   11,    0,    8,    3,    9,    5,    0,    0,    0,   -3,    0,   28,    0,    0,    0,    0,    0,    0,    0,    1,    0,    3,    0,    1,    0,    0,    5,    0,    0,    3,    0,    0,    0,    9,   -2,    0,    0,    0,    0,    0,    0,    0,    3,    0,    0,    0,    0,    0,    0,    0,   -2,    0,    0,    0,    0,    0,    0,    0,    0,    0,    0,    8,    9,    0,    0,    0,    0,    0,    0,    0,    0,    0,    0,    0,    0,    0,    0,    0,    0,    0,    0,    0,    0,    0,    0,    0,    0,    3,    0,    0,    0,    0,    0,    0,    0,    0,
      -3,    0,    0,    0,    0,    0,    0,  -12,  -17,  -29,   -3,    3,    0,  -19,    0,  -15,    0,    3,    0,    3,   -3,    4,   -1,    0,    0,    3,   -4,    7,    0,    0,   -1,    7,    0,    4,    2,    0,   -3,    0,    5,  -11,    0,    0,   -3,  -13,    0,    3,    3,    7,    7,    7,    0,    0,    0,  -15,    0,    0,  -16,    0,    0,   -3,    0,    0,    0,    0,    0,    0,    0,   -4,    0,    0,    0,    3,    0,    0,    0,    0,    0,   -1,    3,    3,    0,    0,    0,    0,    0,    0,    0,    0,    0,    0,    0,    0,    0,    0,    0,    0,    0,    0,    0,    0,    0,    0,    0,    0,    0,    0,    0,    0,    0,    0,    0,    0,    0,
       0,    0,    0,    0,    0,    0,  -14,    0,  -11,   18,    0,  -19,  -10,    5,    0,    9,    3,  -16,   -5,  -14,    3,  -17,    3,    0,   -1,    0,   -6,   -5,    2,    0,    1,   -8,   -1,  -13,    3,    0,    0,    0,  -14,   -8,  -17,    0,    3,    0,    0,    0,    0,   -8,   -8,   -8,  -16,   -8,    3,    9,    0,    0,    5,    0,    0,    3,    0,    0,    0,   -1,    0,    0,    0,   -5,    0,    0,   -9,  -10,    3,  -17,    0,    0,    0,    1,  -12,  -16,    0,    0,    0,    0,    0,    0,    0,    0,    0,    0,    0,    0,    0,    0,    0,    0,    0,    0,    0,    0,    0,    0,    0,    0,  -14,    0,    0,    0,    0,    0,    0,    0,    0,
      -3,    0,    0,    0,    0,    0,  -17,  -11,    0,    0,   -4,   -8,    0,   -5,    0,   -7,   -5,  -12,    0,  -13,   -7,  -13,    0,    0,    0,    0,    4,    0,    0,    0,    1,    0,    0,   -5,   -8,   -3,   -3,    0,  -12,    0,  -14,    0,   -7,  -12,    0,    0,    0,    0,    0,    0,  -12,   -1,   -5,   -7,  -16,  -27,   -4,   -8,    0,   -7,  -13,    0,    0,    0,    0,    0,   -6,    4,    0,  -11,    0,   -4,   -8,    0,    0,    0,    0,    1,  -11,  -12,    0,    0,    0,    0,    0,    0,    0,    0,    0,    0,    0,    0,    0,    0,    0,    0,    0,    0,    0,    0,    0,    0,    0,    0,  -11,    0,    0,    0,    0,    0,    0,    0,    0,
      -3,    0,    0,    0,    0,   11,    0,  -29,  -17,  -11,   -5,   13,   -3,   -5,    0,  -11,    0,   11,    0,   11,    3,   10,    5,    0,  -16,   -1,  -16,    0,    0,  -16,  -16,   -3,  -16,   -8,  -13,  -16,  -16,    0,    7,  -17,    2,    0,  -13,  -16,    0,   -1,   -1,   -3,   -3,   -3,   11,   -3,    0,  -11,    0,    0,   -5,    0,    0,    3,    0,    0,    0,  -16,    0,  -16,    0,  -16,    0,    0,    0,   -8,  -13,    0,    0,    0,   -1,  -16,   11,   10,    0,    0,    0,    0,    0,    0,    0,    0,    0,    0,    0,    0,    0,    0,    0,    0,    0,    0,    0,    0,    0,    0,    0,    0,    9,    0,    0,    0,    0,    0,    0,    0,    0,
       0,    0,    0,    0,    0,    0,   -3,    0,   -4,   15,    0,   -3,    0,    0,    0,    5,    0,   -9,    0,   -7,    0,  -10,    0,    0,    0,    0,    0,    1,    2,    0,    0,    0,    0,    0,    0,    0,    0,    0,    0,    0,    0,    0,    0,    0,    0,    0,    0,    0,    0,    0,   -6,    0,    0,    3,    0,    0,    0,    0,    0,    0,    0,    0,    0,    0,    0,    0,    0,    0,    0,    0,    0,    0,    0,    0,    0,    0,    0,    0,   -3,   -6,    0,    0,    0,    0,    0,    0,    0,    0,    0,    0,    0,    0,    0,    0,    0,    0,    0,    0,    0,    0,    0,    0,    0,    0,   -3,    0,    0,    0,    0,    0,    0,    0,    0,
       0,    0,    0,    0,    0,    1,    1,  -23,   -1,   -3,    0,    1,    0,    0,    0,    0,    0,    0,    0,    0,    0,    0,    0,    0,    0,    0,    0,    0,    0,    0,    0,    0,    0,    0,    0,    0,    0,    0,    6,    2,    3,    0,    2,   -5,    0,    0,    0,    0,    0,    0,    0,    0,    0,    0,    0,    0,    0,    0,    0,    0,    0,    0,    0,    0,    0,    0,    0,    0,    0,    0,    0,    0,    0,    0,    0,    0,    0,    0,    0,    0,    0,    0,    0,    0,    0,    0,    0,    0,    0,    0,    0,    0,    0,    0,    0,    0,    0,    0,    0,    0,    0,    0,    0,    0,    1,    6,    0,    0,    0,    0,    0,    0,    0,
       0,    0,    0,    0,    0,   -2,    0,  -10,    0,   -3,    0,   -2,    0,   -3,    0,   -8,    0,  -12,    0,   -4,   -7,  -12,   -4,    0,    0,    0,    0,    0,    2,    0,    0,    0,    0,    0,    0,    0,    0,    0,    1,   -1,   -2,    0,    0,    0,    0,    0,    0,    0,    0,    0,    0,    0,    0,    0,    0,    0,    0,    0,    0,    0,    0,    0,    0,    0,    0,    0,    0,    0,    0,    0,    0,    0,    0,    0,    0,    0,    0,    0,    0,    0,    0,    0,    0,    0,    0,    0,    0,    0,    0,    0,    0,    0,    0,    0,    0,    0,    0,    0,    0,    0,    0,    0,    0,    0,   -2,    0,    0,    0,    0,    0,    0,    0,    0,
       0,    0,    0,    0,    0,    0,  -19,    5,   -5,    8,    0,  -12,   -3,    0,    0,    5,   -2,  -20,   -1,  -15,   -5,  -17,   -3,    0,    0,    0,   -1,   -2,    0,    0,   -2,   -3,    0,   -7,   -6,    0,    0,    0,  -22,   -4,  -22,    0,   -2,    0,    0,    0,    0,   -3,   -3,   -3,    0,    0,    0,    0,    0,    0,    0,    0,    0,    0,    0,    0,    0,    0,    0,    0,    0,    0,    0,    0,    0,    0,    0,    0,    0,    0,    0,    0,    0,    0,    0,    0,    0,    0,    0,    0,    0,    0,    0,    0,    0,    0,    0,    0,    0,    0,    0,    0,    0,    0,    0,    0,    0,    0,  -15,    0,    0,    0,    0,    0,    0,    0,    0,
       0,    0,    0,    0,    0,    0,    0,   -2,    0,    0,    0,    0,    0,   -2,    0,   -2,    0,   -3,    0,   -3,   -3,   -4,    0,    0,    0,    0,    0,    0,    0,    0,    0,    0,    0,    0,    0,    0,    0,    0,    1,    0,    1,    0,    0,    0,    0,    0,    0,    0,    0,    0,    0,    0,    0,    0,    0,    0,    0,    0,    0,    0,    0,    0,    0,    0,    0,    0,    0,    0,    0,    0,    0,    0,    0,    0,    0,    0,    0,    0,    0,    0,    0,    0,    0,    0,    0,    0,    0,    0,    0,    0,    0,    0,    0,    0,    0,    0,    0,    0,    0,    0,    0,    0,    0,    0,   -1,    0,    0,    0,    0,    0,    0,    0,    0,
       0,    0,    0,   -6,    0,    0,    0,    3,   -8,    5,    0,    5,   -6,   -5,    0,   -2,   -3,   -3,    0,   -4,   -5,   -5,   -2,    0,   -4,    0,   -9,   -4,    0,    0,   -3,   -4,   -3,   -6,   -3,   -4,    0,    0,    1,   -5,    0,    0,    0,    0,    0,    0,    0,   -4,   -4,   -4,    0,    0,    0,    0,    0,    0,    0,    0,    0,    0,    0,    0,    0,    0,    0,    0,    0,    0,    0,    0,    0,    0,    0,    0,    0,    0,    0,    0,    0,    0,    0,    0,    0,    0,    0,    0,    0,    0,    0,    0,    0,    0,    0,    0,    0,    0,    0,    0,    0,    0,    0,    0,    0,    0,    0,    0,    0,    0,    0,    0,    0,    0,    0,
       0,    0,    0,    0,    0,    1,    0,    3,    0,    9,    0,    1,   -1,   -4,    0,    1,   -3,   -3,    0,   -2,   -2,   -2,    0,    0,   -2,    0,   -1,   -1,    0,    0,   -2,   -1,    0,   -2,    0,    0,    0,    0,    0,   -3,    2,    0,    0,    0,    0,    0,    0,   -1,   -1,   -1,    0,    0,    0,    0,    0,    0,    0,    0,    0,    0,    0,    0,    0,    0,    0,    0,    0,    0,    0,    0,    0,    0,    0,    0,    0,    0,    0,    0,    0,    0,    0,    0,    0,    0,    0,    0,    0,    0,    0,    0,    0,    0,    0,    0,    0,    0,    0,    0,    0,    0,    0,    0,    0,    0,    0,    0,    0,    0,    0,    0,    0,    0,    0,
       1,    0,    0,    0,    0,    3,    0,   -7,   -2,   -7,    0,    3,   -5,  -15,    0,  -14,   -6,    0,    0,    1,   -5,   -1,   -3,    0,   -5,    5,   -5,    0,    0,   -3,   -5,    0,   -3,   -1,   -3,   -9,    0,    0,    3,   -6,    3,    0,   -4,    0,    0,    5,    5,    0,    0,    0,    0,    0,    0,    0,    0,    0,    0,    0,    0,    0,    0,    0,    0,    0,    0,    0,    0,    0,    0,    0,    0,    0,    0,    0,    0,    0,    0,    0,    0,    0,    0,    0,    0,    0,    0,    0,    0,    0,    0,    0,    0,    0,    0,    0,    0,    0,    0,    0,    0,    0,    0,    0,    0,    0,    3,    0,    0,    0,    0,    0,    0,    0,    0,
       0,    0,    0,    0,    0,   -2,    0,    0,    0,    2,    0,    0,    0,    0,    0,    0,    0,   -3,    0,   -3,   -1,   -4,    0,    0,    0,    0,    0,    0,    0,    0,    0,    0,    0,    0,    0,    0,    0,    0,   -2,    0,   -1,    0,    0,    0,    0,    0,    0,    0,    0,    0,    0,    0,    0,    0,    0,    0,    0,    0,    0,    0,    0,    0,    0,    0,    0,    0,    0,    0,    0,    0,    0,    0,    0,    0,    0,    0,    0,    0,    0,    0,    0,    0,    0,    0,    0,    0,    0,    0,    0,    0,    0,    0,    0,    0,    0,    0,    0,    0,    0,    0,    0,    0,    0,    0,   -3,    0,    0,    0,    0,    0,    0,    0,    0,
       0,    0,    0,    0,    0,    0,    0,   -4,    0,    0,    0,    0,    0,    0,    0,   -5,    0,    0,    0,    0,    0,    0,    0,    0,    0,    0,    0,    0,    0,    0,    0,    0,    0,    0,    0,    0,    0,    0,    0,    0,    0,    0,    0,    0,    0,    0,    0,    0,    0,    0,    0,    0,    0,    0,    0,    0,    0,    0,    0,    0,    0,    0,    0,    0,    0,    0,    0,    0,    0,    0,    0,    0,    0,    0,    0,    0,    0,    0,    0,    0,    0,    0,    0,    0,    0,    0,    0,    0,    0,    0,    0,    0,    0,    0,    0,    0,    0,    0,    0,    0,    0,    0,    0,    0,    0,    0,    0,    0,    0,    0,    0,    0,    0,
       5,    0,    0,    0,    0,    1,   -5,    3,   -8,   10,    0,    1,   -8,   -7,    0,    8,   -7,   -9,   -3,   -4,   -3,   -9,    0,    0,    0,    3,   -3,   -3,    0,    0,   -3,   -4,   -3,   -7,  -12,   -5,    0,    0,   -2,  -11,    0,    0,   -3,    0,    0,    3,    3,   -4,   -4,   -4,    0,    0,    0,    0,    0,    0,    0,    0,    0,    0,    0,    0,    0,    0,    0,    0,    0,    0,    0,    0,    0,    0,    0,    0,    0,    0,    0,    0,    0,    0,    0,    0,    0,    0,    0,    0,    0,    0,    0,    0,    0,    0,    0,    0,    0,    0,    0,    0,    0,    0,    0,    0,    0,    0,   -1,    0,    0,    0,    0,    0,    0,    0,    0,
       0,    0,    0,    0,    0,    0,  -13,    3,  -10,   12,    2,  -20,  -10,   -5,    0,   11,   -5,  -34,   -7,  -26,   -5,  -31,    0,    0,    0,    0,   -1,   -3,    0,    0,   -2,   -7,   -3,  -11,   -5,    0,    0,    0,  -17,   -5,  -19,    0,    0,    0,    0,    0,    0,   -7,   -7,   -7,    0,    0,    0,    0,    0,    0,    0,    0,    0,    0,    0,    0,    0,    0,    0,    0,    0,    0,    0,    0,    0,    0,    0,    0,    0,    0,    0,    0,    0,    0,    0,    0,    0,    0,    0,    0,    0,    0,    0,    0,    0,    0,    0,    0,    0,    0,    0,    0,    0,    0,    0,    0,    0,    0,  -17,    0,    0,    0,    0,    0,    0,    0,    0,
       1,    0,    0,   -5,    0,   -3,    1,  -14,   -8,  -16,   -2,    1,   -2,  -19,    0,  -17,    0,   -5,    0,    0,   -8,   -1,   -5,    0,   -6,    0,   -6,    0,    0,   -3,   -5,    3,   -2,    0,   -4,   -5,    0,    0,    6,  -10,   12,    0,   -5,    0,    0,    0,    0,    3,    3,    3,    0,    0,    0,    0,    0,    0,    0,    0,    0,    0,    0,    0,    0,    0,    0,    0,    0,    0,    0,    0,    0,    0,    0,    0,    0,    0,    0,    0,    0,    0,    0,    0,    0,    0,    0,    0,    0,    0,    0,    0,    0,    0,    0,    0,    0,    0,    0,    0,    0,    0,    0,    0,    0,    0,    5,    0,    0,    0,    0,    0,    0,    0,    0,
       0,    0,    0,    0,    0,   -2,    0,  -10,    0,   -3,    0,   -2,    0,   -3,    0,   -8,    0,  -12,    0,   -4,   -7,  -12,   -4,    0,    0,    0,    0,    0,    6,    0,    0,    0,    0,    0,    0,    0,    0,    0,    1,   -1,   -2,    0,    0,    0,    0,    0,    0,    0,    0,    0,    0,    0,    0,    0,    0,    0,    0,    0,    0,    0,    0,    0,    0,    0,    0,    0,    0,    0,    0,    0,    0,    0,    0,    0,    0,    0,    0,    0,    0,    0,    0,    0,    0,    0,    0,    0,    0,    0,    0,    0,    0,    0,    0,    0,    0,    0,    0,    0,    0,    0,    0,    0,    0,    0,   -2,    0,    0,    0,    0,    0,    0,    0,    0,
       0,    0,    0,    0,    0,    0,    0,    2,   -4,    7,    0,    0,   -1,   -3,    0,    1,    0,   -5,    0,   -3,   -3,   -2,    0,    0,   -1,    0,   -3,    0,    0,    0,   -3,    0,    0,    0,   -2,   -1,    0,    0,    1,   -4,    6,    0,   -3,    0,    0,    0,    0,    0,    0,    0,    0,    0,    0,    0,    0,    0,    0,    0,    0,    0,    0,    0,    0,    0,    0,    0,    0,    0,    0,    0,    0,    0,    0,    0,    0,    0,    0,    0,    0,    0,    0,    0,    0,    0,    0,    0,    0,    0,    0,    0,    0,    0,    0,    0,    0,    0,    0,    0,    0,    0,    0,    0,    0,    0,    1,    0,    0,    0,    0,    0,    0,    0,    0,
       0,    0,    0,    0,    0,    0,   -3,   -3,    1,    1,    0,    2,    0,   -1,    0,   -2,    0,   -4,    0,   -3,   -3,   -4,   -2,    0,    0,    0,    0,   -1,    0,    0,    0,   -1,    0,   -2,    0,    0,    0,    0,    1,    0,    1,    0,    0,    0,    0,    0,    0,   -1,   -1,   -1,    0,    0,    0,    0,    0,    0,    0,    0,    0,    0,    0,    0,    0,    0,    0,    0,    0,    0,    0,    0,    0,    0,    0,    0,    0,    0,    0,    0,    0,    0,    0,    0,    0,    0,    0,    0,    0,    0,    0,    0,    0,    0,    0,    0,    0,    0,    0,    0,    0,    0,    0,    0,    0,    0,   -4,    0,    0,    0,    0,    0,    0,    0,    0,
       1,    0,    0,   -7,    0,   11,    3,  -16,  -12,  -13,   -9,    4,  -12,  -20,    0,  -15,   -6,    3,    0,    3,    0,    2,   -1,    0,  -20,    7,  -20,   -8,    0,  -20,  -20,   -9,  -19,  -19,  -20,  -20,    0,    0,    4,  -16,    3,    0,  -16,    0,    0,    7,    7,   -9,   -9,   -9,    0,    0,    0,    0,    0,    0,    0,    0,    0,    0,    0,    0,    0,    0,    0,    0,    0,    0,    0,    0,    0,    0,    0,    0,    0,    0,    0,    0,    0,    0,    0,    0,    0,    0,    0,    0,    0,    0,    0,    0,    0,    0,    0,    0,    0,    0,    0,    0,    0,    0,    0,    0,    0,    0,    3,    0,    0,    0,    0,    0,    0,    0,    0,
       0,    0,    0,    0,    0,    0,    0,   -5,    0,   -3,    0,    0,    0,   -1,    0,   -7,    0,    0,    0,    0,   -2,    0,    0,    0,    0,    0,    0,    0,    0,    0,    0,    0,    0,    0,    0,    0,    0,    0,    0,    0,    0,    0,    0,    0,    0,    0,    0,    0,    0,    0,    0,    0,    0,    0,    0,    0,    0,    0,    0,    0,    0,    0,    0,    0,    0,    0,    0,    0,    0,    0,    0,    0,    0,    0,    0,    0,    0,    0,    0,    0,    0,    0,    0,    0,    0,    0,    0,    0,    0,    0,    0,    0,    0,    0,    0,    0,    0,    0,    0,    0,    0,    0,    0,    0,    0,    0,    0,    0,    0,    0,    0,    0,    0,
       1,    0,    0,   -7,    0,    8,    3,  -14,  -13,   -5,   -7,    3,   -4,  -15,    0,  -15,   -3,    3,    0,    0,   -4,    2,    0,    0,  -15,    6,  -16,   -4,    0,  -15,  -16,   -3,  -13,   -7,  -14,  -15,    0,    0,    7,  -17,    5,    0,  -12,    0,    0,    6,    6,   -3,   -3,   -3,    0,    0,    0,    0,    0,    0,    0,    0,    0,    0,    0,    0,    0,    0,    0,    0,    0,    0,    0,    0,    0,    0,    0,    0,    0,    0,    0,    0,    0,    0,    0,    0,    0,    0,    0,    0,    0,    0,    0,    0,    0,    0,    0,    0,    0,    0,    0,    0,    0,    0,    0,    0,    0,    0,    3,    0,    0,    0,    0,    0,    0,    0,    0,
       3,    0,    0,    0,    0,    3,   -3,    3,   -7,    5,    0,    1,   -7,   -5,    0,    5,   -3,    0,   -2,   -4,    0,   -1,    0,    0,    0,    2,   -2,   -5,    0,    0,   -2,   -6,    0,   -6,   -7,   -4,    0,    0,    1,  -11,    0,    0,   -3,    0,    0,    2,    2,   -6,   -6,   -6,    0,    0,    0,    0,    0,    0,    0,    0,    0,    0,    0,    0,    0,    0,    0,    0,    0,    0,    0,    0,    0,    0,    0,    0,    0,    0,    0,    0,    0,    0,    0,    0,    0,    0,    0,    0,    0,    0,    0,    0,    0,    0,    0,    0,    0,    0,    0,    0,    0,    0,    0,    0,    0,    0,    0,    0,    0,    0,    0,    0,    0,    0,    0,
       6,    0,    0,   -3,    0,    9,    4,  -17,  -13,   -7,  -10,    7,  -12,  -17,    4,  -12,   -6,    4,    0,    2,   -1,    1,    0,    0,  -20,    0,  -21,   -7,    0,  -20,  -21,  -10,  -19,  -19,  -21,  -21,    0,    0,    6,  -19,    4,    0,  -16,    0,   10,    0,    0,  -10,  -10,  -10,    0,    0,    0,    0,    0,    0,    0,    0,    0,    0,    0,    0,    0,    0,    0,    0,    0,    0,    0,    0,    0,    0,    0,    0,    0,    0,    0,    0,    0,    0,    0,    0,    0,    0,    0,    0,    0,    0,    0,    0,    0,    0,    0,    0,    0,    0,    0,    0,    0,    0,    0,    0,    0,    0,    3,    0,    0,    0,    0,    0,    0,    0,    0,
       0,    0,    0,    0,    0,    5,   -1,    3,   -5,    7,    0,    1,   -4,   -3,    0,    5,   -2,   -1,    0,   -2,    0,    0,    0,    0,   -3,    0,   -4,   -3,    0,    0,   -3,   -4,   -3,   -7,   -4,   -6,    0,    0,    0,  -14,   -2,    0,   -3,    0,    0,    0,    0,   -4,   -4,   -4,    0,    0,    0,    0,    0,    0,    0,    0,    0,    0,    0,    0,    0,    0,    0,    0,    0,    0,    0,    0,    0,    0,    0,    0,    0,    0,    0,    0,    0,    0,    0,    0,    0,    0,    0,    0,    0,    0,    0,    0,    0,    0,    0,    0,    0,    0,    0,    0,    0,    0,    0,    0,    0,    0,    1,    0,    0,    0,    0,    0,    0,    0,    0,
       0,    0,    0,    0,    0,    0,   -3,    0,    0,    0,    0,   -3,    0,    0,    0,    0,    0,    0,    0,    0,    0,    0,    0,    0,    0,    0,    0,    0,    0,    0,    0,    0,    0,   -1,    0,    0,    0,    0,   -5,    0,   -7,    0,    0,    0,    0,    0,    0,    0,    0,    0,    0,    0,    0,    0,    0,    0,    0,    0,    0,    0,    0,    0,    0,    0,    0,    0,    0,    0,    0,    0,    0,    0,    0,    0,    0,    0,    0,    0,    0,    0,    0,    0,    0,    0,    0,    0,    0,    0,    0,    0,    0,    0,    0,    0,    0,    0,    0,    0,    0,    0,    0,    0,    0,    0,   -5,    0,    0,    0,    0,    0,    0,    0,    0,
       0,    0,    0,    0,    0,   -3,   -4,   -6,    4,    0,    0,   -5,    0,    0,    0,    0,    0,    0,    0,    0,    0,    0,    0,    0,    0,    0,    0,   -1,    0,    0,    0,   -1,    0,   -2,   -3,   -2,    0,    0,   -6,    1,   -8,    0,    3,    0,    0,    0,    0,   -1,   -1,   -1,    0,    0,    0,    0,    0,    0,    0,    0,    0,    0,    0,    0,    0,    0,    0,    0,    0,    0,    0,    0,    0,    0,    0,    0,    0,    0,    0,    0,    0,    0,    0,    0,    0,    0,    0,    0,    0,    0,    0,    0,    0,    0,    0,    0,    0,    0,    0,    0,    0,    0,    0,    0,    0,    0,  -10,    0,    0,    0,    0,    0,    0,    0,    0,
       0,    0,    0,    0,    0,    3,    0,    3,   -3,    1,    1,    0,    0,    0,    0,    0,    0,    0,    0,    0,    0,    0,    0,    0,   -1,    0,   -3,    0,    0,    0,    0,    0,    0,    1,    2,    0,    0,    0,    3,   -1,    2,    0,    0,    0,    0,    0,    0,    0,    0,    0,    0,    0,    0,    0,    0,    0,    0,    0,    0,    0,    0,    0,    0,    0,    0,    0,    0,    0,    0,    0,    0,    0,    0,    0,    0,    0,    0,    0,    0,    0,    0,    0,    0,    0,    0,    0,    0,    0,    0,    0,    0,    0,    0,    0,    0,    0,    0,    0,    0,    0,    0,    0,    0,    0,    1,    0,    0,    0,    0,    0,    0,    0,    0,
       0,    0,    0,    0,    0,    0,    3,    0,    0,    0,    0,    0,    0,    0,    0,    0,    0,    0,    0,    0,    0,    0,    0,    0,    0,    0,    0,    0,    0,    0,    0,    0,    0,    0,    0,    0,    0,    0,    0,    0,    0,    0,    0,    0,    0,    0,    0,    0,    0,    0,    0,    0,    0,    0,    0,    0,    0,    0,    0,    0,    0,    0,    0,    0,    0,    0,    0,    0,    0,    0,    0,    0,    0,    0,    0,    0,    0,    0,    0,    0,    0,    0,    0,    0,    0,    0,    0,    0,    0,    0,    0,    0,    0,    0,    0,    0,    0,    0,    0,    0,    0,    0,    0,    0,    4,    0,    0,    0,    0,    0,    0,    0,    0,
       0,    0,    0,    0,    0,   -3,   -4,    0,    3,    1,    0,   -3,    0,    0,    0,    0,    0,    0,    0,    0,    0,    0,    0,    0,    0,    0,    0,    0,    0,    0,    0,    0,    0,   -2,   -1,   -1,    0,    0,   -3,    1,   -6,    0,    1,    0,    0,    0,    0,    0,    0,    0,    0,    0,    0,    0,    0,    0,    0,    0,    0,    0,    0,    0,    0,    0,    0,    0,    0,    0,    0,    0,    0,    0,    0,    0,    0,    0,    0,    0,    0,    0,    0,    0,    0,    0,    0,    0,    0,    0,    0,    0,    0,    0,    0,    0,    0,    0,    0,    0,    0,    0,    0,    0,    0,    0,   -8,    0,    0,    0,    0,    0,    0,    0,    0,
       4,    0,    0,   -2,    0,   14,    9,   -6,   -2,    0,    1,   13,    0,    0,    0,    0,    0,    0,    0,    0,    0,    0,    0,    0,   -1,    0,   -4,   -4,    0,    0,   -1,   -6,    0,   -2,   -4,   -3,    0,    0,   19,   -3,   12,    0,   -3,    0,    0,    3,    0,   -6,   -6,   -6,    0,    0,    0,    0,    0,    0,    0,    0,    0,    0,    0,    0,    0,    0,    0,    0,    0,    0,    0,    0,    0,    0,    0,    0,    0,    0,    0,    0,    0,    0,    0,    0,    0,    0,    0,    0,    0,    0,    0,    0,    0,    0,    0,    0,    0,    0,    0,    0,    0,    0,    0,    0,    0,    0,   13,    7,    0,    0,    0,    0,    0,    0,    0,
       0,    0,    0,    0,    0,    0,    0,    0,    0,    0,    0,   -3,    0,    0,    0,    0,    0,    0,    0,    0,    0,    0,    0,    0,    0,    0,    0,    0,    0,    0,    0,    0,    0,    0,    0,    0,    0,    0,    0,    0,    0,    0,    0,    0,    0,    0,    0,    0,    0,    0,    0,    0,    0,    0,    0,    0,    0,    0,    0,    0,    0,    0,    0,    0,    0,    0,    0,    0,    0,    0,    0,    0,    0,    0,    0,    0,    0,    0,    0,    0,    0,    0,    0,    0,    0,    0,    0,    0,    0,    0,    0,    0,    0,    0,    0,    0,    0,    0,    0,    0,    0,    0,    0,    0,    0,    0,    0,    0,    0,    0,    0,    0,    0,
       0,    0,    0,    0,    0,    0,   -2,    3,   -8,    5,    0,   -3,    0,    0,    0,    0,    0,    0,    0,    0,    0,    0,    0,    0,   -1,    0,   -3,    0,    0,    0,   -2,   -3,    0,   -4,   -5,   -1,    0,    0,    4,   -5,    0,    0,   -2,    0,    0,    0,    0,   -3,   -3,   -3,    0,    0,    0,    0,    0,    0,    0,    0,    0,    0,    0,    0,    0,    0,    0,    0,    0,    0,    0,    0,    0,    0,    0,    0,    0,    0,    0,    0,    0,    0,    0,    0,    0,    0,    0,    0,    0,    0,    0,    0,    0,    0,    0,    0,    0,    0,    0,    0,    0,    0,    0,    0,    0,    0,   -2,    0,    0,    0,    0,    0,    0,    0,    0,
       0,  -10,   -4,   -1,   -3,    8,   -6,    3,   -2,    9,    0,   -4,   -2,    0,    0,    0,    0,    0,    0,    0,    0,    0,    0,   -3,    0,    0,   -1,   -2,    0,    0,   -1,   -2,    0,   -3,    0,    0,    0,   -2,    0,   -1,  -10,   -3,    0,    3,    0,    0,    0,   -2,   -2,   -2,    0,    0,    0,    0,    0,    0,    0,    0,    0,    0,    0,    0,    0,    0,    0,    0,    0,    0,    0,    0,    0,    0,    0,    0,    0,    0,    0,    0,    0,    0,    0,    0,    0,    0,    0,    0,    0,    0,    0,    0,    0,    0,    0,    0,    0,    0,    0,    0,    0,    0,    0,    0,    0,    0,  -10,    0,    0,    0,    0,    0,    0,    0,    0,
       0,    0,    0,    0,    0,    0,    0,    0,    0,    0,    0,   -2,    0,    0,    0,    0,    0,    0,    0,    0,    0,    0,    0,    0,    0,    0,    0,    0,    1,    0,    0,    0,    0,    0,    0,    0,    0,    0,    0,    0,    0,    0,    0,    0,    0,    0,    0,    0,    0,    0,    0,    0,    0,    0,    0,    0,    0,    0,    0,    0,    0,    0,    0,    0,    0,    0,    0,    0,    0,    0,    0,    0,    0,    0,    0,    0,    0,    0,    0,    0,    0,    0,    0,    0,    0,    0,    0,    0,    0,    0,    0,    0,    0,    0,    0,    0,    0,    0,    0,    0,    0,    0,    0,    0,    0,    0,    0,    0,    0,    0,    0,    0,    0,
       2,    0,    0,   -3,    0,    5,   10,   -6,   -6,   -3,    3,    0,    0,    0,    0,    0,    0,    0,    0,    0,    0,    0,    0,    0,   -1,    0,   -2,    7,    0,    0,   -1,    7,    0,    8,    1,    1,    0,    0,   10,   -5,   10,    0,   -1,    0,    0,    0,    0,    7,    7,    7,    0,    0,    0,    0,    0,    0,    0,    0,    0,    0,    0,    0,    0,    0,    0,    0,    0,    0,    0,    0,    0,    0,    0,    0,    0,    0,    0,    0,    0,    0,    0,    0,    0,    0,    0,    0,    0,    0,    0,    0,    0,    0,    0,    0,    0,    0,    0,    0,    0,    0,    0,    0,    0,    0,    9,    0,    0,    0,    0,    0,    0,    0,    0,
       0,    0,    0,    0,    0,    0,   -1,   -1,    0,    0,    0,   -3,    0,    0,    0,    0,    0,    0,    0,    0,    0,    0,    0,    0,    0,    0,    0,    0,    0,    0,    0,   -1,    0,   -3,   -1,   -1,    0,    0,   -2,    0,   -3,    0,    0,    0,    0,    0,    0,   -1,   -1,   -1,    0,    0,    0,    0,    0,    0,    0,    0,    0,    0,    0,    0,    0,    0,    0,    0,    0,    0,    0,    0,    0,    0,    0,    0,    0,    0,    0,    0,    0,    0,    0,    0,    0,    0,    0,    0,    0,    0,    0,    0,    0,    0,    0,    0,    0,    0,    0,    0,    0,    0,    0,    0,    0,    0,   -8,    0,    0,    0,    0,    0,    0,    0,    0,
       0,    0,    0,    0,    0,   21,    6,    4,   -3,   13,    0,    1,    0,    0,    0,    0,    0,    0,    0,    0,    0,    0,    0,    0,    0,    2,   -1,    1,    0,    0,    0,   -3,    0,    2,    3,    0,    0,    0,    9,   -4,    0,    0,    0,    0,    0,    2,    2,   -3,   -3,   -3,    0,    0,    0,    0,    0,    0,    0,    0,    0,    0,    0,    0,    0,    0,    0,    0,    0,    0,    0,    0,    0,    0,    0,    0,    0,    0,    0,    0,    0,    0,    0,    0,    0,    0,    0,    0,    0,    0,    0,    0,    0,    0,    0,    0,    0,    0,    0,    0,    0,    0,    0,    0,    0,    0,   -1,    0,    0,    0,    0,    0,    0,    0,    0,
       0,    0,    0,   -4,    0,    0,    4,  -13,   -5,   -7,    0,   -5,    0,    0,    0,    0,    0,    0,    0,    0,    0,    0,    0,    0,   -3,    0,   -2,    2,    0,    0,   -3,    6,    0,    5,   -3,   -2,    0,    0,    5,   -4,    3,    0,   -3,    0,    0,    0,    0,    3,   16,   11,    0,    0,    0,    0,    0,    0,    0,    0,    0,    0,    0,    0,    0,    0,    0,    0,    0,    0,    0,    0,    0,    0,    0,    0,    0,    0,    0,    0,    0,    0,    0,    0,    0,    0,    0,    0,    0,    0,    0,    0,    0,    0,    0,    0,    0,    0,    0,    0,    0,    0,    0,    0,    0,    0,    1,    0,    0,    0,    0,    0,    0,    0,    0,
       0,    0,    0,    0,    0,    0,    2,    3,   -8,    3,    0,   -6,    0,    0,    0,    0,    0,    0,    0,    0,    0,    0,    0,    0,   -1,    0,   -3,    0,    0,    0,   -1,    0,    0,   -3,    0,   -1,    0,    0,    4,   -8,   -1,    0,   -3,    0,    0,    0,    0,    0,    0,    0,    0,    0,    0,    0,    0,    0,    0,    0,    0,    0,    0,    0,    0,    0,    0,    0,    0,    0,    0,    0,    0,    0,    0,    0,    0,    0,    0,    0,    0,    0,    0,    0,    0,    0,    0,    0,    0,    0,    0,    0,    0,    0,    0,    0,    0,    0,    0,    0,    0,    0,    0,    0,    0,    0,   -1,    0,    0,    0,    0,    0,    0,    0,    0,
       0,    0,    0,    0,    0,    0,    0,    0,  -10,    0,    0,   -6,    0,    0,    0,    3,    0,    0,    0,    0,    0,    0,    0,    0,   -1,    0,   -3,    0,    0,    0,   -1,    0,    0,   -2,   -1,    0,    0,    0,    0,   -9,   -1,    0,   -3,    0,    0,    0,    0,    0,    0,    0,    0,    0,    0,    0,    0,    0,    0,    0,    0,    0,    0,    0,    0,    0,    0,    0,    0,    0,    0,    0,    0,    0,    0,    0,    0,    0,    0,    0,    0,    0,    0,    0,    0,    0,    0,    0,    0,    0,    0,    0,    0,    0,    0,    0,    0,    0,    0,    0,    0,    0,    0,    0,    0,    0,   -1,    0,    0,    0,    0,    0,    0,    0,    0,
       0,    0,    0,    0,    0,    1,   -3,    0,   -3,    2,    0,   -2,    0,    0,    0,    8,    0,   -3,    0,   -3,    0,   -4,    0,    0,    0,    0,    0,    0,   12,    0,    0,    0,    0,    0,    0,    0,    0,    0,    0,    0,    0,    0,    0,    2,    0,    0,    0,    0,    0,    0,   -3,    0,    0,    8,    0,    0,    0,    0,    0,    0,    0,    0,    0,    0,    0,    0,    0,    0,    0,    0,    0,    0,    0,    0,    0,    0,    0,    0,   -3,   -3,    0,    0,    0,    0,    0,    0,    0,    0,    0,    0,    0,    0,    0,    0,    0,    0,    0,    0,    0,    0,    0,    0,    0,    0,    0,    0,    0,    0,    0,    0,    0,    0,    0,
       0,    0,    0,    0,    0,    3,    5,  -14,  -12,  -28,    0,   11,    1,  -22,    0,  -16,    2,    4,    0,    7,    1,    6,    0,    0,   -1,    0,   -6,   13,    0,    0,   -2,   13,    0,    5,    3,    0,    0,    0,    0,    0,    0,    0,    0,  -13,    0,    0,    0,   13,   13,   13,    0,    0,    0,    0,    0,    0,    0,    0,    0,    0,    0,    0,    0,    0,    0,    0,    0,    0,    0,    0,    0,    0,    0,    0,    0,    0,    0,    0,    0,    0,    0,    0,    0,    0,    0,    0,    0,    0,    0,    0,    0,    0,    0,    0,    0,    0,    0,    0,    0,    0,    0,    0,    0,    0,    0,    0,    0,    0,    0,    0,    0,    0,    0,
       0,    0,    0,    0,    0,    0,   -3,    3,   -7,    3,    0,   -3,    0,   -2,    0,    0,    0,  -16,    0,  -12,   -3,  -16,    0,    0,    1,    0,    3,    0,    0,    0,    0,    0,    0,   -3,   -3,   -3,    0,    0,    0,    0,    0,    0,    0,    5,    0,    0,    0,    0,    0,    0,  -16,    0,    0,    0,    0,    0,   -2,    0,    0,   -3,    0,    0,    0,    1,    0,    0,    0,    3,    0,    0,    0,   -3,   -3,    0,    0,    0,    0,    0,  -11,  -16,    0,    0,    0,    0,    0,    0,    0,    0,    0,    0,    0,    0,    0,    0,    0,    0,    0,    0,    0,    0,    0,    0,    0,    0,    0,    0,    0,    0,    0,    0,    0,    0,    0,
       0,    0,    0,    0,    0,    1,    0,  -17,  -14,  -33,    0,    7,   -2,  -22,    0,  -17,    2,    3,    0,    5,    0,    4,   -2,    0,   -1,    0,   -8,    3,    0,    0,   -4,    4,    0,    3,   -1,    0,    0,    0,    0,    0,    0,    0,    0,  -17,    0,    0,    0,    4,    4,    4,    3,    0,    2,  -17,    0,    0,  -19,    0,    0,    0,    0,    0,    0,   -1,    0,    0,    0,   -8,    0,    0,    0,    3,   -1,    0,    0,    0,    0,   -4,    5,    4,    0,    0,    0,    0,    0,    0,    0,    0,    0,    0,    0,    0,    0,    0,    0,    0,    0,    0,    0,    0,    0,    0,    0,    0,    0,    0,    0,    0,    0,    0,    0,    0,    0,
       0,    0,    0,    0,    0,    0,    0,    0,    0,    0,    0,    0,    0,    0,    0,    0,    0,    0,    0,    0,    0,    0,    0,    0,    0,    0,    0,    0,    0,    0,    0,    0,    0,    0,    0,    0,    0,    0,    0,    0,    0,    0,    0,    0,    0,    0,    0,    0,    0,    0,    0,    0,    0,    0,    0,    0,    0,    0,    0,    0,    0,    0,    0,    0,    0,    0,    0,    0,    0,    0,    0,    0,    0,    0,    0,    0,    0,    0,    0,    0,    0,    0,    0,    0,    0,    0,    0,    0,    0,    0,    0,    0,    0,    0,    0,    0,    0,    0,    0,    0,    0,    0,    0,    0,    0,    0,    0,    1,    0,    0,    0,    0,    0,
       0,    0,    0,    0,    0,    0,  -11,   -8,    0,    0,    0,   -4,   -1,   -4,    0,   -5,   -3,  -16,    0,  -17,  -11,  -19,   -3,    0,    1,    0,    1,    0,    0,    0,    0,    0,    0,   -4,   -8,   -5,    0,    0,    0,    0,    0,    0,    0,    0,    0,    0,    0,    0,    0,    0,  -16,   -1,   -3,   -5,    0,    0,   -4,    0,    0,   -9,    0,    0,    0,    1,    0,    0,    0,    1,    0,    0,    0,   -4,   -8,    0,    0,    0,    0,    0,  -14,  -16,    0,    0,    0,    0,    0,    0,    0,    0,    0,    0,    0,    0,    0,    0,    0,    0,    0,    0,    0,    0,    0,    0,    0,    0,    0,    0,    0,    0,    0,    0,    0,    0,    0,
       0,    0,    0,    0,    0,    9,  -10,    0,  -13,   16,    0,  -11,  -11,    0,    0,   11,   -4,  -17,   -4,  -17,    0,  -17,   -1,    0,    0,   13,   -5,   -3,   45,    0,   -3,   -3,    0,   -5,   -1,   -1,    3,    0,   -9,   -3,  -13,    0,    1,    3,    0,   13,   13,   -3,   -3,   -3,  -17,  -11,   -4,   11,    0,    0,    0,    0,    0,    0,    0,    0,    0,    0,    0,    0,    0,   -3,    0,    0,    0,   -5,   -1,    0,    0,    0,    0,   -3,  -17,  -17,    0,    0,    0,    0,    0,    0,    0,    0,    0,    0,    0,    0,    0,    0,    0,    0,    0,    0,    0,    0,    0,    0,    0,    0,   -7,    0,    0,    0,    0,    0,    0,    0,    0,
       0,    0,    0,    0,    0,   -5,   -2,  -10,    0,   -4,    0,   -7,    0,   -7,    0,  -12,   -1,  -22,    0,   -5,  -11,  -10,   -8,    0,    0,    0,    0,    0,    0,    0,    0,    1,    0,    0,    0,    0,    0,    0,    0,    0,    0,    0,    0,    0,    0,    0,    0,    1,    1,    1,    0,    0,    0,    0,    0,    0,    0,    0,    0,    0,    0,    0,    0,    0,    0,    0,    0,    0,    0,    0,    0,    0,    0,    0,    0,    0,    0,    0,    0,    0,    0,    0,    0,    0,    0,    0,    0,    0,    0,    0,    0,    0,    0,    0,    0,    0,    0,    0,    0,    0,    0,    0,    0,    0,   -1,    0,    0,    0,    0,    0,    0,    0,    0,
      -1,    0,    0,    0,    0,   -2,  -12,    3,    1,    1,    0,  -11,    0,    0,    0,    0,    0,    0,    0,    0,    0,    0,    0,    0,    0,    0,    0,   -2,    0,    0,   -2,   -4,    0,   -7,   -1,    0,    0,    0,    0,    0,    0,    0,    0,    0,    0,    0,    0,   -4,   -4,   -4,    0,    0,    0,    0,    0,    0,    0,    0,    0,    0,    0,    0,    0,    0,    0,    0,    0,    0,    0,    0,    0,    0,    0,    0,    0,    0,    0,    0,    0,    0,    0,    0,    0,    0,    0,    0,    0,    0,    0,    0,    0,    0,    0,    0,    0,    0,    0,    0,    0,    0,    0,    0,    0,    0,  -13,    0,    0,    0,    0,    0,    0,    0,    0,
       0,    0,    0,    0,    0,   18,    3,    0,    0,    0,    0,    3,    0,    0,    0,    0,    0,    0,    0,    0,    0,    0,    0,    0,    0,    4,    0,    0,    0,    0,    0,    0,    0,    0,    0,    0,    0,    0,    0,    0,    0,    0,    0,    0,    0,    4,    4,    0,    0,    0,    0,    0,    0,    0,    0,    0,    0,    0,    0,    0,    0,    0,    0,    0,    0,    0,    0,    0,    0,    0,    0,    0,    0,    0,    0,    0,    0,    0,    0,    0,    0,    0,    0,    0,    0,    0,    0,    0,    0,    0,    0,    0,    0,    0,    0,    0,    0,    0,    0,    0,    0,    0,    0,    0,    4,    0,    0,    0,    0,    0,    0,    0,    0,
       0,    0,    0,    0,    0,    6,   17,    0,    0,    0,    0,    7,    0,    0,    0,    0,    0,    0,    0,    0,    0,    0,    0,    0,    0,    4,    0,    0,    0,    0,    0,    0,    0,    0,    0,    0,    0,    0,    0,    0,    0,    0,    0,    0,    0,    4,    4,    0,    0,    0,    0,    0,    0,    0,    0,    0,    0,    0,    0,    0,    0,    0,    0,    0,    0,    0,    0,    0,    0,    0,    0,    0,    0,    0,    0,    0,    0,    0,    0,    0,    0,    0,    0,    0,    0,    0,    0,    0,    0,    0,    0,    0,    0,    0,    0,    0,    0,    0,    0,    0,    0,    0,    0,    0,   13,    0,    0,    0,    0,    0,    0,    0,    0,
       0,    0,    0,    0,    0,   12,    8,    0,    0,    0,    0,    5,    0,    0,    0,    0,    0,    0,    0,    0,    0,    0,    0,    0,    0,    1,    0,    0,    0,    0,    0,    0,    0,    0,    0,    0,    0,    0,    0,    0,    0,    0,    0,    0,    0,    1,    1,    0,    0,    0,    0,    0,    0,    0,    0,    0,    0,    0,    0,    0,    0,    0,    0,    0,    0,    0,    0,    0,    0,    0,    0,    0,    0,    0,    0,    0,    0,    0,    0,    0,    0,    0,    0,    0,    0,    0,    0,    0,    0,    0,    0,    0,    0,    0,    0,    0,    0,    0,    0,    0,    0,    0,    0,    0,   15,    0,    0,    0,    0,    0,    0,    0,    0,
       0,    0,    0,    0,    0,   15,    9,    0,    0,    0,    0,   17,    0,    0,    0,    0,    0,    0,    0,    0,    0,    0,    0,    0,    0,    5,    0,    0,    0,    0,    0,    0,    0,    0,    0,    0,    0,    0,    0,    0,    0,    0,    0,    0,    0,    5,    5,    0,    0,    0,    0,    0,    0,    0,    0,    0,    0,    0,    0,    0,    0,    0,    0,    0,    0,    0,    0,    0,    0,    0,    0,    0,    0,    0,    0,    0,    0,    0,    0,    0,    0,    0,    0,    0,    0,    0,    0,    0,    0,    0,    0,    0,    0,    0,    0,    0,    0,    0,    0,    0,    0,    0,    0,    0,    3,    0,    0,    0,    0,    0,    0,    0,    0,
       0,    0,    0,    0,    0,   21,   19,    0,    0,    0,    0,    7,    0,    0,    0,    0,    0,    0,    0,    0,    0,    0,    0,    0,    0,    9,    0,    0,    0,    0,    0,    0,    0,    0,    0,    0,    0,    0,    0,    0,    0,    0,    0,    0,    0,    9,    9,    0,    0,    0,    0,    0,    0,    0,    0,    0,    0,    0,    0,    0,    0,    0,    0,    0,    0,    0,    0,    0,    0,    0,    0,    0,    0,    0,    0,    0,    0,    0,    0,    0,    0,    0,    0,    0,    0,    0,    0,    0,    0,    0,    0,    0,    0,    0,    0,    0,    0,    0,    0,    0,    0,    0,    0,    0,   18,    0,    0,    0,    0,    0,    0,    0,    0,
       0,    0,    0,    0,    0,   15,    7,    0,    0,    0,    0,    9,    0,    0,    0,    0,    0,    0,    0,    0,    0,    0,    0,    0,    0,    2,    0,    0,    0,    0,    0,    0,    0,    0,    0,    0,    0,    0,    0,    0,    0,    0,    0,    0,    0,    2,    2,    0,    0,    0,    0,    0,    0,    0,    0,    0,    0,    0,    0,    0,    0,    0,    0,    0,    0,    0,    0,    0,    0,    0,    0,    0,    0,    0,    0,    0,    0,    0,    0,    0,    0,    0,    0,    0,    0,    0,    0,    0,    0,    0,    0,    0,    0,    0,    0,    0,    0,    0,    0,    0,    0,    0,    0,    0,   18,    0,    0,    0,    0,    0,    0,    0,    0,
       0,    0,    0,    0,    0,   15,    9,    0,    0,    0,    0,    5,    0,    0,    0,    0,    0,    0,    0,    0,    0,    0,    0,    0,    0,    2,    0,    0,    0,    0,    0,    0,    0,    0,    0,    0,    0,    0,    0,    0,    0,    0,    0,    0,    0,    2,    2,    0,    0,    0,    0,    0,    0,    0,    0,    0,    0,    0,    0,    0,    0,    0,    0,    0,    0,    0,    0,    0,    0,    0,    0,    0,    0,    0,    0,    0,    0,    0,    0,    0,    0,    0,    0,    0,    0,    0,    0,    0,    0,    0,    0,    0,    0,    0,    0,    0,    0,    0,    0,    0,    0,    0,    0,    0,    4,    0,    0,    0,    0,    0,    0,    0,    0,
       0,    0,    0,    0,    0,    5,   17,    0,    0,    0,    0,   14,    0,    0,    0,    0,    0,    0,    0,    0,    0,    0,    0,    0,    0,    4,    0,    0,    0,    0,    0,    0,    0,    0,    0,    0,    0,    0,    0,    0,    0,    0,    0,    0,    0,    4,    4,    0,    0,    0,    0,    0,    0,    0,    0,    0,    0,    0,    0,    0,    0,    0,    0,    0,    0,    0,    0,    0,    0,    0,    0,    0,    0,    0,    0,    0,    0,    0,    0,    0,    0,    0,    0,    0,    0,    0,    0,    0,    0,    0,    0,    0,    0,    0,    0,    0,    0,    0,    0,    0,    0,    0,    0,    0,   10,    0,    0,    0,    0,    0,    0,    0,    0,
       0,    0,    0,    0,    0,    0,  -13,    3,  -10,   12,    2,  -20,  -10,   -5,    0,   11,   -5,  -54,   -7,  -26,   -5,  -55,    0,    0,    0,    0,   -1,   -3,    0,    0,   -2,   -7,   -3,  -11,   -5,    0,    0,    0,  -17,   -5,  -19,    0,    0,    0,    0,    0,    0,   -7,   -7,   -7,    0,    0,    0,    0,    0,    0,    0,    0,    0,    0,    0,    0,    0,    0,    0,    0,    0,    0,    0,    0,    0,    0,    0,    0,    0,    0,    0,    0,    0,    0,    0,    0,    0,    0,    0,    0,    0,    0,    0,    0,    0,    0,    0,    0,    0,    0,    0,    0,    0,    0,    0,    0,    0,    0,  -17,    0,    0,    0,    0,    0,    0,    0,    0,
       2,    2,    1,    0,    0,    7,    2,    3,   -1,    9,    0,    3,    0,    0,    0,    0,    0,    0,    0,    0,    0,    0,    0,    9,    0,    1,   -1,    0,    1,    0,   -1,    0,    0,   -2,    0,    0,    0,    0,    0,   -3,    3,    2,    0,    0,    0,    1,    1,    0,    0,    0,    0,    0,    0,    0,    0,    0,    0,    0,    0,    0,    0,    0,    0,    0,    0,    0,    0,    0,    0,    0,    0,    0,    0,    0,    0,    0,    0,    0,    0,    0,    0,    0,    0,    0,    0,    0,    0,    0,    0,    0,    0,    0,    0,    0,    0,    0,    0,    0,    0,    0,    0,    0,    0,    0,    2,    2,    2,    0,    0,    0,    0,    0,    0,
       0,  -10,   -4,   -1,   -3,    8,   -6,    3,   -2,    9,    0,   -4,   -2,    0,    0,    0,    0,    0,    0,    0,    0,    0,    0,   -3,    0,    0,   -1,    5,    0,    0,   -1,    5,    0,   -3,    0,    0,    0,   -2,    0,   -1,  -10,   -3,    0,    3,    0,    0,    0,    5,    5,    5,    0,    0,    0,    0,    0,    0,    0,    0,    0,    0,    0,    0,    0,    0,    0,    0,    0,    0,    0,    0,    0,    0,    0,    0,    0,    0,    0,    0,    0,    0,    0,    0,    0,    0,    0,    0,    0,    0,    0,    0,    0,    0,    0,    0,    0,    0,    0,    0,    0,    0,    0,    0,    0,    0,  -10,    0,    0,    0,    0,    0,    0,    0,    0,
       2,    0,    0,   -3,    0,   16,   10,   -6,   -6,   -3,    3,    0,    0,    0,    0,    0,    0,    0,    0,    0,    0,    0,    0,    0,   -1,    0,   -2,    7,    0,    0,   -1,    7,    0,    8,    1,    1,    0,    0,   10,   -5,   10,    0,   -1,    0,    0,    0,    0,    7,    7,    7,    0,    0,    0,    0,    0,    0,    0,    0,    0,    0,    0,    0,    0,    0,    0,    0,    0,    0,    0,    0,    0,    0,    0,    0,    0,    0,    0,    0,    0,    0,    0,    0,    0,    0,    0,    0,    0,    0,    0,    0,    0,    0,    0,    0,    0,    0,    0,    0,    0,    0,    0,    0,    0,    0,    9,    0,    0,    0,    0,    0,    0,    0,    0,
       0,    0,    0,    0,    0,   21,    6,    4,   -3,   13,    0,    1,    0,    0,    0,    0,    0,    0,    0,    0,    0,    0,    0,    0,    0,    4,   -1,    1,    0,    0,    0,   -3,    0,    2,    3,    0,    0,    0,    9,   -4,    0,    0,    0,    0,    0,    4,    4,   -3,   -3,   -3,    0,    0,    0,    0,    0,    0,    0,    0,    0,    0,    0,    0,    0,    0,    0,    0,    0,    0,    0,    0,    0,    0,    0,    0,    0,    0,    0,    0,    0,    0,    0,    0,    0,    0,    0,    0,    0,    0,    0,    0,    0,    0,    0,    0,    0,    0,    0,    0,    0,    0,    0,    0,    0,    0,   -1,    0,    0,    0,    0,    0,    0,    0,    0,
       0,    0,    0,    0,    0,   -3,   -6,   -6,    4,    0,    0,   -6,    0,    0,    0,    0,    0,    0,    0,    0,    0,    0,    0,    0,    0,    0,    0,   -1,    0,    0,    0,   -1,    0,   -2,   -3,   -2,    0,    0,   -6,    1,   -8,    0,    3,    0,    0,    0,    0,   -1,   -1,   -1,    0,    0,    0,    0,    0,    0,    0,    0,    0,    0,    0,    0,    0,    0,    0,    0,    0,    0,    0,    0,    0,    0,    0,    0,    0,    0,    0,    0,    0,    0,    0,    0,    0,    0,    0,    0,    0,    0,    0,    0,    0,    0,    0,    0,    0,    0,    0,    0,    0,    0,    0,    0,    0,    0,  -10,    0,    0,    0,    0,    0,    0,    0,    0,
       5,    0,    0,    0,    0,    7,    3,   -5,    0,   -3,    0,    7,    0,    0,    0,   -7,    0,    9,    0,    1,    1,   11,    5,    0,    0,    0,    0,    0,    0,    0,    0,    0,    0,    0,    0,    0,    0,    0,    3,    0,    3,    0,    0,    0,    0,    0,    0,    0,    0,    0,    0,    0,    0,    0,    0,    0,    0,    0,    0,    0,    0,    0,    0,    0,    0,    0,    0,    0,    0,    0,    0,    0,    0,    0,    0,    0,    0,    0,    0,    0,    0,    0,    0,    0,    0,    0,    0,    0,    0,    0,    0,    0,    0,    0,    0,    0,    0,    0,    0,    0,    0,    0,    0,    0,    5,    0,    0,    0,    0,    0,    0,    0,    0,
       8,    0,    0,    0,    0,    9,   22,   -2,   -4,    0,    0,   20,    0,    0,    0,    0,    0,    0,    0,    0,    0,    0,    0,    0,    0,    4,    0,    5,    0,    1,    0,    1,    0,    1,    0,    0,    0,    0,    3,   -2,   20,    0,    0,    0,    0,    4,    4,    1,    1,    1,    0,    0,    0,    0,    0,    0,    0,    0,    0,    0,    0,    0,    0,    0,    0,    0,    0,    0,    0,    0,    0,    0,    0,    0,    0,    0,    0,    0,    0,    0,    0,    0,    0,    0,    0,    0,    0,    0,    0,    0,    0,    0,    0,    0,    0,    0,    0,    0,    0,    0,    0,    0,    0,    0,   17,    0,    0,    0,    0,    0,    0,    0,    0,
       0,    0,    0,    0,    0,    2,    6,    0,    0,    0,    0,    2,    0,    0,    0,    0,    0,    0,    0,    0,    0,    0,    0,    0,    0,    2,    0,    0,    0,    0,    0,    0,    0,    0,    0,    0,    0,    0,    0,    0,    0,    0,    0,    0,    0,    2,    2,    0,    0,    0,    0,    0,    0,    0,    0,    0,    0,    0,    0,    0,    0,    0,    0,    0,    0,    0,    0,    0,    0,    0,    0,    0,    0,    0,    0,    0,    0,    0,    0,    0,    0,    0,    0,    0,    0,    0,    0,    0,    0,    0,    0,    0,    0,    0,    0,    0,    0,    0,    0,    0,    0,    0,    0,    0,    7,    0,    0,    0,    0,    0,    0,    0,    0,
       0,    0,    0,    0,    0,    9,   19,    0,    0,    0,    0,   12,    0,    0,    0,    0,    0,    0,    0,    0,    0,    0,    0,    0,    0,    6,    0,    0,    0,    0,    0,    0,    0,    0,    0,    0,    0,    0,    0,    0,    0,    0,    0,    0,    0,    6,    6,    0,    0,    0,    0,    0,    0,    0,    0,    0,    0,    0,    0,    0,    0,    0,    0,    0,    0,    0,    0,    0,    0,    0,    0,    0,    0,    0,    0,    0,    0,    0,    0,    0,    0,    0,    0,    0,    0,    0,    0,    0,    0,    0,    0,    0,    0,    0,    0,    0,    0,    0,    0,    0,    0,    0,    0,    0,   17,    0,    0,    0,    0,    0,    0,    0,    0,
       0,    0,    0,    0,    0,    1,    0,    3,    0,    9,    0,    1,    0,    0,    0,    0,    0,    0,    0,    0,    0,    0,    0,    0,    0,    0,    0,    0,    0,    0,    0,    0,    0,    0,    0,    0,    0,    0,    0,   -3,    1,    0,    0,    0,    0,    0,    0,    0,    0,    0,   -3,   -1,   -3,    1,    0,    0,   -4,    0,    0,   -2,    0,    0,    0,    0,    0,    0,    0,    0,    0,    0,    0,    0,    0,    0,    0,    0,    0,    0,   -2,   -2,    0,    0,    0,    0,    0,    0,    0,    0,    0,    0,    0,    0,    0,    0,    0,    0,    0,    0,    0,    0,    0,    0,    0,    0,    0,    0,    0,    0,    0,    0,    0,    0,    0,
       0,    0,    0,    0,    0,    0,    0,    0,    0,    0,    0,    0,    0,    0,    0,    0,    0,    0,    0,    0,    0,    0,    0,    0,    0,    0,    0,    0,    0,    0,    0,    0,    0,    0,    0,    0,    0,    0,    0,    0,    0,    0,    0,    0,    0,    0,    0,    0,    0,    0,  -20,    0,    0,    0,    0,  -17,    0,    0,    0,    0,    0,    0,    0,    0,    0,    0,    0,    0,    0,    0,    0,    0,    0,    0,    0,    0,    0,    0,    0,    0,    0,    0,    0,    0,    0,    0,    0,    0,    0,    0,    0,    0,    0,    0,    0,    0,    0,    0,    0,    0,    0,    0,    0,    0,    0,    0,    0,    0,    0,    0,    0,    0,    0,
       0,    0,    0,    0,    0,    0,    0,    0,    0,    0,    0,    0,    0,    0,    0,    0,    0,    0,    0,    0,    0,    0,    0,    0,    0,    0,    0,    0,    0,    0,    0,    0,    0,    0,    0,    0,    0,    0,    0,    0,    0,    0,    0,    0,    0,    0,    0,    0,    0,    0,    0,   -3,    0,    0,   -7,    0,  -24,   -7,    0,    0,    0,    0,   -3,  -36,  -17,  -21,  -38,  -32,  -24,  -38,  -19,  -24,  -21,  -33,  -35,  -32,    0,  -29,    0,    0,  -44,    0,    0,    0,    0,    0,    0,    0,    0,    0,    0,    0,    0,    0,    0,    0,    0,    0,    0,    0,    0,    0,    0,    0,    0,    0,    0,    0,    0,    0,    0,    0,    0,
       0,    0,    0,    0,    0,    0,    0,    3,   -4,    5,    0,    5,    0,    0,    0,    0,    0,    0,    0,    0,    0,    0,    0,    0,    0,    0,    0,    0,    0,    0,    0,    0,    0,    0,    0,    0,    0,    0,    0,   -5,    0,    0,    0,    0,    0,    0,    0,    0,    0,    0,   -3,   -3,   -3,   -2,    0,    0,   -5,    0,    0,   -5,    0,    0,    0,   -3,    0,    0,    0,   -3,    0,    0,    0,   -4,   -3,    0,    0,    0,    0,   -3,   -4,   -5,    0,    0,    0,    0,    0,    0,    0,    0,    0,    0,    0,    0,    0,    0,    0,    0,    0,    0,    0,    0,    0,    0,    0,    0,    0,    0,    0,    0,    0,    0,    0,    0,    0,
       0,    0,    0,    0,    0,    0,   -1,   -3,    1,    1,    0,    2,    0,    0,    0,    0,    0,    0,    0,    0,    0,    0,    0,    0,    0,    0,    0,    0,    0,    0,    0,    0,    0,    0,    0,    0,    0,    0,    0,    0,    2,    0,    0,    0,    0,    0,    0,    0,    0,    0,   -4,    0,    0,   -2,    0,    0,   -1,    0,    0,   -3,    0,    0,    0,    0,    0,    0,    0,    0,    0,    0,    0,   -2,    0,    0,    0,    0,    0,    0,   -3,   -4,    0,    0,    0,    0,    0,    0,    0,    0,    0,    0,    0,    0,    0,    0,    0,    0,    0,    0,    0,    0,    0,    0,    0,    0,    0,    0,    0,    0,    0,    0,    0,    0,    0,
       0,    0,    0,    0,    0,    0,    0,   -4,    0,    0,    0,    0,    0,    0,    0,    0,    0,    0,    0,    0,    0,    0,    0,    0,    0,    0,    0,    0,    0,    0,    0,    0,    0,    0,    0,    0,    0,    0,    0,    0,    0,    0,    0,    0,    0,    0,    0,    0,    0,    0,    0,    0,    0,   -5,    0,    0,    0,    0,    0,    0,    0,    0,    0,    0,    0,    0,    0,    0,    0,    0,    0,    0,    0,    0,    0,    0,    0,    0,    0,    0,    0,    0,    0,    0,    0,    0,    0,    0,    0,    0,    0,    0,    0,    0,    0,    0,    0,    0,    0,    0,    0,    0,    0,    0,    0,    0,    0,    0,    0,    0,    0,    0,    0,
       0,    0,    0,    0,    0,    0,    0,    0,    0,    0,    0,    0,    0,    0,    0,    0,    0,    0,    0,    0,    0,    0,    0,    0,    0,    0,    0,    0,    0,    0,    0,    0,    0,    0,    0,    0,    0,    0,    0,    0,    0,    0,    0,    0,    0,    0,    0,    0,    0,    0,  -26,    0,    0,    0,    0,  -14,   -1,   -3,    0,   -3,    0,    0,    0,    0,    0,    0,    0,    0,    0,    0,    0,    0,    0,    0,    0,    0,    0,    0,    0,    0,    0,    0,    0,    0,    0,    0,    0,    0,    0,    0,    0,    0,    0,    0,    0,    0,    0,    0,    0,    0,    0,    0,    0,    0,    0,    0,    0,    0,    0,    0,    0,    0,    0,
       0,    0,    0,    0,    0,    1,   -5,    3,   -8,   10,    0,    0,    0,    0,    0,    0,    0,    0,    0,    0,    0,    0,    0,    0,    0,    0,    0,    0,    0,    0,    0,    0,    0,    0,    0,    0,    0,    0,    0,   -8,    0,    0,   -3,    0,    0,    0,    0,    0,    0,    0,    0,   -8,   -7,    8,    0,    0,   -5,    0,    0,   -3,    0,    0,    0,    0,    0,    0,    0,   -1,    0,    0,    0,   -6,   -5,    0,    0,    0,    0,   -3,   -3,   -3,    0,    0,    0,    0,    0,    0,    0,    0,    0,    0,    0,    0,    0,    0,    0,    0,    0,    0,    0,    0,    0,    0,    0,    0,   -1,    0,    0,    0,    0,    0,    0,    0,    0,
       0,    0,    0,    0,    0,    0,    0,    0,    0,    0,    0,    0,    0,    0,    0,    0,    0,    0,    0,    0,    0,    0,    0,    0,    0,    0,    0,    0,    0,    0,    0,    0,    0,    0,    0,    0,    0,    0,    0,    0,    0,    0,    0,    0,    0,    0,    0,    0,    0,    0,    0,   -8,    0,    0,    0,    0,    0,  -16,    0,    0,    0,    0,    0,    0,    0,  -13,    0,  -17,  -10,  -21,   -1,    0,    0,    0,    0,    0,    0,  -17,    0,    0,  -10,    0,    0,    0,    0,    0,    0,    0,    0,    0,    0,    0,    0,    0,    0,    0,    0,    0,    0,    0,    0,    0,    0,    0,    0,    0,    0,    0,    0,    0,    0,    0,    0,
       0,    0,    0,    0,    0,    0,  -16,    5,   -4,    8,    0,  -12,    0,    0,    0,    0,    0,    0,    0,    0,    0,    0,    0,    0,    0,    0,    0,    0,    0,    0,    0,    0,    0,    0,    0,    0,    0,    0,    0,   -4,  -19,    0,   -3,    0,    0,    0,    0,    0,    0,    0,  -22,   -6,   -2,    5,    0,  -14,    0,    0,    0,   -4,  -10,    0,    0,    0,   -5,    0,    0,    0,    0,    0,   -8,   -6,   -5,   -9,    0,    0,    0,   -2,  -17,  -21,    0,    0,    0,    0,    0,    0,    0,    0,    0,    0,    0,    0,    0,    0,    0,    0,    0,    0,    0,    0,    0,    0,    0,    0,  -14,    0,    0,    0,    0,    0,    0,    0,    0,
       0,    0,    0,    0,    0,    0,    0,    0,    0,    0,    0,    0,    0,    0,    0,    0,    0,    0,    0,    0,    0,    0,    0,    0,    0,    0,    0,    0,    0,    0,    0,    0,    0,    0,    0,    0,    0,    0,    0,    0,    0,    0,    0,    0,    0,    0,    0,    0,    0,    0,    0,    0,    0,    0,    0,    0,    0,   -4,    0,    0,    0,    0,   -2,    0,    0,    0,    0,    0,    0,    0,    0,    0,    0,    0,    0,    0,    0,    0,    0,    0,    0,    0,    0,    0,    0,    0,    0,    0,    0,    0,    0,    0,    0,    0,    0,    0,    0,    0,    0,    0,    0,    0,    0,    0,    0,    0,    0,    0,    0,    0,    0,    0,    0,
       0,    0,    0,    0,    0,    0,    0,   -2,    0,    0,    0,    0,    0,    0,    0,    0,    0,    0,    0,    0,    0,    0,    0,    0,    0,    0,    0,    0,    0,    0,    0,    0,    0,    0,    0,    0,    0,    0,    0,    0,    1,    0,    0,    0,    0,    0,    0,    0,    0,    0,   -3,    0,    0,   -3,   -3,   -8,   -3,    1,    0,   -3,    0,    0,    0,    0,    0,    0,    0,    0,    0,    0,    0,    0,    0,    0,    0,    0,    0,    0,   -3,   -4,    0,    0,    0,    0,    0,    0,    0,    0,    0,    0,    0,    0,    0,    0,    0,    0,    0,    0,    0,    0,    0,    0,    0,    0,   -1,    0,    0,    0,    0,    0,    0,    0,    0,
       0,  -11,    0,    0,    0,    0,    0,    0,  -13,    0,    0,    0,    0,    0,    0,    0,    0,    0,    0,    0,    0,    0,    0,    0,    0,    0,    0,    0,    0,    0,    0,    0,    0,    0,    0,    0,    0,    0,    0,    0,    0,    0,    0,    0,    0,    0,    0,    0,    0,    0,   -8,    0,    0,    0,    0,    0,    0,    0,    0,    0,   -6,    0,    0,    0,    0,    0,    0,    0,    0,    0,   -3,   -5,    0,    0,    0,    0,    0,    0,    0,    0,    0,    0,    0,    0,    0,    0,    0,    0,    0,    0,    0,    0,    0,    0,    0,    0,    0,    0,    0,    0,    0,    0,    0,    0,    0,    0,    0,    0,    0,    0,    0,    0,    0,
       0,    0,    0,    0,    0,    1,   -5,    3,  -15,   10,    0,    0,    0,    0,    0,    0,    0,    0,    0,    0,    0,    0,    0,    0,    0,    0,    0,    0,    0,    0,    0,    0,    0,    0,    0,    0,    0,    0,    0,   -8,    0,    0,   -3,    0,    0,    0,    0,    0,    0,    0,    0,   -2,   -2,    8,    0,    0,   -5,    0,    5,   -3,    5,    4,    0,    0,   -6,    0,    0,   -2,    0,    0,   -8,   -6,   -5,   -3,    0,    0,    0,   -3,   -3,   -3,    0,    0,    0,    0,    0,    0,    0,    0,    0,    0,    0,    0,    0,    0,    0,    0,    0,    0,    0,    0,    0,    0,    0,    0,   -1,    0,    0,    0,    0,    0,    0,    0,    0,
       0,    0,    0,    0,    0,   -2,    0,   -8,   -5,   -3,    0,    0,    0,    0,    0,    0,    0,    0,    0,    0,    0,    0,    0,    0,    0,    0,    0,    0,    0,    0,    0,    0,    0,    0,    0,    0,    0,    0,    0,   -1,    0,    0,    0,    0,    0,    0,    0,    0,    0,    0,  -12,    0,    0,   -8,    0,   -5,   -4,   -5,    0,   -7,    0,    0,    0,    0,    0,    0,   -3,    0,    0,   -3,    0,    0,    0,    0,    0,    0,    0,    0,   -4,  -12,    0,    0,    0,    0,    0,    0,    0,    0,    0,    0,    0,    0,    0,    0,    0,    0,    0,    0,    0,    0,    0,    0,    0,    0,   -3,    0,    0,    0,    0,    0,    0,    0,    0,
       1,    0,    0,    0,    0,   -3,    1,  -14,   -8,  -16,   -3,    1,    0,    0,    0,    0,    0,    0,    0,    0,    0,    0,    0,    0,    0,    0,    0,    0,    0,    0,    0,    0,    0,    0,    0,    0,    0,    0,    0,   -9,   12,    0,   -5,    0,    0,    0,    0,    0,    0,    0,   -5,   -3,    0,  -17,  -11,    0,  -20,  -13,    0,   -8,    0,    0,    0,   -3,    0,   -3,    0,   -4,    0,    0,    0,    0,   -3,    0,    0,    0,    0,   -4,    0,   -1,    0,    0,    0,    0,    0,    0,    0,    0,    0,    0,    0,    0,    0,    0,    0,    0,    0,    0,    0,    0,    0,    0,    0,    0,    6,    0,    0,    0,    0,    0,    0,    0,    0,
       1,    0,    0,    0,    0,    9,    0,  -16,  -12,  -13,   -9,    4,    0,    0,    0,    0,    0,    0,    0,    0,    0,    0,    0,    0,    0,    0,    0,    0,    0,    0,    0,    0,    0,    0,    0,    0,    0,    0,    0,  -16,    3,    0,  -16,    0,    0,    0,    0,    0,    0,    0,    3,  -11,   -6,  -15,   -7,    0,  -22,  -12,    0,    0,    0,    0,    0,  -20,   -8,  -20,  -19,  -20,  -15,  -23,   -8,  -19,  -20,  -16,  -16,  -22,    0,  -21,    5,    2,  -15,    0,    0,    0,    0,    0,    0,    0,    0,    0,    0,    0,    0,    0,    0,    0,    0,    0,    0,    0,    0,    0,    0,    0,    0,    0,    0,    0,    0,    0,    0,    0,    0,
       0,    0,    0,    0,    0,    3,   -3,    3,   -7,    5,    0,    1,    0,    0,    0,    0,    0,    0,    0,    0,    0,    0,    0,    0,    0,    0,    0,    0,    0,    0,    0,    0,    0,    0,    0,    0,    0,    0,    0,   -9,    0,    0,   -3,    0,    0,    0,    0,    0,    0,    0,    0,   -7,   -3,    5,    0,    0,   -4,    0,    0,    0,    0,    0,    0,    0,   -9,    0,    0,   -2,    0,    0,    0,   -6,   -7,    0,    0,    0,    0,   -2,   -4,   -1,    0,    0,    0,    0,    0,    0,    0,    0,    0,    0,    0,    0,    0,    0,    0,    0,    0,    0,    0,    0,    0,    0,    0,    0,    0,    0,    0,    0,    0,    0,    0,    0,    0,
       0,    0,    0,    0,    0,    0,   -3,    0,    0,    0,    0,   -3,    0,    0,    0,    0,    0,    0,    0,    0,    0,    0,    0,    0,    0,    0,    0,    0,    0,    0,    0,    0,    0,    0,    0,    0,    0,    0,    0,    0,   -7,    0,    0,    0,    0,    0,    0,    0,    0,    0,  -13,    0,    0,    0,    0,   -9,    0,    0,    0,    0,    0,    0,    0,    0,    0,    0,    0,    0,    0,    0,    0,    0,    0,    0,    0,    0,    0,    0,    0,    0,    0,    0,    0,    0,    0,    0,    0,    0,    0,    0,    0,    0,    0,    0,    0,    0,    0,    0,    0,    0,    0,    0,    0,    0,   -5,    0,    0,    0,    0,    0,    0,    0,    0,
       0,    0,    0,    0,    0,   -3,   -4,   -5,    4,    0,    0,   -3,    0,    0,    0,    0,    0,    0,    0,    0,    0,    0,    0,    0,    0,    0,    0,    0,    0,    0,    0,    0,    0,    0,    0,    0,    0,    0,    0,    1,   -8,    0,    3,    0,    0,    0,    0,    0,    0,    0,  -23,    0,    0,    0,    0,  -13,    0,   -3,    0,    0,    0,    0,    0,    0,    0,    0,    0,    0,    0,   -3,    0,   -2,   -3,    0,    0,    0,    0,    0,    0,    0,    0,    0,    0,    0,    0,    0,    0,    0,    0,    0,    0,    0,    0,    0,    0,    0,    0,    0,    0,    0,    0,    0,    0,    0,  -10,    0,    0,    0,    0,    0,    0,    0,    0,
       0,    0,    0,    0,    0,    0,    0,    0,    0,    0,    0,    0,    0,    0,    0,    0,    0,    0,    0,    0,    0,    0,    0,    0,    0,    0,    0,    0,    0,    0,    0,    0,    0,    0,    0,    0,    0,    0,    0,    0,    0,    0,    0,    0,    0,    0,    0,    0,    0,    0,  -24,    0,    0,    0,    0,  -18,    0,    0,    0,    1,   -3,    0,    0,    0,    0,    0,    3,    0,    0,    0,    3,    0,    0,    1,    0,    0,    0,    0,    0,    0,    0,    0,    0,    0,    0,    0,    0,    0,    0,    0,    0,    0,    0,    0,    0,    0,    0,    0,    0,    0,    0,    0,    0,    0,    0,    0,    0,    0,    0,    0,    0,    0,    0,
       0,    0,    0,    0,    0,    0,    0,  -39,    0,    0,    0,    0,    0,    0,    0,    0,    0,    0,    0,    0,    0,    0,    0,    0,    0,    0,    0,    0,    0,    0,    0,    0,    0,    0,    0,    0,    0,    0,    0,    0,    0,    0,    0,    0,    0,    0,    0,    0,    0,    0,   -5,    0,    0,    0,    0,    0,    0,  -10,    0,    0,    0,    0,    0,    0,    0,    0,    0,    0,    3,   -5,    3,    0,    0,    0,    0,    1,    0,    0,    0,    0,    3,    0,    0,    0,    0,    0,    0,    0,    0,    0,    0,    0,    0,    0,    0,    0,    0,    0,    0,    0,    0,    0,    0,    0,    0,    0,    0,    0,    0,    0,    0,    0,    0,
       0,   -1,    0,    0,    0,    0,    0,    0,   -8,    0,    0,    0,    0,    0,    0,    0,    0,    0,    0,    0,    0,    0,    0,    0,    0,    0,    0,    0,    0,    0,    0,    0,    0,    0,    0,    0,    0,    0,    0,    0,    0,    0,    0,    0,    0,    0,    0,    0,    0,    0,  -19,    0,    0,    0,    0,  -17,    0,    0,    0,    0,    0,    0,    0,    0,    0,    0,    0,    0,    0,    0,    0,    0,    0,    0,    0,    0,    0,    0,    0,    0,    0,    0,    0,    0,    0,    0,    0,    0,    0,    0,    0,    0,    0,    0,    0,    0,    0,    0,    0,    0,    0,    0,    0,    0,  -13,    0,    0,    0,    0,    0,    0,    0,    0,
       0,    0,    0,    0,    0,   -3,   -4,    0,    3,    1,    0,   -3,    0,    0,    0,    0,    0,    0,    0,    0,    0,    0,    0,    0,    0,    0,    0,    0,    0,    0,    0,    0,    0,    0,    0,    0,    0,    0,    0,    1,   -5,    0,    1,    0,    0,    0,    0,    0,    0,    0,  -27,    0,    0,    0,    0,  -19,    0,    0,    0,    0,    0,    0,    0,    0,    0,    0,    0,    0,    0,    0,    0,   -2,   -3,    0,    0,    0,    0,    0,    0,    0,    0,    0,    0,    0,    0,    0,    0,    0,    0,    0,    0,    0,    0,    0,    0,    0,    0,    0,    0,    0,    0,    0,    0,    0,   -8,    0,    0,    0,    0,    0,    0,    0,    0,
       0,    0,    0,    0,    0,    0,    0,    0,    0,    0,    0,   -3,    0,    0,    0,    0,    0,    0,    0,    0,    0,    0,    0,    0,    0,    0,    0,    0,    0,    0,    0,    0,    0,    0,    0,    0,    0,    0,    0,    0,    0,    0,    0,    0,    0,    0,    0,    0,    0,    0,  -19,    0,    0,    0,    0,   -8,    0,    0,    0,    0,   -5,    0,    0,    0,    0,    0,    0,    0,    0,    0,    0,    0,    0,    0,    0,    0,    0,    0,    0,    0,    0,    0,    0,    0,    0,    0,    0,    0,    0,    0,    0,    0,    0,    0,    0,    0,    0,    0,    0,    0,    0,    0,    0,    0,    0,    0,    0,    0,    0,    0,    0,    0,    0,
       0,    0,    0,    0,    0,    3,    0,    3,    0,    1,    1,    0,    0,    0,    0,    0,    0,    0,    0,    0,    0,    0,    0,    0,    0,    0,    0,    0,    0,    0,    0,    0,    0,    0,    0,    0,    0,    0,    0,   -1,    2,    0,    0,    0,    0,    0,    0,    0,    0,    0,    0,    0,    0,    0,    0,    0,    0,    0,    0,    0,    0,    0,    0,    0,    0,    0,    0,    0,    0,    0,    0,    0,    0,    0,    0,    0,    0,    0,    0,    0,    0,    0,    0,    0,    0,    0,    0,    0,    0,    0,    0,    0,    0,    0,    0,    0,    0,    0,    0,    0,    0,    0,    0,    0,    1,    0,    0,    0,    0,    0,    0,    0,    0,
       0,    0,    0,    0,    0,    0,    0,  -19,    0,    0,    0,    0,    0,    0,    0,    0,    0,    0,    0,    0,    0,    0,    0,    0,    0,    0,    0,    0,    0,    0,    0,    0,    0,    0,    0,    0,    0,    0,    0,    0,    0,    0,    0,    0,    0,    0,    0,    0,    0,    0,   -1,    0,    0,    0,    0,   -5,  -10,    0,    0,    0,    0,    0,    0,    0,    0,    0,   -1,   -1,    0,   -1,    3,    1,    0,    0,    0,    0,    0,    0,    0,    0,    0,    0,    0,    0,    0,    0,    0,    0,    0,    0,    0,    0,    0,    0,    0,    0,    0,    0,    0,    0,    0,    0,    0,    0,    0,    0,    0,    0,    0,    0,    0,    0,    0,
       0,    0,    0,    0,    0,    0,    3,  -10,   -4,   -7,    0,   -5,    0,    0,    0,    0,    0,    0,    0,    0,    0,    0,    0,    0,    0,    0,    0,    0,    0,    0,    0,    0,    0,    0,    0,    0,    0,    0,    0,   -4,    3,    0,   -3,    0,    0,    0,    0,    0,    0,    0,  -17,   -3,    0,    0,    0,   -7,    0,  -11,    0,   -3,    0,    0,    0,   -2,    0,    0,   -3,   -2,   -1,   -8,    1,    0,   -2,    0,    0,    0,    0,   -2,    0,    0,   -1,    0,    0,    0,    0,    0,    0,    0,    0,    0,    0,    0,    0,    0,    0,    0,    0,    0,    0,    0,    0,    0,    0,    0,    1,    0,    0,    0,    0,    0,    0,    0,    0,
       0,    0,    0,    0,    0,    0,    0,    3,   -8,    3,    0,   -6,    0,    0,    0,    0,    0,    0,    0,    0,    0,    0,    0,    0,    0,    0,    0,    0,    0,    0,    0,    0,    0,    0,    0,    0,    0,    0,    0,   -8,   -1,    0,   -3,    0,    0,    0,    0,    0,    0,    0,  -15,    0,    0,    0,    0,  -10,    0,    0,    0,    0,    0,    0,    0,   -1,    1,    0,    1,   -3,    3,    0,    0,   -2,    0,    1,    1,    0,    0,   -1,    0,    0,    3,    0,    0,    0,    0,    0,    0,    0,    0,    0,    0,    0,    0,    0,    0,    0,    0,    0,    0,    0,    0,    0,    0,    0,   -3,    0,    0,    0,    0,    0,    0,    0,    0,
       0,  -16,    0,    0,    0,    0,    0,    0,    0,    0,    0,    0,    0,    0,    0,    0,    0,    0,    0,    0,    0,    0,    0,    0,    0,    0,    0,    0,    0,    0,    0,    0,    0,    0,    0,    0,    0,    0,    0,    0,    0,    0,    0,    0,    0,    0,    0,    0,    0,    0,  -29,    1,    0,    0,    0,  -27,    0,    0,    0,    0,  -15,    0,    0,    0,    0,    0,    0,    0,    3,    0,   -7,   -7,    1,    0,    0,    3,    0,    0,    0,    0,    3,    0,    0,    0,    0,    0,    0,    0,    0,    0,    0,    0,    0,    0,    0,    0,    0,    0,    0,    0,    0,    0,    0,    0,  -23,    0,    0,    0,    0,    0,    0,    0,    0,
       0,    0,    0,    0,    0,    0,   -1,   -1,    0,    0,    0,   -3,    0,    0,    0,    0,    0,    0,    0,    0,    0,    0,    0,    0,    0,    0,    0,    0,    0,    0,    0,    0,    0,    0,    0,    0,    0,    0,    0,    0,   -3,    0,    0,    0,    0,    0,    0,    0,    0,    0,  -21,    0,    0,    0,    0,  -16,    0,    0,    0,    0,   -7,    0,    0,    0,    0,    0,    0,    0,    0,    0,    0,   -2,   -1,    0,    0,    0,    0,    0,    0,    0,    0,    0,    0,    0,    0,    0,    0,    0,    0,    0,    0,    0,    0,    0,    0,    0,    0,    0,    0,    0,    0,    0,    0,    0,   -8,    0,    0,    0,    0,    0,    0,    0,    0,
       1,    0,    0,    0,    0,    8,    3,  -12,  -11,   -5,   -5,    3,    0,    0,    0,    0,    0,    0,    0,    0,    0,    0,    0,    0,    0,    0,    0,    0,    0,    0,    0,    0,    0,    0,    0,    0,    0,    0,    0,  -14,    5,    0,  -11,    0,    0,    0,    0,    0,    0,    0,    5,   -4,   -3,  -15,  -11,    0,  -17,  -11,   -7,   -4,    0,    0,    0,  -15,  -11,  -15,  -13,  -15,   -8,  -18,   -2,   -7,  -14,   -9,   -6,  -18,    0,  -15,    0,    3,   -8,    0,    0,    0,    0,    0,    0,    0,    0,    0,    0,    0,    0,    0,    0,    0,    0,    0,    0,    0,    0,    0,    0,    0,    3,    0,    0,    0,    0,    0,    0,    0,    0,
       1,    0,    0,    0,    0,    9,    3,  -16,  -12,   -7,   -6,    1,    0,    0,    0,    0,    0,    0,    0,    0,    0,    0,    0,    0,    0,    0,    0,    0,    0,    0,    0,    0,    0,    0,    0,    0,    0,    0,    0,  -16,    4,    0,  -16,    0,    0,    0,    0,    0,    0,    0,    4,  -12,   -6,  -15,    0,    0,  -21,    0,    0,   -1,    0,    0,    0,  -20,    0,  -20,    0,  -20,    0,    0,    0,  -18,  -20,    0,    0,    0,    0,  -20,    3,    1,    0,    0,    0,    0,    0,    0,    0,    0,    0,    0,    0,    0,    0,    0,    0,    0,    0,    0,    0,    0,    0,    0,    0,    0,    3,    0,    0,    0,    0,    0,    0,    0,    0,
       0,    0,    0,    0,    0,    0,    0,    0,    0,    0,    0,   -2,    0,    0,    0,    0,    0,    0,    0,    0,    0,    0,    0,    0,    0,    0,    0,    0,    0,    0,    0,    0,    0,    0,    0,    0,    0,    0,    0,    0,    0,    0,    0,    0,    0,    0,    0,    0,    0,    0,    0,    0,    0,    0,    0,    0,    0,    0,    0,    0,    0,    0,    0,    0,    0,    0,    0,    0,    0,    0,    0,    0,    0,    0,    0,    0,   10,    0,    0,    0,    0,    0,    0,    0,    0,    0,    0,    0,    0,    0,    0,    0,    0,    0,    0,    0,    0,    0,    0,    0,    0,    0,    0,    0,    0,    0,    0,    0,    0,    0,    0,    0,    0,
       0,    0,    0,    0,    0,    0,    0,    0,    0,    0,    0,    0,    0,    0,    0,    0,    0,    0,    0,    0,    0,    0,    0,    0,    0,    0,    0,    0,    0,    0,    0,    0,    0,    0,    0,    0,    0,    0,    0,    0,    0,    0,    0,    0,    0,    0,    0,    0,    0,    0,    0,    0,    0,    0,    0,    0,    0,    0,    0,    0,    0,    0,    0,    0,    0,    0,    0,    0,    0,    0,    0,    0,    0,    0,    0,    0,    0,    0,    0,    0,    0,    0,    0,    0,    0,    0,    0,    0,    0,   -5,    0,   -2,   -2,    0,    0,    0,    0,    0,   -5,    0,   -3,    0,   -5,    0,    0,    0,    0,    0,    0,    0,    0,    0,    0,
       0,    0,    0,    0,    0,    0,    0,    0,    0,    0,    0,    0,    0,    0,    0,    0,    0,    0,    0,    0,    0,    0,    0,    0,    0,    0,    0,    0,    0,    0,    0,    0,    0,    0,    0,    0,    0,    0,    0,    0,    0,    0,    0,    0,    0,    0,    0,    0,    0,    0,    0,    0,    0,    0,    0,    0,    0,    0,    0,    0,    0,    0,    0,    0,    0,    0,    0,    0,    0,    0,    0,    0,    0,    0,    0,    0,    0,    0,    0,    0,    0,    0,    0,    0,   -3,    0,    0,    0,    0,    0,   -5,    0,    0,    0,    0,   -9,    0,    0,   -9,    0,    0,   -7,    0,    0,    0,    0,    0,    0,    0,    0,    0,    0,    0,
       0,    0,    0,    0,    0,    0,    0,    0,    0,    0,    0,    0,    0,    0,    0,    0,    0,    0,    0,    0,    0,    0,    0,    0,    0,    0,    0,    0,    0,    0,    0,    0,    0,    0,    0,    0,    0,    0,    0,    0,    0,    0,    0,    0,    0,    0,    0,    0,    0,    0,    0,    0,    0,    0,    0,    0,    0,    0,    0,    0,    0,    0,    0,    0,    0,    0,    0,    0,    0,    0,    0,    0,    0,    0,    0,    0,    0,    0,    0,    0,    0,    0,    1,    0,    0,    0,    0,    0,   -5,   -9,    0,   -3,   -4,    0,   -6,    0,    0,    0,   -7,    0,    0,    0,    0,    0,    0,    0,    0,    0,    0,    0,    0,    0,    0,
       0,    0,    0,    0,    0,    0,    0,    0,    0,    0,    0,    0,    0,    0,    0,    0,    0,    0,    0,    0,    0,    0,    0,    0,    0,    0,    0,    0,    0,    0,    0,    0,    0,    0,    0,    0,    0,    0,    0,    0,    0,    0,    0,    0,    0,    0,    0,    0,    0,    0,    0,    0,    0,    0,    0,    0,    0,    0,    0,    0,    0,    0,    0,    0,    0,    0,    0,    0,    0,    0,    0,    0,    0,    0,    0,    0,    0,    0,    0,    0,    0,    0,  -11,    0,    0,   -5,    0,    0,   -5,    0,  -13,  -10,    0,   -7,   -3,   -9,    0,  -13,  -10,    0,    0,  -10,    0,    0,    0,    0,    0,    0,    0,    0,    0,    0,    0,
       0,    0,    0,    0,    0,    0,    0,    0,    0,    0,    0,    0,    0,    0,    0,    0,    0,    0,    0,    0,    0,    0,    0,    0,    0,    0,    0,    0,    0,    0,    0,    0,    0,    0,    0,    0,    0,    0,    0,    0,    0,    0,    0,    0,    0,    0,    0,    0,    0,    0,    0,    0,    0,    0,    0,    0,    0,    0,    0,    0,    0,    0,    0,    0,    0,    0,    0,    0,    0,    0,    0,    0,    0,    0,    0,    0,    0,    0,    0,    0,    0,    0,   -2,    0,    0,    0,    0,    0,   -4,    0,    0,    0,    0,   -3,    0,   -2,    0,    0,   -5,    0,    0,   -3,    0,    0,    0,    0,    0,    0,    0,    0,    0,    0,    0,
       0,    0,    0,    0,    0,    0,    0,    0,    0,    0,    0,    0,    0,    0,    0,    0,    0,    0,    0,    0,    0,    0,    0,    0,    0,    0,    0,    0,    0,    0,    0,    0,    0,    0,    0,    0,    0,    0,    0,    0,    0,    0,    0,    0,    0,    0,    0,    0,    0,    0,    0,    0,    0,    0,    0,    0,    0,    0,    0,    0,    0,    0,    0,    0,    0,    0,    0,    0,    0,    0,    0,    0,    0,    0,    0,    0,    0,    0,    0,    0,    0,    0,   -5,    0,    0,    0,    0,    0,    0,    0,    0,    0,    0,    0,    0,    0,    0,    0,    0,    0,    0,    0,    0,    0,    0,    0,    0,    0,    0,    0,    0,    0,    0,
       0,    0,    0,    0,    0,    0,    0,    0,    0,    0,    0,    0,    0,    0,    0,    0,    0,    0,    0,    0,    0,    0,    0,    0,    0,    0,    0,    0,    0,    0,    0,    0,    0,    0,    0,    0,    0,    0,    0,    0,    0,    0,    0,    0,    0,    0,    0,    0,    0,    0,    0,    0,    0,    0,    0,    0,    0,    0,    0,    0,    0,    0,    0,    0,    0,    0,    0,    0,    0,    0,    0,    0,    0,    0,    0,    0,    0,    0,    0,    0,    0,    0,    0,    0,   -3,    0,    0,    0,   -5,    0,   -5,   -2,    0,    0,    0,    0,    0,   -3,   -6,   -5,   -5,   -3,    0,    0,    0,    0,    0,    0,    0,    0,    0,    0,    0,
       0,    0,    0,    0,    0,    0,    0,    0,    0,    0,    0,    0,    0,    0,    0,    0,    0,    0,    0,    0,    0,    0,    0,    0,    0,    0,    0,    0,    0,    0,    0,    0,    0,    0,    0,    0,    0,    0,    0,    0,    0,    0,    0,    0,    0,    0,    0,    0,    0,    0,    0,    0,    0,    0,    0,    0,    0,    0,    0,    0,    0,    0,    0,    0,    0,    0,    0,    0,    0,    0,    0,    0,    0,    0,    0,    0,    0,    0,    0,    0,    0,    0,  -17,    0,    0,   -5,    0,   -2,   -2,    0,    0,   -2,    0,   -8,   -2,   -2,    0,    0,   -6,    0,    0,   -5,    0,   -5,    0,    0,    0,    0,    0,    0,    0,    0,    0,
       0,    0,    0,    0,    0,    0,    0,    0,    0,    0,    0,    0,    0,    0,    0,    0,    0,    0,    0,    0,    0,    0,    0,    0,    0,    0,    0,    0,    0,    0,    0,    0,    0,    0,    0,    0,    0,    0,    0,    0,    0,    0,    0,    0,    0,    0,    0,    0,    0,    0,    0,    0,    0,    0,    0,    0,    0,    0,    0,    0,    0,    0,    0,    0,    0,    0,    0,    0,    0,    0,    0,    0,    0,    0,    0,    0,    0,    0,    0,    0,    0,    0,    0,    0,    0,    0,    0,    0,   -5,    0,    0,   -3,    0,    0,   -4,   -4,    0,   -7,   -7,    0,    0,    0,    0,    0,    0,    0,    0,    0,    0,    0,    0,    0,    0,
       0,    0,    0,    0,    0,    0,    0,    0,    0,    0,    0,    0,    0,    0,    0,    0,    0,    0,    0,    0,    0,    0,    0,    0,    0,    0,    0,    0,    0,    0,    0,    0,    0,    0,    0,    0,    0,    0,    0,    0,    0,    0,    0,    0,    0,    0,    0,    0,    0,    0,    0,    0,    0,    0,    0,    0,    0,    0,    0,    0,    0,    0,    0,    0,    0,    0,    0,    0,    0,    0,    0,    0,    0,    0,    0,    0,    0,    0,    0,    0,    0,    0,  -11,   -1,    0,    0,    0,    0,   -5,    0,   -8,   -7,    0,    0,    0,   -5,    0,  -10,   -4,    0,    0,    0,    5,   -2,    0,    0,    0,    0,    0,    0,    0,    0,    0,
       0,    0,    0,    0,    0,    0,    0,    0,    0,    0,    0,    0,    0,    0,    0,    0,    0,    0,    0,    0,    0,    0,    0,    0,    0,    0,    0,    0,    0,    0,    0,    0,    0,    0,    0,    0,    0,    0,    0,    0,    0,    0,    0,    0,    0,    0,    0,    0,    0,    0,    0,    0,    0,    0,    0,    0,    0,    0,    0,    0,    0,    0,    0,    0,    0,    0,    0,    0,    0,    0,    0,    0,    0,    0,    0,    0,    0,    0,    0,    0,    0,    0,    0,    0,    0,    0,    0,    0,    0,    0,    0,   -5,    0,   -3,   -5,   -6,    0,    0,   -7,    0,    0,    0,    0,    0,    0,    0,    0,    0,    0,    0,    0,    0,    0,
       0,    0,    0,    0,    0,    0,    0,    0,    0,    0,    0,    0,    0,    0,    0,    0,    0,    0,    0,    0,    0,    0,    0,    0,    0,    0,    0,    0,    0,    0,    0,    0,    0,    0,    0,    0,    0,    0,    0,    0,    0,    0,    0,    0,    0,    0,    0,    0,    0,    0,    0,    0,    0,    0,    0,    0,    0,    0,    0,    0,    0,    0,    0,    0,    0,    0,    0,    0,    0,    0,    0,    0,    0,    0,    0,    0,    0,    0,    0,    0,    0,    0,    0,    0,    0,    0,    0,    0,   -4,   -4,    0,   -7,    0,    0,    0,    0,    0,    0,    0,    0,    0,    0,    0,    0,    0,    0,    0,    0,    0,    0,    0,    0,    0,
       0,    0,    0,    0,    0,    0,    0,    0,    0,    0,    0,    0,    0,    0,    0,    0,    0,    0,    0,    0,    0,    0,    0,    0,    0,    0,    0,    0,    0,    0,    0,    0,    0,    0,    0,    0,    0,    0,    0,    0,    0,    0,    0,    0,    0,    0,    0,    0,    0,    0,    0,    0,    0,    0,    0,    0,    0,    0,    0,    0,    0,    0,    0,    0,    0,    0,    0,    0,    0,    0,    0,    0,    0,    0,    0,    0,    0,    0,    0,    0,    0,    0,    0,    0,    0,    0,    0,    0,   -1,    0,   -8,    0,   -1,    0,    0,   -1,    0,   -8,   -3,    0,    0,   -3,    0,    0,    0,    0,    0,    0,    0,    0,    0,    0,    0,
       0,    0,    0,    0,    0,    0,    0,    0,    0,    0,    0,    0,    0,    0,    0,    0,    0,    0,    0,    0,    0,    0,    0,    0,    0,    0,    0,    0,    0,    0,    0,    0,    0,    0,    0,    0,    0,    0,    0,    0,    0,    0,    0,    0,    0,    0,    0,    0,    0,    0,    0,    0,    0,    0,    0,    0,    0,    0,    0,    0,    0,    0,    0,    0,    0,    0,    0,    0,    0,    0,    0,    0,    0,    0,    0,    0,    0,    0,    0,    0,    0,    0,    0,    0,    0,    0,    0,    0,   -2,    0,    0,    0,    0,    0,    0,   -7,    0,    0,    0,    0,    0,    0,    0,    0,    0,    0,    0,    0,    0,    0,    0,    0,    0,
       0,    0,    0,    0,    0,    0,    0,    0,    0,    0,    0,    0,    0,    0,    0,    0,    0,    0,    0,    0,    0,    0,    0,    0,    0,    0,    0,    0,    0,    0,    0,    0,    0,    0,    0,    0,    0,    0,    0,    0,    0,    0,    0,    0,    0,    0,    0,    0,    0,    0,    0,    0,    0,    0,    0,    0,    0,    0,    0,    0,    0,    0,    0,    0,    0,    0,    0,    0,    0,    0,    0,    0,    0,    0,    0,    0,    0,    0,    0,    0,    0,    0,    0,    0,    0,    0,    0,    0,    0,    0,   -2,   -5,   -2,    0,    0,   -2,    0,   -7,   -1,    0,    0,    0,   -2,    0,    0,    0,    0,    0,    0,    0,    0,    0,    0,
       0,    0,    0,    0,    0,    0,    0,    0,    0,    0,    0,    0,    0,    0,    0,    0,    0,    0,    0,    0,    0,    0,    0,    0,    0,    0,    0,    0,    0,    0,    0,    0,    0,    0,    0,    0,    0,    0,    0,    0,    0,    0,    0,    0,    0,    0,    0,    0,    0,    0,    0,    0,    0,    0,    0,    0,    0,    0,    0,    0,    0,    0,    0,    0,    0,    0,    0,    0,    0,    0,    0,    0,    0,    0,    0,    0,    0,    0,    0,    0,    0,   -3,   -7,    0,   -5,    0,    0,    0,    0,   -5,    0,    0,    0,   -7,    0,   -9,    0,    0,   -7,    0,    0,    0,    0,    0,    0,    0,    0,    0,    0,    0,    0,    0,    0,
       0,    0,    0,    0,    0,    0,    0,    0,    0,    0,    0,    0,    0,    0,    0,    0,    0,    0,    0,    0,    0,    0,    0,    0,    0,    0,    0,    0,    0,    0,    0,    0,    0,    0,    0,    0,    0,    0,    0,    0,    0,    0,    0,    0,    0,    0,    0,    0,    0,    0,    0,    0,    0,    0,    0,    0,    0,    0,    0,    0,    0,    0,    0,    0,    0,    0,    0,    0,    0,    0,    0,    0,    0,    0,    0,    0,    0,    0,    0,    0,    0,    0,  -11,    0,    0,    0,    0,    0,   -5,    0,   -4,   -5,    0,    0,   -2,   -3,    0,   -8,   -3,    0,    0,   -5,    0,   -6,    0,    0,    0,    0,    0,    0,    0,    0,    0,
       0,    0,    0,    0,    0,    0,    0,    0,    0,    0,    0,    0,    0,    0,    0,    0,    0,    0,    0,    0,    0,    0,    0,    0,    0,    0,    0,    0,    0,    0,    0,    0,    0,    0,    0,    0,    0,    0,    0,    0,    0,    0,    0,    0,    0,    0,    0,    0,    0,    0,    0,    0,    0,    0,    0,    0,    0,    0,    0,    0,    0,    0,    0,    0,    0,    0,    0,    0,    0,    0,    0,    0,    0,    0,    0,    0,    0,    0,    0,    0,    0,    0,   -6,    0,    0,    0,    0,    0,   -1,    0,    0,   -6,    0,   -2,    0,   -3,    0,    0,   -2,    0,    0,   -2,    0,    0,    0,    0,    0,    0,    0,    0,    0,    0,    0,
       0,    0,    0,    0,    0,    0,    0,    0,    0,    0,    0,    0,    0,    0,    0,    0,    0,    0,    0,    0,    0,    0,    0,    0,    0,    0,    0,    0,    0,    0,    0,    0,    0,    0,    0,    0,    0,    0,    0,    0,    0,    0,    0,    0,    0,    0,    0,    0,    0,    0,    0,    0,    0,    0,    0,    0,    0,    0,    0,    0,    0,    0,    0,    0,    0,    0,    0,    0,    0,    0,    0,    0,    0,    0,    0,    0,    0,    0,    0,    0,    0,    0,    0,    0,  -12,    0,  -13,    0,    0,   -4,    0,   -5,   -1,    0,   -9,  -11,  -11,    0,   -7,    0,    0,    0,   -5,    0,    0,    0,    0,    0,    0,    0,    0,    0,    0,
       0,    0,    0,    0,    0,   -3,   -4,    0,    3,    1,    0,   -2,    0,    0,    0,    0,    0,    0,    0,    0,    0,    0,    0,    0,    0,    0,    0,    0,    0,    0,    0,    0,    0,   -2,   -1,   -1,    0,    0,   -3,    1,   -6,    0,    1,    0,    0,    0,    0,    0,    0,    0,    0,    0,    0,    0,    0,    0,    0,    0,    0,    0,    0,    0,    0,    0,    0,    0,    0,    0,    0,    0,    0,    0,    0,    0,    0,    0,    0,    0,    0,    0,    0,    0,    0,    0,    0,    0,    0,    0,    0,    0,    0,    0,    0,    0,    0,    0,    0,    0,    0,    0,    0,    0,    0,    0,   -8,    0,    0,    0,    0,    0,    0,    0,    0,
       0,    0,    0,    0,    0,    3,    3,    0,    0,    0,    0,    0,    0,    0,    0,    0,    0,    0,    0,    0,    0,    0,    0,    0,    0,    4,    0,    0,    0,    0,    0,    0,    0,    0,    0,    0,    0,    0,    0,    0,    0,    0,    0,    0,    0,    4,    4,    0,    0,    0,    0,    0,    0,    0,    0,    0,    0,    0,    0,    0,    0,    0,    0,    0,    0,    0,    0,    0,    0,    0,    0,    0,    0,    0,    0,    0,    0,    0,    0,    0,    0,    0,    0,    0,    0,    0,    0,    0,    0,    0,    0,    0,    0,    0,    0,    0,    0,    0,    0,    0,    0,    0,    0,    0,    4,    0,    0,    0,    0,    0,    0,    0,    0,
       0,    0,    0,    0,    0,    0,    3,    0,    0,    0,    0,    0,    0,    0,    0,    0,    0,    0,    0,    0,    0,    0,    0,    0,    0,    2,    0,    0,    0,    0,    0,    0,    0,    0,    0,    0,    0,    0,    0,    0,    0,    0,    0,    0,    0,    2,    2,    0,    0,    0,    0,    0,    0,    0,    0,    0,    0,    0,    0,    0,    0,    0,    0,    0,    0,    0,    0,    0,    0,    0,    0,    0,    0,    0,    0,    0,    0,    0,    0,    0,    0,    0,    0,    0,    0,    0,    0,    0,    0,    0,    0,    0,    0,    0,    0,    0,    0,    0,    0,    0,    0,    0,    0,    0,    4,    0,    0,    0,    0,    0,    0,    0,    0,
       0,    0,    0,    0,    0,   -4,   -6,   -6,    4,    0,    0,   -6,    0,    0,    0,    0,    0,    0,    0,    0,    0,    0,    0,    0,    0,    0,    0,   -1,    0,    0,    0,   -1,    0,   -2,   -3,   -2,    0,    0,   -6,    1,   -8,    0,    3,    0,    0,    0,    0,   -1,   -1,   -1,    0,    0,    0,    0,    0,    0,    0,    0,    0,    0,    0,    0,    0,    0,    0,    0,    0,    0,    0,    0,    0,    0,    0,    0,    0,    0,    0,    0,    0,    0,    0,    0,    0,    0,    0,    0,    0,    0,    0,    0,    0,    0,    0,    0,    0,    0,    0,    0,    0,    0,    0,    0,    0,    0,  -10,    0,    0,    0,    0,    0,    0,    0,    0,
       0,    0,    0,    0,    0,   -2,   -6,   -6,    4,    0,    0,   -6,    0,    0,    0,    0,    0,    0,    0,    0,    0,    0,    0,    0,    0,    0,    0,   -1,    0,    0,    0,   -1,    0,   -2,   -3,   -2,    0,    0,   -6,    1,   -8,    0,    3,    0,    0,    0,    0,   -1,   -1,   -1,    0,    0,    0,    0,    0,    0,    0,    0,    0,    0,    0,    0,    0,    0,    0,    0,    0,    0,    0,    0,    0,    0,    0,    0,    0,    0,    0,    0,    0,    0,    0,    0,    0,    0,    0,    0,    0,    0,    0,    0,    0,    0,    0,    0,    0,    0,    0,    0,    0,    0,    0,    0,    0,    0,  -10,    0,    0,    0,    0,    0,    0,    0,    0,
       0,    0,    0,    0,    0,    3,    0,  -14,  -11,  -23,   -3,    5,   -2,  -15,    0,  -17,    1,    3,    0,    3,    0,    3,    0,    0,    0,    4,  -10,    1,    0,    0,   -8,    1,    0,    1,   -1,    0,    0,    0,    0,    0,    0,    0,    0,  -11,    0,    4,    4,    1,    1,    1,    0,   -2,    0,  -17,    0,    0,  -14,    0,    0,    0,    0,    0,    0,    0,    0,    0,    0,  -10,    0,    0,    0,    1,   -3,    0,    0,    0,    0,   -8,    3,    3,    0,    0,    0,    0,    0,    0,    0,    0,    0,    0,    0,    0,    0,    0,    0,    0,    0,    0,    0,    0,    0,    0,    0,    0,    0,    0,    0,    0,    0,    0,    0,    0,    0,
       0,    0,    0,    0,    0,    0,    0,    0,    0,    0,    0,    0,    0,    0,    0,    0,    0,    0,    0,    0,    0,    0,    0,    0,    0,    0,    0,    0,    0,    0,    0,    0,    0,    0,    0,    0,    0,    0,    0,    0,    0,    0,    0,    0,    0,    0,    0,    0,    0,    0,    0,    0,    0,    0,    0,    0,    0,    0,    0,    0,    0,    0,    0,    0,    0,    0,    0,    0,    0,    0,    0,    0,    0,    0,    0,    0,    0,    0,    0,    0,    0,    0,    0,    0,    0,    0,    0,    0,    0,    0,    0,    0,    0,    0,    0,    0,    0,    0,    0,    0,    0,    0,    0,    0,    0,    0,    0,    0,   -4,  -13,    0,    0,    0,
       0,    0,    0,    0,    0,    0,    0,    0,    0,    0,    0,    0,    0,    0,    0,    0,    0,    0,    0,    0,    0,    0,    0,    0,    0,    0,    0,    0,    0,    0,    0,    0,    0,    0,    0,    0,    0,    0,    0,    0,    0,    0,    0,    0,    0,    0,    0,    0,    0,    0,    0,    0,    0,    0,    0,    0,    0,    0,    0,    0,    0,    0,    0,    0,    0,    0,    0,    0,    0,    0,    0,    0,    0,    0,    0,    0,    0,    0,    0,    0,    0,    0,    0,    0,    0,    0,    0,    0,    0,    0,    0,    0,    0,    0,    0,    0,    0,    0,    0,    0,    0,    0,    0,    0,    0,    0,    0,    0,    0,    0,  -11,   -7,   -8,
};

static const EpdLigaturePair nunito_8_regularLigaturePairs[] = {
    { 0x00660069, 0xFB01 }, // f i -> U+FB01
    { 0x0066006C, 0xFB02 }, // f l -> U+FB02
};

static const EpdFontData nunito_8_regular = {
    nunito_8_regularBitmaps,
    nunito_8_regularGlyphs,
    nunito_8_regularIntervals,
    89,
    23,
    17,
    -6,
    false,
    nullptr,
    0,
    nullptr,
    nunito_8_regularKernLeftClasses,
    nunito_8_regularKernRightClasses,
    nunito_8_regularKernMatrix,
    606,
    630,
    134,
    113,
    nunito_8_regularLigaturePairs,
    2,
};
