/**
 * generated by fontconvert.py
 * name: nunito_10_regular
 * size: 10
 * mode: 1-bit
 * Command used: fontconvert.py nunito_10_regular 10 ../builtinFonts/source/Nunito/Nunito-Regular.ttf ../builtinFonts/source/NotoSansHebrew/NotoSansHebrew-Regular.ttf ../builtinFonts/source/NotoSansArabic/NotoSansArabic-Regular.ttf --additional-intervals 0x0500,0x052F --additional-intervals 0x05D0,0x05EA --additional-intervals 0x060C,0x060C --additional-intervals 0x061B,0x061B --additional-intervals 0x061F,0x061F --additional-intervals 0x0621,0x0621 --additional-intervals 0x0640,0x0640 --additional-intervals 0x0654,0x0654 --additional-intervals 0x0660,0x0669 --additional-intervals 0x06BA,0x06BA --additional-intervals 0x06D4,0x06D4 --additional-intervals 0x06D5,0x06D5 --additional-intervals 0x06F0,0x06F9 --additional-intervals 0xFB56,0xFB59 --additional-intervals 0xFB66,0xFB69 --additional-intervals 0xFB7A,0xFB7D --additional-intervals 0xFB88,0xFB95 --additional-intervals 0xFB9E,0xFB9F --additional-intervals 0xFBA6,0xFBB1 --additional-intervals 0xFBFC,0xFBFF --additional-intervals 0xFE80,0xFEFC
 */
#pragma once
#include "EpdFontData.h"

static const uint8_t nunito_10_regularBitmaps[24381] = {
    0xFF, 0xFF, 0xFE, 0xDB, 0x25, 0xF8, 0xCF, 0xBE, 0xF3, 0xCF, 0x34, 0x00, 0x0C, 0x60, 0xC6, 0x0C,
    0x60, 0xCC, 0x7F, 0xF3, 0xFE, 0x18, 0xC1, 0x8C, 0x19, 0x81, 0x98, 0xFF, 0xF7, 0xFE, 0x31, 0x83,
    0x30, 0x33, 0x00, 0x00, 0x04, 0x01, 0xC0, 0x38, 0x1F, 0xC7, 0xFD, 0xE1, 0xB8, 0x06, 0x00, 0xE0,
    0x1F, 0x01, 0xFC, 0x0F, 0xE0, 0x1E, 0x01, 0xC0, 0x3E, 0x07, 0xFF, 0xCF, 0xF0, 0x38, 0x07, 0x00,
    0x40, 0x00, 0x00, 0x1F, 0x03, 0x07, 0xE1, 0x83, 0x18, 0xE0, 0xC7, 0x30, 0x31, 0xDC, 0x0C, 0x76,
    0x03, 0x1B, 0xBC, 0xFE, 0xDF, 0x9F, 0x6C, 0x60, 0x3B, 0x18, 0x0C, 0xC7, 0x07, 0x31, 0xC1, 0x8C,
    0x60, 0xE3, 0xB8, 0x30, 0x7C, 0x08, 0x04, 0x00, 0x1F, 0x01, 0xFC, 0x0C, 0x60, 0x63, 0x03, 0x38,
    0x1F, 0x80, 0x78, 0xC7, 0xC6, 0x77, 0x37, 0x1D, 0xB0, 0x79, 0x81, 0xCE, 0x0E, 0x7F, 0xF9, 0xFC,
    0xE1, 0x80, 0xDF, 0xED, 0x90, 0x33, 0x76, 0xEE, 0xEC, 0xCC, 0xCC, 0xEE, 0xE6, 0x77, 0x30, 0x63,
    0x1C, 0xE3, 0x18, 0xE7, 0x39, 0xCE, 0x73, 0x98, 0xCE, 0x73, 0x18, 0x32, 0x1B, 0x07, 0x9F, 0xF7,
    0xF8, 0xF0, 0xD8, 0x64, 0x00, 0x01, 0x80, 0x30, 0x06, 0x00, 0xC1, 0xFF, 0xFF, 0xF8, 0x60, 0x0C,
    0x01, 0x80, 0x30, 0x02, 0x00, 0x5F, 0xBC, 0x00, 0x7D, 0xFD, 0xF0, 0x5F, 0x80, 0x02, 0x06, 0x06,
    0x06, 0x0C, 0x0C, 0x0C, 0x18, 0x18, 0x18, 0x38, 0x30, 0x30, 0x70, 0x60, 0x60, 0xE0, 0x40, 0x1F,
    0x0F, 0xF1, 0xC7, 0x70, 0x6E, 0x0D, 0x81, 0xF0, 0x3E, 0x07, 0xC0, 0xF8, 0x1F, 0x03, 0xF0, 0x66,
    0x1C, 0xFF, 0x0F, 0xC0, 0x60, 0x1C, 0x1E, 0x1F, 0x1D, 0x80, 0xC0, 0x60, 0x30, 0x18, 0x0C, 0x06,
    0x03, 0x01, 0x80, 0xC7, 0xFF, 0xFE, 0x3F, 0x1F, 0xF3, 0x87, 0x00, 0xE0, 0x1C, 0x03, 0x80, 0x60,
    0x1C, 0x07, 0x01, 0xC0, 0x70, 0x1C, 0x07, 0x00, 0xFF, 0x9F, 0xF8, 0x3F, 0x1F, 0xF3, 0x87, 0x00,
    0xE0, 0x1C, 0x03, 0x87, 0xE1, 0xF8, 0x1F, 0xC0, 0x38, 0x03, 0x00, 0x6C, 0x1D, 0xFF, 0x9F, 0xE0,
    0x60, 0x00, 0xC0, 0x1C, 0x03, 0xC0, 0x7C, 0x07, 0xC0, 0xFC, 0x1D, 0xC1, 0x9C, 0x39, 0xC7, 0x1C,
    0x7F, 0xF7, 0xFF, 0x01, 0xC0, 0x1C, 0x00, 0xC0, 0x00, 0x7F, 0xCF, 0xF9, 0x80, 0x30, 0x06, 0x00,
    0xCC, 0x1F, 0xE3, 0xFE, 0x60, 0xE0, 0x1C, 0x03, 0x80, 0x76, 0x0F, 0xFF, 0x8F, 0xE0, 0x20, 0x1F,
    0x87, 0xF9, 0xC3, 0xB0, 0x0E, 0x01, 0xCC, 0x37, 0xE7, 0xFE, 0xF0, 0xDC, 0x1F, 0x83, 0xF0, 0x77,
    0x0C, 0xFF, 0x8F, 0xE0, 0x30, 0xFF, 0xDF, 0xF8, 0x07, 0x00, 0xE0, 0x38, 0x07, 0x01, 0xC0, 0x30,
    0x0E, 0x01, 0x80, 0x70, 0x0C, 0x03, 0x80, 0x60, 0x1C, 0x00, 0x00, 0x3F, 0x0F, 0xFB, 0x87, 0x60,
    0x6C, 0x0D, 0xC1, 0x9F, 0xF1, 0xFC, 0x7F, 0xDC, 0x1F, 0x03, 0xE0, 0x7E, 0x0F, 0xFF, 0x9F, 0xE0,
    0x60, 0x3F, 0x0F, 0xF3, 0x87, 0x60, 0xEC, 0x0D, 0x81, 0xB8, 0x7F, 0x9F, 0x7F, 0xC3, 0x98, 0x03,
    0x00, 0xEC, 0x19, 0xFF, 0x1F, 0xC0, 0x40, 0x5F, 0x80, 0x00, 0x5F, 0x80, 0x5F, 0x80, 0x00, 0x5F,
    0xBC, 0x00, 0x00, 0x00, 0x1C, 0x0F, 0x0F, 0x87, 0xC1, 0xE0, 0x3C, 0x03, 0xE0, 0x1F, 0x00, 0x78,
    0x03, 0x80, 0x00, 0xFF, 0xFF, 0xFC, 0x00, 0x00, 0x0F, 0xFF, 0xFF, 0xC0, 0x00, 0x07, 0x00, 0x7C,
    0x01, 0xF0, 0x07, 0xC0, 0x0F, 0x00, 0xF0, 0x3C, 0x1F, 0x07, 0xC0, 0x70, 0x00, 0x00, 0x3E, 0x7F,
    0xF0, 0xE0, 0x30, 0x38, 0x1C, 0x1C, 0x1C, 0x0C, 0x06, 0x06, 0x01, 0x00, 0x80, 0xE0, 0x70, 0x00,
    0x07, 0xF8, 0x03, 0xFF, 0x83, 0xC0, 0x70, 0xC0, 0x0E, 0x60, 0xC9, 0x98, 0xFF, 0x7C, 0x73, 0x8F,
    0x18, 0x63, 0xCE, 0x18, 0xF3, 0x06, 0x3C, 0xC3, 0x9B, 0x38, 0xE6, 0xC7, 0xFF, 0x98, 0xF3, 0xC7,
    0x00, 0x00, 0xE0, 0x08, 0x1E, 0x0E, 0x03, 0xFF, 0x00, 0x1E, 0x00, 0x03, 0x80, 0x07, 0x00, 0x0F,
    0x00, 0x36, 0x00, 0x6E, 0x01, 0xCC, 0x03, 0x18, 0x0E, 0x38, 0x18, 0x30, 0x7F, 0xF0, 0xFF, 0xE1,
    0xFF, 0xE7, 0x00, 0xCC, 0x01, 0xF8, 0x03, 0x80, 0x00, 0x7F, 0xCF, 0xFE, 0xE0, 0xEE, 0x07, 0xE0,
    0x7E, 0x07, 0xFF, 0xEF, 0xFC, 0xFF, 0xEE, 0x07, 0xE0, 0x3E, 0x03, 0xE0, 0x7F, 0xFE, 0x7F, 0xC0,
    0x0F, 0xE1, 0xFF, 0x9E, 0x1C, 0xE0, 0x0E, 0x00, 0x70, 0x03, 0x80, 0x18, 0x00, 0xE0, 0x07, 0x00,
    0x38, 0x00, 0xC0, 0x07, 0x03, 0x1F, 0xF8, 0x7F, 0x80, 0x60, 0x7F, 0x83, 0xFF, 0x8E, 0x0F, 0x38,
    0x0E, 0xE0, 0x3B, 0x80, 0x6E, 0x01, 0xF8, 0x07, 0xE0, 0x1F, 0x80, 0x6E, 0x01, 0xB8, 0x0E, 0xE0,
    0x73, 0xFF, 0x87, 0xFC, 0x00, 0x7F, 0xDF, 0xFB, 0x80, 0x70, 0x0E, 0x01, 0xC0, 0x3F, 0xE7, 0xFE,
    0xFF, 0xDC, 0x03, 0x80, 0x70, 0x0E, 0x01, 0xFF, 0x9F, 0xF8, 0x7F, 0xDF, 0xFB, 0x80, 0x70, 0x0E,
    0x01, 0xC0, 0x3F, 0xE7, 0xFE, 0xFF, 0x9C, 0x03, 0x80, 0x70, 0x0E, 0x01, 0xC0, 0x18, 0x00, 0x00,
    0x0F, 0xE1, 0xFF, 0x9E, 0x0E, 0xE0, 0x0E, 0x00, 0x70, 0x03, 0x80, 0x18, 0x3F, 0xC1, 0xFF, 0x00,
    0xF8, 0x06, 0xC0, 0x37, 0x01, 0x9F, 0xFC, 0x7F, 0xC0, 0x70, 0x60, 0x1B, 0x80, 0x6E, 0x01, 0xB8,
    0x06, 0xE0, 0x1B, 0x80, 0x6F, 0xFF, 0xBF, 0xFE, 0xFF, 0xFB, 0x80, 0x6E, 0x01, 0xB8, 0x06, 0xE0,
    0x1B, 0x80, 0x6E, 0x01, 0x80, 0x00, 0x7F, 0xFF, 0xFF, 0xFF, 0xFF, 0xF8, 0x0C, 0x30, 0xC3, 0x0C,
    0x30, 0xC3, 0x0C, 0x30, 0xC3, 0x0D, 0xFF, 0x80, 0x60, 0x6E, 0x0E, 0xE1, 0xCE, 0x38, 0xE7, 0x0E,
    0xE0, 0xFC, 0x0F, 0x80, 0xFC, 0x0E, 0xE0, 0xE7, 0x0E, 0x38, 0xE1, 0xCE, 0x0E, 0xE0, 0x70, 0x00,
    0x60, 0x1C, 0x03, 0x80, 0x70, 0x0E, 0x01, 0xC0, 0x38, 0x07, 0x00, 0xE0, 0x1C, 0x03, 0x80, 0x70,
    0x0E, 0x01, 0xFF, 0x9F, 0xF0, 0x60, 0x07, 0xC0, 0x0F, 0xC0, 0x3F, 0x80, 0xFF, 0x81, 0xFF, 0x07,
    0xFB, 0x0D, 0xF7, 0x3B, 0xE6, 0x67, 0xCF, 0xCF, 0x8F, 0x1F, 0x1E, 0x3E, 0x18, 0x7C, 0x00, 0xD8,
    0x01, 0x80, 0x00, 0x60, 0x1F, 0x00, 0xFC, 0x07, 0xF0, 0x3F, 0xC1, 0xF6, 0x0F, 0xB8, 0x7C, 0xE3,
    0xE3, 0x9F, 0x0C, 0xF8, 0x77, 0xC1, 0xFE, 0x07, 0xF0, 0x1F, 0x80, 0xE0, 0x00, 0x0F, 0xC0, 0xFF,
    0xC7, 0x87, 0x9C, 0x0E, 0xE0, 0x1F, 0x80, 0x7E, 0x01, 0xF0, 0x03, 0xC0, 0x1F, 0x80, 0x7E, 0x01,
    0xD8, 0x06, 0x70, 0x38, 0xFF, 0xC1, 0xFE, 0x00, 0xC0, 0x7F, 0x8F, 0xFE, 0xE0, 0xEE, 0x07, 0xE0,
    0x7E, 0x07, 0xE0, 0x7F, 0xFE, 0xFF, 0xCF, 0xE0, 0xE0, 0x0E, 0x00, 0xE0, 0x0E, 0x00, 0xE0, 0x00,
    0x00, 0x0F, 0xC0, 0xFF, 0xC7, 0x87, 0x9C, 0x0E, 0xE0, 0x1F, 0x80, 0x7E, 0x01, 0xF0, 0x03, 0xC0,
    0x1F, 0x80, 0x7E, 0x01, 0xD8, 0x06, 0x70, 0x38, 0xFF, 0xC1, 0xFE, 0x00, 0xF8, 0x00, 0x70, 0x00,
    0xC0, 0x03, 0x80, 0x00, 0x7F, 0x8F, 0xFE, 0xE0, 0xEE, 0x07, 0xE0, 0x7E, 0x07, 0xE0, 0x6F, 0xFE,
    0xFF, 0xCE, 0x1C, 0xE0, 0xCE, 0x0E, 0xE0, 0x6E, 0x07, 0xE0, 0x30, 0x00, 0x3F, 0x8F, 0xFF, 0xC3,
    0xF0, 0x0C, 0x01, 0xC0, 0x3E, 0x03, 0xFC, 0x1F, 0xC0, 0x1C, 0x01, 0x80, 0x3C, 0x0F, 0xFF, 0xDF,
    0xF0, 0x70, 0x7F, 0xFD, 0xFF, 0xF0, 0x38, 0x00, 0xE0, 0x03, 0x80, 0x0E, 0x00, 0x38, 0x00, 0xE0,
    0x03, 0x80, 0x0E, 0x00, 0x38, 0x00, 0xE0, 0x03, 0x80, 0x0E, 0x00, 0x30, 0x00, 0x00, 0xE0, 0x1F,
    0x01, 0xF8, 0x0F, 0xC0, 0x7E, 0x03, 0xF0, 0x1F, 0x80, 0xFC, 0x07, 0xE0, 0x3F, 0x01, 0xF8, 0x0E,
    0xC0, 0x77, 0x07, 0x1F, 0xF8, 0x7F, 0x80, 0x60, 0xC0, 0x0D, 0xC0, 0x19, 0x80, 0x73, 0x80, 0xC7,
    0x03, 0x86, 0x06, 0x0E, 0x0C, 0x0C, 0x38, 0x1C, 0x60, 0x19, 0xC0, 0x3B, 0x00, 0x7E, 0x00, 0x78,
    0x00, 0xF0, 0x00, 0xE0, 0x00, 0x00, 0x60, 0x38, 0x0C, 0xC0, 0x70, 0x19, 0xC0, 0xE0, 0x33, 0x83,
    0xE0, 0xE3, 0x06, 0xC1, 0x87, 0x0D, 0x87, 0x0E, 0x3B, 0x8E, 0x0C, 0x63, 0x18, 0x1C, 0xC6, 0x70,
    0x3B, 0x8E, 0xC0, 0x36, 0x0D, 0x80, 0x7C, 0x1F, 0x00, 0x78, 0x3C, 0x00, 0xE0, 0x38, 0x01, 0xC0,
    0x70, 0x00, 0x00, 0x00, 0x60, 0x3B, 0x81, 0xCE, 0x1C, 0x71, 0xC1, 0xCC, 0x07, 0xE0, 0x1E, 0x00,
    0xE0, 0x07, 0x80, 0x7E, 0x07, 0x30, 0x71, 0xC3, 0x87, 0x38, 0x1F, 0x80, 0xE0, 0x00, 0xC0, 0x37,
    0x03, 0x9C, 0x1C, 0x61, 0xC3, 0x9C, 0x0E, 0xC0, 0x3E, 0x00, 0xE0, 0x06, 0x00, 0x30, 0x01, 0x80,
    0x0C, 0x00, 0x60, 0x03, 0x00, 0x18, 0x00, 0x00, 0x7F, 0xF7, 0xFF, 0x00, 0x60, 0x0E, 0x01, 0xC0,
    0x38, 0x03, 0x00, 0x70, 0x0E, 0x00, 0xC0, 0x1C, 0x03, 0x80, 0x70, 0x07, 0xFF, 0x7F, 0xF0, 0xFF,
    0xF1, 0x8C, 0x63, 0x18, 0xC6, 0x31, 0x8C, 0x63, 0x18, 0xC7, 0xFE, 0x40, 0xE0, 0x60, 0x60, 0x70,
    0x30, 0x30, 0x38, 0x18, 0x18, 0x1C, 0x0C, 0x0C, 0x0E, 0x06, 0x06, 0x06, 0x02, 0xF7, 0xCE, 0x73,
    0x9C, 0xE7, 0x39, 0xCE, 0x73, 0x9C, 0xE7, 0x3F, 0xFE, 0x04, 0x01, 0xC0, 0x38, 0x0F, 0x01, 0xB0,
    0x66, 0x0C, 0x63, 0x0C, 0x60, 0xDC, 0x1B, 0x03, 0x80, 0x20, 0xFF, 0xC0, 0x00, 0xCC, 0x66, 0x30,
    0x1C, 0x3F, 0xBD, 0xE0, 0x70, 0x3B, 0xFF, 0xFF, 0x87, 0xC3, 0xFF, 0xDF, 0xE2, 0x00, 0xC0, 0x1C,
    0x03, 0x80, 0x70, 0x0E, 0xE1, 0xFF, 0x3E, 0xF7, 0x06, 0xE0, 0xDC, 0x1F, 0x83, 0xF0, 0x6E, 0x1D,
    0xFF, 0xBF, 0xE0, 0x20, 0x0E, 0x0F, 0xE7, 0x9D, 0xC0, 0x60, 0x18, 0x06, 0x01, 0x80, 0x70, 0x0F,
    0xE1, 0xF8, 0x18, 0x00, 0x60, 0x1C, 0x03, 0x80, 0x70, 0xEE, 0x7F, 0xDE, 0xFB, 0x87, 0x60, 0xEC,
    0x0D, 0x81, 0xB0, 0x77, 0x0E, 0x7F, 0xCF, 0xD8, 0x20, 0x0E, 0x03, 0xF0, 0xE7, 0x38, 0x66, 0x0E,
    0xFF, 0xDF, 0xF3, 0x00, 0x70, 0x07, 0xF8, 0x7F, 0x03, 0x00, 0x0F, 0x1E, 0x38, 0x30, 0x7C, 0xFE,
    0x7C, 0x30, 0x30, 0x30, 0x30, 0x30, 0x30, 0x30, 0x30, 0x00, 0x0E, 0x47, 0xFD, 0xEF, 0xB8, 0x76,
    0x0E, 0xC0, 0xD8, 0x1B, 0x07, 0x71, 0xE7, 0xFC, 0x7D, 0x80, 0x72, 0x0E, 0xFF, 0x8F, 0xE0, 0xC0,
    0x38, 0x0E, 0x03, 0x80, 0xEE, 0x3F, 0xEF, 0xBB, 0x87, 0xE1, 0xF8, 0x7E, 0x1F, 0x87, 0xE1, 0xF8,
    0x7E, 0x1C, 0x00, 0xFF, 0x05, 0xFF, 0xFF, 0xFF, 0xF8, 0x1C, 0x70, 0x80, 0x08, 0x71, 0xC7, 0x1C,
    0x71, 0xC7, 0x1C, 0x71, 0xC7, 0x1D, 0xE7, 0x00, 0xC0, 0x70, 0x38, 0x1C, 0x0E, 0x17, 0x1F, 0x9D,
    0xDC, 0xFC, 0x7C, 0x3E, 0x1F, 0x8E, 0xF7, 0x3F, 0x8E, 0x00, 0xC3, 0x8E, 0x38, 0xE3, 0x8E, 0x38,
    0xE3, 0x8E, 0x38, 0xE1, 0xE7, 0x84, 0x4E, 0x18, 0xFF, 0x7E, 0xFF, 0xEE, 0xE1, 0xC7, 0xE1, 0x87,
    0xE1, 0x87, 0xE1, 0x87, 0xE1, 0x87, 0xE1, 0x87, 0xE1, 0x87, 0xE1, 0x87, 0x00, 0x00, 0x4E, 0x3F,
    0xEF, 0xBB, 0x87, 0xE1, 0xF8, 0x7E, 0x1F, 0x87, 0xE1, 0xF8, 0x7E, 0x1C, 0x00, 0x0E, 0x07, 0xF0,
    0xEF, 0x38, 0x76, 0x0E, 0xC0, 0xD8, 0x1B, 0x07, 0x70, 0xE7, 0xF8, 0x7E, 0x03, 0x00, 0x4E, 0x1F,
    0xF3, 0xEF, 0x70, 0x6E, 0x0D, 0xC1, 0xF8, 0x3F, 0x06, 0xE1, 0xDF, 0xFB, 0xFE, 0x72, 0x0E, 0x01,
    0xC0, 0x38, 0x00, 0x0E, 0x47, 0xFD, 0xEF, 0xB8, 0x76, 0x0E, 0xC0, 0xD8, 0x1B, 0x07, 0x70, 0xE7,
    0xFC, 0xFF, 0x82, 0x70, 0x0E, 0x01, 0xC0, 0x18, 0x4D, 0xFF, 0xF7, 0x0E, 0x1C, 0x38, 0x70, 0xE1,
    0xC3, 0x80, 0x00, 0x0E, 0x0F, 0xE7, 0x39, 0x80, 0x70, 0x0F, 0x81, 0xF8, 0x06, 0x01, 0x9F, 0xE7,
    0xF0, 0x30, 0x18, 0x0C, 0x06, 0x07, 0xC7, 0xF3, 0xF8, 0x60, 0x30, 0x18, 0x0C, 0x06, 0x03, 0x01,
    0xF8, 0x7C, 0x08, 0x40, 0xB8, 0x6E, 0x1B, 0x86, 0xE1, 0xB8, 0x6E, 0x1B, 0x86, 0xE3, 0x9F, 0xE7,
    0xF8, 0x60, 0x40, 0x5C, 0x1D, 0x83, 0x38, 0xE7, 0x18, 0x67, 0x0E, 0xC0, 0xD8, 0x1F, 0x01, 0xC0,
    0x38, 0x00, 0x00, 0x40, 0x80, 0x30, 0xE0, 0xD8, 0x70, 0xEE, 0x3C, 0x67, 0x3E, 0x31, 0x9B, 0xB8,
    0xEC, 0xD8, 0x3E, 0x6C, 0x1E, 0x3E, 0x0F, 0x0E, 0x03, 0x07, 0x00, 0x00, 0x00, 0x40, 0x4C, 0x19,
    0xC7, 0x1D, 0xC1, 0xF0, 0x1C, 0x07, 0x80, 0xF8, 0x3B, 0x8E, 0x39, 0x83, 0x00, 0x00, 0x40, 0x5C,
    0x1F, 0x83, 0x30, 0xE7, 0x18, 0x67, 0x0E, 0xC0, 0xD8, 0x1F, 0x01, 0xC0, 0x38, 0x06, 0x01, 0xC0,
    0x30, 0x06, 0x00, 0x7E, 0x7F, 0xBF, 0xC1, 0xC0, 0xC0, 0xE0, 0xE0, 0x60, 0x60, 0x7F, 0xBF, 0xC0,
    0x1F, 0x1E, 0x18, 0x18, 0x18, 0x18, 0x18, 0x18, 0x78, 0x70, 0x78, 0x18, 0x18, 0x18, 0x18, 0x18,
    0x18, 0x1E, 0x1F, 0x6D, 0xB6, 0xDB, 0x6D, 0xB6, 0xDB, 0x6D, 0x80, 0xF1, 0xF0, 0xE1, 0xC3, 0x87,
    0x0E, 0x1C, 0x1C, 0x3C, 0x71, 0xC3, 0x87, 0x0E, 0x1C, 0x39, 0xF3, 0xC0, 0x30, 0x1F, 0x9F, 0x3F,
    0x01, 0xC0, 0x5F, 0x85, 0xB6, 0xDF, 0xFF, 0xF8, 0x06, 0x01, 0x80, 0xE0, 0x7E, 0x3F, 0xDC, 0x06,
    0x01, 0x80, 0x60, 0x18, 0x07, 0x00, 0xFF, 0x1F, 0x81, 0x80, 0x60, 0x10, 0x07, 0xE0, 0xFF, 0x1C,
    0x31, 0x80, 0x18, 0x01, 0x80, 0x18, 0x07, 0xF8, 0x7F, 0x01, 0x80, 0x18, 0x01, 0x80, 0x18, 0x07,
    0xFF, 0x7F, 0xF0, 0x46, 0x37, 0xFF, 0x3F, 0xE7, 0x0E, 0x60, 0x66, 0x07, 0x60, 0x76, 0x06, 0x30,
    0xE7, 0xFE, 0x7F, 0xF4, 0x03, 0xC0, 0x37, 0x03, 0x9C, 0x18, 0x71, 0xC3, 0x9C, 0x0E, 0xC0, 0x3E,
    0x0F, 0xFC, 0x3F, 0xE0, 0x30, 0x1F, 0xF8, 0xFF, 0xC0, 0x60, 0x03, 0x00, 0x18, 0x00, 0x00, 0x6D,
    0xB6, 0xDB, 0x00, 0x26, 0xDB, 0x6D, 0x80, 0x1F, 0x87, 0xF8, 0xC1, 0x38, 0x07, 0x00, 0x70, 0x1F,
    0x83, 0x7C, 0x63, 0xCE, 0x1D, 0xE3, 0x8F, 0xB0, 0xFC, 0x07, 0x80, 0x70, 0x06, 0x41, 0xCF, 0xF0,
    0xFC, 0x00, 0xCF, 0x7C, 0x80, 0x07, 0xF0, 0x07, 0xBC, 0x0E, 0x03, 0x86, 0x7C, 0xC6, 0x7F, 0x33,
    0x70, 0x19, 0x30, 0x04, 0x98, 0x02, 0x4C, 0x01, 0x37, 0x01, 0x99, 0xFC, 0xC6, 0x7E, 0xC3, 0x08,
    0xE0, 0xE0, 0xE0, 0x1F, 0xC0, 0x01, 0x00, 0x7C, 0xD8, 0x73, 0xEC, 0xDF, 0x8D, 0x00, 0x22, 0x76,
    0x66, 0xEC, 0xCC, 0xEE, 0x66, 0x76, 0x02, 0xFF, 0xFF, 0xFC, 0x01, 0x80, 0x30, 0x06, 0x00, 0xC0,
    0x00, 0x7D, 0xFD, 0xF0, 0x07, 0xF0, 0x07, 0xBC, 0x0E, 0x03, 0x86, 0xFC, 0xC6, 0x7F, 0x33, 0x31,
    0x99, 0x18, 0xC4, 0x8F, 0xE2, 0x47, 0xE1, 0x33, 0x39, 0x99, 0x8C, 0xC6, 0xC6, 0xC3, 0x00, 0xE0,
    0xE0, 0xE0, 0x1F, 0xC0, 0x01, 0x00, 0x7D, 0xFC, 0x3C, 0xFF, 0x9E, 0x36, 0x6F, 0x86, 0x00, 0x00,
    0x01, 0x80, 0x30, 0x06, 0x0F, 0xFF, 0xFF, 0xC3, 0x00, 0x60, 0x0C, 0x01, 0x83, 0xFF, 0x7F, 0xF0,
    0x7C, 0x7E, 0x06, 0x06, 0x0C, 0x1C, 0x38, 0x7E, 0x7E, 0x7C, 0xFC, 0x18, 0x73, 0xC3, 0xC1, 0xBF,
    0x7C, 0x00, 0x76, 0xEC, 0x80, 0x40, 0x98, 0x36, 0x1D, 0x87, 0x61, 0xD8, 0x76, 0x1D, 0x87, 0x61,
    0xDF, 0xF7, 0xFD, 0xA0, 0x60, 0x18, 0x06, 0x00, 0x1F, 0xE7, 0xFD, 0xF9, 0xBF, 0x37, 0xE6, 0xFC,
    0xDF, 0x99, 0xF3, 0x1E, 0x60, 0xCC, 0x19, 0x83, 0x30, 0x66, 0x0C, 0xC1, 0x98, 0x33, 0x06, 0x60,
    0xCC, 0x19, 0x80, 0xFF, 0x00, 0x63, 0x1D, 0x3F, 0x00, 0x31, 0xEF, 0x8E, 0x38, 0xE3, 0x9F, 0xFC,
    0x7C, 0xDF, 0x1E, 0x3C, 0x6F, 0x8E, 0x00, 0x88, 0xCC, 0xEC, 0x6E, 0x76, 0x6E, 0xEC, 0xCC, 0x08,
    0x00, 0x00, 0x0C, 0x03, 0x07, 0x81, 0xC3, 0xE0, 0x60, 0x38, 0x30, 0x0E, 0x1C, 0x03, 0x86, 0x00,
    0xE3, 0x8C, 0x7C, 0xC7, 0x3F, 0x61, 0xC0, 0x18, 0xF0, 0x0C, 0x6C, 0x07, 0x3B, 0x01, 0x8F, 0xE0,
    0xE1, 0xF8, 0x30, 0x0C, 0x08, 0x00, 0x00, 0x00, 0x00, 0x0C, 0x03, 0x07, 0x81, 0xC3, 0xE0, 0x60,
    0x38, 0x30, 0x0E, 0x1C, 0x03, 0x86, 0x00, 0xE3, 0xBE, 0x7C, 0xDF, 0xBF, 0x60, 0x70, 0x18, 0x18,
    0x0C, 0x0E, 0x07, 0x03, 0x01, 0x81, 0x80, 0xE0, 0xF8, 0x30, 0x7F, 0x08, 0x00, 0x00, 0x00, 0x00,
    0x0F, 0x80, 0xC1, 0xF8, 0x38, 0x03, 0x06, 0x00, 0xE1, 0x80, 0x78, 0x70, 0x07, 0x8C, 0x00, 0x33,
    0x8C, 0x7E, 0x63, 0x8F, 0x98, 0x70, 0x03, 0x1E, 0x00, 0xC6, 0xC0, 0x39, 0xD8, 0x06, 0x3F, 0x81,
    0xC3, 0xF0, 0x30, 0x0C, 0x04, 0x00, 0x00, 0x00, 0x07, 0x00, 0xC0, 0x00, 0x08, 0x03, 0x01, 0xC0,
    0x60, 0x38, 0x1C, 0x0E, 0x03, 0x80, 0xE1, 0x9F, 0xE3, 0xF0, 0x0C, 0x00, 0x1C, 0x00, 0x1C, 0x00,
    0x18, 0x00, 0x00, 0x00, 0x70, 0x00, 0xE0, 0x01, 0xE0, 0x06, 0xC0, 0x0D, 0xC0, 0x39, 0x80, 0x63,
    0x01, 0xC7, 0x03, 0x06, 0x0F, 0xFE, 0x1F, 0xFC, 0x3F, 0xFC, 0xE0, 0x19, 0x80, 0x3F, 0x00, 0x70,
    0x00, 0x00, 0x00, 0x60, 0x01, 0xC0, 0x03, 0x00, 0x0C, 0x00, 0x00, 0x00, 0x70, 0x00, 0xE0, 0x01,
    0xE0, 0x06, 0xC0, 0x0D, 0xC0, 0x39, 0x80, 0x63, 0x01, 0xC7, 0x03, 0x06, 0x0F, 0xFE, 0x1F, 0xFC,
    0x3F, 0xFC, 0xE0, 0x19, 0x80, 0x3F, 0x00, 0x70, 0x00, 0x00, 0x03, 0x80, 0x07, 0x80, 0x1B, 0x00,
    0x73, 0x00, 0x00, 0x00, 0x70, 0x00, 0xE0, 0x01, 0xE0, 0x06, 0xC0, 0x0D, 0xC0, 0x39, 0x80, 0x63,
    0x01, 0xC7, 0x03, 0x06, 0x0F, 0xFE, 0x1F, 0xFC, 0x3F, 0xFC, 0xE0, 0x19, 0x80, 0x3F, 0x00, 0x70,
    0x00, 0x00, 0x00, 0x10, 0x1E, 0x60, 0x6F, 0xC0, 0xC7, 0x00, 0x00, 0x00, 0x70, 0x00, 0xE0, 0x01,
    0xE0, 0x06, 0xC0, 0x0D, 0xC0, 0x39, 0x80, 0x63, 0x01, 0xC7, 0x03, 0x06, 0x0F, 0xFE, 0x1F, 0xFC,
    0x3F, 0xFC, 0xE0, 0x19, 0x80, 0x3F, 0x00, 0x70, 0x00, 0x00, 0x06, 0xC0, 0x1D, 0xC0, 0x11, 0x00,
    0x00, 0x00, 0x38, 0x00, 0x70, 0x00, 0xF0, 0x03, 0x60, 0x06, 0xE0, 0x1C, 0xC0, 0x31, 0x80, 0xE3,
    0x81, 0x83, 0x07, 0xFF, 0x0F, 0xFE, 0x1F, 0xFE, 0x70, 0x0C, 0xC0, 0x1F, 0x80, 0x38, 0x00, 0x00,
    0x03, 0x80, 0x0F, 0x80, 0x19, 0x00, 0x32, 0x00, 0x7C, 0x00, 0x20, 0x00, 0xE0, 0x01, 0xC0, 0x03,
    0xC0, 0x0D, 0x80, 0x1B, 0x80, 0x73, 0x00, 0xC6, 0x03, 0x8E, 0x06, 0x0C, 0x1F, 0xFC, 0x3F, 0xF8,
    0x7F, 0xF9, 0xC0, 0x33, 0x00, 0x7E, 0x00, 0xE0, 0x00, 0x00, 0x00, 0xFF, 0xF0, 0x1F, 0xFF, 0x01,
    0xE0, 0x00, 0x3E, 0x00, 0x03, 0x60, 0x00, 0x77, 0x00, 0x0E, 0x3F, 0xC0, 0xC3, 0xFE, 0x1C, 0x3F,
    0xE1, 0xFF, 0x80, 0x3F, 0xF8, 0x07, 0xFF, 0x80, 0x60, 0x18, 0x0E, 0x01, 0xFF, 0xC0, 0x1F, 0xF0,
    0x00, 0x00, 0x0F, 0xE1, 0xFF, 0x9E, 0x1C, 0xE0, 0x0E, 0x00, 0x70, 0x03, 0x80, 0x18, 0x00, 0xE0,
    0x07, 0x00, 0x38, 0x00, 0xC0, 0x07, 0x03, 0x1F, 0xF8, 0x7F, 0x80, 0x60, 0x03, 0xC0, 0x06, 0x01,
    0xE0, 0x10, 0x03, 0x00, 0x70, 0x06, 0x00, 0x00, 0xFF, 0xBF, 0xF7, 0x00, 0xE0, 0x1C, 0x03, 0x80,
    0x7F, 0xCF, 0xFD, 0xFF, 0xB8, 0x07, 0x00, 0xE0, 0x1C, 0x03, 0xFF, 0x3F, 0xF0, 0x01, 0x80, 0x70,
    0x0C, 0x03, 0x00, 0x00, 0xFF, 0xBF, 0xF7, 0x00, 0xE0, 0x1C, 0x03, 0x80, 0x7F, 0xCF, 0xFD, 0xFF,
    0xB8, 0x07, 0x00, 0xE0, 0x1C, 0x03, 0xFF, 0x3F, 0xF0, 0x06, 0x01, 0xE0, 0x6C, 0x1C, 0xC0, 0x00,
    0xFF, 0xBF, 0xF7, 0x00, 0xE0, 0x1C, 0x03, 0x80, 0x7F, 0xCF, 0xFD, 0xFF, 0xB8, 0x07, 0x00, 0xE0,
    0x1C, 0x03, 0xFF, 0x3F, 0xF0, 0x19, 0x83, 0x70, 0x64, 0x00, 0x07, 0xFD, 0xFF, 0xB8, 0x07, 0x00,
    0xE0, 0x1C, 0x03, 0xFE, 0x7F, 0xEF, 0xFD, 0xC0, 0x38, 0x07, 0x00, 0xE0, 0x1F, 0xF9, 0xFF, 0x80,
    0xC7, 0x1C, 0x60, 0x0C, 0xE7, 0x39, 0xCE, 0x73, 0x9C, 0xE7, 0x39, 0xCE, 0x70, 0x00, 0x19, 0xCC,
    0xC0, 0x33, 0x9C, 0xE7, 0x39, 0xCE, 0x73, 0x9C, 0xE7, 0x39, 0xC0, 0x00, 0x38, 0x79, 0xB7, 0x30,
    0x03, 0x0E, 0x1C, 0x38, 0x70, 0xE1, 0xC3, 0x87, 0x0E, 0x1C, 0x38, 0x70, 0xE1, 0xC0, 0x00, 0x6E,
    0xDD, 0x10, 0x01, 0x87, 0x0E, 0x1C, 0x38, 0x70, 0xE1, 0xC3, 0x87, 0x0E, 0x1C, 0x38, 0x70, 0xE0,
    0x00, 0x1F, 0xE0, 0x3F, 0xF8, 0x38, 0x3C, 0x38, 0x0E, 0x38, 0x0E, 0x38, 0x06, 0x3F, 0x07, 0x7F,
    0x87, 0x7F, 0x07, 0x38, 0x06, 0x38, 0x06, 0x38, 0x0E, 0x38, 0x1C, 0x3F, 0xF8, 0x1F, 0xF0, 0x00,
    0x20, 0xF3, 0x0D, 0xF8, 0x63, 0x80, 0x00, 0x30, 0x0F, 0x80, 0x7E, 0x03, 0xF8, 0x1F, 0xE0, 0xFB,
    0x07, 0xDC, 0x3E, 0x71, 0xF1, 0xCF, 0x86, 0x7C, 0x3B, 0xE0, 0xFF, 0x03, 0xF8, 0x0F, 0xC0, 0x70,
    0x00, 0x00, 0x0C, 0x00, 0x30, 0x00, 0x60, 0x01, 0xC0, 0x00, 0x00, 0x3F, 0x03, 0xFF, 0x1E, 0x1E,
    0x70, 0x3B, 0x80, 0x7E, 0x01, 0xF8, 0x07, 0xC0, 0x0F, 0x00, 0x7E, 0x01, 0xF8, 0x07, 0x60, 0x19,
    0xC0, 0xE3, 0xFF, 0x07, 0xF8, 0x03, 0x00, 0x00, 0xC0, 0x03, 0x00, 0x18, 0x00, 0xE0, 0x00, 0x00,
    0x3F, 0x03, 0xFF, 0x1E, 0x1E, 0x70, 0x3B, 0x80, 0x7E, 0x01, 0xF8, 0x07, 0xC0, 0x0F, 0x00, 0x7E,
    0x01, 0xF8, 0x07, 0x60, 0x19, 0xC0, 0xE3, 0xFF, 0x07, 0xF8, 0x03, 0x00, 0x03, 0x00, 0x1E, 0x00,
    0xFC, 0x03, 0x30, 0x08, 0x40, 0x3F, 0x03, 0xFF, 0x1E, 0x1E, 0x70, 0x3B, 0x80, 0x7E, 0x01, 0xF8,
    0x07, 0xC0, 0x0F, 0x00, 0x7E, 0x01, 0xF8, 0x07, 0x60, 0x19, 0xC0, 0xE3, 0xFF, 0x07, 0xF8, 0x03,
    0x00, 0x00, 0x20, 0x7C, 0xC1, 0xFE, 0x0C, 0x70, 0x00, 0x00, 0x3F, 0x03, 0xFF, 0x1E, 0x1E, 0x70,
    0x3B, 0x80, 0x7E, 0x01, 0xF8, 0x07, 0xC0, 0x0F, 0x00, 0x7E, 0x01, 0xF8, 0x07, 0x60, 0x19, 0xC0,
    0xE3, 0xFF, 0x07, 0xF8, 0x03, 0x00, 0x0C, 0xC0, 0x37, 0x00, 0x48, 0x00, 0x00, 0x0F, 0xC0, 0xFF,
    0xC7, 0x87, 0x9C, 0x0E, 0xE0, 0x1F, 0x80, 0x7E, 0x01, 0xF0, 0x03, 0xC0, 0x1F, 0x80, 0x7E, 0x01,
    0xD8, 0x06, 0x70, 0x38, 0xFF, 0xC1, 0xFE, 0x00, 0xC0, 0xC0, 0xDC, 0x39, 0xCE, 0x1F, 0x81, 0xE0,
    0x3C, 0x0F, 0xC3, 0x9C, 0xE1, 0xD8, 0x18, 0x00, 0x10, 0x3F, 0xC3, 0xFF, 0x1E, 0x1E, 0x70, 0xFB,
    0x83, 0x7E, 0x19, 0xF8, 0xE7, 0xC3, 0x0F, 0x1C, 0x7E, 0x61, 0xFB, 0x87, 0x7C, 0x19, 0xE0, 0xE3,
    0xFF, 0x0F, 0xF8, 0x33, 0x00, 0x18, 0x00, 0xE0, 0x03, 0x80, 0x0C, 0x00, 0x00, 0x70, 0x0F, 0x80,
    0xFC, 0x07, 0xE0, 0x3F, 0x01, 0xF8, 0x0F, 0xC0, 0x7E, 0x03, 0xF0, 0x1F, 0x80, 0xFC, 0x07, 0x60,
    0x3B, 0x83, 0x8F, 0xFC, 0x3F, 0xC0, 0x30, 0x00, 0x00, 0xC0, 0x0E, 0x00, 0x60, 0x06, 0x00, 0x00,
    0x70, 0x0F, 0x80, 0xFC, 0x07, 0xE0, 0x3F, 0x01, 0xF8, 0x0F, 0xC0, 0x7E, 0x03, 0xF0, 0x1F, 0x80,
    0xFC, 0x07, 0x60, 0x3B, 0x83, 0x8F, 0xFC, 0x3F, 0xC0, 0x30, 0x00, 0x07, 0x00, 0x3C, 0x03, 0x60,
    0x31, 0x80, 0x00, 0x70, 0x0F, 0x80, 0xFC, 0x07, 0xE0, 0x3F, 0x01, 0xF8, 0x0F, 0xC0, 0x7E, 0x03,
    0xF0, 0x1F, 0x80, 0xFC, 0x07, 0x60, 0x3B, 0x83, 0x8F, 0xFC, 0x3F, 0xC0, 0x30, 0x00, 0x0D, 0x80,
    0xEE, 0x02, 0x20, 0x00, 0x0E, 0x01, 0xF0, 0x1F, 0x80, 0xFC, 0x07, 0xE0, 0x3F, 0x01, 0xF8, 0x0F,
    0xC0, 0x7E, 0x03, 0xF0, 0x1F, 0x80, 0xEC, 0x07, 0x70, 0x71, 0xFF, 0x87, 0xF8, 0x06, 0x00, 0x00,
    0x80, 0x0C, 0x00, 0xE0, 0x06, 0x00, 0x00, 0x60, 0x1B, 0x81, 0xCE, 0x0E, 0x30, 0xE1, 0xCE, 0x07,
    0x60, 0x1F, 0x00, 0x70, 0x03, 0x00, 0x18, 0x00, 0xC0, 0x06, 0x00, 0x30, 0x01, 0x80, 0x0C, 0x00,
    0x00, 0x00, 0x60, 0x0E, 0x00, 0xE0, 0x0F, 0xFC, 0xFF, 0xEE, 0x07, 0xE0, 0x7E, 0x07, 0xE0, 0x7E,
    0x06, 0xFF, 0xEF, 0xFC, 0xE0, 0x0E, 0x00, 0x60, 0x00, 0x00, 0x3F, 0x07, 0xF8, 0x61, 0x8E, 0x18,
    0xE3, 0x8E, 0x70, 0xEE, 0x0E, 0xC0, 0xEE, 0x0E, 0x7C, 0xE1, 0xEE, 0x06, 0xE0, 0x7F, 0xFE, 0xEF,
    0xE0, 0x10, 0x70, 0x18, 0x0E, 0x03, 0x00, 0x80, 0xE1, 0xFD, 0xEF, 0x03, 0x81, 0xDF, 0xFF, 0xFC,
    0x3E, 0x1F, 0xFE, 0xFF, 0x10, 0x00, 0x03, 0x03, 0x81, 0x81, 0x80, 0xC0, 0xE1, 0xFD, 0xEF, 0x03,
    0x81, 0xDF, 0xFF, 0xFC, 0x3E, 0x1F, 0xFE, 0xFF, 0x10, 0x00, 0x1C, 0x0F, 0x0D, 0x86, 0x62, 0x30,
    0xE1, 0xFD, 0xEF, 0x03, 0x81, 0xDF, 0xFF, 0xFC, 0x3E, 0x1F, 0xFE, 0xFF, 0x10, 0x00, 0x00, 0x3C,
    0xDF, 0xC8, 0xE0, 0x00, 0xE1, 0xFD, 0xEF, 0x03, 0x81, 0xDF, 0xFF, 0xFC, 0x3E, 0x1F, 0xFE, 0xFF,
    0x10, 0x00, 0x32, 0x1B, 0x8C, 0x80, 0x01, 0xC3, 0xFB, 0xDE, 0x07, 0x03, 0xBF, 0xFF, 0xF8, 0x7C,
    0x3F, 0xFD, 0xFE, 0x20, 0x08, 0x1F, 0x0C, 0x86, 0x43, 0xE0, 0xE0, 0x70, 0xFE, 0xF7, 0x81, 0xC0,
    0xEF, 0xFF, 0xFE, 0x1F, 0x0F, 0xFF, 0x7F, 0x88, 0x00, 0x1C, 0x38, 0x3F, 0xBF, 0x3D, 0xF9, 0xC0,
    0x70, 0x60, 0x18, 0x33, 0xFF, 0xFB, 0xFF, 0xFD, 0x87, 0x00, 0xC3, 0xC0, 0x7B, 0xFF, 0x9F, 0x9F,
    0xC3, 0x03, 0x00, 0x0E, 0x0F, 0xE7, 0x9D, 0xC0, 0x60, 0x18, 0x06, 0x01, 0x80, 0x70, 0x0F, 0xE1,
    0xF8, 0x18, 0x07, 0x02, 0xE0, 0xF0, 0x18, 0x03, 0x00, 0x70, 0x06, 0x00, 0x40, 0x1C, 0x07, 0xE1,
    0xCE, 0x70, 0xCC, 0x1D, 0xFF, 0xBF, 0xE6, 0x00, 0xE0, 0x0F, 0xF0, 0xFE, 0x06, 0x00, 0x01, 0x80,
    0x70, 0x0C, 0x03, 0x80, 0x60, 0x1C, 0x07, 0xE1, 0xCE, 0x70, 0xCC, 0x1D, 0xFF, 0xBF, 0xE6, 0x00,
    0xE0, 0x0F, 0xF0, 0xFE, 0x06, 0x00, 0x06, 0x01, 0xE0, 0x7C, 0x0C, 0xC1, 0x18, 0x1C, 0x07, 0xE1,
    0xCE, 0x70, 0xCC, 0x1D, 0xFF, 0xBF, 0xE6, 0x00, 0xE0, 0x0F, 0xF0, 0xFE, 0x06, 0x00, 0x19, 0x83,
    0x70, 0x64, 0x00, 0x00, 0xE0, 0x3F, 0x0E, 0x73, 0x86, 0x60, 0xEF, 0xFD, 0xFF, 0x30, 0x07, 0x00,
    0x7F, 0x87, 0xF0, 0x30, 0xC7, 0x18, 0x63, 0x08, 0xE7, 0x39, 0xCE, 0x73, 0x9C, 0xE7, 0x00, 0x39,
    0x9C, 0xC4, 0x23, 0x9C, 0xE7, 0x39, 0xCE, 0x73, 0x9C, 0x00, 0x38, 0x71, 0xB7, 0x6C, 0x42, 0x0E,
    0x1C, 0x38, 0x70, 0xE1, 0xC3, 0x87, 0x0E, 0x1C, 0x00, 0x6D, 0xDD, 0x30, 0x01, 0x07, 0x0E, 0x1C,
    0x38, 0x70, 0xE1, 0xC3, 0x87, 0x0E, 0x00, 0x18, 0xC3, 0xF8, 0x7C, 0x1C, 0xC0, 0x1C, 0x1D, 0x8F,
    0xFB, 0xCF, 0x60, 0xEC, 0x1D, 0x83, 0xB0, 0x77, 0x0C, 0x7F, 0x8F, 0xE0, 0x30, 0x00, 0x0E, 0x66,
    0xF9, 0x9C, 0x00, 0x13, 0x8F, 0xFB, 0xEE, 0xE1, 0xF8, 0x7E, 0x1F, 0x87, 0xE1, 0xF8, 0x7E, 0x1F,
    0x87, 0x00, 0x00, 0x18, 0x03, 0x00, 0x70, 0x06, 0x00, 0x40, 0x1C, 0x0F, 0xE1, 0xDE, 0x70, 0xEC,
    0x1D, 0x81, 0xB0, 0x36, 0x0E, 0xE1, 0xCF, 0xF0, 0xFC, 0x06, 0x00, 0x01, 0x80, 0x70, 0x0C, 0x03,
    0x00, 0x60, 0x1C, 0x0F, 0xE1, 0xDE, 0x70, 0xEC, 0x1D, 0x81, 0xB0, 0x36, 0x0E, 0xE1, 0xCF, 0xF0,
    0xFC, 0x06, 0x00, 0x06, 0x01, 0xE0, 0x7C, 0x0C, 0xC1, 0x18, 0x1C, 0x0F, 0xE1, 0xDE, 0x70, 0xEC,
    0x1D, 0x81, 0xB0, 0x36, 0x0E, 0xE1, 0xCF, 0xF0, 0xFC, 0x06, 0x00, 0x00, 0x07, 0x98, 0xFE, 0x11,
    0xC0, 0x00, 0x1C, 0x0F, 0xE1, 0xDE, 0x70, 0xEC, 0x1D, 0x81, 0xB0, 0x36, 0x0E, 0xE1, 0xCF, 0xF0,
    0xFC, 0x06, 0x00, 0x19, 0x83, 0x70, 0x64, 0x00, 0x00, 0xE0, 0x7F, 0x0E, 0xF3, 0x87, 0x60, 0xEC,
    0x0D, 0x81, 0xB0, 0x77, 0x0E, 0x7F, 0x87, 0xE0, 0x30, 0x00, 0x01, 0x80, 0x30, 0x00, 0x00, 0x01,
    0xFF, 0xFF, 0xF8, 0x00, 0x00, 0x01, 0x80, 0x30, 0x00, 0x00, 0x00, 0x01, 0xD8, 0xFE, 0x1D, 0xE7,
    0x3E, 0xC7, 0xD9, 0x9B, 0x73, 0x6C, 0xEF, 0x1C, 0xFF, 0x1F, 0xC3, 0x60, 0x30, 0x0C, 0x01, 0x80,
    0x60, 0x08, 0x10, 0x2E, 0x1B, 0x86, 0xE1, 0xB8, 0x6E, 0x1B, 0x86, 0xE1, 0xB8, 0xE7, 0xF9, 0xFE,
    0x18, 0x00, 0x03, 0x01, 0xC0, 0x60, 0x38, 0x0C, 0x10, 0x2E, 0x1B, 0x86, 0xE1, 0xB8, 0x6E, 0x1B,
    0x86, 0xE1, 0xB8, 0xE7, 0xF9, 0xFE, 0x18, 0x00, 0x0C, 0x07, 0x83, 0xE0, 0xCC, 0x23, 0x10, 0x2E,
    0x1B, 0x86, 0xE1, 0xB8, 0x6E, 0x1B, 0x86, 0xE1, 0xB8, 0xE7, 0xF9, 0xFE, 0x18, 0x00, 0x33, 0x0D,
    0xC3, 0x20, 0x00, 0x40, 0xB8, 0x6E, 0x1B, 0x86, 0xE1, 0xB8, 0x6E, 0x1B, 0x86, 0xE3, 0x9F, 0xE7,
    0xF8, 0x60, 0x03, 0x80, 0x60, 0x1C, 0x03, 0x00, 0x40, 0x80, 0xB8, 0x3F, 0x06, 0x61, 0xCE, 0x30,
    0xCE, 0x1D, 0x81, 0xB0, 0x3E, 0x03, 0x80, 0x70, 0x0C, 0x03, 0x80, 0x60, 0x0C, 0x00, 0xC0, 0x1C,
    0x03, 0x80, 0x70, 0x0E, 0xE1, 0xFF, 0x3E, 0xF7, 0x06, 0xE0, 0xDC, 0x1F, 0x83, 0xF0, 0x6E, 0x1D,
    0xFF, 0xBF, 0xE7, 0x20, 0xE0, 0x1C, 0x03, 0x80, 0x00, 0x1B, 0x07, 0x70, 0x4C, 0x00, 0x04, 0x05,
    0xC1, 0xF8, 0x33, 0x0E, 0x71, 0x86, 0x70, 0xEC, 0x0D, 0x81, 0xF0, 0x1C, 0x03, 0x80, 0x60, 0x1C,
    0x03, 0x00, 0x60, 0x00, 0x00, 0x00, 0x1F, 0xC0, 0x00, 0x00, 0x00, 0x00, 0x38, 0x00, 0x70, 0x00,
    0xF0, 0x03, 0x60, 0x06, 0xE0, 0x1C, 0xC0, 0x31, 0x80, 0xE3, 0x81, 0x83, 0x07, 0xFF, 0x0F, 0xFE,
    0x1F, 0xFE, 0x70, 0x0C, 0xC0, 0x1F, 0x80, 0x38, 0x00, 0x00, 0x3E, 0x3F, 0x80, 0x00, 0x01, 0xC3,
    0xFB, 0xDE, 0x07, 0x03, 0xBF, 0xFF, 0xF8, 0x7C, 0x3F, 0xFD, 0xFE, 0x20, 0x08, 0x20, 0x18, 0xC0,
    0x3B, 0x80, 0x3E, 0x00, 0x10, 0x00, 0x70, 0x00, 0xE0, 0x01, 0xE0, 0x06, 0xC0, 0x0D, 0xC0, 0x39,
    0x80, 0x63, 0x01, 0xC7, 0x03, 0x06, 0x0F, 0xFE, 0x1F, 0xFC, 0x3F, 0xFC, 0xE0, 0x19, 0x80, 0x3F,
    0x00, 0x70, 0x00, 0x00, 0x61, 0x31, 0x9C, 0xC7, 0xC1, 0xC0, 0xE1, 0xFD, 0xEF, 0x03, 0x81, 0xDF,
    0xFF, 0xFC, 0x3E, 0x1F, 0xFE, 0xFF, 0x10, 0x00, 0x03, 0x80, 0x03, 0x80, 0x07, 0xC0, 0x06, 0xC0,
    0x06, 0xE0, 0x0E, 0x60, 0x0C, 0x60, 0x1C, 0x70, 0x18, 0x30, 0x3F, 0xF8, 0x3F, 0xF8, 0x3F, 0xFC,
    0x70, 0x0C, 0x60, 0x0E, 0xE0, 0x0E, 0x00, 0x0C, 0x00, 0x08, 0x00, 0x0C, 0x00, 0x0F, 0x1C, 0x1F,
    0xCF, 0x78, 0x0E, 0x03, 0x9F, 0xEF, 0xFB, 0x0E, 0xC3, 0xBF, 0xE7, 0xF8, 0x4C, 0x06, 0x01, 0xC0,
    0x3C, 0x00, 0xC0, 0x06, 0x00, 0x70, 0x03, 0x00, 0x00, 0x07, 0xF0, 0xFF, 0xCF, 0x0E, 0x70, 0x07,
    0x00, 0x38, 0x01, 0xC0, 0x0C, 0x00, 0x70, 0x03, 0x80, 0x1C, 0x00, 0x60, 0x03, 0x81, 0x8F, 0xFC,
    0x3F, 0xC0, 0x30, 0x00, 0x01, 0x80, 0xE0, 0x30, 0x18, 0x06, 0x03, 0x83, 0xF9, 0xE7, 0x70, 0x18,
    0x06, 0x01, 0x80, 0x60, 0x1C, 0x03, 0xF8, 0x7E, 0x06, 0x00, 0x03, 0x00, 0x3C, 0x03, 0xF0, 0x19,
    0x80, 0x84, 0x07, 0xF0, 0xFF, 0xCF, 0x0E, 0x70, 0x07, 0x00, 0x38, 0x01, 0xC0, 0x0C, 0x00, 0x70,
    0x03, 0x80, 0x1C, 0x00, 0x60, 0x03, 0x81, 0x8F, 0xFC, 0x3F, 0xC0, 0x30, 0x00, 0x06, 0x03, 0xC1,
    0xF0, 0x66, 0x11, 0x83, 0x83, 0xF9, 0xE7, 0x70, 0x18, 0x06, 0x01, 0x80, 0x60, 0x1C, 0x03, 0xF8,
    0x7E, 0x06, 0x00, 0x03, 0x00, 0x18, 0x00, 0xC0, 0x00, 0x00, 0xFE, 0x1F, 0xF9, 0xE1, 0xCE, 0x00,
    0xE0, 0x07, 0x00, 0x38, 0x01, 0x80, 0x0E, 0x00, 0x70, 0x03, 0x80, 0x0C, 0x00, 0x70, 0x31, 0xFF,
    0x87, 0xF8, 0x06, 0x00, 0x06, 0x03, 0x80, 0x60, 0x00, 0x0E, 0x0F, 0xE7, 0x9D, 0xC0, 0x60, 0x18,
    0x06, 0x01, 0x80, 0x70, 0x0F, 0xE1, 0xF8, 0x18, 0x08, 0x40, 0x66, 0x01, 0xE0, 0x0F, 0x00, 0x10,
    0x07, 0xF0, 0xFF, 0xCF, 0x0E, 0x70, 0x07, 0x00, 0x38, 0x01, 0xC0, 0x0C, 0x00, 0x70, 0x03, 0x80,
    0x1C, 0x00, 0x60, 0x03, 0x81, 0x8F, 0xFC, 0x3F, 0xC0, 0x30, 0x00, 0x11, 0x86, 0x61, 0xF0, 0x3C,
    0x06, 0x03, 0x83, 0xF9, 0xE7, 0x70, 0x18, 0x06, 0x01, 0x80, 0x60, 0x1C, 0x03, 0xF8, 0x7E, 0x06,
    0x00, 0x18, 0xC0, 0x37, 0x00, 0xF8, 0x01, 0xC0, 0x02, 0x01, 0xFE, 0x0F, 0xFE, 0x38, 0x3C, 0xE0,
    0x3B, 0x80, 0xEE, 0x01, 0xB8, 0x07, 0xE0, 0x1F, 0x80, 0x7E, 0x01, 0xB8, 0x06, 0xE0, 0x3B, 0x81,
    0xCF, 0xFE, 0x1F, 0xF0, 0x00, 0x78, 0x07, 0xC0, 0x3E, 0x01, 0xF0, 0xEF, 0x1F, 0xF1, 0xEF, 0x8E,
    0x1C, 0x60, 0xE3, 0x03, 0x18, 0x18, 0xC1, 0xC7, 0x0E, 0x1F, 0xF0, 0xFD, 0x80, 0x80, 0x1F, 0xE0,
    0x3F, 0xF8, 0x38, 0x3C, 0x38, 0x0E, 0x38, 0x0E, 0x38, 0x06, 0x3F, 0x07, 0x7F, 0x87, 0x7F, 0x07,
    0x38, 0x06, 0x38, 0x06, 0x38, 0x0E, 0x38, 0x1C, 0x3F, 0xF8, 0x1F, 0xF0, 0x00, 0x60, 0x03, 0x01,
    0xFE, 0x0F, 0xF0, 0xE6, 0x1F, 0xF1, 0xEF, 0x8E, 0x1C, 0x60, 0xE3, 0x03, 0x18, 0x18, 0xC1, 0xC7,
    0x0E, 0x1F, 0xF0, 0xFD, 0x80, 0x80, 0x00, 0x07, 0xF8, 0x00, 0x00, 0x07, 0xFD, 0xFF, 0xB8, 0x07,
    0x00, 0xE0, 0x1C, 0x03, 0xFE, 0x7F, 0xEF, 0xFD, 0xC0, 0x38, 0x07, 0x00, 0xE0, 0x1F, 0xF9, 0xFF,
    0x80, 0x1F, 0x07, 0xF0, 0x00, 0x00, 0x00, 0xE0, 0x3F, 0x0E, 0x73, 0x86, 0x60, 0xEF, 0xFD, 0xFF,
    0x30, 0x07, 0x00, 0x7F, 0x87, 0xF0, 0x30, 0x20, 0x86, 0x10, 0xE6, 0x0F, 0x80, 0x40, 0xFF, 0xBF,
    0xF7, 0x00, 0xE0, 0x1C, 0x03, 0x80, 0x7F, 0xCF, 0xFD, 0xFF, 0xB8, 0x07, 0x00, 0xE0, 0x1C, 0x03,
    0xFF, 0x3F, 0xF0, 0x30, 0x86, 0x30, 0x66, 0x0F, 0xC0, 0xE0, 0x1C, 0x07, 0xE1, 0xCE, 0x70, 0xCC,
    0x1D, 0xFF, 0xBF, 0xE6, 0x00, 0xE0, 0x0F, 0xF0, 0xFE, 0x06, 0x00, 0x06, 0x01, 0xC0, 0x10, 0x00,
    0x07, 0xFD, 0xFF, 0xB8, 0x07, 0x00, 0xE0, 0x1C, 0x03, 0xFE, 0x7F, 0xEF, 0xFD, 0xC0, 0x38, 0x07,
    0x00, 0xE0, 0x1F, 0xF9, 0xFF, 0x80, 0x06, 0x01, 0xC0, 0x18, 0x00, 0x00, 0xE0, 0x3F, 0x0E, 0x73,
    0x86, 0x60, 0xEF, 0xFD, 0xFF, 0x30, 0x07, 0x00, 0x7F, 0x87, 0xF0, 0x30, 0x7F, 0xDF, 0xFB, 0x80,
    0x70, 0x0E, 0x01, 0xC0, 0x3F, 0xE7, 0xFE, 0xFF, 0xDC, 0x03, 0x80, 0x70, 0x0E, 0x01, 0xFF, 0x9F,
    0xF8, 0x0C, 0x03, 0x00, 0x70, 0x07, 0x80, 0x0E, 0x03, 0xF0, 0xE7, 0x38, 0x66, 0x0E, 0xFF, 0xDF,
    0xF3, 0x00, 0x70, 0x07, 0xF8, 0x7F, 0x03, 0x00, 0x40, 0x0C, 0x01, 0xE0, 0x11, 0x83, 0x30, 0x7C,
    0x07, 0x00, 0x40, 0xFF, 0xBF, 0xF7, 0x00, 0xE0, 0x1C, 0x03, 0x80, 0x7F, 0xCF, 0xFD, 0xFF, 0xB8,
    0x07, 0x00, 0xE0, 0x1C, 0x03, 0xFF, 0x3F, 0xF0, 0x11, 0x83, 0x30, 0x3C, 0x07, 0x80, 0x60, 0x1C,
    0x07, 0xE1, 0xCE, 0x70, 0xCC, 0x1D, 0xFF, 0xBF, 0xE6, 0x00, 0xE0, 0x0F, 0xF0, 0xFE, 0x06, 0x00,
    0x03, 0x00, 0x3C, 0x03, 0xF0, 0x19, 0x80, 0x84, 0x07, 0xF0, 0xFF, 0xCF, 0x07, 0x70, 0x07, 0x00,
    0x38, 0x01, 0xC0, 0x0C, 0x1F, 0xE0, 0xFF, 0x80, 0x7C, 0x03, 0x60, 0x1B, 0x80, 0xCF, 0xFE, 0x3F,
    0xE0, 0x38, 0x00, 0x06, 0x01, 0xE0, 0x3E, 0x0C, 0xC1, 0x88, 0x1C, 0x8F, 0xFB, 0xDF, 0x70, 0xEC,
    0x1D, 0x81, 0xB0, 0x36, 0x0E, 0xE3, 0xCF, 0xF8, 0xFB, 0x00, 0xE4, 0x1D, 0xFF, 0x1F, 0xC0, 0x08,
    0x60, 0xC3, 0x03, 0x38, 0x0F, 0x80, 0x10, 0x07, 0xF0, 0xFF, 0xCF, 0x07, 0x70, 0x07, 0x00, 0x38,
    0x01, 0xC0, 0x0C, 0x1F, 0xE0, 0xFF, 0x80, 0x7C, 0x03, 0x60, 0x1B, 0x80, 0xCF, 0xFE, 0x3F, 0xE0,
    0x38, 0x00, 0x10, 0x83, 0x18, 0x66, 0x0F, 0xC0, 0xF0, 0x1C, 0x8F, 0xFB, 0xDF, 0x70, 0xEC, 0x1D,
    0x81, 0xB0, 0x36, 0x0E, 0xE3, 0xCF, 0xF8, 0xFB, 0x00, 0xE4, 0x1D, 0xFF, 0x1F, 0xC0, 0x03, 0x00,
    0x18, 0x00, 0x40, 0x00, 0x00, 0xFE, 0x1F, 0xF9, 0xE0, 0xEE, 0x00, 0xE0, 0x07, 0x00, 0x38, 0x01,
    0x83, 0xFC, 0x1F, 0xF0, 0x0F, 0x80, 0x6C, 0x03, 0x70, 0x19, 0xFF, 0xC7, 0xFC, 0x07, 0x00, 0x06,
    0x00, 0xE0, 0x18, 0x00, 0x00, 0xE4, 0x7F, 0xDE, 0xFB, 0x87, 0x60, 0xEC, 0x0D, 0x81, 0xB0, 0x77,
    0x1E, 0x7F, 0xC7, 0xD8, 0x07, 0x20, 0xEF, 0xF8, 0xFE, 0x00, 0x0F, 0xE1, 0xFF, 0x9E, 0x0E, 0xE0,
    0x0E, 0x00, 0x70, 0x03, 0x80, 0x18, 0x3F, 0xC1, 0xFF, 0x00, 0xF8, 0x06, 0xC0, 0x37, 0x01, 0x9F,
    0xFC, 0x7F, 0xC0, 0x70, 0x03, 0x00, 0x1C, 0x00, 0xE0, 0x02, 0x00, 0x10, 0x00, 0x02, 0x00, 0xC0,
    0x18, 0x03, 0x80, 0x20, 0x1C, 0x8F, 0xFB, 0xDF, 0x70, 0xEC, 0x1D, 0x81, 0xB0, 0x36, 0x0E, 0xE3,
    0xCF, 0xF8, 0xFB, 0x00, 0xE4, 0x1D, 0xFF, 0x1F, 0xC0, 0x03, 0x00, 0x1E, 0x00, 0xFC, 0x03, 0x30,
    0x08, 0x41, 0x80, 0x6E, 0x01, 0xB8, 0x06, 0xE0, 0x1B, 0x80, 0x6E, 0x01, 0xBF, 0xFE, 0xFF, 0xFB,
    0xFF, 0xEE, 0x01, 0xB8, 0x06, 0xE0, 0x1B, 0x80, 0x6E, 0x01, 0xB8, 0x06, 0x00, 0x00, 0x0C, 0x07,
    0x83, 0xF0, 0xCC, 0x21, 0x30, 0x0E, 0x03, 0x80, 0xE0, 0x3B, 0x8F, 0xFB, 0xEE, 0xE1, 0xF8, 0x7E,
    0x1F, 0x87, 0xE1, 0xF8, 0x7E, 0x1F, 0x87, 0x00, 0x00, 0x30, 0x0E, 0x18, 0x07, 0x1F, 0xFF, 0xDF,
    0xFF, 0xF7, 0xFF, 0xF1, 0x80, 0x70, 0xC0, 0x38, 0x7F, 0xFC, 0x3F, 0xFE, 0x18, 0x07, 0x0C, 0x03,
    0x86, 0x01, 0xC3, 0x00, 0xE1, 0x80, 0x70, 0xC0, 0x38, 0x00, 0x00, 0x30, 0x03, 0x80, 0xFF, 0x87,
    0xF0, 0x3B, 0x83, 0xFE, 0x3E, 0xE3, 0x87, 0x38, 0x73, 0x87, 0x38, 0x73, 0x87, 0x38, 0x73, 0x87,
    0x38, 0x70, 0x00, 0x00, 0x9E, 0x6D, 0xFB, 0x1C, 0x00, 0x03, 0x01, 0xC0, 0x70, 0x1C, 0x07, 0x01,
    0xC0, 0x70, 0x1C, 0x07, 0x01, 0xC0, 0x70, 0x1C, 0x07, 0x01, 0xC0, 0x70, 0x00, 0x00, 0x01, 0x3C,
    0x9F, 0xD8, 0xC0, 0x00, 0x40, 0x70, 0x38, 0x1C, 0x0E, 0x07, 0x03, 0x81, 0xC0, 0xE0, 0x70, 0x38,
    0x00, 0x00, 0x00, 0xFE, 0x00, 0x00, 0x18, 0x38, 0x38, 0x38, 0x38, 0x38, 0x38, 0x38, 0x38, 0x38,
    0x38, 0x38, 0x38, 0x38, 0x38, 0x00, 0x7D, 0xFC, 0x00, 0x01, 0x07, 0x0E, 0x1C, 0x38, 0x70, 0xE1,
    0xC3, 0x87, 0x0E, 0x00, 0x82, 0xC2, 0xE6, 0x7C, 0x10, 0x18, 0x38, 0x38, 0x38, 0x38, 0x38, 0x38,
    0x38, 0x38, 0x38, 0x38, 0x38, 0x38, 0x38, 0x38, 0x00, 0x87, 0x8F, 0x1B, 0xE3, 0x82, 0x0E, 0x1C,
    0x38, 0x70, 0xE1, 0xC3, 0x87, 0x0E, 0x1C, 0x00, 0x33, 0x9C, 0xE7, 0x39, 0xCE, 0x73, 0x9C, 0xE7,
    0x39, 0xCC, 0xC7, 0x1E, 0x73, 0x98, 0x02, 0x39, 0xCE, 0x73, 0x9C, 0xE7, 0x39, 0xDC, 0xC6, 0x9C,
    0x7D, 0x07, 0xFF, 0xFF, 0xFF, 0xFF, 0xFF, 0x80, 0x5F, 0xFF, 0xFF, 0xFF, 0x80, 0x61, 0xF8, 0x7E,
    0x1F, 0x87, 0xE1, 0xF8, 0x7E, 0x1F, 0x87, 0xE1, 0xF8, 0x7E, 0x1F, 0x87, 0xE1, 0xBB, 0xEE, 0xF0,
    0x00, 0x0C, 0x0F, 0x0F, 0xC6, 0x62, 0x10, 0x60, 0x30, 0x18, 0x0C, 0x06, 0x03, 0x01, 0x80, 0xC0,
    0x60, 0x30, 0x18, 0x0C, 0x06, 0x1F, 0x1F, 0x00, 0x00, 0x1C, 0x1C, 0x36, 0x36, 0x63, 0x08, 0x1C,
    0x1C, 0x1C, 0x1C, 0x1C, 0x1C, 0x1C, 0x1C, 0x1C, 0x1C, 0x1C, 0x1C, 0x78, 0x70, 0x60, 0x6E, 0x0E,
    0xE1, 0xCE, 0x38, 0xE7, 0x0E, 0xE0, 0xFC, 0x0F, 0x80, 0xFC, 0x0E, 0xE0, 0xE7, 0x0E, 0x38, 0xE1,
    0xCE, 0x0E, 0xE0, 0x70, 0x00, 0x04, 0x00, 0xE0, 0x06, 0x00, 0x60, 0x04, 0x00, 0xC0, 0x70, 0x38,
    0x1C, 0x0E, 0x17, 0x1F, 0x9D, 0xDC, 0xFC, 0x7C, 0x3E, 0x1F, 0x8E, 0xF7, 0x3F, 0x8E, 0x00, 0x18,
    0x0E, 0x07, 0x03, 0x01, 0x80, 0x41, 0x71, 0xF9, 0xDD, 0xCF, 0xC7, 0xC3, 0xE1, 0xF8, 0xEF, 0x73,
    0xF8, 0xE0, 0x00, 0x18, 0x07, 0x00, 0xC0, 0x30, 0x00, 0x00, 0xC0, 0x38, 0x07, 0x00, 0xE0, 0x1C,
    0x03, 0x80, 0x70, 0x0E, 0x01, 0xC0, 0x38, 0x07, 0x00, 0xE0, 0x1C, 0x03, 0xFF, 0x3F, 0xE0, 0x18,
    0xE7, 0x18, 0x03, 0x0E, 0x38, 0xE3, 0x8E, 0x38, 0xE3, 0x8E, 0x38, 0xE3, 0x87, 0x9E, 0x10, 0x60,
    0x1C, 0x03, 0x80, 0x70, 0x0E, 0x01, 0xC0, 0x38, 0x07, 0x00, 0xE0, 0x1C, 0x03, 0x80, 0x70, 0x0E,
    0x01, 0xFF, 0x9F, 0xF0, 0x00, 0x0C, 0x01, 0xC0, 0x38, 0x02, 0x00, 0x40, 0xC3, 0x8E, 0x38, 0xE3,
    0x8E, 0x38, 0xE3, 0x8E, 0x38, 0xE1, 0xE7, 0x84, 0x31, 0xC3, 0x0C, 0x20, 0x66, 0x1C, 0xC3, 0x98,
    0x73, 0x0E, 0x41, 0xC0, 0x38, 0x07, 0x00, 0xE0, 0x1C, 0x03, 0x80, 0x70, 0x0E, 0x01, 0xFF, 0x9F,
    0xF0, 0xDB, 0xEF, 0xBE, 0xF3, 0x8E, 0x38, 0xE3, 0x8E, 0x38, 0xE1, 0xE7, 0x84, 0x60, 0x1C, 0x03,
    0x80, 0x70, 0x0E, 0x01, 0xC6, 0x38, 0xE7, 0x1C, 0xE0, 0x1C, 0x03, 0x80, 0x70, 0x0E, 0x01, 0xFF,
    0x9F, 0xF0, 0xC3, 0x8E, 0x38, 0xE3, 0x8E, 0xFF, 0xEF, 0x8E, 0x38, 0xE1, 0xE7, 0x84, 0x18, 0x01,
    0xC0, 0x0E, 0x00, 0x70, 0x03, 0x98, 0x1F, 0xC0, 0xFC, 0x07, 0x80, 0xF8, 0x07, 0xC0, 0x0E, 0x00,
    0x70, 0x03, 0x80, 0x1F, 0xF8, 0x7F, 0xC0, 0x30, 0x38, 0x38, 0x38, 0x38, 0x3E, 0x3E, 0x3C, 0xF8,
    0x78, 0x38, 0x38, 0x38, 0x1E, 0x1E, 0x04, 0x00, 0xC0, 0x0E, 0x00, 0x60, 0x06, 0x00, 0x00, 0x30,
    0x0F, 0x80, 0x7E, 0x03, 0xF8, 0x1F, 0xE0, 0xFB, 0x07, 0xDC, 0x3E, 0x71, 0xF1, 0xCF, 0x86, 0x7C,
    0x3B, 0xE0, 0xFF, 0x03, 0xF8, 0x0F, 0xC0, 0x70, 0x00, 0x00, 0x03, 0x01, 0xC0, 0x60, 0x38, 0x0C,
    0x13, 0x8F, 0xFB, 0xEE, 0xE1, 0xF8, 0x7E, 0x1F, 0x87, 0xE1, 0xF8, 0x7E, 0x1F, 0x87, 0x00, 0x00,
    0x60, 0x1F, 0x00, 0xFC, 0x07, 0xF0, 0x3F, 0xC1, 0xF6, 0x0F, 0xB8, 0x7C, 0xE3, 0xE3, 0x9F, 0x0C,
    0xF8, 0x77, 0xC1, 0xFE, 0x07, 0xF0, 0x1F, 0x80, 0xE0, 0x00, 0x03, 0x00, 0x38, 0x00, 0xC0, 0x06,
    0x00, 0x20, 0x00, 0x4E, 0x3F, 0xEF, 0xBB, 0x87, 0xE1, 0xF8, 0x7E, 0x1F, 0x87, 0xE1, 0xF8, 0x7E,
    0x1C, 0x00, 0x0C, 0x03, 0x00, 0xC0, 0x30, 0x08, 0x00, 0x18, 0xC0, 0x6E, 0x03, 0xE0, 0x0E, 0x00,
    0x20, 0x30, 0x0F, 0x80, 0x7E, 0x03, 0xF8, 0x1F, 0xE0, 0xFB, 0x07, 0xDC, 0x3E, 0x71, 0xF1, 0xCF,
    0x86, 0x7C, 0x3B, 0xE0, 0xFF, 0x03, 0xF8, 0x0F, 0xC0, 0x70, 0x00, 0x00, 0x33, 0x0C, 0xC1, 0xE0,
    0x78, 0x0C, 0x13, 0x8F, 0xFB, 0xEE, 0xE1, 0xF8, 0x7E, 0x1F, 0x87, 0xE1, 0xF8, 0x7E, 0x1F, 0x87,
    0x00, 0x00, 0x60, 0x0E, 0x00, 0x60, 0x06, 0x00, 0x00, 0x01, 0x38, 0x3F, 0xE3, 0xEE, 0x38, 0x73,
    0x87, 0x38, 0x73, 0x87, 0x38, 0x73, 0x87, 0x38, 0x73, 0x87, 0x00, 0x00, 0x60, 0x1F, 0x00, 0xFC,
    0x07, 0xF0, 0x3F, 0xC1, 0xF6, 0x0F, 0xB8, 0x7C, 0xE3, 0xE3, 0x9F, 0x0C, 0xF8, 0x77, 0xC1, 0xFE,
    0x07, 0xF0, 0x1F, 0x80, 0xE0, 0x03, 0x00, 0x38, 0x07, 0x80, 0x3C, 0x4E, 0x3F, 0xEF, 0xBB, 0x87,
    0xE1, 0xF8, 0x7E, 0x1F, 0x87, 0xE1, 0xF8, 0x7E, 0x1C, 0x07, 0x01, 0xC1, 0xE0, 0xF0, 0x00, 0x00,
    0x7F, 0x80, 0x00, 0x00, 0x00, 0x0F, 0xC0, 0xFF, 0xC7, 0x87, 0x9C, 0x0E, 0xE0, 0x1F, 0x80, 0x7E,
    0x01, 0xF0, 0x03, 0xC0, 0x1F, 0x80, 0x7E, 0x01, 0xD8, 0x06, 0x70, 0x38, 0xFF, 0xC1, 0xFE, 0x00,
    0xC0, 0x1F, 0x07, 0xF0, 0x00, 0x00, 0x00, 0xE0, 0x7F, 0x0E, 0xF3, 0x87, 0x60, 0xEC, 0x0D, 0x81,
    0xB0, 0x77, 0x0E, 0x7F, 0x87, 0xE0, 0x30, 0x18, 0x60, 0x61, 0x80, 0xCC, 0x03, 0xF0, 0x00, 0x00,
    0x3F, 0x03, 0xFF, 0x1E, 0x1E, 0x70, 0x3B, 0x80, 0x7E, 0x01, 0xF8, 0x07, 0xC0, 0x0F, 0x00, 0x7E,
    0x01, 0xF8, 0x07, 0x60, 0x19, 0xC0, 0xE3, 0xFF, 0x07, 0xF8, 0x03, 0x00, 0x30, 0x86, 0x30, 0x66,
    0x0F, 0xC0, 0xE0, 0x1C, 0x0F, 0xE1, 0xDE, 0x70, 0xEC, 0x1D, 0x81, 0xB0, 0x36, 0x0E, 0xE1, 0xCF,
    0xF0, 0xFC, 0x06, 0x00, 0x01, 0x60, 0x0D, 0x80, 0x3C, 0x01, 0xB0, 0x00, 0x80, 0x3F, 0x03, 0xFF,
    0x1E, 0x1E, 0x70, 0x3B, 0x80, 0x7E, 0x01, 0xF8, 0x07, 0xC0, 0x0F, 0x00, 0x7E, 0x01, 0xF8, 0x07,
    0x60, 0x19, 0xC0, 0xE3, 0xFF, 0x07, 0xF8, 0x03, 0x00, 0x07, 0x81, 0xF0, 0x36, 0x06, 0x80, 0xB0,
    0x1C, 0x0F, 0xE1, 0xDE, 0x70, 0xEC, 0x1D, 0x81, 0xB0, 0x36, 0x0E, 0xE1, 0xCF, 0xF0, 0xFC, 0x06,
    0x00, 0x0F, 0xFF, 0xF3, 0xFF, 0xFF, 0x78, 0x38, 0x07, 0x03, 0x80, 0xE0, 0x38, 0x0E, 0x03, 0x80,
    0xE0, 0x3F, 0xEC, 0x03, 0xFF, 0xC0, 0x3F, 0xEE, 0x03, 0x80, 0xE0, 0x38, 0x07, 0x03, 0x80, 0x78,
    0x38, 0x03, 0xFF, 0xFF, 0x0F, 0xFF, 0xF0, 0x0E, 0x0E, 0x07, 0xF3, 0xF0, 0xEF, 0xE7, 0x38, 0x78,
    0x66, 0x0E, 0x0C, 0xC0, 0xFF, 0x98, 0x1F, 0xF3, 0x07, 0x00, 0x70, 0xF0, 0x07, 0xFF, 0xF8, 0x7E,
    0x7F, 0x02, 0x03, 0x00, 0x01, 0x80, 0x18, 0x03, 0x80, 0x30, 0x00, 0x07, 0xF8, 0xFF, 0xEE, 0x0E,
    0xE0, 0x7E, 0x07, 0xE0, 0x7E, 0x06, 0xFF, 0xEF, 0xFC, 0xE1, 0xCE, 0x0C, 0xE0, 0xEE, 0x06, 0xE0,
    0x7E, 0x03, 0x00, 0x00, 0x06, 0x18, 0x70, 0xC1, 0x89, 0xBF, 0xFE, 0xE1, 0xC3, 0x87, 0x0E, 0x1C,
    0x38, 0x70, 0x00, 0x7F, 0x8F, 0xFE, 0xE0, 0xEE, 0x07, 0xE0, 0x7E, 0x07, 0xE0, 0x6F, 0xFE, 0xFF,
    0xCE, 0x1C, 0xE0, 0xCE, 0x0E, 0xE0, 0x6E, 0x07, 0xE0, 0x30, 0x00, 0x06, 0x00, 0x70, 0x06, 0x00,
    0x60, 0x06, 0x00, 0x4D, 0xFF, 0xF7, 0x0E, 0x1C, 0x38, 0x70, 0xE1, 0xC3, 0x80, 0x04, 0x1C, 0x38,
    0x30, 0x40, 0x18, 0x81, 0x98, 0x0F, 0x00, 0xF0, 0x02, 0x07, 0xF8, 0xFF, 0xEE, 0x0E, 0xE0, 0x7E,
    0x07, 0xE0, 0x7E, 0x06, 0xFF, 0xEF, 0xFC, 0xE1, 0xCE, 0x0C, 0xE0, 0xEE, 0x06, 0xE0, 0x7E, 0x03,
    0x00, 0x00, 0xC6, 0xD9, 0xB1, 0xC3, 0x89, 0xBF, 0xFE, 0xE1, 0xC3, 0x87, 0x0E, 0x1C, 0x38, 0x70,
    0x00, 0x01, 0x80, 0x70, 0x0C, 0x03, 0x00, 0x00, 0x7F, 0x1F, 0xFF, 0x87, 0xE0, 0x18, 0x03, 0x80,
    0x7C, 0x07, 0xF8, 0x3F, 0x80, 0x38, 0x03, 0x00, 0x78, 0x1F, 0xFF, 0xBF, 0xE0, 0xE0, 0x03, 0x00,
    0xC0, 0x70, 0x18, 0x04, 0x03, 0x83, 0xF9, 0xCE, 0x60, 0x1C, 0x03, 0xE0, 0x7E, 0x01, 0x80, 0x67,
    0xF9, 0xFC, 0x0C, 0x00, 0x0E, 0x01, 0xE0, 0x6C, 0x18, 0xC0, 0x00, 0x7F, 0x1F, 0xFF, 0x87, 0xE0,
    0x18, 0x03, 0x80, 0x7C, 0x07, 0xF8, 0x3F, 0x80, 0x38, 0x03, 0x00, 0x78, 0x1F, 0xFF, 0xBF, 0xE0,
    0xE0, 0x0C, 0x07, 0x81, 0xF0, 0xCC, 0x31, 0x03, 0x83, 0xF9, 0xCE, 0x60, 0x1C, 0x03, 0xE0, 0x7E,
    0x01, 0x80, 0x67, 0xF9, 0xFC, 0x0C, 0x00, 0x3F, 0x8F, 0xFF, 0xC3, 0xF0, 0x0C, 0x01, 0xC0, 0x3E,
    0x03, 0xFC, 0x1F, 0xC0, 0x1C, 0x01, 0x80, 0x3C, 0x0F, 0xFF, 0xDF, 0xF0, 0x70, 0x0F, 0x01, 0x60,
    0x7C, 0x00, 0x0E, 0x0F, 0xE7, 0x39, 0x80, 0x70, 0x0F, 0x81, 0xF8, 0x06, 0x01, 0x9F, 0xE7, 0xF0,
    0x30, 0x0F, 0x00, 0xC1, 0xE0, 0x31, 0x87, 0x70, 0x7C, 0x07, 0x00, 0x40, 0x7F, 0x1F, 0xFF, 0x87,
    0xE0, 0x18, 0x03, 0x80, 0x7C, 0x07, 0xF8, 0x3F, 0x80, 0x38, 0x03, 0x00, 0x78, 0x1F, 0xFF, 0xBF,
    0xE0, 0xE0, 0x31, 0x0C, 0xC1, 0xE0, 0x78, 0x0C, 0x03, 0x83, 0xF9, 0xCE, 0x60, 0x1C, 0x03, 0xE0,
    0x7E, 0x01, 0x80, 0x67, 0xF9, 0xFC, 0x0C, 0x00, 0x7F, 0xFD, 0xFF, 0xF0, 0x38, 0x00, 0xE0, 0x03,
    0x80, 0x0E, 0x00, 0x38, 0x00, 0xE0, 0x03, 0x80, 0x0E, 0x00, 0x38, 0x00, 0xE0, 0x03, 0x80, 0x0E,
    0x00, 0x30, 0x00, 0xC0, 0x03, 0xC0, 0x03, 0x00, 0x7C, 0x00, 0x18, 0x0C, 0x06, 0x07, 0xC7, 0xF3,
    0xF8, 0x60, 0x30, 0x18, 0x0C, 0x06, 0x03, 0x01, 0xF8, 0x7C, 0x38, 0x1E, 0x03, 0x0F, 0x80, 0x0C,
    0x60, 0x3B, 0x00, 0x7C, 0x00, 0xE0, 0x01, 0x01, 0xFF, 0xF7, 0xFF, 0xC0, 0xE0, 0x03, 0x80, 0x0E,
    0x00, 0x38, 0x00, 0xE0, 0x03, 0x80, 0x0E, 0x00, 0x38, 0x00, 0xE0, 0x03, 0x80, 0x0E, 0x00, 0x38,
    0x00, 0xC0, 0x00, 0x00, 0x03, 0x0D, 0x86, 0xC3, 0x43, 0xE3, 0xF9, 0xFC, 0x30, 0x18, 0x0C, 0x06,
    0x03, 0x01, 0x80, 0xFC, 0x3E, 0x04, 0x7F, 0xFD, 0xFF, 0xF0, 0x38, 0x00, 0xE0, 0x03, 0x80, 0x0E,
    0x00, 0xFC, 0x07, 0xFC, 0x0F, 0xE0, 0x0E, 0x00, 0x38, 0x00, 0xE0, 0x03, 0x80, 0x0E, 0x00, 0x30,
    0x00, 0x00, 0x18, 0x0C, 0x06, 0x07, 0xC7, 0xF3, 0xF8, 0x60, 0x30, 0x7F, 0x3F, 0x06, 0x03, 0x01,
    0xF8, 0x7C, 0x08, 0x00, 0x20, 0xF3, 0x0D, 0xF8, 0x63, 0x80, 0x00, 0x70, 0x0F, 0x80, 0xFC, 0x07,
    0xE0, 0x3F, 0x01, 0xF8, 0x0F, 0xC0, 0x7E, 0x03, 0xF0, 0x1F, 0x80, 0xFC, 0x07, 0x60, 0x3B, 0x83,
    0x8F, 0xFC, 0x3F, 0xC0, 0x30, 0x00, 0x00, 0x1E, 0x66, 0xF9, 0x1C, 0x00, 0x10, 0x2E, 0x1B, 0x86,
    0xE1, 0xB8, 0x6E, 0x1B, 0x86, 0xE1, 0xB8, 0xE7, 0xF9, 0xFE, 0x18, 0x00, 0x00, 0x00, 0xFE, 0x00,
    0x00, 0x00, 0x0E, 0x01, 0xF0, 0x1F, 0x80, 0xFC, 0x07, 0xE0, 0x3F, 0x01, 0xF8, 0x0F, 0xC0, 0x7E,
    0x03, 0xF0, 0x1F, 0x80, 0xEC, 0x07, 0x70, 0x71, 0xFF, 0x87, 0xF8, 0x06, 0x00, 0x3E, 0x1F, 0xC0,
    0x00, 0x00, 0x40, 0xB8, 0x6E, 0x1B, 0x86, 0xE1, 0xB8, 0x6E, 0x1B, 0x86, 0xE3, 0x9F, 0xE7, 0xF8,
    0x60, 0x10, 0x40, 0xC6, 0x07, 0x70, 0x1F, 0x00, 0x20, 0x70, 0x0F, 0x80, 0xFC, 0x07, 0xE0, 0x3F,
    0x01, 0xF8, 0x0F, 0xC0, 0x7E, 0x03, 0xF0, 0x1F, 0x80, 0xFC, 0x07, 0x60, 0x3B, 0x83, 0x8F, 0xFC,
    0x3F, 0xC0, 0x30, 0x00, 0x21, 0x18, 0xC3, 0x30, 0xFC, 0x1E, 0x10, 0x2E, 0x1B, 0x86, 0xE1, 0xB8,
    0x6E, 0x1B, 0x86, 0xE1, 0xB8, 0xE7, 0xF9, 0xFE, 0x18, 0x00, 0x07, 0x00, 0x7C, 0x03, 0x20, 0x19,
    0x00, 0xF8, 0x01, 0x03, 0x80, 0x7C, 0x07, 0xE0, 0x3F, 0x01, 0xF8, 0x0F, 0xC0, 0x7E, 0x03, 0xF0,
    0x1F, 0x80, 0xFC, 0x07, 0xE0, 0x3B, 0x01, 0xDC, 0x1C, 0x7F, 0xE1, 0xFE, 0x01, 0x80, 0x08, 0x07,
    0x83, 0x30, 0xCC, 0x3E, 0x07, 0x04, 0x0B, 0x86, 0xE1, 0xB8, 0x6E, 0x1B, 0x86, 0xE1, 0xB8, 0x6E,
    0x39, 0xFE, 0x7F, 0x86, 0x00, 0x03, 0x60, 0x1F, 0x01, 0xB0, 0x0F, 0x00, 0x40, 0x70, 0x0F, 0x80,
    0xFC, 0x07, 0xE0, 0x3F, 0x01, 0xF8, 0x0F, 0xC0, 0x7E, 0x03, 0xF0, 0x1F, 0x80, 0xFC, 0x07, 0x60,
    0x3B, 0x83, 0x8F, 0xFC, 0x3F, 0xC0, 0x30, 0x00, 0x0F, 0x07, 0xC1, 0xB0, 0x68, 0x12, 0x10, 0x2E,
    0x1B, 0x86, 0xE1, 0xB8, 0x6E, 0x1B, 0x86, 0xE1, 0xB8, 0xE7, 0xF9, 0xFE, 0x18, 0x00, 0xE0, 0x1F,
    0x01, 0xF8, 0x0F, 0xC0, 0x7E, 0x03, 0xF0, 0x1F, 0x80, 0xFC, 0x07, 0xE0, 0x3F, 0x01, 0xF8, 0x0E,
    0xC0, 0x77, 0x07, 0x1F, 0xF8, 0x7F, 0x80, 0xE0, 0x06, 0x00, 0x34, 0x01, 0xE0, 0x40, 0xB8, 0x6E,
    0x1B, 0x86, 0xE1, 0xB8, 0x6E, 0x1B, 0x86, 0xE3, 0x9F, 0xE7, 0xF8, 0x6E, 0x03, 0x00, 0xD0, 0x3C,
    0x00, 0x38, 0x00, 0x00, 0x70, 0x00, 0x01, 0xB0, 0x00, 0x06, 0x30, 0x00, 0x00, 0x00, 0x0C, 0x07,
    0x01, 0x98, 0x0E, 0x03, 0x38, 0x1C, 0x06, 0x70, 0x7C, 0x1C, 0x60, 0xD8, 0x30, 0xE1, 0xB0, 0xE1,
    0xC7, 0x71, 0xC1, 0x8C, 0x63, 0x03, 0x98, 0xCE, 0x07, 0x71, 0xD8, 0x06, 0xC1, 0xB0, 0x0F, 0x83,
    0xE0, 0x0F, 0x07, 0x80, 0x1C, 0x07, 0x00, 0x38, 0x0E, 0x00, 0x00, 0x00, 0x00, 0x01, 0xC0, 0x00,
    0xF0, 0x00, 0xF8, 0x00, 0x66, 0x00, 0x23, 0x02, 0x04, 0x01, 0x87, 0x06, 0xC3, 0x87, 0x71, 0xE3,
    0x39, 0xF1, 0x8C, 0xDD, 0xC7, 0x66, 0xC1, 0xF3, 0x60, 0xF1, 0xF0, 0x78, 0x70, 0x18, 0x38, 0x00,
    0x00, 0x00, 0x06, 0x00, 0x78, 0x03, 0xE0, 0x33, 0x00, 0x00, 0x60, 0x1B, 0x81, 0xCE, 0x0E, 0x30,
    0xE1, 0xCE, 0x07, 0x60, 0x1F, 0x00, 0x70, 0x03, 0x00, 0x18, 0x00, 0xC0, 0x06, 0x00, 0x30, 0x01,
    0x80, 0x0C, 0x00, 0x00, 0x00, 0x0E, 0x01, 0xC0, 0x6C, 0x1D, 0x83, 0x10, 0x80, 0xB8, 0x3F, 0x06,
    0x61, 0xCE, 0x30, 0xCE, 0x1D, 0x81, 0xB0, 0x3E, 0x03, 0x80, 0x70, 0x0C, 0x03, 0x80, 0x60, 0x0C,
    0x00, 0x19, 0x80, 0xEC, 0x02, 0x60, 0x00, 0x0C, 0x03, 0x70, 0x39, 0xC1, 0xC6, 0x1C, 0x39, 0xC0,
    0xEC, 0x03, 0xE0, 0x0E, 0x00, 0x60, 0x03, 0x00, 0x18, 0x00, 0xC0, 0x06, 0x00, 0x30, 0x01, 0x80,
    0x00, 0x00, 0x00, 0xC0, 0x1C, 0x03, 0x80, 0x30, 0x00, 0x07, 0xFF, 0x7F, 0xF0, 0x06, 0x00, 0xE0,
    0x1C, 0x03, 0x80, 0x30, 0x07, 0x00, 0xE0, 0x0C, 0x01, 0xC0, 0x38, 0x07, 0x00, 0x7F, 0xF7, 0xFF,
    0x06, 0x03, 0x03, 0x03, 0x81, 0x83, 0xF3, 0xFD, 0xFE, 0x0E, 0x06, 0x07, 0x07, 0x03, 0x03, 0x03,
    0xFD, 0xFE, 0x07, 0x00, 0x70, 0x02, 0x00, 0x00, 0x7F, 0xF7, 0xFF, 0x00, 0x60, 0x0E, 0x01, 0xC0,
    0x38, 0x03, 0x00, 0x70, 0x0E, 0x00, 0xC0, 0x1C, 0x03, 0x80, 0x70, 0x07, 0xFF, 0x7F, 0xF0, 0x18,
    0x0C, 0x06, 0x00, 0x07, 0xE7, 0xFB, 0xFC, 0x1C, 0x0C, 0x0E, 0x0E, 0x06, 0x06, 0x07, 0xFB, 0xFC,
    0x18, 0xC1, 0xD8, 0x0F, 0x80, 0x70, 0x02, 0x07, 0xFF, 0x7F, 0xF0, 0x06, 0x00, 0xE0, 0x1C, 0x03,
    0x80, 0x30, 0x07, 0x00, 0xE0, 0x0C, 0x01, 0xC0, 0x38, 0x07, 0x00, 0x7F, 0xF7, 0xFF, 0x66, 0x33,
    0x0F, 0x07, 0x81, 0x83, 0xF3, 0xFD, 0xFE, 0x0E, 0x06, 0x07, 0x07, 0x03, 0x03, 0x03, 0xFD, 0xFE,
    0x00, 0x0C, 0x00, 0x30, 0x01, 0xC3, 0xFE, 0x3F, 0xF1, 0xE1, 0xE7, 0x03, 0xB8, 0x07, 0xE0, 0x1F,
    0x80, 0x7C, 0x00, 0xF0, 0x07, 0xE0, 0x1F, 0x80, 0x76, 0x01, 0x9C, 0x0E, 0x3F, 0xF0, 0x7F, 0x80,
    0x30, 0x00, 0x00, 0x60, 0x0C, 0x3F, 0x9F, 0xE3, 0xBC, 0xE1, 0xD8, 0x3B, 0x03, 0x60, 0x6C, 0x1D,
    0xC3, 0x9F, 0xE1, 0xF8, 0x0C, 0x00, 0x00, 0x06, 0x00, 0x0C, 0x00, 0x1F, 0x00, 0xFE, 0x03, 0x9C,
    0x07, 0x38, 0x0E, 0x70, 0x1C, 0xE0, 0x39, 0xC0, 0x73, 0x80, 0xE7, 0x01, 0xCE, 0x03, 0x9C, 0x07,
    0x18, 0x0E, 0x38, 0x38, 0x3F, 0xF0, 0x3F, 0xC0, 0x0C, 0x00, 0x00, 0x30, 0x03, 0x40, 0xFE, 0x1E,
    0xE1, 0x8E, 0x18, 0xE1, 0x8E, 0x18, 0xE1, 0x8E, 0x18, 0xE3, 0x87, 0xF8, 0x7F, 0x81, 0x80, 0x00,
    0x00, 0x63, 0x00, 0x00, 0x0E, 0xE0, 0x00, 0x00, 0xF8, 0x00, 0x00, 0x0E, 0x00, 0x00, 0x00, 0x80,
    0xFF, 0x03, 0xFF, 0xBF, 0xF8, 0x7F, 0xF7, 0x07, 0x80, 0x0C, 0xE0, 0x38, 0x03, 0x9C, 0x07, 0x00,
    0xE3, 0x80, 0x60, 0x18, 0x70, 0x0E, 0x07, 0x0E, 0x01, 0xC1, 0xC1, 0xC0, 0x38, 0x70, 0x38, 0x06,
    0x0C, 0x07, 0x00, 0xC3, 0x80, 0xE0, 0x38, 0xE0, 0x1C, 0x0E, 0x18, 0x03, 0xFF, 0x87, 0xFF, 0x3F,
    0xE0, 0xFF, 0xE0, 0x00, 0x00, 0xC6, 0x7F, 0x80, 0x6C, 0xFF, 0xE0, 0x6C, 0xE0, 0xF0, 0x38, 0xE0,
    0x38, 0x38, 0xE0, 0x38, 0xFC, 0xE0, 0x19, 0xFF, 0xE0, 0x1C, 0xFE, 0xE0, 0x1C, 0x0E, 0xE0, 0x1C,
    0x1C, 0xE0, 0x18, 0x38, 0xE0, 0x18, 0x30, 0xE0, 0x38, 0x70, 0xE0, 0x70, 0xE0, 0xFF, 0xE1, 0xFF,
    0x7F, 0xC1, 0xFF, 0x00, 0x03, 0x10, 0x01, 0x8C, 0xC0, 0x0E, 0x1E, 0x00, 0x38, 0x78, 0x00, 0xE0,
    0xC0, 0x3B, 0x8F, 0xC3, 0xFE, 0x7F, 0x9E, 0xF8, 0xFE, 0x70, 0xE0, 0x31, 0x83, 0x81, 0xC6, 0x06,
    0x0E, 0x18, 0x18, 0x70, 0x60, 0xE1, 0x81, 0xC3, 0x8C, 0x03, 0xFE, 0x7F, 0x8F, 0xD9, 0xFF, 0x04,
    0x00, 0x00, 0x60, 0x03, 0x70, 0x01, 0xB8, 0x00, 0xDC, 0x00, 0x6E, 0x00, 0x37, 0x00, 0x1B, 0x80,
    0x0D, 0xC0, 0x06, 0xE0, 0x03, 0x70, 0x01, 0xB8, 0x00, 0xDC, 0x00, 0x6E, 0x00, 0x37, 0xFE, 0xF9,
    0xFF, 0xF8, 0x00, 0x00, 0x60, 0x0F, 0x80, 0x7E, 0x00, 0xF8, 0x00, 0xE0, 0x0B, 0x80, 0x3E, 0x00,
    0xF8, 0x03, 0xE0, 0x0F, 0x80, 0x3E, 0x00, 0xF8, 0x03, 0xE0, 0x0F, 0xFF, 0x37, 0xFC, 0xC0, 0x03,
    0x00, 0x1C, 0x01, 0xE0, 0x07, 0x80, 0xC1, 0xF1, 0xF8, 0x7C, 0x0E, 0x17, 0x1F, 0x8F, 0xC7, 0xE3,
    0xF1, 0xF8, 0xFC, 0x7E, 0x3B, 0xDD, 0xEE, 0x27, 0x03, 0x87, 0x83, 0xC0, 0x60, 0x18, 0x7E, 0x01,
    0x87, 0xF0, 0x18, 0x7F, 0x81, 0x87, 0xFC, 0x18, 0x7E, 0xC1, 0x87, 0xEE, 0x18, 0x7E, 0x71, 0x87,
    0xE3, 0x98, 0x7E, 0x19, 0x87, 0xE1, 0xD8, 0x7E, 0x0F, 0x87, 0xE0, 0x78, 0x7E, 0x03, 0xBE, 0xE0,
    0x3B, 0xC0, 0x00, 0x00, 0x60, 0x18, 0xDC, 0x03, 0x3B, 0xC0, 0x63, 0x7C, 0x0C, 0x0F, 0xC1, 0x89,
    0xD8, 0x31, 0xBB, 0x86, 0x37, 0x38, 0xC6, 0xE3, 0x98, 0xDC, 0x33, 0x1B, 0x87, 0x63, 0x70, 0x7C,
    0x6E, 0x07, 0x8D, 0xC0, 0x71, 0xB8, 0x0E, 0x30, 0x00, 0x06, 0x00, 0x01, 0xC0, 0x00, 0xF8, 0x00,
    0x1E, 0x00, 0x00, 0x0C, 0x00, 0x1C, 0x00, 0x30, 0x00, 0x04, 0xE0, 0x5F, 0xF1, 0xBE, 0xE3, 0xF0,
    0xE7, 0xE1, 0xCF, 0xC3, 0x9F, 0x87, 0x3F, 0x0E, 0x7E, 0x1C, 0xFC, 0x39, 0xF8, 0x73, 0x80, 0x07,
    0x00, 0x0C, 0x00, 0x78, 0x01, 0xE0, 0x0C, 0x60, 0x0D, 0xC0, 0x1F, 0x00, 0x1C, 0x00, 0x10, 0x00,
    0x70, 0x00, 0xE0, 0x01, 0xE0, 0x06, 0xC0, 0x0D, 0xC0, 0x39, 0x80, 0x63, 0x01, 0xC7, 0x03, 0x06,
    0x0F, 0xFE, 0x1F, 0xFC, 0x3F, 0xFC, 0xE0, 0x19, 0x80, 0x3F, 0x00, 0x70, 0x00, 0x00, 0x23, 0x1B,
    0x8F, 0x83, 0x80, 0xC0, 0xE1, 0xFD, 0xEF, 0x03, 0x81, 0xDF, 0xFF, 0xFC, 0x3E, 0x1F, 0xFE, 0xFF,
    0x10, 0x00, 0x23, 0x0C, 0xC1, 0xE0, 0x78, 0x0C, 0x10, 0x2E, 0x1B, 0x86, 0xE1, 0xB8, 0x6E, 0x1B,
    0x86, 0xE1, 0xB8, 0xE7, 0xF9, 0xFE, 0x18, 0x00, 0x0E, 0x41, 0xFF, 0x1E, 0xF8, 0xE1, 0xC6, 0x0E,
    0x30, 0x31, 0x83, 0x8E, 0x1C, 0x7F, 0xE1, 0xFF, 0x03, 0x18, 0x07, 0xE2, 0x3F, 0x3F, 0xE0, 0xFE,
    0x00, 0x0C, 0x40, 0x66, 0x01, 0xE0, 0x07, 0x00, 0x10, 0x07, 0xF0, 0xFF, 0xCF, 0x07, 0x70, 0x07,
    0x00, 0x38, 0x01, 0xC0, 0x0C, 0x1F, 0xE0, 0xFF, 0x80, 0x7C, 0x03, 0x60, 0x1B, 0x80, 0xCF, 0xFE,
    0x3F, 0xE0, 0x38, 0x00, 0x18, 0x83, 0x30, 0x3C, 0x07, 0x80, 0x60, 0x1C, 0x8F, 0xFB, 0xDF, 0x70,
    0xEC, 0x1D, 0x81, 0xB0, 0x36, 0x0E, 0xE3, 0xCF, 0xF8, 0xFB, 0x00, 0xE4, 0x1D, 0xFF, 0x1F, 0xC0,
    0x21, 0x19, 0x87, 0x83, 0xC0, 0x86, 0x03, 0x81, 0xC0, 0xE0, 0x70, 0xB8, 0xFC, 0xEE, 0xE7, 0xE3,
    0xE1, 0xF0, 0xFC, 0x77, 0xB9, 0xFC, 0x70, 0x00, 0x0F, 0xC0, 0xFF, 0xC7, 0x87, 0x9C, 0x0E, 0xE0,
    0x1F, 0x80, 0x7E, 0x01, 0xF0, 0x03, 0xC0, 0x1F, 0x80, 0x7E, 0x01, 0xD8, 0x06, 0x70, 0x38, 0xFF,
    0xC1, 0xFE, 0x00, 0xC0, 0x06, 0x00, 0x1C, 0x00, 0x3C, 0x00, 0x0E, 0x07, 0xF0, 0xEF, 0x38, 0x76,
    0x0E, 0xC0, 0xD8, 0x1B, 0x07, 0x70, 0xE7, 0xF8, 0x7E, 0x07, 0x00, 0xC0, 0x1A, 0x01, 0xE0, 0x23,
    0x0C, 0xC1, 0xE0, 0x78, 0x0C, 0x0F, 0xCF, 0xF9, 0xFE, 0x07, 0x03, 0x80, 0xC0, 0x78, 0x3F, 0x80,
    0xF0, 0x1C, 0x03, 0x01, 0xF0, 0x7F, 0xF9, 0xFC, 0x00, 0x30, 0x07, 0xE0, 0x1F, 0x00, 0x32, 0x00,
    0x64, 0x00, 0xF8, 0x00, 0x40, 0x01, 0xC0, 0x03, 0x80, 0x07, 0x80, 0x1B, 0x00, 0x37, 0x00, 0xE6,
    0x01, 0x8C, 0x07, 0x1C, 0x0C, 0x18, 0x3F, 0xF8, 0x7F, 0xF0, 0xFF, 0xF3, 0x80, 0x66, 0x00, 0xFC,
    0x01, 0xC0, 0x00, 0x00, 0x00, 0x01, 0xC7, 0xC6, 0xC3, 0x21, 0xF0, 0x70, 0x38, 0x7F, 0x7B, 0xC0,
    0xE0, 0x77, 0xFF, 0xFF, 0x0F, 0x87, 0xFF, 0xBF, 0xC4, 0x00, 0x00, 0x08, 0x00, 0x01, 0x80, 0x00,
    0x38, 0x00, 0x03, 0x00, 0x00, 0x00, 0x00, 0x0F, 0xFF, 0x01, 0xFF, 0xF0, 0x1E, 0x00, 0x03, 0xE0,
    0x00, 0x36, 0x00, 0x07, 0x70, 0x00, 0xE3, 0xFC, 0x0C, 0x3F, 0xE1, 0xC3, 0xFE, 0x1F, 0xF8, 0x03,
    0xFF, 0x80, 0x7F, 0xF8, 0x06, 0x01, 0x80, 0xE0, 0x1F, 0xFC, 0x01, 0xFF, 0x00, 0x00, 0x00, 0x00,
    0x60, 0x00, 0x70, 0x00, 0x30, 0x00, 0x30, 0x00, 0x18, 0x00, 0xE1, 0xC1, 0xFD, 0xF9, 0xEF, 0xCE,
    0x03, 0x83, 0x00, 0xC1, 0x9F, 0xFF, 0xDF, 0xFF, 0xEC, 0x38, 0x06, 0x1E, 0x03, 0xDF, 0xFC, 0xFC,
    0xFE, 0x18, 0x18, 0x00, 0x00, 0xC0, 0x03, 0x00, 0x18, 0x00, 0xE0, 0x00, 0x10, 0x3F, 0xC3, 0xFF,
    0x1E, 0x1E, 0x70, 0xFB, 0x83, 0x7E, 0x19, 0xF8, 0xE7, 0xC3, 0x0F, 0x1C, 0x7E, 0x61, 0xFB, 0x87,
    0x7C, 0x19, 0xE0, 0xE3, 0xFF, 0x0F, 0xF8, 0x33, 0x00, 0x01, 0x80, 0x70, 0x0C, 0x03, 0x00, 0x60,
    0x1D, 0x8F, 0xE1, 0xDE, 0x73, 0xEC, 0x7D, 0x99, 0xB7, 0x36, 0xCE, 0xF1, 0xCF, 0xF1, 0xFC, 0x36,
    0x00, 0x0B, 0x00, 0x1F, 0x00, 0x36, 0x00, 0x36, 0x00, 0x00, 0x00, 0x70, 0x00, 0xE0, 0x01, 0xE0,
    0x06, 0xC0, 0x0D, 0xC0, 0x39, 0x80, 0x63, 0x01, 0xC7, 0x03, 0x06, 0x0F, 0xFE, 0x1F, 0xFC, 0x3F,
    0xFC, 0xE0, 0x19, 0x80, 0x3F, 0x00, 0x70, 0x00, 0x00, 0x6C, 0x36, 0x0F, 0x06, 0xC1, 0x60, 0xE1,
    0xFD, 0xEF, 0x03, 0x81, 0xDF, 0xFF, 0xFC, 0x3E, 0x1F, 0xFE, 0xFF, 0x10, 0x00, 0x03, 0x80, 0x0F,
    0xC0, 0x31, 0x80, 0x61, 0x00, 0x00, 0x00, 0x70, 0x00, 0xE0, 0x01, 0xE0, 0x06, 0xC0, 0x0D, 0xC0,
    0x39, 0x80, 0x63, 0x01, 0xC7, 0x03, 0x06, 0x0F, 0xFE, 0x1F, 0xFC, 0x3F, 0xFC, 0xE0, 0x19, 0x80,
    0x3F, 0x00, 0x70, 0x00, 0x00, 0x1C, 0x1F, 0x1C, 0xCC, 0x66, 0x10, 0xE1, 0xFD, 0xEF, 0x03, 0x81,
    0xDF, 0xFF, 0xFC, 0x3E, 0x1F, 0xFE, 0xFF, 0x10, 0x00, 0x2C, 0x07, 0xC0, 0xF8, 0x0D, 0x80, 0x00,
    0xFF, 0xBF, 0xF7, 0x00, 0xE0, 0x1C, 0x03, 0x80, 0x7F, 0xCF, 0xFD, 0xFF, 0xB8, 0x07, 0x00, 0xE0,
    0x1C, 0x03, 0xFF, 0x3F, 0xF0, 0x36, 0x07, 0xC0, 0x78, 0x0D, 0x80, 0xB0, 0x1C, 0x07, 0xE1, 0xCE,
    0x70, 0xCC, 0x1D, 0xFF, 0xBF, 0xE6, 0x00, 0xE0, 0x0F, 0xF0, 0xFE, 0x06, 0x00, 0x0E, 0x03, 0xF0,
    0xC6, 0x18, 0x60, 0x00, 0xFF, 0xBF, 0xF7, 0x00, 0xE0, 0x1C, 0x03, 0x80, 0x7F, 0xCF, 0xFD, 0xFF,
    0xB8, 0x07, 0x00, 0xE0, 0x1C, 0x03, 0xFF, 0x3F, 0xF0, 0x0E, 0x03, 0xE0, 0x66, 0x18, 0xC3, 0x08,
    0x1C, 0x07, 0xE1, 0xCE, 0x70, 0xCC, 0x1D, 0xFF, 0xBF, 0xE6, 0x00, 0xE0, 0x0F, 0xF0, 0xFE, 0x06,
    0x00, 0x58, 0xF9, 0xB1, 0xB0, 0x01, 0x87, 0x0E, 0x1C, 0x38, 0x70, 0xE1, 0xC3, 0x87, 0x0E, 0x1C,
    0x38, 0x70, 0xE0, 0x00, 0xFB, 0x6D, 0x9E, 0x68, 0x43, 0x8E, 0x38, 0xE3, 0x8E, 0x38, 0xE3, 0x8E,
    0x00, 0x38, 0x7E, 0xC6, 0xC2, 0x00, 0x18, 0x38, 0x38, 0x38, 0x38, 0x38, 0x38, 0x38, 0x38, 0x38,
    0x38, 0x38, 0x38, 0x38, 0x38, 0x00, 0x38, 0xFB, 0x1E, 0x3C, 0x62, 0x0E, 0x1C, 0x38, 0x70, 0xE1,
    0xC3, 0x87, 0x0E, 0x1C, 0x00, 0x1A, 0x00, 0x6C, 0x00, 0xF0, 0x03, 0x60, 0x00, 0x00, 0x3F, 0x03,
    0xFF, 0x1E, 0x1E, 0x70, 0x3B, 0x80, 0x7E, 0x01, 0xF8, 0x07, 0xC0, 0x0F, 0x00, 0x7E, 0x01, 0xF8,
    0x07, 0x60, 0x19, 0xC0, 0xE3, 0xFF, 0x07, 0xF8, 0x03, 0x00, 0x36, 0x07, 0xC0, 0x78, 0x0D, 0x80,
    0xB0, 0x1C, 0x0F, 0xE1, 0xDE, 0x70, 0xEC, 0x1D, 0x81, 0xB0, 0x36, 0x0E, 0xE1, 0xCF, 0xF0, 0xFC,
    0x06, 0x00, 0x07, 0x80, 0x3F, 0x01, 0xCC, 0x06, 0x18, 0x00, 0x00, 0x3F, 0x03, 0xFF, 0x1E, 0x1E,
    0x70, 0x3B, 0x80, 0x7E, 0x01, 0xF8, 0x07, 0xC0, 0x0F, 0x00, 0x7E, 0x01, 0xF8, 0x07, 0x60, 0x19,
    0xC0, 0xE3, 0xFF, 0x07, 0xF8, 0x03, 0x00, 0x0E, 0x03, 0xE0, 0x66, 0x18, 0xC3, 0x08, 0x1C, 0x0F,
    0xE1, 0xDE, 0x70, 0xEC, 0x1D, 0x81, 0xB0, 0x36, 0x0E, 0xE1, 0xCF, 0xF0, 0xFC, 0x06, 0x00, 0x36,
    0x03, 0x60, 0x1F, 0x01, 0xB0, 0x00, 0x07, 0xF8, 0xFF, 0xEE, 0x0E, 0xE0, 0x7E, 0x07, 0xE0, 0x7E,
    0x06, 0xFF, 0xEF, 0xFC, 0xE1, 0xCE, 0x0C, 0xE0, 0xEE, 0x06, 0xE0, 0x7E, 0x03, 0x00, 0x00, 0xD9,
    0xB3, 0x63, 0x46, 0x89, 0xBF, 0xFE, 0xE1, 0xC3, 0x87, 0x0E, 0x1C, 0x38, 0x70, 0x00, 0x07, 0x01,
    0xF8, 0x19, 0xC3, 0x0C, 0x00, 0x07, 0xF8, 0xFF, 0xEE, 0x0E, 0xE0, 0x7E, 0x07, 0xE0, 0x7E, 0x06,
    0xFF, 0xEF, 0xFC, 0xE1, 0xCE, 0x0C, 0xE0, 0xEE, 0x06, 0xE0, 0x7E, 0x03, 0x00, 0x00, 0x38, 0xFB,
    0x1E, 0x3C, 0x69, 0xBF, 0xFE, 0xE1, 0xC3, 0x87, 0x0E, 0x1C, 0x38, 0x70, 0x00, 0x16, 0x00, 0xF8,
    0x06, 0xC0, 0x1B, 0x00, 0x00, 0x70, 0x0F, 0x80, 0xFC, 0x07, 0xE0, 0x3F, 0x01, 0xF8, 0x0F, 0xC0,
    0x7E, 0x03, 0xF0, 0x1F, 0x80, 0xFC, 0x07, 0x60, 0x3B, 0x83, 0x8F, 0xFC, 0x3F, 0xC0, 0x30, 0x00,
    0x6C, 0x1F, 0x03, 0x60, 0xD8, 0x16, 0x10, 0x2E, 0x1B, 0x86, 0xE1, 0xB8, 0x6E, 0x1B, 0x86, 0xE1,
    0xB8, 0xE7, 0xF9, 0xFE, 0x18, 0x00, 0x07, 0x00, 0x7E, 0x06, 0x30, 0x30, 0x80, 0x00, 0x70, 0x0F,
    0x80, 0xFC, 0x07, 0xE0, 0x3F, 0x01, 0xF8, 0x0F, 0xC0, 0x7E, 0x03, 0xF0, 0x1F, 0x80, 0xFC, 0x07,
    0x60, 0x3B, 0x83, 0x8F, 0xFC, 0x3F, 0xC0, 0x30, 0x00, 0x1C, 0x0F, 0xC3, 0x31, 0x8C, 0x61, 0x10,
    0x2E, 0x1B, 0x86, 0xE1, 0xB8, 0x6E, 0x1B, 0x86, 0xE1, 0xB8, 0xE7, 0xF9, 0xFE, 0x18, 0x00, 0x3F,
    0x8F, 0xFF, 0xC3, 0xF0, 0x0C, 0x01, 0xC0, 0x3E, 0x03, 0xFC, 0x1F, 0xC0, 0x1C, 0x01, 0x80, 0x3C,
    0x0F, 0xFF, 0xDF, 0xF0, 0x70, 0x04, 0x01, 0xC0, 0x18, 0x03, 0x00, 0x40, 0x0E, 0x0F, 0xE7, 0x39,
    0x80, 0x70, 0x0F, 0x81, 0xF8, 0x06, 0x01, 0x9F, 0xE7, 0xF0, 0x30, 0x0C, 0x03, 0x00, 0xC0, 0x30,
    0x08, 0x00, 0x7F, 0xFD, 0xFF, 0xF0, 0x38, 0x00, 0xE0, 0x03, 0x80, 0x0E, 0x00, 0x38, 0x00, 0xE0,
    0x03, 0x80, 0x0E, 0x00, 0x38, 0x00, 0xE0, 0x03, 0x80, 0x0E, 0x00, 0x30, 0x00, 0x00, 0x03, 0x00,
    0x0E, 0x00, 0x38, 0x00, 0xC0, 0x01, 0x00, 0x18, 0x0C, 0x06, 0x07, 0xC7, 0xF3, 0xF8, 0x60, 0x30,
    0x18, 0x0C, 0x06, 0x03, 0x01, 0xF8, 0x7C, 0x08, 0x08, 0x0E, 0x07, 0x01, 0x80, 0x80, 0x21, 0x0C,
    0xC1, 0xE0, 0x78, 0x08, 0x30, 0x0E, 0x03, 0x80, 0xE0, 0x3B, 0x8F, 0xFB, 0xEE, 0xE1, 0xF8, 0x7E,
    0x1F, 0x87, 0xE1, 0xF8, 0x7E, 0x1F, 0x87, 0x00, 0x00, 0xCC, 0x67, 0x30, 0x33, 0x6E, 0xC0, 0x31,
    0xE7, 0xB3, 0xCC, 0x01, 0x73, 0xDF, 0xCE, 0x7E, 0x7E, 0x42, 0x42, 0x66, 0x7E, 0x3C, 0x66, 0x60,
    0xCF, 0xFC, 0xC0, 0xF7, 0x8C, 0xC6, 0x00, 0x31, 0xEC, 0xF3, 0x79, 0xE0, 0x6D, 0xED, 0xB6, 0xD0,
    0xCF, 0x37, 0x9E, 0x30, 0xD9, 0xE6, 0xDB, 0x2C, 0x3C, 0x7E, 0x66, 0x42, 0x42, 0x66, 0x66, 0x60,
    0x18, 0xDE, 0xE0, 0x66, 0x03, 0x3C, 0xC0, 0x66, 0x66, 0x40, 0x63, 0x1E, 0x3F, 0x00, 0x67, 0x31,
    0xA7, 0x00, 0x42, 0x66, 0x7E, 0x3C, 0x7E, 0x7E, 0xFF, 0xFF, 0x00, 0x06, 0x0E, 0x3C, 0x70, 0x60,
    0x00, 0x03, 0x07, 0x06, 0x0C, 0x0C, 0x18, 0x18, 0x30, 0x70, 0x60, 0xC0, 0xC0, 0x10, 0x03, 0x00,
    0x70, 0x06, 0x00, 0x00, 0xFF, 0xBF, 0xF7, 0x00, 0xE0, 0x1C, 0x03, 0x80, 0x7F, 0xCF, 0xFD, 0xFF,
    0xB8, 0x07, 0x00, 0xE0, 0x1C, 0x03, 0xFF, 0x3F, 0xF0, 0x19, 0x83, 0x70, 0x64, 0x00, 0x07, 0xFD,
    0xFF, 0xB8, 0x07, 0x00, 0xE0, 0x1C, 0x03, 0xFE, 0x7F, 0xEF, 0xFD, 0xC0, 0x38, 0x07, 0x00, 0xE0,
    0x1F, 0xF9, 0xFF, 0x80, 0x7F, 0xFC, 0x1F, 0xFF, 0x00, 0x38, 0x00, 0x0E, 0x00, 0x03, 0x80, 0x00,
    0xE0, 0x00, 0x3F, 0xE0, 0x0F, 0xFC, 0x03, 0x83, 0x80, 0xE0, 0x60, 0x38, 0x1C, 0x0E, 0x07, 0x03,
    0x81, 0xC0, 0xE0, 0x70, 0x30, 0x1C, 0x00, 0x07, 0x00, 0x01, 0x80, 0x0F, 0xE0, 0x03, 0xF0, 0x03,
    0x00, 0xE0, 0x18, 0x06, 0x00, 0x00, 0xFF, 0xBF, 0xF7, 0x00, 0xE0, 0x1C, 0x03, 0x80, 0x70, 0x0E,
    0x01, 0xC0, 0x38, 0x07, 0x00, 0xE0, 0x1C, 0x03, 0x80, 0x70, 0x00, 0x00, 0x0F, 0xE1, 0xFF, 0x9E,
    0x1C, 0xE0, 0x0E, 0x00, 0x70, 0x03, 0xFE, 0x1F, 0xF8, 0xFF, 0x87, 0x00, 0x38, 0x00, 0xC0, 0x07,
    0x03, 0x1F, 0xF8, 0x7F, 0x80, 0x60, 0x3F, 0x8F, 0xFF, 0xC3, 0xF0, 0x0C, 0x01, 0xC0, 0x3E, 0x03,
    0xFC, 0x1F, 0xC0, 0x1C, 0x01, 0x80, 0x3C, 0x0F, 0xFF, 0xDF, 0xF0, 0x70, 0x7F, 0xFF, 0xFF, 0xFF,
    0xFF, 0xF8, 0x6E, 0xDD, 0x10, 0x01, 0x87, 0x0E, 0x1C, 0x38, 0x70, 0xE1, 0xC3, 0x87, 0x0E, 0x1C,
    0x38, 0x70, 0xE0, 0x00, 0x0C, 0x30, 0xC3, 0x0C, 0x30, 0xC3, 0x0C, 0x30, 0xC3, 0x0D, 0xFF, 0x80,
    0x0F, 0xF8, 0x00, 0x1F, 0xF8, 0x00, 0x30, 0x70, 0x00, 0x60, 0xE0, 0x00, 0xC1, 0xC0, 0x01, 0x83,
    0x80, 0x07, 0x07, 0xF8, 0x0E, 0x0F, 0xFC, 0x1C, 0x1F, 0xFC, 0x38, 0x38, 0x1C, 0x60, 0x70, 0x39,
    0xC0, 0xE0, 0x73, 0x81, 0xC0, 0xEE, 0x03, 0xFF, 0xB8, 0x07, 0xFE, 0x00, 0x00, 0x00, 0x60, 0x18,
    0x01, 0xC0, 0x30, 0x03, 0x80, 0x60, 0x07, 0x00, 0xC0, 0x0E, 0x01, 0x80, 0x1C, 0x03, 0x00, 0x3F,
    0xFF, 0xF8, 0x7F, 0xFF, 0xFC, 0xFF, 0xFF, 0xFD, 0xC0, 0x30, 0x1B, 0x80, 0x60, 0x3F, 0x00, 0xC0,
    0x7E, 0x01, 0x80, 0xDC, 0x03, 0xFF, 0xB8, 0x07, 0xFE, 0x00, 0x00, 0x00, 0x7F, 0xFC, 0x1F, 0xFF,
    0x00, 0x38, 0x00, 0x0E, 0x00, 0x03, 0x80, 0x00, 0xE0, 0x00, 0x3F, 0xE0, 0x0F, 0xFE, 0x03, 0x83,
    0x80, 0xE0, 0x70, 0x38, 0x1C, 0x0E, 0x07, 0x03, 0x81, 0xC0, 0xE0, 0x70, 0x30, 0x1C, 0x00, 0x00,
    0x01, 0x80, 0x38, 0x03, 0x00, 0x60, 0x00, 0x06, 0x06, 0xE0, 0xEE, 0x0C, 0xE1, 0xCE, 0x38, 0xE3,
    0x0F, 0xF0, 0xFF, 0x0F, 0xF8, 0xE1, 0xCE, 0x0C, 0xE0, 0xEE, 0x06, 0xE0, 0x7E, 0x03, 0x00, 0x00,
    0x18, 0x00, 0xE0, 0x03, 0x80, 0x0C, 0x00, 0x00, 0x30, 0x0F, 0x80, 0xFC, 0x0F, 0xE0, 0xFF, 0x06,
    0xF8, 0x77, 0xC7, 0x3E, 0x71, 0xF3, 0x0F, 0xB8, 0x7F, 0x83, 0xF8, 0x1F, 0x80, 0xFC, 0x07, 0xC0,
    0x30, 0x00, 0x00, 0x10, 0x60, 0x73, 0x80, 0xFC, 0x00, 0x80, 0xC0, 0x1B, 0x80, 0x67, 0x03, 0x8C,
    0x0C, 0x38, 0x70, 0x61, 0x81, 0xCE, 0x03, 0xB0, 0x07, 0xC0, 0x1E, 0x00, 0x38, 0x00, 0xC0, 0x07,
    0x00, 0x18, 0x00, 0xE0, 0x00, 0x00, 0x60, 0x1F, 0x00, 0xF8, 0x07, 0xC0, 0x3E, 0x01, 0xF0, 0x0F,
    0x80, 0x7C, 0x03, 0xE0, 0x1F, 0x00, 0xF8, 0x07, 0xC0, 0x3E, 0x01, 0xFF, 0xFD, 0xFF, 0xE0, 0x60,
    0x03, 0x00, 0x18, 0x00, 0xC0, 0x03, 0x80, 0x07, 0x00, 0x0F, 0x00, 0x36, 0x00, 0x6E, 0x01, 0xCC,
    0x03, 0x18, 0x0E, 0x38, 0x18, 0x30, 0x7F, 0xF0, 0xFF, 0xE1, 0xFF, 0xE7, 0x00, 0xCC, 0x01, 0xF8,
    0x03, 0x80, 0x00, 0x7F, 0xEF, 0xFE, 0xE0, 0x0E, 0x00, 0xE0, 0x0E, 0x00, 0xFF, 0x0F, 0xFE, 0xFF,
    0xFE, 0x07, 0xE0, 0x3E, 0x03, 0xE0, 0x7F, 0xFE, 0x7F, 0xC0, 0x7F, 0xCF, 0xFE, 0xE0, 0xEE, 0x07,
    0xE0, 0x7E, 0x07, 0xFF, 0xEF, 0xFC, 0xFF, 0xEE, 0x07, 0xE0, 0x3E, 0x03, 0xE0, 0x7F, 0xFE, 0x7F,
    0xC0, 0x7F, 0xDF, 0xFB, 0x80, 0x70, 0x0E, 0x01, 0xC0, 0x38, 0x07, 0x00, 0xE0, 0x1C, 0x03, 0x80,
    0x70, 0x0E, 0x01, 0xC0, 0x38, 0x00, 0x00, 0x0F, 0xFC, 0x0F, 0xFC, 0x0C, 0x0C, 0x0C, 0x0C, 0x0C,
    0x0C, 0x0C, 0x0C, 0x1C, 0x0C, 0x1C, 0x0C, 0x1C, 0x0C, 0x18, 0x0C, 0x18, 0x0C, 0x18, 0x0C, 0x38,
    0x0C, 0xFF, 0xFF, 0xFF, 0xFF, 0xC0, 0x03, 0xC0, 0x03, 0xC0, 0x03, 0xC0, 0x03, 0x7F, 0xDF, 0xFB,
    0x80, 0x70, 0x0E, 0x01, 0xC0, 0x3F, 0xE7, 0xFE, 0xFF, 0xDC, 0x03, 0x80, 0x70, 0x0E, 0x01, 0xFF,
    0x9F, 0xF8, 0x60, 0x60, 0x67, 0x06, 0x0E, 0x38, 0x61, 0xC1, 0x86, 0x18, 0x1C, 0x63, 0x80, 0xE6,
    0x70, 0x07, 0xFE, 0x00, 0xFF, 0xF0, 0x1F, 0xFF, 0x83, 0x86, 0x1C, 0x38, 0x60, 0xC3, 0x06, 0x0E,
    0x70, 0x60, 0x66, 0x06, 0x07, 0xE0, 0x60, 0x70, 0x00, 0x00, 0x1F, 0xC3, 0xFF, 0x1C, 0x1C, 0x00,
    0xE0, 0x03, 0x00, 0x38, 0x3F, 0x83, 0xF8, 0x0F, 0xF0, 0x01, 0x80, 0x0C, 0x00, 0x66, 0x07, 0x3F,
    0xF8, 0xFF, 0x80, 0xE0, 0x60, 0x1F, 0x01, 0xF8, 0x1F, 0xC1, 0xFE, 0x0D, 0xF0, 0xEF, 0x8E, 0x7C,
    0xE3, 0xE6, 0x1F, 0x70, 0xFF, 0x07, 0xF0, 0x3F, 0x01, 0xF8, 0x0F, 0x80, 0x60, 0x00, 0x10, 0x60,
    0xE7, 0x03, 0xF0, 0x04, 0x06, 0x01, 0xF0, 0x1F, 0x81, 0xFC, 0x1F, 0xE0, 0xDF, 0x0E, 0xF8, 0xE7,
    0xCE, 0x3E, 0x61, 0xF7, 0x0F, 0xF0, 0x7F, 0x03, 0xF0, 0x1F, 0x80, 0xF8, 0x06, 0x00, 0x00, 0x60,
    0x6E, 0x0E, 0xE0, 0xCE, 0x1C, 0xE3, 0x8E, 0x30, 0xFF, 0x0F, 0xF0, 0xFF, 0x8E, 0x1C, 0xE0, 0xCE,
    0x0E, 0xE0, 0x6E, 0x07, 0xE0, 0x30, 0x00, 0x0F, 0xFC, 0x3F, 0xF0, 0xC0, 0xC3, 0x03, 0x0C, 0x0C,
    0x30, 0x31, 0xC0, 0xC7, 0x03, 0x1C, 0x0C, 0x70, 0x31, 0x80, 0xCE, 0x03, 0x38, 0x0D, 0xC0, 0x3E,
    0x00, 0xC0, 0x00, 0x60, 0x07, 0xC0, 0x0F, 0xC0, 0x3F, 0x80, 0xFF, 0x81, 0xFF, 0x07, 0xFB, 0x0D,
    0xF7, 0x3B, 0xE6, 0x67, 0xCF, 0xCF, 0x8F, 0x1F, 0x1E, 0x3E, 0x18, 0x7C, 0x00, 0xD8, 0x01, 0x80,
    0x00, 0x60, 0x1B, 0x80, 0x6E, 0x01, 0xB8, 0x06, 0xE0, 0x1B, 0x80, 0x6F, 0xFF, 0xBF, 0xFE, 0xFF,
    0xFB, 0x80, 0x6E, 0x01, 0xB8, 0x06, 0xE0, 0x1B, 0x80, 0x6E, 0x01, 0x80, 0x00, 0x0F, 0xC0, 0xFF,
    0xC7, 0x87, 0x9C, 0x0E, 0xE0, 0x1F, 0x80, 0x7E, 0x01, 0xF0, 0x03, 0xC0, 0x1F, 0x80, 0x7E, 0x01,
    0xD8, 0x06, 0x70, 0x38, 0xFF, 0xC1, 0xFE, 0x00, 0xC0, 0x7F, 0xFF, 0xFF, 0xF8, 0x07, 0xC0, 0x3E,
    0x01, 0xF0, 0x0F, 0x80, 0x7C, 0x03, 0xE0, 0x1F, 0x00, 0xF8, 0x07, 0xC0, 0x3E, 0x01, 0xF0, 0x0F,
    0x80, 0x60, 0x00, 0x7F, 0x8F, 0xFE, 0xE0, 0xEE, 0x07, 0xE0, 0x7E, 0x07, 0xE0, 0x7F, 0xFE, 0xFF,
    0xCF, 0xE0, 0xE0, 0x0E, 0x00, 0xE0, 0x0E, 0x00, 0xE0, 0x00, 0x00, 0x0F, 0xE1, 0xFF, 0x9E, 0x1C,
    0xE0, 0x0E, 0x00, 0x70, 0x03, 0x80, 0x18, 0x00, 0xE0, 0x07, 0x00, 0x38, 0x00, 0xC0, 0x07, 0x03,
    0x1F, 0xF8, 0x7F, 0x80, 0x60, 0x7F, 0xFD, 0xFF, 0xF0, 0x38, 0x00, 0xE0, 0x03, 0x80, 0x0E, 0x00,
    0x38, 0x00, 0xE0, 0x03, 0x80, 0x0E, 0x00, 0x38, 0x00, 0xE0, 0x03, 0x80, 0x0E, 0x00, 0x30, 0x00,
    0x00, 0xC0, 0x1B, 0x80, 0x67, 0x03, 0x8C, 0x0C, 0x38, 0x70, 0x61, 0x81, 0xCE, 0x03, 0xB0, 0x07,
    0xC0, 0x1E, 0x00, 0x38, 0x00, 0xC0, 0x07, 0x00, 0x18, 0x00, 0xE0, 0x00, 0x00, 0x01, 0x80, 0x01,
    0x80, 0x0F, 0xF0, 0x3F, 0xFC, 0x71, 0x9E, 0xE1, 0x8E, 0xE1, 0x86, 0xE1, 0x87, 0xC1, 0x87, 0xC1,
    0x87, 0xE1, 0x86, 0xE1, 0x8E, 0x71, 0x9E, 0x3F, 0xFC, 0x1F, 0xF0, 0x01, 0x80, 0x01, 0x80, 0x60,
    0x3B, 0x81, 0xCE, 0x1C, 0x71, 0xC1, 0xCC, 0x07, 0xE0, 0x1E, 0x00, 0xE0, 0x07, 0x80, 0x7E, 0x07,
    0x30, 0x71, 0xC3, 0x87, 0x38, 0x1F, 0x80, 0xE0, 0x00, 0x60, 0x18, 0xE0, 0x18, 0xE0, 0x18, 0xE0,
    0x18, 0xE0, 0x18, 0xE0, 0x18, 0xE0, 0x18, 0xE0, 0x18, 0xE0, 0x18, 0xE0, 0x18, 0xE0, 0x18, 0xE0,
    0x18, 0xE0, 0x18, 0xFF, 0xFE, 0x7F, 0xFE, 0x00, 0x06, 0x00, 0x06, 0x00, 0x06, 0x00, 0x06, 0xC0,
    0x6C, 0x07, 0xC0, 0x7C, 0x07, 0xC0, 0x7E, 0x07, 0xE0, 0x77, 0x8F, 0x3F, 0xF1, 0xFF, 0x00, 0x70,
    0x07, 0x00, 0x70, 0x07, 0x00, 0x70, 0x00, 0x60, 0x60, 0x6E, 0x06, 0x07, 0xE0, 0x60, 0x7E, 0x06,
    0x07, 0xE0, 0x60, 0x7E, 0x06, 0x07, 0xE0, 0x60, 0x7E, 0x06, 0x07, 0xE0, 0x60, 0x7E, 0x06, 0x07,
    0xE0, 0x60, 0x7E, 0x06, 0x07, 0xE0, 0x60, 0x7F, 0xFF, 0xFF, 0x7F, 0xFF, 0xE0, 0x60, 0x60, 0x63,
    0x81, 0x81, 0xCE, 0x06, 0x07, 0x38, 0x18, 0x1C, 0xE0, 0x60, 0x73, 0x81, 0x81, 0xCE, 0x06, 0x07,
    0x38, 0x18, 0x1C, 0xE0, 0x60, 0x73, 0x81, 0x81, 0xCE, 0x06, 0x07, 0x38, 0x18, 0x1C, 0xE0, 0x60,
    0x73, 0xFF, 0xFF, 0xE7, 0xFF, 0xFF, 0xC0, 0x00, 0x07, 0x00, 0x00, 0x1C, 0x00, 0x00, 0x70, 0x00,
    0x00, 0x80, 0x7E, 0x00, 0x3F, 0x80, 0x01, 0xC0, 0x00, 0xE0, 0x00, 0x70, 0x00, 0x38, 0x00, 0x1F,
    0xE0, 0x0F, 0xFC, 0x07, 0xFF, 0x03, 0x81, 0xC1, 0xC0, 0xE0, 0xE0, 0x70, 0x70, 0x38, 0x3F, 0xF8,
    0x1F, 0xF8, 0x60, 0x07, 0xC0, 0x0F, 0x80, 0x1F, 0x00, 0x3E, 0x00, 0x7C, 0x00, 0xFF, 0x81, 0xFF,
    0xE3, 0xFF, 0xE7, 0xC0, 0xCF, 0x81, 0xDF, 0x03, 0x3E, 0x06, 0x7F, 0xFC, 0xDF, 0xF1, 0x80, 0x00,
    0x60, 0x0E, 0x00, 0xE0, 0x0E, 0x00, 0xE0, 0x0E, 0x00, 0xFF, 0x0F, 0xFE, 0xFF, 0xFE, 0x07, 0xE0,
    0x3E, 0x03, 0xE0, 0x7F, 0xFE, 0x7F, 0xC0, 0x1F, 0x83, 0xFF, 0x1C, 0x3C, 0x00, 0xE0, 0x03, 0x80,
    0x1C, 0x3F, 0xE3, 0xFF, 0x0F, 0xF8, 0x01, 0xC0, 0x0E, 0x00, 0x66, 0x07, 0x3F, 0xF0, 0xFF, 0x00,
    0xC0, 0x60, 0x7F, 0x1C, 0x1F, 0xF3, 0x87, 0x0F, 0x71, 0xC0, 0x6E, 0x30, 0x0F, 0xC6, 0x01, 0xFF,
    0xC0, 0x1F, 0xF8, 0x03, 0xFF, 0x00, 0x7C, 0x60, 0x1F, 0x8C, 0x03, 0xF1, 0xC0, 0x6E, 0x1C, 0x1D,
    0xC3, 0xFF, 0x38, 0x1F, 0xC0, 0x00, 0xC0, 0x1F, 0xE7, 0xFF, 0xF0, 0x7E, 0x07, 0xE0, 0x7E, 0x07,
    0xE0, 0x77, 0xFF, 0x3F, 0xF3, 0x87, 0x38, 0x77, 0x07, 0x60, 0x7E, 0x07, 0xC0, 0x60, 0x00, 0x1C,
    0x3F, 0xBD, 0xE0, 0x70, 0x1B, 0xFF, 0xFF, 0x83, 0xC3, 0xFB, 0xDF, 0xE3, 0x00, 0x07, 0x87, 0xE7,
    0xC1, 0xC0, 0xE4, 0x3F, 0xCF, 0xFB, 0x87, 0xC1, 0xF0, 0x3C, 0x0F, 0x07, 0xE1, 0xDF, 0xE3, 0xF0,
    0x30, 0x38, 0x3F, 0xEE, 0x3B, 0x86, 0xE1, 0xBF, 0xEF, 0xFB, 0x87, 0xE1, 0xFF, 0xFF, 0xF8, 0x3E,
    0xFF, 0xFF, 0xE0, 0xE0, 0xE0, 0xE0, 0xE0, 0xE0, 0xE0, 0xE0, 0x00, 0x0F, 0x81, 0xFC, 0x1F, 0xE1,
    0x8E, 0x18, 0xE1, 0x8E, 0x38, 0xE3, 0x0E, 0x30, 0xE7, 0xFF, 0xFF, 0xFC, 0x03, 0xC0, 0x3C, 0x03,
    0x0C, 0x0F, 0xC7, 0x3B, 0x86, 0xC1, 0xFF, 0xFF, 0xFB, 0x00, 0xE0, 0x1F, 0xE3, 0xF8, 0x30, 0x00,
    0x82, 0x61, 0x86, 0x71, 0x8E, 0x39, 0x9C, 0x1D, 0x98, 0x1F, 0xF8, 0x3F, 0xFC, 0x31, 0x8E, 0x71,
    0x86, 0xE1, 0x87, 0xE1, 0x83, 0x00, 0x00, 0x1E, 0x1F, 0xE7, 0x38, 0x06, 0x01, 0x87, 0xE1, 0xF8,
    0x07, 0x01, 0xFF, 0xE7, 0xF8, 0x30, 0x40, 0xB8, 0x7E, 0x3F, 0x8F, 0xE6, 0xFB, 0xBF, 0xCF, 0xE3,
    0xF0, 0xFC, 0x3E, 0x0C, 0x00, 0x61, 0x9C, 0x63, 0xF0, 0x78, 0x40, 0xB8, 0x7E, 0x3F, 0x8F, 0xE6,
    0xFB, 0xBF, 0xCF, 0xE3, 0xF0, 0xFC, 0x3E, 0x0C, 0x00, 0x40, 0x38, 0x6E, 0x3B, 0x9C, 0xEE, 0x3F,
    0x8F, 0xF3, 0x8C, 0xE3, 0xB8, 0x6E, 0x1C, 0x00, 0x0F, 0x83, 0xFC, 0x7F, 0x8C, 0x71, 0x8E, 0x71,
    0xCE, 0x39, 0xC7, 0x30, 0xEE, 0x1F, 0x83, 0x80, 0x00, 0x40, 0x2E, 0x06, 0xE0, 0xEF, 0x0E, 0xF9,
    0xEF, 0x9E, 0xFF, 0x6E, 0xF6, 0xE6, 0x6E, 0x66, 0xC0, 0x60, 0x00, 0x40, 0xB8, 0x3E, 0x1F, 0x87,
    0xE1, 0xFF, 0xFF, 0xFF, 0x87, 0xE1, 0xF8, 0x7E, 0x0C, 0x00, 0x1C, 0x0F, 0xC7, 0x3B, 0x87, 0xC1,
    0xF0, 0x3C, 0x0F, 0x07, 0xE1, 0xDF, 0xE3, 0xF0, 0x30, 0x3F, 0x3F, 0xFF, 0xFF, 0x87, 0xE1, 0xF8,
    0x7E, 0x1F, 0x87, 0xE1, 0xF8, 0x7E, 0x1C, 0x00, 0x46, 0x1F, 0xF3, 0xEF, 0x70, 0x6E, 0x0F, 0xC1,
    0xF8, 0x3F, 0x07, 0xE0, 0xDF, 0xFB, 0xFE, 0x73, 0x0E, 0x01, 0xC0, 0x38, 0x00, 0x1C, 0x3F, 0x9C,
    0xFC, 0x0C, 0x06, 0x03, 0x01, 0x80, 0xE0, 0x3F, 0xCF, 0xC1, 0x80, 0x3F, 0x8F, 0xFD, 0xFF, 0x07,
    0x00, 0xE0, 0x1C, 0x03, 0x80, 0x70, 0x0E, 0x01, 0xC0, 0x38, 0x00, 0x00, 0x40, 0x5C, 0x1D, 0x83,
    0x38, 0xE7, 0x18, 0x63, 0x0E, 0xE0, 0xD8, 0x1F, 0x01, 0xC0, 0x38, 0x06, 0x01, 0xC0, 0x38, 0x06,
    0x00, 0x03, 0x00, 0x07, 0x00, 0x0E, 0x00, 0x1C, 0x01, 0xBB, 0x0F, 0xFF, 0x3D, 0xF7, 0x71, 0xC7,
    0xC3, 0x8F, 0x87, 0x1F, 0x0E, 0x3E, 0x1C, 0x7E, 0x38, 0xCF, 0xFF, 0x9F, 0xFE, 0x09, 0xD0, 0x03,
    0x80, 0x07, 0x00, 0x0C, 0x00, 0x40, 0xB8, 0x66, 0x39, 0xDC, 0x3E, 0x07, 0x01, 0xE0, 0xF8, 0x77,
    0x38, 0xEC, 0x18, 0x00, 0x40, 0x9C, 0x3B, 0x87, 0x70, 0xEE, 0x1D, 0xC3, 0xB8, 0x77, 0x0E, 0xE1,
    0xDF, 0xFF, 0xFF, 0x80, 0x30, 0x06, 0x00, 0xC0, 0x41, 0x60, 0xF0, 0x78, 0x3C, 0x1F, 0x1D, 0xFE,
    0x7F, 0x01, 0x80, 0xC0, 0x60, 0x00, 0x41, 0x07, 0x8C, 0x3E, 0x38, 0xF8, 0xE3, 0xE3, 0x8F, 0x8E,
    0x3E, 0x38, 0xF8, 0xE3, 0xE3, 0x8F, 0xFF, 0xFF, 0xFF, 0xC0, 0x41, 0x04, 0xE3, 0x0C, 0xE3, 0x8C,
    0xE3, 0x8C, 0xE3, 0x8C, 0xE3, 0x8C, 0xE3, 0x8C, 0xE3, 0x8C, 0xE3, 0x8C, 0xFF, 0xFE, 0xFF, 0xFF,
    0x00, 0x03, 0x00, 0x03, 0x00, 0x03, 0x38, 0x03, 0xE0, 0x1F, 0x00, 0x18, 0x00, 0xFE, 0x07, 0xFC,
    0x30, 0xE1, 0x83, 0x0C, 0x18, 0x7F, 0xC3, 0xFC, 0x40, 0x17, 0x00, 0xF8, 0x0F, 0xC0, 0x7F, 0xF3,
    0xFF, 0xDF, 0x87, 0xFC, 0x3F, 0xE1, 0xFF, 0xFD, 0xFF, 0xC6, 0x00, 0x00, 0x40, 0x38, 0x0E, 0x03,
    0x80, 0xFF, 0x3F, 0xEE, 0x1F, 0x87, 0xE1, 0xFF, 0xEF, 0xF0, 0x1C, 0x1F, 0xCE, 0x78, 0x06, 0x01,
    0x8F, 0xE3, 0xF8, 0x06, 0x03, 0xBF, 0xC7, 0xF0, 0x60, 0x40, 0xE3, 0x8F, 0xCE, 0x73, 0xBB, 0x87,
    0xEE, 0x0F, 0xF0, 0x3F, 0xC0, 0xFB, 0x83, 0xEE, 0x1F, 0x9F, 0xEE, 0x3F, 0x00, 0x30, 0x0E, 0x3F,
    0xFC, 0x78, 0x3C, 0x1F, 0x8D, 0xFE, 0x7F, 0x71, 0xF0, 0xF0, 0x60, 0x00, 0x30, 0x0C, 0x01, 0x80,
    0x60, 0x0C, 0x03, 0x03, 0xF1, 0xCE, 0xE1, 0xB0, 0x7F, 0xFF, 0xFE, 0xC0, 0x38, 0x07, 0xF8, 0xFE,
    0x0C, 0x00, 0x33, 0x0D, 0xC3, 0x30, 0x00, 0x0C, 0x0F, 0xC7, 0x3B, 0x86, 0xC1, 0xFF, 0xFF, 0xFB,
    0x00, 0xE0, 0x1F, 0xE3, 0xF8, 0x30, 0x38, 0x03, 0x80, 0xFF, 0x87, 0xF8, 0x39, 0x83, 0xFE, 0x3E,
    0xE3, 0x87, 0x38, 0x73, 0x87, 0x38, 0x73, 0x87, 0x38, 0x73, 0x87, 0x38, 0x70, 0x07, 0x00, 0x60,
    0x1E, 0x01, 0xC0, 0x06, 0x0E, 0x0C, 0x1C, 0x18, 0x3E, 0xFF, 0xFF, 0xE0, 0xE0, 0xE0, 0xE0, 0xE0,
    0xE0, 0xE0, 0xE0, 0x00, 0x0E, 0x1F, 0xDC, 0xFC, 0x0C, 0x07, 0xF3, 0xF9, 0x80, 0xE0, 0x3F, 0xCF,
    0xE1, 0x80, 0x1C, 0x3F, 0xB9, 0xD8, 0x0E, 0x03, 0xF0, 0xFC, 0x06, 0x03, 0xFF, 0xBF, 0x83, 0x00,
    0xFD, 0x05, 0xFF, 0xFF, 0xFF, 0xF8, 0x6D, 0xDD, 0x10, 0x01, 0x07, 0x0E, 0x1C, 0x38, 0x70, 0xE1,
    0xC3, 0x87, 0x0E, 0x00, 0x1C, 0x70, 0xC0, 0x08, 0x71, 0xC7, 0x1C, 0x71, 0xC7, 0x1C, 0x71, 0xC7,
    0x1D, 0xE7, 0x00, 0x0F, 0x80, 0x07, 0xF8, 0x01, 0xFE, 0x00, 0x63, 0x80, 0x18, 0xFF, 0x0E, 0x3F,
    0xE3, 0x8E, 0x18, 0xE3, 0x87, 0x30, 0xE1, 0xDC, 0x3F, 0xEE, 0x0F, 0xF0, 0x00, 0x00, 0x40, 0x80,
    0x70, 0x60, 0x38, 0x70, 0x1C, 0x38, 0x0E, 0x1F, 0xE7, 0xFF, 0xFB, 0xFF, 0x0F, 0xC3, 0x87, 0xE1,
    0xC3, 0xF0, 0xFF, 0xB8, 0x3F, 0xC0, 0x00, 0x00, 0x38, 0x03, 0x80, 0xFF, 0x87, 0xF0, 0x39, 0x83,
    0xFE, 0x3E, 0xE3, 0x87, 0x38, 0x73, 0x87, 0x38, 0x73, 0x87, 0x38, 0x73, 0x87, 0x38, 0x70, 0x00,
    0x03, 0x00, 0xC0, 0x60, 0x18, 0x0C, 0x10, 0x0E, 0x1B, 0x8E, 0xE7, 0x3B, 0x8F, 0xE3, 0xFC, 0xE3,
    0x38, 0xEE, 0x1B, 0x87, 0x00, 0x00, 0x30, 0x0E, 0x01, 0x80, 0x70, 0x0C, 0x10, 0x2E, 0x1F, 0x8F,
    0xE3, 0xF9, 0xBE, 0xEF, 0xF3, 0xF8, 0xFC, 0x3F, 0x0F, 0x83, 0x00, 0x00, 0x20, 0x86, 0x30, 0xFE,
    0x07, 0x04, 0x05, 0xC1, 0xD8, 0x33, 0x8E, 0x71, 0x86, 0x30, 0xEE, 0x0D, 0x81, 0xF0, 0x1C, 0x03,
    0x80, 0x60, 0x1C, 0x03, 0x80, 0x60, 0x00, 0x40, 0xB8, 0x7E, 0x1F, 0x87, 0xE1, 0xF8, 0x7E, 0x1F,
    0x87, 0xE1, 0xFF, 0xFF, 0xFC, 0x30, 0x0C, 0x03, 0x00, 0x0C, 0x00, 0x0C, 0x00, 0xFF, 0xE0, 0xFF,
    0xE0, 0x0C, 0x00, 0x0C, 0x00, 0x0F, 0xE0, 0x0F, 0xFC, 0x0F, 0xFE, 0x0C, 0x06, 0x0C, 0x06, 0x0C,
    0x06, 0x0C, 0x0E, 0x0F, 0xFE, 0x0F, 0xFC, 0x0C, 0x00, 0x60, 0x03, 0x00, 0x18, 0x03, 0xF0, 0x3F,
    0xE0, 0xFC, 0x01, 0x80, 0x0F, 0xE0, 0x7F, 0xC3, 0x0E, 0x18, 0x30, 0xC1, 0x87, 0xFC, 0x3F, 0xC0,
    0x1F, 0xFF, 0x81, 0xFF, 0xF8, 0x0E, 0x07, 0x00, 0x70, 0xE0, 0x03, 0x1C, 0x00, 0x19, 0x80, 0x01,
    0xF8, 0x00, 0xFF, 0xF0, 0x1F, 0xFF, 0x81, 0x86, 0x18, 0x38, 0x61, 0xC3, 0x06, 0x0C, 0x70, 0x60,
    0xE6, 0x06, 0x06, 0xE0, 0x60, 0x70, 0x00, 0x00, 0x0F, 0xF0, 0x1F, 0xF8, 0x0C, 0x38, 0x06, 0x70,
    0x07, 0xE0, 0x1F, 0xF8, 0x3F, 0xFC, 0x39, 0x8E, 0x71, 0x86, 0x61, 0x87, 0xE1, 0x83, 0x00, 0x00,
    0x0F, 0xC0, 0xFF, 0xC7, 0x87, 0x9C, 0x0E, 0xE0, 0x1F, 0x80, 0x7F, 0xFF, 0xFF, 0xFF, 0xFF, 0xFF,
    0x80, 0x7E, 0x01, 0xD8, 0x06, 0x70, 0x38, 0xFF, 0xC1, 0xFE, 0x00, 0xC0, 0x1C, 0x0F, 0xC7, 0x3B,
    0x87, 0xC1, 0xFF, 0xFF, 0xFF, 0x07, 0xE1, 0xDF, 0xE3, 0xF0, 0x30, 0xC0, 0x07, 0x70, 0x07, 0x98,
    0x07, 0x0E, 0x03, 0x07, 0x03, 0x81, 0x81, 0x80, 0xE1, 0xC0, 0x30, 0xC0, 0x1C, 0x60, 0x06, 0x70,
    0x03, 0xB0, 0x01, 0xF8, 0x00, 0x78, 0x00, 0x3C, 0x00, 0x0E, 0x00, 0x00, 0x00, 0x40, 0x3E, 0x0F,
    0x60, 0xE7, 0x1C, 0x71, 0x83, 0x18, 0x3B, 0x81, 0xB0, 0x1F, 0x00, 0xE0, 0x0E, 0x00, 0x00, 0x10,
    0x60, 0x39, 0xC0, 0x3F, 0x00, 0x10, 0x06, 0x01, 0x9C, 0x07, 0x38, 0x1E, 0x70, 0x7C, 0xE0, 0xD9,
    0xC3, 0xB3, 0x8E, 0x67, 0x38, 0xCE, 0x61, 0x9D, 0xC3, 0x3F, 0x06, 0x7C, 0x0C, 0xF0, 0x19, 0xE0,
    0x3F, 0x80, 0x78, 0x00, 0x70, 0x00, 0xC0, 0x01, 0x80, 0x02, 0x00, 0x61, 0x87, 0x18, 0x3F, 0x01,
    0xE0, 0x40, 0x8E, 0x1C, 0xE3, 0xCE, 0x3C, 0xE6, 0xCE, 0xEC, 0xFC, 0xCF, 0x8C, 0xF0, 0xCF, 0x0E,
    0xE0, 0xE0, 0x06, 0x00, 0xE0, 0x0C, 0x0C, 0x00, 0x18, 0x01, 0xFE, 0x03, 0xFC, 0x00, 0xC0, 0x01,
    0x80, 0x03, 0xF8, 0x07, 0xFE, 0x0F, 0xFE, 0x18, 0x1C, 0x30, 0x18, 0x60, 0x30, 0xC0, 0xE1, 0xFF,
    0xC3, 0xFE, 0x00, 0x0C, 0x00, 0x60, 0x03, 0x00, 0x18, 0x03, 0xF0, 0x3F, 0xE0, 0xFC, 0x01, 0x80,
    0x0F, 0xE0, 0x7F, 0xC3, 0x0E, 0x18, 0x30, 0xC1, 0x87, 0xFC, 0x3F, 0xC0, 0x7F, 0x8F, 0xFE, 0xE0,
    0xEE, 0x07, 0xE0, 0x7E, 0x37, 0xE3, 0x7F, 0xFE, 0xFF, 0xCF, 0xEC, 0xE0, 0xCE, 0x00, 0xE0, 0x0E,
    0x00, 0xE0, 0x00, 0x00, 0x46, 0x1F, 0xF3, 0xEF, 0x70, 0x6E, 0x0F, 0xC1, 0xF8, 0x3F, 0x16, 0xE3,
    0xDF, 0xFB, 0xFE, 0x73, 0x6E, 0x01, 0xC0, 0x38, 0x00, 0x00, 0x00, 0x30, 0x0C, 0x03, 0x7F, 0xFF,
    0xFE, 0x03, 0x80, 0xE0, 0x38, 0x0E, 0x03, 0x80, 0xE0, 0x38, 0x0E, 0x03, 0x80, 0xE0, 0x38, 0x0E,
    0x00, 0x00, 0x03, 0x03, 0x3F, 0xFF, 0xFE, 0xE0, 0xE0, 0xE0, 0xE0, 0xE0, 0xE0, 0xE0, 0xE0, 0x00,
    0x3F, 0xF3, 0xFF, 0x38, 0x03, 0x80, 0x38, 0x03, 0x80, 0x38, 0x0F, 0xF0, 0x7F, 0x03, 0x80, 0x38,
    0x03, 0x80, 0x38, 0x03, 0x80, 0x38, 0x00, 0x00, 0x0F, 0x83, 0xFC, 0x7F, 0x0C, 0x01, 0x80, 0xFE,
    0x1F, 0xC0, 0xC0, 0x18, 0x03, 0x00, 0x60, 0x00, 0x00, 0x7F, 0xEF, 0xFE, 0xE0, 0x0E, 0x00, 0xE0,
    0x0E, 0x00, 0xFF, 0xCF, 0xFE, 0xE0, 0xEE, 0x07, 0xE0, 0x7E, 0x03, 0xE0, 0x3E, 0x03, 0xE0, 0x30,
    0x07, 0x00, 0x70, 0x7E, 0x07, 0xC0, 0x3E, 0x3F, 0xCF, 0xF3, 0x80, 0xEF, 0x3F, 0xEF, 0x1F, 0x87,
    0xE1, 0xF8, 0x7E, 0x1C, 0x07, 0x01, 0x81, 0xE0, 0x70, 0x60, 0x60, 0x61, 0xC1, 0x83, 0x83, 0x86,
    0x1C, 0x06, 0x18, 0x60, 0x1C, 0x63, 0x80, 0x39, 0x9C, 0x00, 0x7F, 0xE0, 0x03, 0xFF, 0xC0, 0x1F,
    0xFF, 0x80, 0xE1, 0x87, 0x03, 0x86, 0x0C, 0x0C, 0x18, 0x38, 0x70, 0x60, 0x61, 0x81, 0x81, 0xEE,
    0x06, 0x07, 0x80, 0x00, 0x06, 0x00, 0x00, 0x18, 0x00, 0x00, 0x60, 0x00, 0x00, 0x80, 0x00, 0x82,
    0x30, 0xC3, 0x1C, 0x63, 0x87, 0x33, 0x81, 0xD9, 0x80, 0xFF, 0xC0, 0xFF, 0xF0, 0x63, 0x1C, 0x71,
    0x86, 0x70, 0xC3, 0xF8, 0x60, 0xE0, 0x00, 0x30, 0x00, 0x18, 0x00, 0x0C, 0x1F, 0xC3, 0xFF, 0x1C,
    0x1C, 0x00, 0xE0, 0x03, 0x00, 0x38, 0x3F, 0x83, 0xF8, 0x0F, 0xF0, 0x01, 0x80, 0x0C, 0x00, 0x66,
    0x07, 0x3F, 0xF8, 0xFF, 0x80, 0xE0, 0x07, 0x00, 0x38, 0x00, 0x80, 0x1E, 0x1F, 0xE7, 0x38, 0x06,
    0x01, 0x87, 0xE1, 0xF8, 0x07, 0x01, 0xFF, 0xE7, 0xF8, 0x30, 0x0C, 0x03, 0x00, 0x60, 0x63, 0x83,
    0x8E, 0x0C, 0x38, 0x70, 0xE3, 0x83, 0x8C, 0x0F, 0xF0, 0x3F, 0xC0, 0xFF, 0x83, 0x87, 0x0E, 0x0C,
    0x38, 0x38, 0xE0, 0x63, 0x81, 0xEE, 0x03, 0xC0, 0x07, 0x00, 0x1C, 0x00, 0x70, 0x00, 0x80, 0x40,
    0x1C, 0x33, 0x8E, 0x73, 0x8E, 0xE1, 0xFC, 0x3F, 0xC7, 0x18, 0xE3, 0x9C, 0x3B, 0x87, 0x80, 0x30,
    0x06, 0x00, 0xC0, 0x60, 0x37, 0x03, 0xB8, 0x39, 0xD9, 0x8E, 0xDC, 0x77, 0xC3, 0xFC, 0x1F, 0xF0,
    0xFF, 0xC7, 0x66, 0x3B, 0x39, 0xD8, 0xCE, 0x07, 0x70, 0x1B, 0x80, 0xE0, 0x00, 0x40, 0x9C, 0x3B,
    0xAE, 0x7D, 0x8F, 0xF1, 0xFC, 0x3F, 0xC7, 0xDC, 0xF9, 0xDC, 0x3B, 0x83, 0x00, 0x00, 0x1C, 0x0C,
    0x38, 0x3B, 0xFE, 0xE7, 0xFD, 0xC1, 0xC7, 0x03, 0x9C, 0x07, 0xF8, 0x0F, 0xF0, 0x1F, 0xF0, 0x38,
    0x70, 0x70, 0xE0, 0xE0, 0xE1, 0xC1, 0xC3, 0x81, 0x87, 0x03, 0x80, 0x00, 0x38, 0x03, 0x80, 0xFF,
    0x87, 0xF8, 0x38, 0x03, 0x86, 0x38, 0xE3, 0x9C, 0x3B, 0x83, 0xF8, 0x3F, 0xC3, 0x8C, 0x38, 0xE3,
    0x86, 0x38, 0x70, 0x00, 0x7E, 0x03, 0x3F, 0x83, 0x81, 0xC3, 0x80, 0xE1, 0x80, 0x71, 0xC0, 0x39,
    0xC0, 0x1F, 0xC0, 0x0F, 0xF0, 0x07, 0xFC, 0x03, 0x87, 0x01, 0xC3, 0x80, 0xE0, 0xE0, 0x70, 0x70,
    0x38, 0x1C, 0x1C, 0x0E, 0x00, 0x00, 0x38, 0x11, 0xF0, 0xE7, 0xC7, 0x03, 0x18, 0x0C, 0xE0, 0x3F,
    0x00, 0xFE, 0x03, 0x1C, 0x0C, 0x30, 0x30, 0xE0, 0xC1, 0x80, 0x00, 0x60, 0x18, 0xE0, 0x18, 0xE0,
    0x18, 0xE0, 0x18, 0xE0, 0x18, 0xE0, 0x18, 0xFF, 0xF8, 0xFF, 0xF8, 0xFF, 0xF8, 0xE0, 0x18, 0xE0,
    0x18, 0xE0, 0x18, 0xE0, 0x18, 0xE0, 0x1E, 0xE0, 0x1E, 0x00, 0x07, 0x00, 0x07, 0x00, 0x06, 0x00,
    0x02, 0x40, 0x8E, 0x0C, 0xE1, 0xCE, 0x1C, 0xE1, 0xCF, 0xFC, 0xFF, 0xCE, 0x1C, 0xE1, 0xCE, 0x1E,
    0xE0, 0xF0, 0x07, 0x00, 0x70, 0x06, 0x60, 0x1F, 0xFC, 0x03, 0xFF, 0x80, 0x60, 0x70, 0x0C, 0x0E,
    0x01, 0x81, 0xC0, 0x30, 0x3F, 0xFE, 0x07, 0xFF, 0xC0, 0xFF, 0xF8, 0x1C, 0x03, 0x03, 0x80, 0x60,
    0x70, 0x0C, 0x0E, 0x01, 0x81, 0xC0, 0x30, 0x38, 0x06, 0x00, 0x00, 0x00, 0x40, 0x79, 0xC1, 0xFF,
    0x87, 0xF7, 0x0E, 0x0E, 0x1C, 0x1F, 0xF8, 0x3F, 0xF0, 0x70, 0xE0, 0xE1, 0xC1, 0xC3, 0x83, 0x83,
    0x00, 0x00, 0x00, 0x0F, 0x80, 0x1F, 0xC0, 0x1E, 0x00, 0x0E, 0x1E, 0x0E, 0x1F, 0x87, 0x1C, 0xE3,
    0x8C, 0x31, 0x86, 0x18, 0xC3, 0x0C, 0x71, 0x86, 0x38, 0xC3, 0x0C, 0x73, 0x87, 0x1F, 0x81, 0xFF,
    0xF8, 0x7F, 0xFC, 0x06, 0x18, 0x0C, 0x01, 0xF0, 0x1C, 0x81, 0xC7, 0x8C, 0x7E, 0x67, 0x33, 0x31,
    0x99, 0xCC, 0xE6, 0xE3, 0xFF, 0xCF, 0xFE, 0x08, 0xC0, 0x0F, 0xE1, 0xFF, 0x9E, 0x1C, 0xE0, 0x0E,
    0x00, 0x70, 0x03, 0x80, 0x18, 0x00, 0xE0, 0x07, 0x00, 0x38, 0x00, 0xC0, 0x07, 0x03, 0x1F, 0xF8,
    0x7F, 0x80, 0x60, 0x03, 0x00, 0x18, 0x00, 0xC0, 0x1C, 0x3F, 0x9C, 0xFC, 0x0C, 0x06, 0x03, 0x01,
    0x80, 0xE0, 0x3F, 0xCF, 0xC1, 0x80, 0xC0, 0x60, 0x7F, 0xFD, 0xFF, 0xF0, 0x30, 0x00, 0xC0, 0x03,
    0x00, 0x0C, 0x00, 0x30, 0x00, 0xC0, 0x03, 0x00, 0x0C, 0x00, 0x30, 0x00, 0xC0, 0x03, 0x00, 0x0F,
    0x00, 0x3C, 0x00, 0x30, 0x00, 0xC0, 0x03, 0x00, 0x0C, 0x00, 0x3F, 0x8F, 0xFD, 0xFF, 0x07, 0x00,
    0xE0, 0x1C, 0x03, 0x80, 0x70, 0x0E, 0x01, 0xE0, 0x3C, 0x01, 0x80, 0x30, 0x06, 0x00, 0xC0, 0x37,
    0x03, 0x9C, 0x1C, 0x61, 0xC3, 0x9C, 0x0E, 0xC0, 0x3E, 0x00, 0xE0, 0x06, 0x00, 0x30, 0x01, 0x80,
    0x0C, 0x00, 0x60, 0x03, 0x00, 0x18, 0x00, 0x00, 0x40, 0x5C, 0x1D, 0x83, 0x38, 0xE7, 0x18, 0x63,
    0x0E, 0xE0, 0xD8, 0x1F, 0x01, 0xC0, 0x38, 0x07, 0x00, 0xE0, 0x1C, 0x03, 0x00, 0xC0, 0x37, 0x03,
    0x9C, 0x1C, 0x61, 0xC3, 0x9C, 0x0E, 0xC0, 0x3E, 0x07, 0xFC, 0x3F, 0xE0, 0x30, 0x01, 0x80, 0x0C,
    0x00, 0x60, 0x03, 0x00, 0x18, 0x00, 0x00, 0x40, 0x5C, 0x1D, 0x83, 0x38, 0xE7, 0x18, 0x63, 0x0E,
    0xE0, 0xD8, 0x1F, 0x01, 0xC0, 0xFE, 0x1F, 0xC0, 0xE0, 0x1C, 0x03, 0x00, 0x60, 0x39, 0xC0, 0xE3,
    0x87, 0x0E, 0x38, 0x1C, 0xC0, 0x3F, 0x00, 0x78, 0x01, 0xC0, 0x07, 0x80, 0x3F, 0x01, 0xCC, 0x0E,
    0x38, 0x38, 0x71, 0xC0, 0xFE, 0x03, 0xC0, 0x03, 0x00, 0x0C, 0x00, 0x30, 0x00, 0xC0, 0x40, 0x9C,
    0x31, 0x8E, 0x3B, 0x83, 0xE0, 0x38, 0x07, 0x81, 0xF0, 0x77, 0x1C, 0x7B, 0x07, 0x00, 0x70, 0x0E,
    0x01, 0x80, 0x7F, 0xF0, 0xC7, 0xFF, 0x0C, 0x07, 0x00, 0xC0, 0x70, 0x0C, 0x07, 0x00, 0xC0, 0x70,
    0x0C, 0x07, 0x00, 0xC0, 0x70, 0x0C, 0x07, 0x00, 0xC0, 0x70, 0x0C, 0x07, 0x00, 0xC0, 0x70, 0x0C,
    0x07, 0x00, 0xC0, 0x7F, 0xFF, 0x07, 0xFF, 0xF0, 0x00, 0x03, 0x00, 0x00, 0x30, 0x00, 0x03, 0x00,
    0x00, 0x30, 0x3F, 0x08, 0xFF, 0xB9, 0xFE, 0x70, 0x60, 0xE0, 0xC1, 0xC1, 0x83, 0x83, 0x07, 0x06,
    0x0E, 0x0C, 0x1C, 0x1F, 0xFC, 0x3F, 0xF8, 0x00, 0x30, 0x00, 0x60, 0x00, 0xC0, 0xC0, 0x63, 0x01,
    0xCC, 0x07, 0x30, 0x1C, 0xC0, 0x73, 0x81, 0xCE, 0x07, 0x1E, 0x3C, 0x3F, 0xF0, 0x7F, 0xC0, 0x07,
    0x00, 0x1C, 0x00, 0x70, 0x01, 0xE0, 0x07, 0xC0, 0x07, 0x00, 0x1C, 0x00, 0x70, 0x00, 0x80, 0x41,
    0x18, 0x33, 0x06, 0x60, 0xCC, 0x19, 0xC7, 0x1F, 0xE1, 0xFC, 0x01, 0x80, 0x38, 0x07, 0x80, 0x30,
    0x06, 0x00, 0xC0, 0xC0, 0x6C, 0x07, 0xC0, 0x7C, 0x07, 0xC6, 0x7E, 0x67, 0xE6, 0x77, 0xEF, 0x3F,
    0xF1, 0xFF, 0x06, 0x70, 0x67, 0x06, 0x70, 0x07, 0x00, 0x70, 0x00, 0x40, 0xB0, 0x6C, 0x1F, 0x37,
    0xCD, 0xFB, 0x77, 0xFC, 0xFF, 0x0D, 0xC3, 0x70, 0x18, 0x00, 0x60, 0x0E, 0x00, 0xE0, 0x0E, 0x00,
    0xE0, 0x0E, 0x60, 0xFF, 0xCF, 0xFE, 0xE0, 0x7E, 0x07, 0xE0, 0x3E, 0x03, 0xE0, 0x3E, 0x03, 0xE0,
    0x30, 0x00, 0xE0, 0x38, 0x0E, 0x03, 0x80, 0xE6, 0x3F, 0xEF, 0xBB, 0x87, 0xE1, 0xF8, 0x7E, 0x1F,
    0x87, 0xE1, 0xF8, 0x7E, 0x1C, 0x00, 0x00, 0xFE, 0x00, 0x7F, 0xC0, 0x38, 0x3B, 0x1C, 0x07, 0xC6,
    0x01, 0xFB, 0x80, 0x3E, 0xE0, 0x0D, 0xFF, 0xFF, 0x3F, 0xFF, 0xC3, 0x80, 0x00, 0x60, 0x00, 0x1C,
    0x00, 0x03, 0x81, 0xC0, 0xFF, 0xF0, 0x0F, 0xF0, 0x00, 0x60, 0x01, 0xC0, 0x3F, 0x13, 0x9D, 0xB8,
    0x7D, 0x81, 0xBF, 0xFC, 0xFF, 0xC3, 0x80, 0x1C, 0x00, 0x7F, 0xC1, 0xFC, 0x01, 0x00, 0x00, 0xFE,
    0x00, 0x7F, 0xC0, 0x38, 0x3B, 0x1C, 0x07, 0xC6, 0x01, 0xFB, 0x80, 0x3E, 0xE0, 0x0D, 0xFF, 0xFF,
    0x3F, 0xFF, 0xC3, 0x80, 0x00, 0x60, 0x00, 0x1C, 0x00, 0x03, 0x81, 0xC0, 0xFF, 0xF0, 0x0F, 0xF0,
    0x00, 0xE0, 0x00, 0x30, 0x00, 0x0D, 0x00, 0x03, 0xC0, 0x01, 0xC0, 0x3F, 0x13, 0x9D, 0xB8, 0x7D,
    0x81, 0xBF, 0xFC, 0xFF, 0xC3, 0x80, 0x1C, 0x00, 0x7F, 0xC1, 0xFC, 0x03, 0x80, 0x18, 0x00, 0xC0,
    0x07, 0x80, 0x7F, 0xFF, 0xFF, 0xFF, 0xFF, 0xF8, 0x03, 0x0C, 0x00, 0x39, 0xC0, 0x01, 0xF8, 0x00,
    0x06, 0x00, 0x60, 0x60, 0x67, 0x06, 0x0E, 0x38, 0x61, 0xC1, 0x86, 0x18, 0x1C, 0x63, 0x80, 0xE6,
    0x70, 0x07, 0xFE, 0x00, 0xFF, 0xF0, 0x1F, 0xFF, 0x83, 0x86, 0x1C, 0x38, 0x60, 0xC3, 0x06, 0x0E,
    0x70, 0x60, 0x66, 0x06, 0x07, 0xE0, 0x60, 0x70, 0x00, 0x00, 0x04, 0x30, 0x0E, 0x30, 0x07, 0xE0,
    0x03, 0xC0, 0x00, 0x82, 0x61, 0x86, 0x71, 0x8E, 0x39, 0x9C, 0x1D, 0x98, 0x1F, 0xF8, 0x3F, 0xFC,
    0x31, 0x8E, 0x71, 0x86, 0xE1, 0x87, 0xE1, 0x83, 0x00, 0x00, 0x60, 0x6E, 0x0E, 0xE0, 0xCE, 0x1C,
    0xE3, 0x8E, 0x30, 0xFF, 0x0F, 0xFC, 0xFF, 0xEE, 0x06, 0xE0, 0x7E, 0x03, 0xE0, 0x3E, 0x03, 0xE0,
    0x30, 0x07, 0x00, 0x70, 0x7E, 0x07, 0xC0, 0x40, 0x38, 0x6E, 0x3B, 0x9C, 0xEE, 0x3F, 0xCF, 0xFB,
    0x86, 0xE1, 0xF8, 0x7E, 0x1C, 0x06, 0x03, 0x81, 0xE0, 0x60, 0x0F, 0xFC, 0x0F, 0xFC, 0x0C, 0x0C,
    0x0C, 0x0C, 0x0C, 0x0C, 0x0C, 0x0C, 0x1C, 0x0C, 0x1C, 0x0C, 0x1C, 0x0C, 0x1C, 0x0C, 0x18, 0x0C,
    0x38, 0x0C, 0x38, 0x0C, 0x70, 0x0F, 0xE0, 0x0F, 0x00, 0x07, 0x00, 0x06, 0x00, 0x06, 0x00, 0x04,
    0x0F, 0x81, 0xFE, 0x1F, 0xE1, 0x8E, 0x18, 0xE3, 0x8E, 0x38, 0xE3, 0x8E, 0x30, 0xE7, 0x0F, 0xE0,
    0xF0, 0x03, 0x00, 0x60, 0x06, 0x60, 0x1B, 0x80, 0x6E, 0x01, 0xB8, 0x06, 0xE0, 0x1B, 0x80, 0x6F,
    0xFF, 0xBF, 0xFE, 0xFF, 0xFB, 0x80, 0x6E, 0x01, 0xB8, 0x06, 0xE0, 0x1B, 0x80, 0x6E, 0x01, 0x80,
    0x06, 0x00, 0x18, 0x01, 0xE0, 0x0F, 0x00, 0x40, 0xB8, 0x3E, 0x1F, 0x87, 0xE1, 0xFF, 0xFF, 0xFF,
    0x87, 0xE1, 0xF8, 0x7E, 0x1C, 0x07, 0x01, 0xC1, 0xE0, 0x78, 0x60, 0x18, 0xE0, 0x18, 0xE0, 0x18,
    0xE0, 0x18, 0xE0, 0x18, 0xE0, 0x18, 0xFF, 0xF8, 0xFF, 0xF8, 0xFF, 0xF8, 0xE0, 0x18, 0xE0, 0x18,
    0xE0, 0x18, 0xE0, 0x18, 0xE0, 0x1E, 0xE0, 0x1E, 0x00, 0x06, 0x00, 0x06, 0x00, 0x0C, 0x00, 0x04,
    0x40, 0x8E, 0x0C, 0xE1, 0xCE, 0x1C, 0xE1, 0xCF, 0xFC, 0xFF, 0xCE, 0x1C, 0xE1, 0xCE, 0x1E, 0xE0,
    0xE0, 0x06, 0x00, 0xE0, 0x0C, 0xC0, 0x6C, 0x07, 0xC0, 0x7C, 0x07, 0xC0, 0x7E, 0x07, 0xE0, 0x77,
    0x8F, 0x3F, 0xF1, 0xFF, 0x00, 0x70, 0x07, 0x00, 0x70, 0x0F, 0x01, 0xF0, 0x18, 0x01, 0x80, 0x18,
    0x00, 0x80, 0x41, 0x60, 0xF0, 0x78, 0x3C, 0x1F, 0x1D, 0xFE, 0x7F, 0x01, 0x80, 0xC1, 0xE0, 0xC0,
    0x60, 0x30, 0x60, 0x06, 0x38, 0x01, 0x8F, 0x00, 0xE3, 0xC0, 0x78, 0xF8, 0x1E, 0x3E, 0x0F, 0x8E,
    0xC3, 0x63, 0xB9, 0xD8, 0xE6, 0x66, 0x39, 0xF9, 0x8E, 0x3C, 0x63, 0x8F, 0x18, 0xE1, 0x86, 0x38,
    0x01, 0xE6, 0x00, 0x78, 0x00, 0x06, 0x00, 0x03, 0x80, 0x00, 0xC0, 0x00, 0x30, 0x40, 0x27, 0x03,
    0x38, 0x39, 0xE1, 0xCF, 0x9E, 0x7C, 0xF3, 0xFD, 0x9D, 0xEC, 0xE6, 0x67, 0x33, 0xB0, 0x1E, 0x00,
    0x70, 0x03, 0x00, 0x18, 0xFF, 0xFF, 0xFF, 0xFF, 0xFF, 0xF8, 0x18, 0x30, 0x18, 0xC0, 0x1F, 0x80,
    0x08, 0x00, 0x38, 0x00, 0x70, 0x00, 0xF0, 0x03, 0x60, 0x06, 0xE0, 0x1C, 0xC0, 0x31, 0x80, 0xE3,
    0x81, 0x83, 0x07, 0xFF, 0x0F, 0xFE, 0x1F, 0xFE, 0x70, 0x0C, 0xC0, 0x1F, 0x80, 0x38, 0x00, 0x00,
    0x61, 0x31, 0x8F, 0xC3, 0xC1, 0xC3, 0xFB, 0xDE, 0x07, 0x01, 0xBF, 0xFF, 0xF8, 0x3C, 0x3F, 0xBD,
    0xFE, 0x30, 0x06, 0xC0, 0x1D, 0xC0, 0x11, 0x00, 0x00, 0x00, 0x38, 0x00, 0x70, 0x00, 0xF0, 0x03,
    0x60, 0x06, 0xE0, 0x1C, 0xC0, 0x31, 0x80, 0xE3, 0x81, 0x83, 0x07, 0xFF, 0x0F, 0xFE, 0x1F, 0xFE,
    0x70, 0x0C, 0xC0, 0x1F, 0x80, 0x38, 0x00, 0x00, 0x33, 0x1B, 0x8C, 0x80, 0x01, 0xC3, 0xFB, 0xDE,
    0x07, 0x01, 0xBF, 0xFF, 0xF8, 0x3C, 0x3F, 0xBD, 0xFE, 0x30, 0x00, 0xFF, 0xF0, 0x1F, 0xFF, 0x01,
    0xE0, 0x00, 0x3E, 0x00, 0x03, 0x60, 0x00, 0x77, 0x00, 0x0E, 0x3F, 0xC0, 0xC3, 0xFE, 0x1C, 0x3F,
    0xE1, 0xFF, 0x80, 0x3F, 0xF8, 0x07, 0xFF, 0x80, 0x60, 0x18, 0x0E, 0x01, 0xFF, 0xC0, 0x1F, 0xF0,
    0x00, 0x00, 0x1C, 0x18, 0x3F, 0xBF, 0x3D, 0xF9, 0xC0, 0x38, 0x60, 0x18, 0x33, 0xFF, 0xFF, 0xFF,
    0xFD, 0x83, 0x00, 0xC3, 0xC0, 0x7B, 0xFF, 0x9F, 0x9F, 0xC3, 0x03, 0x00, 0x20, 0xC7, 0x38, 0x7E,
    0x02, 0x07, 0xFD, 0xFF, 0xB8, 0x07, 0x00, 0xE0, 0x1C, 0x03, 0xFE, 0x7F, 0xEF, 0xFD, 0xC0, 0x38,
    0x07, 0x00, 0xE0, 0x1F, 0xF9, 0xFF, 0x80, 0x61, 0x98, 0x63, 0xF0, 0x78, 0x0C, 0x0F, 0xC7, 0x3B,
    0x86, 0xC1, 0xFF, 0xFF, 0xFB, 0x00, 0xE0, 0x1F, 0xE3, 0xF8, 0x30, 0x1F, 0xC1, 0xFF, 0xC7, 0x07,
    0x80, 0x0E, 0x00, 0x1C, 0x00, 0x77, 0xFF, 0xFF, 0xFF, 0xFF, 0xFF, 0x80, 0x7E, 0x01, 0xD8, 0x06,
    0x70, 0x38, 0xFF, 0xC1, 0xFE, 0x00, 0xC0, 0x0E, 0x0F, 0xF1, 0xCF, 0x00, 0x60, 0x0C, 0xFF, 0xDF,
    0xFB, 0x06, 0x60, 0xCF, 0x78, 0xFE, 0x02, 0x00, 0x0C, 0xC0, 0x37, 0x00, 0xC8, 0x00, 0x00, 0x1F,
    0xC1, 0xFF, 0xC7, 0x07, 0x80, 0x0E, 0x00, 0x1C, 0x00, 0x77, 0xFF, 0xFF, 0xFF, 0xFF, 0xFF, 0x80,
    0x7E, 0x01, 0xD8, 0x06, 0x70, 0x38, 0xFF, 0xC1, 0xFE, 0x00, 0xC0, 0x33, 0x07, 0x60, 0x4C, 0x00,
    0x00, 0xE0, 0xFF, 0x1C, 0xF0, 0x06, 0x00, 0xCF, 0xFD, 0xFF, 0xB0, 0x66, 0x0C, 0xF7, 0x8F, 0xE0,
    0x20, 0x01, 0x98, 0x00, 0x1D, 0x80, 0x00, 0x98, 0x00, 0x00, 0x00, 0x60, 0x60, 0x67, 0x06, 0x0E,
    0x38, 0x61, 0xC1, 0x86, 0x18, 0x1C, 0x63, 0x80, 0xE6, 0x70, 0x07, 0xFE, 0x00, 0xFF, 0xF0, 0x1F,
    0xFF, 0x83, 0x86, 0x1C, 0x38, 0x60, 0xC3, 0x06, 0x0E, 0x70, 0x60, 0x66, 0x06, 0x07, 0xE0, 0x60,
    0x70, 0x00, 0x00, 0x06, 0x60, 0x07, 0x60, 0x02, 0x60, 0x00, 0x00, 0x00, 0x82, 0x61, 0x86, 0x71,
    0x8E, 0x39, 0x9C, 0x1D, 0x98, 0x1F, 0xF8, 0x3F, 0xFC, 0x31, 0x8E, 0x71, 0x86, 0xE1, 0x87, 0xE1,
    0x83, 0x00, 0x00, 0x0D, 0x80, 0xEE, 0x02, 0x20, 0x00, 0x01, 0xFC, 0x3F, 0xF1, 0xC1, 0xC0, 0x0E,
    0x00, 0x30, 0x03, 0x83, 0xF8, 0x3F, 0x80, 0xFF, 0x00, 0x18, 0x00, 0xC0, 0x06, 0x60, 0x73, 0xFF,
    0x8F, 0xF8, 0x0E, 0x00, 0x33, 0x0E, 0xC1, 0x30, 0x00, 0x1E, 0x1F, 0xE7, 0x38, 0x06, 0x01, 0x87,
    0xE1, 0xF8, 0x07, 0x01, 0xFF, 0xE7, 0xF8, 0x30, 0x7F, 0xF3, 0xFF, 0x80, 0x38, 0x03, 0x80, 0x38,
    0x03, 0x80, 0x3C, 0x01, 0xFC, 0x07, 0xF0, 0x01, 0x80, 0x0C, 0x00, 0x66, 0x07, 0x3F, 0xF8, 0xFF,
    0x80, 0xE0, 0x3F, 0x3F, 0xE7, 0xF8, 0x1C, 0x0E, 0x03, 0x01, 0xE0, 0xFE, 0x03, 0xC0, 0x70, 0x0C,
    0x07, 0xC1, 0xFF, 0xE7, 0xF0, 0x00, 0x00, 0xFE, 0x00, 0x00, 0x00, 0x06, 0x01, 0xF0, 0x1F, 0x81,
    0xFC, 0x1F, 0xE0, 0xDF, 0x0E, 0xF8, 0xE7, 0xCE, 0x3E, 0x61, 0xF7, 0x0F, 0xF0, 0x7F, 0x03, 0xF0,
    0x1F, 0x80, 0xF8, 0x06, 0x00, 0x00, 0x1F, 0x0F, 0xE0, 0x00, 0x00, 0x40, 0xB8, 0x7E, 0x3F, 0x8F,
    0xE6, 0xFB, 0xBF, 0xCF, 0xE3, 0xF0, 0xFC, 0x3E, 0x0C, 0x00, 0x0D, 0xC0, 0x6E, 0x03, 0x20, 0x00,
    0x06, 0x01, 0xF0, 0x1F, 0x81, 0xFC, 0x1F, 0xE0, 0xDF, 0x0E, 0xF8, 0xE7, 0xCE, 0x3E, 0x61, 0xF7,
    0x0F, 0xF0, 0x7F, 0x03, 0xF0, 0x1F, 0x80, 0xF8, 0x06, 0x00, 0x00, 0x33, 0x0E, 0xC1, 0x30, 0x00,
    0x40, 0xB8, 0x7E, 0x3F, 0x8F, 0xE6, 0xFB, 0xBF, 0xCF, 0xE3, 0xF0, 0xFC, 0x3E, 0x0C, 0x00, 0x0C,
    0xC0, 0x37, 0x00, 0x48, 0x00, 0x00, 0x0F, 0xC0, 0xFF, 0xC7, 0x87, 0x9C, 0x0E, 0xE0, 0x1F, 0x80,
    0x7E, 0x01, 0xF0, 0x03, 0xC0, 0x1F, 0x80, 0x7E, 0x01, 0xD8, 0x06, 0x70, 0x38, 0xFF, 0xC1, 0xFE,
    0x00, 0xC0, 0x33, 0x0D, 0xC3, 0x20, 0x00, 0x1C, 0x0F, 0xC7, 0x3B, 0x87, 0xC1, 0xF0, 0x3C, 0x0F,
    0x07, 0xE1, 0xDF, 0xE3, 0xF0, 0x30, 0x0F, 0xC0, 0xFF, 0xC7, 0x87, 0x9C, 0x0E, 0xE0, 0x1F, 0x80,
    0x7F, 0xFF, 0xFF, 0xFF, 0xFF, 0xFF, 0x80, 0x7E, 0x01, 0xD8, 0x06, 0x70, 0x38, 0xFF, 0xC1, 0xFE,
    0x00, 0xC0, 0x1C, 0x0F, 0xC7, 0x3B, 0x87, 0xC1, 0xFF, 0xFF, 0xFF, 0x07, 0xE1, 0xDF, 0xE3, 0xF0,
    0x30, 0x0C, 0xC0, 0x37, 0x00, 0x48, 0x00, 0x00, 0x0F, 0xC0, 0xFF, 0xC7, 0x87, 0x9C, 0x0E, 0xE0,
    0x1F, 0x80, 0x7F, 0xFF, 0xFF, 0xFF, 0xFF, 0xFF, 0x80, 0x7E, 0x01, 0xD8, 0x06, 0x70, 0x38, 0xFF,
    0xC1, 0xFE, 0x00, 0xC0, 0x33, 0x0D, 0xC3, 0x20, 0x00, 0x1C, 0x0F, 0xC7, 0x3B, 0x87, 0xC1, 0xFF,
    0xFF, 0xFF, 0x07, 0xE1, 0xDF, 0xE3, 0xF0, 0x30, 0x19, 0x80, 0xEC, 0x02, 0x60, 0x00, 0x01, 0xF8,
    0x3F, 0xF1, 0xC3, 0xC0, 0x0E, 0x00, 0x38, 0x01, 0xC3, 0xFE, 0x3F, 0xF0, 0xFF, 0x80, 0x1C, 0x00,
    0xE0, 0x06, 0x60, 0x73, 0xFF, 0x0F, 0xF0, 0x0C, 0x00, 0x36, 0x1D, 0xC2, 0x20, 0x00, 0x1C, 0x1F,
    0xCE, 0x78, 0x06, 0x01, 0x8F, 0xE3, 0xF8, 0x06, 0x03, 0xBF, 0xC7, 0xF0, 0x60, 0x00, 0x00, 0x7F,
    0x80, 0x00, 0x00, 0x00, 0xC0, 0x1B, 0x80, 0x67, 0x03, 0x8C, 0x0C, 0x38, 0x70, 0x61, 0x81, 0xCE,
    0x03, 0xB0, 0x07, 0xC0, 0x1E, 0x00, 0x38, 0x00, 0xC0, 0x07, 0x00, 0x18, 0x00, 0xE0, 0x00, 0x00,
    0x1F, 0x07, 0xF0, 0x00, 0x00, 0x04, 0x05, 0xC1, 0xD8, 0x33, 0x8E, 0x71, 0x86, 0x30, 0xEE, 0x0D,
    0x81, 0xF0, 0x1C, 0x03, 0x80, 0x60, 0x1C, 0x03, 0x80, 0x60, 0x00, 0x0C, 0xC0, 0x37, 0x00, 0xC8,
    0x00, 0x00, 0xC0, 0x1B, 0x80, 0x67, 0x03, 0x8C, 0x0C, 0x38, 0x70, 0x61, 0x81, 0xCE, 0x03, 0xB0,
    0x07, 0xC0, 0x1E, 0x00, 0x38, 0x00, 0xC0, 0x07, 0x00, 0x18, 0x00, 0xE0, 0x00, 0x00, 0x1B, 0x07,
    0x70, 0x44, 0x00, 0x04, 0x05, 0xC1, 0xD8, 0x33, 0x8E, 0x71, 0x86, 0x30, 0xEE, 0x0D, 0x81, 0xF0,
    0x1C, 0x03, 0x80, 0x60, 0x1C, 0x03, 0x80, 0x60, 0x00, 0x03, 0x60, 0x0D, 0x80, 0x6C, 0x01, 0xA0,
    0x04, 0x03, 0x00, 0x6E, 0x01, 0x9C, 0x0E, 0x30, 0x30, 0xE1, 0xC1, 0x86, 0x07, 0x38, 0x0E, 0xC0,
    0x1F, 0x00, 0x78, 0x00, 0xE0, 0x03, 0x00, 0x1C, 0x00, 0x60, 0x03, 0x80, 0x00, 0x00, 0x0D, 0x81,
    0xB0, 0x3C, 0x05, 0x80, 0xB0, 0x80, 0xB8, 0x3B, 0x06, 0x71, 0xCE, 0x30, 0xC6, 0x1D, 0xC1, 0xB0,
    0x3E, 0x03, 0x80, 0x70, 0x0C, 0x03, 0x80, 0x70, 0x0C, 0x00, 0x1B, 0x03, 0xB8, 0x11, 0x00, 0x00,
    0xC0, 0x6C, 0x07, 0xC0, 0x7C, 0x07, 0xC0, 0x7E, 0x07, 0xE0, 0x77, 0x8F, 0x3F, 0xF1, 0xFF, 0x00,
    0x70, 0x07, 0x00, 0x70, 0x07, 0x00, 0x70, 0x00, 0x36, 0x3B, 0x8C, 0x80, 0x04, 0x16, 0x0F, 0x07,
    0x83, 0xC1, 0xF1, 0xDF, 0xE7, 0xF0, 0x18, 0x0C, 0x06, 0x00, 0x7F, 0xDF, 0xFB, 0x80, 0x70, 0x0E,
    0x01, 0xC0, 0x38, 0x07, 0x00, 0xE0, 0x1C, 0x03, 0x80, 0x70, 0x0E, 0x01, 0xF0, 0x1E, 0x00, 0xC0,
    0x18, 0x03, 0x00, 0x60, 0x00, 0x3E, 0xFF, 0xFF, 0xE0, 0xE0, 0xE0, 0xE0, 0xE0, 0xE0, 0xF0, 0xF0,
    0x30, 0x30, 0x30, 0x06, 0x60, 0x0D, 0xC0, 0x09, 0x00, 0x00, 0x06, 0x00, 0x7C, 0x00, 0xF8, 0x01,
    0xF0, 0x03, 0xE0, 0x07, 0xC0, 0x0F, 0xF8, 0x1F, 0xFE, 0x3F, 0xFE, 0x7C, 0x0C, 0xF8, 0x1D, 0xF0,
    0x33, 0xE0, 0x67, 0xFF, 0xCD, 0xFF, 0x18, 0x00, 0x00, 0x0D, 0x80, 0xEE, 0x03, 0x20, 0x00, 0x04,
    0x01, 0x70, 0x0F, 0x80, 0xFC, 0x07, 0xFF, 0x3F, 0xFD, 0xF8, 0x7F, 0xC3, 0xFE, 0x1F, 0xFF, 0xDF,
    0xFC, 0x60, 0x00, 0x3F, 0xF3, 0xFF, 0x38, 0x03, 0x80, 0x38, 0x03, 0x80, 0x38, 0x0F, 0xF0, 0x7F,
    0x03, 0x80, 0x38, 0x03, 0x80, 0x38, 0x03, 0xC0, 0x3E, 0x00, 0xE0, 0x0E, 0x03, 0xC0, 0x78, 0x00,
    0x0F, 0x83, 0xFC, 0x7F, 0x0C, 0x01, 0x80, 0xFE, 0x1F, 0xC0, 0xC0, 0x18, 0x03, 0xC0, 0x78, 0x03,
    0x00, 0xE0, 0x78, 0x0E, 0x00, 0x60, 0x3B, 0x81, 0xCE, 0x1C, 0x71, 0xC1, 0xCC, 0x07, 0xE0, 0x1E,
    0x00, 0xE0, 0x07, 0x80, 0x7E, 0x07, 0x30, 0x71, 0xC3, 0x87, 0x38, 0x1B, 0x80, 0xE0, 0x07, 0x00,
    0x38, 0x07, 0x80, 0x38, 0x40, 0xB8, 0x66, 0x39, 0xDC, 0x3E, 0x07, 0x01, 0xE0, 0xF8, 0x77, 0x38,
    0xEC, 0x1C, 0x07, 0x01, 0xC1, 0xE0, 0x70, 0x60, 0x3B, 0x81, 0xCE, 0x1C, 0x71, 0xC1, 0xCC, 0x07,
    0xE0, 0x1E, 0x07, 0xFC, 0x3F, 0xE0, 0x7E, 0x07, 0x30, 0x71, 0xC3, 0x87, 0x38, 0x1F, 0x80, 0xE0,
    0x00, 0x40, 0xB8, 0x66, 0x39, 0xDC, 0x3E, 0x3F, 0xEF, 0xF8, 0xF8, 0x77, 0x38, 0xEC, 0x18, 0x00,
    0x3F, 0x87, 0xFE, 0x70, 0x6E, 0x00, 0xE0, 0x06, 0x00, 0x7F, 0x03, 0xF8, 0x7F, 0x8E, 0x00, 0xC0,
    0x0C, 0x00, 0xE0, 0x77, 0xFF, 0x3F, 0xC0, 0x60, 0x0E, 0x0F, 0xE7, 0x1D, 0x80, 0x70, 0x0F, 0x87,
    0xE1, 0x80, 0x60, 0x1F, 0xF3, 0xF8, 0x30, 0x0F, 0xFC, 0x3F, 0xF0, 0xC0, 0xC3, 0x03, 0x0C, 0x0C,
    0x30, 0x31, 0xC0, 0xC7, 0x03, 0x1C, 0x0C, 0x70, 0x31, 0x80, 0xCE, 0x03, 0x38, 0x0D, 0xC0, 0x3E,
    0x00, 0xC0, 0x07, 0x00, 0x1C, 0x01, 0xE0, 0x07, 0x80, 0x0F, 0x83, 0xFC, 0x7F, 0x8C, 0x71, 0x8E,
    0x71, 0xCE, 0x39, 0xC7, 0x30, 0xEE, 0x1F, 0x83, 0x80, 0x70, 0x0E, 0x07, 0x81, 0xE0, 0x0F, 0xC0,
    0xFF, 0xC7, 0x87, 0x9C, 0x0E, 0xE0, 0x1F, 0x80, 0x7E, 0x01, 0xF0, 0x03, 0xC0, 0x1F, 0x80, 0x7E,
    0x01, 0xD8, 0x06, 0x70, 0x38, 0xFF, 0xC1, 0xFE, 0x00, 0xF8, 0x00, 0x70, 0x00, 0xC0, 0x03, 0x80,
    0x00, 0x1C, 0x9F, 0xF7, 0x3F, 0x87, 0xC1, 0xF0, 0x3C, 0x0F, 0x07, 0xE1, 0xDF, 0xF3, 0xEC, 0x23,
    0x00, 0xC0, 0x30, 0x0C, 0x60, 0x38, 0x0C, 0xC0, 0x70, 0x19, 0xC0, 0xE0, 0x33, 0x83, 0xE0, 0xE3,
    0x06, 0xC1, 0x87, 0x0D, 0x87, 0x0E, 0x3B, 0x8E, 0x0C, 0x63, 0x18, 0x1C, 0xC6, 0x70, 0x3B, 0x8E,
    0xC0, 0x36, 0x0D, 0x80, 0x7C, 0x1F, 0x00, 0x78, 0x3C, 0x00, 0xE0, 0x38, 0x01, 0xC0, 0x70, 0x00,
    0x00, 0x00, 0x40, 0x80, 0xB0, 0x60, 0xD8, 0x78, 0xEE, 0x3C, 0x73, 0x3E, 0x31, 0x9B, 0xB8, 0xEC,
    0xD8, 0x3E, 0x6C, 0x1E, 0x3E, 0x0F, 0x0E, 0x03, 0x87, 0x00, 0x00, 0x00, 0x7F, 0xF8, 0xFF, 0xF8,
    0xE0, 0x18, 0xE0, 0x18, 0xE0, 0x18, 0xE0, 0x18, 0xE0, 0x18, 0xE0, 0x18, 0xE0, 0x18, 0xE0, 0x18,
    0xE0, 0x18, 0xE0, 0x18, 0xE0, 0x18, 0xE0, 0x1E, 0xE0, 0x1E, 0x00, 0x06, 0x00, 0x06, 0x00, 0x06,
    0x00, 0x02, 0x3F, 0x0F, 0xFC, 0xFF, 0xCE, 0x1C, 0xE1, 0xCE, 0x1C, 0xE1, 0xCE, 0x1C, 0xE1, 0xCE,
    0x1E, 0xE0, 0xE0, 0x06, 0x00, 0x60, 0x06, 0x60, 0x03, 0x80, 0x0E, 0x00, 0x38, 0x00, 0xE0, 0x03,
    0x98, 0x0F, 0xFC, 0x3F, 0xF8, 0xE0, 0x73, 0x81, 0xCE, 0x03, 0x38, 0x0C, 0xE0, 0x33, 0x80, 0xFE,
    0x03, 0xC0, 0x03, 0x00, 0x0C, 0x00, 0x30, 0x00, 0xC0, 0xE0, 0x0E, 0x00, 0xE0, 0x0E, 0x00, 0xE6,
    0x0F, 0xF8, 0xFB, 0x8E, 0x1C, 0xE1, 0xCE, 0x1C, 0xE1, 0xCE, 0x1C, 0xE1, 0xCE, 0x1E, 0xE1, 0xE0,
    0x06, 0x00, 0x60, 0x06, 0x0C, 0x03, 0x0E, 0x01, 0x87, 0x00, 0xC3, 0x80, 0x61, 0xC0, 0x30, 0xE0,
    0x18, 0x7F, 0xFC, 0x3F, 0xFE, 0x1F, 0xFF, 0x0E, 0x01, 0x87, 0x00, 0xC3, 0x80, 0x61, 0xC0, 0x30,
    0xE0, 0x18, 0x70, 0x0C, 0x38, 0x00, 0x1C, 0x00, 0x3C, 0x00, 0x1E, 0x00, 0x00, 0x08, 0x10, 0xE0,
    0xC7, 0x0E, 0x38, 0x71, 0xC3, 0x8F, 0xFC, 0x7F, 0xE3, 0x87, 0x1C, 0x38, 0xE1, 0xC7, 0x06, 0x38,
    0x01, 0xC0, 0x3C, 0x01, 0xC0, 0x00, 0x0F, 0xFC, 0x0F, 0xFC, 0x0C, 0x0C, 0x0C, 0x0C, 0x0C, 0x0C,
    0x0C, 0x0C, 0x1C, 0x0C, 0x1C, 0x0C, 0x1C, 0x0C, 0x1C, 0x0C, 0x18, 0x0C, 0x38, 0x0C, 0x38, 0x0C,
    0x70, 0x0F, 0xE0, 0x0F, 0x00, 0x03, 0x00, 0x03, 0x00, 0x03, 0x00, 0x03, 0x0F, 0x81, 0xFE, 0x1F,
    0xE1, 0x8E, 0x18, 0xE3, 0x8E, 0x38, 0xE3, 0x8E, 0x30, 0xE7, 0x0F, 0xE0, 0xF0, 0x03, 0x00, 0x30,
    0x03, 0x70, 0x39, 0xC1, 0xC7, 0x0C, 0x1C, 0xE1, 0xF7, 0x1F, 0xF1, 0xCF, 0x0E, 0x38, 0x70, 0xC3,
    0x07, 0x18, 0x1D, 0xC0, 0xE0, 0x7F, 0x87, 0xF8, 0x01, 0xC0, 0x1C, 0x01, 0xC0, 0x1C, 0x01, 0xC0,
    0x1C, 0x01, 0xC0, 0x1C, 0x7F, 0xEF, 0xFE, 0x7C, 0x7E, 0x0E, 0x0E, 0x0E, 0x0E, 0x0E, 0x0E, 0x0E,
    0x1E, 0xF6, 0xE7, 0x00, 0xFF, 0xEF, 0xFC, 0x0E, 0x01, 0xC0, 0x38, 0x07, 0x00, 0xE0, 0x1C, 0x03,
    0x80, 0x70, 0x0E, 0x01, 0xC0, 0xFF, 0xDF, 0xF8, 0x03, 0x80, 0x70, 0x0F, 0xC1, 0xF8, 0x3F, 0x07,
    0xE0, 0xFC, 0x1F, 0x83, 0xF0, 0x70, 0x7B, 0xCE, 0x73, 0x9C, 0xE7, 0x39, 0xCE, 0x70, 0xFE, 0xF8,
    0xE1, 0x87, 0x0E, 0x1C, 0x18, 0x30, 0x70, 0xE1, 0xC0, 0x7F, 0xE3, 0xFF, 0x8C, 0x0C, 0x60, 0x73,
    0x03, 0x98, 0x1C, 0xC0, 0xE6, 0x07, 0x30, 0x39, 0x81, 0xCC, 0x0E, 0x60, 0x70, 0xC7, 0xCC, 0x7E,
    0xC0, 0xEC, 0x06, 0xC0, 0x6C, 0x06, 0xE0, 0x6E, 0x06, 0xE0, 0xE7, 0x1E, 0x7F, 0xC3, 0xF8, 0x7B,
    0xCE, 0x73, 0x9C, 0xE0, 0x7F, 0x9F, 0xF0, 0x1C, 0x03, 0x00, 0xC0, 0x30, 0x0C, 0x03, 0x00, 0xC0,
    0x30, 0x0C, 0x03, 0x00, 0xC0, 0x30, 0x0C, 0x03, 0x7F, 0x1F, 0xE0, 0x38, 0x07, 0x01, 0xC0, 0x70,
    0x1C, 0x07, 0x01, 0xC0, 0xE7, 0xF9, 0xFC, 0x60, 0x1C, 0x03, 0x80, 0x70, 0x0F, 0xFD, 0xFF, 0x80,
    0x70, 0x0E, 0x03, 0x80, 0x70, 0x0C, 0x03, 0x80, 0x70, 0x0C, 0x03, 0x80, 0x70, 0xFF, 0xEF, 0xFF,
    0x70, 0x77, 0x07, 0x70, 0x77, 0x07, 0x70, 0x77, 0x07, 0x70, 0x77, 0x07, 0x7F, 0xF7, 0xFF, 0x67,
    0xE3, 0xBF, 0x9F, 0x1E, 0x70, 0x73, 0x81, 0x9C, 0x0C, 0xE0, 0x66, 0x07, 0x30, 0x3B, 0x83, 0xDD,
    0xFC, 0xEF, 0xC0, 0x7B, 0xCE, 0x73, 0x9C, 0xE7, 0x39, 0xCE, 0x73, 0x9C, 0xE7, 0xFB, 0xE1, 0xC7,
    0x1C, 0x71, 0xC7, 0x1C, 0x7F, 0xFF, 0x7F, 0xE3, 0xFF, 0x8E, 0x1C, 0x60, 0x77, 0x03, 0xB8, 0x1D,
    0xC0, 0xEE, 0x07, 0x30, 0x71, 0xC3, 0x8F, 0xF8, 0x1F, 0x80, 0x00, 0x07, 0x07, 0x70, 0x73, 0x07,
    0x30, 0x73, 0x86, 0x38, 0x61, 0x8E, 0x18, 0xE1, 0xCC, 0x1D, 0xC1, 0xF8, 0x7F, 0x0F, 0x80, 0x00,
    0x00, 0x3F, 0x0F, 0xF3, 0x87, 0x60, 0x6C, 0x0F, 0xC1, 0xFC, 0x3B, 0xC7, 0x00, 0xE0, 0x1C, 0x03,
    0x80, 0x70, 0x0E, 0x01, 0xC0, 0x38, 0x07, 0x3F, 0x0F, 0xF3, 0x87, 0x60, 0x6C, 0x0F, 0xC1, 0xFE,
    0x39, 0xC7, 0x00, 0xC0, 0x7B, 0xFE, 0x7F, 0x80, 0xE0, 0xCE, 0x19, 0xC7, 0x1C, 0xE3, 0x9C, 0x37,
    0x07, 0xE0, 0xF0, 0x0C, 0x01, 0xC0, 0x38, 0x03, 0x00, 0x70, 0x0E, 0x01, 0xC0, 0x18, 0x70, 0xEF,
    0x1C, 0xE3, 0x8E, 0x61, 0xDC, 0x1F, 0x81, 0xE0, 0x38, 0x03, 0x80, 0x39, 0xFF, 0x3F, 0xE0, 0xFF,
    0xFF, 0xFE, 0x00, 0xE0, 0x0E, 0x60, 0xE6, 0x0C, 0x61, 0xC6, 0x1C, 0x61, 0x86, 0x38, 0x63, 0x86,
    0x30, 0x60, 0x06, 0x00, 0x60, 0x06, 0x00, 0x7F, 0x1F, 0xE0, 0x1C, 0x07, 0x01, 0xC0, 0x70, 0x1C,
    0x07, 0x01, 0xC0, 0x70, 0x1C, 0x07, 0xE7, 0x1F, 0x38, 0xF9, 0xC7, 0xCE, 0x3E, 0xE1, 0xFF, 0x0F,
    0xF0, 0xFC, 0x07, 0x60, 0x3B, 0x83, 0x8F, 0xF8, 0x3F, 0x80, 0x7F, 0xF3, 0xFF, 0xC6, 0x0E, 0x30,
    0x71, 0x83, 0x8C, 0x1C, 0x60, 0xE3, 0x07, 0x18, 0x38, 0xC1, 0xDE, 0x0F, 0xE0, 0x70, 0x27, 0x67,
    0x70, 0x33, 0x77, 0x6E, 0x00, 0x6E, 0xE4, 0x00, 0x3F, 0xBF, 0xFC, 0x2C, 0x07, 0x03, 0x80, 0xE0,
    0x38, 0x0E, 0x03, 0x01, 0x80, 0x00, 0x60, 0x78, 0x3C, 0x0C, 0x00, 0x1C, 0x3E, 0x7C, 0x60, 0x60,
    0x73, 0x3F, 0xFE, 0xF8, 0x00, 0xFF, 0xFC, 0x00, 0x77, 0x30, 0xFF, 0x00, 0x6F, 0xF2, 0x0C, 0xEE,
    0x66, 0x67, 0x77, 0x77, 0x73, 0x30, 0x00, 0x18, 0x76, 0x19, 0xFE, 0x7F, 0x1F, 0x07, 0x00, 0xC0,
    0x30, 0x0C, 0x03, 0x00, 0xC0, 0x38, 0x0E, 0x03, 0x80, 0x00, 0x00, 0x06, 0x36, 0x67, 0x67, 0x77,
    0x7F, 0xE7, 0xFE, 0x70, 0x03, 0x00, 0x30, 0x03, 0x00, 0x30, 0x03, 0x00, 0x38, 0x03, 0x80, 0x38,
    0x00, 0x00, 0x00, 0x07, 0x03, 0xE1, 0xE0, 0x60, 0x38, 0x0F, 0xC1, 0xF0, 0x3C, 0x1C, 0x06, 0x03,
    0x80, 0xE0, 0x1F, 0xE3, 0xF8, 0x00, 0x1E, 0x0F, 0xC7, 0x39, 0x86, 0x61, 0xB8, 0x7E, 0x1D, 0x86,
    0x61, 0x9F, 0xE3, 0xF0, 0x00, 0x00, 0x3F, 0xCF, 0xF0, 0x2C, 0x03, 0x00, 0xE0, 0x38, 0x0E, 0x03,
    0x80, 0xE0, 0x18, 0x06, 0x01, 0x80, 0x70, 0x1C, 0x00, 0x40, 0x0E, 0x07, 0xE0, 0x67, 0x0E, 0x70,
    0xE3, 0x0C, 0x39, 0xC3, 0x98, 0x19, 0x81, 0xF8, 0x1F, 0x00, 0xF0, 0x0F, 0x00, 0xE0, 0x06, 0x00,
    0x00, 0x02, 0x00, 0x60, 0x07, 0x00, 0xF0, 0x0F, 0x00, 0xF8, 0x1F, 0x81, 0x98, 0x39, 0xC3, 0x9C,
    0x30, 0xC7, 0x0E, 0x70, 0xEE, 0x06, 0xE0, 0x70, 0x00, 0x08, 0x0F, 0x87, 0xF1, 0x9C, 0xE3, 0x38,
    0xC7, 0xF1, 0xFC, 0x1F, 0x80, 0xE0, 0x38, 0x06, 0x01, 0x80, 0x60, 0x18, 0x00, 0x00, 0x10, 0x00,
    0xE0, 0x03, 0x98, 0x06, 0x60, 0x1B, 0x80, 0x7E, 0x01, 0xF8, 0x06, 0xE0, 0x39, 0xE3, 0xC3, 0xFF,
    0x07, 0xF0, 0x7D, 0xF0, 0x18, 0x1C, 0x3E, 0x7E, 0x67, 0xE3, 0xE3, 0xE3, 0x7F, 0x7E, 0x6F, 0xF2,
    0x0C, 0xEE, 0x66, 0x67, 0x77, 0x77, 0x73, 0x30, 0x00, 0x18, 0x76, 0x19, 0xFE, 0x7F, 0x1F, 0x07,
    0x00, 0xC0, 0x30, 0x0C, 0x03, 0x00, 0xC0, 0x38, 0x0E, 0x03, 0x80, 0x00, 0x00, 0x06, 0x36, 0x67,
    0x67, 0x77, 0x7F, 0xE7, 0xFE, 0x70, 0x03, 0x00, 0x30, 0x03, 0x00, 0x30, 0x03, 0x00, 0x38, 0x03,
    0x80, 0x38, 0x00, 0x00, 0x00, 0x39, 0xE6, 0xF1, 0xB0, 0x7F, 0x9F, 0xE7, 0xE1, 0xC0, 0x30, 0x0C,
    0x03, 0x00, 0xC0, 0x30, 0x0C, 0x03, 0x00, 0x00, 0x07, 0x01, 0xE0, 0x78, 0x1F, 0x0E, 0xC3, 0x39,
    0xC6, 0x61, 0xB8, 0x6E, 0x1F, 0x87, 0xED, 0xDF, 0xE7, 0xF8, 0x00, 0x3E, 0x7E, 0x60, 0x60, 0x60,
    0x73, 0x3F, 0x1E, 0x1C, 0x38, 0x70, 0x60, 0xE0, 0xC0, 0x00, 0x40, 0x0E, 0x07, 0xE0, 0x67, 0x0E,
    0x70, 0xE3, 0x0C, 0x39, 0xC3, 0x98, 0x19, 0x81, 0xF8, 0x1F, 0x00, 0xF0, 0x0F, 0x00, 0xE0, 0x06,
    0x00, 0x00, 0x02, 0x00, 0x60, 0x07, 0x00, 0xF0, 0x0F, 0x00, 0xF8, 0x1F, 0x81, 0x98, 0x39, 0xC3,
    0x9C, 0x30, 0xC7, 0x0E, 0x70, 0xEE, 0x06, 0xE0, 0x70, 0x00, 0x08, 0x0F, 0x87, 0xF1, 0x9C, 0xE3,
    0x38, 0xC7, 0xF1, 0xFC, 0x1F, 0x80, 0xE0, 0x38, 0x06, 0x01, 0x80, 0x60, 0x18, 0x00, 0x03, 0x80,
    0x07, 0x00, 0x0F, 0x00, 0x36, 0x00, 0x6E, 0x01, 0xCC, 0x03, 0x18, 0x0E, 0x38, 0x18, 0x30, 0x7F,
    0xF0, 0xFF, 0xE1, 0xFF, 0xE7, 0x00, 0xCC, 0x01, 0xF8, 0x03, 0x80, 0x00, 0x00, 0x00, 0x07, 0x00,
    0x0E, 0x00, 0x1C, 0x3F, 0xBD, 0xE0, 0x70, 0x3B, 0xFF, 0xFF, 0x87, 0xC3, 0xFF, 0xDF, 0xE2, 0x00,
    0x00, 0xE0, 0x70, 0x03, 0x80, 0x07, 0x80, 0x07, 0x00, 0x0C, 0x00, 0x10, 0x00, 0x70, 0x00, 0xE0,
    0x01, 0xE0, 0x06, 0xC0, 0x0D, 0xC0, 0x39, 0x80, 0x63, 0x01, 0xC7, 0x03, 0x06, 0x0F, 0xFE, 0x1F,
    0xFC, 0x3F, 0xFC, 0xE0, 0x19, 0x80, 0x3F, 0x00, 0x70, 0x00, 0x00, 0x1E, 0x0F, 0x01, 0x81, 0x80,
    0x80, 0xE1, 0xFD, 0xEF, 0x03, 0x81, 0xDF, 0xFF, 0xFC, 0x3E, 0x1F, 0xFE, 0xFF, 0x10, 0x00, 0x00,
    0x18, 0x00, 0x30, 0x06, 0xC0, 0x1F, 0x00, 0x7C, 0x00, 0xCC, 0x01, 0x00, 0x01, 0xC0, 0x03, 0x80,
    0x07, 0x80, 0x1B, 0x00, 0x37, 0x00, 0xE6, 0x01, 0x8C, 0x07, 0x1C, 0x0C, 0x18, 0x3F, 0xF8, 0x7F,
    0xF0, 0xFF, 0xF3, 0x80, 0x66, 0x00, 0xFC, 0x01, 0xC0, 0x00, 0x00, 0x00, 0x00, 0x30, 0x1C, 0x76,
    0x1F, 0x0D, 0x82, 0x30, 0x70, 0x7F, 0x3D, 0xE0, 0x38, 0x0E, 0x7F, 0xBF, 0xEC, 0x3B, 0x0E, 0xFF,
    0x9F, 0xE1, 0x00, 0x00, 0x40, 0x01, 0xC0, 0x07, 0x80, 0x1D, 0x80, 0x7C, 0x00, 0xCC, 0x01, 0x00,
    0x01, 0xC0, 0x03, 0x80, 0x07, 0x80, 0x1B, 0x00, 0x37, 0x00, 0xE6, 0x01, 0x8C, 0x07, 0x1C, 0x0C,
    0x18, 0x3F, 0xF8, 0x7F, 0xF0, 0xFF, 0xF3, 0x80, 0x66, 0x00, 0xFC, 0x01, 0xC0, 0x00, 0x00, 0x00,
    0x03, 0x00, 0xC3, 0xE1, 0xF9, 0xB0, 0x8C, 0x38, 0x7F, 0x7B, 0xC0, 0xE0, 0x77, 0xFF, 0xFF, 0x0F,
    0x87, 0xFF, 0xBF, 0xC4, 0x00, 0x00, 0x60, 0x01, 0xE0, 0x06, 0xC0, 0x1F, 0x80, 0x7C, 0x00, 0xCC,
    0x01, 0x00, 0x01, 0xC0, 0x03, 0x80, 0x07, 0x80, 0x1B, 0x00, 0x37, 0x00, 0xE6, 0x01, 0x8C, 0x07,
    0x1C, 0x0C, 0x18, 0x3F, 0xF8, 0x7F, 0xF0, 0xFF, 0xF3, 0x80, 0x66, 0x00, 0xFC, 0x01, 0xC0, 0x00,
    0x00, 0x07, 0x80, 0x31, 0xD8, 0x7C, 0x36, 0x08, 0xC1, 0xC1, 0xFC, 0xF7, 0x80, 0xE0, 0x39, 0xFE,
    0xFF, 0xB0, 0xEC, 0x3B, 0xFE, 0x7F, 0x84, 0x00, 0x06, 0x20, 0x1F, 0xC0, 0x37, 0x80, 0x1C, 0x00,
    0x7C, 0x00, 0xDC, 0x01, 0x00, 0x01, 0xC0, 0x03, 0x80, 0x07, 0x80, 0x1B, 0x00, 0x37, 0x00, 0xE6,
    0x01, 0x8C, 0x07, 0x1C, 0x0C, 0x18, 0x3F, 0xF8, 0x7F, 0xF0, 0xFF, 0xF3, 0x80, 0x66, 0x00, 0xFC,
    0x01, 0xC0, 0x00, 0x00, 0x39, 0x3F, 0x83, 0x83, 0xC3, 0x61, 0x18, 0x70, 0xFE, 0xF7, 0x81, 0xC0,
    0xEF, 0xFF, 0xFE, 0x1F, 0x0F, 0xFF, 0x7F, 0x88, 0x00, 0x03, 0x80, 0x07, 0x80, 0x1B, 0x00, 0x73,
    0x00, 0x00, 0x00, 0x70, 0x00, 0xE0, 0x01, 0xE0, 0x06, 0xC0, 0x0D, 0xC0, 0x39, 0x80, 0x63, 0x01,
    0xC7, 0x03, 0x06, 0x0F, 0xFE, 0x1F, 0xFC, 0x3F, 0xFC, 0xE0, 0x19, 0x80, 0x3F, 0x00, 0x70, 0x00,
    0x00, 0x00, 0x00, 0xE0, 0x01, 0xC0, 0x1C, 0x0F, 0x0D, 0x86, 0x62, 0x30, 0xE1, 0xFD, 0xEF, 0x03,
    0x81, 0xDF, 0xFF, 0xFC, 0x3E, 0x1F, 0xFE, 0xFF, 0x10, 0x00, 0x07, 0x03, 0x80, 0x00, 0x40, 0x01,
    0x80, 0x07, 0x00, 0x6F, 0x00, 0xE6, 0x00, 0xF8, 0x00, 0x40, 0x01, 0xC0, 0x03, 0x80, 0x07, 0x80,
    0x1B, 0x00, 0x37, 0x00, 0xE6, 0x01, 0x8C, 0x07, 0x1C, 0x0C, 0x18, 0x3F, 0xF8, 0x7F, 0xF0, 0xFF,
    0xF3, 0x80, 0x66, 0x00, 0xFC, 0x01, 0xC0, 0x00, 0x00, 0x00, 0x03, 0x01, 0x8D, 0xA6, 0xB1, 0xF8,
    0x70, 0x38, 0x7F, 0x7B, 0xC0, 0xE0, 0x77, 0xFF, 0xFF, 0x0F, 0x87, 0xFF, 0xBF, 0xC4, 0x00, 0x06,
    0x00, 0x0C, 0x00, 0x0C, 0x00, 0x7B, 0x00, 0xE6, 0x00, 0xF8, 0x00, 0x40, 0x01, 0xC0, 0x03, 0x80,
    0x07, 0x80, 0x1B, 0x00, 0x37, 0x00, 0xE6, 0x01, 0x8C, 0x07, 0x1C, 0x0C, 0x18, 0x3F, 0xF8, 0x7F,
    0xF0, 0xFF, 0xF3, 0x80, 0x66, 0x00, 0xFC, 0x01, 0xC0, 0x00, 0x00, 0x00, 0x18, 0x0E, 0x0F, 0x26,
    0xB1, 0xF8, 0x70, 0x38, 0x7F, 0x7B, 0xC0, 0xE0, 0x77, 0xFF, 0xFF, 0x0F, 0x87, 0xFF, 0xBF, 0xC4,
    0x00, 0x03, 0x80, 0x07, 0x80, 0x03, 0x00, 0x6F, 0x00, 0xE6, 0x00, 0xF8, 0x00, 0x40, 0x01, 0xC0,
    0x03, 0x80, 0x07, 0x80, 0x1B, 0x00, 0x37, 0x00, 0xE6, 0x01, 0x8C, 0x07, 0x1C, 0x0C, 0x18, 0x3F,
    0xF8, 0x7F, 0xF0, 0xFF, 0xF3, 0x80, 0x66, 0x00, 0xFC, 0x01, 0xC0, 0x00, 0x00, 0x1E, 0x03, 0x1B,
    0xCD, 0x63, 0xF0, 0xE0, 0x70, 0xFE, 0xF7, 0x81, 0xC0, 0xEF, 0xFF, 0xFE, 0x1F, 0x0F, 0xFF, 0x7F,
    0x88, 0x00, 0x06, 0x20, 0x1F, 0xC0, 0x37, 0x80, 0x01, 0x00, 0xE6, 0x00, 0xF8, 0x00, 0x40, 0x01,
    0xC0, 0x03, 0x80, 0x07, 0x80, 0x1B, 0x00, 0x37, 0x00, 0xE6, 0x01, 0x8C, 0x07, 0x1C, 0x0C, 0x18,
    0x3F, 0xF8, 0x7F, 0xF0, 0xFF, 0xF3, 0x80, 0x66, 0x00, 0xFC, 0x01, 0xC0, 0x00, 0x00, 0x39, 0x3F,
    0x81, 0x8C, 0x63, 0xF0, 0xF0, 0x70, 0xFE, 0xF7, 0x81, 0xC0, 0xEF, 0xFF, 0xFE, 0x1F, 0x0F, 0xFF,
    0x7F, 0x88, 0x00, 0x08, 0x20, 0x18, 0xC0, 0x3B, 0x80, 0x3E, 0x00, 0x10, 0x00, 0x70, 0x00, 0xE0,
    0x01, 0xE0, 0x06, 0xC0, 0x0D, 0xC0, 0x39, 0x80, 0x63, 0x01, 0xC7, 0x03, 0x06, 0x0F, 0xFE, 0x1F,
    0xFC, 0x3F, 0xFC, 0xE0, 0x19, 0x80, 0x3F, 0x00, 0x70, 0x00, 0x00, 0x00, 0x00, 0xE0, 0x01, 0xC0,
    0x61, 0x31, 0x9C, 0xC7, 0xC1, 0xC0, 0xE1, 0xFD, 0xEF, 0x03, 0x81, 0xDF, 0xFF, 0xFC, 0x3E, 0x1F,
    0xFE, 0xFF, 0x10, 0x00, 0x07, 0x03, 0x80, 0x7F, 0xDF, 0xFB, 0x80, 0x70, 0x0E, 0x01, 0xC0, 0x3F,
    0xE7, 0xFE, 0xFF, 0xDC, 0x03, 0x80, 0x70, 0x0E, 0x01, 0xFF, 0x9F, 0xF8, 0x00, 0x00, 0x01, 0xC0,
    0x38, 0x00, 0x0E, 0x03, 0xF0, 0xE7, 0x38, 0x66, 0x0E, 0xFF, 0xDF, 0xF3, 0x00, 0x70, 0x07, 0xF8,
    0x7F, 0x03, 0x00, 0x00, 0x0C, 0x01, 0x80, 0x0F, 0x01, 0xE0, 0x1C, 0x03, 0x00, 0x40, 0xFF, 0xBF,
    0xF7, 0x00, 0xE0, 0x1C, 0x03, 0x80, 0x7F, 0xCF, 0xFD, 0xFF, 0xB8, 0x07, 0x00, 0xE0, 0x1C, 0x03,
    0xFF, 0x3F, 0xF0, 0x0F, 0x01, 0xE0, 0x0C, 0x03, 0x00, 0x60, 0x1C, 0x07, 0xE1, 0xCE, 0x70, 0xCC,
    0x1D, 0xFF, 0xBF, 0xE6, 0x00, 0xE0, 0x0F, 0xF0, 0xFE, 0x06, 0x00, 0x00, 0x47, 0x89, 0xFF, 0x31,
    0xC0, 0x00, 0xFF, 0xBF, 0xF7, 0x00, 0xE0, 0x1C, 0x03, 0x80, 0x7F, 0xCF, 0xFD, 0xFF, 0xB8, 0x07,
    0x00, 0xE0, 0x1C, 0x03, 0xFF, 0x3F, 0xF0, 0x00, 0x07, 0x98, 0xFF, 0x11, 0xC0, 0x00, 0x1C, 0x07,
    0xE1, 0xCE, 0x70, 0xCC, 0x1D, 0xFF, 0xBF, 0xE6, 0x00, 0xE0, 0x0F, 0xF0, 0xFE, 0x06, 0x00, 0x00,
    0x60, 0x0C, 0x1B, 0x07, 0xE1, 0xF0, 0x33, 0x04, 0x03, 0xFE, 0xFF, 0xDC, 0x03, 0x80, 0x70, 0x0E,
    0x01, 0xFF, 0x3F, 0xF7, 0xFE, 0xE0, 0x1C, 0x03, 0x80, 0x70, 0x0F, 0xFC, 0xFF, 0xC0, 0x00, 0x00,
    0x0C, 0x03, 0x87, 0x60, 0xF8, 0x37, 0x04, 0x60, 0x70, 0x1F, 0x87, 0x39, 0xC3, 0x30, 0x77, 0xFE,
    0xFF, 0x98, 0x03, 0x80, 0x3F, 0xC3, 0xF8, 0x18, 0x00, 0x01, 0x00, 0x70, 0x1E, 0x07, 0xE1, 0xF0,
    0x33, 0x04, 0x03, 0xFE, 0xFF, 0xDC, 0x03, 0x80, 0x70, 0x0E, 0x01, 0xFF, 0x3F, 0xF7, 0xFE, 0xE0,
    0x1C, 0x03, 0x80, 0x70, 0x0F, 0xFC, 0xFF, 0xC0, 0x00, 0x00, 0x60, 0x06, 0x07, 0xE0, 0xFC, 0x37,
    0x04, 0x60, 0x70, 0x1F, 0x87, 0x39, 0xC3, 0x30, 0x77, 0xFE, 0xFF, 0x98, 0x03, 0x80, 0x3F, 0xC3,
    0xF8, 0x18, 0x00, 0x01, 0xC0, 0x7C, 0x19, 0x87, 0xE1, 0xF0, 0x33, 0x04, 0x03, 0xFE, 0xFF, 0xDC,
    0x03, 0x80, 0x70, 0x0E, 0x01, 0xFF, 0x3F, 0xF7, 0xFE, 0xE0, 0x1C, 0x03, 0x80, 0x70, 0x0F, 0xFC,
    0xFF, 0xC0, 0x01, 0xC0, 0x2C, 0x3B, 0x07, 0xC1, 0xB8, 0x23, 0x03, 0x80, 0xFC, 0x39, 0xCE, 0x19,
    0x83, 0xBF, 0xF7, 0xFC, 0xC0, 0x1C, 0x01, 0xFE, 0x1F, 0xC0, 0xC0, 0x08, 0x87, 0xF0, 0xDE, 0x07,
    0x00, 0xF0, 0x33, 0x04, 0x03, 0xFE, 0xFF, 0xDC, 0x03, 0x80, 0x70, 0x0E, 0x01, 0xFF, 0x3F, 0xF7,
    0xFE, 0xE0, 0x1C, 0x03, 0x80, 0x70, 0x0F, 0xFC, 0xFF, 0xC0, 0x1C, 0x87, 0xF0, 0x1C, 0x07, 0x81,
    0xF8, 0x23, 0x03, 0x80, 0xFC, 0x39, 0xCE, 0x19, 0x83, 0xBF, 0xF7, 0xFC, 0xC0, 0x1C, 0x01, 0xFE,
    0x1F, 0xC0, 0xC0, 0x06, 0x01, 0xE0, 0x6C, 0x1C, 0xC0, 0x00, 0xFF, 0xBF, 0xF7, 0x00, 0xE0, 0x1C,
    0x03, 0x80, 0x7F, 0xCF, 0xFD, 0xFF, 0xB8, 0x07, 0x00, 0xE0, 0x1C, 0x03, 0xFF, 0x3F, 0xF0, 0x00,
    0x00, 0x03, 0x80, 0x70, 0x06, 0x01, 0xE0, 0x7C, 0x0C, 0xC1, 0x18, 0x1C, 0x07, 0xE1, 0xCE, 0x70,
    0xCC, 0x1D, 0xFF, 0xBF, 0xE6, 0x00, 0xE0, 0x0F, 0xF0, 0xFE, 0x06, 0x00, 0x00, 0x18, 0x03, 0x00,
    0x7B, 0xCE, 0x62, 0x19, 0xCE, 0x73, 0x9C, 0xE7, 0x39, 0xCE, 0x73, 0x9C, 0xE0, 0x00, 0xF7, 0xCE,
    0x62, 0x11, 0xCE, 0x73, 0x9C, 0xE7, 0x39, 0xCE, 0x00, 0x7F, 0xFF, 0xFF, 0xFF, 0xFF, 0xF8, 0x1F,
    0x80, 0xFF, 0x05, 0xFF, 0xFF, 0xFF, 0xF8, 0x1F, 0x80, 0x0F, 0xC0, 0xFF, 0xC7, 0x87, 0x9C, 0x0E,
    0xE0, 0x1F, 0x80, 0x7E, 0x01, 0xF0, 0x03, 0xC0, 0x1F, 0x80, 0x7E, 0x01, 0xD8, 0x06, 0x70, 0x38,
    0xFF, 0xC1, 0xFE, 0x00, 0xC0, 0x00, 0x00, 0x0C, 0x00, 0x30, 0x00, 0x0E, 0x07, 0xF0, 0xEF, 0x38,
    0x76, 0x0E, 0xC0, 0xD8, 0x1B, 0x07, 0x70, 0xE7, 0xF8, 0x7E, 0x03, 0x00, 0x00, 0x0C, 0x01, 0x80,
    0x07, 0x80, 0x1E, 0x00, 0x18, 0x00, 0xC0, 0x00, 0x00, 0x3F, 0x03, 0xFF, 0x1E, 0x1E, 0x70, 0x3B,
    0x80, 0x7E, 0x01, 0xF8, 0x07, 0xC0, 0x0F, 0x00, 0x7E, 0x01, 0xF8, 0x07, 0x60, 0x19, 0xC0, 0xE3,
    0xFF, 0x07, 0xF8, 0x03, 0x00, 0x0F, 0x01, 0xE0, 0x0C, 0x03, 0x00, 0x60, 0x1C, 0x0F, 0xE1, 0xDE,
    0x70, 0xEC, 0x1D, 0x81, 0xB0, 0x36, 0x0E, 0xE1, 0xCF, 0xF0, 0xFC, 0x06, 0x00, 0x00, 0x10, 0x00,
    0xC0, 0x37, 0x01, 0xF8, 0x07, 0xC0, 0x33, 0x00, 0x84, 0x03, 0xF0, 0x3F, 0xF1, 0xE1, 0xE7, 0x03,
    0xB8, 0x07, 0xE0, 0x1F, 0x80, 0x7C, 0x00, 0xF0, 0x07, 0xE0, 0x1F, 0x80, 0x76, 0x01, 0x9C, 0x0E,
    0x3F, 0xF0, 0x7F, 0x80, 0x30, 0x00, 0x00, 0x00, 0x0C, 0x03, 0x87, 0x60, 0xF8, 0x37, 0x04, 0x60,
    0x70, 0x3F, 0x87, 0x79, 0xC3, 0xB0, 0x76, 0x06, 0xC0, 0xD8, 0x3B, 0x87, 0x3F, 0xC3, 0xF0, 0x18,
    0x00, 0x00, 0x80, 0x03, 0x00, 0x3C, 0x01, 0xF8, 0x07, 0x80, 0x33, 0x00, 0x84, 0x03, 0xF0, 0x3F,
    0xF1, 0xE1, 0xE7, 0x03, 0xB8, 0x07, 0xE0, 0x1F, 0x80, 0x7C, 0x00, 0xF0, 0x07, 0xE0, 0x1F, 0x80,
    0x76, 0x01, 0x9C, 0x0E, 0x3F, 0xF0, 0x7F, 0x80, 0x30, 0x00, 0x00, 0x00, 0x60, 0x06, 0x07, 0xE0,
    0xFC, 0x37, 0x04, 0x60, 0x70, 0x3F, 0x87, 0x79, 0xC3, 0xB0, 0x76, 0x06, 0xC0, 0xD8, 0x3B, 0x87,
    0x3F, 0xC3, 0xF0, 0x18, 0x00, 0x00, 0xE0, 0x03, 0xC0, 0x33, 0x01, 0xF8, 0x07, 0x80, 0x33, 0x00,
    0x84, 0x03, 0xF0, 0x3F, 0xF1, 0xE1, 0xE7, 0x03, 0xB8, 0x07, 0xE0, 0x1F, 0x80, 0x7C, 0x00, 0xF0,
    0x07, 0xE0, 0x1F, 0x80, 0x76, 0x01, 0x9C, 0x0E, 0x3F, 0xF0, 0x7F, 0x80, 0x30, 0x00, 0x03, 0xC0,
    0x2C, 0x3B, 0x07, 0xC1, 0xB8, 0x23, 0x03, 0x81, 0xFC, 0x3B, 0xCE, 0x1D, 0x83, 0xB0, 0x36, 0x06,
    0xC1, 0xDC, 0x39, 0xFE, 0x1F, 0x80, 0xC0, 0x06, 0x40, 0x3F, 0x01, 0x9C, 0x00, 0xC0, 0x07, 0x80,
    0x33, 0x00, 0x84, 0x03, 0xF0, 0x3F, 0xF1, 0xE1, 0xE7, 0x03, 0xB8, 0x07, 0xE0, 0x1F, 0x80, 0x7C,
    0x00, 0xF0, 0x07, 0xE0, 0x1F, 0x80, 0x76, 0x01, 0x9C, 0x0E, 0x3F, 0xF0, 0x7F, 0x80, 0x30, 0x00,
    0x1C, 0x87, 0xF0, 0x1C, 0x07, 0x81, 0xF0, 0x23, 0x03, 0x81, 0xFC, 0x3B, 0xCE, 0x1D, 0x83, 0xB0,
    0x36, 0x06, 0xC1, 0xDC, 0x39, 0xFE, 0x1F, 0x80, 0xC0, 0x03, 0x00, 0x1E, 0x00, 0xFC, 0x03, 0x30,
    0x08, 0x40, 0x3F, 0x03, 0xFF, 0x1E, 0x1E, 0x70, 0x3B, 0x80, 0x7E, 0x01, 0xF8, 0x07, 0xC0, 0x0F,
    0x00, 0x7E, 0x01, 0xF8, 0x07, 0x60, 0x19, 0xC0, 0xE3, 0xFF, 0x07, 0xF8, 0x03, 0x00, 0x00, 0x00,
    0x30, 0x00, 0xC0, 0x06, 0x01, 0xE0, 0x7C, 0x0C, 0xC1, 0x18, 0x1C, 0x0F, 0xE1, 0xDE, 0x70, 0xEC,
    0x1D, 0x81, 0xB0, 0x36, 0x0E, 0xE1, 0xCF, 0xF0, 0xFC, 0x06, 0x00, 0x00, 0x18, 0x03, 0x00, 0x00,
    0xC0, 0x03, 0x00, 0x18, 0xC0, 0xE3, 0x00, 0x1C, 0x3F, 0xE3, 0xFF, 0x1E, 0x1E, 0x70, 0x3B, 0x80,
    0x7E, 0x01, 0xF8, 0x07, 0xC0, 0x0F, 0x00, 0x7E, 0x01, 0xF8, 0x07, 0x60, 0x19, 0xC0, 0xE3, 0xFF,
    0x07, 0xF8, 0x03, 0x00, 0x01, 0x80, 0x70, 0x0C, 0x03, 0x30, 0x66, 0x1F, 0xCF, 0xF1, 0xDE, 0x70,
    0xEC, 0x1D, 0x81, 0xB0, 0x36, 0x0E, 0xE1, 0xCF, 0xF0, 0xFC, 0x06, 0x00, 0x0C, 0x00, 0x30, 0x00,
    0x60, 0xC1, 0x83, 0x00, 0x1C, 0x3F, 0xE3, 0xFF, 0x1E, 0x1E, 0x70, 0x3B, 0x80, 0x7E, 0x01, 0xF8,
    0x07, 0xC0, 0x0F, 0x00, 0x7E, 0x01, 0xF8, 0x07, 0x60, 0x19, 0xC0, 0xE3, 0xFF, 0x07, 0xF8, 0x03,
    0x00, 0x18, 0x03, 0x00, 0x70, 0x06, 0x30, 0x46, 0x1F, 0xCF, 0xF1, 0xDE, 0x70, 0xEC, 0x1D, 0x81,
    0xB0, 0x36, 0x0E, 0xE1, 0xCF, 0xF0, 0xFC, 0x06, 0x00, 0x07, 0x80, 0x1E, 0x00, 0x18, 0xC0, 0xC3,
    0x00, 0x1C, 0x3F, 0xE3, 0xFF, 0x1E, 0x1E, 0x70, 0x3B, 0x80, 0x7E, 0x01, 0xF8, 0x07, 0xC0, 0x0F,
    0x00, 0x7E, 0x01, 0xF8, 0x07, 0x60, 0x19, 0xC0, 0xE3, 0xFF, 0x07, 0xF8, 0x03, 0x00, 0x0F, 0x01,
    0xE0, 0x0C, 0x03, 0x30, 0x66, 0x1F, 0xCF, 0xF1, 0xDE, 0x70, 0xEC, 0x1D, 0x81, 0xB0, 0x36, 0x0E,
    0xE1, 0xCF, 0xF0, 0xFC, 0x06, 0x00, 0x00, 0x20, 0x79, 0x81, 0xFE, 0xC4, 0x73, 0x00, 0x1C, 0x3F,
    0xE3, 0xFF, 0x1E, 0x1E, 0x70, 0x3B, 0x80, 0x7E, 0x01, 0xF8, 0x07, 0xC0, 0x0F, 0x00, 0x7E, 0x01,
    0xF8, 0x07, 0x60, 0x19, 0xC0, 0xE3, 0xFF, 0x07, 0xF8, 0x03, 0x00, 0x00, 0x87, 0x98, 0xFE, 0x11,
    0xF0, 0x06, 0x1F, 0xCF, 0xF1, 0xDE, 0x70, 0xEC, 0x1D, 0x81, 0xB0, 0x36, 0x0E, 0xE1, 0xCF, 0xF0,
    0xFC, 0x06, 0x00, 0x00, 0x0C, 0x00, 0x30, 0x01, 0xC3, 0xFE, 0x3F, 0xF1, 0xE1, 0xE7, 0x03, 0xB8,
    0x07, 0xE0, 0x1F, 0x80, 0x7C, 0x00, 0xF0, 0x07, 0xE0, 0x1F, 0x80, 0x76, 0x01, 0x9C, 0x0E, 0x3F,
    0xF0, 0x7F, 0x80, 0x30, 0x00, 0x00, 0x03, 0x00, 0x0C, 0x00, 0x00, 0x60, 0x0C, 0x3F, 0x9F, 0xE3,
    0xBC, 0xE1, 0xD8, 0x3B, 0x03, 0x60, 0x6C, 0x1D, 0xC3, 0x9F, 0xE1, 0xF8, 0x0C, 0x00, 0x00, 0x70,
    0x06, 0x00, 0xE0, 0x1F, 0x01, 0xF8, 0x0F, 0xC0, 0x7E, 0x03, 0xF0, 0x1F, 0x80, 0xFC, 0x07, 0xE0,
    0x3F, 0x01, 0xF8, 0x0E, 0xC0, 0x77, 0x07, 0x1F, 0xF8, 0x7F, 0x80, 0x60, 0x00, 0x00, 0x38, 0x01,
    0xC0, 0x40, 0xB8, 0x6E, 0x1B, 0x86, 0xE1, 0xB8, 0x6E, 0x1B, 0x86, 0xE3, 0x9F, 0xE7, 0xF8, 0x60,
    0x00, 0x03, 0x00, 0xC0, 0x07, 0x00, 0x3C, 0x00, 0xE0, 0x06, 0x00, 0x20, 0x70, 0x0F, 0x80, 0xFC,
    0x07, 0xE0, 0x3F, 0x01, 0xF8, 0x0F, 0xC0, 0x7E, 0x03, 0xF0, 0x1F, 0x80, 0xFC, 0x07, 0x60, 0x3B,
    0x83, 0x8F, 0xFC, 0x3F, 0xC0, 0x30, 0x00, 0x1E, 0x07, 0x80, 0x60, 0x30, 0x0C, 0x10, 0x2E, 0x1B,
    0x86, 0xE1, 0xB8, 0x6E, 0x1B, 0x86, 0xE1, 0xB8, 0xE7, 0xF9, 0xFE, 0x18, 0x00, 0x00, 0xC0, 0x03,
    0x80, 0x06, 0x18, 0x18, 0x30, 0x00, 0x7C, 0x03, 0xF8, 0x0E, 0x70, 0x1C, 0xE0, 0x39, 0xC0, 0x73,
    0x80, 0xE7, 0x01, 0xCE, 0x03, 0x9C, 0x07, 0x38, 0x0E, 0x70, 0x1C, 0x60, 0x38, 0xE0, 0xE0, 0xFF,
    0xC0, 0xFF, 0x00, 0x30, 0x00, 0x03, 0x00, 0x70, 0x06, 0x00, 0xE3, 0x0C, 0x34, 0x0F, 0xE1, 0xEE,
    0x18, 0xE1, 0x8E, 0x18, 0xE1, 0x8E, 0x18, 0xE1, 0x8E, 0x38, 0x7F, 0x87, 0xF8, 0x18, 0x00, 0x18,
    0x00, 0x38, 0x00, 0x38, 0x18, 0x30, 0x30, 0x00, 0x7C, 0x03, 0xF8, 0x0E, 0x70, 0x1C, 0xE0, 0x39,
    0xC0, 0x73, 0x80, 0xE7, 0x01, 0xCE, 0x03, 0x9C, 0x07, 0x38, 0x0E, 0x70, 0x1C, 0x60, 0x38, 0xE0,
    0xE0, 0xFF, 0xC0, 0xFF, 0x00, 0x30, 0x00, 0x30, 0x03, 0x00, 0x18, 0x01, 0x83, 0x08, 0x34, 0x0F,
    0xE1, 0xEE, 0x18, 0xE1, 0x8E, 0x18, 0xE1, 0x8E, 0x18, 0xE1, 0x8E, 0x38, 0x7F, 0x87, 0xF8, 0x18,
    0x00, 0x07, 0x00, 0x0F, 0x00, 0x0E, 0x18, 0x18, 0x30, 0x20, 0x7C, 0x03, 0xF8, 0x0E, 0x70, 0x1C,
    0xE0, 0x39, 0xC0, 0x73, 0x80, 0xE7, 0x01, 0xCE, 0x03, 0x9C, 0x07, 0x38, 0x0E, 0x70, 0x1C, 0x60,
    0x38, 0xE0, 0xE0, 0xFF, 0xC0, 0xFF, 0x00, 0x30, 0x00, 0x1E, 0x01, 0xE0, 0x06, 0x00, 0xC3, 0x0C,
    0x34, 0x0F, 0xE1, 0xEE, 0x18, 0xE1, 0x8E, 0x18, 0xE1, 0x8E, 0x18, 0xE1, 0x8E, 0x38, 0x7F, 0x87,
    0xF8, 0x18, 0x00, 0x00, 0x00, 0x3C, 0xC0, 0xFF, 0x19, 0x8E, 0x30, 0x00, 0x7C, 0x03, 0xF8, 0x0E,
    0x70, 0x1C, 0xE0, 0x39, 0xC0, 0x73, 0x80, 0xE7, 0x01, 0xCE, 0x03, 0x9C, 0x07, 0x38, 0x0E, 0x70,
    0x1C, 0x60, 0x38, 0xE0, 0xE0, 0xFF, 0xC0, 0xFF, 0x00, 0x30, 0x00, 0x00, 0x07, 0x98, 0x6F, 0x04,
    0x73, 0x00, 0x34, 0x0F, 0xE1, 0xEE, 0x18, 0xE1, 0x8E, 0x18, 0xE1, 0x8E, 0x18, 0xE1, 0x8E, 0x38,
    0x7F, 0x87, 0xF8, 0x18, 0x00, 0x00, 0x06, 0x00, 0x0C, 0x00, 0x1F, 0x00, 0xFE, 0x03, 0x9C, 0x07,
    0x38, 0x0E, 0x70, 0x1C, 0xE0, 0x39, 0xC0, 0x73, 0x80, 0xE7, 0x01, 0xCE, 0x03, 0x9C, 0x07, 0x18,
    0x0E, 0x38, 0x38, 0x3F, 0xF0, 0x3F, 0xC0, 0x0C, 0x00, 0x00, 0x00, 0x70, 0x00, 0xE0, 0x00, 0x00,
    0x30, 0x03, 0x40, 0xFE, 0x1E, 0xE1, 0x8E, 0x18, 0xE1, 0x8E, 0x18, 0xE1, 0x8E, 0x18, 0xE3, 0x87,
    0xF8, 0x7F, 0x81, 0x80, 0x00, 0x00, 0xC0, 0x0C, 0x00, 0x18, 0x00, 0xE0, 0x03, 0x00, 0x0C, 0x00,
    0x00, 0x60, 0x1B, 0x81, 0xCE, 0x0E, 0x30, 0xE1, 0xCE, 0x07, 0x60, 0x1F, 0x00, 0x70, 0x03, 0x00,
    0x18, 0x00, 0xC0, 0x06, 0x00, 0x30, 0x01, 0x80, 0x0C, 0x00, 0x00, 0x00, 0x30, 0x07, 0x00, 0x60,
    0x06, 0x00, 0xC0, 0x80, 0xB8, 0x3F, 0x06, 0x61, 0xCE, 0x30, 0xCE, 0x1D, 0x81, 0xB0, 0x3E, 0x03,
    0x80, 0x70, 0x0C, 0x03, 0x80, 0x60, 0x0C, 0x00, 0xC0, 0x37, 0x03, 0x9C, 0x1C, 0x61, 0xC3, 0x9C,
    0x0E, 0xC0, 0x3E, 0x00, 0xE0, 0x06, 0x00, 0x30, 0x01, 0x80, 0x0C, 0x00, 0x60, 0x03, 0x00, 0x18,
    0x00, 0x00, 0x00, 0x00, 0x38, 0x01, 0x80, 0x40, 0x5C, 0x1F, 0x83, 0x30, 0xE7, 0x18, 0x67, 0x0E,
    0xC0, 0xD8, 0x1F, 0x01, 0xC0, 0x38, 0x06, 0x01, 0xC0, 0x33, 0x06, 0x60, 0x0F, 0x00, 0x7C, 0x00,
    0xC0, 0x0C, 0x00, 0x20, 0x60, 0x1B, 0x81, 0xCE, 0x0E, 0x30, 0xE1, 0xCE, 0x07, 0x60, 0x1F, 0x00,
    0x70, 0x03, 0x00, 0x18, 0x00, 0xC0, 0x06, 0x00, 0x30, 0x01, 0x80, 0x0C, 0x00, 0x00, 0x00, 0x1E,
    0x03, 0xE0, 0x1C, 0x03, 0x00, 0x40, 0x80, 0xB8, 0x3F, 0x06, 0x61, 0xCE, 0x30, 0xCE, 0x1D, 0x81,
    0xB0, 0x3E, 0x03, 0x80, 0x70, 0x0C, 0x03, 0x80, 0x60, 0x0C, 0x00, 0x00, 0x01, 0xF3, 0x0D, 0xF0,
    0x47, 0x80, 0x00, 0x60, 0x1B, 0x81, 0xCE, 0x0E, 0x30, 0xE1, 0xCE, 0x07, 0x60, 0x1F, 0x00, 0x70,
    0x03, 0x00, 0x18, 0x00, 0xC0, 0x06, 0x00, 0x30, 0x01, 0x80, 0x0C, 0x00, 0x00, 0x00, 0x00, 0x87,
    0x91, 0xFE, 0x31, 0x80, 0x00, 0x80, 0xB8, 0x3F, 0x06, 0x61, 0xCE, 0x30, 0xCE, 0x1D, 0x81, 0xB0,
    0x3E, 0x03, 0x80, 0x70, 0x0C, 0x03, 0x80, 0x60, 0x0C, 0x00, 0xFF, 0xFF, 0xFF, 0xFF, 0x49, 0xE3,
    0x1E, 0x78, 0xC3, 0x0C, 0x30, 0xC3, 0x0C, 0x30, 0xC3, 0x0C, 0x00, 0x47, 0xBF, 0xFB, 0x4C, 0x30,
    0xC3, 0x0C, 0x30, 0xC3, 0x0C, 0x30, 0xC0, 0x00, 0x00, 0x87, 0xBF, 0x7C, 0xB0, 0xC3, 0x0C, 0x30,
    0xC3, 0x0C, 0x30, 0xC3, 0x0C, 0x00, 0x7D, 0xFD, 0xF0, 0x7F, 0xF7, 0xC0, 0x00, 0x1F, 0xF8, 0x00,
    0x07, 0xFF, 0x00, 0x00, 0x01, 0xFF, 0xFF, 0xF0, 0x00, 0x00, 0x01, 0xFF, 0xFF, 0xF0, 0x5B, 0x7E,
    0xFF, 0xBC, 0x5F, 0xBC, 0x00, 0x4F, 0x3D, 0xFF, 0xEC, 0xEF, 0xFE, 0xDB, 0xC8, 0x4B, 0xFF, 0xDB,
    0xCC, 0x20, 0x30, 0x61, 0xF7, 0xF3, 0x06, 0x0C, 0x18, 0x30, 0x60, 0xC1, 0x80, 0x30, 0x61, 0xF7,
    0xF3, 0x06, 0x0C, 0x18, 0xFF, 0xF8, 0xC1, 0x80, 0x08, 0x1F, 0x1F, 0xDF, 0xEF, 0xFF, 0xF9, 0xFC,
    0x7C, 0x08, 0x00, 0x42, 0x07, 0x39, 0xB9, 0xCC, 0x00, 0x00, 0x00, 0x00, 0x00, 0x1F, 0x03, 0x00,
    0x07, 0xE1, 0x80, 0x03, 0x18, 0xE0, 0x00, 0xC7, 0x30, 0x00, 0x31, 0xDC, 0x00, 0x0C, 0x76, 0x00,
    0x03, 0x1B, 0xBC, 0x3C, 0xFE, 0xDF, 0x9F, 0x9F, 0x6C, 0x6E, 0x60, 0x3B, 0x1B, 0x0C, 0x0C, 0xC7,
    0xC3, 0x07, 0x31, 0xF0, 0xC1, 0x8C, 0x6C, 0x70, 0xE3, 0xB9, 0xF8, 0x30, 0x7C, 0x7E, 0x08, 0x04,
    0x06, 0x00, 0xDF, 0xED, 0x90, 0xCF, 0xBE, 0xF3, 0xCF, 0x34, 0x00, 0x27, 0x6E, 0xCE, 0x67, 0x00,
    0x8C, 0xE6, 0x76, 0xEC, 0x00, 0x00, 0x00, 0x30, 0x1C, 0x06, 0x03, 0x01, 0xC0, 0x60, 0x38, 0x0C,
    0x06, 0x01, 0x80, 0xC0, 0x70, 0x18, 0x0E, 0x03, 0x00, 0x80, 0x00, 0x6E, 0xE4, 0x00, 0xE6, 0x77,
    0x31, 0x03, 0x01, 0xB8, 0xDC, 0xC4, 0x60, 0x70, 0x30, 0x18, 0x1C, 0x0C, 0x0E, 0x06, 0x03, 0x03,
    0x99, 0x8C, 0xC0, 0xC0, 0x20, 0x00, 0x3C, 0x7E, 0x66, 0xE6, 0xE7, 0xE7, 0x66, 0x7E, 0x3C, 0x00,
    0x0C, 0x0E, 0x1E, 0x3E, 0x7E, 0x6E, 0xFF, 0x7E, 0x0C, 0x00, 0xFD, 0xFB, 0x07, 0xCF, 0xD9, 0x83,
    0xFE, 0xFC, 0x00, 0x3E, 0x7E, 0x60, 0x7C, 0xFE, 0xE6, 0x63, 0x76, 0x3E, 0x00, 0x7E, 0x7E, 0x0E,
    0x0C, 0x1C, 0x18, 0x38, 0x30, 0x30, 0x00, 0x7C, 0x7E, 0x66, 0x66, 0x7E, 0x6E, 0xC3, 0xE6, 0x7E,
    0x00, 0x7C, 0x7E, 0xC6, 0xC6, 0x7E, 0x3E, 0x06, 0x6E, 0x7C, 0x00, 0x3C, 0x7E, 0x66, 0xE6, 0xE7,
    0xE7, 0x66, 0x7E, 0x3C, 0x00, 0x31, 0xEF, 0x8E, 0x38, 0xE3, 0x9F, 0xFC, 0x7C, 0x7E, 0x06, 0x06,
    0x0C, 0x1C, 0x38, 0x7E, 0x7E, 0x7C, 0xFC, 0x18, 0x73, 0xC3, 0xC1, 0xBF, 0x7C, 0x00, 0x0C, 0x0E,
    0x1E, 0x3E, 0x7E, 0x6E, 0xFF, 0x7E, 0x0C, 0x00, 0xFD, 0xFB, 0x07, 0xCF, 0xD9, 0x83, 0xFE, 0xFC,
    0x00, 0x3E, 0x7E, 0x60, 0x7C, 0xFE, 0xE6, 0x63, 0x76, 0x3E, 0x00, 0x7E, 0x7E, 0x0E, 0x0C, 0x1C,
    0x18, 0x38, 0x30, 0x30, 0x00, 0x7C, 0x7E, 0x66, 0x66, 0x7E, 0x6E, 0xC3, 0xE6, 0x7E, 0x00, 0x7C,
    0x7E, 0xC6, 0xC6, 0x7E, 0x3E, 0x06, 0x6E, 0x7C, 0x00, 0x02, 0x00, 0xCC, 0x1B, 0x87, 0xE3, 0xFE,
    0xF1, 0xDC, 0x07, 0x00, 0xE0, 0x1C, 0x03, 0x00, 0x60, 0x0E, 0x01, 0xC0, 0x18, 0x03, 0x83, 0x7F,
    0xEF, 0xF9, 0xB0, 0x76, 0x04, 0x80, 0x3F, 0xF3, 0xFF, 0x30, 0x03, 0x00, 0x30, 0x03, 0x00, 0x3F,
    0xE3, 0xFE, 0x38, 0x03, 0x00, 0x7F, 0x0F, 0xF8, 0x38, 0x03, 0x00, 0x30, 0x00, 0x00, 0x07, 0xE0,
    0xFF, 0x1C, 0x31, 0x80, 0x18, 0x07, 0xF8, 0x7F, 0x81, 0x80, 0x7F, 0x87, 0xF8, 0x18, 0x01, 0x80,
    0x18, 0x07, 0xFF, 0x7F, 0xF0, 0x30, 0xC1, 0xC7, 0x0E, 0x38, 0x79, 0xC3, 0xCE, 0x7F, 0x7B, 0xDB,
    0xE6, 0xDC, 0xF7, 0xF7, 0x9F, 0xCC, 0xF8, 0x63, 0xC3, 0x1E, 0x18, 0x70, 0xC3, 0x80, 0x00, 0x3F,
    0x01, 0xFE, 0x0C, 0x70, 0x61, 0xCF, 0x07, 0x78, 0x3C, 0xC3, 0x86, 0x18, 0x3F, 0xC1, 0xFC, 0x0C,
    0x00, 0x60, 0x03, 0x00, 0x18, 0x00, 0xC0, 0x00, 0x00, 0x66, 0x23, 0x33, 0x99, 0x98, 0xCE, 0xC6,
    0x76, 0x7B, 0xBB, 0xFD, 0xC7, 0xEC, 0xFD, 0xF7, 0xEF, 0x8F, 0x70, 0x73, 0x83, 0x9C, 0x0C, 0x60,
    0x63, 0x00, 0x00, 0xFF, 0x8F, 0xFF, 0x3E, 0x0C, 0xF9, 0x33, 0xEE, 0xCF, 0xBB, 0x3E, 0xEC, 0xFB,
    0xB3, 0xEE, 0xCF, 0xB8, 0x7E, 0xE1, 0xFB, 0xFE, 0xEF, 0xF8, 0x01, 0xC0, 0x1C, 0x0F, 0xE0, 0xFE,
    0x1D, 0xC3, 0xFC, 0x77, 0xCE, 0x1C, 0xE1, 0xCC, 0x1C, 0xC1, 0xCE, 0x1C, 0xE1, 0xC7, 0xFC, 0x3F,
    0xC0, 0x80, 0x7F, 0x8F, 0xFC, 0x07, 0xE0, 0x7F, 0x87, 0x0C, 0x30, 0x03, 0x80, 0x7F, 0x83, 0xFC,
    0x07, 0x00, 0xFF, 0x07, 0xF8, 0x0E, 0x00, 0x30, 0x01, 0xC1, 0x07, 0xF8, 0x1F, 0x80, 0x30, 0x30,
    0x33, 0x06, 0x30, 0xE3, 0x1C, 0x33, 0x83, 0x70, 0x3E, 0x0F, 0xFF, 0xFF, 0xE3, 0x70, 0x33, 0x83,
    0x18, 0x31, 0xC3, 0x0E, 0x30, 0x70, 0x00, 0xFF, 0xFF, 0xFF, 0xC1, 0xC0, 0x0E, 0x00, 0x7E, 0x03,
    0xE0, 0x3C, 0x07, 0xE8, 0x37, 0xC0, 0x3C, 0x07, 0xC0, 0x7E, 0x02, 0x70, 0x03, 0x80, 0x18, 0x00,
    0x00, 0x3F, 0x01, 0xFE, 0x1C, 0x7D, 0xE1, 0xF3, 0x06, 0x18, 0x33, 0xC3, 0xFE, 0x1E, 0x3F, 0xC1,
    0xFC, 0x0C, 0x00, 0x60, 0x03, 0x00, 0x18, 0x00, 0xC0, 0x00, 0x00, 0x00, 0x00, 0xC0, 0x18, 0x0F,
    0xC3, 0xFC, 0xF1, 0xD8, 0x07, 0x00, 0xC0, 0x18, 0x03, 0x0F, 0xE1, 0xFC, 0x07, 0xC0, 0xF8, 0x1B,
    0x83, 0x3F, 0xE3, 0xF8, 0x18, 0x03, 0x00, 0x60, 0x1F, 0x8F, 0xF9, 0x87, 0x00, 0x60, 0x1D, 0xFF,
    0xBF, 0xF0, 0x70, 0xFF, 0xDF, 0xF9, 0x80, 0x70, 0x0E, 0x0C, 0xFF, 0x9F, 0xE0, 0x60, 0x02, 0x00,
    0xC0, 0x18, 0x07, 0xC3, 0xFE, 0xF1, 0xDC, 0x07, 0x00, 0xE0, 0x1C, 0x03, 0x00, 0x60, 0x0E, 0x01,
    0xC0, 0x18, 0x03, 0x83, 0x3F, 0xE3, 0xF8, 0x18, 0x03, 0x00, 0x20, 0xFF, 0xF7, 0xFF, 0x80, 0x01,
    0xFF, 0xEF, 0xFF, 0x83, 0x00, 0x18, 0x00, 0xC0, 0x06, 0x00, 0x30, 0x01, 0x80, 0x0C, 0x00, 0x60,
    0x03, 0x00, 0x18, 0x00, 0x00, 0xFF, 0xF7, 0xFF, 0x80, 0x71, 0xFF, 0xEF, 0xFF, 0x00, 0x60, 0x07,
    0x1F, 0xF0, 0xFF, 0x00, 0x38, 0x00, 0xE0, 0x07, 0x00, 0x1C, 0x00, 0x70, 0x03, 0x80, 0x00, 0x30,
    0x07, 0x00, 0xEC, 0x1F, 0x83, 0xE0, 0xF2, 0x3F, 0xC5, 0xF0, 0x3C, 0x1F, 0x03, 0xE1, 0x9C, 0x33,
    0x8E, 0x7F, 0x8F, 0xF0, 0x0C, 0x01, 0x80, 0x38, 0x1F, 0x87, 0xF8, 0xDB, 0xBB, 0x37, 0x66, 0xCC,
    0xF9, 0x9F, 0x33, 0xE6, 0x7C, 0x0F, 0x81, 0xF0, 0x38, 0x00, 0x3F, 0xC3, 0xFE, 0x30, 0x73, 0x03,
    0x30, 0x33, 0x03, 0x30, 0x7F, 0xFE, 0xFF, 0xC3, 0x00, 0xFF, 0x0F, 0xF0, 0x30, 0x03, 0x00, 0x30,
    0x00, 0x00, 0x3E, 0x07, 0xE0, 0x0E, 0x00, 0xE0, 0x0C, 0x7F, 0x9F, 0xFF, 0x0F, 0xE0, 0xF8, 0x1F,
    0x03, 0xE0, 0x6E, 0x1C, 0xFF, 0x0F, 0xC0, 0x60, 0x00, 0x30, 0x7D, 0x8F, 0xF8, 0xE1, 0xCE, 0x1F,
    0x60, 0xDF, 0x0C, 0x78, 0xC3, 0xCE, 0x1E, 0x61, 0x9E, 0x1C, 0xF1, 0xC7, 0xFC, 0x31, 0x01, 0x00,
    0x00, 0x06, 0x00, 0x38, 0x03, 0xC0, 0x1E, 0x00, 0xD8, 0x0E, 0xC0, 0x67, 0x03, 0x18, 0x30, 0xC1,
    0x87, 0x1C, 0x18, 0xC0, 0xC6, 0x07, 0x7F, 0xFB, 0xFF, 0xC0, 0xFF, 0xDF, 0xFF, 0x03, 0xE0, 0x7C,
    0x0F, 0x81, 0xF0, 0x3E, 0x07, 0xC0, 0xF8, 0x1F, 0x03, 0xE0, 0x7C, 0x0F, 0x81, 0xF0, 0x3E, 0x07,
    0xC0, 0xF8, 0x1F, 0x03, 0x80, 0x7F, 0xF7, 0xFF, 0x70, 0x03, 0x80, 0x18, 0x01, 0xC0, 0x0E, 0x00,
    0x70, 0x07, 0x00, 0x38, 0x03, 0x00, 0x70, 0x0E, 0x01, 0xC0, 0x1C, 0x03, 0x80, 0x70, 0x07, 0xFF,
    0x7F, 0xF0, 0xFF, 0xFF, 0xFC, 0x06, 0x0C, 0x30, 0x60, 0xC3, 0x06, 0x0C, 0x30, 0x60, 0xC3, 0x06,
    0x0C, 0x38, 0x60, 0xC1, 0x00, 0xDF, 0x00, 0x00, 0x30, 0x01, 0x80, 0x0C, 0x00, 0xE0, 0x06, 0x00,
    0x30, 0x01, 0x80, 0x1C, 0x00, 0xC7, 0x06, 0x3C, 0x70, 0x63, 0x03, 0x18, 0x0C, 0xC0, 0x6E, 0x03,
    0x60, 0x0F, 0x00, 0x78, 0x03, 0x80, 0x0C, 0x00, 0x3D, 0xE7, 0xFF, 0x66, 0x36, 0x63, 0x7F, 0xF7,
    0xDE, 0x0F, 0x07, 0x87, 0x03, 0x01, 0x80, 0xC0, 0x60, 0x30, 0x18, 0x0C, 0x06, 0x03, 0x01, 0x80,
    0xC0, 0x60, 0x30, 0x18, 0x7C, 0x3C, 0x00, 0x78, 0x1F, 0xDF, 0x3F, 0x01, 0xC3, 0x01, 0xF8, 0xF3,
    0xF0, 0x1C, 0x03, 0x00, 0x60, 0x1C, 0x7F, 0xFF, 0xFE, 0x18, 0x03, 0x07, 0xFF, 0xFF, 0xE3, 0x00,
    0xC0, 0x18, 0x00, 0x00, 0x00, 0x3C, 0x1F, 0x1F, 0x8F, 0x81, 0xE0, 0x1F, 0x80, 0x7E, 0x03, 0xE0,
    0x0B, 0xFF, 0x7F, 0xF0, 0x00, 0x1C, 0x03, 0xF0, 0x0F, 0xC0, 0x7E, 0x03, 0xC3, 0xF3, 0xF0, 0xF0,
    0x10, 0x03, 0xFF, 0x7F, 0xF0, 0x0F, 0xC3, 0xDC, 0xE3, 0x18, 0x07, 0xF9, 0xFF, 0x9F, 0xF1, 0x86,
    0x30, 0xC6, 0x18, 0xC3, 0x18, 0x63, 0x0C, 0x61, 0x8C, 0x30, 0x00, 0x0F, 0xC0, 0x7B, 0x83, 0x8E,
    0x0C, 0x38, 0x7C, 0xE3, 0xFB, 0x87, 0xCE, 0x0C, 0x38, 0x30, 0xE0, 0xC3, 0x83, 0x0E, 0x0C, 0x38,
    0x30, 0xE0, 0xC3, 0xE3, 0x07, 0x80, 0x04, 0x00, 0x00, 0x20, 0x00, 0x06, 0x60, 0x00, 0x7E, 0x00,
    0x07, 0xE0, 0x00, 0x3E, 0x00, 0x03, 0xE0, 0x00, 0x77, 0xFF, 0xFE, 0x3F, 0xFF, 0xC0, 0xFF, 0xC0,
    0x00, 0x00, 0x00, 0x01, 0x00, 0x01, 0xF8, 0x00, 0x0F, 0x80, 0x00, 0x60, 0x00, 0x06, 0x00, 0x00,
    0x00, 0x00, 0x00, 0x00, 0x00, 0x60, 0x00, 0x00, 0xE0, 0x00, 0x00, 0xE0, 0x00, 0x30, 0xE0, 0x00,
    0x78, 0xE0, 0x01, 0xF8, 0x7F, 0xFF, 0xFF, 0x3F, 0xFF, 0x1F, 0x0F, 0xF0, 0x00, 0x00, 0x00, 0x00,
    0x00, 0x00, 0x00, 0x01, 0xF0, 0x00, 0x01, 0xB0, 0x00, 0x00, 0xE0, 0x00, 0x00, 0xE0, 0x00, 0x00,
    0x40, 0x00, 0x08, 0x71, 0xC3, 0x0C, 0x30, 0xDF, 0x78, 0x00, 0x1F, 0x6C, 0xE3, 0x84, 0x1C, 0x0C,
    0x06, 0x07, 0x0F, 0xFF, 0xFC, 0x00, 0x00, 0x7C, 0x3E, 0x06, 0x07, 0x00, 0x00, 0x00, 0x00, 0x00,
    0x0C, 0x00, 0x00, 0xF8, 0x00, 0x0F, 0x80, 0x00, 0xF8, 0x00, 0x1F, 0x80, 0x00, 0xF0, 0x20, 0x00,
    0x06, 0x60, 0x00, 0x7E, 0x00, 0x07, 0xE0, 0x00, 0x3E, 0x00, 0x03, 0xE0, 0x00, 0x77, 0xFF, 0xFE,
    0x3F, 0xFF, 0xC0, 0xFF, 0xC0, 0x00, 0x00, 0x00, 0x00, 0xC0, 0x00, 0x00, 0xF8, 0x00, 0x00, 0xF8,
    0x00, 0x00, 0xFC, 0x00, 0x01, 0xF8, 0x00, 0x00, 0xF0, 0x00, 0x00, 0x00, 0x00, 0x60, 0x00, 0x00,
    0xE0, 0x00, 0x00, 0xE0, 0x00, 0x30, 0xE0, 0x00, 0x78, 0xE0, 0x01, 0xF8, 0x7F, 0xFF, 0xFF, 0x3F,
    0xFF, 0x1F, 0x0F, 0xF0, 0x00, 0x01, 0x87, 0x9F, 0x6F, 0xFF, 0x00, 0x10, 0xC3, 0x0E, 0x38, 0x63,
    0xBC, 0xF0, 0x00, 0x00, 0x18, 0x0F, 0x07, 0xC3, 0xE3, 0xF0, 0xF0, 0x00, 0x00, 0x0E, 0x06, 0x03,
    0x03, 0x87, 0xFF, 0xFE, 0x00, 0x7E, 0x07, 0xFE, 0x13, 0xFE, 0x07, 0xF0, 0xFC, 0x0F, 0x00, 0xE0,
    0x0E, 0x00, 0x67, 0xC7, 0x36, 0x30, 0xC1, 0x87, 0x0C, 0x00, 0x70, 0x01, 0xE0, 0x07, 0xFF, 0x1F,
    0xF8, 0x0C, 0x00, 0x7E, 0x00, 0x7F, 0xE0, 0x13, 0xFE, 0x00, 0x7F, 0x00, 0xFF, 0x00, 0xF3, 0x80,
    0xE0, 0xE0, 0xE0, 0x7E, 0x67, 0xDF, 0x73, 0x60, 0x30, 0xC0, 0x18, 0x70, 0x0C, 0x00, 0x07, 0x00,
    0x01, 0xE0, 0x00, 0x7F, 0xF0, 0x1F, 0xF8, 0x00, 0xC0, 0x00, 0x38, 0x07, 0xF0, 0x7F, 0x80, 0x1F,
    0x03, 0xF0, 0xF8, 0xFE, 0x0F, 0x80, 0x00, 0x00, 0x80, 0x1F, 0x81, 0xF0, 0x06, 0x00, 0xE0, 0x00,
    0x00, 0x38, 0x00, 0xFE, 0x01, 0xFE, 0x00, 0x0F, 0x80, 0x3F, 0x01, 0xFC, 0x3F, 0x9F, 0x7C, 0x1F,
    0x00, 0x00, 0x00, 0x00, 0x6C, 0x00, 0xD8, 0x00, 0xE0, 0x01, 0xC0, 0x01, 0x00, 0x00, 0x00, 0x0C,
    0x07, 0x83, 0xE1, 0xB1, 0xF0, 0xF0, 0x00, 0x00, 0x03, 0x03, 0x80, 0xE0, 0x30, 0x1C, 0x06, 0x03,
    0x41, 0xBF, 0xDF, 0xC0, 0x00, 0x00, 0x00, 0xC0, 0x07, 0x80, 0x3E, 0x01, 0xB0, 0x1F, 0x80, 0xF0,
    0x00, 0x00, 0x00, 0x00, 0x30, 0x03, 0x80, 0x0E, 0x00, 0x30, 0x01, 0xC0, 0x06, 0x00, 0x38, 0x41,
    0xC3, 0xFF, 0x9F, 0xDC, 0x00, 0x00, 0x00, 0x1C, 0x1C, 0x36, 0x3E, 0x12, 0x00, 0x00, 0x0C, 0x0E,
    0x06, 0x07, 0x07, 0x07, 0x06, 0x0E, 0x1C, 0x7C, 0xF0, 0x60, 0x00, 0x03, 0x80, 0x70, 0x1B, 0x03,
    0xE0, 0x08, 0x00, 0x00, 0x00, 0x0C, 0x01, 0xC0, 0x18, 0x03, 0x80, 0x70, 0x0F, 0x81, 0xF8, 0x70,
    0x1C, 0x0F, 0x83, 0xE0, 0x30, 0x00, 0x00, 0x18, 0x1E, 0x1F, 0x1B, 0x3F, 0x3C, 0x00, 0x00, 0x0C,
    0x0E, 0x06, 0x07, 0x07, 0x07, 0x06, 0x0E, 0x1C, 0x7C, 0xF0, 0x60, 0x00, 0x06, 0x00, 0x78, 0x0F,
    0x83, 0xB0, 0x7C, 0x0F, 0x00, 0x00, 0x00, 0x01, 0x80, 0x38, 0x03, 0x00, 0x70, 0x0E, 0x01, 0xF0,
    0x3F, 0x0E, 0x03, 0x81, 0xF0, 0x7C, 0x06, 0x00, 0x00, 0x00, 0x40, 0x00, 0x3C, 0x00, 0x1F, 0x00,
    0x0F, 0x80, 0x03, 0xC0, 0x00, 0x70, 0x00, 0x0F, 0x00, 0x00, 0xF0, 0x60, 0x07, 0x1C, 0x00, 0x73,
    0x80, 0x06, 0x70, 0x00, 0xCE, 0x00, 0x18, 0xFF, 0xFF, 0x0F, 0xFF, 0xC0, 0x7F, 0xC0, 0x00, 0x00,
    0x40, 0x00, 0x07, 0x80, 0x00, 0x7C, 0x00, 0x07, 0xC0, 0x00, 0x3C, 0x00, 0x00, 0xE0, 0x00, 0x03,
    0xC0, 0x00, 0x07, 0x80, 0x60, 0x0F, 0x03, 0x80, 0x1E, 0x0E, 0x00, 0x38, 0x38, 0x00, 0x70, 0xE0,
    0x01, 0xE1, 0xFF, 0xFF, 0xE3, 0xFF, 0xF7, 0xC3, 0xFE, 0x00, 0x01, 0x83, 0xC7, 0xCF, 0x87, 0x07,
    0x01, 0xC0, 0x70, 0x1C, 0x07, 0x01, 0x80, 0xE0, 0x77, 0xF3, 0xF0, 0x00, 0x01, 0x80, 0x78, 0x1F,
    0x07, 0xC0, 0x70, 0x0E, 0x00, 0x70, 0x03, 0x80, 0x1C, 0x00, 0xE0, 0x06, 0x00, 0x70, 0x07, 0x8F,
    0xFF, 0xFC, 0xF0, 0x00, 0x00, 0x00, 0x00, 0x00, 0x30, 0x00, 0x1E, 0x00, 0x0F, 0xA0, 0x03, 0xDE,
    0x00, 0x6F, 0x80, 0x07, 0xC0, 0x01, 0xE0, 0x00, 0x38, 0x00, 0x07, 0x80, 0x00, 0x78, 0x30, 0x03,
    0x8E, 0x00, 0x39, 0xC0, 0x03, 0x38, 0x00, 0x67, 0x00, 0x0C, 0x7F, 0xFF, 0x87, 0xFF, 0xE0, 0x3F,
    0xE0, 0x00, 0x00, 0x00, 0x00, 0x00, 0x06, 0x00, 0x00, 0x78, 0x00, 0x07, 0xD0, 0x00, 0x3D, 0xE0,
    0x00, 0xDF, 0x00, 0x01, 0xF0, 0x00, 0x0F, 0x00, 0x00, 0x38, 0x00, 0x00, 0xF0, 0x00, 0x01, 0xE0,
    0x18, 0x03, 0xC0, 0xE0, 0x07, 0x83, 0x80, 0x0E, 0x0E, 0x00, 0x1C, 0x38, 0x00, 0x78, 0x7F, 0xFF,
    0xF8, 0xFF, 0xFD, 0xF0, 0xFF, 0x80, 0x00, 0x00, 0x03, 0x87, 0xC7, 0xBF, 0x7E, 0xF9, 0xF0, 0xE0,
    0xE0, 0x38, 0x0E, 0x03, 0x80, 0xE0, 0x30, 0x1C, 0x0E, 0xFE, 0x7E, 0x00, 0x00, 0x00, 0x00, 0x70,
    0x1F, 0x03, 0xD8, 0xF7, 0x8D, 0xF0, 0x7C, 0x07, 0x00, 0xE0, 0x07, 0x00, 0x38, 0x01, 0xC0, 0x0E,
    0x00, 0x60, 0x07, 0x00, 0x78, 0xFF, 0xFF, 0xCF, 0x00, 0x00, 0x00, 0x10, 0x00, 0xE0, 0x03, 0x98,
    0x06, 0x60, 0x1B, 0x80, 0x7E, 0x01, 0xF8, 0x06, 0xE0, 0x39, 0xE3, 0xC3, 0xFF, 0x07, 0xF0, 0x00,
    0x38, 0x00, 0x1C, 0x18, 0x06, 0x0C, 0x03, 0x8E, 0x01, 0xF7, 0x00, 0xFF, 0x80, 0x61, 0xC0, 0x70,
    0x78, 0x78, 0x1F, 0xF8, 0x07, 0xF0, 0x00, 0x18, 0x1C, 0x3E, 0x7E, 0x67, 0xE3, 0xE3, 0xE3, 0x7F,
    0x7E, 0x3E, 0x07, 0xE0, 0xE6, 0x0E, 0x70, 0xE3, 0x0E, 0x3E, 0x61, 0xE0, 0x00, 0x11, 0x8C, 0x73,
    0x8C, 0xFE, 0xF1, 0x08, 0xE7, 0x00, 0x00, 0x06, 0x03, 0xC7, 0x79, 0xE3, 0x78, 0x7C, 0x07, 0x80,
    0xF0, 0x0E, 0x00, 0x80, 0x00, 0x00, 0x1C, 0x00, 0x78, 0x03, 0xF0, 0x0D, 0xE0, 0x73, 0xC1, 0xCF,
    0x83, 0x76, 0x0F, 0x9B, 0xFF, 0xEF, 0xFF, 0x8C, 0x18, 0x01, 0xC0, 0x0F, 0x80, 0x7E, 0x03, 0x98,
    0x0E, 0x60, 0x33, 0x80, 0xDC, 0x3F, 0xFF, 0xFF, 0xFC, 0x30, 0xC0, 0xE3, 0x03, 0xFC, 0x07, 0xF0,
    0x07, 0x00, 0x00, 0x01, 0xC0, 0x1E, 0x03, 0xF0, 0x37, 0x87, 0x3C, 0x73, 0xE3, 0x76, 0x3E, 0x6F,
    0xFE, 0xFF, 0xE0, 0x18, 0x07, 0x01, 0xF0, 0x1F, 0x83, 0xB8, 0x33, 0x83, 0x38, 0x77, 0x0F, 0xFF,
    0xFF, 0xF7, 0x1C, 0x30, 0xC3, 0xFC, 0x1F, 0x80, 0xF0, 0x06, 0x00, 0x01, 0xE0, 0x00, 0x7E, 0x00,
    0x0F, 0xC0, 0x03, 0x98, 0x00, 0xE0, 0x00, 0x38, 0x00, 0x07, 0x00, 0x00, 0x7F, 0xFF, 0xE7, 0xFF,
    0xFC, 0x1F, 0xFC, 0x00, 0x07, 0xF9, 0xFF, 0xFF, 0xF9, 0xC0, 0x0C, 0x00, 0x7C, 0x01, 0xFF, 0xE1,
    0xFF, 0x38, 0x00, 0x07, 0x00, 0x00, 0xC0, 0x00, 0x1E, 0x00, 0x03, 0x80, 0x00, 0x0C, 0x00, 0x03,
    0xC0, 0x00, 0xFC, 0x00, 0x1F, 0x80, 0x07, 0x30, 0x01, 0xC0, 0x00, 0x70, 0x00, 0x0E, 0x00, 0x00,
    0xFF, 0xFF, 0xCF, 0xFF, 0xF8, 0x3F, 0xF8, 0x38, 0x01, 0xC0, 0x0C, 0x00, 0x78, 0x03, 0x80, 0x03,
    0xFC, 0xFF, 0xFF, 0xFC, 0xE0, 0x06, 0x00, 0x3E, 0x00, 0xFF, 0xF0, 0xFF, 0x80, 0x00, 0x1E, 0x00,
    0x7F, 0x00, 0x72, 0x00, 0xE0, 0x00, 0xC0, 0x60, 0xE0, 0x60, 0xF8, 0xE0, 0x7E, 0xE0, 0x0E, 0xE0,
    0x0E, 0xE0, 0x1E, 0x78, 0x7C, 0x3F, 0xF8, 0x1F, 0xE0, 0x60, 0x00, 0x30, 0x1C, 0x38, 0x0F, 0xDC,
    0x03, 0xFE, 0x00, 0x67, 0x00, 0x71, 0xE0, 0xF0, 0x7F, 0xF0, 0x1F, 0xE0, 0x00, 0x08, 0x71, 0xC3,
    0x0C, 0x30, 0xDF, 0x78, 0x00, 0x1B, 0x6C, 0x1C, 0x0C, 0x06, 0x07, 0x0F, 0xFF, 0xFC, 0x00, 0x00,
    0x7E, 0x3E, 0x00, 0x1C, 0x3E, 0x7C, 0x60, 0x60, 0x73, 0x3F, 0xFE, 0xF8, 0x00, 0x78, 0x7F, 0x0E,
    0x00, 0x18, 0x1C, 0x1C, 0x1C, 0x1C, 0x1C, 0x1C, 0x1C, 0x1C, 0x1C, 0x1C, 0x1C, 0x1C, 0x1C, 0x78,
    0x1F, 0xC0, 0xE0, 0x00, 0x1C, 0x07, 0x01, 0xC0, 0x70, 0x1C, 0x07, 0x01, 0xC0, 0x70, 0x1C, 0x07,
    0x00, 0xC0, 0x30, 0x0C, 0x03, 0xE0, 0x78, 0x00, 0xF7, 0x31, 0xFE, 0x01, 0x8E, 0x73, 0x9C, 0xE7,
    0x39, 0xCE, 0x73, 0x9C, 0xE0, 0xF0, 0xE0, 0xC0, 0xF8, 0xE0, 0x00, 0x70, 0x70, 0x70, 0x70, 0x70,
    0x70, 0x70, 0x70, 0x70, 0x70, 0x30, 0x30, 0x30, 0x3E, 0x1E, 0x00, 0x1C, 0x1E, 0x0E, 0x03, 0xC3,
    0xC0, 0x00, 0x78, 0x7E, 0x77, 0x31, 0x98, 0xEF, 0xF3, 0xF0, 0x78, 0x1C, 0x7C, 0x7C, 0x38, 0x00,
    0x1C, 0x07, 0x80, 0xE0, 0x0F, 0x03, 0xC0, 0x00, 0x07, 0x81, 0xF8, 0x77, 0x0C, 0x61, 0x8E, 0x3F,
    0xF3, 0xFE, 0x0E, 0x01, 0xC1, 0xF0, 0x7C, 0x0E, 0x00, 0xE7, 0x39, 0xCE, 0x73, 0x9C, 0xE7, 0x39,
    0xCE, 0x31, 0x80, 0xF7, 0x31, 0xEE, 0x00, 0xE1, 0xC3, 0x87, 0x0E, 0x1C, 0x38, 0x70, 0xE1, 0xC1,
    0x83, 0x06, 0x0F, 0x8F, 0x00, 0xF1, 0xC3, 0x07, 0x8E, 0x00, 0x1C, 0x1E, 0x38, 0x7F, 0x30, 0x72,
    0x3E, 0xE0, 0x3C, 0xC0, 0x60, 0xE0, 0x60, 0xF8, 0xE0, 0x7E, 0xE0, 0x0E, 0xE0, 0x0E, 0xE0, 0x1E,
    0x78, 0x7C, 0x3F, 0xF8, 0x1F, 0xE0, 0x1C, 0x00, 0x1C, 0x00, 0x0C, 0x00, 0x07, 0xC0, 0x03, 0xC0,
    0x03, 0x00, 0x01, 0x80, 0xE1, 0xC0, 0x7E, 0xE0, 0x1F, 0xF0, 0x03, 0x38, 0x03, 0x8F, 0x07, 0x83,
    0xFF, 0x80, 0xFF, 0x00, 0x77, 0x30, 0xFF, 0x00, 0x46, 0x31, 0xCE, 0x33, 0xFB, 0xC0, 0x78, 0x38,
    0x18, 0x0F, 0x07, 0x00, 0x00, 0x60, 0x30, 0x38, 0x1C, 0x3F, 0xDD, 0xE0, 0x00, 0xFF, 0xFF, 0xFF,
    0xFF, 0xFE, 0xD8, 0xE1, 0xC3, 0x87, 0x0E, 0x1C, 0x38, 0x70, 0xE1, 0xC1, 0x83, 0x06, 0x0F, 0x8F,
    0x00, 0x00, 0x00, 0x20, 0x00, 0x06, 0x60, 0x00, 0x7E, 0x00, 0x07, 0xE0, 0x00, 0x3E, 0x00, 0x03,
    0xE0, 0x00, 0x77, 0xFF, 0xFE, 0x3F, 0xFF, 0xC0, 0xFF, 0xC0, 0x00, 0x00, 0x00, 0x06, 0x00, 0x00,
    0x60, 0x00, 0x00, 0x00, 0x00, 0x60, 0x00, 0x00, 0xE0, 0x00, 0x00, 0xE0, 0x00, 0x30, 0xE0, 0x00,
    0x78, 0xE0, 0x01, 0xF8, 0x7F, 0xFF, 0xFF, 0x3F, 0xFF, 0x1F, 0x0F, 0xF0, 0x00, 0x00, 0x00, 0x00,
    0x00, 0xE0, 0x00, 0x00, 0xE0, 0x00, 0x11, 0x8C, 0x73, 0x8C, 0xFE, 0xF0, 0x00, 0xE6, 0x00, 0x18,
    0x0C, 0x0E, 0x07, 0x0F, 0xF7, 0x78, 0x00, 0x00, 0x38, 0x1C, 0x00, 0x36, 0x3E, 0x04, 0x00, 0x18,
    0x1C, 0x3E, 0x7E, 0x67, 0xE3, 0xE3, 0xE3, 0x7F, 0x7E, 0x1F, 0x03, 0xF0, 0x12, 0x00, 0x00, 0x03,
    0x00, 0x70, 0x1F, 0x03, 0xF0, 0x73, 0x0E, 0x30, 0xE3, 0x07, 0xF0, 0x7F, 0x80, 0xFE, 0x01, 0xE0,
    0x00, 0x00, 0xF8, 0x00, 0x1F, 0x80, 0x00, 0x90, 0x20, 0x00, 0x06, 0x60, 0x00, 0x7E, 0x00, 0x07,
    0xE0, 0x00, 0x3E, 0x00, 0x03, 0xE0, 0x00, 0x77, 0xFF, 0xFE, 0x3F, 0xFF, 0xC0, 0xFF, 0xC0, 0x00,
    0xF8, 0x00, 0x01, 0xF8, 0x00, 0x00, 0x90, 0x00, 0x00, 0x00, 0x00, 0x60, 0x00, 0x00, 0xE0, 0x00,
    0x00, 0xE0, 0x00, 0x30, 0xE0, 0x00, 0x78, 0xE0, 0x01, 0xF8, 0x7F, 0xFF, 0xFF, 0x3F, 0xFF, 0x1F,
    0x0F, 0xF0, 0x00, 0xDB, 0xE4, 0x00, 0x10, 0xC3, 0x0E, 0x38, 0x63, 0xBC, 0xF0, 0x00, 0x3E, 0x3F,
    0x09, 0x00, 0x01, 0xC0, 0xC0, 0x60, 0x70, 0xFF, 0xFF, 0xC0, 0x00, 0x00, 0x00, 0x00, 0x06, 0x00,
    0x00, 0x60, 0x00, 0x0F, 0x80, 0x01, 0xF8, 0x00, 0x09, 0x02, 0x00, 0x00, 0x66, 0x00, 0x07, 0xE0,
    0x00, 0x7E, 0x00, 0x03, 0xE0, 0x00, 0x3E, 0x00, 0x07, 0x7F, 0xFF, 0xE3, 0xFF, 0xFC, 0x0F, 0xFC,
    0x00, 0x00, 0x00, 0x00, 0x00, 0x70, 0x00, 0x00, 0x60, 0x00, 0x00, 0xF8, 0x00, 0x01, 0xF8, 0x00,
    0x00, 0x90, 0x00, 0x00, 0x00, 0x00, 0x60, 0x00, 0x00, 0xE0, 0x00, 0x00, 0xE0, 0x00, 0x30, 0xE0,
    0x00, 0x78, 0xE0, 0x01, 0xF8, 0x7F, 0xFF, 0xFF, 0x3F, 0xFF, 0x1F, 0x0F, 0xF0, 0x00, 0x01, 0xC7,
    0x36, 0xF9, 0x00, 0x04, 0x30, 0xC3, 0x8E, 0x18, 0xEF, 0x3C, 0x00, 0x00, 0x0C, 0x06, 0x07, 0xC7,
    0xE1, 0x20, 0x00, 0x38, 0x18, 0x0C, 0x0E, 0x1F, 0xFF, 0xF8, 0x00, 0x7C, 0x07, 0xFC, 0x13, 0xFC,
    0x07, 0xE0, 0xF8, 0x0F, 0x00, 0xE0, 0x0E, 0x00, 0xE0, 0x07, 0x1C, 0x30, 0xE1, 0x80, 0x0C, 0x00,
    0x70, 0x01, 0xC0, 0x4F, 0xFF, 0x1F, 0xF0, 0x1C, 0x00, 0x7C, 0x01, 0xFF, 0x01, 0x3F, 0xC0, 0x1F,
    0x80, 0xFC, 0x03, 0xD8, 0x0E, 0x38, 0x38, 0x3F, 0xE0, 0x3F, 0xC7, 0x03, 0x0E, 0x06, 0x00, 0x0C,
    0x00, 0x1C, 0x00, 0x1C, 0x04, 0x3F, 0xFC, 0x1F, 0xF0, 0x07, 0x00, 0x38, 0x07, 0xF0, 0x7F, 0x80,
    0x1F, 0x03, 0xF0, 0xF8, 0xFE, 0x0F, 0x80, 0x00, 0x00, 0x00, 0x06, 0x00, 0x60, 0x38, 0x00, 0xFE,
    0x01, 0xFE, 0x00, 0x0F, 0x80, 0x3F, 0x01, 0xFC, 0x3F, 0x9F, 0x7C, 0x1F, 0x00, 0x00, 0x00, 0x00,
    0x38, 0x00, 0x70, 0x00, 0x7C, 0x07, 0xFC, 0x13, 0xFC, 0x07, 0xE0, 0xF8, 0x0F, 0x00, 0xE0, 0x0E,
    0x00, 0xE0, 0x07, 0x00, 0x30, 0x01, 0x80, 0x0C, 0x00, 0x70, 0x01, 0xC0, 0x4F, 0xFF, 0x1F, 0xF0,
    0x1C, 0x00, 0x7C, 0x01, 0xFF, 0x01, 0x3F, 0xC0, 0x1F, 0x80, 0xFC, 0x03, 0xD8, 0x0E, 0x38, 0x38,
    0x3F, 0xE0, 0x3F, 0xC0, 0x03, 0x00, 0x06, 0x00, 0x0C, 0x00, 0x1C, 0x00, 0x1C, 0x04, 0x3F, 0xFC,
    0x1F, 0xF0, 0x07, 0x00, 0x38, 0x07, 0xF0, 0x7F, 0x80, 0x1F, 0x03, 0xF0, 0xF8, 0xFE, 0x0F, 0x80,
    0x00, 0x00, 0x38, 0x00, 0xFE, 0x01, 0xFE, 0x00, 0x0F, 0x80, 0x3F, 0x01, 0xFC, 0x3F, 0x9F, 0x7C,
    0x1F, 0x00, 0x00, 0x07, 0x00, 0x38, 0x00, 0x80, 0x00, 0x07, 0xC0, 0x7F, 0xC1, 0x3F, 0xC0, 0x7E,
    0x0F, 0x80, 0xF0, 0x0E, 0x00, 0xE0, 0x0E, 0x00, 0x70, 0x03, 0x00, 0x18, 0x00, 0xC0, 0x07, 0x00,
    0x1C, 0x04, 0xFF, 0xF1, 0xFF, 0x01, 0xC0, 0x07, 0x00, 0x0E, 0x00, 0x08, 0x00, 0x00, 0x07, 0xC0,
    0x1F, 0xF0, 0x13, 0xFC, 0x01, 0xF8, 0x0F, 0xC0, 0x3D, 0x80, 0xE3, 0x83, 0x83, 0xFE, 0x03, 0xFC,
    0x00, 0x30, 0x00, 0x60, 0x00, 0xC0, 0x01, 0xC0, 0x01, 0xC0, 0x43, 0xFF, 0xC1, 0xFF, 0x00, 0x70,
    0x00, 0x38, 0x03, 0x80, 0x10, 0x00, 0x00, 0x38, 0x07, 0xF0, 0x7F, 0x80, 0x1F, 0x03, 0xF0, 0xF8,
    0xFE, 0x0F, 0x80, 0x00, 0x00, 0x30, 0x00, 0x70, 0x00, 0x40, 0x00, 0x00, 0x03, 0x80, 0x0F, 0xE0,
    0x1F, 0xE0, 0x00, 0xF8, 0x03, 0xF0, 0x1F, 0xC3, 0xF9, 0xF7, 0xC1, 0xF0, 0x00, 0x00, 0x06, 0x07,
    0x01, 0xC0, 0x60, 0x38, 0x0C, 0x06, 0x83, 0x7F, 0xBF, 0x80, 0x00, 0x06, 0x00, 0x70, 0x01, 0xC0,
    0x06, 0x00, 0x38, 0x00, 0xC0, 0x07, 0x08, 0x38, 0x7F, 0xF3, 0xFB, 0x80, 0x00, 0x1C, 0x0E, 0x02,
    0x00, 0x00, 0x60, 0x70, 0x1C, 0x06, 0x03, 0x80, 0xC0, 0x68, 0x37, 0xFB, 0xF8, 0x00, 0x1C, 0x00,
    0xE0, 0x02, 0x00, 0x00, 0x00, 0x60, 0x07, 0x00, 0x1C, 0x00, 0x60, 0x03, 0x80, 0x0C, 0x00, 0x70,
    0x83, 0x87, 0xFF, 0x3F, 0xB8, 0x00, 0x00, 0x00, 0x0C, 0x0E, 0x06, 0x07, 0x07, 0x07, 0x06, 0x0E,
    0x1C, 0x7C, 0xF0, 0x60, 0x00, 0x01, 0x80, 0x38, 0x03, 0x00, 0x70, 0x0E, 0x01, 0xF0, 0x3F, 0x0E,
    0x03, 0x81, 0xF0, 0x7C, 0x06, 0x00, 0x0C, 0x1C, 0x08, 0x00, 0x00, 0x0C, 0x0E, 0x06, 0x07, 0x07,
    0x07, 0x06, 0x0E, 0x1C, 0x7C, 0xF0, 0x60, 0x1C, 0x03, 0x80, 0x20, 0x00, 0x00, 0x00, 0x18, 0x03,
    0x80, 0x30, 0x07, 0x00, 0xE0, 0x1F, 0x03, 0xF0, 0xE0, 0x38, 0x1F, 0x07, 0xC0, 0x60, 0x00, 0x00,
    0x00, 0x02, 0x00, 0x00, 0x03, 0x80, 0x00, 0x01, 0xC0, 0x07, 0x0C, 0x60, 0x03, 0x86, 0x33, 0x00,
    0xC3, 0x1D, 0x80, 0x73, 0x8D, 0xC0, 0x3F, 0xFE, 0xE0, 0x1F, 0xFE, 0x70, 0x0C, 0x00, 0x38, 0x0E,
    0x00, 0x0F, 0x0F, 0x00, 0x03, 0xFF, 0x00, 0x00, 0xFE, 0x00, 0x00, 0x00, 0x00, 0x00, 0x00, 0x00,
    0x00, 0x30, 0x00, 0x38, 0x63, 0x00, 0x03, 0x86, 0x30, 0x60, 0x18, 0x63, 0x86, 0x01, 0xCE, 0x38,
    0xE0, 0x1F, 0xFF, 0xFE, 0x01, 0xFF, 0xEF, 0xE0, 0x18, 0x00, 0x0E, 0x03, 0x80, 0x00, 0x78, 0x78,
    0x00, 0x03, 0xFF, 0x00, 0x00, 0x1F, 0xC0, 0x00, 0x00, 0x00, 0x04, 0x00, 0x0E, 0x00, 0x06, 0x18,
    0xC6, 0x38, 0xC7, 0x38, 0xC7, 0x39, 0xC7, 0xFF, 0xFE, 0xFF, 0xFC, 0x00, 0x00, 0x00, 0x02, 0x00,
    0x00, 0xC0, 0x63, 0x18, 0x1C, 0x63, 0x83, 0x8C, 0x70, 0x73, 0x8E, 0x3F, 0xFF, 0xFF, 0xFF, 0xEF,
    0x00, 0x00, 0x00, 0x00, 0x00, 0x00, 0x00, 0x00, 0x60, 0x00, 0x00, 0x30, 0x00, 0x00, 0x3E, 0x00,
    0x00, 0x3F, 0x00, 0x00, 0x09, 0x10, 0x00, 0x00, 0x1C, 0x00, 0x00, 0x0E, 0x00, 0x38, 0x63, 0x00,
    0x1C, 0x31, 0x98, 0x06, 0x18, 0xEC, 0x03, 0x9C, 0x6E, 0x01, 0xFF, 0xF7, 0x00, 0xFF, 0xF3, 0x80,
    0x60, 0x01, 0xC0, 0x70, 0x00, 0x78, 0x78, 0x00, 0x1F, 0xF8, 0x00, 0x07, 0xF0, 0x00, 0x00, 0x00,
    0x00, 0x00, 0x00, 0x00, 0x0C, 0x00, 0x00, 0x00, 0xC0, 0x00, 0x00, 0x1F, 0x00, 0x00, 0x03, 0xF0,
    0x00, 0x00, 0x12, 0x00, 0x00, 0x00, 0x00, 0x00, 0x00, 0x00, 0x30, 0x00, 0x38, 0x63, 0x00, 0x03,
    0x86, 0x30, 0x60, 0x18, 0x63, 0x86, 0x01, 0xCE, 0x38, 0xE0, 0x1F, 0xFF, 0xFE, 0x01, 0xFF, 0xEF,
    0xE0, 0x18, 0x00, 0x0E, 0x03, 0x80, 0x00, 0x78, 0x78, 0x00, 0x03, 0xFF, 0x00, 0x00, 0x1F, 0xC0,
    0x00, 0x00, 0x00, 0x00, 0x00, 0xC0, 0x00, 0xC0, 0x03, 0xF0, 0x03, 0xF0, 0x01, 0x24, 0x00, 0x0E,
    0x00, 0x06, 0x18, 0xC6, 0x38, 0xC7, 0x38, 0xC7, 0x39, 0xC7, 0xFF, 0xFE, 0xFF, 0xFC, 0x00, 0x00,
    0x00, 0x00, 0x00, 0x18, 0x00, 0x03, 0x00, 0x01, 0xF8, 0x00, 0x3F, 0x00, 0x02, 0x40, 0x00, 0x00,
    0x80, 0x00, 0x30, 0x18, 0xC6, 0x07, 0x18, 0xE0, 0xE3, 0x1C, 0x1C, 0xE3, 0x8F, 0xFF, 0xFF, 0xFF,
    0xFB, 0xC0, 0x00, 0x00, 0x00, 0x00, 0x0F, 0x80, 0x00, 0x07, 0xF8, 0x00, 0xE1, 0xE7, 0x00, 0x1C,
    0x70, 0x76, 0x01, 0x9C, 0x0E, 0xC0, 0x3F, 0x03, 0xB8, 0x07, 0xFF, 0xF7, 0x00, 0xFF, 0xF8, 0xE0,
    0x18, 0xF8, 0x1C, 0x07, 0x00, 0x01, 0xE1, 0xE0, 0x00, 0x1F, 0xF8, 0x00, 0x01, 0xFC, 0x00, 0x00,
    0x00, 0x00, 0x0F, 0x80, 0x00, 0x00, 0xFF, 0x00, 0x03, 0x87, 0x9C, 0x00, 0x0E, 0x38, 0x38, 0x60,
    0x19, 0xC0, 0xE1, 0x80, 0x7E, 0x07, 0x0E, 0x01, 0xFF, 0xFF, 0xB8, 0x07, 0xFF, 0xFE, 0xE0, 0x18,
    0xF8, 0x03, 0x80, 0xE0, 0x00, 0x07, 0x87, 0x80, 0x00, 0x0F, 0xFC, 0x00, 0x00, 0x1F, 0xC0, 0x00,
    0x00, 0x00, 0x0F, 0x00, 0x0F, 0xE1, 0x87, 0x9C, 0x63, 0x83, 0x39, 0xC0, 0xCE, 0xE0, 0x7F, 0xFF,
    0xFB, 0xBF, 0xFC, 0x03, 0xF8, 0x00, 0x00, 0x0F, 0x00, 0x01, 0xFC, 0x06, 0x1E, 0x70, 0x31, 0xC1,
    0x83, 0x9C, 0x0C, 0x1D, 0xC0, 0xE3, 0xFF, 0xFF, 0xFD, 0xFF, 0xFF, 0x03, 0xF8, 0x00, 0x00, 0x00,
    0x06, 0x00, 0x00, 0x00, 0xC0, 0x00, 0x00, 0x00, 0x00, 0x00, 0x00, 0x00, 0x00, 0x00, 0xF8, 0x00,
    0x00, 0x7F, 0x80, 0x0E, 0x1E, 0x70, 0x01, 0xC7, 0x07, 0x60, 0x19, 0xC0, 0xEC, 0x03, 0xF0, 0x3B,
    0x80, 0x7F, 0xFF, 0x70, 0x0F, 0xFF, 0x8E, 0x01, 0x8F, 0x81, 0xC0, 0x70, 0x00, 0x1E, 0x1E, 0x00,
    0x01, 0xFF, 0x80, 0x00, 0x1F, 0xC0, 0x00, 0x00, 0x00, 0x00, 0x06, 0x00, 0x00, 0x00, 0x18, 0x00,
    0x00, 0x00, 0x00, 0x00, 0x00, 0x00, 0x00, 0x00, 0x00, 0x0F, 0x80, 0x00, 0x00, 0xFF, 0x00, 0x03,
    0x87, 0x9C, 0x00, 0x0E, 0x38, 0x38, 0x60, 0x19, 0xC0, 0xE1, 0x80, 0x7E, 0x07, 0x0E, 0x01, 0xFF,
    0xFF, 0xB8, 0x07, 0xFF, 0xFE, 0xE0, 0x18, 0xF8, 0x03, 0x80, 0xE0, 0x00, 0x07, 0x87, 0x80, 0x00,
    0x0F, 0xFC, 0x00, 0x00, 0x1F, 0xC0, 0x00, 0x00, 0x00, 0x0E, 0x00, 0x03, 0x80, 0x00, 0x40, 0x00,
    0x00, 0x00, 0x0F, 0x00, 0x0F, 0xE1, 0x87, 0x9C, 0x63, 0x83, 0x39, 0xC0, 0xCE, 0xE0, 0x7F, 0xFF,
    0xFB, 0xBF, 0xFC, 0x03, 0xF8, 0x00, 0x00, 0x0E, 0x00, 0x00, 0x70, 0x00, 0x01, 0x00, 0x00, 0x00,
    0x00, 0x00, 0xF0, 0x00, 0x1F, 0xC0, 0x61, 0xE7, 0x03, 0x1C, 0x18, 0x39, 0xC0, 0xC1, 0xDC, 0x0E,
    0x3F, 0xFF, 0xFF, 0xDF, 0xFF, 0xF0, 0x3F, 0x80, 0x00, 0x0C, 0x00, 0x0C, 0x00, 0x0C, 0x00, 0x0C,
    0x00, 0x0C, 0x00, 0x0C, 0x00, 0x0C, 0x00, 0x0C, 0x7C, 0x0D, 0xFE, 0x0F, 0xC7, 0x0F, 0x87, 0x0F,
    0x07, 0x0E, 0x0E, 0xFF, 0xFE, 0xFF, 0xF8, 0x1F, 0xC0, 0x0C, 0x00, 0x01, 0x80, 0x00, 0x30, 0x00,
    0x06, 0x00, 0x00, 0xC0, 0x00, 0x18, 0x00, 0x03, 0x00, 0x00, 0x63, 0xE0, 0x0D, 0xFE, 0x01, 0xF8,
    0xE0, 0x3E, 0x1C, 0x07, 0x83, 0x80, 0xE0, 0xE1, 0xFF, 0xFF, 0xBF, 0xFF, 0xF8, 0xFE, 0x00, 0x70,
    0x01, 0xC0, 0x07, 0x00, 0x1C, 0x00, 0x70, 0x01, 0xC0, 0x07, 0x00, 0x1C, 0x7C, 0x77, 0xF9, 0xFE,
    0xE3, 0xE1, 0xCE, 0x06, 0x70, 0x3B, 0xFF, 0xCF, 0xFE, 0x00, 0x00, 0x70, 0x00, 0x70, 0x00, 0x70,
    0x00, 0x70, 0x00, 0x70, 0x00, 0x70, 0x00, 0x70, 0x00, 0x71, 0xF0, 0x77, 0xF8, 0x7F, 0xB8, 0x3E,
    0x1C, 0x38, 0x18, 0x70, 0x38, 0xFF, 0xFF, 0xFF, 0xFF, 0x00, 0x00, 0x0C, 0x00, 0x0C, 0x00, 0x0C,
    0x00, 0x0C, 0x18, 0x0C, 0x38, 0x0C, 0x10, 0x0C, 0x00, 0x0C, 0x7C, 0x0D, 0xFE, 0x0F, 0xC7, 0x0F,
    0x87, 0x0F, 0x07, 0x0E, 0x0E, 0xFF, 0xFE, 0xFF, 0xF8, 0x1F, 0xC0, 0x0C, 0x00, 0x01, 0x80, 0x00,
    0x30, 0x00, 0x06, 0x18, 0x00, 0xC7, 0x00, 0x18, 0x40, 0x03, 0x00, 0x00, 0x63, 0xE0, 0x0D, 0xFE,
    0x01, 0xF8, 0xE0, 0x3E, 0x1C, 0x07, 0x83, 0x80, 0xE0, 0xE1, 0xFF, 0xFF, 0xBF, 0xFF, 0xF8, 0xFE,
    0x00, 0x70, 0x01, 0xC0, 0x07, 0x00, 0x1C, 0x70, 0x71, 0xC1, 0xC2, 0x07, 0x00, 0x1C, 0x7C, 0x77,
    0xF9, 0xFE, 0xE3, 0xE1, 0xCE, 0x06, 0x70, 0x3B, 0xFF, 0xCF, 0xFE, 0x00, 0x00, 0x70, 0x00, 0x70,
    0x00, 0x70, 0x00, 0x71, 0xC0, 0x71, 0xC0, 0x70, 0x80, 0x70, 0x00, 0x71, 0xF0, 0x77, 0xF8, 0x7F,
    0xB8, 0x3E, 0x1C, 0x38, 0x18, 0x70, 0x38, 0xFF, 0xFF, 0xFF, 0xFF, 0x00, 0x00, 0x1E, 0x01, 0xF0,
    0x1F, 0x80, 0xC0, 0x0E, 0x00, 0x30, 0xC1, 0xFE, 0x07, 0xF0, 0x3C, 0x03, 0x80, 0x18, 0x01, 0xC0,
    0x0C, 0x00, 0x60, 0x03, 0x00, 0x1C, 0x00, 0x70, 0x03, 0xFF, 0x87, 0xFC, 0x06, 0x00, 0x0F, 0x01,
    0xFC, 0x1F, 0xF0, 0xE3, 0x83, 0x98, 0x0F, 0xC0, 0x3C, 0x03, 0xFE, 0x3B, 0xF3, 0x80, 0x38, 0x01,
    0x80, 0x0C, 0x00, 0x70, 0x03, 0x80, 0x8F, 0xFE, 0x3F, 0xE0, 0x30, 0x00, 0x00, 0x07, 0xC3, 0xF1,
    0xC0, 0x70, 0x1C, 0x03, 0x80, 0xFF, 0xFF, 0xFF, 0x80, 0x00, 0x0F, 0x03, 0xF8, 0x7F, 0xC7, 0x1C,
    0x79, 0x81, 0xF8, 0x1F, 0x0F, 0xFF, 0xFB, 0xF0, 0x00, 0x0C, 0x00, 0x60, 0x00, 0x00, 0x00, 0x01,
    0xE0, 0x1F, 0x01, 0xF8, 0x0C, 0x00, 0xE0, 0x03, 0x0C, 0x1F, 0xE0, 0x7F, 0x03, 0xC0, 0x38, 0x01,
    0x80, 0x1C, 0x00, 0xC0, 0x06, 0x00, 0x30, 0x01, 0xC0, 0x07, 0x00, 0x3F, 0xF8, 0x7F, 0xC0, 0x60,
    0x06, 0x00, 0x30, 0x00, 0x80, 0x00, 0x00, 0xF0, 0x1F, 0xC1, 0xFF, 0x0E, 0x38, 0x39, 0x80, 0xFC,
    0x03, 0xC0, 0x3F, 0xE3, 0xBF, 0x38, 0x03, 0x80, 0x18, 0x00, 0xC0, 0x07, 0x00, 0x38, 0x08, 0xFF,
    0xE3, 0xFE, 0x03, 0x00, 0x0E, 0x03, 0x80, 0x40, 0x00, 0x00, 0x07, 0xC3, 0xF1, 0xC0, 0x70, 0x1C,
    0x03, 0x80, 0xFF, 0xFF, 0xFF, 0x80, 0x00, 0x06, 0x00, 0xE0, 0x04, 0x00, 0x00, 0x0F, 0x03, 0xF8,
    0x7F, 0xC7, 0x1C, 0x79, 0x81, 0xF8, 0x1F, 0x0F, 0xFF, 0xFB, 0xF0, 0x00, 0x00, 0x01, 0x80, 0x00,
    0x38, 0x00, 0x01, 0x00, 0x00, 0x00, 0x00, 0x01, 0xC0, 0x00, 0x3E, 0x00, 0x07, 0xE0, 0x00, 0x67,
    0x60, 0x0E, 0x7E, 0x00, 0xE7, 0xE0, 0x07, 0xFE, 0x00, 0x3F, 0xE0, 0x00, 0x77, 0xFF, 0xFE, 0x3F,
    0xFF, 0xE0, 0xFF, 0xF0, 0x00, 0x00, 0x60, 0x00, 0x00, 0xE0, 0x00, 0x00, 0x40, 0x00, 0x00, 0x00,
    0x00, 0x00, 0xF0, 0x00, 0x01, 0xF8, 0x60, 0x03, 0xF8, 0xE0, 0x03, 0x9C, 0xE0, 0x03, 0x1C, 0xE0,
    0x03, 0x98, 0xE0, 0x01, 0xF8, 0x7F, 0xFF, 0xFF, 0x3F, 0xFF, 0xFF, 0x0F, 0xFC, 0x00, 0x1C, 0x0E,
    0x02, 0x00, 0x00, 0xC1, 0xF8, 0xFC, 0xE6, 0x73, 0xB9, 0xCF, 0xE3, 0xF0, 0x77, 0xF3, 0xF0, 0x00,
    0x0C, 0x00, 0xC0, 0x04, 0x00, 0x00, 0x0E, 0x03, 0xF0, 0x3B, 0x87, 0x38, 0x71, 0x83, 0x38, 0x3F,
    0x0F, 0xFE, 0xFF, 0xF0, 0x00, 0x00, 0x6C, 0x00, 0x6C, 0x00, 0x00, 0x00, 0x00, 0x00, 0x3C, 0x00,
    0x7E, 0x00, 0x6E, 0x00, 0xE6, 0x60, 0xC7, 0x60, 0xFF, 0xE0, 0xFF, 0xE0, 0x3E, 0xE0, 0x06, 0xE0,
    0x0E, 0x78, 0x3C, 0x3F, 0xF8, 0x1F, 0xE0, 0x00, 0x7C, 0x00, 0x1F, 0x80, 0x02, 0x40, 0x00, 0x00,
    0x00, 0x3C, 0x00, 0x1F, 0x80, 0x0E, 0xE0, 0x03, 0x18, 0x70, 0xC7, 0x18, 0x3F, 0xFE, 0x07, 0xFF,
    0x80, 0x18, 0xE0, 0x0E, 0x1C, 0x07, 0x87, 0xCF, 0xC0, 0xFF, 0xE0, 0x0F, 0xE0, 0x00, 0x36, 0x1F,
    0x04, 0x00, 0x00, 0xC1, 0xF8, 0xFC, 0xE6, 0x73, 0xB9, 0xCF, 0xE3, 0xF0, 0x77, 0xF3, 0xF0, 0x00,
    0x1F, 0x03, 0xF0, 0x12, 0x00, 0x00, 0x0E, 0x03, 0xF0, 0x3B, 0x87, 0x38, 0x71, 0x83, 0x38, 0x3F,
    0x0F, 0xFE, 0xFF, 0xF0, 0x00, 0x00, 0x01, 0x80, 0x00, 0x60, 0x00, 0x18, 0x00, 0x06, 0x00, 0x61,
    0x80, 0x38, 0x60, 0x0C, 0x18, 0x03, 0x86, 0x60, 0x61, 0xB8, 0x78, 0x6E, 0x18, 0x1B, 0x80, 0x06,
    0xE0, 0x03, 0x9F, 0xFF, 0xE3, 0xFF, 0xF0, 0x3F, 0xE0, 0x00, 0x01, 0x80, 0x00, 0x0C, 0x00, 0x00,
    0x60, 0x00, 0x03, 0x00, 0x06, 0x18, 0x00, 0x70, 0xC0, 0x03, 0x06, 0x00, 0x1C, 0x30, 0x60, 0x61,
    0x87, 0x0F, 0x0C, 0x38, 0x60, 0x61, 0xC0, 0x03, 0x8E, 0x00, 0x3C, 0x3F, 0xFF, 0xF8, 0xFF, 0xFD,
    0xE1, 0xFF, 0x00, 0x01, 0x83, 0xC7, 0xCF, 0x87, 0x07, 0x01, 0xC0, 0x70, 0x1C, 0x07, 0x01, 0x80,
    0xE0, 0x77, 0xF3, 0xF0, 0x00, 0x01, 0x80, 0x78, 0x1F, 0x07, 0xC0, 0x70, 0x0E, 0x00, 0x70, 0x03,
    0x80, 0x1C, 0x00, 0xE0, 0x06, 0x00, 0x70, 0x07, 0x8F, 0xFF, 0xFC, 0xF0, 0x00, 0x00, 0x18, 0x00,
    0x60, 0x01, 0x80, 0x06, 0x00, 0x18, 0x00, 0x60, 0x01, 0x80, 0x06, 0x00, 0x18, 0x00, 0x60, 0x01,
    0x98, 0x07, 0x60, 0x1B, 0x80, 0x6E, 0x01, 0xB8, 0x06, 0xE0, 0x39, 0xE3, 0xC3, 0xFE, 0x07, 0xF0,
    0x00, 0x18, 0x00, 0x0C, 0x00, 0x06, 0x00, 0x03, 0x00, 0x01, 0x80, 0x00, 0xC0, 0x00, 0x60, 0x00,
    0x30, 0x00, 0x18, 0x00, 0x0C, 0x00, 0x06, 0x0C, 0x03, 0x86, 0x01, 0xC7, 0x00, 0xFB, 0x80, 0x7F,
    0xC0, 0x30, 0xE0, 0x38, 0x3C, 0x78, 0x0F, 0xF8, 0x03, 0xF8, 0x00, 0x31, 0x8C, 0x63, 0x18, 0xC6,
    0x31, 0x8E, 0x73, 0x7B, 0x80, 0x30, 0x30, 0x30, 0x30, 0x30, 0x30, 0x30, 0x30, 0x30, 0x30, 0x38,
    0x38, 0x38, 0xFE, 0xEF, 0x00, 0x1F, 0x0F, 0xE7, 0x39, 0x86, 0x01, 0xCF, 0xF7, 0xFB, 0x86, 0xE0,
    0x38, 0x0E, 0x03, 0x80, 0xE0, 0x18, 0x06, 0x01, 0x80, 0x00, 0x00, 0x07, 0x00, 0x7C, 0x0F, 0xE0,
    0x73, 0x87, 0x8C, 0x7E, 0x73, 0xFF, 0xF9, 0xFF, 0xC3, 0x06, 0x00, 0x30, 0x01, 0xC0, 0x0E, 0x00,
    0x30, 0x01, 0x80, 0x0E, 0x00, 0x00, 0x00, 0x07, 0x03, 0xE1, 0xFC, 0xE7, 0x30, 0xDE, 0x3F, 0xFF,
    0xBE, 0x00, 0x00, 0x07, 0x00, 0x3E, 0x01, 0xF8, 0x0E, 0x70, 0x38, 0xC1, 0xE3, 0x8F, 0xFF, 0xBB,
    0xFE, 0x03, 0x00, 0x03, 0x00, 0x0C, 0x00, 0x00, 0x00, 0x00, 0x00, 0x10, 0x00, 0xE0, 0x03, 0x98,
    0x06, 0x60, 0x1B, 0x80, 0x7E, 0x01, 0xF8, 0x06, 0xE0, 0x39, 0xE3, 0xC3, 0xFF, 0x07, 0xF0, 0x03,
    0x00, 0x01, 0x80, 0x00, 0x00, 0x00, 0x00, 0x00, 0x00, 0x00, 0x01, 0xC0, 0x00, 0xE0, 0xC0, 0x30,
    0x60, 0x1C, 0x70, 0x0F, 0xB8, 0x07, 0xFC, 0x03, 0x0E, 0x03, 0x83, 0xC3, 0xC0, 0xFF, 0xC0, 0x3F,
    0x80, 0x73, 0x88, 0x01, 0x18, 0xC7, 0x38, 0xCF, 0xEF, 0x00, 0x30, 0x1C, 0x04, 0x00, 0x01, 0x80,
    0xC0, 0xE0, 0x70, 0xFF, 0x77, 0x80, 0x00, 0x18, 0x1C, 0x3E, 0x7E, 0x67, 0xE3, 0xE3, 0xE3, 0x7F,
    0x7E, 0x03, 0x00, 0x70, 0x1F, 0x03, 0xF0, 0x73, 0x0E, 0x30, 0xE3, 0x07, 0xF0, 0x7F, 0x80, 0xFE,
    0x01, 0xE0, 0x00, 0x00, 0x01, 0xC0, 0x1E, 0x03, 0xF0, 0x37, 0x87, 0x3C, 0x73, 0xE3, 0x76, 0x3E,
    0x6F, 0xFE, 0xFF, 0xE0, 0x18, 0x07, 0x01, 0xF0, 0x1F, 0x83, 0xB8, 0x33, 0x83, 0x38, 0x77, 0x0F,
    0xFF, 0xFF, 0xF7, 0x1C, 0x30, 0xC3, 0xFC, 0x1F, 0x80, 0xF0, 0x00, 0x0F, 0x0F, 0xCE, 0xE6, 0x33,
    0x1D, 0xFE, 0x7E, 0x0F, 0x03, 0x8F, 0x8F, 0x87, 0x00, 0x00, 0x03, 0xC0, 0xFC, 0x3B, 0x86, 0x30,
    0xC7, 0x1F, 0xF9, 0xFF, 0x07, 0x00, 0xE0, 0xF8, 0x3E, 0x07, 0x00, 0x00, 0x1E, 0x00, 0x7F, 0x00,
    0x72, 0x00, 0xE0, 0x00, 0xC0, 0x60, 0xE0, 0x60, 0xF8, 0xE0, 0x7E, 0xE0, 0x0E, 0xE0, 0x0E, 0xE0,
    0x1E, 0x78, 0x7C, 0x3F, 0xF8, 0x1F, 0xE0, 0x60, 0x00, 0x30, 0x1C, 0x38, 0x0F, 0xDC, 0x03, 0xFE,
    0x00, 0x67, 0x00, 0x71, 0xE0, 0xF0, 0x7F, 0xF0, 0x1F, 0xE0, 0x00, 0x00, 0x1E, 0x00, 0x7F, 0x00,
    0x72, 0x00, 0xE0, 0x00, 0xC0, 0x60, 0xE0, 0x60, 0xF8, 0xE0, 0x7E, 0xE0, 0x0E, 0xE0, 0x0E, 0xE0,
    0x1E, 0x78, 0x7C, 0x3F, 0xF8, 0x1F, 0xE0, 0x00, 0x00, 0x00, 0x00, 0x06, 0xC0, 0x06, 0xC0, 0x60,
    0x00, 0x30, 0x1C, 0x38, 0x0F, 0xDC, 0x03, 0xFE, 0x00, 0x67, 0x00, 0x71, 0xE0, 0xF0, 0x7F, 0xF0,
    0x1F, 0xE0, 0x00, 0x00, 0x00, 0x00, 0x01, 0xF8, 0x00, 0xFC, 0x00, 0x08, 0x71, 0xC3, 0x0C, 0x30,
    0xDF, 0x78, 0x00, 0x1B, 0x6C, 0x1C, 0x0C, 0x06, 0x07, 0x0F, 0xFF, 0xFC, 0x00, 0x00, 0x7E, 0x3E,
    0x00, 0x72, 0x07, 0xF9, 0x83, 0x8C, 0x00, 0x61, 0x83, 0x0F, 0x18, 0x3C, 0xC0, 0xFE, 0x01, 0xF0,
    0x07, 0x00, 0x3C, 0x03, 0xF0, 0x39, 0x83, 0x8C, 0x3F, 0xE1, 0xFE, 0x38, 0x00, 0x7F, 0x30, 0x06,
    0x30, 0x00, 0x30, 0x18, 0x30, 0x1C, 0x30, 0x1E, 0x30, 0x0F, 0x30, 0x07, 0x30, 0x03, 0xB0, 0x01,
    0xF0, 0x00, 0xF0, 0x00, 0x70, 0x00, 0xF8, 0x1F, 0xFF, 0x1F, 0x9F, 0x00, 0x00, 0x70, 0x07, 0x00,
    0x60, 0x07, 0x86, 0x70, 0x60, 0x06, 0x30, 0x63, 0xC6, 0x1E, 0x60, 0xFE, 0x03, 0xE0, 0x1C, 0x01,
    0xE0, 0x3F, 0x07, 0x30, 0xE3, 0x1F, 0xF1, 0xFE, 0x70, 0x03, 0x80, 0x0C, 0x00, 0x3E, 0x30, 0xF0,
    0xC0, 0x03, 0x06, 0x0C, 0x1C, 0x30, 0x78, 0xC0, 0xF3, 0x01, 0xCC, 0x03, 0xB0, 0x07, 0xC0, 0x0F,
    0x00, 0x1C, 0x00, 0xF8, 0x7F, 0xFD, 0xF9, 0xF0, 0x00, 0x00, 0x00, 0xC0, 0x18, 0x03, 0x30, 0x67,
    0x8C, 0x79, 0x87, 0xF0, 0x3E, 0x03, 0x80, 0x78, 0x1F, 0x87, 0x31, 0xC6, 0x7F, 0xCF, 0xF0, 0x00,
    0x38, 0x0F, 0x01, 0x80, 0x1E, 0x07, 0x80, 0x00, 0xC0, 0x03, 0x00, 0x0C, 0x18, 0x30, 0x70, 0xC1,
    0xE3, 0x03, 0xCC, 0x07, 0x30, 0x0E, 0xC0, 0x1F, 0x00, 0x3C, 0x00, 0x70, 0x03, 0xE1, 0xFF, 0xF7,
    0xE7, 0xC0, 0x00, 0x1C, 0x00, 0x70, 0x01, 0x80, 0x07, 0x80, 0x1C, 0x00, 0x00, 0xC0, 0x18, 0x03,
    0x30, 0x67, 0x8C, 0x79, 0x87, 0xF0, 0x3E, 0x03, 0x80, 0x78, 0x1F, 0x87, 0x31, 0xC6, 0x7F, 0xCF,
    0xF0, 0x00, 0xC0, 0x03, 0x00, 0x0C, 0x18, 0x30, 0x70, 0xC1, 0xE3, 0x03, 0xCC, 0x07, 0x30, 0x0E,
    0xC0, 0x1F, 0x00, 0x3C, 0x00, 0x70, 0x03, 0xE1, 0xFF, 0xF7, 0xE7, 0xC0, 0x00,
};

static const EpdGlyph nunito_10_regularGlyphs[] = {
    { 0, 0, 0, 0, 0, 0, 0 }, // U+0000
    { 0, 0, 86, 0, 0, 0, 0 }, // U+000D
    { 0, 0, 86, 0, 0, 0, 0 }, // U+0020
    { 3, 16, 76, 1, 15, 6, 0 }, // !
    { 6, 7, 131, 1, 15, 6, 6 }, // "
    { 12, 16, 200, 0, 15, 24, 12 }, // #
    { 11, 21, 200, 1, 18, 29, 36 }, // $
    { 18, 17, 310, 1, 16, 39, 65 }, // %
    { 13, 16, 231, 1, 15, 26, 104 }, // &
    { 3, 7, 74, 1, 15, 3, 130 }, // '
    { 4, 19, 106, 2, 15, 10, 133 }, // (
    { 5, 19, 106, 0, 15, 12, 143 }, // )
    { 9, 8, 150, 0, 15, 9, 155 }, // *
    { 11, 12, 200, 1, 12, 17, 164 }, // +
    { 3, 6, 76, 1, 3, 3, 181 }, // ,
    { 7, 3, 141, 1, 7, 3, 184 }, // -
    { 3, 4, 76, 1, 3, 2, 187 }, // .
    { 8, 18, 94, -1, 16, 18, 189 }, // /
    { 11, 16, 200, 1, 15, 22, 207 }, // 0
    { 9, 15, 200, 2, 15, 17, 229 }, // 1
    { 11, 15, 200, 1, 15, 21, 246 }, // 2
    { 11, 16, 200, 1, 15, 22, 267 }, // 3
    { 12, 16, 200, 0, 15, 24, 289 }, // 4
    { 11, 16, 200, 1, 15, 22, 313 }, // 5
    { 11, 16, 200, 1, 15, 22, 335 }, // 6
    { 11, 16, 200, 1, 15, 22, 357 }, // 7
    { 11, 16, 200, 1, 15, 22, 379 }, // 8
    { 11, 16, 200, 1, 15, 22, 401 }, // 9
    { 3, 12, 76, 1, 11, 5, 423 }, // :
    { 3, 14, 76, 1, 11, 6, 428 }, // ;
    { 11, 12, 200, 1, 12, 17, 434 }, // <
    { 11, 6, 200, 1, 9, 9, 451 }, // =
    { 12, 12, 200, 0, 12, 18, 460 }, // >
    { 9, 16, 148, 0, 15, 18, 478 }, // ?
    { 18, 19, 315, 1, 15, 43, 496 }, // @
    { 15, 16, 243, 0, 15, 30, 539 }, // A
    { 12, 15, 225, 1, 15, 23, 569 }, // B
    { 13, 16, 224, 1, 15, 26, 592 }, // C
    { 14, 15, 247, 1, 15, 27, 618 }, // D
    { 11, 15, 194, 1, 15, 21, 645 }, // E
    { 11, 16, 183, 1, 15, 22, 666 }, // F
    { 13, 16, 242, 1, 15, 26, 688 }, // G
    { 14, 16, 254, 1, 15, 28, 714 }, // H
    { 3, 16, 86, 1, 15, 6, 742 }, // I
    { 6, 16, 108, -1, 15, 12, 748 }, // J
    { 12, 16, 208, 1, 15, 24, 760 }, // K
    { 11, 15, 181, 1, 15, 21, 784 }, // L
    { 15, 16, 285, 1, 15, 30, 805 }, // M
    { 13, 16, 247, 1, 15, 26, 835 }, // N
    { 14, 16, 256, 1, 15, 28, 861 }, // O
    { 12, 16, 211, 1, 15, 24, 889 }, // P
    { 14, 20, 256, 1, 15, 35, 913 }, // Q
    { 12, 16, 223, 1, 15, 24, 948 }, // R
    { 11, 16, 205, 1, 15, 22, 972 }, // S
    { 14, 16, 201, -1, 15, 28, 994 }, // T
    { 13, 16, 243, 1, 15, 26, 1022 }, // U
    { 15, 16, 230, 0, 15, 30, 1048 }, // V
    { 23, 16, 367, 0, 15, 46, 1078 }, // W
    { 13, 16, 217, 0, 15, 26, 1124 }, // X
    { 13, 16, 199, 0, 15, 26, 1150 }, // Y
    { 12, 15, 196, 0, 15, 23, 1176 }, // Z
    { 5, 19, 105, 2, 15, 12, 1199 }, // [
    { 8, 18, 94, -1, 16, 18, 1211 }, // <backslash>
    { 5, 19, 105, 0, 15, 12, 1229 }, // ]
    { 11, 12, 200, 1, 14, 17, 1241 }, // ^
    { 11, 2, 167, 0, 0, 3, 1258 }, // _
    { 4, 5, 119, 2, 16, 3, 1261 }, // `
    { 9, 12, 177, 1, 11, 14, 1264 }, // a
    { 11, 16, 194, 1, 15, 22, 1278 }, // b
    { 10, 12, 154, 0, 11, 15, 1300 }, // c
    { 11, 16, 194, 0, 15, 22, 1315 }, // d
    { 11, 12, 177, 0, 11, 17, 1337 }, // e
    { 8, 16, 111, 0, 15, 16, 1354 }, // f
    { 11, 15, 195, 0, 11, 21, 1370 }, // g
    { 10, 16, 189, 1, 15, 20, 1391 }, // h
    { 3, 16, 77, 1, 15, 6, 1411 }, // i
    { 6, 19, 79, -2, 15, 15, 1417 }, // j
    { 9, 16, 167, 1, 15, 18, 1432 }, // k
    { 6, 16, 99, 1, 15, 12, 1450 }, // l
    { 16, 12, 285, 1, 11, 24, 1462 }, // m
    { 10, 12, 189, 1, 11, 15, 1486 }, // n
    { 11, 12, 185, 0, 11, 17, 1501 }, // o
    { 11, 15, 194, 1, 11, 21, 1518 }, // p
    { 11, 15, 194, 0, 11, 21, 1539 }, // q
    { 7, 12, 119, 1, 11, 11, 1560 }, // r
    { 10, 12, 160, 0, 11, 15, 1571 }, // s
    { 9, 15, 117, -1, 14, 17, 1586 }, // t
    { 10, 12, 187, 1, 11, 15, 1603 }, // u
    { 11, 12, 172, 0, 11, 17, 1618 }, // v
    { 17, 12, 280, 0, 11, 26, 1635 }, // w
    { 11, 12, 175, 0, 11, 17, 1661 }, // x
    { 11, 15, 171, 0, 11, 21, 1678 }, // y
    { 9, 11, 154, 1, 11, 13, 1699 }, // z
    { 8, 19, 117, 0, 15, 19, 1712 }, // {
    { 3, 19, 88, 1, 15, 8, 1731 }, // |
    { 7, 19, 117, 0, 15, 17, 1739 }, // }
    { 11, 4, 200, 1, 8, 6, 1756 }, // ~
    { 0, 0, 86, 0, 0, 0, 1762 }, // U+00A0
    { 3, 15, 76, 1, 11, 6, 1762 }, // U+00A1
    { 10, 16, 200, 1, 13, 20, 1768 }, // U+00A2
    { 12, 15, 200, 0, 15, 23, 1788 }, // U+00A3
    { 12, 12, 200, 0, 11, 18, 1811 }, // U+00A4
    { 13, 16, 200, 0, 15, 26, 1829 }, // U+00A5
    { 3, 19, 88, 1, 15, 8, 1855 }, // U+00A6
    { 11, 19, 182, 0, 15, 27, 1863 }, // U+00A7
    { 6, 3, 156, 2, 15, 3, 1890 }, // U+00A8
    { 17, 16, 272, 0, 15, 34, 1893 }, // U+00A9
    { 7, 7, 109, 0, 15, 7, 1927 }, // U+00AA
    { 8, 9, 147, 1, 10, 9, 1934 }, // U+00AB
    { 11, 7, 200, 1, 9, 10, 1943 }, // U+00AC
    { 7, 3, 141, 1, 7, 3, 1953 }, // U+00AD
    { 17, 16, 272, 0, 15, 34, 1956 }, // U+00AE
    { 7, 2, 167, 2, 15, 2, 1990 }, // U+00AF
    { 7, 7, 124, 0, 15, 7, 1992 }, // U+00B0
    { 11, 12, 200, 1, 12, 17, 1999 }, // U+00B1
    { 8, 9, 127, 0, 15, 9, 2016 }, // U+00B2
    { 7, 10, 127, 0, 15, 9, 2025 }, // U+00B3
    { 4, 5, 119, 2, 16, 3, 2034 }, // U+00B4
    { 10, 15, 200, 1, 11, 19, 2037 }, // U+00B5
    { 11, 19, 196, 0, 15, 27, 2056 }, // U+00B6
    { 3, 3, 76, 1, 7, 2, 2083 }, // U+00B7
    { 5, 5, 134, 2, 1, 4, 2085 }, // U+00B8
    { 6, 9, 127, 1, 15, 7, 2089 }, // U+00B9
    { 7, 7, 113, 0, 15, 7, 2096 }, // U+00BA
    { 8, 9, 147, 1, 10, 9, 2103 }, // U+00BB
    { 18, 17, 298, 1, 16, 39, 2112 }, // U+00BC
    { 18, 17, 312, 1, 16, 39, 2151 }, // U+00BD
    { 19, 17, 298, 0, 16, 41, 2190 }, // U+00BE
    { 10, 15, 148, 0, 11, 19, 2231 }, // U+00BF
    { 15, 21, 243, 0, 20, 40, 2250 }, // U+00C0
    { 15, 21, 243, 0, 20, 40, 2290 }, // U+00C1
    { 15, 21, 243, 0, 20, 40, 2330 }, // U+00C2
    { 15, 21, 243, 0, 20, 40, 2370 }, // U+00C3
    { 15, 20, 243, 0, 19, 38, 2410 }, // U+00C4
    { 15, 22, 243, 0, 21, 42, 2448 }, // U+00C5
    { 20, 16, 327, 0, 15, 40, 2490 }, // U+00C6
    { 13, 19, 224, 1, 15, 31, 2530 }, // U+00C7
    { 11, 20, 194, 1, 20, 28, 2561 }, // U+00C8
    { 11, 20, 194, 1, 20, 28, 2589 }, // U+00C9
    { 11, 20, 194, 1, 20, 28, 2617 }, // U+00CA
    { 11, 19, 194, 1, 19, 27, 2645 }, // U+00CB
    { 5, 21, 86, -1, 20, 14, 2672 }, // U+00CC
    { 5, 21, 86, 1, 20, 14, 2686 }, // U+00CD
    { 7, 21, 86, -1, 20, 19, 2700 }, // U+00CE
    { 7, 20, 86, -1, 19, 18, 2719 }, // U+00CF
    { 16, 15, 247, -1, 15, 30, 2737 }, // U+00D0
    { 13, 21, 247, 1, 20, 35, 2767 }, // U+00D1
    { 14, 21, 256, 1, 20, 37, 2802 }, // U+00D2
    { 14, 21, 256, 1, 20, 37, 2839 }, // U+00D3
    { 14, 21, 256, 1, 20, 37, 2876 }, // U+00D4
    { 14, 21, 256, 1, 20, 37, 2913 }, // U+00D5
    { 14, 20, 256, 1, 19, 35, 2950 }, // U+00D6
    { 11, 10, 200, 1, 11, 14, 2985 }, // U+00D7
    { 14, 17, 256, 1, 16, 30, 2999 }, // U+00D8
    { 13, 21, 243, 1, 20, 35, 3029 }, // U+00D9
    { 13, 21, 243, 1, 20, 35, 3064 }, // U+00DA
    { 13, 21, 243, 1, 20, 35, 3099 }, // U+00DB
    { 13, 20, 243, 1, 19, 33, 3134 }, // U+00DC
    { 13, 21, 199, 0, 20, 35, 3167 }, // U+00DD
    { 12, 16, 211, 1, 15, 24, 3202 }, // U+00DE
    { 12, 16, 205, 1, 15, 24, 3226 }, // U+00DF
    { 9, 17, 177, 1, 16, 20, 3250 }, // U+00E0
    { 9, 17, 177, 1, 16, 20, 3270 }, // U+00E1
    { 9, 17, 177, 1, 16, 20, 3290 }, // U+00E2
    { 9, 17, 177, 1, 16, 20, 3310 }, // U+00E3
    { 9, 16, 177, 1, 15, 18, 3330 }, // U+00E4
    { 9, 18, 177, 1, 17, 21, 3348 }, // U+00E5
    { 17, 12, 287, 1, 11, 26, 3369 }, // U+00E6
    { 10, 15, 154, 0, 11, 19, 3395 }, // U+00E7
    { 11, 17, 177, 0, 16, 24, 3414 }, // U+00E8
    { 11, 17, 177, 0, 16, 24, 3438 }, // U+00E9
    { 11, 17, 177, 0, 16, 24, 3462 }, // U+00EA
    { 11, 16, 177, 0, 15, 22, 3486 }, // U+00EB
    { 5, 17, 77, -1, 16, 11, 3508 }, // U+00EC
    { 5, 17, 77, 1, 16, 11, 3519 }, // U+00ED
    { 7, 17, 77, -1, 16, 15, 3530 }, // U+00EE
    { 7, 16, 77, -1, 15, 14, 3545 }, // U+00EF
    { 11, 16, 187, 0, 15, 22, 3559 }, // U+00F0
    { 10, 17, 189, 1, 16, 22, 3581 }, // U+00F1
    { 11, 17, 185, 0, 16, 24, 3603 }, // U+00F2
    { 11, 17, 185, 0, 16, 24, 3627 }, // U+00F3
    { 11, 17, 185, 0, 16, 24, 3651 }, // U+00F4
    { 11, 17, 185, 0, 16, 24, 3675 }, // U+00F5
    { 11, 16, 185, 0, 15, 22, 3699 }, // U+00F6
    { 11, 12, 200, 1, 12, 17, 3721 }, // U+00F7
    { 11, 13, 185, 0, 12, 18, 3738 }, // U+00F8
    { 10, 17, 187, 1, 16, 22, 3756 }, // U+00F9
    { 10, 17, 187, 1, 16, 22, 3778 }, // U+00FA
    { 10, 17, 187, 1, 16, 22, 3800 }, // U+00FB
    { 10, 16, 187, 1, 15, 20, 3822 }, // U+00FC
    { 11, 20, 171, 0, 16, 28, 3842 }, // U+00FD
    { 11, 19, 194, 1, 15, 27, 3870 }, // U+00FE
    { 11, 19, 171, 0, 15, 27, 3897 }, // U+00FF
    { 15, 20, 243, 0, 19, 38, 3924 }, // U+0100
    { 9, 16, 177, 1, 15, 18, 3962 }, // U+0101
    { 15, 21, 243, 0, 20, 40, 3980 }, // U+0102
    { 9, 17, 177, 1, 16, 20, 4020 }, // U+0103
    { 16, 19, 243, 0, 15, 38, 4040 }, // U+0104
    { 10, 15, 177, 1, 11, 19, 4078 }, // U+0105
    { 13, 21, 224, 1, 20, 35, 4097 }, // U+0106
    { 10, 17, 154, 0, 16, 22, 4132 }, // U+0107
    { 13, 21, 224, 1, 20, 35, 4154 }, // U+0108
    { 10, 17, 154, 0, 16, 22, 4189 }, // U+0109
    { 13, 20, 224, 1, 19, 33, 4211 }, // U+010A
    { 10, 16, 154, 0, 15, 20, 4244 }, // U+010B
    { 13, 21, 224, 1, 20, 35, 4264 }, // U+010C
    { 10, 17, 154, 0, 16, 22, 4299 }, // U+010D
    { 14, 20, 247, 1, 20, 35, 4321 }, // U+010E
    { 13, 16, 194, 0, 15, 26, 4356 }, // U+010F
    { 16, 15, 247, -1, 15, 30, 4382 }, // U+0110
    { 13, 16, 194, 0, 15, 26, 4412 }, // U+0111
    { 11, 19, 194, 1, 19, 27, 4438 }, // U+0112
    { 11, 16, 177, 0, 15, 22, 4465 }, // U+0113
    { 11, 20, 194, 1, 20, 28, 4487 }, // U+0114
    { 11, 17, 177, 0, 16, 24, 4515 }, // U+0115
    { 11, 19, 194, 1, 19, 27, 4539 }, // U+0116
    { 11, 16, 177, 0, 15, 22, 4566 }, // U+0117
    { 11, 19, 194, 1, 15, 27, 4588 }, // U+0118
    { 11, 15, 177, 0, 11, 21, 4615 }, // U+0119
    { 11, 20, 194, 1, 20, 28, 4636 }, // U+011A
    { 11, 17, 177, 0, 16, 24, 4664 }, // U+011B
    { 13, 21, 242, 1, 20, 35, 4688 }, // U+011C
    { 11, 20, 195, 0, 16, 28, 4723 }, // U+011D
    { 13, 21, 242, 1, 20, 35, 4751 }, // U+011E
    { 11, 20, 195, 0, 16, 28, 4786 }, // U+011F
    { 13, 20, 242, 1, 19, 33, 4814 }, // U+0120
    { 11, 19, 195, 0, 15, 27, 4847 }, // U+0121
    { 13, 21, 242, 1, 15, 35, 4874 }, // U+0122
    { 11, 20, 195, 0, 16, 28, 4909 }, // U+0123
    { 14, 21, 254, 1, 20, 37, 4937 }, // U+0124
    { 10, 21, 189, 1, 20, 27, 4974 }, // U+0125
    { 17, 16, 266, 0, 15, 34, 5001 }, // U+0126
    { 12, 16, 189, -1, 15, 24, 5035 }, // U+0127
    { 10, 21, 86, -2, 20, 27, 5059 }, // U+0128
    { 9, 17, 77, -2, 16, 20, 5086 }, // U+0129
    { 8, 20, 86, -1, 19, 20, 5106 }, // U+012A
    { 7, 16, 77, -1, 15, 14, 5126 }, // U+012B
    { 8, 21, 86, -1, 20, 21, 5140 }, // U+012C
    { 7, 17, 77, -1, 16, 15, 5161 }, // U+012D
    { 5, 19, 86, 0, 15, 12, 5176 }, // U+012E
    { 5, 19, 77, 0, 15, 12, 5188 }, // U+012F
    { 3, 20, 86, 1, 19, 8, 5200 }, // U+0130
    { 3, 12, 77, 1, 11, 5, 5208 }, // U+0131
    { 10, 16, 193, 1, 15, 20, 5213 }, // U+0132
    { 9, 21, 108, -1, 20, 24, 5233 }, // U+0134
    { 8, 20, 79, -2, 16, 20, 5257 }, // U+0135
    { 12, 21, 208, 1, 15, 32, 5277 }, // U+0136
    { 9, 21, 167, 1, 15, 24, 5309 }, // U+0137
    { 9, 12, 167, 1, 11, 14, 5333 }, // U+0138
    { 11, 20, 181, 1, 20, 28, 5347 }, // U+0139
    { 6, 21, 99, 1, 20, 16, 5375 }, // U+013A
    { 11, 21, 181, 1, 15, 29, 5391 }, // U+013B
    { 6, 21, 99, 1, 15, 16, 5420 }, // U+013C
    { 11, 15, 181, 1, 15, 21, 5436 }, // U+013D
    { 6, 16, 99, 1, 15, 12, 5457 }, // U+013E
    { 11, 15, 181, 1, 15, 21, 5469 }, // U+013F
    { 6, 16, 109, 1, 15, 12, 5490 }, // U+0140
    { 13, 15, 181, -1, 15, 25, 5502 }, // U+0141
    { 8, 16, 99, -1, 15, 16, 5527 }, // U+0142
    { 13, 21, 247, 1, 20, 35, 5543 }, // U+0143
    { 10, 17, 189, 1, 16, 22, 5578 }, // U+0144
    { 13, 21, 247, 1, 15, 35, 5600 }, // U+0145
    { 10, 17, 189, 1, 11, 22, 5635 }, // U+0146
    { 13, 21, 247, 1, 20, 35, 5657 }, // U+0147
    { 10, 17, 189, 1, 16, 22, 5692 }, // U+0148
    { 12, 17, 189, -1, 16, 26, 5714 }, // U+0149
    { 13, 19, 247, 1, 15, 31, 5740 }, // U+014A
    { 10, 15, 189, 1, 11, 19, 5771 }, // U+014B
    { 14, 20, 256, 1, 19, 35, 5790 }, // U+014C
    { 11, 16, 185, 0, 15, 22, 5825 }, // U+014D
    { 14, 21, 256, 1, 20, 37, 5847 }, // U+014E
    { 11, 17, 185, 0, 16, 24, 5884 }, // U+014F
    { 14, 21, 256, 1, 20, 37, 5908 }, // U+0150
    { 11, 17, 185, 0, 16, 24, 5945 }, // U+0151
    { 20, 15, 349, 1, 15, 38, 5969 }, // U+0152
    { 19, 12, 303, 0, 11, 29, 6007 }, // U+0153
    { 12, 21, 223, 1, 20, 32, 6036 }, // U+0154
    { 7, 17, 119, 1, 16, 15, 6068 }, // U+0155
    { 12, 21, 223, 1, 15, 32, 6083 }, // U+0156
    { 7, 17, 119, 1, 11, 15, 6115 }, // U+0157
    { 12, 21, 223, 1, 20, 32, 6130 }, // U+0158
    { 7, 17, 119, 1, 16, 15, 6162 }, // U+0159
    { 11, 21, 205, 1, 20, 29, 6177 }, // U+015A
    { 10, 17, 160, 0, 16, 22, 6206 }, // U+015B
    { 11, 21, 205, 1, 20, 29, 6228 }, // U+015C
    { 10, 17, 160, 0, 16, 22, 6257 }, // U+015D
    { 11, 19, 205, 1, 15, 27, 6279 }, // U+015E
    { 10, 15, 160, 0, 11, 19, 6306 }, // U+015F
    { 11, 21, 205, 1, 20, 29, 6325 }, // U+0160
    { 10, 17, 160, 0, 16, 22, 6354 }, // U+0161
    { 14, 19, 201, -1, 15, 34, 6376 }, // U+0162
    { 9, 18, 117, -1, 14, 21, 6410 }, // U+0163
    { 14, 21, 201, -1, 20, 37, 6431 }, // U+0164
    { 9, 16, 117, -1, 15, 18, 6468 }, // U+0165
    { 14, 16, 201, -1, 15, 28, 6486 }, // U+0166
    { 9, 15, 117, -1, 14, 17, 6514 }, // U+0167
    { 13, 21, 243, 1, 20, 35, 6531 }, // U+0168
    { 10, 17, 187, 1, 16, 22, 6566 }, // U+0169
    { 13, 20, 243, 1, 19, 33, 6588 }, // U+016A
    { 10, 16, 187, 1, 15, 20, 6621 }, // U+016B
    { 13, 21, 243, 1, 20, 35, 6641 }, // U+016C
    { 10, 17, 187, 1, 16, 22, 6676 }, // U+016D
    { 13, 22, 243, 1, 21, 36, 6698 }, // U+016E
    { 10, 18, 187, 1, 17, 23, 6734 }, // U+016F
    { 13, 21, 243, 1, 20, 35, 6757 }, // U+0170
    { 10, 17, 187, 1, 16, 22, 6792 }, // U+0171
    { 13, 19, 243, 1, 15, 31, 6814 }, // U+0172
    { 10, 15, 187, 1, 11, 19, 6845 }, // U+0173
    { 23, 21, 367, 0, 20, 61, 6864 }, // U+0174
    { 17, 17, 280, 0, 16, 37, 6925 }, // U+0175
    { 13, 21, 199, 0, 20, 35, 6962 }, // U+0176
    { 11, 20, 171, 0, 16, 28, 6997 }, // U+0177
    { 13, 20, 199, 0, 19, 33, 7025 }, // U+0178
    { 12, 20, 196, 0, 20, 30, 7058 }, // U+0179
    { 9, 16, 154, 1, 16, 18, 7088 }, // U+017A
    { 12, 19, 196, 0, 19, 29, 7106 }, // U+017B
    { 9, 15, 154, 1, 15, 17, 7135 }, // U+017C
    { 12, 20, 196, 0, 20, 30, 7152 }, // U+017D
    { 9, 16, 154, 1, 16, 18, 7182 }, // U+017E
    { 14, 19, 256, 1, 18, 34, 7200 }, // U+01A0
    { 11, 14, 185, 0, 13, 20, 7234 }, // U+01A1
    { 15, 19, 243, 1, 18, 36, 7254 }, // U+01AF
    { 12, 14, 187, 1, 13, 21, 7290 }, // U+01B0
    { 27, 20, 439, 1, 20, 68, 7311 }, // U+01C4
    { 24, 16, 402, 1, 16, 48, 7379 }, // U+01C5
    { 22, 17, 349, 0, 16, 47, 7427 }, // U+01C6
    { 17, 16, 302, 1, 15, 34, 7474 }, // U+01C7
    { 14, 19, 260, 1, 15, 34, 7508 }, // U+01C8
    { 9, 19, 177, 1, 15, 22, 7542 }, // U+01C9
    { 20, 16, 354, 1, 15, 40, 7564 }, // U+01CA
    { 19, 19, 325, 1, 15, 46, 7604 }, // U+01CB
    { 15, 19, 268, 1, 15, 36, 7650 }, // U+01CC
    { 15, 21, 243, 0, 20, 40, 7686 }, // U+01CD
    { 9, 17, 177, 1, 16, 20, 7726 }, // U+01CE
    { 10, 17, 187, 1, 16, 22, 7746 }, // U+01D4
    { 13, 15, 195, 0, 11, 25, 7768 }, // U+01E5
    { 13, 21, 242, 1, 20, 35, 7793 }, // U+01E6
    { 11, 20, 195, 0, 16, 28, 7828 }, // U+01E7
    { 9, 21, 167, 1, 20, 24, 7856 }, // U+01E9
    { 14, 19, 256, 1, 15, 34, 7880 }, // U+01EA
    { 11, 15, 185, 0, 11, 21, 7914 }, // U+01EB
    { 10, 20, 165, 0, 16, 25, 7935 }, // U+01EF
    { 15, 23, 243, 0, 22, 44, 7960 }, // U+01FA
    { 9, 19, 177, 1, 18, 22, 8004 }, // U+01FB
    { 20, 21, 327, 0, 20, 53, 8026 }, // U+01FC
    { 17, 17, 287, 1, 16, 37, 8079 }, // U+01FD
    { 14, 21, 256, 1, 20, 37, 8116 }, // U+01FE
    { 11, 17, 185, 0, 16, 24, 8153 }, // U+01FF
    { 15, 21, 243, 0, 20, 40, 8177 }, // U+0200
    { 9, 17, 177, 1, 16, 20, 8217 }, // U+0201
    { 15, 21, 243, 0, 20, 40, 8237 }, // U+0202
    { 9, 17, 177, 1, 16, 20, 8277 }, // U+0203
    { 11, 20, 194, 1, 20, 28, 8297 }, // U+0204
    { 11, 17, 177, 0, 16, 24, 8325 }, // U+0205
    { 11, 20, 194, 1, 20, 28, 8349 }, // U+0206
    { 11, 17, 177, 0, 16, 24, 8377 }, // U+0207
    { 7, 21, 86, -2, 20, 19, 8401 }, // U+0208
    { 6, 17, 77, -1, 16, 13, 8420 }, // U+0209
    { 8, 21, 86, -1, 20, 21, 8433 }, // U+020A
    { 7, 17, 77, -1, 16, 15, 8454 }, // U+020B
    { 14, 21, 256, 1, 20, 37, 8469 }, // U+020C
    { 11, 17, 185, 0, 16, 24, 8506 }, // U+020D
    { 14, 21, 256, 1, 20, 37, 8530 }, // U+020E
    { 11, 17, 185, 0, 16, 24, 8567 }, // U+020F
    { 12, 21, 223, 1, 20, 32, 8591 }, // U+0210
    { 7, 17, 119, 1, 16, 15, 8623 }, // U+0211
    { 12, 21, 223, 1, 20, 32, 8638 }, // U+0212
    { 7, 17, 119, 1, 16, 15, 8670 }, // U+0213
    { 13, 21, 243, 1, 20, 35, 8685 }, // U+0214
    { 10, 17, 187, 1, 16, 22, 8720 }, // U+0215
    { 13, 21, 243, 1, 20, 35, 8742 }, // U+0216
    { 10, 17, 187, 1, 16, 22, 8777 }, // U+0217
    { 11, 21, 205, 1, 15, 29, 8799 }, // U+0218
    { 10, 17, 160, 0, 11, 22, 8828 }, // U+0219
    { 14, 21, 201, -1, 15, 37, 8850 }, // U+021A
    { 9, 20, 117, -1, 14, 23, 8887 }, // U+021B
    { 10, 21, 189, 1, 20, 27, 8910 }, // U+021F
    { 4, 5, 0, -3, 16, 3, 8937 }, // U+0300
    { 4, 5, 0, -1, 16, 3, 8940 }, // U+0301
    { 6, 5, 0, -3, 16, 4, 8943 }, // U+0302
    { 8, 4, 0, -4, 16, 4, 8947 }, // U+0303
    { 8, 2, 0, -4, 15, 2, 8951 }, // U+0304
    { 8, 5, 0, -4, 16, 5, 8953 }, // U+0306
    { 4, 3, 0, -2, 15, 2, 8958 }, // U+0307
    { 6, 3, 0, -3, 15, 3, 8960 }, // U+0308
    { 5, 5, 0, -2, 16, 4, 8963 }, // U+0309
    { 6, 6, 0, -3, 17, 5, 8967 }, // U+030A
    { 6, 5, 0, -2, 16, 4, 8972 }, // U+030B
    { 6, 5, 0, -3, 16, 4, 8976 }, // U+030C
    { 6, 5, 0, -4, 16, 4, 8980 }, // U+030F
    { 8, 5, 0, -4, 16, 5, 8984 }, // U+0311
    { 4, 5, 0, -2, 16, 3, 8989 }, // U+0312
    { 5, 4, 0, -1, 13, 3, 8992 }, // U+031B
    { 4, 2, 0, -2, -2, 1, 8995 }, // U+0323
    { 6, 3, 0, -3, -1, 3, 8996 }, // U+0324
    { 4, 5, 0, -2, -1, 3, 8999 }, // U+0326
    { 5, 5, 0, -2, 1, 4, 9002 }, // U+0327
    { 5, 5, 0, -3, 1, 4, 9006 }, // U+0328
    { 8, 4, 0, -4, -1, 4, 9010 }, // U+032E
    { 8, 2, 0, -4, -2, 2, 9014 }, // U+0331
    { 8, 3, 0, -4, 13, 3, 9016 }, // U+0335
    { 8, 5, 0, -4, 10, 5, 9019 }, // U+0337
    { 8, 13, 0, -4, 12, 13, 9024 }, // U+0338
    { 0, 0, 0, 0, 0, 0, 9037 }, // U+034F
    { 11, 20, 194, 1, 20, 28, 9037 }, // U+0400
    { 11, 19, 194, 1, 19, 27, 9065 }, // U+0401
    { 18, 19, 281, -1, 15, 43, 9092 }, // U+0402
    { 11, 21, 181, 1, 20, 29, 9135 }, // U+0403
    { 13, 16, 224, 1, 15, 26, 9164 }, // U+0404
    { 11, 16, 205, 1, 15, 22, 9190 }, // U+0405
    { 3, 16, 86, 1, 15, 6, 9212 }, // U+0406
    { 7, 20, 86, -1, 19, 18, 9218 }, // U+0407
    { 6, 16, 108, -1, 15, 12, 9236 }, // U+0408
    { 23, 16, 376, 0, 15, 46, 9248 }, // U+0409
    { 23, 16, 388, 1, 15, 46, 9294 }, // U+040A
    { 18, 16, 283, -1, 15, 36, 9340 }, // U+040B
    { 12, 21, 214, 1, 20, 32, 9376 }, // U+040C
    { 13, 21, 247, 1, 20, 35, 9408 }, // U+040D
    { 14, 20, 215, 0, 19, 35, 9443 }, // U+040E
    { 13, 19, 252, 1, 15, 31, 9478 }, // U+040F
    { 15, 16, 243, 0, 15, 30, 9509 }, // U+0410
    { 12, 15, 220, 1, 15, 23, 9539 }, // U+0411
    { 12, 15, 225, 1, 15, 23, 9562 }, // U+0412
    { 11, 16, 181, 1, 15, 22, 9585 }, // U+0413
    { 16, 19, 259, 0, 15, 38, 9607 }, // U+0414
    { 11, 15, 194, 1, 15, 21, 9645 }, // U+0415
    { 20, 16, 323, 0, 15, 40, 9666 }, // U+0416
    { 13, 16, 213, 0, 15, 26, 9706 }, // U+0417
    { 13, 16, 247, 1, 15, 26, 9732 }, // U+0418
    { 13, 20, 247, 1, 19, 33, 9758 }, // U+0419
    { 12, 16, 214, 1, 15, 24, 9791 }, // U+041A
    { 14, 16, 247, 0, 15, 28, 9815 }, // U+041B
    { 15, 16, 285, 1, 15, 30, 9843 }, // U+041C
    { 14, 16, 254, 1, 15, 28, 9873 }, // U+041D
    { 14, 16, 256, 1, 15, 28, 9901 }, // U+041E
    { 13, 16, 252, 1, 15, 26, 9929 }, // U+041F
    { 12, 16, 211, 1, 15, 24, 9955 }, // U+0420
    { 13, 16, 224, 1, 15, 26, 9979 }, // U+0421
    { 14, 16, 201, -1, 15, 28, 10005 }, // U+0422
    { 14, 16, 215, 0, 15, 28, 10033 }, // U+0423
    { 16, 17, 282, 1, 16, 34, 10061 }, // U+0424
    { 13, 16, 217, 0, 15, 26, 10095 }, // U+0425
    { 16, 19, 264, 1, 15, 38, 10121 }, // U+0426
    { 12, 16, 225, 1, 15, 24, 10159 }, // U+0427
    { 20, 15, 351, 1, 15, 38, 10183 }, // U+0428
    { 22, 19, 363, 1, 15, 53, 10221 }, // U+0429
    { 17, 15, 264, -1, 15, 32, 10274 }, // U+042A
    { 15, 16, 285, 1, 15, 30, 10306 }, // U+042B
    { 12, 15, 220, 1, 15, 23, 10336 }, // U+042C
    { 13, 16, 224, 0, 15, 26, 10359 }, // U+042D
    { 19, 16, 338, 1, 15, 38, 10385 }, // U+042E
    { 12, 16, 223, 1, 15, 24, 10423 }, // U+042F
    { 9, 12, 180, 1, 11, 14, 10447 }, // U+0430
    { 10, 16, 189, 1, 15, 20, 10461 }, // U+0431
    { 10, 11, 182, 1, 11, 14, 10481 }, // U+0432
    { 8, 12, 145, 1, 11, 12, 10495 }, // U+0433
    { 12, 14, 197, 0, 11, 21, 10507 }, // U+0434
    { 10, 12, 181, 1, 11, 15, 10528 }, // U+0435
    { 16, 12, 262, 0, 11, 24, 10543 }, // U+0436
    { 10, 12, 166, 0, 11, 15, 10567 }, // U+0437
    { 10, 12, 195, 1, 11, 15, 10582 }, // U+0438
    { 10, 16, 195, 1, 15, 20, 10597 }, // U+0439
    { 10, 12, 175, 1, 11, 15, 10617 }, // U+043A
    { 11, 12, 191, 0, 11, 17, 10632 }, // U+043B
    { 12, 12, 220, 1, 11, 18, 10649 }, // U+043C
    { 10, 12, 196, 1, 11, 15, 10667 }, // U+043D
    { 10, 12, 189, 1, 11, 15, 10682 }, // U+043E
    { 10, 12, 195, 1, 11, 15, 10697 }, // U+043F
    { 11, 15, 198, 1, 11, 21, 10712 }, // U+0440
    { 9, 12, 158, 1, 11, 14, 10733 }, // U+0441
    { 11, 12, 148, -1, 11, 17, 10747 }, // U+0442
    { 11, 15, 175, 0, 11, 21, 10764 }, // U+0443
    { 15, 19, 265, 1, 15, 36, 10785 }, // U+0444
    { 10, 12, 178, 1, 11, 15, 10821 }, // U+0445
    { 11, 14, 199, 1, 11, 20, 10836 }, // U+0446
    { 9, 12, 184, 1, 11, 14, 10856 }, // U+0447
    { 14, 11, 266, 1, 11, 20, 10870 }, // U+0448
    { 16, 14, 275, 1, 11, 28, 10890 }, // U+0449
    { 13, 11, 205, -1, 11, 18, 10918 }, // U+044A
    { 13, 12, 243, 1, 11, 20, 10936 }, // U+044B
    { 10, 11, 179, 1, 11, 14, 10956 }, // U+044C
    { 10, 12, 163, 0, 11, 15, 10970 }, // U+044D
    { 14, 12, 256, 1, 11, 21, 10985 }, // U+044E
    { 9, 12, 180, 1, 11, 14, 11006 }, // U+044F
    { 10, 17, 181, 1, 16, 22, 11020 }, // U+0450
    { 10, 16, 181, 1, 15, 20, 11042 }, // U+0451
    { 12, 19, 193, -1, 15, 29, 11062 }, // U+0452
    { 8, 17, 145, 1, 16, 17, 11091 }, // U+0453
    { 9, 12, 164, 1, 11, 14, 11108 }, // U+0454
    { 9, 12, 164, 1, 11, 14, 11122 }, // U+0455
    { 3, 16, 81, 1, 15, 6, 11136 }, // U+0456
    { 7, 16, 81, -1, 15, 14, 11142 }, // U+0457
    { 6, 19, 82, -2, 15, 15, 11156 }, // U+0458
    { 18, 12, 290, 0, 11, 27, 11171 }, // U+0459
    { 17, 12, 294, 1, 11, 26, 11198 }, // U+045A
    { 12, 16, 193, -1, 15, 24, 11224 }, // U+045B
    { 10, 17, 175, 1, 16, 22, 11248 }, // U+045C
    { 10, 17, 195, 1, 16, 22, 11270 }, // U+045D
    { 11, 19, 175, 0, 15, 27, 11292 }, // U+045E
    { 10, 14, 195, 1, 11, 18, 11319 }, // U+045F
    { 16, 15, 241, -1, 15, 30, 11337 }, // U+0462
    { 13, 15, 205, -1, 15, 25, 11367 }, // U+0463
    { 20, 16, 318, 0, 15, 40, 11392 }, // U+046A
    { 16, 12, 262, 0, 11, 24, 11432 }, // U+046B
    { 14, 16, 256, 1, 15, 28, 11456 }, // U+0472
    { 10, 12, 189, 1, 11, 15, 11484 }, // U+0473
    { 17, 16, 248, 0, 15, 34, 11499 }, // U+0474
    { 12, 12, 183, 0, 11, 18, 11533 }, // U+0475
    { 15, 23, 252, 1, 19, 44, 11551 }, // U+048A
    { 12, 18, 203, 1, 15, 27, 11595 }, // U+048B
    { 15, 15, 238, -1, 15, 29, 11622 }, // U+048C
    { 13, 15, 205, -1, 15, 25, 11651 }, // U+048D
    { 12, 16, 211, 1, 15, 24, 11676 }, // U+048E
    { 11, 15, 197, 1, 11, 21, 11700 }, // U+048F
    { 10, 20, 181, 1, 19, 25, 11721 }, // U+0490
    { 8, 14, 145, 1, 13, 14, 11746 }, // U+0491
    { 12, 16, 193, 0, 15, 24, 11760 }, // U+0492
    { 11, 12, 152, -1, 11, 17, 11784 }, // U+0493
    { 12, 19, 223, 1, 15, 29, 11801 }, // U+0494
    { 10, 15, 184, 1, 11, 19, 11830 }, // U+0495
    { 22, 19, 325, 0, 15, 53, 11849 }, // U+0496
    { 17, 14, 276, 0, 11, 30, 11902 }, // U+0497
    { 13, 19, 213, 0, 15, 31, 11932 }, // U+0498
    { 10, 14, 166, 0, 11, 18, 11963 }, // U+0499
    { 14, 19, 216, 1, 15, 34, 11981 }, // U+049A
    { 11, 14, 188, 1, 11, 20, 12015 }, // U+049B
    { 13, 16, 224, 1, 15, 26, 12035 }, // U+049C
    { 11, 12, 186, 1, 11, 17, 12061 }, // U+049D
    { 15, 16, 226, -1, 15, 30, 12078 }, // U+049E
    { 12, 16, 176, -1, 15, 24, 12108 }, // U+049F
    { 17, 16, 257, -1, 15, 34, 12132 }, // U+04A0
    { 14, 12, 201, -1, 11, 21, 12166 }, // U+04A1
    { 16, 19, 267, 1, 15, 38, 12187 }, // U+04A2
    { 12, 14, 204, 1, 11, 21, 12225 }, // U+04A3
    { 19, 16, 312, 1, 15, 38, 12246 }, // U+04A4
    { 15, 12, 248, 1, 11, 23, 12284 }, // U+04A5
    { 17, 16, 270, 1, 15, 34, 12307 }, // U+04A8
    { 13, 12, 214, 1, 11, 20, 12341 }, // U+04A9
    { 13, 19, 224, 1, 15, 31, 12361 }, // U+04AA
    { 9, 14, 156, 1, 11, 16, 12392 }, // U+04AB
    { 14, 19, 194, -1, 15, 34, 12408 }, // U+04AC
    { 11, 14, 148, -1, 11, 20, 12442 }, // U+04AD
    { 13, 16, 199, 0, 15, 26, 12462 }, // U+04AE
    { 11, 15, 173, 0, 11, 21, 12488 }, // U+04AF
    { 13, 16, 199, 0, 15, 26, 12509 }, // U+04B0
    { 11, 15, 173, 0, 11, 21, 12535 }, // U+04B1
    { 14, 19, 219, 0, 15, 34, 12556 }, // U+04B2
    { 11, 14, 184, 1, 11, 20, 12590 }, // U+04B3
    { 20, 19, 307, -1, 15, 48, 12610 }, // U+04B4
    { 15, 14, 230, -1, 11, 27, 12658 }, // U+04B5
    { 14, 19, 238, 1, 15, 34, 12685 }, // U+04B6
    { 11, 14, 192, 1, 11, 20, 12719 }, // U+04B7
    { 12, 16, 225, 1, 15, 24, 12739 }, // U+04B8
    { 10, 12, 189, 1, 11, 15, 12763 }, // U+04B9
    { 12, 16, 225, 1, 15, 24, 12778 }, // U+04BA
    { 10, 16, 193, 1, 15, 20, 12802 }, // U+04BB
    { 18, 16, 308, 0, 15, 36, 12822 }, // U+04BC
    { 13, 12, 209, 0, 11, 20, 12858 }, // U+04BD
    { 18, 19, 308, 0, 15, 43, 12878 }, // U+04BE
    { 13, 15, 209, 0, 11, 25, 12921 }, // U+04BF
    { 3, 16, 86, 1, 15, 6, 12946 }, // U+04C0
    { 20, 20, 323, 0, 19, 50, 12952 }, // U+04C1
    { 16, 16, 262, 0, 15, 32, 13002 }, // U+04C2
    { 12, 19, 223, 1, 15, 29, 13034 }, // U+04C3
    { 10, 15, 180, 1, 11, 19, 13063 }, // U+04C4
    { 16, 19, 253, 0, 15, 38, 13082 }, // U+04C5
    { 12, 14, 200, 0, 11, 21, 13120 }, // U+04C6
    { 14, 19, 254, 1, 15, 34, 13141 }, // U+04C7
    { 10, 15, 196, 1, 11, 19, 13175 }, // U+04C8
    { 16, 19, 260, 1, 15, 38, 13194 }, // U+04C9
    { 12, 14, 204, 1, 11, 21, 13232 }, // U+04CA
    { 12, 19, 228, 1, 15, 29, 13253 }, // U+04CB
    { 9, 14, 184, 1, 11, 16, 13282 }, // U+04CC
    { 18, 19, 291, 1, 15, 43, 13298 }, // U+04CD
    { 13, 14, 228, 1, 11, 23, 13341 }, // U+04CE
    { 3, 16, 80, 1, 15, 6, 13364 }, // U+04CF
    { 15, 20, 243, 0, 19, 38, 13370 }, // U+04D0
    { 9, 16, 180, 1, 15, 18, 13408 }, // U+04D1
    { 15, 20, 243, 0, 19, 38, 13426 }, // U+04D2
    { 9, 16, 180, 1, 15, 18, 13464 }, // U+04D3
    { 20, 16, 327, 0, 15, 40, 13482 }, // U+04D4
    { 17, 12, 290, 1, 11, 26, 13522 }, // U+04D5
    { 11, 19, 194, 1, 19, 27, 13548 }, // U+04D6
    { 10, 16, 181, 1, 15, 20, 13575 }, // U+04D7
    { 14, 16, 256, 1, 15, 28, 13595 }, // U+04D8
    { 11, 12, 181, 0, 11, 17, 13623 }, // U+04D9
    { 14, 20, 256, 1, 19, 35, 13640 }, // U+04DA
    { 11, 16, 181, 0, 15, 22, 13675 }, // U+04DB
    { 20, 20, 323, 0, 19, 50, 13697 }, // U+04DC
    { 16, 16, 262, 0, 15, 32, 13747 }, // U+04DD
    { 13, 20, 213, 0, 19, 33, 13779 }, // U+04DE
    { 10, 16, 166, 0, 15, 20, 13812 }, // U+04DF
    { 13, 16, 213, 0, 15, 26, 13832 }, // U+04E0
    { 10, 15, 165, 0, 11, 19, 13858 }, // U+04E1
    { 13, 20, 247, 1, 19, 33, 13877 }, // U+04E2
    { 10, 16, 195, 1, 15, 20, 13910 }, // U+04E3
    { 13, 20, 247, 1, 19, 33, 13930 }, // U+04E4
    { 10, 16, 195, 1, 15, 20, 13963 }, // U+04E5
    { 14, 20, 256, 1, 19, 35, 13983 }, // U+04E6
    { 10, 16, 189, 1, 15, 20, 14018 }, // U+04E7
    { 14, 16, 256, 1, 15, 28, 14038 }, // U+04E8
    { 10, 12, 189, 1, 11, 15, 14066 }, // U+04E9
    { 14, 20, 256, 1, 19, 35, 14081 }, // U+04EA
    { 10, 16, 189, 1, 15, 20, 14116 }, // U+04EB
    { 13, 20, 224, 0, 19, 33, 14136 }, // U+04EC
    { 10, 16, 163, 0, 15, 20, 14169 }, // U+04ED
    { 14, 20, 215, 0, 19, 35, 14189 }, // U+04EE
    { 11, 19, 175, 0, 15, 27, 14224 }, // U+04EF
    { 14, 20, 215, 0, 19, 35, 14251 }, // U+04F0
    { 11, 19, 175, 0, 15, 27, 14286 }, // U+04F1
    { 14, 21, 215, 0, 20, 37, 14313 }, // U+04F2
    { 11, 20, 175, 0, 16, 28, 14350 }, // U+04F3
    { 12, 20, 225, 1, 19, 30, 14378 }, // U+04F4
    { 9, 16, 184, 1, 15, 18, 14408 }, // U+04F5
    { 11, 19, 181, 1, 15, 27, 14426 }, // U+04F6
    { 8, 14, 145, 1, 11, 14, 14453 }, // U+04F7
    { 15, 20, 285, 1, 19, 38, 14467 }, // U+04F8
    { 13, 16, 243, 1, 15, 26, 14505 }, // U+04F9
    { 12, 19, 193, 0, 15, 29, 14531 }, // U+04FA
    { 11, 15, 152, -1, 11, 21, 14560 }, // U+04FB
    { 13, 19, 217, 0, 15, 31, 14581 }, // U+04FC
    { 10, 15, 178, 1, 11, 19, 14612 }, // U+04FD
    { 13, 16, 217, 0, 15, 26, 14631 }, // U+04FE
    { 10, 12, 178, 1, 11, 15, 14657 }, // U+04FF
    { 12, 16, 213, 1, 15, 24, 14672 }, // U+0510
    { 10, 12, 166, 0, 11, 15, 14696 }, // U+0511
    { 14, 19, 247, 0, 15, 34, 14711 }, // U+0512
    { 11, 15, 191, 0, 11, 21, 14745 }, // U+0513
    { 14, 20, 256, 1, 15, 35, 14766 }, // U+051A
    { 10, 15, 198, 1, 11, 19, 14801 }, // U+051B
    { 23, 16, 367, 0, 15, 46, 14820 }, // U+051C
    { 17, 12, 284, 0, 11, 26, 14866 }, // U+051D
    { 16, 19, 265, 1, 15, 38, 14892 }, // U+0524
    { 12, 14, 203, 1, 11, 21, 14930 }, // U+0525
    { 14, 19, 238, 1, 15, 34, 14951 }, // U+0526
    { 12, 18, 196, 1, 15, 27, 14985 }, // U+0527
    { 17, 19, 255, -2, 15, 41, 15012 }, // U+0528
    { 13, 15, 196, -2, 11, 25, 15053 }, // U+0529
    { 16, 19, 260, 0, 15, 38, 15078 }, // U+052E
    { 12, 14, 200, 0, 11, 21, 15116 }, // U+052F
    { 13, 12, 211, 0, 12, 20, 15137 }, // U+05D0
    { 12, 12, 191, 0, 12, 18, 15157 }, // U+05D1
    { 8, 13, 125, 0, 12, 13, 15175 }, // U+05D2
    { 11, 12, 181, 0, 12, 17, 15188 }, // U+05D3
    { 11, 12, 209, 1, 12, 17, 15205 }, // U+05D4
    { 5, 12, 100, 0, 12, 8, 15222 }, // U+05D5
    { 7, 12, 110, 0, 12, 11, 15230 }, // U+05D6
    { 13, 12, 221, 0, 12, 20, 15241 }, // U+05D7
    { 12, 12, 211, 1, 12, 18, 15261 }, // U+05D8
    { 5, 8, 98, 0, 12, 5, 15279 }, // U+05D9
    { 10, 16, 182, 0, 12, 20, 15284 }, // U+05DA
    { 10, 12, 172, 0, 12, 15, 15304 }, // U+05DB
    { 11, 16, 174, 0, 16, 22, 15319 }, // U+05DC
    { 12, 12, 228, 1, 12, 18, 15341 }, // U+05DD
    { 13, 12, 220, 0, 12, 20, 15359 }, // U+05DE
    { 5, 16, 110, 0, 12, 10, 15379 }, // U+05DF
    { 6, 12, 126, 1, 12, 9, 15389 }, // U+05E0
    { 13, 12, 214, 0, 12, 20, 15398 }, // U+05E1
    { 12, 15, 198, 0, 13, 23, 15418 }, // U+05E2
    { 11, 16, 207, 1, 12, 22, 15441 }, // U+05E3
    { 11, 12, 200, 1, 12, 17, 15463 }, // U+05E4
    { 11, 16, 176, 0, 12, 22, 15480 }, // U+05E5
    { 11, 12, 185, 0, 12, 17, 15502 }, // U+05E6
    { 12, 16, 209, 1, 12, 24, 15519 }, // U+05E7
    { 10, 12, 174, 0, 12, 15, 15543 }, // U+05E8
    { 13, 12, 243, 1, 12, 20, 15558 }, // U+05E9
    { 13, 12, 228, 0, 12, 20, 15578 }, // U+05EA
    { 4, 6, 109, 1, 5, 3, 15598 }, // U+060C
    { 4, 12, 115, 1, 11, 6, 15601 }, // U+061B
    { 9, 17, 145, 0, 16, 20, 15607 }, // U+061F
    { 8, 10, 137, 0, 8, 10, 15627 }, // U+0621
    { 7, 3, 90, 0, 2, 3, 15637 }, // U+0640
    { 5, 5, 0, 0, 17, 4, 15640 }, // U+0654
    { 4, 4, 191, 4, 8, 2, 15644 }, // U+0660
    { 4, 16, 191, 4, 15, 8, 15646 }, // U+0661
    { 10, 16, 191, 1, 15, 20, 15654 }, // U+0662
    { 12, 16, 191, 0, 15, 24, 15674 }, // U+0663
    { 10, 16, 191, 1, 15, 20, 15698 }, // U+0664
    { 10, 12, 191, 1, 11, 15, 15718 }, // U+0665
    { 10, 16, 191, 1, 15, 20, 15733 }, // U+0666
    { 12, 16, 191, 0, 15, 24, 15753 }, // U+0667
    { 12, 16, 191, 0, 15, 24, 15777 }, // U+0668
    { 10, 16, 191, 1, 15, 20, 15801 }, // U+0669
    { 14, 12, 228, 0, 7, 21, 15821 }, // U+06BA
    { 6, 2, 100, 0, 2, 2, 15842 }, // U+06D4
    { 8, 10, 135, 0, 10, 10, 15844 }, // U+06D5
    { 4, 4, 191, 4, 8, 2, 15854 }, // U+06F0
    { 4, 16, 191, 4, 15, 8, 15856 }, // U+06F1
    { 10, 16, 191, 1, 15, 20, 15864 }, // U+06F2
    { 12, 16, 191, 0, 15, 24, 15884 }, // U+06F3
    { 10, 15, 191, 1, 15, 19, 15908 }, // U+06F4
    { 10, 15, 191, 1, 15, 19, 15927 }, // U+06F5
    { 8, 16, 191, 2, 15, 16, 15946 }, // U+06F6
    { 12, 16, 191, 0, 15, 24, 15962 }, // U+06F7
    { 12, 16, 191, 0, 15, 24, 15986 }, // U+06F8
    { 10, 16, 191, 1, 15, 20, 16010 }, // U+06F9
    { 15, 19, 243, 0, 15, 36, 16030 }, // U+1EA0
    { 9, 15, 177, 1, 11, 17, 16066 }, // U+1EA1
    { 15, 21, 243, 0, 20, 40, 16083 }, // U+1EA2
    { 9, 17, 177, 1, 16, 20, 16123 }, // U+1EA3
    { 15, 23, 243, 0, 22, 44, 16143 }, // U+1EA4
    { 10, 19, 177, 1, 18, 24, 16187 }, // U+1EA5
    { 15, 23, 243, 0, 22, 44, 16211 }, // U+1EA6
    { 9, 19, 177, 1, 18, 22, 16255 }, // U+1EA7
    { 15, 23, 243, 0, 22, 44, 16277 }, // U+1EA8
    { 10, 18, 177, 1, 17, 23, 16321 }, // U+1EA9
    { 15, 23, 243, 0, 22, 44, 16344 }, // U+1EAA
    { 9, 18, 177, 1, 17, 21, 16388 }, // U+1EAB
    { 15, 24, 243, 0, 20, 45, 16409 }, // U+1EAC
    { 9, 20, 177, 1, 16, 23, 16454 }, // U+1EAD
    { 15, 23, 243, 0, 22, 44, 16477 }, // U+1EAE
    { 9, 19, 177, 1, 18, 22, 16521 }, // U+1EAF
    { 15, 23, 243, 0, 22, 44, 16543 }, // U+1EB0
    { 9, 19, 177, 1, 18, 22, 16587 }, // U+1EB1
    { 15, 23, 243, 0, 22, 44, 16609 }, // U+1EB2
    { 9, 18, 177, 1, 17, 21, 16653 }, // U+1EB3
    { 15, 23, 243, 0, 22, 44, 16674 }, // U+1EB4
    { 9, 18, 177, 1, 17, 21, 16718 }, // U+1EB5
    { 15, 24, 243, 0, 20, 45, 16739 }, // U+1EB6
    { 9, 20, 177, 1, 16, 23, 16784 }, // U+1EB7
    { 11, 19, 194, 1, 15, 27, 16807 }, // U+1EB8
    { 11, 15, 177, 0, 11, 21, 16834 }, // U+1EB9
    { 11, 20, 194, 1, 20, 28, 16855 }, // U+1EBA
    { 11, 17, 177, 0, 16, 24, 16883 }, // U+1EBB
    { 11, 20, 194, 1, 20, 28, 16907 }, // U+1EBC
    { 11, 17, 177, 0, 16, 24, 16935 }, // U+1EBD
    { 11, 22, 194, 1, 22, 31, 16959 }, // U+1EBE
    { 11, 19, 177, 0, 18, 27, 16990 }, // U+1EBF
    { 11, 22, 194, 1, 22, 31, 17017 }, // U+1EC0
    { 11, 19, 177, 0, 18, 27, 17048 }, // U+1EC1
    { 11, 22, 194, 1, 22, 31, 17075 }, // U+1EC2
    { 11, 18, 177, 0, 17, 25, 17106 }, // U+1EC3
    { 11, 22, 194, 1, 22, 31, 17131 }, // U+1EC4
    { 11, 18, 177, 0, 17, 25, 17162 }, // U+1EC5
    { 11, 24, 194, 1, 20, 33, 17187 }, // U+1EC6
    { 11, 20, 177, 0, 16, 28, 17220 }, // U+1EC7
    { 5, 21, 86, 0, 20, 14, 17248 }, // U+1EC8
    { 5, 17, 77, 0, 16, 11, 17262 }, // U+1EC9
    { 3, 19, 86, 1, 15, 8, 17273 }, // U+1ECA
    { 3, 19, 77, 1, 15, 8, 17281 }, // U+1ECB
    { 14, 19, 256, 1, 15, 34, 17289 }, // U+1ECC
    { 11, 15, 185, 0, 11, 21, 17323 }, // U+1ECD
    { 14, 21, 256, 1, 20, 37, 17344 }, // U+1ECE
    { 11, 17, 185, 0, 16, 24, 17381 }, // U+1ECF
    { 14, 23, 256, 1, 22, 41, 17405 }, // U+1ED0
    { 11, 19, 185, 0, 18, 27, 17446 }, // U+1ED1
    { 14, 23, 256, 1, 22, 41, 17473 }, // U+1ED2
    { 11, 19, 185, 0, 18, 27, 17514 }, // U+1ED3
    { 14, 23, 256, 1, 22, 41, 17541 }, // U+1ED4
    { 11, 18, 185, 0, 17, 25, 17582 }, // U+1ED5
    { 14, 23, 256, 1, 22, 41, 17607 }, // U+1ED6
    { 11, 18, 185, 0, 17, 25, 17648 }, // U+1ED7
    { 14, 24, 256, 1, 20, 42, 17673 }, // U+1ED8
    { 11, 20, 185, 0, 16, 28, 17715 }, // U+1ED9
    { 14, 21, 256, 1, 20, 37, 17743 }, // U+1EDA
    { 11, 17, 185, 0, 16, 24, 17780 }, // U+1EDB
    { 14, 21, 256, 1, 20, 37, 17804 }, // U+1EDC
    { 11, 17, 185, 0, 16, 24, 17841 }, // U+1EDD
    { 14, 21, 256, 1, 20, 37, 17865 }, // U+1EDE
    { 11, 17, 185, 0, 16, 24, 17902 }, // U+1EDF
    { 14, 21, 256, 1, 20, 37, 17926 }, // U+1EE0
    { 11, 17, 185, 0, 16, 24, 17963 }, // U+1EE1
    { 14, 22, 256, 1, 18, 39, 17987 }, // U+1EE2
    { 11, 17, 185, 0, 13, 24, 18026 }, // U+1EE3
    { 13, 19, 243, 1, 15, 31, 18050 }, // U+1EE4
    { 10, 15, 187, 1, 11, 19, 18081 }, // U+1EE5
    { 13, 21, 243, 1, 20, 35, 18100 }, // U+1EE6
    { 10, 17, 187, 1, 16, 22, 18135 }, // U+1EE7
    { 15, 21, 243, 1, 20, 40, 18157 }, // U+1EE8
    { 12, 17, 187, 1, 16, 26, 18197 }, // U+1EE9
    { 15, 21, 243, 1, 20, 40, 18223 }, // U+1EEA
    { 12, 17, 187, 1, 16, 26, 18263 }, // U+1EEB
    { 15, 21, 243, 1, 20, 40, 18289 }, // U+1EEC
    { 12, 17, 187, 1, 16, 26, 18329 }, // U+1EED
    { 15, 21, 243, 1, 20, 40, 18355 }, // U+1EEE
    { 12, 17, 187, 1, 16, 26, 18395 }, // U+1EEF
    { 15, 22, 243, 1, 18, 42, 18421 }, // U+1EF0
    { 12, 17, 187, 1, 13, 26, 18463 }, // U+1EF1
    { 13, 21, 199, 0, 20, 35, 18489 }, // U+1EF2
    { 11, 20, 171, 0, 16, 28, 18524 }, // U+1EF3
    { 13, 19, 199, 0, 15, 31, 18552 }, // U+1EF4
    { 11, 15, 171, 0, 11, 21, 18583 }, // U+1EF5
    { 13, 21, 199, 0, 20, 35, 18604 }, // U+1EF6
    { 11, 20, 171, 0, 16, 28, 18639 }, // U+1EF7
    { 13, 21, 199, 0, 20, 35, 18667 }, // U+1EF8
    { 11, 20, 171, 0, 16, 28, 18702 }, // U+1EF9
    { 0, 0, 200, 0, 0, 0, 18730 }, // U+2007
    { 0, 0, 76, 0, 0, 0, 18730 }, // U+2008
    { 0, 0, 67, 0, 0, 0, 18730 }, // U+2009
    { 0, 0, 33, 0, 0, 0, 18730 }, // U+200A
    { 0, 0, 0, 0, 0, 0, 18730 }, // U+200B
    { 2, 16, 0, -1, 15, 4, 18730 }, // U+200C
    { 6, 16, 0, -3, 15, 12, 18734 }, // U+200D
    { 6, 18, 0, -1, 16, 14, 18746 }, // U+200E
    { 6, 18, 0, -5, 16, 14, 18760 }, // U+200F
    { 7, 3, 141, 1, 7, 3, 18774 }, // U+2010
    { 6, 3, 107, 0, 7, 3, 18777 }, // U+2011
    { 11, 2, 200, 1, 7, 3, 18780 }, // U+2012
    { 12, 2, 167, -1, 7, 3, 18783 }, // U+2013
    { 22, 2, 333, -1, 7, 6, 18786 }, // U+2014
    { 22, 2, 333, -1, 7, 6, 18792 }, // U+2015
    { 3, 5, 76, 1, 15, 2, 18798 }, // U+2018
    { 3, 5, 76, 1, 15, 2, 18800 }, // U+2019
    { 3, 6, 76, 1, 3, 3, 18802 }, // U+201A
    { 6, 5, 131, 1, 15, 4, 18805 }, // U+201C
    { 6, 5, 131, 1, 15, 4, 18809 }, // U+201D
    { 6, 6, 131, 1, 3, 5, 18813 }, // U+201E
    { 7, 12, 108, 0, 15, 11, 18818 }, // U+2020
    { 7, 12, 108, 0, 15, 11, 18829 }, // U+2021
    { 9, 9, 175, 1, 10, 11, 18840 }, // U+2022
    { 13, 4, 229, 1, 3, 7, 18851 }, // U+2026
    { 0, 0, 43, 0, 0, 0, 18858 }, // U+202F
    { 26, 17, 442, 1, 16, 56, 18858 }, // U+2030
    { 3, 7, 74, 1, 15, 3, 18914 }, // U+2032
    { 6, 7, 131, 1, 15, 6, 18917 }, // U+2033
    { 4, 9, 87, 1, 10, 5, 18923 }, // U+2039
    { 4, 9, 87, 1, 10, 5, 18928 }, // U+203A
    { 10, 17, 58, -3, 16, 22, 18933 }, // U+2044
    { 4, 12, 115, 1, 11, 6, 18955 }, // U+204F
    { 9, 18, 200, 2, 16, 21, 18961 }, // U+2052
    { 8, 10, 127, 0, 15, 10, 18982 }, // U+2070
    { 8, 10, 127, 0, 15, 10, 18992 }, // U+2074
    { 7, 10, 127, 1, 15, 9, 19002 }, // U+2075
    { 8, 10, 127, 0, 15, 10, 19011 }, // U+2076
    { 8, 10, 127, 0, 15, 10, 19021 }, // U+2077
    { 8, 10, 127, 0, 15, 10, 19031 }, // U+2078
    { 8, 10, 127, 0, 15, 10, 19041 }, // U+2079
    { 8, 10, 127, 0, 9, 10, 19051 }, // U+2080
    { 6, 9, 127, 1, 9, 7, 19061 }, // U+2081
    { 8, 9, 127, 0, 9, 9, 19068 }, // U+2082
    { 7, 10, 127, 0, 9, 9, 19077 }, // U+2083
    { 8, 10, 127, 0, 9, 10, 19086 }, // U+2084
    { 7, 10, 127, 1, 9, 9, 19096 }, // U+2085
    { 8, 10, 127, 0, 9, 10, 19105 }, // U+2086
    { 8, 10, 127, 0, 9, 10, 19115 }, // U+2087
    { 8, 10, 127, 0, 9, 10, 19125 }, // U+2088
    { 8, 10, 127, 0, 9, 10, 19135 }, // U+2089
    { 11, 21, 200, 1, 18, 29, 19145 }, // U+20A1
    { 12, 16, 200, 0, 15, 24, 19174 }, // U+20A3
    { 12, 15, 200, 0, 15, 23, 19198 }, // U+20A4
    { 13, 16, 200, 0, 15, 26, 19221 }, // U+20A6
    { 13, 16, 200, 0, 15, 26, 19247 }, // U+20A7
    { 13, 16, 200, 0, 15, 26, 19273 }, // U+20A9
    { 14, 13, 264, 1, 13, 23, 19299 }, // U+20AA
    { 12, 18, 200, 1, 15, 27, 19322 }, // U+20AB
    { 13, 16, 200, 0, 15, 26, 19349 }, // U+20AC
    { 12, 16, 200, 0, 15, 24, 19375 }, // U+20AD
    { 13, 16, 200, 0, 15, 26, 19399 }, // U+20AE
    { 13, 16, 200, 0, 15, 26, 19425 }, // U+20B1
    { 11, 21, 200, 1, 18, 29, 19451 }, // U+20B2
    { 11, 16, 200, 1, 15, 22, 19480 }, // U+20B4
    { 11, 21, 200, 1, 18, 29, 19502 }, // U+20B5
    { 13, 16, 200, 0, 15, 26, 19531 }, // U+20B8
    { 13, 16, 200, 0, 15, 26, 19557 }, // U+20B9
    { 11, 15, 200, 1, 15, 21, 19583 }, // U+20BA
    { 11, 16, 200, 1, 15, 22, 19604 }, // U+20BC
    { 12, 16, 200, 0, 15, 24, 19626 }, // U+20BD
    { 11, 16, 200, 1, 15, 22, 19650 }, // U+2202
    { 13, 15, 200, 0, 14, 25, 19672 }, // U+2205
    { 13, 15, 200, 0, 15, 25, 19697 }, // U+2206
    { 11, 19, 200, 1, 15, 27, 19722 }, // U+220F
    { 12, 19, 200, 0, 15, 29, 19749 }, // U+2211
    { 11, 2, 200, 1, 7, 3, 19778 }, // U+2212
    { 7, 18, 200, 3, 16, 16, 19781 }, // U+2215
    { 3, 3, 200, 5, 7, 2, 19797 }, // U+2219
    { 13, 20, 200, 0, 16, 33, 19799 }, // U+221A
    { 12, 6, 200, 0, 9, 9, 19832 }, // U+221E
    { 9, 19, 200, 2, 15, 22, 19841 }, // U+222B
    { 11, 8, 200, 1, 10, 11, 19863 }, // U+2248
    { 11, 12, 200, 1, 12, 17, 19874 }, // U+2260
    { 11, 12, 200, 1, 12, 17, 19891 }, // U+2264
    { 11, 12, 200, 1, 12, 17, 19908 }, // U+2265
    { 11, 16, 186, 0, 15, 22, 19925 }, // U+FB01
    { 14, 16, 210, 0, 15, 28, 19947 }, // U+FB02
    { 20, 17, 331, 0, 9, 43, 19975 }, // U+FB56
    { 24, 16, 364, 0, 8, 48, 20018 }, // U+FB57
    { 6, 16, 100, -1, 9, 12, 20066 }, // U+FB58
    { 9, 13, 124, 0, 6, 15, 20078 }, // U+FB59
    { 20, 16, 331, 0, 15, 40, 20093 }, // U+FB66
    { 24, 16, 364, 0, 15, 48, 20133 }, // U+FB67
    { 6, 18, 90, 0, 17, 14, 20181 }, // U+FB68
    { 9, 16, 124, 0, 15, 18, 20195 }, // U+FB69
    { 13, 18, 220, 0, 9, 30, 20213 }, // U+FB7A
    { 17, 18, 240, 0, 9, 39, 20243 }, // U+FB7B
    { 12, 15, 196, 0, 8, 23, 20282 }, // U+FB7C
    { 15, 15, 212, 0, 8, 29, 20305 }, // U+FB7D
    { 9, 20, 159, 0, 19, 23, 20334 }, // U+FB88
    { 13, 20, 177, 0, 19, 33, 20357 }, // U+FB89
    { 8, 20, 122, -1, 15, 20, 20390 }, // U+FB8A
    { 11, 20, 132, -1, 15, 28, 20410 }, // U+FB8B
    { 8, 21, 122, -1, 16, 21, 20438 }, // U+FB8C
    { 11, 21, 132, -1, 16, 29, 20459 }, // U+FB8D
    { 19, 16, 292, 0, 15, 38, 20488 }, // U+FB8E
    { 22, 16, 325, 0, 15, 44, 20526 }, // U+FB8F
    { 9, 16, 137, 0, 15, 18, 20570 }, // U+FB90
    { 12, 16, 169, 0, 15, 24, 20588 }, // U+FB91
    { 19, 19, 292, 0, 18, 46, 20612 }, // U+FB92
    { 22, 19, 325, 0, 18, 53, 20658 }, // U+FB93
    { 9, 19, 137, 0, 18, 22, 20711 }, // U+FB94
    { 12, 19, 169, 0, 18, 29, 20733 }, // U+FB95
    { 14, 12, 228, 0, 7, 21, 20762 }, // U+FB9E
    { 17, 11, 243, 0, 6, 24, 20783 }, // U+FB9F
    { 8, 10, 135, 0, 10, 10, 20807 }, // U+FBA6
    { 12, 8, 160, 0, 7, 12, 20817 }, // U+FBA7
    { 5, 13, 90, 0, 9, 9, 20829 }, // U+FBA8
    { 11, 10, 146, 0, 4, 14, 20838 }, // U+FBA9
    { 14, 12, 224, 0, 11, 21, 20852 }, // U+FBAA
    { 14, 14, 205, 0, 9, 25, 20873 }, // U+FBAB
    { 12, 12, 191, 0, 11, 18, 20898 }, // U+FBAC
    { 12, 14, 169, 0, 9, 21, 20916 }, // U+FBAD
    { 19, 11, 314, 0, 10, 27, 20937 }, // U+FBAE
    { 13, 8, 183, 0, 2, 13, 20964 }, // U+FBAF
    { 19, 16, 314, 0, 15, 38, 20977 }, // U+FBB0
    { 13, 13, 183, 0, 7, 22, 21015 }, // U+FBB1
    { 16, 14, 253, 0, 9, 28, 21037 }, // U+FBFC
    { 17, 9, 245, 0, 4, 20, 21065 }, // U+FBFD
    { 6, 13, 100, -1, 9, 10, 21085 }, // U+FBFE
    { 9, 10, 124, 0, 6, 12, 21095 }, // U+FBFF
    { 8, 10, 137, 0, 8, 10, 21107 }, // U+FE80
    { 8, 18, 78, -2, 18, 18, 21117 }, // U+FE81
    { 10, 20, 97, -2, 19, 25, 21135 }, // U+FE82
    { 5, 20, 78, 0, 20, 13, 21160 }, // U+FE83
    { 8, 22, 97, 0, 21, 22, 21173 }, // U+FE84
    { 9, 18, 149, 0, 13, 21, 21195 }, // U+FE85
    { 11, 18, 157, 0, 13, 25, 21216 }, // U+FE86
    { 5, 21, 79, 1, 15, 14, 21241 }, // U+FE87
    { 7, 21, 97, 1, 15, 19, 21255 }, // U+FE88
    { 16, 14, 253, 0, 9, 28, 21274 }, // U+FE89
    { 17, 14, 245, 0, 9, 30, 21302 }, // U+FE8A
    { 5, 16, 90, 0, 15, 10, 21332 }, // U+FE8B
    { 9, 13, 114, 0, 12, 15, 21342 }, // U+FE8C
    { 3, 15, 79, 1, 15, 6, 21357 }, // U+FE8D
    { 7, 16, 97, 1, 15, 14, 21363 }, // U+FE8E
    { 20, 13, 331, 0, 9, 33, 21377 }, // U+FE8F
    { 24, 12, 364, 0, 8, 36, 21410 }, // U+FE90
    { 5, 13, 90, 0, 9, 9, 21446 }, // U+FE91
    { 9, 10, 114, 0, 6, 12, 21455 }, // U+FE92
    { 8, 14, 135, 0, 14, 14, 21467 }, // U+FE93
    { 12, 16, 162, 0, 15, 24, 21481 }, // U+FE94
    { 20, 12, 331, 0, 11, 30, 21505 }, // U+FE95
    { 24, 12, 364, 0, 11, 36, 21535 }, // U+FE96
    { 6, 14, 90, 0, 13, 11, 21571 }, // U+FE97
    { 9, 11, 124, 0, 10, 13, 21582 }, // U+FE98
    { 20, 15, 331, 0, 14, 38, 21595 }, // U+FE99
    { 24, 15, 364, 0, 14, 45, 21633 }, // U+FE9A
    { 6, 17, 90, 0, 16, 13, 21678 }, // U+FE9B
    { 9, 14, 124, 0, 13, 16, 21691 }, // U+FE9C
    { 13, 18, 213, 0, 9, 30, 21707 }, // U+FE9D
    { 15, 18, 216, 0, 9, 34, 21737 }, // U+FE9E
    { 12, 12, 196, 0, 8, 18, 21771 }, // U+FE9F
    { 15, 12, 212, 0, 8, 23, 21789 }, // U+FEA0
    { 13, 18, 213, 0, 9, 30, 21812 }, // U+FEA1
    { 15, 18, 216, 0, 9, 34, 21842 }, // U+FEA2
    { 12, 9, 196, 0, 8, 14, 21876 }, // U+FEA3
    { 15, 9, 212, 0, 8, 17, 21890 }, // U+FEA4
    { 13, 22, 213, 0, 13, 36, 21907 }, // U+FEA5
    { 15, 22, 216, 0, 13, 42, 21943 }, // U+FEA6
    { 12, 13, 196, 0, 12, 20, 21985 }, // U+FEA7
    { 15, 13, 212, 0, 12, 25, 22005 }, // U+FEA8
    { 9, 11, 159, 0, 10, 13, 22030 }, // U+FEA9
    { 13, 11, 177, 0, 10, 18, 22043 }, // U+FEAA
    { 9, 15, 159, 0, 14, 17, 22061 }, // U+FEAB
    { 13, 15, 177, 0, 14, 25, 22078 }, // U+FEAC
    { 8, 13, 122, -1, 8, 13, 22103 }, // U+FEAD
    { 11, 13, 132, -1, 8, 18, 22116 }, // U+FEAE
    { 8, 17, 122, -1, 12, 17, 22134 }, // U+FEAF
    { 11, 17, 132, -1, 12, 24, 22151 }, // U+FEB0
    { 25, 14, 403, 0, 9, 44, 22175 }, // U+FEB1
    { 28, 13, 423, 0, 8, 46, 22219 }, // U+FEB2
    { 16, 10, 261, 0, 9, 20, 22265 }, // U+FEB3
    { 19, 9, 283, 0, 8, 22, 22285 }, // U+FEB4
    { 25, 19, 403, 0, 14, 60, 22307 }, // U+FEB5
    { 28, 19, 423, 0, 14, 67, 22367 }, // U+FEB6
    { 16, 15, 261, 0, 14, 30, 22434 }, // U+FEB7
    { 19, 15, 283, 0, 14, 36, 22464 }, // U+FEB8
    { 27, 13, 435, 0, 8, 44, 22500 }, // U+FEB9
    { 30, 13, 451, 0, 8, 49, 22544 }, // U+FEBA
    { 18, 9, 301, 0, 8, 21, 22593 }, // U+FEBB
    { 21, 9, 316, 0, 8, 24, 22614 }, // U+FEBC
    { 27, 17, 435, 0, 12, 58, 22638 }, // U+FEBD
    { 30, 17, 451, 0, 12, 64, 22696 }, // U+FEBE
    { 18, 13, 301, 0, 12, 30, 22760 }, // U+FEBF
    { 21, 13, 316, 0, 12, 35, 22790 }, // U+FEC0
    { 16, 16, 263, 0, 15, 32, 22825 }, // U+FEC1
    { 19, 16, 277, 0, 15, 38, 22857 }, // U+FEC2
    { 14, 16, 226, 0, 15, 28, 22895 }, // U+FEC3
    { 16, 16, 237, 0, 15, 32, 22923 }, // U+FEC4
    { 16, 16, 263, 0, 15, 32, 22955 }, // U+FEC5
    { 19, 16, 277, 0, 15, 38, 22987 }, // U+FEC6
    { 14, 16, 226, 0, 15, 28, 23025 }, // U+FEC7
    { 16, 16, 237, 0, 15, 32, 23053 }, // U+FEC8
    { 13, 20, 169, 0, 11, 33, 23085 }, // U+FEC9
    { 13, 18, 177, 0, 9, 30, 23118 }, // U+FECA
    { 10, 11, 168, 0, 10, 14, 23148 }, // U+FECB
    { 12, 10, 174, 0, 9, 15, 23162 }, // U+FECC
    { 13, 24, 169, 0, 15, 39, 23177 }, // U+FECD
    { 13, 22, 177, 0, 13, 36, 23216 }, // U+FECE
    { 10, 15, 168, 0, 14, 19, 23252 }, // U+FECF
    { 12, 14, 174, 0, 13, 21, 23271 }, // U+FED0
    { 20, 16, 328, 0, 15, 40, 23292 }, // U+FED1
    { 24, 14, 366, 0, 13, 42, 23332 }, // U+FED2
    { 9, 16, 149, 0, 15, 18, 23374 }, // U+FED3
    { 12, 14, 165, 0, 13, 21, 23392 }, // U+FED4
    { 16, 17, 258, 0, 13, 34, 23413 }, // U+FED5
    { 18, 17, 269, 0, 11, 39, 23447 }, // U+FED6
    { 9, 16, 149, 0, 15, 18, 23486 }, // U+FED7
    { 12, 14, 165, 0, 13, 21, 23504 }, // U+FED8
    { 18, 16, 294, 0, 15, 36, 23525 }, // U+FED9
    { 21, 16, 307, 0, 15, 42, 23561 }, // U+FEDA
    { 9, 16, 137, 0, 15, 18, 23603 }, // U+FEDB
    { 12, 16, 169, 0, 15, 24, 23621 }, // U+FEDC
    { 14, 20, 232, 0, 15, 35, 23645 }, // U+FEDD
    { 17, 20, 243, 0, 15, 43, 23680 }, // U+FEDE
    { 5, 16, 87, 0, 15, 10, 23723 }, // U+FEDF
    { 8, 16, 100, 0, 15, 16, 23733 }, // U+FEE0
    { 10, 17, 161, 0, 8, 22, 23749 }, // U+FEE1
    { 13, 17, 187, 0, 8, 28, 23771 }, // U+FEE2
    { 10, 9, 175, 0, 8, 12, 23799 }, // U+FEE3
    { 14, 9, 193, 0, 8, 16, 23811 }, // U+FEE4
    { 14, 16, 228, 0, 11, 28, 23827 }, // U+FEE5
    { 17, 16, 243, 0, 11, 34, 23855 }, // U+FEE6
    { 5, 14, 90, 0, 13, 9, 23889 }, // U+FEE7
    { 9, 11, 114, 0, 10, 13, 23898 }, // U+FEE8
    { 8, 10, 135, 0, 10, 10, 23911 }, // U+FEE9
    { 12, 12, 162, 0, 11, 18, 23921 }, // U+FEEA
    { 12, 12, 191, 0, 11, 18, 23939 }, // U+FEEB
    { 12, 14, 169, 0, 9, 21, 23957 }, // U+FEEC
    { 9, 13, 149, 0, 8, 15, 23978 }, // U+FEED
    { 11, 13, 157, 0, 8, 18, 23993 }, // U+FEEE
    { 16, 14, 253, 0, 9, 28, 24011 }, // U+FEEF
    { 17, 9, 245, 0, 4, 20, 24039 }, // U+FEF0
    { 16, 18, 253, 0, 9, 36, 24059 }, // U+FEF1
    { 17, 13, 245, 0, 4, 28, 24095 }, // U+FEF2
    { 6, 13, 100, -1, 9, 10, 24123 }, // U+FEF3
    { 9, 10, 124, 0, 6, 12, 24133 }, // U+FEF4
    { 13, 16, 194, -2, 16, 26, 24145 }, // U+FEF5
    { 16, 17, 200, -2, 16, 34, 24171 }, // U+FEF6
    { 12, 18, 194, -1, 18, 27, 24205 }, // U+FEF7
    { 14, 19, 200, 0, 18, 34, 24232 }, // U+FEF8
    { 11, 21, 194, 0, 15, 29, 24266 }, // U+FEF9
    { 14, 21, 200, 0, 15, 37, 24295 }, // U+FEFA
    { 11, 15, 194, 0, 15, 21, 24332 }, // U+FEFB
    { 14, 16, 200, 0, 15, 28, 24353 }, // U+FEFC
};

static const EpdUnicodeInterval nunito_10_regularIntervals[] = {
    { 0x0, 0x0, 0x0 },
    { 0xD, 0xD, 0x1 },
    { 0x20, 0x7E, 0x2 },
    { 0xA0, 0x132, 0x61 },
    { 0x134, 0x17E, 0xF4 },
    { 0x1A0, 0x1A1, 0x13F },
    { 0x1AF, 0x1B0, 0x141 },
    { 0x1C4, 0x1CE, 0x143 },
    { 0x1D4, 0x1D4, 0x14E },
    { 0x1E5, 0x1E7, 0x14F },
    { 0x1E9, 0x1EB, 0x152 },
    { 0x1EF, 0x1EF, 0x155 },
    { 0x1FA, 0x21B, 0x156 },
    { 0x21F, 0x21F, 0x178 },
    { 0x300, 0x304, 0x179 },
    { 0x306, 0x30C, 0x17E },
    { 0x30F, 0x30F, 0x185 },
    { 0x311, 0x312, 0x186 },
    { 0x31B, 0x31B, 0x188 },
    { 0x323, 0x324, 0x189 },
    { 0x326, 0x328, 0x18B },
    { 0x32E, 0x32E, 0x18E },
    { 0x331, 0x331, 0x18F },
    { 0x335, 0x335, 0x190 },
    { 0x337, 0x338, 0x191 },
    { 0x34F, 0x34F, 0x193 },
    { 0x400, 0x45F, 0x194 },
    { 0x462, 0x463, 0x1F4 },
    { 0x46A, 0x46B, 0x1F6 },
    { 0x472, 0x475, 0x1F8 },
    { 0x48A, 0x4A5, 0x1FC },
    { 0x4A8, 0x4FF, 0x218 },
    { 0x510, 0x513, 0x270 },
    { 0x51A, 0x51D, 0x274 },
    { 0x524, 0x529, 0x278 },
    { 0x52E, 0x52F, 0x27E },
    { 0x5D0, 0x5EA, 0x280 },
    { 0x60C, 0x60C, 0x29B },
    { 0x61B, 0x61B, 0x29C },
    { 0x61F, 0x61F, 0x29D },
    { 0x621, 0x621, 0x29E },
    { 0x640, 0x640, 0x29F },
    { 0x654, 0x654, 0x2A0 },
    { 0x660, 0x669, 0x2A1 },
    { 0x6BA, 0x6BA, 0x2AB },
    { 0x6D4, 0x6D5, 0x2AC },
    { 0x6F0, 0x6F9, 0x2AE },
    { 0x1EA0, 0x1EF9, 0x2B8 },
    { 0x2007, 0x2015, 0x312 },
    { 0x2018, 0x201A, 0x321 },
    { 0x201C, 0x201E, 0x324 },
    { 0x2020, 0x2022, 0x327 },
    { 0x2026, 0x2026, 0x32A },
    { 0x202F, 0x2030, 0x32B },
    { 0x2032, 0x2033, 0x32D },
    { 0x2039, 0x203A, 0x32F },
    { 0x2044, 0x2044, 0x331 },
    { 0x204F, 0x204F, 0x332 },
    { 0x2052, 0x2052, 0x333 },
    { 0x2070, 0x2070, 0x334 },
    { 0x2074, 0x2079, 0x335 },
    { 0x2080, 0x2089, 0x33B },
    { 0x20A1, 0x20A1, 0x345 },
    { 0x20A3, 0x20A4, 0x346 },
    { 0x20A6, 0x20A7, 0x348 },
    { 0x20A9, 0x20AE, 0x34A },
    { 0x20B1, 0x20B2, 0x350 },
    { 0x20B4, 0x20B5, 0x352 },
    { 0x20B8, 0x20BA, 0x354 },
    { 0x20BC, 0x20BD, 0x357 },
    { 0x2202, 0x2202, 0x359 },
    { 0x2205, 0x2206, 0x35A },
    { 0x220F, 0x220F, 0x35C },
    { 0x2211, 0x2212, 0x35D },
    { 0x2215, 0x2215, 0x35F },
    { 0x2219, 0x221A, 0x360 },
    { 0x221E, 0x221E, 0x362 },
    { 0x222B, 0x222B, 0x363 },
    { 0x2248, 0x2248, 0x364 },
    { 0x2260, 0x2260, 0x365 },
    { 0x2264, 0x2265, 0x366 },
    { 0xFB01, 0xFB02, 0x368 },
    { 0xFB56, 0xFB59, 0x36A },
    { 0xFB66, 0xFB69, 0x36E },
    { 0xFB7A, 0xFB7D, 0x372 },
    { 0xFB88, 0xFB95, 0x376 },
    { 0xFB9E, 0xFB9F, 0x384 },
    { 0xFBA6, 0xFBB1, 0x386 },
    { 0xFBFC, 0xFBFF, 0x392 },
    { 0xFE80, 0xFEFC, 0x396 },
};

static const uint16_t nunito_10_regularKernLeftCodepoints[] = {
    0x0021, 0x0022, 0x0026, 0x0027, 0x0028, 0x002A, 0x002C, 0x002D, 0x002E, 0x002F, 0x003A, 0x003B,
    0x003F, 0x0040, 0x0041, 0x0042, 0x0043, 0x0044, 0x0045, 0x0046, 0x0047, 0x004A, 0x004B, 0x004C,
    0x004F, 0x0050, 0x0051, 0x0052, 0x0053, 0x0054, 0x0055, 0x0056, 0x0057, 0x0058, 0x0059, 0x005A,
    0x005B, 0x005F, 0x0061, 0x0062, 0x0063, 0x0064, 0x0065, 0x0066, 0x0067, 0x0068, 0x0069, 0x006A,
    0x006B, 0x006C, 0x006D, 0x006E, 0x006F, 0x0070, 0x0071, 0x0072, 0x0073, 0x0074, 0x0075, 0x0076,
    0x0077, 0x0078, 0x0079, 0x007A, 0x007B, 0x007D, 0x00A1, 0x00A9, 0x00AA, 0x00AB, 0x00AD, 0x00AE,
    0x00B0, 0x00B2, 0x00B3, 0x00B5, 0x00B7, 0x00B9, 0x00BA, 0x00BB, 0x00BF, 0x00C0, 0x00C1, 0x00C2,
    0x00C3, 0x00C4, 0x00C5, 0x00C6, 0x00C7, 0x00C8, 0x00C9, 0x00CA, 0x00CB, 0x00D0, 0x00D2, 0x00D3,
    0x00D4, 0x00D5, 0x00D6, 0x00D8, 0x00D9, 0x00DA, 0x00DB, 0x00DC, 0x00DD, 0x00DE, 0x00DF, 0x00E6,
    0x00E7, 0x00E8, 0x00E9, 0x00EA, 0x00EB, 0x00EC, 0x00ED, 0x00EE, 0x00EF, 0x00F0, 0x00F1, 0x00F2,
    0x00F3, 0x00F4, 0x00F5, 0x00F6, 0x00F8, 0x00F9, 0x00FA, 0x00FB, 0x00FC, 0x00FD, 0x00FE, 0x00FF,
    0x0100, 0x0102, 0x0104, 0x0105, 0x0106, 0x0107, 0x0108, 0x0109, 0x010A, 0x010B, 0x010C, 0x010D,
    0x010E, 0x010F, 0x0110, 0x0111, 0x0112, 0x0113, 0x0114, 0x0115, 0x0116, 0x0117, 0x0118, 0x0119,
    0x011A, 0x011B, 0x011C, 0x011D, 0x011E, 0x011F, 0x0120, 0x0121, 0x0122, 0x0123, 0x0125, 0x0127,
    0x0129, 0x012B, 0x012D, 0x012F, 0x0131, 0x0134, 0x0135, 0x0136, 0x0137, 0x0138, 0x0139, 0x013A,
    0x013B, 0x013C, 0x013D, 0x013E, 0x013F, 0x0140, 0x0141, 0x0142, 0x0144, 0x0146, 0x0148, 0x0149,
    0x014B, 0x014C, 0x014D, 0x014E, 0x014F, 0x0150, 0x0151, 0x0152, 0x0153, 0x0154, 0x0155, 0x0156,
    0x0157, 0x0158, 0x0159, 0x015A, 0x015B, 0x015C, 0x015D, 0x015E, 0x015F, 0x0160, 0x0161, 0x0162,
    0x0163, 0x0164, 0x0165, 0x0166, 0x0167, 0x0168, 0x0169, 0x016A, 0x016B, 0x016C, 0x016D, 0x016E,
    0x016F, 0x0170, 0x0171, 0x0172, 0x0173, 0x0174, 0x0175, 0x0176, 0x0177, 0x0178, 0x0179, 0x017A,
    0x017B, 0x017C, 0x017D, 0x017E, 0x01A0, 0x01A1, 0x01AF, 0x01B0, 0x01C4, 0x01C5, 0x01C6, 0x01C7,
    0x01C9, 0x01CA, 0x01CC, 0x01D4, 0x01E5, 0x01E6, 0x01E7, 0x01E9, 0x01EA, 0x01EB, 0x01EF, 0x01FA,
    0x01FC, 0x01FD, 0x01FE, 0x01FF, 0x0200, 0x0202, 0x0204, 0x0205, 0x0206, 0x0207, 0x0209, 0x020B,
    0x020C, 0x020D, 0x020E, 0x020F, 0x0210, 0x0211, 0x0212, 0x0213, 0x0214, 0x0215, 0x0216, 0x0217,
    0x0218, 0x0219, 0x021A, 0x021B, 0x021F, 0x0400, 0x0401, 0x0402, 0x0403, 0x0404, 0x0405, 0x0408,
    0x0409, 0x040A, 0x040B, 0x040C, 0x040E, 0x0410, 0x0411, 0x0412, 0x0413, 0x0414, 0x0415, 0x0416,
    0x0417, 0x041A, 0x041E, 0x0420, 0x0421, 0x0422, 0x0423, 0x0425, 0x0426, 0x0429, 0x042A, 0x042C,
    0x042D, 0x042E, 0x0430, 0x0431, 0x0432, 0x0433, 0x0434, 0x0435, 0x0437, 0x0438, 0x0439, 0x043B,
    0x043C, 0x043D, 0x043E, 0x043F, 0x0440, 0x0441, 0x0442, 0x0443, 0x0445, 0x0446, 0x0447, 0x0448,
    0x0449, 0x044A, 0x044B, 0x044C, 0x044D, 0x044E, 0x044F, 0x0450, 0x0451, 0x0453, 0x0454, 0x0455,
    0x0457, 0x0459, 0x045A, 0x045B, 0x045D, 0x045E, 0x045F, 0x0462, 0x0463, 0x046A, 0x0472, 0x0473,
    0x0474, 0x0475, 0x048A, 0x048B, 0x048C, 0x048D, 0x048E, 0x048F, 0x0490, 0x0491, 0x0492, 0x0493,
    0x0494, 0x0498, 0x0499, 0x049C, 0x049E, 0x04A0, 0x04A2, 0x04A3, 0x04A4, 0x04A5, 0x04A9, 0x04AA,
    0x04AB, 0x04AC, 0x04AD, 0x04AE, 0x04AF, 0x04B0, 0x04B1, 0x04B4, 0x04B5, 0x04B6, 0x04B7, 0x04B9,
    0x04BA, 0x04BB, 0x04BC, 0x04BD, 0x04BE, 0x04BF, 0x04C1, 0x04C3, 0x04C5, 0x04C6, 0x04C8, 0x04C9,
    0x04CA, 0x04CC, 0x04CD, 0x04CE, 0x04D0, 0x04D1, 0x04D2, 0x04D3, 0x04D4, 0x04D5, 0x04D6, 0x04D7,
    0x04D8, 0x04D9, 0x04DA, 0x04DB, 0x04DC, 0x04DE, 0x04DF, 0x04E0, 0x04E1, 0x04E3, 0x04E5, 0x04E6,
    0x04E7, 0x04E8, 0x04E9, 0x04EA, 0x04EB, 0x04EC, 0x04ED, 0x04EE, 0x04EF, 0x04F0, 0x04F1, 0x04F2,
    0x04F3, 0x04F5, 0x04F6, 0x04F7, 0x04F9, 0x04FA, 0x04FB, 0x04FC, 0x04FD, 0x04FE, 0x04FF, 0x0510,
    0x0511, 0x0513, 0x051A, 0x051B, 0x051C, 0x051D, 0x0524, 0x0525, 0x0526, 0x0527, 0x0529, 0x052E,
    0x052F, 0x05D0, 0x05D1, 0x05D2, 0x05D3, 0x05D5, 0x05D6, 0x05D8, 0x05D9, 0x05DB, 0x05DC, 0x05DE,
    0x05E0, 0x05E1, 0x05E2, 0x05E4, 0x05E6, 0x05E8, 0x05E9, 0x05EA, 0x1EA0, 0x1EA2, 0x1EA4, 0x1EA6,
    0x1EA8, 0x1EAA, 0x1EAC, 0x1EAE, 0x1EB0, 0x1EB2, 0x1EB4, 0x1EB6, 0x1EB8, 0x1EB9, 0x1EBA, 0x1EBB,
    0x1EBC, 0x1EBD, 0x1EBE, 0x1EBF, 0x1EC0, 0x1EC1, 0x1EC2, 0x1EC3, 0x1EC4, 0x1EC5, 0x1EC6, 0x1EC7,
    0x1EC9, 0x1ECB, 0x1ECC, 0x1ECD, 0x1ECE, 0x1ECF, 0x1ED0, 0x1ED1, 0x1ED2, 0x1ED3, 0x1ED4, 0x1ED5,
    0x1ED6, 0x1ED7, 0x1ED8, 0x1ED9, 0x1EDA, 0x1EDB, 0x1EDC, 0x1EDD, 0x1EDE, 0x1EDF, 0x1EE0, 0x1EE1,
    0x1EE2, 0x1EE3, 0x1EE4, 0x1EE5, 0x1EE6, 0x1EE7, 0x1EE8, 0x1EE9, 0x1EEA, 0x1EEB, 0x1EEC, 0x1EED,
    0x1EEE, 0x1EEF, 0x1EF0, 0x1EF1, 0x1EF2, 0x1EF3, 0x1EF4, 0x1EF5, 0x1EF6, 0x1EF7, 0x1EF8, 0x1EF9,
    0x2010, 0x2012, 0x2013, 0x2014, 0x2015, 0x2018, 0x2019, 0x201A, 0x201C, 0x201D, 0x201E, 0x2022,
    0x2026, 0x2032, 0x2033, 0x2039, 0x203A, 0x2044, 0x2070, 0x2074, 0x2075, 0x2076, 0x2077, 0x2078,
    0x2079, 0xFB02, 0xFB8C, 0xFEAD, 0xFEAE, 0xFEAF,
};

static const uint8_t nunito_10_regularKernLeftClassIds[] = {
      1,   2,   3,   2,   4,   5,   6,   7,   6,   8,   9,   9,  10,  11,  12,  13,
     14,  11,  15,  16,  17,  18,  19,  20,  11,  21,  22,  23,  24,  25,  26,  27,
     27,  28,  29,  30,   4,   6,  31,  32,  33,  34,  35,  36,  37,  31,  34,  34,
     38,  39,  31,  31,  32,  32,  40,  41,  42,  43,  37,  44,  44,  45,  44,  46,
      4,   7,  47,  11,  48,  49,   7,  11,  50,  51,  51,  37,   7,  51,  48,  52,
     53,  12,  12,  12,  12,  12,  12,  15,  14,  15,  15,  15,  15,  11,  11,  11,
     11,  11,  11,  11,  26,  26,  26,  26,  29,  54,  55,  35,  33,  35,  35,  35,
     35,  34,  56,  57,  58,  32,  31,  32,  32,  32,  32,  32,  32,  37,  37,  37,
     37,  44,  32,  44,  12,  12,  12,  31,  14,  33,  14,  33,  14,  33,  14,  33,
     11,  59,  11,  34,  15,  35,  15,  35,  15,  35,  15,  35,  15,  35,  17,  37,
     17,  37,  17,  37,  17,  37,  31,  31,  60,  61,  62,  34,  37,  18,  63,  19,
     38,  38,  20,  39,  20,  39,  64,  65,  20,  39,  20,  66,  31,  31,  31,  31,
     31,  11,  32,  11,  32,  11,  32,  15,  35,  23,  67,  23,  41,  23,  41,  24,
     42,  24,  42,  24,  42,  24,  42,  25,  43,  25,  68,  25,  43,  26,  37,  26,
     37,  26,  37,  26,  37,  26,  37,  26,  37,  27,  44,  29,  44,  29,  30,  46,
     30,  46,  30,  46,  11,  69,  70,  71,  30,  46,  46,  18,  34,  18,  34,  37,
     37,  17,  37,  38,  11,  32,  46,  12,  15,  35,  11,  32,  12,  12,  15,  35,
     15,  35,  72,  73,  11,  32,  11,  32,  23,  41,  23,  41,  26,  37,  26,  37,
     24,  42,  25,  43,  31,  74,  74,  75,  76,  77,  78,  79,  80,  80,  75,  81,
     82,  83,  84,  85,  76,  86,  74,  87,  85,  87,  88,  89,  77,  90,  82,  91,
     86,  86,  80,  80,  88,  88,  92,  93,  94,  95,  96,  97,  94,  98,  98,  98,
     98,  98,  93,  98,  93,  99, 100, 101, 102,  96,  98,  98,  96, 103,  98, 103,
     93,  93,  98,  97,  97,  95,  99, 104,  98, 103, 103,  92,  98, 101,  98,  80,
    103,  87,  88,  93, 105, 101,  86,  96,  80, 103,  89,  93,  76,  95,  76,  95,
     75,  85,  94,  87,  87,  87,  86,  96,  76,  95,  93,  77,  99,  90, 100, 106,
    101, 106, 101,  86,  96,  86,  96,  98,  75,  92,  77,  97,  77,  97,  87,  87,
     86,  96,  98,  86,  96,  98,  86,  96,  83,  92,  83,  92,  74,  97,  74,  97,
     88,  93,  88,  93,  87,  85,  94,  85,  94,  98,  98,  88,  93,  88,  93,  88,
     93,  88,  93,  82, 101,  82, 101,  82, 101,  98,  76,  95,  98,  76,  95,  91,
    102,  91, 102,  77,  99,  98,  88, 107, 105, 101,  86,  96,  86,  96,  98,  86,
     96, 108, 109, 110, 111, 112, 113, 114, 115, 116, 117, 118, 119, 120, 121, 122,
    123, 124, 125, 126,  12,  12,  12,  12,  12,  12,  12,  12,  12,  12,  12,  12,
     15,  35,  15,  35,  15,  35,  15, 127,  15, 127,  15,  35,  15,  35,  15,  35,
    128, 129,  11,  32,  11,  32,  11,  32,  11,  32,  11,  32,  11,  32,  11,  32,
     11, 130,  11,  69,  11,  69,  11,  69,  11, 130,  26,  37,  26,  37,  70,  71,
     70,  71,  70,  71,  70,  71,  70,  71,  29,  44,  29,  44,  29,  44,  29,  44,
      7,   7,   7,   7,   7, 131, 131,   6, 131, 131,   6,   7,   6,   2,   2,  49,
     52, 132,  51,  51,  51,  51,  51,  51,  51,  39, 133, 133, 133, 133,
};

static const uint16_t nunito_10_regularKernRightCodepoints[] = {
    0x0021, 0x0022, 0x0025, 0x0026, 0x0027, 0x0028, 0x0029, 0x002A, 0x002C, 0x002D, 0x002E, 0x002F,
    0x003A, 0x003B, 0x003F, 0x0040, 0x0041, 0x0042, 0x0043, 0x0044, 0x0045, 0x0046, 0x0047, 0x0048,
    0x0049, 0x004A, 0x004B, 0x004C, 0x004D, 0x004E, 0x004F, 0x0050, 0x0051, 0x0052, 0x0053, 0x0054,
    0x0055, 0x0056, 0x0057, 0x0058, 0x0059, 0x005A, 0x005B, 0x005C, 0x005D, 0x005F, 0x0061, 0x0062,
    0x0063, 0x0064, 0x0065, 0x0066, 0x0067, 0x0068, 0x0069, 0x006A, 0x006B, 0x006C, 0x006D, 0x006E,
    0x006F, 0x0070, 0x0071, 0x0072, 0x0073, 0x0074, 0x0075, 0x0076, 0x0077, 0x0078, 0x0079, 0x007A,
    0x007B, 0x007C, 0x007D, 0x00A1, 0x00A6, 0x00A7, 0x00A9, 0x00AA, 0x00AB, 0x00AD, 0x00AE, 0x00B0,
    0x00B5, 0x00B6, 0x00B7, 0x00BA, 0x00BB, 0x00BF, 0x00C0, 0x00C1, 0x00C2, 0x00C3, 0x00C4, 0x00C5,
    0x00C6, 0x00C7, 0x00C8, 0x00C9, 0x00CA, 0x00CB, 0x00CC, 0x00CD, 0x00CE, 0x00CF, 0x00D0, 0x00D1,
    0x00D2, 0x00D3, 0x00D4, 0x00D5, 0x00D6, 0x00D8, 0x00D9, 0x00DA, 0x00DB, 0x00DC, 0x00DD, 0x00DE,
    0x00DF, 0x00E6, 0x00E7, 0x00E8, 0x00E9, 0x00EA, 0x00EB, 0x00EC, 0x00ED, 0x00EE, 0x00EF, 0x00F0,
    0x00F1, 0x00F2, 0x00F3, 0x00F4, 0x00F5, 0x00F6, 0x00F8, 0x00F9, 0x00FA, 0x00FB, 0x00FC, 0x00FD,
    0x00FE, 0x00FF, 0x0100, 0x0102, 0x0104, 0x0105, 0x0106, 0x0107, 0x0108, 0x0109, 0x010A, 0x010B,
    0x010C, 0x010D, 0x010E, 0x010F, 0x0110, 0x0111, 0x0112, 0x0113, 0x0114, 0x0115, 0x0116, 0x0117,
    0x0118, 0x0119, 0x011A, 0x011B, 0x011C, 0x011D, 0x011E, 0x011F, 0x0120, 0x0121, 0x0122, 0x0123,
    0x0124, 0x0125, 0x0126, 0x0127, 0x0128, 0x0129, 0x012A, 0x012B, 0x012C, 0x012D, 0x012E, 0x012F,
    0x0130, 0x0131, 0x0134, 0x0135, 0x0136, 0x0137, 0x0138, 0x0139, 0x013A, 0x013B, 0x013C, 0x013D,
    0x013E, 0x013F, 0x0140, 0x0142, 0x0143, 0x0144, 0x0145, 0x0146, 0x0147, 0x0148, 0x014A, 0x014B,
    0x014C, 0x014D, 0x014E, 0x014F, 0x0150, 0x0151, 0x0152, 0x0153, 0x0154, 0x0155, 0x0156, 0x0157,
    0x0158, 0x0159, 0x015A, 0x015B, 0x015C, 0x015D, 0x015E, 0x015F, 0x0160, 0x0161, 0x0162, 0x0163,
    0x0164, 0x0165, 0x0166, 0x0167, 0x0168, 0x0169, 0x016A, 0x016B, 0x016C, 0x016D, 0x016E, 0x016F,
    0x0170, 0x0171, 0x0172, 0x0173, 0x0174, 0x0175, 0x0176, 0x0177, 0x0178, 0x0179, 0x017A, 0x017B,
    0x017C, 0x017D, 0x017E, 0x01A0, 0x01A1, 0x01AF, 0x01B0, 0x01C4, 0x01C5, 0x01C6, 0x01C7, 0x01C8,
    0x01C9, 0x01CA, 0x01CB, 0x01CC, 0x01D4, 0x01E5, 0x01E6, 0x01E7, 0x01E9, 0x01EA, 0x01EB, 0x01EF,
    0x01FA, 0x01FC, 0x01FD, 0x01FE, 0x01FF, 0x0200, 0x0202, 0x0204, 0x0205, 0x0206, 0x0207, 0x0208,
    0x0209, 0x020A, 0x020B, 0x020C, 0x020D, 0x020E, 0x020F, 0x0210, 0x0211, 0x0212, 0x0213, 0x0214,
    0x0215, 0x0216, 0x0217, 0x0218, 0x0219, 0x021A, 0x021B, 0x021F, 0x0402, 0x0404, 0x0405, 0x0408,
    0x0409, 0x040B, 0x040E, 0x0410, 0x0414, 0x0417, 0x041B, 0x041E, 0x0421, 0x0422, 0x0423, 0x0425,
    0x0427, 0x042A, 0x042D, 0x042F, 0x0430, 0x0431, 0x0432, 0x0433, 0x0434, 0x0435, 0x0437, 0x0438,
    0x0439, 0x043A, 0x043B, 0x043C, 0x043D, 0x043E, 0x043F, 0x0440, 0x0441, 0x0442, 0x0443, 0x0445,
    0x0446, 0x0447, 0x0448, 0x0449, 0x044A, 0x044B, 0x044C, 0x044D, 0x044E, 0x044F, 0x0450, 0x0451,
    0x0452, 0x0453, 0x0454, 0x0455, 0x0456, 0x0457, 0x0458, 0x0459, 0x045A, 0x045B, 0x045C, 0x045D,
    0x045E, 0x045F, 0x0463, 0x0472, 0x0473, 0x0474, 0x0475, 0x048B, 0x048D, 0x048F, 0x0491, 0x0493,
    0x0495, 0x0498, 0x0499, 0x049B, 0x049D, 0x049F, 0x04A0, 0x04A1, 0x04A3, 0x04A5, 0x04A8, 0x04A9,
    0x04AA, 0x04AB, 0x04AC, 0x04AD, 0x04AE, 0x04AF, 0x04B0, 0x04B1, 0x04B2, 0x04B3, 0x04B4, 0x04B5,
    0x04B6, 0x04B7, 0x04B8, 0x04B9, 0x04BB, 0x04C4, 0x04C5, 0x04C6, 0x04C8, 0x04CA, 0x04CB, 0x04CC,
    0x04CE, 0x04CF, 0x04D0, 0x04D1, 0x04D2, 0x04D3, 0x04D4, 0x04D5, 0x04D7, 0x04D8, 0x04D9, 0x04DA,
    0x04DB, 0x04DE, 0x04DF, 0x04E0, 0x04E1, 0x04E3, 0x04E5, 0x04E6, 0x04E7, 0x04E8, 0x04E9, 0x04EA,
    0x04EB, 0x04EC, 0x04ED, 0x04EE, 0x04EF, 0x04F0, 0x04F1, 0x04F2, 0x04F3, 0x04F4, 0x04F5, 0x04F7,
    0x04F9, 0x04FB, 0x04FC, 0x04FD, 0x04FE, 0x04FF, 0x0512, 0x0513, 0x051A, 0x051B, 0x051C, 0x051D,
    0x0525, 0x0527, 0x0529, 0x052E, 0x052F, 0x05D0, 0x05D1, 0x05D2, 0x05D3, 0x05D4, 0x05D6, 0x05D7,
    0x05D8, 0x05D9, 0x05DA, 0x05DB, 0x05DC, 0x05DD, 0x05DE, 0x05E1, 0x05E2, 0x05E3, 0x05E4, 0x05E5,
    0x05E7, 0x05E8, 0x05E9, 0x05EA, 0x06D5, 0x1EA0, 0x1EA2, 0x1EA4, 0x1EA6, 0x1EA8, 0x1EAA, 0x1EAC,
    0x1EAE, 0x1EB0, 0x1EB2, 0x1EB4, 0x1EB6, 0x1EB8, 0x1EB9, 0x1EBA, 0x1EBB, 0x1EBC, 0x1EBD, 0x1EBE,
    0x1EBF, 0x1EC0, 0x1EC1, 0x1EC2, 0x1EC3, 0x1EC4, 0x1EC5, 0x1EC6, 0x1EC7, 0x1EC8, 0x1EC9, 0x1ECA,
    0x1ECB, 0x1ECC, 0x1ECD, 0x1ECE, 0x1ECF, 0x1ED0, 0x1ED1, 0x1ED2, 0x1ED3, 0x1ED4, 0x1ED5, 0x1ED6,
    0x1ED7, 0x1ED8, 0x1ED9, 0x1EDA, 0x1EDB, 0x1EDC, 0x1EDD, 0x1EDE, 0x1EDF, 0x1EE0, 0x1EE1, 0x1EE2,
    0x1EE3, 0x1EE4, 0x1EE5, 0x1EE6, 0x1EE7, 0x1EE8, 0x1EE9, 0x1EEA, 0x1EEB, 0x1EEC, 0x1EED, 0x1EEE,
    0x1EEF, 0x1EF0, 0x1EF1, 0x1EF2, 0x1EF3, 0x1EF4, 0x1EF5, 0x1EF6, 0x1EF7, 0x1EF8, 0x1EF9, 0x2010,
    0x2012, 0x2013, 0x2014, 0x2015, 0x2018, 0x2019, 0x201A, 0x201C, 0x201D, 0x201E, 0x2020, 0x2021,
    0x2022, 0x2026, 0x2030, 0x2032, 0x2033, 0x2039, 0x203A, 0x2044, 0x2081, 0x2084, 0xFB01, 0xFB02,
    0xFB8E, 0xFBA6, 0xFBAA, 0xFE8D, 0xFEA3, 0xFEA9, 0xFEB1, 0xFEB3, 0xFEB9, 0xFEBB, 0xFEC1, 0xFEC3,
    0xFECB, 0xFEDB, 0xFEDF, 0xFEE1, 0xFEE3, 0xFEEB,
};

static const uint8_t nunito_10_regularKernRightClassIds[] = {
      1,   2,   3,   4,   2,   5,   6,   7,   8,   9,   8,  10,  11,  11,  12,  13,
     14,  15,  13,  15,  15,  15,  13,  15,  15,  16,  15,  15,  15,  15,  13,  15,
     13,  15,  17,  18,  19,  20,  20,  21,  22,  23,   5,  24,   6,   8,  25,  26,
     27,  27,  27,  28,  27,  26,  26,  29,  26,  26,  30,  30,  27,  30,  27,  30,
     31,  32,  33,  34,  34,  35,  34,  36,   9,  15,   6,  37,  15,   5,  13,  38,
     39,   9,  13,  40,  30,  41,   9,  38,  42,  43,  14,  14,  14,  14,  14,  14,
     14,  13,  15,  15,  15,  15,  15,  15,  15,  15,  15,  15,  13,  13,  13,  13,
     13,  13,  19,  19,  19,  19,  22,  15,  26,  25,  27,  27,  27,  27,  27,  26,
     26,  26,  26,  27,  30,  27,  27,  27,  27,  27,  27,  33,  33,  33,  33,  34,
     26,  34,  14,  14,  14,  25,  13,  27,  13,  27,  13,  27,  13,  27,  15,  27,
     15,  27,  15,  27,  15,  27,  15,  27,  15,  27,  15,  27,  13,  27,  13,  27,
     13,  27,  13,  27,  15,  26,  44,  45,  15,  26,  15,  26,  15,  26,  15,  46,
     15,  30,  16,  26,  15,  26,  30,  15,  26,  15,  26,  15,  26,  15,  26,  26,
     15,  30,  15,  30,  15,  30,  15,  30,  13,  27,  13,  27,  13,  27,  13,  27,
     15,  30,  15,  30,  15,  30,  17,  31,  17,  31,  17,  31,  17,  31,  18,  47,
     18,  48,  18,  49,  19,  33,  19,  33,  19,  33,  19,  33,  19,  33,  19,  33,
     20,  34,  22,  34,  22,  23,  36,  23,  36,  23,  36,  13,  27,  19,  33,  15,
     15,  27,  15,  15,  26,  15,  15,  30,  33,  27,  13,  27,  26,  13,  27,  36,
     14,  14,  25,  13,  27,  14,  14,  15,  27,  15,  27,  15,  26,  15,  26,  13,
     27,  13,  27,  15,  30,  15,  30,  19,  33,  19,  33,  17,  31,  18,  47,  26,
     50,  51,  52,  53,  54,  50,  55,  56,  57,  58,  54,  51,  51,  50,  55,  59,
     60,  50,  61,  62,  63,  64,  65,  65,  66,  67,  68,  65,  65,  65,  69,  65,
     65,  67,  65,  65,  67,  70,  71,  72,  65,  73,  65,  65,  70,  65,  65,  74,
     65,  75,  67,  67,  76,  65,  67,  77,  76,  65,  76,  69,  65,  76,  65,  65,
     71,  65,  76,  51,  67,  78,  71,  65,  76,  65,  65,  65,  65,  58,  68,  65,
     65,  76,  50,  70,  65,  65,  51,  67,  51,  67,  50,  70,  79,  71,  79,  71,
     59,  72,  50,  70,  60,  73,  60,  73,  76,  65,  54,  69,  65,  65,  60,  73,
     65,  76,  56,  63,  56,  63,  56,  63,  67,  51,  67,  51,  67,  58,  80,  58,
     68,  65,  65,  51,  67,  51,  67,  51,  67,  61,  74,  55,  71,  55,  71,  55,
     71,  60,  73,  65,  65,  65,  59,  72,  59,  72,  54,  69,  51,  67,  78,  71,
     65,  76,  65,  54,  69,  81,  82,  83,  84,  85,  86,  87,  88,  89,  90,  91,
     92,  93,  94,  95,  96,  97,  98,  99, 100, 101, 102, 103, 104,  14,  14,  14,
     14,  14,  14,  14,  14,  14,  14,  14,  14,  15,  27,  15,  27,  15,  27,  15,
     27,  15,  27,  15,  27,  15,  27,  15,  27,  15,  26,  15,  26,  13,  27,  13,
     27,  13,  27,  13,  27,  13,  27,  13,  27,  13,  27,  13,  27,  13,  27,  13,
     27,  13,  27,  13,  27,  19,  33,  19,  33,  19,  33,  19,  33,  19,  33,  19,
     33,  19,  33,  22,  34,  22,  34,  22,  34,  22,  34,   9,   9,   9,   9,   9,
    105, 105,   8, 105, 105,   8, 106, 107,   9,   8,   3,   2,   2,  39,  42, 108,
    109, 110,  28,  28, 104, 104, 104, 111, 104, 112, 112, 112, 112, 112, 112, 112,
    111, 104, 111, 104, 104, 104,
};

static const uint16_t nunito_10_regularKernRowOffsets[] = {
        0,    14,    23,    32,    56,    94,   140,   181,   232,   247,   260,   276,   304,   314,   342,   365,
      395,   404,   406,   440,   469,   501,   517,   537,   558,   596,   601,   638,   668,   705,   733,   739,
      757,   770,   772,   785,   811,   812,   831,   856,   858,   882,   895,   915,   937,   952,   964,   979,
     1004,  1029,  1064,  1065,  1094,  1138,  1156,  1172,  1179,  1186,  1193,  1200,  1207,  1214,  1221,  1228,
     1257,  1280,  1305,  1329,  1349,  1367,  1382,  1402,  1409,  1416,  1430,  1432,  1452,  1470,  1483,  1485,
     1490,  1509,  1518,  1542,  1544,  1556,  1562,  1587,  1603,  1628,  1662,  1681,  1687,  1702,  1709,  1717,
     1722,  1735,  1739,  1746,  1755,  1778,  1798,  1810,  1820,  1857,  1883,  1885,  1891,  1896,  1903,  1914,
     1920,  1921,  1930,  1941,  1947,  1957,  1962,  1965,  1972,  1974,  1981,  1988,  1998,  2005,  2015,  2028,
     2034,  2039,  2057,  2092,  2094,  2097,
};

static const uint8_t nunito_10_regularKernSparseCols[] = {
      5,   6,   8,   9,  11,  15,  17,  19,  21,  42,  49,  52,  77,  78,  53,  56,
     65,  67,  68,  72,  73,  74,  79,  15,  17,  19,  20,  21,  24,  26,  30,  33,
      0,   5,   9,  11,  12,  17,  19,  20,  21,  22,  26,  28,  36,  37,  39,  42,
     45,  49,  50,  58,  66,  77,  78, 104,   0,   7,   8,   9,  10,  11,  13,  15,
     17,  19,  20,  21,  22,  25,  26,  27,  30,  31,  33,  34,  36,  37,  38,  41,
     42,  44,  45,  46,  47,  48,  52,  55,  58,  66,  70,  76,  77,  78,   6,   8,
      9,  11,  12,  13,  15,  16,  17,  18,  19,  20,  21,  22,  24,  26,  27,  28,
     30,  31,  32,  33,  34,  37,  38,  39,  41,  46,  47,  48,  49,  50,  51,  52,
     55,  58,  62,  66,  69,  70,  71,  72,  76,  77,  78, 104,   0,   6,   7,  10,
     11,  13,  15,  16,  17,  19,  20,  21,  26,  30,  33,  34,  35,  36,  37,  39,
     41,  42,  49,  50,  51,  52,  53,  54,  55,  56,  58,  59,  65,  66,  68,  70,
     71,  76,  77,  78, 104,   0,   5,   7,   8,   9,  10,  11,  12,  13,  15,  17,
     19,  20,  21,  22,  24,  25,  26,  29,  30,  31,  32,  33,  34,  35,  36,  37,
     38,  39,  41,  42,  44,  45,  46,  47,  48,  49,  50,  52,  55,  58,  62,  64,
     66,  70,  71,  75,  76,  77,  78, 104,   6,   8,   9,  11,  15,  17,  19,  21,
     27,  28,  49,  52,  77,  78, 104,   5,   6,   7,   8,   9,  11,  37,  38,  39,
     41,  42, 104, 105,   5,   7,   9,  11,  13,  15,  17,  19,  20,  21,  22,  28,
     37,  38,  39, 104,   6,   7,   8,   9,  11,  12,  15,  16,  17,  18,  19,  20,
     21,  22,  26,  27,  30,  31,  33,  34,  37,  38,  39,  41,  46,  47,  48, 104,
      7,  13,  15,  17,  19,  20,  21,  37,  39, 104,   3,   7,   8,   9,  11,  12,
     13,  15,  16,  17,  19,  20,  21,  22,  24,  26,  27,  30,  31,  32,  33,  34,
     35,  37,  38,  46,  47,  48,   5,   7,   9,  11,  12,  13,  15,  16,  17,  19,
     20,  21,  24,  26,  27,  30,  31,  33,  38,  39,  46,  47,  48,   0,   5,   7,
      8,   9,  11,  12,  13,  15,  16,  19,  20,  21,  22,  24,  25,  26,  29,  30,
     32,  33,  34,  35,  37,  38,  39,  41,  44,  45, 104,   5,   9,  17,  19,  20,
     21,  37,  39, 104,   7,  15,   0,   5,   6,   7,   8,   9,  11,  12,  13,  15,
     16,  17,  18,  19,  20,  21,  25,  26,  27,  30,  31,  32,  33,  34,  35,  37,
     38,  41,  44,  45,  46,  47,  48, 104,   6,   7,   8,   9,  10,  11,  12,  13,
     15,  16,  17,  18,  19,  20,  21,  26,  27,  30,  31,  32,  33,  34,  37,  38,
     39,  46,  47,  48, 104,   0,   3,   5,   6,   7,   8,   9,  10,  11,  12,  13,
     15,  17,  20,  21,  22,  24,  26,  29,  30,  31,  32,  34,  35,  37,  38,  39,
     41,  46,  47,  48, 104,   5,   7,   9,  11,  13,  15,  17,  19,  20,  21,  22,
     28,  37,  38,  39, 104,   7,   8,   9,  12,  13,  15,  17,  19,  20,  21,  24,
     26,  30,  34,  35,  37,  38,  39,  41, 104,   6,   7,   8,   9,  11,  13,  15,
     17,  19,  20,  21,  22,  27,  31,  33,  37,  39,  46,  47,  48, 104,   0,   3,
      5,   6,   7,   8,   9,  10,  11,  12,  13,  15,  16,  17,  19,  21,  22,  24,
     25,  26,  27,  29,  30,  31,  32,  33,  34,  35,  37,  38,  39,  41,  44,  45,
     46,  47,  48, 104,   7,   9,  13,  15,  20,   0,   3,   5,   6,   7,   8,   9,
     10,  11,  12,  13,  15,  16,  17,  20,  21,  24,  25,  26,  27,  29,  30,  31,
     32,  33,  34,  35,  37,  38,  39,  41,  44,  45,  46,  47,  48, 104,   0,   5,
      6,   7,   8,   9,  11,  12,  13,  15,  16,  18,  19,  21,  25,  26,  27,  30,
     31,  33,  34,  35,  37,  38,  41,  44,  45,  46,  47,  48,   0,   3,   5,   6,
      7,   8,   9,  10,  11,  12,  13,  14,  15,  16,  17,  19,  20,  21,  24,  26,
     27,  29,  30,  31,  32,  33,  34,  35,  37,  38,  39,  41,  43,  46,  47,  48,
    104,   5,   6,   7,   8,   9,  11,  12,  13,  15,  16,  17,  19,  24,  26,  27,
     30,  31,  32,  33,  34,  35,  38,  39,  41,  46,  47,  48, 104,   6,  11,  33,
     37,  39, 104,   5,   6,   7,   8,  11,  27,  31,  33,  34,  35,  37,  38,  39,
     41,  46,  47,  48, 104,   5,   7,   8,   9,  10,  24,  26,  33,  34,  37,  38,
     39, 104,   6, 104,   5,   6,   8,   9,  11,  33,  34,  35,  37,  38,  39,  41,
    104,   0,   3,   5,   6,   7,   8,  10,  11,  24,  26,  27,  30,  31,  33,  34,
     35,  37,  38,  39,  41,  44,  46,  47,  48, 104, 105,  11,   6,   7,   8,   9,
     11,  24,  26,  30,  31,  33,  34,  35,  37,  38,  41,  46,  47,  48, 104,   1,
      2,   3,   4,   5,   6,   7,   8,   9,  11,  12,  23,  26,  27,  30,  31,  33,
     38,  39,  40,  42,  46,  47,  48, 104,  11,  28,   0,   3,   5,   6,   7,   8,
      9,  10,  24,  26,  27,  30,  31,  33,  34,  35,  37,  38,  39,  41,  46,  47,
     48, 104,   6,   7,  11,  31,  33,  34,  35,  37,  39,  46,  47,  48, 104,   5,
      6,   7,   8,   9,  11,  25,  26,  27,  31,  33,  34,  37,  38,  44,  45,  46,
     47,  48, 104,   3,   6,   7,   8,   9,  11,  24,  26,  27,  30,  31,  33,  34,
     35,  37,  38,  39,  41,  46,  47,  48, 104,   6,   7,   8,   9,  11,  24,  26,
     30,  33,  35,  37,  38,  39,  41, 104,   8,  11,  15,  24,  26,  30,  33,  34,
     38,  39,  41, 104,   5,   6,   8,   9,  11,  15,  17,  19,  21,  28,  42,  49,
     52,  77,  78,   5,   6,   7,   8,   9,  11,  12,  13,  15,  16,  17,  19,  20,
     21,  24,  26,  27,  30,  31,  33,  34,  42,  46,  47,  48,   6,   7,   8,   9,
     11,  13,  17,  19,  20,  21,  24,  26,  33,  34,  35,  42,  49,  55,  58,  62,
     66,  70,  71,  77,  78,   5,   7,   8,   9,  11,  12,  13,  15,  16,  17,  19,
     21,  22,  24,  26,  27,  30,  31,  33,  34,  42,  46,  47,  48,  49,  51,  52,
     55,  62,  66,  70,  71,  76,  77,  78, 107,   6,   7,  11,  12,  13,  15,  16,
     17,  19,  20,  21,  22,  24,  26,  33,  34,  35,  49,  50,  51,  52,  55,  58,
     62,  66,  70,  71,  77,  78,   5,   6,   8,   9,  11,  12,  15,  16,  17,  18,
     19,  21,  22,  25,  26,  27,  28,  30,  31,  33,  34,  35,  36,  37,  38,  39,
     41,  42,  44,  45,  46,  47,  48,  49,  50,  51,  52,  66,  70,  71,  76,  77,
     78, 104,   5,   6,   7,   9,  11,  13,  15,  16,  17,  19,  20,  21,  22,  31,
     46,  47,  48, 104,   0,   5,   6,   7,   8,   9,  11,  27,  30,  31,  33,  34,
     46,  47,  48, 104,   5,   6,  11,  25,  44,  45, 104,   5,   6,  11,  25,  44,
     45, 104,   5,   6,  11,  25,  44,  45, 104,   5,   6,  11,  25,  44,  45, 104,
      5,   6,  11,  25,  44,  45, 104,   5,   6,  11,  25,  44,  45, 104,   5,   6,
     11,  25,  44,  45, 104,   5,   6,  11,  25,  44,  45, 104,   6,   7,   8,   9,
     10,  11,  12,  13,  15,  16,  17,  18,  19,  20,  21,  26,  27,  30,  31,  32,
     33,  34,  37,  38,  39,  46,  47,  48, 104,   0,   1,   2,   5,   6,   7,   8,
      9,  11,  23,  25,  26,  28,  30,  33,  38,  39,  40,  44,  45, 104, 105, 106,
      1,   2,   3,   4,   5,   6,   7,   8,   9,  11,  12,  23,  26,  27,  30,  31,
     33,  38,  39,  40,  42,  46,  47,  48, 104,   0,   3,   5,   6,   7,   8,   9,
     10,  24,  26,  27,  30,  31,  33,  34,  35,  37,  38,  39,  41,  46,  47,  48,
    104,   5,   6,   7,   8,   9,  11,  25,  26,  27,  31,  33,  34,  37,  38,  44,
     45,  46,  47,  48, 104,   5,   6,   7,   8,  11,  27,  31,  33,  34,  35,  37,
     38,  39,  41,  46,  47,  48, 104,   0,   5,   6,   7,   9,  11,  15,  17,  19,
     20,  21,  22,  37,  39, 104,   0,   5,   6,   7,   8,  11,  25,  27,  29,  31,
     33,  37,  38,  39,  44,  45,  46,  47,  48, 104,   5,   6,  11,  25,  44,  45,
    104,   5,   6,  11,  25,  44,  45, 104,   5,   7,   9,  11,  38,  39,  49,  50,
     51,  52,  55,  58,  77,  78,  49,  54,  50,  53,  55,  56,  61,  62,  63,  64,
     65,  66,  67,  68,  69,  70,  71,  72,  73,  74,  76,  79,   7,   8,   9,  11,
     38,  49,  50,  51,  52,  55,  58,  62,  66,  70,  71,  76,  77,  78,   6,   7,
      8,   9,  11,  39,  49,  52,  55,  58,  70,  77,  78,   7,  52,  49,  54,  55,
     56,  58,   5,   6,   7,   8,   9,  38,  41,  50,  51,  52,  55,  58,  66,  70,
     71,  76,  77,  78, 104,  50,  56,  64,  66,  67,  68,  69,  76,  79,   6,   7,
      8,   9,  11,  38,  39,  41,  49,  50,  51,  52,  54,  58,  59,  63,  69,  70,
     71,  72,  76,  77,  78, 104,  56,  61,   7,  39,  49,  52,  53,  54,  55,  56,
     58,  77,  78, 104,   1,   8,  49,  59,  69,  70,   5,   6,   7,   8,   9,  38,
     41,  50,  51,  52,  55,  57,  58,  59,  60,  63,  66,  69,  70,  71,  72,  76,
     77,  78, 104,   5,   7,   8,   9,  38,  49,  52,  54,  55,  56,  58,  65,  68,
     77,  78, 104,   0,   5,   6,   7,   8,   9,  10,  11,  38,  39,  41,  49,  50,
     52,  53,  55,  56,  58,  62,  64,  66,  71,  76,  78, 104,   0,   5,   7,   8,
      9,  10,  11,  38,  39,  41,  49,  50,  51,  52,  53,  55,  56,  62,  63,  64,
     65,  66,  67,  68,  69,  70,  71,  72,  73,  74,  76,  77,  78,  79,   5,   6,
      7,   8,   9,  11,  38,  41,  50,  51,  52,  55,  63,  66,  70,  71,  76,  77,
     78,   6,  11,  39,  49,  54, 104,   5,   6,   7,   8,  11,  38,  39,  41,  49,
     54,  56,  68,  70,  71, 104,  49,  54,  58,  59,  65,  69,  72,   7,  49,  56,
     67,  68,  69,  74,  79,   1,   8,  49,  54, 104,   5,   6,   8,   9,  11,  38,
     39,  41,  49,  54,  70,  71, 104,  11,  49,  54,  59,   5,   7,   9,  10,  38,
     39, 104,   7,  49,  54,  55,  65,  66,  68,  69,  70,   6,   7,   8,   9,  11,
     38,  39,  41,  49,  50,  54,  56,  58,  62,  65,  66,  67,  68,  69,  71,  76,
     79, 104,   7,   8,   9,  11,  38,  39,  41,  49,  54,  62,  63,  65,  66,  67,
     70,  72,  73,  76,  79, 104,   1,  49,  50,  54,  59,  67,  69,  70,  71,  74,
     79, 104,   6,   7,  11,  39,  49,  54,  59,  70,  71, 104,   0,   5,   6,   7,
      8,   9,  10,  11,  38,  39,  41,  49,  50,  51,  52,  53,  55,  56,  57,  58,
     62,  63,  64,  65,  66,  67,  68,  69,  70,  71,  72,  73,  74,  76,  78,  79,
    104,   0,   5,   6,   7,   8,   9,  10,  11,  38,  39,  41,  49,  50,  51,  52,
     55,  58,  62,  64,  66,  70,  71,  76,  77,  78, 104,  11,  75,  88,  90,  91,
     97,  99, 101,  83,  89,  94,  97, 100,  81,  87,  88,  90,  91,  93,  97,  81,
     84,  87,  89,  90,  92,  93,  94,  96,  97, 100,  81,  87,  92,  94,  97, 100,
     81,  83,  87,  89,  90,  96,  97,  98,  99, 100,  81,  84,  86,  87,  90,  92,
     93,  94,  97, 100, 102,  87,  90,  93,  94,  96,  97,  81,  82,  87,  89,  90,
     94,  96,  97, 101, 102,  90,  92,  93,  94,  97,  87,  88,  90,  87,  89,  91,
     94,  96,  97, 100,  87,  94,  89,  90,  91,  94,  96,  97, 101,  80,  81,  83,
     88,  92,  94,  97,  81,  87,  89,  90,  93,  94,  96,  97, 100, 102,  81,  87,
     90,  92,  94,  97, 100,  83,  85,  88,  90,  91,  93,  94,  95,  97, 101,   5,
      6,   8,   9,  11,  33,  34,  35,  37,  38,  39,  41, 104,   5,   6,  25,  44,
     45, 104,   6,  25,  44,  45, 104,   5,   6,   7,   8,  11,  27,  31,  33,  34,
     35,  37,  38,  39,  41,  46,  47,  48, 104,   5,   7,   8,   9,  10,  11,  12,
     13,  15,  16,  17,  19,  21,  25,  26,  27,  30,  31,  33,  34,  42,  44,  45,
     46,  47,  48,  50,  52,  55,  66,  70,  71,  76,  77,  78, 108, 109, 103, 110,
    111,
};

static const int8_t nunito_10_regularKernSparseValues[] = {
       1,   -3,   -3,    2,   -3,   10,   -3,   -3,   -3,    3,   -3,   10,   -3,   -3,  -17,  -15,
     -17,  -13,  -23,   -8,  -12,  -18,  -13,    8,   -9,   -9,   -3,   -8,    1,   -3,    4,   -4,
       1,   13,   13,    8,   -3,   13,   10,    3,   11,    7,   -3,   35,    1,    3,    1,    7,
       4,   11,   -3,    3,   -2,   10,   11,    3,   -3,  -15,  -21,  -37,   -3,    3,  -24,  -18,
       4,    3,   -4,    5,   -1,    4,   -5,    9,   -1,    9,    5,    3,   -3,    7,  -14,   -4,
     -17,    4,    4,    9,    9,    9,  -18,  -20,   -4,   -5,    3,   -1,    3,    3,  -17,  -14,
      23,  -24,  -12,    7,   11,    3,  -20,   -7,  -17,    3,  -21,    3,   -1,   -7,   -7,    3,
       1,  -10,   -2,  -16,    4,  -17,  -10,  -21,    3,  -10,  -10,  -10,  -20,  -10,    3,   11,
       7,    3,   -2,   -6,  -12,  -12,    4,  -21,    2,  -15,  -20,  -17,   -3,  -21,  -14,   -5,
     -10,   -6,   -9,   -7,  -15,  -16,   -9,  -16,    5,    1,   -6,  -10,   -3,   -3,  -15,  -17,
      -9,  -15,  -15,   -1,   -7,   -9,  -20,  -33,   -5,  -10,   -9,  -17,   -7,    5,  -13,   -5,
     -10,    1,  -14,  -15,  -14,   -4,   13,  -36,  -21,  -14,   -7,   17,   -3,   -7,  -13,   13,
      13,    3,   13,    6,  -20,   -1,  -20,  -20,  -20,   -3,  -20,  -10,  -17,  -20,  -20,    8,
     -21,    2,  -17,  -20,   -1,   -1,   -3,   -3,   -3,   13,   -3,  -13,   -7,    3,  -20,  -20,
     -20,  -10,  -17,   -1,  -20,   13,   13,   11,   -3,   -5,   19,   -3,    7,  -11,   -8,  -12,
       1,    3,   -8,    4,   -4,   -8,   -4,    1,    1,  -29,   -1,   -3,    1,    7,    2,    4,
       2,   -6,    1,    7,   -3,  -12,   -3,   -2,   -4,  -10,  -15,   -5,   -9,  -15,   -5,    3,
       2,   -1,   -2,   -3,  -24,    7,   -6,   10,  -15,   -4,    7,   -2,  -25,   -2,  -18,   -6,
     -22,   -3,   -2,   -2,   -2,   -4,   -9,   -7,  -28,   -5,  -27,   -3,   -4,   -4,   -4,  -19,
      -3,   -3,   -3,   -3,   -3,   -4,   -5,    2,    1,   -1,   -7,    3,  -10,    6,    7,   -7,
      -6,   -2,   -4,   -3,   -5,   -6,   -6,   -2,   -5,  -12,   -5,   -3,   -5,   -4,   -7,   -3,
      -5,    1,   -6,   -5,   -5,   -5,    1,    3,   11,    2,   -1,   -5,    1,   -3,   -4,   -2,
      -3,   -2,   -3,   -1,   -2,   -3,   -2,   -3,   -4,    2,   -2,   -2,   -2,    1,    4,   -9,
      -2,   -9,    3,   -6,  -19,  -17,   -8,    1,   -6,   -2,   -3,   -7,    6,   -6,   -3,   -6,
      -4,   -2,   -4,  -12,    4,   -8,    4,   -5,    6,    6,    3,   -2,    2,   -4,   -3,   -2,
      -5,   -3,   -2,   -3,   -5,   -7,    6,    1,   -6,    4,  -10,   13,    2,  -10,   -9,   10,
      -9,  -11,   -3,   -5,   -3,  -11,    4,   -4,   -4,   -3,   -5,   -3,   -9,  -15,   -6,   -2,
     -14,   -3,    4,    4,   -5,   -5,   -5,   -1,  -16,    4,  -13,   15,    2,  -25,  -12,   -7,
      13,   -6,  -42,   -9,  -32,   -7,  -39,   -2,   -4,   -2,   -8,   -3,  -14,   -7,  -21,   -7,
     -24,   -8,   -8,   -8,  -21,    1,   -6,   -3,    1,  -17,  -10,  -20,   -3,    1,   -3,  -24,
     -21,   -6,  -10,   -1,   -7,   -8,   -7,   -3,   -6,    4,   -2,   -5,   -7,    8,  -12,   15,
      -6,    4,    4,    4,    7,   -3,  -12,   -3,   -2,   -4,  -10,  -15,   -5,   -9,  -15,   -5,
       7,    2,   -1,   -2,   -3,    2,   -5,    9,   -2,   -4,    1,   -7,   -4,   -3,   -2,   -1,
      -4,   -3,   -3,   -1,    1,   -5,    7,   -4,    1,   -3,   -3,    1,    2,    2,   -1,   -3,
      -5,   -4,   -3,   -5,   -2,   -1,   -1,   -2,    1,    1,   -1,   -1,   -1,   -5,    1,   -9,
      13,    4,  -20,  -15,  -17,  -11,    5,  -15,  -25,  -19,   -8,    4,    4,    3,   -1,  -25,
       9,  -25,  -10,  -25,  -25,  -11,  -24,  -24,  -25,  -25,    5,  -20,    4,  -20,    9,    9,
     -11,  -11,  -11,    4,   -7,   -3,   -2,   -9,   -3,    1,   -9,   10,    3,  -17,  -16,   -7,
      -9,    4,   -5,  -18,  -19,   -4,    4,   -5,    3,  -19,    8,  -20,   -5,  -19,  -20,   -4,
     -17,   -9,  -18,  -18,    8,  -22,    6,  -15,    8,    8,   -4,   -4,   -4,    3,    4,    3,
      -4,    3,   -9,    7,    1,   -9,   -6,    7,   -3,   -3,   -5,   -1,    3,   -2,   -6,   -2,
      -7,   -8,   -8,   -5,    1,  -13,   -3,    3,    3,   -7,   -7,   -7,    7,   -3,   11,    5,
     -21,  -16,   -9,  -12,    9,  -15,  -22,    5,  -15,   -8,    5,    3,   -1,    1,  -25,  -26,
      -9,  -25,  -26,  -12,  -24,  -24,  -27,  -26,    8,  -23,    5,  -20,   13,  -12,  -12,  -12,
       3,    7,   -1,    3,   -7,    9,    1,   -5,   -3,    7,   -2,   -1,   -2,   -3,   -5,   -3,
      -3,   -5,   -3,   -9,   -5,   -7,  -18,   -2,   -3,   -5,   -5,   -5,    1,   -4,   -4,   -2,
      -6,   -9,   -6,   -3,   -5,   -7,    5,   -6,   -2,   -2,   -2,   -4,   -2,   -7,    1,  -10,
       3,   -2,   -2,   -2,  -13,    3,    3,   -3,    1,    1,   -1,   -3,    1,    2,    4,   -1,
       2,    1,    4,    5,   -3,   -5,    4,    1,   -3,   -2,   -1,   -1,   -4,    1,   -7,    1,
     -10,    5,   -3,   17,   11,   -7,   -3,    1,   17,   -2,   -5,   -5,   -2,   -8,   -2,   -5,
      -3,   23,   -4,   15,   -3,    4,   -8,   -8,   -8,   17,    9,   -3,   -2,    4,  -10,    7,
      -4,   -2,   -4,   -3,   -4,   -5,   -7,   -2,    5,   -7,   -2,   -4,   -4,   -4,   -3,  -12,
      -5,   -1,   -3,   10,   -8,    3,   -3,   11,   -5,   -3,   -4,   -2,   -2,   -2,   -3,   -4,
      -2,  -12,   -4,    3,   -3,   -3,   -3,  -13,   -2,    2,    3,   -4,    6,   12,   -7,   -8,
      -4,    4,   -2,   -2,    9,   -2,    9,   10,    2,    1,   13,   -7,   13,   -1,    9,    9,
       9,   11,   -1,   -2,   -3,   -2,   -3,   -2,   -2,   -2,   -3,   -2,   -2,   -2,  -10,   27,
       8,    5,   -3,   17,    1,    2,   -2,    1,   -4,    2,    3,   11,   -5,    2,    2,   -4,
      -4,   -4,   -2,   -5,    5,  -16,   -6,   -9,   -6,   -3,   -2,    2,   -3,    7,    6,   -3,
      -2,    7,   -5,    3,   -3,    4,   20,   14,    1,    3,    4,  -10,    4,   -7,   -1,   -4,
      -2,   -3,   -2,    5,  -10,   -1,   -3,   -1,  -13,   -7,    4,   -2,   -3,   -2,   -2,   -2,
     -11,   -1,   -3,   -1,    1,   -3,   -3,    2,   -2,   10,   -4,   -3,   -5,   15,    2,   -3,
      10,   -3,   -3,    3,    7,  -17,  -15,  -35,   13,    2,  -28,  -20,    2,    5,    8,    1,
       8,   -1,   -7,   16,   -2,   16,    7,    4,  -17,   16,   16,   16,   -4,    3,   -9,    3,
      -4,   -2,  -20,  -15,   -3,  -20,    1,    3,   -3,   -3,   -3,    7,  -20,   -2,   -3,    1,
       3,   -3,   -3,  -14,  -20,    1,  -21,  -17,  -41,    9,   -2,  -27,  -21,    2,    4,    6,
       5,   -2,   -1,  -10,    3,   -5,    5,    3,   -1,  -22,    5,    5,    5,    4,    2,  -21,
     -24,   -1,  -10,    3,   -1,   -5,    7,    5,    2,  -14,  -10,   -5,   -1,   -5,   -6,   -3,
     -20,  -22,  -13,  -23,   -3,    1,    1,   -5,  -10,   -6,  -20,   -1,   -3,   -6,   -5,  -11,
       1,    1,   -5,  -10,  -17,  -20,   11,  -13,  -17,   20,  -14,  -14,   13,   -5,  -21,   -5,
     -21,  -21,   -1,   16,   -6,   -3,   56,   -3,   -3,   -7,   -1,   -1,    4,  -12,   -3,  -16,
       2,    4,   16,   16,   -3,   -3,   -3,  -21,  -13,   -5,   13,   -3,   -7,   -1,   -3,  -21,
     -21,   -8,   -6,   -2,  -13,   -5,   -8,   -9,  -15,   -1,  -27,   -7,  -13,  -13,  -10,    1,
       1,    1,    1,   -1,   -1,   -2,  -15,    3,    1,    1,  -13,   -2,   -2,   -5,   -9,   -1,
      -5,   -5,   -5,  -16,   23,    4,    4,    5,    5,    5,    5,    7,   21,    9,    5,    5,
       5,   16,   15,   10,    7,    1,    1,    1,   19,   18,   11,   21,    6,    6,    6,    4,
      26,   24,    9,   11,   11,   11,   22,   19,    9,   11,    2,    2,    2,   22,   19,   11,
       7,    3,    3,    3,    5,    6,   21,   17,    5,    5,    5,   13,  -16,    4,  -13,   15,
       2,  -25,  -12,   -7,   13,   -6,  -68,   -9,  -32,   -7,  -69,   -2,   -4,   -2,   -8,   -3,
     -14,   -7,  -21,   -7,  -24,   -8,   -8,   -8,  -21,    3,    3,    2,    8,    3,    3,   -1,
      11,    4,   11,    1,   -2,    1,   -2,   -3,   -3,    4,    2,    1,    1,    3,    3,    3,
     -12,   -5,   -1,   -3,   10,   -8,    3,   -3,   11,   -5,   -3,   -4,   -2,    6,   -2,    6,
      -4,   -2,  -12,   -4,    3,    6,    6,    6,  -13,    3,   -4,   20,   12,   -7,   -8,   -4,
       4,   -2,   -2,    9,   -2,    9,   10,    2,    1,   13,   -7,   13,   -1,    9,    9,    9,
      11,   27,    8,    5,   -3,   17,    1,    5,   -2,    1,   -4,    2,    3,   11,   -5,    5,
       5,   -4,   -4,   -4,   -2,   -3,   -8,   -7,    5,   -7,   -2,   -2,   -2,   -4,   -2,   -7,
       1,  -10,    3,   -2,   -2,   -2,  -13,    7,    8,    4,   -7,   -3,    8,   -9,   11,    1,
       1,   13,    7,    3,    3,    7,   10,   11,   27,   -2,   -5,   25,    5,    7,    1,    1,
       1,    4,   -2,   25,    5,    5,    1,    1,    1,   21,    2,    8,    3,    2,    2,    2,
       9,   12,   24,   15,    7,    7,    7,   21,    1,    3,   11,    1,   -4,    1,   -4,   -1,
      -3,    1,   -5,   -3,   -2,   -2,  -25,  -21,   -3,   -8,  -30,   -9,   -3,  -45,  -21,  -27,
     -48,  -40,  -30,  -48,  -23,  -30,  -27,  -41,  -43,  -40,  -37,  -55,    3,   -5,    6,    7,
      -6,   -3,   -4,   -4,   -2,   -6,   -6,   -3,   -3,   -5,   -3,   -3,   -5,   -6,   -1,   -3,
       1,    2,    2,    2,   -5,   -3,   -1,   -3,   -2,   -4,   -5,   -5,   -7,  -33,  -17,   -2,
      -3,   -3,    1,   -6,    3,  -10,   13,  -10,   -3,  -10,   -9,   10,   -6,   -3,   -2,   -8,
      -6,   -3,   -3,   -4,   -1,  -10,  -20,  -17,  -21,  -12,  -27,   -1,  -21,  -12,  -20,    7,
      -5,   10,  -15,   -5,  -24,   -3,  -27,   -8,   -2,    7,  -17,   -5,  -13,   -7,  -10,   -7,
      -6,  -12,   -2,  -21,  -26,  -17,   -5,   -3,   -3,    1,   -3,   -3,   -3,  -10,   -3,    1,
      -4,   -3,   -5,   -2,  -13,  -17,  -10,   -7,   -3,   -7,    1,   -6,    3,  -19,   13,  -10,
      -3,   -2,   -2,   10,   -6,    6,   -3,    6,    5,   -7,   -2,  -10,   -8,   -6,   -4,   -3,
      -3,   -4,   -1,   -3,  -10,   -7,   -3,   -1,  -15,  -10,   -7,   -5,   -7,   -8,   -3,   -3,
      -5,  -15,   -3,    1,   -3,    1,  -17,  -10,  -20,   -3,    1,  -11,   15,   -6,   -6,   -3,
     -21,  -13,  -25,  -17,  -10,   -4,   -3,   -5,   -3,   -5,   -2,    8,    1,   11,  -20,  -15,
     -17,  -12,    5,  -20,    4,  -20,    4,  -14,   -8,  -19,   -8,  -27,  -15,  -25,  -10,  -25,
     -24,  -25,  -18,  -29,  -10,  -24,  -25,  -20,  -20,  -27,  -26,    7,    3,  -18,    3,   -4,
       3,   -9,    7,    1,  -11,   -3,   -8,   -3,    7,   -5,  -11,   -2,   -7,   -8,   -2,   -5,
      -2,   -4,   -3,   -9,  -17,  -11,   -6,   -3,   -5,   -6,    5,   -3,    1,  -10,    3,  -28,
     -16,   -3,   -3,   -2,   -3,  -13,  -30,  -23,    1,   -3,    3,    3,    1,  -48,   -7,  -13,
       3,   -7,    4,    1,    3,   -1,  -10,  -24,  -21,  -17,   -3,   -5,    4,    1,   -3,    1,
      -7,    1,  -33,  -24,   -2,   -3,  -10,   -3,  -24,  -10,   -7,    3,    3,    1,    1,   -1,
       2,    1,  -23,   -1,   -7,  -13,   -1,   -1,   -1,    4,    1,    3,  -12,   -5,   -9,   -6,
      -5,    3,   -3,  -22,   -3,   -8,  -14,   -3,   -3,   -4,   -2,   -1,  -10,    1,   -2,   -3,
      -1,    1,    4,  -10,    4,   -7,  -10,   -1,   -3,  -18,  -13,   -2,    1,    1,   -3,    4,
      -2,    1,    1,   -2,    4,   -3,  -20,  -37,    1,  -33,  -19,    3,   -9,   -9,    1,    3,
       3,  -28,   -1,   -2,   -3,   -3,  -26,  -20,   -9,   -3,   -2,  -10,    1,   10,    3,  -15,
     -14,   -7,   -7,    4,  -17,    7,  -14,    7,   -5,   -4,  -19,  -13,  -21,  -13,   -9,   -5,
     -19,  -13,  -19,  -16,  -19,  -10,  -22,   -2,   -9,  -17,  -11,   -8,  -23,  -19,    4,  -10,
       4,    1,   11,    3,  -20,  -15,   -9,   -8,    1,  -20,    5,  -20,    5,  -15,   -8,  -19,
     -26,   -1,  -25,  -25,  -25,  -22,  -25,  -25,    4,    1,    3,   -2,   12,   -7,   -2,   -2,
      -7,   -3,   -7,   -4,   -6,  -11,  -11,   -8,    1,   -6,  -11,   -4,   -5,   -7,   -8,  -13,
      -7,   -6,  -17,  -12,   -8,   -4,  -11,  -17,  -12,  -12,   -2,   -5,   -3,   -2,   -7,   -4,
      -6,   -4,   -7,   -6,   -2,   -4,   -7,   -6,   -6,   -4,  -21,   -7,   -2,   -2,   -2,  -10,
      -2,   -2,   -8,   -7,   -7,   -6,   -4,   -5,   -5,   -9,   -9,  -13,   -1,   -6,  -10,   -9,
      -6,  -12,   -5,    6,   -2,   -7,   -4,   -7,   -7,   -9,   -5,   -5,   -8,   -1,  -10,   -1,
      -1,  -10,   -4,   -4,   -2,   -8,   -2,   -7,   -2,   -2,   -9,   -1,   -2,   -4,   -8,   -6,
      -7,   -8,  -11,   -9,  -13,   -7,   -5,   -6,   -2,   -4,  -10,   -4,   -7,   -7,   -8,   -1,
      -8,   -2,   -4,   -2,   -2,  -15,  -17,   -5,   -6,   -1,  -11,  -13,  -13,   -8,   -7,   -3,
      -5,    4,    1,   -2,   -2,   -1,   -1,   -4,    1,   -7,    1,  -10,    4,    4,    5,    5,
       5,    5,    4,    2,    2,    2,    5,   -5,   -8,   -7,    5,   -7,   -2,   -2,   -2,   -4,
      -2,   -7,    1,  -10,    3,   -2,   -2,   -2,  -13,    3,  -17,  -14,  -28,   -4,    6,   -2,
     -19,  -22,    2,    4,    3,    3,    5,  -13,    1,  -10,    1,    1,   -1,  -13,    5,    5,
       1,    1,    1,   -2,  -22,  -17,  -13,    1,   -3,  -10,    4,    3,   -5,  -16,  -13,   -8,
     -10,
};

static const EpdLigaturePair nunito_10_regularLigaturePairs[] = {
    { 0x00660069, 0xFB01 }, // f i -> U+FB01
    { 0x0066006C, 0xFB02 }, // f l -> U+FB02
};

static const EpdFontData nunito_10_regular = {
    nunito_10_regularBitmaps,
    nunito_10_regularGlyphs,
    nunito_10_regularIntervals,
    90,
    28,
    22,
    -8,
    false,
    nullptr,
    0,
    nullptr,
    nullptr,  // kernLeftClasses: built-in fonts use the split arrays below
    nullptr,  // kernRightClasses
    nunito_10_regularKernLeftCodepoints,
    nunito_10_regularKernLeftClassIds,
    nunito_10_regularKernRightCodepoints,
    nunito_10_regularKernRightClassIds,
    nullptr,  // kernMatrix: built-in fonts use the sparse form below
    nunito_10_regularKernRowOffsets,
    nunito_10_regularKernSparseCols,
    nunito_10_regularKernSparseValues,
    606,
    630,
    133,
    112,
    nunito_10_regularLigaturePairs,
    2,
};
