/**
 * generated by fontconvert.py
 * name: ubuntu_12_bold
 * size: 12
 * mode: 1-bit mono
 * Command used: fontconvert.py ubuntu_12_bold 12 ../builtinFonts/source/Ubuntu/Ubuntu-Bold.ttf ../builtinFonts/source/NotoSansHebrew/NotoSansHebrew-Bold.ttf ../builtinFonts/source/NotoSansArabic/NotoSansArabic-Bold.ttf ../builtinFonts/source/Ubuntu/Ubuntu-Vietnamese-Bold.ttf --mono --additional-intervals 0x05D0,0x05EA --additional-intervals 0x060C,0x060C --additional-intervals 0x061B,0x061B --additional-intervals 0x061F,0x061F --additional-intervals 0x0621,0x0621 --additional-intervals 0x0640,0x0640 --additional-intervals 0x0660,0x0669 --additional-intervals 0x06BA,0x06BA --additional-intervals 0x06D4,0x06D4 --additional-intervals 0x06F0,0x06F9 --additional-intervals 0xFB56,0xFB59 --additional-intervals 0xFB66,0xFB69 --additional-intervals 0xFB7A,0xFB7D --additional-intervals 0xFB88,0xFB95 --additional-intervals 0xFB9E,0xFB9F --additional-intervals 0xFBA6,0xFBB1 --additional-intervals 0xFBFC,0xFBFF --additional-intervals 0xFE80,0xFEFC
 */
#pragma once
#include "EpdFontData.h"

static const uint8_t ubuntu_12_boldBitmaps[33898] = {
    0x00, 0x00, 0x00, 0x00, 0x00, 0x00, 0xFF, 0xFF, 0xFF, 0xFF, 0xFF, 0x70, 0x6F, 0xFF, 0x60, 0xF7,
    0xFB, 0xFD, 0xFE, 0x7F, 0x3F, 0x9F, 0x8E, 0x0F, 0x3C, 0x1E, 0x78, 0x3C, 0xF0, 0xF3, 0xCF, 0xFF,
    0xFF, 0xFF, 0xFF, 0xFF, 0x8F, 0x3C, 0x3E, 0xF8, 0x79, 0xE3, 0xFF, 0xFF, 0xFF, 0xFF, 0xFF, 0xE7,
    0x9E, 0x1E, 0x78, 0x3C, 0xF0, 0x79, 0xE0, 0x0E, 0x00, 0xE0, 0x0E, 0x01, 0xFC, 0x7F, 0xE7, 0xFE,
    0xF0, 0x4F, 0x00, 0xF0, 0x0F, 0xC0, 0x7F, 0x87, 0xFE, 0x1F, 0xE0, 0x3F, 0x00, 0xF0, 0x0F, 0x60,
    0xFF, 0xFE, 0xFF, 0xC3, 0xF8, 0x0E, 0x00, 0xE0, 0x0E, 0x00, 0x3E, 0x07, 0x83, 0xF8, 0x38, 0x3D,
    0xE3, 0xC1, 0xC7, 0x1C, 0x0E, 0x39, 0xC0, 0x71, 0xCE, 0x03, 0xDE, 0xE0, 0x0F, 0xEF, 0x00, 0x3E,
    0x73, 0xE0, 0x07, 0xBF, 0x80, 0x3B, 0xDE, 0x03, 0x9C, 0x70, 0x1C, 0xE3, 0x81, 0xC7, 0x1C, 0x1E,
    0x3D, 0xE0, 0xE0, 0xFE, 0x0F, 0x03, 0xE0, 0x0F, 0xC0, 0x0F, 0xF0, 0x0F, 0xFC, 0x07, 0x9E, 0x03,
    0xCF, 0x01, 0xFF, 0x00, 0x7F, 0x00, 0x3F, 0x00, 0x3F, 0xCF, 0x3F, 0xF7, 0xBC, 0xFF, 0x9E, 0x3F,
    0xCF, 0x0F, 0xC7, 0xC3, 0xE1, 0xFF, 0xF8, 0xFF, 0xFE, 0x1F, 0x8F, 0x80, 0xFF, 0xFF, 0xFF, 0xE0,
    0x08, 0x3C, 0xF9, 0xE7, 0xCF, 0x1E, 0x3C, 0xF1, 0xE3, 0xC7, 0x8F, 0x1E, 0x3C, 0x78, 0xF0, 0xF1,
    0xE3, 0xC7, 0xC7, 0x8F, 0x8F, 0x08, 0x21, 0xE3, 0xE3, 0xC7, 0x87, 0x8F, 0x1E, 0x1E, 0x3C, 0x78,
    0xF1, 0xE3, 0xC7, 0x8F, 0x1E, 0x78, 0xF1, 0xE7, 0x8F, 0x3E, 0x78, 0x20, 0x0E, 0x01, 0xC1, 0x39,
    0x3A, 0xEF, 0xFE, 0x7F, 0x06, 0xC1, 0xDC, 0x7B, 0xC2, 0x20, 0x0E, 0x01, 0xC0, 0x38, 0x07, 0x0F,
    0xFF, 0xFF, 0xFF, 0xF8, 0x70, 0x0E, 0x01, 0xC0, 0x38, 0x00, 0x7B, 0xDE, 0xF7, 0xFB, 0xCC, 0xFF,
    0xFF, 0xF8, 0x77, 0xFF, 0xF7, 0x00, 0x00, 0x78, 0x07, 0x80, 0x3C, 0x01, 0xE0, 0x1E, 0x00, 0xF0,
    0x07, 0x80, 0x78, 0x03, 0xC0, 0x3E, 0x01, 0xE0, 0x0F, 0x00, 0xF8, 0x07, 0x80, 0x3C, 0x03, 0xE0,
    0x1E, 0x00, 0xF0, 0x0F, 0x00, 0x78, 0x03, 0xC0, 0x3C, 0x01, 0xE0, 0x0F, 0x00, 0xF0, 0x00, 0x0F,
    0x03, 0xFC, 0x7F, 0xE7, 0x9E, 0x70, 0xEF, 0x0F, 0xF0, 0xFF, 0x0F, 0xF0, 0xFF, 0x0F, 0xF0, 0xFF,
    0x0F, 0xF0, 0xE7, 0x9E, 0x7F, 0xE3, 0xFC, 0x0F, 0x00, 0x07, 0x1F, 0x7F, 0xFF, 0xEF, 0x4F, 0x0F,
    0x0F, 0x0F, 0x0F, 0x0F, 0x0F, 0x0F, 0x0F, 0x0F, 0x0F, 0x0F, 0x1F, 0x07, 0xFC, 0xFF, 0xE6, 0x1E,
    0x01, 0xE0, 0x1E, 0x03, 0xE0, 0x3C, 0x07, 0xC0, 0xF8, 0x3F, 0x03, 0xE0, 0x7C, 0x0F, 0x80, 0xFF,
    0xFF, 0xFF, 0xFF, 0xF0, 0x3E, 0x1F, 0xF3, 0xFF, 0x21, 0xE0, 0x3C, 0x07, 0x87, 0xE0, 0xF8, 0x1F,
    0xC0, 0x78, 0x07, 0x80, 0xF0, 0x1E, 0x87, 0xFF, 0xF7, 0xFC, 0x7F, 0x00, 0x03, 0xC0, 0x7C, 0x0F,
    0xC0, 0xFC, 0x1F, 0xC3, 0xFC, 0x3B, 0xC7, 0xBC, 0x73, 0xCF, 0x3C, 0xFF, 0xFF, 0xFF, 0xFF, 0xF0,
    0x3C, 0x03, 0xC0, 0x3C, 0x03, 0xC0, 0x3F, 0xE3, 0xFE, 0x3F, 0xE3, 0x80, 0x38, 0x07, 0x80, 0x7F,
    0x07, 0xFC, 0x7F, 0xE0, 0x3F, 0x00, 0xF0, 0x0F, 0x00, 0xF0, 0x1F, 0xFF, 0xEF, 0xFC, 0x7F, 0x00,
    0x01, 0xE0, 0xFE, 0x1F, 0xE3, 0xF0, 0x7C, 0x07, 0x80, 0xFF, 0x8F, 0xFE, 0xFF, 0xEF, 0x1F, 0xF0,
    0xFF, 0x0F, 0xF0, 0xF7, 0x9F, 0x7F, 0xE3, 0xFC, 0x1F, 0x80, 0xFF, 0xFF, 0xFF, 0xFF, 0xF0, 0x1E,
    0x03, 0xE0, 0x7C, 0x07, 0x80, 0x78, 0x0F, 0x00, 0xF0, 0x1F, 0x01, 0xE0, 0x1E, 0x01, 0xE0, 0x3C,
    0x03, 0xC0, 0x3C, 0x00, 0x1F, 0x83, 0xFE, 0x7F, 0xEF, 0x9F, 0xF0, 0xFF, 0x0F, 0xF9, 0xF7, 0xFE,
    0x3F, 0xC7, 0xFE, 0xFB, 0xFF, 0x0F, 0xF0, 0xFF, 0x8F, 0xFF, 0xE7, 0xFE, 0x1F, 0x80, 0x1F, 0x83,
    0xFC, 0x7F, 0xEF, 0x9E, 0xF0, 0xFF, 0x0F, 0xF0, 0xFF, 0x8F, 0x7F, 0xF7, 0xFF, 0x1F, 0xF0, 0x1E,
    0x03, 0xE0, 0x7C, 0x7F, 0x87, 0xF0, 0x78, 0x00, 0x77, 0xFF, 0xF7, 0x00, 0x00, 0x03, 0xBF, 0xFF,
    0xB8, 0x39, 0xF7, 0xDF, 0x38, 0x00, 0x00, 0x00, 0x07, 0x9E, 0x79, 0xE7, 0xBC, 0xF1, 0x80, 0x00,
    0x60, 0x3E, 0x1F, 0xFF, 0xFF, 0xFF, 0xCF, 0xE0, 0xF0, 0x0F, 0xE0, 0xFF, 0xCF, 0xFF, 0x1F, 0xF0,
    0x3E, 0x00, 0x60, 0xFF, 0xFF, 0xFF, 0xFF, 0xF0, 0x00, 0x00, 0x0F, 0xFF, 0xFF, 0xFF, 0xFF, 0x60,
    0x07, 0xC0, 0xFF, 0x8F, 0xFF, 0x3F, 0xF0, 0x7F, 0x00, 0xF0, 0x7F, 0x3F, 0xFF, 0xFF, 0xFF, 0x87,
    0xC0, 0x60, 0x00, 0x3E, 0x7F, 0xBF, 0xE8, 0xF0, 0x78, 0x3C, 0x3E, 0x1E, 0x1E, 0x1E, 0x0F, 0x07,
    0x03, 0x80, 0x00, 0xE0, 0xF8, 0x7C, 0x3E, 0x0E, 0x00, 0x00, 0xFE, 0x00, 0x1F, 0xFE, 0x00, 0xFF,
    0xFE, 0x07, 0xC0, 0xFC, 0x3C, 0x00, 0x79, 0xE0, 0x00, 0xE7, 0x07, 0xE3, 0xFC, 0x7F, 0xC7, 0xE3,
    0xFF, 0x1F, 0x9E, 0x1C, 0x7E, 0x70, 0x71, 0xF9, 0xC1, 0xC7, 0xE7, 0x07, 0x1F, 0x9E, 0x1C, 0xEF,
    0x3F, 0xFF, 0x9C, 0x7F, 0xFC, 0x78, 0xFB, 0xE0, 0xF0, 0x00, 0x03, 0xF0, 0x00, 0x07, 0xFF, 0xC0,
    0x07, 0xFF, 0x00, 0x07, 0xFC, 0x00, 0x03, 0xE0, 0x01, 0xF0, 0x01, 0xFC, 0x00, 0xFE, 0x00, 0x77,
    0x00, 0x7B, 0xC0, 0x3D, 0xE0, 0x3C, 0x78, 0x1E, 0x3C, 0x0F, 0x1E, 0x0F, 0xFF, 0x87, 0xFF, 0xC3,
    0xFF, 0xE3, 0xC0, 0x79, 0xE0, 0x3D, 0xF0, 0x1E, 0xF0, 0x07, 0x80, 0xFF, 0xC3, 0xFF, 0x8F, 0xFF,
    0x3C, 0x3E, 0xF0, 0x7B, 0xC1, 0xEF, 0x0F, 0xBF, 0xFC, 0xFF, 0xF3, 0xFF, 0xEF, 0x07, 0xFC, 0x0F,
    0xF0, 0x3F, 0xC1, 0xFF, 0xFF, 0xBF, 0xFC, 0xFF, 0xC0, 0x07, 0xF0, 0x7F, 0xF3, 0xFF, 0xDF, 0x82,
    0x78, 0x03, 0xE0, 0x0F, 0x00, 0x3C, 0x00, 0xF0, 0x03, 0xC0, 0x0F, 0x00, 0x3E, 0x00, 0x78, 0x01,
    0xF0, 0x23, 0xFF, 0xC7, 0xFF, 0x07, 0xF0, 0xFF, 0x81, 0xFF, 0xE3, 0xFF, 0xE7, 0x87, 0xEF, 0x03,
    0xDE, 0x07, 0xFC, 0x07, 0xF8, 0x0F, 0xF0, 0x1F, 0xE0, 0x3F, 0xC0, 0x7F, 0x81, 0xFF, 0x03, 0xDE,
    0x1F, 0xBF, 0xFE, 0x7F, 0xF0, 0xFF, 0x80, 0xFF, 0xEF, 0xFE, 0xFF, 0xEF, 0x00, 0xF0, 0x0F, 0x00,
    0xF0, 0x0F, 0xFE, 0xFF, 0xEF, 0xFE, 0xF0, 0x0F, 0x00, 0xF0, 0x0F, 0x00, 0xFF, 0xFF, 0xFF, 0xFF,
    0xF0, 0xFF, 0xFF, 0xFF, 0xFF, 0xF8, 0x0F, 0x01, 0xE0, 0x3C, 0x07, 0xFE, 0xFF, 0xDF, 0xFB, 0xC0,
    0x78, 0x0F, 0x01, 0xE0, 0x3C, 0x07, 0x80, 0xF0, 0x00, 0x03, 0xF8, 0x1F, 0xFC, 0xFF, 0xFB, 0xF0,
    0x67, 0x80, 0x1F, 0x00, 0x3C, 0x00, 0x78, 0x00, 0xF0, 0x1F, 0xE0, 0x3F, 0xC0, 0x7F, 0xC0, 0xF7,
    0x81, 0xEF, 0xC3, 0xCF, 0xFF, 0x8F, 0xFF, 0x07, 0xFC, 0xF0, 0x3F, 0xC0, 0xFF, 0x03, 0xFC, 0x0F,
    0xF0, 0x3F, 0xC0, 0xFF, 0x03, 0xFF, 0xFF, 0xFF, 0xFF, 0xFF, 0xFF, 0x03, 0xFC, 0x0F, 0xF0, 0x3F,
    0xC0, 0xFF, 0x03, 0xFC, 0x0F, 0xF0, 0x3C, 0xFF, 0xFF, 0xFF, 0xFF, 0xFF, 0xFF, 0xFF, 0xFF, 0xF0,
    0x01, 0xE0, 0x3C, 0x07, 0x80, 0xF0, 0x1E, 0x03, 0xC0, 0x78, 0x0F, 0x01, 0xE0, 0x3C, 0x07, 0x80,
    0xF0, 0x1E, 0x87, 0xDF, 0xF7, 0xFE, 0x3F, 0x00, 0xF0, 0x7D, 0xE1, 0xF3, 0xC7, 0xC7, 0x9F, 0x0F,
    0x7C, 0x1F, 0xF0, 0x3F, 0xC0, 0x7F, 0x00, 0xFF, 0x01, 0xFF, 0x03, 0xDF, 0x07, 0x9E, 0x0F, 0x3E,
    0x1E, 0x3E, 0x3C, 0x3E, 0x78, 0x3E, 0xF0, 0x3E, 0xF0, 0x1E, 0x03, 0xC0, 0x78, 0x0F, 0x01, 0xE0,
    0x3C, 0x07, 0x80, 0xF0, 0x1E, 0x03, 0xC0, 0x78, 0x0F, 0x01, 0xE0, 0x3F, 0xFF, 0xFF, 0xFF, 0xE0,
    0x7C, 0x03, 0xCF, 0x80, 0xF9, 0xF0, 0x1F, 0x3F, 0x07, 0xE7, 0xE0, 0xFC, 0xFE, 0x3F, 0xBF, 0xC7,
    0xFF, 0xBD, 0xEF, 0xF3, 0xB9, 0xFE, 0x77, 0x3F, 0xCF, 0xE7, 0xF8, 0xF8, 0xFF, 0x1F, 0x1F, 0xE3,
    0xC3, 0xFC, 0x38, 0x7F, 0x80, 0x0F, 0xF0, 0x01, 0xE0, 0xF0, 0x1F, 0xF0, 0x3F, 0xF0, 0x7F, 0xE0,
    0xFF, 0xE1, 0xFF, 0xE3, 0xFF, 0xE7, 0xFB, 0xCF, 0xF3, 0xDF, 0xE3, 0xFF, 0xC7, 0xFF, 0x87, 0xFF,
    0x07, 0xFE, 0x0F, 0xFC, 0x0F, 0xF8, 0x0F, 0xF0, 0x1E, 0x03, 0xF0, 0x03, 0xFF, 0x03, 0xFF, 0xF1,
    0xF8, 0x7E, 0x78, 0x07, 0xBE, 0x01, 0xFF, 0x00, 0x3F, 0xC0, 0x0F, 0xF0, 0x03, 0xFC, 0x00, 0xFF,
    0x00, 0x3F, 0xE0, 0x1F, 0x78, 0x07, 0x9F, 0x87, 0xE3, 0xFF, 0xF0, 0x7F, 0xF8, 0x03, 0xF0, 0x00,
    0xFF, 0x87, 0xFF, 0x3F, 0xFD, 0xE1, 0xFF, 0x07, 0xF8, 0x3F, 0xC1, 0xFE, 0x1F, 0xFF, 0xF7, 0xFF,
    0x3F, 0xE1, 0xE0, 0x0F, 0x00, 0x78, 0x03, 0xC0, 0x1E, 0x00, 0xF0, 0x00, 0x03, 0xF0, 0x03, 0xFF,
    0x03, 0xFF, 0xF1, 0xF8, 0x7E, 0x78, 0x07, 0xBE, 0x01, 0xFF, 0x00, 0x3F, 0xC0, 0x0F, 0xF0, 0x03,
    0xFC, 0x00, 0xFF, 0x00, 0x3F, 0xE0, 0x1F, 0x78, 0x07, 0x9F, 0x87, 0xE3, 0xFF, 0xF0, 0x3F, 0xF8,
    0x03, 0xF8, 0x00, 0x3C, 0x00, 0x07, 0xC0, 0x01, 0xFE, 0x00, 0x3F, 0x80, 0x03, 0xC0, 0xFF, 0x83,
    0xFF, 0x8F, 0xFF, 0x3C, 0x3E, 0xF0, 0x7B, 0xC1, 0xEF, 0x07, 0xBC, 0x3E, 0xFF, 0xF3, 0xFF, 0x8F,
    0xFC, 0x3C, 0xF8, 0xF1, 0xF3, 0xC3, 0xCF, 0x0F, 0xBC, 0x1E, 0xF0, 0x7C, 0x1F, 0xC1, 0xFF, 0x9F,
    0xF9, 0xF0, 0x4F, 0x00, 0x78, 0x03, 0xF8, 0x0F, 0xF0, 0x3F, 0xE0, 0x7F, 0x80, 0x7E, 0x00, 0xF0,
    0x07, 0xB0, 0x7F, 0xFF, 0xDF, 0xFE, 0x3F, 0xC0, 0xFF, 0xFF, 0xFF, 0xFF, 0xFF, 0xC1, 0xE0, 0x07,
    0x80, 0x1E, 0x00, 0x78, 0x01, 0xE0, 0x07, 0x80, 0x1E, 0x00, 0x78, 0x01, 0xE0, 0x07, 0x80, 0x1E,
    0x00, 0x78, 0x01, 0xE0, 0x07, 0x80, 0xF0, 0x3F, 0xC0, 0xFF, 0x03, 0xFC, 0x0F, 0xF0, 0x3F, 0xC0,
    0xFF, 0x03, 0xFC, 0x0F, 0xF0, 0x3F, 0xC0, 0xFF, 0x03, 0xFC, 0x0F, 0xF0, 0x3D, 0xE1, 0xE7, 0xFF,
    0x8F, 0xFC, 0x0F, 0xC0, 0xF0, 0x07, 0xFC, 0x07, 0x9E, 0x03, 0xCF, 0x01, 0xE3, 0xC1, 0xE1, 0xE0,
    0xF0, 0xF0, 0x78, 0x3C, 0x78, 0x1E, 0x3C, 0x0F, 0xBE, 0x03, 0xDE, 0x01, 0xEF, 0x00, 0xFF, 0x80,
    0x3F, 0x80, 0x1F, 0xC0, 0x0F, 0xE0, 0x03, 0xE0, 0x00, 0xF0, 0x00, 0x1F, 0xE0, 0x00, 0x3F, 0xE0,
    0xE0, 0xFB, 0xC1, 0xE1, 0xE7, 0x87, 0xC3, 0xCF, 0x0F, 0x87, 0x9E, 0x1F, 0x8F, 0x3C, 0x77, 0x3E,
    0x3C, 0xEE, 0x7C, 0x79, 0xDE, 0xF0, 0xF7, 0x1D, 0xE1, 0xEE, 0x3B, 0xC3, 0xF8, 0x7F, 0x83, 0xF0,
    0x7E, 0x07, 0xE0, 0xFC, 0x0F, 0x81, 0xF8, 0x1F, 0x01, 0xF0, 0xF8, 0x0F, 0xBE, 0x0F, 0x8F, 0x07,
    0x83, 0xC7, 0x81, 0xF7, 0xC0, 0x7F, 0xC0, 0x1F, 0xC0, 0x0F, 0xE0, 0x03, 0xE0, 0x03, 0xF8, 0x01,
    0xFC, 0x01, 0xFF, 0x01, 0xF7, 0xC1, 0xF1, 0xE0, 0xF0, 0x78, 0xF8, 0x3E, 0xF8, 0x0F, 0x80, 0xF8,
    0x1F, 0x78, 0x1E, 0x7C, 0x3E, 0x3C, 0x3C, 0x3E, 0x7C, 0x1F, 0xF8, 0x0F, 0xF0, 0x0F, 0xF0, 0x07,
    0xE0, 0x07, 0xE0, 0x03, 0xC0, 0x03, 0xC0, 0x03, 0xC0, 0x03, 0xC0, 0x03, 0xC0, 0x03, 0xC0, 0x03,
    0xC0, 0xFF, 0xFF, 0xFF, 0xFF, 0xFE, 0x03, 0xE0, 0x1E, 0x01, 0xF0, 0x1F, 0x00, 0xF0, 0x0F, 0x80,
    0xF8, 0x07, 0x80, 0x7C, 0x07, 0xC0, 0x3E, 0x03, 0xFF, 0xFF, 0xFF, 0xFF, 0xF8, 0xFF, 0xFF, 0xFF,
    0x8F, 0x1E, 0x3C, 0x78, 0xF1, 0xE3, 0xC7, 0x8F, 0x1E, 0x3C, 0x78, 0xF1, 0xE3, 0xC7, 0x8F, 0x1E,
    0x3F, 0xFF, 0xFE, 0xF0, 0x03, 0xC0, 0x1E, 0x00, 0xF0, 0x03, 0xC0, 0x1E, 0x00, 0xF0, 0x03, 0xC0,
    0x1E, 0x00, 0xF8, 0x03, 0xC0, 0x1E, 0x00, 0xF8, 0x03, 0xC0, 0x1E, 0x00, 0xF8, 0x03, 0xC0, 0x1E,
    0x00, 0x78, 0x03, 0xC0, 0x1E, 0x00, 0x78, 0x03, 0xC0, 0x1E, 0x00, 0x78, 0xFF, 0xFF, 0xF8, 0xF1,
    0xE3, 0xC7, 0x8F, 0x1E, 0x3C, 0x78, 0xF1, 0xE3, 0xC7, 0x8F, 0x1E, 0x3C, 0x78, 0xF1, 0xE3, 0xFF,
    0xFF, 0xFE, 0x07, 0x00, 0x7C, 0x03, 0xE0, 0x3F, 0x83, 0xDE, 0x1E, 0xF1, 0xE3, 0xCF, 0x1E, 0xF0,
    0x79, 0x01, 0x00, 0xFF, 0xFF, 0xFF, 0xFF, 0xFE, 0x21, 0xCF, 0x8F, 0x1C, 0x20, 0x7F, 0x0F, 0xF9,
    0xFF, 0xA1, 0xF0, 0x1E, 0x7F, 0xDF, 0xFF, 0xFF, 0xF1, 0xFE, 0x3F, 0xFF, 0xBF, 0xF3, 0xFC, 0x70,
    0x0F, 0x00, 0xF0, 0x0F, 0x00, 0xF0, 0x0F, 0x00, 0xFF, 0x8F, 0xFC, 0xFF, 0xEF, 0x1F, 0xF0, 0xFF,
    0x0F, 0xF0, 0xFF, 0x0F, 0xF0, 0xFF, 0x1E, 0xFF, 0xEF, 0xFC, 0x7F, 0x00, 0x0F, 0xC7, 0xFD, 0xFF,
    0xBC, 0x0F, 0x81, 0xE0, 0x3C, 0x07, 0x80, 0xF0, 0x0F, 0x01, 0xFF, 0x9F, 0xF0, 0xFC, 0x00, 0x70,
    0x0F, 0x00, 0xF0, 0x0F, 0x00, 0xF0, 0x0F, 0x1F, 0xF3, 0xFF, 0x7F, 0xFF, 0x8F, 0xF0, 0xFF, 0x0F,
    0xF0, 0xFF, 0x0F, 0xF0, 0xF7, 0x8F, 0x7F, 0xF3, 0xFF, 0x0F, 0xE0, 0x0F, 0x81, 0xFF, 0x1F, 0xFC,
    0xF1, 0xEF, 0x07, 0xFF, 0xFF, 0xFF, 0xFF, 0xFF, 0xF0, 0x03, 0xC0, 0x9F, 0xFC, 0x7F, 0xE0, 0xFE,
    0x00, 0x1F, 0x8F, 0xE7, 0xFB, 0xE0, 0xF0, 0x3C, 0x0F, 0xFB, 0xFE, 0xFF, 0xBC, 0x0F, 0x03, 0xC0,
    0xF0, 0x3C, 0x0F, 0x03, 0xC0, 0xF0, 0x3C, 0x0F, 0x00, 0x0F, 0xE3, 0xFF, 0x7F, 0xF7, 0x8F, 0xF0,
    0xFF, 0x0F, 0xF0, 0xFF, 0x0F, 0xF0, 0xFF, 0x8F, 0x7F, 0xF3, 0xFF, 0x1F, 0xF0, 0x0F, 0x41, 0xF7,
    0xFE, 0x7F, 0xC7, 0xF8, 0x70, 0x1E, 0x03, 0xC0, 0x78, 0x0F, 0x01, 0xE0, 0x3F, 0xE7, 0xFE, 0xFF,
    0xDE, 0x7F, 0xC7, 0xF8, 0xFF, 0x1F, 0xE3, 0xFC, 0x7F, 0x8F, 0xF1, 0xFE, 0x3F, 0xC7, 0x80, 0xFF,
    0xFF, 0x00, 0xFF, 0xFF, 0xFF, 0xFF, 0xFF, 0xFF, 0xF0, 0x0F, 0x0F, 0x0F, 0x0F, 0x00, 0x00, 0x0F,
    0x0F, 0x0F, 0x0F, 0x0F, 0x0F, 0x0F, 0x0F, 0x0F, 0x0F, 0x0F, 0x0F, 0x0F, 0x0F, 0x0F, 0xFE, 0xFE,
    0xF8, 0x70, 0x0F, 0x00, 0xF0, 0x0F, 0x00, 0xF0, 0x0F, 0x00, 0xF1, 0xFF, 0x3E, 0xF7, 0xCF, 0xF8,
    0xFF, 0x0F, 0xE0, 0xFF, 0x0F, 0xF8, 0xF7, 0x8F, 0x7C, 0xF3, 0xEF, 0x1E, 0xF1, 0xF0, 0x73, 0xCF,
    0x3C, 0xF3, 0xCF, 0x3C, 0xF3, 0xCF, 0x3C, 0xF3, 0xCF, 0x3E, 0xFD, 0xF3, 0xC0, 0x7F, 0x3F, 0x3F,
    0xFF, 0xEF, 0xFF, 0xFB, 0xCF, 0x9F, 0xF1, 0xE3, 0xFC, 0x78, 0xFF, 0x1E, 0x3F, 0xC7, 0x8F, 0xF1,
    0xE3, 0xFC, 0x78, 0xFF, 0x1E, 0x3F, 0xC7, 0x8F, 0xF1, 0xE3, 0xC0, 0x7F, 0x1F, 0xFB, 0xFF, 0x79,
    0xFF, 0x1F, 0xE3, 0xFC, 0x7F, 0x8F, 0xF1, 0xFE, 0x3F, 0xC7, 0xF8, 0xFF, 0x1E, 0x0F, 0x81, 0xFF,
    0x1F, 0xFC, 0xF1, 0xEF, 0x07, 0xF8, 0x3F, 0xC1, 0xFE, 0x0F, 0xF0, 0x7B, 0xC7, 0x9F, 0xFC, 0x7F,
    0xC0, 0xF8, 0x00, 0x7F, 0x0F, 0xFC, 0xFF, 0xEF, 0x1E, 0xF0, 0xFF, 0x0F, 0xF0, 0xFF, 0x0F, 0xF0,
    0xFF, 0x1F, 0xFF, 0xEF, 0xFC, 0xFF, 0x8F, 0x00, 0xF0, 0x0F, 0x00, 0xF0, 0x0F, 0x00, 0x0F, 0xF1,
    0xFF, 0xDF, 0xFE, 0xF0, 0xFF, 0x87, 0xF8, 0x3F, 0xC1, 0xFE, 0x0F, 0xF0, 0x7F, 0xC3, 0xDF, 0xFE,
    0x7F, 0xF1, 0xFF, 0x80, 0x3C, 0x01, 0xE0, 0x0F, 0x00, 0x78, 0x03, 0xC0, 0x3F, 0xFF, 0xFF, 0xFE,
    0x0F, 0x07, 0x83, 0xC1, 0xE0, 0xF0, 0x78, 0x3C, 0x1E, 0x0F, 0x00, 0x1F, 0x9F, 0xEF, 0xFB, 0xC2,
    0xF0, 0x3F, 0xE7, 0xFD, 0xFF, 0x03, 0xE0, 0xFF, 0xFF, 0xFE, 0x7E, 0x00, 0x70, 0x78, 0x3C, 0x1E,
    0x0F, 0xF7, 0xFB, 0xFD, 0xE0, 0xF0, 0x78, 0x3C, 0x1E, 0x0F, 0x07, 0xC3, 0xFC, 0xFE, 0x3F, 0x00,
    0xF1, 0xFE, 0x3F, 0xC7, 0xF8, 0xFF, 0x1F, 0xE3, 0xFC, 0x7F, 0x8F, 0xF1, 0xFF, 0x3D, 0xFF, 0xBF,
    0xF1, 0xFC, 0xF0, 0x7F, 0xC7, 0xDE, 0x3C, 0xF1, 0xE7, 0x8F, 0x1E, 0xF0, 0xF7, 0x87, 0xBC, 0x1D,
    0xC0, 0xFE, 0x07, 0xF0, 0x1F, 0x00, 0xF8, 0x00, 0xF0, 0xE1, 0xFE, 0x1C, 0x3D, 0xC7, 0xC7, 0x3C,
    0xF9, 0xE7, 0x9F, 0x3C, 0xF3, 0xF7, 0x8E, 0xEE, 0xE1, 0xDD, 0xDC, 0x3F, 0x3F, 0x83, 0xE3, 0xE0,
    0x7C, 0x7C, 0x0F, 0x07, 0x80, 0xE0, 0xE0, 0xF8, 0x7D, 0xF3, 0xE3, 0xFF, 0x0F, 0xFC, 0x1F, 0xE0,
    0x3F, 0x00, 0x78, 0x03, 0xF0, 0x1F, 0xE0, 0xFF, 0x83, 0xFF, 0x1F, 0x3E, 0xF8, 0x7C, 0xF0, 0x7F,
    0xC7, 0xDE, 0x3C, 0xF1, 0xE7, 0x8F, 0x1E, 0xF0, 0xF7, 0x87, 0xBC, 0x1D, 0xC0, 0xFE, 0x07, 0xF0,
    0x1F, 0x00, 0xF8, 0x07, 0x80, 0x7C, 0x1F, 0xC0, 0xFE, 0x07, 0xC0, 0x00, 0xFF, 0xFF, 0xFF, 0xFF,
    0x83, 0xE0, 0xF8, 0x1F, 0x07, 0xC1, 0xF0, 0x7E, 0x0F, 0x83, 0xFF, 0xFF, 0xFF, 0xFE, 0x07, 0x8F,
    0xCF, 0xE7, 0xC3, 0xC1, 0xE0, 0xF0, 0x78, 0x3C, 0x1E, 0x1F, 0x1F, 0x0F, 0x07, 0xC1, 0xF0, 0x78,
    0x3C, 0x1E, 0x0F, 0x07, 0x83, 0xC1, 0xE0, 0xFE, 0x3F, 0x07, 0x80, 0xFF, 0xFF, 0xFF, 0xFF, 0xFF,
    0xFF, 0xFF, 0xFF, 0xFF, 0xFF, 0xFF, 0xFF, 0xF0, 0xF0, 0x7E, 0x3F, 0x87, 0xC1, 0xE0, 0xF0, 0x78,
    0x3C, 0x1E, 0x0F, 0x07, 0xC1, 0xF0, 0x78, 0x7C, 0x7C, 0x3C, 0x1E, 0x0F, 0x07, 0x83, 0xC1, 0xE1,
    0xF3, 0xF9, 0xF8, 0xF0, 0x00, 0x38, 0x27, 0xE7, 0xFF, 0xEE, 0x7E, 0x41, 0xC0, 0x00, 0x6F, 0xFF,
    0x60, 0xFF, 0xFF, 0xFF, 0xFF, 0xFF, 0xFF, 0x0F, 0x01, 0xE0, 0x3C, 0x0F, 0xE3, 0xFE, 0xFF, 0xBE,
    0x07, 0x80, 0xF0, 0x1E, 0x03, 0xC0, 0x7C, 0x07, 0xFE, 0x7F, 0xC7, 0xF8, 0x78, 0x0F, 0x01, 0xE0,
    0x07, 0xC3, 0xFC, 0x7F, 0x1F, 0x03, 0xC0, 0x78, 0x0F, 0x07, 0xFC, 0xFF, 0x9F, 0xF0, 0xF0, 0x1E,
    0x03, 0xC0, 0x78, 0x0F, 0xFB, 0xFF, 0x7F, 0xE0, 0x20, 0x47, 0xFE, 0xFF, 0xF7, 0xFE, 0x79, 0xE7,
    0x0E, 0x70, 0xE7, 0x9E, 0x7F, 0xEF, 0xFF, 0x7F, 0xE2, 0x04, 0xF8, 0x7D, 0xE1, 0xE7, 0x87, 0x8F,
    0x3C, 0x3C, 0xF0, 0x7F, 0x81, 0xFE, 0x03, 0xF0, 0x7F, 0xF9, 0xFF, 0xE0, 0x78, 0x01, 0xE0, 0x7F,
    0xF9, 0xFF, 0xE0, 0x78, 0x01, 0xE0, 0x07, 0x80, 0xFF, 0xFF, 0xFF, 0xFF, 0xFF, 0x00, 0x00, 0x0F,
    0xFF, 0xFF, 0xFF, 0xFF, 0xF0, 0x1F, 0xCF, 0xFF, 0xFF, 0x78, 0x2F, 0x01, 0xF8, 0x1F, 0xC3, 0xFE,
    0xFF, 0xDE, 0x7F, 0xC7, 0xF8, 0xFF, 0x9E, 0xFF, 0xDF, 0xF0, 0xFE, 0x07, 0xE0, 0x3D, 0x07, 0xFF,
    0xFF, 0xFC, 0xFF, 0x00, 0x61, 0xBC, 0xFF, 0x3D, 0x86, 0x03, 0xF0, 0x03, 0xFF, 0x01, 0xE1, 0xE0,
    0xE0, 0x1C, 0x71, 0xE3, 0x9C, 0xFC, 0xEE, 0x7E, 0x1F, 0x9C, 0x07, 0xE7, 0x01, 0xF9, 0xC0, 0x7E,
    0x70, 0x1F, 0x9F, 0xC7, 0x73, 0xF3, 0x9C, 0x78, 0xE3, 0x80, 0x70, 0x78, 0x78, 0x0F, 0xFC, 0x00,
    0xFC, 0x00, 0x7C, 0x7E, 0x07, 0x07, 0x7F, 0xFF, 0xE7, 0xE7, 0xFF, 0x7F, 0x1C, 0x38, 0x79, 0xE3,
    0xC7, 0x9E, 0x3C, 0x79, 0xE3, 0xC7, 0x87, 0x9E, 0x1E, 0x3C, 0x3C, 0x78, 0x78, 0xE1, 0xC3, 0x80,
    0xFF, 0xFF, 0xFF, 0xFF, 0xF0, 0x07, 0x00, 0x70, 0x07, 0x00, 0x70, 0x07, 0x00, 0x70, 0xFF, 0xFF,
    0xF8, 0x03, 0xF0, 0x03, 0xFF, 0x01, 0xE1, 0xE0, 0xE0, 0x1C, 0x73, 0xE3, 0x9C, 0xFC, 0xEE, 0x33,
    0x1F, 0x8C, 0xC7, 0xE3, 0xF1, 0xF8, 0xF8, 0x7E, 0x36, 0x1F, 0x8C, 0x87, 0x73, 0x33, 0x9C, 0xCC,
    0xE3, 0x80, 0x70, 0x78, 0x78, 0x0F, 0xFC, 0x00, 0xFC, 0x00, 0xFF, 0xFF, 0xFF, 0x38, 0xFB, 0x1E,
    0x3C, 0x6F, 0x8E, 0x00, 0x0E, 0x01, 0xC0, 0x38, 0x07, 0x0F, 0xFF, 0xFF, 0xFF, 0xF8, 0x70, 0x0E,
    0x01, 0xC0, 0x38, 0x00, 0x0F, 0xFF, 0xFF, 0xFF, 0xF8, 0x3E, 0xFF, 0x47, 0x07, 0x0F, 0x3E, 0x78,
    0xF0, 0xFF, 0xFF, 0x7C, 0xFE, 0x0E, 0x0E, 0x3C, 0x3F, 0x07, 0x07, 0xFF, 0x7C, 0x10, 0xE7, 0xFC,
    0xE1, 0x00, 0xF1, 0xFE, 0x3F, 0xC7, 0xF8, 0xFF, 0x1F, 0xE3, 0xFC, 0x7F, 0x8F, 0xF1, 0xFF, 0x3F,
    0xFF, 0xFF, 0xFF, 0xFD, 0xE0, 0x3C, 0x07, 0x80, 0xF0, 0x1E, 0x00, 0x01, 0x80, 0x3F, 0xFD, 0xFF,
    0xFB, 0xFF, 0xFF, 0xF9, 0xFF, 0xF3, 0xFF, 0xE7, 0xFF, 0xCF, 0xFF, 0x9E, 0xFF, 0x3C, 0xFE, 0x78,
    0x3C, 0xF0, 0x79, 0xE0, 0xF3, 0xC1, 0xE7, 0x83, 0xCF, 0x07, 0x9E, 0x0F, 0x3C, 0x1E, 0x78, 0x3C,
    0xF0, 0x79, 0xE0, 0xF3, 0xC1, 0xE7, 0x80, 0x77, 0xFF, 0xF7, 0x00, 0x18, 0xE3, 0x87, 0xFF, 0xE2,
    0x00, 0x1D, 0xFF, 0xD7, 0x1C, 0x71, 0xC7, 0x1C, 0x70, 0x1E, 0x1F, 0xE7, 0x3B, 0x87, 0xE1, 0xF8,
    0x7E, 0x1D, 0xCE, 0x7F, 0x87, 0x80, 0x70, 0xC3, 0xC7, 0x87, 0x8F, 0x0F, 0x3C, 0x3C, 0x78, 0x78,
    0xF3, 0xC7, 0x8F, 0x3C, 0x78, 0xF3, 0xC7, 0x87, 0x0C, 0x00, 0x1C, 0x00, 0x03, 0xE0, 0x78, 0x3F,
    0x03, 0x81, 0xB8, 0x3C, 0x01, 0xC1, 0xC0, 0x0E, 0x1C, 0x00, 0x70, 0xE0, 0x03, 0x8E, 0x1E, 0x1C,
    0xF0, 0xF0, 0xE7, 0x0F, 0x80, 0x78, 0xFC, 0x03, 0x86, 0xE0, 0x3C, 0x77, 0x01, 0xC3, 0xFC, 0x1E,
    0x1F, 0xE0, 0xE0, 0x0E, 0x0F, 0x00, 0x70, 0x70, 0x00, 0x00, 0x1C, 0x00, 0x07, 0xC1, 0xE0, 0xFC,
    0x1C, 0x0D, 0xC3, 0xC0, 0x1C, 0x38, 0x01, 0xC7, 0x80, 0x1C, 0x70, 0x01, 0xCF, 0x3C, 0x1C, 0xEF,
    0xE1, 0xDE, 0x47, 0x01, 0xC0, 0x70, 0x3C, 0x1E, 0x03, 0x83, 0xC0, 0x78, 0x78, 0x07, 0x0E, 0x00,
    0xF0, 0xFF, 0x0E, 0x0F, 0xF1, 0xE0, 0x00, 0x7C, 0x00, 0x01, 0xF8, 0x0E, 0x04, 0xE0, 0x78, 0x03,
    0x81, 0xC0, 0x3C, 0x0F, 0x00, 0xFC, 0x38, 0x00, 0x71, 0xE0, 0x01, 0xC7, 0x1E, 0xFF, 0x38, 0x79,
    0xF8, 0xE3, 0xE0, 0x07, 0x1F, 0x80, 0x3C, 0x6E, 0x00, 0xE3, 0xB8, 0x07, 0x8F, 0xF0, 0x1C, 0x3F,
    0xC0, 0xF0, 0x0E, 0x03, 0x80, 0x38, 0x1E, 0x00, 0x00, 0x0E, 0x0F, 0x87, 0xC3, 0xE0, 0xE0, 0x00,
    0x38, 0x1C, 0x1E, 0x1E, 0x1F, 0x0F, 0x0F, 0x07, 0x83, 0xC5, 0xFF, 0x7F, 0x9F, 0x80, 0x01, 0x00,
    0x01, 0xC0, 0x00, 0xF0, 0x00, 0x3C, 0x00, 0x0E, 0x00, 0x02, 0x00, 0x00, 0x00, 0x07, 0xC0, 0x03,
    0xE0, 0x03, 0xF8, 0x01, 0xFC, 0x00, 0xEE, 0x00, 0xF7, 0x80, 0x7B, 0xC0, 0x78, 0xF0, 0x3C, 0x78,
    0x1E, 0x3C, 0x1F, 0xFF, 0x0F, 0xFF, 0x87, 0xFF, 0xC7, 0x80, 0xF3, 0xC0, 0x7B, 0xE0, 0x3D, 0xE0,
    0x0F, 0x00, 0xC0, 0x00, 0x70, 0x00, 0x78, 0x00, 0x78, 0x00, 0x38, 0x00, 0x08, 0x00, 0x00, 0x00,
    0x07, 0xC0, 0x03, 0xE0, 0x03, 0xF8, 0x01, 0xFC, 0x00, 0xEE, 0x00, 0xF7, 0x80, 0x7B, 0xC0, 0x78,
    0xF0, 0x3C, 0x78, 0x1E, 0x3C, 0x1F, 0xFF, 0x0F, 0xFF, 0x87, 0xFF, 0xC7, 0x80, 0xF3, 0xC0, 0x7B,
    0xE0, 0x3D, 0xE0, 0x0F, 0x00, 0x80, 0x00, 0xE0, 0x00, 0xF8, 0x00, 0xEE, 0x00, 0x22, 0x00, 0x00,
    0x00, 0x0F, 0x80, 0x07, 0xC0, 0x07, 0xF0, 0x03, 0xF8, 0x01, 0xDC, 0x01, 0xEF, 0x00, 0xF7, 0x80,
    0xF1, 0xE0, 0x78, 0xF0, 0x3C, 0x78, 0x3F, 0xFE, 0x1F, 0xFF, 0x0F, 0xFF, 0x8F, 0x01, 0xE7, 0x80,
    0xF7, 0xC0, 0x7B, 0xC0, 0x1E, 0x03, 0x90, 0x03, 0xFC, 0x03, 0xFE, 0x00, 0xCE, 0x00, 0x00, 0x00,
    0x00, 0x00, 0x0F, 0x80, 0x07, 0xC0, 0x07, 0xF0, 0x03, 0xF8, 0x01, 0xDC, 0x01, 0xEF, 0x00, 0xF7,
    0x80, 0xF1, 0xE0, 0x78, 0xF0, 0x3C, 0x78, 0x3F, 0xFE, 0x1F, 0xFF, 0x0F, 0xFF, 0x8F, 0x01, 0xE7,
    0x80, 0xF7, 0xC0, 0x7B, 0xC0, 0x1E, 0x0E, 0x38, 0x0F, 0x3C, 0x07, 0x9E, 0x01, 0xC7, 0x00, 0x00,
    0x00, 0x00, 0x00, 0x0F, 0x80, 0x07, 0xC0, 0x07, 0xF0, 0x03, 0xF8, 0x01, 0xDC, 0x01, 0xEF, 0x00,
    0xF7, 0x80, 0xF1, 0xE0, 0x78, 0xF0, 0x3C, 0x78, 0x3F, 0xFE, 0x1F, 0xFF, 0x0F, 0xFF, 0x8F, 0x01,
    0xE7, 0x80, 0xF7, 0xC0, 0x7B, 0xC0, 0x1E, 0x03, 0xE0, 0x03, 0xF8, 0x01, 0x8C, 0x00, 0xC6, 0x00,
    0x3E, 0x00, 0x1F, 0x00, 0x0F, 0x80, 0x0F, 0xE0, 0x07, 0xF0, 0x07, 0xB8, 0x03, 0xDE, 0x01, 0xEF,
    0x01, 0xE3, 0xC0, 0xF1, 0xE0, 0x78, 0xF0, 0x7F, 0xFC, 0x3F, 0xFE, 0x3F, 0xFF, 0x1E, 0x03, 0xCF,
    0x01, 0xEF, 0x80, 0xF7, 0x80, 0x3C, 0x00, 0x7F, 0xFE, 0x00, 0xFF, 0xFE, 0x00, 0xFF, 0xFE, 0x01,
    0xFF, 0x00, 0x01, 0xEF, 0x00, 0x03, 0xEF, 0x00, 0x03, 0xCF, 0x00, 0x07, 0xCF, 0xFE, 0x0F, 0x8F,
    0xFE, 0x0F, 0x8F, 0xFE, 0x1F, 0xFF, 0x00, 0x1F, 0xFF, 0x00, 0x3F, 0xFF, 0x00, 0x3C, 0x0F, 0x00,
    0x7C, 0x0F, 0xFF, 0x78, 0x0F, 0xFF, 0xF8, 0x0F, 0xFF, 0x07, 0xF0, 0x7F, 0xF3, 0xFF, 0xDF, 0x82,
    0x78, 0x03, 0xE0, 0x0F, 0x00, 0x3C, 0x00, 0xF0, 0x03, 0xC0, 0x0F, 0x00, 0x3E, 0x00, 0x78, 0x01,
    0xF0, 0x23, 0xFF, 0xC7, 0xFF, 0x03, 0xF8, 0x07, 0x00, 0x1E, 0x00, 0x38, 0x03, 0xE0, 0x0F, 0x00,
    0x08, 0x01, 0xC0, 0x1E, 0x00, 0xF0, 0x07, 0x00, 0x20, 0x00, 0x0F, 0xFE, 0xFF, 0xEF, 0xFE, 0xF0,
    0x0F, 0x00, 0xF0, 0x0F, 0x00, 0xFF, 0xEF, 0xFE, 0xFF, 0xEF, 0x00, 0xF0, 0x0F, 0x00, 0xF0, 0x0F,
    0xFF, 0xFF, 0xFF, 0xFF, 0x02, 0x00, 0x70, 0x0F, 0x01, 0xE0, 0x1C, 0x00, 0x80, 0x00, 0x0F, 0xFE,
    0xFF, 0xEF, 0xFE, 0xF0, 0x0F, 0x00, 0xF0, 0x0F, 0x00, 0xFF, 0xEF, 0xFE, 0xFF, 0xEF, 0x00, 0xF0,
    0x0F, 0x00, 0xF0, 0x0F, 0xFF, 0xFF, 0xFF, 0xFF, 0x04, 0x00, 0xE0, 0x1F, 0x03, 0xB8, 0x11, 0x00,
    0x00, 0xFF, 0xEF, 0xFE, 0xFF, 0xEF, 0x00, 0xF0, 0x0F, 0x00, 0xF0, 0x0F, 0xFE, 0xFF, 0xEF, 0xFE,
    0xF0, 0x0F, 0x00, 0xF0, 0x0F, 0x00, 0xFF, 0xFF, 0xFF, 0xFF, 0xF0, 0x30, 0xC7, 0x9E, 0x79, 0xE3,
    0x0C, 0x00, 0x00, 0x00, 0xFF, 0xEF, 0xFE, 0xFF, 0xEF, 0x00, 0xF0, 0x0F, 0x00, 0xF0, 0x0F, 0xFE,
    0xFF, 0xEF, 0xFE, 0xF0, 0x0F, 0x00, 0xF0, 0x0F, 0x00, 0xFF, 0xFF, 0xFF, 0xFF, 0xF0, 0x21, 0xC7,
    0x8F, 0x1C, 0x20, 0x0F, 0x3C, 0xF3, 0xCF, 0x3C, 0xF3, 0xCF, 0x3C, 0xF3, 0xCF, 0x3C, 0xF3, 0xCF,
    0x10, 0xE7, 0xBC, 0xE1, 0x00, 0x3C, 0xF3, 0xCF, 0x3C, 0xF3, 0xCF, 0x3C, 0xF3, 0xCF, 0x3C, 0xF3,
    0xCF, 0x3C, 0x10, 0x71, 0xF7, 0x74, 0x40, 0x1E, 0x3C, 0x78, 0xF1, 0xE3, 0xC7, 0x8F, 0x1E, 0x3C,
    0x78, 0xF1, 0xE3, 0xC7, 0x8F, 0x1E, 0x00, 0x71, 0xFC, 0xFF, 0x3D, 0xC7, 0x00, 0x00, 0x01, 0xE0,
    0x78, 0x1E, 0x07, 0x81, 0xE0, 0x78, 0x1E, 0x07, 0x81, 0xE0, 0x78, 0x1E, 0x07, 0x81, 0xE0, 0x78,
    0x1E, 0x07, 0x81, 0xE0, 0x3F, 0xF0, 0x0F, 0xFF, 0x03, 0xFF, 0xF0, 0xF0, 0x7E, 0x3C, 0x07, 0x8F,
    0x01, 0xF3, 0xC0, 0x3F, 0xFE, 0x0F, 0xFF, 0x83, 0xFF, 0xE0, 0xF3, 0xC0, 0x3C, 0xF0, 0x1F, 0x3C,
    0x0F, 0x8F, 0x07, 0xE3, 0xFF, 0xF0, 0xFF, 0xF0, 0x3F, 0xF0, 0x00, 0x0E, 0x20, 0x3F, 0xE0, 0x7F,
    0x80, 0x4E, 0x00, 0x00, 0x00, 0x00, 0x3C, 0x07, 0xFC, 0x0F, 0xFC, 0x1F, 0xF8, 0x3F, 0xF8, 0x7F,
    0xF8, 0xFF, 0xF9, 0xFE, 0xF3, 0xFC, 0xF7, 0xF8, 0xFF, 0xF1, 0xFF, 0xE1, 0xFF, 0xC1, 0xFF, 0x83,
    0xFF, 0x03, 0xFE, 0x03, 0xFC, 0x07, 0x80, 0x00, 0x80, 0x00, 0x70, 0x00, 0x1E, 0x00, 0x03, 0xC0,
    0x00, 0x70, 0x00, 0x08, 0x00, 0x00, 0x00, 0x0F, 0xC0, 0x0F, 0xFC, 0x0F, 0xFF, 0xC7, 0xE1, 0xF9,
    0xE0, 0x1E, 0xF8, 0x07, 0xFC, 0x00, 0xFF, 0x00, 0x3F, 0xC0, 0x0F, 0xF0, 0x03, 0xFC, 0x00, 0xFF,
    0x80, 0x7D, 0xE0, 0x1E, 0x7E, 0x1F, 0x8F, 0xFF, 0xC1, 0xFF, 0xE0, 0x0F, 0xC0, 0x00, 0x40, 0x00,
    0x1C, 0x00, 0x0F, 0x00, 0x07, 0x80, 0x01, 0xC0, 0x00, 0x40, 0x00, 0x00, 0x00, 0x0F, 0xC0, 0x0F,
    0xFC, 0x0F, 0xFF, 0xC7, 0xE1, 0xF9, 0xE0, 0x1E, 0xF8, 0x07, 0xFC, 0x00, 0xFF, 0x00, 0x3F, 0xC0,
    0x0F, 0xF0, 0x03, 0xFC, 0x00, 0xFF, 0x80, 0x7D, 0xE0, 0x1E, 0x7E, 0x1F, 0x8F, 0xFF, 0xC1, 0xFF,
    0xE0, 0x0F, 0xC0, 0x00, 0x40, 0x00, 0x38, 0x00, 0x1F, 0x00, 0x0E, 0xE0, 0x01, 0x10, 0x00, 0x00,
    0x00, 0x3F, 0x00, 0x3F, 0xF0, 0x3F, 0xFF, 0x1F, 0x87, 0xE7, 0x80, 0x7B, 0xE0, 0x1F, 0xF0, 0x03,
    0xFC, 0x00, 0xFF, 0x00, 0x3F, 0xC0, 0x0F, 0xF0, 0x03, 0xFE, 0x01, 0xF7, 0x80, 0x79, 0xF8, 0x7E,
    0x3F, 0xFF, 0x07, 0xFF, 0x80, 0x3F, 0x00, 0x03, 0x90, 0x01, 0xFE, 0x00, 0xFF, 0x80, 0x11, 0xC0,
    0x00, 0x00, 0x00, 0x00, 0x00, 0x3F, 0x00, 0x3F, 0xF0, 0x3F, 0xFF, 0x1F, 0x87, 0xE7, 0x80, 0x7B,
    0xE0, 0x1F, 0xF0, 0x03, 0xFC, 0x00, 0xFF, 0x00, 0x3F, 0xC0, 0x0F, 0xF0, 0x03, 0xFE, 0x01, 0xF7,
    0x80, 0x79, 0xF8, 0x7E, 0x3F, 0xFF, 0x07, 0xFF, 0x80, 0x3F, 0x00, 0x06, 0x18, 0x03, 0xCF, 0x00,
    0xF3, 0xC0, 0x18, 0x60, 0x00, 0x00, 0x00, 0x00, 0x00, 0x3F, 0x00, 0x3F, 0xF0, 0x3F, 0xFF, 0x1F,
    0x87, 0xE7, 0x80, 0x7B, 0xE0, 0x1F, 0xF0, 0x03, 0xFC, 0x00, 0xFF, 0x00, 0x3F, 0xC0, 0x0F, 0xF0,
    0x03, 0xFE, 0x01, 0xF7, 0x80, 0x79, 0xF8, 0x7E, 0x3F, 0xFF, 0x07, 0xFF, 0x80, 0x3F, 0x00, 0x21,
    0x18, 0x6F, 0x3D, 0xFE, 0x3F, 0x07, 0x83, 0xF1, 0xFE, 0xF3, 0xD8, 0x62, 0x10, 0x00, 0x01, 0x00,
    0xFC, 0xE0, 0xFF, 0xF8, 0xFF, 0xFC, 0x7E, 0x1F, 0x9E, 0x07, 0xEF, 0x83, 0xFF, 0xC1, 0xCF, 0xF0,
    0xF3, 0xFC, 0x78, 0xFF, 0x3C, 0x3F, 0xCE, 0x0F, 0xFF, 0x07, 0xDF, 0x81, 0xE7, 0xE1, 0xF8, 0xFF,
    0xFC, 0x7F, 0xFE, 0x1C, 0xFC, 0x02, 0x00, 0x00, 0x02, 0x00, 0x3C, 0x00, 0xF0, 0x01, 0xE0, 0x01,
    0x80, 0x02, 0x00, 0x00, 0x3C, 0x0F, 0xF0, 0x3F, 0xC0, 0xFF, 0x03, 0xFC, 0x0F, 0xF0, 0x3F, 0xC0,
    0xFF, 0x03, 0xFC, 0x0F, 0xF0, 0x3F, 0xC0, 0xFF, 0x03, 0xFC, 0x0F, 0x78, 0x79, 0xFF, 0xE3, 0xFF,
    0x03, 0xF0, 0x00, 0x80, 0x07, 0x00, 0x3C, 0x01, 0xE0, 0x07, 0x00, 0x08, 0x00, 0x00, 0x3C, 0x0F,
    0xF0, 0x3F, 0xC0, 0xFF, 0x03, 0xFC, 0x0F, 0xF0, 0x3F, 0xC0, 0xFF, 0x03, 0xFC, 0x0F, 0xF0, 0x3F,
    0xC0, 0xFF, 0x03, 0xFC, 0x0F, 0x78, 0x79, 0xFF, 0xE3, 0xFF, 0x03, 0xF0, 0x01, 0x00, 0x0E, 0x00,
    0x7C, 0x03, 0xB8, 0x04, 0x40, 0x00, 0x0F, 0x03, 0xFC, 0x0F, 0xF0, 0x3F, 0xC0, 0xFF, 0x03, 0xFC,
    0x0F, 0xF0, 0x3F, 0xC0, 0xFF, 0x03, 0xFC, 0x0F, 0xF0, 0x3F, 0xC0, 0xFF, 0x03, 0xDE, 0x1E, 0x7F,
    0xF8, 0xFF, 0xC0, 0xFC, 0x00, 0x1C, 0x70, 0xF3, 0xC3, 0xCF, 0x07, 0x1C, 0x00, 0x00, 0x00, 0x0F,
    0x03, 0xFC, 0x0F, 0xF0, 0x3F, 0xC0, 0xFF, 0x03, 0xFC, 0x0F, 0xF0, 0x3F, 0xC0, 0xFF, 0x03, 0xFC,
    0x0F, 0xF0, 0x3F, 0xC0, 0xFF, 0x03, 0xDE, 0x1E, 0x7F, 0xF8, 0xFF, 0xC0, 0xFC, 0x00, 0x00, 0x80,
    0x01, 0xE0, 0x01, 0xE0, 0x03, 0xC0, 0x03, 0x00, 0x02, 0x00, 0x00, 0x00, 0xF8, 0x1F, 0x78, 0x1E,
    0x7C, 0x3E, 0x3C, 0x3C, 0x3E, 0x7C, 0x1F, 0xF8, 0x0F, 0xF0, 0x0F, 0xF0, 0x07, 0xE0, 0x07, 0xE0,
    0x03, 0xC0, 0x03, 0xC0, 0x03, 0xC0, 0x03, 0xC0, 0x03, 0xC0, 0x03, 0xC0, 0x03, 0xC0, 0xF0, 0x07,
    0x80, 0x3F, 0xE1, 0xFF, 0xCF, 0xFF, 0x78, 0x7F, 0xC1, 0xFE, 0x0F, 0xF0, 0x7F, 0x83, 0xFC, 0x3F,
    0xFF, 0xEF, 0xFE, 0x7F, 0xC3, 0xC0, 0x1E, 0x00, 0xF0, 0x00, 0x1F, 0x03, 0xFC, 0x1F, 0xF1, 0xE7,
    0x8F, 0x3C, 0x79, 0xE3, 0xCF, 0x1E, 0xF0, 0xF7, 0x87, 0xBC, 0x3D, 0xF1, 0xEF, 0xCF, 0x1F, 0x78,
    0x7F, 0xC1, 0xFE, 0x8F, 0xF7, 0xFF, 0xBF, 0xBD, 0xF8, 0x08, 0x03, 0x80, 0x78, 0x07, 0x80, 0x70,
    0x04, 0x00, 0x03, 0xF8, 0x7F, 0xCF, 0xFD, 0x0F, 0x80, 0xF3, 0xFE, 0xFF, 0xFF, 0xFF, 0x8F, 0xF1,
    0xFF, 0xFD, 0xFF, 0x9F, 0xE0, 0x01, 0x00, 0x70, 0x1E, 0x07, 0x80, 0xE0, 0x08, 0x00, 0x03, 0xF8,
    0x7F, 0xCF, 0xFD, 0x0F, 0x80, 0xF3, 0xFE, 0xFF, 0xFF, 0xFF, 0x8F, 0xF1, 0xFF, 0xFD, 0xFF, 0x9F,
    0xE0, 0x04, 0x03, 0xC0, 0xFC, 0x19, 0x82, 0x10, 0x00, 0x1F, 0xC3, 0xFE, 0x7F, 0xE8, 0x7C, 0x07,
    0x9F, 0xF7, 0xFF, 0xFF, 0xFC, 0x7F, 0x8F, 0xFF, 0xEF, 0xFC, 0xFF, 0x00, 0x18, 0x87, 0xF9, 0xFE,
    0x11, 0xC0, 0x00, 0x00, 0x1F, 0xC3, 0xFE, 0x7F, 0xE8, 0x7C, 0x07, 0x9F, 0xF7, 0xFF, 0xFF, 0xFC,
    0x7F, 0x8F, 0xFF, 0xEF, 0xFC, 0xFF, 0x00, 0x30, 0xCF, 0x3D, 0xE7, 0x98, 0x60, 0x00, 0x00, 0x1F,
    0xC3, 0xFE, 0x7F, 0xE8, 0x7C, 0x07, 0x9F, 0xF7, 0xFF, 0xFF, 0xFC, 0x7F, 0x8F, 0xFF, 0xEF, 0xFC,
    0xFF, 0x00, 0x0F, 0x03, 0xF0, 0x66, 0x0C, 0xC1, 0xF8, 0x1E, 0x00, 0x03, 0xF8, 0x7F, 0xCF, 0xFD,
    0x0F, 0x80, 0xF3, 0xFE, 0xFF, 0xFF, 0xFF, 0x8F, 0xF1, 0xFF, 0xFD, 0xFF, 0x9F, 0xE0, 0x3F, 0x8F,
    0x87, 0xFF, 0xFC, 0x3F, 0xFF, 0xE0, 0x1F, 0x9E, 0x00, 0xF0, 0xF1, 0xFF, 0xFF, 0x7F, 0xFF, 0xFF,
    0xFF, 0xFF, 0xF0, 0xF0, 0x0F, 0x07, 0x82, 0xFF, 0xFF, 0xE7, 0xFF, 0xFE, 0x3F, 0x8F, 0xC0, 0x0F,
    0xC7, 0xFD, 0xFF, 0x3C, 0x0F, 0x01, 0xE0, 0x3C, 0x07, 0x80, 0xF0, 0x0F, 0x01, 0xFF, 0x9F, 0xF0,
    0x7E, 0x1E, 0x00, 0xE0, 0x1C, 0x1F, 0x83, 0xE0, 0x02, 0x00, 0x78, 0x03, 0xC0, 0x0F, 0x00, 0x18,
    0x00, 0x40, 0x00, 0x01, 0xF0, 0x3F, 0xE3, 0xFF, 0x9E, 0x3D, 0xE0, 0xFF, 0xFF, 0xFF, 0xFF, 0xFF,
    0xFE, 0x00, 0x78, 0x13, 0xFF, 0x8F, 0xFC, 0x1F, 0xC0, 0x01, 0x00, 0x1C, 0x01, 0xE0, 0x1E, 0x00,
    0xE0, 0x02, 0x00, 0x00, 0x01, 0xF0, 0x3F, 0xE3, 0xFF, 0x9E, 0x3D, 0xE0, 0xFF, 0xFF, 0xFF, 0xFF,
    0xFF, 0xFE, 0x00, 0x78, 0x13, 0xFF, 0x8F, 0xFC, 0x1F, 0xC0, 0x02, 0x00, 0x38, 0x03, 0xE0, 0x3B,
    0x80, 0x84, 0x00, 0x00, 0x3E, 0x07, 0xFC, 0x7F, 0xF3, 0xC7, 0xBC, 0x1F, 0xFF, 0xFF, 0xFF, 0xFF,
    0xFF, 0xC0, 0x0F, 0x02, 0x7F, 0xF1, 0xFF, 0x83, 0xF8, 0x38, 0xE1, 0xE7, 0x8F, 0x3C, 0x71, 0xC0,
    0x00, 0x00, 0x00, 0x3E, 0x07, 0xFC, 0x7F, 0xF3, 0xC7, 0xBC, 0x1F, 0xFF, 0xFF, 0xFF, 0xFF, 0xFF,
    0xC0, 0x0F, 0x02, 0x7F, 0xF1, 0xFF, 0x83, 0xF8, 0x21, 0xC7, 0x8F, 0x1C, 0x20, 0x1E, 0x79, 0xE7,
    0x9E, 0x79, 0xE7, 0x9E, 0x79, 0xE7, 0x9E, 0x18, 0x73, 0xDE, 0x71, 0x00, 0x1E, 0x79, 0xE7, 0x9E,
    0x79, 0xE7, 0x9E, 0x79, 0xE7, 0x9E, 0x10, 0x71, 0xF7, 0x74, 0x40, 0x1E, 0x3C, 0x78, 0xF1, 0xE3,
    0xC7, 0x8F, 0x1E, 0x3C, 0x78, 0xF1, 0xE0, 0xE3, 0xBC, 0xFF, 0x3F, 0x8E, 0x00, 0x00, 0x01, 0xE0,
    0x78, 0x1E, 0x07, 0x81, 0xE0, 0x78, 0x1E, 0x07, 0x81, 0xE0, 0x78, 0x1E, 0x07, 0x81, 0xE0, 0x03,
    0x00, 0x3C, 0xC1, 0xFE, 0x0F, 0xE0, 0x7E, 0x02, 0x78, 0x03, 0xC3, 0xFF, 0x3F, 0xFB, 0xFF, 0xFE,
    0x1F, 0xE0, 0xFF, 0x07, 0xF8, 0x3F, 0xC3, 0xDF, 0x1E, 0x7F, 0xF1, 0xFF, 0x07, 0xE0, 0x38, 0x8F,
    0xF9, 0xFE, 0x13, 0x80, 0x00, 0x00, 0x1F, 0xC7, 0xFE, 0xFF, 0xDE, 0x7F, 0xC7, 0xF8, 0xFF, 0x1F,
    0xE3, 0xFC, 0x7F, 0x8F, 0xF1, 0xFE, 0x3F, 0xC7, 0x80, 0x04, 0x00, 0x70, 0x07, 0xC0, 0x0F, 0x00,
    0x38, 0x00, 0x80, 0x00, 0x01, 0xF0, 0x3F, 0xE3, 0xFF, 0x9E, 0x3D, 0xE0, 0xFF, 0x07, 0xF8, 0x3F,
    0xC1, 0xFE, 0x0F, 0x78, 0xF3, 0xFF, 0x8F, 0xF8, 0x1F, 0x00, 0x02, 0x00, 0x3C, 0x01, 0xE0, 0x1E,
    0x00, 0xC0, 0x04, 0x00, 0x00, 0x01, 0xF0, 0x3F, 0xE3, 0xFF, 0x9E, 0x3D, 0xE0, 0xFF, 0x07, 0xF8,
    0x3F, 0xC1, 0xFE, 0x0F, 0x78, 0xF3, 0xFF, 0x8F, 0xF8, 0x1F, 0x00, 0x02, 0x00, 0x38, 0x07, 0xE0,
    0x3B, 0x81, 0x08, 0x00, 0x00, 0x3E, 0x07, 0xFC, 0x7F, 0xF3, 0xC7, 0xBC, 0x1F, 0xE0, 0xFF, 0x07,
    0xF8, 0x3F, 0xC1, 0xEF, 0x1E, 0x7F, 0xF1, 0xFF, 0x03, 0xE0, 0x1C, 0x41, 0xFF, 0x0F, 0xF0, 0x27,
    0x00, 0x00, 0x00, 0x00, 0x3E, 0x07, 0xFC, 0x7F, 0xF3, 0xC7, 0xBC, 0x1F, 0xE0, 0xFF, 0x07, 0xF8,
    0x3F, 0xC1, 0xEF, 0x1E, 0x7F, 0xF1, 0xFF, 0x03, 0xE0, 0x18, 0x61, 0xE7, 0x8F, 0x3C, 0x30, 0xC0,
    0x00, 0x00, 0x00, 0x3E, 0x07, 0xFC, 0x7F, 0xF3, 0xC7, 0xBC, 0x1F, 0xE0, 0xFF, 0x07, 0xF8, 0x3F,
    0xC1, 0xEF, 0x1E, 0x7F, 0xF1, 0xFF, 0x03, 0xE0, 0x06, 0x00, 0xF0, 0x0F, 0x00, 0x60, 0x00, 0x0F,
    0xFF, 0xFF, 0xFF, 0xFF, 0x00, 0x00, 0x60, 0x0F, 0x00, 0xF0, 0x06, 0x00, 0x00, 0x00, 0x7D, 0xCF,
    0xFC, 0xFF, 0xE7, 0x8F, 0x78, 0xFF, 0xCF, 0xFE, 0xEF, 0xFE, 0x7F, 0xE3, 0xDE, 0x3C, 0xFF, 0xE7,
    0xFE, 0x77, 0xC0, 0x00, 0x00, 0x08, 0x03, 0x80, 0x78, 0x07, 0x80, 0x70, 0x04, 0x00, 0x07, 0x8F,
    0xF1, 0xFE, 0x3F, 0xC7, 0xF8, 0xFF, 0x1F, 0xE3, 0xFC, 0x7F, 0x8F, 0xF9, 0xEF, 0xFD, 0xFF, 0x8F,
    0xE0, 0x02, 0x00, 0xE0, 0x3E, 0x0F, 0x01, 0xC0, 0x10, 0x00, 0x07, 0x8F, 0xF1, 0xFE, 0x3F, 0xC7,
    0xF8, 0xFF, 0x1F, 0xE3, 0xFC, 0x7F, 0x8F, 0xF9, 0xEF, 0xFD, 0xFF, 0x8F, 0xE0, 0x04, 0x01, 0xC0,
    0x7C, 0x1D, 0xC1, 0x08, 0x00, 0x3C, 0x7F, 0x8F, 0xF1, 0xFE, 0x3F, 0xC7, 0xF8, 0xFF, 0x1F, 0xE3,
    0xFC, 0x7F, 0xCF, 0x7F, 0xEF, 0xFC, 0x7F, 0x00, 0x71, 0xCF, 0x3D, 0xE7, 0xB8, 0xE0, 0x00, 0x00,
    0x3C, 0x7F, 0x8F, 0xF1, 0xFE, 0x3F, 0xC7, 0xF8, 0xFF, 0x1F, 0xE3, 0xFC, 0x7F, 0xCF, 0x7F, 0xEF,
    0xFC, 0x7F, 0x00, 0x01, 0x00, 0x1E, 0x00, 0xF0, 0x0F, 0x00, 0x60, 0x02, 0x00, 0x00, 0x1E, 0x0F,
    0xF8, 0xFB, 0xC7, 0x9E, 0x3C, 0xF1, 0xE3, 0xDE, 0x1E, 0xF0, 0xF7, 0x83, 0xB8, 0x1F, 0xC0, 0xFE,
    0x03, 0xE0, 0x1F, 0x00, 0xF0, 0x0F, 0x83, 0xF8, 0x1F, 0xC0, 0xF8, 0x00, 0x70, 0x0F, 0x00, 0xF0,
    0x0F, 0x00, 0xF0, 0x0F, 0x00, 0xFF, 0x0F, 0xFC, 0xFF, 0xEF, 0x1E, 0xF0, 0xFF, 0x0F, 0xF0, 0xFF,
    0x0F, 0xF0, 0xFF, 0x1F, 0xFF, 0xEF, 0xFC, 0xFF, 0x8F, 0x00, 0xF0, 0x0F, 0x00, 0xF0, 0x0F, 0x00,
    0x38, 0xE3, 0xCF, 0x1E, 0x78, 0x71, 0xC0, 0x00, 0x00, 0x03, 0xC1, 0xFF, 0x1F, 0x78, 0xF3, 0xC7,
    0x9E, 0x3C, 0x7B, 0xC3, 0xDE, 0x1E, 0xF0, 0x77, 0x03, 0xF8, 0x1F, 0xC0, 0x7C, 0x03, 0xE0, 0x1E,
    0x01, 0xF0, 0x7F, 0x03, 0xF8, 0x1F, 0x00, 0x0F, 0xF0, 0x07, 0xF8, 0x03, 0xFC, 0x00, 0x00, 0x00,
    0x00, 0x00, 0x00, 0x00, 0x0F, 0x80, 0x07, 0xC0, 0x07, 0xF0, 0x03, 0xF8, 0x01, 0xDC, 0x01, 0xEF,
    0x00, 0xF7, 0x80, 0xF1, 0xE0, 0x78, 0xF0, 0x3C, 0x78, 0x3F, 0xFE, 0x1F, 0xFF, 0x0F, 0xFF, 0x8F,
    0x01, 0xE7, 0x80, 0xF7, 0xC0, 0x7B, 0xC0, 0x1E, 0x3F, 0xC7, 0xF8, 0xFF, 0x00, 0x00, 0x00, 0x00,
    0x1F, 0xC3, 0xFE, 0x7F, 0xE8, 0x7C, 0x07, 0x9F, 0xF7, 0xFF, 0xFF, 0xFC, 0x7F, 0x8F, 0xFF, 0xEF,
    0xFC, 0xFF, 0x00, 0x0E, 0x38, 0x07, 0x9C, 0x01, 0xFC, 0x00, 0x7C, 0x00, 0x00, 0x00, 0x00, 0x00,
    0x0F, 0x80, 0x07, 0xC0, 0x07, 0xF0, 0x03, 0xF8, 0x01, 0xDC, 0x01, 0xEF, 0x00, 0xF7, 0x80, 0xF1,
    0xE0, 0x78, 0xF0, 0x3C, 0x78, 0x3F, 0xFE, 0x1F, 0xFF, 0x0F, 0xFF, 0x8F, 0x01, 0xE7, 0x80, 0xF7,
    0xC0, 0x7B, 0xC0, 0x1E, 0x38, 0xE7, 0x3C, 0x7F, 0x07, 0xC0, 0x00, 0x00, 0x1F, 0xC3, 0xFE, 0x7F,
    0xE8, 0x7C, 0x07, 0x9F, 0xF7, 0xFF, 0xFF, 0xFC, 0x7F, 0x8F, 0xFF, 0xEF, 0xFC, 0xFF, 0x00, 0x07,
    0xF0, 0x01, 0xFC, 0x00, 0x7F, 0x00, 0x3F, 0xE0, 0x0F, 0x78, 0x03, 0xDE, 0x01, 0xF7, 0xC0, 0x78,
    0xF0, 0x1E, 0x3C, 0x0F, 0x8F, 0x83, 0xFF, 0xE0, 0xFF, 0xF8, 0x7F, 0xFF, 0x1E, 0x03, 0xC7, 0x80,
    0xF3, 0xE0, 0x3E, 0xF0, 0x07, 0x80, 0x01, 0xC0, 0x00, 0x60, 0x00, 0x38, 0x00, 0x0F, 0x80, 0x03,
    0xE0, 0x00, 0x78, 0x7F, 0x0F, 0xF9, 0xFF, 0xA1, 0xF0, 0x1E, 0x7F, 0xDF, 0xFF, 0xFF, 0xF1, 0xFE,
    0x3F, 0xFF, 0xBF, 0xF3, 0xFE, 0x03, 0x80, 0xE0, 0x1C, 0x03, 0xE0, 0x7C, 0x07, 0x80, 0x00, 0x40,
    0x03, 0x80, 0x1E, 0x00, 0xF0, 0x03, 0x80, 0x04, 0x00, 0x00, 0x01, 0xFC, 0x1F, 0xFC, 0xFF, 0xF7,
    0xE0, 0x9E, 0x00, 0xF8, 0x03, 0xC0, 0x0F, 0x00, 0x3C, 0x00, 0xF0, 0x03, 0xC0, 0x0F, 0x80, 0x1E,
    0x00, 0x7C, 0x08, 0xFF, 0xF1, 0xFF, 0xC1, 0xFC, 0x01, 0x00, 0x38, 0x0F, 0x03, 0xC0, 0x70, 0x08,
    0x00, 0x00, 0x7E, 0x3F, 0xEF, 0xFD, 0xE0, 0x7C, 0x0F, 0x01, 0xE0, 0x3C, 0x07, 0x80, 0x78, 0x0F,
    0xFC, 0xFF, 0x87, 0xE0, 0x00, 0x80, 0x07, 0x00, 0x3E, 0x01, 0xDC, 0x02, 0x20, 0x00, 0x00, 0x7F,
    0x07, 0xFF, 0x3F, 0xFD, 0xF8, 0x27, 0x80, 0x3E, 0x00, 0xF0, 0x03, 0xC0, 0x0F, 0x00, 0x3C, 0x00,
    0xF0, 0x03, 0xE0, 0x07, 0x80, 0x1F, 0x02, 0x3F, 0xFC, 0x7F, 0xF0, 0x7F, 0x00, 0x03, 0x00, 0xF0,
    0x3F, 0x06, 0x60, 0x84, 0x00, 0x03, 0xF1, 0xFF, 0x7F, 0xEF, 0x03, 0xE0, 0x78, 0x0F, 0x01, 0xE0,
    0x3C, 0x03, 0xC0, 0x7F, 0xE7, 0xFC, 0x3F, 0x00, 0x01, 0xC0, 0x07, 0x80, 0x1E, 0x00, 0x70, 0x00,
    0x00, 0x00, 0x00, 0x7F, 0x07, 0xFF, 0x3F, 0xFD, 0xF8, 0x27, 0x80, 0x3E, 0x00, 0xF0, 0x03, 0xC0,
    0x0F, 0x00, 0x3C, 0x00, 0xF0, 0x03, 0xE0, 0x07, 0x80, 0x1F, 0x02, 0x3F, 0xFC, 0x7F, 0xF0, 0x7F,
    0x00, 0x07, 0x01, 0xE0, 0x3C, 0x03, 0x80, 0x00, 0x00, 0x03, 0xF1, 0xFF, 0x7F, 0xEF, 0x03, 0xE0,
    0x78, 0x0F, 0x01, 0xE0, 0x3C, 0x03, 0xC0, 0x7F, 0xE7, 0xFC, 0x3F, 0x00, 0x02, 0x20, 0x1D, 0xC0,
    0x3E, 0x00, 0x70, 0x00, 0x80, 0x00, 0x00, 0x00, 0x01, 0xFC, 0x1F, 0xFC, 0xFF, 0xF7, 0xE0, 0x9E,
    0x00, 0xF8, 0x03, 0xC0, 0x0F, 0x00, 0x3C, 0x00, 0xF0, 0x03, 0xC0, 0x0F, 0x80, 0x1E, 0x00, 0x7C,
    0x08, 0xFF, 0xF1, 0xFF, 0xC1, 0xFC, 0x08, 0x41, 0x98, 0x3F, 0x03, 0xC0, 0x30, 0x00, 0x00, 0x00,
    0x7E, 0x3F, 0xEF, 0xFD, 0xE0, 0x7C, 0x0F, 0x01, 0xE0, 0x3C, 0x07, 0x80, 0x78, 0x0F, 0xFC, 0xFF,
    0x87, 0xE0, 0x08, 0x80, 0x3B, 0x80, 0x3E, 0x00, 0x38, 0x00, 0x20, 0x00, 0x00, 0x00, 0x00, 0x7F,
    0xC0, 0xFF, 0xF1, 0xFF, 0xF3, 0xC3, 0xF7, 0x81, 0xEF, 0x03, 0xFE, 0x03, 0xFC, 0x07, 0xF8, 0x0F,
    0xF0, 0x1F, 0xE0, 0x3F, 0xC0, 0xFF, 0x81, 0xEF, 0x0F, 0xDF, 0xFF, 0x3F, 0xF8, 0x7F, 0xC0, 0x00,
    0x73, 0x80, 0x79, 0xC0, 0x3C, 0xE0, 0x1E, 0x70, 0x0F, 0x30, 0x07, 0x98, 0x7F, 0xC0, 0x7F, 0xE0,
    0x7F, 0xF0, 0x7C, 0x78, 0x3C, 0x3C, 0x1E, 0x1E, 0x0F, 0x0F, 0x07, 0x87, 0x83, 0xC3, 0xC0, 0xF1,
    0xE0, 0x7F, 0xF0, 0x1F, 0xF8, 0x03, 0xF8, 0x00, 0x3F, 0xF0, 0x0F, 0xFF, 0x03, 0xFF, 0xF0, 0xF0,
    0x7E, 0x3C, 0x07, 0x8F, 0x01, 0xF3, 0xC0, 0x3F, 0xFE, 0x0F, 0xFF, 0x83, 0xFF, 0xE0, 0xF3, 0xC0,
    0x3C, 0xF0, 0x1F, 0x3C, 0x0F, 0x8F, 0x07, 0xE3, 0xFF, 0xF0, 0xFF, 0xF0, 0x3F, 0xF0, 0x00, 0x00,
    0x70, 0x03, 0xC0, 0xFF, 0xC3, 0xFF, 0x00, 0xF0, 0x03, 0xC1, 0xFF, 0x0F, 0xFC, 0x7F, 0xF3, 0xE3,
    0xCF, 0x0F, 0x3C, 0x3C, 0xF0, 0xF3, 0xC3, 0xCF, 0x0F, 0x1E, 0x3C, 0x7F, 0xF0, 0xFF, 0xC0, 0xFE,
    0x00, 0x3F, 0xC3, 0xFC, 0x3F, 0xC0, 0x00, 0x00, 0x00, 0x00, 0xFF, 0xEF, 0xFE, 0xFF, 0xEF, 0x00,
    0xF0, 0x0F, 0x00, 0xF0, 0x0F, 0xFE, 0xFF, 0xEF, 0xFE, 0xF0, 0x0F, 0x00, 0xF0, 0x0F, 0x00, 0xFF,
    0xFF, 0xFF, 0xFF, 0xF0, 0x1F, 0xE0, 0xFF, 0x07, 0xF8, 0x00, 0x00, 0x00, 0x00, 0x00, 0x3E, 0x07,
    0xFC, 0x7F, 0xF3, 0xC7, 0xBC, 0x1F, 0xFF, 0xFF, 0xFF, 0xFF, 0xFF, 0xC0, 0x0F, 0x02, 0x7F, 0xF1,
    0xFF, 0x83, 0xF8, 0x71, 0xC7, 0x3C, 0x3F, 0x81, 0xF0, 0x00, 0x00, 0x00, 0xFF, 0xEF, 0xFE, 0xFF,
    0xEF, 0x00, 0xF0, 0x0F, 0x00, 0xF0, 0x0F, 0xFE, 0xFF, 0xEF, 0xFE, 0xF0, 0x0F, 0x00, 0xF0, 0x0F,
    0x00, 0xFF, 0xFF, 0xFF, 0xFF, 0xF0, 0x38, 0xE1, 0xE7, 0x07, 0xF0, 0x1F, 0x00, 0x00, 0x00, 0x00,
    0x3E, 0x07, 0xFC, 0x7F, 0xF3, 0xC7, 0xBC, 0x1F, 0xFF, 0xFF, 0xFF, 0xFF, 0xFF, 0xC0, 0x0F, 0x02,
    0x7F, 0xF1, 0xFF, 0x83, 0xF8, 0x06, 0x00, 0xF0, 0x0F, 0x00, 0x60, 0x00, 0x00, 0x00, 0xFF, 0xEF,
    0xFE, 0xFF, 0xEF, 0x00, 0xF0, 0x0F, 0x00, 0xF0, 0x0F, 0xFE, 0xFF, 0xEF, 0xFE, 0xF0, 0x0F, 0x00,
    0xF0, 0x0F, 0x00, 0xFF, 0xFF, 0xFF, 0xFF, 0xF0, 0x07, 0x00, 0x78, 0x03, 0xC0, 0x0E, 0x00, 0x00,
    0x00, 0x00, 0x3E, 0x07, 0xFC, 0x7F, 0xF3, 0xC7, 0xBC, 0x1F, 0xFF, 0xFF, 0xFF, 0xFF, 0xFF, 0xC0,
    0x0F, 0x02, 0x7F, 0xF1, 0xFF, 0x83, 0xF8, 0xFF, 0xEF, 0xFE, 0xFF, 0xEF, 0x00, 0xF0, 0x0F, 0x00,
    0xF0, 0x0F, 0xFE, 0xFF, 0xEF, 0xFE, 0xF0, 0x0F, 0x00, 0xF0, 0x0F, 0x00, 0xFF, 0xFF, 0xFF, 0xFF,
    0xF0, 0x0F, 0x00, 0xE0, 0x1C, 0x01, 0xF0, 0x1F, 0x00, 0xF0, 0x0F, 0x81, 0xFF, 0x1F, 0xFC, 0xF1,
    0xEF, 0x07, 0xFF, 0xFF, 0xFF, 0xFF, 0xFF, 0xF0, 0x03, 0xC0, 0x9F, 0xFC, 0x7F, 0xE0, 0x7F, 0x00,
    0x70, 0x07, 0x00, 0x3E, 0x01, 0xF0, 0x07, 0x80, 0x11, 0x03, 0xB8, 0x1F, 0x00, 0xE0, 0x04, 0x00,
    0x00, 0x00, 0x0F, 0xFE, 0xFF, 0xEF, 0xFE, 0xF0, 0x0F, 0x00, 0xF0, 0x0F, 0x00, 0xFF, 0xEF, 0xFE,
    0xFF, 0xEF, 0x00, 0xF0, 0x0F, 0x00, 0xF0, 0x0F, 0xFF, 0xFF, 0xFF, 0xFF, 0x08, 0x40, 0x66, 0x03,
    0xF0, 0x0F, 0x00, 0x20, 0x00, 0x00, 0x00, 0x01, 0xF0, 0x3F, 0xE3, 0xFF, 0x9E, 0x3D, 0xE0, 0xFF,
    0xFF, 0xFF, 0xFF, 0xFF, 0xFE, 0x00, 0x78, 0x13, 0xFF, 0x8F, 0xFC, 0x1F, 0xC0, 0x00, 0x80, 0x03,
    0x80, 0x0F, 0x80, 0x3B, 0x80, 0x22, 0x00, 0x00, 0x00, 0xFE, 0x07, 0xFF, 0x3F, 0xFE, 0xFC, 0x19,
    0xE0, 0x07, 0xC0, 0x0F, 0x00, 0x1E, 0x00, 0x3C, 0x07, 0xF8, 0x0F, 0xF0, 0x1F, 0xF0, 0x3D, 0xE0,
    0x7B, 0xF0, 0xF3, 0xFF, 0xE3, 0xFF, 0xC1, 0xFF, 0x00, 0x04, 0x00, 0xE0, 0x1F, 0x03, 0xB8, 0x11,
    0x00, 0x00, 0x0F, 0xE3, 0xFF, 0x7F, 0xF7, 0x8F, 0xF0, 0xFF, 0x0F, 0xF0, 0xFF, 0x0F, 0xF0, 0xFF,
    0x8F, 0x7F, 0xF3, 0xFF, 0x1F, 0xF0, 0x0F, 0x41, 0xF7, 0xFE, 0x7F, 0xC7, 0xF8, 0x07, 0x1C, 0x0E,
    0x70, 0x1F, 0xE0, 0x0F, 0x00, 0x00, 0x00, 0x00, 0x00, 0xFE, 0x07, 0xFF, 0x3F, 0xFE, 0xFC, 0x19,
    0xE0, 0x07, 0xC0, 0x0F, 0x00, 0x1E, 0x00, 0x3C, 0x07, 0xF8, 0x0F, 0xF0, 0x1F, 0xF0, 0x3D, 0xE0,
    0x7B, 0xF0, 0xF3, 0xFF, 0xE3, 0xFF, 0xC1, 0xFF, 0x00, 0x0E, 0x38, 0x73, 0xC1, 0xFC, 0x07, 0xC0,
    0x00, 0x00, 0x00, 0x3F, 0x87, 0xFE, 0x7F, 0xF3, 0xC7, 0xBC, 0x3D, 0xE1, 0xEF, 0x0F, 0x78, 0x7B,
    0xC3, 0xDF, 0x1E, 0x7F, 0xF1, 0xFF, 0x87, 0xFC, 0x01, 0xE4, 0x1F, 0x3F, 0xF1, 0xFF, 0x0F, 0xF0,
    0x01, 0xC0, 0x03, 0xC0, 0x07, 0x80, 0x0E, 0x00, 0x00, 0x00, 0x00, 0x00, 0xFE, 0x07, 0xFF, 0x3F,
    0xFE, 0xFC, 0x19, 0xE0, 0x07, 0xC0, 0x0F, 0x00, 0x1E, 0x00, 0x3C, 0x07, 0xF8, 0x0F, 0xF0, 0x1F,
    0xF0, 0x3D, 0xE0, 0x7B, 0xF0, 0xF3, 0xFF, 0xE3, 0xFF, 0xC1, 0xFF, 0x00, 0x0E, 0x00, 0xF0, 0x0F,
    0x00, 0xE0, 0x00, 0x00, 0x00, 0x0F, 0xE3, 0xFE, 0x7F, 0xE7, 0x8E, 0xF0, 0xEF, 0x0E, 0xF0, 0xFF,
    0x0F, 0xF0, 0xFF, 0x8F, 0x7F, 0xF3, 0xFF, 0x1F, 0xF0, 0x0F, 0x41, 0xF7, 0xFE, 0x7F, 0xC7, 0xF8,
    0x03, 0xF8, 0x1F, 0xFC, 0xFF, 0xFB, 0xF0, 0x67, 0x80, 0x1F, 0x00, 0x3C, 0x00, 0x78, 0x00, 0xF0,
    0x1F, 0xE0, 0x3F, 0xC0, 0x7F, 0xC0, 0xF7, 0x81, 0xEF, 0xC3, 0xCF, 0xFF, 0x8F, 0xFF, 0x07, 0xFC,
    0x00, 0x00, 0x03, 0x80, 0x0E, 0x00, 0x3C, 0x00, 0x70, 0x00, 0x01, 0x80, 0x3C, 0x07, 0x80, 0x70,
    0x07, 0x00, 0x00, 0x00, 0x00, 0xFE, 0x3F, 0xF7, 0xFF, 0x78, 0xFF, 0x0F, 0xF0, 0xFF, 0x0F, 0xF0,
    0xFF, 0x0F, 0xF8, 0xF7, 0xFF, 0x3F, 0xF1, 0xFF, 0x00, 0xF4, 0x1F, 0x7F, 0xE7, 0xFC, 0x7F, 0x80,
    0x02, 0x00, 0x1C, 0x00, 0xF8, 0x07, 0x70, 0x08, 0x80, 0x00, 0x0F, 0x03, 0xFC, 0x0F, 0xF0, 0x3F,
    0xC0, 0xFF, 0x03, 0xFC, 0x0F, 0xF0, 0x3F, 0xFF, 0xFF, 0xFF, 0xFF, 0xFF, 0xF0, 0x3F, 0xC0, 0xFF,
    0x03, 0xFC, 0x0F, 0xF0, 0x3F, 0xC0, 0xFF, 0x03, 0xC0, 0x18, 0x03, 0xC0, 0x7E, 0x06, 0x60, 0x42,
    0x00, 0x00, 0x38, 0x07, 0x80, 0x78, 0x07, 0x80, 0x78, 0x07, 0x80, 0x7F, 0xC7, 0xFE, 0x7F, 0xE7,
    0x9F, 0x78, 0xF7, 0x8F, 0x78, 0xF7, 0x8F, 0x78, 0xF7, 0x8F, 0x78, 0xF7, 0x8F, 0x78, 0xF0, 0x3C,
    0x07, 0x87, 0x80, 0xF3, 0xFF, 0xFF, 0xFF, 0xFF, 0xFF, 0xFF, 0xFE, 0x78, 0x0F, 0x0F, 0x01, 0xE1,
    0xFF, 0xFC, 0x3F, 0xFF, 0x87, 0xFF, 0xF0, 0xF0, 0x1E, 0x1E, 0x03, 0xC3, 0xC0, 0x78, 0x78, 0x0F,
    0x0F, 0x01, 0xE1, 0xE0, 0x3C, 0x3C, 0x07, 0x80, 0x1C, 0x01, 0xE0, 0x3F, 0xF1, 0xFF, 0x83, 0xC0,
    0x1E, 0x00, 0xFF, 0x87, 0xFE, 0x3F, 0xF1, 0xE7, 0xCF, 0x1E, 0x78, 0xF3, 0xC7, 0x9E, 0x3C, 0xF1,
    0xE7, 0x8F, 0x3C, 0x79, 0xE3, 0xCF, 0x1E, 0x39, 0x3F, 0xFF, 0xE8, 0xE0, 0x00, 0x00, 0x78, 0x3C,
    0x1E, 0x0F, 0x07, 0x83, 0xC1, 0xE0, 0xF0, 0x78, 0x3C, 0x1E, 0x0F, 0x07, 0x83, 0xC1, 0xE0, 0xF0,
    0x78, 0x71, 0x3F, 0xFF, 0xC9, 0xC0, 0x00, 0x00, 0xF0, 0x78, 0x3C, 0x1E, 0x0F, 0x07, 0x83, 0xC1,
    0xE0, 0xF0, 0x78, 0x3C, 0x1E, 0x0F, 0x00, 0xFF, 0xFF, 0xFF, 0x00, 0x00, 0x00, 0x3C, 0x3C, 0x3C,
    0x3C, 0x3C, 0x3C, 0x3C, 0x3C, 0x3C, 0x3C, 0x3C, 0x3C, 0x3C, 0x3C, 0x3C, 0x3C, 0x3C, 0xFF, 0xFF,
    0xFF, 0x00, 0x00, 0x00, 0x3C, 0x3C, 0x3C, 0x3C, 0x3C, 0x3C, 0x3C, 0x3C, 0x3C, 0x3C, 0x3C, 0x3C,
    0x3C, 0xE3, 0xF9, 0xDF, 0xC7, 0xC0, 0x00, 0x00, 0xF0, 0x78, 0x3C, 0x1E, 0x0F, 0x07, 0x83, 0xC1,
    0xE0, 0xF0, 0x78, 0x3C, 0x1E, 0x0F, 0x07, 0x83, 0xC1, 0xE0, 0xF0, 0xE7, 0xF3, 0xBF, 0xC7, 0x80,
    0x00, 0x00, 0xF0, 0x78, 0x3C, 0x1E, 0x0F, 0x07, 0x83, 0xC1, 0xE0, 0xF0, 0x78, 0x3C, 0x1E, 0x0F,
    0x00, 0x7B, 0xDE, 0xF7, 0xBD, 0xEF, 0x7B, 0xDE, 0xF7, 0xBD, 0xEF, 0x7B, 0x99, 0xCF, 0xFD, 0xE0,
    0x7B, 0xDE, 0xF0, 0x01, 0xEF, 0x7B, 0xDE, 0xF7, 0xBD, 0xEF, 0x7B, 0xDE, 0xE6, 0x73, 0xFF, 0x78,
    0xEF, 0xFE, 0x00, 0xFF, 0xFF, 0xFF, 0xFF, 0xFF, 0xFF, 0xFF, 0xFF, 0xF0, 0xFF, 0xFF, 0xFF, 0xFF,
    0xFF, 0xFF, 0xF0, 0xF0, 0x07, 0xF8, 0x03, 0xFC, 0x01, 0xFE, 0x00, 0xFF, 0x00, 0x7F, 0x80, 0x3F,
    0xC0, 0x1F, 0xE0, 0x0F, 0xF0, 0x07, 0xF8, 0x03, 0xFC, 0x01, 0xFE, 0x00, 0xFF, 0x00, 0x7F, 0x88,
    0x7B, 0xCF, 0xFD, 0xE7, 0xFC, 0xF0, 0xFC, 0x00, 0xF1, 0xDE, 0x7B, 0xCF, 0x78, 0xE0, 0x00, 0x00,
    0x3C, 0xF7, 0x9E, 0xF3, 0xDE, 0x7B, 0xCF, 0x79, 0xEF, 0x3D, 0xE7, 0xBC, 0xF7, 0x9E, 0xF3, 0xDE,
    0x7B, 0xCF, 0x01, 0xE0, 0x3C, 0x3F, 0x8F, 0xE1, 0xF0, 0x00, 0xC0, 0x0F, 0x00, 0xFC, 0x06, 0x60,
    0x21, 0x00, 0x00, 0x07, 0x80, 0x3C, 0x01, 0xE0, 0x0F, 0x00, 0x78, 0x03, 0xC0, 0x1E, 0x00, 0xF0,
    0x07, 0x80, 0x3C, 0x01, 0xE0, 0x0F, 0x00, 0x78, 0x87, 0xC7, 0xFC, 0x7F, 0xE0, 0xFC, 0x00, 0x02,
    0x01, 0xC0, 0xF8, 0x77, 0x08, 0x80, 0x00, 0xF0, 0x3C, 0x0F, 0x03, 0xC0, 0xF0, 0x3C, 0x0F, 0x03,
    0xC0, 0xF0, 0x3C, 0x0F, 0x03, 0xC0, 0xF0, 0x3C, 0x0F, 0x3F, 0x8F, 0xE3, 0xE0, 0xF0, 0x7D, 0xE1,
    0xF3, 0xC7, 0xC7, 0x9F, 0x0F, 0x7C, 0x1F, 0xF0, 0x3F, 0xC0, 0x7F, 0x00, 0xFF, 0x01, 0xFF, 0x03,
    0xDF, 0x07, 0x9E, 0x0F, 0x3E, 0x1E, 0x3E, 0x3C, 0x3E, 0x78, 0x3E, 0xF0, 0x3E, 0x00, 0x00, 0x0E,
    0x00, 0x3C, 0x00, 0xF0, 0x01, 0xC0, 0x00, 0x70, 0x0F, 0x00, 0xF0, 0x0F, 0x00, 0xF0, 0x0F, 0x00,
    0xF1, 0xFF, 0x3E, 0xF7, 0xCF, 0xF8, 0xFF, 0x0F, 0xE0, 0xFF, 0x0F, 0xF8, 0xF7, 0x8F, 0x7C, 0xF3,
    0xEF, 0x1E, 0xF1, 0xF0, 0x00, 0x0E, 0x00, 0xE0, 0x3E, 0x03, 0xC0, 0xF1, 0xFF, 0x9F, 0xBD, 0xF1,
    0xFF, 0x8F, 0xF0, 0x7F, 0x83, 0xFC, 0x1F, 0xF0, 0xF7, 0xC7, 0x9E, 0x3C, 0xF9, 0xE3, 0xEF, 0x0F,
    0x80, 0x10, 0x03, 0xC0, 0x3C, 0x07, 0x80, 0x60, 0x04, 0x00, 0x00, 0x07, 0x80, 0x78, 0x07, 0x80,
    0x78, 0x07, 0x80, 0x78, 0x07, 0x80, 0x78, 0x07, 0x80, 0x78, 0x07, 0x80, 0x78, 0x07, 0x80, 0x78,
    0x07, 0xFF, 0x7F, 0xF7, 0xFF, 0x0C, 0x7B, 0xF3, 0x00, 0x07, 0x1E, 0x3C, 0x78, 0xF1, 0xE3, 0xC7,
    0x8F, 0x1E, 0x3C, 0x78, 0xF1, 0xE3, 0xC7, 0xCF, 0xCF, 0x8F, 0xF0, 0x1E, 0x03, 0xC0, 0x78, 0x0F,
    0x01, 0xE0, 0x3C, 0x07, 0x80, 0xF0, 0x1E, 0x03, 0xC0, 0x78, 0x0F, 0x01, 0xE0, 0x3F, 0xFF, 0xFF,
    0xFF, 0xE0, 0x00, 0x1C, 0x07, 0x81, 0xE0, 0x38, 0x00, 0x73, 0xCF, 0x3C, 0xF3, 0xCF, 0x3C, 0xF3,
    0xCF, 0x3C, 0xF3, 0xCF, 0x3E, 0xFD, 0xF3, 0xC0, 0x39, 0xEF, 0x3C, 0xF3, 0x9E, 0x73, 0xCE, 0x79,
    0xCF, 0x39, 0xE7, 0x3C, 0x07, 0x80, 0xF0, 0x1E, 0x03, 0xC0, 0x78, 0x0F, 0x01, 0xE0, 0x3F, 0xFF,
    0xFF, 0xFF, 0xE0, 0x77, 0xF7, 0xF7, 0xF7, 0xF7, 0xF6, 0xF0, 0xF0, 0xF0, 0xF0, 0xF0, 0xF0, 0xF0,
    0xF0, 0xF0, 0xF8, 0xFC, 0x7C, 0x3C, 0xF0, 0x1E, 0x03, 0xC0, 0x78, 0x0F, 0x1D, 0xE7, 0xFC, 0xFF,
    0x9F, 0xF1, 0xDE, 0x03, 0xC0, 0x78, 0x0F, 0x01, 0xE0, 0x3F, 0xFF, 0xFF, 0xFF, 0xE0, 0x70, 0x1E,
    0x03, 0xC0, 0x78, 0x0F, 0x01, 0xE0, 0x3C, 0x77, 0x9F, 0xF3, 0xFE, 0x7F, 0xC7, 0x78, 0x0F, 0x01,
    0xE0, 0x3C, 0x07, 0xC0, 0xFC, 0x0F, 0x80, 0xF0, 0x00, 0x3C, 0x00, 0xF0, 0x03, 0xC0, 0x0F, 0x00,
    0x3C, 0x00, 0xF7, 0x03, 0xFC, 0x0F, 0xE0, 0x7E, 0x03, 0xF0, 0x0F, 0xC0, 0x0F, 0x00, 0x3C, 0x00,
    0xF0, 0x03, 0xFF, 0xCF, 0xFF, 0x3F, 0xFC, 0x0E, 0x07, 0x81, 0xE0, 0x78, 0x1E, 0x07, 0xA1, 0xF8,
    0x7F, 0x3F, 0x3F, 0x87, 0xE0, 0x78, 0x1E, 0x07, 0x81, 0xE0, 0x7C, 0x1F, 0x83, 0xE0, 0x78, 0x00,
    0x80, 0x03, 0xC0, 0x0F, 0x80, 0x1C, 0x00, 0x70, 0x00, 0x40, 0x00, 0x00, 0x78, 0x0F, 0xF8, 0x1F,
    0xF8, 0x3F, 0xF0, 0x7F, 0xF0, 0xFF, 0xF1, 0xFF, 0xF3, 0xFD, 0xE7, 0xF9, 0xEF, 0xF1, 0xFF, 0xE3,
    0xFF, 0xC3, 0xFF, 0x83, 0xFF, 0x07, 0xFE, 0x07, 0xFC, 0x07, 0xF8, 0x0F, 0x02, 0x00, 0xE0, 0x3C,
    0x0F, 0x01, 0xC0, 0x10, 0x00, 0x03, 0xF8, 0xFF, 0xDF, 0xFB, 0xCF, 0xF8, 0xFF, 0x1F, 0xE3, 0xFC,
    0x7F, 0x8F, 0xF1, 0xFE, 0x3F, 0xC7, 0xF8, 0xF0, 0xF0, 0x1F, 0xF0, 0x3F, 0xF0, 0x7F, 0xE0, 0xFF,
    0xE1, 0xFF, 0xE3, 0xFF, 0xE7, 0xFB, 0xCF, 0xF3, 0xDF, 0xE3, 0xFF, 0xC7, 0xFF, 0x87, 0xFF, 0x07,
    0xFE, 0x0F, 0xFC, 0x0F, 0xF8, 0x0F, 0xF0, 0x1E, 0x00, 0x00, 0x0E, 0x00, 0x1C, 0x00, 0xF8, 0x01,
    0xE0, 0x00, 0x7F, 0x1F, 0xFB, 0xFF, 0x79, 0xFF, 0x1F, 0xE3, 0xFC, 0x7F, 0x8F, 0xF1, 0xFE, 0x3F,
    0xC7, 0xF8, 0xFF, 0x1E, 0x00, 0x03, 0x80, 0xF0, 0x3C, 0x07, 0x00, 0x04, 0x40, 0x1D, 0xC0, 0x1F,
    0x00, 0x1C, 0x00, 0x10, 0x00, 0x00, 0x00, 0x00, 0x78, 0x0F, 0xF8, 0x1F, 0xF8, 0x3F, 0xF0, 0x7F,
    0xF0, 0xFF, 0xF1, 0xFF, 0xF3, 0xFD, 0xE7, 0xF9, 0xEF, 0xF1, 0xFF, 0xE3, 0xFF, 0xC3, 0xFF, 0x83,
    0xFF, 0x07, 0xFE, 0x07, 0xFC, 0x07, 0xF8, 0x0F, 0x11, 0x07, 0x70, 0x7C, 0x07, 0x00, 0x40, 0x00,
    0x00, 0x03, 0xF8, 0xFF, 0xDF, 0xFB, 0xCF, 0xF8, 0xFF, 0x1F, 0xE3, 0xFC, 0x7F, 0x8F, 0xF1, 0xFE,
    0x3F, 0xC7, 0xF8, 0xF0, 0x70, 0x01, 0xC0, 0x07, 0x00, 0x1C, 0x00, 0xE0, 0x01, 0x80, 0x00, 0xFE,
    0x07, 0xFC, 0x1F, 0xF8, 0x79, 0xE1, 0xE3, 0xC7, 0x8F, 0x1E, 0x3C, 0x78, 0xF1, 0xE3, 0xC7, 0x8F,
    0x1E, 0x3C, 0x78, 0xF1, 0xE3, 0xC0, 0xF0, 0x1F, 0xF0, 0x3F, 0xF0, 0x7F, 0xE0, 0xFF, 0xE1, 0xFF,
    0xE3, 0xFF, 0xE7, 0xFB, 0xCF, 0xF3, 0xDF, 0xE3, 0xFF, 0xC7, 0xFF, 0x87, 0xFF, 0x07, 0xFE, 0x0F,
    0xFC, 0x0F, 0xF8, 0x1F, 0xF0, 0x1E, 0x00, 0x3C, 0x00, 0x78, 0x07, 0xF0, 0x0F, 0xC0, 0x1F, 0x00,
    0x7F, 0x1F, 0xFB, 0xFF, 0x79, 0xFF, 0x1F, 0xE3, 0xFC, 0x7F, 0x8F, 0xF1, 0xFE, 0x3F, 0xC7, 0xF8,
    0xFF, 0x1E, 0x03, 0xC0, 0x78, 0x3F, 0x07, 0xC0, 0xF0, 0x07, 0xF8, 0x01, 0xFE, 0x00, 0x7F, 0x80,
    0x00, 0x00, 0x00, 0x00, 0x00, 0x00, 0x00, 0x3F, 0x00, 0x3F, 0xF0, 0x3F, 0xFF, 0x1F, 0x87, 0xE7,
    0x80, 0x7B, 0xE0, 0x1F, 0xF0, 0x03, 0xFC, 0x00, 0xFF, 0x00, 0x3F, 0xC0, 0x0F, 0xF0, 0x03, 0xFE,
    0x01, 0xF7, 0x80, 0x79, 0xF8, 0x7E, 0x3F, 0xFF, 0x07, 0xFF, 0x80, 0x3F, 0x00, 0x1F, 0xE0, 0xFF,
    0x07, 0xF8, 0x00, 0x00, 0x00, 0x00, 0x00, 0x3E, 0x07, 0xFC, 0x7F, 0xF3, 0xC7, 0xBC, 0x1F, 0xE0,
    0xFF, 0x07, 0xF8, 0x3F, 0xC1, 0xEF, 0x1E, 0x7F, 0xF1, 0xFF, 0x03, 0xE0, 0x07, 0x1C, 0x01, 0xCF,
    0x00, 0x3F, 0x80, 0x07, 0xC0, 0x00, 0x00, 0x00, 0x00, 0x00, 0x3F, 0x00, 0x3F, 0xF0, 0x3F, 0xFF,
    0x1F, 0x87, 0xE7, 0x80, 0x7B, 0xE0, 0x1F, 0xF0, 0x03, 0xFC, 0x00, 0xFF, 0x00, 0x3F, 0xC0, 0x0F,
    0xF0, 0x03, 0xFE, 0x01, 0xF7, 0x80, 0x79, 0xF8, 0x7E, 0x3F, 0xFF, 0x07, 0xFF, 0x80, 0x3F, 0x00,
    0x38, 0xE0, 0xE7, 0x07, 0xF8, 0x0F, 0x00, 0x00, 0x00, 0x00, 0x3E, 0x07, 0xFC, 0x7F, 0xF3, 0xC7,
    0xBC, 0x1F, 0xE0, 0xFF, 0x07, 0xF8, 0x3F, 0xC1, 0xEF, 0x1E, 0x7F, 0xF1, 0xFF, 0x03, 0xE0, 0x01,
    0x08, 0x00, 0x63, 0x00, 0x39, 0xC0, 0x0E, 0x70, 0x07, 0x38, 0x00, 0x84, 0x00, 0x00, 0x00, 0x0F,
    0xC0, 0x0F, 0xFC, 0x0F, 0xFF, 0xC7, 0xE1, 0xF9, 0xE0, 0x1E, 0xF8, 0x07, 0xFC, 0x00, 0xFF, 0x00,
    0x3F, 0xC0, 0x0F, 0xF0, 0x03, 0xFC, 0x00, 0xFF, 0x80, 0x7D, 0xE0, 0x1E, 0x7E, 0x1F, 0x8F, 0xFF,
    0xC1, 0xFF, 0xE0, 0x0F, 0xC0, 0x04, 0x20, 0x73, 0x83, 0x9C, 0x39, 0xC1, 0x8C, 0x08, 0x40, 0x00,
    0x01, 0xF0, 0x3F, 0xE3, 0xFF, 0x9E, 0x3D, 0xE0, 0xFF, 0x07, 0xF8, 0x3F, 0xC1, 0xFE, 0x0F, 0x78,
    0xF3, 0xFF, 0x8F, 0xF8, 0x1F, 0x00, 0x03, 0xFF, 0xFC, 0x3F, 0xFF, 0xF8, 0xFF, 0xFF, 0xF3, 0xF0,
    0xF0, 0x07, 0x81, 0xE0, 0x1F, 0x03, 0xC0, 0x3C, 0x07, 0x80, 0x78, 0x0F, 0xFE, 0xF0, 0x1F, 0xFD,
    0xE0, 0x3F, 0xFB, 0xC0, 0x78, 0x07, 0xC0, 0xF0, 0x07, 0x81, 0xE0, 0x0F, 0xC3, 0xC0, 0x0F, 0xFF,
    0xFF, 0x8F, 0xFF, 0xFF, 0x03, 0xFF, 0xFE, 0x0F, 0x87, 0xC1, 0xFE, 0x7F, 0x1F, 0xFF, 0xFC, 0xF1,
    0xF9, 0xFF, 0x07, 0x87, 0xF8, 0x3F, 0xFF, 0xC1, 0xFF, 0xFE, 0x0F, 0xFF, 0xF0, 0x78, 0x03, 0xC7,
    0xE0, 0x9F, 0xFF, 0xFC, 0x7F, 0xBF, 0xE0, 0xF8, 0x7E, 0x00, 0x02, 0x00, 0x1C, 0x00, 0xF0, 0x07,
    0x80, 0x1C, 0x00, 0x20, 0x00, 0x00, 0x3F, 0xE0, 0xFF, 0xE3, 0xFF, 0xCF, 0x0F, 0xBC, 0x1E, 0xF0,
    0x7B, 0xC1, 0xEF, 0x0F, 0xBF, 0xFC, 0xFF, 0xE3, 0xFF, 0x0F, 0x3E, 0x3C, 0x7C, 0xF0, 0xF3, 0xC3,
    0xEF, 0x07, 0xBC, 0x1F, 0x04, 0x07, 0x07, 0x87, 0x83, 0x80, 0x80, 0x00, 0x7F, 0xFF, 0xFF, 0xFC,
    0x1E, 0x0F, 0x07, 0x83, 0xC1, 0xE0, 0xF0, 0x78, 0x3C, 0x1E, 0x00, 0xFF, 0x83, 0xFF, 0x8F, 0xFF,
    0x3C, 0x3E, 0xF0, 0x7B, 0xC1, 0xEF, 0x07, 0xBC, 0x3E, 0xFF, 0xF3, 0xFF, 0x8F, 0xFC, 0x3C, 0xF8,
    0xF1, 0xF3, 0xC3, 0xCF, 0x0F, 0xBC, 0x1E, 0xF0, 0x7C, 0x00, 0x00, 0x1C, 0x00, 0x70, 0x07, 0xC0,
    0x1E, 0x00, 0x1F, 0xDF, 0xF7, 0xFD, 0xE0, 0x78, 0x1E, 0x07, 0x81, 0xE0, 0x78, 0x1E, 0x07, 0x81,
    0xE0, 0x78, 0x00, 0x03, 0x80, 0xE0, 0xF8, 0x3C, 0x00, 0x08, 0x80, 0x77, 0x00, 0xF8, 0x01, 0xC0,
    0x02, 0x00, 0x00, 0x00, 0x00, 0x3F, 0xE0, 0xFF, 0xE3, 0xFF, 0xCF, 0x0F, 0xBC, 0x1E, 0xF0, 0x7B,
    0xC1, 0xEF, 0x0F, 0xBF, 0xFC, 0xFF, 0xE3, 0xFF, 0x0F, 0x3E, 0x3C, 0x7C, 0xF0, 0xF3, 0xC3, 0xEF,
    0x07, 0xBC, 0x1F, 0x22, 0x3B, 0x8F, 0x83, 0x80, 0x80, 0x00, 0x00, 0x7F, 0xFF, 0xFF, 0xFC, 0x1E,
    0x0F, 0x07, 0x83, 0xC1, 0xE0, 0xF0, 0x78, 0x3C, 0x1E, 0x00, 0x01, 0x80, 0x0E, 0x00, 0xF0, 0x0F,
    0x00, 0x70, 0x02, 0x00, 0x00, 0x03, 0xF8, 0x3F, 0xF3, 0xFF, 0x3E, 0x09, 0xE0, 0x0F, 0x00, 0x7F,
    0x01, 0xFE, 0x07, 0xFC, 0x0F, 0xF0, 0x0F, 0xC0, 0x1E, 0x00, 0xF6, 0x0F, 0xFF, 0xFB, 0xFF, 0xC7,
    0xF8, 0x04, 0x03, 0xC1, 0xF0, 0x70, 0x38, 0x04, 0x00, 0x00, 0x7E, 0x7F, 0xBF, 0xEF, 0x0B, 0xC0,
    0xFF, 0x9F, 0xF7, 0xFC, 0x0F, 0x83, 0xFF, 0xFF, 0xF9, 0xF8, 0x01, 0x00, 0x1C, 0x01, 0xF0, 0x1D,
    0xC0, 0x84, 0x00, 0x00, 0x7F, 0x07, 0xFE, 0x7F, 0xE7, 0xC1, 0x3C, 0x01, 0xE0, 0x0F, 0xE0, 0x3F,
    0xC0, 0xFF, 0x81, 0xFE, 0x01, 0xF8, 0x03, 0xC0, 0x1E, 0xC1, 0xFF, 0xFF, 0x7F, 0xF8, 0xFF, 0x00,
    0x0C, 0x07, 0x83, 0xF0, 0xCC, 0x21, 0x00, 0x01, 0xF9, 0xFE, 0xFF, 0xBC, 0x2F, 0x03, 0xFE, 0x7F,
    0xDF, 0xF0, 0x3E, 0x0F, 0xFF, 0xFF, 0xE7, 0xE0, 0x1F, 0xC1, 0xFF, 0x9F, 0xF9, 0xF0, 0x4F, 0x00,
    0x78, 0x03, 0xF8, 0x0F, 0xF0, 0x3F, 0xE0, 0x7F, 0x80, 0x7E, 0x00, 0xF0, 0x07, 0xB0, 0x7F, 0xFF,
    0xDF, 0xFE, 0x3F, 0xC0, 0x38, 0x01, 0xE0, 0x07, 0x01, 0xF8, 0x0F, 0x80, 0x1F, 0x9F, 0xEF, 0xFB,
    0xC2, 0xF0, 0x3F, 0xE7, 0xFD, 0xFF, 0x03, 0xE0, 0xFF, 0xFF, 0xFE, 0xFE, 0x07, 0x01, 0xE0, 0x38,
    0x3E, 0x0F, 0x00, 0x08, 0x40, 0x77, 0x01, 0xF0, 0x07, 0x00, 0x10, 0x00, 0x00, 0x00, 0x03, 0xF8,
    0x3F, 0xF3, 0xFF, 0x3E, 0x09, 0xE0, 0x0F, 0x00, 0x7F, 0x01, 0xFE, 0x07, 0xFC, 0x0F, 0xF0, 0x0F,
    0xC0, 0x1E, 0x00, 0xF6, 0x0F, 0xFF, 0xFB, 0xFF, 0xC7, 0xF8, 0x21, 0x0C, 0xC3, 0xF0, 0x78, 0x08,
    0x00, 0x00, 0x00, 0x7E, 0x7F, 0xBF, 0xEF, 0x0B, 0xC0, 0xFF, 0x9F, 0xF7, 0xFC, 0x0F, 0x83, 0xFF,
    0xFF, 0xF9, 0xF8, 0xFF, 0xFF, 0xFF, 0xFF, 0xFF, 0xC1, 0xE0, 0x07, 0x80, 0x1E, 0x00, 0x78, 0x01,
    0xE0, 0x07, 0x80, 0x1E, 0x00, 0x78, 0x01, 0xE0, 0x07, 0x80, 0x1E, 0x00, 0x78, 0x01, 0xE0, 0x07,
    0x80, 0x1C, 0x00, 0x70, 0x00, 0xE0, 0x03, 0x80, 0x3E, 0x00, 0xF0, 0x00, 0x70, 0x78, 0x3C, 0x1E,
    0x0F, 0xF7, 0xFB, 0xFD, 0xE0, 0xF0, 0x78, 0x3C, 0x1E, 0x0F, 0x07, 0xC1, 0xFC, 0xFE, 0x3F, 0x07,
    0x01, 0xC0, 0xE1, 0xF0, 0xF0, 0x08, 0x40, 0x3B, 0x80, 0x7C, 0x00, 0xE0, 0x01, 0x00, 0x00, 0x00,
    0x00, 0x3F, 0xFF, 0xFF, 0xFF, 0xFF, 0xF0, 0x78, 0x01, 0xE0, 0x07, 0x80, 0x1E, 0x00, 0x78, 0x01,
    0xE0, 0x07, 0x80, 0x1E, 0x00, 0x78, 0x01, 0xE0, 0x07, 0x80, 0x1E, 0x00, 0x78, 0x01, 0xE0, 0x07,
    0x03, 0x9D, 0xDE, 0xEF, 0x67, 0x83, 0xFD, 0xFE, 0xFF, 0x78, 0x3C, 0x1E, 0x0F, 0x07, 0x83, 0xC1,
    0xF0, 0xFF, 0x3F, 0x8F, 0xC0, 0xFF, 0xFF, 0xFF, 0xFF, 0xFF, 0xC1, 0xE0, 0x07, 0x80, 0x1E, 0x00,
    0x78, 0x1F, 0xFE, 0x7F, 0xF9, 0xFF, 0xE0, 0x78, 0x01, 0xE0, 0x07, 0x80, 0x1E, 0x00, 0x78, 0x01,
    0xE0, 0x07, 0x80, 0x70, 0xF0, 0xF0, 0xF0, 0xFF, 0xFF, 0xFF, 0xF0, 0xF0, 0xFE, 0xFE, 0xF0, 0xF0,
    0xF0, 0xFF, 0x7F, 0x3F, 0x0E, 0x40, 0x7F, 0x83, 0xFE, 0x04, 0x70, 0x00, 0x00, 0x00, 0x0F, 0x03,
    0xFC, 0x0F, 0xF0, 0x3F, 0xC0, 0xFF, 0x03, 0xFC, 0x0F, 0xF0, 0x3F, 0xC0, 0xFF, 0x03, 0xFC, 0x0F,
    0xF0, 0x3F, 0xC0, 0xFF, 0x03, 0xDE, 0x1E, 0x7F, 0xF8, 0xFF, 0xC0, 0xFC, 0x00, 0x39, 0x8F, 0xF1,
    0xFE, 0x13, 0x80, 0x00, 0x00, 0x3C, 0x7F, 0x8F, 0xF1, 0xFE, 0x3F, 0xC7, 0xF8, 0xFF, 0x1F, 0xE3,
    0xFC, 0x7F, 0xCF, 0x7F, 0xEF, 0xFC, 0x7F, 0x00, 0x1F, 0xE0, 0x7F, 0x81, 0xFE, 0x00, 0x00, 0x00,
    0x00, 0x00, 0x0F, 0x03, 0xFC, 0x0F, 0xF0, 0x3F, 0xC0, 0xFF, 0x03, 0xFC, 0x0F, 0xF0, 0x3F, 0xC0,
    0xFF, 0x03, 0xFC, 0x0F, 0xF0, 0x3F, 0xC0, 0xFF, 0x03, 0xDE, 0x1E, 0x7F, 0xF8, 0xFF, 0xC0, 0xFC,
    0x00, 0x3F, 0xC7, 0xF8, 0xFF, 0x00, 0x00, 0x00, 0x00, 0x3C, 0x7F, 0x8F, 0xF1, 0xFE, 0x3F, 0xC7,
    0xF8, 0xFF, 0x1F, 0xE3, 0xFC, 0x7F, 0xCF, 0x7F, 0xEF, 0xFC, 0x7F, 0x00, 0x1C, 0x70, 0x73, 0x81,
    0xFE, 0x01, 0xF0, 0x00, 0x00, 0x00, 0x0F, 0x03, 0xFC, 0x0F, 0xF0, 0x3F, 0xC0, 0xFF, 0x03, 0xFC,
    0x0F, 0xF0, 0x3F, 0xC0, 0xFF, 0x03, 0xFC, 0x0F, 0xF0, 0x3F, 0xC0, 0xFF, 0x03, 0xDE, 0x1E, 0x7F,
    0xF8, 0xFF, 0xC0, 0xFC, 0x00, 0x71, 0xCF, 0x38, 0xFE, 0x0F, 0x80, 0x00, 0x00, 0x3C, 0x7F, 0x8F,
    0xF1, 0xFE, 0x3F, 0xC7, 0xF8, 0xFF, 0x1F, 0xE3, 0xFC, 0x7F, 0xCF, 0x7F, 0xEF, 0xFC, 0x7F, 0x00,
    0x07, 0x80, 0x3E, 0x00, 0xCC, 0x03, 0x30, 0x0F, 0x80, 0x1E, 0x0F, 0x03, 0xFC, 0x0F, 0xF0, 0x3F,
    0xC0, 0xFF, 0x03, 0xFC, 0x0F, 0xF0, 0x3F, 0xC0, 0xFF, 0x03, 0xFC, 0x0F, 0xF0, 0x3F, 0xC0, 0xFF,
    0x03, 0xDE, 0x1E, 0x7F, 0xF8, 0xFF, 0xC0, 0xFC, 0x00, 0x0E, 0x03, 0xE0, 0xCC, 0x19, 0x81, 0xF0,
    0x1C, 0x00, 0x07, 0x8F, 0xF1, 0xFE, 0x3F, 0xC7, 0xF8, 0xFF, 0x1F, 0xE3, 0xFC, 0x7F, 0x8F, 0xF9,
    0xEF, 0xFD, 0xFF, 0x8F, 0xE0, 0x04, 0x20, 0x18, 0xC0, 0xE7, 0x03, 0x18, 0x1C, 0xE0, 0x21, 0x00,
    0x00, 0x3C, 0x0F, 0xF0, 0x3F, 0xC0, 0xFF, 0x03, 0xFC, 0x0F, 0xF0, 0x3F, 0xC0, 0xFF, 0x03, 0xFC,
    0x0F, 0xF0, 0x3F, 0xC0, 0xFF, 0x03, 0xFC, 0x0F, 0x78, 0x79, 0xFF, 0xE3, 0xFF, 0x03, 0xF0, 0x10,
    0x83, 0x18, 0xF7, 0x9C, 0xE7, 0x38, 0x42, 0x00, 0x07, 0x8F, 0xF1, 0xFE, 0x3F, 0xC7, 0xF8, 0xFF,
    0x1F, 0xE3, 0xFC, 0x7F, 0x8F, 0xF9, 0xEF, 0xFD, 0xFF, 0x8F, 0xE0, 0xF0, 0x3F, 0xC0, 0xFF, 0x03,
    0xFC, 0x0F, 0xF0, 0x3F, 0xC0, 0xFF, 0x03, 0xFC, 0x0F, 0xF0, 0x3F, 0xC0, 0xFF, 0x03, 0xFC, 0x0F,
    0xF0, 0x3D, 0xE1, 0xE7, 0xFF, 0x8F, 0xFC, 0x0F, 0xC0, 0x0E, 0x00, 0x70, 0x01, 0xF0, 0x07, 0xC0,
    0x0F, 0x00, 0xF1, 0xFE, 0x3F, 0xC7, 0xF8, 0xFF, 0x1F, 0xE3, 0xFC, 0x7F, 0x8F, 0xF1, 0xFF, 0x3D,
    0xFF, 0xBF, 0xF1, 0xFE, 0x03, 0x80, 0xE0, 0x1F, 0x03, 0xE0, 0x3C, 0x00, 0x10, 0x00, 0x00, 0x70,
    0x00, 0x01, 0xF0, 0x00, 0x07, 0x70, 0x00, 0x04, 0x40, 0x00, 0x00, 0x00, 0x3C, 0x00, 0x07, 0xF8,
    0x00, 0x0F, 0xF8, 0x38, 0x3E, 0xF0, 0x78, 0x79, 0xE1, 0xF0, 0xF3, 0xC3, 0xE1, 0xE7, 0x87, 0xE3,
    0xCF, 0x1D, 0xCF, 0x8F, 0x3B, 0x9F, 0x1E, 0x77, 0xBC, 0x3D, 0xC7, 0x78, 0x7B, 0x8E, 0xF0, 0xFE,
    0x1F, 0xE0, 0xFC, 0x1F, 0x81, 0xF8, 0x3F, 0x03, 0xE0, 0x7E, 0x07, 0xC0, 0x7C, 0x00, 0x00, 0x40,
    0x00, 0x1C, 0x00, 0x07, 0xC0, 0x01, 0xDC, 0x00, 0x11, 0x00, 0x00, 0x00, 0x3C, 0x38, 0x7F, 0x87,
    0x0F, 0x71, 0xF1, 0xCF, 0x3E, 0x79, 0xE7, 0xCF, 0x3C, 0xFD, 0xE3, 0xBB, 0xB8, 0x77, 0x77, 0x0F,
    0xCF, 0xE0, 0xF8, 0xF8, 0x1F, 0x1F, 0x03, 0xC1, 0xE0, 0x38, 0x38, 0x00, 0x01, 0x00, 0x03, 0x80,
    0x07, 0xC0, 0x0E, 0xE0, 0x04, 0x20, 0x00, 0x00, 0xF8, 0x1F, 0x78, 0x1E, 0x7C, 0x3E, 0x3C, 0x3C,
    0x3E, 0x7C, 0x1F, 0xF8, 0x0F, 0xF0, 0x0F, 0xF0, 0x07, 0xE0, 0x07, 0xE0, 0x03, 0xC0, 0x03, 0xC0,
    0x03, 0xC0, 0x03, 0xC0, 0x03, 0xC0, 0x03, 0xC0, 0x03, 0xC0, 0x02, 0x00, 0x38, 0x03, 0xE0, 0x3B,
    0x80, 0x88, 0x00, 0x03, 0xC1, 0xFF, 0x1F, 0x78, 0xF3, 0xC7, 0x9E, 0x3C, 0x7B, 0xC3, 0xDE, 0x1E,
    0xF0, 0x77, 0x03, 0xF8, 0x1F, 0xC0, 0x7C, 0x03, 0xE0, 0x1E, 0x01, 0xF0, 0x7F, 0x03, 0xF8, 0x1F,
    0x00, 0x1C, 0x70, 0x1E, 0x78, 0x1E, 0x78, 0x1C, 0x70, 0x00, 0x00, 0x00, 0x00, 0xF8, 0x1F, 0x78,
    0x1E, 0x7C, 0x3E, 0x3C, 0x3C, 0x3E, 0x7C, 0x1F, 0xF8, 0x0F, 0xF0, 0x0F, 0xF0, 0x07, 0xE0, 0x07,
    0xE0, 0x03, 0xC0, 0x03, 0xC0, 0x03, 0xC0, 0x03, 0xC0, 0x03, 0xC0, 0x03, 0xC0, 0x03, 0xC0, 0x01,
    0x00, 0x1C, 0x01, 0xE0, 0x1E, 0x00, 0xE0, 0x02, 0x00, 0x00, 0x1F, 0xFF, 0xFF, 0xFF, 0xFF, 0xC0,
    0x7C, 0x03, 0xC0, 0x3E, 0x03, 0xE0, 0x1E, 0x01, 0xF0, 0x1F, 0x00, 0xF0, 0x0F, 0x80, 0xF8, 0x07,
    0xC0, 0x7F, 0xFF, 0xFF, 0xFF, 0xFF, 0x02, 0x00, 0xF0, 0x1E, 0x07, 0x80, 0xC0, 0x10, 0x00, 0x07,
    0xFF, 0xFF, 0xFF, 0xFC, 0x1F, 0x07, 0xC0, 0xF8, 0x3E, 0x0F, 0x83, 0xF0, 0x7C, 0x1F, 0xFF, 0xFF,
    0xFF, 0xF0, 0x07, 0x00, 0x38, 0x01, 0xC0, 0x0E, 0x00, 0x00, 0x00, 0x03, 0xFF, 0xFF, 0xFF, 0xFF,
    0xF8, 0x0F, 0x80, 0x78, 0x07, 0xC0, 0x7C, 0x03, 0xC0, 0x3E, 0x03, 0xE0, 0x1E, 0x01, 0xF0, 0x1F,
    0x00, 0xF8, 0x0F, 0xFF, 0xFF, 0xFF, 0xFF, 0xE0, 0x0E, 0x03, 0xC0, 0x78, 0x07, 0x00, 0x00, 0x00,
    0x3F, 0xFF, 0xFF, 0xFF, 0xE0, 0xF8, 0x3E, 0x07, 0xC1, 0xF0, 0x7C, 0x1F, 0x83, 0xE0, 0xFF, 0xFF,
    0xFF, 0xFF, 0x80, 0x08, 0x80, 0xEE, 0x03, 0xE0, 0x0E, 0x00, 0x20, 0x00, 0x00, 0x00, 0x1F, 0xFF,
    0xFF, 0xFF, 0xFF, 0xC0, 0x7C, 0x03, 0xC0, 0x3E, 0x03, 0xE0, 0x1E, 0x01, 0xF0, 0x1F, 0x00, 0xF0,
    0x0F, 0x80, 0xF8, 0x07, 0xC0, 0x7F, 0xFF, 0xFF, 0xFF, 0xFF, 0x10, 0x83, 0x70, 0x7E, 0x07, 0x00,
    0x40, 0x00, 0x00, 0x07, 0xFF, 0xFF, 0xFF, 0xFC, 0x1F, 0x07, 0xC0, 0xF8, 0x3E, 0x0F, 0x83, 0xF0,
    0x7C, 0x1F, 0xFF, 0xFF, 0xFF, 0xF0, 0x1F, 0xBF, 0xDF, 0xFF, 0x0F, 0x07, 0x83, 0xC1, 0xE0, 0xF0,
    0x78, 0x3C, 0x1E, 0x0F, 0x07, 0x83, 0xC1, 0xE0, 0xF0, 0x78, 0x3C, 0x00, 0x00, 0x01, 0xC0, 0x00,
    0x70, 0x3F, 0x9C, 0x3F, 0xFE, 0x3F, 0xFF, 0x8F, 0x87, 0xE7, 0x80, 0x7B, 0xE0, 0x1F, 0xF0, 0x03,
    0xFC, 0x00, 0xFF, 0x00, 0x3F, 0xC0, 0x0F, 0xF0, 0x03, 0xFE, 0x01, 0xF7, 0x80, 0x79, 0xF8, 0x7E,
    0x3F, 0xFF, 0x07, 0xFF, 0x80, 0x3F, 0x00, 0x00, 0x1C, 0x00, 0x70, 0xF9, 0xCF, 0xFE, 0x7F, 0xF9,
    0xE3, 0xCF, 0x07, 0xBC, 0x1E, 0xF0, 0x7B, 0xC1, 0xEF, 0x07, 0x9E, 0x3C, 0x7F, 0xF0, 0xFF, 0x80,
    0xF8, 0x00, 0x00, 0x01, 0xC0, 0x00, 0x70, 0x00, 0x3F, 0xC0, 0x7F, 0xF0, 0x1F, 0x3C, 0x07, 0x8F,
    0x01, 0xE3, 0xC0, 0x78, 0xF0, 0x1E, 0x3C, 0x07, 0x8F, 0x01, 0xE3, 0xC0, 0x78, 0xF0, 0x1E, 0x3C,
    0x07, 0x8F, 0x01, 0xE3, 0xE0, 0x78, 0x78, 0x3C, 0x1F, 0xFF, 0x03, 0xFF, 0x80, 0x3F, 0x80, 0x00,
    0x0E, 0x00, 0x1C, 0x00, 0x3F, 0x87, 0xEF, 0x0F, 0x9E, 0x1E, 0x3C, 0x3C, 0x78, 0x78, 0xF0, 0xF1,
    0xE1, 0xE3, 0xC3, 0xC7, 0x87, 0x8F, 0x8F, 0x0F, 0xFE, 0x1F, 0xFC, 0x0F, 0xF0, 0x00, 0x00, 0x04,
    0x40, 0x00, 0x00, 0x77, 0x00, 0x00, 0x01, 0xF0, 0x00, 0x00, 0x07, 0x00, 0x00, 0x00, 0x10, 0x00,
    0x00, 0x00, 0x00, 0x00, 0x00, 0x00, 0x1F, 0xF0, 0x1F, 0xFF, 0xFF, 0xF0, 0xFF, 0xFF, 0xFF, 0xC7,
    0xFF, 0xFC, 0x3F, 0x00, 0x3D, 0xE0, 0x78, 0x03, 0xEF, 0x03, 0xE0, 0x3E, 0x78, 0x0F, 0x01, 0xE3,
    0xC0, 0x78, 0x1F, 0x1E, 0x03, 0xC1, 0xF0, 0xF0, 0x1E, 0x1F, 0x07, 0x80, 0xF0, 0xF8, 0x3C, 0x0F,
    0x8F, 0x81, 0xE0, 0x78, 0x78, 0x0F, 0x0F, 0xC7, 0xC0, 0x7F, 0xFC, 0x7F, 0xFF, 0xFF, 0x83, 0xFF,
    0xFF, 0xF0, 0x1F, 0xFF, 0x00, 0x00, 0x08, 0x80, 0x00, 0x01, 0xDC, 0x00, 0x00, 0x0F, 0x8F, 0xF8,
    0x00, 0x70, 0xFF, 0xF0, 0x02, 0x0F, 0xFF, 0x80, 0x00, 0xF0, 0xFC, 0x00, 0x0F, 0x03, 0xC7, 0xFF,
    0xF0, 0x3E, 0x7F, 0xFF, 0x01, 0xE7, 0xFF, 0xF0, 0x1E, 0x03, 0xEF, 0x01, 0xE0, 0x7C, 0xF0, 0x1E,
    0x0F, 0xCF, 0x01, 0xE0, 0xF8, 0xF0, 0x3E, 0x1F, 0x0F, 0x03, 0xC3, 0xF0, 0xF0, 0xFC, 0x3E, 0x0F,
    0xFF, 0x87, 0xFF, 0xFF, 0xE0, 0x7F, 0xFF, 0xF8, 0x07, 0xFF, 0x00, 0x00, 0x22, 0x00, 0x1C, 0x1D,
    0xC0, 0x0F, 0x03, 0xE0, 0x03, 0xC0, 0x70, 0x00, 0xF0, 0x08, 0x00, 0x3C, 0x00, 0x00, 0x0F, 0x00,
    0x00, 0x7F, 0xC7, 0xFF, 0x3F, 0xF1, 0xFF, 0xDF, 0xFC, 0x7F, 0xFF, 0x8F, 0x00, 0xFB, 0xC3, 0xC0,
    0x7C, 0xF0, 0xF0, 0x3F, 0x3C, 0x3C, 0x0F, 0x8F, 0x0F, 0x07, 0xC3, 0xC3, 0xC3, 0xF0, 0x78, 0xF0,
    0xF8, 0x1F, 0xFC, 0x7F, 0xF3, 0xFF, 0x1F, 0xFC, 0x3F, 0x87, 0xFF, 0xF0, 0x00, 0x1F, 0xE0, 0x00,
    0x3F, 0xC0, 0x00, 0x7F, 0x80, 0x00, 0xFF, 0x00, 0x01, 0xFE, 0x00, 0x03, 0xFC, 0x00, 0x07, 0xF8,
    0x00, 0x0F, 0xF0, 0x00, 0x1F, 0xE0, 0x00, 0x3F, 0xC0, 0x00, 0x7F, 0x80, 0x00, 0xFF, 0x00, 0x01,
    0xFE, 0x00, 0x87, 0xFF, 0xF9, 0xFF, 0x7F, 0xF7, 0xFE, 0xFF, 0xE3, 0xF0, 0x00, 0x07, 0x80, 0x03,
    0xFC, 0x01, 0xFE, 0x00, 0xFF, 0x00, 0x07, 0x80, 0x03, 0xC0, 0x1F, 0xE0, 0x0F, 0xF0, 0x07, 0xF8,
    0x03, 0xFC, 0x01, 0xFE, 0x00, 0xFF, 0x00, 0x7F, 0x80, 0x3F, 0xC0, 0x1F, 0xE0, 0x0F, 0xFF, 0xE7,
    0xFF, 0xF3, 0xFF, 0xF9, 0xE0, 0x00, 0xF0, 0x00, 0x78, 0x03, 0xF8, 0x01, 0xFC, 0x00, 0xF8, 0x71,
    0xDE, 0x7F, 0xC7, 0xF8, 0xEF, 0x01, 0xE0, 0x3C, 0x7F, 0x8F, 0xF1, 0xFE, 0x3F, 0xC7, 0xF8, 0xFF,
    0x1F, 0xE3, 0xFC, 0x7F, 0xCF, 0xFD, 0xEF, 0xBC, 0xF7, 0x80, 0xF0, 0x3E, 0x3F, 0x87, 0xF0, 0xF8,
    0xF0, 0x1E, 0x00, 0xFF, 0x81, 0xE0, 0x0F, 0xFC, 0x1E, 0x00, 0xFF, 0xC1, 0xE0, 0x0F, 0xFE, 0x1E,
    0x00, 0xFF, 0xF1, 0xE0, 0x0F, 0xFF, 0x9E, 0x00, 0xFF, 0x79, 0xE0, 0x0F, 0xF3, 0xDE, 0x00, 0xFF,
    0x1F, 0xE0, 0x0F, 0xF1, 0xFE, 0x00, 0xFF, 0x0F, 0xE0, 0x0F, 0xF0, 0x7E, 0x00, 0xFF, 0x07, 0xE2,
    0x1E, 0xF0, 0x3E, 0x7F, 0xEF, 0x01, 0xE7, 0xFC, 0xF0, 0x1E, 0x1F, 0x80, 0x00, 0x00, 0x38, 0x00,
    0x01, 0xFF, 0x01, 0xE7, 0xFE, 0x07, 0x8E, 0xFC, 0x1E, 0x03, 0xF0, 0x78, 0x0F, 0xE1, 0xE3, 0xFF,
    0xC7, 0x8F, 0xFF, 0x9E, 0x3F, 0xDE, 0x78, 0xFF, 0x3D, 0xE3, 0xFC, 0x7F, 0x8F, 0xF1, 0xFE, 0x3F,
    0xC3, 0xF8, 0xFF, 0x07, 0xE3, 0xFC, 0x1F, 0x8F, 0xF0, 0x3E, 0x3F, 0xC0, 0x78, 0xFF, 0x01, 0xE3,
    0xC0, 0x00, 0x0F, 0x00, 0x00, 0x7C, 0x00, 0x0F, 0xE0, 0x00, 0x3F, 0x80, 0x00, 0xF8, 0x00, 0x03,
    0x80, 0x01, 0xF0, 0x00, 0x7C, 0x00, 0x0E, 0x00, 0x00, 0x00, 0x00, 0x07, 0xF0, 0x3F, 0xFF, 0x0F,
    0xFF, 0xC3, 0xFC, 0xF8, 0xFF, 0x1E, 0x3F, 0xC7, 0x8F, 0xF1, 0xE3, 0xFC, 0x78, 0xFF, 0x1E, 0x3F,
    0xC7, 0x8F, 0xF1, 0xE3, 0xFC, 0x78, 0xFF, 0x1E, 0x3C, 0x00, 0x0F, 0x00, 0x07, 0xC0, 0x0F, 0xE0,
    0x03, 0xF8, 0x00, 0xF8, 0x02, 0x20, 0x03, 0xB8, 0x00, 0xF8, 0x00, 0x38, 0x00, 0x08, 0x00, 0x00,
    0x00, 0x00, 0x00, 0x07, 0xC0, 0x03, 0xE0, 0x03, 0xF8, 0x01, 0xFC, 0x00, 0xEE, 0x00, 0xF7, 0x80,
    0x7B, 0xC0, 0x78, 0xF0, 0x3C, 0x78, 0x1E, 0x3C, 0x1F, 0xFF, 0x0F, 0xFF, 0x87, 0xFF, 0xC7, 0x80,
    0xF3, 0xC0, 0x7B, 0xE0, 0x3D, 0xE0, 0x0F, 0x11, 0x07, 0x70, 0x7C, 0x07, 0x00, 0x40, 0x00, 0x00,
    0x03, 0xF8, 0x7F, 0xCF, 0xFD, 0x0F, 0x80, 0xF3, 0xFE, 0xFF, 0xFF, 0xFF, 0x8F, 0xF1, 0xFF, 0xFD,
    0xFF, 0x9F, 0xE0, 0x45, 0xDD, 0xF1, 0xC1, 0x00, 0x00, 0x3C, 0x78, 0xF1, 0xE3, 0xC7, 0x8F, 0x1E,
    0x3C, 0x78, 0xF1, 0xE3, 0xC7, 0x8F, 0x1E, 0x3C, 0x85, 0xDD, 0xF1, 0xC1, 0x00, 0x00, 0x3C, 0x78,
    0xF1, 0xE3, 0xC7, 0x8F, 0x1E, 0x3C, 0x78, 0xF1, 0xE3, 0xC0, 0x01, 0x10, 0x00, 0xEE, 0x00, 0x1F,
    0x00, 0x03, 0x80, 0x00, 0x40, 0x00, 0x00, 0x00, 0x00, 0x00, 0x0F, 0xC0, 0x0F, 0xFC, 0x0F, 0xFF,
    0xC7, 0xE1, 0xF9, 0xE0, 0x1E, 0xF8, 0x07, 0xFC, 0x00, 0xFF, 0x00, 0x3F, 0xC0, 0x0F, 0xF0, 0x03,
    0xFC, 0x00, 0xFF, 0x80, 0x7D, 0xE0, 0x1E, 0x7E, 0x1F, 0x8F, 0xFF, 0xC1, 0xFF, 0xE0, 0x0F, 0xC0,
    0x10, 0x80, 0xCC, 0x07, 0xE0, 0x1E, 0x00, 0x20, 0x00, 0x00, 0x00, 0x01, 0xF0, 0x3F, 0xE3, 0xFF,
    0x9E, 0x3D, 0xE0, 0xFF, 0x07, 0xF8, 0x3F, 0xC1, 0xFE, 0x0F, 0x78, 0xF3, 0xFF, 0x8F, 0xF8, 0x1F,
    0x00, 0x04, 0x40, 0x3B, 0x80, 0x7C, 0x00, 0xE0, 0x01, 0x00, 0x00, 0x00, 0x00, 0x3C, 0x0F, 0xF0,
    0x3F, 0xC0, 0xFF, 0x03, 0xFC, 0x0F, 0xF0, 0x3F, 0xC0, 0xFF, 0x03, 0xFC, 0x0F, 0xF0, 0x3F, 0xC0,
    0xFF, 0x03, 0xFC, 0x0F, 0x78, 0x79, 0xFF, 0xE3, 0xFF, 0x03, 0xF0, 0x11, 0x07, 0x70, 0x7C, 0x07,
    0x00, 0x40, 0x00, 0x00, 0x07, 0x8F, 0xF1, 0xFE, 0x3F, 0xC7, 0xF8, 0xFF, 0x1F, 0xE3, 0xFC, 0x7F,
    0x8F, 0xF9, 0xEF, 0xFD, 0xFF, 0x8F, 0xE0, 0x0F, 0xC0, 0x3F, 0x00, 0x00, 0x07, 0x38, 0x1C, 0xE0,
    0x73, 0x80, 0x00, 0x00, 0x00, 0xF0, 0x3F, 0xC0, 0xFF, 0x03, 0xFC, 0x0F, 0xF0, 0x3F, 0xC0, 0xFF,
    0x03, 0xFC, 0x0F, 0xF0, 0x3F, 0xC0, 0xFF, 0x03, 0xFC, 0x0F, 0xF0, 0x3D, 0xE1, 0xE7, 0xFF, 0x8F,
    0xFC, 0x0F, 0xC0, 0x1F, 0x83, 0xF0, 0x00, 0x18, 0xC3, 0x9C, 0x63, 0x00, 0x00, 0x00, 0xF1, 0xFE,
    0x3F, 0xC7, 0xF8, 0xFF, 0x1F, 0xE3, 0xFC, 0x7F, 0x8F, 0xF1, 0xFF, 0x3D, 0xFF, 0xBF, 0xF1, 0xFC,
    0x01, 0x00, 0x0E, 0x00, 0x78, 0x0F, 0xB8, 0x38, 0xE0, 0xE3, 0x80, 0x00, 0x3C, 0x0F, 0xF0, 0x3F,
    0xC0, 0xFF, 0x03, 0xFC, 0x0F, 0xF0, 0x3F, 0xC0, 0xFF, 0x03, 0xFC, 0x0F, 0xF0, 0x3F, 0xC0, 0xFF,
    0x03, 0xFC, 0x0F, 0x78, 0x79, 0xFF, 0xE3, 0xFF, 0x03, 0xF0, 0x01, 0x00, 0x70, 0x0E, 0x03, 0x83,
    0x6C, 0xF3, 0xCC, 0x30, 0x00, 0x00, 0x1E, 0x3F, 0xC7, 0xF8, 0xFF, 0x1F, 0xE3, 0xFC, 0x7F, 0x8F,
    0xF1, 0xFE, 0x3F, 0xE7, 0xBF, 0xF7, 0xFE, 0x3F, 0x80, 0x08, 0x80, 0x77, 0x00, 0x78, 0x06, 0x98,
    0x38, 0xE0, 0x61, 0x80, 0x00, 0x3C, 0x0F, 0xF0, 0x3F, 0xC0, 0xFF, 0x03, 0xFC, 0x0F, 0xF0, 0x3F,
    0xC0, 0xFF, 0x03, 0xFC, 0x0F, 0xF0, 0x3F, 0xC0, 0xFF, 0x03, 0xFC, 0x0F, 0x78, 0x79, 0xFF, 0xE3,
    0xFF, 0x03, 0xF0, 0x33, 0x07, 0xE0, 0x78, 0x36, 0xC7, 0x1C, 0xC3, 0x00, 0x00, 0x00, 0xF1, 0xFE,
    0x3F, 0xC7, 0xF8, 0xFF, 0x1F, 0xE3, 0xFC, 0x7F, 0x8F, 0xF1, 0xFF, 0x3D, 0xFF, 0xBF, 0xF1, 0xFC,
    0x04, 0x00, 0x38, 0x00, 0x70, 0x06, 0xD8, 0x38, 0xE0, 0x61, 0x80, 0x00, 0x3C, 0x0F, 0xF0, 0x3F,
    0xC0, 0xFF, 0x03, 0xFC, 0x0F, 0xF0, 0x3F, 0xC0, 0xFF, 0x03, 0xFC, 0x0F, 0xF0, 0x3F, 0xC0, 0xFF,
    0x03, 0xFC, 0x0F, 0x78, 0x79, 0xFF, 0xE3, 0xFF, 0x03, 0xF0, 0x08, 0x03, 0x80, 0x70, 0x07, 0x03,
    0x6C, 0xF3, 0xCC, 0x30, 0x00, 0x00, 0x1E, 0x3F, 0xC7, 0xF8, 0xFF, 0x1F, 0xE3, 0xFC, 0x7F, 0x8F,
    0xF1, 0xFE, 0x3F, 0xE7, 0xBF, 0xF7, 0xFE, 0x3F, 0x80, 0x3F, 0x83, 0xFF, 0x1F, 0xFC, 0x81, 0xE0,
    0x07, 0xFF, 0xFF, 0xFF, 0xFF, 0xFF, 0xF0, 0x7F, 0xC7, 0x9F, 0xFC, 0x7F, 0xC1, 0xF8, 0x00, 0x07,
    0xE0, 0x03, 0xF0, 0x00, 0x00, 0x00, 0xC6, 0x00, 0xE7, 0x00, 0x31, 0x80, 0x00, 0x00, 0x00, 0x00,
    0x03, 0xE0, 0x01, 0xF0, 0x01, 0xFC, 0x00, 0xFE, 0x00, 0x77, 0x00, 0x7B, 0xC0, 0x3D, 0xE0, 0x3C,
    0x78, 0x1E, 0x3C, 0x0F, 0x1E, 0x0F, 0xFF, 0x87, 0xFF, 0xC3, 0xFF, 0xE3, 0xC0, 0x79, 0xE0, 0x3D,
    0xF0, 0x1E, 0xF0, 0x07, 0x80, 0x1F, 0x83, 0xF0, 0x00, 0x1C, 0xE3, 0x9C, 0x73, 0x80, 0x00, 0x00,
    0x7F, 0x0F, 0xF9, 0xFF, 0xA1, 0xF0, 0x1E, 0x7F, 0xDF, 0xFF, 0xFF, 0xF1, 0xFE, 0x3F, 0xFF, 0xBF,
    0xF3, 0xFC, 0x07, 0xF0, 0x03, 0xF8, 0x00, 0x00, 0x00, 0x18, 0x00, 0x1C, 0x00, 0x06, 0x00, 0x00,
    0x00, 0x00, 0x00, 0x03, 0xE0, 0x01, 0xF0, 0x01, 0xFC, 0x00, 0xFE, 0x00, 0x77, 0x00, 0x7B, 0xC0,
    0x3D, 0xE0, 0x3C, 0x78, 0x1E, 0x3C, 0x0F, 0x1E, 0x0F, 0xFF, 0x87, 0xFF, 0xC3, 0xFF, 0xE3, 0xC0,
    0x79, 0xE0, 0x3D, 0xF0, 0x1E, 0xF0, 0x07, 0x80, 0x3F, 0x87, 0xF0, 0x00, 0x07, 0x00, 0xE0, 0x1C,
    0x00, 0x00, 0x00, 0x7F, 0x0F, 0xF9, 0xFF, 0xA1, 0xF0, 0x1E, 0x7F, 0xDF, 0xFF, 0xFF, 0xF1, 0xFE,
    0x3F, 0xFF, 0xBF, 0xF3, 0xFC, 0x00, 0x1F, 0xE0, 0x00, 0x1F, 0xE0, 0x00, 0x1F, 0xE0, 0x00, 0x00,
    0x00, 0x00, 0x00, 0x00, 0x00, 0x00, 0x00, 0x00, 0x7F, 0xFE, 0x00, 0xFF, 0xFE, 0x00, 0xFF, 0xFE,
    0x01, 0xFF, 0x00, 0x01, 0xEF, 0x00, 0x03, 0xEF, 0x00, 0x03, 0xCF, 0x00, 0x07, 0xCF, 0xFE, 0x0F,
    0x8F, 0xFE, 0x0F, 0x8F, 0xFE, 0x1F, 0xFF, 0x00, 0x1F, 0xFF, 0x00, 0x3F, 0xFF, 0x00, 0x3C, 0x0F,
    0x00, 0x7C, 0x0F, 0xFF, 0x78, 0x0F, 0xFF, 0xF8, 0x0F, 0xFF, 0x03, 0xFC, 0x00, 0x3F, 0xC0, 0x03,
    0xFC, 0x00, 0x00, 0x00, 0x00, 0x00, 0x00, 0x00, 0x00, 0x3F, 0x8F, 0x87, 0xFF, 0xFC, 0x3F, 0xFF,
    0xE0, 0x1F, 0x9E, 0x00, 0xF0, 0xF1, 0xFF, 0xFF, 0x7F, 0xFF, 0xFF, 0xFF, 0xFF, 0xF0, 0xF0, 0x0F,
    0x07, 0x82, 0xFF, 0xFF, 0xE7, 0xFF, 0xFE, 0x3F, 0x8F, 0xC0, 0x03, 0xF8, 0x0F, 0xFF, 0x0F, 0xFF,
    0x0F, 0xC1, 0x87, 0x80, 0x07, 0xC0, 0x03, 0xC0, 0x01, 0xE0, 0x3C, 0xF0, 0x1E, 0x78, 0x7F, 0xFC,
    0x3F, 0xFF, 0x1F, 0xF7, 0x81, 0xE3, 0xF0, 0xF0, 0xFF, 0xF8, 0x3F, 0xFC, 0x07, 0xFC, 0x00, 0x0F,
    0xE0, 0xFF, 0xC7, 0xFF, 0x1E, 0x3C, 0xF0, 0xF3, 0xCF, 0xFF, 0x3F, 0xFC, 0x3C, 0xF0, 0xF3, 0xE3,
    0xC7, 0xFF, 0x0F, 0xFC, 0x1F, 0xF0, 0x03, 0xC4, 0x1F, 0x1F, 0xF8, 0x7F, 0xC1, 0xFE, 0x00, 0x02,
    0x20, 0x0E, 0xE0, 0x0F, 0x80, 0x0E, 0x00, 0x08, 0x00, 0x00, 0x00, 0x00, 0x01, 0xFC, 0x0F, 0xFE,
    0x7F, 0xFD, 0xF8, 0x33, 0xC0, 0x0F, 0x80, 0x1E, 0x00, 0x3C, 0x00, 0x78, 0x0F, 0xF0, 0x1F, 0xE0,
    0x3F, 0xE0, 0x7B, 0xC0, 0xF7, 0xE1, 0xE7, 0xFF, 0xC7, 0xFF, 0x83, 0xFE, 0x08, 0x81, 0xDC, 0x0F,
    0x80, 0x70, 0x02, 0x00, 0x00, 0x00, 0x00, 0xFE, 0x3F, 0xF7, 0xFF, 0x78, 0xFF, 0x0F, 0xF0, 0xFF,
    0x0F, 0xF0, 0xFF, 0x0F, 0xF8, 0xF7, 0xFF, 0x3F, 0xF1, 0xFF, 0x00, 0xF4, 0x1F, 0x7F, 0xE7, 0xFC,
    0x7F, 0x80, 0x08, 0x40, 0x1D, 0xC0, 0x1F, 0x00, 0x1C, 0x00, 0x10, 0x00, 0x00, 0x00, 0x00, 0x78,
    0x3E, 0xF0, 0xF9, 0xE3, 0xE3, 0xCF, 0x87, 0xBE, 0x0F, 0xF8, 0x1F, 0xE0, 0x3F, 0x80, 0x7F, 0x80,
    0xFF, 0x81, 0xEF, 0x83, 0xCF, 0x07, 0x9F, 0x0F, 0x1F, 0x1E, 0x1F, 0x3C, 0x1F, 0x78, 0x1F, 0x84,
    0x0E, 0xE0, 0xFC, 0x03, 0x80, 0x10, 0x00, 0x00, 0x70, 0x0F, 0x00, 0xF0, 0x0F, 0x00, 0xF0, 0x0F,
    0x00, 0xF1, 0xFF, 0x3E, 0xF7, 0xCF, 0xF8, 0xFF, 0x0F, 0xE0, 0xFF, 0x0F, 0xF8, 0xF7, 0x8F, 0x7C,
    0xF3, 0xEF, 0x1E, 0xF1, 0xF0, 0x03, 0xF0, 0x03, 0xFF, 0x03, 0xFF, 0xF1, 0xF8, 0x7E, 0x78, 0x07,
    0xBE, 0x01, 0xFF, 0x00, 0x3F, 0xC0, 0x0F, 0xF0, 0x03, 0xFC, 0x00, 0xFF, 0x00, 0x3F, 0xE0, 0x1F,
    0x78, 0x07, 0x9F, 0x87, 0xC3, 0xFF, 0xE0, 0x7F, 0xF0, 0x03, 0xF0, 0x00, 0x38, 0x00, 0x1C, 0x00,
    0x07, 0xC0, 0x01, 0xF0, 0x00, 0x3C, 0x00, 0x0F, 0x81, 0xFF, 0x1F, 0xFC, 0xF1, 0xEF, 0x07, 0xF8,
    0x3F, 0xC1, 0xFE, 0x0F, 0xF0, 0x7B, 0xC7, 0x9F, 0xFC, 0x7F, 0xC0, 0xF8, 0x03, 0x80, 0x38, 0x01,
    0xF0, 0x0F, 0x80, 0x3C, 0x00, 0x07, 0xF8, 0x01, 0xFE, 0x00, 0x7F, 0x80, 0x00, 0x00, 0x00, 0x00,
    0x00, 0x00, 0x00, 0x3F, 0x00, 0x3F, 0xF0, 0x3F, 0xFF, 0x1F, 0x87, 0xE7, 0x80, 0x7B, 0xE0, 0x1F,
    0xF0, 0x03, 0xFC, 0x00, 0xFF, 0x00, 0x3F, 0xC0, 0x0F, 0xF0, 0x03, 0xFE, 0x01, 0xF7, 0x80, 0x79,
    0xF8, 0x7C, 0x3F, 0xFE, 0x07, 0xFF, 0x00, 0x3F, 0x00, 0x03, 0x80, 0x01, 0xC0, 0x00, 0x7C, 0x00,
    0x1F, 0x00, 0x03, 0xC0, 0x1F, 0xE0, 0xFF, 0x07, 0xF8, 0x00, 0x00, 0x00, 0x00, 0x00, 0x3E, 0x07,
    0xFC, 0x7F, 0xF3, 0xC7, 0xBC, 0x1F, 0xE0, 0xFF, 0x07, 0xF8, 0x3F, 0xC1, 0xEF, 0x1E, 0x7F, 0xF1,
    0xFF, 0x03, 0xE0, 0x0E, 0x00, 0xE0, 0x07, 0xC0, 0x3E, 0x00, 0xF0, 0x08, 0x40, 0xEE, 0x03, 0xF0,
    0x0E, 0x00, 0x20, 0x00, 0x00, 0x00, 0x0F, 0xFF, 0x7F, 0xFB, 0xFF, 0xC0, 0x3C, 0x03, 0xC0, 0x7C,
    0x07, 0xC0, 0x3F, 0x81, 0xFE, 0x00, 0xF8, 0x03, 0xC0, 0x1E, 0x00, 0xF6, 0x0F, 0xFF, 0xFB, 0xFF,
    0x87, 0xF0, 0x04, 0x40, 0xEE, 0x07, 0xC0, 0x38, 0x01, 0x00, 0x00, 0x00, 0x00, 0x00, 0x7F, 0xE7,
    0xFE, 0x7F, 0xE0, 0x3C, 0x03, 0xC0, 0x78, 0x0F, 0x00, 0xF0, 0x1F, 0x80, 0xFC, 0x01, 0xE0, 0x0F,
    0x00, 0xF0, 0x0F, 0x41, 0xF7, 0xFE, 0xFF, 0xE3, 0xF8, 0x08, 0x87, 0x70, 0xF8, 0x1C, 0x02, 0x00,
    0x00, 0x00, 0x3C, 0x0F, 0x03, 0xC0, 0xF0, 0x3C, 0x0F, 0x03, 0xC0, 0xF0, 0x3C, 0x0F, 0x03, 0xC0,
    0xF0, 0x3C, 0x0F, 0x03, 0xCF, 0xE3, 0xF8, 0xF8, 0x00, 0xFF, 0x80, 0xFF, 0xFF, 0xFF, 0x87, 0xFF,
    0xFF, 0xFE, 0x3F, 0xFF, 0xE1, 0xF8, 0x01, 0xEF, 0x03, 0xC0, 0x1F, 0x78, 0x1F, 0x01, 0xF3, 0xC0,
    0x78, 0x0F, 0x1E, 0x03, 0xC0, 0xF8, 0xF0, 0x1E, 0x0F, 0x87, 0x80, 0xF0, 0xF8, 0x3C, 0x07, 0x87,
    0xC1, 0xE0, 0x7C, 0x7C, 0x0F, 0x03, 0xC3, 0xC0, 0x78, 0x7E, 0x3E, 0x03, 0xFF, 0xE3, 0xFF, 0xFF,
    0xFC, 0x1F, 0xFF, 0xFF, 0x80, 0xFF, 0xF8, 0xFF, 0x80, 0x00, 0x0F, 0xFF, 0x00, 0x00, 0xFF, 0xF8,
    0x00, 0x0F, 0x0F, 0xC0, 0x00, 0xF0, 0x3C, 0x7F, 0xFF, 0x03, 0xE7, 0xFF, 0xF0, 0x1E, 0x7F, 0xFF,
    0x01, 0xE0, 0x3E, 0xF0, 0x1E, 0x07, 0xCF, 0x01, 0xE0, 0xFC, 0xF0, 0x1E, 0x0F, 0x8F, 0x03, 0xE1,
    0xF0, 0xF0, 0x3C, 0x3F, 0x0F, 0x0F, 0xC3, 0xE0, 0xFF, 0xF8, 0x7F, 0xFF, 0xFE, 0x07, 0xFF, 0xFF,
    0x80, 0x7F, 0xF0, 0x00, 0x70, 0x00, 0x00, 0x3C, 0x00, 0x00, 0x0F, 0x00, 0x00, 0x03, 0xC0, 0x00,
    0x00, 0xF0, 0x00, 0x00, 0x3C, 0x00, 0x01, 0xFF, 0x1F, 0xFC, 0xFF, 0xC7, 0xFF, 0x7F, 0xF1, 0xFF,
    0xFE, 0x3C, 0x03, 0xEF, 0x0F, 0x01, 0xF3, 0xC3, 0xC0, 0xFC, 0xF0, 0xF0, 0x3E, 0x3C, 0x3C, 0x1F,
    0x0F, 0x0F, 0x0F, 0xC1, 0xE3, 0xC3, 0xE0, 0x7F, 0xF1, 0xFF, 0xCF, 0xFC, 0x7F, 0xF0, 0xFE, 0x1F,
    0xFC, 0x00, 0x40, 0x01, 0xC0, 0x07, 0x80, 0x1E, 0x00, 0x38, 0x00, 0x20, 0x00, 0x00, 0x01, 0xFC,
    0x0F, 0xFE, 0x7F, 0xFD, 0xF8, 0x33, 0xC0, 0x0F, 0x80, 0x1E, 0x00, 0x3C, 0x00, 0x78, 0x0F, 0xF0,
    0x1F, 0xE0, 0x3F, 0xE0, 0x7B, 0xC0, 0xF7, 0xE1, 0xE7, 0xFF, 0xC7, 0xFF, 0x83, 0xFE, 0x00, 0x80,
    0x1C, 0x03, 0xC0, 0x78, 0x07, 0x00, 0x20, 0x00, 0x00, 0xFE, 0x3F, 0xF7, 0xFF, 0x78, 0xFF, 0x0F,
    0xF0, 0xFF, 0x0F, 0xF0, 0xFF, 0x0F, 0xF8, 0xF7, 0xFF, 0x3F, 0xF1, 0xFF, 0x00, 0xF4, 0x1F, 0x7F,
    0xE7, 0xFC, 0x7F, 0x80, 0xF0, 0x3C, 0x01, 0xE0, 0x78, 0x03, 0xC0, 0xF0, 0x07, 0x81, 0xE0, 0x0F,
    0x03, 0xC1, 0xFE, 0x07, 0x83, 0xFC, 0x0F, 0x07, 0xFF, 0xFE, 0x0F, 0xFF, 0xFC, 0x1F, 0xFF, 0xF8,
    0x3F, 0xC0, 0xF0, 0x7F, 0x81, 0xE0, 0xFF, 0x03, 0xC1, 0xFE, 0x07, 0xC7, 0xFC, 0x07, 0xFF, 0x78,
    0x07, 0xFC, 0xF0, 0x07, 0xF0, 0x1F, 0xC3, 0xFF, 0xCF, 0xFF, 0xBC, 0x3E, 0xF0, 0x3F, 0xC0, 0xFF,
    0x03, 0xFC, 0x0F, 0xF0, 0x3F, 0xC1, 0xEF, 0x07, 0xBC, 0x3C, 0xF1, 0xF3, 0xDF, 0x0F, 0xF8, 0x3F,
    0x80, 0xF8, 0x03, 0xC0, 0x0F, 0x00, 0x3C, 0x00, 0xF0, 0x03, 0xC0, 0x00, 0x04, 0x00, 0x1C, 0x00,
    0x7C, 0x00, 0x3C, 0x00, 0x38, 0x00, 0x20, 0x00, 0x00, 0x78, 0x0F, 0xF8, 0x1F, 0xF8, 0x3F, 0xF0,
    0x7F, 0xF0, 0xFF, 0xF1, 0xFF, 0xF3, 0xFD, 0xE7, 0xF9, 0xEF, 0xF1, 0xFF, 0xE3, 0xFF, 0xC3, 0xFF,
    0x83, 0xFF, 0x07, 0xFE, 0x07, 0xFC, 0x07, 0xF8, 0x0F, 0x10, 0x07, 0x00, 0xF0, 0x0F, 0x00, 0xE0,
    0x08, 0x00, 0x03, 0xF8, 0xFF, 0xDF, 0xFB, 0xCF, 0xF8, 0xFF, 0x1F, 0xE3, 0xFC, 0x7F, 0x8F, 0xF1,
    0xFE, 0x3F, 0xC7, 0xF8, 0xF0, 0x00, 0x40, 0x00, 0xF0, 0x00, 0xF0, 0x00, 0x20, 0x00, 0x00, 0x00,
    0x0E, 0x00, 0x0F, 0x80, 0x06, 0xC0, 0x03, 0x60, 0x01, 0xF0, 0x00, 0xF8, 0x00, 0xFE, 0x00, 0x77,
    0x00, 0x7B, 0xC0, 0x3D, 0xE0, 0x1C, 0x70, 0x1E, 0x3C, 0x0F, 0x1E, 0x07, 0x87, 0x07, 0xFF, 0xC3,
    0xFF, 0xE3, 0xFF, 0xF1, 0xE0, 0x3C, 0xF0, 0x1E, 0xF8, 0x0F, 0x78, 0x03, 0xC0, 0x02, 0x01, 0xE0,
    0x78, 0x0C, 0x00, 0x00, 0x3E, 0x06, 0xC0, 0xD8, 0x1F, 0x00, 0x00, 0x00, 0x3F, 0x87, 0xFC, 0xFF,
    0xD0, 0xF8, 0x0F, 0x3F, 0xEF, 0xFF, 0xFF, 0xF8, 0xFF, 0x1F, 0xFF, 0xDF, 0xF9, 0xFE, 0x00, 0x01,
    0x00, 0x00, 0x03, 0xC0, 0x00, 0x07, 0xC0, 0x00, 0x07, 0x00, 0x00, 0x0E, 0x00, 0x00, 0x04, 0x00,
    0x00, 0x00, 0x00, 0x00, 0x7F, 0xFE, 0x00, 0xFF, 0xFE, 0x00, 0xFF, 0xFE, 0x01, 0xFF, 0x00, 0x01,
    0xEF, 0x00, 0x03, 0xEF, 0x00, 0x03, 0xCF, 0x00, 0x07, 0xCF, 0xFE, 0x0F, 0x8F, 0xFE, 0x0F, 0x8F,
    0xFE, 0x1F, 0xFF, 0x00, 0x1F, 0xFF, 0x00, 0x3F, 0xFF, 0x00, 0x3C, 0x0F, 0x00, 0x7C, 0x0F, 0xFF,
    0x78, 0x0F, 0xFF, 0xF8, 0x0F, 0xFF, 0x00, 0x08, 0x00, 0x01, 0xC0, 0x00, 0x3C, 0x00, 0x07, 0x80,
    0x00, 0x70, 0x00, 0x02, 0x00, 0x00, 0x00, 0x03, 0xF8, 0xF8, 0x7F, 0xFF, 0xC3, 0xFF, 0xFE, 0x01,
    0xF9, 0xE0, 0x0F, 0x0F, 0x1F, 0xFF, 0xF7, 0xFF, 0xFF, 0xFF, 0xFF, 0xFF, 0x0F, 0x00, 0xF0, 0x78,
    0x2F, 0xFF, 0xFE, 0x7F, 0xFF, 0xE3, 0xF8, 0xFC, 0x00, 0x40, 0x00, 0x1C, 0x00, 0x0F, 0x00, 0x07,
    0x80, 0x01, 0xC0, 0x00, 0x40, 0x00, 0x00, 0x10, 0x0F, 0xCE, 0x0F, 0xFF, 0x8F, 0xFF, 0xC7, 0xE1,
    0xF9, 0xE0, 0x7E, 0xF8, 0x3F, 0xFC, 0x1C, 0xFF, 0x0F, 0x3F, 0xC7, 0x8F, 0xF3, 0xC3, 0xFC, 0xE0,
    0xFF, 0xF0, 0x7D, 0xF8, 0x1E, 0x7E, 0x1F, 0x8F, 0xFF, 0xC7, 0xFF, 0xE1, 0xCF, 0xC0, 0x20, 0x00,
    0x00, 0x02, 0x00, 0x3C, 0x01, 0xE0, 0x1E, 0x00, 0xC0, 0x04, 0x00, 0x00, 0x01, 0xF7, 0x3F, 0xF3,
    0xFF, 0x9E, 0x3D, 0xE3, 0xFF, 0x3F, 0xFB, 0xBF, 0xF9, 0xFF, 0x8F, 0x78, 0xF3, 0xFF, 0x9F, 0xF9,
    0xDF, 0x00, 0x00, 0x00, 0x04, 0x20, 0x06, 0x30, 0x07, 0xBC, 0x01, 0xCE, 0x00, 0x73, 0x80, 0x10,
    0x80, 0x00, 0x00, 0x07, 0xC0, 0x03, 0xE0, 0x03, 0xF8, 0x01, 0xFC, 0x00, 0xEE, 0x00, 0xF7, 0x80,
    0x7B, 0xC0, 0x78, 0xF0, 0x3C, 0x78, 0x1E, 0x3C, 0x1F, 0xFF, 0x0F, 0xFF, 0x87, 0xFF, 0xC7, 0x80,
    0xF3, 0xC0, 0x7B, 0xE0, 0x3D, 0xE0, 0x0F, 0x21, 0x0E, 0x71, 0xCE, 0x1C, 0xE1, 0x8C, 0x10, 0x80,
    0x03, 0xF8, 0x7F, 0xCF, 0xFD, 0x0F, 0x80, 0xF3, 0xFE, 0xFF, 0xFF, 0xFF, 0x8F, 0xF1, 0xFF, 0xFD,
    0xFF, 0x9F, 0xE0, 0x03, 0xE0, 0x03, 0xF8, 0x03, 0xCE, 0x01, 0xC7, 0x00, 0x00, 0x00, 0x00, 0x00,
    0x0F, 0x80, 0x07, 0xC0, 0x07, 0xF0, 0x03, 0xF8, 0x01, 0xDC, 0x01, 0xEF, 0x00, 0xF7, 0x80, 0xF1,
    0xE0, 0x78, 0xF0, 0x3C, 0x78, 0x3F, 0xFE, 0x1F, 0xFF, 0x0F, 0xFF, 0x8F, 0x01, 0xE7, 0x80, 0xF7,
    0xC0, 0x7B, 0xC0, 0x1E, 0x1F, 0x07, 0xF1, 0xC7, 0x38, 0xE0, 0x00, 0x00, 0x1F, 0xC3, 0xFE, 0x7F,
    0xE8, 0x7C, 0x07, 0x9F, 0xF7, 0xFF, 0xFF, 0xFC, 0x7F, 0x8F, 0xFF, 0xEF, 0xFC, 0xFF, 0x00, 0x21,
    0x0E, 0x70, 0xF7, 0x87, 0x38, 0x39, 0xC1, 0x08, 0x00, 0x0F, 0xFE, 0xFF, 0xEF, 0xFE, 0xF0, 0x0F,
    0x00, 0xF0, 0x0F, 0x00, 0xFF, 0xEF, 0xFE, 0xFF, 0xEF, 0x00, 0xF0, 0x0F, 0x00, 0xF0, 0x0F, 0xFF,
    0xFF, 0xFF, 0xFF, 0x10, 0x81, 0xCE, 0x0E, 0x70, 0x39, 0xC0, 0xC6, 0x02, 0x10, 0x00, 0x01, 0xF0,
    0x3F, 0xE3, 0xFF, 0x9E, 0x3D, 0xE0, 0xFF, 0xFF, 0xFF, 0xFF, 0xFF, 0xFE, 0x00, 0x78, 0x13, 0xFF,
    0x8F, 0xFC, 0x1F, 0xC0, 0x1F, 0x03, 0xF8, 0x71, 0xC7, 0x1C, 0x00, 0x00, 0x00, 0xFF, 0xEF, 0xFE,
    0xFF, 0xEF, 0x00, 0xF0, 0x0F, 0x00, 0xF0, 0x0F, 0xFE, 0xFF, 0xEF, 0xFE, 0xF0, 0x0F, 0x00, 0xF0,
    0x0F, 0x00, 0xFF, 0xFF, 0xFF, 0xFF, 0xF0, 0x07, 0xC0, 0xFF, 0x07, 0x38, 0x38, 0xE0, 0x00, 0x00,
    0x00, 0x3E, 0x07, 0xFC, 0x7F, 0xF3, 0xC7, 0xBC, 0x1F, 0xFF, 0xFF, 0xFF, 0xFF, 0xFF, 0xC0, 0x0F,
    0x02, 0x7F, 0xF1, 0xFF, 0x83, 0xF8, 0x21, 0x39, 0xCF, 0x79, 0xCE, 0x39, 0xC4, 0x20, 0x00, 0x78,
    0x1E, 0x07, 0x81, 0xE0, 0x78, 0x1E, 0x07, 0x81, 0xE0, 0x78, 0x1E, 0x07, 0x81, 0xE0, 0x78, 0x1E,
    0x07, 0x81, 0xE0, 0x78, 0x21, 0x1C, 0xE7, 0x38, 0xE7, 0x18, 0xC6, 0x30, 0x00, 0x3C, 0x0F, 0x03,
    0xC0, 0xF0, 0x3C, 0x0F, 0x03, 0xC0, 0xF0, 0x3C, 0x0F, 0x03, 0xC0, 0xF0, 0x3C, 0x3E, 0x3F, 0xBC,
    0xFC, 0x70, 0x00, 0x00, 0x78, 0x3C, 0x1E, 0x0F, 0x07, 0x83, 0xC1, 0xE0, 0xF0, 0x78, 0x3C, 0x1E,
    0x0F, 0x07, 0x83, 0xC1, 0xE0, 0xF0, 0x78, 0x3E, 0x3F, 0xB9, 0xFC, 0x70, 0x00, 0x00, 0xF0, 0x78,
    0x3C, 0x1E, 0x0F, 0x07, 0x83, 0xC1, 0xE0, 0xF0, 0x78, 0x3C, 0x1E, 0x0F, 0x00, 0x04, 0x20, 0x03,
    0x9C, 0x00, 0xE7, 0x00, 0x1C, 0xE0, 0x03, 0x18, 0x00, 0x42, 0x00, 0x00, 0x00, 0x0F, 0xC0, 0x0F,
    0xFC, 0x0F, 0xFF, 0xC7, 0xE1, 0xF9, 0xE0, 0x1E, 0xF8, 0x07, 0xFC, 0x00, 0xFF, 0x00, 0x3F, 0xC0,
    0x0F, 0xF0, 0x03, 0xFC, 0x00, 0xFF, 0x80, 0x7D, 0xE0, 0x1E, 0x7E, 0x1F, 0x8F, 0xFF, 0xC1, 0xFF,
    0xE0, 0x0F, 0xC0, 0x10, 0x81, 0xCE, 0x0E, 0x70, 0x39, 0xC0, 0xC6, 0x02, 0x10, 0x00, 0x01, 0xF0,
    0x3F, 0xE3, 0xFF, 0x9E, 0x3D, 0xE0, 0xFF, 0x07, 0xF8, 0x3F, 0xC1, 0xFE, 0x0F, 0x78, 0xF3, 0xFF,
    0x8F, 0xF8, 0x1F, 0x00, 0x01, 0xF0, 0x00, 0xFE, 0x00, 0x71, 0xC0, 0x1C, 0x70, 0x00, 0x00, 0x00,
    0x00, 0x00, 0x3F, 0x00, 0x3F, 0xF0, 0x3F, 0xFF, 0x1F, 0x87, 0xE7, 0x80, 0x7B, 0xE0, 0x1F, 0xF0,
    0x03, 0xFC, 0x00, 0xFF, 0x00, 0x3F, 0xC0, 0x0F, 0xF0, 0x03, 0xFE, 0x01, 0xF7, 0x80, 0x79, 0xF8,
    0x7E, 0x3F, 0xFF, 0x07, 0xFF, 0x80, 0x3F, 0x00, 0x0F, 0x81, 0xFE, 0x0E, 0x70, 0x71, 0xC0, 0x00,
    0x00, 0x00, 0x3E, 0x07, 0xFC, 0x7F, 0xF3, 0xC7, 0xBC, 0x1F, 0xE0, 0xFF, 0x07, 0xF8, 0x3F, 0xC1,
    0xEF, 0x1E, 0x7F, 0xF1, 0xFF, 0x03, 0xE0, 0x21, 0x01, 0xCE, 0x07, 0x38, 0x0E, 0x70, 0x18, 0xC0,
    0x21, 0x00, 0x00, 0x3F, 0xE0, 0xFF, 0xE3, 0xFF, 0xCF, 0x0F, 0xBC, 0x1E, 0xF0, 0x7B, 0xC1, 0xEF,
    0x0F, 0xBF, 0xFC, 0xFF, 0xE3, 0xFF, 0x0F, 0x3E, 0x3C, 0x7C, 0xF0, 0xF3, 0xC3, 0xEF, 0x07, 0xBC,
    0x1F, 0x42, 0x39, 0xCE, 0x71, 0xCE, 0x31, 0x84, 0x20, 0x00, 0x7F, 0x7F, 0xDF, 0xF7, 0x81, 0xE0,
    0x78, 0x1E, 0x07, 0x81, 0xE0, 0x78, 0x1E, 0x07, 0x81, 0xE0, 0x1F, 0x00, 0xFE, 0x07, 0x9C, 0x1C,
    0x70, 0x00, 0x00, 0x00, 0x0F, 0xF8, 0x3F, 0xF8, 0xFF, 0xF3, 0xC3, 0xEF, 0x07, 0xBC, 0x1E, 0xF0,
    0x7B, 0xC3, 0xEF, 0xFF, 0x3F, 0xF8, 0xFF, 0xC3, 0xCF, 0x8F, 0x1F, 0x3C, 0x3C, 0xF0, 0xFB, 0xC1,
    0xEF, 0x07, 0xC0, 0x3E, 0x3F, 0xBC, 0xFC, 0x70, 0x00, 0x00, 0xFF, 0xFF, 0xFF, 0xF8, 0x3C, 0x1E,
    0x0F, 0x07, 0x83, 0xC1, 0xE0, 0xF0, 0x78, 0x3C, 0x00, 0x10, 0x80, 0xE7, 0x03, 0x9C, 0x07, 0x38,
    0x0C, 0x60, 0x10, 0x80, 0x00, 0x3C, 0x0F, 0xF0, 0x3F, 0xC0, 0xFF, 0x03, 0xFC, 0x0F, 0xF0, 0x3F,
    0xC0, 0xFF, 0x03, 0xFC, 0x0F, 0xF0, 0x3F, 0xC0, 0xFF, 0x03, 0xFC, 0x0F, 0x78, 0x79, 0xFF, 0xE3,
    0xFF, 0x03, 0xF0, 0x21, 0x1C, 0xE3, 0xDE, 0x39, 0xC3, 0x9C, 0x21, 0x00, 0x07, 0x8F, 0xF1, 0xFE,
    0x3F, 0xC7, 0xF8, 0xFF, 0x1F, 0xE3, 0xFC, 0x7F, 0x8F, 0xF9, 0xEF, 0xFD, 0xFF, 0x8F, 0xE0, 0x07,
    0xC0, 0x3F, 0x81, 0xC7, 0x07, 0x1C, 0x00, 0x00, 0x00, 0x0F, 0x03, 0xFC, 0x0F, 0xF0, 0x3F, 0xC0,
    0xFF, 0x03, 0xFC, 0x0F, 0xF0, 0x3F, 0xC0, 0xFF, 0x03, 0xFC, 0x0F, 0xF0, 0x3F, 0xC0, 0xFF, 0x03,
    0xDE, 0x1E, 0x7F, 0xF8, 0xFF, 0xC0, 0xFC, 0x00, 0x0F, 0x07, 0xF8, 0xE7, 0x38, 0xE0, 0x00, 0x00,
    0x3C, 0x7F, 0x8F, 0xF1, 0xFE, 0x3F, 0xC7, 0xF8, 0xFF, 0x1F, 0xE3, 0xFC, 0x7F, 0xCF, 0x7F, 0xEF,
    0xFC, 0x7F, 0x00, 0x1F, 0xC1, 0xFF, 0x9F, 0xF9, 0xF0, 0x4F, 0x00, 0x78, 0x03, 0xF8, 0x0F, 0xF0,
    0x3F, 0xE0, 0x7F, 0x80, 0x7E, 0x00, 0xF0, 0x07, 0xB0, 0x7F, 0xFF, 0xDF, 0xFE, 0x3F, 0xC0, 0x00,
    0x01, 0xC0, 0x1E, 0x01, 0xE0, 0x0E, 0x00, 0x1F, 0x9F, 0xEF, 0xFB, 0xC2, 0xF0, 0x3F, 0xE7, 0xFD,
    0xFF, 0x03, 0xE0, 0xFF, 0xFF, 0xFE, 0x7E, 0x00, 0x00, 0xE0, 0x70, 0x3C, 0x0E, 0x00, 0xFF, 0xFF,
    0xFF, 0xFF, 0xFF, 0xC1, 0xE0, 0x07, 0x80, 0x1E, 0x00, 0x78, 0x01, 0xE0, 0x07, 0x80, 0x1E, 0x00,
    0x78, 0x01, 0xE0, 0x07, 0x80, 0x1E, 0x00, 0x78, 0x01, 0xE0, 0x07, 0x80, 0x00, 0x00, 0x38, 0x00,
    0xE0, 0x0F, 0x80, 0x3C, 0x00, 0x70, 0x78, 0x3C, 0x1E, 0x0F, 0xF7, 0xFB, 0xFD, 0xE0, 0xF0, 0x78,
    0x3C, 0x1E, 0x0F, 0x07, 0xC3, 0xFC, 0xFE, 0x3F, 0x00, 0x07, 0x07, 0x87, 0x83, 0x80, 0x3F, 0x07,
    0xFE, 0x1F, 0xF8, 0x83, 0xE0, 0x0F, 0x00, 0x78, 0x03, 0xC0, 0x1E, 0x03, 0xE1, 0xFF, 0x0F, 0xF0,
    0x7F, 0xE0, 0x1F, 0x00, 0x7C, 0x01, 0xE0, 0x0F, 0x00, 0x78, 0x07, 0xC0, 0xFD, 0xFF, 0xCF, 0xFC,
    0x7F, 0x00, 0x7F, 0x1F, 0xFB, 0xFF, 0x81, 0xF0, 0x1E, 0x03, 0xC0, 0xF0, 0xFC, 0x1F, 0x83, 0xF8,
    0x0F, 0x80, 0xF0, 0x1E, 0x07, 0xC3, 0xF7, 0xFC, 0xFF, 0x1F, 0x00, 0x08, 0x80, 0x77, 0x00, 0xF8,
    0x01, 0xC0, 0x02, 0x00, 0x00, 0x00, 0x00, 0x3C, 0x0F, 0xF0, 0x3F, 0xC0, 0xFF, 0x03, 0xFC, 0x0F,
    0xF0, 0x3F, 0xC0, 0xFF, 0xFF, 0xFF, 0xFF, 0xFF, 0xFF, 0xC0, 0xFF, 0x03, 0xFC, 0x0F, 0xF0, 0x3F,
    0xC0, 0xFF, 0x03, 0xFC, 0x0F, 0x84, 0x1D, 0xC3, 0xF0, 0x1C, 0x01, 0x00, 0x00, 0x1C, 0x07, 0x80,
    0xF0, 0x1E, 0x03, 0xC0, 0x78, 0x0F, 0xF9, 0xFF, 0xBF, 0xF7, 0x9F, 0xF1, 0xFE, 0x3F, 0xC7, 0xF8,
    0xFF, 0x1F, 0xE3, 0xFC, 0x7F, 0x8F, 0xF1, 0xE0, 0xF0, 0xF0, 0xF0, 0x70, 0x1F, 0x3C, 0x38, 0xF0,
    0x1E, 0x0F, 0xC7, 0x7B, 0x87, 0x38, 0xDF, 0xFF, 0xFB, 0x0E, 0xFF, 0xFF, 0xFF, 0xC3, 0xFF, 0xBF,
    0xC7, 0x80, 0xFF, 0xFF, 0x61, 0xF9, 0xDC, 0xE0, 0x73, 0xEC, 0xF3, 0xF9, 0xE0, 0x3C, 0xE7, 0x39,
    0xCE, 0x73, 0x80, 0xE1, 0xDC, 0xE3, 0xF0, 0x78, 0x3E, 0x3F, 0xB8, 0xFC, 0x70, 0x37, 0x7F, 0xFE,
    0x7F, 0xEE, 0x31, 0xE1, 0xC7, 0xFB, 0xC0, 0x36, 0xCC, 0xFF, 0x70, 0x00, 0x08, 0x01, 0xC0, 0x1E,
    0x00, 0xF0, 0x07, 0x00, 0x20, 0x00, 0x0F, 0xFE, 0xFF, 0xEF, 0xFE, 0xF0, 0x0F, 0x00, 0xF0, 0x0F,
    0x00, 0xFF, 0xEF, 0xFE, 0xFF, 0xEF, 0x00, 0xF0, 0x0F, 0x00, 0xF0, 0x0F, 0xFF, 0xFF, 0xFF, 0xFF,
    0x30, 0xC7, 0x9E, 0x79, 0xE3, 0x0C, 0x00, 0x00, 0x00, 0xFF, 0xEF, 0xFE, 0xFF, 0xEF, 0x00, 0xF0,
    0x0F, 0x00, 0xF0, 0x0F, 0xFE, 0xFF, 0xEF, 0xFE, 0xF0, 0x0F, 0x00, 0xF0, 0x0F, 0x00, 0xFF, 0xFF,
    0xFF, 0xFF, 0xF0, 0xFF, 0xF8, 0x3F, 0xFE, 0x0F, 0xFF, 0x80, 0x1E, 0x00, 0x07, 0x80, 0x01, 0xE0,
    0x00, 0x7F, 0xE0, 0x1F, 0xFC, 0x07, 0xFF, 0x81, 0xE1, 0xF0, 0x78, 0x3C, 0x1E, 0x0F, 0x07, 0x83,
    0xC1, 0xE1, 0xF0, 0x79, 0xF8, 0x1E, 0x7E, 0x07, 0x9E, 0x00, 0x01, 0x00, 0x38, 0x07, 0x80, 0xF0,
    0x0E, 0x00, 0x40, 0x00, 0x0F, 0xFF, 0xFF, 0xFF, 0xFF, 0xF0, 0x0F, 0x00, 0xF0, 0x0F, 0x00, 0xF0,
    0x0F, 0x00, 0xF0, 0x0F, 0x00, 0xF0, 0x0F, 0x00, 0xF0, 0x0F, 0x00, 0xF0, 0x0F, 0x00, 0x07, 0xF8,
    0x3F, 0xFC, 0xFF, 0xFB, 0xE0, 0x67, 0x80, 0x1E, 0x00, 0x3C, 0x00, 0x7F, 0xF0, 0xFF, 0xE1, 0xFF,
    0xC3, 0xC0, 0x07, 0x80, 0x07, 0x80, 0x0F, 0x81, 0x8F, 0xFF, 0x8F, 0xFF, 0x07, 0xF0, 0x1F, 0xC1,
    0xFF, 0x9F, 0xF9, 0xF0, 0x4F, 0x00, 0x78, 0x03, 0xF8, 0x0F, 0xF0, 0x3F, 0xE0, 0x7F, 0x80, 0x7E,
    0x00, 0xF0, 0x07, 0xB0, 0x7F, 0xFF, 0xDF, 0xFE, 0x3F, 0xC0, 0xFF, 0xFF, 0xFF, 0xFF, 0xFF, 0xFF,
    0xFF, 0xFF, 0xF0, 0x71, 0xFC, 0xFF, 0x3D, 0xC7, 0x00, 0x00, 0x01, 0xE0, 0x78, 0x1E, 0x07, 0x81,
    0xE0, 0x78, 0x1E, 0x07, 0x81, 0xE0, 0x78, 0x1E, 0x07, 0x81, 0xE0, 0x78, 0x1E, 0x07, 0x81, 0xE0,
    0x01, 0xE0, 0x3C, 0x07, 0x80, 0xF0, 0x1E, 0x03, 0xC0, 0x78, 0x0F, 0x01, 0xE0, 0x3C, 0x07, 0x80,
    0xF0, 0x1E, 0x87, 0xDF, 0xF7, 0xFE, 0x3F, 0x00, 0x07, 0xFF, 0x80, 0x01, 0xFF, 0xE0, 0x00, 0x7F,
    0xF8, 0x00, 0x1E, 0x1E, 0x00, 0x07, 0x87, 0x80, 0x01, 0xE1, 0xE0, 0x00, 0x78, 0x7F, 0xC0, 0x1E,
    0x1F, 0xFC, 0x0F, 0x87, 0xFF, 0x83, 0xC1, 0xE1, 0xF0, 0xF0, 0x78, 0x3C, 0x3C, 0x1E, 0x0F, 0x1F,
    0x07, 0x83, 0xCF, 0x81, 0xE1, 0xFF, 0xC0, 0x7F, 0xFB, 0xE0, 0x1F, 0xFC, 0xE0, 0x07, 0xFC, 0x00,
    0xF0, 0x1E, 0x00, 0xF0, 0x1E, 0x00, 0xF0, 0x1E, 0x00, 0xF0, 0x1E, 0x00, 0xF0, 0x1E, 0x00, 0xF0,
    0x1E, 0x00, 0xFF, 0xFF, 0xF0, 0xFF, 0xFF, 0xFC, 0xFF, 0xFF, 0xFE, 0xF0, 0x1E, 0x1F, 0xF0, 0x1E,
    0x0F, 0xF0, 0x1E, 0x0F, 0xF0, 0x1E, 0x0F, 0xF0, 0x1E, 0x1F, 0xF0, 0x1F, 0xFE, 0xF0, 0x1F, 0xFC,
    0xF0, 0x1F, 0xF0, 0xFF, 0xF0, 0xFF, 0xF0, 0xFF, 0xF0, 0x07, 0x80, 0x07, 0x80, 0x07, 0x80, 0x07,
    0xF8, 0x07, 0xFE, 0x07, 0xFE, 0x07, 0x9F, 0x07, 0x8F, 0x07, 0x8F, 0x07, 0x8F, 0x07, 0x8F, 0x07,
    0x8F, 0x07, 0x8F, 0x07, 0x8F, 0x00, 0x40, 0x01, 0xC0, 0x07, 0x80, 0x1E, 0x00, 0x38, 0x00, 0x20,
    0x00, 0x00, 0x78, 0x3E, 0xF0, 0xF9, 0xE3, 0xE3, 0xCF, 0x87, 0xBE, 0x0F, 0xF8, 0x1F, 0xE0, 0x3F,
    0x80, 0x7F, 0x80, 0xFF, 0x81, 0xEF, 0x83, 0xCF, 0x07, 0x9F, 0x0F, 0x1F, 0x1E, 0x1F, 0x3C, 0x1F,
    0x78, 0x1F, 0x02, 0x00, 0x1E, 0x00, 0x3E, 0x00, 0x1C, 0x00, 0x1C, 0x00, 0x10, 0x00, 0x00, 0x78,
    0x0F, 0xF0, 0x3F, 0xE0, 0xFF, 0xC1, 0xFF, 0x87, 0xFF, 0x1F, 0xFE, 0x7F, 0xFC, 0xF7, 0xFB, 0xCF,
    0xFF, 0x1F, 0xFC, 0x3F, 0xF8, 0x7F, 0xE0, 0xFF, 0xC1, 0xFF, 0x03, 0xFC, 0x07, 0xF8, 0x0F, 0x04,
    0x20, 0x1E, 0x38, 0x0F, 0xF8, 0x0F, 0xF0, 0x03, 0xE0, 0x00, 0x00, 0x00, 0x00, 0xF8, 0x1F, 0x78,
    0x1F, 0x78, 0x1E, 0x7C, 0x3E, 0x3C, 0x3C, 0x3E, 0x3C, 0x1E, 0x7C, 0x1F, 0x78, 0x0F, 0x78, 0x0F,
    0xF8, 0x07, 0xF0, 0x07, 0xF0, 0x03, 0xE0, 0x07, 0xE0, 0x7F, 0xC0, 0x7F, 0x80, 0x7E, 0x00, 0xF0,
    0x3F, 0xC0, 0xFF, 0x03, 0xFC, 0x0F, 0xF0, 0x3F, 0xC0, 0xFF, 0x03, 0xFC, 0x0F, 0xF0, 0x3F, 0xC0,
    0xFF, 0x03, 0xFC, 0x0F, 0xF0, 0x3F, 0xC0, 0xFF, 0xFF, 0xFF, 0xFF, 0xFF, 0xFC, 0x1E, 0x00, 0x78,
    0x01, 0xE0, 0x07, 0x80, 0x1E, 0x00, 0x03, 0xE0, 0x01, 0xF0, 0x01, 0xFC, 0x00, 0xFE, 0x00, 0x77,
    0x00, 0x7B, 0xC0, 0x3D, 0xE0, 0x3C, 0x78, 0x1E, 0x3C, 0x0F, 0x1E, 0x0F, 0xFF, 0x87, 0xFF, 0xC3,
    0xFF, 0xE3, 0xC0, 0x79, 0xE0, 0x3D, 0xF0, 0x1E, 0xF0, 0x07, 0x80, 0xFF, 0xE7, 0xFF, 0x3F, 0xF9,
    0xE0, 0x0F, 0x00, 0x78, 0x03, 0xFE, 0x1F, 0xFC, 0xFF, 0xF7, 0x87, 0xFC, 0x1F, 0xE0, 0xFF, 0x07,
    0xF8, 0x7F, 0xFF, 0xDF, 0xFC, 0xFF, 0x80, 0xFF, 0xC3, 0xFF, 0x8F, 0xFF, 0x3C, 0x3E, 0xF0, 0x7B,
    0xC1, 0xEF, 0x0F, 0xBF, 0xFC, 0xFF, 0xF3, 0xFF, 0xEF, 0x07, 0xFC, 0x0F, 0xF0, 0x3F, 0xC1, 0xFF,
    0xFF, 0xBF, 0xFC, 0xFF, 0xC0, 0xFF, 0xFF, 0xFF, 0xFF, 0xFF, 0x00, 0xF0, 0x0F, 0x00, 0xF0, 0x0F,
    0x00, 0xF0, 0x0F, 0x00, 0xF0, 0x0F, 0x00, 0xF0, 0x0F, 0x00, 0xF0, 0x0F, 0x00, 0xF0, 0x00, 0x0F,
    0xFF, 0x01, 0xFF, 0xE0, 0x3F, 0xFC, 0x07, 0x87, 0x80, 0xF0, 0xF0, 0x1E, 0x1E, 0x03, 0xC3, 0xC0,
    0x78, 0x78, 0x0E, 0x0F, 0x03, 0xC1, 0xE0, 0x78, 0x3C, 0x0F, 0x07, 0x81, 0xC0, 0xF0, 0x78, 0x1E,
    0x3F, 0xFF, 0xFF, 0xFF, 0xFF, 0xFF, 0xFF, 0xFE, 0x00, 0x3F, 0xC0, 0x07, 0xF8, 0x00, 0xFF, 0x00,
    0x1F, 0xE0, 0x03, 0xC0, 0xFF, 0xEF, 0xFE, 0xFF, 0xEF, 0x00, 0xF0, 0x0F, 0x00, 0xF0, 0x0F, 0xFE,
    0xFF, 0xEF, 0xFE, 0xF0, 0x0F, 0x00, 0xF0, 0x0F, 0x00, 0xFF, 0xFF, 0xFF, 0xFF, 0xF0, 0xF8, 0x3C,
    0x1F, 0x7C, 0x3C, 0x3E, 0x3E, 0x3C, 0x7C, 0x3E, 0x3C, 0x78, 0x1F, 0x3C, 0xF8, 0x0F, 0xBD, 0xF0,
    0x07, 0xFF, 0xE0, 0x03, 0xFF, 0xC0, 0x03, 0xFF, 0xC0, 0x07, 0xFF, 0xE0, 0x07, 0xFF, 0xE0, 0x0F,
    0xBD, 0xF0, 0x1F, 0x3C, 0xF8, 0x3E, 0x3C, 0x7C, 0x3E, 0x3C, 0x7C, 0x7C, 0x3C, 0x3E, 0xF8, 0x3C,
    0x1F, 0x1F, 0x83, 0xFF, 0x1F, 0xF8, 0x43, 0xE0, 0x0F, 0x00, 0x78, 0x07, 0xC3, 0xFC, 0x1F, 0xE0,
    0xFF, 0x80, 0x3E, 0x00, 0xF0, 0x07, 0xB0, 0x7F, 0xFF, 0xDF, 0xFE, 0x3F, 0xC0, 0xF0, 0x1F, 0xE0,
    0x7F, 0xC1, 0xFF, 0x83, 0xFF, 0x0F, 0xFE, 0x3F, 0xFC, 0xFF, 0xF9, 0xEF, 0xF7, 0x9F, 0xFE, 0x3F,
    0xF8, 0x7F, 0xF0, 0xFF, 0xC1, 0xFF, 0x83, 0xFE, 0x07, 0xF8, 0x0F, 0xF0, 0x1E, 0x04, 0x20, 0x3C,
    0x70, 0x3F, 0xE0, 0x7F, 0x80, 0x3E, 0x00, 0x00, 0x00, 0x00, 0x78, 0x0F, 0xF0, 0x3F, 0xE0, 0xFF,
    0xC1, 0xFF, 0x87, 0xFF, 0x1F, 0xFE, 0x7F, 0xFC, 0xF7, 0xFB, 0xCF, 0xFF, 0x1F, 0xFC, 0x3F, 0xF8,
    0x7F, 0xE0, 0xFF, 0xC1, 0xFF, 0x03, 0xFC, 0x07, 0xF8, 0x0F, 0xF0, 0x7D, 0xE1, 0xF3, 0xC7, 0xC7,
    0x9F, 0x0F, 0x7C, 0x1F, 0xF0, 0x3F, 0xC0, 0x7F, 0x00, 0xFF, 0x01, 0xFF, 0x03, 0xDF, 0x07, 0x9E,
    0x0F, 0x3E, 0x1E, 0x3E, 0x3C, 0x3E, 0x78, 0x3E, 0xF0, 0x3E, 0x07, 0xFF, 0x83, 0xFF, 0xC1, 0xFF,
    0xE0, 0xF0, 0xF0, 0x78, 0x78, 0x3C, 0x3C, 0x1E, 0x1E, 0x0F, 0x0F, 0x0F, 0x87, 0x87, 0x83, 0xC3,
    0xC1, 0xE1, 0xE0, 0xF1, 0xF0, 0x79, 0xF0, 0x3F, 0xF0, 0x1F, 0xF0, 0x0F, 0xE0, 0x07, 0x80, 0x7C,
    0x03, 0xCF, 0x80, 0xF9, 0xF0, 0x1F, 0x3F, 0x07, 0xE7, 0xE0, 0xFC, 0xFE, 0x3F, 0xBF, 0xC7, 0xFF,
    0xBD, 0xEF, 0xF3, 0xB9, 0xFE, 0x77, 0x3F, 0xCF, 0xE7, 0xF8, 0xF8, 0xFF, 0x1F, 0x1F, 0xE3, 0xC3,
    0xFC, 0x38, 0x7F, 0x80, 0x0F, 0xF0, 0x01, 0xE0, 0xF0, 0x3F, 0xC0, 0xFF, 0x03, 0xFC, 0x0F, 0xF0,
    0x3F, 0xC0, 0xFF, 0x03, 0xFF, 0xFF, 0xFF, 0xFF, 0xFF, 0xFF, 0x03, 0xFC, 0x0F, 0xF0, 0x3F, 0xC0,
    0xFF, 0x03, 0xFC, 0x0F, 0xF0, 0x3C, 0x03, 0xF0, 0x03, 0xFF, 0x03, 0xFF, 0xF1, 0xF8, 0x7E, 0x78,
    0x07, 0xBE, 0x01, 0xFF, 0x00, 0x3F, 0xC0, 0x0F, 0xF0, 0x03, 0xFC, 0x00, 0xFF, 0x00, 0x3F, 0xE0,
    0x1F, 0x78, 0x07, 0x9F, 0x87, 0xE3, 0xFF, 0xF0, 0x7F, 0xF8, 0x03, 0xF0, 0x00, 0xFF, 0xFF, 0xFF,
    0xFF, 0xFF, 0xFC, 0x0F, 0xF0, 0x3F, 0xC0, 0xFF, 0x03, 0xFC, 0x0F, 0xF0, 0x3F, 0xC0, 0xFF, 0x03,
    0xFC, 0x0F, 0xF0, 0x3F, 0xC0, 0xFF, 0x03, 0xFC, 0x0F, 0xF0, 0x3C, 0xFF, 0x87, 0xFF, 0x3F, 0xFD,
    0xE1, 0xFF, 0x07, 0xF8, 0x3F, 0xC1, 0xFE, 0x1F, 0xFF, 0xF7, 0xFF, 0x3F, 0xE1, 0xE0, 0x0F, 0x00,
    0x78, 0x03, 0xC0, 0x1E, 0x00, 0xF0, 0x00, 0x07, 0xF0, 0x7F, 0xF3, 0xFF, 0xDF, 0x82, 0x78, 0x03,
    0xE0, 0x0F, 0x00, 0x3C, 0x00, 0xF0, 0x03, 0xC0, 0x0F, 0x00, 0x3E, 0x00, 0x78, 0x01, 0xF0, 0x23,
    0xFF, 0xC7, 0xFF, 0x07, 0xF0, 0xFF, 0xFF, 0xFF, 0xFF, 0xFF, 0xC1, 0xE0, 0x07, 0x80, 0x1E, 0x00,
    0x78, 0x01, 0xE0, 0x07, 0x80, 0x1E, 0x00, 0x78, 0x01, 0xE0, 0x07, 0x80, 0x1E, 0x00, 0x78, 0x01,
    0xE0, 0x07, 0x80, 0xF8, 0x1F, 0x78, 0x1F, 0x78, 0x1E, 0x7C, 0x3E, 0x3C, 0x3C, 0x3E, 0x3C, 0x1E,
    0x7C, 0x1F, 0x78, 0x0F, 0x78, 0x0F, 0xF8, 0x07, 0xF0, 0x07, 0xF0, 0x03, 0xE0, 0x07, 0xE0, 0x7F,
    0xC0, 0x7F, 0x80, 0x7E, 0x00, 0x00, 0xF0, 0x00, 0x0F, 0x00, 0x07, 0xFE, 0x01, 0xFF, 0xF8, 0x3F,
    0xFF, 0xC7, 0xCF, 0x3E, 0x78, 0xF1, 0xEF, 0x0F, 0x0F, 0xF0, 0xF0, 0xFF, 0x0F, 0x0F, 0xF0, 0xF0,
    0xFF, 0x8F, 0x1F, 0x7C, 0xF3, 0xE3, 0xFF, 0xFC, 0x1F, 0xFF, 0x80, 0x7F, 0xE0, 0x00, 0xF0, 0x00,
    0x0F, 0x00, 0xF8, 0x0F, 0xBE, 0x0F, 0x8F, 0x07, 0x83, 0xC7, 0x81, 0xF7, 0xC0, 0x7F, 0xC0, 0x1F,
    0xC0, 0x0F, 0xE0, 0x03, 0xE0, 0x03, 0xF8, 0x01, 0xFC, 0x01, 0xFF, 0x01, 0xF7, 0xC1, 0xF1, 0xE0,
    0xF0, 0x78, 0xF8, 0x3E, 0xF8, 0x0F, 0x80, 0xF0, 0x3C, 0x78, 0x1E, 0x3C, 0x0F, 0x1E, 0x07, 0x8F,
    0x03, 0xC7, 0x81, 0xE3, 0xC0, 0xF1, 0xE0, 0x78, 0xF0, 0x3C, 0x78, 0x1E, 0x3C, 0x0F, 0x1E, 0x07,
    0x8F, 0x03, 0xC7, 0x81, 0xE3, 0xFF, 0xFF, 0xFF, 0xFF, 0xFF, 0xFF, 0x80, 0x03, 0xC0, 0x01, 0xE0,
    0x00, 0xF0, 0x00, 0x78, 0x00, 0x3C, 0xF0, 0x3F, 0xC0, 0xFF, 0x03, 0xFC, 0x0F, 0xF0, 0x3F, 0xC0,
    0xFF, 0x03, 0xFE, 0x0F, 0x7F, 0xFC, 0xFF, 0xF1, 0xFF, 0xC0, 0x0F, 0x00, 0x3C, 0x00, 0xF0, 0x03,
    0xC0, 0x0F, 0x00, 0x3C, 0xF0, 0x78, 0x3F, 0xC1, 0xE0, 0xFF, 0x07, 0x83, 0xFC, 0x1E, 0x0F, 0xF0,
    0x78, 0x3F, 0xC1, 0xE0, 0xFF, 0x07, 0x83, 0xFC, 0x1E, 0x0F, 0xF0, 0x78, 0x3F, 0xC1, 0xE0, 0xFF,
    0x07, 0x83, 0xFC, 0x1E, 0x0F, 0xF0, 0x78, 0x3F, 0xC1, 0xE0, 0xFF, 0xFF, 0xFF, 0xFF, 0xFF, 0xFF,
    0xFF, 0xFF, 0xFC, 0xF0, 0x78, 0x3C, 0x78, 0x3C, 0x1E, 0x3C, 0x1E, 0x0F, 0x1E, 0x0F, 0x07, 0x8F,
    0x07, 0x83, 0xC7, 0x83, 0xC1, 0xE3, 0xC1, 0xE0, 0xF1, 0xE0, 0xF0, 0x78, 0xF0, 0x78, 0x3C, 0x78,
    0x3C, 0x1E, 0x3C, 0x1E, 0x0F, 0x1E, 0x0F, 0x07, 0x8F, 0x07, 0x83, 0xC7, 0x83, 0xC1, 0xE3, 0xFF,
    0xFF, 0xFF, 0xFF, 0xFF, 0xFF, 0xFF, 0xFF, 0xFF, 0x80, 0x00, 0x03, 0xC0, 0x00, 0x01, 0xE0, 0x00,
    0x00, 0xF0, 0x00, 0x00, 0x78, 0x00, 0x00, 0x3C, 0xFF, 0x00, 0x7F, 0x80, 0x3F, 0xC0, 0x01, 0xE0,
    0x00, 0xF0, 0x00, 0x78, 0x00, 0x3F, 0xE0, 0x1F, 0xFC, 0x0F, 0xFF, 0x07, 0x87, 0xC3, 0xC1, 0xE1,
    0xE0, 0xF0, 0xF0, 0x78, 0x78, 0x7C, 0x3F, 0xFC, 0x1F, 0xFC, 0x07, 0xF8, 0x00, 0xF0, 0x01, 0xFE,
    0x00, 0x3F, 0xC0, 0x07, 0xF8, 0x00, 0xFF, 0x00, 0x1F, 0xE0, 0x03, 0xFF, 0xE0, 0x7F, 0xFF, 0x0F,
    0xFF, 0xF1, 0xFE, 0x1F, 0x3F, 0xC1, 0xE7, 0xF8, 0x3C, 0xFF, 0x07, 0x9F, 0xE1, 0xF3, 0xFF, 0xFC,
    0x7F, 0xFF, 0x0F, 0x7F, 0x81, 0xE0, 0xF0, 0x07, 0x80, 0x3C, 0x01, 0xE0, 0x0F, 0x00, 0x78, 0x03,
    0xFE, 0x1F, 0xFC, 0xFF, 0xF7, 0x87, 0xFC, 0x1F, 0xE0, 0xFF, 0x07, 0xF8, 0x7F, 0xFF, 0xDF, 0xFC,
    0x7F, 0x80, 0x1F, 0xC1, 0xFF, 0xE1, 0xFF, 0xE3, 0x03, 0xE0, 0x03, 0xC0, 0x07, 0xC0, 0x07, 0x87,
    0xFF, 0x0F, 0xFE, 0x1F, 0xFC, 0x00, 0x78, 0x00, 0xF0, 0x03, 0xCC, 0x0F, 0xBF, 0xFE, 0x7F, 0xF8,
    0x1F, 0xC0, 0xF0, 0x0F, 0xE0, 0xF0, 0x3F, 0xF8, 0xF0, 0x7F, 0xFC, 0xF0, 0xF8, 0x3E, 0xF0, 0xF0,
    0x1E, 0xF1, 0xF0, 0x1F, 0xF1, 0xE0, 0x0F, 0xFF, 0xE0, 0x0F, 0xFF, 0xE0, 0x0F, 0xFF, 0xE0, 0x0F,
    0xF1, 0xE0, 0x0F, 0xF1, 0xF0, 0x1F, 0xF0, 0xF0, 0x1E, 0xF0, 0xF8, 0x3E, 0xF0, 0x7F, 0xFC, 0xF0,
    0x3F, 0xF8, 0xF0, 0x0F, 0xE0, 0x07, 0xFC, 0x7F, 0xF3, 0xFF, 0xDF, 0x0F, 0x78, 0x3D, 0xE0, 0xF7,
    0x83, 0xDF, 0x0F, 0x3F, 0xFC, 0xFF, 0xF1, 0xFF, 0xC7, 0x8F, 0x3E, 0x3C, 0xF0, 0xF7, 0xC3, 0xDE,
    0x0F, 0xF8, 0x3C, 0x7F, 0x0F, 0xF9, 0xFF, 0xA1, 0xF0, 0x1E, 0x7F, 0xDF, 0xFF, 0xFF, 0xF1, 0xFE,
    0x3F, 0xFF, 0xBF, 0xF3, 0xFC, 0x00, 0x70, 0x3F, 0x87, 0xFC, 0x7F, 0x07, 0xC0, 0x3C, 0x01, 0xDF,
    0x1F, 0xFC, 0xFF, 0xF7, 0x87, 0xFC, 0x1F, 0xE0, 0xFF, 0x07, 0xF8, 0x3F, 0xC1, 0xEF, 0x1E, 0x7F,
    0xF1, 0xFF, 0x03, 0xE0, 0xFF, 0x8F, 0xFC, 0xFF, 0xEF, 0x1E, 0xF1, 0xEF, 0xFC, 0xFF, 0xEF, 0xFF,
    0xF0, 0xFF, 0x0F, 0xFF, 0xFF, 0xFE, 0x7F, 0x80, 0xFF, 0xFF, 0xFF, 0xFF, 0xC0, 0xF0, 0x3C, 0x0F,
    0x03, 0xC0, 0xF0, 0x3C, 0x0F, 0x03, 0xC0, 0xF0, 0x00, 0x0F, 0xFC, 0x07, 0xFE, 0x03, 0xFF, 0x01,
    0xE7, 0x80, 0xF3, 0xC0, 0x79, 0xE0, 0x3C, 0xF0, 0x3C, 0x78, 0x1E, 0x3C, 0x1F, 0x1E, 0x3F, 0xFF,
    0xFF, 0xFF, 0xFF, 0xFF, 0xFF, 0x80, 0x3F, 0xC0, 0x1F, 0xE0, 0x0F, 0xF0, 0x07, 0x80, 0x0F, 0x81,
    0xFF, 0x1F, 0xFC, 0xF1, 0xEF, 0x07, 0xFF, 0xFF, 0xFF, 0xFF, 0xFF, 0xF0, 0x03, 0xC0, 0x9F, 0xFC,
    0x7F, 0xE0, 0xFE, 0x00, 0xF8, 0x78, 0x7D, 0xF1, 0xE3, 0xE3, 0xE7, 0x9F, 0x07, 0xDE, 0xF8, 0x0F,
    0xFF, 0xC0, 0x1F, 0xFE, 0x00, 0x7F, 0xF8, 0x03, 0xFF, 0xF0, 0x0F, 0xFF, 0xC0, 0x7D, 0xEF, 0x83,
    0xE7, 0x9F, 0x1F, 0x1E, 0x3E, 0xF8, 0x78, 0x7C, 0x7F, 0x3F, 0xEF, 0xFC, 0x0F, 0x03, 0xCF, 0xE3,
    0xF8, 0xFF, 0x03, 0xC0, 0xFF, 0xFF, 0xFE, 0x7F, 0x00, 0xF1, 0xFE, 0x3F, 0xCF, 0xF9, 0xFF, 0x7F,
    0xEF, 0xFF, 0xFF, 0xEF, 0xFD, 0xFF, 0x3F, 0xE7, 0xF8, 0xFF, 0x1E, 0x21, 0x1E, 0x39, 0xFF, 0x3F,
    0xC1, 0xF0, 0x00, 0x00, 0x07, 0x8F, 0xF1, 0xFE, 0x7F, 0xCF, 0xFB, 0xFF, 0x7F, 0xFF, 0xFF, 0x7F,
    0xEF, 0xF9, 0xFF, 0x3F, 0xC7, 0xF8, 0xF0, 0xF1, 0xF7, 0xBF, 0x3F, 0xF1, 0xFF, 0x0F, 0xF0, 0x7F,
    0x03, 0xF8, 0x1F, 0xE0, 0xFF, 0x87, 0xBE, 0x3C, 0xF9, 0xE3, 0xEF, 0x0F, 0x80, 0x0F, 0xFC, 0x3F,
    0xF0, 0xFF, 0xC3, 0xCF, 0x0F, 0x3C, 0x3C, 0xF0, 0xF3, 0xC7, 0xCF, 0x1E, 0x3C, 0xF8, 0xFF, 0xC3,
    0xFE, 0x0F, 0xE0, 0x3C, 0x78, 0x0F, 0x3C, 0x07, 0x9F, 0x07, 0xCF, 0xC7, 0xE7, 0xE3, 0xF7, 0xFB,
    0xFF, 0xDD, 0xDF, 0xEF, 0xEF, 0xF3, 0xE7, 0xF9, 0xF3, 0xFC, 0x71, 0xFE, 0x00, 0xFF, 0x00, 0x78,
    0xF1, 0xFE, 0x3F, 0xC7, 0xF8, 0xFF, 0x1F, 0xFF, 0xFF, 0xFF, 0xFF, 0xF1, 0xFE, 0x3F, 0xC7, 0xF8,
    0xFF, 0x1E, 0x0F, 0x81, 0xFF, 0x1F, 0xFC, 0xF1, 0xEF, 0x07, 0xF8, 0x3F, 0xC1, 0xFE, 0x0F, 0xF0,
    0x7B, 0xC7, 0x9F, 0xFC, 0x7F, 0xC0, 0xF8, 0x00, 0xFF, 0xFF, 0xFF, 0xFF, 0xF8, 0xFF, 0x1F, 0xE3,
    0xFC, 0x7F, 0x8F, 0xF1, 0xFE, 0x3F, 0xC7, 0xF8, 0xFF, 0x1E, 0x7F, 0x0F, 0xFC, 0xFF, 0xEF, 0x1E,
    0xF0, 0xFF, 0x0F, 0xF0, 0xFF, 0x0F, 0xF0, 0xFF, 0x1F, 0xFF, 0xEF, 0xFC, 0xFF, 0x8F, 0x00, 0xF0,
    0x0F, 0x00, 0xF0, 0x0F, 0x00, 0x0F, 0xC7, 0xFD, 0xFF, 0xBC, 0x0F, 0x81, 0xE0, 0x3C, 0x07, 0x80,
    0xF0, 0x0F, 0x01, 0xFF, 0x9F, 0xF0, 0xFC, 0xFF, 0xFF, 0xFF, 0xFF, 0xF0, 0xF0, 0x0F, 0x00, 0xF0,
    0x0F, 0x00, 0xF0, 0x0F, 0x00, 0xF0, 0x0F, 0x00, 0xF0, 0x0F, 0x00, 0xF0, 0x7F, 0xC7, 0xDE, 0x3C,
    0xF1, 0xE7, 0x8F, 0x1E, 0xF0, 0xF7, 0x87, 0xBC, 0x1D, 0xC0, 0xFE, 0x07, 0xF0, 0x1F, 0x00, 0xF8,
    0x07, 0x80, 0x7C, 0x1F, 0xC0, 0xFE, 0x07, 0xC0, 0x00, 0x00, 0xE0, 0x00, 0x78, 0x00, 0x1E, 0x00,
    0x07, 0x80, 0x01, 0xE0, 0x00, 0x78, 0x00, 0x7F, 0x80, 0xFF, 0xF8, 0x7F, 0xFF, 0x9E, 0x79, 0xEF,
    0x1E, 0x3F, 0xC7, 0x8F, 0xF1, 0xE3, 0xFC, 0x78, 0xFF, 0x1E, 0x3D, 0xE7, 0x9E, 0x7F, 0xFF, 0x8F,
    0xFF, 0xC0, 0xFF, 0xC0, 0x07, 0x80, 0x01, 0xE0, 0x00, 0x78, 0x00, 0x1E, 0x00, 0x07, 0x80, 0xF8,
    0x7D, 0xF3, 0xE3, 0xFF, 0x0F, 0xFC, 0x1F, 0xE0, 0x3F, 0x00, 0x78, 0x03, 0xF0, 0x1F, 0xE0, 0xFF,
    0x83, 0xFF, 0x1F, 0x3E, 0xF8, 0x7C, 0xF1, 0xE7, 0x8F, 0x3C, 0x79, 0xE3, 0xCF, 0x1E, 0x78, 0xF3,
    0xC7, 0x9E, 0x3C, 0xF1, 0xE7, 0x8F, 0x3F, 0xFF, 0xFF, 0xFF, 0xFF, 0x80, 0x3C, 0x01, 0xE0, 0x0F,
    0x00, 0x78, 0xF1, 0xFE, 0x3F, 0xC7, 0xF8, 0xFF, 0x1F, 0xE3, 0xFF, 0xFB, 0xFF, 0x3F, 0xE0, 0x3C,
    0x07, 0x80, 0xF0, 0x1E, 0xF1, 0xE3, 0xFC, 0x78, 0xFF, 0x1E, 0x3F, 0xC7, 0x8F, 0xF1, 0xE3, 0xFC,
    0x78, 0xFF, 0x1E, 0x3F, 0xC7, 0x8F, 0xF1, 0xE3, 0xFC, 0x78, 0xFF, 0xFF, 0xFF, 0xFF, 0xFF, 0xFF,
    0xFF, 0xC0, 0xF1, 0xE3, 0xCF, 0x1E, 0x3C, 0xF1, 0xE3, 0xCF, 0x1E, 0x3C, 0xF1, 0xE3, 0xCF, 0x1E,
    0x3C, 0xF1, 0xE3, 0xCF, 0x1E, 0x3C, 0xF1, 0xE3, 0xCF, 0x1E, 0x3C, 0xFF, 0xFF, 0xFF, 0xFF, 0xFF,
    0xFF, 0xFF, 0xF0, 0x00, 0x0F, 0x00, 0x00, 0xF0, 0x00, 0x0F, 0x00, 0x00, 0xF0, 0xFE, 0x03, 0xF8,
    0x0F, 0xE0, 0x07, 0x80, 0x1F, 0xF0, 0x7F, 0xE1, 0xFF, 0xC7, 0x8F, 0x1E, 0x3C, 0x78, 0xF1, 0xFF,
    0xC7, 0xFE, 0x0F, 0xF0, 0xF0, 0x03, 0xFC, 0x00, 0xFF, 0x00, 0x3F, 0xC0, 0x0F, 0xFF, 0x83, 0xFF,
    0xF8, 0xFF, 0xFF, 0x3F, 0xC7, 0xCF, 0xF0, 0xF3, 0xFC, 0x3C, 0xFF, 0xFF, 0x3F, 0xFF, 0x8F, 0x7F,
    0x83, 0xC0, 0xF0, 0x0F, 0x00, 0xF0, 0x0F, 0x00, 0xFF, 0x8F, 0xFE, 0xFF, 0xFF, 0x1F, 0xF0, 0xFF,
    0x0F, 0xFF, 0xFF, 0xFE, 0x7F, 0x80, 0x7E, 0x1F, 0xF3, 0xFF, 0x01, 0xE0, 0x1E, 0x7F, 0xCF, 0xF9,
    0xFF, 0x01, 0xE0, 0x7B, 0xFF, 0x7F, 0xC7, 0xE0, 0xF0, 0x1F, 0x0F, 0x07, 0xFC, 0xF0, 0xFF, 0xEF,
    0x0F, 0x1E, 0xF1, 0xE0, 0xFF, 0xFE, 0x0F, 0xFF, 0xE0, 0xFF, 0xFE, 0x0F, 0xF1, 0xE0, 0xFF, 0x1F,
    0x1E, 0xF0, 0xFF, 0xEF, 0x07, 0xFC, 0xF0, 0x1F, 0x00, 0x0F, 0xF1, 0xFF, 0xDF, 0xFE, 0xF0, 0xF7,
    0x87, 0xBF, 0xFC, 0xFF, 0xE3, 0xFF, 0x3E, 0x79, 0xE3, 0xDF, 0x1E, 0xF0, 0xFF, 0x87, 0x80, 0x02,
    0x00, 0x78, 0x03, 0xC0, 0x0F, 0x00, 0x18, 0x00, 0x40, 0x00, 0x01, 0xF0, 0x3F, 0xE3, 0xFF, 0x9E,
    0x3D, 0xE0, 0xFF, 0xFF, 0xFF, 0xFF, 0xFF, 0xFE, 0x00, 0x78, 0x13, 0xFF, 0x8F, 0xFC, 0x1F, 0xC0,
    0x38, 0xE1, 0xE7, 0x8F, 0x3C, 0x71, 0xC0, 0x00, 0x00, 0x00, 0x3E, 0x07, 0xFC, 0x7F, 0xF3, 0xC7,
    0xBC, 0x1F, 0xFF, 0xFF, 0xFF, 0xFF, 0xFF, 0xC0, 0x0F, 0x02, 0x7F, 0xF1, 0xFF, 0x83, 0xF8, 0x1C,
    0x01, 0xE0, 0x3F, 0xE1, 0xFF, 0x03, 0xC0, 0x1E, 0x00, 0xFF, 0x07, 0xFE, 0x3F, 0xF1, 0xE7, 0xCF,
    0x1E, 0x78, 0xF3, 0xC7, 0x9E, 0x3C, 0xF1, 0xE7, 0x8F, 0x3C, 0x79, 0xE3, 0xCF, 0x1E, 0x00, 0xF0,
    0x07, 0x80, 0xFC, 0x07, 0xC0, 0x3C, 0x04, 0x03, 0x81, 0xF0, 0xF0, 0x38, 0x04, 0x00, 0x03, 0xFF,
    0xFF, 0xFF, 0xFF, 0x03, 0xC0, 0xF0, 0x3C, 0x0F, 0x03, 0xC0, 0xF0, 0x3C, 0x0F, 0x03, 0xC0, 0x0F,
    0xC7, 0xFD, 0xFF, 0xBC, 0x0F, 0x01, 0xFE, 0x3F, 0xC7, 0xF8, 0xF0, 0x0F, 0x01, 0xFF, 0x9F, 0xF0,
    0xFC, 0x1F, 0x9F, 0xEF, 0xFB, 0xC2, 0xF0, 0x3F, 0xE7, 0xFD, 0xFF, 0x03, 0xE0, 0xFF, 0xFF, 0xFE,
    0x7E, 0x00, 0xFF, 0xFF, 0x00, 0xFF, 0xFF, 0xFF, 0xFF, 0xFF, 0xFF, 0xF0, 0xE3, 0xBC, 0xFF, 0x3F,
    0x8E, 0x00, 0x00, 0x01, 0xE0, 0x78, 0x1E, 0x07, 0x81, 0xE0, 0x78, 0x1E, 0x07, 0x81, 0xE0, 0x78,
    0x1E, 0x07, 0x81, 0xE0, 0x0F, 0x0F, 0x0F, 0x0F, 0x00, 0x00, 0x0F, 0x0F, 0x0F, 0x0F, 0x0F, 0x0F,
    0x0F, 0x0F, 0x0F, 0x0F, 0x0F, 0x0F, 0x0F, 0x0F, 0x0F, 0xFE, 0xFE, 0xF8, 0x0F, 0xFE, 0x00, 0x1F,
    0xFC, 0x00, 0x3F, 0xF8, 0x00, 0x78, 0xF0, 0x00, 0xF1, 0xE0, 0x01, 0xE3, 0xFE, 0x03, 0xC7, 0xFF,
    0x0F, 0x8F, 0xFF, 0x1E, 0x1E, 0x1E, 0x7C, 0x3C, 0x3F, 0xF0, 0x7F, 0xFF, 0xC0, 0xFF, 0xEE, 0x00,
    0xFF, 0x00, 0xF0, 0xF0, 0x0F, 0x0F, 0x00, 0xF0, 0xF0, 0x0F, 0x0F, 0x00, 0xF0, 0xF0, 0x0F, 0xFF,
    0xF8, 0xFF, 0xFF, 0xEF, 0xFF, 0xFF, 0xF0, 0xF0, 0xFF, 0x0F, 0x0F, 0xF0, 0xFF, 0xFF, 0x0F, 0xFE,
    0xF0, 0x7F, 0x80, 0x1C, 0x01, 0xE0, 0x3F, 0xF1, 0xFF, 0x83, 0xC0, 0x1E, 0x00, 0xFF, 0x87, 0xFE,
    0x3F, 0xF1, 0xE7, 0xCF, 0x1E, 0x78, 0xF3, 0xC7, 0x9E, 0x3C, 0xF1, 0xE7, 0x8F, 0x3C, 0x79, 0xE3,
    0xCF, 0x1E, 0x01, 0x00, 0x1C, 0x01, 0xE0, 0x1E, 0x00, 0xE0, 0x02, 0x00, 0x00, 0x1E, 0x3E, 0xF7,
    0xE7, 0xFE, 0x3F, 0xE1, 0xFE, 0x0F, 0xE0, 0x7F, 0x03, 0xFC, 0x1F, 0xF0, 0xF7, 0xC7, 0x9F, 0x3C,
    0x7D, 0xE1, 0xF0, 0x10, 0x07, 0x00, 0xF0, 0x0F, 0x00, 0xE0, 0x08, 0x00, 0x07, 0x8F, 0xF1, 0xFE,
    0x7F, 0xCF, 0xFB, 0xFF, 0x7F, 0xFF, 0xFF, 0x7F, 0xEF, 0xF9, 0xFF, 0x3F, 0xC7, 0xF8, 0xF0, 0x10,
    0x83, 0xC7, 0x0F, 0xF8, 0x7F, 0x80, 0xF8, 0x00, 0x00, 0x00, 0x1E, 0x0F, 0xF8, 0xFB, 0xC7, 0x9E,
    0x3C, 0xF1, 0xE3, 0xDE, 0x1E, 0xF0, 0xF7, 0x83, 0xB8, 0x1F, 0xC0, 0xFE, 0x03, 0xE0, 0x1F, 0x00,
    0xF0, 0x0F, 0x83, 0xF8, 0x1F, 0xC0, 0xF8, 0x00, 0xF0, 0xFF, 0x0F, 0xF0, 0xFF, 0x0F, 0xF0, 0xFF,
    0x0F, 0xF0, 0xFF, 0x0F, 0xF0, 0xFF, 0x0F, 0xFF, 0xFF, 0xFF, 0xFF, 0xF0, 0xF0, 0x0F, 0x00, 0xF0,
    0x0F, 0x00, 0x0F, 0x00, 0x07, 0x80, 0x3F, 0xFE, 0x1F, 0xFF, 0x0F, 0xFF, 0x80, 0x78, 0x00, 0x3C,
    0x00, 0x1F, 0xF0, 0x0F, 0xFE, 0x07, 0xFF, 0x83, 0xC3, 0xE1, 0xE0, 0xF0, 0xF0, 0x78, 0x78, 0x3C,
    0x3C, 0x1E, 0x1E, 0x1E, 0x0F, 0xFF, 0x07, 0xFF, 0x03, 0xFE, 0x00, 0x0E, 0x00, 0x3C, 0x00, 0x78,
    0x00, 0xF0, 0x01, 0xE0, 0x03, 0xC0, 0x3F, 0xFC, 0x7F, 0xF8, 0xFF, 0xF0, 0x3C, 0x00, 0x78, 0x00,
    0xFF, 0x81, 0xFF, 0xC3, 0xFF, 0xC7, 0x87, 0x8F, 0x0F, 0x1F, 0xFE, 0x3F, 0xF8, 0x3F, 0xC0, 0x03,
    0xF0, 0x03, 0xFF, 0x03, 0xFF, 0xF1, 0xF8, 0x7E, 0x78, 0x07, 0xBE, 0x01, 0xFF, 0x00, 0x3F, 0xDF,
    0x0F, 0xFF, 0xFF, 0xFF, 0xFF, 0xFF, 0x07, 0xFF, 0xC0, 0x0F, 0x78, 0x07, 0x9F, 0x03, 0xE3, 0xFF,
    0xF0, 0x7F, 0xF8, 0x03, 0xF0, 0x00, 0x0F, 0x81, 0xFF, 0x1F, 0xFC, 0xF1, 0xEF, 0x07, 0xFF, 0x3F,
    0xFF, 0xFE, 0x7F, 0xF0, 0x7B, 0xC7, 0x9F, 0xFC, 0x7F, 0xC0, 0xF8, 0x00, 0xF0, 0x07, 0xDF, 0x01,
    0xFD, 0xE0, 0x7F, 0x3C, 0x0F, 0x27, 0xC1, 0xE0, 0x78, 0x7C, 0x0F, 0x0F, 0x01, 0xF1, 0xE0, 0x1E,
    0x3C, 0x03, 0xCF, 0x00, 0x7D, 0xE0, 0x07, 0xBC, 0x00, 0xFF, 0x80, 0x1F, 0xE0, 0x01, 0xFC, 0x00,
    0x3F, 0x80, 0x03, 0xE0, 0x00, 0xF0, 0x3F, 0xF0, 0xFD, 0xE3, 0xFB, 0xC7, 0x87, 0x8F, 0x07, 0xBC,
    0x0F, 0x78, 0x1E, 0xF0, 0x1F, 0xC0, 0x3F, 0x80, 0x7E, 0x00, 0x7C, 0x00, 0xF0, 0x00, 0x0C, 0x30,
    0x07, 0x9C, 0x01, 0xFF, 0x00, 0x3F, 0x80, 0x03, 0xC0, 0x00, 0x00, 0x00, 0x00, 0x03, 0xC0, 0x78,
    0xF0, 0x3E, 0x3C, 0x1F, 0x8F, 0x07, 0xE3, 0xC3, 0xF8, 0xF1, 0xFE, 0x3C, 0xFF, 0x8F, 0x3D, 0xE3,
    0xDE, 0x78, 0xFF, 0x1E, 0x3F, 0x87, 0x8F, 0xE1, 0xE3, 0xF0, 0x78, 0xFC, 0x1E, 0x3E, 0x07, 0xFF,
    0x01, 0xFF, 0xC0, 0x7F, 0x00, 0x03, 0xC0, 0x00, 0xE0, 0x00, 0x78, 0x00, 0x1C, 0x00, 0x02, 0x00,
    0x30, 0xC3, 0xCF, 0x0F, 0xF0, 0x7F, 0x80, 0xF0, 0x00, 0x00, 0x00, 0x1E, 0x3C, 0xF1, 0xE7, 0x9F,
    0x3C, 0xF9, 0xEF, 0xCF, 0x7E, 0x7F, 0xF3, 0xF7, 0x9F, 0xBC, 0xF9, 0xE7, 0xCF, 0xFC, 0x7F, 0xE3,
    0xF0, 0x07, 0x00, 0x78, 0x03, 0x80, 0x08, 0x3C, 0x00, 0xFF, 0x80, 0xFF, 0x80, 0xFF, 0x80, 0x3C,
    0x00, 0x3C, 0x00, 0x3F, 0xF0, 0x3F, 0xFC, 0x3F, 0xFE, 0x3C, 0x1F, 0x3C, 0x0F, 0x3C, 0x0F, 0x3C,
    0x0F, 0x3C, 0x1F, 0x3F, 0xFE, 0x3F, 0xFC, 0x3F, 0xF0, 0x3C, 0x01, 0xE0, 0x3F, 0xE1, 0xFF, 0x03,
    0xC0, 0x1F, 0xF0, 0xFF, 0xC7, 0xFF, 0x3C, 0x79, 0xE3, 0xCF, 0x1E, 0x7F, 0xF3, 0xFF, 0x0F, 0xE0,
    0xFF, 0x87, 0xFF, 0x3F, 0xFD, 0xE1, 0xFF, 0x07, 0xF9, 0xBF, 0xDD, 0xFE, 0xFF, 0xFF, 0xF7, 0xFF,
    0x3F, 0xF9, 0xE1, 0xCF, 0x0E, 0x78, 0x23, 0xC0, 0x1E, 0x00, 0xF0, 0x00, 0x7F, 0x0F, 0xFC, 0xFF,
    0xEF, 0x1E, 0xF0, 0xFF, 0x0F, 0xF0, 0xFF, 0x2F, 0xF7, 0xFF, 0x7E, 0xFF, 0xEF, 0xFC, 0xFF, 0xCF,
    0x0E, 0xF0, 0xEF, 0x04, 0xF0, 0x0F, 0x00, 0x01, 0xE0, 0x3C, 0x07, 0xFF, 0xFF, 0xFF, 0xFF, 0xFC,
    0x07, 0x80, 0xF0, 0x1E, 0x03, 0xC0, 0x78, 0x0F, 0x01, 0xE0, 0x3C, 0x07, 0x80, 0xF0, 0x1E, 0x03,
    0xC0, 0x78, 0x00, 0x07, 0x83, 0xC1, 0xFF, 0xFF, 0xFF, 0xFF, 0xC1, 0xE0, 0xF0, 0x78, 0x3C, 0x1E,
    0x0F, 0x07, 0x83, 0xC1, 0xE0, 0x3F, 0xFE, 0x7F, 0xFC, 0xFF, 0xF9, 0xE0, 0x03, 0xC0, 0x07, 0x80,
    0x0F, 0x00, 0x7F, 0xE0, 0xFF, 0xC1, 0xFF, 0x80, 0xF0, 0x01, 0xE0, 0x03, 0xC0, 0x07, 0x80, 0x0F,
    0x00, 0x1E, 0x00, 0x3C, 0x00, 0x3F, 0xF3, 0xFF, 0x3F, 0xF3, 0xC0, 0x3C, 0x03, 0xC0, 0xFF, 0x8F,
    0xF8, 0x3C, 0x03, 0xC0, 0x3C, 0x03, 0xC0, 0x3C, 0x00, 0xFF, 0xF3, 0xFF, 0xCF, 0xFF, 0x3C, 0x00,
    0xF0, 0x03, 0xC0, 0x0F, 0xFC, 0x3F, 0xF8, 0xFF, 0xF3, 0xC3, 0xEF, 0x07, 0xBC, 0x0F, 0xF0, 0x3F,
    0xC0, 0xFF, 0x03, 0xFC, 0x0F, 0xF0, 0x3C, 0x01, 0xE0, 0x0F, 0x81, 0xFC, 0x07, 0xE0, 0x1E, 0x00,
    0xFF, 0x9F, 0xF3, 0xFE, 0x78, 0x0F, 0x01, 0xFE, 0x3F, 0xE7, 0xFE, 0xF3, 0xFE, 0x3F, 0xC7, 0xF8,
    0xFF, 0x1E, 0x03, 0xC0, 0xF8, 0x7E, 0x0F, 0x81, 0xE0, 0xF8, 0x3C, 0x1F, 0x3E, 0x1E, 0x1F, 0x0F,
    0x8F, 0x1F, 0x07, 0xC7, 0x8F, 0x01, 0xF3, 0xCF, 0x80, 0x7D, 0xEF, 0x80, 0x1F, 0xFF, 0x80, 0x07,
    0xFF, 0x80, 0x03, 0xFF, 0xC0, 0x03, 0xFF, 0xE0, 0x01, 0xFF, 0xF8, 0x01, 0xF7, 0xBE, 0x01, 0xF3,
    0xCF, 0x81, 0xF1, 0xE3, 0xE0, 0xF8, 0xF0, 0xFE, 0xF8, 0x78, 0x7F, 0xF8, 0x3C, 0x1F, 0x80, 0x00,
    0x03, 0xC0, 0x00, 0x01, 0xE0, 0x00, 0x00, 0xF0, 0x00, 0x00, 0x78, 0xF8, 0x78, 0xF9, 0xF1, 0xE7,
    0xC3, 0xE7, 0x9F, 0x07, 0xDE, 0xF8, 0x0F, 0xFF, 0xC0, 0x1F, 0xFE, 0x00, 0x7F, 0xF8, 0x03, 0xFF,
    0xF0, 0x0F, 0xFF, 0xE0, 0x7D, 0xEF, 0xC3, 0xE7, 0x9F, 0xDF, 0x1E, 0x3F, 0xF8, 0x78, 0x7C, 0x00,
    0x00, 0xF0, 0x00, 0x03, 0xC0, 0x00, 0x0F, 0x00, 0x00, 0x3C, 0x1F, 0x83, 0xFF, 0x1F, 0xF8, 0x43,
    0xE0, 0x0F, 0x00, 0x78, 0x07, 0xC3, 0xFC, 0x1F, 0xE0, 0xFF, 0x80, 0x3E, 0x00, 0xF0, 0x07, 0xB0,
    0x7F, 0xFF, 0xFF, 0xFE, 0x3F, 0xC0, 0x38, 0x01, 0xE0, 0x07, 0x00, 0xF8, 0x07, 0x80, 0x7F, 0x3F,
    0xEF, 0xFC, 0x0F, 0x03, 0xCF, 0xE3, 0xF8, 0xFF, 0x03, 0xC0, 0xFF, 0xFF, 0xFE, 0x7F, 0x07, 0x01,
    0xE0, 0x38, 0x3E, 0x0F, 0x00, 0xF0, 0xFD, 0xE3, 0xF3, 0xCF, 0xC7, 0xBF, 0x0F, 0xFC, 0x1F, 0xF0,
    0x3F, 0xC0, 0x7F, 0x00, 0xFF, 0x01, 0xFE, 0x03, 0xFE, 0x07, 0xBE, 0x0F, 0x3E, 0x1E, 0x3E, 0x3C,
    0x3F, 0xF8, 0x3F, 0xF0, 0x7E, 0x00, 0x3C, 0x00, 0x78, 0x00, 0xF0, 0x01, 0xE0, 0x03, 0xC0, 0xF1,
    0xFF, 0x3E, 0xF7, 0xCF, 0x78, 0xFF, 0x0F, 0xE0, 0xFE, 0x0F, 0xF0, 0xF7, 0x8F, 0x7C, 0xF3, 0xFF,
    0x3F, 0xF1, 0xF0, 0x0F, 0x00, 0xF0, 0x0F, 0x00, 0xF0, 0xF0, 0x07, 0xFC, 0x03, 0xEF, 0x01, 0xF3,
    0xD8, 0xF8, 0xF6, 0x7C, 0x3D, 0xBE, 0x0F, 0x7F, 0x03, 0xFF, 0x80, 0xFF, 0xE0, 0x3F, 0xFC, 0x0F,
    0x6F, 0x83, 0xD9, 0xF0, 0xF6, 0x3E, 0x3D, 0x8F, 0xCF, 0x01, 0xF3, 0xC0, 0x3E, 0xF0, 0x07, 0xC0,
    0xF0, 0x1F, 0xE0, 0x7B, 0xD9, 0xE7, 0xB7, 0xCF, 0x7F, 0x1F, 0xFC, 0x3F, 0xFC, 0x7B, 0xF8, 0xF6,
    0xF9, 0xEC, 0xF3, 0xC1, 0xF7, 0x81, 0xEF, 0x01, 0xE0, 0x3C, 0x00, 0x1E, 0x07, 0xFF, 0xC7, 0xDF,
    0xE7, 0xCF, 0xF7, 0xC1, 0xE7, 0xC0, 0xF7, 0xE0, 0x7F, 0xE0, 0x3F, 0xE0, 0x1F, 0xE0, 0x0F, 0xF8,
    0x07, 0xFE, 0x03, 0xDF, 0x81, 0xE7, 0xE0, 0xF1, 0xF8, 0x78, 0x7C, 0x3C, 0x1F, 0x1E, 0x07, 0xC0,
    0x3C, 0x03, 0xFD, 0xFF, 0xFF, 0xBF, 0xFC, 0x3F, 0xE0, 0xFF, 0x03, 0xFC, 0x0F, 0xE0, 0x3F, 0xC0,
    0xFF, 0x03, 0xFE, 0x0F, 0x7C, 0x3C, 0xF8, 0xF1, 0xF0, 0xFF, 0x07, 0xFF, 0xE1, 0xFB, 0xFC, 0x7E,
    0x07, 0x9F, 0x80, 0xF7, 0xE0, 0x1F, 0xF8, 0x03, 0xFE, 0x00, 0x7F, 0x80, 0x0F, 0xF8, 0x01, 0xFF,
    0x80, 0x3D, 0xF0, 0x07, 0x9F, 0x00, 0xF1, 0xF0, 0x1E, 0x1F, 0x03, 0xC1, 0xE0, 0x78, 0x3E, 0x0F,
    0x03, 0xE0, 0xFE, 0x3F, 0xFC, 0xFB, 0xFB, 0xE0, 0xFF, 0x81, 0xFE, 0x03, 0xF8, 0x07, 0xF8, 0x0F,
    0xF8, 0x1E, 0xF0, 0x3D, 0xF0, 0x79, 0xF0, 0xF1, 0xE1, 0xE3, 0xE0, 0xF0, 0x78, 0x78, 0x3C, 0x3C,
    0x1E, 0x1E, 0x0F, 0x0F, 0x07, 0x87, 0x83, 0xC3, 0xC1, 0xE1, 0xFF, 0xF0, 0xFF, 0xF8, 0x7F, 0xFC,
    0x3C, 0x1E, 0x1E, 0x0F, 0x0F, 0x07, 0x87, 0x83, 0xC3, 0xC1, 0xFF, 0xE0, 0xFF, 0xF0, 0x7F, 0x80,
    0x03, 0xC0, 0x01, 0xE0, 0x00, 0xF0, 0x00, 0x78, 0x00, 0x3C, 0xF3, 0xC7, 0x9E, 0x3C, 0xF1, 0xE7,
    0x8F, 0x3C, 0x7F, 0xE3, 0xFF, 0x1F, 0xF8, 0xF3, 0xC7, 0x9E, 0x3C, 0xFF, 0xE7, 0xFF, 0x3F, 0x80,
    0x3C, 0x01, 0xE0, 0x0F, 0x00, 0x78, 0xF0, 0x3F, 0xFE, 0x07, 0xFF, 0xC0, 0xFF, 0xF8, 0x1E, 0x0F,
    0x03, 0xC1, 0xE0, 0x78, 0x3C, 0x0F, 0x07, 0xFF, 0xE0, 0xFF, 0xFC, 0x1F, 0xFF, 0x83, 0xC0, 0xF0,
    0x78, 0x1E, 0x0F, 0x03, 0xC1, 0xE0, 0x78, 0x3C, 0x0F, 0x07, 0x81, 0xE0, 0xF0, 0x3C, 0x00, 0xF1,
    0xFF, 0xC7, 0xFF, 0x1F, 0xFC, 0x78, 0xF1, 0xE3, 0xFF, 0x8F, 0xFE, 0x3F, 0xF8, 0xF1, 0xE3, 0xC7,
    0x8F, 0x1E, 0x3C, 0x78, 0xF1, 0xE0, 0xFF, 0xFC, 0x00, 0x7F, 0xFE, 0x00, 0x3F, 0xFF, 0x00, 0x1E,
    0x07, 0x80, 0x0F, 0x03, 0xC0, 0x07, 0x81, 0xE0, 0x03, 0xC0, 0xFF, 0xC1, 0xE0, 0x7F, 0xF8, 0xF0,
    0x3F, 0xFE, 0x78, 0x1E, 0x0F, 0xBC, 0x0F, 0x03, 0xDE, 0x07, 0x80, 0xFF, 0x03, 0xC0, 0x7F, 0x81,
    0xE0, 0x3F, 0xC0, 0xF0, 0x1F, 0xE0, 0x78, 0x0F, 0xF0, 0x3C, 0x07, 0x80, 0x00, 0x07, 0x80, 0x00,
    0x07, 0xC0, 0x00, 0x1F, 0xC0, 0x00, 0x0F, 0xC0, 0x00, 0x07, 0x80, 0xFF, 0xF0, 0x1F, 0xFE, 0x03,
    0xFF, 0xC0, 0x78, 0x78, 0x0F, 0x0F, 0x01, 0xE1, 0xFE, 0x3C, 0x3F, 0xE7, 0x87, 0xFE, 0xF0, 0xF3,
    0xFE, 0x1E, 0x3F, 0xC3, 0xC7, 0xF8, 0x78, 0xFF, 0x0F, 0x1E, 0x00, 0x03, 0xC0, 0x00, 0xF8, 0x00,
    0x7E, 0x00, 0x0F, 0x80, 0x01, 0xE0, 0x03, 0xF8, 0x03, 0xFE, 0x03, 0xFF, 0x81, 0xF8, 0x20, 0x78,
    0x00, 0x3E, 0x0F, 0x8F, 0x07, 0xFB, 0xC3, 0xFE, 0xF1, 0xF3, 0xFC, 0x78, 0xFF, 0x1E, 0x3F, 0xC7,
    0x8F, 0x79, 0xE3, 0xDF, 0x79, 0xE3, 0xFF, 0xF8, 0x7F, 0xFC, 0x07, 0xFC, 0x00, 0x1F, 0x80, 0x03,
    0xF8, 0x00, 0x7E, 0x00, 0x03, 0x80, 0x0F, 0xC0, 0xFF, 0x07, 0xFC, 0x1E, 0x00, 0xF1, 0xF3, 0xCF,
    0xEF, 0x7F, 0xFD, 0xCF, 0xF7, 0x3F, 0xFC, 0xF7, 0xFF, 0x8F, 0xFC, 0x0F, 0xC0, 0x0F, 0x80, 0x1F,
    0xC0, 0x3F, 0x00, 0x38, 0x07, 0xF0, 0x7F, 0xF3, 0xFF, 0xDF, 0x82, 0x78, 0x03, 0xE0, 0x0F, 0x00,
    0x3C, 0x00, 0xF0, 0x03, 0xC0, 0x0F, 0x00, 0x3E, 0x00, 0x78, 0x01, 0xF0, 0x23, 0xFF, 0xC7, 0xFF,
    0x03, 0xF8, 0x07, 0x00, 0x1E, 0x00, 0x38, 0x03, 0xE0, 0x0F, 0x00, 0x0F, 0xC7, 0xFD, 0xFF, 0x3C,
    0x0F, 0x01, 0xE0, 0x3C, 0x07, 0x80, 0xF0, 0x0F, 0x01, 0xFF, 0x9F, 0xF0, 0x7E, 0x1E, 0x00, 0xE0,
    0x1C, 0x1F, 0x83, 0xE0, 0xFF, 0xFF, 0xFF, 0xFF, 0xFF, 0xC1, 0xE0, 0x07, 0x80, 0x1E, 0x00, 0x78,
    0x01, 0xE0, 0x07, 0x80, 0x1E, 0x00, 0x78, 0x01, 0xE0, 0x07, 0x80, 0x1E, 0x00, 0x7F, 0x01, 0xFC,
    0x07, 0xF0, 0x03, 0xC0, 0x0F, 0x00, 0x3C, 0x00, 0xF0, 0x03, 0xC0, 0xFF, 0xFF, 0xFF, 0xFF, 0xF0,
    0xF0, 0x0F, 0x00, 0xF0, 0x0F, 0x00, 0xF0, 0x0F, 0x00, 0xF0, 0x0F, 0xE0, 0xFE, 0x0F, 0xE0, 0x1E,
    0x01, 0xE0, 0x1E, 0x01, 0xE0, 0xF8, 0x1F, 0x78, 0x1E, 0x7C, 0x3E, 0x3C, 0x3C, 0x3E, 0x7C, 0x1F,
    0xF8, 0x0F, 0xF0, 0x0F, 0xF0, 0x07, 0xE0, 0x07, 0xE0, 0x03, 0xC0, 0x03, 0xC0, 0x03, 0xC0, 0x03,
    0xC0, 0x03, 0xC0, 0x03, 0xC0, 0x03, 0xC0, 0xF0, 0x3D, 0xE1, 0xE7, 0x87, 0x9E, 0x3E, 0x3C, 0xF0,
    0xF3, 0xC1, 0xFF, 0x07, 0xF8, 0x1F, 0xE0, 0x3F, 0x00, 0xFC, 0x01, 0xE0, 0x07, 0x80, 0x1E, 0x00,
    0x78, 0x01, 0xE0, 0x07, 0x80, 0x1E, 0x00, 0xF8, 0x1F, 0x78, 0x1E, 0x7C, 0x3E, 0x3C, 0x3C, 0x1E,
    0x78, 0x1F, 0xF8, 0x0F, 0xF0, 0x0F, 0xF0, 0x07, 0xE0, 0x03, 0xC0, 0x1F, 0xF8, 0x1F, 0xF8, 0x1F,
    0xF8, 0x03, 0xC0, 0x03, 0xC0, 0x03, 0xC0, 0x03, 0xC0, 0xF0, 0x3D, 0xE1, 0xF7, 0x87, 0x9E, 0x1E,
    0x3C, 0xF0, 0xF3, 0xC3, 0xCF, 0x07, 0xF8, 0x1F, 0xE0, 0x7F, 0x80, 0xFC, 0x0F, 0xFC, 0x3F, 0xF0,
    0x1E, 0x00, 0x78, 0x01, 0xE0, 0x07, 0x80, 0x1E, 0x00, 0xF8, 0x0F, 0x9F, 0x07, 0xC3, 0xE1, 0xE0,
    0x78, 0xF0, 0x1F, 0x7C, 0x03, 0xFE, 0x00, 0x7F, 0x00, 0x1F, 0xC0, 0x03, 0xE0, 0x01, 0xFC, 0x00,
    0x7F, 0x00, 0x3F, 0xE0, 0x1F, 0x7C, 0x0F, 0x8F, 0x83, 0xC1, 0xFD, 0xF0, 0x7F, 0xF8, 0x0F, 0xC0,
    0x00, 0xF0, 0x00, 0x3C, 0x00, 0x0F, 0x00, 0x03, 0xC0, 0x00, 0xF0, 0xF8, 0x7D, 0xF3, 0xE3, 0xFF,
    0x07, 0xFC, 0x1F, 0xE0, 0x3F, 0x00, 0x78, 0x03, 0xF0, 0x1F, 0xE0, 0xFF, 0xC3, 0xEF, 0xDF, 0x3F,
    0xF8, 0x7C, 0x00, 0x70, 0x01, 0xC0, 0x07, 0x00, 0x1C, 0xFF, 0xF1, 0xE3, 0xFF, 0xC7, 0x8F, 0xFF,
    0x1E, 0x03, 0xC0, 0x78, 0x0F, 0x01, 0xE0, 0x3C, 0x07, 0x80, 0xF0, 0x1E, 0x03, 0xC0, 0x78, 0x0F,
    0x01, 0xE0, 0x3C, 0x07, 0x80, 0xF0, 0x1E, 0x03, 0xC0, 0x78, 0x0F, 0x01, 0xE0, 0x3C, 0x07, 0x80,
    0xFF, 0xFF, 0xC3, 0xFF, 0xFF, 0x0F, 0xFF, 0xFC, 0x00, 0x00, 0xF0, 0x00, 0x03, 0xC0, 0x00, 0x0F,
    0x00, 0x00, 0x3C, 0x00, 0x00, 0xF0, 0xFF, 0xCF, 0x1F, 0xF9, 0xE3, 0xFF, 0x3C, 0x0F, 0x07, 0x81,
    0xE0, 0xF0, 0x3C, 0x1E, 0x07, 0x83, 0xC0, 0xF0, 0x78, 0x1E, 0x0F, 0x03, 0xC1, 0xE0, 0x7F, 0xFF,
    0x8F, 0xFF, 0xF1, 0xFF, 0xFE, 0x00, 0x03, 0xC0, 0x00, 0x78, 0x00, 0x0F, 0x00, 0x01, 0xE0, 0xF0,
    0x1E, 0x78, 0x0F, 0x3C, 0x07, 0x9E, 0x03, 0xCF, 0x01, 0xE7, 0x80, 0xF3, 0xC0, 0x79, 0xF0, 0x3C,
    0x7F, 0xFE, 0x1F, 0xFF, 0x03, 0xFF, 0x80, 0x03, 0xC0, 0x01, 0xE0, 0x00, 0xF0, 0x00, 0x7E, 0x00,
    0x3F, 0x00, 0x1F, 0x80, 0x03, 0xC0, 0x01, 0xE0, 0x00, 0xF0, 0x00, 0x78, 0x00, 0x3C, 0xF0, 0xF1,
    0xE1, 0xE3, 0xC3, 0xC7, 0x87, 0x8F, 0x0F, 0x1E, 0x1E, 0x3F, 0xFC, 0x3F, 0xF8, 0x1F, 0xF0, 0x01,
    0xE0, 0x03, 0xF8, 0x07, 0xF0, 0x0F, 0xE0, 0x03, 0xC0, 0x07, 0x80, 0x0F, 0x00, 0x1E, 0xF0, 0x3F,
    0xC0, 0xFF, 0x03, 0xFC, 0x0F, 0xF0, 0x3F, 0xCC, 0xFF, 0x33, 0xFE, 0xCF, 0x7F, 0xFD, 0xFF, 0xF1,
    0xFF, 0xC0, 0xCF, 0x03, 0x3C, 0x0C, 0xF0, 0x03, 0xC0, 0x0F, 0x00, 0x3C, 0xF0, 0xFF, 0x0F, 0xF0,
    0xFF, 0x0F, 0xF6, 0xFF, 0x6F, 0xFF, 0xF7, 0xFF, 0x3F, 0xF0, 0x6F, 0x06, 0xF0, 0x0F, 0x00, 0xF0,
    0xF0, 0x03, 0xC0, 0x0F, 0x00, 0x3C, 0x00, 0xF0, 0x03, 0xFF, 0x8F, 0xFF, 0x3F, 0xFE, 0xF0, 0x7F,
    0xC0, 0xFF, 0x03, 0xFC, 0x0F, 0xF0, 0x3F, 0xC0, 0xFF, 0x03, 0xFC, 0x0F, 0xF0, 0x3C, 0x70, 0x1E,
    0x03, 0xC0, 0x78, 0x0F, 0x01, 0xE0, 0x3F, 0xE7, 0xFE, 0xFF, 0xDE, 0x7F, 0xC7, 0xF8, 0xFF, 0x1F,
    0xE3, 0xFC, 0x7F, 0x8F, 0xF1, 0xFE, 0x3F, 0xC7, 0x80, 0x00, 0x3F, 0x00, 0x07, 0xFE, 0x00, 0x7F,
    0xF8, 0x07, 0xC3, 0xEE, 0x3C, 0x0F, 0x73, 0xC0, 0x3F, 0xDE, 0x01, 0xFF, 0xFF, 0xFF, 0x7F, 0xFF,
    0xF8, 0x7F, 0xFF, 0xC1, 0xE0, 0x00, 0x0F, 0x00, 0x00, 0x3C, 0x00, 0x01, 0xF0, 0x30, 0x07, 0xFF,
    0xC0, 0x1F, 0xFE, 0x00, 0x3F, 0xC0, 0x00, 0xF8, 0x01, 0xFF, 0x39, 0xFF, 0xDC, 0xF1, 0xEF, 0xF0,
    0x7F, 0xFF, 0xFD, 0xFF, 0xFE, 0x3F, 0xFF, 0x0F, 0x00, 0x07, 0xC0, 0x81, 0xFF, 0xC0, 0x7F, 0xE0,
    0x0F, 0xE0, 0x00, 0x3F, 0x00, 0x07, 0xFE, 0x00, 0x7F, 0xF8, 0x07, 0xC3, 0xEE, 0x3C, 0x0F, 0x73,
    0xC0, 0x3F, 0xDE, 0x01, 0xFF, 0xFF, 0xFF, 0x7F, 0xFF, 0xF8, 0x7F, 0xFF, 0xC1, 0xE0, 0x00, 0x0F,
    0x00, 0x00, 0x3C, 0x00, 0x01, 0xF0, 0x30, 0x07, 0xFF, 0xC0, 0x1F, 0xFE, 0x00, 0x3F, 0xC0, 0x00,
    0xF0, 0x00, 0x07, 0x80, 0x00, 0x3C, 0x00, 0x01, 0xE0, 0x00, 0x00, 0xF8, 0x01, 0xFF, 0x39, 0xFF,
    0xDC, 0xF1, 0xEF, 0xF0, 0x7F, 0xFF, 0xFD, 0xFF, 0xFE, 0x3F, 0xFF, 0x0F, 0x00, 0x03, 0xC0, 0x81,
    0xFF, 0xC0, 0x7F, 0xE0, 0x0F, 0xF0, 0x01, 0xC0, 0x00, 0xE0, 0x00, 0x70, 0xFF, 0xFF, 0xFF, 0xFF,
    0xFF, 0xFF, 0xFF, 0xFF, 0xF0, 0x00, 0x42, 0x00, 0x01, 0xC7, 0x80, 0x01, 0xFF, 0x00, 0x00, 0xFF,
    0x00, 0x00, 0x7C, 0x00, 0x00, 0x00, 0x00, 0x00, 0x00, 0x00, 0xF8, 0x3C, 0x1F, 0x7C, 0x3C, 0x3E,
    0x3E, 0x3C, 0x7C, 0x3E, 0x3C, 0x78, 0x1F, 0x3C, 0xF8, 0x0F, 0xBD, 0xF0, 0x07, 0xFF, 0xE0, 0x03,
    0xFF, 0xC0, 0x03, 0xFF, 0xC0, 0x07, 0xFF, 0xE0, 0x07, 0xFF, 0xE0, 0x0F, 0xBD, 0xF0, 0x1F, 0x3C,
    0xF8, 0x3E, 0x3C, 0x7C, 0x3E, 0x3C, 0x7C, 0x7C, 0x3C, 0x3E, 0xF8, 0x3C, 0x1F, 0x00, 0x84, 0x00,
    0x0F, 0x3C, 0x00, 0x3F, 0xF0, 0x00, 0x7F, 0x80, 0x00, 0x78, 0x00, 0x00, 0x00, 0x00, 0x00, 0x00,
    0x3E, 0x1E, 0x1F, 0x7C, 0x78, 0xF8, 0xF9, 0xE7, 0xC1, 0xF7, 0xBE, 0x03, 0xFF, 0xF0, 0x07, 0xFF,
    0x80, 0x1F, 0xFE, 0x00, 0xFF, 0xFC, 0x03, 0xFF, 0xF0, 0x1F, 0x7B, 0xE0, 0xF9, 0xE7, 0xC7, 0xC7,
    0x8F, 0xBE, 0x1E, 0x1F, 0xF0, 0x3F, 0xE0, 0xFB, 0xC3, 0xE7, 0x8F, 0x8F, 0x3E, 0x1E, 0xF8, 0x3F,
    0xE0, 0x7F, 0xF0, 0xFF, 0xF1, 0xFF, 0xF3, 0xC3, 0xF7, 0x81, 0xEF, 0x01, 0xFE, 0x03, 0xFC, 0x07,
    0xF8, 0x0F, 0xF0, 0x1E, 0x00, 0x7C, 0x01, 0xF0, 0x1F, 0xC0, 0x3F, 0x00, 0x7C, 0x00, 0xF3, 0xFE,
    0x7B, 0xDE, 0x7B, 0x8F, 0xE1, 0xFE, 0x3F, 0xE7, 0xFE, 0xF3, 0xFE, 0x3F, 0xC7, 0xF8, 0xFF, 0x1E,
    0x03, 0xC0, 0xF8, 0x7E, 0x0F, 0x81, 0xE0, 0x07, 0xFF, 0x80, 0x7F, 0xF8, 0x07, 0xFF, 0x80, 0x78,
    0x78, 0x07, 0x87, 0x80, 0x78, 0x78, 0x07, 0x87, 0x80, 0x78, 0x78, 0x0F, 0x87, 0x80, 0xF0, 0x78,
    0x0F, 0x07, 0x80, 0xF0, 0x78, 0x1F, 0x07, 0x83, 0xE0, 0x78, 0xFC, 0x07, 0xFF, 0x80, 0x7F, 0xE0,
    0x07, 0xF0, 0x00, 0x1E, 0x00, 0x01, 0xE0, 0x00, 0x3E, 0x00, 0x03, 0xC0, 0x00, 0x08, 0x0F, 0xFC,
    0x0F, 0xFC, 0x0F, 0xFC, 0x0F, 0x3C, 0x0F, 0x3C, 0x0F, 0x3C, 0x0F, 0x3C, 0x1F, 0x3C, 0x1E, 0x3C,
    0x3E, 0x3C, 0xFC, 0x3F, 0xF8, 0x3F, 0xE0, 0x3F, 0x00, 0x0E, 0x00, 0x0E, 0x00, 0x1C, 0x00, 0x08,
    0xF0, 0x3F, 0xC0, 0xFF, 0x03, 0xFC, 0x0F, 0xF0, 0x3F, 0xC0, 0xFF, 0x03, 0xFF, 0xFF, 0xFF, 0xFF,
    0xFF, 0xFF, 0x03, 0xFC, 0x0F, 0xF0, 0x3F, 0xC0, 0xFF, 0x03, 0xFC, 0x0F, 0xF0, 0x3C, 0x00, 0xF0,
    0x03, 0xC0, 0x7F, 0x01, 0xF8, 0x07, 0xC0, 0xF1, 0xFE, 0x3F, 0xC7, 0xF8, 0xFF, 0x1F, 0xFF, 0xFF,
    0xFF, 0xFF, 0xF1, 0xFE, 0x3F, 0xC7, 0xF8, 0xFF, 0x1E, 0x03, 0xC0, 0x78, 0x7F, 0x0F, 0xC1, 0xF0,
    0xF0, 0x3C, 0x78, 0x1E, 0x3C, 0x0F, 0x1E, 0x07, 0x8F, 0x03, 0xC7, 0x81, 0xE3, 0xC0, 0xF1, 0xFF,
    0xF8, 0xFF, 0xFC, 0x7F, 0xFE, 0x3C, 0x0F, 0x1E, 0x07, 0x8F, 0x03, 0xC7, 0x81, 0xE3, 0xC0, 0xFF,
    0xE0, 0x7F, 0xF0, 0x3F, 0x80, 0x03, 0x80, 0x03, 0xC0, 0x01, 0xE0, 0x01, 0xE0, 0x00, 0x20, 0xF1,
    0xE7, 0x8F, 0x3C, 0x79, 0xE3, 0xCF, 0x1E, 0x7F, 0xF3, 0xFF, 0x9F, 0xFC, 0xF1, 0xE7, 0x8F, 0x3C,
    0x7F, 0xE3, 0xFF, 0x1F, 0x80, 0x38, 0x03, 0xC0, 0x1C, 0x00, 0x40, 0xF0, 0x3F, 0xC0, 0xFF, 0x03,
    0xFC, 0x0F, 0xF0, 0x3F, 0xC0, 0xFF, 0x03, 0xFE, 0x0F, 0x7F, 0xFC, 0xFF, 0xF1, 0xFF, 0xC0, 0x0F,
    0x00, 0x3C, 0x00, 0xF0, 0x1F, 0xC0, 0x7F, 0x01, 0xFC, 0x07, 0x80, 0x1E, 0x00, 0x78, 0x01, 0xE0,
    0x07, 0x80, 0xF1, 0xFE, 0x3F, 0xC7, 0xF8, 0xFF, 0x1F, 0xFF, 0xDF, 0xF9, 0xFF, 0x01, 0xE0, 0x3C,
    0x3F, 0x87, 0xF0, 0xFE, 0x1E, 0x03, 0xC0, 0x78, 0x0F, 0x00, 0x7C, 0x03, 0xC1, 0xF0, 0x1F, 0x07,
    0xC0, 0x7C, 0x1F, 0x83, 0xF0, 0x7E, 0x0F, 0xC1, 0xFC, 0x7F, 0x0F, 0xF1, 0xFE, 0x3D, 0xEF, 0x78,
    0xF3, 0xB9, 0xE3, 0xCE, 0xE7, 0x8F, 0x3F, 0x9E, 0x3C, 0x7C, 0x78, 0xF1, 0xF1, 0xE3, 0xC7, 0x87,
    0x8F, 0x0E, 0x1F, 0xFC, 0x00, 0x7F, 0xF0, 0x01, 0xFC, 0x00, 0x00, 0xE0, 0x00, 0x07, 0x80, 0x00,
    0x1E, 0x00, 0x00, 0xF0, 0x00, 0x00, 0x80, 0x78, 0x1E, 0x1E, 0x07, 0x87, 0xC3, 0xE1, 0xF8, 0xF8,
    0x7E, 0x3F, 0x3F, 0xDF, 0xCF, 0x76, 0xF3, 0xDF, 0xBC, 0xF3, 0xCF, 0x3C, 0xF3, 0xCF, 0x18, 0xFF,
    0xC0, 0x3F, 0xF0, 0x0F, 0xC0, 0x00, 0xE0, 0x00, 0x38, 0x00, 0x1C, 0x00, 0x02, 0x00, 0xFF, 0xFF,
    0xFF, 0xFF, 0xFF, 0xFF, 0xFF, 0xFF, 0xF0, 0x04, 0x20, 0x0F, 0x1C, 0x03, 0xFE, 0x01, 0xFE, 0x00,
    0x3E, 0x00, 0x00, 0x00, 0x00, 0x00, 0x07, 0xC0, 0x03, 0xE0, 0x03, 0xF8, 0x01, 0xFC, 0x00, 0xEE,
    0x00, 0xF7, 0x80, 0x7B, 0xC0, 0x78, 0xF0, 0x3C, 0x78, 0x1E, 0x3C, 0x1F, 0xFF, 0x0F, 0xFF, 0x87,
    0xFF, 0xC7, 0x80, 0xF3, 0xC0, 0x7B, 0xE0, 0x3D, 0xE0, 0x0F, 0x21, 0x1E, 0x39, 0xFF, 0x1F, 0xC1,
    0xF0, 0x00, 0x00, 0x03, 0xF8, 0x7F, 0xCF, 0xFD, 0x0F, 0x80, 0xF3, 0xFE, 0xFF, 0xFF, 0xFF, 0x8F,
    0xF1, 0xFF, 0xFD, 0xFF, 0x9F, 0xE0, 0x0E, 0x38, 0x0F, 0x3C, 0x07, 0x9E, 0x01, 0xC7, 0x00, 0x00,
    0x00, 0x00, 0x00, 0x0F, 0x80, 0x07, 0xC0, 0x07, 0xF0, 0x03, 0xF8, 0x01, 0xDC, 0x01, 0xEF, 0x00,
    0xF7, 0x80, 0xF1, 0xE0, 0x78, 0xF0, 0x3C, 0x78, 0x3F, 0xFE, 0x1F, 0xFF, 0x0F, 0xFF, 0x8F, 0x01,
    0xE7, 0x80, 0xF7, 0xC0, 0x7B, 0xC0, 0x1E, 0x30, 0xCF, 0x3D, 0xE7, 0x98, 0x60, 0x00, 0x00, 0x1F,
    0xC3, 0xFE, 0x7F, 0xE8, 0x7C, 0x07, 0x9F, 0xF7, 0xFF, 0xFF, 0xFC, 0x7F, 0x8F, 0xFF, 0xEF, 0xFC,
    0xFF, 0x00, 0x00, 0x7F, 0xFE, 0x00, 0xFF, 0xFE, 0x00, 0xFF, 0xFE, 0x01, 0xFF, 0x00, 0x01, 0xEF,
    0x00, 0x03, 0xEF, 0x00, 0x03, 0xCF, 0x00, 0x07, 0xCF, 0xFE, 0x0F, 0x8F, 0xFE, 0x0F, 0x8F, 0xFE,
    0x1F, 0xFF, 0x00, 0x1F, 0xFF, 0x00, 0x3F, 0xFF, 0x00, 0x3C, 0x0F, 0x00, 0x7C, 0x0F, 0xFF, 0x78,
    0x0F, 0xFF, 0xF8, 0x0F, 0xFF, 0x3F, 0x8F, 0x87, 0xFF, 0xFC, 0x3F, 0xFF, 0xE0, 0x1F, 0x9E, 0x00,
    0xF0, 0xF1, 0xFF, 0xFF, 0x7F, 0xFF, 0xFF, 0xFF, 0xFF, 0xF0, 0xF0, 0x0F, 0x07, 0x82, 0xFF, 0xFF,
    0xE7, 0xFF, 0xFE, 0x3F, 0x8F, 0xC0, 0x11, 0x0F, 0x1C, 0x7F, 0xC3, 0xF8, 0x1F, 0x00, 0x00, 0x00,
    0x0F, 0xFE, 0xFF, 0xEF, 0xFE, 0xF0, 0x0F, 0x00, 0xF0, 0x0F, 0x00, 0xFF, 0xEF, 0xFE, 0xFF, 0xEF,
    0x00, 0xF0, 0x0F, 0x00, 0xF0, 0x0F, 0xFF, 0xFF, 0xFF, 0xFF, 0x08, 0x41, 0xE7, 0x8F, 0xFC, 0x3F,
    0xC0, 0x78, 0x00, 0x00, 0x00, 0x01, 0xF0, 0x3F, 0xE3, 0xFF, 0x9E, 0x3D, 0xE0, 0xFF, 0xFF, 0xFF,
    0xFF, 0xFF, 0xFE, 0x00, 0x78, 0x13, 0xFF, 0x8F, 0xFC, 0x1F, 0xC0, 0x1F, 0xE0, 0x7F, 0xF8, 0x7F,
    0xFC, 0x30, 0x3E, 0x00, 0x1E, 0x00, 0x0F, 0x00, 0x0F, 0xFF, 0xFF, 0xFF, 0xFF, 0xFF, 0xFF, 0xF0,
    0x0F, 0xF0, 0x1F, 0x78, 0x1E, 0x7C, 0x3E, 0x3F, 0xFC, 0x1F, 0xF8, 0x07, 0xE0, 0x3F, 0x83, 0xFF,
    0x1F, 0xFC, 0x81, 0xE0, 0x07, 0xFF, 0xFF, 0xFF, 0xFF, 0xFF, 0xF0, 0x7F, 0xC7, 0x9F, 0xFC, 0x7F,
    0xC1, 0xF8, 0x00, 0x0C, 0x30, 0x1E, 0x78, 0x1E, 0x78, 0x0C, 0x30, 0x00, 0x00, 0x00, 0x00, 0x1F,
    0xE0, 0x7F, 0xF8, 0x7F, 0xFC, 0x30, 0x3E, 0x00, 0x1E, 0x00, 0x0F, 0x00, 0x0F, 0xFF, 0xFF, 0xFF,
    0xFF, 0xFF, 0xFF, 0xF0, 0x0F, 0xF0, 0x1F, 0x78, 0x1E, 0x7C, 0x3E, 0x3F, 0xFC, 0x1F, 0xF8, 0x07,
    0xE0, 0x38, 0xE1, 0xC7, 0x0E, 0x38, 0x71, 0xC0, 0x00, 0x00, 0x00, 0xFE, 0x0F, 0xFC, 0x7F, 0xF2,
    0x07, 0x80, 0x1F, 0xFF, 0xFF, 0xFF, 0xFF, 0xFF, 0xC1, 0xFF, 0x1E, 0x7F, 0xF1, 0xFF, 0x07, 0xE0,
    0x01, 0xC7, 0x00, 0x01, 0xE7, 0x80, 0x01, 0xE7, 0x80, 0x01, 0xC7, 0x00, 0x00, 0x00, 0x00, 0x00,
    0x00, 0x00, 0xF8, 0x3C, 0x1F, 0x7C, 0x3C, 0x3E, 0x3E, 0x3C, 0x7C, 0x3E, 0x3C, 0x78, 0x1F, 0x3C,
    0xF8, 0x0F, 0xBD, 0xF0, 0x07, 0xFF, 0xE0, 0x03, 0xFF, 0xC0, 0x03, 0xFF, 0xC0, 0x07, 0xFF, 0xE0,
    0x07, 0xFF, 0xE0, 0x0F, 0xBD, 0xF0, 0x1F, 0x3C, 0xF8, 0x3E, 0x3C, 0x7C, 0x3E, 0x3C, 0x7C, 0x7C,
    0x3C, 0x3E, 0xF8, 0x3C, 0x1F, 0x01, 0x86, 0x00, 0x0F, 0x3C, 0x00, 0x3C, 0xF0, 0x00, 0x61, 0x80,
    0x00, 0x00, 0x00, 0x00, 0x00, 0x0F, 0x87, 0x87, 0xDF, 0x1E, 0x3E, 0x3E, 0x79, 0xF0, 0x7D, 0xEF,
    0x80, 0xFF, 0xFC, 0x01, 0xFF, 0xE0, 0x07, 0xFF, 0x80, 0x3F, 0xFF, 0x00, 0xFF, 0xFC, 0x07, 0xDE,
    0xF8, 0x3E, 0x79, 0xF1, 0xF1, 0xE3, 0xEF, 0x87, 0x87, 0xC0, 0x38, 0xE3, 0xCF, 0x1E, 0x78, 0x71,
    0xC0, 0x00, 0x00, 0x00, 0x7E, 0x0F, 0xFC, 0x7F, 0xE1, 0x0F, 0x80, 0x3C, 0x01, 0xE0, 0x1F, 0x0F,
    0xF0, 0x7F, 0x83, 0xFE, 0x00, 0xF8, 0x03, 0xC0, 0x1E, 0xC1, 0xFF, 0xFF, 0x7F, 0xF8, 0xFF, 0x00,
    0x61, 0xBC, 0xFF, 0x3D, 0x86, 0x00, 0x00, 0x07, 0xF3, 0xFE, 0xFF, 0xC0, 0xF0, 0x3C, 0xFE, 0x3F,
    0x8F, 0xF0, 0x3C, 0x0F, 0xFF, 0xFF, 0xE7, 0xF0, 0x7F, 0xFB, 0xFF, 0xDF, 0xFE, 0x01, 0xE0, 0x1E,
    0x03, 0xE0, 0x3E, 0x01, 0xFC, 0x0F, 0xF0, 0x07, 0xC0, 0x1E, 0x00, 0xF0, 0x07, 0xB0, 0x7F, 0xFF,
    0xDF, 0xFC, 0x3F, 0x80, 0x7F, 0xE7, 0xFE, 0x7F, 0xE0, 0x3C, 0x03, 0xC0, 0x78, 0x0F, 0x00, 0xF0,
    0x1F, 0x81, 0xFC, 0x01, 0xE0, 0x0F, 0x00, 0xF0, 0x0F, 0x41, 0xF7, 0xFE, 0xFF, 0xE3, 0xF8, 0x0F,
    0xF0, 0x1F, 0xE0, 0x3F, 0xC0, 0x00, 0x00, 0x00, 0x00, 0x00, 0x3C, 0x07, 0xF8, 0x1F, 0xF0, 0x7F,
    0xE0, 0xFF, 0xC3, 0xFF, 0x8F, 0xFF, 0x3F, 0xFE, 0x7B, 0xFD, 0xE7, 0xFF, 0x8F, 0xFE, 0x1F, 0xFC,
    0x3F, 0xF0, 0x7F, 0xE0, 0xFF, 0x81, 0xFE, 0x03, 0xFC, 0x07, 0x80, 0x7F, 0x8F, 0xF1, 0xFE, 0x00,
    0x00, 0x00, 0x00, 0x3C, 0x7F, 0x8F, 0xF3, 0xFE, 0x7F, 0xDF, 0xFB, 0xFF, 0xFF, 0xFB, 0xFF, 0x7F,
    0xCF, 0xF9, 0xFE, 0x3F, 0xC7, 0x80, 0x0C, 0x30, 0x3C, 0xF0, 0x79, 0xE0, 0x61, 0x80, 0x00, 0x00,
    0x00, 0x3C, 0x07, 0xF8, 0x1F, 0xF0, 0x7F, 0xE0, 0xFF, 0xC3, 0xFF, 0x8F, 0xFF, 0x3F, 0xFE, 0x7B,
    0xFD, 0xE7, 0xFF, 0x8F, 0xFE, 0x1F, 0xFC, 0x3F, 0xF0, 0x7F, 0xE0, 0xFF, 0x81, 0xFE, 0x03, 0xFC,
    0x07, 0x80, 0x71, 0xDE, 0x7B, 0xCF, 0x38, 0xE0, 0x00, 0x00, 0x3C, 0x7F, 0x8F, 0xF3, 0xFE, 0x7F,
    0xDF, 0xFB, 0xFF, 0xFF, 0xFB, 0xFF, 0x7F, 0xCF, 0xF9, 0xFE, 0x3F, 0xC7, 0x80, 0x07, 0x1C, 0x03,
    0xCF, 0x00, 0xF3, 0xC0, 0x1C, 0x70, 0x00, 0x00, 0x00, 0x00, 0x00, 0x3F, 0x00, 0x3F, 0xF0, 0x3F,
    0xFF, 0x1F, 0x87, 0xE7, 0x80, 0x7B, 0xE0, 0x1F, 0xF0, 0x03, 0xFC, 0x00, 0xFF, 0x00, 0x3F, 0xC0,
    0x0F, 0xF0, 0x03, 0xFE, 0x01, 0xF7, 0x80, 0x79, 0xF8, 0x7E, 0x3F, 0xFF, 0x07, 0xFF, 0x80, 0x3F,
    0x00, 0x18, 0x61, 0xE7, 0x8F, 0x3C, 0x30, 0xC0, 0x00, 0x00, 0x00, 0x3E, 0x07, 0xFC, 0x7F, 0xF3,
    0xC7, 0xBC, 0x1F, 0xE0, 0xFF, 0x07, 0xF8, 0x3F, 0xC1, 0xEF, 0x1E, 0x7F, 0xF1, 0xFF, 0x03, 0xE0,
    0x03, 0xF0, 0x03, 0xFF, 0x03, 0xFF, 0xF1, 0xF8, 0x7E, 0x78, 0x07, 0xBE, 0x00, 0xFF, 0x00, 0x3F,
    0xFF, 0xFF, 0xFF, 0xFF, 0xFF, 0xFF, 0xFF, 0x00, 0x3F, 0xC0, 0x1F, 0x78, 0x07, 0x9F, 0x87, 0xE3,
    0xFF, 0xF0, 0x7F, 0xF8, 0x03, 0xF0, 0x00, 0x0F, 0x81, 0xFF, 0x1F, 0xFC, 0xF1, 0xEF, 0x07, 0xFF,
    0xFF, 0xFF, 0xFE, 0x0F, 0xF0, 0x7B, 0xC7, 0x9F, 0xFC, 0x7F, 0xC0, 0xF8, 0x00, 0x07, 0x1C, 0x03,
    0xCF, 0x00, 0xF3, 0xC0, 0x1C, 0x70, 0x00, 0x00, 0x00, 0x00, 0x00, 0x3F, 0x00, 0x3F, 0xF0, 0x3F,
    0xFF, 0x1F, 0x87, 0xE7, 0x80, 0x7B, 0xE0, 0x0F, 0xF0, 0x03, 0xFF, 0xFF, 0xFF, 0xFF, 0xFF, 0xFF,
    0xFF, 0xF0, 0x03, 0xFC, 0x01, 0xF7, 0x80, 0x79, 0xF8, 0x7E, 0x3F, 0xFF, 0x07, 0xFF, 0x80, 0x3F,
    0x00, 0x38, 0xE1, 0xE7, 0x8F, 0x3C, 0x71, 0xC0, 0x00, 0x00, 0x00, 0x3E, 0x07, 0xFC, 0x7F, 0xF3,
    0xC7, 0xBC, 0x1F, 0xFF, 0xFF, 0xFF, 0xF8, 0x3F, 0xC1, 0xEF, 0x1E, 0x7F, 0xF1, 0xFF, 0x03, 0xE0,
    0x18, 0x60, 0x79, 0xE0, 0xF3, 0xC0, 0xC3, 0x00, 0x00, 0x00, 0x00, 0x07, 0xF0, 0x7F, 0xF8, 0x7F,
    0xF8, 0xC0, 0xF8, 0x00, 0xF0, 0x01, 0xF0, 0x01, 0xE1, 0xFF, 0xC3, 0xFF, 0x87, 0xFF, 0x00, 0x1E,
    0x00, 0x3C, 0x00, 0xF3, 0x03, 0xEF, 0xFF, 0x9F, 0xFE, 0x07, 0xF0, 0x00, 0x71, 0xCE, 0x39, 0xC7,
    0x38, 0xE0, 0x00, 0x00, 0x1F, 0x87, 0xFC, 0xFF, 0xC0, 0x78, 0x07, 0x9F, 0xF3, 0xFE, 0x7F, 0xC0,
    0x78, 0x1E, 0xFF, 0xDF, 0xF1, 0xF8, 0x00, 0x0F, 0xF0, 0x0F, 0xF0, 0x0F, 0xF0, 0x00, 0x00, 0x00,
    0x00, 0x00, 0x00, 0xF8, 0x1F, 0x78, 0x1F, 0x78, 0x1E, 0x7C, 0x3E, 0x3C, 0x3C, 0x3E, 0x3C, 0x1E,
    0x7C, 0x1F, 0x78, 0x0F, 0x78, 0x0F, 0xF8, 0x07, 0xF0, 0x07, 0xF0, 0x03, 0xE0, 0x07, 0xE0, 0x7F,
    0xC0, 0x7F, 0x80, 0x7E, 0x00, 0x3F, 0xC1, 0xFE, 0x0F, 0xF0, 0x00, 0x00, 0x00, 0x00, 0x03, 0xC1,
    0xFF, 0x1F, 0x78, 0xF3, 0xC7, 0x9E, 0x3C, 0x7B, 0xC3, 0xDE, 0x1E, 0xF0, 0x77, 0x03, 0xF8, 0x1F,
    0xC0, 0x7C, 0x03, 0xE0, 0x1E, 0x01, 0xF0, 0x7F, 0x03, 0xF8, 0x1F, 0x00, 0x1C, 0x70, 0x1E, 0x78,
    0x1E, 0x78, 0x1C, 0x70, 0x00, 0x00, 0x00, 0x00, 0xF8, 0x1F, 0x78, 0x1F, 0x78, 0x1E, 0x7C, 0x3E,
    0x3C, 0x3C, 0x3E, 0x3C, 0x1E, 0x7C, 0x1F, 0x78, 0x0F, 0x78, 0x0F, 0xF8, 0x07, 0xF0, 0x07, 0xF0,
    0x03, 0xE0, 0x07, 0xE0, 0x7F, 0xC0, 0x7F, 0x80, 0x7E, 0x00, 0x30, 0xC3, 0xCF, 0x1E, 0x78, 0x61,
    0x80, 0x00, 0x00, 0x03, 0xC1, 0xFF, 0x1F, 0x78, 0xF3, 0xC7, 0x9E, 0x3C, 0x7B, 0xC3, 0xDE, 0x1E,
    0xF0, 0x77, 0x03, 0xF8, 0x1F, 0xC0, 0x7C, 0x03, 0xE0, 0x1E, 0x01, 0xF0, 0x7F, 0x03, 0xF8, 0x1F,
    0x00, 0x02, 0x10, 0x03, 0x9C, 0x07, 0xBC, 0x07, 0x38, 0x0E, 0x70, 0x04, 0x20, 0x00, 0x00, 0xF8,
    0x1F, 0x78, 0x1F, 0x78, 0x1E, 0x7C, 0x3E, 0x3C, 0x3C, 0x3E, 0x3C, 0x1E, 0x7C, 0x1F, 0x78, 0x0F,
    0x78, 0x0F, 0xF8, 0x07, 0xF0, 0x07, 0xF0, 0x03, 0xE0, 0x07, 0xE0, 0x7F, 0xC0, 0x7F, 0x80, 0x7E,
    0x00, 0x04, 0x20, 0x73, 0x83, 0x9C, 0x39, 0xC1, 0x8C, 0x08, 0x40, 0x00, 0x1E, 0x0F, 0xF8, 0xFB,
    0xC7, 0x9E, 0x3C, 0xF1, 0xE3, 0xDE, 0x1E, 0xF0, 0xF7, 0x83, 0xB8, 0x1F, 0xC0, 0xFE, 0x03, 0xE0,
    0x1F, 0x00, 0xF0, 0x0F, 0x83, 0xF8, 0x1F, 0xC0, 0xF8, 0x00, 0x1C, 0x70, 0xF3, 0xC3, 0xCF, 0x07,
    0x1C, 0x00, 0x00, 0x00, 0x0F, 0x03, 0xFC, 0x0F, 0xF0, 0x3F, 0xC0, 0xFF, 0x03, 0xFC, 0x0F, 0xF0,
    0x3F, 0xE0, 0xF7, 0xFF, 0xCF, 0xFF, 0x1F, 0xFC, 0x00, 0xF0, 0x03, 0xC0, 0x0F, 0x00, 0x3C, 0x00,
    0xF0, 0x03, 0xC0, 0x61, 0x9E, 0x7B, 0xCF, 0x30, 0xC0, 0x00, 0x00, 0x3C, 0x7F, 0x8F, 0xF1, 0xFE,
    0x3F, 0xC7, 0xF8, 0xFF, 0xFE, 0xFF, 0xCF, 0xF8, 0x0F, 0x01, 0xE0, 0x3C, 0x07, 0x80, 0xFF, 0xFF,
    0xFF, 0xFF, 0xFF, 0x00, 0xF0, 0x0F, 0x00, 0xF0, 0x0F, 0x00, 0xF0, 0x0F, 0x00, 0xF0, 0x0F, 0x00,
    0xF0, 0x0F, 0x00, 0xFE, 0x0F, 0xE0, 0xFE, 0x01, 0xE0, 0x1E, 0x01, 0xE0, 0x1E, 0x01, 0xE0, 0xFF,
    0xFF, 0xFF, 0xFF, 0xC0, 0xF0, 0x3C, 0x0F, 0x03, 0xC0, 0xF0, 0x3C, 0x0F, 0xE3, 0xF8, 0xFE, 0x07,
    0x81, 0xE0, 0x78, 0x1E, 0x00, 0x03, 0x0C, 0x00, 0xF3, 0xC0, 0x1E, 0x78, 0x01, 0x86, 0x00, 0x00,
    0x00, 0x00, 0x00, 0x3C, 0x00, 0x7F, 0x80, 0x0F, 0xF0, 0x01, 0xFE, 0x00, 0x3F, 0xC0, 0x07, 0xF8,
    0x00, 0xFF, 0xF8, 0x1F, 0xFF, 0xC3, 0xFF, 0xFC, 0x7F, 0x87, 0xCF, 0xF0, 0x79, 0xFE, 0x0F, 0x3F,
    0xC1, 0xE7, 0xF8, 0x7C, 0xFF, 0xFF, 0x1F, 0xFF, 0xC3, 0xDF, 0xE0, 0x78, 0x0E, 0x38, 0x03, 0xCF,
    0x00, 0xF3, 0xC0, 0x38, 0xE0, 0x00, 0x00, 0x00, 0x00, 0x0F, 0x00, 0x3F, 0xC0, 0x0F, 0xF0, 0x03,
    0xFC, 0x00, 0xFF, 0xF8, 0x3F, 0xFF, 0x8F, 0xFF, 0xF3, 0xFC, 0x7C, 0xFF, 0x0F, 0x3F, 0xC3, 0xCF,
    0xFF, 0xF3, 0xFF, 0xF8, 0xF7, 0xF8, 0x3C, 0xF8, 0x1E, 0xF8, 0x3C, 0xF8, 0x78, 0xF0, 0xF0, 0xF1,
    0xE1, 0xF7, 0x8F, 0xFF, 0x3F, 0xFC, 0x79, 0xE0, 0xE3, 0xC3, 0xC3, 0xC7, 0x83, 0xCF, 0x07, 0xDE,
    0x07, 0xBC, 0x07, 0x80, 0x7F, 0x83, 0xFE, 0x1F, 0xF8, 0x03, 0xC0, 0x1E, 0x00, 0x70, 0x03, 0x80,
    0x1C, 0x00, 0xE0, 0x07, 0x00, 0x38, 0x01, 0xCF, 0xFF, 0xFF, 0xFF, 0xFF, 0xE0, 0x7C, 0x3F, 0x1F,
    0xC1, 0xE0, 0xF0, 0x78, 0x3C, 0x1E, 0x0F, 0x07, 0x87, 0xC7, 0xEF, 0x77, 0x3B, 0x1E, 0xFF, 0xFF,
    0xFF, 0xFF, 0xFC, 0x03, 0x80, 0x1C, 0x01, 0xE0, 0x0F, 0x00, 0x78, 0x03, 0xC0, 0x1E, 0x00, 0xF0,
    0x07, 0x80, 0x3C, 0x01, 0xE0, 0x0F, 0x00, 0x7F, 0xE3, 0xFF, 0xEF, 0xFF, 0x80, 0x1F, 0x00, 0x3C,
    0x00, 0xF0, 0x03, 0xDC, 0x0F, 0x70, 0x3D, 0xC0, 0xF7, 0x03, 0xDC, 0x0F, 0x70, 0x3D, 0xC0, 0xF7,
    0x03, 0xC0, 0xFF, 0xFF, 0xCF, 0x3C, 0xF3, 0xCF, 0x3C, 0xF3, 0xCF, 0x3C, 0xF3, 0xC0, 0xFF, 0xFF,
    0xFE, 0x1C, 0x38, 0x78, 0x78, 0x78, 0x78, 0x78, 0x78, 0x78, 0x78, 0x78, 0x3C, 0xFF, 0xF1, 0xFF,
    0xF3, 0xFF, 0xF1, 0xC1, 0xE7, 0x81, 0xEF, 0x03, 0xDE, 0x07, 0xBC, 0x0F, 0x78, 0x1E, 0xF0, 0x3D,
    0xE0, 0x7B, 0xC0, 0xF7, 0x81, 0xEF, 0x03, 0xDE, 0x07, 0x80, 0xF1, 0xF3, 0xC7, 0xEF, 0x1F, 0xFC,
    0x0F, 0xF0, 0x3F, 0xC0, 0x7F, 0x01, 0xFC, 0x07, 0xF0, 0x1F, 0xC0, 0xF7, 0x83, 0xDF, 0x1F, 0x3F,
    0xF8, 0x7F, 0xC0, 0xFC, 0x00, 0xFF, 0xFF, 0xCF, 0x3C, 0xF3, 0xCF, 0x3C, 0xFF, 0x8F, 0xFC, 0xFF,
    0xE0, 0x1F, 0x00, 0xF0, 0x0F, 0x00, 0xF0, 0x0F, 0x00, 0xF0, 0x0F, 0x00, 0xF0, 0x0F, 0x00, 0xF0,
    0x0F, 0x00, 0xF0, 0x0F, 0x00, 0xF0, 0x0F, 0x00, 0xF0, 0x0F, 0xFE, 0x1F, 0xF3, 0xFF, 0x01, 0xF0,
    0x1E, 0x03, 0xC0, 0x78, 0x0F, 0x01, 0xE0, 0x3C, 0x07, 0x81, 0xFF, 0xFD, 0xFF, 0x3F, 0x80, 0xE0,
    0x0E, 0x00, 0xE0, 0x0E, 0x00, 0xFF, 0xFF, 0xFF, 0xFF, 0xF0, 0x0E, 0x01, 0xE0, 0x1E, 0x03, 0xC0,
    0x3C, 0x03, 0xC0, 0x78, 0x07, 0x80, 0x78, 0x0F, 0x00, 0xF0, 0x1F, 0x00, 0xFF, 0xF1, 0xFF, 0xFB,
    0xFF, 0xF1, 0xC1, 0xF3, 0x81, 0xEF, 0x03, 0xDE, 0x07, 0xBC, 0x0F, 0x78, 0x1E, 0xF0, 0x3D, 0xE0,
    0x7B, 0xC0, 0xF7, 0xFF, 0xEF, 0xFF, 0xDF, 0xFF, 0x80, 0xF1, 0xF0, 0xF3, 0xFC, 0x77, 0xFE, 0x7F,
    0x3E, 0x7C, 0x1F, 0x3C, 0x0F, 0x3C, 0x0F, 0x3C, 0x0F, 0x38, 0x0F, 0x78, 0x0F, 0x78, 0x1E, 0x78,
    0x3E, 0x79, 0xFC, 0x71, 0xF8, 0xF1, 0xF0, 0xFF, 0xFF, 0xCF, 0x3C, 0xF3, 0xCF, 0x3C, 0xF3, 0xCF,
    0x3C, 0xF3, 0xCF, 0x3C, 0xF3, 0xCF, 0x7C, 0x7E, 0x7E, 0x1E, 0x0F, 0x0F, 0x0F, 0x0F, 0x0F, 0x0F,
    0x0F, 0x0F, 0xFF, 0xFF, 0xFF, 0xFF, 0xE1, 0xFF, 0xF3, 0xFF, 0xF1, 0xC1, 0xE7, 0x81, 0xEE, 0x03,
    0xDC, 0x07, 0xB8, 0x0F, 0x70, 0x1E, 0xF0, 0x3D, 0xE0, 0xF3, 0xE3, 0xE3, 0xFF, 0x83, 0xFF, 0x03,
    0xF8, 0x00, 0xF0, 0x3D, 0xE0, 0xF7, 0x83, 0xDE, 0x0F, 0x78, 0x3C, 0xE0, 0xE3, 0xC3, 0x8F, 0x1E,
    0x3C, 0x78, 0xF1, 0xE1, 0xCF, 0x07, 0xFC, 0x3F, 0xE3, 0xFE, 0x0F, 0xE0, 0x30, 0x00, 0x1F, 0xC0,
    0xFF, 0x87, 0xFF, 0x3E, 0x3E, 0xF0, 0x7B, 0xC0, 0xFF, 0x03, 0xFF, 0x0F, 0x7C, 0x3C, 0xF0, 0xF0,
    0x03, 0xC0, 0x0F, 0x00, 0x3C, 0x00, 0xF0, 0x03, 0xC0, 0x0F, 0x00, 0x3C, 0x00, 0xF0, 0x03, 0xC0,
    0x0F, 0x1F, 0xC0, 0xFF, 0x87, 0xFF, 0x3E, 0x3E, 0xF0, 0x7B, 0xC0, 0xFF, 0x03, 0xFF, 0x0F, 0x7C,
    0x3C, 0xF0, 0xF0, 0x07, 0x80, 0x3E, 0xFF, 0xF3, 0xFF, 0x8F, 0xF8, 0x00, 0xF8, 0x3D, 0xE0, 0xF3,
    0xC3, 0xCF, 0x0E, 0x3C, 0x38, 0x79, 0xE1, 0xE7, 0x87, 0xBC, 0x0F, 0xE0, 0x3F, 0x00, 0x70, 0x01,
    0xE0, 0x07, 0x80, 0x1E, 0x00, 0x3C, 0x00, 0xF0, 0x03, 0xC0, 0x07, 0x00, 0x1E, 0x00, 0x78, 0xF0,
    0x7B, 0xC3, 0xDF, 0x1E, 0x78, 0xF1, 0xEF, 0x0F, 0x78, 0x3F, 0x81, 0xFC, 0x07, 0x80, 0x1E, 0x00,
    0xF8, 0x03, 0xCF, 0xFF, 0x7F, 0xFB, 0xFF, 0xC0, 0xFF, 0xFF, 0xFF, 0xFF, 0xFF, 0xF0, 0x01, 0xE0,
    0x03, 0xC0, 0x07, 0x80, 0x1E, 0x3C, 0x3C, 0x78, 0x78, 0xF0, 0xE1, 0xE3, 0xC3, 0xC7, 0x87, 0x8E,
    0x0F, 0x3C, 0x1E, 0x78, 0x3C, 0x00, 0x78, 0x00, 0xF0, 0x01, 0xE0, 0x03, 0xC0, 0x00, 0xFF, 0x1F,
    0xFB, 0xFF, 0x01, 0xF0, 0x1E, 0x03, 0xC0, 0x78, 0x0F, 0x01, 0xE0, 0x3C, 0x07, 0x80, 0xF0, 0x1E,
    0x03, 0xC0, 0x78, 0xF1, 0xE7, 0xF8, 0xF3, 0xFC, 0x79, 0xFE, 0x3C, 0xFF, 0x1C, 0x7F, 0x9E, 0x3F,
    0xFF, 0x1E, 0xFF, 0x0F, 0x7E, 0x07, 0xBC, 0x03, 0xDE, 0x03, 0xC7, 0xC3, 0xE3, 0xFF, 0xE0, 0x7F,
    0xE0, 0x1F, 0xC0, 0x7F, 0xF9, 0xFF, 0xFB, 0xFF, 0xF8, 0xE0, 0xF1, 0xC0, 0xE3, 0x81, 0xC7, 0x03,
    0x8E, 0x07, 0x1C, 0x0E, 0x38, 0x1C, 0x70, 0x39, 0xE0, 0x7F, 0xC0, 0xFF, 0x01, 0xFC, 0x03, 0x80,
    0x3B, 0x9D, 0xE7, 0xB8, 0x3B, 0xDE, 0xFF, 0x7B, 0xC0, 0x00, 0x00, 0x00, 0x7B, 0xFF, 0xF0, 0x1F,
    0xC3, 0xFF, 0xDF, 0xFD, 0xFF, 0xEF, 0x82, 0x3C, 0x01, 0xF0, 0x07, 0xC0, 0x1F, 0x00, 0x7C, 0x01,
    0xE0, 0x0F, 0x00, 0x00, 0x00, 0x00, 0x1E, 0x01, 0xF8, 0x0F, 0x80, 0x3C, 0x00, 0x0F, 0x83, 0xF0,
    0xFC, 0x1E, 0x87, 0x80, 0xF0, 0x0E, 0x31, 0xFE, 0x1F, 0xFF, 0xF9, 0xFC, 0x3C, 0x00, 0xFF, 0xFF,
    0xFF, 0xE0, 0x31, 0xEF, 0xCE, 0x10, 0x33, 0xC7, 0x1E, 0x79, 0xE7, 0x8E, 0x38, 0xF3, 0xCF, 0x3C,
    0xF3, 0xCF, 0x3C, 0x70, 0x6F, 0x07, 0x70, 0xF7, 0xFE, 0x7F, 0xE7, 0xFC, 0x78, 0x03, 0x80, 0x38,
    0x03, 0x80, 0x38, 0x03, 0xC0, 0x3C, 0x03, 0xC0, 0x3C, 0x03, 0xC0, 0x3C, 0x00, 0x30, 0x3B, 0xC6,
    0x77, 0xB9, 0xDE, 0xFF, 0x7F, 0xFD, 0xFF, 0xE7, 0xE7, 0x0E, 0x00, 0x38, 0x00, 0xF0, 0x03, 0xC0,
    0x0F, 0x00, 0x3C, 0x00, 0xF0, 0x03, 0xC0, 0x07, 0x00, 0x1C, 0x00, 0x0C, 0x07, 0xC1, 0xF8, 0x3E,
    0x0F, 0x01, 0xC0, 0x3C, 0x07, 0xE0, 0x7E, 0x0F, 0xC1, 0xE0, 0x78, 0x0E, 0x01, 0xE1, 0xBF, 0xF3,
    0xFE, 0x3F, 0xE0, 0x1F, 0x07, 0xF1, 0xFF, 0x79, 0xEE, 0x1D, 0xC3, 0xF8, 0x7F, 0x0F, 0xE1, 0xFF,
    0xFB, 0xFF, 0x3F, 0xC3, 0xF0, 0x7D, 0xCF, 0xFC, 0xFF, 0xC7, 0xFE, 0x01, 0xE0, 0x1E, 0x01, 0xE0,
    0x1E, 0x00, 0xE0, 0x0E, 0x00, 0xE0, 0x0E, 0x00, 0xF0, 0x0F, 0x00, 0xF0, 0x07, 0x00, 0x70, 0x70,
    0x3B, 0xC0, 0xF7, 0x83, 0xDE, 0x1E, 0x38, 0x78, 0xF1, 0xC3, 0xCF, 0x07, 0x3C, 0x1C, 0xE0, 0x7B,
    0x81, 0xFE, 0x03, 0xF0, 0x0F, 0xC0, 0x3F, 0x00, 0x78, 0x01, 0xE0, 0x07, 0x80, 0x03, 0x80, 0x1E,
    0x00, 0x7C, 0x01, 0xF0, 0x0F, 0xC0, 0x3F, 0x00, 0xFE, 0x07, 0xB8, 0x1E, 0xE0, 0x73, 0xC3, 0xCF,
    0x0F, 0x1C, 0x38, 0x79, 0xE1, 0xE7, 0x83, 0xBC, 0x0F, 0x70, 0x3C, 0x40, 0x80, 0x1F, 0x03, 0xF8,
    0x7F, 0xC7, 0xBC, 0xF1, 0xEF, 0x1E, 0xF9, 0xE7, 0xFE, 0x7F, 0xE3, 0xFE, 0x00, 0xE0, 0x0E, 0x00,
    0xE0, 0x0E, 0x00, 0xF0, 0x0F, 0x00, 0x70, 0x00, 0x06, 0x00, 0x1E, 0x00, 0x0F, 0x60, 0x0F, 0xF0,
    0x0F, 0xF0, 0x07, 0xE0, 0x07, 0xE0, 0x07, 0xE0, 0x0F, 0xF0, 0x0F, 0xF8, 0x1E, 0xFF, 0xFE, 0x7F,
    0xFC, 0x3F, 0xF8, 0x07, 0xC0, 0xFF, 0xF8, 0x31, 0xEF, 0xCE, 0x10, 0x33, 0xC7, 0x1E, 0x79, 0xE7,
    0x8E, 0x38, 0xF3, 0xCF, 0x3C, 0xF3, 0xCF, 0x3C, 0x70, 0x6F, 0x07, 0x70, 0xF7, 0xFE, 0x7F, 0xE7,
    0xFC, 0x78, 0x03, 0x80, 0x38, 0x03, 0x80, 0x38, 0x03, 0xC0, 0x3C, 0x03, 0xC0, 0x3C, 0x03, 0xC0,
    0x3C, 0x00, 0x30, 0x3B, 0xC6, 0x77, 0xB9, 0xDE, 0xFF, 0x7F, 0xFD, 0xFF, 0xE7, 0xE7, 0x0E, 0x00,
    0x38, 0x00, 0xF0, 0x03, 0xC0, 0x0F, 0x00, 0x3C, 0x00, 0xF0, 0x03, 0xC0, 0x07, 0x00, 0x1C, 0x00,
    0x71, 0xEF, 0x3E, 0xF7, 0xE7, 0x78, 0x73, 0x97, 0xFF, 0x7F, 0xF7, 0xFF, 0x78, 0x03, 0x80, 0x38,
    0x03, 0x80, 0x38, 0x03, 0x80, 0x3C, 0x03, 0xC0, 0x3C, 0x00, 0x04, 0x00, 0x70, 0x07, 0xC0, 0x1F,
    0x01, 0xFC, 0x0F, 0xE0, 0xF7, 0x8F, 0x3C, 0x70, 0xF7, 0x87, 0xB8, 0x1D, 0xC0, 0xFE, 0x67, 0xFF,
    0xFB, 0xFF, 0xDF, 0xFE, 0x79, 0xE0, 0x1F, 0x07, 0xE1, 0xFC, 0x3C, 0x8F, 0x01, 0xE0, 0x1E, 0x23,
    0xEE, 0x3F, 0xE3, 0xF8, 0x7E, 0x1F, 0x03, 0xC0, 0xF8, 0x3E, 0x07, 0x80, 0x70, 0x04, 0x00, 0x70,
    0x3B, 0xC0, 0xF7, 0x83, 0xDE, 0x1E, 0x38, 0x78, 0xF1, 0xC3, 0xCF, 0x07, 0x3C, 0x1C, 0xE0, 0x7B,
    0x81, 0xFE, 0x03, 0xF0, 0x0F, 0xC0, 0x3F, 0x00, 0x78, 0x01, 0xE0, 0x07, 0x80, 0x03, 0x80, 0x1E,
    0x00, 0x7C, 0x01, 0xF0, 0x0F, 0xC0, 0x3F, 0x00, 0xFE, 0x07, 0xB8, 0x1E, 0xE0, 0x73, 0xC3, 0xCF,
    0x0F, 0x1C, 0x38, 0x79, 0xE1, 0xE7, 0x83, 0xBC, 0x0F, 0x70, 0x3C, 0x40, 0x80, 0x1F, 0x03, 0xF8,
    0x7F, 0xC7, 0xBC, 0xF1, 0xEF, 0x1E, 0xF9, 0xE7, 0xFE, 0x7F, 0xE3, 0xFE, 0x00, 0xE0, 0x0E, 0x00,
    0xE0, 0x0E, 0x00, 0xF0, 0x0F, 0x00, 0x70, 0x01, 0xE0, 0x00, 0xFC, 0x00, 0x3F, 0x00, 0x1F, 0xE0,
    0x07, 0xF8, 0x01, 0xCE, 0x00, 0xF3, 0xC0, 0x38, 0xF0, 0x1E, 0x1E, 0x07, 0x87, 0x81, 0xFF, 0xE0,
    0xFF, 0xFC, 0x3F, 0xFF, 0x1F, 0x03, 0xE7, 0x80, 0x79, 0xE0, 0x1E, 0xF0, 0x07, 0xC0, 0x00, 0x00,
    0x0C, 0x00, 0x07, 0x80, 0x01, 0xE0, 0x00, 0x78, 0x00, 0x04, 0x0F, 0xF1, 0xFF, 0x3F, 0xF0, 0x1E,
    0x01, 0xCF, 0xFB, 0xFF, 0xF8, 0xFE, 0x1F, 0xC3, 0xFF, 0xF7, 0xFE, 0x7F, 0xC0, 0x00, 0x30, 0x0F,
    0x01, 0xE0, 0x38, 0x00, 0x03, 0xC0, 0x00, 0xFC, 0x00, 0x07, 0x00, 0x01, 0xC0, 0x00, 0xC0, 0x00,
    0x30, 0x00, 0x00, 0x00, 0x07, 0x80, 0x03, 0xF0, 0x00, 0xFC, 0x00, 0x7F, 0x80, 0x1F, 0xE0, 0x07,
    0x38, 0x03, 0xCF, 0x00, 0xE3, 0xC0, 0x78, 0x78, 0x1E, 0x1E, 0x07, 0xFF, 0x83, 0xFF, 0xF0, 0xFF,
    0xFC, 0x7C, 0x0F, 0x9E, 0x01, 0xE7, 0x80, 0x7B, 0xC0, 0x1F, 0x0E, 0x03, 0xE0, 0x7E, 0x01, 0xC0,
    0x70, 0x0C, 0x01, 0x03, 0xFC, 0x7F, 0xCF, 0xFC, 0x07, 0x80, 0x73, 0xFE, 0xFF, 0xFE, 0x3F, 0x87,
    0xF0, 0xFF, 0xFD, 0xFF, 0x9F, 0xF0, 0x00, 0x02, 0x00, 0x01, 0xC0, 0x00, 0x78, 0x00, 0x38, 0x00,
    0xCC, 0x00, 0xFC, 0x00, 0x7F, 0x80, 0x0C, 0xC0, 0x00, 0x00, 0x00, 0x00, 0x00, 0x1E, 0x00, 0x0F,
    0xC0, 0x03, 0xF0, 0x01, 0xFE, 0x00, 0x7F, 0x80, 0x1C, 0xE0, 0x0F, 0x3C, 0x03, 0x8F, 0x01, 0xE1,
    0xE0, 0x78, 0x78, 0x1F, 0xFE, 0x0F, 0xFF, 0xC3, 0xFF, 0xF1, 0xF0, 0x3E, 0x78, 0x07, 0x9E, 0x01,
    0xEF, 0x00, 0x7C, 0x00, 0x10, 0x00, 0xE0, 0x07, 0x81, 0x1C, 0x0E, 0xE0, 0x7D, 0x03, 0xF8, 0x0C,
    0x60, 0x00, 0x00, 0x10, 0x07, 0xF8, 0x1F, 0xF0, 0x7F, 0xE0, 0x07, 0x80, 0x0E, 0x0F, 0xF8, 0x7F,
    0xE3, 0xE3, 0x8F, 0x0E, 0x3C, 0x38, 0xFF, 0xE1, 0xFF, 0x83, 0xFE, 0x00, 0x00, 0x30, 0x00, 0x1E,
    0x00, 0x07, 0x80, 0x00, 0x70, 0x00, 0xCC, 0x00, 0xFC, 0x00, 0x7F, 0x80, 0x0C, 0xC0, 0x00, 0x00,
    0x00, 0x00, 0x00, 0x1E, 0x00, 0x0F, 0xC0, 0x03, 0xF0, 0x01, 0xFE, 0x00, 0x7F, 0x80, 0x1C, 0xE0,
    0x0F, 0x3C, 0x03, 0x8F, 0x01, 0xE1, 0xE0, 0x78, 0x78, 0x1F, 0xFE, 0x0F, 0xFF, 0xC3, 0xFF, 0xF1,
    0xF0, 0x3E, 0x78, 0x07, 0x9E, 0x01, 0xEF, 0x00, 0x7C, 0x00, 0x80, 0x3C, 0x03, 0xC0, 0x4E, 0x0E,
    0x61, 0xF0, 0x3F, 0x83, 0x18, 0x00, 0x00, 0x40, 0x7F, 0x87, 0xFC, 0x7F, 0xE0, 0x1E, 0x00, 0xE3,
    0xFE, 0x7F, 0xEF, 0x8E, 0xF0, 0xEF, 0x0E, 0xFF, 0xE7, 0xFE, 0x3F, 0xE0, 0x00, 0x3C, 0x00, 0x0F,
    0xC0, 0x00, 0x70, 0x00, 0x1C, 0x00, 0x0E, 0x00, 0x33, 0x00, 0x3F, 0x00, 0x1F, 0xE0, 0x03, 0x30,
    0x00, 0x00, 0x00, 0x00, 0x00, 0x07, 0x80, 0x03, 0xF0, 0x00, 0xFC, 0x00, 0x7F, 0x80, 0x1F, 0xE0,
    0x07, 0x38, 0x03, 0xCF, 0x00, 0xE3, 0xC0, 0x78, 0x78, 0x1E, 0x1E, 0x07, 0xFF, 0x83, 0xFF, 0xF0,
    0xFF, 0xFC, 0x7C, 0x0F, 0x9E, 0x01, 0xE7, 0x80, 0x7B, 0xC0, 0x1F, 0x01, 0xF0, 0x07, 0xC0, 0x0E,
    0x08, 0xE0, 0xE6, 0x0F, 0x80, 0xFE, 0x06, 0x30, 0x00, 0x00, 0x20, 0x1F, 0xE0, 0xFF, 0x87, 0xFE,
    0x00, 0xF0, 0x03, 0x87, 0xFC, 0x7F, 0xE7, 0xC7, 0x3C, 0x39, 0xE1, 0xCF, 0xFE, 0x3F, 0xF0, 0xFF,
    0x80, 0x03, 0x98, 0x01, 0xFE, 0x00, 0xFF, 0x80, 0x00, 0x80, 0x00, 0x00, 0x00, 0x30, 0x00, 0x3F,
    0x00, 0x1F, 0xE0, 0x03, 0x30, 0x00, 0x00, 0x00, 0x00, 0x00, 0x07, 0x80, 0x03, 0xF0, 0x00, 0xFC,
    0x00, 0x7F, 0x80, 0x1F, 0xE0, 0x07, 0x38, 0x03, 0xCF, 0x00, 0xE3, 0xC0, 0x78, 0x78, 0x1E, 0x1E,
    0x07, 0xFF, 0x83, 0xFF, 0xF0, 0xFF, 0xFC, 0x7C, 0x0F, 0x9E, 0x01, 0xE7, 0x80, 0x7B, 0xC0, 0x1F,
    0x18, 0x87, 0xF9, 0xFE, 0x11, 0x80, 0x40, 0x1C, 0x07, 0xC1, 0xFC, 0x31, 0x80, 0x00, 0x10, 0x3F,
    0xC7, 0xFC, 0xFF, 0xC0, 0x78, 0x07, 0x3F, 0xEF, 0xFF, 0xE3, 0xF8, 0x7F, 0x0F, 0xFF, 0xDF, 0xF9,
    0xFF, 0x00, 0x00, 0x00, 0x30, 0x00, 0x3F, 0x00, 0x1F, 0xE0, 0x03, 0x30, 0x00, 0x00, 0x00, 0x00,
    0x00, 0x07, 0x80, 0x03, 0xF0, 0x00, 0xFC, 0x00, 0x7F, 0x80, 0x1F, 0xE0, 0x07, 0x38, 0x03, 0xCF,
    0x00, 0xE3, 0xC0, 0x78, 0x78, 0x1E, 0x1E, 0x07, 0xFF, 0x83, 0xFF, 0xF0, 0xFF, 0xFC, 0x7C, 0x0F,
    0x9E, 0x01, 0xE7, 0x80, 0x7B, 0xC0, 0x1F, 0x00, 0x00, 0x00, 0x30, 0x00, 0x1E, 0x00, 0x07, 0x80,
    0x01, 0xE0, 0x00, 0x04, 0x01, 0xC0, 0x7C, 0x1F, 0xC3, 0x18, 0x00, 0x01, 0x03, 0xFC, 0x7F, 0xCF,
    0xFC, 0x07, 0x80, 0x73, 0xFE, 0xFF, 0xFE, 0x3F, 0x87, 0xF0, 0xFF, 0xFD, 0xFF, 0x9F, 0xF0, 0x00,
    0x0C, 0x03, 0xC0, 0x78, 0x0E, 0x00, 0x00, 0x10, 0x00, 0x0E, 0x00, 0x07, 0x80, 0x03, 0xC0, 0x00,
    0xC0, 0x01, 0xC6, 0x00, 0x73, 0x80, 0x0F, 0xE0, 0x01, 0xF0, 0x00, 0x00, 0x00, 0x00, 0x00, 0x07,
    0x80, 0x03, 0xF0, 0x00, 0xFC, 0x00, 0x7F, 0x80, 0x1F, 0xE0, 0x07, 0x38, 0x03, 0xCF, 0x00, 0xE3,
    0xC0, 0x78, 0x78, 0x1E, 0x1E, 0x07, 0xFF, 0x83, 0xFF, 0xF0, 0xFF, 0xFC, 0x7C, 0x0F, 0x9E, 0x01,
    0xE7, 0x80, 0x7B, 0xC0, 0x1F, 0x00, 0x00, 0x30, 0x0F, 0x03, 0xC0, 0xF0, 0x04, 0x0C, 0x71, 0xDE,
    0x1F, 0x81, 0xE0, 0x00, 0x02, 0x07, 0xF8, 0xFF, 0x9F, 0xF8, 0x0F, 0x00, 0xE7, 0xFD, 0xFF, 0xFC,
    0x7F, 0x0F, 0xE1, 0xFF, 0xFB, 0xFF, 0x3F, 0xE0, 0x01, 0x00, 0x00, 0xE0, 0x00, 0x3C, 0x00, 0x07,
    0x80, 0x00, 0xC0, 0x01, 0xC6, 0x00, 0x73, 0x80, 0x0F, 0xE0, 0x01, 0xF0, 0x00, 0x00, 0x00, 0x00,
    0x00, 0x07, 0x80, 0x03, 0xF0, 0x00, 0xFC, 0x00, 0x7F, 0x80, 0x1F, 0xE0, 0x07, 0x38, 0x03, 0xCF,
    0x00, 0xE3, 0xC0, 0x78, 0x78, 0x1E, 0x1E, 0x07, 0xFF, 0x83, 0xFF, 0xF0, 0xFF, 0xFC, 0x7C, 0x0F,
    0x9E, 0x01, 0xE7, 0x80, 0x7B, 0xC0, 0x1F, 0x18, 0x07, 0x80, 0x78, 0x07, 0x00, 0x60, 0x63, 0x8E,
    0xF0, 0xFC, 0x0F, 0x00, 0x00, 0x10, 0x3F, 0xC7, 0xFC, 0xFF, 0xC0, 0x78, 0x07, 0x3F, 0xEF, 0xFF,
    0xE3, 0xF8, 0x7F, 0x0F, 0xFF, 0xDF, 0xF9, 0xFF, 0x01, 0xE0, 0x00, 0x7C, 0x00, 0x07, 0x00, 0x03,
    0xC0, 0x00, 0xC0, 0x00, 0x00, 0x00, 0x71, 0x80, 0x1C, 0xE0, 0x03, 0xF8, 0x00, 0x7C, 0x00, 0x00,
    0x00, 0x00, 0x00, 0x01, 0xE0, 0x00, 0xFC, 0x00, 0x3F, 0x00, 0x1F, 0xE0, 0x07, 0xF8, 0x01, 0xCE,
    0x00, 0xF3, 0xC0, 0x38, 0xF0, 0x1E, 0x1E, 0x07, 0x87, 0x81, 0xFF, 0xE0, 0xFF, 0xFC, 0x3F, 0xFF,
    0x1F, 0x03, 0xE7, 0x80, 0x79, 0xE0, 0x1E, 0xF0, 0x07, 0xC0, 0x1F, 0x03, 0xF0, 0x0E, 0x03, 0x80,
    0x60, 0x00, 0x0C, 0x71, 0xDE, 0x1F, 0x81, 0xE0, 0x00, 0x02, 0x07, 0xF8, 0xFF, 0x9F, 0xF8, 0x0F,
    0x00, 0xE7, 0xFD, 0xFF, 0xFC, 0x7F, 0x0F, 0xE1, 0xFF, 0xFB, 0xFF, 0x3F, 0xE0, 0x01, 0x08, 0x01,
    0xFF, 0x00, 0x7F, 0x80, 0x19, 0xC0, 0x00, 0x00, 0x01, 0xC6, 0x00, 0x73, 0x80, 0x0F, 0xE0, 0x01,
    0xF0, 0x00, 0x00, 0x00, 0x00, 0x00, 0x07, 0x80, 0x03, 0xF0, 0x00, 0xFC, 0x00, 0x7F, 0x80, 0x1F,
    0xE0, 0x07, 0x38, 0x03, 0xCF, 0x00, 0xE3, 0xC0, 0x78, 0x78, 0x1E, 0x1E, 0x07, 0xFF, 0x83, 0xFF,
    0xF0, 0xFF, 0xFC, 0x7C, 0x0F, 0x9E, 0x01, 0xE7, 0x80, 0x7B, 0xC0, 0x1F, 0x08, 0x07, 0xF9, 0xFF,
    0x19, 0xC0, 0x00, 0x63, 0x8E, 0xF0, 0xFC, 0x0F, 0x00, 0x00, 0x10, 0x3F, 0xC7, 0xFC, 0xFF, 0xC0,
    0x78, 0x07, 0x3F, 0xEF, 0xFF, 0xE3, 0xF8, 0x7F, 0x0F, 0xFF, 0xDF, 0xF9, 0xFF, 0x07, 0x18, 0x01,
    0xCE, 0x00, 0x3F, 0x80, 0x07, 0xC0, 0x00, 0x00, 0x00, 0x00, 0x00, 0x1E, 0x00, 0x0F, 0xC0, 0x03,
    0xF0, 0x01, 0xFE, 0x00, 0x7F, 0x80, 0x1C, 0xE0, 0x0F, 0x3C, 0x03, 0x8F, 0x01, 0xE1, 0xE0, 0x78,
    0x78, 0x1F, 0xFE, 0x0F, 0xFF, 0xC3, 0xFF, 0xF1, 0xF0, 0x3E, 0x78, 0x07, 0x9E, 0x01, 0xEF, 0x00,
    0x7C, 0x00, 0x00, 0x00, 0xC0, 0x00, 0x78, 0x00, 0x1E, 0x00, 0x07, 0x80, 0x31, 0xC7, 0x78, 0x7E,
    0x07, 0x80, 0x00, 0x08, 0x1F, 0xE3, 0xFE, 0x7F, 0xE0, 0x3C, 0x03, 0x9F, 0xF7, 0xFF, 0xF1, 0xFC,
    0x3F, 0x87, 0xFF, 0xEF, 0xFC, 0xFF, 0x80, 0x00, 0x60, 0x1E, 0x03, 0xC0, 0x70, 0xFF, 0xFF, 0xFF,
    0xFF, 0xFF, 0x00, 0xF0, 0x0F, 0x00, 0xFF, 0xEF, 0xFE, 0xFF, 0xEF, 0xFE, 0xF0, 0x0F, 0x00, 0xF0,
    0x0F, 0x00, 0xFF, 0xFF, 0xFF, 0xFF, 0xF0, 0x00, 0x04, 0x00, 0xE0, 0x0F, 0x00, 0xE0, 0x02, 0x01,
    0xFC, 0x3F, 0xE7, 0xFF, 0x78, 0xFF, 0x07, 0xFF, 0xFF, 0xFF, 0xFF, 0xFF, 0x00, 0x78, 0x07, 0xFE,
    0x3F, 0xF1, 0xFF, 0x00, 0x00, 0x60, 0x0F, 0x00, 0xF0, 0x07, 0x00, 0x1E, 0x01, 0xF0, 0x17, 0x00,
    0x70, 0x0E, 0x00, 0xE0, 0x00, 0x0F, 0xFF, 0xFF, 0xFF, 0xFF, 0xF0, 0x0F, 0x00, 0xF0, 0x0F, 0xFE,
    0xFF, 0xEF, 0xFE, 0xFF, 0xEF, 0x00, 0xF0, 0x0F, 0x00, 0xF0, 0x0F, 0xFF, 0xFF, 0xFF, 0xFF, 0x0E,
    0x00, 0xF8, 0x0F, 0x80, 0x38, 0x07, 0x00, 0x60, 0x02, 0x01, 0xFC, 0x3F, 0xE7, 0xFF, 0x78, 0xFF,
    0x07, 0xFF, 0xFF, 0xFF, 0xFF, 0xFF, 0x00, 0x78, 0x07, 0xFE, 0x3F, 0xF1, 0xFF, 0x18, 0x83, 0xFC,
    0x7F, 0x82, 0x30, 0x00, 0x00, 0x00, 0xFF, 0xFF, 0xFF, 0xFF, 0xFF, 0x00, 0xF0, 0x0F, 0x00, 0xFF,
    0xEF, 0xFE, 0xFF, 0xEF, 0xFE, 0xF0, 0x0F, 0x00, 0xF0, 0x0F, 0x00, 0xFF, 0xFF, 0xFF, 0xFF, 0xF0,
    0x0C, 0x43, 0xFE, 0x3F, 0xC1, 0x18, 0x00, 0x00, 0x20, 0x1F, 0xC3, 0xFE, 0x7F, 0xF7, 0x8F, 0xF0,
    0x7F, 0xFF, 0xFF, 0xFF, 0xFF, 0xF0, 0x07, 0x80, 0x7F, 0xE3, 0xFF, 0x1F, 0xF0, 0x00, 0x10, 0x00,
    0xE0, 0x07, 0x80, 0x1C, 0x06, 0x60, 0x7C, 0x03, 0xFC, 0x06, 0x60, 0x00, 0x00, 0x00, 0x0F, 0xFF,
    0x3F, 0xFC, 0xFF, 0xF3, 0xC0, 0x0F, 0x00, 0x3C, 0x00, 0xFF, 0xE3, 0xFF, 0x8F, 0xFE, 0x3F, 0xF8,
    0xF0, 0x03, 0xC0, 0x0F, 0x00, 0x3C, 0x00, 0xFF, 0xF3, 0xFF, 0xCF, 0xFF, 0x00, 0x00, 0x00, 0x00,
    0x60, 0x03, 0xC0, 0x1E, 0x07, 0x70, 0x3E, 0x81, 0xFC, 0x06, 0x70, 0x00, 0x00, 0x08, 0x01, 0xFC,
    0x0F, 0xF8, 0x7F, 0xF1, 0xE3, 0xCF, 0x07, 0x3F, 0xFC, 0xFF, 0xF3, 0xFF, 0xCF, 0x00, 0x1E, 0x00,
    0x7F, 0xE0, 0xFF, 0xC1, 0xFF, 0x00, 0x01, 0x00, 0x38, 0x03, 0xC0, 0x1E, 0x06, 0x61, 0xF0, 0x3F,
    0xC1, 0x98, 0x00, 0x00, 0x00, 0xFF, 0xFF, 0xFF, 0xFF, 0xFF, 0x00, 0xF0, 0x0F, 0x00, 0xFF, 0xEF,
    0xFE, 0xFF, 0xEF, 0xFE, 0xF0, 0x0F, 0x00, 0xF0, 0x0F, 0x00, 0xFF, 0xFF, 0xFF, 0xFF, 0xF0, 0x00,
    0x00, 0x06, 0x00, 0x78, 0x01, 0xE0, 0x73, 0x07, 0xC0, 0x7F, 0x03, 0x38, 0x00, 0x00, 0x10, 0x07,
    0xF0, 0x7F, 0xC7, 0xFF, 0x3C, 0x7B, 0xC1, 0xDF, 0xFE, 0xFF, 0xF7, 0xFF, 0xBC, 0x00, 0xF0, 0x07,
    0xFE, 0x1F, 0xF8, 0x7F, 0xC0, 0x00, 0x00, 0x07, 0xC0, 0x3E, 0x00, 0x30, 0x07, 0x83, 0x38, 0x7C,
    0x07, 0xF8, 0x19, 0x80, 0x00, 0x00, 0x01, 0xFF, 0xEF, 0xFF, 0x7F, 0xFB, 0xC0, 0x1E, 0x00, 0xF0,
    0x07, 0xFF, 0x3F, 0xF9, 0xFF, 0xCF, 0xFE, 0x78, 0x03, 0xC0, 0x1E, 0x00, 0xF0, 0x07, 0xFF, 0xBF,
    0xFD, 0xFF, 0xE0, 0x00, 0xF0, 0x03, 0xE0, 0x0B, 0xC0, 0x06, 0x07, 0x70, 0x3F, 0xC1, 0xFC, 0x06,
    0x70, 0x00, 0x00, 0x08, 0x01, 0xFC, 0x0F, 0xF8, 0x7F, 0xF1, 0xE3, 0xCF, 0x07, 0x3F, 0xFC, 0xFF,
    0xF3, 0xFF, 0xCF, 0x00, 0x1E, 0x00, 0x7F, 0xE0, 0xFF, 0xC1, 0xFF, 0x00, 0x1C, 0xC3, 0xFE, 0x3F,
    0xC0, 0x10, 0x00, 0x00, 0x60, 0x1F, 0x03, 0xFC, 0x19, 0x80, 0x00, 0x00, 0x0F, 0xFF, 0xFF, 0xFF,
    0xFF, 0xF0, 0x0F, 0x00, 0xF0, 0x0F, 0xFE, 0xFF, 0xEF, 0xFE, 0xFF, 0xEF, 0x00, 0xF0, 0x0F, 0x00,
    0xF0, 0x0F, 0xFF, 0xFF, 0xFF, 0xFF, 0x0C, 0x43, 0xFE, 0x3F, 0xC1, 0x18, 0x00, 0x00, 0x70, 0x0F,
    0x81, 0xFC, 0x19, 0xC0, 0x00, 0x02, 0x01, 0xFC, 0x3F, 0xE7, 0xFF, 0x78, 0xFF, 0x07, 0xFF, 0xFF,
    0xFF, 0xFF, 0xFF, 0x00, 0x78, 0x07, 0xFE, 0x3F, 0xF1, 0xFF, 0x00, 0x00, 0x60, 0x1F, 0x03, 0xFC,
    0x19, 0x80, 0x00, 0x00, 0x0F, 0xFF, 0xFF, 0xFF, 0xFF, 0xF0, 0x0F, 0x00, 0xF0, 0x0F, 0xFE, 0xFF,
    0xEF, 0xFE, 0xFF, 0xEF, 0x00, 0xF0, 0x0F, 0x00, 0xF0, 0x0F, 0xFF, 0xFF, 0xFF, 0xFF, 0x00, 0x00,
    0x40, 0x0E, 0x00, 0xF0, 0x0E, 0x00, 0x00, 0x00, 0x70, 0x0F, 0x81, 0xFC, 0x19, 0xC0, 0x00, 0x02,
    0x01, 0xFC, 0x3F, 0xE7, 0xFF, 0x78, 0xFF, 0x07, 0xFF, 0xFF, 0xFF, 0xFF, 0xFF, 0x00, 0x78, 0x07,
    0xFE, 0x3F, 0xF1, 0xFF, 0x00, 0x00, 0x60, 0x0F, 0x00, 0xF0, 0x07, 0x00, 0xF3, 0xF1, 0xC7, 0x30,
    0xC0, 0x1E, 0x79, 0xE7, 0x9E, 0x79, 0xE7, 0x9E, 0x79, 0xE7, 0x9E, 0x79, 0xE7, 0x9E, 0x67, 0xFE,
    0x37, 0x38, 0x0E, 0x73, 0x9C, 0xE7, 0x39, 0xCE, 0x73, 0x9C, 0xE0, 0xFF, 0xFF, 0xFF, 0xFF, 0xFF,
    0xFF, 0xFF, 0xFF, 0xF0, 0x6F, 0xFE, 0x77, 0xFE, 0xE0, 0x01, 0xCE, 0x73, 0x9C, 0xE7, 0x39, 0xCE,
    0x73, 0x9C, 0x03, 0x39, 0xEE, 0x01, 0xE0, 0x03, 0xFF, 0x01, 0xFF, 0xE0, 0xFF, 0xFC, 0x7C, 0x1F,
    0x1E, 0x03, 0xE7, 0x80, 0x7B, 0xC0, 0x1E, 0xF0, 0x07, 0xBC, 0x01, 0xFF, 0x00, 0x7B, 0xE0, 0x1E,
    0x78, 0x07, 0x9F, 0x03, 0xE3, 0xE1, 0xF0, 0xFF, 0xFC, 0x1F, 0xFE, 0x01, 0xFE, 0x00, 0x00, 0x00,
    0x03, 0x00, 0x01, 0xE0, 0x00, 0x78, 0x00, 0x1C, 0x00, 0x00, 0x00, 0xFE, 0x0F, 0xF8, 0xFF, 0xE7,
    0x8F, 0xF8, 0x3F, 0xC1, 0xFE, 0x0F, 0xF0, 0x7F, 0x83, 0xDE, 0x3E, 0xFF, 0xE3, 0xFE, 0x0F, 0xE0,
    0x00, 0x00, 0x40, 0x07, 0x00, 0x3C, 0x01, 0xC0, 0x03, 0xC0, 0x00, 0xF8, 0x00, 0x2F, 0x00, 0x01,
    0xC0, 0x00, 0xC0, 0x00, 0x30, 0x00, 0x1E, 0x00, 0x3F, 0xF0, 0x1F, 0xFE, 0x0F, 0xFF, 0xC7, 0xC1,
    0xF1, 0xE0, 0x3E, 0x78, 0x07, 0xBC, 0x01, 0xEF, 0x00, 0x7B, 0xC0, 0x1F, 0xF0, 0x07, 0xBE, 0x01,
    0xE7, 0x80, 0x79, 0xF0, 0x3E, 0x3E, 0x1F, 0x0F, 0xFF, 0xC1, 0xFF, 0xE0, 0x1F, 0xE0, 0x06, 0x00,
    0x7C, 0x03, 0xE0, 0x03, 0x00, 0x70, 0x03, 0x80, 0x00, 0x03, 0xF8, 0x3F, 0xE3, 0xFF, 0x9E, 0x3F,
    0xE0, 0xFF, 0x07, 0xF8, 0x3F, 0xC1, 0xFE, 0x0F, 0x78, 0xFB, 0xFF, 0x8F, 0xF8, 0x3F, 0x80, 0x00,
    0x03, 0x00, 0x01, 0xE0, 0x00, 0xF0, 0x00, 0x78, 0x00, 0xCC, 0x00, 0xF8, 0x00, 0x7F, 0x80, 0x0C,
    0xC0, 0x00, 0x00, 0x00, 0x78, 0x00, 0xFF, 0xC0, 0x7F, 0xF8, 0x3F, 0xFF, 0x1F, 0x07, 0xC7, 0x80,
    0xF9, 0xE0, 0x1E, 0xF0, 0x07, 0xBC, 0x01, 0xEF, 0x00, 0x7F, 0xC0, 0x1E, 0xF8, 0x07, 0x9E, 0x01,
    0xE7, 0xC0, 0xF8, 0xF8, 0x7C, 0x3F, 0xFF, 0x07, 0xFF, 0x80, 0x7F, 0x80, 0x00, 0x08, 0x00, 0x38,
    0x00, 0xF0, 0x03, 0xC0, 0x77, 0x01, 0xF4, 0x07, 0xF0, 0x0C, 0x60, 0x00, 0x00, 0x00, 0x00, 0x7F,
    0x01, 0xFF, 0x07, 0xFF, 0x0F, 0x1F, 0x3C, 0x1E, 0x78, 0x3C, 0xF0, 0x79, 0xE0, 0xF3, 0xC1, 0xE3,
    0xC7, 0xC7, 0xFF, 0x07, 0xFC, 0x07, 0xF0, 0x00, 0x00, 0x30, 0x00, 0x1E, 0x00, 0x03, 0xC0, 0x00,
    0x70, 0x00, 0xCC, 0x00, 0xF8, 0x00, 0x7F, 0x80, 0x0C, 0xC0, 0x00, 0x00, 0x00, 0x78, 0x00, 0xFF,
    0xC0, 0x7F, 0xF8, 0x3F, 0xFF, 0x1F, 0x07, 0xC7, 0x80, 0xF9, 0xE0, 0x1E, 0xF0, 0x07, 0xBC, 0x01,
    0xEF, 0x00, 0x7F, 0xC0, 0x1E, 0xF8, 0x07, 0x9E, 0x01, 0xE7, 0xC0, 0xF8, 0xF8, 0x7C, 0x3F, 0xFF,
    0x07, 0xFF, 0x80, 0x7F, 0x80, 0x00, 0x80, 0x0C, 0x00, 0xF0, 0x03, 0xC0, 0x07, 0x03, 0x90, 0x3E,
    0x03, 0xF8, 0x18, 0xC0, 0x00, 0x00, 0x00, 0x3F, 0x83, 0xFE, 0x3F, 0xF9, 0xE3, 0xFE, 0x0F, 0xF0,
    0x7F, 0x83, 0xFC, 0x1F, 0xE0, 0xF7, 0x8F, 0xBF, 0xF8, 0xFF, 0x83, 0xF8, 0x00, 0x3E, 0x00, 0x07,
    0xC0, 0x01, 0x70, 0x00, 0x1C, 0x00, 0x0E, 0x00, 0x33, 0x00, 0x3E, 0x00, 0x1F, 0xE0, 0x03, 0x30,
    0x00, 0x00, 0x00, 0x1E, 0x00, 0x3F, 0xF0, 0x1F, 0xFE, 0x0F, 0xFF, 0xC7, 0xC1, 0xF1, 0xE0, 0x3E,
    0x78, 0x07, 0xBC, 0x01, 0xEF, 0x00, 0x7B, 0xC0, 0x1F, 0xF0, 0x07, 0xBE, 0x01, 0xE7, 0x80, 0x79,
    0xF0, 0x3E, 0x3E, 0x1F, 0x0F, 0xFF, 0xC1, 0xFF, 0xE0, 0x1F, 0xE0, 0x00, 0xF8, 0x03, 0xF0, 0x01,
    0xC0, 0x0E, 0x07, 0x30, 0x3E, 0x01, 0xFC, 0x06, 0x30, 0x00, 0x00, 0x00, 0x01, 0xFC, 0x0F, 0xF8,
    0x7F, 0xF1, 0xE3, 0xEF, 0x07, 0xBC, 0x1E, 0xF0, 0x7B, 0xC1, 0xEF, 0x07, 0x9E, 0x3E, 0x7F, 0xF0,
    0xFF, 0x81, 0xFC, 0x00, 0x03, 0x98, 0x01, 0xFE, 0x00, 0xFF, 0x00, 0x00, 0x00, 0x00, 0x00, 0x00,
    0x30, 0x00, 0x3E, 0x00, 0x1F, 0xE0, 0x03, 0x30, 0x00, 0x00, 0x00, 0x1E, 0x00, 0x3F, 0xF0, 0x1F,
    0xFE, 0x0F, 0xFF, 0xC7, 0xC1, 0xF1, 0xE0, 0x3E, 0x78, 0x07, 0xBC, 0x01, 0xEF, 0x00, 0x7B, 0xC0,
    0x1F, 0xF0, 0x07, 0xBE, 0x01, 0xE7, 0x80, 0x79, 0xF0, 0x3E, 0x3E, 0x1F, 0x0F, 0xFF, 0xC1, 0xFF,
    0xE0, 0x1F, 0xE0, 0x0C, 0x40, 0xFF, 0x0F, 0xF8, 0x23, 0x00, 0x00, 0x03, 0x80, 0x3E, 0x03, 0xF8,
    0x18, 0xC0, 0x00, 0x00, 0x00, 0x3F, 0x83, 0xFE, 0x3F, 0xF9, 0xE3, 0xFE, 0x0F, 0xF0, 0x7F, 0x83,
    0xFC, 0x1F, 0xE0, 0xF7, 0x8F, 0xBF, 0xF8, 0xFF, 0x83, 0xF8, 0x00, 0x00, 0x00, 0x30, 0x00, 0x3E,
    0x00, 0x1F, 0xE0, 0x03, 0x30, 0x00, 0x00, 0x00, 0x1E, 0x00, 0x3F, 0xF0, 0x1F, 0xFE, 0x0F, 0xFF,
    0xC7, 0xC1, 0xF1, 0xE0, 0x3E, 0x78, 0x07, 0xBC, 0x01, 0xEF, 0x00, 0x7B, 0xC0, 0x1F, 0xF0, 0x07,
    0xBE, 0x01, 0xE7, 0x80, 0x79, 0xF0, 0x3E, 0x3E, 0x1F, 0x0F, 0xFF, 0xC1, 0xFF, 0xE0, 0x1F, 0xE0,
    0x00, 0x00, 0x00, 0x30, 0x00, 0x1E, 0x00, 0x07, 0x80, 0x01, 0xC0, 0x00, 0x00, 0x00, 0x38, 0x03,
    0xE0, 0x3F, 0x81, 0x8C, 0x00, 0x00, 0x00, 0x03, 0xF8, 0x3F, 0xE3, 0xFF, 0x9E, 0x3F, 0xE0, 0xFF,
    0x07, 0xF8, 0x3F, 0xC1, 0xFE, 0x0F, 0x78, 0xFB, 0xFF, 0x8F, 0xF8, 0x3F, 0x80, 0x00, 0x01, 0x00,
    0x1C, 0x00, 0xF0, 0x07, 0x00, 0x00, 0x40, 0x00, 0x38, 0x00, 0x1E, 0x00, 0x0F, 0x00, 0x03, 0x83,
    0x80, 0x00, 0xE0, 0x1E, 0x38, 0x3F, 0xFE, 0x1F, 0xFF, 0x8F, 0xFF, 0xC7, 0xC1, 0xF1, 0xE0, 0x3E,
    0x78, 0x07, 0xBC, 0x01, 0xEF, 0x00, 0x7B, 0xC0, 0x1F, 0xF0, 0x07, 0xBE, 0x01, 0xE7, 0x80, 0x79,
    0xF0, 0x3E, 0x3E, 0x1F, 0x0F, 0xFF, 0xC1, 0xFF, 0xE0, 0x1F, 0xE0, 0x01, 0x00, 0x0E, 0x00, 0x78,
    0x03, 0xC0, 0x0E, 0x1C, 0x10, 0x70, 0x01, 0xC7, 0xFF, 0x3F, 0xF9, 0xFF, 0xC7, 0x8F, 0xBC, 0x1E,
    0xF0, 0x7B, 0xC1, 0xEF, 0x07, 0xBC, 0x1E, 0x78, 0xF9, 0xFF, 0xC3, 0xFE, 0x07, 0xF0, 0x00, 0x00,
    0x00, 0xE0, 0x00, 0x3C, 0x00, 0x07, 0x80, 0x00, 0x63, 0x80, 0x00, 0xE0, 0x1E, 0x38, 0x3F, 0xFE,
    0x1F, 0xFF, 0x8F, 0xFF, 0xC7, 0xC1, 0xF1, 0xE0, 0x3E, 0x78, 0x07, 0xBC, 0x01, 0xEF, 0x00, 0x7B,
    0xC0, 0x1F, 0xF0, 0x07, 0xBE, 0x01, 0xE7, 0x80, 0x79, 0xF0, 0x3E, 0x3E, 0x1F, 0x0F, 0xFF, 0xC1,
    0xFF, 0xE0, 0x1F, 0xE0, 0x04, 0x00, 0x38, 0x00, 0xF0, 0x01, 0xE0, 0x03, 0x9C, 0x00, 0x70, 0x01,
    0xC7, 0xFF, 0x3F, 0xF9, 0xFF, 0xC7, 0x8F, 0xBC, 0x1E, 0xF0, 0x7B, 0xC1, 0xEF, 0x07, 0xBC, 0x1E,
    0x78, 0xF9, 0xFF, 0xC3, 0xFE, 0x07, 0xF0, 0x03, 0xC0, 0x00, 0xF8, 0x00, 0x2F, 0x00, 0x01, 0xC0,
    0x00, 0xC3, 0x80, 0x30, 0xE0, 0x1E, 0x38, 0x3F, 0xFE, 0x1F, 0xFF, 0x8F, 0xFF, 0xC7, 0xC1, 0xF1,
    0xE0, 0x3E, 0x78, 0x07, 0xBC, 0x01, 0xEF, 0x00, 0x7B, 0xC0, 0x1F, 0xF0, 0x07, 0xBE, 0x01, 0xE7,
    0x80, 0x79, 0xF0, 0x3E, 0x3E, 0x1F, 0x0F, 0xFF, 0xC1, 0xFF, 0xE0, 0x1F, 0xE0, 0x06, 0x00, 0x3E,
    0x00, 0xF8, 0x00, 0x60, 0x07, 0x1C, 0x1C, 0x70, 0x01, 0xC7, 0xFF, 0x3F, 0xF9, 0xFF, 0xC7, 0x8F,
    0xBC, 0x1E, 0xF0, 0x7B, 0xC1, 0xEF, 0x07, 0xBC, 0x1E, 0x78, 0xF9, 0xFF, 0xC3, 0xFE, 0x07, 0xF0,
    0x03, 0x90, 0x01, 0xFE, 0x00, 0xFF, 0x80, 0x11, 0xCE, 0x00, 0x03, 0x80, 0x78, 0xE0, 0xFF, 0xF8,
    0x7F, 0xFE, 0x3F, 0xFF, 0x1F, 0x07, 0xC7, 0x80, 0xF9, 0xE0, 0x1E, 0xF0, 0x07, 0xBC, 0x01, 0xEF,
    0x00, 0x7F, 0xC0, 0x1E, 0xF8, 0x07, 0x9E, 0x01, 0xE7, 0xC0, 0xF8, 0xF8, 0x7C, 0x3F, 0xFF, 0x07,
    0xFF, 0x80, 0x7F, 0x80, 0x0C, 0x40, 0x7F, 0x83, 0xFE, 0x04, 0x67, 0x00, 0x1C, 0x00, 0x71, 0xFF,
    0xCF, 0xFE, 0x7F, 0xF1, 0xE3, 0xEF, 0x07, 0xBC, 0x1E, 0xF0, 0x7B, 0xC1, 0xEF, 0x07, 0x9E, 0x3E,
    0x7F, 0xF0, 0xFF, 0x81, 0xFC, 0x00, 0x00, 0x03, 0x80, 0x00, 0xE0, 0x1E, 0x38, 0x3F, 0xFE, 0x1F,
    0xFF, 0x8F, 0xFF, 0xC7, 0xC1, 0xF1, 0xE0, 0x3E, 0x78, 0x07, 0xBC, 0x01, 0xEF, 0x00, 0x7B, 0xC0,
    0x1F, 0xF0, 0x07, 0xBE, 0x01, 0xE7, 0x80, 0x79, 0xF0, 0x3E, 0x3E, 0x1F, 0x0F, 0xFF, 0xC1, 0xFF,
    0xE0, 0x1F, 0xE0, 0x00, 0x00, 0x00, 0x30, 0x00, 0x1E, 0x00, 0x07, 0x80, 0x01, 0xC0, 0x00, 0x00,
    0x1C, 0x00, 0x70, 0x01, 0xC7, 0xFF, 0x3F, 0xF9, 0xFF, 0xC7, 0x8F, 0xBC, 0x1E, 0xF0, 0x7B, 0xC1,
    0xEF, 0x07, 0xBC, 0x1E, 0x78, 0xF9, 0xFF, 0xC3, 0xFE, 0x07, 0xF0, 0x00, 0x00, 0x08, 0x00, 0x70,
    0x01, 0xE0, 0x07, 0x00, 0xF0, 0x3F, 0xC0, 0xFF, 0x03, 0xFC, 0x0F, 0xF0, 0x3F, 0xC0, 0xFF, 0x03,
    0xFC, 0x0F, 0xF0, 0x3F, 0xC0, 0xFF, 0x03, 0xFC, 0x0F, 0xF0, 0x3F, 0xE1, 0xE7, 0xFF, 0x8F, 0xFC,
    0x1F, 0xE0, 0x00, 0x00, 0x30, 0x01, 0xE0, 0x07, 0x80, 0x1C, 0x00, 0xE1, 0xFC, 0x3F, 0x87, 0xF0,
    0xFE, 0x1F, 0xC3, 0xF8, 0x7F, 0x0F, 0xF1, 0xFE, 0x3F, 0xFF, 0xBF, 0xF3, 0xFE, 0x00, 0x03, 0x00,
    0x70, 0x1E, 0x01, 0xC0, 0x0F, 0x00, 0x3E, 0x00, 0xBC, 0x00, 0x70, 0x07, 0x00, 0x1C, 0x00, 0x00,
    0x3C, 0x0F, 0xF0, 0x3F, 0xC0, 0xFF, 0x03, 0xFC, 0x0F, 0xF0, 0x3F, 0xC0, 0xFF, 0x03, 0xFC, 0x0F,
    0xF0, 0x3F, 0xC0, 0xFF, 0x03, 0xFC, 0x0F, 0xF8, 0x79, 0xFF, 0xE3, 0xFF, 0x07, 0xF8, 0x1C, 0x03,
    0xE0, 0x7C, 0x03, 0x80, 0xE0, 0x1C, 0x00, 0x07, 0x0F, 0xE1, 0xFC, 0x3F, 0x87, 0xF0, 0xFE, 0x1F,
    0xC3, 0xF8, 0x7F, 0x8F, 0xF1, 0xFF, 0xFD, 0xFF, 0x9F, 0xF0, 0x00, 0x00, 0x00, 0xE0, 0x00, 0xF0,
    0x00, 0xF0, 0x00, 0x60, 0x38, 0x00, 0x3C, 0x00, 0x3F, 0xE0, 0x7E, 0xF0, 0x3E, 0x78, 0x1E, 0x3C,
    0x0F, 0x1E, 0x07, 0x8F, 0x03, 0xC7, 0x81, 0xE3, 0xC0, 0xF1, 0xE0, 0x78, 0xF0, 0x3C, 0x78, 0x1E,
    0x3C, 0x0F, 0x1E, 0x07, 0x8F, 0x87, 0x83, 0xFF, 0xC0, 0xFF, 0xC0, 0x3F, 0xC0, 0x02, 0x00, 0x1C,
    0x00, 0xF0, 0x07, 0x80, 0x1C, 0x1C, 0x00, 0x70, 0x03, 0xF8, 0x7E, 0xE1, 0xF3, 0x87, 0x8E, 0x1E,
    0x38, 0x78, 0xE1, 0xE3, 0x87, 0x8E, 0x1E, 0x3C, 0x78, 0xF1, 0xE3, 0xFF, 0x87, 0xFE, 0x0F, 0xF8,
    0x04, 0x00, 0x07, 0x00, 0x03, 0xC0, 0x00, 0xF0, 0x00, 0x38, 0x38, 0x08, 0x3C, 0x00, 0x3F, 0xE0,
    0x7E, 0xF0, 0x3E, 0x78, 0x1E, 0x3C, 0x0F, 0x1E, 0x07, 0x8F, 0x03, 0xC7, 0x81, 0xE3, 0xC0, 0xF1,
    0xE0, 0x78, 0xF0, 0x3C, 0x78, 0x1E, 0x3C, 0x0F, 0x1E, 0x07, 0x8F, 0x87, 0x83, 0xFF, 0xC0, 0xFF,
    0xC0, 0x3F, 0xC0, 0x10, 0x00, 0xE0, 0x03, 0xC0, 0x07, 0x80, 0x06, 0x1C, 0x00, 0x70, 0x03, 0xF8,
    0x7E, 0xE1, 0xF3, 0x87, 0x8E, 0x1E, 0x38, 0x78, 0xE1, 0xE3, 0x87, 0x8E, 0x1E, 0x3C, 0x78, 0xF1,
    0xE3, 0xFF, 0x87, 0xFE, 0x0F, 0xF8, 0x0F, 0x00, 0x07, 0xC0, 0x02, 0xF0, 0x00, 0x38, 0x00, 0x70,
    0x38, 0x38, 0x3C, 0x00, 0x3F, 0xE0, 0x7E, 0xF0, 0x3E, 0x78, 0x1E, 0x3C, 0x0F, 0x1E, 0x07, 0x8F,
    0x03, 0xC7, 0x81, 0xE3, 0xC0, 0xF1, 0xE0, 0x78, 0xF0, 0x3C, 0x78, 0x1E, 0x3C, 0x0F, 0x1E, 0x07,
    0x8F, 0x87, 0x83, 0xFF, 0xC0, 0xFF, 0xC0, 0x3F, 0xC0, 0x1C, 0x00, 0x7C, 0x01, 0xF0, 0x01, 0xC0,
    0x0E, 0x1C, 0x38, 0x70, 0x03, 0xF8, 0x7E, 0xE1, 0xF3, 0x87, 0x8E, 0x1E, 0x38, 0x78, 0xE1, 0xE3,
    0x87, 0x8E, 0x1E, 0x3C, 0x78, 0xF1, 0xE3, 0xFF, 0x87, 0xFE, 0x0F, 0xF8, 0x0E, 0x40, 0x0F, 0xF0,
    0x0F, 0xF8, 0x02, 0x38, 0x70, 0x00, 0x78, 0x00, 0x7F, 0xC0, 0xFD, 0xE0, 0x7C, 0xF0, 0x3C, 0x78,
    0x1E, 0x3C, 0x0F, 0x1E, 0x07, 0x8F, 0x03, 0xC7, 0x81, 0xE3, 0xC0, 0xF1, 0xE0, 0x78, 0xF0, 0x3C,
    0x78, 0x1E, 0x3C, 0x0F, 0x1F, 0x0F, 0x07, 0xFF, 0x81, 0xFF, 0x80, 0x7F, 0x80, 0x18, 0x81, 0xFF,
    0x07, 0xF8, 0x08, 0xC7, 0x00, 0x1C, 0x00, 0xFE, 0x1F, 0xB8, 0x7C, 0xE1, 0xE3, 0x87, 0x8E, 0x1E,
    0x38, 0x78, 0xE1, 0xE3, 0x87, 0x8F, 0x1E, 0x3C, 0x78, 0xFF, 0xE1, 0xFF, 0x83, 0xFE, 0x00, 0x00,
    0x03, 0x80, 0x03, 0xC0, 0x03, 0xFE, 0x07, 0xEF, 0x03, 0xE7, 0x81, 0xE3, 0xC0, 0xF1, 0xE0, 0x78,
    0xF0, 0x3C, 0x78, 0x1E, 0x3C, 0x0F, 0x1E, 0x07, 0x8F, 0x03, 0xC7, 0x81, 0xE3, 0xC0, 0xF1, 0xE0,
    0x78, 0xF8, 0x78, 0x3F, 0xFC, 0x0F, 0xFC, 0x03, 0xFC, 0x00, 0x00, 0x00, 0x18, 0x00, 0x1E, 0x00,
    0x0F, 0x00, 0x07, 0x00, 0x00, 0x00, 0x1C, 0x00, 0x70, 0x03, 0xF8, 0x7E, 0xE1, 0xF3, 0x87, 0x8E,
    0x1E, 0x38, 0x78, 0xE1, 0xE3, 0x87, 0x8E, 0x1E, 0x3C, 0x78, 0xF1, 0xE3, 0xFF, 0x87, 0xFE, 0x0F,
    0xF8, 0x00, 0x00, 0x30, 0x00, 0xE0, 0x07, 0x80, 0x0E, 0x00, 0x02, 0x00, 0x07, 0x00, 0x07, 0x80,
    0x03, 0xC0, 0x01, 0xC0, 0x00, 0x80, 0x00, 0x00, 0xF8, 0x1F, 0x78, 0x1E, 0x7C, 0x3E, 0x3C, 0x3C,
    0x3E, 0x7C, 0x1F, 0xF8, 0x0F, 0xF0, 0x0F, 0xF0, 0x07, 0xE0, 0x07, 0xE0, 0x03, 0xC0, 0x03, 0xC0,
    0x03, 0xC0, 0x03, 0xC0, 0x03, 0xC0, 0x03, 0xC0, 0x03, 0xC0, 0x08, 0x00, 0xE0, 0x07, 0x80, 0x1E,
    0x00, 0x70, 0x01, 0x00, 0x00, 0x1E, 0x0F, 0xF8, 0xFB, 0xC7, 0x9E, 0x3C, 0xF1, 0xE3, 0xDE, 0x1E,
    0xF0, 0xF7, 0x83, 0xB8, 0x1F, 0xC0, 0xFE, 0x03, 0xE0, 0x1F, 0x00, 0xF0, 0x0F, 0x83, 0xF8, 0x1F,
    0xC0, 0xF8, 0x00, 0x78, 0x0F, 0x7C, 0x1E, 0x3C, 0x1E, 0x3E, 0x3C, 0x1E, 0x3C, 0x1F, 0x78, 0x0F,
    0xF8, 0x0F, 0xF0, 0x07, 0xE0, 0x03, 0xE0, 0x03, 0xC0, 0x03, 0xC0, 0x03, 0xC0, 0x03, 0xC0, 0x03,
    0xC0, 0x03, 0xC0, 0x03, 0xC0, 0x00, 0x00, 0x01, 0x80, 0x03, 0xC0, 0x03, 0xC0, 0x01, 0xC0, 0xF0,
    0x79, 0xE1, 0xE7, 0x87, 0x9E, 0x1C, 0x3C, 0xF0, 0xF3, 0xC3, 0xCE, 0x07, 0xF8, 0x1F, 0xC0, 0x3F,
    0x00, 0xFC, 0x01, 0xE0, 0x07, 0x80, 0x1C, 0x07, 0xF3, 0xFF, 0x8F, 0xFC, 0x3C, 0xC0, 0x60, 0x07,
    0x80, 0x03, 0xE0, 0x02, 0xE0, 0x00, 0xE0, 0x01, 0xC0, 0x01, 0x80, 0x00, 0x00, 0x78, 0x0F, 0x7C,
    0x1E, 0x3C, 0x1E, 0x3E, 0x3C, 0x1E, 0x3C, 0x1F, 0x78, 0x0F, 0xF8, 0x0F, 0xF0, 0x07, 0xE0, 0x03,
    0xE0, 0x03, 0xC0, 0x03, 0xC0, 0x03, 0xC0, 0x03, 0xC0, 0x03, 0xC0, 0x03, 0xC0, 0x03, 0xC0, 0x07,
    0x00, 0x7C, 0x03, 0xF0, 0x03, 0x80, 0x78, 0x03, 0x80, 0x00, 0x1E, 0x0F, 0x78, 0x7B, 0xC3, 0xDE,
    0x1C, 0x79, 0xE3, 0xCF, 0x1E, 0x70, 0x7F, 0x83, 0xF8, 0x0F, 0xC0, 0x7E, 0x01, 0xE0, 0x0F, 0x00,
    0x70, 0x3F, 0x83, 0xF8, 0x1F, 0x80, 0x30, 0x00, 0x07, 0x10, 0x0F, 0xF8, 0x0F, 0xF0, 0x04, 0x60,
    0x00, 0x00, 0x00, 0x00, 0x78, 0x0F, 0x7C, 0x1E, 0x3C, 0x1E, 0x3E, 0x3C, 0x1E, 0x3C, 0x1F, 0x78,
    0x0F, 0xF8, 0x0F, 0xF0, 0x07, 0xE0, 0x03, 0xE0, 0x03, 0xC0, 0x03, 0xC0, 0x03, 0xC0, 0x03, 0xC0,
    0x03, 0xC0, 0x03, 0xC0, 0x03, 0xC0, 0x0C, 0x40, 0xFF, 0x0F, 0xF8, 0x23, 0x80, 0x00, 0x00, 0x03,
    0xC1, 0xEF, 0x0F, 0x78, 0x7B, 0xC3, 0x8F, 0x3C, 0x79, 0xE3, 0xCE, 0x0F, 0xF0, 0x7F, 0x01, 0xF8,
    0x0F, 0xC0, 0x3C, 0x01, 0xE0, 0x0E, 0x07, 0xF0, 0x7F, 0x03, 0xF0, 0x06, 0x00, 0x00, 0x00, 0xFF,
    0xFF, 0xC0, 0xCD, 0xE3, 0x1E, 0xEC, 0x82, 0x08, 0x20, 0x82, 0x08, 0x20, 0x82, 0x08, 0x20, 0x80,
    0x20, 0xBF, 0x2A, 0x42, 0x10, 0x84, 0x21, 0x08, 0x42, 0x10, 0x84, 0x00, 0x22, 0x3E, 0x92, 0x84,
    0x21, 0x08, 0x42, 0x10, 0x84, 0x21, 0x08, 0x40, 0xFF, 0xFF, 0xC0, 0xFF, 0xFF, 0xC0, 0xFF, 0xFF,
    0xFF, 0xFF, 0xFE, 0xFF, 0xFF, 0xFF, 0xFF, 0xFF, 0xFF, 0xFF, 0xFF, 0xFF, 0xE0, 0xFF, 0xFF, 0xFF,
    0xFF, 0xFF, 0xFF, 0xFF, 0xFF, 0xFF, 0xE0, 0x3B, 0xDD, 0xEF, 0x7B, 0xC0, 0x7B, 0xDE, 0xF7, 0x7B,
    0x80, 0x7B, 0xDE, 0xF7, 0x7B, 0x80, 0x38, 0xEF, 0x3D, 0xC7, 0x79, 0xEF, 0x3D, 0xE7, 0xBC, 0xF0,
    0x79, 0xEF, 0x3D, 0xE7, 0xBC, 0xF7, 0x1D, 0xE7, 0xB8, 0xE0, 0x79, 0xEF, 0x3D, 0xE7, 0xBC, 0xF7,
    0x1D, 0xE7, 0xB8, 0xE0, 0x0F, 0x00, 0xF0, 0x0F, 0x00, 0xF0, 0x0F, 0x0F, 0xFF, 0xFF, 0xFF, 0xFF,
    0x0F, 0x00, 0xF0, 0x0F, 0x00, 0xF0, 0x0F, 0x00, 0xF0, 0x0F, 0x00, 0xF0, 0x0F, 0x00, 0xF0, 0x0F,
    0x00, 0xF0, 0x0F, 0x00, 0x0F, 0x00, 0xF0, 0x0F, 0x00, 0xF0, 0x0F, 0x0F, 0xFF, 0xFF, 0xFF, 0xFF,
    0x0F, 0x00, 0xF0, 0x0F, 0x00, 0xF0, 0xFF, 0xFF, 0xFF, 0xFF, 0xF0, 0xF0, 0x0F, 0x00, 0xF0, 0x0F,
    0x00, 0xF0, 0x0F, 0x00, 0x38, 0xFB, 0xFF, 0xFF, 0xEF, 0x8E, 0x00, 0x70, 0x70, 0x3B, 0xE1, 0xE1,
    0xFF, 0x8F, 0x87, 0xFE, 0x1E, 0x1F, 0x70, 0x70, 0x38, 0x00, 0x3E, 0x07, 0x80, 0x00, 0xFE, 0x0E,
    0x00, 0x03, 0xDE, 0x3C, 0x00, 0x07, 0x1C, 0x70, 0x00, 0x0E, 0x39, 0xC0, 0x00, 0x1C, 0x73, 0x80,
    0x00, 0x3D, 0xEE, 0x00, 0x00, 0x3F, 0xBC, 0x00, 0x00, 0x3E, 0x73, 0xE0, 0xF8, 0x01, 0xEF, 0xE3,
    0xF8, 0x03, 0xBD, 0xEF, 0x78, 0x0E, 0x71, 0xDC, 0x70, 0x1C, 0xE3, 0xB8, 0xE0, 0x71, 0xC7, 0x71,
    0xC1, 0xE3, 0xDE, 0xF7, 0x83, 0x83, 0xF8, 0xFE, 0x0F, 0x03, 0xE0, 0xF8, 0x1C, 0x3C, 0xF3, 0xC7,
    0x9E, 0x1E, 0x3C, 0x3C, 0x3C, 0x70, 0x71, 0xE1, 0xE1, 0xE3, 0xC3, 0xCF, 0x1E, 0x79, 0xE1, 0xC0,
    0x00, 0xF0, 0x0E, 0x01, 0xE0, 0x1C, 0x03, 0xC0, 0x38, 0x07, 0x80, 0x70, 0x0F, 0x00, 0xE0, 0x1E,
    0x01, 0xC0, 0x3C, 0x03, 0x80, 0x78, 0x0F, 0x00, 0xE0, 0x00, 0xF7, 0xFF, 0xE0, 0x00, 0x00, 0x00,
    0x3D, 0xEF, 0x3D, 0xEF, 0x38, 0x3C, 0x7E, 0xE7, 0xE7, 0xE7, 0xE7, 0xE7, 0xE7, 0x7E, 0x3C, 0x1E,
    0x1E, 0x3E, 0x7E, 0x6E, 0xEE, 0xFF, 0xFF, 0x0E, 0x0E, 0x7E, 0xFD, 0x83, 0x07, 0xCF, 0xC3, 0xC7,
    0xFF, 0xF8, 0x1C, 0x79, 0xC7, 0x8F, 0xDF, 0xFB, 0xF7, 0x7E, 0x78, 0xFF, 0xFC, 0x30, 0xE3, 0x87,
    0x0E, 0x38, 0x70, 0xE0, 0x7D, 0xFF, 0xBF, 0x77, 0xCF, 0xBB, 0xF7, 0xFE, 0xF8, 0x79, 0xFB, 0xBF,
    0x7F, 0xEF, 0xC3, 0x8E, 0x7C, 0xE0, 0x3C, 0x7E, 0xE7, 0xE7, 0xE7, 0xE7, 0xE7, 0xE7, 0x7E, 0x3C,
    0x1D, 0xFF, 0xD7, 0x1C, 0x71, 0xC7, 0x1C, 0x70, 0x3E, 0xFF, 0x47, 0x07, 0x0F, 0x3E, 0x78, 0xF0,
    0xFF, 0xFF, 0x7C, 0xFE, 0x0E, 0x0E, 0x3C, 0x3F, 0x07, 0x07, 0xFF, 0x7C, 0x1E, 0x1E, 0x3E, 0x7E,
    0x6E, 0xEE, 0xFF, 0xFF, 0x0E, 0x0E, 0x7E, 0xFD, 0x83, 0x07, 0xCF, 0xC3, 0xC7, 0xFF, 0xF8, 0x1C,
    0x79, 0xC7, 0x8F, 0xDF, 0xFB, 0xF7, 0x7E, 0x78, 0xFF, 0xFC, 0x30, 0xE3, 0x87, 0x0E, 0x38, 0x70,
    0xE0, 0x7D, 0xFF, 0xBF, 0x77, 0xCF, 0xBB, 0xF7, 0xFE, 0xF8, 0x79, 0xFB, 0xBF, 0x7F, 0xEF, 0xC3,
    0x8E, 0x7C, 0xE0, 0xFF, 0xC3, 0xFF, 0xF8, 0xFF, 0xFF, 0x3F, 0xC1, 0xCF, 0xF0, 0x33, 0xFC, 0xCC,
    0xFF, 0x33, 0x3F, 0xCC, 0xCF, 0xF3, 0x33, 0xFC, 0xCC, 0xFF, 0x30, 0x3F, 0xCC, 0x1E, 0xF3, 0xFF,
    0xBC, 0xFF, 0xCF, 0x3F, 0xE0, 0x01, 0xF8, 0x3F, 0xC3, 0xFE, 0x3E, 0x01, 0xE0, 0x1E, 0x03, 0xFF,
    0x9F, 0xFC, 0x3C, 0x01, 0xE0, 0x3F, 0xF1, 0xFF, 0x83, 0xE0, 0x0F, 0x00, 0x7F, 0xE1, 0xFF, 0x03,
    0xF0, 0xFF, 0xFF, 0xFF, 0xFF, 0xFF, 0xC1, 0xE0, 0x07, 0x80, 0x1F, 0xC0, 0x7F, 0x03, 0xF0, 0x3F,
    0x80, 0xFE, 0x80, 0x7F, 0x01, 0xF8, 0x1F, 0x80, 0xFE, 0x01, 0xF8, 0x01, 0xE0, 0x07, 0x80, 0x1F,
    0x87, 0xFC, 0x3F, 0xE2, 0x1E, 0xFF, 0xFF, 0xFF, 0xFF, 0xF0, 0xF0, 0x1E, 0x0F, 0xFF, 0xFF, 0xFF,
    0xFF, 0x78, 0x07, 0xC2, 0x7F, 0xF3, 0xFF, 0x0F, 0xC0, 0xFF, 0xFF, 0xFF, 0xFF, 0xFF, 0xC0, 0xF0,
    0x01, 0xE3, 0xFF, 0xEF, 0xFF, 0x80, 0x78, 0x07, 0xC3, 0xFF, 0x0F, 0xF8, 0x3F, 0x80, 0x78, 0x00,
    0xF0, 0x01, 0xF0, 0x03, 0xE0, 0x07, 0xC0, 0x1F, 0x81, 0xFE, 0x0F, 0xF8, 0x43, 0xE0, 0x0F, 0x00,
    0x3C, 0x3F, 0xE7, 0xFF, 0x7F, 0xFB, 0xC3, 0xFC, 0x1F, 0xE0, 0xFF, 0x07, 0xF8, 0x7B, 0xE7, 0xCF,
    0xFC, 0x3F, 0xC0, 0xFC, 0x00, 0x07, 0xF0, 0x03, 0xF8, 0x03, 0xFC, 0x01, 0xFF, 0x00, 0xFF, 0x80,
    0xFB, 0xE0, 0x7D, 0xF0, 0x3C, 0x78, 0x3E, 0x3E, 0x1F, 0x1F, 0x0F, 0x87, 0x8F, 0x83, 0xC7, 0xC1,
    0xF3, 0xE0, 0xF9, 0xFF, 0xFD, 0xFF, 0xFF, 0xFF, 0xFF, 0x80, 0xFF, 0xFF, 0xFF, 0xFF, 0xFF, 0xFC,
    0x0F, 0xF0, 0x3F, 0xC0, 0xFF, 0x03, 0xFC, 0x0F, 0xF0, 0x3F, 0xC0, 0xFF, 0x03, 0xFC, 0x0F, 0xF0,
    0x3F, 0xC0, 0xFF, 0x03, 0xFC, 0x0F, 0xF0, 0x3F, 0xC0, 0xFF, 0x03, 0xFC, 0x0F, 0xF0, 0x3C, 0xFF,
    0xFF, 0xFF, 0xFF, 0xFE, 0xF0, 0x07, 0xC0, 0x1F, 0x00, 0x7C, 0x01, 0xE0, 0x0F, 0x80, 0x3E, 0x03,
    0xE0, 0x1E, 0x01, 0xF0, 0x1F, 0x00, 0xF0, 0x0F, 0x80, 0x78, 0x07, 0xFF, 0xFF, 0xFF, 0xFF, 0xF0,
    0xFF, 0xFF, 0xFF, 0xFF, 0xF0, 0x00, 0xF0, 0x0E, 0x01, 0xE0, 0x1C, 0x03, 0xC0, 0x38, 0x07, 0x80,
    0x70, 0x0F, 0x00, 0xE0, 0x1E, 0x01, 0xC0, 0x3C, 0x03, 0x80, 0x78, 0x0F, 0x00, 0xE0, 0x00, 0x77,
    0xFF, 0xF7, 0x00, 0x00, 0x1E, 0x00, 0x3C, 0x00, 0xF0, 0x01, 0xE0, 0x03, 0xC0, 0x07, 0x00, 0x1E,
    0x00, 0x3C, 0x08, 0x71, 0xF8, 0xE3, 0xF3, 0xC3, 0xF7, 0x01, 0xEE, 0x01, 0xFC, 0x03, 0xF0, 0x03,
    0xE0, 0x07, 0xC0, 0x07, 0x00, 0x3C, 0xF1, 0xFF, 0xEF, 0xFF, 0xF9, 0xE7, 0xE7, 0x9F, 0xFF, 0xF7,
    0xFF, 0x8F, 0x3C, 0x03, 0xC3, 0xF0, 0xFC, 0x7C, 0x1E, 0x07, 0x81, 0xE0, 0x78, 0x1E, 0x07, 0x81,
    0xE0, 0x78, 0x1E, 0x07, 0x81, 0xE0, 0x78, 0x1E, 0x07, 0x81, 0xE0, 0xF8, 0xFC, 0x3F, 0x0F, 0x00,
    0x38, 0x67, 0xE7, 0xFF, 0xEE, 0x7E, 0x61, 0xC0, 0x00, 0x38, 0x67, 0xE7, 0xFF, 0xFE, 0x7E, 0x61,
    0xC0, 0x00, 0xC0, 0x0E, 0x01, 0xCF, 0xFF, 0xFF, 0xFF, 0xFF, 0x07, 0x00, 0xE0, 0xFF, 0xFF, 0xFF,
    0xFF, 0xF3, 0x80, 0x70, 0x03, 0x00, 0x00, 0x60, 0xFE, 0xFF, 0xFF, 0xFF, 0xFF, 0x8F, 0x00, 0xFF,
    0x8F, 0xFF, 0xFF, 0xF0, 0xFE, 0x00, 0x60, 0x00, 0xFF, 0xFF, 0xFF, 0xFF, 0xF0, 0x60, 0x07, 0xF0,
    0xFF, 0xFF, 0xFF, 0x1F, 0xF0, 0x0F, 0x1F, 0xFF, 0xFF, 0xFF, 0xF7, 0xF0, 0x60, 0x00, 0x00, 0xFF,
    0xFF, 0xFF, 0xFF, 0xF0, 0x1F, 0x83, 0xF3, 0xF8, 0xFF, 0x7F, 0x9F, 0xFF, 0x81, 0xE0, 0xF0, 0x1E,
    0x0F, 0x03, 0xC0, 0xFF, 0xBF, 0xEF, 0xFB, 0xFE, 0xFF, 0xBF, 0xEF, 0x03, 0xC0, 0xF0, 0x3C, 0x0F,
    0x03, 0xC0, 0xF0, 0x3C, 0x0F, 0x03, 0xC0, 0xF0, 0x3C, 0x0F, 0x03, 0xC0, 0xF0, 0x3C, 0x0F, 0x03,
    0xC0, 0xF0, 0x3C, 0x00, 0x1F, 0x9E, 0x7F, 0x3D, 0xFE, 0x7F, 0xC0, 0xFF, 0x00, 0x1E, 0x00, 0x3F,
    0xE7, 0xFF, 0xCF, 0xFF, 0x9F, 0xE0, 0x3F, 0xC0, 0x7F, 0x80, 0xFF, 0x01, 0xFE, 0x03, 0xFC, 0x07,
    0xF8, 0x0F, 0xF0, 0x1F, 0xE0, 0x3F, 0xC0, 0x78, 0x1F, 0x8E, 0x1F, 0xCF, 0x1F, 0xE7, 0x9F, 0x03,
    0xCF, 0x01, 0xE7, 0x80, 0xF3, 0xFE, 0x79, 0xFF, 0x3C, 0xFF, 0x9E, 0x78, 0x0F, 0x3C, 0x07, 0x9E,
    0x03, 0xCF, 0x01, 0xE7, 0x80, 0xF3, 0xC0, 0x79, 0xE0, 0x3E, 0xF0, 0x1F, 0xF8, 0x07, 0xFC, 0x01,
    0xE0, 0x1F, 0x83, 0xF3, 0xCF, 0xE1, 0xFC, 0xF7, 0xF8, 0xFF, 0x3F, 0xE0, 0x7C, 0x0F, 0xF0, 0x1E,
    0x00, 0x3C, 0x07, 0x80, 0x0F, 0xF9, 0xFF, 0x3F, 0xFE, 0x7F, 0xCF, 0xFF, 0x9F, 0xF3, 0xFC, 0x07,
    0x80, 0xFF, 0x01, 0xE0, 0x3F, 0xC0, 0x78, 0x0F, 0xF0, 0x1E, 0x03, 0xFC, 0x07, 0x80, 0xFF, 0x01,
    0xE0, 0x3F, 0xC0, 0x78, 0x0F, 0xF0, 0x1E, 0x03, 0xFC, 0x07, 0x80, 0xFF, 0x01, 0xE0, 0x3C, 0x1F,
    0x83, 0xF9, 0xC3, 0xF8, 0x7F, 0x3C, 0x7F, 0x8F, 0xF3, 0xCF, 0x81, 0xF0, 0x3C, 0xF0, 0x1E, 0x03,
    0xCF, 0x01, 0xE0, 0x3C, 0xFF, 0x9F, 0xF3, 0xCF, 0xF9, 0xFF, 0x3C, 0xFF, 0x9F, 0xF3, 0xCF, 0x01,
    0xE0, 0x3C, 0xF0, 0x1E, 0x03, 0xCF, 0x01, 0xE0, 0x3C, 0xF0, 0x1E, 0x03, 0xCF, 0x01, 0xE0, 0x3C,
    0xF0, 0x1E, 0x03, 0xCF, 0x01, 0xE0, 0x3E, 0xF0, 0x1E, 0x03, 0xFF, 0x01, 0xE0, 0x1F, 0xF0, 0x1E,
    0x00, 0xF0, 0x00, 0x00, 0x0C, 0x80, 0x00, 0x3F, 0xC0, 0x00, 0x7F, 0x00, 0x00, 0x7E, 0x00, 0x00,
    0xFC, 0x00, 0x01, 0xFC, 0x00, 0x07, 0xFE, 0x00, 0x3F, 0x7F, 0xFF, 0xFE, 0xFF, 0xFF, 0xF8, 0x7F,
    0xFF, 0x80, 0x02, 0x00, 0x00, 0x00, 0x00, 0x00, 0x08, 0x80, 0x00, 0x3B, 0x80, 0x00, 0x77, 0x00,
    0x00, 0x10, 0x00, 0x00, 0x70, 0x00, 0x00, 0xE0, 0x00, 0x40, 0x00, 0x00, 0x03, 0xC0, 0x00, 0x00,
    0x0E, 0x00, 0x00, 0x30, 0x38, 0x00, 0x01, 0xE0, 0xE0, 0x00, 0x0F, 0x83, 0xC0, 0x00, 0xFE, 0x0F,
    0xC0, 0x0F, 0xFE, 0x1F, 0xFF, 0xFF, 0xFE, 0x7F, 0xFF, 0xF1, 0xFC, 0x7F, 0xFF, 0x03, 0xE0, 0x05,
    0x00, 0x00, 0x00, 0x00, 0x00, 0x00, 0x00, 0x44, 0x00, 0x00, 0x03, 0xB8, 0x00, 0x00, 0x0E, 0xC0,
    0x00, 0x00, 0x04, 0x00, 0x00, 0x00, 0x38, 0x00, 0x00, 0x00, 0xE0, 0x00, 0x00, 0x04, 0x3C, 0x78,
    0xF0, 0xE1, 0xC3, 0x87, 0x3F, 0xFF, 0xF7, 0xC0, 0x00, 0x11, 0x77, 0x6E, 0x20, 0xE1, 0xC0, 0x09,
    0x00, 0xE0, 0x0E, 0x00, 0xE0, 0x1E, 0x07, 0xF8, 0xFF, 0xFF, 0xBF, 0xF1, 0xF0, 0x00, 0x00, 0x02,
    0x20, 0x77, 0x07, 0x70, 0x08, 0x01, 0xC0, 0x1C, 0x00, 0x00, 0x60, 0x00, 0x00, 0xC0, 0x00, 0x01,
    0xF0, 0x00, 0x03, 0xF0, 0x00, 0x06, 0x60, 0x00, 0x1F, 0xC0, 0x00, 0x3E, 0x00, 0x00, 0x00, 0x06,
    0x40, 0x00, 0x1F, 0xE0, 0x00, 0x3F, 0x80, 0x00, 0x3F, 0x00, 0x00, 0x7E, 0x00, 0x00, 0xFE, 0x00,
    0x03, 0xFF, 0x00, 0x1F, 0xBF, 0xFF, 0xFF, 0x7F, 0xFF, 0xFC, 0x3F, 0xFF, 0xC0, 0x01, 0x00, 0x00,
    0x00, 0x20, 0x00, 0x00, 0x00, 0x80, 0x00, 0x00, 0x03, 0xE0, 0x00, 0x00, 0x0F, 0xC0, 0x00, 0x00,
    0x33, 0x00, 0x00, 0x01, 0xF8, 0x00, 0x00, 0x07, 0xC0, 0x00, 0x00, 0x00, 0x00, 0x00, 0x40, 0x00,
    0x00, 0x03, 0xC0, 0x00, 0x00, 0x0E, 0x00, 0x00, 0x30, 0x38, 0x00, 0x01, 0xE0, 0xE0, 0x00, 0x0F,
    0x83, 0xC0, 0x00, 0xFE, 0x0F, 0xC0, 0x0F, 0xFE, 0x1F, 0xFF, 0xFF, 0xFE, 0x7F, 0xFF, 0xF1, 0xFC,
    0x7F, 0xFF, 0x03, 0xE0, 0x05, 0x00, 0x00, 0x00, 0x60, 0xC1, 0xFB, 0xF6, 0x7F, 0xFF, 0x00, 0x00,
    0x10, 0xF1, 0xE1, 0xC3, 0x87, 0x8F, 0x1E, 0x7B, 0xF7, 0xCF, 0x00, 0x08, 0x00, 0x80, 0x0B, 0x80,
    0xF8, 0x0C, 0x81, 0xF8, 0x3E, 0x00, 0x00, 0x00, 0x00, 0x90, 0x0E, 0x00, 0xE0, 0x0E, 0x01, 0xE0,
    0x7F, 0x8F, 0xFF, 0xFB, 0xFF, 0x1F, 0x08, 0x00, 0x3F, 0xE0, 0x1F, 0xFE, 0x0F, 0xFF, 0xE0, 0x0F,
    0xF0, 0x03, 0xF8, 0x07, 0xFC, 0x0F, 0xE0, 0x0F, 0x80, 0x0F, 0x00, 0x0F, 0x00, 0x0F, 0x00, 0x07,
    0x8D, 0x83, 0x86, 0x83, 0xC1, 0x81, 0xE0, 0xC0, 0xF0, 0x00, 0x3C, 0x00, 0x1F, 0x00, 0x47, 0xFF,
    0xE1, 0xFF, 0xF8, 0x7F, 0xF8, 0x07, 0xE0, 0x08, 0x00, 0x03, 0xFE, 0x00, 0x1F, 0xFE, 0x00, 0xFF,
    0xFE, 0x00, 0x0F, 0xF0, 0x00, 0x3F, 0x80, 0x07, 0xFC, 0x00, 0xFF, 0xC0, 0x0F, 0x8E, 0x00, 0xF0,
    0x7C, 0x0F, 0x01, 0xFE, 0xF0, 0x0F, 0xF7, 0x8D, 0x9F, 0xB8, 0x68, 0x03, 0xC1, 0x80, 0x1E, 0x0C,
    0x00, 0xF0, 0x00, 0x03, 0xC0, 0x00, 0x1F, 0x00, 0x40, 0x7F, 0xFE, 0x01, 0xFF, 0xF8, 0x07, 0xFF,
    0x80, 0x07, 0xE0, 0x00, 0x7E, 0x00, 0xFF, 0x80, 0xFF, 0x81, 0xFF, 0xF0, 0x07, 0xE0, 0x0F, 0xC0,
    0x7F, 0x8F, 0xF8, 0xFF, 0xC1, 0xFE, 0x03, 0xE0, 0x00, 0x00, 0x00, 0x00, 0x00, 0x88, 0x03, 0xB8,
    0x07, 0x70, 0x01, 0x00, 0x07, 0x00, 0x0E, 0x00, 0x7E, 0x00, 0x1F, 0xF0, 0x03, 0xFE, 0x00, 0xFF,
    0xF8, 0x00, 0x7E, 0x00, 0x1F, 0x80, 0x1F, 0xE0, 0x7F, 0xF8, 0xFF, 0xFF, 0xFF, 0xC7, 0xFF, 0x80,
    0x7C, 0x00, 0x00, 0x00, 0x00, 0x01, 0x20, 0x00, 0xFC, 0x00, 0x33, 0x00, 0x02, 0x00, 0x00, 0xC0,
    0x00, 0x30, 0x00, 0x30, 0x06, 0x00, 0xFC, 0x1F, 0x83, 0x30, 0xFE, 0x1F, 0x80, 0x00, 0x00, 0x00,
    0x40, 0x1C, 0x07, 0xC0, 0x78, 0x07, 0x80, 0xF0, 0x0E, 0x01, 0xE0, 0x3D, 0xCF, 0xFF, 0xFF, 0xFC,
    0xFE, 0x00, 0x30, 0x00, 0x60, 0x00, 0xFC, 0x01, 0xF8, 0x03, 0x30, 0x0F, 0xE0, 0x1F, 0x80, 0x00,
    0x00, 0x00, 0x00, 0x04, 0x00, 0x1C, 0x00, 0x7C, 0x00, 0x78, 0x00, 0x78, 0x00, 0xF0, 0x00, 0xE0,
    0x01, 0xE0, 0x03, 0xC1, 0x9F, 0xE7, 0xFF, 0xFF, 0xFF, 0xEF, 0xE3, 0xC0, 0x03, 0x01, 0xE0, 0x30,
    0x33, 0x1F, 0xC3, 0x30, 0x00, 0x00, 0x00, 0x00, 0x40, 0x30, 0x1E, 0x07, 0x80, 0xE0, 0x3C, 0x0F,
    0x03, 0xC0, 0xE0, 0x78, 0x3E, 0x1F, 0x3F, 0x87, 0xC1, 0xC0, 0x40, 0x00, 0x07, 0x00, 0x1C, 0x00,
    0x70, 0x02, 0x20, 0x1D, 0xC0, 0x77, 0x00, 0x00, 0x00, 0x00, 0x00, 0x00, 0x04, 0x00, 0x30, 0x01,
    0xE0, 0x07, 0x80, 0x0E, 0x00, 0x3C, 0x00, 0xFC, 0x03, 0xFC, 0x0F, 0xF0, 0x7B, 0xC3, 0xE0, 0x1F,
    0x01, 0xF8, 0x0F, 0xC0, 0x1C, 0x00, 0x40, 0x00, 0x04, 0x01, 0x00, 0x5C, 0x1F, 0x06, 0x43, 0xF1,
    0xF0, 0x00, 0x00, 0x00, 0x00, 0x10, 0x0C, 0x07, 0x81, 0xE0, 0x38, 0x0F, 0x03, 0xC0, 0xF0, 0x38,
    0x1E, 0x0F, 0x87, 0xCF, 0xE1, 0xF0, 0x70, 0x10, 0x00, 0x0C, 0x00, 0x30, 0x00, 0xF8, 0x03, 0xF0,
    0x0C, 0xC0, 0x7F, 0x01, 0xF0, 0x00, 0x00, 0x00, 0x00, 0x00, 0x00, 0x10, 0x00, 0xC0, 0x07, 0x80,
    0x1E, 0x00, 0x38, 0x00, 0xF0, 0x03, 0xF0, 0x0F, 0xF0, 0x3F, 0xC1, 0xEF, 0x0F, 0x80, 0x7C, 0x07,
    0xE0, 0x3F, 0x00, 0x70, 0x01, 0x00, 0x00, 0x00, 0x00, 0x08, 0x00, 0x00, 0xE0, 0x00, 0x0F, 0xC0,
    0x00, 0xFE, 0x00, 0x0F, 0xE0, 0x00, 0x7E, 0x00, 0x01, 0xE0, 0x00, 0x07, 0xC0, 0x40, 0x0F, 0x83,
    0xC0, 0x1F, 0x0E, 0x00, 0x3E, 0x38, 0x00, 0x78, 0xE0, 0x00, 0xF3, 0xC0, 0x03, 0xCF, 0xC0, 0x0F,
    0x1F, 0xFF, 0xFC, 0x7F, 0xFF, 0xE0, 0x7F, 0xFE, 0x00, 0x05, 0x00, 0x00, 0x00, 0x00, 0x10, 0x00,
    0x00, 0x3C, 0x00, 0x00, 0x7E, 0x00, 0x00, 0x7F, 0x80, 0x00, 0xFE, 0x00, 0x00, 0xFC, 0x00, 0x00,
    0x78, 0x00, 0x00, 0x3C, 0x00, 0x40, 0x0F, 0x00, 0x78, 0x03, 0xC0, 0x38, 0x00, 0xF0, 0x1C, 0x00,
    0x3C, 0x0E, 0x00, 0x1F, 0x07, 0x80, 0x07, 0x83, 0xF0, 0x03, 0xF0, 0xFF, 0xFF, 0xFF, 0x7F, 0xFF,
    0xFF, 0x8F, 0xFF, 0xC7, 0x80, 0x18, 0x00, 0x00, 0x00, 0x40, 0x1E, 0x07, 0xE1, 0xFF, 0x3F, 0x87,
    0xE0, 0x78, 0x07, 0xC0, 0x3E, 0x01, 0xF0, 0x0F, 0x00, 0x78, 0x03, 0xC0, 0x3C, 0x07, 0xCF, 0xF8,
    0xFF, 0x8F, 0xE0, 0x00, 0x40, 0x03, 0xC0, 0x1F, 0x80, 0xFF, 0x83, 0xF8, 0x0F, 0xC0, 0x1E, 0x00,
    0x3C, 0x00, 0x3C, 0x00, 0x3C, 0x00, 0x3C, 0x00, 0x3C, 0x00, 0x7C, 0x00, 0x78, 0x01, 0xFC, 0x7F,
    0xFF, 0xFF, 0x7F, 0xFC, 0x78, 0x00, 0x00, 0x20, 0x00, 0x03, 0x80, 0x00, 0x3F, 0x00, 0x01, 0xF0,
    0x00, 0x1F, 0x08, 0x00, 0xF0, 0xE0, 0x01, 0x0F, 0xC0, 0x00, 0xFE, 0x00, 0x0F, 0xE0, 0x00, 0x7E,
    0x00, 0x01, 0xE0, 0x00, 0x07, 0xC0, 0x40, 0x0F, 0x83, 0xC0, 0x1F, 0x0E, 0x00, 0x3E, 0x38, 0x00,
    0x78, 0xE0, 0x00, 0xF3, 0xC0, 0x03, 0xCF, 0xC0, 0x0F, 0x1F, 0xFF, 0xFC, 0x7F, 0xFF, 0xE0, 0x7F,
    0xFE, 0x00, 0x05, 0x00, 0x00, 0x00, 0x00, 0x20, 0x00, 0x00, 0x70, 0x00, 0x00, 0xF8, 0x00, 0x01,
    0xF0, 0x00, 0x01, 0xF1, 0x00, 0x01, 0xE3, 0xC0, 0x00, 0x47, 0xE0, 0x00, 0x07, 0xF8, 0x00, 0x0F,
    0xE0, 0x00, 0x0F, 0xC0, 0x00, 0x07, 0x80, 0x00, 0x03, 0xC0, 0x04, 0x00, 0xF0, 0x07, 0x80, 0x3C,
    0x03, 0x80, 0x0F, 0x01, 0xC0, 0x03, 0xC0, 0xE0, 0x01, 0xF0, 0x78, 0x00, 0x78, 0x3F, 0x00, 0x3F,
    0x0F, 0xFF, 0xFF, 0xF7, 0xFF, 0xFF, 0xF8, 0xFF, 0xFC, 0x78, 0x01, 0x80, 0x00, 0x00, 0x80, 0x38,
    0x0F, 0x83, 0xE0, 0xF8, 0x4F, 0x1E, 0x47, 0xE1, 0xFF, 0x3F, 0x87, 0xE0, 0x78, 0x07, 0xC0, 0x3E,
    0x01, 0xF0, 0x0F, 0x00, 0x78, 0x03, 0xC0, 0x3C, 0x07, 0xCF, 0xF8, 0xFF, 0x8F, 0xE0, 0x00, 0x80,
    0x07, 0x00, 0x3E, 0x01, 0xF0, 0x0F, 0x84, 0x1E, 0x3C, 0x11, 0xF8, 0x0F, 0xF8, 0x3F, 0x80, 0xFC,
    0x01, 0xE0, 0x03, 0xC0, 0x03, 0xC0, 0x03, 0xC0, 0x03, 0xC0, 0x03, 0xC0, 0x07, 0xC0, 0x07, 0x80,
    0x1F, 0xC7, 0xFF, 0xFF, 0xF7, 0xFF, 0xC7, 0x80, 0x00, 0x06, 0x00, 0x1E, 0x00, 0x0F, 0x60, 0x0F,
    0xF0, 0x0F, 0xF0, 0x07, 0xE0, 0x07, 0xE0, 0x07, 0xE0, 0x0F, 0xF0, 0x0F, 0xF8, 0x1E, 0xFF, 0xFE,
    0x7F, 0xFC, 0x3F, 0xF8, 0x07, 0xC0, 0x00, 0x02, 0x00, 0x00, 0x70, 0x00, 0x03, 0xC0, 0xC0, 0x1E,
    0x0F, 0x00, 0xF0, 0x78, 0x03, 0xE3, 0x80, 0x1F, 0xFC, 0x00, 0xFF, 0xE0, 0x07, 0xFF, 0x80, 0x78,
    0x3E, 0x07, 0xC1, 0xFF, 0xFC, 0x07, 0xFF, 0xC0, 0x1F, 0xFC, 0x00, 0x1F, 0x00, 0x00, 0x10, 0x06,
    0x03, 0xC0, 0xF8, 0x3F, 0x1F, 0xE7, 0x7B, 0x8F, 0xE1, 0xF8, 0x7F, 0x7F, 0xFE, 0x7F, 0x8F, 0x80,
    0x07, 0x80, 0x0F, 0xF0, 0x0F, 0xF8, 0x0F, 0xFC, 0x07, 0x8F, 0x07, 0x87, 0x83, 0xC1, 0xF0, 0xE0,
    0xFE, 0x78, 0x3F, 0xB0, 0x0F, 0x80, 0x08, 0x78, 0xF0, 0xE1, 0xC3, 0xC7, 0x8F, 0x3D, 0xFB, 0xE7,
    0x81, 0x07, 0x0C, 0x1C, 0x10, 0x1C, 0x00, 0xF8, 0x03, 0xF1, 0xFF, 0xE7, 0xFD, 0xCF, 0xC3, 0xBC,
    0x07, 0xF0, 0x0F, 0xE0, 0x0F, 0xC0, 0x1F, 0x80, 0x1E, 0x00, 0x10, 0x00, 0x00, 0x80, 0x00, 0x70,
    0x00, 0x3F, 0x00, 0x07, 0xE0, 0x03, 0xFC, 0x01, 0xFF, 0x80, 0x73, 0xF0, 0x1C, 0xFE, 0x07, 0x3B,
    0xC1, 0xFE, 0x74, 0x3F, 0x1D, 0xFF, 0xFF, 0x7F, 0xFF, 0xFF, 0xCF, 0xE0, 0x00, 0x78, 0x00, 0x1F,
    0x80, 0x07, 0xF8, 0x01, 0xFF, 0x00, 0x3D, 0xE0, 0x0F, 0x3C, 0x01, 0xE7, 0x80, 0x38, 0xE0, 0x67,
    0xFE, 0x0F, 0xFF, 0xFF, 0xFF, 0xFF, 0xFF, 0x87, 0xF0, 0x78, 0x70, 0x0F, 0x9E, 0x00, 0xFF, 0xC0,
    0x1F, 0xF0, 0x00, 0xFE, 0x00, 0x02, 0x00, 0x04, 0x00, 0x1C, 0x00, 0x7C, 0x00, 0x7E, 0x01, 0xFE,
    0x07, 0xFE, 0x0E, 0x7E, 0x1C, 0xFE, 0x39, 0xDE, 0x7F, 0xBC, 0x7E, 0x7F, 0xFF, 0xFF, 0xFF, 0xDE,
    0x7F, 0x00, 0x03, 0xC0, 0x07, 0xE0, 0x0F, 0xF0, 0x1F, 0xF0, 0x1E, 0x70, 0x1C, 0x70, 0x3C, 0xF0,
    0x3C, 0xE0, 0x3F, 0xF0, 0xFF, 0xFF, 0xFF, 0xFF, 0xF8, 0x7F, 0x3C, 0x38, 0x3E, 0x38, 0x1F, 0xF8,
    0x1F, 0xF8, 0x07, 0xF0, 0x00, 0x80, 0x01, 0x00, 0x00, 0x1F, 0x00, 0x00, 0xFE, 0x00, 0x07, 0xBC,
    0x00, 0x1E, 0xF0, 0x00, 0xF1, 0xE0, 0x07, 0x86, 0x00, 0x3C, 0x00, 0x00, 0xE0, 0x00, 0x03, 0xE0,
    0x00, 0x3F, 0xFF, 0xFF, 0xDF, 0xFF, 0xFF, 0x1F, 0xFF, 0xF8, 0x02, 0xC0, 0x00, 0x03, 0xFF, 0x1F,
    0xFF, 0x3F, 0xFF, 0x7F, 0x00, 0xF8, 0x00, 0xF0, 0x00, 0xF8, 0x01, 0xFF, 0xFE, 0x7F, 0xFE, 0x1F,
    0xFE, 0x1C, 0x00, 0x00, 0xF0, 0x00, 0x03, 0x00, 0x00, 0x0C, 0x00, 0x00, 0x3E, 0x00, 0x01, 0xF0,
    0x00, 0x02, 0x00, 0x00, 0x00, 0x40, 0x00, 0x07, 0xC0, 0x00, 0x3F, 0x80, 0x01, 0xEF, 0x00, 0x07,
    0xBC, 0x00, 0x3C, 0x78, 0x01, 0xE1, 0x80, 0x0F, 0x00, 0x00, 0x38, 0x00, 0x00, 0xF8, 0x00, 0x0F,
    0xFF, 0xFF, 0xF7, 0xFF, 0xFF, 0xC7, 0xFF, 0xFE, 0x00, 0xB0, 0x00, 0x1C, 0x00, 0x3C, 0x00, 0x30,
    0x00, 0x30, 0x00, 0x1E, 0x00, 0x3E, 0x00, 0x20, 0x00, 0x00, 0x00, 0x03, 0xFF, 0x1F, 0xFF, 0x3F,
    0xFF, 0x7F, 0x00, 0xF8, 0x00, 0xF0, 0x00, 0xF8, 0x01, 0xFF, 0xFE, 0x7F, 0xFE, 0x1F, 0xFE, 0x00,
    0x07, 0xC0, 0x03, 0xFC, 0x00, 0xFF, 0x00, 0x1F, 0x60, 0x07, 0x80, 0x00, 0xE0, 0x18, 0x1C, 0x07,
    0x83, 0xC0, 0xF0, 0x7F, 0x1C, 0x07, 0xF3, 0x80, 0x3F, 0x70, 0x01, 0xEF, 0x00, 0x3D, 0xF0, 0x1F,
    0x3F, 0xFF, 0xE3, 0xFF, 0xF8, 0x1F, 0xFC, 0x00, 0x7C, 0x00, 0x60, 0x00, 0x07, 0x80, 0x60, 0x3C,
    0x03, 0xF1, 0xC0, 0x1F, 0xFE, 0x01, 0xFF, 0xF0, 0x01, 0xFF, 0xC0, 0x0F, 0x1F, 0x00, 0x78, 0xFF,
    0xFF, 0x83, 0xFF, 0xFC, 0x0F, 0xFF, 0x80, 0x0F, 0xC0, 0x00, 0x04, 0x1E, 0x1E, 0x1E, 0x0E, 0x0E,
    0x0E, 0x0E, 0x3E, 0xFE, 0xFC, 0xF8, 0x00, 0x00, 0x66, 0xE7, 0xFF, 0x66, 0x09, 0x00, 0xE0, 0x0E,
    0x00, 0xE0, 0x1E, 0x07, 0xF8, 0xFF, 0xFF, 0xBF, 0xF1, 0xF0, 0x00, 0x00, 0x02, 0x30, 0x77, 0x87,
    0x78, 0x33, 0x00, 0x0F, 0x83, 0xF0, 0xFC, 0x1E, 0x87, 0x80, 0xF0, 0x0E, 0x31, 0xFE, 0x1F, 0xFF,
    0xF9, 0xFC, 0x3C, 0x00, 0x71, 0xFF, 0x8E, 0x00, 0x00, 0x3C, 0x3C, 0x1C, 0x1C, 0x1C, 0x1C, 0x1C,
    0x1C, 0x1C, 0x1C, 0x1C, 0x1C, 0x1C, 0x1C, 0x1C, 0x1C, 0x1C, 0x71, 0x1F, 0xE1, 0x38, 0x00, 0x00,
    0x00, 0x38, 0x07, 0x00, 0xE0, 0x1C, 0x03, 0x80, 0x70, 0x0E, 0x01, 0xC0, 0x38, 0x07, 0x00, 0xE0,
    0x1C, 0x03, 0xC0, 0x78, 0x0F, 0x81, 0xFE, 0x1F, 0xC1, 0xF8, 0x31, 0xCC, 0x38, 0x7B, 0xF8, 0x00,
    0x79, 0xE3, 0x8E, 0x38, 0xE3, 0x8E, 0x38, 0xE3, 0x8E, 0x38, 0xE3, 0x8E, 0x38, 0x38, 0x1C, 0x0E,
    0x01, 0x80, 0x78, 0x3F, 0x04, 0x00, 0x00, 0x38, 0x0E, 0x03, 0x80, 0xE0, 0x38, 0x0E, 0x03, 0x80,
    0xE0, 0x38, 0x0E, 0x03, 0x80, 0xE0, 0x3C, 0x0F, 0x03, 0xE0, 0xFF, 0x1F, 0xC3, 0xF0, 0x0E, 0x07,
    0x03, 0x00, 0x60, 0x1E, 0x0F, 0xC1, 0x00, 0x00, 0x1E, 0x0F, 0xE7, 0xF9, 0xFF, 0xF3, 0xFC, 0x7F,
    0x1F, 0xFF, 0x7F, 0xCF, 0xF0, 0x7C, 0x3E, 0xFF, 0x3F, 0x8F, 0xC3, 0x00, 0x0E, 0x00, 0x70, 0x03,
    0x00, 0x06, 0x00, 0x1E, 0x00, 0xFC, 0x01, 0x00, 0x00, 0x00, 0x1E, 0x00, 0xFE, 0x07, 0xF8, 0x1F,
    0xF0, 0xF3, 0xC3, 0xC7, 0x0F, 0x1C, 0x3F, 0xFF, 0x7F, 0xFC, 0xFF, 0xF0, 0x7C, 0x03, 0xE0, 0xFF,
    0x03, 0xF8, 0x0F, 0xC0, 0x30, 0x00, 0xF1, 0xC7, 0x1C, 0x71, 0xC7, 0x1C, 0x71, 0xC7, 0x1C, 0x71,
    0xC7, 0x1C, 0x71, 0xC0, 0x8E, 0x79, 0x86, 0x1F, 0xF9, 0x00, 0x70, 0x38, 0x1C, 0x0E, 0x07, 0x03,
    0x81, 0xC0, 0xE0, 0x70, 0x38, 0x1C, 0x0E, 0x07, 0x83, 0xC1, 0xF0, 0xFF, 0x3F, 0x8F, 0xC0, 0x07,
    0x07, 0x83, 0x01, 0x80, 0x78, 0x7C, 0x20, 0x00, 0x1C, 0x00, 0x07, 0x80, 0xF8, 0xC0, 0x7F, 0x98,
    0x1F, 0xE1, 0xE3, 0xEC, 0x7C, 0xF0, 0x08, 0x1C, 0x03, 0x03, 0x80, 0xF0, 0x78, 0x1E, 0x0F, 0xE3,
    0x80, 0xFE, 0x70, 0x07, 0xEE, 0x00, 0x3D, 0xE0, 0x07, 0xBE, 0x03, 0xE7, 0xFF, 0xFC, 0x7F, 0xFF,
    0x03, 0xFF, 0x80, 0x0F, 0x80, 0x00, 0x1C, 0x00, 0x01, 0xE0, 0x00, 0x0C, 0x00, 0x00, 0x60, 0x00,
    0x01, 0xE0, 0x00, 0x1F, 0x00, 0x00, 0x80, 0x00, 0x0C, 0x00, 0x00, 0xF0, 0x0C, 0x07, 0x80, 0x7E,
    0x38, 0x03, 0xFF, 0xC0, 0x3F, 0xFE, 0x00, 0x3F, 0xF8, 0x01, 0xE3, 0xE0, 0x0F, 0x1F, 0xFF, 0xF0,
    0x7F, 0xFF, 0x81, 0xFF, 0xF0, 0x01, 0xF8, 0x00, 0x38, 0xF1, 0x83, 0x03, 0xCF, 0x10, 0x00, 0x08,
    0x78, 0xF0, 0xE1, 0xC3, 0xC7, 0x8F, 0x3D, 0xFB, 0xE7, 0x80, 0x0C, 0x03, 0xC0, 0x30, 0x03, 0x00,
    0x1E, 0x03, 0xE0, 0x20, 0x00, 0x00, 0x08, 0x00, 0xE0, 0x1E, 0x01, 0xE0, 0x1E, 0x07, 0xF8, 0xFF,
    0xEF, 0xFF, 0xE3, 0xE0, 0xF3, 0x9C, 0xE7, 0x39, 0xCE, 0x73, 0x9C, 0xE7, 0x39, 0xCE, 0x73, 0xC0,
    0x70, 0x38, 0x1C, 0x0E, 0x07, 0x03, 0x81, 0xC0, 0xE0, 0x70, 0x38, 0x1C, 0x0E, 0x07, 0x83, 0xC1,
    0xF0, 0xFF, 0x3F, 0x8F, 0xC0, 0x00, 0x00, 0x0C, 0x80, 0x00, 0x3F, 0xC0, 0x00, 0x7F, 0x00, 0x00,
    0x7E, 0x00, 0x00, 0xFC, 0x00, 0x01, 0xFC, 0x00, 0x07, 0xFE, 0x00, 0x3F, 0x7F, 0xFF, 0xFE, 0xFF,
    0xFF, 0xF8, 0x7F, 0xFF, 0x80, 0x02, 0x00, 0x00, 0x00, 0x00, 0x00, 0x00, 0x00, 0x00, 0x04, 0x00,
    0x00, 0x1C, 0x00, 0x00, 0x38, 0x00, 0x00, 0x70, 0x00, 0x40, 0x00, 0x00, 0x03, 0xC0, 0x00, 0x00,
    0x0E, 0x00, 0x00, 0x30, 0x38, 0x00, 0x01, 0xE0, 0xE0, 0x00, 0x0F, 0x83, 0xC0, 0x00, 0xFE, 0x0F,
    0xC0, 0x0F, 0xFE, 0x1F, 0xFF, 0xFF, 0xFE, 0x7F, 0xFF, 0xF1, 0xFC, 0x7F, 0xFF, 0x03, 0xE0, 0x05,
    0x00, 0x00, 0x00, 0x00, 0x00, 0x00, 0x00, 0x00, 0x00, 0x00, 0x00, 0x40, 0x00, 0x00, 0x03, 0x80,
    0x00, 0x00, 0x0E, 0x00, 0x00, 0x00, 0x30, 0x00, 0x00, 0x08, 0x78, 0xF0, 0xE1, 0xC3, 0xC7, 0x8F,
    0x3D, 0xFB, 0xE7, 0x80, 0x00, 0x0C, 0x3C, 0x78, 0x60, 0x08, 0x00, 0xE0, 0x1E, 0x01, 0xE0, 0x1E,
    0x07, 0xF8, 0xFF, 0xEF, 0xFF, 0xE3, 0xE0, 0x00, 0x00, 0x00, 0x80, 0x1C, 0x01, 0xC0, 0x18, 0x00,
    0x73, 0x1D, 0xE7, 0x70, 0x00, 0x00, 0x04, 0x01, 0x80, 0xF0, 0x3E, 0x0F, 0xC7, 0xF9, 0xDE, 0xE3,
    0xF8, 0x7E, 0x1F, 0xDF, 0xFF, 0x9F, 0xE3, 0xE0, 0x19, 0xC0, 0x7B, 0x80, 0x77, 0x00, 0x00, 0x00,
    0x00, 0x00, 0x00, 0x00, 0x70, 0x00, 0xE0, 0x03, 0xC0, 0x3F, 0x80, 0xFF, 0x03, 0xFE, 0x0F, 0x1C,
    0x1C, 0x38, 0x38, 0x78, 0x7C, 0xF0, 0xFF, 0xE0, 0xFF, 0xE0, 0xFF, 0xF8, 0x07, 0xF0, 0x07, 0xC0,
    0x00, 0xEE, 0x00, 0x01, 0xDC, 0x00, 0x03, 0xB8, 0x00, 0x00, 0x00, 0x64, 0x00, 0x01, 0xFE, 0x00,
    0x03, 0xF8, 0x00, 0x03, 0xF0, 0x00, 0x07, 0xE0, 0x00, 0x0F, 0xE0, 0x00, 0x3F, 0xF0, 0x01, 0xFB,
    0xFF, 0xFF, 0xF7, 0xFF, 0xFF, 0xC3, 0xFF, 0xFC, 0x00, 0x10, 0x00, 0x00, 0x00, 0x66, 0x00, 0x00,
    0x03, 0xFC, 0x00, 0x00, 0x0E, 0x70, 0x00, 0x00, 0x00, 0x00, 0x00, 0x40, 0x00, 0x00, 0x03, 0xC0,
    0x00, 0x00, 0x0E, 0x00, 0x00, 0x30, 0x38, 0x00, 0x01, 0xE0, 0xE0, 0x00, 0x0F, 0x83, 0xC0, 0x00,
    0xFE, 0x0F, 0xC0, 0x0F, 0xFE, 0x1F, 0xFF, 0xFF, 0xFE, 0x7F, 0xFF, 0xF1, 0xFC, 0x7F, 0xFF, 0x03,
    0xE0, 0x05, 0x00, 0x00, 0x00, 0xE7, 0xDF, 0xB8, 0x00, 0x01, 0x0F, 0x1E, 0x1C, 0x38, 0x78, 0xF1,
    0xE7, 0xBF, 0x7C, 0xF0, 0x39, 0x83, 0xBC, 0x3B, 0xC0, 0x00, 0x00, 0x00, 0x90, 0x0E, 0x00, 0xE0,
    0x0E, 0x01, 0xE0, 0x7F, 0x8F, 0xFF, 0xFB, 0xFF, 0x1F, 0x00, 0x18, 0x00, 0x00, 0x70, 0x00, 0x00,
    0x60, 0x00, 0x02, 0x20, 0x00, 0x0E, 0xE0, 0x00, 0x1D, 0xC0, 0x00, 0x00, 0x03, 0x20, 0x00, 0x0F,
    0xF0, 0x00, 0x1F, 0xC0, 0x00, 0x1F, 0x80, 0x00, 0x3F, 0x00, 0x00, 0x7F, 0x00, 0x01, 0xFF, 0x80,
    0x0F, 0xDF, 0xFF, 0xFF, 0xBF, 0xFF, 0xFE, 0x1F, 0xFF, 0xE0, 0x00, 0x80, 0x00, 0x00, 0x18, 0x00,
    0x00, 0x00, 0x70, 0x00, 0x00, 0x01, 0x80, 0x00, 0x00, 0x08, 0x80, 0x00, 0x00, 0x77, 0x00, 0x00,
    0x01, 0xDC, 0x00, 0x00, 0x00, 0x00, 0x00, 0x10, 0x00, 0x00, 0x00, 0xF0, 0x00, 0x00, 0x03, 0x80,
    0x00, 0x0C, 0x0E, 0x00, 0x00, 0x78, 0x38, 0x00, 0x03, 0xE0, 0xF0, 0x00, 0x3F, 0x83, 0xF0, 0x03,
    0xFF, 0x87, 0xFF, 0xFF, 0xFF, 0x9F, 0xFF, 0xFC, 0x7F, 0x1F, 0xFF, 0xC0, 0xF8, 0x01, 0x40, 0x00,
    0x00, 0x18, 0x70, 0x62, 0x3E, 0xFD, 0xC0, 0x00, 0x08, 0x78, 0xF0, 0xE1, 0xC3, 0xC7, 0x8F, 0x3D,
    0xFB, 0xE7, 0x80, 0x06, 0x00, 0xF0, 0x06, 0x01, 0x98, 0x3F, 0x81, 0x98, 0x00, 0x00, 0x00, 0x09,
    0x00, 0xE0, 0x0E, 0x00, 0xE0, 0x1E, 0x07, 0xF8, 0xFF, 0xFF, 0xBF, 0xF1, 0xF0, 0x08, 0x00, 0x7F,
    0x80, 0x7F, 0xF0, 0x7F, 0xFE, 0x00, 0xFF, 0x00, 0x7F, 0x03, 0xFF, 0x07, 0xE0, 0x1F, 0x80, 0x1E,
    0x00, 0x3C, 0x00, 0x78, 0x00, 0x70, 0x60, 0x70, 0xF0, 0xF0, 0xF0, 0xF0, 0x60, 0xF0, 0x00, 0x78,
    0x00, 0x7C, 0x02, 0x3F, 0xFF, 0x3F, 0xFF, 0x0F, 0xFF, 0x01, 0xF8, 0x08, 0x00, 0x07, 0xF8, 0x00,
    0x7F, 0xF0, 0x07, 0xFF, 0xE0, 0x00, 0xFF, 0x00, 0x07, 0xF0, 0x03, 0xFF, 0x00, 0x7F, 0xC0, 0x1F,
    0x8E, 0x01, 0xE0, 0xF8, 0x3C, 0x0F, 0xF7, 0x80, 0x7F, 0x70, 0x63, 0xF7, 0x0F, 0x00, 0xF0, 0xF0,
    0x0F, 0x06, 0x00, 0xF0, 0x00, 0x07, 0x80, 0x00, 0x7C, 0x02, 0x03, 0xFF, 0xF0, 0x3F, 0xFF, 0x00,
    0xFF, 0xF0, 0x01, 0xF8, 0x00, 0x7E, 0x00, 0xFF, 0x80, 0xFF, 0x81, 0xFF, 0xF0, 0x07, 0xE0, 0x0F,
    0xC0, 0x7F, 0x8F, 0xF8, 0xFF, 0xC1, 0xFE, 0x03, 0xE0, 0x00, 0x00, 0x00, 0x00, 0x00, 0x20, 0x00,
    0xE0, 0x01, 0xC0, 0x01, 0x00, 0x7E, 0x00, 0x1F, 0xF0, 0x03, 0xFE, 0x00, 0xFF, 0xF8, 0x00, 0x7E,
    0x00, 0x1F, 0x80, 0x1F, 0xE0, 0x7F, 0xF8, 0xFF, 0xFF, 0xFF, 0xC7, 0xFF, 0x80, 0x7C, 0x00, 0x00,
    0x00, 0x00, 0x00, 0xC0, 0x00, 0x78, 0x00, 0x1E, 0x00, 0x03, 0x00, 0x00, 0x08, 0x00, 0x7F, 0x80,
    0x7F, 0xF0, 0x7F, 0xFE, 0x00, 0xFF, 0x00, 0x7F, 0x03, 0xFF, 0x07, 0xE0, 0x1F, 0x80, 0x1E, 0x00,
    0x3C, 0x00, 0x78, 0x00, 0x70, 0x00, 0x70, 0x00, 0xF0, 0x00, 0xF0, 0x00, 0xF0, 0x00, 0x78, 0x00,
    0x7C, 0x02, 0x3F, 0xFF, 0x3F, 0xFF, 0x0F, 0xFF, 0x01, 0xF8, 0x08, 0x00, 0x07, 0xF8, 0x00, 0x7F,
    0xF0, 0x07, 0xFF, 0xE0, 0x00, 0xFF, 0x00, 0x07, 0xF0, 0x03, 0xFF, 0x00, 0x7F, 0xC0, 0x1F, 0x8E,
    0x01, 0xE0, 0xF8, 0x3C, 0x0F, 0xF7, 0x80, 0x7F, 0x70, 0x03, 0xF7, 0x00, 0x00, 0xF0, 0x00, 0x0F,
    0x00, 0x00, 0xF0, 0x00, 0x07, 0x80, 0x00, 0x7C, 0x02, 0x03, 0xFF, 0xF0, 0x3F, 0xFF, 0x00, 0xFF,
    0xF0, 0x01, 0xF8, 0x00, 0x7E, 0x00, 0xFF, 0x80, 0xFF, 0x81, 0xFF, 0xF0, 0x07, 0xE0, 0x0F, 0xC0,
    0x7F, 0x8F, 0xF8, 0xFF, 0xC1, 0xFE, 0x03, 0xE0, 0x00, 0x7E, 0x00, 0x1F, 0xF0, 0x03, 0xFE, 0x00,
    0xFF, 0xF8, 0x00, 0x7E, 0x00, 0x1F, 0x80, 0x1F, 0xE0, 0x7F, 0xF8, 0xFF, 0xFF, 0xFF, 0xC7, 0xFF,
    0x80, 0x7C, 0x01, 0xC0, 0x03, 0xC0, 0x01, 0xC0, 0x00, 0x00, 0x00, 0x00, 0x08, 0x00, 0x7F, 0x80,
    0x7F, 0xF0, 0x7F, 0xFE, 0x00, 0xFF, 0x00, 0x7F, 0x03, 0xFF, 0x07, 0xE0, 0x1F, 0x80, 0x1E, 0x00,
    0x3C, 0x00, 0x78, 0x00, 0x70, 0x00, 0x70, 0x00, 0xF0, 0x00, 0xF0, 0x00, 0xF0, 0x00, 0x78, 0x00,
    0x7C, 0x02, 0x3F, 0xFF, 0x3F, 0xFF, 0x0F, 0xFF, 0x01, 0xF8, 0x01, 0xC0, 0x00, 0x3C, 0x00, 0x01,
    0xC0, 0x00, 0x00, 0x00, 0x00, 0x00, 0x00, 0x80, 0x00, 0x7F, 0x80, 0x07, 0xFF, 0x00, 0x7F, 0xFE,
    0x00, 0x0F, 0xF0, 0x00, 0x7F, 0x00, 0x3F, 0xF0, 0x07, 0xFC, 0x01, 0xF8, 0xE0, 0x1E, 0x0F, 0x83,
    0xC0, 0xFF, 0x78, 0x07, 0xF7, 0x00, 0x3F, 0x70, 0x00, 0x0F, 0x00, 0x00, 0xF0, 0x00, 0x0F, 0x00,
    0x00, 0x78, 0x00, 0x07, 0xC0, 0x20, 0x3F, 0xFF, 0x03, 0xFF, 0xF0, 0x0F, 0xFF, 0x00, 0x1F, 0x80,
    0x1C, 0x00, 0x78, 0x00, 0x70, 0x00, 0x00, 0x00, 0x00, 0x00, 0x00, 0x1F, 0x80, 0x3F, 0xE0, 0x3F,
    0xE0, 0x7F, 0xFC, 0x01, 0xF8, 0x03, 0xF0, 0x1F, 0xE3, 0xFE, 0x3F, 0xF0, 0x7F, 0x80, 0xF8, 0x00,
    0x1C, 0x00, 0x0F, 0x00, 0x01, 0xC0, 0x00, 0x00, 0x00, 0x00, 0x00, 0x00, 0x00, 0x07, 0xE0, 0x01,
    0xFF, 0x00, 0x3F, 0xE0, 0x0F, 0xFF, 0x80, 0x07, 0xE0, 0x01, 0xF8, 0x01, 0xFE, 0x07, 0xFF, 0x8F,
    0xFF, 0xFF, 0xFC, 0x7F, 0xF8, 0x07, 0xC0, 0x02, 0x00, 0xE0, 0x3E, 0x03, 0xC0, 0x3C, 0x07, 0x80,
    0x70, 0x0F, 0x01, 0xEE, 0x7F, 0xFF, 0xFF, 0xE7, 0xF0, 0x02, 0x00, 0x0E, 0x00, 0x3E, 0x00, 0x3C,
    0x00, 0x3C, 0x00, 0x78, 0x00, 0x70, 0x00, 0xF0, 0x01, 0xE0, 0xCF, 0xF3, 0xFF, 0xFF, 0xFF, 0xF7,
    0xF1, 0xE0, 0x1C, 0x03, 0x80, 0x70, 0x00, 0x00, 0x00, 0x04, 0x01, 0xC0, 0x7C, 0x07, 0x80, 0x78,
    0x0F, 0x00, 0xE0, 0x1E, 0x03, 0xDC, 0xFF, 0xFF, 0xFF, 0xCF, 0xE0, 0x1C, 0x00, 0x38, 0x00, 0x70,
    0x00, 0x00, 0x00, 0x00, 0x00, 0x40, 0x01, 0xC0, 0x07, 0xC0, 0x07, 0x80, 0x07, 0x80, 0x0F, 0x00,
    0x0E, 0x00, 0x1E, 0x00, 0x3C, 0x19, 0xFE, 0x7F, 0xFF, 0xFF, 0xFE, 0xFE, 0x3C, 0x01, 0x00, 0xC0,
    0x78, 0x1E, 0x03, 0x80, 0xF0, 0x3C, 0x0F, 0x03, 0x81, 0xE0, 0xF8, 0x7C, 0xFE, 0x1F, 0x07, 0x01,
    0x00, 0x01, 0x00, 0x0C, 0x00, 0x78, 0x01, 0xE0, 0x03, 0x80, 0x0F, 0x00, 0x3F, 0x00, 0xFF, 0x03,
    0xFC, 0x1E, 0xF0, 0xF8, 0x07, 0xC0, 0x7E, 0x03, 0xF0, 0x07, 0x00, 0x10, 0x00, 0x07, 0x01, 0xE0,
    0x70, 0x00, 0x00, 0x00, 0x00, 0x10, 0x0C, 0x07, 0x81, 0xE0, 0x38, 0x0F, 0x03, 0xC0, 0xF0, 0x38,
    0x1E, 0x0F, 0x87, 0xCF, 0xE1, 0xF0, 0x70, 0x10, 0x00, 0x07, 0x00, 0x1C, 0x00, 0x70, 0x00, 0x00,
    0x00, 0x00, 0x00, 0x00, 0x10, 0x00, 0xC0, 0x07, 0x80, 0x1E, 0x00, 0x38, 0x00, 0xF0, 0x03, 0xF0,
    0x0F, 0xF0, 0x3F, 0xC1, 0xEF, 0x0F, 0x80, 0x7C, 0x07, 0xE0, 0x3F, 0x00, 0x70, 0x01, 0x00, 0x00,
    0x00, 0x00, 0x00, 0x02, 0x00, 0x00, 0x00, 0x1E, 0x00, 0x00, 0x00, 0x1E, 0x00, 0x02, 0x00, 0x0F,
    0x00, 0x0E, 0x07, 0x0F, 0x00, 0x0F, 0x07, 0x0F, 0x60, 0x0F, 0x07, 0x0F, 0xF0, 0x0F, 0x0F, 0x0F,
    0xF0, 0x07, 0x9F, 0x9F, 0xE0, 0x07, 0xFF, 0xFE, 0xE0, 0x07, 0xFF, 0xFE, 0xE0, 0x07, 0xF8, 0xF8,
    0xF0, 0x0F, 0x00, 0x00, 0xF8, 0x1F, 0x00, 0x00, 0xFF, 0xFE, 0x00, 0x00, 0x7F, 0xFC, 0x00, 0x00,
    0x3F, 0xF8, 0x00, 0x00, 0x07, 0xC0, 0x00, 0x00, 0x00, 0x00, 0x00, 0x0E, 0x00, 0x00, 0x10, 0x00,
    0x78, 0x00, 0x03, 0x81, 0xC3, 0xC0, 0x00, 0x1E, 0x0E, 0x1E, 0x06, 0x00, 0xF0, 0x70, 0xF0, 0x78,
    0x07, 0x87, 0x87, 0x83, 0xC0, 0x1E, 0x7E, 0x7F, 0x1C, 0x00, 0xFF, 0xFF, 0xFF, 0xE0, 0x07, 0xFD,
    0xFD, 0xFF, 0x00, 0x3F, 0xC7, 0xC7, 0xFC, 0x03, 0xC0, 0x00, 0x01, 0xF0, 0x3E, 0x00, 0x00, 0x0F,
    0xFF, 0xE0, 0x00, 0x00, 0x3F, 0xFE, 0x00, 0x00, 0x00, 0xFF, 0xE0, 0x00, 0x00, 0x00, 0xF8, 0x00,
    0x00, 0x00, 0x00, 0x00, 0x08, 0x00, 0x00, 0x78, 0x00, 0x00, 0xF0, 0x00, 0x01, 0xE1, 0xE1, 0xE1,
    0xC3, 0xC3, 0xC3, 0x87, 0x87, 0x87, 0x8F, 0x0E, 0x0E, 0x7F, 0x3F, 0x3D, 0xFF, 0xFF, 0xFB, 0xFF,
    0xFF, 0xE7, 0x9F, 0x9F, 0x80, 0x00, 0x00, 0x1C, 0x00, 0x00, 0x03, 0x80, 0x78, 0x78, 0x70, 0x0F,
    0x0F, 0x0E, 0x01, 0xE1, 0xE1, 0xE0, 0x3C, 0x38, 0x3C, 0x1F, 0xCF, 0xDF, 0xE7, 0xFF, 0xFF, 0xFF,
    0xFF, 0xFF, 0xF7, 0xFE, 0x7E, 0x7C, 0x3C, 0x00, 0x00, 0x0C, 0x00, 0x00, 0x00, 0x0E, 0x00, 0x00,
    0x00, 0x0C, 0x00, 0x00, 0x00, 0x13, 0x00, 0x00, 0x00, 0x3B, 0x80, 0x00, 0x00, 0x3B, 0x00, 0x00,
    0x00, 0x00, 0x02, 0x00, 0x00, 0x00, 0x1E, 0x00, 0x00, 0x00, 0x1E, 0x00, 0x02, 0x00, 0x0F, 0x00,
    0x0E, 0x07, 0x0F, 0x00, 0x0F, 0x07, 0x0F, 0x60, 0x0F, 0x07, 0x0F, 0xF0, 0x0F, 0x0F, 0x0F, 0xF0,
    0x07, 0x9F, 0x9F, 0xE0, 0x07, 0xFF, 0xFE, 0xE0, 0x07, 0xFF, 0xFE, 0xE0, 0x07, 0xF8, 0xF8, 0xF0,
    0x0F, 0x00, 0x00, 0xF8, 0x1F, 0x00, 0x00, 0xFF, 0xFE, 0x00, 0x00, 0x7F, 0xFC, 0x00, 0x00, 0x3F,
    0xF8, 0x00, 0x00, 0x07, 0xC0, 0x00, 0x00, 0x00, 0x00, 0x0C, 0x00, 0x00, 0x00, 0x00, 0x70, 0x00,
    0x00, 0x00, 0x03, 0x00, 0x00, 0x00, 0x00, 0x26, 0x00, 0x00, 0x00, 0x03, 0xB8, 0x00, 0x00, 0x00,
    0x1D, 0x80, 0x00, 0x00, 0x00, 0x00, 0x00, 0x00, 0x00, 0x00, 0x00, 0x00, 0x00, 0x00, 0x00, 0x0E,
    0x00, 0x00, 0x10, 0x00, 0x78, 0x00, 0x03, 0x81, 0xC3, 0xC0, 0x00, 0x1E, 0x0E, 0x1E, 0x06, 0x00,
    0xF0, 0x70, 0xF0, 0x78, 0x07, 0x87, 0x87, 0x83, 0xC0, 0x1E, 0x7E, 0x7F, 0x1C, 0x00, 0xFF, 0xFF,
    0xFF, 0xE0, 0x07, 0xFD, 0xFD, 0xFF, 0x00, 0x3F, 0xC7, 0xC7, 0xFC, 0x03, 0xC0, 0x00, 0x01, 0xF0,
    0x3E, 0x00, 0x00, 0x0F, 0xFF, 0xE0, 0x00, 0x00, 0x3F, 0xFE, 0x00, 0x00, 0x00, 0xFF, 0xE0, 0x00,
    0x00, 0x00, 0xF8, 0x00, 0x00, 0x00, 0x00, 0x0C, 0x00, 0x00, 0x1C, 0x00, 0x00, 0x30, 0x00, 0x01,
    0x98, 0x00, 0x03, 0xF8, 0x00, 0x06, 0x60, 0x00, 0x00, 0x02, 0x00, 0x00, 0x1E, 0x00, 0x00, 0x3C,
    0x00, 0x00, 0x78, 0x78, 0x78, 0x70, 0xF0, 0xF0, 0xE1, 0xE1, 0xE1, 0xE3, 0xC3, 0x83, 0x9F, 0xCF,
    0xCF, 0x7F, 0xFF, 0xFE, 0xFF, 0xFF, 0xF9, 0xE7, 0xE7, 0xE0, 0x00, 0x0C, 0x00, 0x00, 0x03, 0x80,
    0x00, 0x00, 0x30, 0x00, 0x00, 0x11, 0x00, 0x00, 0x07, 0x70, 0x00, 0x00, 0xEE, 0x00, 0x00, 0x00,
    0x00, 0x00, 0x00, 0x00, 0x00, 0x00, 0x00, 0x1C, 0x00, 0x00, 0x03, 0x80, 0x78, 0x78, 0x70, 0x0F,
    0x0F, 0x0E, 0x01, 0xE1, 0xE1, 0xE0, 0x3C, 0x38, 0x3C, 0x1F, 0xCF, 0xDF, 0xE7, 0xFF, 0xFF, 0xFF,
    0xFF, 0xFF, 0xF7, 0xFE, 0x7E, 0x7C, 0x3C, 0x00, 0x00, 0x00, 0x3E, 0x00, 0x00, 0x00, 0x3F, 0xC0,
    0x00, 0x20, 0x3F, 0xF8, 0x00, 0x38, 0x1F, 0xFE, 0x00, 0x0F, 0x0F, 0x83, 0xD8, 0x03, 0xC7, 0xC0,
    0xFF, 0x00, 0xF1, 0xE0, 0x3B, 0xC0, 0x1F, 0xF0, 0x7E, 0xE0, 0x07, 0xFF, 0xFF, 0x38, 0x01, 0xFF,
    0xFF, 0x8E, 0x00, 0x77, 0xFF, 0x83, 0xC0, 0x3C, 0x00, 0x00, 0xF8, 0x1F, 0x00, 0x00, 0x3F, 0xFF,
    0x80, 0x00, 0x07, 0xFF, 0xC0, 0x00, 0x00, 0xFF, 0xE0, 0x00, 0x00, 0x07, 0xC0, 0x00, 0x00, 0x00,
    0x00, 0x00, 0x00, 0x3E, 0x00, 0x00, 0x00, 0x07, 0xF8, 0x00, 0x00, 0x80, 0xFF, 0xE0, 0x00, 0x1C,
    0x0F, 0xFF, 0x00, 0x00, 0xF0, 0xF8, 0x3C, 0x30, 0x07, 0x8F, 0x81, 0xE3, 0xC0, 0x3C, 0x78, 0x0E,
    0x1E, 0x00, 0xFF, 0x83, 0xF0, 0xE0, 0x07, 0xFF, 0xFF, 0xFF, 0x00, 0x3F, 0xFF, 0xFF, 0xF8, 0x01,
    0xDF, 0xFE, 0x7F, 0xE0, 0x1E, 0x00, 0x00, 0x0F, 0x81, 0xF0, 0x00, 0x00, 0x7F, 0xFF, 0x00, 0x00,
    0x01, 0xFF, 0xF0, 0x00, 0x00, 0x07, 0xFF, 0x00, 0x00, 0x00, 0x07, 0xC0, 0x00, 0x00, 0x00, 0x00,
    0x00, 0xF0, 0x00, 0x07, 0xF8, 0x00, 0x3F, 0xF8, 0xF0, 0xFF, 0xF1, 0xC3, 0xE0, 0xE3, 0x8F, 0x81,
    0xCF, 0x3E, 0x03, 0xBF, 0x78, 0x3F, 0xFF, 0xFF, 0xFD, 0xEF, 0xFF, 0xF3, 0x8F, 0xFF, 0x80, 0x00,
    0x00, 0xF0, 0x00, 0x00, 0x7F, 0x80, 0x00, 0x3F, 0xF8, 0x0F, 0x0F, 0xFF, 0x01, 0xC3, 0xE0, 0xE0,
    0x38, 0xF8, 0x1C, 0x0F, 0x3E, 0x03, 0x83, 0xF7, 0x83, 0xF8, 0xFF, 0xFF, 0xFF, 0xFE, 0xFF, 0xFF,
    0xFF, 0x8F, 0xFF, 0x9F, 0x80, 0x00, 0x00, 0x00, 0x38, 0x00, 0x00, 0x00, 0x0E, 0x00, 0x00, 0x00,
    0x03, 0x80, 0x00, 0x00, 0x00, 0x00, 0x00, 0x00, 0x00, 0x00, 0x00, 0x00, 0x00, 0x00, 0x00, 0x00,
    0x00, 0x03, 0xE0, 0x00, 0x00, 0x03, 0xFC, 0x00, 0x02, 0x03, 0xFF, 0x80, 0x03, 0x81, 0xFF, 0xE0,
    0x00, 0xF0, 0xF8, 0x3D, 0x80, 0x3C, 0x7C, 0x0F, 0xF0, 0x0F, 0x1E, 0x03, 0xBC, 0x01, 0xFF, 0x07,
    0xEE, 0x00, 0x7F, 0xFF, 0xF3, 0x80, 0x1F, 0xFF, 0xF8, 0xE0, 0x07, 0x7F, 0xF8, 0x3C, 0x03, 0xC0,
    0x00, 0x0F, 0x81, 0xF0, 0x00, 0x03, 0xFF, 0xF8, 0x00, 0x00, 0x7F, 0xFC, 0x00, 0x00, 0x0F, 0xFE,
    0x00, 0x00, 0x00, 0x7C, 0x00, 0x00, 0x00, 0x00, 0x00, 0x00, 0x38, 0x00, 0x00, 0x00, 0x01, 0xC0,
    0x00, 0x00, 0x00, 0x0E, 0x00, 0x00, 0x00, 0x00, 0x00, 0x00, 0x00, 0x00, 0x00, 0x00, 0x00, 0x00,
    0x00, 0x00, 0x00, 0x00, 0x00, 0x00, 0xF8, 0x00, 0x00, 0x00, 0x1F, 0xE0, 0x00, 0x02, 0x03, 0xFF,
    0x80, 0x00, 0x70, 0x3F, 0xFC, 0x00, 0x03, 0xC3, 0xE0, 0xF0, 0xC0, 0x1E, 0x3E, 0x07, 0x8F, 0x00,
    0xF1, 0xE0, 0x38, 0x78, 0x03, 0xFE, 0x0F, 0xC3, 0x80, 0x1F, 0xFF, 0xFF, 0xFC, 0x00, 0xFF, 0xFF,
    0xFF, 0xE0, 0x07, 0x7F, 0xF9, 0xFF, 0x80, 0x78, 0x00, 0x00, 0x3E, 0x07, 0xC0, 0x00, 0x01, 0xFF,
    0xFC, 0x00, 0x00, 0x07, 0xFF, 0xC0, 0x00, 0x00, 0x1F, 0xFC, 0x00, 0x00, 0x00, 0x1F, 0x00, 0x00,
    0x00, 0x00, 0x00, 0x00, 0xE0, 0x00, 0x01, 0xC0, 0x00, 0x03, 0x80, 0x00, 0x00, 0x00, 0x00, 0x00,
    0x00, 0x00, 0x00, 0x00, 0x00, 0x3C, 0x00, 0x01, 0xFE, 0x00, 0x0F, 0xFE, 0x3C, 0x3F, 0xFC, 0x70,
    0xF8, 0x38, 0xE3, 0xE0, 0x73, 0xCF, 0x80, 0xEF, 0xDE, 0x0F, 0xFF, 0xFF, 0xFF, 0x7B, 0xFF, 0xFC,
    0xE3, 0xFF, 0xE0, 0x00, 0x00, 0xE0, 0x00, 0x00, 0x1C, 0x00, 0x00, 0x03, 0x80, 0x00, 0x00, 0x00,
    0x00, 0x00, 0x00, 0x00, 0x00, 0x00, 0x00, 0x00, 0x00, 0x3C, 0x00, 0x00, 0x1F, 0xE0, 0x00, 0x0F,
    0xFE, 0x03, 0xC3, 0xFF, 0xC0, 0x70, 0xF8, 0x38, 0x0E, 0x3E, 0x07, 0x03, 0xCF, 0x80, 0xE0, 0xFD,
    0xE0, 0xFE, 0x3F, 0xFF, 0xFF, 0xFF, 0xBF, 0xFF, 0xFF, 0xE3, 0xFF, 0xE7, 0xE0, 0x07, 0x00, 0x00,
    0x70, 0x00, 0x07, 0x00, 0x00, 0x70, 0x00, 0x07, 0x00, 0x00, 0x78, 0x00, 0x07, 0x80, 0x00, 0x78,
    0xF8, 0x07, 0xBF, 0xE0, 0x7F, 0xFE, 0x07, 0xFF, 0xF0, 0x7F, 0x0F, 0x07, 0xC0, 0x70, 0x7C, 0x0F,
    0x4F, 0x83, 0xF7, 0xFF, 0xFE, 0x7F, 0xFF, 0xCF, 0xFF, 0xF0, 0x07, 0x00, 0x00, 0x07, 0x00, 0x00,
    0x07, 0x00, 0x00, 0x07, 0x00, 0x00, 0x07, 0x00, 0x00, 0x07, 0x80, 0x00, 0x07, 0x80, 0x00, 0x07,
    0x8F, 0x80, 0x07, 0xBF, 0xE0, 0x07, 0xFF, 0xE0, 0x07, 0xFF, 0xF0, 0x07, 0xF0, 0xF0, 0x07, 0xC0,
    0x70, 0x07, 0xC0, 0xF0, 0x4F, 0x83, 0xF0, 0x7F, 0xFF, 0xFE, 0x7F, 0xFF, 0xFF, 0xFF, 0xFF, 0x3E,
    0x3C, 0x00, 0x1E, 0x00, 0x0F, 0x00, 0x07, 0x80, 0x03, 0xC0, 0x01, 0xE0, 0x00, 0xF0, 0x00, 0x78,
    0xFC, 0x3D, 0xFF, 0x1F, 0xFF, 0xCF, 0xF9, 0xE7, 0xF0, 0x73, 0xF0, 0x39, 0xF0, 0x3C, 0xF1, 0xFF,
    0xFF, 0xFE, 0xFF, 0xFE, 0x7F, 0xF8, 0x00, 0x3C, 0x00, 0x01, 0xE0, 0x00, 0x0F, 0x00, 0x00, 0x78,
    0x00, 0x03, 0xC0, 0x00, 0x1E, 0x00, 0x00, 0xF0, 0x00, 0x07, 0x8F, 0xC0, 0x3D, 0xFF, 0x01, 0xFF,
    0xFC, 0x0F, 0xF9, 0xE0, 0x7F, 0x07, 0x03, 0xF0, 0x38, 0x1F, 0x03, 0xC0, 0xF1, 0xFE, 0x1F, 0xFF,
    0xFF, 0xFF, 0xFF, 0xFF, 0xFF, 0x8F, 0xC0, 0x07, 0x00, 0x00, 0x70, 0x70, 0x07, 0x07, 0x80, 0x70,
    0x70, 0x07, 0x00, 0x00, 0x78, 0x00, 0x07, 0x80, 0x00, 0x78, 0xF8, 0x07, 0xBF, 0xE0, 0x7F, 0xFE,
    0x07, 0xFF, 0xF0, 0x7F, 0x0F, 0x07, 0xC0, 0x70, 0x7C, 0x0F, 0x4F, 0x83, 0xF7, 0xFF, 0xFE, 0x7F,
    0xFF, 0xCF, 0xFF, 0xF0, 0x07, 0x00, 0x00, 0x07, 0x07, 0x00, 0x07, 0x07, 0x00, 0x07, 0x07, 0x00,
    0x07, 0x00, 0x00, 0x07, 0x80, 0x00, 0x07, 0x80, 0x00, 0x07, 0x8F, 0x80, 0x07, 0xBF, 0xE0, 0x07,
    0xFF, 0xE0, 0x07, 0xFF, 0xF0, 0x07, 0xF0, 0xF0, 0x07, 0xC0, 0x70, 0x07, 0xC0, 0xF0, 0x4F, 0x83,
    0xF0, 0x7F, 0xFF, 0xFE, 0x7F, 0xFF, 0xFF, 0xFF, 0xFF, 0x3E, 0x3C, 0x00, 0x1E, 0x1C, 0x0F, 0x0E,
    0x07, 0x87, 0x03, 0xC0, 0x01, 0xE0, 0x00, 0xF0, 0x00, 0x78, 0xFC, 0x3D, 0xFF, 0x1F, 0xFF, 0xCF,
    0xF9, 0xE7, 0xF0, 0x73, 0xF0, 0x39, 0xF0, 0x3C, 0xF1, 0xFF, 0xFF, 0xFE, 0xFF, 0xFE, 0x7F, 0xF8,
    0x00, 0x3C, 0x00, 0x01, 0xE1, 0xC0, 0x0F, 0x0E, 0x00, 0x78, 0x70, 0x03, 0xC0, 0x00, 0x1E, 0x00,
    0x00, 0xF0, 0x00, 0x07, 0x8F, 0xC0, 0x3D, 0xFF, 0x01, 0xFF, 0xFC, 0x0F, 0xF9, 0xE0, 0x7F, 0x07,
    0x03, 0xF0, 0x38, 0x1F, 0x03, 0xC0, 0xF1, 0xFE, 0x1F, 0xFF, 0xFF, 0xFF, 0xFF, 0xFF, 0xFF, 0x8F,
    0xC0, 0x07, 0xC0, 0x1F, 0xC0, 0x3F, 0xC0, 0x7F, 0xC0, 0x78, 0x00, 0x78, 0x00, 0x78, 0x10, 0x3C,
    0xF0, 0x3F, 0xF0, 0x1F, 0xF0, 0x1F, 0xC0, 0x3E, 0x00, 0x7C, 0x00, 0x78, 0x00, 0x70, 0x00, 0xF0,
    0x00, 0xF0, 0x00, 0xF0, 0x00, 0x78, 0x00, 0x7C, 0x02, 0x7F, 0xFF, 0x3F, 0xFF, 0x0F, 0xFF, 0x03,
    0xF8, 0x01, 0xC0, 0x0F, 0xF0, 0x1F, 0xF8, 0x3C, 0x78, 0x3C, 0x78, 0x3E, 0x78, 0x1F, 0xF0, 0x0F,
    0xF0, 0x07, 0xF8, 0x0F, 0xFF, 0x1F, 0xFF, 0x3E, 0x7F, 0x7C, 0x00, 0x78, 0x00, 0xF0, 0x00, 0xF0,
    0x00, 0xF0, 0x00, 0xF8, 0x04, 0x7F, 0xFC, 0x7F, 0xFC, 0x1F, 0xFE, 0x07, 0xE0, 0x0F, 0xE0, 0xFE,
    0x0F, 0xF0, 0x78, 0x03, 0xC0, 0x1C, 0x00, 0xF0, 0x43, 0xDE, 0x1F, 0xFF, 0xFF, 0xFF, 0xF9, 0xFC,
    0x00, 0x03, 0x80, 0x1F, 0xE0, 0x3F, 0xF0, 0x7C, 0xF0, 0x38, 0x70, 0x3C, 0x70, 0x1E, 0xF0, 0x0F,
    0xE0, 0x3F, 0xF0, 0xFF, 0xFF, 0xFF, 0xFF, 0xF8, 0x7E, 0x03, 0x80, 0x07, 0x80, 0x03, 0x80, 0x00,
    0x00, 0x00, 0x00, 0x00, 0x00, 0x07, 0xC0, 0x1F, 0xC0, 0x3F, 0xC0, 0x7F, 0xC0, 0x78, 0x00, 0x78,
    0x00, 0x78, 0x10, 0x3C, 0xF0, 0x3F, 0xF0, 0x1F, 0xF0, 0x1F, 0xC0, 0x3E, 0x00, 0x7C, 0x00, 0x78,
    0x00, 0x70, 0x00, 0xF0, 0x00, 0xF0, 0x00, 0xF0, 0x00, 0x78, 0x00, 0x7C, 0x02, 0x7F, 0xFF, 0x3F,
    0xFF, 0x0F, 0xFF, 0x03, 0xF8, 0x01, 0xC0, 0x03, 0xC0, 0x03, 0xC0, 0x00, 0x00, 0x00, 0x00, 0x01,
    0xC0, 0x0F, 0xF0, 0x1F, 0xF8, 0x3C, 0x78, 0x3C, 0x78, 0x3E, 0x78, 0x1F, 0xF0, 0x0F, 0xF0, 0x07,
    0xF8, 0x0F, 0xFF, 0x1F, 0xFF, 0x3E, 0x7F, 0x7C, 0x00, 0x78, 0x00, 0xF0, 0x00, 0xF0, 0x00, 0xF0,
    0x00, 0xF8, 0x04, 0x7F, 0xFC, 0x7F, 0xFC, 0x1F, 0xFE, 0x07, 0xE0, 0x07, 0x00, 0x3C, 0x01, 0xC0,
    0x00, 0x00, 0x00, 0x00, 0x00, 0x3F, 0x83, 0xF8, 0x3F, 0xC1, 0xE0, 0x0F, 0x00, 0x70, 0x03, 0xC1,
    0x0F, 0x78, 0x7F, 0xFF, 0xFF, 0xFF, 0xE7, 0xF0, 0x00, 0x03, 0x80, 0x03, 0x80, 0x03, 0x80, 0x00,
    0x00, 0x00, 0x00, 0x03, 0x80, 0x1F, 0xE0, 0x3F, 0xF0, 0x7C, 0xF0, 0x38, 0x70, 0x3C, 0x70, 0x1E,
    0xF0, 0x0F, 0xE0, 0x3F, 0xF0, 0xFF, 0xFF, 0xFF, 0xFF, 0xF8, 0x7E, 0x00, 0x00, 0x70, 0x00, 0x00,
    0x70, 0x00, 0x00, 0x70, 0x00, 0x00, 0x00, 0x00, 0x00, 0x00, 0x00, 0x00, 0x20, 0x00, 0x00, 0xF8,
    0x00, 0x01, 0xFC, 0x00, 0x03, 0xFE, 0x00, 0x03, 0x9E, 0x40, 0x03, 0x8E, 0xF0, 0x07, 0x8F, 0xE0,
    0x07, 0xFF, 0xE0, 0x03, 0xFF, 0xE0, 0x03, 0xFF, 0xF0, 0x00, 0x0E, 0xFC, 0x00, 0x1E, 0x7F, 0xFF,
    0xFE, 0x7F, 0xFF, 0xFC, 0x1F, 0xFF, 0xF0, 0x00, 0x68, 0x00, 0x00, 0x00, 0x1C, 0x00, 0x00, 0x00,
    0xE0, 0x00, 0x00, 0x07, 0x00, 0x00, 0x00, 0x00, 0x00, 0x00, 0x00, 0x00, 0x00, 0x00, 0x00, 0x00,
    0x00, 0x00, 0x70, 0x00, 0x00, 0x0F, 0xE0, 0x40, 0x00, 0xFF, 0x87, 0x80, 0x07, 0xBC, 0x38, 0x00,
    0x78, 0xE1, 0xC0, 0x03, 0xC7, 0x0E, 0x00, 0x1E, 0x38, 0x78, 0x00, 0x7F, 0xC3, 0xF0, 0x01, 0xFC,
    0x0F, 0xFF, 0xFF, 0xFF, 0x7F, 0xFF, 0xFF, 0xF8, 0xFF, 0xFF, 0x3F, 0x80, 0x1C, 0x00, 0x00, 0x07,
    0x00, 0x70, 0x07, 0x00, 0x00, 0x00, 0x00, 0x20, 0x0F, 0x81, 0xFC, 0x3F, 0xE3, 0x9E, 0x38, 0xE7,
    0x8F, 0x3F, 0xF3, 0xFF, 0x3F, 0xF0, 0x0E, 0x03, 0xEF, 0xFC, 0xFF, 0x8F, 0xE0, 0x07, 0x00, 0x0F,
    0x00, 0x1C, 0x00, 0x00, 0x00, 0x00, 0x00, 0x00, 0x01, 0xE0, 0x0F, 0xE0, 0x3F, 0xE0, 0x7F, 0xC0,
    0xE3, 0xC1, 0xC7, 0x83, 0x8F, 0x07, 0xBC, 0x07, 0xF0, 0x7F, 0xFF, 0xFF, 0xFF, 0xF1, 0xFC, 0x00,
    0x39, 0x80, 0x07, 0x78, 0x00, 0xEF, 0x00, 0x00, 0x00, 0x00, 0x00, 0x00, 0x00, 0x00, 0x07, 0xC0,
    0x01, 0xFC, 0x00, 0x3F, 0xC0, 0x0F, 0x79, 0x81, 0xC7, 0xF8, 0x38, 0xFF, 0x07, 0xFF, 0xC0, 0xFF,
    0xF8, 0x0F, 0xFF, 0x00, 0x6E, 0xF0, 0x03, 0xDF, 0x00, 0xFB, 0xFF, 0xFE, 0x3F, 0xFF, 0x83, 0xFF,
    0xC0, 0x07, 0xC0, 0x00, 0x00, 0x39, 0x80, 0x00, 0xEF, 0x00, 0x03, 0xB8, 0x00, 0x00, 0x00, 0x00,
    0x00, 0x00, 0x00, 0x18, 0x00, 0x01, 0xF8, 0x00, 0x0F, 0xF0, 0x00, 0x7F, 0xC0, 0x01, 0xC7, 0x04,
    0x07, 0x1E, 0x3C, 0x1E, 0x78, 0xF0, 0x7F, 0xFF, 0x81, 0xFF, 0xFE, 0x01, 0xFF, 0xF8, 0x00, 0x70,
    0xF0, 0x03, 0xC3, 0xE0, 0x3E, 0x0F, 0xFF, 0xF8, 0x1F, 0xFF, 0xC0, 0x3F, 0xFC, 0x00, 0x1F, 0x80,
    0x00, 0x1C, 0xC1, 0xDC, 0x1D, 0xC0, 0x00, 0x00, 0x00, 0x20, 0x0F, 0x81, 0xFC, 0x3F, 0xE3, 0x9E,
    0x38, 0xE7, 0x8F, 0x3F, 0xF3, 0xFF, 0x3F, 0xF0, 0x0E, 0x03, 0xEF, 0xFC, 0xFF, 0x8F, 0xE0, 0x1C,
    0xC0, 0x3B, 0xC0, 0x77, 0x80, 0x00, 0x00, 0x00, 0x00, 0x00, 0x01, 0xE0, 0x0F, 0xE0, 0x3F, 0xE0,
    0x7F, 0xC0, 0xE3, 0xC1, 0xC7, 0x83, 0x8F, 0x07, 0xBC, 0x07, 0xF0, 0x7F, 0xFF, 0xFF, 0xFF, 0xF1,
    0xFC, 0x00, 0x00, 0x70, 0x00, 0x03, 0xC0, 0x00, 0x1E, 0x00, 0x30, 0xF0, 0x03, 0x87, 0x80, 0x3E,
    0x3C, 0x01, 0xC1, 0xE0, 0x0E, 0x0F, 0x40, 0x38, 0x7F, 0x81, 0xC3, 0xF8, 0x3E, 0x1F, 0xC1, 0xE0,
    0xFE, 0x08, 0x07, 0xF8, 0x00, 0x3F, 0xF0, 0x03, 0xEF, 0xFF, 0xFE, 0x7F, 0xFF, 0xF0, 0xFF, 0xFE,
    0x00, 0x10, 0x00, 0x00, 0x00, 0x70, 0x00, 0x00, 0x3C, 0x00, 0x00, 0x1E, 0x00, 0x03, 0x0F, 0x00,
    0x03, 0x87, 0x80, 0x03, 0xE3, 0xC0, 0x01, 0xC1, 0xE0, 0x00, 0xE0, 0xF0, 0x40, 0x38, 0x78, 0x78,
    0x1C, 0x3C, 0x38, 0x3E, 0x1E, 0x1C, 0x1E, 0x0F, 0x0E, 0x08, 0x07, 0x87, 0x80, 0x03, 0xC3, 0xF0,
    0x03, 0xF8, 0xFF, 0xFF, 0xFF, 0x7F, 0xFF, 0xEF, 0x8F, 0xFF, 0xE3, 0xC0, 0x1E, 0x00, 0x00, 0x00,
    0x40, 0x1E, 0x07, 0xE1, 0xFF, 0x3F, 0x87, 0xE0, 0x78, 0x07, 0xC0, 0x3E, 0x01, 0xF0, 0x0F, 0x00,
    0x78, 0x03, 0xC0, 0x3C, 0x07, 0xCF, 0xF8, 0xFF, 0x8F, 0xE0, 0x00, 0x40, 0x03, 0xC0, 0x1F, 0x80,
    0xFF, 0x83, 0xF8, 0x0F, 0xC0, 0x1E, 0x00, 0x3C, 0x00, 0x3C, 0x00, 0x3C, 0x00, 0x3C, 0x00, 0x3C,
    0x00, 0x7C, 0x00, 0x78, 0x01, 0xFC, 0x7F, 0xFF, 0xFF, 0x7F, 0xFC, 0x78, 0x00, 0x0F, 0x00, 0x0F,
    0x00, 0x0F, 0x00, 0x0F, 0x00, 0x0F, 0x00, 0x0F, 0x00, 0x0F, 0x00, 0x07, 0x00, 0x07, 0x00, 0x07,
    0x00, 0x07, 0x00, 0x07, 0x60, 0x07, 0xF0, 0x07, 0xF0, 0x07, 0xE0, 0x07, 0xE0, 0x07, 0xE0, 0x0F,
    0xF0, 0x0E, 0xF0, 0x1E, 0xFF, 0xFE, 0x7F, 0xFC, 0x3F, 0xF8, 0x07, 0xC0, 0x00, 0x0F, 0x00, 0x00,
    0x78, 0x00, 0x03, 0xC0, 0x00, 0x1E, 0x00, 0x00, 0xF0, 0x00, 0x07, 0x80, 0x00, 0x3C, 0x00, 0x01,
    0xE0, 0x00, 0x0F, 0x00, 0x00, 0x38, 0x00, 0x01, 0xC0, 0x00, 0x0E, 0x06, 0x00, 0x70, 0x78, 0x03,
    0x83, 0xC0, 0x1F, 0x1C, 0x00, 0xFF, 0xE0, 0x07, 0xFF, 0x00, 0x7F, 0xBC, 0x03, 0xC1, 0xF0, 0x3C,
    0x0F, 0xFF, 0xE0, 0x3F, 0xFE, 0x00, 0xFF, 0xE0, 0x00, 0xF8, 0x00, 0x3C, 0xF3, 0xCF, 0x3C, 0xF3,
    0xCF, 0x3C, 0xF1, 0xC7, 0x1C, 0xF7, 0xFF, 0xFB, 0xC0, 0x3C, 0x07, 0x80, 0xF0, 0x1E, 0x03, 0xC0,
    0x78, 0x0F, 0x01, 0xE0, 0x3C, 0x07, 0x80, 0x70, 0x0E, 0x01, 0xC0, 0x78, 0x1F, 0xC7, 0xFE, 0xF7,
    0xFC, 0x78, 0x07, 0xC0, 0xFF, 0x0F, 0xFC, 0x7F, 0xE1, 0x87, 0x80, 0x3C, 0x01, 0xE3, 0xFF, 0x3F,
    0xFB, 0xFF, 0x9E, 0x05, 0xE0, 0x0F, 0x00, 0x78, 0x03, 0xC0, 0x0E, 0x00, 0x70, 0x03, 0x80, 0x1E,
    0x00, 0xF0, 0x02, 0x00, 0x00, 0x00, 0x40, 0x00, 0x7E, 0x00, 0x1F, 0xE0, 0x07, 0xFC, 0x01, 0xF3,
    0xC0, 0x7C, 0x38, 0x1F, 0x87, 0x83, 0xFC, 0xF8, 0x77, 0xFF, 0xDE, 0x7F, 0xFF, 0xC7, 0xEF, 0x78,
    0x00, 0x0F, 0x00, 0x00, 0xE0, 0x00, 0x1C, 0x00, 0x03, 0x80, 0x00, 0x78, 0x00, 0x0F, 0x00, 0x01,
    0xE0, 0x00, 0x1C, 0x00, 0x02, 0x00, 0x00, 0x07, 0xE0, 0x7F, 0x83, 0xFE, 0x3C, 0xF1, 0xC3, 0x9E,
    0x1D, 0xFF, 0xFF, 0xFF, 0xFF, 0xF7, 0x1F, 0x00, 0x07, 0xE0, 0x03, 0xFC, 0x01, 0xFF, 0x00, 0x79,
    0xE0, 0x3C, 0x78, 0x0F, 0x0F, 0x07, 0xE3, 0xE3, 0xFF, 0xFE, 0xF7, 0xFF, 0xF8, 0xF9, 0xE0, 0x03,
    0x80, 0x03, 0xC0, 0x03, 0x80, 0x00, 0x00, 0x00, 0x00, 0x00, 0x06, 0x00, 0x1E, 0x00, 0x0F, 0x60,
    0x0F, 0xF0, 0x0F, 0xF0, 0x07, 0xE0, 0x07, 0xE0, 0x07, 0xE0, 0x0F, 0xF0, 0x0F, 0xF8, 0x1E, 0xFF,
    0xFE, 0x7F, 0xFC, 0x3F, 0xF8, 0x07, 0xC0, 0x03, 0x80, 0x00, 0x1E, 0x00, 0x00, 0xE0, 0x00, 0x00,
    0x00, 0x00, 0x00, 0x00, 0x00, 0x01, 0x00, 0x00, 0x38, 0x00, 0x01, 0xE0, 0x60, 0x0F, 0x07, 0x80,
    0x78, 0x3C, 0x01, 0xF1, 0xC0, 0x0F, 0xFE, 0x00, 0x7F, 0xF0, 0x03, 0xFF, 0xC0, 0x3C, 0x1F, 0x03,
    0xE0, 0xFF, 0xFE, 0x03, 0xFF, 0xE0, 0x0F, 0xFE, 0x00, 0x0F, 0x80, 0x00, 0x38, 0x70, 0xE0, 0x00,
    0x01, 0x0F, 0x1E, 0x1C, 0x38, 0x78, 0xF1, 0xE7, 0xBF, 0x7C, 0xF0, 0x0E, 0x01, 0xE0, 0x1E, 0x00,
    0x00, 0x00, 0x00, 0x00, 0x08, 0x00, 0xE0, 0x1E, 0x01, 0xE0, 0x1E, 0x07, 0xF8, 0xFF, 0xEF, 0xFF,
    0xE3, 0xE0, 0x10, 0x06, 0x03, 0xC0, 0xF8, 0x3F, 0x1F, 0xE7, 0x7B, 0x8F, 0xE1, 0xF8, 0x7F, 0x7F,
    0xFE, 0x7F, 0x8F, 0x80, 0x01, 0xC0, 0x03, 0x80, 0x0F, 0x00, 0xFE, 0x03, 0xFC, 0x0F, 0xF8, 0x3C,
    0x70, 0x70, 0xE0, 0xE1, 0xE1, 0xF3, 0xC3, 0xFF, 0x83, 0xFF, 0x83, 0xFF, 0xE0, 0x1F, 0xC0, 0x1F,
    0x00, 0x04, 0x00, 0x1C, 0x00, 0x7C, 0x00, 0x7E, 0x01, 0xFE, 0x07, 0xFE, 0x0E, 0x7E, 0x1C, 0xFE,
    0x39, 0xDE, 0x7F, 0xBC, 0x7E, 0x7F, 0xFF, 0xFF, 0xFF, 0xDE, 0x7F, 0x00, 0x03, 0xC0, 0x07, 0xE0,
    0x0F, 0xF0, 0x1F, 0xF0, 0x1E, 0x70, 0x1C, 0x70, 0x3C, 0xF0, 0x3C, 0xE0, 0x3F, 0xF0, 0xFF, 0xFF,
    0xFF, 0xFF, 0xF8, 0x7F, 0x3C, 0x38, 0x3E, 0x38, 0x1F, 0xF8, 0x1F, 0xF8, 0x07, 0xF0, 0x00, 0x80,
    0x1E, 0x0F, 0xE7, 0xF9, 0xFF, 0xF3, 0xFC, 0x7F, 0x1F, 0xFF, 0x7F, 0xCF, 0xF0, 0x7C, 0x3E, 0xFF,
    0x3F, 0x8F, 0xC3, 0x00, 0x1E, 0x00, 0xFE, 0x07, 0xF8, 0x1F, 0xF0, 0xF3, 0xC3, 0xC7, 0x0F, 0x1C,
    0x3F, 0xFF, 0x7F, 0xFC, 0xFF, 0xF0, 0x7C, 0x03, 0xE0, 0xFF, 0x03, 0xF8, 0x0F, 0xC0, 0x30, 0x00,
    0x00, 0x07, 0xC0, 0x03, 0xFC, 0x00, 0xFF, 0x00, 0x1F, 0x60, 0x07, 0x80, 0x00, 0xE0, 0x18, 0x1C,
    0x07, 0x83, 0xC0, 0xF0, 0x7F, 0x1C, 0x07, 0xF3, 0x80, 0x3F, 0x70, 0x01, 0xEF, 0x00, 0x3D, 0xF0,
    0x1F, 0x3F, 0xFF, 0xE3, 0xFF, 0xF8, 0x1F, 0xFC, 0x00, 0x7C, 0x00, 0x60, 0x00, 0x07, 0x80, 0x60,
    0x3C, 0x03, 0xF1, 0xC0, 0x1F, 0xFE, 0x01, 0xFF, 0xF0, 0x01, 0xFF, 0xC0, 0x0F, 0x1F, 0x00, 0x78,
    0xFF, 0xFF, 0x83, 0xFF, 0xFC, 0x0F, 0xFF, 0x80, 0x0F, 0xC0, 0x00, 0x00, 0x07, 0xC0, 0x03, 0xFC,
    0x00, 0xFF, 0x00, 0x1F, 0x60, 0x07, 0x80, 0x00, 0xE0, 0x18, 0x1C, 0x07, 0x83, 0xC0, 0xF0, 0x7F,
    0x1C, 0x07, 0xF3, 0x80, 0x3F, 0x70, 0x01, 0xEF, 0x00, 0x3D, 0xF0, 0x1F, 0x3F, 0xFF, 0xE3, 0xFF,
    0xF8, 0x1F, 0xFC, 0x00, 0x7C, 0x00, 0x00, 0x00, 0x00, 0x00, 0x00, 0x66, 0x00, 0x1C, 0xE0, 0x03,
    0xFC, 0x00, 0x33, 0x00, 0x60, 0x00, 0x07, 0x80, 0x60, 0x3C, 0x03, 0xF1, 0xC0, 0x1F, 0xFE, 0x01,
    0xFF, 0xF0, 0x01, 0xFF, 0xC0, 0x0F, 0x1F, 0x00, 0x78, 0xFF, 0xFF, 0x83, 0xFF, 0xFC, 0x0F, 0xFF,
    0x80, 0x0F, 0xC0, 0x00, 0x00, 0x00, 0x00, 0x00, 0x00, 0x08, 0xC0, 0x00, 0xEE, 0x00, 0x07, 0x70,
    0x00, 0x31, 0x80, 0x00, 0x04, 0x1E, 0x1E, 0x1E, 0x0E, 0x0E, 0x0E, 0x0E, 0x3E, 0xFE, 0xFC, 0xF8,
    0x00, 0x00, 0x66, 0xE7, 0xFF, 0x66, 0x09, 0x00, 0xE0, 0x0E, 0x00, 0xE0, 0x1E, 0x07, 0xF8, 0xFF,
    0xFF, 0xBF, 0xF1, 0xF0, 0x00, 0x00, 0x02, 0x30, 0x77, 0x87, 0x78, 0x33, 0x00, 0x71, 0x01, 0xFE,
    0x02, 0x38, 0xF0, 0x00, 0xE0, 0x01, 0xC3, 0x03, 0x87, 0x87, 0x1F, 0x8E, 0x0F, 0xDC, 0x0F, 0xF8,
    0x07, 0xF0, 0x07, 0xC0, 0x07, 0xC0, 0x1F, 0xC0, 0x7F, 0x83, 0xE7, 0x0F, 0x9E, 0x1F, 0xFC, 0x3F,
    0xF8, 0x7F, 0xE0, 0x71, 0x00, 0x3F, 0xC0, 0x08, 0xE3, 0x80, 0x00, 0xE0, 0x00, 0x38, 0x08, 0x0E,
    0x07, 0x03, 0x83, 0xE0, 0xE0, 0x7C, 0x38, 0x0F, 0x8E, 0x01, 0xF3, 0x80, 0x3C, 0xE0, 0x07, 0xBC,
    0x00, 0xFF, 0x00, 0x1F, 0xC0, 0x07, 0xF0, 0x7F, 0xFE, 0x1F, 0xFF, 0xFF, 0xF9, 0xFF, 0xF8, 0x3F,
    0x30, 0x03, 0xC0, 0x0C, 0x00, 0x30, 0x00, 0x78, 0x03, 0xE1, 0xEC, 0x03, 0x80, 0x0E, 0x30, 0x38,
    0xF0, 0xE7, 0xE3, 0x87, 0xEE, 0x0F, 0xF8, 0x0F, 0xE0, 0x1F, 0x00, 0x3E, 0x01, 0xFC, 0x0F, 0xF0,
    0xF9, 0xC7, 0xCF, 0x1F, 0xFC, 0x7F, 0xF1, 0xFF, 0x80, 0x18, 0x00, 0x0E, 0x00, 0x06, 0x00, 0x00,
    0xC0, 0x00, 0x3C, 0x00, 0x1F, 0x8E, 0x02, 0x03, 0x80, 0x00, 0xE0, 0x20, 0x38, 0x1C, 0x0E, 0x0F,
    0x83, 0x81, 0xF0, 0xE0, 0x3E, 0x38, 0x07, 0xCE, 0x00, 0xF3, 0x80, 0x1E, 0xF0, 0x03, 0xFC, 0x00,
    0x7F, 0x00, 0x1F, 0xC1, 0xFF, 0xF8, 0x7F, 0xFF, 0xFF, 0xE7, 0xFF, 0xE0, 0xFC, 0x00, 0xF0, 0x03,
    0x80, 0x1C, 0xC0, 0xE7, 0x87, 0x7E, 0x38, 0xFD, 0xC3, 0xFE, 0x07, 0xF0, 0x1F, 0x00, 0x7C, 0x07,
    0xF0, 0x7F, 0x8F, 0x9C, 0xF9, 0xE7, 0xFF, 0x3F, 0xF9, 0xFF, 0x80, 0x00, 0x38, 0x03, 0xC0, 0x18,
    0x00, 0xC0, 0x03, 0xC0, 0x3E, 0x01, 0x00, 0x00, 0x00, 0x38, 0x00, 0x0E, 0x00, 0x03, 0x80, 0x80,
    0xE0, 0x70, 0x38, 0x3E, 0x0E, 0x07, 0xC3, 0x80, 0xF8, 0xE0, 0x1F, 0x38, 0x03, 0xCE, 0x00, 0x7B,
    0xC0, 0x0F, 0xF0, 0x01, 0xFC, 0x00, 0x7F, 0x07, 0xFF, 0xE1, 0xFF, 0xFF, 0xFF, 0x9F, 0xFF, 0x83,
    0xF0, 0x00, 0x00, 0x70, 0x00, 0x3C, 0x00, 0x0C, 0x00, 0x03, 0x00, 0x00, 0x78, 0x00, 0x3E, 0x00,
    0x08, 0x00, 0x00, 0x00, 0xF0, 0x03, 0x80, 0x1C, 0xC0, 0xE7, 0x87, 0x7E, 0x38, 0xFD, 0xC3, 0xFE,
    0x07, 0xF0, 0x1F, 0x00, 0x7C, 0x07, 0xF0, 0x7F, 0x8F, 0x9C, 0xF9, 0xE7, 0xFF, 0x3F, 0xF9, 0xFF,
    0x80, 0x00, 0x38, 0x00, 0x0E, 0x00, 0x03, 0x80, 0x80, 0xE0, 0x70, 0x38, 0x3E, 0x0E, 0x07, 0xC3,
    0x80, 0xF8, 0xE0, 0x1F, 0x38, 0x03, 0xCE, 0x00, 0x7B, 0xC0, 0x0F, 0xF0, 0x01, 0xFC, 0x00, 0x7F,
    0x07, 0xFF, 0xE1, 0xFF, 0xFF, 0xFF, 0x9F, 0xFF, 0x83, 0xF0,
};

static const EpdGlyph ubuntu_12_boldGlyphs[] = {
    { 1, 1, 0, 0, 1, 1, 0 }, // U+0000
    { 1, 1, 0, 0, 1, 1, 1 }, // U+0008
    { 1, 1, 96, 0, 1, 1, 2 }, // U+0009
    { 1, 1, 96, 0, 1, 1, 3 }, // U+000D
    { 1, 1, 0, 0, 1, 1, 4 }, // U+001D
    { 1, 1, 96, 0, 1, 1, 5 }, // U+0020
    { 4, 17, 114, 2, 17, 9, 6 }, // !
    { 9, 7, 186, 1, 19, 8, 15 }, // "
    { 15, 17, 280, 1, 17, 32, 23 }, // #
    { 12, 23, 227, 1, 20, 35, 55 }, // $
    { 21, 17, 367, 1, 17, 45, 90 }, // %
    { 17, 17, 282, 1, 17, 37, 135 }, // &
    { 4, 7, 99, 1, 19, 4, 172 }, // '
    { 7, 25, 142, 2, 20, 22, 176 }, // (
    { 7, 25, 142, 0, 20, 22, 198 }, // )
    { 11, 10, 201, 1, 17, 14, 220 }, // *
    { 11, 11, 227, 1, 13, 16, 234 }, // +
    { 5, 8, 98, 0, 4, 5, 250 }, // ,
    { 7, 3, 136, 1, 9, 3, 255 }, // -
    { 5, 5, 98, 1, 5, 4, 258 }, // .
    { 13, 25, 175, -1, 20, 41, 262 }, // /
    { 12, 17, 227, 1, 17, 26, 303 }, // 0
    { 8, 17, 227, 2, 17, 17, 329 }, // 1
    { 12, 17, 227, 1, 17, 26, 346 }, // 2
    { 11, 17, 227, 1, 17, 24, 372 }, // 3
    { 12, 17, 227, 1, 17, 26, 396 }, // 4
    { 12, 17, 227, 1, 17, 26, 422 }, // 5
    { 12, 17, 227, 1, 17, 26, 448 }, // 6
    { 12, 17, 227, 1, 17, 26, 474 }, // 7
    { 12, 17, 227, 1, 17, 26, 500 }, // 8
    { 12, 17, 227, 1, 17, 26, 526 }, // 9
    { 5, 14, 98, 1, 14, 9, 552 }, // :
    { 6, 18, 98, 0, 14, 14, 561 }, // ;
    { 12, 13, 227, 1, 14, 20, 575 }, // <
    { 12, 8, 227, 1, 12, 12, 595 }, // =
    { 12, 13, 227, 1, 14, 20, 607 }, // >
    { 9, 19, 182, 1, 19, 22, 627 }, // ?
    { 22, 22, 390, 1, 18, 61, 649 }, // @
    { 17, 17, 288, 0, 17, 37, 710 }, // A
    { 14, 17, 269, 2, 17, 30, 747 }, // B
    { 14, 17, 259, 1, 17, 30, 777 }, // C
    { 15, 17, 295, 2, 17, 32, 807 }, // D
    { 12, 17, 242, 2, 17, 26, 839 }, // E
    { 11, 17, 230, 2, 17, 24, 865 }, // F
    { 15, 17, 281, 1, 17, 32, 889 }, // G
    { 14, 17, 294, 2, 17, 30, 921 }, // H
    { 4, 17, 126, 2, 17, 9, 951 }, // I
    { 11, 17, 212, 0, 17, 24, 960 }, // J
    { 15, 17, 274, 2, 17, 32, 984 }, // K
    { 11, 17, 225, 2, 17, 24, 1016 }, // L
    { 19, 17, 359, 2, 17, 41, 1040 }, // M
    { 15, 17, 302, 2, 17, 32, 1081 }, // N
    { 18, 17, 316, 1, 17, 39, 1113 }, // O
    { 13, 17, 258, 2, 17, 28, 1152 }, // P
    { 18, 22, 316, 1, 17, 50, 1180 }, // Q
    { 14, 17, 267, 2, 17, 30, 1230 }, // R
    { 13, 17, 233, 1, 17, 28, 1260 }, // S
    { 14, 17, 246, 1, 17, 30, 1288 }, // T
    { 14, 17, 283, 2, 17, 30, 1318 }, // U
    { 17, 17, 289, 0, 17, 37, 1348 }, // V
    { 23, 17, 379, 1, 17, 49, 1385 }, // W
    { 17, 17, 270, 0, 17, 37, 1434 }, // X
    { 16, 17, 264, 0, 17, 34, 1471 }, // Y
    { 13, 17, 244, 1, 17, 28, 1505 }, // Z
    { 7, 25, 148, 2, 20, 22, 1533 }, // [
    { 13, 25, 175, -1, 20, 41, 1555 }, // <backslash>
    { 7, 25, 148, 0, 20, 22, 1596 }, // ]
    { 13, 10, 227, 0, 17, 17, 1618 }, // ^
    { 13, 3, 200, 0, -2, 5, 1635 }, // _
    { 6, 6, 114, 1, 20, 5, 1640 }, // `
    { 11, 13, 221, 1, 13, 18, 1645 }, // a
    { 12, 19, 242, 2, 19, 29, 1663 }, // b
    { 11, 13, 200, 1, 13, 18, 1692 }, // c
    { 12, 19, 242, 1, 19, 29, 1710 }, // d
    { 13, 13, 234, 1, 13, 22, 1739 }, // e
    { 10, 19, 169, 2, 19, 24, 1761 }, // f
    { 12, 18, 238, 1, 13, 27, 1785 }, // g
    { 11, 19, 236, 2, 19, 27, 1812 }, // h
    { 4, 19, 116, 2, 19, 10, 1839 }, // i
    { 8, 24, 116, -3, 19, 24, 1849 }, // j
    { 12, 19, 232, 2, 19, 29, 1873 }, // k
    { 6, 19, 126, 2, 19, 15, 1902 }, // l
    { 18, 13, 345, 2, 13, 30, 1917 }, // m
    { 11, 13, 236, 2, 13, 18, 1947 }, // n
    { 13, 13, 243, 1, 13, 22, 1965 }, // o
    { 12, 18, 242, 2, 13, 27, 1987 }, // p
    { 13, 18, 242, 1, 13, 30, 2014 }, // q
    { 9, 13, 169, 2, 13, 15, 2044 }, // r
    { 10, 13, 194, 1, 13, 17, 2059 }, // s
    { 9, 17, 178, 2, 17, 20, 2076 }, // t
    { 11, 13, 236, 2, 13, 18, 2096 }, // u
    { 13, 13, 220, 0, 13, 22, 2114 }, // v
    { 19, 13, 314, 0, 13, 31, 2136 }, // w
    { 14, 13, 222, 0, 13, 23, 2167 }, // x
    { 13, 18, 219, 0, 13, 30, 2190 }, // y
    { 11, 13, 200, 1, 13, 18, 2220 }, // z
    { 9, 25, 148, 1, 20, 29, 2238 }, // {
    { 4, 25, 129, 2, 20, 13, 2267 }, // |
    { 9, 25, 148, 0, 20, 29, 2280 }, // }
    { 12, 5, 227, 1, 10, 8, 2309 }, // ~
    { 1, 1, 96, 0, 1, 1, 2317 }, // U+00A0
    { 4, 18, 114, 2, 13, 9, 2318 }, // U+00A1
    { 11, 18, 227, 1, 16, 25, 2327 }, // U+00A2
    { 11, 17, 227, 1, 17, 24, 2352 }, // U+00A3
    { 12, 12, 227, 1, 15, 18, 2376 }, // U+00A4
    { 14, 17, 227, 0, 17, 30, 2394 }, // U+00A5
    { 4, 25, 121, 2, 20, 13, 2424 }, // U+00A6
    { 11, 22, 206, 1, 17, 31, 2437 }, // U+00A7
    { 10, 4, 214, 2, 19, 5, 2468 }, // U+00A8
    { 18, 18, 318, 1, 18, 41, 2473 }, // U+00A9
    { 8, 10, 160, 1, 18, 10, 2514 }, // U+00AA
    { 14, 11, 239, 1, 13, 20, 2524 }, // U+00AB
    { 12, 9, 227, 1, 10, 14, 2544 }, // U+00AC
    { 7, 3, 136, 1, 9, 3, 2558 }, // U+00AD
    { 18, 18, 318, 1, 18, 41, 2561 }, // U+00AE
    { 8, 3, 150, 1, 19, 3, 2602 }, // U+00AF
    { 7, 7, 145, 1, 19, 7, 2605 }, // U+00B0
    { 11, 15, 227, 1, 15, 21, 2612 }, // U+00B1
    { 8, 10, 145, 0, 18, 10, 2633 }, // U+00B2
    { 8, 10, 145, 0, 18, 10, 2643 }, // U+00B3
    { 6, 6, 114, 0, 20, 5, 2653 }, // U+00B4
    { 11, 18, 238, 2, 13, 25, 2658 }, // U+00B5
    { 15, 23, 284, 1, 18, 44, 2683 }, // U+00B6
    { 5, 5, 98, 1, 10, 4, 2727 }, // U+00B7
    { 6, 7, 130, 1, 1, 6, 2731 }, // U+00B8
    { 6, 10, 145, 1, 18, 8, 2737 }, // U+00B9
    { 10, 10, 183, 1, 18, 13, 2745 }, // U+00BA
    { 14, 11, 239, 0, 13, 20, 2758 }, // U+00BB
    { 21, 18, 351, 1, 18, 48, 2778 }, // U+00BC
    { 20, 18, 351, 1, 18, 45, 2826 }, // U+00BD
    { 22, 18, 351, 0, 18, 50, 2871 }, // U+00BE
    { 9, 18, 182, 1, 13, 21, 2921 }, // U+00BF
    { 17, 24, 288, 0, 24, 51, 2942 }, // U+00C0
    { 17, 24, 288, 0, 24, 51, 2993 }, // U+00C1
    { 17, 23, 288, 0, 23, 49, 3044 }, // U+00C2
    { 17, 23, 288, 0, 23, 49, 3093 }, // U+00C3
    { 17, 23, 288, 0, 23, 49, 3142 }, // U+00C4
    { 17, 22, 288, 0, 22, 47, 3191 }, // U+00C5
    { 24, 17, 398, 0, 17, 51, 3238 }, // U+00C6
    { 14, 22, 259, 1, 17, 39, 3289 }, // U+00C7
    { 12, 24, 242, 2, 24, 36, 3328 }, // U+00C8
    { 12, 24, 242, 2, 24, 36, 3364 }, // U+00C9
    { 12, 23, 242, 2, 23, 35, 3400 }, // U+00CA
    { 12, 23, 242, 2, 23, 35, 3435 }, // U+00CB
    { 6, 24, 126, 0, 24, 18, 3470 }, // U+00CC
    { 6, 24, 126, 2, 24, 18, 3488 }, // U+00CD
    { 7, 23, 126, 1, 23, 21, 3506 }, // U+00CE
    { 10, 23, 126, -1, 23, 29, 3527 }, // U+00CF
    { 18, 17, 299, 0, 17, 39, 3556 }, // U+00D0
    { 15, 23, 302, 2, 23, 44, 3595 }, // U+00D1
    { 18, 24, 316, 1, 24, 54, 3639 }, // U+00D2
    { 18, 24, 316, 1, 24, 54, 3693 }, // U+00D3
    { 18, 23, 316, 1, 23, 52, 3747 }, // U+00D4
    { 18, 23, 316, 1, 23, 52, 3799 }, // U+00D5
    { 18, 23, 316, 1, 23, 52, 3851 }, // U+00D6
    { 10, 11, 227, 2, 13, 14, 3903 }, // U+00D7
    { 18, 19, 316, 1, 18, 43, 3917 }, // U+00D8
    { 14, 24, 283, 2, 24, 42, 3960 }, // U+00D9
    { 14, 24, 283, 2, 24, 42, 4002 }, // U+00DA
    { 14, 23, 283, 2, 23, 41, 4044 }, // U+00DB
    { 14, 23, 283, 2, 23, 41, 4085 }, // U+00DC
    { 16, 24, 264, 0, 24, 48, 4126 }, // U+00DD
    { 13, 17, 258, 2, 17, 28, 4174 }, // U+00DE
    { 13, 19, 264, 2, 19, 31, 4202 }, // U+00DF
    { 11, 20, 221, 1, 20, 28, 4233 }, // U+00E0
    { 11, 20, 221, 1, 20, 28, 4261 }, // U+00E1
    { 11, 19, 221, 1, 19, 27, 4289 }, // U+00E2
    { 11, 19, 221, 1, 19, 27, 4316 }, // U+00E3
    { 11, 19, 221, 1, 19, 27, 4343 }, // U+00E4
    { 11, 20, 221, 1, 20, 28, 4370 }, // U+00E5
    { 20, 13, 350, 1, 13, 33, 4398 }, // U+00E6
    { 11, 18, 200, 1, 13, 25, 4431 }, // U+00E7
    { 13, 20, 234, 1, 20, 33, 4456 }, // U+00E8
    { 13, 20, 234, 1, 20, 33, 4489 }, // U+00E9
    { 13, 19, 234, 1, 19, 31, 4522 }, // U+00EA
    { 13, 19, 234, 1, 19, 31, 4553 }, // U+00EB
    { 6, 20, 116, 1, 20, 15, 4584 }, // U+00EC
    { 6, 20, 116, 1, 20, 15, 4599 }, // U+00ED
    { 7, 19, 116, 1, 19, 17, 4614 }, // U+00EE
    { 10, 19, 116, -1, 19, 24, 4631 }, // U+00EF
    { 13, 19, 240, 1, 19, 31, 4655 }, // U+00F0
    { 11, 19, 236, 2, 19, 27, 4686 }, // U+00F1
    { 13, 20, 243, 1, 20, 33, 4713 }, // U+00F2
    { 13, 20, 243, 1, 20, 33, 4746 }, // U+00F3
    { 13, 19, 243, 1, 19, 31, 4779 }, // U+00F4
    { 13, 19, 243, 1, 19, 31, 4810 }, // U+00F5
    { 13, 19, 243, 1, 19, 31, 4841 }, // U+00F6
    { 12, 13, 227, 1, 13, 20, 4872 }, // U+00F7
    { 13, 15, 243, 1, 14, 25, 4892 }, // U+00F8
    { 11, 20, 236, 2, 20, 28, 4917 }, // U+00F9
    { 11, 20, 236, 2, 20, 28, 4945 }, // U+00FA
    { 11, 19, 236, 2, 19, 27, 4973 }, // U+00FB
    { 11, 19, 236, 2, 19, 27, 5000 }, // U+00FC
    { 13, 25, 219, 0, 20, 41, 5027 }, // U+00FD
    { 12, 24, 242, 2, 19, 36, 5068 }, // U+00FE
    { 13, 24, 219, 0, 19, 39, 5104 }, // U+00FF
    { 17, 23, 288, 0, 23, 49, 5143 }, // U+0100
    { 11, 19, 221, 1, 19, 27, 5192 }, // U+0101
    { 17, 23, 288, 0, 23, 49, 5219 }, // U+0102
    { 11, 19, 221, 1, 19, 27, 5268 }, // U+0103
    { 18, 23, 288, 0, 17, 52, 5295 }, // U+0104
    { 11, 19, 221, 1, 13, 27, 5347 }, // U+0105
    { 14, 24, 259, 1, 24, 42, 5374 }, // U+0106
    { 11, 20, 200, 1, 20, 28, 5416 }, // U+0107
    { 14, 23, 259, 1, 23, 41, 5444 }, // U+0108
    { 11, 19, 200, 1, 19, 27, 5485 }, // U+0109
    { 14, 23, 259, 1, 23, 41, 5512 }, // U+010A
    { 11, 19, 200, 1, 19, 27, 5553 }, // U+010B
    { 14, 24, 259, 1, 24, 42, 5580 }, // U+010C
    { 11, 20, 200, 1, 20, 28, 5622 }, // U+010D
    { 15, 24, 295, 2, 24, 45, 5650 }, // U+010E
    { 17, 19, 274, 1, 19, 41, 5695 }, // U+010F
    { 18, 17, 299, 0, 17, 39, 5736 }, // U+0110
    { 14, 19, 242, 1, 19, 34, 5775 }, // U+0111
    { 12, 23, 242, 2, 23, 35, 5809 }, // U+0112
    { 13, 19, 234, 1, 19, 31, 5844 }, // U+0113
    { 12, 23, 242, 2, 23, 35, 5875 }, // U+0114
    { 13, 19, 234, 1, 19, 31, 5910 }, // U+0115
    { 12, 23, 242, 2, 23, 35, 5941 }, // U+0116
    { 13, 19, 234, 1, 19, 31, 5976 }, // U+0117
    { 12, 23, 242, 2, 17, 35, 6007 }, // U+0118
    { 13, 18, 234, 1, 13, 30, 6042 }, // U+0119
    { 12, 24, 242, 2, 24, 36, 6072 }, // U+011A
    { 13, 20, 234, 1, 20, 33, 6108 }, // U+011B
    { 15, 23, 281, 1, 23, 44, 6141 }, // U+011C
    { 12, 24, 238, 1, 19, 36, 6185 }, // U+011D
    { 15, 23, 281, 1, 23, 44, 6221 }, // U+011E
    { 13, 24, 238, 1, 19, 39, 6265 }, // U+011F
    { 15, 23, 281, 1, 23, 44, 6304 }, // U+0120
    { 12, 24, 238, 1, 19, 36, 6348 }, // U+0121
    { 15, 22, 281, 1, 17, 42, 6384 }, // U+0122
    { 12, 25, 238, 1, 20, 38, 6426 }, // U+0123
    { 14, 23, 294, 2, 23, 41, 6464 }, // U+0124
    { 12, 25, 236, 1, 25, 38, 6505 }, // U+0125
    { 19, 17, 302, 0, 17, 41, 6543 }, // U+0126
    { 13, 19, 240, 0, 19, 31, 6584 }, // U+0127
    { 9, 23, 126, -1, 23, 26, 6615 }, // U+0128
    { 9, 19, 116, 0, 19, 22, 6641 }, // U+0129
    { 8, 23, 126, 0, 23, 23, 6663 }, // U+012A
    { 8, 19, 116, 0, 19, 19, 6686 }, // U+012B
    { 9, 23, 126, 0, 23, 26, 6705 }, // U+012C
    { 9, 19, 116, 0, 19, 22, 6731 }, // U+012D
    { 5, 23, 126, 1, 17, 15, 6753 }, // U+012E
    { 5, 25, 116, 1, 19, 16, 6768 }, // U+012F
    { 4, 23, 126, 2, 23, 12, 6784 }, // U+0130
    { 4, 13, 116, 2, 13, 7, 6796 }, // U+0131
    { 17, 17, 336, 2, 17, 37, 6803 }, // U+0132
    { 11, 24, 230, 2, 19, 33, 6840 }, // U+0133
    { 13, 23, 212, 0, 23, 38, 6873 }, // U+0134
    { 10, 24, 116, -3, 19, 30, 6911 }, // U+0135
    { 15, 22, 274, 2, 17, 42, 6941 }, // U+0136
    { 12, 24, 232, 2, 19, 36, 6983 }, // U+0137
    { 13, 13, 233, 2, 13, 22, 7019 }, // U+0138
    { 12, 24, 225, 1, 24, 36, 7041 }, // U+0139
    { 7, 24, 126, 1, 24, 21, 7077 }, // U+013A
    { 11, 22, 225, 2, 17, 31, 7098 }, // U+013B
    { 6, 24, 126, 2, 19, 18, 7129 }, // U+013C
    { 11, 17, 225, 2, 17, 24, 7147 }, // U+013D
    { 8, 19, 148, 2, 19, 19, 7171 }, // U+013E
    { 11, 17, 225, 2, 17, 24, 7190 }, // U+013F
    { 11, 19, 207, 2, 19, 27, 7214 }, // U+0140
    { 14, 17, 238, 0, 17, 30, 7241 }, // U+0141
    { 10, 19, 146, -1, 19, 24, 7271 }, // U+0142
    { 15, 24, 302, 2, 24, 45, 7295 }, // U+0143
    { 11, 20, 236, 2, 20, 28, 7340 }, // U+0144
    { 15, 22, 302, 2, 17, 42, 7368 }, // U+0145
    { 11, 18, 236, 2, 13, 25, 7410 }, // U+0146
    { 15, 24, 302, 2, 24, 45, 7435 }, // U+0147
    { 11, 20, 236, 2, 20, 28, 7480 }, // U+0148
    { 14, 19, 248, 0, 19, 34, 7508 }, // U+0149
    { 15, 22, 302, 2, 17, 42, 7542 }, // U+014A
    { 11, 18, 236, 2, 13, 25, 7584 }, // U+014B
    { 18, 23, 316, 1, 23, 52, 7609 }, // U+014C
    { 13, 19, 243, 1, 19, 31, 7661 }, // U+014D
    { 18, 23, 316, 1, 23, 52, 7692 }, // U+014E
    { 13, 19, 243, 1, 19, 31, 7744 }, // U+014F
    { 18, 24, 316, 1, 24, 54, 7775 }, // U+0150
    { 13, 20, 243, 1, 20, 33, 7829 }, // U+0151
    { 23, 17, 399, 1, 17, 49, 7862 }, // U+0152
    { 21, 13, 375, 1, 13, 35, 7911 }, // U+0153
    { 14, 24, 267, 2, 24, 42, 7946 }, // U+0154
    { 9, 20, 169, 2, 20, 23, 7988 }, // U+0155
    { 14, 22, 267, 2, 17, 39, 8011 }, // U+0156
    { 10, 18, 169, 1, 13, 23, 8050 }, // U+0157
    { 14, 24, 267, 2, 24, 42, 8073 }, // U+0158
    { 9, 20, 169, 2, 20, 23, 8115 }, // U+0159
    { 13, 24, 233, 1, 24, 39, 8138 }, // U+015A
    { 10, 20, 194, 1, 20, 25, 8177 }, // U+015B
    { 13, 23, 233, 1, 23, 38, 8202 }, // U+015C
    { 10, 19, 194, 1, 19, 24, 8240 }, // U+015D
    { 13, 22, 233, 1, 17, 36, 8264 }, // U+015E
    { 10, 18, 194, 1, 13, 23, 8300 }, // U+015F
    { 13, 24, 233, 1, 24, 39, 8323 }, // U+0160
    { 10, 20, 194, 1, 20, 25, 8362 }, // U+0161
    { 14, 23, 246, 1, 17, 41, 8387 }, // U+0162
    { 9, 22, 178, 2, 17, 25, 8428 }, // U+0163
    { 14, 24, 246, 1, 24, 42, 8453 }, // U+0164
    { 9, 19, 178, 2, 19, 22, 8495 }, // U+0165
    { 14, 17, 246, 1, 17, 30, 8517 }, // U+0166
    { 8, 17, 178, 2, 17, 17, 8547 }, // U+0167
    { 14, 23, 283, 2, 23, 41, 8564 }, // U+0168
    { 11, 19, 236, 2, 19, 27, 8605 }, // U+0169
    { 14, 23, 283, 2, 23, 41, 8632 }, // U+016A
    { 11, 19, 236, 2, 19, 27, 8673 }, // U+016B
    { 14, 23, 283, 2, 23, 41, 8700 }, // U+016C
    { 11, 19, 236, 2, 19, 27, 8741 }, // U+016D
    { 14, 23, 283, 2, 23, 41, 8768 }, // U+016E
    { 11, 20, 236, 2, 20, 28, 8809 }, // U+016F
    { 14, 24, 283, 2, 24, 42, 8837 }, // U+0170
    { 11, 20, 236, 2, 20, 28, 8879 }, // U+0171
    { 14, 22, 283, 2, 17, 39, 8907 }, // U+0172
    { 11, 18, 236, 2, 13, 25, 8946 }, // U+0173
    { 23, 23, 379, 1, 23, 67, 8971 }, // U+0174
    { 19, 19, 314, 0, 19, 46, 9038 }, // U+0175
    { 16, 23, 264, 0, 23, 46, 9084 }, // U+0176
    { 13, 24, 219, 0, 19, 39, 9130 }, // U+0177
    { 16, 23, 264, 0, 23, 46, 9169 }, // U+0178
    { 13, 24, 244, 1, 24, 39, 9215 }, // U+0179
    { 11, 20, 200, 1, 20, 28, 9254 }, // U+017A
    { 13, 23, 244, 1, 23, 38, 9282 }, // U+017B
    { 11, 19, 200, 1, 19, 27, 9320 }, // U+017C
    { 13, 24, 244, 1, 24, 39, 9347 }, // U+017D
    { 11, 20, 200, 1, 20, 28, 9386 }, // U+017E
    { 9, 19, 132, 2, 19, 22, 9414 }, // U+017F
    { 18, 19, 316, 1, 19, 43, 9436 }, // U+01A0
    { 14, 15, 243, 1, 15, 27, 9479 }, // U+01A1
    { 18, 20, 299, 2, 20, 45, 9506 }, // U+01AF
    { 15, 16, 250, 2, 16, 30, 9551 }, // U+01B0
    { 29, 24, 520, 2, 24, 87, 9581 }, // U+01C4
    { 28, 20, 486, 2, 20, 70, 9668 }, // U+01C5
    { 26, 20, 438, 1, 20, 65, 9738 }, // U+01C6
    { 23, 17, 436, 2, 17, 49, 9803 }, // U+01C7
    { 17, 24, 339, 2, 19, 51, 9852 }, // U+01C8
    { 11, 24, 241, 2, 19, 33, 9903 }, // U+01C9
    { 28, 17, 512, 2, 17, 60, 9936 }, // U+01CA
    { 22, 24, 417, 2, 19, 66, 9996 }, // U+01CB
    { 18, 24, 351, 2, 19, 54, 10062 }, // U+01CC
    { 17, 24, 288, 0, 24, 51, 10116 }, // U+01CD
    { 11, 20, 221, 1, 20, 28, 10167 }, // U+01CE
    { 7, 24, 126, 1, 24, 21, 10195 }, // U+01CF
    { 7, 20, 116, 1, 20, 18, 10216 }, // U+01D0
    { 18, 24, 316, 1, 24, 54, 10234 }, // U+01D1
    { 13, 20, 243, 1, 20, 33, 10288 }, // U+01D2
    { 14, 24, 283, 2, 24, 42, 10321 }, // U+01D3
    { 11, 20, 236, 2, 20, 28, 10363 }, // U+01D4
    { 14, 25, 283, 2, 25, 44, 10391 }, // U+01D5
    { 11, 21, 236, 2, 21, 29, 10435 }, // U+01D6
    { 14, 24, 283, 2, 24, 42, 10464 }, // U+01D7
    { 11, 22, 236, 2, 22, 31, 10506 }, // U+01D8
    { 14, 24, 283, 2, 24, 42, 10537 }, // U+01D9
    { 11, 21, 236, 2, 21, 29, 10579 }, // U+01DA
    { 14, 24, 283, 2, 24, 42, 10608 }, // U+01DB
    { 11, 22, 236, 2, 22, 31, 10650 }, // U+01DC
    { 13, 13, 234, 1, 13, 22, 10681 }, // U+01DD
    { 17, 25, 288, 0, 25, 54, 10703 }, // U+01DE
    { 11, 21, 221, 1, 21, 29, 10757 }, // U+01DF
    { 17, 25, 288, 0, 25, 54, 10786 }, // U+01E0
    { 11, 21, 221, 1, 21, 29, 10840 }, // U+01E1
    { 24, 23, 398, 0, 23, 69, 10869 }, // U+01E2
    { 20, 19, 350, 1, 19, 48, 10938 }, // U+01E3
    { 17, 17, 291, 1, 17, 37, 10986 }, // U+01E4
    { 14, 18, 241, 1, 13, 32, 11023 }, // U+01E5
    { 15, 24, 281, 1, 24, 45, 11055 }, // U+01E6
    { 12, 25, 238, 1, 20, 38, 11100 }, // U+01E7
    { 15, 24, 274, 2, 24, 45, 11138 }, // U+01E8
    { 12, 25, 232, 2, 25, 38, 11183 }, // U+01E9
    { 18, 22, 316, 1, 17, 50, 11221 }, // U+01EA
    { 13, 18, 243, 1, 13, 30, 11271 }, // U+01EB
    { 18, 28, 316, 1, 23, 63, 11301 }, // U+01EC
    { 13, 24, 243, 1, 19, 39, 11364 }, // U+01ED
    { 13, 24, 246, 1, 24, 39, 11403 }, // U+01EE
    { 12, 26, 206, 0, 21, 39, 11442 }, // U+01EF
    { 10, 25, 116, -3, 20, 32, 11481 }, // U+01F0
    { 29, 17, 520, 2, 17, 62, 11513 }, // U+01F1
    { 28, 17, 486, 2, 17, 60, 11575 }, // U+01F2
    { 26, 19, 438, 1, 19, 62, 11635 }, // U+01F3
    { 15, 24, 281, 1, 24, 45, 11697 }, // U+01F4
    { 12, 25, 238, 1, 20, 38, 11742 }, // U+01F5
    { 23, 17, 424, 2, 17, 49, 11780 }, // U+01F6
    { 14, 22, 268, 2, 17, 39, 11829 }, // U+01F7
    { 15, 24, 302, 2, 24, 45, 11868 }, // U+01F8
    { 11, 20, 236, 2, 20, 28, 11913 }, // U+01F9
    { 17, 26, 288, 0, 26, 56, 11941 }, // U+01FA
    { 11, 24, 221, 1, 24, 33, 11997 }, // U+01FB
    { 24, 24, 398, 0, 24, 72, 12030 }, // U+01FC
    { 20, 20, 350, 1, 20, 50, 12102 }, // U+01FD
    { 18, 25, 316, 1, 24, 57, 12152 }, // U+01FE
    { 13, 21, 243, 1, 20, 35, 12209 }, // U+01FF
    { 17, 24, 288, 0, 24, 51, 12244 }, // U+0200
    { 11, 20, 221, 1, 20, 28, 12295 }, // U+0201
    { 17, 23, 288, 0, 23, 49, 12323 }, // U+0202
    { 11, 19, 221, 1, 19, 27, 12372 }, // U+0203
    { 12, 24, 242, 2, 24, 36, 12399 }, // U+0204
    { 13, 20, 234, 1, 20, 33, 12435 }, // U+0205
    { 12, 23, 242, 2, 23, 35, 12468 }, // U+0206
    { 13, 19, 234, 1, 19, 31, 12503 }, // U+0207
    { 10, 24, 126, -1, 24, 30, 12534 }, // U+0208
    { 10, 20, 116, -2, 20, 25, 12564 }, // U+0209
    { 9, 23, 126, -1, 23, 26, 12589 }, // U+020A
    { 9, 19, 116, 0, 19, 22, 12615 }, // U+020B
    { 18, 24, 316, 1, 24, 54, 12637 }, // U+020C
    { 13, 20, 243, 1, 20, 33, 12691 }, // U+020D
    { 18, 23, 316, 1, 23, 52, 12724 }, // U+020E
    { 13, 19, 243, 1, 19, 31, 12776 }, // U+020F
    { 14, 24, 267, 2, 24, 42, 12807 }, // U+0210
    { 10, 20, 169, 1, 20, 25, 12849 }, // U+0211
    { 14, 23, 267, 2, 23, 41, 12874 }, // U+0212
    { 9, 19, 169, 2, 19, 22, 12915 }, // U+0213
    { 14, 24, 283, 2, 24, 42, 12937 }, // U+0214
    { 11, 20, 236, 2, 20, 28, 12979 }, // U+0215
    { 14, 23, 283, 2, 23, 41, 13007 }, // U+0216
    { 11, 19, 236, 2, 19, 27, 13048 }, // U+0217
    { 13, 22, 233, 1, 17, 36, 13075 }, // U+0218
    { 10, 18, 194, 1, 13, 23, 13111 }, // U+0219
    { 14, 22, 246, 1, 17, 39, 13134 }, // U+021A
    { 9, 22, 178, 2, 17, 25, 13173 }, // U+021B
    { 13, 22, 227, 0, 17, 36, 13198 }, // U+021C
    { 11, 18, 191, 0, 13, 25, 13234 }, // U+021D
    { 14, 24, 294, 2, 24, 42, 13259 }, // U+021E
    { 11, 25, 236, 2, 25, 35, 13301 }, // U+021F
    { 7, 4, 0, -13, 19, 4, 13336 }, // U+0300
    { 8, 4, 0, -9, 19, 4, 13340 }, // U+0301
    { 10, 4, 0, -5, 19, 5, 13344 }, // U+0302
    { 10, 4, 0, -14, 19, 5, 13349 }, // U+0303
    { 8, 3, 0, -4, 18, 3, 13354 }, // U+0304
    { 9, 4, 0, -4, 19, 5, 13357 }, // U+0306
    { 4, 4, 0, -2, 20, 2, 13362 }, // U+0307
    { 9, 3, 0, -5, 19, 4, 13364 }, // U+0308
    { 6, 6, 0, -3, 21, 5, 13368 }, // U+030A
    { 11, 4, 0, -4, 19, 6, 13373 }, // U+030B
    { 10, 4, 0, -5, 19, 5, 13379 }, // U+030C
    { 9, 4, 156, 0, 19, 5, 13384 }, // U+0311
    { 4, 6, 0, -2, 18, 3, 13389 }, // U+0312
    { 4, 4, 0, -2, -2, 2, 13392 }, // U+0326
    { 6, 6, 0, -3, 0, 5, 13394 }, // U+0327
    { 4, 7, 0, -2, 1, 4, 13399 }, // U+0328
    { 1, 1, 0, 0, 1, 1, 13403 }, // U+034F
    { 12, 24, 242, 2, 24, 36, 13404 }, // U+0400
    { 12, 23, 242, 2, 23, 35, 13440 }, // U+0401
    { 18, 17, 326, 1, 17, 39, 13475 }, // U+0402
    { 12, 24, 237, 2, 24, 36, 13514 }, // U+0403
    { 15, 17, 274, 1, 17, 32, 13550 }, // U+0404
    { 13, 17, 233, 1, 17, 28, 13582 }, // U+0405
    { 4, 17, 126, 2, 17, 9, 13610 }, // U+0406
    { 10, 23, 126, -1, 23, 29, 13619 }, // U+0407
    { 11, 17, 212, 0, 17, 24, 13648 }, // U+0408
    { 26, 17, 452, 1, 17, 56, 13672 }, // U+0409
    { 24, 17, 430, 2, 17, 51, 13728 }, // U+040A
    { 16, 17, 308, 1, 17, 34, 13779 }, // U+040B
    { 15, 24, 274, 2, 24, 45, 13813 }, // U+040C
    { 15, 24, 302, 2, 24, 45, 13858 }, // U+040D
    { 16, 24, 261, 1, 24, 48, 13903 }, // U+040E
    { 14, 22, 292, 2, 17, 39, 13951 }, // U+040F
    { 17, 17, 288, 0, 17, 37, 13990 }, // U+0410
    { 13, 17, 260, 2, 17, 28, 14027 }, // U+0411
    { 14, 17, 269, 2, 17, 30, 14055 }, // U+0412
    { 12, 17, 237, 2, 17, 26, 14085 }, // U+0413
    { 19, 22, 329, 1, 17, 53, 14111 }, // U+0414
    { 12, 17, 242, 2, 17, 26, 14164 }, // U+0415
    { 24, 17, 393, 0, 17, 51, 14190 }, // U+0416
    { 13, 17, 244, 1, 17, 28, 14241 }, // U+0417
    { 15, 17, 302, 2, 17, 32, 14269 }, // U+0418
    { 15, 24, 302, 2, 24, 45, 14301 }, // U+0419
    { 15, 17, 274, 2, 17, 32, 14346 }, // U+041A
    { 17, 17, 316, 1, 17, 37, 14378 }, // U+041B
    { 19, 17, 359, 2, 17, 41, 14415 }, // U+041C
    { 14, 17, 294, 2, 17, 30, 14456 }, // U+041D
    { 18, 17, 316, 1, 17, 39, 14486 }, // U+041E
    { 14, 17, 292, 2, 17, 30, 14525 }, // U+041F
    { 13, 17, 258, 2, 17, 28, 14555 }, // U+0420
    { 14, 17, 259, 1, 17, 30, 14583 }, // U+0421
    { 14, 17, 246, 1, 17, 30, 14613 }, // U+0422
    { 16, 17, 261, 1, 17, 34, 14643 }, // U+0423
    { 20, 18, 348, 1, 18, 45, 14677 }, // U+0424
    { 17, 17, 270, 0, 17, 37, 14722 }, // U+0425
    { 17, 22, 316, 2, 17, 47, 14759 }, // U+0426
    { 14, 17, 272, 1, 17, 30, 14806 }, // U+0427
    { 22, 17, 408, 2, 17, 47, 14836 }, // U+0428
    { 25, 22, 432, 2, 17, 69, 14883 }, // U+0429
    { 17, 17, 309, 1, 17, 37, 14952 }, // U+042A
    { 19, 17, 371, 2, 17, 41, 14989 }, // U+042B
    { 13, 17, 264, 2, 17, 28, 15030 }, // U+042C
    { 15, 17, 272, 1, 17, 32, 15058 }, // U+042D
    { 24, 17, 432, 2, 17, 51, 15090 }, // U+042E
    { 14, 17, 276, 1, 17, 30, 15141 }, // U+042F
    { 11, 13, 221, 1, 13, 18, 15171 }, // U+0430
    { 13, 19, 240, 1, 19, 31, 15189 }, // U+0431
    { 12, 13, 239, 2, 13, 20, 15220 }, // U+0432
    { 10, 13, 181, 1, 13, 17, 15240 }, // U+0433
    { 17, 17, 271, 1, 13, 37, 15257 }, // U+0434
    { 13, 13, 234, 1, 13, 22, 15294 }, // U+0435
    { 22, 13, 340, 0, 13, 36, 15316 }, // U+0436
    { 10, 13, 198, 1, 13, 17, 15352 }, // U+0437
    { 11, 13, 248, 2, 13, 18, 15369 }, // U+0438
    { 11, 20, 248, 2, 20, 28, 15387 }, // U+0439
    { 13, 13, 234, 2, 13, 22, 15415 }, // U+043A
    { 14, 13, 251, 0, 13, 23, 15437 }, // U+043B
    { 17, 13, 304, 2, 13, 28, 15460 }, // U+043C
    { 11, 13, 237, 2, 13, 18, 15488 }, // U+043D
    { 13, 13, 243, 1, 13, 22, 15506 }, // U+043E
    { 11, 13, 237, 2, 13, 18, 15528 }, // U+043F
    { 12, 18, 242, 2, 13, 27, 15546 }, // U+0440
    { 11, 13, 200, 1, 13, 18, 15573 }, // U+0441
    { 12, 13, 210, 1, 13, 20, 15591 }, // U+0442
    { 13, 18, 219, 0, 13, 30, 15611 }, // U+0443
    { 18, 24, 318, 1, 19, 54, 15641 }, // U+0444
    { 14, 13, 222, 0, 13, 23, 15695 }, // U+0445
    { 13, 17, 253, 2, 13, 28, 15718 }, // U+0446
    { 11, 13, 227, 1, 13, 18, 15746 }, // U+0447
    { 18, 13, 344, 2, 13, 30, 15764 }, // U+0448
    { 20, 17, 360, 2, 13, 43, 15794 }, // U+0449
    { 14, 13, 256, 1, 13, 23, 15837 }, // U+044A
    { 18, 13, 330, 2, 13, 30, 15860 }, // U+044B
    { 12, 13, 226, 2, 13, 20, 15890 }, // U+044C
    { 11, 13, 208, 1, 13, 18, 15910 }, // U+044D
    { 20, 13, 349, 2, 13, 33, 15928 }, // U+044E
    { 13, 13, 234, 0, 13, 22, 15961 }, // U+044F
    { 13, 20, 234, 1, 20, 33, 15983 }, // U+0450
    { 13, 19, 234, 1, 19, 31, 16016 }, // U+0451
    { 13, 24, 240, 0, 19, 39, 16047 }, // U+0452
    { 10, 20, 181, 1, 20, 25, 16086 }, // U+0453
    { 11, 13, 208, 1, 13, 18, 16111 }, // U+0454
    { 10, 13, 194, 1, 13, 17, 16129 }, // U+0455
    { 4, 19, 116, 2, 19, 10, 16146 }, // U+0456
    { 10, 19, 116, -1, 19, 24, 16156 }, // U+0457
    { 8, 24, 116, -3, 19, 24, 16180 }, // U+0458
    { 23, 13, 361, 0, 13, 38, 16204 }, // U+0459
    { 20, 13, 347, 2, 13, 33, 16242 }, // U+045A
    { 13, 19, 240, 0, 19, 31, 16275 }, // U+045B
    { 13, 20, 234, 2, 20, 33, 16306 }, // U+045C
    { 11, 20, 248, 2, 20, 28, 16339 }, // U+045D
    { 13, 25, 219, 0, 20, 41, 16367 }, // U+045E
    { 12, 17, 237, 2, 13, 26, 16408 }, // U+045F
    { 17, 19, 299, 0, 19, 41, 16434 }, // U+0462
    { 15, 19, 254, 0, 19, 36, 16475 }, // U+0463
    { 18, 17, 316, 1, 17, 39, 16511 }, // U+0472
    { 13, 13, 243, 1, 13, 22, 16550 }, // U+0473
    { 19, 17, 316, 0, 17, 41, 16572 }, // U+0474
    { 15, 13, 239, 0, 13, 25, 16613 }, // U+0475
    { 18, 29, 331, 2, 24, 66, 16638 }, // U+048A
    { 13, 24, 252, 2, 20, 39, 16704 }, // U+048B
    { 16, 17, 264, 0, 17, 34, 16743 }, // U+048C
    { 13, 14, 226, 0, 14, 23, 16777 }, // U+048D
    { 13, 17, 262, 2, 17, 28, 16800 }, // U+048E
    { 12, 18, 246, 2, 13, 27, 16828 }, // U+048F
    { 11, 20, 229, 2, 20, 28, 16855 }, // U+0490
    { 9, 16, 185, 2, 16, 18, 16883 }, // U+0491
    { 15, 17, 254, 0, 17, 32, 16901 }, // U+0492
    { 12, 13, 210, 0, 13, 20, 16933 }, // U+0493
    { 14, 22, 270, 2, 17, 39, 16953 }, // U+0494
    { 11, 18, 228, 2, 13, 25, 16992 }, // U+0495
    { 25, 21, 409, 0, 17, 66, 17017 }, // U+0496
    { 22, 17, 349, 0, 13, 47, 17083 }, // U+0497
    { 13, 22, 244, 1, 17, 36, 17130 }, // U+0498
    { 10, 18, 198, 1, 13, 23, 17166 }, // U+0499
    { 15, 22, 295, 2, 17, 42, 17189 }, // U+049A
    { 12, 17, 242, 2, 13, 26, 17231 }, // U+049B
    { 18, 17, 314, 2, 17, 39, 17257 }, // U+049C
    { 15, 13, 273, 2, 13, 25, 17296 }, // U+049D
    { 17, 18, 283, 0, 18, 39, 17321 }, // U+049E
    { 14, 14, 242, 0, 14, 25, 17360 }, // U+049F
    { 19, 17, 319, 1, 17, 41, 17385 }, // U+04A0
    { 15, 13, 263, 1, 13, 25, 17426 }, // U+04A1
    { 17, 22, 323, 2, 17, 47, 17451 }, // U+04A2
    { 13, 17, 254, 2, 13, 28, 17498 }, // U+04A3
    { 19, 17, 335, 2, 17, 41, 17526 }, // U+04A4
    { 14, 13, 261, 2, 13, 23, 17567 }, // U+04A5
    { 25, 22, 444, 2, 17, 69, 17590 }, // U+04A6
    { 19, 18, 349, 2, 13, 43, 17659 }, // U+04A7
    { 18, 21, 320, 1, 17, 48, 17702 }, // U+04A8
    { 14, 17, 253, 1, 13, 30, 17750 }, // U+04A9
    { 14, 22, 259, 1, 17, 39, 17780 }, // U+04AA
    { 11, 18, 200, 1, 13, 25, 17819 }, // U+04AB
    { 14, 22, 246, 1, 17, 39, 17844 }, // U+04AC
    { 12, 17, 202, 0, 13, 26, 17883 }, // U+04AD
    { 16, 17, 264, 0, 17, 34, 17909 }, // U+04AE
    { 14, 18, 220, 0, 13, 32, 17943 }, // U+04AF
    { 16, 17, 264, 0, 17, 34, 17975 }, // U+04B0
    { 14, 18, 220, 0, 13, 32, 18009 }, // U+04B1
    { 18, 22, 286, 0, 17, 50, 18041 }, // U+04B2
    { 14, 17, 235, 0, 13, 30, 18091 }, // U+04B3
    { 22, 22, 376, 1, 17, 61, 18121 }, // U+04B4
    { 19, 17, 279, 0, 13, 41, 18182 }, // U+04B5
    { 17, 22, 290, 1, 17, 47, 18223 }, // U+04B6
    { 15, 17, 236, 1, 13, 32, 18270 }, // U+04B7
    { 14, 17, 272, 1, 17, 30, 18302 }, // U+04B8
    { 12, 13, 225, 1, 13, 20, 18332 }, // U+04B9
    { 14, 17, 280, 2, 17, 30, 18352 }, // U+04BA
    { 11, 19, 236, 2, 19, 27, 18382 }, // U+04BB
    { 21, 17, 352, 0, 17, 45, 18409 }, // U+04BC
    { 17, 13, 283, 0, 13, 28, 18454 }, // U+04BD
    { 21, 21, 352, 0, 17, 56, 18482 }, // U+04BE
    { 17, 16, 283, 0, 13, 34, 18538 }, // U+04BF
    { 4, 17, 126, 2, 17, 9, 18572 }, // U+04C0
    { 24, 24, 393, 0, 24, 72, 18581 }, // U+04C1
    { 22, 20, 340, 0, 20, 55, 18653 }, // U+04C2
    { 15, 22, 281, 2, 17, 42, 18708 }, // U+04C3
    { 11, 18, 230, 2, 13, 25, 18750 }, // U+04C4
    { 20, 22, 332, 0, 17, 55, 18775 }, // U+04C5
    { 16, 17, 270, 0, 13, 34, 18830 }, // U+04C6
    { 14, 22, 294, 2, 17, 39, 18864 }, // U+04C7
    { 11, 18, 240, 2, 13, 25, 18903 }, // U+04C8
    { 17, 22, 314, 2, 17, 47, 18928 }, // U+04C9
    { 13, 17, 251, 2, 13, 28, 18975 }, // U+04CA
    { 14, 22, 272, 1, 17, 39, 19003 }, // U+04CB
    { 11, 17, 227, 1, 13, 24, 19042 }, // U+04CC
    { 22, 22, 381, 2, 17, 61, 19066 }, // U+04CD
    { 18, 17, 318, 1, 13, 39, 19127 }, // U+04CE
    { 4, 17, 116, 2, 17, 9, 19166 }, // U+04CF
    { 17, 24, 288, 0, 24, 51, 19175 }, // U+04D0
    { 11, 20, 221, 1, 20, 28, 19226 }, // U+04D1
    { 17, 23, 288, 0, 23, 49, 19254 }, // U+04D2
    { 11, 19, 221, 1, 19, 27, 19303 }, // U+04D3
    { 24, 17, 398, 0, 17, 51, 19330 }, // U+04D4
    { 20, 13, 350, 1, 13, 33, 19381 }, // U+04D5
    { 12, 24, 242, 2, 24, 36, 19414 }, // U+04D6
    { 13, 20, 234, 1, 20, 33, 19450 }, // U+04D7
    { 16, 17, 292, 1, 17, 34, 19483 }, // U+04D8
    { 13, 13, 234, 1, 13, 22, 19517 }, // U+04D9
    { 16, 23, 292, 1, 23, 46, 19539 }, // U+04DA
    { 13, 19, 234, 1, 19, 31, 19585 }, // U+04DB
    { 24, 23, 393, 0, 23, 69, 19616 }, // U+04DC
    { 22, 19, 340, 0, 19, 53, 19685 }, // U+04DD
    { 13, 23, 244, 1, 23, 38, 19738 }, // U+04DE
    { 10, 19, 198, 1, 19, 24, 19776 }, // U+04DF
    { 13, 17, 246, 1, 17, 28, 19800 }, // U+04E0
    { 12, 18, 206, 0, 13, 27, 19828 }, // U+04E1
    { 15, 23, 302, 2, 23, 44, 19855 }, // U+04E2
    { 11, 19, 248, 2, 19, 27, 19899 }, // U+04E3
    { 15, 23, 302, 2, 23, 44, 19926 }, // U+04E4
    { 11, 19, 248, 2, 19, 27, 19970 }, // U+04E5
    { 18, 23, 316, 1, 23, 52, 19997 }, // U+04E6
    { 13, 19, 243, 1, 19, 31, 20049 }, // U+04E7
    { 18, 17, 316, 1, 17, 39, 20080 }, // U+04E8
    { 13, 13, 243, 1, 13, 22, 20119 }, // U+04E9
    { 18, 23, 316, 1, 23, 52, 20141 }, // U+04EA
    { 13, 19, 243, 1, 19, 31, 20193 }, // U+04EB
    { 15, 23, 272, 1, 23, 44, 20224 }, // U+04EC
    { 11, 19, 208, 1, 19, 27, 20268 }, // U+04ED
    { 16, 23, 261, 1, 23, 46, 20295 }, // U+04EE
    { 13, 24, 219, 0, 19, 39, 20341 }, // U+04EF
    { 16, 23, 261, 1, 23, 46, 20380 }, // U+04F0
    { 13, 24, 219, 0, 19, 39, 20426 }, // U+04F1
    { 16, 24, 261, 1, 24, 48, 20465 }, // U+04F2
    { 13, 25, 219, 0, 20, 41, 20513 }, // U+04F3
    { 14, 23, 272, 1, 23, 41, 20554 }, // U+04F4
    { 11, 19, 227, 1, 19, 27, 20595 }, // U+04F5
    { 12, 22, 237, 2, 17, 33, 20622 }, // U+04F6
    { 10, 17, 181, 1, 13, 22, 20655 }, // U+04F7
    { 19, 23, 371, 2, 23, 55, 20677 }, // U+04F8
    { 18, 19, 330, 2, 19, 43, 20732 }, // U+04F9
    { 15, 15, 270, 1, 15, 29, 20775 }, // U+05D0
    { 13, 15, 238, 1, 15, 25, 20804 }, // U+05D1
    { 9, 15, 165, 1, 15, 17, 20829 }, // U+05D2
    { 13, 15, 228, 1, 15, 25, 20846 }, // U+05D3
    { 14, 15, 263, 1, 15, 27, 20871 }, // U+05D4
    { 6, 15, 135, 1, 15, 12, 20898 }, // U+05D5
    { 8, 15, 148, 1, 15, 15, 20910 }, // U+05D6
    { 15, 15, 275, 1, 15, 29, 20925 }, // U+05D7
    { 14, 15, 264, 1, 15, 27, 20954 }, // U+05D8
    { 6, 9, 133, 1, 15, 7, 20981 }, // U+05D9
    { 12, 20, 228, 1, 15, 30, 20988 }, // U+05DA
    { 11, 15, 211, 1, 15, 21, 21018 }, // U+05DB
    { 12, 19, 222, 1, 19, 29, 21039 }, // U+05DC
    { 15, 15, 281, 1, 15, 29, 21068 }, // U+05DD
    { 16, 15, 281, 1, 15, 30, 21097 }, // U+05DE
    { 6, 20, 142, 1, 15, 15, 21127 }, // U+05DF
    { 8, 15, 162, 1, 15, 15, 21142 }, // U+05E0
    { 15, 15, 272, 1, 15, 29, 21157 }, // U+05E1
    { 14, 16, 252, 1, 15, 28, 21186 }, // U+05E2
    { 14, 20, 262, 1, 15, 35, 21214 }, // U+05E3
    { 14, 15, 251, 1, 15, 27, 21249 }, // U+05E4
    { 14, 20, 235, 0, 15, 35, 21276 }, // U+05E5
    { 13, 15, 237, 1, 15, 25, 21311 }, // U+05E6
    { 15, 20, 262, 1, 15, 38, 21336 }, // U+05E7
    { 11, 15, 217, 1, 15, 21, 21374 }, // U+05E8
    { 17, 15, 315, 1, 15, 32, 21395 }, // U+05E9
    { 15, 15, 289, 1, 15, 29, 21427 }, // U+05EA
    { 5, 6, 129, 1, 6, 4, 21456 }, // U+060C
    { 5, 17, 136, 1, 17, 11, 21460 }, // U+061B
    { 13, 18, 205, 0, 18, 30, 21471 }, // U+061F
    { 11, 12, 188, 0, 11, 17, 21501 }, // U+0621
    { 9, 3, 116, 0, 3, 4, 21518 }, // U+0640
    { 6, 5, 229, 4, 10, 4, 21522 }, // U+0660
    { 6, 17, 229, 4, 17, 13, 21526 }, // U+0661
    { 12, 17, 229, 1, 17, 26, 21539 }, // U+0662
    { 14, 17, 229, 0, 17, 30, 21565 }, // U+0663
    { 11, 17, 229, 2, 17, 24, 21595 }, // U+0664
    { 11, 13, 229, 2, 13, 18, 21619 }, // U+0665
    { 12, 17, 229, 1, 17, 26, 21637 }, // U+0666
    { 14, 17, 229, 0, 17, 30, 21663 }, // U+0667
    { 14, 18, 229, 0, 17, 32, 21693 }, // U+0668
    { 12, 17, 229, 1, 17, 26, 21725 }, // U+0669
    { 16, 15, 296, 1, 9, 30, 21751 }, // U+06BA
    { 7, 2, 130, 1, 2, 2, 21781 }, // U+06D4
    { 6, 5, 229, 4, 10, 4, 21783 }, // U+06F0
    { 6, 17, 229, 4, 17, 13, 21787 }, // U+06F1
    { 12, 17, 229, 1, 17, 26, 21800 }, // U+06F2
    { 14, 17, 229, 0, 17, 30, 21826 }, // U+06F3
    { 12, 17, 229, 1, 17, 26, 21856 }, // U+06F4
    { 13, 17, 229, 1, 17, 28, 21882 }, // U+06F5
    { 11, 18, 229, 2, 17, 25, 21910 }, // U+06F6
    { 14, 17, 229, 0, 17, 30, 21935 }, // U+06F7
    { 14, 18, 229, 0, 17, 32, 21965 }, // U+06F8
    { 12, 17, 229, 1, 17, 26, 21997 }, // U+06F9
    { 18, 22, 288, 0, 17, 50, 22023 }, // U+1EA0
    { 11, 19, 221, 1, 14, 27, 22073 }, // U+1EA1
    { 18, 24, 288, 0, 24, 54, 22100 }, // U+1EA2
    { 11, 20, 221, 1, 20, 28, 22154 }, // U+1EA3
    { 18, 27, 288, 0, 27, 61, 22182 }, // U+1EA4
    { 14, 23, 221, 1, 23, 41, 22243 }, // U+1EA5
    { 18, 27, 288, 0, 27, 61, 22284 }, // U+1EA6
    { 12, 23, 221, 1, 23, 35, 22345 }, // U+1EA7
    { 18, 28, 288, 0, 28, 63, 22380 }, // U+1EA8
    { 13, 23, 221, 1, 23, 38, 22443 }, // U+1EA9
    { 18, 28, 288, 0, 28, 63, 22481 }, // U+1EAA
    { 11, 24, 221, 1, 24, 33, 22544 }, // U+1EAB
    { 18, 29, 288, 0, 24, 66, 22577 }, // U+1EAC
    { 11, 25, 221, 1, 20, 35, 22643 }, // U+1EAD
    { 18, 28, 288, 0, 28, 63, 22678 }, // U+1EAE
    { 11, 25, 221, 1, 25, 35, 22741 }, // U+1EAF
    { 18, 28, 288, 0, 28, 63, 22776 }, // U+1EB0
    { 11, 24, 221, 1, 24, 33, 22839 }, // U+1EB1
    { 18, 29, 288, 0, 29, 66, 22872 }, // U+1EB2
    { 11, 25, 221, 1, 25, 35, 22938 }, // U+1EB3
    { 18, 28, 288, 0, 28, 63, 22973 }, // U+1EB4
    { 11, 24, 221, 1, 24, 33, 23036 }, // U+1EB5
    { 18, 28, 288, 0, 23, 63, 23069 }, // U+1EB6
    { 11, 24, 221, 1, 19, 33, 23132 }, // U+1EB7
    { 12, 22, 242, 2, 17, 33, 23165 }, // U+1EB8
    { 12, 19, 234, 1, 14, 29, 23198 }, // U+1EB9
    { 12, 24, 242, 2, 24, 36, 23227 }, // U+1EBA
    { 12, 20, 234, 1, 20, 30, 23263 }, // U+1EBB
    { 12, 23, 242, 2, 23, 35, 23293 }, // U+1EBC
    { 12, 19, 234, 1, 19, 29, 23328 }, // U+1EBD
    { 14, 27, 242, 2, 27, 48, 23357 }, // U+1EBE
    { 14, 23, 234, 1, 23, 41, 23405 }, // U+1EBF
    { 12, 27, 242, 2, 27, 41, 23446 }, // U+1EC0
    { 13, 23, 234, 1, 23, 38, 23487 }, // U+1EC1
    { 13, 28, 242, 2, 28, 46, 23525 }, // U+1EC2
    { 14, 23, 234, 1, 23, 41, 23571 }, // U+1EC3
    { 12, 28, 242, 2, 28, 42, 23612 }, // U+1EC4
    { 12, 24, 234, 1, 24, 36, 23654 }, // U+1EC5
    { 12, 29, 242, 2, 24, 44, 23690 }, // U+1EC6
    { 12, 25, 234, 1, 20, 38, 23734 }, // U+1EC7
    { 6, 24, 126, 1, 24, 18, 23772 }, // U+1EC8
    { 5, 20, 116, 1, 20, 13, 23790 }, // U+1EC9
    { 4, 22, 126, 2, 17, 11, 23803 }, // U+1ECA
    { 5, 24, 116, 1, 19, 15, 23814 }, // U+1ECB
    { 18, 23, 316, 1, 18, 52, 23829 }, // U+1ECC
    { 13, 19, 243, 1, 14, 31, 23881 }, // U+1ECD
    { 18, 24, 316, 1, 24, 54, 23912 }, // U+1ECE
    { 13, 20, 243, 1, 20, 33, 23966 }, // U+1ECF
    { 18, 27, 316, 1, 27, 61, 23999 }, // U+1ED0
    { 15, 23, 243, 1, 23, 44, 24060 }, // U+1ED1
    { 18, 27, 316, 1, 27, 61, 24104 }, // U+1ED2
    { 13, 24, 243, 1, 24, 39, 24165 }, // U+1ED3
    { 18, 28, 316, 1, 28, 63, 24204 }, // U+1ED4
    { 14, 23, 243, 1, 23, 41, 24267 }, // U+1ED5
    { 18, 28, 316, 1, 28, 63, 24308 }, // U+1ED6
    { 13, 24, 243, 1, 24, 39, 24371 }, // U+1ED7
    { 18, 29, 316, 1, 24, 66, 24410 }, // U+1ED8
    { 13, 25, 243, 1, 20, 41, 24476 }, // U+1ED9
    { 18, 24, 316, 1, 24, 54, 24517 }, // U+1EDA
    { 14, 20, 243, 1, 20, 35, 24571 }, // U+1EDB
    { 18, 24, 316, 1, 24, 54, 24606 }, // U+1EDC
    { 14, 20, 243, 1, 20, 35, 24660 }, // U+1EDD
    { 18, 24, 316, 1, 24, 54, 24695 }, // U+1EDE
    { 14, 20, 243, 1, 20, 35, 24749 }, // U+1EDF
    { 18, 23, 316, 1, 23, 52, 24784 }, // U+1EE0
    { 14, 19, 243, 1, 19, 34, 24836 }, // U+1EE1
    { 18, 25, 316, 1, 20, 57, 24870 }, // U+1EE2
    { 14, 21, 243, 1, 16, 37, 24927 }, // U+1EE3
    { 14, 22, 283, 2, 17, 39, 24964 }, // U+1EE4
    { 11, 18, 236, 2, 13, 25, 25003 }, // U+1EE5
    { 14, 24, 283, 2, 24, 42, 25028 }, // U+1EE6
    { 11, 20, 236, 2, 20, 28, 25070 }, // U+1EE7
    { 17, 24, 299, 2, 24, 51, 25098 }, // U+1EE8
    { 14, 20, 250, 2, 20, 35, 25149 }, // U+1EE9
    { 17, 24, 299, 2, 24, 51, 25184 }, // U+1EEA
    { 14, 20, 250, 2, 20, 35, 25235 }, // U+1EEB
    { 17, 24, 299, 2, 24, 51, 25270 }, // U+1EEC
    { 14, 20, 250, 2, 20, 35, 25321 }, // U+1EED
    { 17, 23, 299, 2, 23, 49, 25356 }, // U+1EEE
    { 14, 19, 250, 2, 19, 34, 25405 }, // U+1EEF
    { 17, 25, 299, 2, 20, 54, 25439 }, // U+1EF0
    { 14, 21, 250, 2, 16, 37, 25493 }, // U+1EF1
    { 16, 24, 264, 0, 24, 48, 25530 }, // U+1EF2
    { 13, 25, 219, 0, 20, 41, 25578 }, // U+1EF3
    { 16, 22, 264, 0, 17, 44, 25619 }, // U+1EF4
    { 14, 18, 219, 0, 13, 32, 25663 }, // U+1EF5
    { 16, 24, 264, 0, 24, 48, 25695 }, // U+1EF6
    { 13, 25, 219, 0, 20, 41, 25743 }, // U+1EF7
    { 16, 23, 264, 0, 23, 46, 25784 }, // U+1EF8
    { 13, 24, 219, 0, 19, 39, 25830 }, // U+1EF9
    { 1, 1, 52, 0, 1, 1, 25869 }, // U+2009
    { 1, 1, 0, 0, 1, 1, 25870 }, // U+200B
    { 1, 18, 0, 0, 17, 3, 25871 }, // U+200C
    { 6, 18, 0, -3, 17, 14, 25874 }, // U+200D
    { 5, 18, 0, 0, 17, 12, 25888 }, // U+200E
    { 5, 18, 0, -5, 17, 12, 25900 }, // U+200F
    { 6, 3, 128, 1, 8, 3, 25912 }, // U+2010
    { 6, 3, 129, 1, 8, 3, 25915 }, // U+2011
    { 13, 3, 200, 0, 9, 5, 25918 }, // U+2013
    { 25, 3, 400, 0, 9, 10, 25923 }, // U+2014
    { 25, 3, 400, 0, 9, 10, 25933 }, // U+2015
    { 5, 7, 97, 1, 19, 5, 25943 }, // U+2018
    { 5, 7, 97, 0, 19, 5, 25948 }, // U+2019
    { 5, 7, 97, 0, 4, 5, 25953 }, // U+201A
    { 11, 7, 182, 1, 19, 10, 25958 }, // U+201C
    { 11, 7, 182, 0, 19, 10, 25968 }, // U+201D
    { 11, 7, 182, 0, 4, 10, 25978 }, // U+201E
    { 12, 21, 198, 1, 17, 32, 25988 }, // U+2020
    { 12, 21, 198, 1, 17, 32, 26020 }, // U+2021
    { 7, 7, 146, 1, 12, 7, 26052 }, // U+2022
    { 22, 5, 400, 2, 5, 14, 26059 }, // U+2026
    { 1, 1, 52, 0, 1, 1, 26073 }, // U+202F
    { 31, 17, 528, 1, 17, 66, 26074 }, // U+2030
    { 7, 11, 131, 1, 13, 10, 26140 }, // U+2039
    { 7, 11, 131, 0, 13, 10, 26150 }, // U+203A
    { 12, 17, 61, -4, 17, 26, 26160 }, // U+2044
    { 5, 17, 136, 1, 17, 11, 26186 }, // U+204F
    { 8, 10, 145, 0, 18, 10, 26197 }, // U+2070
    { 8, 10, 145, 1, 18, 10, 26207 }, // U+2074
    { 7, 10, 145, 1, 18, 9, 26217 }, // U+2075
    { 7, 10, 145, 1, 18, 9, 26226 }, // U+2076
    { 7, 10, 145, 1, 18, 9, 26235 }, // U+2077
    { 7, 10, 145, 1, 18, 9, 26244 }, // U+2078
    { 7, 10, 145, 1, 18, 9, 26253 }, // U+2079
    { 8, 10, 145, 0, 11, 10, 26262 }, // U+2080
    { 6, 10, 145, 1, 11, 8, 26272 }, // U+2081
    { 8, 10, 145, 0, 11, 10, 26280 }, // U+2082
    { 8, 10, 145, 0, 11, 10, 26290 }, // U+2083
    { 8, 10, 145, 1, 11, 10, 26300 }, // U+2084
    { 7, 10, 145, 1, 11, 9, 26310 }, // U+2085
    { 7, 10, 145, 1, 11, 9, 26319 }, // U+2086
    { 7, 10, 145, 1, 11, 9, 26328 }, // U+2087
    { 7, 10, 145, 1, 11, 9, 26337 }, // U+2088
    { 7, 10, 145, 1, 11, 9, 26346 }, // U+2089
    { 18, 15, 346, 2, 15, 34, 26355 }, // U+20AA
    { 13, 17, 227, 1, 17, 28, 26389 }, // U+20AC
    { 14, 17, 227, 0, 17, 30, 26417 }, // U+20AE
    { 12, 17, 227, 1, 17, 26, 26447 }, // U+20B4
    { 14, 17, 227, 1, 17, 30, 26473 }, // U+20B9
    { 13, 18, 245, 1, 18, 30, 26503 }, // U+2202
    { 17, 17, 277, 0, 17, 37, 26533 }, // U+2206
    { 14, 21, 292, 2, 18, 37, 26570 }, // U+220F
    { 13, 20, 217, 0, 17, 33, 26607 }, // U+2211
    { 12, 3, 227, 1, 9, 5, 26640 }, // U+2212
    { 12, 17, 61, -4, 17, 26, 26645 }, // U+2215
    { 5, 5, 98, 1, 10, 4, 26671 }, // U+2219
    { 15, 18, 241, 1, 18, 34, 26675 }, // U+221A
    { 14, 8, 254, 1, 11, 14, 26709 }, // U+221E
    { 10, 23, 160, 0, 18, 29, 26723 }, // U+222B
    { 12, 11, 227, 1, 13, 17, 26752 }, // U+2248
    { 12, 14, 227, 1, 14, 21, 26769 }, // U+2260
    { 12, 15, 227, 1, 15, 23, 26790 }, // U+2264
    { 12, 15, 227, 1, 15, 23, 26813 }, // U+2265
    { 20, 19, 336, 2, 19, 48, 26836 }, // U+FB00
    { 15, 19, 283, 2, 19, 36, 26884 }, // U+FB01
    { 17, 19, 294, 2, 19, 41, 26920 }, // U+FB02
    { 26, 19, 451, 2, 19, 62, 26961 }, // U+FB03
    { 28, 19, 462, 2, 19, 67, 27023 }, // U+FB04
    { 23, 19, 410, 1, 11, 55, 27090 }, // U+FB56
    { 30, 18, 457, 1, 10, 68, 27145 }, // U+FB57
    { 7, 20, 144, 0, 12, 18, 27213 }, // U+FB58
    { 12, 17, 164, 0, 9, 26, 27231 }, // U+FB59
    { 23, 19, 410, 1, 18, 55, 27257 }, // U+FB66
    { 30, 19, 457, 1, 18, 72, 27312 }, // U+FB67
    { 7, 21, 127, 0, 21, 19, 27384 }, // U+FB68
    { 12, 18, 164, 0, 18, 27, 27403 }, // U+FB69
    { 17, 23, 275, 0, 13, 49, 27430 }, // U+FB7A
    { 21, 23, 304, 0, 13, 61, 27479 }, // U+FB7B
    { 15, 19, 252, 0, 11, 36, 27540 }, // U+FB7C
    { 18, 19, 262, 0, 11, 43, 27576 }, // U+FB7D
    { 11, 22, 207, 1, 22, 31, 27619 }, // U+FB88
    { 15, 22, 228, 1, 22, 42, 27650 }, // U+FB89
    { 10, 25, 164, -1, 19, 32, 27692 }, // U+FB8A
    { 14, 25, 180, -1, 19, 44, 27724 }, // U+FB8B
    { 10, 26, 164, -1, 20, 33, 27768 }, // U+FB8C
    { 14, 26, 180, -1, 20, 46, 27801 }, // U+FB8D
    { 22, 19, 364, 1, 18, 53, 27847 }, // U+FB8E
    { 25, 19, 381, 1, 18, 60, 27900 }, // U+FB8F
    { 12, 18, 182, 0, 18, 27, 27960 }, // U+FB90
    { 15, 18, 203, 0, 18, 34, 27987 }, // U+FB91
    { 22, 23, 364, 1, 22, 64, 28021 }, // U+FB92
    { 25, 23, 381, 1, 22, 72, 28085 }, // U+FB93
    { 12, 22, 182, 0, 22, 33, 28157 }, // U+FB94
    { 15, 22, 203, 0, 22, 42, 28190 }, // U+FB95
    { 16, 15, 296, 1, 9, 30, 28232 }, // U+FB9E
    { 21, 15, 322, 1, 9, 40, 28262 }, // U+FB9F
    { 10, 14, 188, 1, 14, 18, 28302 }, // U+FBA6
    { 17, 10, 234, 0, 10, 22, 28320 }, // U+FBA7
    { 7, 17, 127, 0, 12, 15, 28342 }, // U+FBA8
    { 15, 12, 206, 0, 5, 23, 28357 }, // U+FBA9
    { 18, 14, 308, 0, 14, 32, 28380 }, // U+FBAA
    { 19, 18, 274, 0, 12, 43, 28412 }, // U+FBAB
    { 15, 14, 256, 0, 14, 27, 28455 }, // U+FBAC
    { 16, 18, 228, 0, 12, 36, 28482 }, // U+FBAD
    { 22, 14, 377, 1, 13, 39, 28518 }, // U+FBAE
    { 16, 10, 224, 0, 3, 20, 28557 }, // U+FBAF
    { 22, 21, 377, 1, 20, 58, 28577 }, // U+FBB0
    { 16, 18, 224, 0, 11, 36, 28635 }, // U+FBB1
    { 19, 18, 328, 1, 12, 43, 28671 }, // U+FBFC
    { 21, 12, 320, 1, 6, 32, 28714 }, // U+FBFD
    { 8, 18, 144, 0, 12, 18, 28746 }, // U+FBFE
    { 12, 15, 164, 0, 9, 23, 28764 }, // U+FBFF
    { 11, 12, 188, 0, 11, 17, 28787 }, // U+FE80
    { 8, 22, 108, -1, 22, 22, 28804 }, // U+FE81
    { 11, 23, 127, -1, 23, 32, 28826 }, // U+FE82
    { 6, 25, 108, 0, 25, 19, 28858 }, // U+FE83
    { 10, 26, 127, 0, 26, 33, 28877 }, // U+FE84
    { 10, 24, 199, 1, 18, 30, 28910 }, // U+FE85
    { 14, 24, 210, 1, 18, 42, 28940 }, // U+FE86
    { 6, 26, 109, 1, 18, 20, 28982 }, // U+FE87
    { 9, 26, 127, 1, 18, 30, 29002 }, // U+FE88
    { 19, 19, 328, 1, 13, 46, 29032 }, // U+FE89
    { 21, 19, 320, 1, 13, 50, 29078 }, // U+FE8A
    { 7, 20, 127, 0, 20, 18, 29128 }, // U+FE8B
    { 12, 17, 154, 0, 17, 26, 29146 }, // U+FE8C
    { 5, 18, 109, 1, 18, 12, 29172 }, // U+FE8D
    { 9, 18, 127, 1, 18, 21, 29184 }, // U+FE8E
    { 23, 18, 410, 1, 11, 52, 29205 }, // U+FE8F
    { 30, 17, 457, 1, 10, 64, 29257 }, // U+FE90
    { 7, 18, 127, 0, 12, 16, 29321 }, // U+FE91
    { 12, 15, 154, 0, 9, 23, 29337 }, // U+FE92
    { 10, 19, 188, 1, 19, 24, 29360 }, // U+FE93
    { 15, 21, 222, 1, 21, 40, 29384 }, // U+FE94
    { 23, 15, 410, 1, 14, 44, 29424 }, // U+FE95
    { 30, 15, 457, 1, 14, 57, 29468 }, // U+FE96
    { 7, 17, 127, 0, 17, 15, 29525 }, // U+FE97
    { 12, 14, 164, 0, 14, 21, 29540 }, // U+FE98
    { 23, 18, 410, 1, 17, 52, 29561 }, // U+FE99
    { 30, 18, 457, 1, 17, 68, 29613 }, // U+FE9A
    { 7, 20, 127, 0, 20, 18, 29681 }, // U+FE9B
    { 12, 17, 164, 0, 17, 26, 29699 }, // U+FE9C
    { 16, 23, 275, 0, 13, 46, 29725 }, // U+FE9D
    { 20, 23, 296, 0, 13, 58, 29771 }, // U+FE9E
    { 15, 17, 252, 0, 11, 32, 29829 }, // U+FE9F
    { 18, 17, 262, 0, 11, 39, 29861 }, // U+FEA0
    { 16, 23, 275, 0, 13, 46, 29900 }, // U+FEA1
    { 20, 23, 296, 0, 13, 58, 29946 }, // U+FEA2
    { 15, 11, 252, 0, 11, 21, 30004 }, // U+FEA3
    { 18, 11, 262, 0, 11, 25, 30025 }, // U+FEA4
    { 16, 28, 275, 0, 18, 56, 30050 }, // U+FEA5
    { 20, 28, 296, 0, 18, 70, 30106 }, // U+FEA6
    { 15, 17, 252, 0, 17, 32, 30176 }, // U+FEA7
    { 18, 17, 262, 0, 17, 39, 30208 }, // U+FEA8
    { 11, 13, 207, 1, 13, 18, 30247 }, // U+FEA9
    { 15, 13, 228, 1, 13, 25, 30265 }, // U+FEAA
    { 11, 18, 207, 1, 18, 25, 30290 }, // U+FEAB
    { 15, 18, 228, 1, 18, 34, 30315 }, // U+FEAC
    { 10, 16, 164, -1, 10, 20, 30349 }, // U+FEAD
    { 14, 16, 180, -1, 10, 28, 30369 }, // U+FEAE
    { 10, 22, 164, -1, 16, 28, 30397 }, // U+FEAF
    { 14, 22, 180, -1, 16, 39, 30425 }, // U+FEB0
    { 32, 18, 548, 1, 12, 72, 30464 }, // U+FEB1
    { 37, 16, 576, 1, 10, 74, 30536 }, // U+FEB2
    { 23, 12, 380, 0, 12, 35, 30610 }, // U+FEB3
    { 27, 10, 408, 0, 10, 34, 30645 }, // U+FEB4
    { 32, 24, 548, 1, 18, 96, 30679 }, // U+FEB5
    { 37, 24, 576, 1, 18, 111, 30775 }, // U+FEB6
    { 23, 18, 380, 0, 18, 52, 30886 }, // U+FEB7
    { 27, 18, 408, 0, 18, 61, 30938 }, // U+FEB8
    { 34, 17, 569, 1, 11, 73, 30999 }, // U+FEB9
    { 37, 17, 577, 1, 11, 79, 31072 }, // U+FEBA
    { 23, 11, 390, 0, 11, 32, 31151 }, // U+FEBB
    { 27, 11, 402, 0, 11, 38, 31183 }, // U+FEBC
    { 34, 23, 569, 1, 17, 98, 31221 }, // U+FEBD
    { 37, 23, 577, 1, 17, 107, 31319 }, // U+FEBE
    { 23, 17, 390, 0, 17, 49, 31426 }, // U+FEBF
    { 27, 17, 402, 0, 17, 58, 31475 }, // U+FEC0
    { 20, 18, 338, 0, 18, 45, 31533 }, // U+FEC1
    { 24, 18, 344, 0, 18, 54, 31578 }, // U+FEC2
    { 17, 18, 295, 0, 18, 39, 31632 }, // U+FEC3
    { 21, 18, 305, 0, 18, 48, 31671 }, // U+FEC4
    { 20, 18, 338, 0, 18, 45, 31719 }, // U+FEC5
    { 24, 18, 344, 0, 18, 54, 31764 }, // U+FEC6
    { 17, 18, 295, 0, 18, 39, 31818 }, // U+FEC7
    { 21, 18, 305, 0, 18, 48, 31857 }, // U+FEC8
    { 16, 24, 228, 0, 14, 48, 31905 }, // U+FEC9
    { 16, 22, 228, 0, 12, 44, 31953 }, // U+FECA
    { 13, 12, 223, 0, 12, 20, 31997 }, // U+FECB
    { 16, 12, 221, 0, 12, 24, 32017 }, // U+FECC
    { 16, 30, 228, 0, 20, 60, 32041 }, // U+FECD
    { 16, 27, 228, 0, 17, 54, 32101 }, // U+FECE
    { 13, 18, 223, 0, 18, 30, 32155 }, // U+FECF
    { 16, 17, 221, 0, 17, 34, 32185 }, // U+FED0
    { 24, 21, 410, 1, 20, 63, 32219 }, // U+FED1
    { 29, 19, 446, 1, 18, 69, 32282 }, // U+FED2
    { 12, 20, 202, 0, 20, 30, 32351 }, // U+FED3
    { 15, 18, 212, 0, 18, 34, 32381 }, // U+FED4
    { 19, 22, 333, 1, 17, 53, 32415 }, // U+FED5
    { 22, 22, 342, 1, 15, 61, 32468 }, // U+FED6
    { 12, 20, 202, 0, 20, 30, 32529 }, // U+FED7
    { 15, 18, 212, 0, 18, 34, 32559 }, // U+FED8
    { 21, 19, 372, 1, 18, 50, 32593 }, // U+FED9
    { 25, 19, 390, 1, 18, 60, 32643 }, // U+FEDA
    { 12, 18, 182, 0, 18, 27, 32703 }, // U+FEDB
    { 15, 18, 203, 0, 18, 34, 32730 }, // U+FEDC
    { 16, 24, 296, 1, 18, 48, 32764 }, // U+FEDD
    { 21, 24, 316, 1, 18, 63, 32812 }, // U+FEDE
    { 6, 18, 119, 0, 18, 14, 32875 }, // U+FEDF
    { 11, 18, 138, 0, 18, 25, 32889 }, // U+FEE0
    { 13, 21, 219, 0, 11, 35, 32914 }, // U+FEE1
    { 19, 21, 264, 0, 11, 50, 32949 }, // U+FEE2
    { 13, 10, 233, 0, 10, 17, 32999 }, // U+FEE3
    { 18, 10, 250, 0, 10, 23, 33016 }, // U+FEE4
    { 16, 20, 296, 1, 14, 40, 33039 }, // U+FEE5
    { 21, 20, 322, 1, 14, 53, 33079 }, // U+FEE6
    { 7, 17, 127, 0, 17, 15, 33132 }, // U+FEE7
    { 12, 15, 154, 0, 15, 23, 33147 }, // U+FEE8
    { 10, 14, 188, 1, 14, 18, 33170 }, // U+FEE9
    { 15, 15, 222, 1, 15, 29, 33188 }, // U+FEEA
    { 15, 14, 256, 0, 14, 27, 33217 }, // U+FEEB
    { 16, 18, 228, 0, 12, 36, 33244 }, // U+FEEC
    { 10, 16, 199, 1, 10, 20, 33280 }, // U+FEED
    { 14, 16, 210, 1, 10, 28, 33300 }, // U+FEEE
    { 19, 18, 328, 1, 12, 43, 33328 }, // U+FEEF
    { 21, 12, 320, 1, 6, 32, 33371 }, // U+FEF0
    { 19, 24, 328, 1, 12, 57, 33403 }, // U+FEF1
    { 21, 18, 320, 1, 6, 48, 33460 }, // U+FEF2
    { 8, 18, 144, 0, 12, 18, 33508 }, // U+FEF3
    { 12, 15, 164, 0, 9, 23, 33526 }, // U+FEF4
    { 15, 20, 253, -1, 20, 38, 33549 }, // U+FEF5
    { 18, 20, 272, 1, 20, 45, 33587 }, // U+FEF6
    { 14, 23, 253, 0, 23, 41, 33632 }, // U+FEF7
    { 18, 23, 272, 1, 23, 52, 33673 }, // U+FEF8
    { 13, 26, 253, 1, 18, 43, 33725 }, // U+FEF9
    { 18, 26, 272, 1, 18, 59, 33768 }, // U+FEFA
    { 13, 18, 253, 1, 18, 30, 33827 }, // U+FEFB
    { 18, 18, 272, 1, 18, 41, 33857 }, // U+FEFC
};

static const EpdUnicodeInterval ubuntu_12_boldIntervals[] = {
    { 0x0, 0x0, 0x0 },
    { 0x8, 0x9, 0x1 },
    { 0xD, 0xD, 0x3 },
    { 0x1D, 0x1D, 0x4 },
    { 0x20, 0x7E, 0x5 },
    { 0xA0, 0x17F, 0x64 },
    { 0x1A0, 0x1A1, 0x144 },
    { 0x1AF, 0x1B0, 0x146 },
    { 0x1C4, 0x21F, 0x148 },
    { 0x300, 0x304, 0x1A4 },
    { 0x306, 0x308, 0x1A9 },
    { 0x30A, 0x30C, 0x1AC },
    { 0x311, 0x312, 0x1AF },
    { 0x326, 0x328, 0x1B1 },
    { 0x34F, 0x34F, 0x1B4 },
    { 0x400, 0x45F, 0x1B5 },
    { 0x462, 0x463, 0x215 },
    { 0x472, 0x475, 0x217 },
    { 0x48A, 0x4F9, 0x21B },
    { 0x5D0, 0x5EA, 0x28B },
    { 0x60C, 0x60C, 0x2A6 },
    { 0x61B, 0x61B, 0x2A7 },
    { 0x61F, 0x61F, 0x2A8 },
    { 0x621, 0x621, 0x2A9 },
    { 0x640, 0x640, 0x2AA },
    { 0x660, 0x669, 0x2AB },
    { 0x6BA, 0x6BA, 0x2B5 },
    { 0x6D4, 0x6D4, 0x2B6 },
    { 0x6F0, 0x6F9, 0x2B7 },
    { 0x1EA0, 0x1EF9, 0x2C1 },
    { 0x2009, 0x2009, 0x31B },
    { 0x200B, 0x2011, 0x31C },
    { 0x2013, 0x2015, 0x323 },
    { 0x2018, 0x201A, 0x326 },
    { 0x201C, 0x201E, 0x329 },
    { 0x2020, 0x2022, 0x32C },
    { 0x2026, 0x2026, 0x32F },
    { 0x202F, 0x2030, 0x330 },
    { 0x2039, 0x203A, 0x332 },
    { 0x2044, 0x2044, 0x334 },
    { 0x204F, 0x204F, 0x335 },
    { 0x2070, 0x2070, 0x336 },
    { 0x2074, 0x2079, 0x337 },
    { 0x2080, 0x2089, 0x33D },
    { 0x20AA, 0x20AA, 0x347 },
    { 0x20AC, 0x20AC, 0x348 },
    { 0x20AE, 0x20AE, 0x349 },
    { 0x20B4, 0x20B4, 0x34A },
    { 0x20B9, 0x20B9, 0x34B },
    { 0x2202, 0x2202, 0x34C },
    { 0x2206, 0x2206, 0x34D },
    { 0x220F, 0x220F, 0x34E },
    { 0x2211, 0x2212, 0x34F },
    { 0x2215, 0x2215, 0x351 },
    { 0x2219, 0x221A, 0x352 },
    { 0x221E, 0x221E, 0x354 },
    { 0x222B, 0x222B, 0x355 },
    { 0x2248, 0x2248, 0x356 },
    { 0x2260, 0x2260, 0x357 },
    { 0x2264, 0x2265, 0x358 },
    { 0xFB00, 0xFB04, 0x35A },
    { 0xFB56, 0xFB59, 0x35F },
    { 0xFB66, 0xFB69, 0x363 },
    { 0xFB7A, 0xFB7D, 0x367 },
    { 0xFB88, 0xFB95, 0x36B },
    { 0xFB9E, 0xFB9F, 0x379 },
    { 0xFBA6, 0xFBB1, 0x37B },
    { 0xFBFC, 0xFBFF, 0x387 },
    { 0xFE80, 0xFEFC, 0x38B },
};

static const EpdKernClassEntry ubuntu_12_boldKernLeftClasses[] = {
    { 0x0022, 1 }, // "
    { 0x0026, 2 }, // &
    { 0x0027, 1 }, // '
    { 0x0028, 3 }, // (
    { 0x0029, 4 }, // )
    { 0x002A, 5 }, // *
    { 0x002C, 6 }, // ,
    { 0x002D, 7 }, // -
    { 0x002E, 6 }, // .
    { 0x002F, 8 }, // /
    { 0x003A, 9 }, // :
    { 0x003B, 9 }, // ;
    { 0x0040, 10 }, // @
    { 0x0041, 11 }, // A
    { 0x0042, 12 }, // B
    { 0x0043, 13 }, // C
    { 0x0044, 14 }, // D
    { 0x0045, 15 }, // E
    { 0x0046, 16 }, // F
    { 0x0047, 17 }, // G
    { 0x0048, 18 }, // H
    { 0x0049, 18 }, // I
    { 0x004A, 19 }, // J
    { 0x004B, 20 }, // K
    { 0x004C, 21 }, // L
    { 0x004D, 22 }, // M
    { 0x004E, 18 }, // N
    { 0x004F, 23 }, // O
    { 0x0050, 24 }, // P
    { 0x0051, 25 }, // Q
    { 0x0052, 26 }, // R
    { 0x0053, 27 }, // S
    { 0x0054, 28 }, // T
    { 0x0055, 29 }, // U
    { 0x0056, 30 }, // V
    { 0x0057, 31 }, // W
    { 0x0058, 32 }, // X
    { 0x0059, 33 }, // Y
    { 0x005A, 34 }, // Z
    { 0x005B, 35 }, // [
    { 0x005C, 36 }, // <backslash>
    { 0x005D, 37 }, // ]
    { 0x0061, 38 }, // a
    { 0x0062, 39 }, // b
    { 0x0063, 40 }, // c
    { 0x0064, 41 }, // d
    { 0x0066, 42 }, // f
    { 0x0067, 43 }, // g
    { 0x0068, 44 }, // h
    { 0x0069, 45 }, // i
    { 0x006A, 46 }, // j
    { 0x006B, 47 }, // k
    { 0x006C, 48 }, // l
    { 0x006D, 49 }, // m
    { 0x006E, 49 }, // n
    { 0x006F, 50 }, // o
    { 0x0070, 39 }, // p
    { 0x0071, 51 }, // q
    { 0x0072, 52 }, // r
    { 0x0073, 53 }, // s
    { 0x0074, 54 }, // t
    { 0x0075, 55 }, // u
    { 0x0076, 56 }, // v
    { 0x0077, 57 }, // w
    { 0x0078, 58 }, // x
    { 0x0079, 59 }, // y
    { 0x007A, 60 }, // z
    { 0x007B, 61 }, // {
    { 0x007D, 62 }, // }
    { 0x00A1, 63 }, // U+00A1
    { 0x00AB, 64 }, // U+00AB
    { 0x00BB, 65 }, // U+00BB
    { 0x00BF, 66 }, // U+00BF
    { 0x00C0, 11 }, // U+00C0
    { 0x00C1, 11 }, // U+00C1
    { 0x00C2, 11 }, // U+00C2
    { 0x00C3, 11 }, // U+00C3
    { 0x00C4, 11 }, // U+00C4
    { 0x00C5, 11 }, // U+00C5
    { 0x00C6, 15 }, // U+00C6
    { 0x00C7, 13 }, // U+00C7
    { 0x00C8, 15 }, // U+00C8
    { 0x00C9, 15 }, // U+00C9
    { 0x00CA, 15 }, // U+00CA
    { 0x00CB, 15 }, // U+00CB
    { 0x00CC, 18 }, // U+00CC
    { 0x00CD, 18 }, // U+00CD
    { 0x00CE, 18 }, // U+00CE
    { 0x00CF, 18 }, // U+00CF
    { 0x00D0, 14 }, // U+00D0
    { 0x00D1, 18 }, // U+00D1
    { 0x00D2, 23 }, // U+00D2
    { 0x00D3, 23 }, // U+00D3
    { 0x00D4, 23 }, // U+00D4
    { 0x00D5, 23 }, // U+00D5
    { 0x00D6, 23 }, // U+00D6
    { 0x00D8, 23 }, // U+00D8
    { 0x00D9, 29 }, // U+00D9
    { 0x00DA, 29 }, // U+00DA
    { 0x00DB, 29 }, // U+00DB
    { 0x00DC, 29 }, // U+00DC
    { 0x00DD, 33 }, // U+00DD
    { 0x00DE, 67 }, // U+00DE
    { 0x00DF, 68 }, // U+00DF
    { 0x00E0, 38 }, // U+00E0
    { 0x00E1, 38 }, // U+00E1
    { 0x00E2, 38 }, // U+00E2
    { 0x00E3, 38 }, // U+00E3
    { 0x00E4, 38 }, // U+00E4
    { 0x00E5, 38 }, // U+00E5
    { 0x00E7, 40 }, // U+00E7
    { 0x00EC, 45 }, // U+00EC
    { 0x00ED, 45 }, // U+00ED
    { 0x00EE, 45 }, // U+00EE
    { 0x00EF, 45 }, // U+00EF
    { 0x00F0, 69 }, // U+00F0
    { 0x00F1, 49 }, // U+00F1
    { 0x00F2, 50 }, // U+00F2
    { 0x00F3, 50 }, // U+00F3
    { 0x00F4, 50 }, // U+00F4
    { 0x00F5, 50 }, // U+00F5
    { 0x00F6, 50 }, // U+00F6
    { 0x00F8, 50 }, // U+00F8
    { 0x00F9, 55 }, // U+00F9
    { 0x00FA, 55 }, // U+00FA
    { 0x00FB, 55 }, // U+00FB
    { 0x00FC, 55 }, // U+00FC
    { 0x00FD, 59 }, // U+00FD
    { 0x00FE, 70 }, // U+00FE
    { 0x00FF, 59 }, // U+00FF
    { 0x0100, 11 }, // U+0100
    { 0x0101, 38 }, // U+0101
    { 0x0102, 11 }, // U+0102
    { 0x0103, 38 }, // U+0103
    { 0x0104, 11 }, // U+0104
    { 0x0105, 38 }, // U+0105
    { 0x0106, 13 }, // U+0106
    { 0x0107, 40 }, // U+0107
    { 0x0108, 13 }, // U+0108
    { 0x0109, 40 }, // U+0109
    { 0x010A, 13 }, // U+010A
    { 0x010B, 40 }, // U+010B
    { 0x010C, 13 }, // U+010C
    { 0x010D, 40 }, // U+010D
    { 0x010E, 14 }, // U+010E
    { 0x010F, 71 }, // U+010F
    { 0x0110, 14 }, // U+0110
    { 0x0111, 41 }, // U+0111
    { 0x0112, 15 }, // U+0112
    { 0x0114, 15 }, // U+0114
    { 0x0116, 15 }, // U+0116
    { 0x0118, 15 }, // U+0118
    { 0x011A, 15 }, // U+011A
    { 0x011C, 17 }, // U+011C
    { 0x011D, 43 }, // U+011D
    { 0x011E, 17 }, // U+011E
    { 0x011F, 43 }, // U+011F
    { 0x0120, 17 }, // U+0120
    { 0x0121, 43 }, // U+0121
    { 0x0122, 17 }, // U+0122
    { 0x0123, 43 }, // U+0123
    { 0x0124, 18 }, // U+0124
    { 0x0125, 44 }, // U+0125
    { 0x0126, 18 }, // U+0126
    { 0x0127, 44 }, // U+0127
    { 0x0128, 18 }, // U+0128
    { 0x0129, 45 }, // U+0129
    { 0x012A, 18 }, // U+012A
    { 0x012B, 45 }, // U+012B
    { 0x012C, 18 }, // U+012C
    { 0x012D, 45 }, // U+012D
    { 0x012E, 18 }, // U+012E
    { 0x012F, 45 }, // U+012F
    { 0x0130, 18 }, // U+0130
    { 0x0131, 45 }, // U+0131
    { 0x0132, 19 }, // U+0132
    { 0x0133, 46 }, // U+0133
    { 0x0134, 19 }, // U+0134
    { 0x0135, 46 }, // U+0135
    { 0x0136, 20 }, // U+0136
    { 0x0137, 47 }, // U+0137
    { 0x0138, 47 }, // U+0138
    { 0x0139, 21 }, // U+0139
    { 0x013A, 48 }, // U+013A
    { 0x013B, 21 }, // U+013B
    { 0x013C, 48 }, // U+013C
    { 0x013D, 21 }, // U+013D
    { 0x013E, 71 }, // U+013E
    { 0x013F, 21 }, // U+013F
    { 0x0140, 48 }, // U+0140
    { 0x0141, 21 }, // U+0141
    { 0x0142, 48 }, // U+0142
    { 0x0143, 18 }, // U+0143
    { 0x0144, 49 }, // U+0144
    { 0x0145, 18 }, // U+0145
    { 0x0146, 49 }, // U+0146
    { 0x0147, 18 }, // U+0147
    { 0x0148, 49 }, // U+0148
    { 0x0149, 49 }, // U+0149
    { 0x014A, 72 }, // U+014A
    { 0x014B, 73 }, // U+014B
    { 0x014C, 23 }, // U+014C
    { 0x014D, 50 }, // U+014D
    { 0x014E, 23 }, // U+014E
    { 0x014F, 50 }, // U+014F
    { 0x0150, 23 }, // U+0150
    { 0x0151, 50 }, // U+0151
    { 0x0152, 15 }, // U+0152
    { 0x0154, 26 }, // U+0154
    { 0x0155, 52 }, // U+0155
    { 0x0156, 26 }, // U+0156
    { 0x0157, 52 }, // U+0157
    { 0x0158, 26 }, // U+0158
    { 0x0159, 52 }, // U+0159
    { 0x015A, 27 }, // U+015A
    { 0x015B, 53 }, // U+015B
    { 0x015C, 27 }, // U+015C
    { 0x015D, 53 }, // U+015D
    { 0x015E, 27 }, // U+015E
    { 0x015F, 53 }, // U+015F
    { 0x0160, 27 }, // U+0160
    { 0x0161, 53 }, // U+0161
    { 0x0162, 28 }, // U+0162
    { 0x0163, 54 }, // U+0163
    { 0x0164, 28 }, // U+0164
    { 0x0165, 54 }, // U+0165
    { 0x0166, 28 }, // U+0166
    { 0x0167, 54 }, // U+0167
    { 0x0168, 29 }, // U+0168
    { 0x0169, 55 }, // U+0169
    { 0x016A, 29 }, // U+016A
    { 0x016B, 55 }, // U+016B
    { 0x016C, 29 }, // U+016C
    { 0x016D, 55 }, // U+016D
    { 0x016E, 29 }, // U+016E
    { 0x016F, 55 }, // U+016F
    { 0x0170, 29 }, // U+0170
    { 0x0171, 55 }, // U+0171
    { 0x0172, 29 }, // U+0172
    { 0x0173, 55 }, // U+0173
    { 0x0174, 31 }, // U+0174
    { 0x0175, 57 }, // U+0175
    { 0x0176, 33 }, // U+0176
    { 0x0177, 59 }, // U+0177
    { 0x0178, 33 }, // U+0178
    { 0x0179, 34 }, // U+0179
    { 0x017A, 60 }, // U+017A
    { 0x017B, 34 }, // U+017B
    { 0x017C, 60 }, // U+017C
    { 0x017D, 34 }, // U+017D
    { 0x017E, 60 }, // U+017E
    { 0x017F, 42 }, // U+017F
    { 0x01A0, 74 }, // U+01A0
    { 0x01C4, 34 }, // U+01C4
    { 0x01C5, 60 }, // U+01C5
    { 0x01C6, 60 }, // U+01C6
    { 0x01C7, 19 }, // U+01C7
    { 0x01C8, 46 }, // U+01C8
    { 0x01C9, 46 }, // U+01C9
    { 0x01CA, 19 }, // U+01CA
    { 0x01CB, 46 }, // U+01CB
    { 0x01CC, 46 }, // U+01CC
    { 0x01CD, 11 }, // U+01CD
    { 0x01CE, 38 }, // U+01CE
    { 0x01CF, 18 }, // U+01CF
    { 0x01D0, 45 }, // U+01D0
    { 0x01D1, 23 }, // U+01D1
    { 0x01D2, 50 }, // U+01D2
    { 0x01D3, 29 }, // U+01D3
    { 0x01D4, 55 }, // U+01D4
    { 0x01D5, 29 }, // U+01D5
    { 0x01D6, 55 }, // U+01D6
    { 0x01D7, 29 }, // U+01D7
    { 0x01D8, 55 }, // U+01D8
    { 0x01D9, 29 }, // U+01D9
    { 0x01DA, 55 }, // U+01DA
    { 0x01DB, 29 }, // U+01DB
    { 0x01DC, 55 }, // U+01DC
    { 0x01DD, 50 }, // U+01DD
    { 0x01DE, 11 }, // U+01DE
    { 0x01DF, 38 }, // U+01DF
    { 0x01E0, 11 }, // U+01E0
    { 0x01E1, 38 }, // U+01E1
    { 0x01E2, 15 }, // U+01E2
    { 0x01E4, 17 }, // U+01E4
    { 0x01E5, 43 }, // U+01E5
    { 0x01E6, 17 }, // U+01E6
    { 0x01E7, 43 }, // U+01E7
    { 0x01E8, 20 }, // U+01E8
    { 0x01E9, 47 }, // U+01E9
    { 0x01EA, 23 }, // U+01EA
    { 0x01EB, 50 }, // U+01EB
    { 0x01EC, 23 }, // U+01EC
    { 0x01ED, 50 }, // U+01ED
    { 0x01EE, 75 }, // U+01EE
    { 0x01EF, 76 }, // U+01EF
    { 0x01F0, 46 }, // U+01F0
    { 0x01F1, 34 }, // U+01F1
    { 0x01F2, 60 }, // U+01F2
    { 0x01F3, 60 }, // U+01F3
    { 0x01F4, 17 }, // U+01F4
    { 0x01F5, 43 }, // U+01F5
    { 0x01F6, 55 }, // U+01F6
    { 0x01F7, 77 }, // U+01F7
    { 0x01F8, 18 }, // U+01F8
    { 0x01F9, 49 }, // U+01F9
    { 0x01FA, 11 }, // U+01FA
    { 0x01FB, 38 }, // U+01FB
    { 0x01FC, 15 }, // U+01FC
    { 0x01FE, 23 }, // U+01FE
    { 0x01FF, 50 }, // U+01FF
    { 0x0200, 11 }, // U+0200
    { 0x0201, 38 }, // U+0201
    { 0x0202, 11 }, // U+0202
    { 0x0203, 38 }, // U+0203
    { 0x0204, 15 }, // U+0204
    { 0x0206, 15 }, // U+0206
    { 0x0208, 18 }, // U+0208
    { 0x0209, 45 }, // U+0209
    { 0x020A, 18 }, // U+020A
    { 0x020B, 45 }, // U+020B
    { 0x020C, 23 }, // U+020C
    { 0x020D, 50 }, // U+020D
    { 0x020E, 23 }, // U+020E
    { 0x020F, 50 }, // U+020F
    { 0x0210, 26 }, // U+0210
    { 0x0211, 52 }, // U+0211
    { 0x0212, 26 }, // U+0212
    { 0x0213, 52 }, // U+0213
    { 0x0214, 29 }, // U+0214
    { 0x0215, 55 }, // U+0215
    { 0x0216, 29 }, // U+0216
    { 0x0217, 55 }, // U+0217
    { 0x0218, 27 }, // U+0218
    { 0x0219, 53 }, // U+0219
    { 0x021A, 28 }, // U+021A
    { 0x021B, 54 }, // U+021B
    { 0x021C, 78 }, // U+021C
    { 0x021E, 18 }, // U+021E
    { 0x021F, 44 }, // U+021F
    { 0x0400, 79 }, // U+0400
    { 0x0401, 79 }, // U+0401
    { 0x0402, 80 }, // U+0402
    { 0x0403, 81 }, // U+0403
    { 0x0404, 82 }, // U+0404
    { 0x0405, 83 }, // U+0405
    { 0x0406, 18 }, // U+0406
    { 0x0407, 18 }, // U+0407
    { 0x0408, 84 }, // U+0408
    { 0x0409, 85 }, // U+0409
    { 0x040A, 85 }, // U+040A
    { 0x040B, 86 }, // U+040B
    { 0x040C, 87 }, // U+040C
    { 0x040D, 18 }, // U+040D
    { 0x040E, 88 }, // U+040E
    { 0x040F, 18 }, // U+040F
    { 0x0410, 89 }, // U+0410
    { 0x0411, 80 }, // U+0411
    { 0x0412, 90 }, // U+0412
    { 0x0413, 81 }, // U+0413
    { 0x0414, 91 }, // U+0414
    { 0x0415, 79 }, // U+0415
    { 0x0416, 92 }, // U+0416
    { 0x0417, 93 }, // U+0417
    { 0x0418, 18 }, // U+0418
    { 0x0419, 18 }, // U+0419
    { 0x041A, 87 }, // U+041A
    { 0x041C, 94 }, // U+041C
    { 0x041D, 18 }, // U+041D
    { 0x041E, 95 }, // U+041E
    { 0x041F, 18 }, // U+041F
    { 0x0420, 96 }, // U+0420
    { 0x0421, 82 }, // U+0421
    { 0x0422, 97 }, // U+0422
    { 0x0423, 88 }, // U+0423
    { 0x0424, 98 }, // U+0424
    { 0x0425, 99 }, // U+0425
    { 0x0426, 91 }, // U+0426
    { 0x0428, 18 }, // U+0428
    { 0x0429, 91 }, // U+0429
    { 0x042A, 85 }, // U+042A
    { 0x042B, 18 }, // U+042B
    { 0x042C, 85 }, // U+042C
    { 0x042D, 100 }, // U+042D
    { 0x042E, 95 }, // U+042E
    { 0x0430, 101 }, // U+0430
    { 0x0431, 102 }, // U+0431
    { 0x0432, 103 }, // U+0432
    { 0x0433, 104 }, // U+0433
    { 0x0434, 105 }, // U+0434
    { 0x0435, 106 }, // U+0435
    { 0x0436, 107 }, // U+0436
    { 0x0437, 108 }, // U+0437
    { 0x043A, 109 }, // U+043A
    { 0x043B, 110 }, // U+043B
    { 0x043C, 111 }, // U+043C
    { 0x043D, 112 }, // U+043D
    { 0x043E, 113 }, // U+043E
    { 0x043F, 112 }, // U+043F
    { 0x0440, 114 }, // U+0440
    { 0x0441, 115 }, // U+0441
    { 0x0442, 116 }, // U+0442
    { 0x0443, 117 }, // U+0443
    { 0x0444, 118 }, // U+0444
    { 0x0445, 119 }, // U+0445
    { 0x0446, 105 }, // U+0446
    { 0x0447, 112 }, // U+0447
    { 0x0448, 112 }, // U+0448
    { 0x0449, 105 }, // U+0449
    { 0x044A, 120 }, // U+044A
    { 0x044B, 112 }, // U+044B
    { 0x044C, 120 }, // U+044C
    { 0x044D, 121 }, // U+044D
    { 0x044E, 122 }, // U+044E
    { 0x044F, 123 }, // U+044F
    { 0x0450, 106 }, // U+0450
    { 0x0451, 106 }, // U+0451
    { 0x0452, 124 }, // U+0452
    { 0x0453, 104 }, // U+0453
    { 0x0454, 125 }, // U+0454
    { 0x0455, 126 }, // U+0455
    { 0x0456, 127 }, // U+0456
    { 0x0457, 127 }, // U+0457
    { 0x0458, 128 }, // U+0458
    { 0x0459, 120 }, // U+0459
    { 0x045A, 120 }, // U+045A
    { 0x045B, 129 }, // U+045B
    { 0x045C, 109 }, // U+045C
    { 0x045E, 117 }, // U+045E
    { 0x045F, 130 }, // U+045F
    { 0x0462, 80 }, // U+0462
    { 0x0463, 131 }, // U+0463
    { 0x0472, 95 }, // U+0472
    { 0x0473, 113 }, // U+0473
    { 0x0474, 132 }, // U+0474
    { 0x0475, 133 }, // U+0475
    { 0x048A, 91 }, // U+048A
    { 0x048B, 105 }, // U+048B
    { 0x048C, 85 }, // U+048C
    { 0x048D, 120 }, // U+048D
    { 0x048F, 114 }, // U+048F
    { 0x0490, 81 }, // U+0490
    { 0x0491, 104 }, // U+0491
    { 0x0492, 81 }, // U+0492
    { 0x0493, 104 }, // U+0493
    { 0x0494, 80 }, // U+0494
    { 0x0495, 134 }, // U+0495
    { 0x0496, 92 }, // U+0496
    { 0x0497, 107 }, // U+0497
    { 0x0498, 93 }, // U+0498
    { 0x0499, 108 }, // U+0499
    { 0x049A, 87 }, // U+049A
    { 0x049B, 109 }, // U+049B
    { 0x049C, 87 }, // U+049C
    { 0x049D, 109 }, // U+049D
    { 0x049E, 87 }, // U+049E
    { 0x049F, 109 }, // U+049F
    { 0x04A0, 87 }, // U+04A0
    { 0x04A1, 109 }, // U+04A1
    { 0x04A2, 91 }, // U+04A2
    { 0x04A3, 105 }, // U+04A3
    { 0x04A4, 97 }, // U+04A4
    { 0x04A5, 104 }, // U+04A5
    { 0x04A6, 85 }, // U+04A6
    { 0x04A7, 135 }, // U+04A7
    { 0x04A8, 136 }, // U+04A8
    { 0x04A9, 137 }, // U+04A9
    { 0x04AA, 82 }, // U+04AA
    { 0x04AB, 115 }, // U+04AB
    { 0x04AC, 97 }, // U+04AC
    { 0x04AD, 116 }, // U+04AD
    { 0x04AE, 138 }, // U+04AE
    { 0x04AF, 139 }, // U+04AF
    { 0x04B0, 138 }, // U+04B0
    { 0x04B1, 139 }, // U+04B1
    { 0x04B2, 99 }, // U+04B2
    { 0x04B3, 119 }, // U+04B3
    { 0x04B4, 91 }, // U+04B4
    { 0x04B5, 105 }, // U+04B5
    { 0x04B6, 91 }, // U+04B6
    { 0x04B7, 105 }, // U+04B7
    { 0x04BA, 140 }, // U+04BA
    { 0x04BB, 141 }, // U+04BB
    { 0x04BC, 142 }, // U+04BC
    { 0x04BE, 142 }, // U+04BE
    { 0x04C0, 18 }, // U+04C0
    { 0x04C1, 92 }, // U+04C1
    { 0x04C2, 107 }, // U+04C2
    { 0x04C3, 143 }, // U+04C3
    { 0x04C4, 144 }, // U+04C4
    { 0x04C6, 105 }, // U+04C6
    { 0x04C7, 84 }, // U+04C7
    { 0x04C8, 145 }, // U+04C8
    { 0x04C9, 91 }, // U+04C9
    { 0x04CA, 105 }, // U+04CA
    { 0x04CC, 112 }, // U+04CC
    { 0x04CD, 91 }, // U+04CD
    { 0x04CE, 105 }, // U+04CE
    { 0x04CF, 18 }, // U+04CF
    { 0x04D0, 89 }, // U+04D0
    { 0x04D1, 101 }, // U+04D1
    { 0x04D2, 89 }, // U+04D2
    { 0x04D3, 101 }, // U+04D3
    { 0x04D4, 146 }, // U+04D4
    { 0x04D5, 147 }, // U+04D5
    { 0x04D6, 79 }, // U+04D6
    { 0x04D7, 106 }, // U+04D7
    { 0x04D8, 148 }, // U+04D8
    { 0x04DA, 148 }, // U+04DA
    { 0x04DC, 92 }, // U+04DC
    { 0x04DD, 107 }, // U+04DD
    { 0x04DE, 93 }, // U+04DE
    { 0x04DF, 108 }, // U+04DF
    { 0x04E0, 149 }, // U+04E0
    { 0x04E1, 150 }, // U+04E1
    { 0x04E2, 18 }, // U+04E2
    { 0x04E4, 18 }, // U+04E4
    { 0x04E6, 95 }, // U+04E6
    { 0x04E7, 113 }, // U+04E7
    { 0x04E8, 95 }, // U+04E8
    { 0x04E9, 113 }, // U+04E9
    { 0x04EA, 95 }, // U+04EA
    { 0x04EB, 113 }, // U+04EB
    { 0x04EC, 100 }, // U+04EC
    { 0x04ED, 108 }, // U+04ED
    { 0x04EE, 88 }, // U+04EE
    { 0x04EF, 117 }, // U+04EF
    { 0x04F0, 88 }, // U+04F0
    { 0x04F1, 117 }, // U+04F1
    { 0x04F2, 88 }, // U+04F2
    { 0x04F3, 117 }, // U+04F3
    { 0x04F6, 81 }, // U+04F6
    { 0x04F7, 104 }, // U+04F7
    { 0x04F8, 18 }, // U+04F8
    { 0x04F9, 112 }, // U+04F9
    { 0x05D0, 151 }, // U+05D0
    { 0x05D1, 152 }, // U+05D1
    { 0x05D2, 153 }, // U+05D2
    { 0x05D3, 154 }, // U+05D3
    { 0x05D5, 155 }, // U+05D5
    { 0x05D6, 156 }, // U+05D6
    { 0x05D8, 157 }, // U+05D8
    { 0x05D9, 158 }, // U+05D9
    { 0x05DB, 159 }, // U+05DB
    { 0x05DC, 160 }, // U+05DC
    { 0x05DE, 161 }, // U+05DE
    { 0x05E0, 162 }, // U+05E0
    { 0x05E1, 163 }, // U+05E1
    { 0x05E2, 164 }, // U+05E2
    { 0x05E4, 165 }, // U+05E4
    { 0x05E6, 166 }, // U+05E6
    { 0x05E8, 167 }, // U+05E8
    { 0x05E9, 168 }, // U+05E9
    { 0x05EA, 169 }, // U+05EA
    { 0x1EF2, 33 }, // U+1EF2
    { 0x1EF3, 59 }, // U+1EF3
    { 0x2013, 7 }, // U+2013
    { 0x2014, 7 }, // U+2014
    { 0x2018, 170 }, // U+2018
    { 0x2019, 171 }, // U+2019
    { 0x201A, 172 }, // U+201A
    { 0x201C, 170 }, // U+201C
    { 0x201D, 171 }, // U+201D
    { 0x201E, 172 }, // U+201E
    { 0x2026, 6 }, // U+2026
    { 0x2039, 64 }, // U+2039
    { 0x203A, 65 }, // U+203A
    { 0xFB00, 42 }, // U+FB00
    { 0xFB01, 45 }, // U+FB01
    { 0xFB02, 48 }, // U+FB02
    { 0xFB03, 45 }, // U+FB03
    { 0xFB04, 48 }, // U+FB04
    { 0xFB8C, 173 }, // U+FB8C
    { 0xFEAD, 173 }, // U+FEAD
    { 0xFEAE, 173 }, // U+FEAE
    { 0xFEAF, 173 }, // U+FEAF
};

static const EpdKernClassEntry ubuntu_12_boldKernRightClasses[] = {
    { 0x0021, 1 }, // !
    { 0x0022, 2 }, // "
    { 0x0026, 3 }, // &
    { 0x0027, 2 }, // '
    { 0x0028, 4 }, // (
    { 0x0029, 5 }, // )
    { 0x002A, 6 }, // *
    { 0x002C, 7 }, // ,
    { 0x002D, 8 }, // -
    { 0x002E, 7 }, // .
    { 0x002F, 9 }, // /
    { 0x003A, 10 }, // :
    { 0x003B, 10 }, // ;
    { 0x003F, 11 }, // ?
    { 0x0040, 12 }, // @
    { 0x0041, 13 }, // A
    { 0x0042, 14 }, // B
    { 0x0043, 15 }, // C
    { 0x0044, 14 }, // D
    { 0x0045, 14 }, // E
    { 0x0046, 14 }, // F
    { 0x0047, 16 }, // G
    { 0x0048, 14 }, // H
    { 0x0049, 14 }, // I
    { 0x004A, 17 }, // J
    { 0x004B, 14 }, // K
    { 0x004C, 14 }, // L
    { 0x004D, 18 }, // M
    { 0x004E, 14 }, // N
    { 0x004F, 19 }, // O
    { 0x0050, 14 }, // P
    { 0x0051, 19 }, // Q
    { 0x0052, 14 }, // R
    { 0x0053, 20 }, // S
    { 0x0054, 21 }, // T
    { 0x0055, 22 }, // U
    { 0x0056, 23 }, // V
    { 0x0057, 24 }, // W
    { 0x0058, 25 }, // X
    { 0x0059, 26 }, // Y
    { 0x005A, 27 }, // Z
    { 0x005B, 28 }, // [
    { 0x005C, 29 }, // <backslash>
    { 0x005D, 30 }, // ]
    { 0x0061, 31 }, // a
    { 0x0062, 32 }, // b
    { 0x0063, 33 }, // c
    { 0x0064, 34 }, // d
    { 0x0065, 33 }, // e
    { 0x0066, 35 }, // f
    { 0x0067, 33 }, // g
    { 0x0068, 36 }, // h
    { 0x0069, 37 }, // i
    { 0x006A, 38 }, // j
    { 0x006B, 36 }, // k
    { 0x006C, 36 }, // l
    { 0x006D, 39 }, // m
    { 0x006E, 39 }, // n
    { 0x006F, 34 }, // o
    { 0x0070, 39 }, // p
    { 0x0071, 33 }, // q
    { 0x0072, 39 }, // r
    { 0x0073, 40 }, // s
    { 0x0074, 41 }, // t
    { 0x0075, 42 }, // u
    { 0x0076, 43 }, // v
    { 0x0077, 44 }, // w
    { 0x0078, 45 }, // x
    { 0x0079, 46 }, // y
    { 0x007A, 47 }, // z
    { 0x007B, 48 }, // {
    { 0x007D, 49 }, // }
    { 0x00AB, 50 }, // U+00AB
    { 0x00BB, 51 }, // U+00BB
    { 0x00C0, 13 }, // U+00C0
    { 0x00C1, 13 }, // U+00C1
    { 0x00C2, 13 }, // U+00C2
    { 0x00C3, 13 }, // U+00C3
    { 0x00C4, 13 }, // U+00C4
    { 0x00C5, 13 }, // U+00C5
    { 0x00C6, 52 }, // U+00C6
    { 0x00C7, 15 }, // U+00C7
    { 0x00C8, 14 }, // U+00C8
    { 0x00C9, 14 }, // U+00C9
    { 0x00CA, 14 }, // U+00CA
    { 0x00CB, 14 }, // U+00CB
    { 0x00CC, 14 }, // U+00CC
    { 0x00CD, 14 }, // U+00CD
    { 0x00CE, 14 }, // U+00CE
    { 0x00CF, 14 }, // U+00CF
    { 0x00D0, 14 }, // U+00D0
    { 0x00D1, 14 }, // U+00D1
    { 0x00D2, 19 }, // U+00D2
    { 0x00D3, 19 }, // U+00D3
    { 0x00D4, 19 }, // U+00D4
    { 0x00D5, 19 }, // U+00D5
    { 0x00D6, 19 }, // U+00D6
    { 0x00D8, 19 }, // U+00D8
    { 0x00D9, 22 }, // U+00D9
    { 0x00DA, 22 }, // U+00DA
    { 0x00DB, 22 }, // U+00DB
    { 0x00DC, 22 }, // U+00DC
    { 0x00DD, 26 }, // U+00DD
    { 0x00DF, 53 }, // U+00DF
    { 0x00E0, 31 }, // U+00E0
    { 0x00E1, 31 }, // U+00E1
    { 0x00E2, 31 }, // U+00E2
    { 0x00E3, 31 }, // U+00E3
    { 0x00E4, 54 }, // U+00E4
    { 0x00E5, 31 }, // U+00E5
    { 0x00E6, 31 }, // U+00E6
    { 0x00E7, 33 }, // U+00E7
    { 0x00E8, 33 }, // U+00E8
    { 0x00E9, 33 }, // U+00E9
    { 0x00EA, 33 }, // U+00EA
    { 0x00EB, 33 }, // U+00EB
    { 0x00EC, 55 }, // U+00EC
    { 0x00ED, 37 }, // U+00ED
    { 0x00EE, 56 }, // U+00EE
    { 0x00EF, 57 }, // U+00EF
    { 0x00F0, 58 }, // U+00F0
    { 0x00F1, 39 }, // U+00F1
    { 0x00F2, 34 }, // U+00F2
    { 0x00F3, 34 }, // U+00F3
    { 0x00F4, 34 }, // U+00F4
    { 0x00F5, 34 }, // U+00F5
    { 0x00F6, 34 }, // U+00F6
    { 0x00F8, 34 }, // U+00F8
    { 0x00F9, 42 }, // U+00F9
    { 0x00FA, 42 }, // U+00FA
    { 0x00FB, 42 }, // U+00FB
    { 0x00FC, 42 }, // U+00FC
    { 0x00FD, 46 }, // U+00FD
    { 0x00FF, 46 }, // U+00FF
    { 0x0100, 13 }, // U+0100
    { 0x0101, 31 }, // U+0101
    { 0x0102, 13 }, // U+0102
    { 0x0103, 31 }, // U+0103
    { 0x0104, 13 }, // U+0104
    { 0x0105, 31 }, // U+0105
    { 0x0106, 15 }, // U+0106
    { 0x0107, 33 }, // U+0107
    { 0x0108, 15 }, // U+0108
    { 0x0109, 33 }, // U+0109
    { 0x010A, 15 }, // U+010A
    { 0x010B, 33 }, // U+010B
    { 0x010C, 15 }, // U+010C
    { 0x010D, 33 }, // U+010D
    { 0x010E, 14 }, // U+010E
    { 0x010F, 34 }, // U+010F
    { 0x0111, 34 }, // U+0111
    { 0x0112, 14 }, // U+0112
    { 0x0113, 33 }, // U+0113
    { 0x0114, 14 }, // U+0114
    { 0x0115, 33 }, // U+0115
    { 0x0116, 14 }, // U+0116
    { 0x0117, 33 }, // U+0117
    { 0x0118, 14 }, // U+0118
    { 0x0119, 33 }, // U+0119
    { 0x011A, 14 }, // U+011A
    { 0x011B, 33 }, // U+011B
    { 0x011C, 16 }, // U+011C
    { 0x011D, 33 }, // U+011D
    { 0x011E, 16 }, // U+011E
    { 0x011F, 33 }, // U+011F
    { 0x0120, 16 }, // U+0120
    { 0x0121, 33 }, // U+0121
    { 0x0122, 16 }, // U+0122
    { 0x0123, 33 }, // U+0123
    { 0x0124, 14 }, // U+0124
    { 0x0125, 36 }, // U+0125
    { 0x0126, 14 }, // U+0126
    { 0x0127, 36 }, // U+0127
    { 0x0128, 14 }, // U+0128
    { 0x0129, 59 }, // U+0129
    { 0x012A, 14 }, // U+012A
    { 0x012B, 60 }, // U+012B
    { 0x012C, 14 }, // U+012C
    { 0x012D, 61 }, // U+012D
    { 0x012E, 14 }, // U+012E
    { 0x012F, 37 }, // U+012F
    { 0x0130, 14 }, // U+0130
    { 0x0131, 37 }, // U+0131
    { 0x0132, 14 }, // U+0132
    { 0x0133, 37 }, // U+0133
    { 0x0134, 17 }, // U+0134
    { 0x0135, 38 }, // U+0135
    { 0x0136, 14 }, // U+0136
    { 0x0137, 36 }, // U+0137
    { 0x0139, 14 }, // U+0139
    { 0x013A, 36 }, // U+013A
    { 0x013B, 14 }, // U+013B
    { 0x013C, 36 }, // U+013C
    { 0x013D, 14 }, // U+013D
    { 0x013E, 36 }, // U+013E
    { 0x013F, 14 }, // U+013F
    { 0x0140, 36 }, // U+0140
    { 0x0141, 14 }, // U+0141
    { 0x0142, 36 }, // U+0142
    { 0x0143, 14 }, // U+0143
    { 0x0144, 39 }, // U+0144
    { 0x0145, 14 }, // U+0145
    { 0x0146, 39 }, // U+0146
    { 0x0147, 14 }, // U+0147
    { 0x0148, 39 }, // U+0148
    { 0x0149, 39 }, // U+0149
    { 0x014A, 62 }, // U+014A
    { 0x014B, 63 }, // U+014B
    { 0x014C, 19 }, // U+014C
    { 0x014D, 34 }, // U+014D
    { 0x014E, 19 }, // U+014E
    { 0x014F, 34 }, // U+014F
    { 0x0150, 19 }, // U+0150
    { 0x0151, 34 }, // U+0151
    { 0x0152, 19 }, // U+0152
    { 0x0153, 34 }, // U+0153
    { 0x0154, 14 }, // U+0154
    { 0x0155, 39 }, // U+0155
    { 0x0156, 14 }, // U+0156
    { 0x0157, 39 }, // U+0157
    { 0x0158, 14 }, // U+0158
    { 0x0159, 39 }, // U+0159
    { 0x015A, 20 }, // U+015A
    { 0x015B, 40 }, // U+015B
    { 0x015C, 20 }, // U+015C
    { 0x015D, 40 }, // U+015D
    { 0x015E, 20 }, // U+015E
    { 0x015F, 40 }, // U+015F
    { 0x0160, 20 }, // U+0160
    { 0x0161, 40 }, // U+0161
    { 0x0162, 21 }, // U+0162
    { 0x0163, 41 }, // U+0163
    { 0x0164, 21 }, // U+0164
    { 0x0165, 41 }, // U+0165
    { 0x0166, 21 }, // U+0166
    { 0x0167, 41 }, // U+0167
    { 0x0168, 22 }, // U+0168
    { 0x0169, 42 }, // U+0169
    { 0x016A, 22 }, // U+016A
    { 0x016B, 42 }, // U+016B
    { 0x016C, 22 }, // U+016C
    { 0x016D, 42 }, // U+016D
    { 0x016E, 22 }, // U+016E
    { 0x016F, 42 }, // U+016F
    { 0x0170, 22 }, // U+0170
    { 0x0171, 42 }, // U+0171
    { 0x0172, 22 }, // U+0172
    { 0x0173, 42 }, // U+0173
    { 0x0174, 24 }, // U+0174
    { 0x0175, 44 }, // U+0175
    { 0x0176, 26 }, // U+0176
    { 0x0177, 46 }, // U+0177
    { 0x0178, 26 }, // U+0178
    { 0x0179, 27 }, // U+0179
    { 0x017A, 47 }, // U+017A
    { 0x017B, 27 }, // U+017B
    { 0x017C, 47 }, // U+017C
    { 0x017D, 27 }, // U+017D
    { 0x017E, 47 }, // U+017E
    { 0x017F, 35 }, // U+017F
    { 0x01A0, 19 }, // U+01A0
    { 0x01A1, 34 }, // U+01A1
    { 0x01AF, 22 }, // U+01AF
    { 0x01B0, 42 }, // U+01B0
    { 0x01C4, 14 }, // U+01C4
    { 0x01C5, 14 }, // U+01C5
    { 0x01C6, 34 }, // U+01C6
    { 0x01C7, 14 }, // U+01C7
    { 0x01C8, 14 }, // U+01C8
    { 0x01C9, 36 }, // U+01C9
    { 0x01CA, 14 }, // U+01CA
    { 0x01CB, 14 }, // U+01CB
    { 0x01CC, 39 }, // U+01CC
    { 0x01CD, 13 }, // U+01CD
    { 0x01CE, 31 }, // U+01CE
    { 0x01CF, 14 }, // U+01CF
    { 0x01D0, 37 }, // U+01D0
    { 0x01D1, 19 }, // U+01D1
    { 0x01D2, 34 }, // U+01D2
    { 0x01D3, 22 }, // U+01D3
    { 0x01D4, 42 }, // U+01D4
    { 0x01D5, 22 }, // U+01D5
    { 0x01D6, 42 }, // U+01D6
    { 0x01D7, 22 }, // U+01D7
    { 0x01D8, 42 }, // U+01D8
    { 0x01D9, 22 }, // U+01D9
    { 0x01DA, 42 }, // U+01DA
    { 0x01DB, 22 }, // U+01DB
    { 0x01DC, 42 }, // U+01DC
    { 0x01DD, 64 }, // U+01DD
    { 0x01DE, 13 }, // U+01DE
    { 0x01DF, 31 }, // U+01DF
    { 0x01E0, 13 }, // U+01E0
    { 0x01E1, 31 }, // U+01E1
    { 0x01E2, 52 }, // U+01E2
    { 0x01E3, 31 }, // U+01E3
    { 0x01E4, 16 }, // U+01E4
    { 0x01E5, 33 }, // U+01E5
    { 0x01E6, 16 }, // U+01E6
    { 0x01E7, 33 }, // U+01E7
    { 0x01E8, 14 }, // U+01E8
    { 0x01E9, 36 }, // U+01E9
    { 0x01EA, 19 }, // U+01EA
    { 0x01EB, 34 }, // U+01EB
    { 0x01EC, 19 }, // U+01EC
    { 0x01ED, 34 }, // U+01ED
    { 0x01EE, 65 }, // U+01EE
    { 0x01F0, 38 }, // U+01F0
    { 0x01F1, 14 }, // U+01F1
    { 0x01F2, 14 }, // U+01F2
    { 0x01F3, 34 }, // U+01F3
    { 0x01F4, 16 }, // U+01F4
    { 0x01F5, 33 }, // U+01F5
    { 0x01F8, 14 }, // U+01F8
    { 0x01F9, 39 }, // U+01F9
    { 0x01FA, 13 }, // U+01FA
    { 0x01FB, 31 }, // U+01FB
    { 0x01FC, 52 }, // U+01FC
    { 0x01FD, 31 }, // U+01FD
    { 0x01FE, 19 }, // U+01FE
    { 0x01FF, 34 }, // U+01FF
    { 0x0200, 13 }, // U+0200
    { 0x0201, 31 }, // U+0201
    { 0x0202, 13 }, // U+0202
    { 0x0203, 31 }, // U+0203
    { 0x0204, 14 }, // U+0204
    { 0x0205, 33 }, // U+0205
    { 0x0206, 14 }, // U+0206
    { 0x0207, 33 }, // U+0207
    { 0x0208, 14 }, // U+0208
    { 0x0209, 37 }, // U+0209
    { 0x020A, 14 }, // U+020A
    { 0x020B, 37 }, // U+020B
    { 0x020C, 19 }, // U+020C
    { 0x020D, 34 }, // U+020D
    { 0x020E, 19 }, // U+020E
    { 0x020F, 34 }, // U+020F
    { 0x0210, 14 }, // U+0210
    { 0x0211, 39 }, // U+0211
    { 0x0212, 14 }, // U+0212
    { 0x0213, 39 }, // U+0213
    { 0x0214, 22 }, // U+0214
    { 0x0215, 42 }, // U+0215
    { 0x0216, 22 }, // U+0216
    { 0x0217, 42 }, // U+0217
    { 0x0218, 20 }, // U+0218
    { 0x0219, 40 }, // U+0219
    { 0x021A, 21 }, // U+021A
    { 0x021B, 41 }, // U+021B
    { 0x021C, 66 }, // U+021C
    { 0x021D, 67 }, // U+021D
    { 0x021E, 14 }, // U+021E
    { 0x021F, 36 }, // U+021F
    { 0x0402, 68 }, // U+0402
    { 0x0404, 69 }, // U+0404
    { 0x0405, 70 }, // U+0405
    { 0x0408, 71 }, // U+0408
    { 0x0409, 72 }, // U+0409
    { 0x040B, 68 }, // U+040B
    { 0x040E, 73 }, // U+040E
    { 0x0410, 74 }, // U+0410
    { 0x0414, 75 }, // U+0414
    { 0x0416, 76 }, // U+0416
    { 0x0417, 77 }, // U+0417
    { 0x041B, 72 }, // U+041B
    { 0x041C, 78 }, // U+041C
    { 0x041E, 79 }, // U+041E
    { 0x0421, 69 }, // U+0421
    { 0x0422, 68 }, // U+0422
    { 0x0423, 73 }, // U+0423
    { 0x0424, 80 }, // U+0424
    { 0x0425, 81 }, // U+0425
    { 0x0427, 82 }, // U+0427
    { 0x042D, 83 }, // U+042D
    { 0x042F, 84 }, // U+042F
    { 0x0430, 85 }, // U+0430
    { 0x0431, 86 }, // U+0431
    { 0x0432, 87 }, // U+0432
    { 0x0433, 88 }, // U+0433
    { 0x0434, 89 }, // U+0434
    { 0x0435, 90 }, // U+0435
    { 0x0436, 91 }, // U+0436
    { 0x0437, 92 }, // U+0437
    { 0x0438, 88 }, // U+0438
    { 0x0439, 88 }, // U+0439
    { 0x043A, 88 }, // U+043A
    { 0x043B, 93 }, // U+043B
    { 0x043C, 94 }, // U+043C
    { 0x043D, 88 }, // U+043D
    { 0x043E, 95 }, // U+043E
    { 0x043F, 88 }, // U+043F
    { 0x0440, 96 }, // U+0440
    { 0x0441, 97 }, // U+0441
    { 0x0442, 98 }, // U+0442
    { 0x0443, 99 }, // U+0443
    { 0x0444, 100 }, // U+0444
    { 0x0445, 101 }, // U+0445
    { 0x0446, 88 }, // U+0446
    { 0x0447, 102 }, // U+0447
    { 0x0448, 88 }, // U+0448
    { 0x0449, 103 }, // U+0449
    { 0x044A, 104 }, // U+044A
    { 0x044B, 88 }, // U+044B
    { 0x044C, 88 }, // U+044C
    { 0x044D, 105 }, // U+044D
    { 0x044E, 106 }, // U+044E
    { 0x044F, 107 }, // U+044F
    { 0x0450, 90 }, // U+0450
    { 0x0451, 90 }, // U+0451
    { 0x0452, 108 }, // U+0452
    { 0x0453, 88 }, // U+0453
    { 0x0454, 109 }, // U+0454
    { 0x0455, 110 }, // U+0455
    { 0x0456, 111 }, // U+0456
    { 0x0457, 112 }, // U+0457
    { 0x0458, 113 }, // U+0458
    { 0x0459, 93 }, // U+0459
    { 0x045A, 88 }, // U+045A
    { 0x045B, 114 }, // U+045B
    { 0x045C, 88 }, // U+045C
    { 0x045D, 88 }, // U+045D
    { 0x045E, 99 }, // U+045E
    { 0x045F, 103 }, // U+045F
    { 0x0462, 68 }, // U+0462
    { 0x0463, 115 }, // U+0463
    { 0x0472, 79 }, // U+0472
    { 0x0473, 95 }, // U+0473
    { 0x0475, 99 }, // U+0475
    { 0x048B, 88 }, // U+048B
    { 0x048D, 116 }, // U+048D
    { 0x048F, 96 }, // U+048F
    { 0x0491, 88 }, // U+0491
    { 0x0493, 88 }, // U+0493
    { 0x0495, 88 }, // U+0495
    { 0x0496, 76 }, // U+0496
    { 0x0497, 91 }, // U+0497
    { 0x0498, 77 }, // U+0498
    { 0x0499, 92 }, // U+0499
    { 0x049B, 88 }, // U+049B
    { 0x049D, 88 }, // U+049D
    { 0x049F, 88 }, // U+049F
    { 0x04A1, 88 }, // U+04A1
    { 0x04A3, 88 }, // U+04A3
    { 0x04A5, 88 }, // U+04A5
    { 0x04A7, 88 }, // U+04A7
    { 0x04A8, 117 }, // U+04A8
    { 0x04A9, 118 }, // U+04A9
    { 0x04AA, 69 }, // U+04AA
    { 0x04AB, 97 }, // U+04AB
    { 0x04AC, 68 }, // U+04AC
    { 0x04AD, 98 }, // U+04AD
    { 0x04AE, 119 }, // U+04AE
    { 0x04AF, 120 }, // U+04AF
    { 0x04B0, 119 }, // U+04B0
    { 0x04B1, 120 }, // U+04B1
    { 0x04B2, 81 }, // U+04B2
    { 0x04B3, 101 }, // U+04B3
    { 0x04B4, 68 }, // U+04B4
    { 0x04B5, 98 }, // U+04B5
    { 0x04B6, 82 }, // U+04B6
    { 0x04B7, 102 }, // U+04B7
    { 0x04B8, 82 }, // U+04B8
    { 0x04B9, 102 }, // U+04B9
    { 0x04BB, 121 }, // U+04BB
    { 0x04BC, 122 }, // U+04BC
    { 0x04BD, 123 }, // U+04BD
    { 0x04BE, 122 }, // U+04BE
    { 0x04BF, 123 }, // U+04BF
    { 0x04C1, 76 }, // U+04C1
    { 0x04C2, 91 }, // U+04C2
    { 0x04C4, 88 }, // U+04C4
    { 0x04C5, 72 }, // U+04C5
    { 0x04C6, 93 }, // U+04C6
    { 0x04C8, 88 }, // U+04C8
    { 0x04CA, 88 }, // U+04CA
    { 0x04CB, 82 }, // U+04CB
    { 0x04CC, 102 }, // U+04CC
    { 0x04CE, 94 }, // U+04CE
    { 0x04D0, 74 }, // U+04D0
    { 0x04D1, 85 }, // U+04D1
    { 0x04D2, 74 }, // U+04D2
    { 0x04D3, 85 }, // U+04D3
    { 0x04D4, 124 }, // U+04D4
    { 0x04D5, 125 }, // U+04D5
    { 0x04D7, 90 }, // U+04D7
    { 0x04D8, 126 }, // U+04D8
    { 0x04D9, 127 }, // U+04D9
    { 0x04DA, 126 }, // U+04DA
    { 0x04DB, 127 }, // U+04DB
    { 0x04DC, 76 }, // U+04DC
    { 0x04DD, 91 }, // U+04DD
    { 0x04DE, 77 }, // U+04DE
    { 0x04DF, 92 }, // U+04DF
    { 0x04E0, 128 }, // U+04E0
    { 0x04E1, 129 }, // U+04E1
    { 0x04E3, 88 }, // U+04E3
    { 0x04E5, 88 }, // U+04E5
    { 0x04E6, 79 }, // U+04E6
    { 0x04E7, 95 }, // U+04E7
    { 0x04E8, 79 }, // U+04E8
    { 0x04E9, 95 }, // U+04E9
    { 0x04EA, 79 }, // U+04EA
    { 0x04EB, 95 }, // U+04EB
    { 0x04EC, 83 }, // U+04EC
    { 0x04ED, 92 }, // U+04ED
    { 0x04EE, 73 }, // U+04EE
    { 0x04EF, 99 }, // U+04EF
    { 0x04F0, 73 }, // U+04F0
    { 0x04F1, 99 }, // U+04F1
    { 0x04F2, 73 }, // U+04F2
    { 0x04F3, 99 }, // U+04F3
    { 0x04F4, 82 }, // U+04F4
    { 0x04F5, 102 }, // U+04F5
    { 0x04F7, 88 }, // U+04F7
    { 0x04F9, 88 }, // U+04F9
    { 0x05D0, 130 }, // U+05D0
    { 0x05D1, 131 }, // U+05D1
    { 0x05D2, 132 }, // U+05D2
    { 0x05D3, 133 }, // U+05D3
    { 0x05D4, 134 }, // U+05D4
    { 0x05D6, 135 }, // U+05D6
    { 0x05D7, 136 }, // U+05D7
    { 0x05D8, 137 }, // U+05D8
    { 0x05D9, 138 }, // U+05D9
    { 0x05DA, 139 }, // U+05DA
    { 0x05DB, 140 }, // U+05DB
    { 0x05DC, 141 }, // U+05DC
    { 0x05DD, 142 }, // U+05DD
    { 0x05DE, 143 }, // U+05DE
    { 0x05E1, 144 }, // U+05E1
    { 0x05E2, 145 }, // U+05E2
    { 0x05E3, 146 }, // U+05E3
    { 0x05E4, 147 }, // U+05E4
    { 0x05E5, 148 }, // U+05E5
    { 0x05E7, 149 }, // U+05E7
    { 0x05E8, 150 }, // U+05E8
    { 0x05E9, 151 }, // U+05E9
    { 0x05EA, 152 }, // U+05EA
    { 0x1EF2, 26 }, // U+1EF2
    { 0x1EF3, 46 }, // U+1EF3
    { 0x2013, 8 }, // U+2013
    { 0x2014, 8 }, // U+2014
    { 0x2018, 153 }, // U+2018
    { 0x2019, 154 }, // U+2019
    { 0x201A, 155 }, // U+201A
    { 0x201C, 153 }, // U+201C
    { 0x201D, 154 }, // U+201D
    { 0x201E, 155 }, // U+201E
    { 0x2026, 7 }, // U+2026
    { 0x2039, 50 }, // U+2039
    { 0x203A, 51 }, // U+203A
    { 0xFB00, 35 }, // U+FB00
    { 0xFB01, 35 }, // U+FB01
    { 0xFB02, 35 }, // U+FB02
    { 0xFB03, 35 }, // U+FB03
    { 0xFB04, 35 }, // U+FB04
    { 0xFB8E, 156 }, // U+FB8E
    { 0xFBA6, 156 }, // U+FBA6
    { 0xFBAA, 156 }, // U+FBAA
    { 0xFE8D, 157 }, // U+FE8D
    { 0xFEA3, 156 }, // U+FEA3
    { 0xFEA9, 158 }, // U+FEA9
    { 0xFEB1, 158 }, // U+FEB1
    { 0xFEB3, 158 }, // U+FEB3
    { 0xFEB9, 158 }, // U+FEB9
    { 0xFEBB, 158 }, // U+FEBB
    { 0xFEC1, 158 }, // U+FEC1
    { 0xFEC3, 158 }, // U+FEC3
    { 0xFEC9, 159 }, // U+FEC9
    { 0xFECB, 157 }, // U+FECB
    { 0xFECD, 159 }, // U+FECD
    { 0xFEDB, 156 }, // U+FEDB
    { 0xFEDF, 157 }, // U+FEDF
    { 0xFEE1, 156 }, // U+FEE1
    { 0xFEE3, 156 }, // U+FEE3
    { 0xFEE9, 156 }, // U+FEE9
    { 0xFEEB, 156 }, // U+FEEB
};

static const int8_t ubuntu_12_boldKernMatrix[] = {
       0,    0,    0,    0,    0,    0,    0,    0,    0,    0,    0,    0,  -20,    0,    0,    0,  -35,    0,    0,    0,    0,    0,    7,    8,    0,    0,    0,    0,    0,    0,    0,    0,    0,    0,    0,    0,    0,    0,    0,    0,    0,    0,    0,    0,    0,    0,    0,    0,    0,    0,    0,  -43,    0,    0,    0,    0,    0,    0,    0,    0,    0,    0,    0,    0,    0,    0,    0,    7,    0,    0,  -38,  -25,    0,  -23,  -23,    0,    0,    0,    0,   -6,    0,    5,    0,    0,   -6,    0,    0,    0,  -17,  -12,    0,    0,  -18,   -6,  -12,    0,  -13,    0,    0,  -19,    0,    0,    0,    0,    0,    0,   -8,    4,  -10,   -6,    0,    0,    0,    4,    0,    0,    0,  -12,    0,    0,    0,    0,    0,  -40,   -6,    0,   -5,    0,    0,    0,    0,    0,    0,    0,    0,    0,    0,    0,    0,    0,    0,    0,    0,    0,    0,    0,    0,    0,    0,    0,    0,    0,    0,    0,    0,    0,    0,    0,    0,
       0,    0,    0,    0,    0,    0,    0,    0,    0,    0,    0,    0,   12,    0,   -8,   -8,    8,    0,   -8,    0,  -32,    0,  -28,  -16,    4,  -40,    0,    0,    0,    0,   -8,    0,   -8,   -8,    0,    0,    0,    0,    0,    0,    0,    0,  -15,  -12,    4,  -15,    0,    0,    0,    0,    0,    0,    0,   -8,    0,    0,    0,    0,    0,    0,    0,    0,    0,    0,    0,    0,    0,    0,    0,    0,    0,    0,    0,    0,    0,    0,    0,    0,    0,    0,    0,    0,    0,    0,    0,    0,    0,    0,    0,    0,    0,    0,    0,    0,    0,    0,    0,    0,    0,    0,    0,    0,    0,    0,    0,    0,    0,    0,    0,    0,    0,    0,    0,    0,    0,    0,    0,    0,    0,    0,    0,    0,    0,    0,    0,    0,    0,    0,    0,    0,    0,    0,    0,    0,    0,    0,    0,    0,    0,    0,    0,    0,    0,    0,    0,    0,    0,    0,    0,    0,    0,    0,    0,    0,    0,    0,    0,    0,    0,
       0,    0,    0,  -12,   32,   -8,    0,   -4,    0,    0,    0,  -12,    0,    0,   -8,   -8,    0,    0,   -8,    0,   10,    0,   12,   10,   10,   13,    4,    0,    0,    0,  -10,    0,  -12,  -12,   -5,    0,    5,   34,   -8,   -7,    0,  -10,   -4,   -4,    0,   12,    0,    0,    0,    0,    0,    0,   -6,  -10,    5,    5,    5,  -12,    5,    5,    5,    0,    0,    0,    0,    0,    0,   10,   -8,   -5,    0,    0,    7,    0,    8,    8,    0,    0,   -8,  -12,   10,    0,    0,    0,  -10,   -5,   -6,   -6,    8,   -9,    0,    0,    0,   -4,  -12,    0,   -9,    0,   12,  -14,    0,   -8,   -6,    0,    0,   -6,    0,    7,   -7,   -7,    5,    5,   34,    7,    0,    0,  -13,  -12,   10,    0,    0,    0,   -6,    5,   -7,   -5,   -8,    0,    5,    0,    0,    0,    0,    0,    0,    0,    0,    0,    0,    0,    0,    0,    0,    0,    0,    0,    0,    0,    0,    0,    0,    0,    0,    0,    0,    0,    0,    0,    0,
       0,    0,    0,   -9,    0,   -8,    0,    9,    0,    0,    0,   -5,   -8,    0,    0,    0,   -5,    0,    0,    0,   -8,    0,  -13,   -5,   -8,  -16,   -4,    0,    0,    0,    0,    0,    0,    0,    0,    0,    0,    0,    0,    0,    0,    0,    0,    0,   -6,    0,    0,    0,    0,    0,    0,   -8,    0,    0,    0,    0,    0,    0,    0,    0,    0,   -9,    0,    0,    0,    0,    0,   -8,    0,   -6,   -5,    0,   -8,   -8,    0,   -6,   -6,    0,    0,    0,   -8,    0,   -8,   -9,    0,    0,    0,    0,    0,    0,    0,    0,    0,    0,    0,    0,    0,    0,    0,    0,   -6,    0,    0,    0,    0,    0,    0,   -7,    0,    0,    0,    0,    0,    0,    0,    0,    0,    0,  -13,    0,    0,    0,    0,    0,    0,    0,    0,   -7,   -7,    0,    0,    0,    0,    0,    0,    0,    0,    0,    0,    0,    0,    0,    0,    0,    0,    0,    0,    0,    0,    0,    0,    0,    0,    0,    0,    0,    0,    0,    0,
       0,    0,    0,    0,    0,    0,    0,    0,    0,    0,    0,   -8,  -32,    0,    0,    0,  -42,   -4,    0,    0,    0,    0,    0,    0,   -9,   -4,    0,    0,    0,    0,   -7,    0,  -12,  -12,    0,    0,    0,   -4,    0,   -4,    0,    0,    6,    6,    5,    6,    0,    0,    0,    0,    0,  -56,    0,   -7,    0,    0,    0,  -19,    0,    0,    0,   -5,    0,    0,    0,    0,    0,    0,    0,    0,  -42,  -30,   -5,  -32,  -29,   -7,   -6,   -4,    0,    0,   -9,    0,   -6,    0,   -7,    0,    0,    0,  -18,   -6,    0,    0,  -18,   -6,  -12,    0,   -6,    0,    0,   -7,    5,    0,    0,    0,    0,    0,   -5,    0,   -4,   -4,    0,    0,   -4,    0,    0,    0,    0,   -6,    0,    0,    0,    0,    0,  -29,   -4,   -5,    0,   -4,    0,    0,    0,    0,    0,    0,    0,    0,    0,    0,    0,    0,    0,    0,    0,    0,    0,    0,    0,    0,    0,    0,    0,    0,    0,    0,    0,    0,    0,    0,    0,
       0,    0,    0,    0,    0,    0,    0,    0,    0,    0,    0,    0,   12,    0,  -16,  -16,   16,    0,  -16,    5,  -32,  -12,  -33,  -17,   10,  -38,    9,    0,    0,    0,  -12,    0,  -12,  -12,    0,    0,    0,    0,    0,    0,    0,    0,  -23,  -22,    8,  -23,    7,    0,    0,    0,    0,   10,    0,  -12,    0,    0,    0,   -8,    0,    0,    0,    0,    0,    0,    0,    0,    0,  -32,   -6,    5,   16,    9,    0,   12,   11,    5,    6,    0,  -16,  -16,   10,  -30,    0,    0,    0,    0,    0,    0,   11,    0,    0,    6,   11,    0,  -12,    0,    0,  -15,  -12,    0,    8,  -18,    0,   -8,    6,    0,    0,    0,    0,    0,    0,    0,    0,    0,   -6,    0,   -7,    0,  -26,  -13,    0,  -33,  -19,   12,    0,   -4,    0,    5,  -16,    0,    0,    0,    0,    0,    0,    0,    0,    0,    0,    0,    0,    0,    0,    0,    0,    0,    0,    0,    0,    0,    0,    0,    0,    0,    0,    0,    0,    0,    0,
       0,    0,    0,    0,    0,    0,    0,    0,    0,    0,    0,    0,    0,    0,    8,    8,   -6,    0,    8,    0,  -22,    0,  -12,    0,  -13,  -27,   -4,    0,    0,    0,    6,    0,    5,    5,    8,    0,    0,    0,    0,    0,    0,    0,    0,    3,   -8,    0,    0,    0,    0,    0,    0,  -18,    0,    6,    0,    0,    0,    5,    0,    0,    0,    7,    0,    0,    0,    0,    0,  -22,    9,   -4,   -6,    0,  -10,    0,    0,  -12,    0,    0,    8,    8,  -13,    0,   -6,    0,    6,   10,    5,    5,    0,   10,   -9,    0,    0,    0,    5,    5,   10,    0,    0,   10,   -8,    8,    5,    0,    0,    5,    4,    0,   12,    0,    5,    5,    5,    0,    0,    6,    8,   10,  -18,    0,    5,    0,   11,    0,    0,    9,   10,   -6,    0,    0,    0,    0,    0,    0,    0,    0,    0,    0,    0,    0,    0,    0,    0,    0,    0,    0,    0,    0,    0,    0,    0,    0,    0,    0,    0,    0,    0,    0,    0,
       0,    0,    0,    0,    0,    0,    0,    0,    0,    0,    0,  -14,  -26,    0,  -10,  -10,  -28,    0,  -10,    0,   17,    0,   19,   17,   13,   20,    7,    0,    0,    0,  -16,    7,  -23,  -23,    0,    7,    6,    6,  -13,  -12,    0,   -8,    0,    0,    0,    0,   -4,    0,    0,    0,    0,  -48,    0,  -16,    6,    6,    6,  -19,    6,    6,    6,    0,    0,    0,    0,    0,    0,   17,   -7,    0,  -28,  -21,    9,  -26,  -21,   11,    0,    0,  -10,   -7,   13,    5,    0,   -7,  -16,   -5,   -6,   -6,  -18,  -13,    0,    0,  -18,  -11,  -23,   -6,  -13,    0,    0,  -14,    0,    0,   -6,    0,    0,   -5,  -11,   10,  -11,  -12,    6,    6,    6,   10,    0,    0,   -7,  -13,   12,    0,    0,    0,    0,  -22,   -8,    0,   -7,    0,   -4,    0,    0,    0,    0,    0,    0,    0,    0,    0,    0,    0,    0,    0,    0,    0,    0,    0,    0,    0,    0,    0,    0,    0,    0,    0,    0,    0,    0,    0,    0,
       0,    0,    0,    0,    0,    0,    0,    0,    0,    0,    0,    0,    7,    0,    0,    0,   10,    0,    0,    0,  -25,    0,   -5,    0,    6,  -15,    5,    0,    0,    0,    0,    0,    0,    0,    0,    0,    0,    0,    0,    0,    0,    0,    6,    6,    5,    6,    4,    0,    0,    0,    0,    6,    0,    0,    0,    0,    0,    0,    0,    0,    0,    0,    0,    0,    0,    0,    0,  -25,    0,    0,   10,    0,    0,    7,    0,    0,    0,    0,    0,    0,    6,    0,    0,    0,    0,    0,    0,    0,    0,    0,    0,    0,    6,    0,    0,    0,    0,    0,    0,    0,    5,    0,    0,    0,    0,    0,    0,    0,    0,    0,    0,    0,    0,    0,    6,    6,    0,    0,   -9,    0,    0,    6,    6,    8,    0,    0,    0,    0,    0,    0,    0,    0,    0,    0,    0,    0,    0,    0,    0,    0,    0,    0,    0,    0,    0,    0,    0,    0,    0,    0,    0,    0,    0,    0,    0,    0,    0,    0,    0,
       0,    0,    0,    0,    0,    0,    0,    0,    0,    0,    0,    0,   -8,    0,    0,    0,   -7,    0,    0,    0,  -14,    0,  -12,   -4,  -10,  -17,   -5,    0,    0,    0,    0,    0,    0,    0,    0,    0,    0,    0,    0,    0,    0,    0,    0,    0,   -4,    0,    0,    0,    0,    0,    0,  -22,    0,    0,    0,    0,    0,    0,    0,    0,    0,   -6,    0,    0,    0,    0,    0,  -14,    0,   -4,   -7,    0,  -10,   -8,    0,  -13,   -7,    0,    0,    0,  -10,    0,  -10,   -7,    0,    0,    0,    0,    0,    0,    0,    0,    0,    0,    0,    0,    0,    0,    0,    0,   -4,    0,    0,    0,    0,    0,    0,   -6,    0,    0,    0,    0,    0,    0,    0,    0,    0,    0,  -14,    0,    0,    0,    0,   -7,    0,    0,    0,   -8,    0,    0,    0,    0,    0,    0,    0,    0,    0,    0,    0,    0,    0,    0,    0,    0,    0,    0,    0,    0,    0,    0,    0,    0,    0,    0,    0,    0,    0,    0,    0,
       0,  -20,    0,   -7,    0,  -32,   12,    0,   10,    8,  -13,    0,   15,    0,  -10,  -10,   13,    0,  -10,    8,  -33,   -8,  -26,  -16,   15,  -40,   10,    0,  -32,  -10,   -4,    0,   -4,   -4,    0,    0,    0,    0,    0,    4,    0,    0,  -14,  -10,   10,  -14,    6,   -4,    0,   -6,    5,    8,    0,   -4,    0,    0,    0,   -6,    0,    0,    0,    0,    0,    0,    0,  -18,    0,    0,    0,    0,    0,    0,    0,    0,    0,    0,    0,    0,    0,    0,    0,    0,    0,    0,    0,    0,    0,    0,    0,    0,    0,    0,    0,    0,    0,    0,    0,    0,    0,    0,    0,    0,    0,    0,    0,    0,    0,    0,    0,    0,    0,    0,    0,    0,    0,    0,    0,    0,    0,    0,    0,    0,    0,    0,    0,    0,    0,    0,    0,    0,    0,    0,    0,    0,    0,    0,    0,    0,    0,    0,    0,    0,    0,    0,    0,    0,    0,    0,    0,    0,    0,    0,  -30,  -26,   17,    0,    0,    0,    0,
       0,    0,    0,    0,   -5,   -5,    0,    4,  -12,    4,   -8,    0,   -4,    0,    0,    0,    0,    0,    0,    0,   -7,    0,  -12,   -4,   -9,  -14,    0,    0,   -8,   -9,    0,    0,    0,    0,    0,    0,    0,    0,    0,    0,    0,    0,   -4,    0,   -3,   -4,   -4,    0,   -4,    4,    4,  -10,    0,    0,    0,    0,    0,    0,    0,    0,    0,    0,    0,    0,    0,   -6,    0,    0,    0,    0,    0,    0,    0,    0,    0,    0,    0,    0,    0,    0,    0,    0,    0,    0,    0,    0,    0,    0,    0,    0,    0,    0,    0,    0,    0,    0,    0,    0,    0,    0,    0,    0,    0,    0,    0,    0,    0,    0,    0,    0,    0,    0,    0,    0,    0,    0,    0,    0,    0,    0,    0,    0,    0,    0,    0,    0,    0,    0,    0,    0,    0,    0,    0,    0,    0,    0,    0,    0,    0,    0,    0,    0,    0,    0,    0,    0,    0,    0,    0,    0,    0,    0,    0,    0,    4,    0,    0,    0,    0,
       0,    0,    3,   -5,    6,   -4,    9,   -4,    5,    8,    6,    0,   11,    0,  -10,  -10,   12,    0,  -10,    7,    8,    0,    8,    8,   10,   10,    7,    0,    8,   10,    4,    0,   -5,   -5,    0,    0,    0,    0,    0,    2,    0,   -5,    0,    0,   10,    0,    6,    0,    0,  -10,    6,   10,    0,    4,    0,    0,    0,   -4,    0,    0,    0,    0,    0,    0,    0,    0,    0,    0,    0,    0,    0,    0,    0,    0,    0,    0,    0,    0,    0,    0,    0,    0,    0,    0,    0,    0,    0,    0,    0,    0,    0,    0,    0,    0,    0,    0,    0,    0,    0,    0,    0,    0,    0,    0,    0,    0,    0,    0,    0,    0,    0,    0,    0,    0,    0,    0,    0,    0,    0,    0,    0,    0,    0,    0,    0,    0,    0,    0,    0,    0,    0,    0,    0,    0,    0,    0,    0,    0,    0,    0,    0,    0,    0,    0,    0,    0,    0,    0,    0,    0,    0,    0,    8,   14,   16,    0,    0,    0,    0,
       0,    0,    0,    0,   -8,    0,  -16,    8,  -21,    0,   -8,    0,  -10,    0,    0,    0,   -9,    0,    0,    0,   -9,    0,  -10,   -4,  -15,  -18,   -4,    0,    0,   -8,    0,    0,    0,    0,    0,    0,    0,    0,    0,    0,    0,    0,    0,    0,    0,    0,    0,    0,   -6,    4,    0,  -24,    0,    0,    0,    0,    0,    0,    0,    0,    0,    0,    0,    0,   -6,   -8,    0,    0,    0,    0,    0,    0,    0,    0,    0,    0,    0,    0,    0,    0,    0,    0,    0,    0,    0,    0,    0,    0,    0,    0,    0,    0,    0,    0,    0,    0,    0,    0,    0,    0,    0,    0,    0,    0,    0,    0,    0,    0,    0,    0,    0,    0,    0,    0,    0,    0,    0,    0,    0,    0,    0,    0,    0,    0,    0,    0,    0,    0,    0,    0,    0,    0,    0,    0,    0,    0,    0,    0,    0,    0,    0,    0,    0,    0,    0,    0,    0,    0,    0,    0,    0,    0,    0,    4,   -5,    0,    0,    0,    0,
       0,    0,    0,    0,    0,    0,    0,    0,    0,    0,    0,    0,    0,    0,    0,    0,   10,    0,   -7,    0,    0,    0,    4,    0,    8,    4,    4,    0,    0,    0,   -5,    0,   -5,   -5,    0,    0,    0,    0,    0,    0,    0,    0,    0,    0,    8,    0,    0,    0,    0,    0,    5,    7,    0,   -5,    0,    0,    0,   -4,    0,    0,    0,    4,    0,    0,    0,    0,    0,    0,    0,    0,    0,    0,    0,    0,    0,    0,    0,    0,    0,    0,    0,    0,    0,    0,    0,    0,    0,    0,    0,    0,    0,    0,    0,    0,    0,    0,    0,    0,    0,    0,    0,    0,    0,    0,    0,    0,    0,    0,    0,    0,    0,    0,    0,    0,    0,    0,    0,    0,    0,    0,    0,    0,    0,    0,    0,    0,    0,    0,    0,    0,    0,    0,    0,    0,    0,    0,    0,    0,    0,    0,    0,    0,    0,    0,    0,    0,    0,    0,    0,    0,    0,    0,    5,    7,   16,    0,    0,    0,    0,
       0,    0,   -8,   -6,    8,    0,  -25,    6,  -31,    0,    8,   -4,  -19,    0,   -3,   -3,  -30,   -4,   -3,    0,    8,    0,   10,    8,    5,   11,    0,    0,   12,   10,  -10,    0,   -4,   -4,    0,    0,    0,    0,   -8,   -5,    0,   -8,    0,    0,   -4,    0,   -8,    0,    0,    0,   -4,  -47,    0,  -10,    0,    0,    0,   -4,    0,    0,    0,    0,    0,    0,    0,    0,    0,    0,    0,    0,    0,    0,    0,    0,    0,    0,    0,    0,    0,    0,    0,    0,    0,    0,    0,    0,    0,    0,    0,    0,    0,    0,    0,    0,    0,    0,    0,    0,    0,    0,    0,    0,    0,    0,    0,    0,    0,    0,    0,    0,    0,    0,    0,    0,    0,    0,    0,    0,    0,    0,    0,    0,    0,    0,    0,    0,    0,    0,    0,    0,    0,    0,    0,    0,    0,    0,    0,    0,    0,    0,    0,    0,    0,    0,    0,    0,    0,    0,    0,    0,    0,    0,   16,   15,  -25,    0,    0,    0,    0,
       0,    0,    0,    0,    0,  -10,    8,    7,    0,    4,    0,    0,    0,    0,    0,    0,    0,    0,    0,    0,   -4,    0,   -8,   -8,    0,   -8,    0,    0,    0,    0,    0,    0,    0,    0,    0,    0,    0,    0,    0,    0,    0,    0,   -4,    0,    0,   -4,    0,    0,    0,    0,    0,    0,    0,    0,    0,    0,    0,    0,    0,    0,    0,    0,    0,    0,    0,    0,    0,    0,    0,    0,    0,    0,    0,    0,    0,    0,    0,    0,    0,    0,    0,    0,    0,    0,    0,    0,    0,    0,    0,    0,    0,    0,    0,    0,    0,    0,    0,    0,    0,    0,    0,    0,    0,    0,    0,    0,    0,    0,    0,    0,    0,    0,    0,    0,    0,    0,    0,    0,    0,    0,    0,    0,    0,    0,    0,    0,    0,    0,    0,    0,    0,    0,    0,    0,    0,    0,    0,    0,    0,    0,    0,    0,    0,    0,    0,    0,    0,    0,    0,    0,    0,    0,   -4,    0,    9,    0,    0,    0,    0,
       0,    0,    0,    0,    0,    0,    0,    0,   -4,    0,    0,    0,    0,    0,    0,    0,    0,    0,    0,    0,    0,    0,    0,    0,    0,    0,    0,    0,    0,    0,    0,    0,    0,    0,    0,    0,    0,    0,    0,    0,    0,    0,    0,    0,    0,    0,    0,    0,    0,    0,    0,    0,    0,    0,    0,    0,    0,    0,    0,    0,    0,    0,    0,    0,    0,    0,    0,    0,    0,    0,    0,    0,    0,    0,    0,    0,    0,    0,    0,    0,    0,    0,    0,    0,    0,    0,    0,    0,    0,    0,    0,    0,    0,    0,    0,    0,    0,    0,    0,    0,    0,    0,    0,    0,    0,    0,    0,    0,    0,    0,    0,    0,    0,    0,    0,    0,    0,    0,    0,    0,    0,    0,    0,    0,    0,    0,    0,    0,    0,    0,    0,    0,    0,    0,    0,    0,    0,    0,    0,    0,    0,    0,    0,    0,    0,    0,    0,    0,    0,    0,    0,    0,    0,    0,    0,    0,    0,    0,    0,
       0,    0,    0,    0,    0,    0,    0,    0,  -12,    0,    0,    0,   -8,    0,    0,    0,   -5,    0,    0,    0,    0,    0,    0,    0,    0,    0,    0,    0,    4,    0,    0,    0,    0,    0,    0,    0,    0,    0,    0,    0,    0,    0,    0,    0,    0,    0,    0,    0,    0,    0,    4,  -16,    0,    0,    0,    0,    0,    0,    0,    0,    0,    0,    0,    0,    0,    0,    0,    0,    0,    0,    0,    0,    0,    0,    0,    0,    0,    0,    0,    0,    0,    0,    0,    0,    0,    0,    0,    0,    0,    0,    0,    0,    0,    0,    0,    0,    0,    0,    0,    0,    0,    0,    0,    0,    0,    0,    0,    0,    0,    0,    0,    0,    0,    0,    0,    0,    0,    0,    0,    0,    0,    0,    0,    0,    0,    0,    0,    0,    0,    0,    0,    0,    0,    0,    0,    0,    0,    0,    0,    0,    0,    0,    0,    0,    0,    0,    0,    0,    0,    0,    0,    0,    6,    6,    0,    0,    0,    0,    0,
       0,    0,   -8,   -8,   10,  -16,   12,  -20,    9,    4,    0,   -6,   10,    0,  -22,  -22,    8,    0,  -22,    0,    9,    0,    7,    5,   14,    7,   10,    0,    8,   11,   -4,    0,  -16,  -16,    0,    0,    0,    0,    0,    4,   -4,  -14,  -18,  -18,   14,  -18,    8,   -5,    0,  -20,    0,   10,    0,   -4,    0,    0,   17,  -14,   14,   12,    4,    0,    0,   -7,    0,    0,    0,    0,    0,    0,    0,    0,    0,    0,    0,    0,    0,    0,    0,    0,    0,    0,    0,    0,    0,    0,    0,    0,    0,    0,    0,    0,    0,    0,    0,    0,    0,    0,    0,    0,    0,    0,    0,    0,    0,    0,    0,    0,    0,    0,    0,    0,    0,    0,    0,    0,    0,    0,    0,    0,    0,    0,    0,    0,    0,    0,    0,    0,    0,    0,    0,    0,    0,    0,    0,    0,    0,    0,    0,    0,    0,    0,    0,    0,    0,    0,    0,    0,    0,    0,    0,    0,    0,    0,   12,    0,    0,    0,    0,
       4,  -39,    4,    0,    0,  -41,   16,   -8,    7,   10,  -14,    0,   12,    0,   -8,   -8,   12,    4,   -8,    7,  -31,   -4,  -34,  -20,   12,  -40,    7,    0,  -32,  -13,    5,    0,    0,    0,    0,    0,    0,    0,    0,    3,    0,    0,  -19,  -12,   12,  -19,    6,   -6,   -5,   -8,    8,   12,    0,    5,    0,    0,    0,    0,    0,    0,    0,    0,    0,    0,    0,  -20,    0,    0,    0,    0,    0,    0,    0,    0,    0,    0,    0,    0,    0,    0,    0,    0,    0,    0,    0,    0,    0,    0,    0,    0,    0,    0,    0,    0,    0,    0,    0,    0,    0,    0,    0,    0,    0,    0,    0,    0,    0,    0,    0,    0,    0,    0,    0,    0,    0,    0,    0,    0,    0,    0,    0,    0,    0,    0,    0,    0,    0,    0,    0,    0,    0,    0,    0,    0,    0,    0,    0,    0,    0,    0,    0,    0,    0,    0,    0,    0,    0,    0,    0,    0,    0,    0,  -26,  -22,   19,    0,    0,    0,    0,
       0,    0,    0,    0,    0,   -4,    0,    0,   -4,    0,   -6,    0,    0,    0,    0,    0,    0,    0,    0,    0,   -4,    0,   -4,    0,    0,   -6,    0,    0,   -8,    0,    0,    0,    0,    0,    0,    0,    0,    0,    0,    0,    0,    0,    0,    0,    0,    0,    0,    0,    0,    0,    0,    0,    0,    0,    0,    0,    0,    0,    0,    0,    0,    0,    0,    0,    0,    0,    0,    0,    0,    0,    0,    0,    0,    0,    0,    0,    0,    0,    0,    0,    0,    0,    0,    0,    0,    0,    0,    0,    0,    0,    0,    0,    0,    0,    0,    0,    0,    0,    0,    0,    0,    0,    0,    0,    0,    0,    0,    0,    0,    0,    0,    0,    0,    0,    0,    0,    0,    0,    0,    0,    0,    0,    0,    0,    0,    0,    0,    0,    0,    0,    0,    0,    0,    0,    0,    0,    0,    0,    0,    0,    0,    0,    0,    0,    0,    0,    0,    0,    0,    0,    0,    0,   -8,   -6,    0,    0,    0,    0,    0,
       0,    0,    0,    0,   -8,    0,  -16,    8,  -21,    0,   -8,    0,  -10,    0,    0,    0,   -9,    0,    0,    0,   -9,    0,  -10,   -4,  -15,  -18,   -4,    0,    0,   -8,    0,    0,    0,    0,    0,    0,    0,    0,    0,    0,    0,    0,    0,    0,    0,    0,    0,    0,   -5,    4,    0,  -24,    0,    0,    0,    0,    0,    0,    0,    0,    0,    0,    0,    0,   -4,   -9,    0,    0,    0,    0,    0,    0,    0,    0,    0,    0,    0,    0,    0,    0,    0,    0,    0,    0,    0,    0,    0,    0,    0,    0,    0,    0,    0,    0,    0,    0,    0,    0,    0,    0,    0,    0,    0,    0,    0,    0,    0,    0,    0,    0,    0,    0,    0,    0,    0,    0,    0,    0,    0,    0,    0,    0,    0,    0,    0,    0,    0,    0,    0,    0,    0,    0,    0,    0,    0,    0,    0,    0,    0,    0,    0,    0,    0,    0,    0,    0,    0,    0,    0,    0,    0,    0,    0,    4,   -5,    0,    0,    0,    0,
       0,    0,   -8,    0,   -3,    0,  -42,    0,  -32,    5,    0,    0,  -27,    0,    0,    0,  -36,    0,    0,    0,    5,    0,    0,    0,   -9,   -4,    0,   -6,    0,   -5,   -8,    0,   -6,   -6,    0,    0,    0,    0,    0,    0,    0,    0,    8,    8,    5,    8,    0,    0,   -4,   -4,    5,  -50,    0,   -8,    0,    0,    0,   -9,    0,    0,    0,    0,    0,    0,    0,    0,    0,    0,    0,    0,    0,    0,    0,    0,    0,    0,    0,    0,    0,    0,    0,    0,    0,    0,    0,    0,    0,    0,    0,    0,    0,    0,    0,    0,    0,    0,    0,    0,    0,    0,    0,    0,    0,    0,    0,    0,    0,    0,    0,    0,    0,    0,    0,    0,    0,    0,    0,    0,    0,    0,    0,    0,    0,    0,    0,    0,    0,    0,    0,    0,    0,    0,    0,    0,    0,    0,    0,    0,    0,    0,    0,    0,    0,    0,    0,    0,    0,    0,    0,    0,    0,    0,   12,   12,  -37,    0,    0,    0,    0,
       0,    0,    0,    0,   -8,    0,  -16,    8,  -21,    0,   -8,    0,  -10,    0,    0,    0,   -9,    0,    0,    0,   -9,    0,  -10,   -4,  -15,  -18,   -4,    0,    0,   -8,    0,    0,    0,    0,    0,    0,    0,    6,    0,    0,    0,    0,    0,    0,    0,    0,    0,    0,    0,    4,    0,  -24,    0,    0,    0,    0,    0,    0,    0,    0,    0,    0,    0,    0,   -4,    0,    0,    0,    0,    0,    0,    0,    0,    0,    0,    0,    0,    0,    0,    0,    0,    0,    0,    0,    0,    0,    0,    0,    0,    0,    0,    0,    0,    0,    0,    0,    0,    0,    0,    0,    0,    0,    0,    0,    0,    0,    0,    0,    0,    0,    0,    0,    0,    0,    0,    0,    0,    0,    0,    0,    0,    0,    0,    0,    0,    0,    0,    0,    0,    0,    0,    0,    0,    0,    0,    0,    0,    0,    0,    0,    0,    0,    0,    0,    0,    0,    0,    0,    0,    0,    0,    0,    0,    4,   -5,    0,    0,    0,    0,
       0,    0,    0,    0,    0,   -4,   10,   -8,    7,    5,   -6,   -4,   12,    0,   -7,   -7,   10,    0,   -7,    0,   -4,   -3,   -6,    0,    8,  -13,    7,    0,   -4,   -9,  -10,    0,  -10,  -10,    0,    0,    0,    0,    0,    0,   -4,   -4,    0,    0,    7,    0,    4,    0,    0,   -9,    0,    8,    0,  -10,    0,    0,    0,  -11,    0,    0,    0,    0,    0,    0,    0,    0,    0,    0,    0,    0,    0,    0,    0,    0,    0,    0,    0,    0,    0,    0,    0,    0,    0,    0,    0,    0,    0,    0,    0,    0,    0,    0,    0,    0,    0,    0,    0,    0,    0,    0,    0,    0,    0,    0,    0,    0,    0,    0,    0,    0,    0,    0,    0,    0,    0,    0,    0,    0,    0,    0,    0,    0,    0,    0,    0,    0,    0,    0,    0,    0,    0,    0,    0,    0,    0,    0,    0,    0,    0,    0,    0,    0,    0,    0,    0,    0,    0,    0,    0,    0,    0,    0,    5,    4,   13,    0,    0,    0,    0,
       0,    0,    0,    0,   -3,  -14,    4,   11,   -6,    0,   -4,    0,    0,    0,    0,    0,    0,    0,    0,    0,   -8,    0,   -4,   -4,    0,   -4,    0,    0,    0,    0,    5,    0,    0,    0,    0,    0,    0,    0,    0,    0,    0,    0,   -6,   -5,   -4,   -6,    0,    0,    0,    6,    0,   -8,    0,    5,    0,    0,    0,    0,    0,    0,    0,    0,    0,    0,    0,    0,    0,    0,    0,    0,    0,    0,    0,    0,    0,    0,    0,    0,    0,    0,    0,    0,    0,    0,    0,    0,    0,    0,    0,    0,    0,    0,    0,    0,    0,    0,    0,    0,    0,    0,    0,    0,    0,    0,    0,    0,    0,    0,    0,    0,    0,    0,    0,    0,    0,    0,    0,    0,    0,    0,    0,    0,    0,    0,    0,    0,    0,    0,    0,    0,    0,    0,    0,    0,    0,    0,    0,    0,    0,    0,    0,    0,    0,    0,    0,    0,    0,    0,    0,    0,    0,    0,   -8,    0,    7,    0,    0,    0,    0,
       0,    0,   -8,   -7,   10,    0,  -32,  -22,  -39,  -24,   10,  -14,  -33,    0,   -9,   -9,  -33,   -4,   -9,    0,   10,    0,   12,   10,   10,   14,    4,    0,   16,   12,  -30,    0,  -30,  -30,    0,    0,    0,    0,  -28,  -29,    0,  -28,  -30,  -30,  -30,  -30,  -28,   -7,    0,  -30,  -26,  -46,    0,  -30,   -4,   11,   18,  -37,   18,   13,   12,    0,  -22,  -24,    0,    0,    0,    0,    0,    0,    0,    0,    0,    0,    0,    0,    0,    0,    0,    0,    0,    0,    0,    0,    0,    0,    0,    0,    0,    0,    0,    0,    0,    0,    0,    0,    0,    0,    0,    0,    0,    0,    0,    0,    0,    0,    0,    0,    0,    0,    0,    0,    0,    0,    0,    0,    0,    0,    0,    0,    0,    0,    0,    0,    0,    0,    0,    0,    0,    0,    0,    0,    0,    0,    0,    0,    0,    0,    0,    0,    0,    0,    0,    0,    0,    0,    0,    0,    0,    0,    0,    0,   11,    8,  -21,    0,    0,    0,    0,
       0,    0,    0,    0,    0,    0,  -12,    0,  -22,    4,    0,    0,   -8,    0,    0,    0,   -8,    0,    0,    0,    0,    0,    0,    0,    0,    0,    0,    0,    4,    0,    0,    0,    0,    0,    0,    0,    0,    0,    0,    0,    0,    0,    0,    0,    0,    0,    0,    0,    0,    0,    0,  -22,    0,    0,    0,    0,    0,    0,    0,    0,    0,    0,    0,    0,    0,    0,    0,    0,    0,    0,    0,    0,    0,    0,    0,    0,    0,    0,    0,    0,    0,    0,    0,    0,    0,    0,    0,    0,    0,    0,    0,    0,    0,    0,    0,    0,    0,    0,    0,    0,    0,    0,    0,    0,    0,    0,    0,    0,    0,    0,    0,    0,    0,    0,    0,    0,    0,    0,    0,    0,    0,    0,    0,    0,    0,    0,    0,    0,    0,    0,    0,    0,    0,    0,    0,    0,    0,    0,    0,    0,    0,    0,    0,    0,    0,    0,    0,    0,    0,    0,    0,    0,    2,    9,    0,    0,    0,    0,    0,
       0,    7,  -12,  -12,   13,    0,  -32,  -12,  -38,   -5,   11,  -12,  -26,    0,  -10,  -10,  -35,   -4,  -10,    0,   13,    0,   15,   13,   13,   16,    6,    0,   16,   15,  -16,    0,  -22,  -22,    0,    0,    0,    0,   -9,  -15,    0,   -8,    0,    0,    0,    0,   -5,   -7,    0,  -16,    0,  -59,    0,  -16,    8,    0,   20,  -24,   18,   14,   13,    0,   -7,   -8,    0,    0,    0,    0,    0,    0,    0,    0,    0,    0,    0,    0,    0,    0,    0,    0,    0,    0,    0,    0,    0,    0,    0,    0,    0,    0,    0,    0,    0,    0,    0,    0,    0,    0,    0,    0,    0,    0,    0,    0,    0,    0,    0,    0,    0,    0,    0,    0,    0,    0,    0,    0,    0,    0,    0,    0,    0,    0,    0,    0,    0,    0,    0,    0,    0,    0,    0,    0,    0,    0,    0,    0,    0,    0,    0,    0,    0,    0,    0,    0,    0,    0,    0,    0,    0,    0,    0,    0,   11,   15,  -25,    0,    0,    0,    0,
       0,    8,   -8,   -4,   11,    0,  -18,    0,  -25,    0,   10,   -4,  -16,    0,   -4,   -4,  -19,    0,   -4,    0,   11,    0,   13,   11,   11,   14,    4,    0,   16,   13,  -11,    0,  -13,  -13,    0,    0,    0,    0,   -6,   -6,    0,   -6,    5,    5,    4,    5,    0,   -4,    0,   -6,    0,  -21,    0,  -11,    0,    0,   18,  -14,   16,    0,    0,    0,    0,    0,    0,    0,    0,    0,    0,    0,    0,    0,    0,    0,    0,    0,    0,    0,    0,    0,    0,    0,    0,    0,    0,    0,    0,    0,    0,    0,    0,    0,    0,    0,    0,    0,    0,    0,    0,    0,    0,    0,    0,    0,    0,    0,    0,    0,    0,    0,    0,    0,    0,    0,    0,    0,    0,    0,    0,    0,    0,    0,    0,    0,    0,    0,    0,    0,    0,    0,    0,    0,    0,    0,    0,    0,    0,    0,    0,    0,    0,    0,    0,    0,    0,    0,    0,    0,    0,    0,    0,    0,   11,   16,  -10,    0,    0,    0,    0,
       0,    0,   -8,   -8,   10,  -10,   10,  -13,    9,    7,    8,   -6,   14,    0,  -15,  -15,   10,    0,  -15,    7,   10,    0,   12,   10,   14,   13,   10,    0,   12,   12,  -12,    0,  -12,  -12,    0,    0,    0,    0,    0,    4,    0,  -10,  -10,  -10,   10,  -10,    6,   -5,    0,  -15,    0,   14,    0,  -12,    0,    0,   16,   -8,   16,    8,    4,    0,    0,   -6,    0,    0,    0,    0,    0,    0,    0,    0,    0,    0,    0,    0,    0,    0,    0,    0,    0,    0,    0,    0,    0,    0,    0,    0,    0,    0,    0,    0,    0,    0,    0,    0,    0,    0,    0,    0,    0,    0,    0,    0,    0,    0,    0,    0,    0,    0,    0,    0,    0,    0,    0,    0,    0,    0,    0,    0,    0,    0,    0,    0,    0,    0,    0,    0,    0,    0,    0,    0,    0,    0,    0,    0,    0,    0,    0,    0,    0,    0,    0,    0,    0,    0,    0,    0,    0,    0,    0,    0,    4,    6,   14,    0,    0,    0,    0,
       4,    0,  -20,  -16,   14,   -4,  -38,  -27,  -40,  -15,   12,  -24,  -40,    0,  -18,  -18,  -34,   -6,  -18,   -4,   14,    0,   16,   14,   14,   16,    7,    0,   16,   16,  -29,    0,  -35,  -35,    0,    0,    0,    0,  -15,  -28,    0,  -14,   -4,    0,   -8,   -4,  -14,   -6,    0,  -32,  -10,  -58,    0,  -50,    0,    0,   21,  -36,   18,   16,    7,    0,  -12,  -13,    0,    0,    0,    0,    0,    0,    0,    0,    0,    0,    0,    0,    0,    0,    0,    0,    0,    0,    0,    0,    0,    0,    0,    0,    0,    0,    0,    0,    0,    0,    0,    0,    0,    0,    0,    0,    0,    0,    0,    0,    0,    0,    0,    0,    0,    0,    0,    0,    0,    0,    0,    0,    0,    0,    0,    0,    0,    0,    0,    0,    0,    0,    0,    0,    0,    0,    0,    0,    0,    0,    0,    0,    0,    0,    0,    0,    0,    0,    0,    0,    0,    0,    0,    0,    0,    0,    0,    0,   10,   12,  -26,    0,    0,    0,    0,
       0,    0,   -4,    0,    6,    0,   11,   -8,    0,    6,    6,   -4,   10,    0,   -5,   -5,   10,    0,   -5,    5,    6,    0,    8,    6,   10,    9,    5,    0,    8,    8,    4,    0,   -4,   -4,    0,    0,    0,    0,    0,    0,    0,    0,    0,    0,   10,    0,    4,    0,    0,  -12,    6,   10,    0,    4,    0,    4,   14,    0,   13,    4,    0,    0,    0,    0,    0,    0,    0,    0,    0,    0,    0,    0,    0,    0,    0,    0,    0,    0,    0,    0,    0,    0,    0,    0,    0,    0,    0,    0,    0,    0,    0,    0,    0,    0,    0,    0,    0,    0,    0,    0,    0,    0,    0,    0,    0,    0,    0,    0,    0,    0,    0,    0,    0,    0,    0,    0,    0,    0,    0,    0,    0,    0,    0,    0,    0,    0,    0,    0,    0,    0,    0,    0,    0,    0,    0,    0,    0,    0,    0,    0,    0,    0,    0,    0,    0,    0,    0,    0,    0,    0,    0,    0,    8,   12,   17,    0,    0,    0,    0,
       0,    0,    0,    0,    0,    0,    0,    0,    0,    0,    0,    0,  -11,    0,   -8,   -8,  -11,    0,   -8,    0,   12,    0,   14,   12,   12,   15,    6,    0,    0,   36,  -14,    0,  -14,  -14,    0,    0,    4,   38,  -14,  -13,    0,  -14,  -12,  -12,  -12,   12,  -12,    0,    0,    0,    0,  -11,    0,  -14,    4,    4,    4,  -16,    4,    4,    4,    0,    0,    0,    0,    0,    0,   12,  -12,   -6,  -11,  -11,    8,  -11,    8,   10,    0,    0,   -8,  -15,   12,    0,    0,  -13,  -14,   -8,  -10,   -9,    8,  -13,   -9,  -10,   -9,  -11,  -14,    0,  -13,  -10,   12,  -15,  -12,  -14,   -4,  -10,  -10,   -9,  -11,    8,  -11,  -13,    4,    4,   38,    8,   -7,   -6,  -15,  -14,   11,   -9,    0,    0,   -9,    0,  -11,    0,  -11,    0,    5,    0,    0,    0,    0,    0,    0,    0,    0,    0,    0,    0,    0,    0,    0,    0,    0,    0,    0,    0,    0,    0,    0,    0,    0,    0,    0,    0,    0,    0,    0,
       0,    0,    0,    0,    0,    0,    0,    0,    0,    0,    0,    0,    8,  -12,  -16,  -16,    4,  -12,  -16,    0,  -36,  -16,  -44,  -28,    8,  -44,    4,    0,    0,    0,  -10,    0,  -10,  -10,    0,    0,    0,   56,    0,    0,   -4,   -8,  -12,   -8,    0,   24,    0,    0,    0,    0,    0,    8,    0,  -10,    0,    0,    0,   -8,    0,    0,    0,    0,    0,    0,    0,    0,    0,    0,    0,    0,    0,    0,    0,    0,    0,    0,    0,    0,    0,    0,    0,    0,    0,    0,    0,    0,    0,    0,    0,    0,    0,    0,    0,    0,    0,    0,    0,    0,    0,    0,    0,    0,    0,    0,    0,    0,    0,    0,    0,    0,    0,    0,    0,    0,    0,    0,    0,    0,    0,    0,    0,    0,    0,    0,    0,    0,    0,    0,    0,    0,    0,    0,    0,    0,    0,    0,    0,    0,    0,    0,    0,    0,    0,    0,    0,    0,    0,    0,    0,    0,    0,    0,    0,    0,    0,    0,    0,    0,    0,
       0,    0,    0,    0,    0,    0,    0,    0,    0,    0,    0,    0,    0,    0,    0,    0,    0,    0,    0,    0,    0,    0,    0,    0,    0,    0,    0,    0,    0,    0,    0,    0,    0,    0,    0,    0,    0,   13,    0,    0,    0,    0,    0,    0,    0,    0,    0,    0,    0,    0,    0,    0,    0,    0,    0,    0,    0,    0,    0,    0,    0,    0,    0,    0,    0,    0,    0,    0,   -4,   -4,    0,    0,    0,    0,    0,    0,    0,    0,   -4,   -6,    0,    0,   -5,   -5,    0,    0,    0,    0,    0,    0,    0,    0,    0,    0,    0,    0,    0,    0,    0,   -6,    0,    0,    0,    0,    0,    0,    0,    0,    0,    0,    0,    0,   13,    0,    0,    0,   -7,   -6,    0,    0,    0,    0,    0,    0,    0,   -4,    0,    0,   -4,    0,    0,    0,    0,    0,    0,    0,    0,    0,    0,    0,    0,    0,    0,    0,    0,    0,    0,    0,    0,    0,    0,    0,    0,    0,    0,    0,    0,    0,    0,
       0,   -6,    0,    0,   -8,  -12,    0,    0,    0,    0,  -13,    0,    0,    0,    0,    0,    0,    0,    0,    0,    0,    0,    0,    0,    0,    0,    0,    0,  -16,  -14,    0,    0,    0,    0,    0,    0,    0,    0,    0,    0,    0,    0,   -5,   -4,    0,   -5,    0,    0,   -7,    0,    0,    0,    0,    0,    0,    0,    0,    0,    0,    0,    0,    0,    0,    0,    0,    0,    0,    0,    0,    0,    0,    0,    0,    0,    0,    0,    0,    0,    0,    0,    0,    0,    0,    0,    0,    0,    0,    0,    0,    0,    0,    0,    0,    0,    0,    0,    0,    0,    0,    0,    0,    0,    0,    0,    0,    0,    0,    0,    0,    0,    0,    0,    0,    0,    0,    0,    0,    0,    0,    0,    0,    0,    0,    0,    0,    0,    0,    0,    0,    0,    0,    0,    0,    0,    0,    0,    0,    0,    0,    0,    0,    0,    0,    0,    0,    0,    0,    0,    0,    0,    0,    0,   -9,   -9,    5,    0,    0,    0,    0,
       0,   -8,    0,    0,  -10,  -12,  -12,    5,  -11,    0,  -11,    0,    0,    0,    0,    0,    0,    0,    0,    0,    0,    0,    0,    0,    0,    0,    0,    0,  -20,  -14,    0,    0,    0,    0,    0,    0,    0,    0,    0,    0,    0,    0,   -6,   -5,   -7,   -6,   -4,    0,   -8,    4,    0,    0,    0,    0,    0,    0,    0,    0,    0,    0,    0,    0,    0,    0,    0,    0,    0,    0,    0,    0,    0,    0,    0,    0,    0,    0,    0,    0,    0,    0,    0,    0,    0,    0,    0,    0,    0,    0,    0,    0,    0,    0,    0,    0,    0,    0,    0,    0,    0,    0,    0,    0,    0,    0,    0,    0,    0,    0,    0,    0,    0,    0,    0,    0,    0,    0,    0,    0,    0,    0,    0,    0,    0,    0,    0,    0,    0,    0,    0,    0,    0,    0,    0,    0,    0,    0,    0,    0,    0,    0,    0,    0,    0,    0,    0,    0,    0,    0,    0,    0,    0,    0,  -10,  -10,    0,    0,    0,    0,    0,
       0,    0,    0,    0,    0,    0,    7,   -4,    0,    4,   -5,   -4,    0,    0,    0,    0,    0,    0,    0,    0,    0,    0,    0,    0,    0,    0,    0,    0,    0,  -14,  -10,    0,  -10,  -10,    0,    0,    0,    0,    0,    0,    0,    0,    3,    4,    5,    3,    0,    0,    0,   -6,    0,    0,    0,  -10,    0,    0,    0,  -12,    0,    0,    0,    0,    0,    0,    0,    0,    0,    0,    0,    0,    0,    0,    0,    0,    0,    0,    0,    0,    0,    0,    0,    0,    0,    0,    0,    0,    0,    0,    0,    0,    0,    0,    0,    0,    0,    0,    0,    0,    0,    0,    0,    0,    0,    0,    0,    0,    0,    0,    0,    0,    0,    0,    0,    0,    0,    0,    0,    0,    0,    0,    0,    0,    0,    0,    0,    0,    0,    0,    0,    0,    0,    0,    0,    0,    0,    0,    0,    0,    0,    0,    0,    0,    0,    0,    0,    0,    0,    0,    0,    0,    0,    0,    4,   10,   10,    0,    0,    0,    0,
       0,    0,    0,    0,   -8,  -10,    0,    9,    0,    0,  -15,    0,    0,    0,    0,    0,    0,    0,    0,    0,    0,    0,    0,    0,    0,    0,    0,    0,  -24,  -14,    0,    0,    0,    0,    0,    0,    0,    0,    0,    0,    0,    0,   -6,   -4,    0,   -6,    0,    0,    0,    0,    0,    0,    0,    0,    0,    0,    0,    0,    0,    0,    0,    0,    0,    0,    0,    0,    0,    0,    0,    0,    0,    0,    0,    0,    0,    0,    0,    0,    0,    0,    0,    0,    0,    0,    0,    0,    0,    0,    0,    0,    0,    0,    0,    0,    0,    0,    0,    0,    0,    0,    0,    0,    0,    0,    0,    0,    0,    0,    0,    0,    0,    0,    0,    0,    0,    0,    0,    0,    0,    0,    0,    0,    0,    0,    0,    0,    0,    0,    0,    0,    0,    0,    0,    0,    0,    0,    0,    0,    0,    0,    0,    0,    0,    0,    0,    0,    0,    0,    0,    0,    0,    0,    5,    6,    4,    0,    0,    0,    0,
       0,    0,    0,    0,   21,    9,  -24,    0,  -25,    7,   11,    0,    0,    0,    0,    0,    0,    0,    0,    0,    0,    0,    0,    0,    0,    0,    0,    0,   32,   21,   -3,    0,   -3,   -3,    0,    0,    5,    4,    0,    0,    0,    0,   11,   11,    8,   11,    0,    0,   12,   -4,    7,    0,    0,   -3,   13,    5,   26,   -8,   23,   21,   22,    0,    0,    0,    0,    0,    0,    0,    0,    0,    0,    0,    0,    0,    0,    0,    0,    0,    0,    0,    0,    0,    0,    0,    0,    0,    0,    0,    0,    0,    0,    0,    0,    0,    0,    0,    0,    0,    0,    0,    0,    0,    0,    0,    0,    0,    0,    0,    0,    0,    0,    0,    0,    0,    0,    0,    0,    0,    0,    0,    0,    0,    0,    0,    0,    0,    0,    0,    0,    0,    0,    0,    0,    0,    0,    0,    0,    0,    0,    0,    0,    0,    0,    0,    0,    0,    0,    0,    0,    0,    0,    0,   15,   22,  -23,    0,    0,    0,    0,
       0,    0,    0,    0,   -5,  -10,    0,    0,    0,    0,   -9,    0,    0,    0,    0,    0,    0,    0,    0,    0,    0,    0,    0,    0,    0,    0,    0,    0,  -12,  -14,    0,    0,    0,    0,    0,    0,    0,   10,    0,    0,    0,    0,   -6,   -4,    0,   -6,    0,    0,    0,    0,    0,    0,    0,    0,    0,    0,    0,    0,    0,    0,    0,    0,    0,    0,    0,    0,    0,    0,    0,    0,    0,    0,    0,    0,    0,    0,    0,    0,    0,    0,    0,    0,    0,    0,    0,    0,    0,    0,    0,    0,    0,    0,    0,    0,    0,    0,    0,    0,    0,    0,    0,    0,    0,    0,    0,    0,    0,    0,    0,    0,    0,    0,    0,    0,    0,    0,    0,    0,    0,    0,    0,    0,    0,    0,    0,    0,    0,    0,    0,    0,    0,    0,    0,    0,    0,    0,    0,    0,    0,    0,    0,    0,    0,    0,    0,    0,    0,    0,    0,    0,    0,    0,  -10,   -6,    4,    0,    0,    0,    0,
       0,   -8,    0,    0,   -8,  -10,    0,    0,    0,    0,  -15,    0,    0,    0,    0,    0,    0,    0,    0,    0,    0,    0,    0,    0,    0,    0,    0,    0,  -24,  -14,    0,    0,    0,    0,    0,    0,    0,    0,    0,    0,    0,    0,   -6,   -4,    0,   -6,    0,    0,   -7,    0,    0,    0,    0,    0,    0,    0,    0,    0,    0,    0,    0,    0,    0,    0,    0,    0,    0,    0,    0,    0,    0,    0,    0,    0,    0,    0,    0,    0,    0,    0,    0,    0,    0,    0,    0,    0,    0,    0,    0,    0,    0,    0,    0,    0,    0,    0,    0,    0,    0,    0,    0,    0,    0,    0,    0,    0,    0,    0,    0,    0,    0,    0,    0,    0,    0,    0,    0,    0,    0,    0,    0,    0,    0,    0,    0,    0,    0,    0,    0,    0,    0,    0,    0,    0,    0,    0,    0,    0,    0,    0,    0,    0,    0,    0,    0,    0,    0,    0,    0,    0,    0,    0,  -10,   -6,    5,    0,    0,    0,    0,
       0,    0,    0,    0,    4,  -10,    0,    0,    0,    0,  -15,    0,    0,    0,    0,    0,    0,    0,    0,    0,    0,    0,    0,    0,    0,    0,    0,    0,  -24,  -14,    0,    0,    0,    0,    0,    0,    0,    0,    0,    0,    0,    0,   -6,   -4,    0,   -6,    0,    0,    0,    0,    0,    0,    0,    0,    0,    0,    0,    0,    0,    0,    0,    0,    0,    0,    0,    0,    0,    0,    0,    0,    0,    0,    0,    0,    0,    0,    0,    0,    0,    0,    0,    0,    0,    0,    0,    0,    0,    0,    0,    0,    0,    0,    0,    0,    0,    0,    0,    0,    0,    0,    0,    0,    0,    0,    0,    0,    0,    0,    0,    0,    0,    0,    0,    0,    0,    0,    0,    0,    0,    0,    0,    0,    0,    0,    0,    0,    0,    0,    0,    0,    0,    0,    0,    0,    0,    0,    0,    0,    0,    0,    0,    0,    0,    0,    0,    0,    0,    0,    0,    0,    0,    0,  -10,   -6,    4,    0,    0,    0,    0,
       0,    0,    0,    0,    5,  -10,    0,    0,    0,    0,  -15,    0,    0,    0,    0,    0,    0,    0,    0,    0,    0,    0,    0,    0,    0,    0,    0,    0,  -24,    4,    0,    0,    0,    0,    0,    0,    0,   12,    0,    0,    0,    0,   -6,   -4,    0,   -6,    0,    0,    0,    0,    0,    0,    0,    0,    0,    0,    0,    0,    0,    0,    0,    0,    0,    0,    0,    0,    0,    0,    0,    0,    0,    0,    0,    0,    0,    0,    0,    0,    0,    0,    0,    0,    0,    0,    0,    0,    0,    0,    0,    0,    0,    0,    0,    0,    0,    0,    0,    0,    0,    0,    0,    0,    0,    0,    0,    0,    0,    0,    0,    0,    0,    0,    0,    0,    0,    0,    0,    0,    0,    0,    0,    0,    0,    0,    0,    0,    0,    0,    0,    0,    0,    0,    0,    0,    0,    0,    0,    0,    0,    0,    0,    0,    0,    0,    0,    0,    0,    0,    0,    0,    0,    0,  -10,   -6,    4,    0,    0,    0,    0,
       0,    0,   -8,   -5,    0,    5,    5,  -18,    8,    4,    0,   -9,    0,    0,    0,    0,    0,    0,    0,    0,    0,    0,    0,    0,    0,    0,    0,    0,    0,  -10,   -4,    0,  -14,  -14,    0,    0,    0,    0,    0,    0,   -3,   -4,    8,    8,    8,    8,    6,   -6,    0,  -14,    0,    0,    0,   -4,    0,    0,    0,  -13,    0,    0,    0,    0,    0,    0,    0,    0,    0,    0,    0,    0,    0,    0,    0,    0,    0,    0,    0,    0,    0,    0,    0,    0,    0,    0,    0,    0,    0,    0,    0,    0,    0,    0,    0,    0,    0,    0,    0,    0,    0,    0,    0,    0,    0,    0,    0,    0,    0,    0,    0,    0,    0,    0,    0,    0,    0,    0,    0,    0,    0,    0,    0,    0,    0,    0,    0,    0,    0,    0,    0,    0,    0,    0,    0,    0,    0,    0,    0,    0,    0,    0,    0,    0,    0,    0,    0,    0,    0,    0,    0,    0,    0,    0,    5,   10,    9,    0,    0,    0,    0,
       0,    0,    0,    0,   -8,  -10,   10,    0,    0,    8,   -6,    0,    0,    0,    0,    0,    0,    0,    0,    0,    0,    0,    0,    0,    0,    0,    0,    0,  -24,  -14,    6,    0,    0,    0,    0,    0,    0,    0,    0,    0,    0,    0,   -4,   -4,    8,   -4,    6,    0,    0,   -6,    8,    0,    0,    6,    0,    0,    0,    0,    0,    0,    0,    0,    0,    0,    0,    0,    0,    0,    0,    0,    0,    0,    0,    0,    0,    0,    0,    0,    0,    0,    0,    0,    0,    0,    0,    0,    0,    0,    0,    0,    0,    0,    0,    0,    0,    0,    0,    0,    0,    0,    0,    0,    0,    0,    0,    0,    0,    0,    0,    0,    0,    0,    0,    0,    0,    0,    0,    0,    0,    0,    0,    0,    0,    0,    0,    0,    0,    0,    0,    0,    0,    0,    0,    0,    0,    0,    0,    0,    0,    0,    0,    0,    0,    0,    0,    0,    0,    0,    0,    0,    0,    0,  -10,  -10,   12,    0,    0,    0,    0,
       0,   -7,    0,    0,   -8,  -10,    0,    0,    0,    0,  -15,    0,    0,    0,    0,    0,    0,    0,    0,    0,    0,    0,    0,    0,    0,    0,    0,    0,  -24,  -14,    0,    0,    0,    0,    0,    0,    0,    0,    0,    0,    0,    0,   -6,   -4,    0,   -6,    0,    0,   -7,    0,    0,    0,    0,    0,    0,    0,    0,    0,    0,    0,    0,    0,    0,    0,    0,    0,    0,    0,    0,    0,    0,    0,    0,    0,    0,    0,    0,    0,    0,    0,    0,    0,    0,    0,    0,    0,    0,    0,    0,    0,    0,    0,    0,    0,    0,    0,    0,    0,    0,    0,    0,    0,    0,    0,    0,    0,    0,    0,    0,    0,    0,    0,    0,    0,    0,    0,    0,    0,    0,    0,    0,    0,    0,    0,    0,    0,    0,    0,    0,    0,    0,    0,    0,    0,    0,    0,    0,    0,    0,    0,    0,    0,    0,    0,    0,    0,    0,    0,    0,    0,    0,    0,  -10,   -6,    5,    0,    0,    0,    0,
       0,   -7,    0,    0,  -10,  -12,  -12,    5,  -11,    0,  -11,    0,    0,    0,    0,    0,    0,    0,    0,    0,    0,    0,    0,    0,    0,    0,    0,    0,  -20,  -14,    0,    0,    0,    0,    0,    0,    0,    0,    0,    0,    0,    0,   -6,   -5,   -7,   -6,   -4,    0,   -9,    4,    0,    0,    0,    0,    0,    0,    0,    0,    0,    0,    0,    0,    0,    0,    0,    0,    0,    0,    0,    0,    0,    0,    0,    0,    0,    0,    0,    0,    0,    0,    0,    0,    0,    0,    0,    0,    0,    0,    0,    0,    0,    0,    0,    0,    0,    0,    0,    0,    0,    0,    0,    0,    0,    0,    0,    0,    0,    0,    0,    0,    0,    0,    0,    0,    0,    0,    0,    0,    0,    0,    0,    0,    0,    0,    0,    0,    0,    0,    0,    0,    0,    0,    0,    0,    0,    0,    0,    0,    0,    0,    0,    0,    0,    0,    0,    0,    0,    0,    0,    0,    0,    0,  -10,  -10,    0,    0,    0,    0,    0,
       0,    0,    0,    0,   -8,  -10,    0,    0,    8,    0,   -9,    0,    0,    0,    0,    0,    0,    0,    0,    0,    0,    0,    0,    0,    0,    0,    0,    0,  -12,  -14,    0,    0,    0,    0,    0,    0,    0,   17,    0,    0,    0,    0,   -6,   -4,    0,   -6,    0,    0,    0,    0,    0,    0,    0,    0,    0,    0,    0,    0,    0,    0,    0,    0,    0,    0,    0,    0,    0,    0,    0,    0,    0,    0,    0,    0,    0,    0,    0,    0,    0,    0,    0,    0,    0,    0,    0,    0,    0,    0,    0,    0,    0,    0,    0,    0,    0,    0,    0,    0,    0,    0,    0,    0,    0,    0,    0,    0,    0,    0,    0,    0,    0,    0,    0,    0,    0,    0,    0,    0,    0,    0,    0,    0,    0,    0,    0,    0,    0,    0,    0,    0,    0,    0,    0,    0,    0,    0,    0,    0,    0,    0,    0,    0,    0,    0,    0,    0,    0,    0,    0,    0,    0,    0,  -10,   -6,    4,    0,    0,    0,    0,
       0,    0,   -8,    0,    0,    7,  -24,    0,  -22,    7,    4,    0,    0,    0,    0,    0,    0,    0,    0,    0,    0,    0,    0,    0,    0,    0,    0,    0,    4,   -4,   -4,    0,   -4,   -4,    0,    0,    0,    0,    0,    0,    0,    0,   12,   12,    8,   12,    4,    0,    0,   -6,    8,    0,    0,   -4,    0,    0,    0,   -6,    0,    0,    0,    0,    0,    0,    0,    0,    0,    0,    0,    0,    0,    0,    0,    0,    0,    0,    0,    0,    0,    0,    0,    0,    0,    0,    0,    0,    0,    0,    0,    0,    0,    0,    0,    0,    0,    0,    0,    0,    0,    0,    0,    0,    0,    0,    0,    0,    0,    0,    0,    0,    0,    0,    0,    0,    0,    0,    0,    0,    0,    0,    0,    0,    0,    0,    0,    0,    0,    0,    0,    0,    0,    0,    0,    0,    0,    0,    0,    0,    0,    0,    0,    0,    0,    0,    0,    0,    0,    0,    0,    0,    0,    0,   11,   19,  -22,    0,    0,    0,    0,
       0,    0,    0,    0,   -5,   -4,    0,    0,   -4,    0,  -14,    0,    0,    0,    0,    0,    0,    0,    0,    0,    0,    0,    0,    0,    0,    0,    0,    0,  -12,  -14,    0,    0,    0,    0,    0,    0,    0,    0,    0,    0,    0,    0,    0,    0,    0,    0,   -3,    0,   -7,    0,    0,    0,    0,    0,    0,    0,    0,    0,    0,    0,    0,    0,    0,    0,    0,    0,    0,    0,    0,    0,    0,    0,    0,    0,    0,    0,    0,    0,    0,    0,    0,    0,    0,    0,    0,    0,    0,    0,    0,    0,    0,    0,    0,    0,    0,    0,    0,    0,    0,    0,    0,    0,    0,    0,    0,    0,    0,    0,    0,    0,    0,    0,    0,    0,    0,    0,    0,    0,    0,    0,    0,    0,    0,    0,    0,    0,    0,    0,    0,    0,    0,    0,    0,    0,    0,    0,    0,    0,    0,    0,    0,    0,    0,    0,    0,    0,    0,    0,    0,    0,    0,    0,    0,    0,    6,    0,    0,    0,    0,
       0,    0,    0,    0,    0,    0,    7,   -4,    0,    4,   -6,    0,    0,    0,    0,    0,    0,    0,    0,    0,    0,    0,    0,    0,    0,    0,    0,    0,   -8,  -13,   -8,    0,   -8,   -8,    0,    0,    0,    0,    0,    0,    0,    0,    4,    4,    7,    4,    0,    0,    0,   -8,    0,    0,    0,   -8,    0,    0,    0,   -4,    0,    0,    0,    0,    0,    0,    0,    0,    0,    0,    0,    0,    0,    0,    0,    0,    0,    0,    0,    0,    0,    0,    0,    0,    0,    0,    0,    0,    0,    0,    0,    0,    0,    0,    0,    0,    0,    0,    0,    0,    0,    0,    0,    0,    0,    0,    0,    0,    0,    0,    0,    0,    0,    0,    0,    0,    0,    0,    0,    0,    0,    0,    0,    0,    0,    0,    0,    0,    0,    0,    0,    0,    0,    0,    0,    0,    0,    0,    0,    0,    0,    0,    0,    0,    0,    0,    0,    0,    0,    0,    0,    0,    0,    0,    6,    0,    9,    0,    0,    0,    0,
       0,    0,    0,    0,   -8,  -10,    0,    0,    0,    0,   -9,    0,    0,    0,    0,    0,    0,    0,    0,    0,    0,    0,    0,    0,    0,    0,    0,    0,  -24,  -12,    0,    0,    0,    0,    0,    0,    0,    0,    0,    0,    0,    0,   -6,   -4,    0,   -6,    0,    0,    0,    0,    0,    0,    0,    0,    0,    0,    0,    0,    0,    0,    0,    0,    0,    0,    0,    0,    0,    0,    0,    0,    0,    0,    0,    0,    0,    0,    0,    0,    0,    0,    0,    0,    0,    0,    0,    0,    0,    0,    0,    0,    0,    0,    0,    0,    0,    0,    0,    0,    0,    0,    0,    0,    0,    0,    0,    0,    0,    0,    0,    0,    0,    0,    0,    0,    0,    0,    0,    0,    0,    0,    0,    0,    0,    0,    0,    0,    0,    0,    0,    0,    0,    0,    0,    0,    0,    0,    0,    0,    0,    0,    0,    0,    0,    0,    0,    0,    0,    0,    0,    0,    0,    0,  -10,   -6,    4,    0,    0,    0,    0,
       0,    0,   -4,    0,    0,    6,  -22,    0,  -16,    6,    0,    0,    0,    0,    0,    0,    0,    0,    0,    0,    0,    0,    0,    0,    0,    0,    0,    0,    0,  -12,   -4,    0,   -6,   -6,    0,    0,    0,    0,    0,    0,    0,    0,    8,    8,   10,    8,    5,    0,    0,    0,    7,    0,    0,   -4,    0,    0,    0,   -8,    0,    0,    0,    0,    0,    0,    0,    0,    0,    0,    0,    0,    0,    0,    0,    0,    0,    0,    0,    0,    0,    0,    0,    0,    0,    0,    0,    0,    0,    0,    0,    0,    0,    0,    0,    0,    0,    0,    0,    0,    0,    0,    0,    0,    0,    0,    0,    0,    0,    0,    0,    0,    0,    0,    0,    0,    0,    0,    0,    0,    0,    0,    0,    0,    0,    0,    0,    0,    0,    0,    0,    0,    0,    0,    0,    0,    0,    0,    0,    0,    0,    0,    0,    0,    0,    0,    0,    0,    0,    0,    0,    0,    0,    0,    8,   16,  -16,    0,    0,    0,    0,
       0,    0,   -4,    0,    0,    7,  -21,    3,  -14,    6,    0,    0,    0,    0,    0,    0,    0,    0,    0,    0,    0,    0,    0,    0,    0,    0,    0,    0,    0,  -11,   -4,    0,   -5,   -5,    0,    0,    0,    0,    0,    0,    0,    0,    8,    8,    8,    8,    6,    0,    0,    0,    8,    0,    0,   -4,    0,    0,    0,   -6,    0,    0,    0,    0,    0,    0,    0,    0,    0,    0,    0,    0,    0,    0,    0,    0,    0,    0,    0,    0,    0,    0,    0,    0,    0,    0,    0,    0,    0,    0,    0,    0,    0,    0,    0,    0,    0,    0,    0,    0,    0,    0,    0,    0,    0,    0,    0,    0,    0,    0,    0,    0,    0,    0,    0,    0,    0,    0,    0,    0,    0,    0,    0,    0,    0,    0,    0,    0,    0,    0,    0,    0,    0,    0,    0,    0,    0,    0,    0,    0,    0,    0,    0,    0,    0,    0,    0,    0,    0,    0,    0,    0,    0,    0,   10,   16,  -11,    0,    0,    0,    0,
       0,    0,   -8,   -5,    0,    5,    8,   -8,    8,    6,    0,   -4,    0,    0,    0,    0,    0,    0,    0,    0,    0,    0,    0,    0,    0,    0,    0,    0,    0,  -12,  -10,    0,  -10,  -10,    0,    0,    0,    0,    0,    0,    0,    0,   10,    8,   13,   10,    8,   -5,    0,  -11,    0,    0,    0,  -10,    0,    0,    0,   -9,    0,    0,    0,    0,    0,    0,    0,    0,    0,    0,    0,    0,    0,    0,    0,    0,    0,    0,    0,    0,    0,    0,    0,    0,    0,    0,    0,    0,    0,    0,    0,    0,    0,    0,    0,    0,    0,    0,    0,    0,    0,    0,    0,    0,    0,    0,    0,    0,    0,    0,    0,    0,    0,    0,    0,    0,    0,    0,    0,    0,    0,    0,    0,    0,    0,    0,    0,    0,    0,    0,    0,    0,    0,    0,    0,    0,    0,    0,    0,    0,    0,    0,    0,    0,    0,    0,    0,    0,    0,    0,    0,    0,    0,    0,    6,   11,    8,    0,    0,    0,    0,
       0,    0,   -4,    0,    0,    6,  -22,    0,  -16,    6,    0,    0,    0,    0,    0,    0,    0,    0,    0,    0,    0,    0,    0,    0,    0,    0,    0,    0,    0,  -12,   -4,    0,   -6,   -6,    0,    0,    0,    0,    0,    0,    0,    0,    8,    8,   10,    8,    5,    0,    0,    0,    7,    0,    0,   -4,    0,    0,    0,   -8,    0,    0,    0,    0,    0,    0,    0,    0,    0,    0,    0,    0,    0,    0,    0,    0,    0,    0,    0,    0,    0,    0,    0,    0,    0,    0,    0,    0,    0,    0,    0,    0,    0,    0,    0,    0,    0,    0,    0,    0,    0,    0,    0,    0,    0,    0,    0,    0,    0,    0,    0,    0,    0,    0,    0,    0,    0,    0,    0,    0,    0,    0,    0,    0,    0,    0,    0,    0,    0,    0,    0,    0,    0,    0,    0,    0,    0,    0,    0,    0,    0,    0,    0,    0,    0,    0,    0,    0,    0,    0,    0,    0,    0,    0,    8,   13,  -16,    0,    0,    0,    0,
       0,    0,    0,    0,    0,    0,   10,    0,    4,    4,   -4,    0,    0,    0,    0,    0,    0,    0,    0,    0,    0,    0,    0,    0,    0,    0,    0,    0,    0,  -11,   -6,    0,   -6,   -6,    0,    0,    0,    0,    0,    0,    0,    0,    8,    8,    9,    8,    0,    0,   -5,   -6,    4,    0,    0,   -6,    0,    0,    0,    0,    0,    0,    0,    0,    0,    0,    0,    0,    0,    0,    0,    0,    0,    0,    0,    0,    0,    0,    0,    0,    0,    0,    0,    0,    0,    0,    0,    0,    0,    0,    0,    0,    0,    0,    0,    0,    0,    0,    0,    0,    0,    0,    0,    0,    0,    0,    0,    0,    0,    0,    0,    0,    0,    0,    0,    0,    0,    0,    0,    0,    0,    0,    0,    0,    0,    0,    0,    0,    0,    0,    0,    0,    0,    0,    0,    0,    0,    0,    0,    0,    0,    0,    0,    0,    0,    0,    0,    0,    0,    0,    0,    0,    0,    0,    6,   10,   11,    0,    0,    0,    0,
       0,    0,    0,    0,    0,    0,    0,    0,    0,    0,    0,    0,    0,    0,   -5,   -6,    0,    0,   -6,    0,    0,    0,    0,    0,    0,    0,    0,    0,    0,    0,    0,    0,    0,    0,    0,    0,    0,    0,    0,    0,    0,    0,    0,    0,    0,    0,    0,    0,   36,    0,    0,    0,    0,    0,    0,    0,    0,    0,    0,    0,    0,    0,    0,    0,    0,    0,    0,    8,   -9,   -6,    0,   -6,    8,    0,    8,   10,    0,    0,   -9,  -11,    8,    0,    0,   -8,   -7,   -6,   -6,   -6,    8,   -8,    0,   -6,    0,   -7,   -8,    0,   -8,   -6,   11,  -11,    0,  -10,   -4,   -6,   -7,   -6,   -7,    8,   -7,   -6,    0,    0,   26,    8,    0,    0,  -12,  -11,   11,    0,    0,    0,    0,    0,   -7,    0,   -7,    0,    5,    0,    0,    0,    0,    0,    0,    0,    0,    0,    0,    0,    0,    0,    0,    0,    0,    0,    0,    0,    0,    0,    0,    0,    0,    0,    0,    0,    0,    0,    0,
       0,    0,    0,    0,    0,    0,    0,    0,    0,    0,    0,    0,    0,    0,    0,    0,   -5,    0,    0,    0,   -7,    0,   -7,    0,   -5,   -6,    0,    0,    0,    0,    0,    0,    0,    0,    0,    0,    0,    0,    0,    0,    0,    0,    0,    0,    0,    0,    0,    0,    0,    0,    0,   -5,    0,    0,    0,    0,    0,    0,    0,    0,    0,    0,    0,    0,    0,    0,    0,   -7,    0,   -6,   -5,   -7,   -8,   -4,   -6,   -5,   -7,    0,    0,    0,   -5,    0,   -8,   -6,    0,    0,    0,    0,   -4,    0,   -5,    0,   -5,    0,    0,    0,    0,    0,    0,    0,    0,    0,    0,    0,    0,    0,    0,    0,    0,    0,    0,    0,    0,    0,    0,    0,    0,    0,   -6,    0,    0,    0,    5,    0,    0,    0,    0,   -9,   -6,    0,    0,    0,    0,    0,    0,    0,    0,    0,    0,    0,    0,    0,    0,    0,    0,    0,    0,    0,    0,    0,    0,    0,    0,    0,    0,    0,    0,    0,    0,
       0,    0,    0,    0,    0,    0,    0,    0,    0,    0,    0,    0,    0,    0,    0,    0,    0,    0,    0,    0,  -25,    0,  -13,   -4,    0,  -20,    0,    0,    0,    0,    0,    0,    0,    0,    0,    0,    0,    0,    0,    0,    0,    0,    0,    0,    0,    0,    0,    0,    0,    0,    0,    0,    0,    0,    0,    0,    0,    0,    0,    0,    0,    0,    0,    0,    0,    0,    0,    0,    0,    0,    0,    0,    0,    0,    0,    0,    0,    0,    0,    0,    0,    0,    0,    0,    0,    0,    0,    0,    0,    0,    0,    0,    0,    0,    0,    0,    0,    0,    0,    0,    0,    0,    0,    0,    0,    0,    0,    0,    0,    0,    0,    0,    0,    0,    0,    0,    0,    0,    0,    0,    0,    0,    0,    0,    0,    0,    0,    0,    0,    0,    0,    0,    0,    0,    0,    0,    0,    0,    0,    0,    0,    0,    0,    0,    0,    0,    0,    0,    0,    0,    0,    0,    0,    0,    0,    0,    0,    0,    0,
       0,    0,    0,    0,    0,    0,    0,    0,    0,    0,    0,    0,    4,    0,    0,    0,    7,    0,    0,    0,  -27,    0,   -4,    0,    0,  -11,    5,    0,    0,    0,    0,    0,    0,    0,    0,    0,    0,    0,    0,    0,    0,    0,    7,    7,    0,    7,    3,    0,    0,    0,    0,    0,    0,    0,    0,    0,    0,    0,    0,    0,    0,    0,    0,    0,    0,    0,    0,  -27,    0,    0,    7,    0,    0,    4,    0,    0,    0,    0,    0,    0,    0,    0,    0,    0,    0,    0,    0,    0,    0,    0,    0,    0,    6,    0,    0,    0,    0,    0,    0,    0,    0,    0,    0,    0,    0,    0,    0,    0,    0,    0,    0,    0,    0,    0,    6,    6,    0,    0,   -8,    4,    0,    6,    4,    0,    0,    0,    0,    0,    0,    0,    0,    0,    0,    0,    0,    0,    0,    0,    0,    0,    0,    0,    0,    0,    0,    0,    0,    0,    0,    0,    0,    0,    0,    0,    0,    0,    0,    0,    0,
       0,    0,    0,    0,    0,    0,    0,    0,    0,    0,    0,    0,   -6,    0,    4,    4,  -12,    0,    4,   -8,  -30,    0,  -16,   -8,  -15,  -32,  -10,    0,    0,    0,    4,    0,    4,    4,    0,    0,    0,    0,    0,    0,    0,    0,    0,    0,  -11,    0,   -7,    0,    0,    0,    0,  -18,    0,    4,    0,    0,    0,    4,    0,    0,    0,    0,    0,    0,    0,    0,    0,  -30,    0,   -8,  -12,   -7,  -13,   -6,   -6,  -18,  -10,    0,    4,    0,  -15,    0,  -12,  -10,    0,    0,    0,    0,   -7,    0,  -11,    0,   -6,    0,    4,    0,    0,    0,    0,    0,  -11,    0,    0,    0,   -5,    0,    0,    0,    0,    0,    0,    0,    0,    0,    0,    0,    0,    0,  -26,    0,    0,    0,    0,   -9,    0,    0,    0,  -12,  -10,    0,    0,    0,    0,    0,    0,    0,    0,    0,    0,    0,    0,    0,    0,    0,    0,    0,    0,    0,    0,    0,    0,    0,    0,    0,    0,    0,    0,    0,    0,
       0,    0,    0,    0,    0,    0,    0,    0,    0,    0,    0,    0,  -17,  -12,  -16,  -16,  -22,   -8,  -16,  -14,  -42,  -13,  -25,  -17,  -25,  -31,  -20,    0,    0,    0,  -16,  -13,  -16,  -16,  -13,  -13,  -13,   28,  -13,  -15,  -14,  -15,   -9,   -9,  -12,    6,  -13,    0,    0,    0,    0,  -29,  -13,  -16,  -13,  -13,  -13,  -17,  -13,  -13,  -13,  -12,    0,    0,    0,    0,    0,    0,    0,    0,    0,    0,    0,    0,    0,    0,    0,    0,    0,    0,    0,    0,    0,    0,    0,    0,    0,    0,    0,    0,    0,    0,    0,    0,    0,    0,    0,    0,    0,    0,    0,    0,    0,    0,    0,    0,    0,    0,    0,    0,    0,    0,    0,    0,    0,    0,    0,    0,    0,    0,    0,    0,    0,    0,    0,    0,    0,    0,    0,    0,    0,    0,    0,    0,    0,    0,    0,    0,    0,    0,    0,    0,    0,    0,    0,    0,    0,    0,    0,    0,    0,    0,    0,    0,    0,    0,    0,    0,    0,
       0,    0,    0,    0,  -10,    0,  -22,    6,  -24,    5,  -11,    0,  -11,    0,    0,    0,  -16,    0,    0,    0,   -8,    0,   -9,   -4,  -14,  -15,   -9,    0,   -8,  -14,   -3,    0,    0,    0,    0,    0,    0,    0,    0,    0,    0,    0,    0,    0,    0,    0,    0,    0,   -8,    6,    0,  -21,    0,   -3,    0,    0,    0,    0,    0,    0,    0,    0,    0,    0,   -8,   -8,    0,    0,    0,    0,    0,    0,    0,    0,    0,    0,    0,    0,    0,    0,    0,    0,    0,    0,    0,    0,    0,    0,    0,    0,    0,    0,    0,    0,    0,    0,    0,    0,    0,    0,    0,    0,    0,    0,    0,    0,    0,    0,    0,    0,    0,    0,    0,    0,    0,    0,    0,    0,    0,    0,    0,    0,    0,    0,    0,    0,    0,    0,    0,    0,    0,    0,    0,    0,    0,    0,    0,    0,    0,    0,    0,    0,    0,    0,    0,    0,    0,    0,    0,    0,    0,    0,    0,    0,    0,    0,    0,    0,    0,
       0,  -15,    0,    0,  -10,  -30,    0,    3,    0,    0,  -18,    0,    0,    0,    0,    0,    0,    0,    0,    0,    0,    0,    0,    0,    0,    0,    0,   -4,  -20,   -9,    0,    0,    0,    0,    0,    0,    0,    0,    0,    0,    0,    0,  -14,  -12,   -4,  -14,    0,    0,   -9,    0,    0,    0,    0,    0,    0,    0,    0,    0,    0,    0,    0,    0,    0,    0,    0,    0,  -10,    0,    0,    0,    0,    0,    0,    0,    0,    0,    0,    0,    0,    0,    0,    0,    0,    0,    0,    0,    0,    0,    0,    0,    0,    0,    0,    0,    0,    0,    0,    0,    0,    0,    0,    0,    0,    0,    0,    0,    0,    0,    0,    0,    0,    0,    0,    0,    0,    0,    0,    0,    0,    0,    0,    0,    0,    0,    0,    0,    0,    0,    0,    0,    0,    0,    0,    0,    0,    0,    0,    0,    0,    0,    0,    0,    0,    0,    0,    0,    0,    0,    0,    0,    0,    0,  -25,  -23,    0,    0,    0,    0,    0,
       0,    0,    0,    0,    6,    0,  -12,    5,  -10,    0,    8,    0,    0,    0,    0,    0,    0,    0,    0,    0,    0,    0,    0,    0,    0,    0,    0,    0,    8,    9,    0,    0,    0,    0,    0,    0,    0,    0,    0,    0,    0,    0,    0,    0,    0,    0,    0,    0,    4,    5,    0,    0,    0,    0,    0,    0,    0,    0,    0,    0,    0,    0,    0,    0,    0,    0,    0,    0,    0,    0,    0,    0,    0,    0,    0,    0,    0,    0,    0,    0,    0,    0,    0,    0,    0,    0,    0,    0,    0,    0,    0,    0,    0,    0,    0,    0,    0,    0,    0,    0,    0,    0,    0,    0,    0,    0,    0,    0,    0,    0,    0,    0,    0,    0,    0,    0,    0,    0,    0,    0,    0,    0,    0,    0,    0,    0,    0,    0,    0,    0,    0,    0,    0,    0,    0,    0,    0,    0,    0,    0,    0,    0,    0,    0,    0,    0,    0,    0,    0,    0,    0,    0,    5,    8,    0,    0,    0,    0,    0,
       0,  -10,    0,    0,   -8,   -6,    0,    0,   -8,    0,  -10,    0,    0,    0,    0,    0,    0,    0,    0,    0,    0,    0,    0,    0,    0,    0,    0,    0,    0,  -12,    0,    0,    0,    0,    0,    0,    0,    0,    0,    0,    0,    0,   -4,    0,   -5,   -4,    0,    0,   -8,    0,    0,    0,    0,    0,    0,    0,    0,    0,    0,    0,    0,    0,    0,    0,    0,    0,    0,    0,    0,    0,    0,    0,    0,    0,    0,    0,    0,    0,    0,    0,    0,    0,    0,    0,    0,    0,    0,    0,    0,    0,    0,    0,    0,    0,    0,    0,    0,    0,    0,    0,    0,    0,    0,    0,    0,    0,    0,    0,    0,    0,    0,    0,    0,    0,    0,    0,    0,    0,    0,    0,    0,    0,    0,    0,    0,    0,    0,    0,    0,    0,    0,    0,    0,    0,    0,    0,    0,    0,    0,    0,    0,    0,    0,    0,    0,    0,    0,    0,    0,    0,    0,    0,   -8,   -6,    0,    0,    0,    0,    0,
       0,   10,    0,    0,   24,    0,  -10,   -8,    0,    0,   14,    0,    0,    0,    0,    0,    0,    0,    0,    0,    0,    0,    0,    0,    0,    0,    0,    0,   36,   28,   -8,    7,  -16,  -16,    0,   11,    7,    7,   -8,  -12,    3,   -6,   13,   13,   12,   16,   10,    0,   28,    0,    0,    0,    0,   -4,   26,   36,   54,    0,   48,   42,   45,    0,    0,    0,    0,    0,    0,    0,    0,    0,    0,    0,    0,    0,    0,    0,    0,    0,    0,    0,    0,    0,    0,    0,    0,    0,    0,    0,    0,    0,    0,    0,    0,    0,    0,    0,    0,    0,    0,    0,    0,    0,    0,    0,    0,    0,    0,    0,    0,    0,    0,    0,    0,    0,    0,    0,    0,    0,    0,    0,    0,    0,    0,    0,    0,    0,    0,    0,    0,    0,    0,    0,    0,    0,    0,    0,    0,    0,    0,    0,    0,    0,    0,    0,    0,    0,    0,    0,    0,    0,    0,    0,    8,   10,    0,    0,    0,    0,    0,
       0,    0,    0,    0,    0,    0,    0,    0,    0,    0,    0,    0,    0,    0,    0,    0,    0,    0,    0,    0,    0,    0,    0,    0,    0,    0,    0,    0,    0,    0,    0,    0,    0,    0,    0,    0,    0,    7,    0,    0,    0,    0,    0,    0,    0,    0,    0,    0,    0,    0,    0,    0,    0,    0,    0,    0,    0,    0,    0,    0,    0,    0,    0,    0,    0,    0,    0,    0,    0,    0,    0,    0,    0,    0,    0,    0,    0,    0,    0,    0,    0,    0,    0,    0,    0,    0,    0,    0,    0,    0,    0,    0,    0,    0,    0,    0,    0,    0,    0,    0,    0,    0,    0,    0,    0,    0,    0,    0,    0,    0,    0,    0,    0,    0,    0,    0,    0,    0,    0,    0,    0,    0,    0,    0,    0,    0,    0,    0,    0,    0,    0,    0,    0,    0,    0,    0,    0,    0,    0,    0,    0,    0,    0,    0,    0,    0,    0,    0,    0,    0,    0,    0,    0,    0,    0,    0,    0,    0,    0,
       0,  -10,    0,    0,    0,   -6,    0,    0,    0,    0,   -7,    0,    0,    0,    0,    0,    0,    0,    0,    0,    0,    0,    0,    0,    0,    0,    0,    0,    0,    0,    0,    0,    0,    0,    0,    0,    0,    0,    0,    0,    0,    0,    0,    0,    0,    0,    0,    0,    0,    0,    0,    0,    0,    0,    0,    0,    0,    0,    0,    0,    0,    0,    0,    0,    0,    0,    0,    0,    0,    0,    0,    0,    0,    0,    0,    0,    0,    0,    0,    0,    0,    0,    0,    0,    0,    0,    0,    0,    0,    0,    0,    0,    0,    0,    0,    0,    0,    0,    0,    0,    0,    0,    0,    0,    0,    0,    0,    0,    0,    0,    0,    0,    0,    0,    0,    0,    0,    0,    0,    0,    0,    0,    0,    0,    0,    0,    0,    0,    0,    0,    0,    0,    0,    0,    0,    0,    0,    0,    0,    0,    0,    0,    0,    0,    0,    0,    0,    0,    0,    0,    0,    0,   -8,   -8,    0,    0,    0,    0,    0,
       0,    0,    0,    0,    0,    0,    0,    0,    0,    0,    0,    0,   -8,    0,    0,    0,   -7,    0,    0,    0,    0,    0,    0,    0,    0,    0,    0,    0,    0,    0,    0,    0,    0,    0,    0,    0,    0,    0,    0,    0,    0,    0,    0,    0,    0,    0,    0,    0,    0,    0,    0,  -14,    0,    0,    0,    0,    0,    0,    0,    0,    0,    0,    0,    0,    0,    0,    0,    0,    0,    0,    0,    0,    0,    0,    0,    0,    0,    0,    0,    0,    0,    0,    0,    0,    0,    0,    0,    0,    0,    0,    0,    0,    0,    0,    0,    0,    0,    0,    0,    0,    0,    0,    0,    0,    0,    0,    0,    0,    0,    0,    0,    0,    0,    0,    0,    0,    0,    0,    0,    0,    0,    0,    0,    0,    0,    0,    0,    0,    0,    0,    0,    0,    0,    0,    0,    0,    0,    0,    0,    0,    0,    0,    0,    0,    0,    0,    0,    0,    0,    0,    0,    0,    0,    0,    0,    0,    0,    0,    0,
       0,    0,    0,    0,    0,    0,    0,    0,    0,    0,    0,    0,    0,    0,    0,    0,    0,    0,    0,    0,    0,    0,    0,    0,    0,    0,    0,    0,    0,    0,    0,    0,    0,    0,    0,    0,    0,    0,    0,    0,    0,    0,   -8,   -7,   -7,   -8,    0,    0,    0,    0,    0,    0,    0,    0,    0,    0,    0,    0,    0,    0,    0,    0,    0,    0,    0,    0,   -9,    0,    0,    0,    0,    0,    0,    0,    0,    0,    0,    0,    0,    0,    0,    0,    0,    0,    0,    0,    0,    0,    0,    0,    0,    0,    0,    0,    0,    0,    0,    0,    0,    0,    0,    0,    0,    0,    0,    0,    0,    0,    0,    0,    0,    0,    0,    0,    0,    0,    0,    0,    0,    0,    0,    0,    0,    0,    0,    0,    0,    0,    0,    0,    0,    0,    0,    0,    0,    0,    0,    0,    0,    0,    0,    0,    0,    0,    0,    0,    0,    0,    0,    0,    0,    0,    0,    0,    0,    0,    0,    0,    0,
       0,    0,    0,    0,    0,    0,    0,    0,    0,    0,    0,    0,    0,    0,    0,    0,    0,    0,    0,    0,    0,    0,    0,    0,    0,    0,    0,    0,    0,    0,    0,    0,    0,    0,    0,    0,    0,   13,    0,    0,    0,    0,    0,    0,    0,    0,    0,    0,    0,    0,    0,    0,    0,    0,    0,    0,    0,    0,    0,    0,    0,    0,    0,    0,    0,    0,    0,    0,    0,    0,    0,    0,    0,    0,    0,    0,    0,    0,    0,    0,    0,    0,    0,    0,    0,    0,    0,    0,    0,    0,    0,    0,    0,    0,    0,    0,    0,    0,    0,    0,    0,    0,    0,    0,    0,    0,    0,    0,    0,    0,    0,    0,    0,    0,    0,    0,    0,    0,    0,    0,    0,    0,    0,    0,    0,    0,    0,    0,    0,    0,    0,    0,    0,    0,    0,    0,    0,    0,    0,    0,    0,    0,    0,    0,    0,    0,    0,    0,    0,    0,    0,    0,    0,    0,    0,    0,    0,    0,    0,
       0,    0,    0,    0,    0,    0,    0,    0,    0,    0,    0,    0,  -13,    0,    0,    0,  -18,    0,    0,    0,    0,    0,    0,    0,  -10,   -5,    0,    0,    0,    0,   -6,    0,    0,    0,    0,    0,    0,    0,    0,    0,    0,    0,    0,    0,    0,    0,    0,    0,    0,    0,    0,  -23,    0,   -6,    0,    0,    0,    0,    0,    0,    0,    0,    0,    0,    0,    0,    0,    0,    0,    0,    0,    0,    0,    0,    0,    0,    0,    0,    0,    0,    0,    0,    0,    0,    0,    0,    0,    0,    0,    0,    0,    0,    0,    0,    0,    0,    0,    0,    0,    0,    0,    0,    0,    0,    0,    0,    0,    0,    0,    0,    0,    0,    0,    0,    0,    0,    0,    0,    0,    0,    0,    0,    0,    0,    0,    0,    0,    0,    0,    0,    0,    0,    0,    0,    0,    0,    0,    0,    0,    0,    0,    0,    0,    0,    0,    0,    0,    0,    0,    0,    0,    0,    0,    0,    0,    0,    0,    0,    0,
       0,    0,    0,    0,    0,    0,    0,    0,    0,    0,    0,    0,    0,    0,    0,    0,    0,    0,    0,    0,    0,    0,   -7,    0,    0,   -9,    0,    0,    0,    0,    0,    0,    0,    0,    0,    0,    0,    0,    0,    0,    0,    0,    0,    0,    0,    0,    0,    0,    0,    0,    0,    0,    0,    0,    0,    0,    0,    0,    0,    0,    0,   -4,    0,    0,    0,    0,    0,    0,    0,    0,    0,    0,    0,    0,    0,    0,    0,    0,    0,    0,    0,    0,    0,    0,    0,    0,    0,    0,    0,    0,    0,    0,    0,    0,    0,    0,    0,    0,    0,    0,    0,    0,    0,    0,    0,    0,    0,    0,    0,    0,    0,    0,    0,    0,    0,    0,    0,    0,    0,    0,    0,    0,    0,    0,    0,    0,    0,    0,    0,    0,    0,    0,    0,    0,    0,    0,    0,    0,    0,    0,    0,    0,    0,    0,    0,    0,    0,    0,    0,    0,    0,    0,    0,    0,    0,    0,    0,    0,    0,
       0,    0,    0,    0,    0,    0,    0,    0,    0,    0,    0,    0,    0,    0,    0,    0,    0,    0,    0,    0,    0,    0,    0,    0,    0,    0,    0,    0,    0,    0,    0,    0,    0,    0,    0,    0,    0,    0,    0,    0,    0,    0,    0,    0,    0,    0,    0,    0,    0,    0,    0,    0,    0,    0,    0,    0,    0,    0,    0,    0,    0,    0,    0,    0,    0,    0,    0,    0,    0,    0,   10,    0,    0,    0,    0,    5,    0,    0,   -7,   -7,    8,    0,    0,    0,    0,    0,    0,    0,    0,    0,    0,    0,    0,    0,   -5,    0,    0,    0,    0,    0,    8,   -5,    0,    0,    0,    0,    0,    0,    0,    0,    0,    0,    0,    0,    0,    0,    0,    0,    0,    0,    0,    0,    0,   11,    0,    0,    0,    0,  -10,    0,    0,    0,    0,    0,    0,    0,    0,    0,    0,    0,    0,    0,    0,    0,    0,    0,    0,    0,    0,    0,    0,    0,    0,    0,    0,    0,    0,    0,    0,
       0,   -6,    0,    0,   -4,  -11,    0,    9,   -7,    0,   -6,    0,    0,    0,    0,    0,    0,    0,    0,    0,    0,    0,    0,    0,    0,    0,    0,   -4,    0,    0,    0,    0,    0,    0,    0,    0,    0,    0,    0,    0,    0,    0,    0,    0,    0,    0,    0,    0,    0,    0,    0,    0,    0,    0,    0,    0,    0,    0,    0,    0,    0,    0,    0,    0,    0,    0,    0,   -6,    0,   -6,    0,    0,   -4,    0,    0,    0,    0,    0,    0,    0,   -6,   -6,   -5,   -9,    0,    0,    0,    0,    0,    0,   -7,    0,    0,    0,    0,    0,    0,   -6,   -6,    0,   -6,    0,    0,   -6,    0,    0,    0,    0,    0,    0,    0,    0,    0,    0,   -6,    0,    0,    0,    0,   -6,    0,   -5,    0,    0,    0,    0,    0,    0,  -14,    0,    0,    0,    0,    0,    0,    0,    0,    0,    0,    0,    0,    0,    0,    0,    0,    0,    0,    0,    0,    0,    0,    0,    0,    0,    0,    0,    0,    0,    0,
       0,    0,    0,   -7,   10,    0,  -32,  -22,  -39,  -24,   10,  -14,    0,    0,    0,    0,    0,    0,    0,    0,    0,    0,    0,    0,    0,    0,    0,   -5,    0,   12,    0,    0,    0,    0,    0,    0,    0,    0,    0,    0,    0,    0,    0,    0,    0,    0,    0,  -11,    0,  -30,  -26,    0,    0,    0,    0,    0,    0,    0,    0,    0,    0,    0,    0,    0,    0,    0,    0,   10,   -7,    0,  -33,  -31,    0,  -33,  -29,    0,    0,   -4,   -9,  -10,   10,    0,    0,   -6,  -30,   -4,  -20,  -20,  -25,  -24,    0,   -4,  -26,  -26,  -30,  -20,  -25,    0,    0,  -28,  -30,  -20,  -20,    0,  -26,  -20,  -21,    0,  -22,  -29,    0,   15,    0,    0,    0,    0,   -7,  -25,    5,    0,    0,    0,  -34,  -43,  -30,   -6,  -24,    0,  -19,    0,    0,    0,    0,    0,    0,    0,    0,    0,    0,    0,    0,    0,    0,    0,    0,    0,    0,    0,    0,    0,    0,    0,   11,    8,    0,    0,    0,    0,    0,
       0,    0,    0,   -5,    6,   -4,    9,   -4,    5,    8,    6,    0,    0,    0,    0,    0,    0,    0,    0,    0,    0,    0,    0,    0,    0,    0,    0,    0,    0,   10,    0,    0,    0,    0,    0,    0,    0,    0,    0,    0,    0,    0,    0,    0,    0,    0,    0,   -6,    6,  -10,    6,    0,    0,    0,    0,    0,    0,    0,    0,    0,    0,    0,    0,    0,    0,    0,    0,    8,   -7,    7,   12,    4,    0,   11,    6,    6,    5,    0,  -10,  -11,   10,    0,    0,    0,    4,    0,    0,    0,    6,    0,    5,    0,    6,    0,   -5,    0,    0,    0,    0,    0,   10,    0,    0,    0,    0,    0,    0,    4,    0,    2,    0,    0,    0,    4,    0,    0,   -7,    0,    4,    0,    0,    0,   -8,   11,    0,   -4,    0,    0,   -6,    0,    0,    0,    0,    0,    0,    0,    0,    0,    0,    0,    0,    0,    0,    0,    0,    0,    0,    0,    0,    0,    0,    0,    8,   14,    0,    0,    0,    0,    0,
       0,   -5,    0,   -4,   -3,  -14,    4,   11,   -6,    0,   -4,    0,    0,    0,    0,    0,    0,    0,    0,    0,    0,    0,    0,    0,    0,    0,    0,   -6,    0,    0,    0,    0,    0,    0,    0,    0,    0,    0,    0,    0,    0,    0,    0,    0,    0,    0,    0,    0,    0,    6,    0,    0,    0,    0,    0,    0,    0,    0,    0,    0,    0,    0,    0,    0,    0,    0,    0,   -8,    0,    0,    0,    0,    0,    0,    0,    0,    0,    0,    0,    0,    0,   -4,   -4,   -9,    5,    0,    0,    0,    0,    0,    0,    0,    0,    0,    0,    0,    0,  -11,   -9,    0,   -4,    0,    0,  -10,    0,    0,    0,    0,    0,    0,    0,    0,    0,    0,   -7,    0,    0,    0,    0,   -9,    0,   -7,    0,    0,    0,    0,    0,    0,  -17,    0,    0,    0,    0,    0,    0,    0,    0,    0,    0,    0,    0,    0,    0,    0,    0,    0,    0,    0,    0,    0,    0,    0,   -8,    0,    0,    0,    0,    0,    0,
       0,    0,    0,    0,    0,    0,    0,    0,  -12,    0,    0,    0,    0,    0,    0,    0,    0,    0,    0,    0,    0,    0,    0,    0,    0,    0,    0,    0,    0,    0,    0,    0,    0,    0,    0,    0,    0,    0,    0,    0,    0,    0,    0,    0,    0,    0,    0,    0,    0,    0,    4,    0,    0,    0,    0,    0,    0,    0,    0,    0,    0,    0,    0,    0,    0,    0,    0,    0,    0,    0,   -5,    0,    0,   -8,    0,    0,    0,    0,    0,    0,    0,    0,    0,    0,    0,    0,    0,    0,    0,    0,    0,    0,    0,    0,    0,    0,    0,    0,    0,    0,    0,    0,    0,    0,    0,    0,    0,    0,    0,    0,    0,    0,    0,    0,    0,    0,    0,    0,    0,    0,    0,    0,    0,    0,    0,    0,    0,    0,    0,    0,    0,    0,    0,    0,    0,    0,    0,    0,    0,    0,    0,    0,    0,    0,    0,    0,    0,    0,    0,    0,    0,    0,    6,    6,    0,    0,    0,    0,    0,
       0,  -24,    0,    0,  -13,  -10,    0,    9,   -7,    0,  -14,    0,    0,    0,    0,    0,    0,    0,    0,    0,    0,    0,    0,    0,    0,    0,    0,   -6,    0,  -15,    0,    0,    0,    0,    0,    0,    0,    0,    0,    0,    0,    0,    0,    0,    0,    0,    0,    0,  -11,    0,    0,    0,    0,    0,    0,    0,    0,    0,    0,    0,    0,    0,    0,    0,    0,    0,    0,  -26,    0,   -6,    0,    0,   -4,    0,    0,   -7,    0,    0,    0,    0,   -6,   -4,   -5,  -10,    0,    0,    0,    0,    0,    0,   -8,    0,    0,    0,    0,    0,    0,   -4,   -5,    0,   -6,    0,    0,   -4,    0,    0,    0,    0,    0,    0,    0,    0,    0,    0,   -6,    0,    0,    0,  -29,   -5,    0,    0,    0,    0,    0,    0,    0,    0,  -12,    0,    0,    0,    0,    0,    0,    0,    0,    0,    0,    0,    0,    0,    0,    0,    0,    0,    0,    0,    0,    0,    0,    0,  -24,  -20,    0,    0,    0,    0,    0,
       0,  -16,    0,    0,    0,  -10,    8,    9,    0,    0,   -7,    0,    0,    0,    0,    0,    0,    0,    0,    0,    0,    0,    0,    0,    0,    0,    0,    0,    0,  -12,    0,    0,    0,    0,    0,    0,    0,    0,    0,    0,    0,    0,    0,    0,    0,    0,    0,    0,   -9,    0,    0,    0,    0,    0,    0,    0,    0,    0,    0,    0,    0,    0,    0,    0,    0,    0,    0,  -18,    0,    0,    0,    0,    0,    0,    0,    0,    0,    0,    0,    0,    0,   -5,    0,    0,    0,    0,    0,    0,    0,    0,    0,    0,    0,    0,    0,    0,    0,   -6,    0,    0,    0,    0,    0,    0,    0,    0,    0,    0,    0,    0,    0,    0,    0,    0,   -6,    0,    0,    0,  -14,   -5,    0,   -5,    0,   10,    0,    0,    0,    0,  -12,    0,    0,    0,    0,    0,    0,    0,    0,    0,    0,    0,    0,    0,    0,    0,    0,    0,    0,    0,    0,    0,    0,    0,  -13,  -13,    0,    0,    0,    0,    0,
       0,    0,    0,   -8,   10,  -16,   12,  -20,    9,    4,    0,   -6,    0,    0,    0,    0,    0,    0,    0,    0,    0,    0,    0,    0,    0,    0,    0,    0,    0,   11,    0,    0,    0,    0,    0,    0,    0,    0,    0,    0,    0,    0,    0,    0,    0,    0,    0,   -6,    7,  -20,    0,    0,    0,    0,    0,    0,    0,    0,    0,    0,    0,    0,    0,    0,    0,    0,    0,    9,  -14,    0,    8,    5,    5,   10,    8,   10,    0,    0,  -22,  -21,   14,    0,    0,    0,   -4,   -8,    0,    0,    8,   -8,   10,    0,    7,    0,  -16,    0,   -8,  -16,  -14,  -11,   14,  -20,    0,  -10,    6,    0,    6,    5,   -7,    4,    0,    0,    0,    5,   -7,    0,  -16,   -8,    8,  -16,    0,  -10,  -21,   15,    0,   -7,   -6,    0,  -23,    0,    0,    0,    0,    0,    0,    0,    0,    0,    0,    0,    0,    0,    0,    0,    0,    0,    0,    0,    0,    0,    0,    0,    0,    0,    0,    0,    0,    0,    0,
       0,    4,    0,  -12,   13,    0,  -32,  -12,  -38,   -5,   11,  -12,    0,    0,    0,    0,    0,    0,    0,    0,    0,    0,    0,    0,    0,    0,    0,    0,    0,   15,    0,    0,    0,    0,    0,    0,    0,    0,    0,    0,    0,    0,    0,    0,    0,    0,    0,   -7,   10,  -16,    0,    0,    0,    0,    0,    0,    0,    0,    0,    0,    0,    0,    0,    0,    0,    0,    0,   13,   -8,    0,  -35,  -26,    8,  -26,  -24,   10,    0,   -4,  -10,   -9,   13,    0,    0,   -8,  -16,   -6,   -7,   -7,  -22,  -15,    0,    0,  -23,  -12,  -22,   -7,  -15,    0,    0,  -16,    0,    0,   -7,    0,    0,   -6,  -12,    8,  -13,  -15,    0,   21,    0,    8,    0,    0,   -8,  -15,   11,    0,    0,    0,    0,  -32,   -9,    0,   -8,    0,    0,    0,    0,    0,    0,    0,    0,    0,    0,    0,    0,    0,    0,    0,    0,    0,    0,    0,    0,    0,    0,    0,    0,    0,   11,   15,    0,    0,    0,    0,    0,
       0,  -23,    0,   -7,    0,  -32,   12,    0,   10,    8,  -13,    0,    0,    0,    0,    0,    0,    0,    0,    0,    0,    0,    0,    0,    0,    0,    0,    0,    0,  -10,    0,    0,    0,    0,    0,    0,    0,    0,    0,    0,    0,    0,    0,    0,    0,    0,    0,   -4,    0,   -6,    5,    0,    0,    0,    0,    0,    0,    0,    0,    0,    0,    0,    0,    0,    0,    0,    0,  -33,   -8,    8,   13,    5,    0,   15,    8,   10,    5,    0,  -10,  -11,   15,  -17,    0,    0,    0,    0,    0,    0,    8,    0,   10,    0,    7,    0,   -4,    0,    0,  -11,   -8,    0,   10,  -10,    0,   -8,    6,    0,    6,    0,    0,    4,    0,    0,    0,    0,   -7,    0,   -8,    0,  -28,   -9,    0,  -14,   -7,   15,    0,   -7,    0,    0,  -17,    0,    0,    0,    0,    0,    0,    0,    0,    0,    0,    0,    0,    0,    0,    0,    0,    0,    0,    0,    0,    0,    0,    0,  -30,  -26,    0,    0,    0,    0,    0,
       0,    0,    0,    0,   -5,   -5,    0,    4,  -12,    4,   -8,    0,    0,    0,    0,    0,    0,    0,    0,    0,    0,    0,    0,    0,    0,    0,    0,    0,    0,   -9,    0,    0,    0,    0,    0,    0,    0,    0,    0,    0,    0,    0,    0,    0,    0,    0,    0,    0,   -7,    4,    4,    0,    0,    0,    0,    0,    0,    0,    0,    0,    0,    0,    0,    0,    0,    0,    0,   -7,    0,   -4,    0,    0,    0,   -4,    0,   -5,    0,    0,    0,    0,   -9,    0,   -4,   -7,    0,    0,    0,    0,    0,    0,    0,    0,    0,    0,    0,    0,    0,    0,    0,    0,   -3,    0,    0,    0,    0,    0,    0,    0,    0,    0,    0,    0,    0,    0,    0,    0,    0,    0,   -8,    0,    0,    0,    0,    0,    0,    0,    0,    0,    0,    0,    0,    0,    0,    0,    0,    0,    0,    0,    0,    0,    0,    0,    0,    0,    0,    0,    0,    0,    0,    0,    0,    0,    0,    0,    0,    0,    0,    0,    0,
       0,   -7,    0,    0,    9,  -14,   11,    0,   14,    0,   -5,    0,    0,    0,    0,    0,    0,    0,    0,    0,    0,    0,    0,    0,    0,    0,    0,    0,    0,    8,    0,    0,    0,    0,    0,    0,    0,    0,    0,    0,    0,    0,    0,    0,    0,    0,    0,   -6,    8,   -6,    0,    0,    0,    0,    0,    0,    0,    0,    0,    0,    0,    0,    0,    0,    0,    0,    0,  -11,    0,    0,    8,    6,    0,    8,    6,    8,    5,    0,    0,  -12,    8,  -12,    0,    0,    0,    0,    0,    0,    6,    0,    8,    0,    8,    0,    0,    0,    0,    0,    9,    0,    8,   -8,    0,    0,    0,    0,    0,    0,    0,    0,    0,    0,   24,    0,    0,    0,    0,    0,   -8,    0,    0,   -9,    0,   14,    0,    0,    0,    0,    0,    0,    0,    0,    0,    0,    0,    0,    0,    0,    0,    0,    0,    0,    0,    0,    0,    0,    0,    0,    0,    0,    0,    0,   -5,   -5,    0,    0,    0,    0,    0,
       0,    0,    0,   -8,   10,  -16,   12,  -20,    9,    4,    4,   -6,    0,    0,    0,    0,    0,    0,    0,    0,    0,    0,    0,    0,    0,    0,    0,    0,    0,   11,    0,    0,    0,    0,    0,    0,    0,    0,    0,    0,    0,    0,    0,    0,    0,    0,    0,   -5,    9,  -20,    0,    0,    0,    0,    0,    0,    0,    0,    0,    0,    0,    0,    0,    0,    0,    0,    0,    9,  -14,    0,    8,    5,    7,   10,    8,   10,    0,    0,  -22,  -18,   14,    0,    0,    0,   -4,   -8,    0,    0,    8,   -7,   10,    0,    7,    0,  -16,    0,   -7,  -11,   -9,  -10,   14,  -15,    0,  -10,    0,    0,    0,    7,   -6,    4,    0,    0,    0,    7,   -7,    0,  -14,   -7,   10,  -10,    0,   -5,  -17,   15,    0,   -4,   -6,    0,  -18,    0,    0,    0,    0,    0,    0,    0,    0,    0,    0,    0,    0,    0,    0,    0,    0,    0,    0,    0,    0,    0,    0,    0,    0,    0,    0,    0,    0,    0,    0,
       0,    0,    0,    0,   -5,   -5,    0,    4,  -12,    4,   -8,    0,    0,    0,    0,    0,    0,    0,    0,    0,    0,    0,    0,    0,    0,    0,    0,    0,    0,   -9,    0,    0,    0,    0,    0,    0,    0,    0,    0,    0,    0,    0,    0,    0,    0,    0,    0,    0,   -7,    4,    4,    0,    0,    0,    0,    0,    0,    0,    0,    0,    0,    0,    0,    0,    0,    0,    0,   -7,    0,   -4,    0,    0,    0,   -4,    0,   -4,    0,    0,    0,    0,   -9,    0,    0,   -6,    0,    0,    0,    0,    0,    0,    0,    0,    0,    0,    0,    0,    0,    0,    0,    0,   -3,    0,    0,    0,    0,    0,    0,    0,    0,    0,    0,    0,    0,    0,    0,    0,    0,    0,   -7,    0,    0,    0,    0,    0,    0,    0,    0,    0,    0,    0,    0,    0,    0,    0,    0,    0,    0,    0,    0,    0,    0,    0,    0,    0,    0,    0,    0,    0,    0,    0,    0,    0,    0,    0,    0,    0,    0,    0,    0,
       0,    0,    0,   -4,   -6,   -4,    0,    0,    0,    0,   -6,    0,    0,    0,    0,    0,    0,    0,    0,    0,    0,    0,    0,    0,    0,    0,    0,   -4,    0,   -5,    0,    0,    0,    0,    0,    0,    0,    0,    0,    0,    0,    0,    0,    0,    0,    0,    0,    0,   -5,    0,    0,    0,    0,    0,    0,    0,    0,    0,    0,    0,    0,    0,    0,    0,    0,    0,    0,   -4,    0,    0,    0,    0,    0,    0,    0,    0,    0,    0,    0,    0,    0,    0,    0,    0,    0,    0,    0,    0,    0,    0,    0,    0,    0,    0,    0,    0,    0,    0,    0,   -5,    0,   -5,    0,    0,    0,    0,    0,    0,    0,    0,    0,    0,    0,    0,    0,    0,    0,    0,   -5,    0,    0,    0,    0,    0,    0,    0,    0,    0,    0,    0,    0,    0,    0,    0,    0,    0,    0,    0,    0,    0,    0,    0,    0,    0,    0,    0,    0,    0,    0,    0,    0,    0,   -8,   -6,    0,    0,    0,    0,    0,
       0,    0,    0,    0,   -8,    0,  -16,    8,  -21,    0,   -8,    0,    0,    0,    0,    0,    0,    0,    0,    0,    0,    0,    0,    0,    0,    0,    0,   -4,    0,   -8,    0,    0,    0,    0,    0,    0,    0,    0,    0,    0,    0,    0,    0,    0,    0,    0,    0,    0,  -10,    4,    0,    0,    0,    0,    0,    0,    0,    0,    0,    0,    0,    0,    0,    0,    0,    0,    0,   -9,    0,    0,   -9,    0,  -10,  -10,    0,  -14,   -8,    0,    0,    0,  -15,    0,  -11,   -6,    0,    0,    0,    0,    0,    0,    0,    0,    0,    0,    0,    0,    0,    0,    0,    0,    0,    0,    0,    0,    0,    0,    0,    0,    0,    0,    0,    0,    0,    0,    0,    0,    0,    0,  -12,    0,    0,    0,    0,   -9,    0,    0,    0,  -10,    0,    0,    0,    0,    0,    0,    0,    0,    0,    0,    0,    0,    0,    0,    0,    0,    0,    0,    0,    0,    0,    0,    0,    0,    0,    4,    0,    0,    0,    0,    0,
       0,    0,    0,    0,   -3,    0,  -42,    0,  -32,    5,    0,    0,    0,    0,    0,    0,    0,    0,    0,    0,    0,    0,    0,    0,    0,    0,    0,   -6,    0,   -5,    0,    0,    0,    0,    0,    0,    0,    0,    0,    0,    0,    0,    0,    0,    0,    0,    0,    0,   -4,   -4,    5,    0,    0,    0,    0,    0,    0,    0,    0,    0,    0,    0,    0,    0,    0,    0,    0,    5,    0,    0,  -36,  -24,    0,  -27,  -22,   -6,   -5,    0,    0,    0,   -9,    0,   -4,    0,   -8,    0,    0,    0,  -17,    0,    0,    0,  -17,   -4,   -6,    0,    0,    0,    4,    0,    5,    0,    0,    0,    0,    0,    0,    0,    0,    0,    0,    0,    0,    0,    0,    5,    0,    0,    0,    4,    0,    5,    0,  -24,    0,    0,    0,    0,    0,    0,    0,    0,    0,    0,    0,    0,    0,    0,    0,    0,    0,    0,    0,    0,    0,    0,    0,    0,    0,    0,    0,    0,   12,   12,    0,    0,    0,    0,    0,
       0,    7,    0,   -7,   10,    0,  -32,  -22,  -39,  -24,   10,  -14,    0,    0,    0,    0,    0,    0,    0,    0,    0,    0,    0,    0,    0,    0,    0,    0,    0,   12,    0,    0,    0,    0,    0,    0,    0,    0,    0,    0,    0,    0,    0,    0,    0,    0,    0,   -7,    8,  -30,  -26,    0,    0,    0,    0,    0,    0,    0,    0,    0,    0,    0,    0,    0,    0,    0,    0,   10,    0,    0,  -33,  -26,    6,  -33,  -25,    8,    0,   -4,   -9,   -4,   10,    0,    0,    0,  -30,    0,    0,    0,  -18,  -19,    0,    0,  -19,   -8,  -30,    0,  -20,    0,    0,  -22,  -30,    0,    0,    0,    0,    0,  -14,    6,  -17,  -29,    0,   19,    0,    6,    0,    0,    0,  -19,    9,    0,    0,    7,    0,  -20,   -5,    0,   -6,    0,    0,    0,    0,    0,    0,    0,    0,    0,    0,    0,    0,    0,    0,    0,    0,    0,    0,    0,    0,    0,    0,    0,    0,    0,   11,    8,    0,    0,    0,    0,    0,
       0,   -5,    0,    0,  -13,    0,  -16,    7,  -16,    0,  -10,    0,    0,    0,    0,    0,    0,    0,    0,    0,    0,    0,    0,    0,    0,    0,    0,   -6,    0,  -15,    0,    0,    0,    0,    0,    0,    0,    0,    0,    0,    0,    0,    0,    0,    0,    0,    0,    0,  -10,    0,    0,    0,    0,    0,    0,    0,    0,    0,    0,    0,    0,    0,    0,    0,    0,    0,    0,   -4,    0,    0,  -14,  -13,  -13,  -11,  -12,  -17,  -11,    0,    0,    0,  -16,    0,  -14,   -5,    0,    0,    0,    0,  -10,    0,    0,    0,  -11,   -4,    0,    0,    0,    0,    0,    0,    0,    0,    0,    0,    0,    0,    0,   -4,    0,    0,    0,    0,    0,   -4,    0,    0,    0,    0,  -14,    0,    0,    0,    0,  -14,    0,    0,    0,  -13,    0,    0,    0,    0,    0,    0,    0,    0,    0,    0,    0,    0,    0,    0,    0,    0,    0,    0,    0,    0,    0,    0,    0,    0,    0,    0,    0,    0,    0,    0,    0,
       0,    0,    0,   -8,   10,  -10,   10,  -13,    9,    7,    8,   -6,    0,    0,    0,    0,    0,    0,    0,    0,    0,    0,    0,    0,    0,    0,    0,    0,    0,   12,    0,    0,    0,    0,    0,    0,    0,    0,    0,    0,    0,    0,    0,    0,    0,    0,    0,   -6,    8,  -15,    0,    0,    0,    0,    0,    0,    0,    0,    0,    0,    0,    0,    0,    0,    0,    0,    0,   10,  -11,    7,   10,    5,    6,   14,    8,   10,    4,    0,  -15,  -16,   14,    0,    0,    0,    0,   -7,    0,    0,    8,   -7,   10,    0,    7,    0,  -12,    0,   -7,   -8,   -7,   -9,   10,  -13,    0,   -8,    0,    0,    0,    6,   -6,    4,    0,    0,    0,    6,   -5,    0,  -12,   -7,    8,   -8,    0,    0,  -14,   15,    0,   -5,   -5,    0,  -16,    0,    0,    0,    0,    0,    0,    0,    0,    0,    0,    0,    0,    0,    0,    0,    0,    0,    0,    0,    0,    0,    0,    0,    4,    6,    0,    0,    0,    0,    0,
       0,    0,    0,    0,   -8,    0,  -16,    8,  -21,    0,   -8,    0,    0,    0,    0,    0,    0,    0,    0,    0,    0,    0,    0,    0,    0,    0,    0,   -4,    0,   -8,    0,    0,    0,    0,    0,    0,    0,    0,    0,    0,    0,    0,    0,    0,    0,    0,    0,    0,   -9,    4,    0,    0,    0,    0,    0,    0,    0,    0,    0,    0,    0,    0,    0,    0,    0,    0,    0,   -9,    0,    0,   -9,    0,  -10,  -10,    0,  -14,   -8,    0,    0,    0,  -15,    0,  -10,   -6,    0,    0,    0,    0,    0,    0,    0,    0,    0,    0,    0,    0,    0,    0,    0,    0,    0,    0,    0,    0,    0,    0,    0,    0,    0,    0,    0,    0,    0,    0,    0,    0,    0,    0,  -12,    0,    0,    0,    0,   -8,    0,    0,    0,   -9,    0,    0,    0,    0,    0,    0,    0,    0,    0,    0,    0,    0,    0,    0,    0,    0,    0,    0,    0,    0,    0,    0,    0,    0,    0,    4,    0,    0,    0,    0,    0,
       0,  -10,    0,    0,   -8,  -12,    0,    6,    0,    0,  -13,    0,    0,    0,    0,    0,    0,    0,    0,    0,    0,    0,    0,    0,    0,    0,    0,    0,    0,  -14,    0,    0,    0,    0,    0,    0,    0,    0,    0,    0,    0,    0,    0,    0,    0,    0,    0,    0,   -7,    0,    0,    0,    0,    0,    0,    0,    0,    0,    0,    0,    0,    0,    0,    0,    0,    0,    0,    0,    0,    0,    0,    0,    0,    0,    0,    0,    0,    0,    0,    0,    0,    0,    0,    0,    0,    0,    0,    0,    0,    0,    0,    0,    0,    0,    0,    0,    0,    0,    0,    0,    0,    0,    0,    0,    0,    0,    0,    0,    0,    0,    0,    0,    0,    0,    0,    0,    0,    0,    0,    0,    0,    0,    0,    0,    0,    0,    0,    0,   -6,    0,    0,    0,    0,    0,    0,    0,    0,    0,    0,    0,    0,    0,    0,    0,    0,    0,    0,    0,    0,    0,    0,    0,   -9,   -9,    0,    0,    0,    0,    0,
       0,    0,    0,    0,    0,   -7,    0,   10,   -8,    0,    0,    0,    0,    0,    0,    0,    0,    0,    0,    0,    0,    0,    0,    0,    0,    0,    0,   -4,    0,    0,    0,    0,    0,    0,    0,    0,    0,    0,    0,    0,    0,    0,    0,    0,    0,    0,    0,    0,    0,    0,    0,    0,    0,    0,    0,    0,    0,    0,    0,    0,    0,    0,    0,    0,    0,    0,    0,    0,    0,    0,    0,    0,    0,    0,    0,    0,    0,    0,    0,    0,    0,    0,    0,    0,    0,    0,    0,    0,    0,    0,   -6,    0,    0,    0,    0,    0,    0,    0,    0,    0,   -4,    0,    0,    0,    0,    0,    0,    0,    0,    0,    0,    0,    0,    0,    0,    0,    0,    0,    0,    0,    0,    0,    0,    0,    0,    0,    0,    0,   -6,    0,    0,    0,    0,    0,    0,    0,    0,    0,    0,    0,    0,    0,    0,    0,    0,    0,    0,    0,    0,    0,    0,    0,    0,    0,    0,    0,    0,    0,    0,
       0,   -8,    0,    0,   -7,   -6,    0,    0,    0,    0,   -7,    0,    0,    0,    0,    0,    0,    0,    0,    0,    0,    0,    0,    0,    0,    0,    0,    0,    0,  -11,    0,    0,    0,    0,    0,    0,    0,    0,    0,    0,    0,    0,    0,    0,    0,    0,    0,    0,   -7,    0,    0,    0,    0,    0,    0,    0,    0,    0,    0,    0,    0,    0,    0,    0,    0,    0,    0,    0,    0,    0,    0,    0,    0,    0,    0,    0,    0,    0,    0,    0,    0,    0,    0,    0,    0,    0,    0,    0,    0,    0,    0,    0,    0,    0,    0,    0,    0,    0,    0,    0,    0,    0,    0,    0,    0,    0,    0,    0,    0,    0,    0,    0,    0,    0,    0,    0,    0,    0,    0,    0,    0,    0,    0,    0,    0,    0,    0,    0,   -5,    0,    0,    0,    0,    0,    0,    0,    0,    0,    0,    0,    0,    0,    0,    0,    0,    0,    0,    0,    0,    0,    0,    0,   -6,   -5,    0,    0,    0,    0,    0,
       0,    0,    0,    0,    0,    0,  -23,    0,  -15,    6,    0,    0,    0,    0,    0,    0,    0,    0,    0,    0,    0,    0,    0,    0,    0,    0,    0,    0,    0,   -8,    0,    0,    0,    0,    0,    0,    0,    0,    0,    0,    0,    0,    0,    0,    0,    0,    0,    0,    0,    0,    6,    0,    0,    0,    0,    0,    0,    0,    0,    0,    0,    0,    0,    0,    0,    0,    0,    0,    0,    0,    0,    0,    0,    0,    0,    0,    0,    0,    0,    0,    0,    0,    0,    0,    0,    0,    0,    0,  -12,    0,    8,    0,  -13,    0,    0,    0,    0,    8,   10,    0,    9,    0,    0,    8,    0,    0,    0,    0,    0,    0,    0,    0,    0,    0,   10,   10,    0,    0,    0,   10,    0,    0,   10,    0,    0,    0,    0,    0,    0,    0,    0,    0,    0,    0,    0,    0,    0,    0,    0,    0,    0,    0,    0,    0,    0,    0,    0,    0,    0,    0,    0,    0,    7,    9,    0,    0,    0,    0,    0,
       0,   -8,    0,    0,    9,   -9,   11,    0,   13,    0,   -5,    0,    0,    0,    0,    0,    0,    0,    0,    0,    0,    0,    0,    0,    0,    0,    0,    0,    0,    8,    0,    0,    0,    0,    0,    0,    0,    0,    0,    0,    0,    0,    0,    0,    0,    0,    0,    0,    8,   -4,    0,    0,    0,    0,    0,    0,    0,    0,    0,    0,    0,    0,    0,    0,    0,    0,    0,    0,    0,    0,    0,    0,    0,    0,    0,    0,    0,    0,    0,    0,    0,    0,    0,    0,    0,    0,    0,    0,    6,    0,    8,    0,    8,    0,    0,    0,    0,   -5,    9,    0,    8,   -5,    0,   -4,    4,    0,    0,    0,    0,    0,    0,    0,   24,    0,    0,    0,    0,    0,    0,    0,    0,    0,    0,    0,    0,    0,    0,    0,    0,    0,    0,    0,    0,    0,    0,    0,    0,    0,    0,    0,    0,    0,    0,    0,    0,    0,    0,    0,    0,    0,    0,    0,   -7,   -4,    0,    0,    0,    0,    0,
       0,   -9,    0,    0,   -9,  -12,   -8,    5,   -5,    0,  -10,    0,    0,    0,    0,    0,    0,    0,    0,    0,    0,    0,    0,    0,    0,    0,    0,    0,    0,  -13,    0,    0,    0,    0,    0,    0,    0,    0,    0,    0,    0,    0,    0,    0,    0,    0,    0,    0,   -7,    4,    0,    0,    0,    0,    0,    0,    0,    0,    0,    0,    0,    0,    0,    0,    0,    0,    0,    0,    0,    0,    0,    0,    0,    0,    0,    0,    0,    0,    0,    0,    0,    0,    0,    0,    0,    0,    0,    0,    0,    0,    0,    0,    0,    0,    0,    0,    0,    0,    0,    0,   -6,    0,    0,    0,    0,    0,    0,    0,    0,    0,    0,    0,    0,    0,    0,    0,    0,    0,    0,    0,    0,    0,    0,    0,    0,    0,    0,    0,   -4,    0,    0,    0,    0,    0,    0,    0,    0,    0,    0,    0,    0,    0,    0,    0,    0,    0,    0,    0,    0,    0,    0,    0,   -4,   -7,    0,    0,    0,    0,    0,
       0,    0,    0,   -5,    0,    5,    5,  -18,    8,    4,    0,   -9,    0,    0,    0,    0,    0,    0,    0,    0,    0,    0,    0,    0,    0,    0,    0,    0,    0,  -10,    0,    0,    0,    0,    0,    0,    0,    0,    0,    0,    0,    0,    0,    0,    0,    0,    0,   -5,    0,  -14,    0,    0,    0,    0,    0,    0,    0,    0,    0,    0,    0,    0,    0,    0,    0,    0,    0,    0,    0,    0,    0,    0,    0,    0,    0,    0,    0,    0,    0,    0,    0,    0,    0,    0,   -4,    0,    0,    0,    8,   -6,   10,    5,    7,    0,  -14,    0,   -6,    6,    8,   -7,    8,    0,    0,    6,    6,    0,    6,    0,    0,    0,    0,    0,    0,    0,    8,    4,    0,   -6,    0,    7,    0,    0,    0,    0,    0,    0,    0,    0,    0,    0,    0,    0,    0,    0,    0,    0,    0,    0,    0,    0,    0,    0,    0,    0,    0,    0,    0,    0,    0,    0,    0,    0,    5,   10,    0,    0,    0,    0,    0,
       0,   -5,    0,    0,   -4,    0,    4,    6,    0,    0,   -4,    0,    0,    0,    0,    0,    0,    0,    0,    0,    0,    0,    0,    0,    0,    0,    0,    0,    0,  -10,    0,    0,    0,    0,    0,    0,    0,    0,    0,    0,    0,    0,    0,    0,    0,    0,    0,    0,   -5,    0,    0,    0,    0,    0,    0,    0,    0,    0,    0,    0,    0,    0,    0,    0,    0,    0,    0,    0,    0,    0,    0,    0,    0,    0,    0,    0,    0,    0,    0,    0,    0,    0,    0,    0,    0,    0,    0,    0,    0,    0,    0,    0,    5,    0,    0,    0,    0,    0,    0,    0,    0,    0,    0,    0,    0,    0,    0,    0,    0,    0,    0,    0,    0,    0,    0,    0,    0,    0,    0,    0,    0,    0,    0,    0,    0,    0,    0,    0,    0,    0,    0,    0,    0,    0,    0,    0,    0,    0,    0,    0,    0,    0,    0,    0,    0,    0,    0,    0,    0,    0,    0,    0,    0,    0,    0,    0,    0,    0,    0,
       0,    0,    0,   -5,    0,    5,    5,  -18,    8,    4,    0,   -9,    0,    0,    0,    0,    0,    0,    0,    0,    0,    0,    0,    0,    0,    0,    0,    0,    0,  -10,    0,    0,    0,    0,    0,    0,    0,    0,    0,    0,    0,    0,    0,    0,    0,    0,    0,   -5,    0,  -14,    0,    0,    0,    0,    0,    0,    0,    0,    0,    0,    0,    0,    0,    0,    0,    0,    0,    0,    0,    0,    0,    0,    0,    0,    0,    0,    0,    0,    0,    0,    0,    0,    0,    0,   -4,    0,    0,    0,    8,   -7,   10,    5,    7,    0,  -14,    0,   -7,    8,   10,   -8,    8,    0,    0,    8,    6,    0,    6,    0,   -5,    0,    0,    0,    0,    0,   10,    5,    0,   -7,    0,    8,    0,    0,    0,    0,    0,    0,    0,    0,    0,    0,    0,    0,    0,    0,    0,    0,    0,    0,    0,    0,    0,    0,    0,    0,    0,    0,    0,    0,    0,    0,    0,    0,    5,   10,    0,    0,    0,    0,    0,
       0,    0,    0,    0,   -6,    0,    0,    5,    0,    0,   -6,    0,    0,    0,    0,    0,    0,    0,    0,    0,    0,    0,    0,    0,    0,    0,    0,    0,    0,   -9,    0,    0,    0,    0,    0,    0,    0,    0,    0,    0,    0,    0,    0,    0,    0,    0,    0,    0,   -5,    0,    0,    0,    0,    0,    0,    0,    0,    0,    0,    0,    0,    0,    0,    0,    0,    0,    0,    0,    0,    0,    0,    0,    0,    0,    0,    0,    0,    0,    0,    0,    0,    0,    0,    0,    0,    0,    0,    0,    0,    0,    0,    0,    0,    0,    0,    0,    0,    0,    0,    0,    0,    0,    0,    0,    0,    0,    0,    0,    0,    0,    0,    0,    0,    0,    0,    0,    0,    0,    0,    0,    0,    0,    0,    0,    0,    0,    0,    0,   -6,    0,    0,    0,    0,    0,    0,    0,    0,    0,    0,    0,    0,    0,    0,    0,    0,    0,    0,    0,    0,    0,    0,    0,    0,    0,    0,    0,    0,    0,    0,
       0,   -5,    0,    0,   -5,   -6,    0,    0,    0,    0,   -6,    0,    0,    0,    0,    0,    0,    0,    0,    0,    0,    0,    0,    0,    0,    0,    0,    0,    0,  -11,    0,    0,    0,    0,    0,    0,    0,    0,    0,    0,    0,    0,    0,    0,    0,    0,    0,    0,   -7,    0,    0,    0,    0,    0,    0,    0,    0,    0,    0,    0,    0,    0,    0,    0,    0,    0,    0,    0,    0,    0,    0,    0,    0,    0,    0,    0,    0,    0,    0,    0,    0,    0,    0,    0,    0,    0,    0,    0,    0,    0,    0,    0,    0,    0,    0,    0,    0,    0,    0,    0,    0,    0,    0,    0,    0,    0,    0,    0,    0,    0,    0,    0,    0,    0,    0,    0,    0,    0,    0,    0,    0,    0,    0,    0,    0,    0,    0,    0,   -8,    0,    0,    0,    0,    0,    0,    0,    0,    0,    0,    0,    0,    0,    0,    0,    0,    0,    0,    0,    0,    0,    0,    0,    0,    0,    0,    0,    0,    0,    0,
       0,    0,    0,    0,   -6,    0,    0,    5,    0,    0,   -6,    0,    0,    0,    0,    0,    0,    0,    0,    0,    0,    0,    0,    0,    0,    0,    0,    0,    0,   -9,    0,    0,    0,    0,    0,    0,    0,    0,    0,    0,    0,    0,    0,    0,    0,    0,    0,    0,   -6,    0,    0,    0,    0,    0,    0,    0,    0,    0,    0,    0,    0,    0,    0,    0,    0,    0,    0,    0,    0,    0,    0,    0,    0,    0,    0,    0,    0,    0,    0,    0,    0,    0,    0,    0,    0,    0,    0,    0,    0,    0,    0,    0,    0,    0,    0,    0,    0,    0,    0,    0,    0,    0,    0,    0,    0,    0,    0,    0,    0,    0,    0,    0,    0,    0,    0,    0,    0,    0,    0,    0,    0,    0,    0,    0,    0,    0,    0,    0,   -6,    0,    0,    0,    0,    0,    0,    0,    0,    0,    0,    0,    0,    0,    0,    0,    0,    0,    0,    0,    0,    0,    0,    0,    0,    0,    0,    0,    0,    0,    0,
       0,  -12,    0,    0,  -10,  -12,  -12,    5,  -11,    0,  -11,    0,    0,    0,    0,    0,    0,    0,    0,    0,    0,    0,    0,    0,    0,    0,    0,    0,    0,  -14,    0,    0,    0,    0,    0,    0,    0,    0,    0,    0,    0,    0,    0,    0,    0,    0,    0,    0,   -8,    4,    0,    0,    0,    0,    0,    0,    0,    0,    0,    0,    0,    0,    0,    0,    0,    0,    0,    0,    0,    0,    0,    0,    0,    0,    0,    0,    0,    0,    0,    0,    0,    0,    0,    0,    0,    0,    0,    0,    0,    0,   -6,    0,    0,    0,    0,    0,    0,    0,    0,    0,   -7,    0,    0,    0,    0,    0,    0,    0,    0,    0,    0,    0,    0,    0,    0,    0,    0,    0,    0,    0,    0,    0,    0,    0,    0,    0,    0,    0,   -6,    0,    0,    0,    0,    0,    0,    0,    0,    0,    0,    0,    0,    0,    0,    0,    0,    0,    0,    0,    0,    0,    0,    0,  -10,  -10,    0,    0,    0,    0,    0,
       0,  -12,    0,    0,  -12,   -6,    0,   10,   -8,    0,   -8,    0,    0,    0,    0,    0,    0,    0,    0,    0,    0,    0,    0,    0,    0,    0,    0,   -6,    0,  -14,    0,    0,    0,    0,    0,    0,    0,    0,    0,    0,    0,    0,    0,    0,    0,    0,    0,    0,  -11,    0,    0,    0,    0,    0,    0,    0,    0,    0,    0,    0,    0,    0,    0,    0,    0,    0,    0,    0,    0,    0,    0,    0,    0,    0,    0,    0,    0,    0,    0,    0,    0,    0,    0,    0,    0,    0,    0,    0,    0,    0,   -6,    0,    0,    0,    0,    0,    0,    0,    0,    0,    0,    0,    0,    0,    0,    0,    0,   -4,    0,    0,    0,    0,    0,    0,    0,    0,    0,    0,    0,    0,    0,    0,    0,    0,    0,    0,    0,    0,   -5,    0,    0,    0,    0,    0,    0,    0,    0,    0,    0,    0,    0,    0,    0,    0,    0,    0,    0,    0,    0,    0,    0,    0,   -9,  -10,    0,    0,    0,    0,    0,
       0,    0,    0,    0,    0,    0,    7,   -4,    0,    4,   -5,   -4,    0,    0,    0,    0,    0,    0,    0,    0,    0,    0,    0,    0,    0,    0,    0,    0,    0,  -14,    0,    0,    0,    0,    0,    0,    0,    0,    0,    0,    0,    0,    0,    0,    0,    0,    0,    0,   -7,   -6,    0,    0,    0,    0,    0,    0,    0,    0,    0,    0,    0,    0,    0,    0,    0,    0,    0,    0,    0,    0,    0,    0,    0,    0,    0,    0,    0,    0,    0,    0,    0,    0,    0,    0,    0,    0,    0,    0,    0,    0,    6,    0,    0,    0,  -10,    0,    0,    0,    0,    0,    5,    0,    0,    0,    0,    0,    0,    0,    0,    0,    0,    0,    0,    0,    4,    0,    0,    0,    0,    4,    0,    0,    0,    0,    0,    0,    0,    0,    0,    0,    0,    0,    0,    0,    0,    0,    0,    0,    0,    0,    0,    0,    0,    0,    0,    0,    0,    0,    0,    0,    0,    0,    4,   10,    0,    0,    0,    0,    0,
       0,    0,    0,    0,    0,    0,  -15,    0,  -17,    0,    0,    0,    0,    0,    0,    0,    0,    0,    0,    0,    0,    0,    0,    0,    0,    0,    0,    0,    0,  -10,    0,    0,    0,    0,    0,    0,    0,    0,    0,    0,    0,    0,    0,    0,    0,    0,    0,    0,   -6,    0,    0,    0,    0,    0,    0,    0,    0,    0,    0,    0,    0,    0,    0,    0,    0,    0,    0,    0,    0,    0,    0,    0,    0,    0,    0,    0,    0,    0,    0,    0,    0,    0,    0,    0,    0,    0,    0,    0,  -12,    0,    6,    0,  -11,    0,    0,    0,    0,    6,    8,   -4,    7,    0,    0,    6,    0,    0,    0,    0,    0,    0,    0,    0,    0,    0,    8,    8,    0,    0,    0,    8,    0,    0,    8,    0,    0,    0,    0,    0,    0,    0,    0,    0,    0,    0,    0,    0,    0,    0,    0,    0,    0,    0,    0,    0,    0,    0,    0,    0,    0,    0,    0,    0,    5,    7,    0,    0,    0,    0,    0,
       0,    0,    0,    0,    0,    0,  -12,    0,  -13,    0,    0,    0,    0,    0,    0,    0,    0,    0,    0,    0,    0,    0,    0,    0,    0,    0,    0,    0,    0,   -8,    0,    0,    0,    0,    0,    0,    0,    0,    0,    0,    0,    0,    0,    0,    0,    0,    0,    0,    0,    0,    0,    0,    0,    0,    0,    0,    0,    0,    0,    0,    0,    0,    0,    0,    0,    0,    0,    0,    0,    0,    0,    0,    0,    0,    0,    0,    0,    0,    0,    0,    0,    0,    0,    0,    0,    0,    0,    0,  -10,    0,    8,    0,   -8,    0,    0,    0,    0,    8,   10,   -4,    9,    0,    0,    8,    0,    0,    0,    0,    0,    0,    0,    0,    0,    0,   10,    8,    0,    0,    0,   10,    0,    0,    5,    0,    0,    0,    0,    0,    0,    0,    0,    0,    0,    0,    0,    0,    0,    0,    0,    0,    0,    0,    0,    0,    0,    0,    0,    0,    0,    0,    0,    0,    4,    8,    0,    0,    0,    0,    0,
       0,  -18,    0,    0,  -14,   -7,    0,   10,   -9,    0,  -12,    0,    0,    0,    0,    0,    0,    0,    0,    0,    0,    0,    0,    0,    0,    0,    0,   -6,    0,  -15,    0,    0,    0,    0,    0,    0,    0,    0,    0,    0,    0,    0,    0,    0,    0,    0,    0,    0,  -11,    0,    0,    0,    0,    0,    0,    0,    0,    0,    0,    0,    0,    0,    0,    0,    0,    0,    0,    0,    0,    0,    0,    0,    0,    0,    0,    0,    0,    0,    0,    0,    0,    0,    0,    0,    0,    0,    0,    0,    0,    0,   -8,   -4,    0,    0,    0,    0,    0,   -4,   -4,    0,   -6,   -2,    0,    0,    0,    0,   -3,   -4,    0,    0,    0,    0,    0,   -4,    0,    0,    0,    0,    0,    0,    0,    0,    0,    0,    0,    0,    0,    0,   -7,    0,    0,    0,    0,    0,    0,    0,    0,    0,    0,    0,    0,    0,    0,    0,    0,    0,    0,    0,    0,    0,    0,    0,  -18,  -14,    0,    0,    0,    0,    0,
       0,    0,    0,   -5,    0,    5,    8,   -8,    8,    6,    0,   -4,    0,    0,    0,    0,    0,    0,    0,    0,    0,    0,    0,    0,    0,    0,    0,    0,    0,  -12,    0,    0,    0,    0,    0,    0,    0,    0,    0,    0,    0,    0,    0,    0,    0,    0,    0,   -4,    0,  -11,    0,    0,    0,    0,    0,    0,    0,    0,    0,    0,    0,    0,    0,    0,    0,    0,    0,    0,    0,    0,    0,    0,    0,    0,    0,    0,    0,    0,    0,    0,    0,    0,    0,    0,    0,    0,    0,    0,    8,   -4,   10,    5,    7,    0,  -10,    0,   -4,    6,    8,   -6,   13,    0,    0,    6,    6,    0,    6,    0,    0,    0,    0,    0,    0,    0,    8,    5,    0,   -4,    0,    7,    0,    0,    0,    0,    0,    0,    0,    0,    0,    0,    0,    0,    0,    0,    0,    0,    0,    0,    0,    0,    0,    0,    0,    0,    0,    0,    0,    0,    0,    0,    0,    0,    6,   11,    0,    0,    0,    0,    0,
       0,  -29,    0,    0,   -9,  -21,    0,    4,    0,    0,   -9,    0,    0,    0,    0,    0,    0,    0,    0,    0,    0,    0,    0,    0,    0,    0,    0,   -4,    0,  -13,    0,    0,    0,    0,    0,    0,    0,    0,    0,    0,    0,    0,    0,    0,    0,    0,    0,    0,   -8,    0,    0,    0,    0,    0,    0,    0,    0,    0,    0,    0,    0,    0,    0,    0,    0,    0,    0,    0,    0,    0,    0,    0,    0,    0,    0,    0,    0,    0,    0,    0,    0,    0,    0,    0,    0,    0,    0,    0,    0,    0,    0,    0,    4,    0,    0,    0,    0,  -14,   -9,    0,    0,    0,    0,  -11,    0,    0,    0,    0,    0,    0,    0,    0,    0,    0,  -10,    0,    0,    0,    0,   -9,    0,    0,    0,    0,    0,    0,    0,    0,  -16,    0,    0,    0,    0,    0,    0,    0,    0,    0,    0,    0,    0,    0,    0,    0,    0,    0,    0,    0,    0,    0,    0,    0,  -25,  -28,    0,    0,    0,    0,    0,
       0,  -10,    0,    0,  -10,  -12,  -12,    5,  -11,    0,  -11,    0,    0,    0,    0,    0,    0,    0,    0,    0,    0,    0,    0,    0,    0,    0,    0,    0,    0,  -14,    0,    0,    0,    0,    0,    0,    0,    0,    0,    0,    0,    0,    0,    0,    0,    0,    0,    0,   -7,    4,    0,    0,    0,    0,    0,    0,    0,    0,    0,    0,    0,    0,    0,    0,    0,    0,    0,    0,    0,    0,    0,    0,    0,    0,    0,    0,    0,    0,    0,    0,    0,    0,    0,    0,    0,    0,    0,    0,    0,    0,    0,    0,    0,    0,    0,    0,    0,    0,    0,    0,   -7,    0,    0,    0,    0,    0,    0,    0,    0,    0,    0,    0,    0,    0,    0,    0,    0,    0,    0,    0,    0,    0,    0,    0,    0,    0,    0,    0,    0,    0,    0,    0,    0,    0,    0,    0,    0,    0,    0,    0,    0,    0,    0,    0,    0,    0,    0,    0,    0,    0,    0,    0,  -10,  -10,    0,    0,    0,    0,    0,
       0,  -12,    0,    0,  -10,  -12,  -12,    5,  -11,    0,  -11,    0,    0,    0,    0,    0,    0,    0,    0,    0,    0,    0,    0,    0,    0,    0,    0,    0,    0,  -14,    0,    0,    0,    0,    0,    0,    0,    0,    0,    0,    0,    0,    0,    0,    0,    0,    0,    0,   -8,    4,    0,    0,    0,    0,    0,    0,    0,    0,    0,    0,    0,    0,    0,    0,    0,    0,    0,    0,    0,    0,    0,    0,    0,    0,    0,    0,    0,    0,    0,    0,    0,    0,    0,    0,    0,    0,    0,    0,    0,    0,   -6,    0,    0,    0,    0,    0,    0,    0,    0,    0,   -7,    0,    0,    0,    0,    0,    0,    0,    0,    0,    0,    0,    0,    0,    0,    0,    0,    0,    0,    0,    0,    0,    0,    0,    0,    0,    0,    0,   -5,    0,    0,    0,    0,    0,    0,    0,    0,    0,    0,    0,    0,    0,    0,    0,    0,    0,    0,    0,    0,    0,    0,    0,  -10,  -10,    0,    0,    0,    0,    0,
       0,    0,    0,    0,   -6,    0,    0,    5,    0,    0,   -6,    0,    0,    0,    0,    0,    0,    0,    0,    0,    0,    0,    0,    0,    0,    0,    0,    0,    0,  -10,    0,    0,    0,    0,    0,    0,    0,    0,    0,    0,    0,    0,    0,    0,    0,    0,    0,    0,   -7,    0,    0,    0,    0,    0,    0,    0,    0,    0,    0,    0,    0,    0,    0,    0,    0,    0,    0,    0,    0,    0,    0,    0,    0,    0,    0,    0,    0,    0,    0,    0,    0,    0,    0,    0,    0,    0,    0,    0,    0,    0,    0,    0,    0,    0,    0,    0,    0,    0,    0,    0,    0,    0,    0,    0,    0,    0,    0,    0,    0,    0,    0,    0,    0,    0,    0,    0,    0,    0,    0,    0,    0,    0,    0,    0,    0,    0,    0,    0,   -6,    0,    0,    0,    0,    0,    0,    0,    0,    0,    0,    0,    0,    0,    0,    0,    0,    0,    0,    0,    0,    0,    0,    0,    0,    0,    0,    0,    0,    0,    0,
       0,  -14,    0,   -6,    0,   -9,    0,    6,    0,    0,   -8,    0,    0,    0,    0,    0,    0,    0,    0,    0,    0,    0,    0,    0,    0,    0,    0,    0,    0,    0,    0,    0,    0,    0,    0,    0,    0,    0,    0,    0,    0,    0,    0,    0,    0,    0,    0,    0,    0,    0,    0,    0,    0,    0,    0,    0,    0,    0,    0,    0,    0,    0,    0,    0,    0,    0,    0,    0,    0,    0,    0,    0,    0,    0,    0,    0,    0,    0,    0,    0,    0,    0,    0,    0,    0,    0,    0,    0,    0,    0,    0,    0,    0,    0,    0,    0,    0,    0,    0,    0,    0,    0,    0,    0,    0,    0,    0,   -6,    0,    0,    0,    0,   11,    0,    0,    0,    0,    0,    0,    0,    0,    0,    0,    0,    0,    0,    0,    0,   -4,    0,    0,    0,    0,    0,    0,    0,    0,    0,    0,    0,    0,    0,    0,    0,    0,    0,    0,    0,    0,    0,    0,    0,  -14,  -10,    0,    0,    0,    0,    0,
       0,    0,    0,    0,    0,    0,    6,    0,    0,    0,   -4,    0,    0,    0,    0,    0,    0,    0,    0,    0,    0,    0,    0,    0,    0,    0,    0,    0,    0,  -10,    0,    0,    0,    0,    0,    0,    0,    0,    0,    0,    0,    0,    0,    0,    0,    0,    0,    0,   -7,   -5,    0,    0,    0,    0,    0,    0,    0,    0,    0,    0,    0,    0,    0,    0,    0,    0,    0,    0,    0,    0,    0,    0,    0,    0,    0,    0,    0,    0,    0,    0,    0,    0,    0,    0,    0,    0,    0,    0,    0,    0,    6,    0,    0,    0,    0,    0,    0,    0,    0,   -4,    6,    0,    0,    0,    0,    0,    0,    0,    0,    0,    0,    0,    0,    0,    0,    0,    0,    0,    0,    0,    0,    0,    0,    0,    0,    0,    0,    0,    0,    0,    0,    0,    0,    0,    0,    0,    0,    0,    0,    0,    0,    0,    0,    0,    0,    0,    0,    0,    0,    0,    0,    0,    0,    0,    0,    0,    0,    0,    0,
       0,    0,    0,    0,   -5,   -4,    0,    0,   -4,    0,  -14,    0,    0,    0,    0,    0,    0,    0,    0,    0,    0,    0,    0,    0,    0,    0,    0,    0,    0,  -14,    0,    0,    0,    0,    0,    0,    0,    0,    0,    0,    0,    0,    0,    0,    0,    0,    0,    0,   -7,    0,    0,    0,    0,    0,    0,    0,    0,    0,    0,    0,    0,    0,    0,    0,    0,    0,    0,    0,    0,    0,    0,    0,    0,    0,    0,    0,    0,    0,    0,    0,    0,    0,    0,    0,    0,    0,    0,    0,    0,    0,    0,    0,    0,    0,    0,    0,    0,    0,    0,    0,    0,    0,    0,    0,    0,    0,    0,    0,    0,    0,    0,    0,    0,    0,    0,    0,    0,    0,    0,    0,    0,    0,    0,    0,    0,    0,    0,    0,   -4,    0,    0,    0,    0,    0,    0,    0,    0,    0,    0,    0,    0,    0,    0,    0,    0,    0,    0,    0,    0,    0,    0,    0,    0,    0,    0,    0,    0,    0,    0,
       0,    0,    0,    0,    4,    0,    0,    5,    0,    0,    0,    0,    0,    0,    0,    0,    0,    0,    0,    0,    0,    0,    0,    0,    0,    0,    0,    0,    0,    0,    0,    0,    0,    0,    0,    0,    0,    0,    0,    0,    0,    0,    0,    0,    0,    0,    0,    0,    0,    0,    0,    0,    0,    0,    0,    0,    0,    0,    0,    0,    0,    0,    0,    0,    0,    0,    0,    0,    0,    0,    0,    0,    0,    0,    0,    0,    0,    0,    0,    0,    0,    0,    0,    0,    0,    0,    0,    0,    0,    0,    0,    0,    0,    0,    0,    0,    0,    0,    0,    0,    0,    0,    0,    0,    0,    0,    0,    0,    0,    0,    0,    0,    0,    0,    0,    0,    0,    0,    0,    0,    0,    0,    0,    0,    0,    0,    0,    0,   -6,    0,    0,    0,    0,    0,    0,    0,    0,    0,    0,    0,    0,    0,    0,    0,    0,    0,    0,    0,    0,    0,    0,    0,    0,    0,    0,    0,    0,    0,    0,
       0,    0,    0,   -4,    5,    0,    0,    5,    0,    0,    0,    0,    0,    0,    0,    0,    0,    0,    0,    0,    0,    0,    0,    0,    0,    0,    0,    0,    0,    4,    0,    0,    0,    0,    0,    0,    0,    0,    0,    0,    0,    0,    0,    0,    0,    0,    0,    0,    0,    0,    0,    0,    0,    0,    0,    0,    0,    0,    0,    0,    0,    0,    0,    0,    0,    0,    0,    0,    0,    0,    0,    0,    0,    0,    0,    0,    0,    0,    0,    0,    0,    0,    0,    0,    0,    0,    0,    0,    0,    0,    0,    0,    0,    0,    0,    0,    0,    0,    0,    0,    0,    0,    0,    0,    0,    0,    0,    0,    0,    0,    0,    0,   12,    0,    0,    0,    0,    0,    0,    0,    0,    0,    0,    0,    0,    0,    0,    0,   -6,    0,    0,    0,    0,    0,    0,    0,    0,    0,    0,    0,    0,    0,    0,    0,    0,    0,    0,    0,    0,    0,    0,    0,    0,    0,    0,    0,    0,    0,    0,
       0,  -14,    0,   -4,   -6,   -9,    0,    6,    0,    0,   -8,    0,    0,    0,    0,    0,    0,    0,    0,    0,    0,    0,    0,    0,    0,    0,    0,    0,    0,  -14,    0,    0,    0,    0,    0,    0,    0,    0,    0,    0,    0,    0,    0,    0,    0,    0,    0,    0,  -11,    0,    0,    0,    0,    0,    0,    0,    0,    0,    0,    0,    0,    0,    0,    0,    0,    0,    0,    0,    0,    0,    0,    0,    0,    0,    0,    0,    0,    0,    0,    0,    0,    0,    0,    0,    0,    0,    0,    0,    0,    0,    0,    0,    0,    0,    0,    0,    0,    0,    0,    0,    0,    0,    0,    0,    0,    0,    0,    0,    0,    0,    0,    0,   -4,    0,    0,    0,    0,    0,    0,    0,    0,    0,    0,    0,    0,    0,    0,    0,   -7,    0,    0,    0,    0,    0,    0,    0,    0,    0,    0,    0,    0,    0,    0,    0,    0,    0,    0,    0,    0,    0,    0,    0,  -14,  -10,    0,    0,    0,    0,    0,
       0,    0,    0,    0,   -6,    0,    0,    5,    0,    0,   -6,    0,    0,    0,    0,    0,    0,    0,    0,    0,    0,    0,    0,    0,    0,    0,    0,    0,    0,   -4,    0,    0,    0,    0,    0,    0,    0,    0,    0,    0,    0,    0,    0,    0,    0,    0,    0,    0,   -4,    0,    0,    0,    0,    0,    0,    0,    0,    0,    0,    0,    0,    0,    0,    0,    0,    0,    0,    0,    0,    0,    0,    0,    0,    0,    0,    0,    0,    0,    0,    0,    0,    0,    0,    0,    0,    0,    0,    0,    0,    0,    0,    0,    0,    0,    0,    0,    0,    0,    0,    0,    0,    0,    0,    0,    0,    0,    0,    0,    0,    0,    0,    0,    0,    0,    0,    0,    0,    0,    0,    0,    0,    0,    0,    0,    0,    0,    0,    0,   -6,    0,    0,    0,    0,    0,    0,    0,    0,    0,    0,    0,    0,    0,    0,    0,    0,    0,    0,    0,    0,    0,    0,    0,    0,    0,    0,    0,    0,    0,    0,
       0,  -20,    0,    0,  -11,  -18,    0,    0,    0,    0,  -11,    0,    0,    0,    0,    0,    0,    0,    0,    0,    0,    0,    0,    0,    0,    0,    0,   -6,    0,  -15,    0,    0,    0,    0,    0,    0,    0,    0,    0,    0,    0,    0,    0,    0,    0,    0,    0,    0,  -10,    0,    0,    0,    0,    0,    0,    0,    0,    0,    0,    0,    0,    0,    0,    0,    0,    0,    0,    0,    0,    0,    0,    0,    0,    0,    0,    0,    0,    0,    0,    0,    0,    0,    0,    0,    0,    0,    0,    0,    0,    0,    0,    0,    0,    0,    0,    0,    0,  -13,   -9,    0,    0,   -4,    0,   -9,    0,    0,   -4,   -4,    0,    0,    0,    0,    0,   -4,  -13,    0,    0,    0,    0,  -10,    0,    0,    0,    0,    0,    0,    0,    0,  -18,    0,    0,    0,    0,    0,    0,    0,    0,    0,    0,    0,    0,    0,    0,    0,    0,    0,    0,    0,    0,    0,    0,    0,  -18,  -14,    0,    0,    0,    0,    0,
       5,    9,    0,   -4,   11,    0,  -39,  -20,  -25,    0,   14,  -11,    0,    0,    0,    0,    0,    0,    0,    0,    0,    0,    0,    0,    0,    0,    0,    0,    0,   15,    0,    0,    0,    0,    0,    0,    0,    0,    0,    0,    0,    0,    0,    0,    0,    0,    0,    0,   15,  -24,    0,    0,    0,    0,    0,    0,    0,    0,    0,    0,    0,    0,    0,    0,    0,    0,    0,   14,   -5,    0,  -33,  -21,   12,  -25,  -19,   12,    8,    0,   -5,   -6,   11,   10,    8,    0,   -7,    0,   -4,   -4,  -20,  -20,    0,    0,  -21,  -10,  -20,   -6,  -21,    0,    0,  -24,    0,    0,   -4,    0,    0,    0,  -16,   14,  -18,  -13,    0,    0,    0,   14,    0,    0,   -5,  -21,   14,    0,    0,    5,   -4,  -37,   -7,    0,   -7,    5,    0,    0,    0,    0,    0,    0,    0,    0,    0,    0,    0,    0,    0,    0,    0,    0,    0,    0,    0,    0,    0,    0,    0,    0,   12,   12,    0,    0,    0,    0,    0,
       0,    6,    0,    0,    0,    7,  -21,    0,  -17,    7,    0,    0,    0,    0,    0,    0,    0,    0,    0,    0,    0,    0,    0,    0,    0,    0,    0,    0,    0,   -4,    0,    0,    0,    0,    0,    0,    0,    0,    0,    0,    0,    0,    0,    0,    0,    0,    0,    0,    0,    0,    8,    0,    0,    0,    0,    0,    0,    0,    0,    0,    0,    0,    0,    0,    0,    0,    0,    0,    0,    0,    0,    0,    0,    0,    0,    0,    0,    0,    0,    0,    0,    0,    0,    0,    0,    0,    0,    0,   -8,    0,   11,    7,   -9,    0,    0,    0,    0,   12,   14,    0,   12,    7,    0,   12,    7,    0,    0,    0,    0,    0,    0,    0,    0,    0,   14,   13,    0,    0,    0,   14,    0,    0,   10,    0,    0,    0,    0,    0,    0,    0,    0,    0,    0,    0,    0,    0,    0,    0,    0,    0,    0,    0,    0,    0,    0,    0,    0,    0,    0,    0,    0,    0,    9,   13,    0,    0,    0,    0,    0,
       0,   -7,    0,   -4,    0,   -7,    8,    0,    0,    0,   -7,    0,    0,    0,    0,    0,    0,    0,    0,    0,    0,    0,    0,    0,    0,    0,    0,    0,    0,    0,    0,    0,    0,    0,    0,    0,    0,    0,    0,    0,    0,    0,    0,    0,    0,    0,    0,    0,    0,    0,    0,    0,    0,    0,    0,    0,    0,    0,    0,    0,    0,    0,    0,    0,    0,    0,    0,    0,    0,    0,    0,    0,    0,    0,    0,    0,    0,    0,    0,    0,    0,    0,    0,    0,    0,    0,    0,    0,    0,    0,    4,    0,    5,    0,    0,    0,    0,    0,    0,    0,    4,   -6,    0,    0,    0,    0,    0,    0,    0,    0,    0,    0,   14,    0,    0,    0,    0,    0,    0,    0,    0,    0,    0,    0,    0,    0,    0,    0,    0,    0,    0,    0,    0,    0,    0,    0,    0,    0,    0,    0,    0,    0,    0,    0,    0,    0,    0,    0,    0,    0,    0,    0,   -6,    0,    0,    0,    0,    0,    0,
       0,  -37,    0,   -4,    0,  -29,    8,    0,    0,    0,   -8,    0,    0,    0,    0,    0,    0,    0,    0,    0,    0,    0,    0,    0,    0,    0,    0,   -4,    0,    0,    0,    0,    0,    0,    0,    0,    0,    0,    0,    0,    0,    0,    0,    0,    0,    0,    0,    0,    0,    0,    0,    0,    0,    0,    0,    0,    0,    0,    0,    0,    0,    0,    0,    0,    0,    0,    0,    0,    0,    0,    0,    0,    0,    0,    0,    0,    0,    0,    0,    0,    0,    0,    0,    0,    0,    0,    0,    0,    0,    0,    4,    0,    5,    0,    0,    0,    0,  -17,    0,    0,    4,   -8,    0,  -13,    0,    0,    0,    0,    0,    0,    0,    0,   14,    0,  -12,    0,    0,    0,    0,  -14,    0,    0,   -8,    0,    0,    0,    0,    0,    0,    0,    0,    0,    0,    0,    0,    0,    0,    0,    0,    0,    0,    0,    0,    0,    0,    0,    0,    0,    0,    0,    0,    0,  -33,  -36,    0,    0,    0,    0,    0,
       0,  -13,    0,    0,    0,   -4,    0,   12,    0,    0,   -8,    0,    0,    0,    0,    0,    0,    0,    0,    0,    0,    0,    0,    0,    0,    0,    0,   -4,    0,    0,    0,    0,    0,    0,    0,    0,    0,    0,    0,    0,    0,    0,    0,    0,    0,    0,    0,    0,    0,    0,    0,    0,    0,    0,    0,    0,    0,    0,    0,    0,    0,    0,    0,    0,    0,    0,    0,  -18,    0,   -7,    0,    0,   -6,    0,    0,   -9,    0,    0,    0,    0,   -8,    0,   -6,   -7,    0,    0,    0,    0,    0,    0,   -5,    0,    0,    0,    0,    0,    0,    0,    0,    0,    0,    0,    0,    0,    0,    0,    0,    0,    0,    0,    0,    0,   14,    0,    0,    0,    0,    0,  -22,    0,    0,    0,    0,    0,    0,    0,    0,    0,    0,    0,    0,    0,    0,    0,    0,    0,    0,    0,    0,    0,    0,    0,    0,    0,    0,    0,    0,    0,    0,    0,    0,    0,  -13,   -9,    0,    0,    0,    0,    0,
       0,  -20,    0,    0,    0,  -13,    0,   10,    6,    0,   -9,    0,    0,    0,    0,    0,    0,    0,    0,    0,    0,    0,    0,    0,    0,    0,    0,    0,    0,    0,    0,    0,    0,    0,    0,    0,    0,    0,    0,    0,    0,    0,    0,    0,    0,    0,    0,    0,    0,    0,    0,    0,    0,    0,    0,    0,    0,    0,    0,    0,    0,    0,    0,    0,    0,    0,    0,    0,    0,    0,    0,    0,    0,    0,    0,    0,    0,    0,    0,    0,    0,    0,    0,    0,    0,    0,    0,    0,    0,    0,    0,    0,    0,    0,    0,    0,    0,   -9,    0,    0,    0,    0,    0,   -6,    0,    0,    0,    0,    0,    0,    0,    0,   17,    0,   -6,    0,    0,    0,    0,   -5,    0,    0,    0,    0,    0,    0,    0,    0,    0,    0,    0,    0,    0,    0,    0,    0,    0,    0,    0,    0,    0,    0,    0,    0,    0,    0,    0,    0,    0,    0,    0,    0,  -18,  -18,    0,    0,    0,    0,    0,
       0,    0,    0,  -13,   10,    0,  -26,  -18,  -30,   -9,    7,  -18,    0,    0,    0,    0,    0,    0,    0,    0,    0,    0,    0,    0,    0,    0,    0,    0,    0,   11,    0,    0,    0,    0,    0,    0,    0,    0,    0,    0,    0,    0,    0,    0,    0,    0,    0,   -6,   11,  -26,   -8,    0,    0,    0,    0,    0,    0,    0,    0,    0,    0,    0,    0,    0,    0,    0,    0,    8,  -13,   -4,  -29,  -25,    8,  -28,  -24,   10,    0,   -5,  -13,  -14,    8,    5,    0,  -11,  -14,   -9,  -11,  -11,  -27,  -23,    0,   -7,  -28,  -16,  -23,  -12,  -24,    0,    0,  -25,    0,   -7,  -11,    0,   -7,  -10,  -20,    9,  -21,  -17,    0,    0,    0,    9,    0,    0,  -13,  -23,   12,    0,    0,    0,   -8,  -24,  -14,    0,  -13,    0,    0,    0,    0,    0,    0,    0,    0,    0,    0,    0,    0,    0,    0,    0,    0,    0,    0,    0,    0,    0,    0,    0,    0,    0,    0,    4,    0,    0,    0,    0,    0,
       0,    0,    0,    0,    0,    0,  -13,    0,  -11,    0,    0,    0,    0,    0,    0,    0,    0,    0,    0,    0,    0,    0,    0,    0,    0,    0,    0,    0,    0,   -9,    0,    0,    0,    0,    0,    0,    0,    0,    0,    0,    0,    0,    0,    0,    0,    0,    0,    0,    0,    0,    4,    0,    0,    0,    0,    0,    0,    0,    0,    0,    0,    0,    0,    0,    0,    0,    0,    0,    0,    0,    0,    0,    0,    0,    0,    0,    0,    0,    0,    0,    0,    0,    0,    0,    0,    0,    0,    0,  -10,    0,    7,    0,   -9,    0,    0,    0,    0,    8,   10,    0,    8,    0,    0,    8,    0,    0,    0,    0,    0,    0,    0,    0,    0,    0,   10,    9,    0,    0,    0,   10,    0,    0,    5,    0,    0,    0,    0,    0,    0,    0,    0,    0,    0,    0,    0,    0,    0,    0,    0,    0,    0,    0,    0,    0,    0,    0,    0,    0,    0,    0,    0,    0,    0,    9,    0,    0,    0,    0,    0,
       0,  -24,    0,   -6,   -5,  -11,    4,    6,    0,    0,  -12,    0,    0,    0,    0,    0,    0,    0,    0,    0,    0,    0,    0,    0,    0,    0,    0,   -6,    0,  -17,    0,    0,    0,    0,    0,    0,    0,    0,    0,    0,    0,    0,    0,    0,    0,    0,    0,    0,  -12,    0,    0,    0,    0,    0,    0,    0,    0,    0,    0,    0,    0,    0,    0,    0,    0,    0,    0,  -25,    0,    0,    0,    0,    0,    0,    0,    0,    0,    0,    0,    0,    0,   -7,    0,    0,    0,    0,    0,    0,    0,    0,    0,    0,    0,    0,    0,    0,    0,    0,    0,    0,    0,    0,    0,    0,    0,    0,    0,    0,    0,    0,    0,    0,    0,    0,    0,    0,    0,    0,  -28,    0,    0,   -4,    0,    6,    0,    0,    0,    0,    0,    0,    0,    0,    0,    0,    0,    0,    0,    0,    0,    0,    0,    0,    0,    0,    0,    0,    0,    0,    0,    0,    0,    0,  -24,  -20,    0,    0,    0,    0,    0,
       0,  -13,    0,   -4,   -6,   -8,    0,    6,    0,    0,   -8,    0,    0,    0,    0,    0,    0,    0,    0,    0,    0,    0,    0,    0,    0,    0,    0,    0,    0,  -14,    0,    0,    0,    0,    0,    0,    0,    0,    0,    0,    0,    0,    0,    0,    0,    0,    0,    0,  -11,    0,    0,    0,    0,    0,    0,    0,    0,    0,    0,    0,    0,    0,    0,    0,    0,    0,    0,    0,    0,    0,    0,    0,    0,    0,    0,    0,    0,    0,    0,    0,    0,    0,    0,    0,    0,    0,    0,    0,    0,    0,    0,    0,    0,    0,    0,    0,    0,    0,    0,    0,    0,    0,    0,    0,    0,    0,    0,    0,    0,    0,    0,    0,   -4,    0,    0,    0,    0,    0,    0,    0,    0,    0,    0,    0,    0,    0,    0,    0,   -7,    0,    0,    0,    0,    0,    0,    0,    0,    0,    0,    0,    0,    0,    0,    0,    0,    0,    0,    0,    0,    0,    0,    0,  -11,   -8,    0,    0,    0,    0,    0,
       0,    0,    0,    0,   -8,    0,    0,    5,   -7,    0,   -6,    0,    0,    0,    0,    0,    0,    0,    0,    0,    0,    0,    0,    0,    0,    0,    0,   -4,    0,  -11,    0,    0,    0,    0,    0,    0,    0,    0,    0,    0,    0,    0,    0,    0,    0,    0,    0,    0,   -8,    0,    0,    0,    0,    0,    0,    0,    0,    0,    0,    0,    0,    0,    0,    0,    0,    0,    0,    0,    0,    0,    0,    0,   -7,    0,    0,    0,    0,    0,    0,    0,    0,    0,   -6,   -6,    0,    0,    0,    0,    0,    0,    0,    0,    0,    0,    0,    0,    0,    0,    0,    0,    0,    0,    0,    0,    0,    0,    0,    0,    0,    0,    0,    0,    0,    0,    0,    0,    0,    0,  -10,    0,    0,    0,    0,    0,    0,    0,    0,    0,    0,    0,    0,    0,    0,    0,    0,    0,    0,    0,    0,    0,    0,    0,    0,    0,    0,    0,    0,    0,    0,    0,    0,    0,    0,    0,    0,    0,    0,    0,    0,
       0,    0,    0,   -7,    0,  -14,    0,    0,    0,    0,    0,    0,    0,    0,    0,    0,    0,    0,    0,    0,    0,    0,    0,    0,    0,    0,    0,   -7,    0,    0,    0,    0,    0,    0,    0,    0,    0,    0,    0,    0,    0,    0,    0,    0,    0,    0,    0,    0,    0,    0,    0,    0,    0,    0,    0,    0,    0,    0,    0,    0,    0,    0,    0,    0,    0,    0,    0,    0,   -6,    0,    0,    0,    0,    0,    0,    0,    0,    0,   -7,   -9,    0,    0,    0,    0,    0,    0,    0,    0,    0,    0,    0,    0,    0,    0,    0,    0,    0,  -15,    0,    0,    0,   -8,    0,  -12,    0,    0,    0,    0,    0,    0,    0,    0,    6,    0,  -10,    0,   -7,    0,    0,  -15,    0,  -13,   -6,    0,    0,   -6,    0,    0,    0,    0,    0,    0,    0,    0,    0,    0,    0,    0,    0,    0,    0,    0,    0,    0,    0,    0,    0,    0,    0,    0,    0,    0,    0,    0,    0,    0,    0,    0,    0,
       0,    0,    0,   -4,    0,    0,    7,    0,    0,    0,    0,    0,    0,    0,    0,    0,    0,    0,    0,    0,    0,    0,    0,    0,    0,    0,    0,    0,    0,    0,    0,    0,    0,    0,    0,    0,    0,    0,    0,    0,    0,    0,    0,    0,    0,    0,    0,    0,    0,   -4,    0,    0,    0,    0,    0,    0,    0,    0,    0,    0,    0,    0,    0,    0,    0,    0,    0,    0,    0,    0,    0,    0,    0,    0,    0,    0,    0,    0,    0,    0,    0,    0,    0,    0,    0,    0,    0,    0,    0,    0,    4,    0,    5,    0,    0,    0,    0,    4,    6,    0,    5,    0,    0,    4,    0,    0,    0,    0,    0,    0,    0,    0,   14,    0,    6,    0,    0,    0,    0,    5,    0,    0,    0,    0,    0,    0,    0,    0,    0,    0,    0,    0,    0,    0,    0,    0,    0,    0,    0,    0,    0,    0,    0,    0,    0,    0,    0,    0,    0,    0,    0,    0,    0,    5,    0,    0,    0,    0,    0,
       0,    0,    0,    0,    0,    0,    0,    5,    0,    0,   -6,    0,    0,    0,    0,    0,    0,    0,    0,    0,    0,    0,    0,    0,    0,    0,    0,    0,    0,    0,    0,    0,    0,    0,    0,    0,    0,    0,    0,    0,    0,    0,    0,    0,    0,    0,    0,    0,    0,    0,    0,    0,    0,    0,    0,    0,    0,    0,    0,    0,    0,    0,    0,    0,    0,    0,    0,    0,    0,    0,    0,    0,    0,    0,    0,    0,    0,    0,    0,    0,    0,    0,    0,    0,    0,    0,    0,    0,    0,    0,    0,    0,    0,    0,    0,    0,    0,    0,    0,    0,    0,    0,    0,    0,    0,    0,    0,    0,    0,    0,    0,    0,   10,    0,    0,    0,    0,    0,    0,    0,    0,    0,    0,    0,    0,    0,    0,    0,   -6,    0,    0,    0,    0,    0,    0,    0,    0,    0,    0,    0,    0,    0,    0,    0,    0,    0,    0,    0,    0,    0,    0,    0,    0,    0,    0,    0,    0,    0,    0,
       0,    0,    0,    0,    0,    0,    9,    0,    0,    0,    0,    0,    0,    0,    0,    0,    0,    0,    0,    0,    0,    0,    0,    0,    0,    0,    0,    0,    0,    0,    0,    0,    0,    0,    0,    0,    0,    0,    0,    0,    0,    0,    0,    0,    0,    0,    0,    0,    0,    0,    0,    0,    0,    0,    0,    0,    0,    0,    0,    0,    0,    0,    0,    0,    0,    0,    0,    0,    0,    0,    5,    0,    0,    5,    0,    5,    0,    0,    0,   -7,    5,    0,    0,    0,    0,    0,    0,    0,    0,    0,    0,    0,    0,    0,    0,    0,    0,    0,    0,    0,    0,    0,    0,    0,    0,    0,    0,    0,    0,    0,    0,    0,    0,    0,    0,    0,    0,    0,    0,    0,    0,    0,    0,   11,    0,    0,    0,    0,    0,    0,    0,    0,    0,    0,    0,    0,    0,    0,    0,    0,    0,    0,    0,    0,    0,    0,    0,    0,    0,    0,    0,    0,    0,    0,    0,    0,    0,    0,    0,
       0,   -9,    0,    0,   -7,   -5,    0,   10,    0,    0,   -7,    0,    0,    0,    0,    0,    0,    0,    0,    0,    0,    0,    0,    0,    0,    0,    0,    0,    0,  -11,    0,    0,    0,    0,    0,    0,    0,    0,    0,    0,    0,    0,    0,    0,    0,    0,    0,    0,   -7,    0,    0,    0,    0,    0,    0,    0,    0,    0,    0,    0,    0,    0,    0,    0,    0,    0,    0,    0,    0,    0,    0,    0,    0,    0,    0,    0,    0,    0,    0,    0,    0,    0,    0,    0,    0,    0,    0,    0,    0,    0,    0,    0,    0,    0,    0,    0,    0,    0,    0,    0,    0,    0,    0,    0,    0,    0,    0,    0,    0,    0,    0,    0,    0,    0,    0,    0,    0,    0,    0,    0,    0,    0,    0,    0,    0,    0,    0,    0,   -4,    0,    0,    0,    0,    0,    0,    0,    0,    0,    0,    0,    0,    0,    0,    0,    0,    0,    0,    0,    0,    0,    0,    0,   -7,   -7,    0,    0,    0,    0,    0,
       0,    0,    0,    0,   -8,    0,   -6,    8,  -13,    0,   -6,    0,    0,    0,    0,    0,    0,    0,    0,    0,    0,    0,    0,    0,    0,    0,    0,    0,    0,  -11,    0,    0,    0,    0,    0,    0,    0,    0,    0,    0,    0,    0,    0,    0,    0,    0,    0,    0,   -8,    0,    0,    0,    0,    0,    0,    0,    0,    0,    0,    0,    0,    0,    0,    0,    0,    0,    0,    0,    0,    0,   -7,    0,   -8,   -8,    0,  -12,   -7,    0,    0,    0,  -11,    0,  -10,   -6,    0,    0,    0,    0,    0,    0,    0,    0,    0,    0,    0,    0,    0,    0,    0,    0,    0,    0,    0,    0,    0,    0,    0,    0,    0,    0,    0,    0,    0,    0,    0,    0,    0,    0,  -12,    0,    0,    0,    0,   -8,    0,    0,    0,   -9,    0,    0,    0,    0,    0,    0,    0,    0,    0,    0,    0,    0,    0,    0,    0,    0,    0,    0,    0,    0,    0,    0,    0,    0,    0,    0,    0,    0,    0,    0,    0,
       0,    0,    0,    0,    0,   -6,    0,    8,   -6,    0,    0,    0,    0,    0,    0,    0,    0,    0,    0,    0,    0,    0,    0,    0,    0,    0,    0,    0,    0,    0,    0,    0,    0,    0,    0,    0,    0,    0,    0,    0,    0,    0,    0,    0,    0,    0,    0,    0,    0,    0,    0,    0,    0,    0,    0,    0,    0,    0,    0,    0,    0,    0,    0,    0,    0,    0,    0,    0,    0,   -5,    0,    0,    0,    0,    0,    0,    0,    0,    0,    0,    0,    0,    0,   -7,    0,    0,    0,    0,    0,    0,   -6,    0,    0,    0,    0,    0,    0,   -8,   -6,    0,   -4,    0,    0,   -7,    0,    0,    0,    0,    0,    0,    0,    0,    0,    0,   -4,    0,    0,    0,    0,   -7,    0,    0,    0,    0,    0,    0,    0,    0,  -15,    0,    0,    0,    0,    0,    0,    0,    0,    0,    0,    0,    0,    0,    0,    0,    0,    0,    0,    0,    0,    0,    0,    0,    0,    0,    0,    0,    0,    0,    0,
       0,    0,    0,   -4,    0,    0,    7,    0,    0,    0,   -6,    0,    0,    0,    0,    0,    0,    0,    0,    0,    0,    0,    0,    0,    0,    0,    0,    0,    0,    0,    0,    0,    0,    0,    0,    0,    0,    0,    0,    0,    0,    0,    0,    0,    0,    0,    0,   -5,    0,   -6,    0,    0,    0,    0,    0,    0,    0,    0,    0,    0,    0,    0,    0,    0,    0,    0,    0,    0,    0,    0,    0,    0,    0,    0,    0,    0,    0,    0,    0,    0,    0,    0,    0,    0,    0,    0,    0,    0,    0,    0,    5,    0,    0,    0,    0,    0,    0,    0,    0,   -4,    5,    0,    0,    0,    0,    0,    0,    0,    0,    0,    0,    0,   15,    0,    0,    0,    0,    0,    0,    0,    0,    0,    0,    0,    0,    0,    0,    0,    0,    0,    0,    0,    0,    0,    0,    0,    0,    0,    0,    0,    0,    0,    0,    0,    0,    0,    0,    0,    0,    0,    0,    0,    0,    0,    0,    0,    0,    0,    0,
       0,    0,    0,    0,    0,    0,    0,    0,    0,    0,    0,    0,    0,    0,    0,    0,    0,    0,    0,    0,    0,    0,    0,    0,    0,    0,    0,    0,    0,    0,    0,    0,    0,    0,    0,    0,    0,    0,    0,    0,    0,    0,    0,    0,    0,    0,    0,    0,    0,    0,    0,    0,    0,    0,    0,    0,    0,    0,    0,    0,    0,    0,    0,    0,    0,    0,    0,    0,    0,    0,    0,    0,    0,    0,    0,    0,    0,    0,    0,    0,    0,    0,    0,    0,    0,    0,    0,    0,    0,    0,    0,    0,    0,    0,    0,    0,    0,    0,    0,    0,    0,    0,    0,    0,    0,    0,    0,    0,    0,    0,    0,    0,    0,    0,    0,    0,    0,    0,    0,    0,    0,    0,    0,    0,    0,    0,    0,    0,    0,    0,    0,    0,    0,    0,    0,    0,    0,   -8,    0,   -4,   -1,    0,    0,    0,    0,    0,   -8,    0,   -4,    0,   -8,    0,    0,    0,    0,    0,    0,    0,    0,
       0,    0,    0,    0,    0,    0,    0,    0,    0,    0,    0,    0,    0,    0,    0,    0,    0,    0,    0,    0,    0,    0,    0,    0,    0,    0,    0,    0,    0,    0,    0,    0,    0,    0,    0,    0,    0,    0,    0,    0,    0,    0,    0,    0,    0,    0,    0,    0,    0,    0,    0,    0,    0,    0,    0,    0,    0,    0,    0,    0,    0,    0,    0,    0,    0,    0,    0,    0,    0,    0,    0,    0,    0,    0,    0,    0,    0,    0,    0,    0,    0,    0,    0,    0,    0,    0,    0,    0,    0,    0,    0,    0,    0,    0,    0,    0,    0,    0,    0,    0,    0,    0,    0,    0,    0,    0,    0,    0,    0,    0,    0,    0,    0,    0,    0,    0,    0,    0,    0,    0,    0,    0,    0,    0,    0,    0,    0,    0,    0,    0,    0,    0,   -2,    0,    0,    0,    0,    0,   -3,    0,    0,    0,    0,  -10,    0,    0,  -10,    0,    0,   -4,    0,    0,    0,    0,    0,    0,    0,    0,    0,
       0,    0,    0,    0,    0,    0,    0,    0,    0,    0,    0,    0,    0,    0,    0,    0,    0,    0,    0,    0,    0,    0,    0,    0,    0,    0,    0,    0,    0,    0,    0,    0,    0,    0,    0,    0,    0,    0,    0,    0,    0,    0,    0,    0,    0,    0,    0,    0,    0,    0,    0,    0,    0,    0,    0,    0,    0,    0,    0,    0,    0,    0,    0,    0,    0,    0,    0,    0,    0,    0,    0,    0,    0,    0,    0,    0,    0,    0,    0,    0,    0,    0,    0,    0,    0,    0,    0,    0,    0,    0,    0,    0,    0,    0,    0,    0,    0,    0,    0,    0,    0,    0,    0,    0,    0,    0,    0,    0,    0,    0,    0,    0,    0,    0,    0,    0,    0,    0,    0,    0,    0,    0,    0,    0,    0,    0,    0,    0,    0,    0,    3,    0,    0,    0,    0,    0,   -3,  -10,    0,   -2,   -5,    0,   -6,    0,    0,    0,   -4,    0,    0,    0,    0,    0,    0,    0,    0,    0,    0,    0,    0,
       0,    0,    0,    0,    0,    0,    0,    0,    0,    0,    0,    0,    0,    0,    0,    0,    0,    0,    0,    0,    0,    0,    0,    0,    0,    0,    0,    0,    0,    0,    0,    0,    0,    0,    0,    0,    0,    0,    0,    0,    0,    0,    0,    0,    0,    0,    0,    0,    0,    0,    0,    0,    0,    0,    0,    0,    0,    0,    0,    0,    0,    0,    0,    0,    0,    0,    0,    0,    0,    0,    0,    0,    0,    0,    0,    0,    0,    0,    0,    0,    0,    0,    0,    0,    0,    0,    0,    0,    0,    0,    0,    0,    0,    0,    0,    0,    0,    0,    0,    0,    0,    0,    0,    0,    0,    0,    0,    0,    0,    0,    0,    0,    0,    0,    0,    0,    0,    0,    0,    0,    0,    0,    0,    0,    0,    0,    0,    0,    0,    0,  -16,    0,    0,   -8,    0,    0,   -3,    0,  -20,  -13,    0,   -4,   -2,  -10,    0,  -20,  -13,    0,    0,  -13,    0,    0,    0,    0,    0,    0,    0,    0,    0,
       0,    0,    0,    0,    0,    0,    0,    0,    0,    0,    0,    0,    0,    0,    0,    0,    0,    0,    0,    0,    0,    0,    0,    0,    0,    0,    0,    0,    0,    0,    0,    0,    0,    0,    0,    0,    0,    0,    0,    0,    0,    0,    0,    0,    0,    0,    0,    0,    0,    0,    0,    0,    0,    0,    0,    0,    0,    0,    0,    0,    0,    0,    0,    0,    0,    0,    0,    0,    0,    0,    0,    0,    0,    0,    0,    0,    0,    0,    0,    0,    0,    0,    0,    0,    0,    0,    0,    0,    0,    0,    0,    0,    0,    0,    0,    0,    0,    0,    0,    0,    0,    0,    0,    0,    0,    0,    0,    0,    0,    0,    0,    0,    0,    0,    0,    0,    0,    0,    0,    0,    0,    0,    0,    0,    0,    0,    0,    0,    0,    0,   -4,    0,    0,    0,    0,    0,   -5,    0,    0,    0,    0,   -4,    0,   -6,    0,    0,   -8,    0,    0,   -9,    0,    0,    0,    0,    0,    0,    0,    0,    0,
       0,    0,    0,    0,    0,    0,    0,    0,    0,    0,    0,    0,    0,    0,    0,    0,    0,    0,    0,    0,    0,    0,    0,    0,    0,    0,    0,    0,    0,    0,    0,    0,    0,    0,    0,    0,    0,    0,    0,    0,    0,    0,    0,    0,    0,    0,    0,    0,    0,    0,    0,    0,    0,    0,    0,    0,    0,    0,    0,    0,    0,    0,    0,    0,    0,    0,    0,    0,    0,    0,    0,    0,    0,    0,    0,    0,    0,    0,    0,    0,    0,    0,    0,    0,    0,    0,    0,    0,    0,    0,    0,    0,    0,    0,    0,    0,    0,    0,    0,    0,    0,    0,    0,    0,    0,    0,    0,    0,    0,    0,    0,    0,    0,    0,    0,    0,    0,    0,    0,    0,    0,    0,    0,    0,    0,    0,    0,    0,    0,    0,   -3,    0,    0,    0,    0,    0,    0,    0,    0,    0,    0,    0,    0,    0,    0,    0,    0,    0,    0,    0,    0,    0,    0,    0,    0,    0,    0,    0,    0,
       0,    0,    0,    0,    0,    0,    0,    0,    0,    0,    0,    0,    0,    0,    0,    0,    0,    0,    0,    0,    0,    0,    0,    0,    0,    0,    0,    0,    0,    0,    0,    0,    0,    0,    0,    0,    0,    0,    0,    0,    0,    0,    0,    0,    0,    0,    0,    0,    0,    0,    0,    0,    0,    0,    0,    0,    0,    0,    0,    0,    0,    0,    0,    0,    0,    0,    0,    0,    0,    0,    0,    0,    0,    0,    0,    0,    0,    0,    0,    0,    0,    0,    0,    0,    0,    0,    0,    0,    0,    0,    0,    0,    0,    0,    0,    0,    0,    0,    0,    0,    0,    0,    0,    0,    0,    0,    0,    0,    0,    0,    0,    0,    0,    0,    0,    0,    0,    0,    0,    0,    0,    0,    0,    0,    0,    0,    0,    0,    0,    0,    0,    0,   -2,    0,    0,    0,   -8,    0,  -15,   -1,    0,    0,    0,    0,    0,   -9,   -6,   -3,   -3,   -2,    0,    0,    0,    0,    0,    0,    0,    0,    0,
       0,    0,    0,    0,    0,    0,    0,    0,    0,    0,    0,    0,    0,    0,    0,    0,    0,    0,    0,    0,    0,    0,    0,    0,    0,    0,    0,    0,    0,    0,    0,    0,    0,    0,    0,    0,    0,    0,    0,    0,    0,    0,    0,    0,    0,    0,    0,    0,    0,    0,    0,    0,    0,    0,    0,    0,    0,    0,    0,    0,    0,    0,    0,    0,    0,    0,    0,    0,    0,    0,    0,    0,    0,    0,    0,    0,    0,    0,    0,    0,    0,    0,    0,    0,    0,    0,    0,    0,    0,    0,    0,    0,    0,    0,    0,    0,    0,    0,    0,    0,    0,    0,    0,    0,    0,    0,    0,    0,    0,    0,    0,    0,    0,    0,    0,    0,    0,    0,    0,    0,    0,    0,    0,    0,    0,    0,    0,    0,    0,    0,  -24,    0,    0,   -8,    0,   -6,   -6,    0,    0,   -6,    0,  -12,   -6,   -6,    0,    0,   -8,    0,    0,   -8,    0,   -8,    0,    0,    0,    0,    0,    0,    0,
       0,    0,    0,    0,    0,    0,    0,    0,    0,    0,    0,    0,    0,    0,    0,    0,    0,    0,    0,    0,    0,    0,    0,    0,    0,    0,    0,    0,    0,    0,    0,    0,    0,    0,    0,    0,    0,    0,    0,    0,    0,    0,    0,    0,    0,    0,    0,    0,    0,    0,    0,    0,    0,    0,    0,    0,    0,    0,    0,    0,    0,    0,    0,    0,    0,    0,    0,    0,    0,    0,    0,    0,    0,    0,    0,    0,    0,    0,    0,    0,    0,    0,    0,    0,    0,    0,    0,    0,    0,    0,    0,    0,    0,    0,    0,    0,    0,    0,    0,    0,    0,    0,    0,    0,    0,    0,    0,    0,    0,    0,    0,    0,    0,    0,    0,    0,    0,    0,    0,    0,    0,    0,    0,    0,    0,    0,    0,    0,    0,    0,    0,    0,    0,    0,    0,    0,   -3,    0,    0,   -2,    0,    0,   -5,   -5,    0,   -9,   -9,    0,    0,    0,    0,    0,    0,    0,    0,    0,    0,    0,    0,
       0,    0,    0,    0,    0,    0,    0,    0,    0,    0,    0,    0,    0,    0,    0,    0,    0,    0,    0,    0,    0,    0,    0,    0,    0,    0,    0,    0,    0,    0,    0,    0,    0,    0,    0,    0,    0,    0,    0,    0,    0,    0,    0,    0,    0,    0,    0,    0,    0,    0,    0,    0,    0,    0,    0,    0,    0,    0,    0,    0,    0,    0,    0,    0,    0,    0,    0,    0,    0,    0,    0,    0,    0,    0,    0,    0,    0,    0,    0,    0,    0,    0,    0,    0,    0,    0,    0,    0,    0,    0,    0,    0,    0,    0,    0,    0,    0,    0,    0,    0,    0,    0,    0,    0,    0,    0,    0,    0,    0,    0,    0,    0,    0,    0,    0,    0,    0,    0,    0,    0,    0,    0,    0,    0,    0,    0,    0,    0,    0,    0,  -16,   -3,    0,    0,    0,    0,   -3,    0,  -12,   -9,    0,    0,    0,   -3,    0,  -18,   -5,    0,    0,    0,    3,   -1,    0,    0,    0,    0,    0,    0,    0,
       0,    0,    0,    0,    0,    0,    0,    0,    0,    0,    0,    0,    0,    0,    0,    0,    0,    0,    0,    0,    0,    0,    0,    0,    0,    0,    0,    0,    0,    0,    0,    0,    0,    0,    0,    0,    0,    0,    0,    0,    0,    0,    0,    0,    0,    0,    0,    0,    0,    0,    0,    0,    0,    0,    0,    0,    0,    0,    0,    0,    0,    0,    0,    0,    0,    0,    0,    0,    0,    0,    0,    0,    0,    0,    0,    0,    0,    0,    0,    0,    0,    0,    0,    0,    0,    0,    0,    0,    0,    0,    0,    0,    0,    0,    0,    0,    0,    0,    0,    0,    0,    0,    0,    0,    0,    0,    0,    0,    0,    0,    0,    0,    0,    0,    0,    0,    0,    0,    0,    0,    0,    0,    0,    0,    0,    0,    0,    0,    0,    0,    0,    0,    0,    0,    0,    0,    0,    0,    0,   -8,    0,   -2,   -8,  -10,    0,    0,  -10,    0,    0,    0,    0,    0,    0,    0,    0,    0,    0,    0,    0,
       0,    0,    0,    0,    0,    0,    0,    0,    0,    0,    0,    0,    0,    0,    0,    0,    0,    0,    0,    0,    0,    0,    0,    0,    0,    0,    0,    0,    0,    0,    0,    0,    0,    0,    0,    0,    0,    0,    0,    0,    0,    0,    0,    0,    0,    0,    0,    0,    0,    0,    0,    0,    0,    0,    0,    0,    0,    0,    0,    0,    0,    0,    0,    0,    0,    0,    0,    0,    0,    0,    0,    0,    0,    0,    0,    0,    0,    0,    0,    0,    0,    0,    0,    0,    0,    0,    0,    0,    0,    0,    0,    0,    0,    0,    0,    0,    0,    0,    0,    0,    0,    0,    0,    0,    0,    0,    0,    0,    0,    0,    0,    0,    0,    0,    0,    0,    0,    0,    0,    0,    0,    0,    0,    0,    0,    0,    0,    0,    0,    0,    0,    0,    0,    0,    0,    0,   -5,   -7,    0,   -4,    0,    0,    0,    0,    0,    0,    0,    0,    0,    0,    0,    0,    0,    0,    0,    0,    0,    0,    0,
       0,    0,    0,    0,    0,    0,    0,    0,    0,    0,    0,    0,    0,    0,    0,    0,    0,    0,    0,    0,    0,    0,    0,    0,    0,    0,    0,    0,    0,    0,    0,    0,    0,    0,    0,    0,    0,    0,    0,    0,    0,    0,    0,    0,    0,    0,    0,    0,    0,    0,    0,    0,    0,    0,    0,    0,    0,    0,    0,    0,    0,    0,    0,    0,    0,    0,    0,    0,    0,    0,    0,    0,    0,    0,    0,    0,    0,    0,    0,    0,    0,    0,    0,    0,    0,    0,    0,    0,    0,    0,    0,    0,    0,    0,    0,    0,    0,    0,    0,    0,    0,    0,    0,    0,    0,    0,    0,    0,    0,    0,    0,    0,    0,    0,    0,    0,    0,    0,    0,    0,    0,    0,    0,    0,    0,    0,    0,    0,    0,    0,    0,    0,    0,    0,    0,    0,   -3,    0,  -12,    0,   -3,    0,    0,   -3,    0,   -5,   -2,    0,    0,   -9,    0,    0,    0,    0,    0,    0,    0,    0,    0,
       0,    0,    0,    0,    0,    0,    0,    0,    0,    0,    0,    0,    0,    0,    0,    0,    0,    0,    0,    0,    0,    0,    0,    0,    0,    0,    0,    0,    0,    0,    0,    0,    0,    0,    0,    0,    0,    0,    0,    0,    0,    0,    0,    0,    0,    0,    0,    0,    0,    0,    0,    0,    0,    0,    0,    0,    0,    0,    0,    0,    0,    0,    0,    0,    0,    0,    0,    0,    0,    0,    0,    0,    0,    0,    0,    0,    0,    0,    0,    0,    0,    0,    0,    0,    0,    0,    0,    0,    0,    0,    0,    0,    0,    0,    0,    0,    0,    0,    0,    0,    0,    0,    0,    0,    0,    0,    0,    0,    0,    0,    0,    0,    0,    0,    0,    0,    0,    0,    0,    0,    0,    0,    0,    0,    0,    0,    0,    0,    0,    0,    0,    0,    0,    0,    0,    0,   -6,    0,    0,    0,    0,    0,    0,   -4,    0,    0,    0,    0,    0,    0,    0,    0,    0,    0,    0,    0,    0,    0,    0,
       0,    0,    0,    0,    0,    0,    0,    0,    0,    0,    0,    0,    0,    0,    0,    0,    0,    0,    0,    0,    0,    0,    0,    0,    0,    0,    0,    0,    0,    0,    0,    0,    0,    0,    0,    0,    0,    0,    0,    0,    0,    0,    0,    0,    0,    0,    0,    0,    0,    0,    0,    0,    0,    0,    0,    0,    0,    0,    0,    0,    0,    0,    0,    0,    0,    0,    0,    0,    0,    0,    0,    0,    0,    0,    0,    0,    0,    0,    0,    0,    0,    0,    0,    0,    0,    0,    0,    0,    0,    0,    0,    0,    0,    0,    0,    0,    0,    0,    0,    0,    0,    0,    0,    0,    0,    0,    0,    0,    0,    0,    0,    0,    0,    0,    0,    0,    0,    0,    0,    0,    0,    0,    0,    0,    0,    0,    0,    0,    0,    0,    0,    0,    0,    0,    0,    0,    0,    0,   -6,   -8,   -6,    0,    0,   -6,    0,  -14,   -3,    0,    0,    0,   -6,    0,    0,    0,    0,    0,    0,    0,    0,
       0,    0,    0,    0,    0,    0,    0,    0,    0,    0,    0,    0,    0,    0,    0,    0,    0,    0,    0,    0,    0,    0,    0,    0,    0,    0,    0,    0,    0,    0,    0,    0,    0,    0,    0,    0,    0,    0,    0,    0,    0,    0,    0,    0,    0,    0,    0,    0,    0,    0,    0,    0,    0,    0,    0,    0,    0,    0,    0,    0,    0,    0,    0,    0,    0,    0,    0,    0,    0,    0,    0,    0,    0,    0,    0,    0,    0,    0,    0,    0,    0,    0,    0,    0,    0,    0,    0,    0,    0,    0,    0,    0,    0,    0,    0,    0,    0,    0,    0,    0,    0,    0,    0,    0,    0,    0,    0,    0,    0,    0,    0,    0,    0,    0,    0,    0,    0,    0,    0,    0,    0,    0,    0,    0,    0,    0,    0,    0,    0,   -2,   -4,    0,   -3,    0,    0,    0,    0,   -8,    0,    0,    0,   -4,    0,  -10,    0,    0,   -9,    0,    0,    0,    0,    0,    0,    0,    0,    0,    0,    0,    0,
       0,    0,    0,    0,    0,    0,    0,    0,    0,    0,    0,    0,    0,    0,    0,    0,    0,    0,    0,    0,    0,    0,    0,    0,    0,    0,    0,    0,    0,    0,    0,    0,    0,    0,    0,    0,    0,    0,    0,    0,    0,    0,    0,    0,    0,    0,    0,    0,    0,    0,    0,    0,    0,    0,    0,    0,    0,    0,    0,    0,    0,    0,    0,    0,    0,    0,    0,    0,    0,    0,    0,    0,    0,    0,    0,    0,    0,    0,    0,    0,    0,    0,    0,    0,    0,    0,    0,    0,    0,    0,    0,    0,    0,    0,    0,    0,    0,    0,    0,    0,    0,    0,    0,    0,    0,    0,    0,    0,    0,    0,    0,    0,    0,    0,    0,    0,    0,    0,    0,    0,    0,    0,    0,    0,    0,    0,    0,    0,    0,    0,  -16,    0,    0,    0,    0,    0,   -8,    0,  -12,   -3,    0,    0,   -6,   -9,    0,  -12,   -9,    0,    0,   -8,    0,  -10,    0,    0,    0,    0,    0,    0,    0,
       0,    0,    0,    0,    0,    0,    0,    0,    0,    0,    0,    0,    0,    0,    0,    0,    0,    0,    0,    0,    0,    0,    0,    0,    0,    0,    0,    0,    0,    0,    0,    0,    0,    0,    0,    0,    0,    0,    0,    0,    0,    0,    0,    0,    0,    0,    0,    0,    0,    0,    0,    0,    0,    0,    0,    0,    0,    0,    0,    0,    0,    0,    0,    0,    0,    0,    0,    0,    0,    0,    0,    0,    0,    0,    0,    0,    0,    0,    0,    0,    0,    0,    0,    0,    0,    0,    0,    0,    0,    0,    0,    0,    0,    0,    0,    0,    0,    0,    0,    0,    0,    0,    0,    0,    0,    0,    0,    0,    0,    0,    0,    0,    0,    0,    0,    0,    0,    0,    0,    0,    0,    0,    0,    0,    0,    0,    0,    0,    0,    0,  -11,    0,    0,    0,    0,    0,   -3,    0,    0,  -11,    0,   -6,    0,   -9,    0,    0,   -6,    0,    0,   -6,    0,    0,    0,    0,    0,    0,    0,    0,    0,
       0,    0,    0,    0,    0,    0,    0,    0,    0,    0,    0,    0,    0,    0,    0,    0,    0,    0,    0,    0,    0,    0,    0,    0,    0,    0,    0,    0,    0,    0,    0,    0,    0,    0,    0,    0,    0,    0,    0,    0,    0,    0,    0,    0,    0,    0,    0,    0,    0,    0,    0,    0,    0,    0,    0,    0,    0,    0,    0,    0,    0,    0,    0,    0,    0,    0,    0,    0,    0,    0,    0,    0,    0,    0,    0,    0,    0,    0,    0,    0,    0,    0,    0,    0,    0,    0,    0,    0,    0,    0,    0,    0,    0,    0,    0,    0,    0,    0,    0,    0,    0,    0,    0,    0,    0,    0,    0,    0,    0,    0,    0,    0,    0,    0,    0,    0,    0,    0,    0,    0,    0,    0,    0,    0,    0,    0,    0,    0,    0,    0,    0,    0,  -19,    0,  -20,    0,    0,   -7,    0,   -3,   -3,    0,  -15,  -16,  -16,    0,   -4,    0,    0,    0,   -8,    0,    0,    0,    0,    0,    0,    0,    0,
       0,    0,    0,    0,    0,    0,    0,    0,    0,    0,    0,    0,  -33,    0,  -12,  -12,  -38,   -8,  -12,    6,    8,    7,   11,   13,    6,   10,    9,    0,    0,    0,  -11,    0,  -13,  -17,    0,    0,    0,    0,    0,   -8,    0,    0,    5,    5,    0,    5,    0,    0,    0,    0,    0,  -78,    0,  -11,    0,    0,    0,  -28,    0,    0,    0,    0,    0,    0,    0,    0,    0,    8,    0,    6,  -38,  -24,    0,  -33,  -22,    5,    0,   -8,  -12,   -5,    6,    6,    0,    0,  -11,    0,    0,    0,  -17,  -13,    0,    0,  -18,   -6,  -17,    0,  -12,    0,    0,  -21,    0,    0,    0,    0,    0,    0,   -8,    6,   -9,   -8,    0,    0,    0,    6,    0,    0,    0,  -11,    6,    0,    0,    0,    0,  -40,   -6,    0,   -4,    0,    0,    0,    0,    0,    0,    0,    0,    0,    0,    0,    0,    0,    0,    0,    0,    0,    0,    0,    0,    0,    0,    0,    0,    0,    0,    0,    0,    0,    0,    0,    0,
       0,    0,    0,    0,    0,    0,    0,    0,    0,    0,    0,    0,  -39,    0,  -15,  -15,  -42,    0,  -15,   -8,    7,    5,   11,   12,    6,    9,    7,    0,    0,    0,  -25,   -4,  -29,  -29,   -8,   -4,   -4,    0,  -17,  -31,    0,  -13,   -4,   -4,    0,   -4,  -13,    0,    0,    0,    0,  -52,   -8,  -25,   -4,   -4,   -4,  -29,   -4,   -4,   -4,    0,    0,    0,    0,    0,    0,    7,   -7,   -8,  -42,  -26,    0,  -39,  -25,    0,    0,    0,  -15,  -10,    6,    0,    0,   -5,  -25,    0,   -8,   -8,  -23,  -20,    0,   -6,  -25,  -12,  -29,  -10,  -20,    0,    0,  -28,    0,    0,   -8,    0,   -6,   -7,  -15,    0,  -18,  -31,    0,    0,    0,    0,    0,    0,   -7,  -20,    5,    0,    0,    0,   -5,  -43,  -12,   -5,  -11,    0,   -7,    0,    0,    0,    0,    0,    0,    0,    0,    0,    0,    0,    0,    0,    0,    0,    0,    0,    0,    0,    0,    0,    0,    0,    0,    0,    0,    0,    0,    0,    0,
       0,    0,    0,    0,    0,    0,    0,    0,    0,    0,    0,    0,    8,    0,  -13,  -13,    9,    0,  -13,    4,  -30,   -8,  -50,  -30,    9,  -43,    8,    0,    0,    0,    4,    4,    0,    0,    4,    4,    4,   12,    4,    4,    0,    4,  -16,  -12,    8,  -16,   10,    0,    0,    0,    0,    9,    0,    4,    4,    4,    4,    0,    4,    4,    4,    0,    0,    0,    0,    0,    0,    0,    0,    0,    0,    0,    0,    0,    0,    0,    0,    0,    0,    0,    0,    0,    0,    0,    0,    0,    0,    0,    0,    0,    0,    0,    0,    0,    0,    0,    0,    0,    0,    0,    0,    0,    0,    0,    0,    0,    0,    0,    0,    0,    0,    0,    0,    0,    0,    0,    0,    0,    0,    0,    0,    0,    0,    0,    0,    0,    0,    0,    0,    0,    0,    0,    0,    0,    0,    0,    0,    0,    0,    0,    0,    0,    0,    0,    0,    0,    0,    0,    0,    0,    0,    0,    0,    0,    0,    0,    0,    0,    0,
       0,    0,    0,    0,    0,    0,    0,    0,    0,    0,    0,    0,    0,    0,    0,    0,    0,    0,    0,    0,    0,    0,    0,    0,    0,    0,    0,    0,    0,    0,    0,    0,    0,    0,    0,    0,    0,    0,    0,    0,    0,    0,    0,    0,    0,    0,    0,    0,    0,    0,    0,    0,    0,    0,    0,    0,    0,    0,    0,    0,    0,    0,    0,    0,    0,    0,    0,    0,    0,    0,    0,    0,    0,    0,    0,    0,    0,    0,    0,    0,    0,    0,    0,    0,    0,    0,    0,    0,    0,    0,    0,    0,    0,    0,    0,    0,    0,    0,    0,    0,    0,    0,    0,    0,    0,    0,    0,    0,    0,    0,    0,    0,    0,    0,    0,    0,    0,    0,    0,    0,    0,    0,    0,    0,    0,    0,    0,    0,    0,    0,    0,    0,    0,    0,    0,    0,    0,    0,    0,    0,    0,    0,    0,    0,    0,    0,    0,    0,    0,    0,    0,    0,    0,    0,    0,  -16,  -10,  -12,   20,
};

static const EpdLigaturePair ubuntu_12_boldLigaturePairs[] = {
    { 0x00660066, 0xFB00 }, // f f -> U+FB00
    { 0x00660069, 0xFB01 }, // f i -> U+FB01
    { 0x0066006C, 0xFB02 }, // f l -> U+FB02
    { 0xFB000069, 0xFB03 }, // U+FB00 i -> U+FB03
    { 0xFB00006C, 0xFB04 }, // U+FB00 l -> U+FB04
};

static const EpdFontData ubuntu_12_bold = {
    ubuntu_12_boldBitmaps,
    ubuntu_12_boldGlyphs,
    ubuntu_12_boldIntervals,
    69,
    29,
    24,
    -5,
    false,
    nullptr,
    0,
    nullptr,
    ubuntu_12_boldKernLeftClasses,
    ubuntu_12_boldKernRightClasses,
    ubuntu_12_boldKernMatrix,
    576,
    577,
    173,
    159,
    ubuntu_12_boldLigaturePairs,
    5,
};
