/**
 * generated by fontconvert.py
 * name: ubuntu_12_medium
 * size: 12
 * mode: 1-bit mono
 * Command used: fontconvert.py ubuntu_12_medium 12 ../builtinFonts/source/Ubuntu/Ubuntu-Medium.ttf ../builtinFonts/source/NotoSansHebrew/NotoSansHebrew-Regular.ttf ../builtinFonts/source/NotoSansArabic/NotoSansArabic-Regular.ttf ../builtinFonts/source/Ubuntu/Ubuntu-Vietnamese-Medium.ttf --mono --additional-intervals 0x05D0,0x05EA --additional-intervals 0x060C,0x060C --additional-intervals 0x061B,0x061B --additional-intervals 0x061F,0x061F --additional-intervals 0x0621,0x0621 --additional-intervals 0x0640,0x0640 --additional-intervals 0x0660,0x0669 --additional-intervals 0x06BA,0x06BA --additional-intervals 0x06D4,0x06D4 --additional-intervals 0x06F0,0x06F9 --additional-intervals 0xFB56,0xFB59 --additional-intervals 0xFB66,0xFB69 --additional-intervals 0xFB7A,0xFB7D --additional-intervals 0xFB88,0xFB95 --additional-intervals 0xFB9E,0xFB9F --additional-intervals 0xFBA6,0xFBB1 --additional-intervals 0xFBFC,0xFBFF --additional-intervals 0xFE80,0xFEFC
 */
#pragma once
#include "EpdFontData.h"

static const uint8_t ubuntu_12_mediumBitmaps[31262] = {
    0x00, 0x00, 0x00, 0x00, 0x00, 0x00, 0xFF, 0xFF, 0xFF, 0xFD, 0x20, 0x3F, 0xE0, 0xE7, 0xE7, 0xE7,
    0xE7, 0xE7, 0xE7, 0xE7, 0x0E, 0x1C, 0x1C, 0x38, 0x38, 0xF0, 0xE1, 0xCF, 0xFF, 0xFF, 0xFF, 0xFF,
    0xFF, 0x8E, 0x1C, 0x3C, 0x78, 0x70, 0xE3, 0xFF, 0xFF, 0xFF, 0xFF, 0xFF, 0xE7, 0x0E, 0x1E, 0x38,
    0x38, 0x70, 0x70, 0xE0, 0x0E, 0x01, 0xC0, 0x38, 0x1F, 0xC7, 0xFD, 0xFF, 0xBC, 0x27, 0x00, 0xE0,
    0x0F, 0x81, 0xFC, 0x0F, 0xE0, 0x3C, 0x01, 0xC0, 0x3A, 0x0F, 0xFF, 0xFF, 0xF8, 0xFE, 0x07, 0x00,
    0xE0, 0x1C, 0x00, 0x3E, 0x0F, 0x07, 0xF0, 0xE0, 0xF7, 0x9E, 0x0E, 0x39, 0xC0, 0xE3, 0xBC, 0x0E,
    0x3B, 0x80, 0xF7, 0xF8, 0x07, 0xF7, 0x00, 0x3E, 0xF7, 0xC0, 0x0E, 0xFE, 0x01, 0xFE, 0xF0, 0x1D,
    0xC7, 0x03, 0xDC, 0x70, 0x39, 0xC7, 0x07, 0x9E, 0xF0, 0x70, 0xFE, 0x0F, 0x07, 0xC0, 0x0F, 0x80,
    0x1F, 0xC0, 0x3F, 0xE0, 0x38, 0xE0, 0x38, 0xE0, 0x38, 0xE0, 0x1D, 0xC0, 0x1F, 0x80, 0x1F, 0x00,
    0x7F, 0x8E, 0x73, 0xCE, 0xE1, 0xFC, 0xE0, 0x7C, 0xF0, 0x3C, 0xFF, 0xFC, 0x7F, 0xEE, 0x1F, 0x87,
    0xFF, 0xFF, 0xF8, 0x0C, 0x1C, 0x71, 0xE3, 0x8E, 0x1C, 0x38, 0xE1, 0xC3, 0x87, 0x0E, 0x1C, 0x38,
    0x70, 0xE0, 0xE1, 0xC3, 0x83, 0x87, 0x87, 0x07, 0x0C, 0x61, 0xC1, 0xC3, 0xC3, 0x87, 0x87, 0x0E,
    0x0E, 0x1C, 0x38, 0x70, 0xE1, 0xC3, 0x87, 0x0E, 0x38, 0x71, 0xE3, 0x8F, 0x1C, 0x70, 0x60, 0x0E,
    0x01, 0xC1, 0x39, 0x72, 0x7F, 0x5E, 0xFF, 0x87, 0xC1, 0xDC, 0x7B, 0xC2, 0x30, 0x0E, 0x01, 0xC0,
    0x38, 0x07, 0x0F, 0xFF, 0xFF, 0xFF, 0xF8, 0x70, 0x0E, 0x01, 0xC0, 0x38, 0x00, 0x77, 0x77, 0x6E,
    0x40, 0xFF, 0xFF, 0xC0, 0xFF, 0x80, 0x00, 0xE0, 0x3C, 0x07, 0x00, 0xE0, 0x3C, 0x07, 0x00, 0xE0,
    0x3C, 0x07, 0x00, 0xE0, 0x1C, 0x07, 0x00, 0xE0, 0x1C, 0x07, 0x00, 0xE0, 0x1C, 0x07, 0x80, 0xE0,
    0x1C, 0x07, 0x80, 0xE0, 0x1C, 0x07, 0x80, 0xE0, 0x00, 0x0F, 0x03, 0xFC, 0x7F, 0xE7, 0x1E, 0x70,
    0xEE, 0x07, 0xE0, 0x7E, 0x07, 0xE0, 0x7E, 0x07, 0xE0, 0x7E, 0x07, 0xF0, 0xE7, 0x1E, 0x7F, 0xE3,
    0xFC, 0x0F, 0x00, 0x07, 0x0F, 0x3F, 0xFF, 0xF7, 0x47, 0x07, 0x07, 0x07, 0x07, 0x07, 0x07, 0x07,
    0x07, 0x07, 0x07, 0x07, 0x1F, 0x0F, 0xF3, 0xFF, 0x71, 0xE4, 0x1C, 0x03, 0x80, 0x70, 0x1C, 0x07,
    0x01, 0xC0, 0x70, 0x1C, 0x07, 0x00, 0xC0, 0x3F, 0xFF, 0xFF, 0xFF, 0xE0, 0x7F, 0x1F, 0xF1, 0xFF,
    0x21, 0xE0, 0x1C, 0x07, 0x87, 0xE0, 0xFC, 0x1F, 0xC0, 0x3C, 0x03, 0x80, 0x70, 0x0F, 0x83, 0xFF,
    0xF7, 0xFC, 0x7F, 0x00, 0x01, 0xC0, 0x3C, 0x07, 0xC0, 0xFC, 0x1D, 0xC1, 0xDC, 0x39, 0xC7, 0x1C,
    0x71, 0xCE, 0x1C, 0xFF, 0xFF, 0xFF, 0xFF, 0xF0, 0x1C, 0x01, 0xC0, 0x1C, 0x01, 0xC0, 0x7F, 0xCF,
    0xF9, 0xFF, 0x38, 0x07, 0x00, 0xE0, 0x1F, 0x83, 0xFC, 0x7F, 0xC0, 0x7C, 0x03, 0x80, 0x70, 0x0E,
    0x83, 0xFF, 0xF7, 0xFC, 0x7F, 0x00, 0x01, 0xE0, 0x7E, 0x1F, 0xE3, 0xE0, 0x78, 0x07, 0x00, 0xEF,
    0x8F, 0xFE, 0xFF, 0xEF, 0x0F, 0xE0, 0x7E, 0x07, 0xE0, 0x77, 0x0F, 0x7F, 0xE3, 0xFC, 0x1F, 0x80,
    0xFF, 0xFF, 0xFF, 0xFF, 0xF0, 0x0E, 0x01, 0xC0, 0x1C, 0x03, 0x80, 0x38, 0x07, 0x00, 0x70, 0x0E,
    0x00, 0xE0, 0x0E, 0x00, 0xE0, 0x1C, 0x01, 0xC0, 0x1C, 0x00, 0x1F, 0x87, 0xFE, 0x7F, 0xFF, 0x0F,
    0xE0, 0x7E, 0x07, 0x70, 0xE3, 0xFC, 0x3F, 0xC7, 0x1E, 0xE0, 0xFE, 0x07, 0xE0, 0x7F, 0x0F, 0x7F,
    0xE7, 0xFE, 0x1F, 0x80, 0x1F, 0x83, 0xFC, 0x7F, 0xEF, 0x0E, 0xE0, 0x7E, 0x07, 0xE0, 0x7F, 0x0F,
    0x7F, 0xF7, 0xFF, 0x1E, 0xF0, 0x0E, 0x01, 0xE0, 0x7C, 0x7F, 0x87, 0xF0, 0x78, 0x00, 0xFF, 0x80,
    0x00, 0x1F, 0xF0, 0x39, 0xCE, 0x00, 0x00, 0x00, 0x03, 0x9C, 0xE7, 0x33, 0x88, 0x00, 0x20, 0x1F,
    0x0F, 0xF7, 0xFE, 0xFF, 0x0F, 0x80, 0xF8, 0x0F, 0xF0, 0x7F, 0xE0, 0xFF, 0x01, 0xF0, 0x02, 0xFF,
    0xFF, 0xFF, 0xFF, 0xF0, 0x00, 0x00, 0x00, 0x00, 0xFF, 0xFF, 0xFF, 0xFF, 0xF0, 0x40, 0x0F, 0x80,
    0xFF, 0x07, 0xFE, 0x0F, 0xF0, 0x1F, 0x01, 0xF0, 0xFF, 0x7F, 0xEF, 0xF0, 0xF8, 0x04, 0x00, 0x7E,
    0x7F, 0xBF, 0xE8, 0xF0, 0x38, 0x1C, 0x1C, 0x1C, 0x1C, 0x1E, 0x0E, 0x07, 0x00, 0x00, 0x00, 0x70,
    0x38, 0x1C, 0x00, 0x01, 0xFC, 0x00, 0x7F, 0xF0, 0x0F, 0xFF, 0x81, 0xF0, 0x7C, 0x3C, 0x01, 0xE7,
    0x80, 0x0E, 0x70, 0x7C, 0xE7, 0x1F, 0xC7, 0xE1, 0xFC, 0x7E, 0x3D, 0xC7, 0xE3, 0x9C, 0x7E, 0x39,
    0xC7, 0xE3, 0x9C, 0x7E, 0x39, 0xCF, 0xE3, 0x9C, 0xEE, 0x1F, 0xFE, 0xF1, 0xFF, 0xC7, 0x0F, 0xF8,
    0x78, 0x00, 0x03, 0xC0, 0x00, 0x3F, 0x04, 0x01, 0xFF, 0xC0, 0x07, 0xFC, 0x00, 0x1F, 0x80, 0x03,
    0xE0, 0x01, 0xF0, 0x01, 0xFC, 0x00, 0xEE, 0x00, 0x77, 0x00, 0x7B, 0xC0, 0x38, 0xE0, 0x3C, 0x78,
    0x1C, 0x1C, 0x0E, 0x0E, 0x0F, 0xFF, 0x87, 0xFF, 0xC7, 0xFF, 0xF3, 0x80, 0x39, 0xC0, 0x1D, 0xE0,
    0x0F, 0xE0, 0x03, 0x80, 0xFF, 0x87, 0xFF, 0x3F, 0xF9, 0xC1, 0xEE, 0x07, 0x70, 0x3B, 0x83, 0x9F,
    0xFC, 0xFF, 0xE7, 0xFF, 0xB8, 0x1F, 0xC0, 0x7E, 0x03, 0xF0, 0x3F, 0xFF, 0xDF, 0xFC, 0xFF, 0x80,
    0x07, 0xF8, 0x7F, 0xF3, 0xFF, 0xDF, 0x02, 0x70, 0x03, 0xC0, 0x0E, 0x00, 0x38, 0x00, 0xE0, 0x03,
    0x80, 0x0E, 0x00, 0x3C, 0x00, 0x70, 0x01, 0xF0, 0x23, 0xFF, 0x87, 0xFF, 0x07, 0xF8, 0xFF, 0x81,
    0xFF, 0xC3, 0xFF, 0xE7, 0x03, 0xEE, 0x03, 0xDC, 0x03, 0xF8, 0x03, 0xF0, 0x07, 0xE0, 0x0F, 0xC0,
    0x1F, 0x80, 0x3F, 0x00, 0xFE, 0x03, 0xDC, 0x1F, 0xBF, 0xFE, 0x7F, 0xF0, 0xFF, 0x80, 0xFF, 0xEF,
    0xFE, 0xFF, 0xEE, 0x00, 0xE0, 0x0E, 0x00, 0xE0, 0x0F, 0xFE, 0xFF, 0xEF, 0xFE, 0xE0, 0x0E, 0x00,
    0xE0, 0x0E, 0x00, 0xFF, 0xFF, 0xFF, 0xFF, 0xF0, 0xFF, 0xFF, 0xFF, 0xFF, 0xF0, 0x0E, 0x01, 0xC0,
    0x38, 0x07, 0xFE, 0xFF, 0xDF, 0xFB, 0x80, 0x70, 0x0E, 0x01, 0xC0, 0x38, 0x07, 0x00, 0xE0, 0x00,
    0x07, 0xF8, 0x7F, 0xF3, 0xFF, 0xDF, 0x02, 0x70, 0x03, 0xC0, 0x0E, 0x00, 0x38, 0x00, 0xE0, 0x1F,
    0x80, 0x7E, 0x01, 0xFC, 0x07, 0x70, 0x1D, 0xF0, 0x73, 0xFF, 0xC7, 0xFF, 0x07, 0xFC, 0xE0, 0x1F,
    0x80, 0x7E, 0x01, 0xF8, 0x07, 0xE0, 0x1F, 0x80, 0x7F, 0xFF, 0xFF, 0xFF, 0xFF, 0xFF, 0x80, 0x7E,
    0x01, 0xF8, 0x07, 0xE0, 0x1F, 0x80, 0x7E, 0x01, 0xF8, 0x07, 0xE0, 0x1C, 0xFF, 0xFF, 0xFF, 0xFF,
    0xFF, 0xFF, 0xE0, 0x00, 0xE0, 0x1C, 0x03, 0x80, 0x70, 0x0E, 0x01, 0xC0, 0x38, 0x07, 0x00, 0xE0,
    0x1C, 0x03, 0x80, 0x70, 0x0E, 0x83, 0xFF, 0xF7, 0xFE, 0x3F, 0x00, 0xE0, 0x7B, 0x83, 0xCE, 0x1E,
    0x38, 0xF0, 0xE7, 0x83, 0xBC, 0x0F, 0xE0, 0x3F, 0x00, 0xFE, 0x03, 0xFC, 0x0E, 0xF8, 0x38, 0xF0,
    0xE1, 0xE3, 0x83, 0x8E, 0x0F, 0x38, 0x1E, 0xE0, 0x3C, 0xE0, 0x1C, 0x03, 0x80, 0x70, 0x0E, 0x01,
    0xC0, 0x38, 0x07, 0x00, 0xE0, 0x1C, 0x03, 0x80, 0x70, 0x0E, 0x01, 0xC0, 0x3F, 0xFF, 0xFF, 0xFF,
    0xE0, 0x70, 0x03, 0x9E, 0x01, 0xE7, 0x80, 0x7B, 0xF0, 0x3F, 0xFC, 0x0F, 0xFB, 0x83, 0x7E, 0xE1,
    0xDF, 0x9C, 0x67, 0xE7, 0x39, 0xF8, 0xEC, 0x7E, 0x3B, 0x1F, 0x8F, 0xC7, 0xE1, 0xE1, 0xF8, 0x78,
    0x7E, 0x0C, 0x1F, 0x80, 0x07, 0xE0, 0x01, 0xC0, 0xE0, 0x0F, 0xE0, 0x1F, 0xE0, 0x3F, 0xE0, 0x7F,
    0xE0, 0xFF, 0xE1, 0xFB, 0xC3, 0xF3, 0xC7, 0xE3, 0xCF, 0xC3, 0xDF, 0x83, 0xFF, 0x07, 0xFE, 0x07,
    0xFC, 0x07, 0xF8, 0x07, 0xF0, 0x0F, 0xE0, 0x0E, 0x03, 0xF0, 0x03, 0xFF, 0x03, 0xFF, 0xF1, 0xF0,
    0x3E, 0x78, 0x07, 0xBC, 0x00, 0xFE, 0x00, 0x1F, 0x80, 0x07, 0xE0, 0x01, 0xF8, 0x00, 0x7E, 0x00,
    0x1F, 0xC0, 0x0F, 0x78, 0x07, 0x9F, 0x03, 0xE3, 0xFF, 0xF0, 0x7F, 0xF0, 0x03, 0xF0, 0x00, 0xFF,
    0x87, 0xFF, 0x3F, 0xFD, 0xC0, 0xFE, 0x03, 0xF0, 0x1F, 0x80, 0xFC, 0x1F, 0xFF, 0xF7, 0xFF, 0x3F,
    0xE1, 0xC0, 0x0E, 0x00, 0x70, 0x03, 0x80, 0x1C, 0x00, 0xE0, 0x00, 0x03, 0xF0, 0x03, 0xFF, 0x03,
    0xFF, 0xF1, 0xF0, 0x3C, 0x78, 0x07, 0xBC, 0x00, 0xFE, 0x00, 0x1F, 0x80, 0x07, 0xE0, 0x01, 0xF8,
    0x00, 0x7E, 0x00, 0x1F, 0xC0, 0x0F, 0x78, 0x07, 0x9F, 0x03, 0xE3, 0xFF, 0xF0, 0x7F, 0xF8, 0x07,
    0xF8, 0x00, 0x38, 0x00, 0x0F, 0x80, 0x01, 0xFC, 0x00, 0x3F, 0x00, 0x03, 0x80, 0xFF, 0x83, 0xFF,
    0x8F, 0xFF, 0x38, 0x1E, 0xE0, 0x3B, 0x80, 0xEE, 0x03, 0xB8, 0x1E, 0xFF, 0xF3, 0xFF, 0x8F, 0xFC,
    0x38, 0x78, 0xE0, 0xF3, 0x83, 0xCE, 0x07, 0xB8, 0x0E, 0xE0, 0x3C, 0x1F, 0x87, 0xFE, 0x7F, 0xEF,
    0x04, 0xE0, 0x0E, 0x00, 0xF0, 0x07, 0xE0, 0x3F, 0x80, 0x7E, 0x00, 0xF0, 0x07, 0x00, 0x74, 0x0F,
    0xFF, 0xFF, 0xFE, 0x3F, 0x80, 0xFF, 0xFF, 0xFF, 0xFF, 0xFE, 0x0E, 0x00, 0x70, 0x03, 0x80, 0x1C,
    0x00, 0xE0, 0x07, 0x00, 0x38, 0x01, 0xC0, 0x0E, 0x00, 0x70, 0x03, 0x80, 0x1C, 0x00, 0xE0, 0x07,
    0x00, 0xE0, 0x1F, 0x80, 0x7E, 0x01, 0xF8, 0x07, 0xE0, 0x1F, 0x80, 0x7E, 0x01, 0xF8, 0x07, 0xE0,
    0x1F, 0x80, 0x7E, 0x01, 0xF8, 0x07, 0xF0, 0x3D, 0xE1, 0xE7, 0xFF, 0x8F, 0xFC, 0x0F, 0xC0, 0xE0,
    0x0F, 0xC0, 0x1D, 0xC0, 0x73, 0x80, 0xE7, 0x01, 0xC7, 0x07, 0x0E, 0x0E, 0x1C, 0x1C, 0x3C, 0x70,
    0x38, 0xE0, 0x71, 0xC0, 0x77, 0x00, 0xEE, 0x01, 0xFC, 0x01, 0xF0, 0x03, 0xE0, 0x07, 0xC0, 0xE0,
    0x00, 0x3F, 0x80, 0x00, 0xEE, 0x07, 0x03, 0xB8, 0x3E, 0x0E, 0xF0, 0xF8, 0x39, 0xC3, 0xE1, 0xE7,
    0x0D, 0x87, 0x1C, 0x77, 0x1C, 0x79, 0xDC, 0x71, 0xE7, 0x73, 0xC3, 0xB8, 0xEE, 0x0E, 0xE3, 0xB8,
    0x3F, 0x8E, 0xE0, 0xFE, 0x1F, 0x81, 0xF0, 0x7C, 0x07, 0xC1, 0xF0, 0x1F, 0x03, 0xC0, 0xF0, 0x3D,
    0xC0, 0xE3, 0x87, 0x0F, 0x3C, 0x1C, 0xE0, 0x7F, 0x80, 0xFC, 0x01, 0xE0, 0x07, 0x80, 0x1E, 0x00,
    0xFC, 0x07, 0xF8, 0x1C, 0xE0, 0xE1, 0xC7, 0x87, 0x9C, 0x0E, 0xF0, 0x3C, 0xF0, 0x1E, 0xE0, 0x39,
    0xE0, 0xF1, 0xC1, 0xC3, 0xC7, 0x83, 0x8E, 0x03, 0xB8, 0x07, 0x70, 0x07, 0xC0, 0x0F, 0x80, 0x0E,
    0x00, 0x1C, 0x00, 0x38, 0x00, 0x70, 0x00, 0xE0, 0x01, 0xC0, 0x03, 0x80, 0xFF, 0xFF, 0xFF, 0xFF,
    0xFE, 0x00, 0xE0, 0x0E, 0x00, 0xE0, 0x0F, 0x00, 0xF0, 0x0F, 0x00, 0x70, 0x07, 0x80, 0x78, 0x07,
    0x80, 0x3C, 0x03, 0xFF, 0xFF, 0xFF, 0xFF, 0xF8, 0xFF, 0xFF, 0xF8, 0xE3, 0x8E, 0x38, 0xE3, 0x8E,
    0x38, 0xE3, 0x8E, 0x38, 0xE3, 0x8E, 0x38, 0xE3, 0x8F, 0xFF, 0xFC, 0xE0, 0x1E, 0x01, 0xC0, 0x38,
    0x07, 0x80, 0x70, 0x0E, 0x01, 0xE0, 0x1C, 0x03, 0x80, 0x70, 0x07, 0x00, 0xE0, 0x1C, 0x01, 0xC0,
    0x38, 0x07, 0x00, 0x70, 0x0E, 0x01, 0xC0, 0x3C, 0x03, 0x80, 0x70, 0x0F, 0x00, 0xE0, 0xFF, 0xFF,
    0xC7, 0x1C, 0x71, 0xC7, 0x1C, 0x71, 0xC7, 0x1C, 0x71, 0xC7, 0x1C, 0x71, 0xC7, 0x1C, 0x7F, 0xFF,
    0xFC, 0x07, 0x00, 0xF8, 0x0F, 0x81, 0xDC, 0x1D, 0xC3, 0x8E, 0x38, 0xE7, 0x07, 0x70, 0x72, 0x02,
    0xFF, 0xFF, 0xFF, 0xFF, 0xFE, 0x63, 0x87, 0x0E, 0x1C, 0x20, 0x3F, 0x1F, 0xE7, 0xFD, 0x0F, 0x01,
    0xCF, 0xF7, 0xFF, 0xFF, 0xE1, 0xF8, 0x7F, 0xFD, 0xFF, 0x3F, 0x80, 0xE0, 0x0E, 0x00, 0xE0, 0x0E,
    0x00, 0xE0, 0x0E, 0x00, 0xFF, 0x8F, 0xFC, 0xFF, 0xEE, 0x0E, 0xE0, 0x7E, 0x07, 0xE0, 0x7E, 0x07,
    0xE0, 0xFE, 0x1E, 0xFF, 0xEF, 0xFC, 0xFF, 0x00, 0x0F, 0x8F, 0xF7, 0xFD, 0xC2, 0xE0, 0x38, 0x0E,
    0x03, 0x80, 0xE0, 0x1E, 0x17, 0xFC, 0xFF, 0x0F, 0x80, 0x00, 0x70, 0x07, 0x00, 0x70, 0x07, 0x00,
    0x70, 0x07, 0x1F, 0xF3, 0xFF, 0x7F, 0xF7, 0x07, 0xE0, 0x7E, 0x07, 0xE0, 0x7E, 0x07, 0xF0, 0x77,
    0x87, 0x7F, 0xF3, 0xFF, 0x0F, 0xF0, 0x0F, 0x83, 0xFC, 0x7F, 0xE7, 0x0F, 0xE0, 0x7F, 0xFF, 0xFF,
    0xFE, 0x00, 0xE0, 0x07, 0x82, 0x7F, 0xE3, 0xFE, 0x0F, 0xC0, 0x1E, 0x7F, 0x7F, 0xF2, 0xE0, 0xE0,
    0xFF, 0xFF, 0xFF, 0xE0, 0xE0, 0xE0, 0xE0, 0xE0, 0xE0, 0xE0, 0xE0, 0xE0, 0xE0, 0x0F, 0xE3, 0xFF,
    0x7F, 0xF7, 0x87, 0xF0, 0x7E, 0x07, 0xE0, 0x7E, 0x07, 0xE0, 0x7F, 0x0F, 0x7F, 0xF3, 0xFF, 0x1F,
    0x70, 0x07, 0x20, 0xF7, 0xFE, 0x7F, 0xC3, 0xF8, 0xE0, 0x1C, 0x03, 0x80, 0x70, 0x0E, 0x01, 0xC0,
    0x3F, 0xC7, 0xFE, 0xFF, 0xDC, 0x3F, 0x83, 0xF0, 0x7E, 0x0F, 0xC1, 0xF8, 0x3F, 0x07, 0xE0, 0xFC,
    0x1F, 0x83, 0x80, 0xFF, 0x81, 0xFF, 0xFF, 0xFF, 0xFF, 0xFC, 0x0E, 0x1C, 0x38, 0x00, 0x01, 0xC3,
    0x87, 0x0E, 0x1C, 0x38, 0x70, 0xE1, 0xC3, 0x87, 0x0E, 0x1C, 0x38, 0xFF, 0xFF, 0xBE, 0x00, 0x60,
    0x0E, 0x00, 0xE0, 0x0E, 0x00, 0xE0, 0x0E, 0x00, 0xE1, 0xEE, 0x3C, 0xE7, 0x8E, 0xF0, 0xFE, 0x0F,
    0xC0, 0xFE, 0x0E, 0xF0, 0xE7, 0x8E, 0x3C, 0xE1, 0xCE, 0x1E, 0xE0, 0xF0, 0x67, 0x39, 0xCE, 0x73,
    0x9C, 0xE7, 0x39, 0xCE, 0x73, 0x9C, 0xFB, 0xCE, 0xFF, 0xFE, 0x7F, 0xFF, 0xBF, 0xFF, 0xFC, 0x78,
    0xFE, 0x1C, 0x3F, 0x0E, 0x1F, 0x87, 0x0F, 0xC3, 0x87, 0xE1, 0xC3, 0xF0, 0xE1, 0xF8, 0x70, 0xFC,
    0x38, 0x7E, 0x1C, 0x38, 0xFF, 0x1F, 0xFB, 0xFF, 0x70, 0xFE, 0x0F, 0xC1, 0xF8, 0x3F, 0x07, 0xE0,
    0xFC, 0x1F, 0x83, 0xF0, 0x7E, 0x0E, 0x0F, 0x81, 0xFF, 0x1F, 0xFC, 0xE1, 0xEE, 0x07, 0xF0, 0x1F,
    0x80, 0xFC, 0x07, 0xE0, 0x7B, 0x83, 0x9F, 0xFC, 0x7F, 0xC0, 0xF8, 0x00, 0xFF, 0x0F, 0xFC, 0xFF,
    0xEE, 0x1E, 0xE0, 0xFE, 0x07, 0xE0, 0x7E, 0x07, 0xE0, 0x7F, 0x0E, 0xFF, 0xEF, 0xFC, 0xEF, 0x8E,
    0x00, 0xE0, 0x0E, 0x00, 0xE0, 0x0E, 0x00, 0x0F, 0xE3, 0xFF, 0x7F, 0xF7, 0x87, 0xF0, 0x7E, 0x07,
    0xE0, 0x7E, 0x07, 0xE0, 0x77, 0x07, 0x7F, 0xF3, 0xFF, 0x1F, 0xF0, 0x07, 0x00, 0x70, 0x07, 0x00,
    0x70, 0x07, 0xFF, 0xFF, 0xFE, 0xE0, 0xE0, 0xE0, 0xE0, 0xE0, 0xE0, 0xE0, 0xE0, 0xE0, 0xE0, 0x3E,
    0x3F, 0xBF, 0xDC, 0x4E, 0x07, 0xE1, 0xFC, 0x3F, 0x03, 0xA1, 0xFF, 0xFF, 0xE7, 0xE0, 0x60, 0x70,
    0x38, 0x1C, 0x0F, 0xF7, 0xFB, 0xFD, 0xC0, 0xE0, 0x70, 0x38, 0x1C, 0x0E, 0x07, 0x8B, 0xFC, 0xFF,
    0x3F, 0x00, 0xE0, 0xFC, 0x1F, 0x83, 0xF0, 0x7E, 0x0F, 0xC1, 0xF8, 0x3F, 0x07, 0xE0, 0xFE, 0x1D,
    0xFF, 0xBF, 0xF1, 0xFE, 0xE0, 0x3F, 0x01, 0xDC, 0x1C, 0xE0, 0xE7, 0x0F, 0x1C, 0x70, 0xE3, 0x87,
    0xBC, 0x1D, 0xC0, 0xFE, 0x03, 0xE0, 0x1F, 0x00, 0xF8, 0x00, 0xE1, 0xC1, 0xF8, 0x70, 0x7F, 0x3E,
    0x3D, 0xCF, 0x8E, 0x73, 0xE3, 0x9C, 0xD8, 0xE7, 0xB7, 0x78, 0xED, 0xDC, 0x3B, 0x77, 0x0F, 0xCF,
    0xC1, 0xF3, 0xE0, 0x7C, 0xF8, 0x1E, 0x1E, 0x00, 0xF0, 0x7B, 0xC7, 0x8E, 0x38, 0x3B, 0x81, 0xFC,
    0x07, 0xC0, 0x1C, 0x01, 0xF0, 0x1F, 0xC1, 0xEF, 0x0E, 0x38, 0xF1, 0xEF, 0x07, 0x80, 0xE0, 0x3F,
    0x83, 0xDC, 0x1C, 0xE0, 0xE7, 0x8F, 0x1C, 0x70, 0xE3, 0x87, 0xBC, 0x1D, 0xC0, 0xEE, 0x07, 0xF0,
    0x1F, 0x00, 0xF8, 0x07, 0x80, 0x3C, 0x0F, 0xC0, 0xFC, 0x07, 0xC0, 0x00, 0xFF, 0xFF, 0xFF, 0xFC,
    0x0F, 0x07, 0x83, 0xC1, 0xE0, 0xF0, 0x3C, 0x1E, 0x0F, 0xFF, 0xFF, 0xFF, 0xC0, 0x0F, 0x1F, 0x3F,
    0x3C, 0x38, 0x38, 0x38, 0x38, 0x38, 0x38, 0x78, 0xF0, 0xE0, 0xF0, 0x78, 0x38, 0x38, 0x38, 0x38,
    0x38, 0x38, 0x3C, 0x3F, 0x1F, 0x0F, 0xFF, 0xFF, 0xFF, 0xFF, 0xFF, 0xFF, 0xFF, 0xFF, 0xFF, 0xE0,
    0xF0, 0xF8, 0xFC, 0x3C, 0x1C, 0x1C, 0x1C, 0x1C, 0x1C, 0x1C, 0x1E, 0x0F, 0x07, 0x0F, 0x1E, 0x1C,
    0x1C, 0x1C, 0x1C, 0x1C, 0x1C, 0x3C, 0xFC, 0xF8, 0xF0, 0x38, 0x37, 0xE7, 0x7F, 0xEE, 0x7E, 0xC1,
    0xC0, 0x00, 0xFF, 0x80, 0x96, 0xFF, 0xFF, 0xFF, 0xFC, 0x07, 0x01, 0xC0, 0x70, 0x3F, 0x3F, 0xDF,
    0xF7, 0x8B, 0xC0, 0xE0, 0x38, 0x0E, 0x03, 0x80, 0xF0, 0x1E, 0x17, 0xFC, 0xFF, 0x1F, 0xC1, 0xC0,
    0x70, 0x1C, 0x07, 0xE1, 0xFF, 0x1F, 0xF3, 0xC2, 0x38, 0x03, 0x80, 0x38, 0x0F, 0xF8, 0xFF, 0x8F,
    0xF8, 0x38, 0x03, 0x80, 0x38, 0x03, 0x80, 0x3F, 0xF7, 0xFF, 0x7F, 0xF0, 0x40, 0x2E, 0xF7, 0x7F,
    0xE7, 0xFE, 0x79, 0xE7, 0x0E, 0x70, 0xE7, 0x0E, 0x79, 0xE7, 0xFE, 0x7F, 0xEE, 0xF7, 0x40, 0x20,
    0xE0, 0x3F, 0x83, 0xDC, 0x1C, 0x71, 0xC3, 0xDE, 0x0E, 0xE0, 0x7F, 0x0F, 0xFE, 0x7F, 0xF3, 0xFF,
    0x81, 0xC0, 0xFF, 0xE7, 0xFF, 0x3F, 0xF8, 0x1C, 0x00, 0xE0, 0x07, 0x00, 0xFF, 0xFF, 0xFF, 0xFC,
    0x00, 0x07, 0xFF, 0xFF, 0xFF, 0xE0, 0x1F, 0xC7, 0xFD, 0xFF, 0xB8, 0x27, 0x00, 0xF0, 0x0F, 0xC3,
    0xFC, 0x77, 0xDC, 0x3F, 0x83, 0xF0, 0x7F, 0x8E, 0xFF, 0x87, 0xE0, 0x3E, 0x01, 0xE0, 0x1D, 0x07,
    0xFF, 0xFF, 0xFC, 0x7E, 0x00, 0xE7, 0xE7, 0xE7, 0x03, 0xF0, 0x03, 0xFF, 0x01, 0xE1, 0xE0, 0xE0,
    0x1C, 0x70, 0xF3, 0x9C, 0xFE, 0xEE, 0x38, 0x9F, 0x9C, 0x07, 0xE7, 0x01, 0xF9, 0xC0, 0x7E, 0x70,
    0x1F, 0x9E, 0x27, 0x73, 0xFB, 0x9C, 0x7C, 0xE3, 0x80, 0x70, 0x78, 0x78, 0x0F, 0xFC, 0x00, 0xFC,
    0x00, 0x7E, 0x3F, 0x81, 0xE0, 0x77, 0xFF, 0xFF, 0x8F, 0xFF, 0x3F, 0x80, 0x0C, 0x30, 0xF3, 0xC7,
    0x1C, 0x79, 0xE7, 0x9E, 0x79, 0xE3, 0xCF, 0x0F, 0x3C, 0x3C, 0xF0, 0xE3, 0x87, 0x9E, 0x18, 0x60,
    0xFF, 0xFF, 0xFF, 0xFF, 0xF0, 0x07, 0x00, 0x70, 0x07, 0x00, 0x70, 0x07, 0x00, 0x70, 0xFF, 0xFF,
    0xC0, 0x03, 0xF0, 0x03, 0xFF, 0x01, 0xE1, 0xE0, 0xE0, 0x1C, 0x77, 0xE3, 0x9D, 0xFE, 0xEE, 0x73,
    0x9F, 0x9C, 0xE7, 0xE7, 0xF9, 0xF9, 0xFC, 0x7E, 0x77, 0x9F, 0x9C, 0xE7, 0x77, 0x3B, 0x9D, 0xC7,
    0xE3, 0x80, 0x70, 0x78, 0x78, 0x0F, 0xFC, 0x00, 0xFC, 0x00, 0xFF, 0xFF, 0x38, 0xFB, 0x1E, 0x3C,
    0x6F, 0x8E, 0x00, 0x0E, 0x01, 0xC0, 0x38, 0x07, 0x00, 0xE1, 0xFF, 0xFF, 0xFF, 0xFF, 0x0E, 0x01,
    0xC0, 0x38, 0x07, 0x00, 0xE0, 0x00, 0x3F, 0xFF, 0xFF, 0xFF, 0xE0, 0x3E, 0xFF, 0x47, 0x07, 0x0E,
    0x1C, 0x78, 0x60, 0xFF, 0xFF, 0x7E, 0xFF, 0x47, 0x07, 0x3E, 0x3E, 0x07, 0x87, 0xFF, 0x7C, 0x08,
    0x73, 0x9C, 0xE1, 0x00, 0xE0, 0xFC, 0x1F, 0x83, 0xF0, 0x7E, 0x0F, 0xC1, 0xF8, 0x3F, 0x07, 0xE0,
    0xFE, 0x1F, 0xFF, 0xFF, 0xFE, 0xF9, 0xC0, 0x38, 0x07, 0x00, 0xE0, 0x1C, 0x00, 0x07, 0xF8, 0x7F,
    0xFD, 0xFF, 0xFF, 0xFC, 0x7F, 0xF8, 0xFF, 0xF1, 0xFF, 0xE3, 0xFF, 0xC7, 0x7F, 0x8E, 0x7F, 0x1C,
    0x3E, 0x38, 0x1C, 0x70, 0x38, 0xE0, 0x71, 0xC0, 0xE3, 0x81, 0xC7, 0x03, 0x8E, 0x07, 0x1C, 0x0E,
    0x38, 0x1C, 0x70, 0x38, 0xE0, 0x71, 0xC0, 0x7D, 0x80, 0x33, 0x8F, 0xFF, 0x00, 0x1D, 0xFF, 0xF7,
    0x1C, 0x71, 0xC7, 0x1C, 0x70, 0x1E, 0x1F, 0xE7, 0x3B, 0x87, 0xE1, 0xF8, 0x7E, 0x1D, 0xCE, 0x7F,
    0x87, 0x80, 0x61, 0x87, 0x9E, 0x1C, 0x70, 0xF3, 0xC3, 0xCF, 0x0F, 0x3C, 0x79, 0xE7, 0x9E, 0x79,
    0xE3, 0x8E, 0x3C, 0xF0, 0xC3, 0x00, 0x1C, 0x00, 0x03, 0xE0, 0x1C, 0x3F, 0x01, 0xC1, 0x38, 0x0E,
    0x01, 0xC0, 0xE0, 0x0E, 0x07, 0x00, 0x70, 0x70, 0x03, 0x87, 0x80, 0x1C, 0x38, 0xF0, 0xE3, 0xCF,
    0x80, 0x1C, 0x7C, 0x01, 0xE6, 0xE0, 0x0E, 0x67, 0x00, 0xE6, 0x38, 0x07, 0x3F, 0xE0, 0x71, 0xFF,
    0x07, 0x80, 0x70, 0x38, 0x03, 0x80, 0x1C, 0x00, 0x03, 0xE0, 0x38, 0x3F, 0x01, 0xC1, 0x38, 0x1C,
    0x01, 0xC1, 0xE0, 0x0E, 0x0E, 0x00, 0x70, 0xF0, 0x03, 0x87, 0x00, 0x1C, 0x7B, 0xE0, 0xE3, 0xBF,
    0x80, 0x38, 0x8E, 0x01, 0xC0, 0x70, 0x1C, 0x07, 0x00, 0xE0, 0xF0, 0x0E, 0x0E, 0x00, 0xF0, 0xE0,
    0x07, 0x07, 0xF8, 0x78, 0x3F, 0xC0, 0x7C, 0x00, 0x07, 0xF8, 0x1C, 0x11, 0xC0, 0xE0, 0x0E, 0x0E,
    0x03, 0xC0, 0x70, 0x1F, 0x07, 0x00, 0x1C, 0x78, 0x10, 0xE3, 0x80, 0xFE, 0x3C, 0xF7, 0xE1, 0xCF,
    0x80, 0x1E, 0x7C, 0x00, 0xE6, 0xE0, 0x0E, 0x67, 0x00, 0x76, 0x38, 0x07, 0x3F, 0xE0, 0x79, 0xFF,
    0x03, 0x80, 0x70, 0x3C, 0x03, 0x80, 0x0E, 0x07, 0x03, 0x80, 0x00, 0x00, 0xE0, 0x70, 0x38, 0x38,
    0x3C, 0x1C, 0x1C, 0x0E, 0x07, 0x03, 0xC5, 0xFF, 0x7F, 0x9F, 0x00, 0x02, 0x00, 0x03, 0x80, 0x01,
    0xE0, 0x00, 0x78, 0x00, 0x1E, 0x00, 0x02, 0x00, 0x00, 0x00, 0x07, 0xC0, 0x03, 0xE0, 0x03, 0xF8,
    0x01, 0xDC, 0x00, 0xEE, 0x00, 0xF7, 0x80, 0x71, 0xC0, 0x78, 0xF0, 0x38, 0x38, 0x1C, 0x1C, 0x1F,
    0xFF, 0x0F, 0xFF, 0x8F, 0xFF, 0xE7, 0x00, 0x73, 0x80, 0x3B, 0xC0, 0x1F, 0xC0, 0x07, 0x00, 0x20,
    0x00, 0x38, 0x00, 0x3C, 0x00, 0x1C, 0x00, 0x1C, 0x00, 0x04, 0x00, 0x00, 0x00, 0x07, 0xC0, 0x03,
    0xE0, 0x03, 0xF8, 0x01, 0xDC, 0x00, 0xEE, 0x00, 0xF7, 0x80, 0x71, 0xC0, 0x78, 0xF0, 0x38, 0x38,
    0x1C, 0x1C, 0x1F, 0xFF, 0x0F, 0xFF, 0x8F, 0xFF, 0xE7, 0x00, 0x73, 0x80, 0x3B, 0xC0, 0x1F, 0xC0,
    0x07, 0x00, 0x80, 0x00, 0xE0, 0x00, 0xF8, 0x00, 0xEE, 0x00, 0x42, 0x00, 0x00, 0x00, 0x0F, 0x80,
    0x07, 0xC0, 0x07, 0xF0, 0x03, 0xB8, 0x01, 0xDC, 0x01, 0xEF, 0x00, 0xE3, 0x80, 0xF1, 0xE0, 0x70,
    0x70, 0x38, 0x38, 0x3F, 0xFE, 0x1F, 0xFF, 0x1F, 0xFF, 0xCE, 0x00, 0xE7, 0x00, 0x77, 0x80, 0x3F,
    0x80, 0x0E, 0x07, 0x10, 0x07, 0xF8, 0x03, 0x38, 0x00, 0x00, 0x00, 0x3E, 0x00, 0x1F, 0x00, 0x1F,
    0xC0, 0x0E, 0xE0, 0x07, 0x70, 0x07, 0xBC, 0x03, 0x8E, 0x03, 0xC7, 0x81, 0xC1, 0xC0, 0xE0, 0xE0,
    0xFF, 0xF8, 0x7F, 0xFC, 0x7F, 0xFF, 0x38, 0x03, 0x9C, 0x01, 0xDE, 0x00, 0xFE, 0x00, 0x38, 0x06,
    0x30, 0x07, 0x38, 0x01, 0x8C, 0x00, 0x00, 0x00, 0x3E, 0x00, 0x1F, 0x00, 0x1F, 0xC0, 0x0E, 0xE0,
    0x07, 0x70, 0x07, 0xBC, 0x03, 0x8E, 0x03, 0xC7, 0x81, 0xC1, 0xC0, 0xE0, 0xE0, 0xFF, 0xF8, 0x7F,
    0xFC, 0x7F, 0xFF, 0x38, 0x03, 0x9C, 0x01, 0xDE, 0x00, 0xFE, 0x00, 0x38, 0x01, 0xC0, 0x01, 0xF0,
    0x01, 0x8C, 0x00, 0xC6, 0x00, 0x63, 0x00, 0x1F, 0x00, 0x0F, 0x80, 0x0F, 0xE0, 0x07, 0x70, 0x03,
    0xB8, 0x03, 0x8E, 0x01, 0xC7, 0x01, 0xE3, 0xC0, 0xE0, 0xE0, 0x70, 0x70, 0x7F, 0xFC, 0x3F, 0xFE,
    0x3F, 0xFF, 0x9C, 0x01, 0xCE, 0x00, 0xEF, 0x00, 0x7F, 0x00, 0x1C, 0x00, 0x3F, 0xFC, 0x00, 0xFF,
    0xF8, 0x01, 0xFF, 0xF0, 0x07, 0xF0, 0x00, 0x1E, 0xE0, 0x00, 0x39, 0xC0, 0x00, 0xF3, 0x80, 0x03,
    0xC7, 0xFE, 0x07, 0x8F, 0xFC, 0x1E, 0x1F, 0xF8, 0x3F, 0xF8, 0x00, 0xFF, 0xF0, 0x03, 0xFF, 0xE0,
    0x07, 0x81, 0xC0, 0x1E, 0x03, 0xFF, 0xB8, 0x07, 0xFF, 0xF0, 0x0F, 0xFE, 0x03, 0xF0, 0x7F, 0xF3,
    0xFF, 0xDF, 0x02, 0x70, 0x03, 0xC0, 0x0E, 0x00, 0x38, 0x00, 0xE0, 0x03, 0x80, 0x0E, 0x00, 0x3C,
    0x00, 0x70, 0x01, 0xF0, 0x23, 0xFF, 0xC7, 0xFF, 0x07, 0xF0, 0x04, 0x00, 0x38, 0x00, 0x30, 0x07,
    0xC0, 0x1E, 0x00, 0x18, 0x03, 0x80, 0x1C, 0x00, 0xE0, 0x07, 0x00, 0x20, 0x00, 0x0F, 0xFE, 0xFF,
    0xEF, 0xFE, 0xE0, 0x0E, 0x00, 0xE0, 0x0E, 0x00, 0xFF, 0xEF, 0xFE, 0xFF, 0xEE, 0x00, 0xE0, 0x0E,
    0x00, 0xE0, 0x0F, 0xFF, 0xFF, 0xFF, 0xFF, 0x00, 0x80, 0x1C, 0x03, 0x80, 0x70, 0x0E, 0x00, 0x40,
    0x00, 0x0F, 0xFE, 0xFF, 0xEF, 0xFE, 0xE0, 0x0E, 0x00, 0xE0, 0x0E, 0x00, 0xFF, 0xEF, 0xFE, 0xFF,
    0xEE, 0x00, 0xE0, 0x0E, 0x00, 0xE0, 0x0F, 0xFF, 0xFF, 0xFF, 0xFF, 0x04, 0x00, 0xE0, 0x1F, 0x03,
    0xB8, 0x21, 0x00, 0x00, 0xFF, 0xEF, 0xFE, 0xFF, 0xEE, 0x00, 0xE0, 0x0E, 0x00, 0xE0, 0x0F, 0xFE,
    0xFF, 0xEF, 0xFE, 0xE0, 0x0E, 0x00, 0xE0, 0x0E, 0x00, 0xFF, 0xFF, 0xFF, 0xFF, 0xF0, 0x31, 0x83,
    0x9C, 0x31, 0x80, 0x00, 0xFF, 0xEF, 0xFE, 0xFF, 0xEE, 0x00, 0xE0, 0x0E, 0x00, 0xE0, 0x0F, 0xFE,
    0xFF, 0xEF, 0xFE, 0xE0, 0x0E, 0x00, 0xE0, 0x0E, 0x00, 0xFF, 0xFF, 0xFF, 0xFF, 0xF0, 0x43, 0x8F,
    0x1E, 0x1C, 0x20, 0x0E, 0x38, 0xE3, 0x8E, 0x38, 0xE3, 0x8E, 0x38, 0xE3, 0x8E, 0x38, 0xE3, 0x8E,
    0x10, 0xE3, 0x9C, 0xE1, 0x00, 0x38, 0xE3, 0x8E, 0x38, 0xE3, 0x8E, 0x38, 0xE3, 0x8E, 0x38, 0xE3,
    0x8E, 0x38, 0x10, 0x71, 0xF7, 0x78, 0x40, 0x0E, 0x1C, 0x38, 0x70, 0xE1, 0xC3, 0x87, 0x0E, 0x1C,
    0x38, 0x70, 0xE1, 0xC3, 0x87, 0x0E, 0x00, 0xC6, 0xE7, 0xC6, 0x00, 0x38, 0x38, 0x38, 0x38, 0x38,
    0x38, 0x38, 0x38, 0x38, 0x38, 0x38, 0x38, 0x38, 0x38, 0x38, 0x38, 0x38, 0x3F, 0xF0, 0x0F, 0xFF,
    0x03, 0xFF, 0xF0, 0xE0, 0x7E, 0x38, 0x07, 0x8E, 0x00, 0xF3, 0x80, 0x1F, 0xFC, 0x07, 0xFF, 0x01,
    0xFF, 0xC0, 0x73, 0x80, 0x1C, 0xE0, 0x0F, 0x38, 0x07, 0x8E, 0x07, 0xC3, 0xFF, 0xF0, 0xFF, 0xF0,
    0x3F, 0xF0, 0x00, 0x07, 0x30, 0x1F, 0xE0, 0x23, 0x80, 0x00, 0x0E, 0x00, 0xFE, 0x01, 0xFE, 0x03,
    0xFE, 0x07, 0xFE, 0x0F, 0xFE, 0x1F, 0xBC, 0x3F, 0x3C, 0x7E, 0x3C, 0xFC, 0x3D, 0xF8, 0x3F, 0xF0,
    0x7F, 0xE0, 0x7F, 0xC0, 0x7F, 0x80, 0x7F, 0x00, 0xFE, 0x00, 0xE0, 0x02, 0x00, 0x01, 0xC0, 0x00,
    0x38, 0x00, 0x07, 0x00, 0x00, 0xE0, 0x00, 0x10, 0x00, 0x00, 0x00, 0x0F, 0xC0, 0x0F, 0xFC, 0x0F,
    0xFF, 0xC7, 0xC0, 0xF9, 0xE0, 0x1E, 0xF0, 0x03, 0xF8, 0x00, 0x7E, 0x00, 0x1F, 0x80, 0x07, 0xE0,
    0x01, 0xF8, 0x00, 0x7F, 0x00, 0x3D, 0xE0, 0x1E, 0x7C, 0x0F, 0x8F, 0xFF, 0xC1, 0xFF, 0xC0, 0x0F,
    0xC0, 0x00, 0x20, 0x00, 0x1C, 0x00, 0x07, 0x00, 0x03, 0x80, 0x01, 0xC0, 0x00, 0x20, 0x00, 0x00,
    0x00, 0x0F, 0xC0, 0x0F, 0xFC, 0x0F, 0xFF, 0xC7, 0xC0, 0xF9, 0xE0, 0x1E, 0xF0, 0x03, 0xF8, 0x00,
    0x7E, 0x00, 0x1F, 0x80, 0x07, 0xE0, 0x01, 0xF8, 0x00, 0x7F, 0x00, 0x3D, 0xE0, 0x1E, 0x7C, 0x0F,
    0x8F, 0xFF, 0xC1, 0xFF, 0xC0, 0x0F, 0xC0, 0x00, 0x40, 0x00, 0x38, 0x00, 0x1F, 0x00, 0x0E, 0xE0,
    0x03, 0x10, 0x00, 0x00, 0x00, 0x3F, 0x00, 0x3F, 0xF0, 0x3F, 0xFF, 0x1F, 0x03, 0xE7, 0x80, 0x7B,
    0xC0, 0x0F, 0xE0, 0x01, 0xF8, 0x00, 0x7E, 0x00, 0x1F, 0x80, 0x07, 0xE0, 0x01, 0xFC, 0x00, 0xF7,
    0x80, 0x79, 0xF0, 0x3E, 0x3F, 0xFF, 0x07, 0xFF, 0x00, 0x3F, 0x00, 0x03, 0xC8, 0x01, 0xFF, 0x00,
    0x67, 0x80, 0x00, 0x00, 0x03, 0xF0, 0x03, 0xFF, 0x03, 0xFF, 0xF1, 0xF0, 0x3E, 0x78, 0x07, 0xBC,
    0x00, 0xFE, 0x00, 0x1F, 0x80, 0x07, 0xE0, 0x01, 0xF8, 0x00, 0x7E, 0x00, 0x1F, 0xC0, 0x0F, 0x78,
    0x07, 0x9F, 0x03, 0xE3, 0xFF, 0xF0, 0x7F, 0xF0, 0x03, 0xF0, 0x00, 0x06, 0x30, 0x01, 0xCE, 0x00,
    0x63, 0x00, 0x00, 0x00, 0x03, 0xF0, 0x03, 0xFF, 0x03, 0xFF, 0xF1, 0xF0, 0x3E, 0x78, 0x07, 0xBC,
    0x00, 0xFE, 0x00, 0x1F, 0x80, 0x07, 0xE0, 0x01, 0xF8, 0x00, 0x7E, 0x00, 0x1F, 0xC0, 0x0F, 0x78,
    0x07, 0x9F, 0x03, 0xE3, 0xFF, 0xF0, 0x7F, 0xF0, 0x03, 0xF0, 0x00, 0x40, 0x5C, 0x1D, 0xC7, 0x1D,
    0xC1, 0xF0, 0x1C, 0x07, 0xC1, 0xDC, 0x71, 0xDC, 0x1D, 0x01, 0x00, 0x00, 0x02, 0x01, 0xF9, 0xE1,
    0xFF, 0xF0, 0xFF, 0xFC, 0x7C, 0x3F, 0x9C, 0x0F, 0xEF, 0x03, 0xFF, 0x81, 0xCF, 0xE0, 0xF1, 0xF8,
    0x78, 0x7E, 0x3C, 0x1F, 0xCE, 0x07, 0x77, 0x03, 0xDF, 0xC0, 0xE3, 0xE0, 0xF8, 0x7F, 0xFC, 0x3F,
    0xFE, 0x1E, 0x7E, 0x01, 0x00, 0x00, 0x08, 0x00, 0x70, 0x01, 0xE0, 0x03, 0xC0, 0x07, 0x80, 0x0C,
    0x00, 0x00, 0x38, 0x07, 0xE0, 0x1F, 0x80, 0x7E, 0x01, 0xF8, 0x07, 0xE0, 0x1F, 0x80, 0x7E, 0x01,
    0xF8, 0x07, 0xE0, 0x1F, 0x80, 0x7E, 0x01, 0xFC, 0x0F, 0x78, 0x79, 0xFF, 0xE3, 0xFF, 0x03, 0xF0,
    0x00, 0x40, 0x03, 0x80, 0x1C, 0x00, 0xE0, 0x07, 0x00, 0x08, 0x00, 0x00, 0x38, 0x07, 0xE0, 0x1F,
    0x80, 0x7E, 0x01, 0xF8, 0x07, 0xE0, 0x1F, 0x80, 0x7E, 0x01, 0xF8, 0x07, 0xE0, 0x1F, 0x80, 0x7E,
    0x01, 0xFC, 0x0F, 0x78, 0x79, 0xFF, 0xE3, 0xFF, 0x03, 0xF0, 0x01, 0x00, 0x0E, 0x00, 0x7C, 0x03,
    0xB8, 0x0C, 0x40, 0x00, 0x0E, 0x01, 0xF8, 0x07, 0xE0, 0x1F, 0x80, 0x7E, 0x01, 0xF8, 0x07, 0xE0,
    0x1F, 0x80, 0x7E, 0x01, 0xF8, 0x07, 0xE0, 0x1F, 0x80, 0x7F, 0x03, 0xDE, 0x1E, 0x7F, 0xF8, 0xFF,
    0xC0, 0xFC, 0x00, 0x18, 0xC0, 0x73, 0x81, 0x8C, 0x00, 0x00, 0xE0, 0x1F, 0x80, 0x7E, 0x01, 0xF8,
    0x07, 0xE0, 0x1F, 0x80, 0x7E, 0x01, 0xF8, 0x07, 0xE0, 0x1F, 0x80, 0x7E, 0x01, 0xF8, 0x07, 0xF0,
    0x3D, 0xE1, 0xE7, 0xFF, 0x8F, 0xFC, 0x0F, 0xC0, 0x00, 0x40, 0x01, 0xC0, 0x07, 0x80, 0x0E, 0x00,
    0x38, 0x00, 0x20, 0x00, 0x00, 0x78, 0x0F, 0x70, 0x1C, 0xF0, 0x78, 0xE0, 0xE1, 0xE3, 0xC1, 0xC7,
    0x01, 0xDC, 0x03, 0xB8, 0x03, 0xE0, 0x07, 0xC0, 0x07, 0x00, 0x0E, 0x00, 0x1C, 0x00, 0x38, 0x00,
    0x70, 0x00, 0xE0, 0x01, 0xC0, 0xE0, 0x07, 0x00, 0x38, 0x01, 0xFF, 0x0F, 0xFE, 0x7F, 0xFB, 0x81,
    0xFC, 0x07, 0xE0, 0x3F, 0x01, 0xF8, 0x3F, 0xFF, 0xEF, 0xFE, 0x7F, 0xC3, 0x80, 0x1C, 0x00, 0xE0,
    0x00, 0x1F, 0x83, 0xFE, 0x1F, 0xF9, 0xE3, 0xCE, 0x0E, 0x70, 0x73, 0x87, 0x1C, 0x70, 0xE7, 0x07,
    0x38, 0x39, 0xE1, 0xC7, 0xCE, 0x0F, 0x70, 0x1F, 0x80, 0xFC, 0x87, 0xE7, 0xFF, 0x3F, 0xB9, 0xF8,
    0x10, 0x1E, 0x03, 0x80, 0x70, 0x0E, 0x01, 0x00, 0x00, 0xFC, 0x7F, 0x9F, 0xF4, 0x3C, 0x07, 0x3F,
    0xDF, 0xFF, 0xFF, 0x87, 0xE1, 0xFF, 0xF7, 0xFC, 0xFE, 0x01, 0x00, 0xE0, 0x70, 0x38, 0x1C, 0x02,
    0x00, 0x00, 0xFC, 0x7F, 0x9F, 0xF4, 0x3C, 0x07, 0x3F, 0xDF, 0xFF, 0xFF, 0x87, 0xE1, 0xFF, 0xF7,
    0xFC, 0xFE, 0x04, 0x03, 0x81, 0xF0, 0xEE, 0x21, 0x00, 0x03, 0xF1, 0xFE, 0x7F, 0xD0, 0xF0, 0x1C,
    0xFF, 0x7F, 0xFF, 0xFE, 0x1F, 0x87, 0xFF, 0xDF, 0xF3, 0xF8, 0x38, 0x9F, 0xE6, 0x70, 0x00, 0x3F,
    0x1F, 0xE7, 0xFD, 0x0F, 0x01, 0xCF, 0xF7, 0xFF, 0xFF, 0xE1, 0xF8, 0x7F, 0xFD, 0xFF, 0x3F, 0x80,
    0x31, 0x8E, 0x73, 0x18, 0x00, 0x3F, 0x1F, 0xE7, 0xFD, 0x0F, 0x01, 0xCF, 0xF7, 0xFF, 0xFF, 0xE1,
    0xF8, 0x7F, 0xFD, 0xFF, 0x3F, 0x80, 0x0F, 0x07, 0xE1, 0x98, 0x66, 0x1F, 0x83, 0xC0, 0x00, 0xFC,
    0x7F, 0x9F, 0xF4, 0x3C, 0x07, 0x3F, 0xDF, 0xFF, 0xFF, 0x87, 0xE1, 0xFF, 0xF7, 0xFC, 0xFE, 0x3F,
    0x0F, 0x87, 0xFB, 0xFC, 0x7F, 0xFF, 0xE0, 0x1F, 0x0F, 0x00, 0xE0, 0x71, 0xFF, 0xFF, 0x7F, 0xFF,
    0xFF, 0x0E, 0x00, 0xE0, 0xE0, 0x0F, 0x07, 0x82, 0xFF, 0xFF, 0xE7, 0xFF, 0xFE, 0x3F, 0x8F, 0xC0,
    0x0F, 0x8F, 0xF7, 0xFD, 0xC2, 0xF0, 0x38, 0x0E, 0x03, 0x80, 0xE0, 0x1C, 0x17, 0xFC, 0xFF, 0x0F,
    0xC1, 0x80, 0x70, 0x0C, 0x1F, 0x07, 0x80, 0x04, 0x01, 0xC0, 0x0E, 0x00, 0x70, 0x03, 0x80, 0x10,
    0x00, 0x00, 0xF8, 0x3F, 0xC7, 0xFE, 0x70, 0xFE, 0x07, 0xFF, 0xFF, 0xFF, 0xE0, 0x0E, 0x00, 0x78,
    0x27, 0xFE, 0x3F, 0xE0, 0xFC, 0x01, 0x00, 0x38, 0x07, 0x80, 0x70, 0x0E, 0x00, 0x40, 0x00, 0x00,
    0xF8, 0x3F, 0xC7, 0xFE, 0x70, 0xFE, 0x07, 0xFF, 0xFF, 0xFF, 0xE0, 0x0E, 0x00, 0x78, 0x27, 0xFE,
    0x3F, 0xE0, 0xFC, 0x04, 0x00, 0xE0, 0x1F, 0x03, 0xB8, 0x10, 0x80, 0x00, 0x0F, 0x83, 0xFC, 0x7F,
    0xE7, 0x0F, 0xE0, 0x7F, 0xFF, 0xFF, 0xFE, 0x00, 0xE0, 0x07, 0x82, 0x7F, 0xE3, 0xFE, 0x0F, 0xC0,
    0x18, 0xC3, 0x9C, 0x18, 0xC0, 0x00, 0x0F, 0x83, 0xFC, 0x7F, 0xE7, 0x0F, 0xE0, 0x7F, 0xFF, 0xFF,
    0xFE, 0x00, 0xE0, 0x07, 0x82, 0x7F, 0xE3, 0xFE, 0x0F, 0xC0, 0x43, 0x87, 0x0E, 0x1C, 0x20, 0x0E,
    0x38, 0xE3, 0x8E, 0x38, 0xE3, 0x8E, 0x38, 0xE3, 0x8E, 0x08, 0x73, 0x9C, 0xE1, 0x00, 0x1C, 0x71,
    0xC7, 0x1C, 0x71, 0xC7, 0x1C, 0x71, 0xC7, 0x1C, 0x08, 0x1C, 0x3E, 0x67, 0x42, 0x00, 0x1C, 0x1C,
    0x1C, 0x1C, 0x1C, 0x1C, 0x1C, 0x1C, 0x1C, 0x1C, 0x1C, 0x1C, 0x1C, 0x63, 0x73, 0x98, 0xC0, 0x01,
    0xC0, 0xE0, 0x70, 0x38, 0x1C, 0x0E, 0x07, 0x03, 0x81, 0xC0, 0xE0, 0x70, 0x38, 0x1C, 0x00, 0x03,
    0x00, 0x1E, 0x00, 0x38, 0x80, 0xFF, 0x0F, 0xF0, 0x19, 0xC0, 0x07, 0x07, 0xEC, 0x3F, 0xF9, 0xFF,
    0xEF, 0x07, 0xB8, 0x0E, 0xE0, 0x3B, 0x80, 0xEE, 0x07, 0xBC, 0x3C, 0x7F, 0xF0, 0xFF, 0x80, 0xF8,
    0x00, 0x1C, 0x47, 0xF8, 0x8E, 0x00, 0x0F, 0xF1, 0xFF, 0xBF, 0xF7, 0x0F, 0xE0, 0xFC, 0x1F, 0x83,
    0xF0, 0x7E, 0x0F, 0xC1, 0xF8, 0x3F, 0x07, 0xE0, 0xE0, 0x04, 0x00, 0x70, 0x03, 0xC0, 0x0F, 0x00,
    0x38, 0x00, 0x80, 0x00, 0x01, 0xF0, 0x3F, 0xE3, 0xFF, 0x9C, 0x3D, 0xC0, 0xFE, 0x03, 0xF0, 0x1F,
    0x80, 0xFC, 0x0F, 0x70, 0x73, 0xFF, 0x8F, 0xF8, 0x1F, 0x00, 0x01, 0x00, 0x1C, 0x00, 0xE0, 0x0E,
    0x00, 0xE0, 0x02, 0x00, 0x00, 0x01, 0xF0, 0x3F, 0xE3, 0xFF, 0x9C, 0x3D, 0xC0, 0xFE, 0x03, 0xF0,
    0x1F, 0x80, 0xFC, 0x0F, 0x70, 0x73, 0xFF, 0x8F, 0xF8, 0x1F, 0x00, 0x02, 0x00, 0x38, 0x03, 0xE0,
    0x33, 0x81, 0x08, 0x00, 0x00, 0x3E, 0x07, 0xFC, 0x7F, 0xF3, 0x87, 0xB8, 0x1F, 0xC0, 0x7E, 0x03,
    0xF0, 0x1F, 0x81, 0xEE, 0x0E, 0x7F, 0xF1, 0xFF, 0x03, 0xE0, 0x1C, 0x41, 0xFE, 0x0C, 0xE0, 0x00,
    0x00, 0xF8, 0x1F, 0xF1, 0xFF, 0xCE, 0x1E, 0xE0, 0x7F, 0x01, 0xF8, 0x0F, 0xC0, 0x7E, 0x07, 0xB8,
    0x39, 0xFF, 0xC7, 0xFC, 0x0F, 0x80, 0x18, 0xC1, 0xCE, 0x06, 0x30, 0x00, 0x00, 0xF8, 0x1F, 0xF1,
    0xFF, 0xCE, 0x1E, 0xE0, 0x7F, 0x01, 0xF8, 0x0F, 0xC0, 0x7E, 0x07, 0xB8, 0x39, 0xFF, 0xC7, 0xFC,
    0x0F, 0x80, 0x07, 0x00, 0x70, 0x07, 0x00, 0x00, 0x00, 0x0F, 0xFF, 0xFF, 0xFF, 0xFF, 0x00, 0x00,
    0x00, 0x07, 0x00, 0x70, 0x07, 0x00, 0x00, 0x10, 0x7D, 0xCF, 0xFC, 0xFF, 0xE7, 0x8F, 0x78, 0xFF,
    0x8E, 0xFC, 0xE7, 0xEE, 0x3F, 0xE3, 0xFE, 0x3C, 0xFF, 0xE7, 0xFE, 0x77, 0xC1, 0x00, 0x00, 0x10,
    0x07, 0x00, 0xF0, 0x07, 0x00, 0x70, 0x04, 0x00, 0x07, 0x07, 0xE0, 0xFC, 0x1F, 0x83, 0xF0, 0x7E,
    0x0F, 0xC1, 0xF8, 0x3F, 0x07, 0xF0, 0xEF, 0xFD, 0xFF, 0x8F, 0xF0, 0x02, 0x00, 0xE0, 0x1C, 0x07,
    0x01, 0xC0, 0x10, 0x00, 0x07, 0x07, 0xE0, 0xFC, 0x1F, 0x83, 0xF0, 0x7E, 0x0F, 0xC1, 0xF8, 0x3F,
    0x07, 0xF0, 0xEF, 0xFD, 0xFF, 0x8F, 0xF0, 0x04, 0x01, 0xC0, 0x7C, 0x1D, 0xC1, 0x08, 0x00, 0x38,
    0x3F, 0x07, 0xE0, 0xFC, 0x1F, 0x83, 0xF0, 0x7E, 0x0F, 0xC1, 0xF8, 0x3F, 0x87, 0x7F, 0xEF, 0xFC,
    0x7F, 0x80, 0x31, 0x8E, 0x70, 0xC6, 0x00, 0x0E, 0x0F, 0xC1, 0xF8, 0x3F, 0x07, 0xE0, 0xFC, 0x1F,
    0x83, 0xF0, 0x7E, 0x0F, 0xE1, 0xDF, 0xFB, 0xFF, 0x1F, 0xE0, 0x00, 0x80, 0x0E, 0x00, 0xF0, 0x0F,
    0x00, 0xF0, 0x03, 0x00, 0x00, 0x1C, 0x07, 0xF0, 0x7B, 0x83, 0x9C, 0x1C, 0xF1, 0xE3, 0x8E, 0x1C,
    0x70, 0xF7, 0x83, 0xB8, 0x1D, 0xC0, 0xFE, 0x03, 0xE0, 0x1F, 0x00, 0xF0, 0x07, 0x81, 0xF8, 0x1F,
    0x80, 0xF8, 0x00, 0x60, 0x0E, 0x00, 0xE0, 0x0E, 0x00, 0xE0, 0x0E, 0x00, 0xFF, 0x0F, 0xFC, 0xFF,
    0xEE, 0x1E, 0xE0, 0xFE, 0x07, 0xE0, 0x7E, 0x07, 0xE0, 0x7E, 0x0E, 0xFF, 0xEF, 0xFC, 0xFF, 0x8E,
    0x00, 0xE0, 0x0E, 0x00, 0xE0, 0x0E, 0x00, 0x18, 0xC0, 0xE7, 0x06, 0x30, 0x00, 0x0E, 0x03, 0xF8,
    0x3D, 0xC1, 0xCE, 0x0E, 0x78, 0xF1, 0xC7, 0x0E, 0x38, 0x7B, 0xC1, 0xDC, 0x0E, 0xE0, 0x7F, 0x01,
    0xF0, 0x0F, 0x80, 0x78, 0x03, 0xC0, 0xFC, 0x0F, 0xC0, 0x7C, 0x00, 0x07, 0xF8, 0x03, 0xFC, 0x00,
    0x00, 0x00, 0x7C, 0x00, 0x3E, 0x00, 0x3F, 0x80, 0x1D, 0xC0, 0x0E, 0xE0, 0x0F, 0x78, 0x07, 0x1C,
    0x07, 0x8F, 0x03, 0x83, 0x81, 0xC1, 0xC1, 0xFF, 0xF0, 0xFF, 0xF8, 0xFF, 0xFE, 0x70, 0x07, 0x38,
    0x03, 0xBC, 0x01, 0xFC, 0x00, 0x70, 0x3F, 0xCF, 0xF0, 0x00, 0xFC, 0x7F, 0x9F, 0xF4, 0x3C, 0x07,
    0x3F, 0xDF, 0xFF, 0xFF, 0x87, 0xE1, 0xFF, 0xF7, 0xFC, 0xFE, 0x07, 0x38, 0x03, 0xB8, 0x01, 0xFC,
    0x00, 0x7C, 0x00, 0x00, 0x00, 0x1F, 0x00, 0x0F, 0x80, 0x0F, 0xE0, 0x07, 0x70, 0x03, 0xB8, 0x03,
    0xDE, 0x01, 0xC7, 0x01, 0xE3, 0xC0, 0xE0, 0xE0, 0x70, 0x70, 0x7F, 0xFC, 0x3F, 0xFE, 0x3F, 0xFF,
    0x9C, 0x01, 0xCE, 0x00, 0xEF, 0x00, 0x7F, 0x00, 0x1C, 0x39, 0xCE, 0xF3, 0xF8, 0x3C, 0x00, 0x0F,
    0xC7, 0xF9, 0xFF, 0x43, 0xC0, 0x73, 0xFD, 0xFF, 0xFF, 0xF8, 0x7E, 0x1F, 0xFF, 0x7F, 0xCF, 0xE0,
    0x03, 0xE0, 0x00, 0xF8, 0x00, 0x7F, 0x00, 0x1D, 0xC0, 0x07, 0x70, 0x03, 0xDE, 0x00, 0xE3, 0x80,
    0x78, 0xF0, 0x1C, 0x1C, 0x07, 0x07, 0x03, 0xFF, 0xE0, 0xFF, 0xF8, 0x7F, 0xFF, 0x1C, 0x01, 0xC7,
    0x00, 0x73, 0xC0, 0x1E, 0xE0, 0x03, 0x80, 0x00, 0xE0, 0x00, 0x70, 0x00, 0x1C, 0x00, 0x07, 0xC0,
    0x00, 0xF0, 0x3F, 0x1F, 0xE7, 0xFD, 0x0F, 0x01, 0xCF, 0xF7, 0xFF, 0xFF, 0xE1, 0xF8, 0x7F, 0xFD,
    0xFF, 0x3F, 0xC0, 0xE0, 0x70, 0x1C, 0x07, 0xC0, 0xF0, 0x00, 0x40, 0x01, 0xC0, 0x0E, 0x00, 0x70,
    0x03, 0x80, 0x04, 0x00, 0x00, 0x01, 0xFE, 0x1F, 0xFC, 0xFF, 0xF7, 0xC0, 0x9C, 0x00, 0xF0, 0x03,
    0x80, 0x0E, 0x00, 0x38, 0x00, 0xE0, 0x03, 0x80, 0x0F, 0x00, 0x1C, 0x00, 0x7C, 0x08, 0xFF, 0xE1,
    0xFF, 0xC1, 0xFE, 0x01, 0x00, 0xE0, 0x38, 0x1C, 0x0E, 0x01, 0x00, 0x00, 0x3E, 0x3F, 0xDF, 0xF7,
    0x0B, 0x80, 0xE0, 0x38, 0x0E, 0x03, 0x80, 0x78, 0x5F, 0xF3, 0xFC, 0x3E, 0x00, 0x80, 0x07, 0x00,
    0x3E, 0x01, 0xDC, 0x04, 0x20, 0x00, 0x00, 0x7F, 0x87, 0xFF, 0x3F, 0xFD, 0xF0, 0x27, 0x00, 0x3C,
    0x00, 0xE0, 0x03, 0x80, 0x0E, 0x00, 0x38, 0x00, 0xE0, 0x03, 0xC0, 0x07, 0x00, 0x1F, 0x02, 0x3F,
    0xF8, 0x7F, 0xF0, 0x7F, 0x80, 0x04, 0x03, 0x81, 0xF0, 0xE6, 0x10, 0x80, 0x00, 0xF8, 0xFF, 0x7F,
    0xDC, 0x2E, 0x03, 0x80, 0xE0, 0x38, 0x0E, 0x01, 0xE1, 0x7F, 0xCF, 0xF0, 0xF8, 0x01, 0x80, 0x0E,
    0x00, 0x18, 0x00, 0x00, 0x07, 0xF8, 0x7F, 0xF3, 0xFF, 0xDF, 0x02, 0x70, 0x03, 0xC0, 0x0E, 0x00,
    0x38, 0x00, 0xE0, 0x03, 0x80, 0x0E, 0x00, 0x3C, 0x00, 0x70, 0x01, 0xF0, 0x23, 0xFF, 0x87, 0xFF,
    0x07, 0xF8, 0x06, 0x03, 0x80, 0x60, 0x00, 0x0F, 0x8F, 0xF7, 0xFD, 0xC2, 0xE0, 0x38, 0x0E, 0x03,
    0x80, 0xE0, 0x1E, 0x17, 0xFC, 0xFF, 0x0F, 0x80, 0x04, 0x20, 0x1D, 0xC0, 0x3E, 0x00, 0x70, 0x00,
    0x80, 0x00, 0x00, 0x7F, 0x87, 0xFF, 0x3F, 0xFD, 0xF0, 0x27, 0x00, 0x3C, 0x00, 0xE0, 0x03, 0x80,
    0x0E, 0x00, 0x38, 0x00, 0xE0, 0x03, 0xC0, 0x07, 0x00, 0x1F, 0x02, 0x3F, 0xF8, 0x7F, 0xF0, 0x7F,
    0x80, 0x10, 0x86, 0x60, 0xF0, 0x18, 0x04, 0x00, 0x00, 0xF8, 0xFF, 0x7F, 0xDC, 0x2E, 0x03, 0x80,
    0xE0, 0x38, 0x0E, 0x01, 0xE1, 0x7F, 0xCF, 0xF0, 0xF8, 0x10, 0x80, 0x33, 0x00, 0x3C, 0x00, 0x30,
    0x00, 0x20, 0x00, 0x00, 0x3F, 0xE0, 0x7F, 0xF0, 0xFF, 0xF9, 0xC0, 0xFB, 0x80, 0xF7, 0x00, 0xFE,
    0x00, 0xFC, 0x01, 0xF8, 0x03, 0xF0, 0x07, 0xE0, 0x0F, 0xC0, 0x3F, 0x80, 0xF7, 0x07, 0xEF, 0xFF,
    0x9F, 0xFC, 0x3F, 0xE0, 0x00, 0x00, 0x73, 0x80, 0x39, 0xC0, 0x1C, 0xE0, 0x0E, 0x70, 0x07, 0x30,
    0x03, 0x98, 0x7F, 0xC0, 0x7F, 0xE0, 0x7F, 0xF0, 0x38, 0x38, 0x38, 0x1C, 0x1C, 0x0E, 0x0E, 0x07,
    0x07, 0x03, 0x83, 0xC1, 0xC0, 0xF0, 0xE0, 0x7F, 0xF0, 0x1F, 0xF8, 0x03, 0xFC, 0x00, 0x3F, 0xF0,
    0x0F, 0xFF, 0x03, 0xFF, 0xF0, 0xE0, 0x7E, 0x38, 0x07, 0x8E, 0x00, 0xF3, 0x80, 0x1F, 0xFC, 0x07,
    0xFF, 0x01, 0xFF, 0xC0, 0x73, 0x80, 0x1C, 0xE0, 0x0F, 0x38, 0x07, 0x8E, 0x07, 0xC3, 0xFF, 0xF0,
    0xFF, 0xF0, 0x3F, 0xF0, 0x00, 0x00, 0x70, 0x01, 0xC0, 0x7F, 0xC1, 0xFF, 0x07, 0xFC, 0x01, 0xC1,
    0xF7, 0x0F, 0xFC, 0x7F, 0xF1, 0xC1, 0xCE, 0x07, 0x38, 0x1C, 0xE0, 0x73, 0x81, 0xCF, 0x07, 0x1E,
    0x3C, 0x7F, 0xF0, 0xFF, 0xC0, 0xFC, 0x00, 0x3F, 0xC3, 0xFC, 0x00, 0x0F, 0xFE, 0xFF, 0xEF, 0xFE,
    0xE0, 0x0E, 0x00, 0xE0, 0x0E, 0x00, 0xFF, 0xEF, 0xFE, 0xFF, 0xEE, 0x00, 0xE0, 0x0E, 0x00, 0xE0,
    0x0F, 0xFF, 0xFF, 0xFF, 0xFF, 0x3F, 0xC3, 0xFC, 0x00, 0x00, 0xF8, 0x3F, 0xC7, 0xFE, 0x70, 0xFE,
    0x07, 0xFF, 0xFF, 0xFF, 0xE0, 0x0E, 0x00, 0x78, 0x27, 0xFE, 0x3F, 0xE0, 0xFC, 0x3B, 0xC3, 0xB8,
    0x3F, 0x81, 0xF0, 0x00, 0x0F, 0xFE, 0xFF, 0xEF, 0xFE, 0xE0, 0x0E, 0x00, 0xE0, 0x0E, 0x00, 0xFF,
    0xEF, 0xFE, 0xFF, 0xEE, 0x00, 0xE0, 0x0E, 0x00, 0xE0, 0x0F, 0xFF, 0xFF, 0xFF, 0xFF, 0x39, 0xC3,
    0x9C, 0x1F, 0x80, 0xF0, 0x00, 0x00, 0xF8, 0x3F, 0xC7, 0xFE, 0x70, 0xFE, 0x07, 0xFF, 0xFF, 0xFF,
    0xE0, 0x0E, 0x00, 0x78, 0x27, 0xFE, 0x3F, 0xE0, 0xFC, 0x06, 0x00, 0x70, 0x06, 0x00, 0x00, 0xFF,
    0xEF, 0xFE, 0xFF, 0xEE, 0x00, 0xE0, 0x0E, 0x00, 0xE0, 0x0F, 0xFE, 0xFF, 0xEF, 0xFE, 0xE0, 0x0E,
    0x00, 0xE0, 0x0E, 0x00, 0xFF, 0xFF, 0xFF, 0xFF, 0xF0, 0x06, 0x00, 0xE0, 0x06, 0x00, 0x00, 0x0F,
    0x83, 0xFC, 0x7F, 0xE7, 0x0F, 0xE0, 0x7F, 0xFF, 0xFF, 0xFE, 0x00, 0xE0, 0x07, 0x82, 0x7F, 0xE3,
    0xFE, 0x0F, 0xC0, 0xFF, 0xEF, 0xFE, 0xFF, 0xEE, 0x00, 0xE0, 0x0E, 0x00, 0xE0, 0x0F, 0xFE, 0xFF,
    0xEF, 0xFE, 0xE0, 0x0E, 0x00, 0xE0, 0x0E, 0x00, 0xFF, 0xFF, 0xFF, 0xFF, 0xF0, 0x0E, 0x01, 0xC0,
    0x1C, 0x01, 0xF0, 0x0F, 0x0F, 0x83, 0xFC, 0x7F, 0xE7, 0x0F, 0xE0, 0x7F, 0xFF, 0xFF, 0xFE, 0x00,
    0xE0, 0x07, 0x82, 0x7F, 0xE3, 0xFE, 0x0F, 0xE0, 0x1C, 0x03, 0x80, 0x38, 0x03, 0xE0, 0x1E, 0x21,
    0x03, 0xB8, 0x1F, 0x00, 0xE0, 0x04, 0x00, 0x00, 0xFF, 0xEF, 0xFE, 0xFF, 0xEE, 0x00, 0xE0, 0x0E,
    0x00, 0xE0, 0x0F, 0xFE, 0xFF, 0xEF, 0xFE, 0xE0, 0x0E, 0x00, 0xE0, 0x0E, 0x00, 0xFF, 0xFF, 0xFF,
    0xFF, 0xF0, 0x10, 0x81, 0x98, 0x0F, 0x00, 0xE0, 0x04, 0x00, 0x00, 0x0F, 0x83, 0xFC, 0x7F, 0xE7,
    0x0F, 0xE0, 0x7F, 0xFF, 0xFF, 0xFE, 0x00, 0xE0, 0x07, 0x82, 0x7F, 0xE3, 0xFE, 0x0F, 0xC0, 0x00,
    0x80, 0x07, 0x00, 0x3E, 0x01, 0xDC, 0x04, 0x20, 0x00, 0x00, 0x7F, 0x87, 0xFF, 0x3F, 0xFD, 0xF0,
    0x27, 0x00, 0x3C, 0x00, 0xE0, 0x03, 0x80, 0x0E, 0x01, 0xF8, 0x07, 0xE0, 0x1F, 0xC0, 0x77, 0x01,
    0xDF, 0x07, 0x3F, 0xFC, 0x7F, 0xF0, 0x7F, 0xC0, 0x02, 0x00, 0x70, 0x0F, 0x81, 0xDC, 0x18, 0x80,
    0x00, 0x0F, 0xE3, 0xFF, 0x7F, 0xF7, 0x87, 0xF0, 0x7E, 0x07, 0xE0, 0x7E, 0x07, 0xE0, 0x7F, 0x0F,
    0x7F, 0xF3, 0xFF, 0x1F, 0x70, 0x07, 0x20, 0xF7, 0xFE, 0x7F, 0xC3, 0xF8, 0x0E, 0x70, 0x1D, 0xC0,
    0x7F, 0x00, 0xF8, 0x00, 0x00, 0x1F, 0xE1, 0xFF, 0xCF, 0xFF, 0x7C, 0x09, 0xC0, 0x0F, 0x00, 0x38,
    0x00, 0xE0, 0x03, 0x80, 0x7E, 0x01, 0xF8, 0x07, 0xF0, 0x1D, 0xC0, 0x77, 0xC1, 0xCF, 0xFF, 0x1F,
    0xFC, 0x1F, 0xF0, 0x1C, 0xE1, 0xDC, 0x1F, 0xC0, 0x78, 0x00, 0x00, 0xFE, 0x3F, 0xF7, 0xFF, 0x78,
    0x7F, 0x07, 0xE0, 0x7E, 0x07, 0xE0, 0x7E, 0x07, 0xF0, 0xF7, 0xFF, 0x3F, 0xF1, 0xF7, 0x00, 0x72,
    0x0F, 0x7F, 0xE7, 0xFC, 0x3F, 0x80, 0x01, 0x80, 0x07, 0x00, 0x18, 0x00, 0x00, 0x07, 0xF8, 0x7F,
    0xF3, 0xFF, 0xDF, 0x02, 0x70, 0x03, 0xC0, 0x0E, 0x00, 0x38, 0x00, 0xE0, 0x1F, 0x80, 0x7E, 0x01,
    0xFC, 0x07, 0x70, 0x1D, 0xF0, 0x73, 0xFF, 0xC7, 0xFF, 0x07, 0xFC, 0x03, 0x00, 0x38, 0x03, 0x00,
    0x00, 0x0F, 0xE3, 0xFF, 0x7F, 0xF7, 0x87, 0xF0, 0x7E, 0x07, 0xE0, 0x7E, 0x07, 0xE0, 0x7F, 0x0F,
    0x7F, 0xF3, 0xFF, 0x1F, 0x70, 0x07, 0x20, 0xF7, 0xFE, 0x7F, 0xC3, 0xF8, 0x07, 0xF8, 0x7F, 0xF3,
    0xFF, 0xDF, 0x02, 0x70, 0x03, 0xC0, 0x0E, 0x00, 0x38, 0x00, 0xE0, 0x1F, 0x80, 0x7E, 0x01, 0xFC,
    0x07, 0x70, 0x1D, 0xF0, 0x73, 0xFF, 0xC7, 0xFF, 0x07, 0xFC, 0x00, 0x00, 0x1C, 0x00, 0x70, 0x07,
    0xC0, 0x1E, 0x00, 0x00, 0x80, 0x38, 0x03, 0x80, 0x38, 0x00, 0x00, 0x00, 0x00, 0x00, 0xFE, 0x3F,
    0xF7, 0xFF, 0x78, 0x7F, 0x07, 0xE0, 0x7E, 0x07, 0xE0, 0x7E, 0x07, 0xF0, 0xF7, 0xFF, 0x3F, 0xF1,
    0xF7, 0x00, 0x72, 0x0F, 0x7F, 0xE7, 0xFC, 0x3F, 0x80, 0x02, 0x00, 0x1C, 0x00, 0xF8, 0x07, 0x70,
    0x08, 0xC0, 0x00, 0x0E, 0x01, 0xF8, 0x07, 0xE0, 0x1F, 0x80, 0x7E, 0x01, 0xF8, 0x07, 0xFF, 0xFF,
    0xFF, 0xFF, 0xFF, 0xF8, 0x07, 0xE0, 0x1F, 0x80, 0x7E, 0x01, 0xF8, 0x07, 0xE0, 0x1F, 0x80, 0x7E,
    0x01, 0xC0, 0x10, 0x0F, 0x03, 0xB8, 0x42, 0x00, 0x01, 0xC0, 0x38, 0x07, 0x00, 0xE0, 0x1C, 0x03,
    0x80, 0x7F, 0x8F, 0xFD, 0xFF, 0xB8, 0x7F, 0x07, 0xE0, 0xFC, 0x1F, 0x83, 0xF0, 0x7E, 0x0F, 0xC1,
    0xF8, 0x3F, 0x07, 0x38, 0x03, 0x87, 0x00, 0x73, 0xFF, 0xFF, 0xFF, 0xFF, 0xFF, 0xFF, 0xFE, 0x70,
    0x07, 0x0F, 0xFF, 0xE1, 0xFF, 0xFC, 0x3F, 0xFF, 0x87, 0x00, 0x70, 0xE0, 0x0E, 0x1C, 0x01, 0xC3,
    0x80, 0x38, 0x70, 0x07, 0x0E, 0x00, 0xE1, 0xC0, 0x1C, 0x38, 0x03, 0x80, 0x38, 0x01, 0xC0, 0x3F,
    0xE1, 0xFF, 0x03, 0x80, 0x1C, 0x00, 0xFF, 0x07, 0xFE, 0x3F, 0xF1, 0xC3, 0xCE, 0x0E, 0x70, 0x73,
    0x83, 0x9C, 0x1C, 0xE0, 0xE7, 0x07, 0x38, 0x39, 0xC1, 0xCE, 0x0E, 0x71, 0x7F, 0xB3, 0x80, 0x01,
    0xC0, 0xE0, 0x70, 0x38, 0x1C, 0x0E, 0x07, 0x03, 0x81, 0xC0, 0xE0, 0x70, 0x38, 0x1C, 0x0E, 0x07,
    0x03, 0x81, 0xC0, 0x39, 0xBF, 0xD1, 0xC0, 0x00, 0xE0, 0x70, 0x38, 0x1C, 0x0E, 0x07, 0x03, 0x81,
    0xC0, 0xE0, 0x70, 0x38, 0x1C, 0x0E, 0x00, 0xFF, 0xFF, 0x00, 0x38, 0x38, 0x38, 0x38, 0x38, 0x38,
    0x38, 0x38, 0x38, 0x38, 0x38, 0x38, 0x38, 0x38, 0x38, 0x38, 0x38, 0xFF, 0xFF, 0x00, 0x1C, 0x1C,
    0x1C, 0x1C, 0x1C, 0x1C, 0x1C, 0x1C, 0x1C, 0x1C, 0x1C, 0x1C, 0x1C, 0xE7, 0xEF, 0xFE, 0x3C, 0x00,
    0x38, 0x38, 0x38, 0x38, 0x38, 0x38, 0x38, 0x38, 0x38, 0x38, 0x38, 0x38, 0x38, 0x38, 0x38, 0x38,
    0x38, 0xE7, 0xE7, 0x7E, 0x3C, 0x00, 0x1C, 0x1C, 0x1C, 0x1C, 0x1C, 0x1C, 0x1C, 0x1C, 0x1C, 0x1C,
    0x1C, 0x1C, 0x1C, 0x39, 0xCE, 0x73, 0x9C, 0xE7, 0x39, 0xCE, 0x73, 0x9C, 0xE7, 0x39, 0x99, 0xCF,
    0xBC, 0x39, 0xCE, 0x00, 0x1C, 0xE7, 0x39, 0xCE, 0x73, 0x9C, 0xE7, 0x39, 0xCC, 0xCE, 0x7D, 0xE0,
    0xDF, 0x0F, 0xFF, 0xFF, 0xFF, 0xFF, 0xFF, 0xFE, 0xFF, 0xFF, 0xFF, 0xFF, 0xFE, 0xE0, 0x07, 0xE0,
    0x07, 0xE0, 0x07, 0xE0, 0x07, 0xE0, 0x07, 0xE0, 0x07, 0xE0, 0x07, 0xE0, 0x07, 0xE0, 0x07, 0xE0,
    0x07, 0xE0, 0x07, 0xE0, 0x07, 0xE0, 0x07, 0xE3, 0x0F, 0xE3, 0xFF, 0xE7, 0xFE, 0xE1, 0xF8, 0xE1,
    0xB8, 0x7E, 0x18, 0x00, 0x00, 0x38, 0x7E, 0x1F, 0x87, 0xE1, 0xF8, 0x7E, 0x1F, 0x87, 0xE1, 0xF8,
    0x7E, 0x1F, 0x87, 0xE1, 0xF8, 0x70, 0x1C, 0x0F, 0x1F, 0x87, 0xE1, 0xF0, 0x00, 0x80, 0x0E, 0x00,
    0xF8, 0x0E, 0xE0, 0x21, 0x00, 0x00, 0x03, 0x80, 0x1C, 0x00, 0xE0, 0x07, 0x00, 0x38, 0x01, 0xC0,
    0x0E, 0x00, 0x70, 0x03, 0x80, 0x1C, 0x00, 0xE0, 0x07, 0x00, 0x38, 0x83, 0xCF, 0xFC, 0x7F, 0xE0,
    0xFC, 0x00, 0x04, 0x07, 0x0F, 0xCE, 0x72, 0x10, 0x00, 0x38, 0x1C, 0x0E, 0x07, 0x03, 0x81, 0xC0,
    0xE0, 0x70, 0x38, 0x1C, 0x0E, 0x07, 0x03, 0x81, 0xC1, 0xE7, 0xF3, 0xF1, 0xF0, 0xE0, 0x7B, 0x83,
    0xCE, 0x1E, 0x38, 0xF0, 0xE7, 0x83, 0xBC, 0x0F, 0xE0, 0x3F, 0x00, 0xFE, 0x03, 0xFC, 0x0E, 0xF8,
    0x38, 0xF0, 0xE1, 0xE3, 0x83, 0x8E, 0x0F, 0x38, 0x1E, 0xE0, 0x3C, 0x00, 0x00, 0x70, 0x01, 0xC0,
    0x1F, 0x00, 0x78, 0x00, 0x60, 0x0E, 0x00, 0xE0, 0x0E, 0x00, 0xE0, 0x0E, 0x00, 0xE1, 0xEE, 0x3C,
    0xE7, 0x8E, 0xF0, 0xFE, 0x0F, 0xC0, 0xFE, 0x0E, 0xF0, 0xE7, 0x8E, 0x3C, 0xE1, 0xCE, 0x1E, 0xE0,
    0xF0, 0x00, 0x0E, 0x00, 0xE0, 0x3E, 0x03, 0x80, 0xE1, 0xEE, 0x3C, 0xE7, 0x8E, 0x70, 0xEE, 0x0F,
    0x80, 0xFC, 0x0F, 0xE0, 0xE7, 0x0E, 0x38, 0xE1, 0xCE, 0x1E, 0xE0, 0xF0, 0x10, 0x07, 0x01, 0xE0,
    0x38, 0x0E, 0x00, 0x80, 0x00, 0x07, 0x00, 0xE0, 0x1C, 0x03, 0x80, 0x70, 0x0E, 0x01, 0xC0, 0x38,
    0x07, 0x00, 0xE0, 0x1C, 0x03, 0x80, 0x70, 0x0E, 0x01, 0xFF, 0xFF, 0xFF, 0xFF, 0x09, 0xFF, 0x90,
    0x00, 0xC7, 0x1C, 0x71, 0xC7, 0x1C, 0x71, 0xC7, 0x1C, 0x71, 0xC7, 0x1C, 0x71, 0xF3, 0xC7, 0xE0,
    0x1C, 0x03, 0x80, 0x70, 0x0E, 0x01, 0xC0, 0x38, 0x07, 0x00, 0xE0, 0x1C, 0x03, 0x80, 0x70, 0x0E,
    0x01, 0xC0, 0x3F, 0xFF, 0xFF, 0xFF, 0xE0, 0x00, 0x38, 0x07, 0x03, 0xE0, 0x78, 0x00, 0x31, 0xC7,
    0x1C, 0x71, 0xC7, 0x1C, 0x71, 0xC7, 0x1C, 0x71, 0xC7, 0x1C, 0x7C, 0xF1, 0xC0, 0x39, 0xEF, 0x38,
    0xE7, 0x1C, 0xE3, 0x9C, 0x73, 0x0E, 0x61, 0xCC, 0x38, 0x07, 0x00, 0xE0, 0x1C, 0x03, 0x80, 0x70,
    0x0E, 0x01, 0xC0, 0x3F, 0xFF, 0xFF, 0xFF, 0xE0, 0x63, 0xF1, 0xF8, 0xFC, 0x7E, 0x3F, 0x1B, 0x81,
    0xC0, 0xE0, 0x70, 0x38, 0x1C, 0x0E, 0x07, 0x03, 0x81, 0xC0, 0xF8, 0x3C, 0x0E, 0x00, 0xE0, 0x1C,
    0x03, 0x80, 0x70, 0x0E, 0x01, 0xC0, 0x38, 0x07, 0x0C, 0xE3, 0x9C, 0x33, 0x80, 0x70, 0x0E, 0x01,
    0xC0, 0x3F, 0xFF, 0xFF, 0xFF, 0xE0, 0x60, 0x38, 0x0E, 0x03, 0x80, 0xE0, 0x38, 0x0E, 0x03, 0x80,
    0xE0, 0x38, 0x7E, 0x1F, 0x87, 0xE0, 0x38, 0x0E, 0x03, 0x80, 0xF8, 0x1E, 0x03, 0x80, 0x1C, 0x00,
    0x70, 0x01, 0xC0, 0x07, 0x00, 0x1C, 0x00, 0x72, 0x01, 0xFC, 0x07, 0xE0, 0x7E, 0x03, 0xF0, 0x07,
    0xC0, 0x07, 0x00, 0x1C, 0x00, 0x70, 0x01, 0xFF, 0xC7, 0xFF, 0x1F, 0xFC, 0x38, 0x38, 0x38, 0x38,
    0x38, 0x38, 0x3A, 0x3F, 0x7C, 0xF8, 0x78, 0x38, 0x38, 0x38, 0x38, 0x38, 0x3E, 0x1E, 0x0E, 0x00,
    0x80, 0x03, 0x80, 0x0F, 0x00, 0x1C, 0x00, 0x70, 0x00, 0x40, 0x00, 0x00, 0x70, 0x07, 0xF0, 0x0F,
    0xF0, 0x1F, 0xF0, 0x3F, 0xF0, 0x7F, 0xF0, 0xFD, 0xE1, 0xF9, 0xE3, 0xF1, 0xE7, 0xE1, 0xEF, 0xC1,
    0xFF, 0x83, 0xFF, 0x03, 0xFE, 0x03, 0xFC, 0x03, 0xF8, 0x07, 0xF0, 0x07, 0x02, 0x00, 0xE0, 0x3C,
    0x07, 0x01, 0xC0, 0x10, 0x00, 0x07, 0xF8, 0xFF, 0xDF, 0xFB, 0x87, 0xF0, 0x7E, 0x0F, 0xC1, 0xF8,
    0x3F, 0x07, 0xE0, 0xFC, 0x1F, 0x83, 0xF0, 0x70, 0xE0, 0x0F, 0xE0, 0x1F, 0xE0, 0x3F, 0xE0, 0x7F,
    0xE0, 0xFF, 0xE1, 0xFB, 0xC3, 0xF3, 0xC7, 0xE3, 0xCF, 0xC3, 0xDF, 0x83, 0xFF, 0x07, 0xFE, 0x07,
    0xFC, 0x07, 0xF8, 0x07, 0xF0, 0x0F, 0xE0, 0x0E, 0x00, 0x00, 0x0E, 0x00, 0x1C, 0x00, 0xF8, 0x01,
    0xE0, 0x00, 0xFF, 0x1F, 0xFB, 0xFF, 0x70, 0xFE, 0x0F, 0xC1, 0xF8, 0x3F, 0x07, 0xE0, 0xFC, 0x1F,
    0x83, 0xF0, 0x7E, 0x0E, 0x00, 0x03, 0x80, 0x70, 0x3E, 0x07, 0x80, 0x04, 0x20, 0x1D, 0xC0, 0x1F,
    0x00, 0x1C, 0x00, 0x10, 0x00, 0x00, 0x38, 0x03, 0xF8, 0x07, 0xF8, 0x0F, 0xF8, 0x1F, 0xF8, 0x3F,
    0xF8, 0x7E, 0xF0, 0xFC, 0xF1, 0xF8, 0xF3, 0xF0, 0xF7, 0xE0, 0xFF, 0xC1, 0xFF, 0x81, 0xFF, 0x01,
    0xFE, 0x01, 0xFC, 0x03, 0xF8, 0x03, 0x80, 0x21, 0x0E, 0xE0, 0xF8, 0x0E, 0x00, 0x80, 0x00, 0x3F,
    0xC7, 0xFE, 0xFF, 0xDC, 0x3F, 0x83, 0xF0, 0x7E, 0x0F, 0xC1, 0xF8, 0x3F, 0x07, 0xE0, 0xFC, 0x1F,
    0x83, 0x80, 0x70, 0x03, 0x80, 0x1C, 0x00, 0xC0, 0x0E, 0x00, 0x20, 0x00, 0xFF, 0x87, 0xFE, 0x3F,
    0xF9, 0xC3, 0xCE, 0x0E, 0x70, 0x73, 0x83, 0x9C, 0x1C, 0xE0, 0xE7, 0x07, 0x38, 0x39, 0xC1, 0xCE,
    0x0E, 0xE0, 0x0F, 0xE0, 0x1F, 0xE0, 0x3F, 0xE0, 0x7F, 0xE0, 0xFD, 0xE1, 0xFB, 0xC3, 0xF3, 0xC7,
    0xE3, 0xCF, 0xC3, 0xDF, 0x83, 0xBF, 0x03, 0xFE, 0x07, 0xFC, 0x07, 0xF8, 0x07, 0xF0, 0x0F, 0xE0,
    0x0E, 0x00, 0x1C, 0x00, 0x38, 0x03, 0xF0, 0x07, 0xC0, 0x0F, 0x00, 0x7F, 0x1F, 0xFB, 0xFF, 0x70,
    0xFE, 0x0F, 0xC1, 0xF8, 0x3F, 0x07, 0xE0, 0xFC, 0x1F, 0x83, 0xF0, 0x7E, 0x0E, 0x01, 0xC0, 0x38,
    0x3F, 0x07, 0xC0, 0xF0, 0x07, 0xF8, 0x01, 0xFE, 0x00, 0x00, 0x00, 0x0F, 0xC0, 0x0F, 0xFC, 0x0F,
    0xFF, 0xC7, 0xC0, 0xF9, 0xE0, 0x1E, 0xF0, 0x03, 0xF8, 0x00, 0x7E, 0x00, 0x1F, 0x80, 0x07, 0xE0,
    0x01, 0xF8, 0x00, 0x7F, 0x00, 0x3D, 0xE0, 0x1E, 0x7C, 0x0F, 0x8F, 0xFF, 0xC1, 0xFF, 0xC0, 0x0F,
    0xC0, 0x1F, 0xE0, 0xFF, 0x00, 0x00, 0x1F, 0x03, 0xFE, 0x3F, 0xF9, 0xC3, 0xDC, 0x0F, 0xE0, 0x3F,
    0x01, 0xF8, 0x0F, 0xC0, 0xF7, 0x07, 0x3F, 0xF8, 0xFF, 0x81, 0xF0, 0x07, 0x38, 0x01, 0xDE, 0x00,
    0x7F, 0x00, 0x07, 0x80, 0x00, 0x00, 0x00, 0xFC, 0x00, 0xFF, 0xC0, 0xFF, 0xFC, 0x7C, 0x0F, 0x9E,
    0x01, 0xEF, 0x00, 0x3F, 0x80, 0x07, 0xE0, 0x01, 0xF8, 0x00, 0x7E, 0x00, 0x1F, 0x80, 0x07, 0xF0,
    0x03, 0xDE, 0x01, 0xE7, 0xC0, 0xF8, 0xFF, 0xFC, 0x1F, 0xFC, 0x00, 0xFC, 0x00, 0x3D, 0xC0, 0xEE,
    0x07, 0xF0, 0x1F, 0x00, 0x00, 0x07, 0xC0, 0xFF, 0x8F, 0xFE, 0x70, 0xF7, 0x03, 0xF8, 0x0F, 0xC0,
    0x7E, 0x03, 0xF0, 0x3D, 0xC1, 0xCF, 0xFE, 0x3F, 0xE0, 0x7C, 0x00, 0x00, 0x88, 0x00, 0x33, 0x00,
    0x1D, 0xC0, 0x06, 0x60, 0x01, 0x10, 0x00, 0x00, 0x00, 0x3F, 0x00, 0x3F, 0xF0, 0x3F, 0xFF, 0x1F,
    0x03, 0xE7, 0x80, 0x7B, 0xC0, 0x0F, 0xE0, 0x01, 0xF8, 0x00, 0x7E, 0x00, 0x1F, 0x80, 0x07, 0xE0,
    0x01, 0xFC, 0x00, 0xF7, 0x80, 0x79, 0xF0, 0x3E, 0x3F, 0xFF, 0x07, 0xFF, 0x00, 0x3F, 0x00, 0x04,
    0x40, 0x77, 0x03, 0x30, 0x33, 0x00, 0x88, 0x00, 0x00, 0x3E, 0x07, 0xFC, 0x7F, 0xF3, 0x87, 0xB8,
    0x1F, 0xC0, 0x7E, 0x03, 0xF0, 0x1F, 0x81, 0xEE, 0x0E, 0x7F, 0xF1, 0xFF, 0x03, 0xE0, 0x03, 0xFF,
    0xFC, 0x1F, 0xFF, 0xF8, 0xFF, 0xFF, 0xF3, 0xF0, 0x70, 0x07, 0x80, 0xE0, 0x1E, 0x01, 0xC0, 0x38,
    0x03, 0xFE, 0x70, 0x07, 0xFC, 0xE0, 0x0F, 0xF9, 0xC0, 0x1C, 0x03, 0x80, 0x38, 0x07, 0x80, 0x70,
    0x07, 0x80, 0xE0, 0x0F, 0xC1, 0xC0, 0x0F, 0xFF, 0xFF, 0x87, 0xFF, 0xFF, 0x03, 0xFF, 0xFE, 0x0F,
    0x83, 0xE0, 0xFF, 0xBF, 0xC7, 0xFF, 0xFF, 0x9C, 0x3F, 0x0F, 0xE0, 0x78, 0x1F, 0x80, 0xFF, 0xFE,
    0x03, 0xFF, 0xF8, 0x0E, 0x00, 0xE0, 0x78, 0x01, 0xC1, 0xF8, 0x07, 0xFF, 0xFF, 0x8F, 0xFB, 0xFE,
    0x0F, 0x83, 0xF0, 0x01, 0x00, 0x0E, 0x00, 0x70, 0x03, 0x80, 0x1C, 0x00, 0x20, 0x00, 0x00, 0x3F,
    0xE0, 0xFF, 0xE3, 0xFF, 0xCE, 0x07, 0xB8, 0x0E, 0xE0, 0x3B, 0x80, 0xEE, 0x07, 0xBF, 0xFC, 0xFF,
    0xE3, 0xFF, 0x0E, 0x1E, 0x38, 0x3C, 0xE0, 0xF3, 0x81, 0xEE, 0x03, 0xB8, 0x0F, 0x04, 0x0E, 0x1E,
    0x3C, 0x78, 0x20, 0x00, 0xFF, 0xFF, 0xFE, 0xE0, 0xE0, 0xE0, 0xE0, 0xE0, 0xE0, 0xE0, 0xE0, 0xE0,
    0xE0, 0xFF, 0x83, 0xFF, 0x8F, 0xFF, 0x38, 0x1E, 0xE0, 0x3B, 0x80, 0xEE, 0x03, 0xB8, 0x1E, 0xFF,
    0xF3, 0xFF, 0x8F, 0xFC, 0x38, 0x78, 0xE0, 0xF3, 0x83, 0xCE, 0x07, 0xB8, 0x0E, 0xE0, 0x3C, 0x00,
    0x00, 0x70, 0x01, 0xC0, 0x1F, 0x00, 0x78, 0x00, 0x3F, 0xCF, 0xF3, 0xF8, 0xE0, 0x38, 0x0E, 0x03,
    0x80, 0xE0, 0x38, 0x0E, 0x03, 0x80, 0xE0, 0x38, 0x00, 0x03, 0x80, 0xE0, 0xF8, 0x3C, 0x00, 0x10,
    0x80, 0x77, 0x00, 0xF8, 0x01, 0xC0, 0x02, 0x00, 0x00, 0x0F, 0xF8, 0x3F, 0xF8, 0xFF, 0xF3, 0x81,
    0xEE, 0x03, 0xB8, 0x0E, 0xE0, 0x3B, 0x81, 0xEF, 0xFF, 0x3F, 0xF8, 0xFF, 0xC3, 0x87, 0x8E, 0x0F,
    0x38, 0x3C, 0xE0, 0x7B, 0x80, 0xEE, 0x03, 0xC0, 0x44, 0xEE, 0x7C, 0x38, 0x10, 0x00, 0xFF, 0xFF,
    0xFE, 0xE0, 0xE0, 0xE0, 0xE0, 0xE0, 0xE0, 0xE0, 0xE0, 0xE0, 0xE0, 0x01, 0x00, 0x38, 0x07, 0x80,
    0xF0, 0x0E, 0x00, 0x40, 0x00, 0x01, 0xF8, 0x7F, 0xE7, 0xFE, 0xF0, 0x4E, 0x00, 0xE0, 0x0F, 0x00,
    0x7E, 0x03, 0xF8, 0x07, 0xE0, 0x0F, 0x00, 0x70, 0x07, 0x40, 0xFF, 0xFF, 0xFF, 0xE3, 0xF8, 0x02,
    0x03, 0x83, 0xC3, 0xC3, 0xC0, 0xC0, 0x00, 0x7C, 0x7F, 0x7F, 0xB8, 0x9C, 0x0F, 0xC3, 0xF8, 0x7E,
    0x07, 0x43, 0xFF, 0xFF, 0xCF, 0xC0, 0x02, 0x00, 0x70, 0x0F, 0x81, 0xDC, 0x08, 0x40, 0x00, 0x1F,
    0x87, 0xFE, 0x7F, 0xEF, 0x04, 0xE0, 0x0E, 0x00, 0xF0, 0x07, 0xE0, 0x3F, 0x80, 0x7E, 0x00, 0xF0,
    0x07, 0x00, 0x74, 0x0F, 0xFF, 0xFF, 0xFE, 0x3F, 0x80, 0x08, 0x0E, 0x0F, 0x8E, 0xE2, 0x30, 0x00,
    0xF8, 0xFE, 0xFF, 0x71, 0x38, 0x1F, 0x87, 0xF0, 0xFC, 0x0E, 0x87, 0xFF, 0xFF, 0x9F, 0x80, 0x1F,
    0x87, 0xFE, 0x7F, 0xEF, 0x04, 0xE0, 0x0E, 0x00, 0xF8, 0x07, 0xF0, 0x1F, 0xC0, 0x7E, 0x00, 0xF0,
    0x07, 0x00, 0x74, 0x0F, 0xFF, 0xFF, 0xFE, 0x3F, 0x80, 0xC0, 0x0F, 0x00, 0x30, 0x1F, 0x01, 0xE0,
    0x3E, 0x3F, 0xBF, 0xDC, 0x2E, 0x07, 0xE1, 0xFC, 0x3F, 0x03, 0xE1, 0xFF, 0xFF, 0xE7, 0xE1, 0x80,
    0xE0, 0x18, 0x7C, 0x3C, 0x00, 0x08, 0x41, 0xDC, 0x0F, 0x80, 0x70, 0x02, 0x00, 0x00, 0x1F, 0x87,
    0xFE, 0x7F, 0xEF, 0x04, 0xE0, 0x0E, 0x00, 0xF0, 0x07, 0xE0, 0x3F, 0x80, 0x7E, 0x00, 0xF0, 0x07,
    0x00, 0x74, 0x0F, 0xFF, 0xFF, 0xFE, 0x3F, 0x80, 0x22, 0x3B, 0x8F, 0x83, 0x80, 0x80, 0x00, 0xF8,
    0xFE, 0xFF, 0x71, 0x38, 0x1F, 0x87, 0xF0, 0xFC, 0x0E, 0x87, 0xFF, 0xFF, 0x9F, 0x80, 0xFF, 0xFF,
    0xFF, 0xFF, 0xFE, 0x0E, 0x00, 0x70, 0x03, 0x80, 0x1C, 0x00, 0xE0, 0x07, 0x00, 0x38, 0x01, 0xC0,
    0x0E, 0x00, 0x70, 0x03, 0x80, 0x1C, 0x00, 0xE0, 0x07, 0x00, 0x30, 0x01, 0xC0, 0x06, 0x01, 0xF0,
    0x0F, 0x00, 0xE0, 0x70, 0x38, 0x1C, 0x0F, 0xF7, 0xFB, 0xFD, 0xC0, 0xE0, 0x70, 0x38, 0x1C, 0x0E,
    0x07, 0x87, 0xFE, 0xFF, 0x3F, 0x0C, 0x07, 0x00, 0xC3, 0xE1, 0xE0, 0x08, 0x40, 0x6E, 0x03, 0xE0,
    0x0E, 0x00, 0x20, 0x00, 0x03, 0xFF, 0xFF, 0xFF, 0xFF, 0xF8, 0x38, 0x01, 0xC0, 0x0E, 0x00, 0x70,
    0x03, 0x80, 0x1C, 0x00, 0xE0, 0x07, 0x00, 0x38, 0x01, 0xC0, 0x0E, 0x00, 0x70, 0x03, 0x80, 0x1C,
    0x00, 0x07, 0x03, 0x99, 0x9C, 0xCE, 0x67, 0x03, 0xFD, 0xFE, 0xFF, 0x70, 0x38, 0x1C, 0x0E, 0x07,
    0x03, 0x81, 0xE2, 0xFF, 0x3F, 0xCF, 0xC0, 0xFF, 0xFF, 0xFF, 0xFF, 0xFE, 0x0E, 0x00, 0x70, 0x03,
    0x80, 0x1C, 0x07, 0xFC, 0x3F, 0xE1, 0xFF, 0x01, 0xC0, 0x0E, 0x00, 0x70, 0x03, 0x80, 0x1C, 0x00,
    0xE0, 0x07, 0x00, 0xE0, 0x70, 0x38, 0x1C, 0x0F, 0xF7, 0xFB, 0xFD, 0xC0, 0xE0, 0x7F, 0xBF, 0xDC,
    0x0E, 0x07, 0x87, 0xFE, 0xFF, 0x3F, 0x00, 0x0F, 0x20, 0x7F, 0xC0, 0x9E, 0x00, 0x00, 0xE0, 0x1F,
    0x80, 0x7E, 0x01, 0xF8, 0x07, 0xE0, 0x1F, 0x80, 0x7E, 0x01, 0xF8, 0x07, 0xE0, 0x1F, 0x80, 0x7E,
    0x01, 0xF8, 0x07, 0xF0, 0x3D, 0xE1, 0xE7, 0xFF, 0x8F, 0xFC, 0x0F, 0xC0, 0x1C, 0xC7, 0xF8, 0x8E,
    0x00, 0x0E, 0x0F, 0xC1, 0xF8, 0x3F, 0x07, 0xE0, 0xFC, 0x1F, 0x83, 0xF0, 0x7E, 0x0F, 0xE1, 0xDF,
    0xFB, 0xFF, 0x1F, 0xE0, 0x1F, 0xE0, 0x7F, 0x80, 0x00, 0x38, 0x07, 0xE0, 0x1F, 0x80, 0x7E, 0x01,
    0xF8, 0x07, 0xE0, 0x1F, 0x80, 0x7E, 0x01, 0xF8, 0x07, 0xE0, 0x1F, 0x80, 0x7E, 0x01, 0xFC, 0x0F,
    0x78, 0x79, 0xFF, 0xE3, 0xFF, 0x03, 0xF0, 0x7F, 0x8F, 0xF0, 0x00, 0x70, 0x7E, 0x0F, 0xC1, 0xF8,
    0x3F, 0x07, 0xE0, 0xFC, 0x1F, 0x83, 0xF0, 0x7F, 0x0E, 0xFF, 0xDF, 0xF8, 0xFF, 0x1C, 0xE0, 0x77,
    0x81, 0xFC, 0x01, 0xE0, 0x00, 0x03, 0x80, 0x7E, 0x01, 0xF8, 0x07, 0xE0, 0x1F, 0x80, 0x7E, 0x01,
    0xF8, 0x07, 0xE0, 0x1F, 0x80, 0x7E, 0x01, 0xF8, 0x07, 0xE0, 0x1F, 0xC0, 0xF7, 0x87, 0x9F, 0xFE,
    0x3F, 0xF0, 0x3F, 0x00, 0x73, 0x8E, 0x70, 0xFE, 0x0F, 0x00, 0x01, 0xC1, 0xF8, 0x3F, 0x07, 0xE0,
    0xFC, 0x1F, 0x83, 0xF0, 0x7E, 0x0F, 0xC1, 0xFC, 0x3B, 0xFF, 0x7F, 0xE3, 0xFC, 0x07, 0x80, 0x3F,
    0x00, 0xCC, 0x03, 0x30, 0x0F, 0xC0, 0x1E, 0x00, 0x00, 0x38, 0x07, 0xE0, 0x1F, 0x80, 0x7E, 0x01,
    0xF8, 0x07, 0xE0, 0x1F, 0x80, 0x7E, 0x01, 0xF8, 0x07, 0xE0, 0x1F, 0x80, 0x7E, 0x01, 0xFC, 0x0F,
    0x78, 0x79, 0xFF, 0xE3, 0xFF, 0x03, 0xF0, 0x0E, 0x03, 0xE0, 0xEC, 0x1D, 0x81, 0xF0, 0x1C, 0x00,
    0x07, 0x07, 0xE0, 0xFC, 0x1F, 0x83, 0xF0, 0x7E, 0x0F, 0xC1, 0xF8, 0x3F, 0x07, 0xF0, 0xEF, 0xFD,
    0xFF, 0x8F, 0xF0, 0x02, 0x20, 0x0C, 0xC0, 0x77, 0x01, 0x98, 0x04, 0x40, 0x00, 0x0E, 0x01, 0xF8,
    0x07, 0xE0, 0x1F, 0x80, 0x7E, 0x01, 0xF8, 0x07, 0xE0, 0x1F, 0x80, 0x7E, 0x01, 0xF8, 0x07, 0xE0,
    0x1F, 0x80, 0x7F, 0x03, 0xDE, 0x1E, 0x7F, 0xF8, 0xFF, 0xC0, 0xFC, 0x00, 0x08, 0x81, 0xDC, 0x77,
    0x0C, 0xC1, 0x10, 0x00, 0x38, 0x3F, 0x07, 0xE0, 0xFC, 0x1F, 0x83, 0xF0, 0x7E, 0x0F, 0xC1, 0xF8,
    0x3F, 0x87, 0x7F, 0xEF, 0xFC, 0x7F, 0x80, 0xE0, 0x1F, 0x80, 0x7E, 0x01, 0xF8, 0x07, 0xE0, 0x1F,
    0x80, 0x7E, 0x01, 0xF8, 0x07, 0xE0, 0x1F, 0x80, 0x7E, 0x01, 0xF8, 0x07, 0xF0, 0x3D, 0xE1, 0xE7,
    0xFF, 0x8F, 0xFC, 0x0F, 0xC0, 0x0E, 0x00, 0x70, 0x01, 0xC0, 0x07, 0xC0, 0x0F, 0x00, 0xE0, 0xFC,
    0x1F, 0x83, 0xF0, 0x7E, 0x0F, 0xC1, 0xF8, 0x3F, 0x07, 0xE0, 0xFE, 0x1D, 0xFF, 0xBF, 0xF1, 0xFE,
    0x03, 0x80, 0xE0, 0x1C, 0x03, 0xE0, 0x3C, 0x00, 0x20, 0x00, 0x01, 0xC0, 0x00, 0x0F, 0x80, 0x00,
    0x77, 0x00, 0x01, 0x88, 0x00, 0x00, 0x00, 0x0E, 0x00, 0x03, 0xF8, 0x00, 0x0E, 0xE0, 0x70, 0x3B,
    0x83, 0xE0, 0xEF, 0x0F, 0x83, 0x9C, 0x3E, 0x1E, 0x70, 0xD8, 0x71, 0xC7, 0x71, 0xC7, 0x9D, 0xC7,
    0x1E, 0x77, 0x3C, 0x3B, 0x8E, 0xE0, 0xEE, 0x3B, 0x83, 0xF8, 0xEE, 0x0F, 0xE1, 0xF8, 0x1F, 0x07,
    0xC0, 0x7C, 0x1F, 0x01, 0xF0, 0x3C, 0x00, 0x00, 0x40, 0x00, 0x38, 0x00, 0x1F, 0x00, 0x0E, 0xE0,
    0x02, 0x10, 0x00, 0x00, 0x0E, 0x1C, 0x1F, 0x87, 0x07, 0xF3, 0xE3, 0xDC, 0xF8, 0xE7, 0x3E, 0x39,
    0xCD, 0x8E, 0x7B, 0x77, 0x8E, 0xDD, 0xC3, 0xB7, 0x70, 0xFC, 0xFC, 0x1F, 0x3E, 0x07, 0xCF, 0x81,
    0xE1, 0xE0, 0x01, 0x00, 0x07, 0x00, 0x1F, 0x00, 0x77, 0x00, 0xC4, 0x00, 0x00, 0x3C, 0x07, 0xB8,
    0x0E, 0x78, 0x3C, 0x70, 0x70, 0xF1, 0xE0, 0xE3, 0x80, 0xEE, 0x01, 0xDC, 0x01, 0xF0, 0x03, 0xE0,
    0x03, 0x80, 0x07, 0x00, 0x0E, 0x00, 0x1C, 0x00, 0x38, 0x00, 0x70, 0x00, 0xE0, 0x00, 0x01, 0x00,
    0x1C, 0x01, 0xF0, 0x1D, 0xC0, 0x84, 0x00, 0x03, 0x80, 0xFE, 0x0F, 0x70, 0x73, 0x83, 0x9E, 0x3C,
    0x71, 0xC3, 0x8E, 0x1E, 0xF0, 0x77, 0x03, 0xB8, 0x1F, 0xC0, 0x7C, 0x03, 0xE0, 0x1E, 0x00, 0xF0,
    0x3F, 0x03, 0xF0, 0x1F, 0x00, 0x0C, 0x60, 0x1C, 0xE0, 0x31, 0x80, 0x00, 0x0F, 0x01, 0xEE, 0x03,
    0x9E, 0x0F, 0x1C, 0x1C, 0x3C, 0x78, 0x38, 0xE0, 0x3B, 0x80, 0x77, 0x00, 0x7C, 0x00, 0xF8, 0x00,
    0xE0, 0x01, 0xC0, 0x03, 0x80, 0x07, 0x00, 0x0E, 0x00, 0x1C, 0x00, 0x38, 0x00, 0x01, 0x00, 0x0E,
    0x00, 0xE0, 0x0E, 0x00, 0xE0, 0x02, 0x00, 0x00, 0x1F, 0xFF, 0xFF, 0xFF, 0xFF, 0xC0, 0x1C, 0x01,
    0xC0, 0x1C, 0x01, 0xE0, 0x1E, 0x01, 0xE0, 0x0E, 0x00, 0xF0, 0x0F, 0x00, 0xF0, 0x07, 0x80, 0x7F,
    0xFF, 0xFF, 0xFF, 0xFF, 0x02, 0x01, 0xC0, 0xF0, 0x78, 0x1C, 0x02, 0x00, 0x03, 0xFF, 0xFF, 0xFF,
    0xF0, 0x3C, 0x1E, 0x0F, 0x07, 0x83, 0xC0, 0xF0, 0x78, 0x3F, 0xFF, 0xFF, 0xFF, 0x03, 0x00, 0x38,
    0x00, 0xC0, 0x00, 0x0F, 0xFF, 0xFF, 0xFF, 0xFF, 0xE0, 0x0E, 0x00, 0xE0, 0x0E, 0x00, 0xF0, 0x0F,
    0x00, 0xF0, 0x07, 0x00, 0x78, 0x07, 0x80, 0x78, 0x03, 0xC0, 0x3F, 0xFF, 0xFF, 0xFF, 0xFF, 0x80,
    0x1C, 0x07, 0x01, 0xC0, 0x00, 0xFF, 0xFF, 0xFF, 0xFC, 0x0F, 0x07, 0x83, 0xC1, 0xE0, 0xF0, 0x3C,
    0x1E, 0x0F, 0xFF, 0xFF, 0xFF, 0xC0, 0x08, 0x40, 0x66, 0x01, 0xE0, 0x06, 0x00, 0x10, 0x00, 0x03,
    0xFF, 0xFF, 0xFF, 0xFF, 0xF8, 0x03, 0x80, 0x38, 0x03, 0x80, 0x3C, 0x03, 0xC0, 0x3C, 0x01, 0xC0,
    0x1E, 0x01, 0xE0, 0x1E, 0x00, 0xF0, 0x0F, 0xFF, 0xFF, 0xFF, 0xFF, 0xE0, 0x21, 0x1D, 0xC3, 0xE0,
    0x70, 0x08, 0x00, 0x0F, 0xFF, 0xFF, 0xFF, 0xC0, 0xF0, 0x78, 0x3C, 0x1E, 0x0F, 0x03, 0xC1, 0xE0,
    0xFF, 0xFF, 0xFF, 0xFC, 0x1F, 0x7F, 0x7F, 0xF0, 0xE0, 0xE0, 0xE0, 0xE0, 0xE0, 0xE0, 0xE0, 0xE0,
    0xE0, 0xE0, 0xE0, 0xE0, 0xE0, 0xE0, 0xE0, 0x00, 0x01, 0xC0, 0x00, 0x70, 0x3F, 0x1C, 0x3F, 0xFE,
    0x3F, 0xFF, 0x9F, 0x03, 0xE7, 0x80, 0x7B, 0xC0, 0x0F, 0xE0, 0x01, 0xF8, 0x00, 0x7E, 0x00, 0x1F,
    0x80, 0x07, 0xE0, 0x01, 0xFC, 0x00, 0xF7, 0x80, 0x79, 0xF0, 0x3E, 0x3F, 0xFF, 0x07, 0xFF, 0x00,
    0x3F, 0x00, 0x00, 0x1C, 0x00, 0x70, 0xF9, 0xCF, 0xFE, 0x7F, 0xF9, 0xC3, 0xCE, 0x07, 0xB8, 0x0E,
    0xE0, 0x3B, 0x80, 0xEE, 0x07, 0x9C, 0x1C, 0x7F, 0xF0, 0xFF, 0x80, 0xF8, 0x00, 0x00, 0x01, 0xC0,
    0x00, 0x70, 0x00, 0x3F, 0x80, 0x7F, 0xE0, 0x1F, 0xB8, 0x07, 0xCE, 0x01, 0xC3, 0x80, 0x70, 0xE0,
    0x1C, 0x38, 0x07, 0x0E, 0x01, 0xC3, 0x80, 0x70, 0xE0, 0x1C, 0x38, 0x07, 0x0E, 0x01, 0xC3, 0xC0,
    0xF0, 0x78, 0x7C, 0x1F, 0xFE, 0x03, 0xFF, 0x00, 0x3F, 0x00, 0x00, 0x1C, 0x00, 0x70, 0x01, 0xF8,
    0x3F, 0xE0, 0xFB, 0x83, 0xCE, 0x0E, 0x38, 0x38, 0xE0, 0xE3, 0x83, 0x8E, 0x0E, 0x38, 0x38, 0xF0,
    0xE1, 0xFF, 0x87, 0xFE, 0x07, 0xE0, 0x00, 0x00, 0x04, 0x20, 0x00, 0x00, 0x3B, 0x80, 0x00, 0x00,
    0x7C, 0x00, 0x00, 0x00, 0xE0, 0x00, 0x00, 0x01, 0x00, 0x00, 0x00, 0x00, 0x0F, 0xF8, 0x07, 0xFF,
    0xFF, 0xF8, 0x1F, 0xFF, 0xFF, 0xF8, 0x7F, 0xFF, 0x81, 0xF0, 0x01, 0xEE, 0x03, 0xC0, 0x0F, 0x38,
    0x07, 0x80, 0x78, 0xE0, 0x0E, 0x01, 0xC3, 0x80, 0x38, 0x0F, 0x0E, 0x00, 0xE0, 0x78, 0x38, 0x03,
    0x83, 0xC0, 0xE0, 0x0E, 0x0E, 0x03, 0x80, 0x78, 0x78, 0x0E, 0x03, 0xC3, 0xC0, 0x38, 0x3F, 0x1E,
    0x00, 0xFF, 0xF8, 0x7F, 0xFF, 0xFF, 0x81, 0xFF, 0xFF, 0xF8, 0x07, 0xFF, 0xC0, 0x00, 0x00, 0x08,
    0x40, 0x00, 0x03, 0xBB, 0xFE, 0x00, 0x3E, 0x7F, 0xF0, 0x03, 0x8F, 0xFF, 0x80, 0x21, 0xC0, 0xF8,
    0x00, 0x38, 0x0F, 0x1F, 0xFF, 0x00, 0xF3, 0xFF, 0xE0, 0x0E, 0x7F, 0xFC, 0x01, 0xC0, 0x3B, 0x80,
    0x38, 0x0F, 0x70, 0x07, 0x03, 0xCE, 0x00, 0xE0, 0xF1, 0xC0, 0x3C, 0x3C, 0x38, 0x0F, 0x07, 0x07,
    0x07, 0xE1, 0xE0, 0xFF, 0xF8, 0x7F, 0xFF, 0xFC, 0x0F, 0xFF, 0xFE, 0x01, 0xFF, 0x80, 0x00, 0x70,
    0x23, 0x00, 0x38, 0x3B, 0x80, 0x1C, 0x0F, 0x80, 0x0E, 0x03, 0x80, 0x07, 0x00, 0x80, 0x03, 0x80,
    0x00, 0x7F, 0xC7, 0xFE, 0x7F, 0xE3, 0xFF, 0x7F, 0xF1, 0xFF, 0xB8, 0x38, 0x03, 0xB8, 0x1C, 0x03,
    0xDC, 0x0E, 0x03, 0xCE, 0x07, 0x03, 0xC7, 0x03, 0x83, 0xC3, 0xC1, 0xC1, 0xC0, 0xF0, 0xE1, 0xE0,
    0x7F, 0xF1, 0xFF, 0x9F, 0xF8, 0xFF, 0xC3, 0xFC, 0x7F, 0xE0, 0xE0, 0x00, 0x0F, 0xC0, 0x00, 0x1F,
    0x80, 0x00, 0x3F, 0x00, 0x00, 0x7E, 0x00, 0x00, 0xFC, 0x00, 0x01, 0xF8, 0x00, 0x03, 0xF0, 0x00,
    0x07, 0xE0, 0x00, 0x0F, 0xC0, 0x00, 0x1F, 0x80, 0x00, 0x3F, 0x00, 0x00, 0x7E, 0x00, 0x01, 0xFC,
    0x01, 0x87, 0xBF, 0xFB, 0xFF, 0x7F, 0xF7, 0xFC, 0xFF, 0xE7, 0xF0, 0x00, 0x03, 0xE0, 0x07, 0xE0,
    0x03, 0xE0, 0x00, 0xE0, 0x00, 0xE0, 0x07, 0xE0, 0x07, 0xE0, 0x07, 0xE0, 0x07, 0xE0, 0x07, 0xE0,
    0x07, 0xE0, 0x07, 0xE0, 0x07, 0xE0, 0x07, 0xE0, 0x07, 0xFF, 0xE7, 0xFF, 0xE7, 0xFF, 0xE7, 0x00,
    0x07, 0x00, 0x07, 0x00, 0x7F, 0x00, 0x7E, 0x00, 0x7C, 0x60, 0x1C, 0x0F, 0x83, 0xF0, 0x3E, 0x01,
    0xC0, 0x38, 0x3F, 0x07, 0xE0, 0xFC, 0x1F, 0x83, 0xF0, 0x7E, 0x0F, 0xC1, 0xF8, 0x3F, 0x07, 0xF8,
    0xEF, 0x1C, 0xE3, 0x80, 0x70, 0x0E, 0x1F, 0xC3, 0xF0, 0x7C, 0xE0, 0x0E, 0x00, 0x7F, 0x00, 0xE0,
    0x07, 0xF8, 0x0E, 0x00, 0x7F, 0xC0, 0xE0, 0x07, 0xFE, 0x0E, 0x00, 0x7F, 0xF0, 0xE0, 0x07, 0xEF,
    0x0E, 0x00, 0x7E, 0x78, 0xE0, 0x07, 0xE3, 0xCE, 0x00, 0x7E, 0x1E, 0xE0, 0x07, 0xE0, 0xFE, 0x00,
    0x7E, 0x0F, 0xE0, 0x07, 0xE0, 0x7E, 0x00, 0xFE, 0x03, 0xE6, 0x1E, 0xE0, 0x1E, 0x7F, 0xEE, 0x01,
    0xE7, 0xFC, 0xE0, 0x0E, 0x3F, 0x80, 0x00, 0x00, 0x1F, 0x00, 0x71, 0xFC, 0x03, 0x87, 0xF0, 0x1C,
    0x0F, 0xC0, 0xE0, 0x7F, 0x07, 0x1F, 0xFC, 0x38, 0xFD, 0xE1, 0xC7, 0xE7, 0x8E, 0x3F, 0x1E, 0x71,
    0xF8, 0x7B, 0x8F, 0xC1, 0xFC, 0x7E, 0x0F, 0xE3, 0xF0, 0x3F, 0x1F, 0x80, 0xF8, 0xFC, 0x03, 0xC7,
    0xE0, 0x1E, 0x3F, 0x00, 0x71, 0xC0, 0x00, 0x0E, 0x00, 0x00, 0x70, 0x00, 0x3F, 0x80, 0x01, 0xF8,
    0x00, 0x0F, 0x80, 0x00, 0x01, 0x80, 0x00, 0x70, 0x00, 0x18, 0x00, 0x00, 0x00, 0x00, 0x3F, 0xC0,
    0x7F, 0xFC, 0x1F, 0xFF, 0x07, 0xE1, 0xE1, 0xF8, 0x38, 0x7E, 0x0E, 0x1F, 0x83, 0x87, 0xE0, 0xE1,
    0xF8, 0x38, 0x7E, 0x0E, 0x1F, 0x83, 0x87, 0xE0, 0xE1, 0xF8, 0x38, 0x70, 0x00, 0x3C, 0x00, 0x0E,
    0x00, 0x1F, 0x80, 0x07, 0xE0, 0x01, 0xE0, 0x04, 0x20, 0x03, 0x30, 0x00, 0xF0, 0x00, 0x38, 0x00,
    0x08, 0x00, 0x00, 0x00, 0x0F, 0x80, 0x07, 0xC0, 0x07, 0xF0, 0x03, 0xB8, 0x01, 0xDC, 0x01, 0xEF,
    0x00, 0xE3, 0x80, 0xF1, 0xE0, 0x70, 0x70, 0x38, 0x38, 0x3F, 0xFE, 0x1F, 0xFF, 0x1F, 0xFF, 0xCE,
    0x00, 0xE7, 0x00, 0x77, 0x80, 0x3F, 0x80, 0x0E, 0x11, 0x0E, 0xE1, 0xF0, 0x38, 0x04, 0x00, 0x03,
    0xF1, 0xFE, 0x7F, 0xD0, 0xF0, 0x1C, 0xFF, 0x7F, 0xFF, 0xFE, 0x1F, 0x87, 0xFF, 0xDF, 0xF3, 0xF8,
    0x85, 0xDD, 0xF1, 0xC1, 0x00, 0x0E, 0x1C, 0x38, 0x70, 0xE1, 0xC3, 0x87, 0x0E, 0x1C, 0x38, 0x70,
    0xE1, 0xC3, 0x87, 0x0E, 0x00, 0x85, 0x99, 0xE1, 0x81, 0x00, 0x0E, 0x1C, 0x38, 0x70, 0xE1, 0xC3,
    0x87, 0x0E, 0x1C, 0x38, 0x70, 0xE0, 0x01, 0x10, 0x00, 0xEE, 0x00, 0x1F, 0x00, 0x03, 0x80, 0x00,
    0x40, 0x00, 0x00, 0x00, 0x3F, 0x00, 0x3F, 0xF0, 0x3F, 0xFF, 0x1F, 0x03, 0xE7, 0x80, 0x7B, 0xC0,
    0x0F, 0xE0, 0x01, 0xF8, 0x00, 0x7E, 0x00, 0x1F, 0x80, 0x07, 0xE0, 0x01, 0xFC, 0x00, 0xF7, 0x80,
    0x79, 0xF0, 0x3E, 0x3F, 0xFF, 0x07, 0xFF, 0x00, 0x3F, 0x00, 0x10, 0x80, 0xCC, 0x03, 0xC0, 0x0E,
    0x00, 0x20, 0x00, 0x00, 0x3E, 0x07, 0xFC, 0x7F, 0xF3, 0x87, 0xB8, 0x1F, 0xC0, 0x7E, 0x03, 0xF0,
    0x1F, 0x81, 0xEE, 0x0E, 0x7F, 0xF1, 0xFF, 0x03, 0xE0, 0x04, 0x40, 0x3B, 0x80, 0x7C, 0x00, 0xE0,
    0x01, 0x00, 0x00, 0x0E, 0x01, 0xF8, 0x07, 0xE0, 0x1F, 0x80, 0x7E, 0x01, 0xF8, 0x07, 0xE0, 0x1F,
    0x80, 0x7E, 0x01, 0xF8, 0x07, 0xE0, 0x1F, 0x80, 0x7F, 0x03, 0xDE, 0x1E, 0x7F, 0xF8, 0xFF, 0xC0,
    0xFC, 0x00, 0x10, 0x87, 0x70, 0x7C, 0x07, 0x00, 0x40, 0x00, 0x38, 0x3F, 0x07, 0xE0, 0xFC, 0x1F,
    0x83, 0xF0, 0x7E, 0x0F, 0xC1, 0xF8, 0x3F, 0x87, 0x7F, 0xEF, 0xFC, 0x7F, 0x80, 0x0F, 0xC0, 0x3F,
    0x00, 0x00, 0x07, 0x38, 0x1C, 0xE0, 0x73, 0x80, 0x00, 0x38, 0x07, 0xE0, 0x1F, 0x80, 0x7E, 0x01,
    0xF8, 0x07, 0xE0, 0x1F, 0x80, 0x7E, 0x01, 0xF8, 0x07, 0xE0, 0x1F, 0x80, 0x7E, 0x01, 0xFC, 0x0F,
    0x78, 0x79, 0xFF, 0xE3, 0xFF, 0x03, 0xF0, 0x1F, 0x83, 0xF0, 0x00, 0x18, 0xC3, 0x9C, 0x63, 0x00,
    0x07, 0x07, 0xE0, 0xFC, 0x1F, 0x83, 0xF0, 0x7E, 0x0F, 0xC1, 0xF8, 0x3F, 0x07, 0xF0, 0xEF, 0xFD,
    0xFF, 0x8F, 0xF0, 0x00, 0x80, 0x02, 0x00, 0x18, 0x0C, 0xD8, 0x3A, 0x70, 0xC1, 0x80, 0x00, 0x38,
    0x07, 0xE0, 0x1F, 0x80, 0x7E, 0x01, 0xF8, 0x07, 0xE0, 0x1F, 0x80, 0x7E, 0x01, 0xF8, 0x07, 0xE0,
    0x1F, 0x80, 0x7E, 0x01, 0xFC, 0x0F, 0x78, 0x79, 0xFF, 0xE3, 0xFF, 0x03, 0xF0, 0x03, 0x00, 0x60,
    0x1C, 0x07, 0x00, 0x40, 0xE3, 0x9C, 0x73, 0x8E, 0x00, 0x1C, 0x1F, 0x83, 0xF0, 0x7E, 0x0F, 0xC1,
    0xF8, 0x3F, 0x07, 0xE0, 0xFC, 0x1F, 0xC3, 0xBF, 0xF7, 0xFE, 0x3F, 0xC0, 0x10, 0x80, 0x66, 0x00,
    0xF0, 0x0D, 0x98, 0x38, 0x70, 0xC1, 0x80, 0x00, 0x38, 0x07, 0xE0, 0x1F, 0x80, 0x7E, 0x01, 0xF8,
    0x07, 0xE0, 0x1F, 0x80, 0x7E, 0x01, 0xF8, 0x07, 0xE0, 0x1F, 0x80, 0x7E, 0x01, 0xFC, 0x0F, 0x78,
    0x79, 0xFF, 0xE3, 0xFF, 0x03, 0xF0, 0x10, 0x87, 0x70, 0x3C, 0x1A, 0xE7, 0x1C, 0x61, 0x80, 0x07,
    0x07, 0xE0, 0xFC, 0x1F, 0x83, 0xF0, 0x7E, 0x0F, 0xC1, 0xF8, 0x3F, 0x07, 0xF0, 0xEF, 0xFD, 0xFF,
    0x8F, 0xF0, 0x04, 0x00, 0x18, 0x00, 0x60, 0x0C, 0xCC, 0x39, 0x38, 0xC0, 0xC0, 0x00, 0x38, 0x07,
    0xE0, 0x1F, 0x80, 0x7E, 0x01, 0xF8, 0x07, 0xE0, 0x1F, 0x80, 0x7E, 0x01, 0xF8, 0x07, 0xE0, 0x1F,
    0x80, 0x7E, 0x01, 0xFC, 0x0F, 0x78, 0x79, 0xFF, 0xE3, 0xFF, 0x03, 0xF0, 0x08, 0x01, 0x80, 0x30,
    0x03, 0x03, 0x2C, 0xE3, 0x8C, 0x30, 0x00, 0xE0, 0xFC, 0x1F, 0x83, 0xF0, 0x7E, 0x0F, 0xC1, 0xF8,
    0x3F, 0x07, 0xE0, 0xFE, 0x1D, 0xFF, 0xBF, 0xF1, 0xFE, 0x3F, 0x07, 0xFC, 0x7F, 0xE4, 0x1E, 0x00,
    0xF0, 0x07, 0xFF, 0xFF, 0xFF, 0xE0, 0x7F, 0x0E, 0x7F, 0xE3, 0xFC, 0x1F, 0x00, 0x03, 0xF0, 0x01,
    0xF8, 0x00, 0x00, 0x00, 0xC6, 0x00, 0x73, 0x80, 0x31, 0x80, 0x00, 0x00, 0x07, 0xC0, 0x03, 0xE0,
    0x03, 0xF8, 0x01, 0xDC, 0x00, 0xEE, 0x00, 0xF7, 0x80, 0x71, 0xC0, 0x78, 0xF0, 0x38, 0x38, 0x1C,
    0x1C, 0x1F, 0xFF, 0x0F, 0xFF, 0x8F, 0xFF, 0xE7, 0x00, 0x73, 0x80, 0x3B, 0xC0, 0x1F, 0xC0, 0x07,
    0x3F, 0x0F, 0xC0, 0x01, 0xCE, 0x73, 0x9C, 0xE0, 0x00, 0xFC, 0x7F, 0x9F, 0xF4, 0x3C, 0x07, 0x3F,
    0xDF, 0xFF, 0xFF, 0x87, 0xE1, 0xFF, 0xF7, 0xFC, 0xFE, 0x07, 0xF0, 0x03, 0xF8, 0x00, 0x00, 0x00,
    0x30, 0x00, 0x1C, 0x00, 0x0C, 0x00, 0x00, 0x00, 0x07, 0xC0, 0x03, 0xE0, 0x03, 0xF8, 0x01, 0xDC,
    0x00, 0xEE, 0x00, 0xF7, 0x80, 0x71, 0xC0, 0x78, 0xF0, 0x38, 0x38, 0x1C, 0x1C, 0x1F, 0xFF, 0x0F,
    0xFF, 0x8F, 0xFF, 0xE7, 0x00, 0x73, 0x80, 0x3B, 0xC0, 0x1F, 0xC0, 0x07, 0x3F, 0x8F, 0xE0, 0x00,
    0x38, 0x0E, 0x03, 0x80, 0x00, 0xFC, 0x7F, 0x9F, 0xF4, 0x3C, 0x07, 0x3F, 0xDF, 0xFF, 0xFF, 0x87,
    0xE1, 0xFF, 0xF7, 0xFC, 0xFE, 0x00, 0x1F, 0xE0, 0x00, 0x3F, 0xC0, 0x00, 0x00, 0x00, 0x01, 0xFF,
    0xE0, 0x07, 0xFF, 0xC0, 0x0F, 0xFF, 0x80, 0x3F, 0x80, 0x00, 0xF7, 0x00, 0x01, 0xCE, 0x00, 0x07,
    0x9C, 0x00, 0x1E, 0x3F, 0xF0, 0x3C, 0x7F, 0xE0, 0xF0, 0xFF, 0xC1, 0xFF, 0xC0, 0x07, 0xFF, 0x80,
    0x1F, 0xFF, 0x00, 0x3C, 0x0E, 0x00, 0xF0, 0x1F, 0xFD, 0xC0, 0x3F, 0xFF, 0x80, 0x7F, 0xF0, 0x03,
    0xFC, 0x00, 0x3F, 0xC0, 0x00, 0x00, 0x03, 0xF0, 0xF8, 0x7F, 0xBF, 0xC7, 0xFF, 0xFE, 0x01, 0xF0,
    0xF0, 0x0E, 0x07, 0x1F, 0xFF, 0xF7, 0xFF, 0xFF, 0xF0, 0xE0, 0x0E, 0x0E, 0x00, 0xF0, 0x78, 0x2F,
    0xFF, 0xFE, 0x7F, 0xFF, 0xE3, 0xF8, 0xFC, 0x03, 0xF8, 0x07, 0xFF, 0x0F, 0xFF, 0x8F, 0x80, 0x87,
    0x80, 0x07, 0x80, 0x03, 0x80, 0x01, 0xC0, 0x00, 0xE0, 0x0E, 0x70, 0x07, 0x38, 0x1F, 0xFE, 0x0F,
    0xF7, 0x80, 0xE3, 0xE0, 0x70, 0xFF, 0xF8, 0x3F, 0xFC, 0x07, 0xFC, 0x00, 0x0F, 0xF0, 0xFF, 0xC7,
    0xFF, 0x1E, 0x1C, 0xF1, 0xFF, 0x87, 0xFE, 0x1F, 0xF8, 0x1C, 0xE0, 0x73, 0xC1, 0xC7, 0xFF, 0x0F,
    0xFC, 0x1F, 0x70, 0x01, 0xC6, 0x0F, 0x1F, 0xF8, 0x7F, 0xC0, 0xFE, 0x00, 0x04, 0x20, 0x1D, 0xC0,
    0x3E, 0x00, 0x70, 0x00, 0x80, 0x00, 0x00, 0x7F, 0x87, 0xFF, 0x3F, 0xFD, 0xF0, 0x27, 0x00, 0x3C,
    0x00, 0xE0, 0x03, 0x80, 0x0E, 0x01, 0xF8, 0x07, 0xE0, 0x1F, 0xC0, 0x77, 0x01, 0xDF, 0x07, 0x3F,
    0xFC, 0x7F, 0xF0, 0x7F, 0xC0, 0x10, 0x81, 0xDC, 0x0F, 0x80, 0x70, 0x02, 0x00, 0x00, 0x0F, 0xE3,
    0xFF, 0x7F, 0xF7, 0x87, 0xF0, 0x7E, 0x07, 0xE0, 0x7E, 0x07, 0xE0, 0x7F, 0x0F, 0x7F, 0xF3, 0xFF,
    0x1F, 0x70, 0x07, 0x20, 0xF7, 0xFE, 0x7F, 0xC3, 0xF8, 0x10, 0x80, 0x66, 0x00, 0xF0, 0x01, 0x80,
    0x04, 0x00, 0x00, 0x0E, 0x07, 0xB8, 0x3C, 0xE1, 0xE3, 0x8F, 0x0E, 0x78, 0x3B, 0xC0, 0xFE, 0x03,
    0xF0, 0x0F, 0xE0, 0x3F, 0xC0, 0xEF, 0x83, 0x8F, 0x0E, 0x1E, 0x38, 0x38, 0xE0, 0xF3, 0x81, 0xEE,
    0x03, 0xC0, 0x84, 0x0E, 0xE0, 0x78, 0x01, 0x00, 0x00, 0x06, 0x00, 0xE0, 0x0E, 0x00, 0xE0, 0x0E,
    0x00, 0xE0, 0x0E, 0x1E, 0xE3, 0xCE, 0x78, 0xEF, 0x0F, 0xE0, 0xFC, 0x0F, 0xE0, 0xEF, 0x0E, 0x78,
    0xE3, 0xCE, 0x1C, 0xE1, 0xEE, 0x0F, 0x03, 0xF0, 0x03, 0xFF, 0x03, 0xFF, 0xF1, 0xF0, 0x3C, 0x78,
    0x07, 0xBC, 0x00, 0xEE, 0x00, 0x1F, 0x80, 0x07, 0xE0, 0x01, 0xF8, 0x00, 0x7E, 0x00, 0x1F, 0xC0,
    0x0F, 0x78, 0x07, 0x9F, 0x03, 0xE3, 0xFF, 0xF0, 0x7F, 0xF8, 0x07, 0xF8, 0x00, 0x3C, 0x00, 0x1C,
    0x00, 0x07, 0x00, 0x01, 0xF0, 0x00, 0x7C, 0x00, 0x0F, 0x00, 0x0F, 0x81, 0xFF, 0x1F, 0xFC, 0xE1,
    0xEE, 0x07, 0xF0, 0x1F, 0x80, 0xFC, 0x07, 0xE0, 0x7B, 0x83, 0xDF, 0xFC, 0x7F, 0xC0, 0xFC, 0x03,
    0x80, 0x38, 0x01, 0xC0, 0x0F, 0x80, 0x3C, 0x00, 0x07, 0xF8, 0x01, 0xFE, 0x00, 0x00, 0x00, 0x0F,
    0xC0, 0x0F, 0xFC, 0x0F, 0xFF, 0xC7, 0xC0, 0xF1, 0xE0, 0x1E, 0xF0, 0x03, 0xB8, 0x00, 0x7E, 0x00,
    0x1F, 0x80, 0x07, 0xE0, 0x01, 0xF8, 0x00, 0x7F, 0x00, 0x3D, 0xE0, 0x1E, 0x7C, 0x0F, 0x8F, 0xFF,
    0xC1, 0xFF, 0xE0, 0x1F, 0xE0, 0x00, 0xF0, 0x00, 0x70, 0x00, 0x1C, 0x00, 0x07, 0xC0, 0x01, 0xF0,
    0x00, 0x3C, 0x00, 0x1F, 0xE0, 0xFF, 0x00, 0x00, 0x1F, 0x03, 0xFE, 0x3F, 0xF9, 0xC3, 0xDC, 0x0F,
    0xE0, 0x3F, 0x01, 0xF8, 0x0F, 0xC0, 0xF7, 0x07, 0xBF, 0xF8, 0xFF, 0x81, 0xF8, 0x07, 0x00, 0x70,
    0x03, 0x80, 0x1F, 0x00, 0x78, 0x00, 0x08, 0x40, 0xEE, 0x03, 0xE0, 0x0E, 0x00, 0x20, 0x00, 0x01,
    0xFF, 0xEF, 0xFF, 0x7F, 0xF8, 0x07, 0x80, 0x78, 0x07, 0x80, 0x78, 0x07, 0xE0, 0x3F, 0xC0, 0x1E,
    0x00, 0x38, 0x01, 0xC0, 0x0E, 0x80, 0xFF, 0xFF, 0x7F, 0xF0, 0xFE, 0x00, 0x10, 0x81, 0xDC, 0x0F,
    0x80, 0x70, 0x02, 0x00, 0x00, 0x7F, 0xE7, 0xFE, 0x7F, 0xE0, 0x1C, 0x03, 0x80, 0x78, 0x0F, 0x00,
    0xF8, 0x0F, 0xE0, 0x0E, 0x00, 0x70, 0x07, 0x00, 0x70, 0x07, 0x41, 0xFF, 0xFE, 0xFF, 0xC7, 0xF0,
    0x21, 0x19, 0x87, 0x81, 0x80, 0x40, 0x00, 0x38, 0x1C, 0x0E, 0x07, 0x03, 0x81, 0xC0, 0xE0, 0x70,
    0x38, 0x1C, 0x0E, 0x07, 0x03, 0x81, 0xC1, 0xE7, 0xF3, 0xF1, 0xF0, 0xFF, 0x80, 0x7F, 0xFF, 0xFF,
    0x81, 0xFF, 0xFF, 0xFF, 0x87, 0xFF, 0xF8, 0x1F, 0x00, 0x1E, 0xE0, 0x3C, 0x00, 0xF3, 0x80, 0x78,
    0x07, 0x8E, 0x00, 0xE0, 0x1C, 0x38, 0x03, 0x80, 0xF0, 0xE0, 0x0E, 0x07, 0x83, 0x80, 0x38, 0x3C,
    0x0E, 0x00, 0xE0, 0xE0, 0x38, 0x07, 0x87, 0x80, 0xE0, 0x3C, 0x3C, 0x03, 0x83, 0xF1, 0xE0, 0x0F,
    0xFF, 0x87, 0xFF, 0xFF, 0xF8, 0x1F, 0xFF, 0xFF, 0x80, 0x7F, 0xFC, 0xFF, 0x80, 0x00, 0x1F, 0xFC,
    0x00, 0x03, 0xFF, 0xE0, 0x00, 0x70, 0x3E, 0x00, 0x0E, 0x03, 0xC7, 0xFF, 0xC0, 0x3C, 0xFF, 0xF8,
    0x03, 0x9F, 0xFF, 0x00, 0x70, 0x0E, 0xE0, 0x0E, 0x03, 0xDC, 0x01, 0xC0, 0xF3, 0x80, 0x38, 0x3C,
    0x70, 0x0F, 0x0F, 0x0E, 0x03, 0xC1, 0xC1, 0xC1, 0xF8, 0x78, 0x3F, 0xFE, 0x1F, 0xFF, 0xFF, 0x03,
    0xFF, 0xFF, 0x80, 0x7F, 0xE0, 0x00, 0x70, 0x00, 0x00, 0x38, 0x00, 0x00, 0x1C, 0x00, 0x00, 0x0E,
    0x00, 0x00, 0x07, 0x00, 0x00, 0x03, 0x80, 0x00, 0x7F, 0xC7, 0xFE, 0x7F, 0xE3, 0xFF, 0x7F, 0xF1,
    0xFF, 0xB8, 0x38, 0x03, 0xB8, 0x1C, 0x03, 0xDC, 0x0E, 0x03, 0xCE, 0x07, 0x03, 0xC7, 0x03, 0x83,
    0xC3, 0xC1, 0xC1, 0xC0, 0xF0, 0xE1, 0xE0, 0x7F, 0xF1, 0xFF, 0x9F, 0xF8, 0xFF, 0xC3, 0xFC, 0x7F,
    0xE0, 0x00, 0x20, 0x01, 0xC0, 0x0F, 0x00, 0x78, 0x03, 0xC0, 0x04, 0x00, 0x00, 0x01, 0xFE, 0x1F,
    0xFC, 0xFF, 0xF7, 0xC0, 0x9C, 0x00, 0xF0, 0x03, 0x80, 0x0E, 0x00, 0x38, 0x07, 0xE0, 0x1F, 0x80,
    0x7F, 0x01, 0xDC, 0x07, 0x7C, 0x1C, 0xFF, 0xF1, 0xFF, 0xC1, 0xFF, 0x00, 0x80, 0x1C, 0x03, 0xC0,
    0x78, 0x07, 0x00, 0x20, 0x00, 0x00, 0xFE, 0x3F, 0xF7, 0xFF, 0x78, 0x7F, 0x07, 0xE0, 0x7E, 0x07,
    0xE0, 0x7E, 0x07, 0xF0, 0xF7, 0xFF, 0x3F, 0xF1, 0xF7, 0x00, 0x72, 0x0F, 0x7F, 0xE7, 0xFC, 0x3F,
    0x80, 0xE0, 0x1C, 0x01, 0xC0, 0x38, 0x03, 0x80, 0x70, 0x07, 0x00, 0xE0, 0x0E, 0x01, 0xC0, 0xFC,
    0x03, 0x81, 0xFF, 0xFF, 0x03, 0xFF, 0xFE, 0x07, 0xFF, 0xFC, 0x0F, 0xC0, 0x38, 0x1F, 0x80, 0x70,
    0x3F, 0x00, 0xE0, 0x7E, 0x01, 0xC0, 0xFC, 0x03, 0xC3, 0xF8, 0x03, 0xFF, 0x70, 0x07, 0xFE, 0xE0,
    0x03, 0xF0, 0x3F, 0x87, 0xFF, 0x3F, 0xFD, 0xC1, 0xEE, 0x07, 0xF0, 0x1F, 0x80, 0xFC, 0x07, 0xE0,
    0x3F, 0x03, 0xB8, 0x1D, 0xC1, 0xCE, 0x3E, 0x77, 0xE3, 0xFC, 0x1F, 0x80, 0xF0, 0x07, 0x00, 0x38,
    0x01, 0xC0, 0x0E, 0x00, 0x70, 0x00, 0x04, 0x00, 0x1C, 0x00, 0x3C, 0x00, 0x3C, 0x00, 0x3C, 0x00,
    0x30, 0x00, 0x00, 0x70, 0x07, 0xF0, 0x0F, 0xF0, 0x1F, 0xF0, 0x3F, 0xF0, 0x7F, 0xF0, 0xFD, 0xE1,
    0xF9, 0xE3, 0xF1, 0xE7, 0xE1, 0xEF, 0xC1, 0xFF, 0x83, 0xFF, 0x03, 0xFE, 0x03, 0xFC, 0x03, 0xF8,
    0x07, 0xF0, 0x07, 0x10, 0x07, 0x00, 0x70, 0x07, 0x00, 0x70, 0x04, 0x00, 0x07, 0xF8, 0xFF, 0xDF,
    0xFB, 0x87, 0xF0, 0x7E, 0x0F, 0xC1, 0xF8, 0x3F, 0x07, 0xE0, 0xFC, 0x1F, 0x83, 0xF0, 0x70, 0x00,
    0x40, 0x00, 0x70, 0x00, 0x70, 0x00, 0x60, 0x00, 0x00, 0x00, 0x1E, 0x00, 0x1F, 0xC0, 0x0C, 0x60,
    0x06, 0x30, 0x01, 0xF0, 0x00, 0xF8, 0x00, 0xFE, 0x00, 0x77, 0x00, 0x3B, 0x80, 0x38, 0xE0, 0x1C,
    0x70, 0x1E, 0x3C, 0x0E, 0x0E, 0x07, 0x07, 0x07, 0xFF, 0xC3, 0xFF, 0xE3, 0xFF, 0xF9, 0xC0, 0x1C,
    0xE0, 0x0E, 0xF0, 0x07, 0xF0, 0x01, 0xC0, 0x02, 0x03, 0xC1, 0xE0, 0xC0, 0x00, 0x07, 0x83, 0xF0,
    0xCC, 0x33, 0x0F, 0xC1, 0xE0, 0x00, 0x00, 0x0F, 0xC7, 0xF9, 0xFF, 0x43, 0xC0, 0x73, 0xFD, 0xFF,
    0xFF, 0xF8, 0x7E, 0x1F, 0xFF, 0x7F, 0xCF, 0xE0, 0x00, 0x00, 0x80, 0x00, 0x03, 0x80, 0x00, 0x0E,
    0x00, 0x00, 0x38, 0x00, 0x00, 0xE0, 0x00, 0x00, 0x80, 0x00, 0x00, 0x00, 0x00, 0x1F, 0xFE, 0x00,
    0x7F, 0xFC, 0x00, 0xFF, 0xF8, 0x03, 0xF8, 0x00, 0x0F, 0x70, 0x00, 0x1C, 0xE0, 0x00, 0x79, 0xC0,
    0x01, 0xE3, 0xFF, 0x03, 0xC7, 0xFE, 0x0F, 0x0F, 0xFC, 0x1F, 0xFC, 0x00, 0x7F, 0xF8, 0x01, 0xFF,
    0xF0, 0x03, 0xC0, 0xE0, 0x0F, 0x01, 0xFF, 0xDC, 0x03, 0xFF, 0xF8, 0x07, 0xFF, 0x00, 0x10, 0x00,
    0x03, 0x80, 0x00, 0x78, 0x00, 0x07, 0x00, 0x00, 0xE0, 0x00, 0x04, 0x00, 0x00, 0x00, 0x03, 0xF0,
    0xF8, 0x7F, 0xBF, 0xC7, 0xFF, 0xFE, 0x01, 0xF0, 0xF0, 0x0E, 0x07, 0x1F, 0xFF, 0xF7, 0xFF, 0xFF,
    0xF0, 0xE0, 0x0E, 0x0E, 0x00, 0xF0, 0x78, 0x2F, 0xFF, 0xFE, 0x7F, 0xFF, 0xE3, 0xF8, 0xFC, 0x00,
    0x20, 0x00, 0x1C, 0x00, 0x07, 0x00, 0x03, 0x80, 0x01, 0xC0, 0x00, 0x20, 0x00, 0x00, 0x00, 0x00,
    0x08, 0x07, 0xE7, 0x87, 0xFF, 0xC3, 0xFF, 0xF1, 0xF0, 0xFE, 0x70, 0x3F, 0xBC, 0x0F, 0xFE, 0x07,
    0x3F, 0x83, 0xC7, 0xE1, 0xE1, 0xF8, 0xF0, 0x7F, 0x38, 0x1D, 0xDC, 0x0F, 0x7F, 0x03, 0x8F, 0x83,
    0xE1, 0xFF, 0xF0, 0xFF, 0xF8, 0x79, 0xF8, 0x04, 0x00, 0x00, 0x01, 0x00, 0x1C, 0x00, 0xE0, 0x0E,
    0x00, 0xE0, 0x02, 0x00, 0x00, 0x00, 0x02, 0x0F, 0xB9, 0xFF, 0x9F, 0xFC, 0xF1, 0xEF, 0x1F, 0xF1,
    0xDF, 0x9C, 0xFD, 0xC7, 0xFC, 0x7F, 0xC7, 0x9F, 0xFC, 0xFF, 0xCE, 0xF8, 0x20, 0x00, 0x00, 0x00,
    0x0C, 0x60, 0x07, 0x38, 0x01, 0xCE, 0x00, 0x63, 0x00, 0x10, 0x80, 0x00, 0x00, 0x07, 0xC0, 0x03,
    0xE0, 0x03, 0xF8, 0x01, 0xDC, 0x00, 0xEE, 0x00, 0xF7, 0x80, 0x71, 0xC0, 0x78, 0xF0, 0x38, 0x38,
    0x1C, 0x1C, 0x1F, 0xFF, 0x0F, 0xFF, 0x8F, 0xFF, 0xE7, 0x00, 0x73, 0x80, 0x3B, 0xC0, 0x1F, 0xC0,
    0x07, 0x00, 0x31, 0x8E, 0x71, 0xCE, 0x31, 0x84, 0x20, 0x00, 0xFC, 0x7F, 0x9F, 0xF4, 0x3C, 0x07,
    0x3F, 0xDF, 0xFF, 0xFF, 0x87, 0xE1, 0xFF, 0xF7, 0xFC, 0xFE, 0x03, 0xC0, 0x03, 0xF0, 0x01, 0x98,
    0x01, 0xCC, 0x00, 0x00, 0x00, 0x00, 0x00, 0x0F, 0x80, 0x07, 0xC0, 0x07, 0xF0, 0x03, 0xB8, 0x01,
    0xDC, 0x01, 0xEF, 0x00, 0xE3, 0x80, 0xF1, 0xE0, 0x70, 0x70, 0x38, 0x38, 0x3F, 0xFE, 0x1F, 0xFF,
    0x1F, 0xFF, 0xCE, 0x00, 0xE7, 0x00, 0x77, 0x80, 0x3F, 0x80, 0x0E, 0x1E, 0x0F, 0xC3, 0x38, 0xC6,
    0x00, 0x00, 0x03, 0xF1, 0xFE, 0x7F, 0xD0, 0xF0, 0x1C, 0xFF, 0x7F, 0xFF, 0xFE, 0x1F, 0x87, 0xFF,
    0xDF, 0xF3, 0xF8, 0x00, 0x0C, 0x60, 0xE7, 0x07, 0x38, 0x39, 0xC1, 0x08, 0x00, 0x0F, 0xFE, 0xFF,
    0xEF, 0xFE, 0xE0, 0x0E, 0x00, 0xE0, 0x0E, 0x00, 0xFF, 0xEF, 0xFE, 0xFF, 0xEE, 0x00, 0xE0, 0x0E,
    0x00, 0xE0, 0x0F, 0xFF, 0xFF, 0xFF, 0xFF, 0x00, 0x06, 0x30, 0x73, 0x83, 0x18, 0x39, 0xC1, 0x08,
    0x00, 0x00, 0xF8, 0x3F, 0xC7, 0xFE, 0x70, 0xFE, 0x07, 0xFF, 0xFF, 0xFF, 0xE0, 0x0E, 0x00, 0x78,
    0x27, 0xFE, 0x3F, 0xE0, 0xFC, 0x0F, 0x01, 0xF8, 0x19, 0xC1, 0x8C, 0x00, 0x00, 0x00, 0xFF, 0xEF,
    0xFE, 0xFF, 0xEE, 0x00, 0xE0, 0x0E, 0x00, 0xE0, 0x0F, 0xFE, 0xFF, 0xEF, 0xFE, 0xE0, 0x0E, 0x00,
    0xE0, 0x0E, 0x00, 0xFF, 0xFF, 0xFF, 0xFF, 0xF0, 0x0F, 0x01, 0xF8, 0x39, 0x83, 0x18, 0x00, 0x00,
    0x00, 0x0F, 0x83, 0xFC, 0x7F, 0xE7, 0x0F, 0xE0, 0x7F, 0xFF, 0xFF, 0xFE, 0x00, 0xE0, 0x07, 0x82,
    0x7F, 0xE3, 0xFE, 0x0F, 0xC0, 0x00, 0x0C, 0x61, 0xCE, 0x1C, 0xE1, 0x8C, 0x10, 0x80, 0x00, 0x38,
    0x07, 0x00, 0xE0, 0x1C, 0x03, 0x80, 0x70, 0x0E, 0x01, 0xC0, 0x38, 0x07, 0x00, 0xE0, 0x1C, 0x03,
    0x80, 0x70, 0x0E, 0x01, 0xC0, 0x38, 0x00, 0x18, 0xCE, 0x71, 0xCE, 0x39, 0xC4, 0x20, 0x00, 0x1C,
    0x07, 0x01, 0xC0, 0x70, 0x1C, 0x07, 0x01, 0xC0, 0x70, 0x1C, 0x07, 0x01, 0xC0, 0x70, 0x1C, 0x79,
    0xFB, 0x3E, 0x30, 0x00, 0x0E, 0x1C, 0x38, 0x70, 0xE1, 0xC3, 0x87, 0x0E, 0x1C, 0x38, 0x70, 0xE1,
    0xC3, 0x87, 0x0E, 0x00, 0x38, 0xFF, 0x9E, 0x30, 0x00, 0x07, 0x0E, 0x1C, 0x38, 0x70, 0xE1, 0xC3,
    0x87, 0x0E, 0x1C, 0x38, 0x70, 0x00, 0x00, 0x06, 0x30, 0x01, 0xCE, 0x00, 0x39, 0xC0, 0x06, 0x30,
    0x00, 0x84, 0x00, 0x00, 0x00, 0x0F, 0xC0, 0x0F, 0xFC, 0x0F, 0xFF, 0xC7, 0xC0, 0xF9, 0xE0, 0x1E,
    0xF0, 0x03, 0xF8, 0x00, 0x7E, 0x00, 0x1F, 0x80, 0x07, 0xE0, 0x01, 0xF8, 0x00, 0x7F, 0x00, 0x3D,
    0xE0, 0x1E, 0x7C, 0x0F, 0x8F, 0xFF, 0xC1, 0xFF, 0xC0, 0x0F, 0xC0, 0x00, 0x03, 0x18, 0x1C, 0xE0,
    0x63, 0x01, 0x8C, 0x0C, 0x60, 0x00, 0x01, 0xF0, 0x3F, 0xE3, 0xFF, 0x9C, 0x3D, 0xC0, 0xFE, 0x03,
    0xF0, 0x1F, 0x80, 0xFC, 0x0F, 0x70, 0x73, 0xFF, 0x8F, 0xF8, 0x1F, 0x00, 0x01, 0xE0, 0x00, 0xFC,
    0x00, 0x33, 0x80, 0x0C, 0x60, 0x00, 0x00, 0x00, 0x00, 0x00, 0x3F, 0x00, 0x3F, 0xF0, 0x3F, 0xFF,
    0x1F, 0x03, 0xE7, 0x80, 0x7B, 0xC0, 0x0F, 0xE0, 0x01, 0xF8, 0x00, 0x7E, 0x00, 0x1F, 0x80, 0x07,
    0xE0, 0x01, 0xFC, 0x00, 0xF7, 0x80, 0x79, 0xF0, 0x3E, 0x3F, 0xFF, 0x07, 0xFF, 0x00, 0x3F, 0x00,
    0x0F, 0x00, 0xFC, 0x06, 0x60, 0x73, 0x00, 0x00, 0x00, 0x00, 0x3E, 0x07, 0xFC, 0x7F, 0xF3, 0x87,
    0xB8, 0x1F, 0xC0, 0x7E, 0x03, 0xF0, 0x1F, 0x81, 0xEE, 0x0E, 0x7F, 0xF1, 0xFF, 0x03, 0xE0, 0x42,
    0x03, 0x18, 0x0E, 0x70, 0x1C, 0xE0, 0x31, 0x80, 0x42, 0x00, 0x00, 0x3F, 0xE0, 0xFF, 0xE3, 0xFF,
    0xCE, 0x07, 0xB8, 0x0E, 0xE0, 0x3B, 0x80, 0xEE, 0x07, 0xBF, 0xFC, 0xFF, 0xE3, 0xFF, 0x0E, 0x1E,
    0x38, 0x3C, 0xE0, 0xF3, 0x81, 0xEE, 0x03, 0xB8, 0x0F, 0x42, 0x31, 0x8E, 0x71, 0xCE, 0x31, 0x84,
    0x20, 0x00, 0xFF, 0x3F, 0xCF, 0xE3, 0x80, 0xE0, 0x38, 0x0E, 0x03, 0x80, 0xE0, 0x38, 0x0E, 0x03,
    0x80, 0xE0, 0x0F, 0x00, 0x7E, 0x01, 0x98, 0x06, 0x30, 0x00, 0x00, 0x00, 0x0F, 0xF8, 0x3F, 0xF8,
    0xFF, 0xF3, 0x81, 0xEE, 0x03, 0xB8, 0x0E, 0xE0, 0x3B, 0x81, 0xEF, 0xFF, 0x3F, 0xF8, 0xFF, 0xC3,
    0x87, 0x8E, 0x0F, 0x38, 0x3C, 0xE0, 0x7B, 0x80, 0xEE, 0x03, 0xC0, 0x1C, 0x3E, 0x67, 0x63, 0x00,
    0x00, 0xFF, 0xFF, 0xFE, 0xE0, 0xE0, 0xE0, 0xE0, 0xE0, 0xE0, 0xE0, 0xE0, 0xE0, 0xE0, 0x20, 0x01,
    0x8C, 0x07, 0x38, 0x0E, 0x70, 0x18, 0xC0, 0x21, 0x00, 0x00, 0x38, 0x07, 0xE0, 0x1F, 0x80, 0x7E,
    0x01, 0xF8, 0x07, 0xE0, 0x1F, 0x80, 0x7E, 0x01, 0xF8, 0x07, 0xE0, 0x1F, 0x80, 0x7E, 0x01, 0xFC,
    0x0F, 0x78, 0x79, 0xFF, 0xE3, 0xFF, 0x03, 0xF0, 0x00, 0x06, 0x30, 0x73, 0x83, 0x18, 0x19, 0xC1,
    0x8C, 0x00, 0x07, 0x07, 0x70, 0x77, 0x07, 0x70, 0x77, 0x07, 0x70, 0x77, 0x07, 0x70, 0x77, 0x07,
    0x78, 0x73, 0xFF, 0x3F, 0xF0, 0xFF, 0x07, 0x80, 0x3F, 0x00, 0xCE, 0x03, 0x18, 0x00, 0x00, 0x00,
    0x0E, 0x01, 0xF8, 0x07, 0xE0, 0x1F, 0x80, 0x7E, 0x01, 0xF8, 0x07, 0xE0, 0x1F, 0x80, 0x7E, 0x01,
    0xF8, 0x07, 0xE0, 0x1F, 0x80, 0x7F, 0x03, 0xDE, 0x1E, 0x7F, 0xF8, 0xFF, 0xC0, 0xFC, 0x00, 0x0F,
    0x03, 0xF0, 0xE6, 0x18, 0xC0, 0x00, 0x00, 0x38, 0x3F, 0x07, 0xE0, 0xFC, 0x1F, 0x83, 0xF0, 0x7E,
    0x0F, 0xC1, 0xF8, 0x3F, 0x87, 0x7F, 0xEF, 0xFC, 0x7F, 0x80, 0x1F, 0x87, 0xFE, 0x7F, 0xEF, 0x04,
    0xE0, 0x0E, 0x00, 0xF0, 0x07, 0xE0, 0x3F, 0x80, 0x7E, 0x00, 0xF0, 0x07, 0x00, 0x74, 0x0F, 0xFF,
    0xFF, 0xFE, 0x3F, 0x80, 0x00, 0x0E, 0x00, 0xE0, 0x3E, 0x03, 0xC0, 0x3E, 0x3F, 0xBF, 0xDC, 0x4E,
    0x07, 0xE1, 0xFC, 0x3F, 0x03, 0xA1, 0xFF, 0xFF, 0xE7, 0xE0, 0x00, 0x70, 0x38, 0x7C, 0x3C, 0x00,
    0xFF, 0xFF, 0xFF, 0xFF, 0xFE, 0x0E, 0x00, 0x70, 0x03, 0x80, 0x1C, 0x00, 0xE0, 0x07, 0x00, 0x38,
    0x01, 0xC0, 0x0E, 0x00, 0x70, 0x03, 0x80, 0x1C, 0x00, 0xE0, 0x07, 0x00, 0x00, 0x01, 0xC0, 0x1E,
    0x01, 0xE0, 0x0E, 0x00, 0x60, 0x70, 0x38, 0x1C, 0x0F, 0xF7, 0xFB, 0xFD, 0xC0, 0xE0, 0x70, 0x38,
    0x1C, 0x0E, 0x07, 0x8B, 0xFC, 0xFF, 0x3F, 0x00, 0x03, 0x83, 0xC3, 0xC1, 0xC0, 0x3F, 0x0F, 0xFC,
    0xFF, 0xC4, 0x1E, 0x00, 0xE0, 0x0E, 0x00, 0xE0, 0x3C, 0x3F, 0x83, 0xF8, 0x3F, 0xC0, 0x3E, 0x00,
    0xF0, 0x07, 0x00, 0x70, 0x07, 0x00, 0x70, 0x0E, 0x03, 0xEF, 0xFC, 0xFF, 0x8F, 0xC0, 0x7E, 0x3F,
    0xCF, 0xFB, 0x1E, 0x03, 0x80, 0xE0, 0x70, 0xF8, 0x3F, 0x0F, 0xE0, 0x3C, 0x07, 0x01, 0xC0, 0xF0,
    0xFB, 0xFE, 0xFE, 0x3C, 0x00, 0x08, 0x80, 0x77, 0x00, 0xF8, 0x01, 0xC0, 0x02, 0x00, 0x00, 0x0E,
    0x01, 0xF8, 0x07, 0xE0, 0x1F, 0x80, 0x7E, 0x01, 0xF8, 0x07, 0xFF, 0xFF, 0xFF, 0xFF, 0xFF, 0xF8,
    0x07, 0xE0, 0x1F, 0x80, 0x7E, 0x01, 0xF8, 0x07, 0xE0, 0x1F, 0x80, 0x7E, 0x01, 0xC0, 0x42, 0x1D,
    0xC0, 0xF0, 0x08, 0x00, 0x01, 0xC0, 0x38, 0x07, 0x00, 0xE0, 0x1C, 0x03, 0x80, 0x7F, 0x8F, 0xFD,
    0xFF, 0xB8, 0x7F, 0x07, 0xE0, 0xFC, 0x1F, 0x83, 0xF0, 0x7E, 0x0F, 0xC1, 0xF8, 0x3F, 0x07, 0xE1,
    0x83, 0x07, 0x1C, 0xE6, 0x30, 0x38, 0x3C, 0x66, 0xC3, 0x78, 0xA7, 0xF1, 0xC0, 0xFF, 0xFF, 0xC3,
    0xC3, 0x7E, 0x3C, 0xFC, 0xE7, 0xC7, 0x7B, 0x28, 0xF2, 0x78, 0x39, 0x99, 0x99, 0x99, 0x80, 0xC3,
    0x66, 0x3C, 0x18, 0x38, 0xFB, 0x1E, 0x30, 0x32, 0x66, 0xEE, 0x76, 0x6C, 0x33, 0x86, 0x3F, 0xF8,
    0x74, 0xCC, 0xF7, 0x00, 0x08, 0x01, 0xC0, 0x1E, 0x00, 0xF0, 0x03, 0x80, 0x10, 0x00, 0x0F, 0xFE,
    0xFF, 0xEF, 0xFE, 0xE0, 0x0E, 0x00, 0xE0, 0x0E, 0x00, 0xFF, 0xEF, 0xFE, 0xFF, 0xEE, 0x00, 0xE0,
    0x0E, 0x00, 0xE0, 0x0F, 0xFF, 0xFF, 0xFF, 0xFF, 0x31, 0x83, 0x9C, 0x31, 0x80, 0x00, 0xFF, 0xEF,
    0xFE, 0xFF, 0xEE, 0x00, 0xE0, 0x0E, 0x00, 0xE0, 0x0F, 0xFE, 0xFF, 0xEF, 0xFE, 0xE0, 0x0E, 0x00,
    0xE0, 0x0E, 0x00, 0xFF, 0xFF, 0xFF, 0xFF, 0xF0, 0xFF, 0xFC, 0x3F, 0xFF, 0x0F, 0xFF, 0xC0, 0x1C,
    0x00, 0x07, 0x00, 0x01, 0xC0, 0x00, 0x7F, 0xC0, 0x1F, 0xFC, 0x07, 0xFF, 0x81, 0xC0, 0xF0, 0x70,
    0x1C, 0x1C, 0x07, 0x07, 0x01, 0xC1, 0xC0, 0xF0, 0x71, 0xF8, 0x1C, 0x7E, 0x07, 0x1E, 0x00, 0x01,
    0x00, 0x70, 0x1C, 0x07, 0x01, 0xC0, 0x10, 0x00, 0x07, 0xFF, 0xFF, 0xFF, 0xFF, 0x80, 0x70, 0x0E,
    0x01, 0xC0, 0x38, 0x07, 0x00, 0xE0, 0x1C, 0x03, 0x80, 0x70, 0x0E, 0x01, 0xC0, 0x38, 0x07, 0x00,
    0x07, 0xF0, 0x7F, 0xF3, 0xFF, 0xDF, 0x02, 0x70, 0x03, 0x80, 0x0E, 0x00, 0x3F, 0xF8, 0xFF, 0xE3,
    0xFF, 0x8E, 0x00, 0x38, 0x00, 0x70, 0x01, 0xF0, 0x23, 0xFF, 0xC7, 0xFF, 0x07, 0xF0, 0x1F, 0x87,
    0xFE, 0x7F, 0xEF, 0x04, 0xE0, 0x0E, 0x00, 0xF0, 0x07, 0xE0, 0x3F, 0x80, 0x7E, 0x00, 0xF0, 0x07,
    0x00, 0x74, 0x0F, 0xFF, 0xFF, 0xFE, 0x3F, 0x80, 0xFF, 0xFF, 0xFF, 0xFF, 0xFF, 0xFF, 0xE0, 0xC6,
    0xE7, 0xC6, 0x00, 0x38, 0x38, 0x38, 0x38, 0x38, 0x38, 0x38, 0x38, 0x38, 0x38, 0x38, 0x38, 0x38,
    0x38, 0x38, 0x38, 0x38, 0x00, 0xE0, 0x1C, 0x03, 0x80, 0x70, 0x0E, 0x01, 0xC0, 0x38, 0x07, 0x00,
    0xE0, 0x1C, 0x03, 0x80, 0x70, 0x0E, 0x83, 0xFF, 0xF7, 0xFE, 0x3F, 0x00, 0x03, 0xFF, 0x00, 0x00,
    0xFF, 0xC0, 0x00, 0x3F, 0xF0, 0x00, 0x0E, 0x1C, 0x00, 0x03, 0x87, 0x00, 0x00, 0xE1, 0xC0, 0x00,
    0x38, 0x7F, 0xC0, 0x0E, 0x1F, 0xFC, 0x07, 0x87, 0xFF, 0x81, 0xC1, 0xC1, 0xF0, 0x70, 0x70, 0x1C,
    0x3C, 0x1C, 0x07, 0x0F, 0x07, 0x01, 0xCF, 0x81, 0xC0, 0xFF, 0xC0, 0x7F, 0xFB, 0xE0, 0x1F, 0xFC,
    0xE0, 0x03, 0xFC, 0x00, 0xE0, 0x1C, 0x01, 0xC0, 0x38, 0x03, 0x80, 0x70, 0x07, 0x00, 0xE0, 0x0E,
    0x01, 0xC0, 0x1C, 0x03, 0x80, 0x3F, 0xFF, 0xF8, 0x7F, 0xFF, 0xFC, 0xFF, 0xFF, 0xFD, 0xC0, 0x38,
    0x3F, 0x80, 0x70, 0x3F, 0x00, 0xE0, 0x7E, 0x01, 0xC0, 0xFC, 0x03, 0x83, 0xF8, 0x07, 0xFF, 0x70,
    0x0F, 0xFC, 0xE0, 0x0F, 0xE0, 0xFF, 0xFC, 0x7F, 0xFE, 0x3F, 0xFF, 0x00, 0xE0, 0x00, 0x70, 0x00,
    0x38, 0x00, 0x1F, 0xF0, 0x0F, 0xFE, 0x07, 0xFF, 0x03, 0x83, 0xC1, 0xC0, 0xE0, 0xE0, 0x70, 0x70,
    0x38, 0x38, 0x1C, 0x1C, 0x0E, 0x0E, 0x07, 0x07, 0x03, 0x80, 0x00, 0x80, 0x07, 0x00, 0x3C, 0x01,
    0xE0, 0x07, 0x00, 0x08, 0x00, 0x00, 0x38, 0x1E, 0xE0, 0xF3, 0x87, 0x8E, 0x3C, 0x39, 0xE0, 0xEF,
    0x03, 0xF8, 0x0F, 0xC0, 0x3F, 0x80, 0xFF, 0x03, 0xBE, 0x0E, 0x3C, 0x38, 0x78, 0xE0, 0xE3, 0x83,
    0xCE, 0x07, 0xB8, 0x0F, 0x04, 0x00, 0x1C, 0x00, 0x1C, 0x00, 0x1C, 0x00, 0x1C, 0x00, 0x10, 0x00,
    0x00, 0x70, 0x07, 0xE0, 0x1F, 0xC0, 0x7F, 0x81, 0xFF, 0x07, 0xFE, 0x1E, 0xFC, 0x39, 0xF8, 0xF3,
    0xF3, 0xC7, 0xEF, 0x0F, 0xDC, 0x1F, 0xF0, 0x3F, 0xE0, 0x7F, 0x80, 0xFE, 0x01, 0xFC, 0x03, 0xF0,
    0x07, 0x08, 0x40, 0x73, 0x80, 0xFE, 0x03, 0xF0, 0x07, 0x80, 0x00, 0x0E, 0x01, 0xFC, 0x0F, 0x70,
    0x39, 0xE0, 0xE3, 0x87, 0x8F, 0x1C, 0x1C, 0x70, 0x7B, 0xC0, 0xEE, 0x03, 0xF8, 0x07, 0xC0, 0x1F,
    0x00, 0x78, 0x03, 0xE0, 0xFF, 0x03, 0xF8, 0x0F, 0xC0, 0x00, 0xE0, 0x1F, 0x80, 0x7E, 0x01, 0xF8,
    0x07, 0xE0, 0x1F, 0x80, 0x7E, 0x01, 0xF8, 0x07, 0xE0, 0x1F, 0x80, 0x7E, 0x01, 0xF8, 0x07, 0xE0,
    0x1F, 0x80, 0x7F, 0xFF, 0xFF, 0xFF, 0xFF, 0xFC, 0x0E, 0x00, 0x38, 0x00, 0xE0, 0x03, 0x80, 0x0E,
    0x00, 0x03, 0xE0, 0x01, 0xF0, 0x01, 0xFC, 0x00, 0xEE, 0x00, 0x77, 0x00, 0x7B, 0xC0, 0x38, 0xE0,
    0x3C, 0x78, 0x1C, 0x1C, 0x0E, 0x0E, 0x0F, 0xFF, 0x87, 0xFF, 0xC7, 0xFF, 0xF3, 0x80, 0x39, 0xC0,
    0x1D, 0xE0, 0x0F, 0xE0, 0x03, 0x80, 0xFF, 0xE7, 0xFF, 0x3F, 0xF9, 0xC0, 0x0E, 0x00, 0x70, 0x03,
    0xFE, 0x1F, 0xFC, 0xFF, 0xF7, 0x07, 0xF8, 0x0F, 0xC0, 0x7E, 0x03, 0xF0, 0x7F, 0xFF, 0xDF, 0xFC,
    0x7F, 0x80, 0xFF, 0x87, 0xFF, 0x3F, 0xF9, 0xC1, 0xEE, 0x07, 0x70, 0x3B, 0x83, 0x9F, 0xFC, 0xFF,
    0xE7, 0xFF, 0xB8, 0x1F, 0xC0, 0x7E, 0x03, 0xF0, 0x3F, 0xFF, 0xDF, 0xFC, 0xFF, 0x80, 0xFF, 0xFF,
    0xFF, 0xFF, 0xF0, 0x0E, 0x01, 0xC0, 0x38, 0x07, 0x00, 0xE0, 0x1C, 0x03, 0x80, 0x70, 0x0E, 0x01,
    0xC0, 0x38, 0x07, 0x00, 0xE0, 0x00, 0x07, 0xFF, 0x00, 0xFF, 0xE0, 0x1F, 0xFC, 0x03, 0x83, 0x80,
    0x70, 0x70, 0x0E, 0x0E, 0x01, 0xC1, 0xC0, 0x38, 0x38, 0x0E, 0x07, 0x01, 0xC0, 0xE0, 0x38, 0x1C,
    0x0F, 0x03, 0x81, 0xC0, 0x70, 0x70, 0x0E, 0x3F, 0xFF, 0xFF, 0xFF, 0xFF, 0xFF, 0xFF, 0xFC, 0x00,
    0x1F, 0x80, 0x03, 0xF0, 0x00, 0x7E, 0x00, 0x0F, 0xC0, 0x01, 0xC0, 0xFF, 0xEF, 0xFE, 0xFF, 0xEE,
    0x00, 0xE0, 0x0E, 0x00, 0xE0, 0x0F, 0xFE, 0xFF, 0xEF, 0xFE, 0xE0, 0x0E, 0x00, 0xE0, 0x0E, 0x00,
    0xFF, 0xFF, 0xFF, 0xFF, 0xF0, 0xF0, 0x70, 0x1E, 0xF0, 0xE0, 0x78, 0xF1, 0xC1, 0xE0, 0xE3, 0x87,
    0x80, 0xE7, 0x1E, 0x00, 0xEE, 0x78, 0x00, 0xDD, 0xE0, 0x00, 0xFF, 0xC0, 0x03, 0xFF, 0x80, 0x0F,
    0xFF, 0x80, 0x1D, 0xCF, 0x00, 0x73, 0x8F, 0x01, 0xC7, 0x0F, 0x07, 0x8E, 0x0F, 0x0E, 0x1C, 0x1E,
    0x38, 0x38, 0x1E, 0xF0, 0x70, 0x1E, 0x1F, 0x83, 0xFF, 0x1F, 0xFC, 0x41, 0xE0, 0x07, 0x00, 0x78,
    0x7F, 0x83, 0xF8, 0x1F, 0xF0, 0x03, 0x80, 0x0E, 0x00, 0x70, 0x03, 0xA0, 0x3F, 0xFF, 0xDF, 0xFC,
    0x3F, 0xC0, 0xE0, 0x0F, 0xC0, 0x3F, 0x80, 0xFF, 0x03, 0xFE, 0x0F, 0xFC, 0x3D, 0xF8, 0x73, 0xF1,
    0xE7, 0xE7, 0x8F, 0xDE, 0x1F, 0xB8, 0x3F, 0xE0, 0x7F, 0xC0, 0xFF, 0x01, 0xFC, 0x03, 0xF8, 0x07,
    0xE0, 0x0E, 0x0C, 0x40, 0x38, 0xC0, 0x3F, 0x80, 0x7F, 0x00, 0x78, 0x00, 0x00, 0x38, 0x03, 0xF0,
    0x0F, 0xE0, 0x3F, 0xC0, 0xFF, 0x83, 0xFF, 0x0F, 0x7E, 0x1C, 0xFC, 0x79, 0xF9, 0xE3, 0xF7, 0x87,
    0xEE, 0x0F, 0xF8, 0x1F, 0xF0, 0x3F, 0xC0, 0x7F, 0x00, 0xFE, 0x01, 0xF8, 0x03, 0x80, 0xE0, 0x7B,
    0x83, 0xCE, 0x1E, 0x38, 0xF0, 0xE7, 0x83, 0xBC, 0x0F, 0xE0, 0x3F, 0x00, 0xFE, 0x03, 0xFC, 0x0E,
    0xF8, 0x38, 0xF0, 0xE1, 0xE3, 0x83, 0x8E, 0x0F, 0x38, 0x1E, 0xE0, 0x3C, 0x07, 0xFF, 0x83, 0xFF,
    0xC1, 0xFF, 0xE0, 0xE0, 0x70, 0x70, 0x38, 0x38, 0x1C, 0x1C, 0x0E, 0x0E, 0x07, 0x0F, 0x03, 0x87,
    0x01, 0xC3, 0x80, 0xE1, 0xC0, 0x71, 0xE0, 0x39, 0xE0, 0x1F, 0xF0, 0x0F, 0xF0, 0x07, 0xE0, 0x03,
    0x80, 0x70, 0x03, 0x9E, 0x01, 0xE7, 0x80, 0x7B, 0xF0, 0x3F, 0xFC, 0x0F, 0xFB, 0x83, 0x7E, 0xE1,
    0xDF, 0x9C, 0x67, 0xE7, 0x39, 0xF8, 0xEC, 0x7E, 0x3B, 0x1F, 0x8F, 0xC7, 0xE1, 0xE1, 0xF8, 0x78,
    0x7E, 0x0C, 0x1F, 0x80, 0x07, 0xE0, 0x01, 0xC0, 0xE0, 0x1F, 0x80, 0x7E, 0x01, 0xF8, 0x07, 0xE0,
    0x1F, 0x80, 0x7F, 0xFF, 0xFF, 0xFF, 0xFF, 0xFF, 0x80, 0x7E, 0x01, 0xF8, 0x07, 0xE0, 0x1F, 0x80,
    0x7E, 0x01, 0xF8, 0x07, 0xE0, 0x1C, 0x03, 0xF0, 0x03, 0xFF, 0x03, 0xFF, 0xF1, 0xF0, 0x3E, 0x78,
    0x07, 0xBC, 0x00, 0xFE, 0x00, 0x1F, 0x80, 0x07, 0xE0, 0x01, 0xF8, 0x00, 0x7E, 0x00, 0x1F, 0xC0,
    0x0F, 0x78, 0x07, 0x9F, 0x03, 0xE3, 0xFF, 0xF0, 0x7F, 0xF0, 0x03, 0xF0, 0x00, 0xFF, 0xFF, 0xFF,
    0xFF, 0xFF, 0xF8, 0x07, 0xE0, 0x1F, 0x80, 0x7E, 0x01, 0xF8, 0x07, 0xE0, 0x1F, 0x80, 0x7E, 0x01,
    0xF8, 0x07, 0xE0, 0x1F, 0x80, 0x7E, 0x01, 0xF8, 0x07, 0xE0, 0x1C, 0xFF, 0x87, 0xFF, 0x3F, 0xFD,
    0xC0, 0xFE, 0x03, 0xF0, 0x1F, 0x80, 0xFC, 0x1F, 0xFF, 0xF7, 0xFF, 0x3F, 0xE1, 0xC0, 0x0E, 0x00,
    0x70, 0x03, 0x80, 0x1C, 0x00, 0xE0, 0x00, 0x07, 0xF8, 0x7F, 0xF3, 0xFF, 0xDF, 0x02, 0x70, 0x03,
    0xC0, 0x0E, 0x00, 0x38, 0x00, 0xE0, 0x03, 0x80, 0x0E, 0x00, 0x3C, 0x00, 0x70, 0x01, 0xF0, 0x23,
    0xFF, 0x87, 0xFF, 0x07, 0xF8, 0xFF, 0xFF, 0xFF, 0xFF, 0xFE, 0x0E, 0x00, 0x70, 0x03, 0x80, 0x1C,
    0x00, 0xE0, 0x07, 0x00, 0x38, 0x01, 0xC0, 0x0E, 0x00, 0x70, 0x03, 0x80, 0x1C, 0x00, 0xE0, 0x07,
    0x00, 0xE0, 0x1F, 0xC0, 0xF7, 0x03, 0x9E, 0x0E, 0x38, 0x78, 0xF1, 0xC1, 0xC7, 0x07, 0xBC, 0x0E,
    0xE0, 0x3F, 0x80, 0x7C, 0x01, 0xF0, 0x07, 0x80, 0x3E, 0x0F, 0xF0, 0x3F, 0x80, 0xFC, 0x00, 0x00,
    0xE0, 0x00, 0x1C, 0x00, 0x1F, 0xF0, 0x0F, 0xFF, 0x83, 0xFF, 0xF8, 0xF1, 0xC7, 0xBC, 0x38, 0x7F,
    0x07, 0x07, 0xE0, 0xE0, 0xFC, 0x1C, 0x1F, 0xC3, 0x87, 0xBC, 0x71, 0xE3, 0xFF, 0xF8, 0x3F, 0xFE,
    0x01, 0xFF, 0x00, 0x07, 0x00, 0x00, 0xE0, 0x00, 0xF0, 0x3D, 0xC0, 0xE3, 0x87, 0x0F, 0x3C, 0x1C,
    0xE0, 0x7F, 0x80, 0xFC, 0x01, 0xE0, 0x07, 0x80, 0x1E, 0x00, 0xFC, 0x07, 0xF8, 0x1C, 0xE0, 0xE1,
    0xC7, 0x87, 0x9C, 0x0E, 0xF0, 0x3C, 0xE0, 0x1C, 0x70, 0x0E, 0x38, 0x07, 0x1C, 0x03, 0x8E, 0x01,
    0xC7, 0x00, 0xE3, 0x80, 0x71, 0xC0, 0x38, 0xE0, 0x1C, 0x70, 0x0E, 0x38, 0x07, 0x1C, 0x03, 0x8E,
    0x01, 0xC7, 0x00, 0xE3, 0xFF, 0xFF, 0xFF, 0xFF, 0xFF, 0xFF, 0x80, 0x01, 0xC0, 0x00, 0xE0, 0x00,
    0x70, 0x00, 0x38, 0x00, 0x1C, 0xE0, 0x1F, 0x80, 0x7E, 0x01, 0xF8, 0x07, 0xE0, 0x1F, 0x80, 0x7E,
    0x01, 0xFE, 0x07, 0x7F, 0xFC, 0xFF, 0xF1, 0xFF, 0xC0, 0x07, 0x00, 0x1C, 0x00, 0x70, 0x01, 0xC0,
    0x07, 0x00, 0x1C, 0xE0, 0x70, 0x3F, 0x03, 0x81, 0xF8, 0x1C, 0x0F, 0xC0, 0xE0, 0x7E, 0x07, 0x03,
    0xF0, 0x38, 0x1F, 0x81, 0xC0, 0xFC, 0x0E, 0x07, 0xE0, 0x70, 0x3F, 0x03, 0x81, 0xF8, 0x1C, 0x0F,
    0xC0, 0xE0, 0x7E, 0x07, 0x03, 0xF0, 0x38, 0x1F, 0xFF, 0xFF, 0xFF, 0xFF, 0xFF, 0xFF, 0xFF, 0xF8,
    0xE0, 0x70, 0x38, 0xE0, 0x70, 0x38, 0xE0, 0x70, 0x38, 0xE0, 0x70, 0x38, 0xE0, 0x70, 0x38, 0xE0,
    0x70, 0x38, 0xE0, 0x70, 0x38, 0xE0, 0x70, 0x38, 0xE0, 0x70, 0x38, 0xE0, 0x70, 0x38, 0xE0, 0x70,
    0x38, 0xE0, 0x70, 0x38, 0xE0, 0x70, 0x38, 0xE0, 0x70, 0x38, 0xFF, 0xFF, 0xFF, 0xFF, 0xFF, 0xFF,
    0xFF, 0xFF, 0xFF, 0x00, 0x00, 0x07, 0x00, 0x00, 0x07, 0x00, 0x00, 0x07, 0x00, 0x00, 0x07, 0x00,
    0x00, 0x07, 0xFE, 0x00, 0xFE, 0x00, 0xFE, 0x00, 0x0E, 0x00, 0x0E, 0x00, 0x0E, 0x00, 0x0F, 0xF0,
    0x0F, 0xFC, 0x0F, 0xFE, 0x0E, 0x0F, 0x0E, 0x07, 0x0E, 0x07, 0x0E, 0x07, 0x0E, 0x0F, 0x0F, 0xFE,
    0x0F, 0xFC, 0x07, 0xF0, 0xE0, 0x01, 0xF8, 0x00, 0x7E, 0x00, 0x1F, 0x80, 0x07, 0xE0, 0x01, 0xF8,
    0x00, 0x7F, 0xF0, 0x1F, 0xFF, 0x07, 0xFF, 0xE1, 0xF8, 0x3C, 0x7E, 0x07, 0x1F, 0x81, 0xC7, 0xE0,
    0x71, 0xF8, 0x3C, 0x7F, 0xFE, 0x1F, 0xFF, 0x07, 0x7F, 0x01, 0xC0, 0xE0, 0x07, 0x00, 0x38, 0x01,
    0xC0, 0x0E, 0x00, 0x70, 0x03, 0xFE, 0x1F, 0xFC, 0xFF, 0xF7, 0x07, 0xF8, 0x0F, 0xC0, 0x7E, 0x03,
    0xF0, 0x7F, 0xFF, 0xDF, 0xFC, 0x7F, 0x80, 0x3F, 0x83, 0xFF, 0x8F, 0xFF, 0x10, 0x3E, 0x00, 0x38,
    0x00, 0x70, 0x01, 0xC7, 0xFF, 0x1F, 0xFC, 0x7F, 0xF0, 0x01, 0xC0, 0x0F, 0x00, 0x39, 0x03, 0xEF,
    0xFF, 0x3F, 0xF8, 0x3F, 0x80, 0xE0, 0x0F, 0xC1, 0xC0, 0x7F, 0xE3, 0x81, 0xFF, 0xE7, 0x07, 0xC3,
    0xEE, 0x1E, 0x01, 0xDC, 0x3C, 0x03, 0xFF, 0xF0, 0x03, 0xFF, 0xE0, 0x07, 0xFF, 0xC0, 0x0F, 0xC3,
    0x80, 0x1F, 0x87, 0x00, 0x3F, 0x0F, 0x00, 0xFE, 0x0E, 0x01, 0xDC, 0x1F, 0x0F, 0xB8, 0x1F, 0xFE,
    0x70, 0x1F, 0xF8, 0xE0, 0x0F, 0xC0, 0x07, 0xF8, 0xFF, 0xCF, 0xFE, 0xF0, 0x77, 0x03, 0xB8, 0x1D,
    0xC0, 0xEF, 0x07, 0x3F, 0xF8, 0xFF, 0xC3, 0xFE, 0x3C, 0x73, 0xC3, 0x9C, 0x1D, 0xE0, 0xEE, 0x07,
    0xF0, 0x38, 0x3F, 0x1F, 0xE7, 0xFD, 0x0F, 0x01, 0xCF, 0xF7, 0xFF, 0xFF, 0xE1, 0xF8, 0x7F, 0xFD,
    0xFF, 0x3F, 0x80, 0x00, 0x70, 0x3F, 0x87, 0xFC, 0x7C, 0x07, 0x80, 0x38, 0x01, 0xBF, 0x1F, 0xFC,
    0xFF, 0xF7, 0x87, 0xF8, 0x0F, 0xC0, 0x7E, 0x03, 0xF0, 0x1F, 0xC1, 0xEF, 0x0E, 0x7F, 0xF1, 0xFF,
    0x03, 0xE0, 0xFF, 0x1F, 0xF3, 0xFF, 0x70, 0xEE, 0x1D, 0xFF, 0x3F, 0xE7, 0xFF, 0xE0, 0xFC, 0x1F,
    0xFF, 0xFF, 0xE3, 0xF0, 0xFF, 0xFF, 0xFF, 0xFC, 0x0E, 0x07, 0x03, 0x81, 0xC0, 0xE0, 0x70, 0x38,
    0x1C, 0x0E, 0x00, 0x0F, 0xFC, 0x0F, 0xFC, 0x0F, 0xFC, 0x0E, 0x1C, 0x0E, 0x1C, 0x0E, 0x1C, 0x1E,
    0x1C, 0x1C, 0x1C, 0x1C, 0x1C, 0x38, 0x1C, 0xFF, 0xFF, 0xFF, 0xFF, 0xFF, 0xFF, 0xE0, 0x07, 0xE0,
    0x07, 0xE0, 0x07, 0xE0, 0x07, 0x0F, 0x83, 0xFC, 0x7F, 0xE7, 0x0F, 0xE0, 0x7F, 0xFF, 0xFF, 0xFE,
    0x00, 0xE0, 0x07, 0x82, 0x7F, 0xE3, 0xFE, 0x0F, 0xC0, 0xF0, 0x71, 0xE7, 0x87, 0x1C, 0x3C, 0x73,
    0x81, 0xE7, 0x78, 0x0F, 0x77, 0x00, 0x7F, 0xE0, 0x07, 0xFE, 0x00, 0xF7, 0x70, 0x1E, 0x77, 0x81,
    0xC7, 0x3C, 0x38, 0x71, 0xC7, 0x87, 0x0E, 0xF0, 0x70, 0xF0, 0x7F, 0x1F, 0xFB, 0xFF, 0xE0, 0x70,
    0x0E, 0x3F, 0x87, 0xF0, 0xFF, 0x00, 0xF8, 0x1F, 0xFF, 0xFF, 0xE7, 0xF0, 0xE0, 0xFC, 0x3F, 0x8F,
    0xF1, 0xFE, 0x7F, 0xCD, 0xFB, 0xBF, 0xE7, 0xF8, 0xFF, 0x1F, 0xC3, 0xF8, 0x7E, 0x0E, 0x11, 0x86,
    0x38, 0xFE, 0x0F, 0xC0, 0xF0, 0x00, 0x38, 0x3F, 0x0F, 0xE3, 0xFC, 0x7F, 0x9F, 0xF3, 0x7E, 0xEF,
    0xF9, 0xFE, 0x3F, 0xC7, 0xF0, 0xFE, 0x1F, 0x83, 0x80, 0xE1, 0xEE, 0x3C, 0xE7, 0x8E, 0x70, 0xEE,
    0x0F, 0x80, 0xFC, 0x0F, 0xE0, 0xE7, 0x0E, 0x38, 0xE1, 0xCE, 0x1E, 0xE0, 0xF0, 0x0F, 0xF0, 0xFF,
    0x0F, 0xF0, 0xE7, 0x0E, 0x70, 0xE7, 0x0E, 0x71, 0xE7, 0x1C, 0x73, 0xC7, 0xF8, 0x7F, 0x07, 0xE0,
    0x70, 0x70, 0x1C, 0xE0, 0x39, 0xE0, 0xF3, 0xC1, 0xE7, 0xC7, 0xDD, 0x8D, 0xFB, 0xBB, 0xF3, 0x67,
    0xE7, 0xCF, 0xCF, 0x9F, 0x8E, 0x3F, 0x00, 0x7E, 0x00, 0xE0, 0xE0, 0xFC, 0x1F, 0x83, 0xF0, 0x7E,
    0x0F, 0xFF, 0xFF, 0xFF, 0xFF, 0xE0, 0xFC, 0x1F, 0x83, 0xF0, 0x7E, 0x0E, 0x0F, 0x81, 0xFF, 0x1F,
    0xFC, 0xE1, 0xEE, 0x07, 0xF0, 0x1F, 0x80, 0xFC, 0x07, 0xE0, 0x7B, 0x83, 0x9F, 0xFC, 0x7F, 0xC0,
    0xF8, 0x00, 0xFF, 0xFF, 0xFF, 0xFF, 0xF0, 0x7E, 0x0F, 0xC1, 0xF8, 0x3F, 0x07, 0xE0, 0xFC, 0x1F,
    0x83, 0xF0, 0x7E, 0x0E, 0xFF, 0x0F, 0xFC, 0xFF, 0xEE, 0x1E, 0xE0, 0xFE, 0x07, 0xE0, 0x7E, 0x07,
    0xE0, 0x7F, 0x0E, 0xFF, 0xEF, 0xFC, 0xEF, 0x8E, 0x00, 0xE0, 0x0E, 0x00, 0xE0, 0x0E, 0x00, 0x0F,
    0x8F, 0xF7, 0xFD, 0xC2, 0xE0, 0x38, 0x0E, 0x03, 0x80, 0xE0, 0x1E, 0x17, 0xFC, 0xFF, 0x0F, 0x80,
    0xFF, 0xFF, 0xFF, 0xFF, 0x87, 0x00, 0xE0, 0x1C, 0x03, 0x80, 0x70, 0x0E, 0x01, 0xC0, 0x38, 0x07,
    0x00, 0xE0, 0xE0, 0x3F, 0x83, 0xDC, 0x1C, 0xE0, 0xE7, 0x8F, 0x1C, 0x70, 0xE3, 0x87, 0xBC, 0x1D,
    0xC0, 0xEE, 0x07, 0xF0, 0x1F, 0x00, 0xF8, 0x07, 0x80, 0x3C, 0x0F, 0xC0, 0xFC, 0x07, 0xC0, 0x00,
    0x01, 0xC0, 0x00, 0xE0, 0x00, 0x70, 0x00, 0x38, 0x00, 0x1C, 0x00, 0x0E, 0x00, 0x3F, 0xE0, 0x7F,
    0xFC, 0x7F, 0xFF, 0x3C, 0xE7, 0xBC, 0x71, 0xFC, 0x38, 0x7E, 0x1C, 0x3F, 0x0E, 0x1F, 0xC7, 0x1E,
    0xF3, 0x9E, 0x7F, 0xFF, 0x1F, 0xFF, 0x03, 0xFE, 0x00, 0x38, 0x00, 0x1C, 0x00, 0x0E, 0x00, 0x07,
    0x00, 0x03, 0x80, 0xF0, 0x7B, 0xC7, 0x8E, 0x38, 0x3B, 0x81, 0xFC, 0x07, 0xC0, 0x1C, 0x01, 0xF0,
    0x1F, 0xC1, 0xEF, 0x0E, 0x38, 0xF1, 0xEF, 0x07, 0x80, 0xE0, 0xE7, 0x07, 0x38, 0x39, 0xC1, 0xCE,
    0x0E, 0x70, 0x73, 0x83, 0x9C, 0x1C, 0xE0, 0xE7, 0x07, 0x3F, 0xFF, 0xFF, 0xFF, 0xFF, 0x80, 0x1C,
    0x00, 0xE0, 0x07, 0x00, 0x38, 0xE0, 0xFC, 0x1F, 0x83, 0xF0, 0x7E, 0x0F, 0xE1, 0xFF, 0xFB, 0xFF,
    0x3F, 0xE0, 0x1C, 0x03, 0x80, 0x70, 0x0E, 0xE1, 0xC3, 0xF0, 0xE1, 0xF8, 0x70, 0xFC, 0x38, 0x7E,
    0x1C, 0x3F, 0x0E, 0x1F, 0x87, 0x0F, 0xC3, 0x87, 0xE1, 0xC3, 0xF0, 0xE1, 0xFF, 0xFF, 0xFF, 0xFF,
    0xFF, 0xFF, 0xF8, 0xE0, 0xE1, 0xCE, 0x0E, 0x1C, 0xE0, 0xE1, 0xCE, 0x0E, 0x1C, 0xE0, 0xE1, 0xCE,
    0x0E, 0x1C, 0xE0, 0xE1, 0xCE, 0x0E, 0x1C, 0xE0, 0xE1, 0xCE, 0x0E, 0x1C, 0xFF, 0xFF, 0xFF, 0xFF,
    0xFF, 0xFF, 0xFF, 0xF0, 0x00, 0x07, 0x00, 0x00, 0x70, 0x00, 0x07, 0x00, 0x00, 0x70, 0xFC, 0x01,
    0xF8, 0x03, 0xF0, 0x00, 0xE0, 0x01, 0xFF, 0x03, 0xFF, 0x87, 0xFF, 0x8E, 0x0F, 0x1C, 0x0E, 0x38,
    0x3C, 0x7F, 0xF8, 0xFF, 0xE1, 0xFF, 0x00, 0xE0, 0x07, 0xE0, 0x07, 0xE0, 0x07, 0xE0, 0x07, 0xFF,
    0x07, 0xFF, 0xC7, 0xFF, 0xE7, 0xE1, 0xE7, 0xE0, 0xE7, 0xE1, 0xE7, 0xFF, 0xE7, 0xFF, 0xC7, 0x7F,
    0x07, 0xE0, 0x1C, 0x03, 0x80, 0x70, 0x0F, 0xF1, 0xFF, 0xBF, 0xFF, 0x0F, 0xE0, 0xFC, 0x3F, 0xFF,
    0xFF, 0xEF, 0xF0, 0x7E, 0x1F, 0xF3, 0xFF, 0x60, 0xE1, 0xFE, 0x3F, 0xC7, 0xF8, 0x07, 0x01, 0xF8,
    0x7B, 0xFF, 0x7F, 0xC7, 0xE0, 0xE0, 0x7C, 0x38, 0x3F, 0xCE, 0x1F, 0xFB, 0x8F, 0x0E, 0xE3, 0x81,
    0xFF, 0xE0, 0x7F, 0xF8, 0x1F, 0xFE, 0x07, 0xE3, 0x81, 0xF8, 0xF0, 0xEE, 0x1F, 0xFB, 0x83, 0xFC,
    0xE0, 0x7C, 0x00, 0x0F, 0xC3, 0xFF, 0x7F, 0xF7, 0x07, 0x70, 0x77, 0xFF, 0x3F, 0xF1, 0xFF, 0x3C,
    0x73, 0x87, 0x70, 0x77, 0x07, 0xE0, 0x70, 0x04, 0x01, 0xC0, 0x0E, 0x00, 0x70, 0x03, 0x80, 0x10,
    0x00, 0x00, 0xF8, 0x3F, 0xC7, 0xFE, 0x70, 0xFE, 0x07, 0xFF, 0xFF, 0xFF, 0xE0, 0x0E, 0x00, 0x78,
    0x27, 0xFE, 0x3F, 0xE0, 0xFC, 0x18, 0xC3, 0x9C, 0x18, 0xC0, 0x00, 0x0F, 0x83, 0xFC, 0x7F, 0xE7,
    0x0F, 0xE0, 0x7F, 0xFF, 0xFF, 0xFE, 0x00, 0xE0, 0x07, 0x82, 0x7F, 0xE3, 0xFE, 0x0F, 0xC0, 0x38,
    0x03, 0x80, 0xFF, 0x8F, 0xF8, 0x38, 0x03, 0x80, 0x3F, 0xC3, 0xFE, 0x3F, 0xE3, 0x8F, 0x38, 0x73,
    0x87, 0x38, 0x73, 0x87, 0x38, 0x73, 0x87, 0x38, 0x73, 0x87, 0x38, 0x70, 0x07, 0x00, 0x70, 0x3F,
    0x03, 0xE0, 0x3C, 0x02, 0x03, 0x83, 0xC3, 0xC3, 0x80, 0x80, 0x01, 0xFF, 0xFF, 0xFF, 0xF8, 0x1C,
    0x0E, 0x07, 0x03, 0x81, 0xC0, 0xE0, 0x70, 0x38, 0x1C, 0x00, 0x0F, 0xC7, 0xFD, 0xFF, 0xB8, 0x3F,
    0xF9, 0xFF, 0x3F, 0xE7, 0x00, 0xE0, 0x0F, 0x0D, 0xFF, 0x9F, 0xF0, 0xFC, 0x3E, 0x3F, 0xBF, 0xDC,
    0x4E, 0x07, 0xE1, 0xFC, 0x3F, 0x03, 0xA1, 0xFF, 0xFF, 0xE7, 0xE0, 0xFF, 0x81, 0xFF, 0xFF, 0xFF,
    0xFF, 0xFC, 0x63, 0x73, 0x98, 0xC0, 0x01, 0xC0, 0xE0, 0x70, 0x38, 0x1C, 0x0E, 0x07, 0x03, 0x81,
    0xC0, 0xE0, 0x70, 0x38, 0x1C, 0x00, 0x0E, 0x1C, 0x38, 0x00, 0x01, 0xC3, 0x87, 0x0E, 0x1C, 0x38,
    0x70, 0xE1, 0xC3, 0x87, 0x0E, 0x1C, 0x38, 0xFF, 0xFF, 0xBE, 0x00, 0x0F, 0xF8, 0x00, 0x7F, 0xC0,
    0x03, 0xFE, 0x00, 0x1C, 0x70, 0x00, 0xE3, 0xFC, 0x07, 0x1F, 0xF8, 0x38, 0xFF, 0xE3, 0xC7, 0x0F,
    0x1C, 0x38, 0x39, 0xE1, 0xC3, 0xFE, 0x0F, 0xFF, 0xE0, 0x7F, 0xEE, 0x01, 0xFC, 0x00, 0xE0, 0xE0,
    0x38, 0x38, 0x0E, 0x0E, 0x03, 0x83, 0x80, 0xFF, 0xFF, 0x3F, 0xFF, 0xEF, 0xFF, 0xFF, 0x83, 0x8F,
    0xE0, 0xE1, 0xF8, 0x38, 0x7E, 0x0F, 0xFF, 0x83, 0xFE, 0xE0, 0x7F, 0x00, 0x38, 0x01, 0xC0, 0x3F,
    0xE1, 0xFF, 0x03, 0x80, 0x1C, 0x00, 0xFF, 0x07, 0xFE, 0x3F, 0xF1, 0xC3, 0xCE, 0x0E, 0x70, 0x73,
    0x83, 0x9C, 0x1C, 0xE0, 0xE7, 0x07, 0x38, 0x39, 0xC1, 0xCE, 0x0E, 0x01, 0x00, 0x38, 0x07, 0x00,
    0xE0, 0x1C, 0x00, 0x80, 0x00, 0x0E, 0x1E, 0xE3, 0xCE, 0x78, 0xE7, 0x0E, 0xE0, 0xF8, 0x0F, 0xC0,
    0xFE, 0x0E, 0x70, 0xE3, 0x8E, 0x1C, 0xE1, 0xEE, 0x0F, 0x08, 0x07, 0x00, 0x70, 0x07, 0x00, 0x70,
    0x04, 0x00, 0x07, 0x07, 0xE1, 0xFC, 0x7F, 0x8F, 0xF3, 0xFE, 0x6F, 0xDD, 0xFF, 0x3F, 0xC7, 0xF8,
    0xFE, 0x1F, 0xC3, 0xF0, 0x70, 0x08, 0xC0, 0xC6, 0x07, 0xF0, 0x3F, 0x80, 0x70, 0x00, 0x03, 0x80,
    0xFE, 0x0F, 0x70, 0x73, 0x83, 0x9E, 0x3C, 0x71, 0xC3, 0x8E, 0x1E, 0xF0, 0x77, 0x03, 0xB8, 0x1F,
    0xC0, 0x7C, 0x03, 0xE0, 0x1E, 0x00, 0xF0, 0x3F, 0x03, 0xF0, 0x1F, 0x00, 0xE0, 0xFC, 0x1F, 0x83,
    0xF0, 0x7E, 0x0F, 0xC1, 0xF8, 0x3F, 0x07, 0xE0, 0xFC, 0x1F, 0xFF, 0xFF, 0xFF, 0xFE, 0x1C, 0x03,
    0x80, 0x70, 0x0E, 0x00, 0x07, 0x00, 0x7F, 0xFC, 0x3F, 0xFE, 0x1F, 0xFF, 0x00, 0x70, 0x00, 0x38,
    0x00, 0x1C, 0x00, 0x0F, 0xF0, 0x07, 0xFE, 0x03, 0xFF, 0x81, 0xC3, 0xE0, 0xE0, 0x70, 0x70, 0x38,
    0x38, 0x1C, 0x1C, 0x0E, 0x0E, 0x1F, 0x07, 0xFF, 0x03, 0xFF, 0x00, 0xFE, 0x00, 0x1C, 0x00, 0xE0,
    0x07, 0x00, 0x38, 0x01, 0xC0, 0x7F, 0xF3, 0xFF, 0x9F, 0xFC, 0x1C, 0x00, 0xE0, 0x07, 0x00, 0x3F,
    0xC1, 0xFF, 0x0F, 0xFC, 0x70, 0xE3, 0x87, 0x1F, 0xF8, 0xFF, 0x83, 0xF8, 0x03, 0xF0, 0x03, 0xFF,
    0x03, 0xFF, 0xF1, 0xF0, 0x3E, 0x70, 0x03, 0xBC, 0x00, 0x7E, 0xF8, 0x1F, 0xFF, 0xFF, 0xFF, 0xFF,
    0xFC, 0x3F, 0xFE, 0x00, 0x1F, 0xC0, 0x0F, 0x70, 0x07, 0x9F, 0x03, 0xE3, 0xFF, 0xF0, 0x7F, 0xF0,
    0x03, 0xF0, 0x00, 0x0F, 0x81, 0xFF, 0x1F, 0xFC, 0xE0, 0xEF, 0xE3, 0xFF, 0xFF, 0xFF, 0xFC, 0x7F,
    0xE0, 0x3B, 0x83, 0x9F, 0xFC, 0x7F, 0xC0, 0xF8, 0x00, 0xE0, 0x07, 0xB8, 0x03, 0xF7, 0x01, 0xFD,
    0xC0, 0x72, 0x70, 0x1C, 0x0E, 0x0E, 0x03, 0x83, 0x80, 0xE1, 0xE0, 0x1C, 0x70, 0x07, 0x1C, 0x01,
    0xEF, 0x00, 0x3B, 0x80, 0x0E, 0xE0, 0x03, 0xF0, 0x00, 0x7C, 0x00, 0x1F, 0x00, 0x03, 0x80, 0x00,
    0xE0, 0x1F, 0xC0, 0x7D, 0xC1, 0xFB, 0x83, 0x87, 0x0F, 0x07, 0x1C, 0x0E, 0x38, 0x1E, 0xE0, 0x1D,
    0xC0, 0x3F, 0x80, 0x3E, 0x00, 0x7C, 0x00, 0xF8, 0x00, 0x18, 0x60, 0x0E, 0x70, 0x07, 0xF8, 0x01,
    0xF8, 0x00, 0x78, 0x00, 0x00, 0x00, 0x00, 0x01, 0xC0, 0x38, 0xE0, 0x3C, 0x70, 0x3E, 0x38, 0x3F,
    0x1C, 0x1F, 0x8E, 0x1F, 0xC7, 0x1E, 0xE3, 0x9E, 0x71, 0xCE, 0x38, 0xEE, 0x1C, 0x7E, 0x0E, 0x3F,
    0x07, 0x1F, 0x03, 0x8F, 0x01, 0xC7, 0x00, 0xFF, 0x80, 0x7F, 0x80, 0x3F, 0x00, 0x03, 0x00, 0x03,
    0x80, 0x01, 0xC0, 0x01, 0xC0, 0x00, 0x40, 0x10, 0x80, 0xE7, 0x03, 0xFC, 0x07, 0xE0, 0x0F, 0x00,
    0x00, 0x00, 0x00, 0x38, 0x3C, 0xE1, 0xF3, 0x87, 0xCE, 0x3F, 0x39, 0xFC, 0xE7, 0x73, 0xB9, 0xCF,
    0xE7, 0x3F, 0x1C, 0xF8, 0x73, 0xE1, 0xFF, 0x07, 0xFC, 0x1F, 0x00, 0x18, 0x00, 0xE0, 0x03, 0x00,
    0x0C, 0x38, 0x00, 0x70, 0x03, 0xFC, 0x07, 0xF8, 0x03, 0x80, 0x07, 0x00, 0x0F, 0xF8, 0x1F, 0xFC,
    0x3F, 0xFC, 0x70, 0x7C, 0xE0, 0x39, 0xC0, 0x73, 0x80, 0xE7, 0x07, 0xCF, 0xFF, 0x1F, 0xFC, 0x1F,
    0xE0, 0x38, 0x0F, 0xF8, 0xFF, 0x83, 0x80, 0x38, 0x03, 0xFC, 0x3F, 0xE3, 0xFF, 0x38, 0x73, 0x87,
    0x3F, 0xF3, 0xFE, 0x1F, 0xC0, 0xFF, 0x87, 0xFF, 0x3F, 0xFD, 0xC1, 0xFE, 0x03, 0xF0, 0x1F, 0x9C,
    0xFC, 0xEF, 0xFF, 0xF7, 0xFF, 0x3F, 0xF1, 0xC1, 0xCE, 0x0E, 0x70, 0x23, 0x80, 0x1C, 0x00, 0xE0,
    0x00, 0x3F, 0x0F, 0xFC, 0xFF, 0xEE, 0x1E, 0xE0, 0xFE, 0x07, 0xE2, 0x7E, 0x67, 0xE7, 0x7E, 0x3E,
    0xFF, 0xEF, 0xFC, 0xFF, 0xCE, 0x0E, 0xE0, 0x4E, 0x00, 0xE0, 0x0E, 0x00, 0x00, 0xE0, 0x1C, 0x03,
    0xFF, 0xFF, 0xFF, 0xFF, 0xF8, 0x07, 0x00, 0xE0, 0x1C, 0x03, 0x80, 0x70, 0x0E, 0x01, 0xC0, 0x38,
    0x07, 0x00, 0xE0, 0x1C, 0x03, 0x80, 0x70, 0x00, 0x03, 0x81, 0xC0, 0xFF, 0xFF, 0xFF, 0xFF, 0x81,
    0xC0, 0xE0, 0x70, 0x38, 0x1C, 0x0E, 0x07, 0x03, 0x81, 0xC0, 0x3F, 0xF9, 0xFF, 0xCF, 0xFE, 0x70,
    0x03, 0x80, 0x1C, 0x00, 0xE0, 0x1F, 0xF0, 0xFF, 0x87, 0xFC, 0x0E, 0x00, 0x70, 0x03, 0x80, 0x1C,
    0x00, 0xE0, 0x07, 0x00, 0x38, 0x00, 0x3F, 0xE7, 0xFC, 0xFF, 0x9C, 0x03, 0x80, 0x70, 0x3F, 0xC7,
    0xF8, 0xFF, 0x07, 0x00, 0xE0, 0x1C, 0x03, 0x80, 0xFF, 0xE7, 0xFF, 0x3F, 0xF9, 0xC0, 0x0E, 0x00,
    0x70, 0x03, 0xFE, 0x1F, 0xFC, 0xFF, 0xE7, 0x07, 0xB8, 0x1D, 0xC0, 0x7E, 0x03, 0xF0, 0x1F, 0x80,
    0xFC, 0x07, 0xE0, 0x38, 0x03, 0x80, 0x3C, 0x0F, 0xC0, 0x7C, 0x03, 0xC0, 0xFF, 0x9F, 0xF3, 0xFE,
    0x70, 0x0E, 0x01, 0xFE, 0x3F, 0xE7, 0xFE, 0xE1, 0xFC, 0x1F, 0x83, 0xF0, 0x7E, 0x0E, 0x01, 0xC0,
    0x78, 0x7E, 0x0F, 0x81, 0xE0, 0x70, 0x38, 0x1C, 0xF0, 0x70, 0x78, 0xF0, 0xE1, 0xE0, 0xF1, 0xC7,
    0x80, 0xF3, 0x9E, 0x00, 0xF7, 0x78, 0x00, 0xEE, 0xE0, 0x00, 0xFF, 0x80, 0x01, 0xFF, 0x00, 0x07,
    0xFF, 0x00, 0x1E, 0xEF, 0x00, 0x79, 0xCF, 0x01, 0xE3, 0x8F, 0x03, 0x87, 0x0E, 0x0F, 0x0E, 0x1F,
    0xBC, 0x1C, 0x1F, 0x70, 0x38, 0x1E, 0x00, 0x00, 0x1C, 0x00, 0x00, 0x38, 0x00, 0x00, 0x70, 0x00,
    0x00, 0xE0, 0x00, 0x01, 0xC0, 0x70, 0xE1, 0xC3, 0x8E, 0x38, 0x3C, 0xE7, 0x81, 0xEE, 0xF0, 0x0E,
    0xEE, 0x00, 0x7F, 0xC0, 0x07, 0xFC, 0x00, 0xEE, 0xE0, 0x1C, 0xE7, 0x03, 0xCE, 0x78, 0x78, 0xE3,
    0xF7, 0x0E, 0x1F, 0xE0, 0xE0, 0xF0, 0x00, 0x07, 0x00, 0x00, 0x70, 0x00, 0x07, 0x00, 0x00, 0x70,
    0x1F, 0x83, 0xFF, 0x1F, 0xFC, 0x41, 0xE0, 0x07, 0x00, 0x78, 0x7F, 0x83, 0xF8, 0x1F, 0xF0, 0x03,
    0x80, 0x0E, 0x00, 0x70, 0x03, 0xA0, 0x3F, 0xFF, 0xDF, 0xFE, 0x3F, 0xC0, 0x38, 0x01, 0xE0, 0x07,
    0x01, 0xF8, 0x0F, 0x80, 0x7F, 0x1F, 0xFB, 0xFF, 0xE0, 0x70, 0x0E, 0x3F, 0x87, 0xF0, 0xFF, 0x00,
    0xF8, 0x1F, 0xFF, 0xFF, 0xE7, 0xF8, 0x1C, 0x01, 0xC0, 0x38, 0x3F, 0x07, 0xC0, 0xE0, 0x3D, 0xC0,
    0xF3, 0x83, 0xC7, 0x0F, 0x0E, 0x3C, 0x1C, 0xF0, 0x3B, 0x80, 0x7E, 0x00, 0xFE, 0x01, 0xFE, 0x03,
    0x9E, 0x07, 0x1E, 0x0E, 0x1E, 0x1C, 0x1E, 0x38, 0x1F, 0xF0, 0x1F, 0xE0, 0x1E, 0x00, 0x1C, 0x00,
    0x38, 0x00, 0x70, 0x00, 0xE0, 0x01, 0xC0, 0xE1, 0xEE, 0x3C, 0xE7, 0x8E, 0xF0, 0xFE, 0x0F, 0xC0,
    0xFC, 0x0E, 0xF0, 0xE7, 0x8E, 0x7C, 0xE3, 0xFE, 0x1F, 0xE0, 0xF0, 0x07, 0x00, 0x70, 0x07, 0x00,
    0x70, 0xE0, 0x0F, 0xE0, 0x1E, 0xE0, 0x3C, 0xEC, 0x78, 0xEC, 0xF0, 0xED, 0xE0, 0xEF, 0xC0, 0xFF,
    0x80, 0xFF, 0xC0, 0xED, 0xE0, 0xED, 0xF0, 0xEC, 0xF8, 0xEC, 0x78, 0xE0, 0x3C, 0xE0, 0x1E, 0xE0,
    0x1E, 0xE0, 0x0F, 0xE0, 0x3F, 0x81, 0xEE, 0xCE, 0x3B, 0x70, 0xEF, 0x83, 0xFC, 0x0F, 0xF8, 0x3B,
    0xF0, 0xED, 0xE3, 0xB3, 0xCE, 0x07, 0x38, 0x0E, 0xE0, 0x3C, 0x38, 0x07, 0xFF, 0x07, 0xBF, 0x8F,
    0x87, 0x0F, 0x83, 0x8F, 0x01, 0xCF, 0x00, 0xEF, 0x00, 0x7F, 0x00, 0x3F, 0x80, 0x1F, 0xE0, 0x0E,
    0xF8, 0x07, 0x1F, 0x03, 0x87, 0xC1, 0xC1, 0xE0, 0xE0, 0x78, 0x70, 0x1E, 0x38, 0x07, 0x80, 0x38,
    0x3F, 0xF9, 0xEF, 0xEF, 0x0E, 0x78, 0x3B, 0xC0, 0xFE, 0x03, 0xF8, 0x0F, 0xF0, 0x39, 0xE0, 0xE3,
    0x83, 0x87, 0x0E, 0x1E, 0x38, 0x3C, 0xFE, 0x03, 0xDF, 0xC0, 0xF3, 0xF8, 0x3C, 0x07, 0x0F, 0x00,
    0xE3, 0xC0, 0x1C, 0xF0, 0x03, 0xBC, 0x00, 0x7F, 0x00, 0x0F, 0xE0, 0x01, 0xFE, 0x00, 0x39, 0xE0,
    0x07, 0x1E, 0x00, 0xE1, 0xE0, 0x1C, 0x1E, 0x03, 0x81, 0xE0, 0x70, 0x1E, 0x0E, 0x01, 0xE0, 0xFC,
    0x1F, 0xF8, 0x7B, 0xF1, 0xE0, 0xE7, 0x81, 0xDE, 0x03, 0xF8, 0x07, 0xF0, 0x0F, 0xF0, 0x1C, 0xF0,
    0x38, 0xF0, 0x70, 0xE0, 0xE1, 0xE1, 0xC1, 0xE0, 0xE0, 0x1C, 0x70, 0x0E, 0x38, 0x07, 0x1C, 0x03,
    0x8E, 0x01, 0xC7, 0x00, 0xE3, 0xFF, 0xF1, 0xFF, 0xF8, 0xFF, 0xFC, 0x70, 0x0E, 0x38, 0x07, 0x1C,
    0x03, 0x8E, 0x01, 0xC7, 0x00, 0xE3, 0x80, 0x7F, 0xC0, 0x3F, 0xE0, 0x1F, 0x80, 0x01, 0xC0, 0x00,
    0xE0, 0x00, 0x70, 0x00, 0x38, 0x00, 0x1C, 0xE0, 0xE7, 0x07, 0x38, 0x39, 0xC1, 0xCE, 0x0E, 0x7F,
    0xF3, 0xFF, 0x9F, 0xFC, 0xE0, 0xE7, 0x07, 0x38, 0x3F, 0xC1, 0xFE, 0x0F, 0x80, 0x1C, 0x00, 0xE0,
    0x07, 0x00, 0x38, 0xE0, 0x1F, 0xF8, 0x07, 0xFE, 0x01, 0xFF, 0x80, 0x70, 0xE0, 0x1C, 0x38, 0x07,
    0x0F, 0xFF, 0xC3, 0xFF, 0xF0, 0xFF, 0xFC, 0x38, 0x07, 0x0E, 0x01, 0xC3, 0x80, 0x70, 0xE0, 0x1C,
    0x38, 0x07, 0x0E, 0x01, 0xC3, 0x80, 0x70, 0xE0, 0x1C, 0x00, 0xE1, 0xFF, 0x0F, 0xF8, 0x7F, 0xC3,
    0x8E, 0x1C, 0x7F, 0xE3, 0xFF, 0x1F, 0xF8, 0xE1, 0xC7, 0x0E, 0x38, 0x71, 0xC3, 0x8E, 0x1C, 0x00,
    0xFF, 0xF8, 0x01, 0xFF, 0xF0, 0x03, 0xFF, 0xE0, 0x07, 0x01, 0xC0, 0x0E, 0x03, 0x80, 0x1C, 0x07,
    0x00, 0x38, 0x0F, 0xF8, 0x70, 0x1F, 0xFC, 0xE0, 0x3F, 0xF9, 0xC0, 0x70, 0x7B, 0x80, 0xE0, 0x77,
    0x01, 0xC0, 0x7E, 0x03, 0x80, 0xFC, 0x07, 0x01, 0xF8, 0x0E, 0x03, 0xF0, 0x1C, 0x07, 0xE0, 0x38,
    0x0E, 0x00, 0x00, 0x38, 0x00, 0x00, 0xF0, 0x00, 0x0F, 0xC0, 0x00, 0x1F, 0x00, 0x00, 0x3C, 0x00,
    0xFF, 0xE0, 0x1F, 0xFC, 0x03, 0xFF, 0x80, 0x70, 0x70, 0x0E, 0x0E, 0x01, 0xC1, 0xFE, 0x38, 0x3F,
    0xE7, 0x07, 0xFE, 0xE0, 0xE1, 0xFC, 0x1C, 0x1F, 0x83, 0x83, 0xF0, 0x70, 0x7E, 0x0E, 0x0E, 0x00,
    0x01, 0xC0, 0x00, 0x78, 0x00, 0x7E, 0x00, 0x0F, 0x80, 0x01, 0xE0, 0x03, 0xF0, 0x03, 0xFE, 0x03,
    0xFF, 0x81, 0xF0, 0x40, 0x78, 0x00, 0x3C, 0x0F, 0x8E, 0x07, 0xFB, 0x83, 0xFE, 0xE1, 0xE3, 0xF8,
    0x70, 0x7E, 0x1C, 0x1F, 0xC7, 0x07, 0x71, 0xC3, 0xDF, 0x39, 0xE3, 0xFF, 0xF8, 0x3F, 0xF8, 0x03,
    0xFC, 0x00, 0x1E, 0x00, 0x03, 0xE0, 0x00, 0x7E, 0x00, 0x0F, 0x80, 0x00, 0xE0, 0x0F, 0xC0, 0xFF,
    0x07, 0xFC, 0x1E, 0x00, 0xF1, 0xF3, 0x8F, 0xEE, 0x7F, 0xF9, 0xC7, 0xE7, 0x1D, 0xDC, 0xF7, 0xFF,
    0x8F, 0xFC, 0x0F, 0xE0, 0x0F, 0x00, 0x1F, 0x00, 0x3F, 0x00, 0x7C, 0x00, 0x70, 0x03, 0xF0, 0x7F,
    0xF3, 0xFF, 0xDF, 0x02, 0x70, 0x03, 0xC0, 0x0E, 0x00, 0x38, 0x00, 0xE0, 0x03, 0x80, 0x0E, 0x00,
    0x3C, 0x00, 0x70, 0x01, 0xF0, 0x23, 0xFF, 0xC7, 0xFF, 0x07, 0xF0, 0x04, 0x00, 0x38, 0x00, 0x30,
    0x07, 0xC0, 0x1E, 0x00, 0x0F, 0x8F, 0xF7, 0xFD, 0xC2, 0xF0, 0x38, 0x0E, 0x03, 0x80, 0xE0, 0x1C,
    0x17, 0xFC, 0xFF, 0x0F, 0xC1, 0x80, 0x70, 0x0C, 0x1F, 0x07, 0x80, 0xFF, 0xFF, 0xFF, 0xFF, 0xFE,
    0x0E, 0x00, 0x70, 0x03, 0x80, 0x1C, 0x00, 0xE0, 0x07, 0x00, 0x38, 0x01, 0xC0, 0x0E, 0x00, 0x70,
    0x03, 0x80, 0x1F, 0x80, 0xFC, 0x07, 0xE0, 0x07, 0x00, 0x38, 0x01, 0xC0, 0x0E, 0x00, 0x70, 0xFF,
    0xFF, 0xFF, 0xFF, 0x87, 0x00, 0xE0, 0x1C, 0x03, 0x80, 0x70, 0x0E, 0x01, 0xC0, 0x3E, 0x07, 0xC0,
    0xF8, 0x07, 0x00, 0xE0, 0x1C, 0x03, 0x80, 0xF0, 0x1E, 0xE0, 0x39, 0xE0, 0xF1, 0xC1, 0xC3, 0xC7,
    0x83, 0x8E, 0x03, 0xB8, 0x07, 0x70, 0x07, 0xC0, 0x0F, 0x80, 0x0E, 0x00, 0x1C, 0x00, 0x38, 0x00,
    0x70, 0x00, 0xE0, 0x01, 0xC0, 0x03, 0x80, 0xE0, 0x3F, 0x01, 0xDC, 0x1C, 0xE0, 0xE7, 0x07, 0x1C,
    0x70, 0xE3, 0x83, 0xB8, 0x1D, 0xC0, 0xEE, 0x03, 0xE0, 0x1F, 0x00, 0x70, 0x03, 0x80, 0x1C, 0x00,
    0xE0, 0x07, 0x00, 0x38, 0x00, 0x70, 0x0E, 0x78, 0x1C, 0x38, 0x1C, 0x3C, 0x38, 0x1C, 0x70, 0x0E,
    0x70, 0x0E, 0xE0, 0x07, 0xC0, 0x03, 0x80, 0x1F, 0xF0, 0x1F, 0xF0, 0x1F, 0xF0, 0x03, 0x80, 0x03,
    0x80, 0x03, 0x80, 0x03, 0x80, 0x03, 0x80, 0xE0, 0x3F, 0x03, 0xDC, 0x1C, 0xE0, 0xE3, 0x8E, 0x1C,
    0x70, 0xF7, 0x03, 0xB8, 0x0F, 0x80, 0x7C, 0x0F, 0xF8, 0x7F, 0xC3, 0xFE, 0x03, 0x80, 0x1C, 0x00,
    0xE0, 0x07, 0x00, 0x38, 0x00, 0xF0, 0x1E, 0x70, 0x3C, 0x38, 0x38, 0x3C, 0x78, 0x1C, 0xF0, 0x0E,
    0xE0, 0x0F, 0xE0, 0x07, 0xC0, 0x07, 0x80, 0x07, 0xC0, 0x0F, 0xC0, 0x0F, 0xE0, 0x1C, 0xF0, 0x3C,
    0x70, 0x78, 0x3F, 0x70, 0x3F, 0xF0, 0x1F, 0x00, 0x07, 0x00, 0x07, 0x00, 0x07, 0x00, 0x07, 0x00,
    0x07, 0xF0, 0x79, 0xE3, 0xC3, 0x8E, 0x07, 0x70, 0x1F, 0xC0, 0x3E, 0x00, 0x78, 0x03, 0xE0, 0x1F,
    0xC0, 0xF7, 0x83, 0x8F, 0xDC, 0x1F, 0xF0, 0x3C, 0x00, 0x70, 0x01, 0xC0, 0x07, 0x00, 0x1C, 0xFF,
    0xF8, 0xE3, 0xFF, 0xE3, 0x8F, 0xFF, 0x8E, 0x01, 0xC0, 0x38, 0x07, 0x00, 0xE0, 0x1C, 0x03, 0x80,
    0x70, 0x0E, 0x01, 0xC0, 0x38, 0x07, 0x00, 0xE0, 0x1C, 0x03, 0x80, 0x70, 0x0E, 0x01, 0xC0, 0x38,
    0x07, 0x00, 0xE0, 0x1C, 0x03, 0x80, 0x7F, 0xFF, 0xC1, 0xFF, 0xFF, 0x07, 0xFF, 0xFC, 0x00, 0x00,
    0x70, 0x00, 0x01, 0xC0, 0x00, 0x07, 0x00, 0x00, 0x1C, 0x00, 0x00, 0x70, 0xFF, 0x8E, 0x7F, 0xC7,
    0x3F, 0xE3, 0x83, 0x81, 0xC1, 0xC0, 0xE0, 0xE0, 0x70, 0x70, 0x38, 0x38, 0x1C, 0x1C, 0x0E, 0x0E,
    0x07, 0x07, 0xFF, 0xE3, 0xFF, 0xF1, 0xFF, 0xF8, 0x00, 0x1C, 0x00, 0x0E, 0x00, 0x07, 0x00, 0x03,
    0x80, 0xE0, 0x39, 0xC0, 0x73, 0x80, 0xE7, 0x01, 0xCE, 0x03, 0x9C, 0x07, 0x38, 0x0E, 0x78, 0x1C,
    0x7F, 0xF8, 0xFF, 0xF0, 0x7F, 0xE0, 0x01, 0xC0, 0x03, 0x80, 0x07, 0x00, 0x0F, 0x80, 0x1F, 0x00,
    0x3E, 0x00, 0x1C, 0x00, 0x38, 0x00, 0x70, 0x00, 0xE0, 0x01, 0xC0, 0xE0, 0xE7, 0x07, 0x38, 0x39,
    0xC1, 0xCE, 0x0E, 0x78, 0x73, 0xFF, 0x8F, 0xFC, 0x3F, 0xE0, 0x07, 0x00, 0x3E, 0x01, 0xF0, 0x0F,
    0x80, 0x1C, 0x00, 0xE0, 0x07, 0x00, 0x38, 0xE0, 0x1F, 0x80, 0x7E, 0x01, 0xF8, 0x07, 0xE0, 0x1F,
    0x86, 0x7E, 0x19, 0xFE, 0x67, 0x7F, 0xFC, 0xFF, 0xF0, 0xFF, 0xC0, 0x67, 0x01, 0x9C, 0x06, 0x70,
    0x01, 0xC0, 0x07, 0x00, 0x1C, 0xE0, 0xFC, 0x1F, 0x83, 0xF0, 0x7E, 0xCF, 0xD9, 0xFF, 0xFB, 0xFF,
    0x3F, 0xE1, 0x9C, 0x33, 0x80, 0x70, 0x0E, 0xE0, 0x03, 0x80, 0x0E, 0x00, 0x38, 0x00, 0xE0, 0x03,
    0x80, 0x0F, 0xFC, 0x3F, 0xFC, 0xFF, 0xFB, 0x81, 0xEE, 0x03, 0xF8, 0x07, 0xE0, 0x1F, 0x80, 0x7E,
    0x01, 0xF8, 0x07, 0xE0, 0x1F, 0x80, 0x7E, 0x01, 0xC0, 0xE0, 0x1C, 0x03, 0x80, 0x70, 0x0E, 0x01,
    0xC0, 0x3F, 0xC7, 0xFE, 0xFF, 0xDC, 0x3F, 0x83, 0xF0, 0x7E, 0x0F, 0xC1, 0xF8, 0x3F, 0x07, 0xE0,
    0xFC, 0x1F, 0x83, 0x80, 0x00, 0x3F, 0x00, 0x0F, 0xF8, 0x01, 0xFF, 0xC0, 0x3C, 0x1E, 0xE3, 0x80,
    0xEE, 0x70, 0x07, 0xF7, 0x00, 0x7F, 0xFF, 0xFF, 0x7F, 0xFF, 0xF1, 0xFF, 0xFF, 0x07, 0x00, 0x00,
    0x70, 0x00, 0x07, 0x80, 0x00, 0x3E, 0x04, 0x01, 0xFF, 0xE0, 0x0F, 0xFE, 0x00, 0x3F, 0x80, 0x03,
    0xF1, 0x8F, 0xF3, 0x3F, 0xF6, 0xF0, 0x7F, 0xFF, 0xEF, 0xFF, 0xCF, 0xFF, 0x8E, 0x00, 0x1C, 0x00,
    0x1E, 0x08, 0x3F, 0xF0, 0x3F, 0xE0, 0x1F, 0x80, 0x00, 0x3F, 0x00, 0x0F, 0xFC, 0x01, 0xFF, 0xCE,
    0x3C, 0x1E, 0xE7, 0x80, 0xEF, 0x70, 0x07, 0xFF, 0xFF, 0xF7, 0xFF, 0xFF, 0x1F, 0xFF, 0xF0, 0x70,
    0x00, 0x07, 0x00, 0x00, 0x78, 0x00, 0x03, 0x80, 0x00, 0x3E, 0x04, 0x01, 0xFF, 0xE0, 0x0F, 0xFE,
    0x00, 0x7F, 0x80, 0x01, 0xC0, 0x00, 0x1C, 0x00, 0x01, 0xC0, 0x00, 0x1C, 0x00, 0x01, 0xF8, 0xC3,
    0xFC, 0xC7, 0xFE, 0xEF, 0x07, 0xFF, 0xFF, 0x7F, 0xFF, 0x3F, 0xFF, 0x0E, 0x00, 0x0E, 0x00, 0x07,
    0x82, 0x07, 0xFE, 0x03, 0xFE, 0x01, 0xFC, 0x00, 0x70, 0x00, 0x70, 0x00, 0x70, 0xFF, 0xFF, 0xFF,
    0xFF, 0xFF, 0xFF, 0xE0, 0x00, 0x21, 0x00, 0x00, 0xE7, 0x00, 0x01, 0xFC, 0x00, 0x01, 0xF8, 0x00,
    0x01, 0xE0, 0x00, 0x00, 0x00, 0x3C, 0x1C, 0x07, 0xBC, 0x38, 0x1E, 0x3C, 0x70, 0x78, 0x38, 0xE1,
    0xE0, 0x39, 0xC7, 0x80, 0x3B, 0x9E, 0x00, 0x37, 0x78, 0x00, 0x3F, 0xF0, 0x00, 0xFF, 0xE0, 0x03,
    0xFF, 0xE0, 0x07, 0x73, 0xC0, 0x1C, 0xE3, 0xC0, 0x71, 0xC3, 0xC1, 0xE3, 0x83, 0xC3, 0x87, 0x07,
    0x8E, 0x0E, 0x07, 0xBC, 0x1C, 0x07, 0x80, 0x01, 0x08, 0x00, 0x39, 0xC0, 0x03, 0xFC, 0x00, 0x1F,
    0x80, 0x00, 0xF0, 0x00, 0x00, 0x00, 0xF0, 0x71, 0xE7, 0x87, 0x1C, 0x3C, 0x73, 0x81, 0xE7, 0x78,
    0x0F, 0x77, 0x00, 0x7F, 0xE0, 0x07, 0xFE, 0x00, 0xF7, 0x70, 0x1E, 0x77, 0x81, 0xC7, 0x3C, 0x38,
    0x71, 0xC7, 0x87, 0x0E, 0xF0, 0x70, 0xF0, 0xE0, 0x3F, 0x81, 0xEE, 0x0F, 0x38, 0x78, 0xE3, 0xC3,
    0x9E, 0x0E, 0xE0, 0x3F, 0xE0, 0xFF, 0xE3, 0xFF, 0xCE, 0x0F, 0xB8, 0x0F, 0xE0, 0x1F, 0x80, 0x7E,
    0x01, 0xF8, 0x07, 0xE0, 0x1C, 0x00, 0xF0, 0x07, 0x80, 0xFE, 0x03, 0xF0, 0x0F, 0x00, 0xE1, 0xFC,
    0x73, 0x9C, 0x77, 0x0F, 0xF1, 0xFF, 0x3F, 0xF7, 0x1F, 0xE1, 0xFC, 0x1F, 0x83, 0xF0, 0x7E, 0x0E,
    0x01, 0xC0, 0x70, 0x7E, 0x0F, 0x81, 0xE0, 0x07, 0xFF, 0x00, 0xFF, 0xE0, 0x1F, 0xFC, 0x03, 0x83,
    0x80, 0x70, 0x70, 0x0E, 0x0E, 0x01, 0xC1, 0xC0, 0x38, 0x38, 0x0F, 0x07, 0x01, 0xC0, 0xE0, 0x38,
    0x1C, 0x07, 0x03, 0x81, 0xE0, 0x70, 0x78, 0x0E, 0x3F, 0x01, 0xFF, 0xC0, 0x3F, 0xE0, 0x07, 0xE0,
    0x00, 0x18, 0x00, 0x07, 0x00, 0x00, 0xE0, 0x00, 0x38, 0x00, 0x02, 0x00, 0x0F, 0xF8, 0x1F, 0xF0,
    0x3F, 0xE0, 0x71, 0xC0, 0xE3, 0x81, 0xC7, 0x03, 0x8E, 0x0F, 0x1C, 0x1C, 0x38, 0x78, 0x73, 0xE0,
    0xFF, 0x81, 0xFE, 0x03, 0xE0, 0x01, 0x80, 0x07, 0x00, 0x0C, 0x00, 0x18, 0xE0, 0x1F, 0x80, 0x7E,
    0x01, 0xF8, 0x07, 0xE0, 0x1F, 0x80, 0x7F, 0xFF, 0xFF, 0xFF, 0xFF, 0xFF, 0x80, 0x7E, 0x01, 0xF8,
    0x07, 0xE0, 0x1F, 0x80, 0x7E, 0x01, 0xF8, 0x07, 0xE0, 0x1C, 0x00, 0x70, 0x01, 0xC0, 0x3F, 0x00,
    0xF8, 0x03, 0xC0, 0xE0, 0xFC, 0x1F, 0x83, 0xF0, 0x7E, 0x0F, 0xFF, 0xFF, 0xFF, 0xFF, 0xE0, 0xFC,
    0x1F, 0x83, 0xF0, 0x7E, 0x0E, 0x01, 0xC0, 0x38, 0x3F, 0x07, 0xC0, 0xF0, 0xE0, 0x1C, 0x70, 0x0E,
    0x38, 0x07, 0x1C, 0x03, 0x8E, 0x01, 0xC7, 0x00, 0xE3, 0xFF, 0xF1, 0xFF, 0xF8, 0xFF, 0xFC, 0x70,
    0x0E, 0x38, 0x07, 0x1C, 0x03, 0x8E, 0x01, 0xC7, 0x00, 0xE3, 0x80, 0x7F, 0xC0, 0x3F, 0xE0, 0x1F,
    0x80, 0x01, 0x80, 0x01, 0xC0, 0x00, 0xE0, 0x00, 0xE0, 0x00, 0x20, 0xE0, 0xE7, 0x07, 0x38, 0x39,
    0xC1, 0xCE, 0x0E, 0x7F, 0xF3, 0xFF, 0x9F, 0xFC, 0xE0, 0xE7, 0x07, 0x38, 0x3F, 0xC1, 0xFE, 0x0F,
    0x80, 0x18, 0x01, 0xC0, 0x0C, 0x00, 0x60, 0xE0, 0x3F, 0x01, 0xF8, 0x0F, 0xC0, 0x7E, 0x03, 0xF0,
    0x1F, 0x80, 0xFE, 0x07, 0x7F, 0xFB, 0xFF, 0xC7, 0xFE, 0x00, 0x70, 0x03, 0x80, 0x1C, 0x07, 0xE0,
    0x3F, 0x01, 0xF8, 0x0E, 0x00, 0x70, 0x03, 0x80, 0x1C, 0x00, 0xE0, 0xE0, 0xFC, 0x1F, 0x83, 0xF0,
    0x7F, 0x0F, 0xFF, 0xDF, 0xF9, 0xFF, 0x00, 0xE0, 0x1C, 0x0F, 0x81, 0xF0, 0x3E, 0x07, 0x00, 0xE0,
    0x1C, 0x03, 0x80, 0x78, 0x03, 0xC3, 0xE0, 0x3E, 0x1F, 0x01, 0xF0, 0xF8, 0x1F, 0x87, 0xE0, 0xFC,
    0x3F, 0x07, 0xE1, 0xDC, 0x77, 0x0E, 0xE3, 0xB8, 0xF3, 0x3D, 0xC7, 0x1D, 0xC6, 0x38, 0xEE, 0x39,
    0xC3, 0xE1, 0xCE, 0x1F, 0x0E, 0x70, 0x78, 0x73, 0x83, 0x83, 0xFC, 0x00, 0x1F, 0xE0, 0x00, 0xF8,
    0x00, 0x01, 0x80, 0x00, 0x1C, 0x00, 0x00, 0xE0, 0x00, 0x0E, 0x00, 0x00, 0x20, 0xF0, 0x1E, 0x7C,
    0x1F, 0x3E, 0x0F, 0x9F, 0x8F, 0xCF, 0xC7, 0xE7, 0x77, 0x73, 0xBB, 0xB9, 0xDD, 0xDC, 0xE7, 0xCE,
    0x73, 0xE7, 0x38, 0xE3, 0xFC, 0x01, 0xFE, 0x00, 0xF8, 0x00, 0x18, 0x00, 0x1C, 0x00, 0x0C, 0x00,
    0x06, 0x00, 0xFF, 0xFF, 0xFF, 0xFF, 0xFF, 0xFF, 0xE0, 0x06, 0x20, 0x03, 0x18, 0x01, 0xFC, 0x00,
    0xFE, 0x00, 0x3C, 0x00, 0x00, 0x00, 0x0F, 0x80, 0x07, 0xC0, 0x07, 0xF0, 0x03, 0xB8, 0x01, 0xDC,
    0x01, 0xEF, 0x00, 0xE3, 0x80, 0xF1, 0xE0, 0x70, 0x70, 0x38, 0x38, 0x3F, 0xFE, 0x1F, 0xFF, 0x1F,
    0xFF, 0xCE, 0x00, 0xE7, 0x00, 0x77, 0x80, 0x3F, 0x80, 0x0E, 0x10, 0x8E, 0x73, 0xF8, 0x7E, 0x0F,
    0x00, 0x03, 0xF1, 0xFE, 0x7F, 0xD0, 0xF0, 0x1C, 0xFF, 0x7F, 0xFF, 0xFE, 0x1F, 0x87, 0xFF, 0xDF,
    0xF3, 0xF8, 0x06, 0x30, 0x07, 0x38, 0x01, 0x8C, 0x00, 0x00, 0x00, 0x3E, 0x00, 0x1F, 0x00, 0x1F,
    0xC0, 0x0E, 0xE0, 0x07, 0x70, 0x07, 0xBC, 0x03, 0x8E, 0x03, 0xC7, 0x81, 0xC1, 0xC0, 0xE0, 0xE0,
    0xFF, 0xF8, 0x7F, 0xFC, 0x7F, 0xFF, 0x38, 0x03, 0x9C, 0x01, 0xDE, 0x00, 0xFE, 0x00, 0x38, 0x31,
    0x8E, 0x73, 0x18, 0x00, 0x3F, 0x1F, 0xE7, 0xFD, 0x0F, 0x01, 0xCF, 0xF7, 0xFF, 0xFF, 0xE1, 0xF8,
    0x7F, 0xFD, 0xFF, 0x3F, 0x80, 0x00, 0x3F, 0xFC, 0x00, 0xFF, 0xF8, 0x01, 0xFF, 0xF0, 0x07, 0xF0,
    0x00, 0x1E, 0xE0, 0x00, 0x39, 0xC0, 0x00, 0xF3, 0x80, 0x03, 0xC7, 0xFE, 0x07, 0x8F, 0xFC, 0x1E,
    0x1F, 0xF8, 0x3F, 0xF8, 0x00, 0xFF, 0xF0, 0x03, 0xFF, 0xE0, 0x07, 0x81, 0xC0, 0x1E, 0x03, 0xFF,
    0xB8, 0x07, 0xFF, 0xF0, 0x0F, 0xFE, 0x3F, 0x0F, 0x87, 0xFB, 0xFC, 0x7F, 0xFF, 0xE0, 0x1F, 0x0F,
    0x00, 0xE0, 0x71, 0xFF, 0xFF, 0x7F, 0xFF, 0xFF, 0x0E, 0x00, 0xE0, 0xE0, 0x0F, 0x07, 0x82, 0xFF,
    0xFF, 0xE7, 0xFF, 0xFE, 0x3F, 0x8F, 0xC0, 0x11, 0x83, 0x1C, 0x3F, 0x83, 0xF8, 0x0F, 0x00, 0x00,
    0xFF, 0xEF, 0xFE, 0xFF, 0xEE, 0x00, 0xE0, 0x0E, 0x00, 0xE0, 0x0F, 0xFE, 0xFF, 0xEF, 0xFE, 0xE0,
    0x0E, 0x00, 0xE0, 0x0E, 0x00, 0xFF, 0xFF, 0xFF, 0xFF, 0xF0, 0x10, 0x83, 0x8C, 0x1F, 0xC1, 0xF8,
    0x0F, 0x00, 0x00, 0x0F, 0x83, 0xFC, 0x7F, 0xE7, 0x0F, 0xE0, 0x7F, 0xFF, 0xFF, 0xFE, 0x00, 0xE0,
    0x07, 0x82, 0x7F, 0xE3, 0xFE, 0x0F, 0xC0, 0x1F, 0xC0, 0x7F, 0xF8, 0x7F, 0xFC, 0x20, 0x3E, 0x00,
    0x0E, 0x00, 0x0F, 0x00, 0x07, 0x00, 0x07, 0xFF, 0xFF, 0xFF, 0xFF, 0xFF, 0xFF, 0xE0, 0x07, 0x70,
    0x0E, 0x78, 0x1E, 0x3F, 0xFC, 0x1F, 0xF8, 0x0F, 0xE0, 0x3F, 0x07, 0xFC, 0x7F, 0xE4, 0x1E, 0x00,
    0xF0, 0x07, 0xFF, 0xFF, 0xFF, 0xFF, 0xFE, 0x0E, 0x7F, 0xE3, 0xFC, 0x1F, 0x00, 0x0C, 0x60, 0x0E,
    0x70, 0x0C, 0x60, 0x00, 0x00, 0x1F, 0xC0, 0x7F, 0xF8, 0x7F, 0xFC, 0x20, 0x3E, 0x00, 0x0E, 0x00,
    0x0F, 0x00, 0x07, 0x00, 0x07, 0xFF, 0xFF, 0xFF, 0xFF, 0xFF, 0xFF, 0xE0, 0x07, 0x70, 0x0E, 0x78,
    0x1E, 0x3F, 0xFC, 0x1F, 0xF8, 0x0F, 0xE0, 0x39, 0xC3, 0x9C, 0x39, 0xC0, 0x00, 0x3F, 0x07, 0xFC,
    0x7F, 0xE4, 0x1E, 0x00, 0xF0, 0x07, 0xFF, 0xFF, 0xFF, 0xFF, 0xFE, 0x0E, 0x7F, 0xE3, 0xFC, 0x1F,
    0x00, 0x00, 0xC6, 0x00, 0x01, 0xCE, 0x00, 0x03, 0x18, 0x00, 0x00, 0x00, 0x0F, 0x07, 0x01, 0xEF,
    0x0E, 0x07, 0x8F, 0x1C, 0x1E, 0x0E, 0x38, 0x78, 0x0E, 0x71, 0xE0, 0x0E, 0xE7, 0x80, 0x0D, 0xDE,
    0x00, 0x0F, 0xFC, 0x00, 0x3F, 0xF8, 0x00, 0xFF, 0xF8, 0x01, 0xDC, 0xF0, 0x07, 0x38, 0xF0, 0x1C,
    0x70, 0xF0, 0x78, 0xE0, 0xF0, 0xE1, 0xC1, 0xE3, 0x83, 0x81, 0xEF, 0x07, 0x01, 0xE0, 0x03, 0x9C,
    0x00, 0x39, 0xC0, 0x03, 0x9C, 0x00, 0x00, 0x00, 0xF0, 0x71, 0xE7, 0x87, 0x1C, 0x3C, 0x73, 0x81,
    0xE7, 0x78, 0x0F, 0x77, 0x00, 0x7F, 0xE0, 0x07, 0xFE, 0x00, 0xF7, 0x70, 0x1E, 0x77, 0x81, 0xC7,
    0x3C, 0x38, 0x71, 0xC7, 0x87, 0x0E, 0xF0, 0x70, 0xF0, 0x31, 0x81, 0xCE, 0x0C, 0x60, 0x00, 0x01,
    0xF8, 0x3F, 0xF1, 0xFF, 0xC4, 0x1E, 0x00, 0x70, 0x07, 0x87, 0xF8, 0x3F, 0x81, 0xFF, 0x00, 0x38,
    0x00, 0xE0, 0x07, 0x00, 0x3A, 0x03, 0xFF, 0xFD, 0xFF, 0xC3, 0xFC, 0x00, 0x73, 0x8E, 0x71, 0xCE,
    0x00, 0x07, 0xF1, 0xFF, 0xBF, 0xFE, 0x07, 0x00, 0xE3, 0xF8, 0x7F, 0x0F, 0xF0, 0x0F, 0x81, 0xFF,
    0xFF, 0xFE, 0x7F, 0x00, 0x7F, 0xFB, 0xFF, 0xDF, 0xFE, 0x01, 0xE0, 0x1E, 0x01, 0xE0, 0x1E, 0x01,
    0xF8, 0x0F, 0xF0, 0x07, 0x80, 0x0E, 0x00, 0x70, 0x03, 0xA0, 0x3F, 0xFF, 0xDF, 0xFC, 0x3F, 0x80,
    0x7F, 0xE7, 0xFE, 0x7F, 0xE0, 0x1C, 0x03, 0x80, 0x78, 0x0F, 0x00, 0xF8, 0x0F, 0xE0, 0x0E, 0x00,
    0x70, 0x07, 0x00, 0x70, 0x07, 0x41, 0xFF, 0xFE, 0xFF, 0xC7, 0xF0, 0x0F, 0xF0, 0x1F, 0xE0, 0x00,
    0x07, 0x00, 0x7E, 0x01, 0xFC, 0x07, 0xF8, 0x1F, 0xF0, 0x7F, 0xE1, 0xEF, 0xC3, 0x9F, 0x8F, 0x3F,
    0x3C, 0x7E, 0xF0, 0xFD, 0xC1, 0xFF, 0x03, 0xFE, 0x07, 0xF8, 0x0F, 0xE0, 0x1F, 0xC0, 0x3F, 0x00,
    0x70, 0x3F, 0xC7, 0xF8, 0x00, 0x70, 0x7E, 0x1F, 0xC7, 0xF8, 0xFF, 0x3F, 0xE6, 0xFD, 0xDF, 0xF3,
    0xFC, 0x7F, 0x8F, 0xE1, 0xFC, 0x3F, 0x07, 0x0C, 0x60, 0x39, 0xC0, 0x31, 0x80, 0x00, 0x0E, 0x00,
    0xFC, 0x03, 0xF8, 0x0F, 0xF0, 0x3F, 0xE0, 0xFF, 0xC3, 0xDF, 0x87, 0x3F, 0x1E, 0x7E, 0x78, 0xFD,
    0xE1, 0xFB, 0x83, 0xFE, 0x07, 0xFC, 0x0F, 0xF0, 0x1F, 0xC0, 0x3F, 0x80, 0x7E, 0x00, 0xE0, 0x31,
    0x87, 0x38, 0xC6, 0x00, 0x0E, 0x0F, 0xC3, 0xF8, 0xFF, 0x1F, 0xE7, 0xFC, 0xDF, 0xBB, 0xFE, 0x7F,
    0x8F, 0xF1, 0xFC, 0x3F, 0x87, 0xE0, 0xE0, 0x06, 0x30, 0x01, 0xCE, 0x00, 0x63, 0x00, 0x00, 0x00,
    0x03, 0xF0, 0x03, 0xFF, 0x03, 0xFF, 0xF1, 0xF0, 0x3E, 0x78, 0x07, 0xBC, 0x00, 0xFE, 0x00, 0x1F,
    0x80, 0x07, 0xE0, 0x01, 0xF8, 0x00, 0x7E, 0x00, 0x1F, 0xC0, 0x0F, 0x78, 0x07, 0x9F, 0x03, 0xE3,
    0xFF, 0xF0, 0x7F, 0xF0, 0x03, 0xF0, 0x00, 0x18, 0xC1, 0xCE, 0x06, 0x30, 0x00, 0x00, 0xF8, 0x1F,
    0xF1, 0xFF, 0xCE, 0x1E, 0xE0, 0x7F, 0x01, 0xF8, 0x0F, 0xC0, 0x7E, 0x07, 0xB8, 0x39, 0xFF, 0xC7,
    0xFC, 0x0F, 0x80, 0x03, 0xF0, 0x03, 0xFF, 0x03, 0xFF, 0xF1, 0xF0, 0x3E, 0x70, 0x03, 0xB8, 0x00,
    0x7F, 0xFF, 0xFF, 0xFF, 0xFF, 0xFF, 0xFF, 0xF8, 0x00, 0x7E, 0x00, 0x1F, 0xC0, 0x0F, 0x78, 0x07,
    0x9F, 0x03, 0xE3, 0xFF, 0xF0, 0x7F, 0xF0, 0x03, 0xF0, 0x00, 0x0F, 0x81, 0xFF, 0x1F, 0xFC, 0xE0,
    0xEE, 0x03, 0xFF, 0xFF, 0xFF, 0xFF, 0xFF, 0xE0, 0x3B, 0x83, 0x9F, 0xFC, 0x7F, 0xC0, 0xF8, 0x00,
    0x06, 0x30, 0x01, 0xCE, 0x00, 0x63, 0x00, 0x00, 0x00, 0x03, 0xF0, 0x03, 0xFF, 0x03, 0xFF, 0xF1,
    0xF0, 0x3E, 0x70, 0x03, 0xB8, 0x00, 0x7F, 0xFF, 0xFF, 0xFF, 0xFF, 0xFF, 0xFF, 0xF8, 0x00, 0x7E,
    0x00, 0x1F, 0xC0, 0x0F, 0x78, 0x07, 0x9F, 0x03, 0xE3, 0xFF, 0xF0, 0x7F, 0xF0, 0x03, 0xF0, 0x00,
    0x18, 0xC1, 0xCE, 0x06, 0x30, 0x00, 0x00, 0xF8, 0x1F, 0xF1, 0xFF, 0xCE, 0x0E, 0xE0, 0x3F, 0xFF,
    0xFF, 0xFF, 0xFF, 0xFE, 0x03, 0xB8, 0x39, 0xFF, 0xC7, 0xFC, 0x0F, 0x80, 0x18, 0xC0, 0xE7, 0x01,
    0x8C, 0x00, 0x00, 0x3F, 0x83, 0xFF, 0x8F, 0xFF, 0x10, 0x3E, 0x00, 0x38, 0x00, 0x70, 0x01, 0xC7,
    0xFF, 0x1F, 0xFC, 0x7F, 0xF0, 0x01, 0xC0, 0x0F, 0x00, 0x39, 0x03, 0xEF, 0xFF, 0x3F, 0xF8, 0x3F,
    0x80, 0x63, 0x0E, 0x71, 0x8C, 0x00, 0x07, 0xE1, 0xFF, 0x3F, 0xF6, 0x0E, 0x1F, 0xE3, 0xFC, 0x7F,
    0x80, 0x70, 0x1F, 0x87, 0xBF, 0xF7, 0xFC, 0x7E, 0x00, 0x1F, 0xE0, 0x7F, 0x80, 0x00, 0x38, 0x07,
    0xF0, 0x3D, 0xC0, 0xE7, 0x83, 0x8E, 0x1E, 0x3C, 0x70, 0x71, 0xC1, 0xEF, 0x03, 0xB8, 0x0F, 0xE0,
    0x1F, 0x00, 0x7C, 0x01, 0xE0, 0x0F, 0x83, 0xFC, 0x0F, 0xE0, 0x3F, 0x00, 0x1F, 0xE0, 0xFF, 0x00,
    0x01, 0xC0, 0x7F, 0x07, 0xB8, 0x39, 0xC1, 0xCF, 0x1E, 0x38, 0xE1, 0xC7, 0x0F, 0x78, 0x3B, 0x81,
    0xDC, 0x0F, 0xE0, 0x3E, 0x01, 0xF0, 0x0F, 0x00, 0x78, 0x1F, 0x81, 0xF8, 0x0F, 0x80, 0x00, 0x1C,
    0xE0, 0x73, 0x81, 0xCE, 0x00, 0x00, 0xE0, 0x1F, 0xC0, 0xF7, 0x03, 0x9E, 0x0E, 0x38, 0x78, 0xF1,
    0xC1, 0xC7, 0x07, 0xBC, 0x0E, 0xE0, 0x3F, 0x80, 0x7C, 0x01, 0xF0, 0x07, 0x80, 0x3E, 0x0F, 0xF0,
    0x3F, 0x80, 0xFC, 0x00, 0x18, 0xC1, 0xCE, 0x06, 0x30, 0x00, 0x0E, 0x03, 0xF8, 0x3D, 0xC1, 0xCE,
    0x0E, 0x78, 0xF1, 0xC7, 0x0E, 0x38, 0x7B, 0xC1, 0xDC, 0x0E, 0xE0, 0x7F, 0x01, 0xF0, 0x0F, 0x80,
    0x78, 0x03, 0xC0, 0xFC, 0x0F, 0xC0, 0x7C, 0x00, 0x02, 0x20, 0x0C, 0xC0, 0x77, 0x01, 0x98, 0x04,
    0x40, 0x00, 0x0E, 0x01, 0xFC, 0x0F, 0x70, 0x39, 0xE0, 0xE3, 0x87, 0x8F, 0x1C, 0x1C, 0x70, 0x7B,
    0xC0, 0xEE, 0x03, 0xF8, 0x07, 0xC0, 0x1F, 0x00, 0x78, 0x03, 0xE0, 0xFF, 0x03, 0xF8, 0x0F, 0xC0,
    0x00, 0x02, 0x20, 0x3B, 0x81, 0x98, 0x1D, 0x80, 0x44, 0x00, 0x03, 0x80, 0xFE, 0x0F, 0x70, 0x73,
    0x83, 0x9E, 0x3C, 0x71, 0xC3, 0x8E, 0x1E, 0xF0, 0x77, 0x03, 0xB8, 0x1F, 0xC0, 0x7C, 0x03, 0xE0,
    0x1E, 0x00, 0xF0, 0x3F, 0x03, 0xF0, 0x1F, 0x00, 0x1C, 0xE0, 0x73, 0x81, 0xCE, 0x00, 0x00, 0xE0,
    0x1F, 0x80, 0x7E, 0x01, 0xF8, 0x07, 0xE0, 0x1F, 0x80, 0x7E, 0x01, 0xFE, 0x07, 0x7F, 0xFC, 0xFF,
    0xF1, 0xFF, 0xC0, 0x07, 0x00, 0x1C, 0x00, 0x70, 0x01, 0xC0, 0x07, 0x00, 0x1C, 0x31, 0x8E, 0x70,
    0xC6, 0x00, 0x0E, 0x0F, 0xC1, 0xF8, 0x3F, 0x07, 0xE0, 0xFE, 0x1F, 0xFF, 0xBF, 0xF3, 0xFE, 0x01,
    0xC0, 0x38, 0x07, 0x00, 0xE0, 0xFF, 0xFF, 0xFF, 0xFF, 0xF0, 0x0E, 0x01, 0xC0, 0x38, 0x07, 0x00,
    0xE0, 0x1C, 0x03, 0x80, 0x70, 0x0E, 0x01, 0xC0, 0x3F, 0x07, 0xE0, 0xFC, 0x03, 0x80, 0x70, 0x0E,
    0x01, 0xC0, 0x38, 0x00, 0xFF, 0xFF, 0xFF, 0xFC, 0x0E, 0x07, 0x03, 0x81, 0xC0, 0xE0, 0x70, 0x3E,
    0x1F, 0x0F, 0x81, 0xC0, 0xE0, 0x70, 0x38, 0x00, 0x03, 0x18, 0x01, 0xCE, 0x00, 0x31, 0x80, 0x00,
    0x00, 0xE0, 0x01, 0xF8, 0x00, 0x7E, 0x00, 0x1F, 0x80, 0x07, 0xE0, 0x01, 0xF8, 0x00, 0x7F, 0xF0,
    0x1F, 0xFF, 0x07, 0xFF, 0xE1, 0xF8, 0x3C, 0x7E, 0x07, 0x1F, 0x81, 0xC7, 0xE0, 0x71, 0xF8, 0x3C,
    0x7F, 0xFE, 0x1F, 0xFF, 0x07, 0x7F, 0x01, 0xC0, 0x06, 0x30, 0x07, 0x38, 0x06, 0x30, 0x00, 0x00,
    0xE0, 0x07, 0xE0, 0x07, 0xE0, 0x07, 0xE0, 0x07, 0xFF, 0x07, 0xFF, 0xC7, 0xFF, 0xE7, 0xE1, 0xE7,
    0xE0, 0xE7, 0xE1, 0xE7, 0xFF, 0xE7, 0xFF, 0xC7, 0x7F, 0x07, 0xF0, 0x1C, 0xC0, 0x73, 0x81, 0xC7,
    0x06, 0x0E, 0x18, 0x78, 0xE3, 0xB3, 0x1C, 0xF8, 0x61, 0xC1, 0x83, 0x06, 0x0E, 0x38, 0x1C, 0xE0,
    0x33, 0x00, 0xEC, 0x01, 0xC0, 0x7F, 0x07, 0xFC, 0x01, 0xC0, 0x0C, 0x00, 0xE0, 0x0E, 0x00, 0xE0,
    0x0E, 0x00, 0xE0, 0x0E, 0x00, 0xE0, 0x0E, 0x00, 0xEF, 0xFF, 0xFF, 0xF0, 0x78, 0x7C, 0x0E, 0x0E,
    0x0E, 0x0E, 0x0E, 0x0E, 0x0E, 0x0E, 0x0E, 0x1E, 0x36, 0xE6, 0xC3, 0xFF, 0xFF, 0xFF, 0x01, 0x80,
    0x18, 0x01, 0x80, 0x18, 0x01, 0x80, 0x18, 0x01, 0x80, 0x18, 0x01, 0x80, 0x18, 0x01, 0x80, 0x18,
    0x01, 0x80, 0x7F, 0xE7, 0xFF, 0x80, 0x0C, 0x00, 0x70, 0x01, 0x80, 0x0C, 0x80, 0x6C, 0x03, 0x60,
    0x1B, 0x00, 0xD8, 0x06, 0xC0, 0x36, 0x01, 0xB0, 0x0D, 0x80, 0x60, 0xFF, 0xCE, 0x73, 0x9C, 0xE7,
    0x39, 0xCE, 0x73, 0x9C, 0xE0, 0xFF, 0xF1, 0x8C, 0x71, 0x86, 0x18, 0x71, 0xC7, 0x0C, 0x30, 0xC3,
    0x00, 0xFF, 0xE3, 0xFF, 0xE3, 0x01, 0x8C, 0x07, 0x70, 0x1D, 0xC0, 0x77, 0x01, 0xDC, 0x07, 0x70,
    0x1D, 0xC0, 0x77, 0x01, 0xDC, 0x07, 0x70, 0x1D, 0xC0, 0x77, 0x01, 0xC0, 0xE3, 0xE3, 0x8F, 0xCE,
    0x03, 0xB8, 0x06, 0xE0, 0x1B, 0x80, 0x7E, 0x01, 0xF8, 0x07, 0x60, 0x19, 0x80, 0x66, 0x01, 0x9C,
    0x0E, 0x38, 0x70, 0x7F, 0x80, 0xFC, 0x00, 0xFF, 0xCE, 0x73, 0x9C, 0xE7, 0xFF, 0x1F, 0xF8, 0x03,
    0x00, 0x70, 0x06, 0x00, 0xC0, 0x18, 0x03, 0x00, 0x60, 0x0C, 0x01, 0x80, 0x30, 0x06, 0x00, 0xC0,
    0x18, 0x03, 0x00, 0x60, 0x0C, 0x01, 0x80, 0x30, 0xFE, 0x1F, 0xF0, 0x0E, 0x00, 0xE0, 0x0C, 0x01,
    0xC0, 0x38, 0x07, 0x00, 0xE0, 0x1C, 0x03, 0x00, 0xE0, 0x3D, 0xFF, 0x3F, 0x80, 0xC0, 0x18, 0x03,
    0x00, 0x60, 0x0F, 0xFF, 0xFF, 0xC0, 0x38, 0x06, 0x00, 0xC0, 0x38, 0x06, 0x00, 0xC0, 0x38, 0x06,
    0x00, 0xC0, 0x38, 0x06, 0x00, 0xC0, 0x38, 0x00, 0xFF, 0xF3, 0xFF, 0xE3, 0x01, 0xCC, 0x03, 0x30,
    0x0C, 0xC0, 0x33, 0x00, 0xCC, 0x03, 0x30, 0x0C, 0xC0, 0x33, 0x00, 0xCC, 0x03, 0x30, 0x0C, 0xFF,
    0xF3, 0xFF, 0xC0, 0xE1, 0xE0, 0xCF, 0xF1, 0x90, 0xF3, 0x40, 0xE3, 0x80, 0xC7, 0x01, 0x8C, 0x03,
    0x98, 0x07, 0x30, 0x0E, 0x60, 0x19, 0xC0, 0x33, 0x80, 0xE6, 0x03, 0x8C, 0x7E, 0x38, 0xF8, 0x00,
    0xFF, 0xCE, 0x73, 0x9C, 0xE7, 0x39, 0xCE, 0x73, 0x9C, 0xE7, 0x39, 0xCE, 0x70, 0x78, 0xF8, 0x38,
    0x70, 0xE1, 0xC3, 0x87, 0x0E, 0x1C, 0x38, 0x70, 0xFF, 0xFF, 0x80, 0xFF, 0xE3, 0xFF, 0xC3, 0x03,
    0x8C, 0x06, 0x70, 0x1D, 0x80, 0x76, 0x00, 0xD8, 0x07, 0x60, 0x1D, 0x80, 0x77, 0x01, 0x8C, 0x0E,
    0x38, 0x70, 0x7F, 0xC0, 0xFC, 0x00, 0x60, 0x3B, 0x01, 0xD8, 0x0C, 0xE0, 0x63, 0x03, 0x18, 0x18,
    0xC0, 0xC7, 0x06, 0x18, 0x70, 0xC3, 0x06, 0x18, 0x31, 0x80, 0xBC, 0x3F, 0x83, 0xE0, 0x10, 0x00,
    0x1F, 0x81, 0xFE, 0x1C, 0x39, 0xC0, 0xEE, 0x03, 0x60, 0x1B, 0x80, 0xEC, 0x07, 0x78, 0x38, 0xC1,
    0xC0, 0x0E, 0x00, 0x70, 0x03, 0x80, 0x1C, 0x00, 0xE0, 0x07, 0x00, 0x38, 0x01, 0xC0, 0x0E, 0x00,
    0x70, 0x1F, 0x81, 0xFF, 0x1C, 0x38, 0xC0, 0xEE, 0x03, 0x70, 0x1F, 0x80, 0xEE, 0x07, 0x38, 0x38,
    0xC1, 0xC0, 0x0C, 0x00, 0xE0, 0x0E, 0x3F, 0xE1, 0xFC, 0x00, 0xE0, 0x7C, 0x0D, 0x83, 0xB8, 0x73,
    0x0C, 0x71, 0x8E, 0x70, 0xCC, 0x1F, 0x01, 0xC0, 0x30, 0x07, 0x00, 0x60, 0x0C, 0x01, 0x80, 0x38,
    0x03, 0x00, 0x60, 0x0C, 0x01, 0xC0, 0xE0, 0x77, 0x07, 0x30, 0x63, 0x86, 0x18, 0x60, 0xCE, 0x0E,
    0xC0, 0x7C, 0x07, 0x00, 0x38, 0x01, 0x80, 0x1C, 0x00, 0xCF, 0xFE, 0xFF, 0xE0, 0xFF, 0xFF, 0xFF,
    0xC0, 0x0C, 0x00, 0x60, 0x07, 0x10, 0x33, 0x81, 0x9C, 0x1C, 0xE0, 0xC7, 0x06, 0x38, 0x31, 0xC3,
    0x8E, 0x18, 0x70, 0xC3, 0x8E, 0x1C, 0x00, 0xE0, 0x07, 0x00, 0x38, 0x01, 0xC0, 0x00, 0xFF, 0x3F,
    0xE0, 0x1C, 0x03, 0x00, 0xC0, 0x30, 0x0C, 0x03, 0x00, 0xC0, 0x30, 0x0C, 0x03, 0x00, 0xC0, 0x30,
    0x0C, 0xC3, 0x0F, 0x86, 0x1F, 0x0C, 0x3E, 0x18, 0x7C, 0x30, 0xF8, 0xE1, 0xF3, 0x83, 0xFF, 0x07,
    0xF8, 0x0D, 0x80, 0x1B, 0x80, 0x33, 0x00, 0xE7, 0x03, 0x87, 0xFE, 0x03, 0xF0, 0x00, 0x7F, 0xF3,
    0xFF, 0xE1, 0x81, 0xC6, 0x03, 0x18, 0x0C, 0x60, 0x31, 0x80, 0xC6, 0x03, 0x18, 0x0C, 0x60, 0x31,
    0x80, 0xC6, 0x03, 0x38, 0x0F, 0xC0, 0x3E, 0x00, 0xC0, 0x4D, 0xEE, 0xC0, 0x33, 0x66, 0x6E, 0xE0,
    0x00, 0xEE, 0xE0, 0x3F, 0x9F, 0xF6, 0x07, 0x80, 0xC0, 0x38, 0x06, 0x00, 0xC0, 0x18, 0x03, 0x00,
    0x60, 0x18, 0x06, 0x00, 0x00, 0x00, 0x18, 0x0F, 0x01, 0x80, 0x0F, 0x1F, 0x0C, 0x0E, 0x06, 0x01,
    0x80, 0xE6, 0x3F, 0xFE, 0x38, 0x00, 0xFF, 0xFF, 0x6F, 0x72, 0xCC, 0x66, 0x66, 0x66, 0x73, 0x33,
    0x33, 0x33, 0x30, 0xC0, 0xF0, 0x36, 0x0D, 0xFE, 0x7F, 0x18, 0x06, 0x01, 0xC0, 0x30, 0x0C, 0x03,
    0x00, 0xC0, 0x30, 0x0C, 0x03, 0x00, 0xC0, 0x30, 0x00, 0xC0, 0x3C, 0x33, 0xE3, 0x16, 0x33, 0x7F,
    0xF7, 0xFE, 0x60, 0x06, 0x00, 0x60, 0x07, 0x00, 0x30, 0x03, 0x00, 0x30, 0x03, 0x00, 0x30, 0x03,
    0x00, 0x30, 0x00, 0x04, 0x07, 0x83, 0x81, 0xC0, 0xE0, 0x30, 0x0C, 0x01, 0xF0, 0x3C, 0x0E, 0x07,
    0x03, 0x80, 0xC0, 0x30, 0x0E, 0x05, 0xFF, 0x3F, 0x80, 0x0E, 0x0F, 0xC7, 0x39, 0x86, 0xE0, 0xF0,
    0x3C, 0x0F, 0x03, 0xC0, 0xF0, 0x36, 0x1D, 0xFE, 0x3F, 0x00, 0xC0, 0xBF, 0xE3, 0xF8, 0x06, 0x01,
    0x80, 0x60, 0x18, 0x06, 0x01, 0x80, 0x60, 0x1C, 0x03, 0x00, 0xC0, 0x30, 0x0C, 0x03, 0x00, 0xC0,
    0xE0, 0x0D, 0x80, 0x67, 0x01, 0x8C, 0x0E, 0x30, 0x30, 0xE0, 0xC1, 0x86, 0x06, 0x18, 0x1C, 0x60,
    0x33, 0x00, 0xCC, 0x03, 0xB0, 0x07, 0x80, 0x1E, 0x00, 0x78, 0x00, 0xC0, 0x03, 0x00, 0x03, 0x00,
    0x0E, 0x00, 0x38, 0x01, 0xE0, 0x07, 0xC0, 0x1B, 0x00, 0xCC, 0x03, 0x30, 0x0C, 0xE0, 0x61, 0x81,
    0x86, 0x06, 0x0C, 0x30, 0x30, 0xC0, 0xE7, 0x01, 0x98, 0x06, 0xE0, 0x0C, 0x1C, 0x1F, 0x86, 0x33,
    0x0C, 0xC3, 0xB0, 0x6E, 0x19, 0xFE, 0x3F, 0x80, 0x60, 0x18, 0x06, 0x01, 0x80, 0x20, 0x0C, 0x03,
    0x00, 0xC0, 0x00, 0x08, 0x00, 0x38, 0x00, 0x30, 0x00, 0x6E, 0x00, 0x78, 0x00, 0xF0, 0x01, 0xE0,
    0x03, 0xC0, 0x07, 0x80, 0x1B, 0x80, 0x73, 0xE7, 0xC3, 0xFF, 0x00, 0xF0, 0x00, 0xFF, 0xF0, 0x6F,
    0x72, 0xCC, 0x66, 0x66, 0x66, 0x73, 0x33, 0x33, 0x33, 0x30, 0xC0, 0xF0, 0x36, 0x0D, 0xFE, 0x7F,
    0x18, 0x06, 0x01, 0xC0, 0x30, 0x0C, 0x03, 0x00, 0xC0, 0x30, 0x0C, 0x03, 0x00, 0xC0, 0x30, 0x00,
    0xC0, 0x3C, 0x33, 0xE3, 0x16, 0x33, 0x7F, 0xF7, 0xFE, 0x60, 0x06, 0x00, 0x60, 0x07, 0x00, 0x30,
    0x03, 0x00, 0x30, 0x03, 0x00, 0x30, 0x03, 0x00, 0x30, 0x00, 0xC3, 0xB1, 0xEE, 0xC1, 0xB0, 0x66,
    0xDF, 0xF6, 0xC1, 0x80, 0x70, 0x0C, 0x03, 0x00, 0xC0, 0x30, 0x0C, 0x03, 0x00, 0xC0, 0x30, 0x00,
    0x08, 0x07, 0x00, 0xE0, 0x3C, 0x1B, 0x0C, 0xE3, 0x19, 0x86, 0x60, 0xF0, 0x3C, 0x0F, 0x03, 0xC0,
    0xF3, 0x3C, 0xCD, 0xFF, 0x7F, 0x80, 0x1F, 0x1F, 0x1C, 0x0C, 0x06, 0x03, 0x01, 0xC4, 0x77, 0x1F,
    0x07, 0x07, 0x07, 0x07, 0x03, 0x03, 0x81, 0x80, 0xC0, 0x00, 0xE0, 0x0D, 0x80, 0x67, 0x01, 0x8C,
    0x0E, 0x30, 0x30, 0xE0, 0xC1, 0x86, 0x06, 0x18, 0x1C, 0x60, 0x33, 0x00, 0xCC, 0x03, 0xB0, 0x07,
    0x80, 0x1E, 0x00, 0x78, 0x00, 0xC0, 0x03, 0x00, 0x03, 0x00, 0x0E, 0x00, 0x38, 0x01, 0xE0, 0x07,
    0xC0, 0x1B, 0x00, 0xCC, 0x03, 0x30, 0x0C, 0xE0, 0x61, 0x81, 0x86, 0x06, 0x0C, 0x30, 0x30, 0xC0,
    0xE7, 0x01, 0x98, 0x06, 0xE0, 0x0C, 0x1C, 0x1F, 0x86, 0x33, 0x0C, 0xC3, 0xB0, 0x6E, 0x19, 0xFE,
    0x3F, 0x80, 0x60, 0x18, 0x06, 0x01, 0x80, 0x20, 0x0C, 0x03, 0x00, 0xC0, 0x01, 0xC0, 0x01, 0xF0,
    0x00, 0xF8, 0x00, 0xEE, 0x00, 0x77, 0x00, 0x39, 0xC0, 0x38, 0xE0, 0x1C, 0x70, 0x1C, 0x1C, 0x0E,
    0x0E, 0x07, 0xFF, 0x87, 0xFF, 0xC3, 0xFF, 0xE3, 0xC0, 0x79, 0xC0, 0x1C, 0xE0, 0x0F, 0xF0, 0x07,
    0x80, 0x00, 0x00, 0x30, 0x00, 0x3C, 0x00, 0x1E, 0x00, 0x06, 0x00, 0x7F, 0x87, 0xF8, 0x07, 0x00,
    0xF0, 0x0E, 0x7F, 0xDF, 0xFF, 0x87, 0xE0, 0xFC, 0x1F, 0xC3, 0xBF, 0xF3, 0xFE, 0x00, 0x01, 0x80,
    0x78, 0x0F, 0x00, 0xC0, 0x03, 0xC0, 0x00, 0xF0, 0x00, 0x18, 0x00, 0x18, 0x00, 0x08, 0x00, 0x00,
    0x00, 0x07, 0x00, 0x07, 0xC0, 0x03, 0xE0, 0x03, 0xB8, 0x01, 0xDC, 0x00, 0xE7, 0x00, 0xE3, 0x80,
    0x71, 0xC0, 0x70, 0x70, 0x38, 0x38, 0x1F, 0xFE, 0x1F, 0xFF, 0x0F, 0xFF, 0x8F, 0x01, 0xE7, 0x00,
    0x73, 0x80, 0x3F, 0xC0, 0x1E, 0x0E, 0x01, 0xE0, 0x0C, 0x03, 0x80, 0x40, 0x00, 0x1F, 0xE1, 0xFE,
    0x01, 0xC0, 0x3C, 0x03, 0x9F, 0xF7, 0xFF, 0xE1, 0xF8, 0x3F, 0x07, 0xF0, 0xEF, 0xFC, 0xFF, 0x80,
    0x00, 0x00, 0x00, 0x03, 0x00, 0x03, 0x80, 0x03, 0x80, 0x0F, 0x80, 0x0F, 0x80, 0x0F, 0xC0, 0x0E,
    0x60, 0x00, 0x00, 0x00, 0x00, 0x00, 0x70, 0x00, 0x7C, 0x00, 0x3E, 0x00, 0x3B, 0x80, 0x1D, 0xC0,
    0x0E, 0x70, 0x0E, 0x38, 0x07, 0x1C, 0x07, 0x07, 0x03, 0x83, 0x81, 0xFF, 0xE1, 0xFF, 0xF0, 0xFF,
    0xF8, 0xF0, 0x1E, 0x70, 0x07, 0x38, 0x03, 0xFC, 0x01, 0xE0, 0x00, 0x10, 0x01, 0xC0, 0x1C, 0x01,
    0xC0, 0x6C, 0x07, 0x80, 0x7E, 0x03, 0x30, 0x00, 0x00, 0x00, 0x1F, 0xE0, 0x7F, 0x80, 0x1C, 0x00,
    0xF0, 0x03, 0x87, 0xFC, 0x7F, 0xE7, 0x87, 0x38, 0x39, 0xC1, 0xCF, 0x0E, 0x3F, 0xF0, 0xFF, 0x80,
    0x00, 0x00, 0x00, 0x18, 0x00, 0x0E, 0x00, 0x03, 0x80, 0x0C, 0xE0, 0x0F, 0x20, 0x0F, 0xC0, 0x0E,
    0x60, 0x00, 0x00, 0x00, 0x00, 0x00, 0x70, 0x00, 0x7C, 0x00, 0x3E, 0x00, 0x3B, 0x80, 0x1D, 0xC0,
    0x0E, 0x70, 0x0E, 0x38, 0x07, 0x1C, 0x07, 0x07, 0x03, 0x83, 0x81, 0xFF, 0xE1, 0xFF, 0xF0, 0xFF,
    0xF8, 0xF0, 0x1E, 0x70, 0x07, 0x38, 0x03, 0xFC, 0x01, 0xE0, 0x00, 0x80, 0x38, 0x01, 0xC0, 0x0E,
    0x06, 0x70, 0xF2, 0x1F, 0x81, 0x98, 0x00, 0x00, 0x00, 0x7F, 0x83, 0xFC, 0x01, 0xC0, 0x1E, 0x00,
    0xE3, 0xFE, 0x7F, 0xEF, 0x0E, 0xE0, 0xEE, 0x0E, 0xF0, 0xE7, 0xFE, 0x3F, 0xE0, 0x00, 0x3C, 0x00,
    0x07, 0x00, 0x07, 0x00, 0x1B, 0x00, 0x1E, 0x00, 0x1F, 0x80, 0x1C, 0xC0, 0x00, 0x00, 0x00, 0x00,
    0x00, 0xE0, 0x00, 0xF8, 0x00, 0x7C, 0x00, 0x77, 0x00, 0x3B, 0x80, 0x1C, 0xE0, 0x1C, 0x70, 0x0E,
    0x38, 0x0E, 0x0E, 0x07, 0x07, 0x03, 0xFF, 0xC3, 0xFF, 0xE1, 0xFF, 0xF1, 0xE0, 0x3C, 0xE0, 0x0E,
    0x70, 0x07, 0xF8, 0x03, 0xC0, 0x01, 0xF0, 0x03, 0x00, 0x70, 0x64, 0x0F, 0x01, 0xF8, 0x19, 0x80,
    0x00, 0x00, 0x07, 0xF8, 0x3F, 0xC0, 0x1C, 0x01, 0xE0, 0x0E, 0x3F, 0xE7, 0xFE, 0xF0, 0xEE, 0x0E,
    0xE0, 0xEF, 0x0E, 0x7F, 0xE3, 0xFE, 0x03, 0x98, 0x03, 0xFC, 0x03, 0xBC, 0x00, 0x00, 0x00, 0x0C,
    0x00, 0x0F, 0x00, 0x0F, 0xC0, 0x0E, 0x60, 0x00, 0x00, 0x00, 0x00, 0x00, 0x70, 0x00, 0x7C, 0x00,
    0x3E, 0x00, 0x3B, 0x80, 0x1D, 0xC0, 0x0E, 0x70, 0x0E, 0x38, 0x07, 0x1C, 0x07, 0x07, 0x03, 0x83,
    0x81, 0xFF, 0xE1, 0xFF, 0xF0, 0xFF, 0xF8, 0xF0, 0x1E, 0x70, 0x07, 0x38, 0x03, 0xFC, 0x01, 0xE0,
    0x1C, 0xC7, 0xF8, 0xDE, 0x00, 0x00, 0x60, 0x1E, 0x07, 0xE0, 0xCC, 0x00, 0x00, 0x01, 0xFE, 0x1F,
    0xE0, 0x1C, 0x03, 0xC0, 0x39, 0xFF, 0x7F, 0xFE, 0x1F, 0x83, 0xF0, 0x7F, 0x0E, 0xFF, 0xCF, 0xF8,
    0x00, 0xC0, 0x00, 0xF0, 0x00, 0xFC, 0x00, 0xE6, 0x00, 0x00, 0x00, 0x00, 0x00, 0x07, 0x00, 0x07,
    0xC0, 0x03, 0xE0, 0x03, 0xB8, 0x01, 0xDC, 0x00, 0xE7, 0x00, 0xE3, 0x80, 0x71, 0xC0, 0x70, 0x70,
    0x38, 0x38, 0x1F, 0xFE, 0x1F, 0xFF, 0x0F, 0xFF, 0x8F, 0x01, 0xE7, 0x00, 0x73, 0x80, 0x3F, 0xC0,
    0x1E, 0x00, 0x00, 0x00, 0xC0, 0x00, 0xF0, 0x00, 0x78, 0x00, 0x18, 0x00, 0x06, 0x01, 0xE0, 0x7E,
    0x0C, 0xC0, 0x00, 0x00, 0x1F, 0xE1, 0xFE, 0x01, 0xC0, 0x3C, 0x03, 0x9F, 0xF7, 0xFF, 0xE1, 0xF8,
    0x3F, 0x07, 0xF0, 0xEF, 0xFC, 0xFF, 0x80, 0x00, 0x60, 0x1E, 0x03, 0xC0, 0x30, 0x00, 0x20, 0x00,
    0x38, 0x00, 0x3C, 0x00, 0x1C, 0x00, 0x1C, 0x00, 0x34, 0xC0, 0x1C, 0xC0, 0x07, 0xE0, 0x01, 0xE0,
    0x00, 0x00, 0x00, 0x00, 0x00, 0x38, 0x00, 0x3E, 0x00, 0x1F, 0x00, 0x1D, 0xC0, 0x0E, 0xE0, 0x07,
    0x38, 0x07, 0x1C, 0x03, 0x8E, 0x03, 0x83, 0x81, 0xC1, 0xC0, 0xFF, 0xF0, 0xFF, 0xF8, 0x7F, 0xFC,
    0x78, 0x0F, 0x38, 0x03, 0x9C, 0x01, 0xFE, 0x00, 0xF0, 0x01, 0x00, 0x70, 0x1C, 0x07, 0x00, 0xC0,
    0x61, 0x86, 0x70, 0xFC, 0x0F, 0x00, 0x00, 0x00, 0x3F, 0xC3, 0xFC, 0x03, 0x80, 0x78, 0x07, 0x3F,
    0xEF, 0xFF, 0xC3, 0xF0, 0x7E, 0x0F, 0xE1, 0xDF, 0xF9, 0xFF, 0x01, 0x00, 0x01, 0xC0, 0x00, 0xF0,
    0x00, 0x38, 0x00, 0x0E, 0x00, 0x32, 0xC0, 0x1C, 0xC0, 0x07, 0xE0, 0x01, 0xE0, 0x00, 0x00, 0x00,
    0x00, 0x00, 0x38, 0x00, 0x3E, 0x00, 0x1F, 0x00, 0x1D, 0xC0, 0x0E, 0xE0, 0x07, 0x38, 0x07, 0x1C,
    0x03, 0x8E, 0x03, 0x83, 0x81, 0xC1, 0xC0, 0xFF, 0xF0, 0xFF, 0xF8, 0x7F, 0xFC, 0x78, 0x0F, 0x38,
    0x03, 0x9C, 0x01, 0xFE, 0x00, 0xF0, 0x08, 0x03, 0x80, 0x38, 0x03, 0x80, 0x30, 0x61, 0x86, 0x70,
    0xFC, 0x0F, 0x00, 0x00, 0x00, 0x3F, 0xC3, 0xFC, 0x03, 0x80, 0x78, 0x07, 0x3F, 0xEF, 0xFF, 0xC3,
    0xF0, 0x7E, 0x0F, 0xE1, 0xDF, 0xF9, 0xFF, 0x03, 0xC0, 0x00, 0xF0, 0x00, 0x18, 0x00, 0x18, 0x00,
    0x69, 0x80, 0x39, 0x80, 0x0F, 0xC0, 0x03, 0xC0, 0x00, 0x00, 0x00, 0x00, 0x00, 0x70, 0x00, 0x7C,
    0x00, 0x3E, 0x00, 0x3B, 0x80, 0x1D, 0xC0, 0x0E, 0x70, 0x0E, 0x38, 0x07, 0x1C, 0x07, 0x07, 0x03,
    0x83, 0x81, 0xFF, 0xE1, 0xFF, 0xF0, 0xFF, 0xF8, 0xF0, 0x1E, 0x70, 0x07, 0x38, 0x03, 0xFC, 0x01,
    0xE0, 0x0F, 0x00, 0x60, 0x0C, 0x03, 0x03, 0x4C, 0x33, 0x87, 0xE0, 0x78, 0x00, 0x00, 0x01, 0xFE,
    0x1F, 0xE0, 0x1C, 0x03, 0xC0, 0x39, 0xFF, 0x7F, 0xFE, 0x1F, 0x83, 0xF0, 0x7F, 0x0E, 0xFF, 0xCF,
    0xF8, 0x00, 0x00, 0x03, 0xFC, 0x01, 0xFE, 0x00, 0x8C, 0x00, 0x61, 0x80, 0x39, 0x80, 0x0F, 0xC0,
    0x03, 0xC0, 0x00, 0x00, 0x00, 0x00, 0x00, 0x70, 0x00, 0x7C, 0x00, 0x3E, 0x00, 0x3B, 0x80, 0x1D,
    0xC0, 0x0E, 0x70, 0x0E, 0x38, 0x07, 0x1C, 0x07, 0x07, 0x03, 0x83, 0x81, 0xFF, 0xE1, 0xFF, 0xF0,
    0xFF, 0xF8, 0xF0, 0x1E, 0x70, 0x07, 0x38, 0x03, 0xFC, 0x01, 0xE0, 0x08, 0x07, 0xF8, 0xFF, 0x00,
    0x83, 0x0C, 0x33, 0x87, 0xE0, 0x78, 0x00, 0x00, 0x01, 0xFE, 0x1F, 0xE0, 0x1C, 0x03, 0xC0, 0x39,
    0xFF, 0x7F, 0xFE, 0x1F, 0x83, 0xF0, 0x7F, 0x0E, 0xFF, 0xCF, 0xF8, 0x06, 0x18, 0x03, 0x98, 0x00,
    0xFC, 0x00, 0x3C, 0x00, 0x00, 0x00, 0x00, 0x00, 0x07, 0x00, 0x07, 0xC0, 0x03, 0xE0, 0x03, 0xB8,
    0x01, 0xDC, 0x00, 0xE7, 0x00, 0xE3, 0x80, 0x71, 0xC0, 0x70, 0x70, 0x38, 0x38, 0x1F, 0xFE, 0x1F,
    0xFF, 0x0F, 0xFF, 0x8F, 0x01, 0xE7, 0x00, 0x73, 0x80, 0x3F, 0xC0, 0x1E, 0x00, 0x00, 0x00, 0xC0,
    0x00, 0xF0, 0x00, 0x78, 0x00, 0x18, 0x00, 0x30, 0xC3, 0x38, 0x7E, 0x07, 0x80, 0x00, 0x00, 0x1F,
    0xE1, 0xFE, 0x01, 0xC0, 0x3C, 0x03, 0x9F, 0xF7, 0xFF, 0xE1, 0xF8, 0x3F, 0x07, 0xF0, 0xEF, 0xFC,
    0xFF, 0x80, 0x00, 0x60, 0x1E, 0x03, 0xC0, 0x30, 0xFF, 0xEF, 0xFE, 0xE0, 0x0E, 0x00, 0xE0, 0x0E,
    0x00, 0xE0, 0x0F, 0xFC, 0xFF, 0xCE, 0x00, 0xE0, 0x0E, 0x00, 0xE0, 0x0E, 0x00, 0xFF, 0xFF, 0xFF,
    0xFF, 0xF0, 0x00, 0x06, 0x00, 0xE0, 0x0F, 0x00, 0x60, 0x1F, 0xC3, 0xFE, 0x78, 0xE7, 0x07, 0xF0,
    0x7F, 0xFF, 0xFF, 0xFE, 0x00, 0xF0, 0x07, 0x00, 0x7C, 0x63, 0xFE, 0x1F, 0xE0, 0x00, 0x02, 0x00,
    0x70, 0x07, 0x00, 0x70, 0x0F, 0x00, 0x30, 0x03, 0x00, 0x60, 0x06, 0x00, 0x00, 0xFF, 0xEF, 0xFE,
    0xE0, 0x0E, 0x00, 0xE0, 0x0E, 0x00, 0xE0, 0x0F, 0xFC, 0xFF, 0xCE, 0x00, 0xE0, 0x0E, 0x00, 0xE0,
    0x0E, 0x00, 0xFF, 0xFF, 0xFF, 0xFF, 0xF0, 0x0E, 0x00, 0xF0, 0x03, 0x00, 0x70, 0x06, 0x00, 0x00,
    0x1F, 0xC3, 0xFE, 0x78, 0xE7, 0x07, 0xF0, 0x7F, 0xFF, 0xFF, 0xFE, 0x00, 0xF0, 0x07, 0x00, 0x7C,
    0x63, 0xFE, 0x1F, 0xE0, 0x1C, 0x43, 0xFC, 0x37, 0xC0, 0x00, 0x00, 0x00, 0x00, 0xFF, 0xEF, 0xFE,
    0xE0, 0x0E, 0x00, 0xE0, 0x0E, 0x00, 0xE0, 0x0F, 0xFC, 0xFF, 0xCE, 0x00, 0xE0, 0x0E, 0x00, 0xE0,
    0x0E, 0x00, 0xFF, 0xFF, 0xFF, 0xFF, 0xF0, 0x00, 0x41, 0xFE, 0x3F, 0xC1, 0x18, 0x00, 0x00, 0x00,
    0x1F, 0xC3, 0xFE, 0x78, 0xE7, 0x07, 0xF0, 0x7F, 0xFF, 0xFF, 0xFE, 0x00, 0xF0, 0x07, 0x00, 0x7C,
    0x63, 0xFE, 0x1F, 0xE0, 0x00, 0x00, 0x01, 0x80, 0x1C, 0x01, 0xC0, 0x7C, 0x07, 0xC0, 0x7E, 0x07,
    0x30, 0x10, 0x00, 0x00, 0x3F, 0xF9, 0xFF, 0xCE, 0x00, 0x70, 0x03, 0x80, 0x1C, 0x00, 0xE0, 0x07,
    0xFE, 0x3F, 0xF1, 0xC0, 0x0E, 0x00, 0x70, 0x03, 0x80, 0x1C, 0x00, 0xFF, 0xF7, 0xFF, 0xBF, 0xFC,
    0x00, 0x10, 0x00, 0xE0, 0x07, 0x80, 0x1C, 0x02, 0xE0, 0x1F, 0x00, 0xDC, 0x06, 0x30, 0x00, 0x00,
    0x00, 0x01, 0xFC, 0x0F, 0xF8, 0x78, 0xE1, 0xC1, 0xCF, 0x07, 0x3F, 0xFC, 0xFF, 0xF3, 0x80, 0x0F,
    0x00, 0x1C, 0x00, 0x7C, 0x60, 0xFF, 0x81, 0xFE, 0x00, 0x00, 0x00, 0x18, 0x01, 0xC0, 0x0E, 0x06,
    0x70, 0xF2, 0x1F, 0x83, 0x98, 0x10, 0x00, 0x00, 0xFF, 0xEF, 0xFE, 0xE0, 0x0E, 0x00, 0xE0, 0x0E,
    0x00, 0xE0, 0x0F, 0xFC, 0xFF, 0xCE, 0x00, 0xE0, 0x0E, 0x00, 0xE0, 0x0E, 0x00, 0xFF, 0xFF, 0xFF,
    0xFF, 0xF0, 0x00, 0x80, 0x1C, 0x01, 0xE0, 0x07, 0x02, 0x30, 0x78, 0x0D, 0xC1, 0x8C, 0x00, 0x00,
    0x00, 0x1F, 0xC3, 0xFE, 0x78, 0xE7, 0x07, 0xF0, 0x7F, 0xFF, 0xFF, 0xFE, 0x00, 0xF0, 0x07, 0x00,
    0x7C, 0x63, 0xFE, 0x1F, 0xE0, 0x01, 0xE0, 0x17, 0x00, 0x70, 0x6E, 0x0F, 0xC1, 0xF8, 0x39, 0x81,
    0x00, 0x00, 0x0F, 0xFE, 0xFF, 0xEE, 0x00, 0xE0, 0x0E, 0x00, 0xE0, 0x0E, 0x00, 0xFF, 0xCF, 0xFC,
    0xE0, 0x0E, 0x00, 0xE0, 0x0E, 0x00, 0xE0, 0x0F, 0xFF, 0xFF, 0xFF, 0xFF, 0x00, 0xF0, 0x01, 0xC0,
    0x1C, 0x04, 0xC0, 0x78, 0x06, 0xE0, 0x63, 0x00, 0x00, 0x00, 0x00, 0xFE, 0x0F, 0xF8, 0xF1, 0xC7,
    0x07, 0x78, 0x3B, 0xFF, 0xDF, 0xFE, 0xE0, 0x07, 0x80, 0x1C, 0x00, 0xF8, 0xC3, 0xFE, 0x0F, 0xF0,
    0x1C, 0xC3, 0xFC, 0x37, 0x80, 0x00, 0x06, 0x00, 0xF0, 0x1F, 0x83, 0x98, 0x10, 0x00, 0x00, 0xFF,
    0xEF, 0xFE, 0xE0, 0x0E, 0x00, 0xE0, 0x0E, 0x00, 0xE0, 0x0F, 0xFC, 0xFF, 0xCE, 0x00, 0xE0, 0x0E,
    0x00, 0xE0, 0x0E, 0x00, 0xFF, 0xFF, 0xFF, 0xFF, 0xF0, 0x1E, 0x63, 0xFC, 0x11, 0x80, 0x00, 0x02,
    0x00, 0x78, 0x0D, 0xC1, 0x8C, 0x00, 0x00, 0x00, 0x1F, 0xC3, 0xFE, 0x78, 0xE7, 0x07, 0xF0, 0x7F,
    0xFF, 0xFF, 0xFE, 0x00, 0xF0, 0x07, 0x00, 0x7C, 0x63, 0xFE, 0x1F, 0xE0, 0x06, 0x00, 0xF0, 0x1F,
    0x83, 0x98, 0x10, 0x00, 0x00, 0xFF, 0xEF, 0xFE, 0xE0, 0x0E, 0x00, 0xE0, 0x0E, 0x00, 0xE0, 0x0F,
    0xFC, 0xFF, 0xCE, 0x00, 0xE0, 0x0E, 0x00, 0xE0, 0x0E, 0x00, 0xFF, 0xFF, 0xFF, 0xFF, 0xF0, 0x00,
    0x06, 0x00, 0xE0, 0x0F, 0x00, 0x60, 0x02, 0x00, 0x78, 0x0D, 0xC1, 0x8C, 0x00, 0x00, 0x00, 0x1F,
    0xC3, 0xFE, 0x78, 0xE7, 0x07, 0xF0, 0x7F, 0xFF, 0xFF, 0xFE, 0x00, 0xF0, 0x07, 0x00, 0x7C, 0x63,
    0xFE, 0x1F, 0xE0, 0x00, 0x02, 0x00, 0x70, 0x07, 0x00, 0x70, 0xF5, 0xCE, 0xE6, 0x01, 0xCE, 0x73,
    0x9C, 0xE7, 0x39, 0xCE, 0x73, 0x9C, 0xE7, 0x39, 0xC0, 0xE7, 0xCE, 0xE6, 0x01, 0xCE, 0x73, 0x9C,
    0xE7, 0x39, 0xCE, 0x73, 0x9C, 0xEE, 0xEE, 0xEE, 0xEE, 0xEE, 0xEE, 0xEE, 0xEE, 0xE0, 0x6E, 0xFE,
    0xCE, 0xEE, 0x00, 0xEE, 0xEE, 0xEE, 0xEE, 0xEE, 0xEE, 0xE0, 0x6F, 0xF6, 0x01, 0xE0, 0x07, 0xFC,
    0x07, 0xFF, 0x87, 0xC3, 0xE3, 0x80, 0xF3, 0xC0, 0x3D, 0xC0, 0x1E, 0xE0, 0x07, 0xF0, 0x03, 0xF8,
    0x01, 0xFC, 0x00, 0xEE, 0x00, 0x77, 0x00, 0x7B, 0xC0, 0x38, 0xF0, 0x3C, 0x7E, 0xFC, 0x1F, 0xFC,
    0x03, 0xFC, 0x00, 0x00, 0x00, 0x18, 0x00, 0x1E, 0x00, 0x0F, 0x00, 0x03, 0x00, 0x1F, 0xC1, 0xFF,
    0x1E, 0x3C, 0xE0, 0xEF, 0x07, 0xF0, 0x1F, 0x80, 0xFC, 0x07, 0xF0, 0x7B, 0x83, 0x9F, 0x3C, 0x7F,
    0xC1, 0xFC, 0x00, 0x00, 0x0C, 0x00, 0xF0, 0x07, 0x80, 0x18, 0x00, 0x01, 0xE0, 0x00, 0xF0, 0x00,
    0x18, 0x00, 0x18, 0x00, 0x0C, 0x00, 0x0F, 0x00, 0x3F, 0xE0, 0x3F, 0xFC, 0x3E, 0x1F, 0x1C, 0x07,
    0x9E, 0x01, 0xEE, 0x00, 0xF7, 0x00, 0x3F, 0x80, 0x1F, 0xC0, 0x0F, 0xE0, 0x07, 0x70, 0x03, 0xB8,
    0x03, 0xDE, 0x01, 0xC7, 0x81, 0xE3, 0xF7, 0xE0, 0xFF, 0xE0, 0x1F, 0xE0, 0x07, 0x00, 0x7C, 0x00,
    0x60, 0x06, 0x00, 0x20, 0x00, 0x00, 0x7F, 0x07, 0xFC, 0x78, 0xF3, 0x83, 0xBC, 0x1F, 0xC0, 0x7E,
    0x03, 0xF0, 0x1F, 0xC1, 0xEE, 0x0E, 0x7C, 0xF1, 0xFF, 0x07, 0xF0, 0x00, 0x00, 0x00, 0x03, 0x00,
    0x03, 0x80, 0x03, 0x80, 0x0F, 0x80, 0x0F, 0x80, 0x0F, 0xC0, 0x06, 0x60, 0x00, 0x10, 0x00, 0xF0,
    0x03, 0xFE, 0x03, 0xFF, 0xC3, 0xE1, 0xF1, 0xC0, 0x79, 0xE0, 0x1E, 0xE0, 0x0F, 0x70, 0x03, 0xF8,
    0x01, 0xFC, 0x00, 0xFE, 0x00, 0x77, 0x00, 0x3B, 0x80, 0x3D, 0xE0, 0x1C, 0x78, 0x1E, 0x3F, 0x7E,
    0x0F, 0xFE, 0x01, 0xFE, 0x00, 0x00, 0x10, 0x00, 0xE0, 0x03, 0x80, 0x1C, 0x03, 0xE0, 0x1F, 0x00,
    0xFC, 0x06, 0x30, 0x00, 0x00, 0x00, 0x01, 0xFC, 0x0F, 0xF8, 0x78, 0xF1, 0xC1, 0xCF, 0x07, 0xB8,
    0x0E, 0xE0, 0x3B, 0x80, 0xEF, 0x07, 0x9C, 0x1C, 0x7C, 0xF0, 0xFF, 0x81, 0xFC, 0x00, 0x00, 0x30,
    0x00, 0x38, 0x00, 0x0E, 0x00, 0x03, 0x80, 0x0C, 0xC0, 0x0F, 0x00, 0x0F, 0xC0, 0x06, 0x60, 0x00,
    0x10, 0x00, 0xF0, 0x03, 0xFE, 0x03, 0xFF, 0xC3, 0xE1, 0xF1, 0xC0, 0x79, 0xE0, 0x1E, 0xE0, 0x0F,
    0x70, 0x03, 0xF8, 0x01, 0xFC, 0x00, 0xFE, 0x00, 0x77, 0x00, 0x3B, 0x80, 0x3D, 0xE0, 0x1C, 0x78,
    0x1E, 0x3F, 0x7E, 0x0F, 0xFE, 0x01, 0xFE, 0x00, 0x00, 0x80, 0x0E, 0x00, 0x38, 0x00, 0xE0, 0x33,
    0x03, 0xC0, 0x3F, 0x03, 0x18, 0x00, 0x00, 0x00, 0x07, 0xF0, 0x7F, 0xC7, 0x8F, 0x38, 0x3B, 0xC1,
    0xFC, 0x07, 0xE0, 0x3F, 0x01, 0xFC, 0x1E, 0xE0, 0xE7, 0xCF, 0x1F, 0xF0, 0x7F, 0x00, 0x00, 0x3C,
    0x00, 0x07, 0x00, 0x03, 0x80, 0x1B, 0x00, 0x1E, 0x00, 0x1F, 0x80, 0x0C, 0xC0, 0x00, 0x20, 0x01,
    0xE0, 0x07, 0xFC, 0x07, 0xFF, 0x87, 0xC3, 0xE3, 0x80, 0xF3, 0xC0, 0x3D, 0xC0, 0x1E, 0xE0, 0x07,
    0xF0, 0x03, 0xF8, 0x01, 0xFC, 0x00, 0xEE, 0x00, 0x77, 0x00, 0x7B, 0xC0, 0x38, 0xF0, 0x3C, 0x7E,
    0xFC, 0x1F, 0xFC, 0x03, 0xFC, 0x00, 0x00, 0xF0, 0x07, 0xC0, 0x0E, 0x06, 0xE0, 0x7E, 0x07, 0xE0,
    0x63, 0x00, 0x00, 0x00, 0x00, 0xFE, 0x0F, 0xF8, 0xF1, 0xE7, 0x07, 0x78, 0x3F, 0x80, 0xFC, 0x07,
    0xE0, 0x3F, 0x83, 0xDC, 0x1C, 0xF9, 0xE3, 0xFE, 0x0F, 0xE0, 0x01, 0x00, 0x03, 0xFC, 0x01, 0xFE,
    0x00, 0x04, 0x00, 0x0C, 0x00, 0x0F, 0x00, 0x0F, 0xC0, 0x06, 0x60, 0x00, 0x10, 0x00, 0xF0, 0x03,
    0xFE, 0x03, 0xFF, 0xC3, 0xE1, 0xF1, 0xC0, 0x79, 0xE0, 0x1E, 0xE0, 0x0F, 0x70, 0x03, 0xF8, 0x01,
    0xFC, 0x00, 0xFE, 0x00, 0x77, 0x00, 0x3B, 0x80, 0x3D, 0xE0, 0x1C, 0x78, 0x1E, 0x3F, 0x7E, 0x0F,
    0xFE, 0x01, 0xFE, 0x00, 0x0C, 0x40, 0xFF, 0x0F, 0xF0, 0x00, 0x00, 0x30, 0x03, 0xC0, 0x3F, 0x03,
    0x18, 0x00, 0x00, 0x00, 0x07, 0xF0, 0x7F, 0xC7, 0x8F, 0x38, 0x3B, 0xC1, 0xFC, 0x07, 0xE0, 0x3F,
    0x01, 0xFC, 0x1E, 0xE0, 0xE7, 0xCF, 0x1F, 0xF0, 0x7F, 0x00, 0x00, 0x00, 0x00, 0x60, 0x00, 0x78,
    0x00, 0x76, 0x00, 0x21, 0x00, 0x00, 0x00, 0x07, 0x80, 0x1F, 0xF0, 0x1F, 0xFE, 0x1F, 0x0F, 0x8E,
    0x03, 0xCF, 0x00, 0xF7, 0x00, 0x7B, 0x80, 0x1F, 0xC0, 0x0F, 0xE0, 0x07, 0xF0, 0x03, 0xB8, 0x01,
    0xDC, 0x01, 0xEF, 0x00, 0xE3, 0xC0, 0xF1, 0xFB, 0xF0, 0x7F, 0xF0, 0x0F, 0xF0, 0x00, 0x00, 0x00,
    0x60, 0x00, 0x78, 0x00, 0x3C, 0x00, 0x0C, 0x00, 0x03, 0x00, 0x3C, 0x03, 0xF0, 0x31, 0x80, 0x00,
    0x00, 0x00, 0x7F, 0x07, 0xFC, 0x78, 0xF3, 0x83, 0xBC, 0x1F, 0xC0, 0x7E, 0x03, 0xF0, 0x1F, 0xC1,
    0xEE, 0x0E, 0x7C, 0xF1, 0xFF, 0x07, 0xF0, 0x00, 0x00, 0x30, 0x03, 0xC0, 0x1E, 0x00, 0x60, 0x00,
    0x60, 0x00, 0x38, 0x00, 0x38, 0x00, 0x38, 0x00, 0x18, 0x38, 0x00, 0x1C, 0x07, 0x0E, 0x1F, 0xF7,
    0x1F, 0xFF, 0x1F, 0x0F, 0x8E, 0x03, 0xCF, 0x00, 0xF7, 0x00, 0x7B, 0x80, 0x1F, 0xC0, 0x0F, 0xE0,
    0x07, 0xF0, 0x03, 0xB8, 0x01, 0xDC, 0x01, 0xEF, 0x00, 0xE3, 0xC0, 0xF1, 0xFB, 0xF0, 0x7F, 0xF0,
    0x0F, 0xF0, 0x01, 0x00, 0x0F, 0x00, 0x78, 0x01, 0xC0, 0x0E, 0x1C, 0x10, 0x70, 0x01, 0xC7, 0xF6,
    0x3F, 0xF9, 0xE3, 0xC7, 0x07, 0x3C, 0x1E, 0xE0, 0x3B, 0x80, 0xEE, 0x03, 0xBC, 0x1E, 0x70, 0x71,
    0xF3, 0xC3, 0xFE, 0x07, 0xF0, 0x00, 0x80, 0x01, 0xE0, 0x00, 0x70, 0x00, 0x1C, 0x00, 0x07, 0x38,
    0x00, 0x1C, 0x07, 0x0E, 0x1F, 0xF7, 0x1F, 0xFF, 0x1F, 0x0F, 0x8E, 0x03, 0xCF, 0x00, 0xF7, 0x00,
    0x7B, 0x80, 0x1F, 0xC0, 0x0F, 0xE0, 0x07, 0xF0, 0x03, 0xB8, 0x01, 0xDC, 0x01, 0xEF, 0x00, 0xE3,
    0xC0, 0xF1, 0xFB, 0xF0, 0x7F, 0xF0, 0x0F, 0xF0, 0x04, 0x00, 0x38, 0x00, 0x70, 0x00, 0xE0, 0x01,
    0x9C, 0x00, 0x70, 0x01, 0xC7, 0xF6, 0x3F, 0xF9, 0xE3, 0xC7, 0x07, 0x3C, 0x1E, 0xE0, 0x3B, 0x80,
    0xEE, 0x03, 0xBC, 0x1E, 0x70, 0x71, 0xF3, 0xC3, 0xFE, 0x07, 0xF0, 0x01, 0xE0, 0x00, 0xF0, 0x00,
    0x18, 0x00, 0x18, 0x70, 0x0C, 0x38, 0x0E, 0x1C, 0x3F, 0xEE, 0x3F, 0xFE, 0x3E, 0x1F, 0x1C, 0x07,
    0x9E, 0x01, 0xEE, 0x00, 0xF7, 0x00, 0x3F, 0x80, 0x1F, 0xC0, 0x0F, 0xE0, 0x07, 0x70, 0x03, 0xB8,
    0x03, 0xDE, 0x01, 0xC7, 0x81, 0xE3, 0xF7, 0xE0, 0xFF, 0xE0, 0x1F, 0xE0, 0x07, 0x00, 0x3E, 0x00,
    0x18, 0x00, 0xC7, 0x02, 0x1C, 0x00, 0x71, 0xFD, 0x8F, 0xFE, 0x78, 0xF1, 0xC1, 0xCF, 0x07, 0xB8,
    0x0E, 0xE0, 0x3B, 0x80, 0xEF, 0x07, 0x9C, 0x1C, 0x7C, 0xF0, 0xFF, 0x81, 0xFC, 0x00, 0x00, 0x00,
    0x01, 0xEC, 0x01, 0xFE, 0x00, 0x86, 0x70, 0x00, 0x38, 0x0E, 0x1C, 0x3F, 0xEE, 0x3F, 0xFE, 0x3E,
    0x1F, 0x1C, 0x07, 0x9E, 0x01, 0xEE, 0x00, 0xF7, 0x00, 0x3F, 0x80, 0x1F, 0xC0, 0x0F, 0xE0, 0x07,
    0x70, 0x03, 0xB8, 0x03, 0xDE, 0x01, 0xC7, 0x81, 0xE3, 0xF7, 0xE0, 0xFF, 0xE0, 0x1F, 0xE0, 0x00,
    0x40, 0x7F, 0x81, 0xFC, 0x04, 0x67, 0x00, 0x1C, 0x00, 0x71, 0xFD, 0x8F, 0xFE, 0x78, 0xF1, 0xC1,
    0xCF, 0x07, 0xB8, 0x0E, 0xE0, 0x3B, 0x80, 0xEF, 0x07, 0x9C, 0x1C, 0x7C, 0xF0, 0xFF, 0x81, 0xFC,
    0x00, 0x00, 0x03, 0x80, 0x01, 0xC0, 0x70, 0xE1, 0xFF, 0x71, 0xFF, 0xF1, 0xF0, 0xF8, 0xE0, 0x3C,
    0xF0, 0x0F, 0x70, 0x07, 0xB8, 0x01, 0xFC, 0x00, 0xFE, 0x00, 0x7F, 0x00, 0x3B, 0x80, 0x1D, 0xC0,
    0x1E, 0xF0, 0x0E, 0x3C, 0x0F, 0x1F, 0xBF, 0x07, 0xFF, 0x00, 0xFF, 0x00, 0x00, 0x00, 0x06, 0x00,
    0x07, 0x80, 0x03, 0xC0, 0x00, 0xC0, 0x00, 0x00, 0x1C, 0x00, 0x70, 0x01, 0xC7, 0xF6, 0x3F, 0xF9,
    0xE3, 0xC7, 0x07, 0x3C, 0x1E, 0xE0, 0x3B, 0x80, 0xEE, 0x03, 0xBC, 0x1E, 0x70, 0x71, 0xF3, 0xC3,
    0xFE, 0x07, 0xF0, 0x00, 0x00, 0x0C, 0x00, 0x78, 0x01, 0xE0, 0x03, 0x00, 0xE0, 0x1F, 0x80, 0x7E,
    0x01, 0xF8, 0x07, 0xE0, 0x1F, 0x80, 0x7E, 0x01, 0xF8, 0x07, 0xE0, 0x1F, 0x80, 0x7E, 0x01, 0xF8,
    0x0F, 0xF0, 0x39, 0xC0, 0xE7, 0xDF, 0x8F, 0xFC, 0x1F, 0xE0, 0x00, 0x00, 0x30, 0x01, 0xE0, 0x07,
    0x80, 0x0C, 0x00, 0xE0, 0xFC, 0x1F, 0x83, 0xF0, 0x7E, 0x0F, 0xC1, 0xF8, 0x3F, 0x07, 0xE0, 0xFC,
    0x1F, 0xE3, 0xBF, 0xF3, 0xFE, 0x00, 0x01, 0x80, 0x70, 0x0E, 0x01, 0xC0, 0x07, 0x80, 0x1E, 0x00,
    0x18, 0x00, 0xC0, 0x03, 0x00, 0x00, 0x0E, 0x01, 0xF8, 0x07, 0xE0, 0x1F, 0x80, 0x7E, 0x01, 0xF8,
    0x07, 0xE0, 0x1F, 0x80, 0x7E, 0x01, 0xF8, 0x07, 0xE0, 0x1F, 0x80, 0xFF, 0x03, 0x9C, 0x0E, 0x7D,
    0xF8, 0xFF, 0xC1, 0xFE, 0x00, 0x1C, 0x03, 0xE0, 0x0C, 0x07, 0x00, 0xC0, 0x00, 0x38, 0x3F, 0x07,
    0xE0, 0xFC, 0x1F, 0x83, 0xF0, 0x7E, 0x0F, 0xC1, 0xF8, 0x3F, 0x07, 0xF8, 0xEF, 0xFC, 0xFF, 0x80,
    0x01, 0x80, 0x00, 0xE0, 0x00, 0xE0, 0x00, 0xE0, 0x00, 0x60, 0x38, 0x00, 0x1C, 0x00, 0x1F, 0xC0,
    0x3E, 0xE0, 0x1E, 0x70, 0x0E, 0x38, 0x07, 0x1C, 0x03, 0x8E, 0x01, 0xC7, 0x00, 0xE3, 0x80, 0x71,
    0xC0, 0x38, 0xE0, 0x1C, 0x70, 0x0E, 0x38, 0x0F, 0x1E, 0x07, 0x07, 0x03, 0x83, 0xEF, 0xC0, 0xFF,
    0xC0, 0x3F, 0xC0, 0x02, 0x00, 0x1C, 0x00, 0xE0, 0x07, 0x00, 0x18, 0x1C, 0x00, 0x70, 0x01, 0xF8,
    0x3E, 0xE0, 0xF3, 0x83, 0x8E, 0x0E, 0x38, 0x38, 0xE0, 0xE3, 0x83, 0x8E, 0x0E, 0x38, 0x38, 0xE0,
    0xE3, 0xE3, 0x87, 0xFE, 0x0F, 0xF8, 0x06, 0x00, 0x07, 0x00, 0x01, 0xC0, 0x00, 0x70, 0x00, 0x1C,
    0x38, 0x00, 0x1C, 0x00, 0x1F, 0xC0, 0x3E, 0xE0, 0x1E, 0x70, 0x0E, 0x38, 0x07, 0x1C, 0x03, 0x8E,
    0x01, 0xC7, 0x00, 0xE3, 0x80, 0x71, 0xC0, 0x38, 0xE0, 0x1C, 0x70, 0x0E, 0x38, 0x0F, 0x1E, 0x07,
    0x07, 0x03, 0x83, 0xEF, 0xC0, 0xFF, 0xC0, 0x3F, 0xC0, 0x08, 0x00, 0x70, 0x00, 0xE0, 0x01, 0xC0,
    0x03, 0x1C, 0x00, 0x70, 0x01, 0xF8, 0x3E, 0xE0, 0xF3, 0x83, 0x8E, 0x0E, 0x38, 0x38, 0xE0, 0xE3,
    0x83, 0x8E, 0x0E, 0x38, 0x38, 0xE0, 0xE3, 0xE3, 0x87, 0xFE, 0x0F, 0xF8, 0x07, 0x00, 0x03, 0xC0,
    0x00, 0x60, 0x00, 0x60, 0x70, 0x20, 0x38, 0x00, 0x3F, 0x80, 0x7D, 0xC0, 0x3C, 0xE0, 0x1C, 0x70,
    0x0E, 0x38, 0x07, 0x1C, 0x03, 0x8E, 0x01, 0xC7, 0x00, 0xE3, 0x80, 0x71, 0xC0, 0x38, 0xE0, 0x1C,
    0x70, 0x1E, 0x3C, 0x0E, 0x0E, 0x07, 0x07, 0xDF, 0x81, 0xFF, 0x80, 0x7F, 0x80, 0x1C, 0x00, 0x7C,
    0x00, 0x70, 0x03, 0x87, 0x0C, 0x1C, 0x00, 0x7E, 0x0F, 0xB8, 0x3C, 0xE0, 0xE3, 0x83, 0x8E, 0x0E,
    0x38, 0x38, 0xE0, 0xE3, 0x83, 0x8E, 0x0E, 0x38, 0x38, 0xF8, 0xE1, 0xFF, 0x83, 0xFE, 0x00, 0x00,
    0x00, 0x07, 0xB0, 0x07, 0xF8, 0x02, 0x38, 0x70, 0x00, 0x38, 0x00, 0x3F, 0x80, 0x7D, 0xC0, 0x3C,
    0xE0, 0x1C, 0x70, 0x0E, 0x38, 0x07, 0x1C, 0x03, 0x8E, 0x01, 0xC7, 0x00, 0xE3, 0x80, 0x71, 0xC0,
    0x38, 0xE0, 0x1C, 0x70, 0x1E, 0x3C, 0x0E, 0x0E, 0x07, 0x07, 0xDF, 0x81, 0xFF, 0x80, 0x7F, 0x80,
    0x00, 0x80, 0xFF, 0x07, 0xF8, 0x08, 0xC7, 0x00, 0x1C, 0x00, 0x7E, 0x0F, 0xB8, 0x3C, 0xE0, 0xE3,
    0x83, 0x8E, 0x0E, 0x38, 0x38, 0xE0, 0xE3, 0x83, 0x8E, 0x0E, 0x38, 0x38, 0xF8, 0xE1, 0xFF, 0x83,
    0xFE, 0x00, 0x00, 0x03, 0x80, 0x01, 0xC0, 0x01, 0xFC, 0x03, 0xEE, 0x01, 0xE7, 0x00, 0xE3, 0x80,
    0x71, 0xC0, 0x38, 0xE0, 0x1C, 0x70, 0x0E, 0x38, 0x07, 0x1C, 0x03, 0x8E, 0x01, 0xC7, 0x00, 0xE3,
    0x80, 0xF1, 0xE0, 0x70, 0x70, 0x38, 0x3E, 0xFC, 0x0F, 0xFC, 0x03, 0xFC, 0x00, 0x00, 0x00, 0x18,
    0x00, 0x1E, 0x00, 0x0F, 0x00, 0x03, 0x00, 0x00, 0x00, 0x1C, 0x00, 0x70, 0x01, 0xF8, 0x3E, 0xE0,
    0xF3, 0x83, 0x8E, 0x0E, 0x38, 0x38, 0xE0, 0xE3, 0x83, 0x8E, 0x0E, 0x38, 0x38, 0xE0, 0xE3, 0xE3,
    0x87, 0xFE, 0x0F, 0xF8, 0x00, 0x00, 0x18, 0x00, 0xE0, 0x03, 0x80, 0x0E, 0x00, 0x04, 0x00, 0x3C,
    0x00, 0x38, 0x00, 0x38, 0x00, 0x38, 0x00, 0x20, 0x00, 0x00, 0x78, 0x0F, 0x70, 0x1C, 0xF0, 0x78,
    0xE0, 0xE1, 0xE3, 0xC1, 0xC7, 0x01, 0xDC, 0x03, 0xB8, 0x03, 0xE0, 0x07, 0xC0, 0x07, 0x00, 0x0E,
    0x00, 0x1C, 0x00, 0x38, 0x00, 0x70, 0x00, 0xE0, 0x01, 0xC0, 0x08, 0x00, 0xE0, 0x03, 0x80, 0x0E,
    0x00, 0x38, 0x00, 0x80, 0x00, 0x1C, 0x07, 0xF0, 0x7B, 0x83, 0x9C, 0x1C, 0xF1, 0xE3, 0x8E, 0x1C,
    0x70, 0xF7, 0x83, 0xB8, 0x1D, 0xC0, 0xFE, 0x03, 0xE0, 0x1F, 0x00, 0xF0, 0x07, 0x81, 0xF8, 0x1F,
    0x80, 0xF8, 0x00, 0x70, 0x0E, 0x78, 0x1E, 0x38, 0x1C, 0x3C, 0x3C, 0x1C, 0x38, 0x1E, 0x70, 0x0E,
    0xF0, 0x07, 0xE0, 0x07, 0xE0, 0x03, 0xC0, 0x03, 0x80, 0x03, 0x80, 0x03, 0x80, 0x03, 0x80, 0x03,
    0x80, 0x03, 0x80, 0x03, 0x80, 0x00, 0x00, 0x01, 0x80, 0x03, 0xC0, 0x03, 0xC0, 0x01, 0x80, 0xF0,
    0x7B, 0x83, 0x9C, 0x1C, 0xF0, 0xE3, 0x8E, 0x1C, 0x70, 0x73, 0x83, 0xB8, 0x1D, 0xC0, 0x7E, 0x03,
    0xE0, 0x0F, 0x00, 0x70, 0x03, 0x80, 0x38, 0xDF, 0xCF, 0xFC, 0x7B, 0x81, 0x80, 0x03, 0xC0, 0x03,
    0xC0, 0x00, 0xC0, 0x01, 0x80, 0x01, 0x80, 0x00, 0x00, 0x70, 0x0E, 0x78, 0x1E, 0x38, 0x1C, 0x3C,
    0x3C, 0x1C, 0x38, 0x1E, 0x70, 0x0E, 0xF0, 0x07, 0xE0, 0x07, 0xE0, 0x03, 0xC0, 0x03, 0x80, 0x03,
    0x80, 0x03, 0x80, 0x03, 0x80, 0x03, 0x80, 0x03, 0x80, 0x03, 0x80, 0x07, 0x00, 0x7C, 0x00, 0x60,
    0x06, 0x00, 0x20, 0x00, 0x03, 0xC1, 0xEE, 0x0E, 0x70, 0x73, 0xC3, 0x8E, 0x38, 0x71, 0xC1, 0xCE,
    0x0E, 0xE0, 0x77, 0x01, 0xF8, 0x0F, 0x80, 0x3C, 0x01, 0xC0, 0x0E, 0x00, 0xE0, 0x7F, 0x03, 0xF0,
    0x0E, 0x00, 0x07, 0x10, 0x0F, 0xF0, 0x0D, 0xE0, 0x00, 0x00, 0x00, 0x00, 0x00, 0x00, 0x70, 0x0E,
    0x78, 0x1E, 0x38, 0x1C, 0x3C, 0x3C, 0x1C, 0x38, 0x1E, 0x70, 0x0E, 0xF0, 0x07, 0xE0, 0x07, 0xE0,
    0x03, 0xC0, 0x03, 0x80, 0x03, 0x80, 0x03, 0x80, 0x03, 0x80, 0x03, 0x80, 0x03, 0x80, 0x03, 0x80,
    0x00, 0x40, 0xFF, 0x07, 0xF0, 0x23, 0x00, 0x00, 0x00, 0x03, 0xC1, 0xEE, 0x0E, 0x70, 0x73, 0xC3,
    0x8E, 0x38, 0x71, 0xC1, 0xCE, 0x0E, 0xE0, 0x77, 0x01, 0xF8, 0x0F, 0x80, 0x3C, 0x01, 0xC0, 0x0E,
    0x00, 0xE0, 0x7F, 0x03, 0xF0, 0x0E, 0x00, 0x00, 0x00, 0xFF, 0xFF, 0xE0, 0x85, 0x23, 0x0C, 0x6A,
    0x92, 0x08, 0x20, 0x82, 0x08, 0x20, 0x82, 0x08, 0x20, 0x82, 0x00, 0x20, 0xBF, 0x2A, 0x42, 0x10,
    0x84, 0x21, 0x08, 0x42, 0x10, 0x84, 0x00, 0x22, 0x3E, 0x92, 0x84, 0x21, 0x08, 0x42, 0x10, 0x84,
    0x21, 0x08, 0x40, 0xFF, 0xF0, 0xFF, 0xF0, 0xFF, 0xFF, 0xFF, 0xFF, 0xFE, 0xFF, 0xFF, 0xFF, 0xFF,
    0xFF, 0xFF, 0xFF, 0xFF, 0xFF, 0xE0, 0xFF, 0xFF, 0xFF, 0xFF, 0xFF, 0xFF, 0xFF, 0xFF, 0xFF, 0xE0,
    0x37, 0x6E, 0xEE, 0xE0, 0x77, 0x77, 0x6E, 0xC0, 0x77, 0x76, 0xE4, 0x31, 0xB9, 0xD8, 0xDC, 0xEE,
    0x77, 0x3B, 0x9C, 0x73, 0xB9, 0xDC, 0xEE, 0x76, 0x37, 0x3B, 0x18, 0x73, 0xB9, 0xDC, 0xEC, 0x6E,
    0x72, 0x10, 0x0E, 0x01, 0xC0, 0x38, 0x07, 0x00, 0xE0, 0x1C, 0x3F, 0xFF, 0xFF, 0xFF, 0xE1, 0xC0,
    0x38, 0x07, 0x00, 0xE0, 0x1C, 0x03, 0x80, 0x70, 0x0E, 0x01, 0xC0, 0x38, 0x07, 0x00, 0xE0, 0x1C,
    0x00, 0x0E, 0x01, 0xC0, 0x38, 0x07, 0x00, 0xE0, 0x1C, 0x3F, 0xFF, 0xFF, 0xFF, 0xE1, 0xC0, 0x38,
    0x07, 0x0F, 0xFF, 0xFF, 0xFF, 0xF8, 0x70, 0x0E, 0x01, 0xC0, 0x38, 0x07, 0x00, 0xE0, 0x1C, 0x00,
    0x38, 0xFB, 0xFF, 0xFF, 0xEF, 0x8E, 0x00, 0xC0, 0xC1, 0xB8, 0x70, 0x7C, 0x0C, 0x18, 0x00, 0x3E,
    0x0F, 0x00, 0x01, 0xFC, 0x38, 0x00, 0x0F, 0x79, 0xE0, 0x00, 0x38, 0xE7, 0x00, 0x00, 0xE3, 0xBC,
    0x00, 0x03, 0x8E, 0xE0, 0x00, 0x0F, 0x7F, 0x80, 0x00, 0x1F, 0xDC, 0x00, 0x00, 0x3E, 0xF7, 0xC1,
    0xF0, 0x03, 0xBF, 0x8F, 0xE0, 0x1F, 0xEF, 0x7B, 0xC0, 0x77, 0x1D, 0xC7, 0x03, 0xDC, 0x77, 0x1C,
    0x0E, 0x71, 0xDC, 0x70, 0x79, 0xEF, 0x7B, 0xC1, 0xC3, 0xF8, 0xFE, 0x0F, 0x07, 0xC1, 0xF0, 0x0C,
    0x3C, 0x71, 0xE7, 0x9E, 0x3C, 0x3C, 0x3C, 0x38, 0x78, 0x60, 0x61, 0xE1, 0xC3, 0xC3, 0xC3, 0xC7,
    0x9E, 0x78, 0xE3, 0xC3, 0x00, 0x00, 0x70, 0x0E, 0x00, 0xE0, 0x1C, 0x01, 0xC0, 0x38, 0x07, 0x80,
    0x70, 0x0F, 0x00, 0xE0, 0x1E, 0x01, 0xC0, 0x38, 0x03, 0x80, 0x70, 0x07, 0x00, 0xE0, 0x00, 0x4E,
    0xE4, 0x00, 0x0E, 0xE6, 0x66, 0x30, 0x3E, 0x3F, 0xBD, 0xFC, 0x7E, 0x3F, 0x1F, 0x8F, 0xEF, 0x7F,
    0x1F, 0x00, 0x0F, 0x07, 0x87, 0xC6, 0xE6, 0x76, 0x3B, 0xFF, 0xFF, 0x07, 0x03, 0x80, 0x3F, 0x3F,
    0x38, 0x70, 0x7E, 0x7F, 0x07, 0x87, 0xFF, 0x7C, 0x0E, 0x3E, 0x78, 0xE0, 0xFE, 0xFF, 0xE7, 0xE7,
    0x7F, 0x3C, 0xFF, 0xFF, 0x07, 0x0E, 0x1C, 0x38, 0x38, 0x38, 0x70, 0x70, 0x3C, 0xFF, 0xE7, 0xE7,
    0xFE, 0x7E, 0xE7, 0xE7, 0xFF, 0x7E, 0x3C, 0xFE, 0xE7, 0xE7, 0xFF, 0x7F, 0x07, 0x0E, 0x7C, 0x78,
    0x3E, 0x3F, 0xBD, 0xFC, 0x7E, 0x3F, 0x1F, 0x8F, 0xEF, 0x7F, 0x1F, 0x00, 0x1D, 0xFF, 0xF7, 0x1C,
    0x71, 0xC7, 0x1C, 0x70, 0x3E, 0xFF, 0x47, 0x07, 0x0E, 0x1C, 0x78, 0x60, 0xFF, 0xFF, 0x7E, 0xFF,
    0x47, 0x07, 0x3E, 0x3E, 0x07, 0x87, 0xFF, 0x7C, 0x0F, 0x07, 0x87, 0xC6, 0xE6, 0x76, 0x3B, 0xFF,
    0xFF, 0x07, 0x03, 0x80, 0x3F, 0x3F, 0x38, 0x70, 0x7E, 0x7F, 0x07, 0x87, 0xFF, 0x7C, 0x0E, 0x3E,
    0x78, 0xE0, 0xFE, 0xFF, 0xE7, 0xE7, 0x7F, 0x3C, 0xFF, 0xFF, 0x07, 0x0E, 0x1C, 0x38, 0x38, 0x38,
    0x70, 0x70, 0x3C, 0xFF, 0xE7, 0xE7, 0xFE, 0x7E, 0xE7, 0xE7, 0xFF, 0x7E, 0x3C, 0xFE, 0xE7, 0xE7,
    0xFF, 0x7F, 0x07, 0x0E, 0x7C, 0x78, 0xFF, 0x83, 0xFF, 0xC3, 0xC0, 0xE3, 0xC0, 0x63, 0xC6, 0x63,
    0xC6, 0x63, 0xC6, 0x63, 0xC6, 0x63, 0xC6, 0x63, 0xC6, 0x63, 0xC6, 0x63, 0xC6, 0x07, 0xC6, 0x0E,
    0xC7, 0xFE, 0xC7, 0xF8, 0x03, 0xF0, 0x7F, 0xC7, 0xFE, 0x3C, 0x23, 0xC0, 0x7F, 0xF3, 0xFF, 0x87,
    0x00, 0x38, 0x07, 0xFE, 0x3F, 0xF0, 0x70, 0x01, 0xC0, 0x0F, 0x08, 0x3F, 0xE1, 0xFF, 0x03, 0xF0,
    0xFF, 0xFF, 0xFF, 0xFF, 0xFE, 0x0E, 0x00, 0x70, 0x03, 0xF0, 0x1F, 0x81, 0xF0, 0x3F, 0x01, 0xBA,
    0x01, 0xF8, 0x0F, 0x81, 0xF0, 0x1F, 0x80, 0x5C, 0x00, 0xE0, 0x07, 0x00, 0x1F, 0x83, 0xFC, 0x3F,
    0xE1, 0x0E, 0x00, 0xEF, 0xFF, 0xFF, 0xF0, 0x78, 0x0F, 0x01, 0xE0, 0xFF, 0xFF, 0xFF, 0x70, 0x07,
    0x82, 0x7F, 0xF3, 0xFF, 0x0F, 0xC0, 0xFF, 0xFF, 0xFF, 0xC0, 0xE0, 0x03, 0x8F, 0xFF, 0x7F, 0xF8,
    0x07, 0x00, 0x70, 0xFF, 0x07, 0xE0, 0x3C, 0x00, 0xF0, 0x03, 0xC0, 0x0F, 0x00, 0x38, 0x01, 0xE0,
    0x07, 0x80, 0x1F, 0x81, 0xFE, 0x0F, 0xF8, 0x41, 0xE0, 0x07, 0x00, 0x3C, 0x00, 0xE1, 0xF7, 0x3F,
    0xFB, 0xFF, 0xDE, 0x1F, 0xE0, 0x7E, 0x03, 0xF0, 0x1F, 0x81, 0xDC, 0x0E, 0xF0, 0xF3, 0xFF, 0x0F,
    0xF0, 0x3E, 0x00, 0x00, 0xE0, 0x00, 0x3E, 0x00, 0x07, 0xC0, 0x01, 0xFC, 0x00, 0x3B, 0x80, 0x0F,
    0x78, 0x01, 0xC7, 0x00, 0x78, 0xF0, 0x0E, 0x0E, 0x03, 0xC1, 0xE0, 0x70, 0x1C, 0x0E, 0x03, 0x83,
    0xC0, 0x78, 0x70, 0x07, 0x1F, 0xFF, 0xF3, 0xFF, 0xFE, 0x7F, 0xFF, 0xC0, 0xFF, 0xFF, 0xFF, 0xFF,
    0xFF, 0xF8, 0x07, 0xE0, 0x1F, 0x80, 0x7E, 0x01, 0xF8, 0x07, 0xE0, 0x1F, 0x80, 0x7E, 0x01, 0xF8,
    0x07, 0xE0, 0x1F, 0x80, 0x7E, 0x01, 0xF8, 0x07, 0xE0, 0x1F, 0x80, 0x7E, 0x01, 0xF8, 0x07, 0xFF,
    0xFF, 0xFF, 0xFF, 0xFE, 0xE0, 0x03, 0x80, 0x1E, 0x00, 0x78, 0x01, 0xC0, 0x07, 0x00, 0x38, 0x03,
    0xC0, 0x3C, 0x01, 0xC0, 0x1E, 0x00, 0xE0, 0x0F, 0x00, 0x70, 0x07, 0xFF, 0xFF, 0xFF, 0xFF, 0xF0,
    0xFF, 0xFF, 0xFF, 0xFF, 0xF0, 0x00, 0x70, 0x0E, 0x00, 0xE0, 0x1C, 0x01, 0xC0, 0x38, 0x07, 0x80,
    0x70, 0x0F, 0x00, 0xE0, 0x1E, 0x01, 0xC0, 0x38, 0x03, 0x80, 0x70, 0x07, 0x00, 0xE0, 0x00, 0x7D,
    0x80, 0x00, 0x0E, 0x00, 0x3C, 0x00, 0x70, 0x00, 0xE0, 0x03, 0xC0, 0x07, 0x00, 0x0E, 0x00, 0x3C,
    0x38, 0x71, 0xF8, 0xE1, 0xF3, 0xC0, 0xF7, 0x00, 0xEE, 0x01, 0xDC, 0x01, 0xF0, 0x03, 0xE0, 0x03,
    0xC0, 0x38, 0xE3, 0xEF, 0xB9, 0xCF, 0xC4, 0x7E, 0x73, 0xBE, 0xF8, 0xE3, 0x80, 0x03, 0x87, 0xC3,
    0xE3, 0xC1, 0xC0, 0xE0, 0x70, 0x38, 0x1C, 0x0E, 0x07, 0x03, 0x81, 0xC0, 0xE0, 0x70, 0x38, 0x1C,
    0x0E, 0x07, 0x03, 0x81, 0xC1, 0xE3, 0xE1, 0xF0, 0xF0, 0x00, 0x38, 0x37, 0xE7, 0x7F, 0xEE, 0x7E,
    0xC1, 0xC0, 0x00, 0x38, 0x37, 0xE7, 0x7F, 0xEE, 0x7E, 0xC1, 0xC0, 0x00, 0x40, 0x0E, 0x01, 0xCF,
    0xFF, 0xFF, 0xFF, 0xFF, 0x07, 0x00, 0x60, 0x0E, 0x0F, 0xFF, 0xFF, 0xFF, 0xFF, 0x38, 0x07, 0x00,
    0x20, 0x00, 0x00, 0x20, 0x1F, 0x0F, 0xF7, 0xFE, 0xFF, 0x0F, 0x80, 0xF8, 0x0F, 0xF0, 0x7F, 0xE0,
    0xFF, 0x01, 0xF0, 0x02, 0xFF, 0xFF, 0xFF, 0xFF, 0xF0, 0x40, 0x0F, 0x80, 0xFF, 0x07, 0xFE, 0x0F,
    0xF0, 0x1F, 0x01, 0xF0, 0xFF, 0x7F, 0xEF, 0xF0, 0xF8, 0x04, 0x00, 0xFF, 0xFF, 0xFF, 0xFF, 0xF0,
    0x1E, 0x07, 0x9F, 0xC7, 0xF7, 0xF1, 0xFF, 0xC8, 0xF2, 0xE0, 0x38, 0x38, 0x0E, 0x0F, 0xF3, 0xFF,
    0xFC, 0xFF, 0xFF, 0x3F, 0xF8, 0x0E, 0x0E, 0x03, 0x83, 0x80, 0xE0, 0xE0, 0x38, 0x38, 0x0E, 0x0E,
    0x03, 0x83, 0x80, 0xE0, 0xE0, 0x38, 0x38, 0x0E, 0x0E, 0x03, 0x80, 0x1F, 0x03, 0xF9, 0xDF, 0xCF,
    0xE0, 0x7E, 0x00, 0x70, 0x03, 0xFC, 0xFF, 0xE7, 0xFF, 0x3F, 0x01, 0xF8, 0x0F, 0xC0, 0x7E, 0x03,
    0xF0, 0x1F, 0x80, 0xFC, 0x07, 0xE0, 0x3F, 0x01, 0xF8, 0x0E, 0x1F, 0x38, 0xFE, 0x71, 0xFC, 0xE7,
    0x81, 0xCE, 0x03, 0x9C, 0x07, 0x3F, 0xCE, 0x7F, 0x9C, 0xFF, 0x39, 0xC0, 0x73, 0x80, 0xE7, 0x01,
    0xCE, 0x03, 0x9C, 0x07, 0x38, 0x0E, 0x70, 0x1C, 0xE0, 0x3F, 0xC0, 0x3F, 0x80, 0x38, 0x1E, 0x07,
    0xC0, 0xFE, 0x3F, 0x9D, 0xFC, 0x7F, 0x3F, 0x91, 0xE0, 0x7E, 0x03, 0x80, 0x1C, 0x07, 0x00, 0x3F,
    0xCF, 0xF3, 0xFF, 0x9F, 0xE7, 0xFF, 0x3F, 0xCF, 0xC0, 0x70, 0x1F, 0x80, 0xE0, 0x3F, 0x01, 0xC0,
    0x7E, 0x03, 0x80, 0xFC, 0x07, 0x01, 0xF8, 0x0E, 0x03, 0xF0, 0x1C, 0x07, 0xE0, 0x38, 0x0F, 0xC0,
    0x70, 0x1F, 0x80, 0xE0, 0x38, 0x1E, 0x07, 0xCE, 0x3F, 0x8F, 0xE7, 0x1F, 0xC7, 0xF3, 0x9E, 0x47,
    0x81, 0xCE, 0x03, 0x80, 0xE7, 0x01, 0xC0, 0x73, 0xFC, 0xFF, 0x39, 0xFE, 0x7F, 0x9C, 0xFF, 0x3F,
    0xCE, 0x70, 0x1C, 0x07, 0x38, 0x0E, 0x03, 0x9C, 0x07, 0x01, 0xCE, 0x03, 0x80, 0xE7, 0x01, 0xC0,
    0x73, 0x80, 0xE0, 0x39, 0xC0, 0x70, 0x1E, 0xE0, 0x38, 0x0F, 0xF0, 0x1C, 0x03, 0xF8, 0x0E, 0x00,
    0xE0, 0x00, 0x00, 0x18, 0x00, 0x00, 0x1B, 0x00, 0x00, 0x36, 0x00, 0x00, 0x6C, 0x00, 0x00, 0x78,
    0x00, 0x00, 0xF0, 0x00, 0x03, 0x70, 0x00, 0x0E, 0x7F, 0xFF, 0xF8, 0x7F, 0xFF, 0xC0, 0x02, 0x40,
    0x00, 0x00, 0x00, 0x00, 0x00, 0x00, 0x00, 0x09, 0x80, 0x00, 0x3B, 0x00, 0x00, 0x24, 0x00, 0x00,
    0x30, 0x00, 0x00, 0x60, 0x00, 0xC0, 0x00, 0x00, 0x0C, 0x00, 0x00, 0x00, 0xC0, 0x00, 0x02, 0x0C,
    0x00, 0x00, 0xE0, 0xC0, 0x00, 0x1E, 0x0E, 0x00, 0x0F, 0xF0, 0x7F, 0xFF, 0xE3, 0xE3, 0xFF, 0xF8,
    0x1F, 0x00, 0xA0, 0x00, 0x00, 0x00, 0x00, 0x00, 0x00, 0x00, 0x00, 0x00, 0x0D, 0x80, 0x00, 0x00,
    0xDC, 0x00, 0x00, 0x08, 0x80, 0x00, 0x00, 0x30, 0x00, 0x00, 0x07, 0x00, 0x00, 0x18, 0x61, 0x83,
    0x0C, 0x30, 0xC3, 0xFB, 0xC0, 0x00, 0xCB, 0x74, 0x8C, 0x30, 0x0C, 0x01, 0x80, 0x30, 0x06, 0x01,
    0xC1, 0xFF, 0xBC, 0xF8, 0x00, 0x00, 0x06, 0xC0, 0xD8, 0x11, 0x01, 0x80, 0x38, 0x00, 0x00, 0x60,
    0x00, 0x00, 0xD0, 0x00, 0x01, 0xF8, 0x00, 0x03, 0x30, 0x00, 0x0C, 0xE0, 0x00, 0x1F, 0x80, 0x00,
    0x00, 0x00, 0x00, 0x00, 0x0C, 0x00, 0x00, 0x0D, 0x80, 0x00, 0x1B, 0x00, 0x00, 0x36, 0x00, 0x00,
    0x3C, 0x00, 0x00, 0x78, 0x00, 0x01, 0xB8, 0x00, 0x07, 0x3F, 0xFF, 0xFC, 0x3F, 0xFF, 0xE0, 0x01,
    0x20, 0x00, 0x00, 0x60, 0x00, 0x00, 0x06, 0x80, 0x00, 0x00, 0x7E, 0x00, 0x00, 0x06, 0x60, 0x00,
    0x00, 0xCE, 0x00, 0x00, 0x0F, 0xC0, 0x00, 0x00, 0x00, 0x00, 0x00, 0x00, 0x00, 0x00, 0x00, 0x00,
    0x00, 0x0C, 0x00, 0x00, 0x00, 0xC0, 0x00, 0x00, 0x0C, 0x00, 0x00, 0x20, 0xC0, 0x00, 0x0E, 0x0C,
    0x00, 0x01, 0xE0, 0xE0, 0x00, 0xFF, 0x07, 0xFF, 0xFE, 0x3E, 0x3F, 0xFF, 0x81, 0xF0, 0x0A, 0x00,
    0x00, 0x60, 0xD1, 0xFB, 0x3C, 0xFF, 0x80, 0x00, 0x00, 0x20, 0xE0, 0xC1, 0x83, 0x02, 0x04, 0x19,
    0xF3, 0x80, 0x18, 0x03, 0x40, 0x7C, 0x0C, 0xC3, 0x30, 0x7C, 0x00, 0x00, 0x00, 0x00, 0x01, 0x80,
    0x30, 0x06, 0x00, 0xC0, 0x38, 0x3F, 0xF7, 0x9F, 0x7F, 0x80, 0xFF, 0xE0, 0x03, 0xF8, 0x07, 0xF0,
    0x3C, 0x00, 0xE0, 0x07, 0x00, 0x1C, 0x00, 0x30, 0x00, 0xC2, 0x41, 0x8D, 0xC6, 0x19, 0x0C, 0x0C,
    0x18, 0x18, 0x38, 0x20, 0x30, 0x00, 0x70, 0x00, 0x7C, 0x1C, 0x3F, 0xF8, 0x1F, 0xC0, 0x7F, 0x80,
    0x0F, 0xFE, 0x00, 0x03, 0xF8, 0x00, 0x7F, 0x00, 0x3C, 0x80, 0x0E, 0x18, 0x07, 0x03, 0x01, 0xC0,
    0x70, 0x30, 0x07, 0xEC, 0x24, 0x7D, 0x8D, 0xC0, 0x61, 0x90, 0x0C, 0x0C, 0x01, 0x81, 0x80, 0x38,
    0x20, 0x03, 0x00, 0x00, 0x70, 0x00, 0x07, 0xC1, 0xC0, 0x3F, 0xF8, 0x01, 0xFC, 0x00, 0x7C, 0x00,
    0xFE, 0x04, 0x3E, 0x00, 0x1F, 0x00, 0x7C, 0x07, 0x80, 0xF8, 0x3F, 0x80, 0xF8, 0x00, 0x00, 0x00,
    0x00, 0x01, 0x20, 0x0F, 0xC0, 0x12, 0x00, 0x30, 0x00, 0xC0, 0x7C, 0x00, 0x1F, 0xC0, 0x10, 0xF8,
    0x00, 0x0F, 0x80, 0x07, 0xC0, 0x0F, 0x80, 0x3E, 0x61, 0xFC, 0x3F, 0xF8, 0x0F, 0x80, 0x00, 0x00,
    0x00, 0x01, 0xB0, 0x00, 0xD8, 0x00, 0x44, 0x00, 0x1C, 0x00, 0x0E, 0x00, 0x10, 0x05, 0x01, 0xF0,
    0x64, 0x77, 0x1F, 0x80, 0x00, 0x00, 0x00, 0x00, 0x80, 0xE0, 0x1C, 0x03, 0x00, 0x60, 0x18, 0x07,
    0x00, 0xC0, 0x34, 0x1F, 0xFE, 0x7F, 0x00, 0x10, 0x00, 0x48, 0x01, 0xF0, 0x06, 0x40, 0x37, 0x01,
    0xF8, 0x00, 0x00, 0x00, 0x00, 0x00, 0x00, 0x08, 0x00, 0xE0, 0x01, 0xC0, 0x03, 0x00, 0x0E, 0x00,
    0x18, 0x00, 0x70, 0x00, 0xC0, 0x03, 0x04, 0x1E, 0x3F, 0xFE, 0x7F, 0x3C, 0x0E, 0x06, 0x04, 0x43,
    0x61, 0xB0, 0x00, 0x00, 0x00, 0x06, 0x03, 0x80, 0xC0, 0x60, 0x10, 0x0C, 0x0C, 0x06, 0x03, 0x03,
    0x07, 0x1F, 0x07, 0x02, 0x00, 0x0C, 0x00, 0xC0, 0x12, 0x03, 0xB0, 0x13, 0x00, 0x00, 0x00, 0x00,
    0x00, 0x06, 0x00, 0x70, 0x03, 0x00, 0x30, 0x01, 0x80, 0x18, 0x03, 0xF0, 0x37, 0x03, 0x00, 0x60,
    0x1C, 0x07, 0x80, 0xF0, 0x04, 0x00, 0x08, 0x05, 0x03, 0xE1, 0x93, 0xB9, 0xF8, 0x00, 0x00, 0x00,
    0x00, 0x01, 0x80, 0xE0, 0x30, 0x18, 0x04, 0x03, 0x03, 0x01, 0x80, 0xC0, 0xC1, 0xC7, 0xC1, 0xC0,
    0x80, 0x18, 0x01, 0xA0, 0x1F, 0x01, 0x98, 0x33, 0x03, 0xF0, 0x00, 0x00, 0x00, 0x00, 0x00, 0x00,
    0x06, 0x00, 0x70, 0x03, 0x00, 0x30, 0x01, 0x80, 0x18, 0x03, 0xF0, 0x37, 0x03, 0x00, 0x60, 0x1C,
    0x07, 0x80, 0xF0, 0x04, 0x00, 0x00, 0x00, 0x08, 0x00, 0x01, 0xC0, 0x00, 0x3E, 0x00, 0x07, 0x80,
    0x00, 0x70, 0x00, 0x07, 0x00, 0x00, 0x70, 0x00, 0x01, 0xC0, 0x00, 0x07, 0x00, 0x00, 0x1C, 0x30,
    0x00, 0x71, 0x80, 0x01, 0x8C, 0x00, 0x06, 0x60, 0x00, 0x33, 0x00, 0x01, 0x9C, 0x00, 0x0C, 0x7F,
    0xFF, 0xE1, 0xFF, 0xFC, 0x00, 0x20, 0x00, 0x00, 0x00, 0x08, 0x00, 0x00, 0x1C, 0x00, 0x00, 0x3E,
    0x00, 0x00, 0x7C, 0x00, 0x00, 0x78, 0x00, 0x00, 0x70, 0x00, 0x00, 0x60, 0x00, 0x00, 0x18, 0x00,
    0x00, 0x07, 0x00, 0x00, 0x01, 0xC0, 0x30, 0x00, 0x70, 0x18, 0x00, 0x18, 0x0C, 0x00, 0x06, 0x06,
    0x00, 0x03, 0x83, 0x00, 0x00, 0xC1, 0xC0, 0x00, 0xF0, 0x7F, 0xFF, 0xFF, 0x1F, 0xFF, 0xC3, 0xC0,
    0x20, 0x00, 0x00, 0x00, 0x40, 0x38, 0x1F, 0x87, 0x83, 0xC0, 0xE0, 0x18, 0x03, 0x80, 0x38, 0x03,
    0x80, 0x38, 0x03, 0x80, 0x30, 0x03, 0x00, 0x60, 0x1C, 0xFF, 0x1F, 0x80, 0x00, 0x40, 0x07, 0x00,
    0x7E, 0x07, 0xC0, 0x3C, 0x01, 0xC0, 0x06, 0x00, 0x1C, 0x00, 0x38, 0x00, 0x70, 0x00, 0xE0, 0x01,
    0xC0, 0x03, 0x00, 0x06, 0x00, 0x1C, 0x00, 0xF8, 0xFF, 0x7F, 0xF0, 0xF0, 0x00, 0x00, 0x20, 0x00,
    0x03, 0x80, 0x00, 0x78, 0x00, 0x07, 0x10, 0x00, 0xE3, 0x80, 0x0C, 0x7C, 0x00, 0x4F, 0x00, 0x00,
    0xE0, 0x00, 0x0E, 0x00, 0x00, 0xE0, 0x00, 0x03, 0x80, 0x00, 0x0E, 0x00, 0x00, 0x38, 0x60, 0x00,
    0xE3, 0x00, 0x03, 0x18, 0x00, 0x0C, 0xC0, 0x00, 0x66, 0x00, 0x03, 0x38, 0x00, 0x18, 0xFF, 0xFF,
    0xC3, 0xFF, 0xF8, 0x00, 0x40, 0x00, 0x00, 0x00, 0x20, 0x00, 0x00, 0x38, 0x00, 0x00, 0x78, 0x00,
    0x00, 0x71, 0x00, 0x00, 0xE3, 0x80, 0x00, 0xC7, 0xC0, 0x00, 0x4F, 0x80, 0x00, 0x0F, 0x00, 0x00,
    0x0E, 0x00, 0x00, 0x0C, 0x00, 0x00, 0x03, 0x00, 0x00, 0x00, 0xE0, 0x00, 0x00, 0x38, 0x06, 0x00,
    0x0E, 0x03, 0x00, 0x03, 0x01, 0x80, 0x00, 0xC0, 0xC0, 0x00, 0x70, 0x60, 0x00, 0x18, 0x38, 0x00,
    0x1E, 0x0F, 0xFF, 0xFF, 0xE3, 0xFF, 0xF8, 0x78, 0x04, 0x00, 0x00, 0x00, 0x80, 0x70, 0x1C, 0x0E,
    0x27, 0x9D, 0xCF, 0xD3, 0xC1, 0xE0, 0x70, 0x0C, 0x01, 0xC0, 0x1C, 0x01, 0xC0, 0x1C, 0x01, 0xC0,
    0x18, 0x01, 0x80, 0x30, 0x0E, 0x7F, 0x8F, 0xC0, 0x00, 0x80, 0x0E, 0x00, 0x70, 0x07, 0x10, 0x79,
    0xC3, 0x9F, 0x85, 0xF0, 0x0F, 0x00, 0x70, 0x01, 0x80, 0x07, 0x00, 0x0E, 0x00, 0x1C, 0x00, 0x38,
    0x00, 0x70, 0x00, 0xC0, 0x01, 0x80, 0x07, 0x00, 0x3E, 0x3F, 0xDF, 0xFC, 0x3C, 0x00, 0x08, 0x00,
    0x38, 0x00, 0x30, 0x00, 0x6E, 0x00, 0x78, 0x00, 0xF0, 0x01, 0xE0, 0x03, 0xC0, 0x07, 0x80, 0x1B,
    0x80, 0x73, 0xE7, 0xC3, 0xFF, 0x00, 0xF0, 0x00, 0x00, 0x0C, 0x00, 0x01, 0x80, 0x00, 0x30, 0x70,
    0x03, 0x0C, 0x00, 0x61, 0x80, 0x0F, 0xB0, 0x01, 0xFE, 0x00, 0x30, 0xC0, 0x0C, 0x1C, 0x03, 0x81,
    0xE1, 0xE0, 0x1F, 0xF8, 0x00, 0xFC, 0x00, 0x10, 0x38, 0x1C, 0x3E, 0x66, 0xE3, 0xC3, 0xC1, 0xC3,
    0xE3, 0xFE, 0x3C, 0x1F, 0x01, 0xF8, 0x18, 0x40, 0xC3, 0x0C, 0x18, 0x30, 0x61, 0x83, 0xE8, 0x0F,
    0x11, 0xC6, 0x31, 0x84, 0x23, 0xFF, 0x00, 0x62, 0x18, 0x40, 0x18, 0x03, 0x80, 0xF0, 0x7D, 0x1F,
    0x19, 0x81, 0xB0, 0x1B, 0x00, 0xF0, 0x0F, 0x00, 0x70, 0x02, 0x00, 0x03, 0x00, 0x01, 0xC0, 0x03,
    0xE0, 0x07, 0xF0, 0x06, 0x38, 0x0C, 0x3C, 0x0C, 0x3E, 0x06, 0x76, 0x07, 0x63, 0x03, 0xC3, 0x7F,
    0xFE, 0xFE, 0x7E, 0x00, 0xF0, 0x00, 0xFC, 0x00, 0xE6, 0x00, 0x63, 0x00, 0x61, 0x80, 0x30, 0xC0,
    0x18, 0xC0, 0x0D, 0xC0, 0x7F, 0xFF, 0x7F, 0x1F, 0xC1, 0x83, 0x00, 0xC1, 0x80, 0x70, 0xC0, 0x1F,
    0xE0, 0x07, 0xE0, 0x0C, 0x00, 0x70, 0x03, 0xE0, 0x3F, 0x83, 0x1E, 0x18, 0x78, 0xC6, 0xC6, 0x33,
    0x1B, 0x98, 0xF8, 0xFF, 0xFF, 0xE7, 0xE0, 0x07, 0x80, 0x3F, 0x00, 0xCC, 0x06, 0x30, 0x18, 0xC0,
    0xC3, 0x03, 0x1C, 0x0C, 0xE0, 0xFF, 0xFF, 0xC7, 0xF3, 0x06, 0x0E, 0x08, 0x18, 0x60, 0x7F, 0x80,
    0x7C, 0x00, 0x07, 0x00, 0x00, 0x3E, 0x00, 0x01, 0xD8, 0x00, 0x06, 0x70, 0x00, 0x70, 0xC0, 0x01,
    0x80, 0x00, 0x0C, 0x00, 0x00, 0x30, 0x00, 0x00, 0xE0, 0x00, 0x01, 0xFF, 0xFF, 0xF3, 0xFF, 0xFF,
    0x80, 0x2C, 0x00, 0x00, 0xFE, 0x3F, 0xFD, 0xFC, 0x07, 0x00, 0x0C, 0x00, 0x1C, 0x00, 0x1E, 0x00,
    0x1F, 0xFF, 0x03, 0xFE, 0x38, 0x00, 0x01, 0x80, 0x00, 0x06, 0x00, 0x00, 0x0F, 0x00, 0x00, 0x78,
    0x00, 0x01, 0x00, 0x00, 0x00, 0x70, 0x00, 0x03, 0xE0, 0x00, 0x1D, 0x80, 0x00, 0x67, 0x00, 0x07,
    0x0C, 0x00, 0x18, 0x00, 0x00, 0xC0, 0x00, 0x03, 0x00, 0x00, 0x0E, 0x00, 0x00, 0x1F, 0xFF, 0xFF,
    0x3F, 0xFF, 0xF8, 0x02, 0xC0, 0x00, 0x1C, 0x00, 0x60, 0x00, 0xC0, 0x00, 0xF0, 0x03, 0xC0, 0x04,
    0x00, 0x00, 0x3F, 0x8F, 0xFF, 0x7F, 0x01, 0xC0, 0x03, 0x00, 0x07, 0x00, 0x07, 0x80, 0x07, 0xFF,
    0xC0, 0xFF, 0x80, 0x00, 0x0F, 0xC0, 0x0F, 0xE0, 0x03, 0x00, 0x01, 0x80, 0x00, 0x60, 0x00, 0x18,
    0x0E, 0x07, 0x03, 0x00, 0xF8, 0xC0, 0x0F, 0x30, 0x00, 0xEC, 0x00, 0x3B, 0x00, 0x0C, 0xE0, 0x0E,
    0x1E, 0x1F, 0x03, 0xFF, 0x80, 0x1F, 0x00, 0xE0, 0x10, 0x18, 0x03, 0xC3, 0x00, 0x7F, 0x60, 0x01,
    0xFC, 0x00, 0x19, 0x80, 0x06, 0x38, 0x01, 0xC3, 0xC0, 0xF0, 0x3F, 0xFC, 0x01, 0xF8, 0x00, 0x18,
    0x61, 0x83, 0x0C, 0x30, 0xC3, 0xFB, 0xC0, 0x00, 0xCB, 0x7C, 0x80, 0x0C, 0x01, 0x80, 0x30, 0x06,
    0x01, 0xC1, 0xFF, 0xBC, 0xF8, 0x00, 0x00, 0x04, 0x40, 0xDC, 0x11, 0x00, 0x0F, 0x1F, 0x0C, 0x0E,
    0x06, 0x01, 0x80, 0xE6, 0x3F, 0xFE, 0x38, 0x00, 0x20, 0xFF, 0x8E, 0x00, 0x00, 0x18, 0x18, 0x18,
    0x18, 0x18, 0x18, 0x18, 0x18, 0x18, 0x18, 0x18, 0x18, 0x18, 0x18, 0x18, 0x18, 0x20, 0x3F, 0xC8,
    0xE0, 0x00, 0x00, 0x06, 0x01, 0x80, 0x60, 0x18, 0x06, 0x01, 0x80, 0x60, 0x18, 0x06, 0x01, 0x80,
    0x60, 0x18, 0x06, 0x01, 0x80, 0x60, 0x1C, 0x03, 0xE0, 0x7C, 0x76, 0x30, 0xFF, 0x40, 0x06, 0x31,
    0x8C, 0x63, 0x18, 0xC6, 0x31, 0x8C, 0x63, 0x18, 0xC0, 0x70, 0x60, 0x30, 0x0F, 0x0F, 0x04, 0x00,
    0x00, 0x60, 0x30, 0x18, 0x0C, 0x06, 0x03, 0x01, 0x80, 0xC0, 0x60, 0x30, 0x18, 0x0C, 0x06, 0x03,
    0x01, 0x80, 0xE0, 0x3E, 0x0F, 0x80, 0x1C, 0x18, 0x0C, 0x03, 0xC3, 0xC1, 0x00, 0x00, 0x7C, 0x3F,
    0x31, 0x98, 0x6C, 0x36, 0x1B, 0xFC, 0xFE, 0x06, 0x03, 0x07, 0x1F, 0x1F, 0x0C, 0x00, 0x1C, 0x03,
    0x00, 0x30, 0x01, 0xE0, 0x3C, 0x02, 0x00, 0x00, 0x00, 0x00, 0x3E, 0x03, 0xF0, 0x63, 0x06, 0x18,
    0x61, 0x86, 0x18, 0x7F, 0xF3, 0xFF, 0x03, 0x00, 0x30, 0x0E, 0x07, 0xC0, 0xF8, 0x0C, 0x00, 0x63,
    0x18, 0xC6, 0x31, 0x8C, 0x63, 0x18, 0xC6, 0x31, 0x8C, 0x63, 0x00, 0x07, 0x63, 0x0F, 0xF4, 0x00,
    0x60, 0x60, 0x60, 0x60, 0x60, 0x60, 0x60, 0x60, 0x60, 0x60, 0x60, 0x60, 0x60, 0x60, 0x60, 0x70,
    0x3E, 0x1F, 0x00, 0x00, 0x70, 0xC0, 0xC0, 0x78, 0xF0, 0x80, 0x3C, 0x00, 0x08, 0x03, 0xF2, 0x03,
    0xF8, 0x78, 0xC0, 0x3C, 0x60, 0x08, 0x18, 0x00, 0x06, 0x03, 0x81, 0xC0, 0xC0, 0x3E, 0x30, 0x03,
    0xCC, 0x00, 0x3B, 0x00, 0x0E, 0xC0, 0x03, 0x38, 0x03, 0x87, 0x87, 0xC0, 0xFF, 0xE0, 0x07, 0xC0,
    0x00, 0x3C, 0x00, 0x04, 0x00, 0x00, 0x80, 0x00, 0x0F, 0x00, 0x03, 0xC0, 0x00, 0x40, 0x00, 0x00,
    0x00, 0x07, 0x00, 0x80, 0xC0, 0x1E, 0x18, 0x03, 0xFB, 0x00, 0x0F, 0xE0, 0x00, 0xCC, 0x00, 0x31,
    0xC0, 0x0E, 0x1E, 0x07, 0x81, 0xFF, 0xE0, 0x0F, 0xC0, 0x00, 0x71, 0x04, 0x1E, 0x7D, 0x00, 0x04,
    0x38, 0x61, 0x86, 0x08, 0x21, 0xBE, 0xE0, 0x38, 0x18, 0x06, 0x00, 0xF0, 0x78, 0x10, 0x00, 0x00,
    0x30, 0x0C, 0x06, 0x01, 0x80, 0x70, 0xFF, 0xF9, 0xF0, 0xFF, 0xFF, 0xFF, 0xFF, 0xF0, 0xC1, 0x83,
    0x06, 0x0C, 0x18, 0x30, 0x60, 0xC1, 0x83, 0x06, 0x0C, 0x18, 0x30, 0x70, 0x7C, 0x7C, 0x00, 0x00,
    0x18, 0x00, 0x00, 0x1B, 0x00, 0x00, 0x36, 0x00, 0x00, 0x6C, 0x00, 0x00, 0x78, 0x00, 0x00, 0xF0,
    0x00, 0x03, 0x70, 0x00, 0x0E, 0x7F, 0xFF, 0xF8, 0x7F, 0xFF, 0xC0, 0x02, 0x40, 0x00, 0x00, 0x00,
    0x00, 0x00, 0x00, 0x00, 0x06, 0x00, 0x00, 0x0C, 0x00, 0x00, 0x08, 0x00, 0xC0, 0x00, 0x00, 0x0C,
    0x00, 0x00, 0x00, 0xC0, 0x00, 0x02, 0x0C, 0x00, 0x00, 0xE0, 0xC0, 0x00, 0x1E, 0x0E, 0x00, 0x0F,
    0xF0, 0x7F, 0xFF, 0xE3, 0xE3, 0xFF, 0xF8, 0x1F, 0x00, 0xA0, 0x00, 0x00, 0x00, 0x00, 0x00, 0x00,
    0x00, 0x00, 0x00, 0x02, 0x00, 0x00, 0x00, 0x70, 0x00, 0x00, 0x02, 0x00, 0x00, 0x11, 0xC6, 0x31,
    0x84, 0x23, 0xFF, 0x00, 0x02, 0x38, 0x80, 0x0C, 0x03, 0x01, 0x80, 0x60, 0x1C, 0x3F, 0xFE, 0x7C,
    0x00, 0x00, 0x06, 0x01, 0x80, 0x20, 0x24, 0x76, 0x26, 0x00, 0x00, 0x10, 0x38, 0x1C, 0x3E, 0x66,
    0xE3, 0xC3, 0xC1, 0xC3, 0xE3, 0xFE, 0x3C, 0x12, 0x03, 0xB0, 0x13, 0x00, 0x00, 0x00, 0x00, 0x00,
    0x03, 0x00, 0x30, 0x0F, 0x03, 0xF0, 0x73, 0x0E, 0x30, 0xC3, 0x0C, 0x30, 0xE3, 0x07, 0xF8, 0x1F,
    0x80, 0x1F, 0x00, 0xF0, 0x00, 0x48, 0x00, 0x01, 0xD8, 0x00, 0x01, 0x30, 0x00, 0x00, 0x00, 0xC0,
    0x00, 0x00, 0xD8, 0x00, 0x01, 0xB0, 0x00, 0x03, 0x60, 0x00, 0x03, 0xC0, 0x00, 0x07, 0x80, 0x00,
    0x1B, 0x80, 0x00, 0x73, 0xFF, 0xFF, 0xC3, 0xFF, 0xFE, 0x00, 0x12, 0x00, 0x00, 0x00, 0x48, 0x00,
    0x00, 0x0E, 0xC0, 0x00, 0x00, 0x4C, 0x00, 0x00, 0x00, 0x00, 0x00, 0x00, 0x00, 0x00, 0x0C, 0x00,
    0x00, 0x00, 0xC0, 0x00, 0x00, 0x0C, 0x00, 0x00, 0x20, 0xC0, 0x00, 0x0E, 0x0C, 0x00, 0x01, 0xE0,
    0xE0, 0x00, 0xFF, 0x07, 0xFF, 0xFE, 0x3E, 0x3F, 0xFF, 0x81, 0xF0, 0x0A, 0x00, 0x00, 0x4B, 0xB4,
    0xC0, 0x00, 0x01, 0x0E, 0x18, 0x61, 0x82, 0x08, 0x6F, 0xB8, 0x12, 0x06, 0xE0, 0xCC, 0x00, 0x00,
    0x00, 0x00, 0x03, 0x00, 0x60, 0x0C, 0x01, 0x80, 0x70, 0x7F, 0xEF, 0x3E, 0x00, 0x30, 0x00, 0x00,
    0x60, 0x00, 0x01, 0x20, 0x00, 0x07, 0x60, 0x00, 0x04, 0xC0, 0x00, 0x00, 0x03, 0x00, 0x00, 0x03,
    0x60, 0x00, 0x06, 0xC0, 0x00, 0x0D, 0x80, 0x00, 0x0F, 0x00, 0x00, 0x1E, 0x00, 0x00, 0x6E, 0x00,
    0x01, 0xCF, 0xFF, 0xFF, 0x0F, 0xFF, 0xF8, 0x00, 0x48, 0x00, 0x00, 0x30, 0x00, 0x00, 0x03, 0x00,
    0x00, 0x00, 0x48, 0x00, 0x00, 0x0E, 0xC0, 0x00, 0x00, 0x4C, 0x00, 0x00, 0x00, 0x00, 0x00, 0x00,
    0x00, 0x00, 0x0C, 0x00, 0x00, 0x00, 0xC0, 0x00, 0x00, 0x0C, 0x00, 0x00, 0x20, 0xC0, 0x00, 0x0E,
    0x0C, 0x00, 0x01, 0xE0, 0xE0, 0x00, 0xFF, 0x07, 0xFF, 0xFE, 0x3E, 0x3F, 0xFF, 0x81, 0xF0, 0x0A,
    0x00, 0x00, 0x30, 0xC4, 0xBB, 0x4C, 0x00, 0x00, 0x10, 0xE1, 0x86, 0x18, 0x20, 0x86, 0xFB, 0x80,
    0x0C, 0x01, 0x80, 0x48, 0x1F, 0x83, 0x30, 0x00, 0x00, 0x00, 0x00, 0x0C, 0x01, 0x80, 0x30, 0x06,
    0x01, 0xC1, 0xFF, 0xBC, 0xF8, 0x7F, 0x00, 0xFF, 0xC0, 0x03, 0xF0, 0x07, 0xE0, 0x3C, 0x01, 0xE0,
    0x07, 0x00, 0x1C, 0x00, 0x70, 0x00, 0xC0, 0x01, 0x80, 0x06, 0x06, 0x0C, 0x0C, 0x18, 0x00, 0x38,
    0x00, 0x30, 0x00, 0x70, 0x00, 0x7C, 0x1C, 0x7F, 0xF8, 0x1F, 0x80, 0x7F, 0x00, 0x3F, 0xF0, 0x00,
    0x3F, 0x00, 0x1F, 0x80, 0x3F, 0x00, 0x79, 0x80, 0x70, 0xC0, 0x70, 0x30, 0x70, 0x1F, 0xB0, 0x07,
    0xD8, 0x00, 0x18, 0x18, 0x0C, 0x0C, 0x06, 0x00, 0x03, 0x80, 0x00, 0xC0, 0x00, 0x70, 0x00, 0x1F,
    0x07, 0x07, 0xFF, 0x80, 0x7E, 0x00, 0x7C, 0x00, 0xFE, 0x04, 0x3E, 0x00, 0x1F, 0x00, 0x7C, 0x07,
    0x80, 0xF8, 0x3F, 0x80, 0xF8, 0x00, 0x00, 0x00, 0x00, 0x00, 0xC0, 0x03, 0x00, 0x08, 0x00, 0x7C,
    0x00, 0x1F, 0xC0, 0x10, 0xF8, 0x00, 0x0F, 0x80, 0x07, 0xC0, 0x0F, 0x80, 0x3E, 0x61, 0xFC, 0x3F,
    0xF8, 0x0F, 0x80, 0x00, 0x00, 0x00, 0x00, 0x40, 0x00, 0x70, 0x00, 0x10, 0x00, 0x7F, 0x00, 0xFF,
    0xC0, 0x03, 0xF0, 0x07, 0xE0, 0x3C, 0x01, 0xE0, 0x07, 0x00, 0x1C, 0x00, 0x70, 0x00, 0xC0, 0x01,
    0x80, 0x06, 0x00, 0x0C, 0x00, 0x18, 0x00, 0x38, 0x00, 0x30, 0x00, 0x70, 0x00, 0x7C, 0x1C, 0x7F,
    0xF8, 0x1F, 0x80, 0x7F, 0x00, 0x3F, 0xF0, 0x00, 0x3F, 0x00, 0x1F, 0x80, 0x3F, 0x00, 0x79, 0x80,
    0x70, 0xC0, 0x70, 0x30, 0x70, 0x1F, 0xB0, 0x07, 0xD8, 0x00, 0x18, 0x00, 0x0C, 0x00, 0x06, 0x00,
    0x03, 0x80, 0x00, 0xC0, 0x00, 0x70, 0x00, 0x1F, 0x07, 0x07, 0xFF, 0x80, 0x7E, 0x00, 0x7C, 0x00,
    0xFE, 0x04, 0x3E, 0x00, 0x1F, 0x00, 0x7C, 0x07, 0x80, 0xF8, 0x3F, 0x80, 0xF8, 0x00, 0x7C, 0x00,
    0x1F, 0xC0, 0x10, 0xF8, 0x00, 0x0F, 0x80, 0x07, 0xC0, 0x0F, 0x80, 0x3E, 0x61, 0xFC, 0x3F, 0xF8,
    0x0F, 0x80, 0x01, 0x00, 0x03, 0x00, 0x06, 0x00, 0x00, 0x00, 0x00, 0x00, 0x00, 0x1F, 0xC0, 0x3F,
    0xF0, 0x00, 0xFC, 0x01, 0xF8, 0x0F, 0x00, 0x78, 0x01, 0xC0, 0x07, 0x00, 0x1C, 0x00, 0x30, 0x00,
    0x60, 0x01, 0x80, 0x03, 0x00, 0x06, 0x00, 0x0E, 0x00, 0x0C, 0x00, 0x1C, 0x00, 0x1F, 0x07, 0x1F,
    0xFE, 0x07, 0xE0, 0x01, 0x00, 0x00, 0xC0, 0x00, 0x60, 0x00, 0x00, 0x00, 0x00, 0x00, 0x00, 0x01,
    0xFC, 0x00, 0xFF, 0xC0, 0x00, 0xFC, 0x00, 0x7E, 0x00, 0xFC, 0x01, 0xE6, 0x01, 0xC3, 0x01, 0xC0,
    0xC1, 0xC0, 0x7E, 0xC0, 0x1F, 0x60, 0x00, 0x60, 0x00, 0x30, 0x00, 0x18, 0x00, 0x0E, 0x00, 0x03,
    0x00, 0x01, 0xC0, 0x00, 0x7C, 0x1C, 0x1F, 0xFE, 0x01, 0xF8, 0x00, 0x08, 0x00, 0x60, 0x01, 0x80,
    0x00, 0x00, 0x00, 0x01, 0xF0, 0x03, 0xF8, 0x10, 0xF8, 0x00, 0x7C, 0x01, 0xF0, 0x1E, 0x03, 0xE0,
    0xFE, 0x03, 0xE0, 0x00, 0x10, 0x00, 0x0C, 0x00, 0x06, 0x00, 0x00, 0x00, 0x00, 0x00, 0x03, 0xE0,
    0x00, 0xFE, 0x00, 0x87, 0xC0, 0x00, 0x7C, 0x00, 0x3E, 0x00, 0x7C, 0x01, 0xF3, 0x0F, 0xE1, 0xFF,
    0xC0, 0x7C, 0x02, 0x03, 0x80, 0x70, 0x0C, 0x01, 0x80, 0x60, 0x1C, 0x03, 0x00, 0xD0, 0x7F, 0xF9,
    0xFC, 0x02, 0x00, 0x38, 0x00, 0x70, 0x00, 0xC0, 0x03, 0x80, 0x06, 0x00, 0x1C, 0x00, 0x30, 0x00,
    0xC1, 0x07, 0x8F, 0xFF, 0x9F, 0xCF, 0x08, 0x07, 0x00, 0x80, 0x00, 0x00, 0x00, 0x80, 0xE0, 0x1C,
    0x03, 0x00, 0x60, 0x18, 0x07, 0x00, 0xC0, 0x34, 0x1F, 0xFE, 0x7F, 0x00, 0x08, 0x00, 0x70, 0x00,
    0x80, 0x00, 0x00, 0x00, 0x00, 0x08, 0x00, 0xE0, 0x01, 0xC0, 0x03, 0x00, 0x0E, 0x00, 0x18, 0x00,
    0x70, 0x00, 0xC0, 0x03, 0x04, 0x1E, 0x3F, 0xFE, 0x7F, 0x3C, 0x06, 0x03, 0x80, 0xC0, 0x60, 0x10,
    0x0C, 0x0C, 0x06, 0x03, 0x03, 0x07, 0x1F, 0x07, 0x02, 0x00, 0x06, 0x00, 0x70, 0x03, 0x00, 0x30,
    0x01, 0x80, 0x18, 0x03, 0xF0, 0x37, 0x03, 0x00, 0x60, 0x1C, 0x07, 0x80, 0xF0, 0x04, 0x00, 0x04,
    0x07, 0x01, 0x00, 0x00, 0x00, 0x00, 0x18, 0x0E, 0x03, 0x01, 0x80, 0x40, 0x30, 0x30, 0x18, 0x0C,
    0x0C, 0x1C, 0x7C, 0x1C, 0x08, 0x00, 0x04, 0x00, 0xC0, 0x0C, 0x00, 0x00, 0x00, 0x00, 0x00, 0x06,
    0x00, 0x70, 0x03, 0x00, 0x30, 0x01, 0x80, 0x18, 0x03, 0xF0, 0x37, 0x03, 0x00, 0x60, 0x1C, 0x07,
    0x80, 0xF0, 0x04, 0x00, 0x00, 0x00, 0x00, 0x60, 0x00, 0x00, 0x06, 0x00, 0x00, 0x00, 0x60, 0x00,
    0xC0, 0xC3, 0x00, 0x0C, 0x0C, 0x30, 0x00, 0xC1, 0x83, 0xE0, 0x06, 0x18, 0x3C, 0x00, 0x61, 0xC3,
    0xC0, 0x07, 0xFF, 0xEC, 0x00, 0x7E, 0x7C, 0xC0, 0x06, 0x00, 0x0C, 0x00, 0xC0, 0x00, 0xE0, 0x1C,
    0x00, 0x07, 0x87, 0x80, 0x00, 0x3F, 0xF0, 0x00, 0x00, 0x7C, 0x00, 0x00, 0x00, 0x00, 0x00, 0x20,
    0x00, 0x00, 0x00, 0x30, 0x00, 0x0C, 0x0C, 0x30, 0x00, 0x0C, 0x0C, 0x30, 0x00, 0x0C, 0x18, 0x30,
    0xE0, 0x06, 0x18, 0x30, 0xC0, 0x06, 0x1C, 0x78, 0xC0, 0x07, 0xFF, 0xFF, 0xC0, 0x07, 0xE7, 0xCF,
    0xC0, 0x06, 0x00, 0x00, 0xC0, 0x0C, 0x00, 0x00, 0xE0, 0x1C, 0x00, 0x00, 0x78, 0x78, 0x00, 0x00,
    0x3F, 0xF0, 0x00, 0x00, 0x07, 0xC0, 0x00, 0x00, 0x00, 0x01, 0x80, 0x00, 0x70, 0x00, 0x0C, 0x30,
    0xC3, 0x18, 0x30, 0xC6, 0x0C, 0x31, 0x83, 0x0C, 0xE1, 0xC3, 0xFF, 0xFF, 0xF9, 0xF7, 0xE0, 0x00,
    0x00, 0xC0, 0x00, 0x01, 0x80, 0x30, 0xC3, 0x00, 0xC1, 0x86, 0x01, 0x83, 0x0C, 0x03, 0x06, 0x1C,
    0x0E, 0x1C, 0x38, 0x7F, 0xFF, 0xDE, 0xE7, 0xDF, 0x1E, 0x00, 0x00, 0x38, 0x00, 0x00, 0x01, 0x80,
    0x00, 0x00, 0x44, 0x00, 0x00, 0x06, 0xE0, 0x00, 0x00, 0x6C, 0x00, 0x00, 0x00, 0x00, 0x00, 0x00,
    0x00, 0x60, 0x00, 0x00, 0x06, 0x00, 0x00, 0x00, 0x60, 0x00, 0xC0, 0xC3, 0x00, 0x0C, 0x0C, 0x30,
    0x00, 0xC1, 0x83, 0xE0, 0x06, 0x18, 0x3C, 0x00, 0x61, 0xC3, 0xC0, 0x07, 0xFF, 0xEC, 0x00, 0x7E,
    0x7C, 0xC0, 0x06, 0x00, 0x0C, 0x00, 0xC0, 0x00, 0xE0, 0x1C, 0x00, 0x07, 0x87, 0x80, 0x00, 0x3F,
    0xF0, 0x00, 0x00, 0x7C, 0x00, 0x00, 0x00, 0x00, 0x38, 0x00, 0x00, 0x00, 0x18, 0x00, 0x00, 0x00,
    0x44, 0x00, 0x00, 0x00, 0x6E, 0x00, 0x00, 0x00, 0x6C, 0x00, 0x00, 0x00, 0x00, 0x00, 0x00, 0x00,
    0x00, 0x00, 0x00, 0x00, 0x00, 0x20, 0x00, 0x00, 0x00, 0x30, 0x00, 0x0C, 0x0C, 0x30, 0x00, 0x0C,
    0x0C, 0x30, 0x00, 0x0C, 0x18, 0x30, 0xE0, 0x06, 0x18, 0x30, 0xC0, 0x06, 0x1C, 0x78, 0xC0, 0x07,
    0xFF, 0xFF, 0xC0, 0x07, 0xE7, 0xCF, 0xC0, 0x06, 0x00, 0x00, 0xC0, 0x0C, 0x00, 0x00, 0xE0, 0x1C,
    0x00, 0x00, 0x78, 0x78, 0x00, 0x00, 0x3F, 0xF0, 0x00, 0x00, 0x07, 0xC0, 0x00, 0x00, 0x00, 0x30,
    0x00, 0x0C, 0x00, 0x04, 0x80, 0x03, 0x70, 0x00, 0xC8, 0x00, 0x00, 0x00, 0x00, 0x18, 0x00, 0x07,
    0x00, 0x00, 0xC3, 0x0C, 0x31, 0x83, 0x0C, 0x60, 0xC3, 0x18, 0x30, 0xCE, 0x1C, 0x3F, 0xFF, 0xFF,
    0x9F, 0x7E, 0x00, 0x30, 0x00, 0x00, 0x60, 0x00, 0x01, 0x20, 0x00, 0x06, 0xE0, 0x00, 0x0C, 0x80,
    0x00, 0x00, 0x00, 0x00, 0x00, 0x00, 0x00, 0x00, 0x60, 0x00, 0x00, 0xC0, 0x18, 0x61, 0x80, 0x60,
    0xC3, 0x00, 0xC1, 0x86, 0x01, 0x83, 0x0E, 0x07, 0x0E, 0x1C, 0x3F, 0xFF, 0xEF, 0x73, 0xEF, 0x8F,
    0x00, 0x00, 0x01, 0xF8, 0x00, 0x00, 0x0F, 0xF8, 0x00, 0x30, 0x38, 0x30, 0x00, 0x60, 0xE0, 0x70,
    0x00, 0xC3, 0x80, 0x5C, 0x00, 0xCE, 0x01, 0xB0, 0x01, 0xD8, 0x07, 0x60, 0x03, 0xFF, 0xFC, 0xC0,
    0x06, 0xFF, 0xE1, 0x80, 0x0C, 0x00, 0x03, 0x00, 0x30, 0x00, 0x07, 0x00, 0xE0, 0x00, 0x07, 0x87,
    0x80, 0x00, 0x07, 0xFE, 0x00, 0x00, 0x01, 0xF0, 0x00, 0x00, 0x00, 0x00, 0x00, 0x01, 0xF8, 0x00,
    0x00, 0x01, 0xFF, 0x00, 0x00, 0xC0, 0xE0, 0xC0, 0x00, 0x30, 0x70, 0x38, 0x00, 0x0C, 0x38, 0x04,
    0x38, 0x01, 0x9C, 0x03, 0x0C, 0x00, 0x76, 0x01, 0xC3, 0x00, 0x1F, 0xFF, 0xFF, 0xC0, 0x06, 0xFF,
    0xE7, 0xF0, 0x01, 0x80, 0x00, 0x0C, 0x00, 0xC0, 0x00, 0x03, 0x80, 0x70, 0x00, 0x00, 0x78, 0x78,
    0x00, 0x00, 0x0F, 0xFC, 0x00, 0x00, 0x00, 0x7C, 0x00, 0x00, 0x00, 0x00, 0x03, 0xF0, 0x00, 0x7F,
    0xC3, 0x07, 0x06, 0x30, 0x70, 0x31, 0x87, 0x01, 0x8C, 0x70, 0x0C, 0xF3, 0x00, 0xFF, 0xFF, 0xFE,
    0xE7, 0xFF, 0xC0, 0x00, 0x03, 0xF0, 0x00, 0x07, 0xFC, 0x03, 0x07, 0x06, 0x03, 0x07, 0x03, 0x01,
    0x87, 0x01, 0x80, 0xC7, 0x00, 0xC0, 0xF3, 0x00, 0xE1, 0xFF, 0xFF, 0xFF, 0xE7, 0xFF, 0xCF, 0x80,
    0x00, 0x00, 0x00, 0x40, 0x00, 0x00, 0x01, 0xC0, 0x00, 0x00, 0x03, 0x00, 0x00, 0x00, 0x00, 0x00,
    0x00, 0x00, 0x00, 0x00, 0x00, 0x00, 0x00, 0x00, 0x00, 0x00, 0x7E, 0x00, 0x00, 0x03, 0xFE, 0x00,
    0x0C, 0x0E, 0x0C, 0x00, 0x18, 0x38, 0x1C, 0x00, 0x30, 0xE0, 0x17, 0x00, 0x33, 0x80, 0x6C, 0x00,
    0x76, 0x01, 0xD8, 0x00, 0xFF, 0xFF, 0x30, 0x01, 0xBF, 0xF8, 0x60, 0x03, 0x00, 0x00, 0xC0, 0x0C,
    0x00, 0x01, 0xC0, 0x38, 0x00, 0x01, 0xE1, 0xE0, 0x00, 0x01, 0xFF, 0x80, 0x00, 0x00, 0x7C, 0x00,
    0x00, 0x00, 0x00, 0x00, 0x00, 0x40, 0x00, 0x00, 0x00, 0x38, 0x00, 0x00, 0x00, 0x0C, 0x00, 0x00,
    0x00, 0x00, 0x00, 0x00, 0x00, 0x00, 0x00, 0x00, 0x00, 0x00, 0x00, 0x00, 0x00, 0x00, 0x1F, 0x80,
    0x00, 0x00, 0x1F, 0xF0, 0x00, 0x0C, 0x0E, 0x0C, 0x00, 0x03, 0x07, 0x03, 0x80, 0x00, 0xC3, 0x80,
    0x43, 0x80, 0x19, 0xC0, 0x30, 0xC0, 0x07, 0x60, 0x1C, 0x30, 0x01, 0xFF, 0xFF, 0xFC, 0x00, 0x6F,
    0xFE, 0x7F, 0x00, 0x18, 0x00, 0x00, 0xC0, 0x0C, 0x00, 0x00, 0x38, 0x07, 0x00, 0x00, 0x07, 0x87,
    0x80, 0x00, 0x00, 0xFF, 0xC0, 0x00, 0x00, 0x07, 0xC0, 0x00, 0x00, 0x00, 0x00, 0x00, 0x80, 0x00,
    0x0E, 0x00, 0x00, 0x60, 0x00, 0x00, 0x00, 0x00, 0x00, 0x00, 0x00, 0x00, 0x00, 0x0F, 0xC0, 0x01,
    0xFF, 0x0C, 0x1C, 0x18, 0xC1, 0xC0, 0xC6, 0x1C, 0x06, 0x31, 0xC0, 0x33, 0xCC, 0x03, 0xFF, 0xFF,
    0xFB, 0x9F, 0xFF, 0x00, 0x00, 0x00, 0x80, 0x00, 0x00, 0xE0, 0x00, 0x00, 0x60, 0x00, 0x00, 0x00,
    0x00, 0x00, 0x00, 0x00, 0x00, 0x00, 0x00, 0x00, 0x0F, 0xC0, 0x00, 0x1F, 0xF0, 0x0C, 0x1C, 0x18,
    0x0C, 0x1C, 0x0C, 0x06, 0x1C, 0x06, 0x03, 0x1C, 0x03, 0x03, 0xCC, 0x03, 0x87, 0xFF, 0xFF, 0xFF,
    0x9F, 0xFF, 0x3E, 0x06, 0x00, 0x00, 0xC0, 0x00, 0x18, 0x00, 0x03, 0x00, 0x00, 0x60, 0x00, 0x0C,
    0x00, 0x01, 0x80, 0x00, 0x30, 0x00, 0x06, 0x00, 0x00, 0xC3, 0xF0, 0x19, 0xFF, 0x03, 0x70, 0x60,
    0x7C, 0x06, 0x0F, 0x00, 0xC1, 0xC0, 0x30, 0x30, 0x0E, 0x7F, 0xFF, 0x9F, 0xFF, 0xC0, 0x06, 0x00,
    0x00, 0x18, 0x00, 0x00, 0x60, 0x00, 0x01, 0x80, 0x00, 0x06, 0x00, 0x00, 0x18, 0x00, 0x00, 0x60,
    0x00, 0x01, 0x80, 0x00, 0x06, 0x00, 0x00, 0x18, 0x7E, 0x00, 0x67, 0xFC, 0x01, 0xB8, 0x30, 0x07,
    0xC0, 0x60, 0x1E, 0x01, 0x80, 0x70, 0x0C, 0x01, 0x80, 0x70, 0x7F, 0xFF, 0xFF, 0xFF, 0xF9, 0xF0,
    0x30, 0x00, 0x30, 0x00, 0x30, 0x00, 0x30, 0x00, 0x30, 0x00, 0x30, 0x00, 0x30, 0x00, 0x30, 0x00,
    0x30, 0x00, 0x30, 0xFC, 0x31, 0xFE, 0x37, 0x87, 0x3E, 0x03, 0x3C, 0x03, 0x38, 0x06, 0x30, 0x1E,
    0xFF, 0xFC, 0xFF, 0xE0, 0x30, 0x00, 0x06, 0x00, 0x00, 0xC0, 0x00, 0x18, 0x00, 0x03, 0x00, 0x00,
    0x60, 0x00, 0x0C, 0x00, 0x01, 0x80, 0x00, 0x30, 0x00, 0x06, 0x1F, 0x80, 0xC7, 0xF8, 0x1B, 0xC3,
    0x83, 0xE0, 0x30, 0x78, 0x06, 0x0E, 0x01, 0x81, 0x80, 0xF0, 0xFF, 0xFF, 0xFF, 0xFC, 0x7C, 0x06,
    0x00, 0x00, 0xC0, 0x00, 0x18, 0x00, 0x03, 0x01, 0x00, 0x60, 0x60, 0x0C, 0x0C, 0x01, 0x80, 0x00,
    0x30, 0x00, 0x06, 0x00, 0x00, 0xC3, 0xF0, 0x19, 0xFF, 0x03, 0x70, 0x60, 0x7C, 0x06, 0x0F, 0x00,
    0xC1, 0xC0, 0x30, 0x30, 0x0E, 0x7F, 0xFF, 0x9F, 0xFF, 0xC0, 0x06, 0x00, 0x00, 0x18, 0x00, 0x00,
    0x60, 0x00, 0x01, 0x82, 0x00, 0x06, 0x0C, 0x00, 0x18, 0x30, 0x00, 0x60, 0x00, 0x01, 0x80, 0x00,
    0x06, 0x00, 0x00, 0x18, 0x7E, 0x00, 0x67, 0xFC, 0x01, 0xB8, 0x30, 0x07, 0xC0, 0x60, 0x1E, 0x01,
    0x80, 0x70, 0x0C, 0x01, 0x80, 0x70, 0x7F, 0xFF, 0xFF, 0xFF, 0xF9, 0xF0, 0x30, 0x00, 0x30, 0x00,
    0x30, 0x00, 0x30, 0x20, 0x30, 0x60, 0x30, 0x60, 0x30, 0x00, 0x30, 0x00, 0x30, 0x00, 0x30, 0xFC,
    0x31, 0xFE, 0x37, 0x87, 0x3E, 0x03, 0x3C, 0x03, 0x38, 0x06, 0x30, 0x1E, 0xFF, 0xFC, 0xFF, 0xE0,
    0x30, 0x00, 0x06, 0x00, 0x00, 0xC0, 0x00, 0x18, 0x10, 0x03, 0x06, 0x00, 0x60, 0xC0, 0x0C, 0x00,
    0x01, 0x80, 0x00, 0x30, 0x00, 0x06, 0x1F, 0x80, 0xC7, 0xF8, 0x1B, 0xC3, 0x83, 0xE0, 0x30, 0x78,
    0x06, 0x0E, 0x01, 0x81, 0x80, 0xF0, 0xFF, 0xFF, 0xFF, 0xFC, 0x7C, 0x1F, 0x80, 0xFC, 0x07, 0x00,
    0x18, 0x00, 0x60, 0x01, 0x80, 0x03, 0x9C, 0x0F, 0xF8, 0x0E, 0x00, 0xE0, 0x03, 0x00, 0x18, 0x00,
    0x60, 0x03, 0x00, 0x0C, 0x00, 0x30, 0x00, 0xE0, 0x01, 0x80, 0x07, 0x00, 0x0F, 0x03, 0x1F, 0xFC,
    0x0F, 0x80, 0x0F, 0xC0, 0x7F, 0xC0, 0xC1, 0x81, 0x83, 0x03, 0x86, 0x01, 0x98, 0x01, 0xE0, 0x03,
    0xC0, 0x1F, 0xFC, 0x70, 0xFD, 0xC0, 0x03, 0x00, 0x0E, 0x00, 0x18, 0x00, 0x30, 0x00, 0x70, 0x00,
    0x60, 0x00, 0xF0, 0x78, 0xFF, 0xE0, 0x3E, 0x00, 0x07, 0xC1, 0xF8, 0x38, 0x03, 0x00, 0x30, 0x03,
    0x00, 0x38, 0x01, 0xC2, 0x0F, 0xFF, 0xFC, 0xFE, 0x00, 0x0F, 0xC0, 0xFF, 0x87, 0x06, 0x1C, 0x18,
    0x38, 0x60, 0x73, 0x00, 0xF8, 0x03, 0xE0, 0xFF, 0xFF, 0xC1, 0xF0, 0x02, 0x00, 0x18, 0x00, 0x60,
    0x00, 0x00, 0x00, 0x00, 0x02, 0x01, 0xF0, 0x0F, 0xC0, 0x70, 0x01, 0x80, 0x06, 0x00, 0x18, 0x00,
    0x39, 0xC0, 0xFF, 0x80, 0xE0, 0x0E, 0x00, 0x30, 0x01, 0x80, 0x06, 0x00, 0x30, 0x00, 0xC0, 0x03,
    0x00, 0x0E, 0x00, 0x18, 0x00, 0x70, 0x00, 0xF0, 0x31, 0xFF, 0xC0, 0xF8, 0x01, 0x00, 0x07, 0x00,
    0x0C, 0x00, 0x00, 0x00, 0x00, 0x00, 0x00, 0x03, 0xF0, 0x1F, 0xF0, 0x30, 0x60, 0x60, 0xC0, 0xE1,
    0x80, 0x66, 0x00, 0x78, 0x00, 0xF0, 0x07, 0xFF, 0x1C, 0x3F, 0x70, 0x00, 0xC0, 0x03, 0x80, 0x06,
    0x00, 0x0C, 0x00, 0x1C, 0x00, 0x18, 0x00, 0x3C, 0x1E, 0x3F, 0xF8, 0x0F, 0x80, 0x02, 0x00, 0x70,
    0x02, 0x00, 0x00, 0x00, 0x00, 0x7C, 0x1F, 0x83, 0x80, 0x30, 0x03, 0x00, 0x30, 0x03, 0x80, 0x1C,
    0x20, 0xFF, 0xFF, 0xCF, 0xE0, 0x02, 0x00, 0x0C, 0x00, 0x30, 0x00, 0x00, 0x00, 0x00, 0x00, 0x00,
    0xFC, 0x0F, 0xF8, 0x70, 0x61, 0xC1, 0x83, 0x86, 0x07, 0x30, 0x0F, 0x80, 0x3E, 0x0F, 0xFF, 0xFC,
    0x1F, 0x00, 0x00, 0x60, 0x00, 0x01, 0x80, 0x00, 0x06, 0x00, 0x00, 0x00, 0x00, 0x00, 0x00, 0x00,
    0x00, 0x80, 0x00, 0x0F, 0x80, 0x00, 0x7F, 0x00, 0x01, 0x8C, 0x00, 0x0C, 0x3C, 0x00, 0x30, 0xF0,
    0x00, 0xE3, 0xC0, 0x01, 0xFF, 0x00, 0x03, 0xFC, 0x00, 0x00, 0xF8, 0x00, 0x03, 0x7F, 0xFF, 0xF8,
    0xFF, 0xFF, 0xC0, 0x0F, 0x80, 0x00, 0x00, 0x00, 0x08, 0x00, 0x00, 0x01, 0x80, 0x00, 0x00, 0x18,
    0x00, 0x00, 0x00, 0x00, 0x00, 0x00, 0x00, 0x00, 0x00, 0x00, 0x00, 0x00, 0x00, 0x3E, 0x00, 0x00,
    0x07, 0xF0, 0xC0, 0x00, 0xE3, 0x0C, 0x00, 0x0C, 0x38, 0xC0, 0x00, 0xC1, 0x8C, 0x00, 0x0C, 0x30,
    0xC0, 0x00, 0x67, 0x0E, 0x00, 0x07, 0xE0, 0x7F, 0xFF, 0xFF, 0xF3, 0xFF, 0xFF, 0x7F, 0x00, 0xC0,
    0x00, 0x00, 0x04, 0x03, 0x80, 0x40, 0x00, 0x00, 0x00, 0x80, 0xF0, 0x7E, 0x31, 0xCC, 0x33, 0x0C,
    0xC3, 0x3F, 0xC7, 0xF0, 0x1C, 0x0E, 0xFF, 0x3F, 0x00, 0x02, 0x00, 0x18, 0x00, 0x60, 0x00, 0x00,
    0x00, 0x00, 0x00, 0x00, 0xF8, 0x07, 0xF0, 0x38, 0xC0, 0xC3, 0x03, 0x0E, 0x0C, 0x30, 0x19, 0xC0,
    0x7E, 0x0F, 0xFF, 0xFF, 0x7E, 0x00, 0x12, 0x00, 0x1B, 0x80, 0x0C, 0x80, 0x00, 0x00, 0x00, 0x00,
    0x00, 0x00, 0x00, 0x78, 0x00, 0x7E, 0x00, 0x33, 0x80, 0x30, 0xD0, 0x18, 0x7C, 0x0C, 0x3C, 0x07,
    0xFE, 0x01, 0xFF, 0x00, 0x07, 0x80, 0x03, 0xC0, 0x03, 0x70, 0x03, 0x9F, 0x9F, 0x87, 0xFF, 0x00,
    0x7C, 0x00, 0x00, 0x13, 0x00, 0x03, 0xB0, 0x00, 0x13, 0x00, 0x00, 0x00, 0x00, 0x00, 0x00, 0x00,
    0x00, 0x00, 0x1E, 0x00, 0x03, 0xF0, 0x00, 0x33, 0x80, 0x06, 0x18, 0x40, 0x61, 0x8E, 0x06, 0x18,
    0xC0, 0x7F, 0xFC, 0x03, 0xFF, 0xC0, 0x01, 0x8C, 0x00, 0x18, 0xC0, 0x03, 0x0E, 0x00, 0x70, 0x7C,
    0x3E, 0x03, 0xFF, 0x80, 0x07, 0xC0, 0x00, 0x11, 0x06, 0xE1, 0xB0, 0x00, 0x00, 0x00, 0x80, 0xF0,
    0x7E, 0x31, 0xCC, 0x33, 0x0C, 0xC3, 0x3F, 0xC7, 0xF0, 0x1C, 0x0E, 0xFF, 0x3F, 0x00, 0x09, 0x00,
    0x76, 0x00, 0x98, 0x00, 0x00, 0x00, 0x00, 0x00, 0x00, 0xF8, 0x07, 0xF0, 0x38, 0xC0, 0xC3, 0x03,
    0x0E, 0x0C, 0x30, 0x19, 0xC0, 0x7E, 0x0F, 0xFF, 0xFF, 0x7E, 0x00, 0x00, 0x60, 0x00, 0x06, 0x00,
    0x00, 0x60, 0x00, 0x06, 0x00, 0x10, 0x60, 0x03, 0x86, 0x00, 0x60, 0x60, 0x04, 0x06, 0x00, 0x60,
    0x60, 0x03, 0x06, 0xC0, 0x30, 0x6C, 0x0F, 0x06, 0xC0, 0xC0, 0x7C, 0x00, 0x07, 0xC0, 0x00, 0x6E,
    0x00, 0x0E, 0x7F, 0xFF, 0xC3, 0xFF, 0xF8, 0x00, 0xA0, 0x00, 0x00, 0x00, 0x60, 0x00, 0x00, 0xC0,
    0x00, 0x01, 0x80, 0x00, 0x03, 0x00, 0x01, 0x06, 0x00, 0x07, 0x0C, 0x00, 0x18, 0x18, 0x00, 0x20,
    0x30, 0x00, 0x60, 0x60, 0x00, 0x60, 0xC3, 0x00, 0xC1, 0x86, 0x07, 0x83, 0x0C, 0x0C, 0x07, 0x18,
    0x00, 0x0E, 0x30, 0x00, 0x1C, 0x70, 0x00, 0x7C, 0x7F, 0xFF, 0xDE, 0x7F, 0xFF, 0x1C, 0x03, 0x80,
    0x00, 0x00, 0x40, 0x38, 0x1F, 0x87, 0x83, 0xC0, 0xE0, 0x18, 0x03, 0x80, 0x38, 0x03, 0x80, 0x38,
    0x03, 0x80, 0x30, 0x03, 0x00, 0x60, 0x1C, 0xFF, 0x1F, 0x80, 0x00, 0x40, 0x07, 0x00, 0x7E, 0x07,
    0xC0, 0x3C, 0x01, 0xC0, 0x06, 0x00, 0x1C, 0x00, 0x38, 0x00, 0x70, 0x00, 0xE0, 0x01, 0xC0, 0x03,
    0x00, 0x06, 0x00, 0x1C, 0x00, 0xF8, 0xFF, 0x7F, 0xF0, 0xF0, 0x00, 0x0C, 0x00, 0x18, 0x00, 0x30,
    0x00, 0x60, 0x00, 0xC0, 0x01, 0xC0, 0x03, 0x80, 0x03, 0x00, 0x06, 0x00, 0x0C, 0x00, 0x18, 0x00,
    0x30, 0x00, 0x60, 0x00, 0xF8, 0x01, 0xE0, 0x03, 0xC0, 0x07, 0x80, 0x1B, 0x00, 0x36, 0x00, 0x6E,
    0x01, 0x8F, 0x0F, 0x0F, 0xFC, 0x03, 0xC0, 0x00, 0x0C, 0x00, 0x01, 0x80, 0x00, 0x30, 0x00, 0x06,
    0x00, 0x00, 0xC0, 0x00, 0x18, 0x00, 0x03, 0x80, 0x00, 0x30, 0x00, 0x06, 0x00, 0x00, 0xC0, 0x00,
    0x18, 0x00, 0x03, 0x00, 0x00, 0x60, 0x00, 0x0C, 0x38, 0x01, 0x86, 0x00, 0x38, 0xC0, 0x07, 0xD8,
    0x00, 0xFF, 0x00, 0x30, 0x60, 0x06, 0x0E, 0x01, 0xC0, 0xF0, 0xF0, 0x0F, 0xFC, 0x00, 0x7C, 0x00,
    0x30, 0xC6, 0x31, 0x8C, 0x63, 0x18, 0xC6, 0x31, 0x8C, 0x63, 0xF7, 0x00, 0x38, 0x0C, 0x06, 0x03,
    0x01, 0x80, 0xC0, 0x60, 0x30, 0x18, 0x0C, 0x06, 0x03, 0x01, 0x80, 0xC0, 0x60, 0x38, 0xFF, 0xF3,
    0xC0, 0x02, 0x01, 0xF0, 0x77, 0x18, 0x73, 0x06, 0x00, 0xC0, 0x19, 0xFF, 0x7F, 0xEC, 0x01, 0x80,
    0x70, 0x06, 0x00, 0xC0, 0x18, 0x03, 0x00, 0x60, 0x0C, 0x00, 0xC0, 0x10, 0x00, 0x03, 0xC0, 0x0F,
    0x80, 0x79, 0x81, 0xC3, 0x03, 0x83, 0x0F, 0x86, 0x1B, 0x8E, 0x73, 0xFF, 0xC3, 0xEF, 0x80, 0x03,
    0x00, 0x06, 0x00, 0x06, 0x00, 0x0C, 0x00, 0x18, 0x00, 0x30, 0x00, 0x60, 0x00, 0x60, 0x00, 0x80,
    0x00, 0x03, 0x80, 0x7C, 0x0C, 0xE1, 0xC6, 0x18, 0x33, 0x83, 0x3C, 0x6E, 0xFE, 0xE7, 0xC0, 0x03,
    0x80, 0x07, 0xC0, 0x0C, 0x60, 0x1C, 0x60, 0x18, 0x30, 0x38, 0x30, 0x3C, 0x38, 0xE7, 0xFF, 0xC3,
    0xEF, 0x01, 0x00, 0x07, 0x00, 0x0C, 0x00, 0x00, 0x00, 0x00, 0x00, 0x01, 0x00, 0x07, 0x00, 0x06,
    0x00, 0x0D, 0xC0, 0x0F, 0x00, 0x1E, 0x00, 0x3C, 0x00, 0x78, 0x00, 0xF0, 0x03, 0x70, 0x0E, 0x7C,
    0xF8, 0x7F, 0xE0, 0x1E, 0x00, 0x01, 0x00, 0x00, 0x70, 0x00, 0x0C, 0x00, 0x00, 0x00, 0x00, 0x00,
    0x00, 0x00, 0x00, 0x00, 0x03, 0x00, 0x00, 0x60, 0x00, 0x0C, 0x1C, 0x00, 0xC3, 0x00, 0x18, 0x60,
    0x03, 0xEC, 0x00, 0x7F, 0x80, 0x0C, 0x30, 0x03, 0x07, 0x00, 0xE0, 0x78, 0x78, 0x07, 0xFE, 0x00,
    0x3F, 0x00, 0x00, 0x11, 0x8C, 0x00, 0x00, 0x47, 0x18, 0xC6, 0x10, 0x8F, 0xFC, 0x10, 0x06, 0x01,
    0x80, 0x00, 0x00, 0x00, 0x00, 0xC0, 0x30, 0x18, 0x06, 0x01, 0xC3, 0xFF, 0xE7, 0xC0, 0x10, 0x38,
    0x1C, 0x3E, 0x66, 0xE3, 0xC3, 0xC1, 0xC3, 0xE3, 0xFE, 0x3C, 0x03, 0x00, 0x30, 0x0F, 0x03, 0xF0,
    0x73, 0x0E, 0x30, 0xC3, 0x0C, 0x30, 0xE3, 0x07, 0xF8, 0x1F, 0x80, 0x1F, 0x00, 0xF0, 0x0C, 0x00,
    0x70, 0x03, 0xE0, 0x3F, 0x83, 0x1E, 0x18, 0x78, 0xC6, 0xC6, 0x33, 0x1B, 0x98, 0xF8, 0xFF, 0xFF,
    0xE7, 0xE0, 0x07, 0x80, 0x3F, 0x00, 0xCC, 0x06, 0x30, 0x18, 0xC0, 0xC3, 0x03, 0x1C, 0x0C, 0xE0,
    0xFF, 0xFF, 0xC7, 0xF3, 0x06, 0x0E, 0x08, 0x18, 0x60, 0x7F, 0x80, 0x7C, 0x00, 0x3E, 0x1F, 0x98,
    0xCC, 0x36, 0x1B, 0x0D, 0xFE, 0x7F, 0x03, 0x01, 0x83, 0x8F, 0x8F, 0x86, 0x00, 0x3E, 0x03, 0xF0,
    0x63, 0x06, 0x18, 0x61, 0x86, 0x18, 0x7F, 0xF3, 0xFF, 0x03, 0x00, 0x30, 0x0E, 0x07, 0xC0, 0xF8,
    0x0C, 0x00, 0x00, 0x0F, 0xC0, 0x0F, 0xE0, 0x03, 0x00, 0x01, 0x80, 0x00, 0x60, 0x00, 0x18, 0x0E,
    0x07, 0x03, 0x00, 0xF8, 0xC0, 0x0F, 0x30, 0x00, 0xEC, 0x00, 0x3B, 0x00, 0x0C, 0xE0, 0x0E, 0x1E,
    0x1F, 0x03, 0xFF, 0x80, 0x1F, 0x00, 0xE0, 0x10, 0x18, 0x03, 0xC3, 0x00, 0x7F, 0x60, 0x01, 0xFC,
    0x00, 0x19, 0x80, 0x06, 0x38, 0x01, 0xC3, 0xC0, 0xF0, 0x3F, 0xFC, 0x01, 0xF8, 0x00, 0x00, 0x0F,
    0xC0, 0x0F, 0xE0, 0x03, 0x00, 0x01, 0x80, 0x00, 0x60, 0x00, 0x18, 0x0E, 0x07, 0x03, 0x00, 0xF8,
    0xC0, 0x0F, 0x30, 0x00, 0xEC, 0x00, 0x3B, 0x00, 0x0C, 0xE0, 0x0E, 0x1E, 0x1F, 0x03, 0xFF, 0x80,
    0x1F, 0x00, 0x00, 0x00, 0x00, 0x00, 0x00, 0x24, 0x00, 0x1F, 0x80, 0x02, 0x40, 0x00, 0xE0, 0x10,
    0x18, 0x03, 0xC3, 0x00, 0x7F, 0x60, 0x01, 0xFC, 0x00, 0x19, 0x80, 0x06, 0x38, 0x01, 0xC3, 0xC0,
    0xF0, 0x3F, 0xFC, 0x01, 0xF8, 0x00, 0x00, 0x00, 0x00, 0x00, 0x00, 0x4C, 0x00, 0x1D, 0x80, 0x01,
    0x20, 0x00, 0x18, 0x61, 0x83, 0x0C, 0x30, 0xC3, 0xFB, 0xC0, 0x00, 0xCB, 0x7C, 0x80, 0x0C, 0x01,
    0x80, 0x30, 0x06, 0x01, 0xC1, 0xFF, 0xBC, 0xF8, 0x00, 0x00, 0x04, 0x40, 0xDC, 0x11, 0x00, 0x20,
    0x01, 0xFE, 0x39, 0x38, 0x30, 0x00, 0x60, 0x80, 0xC3, 0x81, 0x83, 0x83, 0x03, 0x86, 0x03, 0xDC,
    0x01, 0xF0, 0x01, 0xE0, 0x01, 0xC0, 0x03, 0xC0, 0x0D, 0x80, 0x39, 0x80, 0xE3, 0x03, 0x06, 0x0F,
    0xF8, 0x1F, 0xE0, 0x20, 0x00, 0x7F, 0x9C, 0x23, 0x86, 0x00, 0x03, 0x00, 0x01, 0x80, 0x80, 0xC0,
    0xE0, 0x60, 0x38, 0x30, 0x0E, 0x18, 0x03, 0x8C, 0x00, 0xE6, 0x00, 0x33, 0x00, 0x0D, 0x80, 0x03,
    0xC0, 0x01, 0xE0, 0x00, 0xF0, 0x00, 0xFC, 0x1F, 0xE7, 0xCF, 0xC1, 0xE0, 0xF0, 0x04, 0x00, 0x20,
    0x00, 0xF0, 0xEF, 0x03, 0x40, 0x18, 0x80, 0xCE, 0x06, 0x38, 0x30, 0xE1, 0x83, 0xDC, 0x07, 0xC0,
    0x1E, 0x00, 0x70, 0x03, 0xC0, 0x36, 0x03, 0x98, 0x38, 0xC3, 0x06, 0x3F, 0xE1, 0xFE, 0x00, 0x70,
    0x00, 0xC0, 0x00, 0xC0, 0x00, 0x78, 0x70, 0xF0, 0x30, 0x80, 0x30, 0x00, 0x30, 0x20, 0x30, 0x70,
    0x30, 0x38, 0x30, 0x1C, 0x30, 0x0E, 0x30, 0x07, 0x30, 0x03, 0x30, 0x01, 0xB0, 0x00, 0xF0, 0x00,
    0xF0, 0x00, 0xF0, 0x01, 0xF8, 0x7F, 0x9F, 0x7E, 0x0F, 0x00, 0xE0, 0x06, 0x00, 0x64, 0x06, 0xE0,
    0x67, 0x06, 0x38, 0x61, 0xEE, 0x07, 0xC0, 0x3C, 0x01, 0xC0, 0x1E, 0x03, 0x60, 0x73, 0x0E, 0x31,
    0x83, 0x3F, 0xE3, 0xFC, 0x00, 0x00, 0x00, 0x38, 0x04, 0x00, 0x60, 0x03, 0xC0, 0x78, 0x04, 0x00,
    0x00, 0xE0, 0x00, 0xC0, 0x01, 0x80, 0x03, 0x04, 0x06, 0x1C, 0x0C, 0x1C, 0x18, 0x1C, 0x30, 0x1C,
    0x60, 0x1C, 0xC0, 0x19, 0x80, 0x1B, 0x00, 0x1E, 0x00, 0x3C, 0x00, 0x78, 0x01, 0xF8, 0xFF, 0x3F,
    0xF8, 0x3C, 0x00, 0x00, 0x00, 0x01, 0xC0, 0x02, 0x00, 0x04, 0x00, 0x0F, 0x00, 0x1F, 0x00, 0x20,
    0x00, 0x00, 0xE0, 0x06, 0x00, 0x64, 0x06, 0xE0, 0x67, 0x06, 0x38, 0x61, 0xEE, 0x07, 0xC0, 0x3C,
    0x01, 0xC0, 0x1E, 0x03, 0x60, 0x73, 0x0E, 0x31, 0x83, 0x3F, 0xE3, 0xFC, 0x00, 0xE0, 0x00, 0xC0,
    0x01, 0x80, 0x03, 0x04, 0x06, 0x1C, 0x0C, 0x1C, 0x18, 0x1C, 0x30, 0x1C, 0x60, 0x1C, 0xC0, 0x19,
    0x80, 0x1B, 0x00, 0x1E, 0x00, 0x3C, 0x00, 0x78, 0x01, 0xF8, 0xFF, 0x3F, 0xF8, 0x3C,
};

static const EpdGlyph ubuntu_12_mediumGlyphs[] = {
    { 1, 1, 0, 0, 1, 1, 0 }, // U+0000
    { 1, 1, 0, 0, 1, 1, 1 }, // U+0008
    { 1, 1, 93, 0, 1, 1, 2 }, // U+0009
    { 1, 1, 93, 0, 1, 1, 3 }, // U+000D
    { 1, 1, 0, 0, 1, 1, 4 }, // U+001D
    { 1, 1, 93, 0, 1, 1, 5 }, // U+0020
    { 3, 17, 122, 3, 17, 7, 6 }, // !
    { 8, 7, 183, 2, 19, 7, 13 }, // "
    { 15, 17, 268, 1, 17, 32, 20 }, // #
    { 11, 22, 227, 2, 19, 31, 52 }, // $
    { 20, 17, 359, 1, 17, 43, 83 }, // %
    { 16, 17, 274, 1, 17, 34, 126 }, // &
    { 3, 7, 104, 2, 19, 3, 160 }, // '
    { 7, 25, 136, 1, 20, 22, 163 }, // (
    { 7, 25, 136, 0, 20, 22, 185 }, // )
    { 11, 10, 193, 0, 17, 14, 207 }, // *
    { 11, 11, 227, 1, 13, 16, 221 }, // +
    { 4, 7, 107, 1, 3, 4, 237 }, // ,
    { 6, 3, 126, 1, 9, 3, 241 }, // -
    { 3, 3, 106, 3, 3, 2, 244 }, // .
    { 11, 25, 166, -1, 20, 35, 246 }, // /
    { 12, 17, 227, 1, 17, 26, 281 }, // 0
    { 8, 17, 227, 2, 17, 17, 307 }, // 1
    { 11, 17, 227, 2, 17, 24, 324 }, // 2
    { 11, 17, 227, 1, 17, 24, 348 }, // 3
    { 12, 17, 227, 1, 17, 26, 372 }, // 4
    { 11, 17, 227, 1, 17, 24, 398 }, // 5
    { 12, 17, 227, 1, 17, 26, 422 }, // 6
    { 12, 17, 227, 1, 17, 26, 448 }, // 7
    { 12, 17, 227, 1, 17, 26, 474 }, // 8
    { 12, 17, 227, 1, 17, 26, 500 }, // 9
    { 3, 12, 106, 3, 12, 5, 526 }, // :
    { 5, 16, 106, 1, 12, 10, 531 }, // ;
    { 12, 12, 227, 1, 13, 18, 541 }, // <
    { 12, 9, 227, 1, 12, 14, 559 }, // =
    { 12, 12, 227, 1, 13, 18, 573 }, // >
    { 9, 17, 170, 1, 17, 20, 591 }, // ?
    { 20, 24, 388, 2, 19, 60, 611 }, // @
    { 17, 17, 274, 0, 17, 37, 671 }, // A
    { 13, 17, 263, 2, 17, 28, 708 }, // B
    { 14, 17, 255, 1, 17, 30, 736 }, // C
    { 15, 17, 290, 2, 17, 32, 766 }, // D
    { 12, 17, 234, 2, 17, 26, 798 }, // E
    { 11, 17, 220, 2, 17, 24, 824 }, // F
    { 14, 17, 273, 1, 17, 30, 848 }, // G
    { 14, 17, 288, 2, 17, 30, 878 }, // H
    { 3, 17, 117, 2, 17, 7, 908 }, // I
    { 11, 17, 205, 0, 17, 24, 915 }, // J
    { 14, 17, 260, 2, 17, 30, 939 }, // K
    { 11, 17, 214, 2, 17, 24, 969 }, // L
    { 18, 17, 354, 2, 17, 39, 993 }, // M
    { 15, 17, 296, 2, 17, 32, 1032 }, // N
    { 18, 17, 313, 1, 17, 39, 1064 }, // O
    { 13, 17, 249, 2, 17, 28, 1103 }, // P
    { 18, 22, 313, 1, 17, 50, 1131 }, // Q
    { 14, 17, 256, 2, 17, 30, 1181 }, // R
    { 12, 17, 216, 1, 17, 26, 1211 }, // S
    { 13, 17, 232, 1, 17, 28, 1237 }, // T
    { 14, 17, 281, 2, 17, 30, 1265 }, // U
    { 15, 17, 273, 1, 17, 32, 1295 }, // V
    { 22, 17, 375, 1, 17, 47, 1327 }, // W
    { 14, 17, 263, 1, 17, 30, 1374 }, // X
    { 15, 17, 250, 1, 17, 32, 1404 }, // Y
    { 13, 17, 235, 1, 17, 28, 1436 }, // Z
    { 6, 25, 138, 3, 20, 19, 1464 }, // [
    { 11, 25, 166, 0, 20, 35, 1483 }, // <backslash>
    { 6, 25, 138, 0, 20, 19, 1518 }, // ]
    { 12, 10, 227, 1, 17, 15, 1537 }, // ^
    { 13, 3, 200, 0, -2, 5, 1552 }, // _
    { 6, 6, 157, 1, 20, 5, 1557 }, // `
    { 10, 13, 214, 1, 13, 17, 1562 }, // a
    { 12, 19, 238, 2, 19, 29, 1579 }, // b
    { 10, 13, 189, 1, 13, 17, 1608 }, // c
    { 12, 19, 238, 1, 19, 29, 1625 }, // d
    { 12, 13, 228, 1, 13, 20, 1654 }, // e
    { 8, 19, 160, 2, 19, 19, 1674 }, // f
    { 12, 18, 234, 1, 13, 27, 1693 }, // g
    { 11, 19, 233, 2, 19, 27, 1720 }, // h
    { 3, 18, 110, 2, 18, 7, 1747 }, // i
    { 7, 23, 110, -2, 18, 21, 1754 }, // j
    { 12, 19, 220, 2, 19, 29, 1775 }, // k
    { 5, 19, 119, 1, 19, 12, 1804 }, // l
    { 17, 13, 346, 2, 13, 28, 1816 }, // m
    { 11, 13, 234, 2, 13, 18, 1844 }, // n
    { 13, 13, 239, 1, 13, 22, 1862 }, // o
    { 12, 18, 238, 2, 13, 27, 1884 }, // p
    { 12, 18, 238, 1, 13, 27, 1911 }, // q
    { 8, 13, 161, 2, 13, 13, 1938 }, // r
    { 9, 13, 183, 1, 13, 15, 1951 }, // s
    { 9, 17, 167, 2, 17, 20, 1966 }, // t
    { 11, 13, 233, 2, 13, 18, 1986 }, // u
    { 13, 13, 210, 0, 13, 22, 2004 }, // v
    { 18, 13, 312, 1, 13, 30, 2026 }, // w
    { 13, 13, 212, 0, 13, 22, 2056 }, // x
    { 13, 18, 208, 0, 13, 30, 2078 }, // y
    { 10, 13, 194, 1, 13, 17, 2108 }, // z
    { 8, 25, 139, 1, 20, 25, 2125 }, // {
    { 3, 25, 120, 3, 20, 10, 2150 }, // |
    { 8, 25, 139, 0, 20, 25, 2160 }, // }
    { 12, 5, 227, 1, 10, 8, 2185 }, // ~
    { 1, 1, 93, 0, 1, 1, 2193 }, // U+00A0
    { 3, 18, 122, 3, 13, 7, 2194 }, // U+00A1
    { 10, 20, 227, 2, 17, 25, 2201 }, // U+00A2
    { 12, 17, 227, 1, 17, 26, 2226 }, // U+00A3
    { 12, 13, 227, 1, 16, 20, 2252 }, // U+00A4
    { 13, 17, 227, 1, 17, 28, 2272 }, // U+00A5
    { 3, 25, 120, 3, 20, 10, 2300 }, // U+00A6
    { 11, 22, 204, 1, 17, 31, 2310 }, // U+00A7
    { 8, 3, 162, 1, 17, 3, 2341 }, // U+00A8
    { 18, 18, 326, 1, 18, 41, 2344 }, // U+00A9
    { 9, 9, 161, 0, 17, 11, 2385 }, // U+00AA
    { 13, 12, 221, 0, 13, 20, 2396 }, // U+00AB
    { 12, 9, 227, 1, 10, 14, 2416 }, // U+00AC
    { 6, 3, 126, 1, 9, 3, 2430 }, // U+00AD
    { 18, 18, 326, 1, 18, 41, 2433 }, // U+00AE
    { 8, 2, 156, 1, 16, 2, 2474 }, // U+00AF
    { 7, 7, 139, 1, 20, 7, 2476 }, // U+00B0
    { 11, 17, 227, 2, 17, 24, 2483 }, // U+00B1
    { 8, 10, 145, 0, 18, 10, 2507 }, // U+00B2
    { 8, 10, 145, 0, 18, 10, 2517 }, // U+00B3
    { 6, 6, 157, 2, 20, 5, 2527 }, // U+00B4
    { 11, 18, 236, 2, 13, 25, 2532 }, // U+00B5
    { 15, 22, 273, 0, 17, 42, 2557 }, // U+00B6
    { 3, 3, 84, 2, 9, 2, 2599 }, // U+00B7
    { 5, 5, 156, 2, 1, 4, 2601 }, // U+00B8
    { 6, 10, 145, 0, 18, 8, 2605 }, // U+00B9
    { 10, 10, 182, 0, 17, 13, 2613 }, // U+00BA
    { 13, 12, 221, 1, 13, 20, 2626 }, // U+00BB
    { 21, 18, 351, 0, 18, 48, 2646 }, // U+00BC
    { 21, 18, 351, 0, 18, 48, 2694 }, // U+00BD
    { 21, 18, 351, 0, 18, 48, 2742 }, // U+00BE
    { 9, 18, 170, 1, 13, 21, 2790 }, // U+00BF
    { 17, 24, 274, 0, 24, 51, 2811 }, // U+00C0
    { 17, 24, 274, 0, 24, 51, 2862 }, // U+00C1
    { 17, 23, 274, 0, 23, 49, 2913 }, // U+00C2
    { 17, 21, 274, 0, 21, 45, 2962 }, // U+00C3
    { 17, 21, 274, 0, 21, 45, 3007 }, // U+00C4
    { 17, 22, 274, 0, 22, 47, 3052 }, // U+00C5
    { 23, 17, 383, 0, 17, 49, 3099 }, // U+00C6
    { 14, 22, 255, 1, 17, 39, 3148 }, // U+00C7
    { 12, 24, 234, 2, 24, 36, 3187 }, // U+00C8
    { 12, 24, 234, 2, 24, 36, 3223 }, // U+00C9
    { 12, 23, 234, 2, 23, 35, 3259 }, // U+00CA
    { 12, 21, 234, 2, 21, 32, 3294 }, // U+00CB
    { 6, 24, 117, 0, 24, 18, 3326 }, // U+00CC
    { 6, 24, 117, 2, 24, 18, 3344 }, // U+00CD
    { 7, 23, 117, 0, 23, 21, 3362 }, // U+00CE
    { 8, 21, 117, 0, 21, 21, 3383 }, // U+00CF
    { 18, 17, 296, 0, 17, 39, 3404 }, // U+00D0
    { 15, 21, 296, 2, 21, 40, 3443 }, // U+00D1
    { 18, 24, 313, 1, 24, 54, 3483 }, // U+00D2
    { 18, 24, 313, 1, 24, 54, 3537 }, // U+00D3
    { 18, 23, 313, 1, 23, 52, 3591 }, // U+00D4
    { 18, 21, 313, 1, 21, 48, 3643 }, // U+00D5
    { 18, 21, 313, 1, 21, 48, 3691 }, // U+00D6
    { 11, 11, 227, 1, 13, 16, 3739 }, // U+00D7
    { 18, 19, 313, 1, 18, 43, 3755 }, // U+00D8
    { 14, 24, 281, 2, 24, 42, 3798 }, // U+00D9
    { 14, 24, 281, 2, 24, 42, 3840 }, // U+00DA
    { 14, 23, 281, 2, 23, 41, 3882 }, // U+00DB
    { 14, 21, 281, 2, 21, 37, 3923 }, // U+00DC
    { 15, 24, 250, 1, 24, 45, 3960 }, // U+00DD
    { 13, 17, 251, 2, 17, 28, 4005 }, // U+00DE
    { 13, 19, 254, 2, 19, 31, 4033 }, // U+00DF
    { 10, 20, 214, 1, 20, 25, 4064 }, // U+00E0
    { 10, 20, 214, 1, 20, 25, 4089 }, // U+00E1
    { 10, 19, 214, 1, 19, 24, 4114 }, // U+00E2
    { 10, 17, 214, 1, 17, 22, 4138 }, // U+00E3
    { 10, 17, 214, 1, 17, 22, 4160 }, // U+00E4
    { 10, 20, 214, 1, 20, 25, 4182 }, // U+00E5
    { 20, 13, 348, 1, 13, 33, 4207 }, // U+00E6
    { 10, 18, 189, 1, 13, 23, 4240 }, // U+00E7
    { 12, 20, 228, 1, 20, 30, 4263 }, // U+00E8
    { 12, 20, 228, 1, 20, 30, 4293 }, // U+00E9
    { 12, 19, 228, 1, 19, 29, 4323 }, // U+00EA
    { 12, 17, 228, 1, 17, 26, 4352 }, // U+00EB
    { 6, 20, 110, 0, 20, 15, 4378 }, // U+00EC
    { 6, 20, 110, 1, 20, 15, 4393 }, // U+00ED
    { 8, 19, 110, -1, 19, 19, 4408 }, // U+00EE
    { 9, 17, 110, -1, 17, 20, 4427 }, // U+00EF
    { 14, 19, 236, 1, 19, 34, 4447 }, // U+00F0
    { 11, 17, 234, 2, 17, 24, 4481 }, // U+00F1
    { 13, 20, 239, 1, 20, 33, 4505 }, // U+00F2
    { 13, 20, 239, 1, 20, 33, 4538 }, // U+00F3
    { 13, 19, 239, 1, 19, 31, 4571 }, // U+00F4
    { 13, 17, 239, 1, 17, 28, 4602 }, // U+00F5
    { 13, 17, 239, 1, 17, 28, 4630 }, // U+00F6
    { 12, 13, 227, 1, 14, 20, 4658 }, // U+00F7
    { 13, 15, 239, 1, 14, 25, 4678 }, // U+00F8
    { 11, 20, 233, 2, 20, 28, 4703 }, // U+00F9
    { 11, 20, 233, 2, 20, 28, 4731 }, // U+00FA
    { 11, 19, 233, 2, 19, 27, 4759 }, // U+00FB
    { 11, 17, 233, 2, 17, 24, 4786 }, // U+00FC
    { 13, 25, 208, 0, 20, 41, 4810 }, // U+00FD
    { 12, 24, 238, 2, 19, 36, 4851 }, // U+00FE
    { 13, 22, 208, 0, 17, 36, 4887 }, // U+00FF
    { 17, 20, 274, 0, 20, 43, 4923 }, // U+0100
    { 10, 16, 214, 1, 16, 20, 4966 }, // U+0101
    { 17, 22, 274, 0, 22, 47, 4986 }, // U+0102
    { 10, 18, 214, 1, 18, 23, 5033 }, // U+0103
    { 18, 22, 274, 0, 17, 50, 5056 }, // U+0104
    { 10, 18, 214, 1, 13, 23, 5106 }, // U+0105
    { 14, 24, 255, 1, 24, 42, 5129 }, // U+0106
    { 10, 20, 189, 1, 20, 25, 5171 }, // U+0107
    { 14, 23, 255, 1, 23, 41, 5196 }, // U+0108
    { 10, 19, 189, 1, 19, 24, 5237 }, // U+0109
    { 14, 21, 255, 1, 21, 37, 5261 }, // U+010A
    { 10, 17, 189, 1, 17, 22, 5298 }, // U+010B
    { 14, 23, 255, 1, 23, 41, 5320 }, // U+010C
    { 10, 19, 189, 1, 19, 24, 5361 }, // U+010D
    { 15, 23, 290, 2, 23, 44, 5385 }, // U+010E
    { 17, 19, 267, 1, 19, 41, 5429 }, // U+010F
    { 18, 17, 296, 0, 17, 39, 5470 }, // U+0110
    { 14, 19, 238, 1, 19, 34, 5509 }, // U+0111
    { 12, 20, 234, 2, 20, 30, 5543 }, // U+0112
    { 12, 16, 228, 1, 16, 24, 5573 }, // U+0113
    { 12, 22, 234, 2, 22, 33, 5597 }, // U+0114
    { 12, 18, 228, 1, 18, 27, 5630 }, // U+0115
    { 12, 21, 234, 2, 21, 32, 5657 }, // U+0116
    { 12, 17, 228, 1, 17, 26, 5689 }, // U+0117
    { 12, 22, 234, 2, 17, 33, 5715 }, // U+0118
    { 12, 18, 228, 1, 13, 27, 5748 }, // U+0119
    { 12, 23, 234, 2, 23, 35, 5775 }, // U+011A
    { 12, 19, 228, 1, 19, 29, 5810 }, // U+011B
    { 14, 23, 273, 1, 23, 41, 5839 }, // U+011C
    { 12, 24, 234, 1, 19, 36, 5880 }, // U+011D
    { 14, 22, 273, 1, 22, 39, 5916 }, // U+011E
    { 12, 23, 234, 1, 18, 35, 5955 }, // U+011F
    { 14, 21, 273, 1, 21, 37, 5990 }, // U+0120
    { 12, 22, 234, 1, 17, 33, 6027 }, // U+0121
    { 14, 22, 273, 1, 17, 39, 6060 }, // U+0122
    { 12, 25, 234, 1, 20, 38, 6099 }, // U+0123
    { 14, 23, 288, 2, 23, 41, 6137 }, // U+0124
    { 11, 24, 233, 2, 24, 33, 6178 }, // U+0125
    { 19, 17, 299, 0, 17, 41, 6211 }, // U+0126
    { 13, 19, 233, 0, 19, 31, 6252 }, // U+0127
    { 9, 21, 117, -1, 21, 24, 6283 }, // U+0128
    { 9, 17, 110, -2, 17, 20, 6307 }, // U+0129
    { 8, 20, 117, 0, 20, 20, 6327 }, // U+012A
    { 8, 16, 110, -1, 16, 16, 6347 }, // U+012B
    { 8, 22, 117, 0, 22, 22, 6363 }, // U+012C
    { 8, 18, 110, -1, 18, 18, 6385 }, // U+012D
    { 5, 22, 117, 0, 17, 14, 6403 }, // U+012E
    { 5, 23, 110, 0, 18, 15, 6417 }, // U+012F
    { 3, 21, 117, 2, 21, 8, 6432 }, // U+0130
    { 3, 13, 110, 2, 13, 5, 6440 }, // U+0131
    { 16, 17, 324, 2, 17, 34, 6445 }, // U+0132
    { 10, 23, 219, 2, 18, 29, 6479 }, // U+0133
    { 13, 23, 205, 0, 23, 38, 6508 }, // U+0134
    { 9, 24, 110, -2, 19, 27, 6546 }, // U+0135
    { 14, 22, 260, 2, 17, 39, 6573 }, // U+0136
    { 12, 24, 220, 2, 19, 36, 6612 }, // U+0137
    { 12, 13, 224, 2, 13, 20, 6648 }, // U+0138
    { 11, 24, 214, 2, 24, 33, 6668 }, // U+0139
    { 6, 24, 119, 0, 24, 18, 6701 }, // U+013A
    { 11, 22, 214, 2, 17, 31, 6719 }, // U+013B
    { 6, 24, 119, 0, 19, 18, 6750 }, // U+013C
    { 11, 17, 214, 2, 17, 24, 6768 }, // U+013D
    { 9, 19, 144, 1, 19, 22, 6792 }, // U+013E
    { 11, 17, 214, 2, 17, 24, 6814 }, // U+013F
    { 10, 19, 173, 1, 19, 24, 6838 }, // U+0140
    { 14, 17, 222, 0, 17, 30, 6862 }, // U+0141
    { 8, 19, 130, 0, 19, 19, 6892 }, // U+0142
    { 15, 24, 296, 2, 24, 45, 6911 }, // U+0143
    { 11, 20, 234, 2, 20, 28, 6956 }, // U+0144
    { 15, 22, 296, 2, 17, 42, 6984 }, // U+0145
    { 11, 18, 234, 2, 13, 25, 7026 }, // U+0146
    { 15, 23, 296, 2, 23, 44, 7051 }, // U+0147
    { 11, 19, 234, 2, 19, 27, 7095 }, // U+0148
    { 13, 19, 239, 0, 19, 31, 7122 }, // U+0149
    { 15, 22, 296, 2, 17, 42, 7153 }, // U+014A
    { 11, 18, 234, 2, 13, 25, 7195 }, // U+014B
    { 18, 20, 313, 1, 20, 45, 7220 }, // U+014C
    { 13, 16, 239, 1, 16, 26, 7265 }, // U+014D
    { 18, 22, 313, 1, 22, 50, 7291 }, // U+014E
    { 13, 18, 239, 1, 18, 30, 7341 }, // U+014F
    { 18, 23, 313, 1, 23, 52, 7371 }, // U+0150
    { 13, 19, 239, 1, 19, 31, 7423 }, // U+0151
    { 23, 17, 398, 1, 17, 49, 7454 }, // U+0152
    { 22, 13, 377, 1, 13, 36, 7503 }, // U+0153
    { 14, 24, 256, 2, 24, 42, 7539 }, // U+0154
    { 8, 20, 161, 2, 20, 20, 7581 }, // U+0155
    { 14, 22, 256, 2, 17, 39, 7601 }, // U+0156
    { 10, 18, 161, 0, 13, 23, 7640 }, // U+0157
    { 14, 23, 256, 2, 23, 41, 7663 }, // U+0158
    { 8, 19, 161, 2, 19, 19, 7704 }, // U+0159
    { 12, 24, 216, 1, 24, 36, 7723 }, // U+015A
    { 9, 20, 183, 1, 20, 23, 7759 }, // U+015B
    { 12, 23, 216, 1, 23, 35, 7782 }, // U+015C
    { 9, 19, 183, 1, 19, 22, 7817 }, // U+015D
    { 12, 22, 216, 1, 17, 33, 7839 }, // U+015E
    { 9, 18, 183, 1, 13, 21, 7872 }, // U+015F
    { 12, 23, 216, 1, 23, 35, 7893 }, // U+0160
    { 9, 19, 183, 1, 19, 22, 7928 }, // U+0161
    { 13, 22, 232, 0, 17, 36, 7950 }, // U+0162
    { 9, 22, 167, 2, 17, 25, 7986 }, // U+0163
    { 13, 23, 232, 1, 23, 38, 8011 }, // U+0164
    { 9, 19, 167, 2, 19, 22, 8049 }, // U+0165
    { 13, 17, 232, 1, 17, 28, 8071 }, // U+0166
    { 9, 17, 167, 2, 17, 20, 8099 }, // U+0167
    { 14, 21, 281, 2, 21, 37, 8119 }, // U+0168
    { 11, 17, 233, 2, 17, 24, 8156 }, // U+0169
    { 14, 20, 281, 2, 20, 35, 8180 }, // U+016A
    { 11, 16, 233, 2, 16, 22, 8215 }, // U+016B
    { 14, 22, 281, 2, 22, 39, 8237 }, // U+016C
    { 11, 18, 233, 2, 18, 25, 8276 }, // U+016D
    { 14, 24, 281, 2, 24, 42, 8301 }, // U+016E
    { 11, 20, 233, 2, 20, 28, 8343 }, // U+016F
    { 14, 23, 281, 2, 23, 41, 8371 }, // U+0170
    { 11, 19, 233, 2, 19, 27, 8412 }, // U+0171
    { 14, 22, 281, 2, 17, 39, 8439 }, // U+0172
    { 11, 18, 233, 2, 13, 25, 8478 }, // U+0173
    { 22, 23, 375, 1, 23, 64, 8503 }, // U+0174
    { 18, 19, 312, 1, 19, 43, 8567 }, // U+0175
    { 15, 23, 250, 1, 23, 44, 8610 }, // U+0176
    { 13, 24, 208, 0, 19, 39, 8654 }, // U+0177
    { 15, 21, 250, 1, 21, 40, 8693 }, // U+0178
    { 13, 24, 235, 1, 24, 39, 8733 }, // U+0179
    { 10, 20, 194, 1, 20, 25, 8772 }, // U+017A
    { 13, 21, 235, 1, 21, 35, 8797 }, // U+017B
    { 10, 17, 194, 1, 17, 22, 8832 }, // U+017C
    { 13, 23, 235, 1, 23, 38, 8854 }, // U+017D
    { 10, 19, 194, 1, 19, 24, 8892 }, // U+017E
    { 8, 19, 117, 2, 19, 19, 8916 }, // U+017F
    { 18, 19, 312, 1, 19, 43, 8935 }, // U+01A0
    { 14, 15, 239, 1, 15, 27, 8978 }, // U+01A1
    { 18, 20, 288, 2, 20, 45, 9005 }, // U+01AF
    { 14, 16, 241, 2, 16, 28, 9050 }, // U+01B0
    { 30, 23, 518, 2, 23, 87, 9078 }, // U+01C4
    { 27, 19, 481, 2, 19, 65, 9165 }, // U+01C5
    { 25, 19, 432, 1, 19, 60, 9230 }, // U+01C6
    { 23, 17, 424, 2, 17, 49, 9290 }, // U+01C7
    { 16, 23, 325, 2, 18, 46, 9339 }, // U+01C8
    { 11, 24, 228, 1, 19, 33, 9385 }, // U+01C9
    { 28, 17, 503, 2, 17, 60, 9418 }, // U+01CA
    { 21, 23, 406, 2, 18, 61, 9478 }, // U+01CB
    { 18, 23, 343, 2, 18, 52, 9539 }, // U+01CC
    { 17, 23, 274, 0, 23, 49, 9591 }, // U+01CD
    { 10, 19, 214, 1, 19, 24, 9640 }, // U+01CE
    { 7, 23, 117, 0, 23, 21, 9664 }, // U+01CF
    { 7, 19, 110, 0, 19, 17, 9685 }, // U+01D0
    { 18, 23, 313, 1, 23, 52, 9702 }, // U+01D1
    { 13, 19, 239, 1, 19, 31, 9754 }, // U+01D2
    { 14, 23, 281, 2, 23, 41, 9785 }, // U+01D3
    { 11, 19, 233, 2, 19, 27, 9826 }, // U+01D4
    { 14, 24, 281, 2, 24, 42, 9853 }, // U+01D5
    { 11, 20, 233, 2, 20, 28, 9895 }, // U+01D6
    { 14, 24, 281, 2, 24, 42, 9923 }, // U+01D7
    { 11, 22, 233, 2, 22, 31, 9965 }, // U+01D8
    { 14, 24, 281, 2, 24, 42, 9996 }, // U+01D9
    { 11, 20, 233, 2, 20, 28, 10038 }, // U+01DA
    { 14, 24, 281, 2, 24, 42, 10066 }, // U+01DB
    { 11, 21, 233, 2, 21, 29, 10108 }, // U+01DC
    { 12, 13, 228, 1, 13, 20, 10137 }, // U+01DD
    { 17, 24, 274, 0, 24, 51, 10157 }, // U+01DE
    { 10, 20, 214, 1, 20, 25, 10208 }, // U+01DF
    { 17, 24, 274, 0, 24, 51, 10233 }, // U+01E0
    { 10, 20, 214, 1, 20, 25, 10284 }, // U+01E1
    { 23, 20, 383, 0, 20, 58, 10309 }, // U+01E2
    { 20, 16, 348, 1, 16, 40, 10367 }, // U+01E3
    { 17, 17, 286, 1, 17, 37, 10407 }, // U+01E4
    { 14, 18, 237, 1, 13, 32, 10444 }, // U+01E5
    { 14, 23, 273, 1, 23, 41, 10476 }, // U+01E6
    { 12, 24, 234, 1, 19, 36, 10517 }, // U+01E7
    { 14, 23, 260, 2, 23, 41, 10553 }, // U+01E8
    { 12, 24, 220, 2, 24, 36, 10594 }, // U+01E9
    { 18, 23, 313, 1, 17, 52, 10630 }, // U+01EA
    { 13, 18, 239, 1, 13, 30, 10682 }, // U+01EB
    { 18, 26, 313, 1, 20, 59, 10712 }, // U+01EC
    { 13, 21, 239, 1, 16, 35, 10771 }, // U+01ED
    { 13, 23, 234, 1, 23, 38, 10806 }, // U+01EE
    { 12, 24, 198, -1, 19, 36, 10844 }, // U+01EF
    { 9, 24, 110, -2, 19, 27, 10880 }, // U+01F0
    { 30, 17, 518, 2, 17, 64, 10907 }, // U+01F1
    { 27, 17, 481, 2, 17, 58, 10971 }, // U+01F2
    { 25, 19, 432, 1, 19, 60, 11029 }, // U+01F3
    { 14, 24, 273, 1, 24, 42, 11089 }, // U+01F4
    { 12, 25, 234, 1, 20, 38, 11131 }, // U+01F5
    { 23, 17, 426, 2, 17, 49, 11169 }, // U+01F6
    { 13, 22, 263, 2, 17, 36, 11218 }, // U+01F7
    { 15, 24, 296, 2, 24, 45, 11254 }, // U+01F8
    { 11, 20, 234, 2, 20, 28, 11299 }, // U+01F9
    { 17, 26, 274, 0, 26, 56, 11327 }, // U+01FA
    { 10, 26, 214, 1, 26, 33, 11383 }, // U+01FB
    { 23, 24, 383, 0, 24, 69, 11416 }, // U+01FC
    { 20, 20, 348, 1, 20, 50, 11485 }, // U+01FD
    { 18, 26, 313, 1, 25, 59, 11535 }, // U+01FE
    { 13, 22, 239, 1, 21, 36, 11594 }, // U+01FF
    { 17, 24, 274, 0, 24, 51, 11630 }, // U+0200
    { 10, 20, 214, 1, 20, 25, 11681 }, // U+0201
    { 17, 23, 274, 0, 23, 49, 11706 }, // U+0202
    { 10, 19, 214, 1, 19, 24, 11755 }, // U+0203
    { 12, 24, 234, 2, 24, 36, 11779 }, // U+0204
    { 12, 20, 228, 1, 20, 30, 11815 }, // U+0205
    { 12, 23, 234, 2, 23, 35, 11845 }, // U+0206
    { 12, 19, 228, 1, 19, 29, 11880 }, // U+0207
    { 11, 24, 117, -3, 24, 33, 11909 }, // U+0208
    { 10, 20, 110, -3, 20, 25, 11942 }, // U+0209
    { 7, 23, 117, 0, 23, 21, 11967 }, // U+020A
    { 7, 19, 110, -1, 19, 17, 11988 }, // U+020B
    { 18, 24, 313, 1, 24, 54, 12005 }, // U+020C
    { 13, 20, 239, 1, 20, 33, 12059 }, // U+020D
    { 18, 23, 313, 1, 23, 52, 12092 }, // U+020E
    { 13, 19, 239, 1, 19, 31, 12144 }, // U+020F
    { 14, 24, 256, 2, 24, 42, 12175 }, // U+0210
    { 10, 20, 161, 0, 20, 25, 12217 }, // U+0211
    { 14, 23, 256, 2, 23, 41, 12242 }, // U+0212
    { 8, 19, 161, 2, 19, 19, 12283 }, // U+0213
    { 14, 24, 281, 2, 24, 42, 12302 }, // U+0214
    { 12, 20, 233, 1, 20, 30, 12344 }, // U+0215
    { 14, 23, 281, 2, 23, 41, 12374 }, // U+0216
    { 11, 19, 233, 2, 19, 27, 12415 }, // U+0217
    { 12, 22, 216, 1, 17, 33, 12442 }, // U+0218
    { 9, 18, 183, 1, 13, 21, 12475 }, // U+0219
    { 13, 22, 232, 1, 17, 36, 12496 }, // U+021A
    { 9, 22, 167, 2, 17, 25, 12532 }, // U+021B
    { 12, 22, 215, 0, 17, 33, 12557 }, // U+021C
    { 10, 18, 181, 0, 13, 23, 12590 }, // U+021D
    { 14, 23, 288, 2, 23, 41, 12613 }, // U+021E
    { 11, 24, 233, 2, 24, 33, 12654 }, // U+021F
    { 6, 4, 0, -12, 20, 3, 12687 }, // U+0300
    { 6, 4, 0, -7, 20, 3, 12690 }, // U+0301
    { 8, 4, 0, -4, 20, 4, 12693 }, // U+0302
    { 9, 3, 0, -13, 19, 4, 12697 }, // U+0303
    { 8, 2, 0, -4, 18, 2, 12701 }, // U+0304
    { 8, 4, 0, -4, 20, 4, 12703 }, // U+0306
    { 2, 3, 0, -1, 19, 1, 12707 }, // U+0307
    { 8, 2, 0, -4, 18, 2, 12708 }, // U+0308
    { 6, 5, 0, -3, 21, 4, 12710 }, // U+030A
    { 9, 4, 0, -3, 20, 5, 12714 }, // U+030B
    { 8, 4, 0, -4, 20, 4, 12719 }, // U+030C
    { 7, 4, 159, 2, 19, 4, 12723 }, // U+0311
    { 4, 6, 0, -2, 18, 3, 12727 }, // U+0312
    { 4, 4, 0, -2, -2, 2, 12730 }, // U+0326
    { 5, 6, 0, -3, 0, 4, 12732 }, // U+0327
    { 4, 6, 0, -2, 0, 3, 12736 }, // U+0328
    { 1, 1, 0, 0, 1, 1, 12739 }, // U+034F
    { 12, 24, 234, 2, 24, 36, 12740 }, // U+0400
    { 12, 21, 234, 2, 21, 32, 12776 }, // U+0401
    { 18, 17, 308, 0, 17, 39, 12808 }, // U+0402
    { 11, 24, 214, 2, 24, 33, 12847 }, // U+0403
    { 14, 17, 252, 1, 17, 30, 12880 }, // U+0404
    { 12, 17, 216, 1, 17, 26, 12910 }, // U+0405
    { 3, 17, 117, 2, 17, 7, 12936 }, // U+0406
    { 8, 21, 117, 0, 21, 21, 12943 }, // U+0407
    { 11, 17, 205, 0, 17, 24, 12964 }, // U+0408
    { 26, 17, 430, 0, 17, 56, 12988 }, // U+0409
    { 23, 17, 418, 2, 17, 49, 13044 }, // U+040A
    { 17, 17, 306, 0, 17, 37, 13093 }, // U+040B
    { 14, 24, 260, 2, 24, 42, 13130 }, // U+040C
    { 15, 24, 296, 2, 24, 45, 13172 }, // U+040D
    { 14, 23, 246, 1, 23, 41, 13217 }, // U+040E
    { 14, 22, 286, 2, 17, 39, 13258 }, // U+040F
    { 17, 17, 274, 0, 17, 37, 13297 }, // U+0410
    { 13, 17, 252, 2, 17, 28, 13334 }, // U+0411
    { 13, 17, 263, 2, 17, 28, 13362 }, // U+0412
    { 11, 17, 214, 2, 17, 24, 13390 }, // U+0413
    { 19, 22, 306, 0, 17, 53, 13414 }, // U+0414
    { 12, 17, 234, 2, 17, 26, 13467 }, // U+0415
    { 23, 17, 380, 1, 17, 49, 13493 }, // U+0416
    { 13, 17, 236, 1, 17, 28, 13542 }, // U+0417
    { 15, 17, 296, 2, 17, 32, 13570 }, // U+0418
    { 15, 23, 296, 2, 23, 44, 13602 }, // U+0419
    { 14, 17, 260, 2, 17, 30, 13646 }, // U+041A
    { 17, 17, 297, 0, 17, 37, 13676 }, // U+041B
    { 18, 17, 354, 2, 17, 39, 13713 }, // U+041C
    { 14, 17, 288, 2, 17, 30, 13752 }, // U+041D
    { 18, 17, 313, 1, 17, 39, 13782 }, // U+041E
    { 14, 17, 286, 2, 17, 30, 13821 }, // U+041F
    { 13, 17, 249, 2, 17, 28, 13851 }, // U+0420
    { 14, 17, 255, 1, 17, 30, 13879 }, // U+0421
    { 13, 17, 232, 1, 17, 28, 13909 }, // U+0422
    { 14, 17, 246, 1, 17, 30, 13937 }, // U+0423
    { 19, 17, 346, 1, 17, 41, 13967 }, // U+0424
    { 14, 17, 263, 1, 17, 30, 14008 }, // U+0425
    { 17, 22, 301, 2, 17, 47, 14038 }, // U+0426
    { 14, 17, 264, 1, 17, 30, 14085 }, // U+0427
    { 21, 17, 400, 2, 17, 45, 14115 }, // U+0428
    { 24, 22, 416, 2, 17, 66, 14160 }, // U+0429
    { 16, 17, 295, 1, 17, 34, 14226 }, // U+042A
    { 18, 17, 356, 2, 17, 39, 14260 }, // U+042B
    { 13, 17, 253, 2, 17, 28, 14299 }, // U+042C
    { 14, 17, 252, 1, 17, 30, 14327 }, // U+042D
    { 23, 17, 422, 2, 17, 49, 14357 }, // U+042E
    { 13, 17, 263, 1, 17, 28, 14406 }, // U+042F
    { 10, 13, 214, 1, 13, 17, 14434 }, // U+0430
    { 13, 19, 242, 1, 19, 31, 14451 }, // U+0431
    { 11, 13, 228, 2, 13, 18, 14482 }, // U+0432
    { 9, 13, 175, 2, 13, 15, 14500 }, // U+0433
    { 16, 17, 253, 0, 13, 34, 14515 }, // U+0434
    { 12, 13, 228, 1, 13, 20, 14549 }, // U+0435
    { 20, 13, 320, 0, 13, 33, 14569 }, // U+0436
    { 11, 13, 200, 1, 13, 18, 14602 }, // U+0437
    { 11, 13, 245, 2, 13, 18, 14620 }, // U+0438
    { 11, 19, 245, 2, 19, 27, 14638 }, // U+0439
    { 12, 13, 224, 2, 13, 20, 14665 }, // U+043A
    { 12, 13, 245, 1, 13, 20, 14685 }, // U+043B
    { 15, 13, 299, 2, 13, 25, 14705 }, // U+043C
    { 11, 13, 237, 2, 13, 18, 14730 }, // U+043D
    { 13, 13, 239, 1, 13, 22, 14748 }, // U+043E
    { 11, 13, 236, 2, 13, 18, 14770 }, // U+043F
    { 12, 18, 238, 2, 13, 27, 14788 }, // U+0440
    { 10, 13, 189, 1, 13, 17, 14815 }, // U+0441
    { 11, 13, 194, 0, 13, 18, 14832 }, // U+0442
    { 13, 18, 208, 0, 13, 30, 14850 }, // U+0443
    { 17, 24, 312, 1, 19, 51, 14880 }, // U+0444
    { 13, 13, 212, 0, 13, 22, 14931 }, // U+0445
    { 13, 17, 243, 2, 13, 28, 14953 }, // U+0446
    { 11, 13, 220, 1, 13, 18, 14981 }, // U+0447
    { 17, 13, 338, 2, 13, 28, 14999 }, // U+0448
    { 20, 17, 346, 2, 13, 43, 15027 }, // U+0449
    { 15, 13, 248, 0, 13, 25, 15070 }, // U+044A
    { 16, 13, 316, 2, 13, 26, 15095 }, // U+044B
    { 11, 13, 220, 2, 13, 18, 15121 }, // U+044C
    { 11, 13, 206, 1, 13, 18, 15139 }, // U+044D
    { 18, 13, 337, 2, 13, 30, 15157 }, // U+044E
    { 12, 13, 226, 0, 13, 20, 15187 }, // U+044F
    { 12, 20, 228, 1, 20, 30, 15207 }, // U+0450
    { 12, 17, 228, 1, 17, 26, 15237 }, // U+0451
    { 12, 24, 230, 0, 19, 36, 15263 }, // U+0452
    { 9, 20, 175, 2, 20, 23, 15299 }, // U+0453
    { 11, 13, 206, 1, 13, 18, 15322 }, // U+0454
    { 9, 13, 183, 1, 13, 15, 15340 }, // U+0455
    { 3, 18, 110, 2, 18, 7, 15355 }, // U+0456
    { 9, 17, 110, -1, 17, 20, 15362 }, // U+0457
    { 7, 23, 110, -2, 18, 21, 15382 }, // U+0458
    { 21, 13, 351, 0, 13, 35, 15403 }, // U+0459
    { 18, 13, 343, 2, 13, 30, 15438 }, // U+045A
    { 13, 19, 233, 0, 19, 31, 15468 }, // U+045B
    { 12, 20, 224, 2, 20, 30, 15499 }, // U+045C
    { 11, 20, 245, 2, 20, 28, 15529 }, // U+045D
    { 13, 24, 208, 0, 19, 39, 15557 }, // U+045E
    { 11, 17, 235, 2, 13, 24, 15596 }, // U+045F
    { 17, 19, 291, 0, 19, 41, 15620 }, // U+0462
    { 13, 19, 243, 1, 19, 31, 15661 }, // U+0463
    { 18, 17, 313, 1, 17, 39, 15692 }, // U+0472
    { 13, 13, 239, 1, 13, 22, 15731 }, // U+0473
    { 18, 17, 307, 1, 17, 39, 15753 }, // U+0474
    { 15, 13, 232, 0, 13, 25, 15792 }, // U+0475
    { 17, 29, 306, 2, 24, 62, 15817 }, // U+048A
    { 14, 24, 248, 2, 20, 42, 15879 }, // U+048B
    { 15, 17, 256, 0, 17, 32, 15921 }, // U+048C
    { 12, 13, 214, 0, 13, 20, 15953 }, // U+048D
    { 13, 17, 249, 2, 17, 28, 15973 }, // U+048E
    { 12, 18, 238, 2, 13, 27, 16001 }, // U+048F
    { 11, 20, 214, 2, 20, 28, 16028 }, // U+0490
    { 9, 16, 177, 2, 16, 18, 16056 }, // U+0491
    { 13, 17, 220, 0, 17, 28, 16074 }, // U+0492
    { 11, 13, 180, 0, 13, 18, 16102 }, // U+0493
    { 13, 22, 257, 2, 17, 36, 16120 }, // U+0494
    { 11, 18, 222, 2, 13, 25, 16156 }, // U+0495
    { 23, 22, 386, 0, 17, 64, 16181 }, // U+0496
    { 20, 17, 325, 0, 13, 43, 16245 }, // U+0497
    { 13, 22, 236, 1, 17, 36, 16288 }, // U+0498
    { 11, 18, 200, 1, 13, 25, 16324 }, // U+0499
    { 15, 22, 274, 2, 17, 42, 16349 }, // U+049A
    { 12, 17, 227, 2, 13, 26, 16391 }, // U+049B
    { 16, 17, 300, 2, 17, 34, 16417 }, // U+049C
    { 14, 13, 260, 2, 13, 23, 16451 }, // U+049D
    { 17, 17, 266, 0, 17, 37, 16474 }, // U+049E
    { 14, 13, 231, 0, 13, 23, 16511 }, // U+049F
    { 19, 17, 303, 0, 17, 41, 16534 }, // U+04A0
    { 15, 13, 250, 1, 13, 25, 16575 }, // U+04A1
    { 17, 22, 305, 2, 17, 47, 16600 }, // U+04A2
    { 13, 17, 246, 2, 13, 28, 16647 }, // U+04A3
    { 18, 17, 330, 2, 17, 39, 16675 }, // U+04A4
    { 13, 13, 262, 2, 13, 22, 16714 }, // U+04A5
    { 23, 22, 421, 2, 17, 64, 16736 }, // U+04A6
    { 19, 18, 345, 2, 13, 43, 16800 }, // U+04A7
    { 18, 22, 320, 1, 17, 50, 16843 }, // U+04A8
    { 14, 18, 250, 1, 13, 32, 16893 }, // U+04A9
    { 14, 22, 255, 1, 17, 39, 16925 }, // U+04AA
    { 10, 18, 189, 1, 13, 23, 16964 }, // U+04AB
    { 13, 22, 232, 1, 17, 36, 16987 }, // U+04AC
    { 11, 17, 194, 0, 13, 24, 17023 }, // U+04AD
    { 15, 17, 250, 1, 17, 32, 17047 }, // U+04AE
    { 13, 18, 211, 0, 13, 30, 17079 }, // U+04AF
    { 16, 17, 250, 1, 17, 34, 17109 }, // U+04B0
    { 13, 18, 211, 0, 13, 30, 17143 }, // U+04B1
    { 16, 22, 271, 1, 17, 44, 17173 }, // U+04B2
    { 14, 17, 218, 0, 13, 30, 17217 }, // U+04B3
    { 22, 22, 350, 0, 17, 61, 17247 }, // U+04B4
    { 17, 17, 268, 0, 13, 37, 17308 }, // U+04B5
    { 15, 22, 272, 1, 17, 42, 17345 }, // U+04B6
    { 13, 17, 230, 1, 13, 28, 17387 }, // U+04B7
    { 14, 17, 264, 1, 17, 30, 17415 }, // U+04B8
    { 11, 13, 224, 1, 13, 18, 17445 }, // U+04B9
    { 14, 19, 266, 2, 19, 34, 17463 }, // U+04BA
    { 11, 19, 233, 2, 19, 27, 17497 }, // U+04BB
    { 20, 17, 342, 0, 17, 43, 17524 }, // U+04BC
    { 15, 13, 274, 1, 13, 25, 17567 }, // U+04BD
    { 20, 21, 343, 0, 17, 53, 17592 }, // U+04BE
    { 16, 16, 274, 0, 13, 32, 17645 }, // U+04BF
    { 3, 17, 117, 2, 17, 7, 17677 }, // U+04C0
    { 23, 23, 380, 1, 23, 67, 17684 }, // U+04C1
    { 20, 19, 320, 0, 19, 48, 17751 }, // U+04C2
    { 14, 22, 264, 2, 17, 39, 17799 }, // U+04C3
    { 11, 18, 224, 2, 13, 25, 17838 }, // U+04C4
    { 19, 22, 307, 0, 17, 53, 17863 }, // U+04C5
    { 15, 17, 252, 1, 13, 32, 17916 }, // U+04C6
    { 14, 22, 288, 2, 17, 39, 17948 }, // U+04C7
    { 11, 18, 237, 2, 13, 25, 17987 }, // U+04C8
    { 17, 22, 298, 2, 17, 47, 18012 }, // U+04C9
    { 13, 17, 241, 2, 13, 28, 18059 }, // U+04CA
    { 13, 22, 267, 2, 17, 36, 18087 }, // U+04CB
    { 11, 17, 220, 1, 13, 24, 18123 }, // U+04CC
    { 21, 22, 368, 2, 17, 58, 18147 }, // U+04CD
    { 17, 17, 308, 2, 13, 37, 18205 }, // U+04CE
    { 3, 17, 110, 2, 17, 7, 18242 }, // U+04CF
    { 17, 23, 274, 0, 23, 49, 18249 }, // U+04D0
    { 10, 19, 214, 1, 19, 24, 18298 }, // U+04D1
    { 17, 21, 274, 0, 21, 45, 18322 }, // U+04D2
    { 10, 17, 214, 1, 17, 22, 18367 }, // U+04D3
    { 23, 17, 383, 0, 17, 49, 18389 }, // U+04D4
    { 20, 13, 348, 1, 13, 33, 18438 }, // U+04D5
    { 12, 23, 234, 2, 23, 35, 18471 }, // U+04D6
    { 12, 19, 228, 1, 19, 29, 18506 }, // U+04D7
    { 16, 17, 287, 1, 17, 34, 18535 }, // U+04D8
    { 12, 13, 228, 1, 13, 20, 18569 }, // U+04D9
    { 16, 21, 287, 1, 21, 42, 18589 }, // U+04DA
    { 12, 17, 228, 1, 17, 26, 18631 }, // U+04DB
    { 23, 21, 380, 1, 21, 61, 18657 }, // U+04DC
    { 20, 17, 320, 0, 17, 43, 18718 }, // U+04DD
    { 13, 21, 236, 1, 21, 35, 18761 }, // U+04DE
    { 11, 17, 200, 1, 17, 24, 18796 }, // U+04DF
    { 13, 17, 234, 1, 17, 28, 18820 }, // U+04E0
    { 12, 18, 198, -1, 13, 27, 18848 }, // U+04E1
    { 15, 20, 296, 2, 20, 38, 18875 }, // U+04E2
    { 11, 16, 245, 2, 16, 22, 18913 }, // U+04E3
    { 15, 21, 296, 2, 21, 40, 18935 }, // U+04E4
    { 11, 17, 245, 2, 17, 24, 18975 }, // U+04E5
    { 18, 21, 313, 1, 21, 48, 18999 }, // U+04E6
    { 13, 17, 239, 1, 17, 28, 19047 }, // U+04E7
    { 18, 17, 313, 1, 17, 39, 19075 }, // U+04E8
    { 13, 13, 239, 1, 13, 22, 19114 }, // U+04E9
    { 18, 21, 313, 1, 21, 48, 19136 }, // U+04EA
    { 13, 17, 239, 1, 17, 28, 19184 }, // U+04EB
    { 14, 21, 252, 1, 21, 37, 19212 }, // U+04EC
    { 11, 17, 206, 1, 17, 24, 19249 }, // U+04ED
    { 14, 20, 246, 1, 20, 35, 19273 }, // U+04EE
    { 13, 21, 208, 0, 16, 35, 19308 }, // U+04EF
    { 14, 21, 246, 1, 21, 37, 19343 }, // U+04F0
    { 13, 22, 208, 0, 17, 36, 19380 }, // U+04F1
    { 14, 23, 246, 1, 23, 41, 19416 }, // U+04F2
    { 13, 24, 208, 0, 19, 39, 19457 }, // U+04F3
    { 14, 21, 264, 1, 21, 37, 19496 }, // U+04F4
    { 11, 17, 220, 1, 17, 24, 19533 }, // U+04F5
    { 11, 22, 214, 2, 17, 31, 19557 }, // U+04F6
    { 9, 17, 175, 2, 13, 20, 19588 }, // U+04F7
    { 18, 21, 356, 2, 21, 48, 19608 }, // U+04F8
    { 16, 17, 316, 2, 17, 34, 19656 }, // U+04F9
    { 14, 15, 253, 1, 15, 27, 19690 }, // U+05D0
    { 12, 15, 229, 1, 15, 23, 19717 }, // U+05D1
    { 8, 15, 150, 1, 15, 15, 19740 }, // U+05D2
    { 12, 15, 217, 1, 15, 23, 19755 }, // U+05D3
    { 13, 15, 251, 1, 15, 25, 19778 }, // U+05D4
    { 5, 15, 120, 1, 15, 10, 19803 }, // U+05D5
    { 6, 15, 132, 1, 15, 12, 19813 }, // U+05D6
    { 14, 15, 265, 1, 15, 27, 19825 }, // U+05D7
    { 14, 15, 254, 1, 15, 27, 19852 }, // U+05D8
    { 5, 8, 118, 1, 15, 5, 19879 }, // U+05D9
    { 11, 20, 218, 1, 15, 28, 19884 }, // U+05DA
    { 11, 15, 206, 1, 15, 21, 19912 }, // U+05DB
    { 11, 19, 209, 1, 19, 27, 19933 }, // U+05DC
    { 14, 15, 274, 1, 15, 27, 19960 }, // U+05DD
    { 15, 15, 264, 1, 15, 29, 19987 }, // U+05DE
    { 5, 20, 132, 1, 15, 13, 20016 }, // U+05DF
    { 7, 15, 152, 1, 15, 14, 20029 }, // U+05E0
    { 14, 15, 257, 1, 15, 27, 20043 }, // U+05E1
    { 13, 16, 237, 1, 15, 26, 20070 }, // U+05E2
    { 13, 20, 248, 1, 15, 33, 20096 }, // U+05E3
    { 13, 15, 240, 1, 15, 25, 20129 }, // U+05E4
    { 11, 20, 212, 1, 15, 28, 20154 }, // U+05E5
    { 12, 15, 222, 1, 15, 23, 20182 }, // U+05E6
    { 13, 20, 251, 2, 15, 33, 20205 }, // U+05E7
    { 10, 15, 209, 1, 15, 19, 20238 }, // U+05E8
    { 15, 15, 292, 2, 15, 29, 20257 }, // U+05E9
    { 14, 15, 274, 1, 15, 27, 20286 }, // U+05EA
    { 3, 6, 131, 2, 6, 3, 20313 }, // U+060C
    { 4, 13, 138, 2, 13, 7, 20316 }, // U+061B
    { 10, 18, 174, 0, 18, 23, 20323 }, // U+061F
    { 9, 10, 164, 0, 9, 12, 20346 }, // U+0621
    { 8, 2, 108, 0, 2, 2, 20358 }, // U+0640
    { 4, 4, 229, 5, 9, 2, 20360 }, // U+0660
    { 4, 17, 229, 5, 17, 9, 20362 }, // U+0661
    { 10, 17, 229, 2, 17, 22, 20371 }, // U+0662
    { 12, 17, 229, 1, 17, 26, 20393 }, // U+0663
    { 10, 17, 229, 2, 17, 22, 20419 }, // U+0664
    { 10, 13, 229, 2, 13, 17, 20441 }, // U+0665
    { 10, 17, 229, 2, 17, 22, 20458 }, // U+0666
    { 14, 17, 229, 0, 17, 30, 20480 }, // U+0667
    { 14, 17, 229, 0, 17, 30, 20510 }, // U+0668
    { 10, 17, 229, 2, 17, 22, 20540 }, // U+0669
    { 15, 14, 274, 1, 8, 27, 20562 }, // U+06BA
    { 6, 2, 120, 1, 2, 2, 20589 }, // U+06D4
    { 4, 4, 229, 5, 9, 2, 20591 }, // U+06F0
    { 4, 17, 229, 5, 17, 9, 20593 }, // U+06F1
    { 10, 17, 229, 2, 17, 22, 20602 }, // U+06F2
    { 12, 17, 229, 1, 17, 26, 20624 }, // U+06F3
    { 10, 17, 229, 2, 17, 22, 20650 }, // U+06F4
    { 10, 17, 229, 2, 17, 22, 20672 }, // U+06F5
    { 9, 17, 229, 3, 17, 20, 20694 }, // U+06F6
    { 14, 17, 229, 0, 17, 30, 20714 }, // U+06F7
    { 14, 17, 229, 0, 17, 30, 20744 }, // U+06F8
    { 10, 17, 229, 2, 17, 22, 20774 }, // U+06F9
    { 17, 22, 274, 0, 17, 47, 20796 }, // U+1EA0
    { 11, 18, 214, 1, 13, 25, 20843 }, // U+1EA1
    { 17, 23, 274, 0, 23, 49, 20868 }, // U+1EA2
    { 11, 19, 214, 1, 19, 27, 20917 }, // U+1EA3
    { 17, 27, 274, 0, 27, 58, 20944 }, // U+1EA4
    { 13, 23, 214, 1, 23, 38, 21002 }, // U+1EA5
    { 17, 27, 274, 0, 27, 58, 21040 }, // U+1EA6
    { 12, 23, 214, 1, 23, 35, 21098 }, // U+1EA7
    { 17, 26, 274, 0, 26, 56, 21133 }, // U+1EA8
    { 12, 22, 214, 1, 22, 33, 21189 }, // U+1EA9
    { 17, 27, 274, 0, 27, 58, 21222 }, // U+1EAA
    { 11, 23, 214, 1, 23, 32, 21280 }, // U+1EAB
    { 17, 28, 274, 0, 23, 60, 21312 }, // U+1EAC
    { 11, 24, 214, 1, 19, 33, 21372 }, // U+1EAD
    { 17, 28, 274, 0, 28, 60, 21405 }, // U+1EAE
    { 11, 24, 214, 1, 24, 33, 21465 }, // U+1EAF
    { 17, 28, 274, 0, 28, 60, 21498 }, // U+1EB0
    { 11, 24, 214, 1, 24, 33, 21558 }, // U+1EB1
    { 17, 27, 274, 0, 27, 58, 21591 }, // U+1EB2
    { 11, 23, 214, 1, 23, 32, 21649 }, // U+1EB3
    { 17, 27, 274, 0, 27, 58, 21681 }, // U+1EB4
    { 11, 23, 214, 1, 23, 32, 21739 }, // U+1EB5
    { 17, 28, 274, 0, 23, 60, 21771 }, // U+1EB6
    { 11, 24, 214, 1, 19, 33, 21831 }, // U+1EB7
    { 12, 22, 234, 2, 17, 33, 21864 }, // U+1EB8
    { 12, 18, 228, 1, 13, 27, 21897 }, // U+1EB9
    { 12, 23, 234, 2, 23, 35, 21924 }, // U+1EBA
    { 12, 19, 228, 1, 19, 29, 21959 }, // U+1EBB
    { 12, 23, 234, 2, 23, 35, 21988 }, // U+1EBC
    { 12, 19, 228, 1, 19, 29, 22023 }, // U+1EBD
    { 13, 27, 234, 2, 27, 44, 22052 }, // U+1EBE
    { 14, 23, 228, 1, 23, 41, 22096 }, // U+1EBF
    { 12, 27, 234, 2, 27, 41, 22137 }, // U+1EC0
    { 12, 23, 228, 1, 23, 35, 22178 }, // U+1EC1
    { 12, 26, 234, 2, 26, 39, 22213 }, // U+1EC2
    { 13, 22, 228, 1, 22, 36, 22252 }, // U+1EC3
    { 12, 27, 234, 2, 27, 41, 22288 }, // U+1EC4
    { 12, 23, 228, 1, 23, 35, 22329 }, // U+1EC5
    { 12, 28, 234, 2, 23, 42, 22364 }, // U+1EC6
    { 12, 24, 228, 1, 19, 36, 22406 }, // U+1EC7
    { 5, 23, 117, 1, 23, 15, 22442 }, // U+1EC8
    { 5, 19, 110, 1, 19, 12, 22457 }, // U+1EC9
    { 4, 22, 117, 2, 17, 11, 22469 }, // U+1ECA
    { 4, 24, 110, 2, 19, 12, 22480 }, // U+1ECB
    { 17, 23, 313, 1, 18, 49, 22492 }, // U+1ECC
    { 13, 18, 239, 1, 13, 30, 22541 }, // U+1ECD
    { 17, 23, 313, 1, 23, 49, 22571 }, // U+1ECE
    { 13, 19, 239, 1, 19, 31, 22620 }, // U+1ECF
    { 17, 27, 313, 1, 27, 58, 22651 }, // U+1ED0
    { 14, 23, 239, 1, 23, 41, 22709 }, // U+1ED1
    { 17, 27, 313, 1, 27, 58, 22750 }, // U+1ED2
    { 13, 23, 239, 1, 23, 38, 22808 }, // U+1ED3
    { 17, 26, 313, 1, 26, 56, 22846 }, // U+1ED4
    { 13, 22, 239, 1, 22, 36, 22902 }, // U+1ED5
    { 17, 27, 313, 1, 27, 58, 22938 }, // U+1ED6
    { 13, 23, 239, 1, 23, 38, 22996 }, // U+1ED7
    { 17, 29, 313, 1, 24, 62, 23034 }, // U+1ED8
    { 13, 24, 239, 1, 19, 39, 23096 }, // U+1ED9
    { 17, 24, 312, 1, 24, 51, 23135 }, // U+1EDA
    { 14, 20, 239, 1, 20, 35, 23186 }, // U+1EDB
    { 17, 24, 312, 1, 24, 51, 23221 }, // U+1EDC
    { 14, 20, 239, 1, 20, 35, 23272 }, // U+1EDD
    { 17, 23, 312, 1, 23, 49, 23307 }, // U+1EDE
    { 14, 19, 239, 1, 19, 34, 23356 }, // U+1EDF
    { 17, 23, 312, 1, 23, 49, 23390 }, // U+1EE0
    { 14, 19, 239, 1, 19, 34, 23439 }, // U+1EE1
    { 17, 25, 312, 1, 20, 54, 23473 }, // U+1EE2
    { 14, 21, 239, 1, 16, 37, 23527 }, // U+1EE3
    { 14, 22, 281, 2, 17, 39, 23564 }, // U+1EE4
    { 11, 18, 233, 2, 13, 25, 23603 }, // U+1EE5
    { 14, 23, 281, 2, 23, 41, 23628 }, // U+1EE6
    { 11, 19, 233, 2, 19, 27, 23669 }, // U+1EE7
    { 17, 24, 288, 2, 24, 51, 23696 }, // U+1EE8
    { 14, 20, 241, 2, 20, 35, 23747 }, // U+1EE9
    { 17, 24, 288, 2, 24, 51, 23782 }, // U+1EEA
    { 14, 20, 241, 2, 20, 35, 23833 }, // U+1EEB
    { 17, 23, 288, 2, 23, 49, 23868 }, // U+1EEC
    { 14, 19, 241, 2, 19, 34, 23917 }, // U+1EED
    { 17, 23, 288, 2, 23, 49, 23951 }, // U+1EEE
    { 14, 19, 241, 2, 19, 34, 24000 }, // U+1EEF
    { 17, 25, 288, 2, 20, 54, 24034 }, // U+1EF0
    { 14, 21, 241, 2, 16, 37, 24088 }, // U+1EF1
    { 15, 24, 250, 1, 24, 45, 24125 }, // U+1EF2
    { 13, 25, 208, 0, 20, 41, 24170 }, // U+1EF3
    { 16, 22, 250, 0, 17, 44, 24211 }, // U+1EF4
    { 13, 18, 208, 0, 13, 30, 24255 }, // U+1EF5
    { 16, 23, 250, 0, 23, 46, 24285 }, // U+1EF6
    { 13, 24, 208, 0, 19, 39, 24331 }, // U+1EF7
    { 16, 23, 250, 0, 23, 46, 24370 }, // U+1EF8
    { 13, 24, 208, 0, 19, 39, 24416 }, // U+1EF9
    { 1, 1, 52, 0, 1, 1, 24455 }, // U+2009
    { 1, 1, 0, 0, 1, 1, 24456 }, // U+200B
    { 1, 19, 0, 0, 18, 3, 24457 }, // U+200C
    { 6, 19, 0, -3, 18, 15, 24460 }, // U+200D
    { 5, 18, 0, 0, 17, 12, 24475 }, // U+200E
    { 5, 18, 0, -5, 17, 12, 24487 }, // U+200F
    { 6, 2, 128, 1, 8, 2, 24499 }, // U+2010
    { 6, 2, 129, 1, 8, 2, 24501 }, // U+2011
    { 13, 3, 200, 0, 9, 5, 24503 }, // U+2013
    { 25, 3, 400, 0, 9, 10, 24508 }, // U+2014
    { 25, 3, 400, 0, 9, 10, 24518 }, // U+2015
    { 4, 7, 101, 1, 20, 4, 24528 }, // U+2018
    { 4, 7, 101, 1, 20, 4, 24532 }, // U+2019
    { 4, 6, 101, 1, 3, 3, 24536 }, // U+201A
    { 9, 7, 181, 1, 20, 8, 24539 }, // U+201C
    { 9, 7, 182, 1, 20, 8, 24547 }, // U+201D
    { 9, 6, 180, 1, 3, 7, 24555 }, // U+201E
    { 11, 22, 193, 0, 17, 31, 24562 }, // U+2020
    { 11, 22, 193, 0, 17, 31, 24593 }, // U+2021
    { 7, 7, 148, 1, 12, 7, 24624 }, // U+2022
    { 18, 3, 400, 5, 3, 7, 24631 }, // U+2026
    { 1, 1, 52, 0, 1, 1, 24638 }, // U+202F
    { 30, 17, 513, 1, 17, 64, 24639 }, // U+2030
    { 7, 12, 125, 0, 13, 11, 24703 }, // U+2039
    { 7, 12, 125, 1, 13, 11, 24714 }, // U+203A
    { 12, 17, 61, -4, 17, 26, 24725 }, // U+2044
    { 4, 13, 138, 2, 13, 7, 24751 }, // U+204F
    { 9, 10, 145, 0, 18, 12, 24758 }, // U+2070
    { 9, 10, 145, -1, 18, 12, 24770 }, // U+2074
    { 8, 10, 145, 0, 18, 10, 24782 }, // U+2075
    { 8, 10, 145, 0, 18, 10, 24792 }, // U+2076
    { 8, 10, 145, 0, 18, 10, 24802 }, // U+2077
    { 8, 10, 145, 0, 18, 10, 24812 }, // U+2078
    { 8, 10, 145, 0, 18, 10, 24822 }, // U+2079
    { 9, 10, 145, 0, 10, 12, 24832 }, // U+2080
    { 6, 10, 145, 0, 10, 8, 24844 }, // U+2081
    { 8, 10, 145, 0, 10, 10, 24852 }, // U+2082
    { 8, 10, 145, 0, 10, 10, 24862 }, // U+2083
    { 9, 10, 145, -1, 10, 12, 24872 }, // U+2084
    { 8, 10, 145, 0, 10, 10, 24884 }, // U+2085
    { 8, 10, 145, 0, 10, 10, 24894 }, // U+2086
    { 8, 10, 145, 0, 10, 10, 24904 }, // U+2087
    { 8, 10, 145, 0, 10, 10, 24914 }, // U+2088
    { 8, 10, 145, 0, 10, 10, 24924 }, // U+2089
    { 16, 15, 317, 2, 15, 30, 24934 }, // U+20AA
    { 13, 17, 227, 1, 17, 28, 24964 }, // U+20AC
    { 13, 17, 227, 1, 17, 28, 24992 }, // U+20AE
    { 12, 17, 227, 1, 17, 26, 25020 }, // U+20B4
    { 13, 17, 227, 2, 17, 28, 25046 }, // U+20B9
    { 13, 20, 238, 1, 20, 33, 25074 }, // U+2202
    { 19, 17, 266, -1, 17, 41, 25107 }, // U+2206
    { 14, 20, 285, 2, 17, 35, 25148 }, // U+220F
    { 13, 20, 210, 0, 17, 33, 25183 }, // U+2211
    { 12, 3, 227, 1, 9, 5, 25216 }, // U+2212
    { 12, 17, 61, -4, 17, 26, 25221 }, // U+2215
    { 3, 3, 84, 2, 9, 2, 25247 }, // U+2219
    { 15, 17, 232, 0, 17, 32, 25249 }, // U+221A
    { 13, 7, 242, 1, 11, 12, 25281 }, // U+221E
    { 9, 25, 153, 1, 20, 29, 25293 }, // U+222B
    { 12, 11, 227, 1, 13, 17, 25322 }, // U+2248
    { 12, 15, 227, 1, 15, 23, 25339 }, // U+2260
    { 12, 15, 227, 1, 15, 23, 25362 }, // U+2264
    { 12, 15, 227, 1, 15, 23, 25385 }, // U+2265
    { 18, 19, 322, 2, 19, 43, 25408 }, // U+FB00
    { 13, 19, 272, 2, 19, 31, 25451 }, // U+FB01
    { 15, 19, 281, 2, 19, 36, 25482 }, // U+FB02
    { 23, 19, 434, 2, 19, 55, 25518 }, // U+FB03
    { 25, 19, 460, 2, 19, 60, 25573 }, // U+FB04
    { 23, 18, 397, 1, 10, 52, 25633 }, // U+FB56
    { 28, 16, 437, 1, 8, 56, 25685 }, // U+FB57
    { 6, 17, 120, 0, 10, 13, 25741 }, // U+FB58
    { 11, 14, 149, 0, 7, 20, 25754 }, // U+FB59
    { 23, 18, 397, 1, 17, 52, 25774 }, // U+FB66
    { 28, 18, 437, 1, 17, 63, 25826 }, // U+FB67
    { 7, 19, 108, 0, 19, 17, 25889 }, // U+FB68
    { 11, 16, 149, 0, 16, 22, 25906 }, // U+FB69
    { 15, 20, 264, 0, 10, 38, 25928 }, // U+FB7A
    { 19, 20, 288, 0, 10, 48, 25966 }, // U+FB7B
    { 14, 16, 236, 0, 9, 28, 26014 }, // U+FB7C
    { 17, 16, 255, 0, 9, 34, 26042 }, // U+FB7D
    { 10, 21, 191, 1, 21, 27, 26076 }, // U+FB88
    { 14, 21, 213, 1, 21, 37, 26103 }, // U+FB89
    { 9, 22, 147, -1, 16, 25, 26140 }, // U+FB8A
    { 12, 22, 158, -1, 16, 33, 26165 }, // U+FB8B
    { 9, 24, 147, -1, 18, 27, 26198 }, // U+FB8C
    { 12, 24, 158, -1, 18, 36, 26225 }, // U+FB8D
    { 21, 19, 351, 1, 18, 50, 26261 }, // U+FB8E
    { 25, 19, 390, 1, 18, 60, 26311 }, // U+FB8F
    { 11, 18, 165, 0, 18, 25, 26371 }, // U+FB90
    { 14, 18, 203, 0, 18, 32, 26396 }, // U+FB91
    { 21, 22, 351, 1, 21, 58, 26428 }, // U+FB92
    { 25, 22, 390, 1, 21, 69, 26486 }, // U+FB93
    { 11, 21, 165, 0, 21, 29, 26555 }, // U+FB94
    { 14, 21, 203, 0, 21, 37, 26584 }, // U+FB95
    { 15, 14, 274, 1, 8, 27, 26621 }, // U+FB9E
    { 19, 13, 292, 1, 7, 31, 26648 }, // U+FB9F
    { 8, 12, 162, 1, 12, 12, 26679 }, // U+FBA6
    { 13, 8, 192, 0, 8, 13, 26691 }, // U+FBA7
    { 5, 15, 108, 0, 10, 10, 26704 }, // U+FBA8
    { 12, 11, 175, 0, 4, 17, 26714 }, // U+FBA9
    { 16, 12, 269, 0, 12, 24, 26731 }, // U+FBAA
    { 17, 15, 246, 0, 10, 32, 26755 }, // U+FBAB
    { 13, 12, 230, 0, 12, 20, 26787 }, // U+FBAC
    { 14, 15, 203, 0, 10, 27, 26807 }, // U+FBAD
    { 22, 12, 377, 1, 11, 33, 26834 }, // U+FBAE
    { 15, 9, 220, 0, 2, 17, 26867 }, // U+FBAF
    { 22, 18, 377, 1, 17, 50, 26884 }, // U+FBB0
    { 15, 15, 220, 0, 8, 29, 26934 }, // U+FBB1
    { 18, 16, 304, 1, 10, 36, 26963 }, // U+FBFC
    { 19, 10, 294, 1, 4, 24, 26999 }, // U+FBFD
    { 6, 15, 120, 0, 10, 12, 27023 }, // U+FBFE
    { 11, 12, 149, 0, 7, 17, 27035 }, // U+FBFF
    { 9, 10, 164, 0, 9, 12, 27052 }, // U+FE80
    { 8, 21, 94, -1, 21, 21, 27064 }, // U+FE81
    { 10, 23, 116, -1, 23, 29, 27085 }, // U+FE82
    { 5, 23, 94, 0, 23, 15, 27114 }, // U+FE83
    { 9, 25, 116, 0, 25, 29, 27129 }, // U+FE84
    { 9, 21, 179, 1, 15, 24, 27158 }, // U+FE85
    { 12, 22, 189, 1, 16, 33, 27182 }, // U+FE86
    { 5, 26, 95, 1, 18, 17, 27215 }, // U+FE87
    { 8, 26, 116, 1, 18, 26, 27232 }, // U+FE88
    { 18, 17, 304, 1, 11, 39, 27258 }, // U+FE89
    { 19, 17, 294, 1, 11, 41, 27297 }, // U+FE8A
    { 6, 17, 108, 0, 17, 13, 27338 }, // U+FE8B
    { 10, 14, 137, 0, 14, 18, 27351 }, // U+FE8C
    { 2, 18, 95, 2, 18, 5, 27369 }, // U+FE8D
    { 7, 18, 116, 2, 18, 16, 27374 }, // U+FE8E
    { 23, 16, 397, 1, 10, 46, 27390 }, // U+FE8F
    { 28, 14, 437, 1, 8, 49, 27436 }, // U+FE90
    { 5, 15, 108, 0, 10, 10, 27485 }, // U+FE91
    { 10, 12, 137, 0, 7, 15, 27495 }, // U+FE92
    { 8, 17, 162, 1, 17, 17, 27510 }, // U+FE93
    { 12, 19, 194, 1, 19, 29, 27527 }, // U+FE94
    { 23, 14, 397, 1, 13, 41, 27556 }, // U+FE95
    { 28, 14, 437, 1, 13, 49, 27597 }, // U+FE96
    { 6, 16, 108, 0, 16, 12, 27646 }, // U+FE97
    { 11, 13, 149, 0, 13, 18, 27658 }, // U+FE98
    { 23, 16, 397, 1, 15, 46, 27676 }, // U+FE99
    { 28, 16, 437, 1, 15, 56, 27722 }, // U+FE9A
    { 6, 18, 108, 0, 18, 14, 27778 }, // U+FE9B
    { 11, 15, 149, 0, 15, 21, 27792 }, // U+FE9C
    { 15, 20, 256, 0, 10, 38, 27813 }, // U+FE9D
    { 17, 20, 260, 0, 10, 43, 27851 }, // U+FE9E
    { 14, 14, 236, 0, 9, 25, 27894 }, // U+FE9F
    { 17, 14, 255, 0, 9, 30, 27919 }, // U+FEA0
    { 15, 20, 256, 0, 10, 38, 27949 }, // U+FEA1
    { 17, 20, 260, 0, 10, 43, 27987 }, // U+FEA2
    { 14, 9, 236, 0, 9, 16, 28030 }, // U+FEA3
    { 17, 9, 255, 0, 9, 20, 28046 }, // U+FEA4
    { 15, 26, 256, 0, 16, 49, 28066 }, // U+FEA5
    { 17, 26, 260, 0, 16, 56, 28115 }, // U+FEA6
    { 14, 14, 236, 0, 14, 25, 28171 }, // U+FEA7
    { 17, 14, 255, 0, 14, 30, 28196 }, // U+FEA8
    { 10, 12, 191, 1, 12, 15, 28226 }, // U+FEA9
    { 14, 12, 213, 1, 12, 21, 28241 }, // U+FEAA
    { 10, 17, 191, 1, 17, 22, 28262 }, // U+FEAB
    { 14, 17, 213, 1, 17, 30, 28284 }, // U+FEAC
    { 9, 14, 147, -1, 8, 16, 28314 }, // U+FEAD
    { 12, 14, 158, -1, 8, 21, 28330 }, // U+FEAE
    { 9, 20, 147, -1, 14, 23, 28351 }, // U+FEAF
    { 12, 20, 158, -1, 14, 30, 28374 }, // U+FEB0
    { 28, 16, 484, 1, 10, 56, 28404 }, // U+FEB1
    { 32, 15, 508, 1, 9, 60, 28460 }, // U+FEB2
    { 18, 10, 314, 0, 10, 23, 28520 }, // U+FEB3
    { 23, 9, 340, 0, 9, 26, 28543 }, // U+FEB4
    { 28, 22, 484, 1, 16, 77, 28569 }, // U+FEB5
    { 32, 22, 508, 1, 16, 88, 28646 }, // U+FEB6
    { 18, 16, 314, 0, 16, 36, 28734 }, // U+FEB7
    { 23, 16, 340, 0, 16, 46, 28770 }, // U+FEB8
    { 31, 15, 522, 1, 9, 59, 28816 }, // U+FEB9
    { 34, 15, 541, 1, 9, 64, 28875 }, // U+FEBA
    { 21, 9, 361, 0, 9, 24, 28939 }, // U+FEBB
    { 25, 9, 380, 0, 9, 29, 28963 }, // U+FEBC
    { 31, 21, 522, 1, 15, 82, 28992 }, // U+FEBD
    { 34, 21, 541, 1, 15, 90, 29074 }, // U+FEBE
    { 21, 15, 361, 0, 15, 40, 29164 }, // U+FEBF
    { 25, 15, 380, 0, 15, 47, 29204 }, // U+FEC0
    { 19, 18, 315, 0, 18, 43, 29251 }, // U+FEC1
    { 22, 18, 332, 0, 18, 50, 29294 }, // U+FEC2
    { 16, 18, 271, 0, 18, 36, 29344 }, // U+FEC3
    { 19, 18, 284, 0, 18, 43, 29380 }, // U+FEC4
    { 19, 18, 315, 0, 18, 43, 29423 }, // U+FEC5
    { 22, 18, 332, 0, 18, 50, 29466 }, // U+FEC6
    { 16, 18, 271, 0, 18, 36, 29516 }, // U+FEC7
    { 19, 18, 284, 0, 18, 43, 29552 }, // U+FEC8
    { 14, 22, 203, 0, 12, 39, 29595 }, // U+FEC9
    { 15, 20, 212, 0, 10, 38, 29634 }, // U+FECA
    { 12, 11, 201, 0, 11, 17, 29672 }, // U+FECB
    { 14, 10, 208, 0, 10, 18, 29689 }, // U+FECC
    { 14, 28, 203, 0, 18, 49, 29707 }, // U+FECD
    { 15, 26, 212, 0, 16, 49, 29756 }, // U+FECE
    { 12, 16, 201, 0, 16, 24, 29805 }, // U+FECF
    { 14, 16, 208, 0, 16, 28, 29829 }, // U+FED0
    { 22, 19, 393, 1, 18, 53, 29857 }, // U+FED1
    { 28, 17, 439, 1, 16, 60, 29910 }, // U+FED2
    { 10, 18, 179, 0, 18, 23, 29970 }, // U+FED3
    { 14, 16, 198, 0, 16, 28, 29993 }, // U+FED4
    { 17, 21, 310, 1, 16, 45, 30021 }, // U+FED5
    { 20, 21, 323, 1, 14, 53, 30066 }, // U+FED6
    { 10, 18, 179, 0, 18, 23, 30119 }, // U+FED7
    { 14, 16, 198, 0, 16, 28, 30142 }, // U+FED8
    { 20, 19, 353, 1, 18, 48, 30170 }, // U+FED9
    { 23, 19, 369, 1, 18, 55, 30218 }, // U+FEDA
    { 11, 18, 165, 0, 18, 25, 30273 }, // U+FEDB
    { 14, 18, 203, 0, 18, 32, 30298 }, // U+FEDC
    { 15, 24, 278, 1, 18, 45, 30330 }, // U+FEDD
    { 19, 24, 292, 1, 18, 57, 30375 }, // U+FEDE
    { 5, 18, 104, 0, 18, 12, 30432 }, // U+FEDF
    { 9, 18, 120, 0, 18, 21, 30444 }, // U+FEE0
    { 11, 20, 194, 0, 10, 28, 30465 }, // U+FEE1
    { 15, 19, 225, 0, 9, 36, 30493 }, // U+FEE2
    { 12, 9, 210, 0, 9, 14, 30529 }, // U+FEE3
    { 16, 9, 231, 0, 9, 18, 30543 }, // U+FEE4
    { 15, 19, 274, 1, 13, 36, 30561 }, // U+FEE5
    { 19, 19, 292, 1, 13, 46, 30597 }, // U+FEE6
    { 5, 16, 108, 0, 16, 10, 30643 }, // U+FEE7
    { 10, 13, 137, 0, 13, 17, 30653 }, // U+FEE8
    { 8, 12, 162, 1, 12, 12, 30670 }, // U+FEE9
    { 12, 13, 194, 1, 13, 20, 30682 }, // U+FEEA
    { 13, 12, 230, 0, 12, 20, 30702 }, // U+FEEB
    { 14, 15, 203, 0, 10, 27, 30722 }, // U+FEEC
    { 9, 14, 179, 1, 8, 16, 30749 }, // U+FEED
    { 12, 14, 189, 1, 8, 21, 30765 }, // U+FEEE
    { 18, 16, 304, 1, 10, 36, 30786 }, // U+FEEF
    { 19, 10, 294, 1, 4, 24, 30822 }, // U+FEF0
    { 18, 21, 304, 1, 10, 48, 30846 }, // U+FEF1
    { 19, 15, 294, 1, 4, 36, 30894 }, // U+FEF2
    { 6, 15, 120, 0, 10, 12, 30930 }, // U+FEF3
    { 11, 12, 149, 0, 7, 17, 30942 }, // U+FEF4
    { 15, 19, 233, -2, 19, 36, 30959 }, // U+FEF5
    { 17, 19, 240, -1, 19, 41, 30995 }, // U+FEF6
    { 13, 21, 233, 0, 21, 35, 31036 }, // U+FEF7
    { 16, 21, 240, 0, 21, 42, 31071 }, // U+FEF8
    { 12, 26, 233, 1, 18, 39, 31113 }, // U+FEF9
    { 15, 26, 240, 1, 18, 49, 31152 }, // U+FEFA
    { 12, 18, 233, 1, 18, 27, 31201 }, // U+FEFB
    { 15, 18, 240, 1, 18, 34, 31228 }, // U+FEFC
};

static const EpdUnicodeInterval ubuntu_12_mediumIntervals[] = {
    { 0x0, 0x0, 0x0 },
    { 0x8, 0x9, 0x1 },
    { 0xD, 0xD, 0x3 },
    { 0x1D, 0x1D, 0x4 },
    { 0x20, 0x7E, 0x5 },
    { 0xA0, 0x17F, 0x64 },
    { 0x1A0, 0x1A1, 0x144 },
    { 0x1AF, 0x1B0, 0x146 },
    { 0x1C4, 0x21F, 0x148 },
    { 0x300, 0x304, 0x1A4 },
    { 0x306, 0x308, 0x1A9 },
    { 0x30A, 0x30C, 0x1AC },
    { 0x311, 0x312, 0x1AF },
    { 0x326, 0x328, 0x1B1 },
    { 0x34F, 0x34F, 0x1B4 },
    { 0x400, 0x45F, 0x1B5 },
    { 0x462, 0x463, 0x215 },
    { 0x472, 0x475, 0x217 },
    { 0x48A, 0x4F9, 0x21B },
    { 0x5D0, 0x5EA, 0x28B },
    { 0x60C, 0x60C, 0x2A6 },
    { 0x61B, 0x61B, 0x2A7 },
    { 0x61F, 0x61F, 0x2A8 },
    { 0x621, 0x621, 0x2A9 },
    { 0x640, 0x640, 0x2AA },
    { 0x660, 0x669, 0x2AB },
    { 0x6BA, 0x6BA, 0x2B5 },
    { 0x6D4, 0x6D4, 0x2B6 },
    { 0x6F0, 0x6F9, 0x2B7 },
    { 0x1EA0, 0x1EF9, 0x2C1 },
    { 0x2009, 0x2009, 0x31B },
    { 0x200B, 0x2011, 0x31C },
    { 0x2013, 0x2015, 0x323 },
    { 0x2018, 0x201A, 0x326 },
    { 0x201C, 0x201E, 0x329 },
    { 0x2020, 0x2022, 0x32C },
    { 0x2026, 0x2026, 0x32F },
    { 0x202F, 0x2030, 0x330 },
    { 0x2039, 0x203A, 0x332 },
    { 0x2044, 0x2044, 0x334 },
    { 0x204F, 0x204F, 0x335 },
    { 0x2070, 0x2070, 0x336 },
    { 0x2074, 0x2079, 0x337 },
    { 0x2080, 0x2089, 0x33D },
    { 0x20AA, 0x20AA, 0x347 },
    { 0x20AC, 0x20AC, 0x348 },
    { 0x20AE, 0x20AE, 0x349 },
    { 0x20B4, 0x20B4, 0x34A },
    { 0x20B9, 0x20B9, 0x34B },
    { 0x2202, 0x2202, 0x34C },
    { 0x2206, 0x2206, 0x34D },
    { 0x220F, 0x220F, 0x34E },
    { 0x2211, 0x2212, 0x34F },
    { 0x2215, 0x2215, 0x351 },
    { 0x2219, 0x221A, 0x352 },
    { 0x221E, 0x221E, 0x354 },
    { 0x222B, 0x222B, 0x355 },
    { 0x2248, 0x2248, 0x356 },
    { 0x2260, 0x2260, 0x357 },
    { 0x2264, 0x2265, 0x358 },
    { 0xFB00, 0xFB04, 0x35A },
    { 0xFB56, 0xFB59, 0x35F },
    { 0xFB66, 0xFB69, 0x363 },
    { 0xFB7A, 0xFB7D, 0x367 },
    { 0xFB88, 0xFB95, 0x36B },
    { 0xFB9E, 0xFB9F, 0x379 },
    { 0xFBA6, 0xFBB1, 0x37B },
    { 0xFBFC, 0xFBFF, 0x387 },
    { 0xFE80, 0xFEFC, 0x38B },
};

static const EpdKernClassEntry ubuntu_12_mediumKernLeftClasses[] = {
    { 0x0022, 1 }, // "
    { 0x0026, 2 }, // &
    { 0x0027, 1 }, // '
    { 0x0028, 3 }, // (
    { 0x0029, 4 }, // )
    { 0x002A, 5 }, // *
    { 0x002C, 6 }, // ,
    { 0x002D, 7 }, // -
    { 0x002E, 6 }, // .
    { 0x002F, 8 }, // /
    { 0x003A, 9 }, // :
    { 0x003B, 9 }, // ;
    { 0x0040, 10 }, // @
    { 0x0041, 11 }, // A
    { 0x0042, 12 }, // B
    { 0x0043, 13 }, // C
    { 0x0044, 14 }, // D
    { 0x0045, 15 }, // E
    { 0x0046, 16 }, // F
    { 0x0047, 17 }, // G
    { 0x004A, 18 }, // J
    { 0x004B, 19 }, // K
    { 0x004C, 20 }, // L
    { 0x004D, 21 }, // M
    { 0x004F, 22 }, // O
    { 0x0050, 23 }, // P
    { 0x0051, 24 }, // Q
    { 0x0052, 25 }, // R
    { 0x0054, 26 }, // T
    { 0x0055, 27 }, // U
    { 0x0056, 28 }, // V
    { 0x0057, 29 }, // W
    { 0x0058, 30 }, // X
    { 0x0059, 31 }, // Y
    { 0x005A, 32 }, // Z
    { 0x005B, 33 }, // [
    { 0x005D, 34 }, // ]
    { 0x0061, 35 }, // a
    { 0x0062, 36 }, // b
    { 0x0063, 37 }, // c
    { 0x0066, 38 }, // f
    { 0x0068, 39 }, // h
    { 0x006A, 40 }, // j
    { 0x006B, 41 }, // k
    { 0x006D, 42 }, // m
    { 0x006E, 42 }, // n
    { 0x006F, 43 }, // o
    { 0x0070, 44 }, // p
    { 0x0071, 45 }, // q
    { 0x0072, 46 }, // r
    { 0x0074, 47 }, // t
    { 0x0076, 48 }, // v
    { 0x0077, 49 }, // w
    { 0x0078, 50 }, // x
    { 0x007A, 51 }, // z
    { 0x007B, 52 }, // {
    { 0x007D, 53 }, // }
    { 0x00A1, 54 }, // U+00A1
    { 0x00AB, 55 }, // U+00AB
    { 0x00BB, 56 }, // U+00BB
    { 0x00BF, 57 }, // U+00BF
    { 0x00C0, 11 }, // U+00C0
    { 0x00C1, 11 }, // U+00C1
    { 0x00C2, 11 }, // U+00C2
    { 0x00C3, 11 }, // U+00C3
    { 0x00C4, 11 }, // U+00C4
    { 0x00C5, 11 }, // U+00C5
    { 0x00C6, 15 }, // U+00C6
    { 0x00C7, 13 }, // U+00C7
    { 0x00C8, 15 }, // U+00C8
    { 0x00C9, 15 }, // U+00C9
    { 0x00CA, 15 }, // U+00CA
    { 0x00CB, 15 }, // U+00CB
    { 0x00D0, 14 }, // U+00D0
    { 0x00D2, 22 }, // U+00D2
    { 0x00D3, 22 }, // U+00D3
    { 0x00D4, 22 }, // U+00D4
    { 0x00D5, 22 }, // U+00D5
    { 0x00D6, 22 }, // U+00D6
    { 0x00D8, 22 }, // U+00D8
    { 0x00D9, 27 }, // U+00D9
    { 0x00DA, 27 }, // U+00DA
    { 0x00DB, 27 }, // U+00DB
    { 0x00DC, 27 }, // U+00DC
    { 0x00DD, 31 }, // U+00DD
    { 0x00DE, 58 }, // U+00DE
    { 0x00DF, 59 }, // U+00DF
    { 0x00E0, 35 }, // U+00E0
    { 0x00E1, 35 }, // U+00E1
    { 0x00E2, 35 }, // U+00E2
    { 0x00E3, 35 }, // U+00E3
    { 0x00E4, 35 }, // U+00E4
    { 0x00E5, 35 }, // U+00E5
    { 0x00E7, 37 }, // U+00E7
    { 0x00F0, 60 }, // U+00F0
    { 0x00F1, 42 }, // U+00F1
    { 0x00F2, 43 }, // U+00F2
    { 0x00F3, 43 }, // U+00F3
    { 0x00F4, 43 }, // U+00F4
    { 0x00F5, 43 }, // U+00F5
    { 0x00F6, 43 }, // U+00F6
    { 0x00F8, 43 }, // U+00F8
    { 0x00FE, 61 }, // U+00FE
    { 0x0100, 11 }, // U+0100
    { 0x0101, 35 }, // U+0101
    { 0x0102, 11 }, // U+0102
    { 0x0103, 35 }, // U+0103
    { 0x0104, 11 }, // U+0104
    { 0x0105, 35 }, // U+0105
    { 0x0106, 13 }, // U+0106
    { 0x0107, 37 }, // U+0107
    { 0x0108, 13 }, // U+0108
    { 0x0109, 37 }, // U+0109
    { 0x010A, 13 }, // U+010A
    { 0x010B, 37 }, // U+010B
    { 0x010C, 13 }, // U+010C
    { 0x010D, 37 }, // U+010D
    { 0x010E, 14 }, // U+010E
    { 0x010F, 62 }, // U+010F
    { 0x0110, 14 }, // U+0110
    { 0x0112, 15 }, // U+0112
    { 0x0114, 15 }, // U+0114
    { 0x0116, 15 }, // U+0116
    { 0x0118, 15 }, // U+0118
    { 0x011A, 15 }, // U+011A
    { 0x011C, 17 }, // U+011C
    { 0x011E, 17 }, // U+011E
    { 0x0120, 17 }, // U+0120
    { 0x0122, 17 }, // U+0122
    { 0x0125, 39 }, // U+0125
    { 0x0127, 39 }, // U+0127
    { 0x0132, 18 }, // U+0132
    { 0x0133, 40 }, // U+0133
    { 0x0134, 18 }, // U+0134
    { 0x0135, 40 }, // U+0135
    { 0x0136, 19 }, // U+0136
    { 0x0137, 41 }, // U+0137
    { 0x0138, 41 }, // U+0138
    { 0x0139, 20 }, // U+0139
    { 0x013B, 20 }, // U+013B
    { 0x013D, 20 }, // U+013D
    { 0x013E, 62 }, // U+013E
    { 0x013F, 20 }, // U+013F
    { 0x0141, 20 }, // U+0141
    { 0x0144, 42 }, // U+0144
    { 0x0146, 42 }, // U+0146
    { 0x0148, 42 }, // U+0148
    { 0x0149, 42 }, // U+0149
    { 0x014A, 63 }, // U+014A
    { 0x014B, 64 }, // U+014B
    { 0x014C, 22 }, // U+014C
    { 0x014D, 43 }, // U+014D
    { 0x014E, 22 }, // U+014E
    { 0x014F, 43 }, // U+014F
    { 0x0150, 22 }, // U+0150
    { 0x0151, 43 }, // U+0151
    { 0x0152, 15 }, // U+0152
    { 0x0154, 25 }, // U+0154
    { 0x0155, 46 }, // U+0155
    { 0x0156, 25 }, // U+0156
    { 0x0157, 46 }, // U+0157
    { 0x0158, 25 }, // U+0158
    { 0x0159, 46 }, // U+0159
    { 0x0162, 26 }, // U+0162
    { 0x0163, 47 }, // U+0163
    { 0x0164, 26 }, // U+0164
    { 0x0165, 47 }, // U+0165
    { 0x0166, 26 }, // U+0166
    { 0x0167, 47 }, // U+0167
    { 0x0168, 27 }, // U+0168
    { 0x016A, 27 }, // U+016A
    { 0x016C, 27 }, // U+016C
    { 0x016E, 27 }, // U+016E
    { 0x0170, 27 }, // U+0170
    { 0x0172, 27 }, // U+0172
    { 0x0174, 29 }, // U+0174
    { 0x0175, 49 }, // U+0175
    { 0x0176, 31 }, // U+0176
    { 0x0178, 31 }, // U+0178
    { 0x0179, 32 }, // U+0179
    { 0x017A, 51 }, // U+017A
    { 0x017B, 32 }, // U+017B
    { 0x017C, 51 }, // U+017C
    { 0x017D, 32 }, // U+017D
    { 0x017E, 51 }, // U+017E
    { 0x01C4, 32 }, // U+01C4
    { 0x01C5, 51 }, // U+01C5
    { 0x01C6, 51 }, // U+01C6
    { 0x01C7, 18 }, // U+01C7
    { 0x01C8, 40 }, // U+01C8
    { 0x01C9, 40 }, // U+01C9
    { 0x01CA, 18 }, // U+01CA
    { 0x01CB, 40 }, // U+01CB
    { 0x01CC, 40 }, // U+01CC
    { 0x01CD, 11 }, // U+01CD
    { 0x01CE, 35 }, // U+01CE
    { 0x01D1, 22 }, // U+01D1
    { 0x01D2, 43 }, // U+01D2
    { 0x01D3, 27 }, // U+01D3
    { 0x01D5, 27 }, // U+01D5
    { 0x01D7, 27 }, // U+01D7
    { 0x01D9, 27 }, // U+01D9
    { 0x01DB, 27 }, // U+01DB
    { 0x01DD, 43 }, // U+01DD
    { 0x01DE, 11 }, // U+01DE
    { 0x01DF, 35 }, // U+01DF
    { 0x01E0, 11 }, // U+01E0
    { 0x01E1, 35 }, // U+01E1
    { 0x01E2, 15 }, // U+01E2
    { 0x01E4, 17 }, // U+01E4
    { 0x01E6, 17 }, // U+01E6
    { 0x01E8, 19 }, // U+01E8
    { 0x01E9, 41 }, // U+01E9
    { 0x01EA, 22 }, // U+01EA
    { 0x01EB, 43 }, // U+01EB
    { 0x01EC, 22 }, // U+01EC
    { 0x01ED, 43 }, // U+01ED
    { 0x01EE, 65 }, // U+01EE
    { 0x01F0, 40 }, // U+01F0
    { 0x01F1, 32 }, // U+01F1
    { 0x01F2, 51 }, // U+01F2
    { 0x01F3, 51 }, // U+01F3
    { 0x01F4, 17 }, // U+01F4
    { 0x01F7, 66 }, // U+01F7
    { 0x01F9, 42 }, // U+01F9
    { 0x01FA, 11 }, // U+01FA
    { 0x01FB, 35 }, // U+01FB
    { 0x01FC, 15 }, // U+01FC
    { 0x01FE, 22 }, // U+01FE
    { 0x01FF, 43 }, // U+01FF
    { 0x0200, 11 }, // U+0200
    { 0x0201, 35 }, // U+0201
    { 0x0202, 11 }, // U+0202
    { 0x0203, 35 }, // U+0203
    { 0x0204, 15 }, // U+0204
    { 0x0206, 15 }, // U+0206
    { 0x020C, 22 }, // U+020C
    { 0x020D, 43 }, // U+020D
    { 0x020E, 22 }, // U+020E
    { 0x020F, 43 }, // U+020F
    { 0x0210, 25 }, // U+0210
    { 0x0211, 46 }, // U+0211
    { 0x0212, 25 }, // U+0212
    { 0x0213, 46 }, // U+0213
    { 0x0214, 27 }, // U+0214
    { 0x0216, 27 }, // U+0216
    { 0x021A, 26 }, // U+021A
    { 0x021B, 47 }, // U+021B
    { 0x021C, 67 }, // U+021C
    { 0x021F, 39 }, // U+021F
    { 0x0400, 68 }, // U+0400
    { 0x0401, 68 }, // U+0401
    { 0x0402, 69 }, // U+0402
    { 0x0403, 70 }, // U+0403
    { 0x0404, 71 }, // U+0404
    { 0x0405, 72 }, // U+0405
    { 0x040B, 73 }, // U+040B
    { 0x040C, 74 }, // U+040C
    { 0x040E, 75 }, // U+040E
    { 0x0410, 76 }, // U+0410
    { 0x0411, 69 }, // U+0411
    { 0x0412, 77 }, // U+0412
    { 0x0413, 70 }, // U+0413
    { 0x0414, 78 }, // U+0414
    { 0x0415, 68 }, // U+0415
    { 0x0416, 79 }, // U+0416
    { 0x0417, 80 }, // U+0417
    { 0x041A, 74 }, // U+041A
    { 0x041C, 81 }, // U+041C
    { 0x041E, 82 }, // U+041E
    { 0x0420, 83 }, // U+0420
    { 0x0421, 71 }, // U+0421
    { 0x0422, 84 }, // U+0422
    { 0x0423, 75 }, // U+0423
    { 0x0424, 85 }, // U+0424
    { 0x0425, 86 }, // U+0425
    { 0x0426, 87 }, // U+0426
    { 0x0429, 87 }, // U+0429
    { 0x042D, 88 }, // U+042D
    { 0x042E, 82 }, // U+042E
    { 0x0430, 89 }, // U+0430
    { 0x0431, 90 }, // U+0431
    { 0x0432, 91 }, // U+0432
    { 0x0433, 92 }, // U+0433
    { 0x0434, 93 }, // U+0434
    { 0x0435, 94 }, // U+0435
    { 0x0436, 95 }, // U+0436
    { 0x0437, 96 }, // U+0437
    { 0x043A, 97 }, // U+043A
    { 0x043E, 98 }, // U+043E
    { 0x0440, 99 }, // U+0440
    { 0x0441, 100 }, // U+0441
    { 0x0442, 101 }, // U+0442
    { 0x0443, 102 }, // U+0443
    { 0x0444, 103 }, // U+0444
    { 0x0445, 104 }, // U+0445
    { 0x0446, 105 }, // U+0446
    { 0x0449, 105 }, // U+0449
    { 0x044A, 106 }, // U+044A
    { 0x044C, 106 }, // U+044C
    { 0x044D, 107 }, // U+044D
    { 0x044E, 107 }, // U+044E
    { 0x0450, 94 }, // U+0450
    { 0x0451, 94 }, // U+0451
    { 0x0452, 108 }, // U+0452
    { 0x0453, 92 }, // U+0453
    { 0x0454, 109 }, // U+0454
    { 0x0455, 110 }, // U+0455
    { 0x0459, 106 }, // U+0459
    { 0x045A, 106 }, // U+045A
    { 0x045B, 111 }, // U+045B
    { 0x045C, 97 }, // U+045C
    { 0x045E, 102 }, // U+045E
    { 0x0462, 69 }, // U+0462
    { 0x0463, 112 }, // U+0463
    { 0x0472, 82 }, // U+0472
    { 0x0473, 98 }, // U+0473
    { 0x0474, 113 }, // U+0474
    { 0x0475, 114 }, // U+0475
    { 0x048A, 87 }, // U+048A
    { 0x048B, 105 }, // U+048B
    { 0x048D, 106 }, // U+048D
    { 0x048F, 99 }, // U+048F
    { 0x0490, 70 }, // U+0490
    { 0x0491, 92 }, // U+0491
    { 0x0492, 70 }, // U+0492
    { 0x0493, 92 }, // U+0493
    { 0x0494, 69 }, // U+0494
    { 0x0495, 115 }, // U+0495
    { 0x0496, 79 }, // U+0496
    { 0x0497, 95 }, // U+0497
    { 0x0498, 80 }, // U+0498
    { 0x0499, 96 }, // U+0499
    { 0x049A, 74 }, // U+049A
    { 0x049B, 97 }, // U+049B
    { 0x049C, 74 }, // U+049C
    { 0x049D, 97 }, // U+049D
    { 0x049E, 74 }, // U+049E
    { 0x049F, 97 }, // U+049F
    { 0x04A0, 74 }, // U+04A0
    { 0x04A1, 97 }, // U+04A1
    { 0x04A2, 87 }, // U+04A2
    { 0x04A3, 105 }, // U+04A3
    { 0x04A4, 84 }, // U+04A4
    { 0x04A5, 92 }, // U+04A5
    { 0x04A7, 116 }, // U+04A7
    { 0x04A8, 117 }, // U+04A8
    { 0x04A9, 118 }, // U+04A9
    { 0x04AA, 71 }, // U+04AA
    { 0x04AB, 100 }, // U+04AB
    { 0x04AC, 84 }, // U+04AC
    { 0x04AD, 101 }, // U+04AD
    { 0x04AE, 119 }, // U+04AE
    { 0x04AF, 120 }, // U+04AF
    { 0x04B0, 119 }, // U+04B0
    { 0x04B1, 120 }, // U+04B1
    { 0x04B2, 86 }, // U+04B2
    { 0x04B3, 104 }, // U+04B3
    { 0x04B4, 87 }, // U+04B4
    { 0x04B5, 105 }, // U+04B5
    { 0x04B6, 87 }, // U+04B6
    { 0x04B7, 105 }, // U+04B7
    { 0x04BA, 121 }, // U+04BA
    { 0x04BB, 122 }, // U+04BB
    { 0x04BC, 123 }, // U+04BC
    { 0x04BD, 124 }, // U+04BD
    { 0x04BE, 123 }, // U+04BE
    { 0x04BF, 124 }, // U+04BF
    { 0x04C1, 79 }, // U+04C1
    { 0x04C2, 95 }, // U+04C2
    { 0x04C4, 125 }, // U+04C4
    { 0x04C6, 105 }, // U+04C6
    { 0x04C8, 126 }, // U+04C8
    { 0x04C9, 87 }, // U+04C9
    { 0x04CA, 105 }, // U+04CA
    { 0x04CD, 87 }, // U+04CD
    { 0x04CE, 105 }, // U+04CE
    { 0x04D0, 76 }, // U+04D0
    { 0x04D1, 89 }, // U+04D1
    { 0x04D2, 76 }, // U+04D2
    { 0x04D3, 89 }, // U+04D3
    { 0x04D4, 127 }, // U+04D4
    { 0x04D5, 128 }, // U+04D5
    { 0x04D6, 68 }, // U+04D6
    { 0x04D7, 94 }, // U+04D7
    { 0x04D8, 129 }, // U+04D8
    { 0x04D9, 98 }, // U+04D9
    { 0x04DA, 129 }, // U+04DA
    { 0x04DB, 98 }, // U+04DB
    { 0x04DC, 79 }, // U+04DC
    { 0x04DD, 95 }, // U+04DD
    { 0x04DE, 80 }, // U+04DE
    { 0x04DF, 96 }, // U+04DF
    { 0x04E0, 130 }, // U+04E0
    { 0x04E1, 131 }, // U+04E1
    { 0x04E6, 82 }, // U+04E6
    { 0x04E7, 98 }, // U+04E7
    { 0x04E8, 82 }, // U+04E8
    { 0x04E9, 98 }, // U+04E9
    { 0x04EA, 82 }, // U+04EA
    { 0x04EB, 98 }, // U+04EB
    { 0x04EC, 88 }, // U+04EC
    { 0x04ED, 96 }, // U+04ED
    { 0x04EE, 75 }, // U+04EE
    { 0x04EF, 102 }, // U+04EF
    { 0x04F0, 75 }, // U+04F0
    { 0x04F1, 102 }, // U+04F1
    { 0x04F2, 75 }, // U+04F2
    { 0x04F3, 102 }, // U+04F3
    { 0x04F6, 70 }, // U+04F6
    { 0x04F7, 92 }, // U+04F7
    { 0x05D0, 132 }, // U+05D0
    { 0x05D1, 133 }, // U+05D1
    { 0x05D2, 134 }, // U+05D2
    { 0x05D3, 135 }, // U+05D3
    { 0x05D5, 136 }, // U+05D5
    { 0x05D6, 137 }, // U+05D6
    { 0x05D8, 138 }, // U+05D8
    { 0x05D9, 139 }, // U+05D9
    { 0x05DB, 140 }, // U+05DB
    { 0x05DC, 141 }, // U+05DC
    { 0x05DE, 142 }, // U+05DE
    { 0x05E0, 143 }, // U+05E0
    { 0x05E1, 144 }, // U+05E1
    { 0x05E2, 145 }, // U+05E2
    { 0x05E4, 146 }, // U+05E4
    { 0x05E6, 147 }, // U+05E6
    { 0x05E8, 148 }, // U+05E8
    { 0x05E9, 149 }, // U+05E9
    { 0x05EA, 150 }, // U+05EA
    { 0x1EF2, 31 }, // U+1EF2
    { 0x2013, 7 }, // U+2013
    { 0x2014, 7 }, // U+2014
    { 0x2018, 151 }, // U+2018
    { 0x201A, 152 }, // U+201A
    { 0x201C, 151 }, // U+201C
    { 0x201E, 152 }, // U+201E
    { 0x2026, 6 }, // U+2026
    { 0x2039, 55 }, // U+2039
    { 0x203A, 56 }, // U+203A
    { 0xFB00, 38 }, // U+FB00
    { 0xFB8C, 153 }, // U+FB8C
    { 0xFEAD, 153 }, // U+FEAD
    { 0xFEAE, 153 }, // U+FEAE
    { 0xFEAF, 153 }, // U+FEAF
};

static const EpdKernClassEntry ubuntu_12_mediumKernRightClasses[] = {
    { 0x0021, 1 }, // !
    { 0x0022, 2 }, // "
    { 0x0026, 3 }, // &
    { 0x0027, 2 }, // '
    { 0x0028, 4 }, // (
    { 0x0029, 5 }, // )
    { 0x002A, 6 }, // *
    { 0x002C, 7 }, // ,
    { 0x002D, 8 }, // -
    { 0x002E, 7 }, // .
    { 0x002F, 9 }, // /
    { 0x003A, 10 }, // :
    { 0x003B, 10 }, // ;
    { 0x003F, 11 }, // ?
    { 0x0040, 12 }, // @
    { 0x0041, 13 }, // A
    { 0x0043, 14 }, // C
    { 0x0047, 15 }, // G
    { 0x004A, 16 }, // J
    { 0x004D, 17 }, // M
    { 0x004F, 18 }, // O
    { 0x0051, 19 }, // Q
    { 0x0053, 20 }, // S
    { 0x0054, 21 }, // T
    { 0x0055, 22 }, // U
    { 0x0056, 23 }, // V
    { 0x0057, 24 }, // W
    { 0x0058, 25 }, // X
    { 0x0059, 26 }, // Y
    { 0x005A, 27 }, // Z
    { 0x005B, 28 }, // [
    { 0x005D, 29 }, // ]
    { 0x0061, 30 }, // a
    { 0x0062, 31 }, // b
    { 0x0063, 32 }, // c
    { 0x0064, 33 }, // d
    { 0x0065, 34 }, // e
    { 0x0066, 35 }, // f
    { 0x0067, 36 }, // g
    { 0x0068, 37 }, // h
    { 0x0069, 37 }, // i
    { 0x006A, 38 }, // j
    { 0x006B, 37 }, // k
    { 0x006C, 39 }, // l
    { 0x006D, 40 }, // m
    { 0x006E, 40 }, // n
    { 0x006F, 41 }, // o
    { 0x0070, 40 }, // p
    { 0x0071, 42 }, // q
    { 0x0072, 40 }, // r
    { 0x0073, 43 }, // s
    { 0x0074, 44 }, // t
    { 0x0075, 45 }, // u
    { 0x0076, 46 }, // v
    { 0x0077, 47 }, // w
    { 0x0078, 48 }, // x
    { 0x0079, 49 }, // y
    { 0x007A, 50 }, // z
    { 0x007B, 51 }, // {
    { 0x007D, 52 }, // }
    { 0x00AB, 53 }, // U+00AB
    { 0x00BB, 54 }, // U+00BB
    { 0x00C0, 13 }, // U+00C0
    { 0x00C1, 13 }, // U+00C1
    { 0x00C2, 13 }, // U+00C2
    { 0x00C3, 13 }, // U+00C3
    { 0x00C4, 13 }, // U+00C4
    { 0x00C5, 13 }, // U+00C5
    { 0x00C6, 55 }, // U+00C6
    { 0x00C7, 14 }, // U+00C7
    { 0x00D2, 18 }, // U+00D2
    { 0x00D3, 18 }, // U+00D3
    { 0x00D4, 18 }, // U+00D4
    { 0x00D5, 18 }, // U+00D5
    { 0x00D6, 18 }, // U+00D6
    { 0x00D8, 18 }, // U+00D8
    { 0x00D9, 22 }, // U+00D9
    { 0x00DA, 22 }, // U+00DA
    { 0x00DB, 22 }, // U+00DB
    { 0x00DC, 22 }, // U+00DC
    { 0x00DD, 26 }, // U+00DD
    { 0x00DF, 56 }, // U+00DF
    { 0x00E0, 30 }, // U+00E0
    { 0x00E1, 30 }, // U+00E1
    { 0x00E2, 30 }, // U+00E2
    { 0x00E3, 30 }, // U+00E3
    { 0x00E4, 30 }, // U+00E4
    { 0x00E5, 30 }, // U+00E5
    { 0x00E6, 30 }, // U+00E6
    { 0x00E7, 32 }, // U+00E7
    { 0x00E8, 34 }, // U+00E8
    { 0x00E9, 34 }, // U+00E9
    { 0x00EA, 34 }, // U+00EA
    { 0x00EB, 34 }, // U+00EB
    { 0x00EC, 57 }, // U+00EC
    { 0x00ED, 37 }, // U+00ED
    { 0x00EE, 58 }, // U+00EE
    { 0x00EF, 59 }, // U+00EF
    { 0x00F0, 60 }, // U+00F0
    { 0x00F1, 40 }, // U+00F1
    { 0x00F2, 41 }, // U+00F2
    { 0x00F3, 41 }, // U+00F3
    { 0x00F4, 41 }, // U+00F4
    { 0x00F5, 41 }, // U+00F5
    { 0x00F6, 41 }, // U+00F6
    { 0x00F8, 41 }, // U+00F8
    { 0x00F9, 45 }, // U+00F9
    { 0x00FA, 45 }, // U+00FA
    { 0x00FB, 45 }, // U+00FB
    { 0x00FC, 45 }, // U+00FC
    { 0x00FD, 49 }, // U+00FD
    { 0x00FE, 56 }, // U+00FE
    { 0x00FF, 49 }, // U+00FF
    { 0x0100, 13 }, // U+0100
    { 0x0101, 30 }, // U+0101
    { 0x0102, 13 }, // U+0102
    { 0x0103, 30 }, // U+0103
    { 0x0104, 13 }, // U+0104
    { 0x0105, 30 }, // U+0105
    { 0x0106, 14 }, // U+0106
    { 0x0107, 32 }, // U+0107
    { 0x0108, 14 }, // U+0108
    { 0x0109, 32 }, // U+0109
    { 0x010A, 14 }, // U+010A
    { 0x010B, 32 }, // U+010B
    { 0x010C, 14 }, // U+010C
    { 0x010D, 32 }, // U+010D
    { 0x010F, 33 }, // U+010F
    { 0x0111, 33 }, // U+0111
    { 0x0113, 34 }, // U+0113
    { 0x0115, 34 }, // U+0115
    { 0x0117, 34 }, // U+0117
    { 0x0119, 34 }, // U+0119
    { 0x011B, 34 }, // U+011B
    { 0x011C, 15 }, // U+011C
    { 0x011D, 36 }, // U+011D
    { 0x011E, 15 }, // U+011E
    { 0x011F, 36 }, // U+011F
    { 0x0120, 15 }, // U+0120
    { 0x0121, 36 }, // U+0121
    { 0x0122, 15 }, // U+0122
    { 0x0123, 36 }, // U+0123
    { 0x0125, 37 }, // U+0125
    { 0x0127, 37 }, // U+0127
    { 0x0129, 61 }, // U+0129
    { 0x012B, 62 }, // U+012B
    { 0x012D, 63 }, // U+012D
    { 0x012F, 37 }, // U+012F
    { 0x0131, 37 }, // U+0131
    { 0x0133, 37 }, // U+0133
    { 0x0134, 16 }, // U+0134
    { 0x0135, 38 }, // U+0135
    { 0x0137, 37 }, // U+0137
    { 0x013A, 39 }, // U+013A
    { 0x013C, 39 }, // U+013C
    { 0x013E, 39 }, // U+013E
    { 0x0140, 39 }, // U+0140
    { 0x0142, 39 }, // U+0142
    { 0x0144, 40 }, // U+0144
    { 0x0146, 40 }, // U+0146
    { 0x0148, 40 }, // U+0148
    { 0x0149, 40 }, // U+0149
    { 0x014A, 64 }, // U+014A
    { 0x014B, 65 }, // U+014B
    { 0x014C, 18 }, // U+014C
    { 0x014D, 41 }, // U+014D
    { 0x014E, 18 }, // U+014E
    { 0x014F, 41 }, // U+014F
    { 0x0150, 18 }, // U+0150
    { 0x0151, 41 }, // U+0151
    { 0x0152, 18 }, // U+0152
    { 0x0153, 41 }, // U+0153
    { 0x0155, 40 }, // U+0155
    { 0x0157, 40 }, // U+0157
    { 0x0159, 40 }, // U+0159
    { 0x015A, 20 }, // U+015A
    { 0x015B, 43 }, // U+015B
    { 0x015C, 20 }, // U+015C
    { 0x015D, 43 }, // U+015D
    { 0x015E, 20 }, // U+015E
    { 0x015F, 43 }, // U+015F
    { 0x0160, 20 }, // U+0160
    { 0x0161, 43 }, // U+0161
    { 0x0162, 21 }, // U+0162
    { 0x0163, 44 }, // U+0163
    { 0x0164, 21 }, // U+0164
    { 0x0165, 44 }, // U+0165
    { 0x0166, 21 }, // U+0166
    { 0x0167, 44 }, // U+0167
    { 0x0168, 22 }, // U+0168
    { 0x0169, 45 }, // U+0169
    { 0x016A, 22 }, // U+016A
    { 0x016B, 45 }, // U+016B
    { 0x016C, 22 }, // U+016C
    { 0x016D, 45 }, // U+016D
    { 0x016E, 22 }, // U+016E
    { 0x016F, 45 }, // U+016F
    { 0x0170, 22 }, // U+0170
    { 0x0171, 45 }, // U+0171
    { 0x0172, 22 }, // U+0172
    { 0x0173, 45 }, // U+0173
    { 0x0174, 24 }, // U+0174
    { 0x0175, 47 }, // U+0175
    { 0x0176, 26 }, // U+0176
    { 0x0177, 49 }, // U+0177
    { 0x0178, 26 }, // U+0178
    { 0x0179, 27 }, // U+0179
    { 0x017A, 50 }, // U+017A
    { 0x017B, 27 }, // U+017B
    { 0x017C, 50 }, // U+017C
    { 0x017D, 27 }, // U+017D
    { 0x017E, 50 }, // U+017E
    { 0x01A0, 18 }, // U+01A0
    { 0x01A1, 41 }, // U+01A1
    { 0x01AF, 22 }, // U+01AF
    { 0x01B0, 45 }, // U+01B0
    { 0x01C6, 33 }, // U+01C6
    { 0x01C9, 39 }, // U+01C9
    { 0x01CC, 40 }, // U+01CC
    { 0x01CD, 13 }, // U+01CD
    { 0x01CE, 30 }, // U+01CE
    { 0x01D0, 37 }, // U+01D0
    { 0x01D1, 18 }, // U+01D1
    { 0x01D2, 41 }, // U+01D2
    { 0x01D3, 22 }, // U+01D3
    { 0x01D4, 45 }, // U+01D4
    { 0x01D5, 22 }, // U+01D5
    { 0x01D6, 45 }, // U+01D6
    { 0x01D7, 22 }, // U+01D7
    { 0x01D8, 45 }, // U+01D8
    { 0x01D9, 22 }, // U+01D9
    { 0x01DA, 45 }, // U+01DA
    { 0x01DB, 22 }, // U+01DB
    { 0x01DC, 45 }, // U+01DC
    { 0x01DD, 66 }, // U+01DD
    { 0x01DE, 13 }, // U+01DE
    { 0x01DF, 30 }, // U+01DF
    { 0x01E0, 13 }, // U+01E0
    { 0x01E1, 30 }, // U+01E1
    { 0x01E2, 55 }, // U+01E2
    { 0x01E3, 30 }, // U+01E3
    { 0x01E4, 15 }, // U+01E4
    { 0x01E5, 36 }, // U+01E5
    { 0x01E6, 15 }, // U+01E6
    { 0x01E7, 36 }, // U+01E7
    { 0x01E9, 37 }, // U+01E9
    { 0x01EA, 18 }, // U+01EA
    { 0x01EB, 41 }, // U+01EB
    { 0x01EC, 18 }, // U+01EC
    { 0x01ED, 41 }, // U+01ED
    { 0x01EE, 67 }, // U+01EE
    { 0x01EF, 68 }, // U+01EF
    { 0x01F0, 38 }, // U+01F0
    { 0x01F3, 33 }, // U+01F3
    { 0x01F4, 15 }, // U+01F4
    { 0x01F5, 36 }, // U+01F5
    { 0x01F7, 56 }, // U+01F7
    { 0x01F9, 40 }, // U+01F9
    { 0x01FA, 13 }, // U+01FA
    { 0x01FB, 30 }, // U+01FB
    { 0x01FC, 55 }, // U+01FC
    { 0x01FD, 30 }, // U+01FD
    { 0x01FE, 18 }, // U+01FE
    { 0x01FF, 41 }, // U+01FF
    { 0x0200, 13 }, // U+0200
    { 0x0201, 30 }, // U+0201
    { 0x0202, 13 }, // U+0202
    { 0x0203, 30 }, // U+0203
    { 0x0205, 34 }, // U+0205
    { 0x0207, 34 }, // U+0207
    { 0x0209, 37 }, // U+0209
    { 0x020B, 37 }, // U+020B
    { 0x020C, 18 }, // U+020C
    { 0x020D, 41 }, // U+020D
    { 0x020E, 18 }, // U+020E
    { 0x020F, 41 }, // U+020F
    { 0x0211, 40 }, // U+0211
    { 0x0213, 40 }, // U+0213
    { 0x0214, 22 }, // U+0214
    { 0x0215, 45 }, // U+0215
    { 0x0216, 22 }, // U+0216
    { 0x0217, 45 }, // U+0217
    { 0x0218, 20 }, // U+0218
    { 0x0219, 43 }, // U+0219
    { 0x021A, 21 }, // U+021A
    { 0x021B, 44 }, // U+021B
    { 0x021C, 69 }, // U+021C
    { 0x021D, 70 }, // U+021D
    { 0x021F, 37 }, // U+021F
    { 0x0402, 71 }, // U+0402
    { 0x0404, 72 }, // U+0404
    { 0x0405, 73 }, // U+0405
    { 0x0408, 74 }, // U+0408
    { 0x0409, 75 }, // U+0409
    { 0x040B, 71 }, // U+040B
    { 0x040E, 76 }, // U+040E
    { 0x0410, 77 }, // U+0410
    { 0x0414, 78 }, // U+0414
    { 0x0416, 79 }, // U+0416
    { 0x0417, 80 }, // U+0417
    { 0x041B, 75 }, // U+041B
    { 0x041C, 81 }, // U+041C
    { 0x041E, 82 }, // U+041E
    { 0x0421, 72 }, // U+0421
    { 0x0422, 71 }, // U+0422
    { 0x0423, 76 }, // U+0423
    { 0x0424, 83 }, // U+0424
    { 0x0425, 84 }, // U+0425
    { 0x0427, 85 }, // U+0427
    { 0x042D, 86 }, // U+042D
    { 0x042F, 87 }, // U+042F
    { 0x0430, 88 }, // U+0430
    { 0x0431, 89 }, // U+0431
    { 0x0432, 90 }, // U+0432
    { 0x0433, 91 }, // U+0433
    { 0x0434, 92 }, // U+0434
    { 0x0435, 93 }, // U+0435
    { 0x0436, 94 }, // U+0436
    { 0x0437, 95 }, // U+0437
    { 0x0438, 91 }, // U+0438
    { 0x0439, 91 }, // U+0439
    { 0x043A, 91 }, // U+043A
    { 0x043B, 96 }, // U+043B
    { 0x043C, 97 }, // U+043C
    { 0x043D, 91 }, // U+043D
    { 0x043E, 98 }, // U+043E
    { 0x043F, 91 }, // U+043F
    { 0x0440, 99 }, // U+0440
    { 0x0441, 100 }, // U+0441
    { 0x0442, 101 }, // U+0442
    { 0x0443, 102 }, // U+0443
    { 0x0444, 103 }, // U+0444
    { 0x0445, 104 }, // U+0445
    { 0x0446, 91 }, // U+0446
    { 0x0447, 105 }, // U+0447
    { 0x0448, 91 }, // U+0448
    { 0x0449, 106 }, // U+0449
    { 0x044A, 107 }, // U+044A
    { 0x044B, 91 }, // U+044B
    { 0x044C, 91 }, // U+044C
    { 0x044D, 108 }, // U+044D
    { 0x044E, 90 }, // U+044E
    { 0x044F, 109 }, // U+044F
    { 0x0450, 93 }, // U+0450
    { 0x0451, 93 }, // U+0451
    { 0x0452, 110 }, // U+0452
    { 0x0453, 91 }, // U+0453
    { 0x0454, 111 }, // U+0454
    { 0x0455, 112 }, // U+0455
    { 0x0456, 113 }, // U+0456
    { 0x0457, 114 }, // U+0457
    { 0x0458, 115 }, // U+0458
    { 0x0459, 96 }, // U+0459
    { 0x045A, 91 }, // U+045A
    { 0x045B, 116 }, // U+045B
    { 0x045C, 91 }, // U+045C
    { 0x045D, 91 }, // U+045D
    { 0x045E, 102 }, // U+045E
    { 0x045F, 106 }, // U+045F
    { 0x0462, 71 }, // U+0462
    { 0x0463, 117 }, // U+0463
    { 0x0472, 82 }, // U+0472
    { 0x0473, 98 }, // U+0473
    { 0x0475, 118 }, // U+0475
    { 0x048B, 91 }, // U+048B
    { 0x048D, 119 }, // U+048D
    { 0x048F, 99 }, // U+048F
    { 0x0491, 91 }, // U+0491
    { 0x0493, 91 }, // U+0493
    { 0x0495, 91 }, // U+0495
    { 0x0496, 79 }, // U+0496
    { 0x0497, 94 }, // U+0497
    { 0x0498, 80 }, // U+0498
    { 0x0499, 95 }, // U+0499
    { 0x049B, 91 }, // U+049B
    { 0x049D, 91 }, // U+049D
    { 0x049F, 91 }, // U+049F
    { 0x04A1, 91 }, // U+04A1
    { 0x04A3, 91 }, // U+04A3
    { 0x04A5, 91 }, // U+04A5
    { 0x04A7, 91 }, // U+04A7
    { 0x04A8, 120 }, // U+04A8
    { 0x04A9, 121 }, // U+04A9
    { 0x04AA, 72 }, // U+04AA
    { 0x04AB, 100 }, // U+04AB
    { 0x04AC, 71 }, // U+04AC
    { 0x04AD, 101 }, // U+04AD
    { 0x04AE, 122 }, // U+04AE
    { 0x04AF, 123 }, // U+04AF
    { 0x04B0, 122 }, // U+04B0
    { 0x04B1, 123 }, // U+04B1
    { 0x04B2, 84 }, // U+04B2
    { 0x04B3, 104 }, // U+04B3
    { 0x04B4, 71 }, // U+04B4
    { 0x04B5, 101 }, // U+04B5
    { 0x04B6, 85 }, // U+04B6
    { 0x04B7, 105 }, // U+04B7
    { 0x04B8, 85 }, // U+04B8
    { 0x04B9, 105 }, // U+04B9
    { 0x04BB, 124 }, // U+04BB
    { 0x04BC, 125 }, // U+04BC
    { 0x04BD, 126 }, // U+04BD
    { 0x04BE, 125 }, // U+04BE
    { 0x04BF, 126 }, // U+04BF
    { 0x04C1, 79 }, // U+04C1
    { 0x04C2, 94 }, // U+04C2
    { 0x04C4, 91 }, // U+04C4
    { 0x04C5, 75 }, // U+04C5
    { 0x04C6, 96 }, // U+04C6
    { 0x04C8, 91 }, // U+04C8
    { 0x04CA, 91 }, // U+04CA
    { 0x04CB, 85 }, // U+04CB
    { 0x04CC, 105 }, // U+04CC
    { 0x04CE, 97 }, // U+04CE
    { 0x04D0, 77 }, // U+04D0
    { 0x04D1, 88 }, // U+04D1
    { 0x04D2, 77 }, // U+04D2
    { 0x04D3, 88 }, // U+04D3
    { 0x04D4, 127 }, // U+04D4
    { 0x04D5, 128 }, // U+04D5
    { 0x04D7, 93 }, // U+04D7
    { 0x04D8, 129 }, // U+04D8
    { 0x04D9, 130 }, // U+04D9
    { 0x04DA, 129 }, // U+04DA
    { 0x04DB, 130 }, // U+04DB
    { 0x04DC, 79 }, // U+04DC
    { 0x04DD, 94 }, // U+04DD
    { 0x04DE, 80 }, // U+04DE
    { 0x04DF, 131 }, // U+04DF
    { 0x04E0, 132 }, // U+04E0
    { 0x04E1, 133 }, // U+04E1
    { 0x04E3, 91 }, // U+04E3
    { 0x04E5, 91 }, // U+04E5
    { 0x04E6, 82 }, // U+04E6
    { 0x04E7, 98 }, // U+04E7
    { 0x04E8, 82 }, // U+04E8
    { 0x04E9, 98 }, // U+04E9
    { 0x04EA, 82 }, // U+04EA
    { 0x04EB, 98 }, // U+04EB
    { 0x04EC, 86 }, // U+04EC
    { 0x04ED, 134 }, // U+04ED
    { 0x04EE, 76 }, // U+04EE
    { 0x04EF, 102 }, // U+04EF
    { 0x04F0, 76 }, // U+04F0
    { 0x04F1, 102 }, // U+04F1
    { 0x04F2, 76 }, // U+04F2
    { 0x04F3, 102 }, // U+04F3
    { 0x04F4, 85 }, // U+04F4
    { 0x04F5, 105 }, // U+04F5
    { 0x04F7, 91 }, // U+04F7
    { 0x04F9, 91 }, // U+04F9
    { 0x05D0, 135 }, // U+05D0
    { 0x05D1, 136 }, // U+05D1
    { 0x05D2, 137 }, // U+05D2
    { 0x05D3, 138 }, // U+05D3
    { 0x05D4, 139 }, // U+05D4
    { 0x05D6, 140 }, // U+05D6
    { 0x05D7, 141 }, // U+05D7
    { 0x05D8, 142 }, // U+05D8
    { 0x05D9, 143 }, // U+05D9
    { 0x05DA, 144 }, // U+05DA
    { 0x05DB, 145 }, // U+05DB
    { 0x05DC, 146 }, // U+05DC
    { 0x05DD, 147 }, // U+05DD
    { 0x05DE, 148 }, // U+05DE
    { 0x05E1, 149 }, // U+05E1
    { 0x05E2, 150 }, // U+05E2
    { 0x05E3, 151 }, // U+05E3
    { 0x05E4, 152 }, // U+05E4
    { 0x05E5, 153 }, // U+05E5
    { 0x05E7, 154 }, // U+05E7
    { 0x05E8, 155 }, // U+05E8
    { 0x05E9, 156 }, // U+05E9
    { 0x05EA, 157 }, // U+05EA
    { 0x1EF2, 26 }, // U+1EF2
    { 0x1EF3, 49 }, // U+1EF3
    { 0x2013, 8 }, // U+2013
    { 0x2014, 8 }, // U+2014
    { 0x2018, 158 }, // U+2018
    { 0x2019, 159 }, // U+2019
    { 0x201A, 160 }, // U+201A
    { 0x201C, 158 }, // U+201C
    { 0x201D, 159 }, // U+201D
    { 0x201E, 160 }, // U+201E
    { 0x2026, 7 }, // U+2026
    { 0x2039, 53 }, // U+2039
    { 0x203A, 54 }, // U+203A
    { 0xFB00, 35 }, // U+FB00
    { 0xFB01, 35 }, // U+FB01
    { 0xFB02, 35 }, // U+FB02
    { 0xFB03, 35 }, // U+FB03
    { 0xFB04, 35 }, // U+FB04
    { 0xFB8E, 161 }, // U+FB8E
    { 0xFBA6, 161 }, // U+FBA6
    { 0xFBAA, 161 }, // U+FBAA
    { 0xFE8D, 162 }, // U+FE8D
    { 0xFEA3, 161 }, // U+FEA3
    { 0xFEA9, 163 }, // U+FEA9
    { 0xFEB1, 163 }, // U+FEB1
    { 0xFEB3, 163 }, // U+FEB3
    { 0xFEB9, 163 }, // U+FEB9
    { 0xFEBB, 163 }, // U+FEBB
    { 0xFEC1, 163 }, // U+FEC1
    { 0xFEC3, 163 }, // U+FEC3
    { 0xFECB, 162 }, // U+FECB
    { 0xFEDB, 161 }, // U+FEDB
    { 0xFEDF, 162 }, // U+FEDF
    { 0xFEE1, 161 }, // U+FEE1
    { 0xFEE3, 161 }, // U+FEE3
    { 0xFEE9, 161 }, // U+FEE9
    { 0xFEEB, 161 }, // U+FEEB
};

static const int8_t ubuntu_12_mediumKernMatrix[] = {
       0,    0,    0,    0,    0,    0,    0,    0,    0,    0,    0,    0,  -28,   -9,   -9,  -44,    0,   -9,   -9,    0,    0,    0,    4,    4,    0,    0,   -4,    0,    0,    0,    0,    0,    0,    0,    0,    0,    0,    0,    0,    0,    0,    0,    0,    0,    0,    0,    0,    0,    0,    0,    0,    0,    0,    0,  -48,    0,    0,    0,    0,    0,    0,    0,    0,    0,    0,    0,    0,    0,    0,    0,    0,   -9,    0,  -41,  -26,    0,  -28,  -25,    0,    0,    0,   -9,   -9,    0,    0,    0,    0,    0,    0,    0,    0,    0,    0,    0,    0,    0,    0,    0,    0,    0,    0,    0,    0,    0,    0,    0,    0,    0,    0,    0,    0,    0,    0,    0,    0,    0,    0,    0,    0,  -10,    0,    0,    0,    0,    0,    0,    0,    0,  -12,    0,    0,   -4,    0,    0,    0,    0,    0,    0,    0,    0,    0,    0,    0,    0,    0,    0,    0,    0,    0,    0,    0,    0,    0,    0,    0,    0,    0,    0,    0,    0,    0,    0,    0,
       0,    0,    0,    0,    0,    0,    0,    0,    0,    0,    0,    0,    0,    0,    0,    0,    0,    0,    0,    0,  -11,    0,    0,    0,    0,    0,    0,    0,    0,    0,    0,    0,    0,    0,    0,    0,    0,    0,    0,    0,    0,    0,    0,    0,    0,    0,    0,    0,    0,    0,    0,    0,    0,    0,    0,    0,    0,    0,    0,    0,    0,    0,    0,    0,    0,    0,    0,    0,    0,    0,    0,    0,    0,    0,    0,    0,    0,    0,    0,    0,    0,    0,    0,    0,    0,    0,    0,    0,    0,    0,    0,    0,    0,    0,    0,    0,    0,    0,    0,    0,    0,    0,    0,    0,    0,    0,    0,    0,    0,    0,    0,    0,    0,    0,    0,    0,    0,    0,    0,    0,    0,    0,    0,    0,    0,    0,    0,    0,    0,    0,    0,    0,    0,    0,    0,    0,    0,    0,    0,    0,    0,    0,    0,    0,    0,    0,    0,    0,    0,    0,    0,    0,    0,    0,    0,    0,    0,    0,    0,    0,    0,    0,    0,
       0,    0,    0,    0,   24,    0,    0,    0,    0,    0,    0,    0,    0,  -11,  -11,    0,    0,  -11,  -11,   -6,    4,   -4,    5,    0,    0,    6,    0,    0,    0,    0,    0,    0,    0,    0,    0,    0,    0,    0,    0,    0,    0,    0,    0,    0,    0,    0,    0,    0,    0,    0,    0,    0,    0,    0,    0,    0,    0,    0,    0,    0,    0,    0,    0,    0,    0,    0,    0,    0,    0,    0,    4,  -11,   -4,    0,    0,    0,    0,   10,    0,    0,    0,  -11,  -11,    0,    0,    0,    0,    0,    0,    0,    0,    0,    0,    0,    0,    0,    0,    0,    0,    0,    0,    0,    0,    0,    0,    0,    0,    0,    0,    0,    0,    0,    0,    0,    0,    0,    0,    0,    0,  -16,    0,    6,    0,    0,   -4,    0,    0,    0,   -7,    0,    0,    0,    0,    0,    0,    0,    0,    0,    0,    0,    0,    0,    0,    0,    0,    0,    0,    0,    0,    0,    0,    0,    0,    0,    0,    0,    0,    0,    0,    0,    0,    0,    0,
       0,    0,    0,    0,    0,    0,    0,    0,    0,    0,    0,    0,   -7,   -4,   -4,   -4,    0,   -4,   -4,   -4,  -10,    0,  -12,   -6,  -10,  -15,   -8,    0,    0,    0,    0,    0,    0,    0,    0,    0,    0,    0,    0,    0,    0,    0,    0,    0,    0,    0,    0,    0,    0,    0,    0,    0,    0,    0,   -7,    0,    0,    0,    0,    0,    0,    0,    0,    0,    0,    0,    0,    0,    0,    0,  -10,   -4,   -6,    0,    0,   -9,   -7,    0,   -8,   -7,    0,   -4,   -4,  -10,   -7,   -6,   -6,    0,    0,    0,    0,    0,    0,    0,    0,    0,    0,    0,    0,    0,    0,    0,    0,    0,    0,    0,    0,    0,    0,    0,    0,    0,    0,    0,    0,    0,    0,    0,    0,   -5,    0,  -15,    0,    0,    0,    0,    0,    0,   -4,    0,    0,   -6,    0,    0,    0,    0,    0,    0,    0,    0,    0,    0,    0,    0,    0,    0,    0,    0,    0,    0,    0,    0,    0,    0,    0,    0,    0,    0,    0,    0,    0,    0,    0,
       0,    0,    0,    0,    0,    0,    0,    0,    0,    0,    0,    0,  -23,   -4,   -4,  -44,    0,    0,    0,    0,    0,    0,    0,    0,   -9,    0,    0,    0,    0,    0,    0,    0,    0,    0,    0,    0,    0,    0,    0,    0,    0,    0,    0,    0,    0,    0,    0,    0,    0,    0,    0,    0,    0,    0,  -35,    0,    0,    0,    0,    0,    0,    0,    0,    0,    0,    0,    0,    0,    0,    0,    0,   -4,    0,  -40,  -26,    0,  -23,  -26,  -11,   -5,    0,    0,    0,   -9,    0,    0,    0,    0,    0,    0,    0,    0,    0,    0,    0,    0,    0,    0,    0,    0,    0,    0,    0,    0,    0,    0,    0,    0,    0,    0,    0,    0,    0,    0,    0,    0,    0,    0,    0,    0,    0,    0,    0,    0,    0,    0,    0,    0,   -6,    0,    0,   -6,    0,    0,    0,    0,    0,    0,    0,    0,    0,    0,    0,    0,    0,    0,    0,    0,    0,    0,    0,    0,    0,    0,    0,    0,    0,    0,    0,    0,    0,    0,    0,
       0,    0,    0,    0,    0,    0,    0,    0,    0,    0,    0,    0,    9,  -10,  -10,   10,    0,  -12,  -12,    5,  -25,   -8,  -28,  -14,    4,  -29,    7,    0,    0,    0,    0,    0,    0,    0,    0,    0,    0,    0,    0,    0,    0,    0,    0,    0,    0,    0,    0,    0,    0,    0,    0,    0,    0,    0,    7,    0,    0,    0,    0,    0,    0,    0,    0,    0,    0,    0,    0,    0,    0,    0,  -25,  -10,    0,    0,    0,    0,    9,    6,    0,    0,    0,  -12,  -12,    4,  -42,    0,    0,    0,    0,    0,    0,    0,    0,    0,    0,    0,    0,    0,    0,    0,    0,    0,    0,    0,    0,    0,    0,    0,    0,    0,    0,    0,    0,    0,    0,    0,    0,    0,    0,  -15,    0,  -29,    0,    0,  -36,    0,    0,    0,  -11,    0,    0,    0,    0,    0,    0,    0,    0,    0,    0,    0,    0,    0,    0,    0,    0,    0,    0,    0,    0,    0,    0,    0,    0,    0,    0,    0,    0,    0,    0,    0,    0,    0,    0,
       0,    0,    0,    0,    0,    0,    0,    0,    0,    0,    0,    0,    0,    0,    0,  -10,    0,    0,    0,    0,  -18,    0,   -4,    0,  -11,  -18,   -6,    0,    0,    0,    0,    0,    0,    0,    0,    0,    0,    0,    0,    0,    0,    0,    0,    0,    0,    0,    0,    0,    0,    0,    0,    0,    0,    0,   -5,    0,    0,    0,    0,    0,    0,    0,    0,    0,    0,    0,    0,    0,    0,    0,  -18,    5,   -4,   -8,  -12,  -14,    0,   -8,  -14,   -5,    0,    5,    0,  -11,    0,   -6,    0,    0,    0,    0,    0,    0,    0,    0,    0,    0,    0,    0,    0,    0,    0,    0,    0,    0,    0,    0,    0,    0,    0,    0,    0,    0,    0,    0,    0,    0,    0,    0,    0,    5,    0,  -18,    0,    0,    0,    0,    0,    0,    6,    0,    0,   -8,    0,    0,    0,    0,    0,    0,    0,    0,    0,    0,    0,    0,    0,    0,    0,    0,    0,    0,    0,    0,    0,    0,    0,    0,    0,    0,    0,    0,    0,    0,    0,
       0,    0,    0,    0,    0,    0,    0,    0,    0,    0,    0,    0,  -18,  -10,  -10,  -25,    0,   -9,   -9,    0,   10,    0,   11,    8,    7,   12,    3,    0,    0,    0,    0,    0,    0,    0,    0,    0,    0,    0,    0,    0,    0,    0,    0,    0,    0,    0,    0,    0,    0,    0,    0,    0,    0,    0,  -28,    0,    0,    0,    0,    0,    0,    0,    0,    0,    0,    0,    0,    0,    0,    0,   10,  -10,    0,  -22,  -21,    9,  -18,  -21,    6,    0,    0,   -9,   -9,    7,    0,    7,    0,    0,    0,    0,    0,    0,    0,    0,    0,    0,    0,    0,    0,    0,    0,    0,    0,    0,    0,    0,    0,    0,    0,    0,    0,    0,    0,    0,    0,    0,    0,    0,    0,   -7,    0,   12,    0,    0,    0,    0,    0,    0,    0,    0,    0,    0,    0,    0,    0,    0,    0,    0,    0,    0,    0,    0,    0,    0,    0,    0,    0,    0,    0,    0,    0,    0,    0,    0,    0,    0,    0,    0,    0,    0,    0,    0,    0,
       0,    0,    0,    0,    0,    0,    0,    0,    0,    0,    0,    0,    0,   -4,   -4,    0,    0,   -4,   -4,    0,  -30,   -4,   -7,   -4,    0,  -14,    0,    0,    0,    0,    0,    0,    0,    0,    0,    0,    0,    0,    0,    0,    0,    0,    0,    0,    0,    0,    0,    0,    0,    0,    0,    0,    0,    0,    0,    0,    0,    0,    0,    0,    0,    0,    0,    0,    0,    0,    0,    0,    0,    0,  -30,   -4,    0,    0,    0,    0,    0,    0,    0,    0,    0,   -4,   -4,    0,    0,    0,    0,    0,    0,    0,    0,    0,    0,    0,    0,    0,    0,    0,    0,    0,    0,    0,    0,    0,    0,    0,    0,    0,    0,    0,    0,    0,    0,    0,    0,    0,    0,    0,    0,    0,    0,  -14,    0,    0,    0,    0,    0,    0,   -8,    0,    0,    0,    0,    0,    0,    0,    0,    0,    0,    0,    0,    0,    0,    0,    0,    0,    0,    0,    0,    0,    0,    0,    0,    0,    0,    0,    0,    0,    0,    0,    0,    0,    0,
       0,    0,    0,    0,    0,    0,    0,    0,    0,    0,    0,    0,   -9,   -4,   -4,   -9,    0,   -4,   -4,   -6,  -16,   -4,  -13,   -8,  -14,  -19,  -12,    0,    0,    0,    0,    0,    0,    0,    0,    0,    0,    0,    0,    0,    0,    0,    0,    0,    0,    0,    0,    0,    0,    0,    0,    0,    0,    0,  -14,    0,    0,    0,    0,    0,    0,    0,    0,    0,    0,    0,    0,    0,    0,    0,  -16,   -4,   -5,   -8,   -8,  -14,   -9,   -7,  -16,  -10,    0,   -4,   -4,  -14,   -4,  -10,   -5,    0,    0,    0,    0,    0,    0,    0,    0,    0,    0,    0,    0,    0,    0,    0,    0,    0,    0,    0,    0,    0,    0,    0,    0,    0,    0,    0,    0,    0,    0,    0,    0,    0,    0,  -19,    0,    0,    0,    0,    0,    0,    0,    0,    0,  -10,    0,    0,    0,    0,    0,    0,    0,    0,    0,    0,    0,    0,    0,    0,    0,    0,    0,    0,    0,    0,    0,    0,    0,    0,    0,    0,    0,    0,    0,    0,    0,
       0,  -28,    0,   -7,    0,  -22,    9,    0,    6,    0,    0,   -5,   12,   -7,   -7,   10,    0,   -7,   -7,    6,  -23,   -4,  -22,   -6,    9,  -28,    7,    0,  -10,    0,    0,   -6,   -6,   -6,    0,   -6,    0,    0,    0,    0,   -6,   -6,    4,   -2,   -5,   -7,   -7,    9,   -5,    5,   -7,   -4,   -7,    0,   12,    0,    0,    0,    0,   -6,    0,    0,    0,    0,    0,    0,    0,    0,  -18,    0,    0,    0,    0,    0,    0,    0,    0,    0,    0,    0,    0,    0,    0,    0,    0,    0,    0,    0,    0,    0,    0,    0,    0,    0,    0,    0,    0,    0,    0,    0,    0,    0,    0,    0,    0,    0,    0,    0,    0,    0,    0,    0,    0,    0,    0,    0,    0,    0,    0,    0,    0,    0,    0,    0,    0,    0,    0,    0,    0,    0,    0,    0,    0,    0,    0,    0,    0,    0,    0,    0,    0,    0,    0,    0,    0,    0,    0,    0,    0,    0,    0,    0,    0,    0,    0,    0,    0,  -25,  -24,    9,    0,    0,    0,
       0,   -4,    0,   -4,   -9,   -4,   -4,    0,   -7,   -4,   -7,    0,    0,    0,    0,    0,    0,    0,    0,    0,    0,    0,   -7,   -4,   -7,   -9,    0,    0,  -12,    0,    0,    0,    0,    0,    0,    0,    0,    0,    0,    0,    0,    0,    0,    0,    0,    0,    0,    0,    0,   -4,    0,   -8,    0,    0,   -4,    0,    0,    0,    0,    0,    0,    0,    0,    0,    0,    0,    0,    0,   -5,    0,    0,    0,    0,    0,    0,    0,    0,    0,    0,    0,    0,    0,    0,    0,    0,    0,    0,    0,    0,    0,    0,    0,    0,    0,    0,    0,    0,    0,    0,    0,    0,    0,    0,    0,    0,    0,    0,    0,    0,    0,    0,    0,    0,    0,    0,    0,    0,    0,    0,    0,    0,    0,    0,    0,    0,    0,    0,    0,    0,    0,    0,    0,    0,    0,    0,    0,    0,    0,    0,    0,    0,    0,    0,    0,    0,    0,    0,    0,    0,    0,    0,    0,    0,    0,    0,    0,    0,    0,    0,    0,    0,    0,    0,
       0,    0,    0,   -8,    0,    0,    8,  -11,    0,    0,    5,   -6,    8,   -7,   -7,    8,    0,   -7,   -7,    4,    6,    0,    6,    0,    4,    6,    4,   -4,    0,    0,    0,   -5,   -5,   -5,    0,   -5,    0,    0,    0,    0,   -5,   -5,    0,    0,   -7,   -6,   -6,    5,   -6,    0,  -10,    0,  -16,    0,    8,    0,    0,    0,    0,   -5,    0,    0,    0,    0,    0,    0,    0,    0,    0,    0,    0,    0,    0,    0,    0,    0,    0,    0,    0,    0,    0,    0,    0,    0,    0,    0,    0,    0,    0,    0,    0,    0,    0,    0,    0,    0,    0,    0,    0,    0,    0,    0,    0,    0,    0,    0,    0,    0,    0,    0,    0,    0,    0,    0,    0,    0,    0,    0,    0,    0,    0,    0,    0,    0,    0,    0,    0,    0,    0,    0,    0,    0,    0,    0,    0,    0,    0,    0,    0,    0,    0,    0,    0,    0,    0,    0,    0,    0,    0,    0,    0,    0,    0,    0,    0,    0,    0,    0,    4,    6,    0,    0,    0,
      -5,   -9,    0,   -4,  -12,    0,  -12,    0,  -15,    0,  -14,   -4,   -7,    0,    0,  -11,    0,    0,    0,   -4,  -10,    0,   -6,   -6,   -8,  -14,   -5,   -4,  -15,   -5,    0,    0,    0,    0,    0,    0,    0,    0,    0,    0,    0,    0,    0,    0,    0,    0,    0,    0,    0,    0,    0,  -10,    0,    0,  -15,    0,    0,    0,    0,    0,    0,    0,    0,    0,    0,    0,  -11,    0,  -11,    0,    0,    0,    0,    0,    0,    0,    0,    0,    0,    0,    0,    0,    0,    0,    0,    0,    0,    0,    0,    0,    0,    0,    0,    0,    0,    0,    0,    0,    0,    0,    0,    0,    0,    0,    0,    0,    0,    0,    0,    0,    0,    0,    0,    0,    0,    0,    0,    0,    0,    0,    0,    0,    0,    0,    0,    0,    0,    0,    0,    0,    0,    0,    0,    0,    0,    0,    0,    0,    0,    0,    0,    0,    0,    0,    0,    0,    0,    0,    0,    0,    0,    0,    0,    0,    0,    0,    0,   -7,   -4,  -12,    0,    0,    0,
       0,   -6,    0,   -7,    0,   -4,    4,    0,    0,    0,    0,   -6,    6,  -10,  -10,    6,    0,  -10,  -10,    0,    0,   -8,    0,    0,    0,    0,    0,   -6,  -15,    0,    0,   -6,   -6,   -6,    0,   -8,    0,    0,    0,    0,   -6,   -5,    0,   -5,   -7,   -9,   -9,    3,   -9,    0,   -7,   -8,   -8,    0,    6,    0,    0,    0,    0,   -5,    0,    0,    0,    0,    0,    0,    0,    0,    0,    0,    0,    0,    0,    0,    0,    0,    0,    0,    0,    0,    0,    0,    0,    0,    0,    0,    0,    0,    0,    0,    0,    0,    0,    0,    0,    0,    0,    0,    0,    0,    0,    0,    0,    0,    0,    0,    0,    0,    0,    0,    0,    0,    0,    0,    0,    0,    0,    0,    0,    0,    0,    0,    0,    0,    0,    0,    0,    0,    0,    0,    0,    0,    0,    0,    0,    0,    0,    0,    0,    0,    0,    0,    0,    0,    0,    0,    0,    0,    0,    0,    0,    0,    0,    0,    0,    0,    0,   -4,    0,    0,    0,    0,    0,
      -4,    0,    0,   -8,    0,    0,  -26,    0,  -24,   -6,    4,   -6,  -20,   -8,   -8,  -29,    0,   -4,   -4,    0,    5,    0,    6,    0,    0,    7,    0,   -5,   -3,  -18,    0,   -5,   -5,   -5,    0,   -5,    0,    0,    0,  -10,   -5,   -5,    0,    0,   -9,    0,    0,  -13,    0,   -9,    0,    0,    0,   -7,  -27,    0,    0,    0,    0,   -5,    0,    0,    0,    0,   -9,   -6,    0,    0,    0,    0,    0,    0,    0,    0,    0,    0,    0,    0,    0,    0,    0,    0,    0,    0,    0,    0,    0,    0,    0,    0,    0,    0,    0,    0,    0,    0,    0,    0,    0,    0,    0,    0,    0,    0,    0,    0,    0,    0,    0,    0,    0,    0,    0,    0,    0,    0,    0,    0,    0,    0,    0,    0,    0,    0,    0,    0,    0,    0,    0,    0,    0,    0,    0,    0,    0,    0,    0,    0,    0,    0,    0,    0,    0,    0,    0,    0,    0,    0,    0,    0,    0,    0,    0,    0,    0,    0,    0,    0,    0,  -37,    0,    0,    0,
       0,    0,    0,    0,   -4,   -9,    0,    0,    0,    0,    0,    0,    0,    0,    0,    0,    0,    0,    0,    0,    0,    0,    0,    0,    0,    0,    0,    0,   -4,    0,    0,    0,    0,    0,    0,    0,    0,    0,    0,    0,    0,    0,    0,    0,    0,   -6,    0,    0,   -6,    0,    0,   -4,    0,    0,    0,    0,    0,    0,    0,    0,    0,    0,    0,    0,    0,    0,    0,    0,    0,    0,    0,    0,    0,    0,    0,    0,    0,    0,    0,    0,    0,    0,    0,    0,    0,    0,    0,    0,    0,    0,    0,    0,    0,    0,    0,    0,    0,    0,    0,    0,    0,    0,    0,    0,    0,    0,    0,    0,    0,    0,    0,    0,    0,    0,    0,    0,    0,    0,    0,    0,    0,    0,    0,    0,    0,    0,    0,    0,    0,    0,    0,    0,    0,    0,    0,    0,    0,    0,    0,    0,    0,    0,    0,    0,    0,    0,    0,    0,    0,    0,    0,    0,    0,    0,    0,    0,    0,    0,    0,    0,    0,    0,    0,
       0,    0,    0,    0,   -4,    0,   -4,    0,  -13,    0,    0,    0,   -4,    0,    0,   -5,    0,    0,    0,    0,    0,    0,    0,    0,    0,    0,   -6,    0,  -12,    0,    0,    0,    0,    0,    0,    0,    0,    0,    0,    0,    0,    0,    0,    0,    0,    0,    0,    0,    0,   -6,    0,   -7,    0,    0,   -9,    0,    0,    0,    0,    0,    0,    0,    0,    0,    0,    0,   -5,    0,    0,    0,    0,    0,    0,    0,    0,    0,    0,    0,    0,    0,    0,    0,    0,    0,    0,    0,    0,    0,    0,    0,    0,    0,    0,    0,    0,    0,    0,    0,    0,    0,    0,    0,    0,    0,    0,    0,    0,    0,    0,    0,    0,    0,    0,    0,    0,    0,    0,    0,    0,    0,    0,    0,    0,    0,    0,    0,    0,    0,    0,    0,    0,    0,    0,    0,    0,    0,    0,    0,    0,    0,    0,    0,    0,    0,    0,    0,    0,    0,    0,    0,    0,    0,    0,    0,    0,    0,    0,    0,    0,   -4,    0,    0,    0,
       0,    0,    0,   -6,    0,  -12,    6,  -17,    6,    0,    4,   -7,   12,  -12,  -12,   10,    0,  -12,  -12,    0,    6,    0,    7,    4,    9,    8,    7,    0,   -9,    0,    0,   -9,   -9,   -9,    0,   -8,    0,    0,    0,    0,   -9,   -9,    5,   -7,   -7,   -6,  -17,    9,   -5,    6,   -7,    0,  -22,    0,   12,    0,    0,    0,   11,  -11,   12,   12,    0,    0,    0,   -4,    0,    0,    0,    0,    0,    0,    0,    0,    0,    0,    0,    0,    0,    0,    0,    0,    0,    0,    0,    0,    0,    0,    0,    0,    0,    0,    0,    0,    0,    0,    0,    0,    0,    0,    0,    0,    0,    0,    0,    0,    0,    0,    0,    0,    0,    0,    0,    0,    0,    0,    0,    0,    0,    0,    0,    0,    0,    0,    0,    0,    0,    0,    0,    0,    0,    0,    0,    0,    0,    0,    0,    0,    0,    0,    0,    0,    0,    0,    0,    0,    0,    0,    0,    0,    0,    0,    0,    0,    0,    0,    0,    0,    0,    5,    0,    0,    0,
       0,  -45,    0,   -4,    0,  -50,    8,  -25,    4,    0,    0,    0,   10,  -16,  -16,   10,    0,  -16,  -16,    5,  -41,   -6,  -36,  -16,    7,  -41,    5,    0,  -11,    0,    0,   -4,   -4,   -4,    0,   -4,    0,    0,    0,    0,   -4,   -4,    0,    0,    0,  -17,  -13,    7,   -9,    4,   -8,   -5,  -14,    4,   10,    0,    0,    0,    0,    0,    0,    0,    0,    0,    0,    0,    0,    0,  -30,    0,    0,    0,    0,    0,    0,    0,    0,    0,    0,    0,    0,    0,    0,    0,    0,    0,    0,    0,    0,    0,    0,    0,    0,    0,    0,    0,    0,    0,    0,    0,    0,    0,    0,    0,    0,    0,    0,    0,    0,    0,    0,    0,    0,    0,    0,    0,    0,    0,    0,    0,    0,    0,    0,    0,    0,    0,    0,    0,    0,    0,    0,    0,    0,    0,    0,    0,    0,    0,    0,    0,    0,    0,    0,    0,    0,    0,    0,    0,    0,    0,    0,    0,    0,    0,    0,    0,    0,  -43,  -42,    5,    0,    0,    0,
       0,    0,    0,    0,    0,    0,    0,    0,    0,    0,    0,    0,    0,    0,    0,    0,    0,    0,    0,    0,    0,    0,    0,    0,    0,   -3,    0,    0,    0,    0,    0,    0,    0,    0,    0,    0,    0,    0,    0,    0,    0,    0,    0,    0,    0,    0,    0,    0,    0,    0,    0,    0,    0,    0,    0,    0,    0,    0,    0,    0,    0,    0,    0,    0,    0,    0,    0,    0,    0,    0,    0,    0,    0,    0,    0,    0,    0,    0,    0,    0,    0,    0,    0,    0,    0,    0,    0,    0,    0,    0,    0,    0,    0,    0,    0,    0,    0,    0,    0,    0,    0,    0,    0,    0,    0,    0,    0,    0,    0,    0,    0,    0,    0,    0,    0,    0,    0,    0,    0,    0,    0,    0,    0,    0,    0,    0,    0,    0,    0,    0,    0,    0,    0,    0,    0,    0,    0,    0,    0,    0,    0,    0,    0,    0,    0,    0,    0,    0,    0,    0,    0,    0,    0,    0,    0,    0,    0,    0,    0,    0,    0,    0,    0,
      -5,   -8,    0,   -4,  -10,    0,  -12,    0,  -15,    0,  -12,   -4,   -7,    0,    0,   -9,    0,    0,    0,   -4,  -10,    0,   -8,   -6,  -10,  -14,   -5,   -4,  -15,   -4,    0,    0,    0,    0,    0,    0,    0,    0,    0,    0,    0,    0,    0,    0,    0,    0,    0,    0,    0,    0,    0,  -10,    0,    0,  -14,    0,    0,    0,    0,    0,    0,    0,    0,    0,    0,    0,  -10,    0,   -9,    0,    0,    0,    0,    0,    0,    0,    0,    0,    0,    0,    0,    0,    0,    0,    0,    0,    0,    0,    0,    0,    0,    0,    0,    0,    0,    0,    0,    0,    0,    0,    0,    0,    0,    0,    0,    0,    0,    0,    0,    0,    0,    0,    0,    0,    0,    0,    0,    0,    0,    0,    0,    0,    0,    0,    0,    0,    0,    0,    0,    0,    0,    0,    0,    0,    0,    0,    0,    0,    0,    0,    0,    0,    0,    0,    0,    0,    0,    0,    0,    0,    0,    0,    0,    0,    0,    0,    0,   -6,   -4,  -11,    0,    0,    0,
      -4,    0,    0,   -4,   -8,    0,  -34,    0,  -22,    0,    0,    0,  -18,    0,    0,  -36,    0,    0,    0,    0,    0,    0,    0,    0,   -8,    0,    0,   -5,  -14,   -7,    0,   -7,   -7,  -11,    0,   -7,    0,    0,    0,    0,   -7,   -4,    0,    0,    0,    4,    3,    0,    4,    0,    0,   -8,   -6,    0,  -30,    0,    0,    0,    0,   -6,    0,    0,    0,    0,    0,    0,    0,    0,    0,    0,    0,    0,    0,    0,    0,    0,    0,    0,    0,    0,    0,    0,    0,    0,    0,    0,    0,    0,    0,    0,    0,    0,    0,    0,    0,    0,    0,    0,    0,    0,    0,    0,    0,    0,    0,    0,    0,    0,    0,    0,    0,    0,    0,    0,    0,    0,    0,    0,    0,    0,    0,    0,    0,    0,    0,    0,    0,    0,    0,    0,    0,    0,    0,    0,    0,    0,    0,    0,    0,    0,    0,    0,    0,    0,    0,    0,    0,    0,    0,    0,    0,    0,    0,    0,    0,    0,    0,    0,    4,  -41,    0,    0,    0,
      -5,   -8,    0,   -4,    0,    0,  -12,    0,    0,    0,  -12,   -4,   -7,    0,    0,   -9,    0,    0,    0,   -4,  -10,    0,   -8,   -6,  -10,  -14,   -5,   -4,    0,   -5,    0,    0,    0,    0,    0,    0,    0,    5,    0,    0,    0,    0,    0,    0,    0,    0,    0,    0,    0,    0,    0,    0,    0,    0,  -14,    0,    0,    0,    0,    0,    0,    0,    0,    0,    0,    0,  -10,    0,    0,    0,    0,    0,    0,    0,    0,    0,    0,    0,    0,    0,    0,    0,    0,    0,    0,    0,    0,    0,    0,    0,    0,    0,    0,    0,    0,    0,    0,    0,    0,    0,    0,    0,    0,    0,    0,    0,    0,    0,    0,    0,    0,    0,    0,    0,    0,    0,    0,    0,    0,    0,    0,    0,    0,    0,    0,    0,    0,    0,    0,    0,    0,    0,    0,    0,    0,    0,    0,    0,    0,    0,    0,    0,    0,    0,    0,    0,    0,    0,    0,    0,    0,    0,    0,    0,    0,    0,    0,   -6,   -4,   -7,    0,    0,    0,
       0,    0,    0,   -4,    0,    0,    5,    0,    4,    0,   -4,   -5,   10,   -4,   -4,    8,    0,   -4,   -4,    0,    0,    0,   -4,    0,    7,   -7,    5,    0,  -12,    0,    0,    0,    0,    0,    0,    0,    0,    2,    0,    0,    0,    0,    0,    0,    0,    0,    0,    7,    0,    3,   -6,   -6,   -7,    0,   10,    0,    0,    0,    0,   -5,    0,    0,    0,    0,    0,    0,    0,    0,    0,    0,    0,    0,    0,    0,    0,    0,    0,    0,    0,    0,    0,    0,    0,    0,    0,    0,    0,    0,    0,    0,    0,    0,    0,    0,    0,    0,    0,    0,    0,    0,    0,    0,    0,    0,    0,    0,    0,    0,    0,    0,    0,    0,    0,    0,    0,    0,    0,    0,    0,    0,    0,    0,    0,    0,    0,    0,    0,    0,    0,    0,    0,    0,    0,    0,    0,    0,    0,    0,    0,    0,    0,    0,    0,    0,    0,    0,    0,    0,    0,    0,    0,    0,    0,    0,    0,    0,    0,    0,    0,    5,    0,    0,    0,
       0,    0,   -3,  -10,    4,    0,  -28,  -18,  -31,  -30,    8,  -18,  -23,  -10,  -10,  -32,    0,  -10,  -10,    0,    8,    0,   10,    6,    5,   10,    0,    0,  -11,  -16,    0,  -22,  -22,  -22,    0,  -22,    0,    0,    0,  -14,  -22,  -22,  -17,    0,  -13,   -9,  -29,   -8,   -9,  -11,   -8,    0,  -30,  -27,  -26,    0,    0,    7,   15,  -28,   23,   19,   12,    0,  -26,  -24,    0,    0,    0,    0,    0,    0,    0,    0,    0,    0,    0,    0,    0,    0,    0,    0,    0,    0,    0,    0,    0,    0,    0,    0,    0,    0,    0,    0,    0,    0,    0,    0,    0,    0,    0,    0,    0,    0,    0,    0,    0,    0,    0,    0,    0,    0,    0,    0,    0,    0,    0,    0,    0,    0,    0,    0,    0,    0,    0,    0,    0,    0,    0,    0,    0,    0,    0,    0,    0,    0,    0,    0,    0,    0,    0,    0,    0,    0,    0,    0,    0,    0,    0,    0,    0,    0,    0,    0,    0,    0,    0,    0,    0,  -24,    0,    0,    0,
       0,    0,    0,   -4,    0,    0,   -4,    0,  -14,   -4,    0,    0,   -4,    0,    0,   -5,    0,    0,    0,    0,    0,    0,    0,    0,    0,    0,   -6,    0,  -13,   -6,    0,    0,    0,    0,    0,    0,    0,    0,    0,    0,    0,    0,    0,    0,    0,    0,    0,    0,    0,   -6,   -4,   -8,    0,    0,  -12,    0,    0,    0,    0,    0,    0,    0,    0,    0,    0,    0,   -5,    0,    0,    0,    0,    0,    0,    0,    0,    0,    0,    0,    0,    0,    0,    0,    0,    0,    0,    0,    0,    0,    0,    0,    0,    0,    0,    0,    0,    0,    0,    0,    0,    0,    0,    0,    0,    0,    0,    0,    0,    0,    0,    0,    0,    0,    0,    0,    0,    0,    0,    0,    0,    0,    0,    0,    0,    0,    0,    0,    0,    0,    0,    0,    0,    0,    0,    0,    0,    0,    0,    0,    0,    0,    0,    0,    0,    0,    0,    0,    0,    0,    0,    0,    0,    0,    0,    0,    0,    0,    0,    0,    0,   -7,    0,    0,    0,
       0,    5,    0,  -12,    6,    0,  -27,   -4,  -24,   -7,    8,  -14,  -22,   -6,   -6,  -34,    0,   -8,   -8,    0,   10,    0,   11,    7,    7,   12,    0,    0,  -10,   -9,    0,  -16,  -16,  -16,    0,  -16,    0,    0,    0,  -11,  -16,  -16,   -5,    0,   -8,    0,    0,    0,    0,    0,   -8,    0,  -15,   -4,  -29,    0,   -2,    0,   19,  -18,   22,   19,   12,    0,   -9,   -8,    0,    0,    0,    0,    0,    0,    0,    0,    0,    0,    0,    0,    0,    0,    0,    0,    0,    0,    0,    0,    0,    0,    0,    0,    0,    0,    0,    0,    0,    0,    0,    0,    0,    0,    0,    0,    0,    0,    0,    0,    0,    0,    0,    0,    0,    0,    0,    0,    0,    0,    0,    0,    0,    0,    0,    0,    0,    0,    0,    0,    0,    0,    0,    0,    0,    0,    0,    0,    0,    0,    0,    0,    0,    0,    0,    0,    0,    0,    0,    0,    0,    0,    0,    0,    0,    0,    0,    0,    0,    0,    0,    7,    8,  -26,    0,    0,    0,
       0,    4,    0,   -6,    0,    0,  -13,    0,  -17,   -4,    6,   -7,   -6,   -6,   -6,  -22,    0,   -6,   -6,    0,    7,    0,    8,    4,    4,    8,    0,    0,  -13,  -10,    0,   -8,   -8,   -8,    0,   -9,    0,    0,    0,   -7,   -8,   -8,   -6,    0,   -7,    0,    0,    0,    0,    0,   -6,    0,   -7,    0,  -18,    0,    0,    0,    6,   -9,   16,    0,    0,    0,   -5,    0,    0,    0,    0,    0,    0,    0,    0,    0,    0,    0,    0,    0,    0,    0,    0,    0,    0,    0,    0,    0,    0,    0,    0,    0,    0,    0,    0,    0,    0,    0,    0,    0,    0,    0,    0,    0,    0,    0,    0,    0,    0,    0,    0,    0,    0,    0,    0,    0,    0,    0,    0,    0,    0,    0,    0,    0,    0,    0,    0,    0,    0,    0,    0,    0,    0,    0,    0,    0,    0,    0,    0,    0,    0,    0,    0,    0,    0,    0,    0,    0,    0,    0,    0,    0,    0,    0,    0,    0,    0,    0,    0,    6,    9,  -14,    0,    0,    0,
       0,    0,    0,   -9,    0,   -9,    4,  -10,    4,    0,    0,   -9,   10,   -8,   -8,    7,    0,  -10,  -10,    0,    4,    0,    6,    0,    6,    7,    4,    0,  -12,    0,    0,   -6,   -6,   -6,    0,   -6,    0,    0,    0,    0,   -6,   -6,    0,    0,   -4,   -4,  -13,    7,    0,    0,   -9,    0,  -17,    0,   10,    0,    0,    0,    0,  -10,    0,    0,    0,    0,    0,   -6,    0,    0,    0,    0,    0,    0,    0,    0,    0,    0,    0,    0,    0,    0,    0,    0,    0,    0,    0,    0,    0,    0,    0,    0,    0,    0,    0,    0,    0,    0,    0,    0,    0,    0,    0,    0,    0,    0,    0,    0,    0,    0,    0,    0,    0,    0,    0,    0,    0,    0,    0,    0,    0,    0,    0,    0,    0,    0,    0,    0,    0,    0,    0,    0,    0,    0,    0,    0,    0,    0,    0,    0,    0,    0,    0,    0,    0,    0,    0,    0,    0,    0,    0,    0,    0,    0,    0,    0,    0,    0,    0,    0,    0,    4,    0,    0,    0,
       0,    0,    0,  -15,    6,    0,  -23,  -18,  -29,  -14,    9,  -21,  -28,  -14,  -14,  -41,   -3,  -14,  -14,    0,   11,    0,   12,    8,    7,   12,    4,    0,   -9,  -14,    0,  -20,  -20,  -20,    0,  -20,    0,    0,    0,  -14,  -20,  -20,   -9,    0,  -14,   -4,    0,   -7,   -4,  -10,   -8,    0,  -27,  -11,  -29,    0,    0,    0,   14,  -30,   22,   19,    0,    0,  -15,  -14,    0,    0,    0,    0,    0,    0,    0,    0,    0,    0,    0,    0,    0,    0,    0,    0,    0,    0,    0,    0,    0,    0,    0,    0,    0,    0,    0,    0,    0,    0,    0,    0,    0,    0,    0,    0,    0,    0,    0,    0,    0,    0,    0,    0,    0,    0,    0,    0,    0,    0,    0,    0,    0,    0,    0,    0,    0,    0,    0,    0,    0,    0,    0,    0,    0,    0,    0,    0,    0,    0,    0,    0,    0,    0,    0,    0,    0,    0,    0,    0,    0,    0,    0,    0,    0,    0,    0,    0,    0,    0,    0,    4,    6,  -28,    0,    0,    0,
       0,    0,    0,   -7,    0,    0,    4,  -22,    0,    0,    0,   -6,    6,  -13,  -13,    6,    0,  -13,  -13,    0,    0,   -5,    4,    0,    0,    4,    0,   -6,  -15,    0,    0,   -6,   -6,   -6,    0,   -8,    0,    0,    0,    0,   -6,   -5,    0,   -4,   -7,   -8,   -8,    3,   -8,    0,  -12,   -5,  -18,    0,    6,    0,    0,    0,    4,   -5,   12,    0,    0,    0,    0,    0,    0,    0,    0,    0,    0,    0,    0,    0,    0,    0,    0,    0,    0,    0,    0,    0,    0,    0,    0,    0,    0,    0,    0,    0,    0,    0,    0,    0,    0,    0,    0,    0,    0,    0,    0,    0,    0,    0,    0,    0,    0,    0,    0,    0,    0,    0,    0,    0,    0,    0,    0,    0,    0,    0,    0,    0,    0,    0,    0,    0,    0,    0,    0,    0,    0,    0,    0,    0,    0,    0,    0,    0,    0,    0,    0,    0,    0,    0,    0,    0,    0,    0,    0,    0,    0,    0,    0,    0,    0,    0,    0,    0,    0,    0,    0,    0,    0,
       0,    0,    0,    0,    0,    0,    0,    0,    0,    0,    0,    0,  -10,  -15,  -15,  -10,    0,  -15,  -15,   -9,  -12,  -14,  -10,  -13,  -13,  -10,  -14,    0,   24,    0,    0,    0,    0,    0,    0,    0,    0,    0,    0,    0,    0,    0,    0,    0,    0,    0,    0,    0,    0,    0,    0,    0,    0,    0,  -10,    0,    0,    0,    0,    0,    0,    0,    0,    0,    0,    0,    0,    0,    0,    0,  -12,  -15,   -7,   -8,   -9,  -10,  -10,    9,  -11,    0,    0,  -15,  -15,  -13,  -17,    0,  -13,    0,    0,    0,    0,    0,    0,    0,    0,    0,    0,    0,    0,    0,    0,    0,    0,    0,    0,    0,    0,    0,    0,    0,    0,    0,    0,    0,    0,    0,    0,    0,    0,  -17,    0,  -10,    0,    0,   -9,    0,    0,    0,   -6,    0,    0,  -11,    0,    0,    0,    0,    0,    0,    0,    0,    0,    0,    0,    0,    0,    0,    0,    0,    0,    0,    0,    0,    0,    0,    0,    0,    0,    0,    0,    0,    0,    0,    0,
       0,    0,    0,    0,    0,    0,    0,    0,    0,    0,    0,    0,    0,   -4,   -4,    0,    0,   -4,   -4,    0,    0,    0,    0,   -4,   -4,    0,   -6,    0,    0,    0,    0,    0,    0,    0,    0,    0,    0,    0,    0,    0,    0,    0,    0,    0,    0,    0,    0,    0,    0,    0,    0,    0,    0,    0,    0,    0,    0,    0,    0,    0,    0,    0,    0,    0,    0,    0,    0,    0,    0,    0,    0,   -4,   -4,    0,    0,    0,    0,    0,    0,    0,    0,   -4,   -4,   -4,   -7,    0,   -4,    0,    0,    0,    0,    0,    0,    0,    0,    0,    0,    0,    0,    0,    0,    0,    0,    0,    0,    0,    0,    0,    0,    0,    0,    0,    0,    0,    0,    0,    0,    0,    0,   -8,    0,    0,    0,    0,    0,    0,    0,    0,   -7,    0,    0,    0,    0,    0,    0,    0,    0,    0,    0,    0,    0,    0,    0,    0,    0,    0,    0,    0,    0,    0,    0,    0,    0,    0,    0,    0,    0,    0,    0,    0,    0,    0,    0,
       0,   -9,    0,    0,   -8,   -7,    0,    0,    0,    0,  -10,    0,    0,    0,    0,    0,    0,    0,    0,    0,    0,    0,    0,    0,    0,    0,    0,    0,  -10,    0,    0,    0,    0,    0,    0,    0,    0,    0,    0,    0,    0,    0,    0,    0,    0,   -5,   -4,    0,   -5,    0,    0,   -7,    0,    0,    0,    0,    0,    0,    0,    0,    0,    0,    0,    0,    0,    0,    0,    0,    0,    0,    0,    0,    0,    0,    0,    0,    0,    0,    0,    0,    0,    0,    0,    0,    0,    0,    0,    0,    0,    0,    0,    0,    0,    0,    0,    0,    0,    0,    0,    0,    0,    0,    0,    0,    0,    0,    0,    0,    0,    0,    0,    0,    0,    0,    0,    0,    0,    0,    0,    0,    0,    0,    0,    0,    0,    0,    0,    0,    0,    0,    0,    0,    0,    0,    0,    0,    0,    0,    0,    0,    0,    0,    0,    0,    0,    0,    0,    0,    0,    0,    0,    0,    0,    0,    0,    0,    0,    0,   -8,    0,    0,    0,    0,
       0,  -13,    0,    0,  -10,    0,    0,    0,   -8,    0,  -10,    0,    0,    0,    0,    0,    0,    0,    0,    0,    0,    0,    0,    0,    0,    0,    0,    0,  -11,    0,    0,    0,    0,    0,    0,    0,    0,    0,    0,    0,    0,    0,    0,    0,    0,   -4,   -4,   -6,   -4,   -7,    0,   -7,    0,    0,    0,    0,    0,    0,    0,    0,    0,    0,    0,    0,    0,    0,    0,    0,    0,    0,    0,    0,    0,    0,    0,    0,    0,    0,    0,    0,    0,    0,    0,    0,    0,    0,    0,    0,    0,    0,    0,    0,    0,    0,    0,    0,    0,    0,    0,    0,    0,    0,    0,    0,    0,    0,    0,    0,    0,    0,    0,    0,    0,    0,    0,    0,    0,    0,    0,    0,    0,    0,    0,    0,    0,    0,    0,    0,    0,    0,    0,    0,    0,    0,    0,    0,    0,    0,    0,    0,    0,    0,    0,    0,    0,    0,    0,    0,    0,    0,    0,    0,    0,    0,    0,    0,    0,  -12,  -12,    0,    0,    0,    0,
       0,    0,    0,    0,    0,    0,    4,  -11,    0,    0,    0,    0,    0,    0,    0,    0,    0,    0,    0,    0,    0,    0,    0,    0,    0,    0,    0,    0,  -10,    0,    0,    0,   -4,    0,    0,   -6,    0,    0,    0,    0,   -4,    0,    0,    0,    0,    4,    4,    6,    4,    0,   -7,    0,  -10,    0,    0,    0,    0,    0,    0,    0,    0,    0,    0,    0,    0,    0,    0,    0,    0,    0,    0,    0,    0,    0,    0,    0,    0,    0,    0,    0,    0,    0,    0,    0,    0,    0,    0,    0,    0,    0,    0,    0,    0,    0,    0,    0,    0,    0,    0,    0,    0,    0,    0,    0,    0,    0,    0,    0,    0,    0,    0,    0,    0,    0,    0,    0,    0,    0,    0,    0,    0,    0,    0,    0,    0,    0,    0,    0,    0,    0,    0,    0,    0,    0,    0,    0,    0,    0,    0,    0,    0,    0,    0,    0,    0,    0,    0,    0,    0,    0,    0,    0,    0,    0,    0,    0,    0,    0,    0,    0,    0,    0,    0,
       0,    0,    0,    0,   14,    4,  -18,  -12,  -15,    0,    8,    0,    0,    0,    0,    0,    0,    0,    0,    0,    0,    0,    0,    0,    0,    0,    0,    0,   14,    0,    0,   -4,    0,   -4,    0,   -2,    0,    0,    0,    0,   -4,   -4,    0,    0,    0,    7,    6,    5,    7,    0,    0,   14,   -7,    3,    0,    0,   11,    0,   18,   -6,   22,   19,   22,    0,    0,    0,    0,    0,    0,    0,    0,    0,    0,    0,    0,    0,    0,    0,    0,    0,    0,    0,    0,    0,    0,    0,    0,    0,    0,    0,    0,    0,    0,    0,    0,    0,    0,    0,    0,    0,    0,    0,    0,    0,    0,    0,    0,    0,    0,    0,    0,    0,    0,    0,    0,    0,    0,    0,    0,    0,    0,    0,    0,    0,    0,    0,    0,    0,    0,    0,    0,    0,    0,    0,    0,    0,    0,    0,    0,    0,    0,    0,    0,    0,    0,    0,    0,    0,    0,    0,    0,    0,    0,    0,    0,    0,    0,    0,    7,  -19,    0,    0,    0,
       0,  -13,    0,    0,   -8,   -7,    0,    0,    0,    0,  -10,    0,    0,    0,    0,    0,    0,    0,    0,    0,    0,    0,    0,    0,    0,    0,    0,    0,  -10,    0,    0,    0,    0,    0,    0,    0,    0,    0,    0,    0,    0,    0,    0,    0,    0,   -5,   -4,    0,   -6,    0,    0,   -7,    0,    0,    0,    0,    0,    0,    0,    0,    0,    0,    0,    0,    0,    0,    0,    0,    0,    0,    0,    0,    0,    0,    0,    0,    0,    0,    0,    0,    0,    0,    0,    0,    0,    0,    0,    0,    0,    0,    0,    0,    0,    0,    0,    0,    0,    0,    0,    0,    0,    0,    0,    0,    0,    0,    0,    0,    0,    0,    0,    0,    0,    0,    0,    0,    0,    0,    0,    0,    0,    0,    0,    0,    0,    0,    0,    0,    0,    0,    0,    0,    0,    0,    0,    0,    0,    0,    0,    0,    0,    0,    0,    0,    0,    0,    0,    0,    0,    0,    0,    0,    0,    0,    0,    0,    0,  -11,  -11,    0,    0,    0,    0,
       0,    0,    0,    0,    0,    0,    0,    0,    0,    0,    0,    0,    0,    0,    0,    0,    0,    0,    0,    0,    0,    0,    0,    0,    0,    0,    0,    0,    0,    0,    0,    0,    0,    0,    0,    0,    0,    3,    0,    0,    0,    0,    0,    0,    0,    0,    0,    0,    0,    0,    0,    0,    0,    0,    0,    0,    0,    0,    0,    0,    0,    0,    0,    0,    0,    0,    0,    0,    0,    0,    0,    0,    0,    0,    0,    0,    0,    0,    0,    0,    0,    0,    0,    0,    0,    0,    0,    0,    0,    0,    0,    0,    0,    0,    0,    0,    0,    0,    0,    0,    0,    0,    0,    0,    0,    0,    0,    0,    0,    0,    0,    0,    0,    0,    0,    0,    0,    0,    0,    0,    0,    0,    0,    0,    0,    0,    0,    0,    0,    0,    0,    0,    0,    0,    0,    0,    0,    0,    0,    0,    0,    0,    0,    0,    0,    0,    0,    0,    0,    0,    0,    0,    0,    0,    0,    0,    0,    0,    0,    0,    0,    0,    0,
       0,    0,    0,    0,    0,    0,    0,  -10,    4,    0,    0,   -7,    0,    0,    0,    0,    0,    0,    0,    0,    0,    0,    0,    0,    0,    0,    0,    0,   -9,    0,    0,   -9,   -9,   -9,    0,  -10,    0,    0,    0,    0,  -10,   -9,    0,    0,    0,    0,    0,    7,    0,    0,   -7,    0,  -12,    0,    0,    0,    0,    0,    0,  -10,    0,    0,    0,    0,    0,    0,    0,    0,    0,    0,    0,    0,    0,    0,    0,    0,    0,    0,    0,    0,    0,    0,    0,    0,    0,    0,    0,    0,    0,    0,    0,    0,    0,    0,    0,    0,    0,    0,    0,    0,    0,    0,    0,    0,    0,    0,    0,    0,    0,    0,    0,    0,    0,    0,    0,    0,    0,    0,    0,    0,    0,    0,    0,    0,    0,    0,    0,    0,    0,    0,    0,    0,    0,    0,    0,    0,    0,    0,    0,    0,    0,    0,    0,    0,    0,    0,    0,    0,    0,    0,    0,    0,    0,    0,    0,    0,    0,    0,    0,    0,    0,    0,    0,
       0,  -11,    0,    0,   -9,   -8,    0,    0,    0,    0,  -10,    0,    0,    0,    0,    0,    0,    0,    0,    0,    0,    0,    0,    0,    0,    0,    0,    0,  -11,    0,    0,    0,    0,    0,    0,    0,    0,    0,    0,    0,    0,    0,    0,    0,    0,   -6,   -5,    0,   -6,    0,    0,   -7,    0,    0,    0,    0,    0,    0,    0,    0,    0,    0,    0,    0,    0,    0,    0,    0,    0,    0,    0,    0,    0,    0,    0,    0,    0,    0,    0,    0,    0,    0,    0,    0,    0,    0,    0,    0,    0,    0,    0,    0,    0,    0,    0,    0,    0,    0,    0,    0,    0,    0,    0,    0,    0,    0,    0,    0,    0,    0,    0,    0,    0,    0,    0,    0,    0,    0,    0,    0,    0,    0,    0,    0,    0,    0,    0,    0,    0,    0,    0,    0,    0,    0,    0,    0,    0,    0,    0,    0,    0,    0,    0,    0,    0,    0,    0,    0,    0,    0,    0,    0,    0,    0,    0,    0,    0,   -8,   -9,    0,    0,    0,    0,
       0,  -11,    0,    0,  -10,   -7,    0,    0,   -8,    0,  -11,    0,    0,    0,    0,    0,    0,    0,    0,    0,    0,    0,    0,    0,    0,    0,    0,    0,  -11,    0,    0,    0,    0,    0,    0,    0,    0,    0,    0,    0,    0,    0,    0,    0,    0,   -5,   -4,   -6,   -5,   -7,    0,   -7,    0,    0,    0,    0,    0,    0,    0,    0,    0,    0,    0,    0,    0,    0,    0,    0,    0,    0,    0,    0,    0,    0,    0,    0,    0,    0,    0,    0,    0,    0,    0,    0,    0,    0,    0,    0,    0,    0,    0,    0,    0,    0,    0,    0,    0,    0,    0,    0,    0,    0,    0,    0,    0,    0,    0,    0,    0,    0,    0,    0,    0,    0,    0,    0,    0,    0,    0,    0,    0,    0,    0,    0,    0,    0,    0,    0,    0,    0,    0,    0,    0,    0,    0,    0,    0,    0,    0,    0,    0,    0,    0,    0,    0,    0,    0,    0,    0,    0,    0,    0,    0,    0,    0,    0,    0,   -8,  -10,    0,    0,    0,    0,
       0,  -11,    0,    0,  -10,   -7,    0,    0,   -8,    0,  -10,    0,    0,    0,    0,    0,    0,    0,    0,    0,    0,    0,    0,    0,    0,    0,    0,    0,  -11,    0,    0,    0,    0,    0,    0,    0,    0,    0,    0,    0,    0,    0,    0,    0,    0,   -5,   -4,   -6,   -5,   -6,    0,   -7,    0,    0,    0,    0,    0,    0,    0,    0,    0,    0,    0,    0,    0,    0,    0,    0,    0,    0,    0,    0,    0,    0,    0,    0,    0,    0,    0,    0,    0,    0,    0,    0,    0,    0,    0,    0,    0,    0,    0,    0,    0,    0,    0,    0,    0,    0,    0,    0,    0,    0,    0,    0,    0,    0,    0,    0,    0,    0,    0,    0,    0,    0,    0,    0,    0,    0,    0,    0,    0,    0,    0,    0,    0,    0,    0,    0,    0,    0,    0,    0,    0,    0,    0,    0,    0,    0,    0,    0,    0,    0,    0,    0,    0,    0,    0,    0,    0,    0,    0,    0,    0,    0,    0,    0,    0,   -8,  -10,    0,    0,    0,    0,
       0,    0,    0,    0,    0,    0,    0,    0,    0,    0,    0,    0,    0,    0,    0,    0,    0,    0,    0,    0,    0,    0,    0,    0,    0,    0,    0,    0,    0,    0,    0,    0,    0,    0,    0,    0,    0,   11,    0,    0,    0,    0,    0,    0,    0,    0,    0,    0,    0,    0,    0,    0,    0,    0,    0,    0,    0,    0,    0,    0,    0,    0,    0,    0,    0,    0,    0,    0,    0,    0,    0,    0,    0,    0,    0,    0,    0,    0,    0,    0,    0,    0,    0,    0,    0,    0,    0,    0,    0,    0,    0,    0,    0,    0,    0,    0,    0,    0,    0,    0,    0,    0,    0,    0,    0,    0,    0,    0,    0,    0,    0,    0,    0,    0,    0,    0,    0,    0,    0,    0,    0,    0,    0,    0,    0,    0,    0,    0,    0,    0,    0,    0,    0,    0,    0,    0,    0,    0,    0,    0,    0,    0,    0,    0,    0,    0,    0,    0,    0,    0,    0,    0,    0,    0,    0,    0,    0,    0,    0,    0,    0,    0,    0,
       0,    0,    0,    0,    0,    4,  -20,  -11,  -16,    0,  -15,    0,    0,    0,    0,    0,    0,    0,    0,    0,    0,    0,    0,    0,    0,    0,    0,    0,   -8,    0,    0,    0,    0,    0,    0,    0,    0,    0,    0,    0,    0,   -4,    0,    0,    0,    7,    7,    6,    7,    0,    0,    0,   -7,    0,    0,    0,    0,    0,    0,   -7,    0,    0,    0,    0,    0,    0,    0,    0,    0,    0,    0,    0,    0,    0,    0,    0,    0,    0,    0,    0,    0,    0,    0,    0,    0,    0,    0,    0,    0,    0,    0,    0,    0,    0,    0,    0,    0,    0,    0,    0,    0,    0,    0,    0,    0,    0,    0,    0,    0,    0,    0,    0,    0,    0,    0,    0,    0,    0,    0,    0,    0,    0,    0,    0,    0,    0,    0,    0,    0,    0,    0,    0,    0,    0,    0,    0,    0,    0,    0,    0,    0,    0,    0,    0,    0,    0,    0,    0,    0,    0,    0,    0,    0,    0,    0,    0,    0,    0,    5,  -18,    0,    0,    0,
       0,    0,    0,    0,    0,    0,    4,  -14,    0,    0,    0,    0,    0,    0,    0,    0,    0,    0,    0,    0,    0,    0,    0,    0,    0,    0,    0,    0,  -10,    0,    0,   -4,   -5,   -4,    0,   -4,    0,    0,    0,    0,   -5,   -4,    0,    0,    0,    0,    0,    6,    0,    0,   -7,    0,  -10,    0,    0,    0,    0,    0,    0,   -4,    0,    0,    0,    0,    0,    0,    0,    0,    0,    0,    0,    0,    0,    0,    0,    0,    0,    0,    0,    0,    0,    0,    0,    0,    0,    0,    0,    0,    0,    0,    0,    0,    0,    0,    0,    0,    0,    0,    0,    0,    0,    0,    0,    0,    0,    0,    0,    0,    0,    0,    0,    0,    0,    0,    0,    0,    0,    0,    0,    0,    0,    0,    0,    0,    0,    0,    0,    0,    0,    0,    0,    0,    0,    0,    0,    0,    0,    0,    0,    0,    0,    0,    0,    0,    0,    0,    0,    0,    0,    0,    0,    0,    0,    0,    0,    0,    0,    0,    0,    0,    0,    0,    0,
       0,    0,    0,    0,    0,    3,  -12,    0,  -11,    0,  -14,    0,    0,    0,    0,    0,    0,    0,    0,    0,    0,    0,    0,    0,    0,    0,    0,    0,   -9,    0,    0,   -5,   -5,   -5,    0,   -4,    0,    0,    0,    0,   -5,   -5,    0,    0,    0,    6,    6,    5,    6,    0,    0,    0,    0,    0,    0,    0,    0,    0,    0,   -6,    0,    0,    0,    0,    0,    0,    0,    0,    0,    0,    0,    0,    0,    0,    0,    0,    0,    0,    0,    0,    0,    0,    0,    0,    0,    0,    0,    0,    0,    0,    0,    0,    0,    0,    0,    0,    0,    0,    0,    0,    0,    0,    0,    0,    0,    0,    0,    0,    0,    0,    0,    0,    0,    0,    0,    0,    0,    0,    0,    0,    0,    0,    0,    0,    0,    0,    0,    0,    0,    0,    0,    0,    0,    0,    0,    0,    0,    0,    0,    0,    0,    0,    0,    0,    0,    0,    0,    0,    0,    0,    0,    0,    0,    0,    0,    0,    0,    0,    4,  -13,    0,    0,    0,
       0,    0,    0,    0,    0,    3,  -11,    0,  -10,    0,  -12,    0,    0,    0,    0,    0,    0,    0,    0,    0,    0,    0,    0,    0,    0,    0,    0,    0,   -9,    0,    0,   -4,    0,    0,    0,    0,    0,    0,    0,    0,   -4,    0,    0,    0,    0,    6,    6,    5,    6,    0,    0,    0,    0,    0,    0,    0,    0,    0,    0,   -5,    0,    0,    0,    0,    0,    0,    0,    0,    0,    0,    0,    0,    0,    0,    0,    0,    0,    0,    0,    0,    0,    0,    0,    0,    0,    0,    0,    0,    0,    0,    0,    0,    0,    0,    0,    0,    0,    0,    0,    0,    0,    0,    0,    0,    0,    0,    0,    0,    0,    0,    0,    0,    0,    0,    0,    0,    0,    0,    0,    0,    0,    0,    0,    0,    0,    0,    0,    0,    0,    0,    0,    0,    0,    0,    0,    0,    0,    0,    0,    0,    0,    0,    0,    0,    0,    0,    0,    0,    0,    0,    0,    0,    0,    0,    0,    0,    0,    0,    4,  -11,    0,    0,    0,
       0,    0,    0,    0,    0,    0,    0,    0,    0,    0,    0,    0,    0,    0,    0,    0,    0,    0,    0,    0,    0,    0,    0,    0,    0,    0,    0,    0,  -10,    0,    0,   -7,   -7,   -7,    0,   -7,    0,    0,    0,    0,   -7,   -7,    0,    0,    0,    0,    0,    6,    0,    0,   -7,    0,  -10,    0,    0,    0,    0,    0,    0,   -8,    0,    0,    0,    0,    0,    0,    0,    0,    0,    0,    0,    0,    0,    0,    0,    0,    0,    0,    0,    0,    0,    0,    0,    0,    0,    0,    0,    0,    0,    0,    0,    0,    0,    0,    0,    0,    0,    0,    0,    0,    0,    0,    0,    0,    0,    0,    0,    0,    0,    0,    0,    0,    0,    0,    0,    0,    0,    0,    0,    0,    0,    0,    0,    0,    0,    0,    0,    0,    0,    0,    0,    0,    0,    0,    0,    0,    0,    0,    0,    0,    0,    0,    0,    0,    0,    0,    0,    0,    0,    0,    0,    0,    0,    0,    0,    0,    0,    0,    0,    0,    0,    0,    0,
       0,    0,    0,    0,    0,    0,    0,    0,    0,    0,    0,    0,    0,    0,    0,    0,    0,    0,    0,    0,    0,    0,    0,    0,    0,    0,    0,    0,  -12,    0,    0,   -7,   -7,   -7,   -4,   -8,    0,    0,    0,    0,   -7,   -6,    0,   -4,   -4,    0,    0,    0,    0,    0,  -10,   -7,  -12,    0,    0,    0,    0,    0,    0,   -6,    0,    0,    0,    0,    0,    0,    0,    0,    0,    0,    0,    0,    0,    0,    0,    0,    0,    0,    0,    0,    0,    0,    0,    0,    0,    0,    0,    0,    0,    0,    0,    0,    0,    0,    0,    0,    0,    0,    0,    0,    0,    0,    0,    0,    0,    0,    0,    0,    0,    0,    0,    0,    0,    0,    0,    0,    0,    0,    0,    0,    0,    0,    0,    0,    0,    0,    0,    0,    0,    0,    0,    0,    0,    0,    0,    0,    0,    0,    0,    0,    0,    0,    0,    0,    0,    0,    0,    0,    0,    0,    0,    0,    0,    0,    0,    0,    0,    0,    0,    0,    0,    0,    0,
       0,    0,    0,    0,    0,    0,    0,    0,    0,    0,    0,    0,   -4,   -9,  -11,   -4,    0,  -11,  -11,   -7,    0,   -8,    0,    0,    0,    0,   -6,    0,    0,    0,    0,    0,    0,    0,    0,    0,    0,    0,    0,    0,    0,    0,    0,    0,    0,    0,    0,    0,    5,    0,    0,   24,    0,    0,   -4,    0,    0,    0,    0,    0,    0,    0,    0,    0,    0,    0,    0,    0,    0,    0,    0,   -9,   -6,    0,    0,    0,   -4,   10,    0,    0,    0,  -11,  -11,    0,   -4,    0,   -7,    0,    0,    0,    0,    0,    0,    0,    0,    0,    0,    0,    0,    0,    0,    5,    0,    0,    0,    0,    0,    0,    0,    0,    0,    0,    0,    0,    0,    0,    0,    0,    0,  -12,    0,    0,    0,    0,   -4,    0,    0,    0,   -5,    0,    0,   -4,    0,    0,    0,    0,    0,    0,    0,    0,    0,    0,    0,    0,    0,    0,    0,    0,    0,    0,    0,    0,    0,    0,    0,    0,    0,    0,    0,    0,    0,    0,    0,
       0,    0,    0,    0,    0,    0,    0,    0,    0,    0,    0,    0,   -7,    0,    0,   -7,    0,    0,    0,   -6,   -9,   -4,   -9,   -7,  -10,   -8,  -12,    0,    0,    0,    0,    0,    0,    0,    0,    0,    0,    0,    0,    0,    0,    0,    0,    0,    0,    0,    0,    0,    0,    0,    0,    0,    0,    0,   -7,    0,    0,    0,    0,    0,    0,    0,    0,    0,    0,    0,    0,    0,    0,    0,   -9,    0,   -7,   -6,   -6,   -8,   -7,   -7,   -8,   -9,    0,    0,    0,  -10,    0,   -8,   -6,    0,    0,    0,    0,    0,    0,    0,    0,    0,    0,    0,    0,    0,    0,    0,    0,    0,    0,    0,    0,    0,    0,    0,    0,    0,    0,    0,    0,    0,    0,    0,    0,    0,    0,   -8,    0,    0,    0,    0,    0,    0,    0,    0,    0,   -8,    0,    0,    0,    0,    0,    0,    0,    0,    0,    0,    0,    0,    0,    0,    0,    0,    0,    0,    0,    0,    0,    0,    0,    0,    0,    0,    0,    0,    0,    0,    0,
       0,    0,    0,    0,    0,    0,    0,    0,    0,    0,    0,    0,    0,    0,    0,    0,    0,    0,    0,    0,  -30,   -4,  -10,   -7,    0,  -17,   -4,    0,    0,    0,    0,    0,    0,    0,    0,    0,    0,    0,    0,    0,    0,    0,    0,    0,    0,    0,    0,    0,    0,    0,    0,    0,    0,    0,    0,    0,    0,    0,    0,    0,    0,    0,    0,    0,    0,    0,    0,    0,    0,    0,    0,    0,    0,    0,    0,    0,    0,    0,    0,    0,    0,    0,    0,    0,    0,    0,    0,    0,    0,    0,    0,    0,    0,    0,    0,    0,    0,    0,    0,    0,    0,    0,    0,    0,    0,    0,    0,    0,    0,    0,    0,    0,    0,    0,    0,    0,    0,    0,    0,    0,    0,    0,    0,    0,    0,    0,    0,    0,    0,    0,    0,    0,    0,    0,    0,    0,    0,    0,    0,    0,    0,    0,    0,    0,    0,    0,    0,    0,    0,    0,    0,    0,    0,    0,    0,    0,    0,    0,    0,    0,    0,    0,    0,
       0,    0,    0,    0,    0,    0,    0,    0,    0,    0,    0,    0,    0,    0,    0,    0,    0,    0,    0,    0,  -28,    0,   -4,    0,    0,  -12,    0,    0,    0,    0,    0,    0,    0,    0,    0,    0,    0,    0,    0,    0,    0,    0,    0,    0,    0,    0,    0,    0,    0,    0,    0,    0,    0,    0,    0,    0,    0,    0,    0,    0,    0,    0,    0,    0,    0,    0,    0,    0,    0,    0,  -28,    0,    0,    0,    0,    0,    0,    0,    0,    0,    0,    0,    0,    0,    0,    0,    0,    0,    0,    0,    0,    0,    0,    0,    0,    0,    0,    0,    0,    0,    0,    0,    0,    0,    0,    0,    0,    0,    0,    0,    0,    0,    0,    0,    0,    0,    0,    0,    0,    0,    0,  -12,    0,    0,    0,    0,    0,    0,    0,    0,    0,    0,    0,    0,    0,    0,    0,    0,    0,    0,    0,    0,    0,    0,    0,    0,    0,    0,    0,    0,    0,    0,    0,    0,    0,    0,    0,    0,    0,    0,    0,    0,    0,
       0,    0,    0,    0,    0,    0,    0,    0,    0,    0,    0,    0,   -7,    0,    0,  -15,    0,    0,    0,   -7,  -31,    0,  -16,   -7,  -18,  -28,  -15,    0,    0,    0,    0,    0,    0,    0,    0,    0,    0,    0,    0,    0,    0,    0,    0,    0,    0,    0,    0,    0,    0,    0,    0,    0,    0,    0,  -16,    0,    0,    0,    0,    0,    0,    0,    0,    0,    0,    0,    0,    0,    0,    0,  -31,    0,   -9,  -13,  -12,  -19,   -7,  -12,  -21,  -14,    0,    0,    0,  -18,   -6,  -14,   -8,    0,    0,    0,    0,    0,    0,    0,    0,    0,    0,    0,    0,    0,    0,    0,    0,    0,    0,    0,    0,    0,    0,    0,    0,    0,    0,    0,    0,    0,    0,    0,    0,    0,    0,  -28,    0,    0,   -4,    0,    0,    0,    0,    0,    0,  -14,    0,    0,    0,    0,    0,    0,    0,    0,    0,    0,    0,    0,    0,    0,    0,    0,    0,    0,    0,    0,    0,    0,    0,    0,    0,    0,    0,    0,    0,    0,    0,
       0,    0,    0,    0,    0,    0,    0,    0,    0,    0,    0,    0,  -16,  -13,  -13,  -22,    0,  -13,  -13,  -11,  -40,  -16,  -17,  -14,  -25,  -24,  -24,    0,    0,    0,    0,    0,    0,    0,    0,    0,    0,    0,    0,    0,    0,    0,    0,    0,    0,    0,    0,    0,    0,    0,    0,    0,    0,    0,  -25,    0,    0,    0,    0,    0,    0,    0,    0,    0,    0,    0,    0,    0,    0,    0,    0,    0,    0,    0,    0,    0,    0,    0,    0,    0,    0,    0,    0,    0,    0,    0,    0,    0,    0,    0,    0,    0,    0,    0,    0,    0,    0,    0,    0,    0,    0,    0,    0,    0,    0,    0,    0,    0,    0,    0,    0,    0,    0,    0,    0,    0,    0,    0,    0,    0,    0,    0,    0,    0,    0,    0,    0,    0,    0,    0,    0,    0,    0,    0,    0,    0,    0,    0,    0,    0,    0,    0,    0,    0,    0,    0,    0,    0,    0,    0,    0,    0,    0,    0,    0,    0,    0,    0,    0,    0,    0,    0,    0,
      -5,  -12,    0,    0,  -14,    0,  -22,    0,  -14,    0,  -12,    0,  -10,    0,    0,  -20,    0,    0,    0,    0,  -16,    0,   -7,    0,  -17,  -16,  -17,   -6,  -15,   -5,    0,    0,    0,    0,    0,    0,    0,    0,    0,    0,    0,    0,    0,    0,    0,    0,    0,    0,    0,    0,    0,  -10,    0,    0,  -18,    0,    0,    0,    0,    0,    0,    0,    0,    0,    0,    0,  -14,    0,   -8,    0,    0,    0,    0,    0,    0,    0,    0,    0,    0,    0,    0,    0,    0,    0,    0,    0,    0,    0,    0,    0,    0,    0,    0,    0,    0,    0,    0,    0,    0,    0,    0,    0,    0,    0,    0,    0,    0,    0,    0,    0,    0,    0,    0,    0,    0,    0,    0,    0,    0,    0,    0,    0,    0,    0,    0,    0,    0,    0,    0,    0,    0,    0,    0,    0,    0,    0,    0,    0,    0,    0,    0,    0,    0,    0,    0,    0,    0,    0,    0,    0,    0,    0,    0,    0,    0,    0,    0,   -9,   -6,  -20,    0,    0,    0,
       0,  -14,    0,    0,  -10,  -12,    0,    0,    0,    0,   -7,    0,    0,    0,    0,    0,    0,    0,    0,    0,    0,    0,    0,    0,    0,    0,    0,    0,   -7,    0,    0,    0,    0,    0,    0,    0,    0,    0,    0,    0,    0,    0,    0,    0,    0,  -10,   -9,    0,  -10,    0,    0,   -7,    0,    0,    0,    0,    0,    0,    0,    0,    0,    0,    0,    0,    0,    0,    0,  -12,    0,   -7,    0,    0,    0,    0,    0,    0,    0,    0,    0,    0,    0,    0,    0,    0,    0,    0,    0,    0,    0,    0,    0,    0,    0,    0,    0,    0,    0,    0,    0,    0,    0,    0,    0,    0,    0,    0,    0,    0,    0,    0,    0,    0,    0,    0,    0,    0,    0,    0,    0,    0,    0,    0,    0,    0,    0,    0,    0,    0,    0,    0,    0,    0,    0,    0,    0,    0,    0,    0,    0,    0,    0,    0,    0,    0,    0,    0,    0,    0,    0,    0,    0,    0,    0,    0,    0,    0,    0,  -11,  -11,    0,    0,    0,    0,
       0,    0,    0,    0,    0,    0,   -5,    0,   -7,    0,    5,    0,    0,    0,    0,    0,    0,    0,    0,    0,    0,    0,    0,    0,    0,    0,    0,    0,    4,    0,    0,    0,    0,    0,    0,    0,    0,    0,    0,    0,    0,    0,    0,    0,    0,    0,    0,    0,    0,    0,    0,    4,    0,    0,    0,    0,    0,    0,    0,    0,    0,    0,    0,    0,    0,    0,    0,    0,    0,    0,    0,    0,    0,    0,    0,    0,    0,    0,    0,    0,    0,    0,    0,    0,    0,    0,    0,    0,    0,    0,    0,    0,    0,    0,    0,    0,    0,    0,    0,    0,    0,    0,    0,    0,    0,    0,    0,    0,    0,    0,    0,    0,    0,    0,    0,    0,    0,    0,    0,    0,    0,    0,    0,    0,    0,    0,    0,    0,    0,    0,    0,    0,    0,    0,    0,    0,    0,    0,    0,    0,    0,    0,    0,    0,    0,    0,    0,    0,    0,    0,    0,    0,    0,    0,    0,    0,    0,    0,    0,    0,    0,    0,    0,
       0,  -14,    0,    0,  -10,   -7,    0,    0,   -8,    0,  -10,    0,    0,    0,    0,    0,    0,    0,    0,    0,    0,    0,    0,    0,    0,    0,    0,    0,  -11,    0,    0,    0,    0,    0,    0,    0,    0,    0,    0,    0,    0,    0,    0,    0,    0,   -5,   -4,   -6,   -5,   -6,    0,   -7,    0,    0,    0,    0,    0,    0,    0,    0,    0,    0,    0,    0,    0,    0,    0,    0,    0,    0,    0,    0,    0,    0,    0,    0,    0,    0,    0,    0,    0,    0,    0,    0,    0,    0,    0,    0,    0,    0,    0,    0,    0,    0,    0,    0,    0,    0,    0,    0,    0,    0,    0,    0,    0,    0,    0,    0,    0,    0,    0,    0,    0,    0,    0,    0,    0,    0,    0,    0,    0,    0,    0,    0,    0,    0,    0,    0,    0,    0,    0,    0,    0,    0,    0,    0,    0,    0,    0,    0,    0,    0,    0,    0,    0,    0,    0,    0,    0,    0,    0,    0,    0,    0,    0,    0,    0,  -13,  -13,    0,    0,    0,    0,
       0,    0,    0,    0,    0,    0,    0,    0,    0,    0,    0,    0,    0,    0,    0,    0,    0,    0,    0,    0,    0,    0,    0,    0,    0,    0,    0,    0,    0,    0,   23,    0,    0,    0,   12,    0,   22,   22,   22,    0,    0,    0,    0,   16,    0,   22,   22,   22,   22,   16,    0,    0,    0,    0,    0,    0,   22,   22,   22,    0,   22,   22,   22,    0,    0,    0,    0,    0,    0,    0,    0,    0,    0,    0,    0,    0,    0,    0,    0,    0,    0,    0,    0,    0,    0,    0,    0,    0,    0,    0,    0,    0,    0,    0,    0,    0,    0,    0,    0,    0,    0,    0,    0,    0,    0,    0,    0,    0,    0,    0,    0,    0,    0,    0,    0,    0,    0,    0,    0,    0,    0,    0,    0,    0,    0,    0,    0,    0,    0,    0,    0,    0,    0,    0,    0,    0,    0,    0,    0,    0,    0,    0,    0,    0,    0,    0,    0,    0,    0,    0,    0,    0,    0,    0,    0,    0,    0,    0,    0,    0,    0,    0,    0,
       0,    0,    0,    0,    0,    0,    0,    0,    0,    0,    0,    0,    0,    0,    0,    0,    0,    0,    0,    0,    0,    0,    0,    0,    0,    0,    0,    0,    0,    0,    0,    0,    0,    0,    0,    0,    0,    7,    0,    0,    0,    0,    0,    0,    0,    0,    0,    0,    0,   -4,    0,    0,    0,    0,    0,    0,    0,    0,    0,    0,    0,    0,    0,    0,    0,    0,    0,    0,    0,    0,    0,    0,    0,    0,    0,    0,    0,    0,    0,    0,    0,    0,    0,    0,    0,    0,    0,    0,    0,    0,    0,    0,    0,    0,    0,    0,    0,    0,    0,    0,    0,    0,    0,    0,    0,    0,    0,    0,    0,    0,    0,    0,    0,    0,    0,    0,    0,    0,    0,    0,    0,    0,    0,    0,    0,    0,    0,    0,    0,    0,    0,    0,    0,    0,    0,    0,    0,    0,    0,    0,    0,    0,    0,    0,    0,    0,    0,    0,    0,    0,    0,    0,    0,    0,    0,    0,    0,    0,    0,    0,    0,    0,    0,
       0,  -15,    0,    0,    0,   -7,    0,    0,    0,    0,   -8,    0,    0,    0,    0,    0,    0,    0,    0,    0,    0,    0,    0,    0,    0,    0,    0,    0,    0,    0,    0,    0,    0,    0,    0,    0,    0,    0,    0,    0,    0,    0,    0,    0,    0,   -5,   -4,    0,    0,    0,    0,    0,    0,    0,    0,    0,    0,    0,    0,    0,    0,    0,    0,    0,    0,    0,    0,    0,    0,    0,    0,    0,    0,    0,    0,    0,    0,    0,    0,    0,    0,    0,    0,    0,    0,    0,    0,    0,    0,    0,    0,    0,    0,    0,    0,    0,    0,    0,    0,    0,    0,    0,    0,    0,    0,    0,    0,    0,    0,    0,    0,    0,    0,    0,    0,    0,    0,    0,    0,    0,    0,    0,    0,    0,    0,    0,    0,    0,    0,    0,    0,    0,    0,    0,    0,    0,    0,    0,    0,    0,    0,    0,    0,    0,    0,    0,    0,    0,    0,    0,    0,    0,    0,    0,    0,    0,    0,  -12,  -12,    0,    0,    0,    0,
       0,    0,    0,    0,    0,    0,    0,    0,    0,    0,    0,    0,    0,    0,    0,    0,    0,    0,    0,    0,    0,    0,    0,    0,    0,    0,    0,    0,    0,    0,    0,    0,    0,    0,    0,    0,    0,   -5,    0,    0,    0,    0,    0,    0,    0,   -8,   -7,   -5,   -8,    0,    0,    0,    0,    0,    0,    0,    0,    0,    0,    0,    0,    0,    0,    0,    0,    0,    0,  -11,    0,   -8,    0,    0,    0,    0,    0,    0,    0,    0,    0,    0,    0,    0,    0,    0,    0,    0,    0,    0,    0,    0,    0,    0,    0,    0,    0,    0,    0,    0,    0,    0,    0,    0,    0,    0,    0,    0,    0,    0,    0,    0,    0,    0,    0,    0,    0,    0,    0,    0,    0,    0,    0,    0,    0,    0,    0,    0,    0,    0,    0,    0,    0,    0,    0,    0,    0,    0,    0,    0,    0,    0,    0,    0,    0,    0,    0,    0,    0,    0,    0,    0,    0,    0,    0,    0,    0,    0,    0,    0,    0,    0,    0,    0,    0,
       0,    0,    0,    0,    0,    0,    0,    0,    0,    0,    0,    0,  -12,    0,    0,  -22,    0,    0,    0,    0,    0,    0,    0,    0,  -11,   -5,   -6,    0,    0,   -8,   -4,    0,    0,    0,   -4,    0,   -4,   -4,    0,   -4,    0,    0,    0,    0,    0,    0,    0,    0,    0,    0,    0,    0,    0,    0,  -21,   -4,   -4,   -4,   -4,    0,   -4,   -4,   -4,   -4,    0,    0,   -6,    0,    0,    0,    0,    0,    0,    0,    0,    0,    0,    0,    0,    0,    0,    0,    0,    0,    0,    0,    0,    0,    0,    0,    0,    0,    0,    0,    0,    0,    0,    0,    0,    0,    0,    0,    0,    0,    0,    0,    0,    0,    0,    0,    0,    0,    0,    0,    0,    0,    0,    0,    0,    0,    0,    0,    0,    0,    0,    0,    0,    0,    0,    0,    0,    0,    0,    0,    0,    0,    0,    0,    0,    0,    0,    0,    0,    0,    0,    0,    0,    0,    0,    0,    0,    0,    0,    0,    0,    0,    0,    0,    0,    0,    0,    0,    0,
       0,    0,    0,    0,    0,    0,    0,    0,    0,    0,    0,    0,    0,    0,    0,    0,    0,    0,    0,    0,    0,    0,   -6,    0,    0,   -7,    0,    0,    0,    0,    0,    0,    0,    0,    0,    0,    0,    0,    0,    0,    0,    0,    0,    0,    0,    0,    0,    0,    0,    0,    0,    0,    0,    0,    0,    0,    0,    0,    0,    0,    0,    0,    0,   -4,    0,    0,    0,    0,   -5,    0,    0,    0,    0,    0,    0,    0,    0,    0,    0,    0,    0,    0,    0,    0,    0,    0,    0,    0,    0,    0,    0,    0,    0,    0,    0,    0,    0,    0,    0,    0,    0,    0,    0,    0,    0,    0,    0,    0,    0,    0,    0,    0,    0,    0,    0,    0,    0,    0,    0,    0,    0,    0,    0,    0,    0,    0,    0,    0,    0,    0,    0,    0,    0,    0,    0,    0,    0,    0,    0,    0,    0,    0,    0,    0,    0,    0,    0,    0,    0,    0,    0,    0,    0,    0,    0,    0,    0,    0,    0,    0,    0,    0,    0,
       0,   -6,    0,   -7,    0,   -4,    4,    0,    0,    0,    0,   -6,    0,    0,    0,    0,    0,    0,    0,    0,    0,    0,    0,    0,    0,    0,    0,   -6,  -15,    0,    0,    0,    0,    0,    0,    0,    0,    0,    0,    0,    0,    0,    0,    0,    0,    0,    0,    0,    0,    0,   -7,   -8,   -8,    0,    0,    0,    0,    0,    0,    0,    0,    0,    0,    0,    0,    0,    0,    0,    0,    0,    0,  -10,    0,    6,    0,    0,    6,    0,    0,    0,    0,  -10,  -10,    0,    0,    0,    0,    0,   -6,    0,    0,    0,   -6,    0,    0,    0,    0,   -6,    0,   -6,   -6,   -9,   -6,    3,   -6,    0,   -6,    0,    0,    0,    0,    0,    0,    0,    0,    0,   -6,    0,    0,   -8,   -4,    0,   -9,    0,    0,    0,    0,    0,   -7,    0,    0,    0,   -6,    0,    0,    0,    0,    0,    0,    0,    0,    0,    0,    0,    0,    0,    0,    0,    0,    0,    0,    0,    0,    0,    0,    0,    0,   -4,    0,    0,    0,    0,    0,
      -4,  -13,    0,    0,   -6,  -11,   -4,    5,   -5,   -4,   -4,    0,    0,    0,    0,    0,    0,    0,    0,    0,    0,    0,    0,    0,    0,    0,    0,   -6,  -14,    0,    0,    0,    0,    0,    0,    0,    0,    0,    0,    0,    0,    0,    0,    0,    0,    0,    0,    0,    0,    0,    0,   -9,    0,    0,    0,    0,    0,    0,    0,    0,    0,    0,    0,    0,    0,    0,    0,    0,    0,    0,    0,    0,    0,    0,    0,   -4,    0,    0,   -7,    0,    0,    0,    0,   -6,   -8,    0,   -7,    0,    0,    0,    0,    0,    0,   -6,   -4,    0,    0,    0,    0,    0,  -12,   -5,    0,   -5,    0,    0,  -12,    0,    0,    0,    0,    0,    0,    0,    0,    0,  -12,    0,   -4,    0,    0,    0,   -5,    0,   -6,    0,    0,    0,    0,    0,   -4,    0,  -10,   -4,    0,    0,    0,    0,    0,    0,    0,    0,    0,    0,    0,    0,    0,    0,    0,    0,    0,    0,    0,    0,    0,    0,    0,    0,    0,    0,    0,    0,    0,
       0,    0,    0,  -10,    4,    0,  -30,  -18,  -31,  -30,    8,  -18,    0,    0,    0,    0,    0,    0,    0,    0,    0,    0,    0,    0,    0,    0,    0,    0,   -3,    0,    0,    0,    0,    0,    0,    0,    0,    0,    0,    0,    0,    0,    0,    0,    0,    0,    0,    0,    0,    0,   -8,    0,  -30,  -27,    0,    0,    0,    0,    0,    0,    0,    0,    0,    0,    0,    0,    0,    0,    0,    0,    8,  -10,    0,  -40,  -23,    7,  -25,  -23,    0,    0,    0,  -10,  -10,    5,    0,    6,    0,  -35,    0,  -32,  -33,  -41,  -41,  -26,  -29,  -40,  -37,  -41,  -33,  -41,  -22,  -22,  -28,  -24,  -27,  -33,  -22,  -28,  -40,   10,  -41,  -37,    0,   15,    0,   10,    0,    0,  -26,  -10,  -43,    0,  -22,    0,    0,  -33,    0,  -35,    0,  -35,  -47,    0,  -23,  -40,    0,    0,    0,    0,    0,    0,    0,    0,    0,    0,    0,    0,    0,    0,    0,    0,    0,    0,    0,    0,    0,    0,    0,    0,    0,  -24,    0,    0,    0,
       0,    0,    0,   -8,    0,    0,    8,  -11,    0,    0,    5,   -6,    0,    0,    0,    0,    0,    0,    0,    0,    0,    0,    0,    0,    0,    0,    0,   -4,    0,    0,    0,    0,    0,    0,    0,    0,    0,    0,    0,    0,    0,    0,    0,    0,    0,    0,    0,    0,    0,    0,  -10,    0,  -16,    0,    0,    0,    0,    0,    0,    0,    0,    0,    0,    0,    0,    0,    0,    0,    0,    0,    6,   -7,    0,    7,    6,    0,    8,    6,    0,    0,    0,   -7,   -7,    4,    0,    0,    0,    0,   -6,    0,    0,    6,   -5,    6,    0,    7,    0,   -5,    0,   -5,  -12,   -6,   -5,    5,  -17,    0,  -12,    0,    0,    7,    0,    0,    0,    0,    0,    7,    0,    0,    0,  -11,   -4,    6,   -6,    0,    0,  -18,    0,    0,   -4,    0,    0,    0,  -12,    0,    0,    0,    0,    0,    0,    0,    0,    0,    0,    0,    0,    0,    0,    0,    0,    0,    0,    0,    0,    0,    0,    0,    0,    0,    4,    6,    0,    0,    0,
       0,   -4,    0,    0,    0,   -6,    0,    0,    0,    0,    0,    0,    0,    0,    0,    0,    0,    0,    0,    0,    0,    0,    0,    0,    0,    0,    0,    0,    0,    0,    0,    0,    0,    0,    0,    0,    0,    0,    0,    0,    0,    0,    0,    0,    0,    0,    0,    0,    0,    0,    0,    0,    0,    0,    0,    0,    0,    0,    0,    0,    0,    0,    0,    0,    0,    0,    0,    0,    0,    0,    0,    0,    0,    0,    0,    0,    0,    0,    0,    0,    0,    0,    0,    0,    0,    0,    0,    0,    0,    0,    0,    0,    0,    0,    0,    0,    0,    0,    0,    0,  -16,   -6,    0,    0,    0,    0,  -12,    0,    0,    0,    0,    0,    0,    0,    0,    0,   -8,    0,    0,    0,    0,    0,   -5,    0,    0,    0,    0,    0,    0,    0,    0,    0,   -7,    0,    0,    0,    0,    0,    0,    0,    0,    0,    0,    0,    0,    0,    0,    0,    0,    0,    0,    0,    0,    0,    0,    0,    0,    0,    0,    0,    0,    0,    0,
      -5,  -26,    0,   -7,   -8,  -13,    0,    0,    0,    0,  -11,   -4,    0,    0,    0,    0,    0,    0,    0,    0,    0,    0,    0,    0,    0,    0,    0,   -7,  -18,    0,    0,    0,    0,    0,    0,    0,    0,    0,    0,    0,    0,    0,    0,    0,    0,    0,    0,    0,    0,    0,    0,  -13,    0,    0,    0,    0,    0,    0,    0,    0,    0,    0,    0,    0,    0,    0,    0,    0,    0,    0,  -18,   -4,    0,    0,    0,    0,    0,    0,    0,    0,    0,   -4,   -5,    0,  -11,    0,    0,    0,   -4,    0,    0,    0,    0,    0,    0,    0,    0,    0,    0,    0,  -13,   -8,    0,    0,    0,    0,  -12,    0,    0,   -6,    0,    0,   -7,   -7,   -7,   -6,  -13,    0,   -4,   -4,    0,    0,   -7,   -4,   -7,    0,    0,    0,   -4,    0,    0,    0,  -14,    0,    0,    0,    0,    0,    0,    0,    0,    0,    0,    0,    0,    0,    0,    0,    0,    0,    0,    0,    0,    0,    0,    0,    0,    0,    0,    0,    0,    0,    0,
       0,    0,    0,   -6,    0,  -12,    6,  -17,    6,    0,    4,   -7,    0,    0,    0,    0,    0,    0,    0,    0,    0,    0,    0,    0,    0,    0,    0,    0,   -9,    0,    0,    0,    0,    0,    0,    0,    0,    0,    0,    0,    0,    0,    0,    0,    0,    0,    0,    0,    0,    0,   -7,    0,  -22,    0,    0,    0,    0,    0,    0,    0,    0,    0,    0,    0,    0,    0,    0,    0,    0,    0,    6,  -12,    0,    9,    9,    0,   12,   10,    8,    5,    0,  -12,  -12,    9,    0,    7,    6,    0,   -9,    0,    0,   10,   -9,   10,    0,    9,    0,   -9,    0,   -9,  -14,  -17,  -11,   10,  -22,    0,   -8,    7,    7,    7,   -7,    5,    0,    0,    0,    7,   -8,    0,    0,  -15,   -9,    0,  -17,    0,  -14,  -21,    0,    0,   -7,   -7,    0,    6,  -18,    0,    0,    0,    0,    0,    0,    0,    0,    0,    0,    0,    0,    0,    0,    0,    0,    0,    0,    0,    0,    0,    0,    0,    0,    0,    0,    5,    0,    0,    0,
       0,    5,    0,  -12,    6,    0,  -27,   -4,  -24,   -7,    8,  -14,    0,    0,    0,    0,    0,    0,    0,    0,    0,    0,    0,    0,    0,    0,    0,    0,  -10,    0,    0,    0,    0,    0,    0,    0,    0,    0,    0,    0,    0,    0,    0,    0,    0,    0,    0,    0,    0,    0,   -8,    0,  -15,   -4,    0,    0,    0,    0,    0,    0,    0,    0,    0,    0,    0,    0,    0,    0,    0,    0,   10,   -6,    0,  -29,  -22,    8,  -22,  -22,    5,    0,    0,   -6,   -6,    7,    0,    7,    0,   -9,   -6,   -6,   -7,  -22,  -14,    0,    0,  -22,  -11,  -14,   -7,  -14,    0,    0,  -14,    0,    0,   -7,    0,   -3,  -11,   11,  -14,   -7,    0,   14,    0,   11,    0,    0,    0,   -7,  -14,    0,    0,    0,    0,    0,  -37,   -9,    0,   -8,    0,    0,    0,    0,    0,    0,    0,    0,    0,    0,    0,    0,    0,    0,    0,    0,    0,    0,    0,    0,    0,    0,    0,    0,    0,    0,    0,    7,    8,  -26,    0,    0,    0,
       0,  -28,    0,   -7,    0,  -22,    9,    0,    6,    0,    0,   -5,    0,    0,    0,    0,    0,    0,    0,    0,    0,    0,    0,    0,    0,    0,    0,    0,  -10,    0,    0,    0,    0,    0,    0,    0,    0,    0,    0,    0,    0,    0,    0,    0,    0,    0,    0,    0,    0,    0,   -7,   -4,   -7,    0,    0,    0,    0,    0,    0,    0,    0,    0,    0,    0,    0,    0,    0,    0,    0,    0,  -23,   -7,    5,    9,    8,    0,   12,    9,    8,    6,    0,   -7,   -7,    9,  -18,    7,    6,    0,   -5,    0,    0,    9,   -6,   10,    0,    8,    0,   -6,    0,   -6,  -14,   -5,   -4,    9,  -10,    0,   -8,    6,    7,    0,    0,    5,    0,    0,    0,    0,   -8,    0,    0,   -8,   -6,  -28,   -7,    0,  -13,   -6,    0,    0,   -6,   -6,    0,    7,  -12,    0,    0,    0,    0,    0,    0,    0,    0,    0,    0,    0,    0,    0,    0,    0,    0,    0,    0,    0,    0,    0,    0,    0,    0,  -25,  -24,    9,    0,    0,    0,
       0,   -4,    0,   -4,   -9,   -4,   -4,    0,   -7,   -4,   -7,    0,    0,    0,    0,    0,    0,    0,    0,    0,    0,    0,    0,    0,    0,    0,    0,   -4,  -12,    0,    0,    0,    0,    0,    0,    0,    0,    0,    0,    0,    0,    0,    0,    0,    0,    0,    0,    0,    0,    0,    0,   -8,    0,    0,    0,    0,    0,    0,    0,    0,    0,    0,    0,    0,    0,    0,    0,    0,    0,    0,    0,    0,    0,    0,    0,   -4,    0,    0,   -7,    0,    0,    0,   -4,   -7,   -6,    0,   -6,    0,    0,    0,    0,    0,    0,    0,   -4,    0,    0,    0,    0,    0,    0,    0,    0,    0,    0,    0,    0,    0,    0,    0,    0,    0,    0,    0,   -4,    0,    0,    0,    0,    0,    0,   -9,    0,    0,    0,    0,    0,    0,    0,    0,   -4,    0,    0,   -4,    0,    0,    0,    0,    0,    0,    0,    0,    0,    0,    0,    0,    0,    0,    0,    0,    0,    0,    0,    0,    0,    0,    0,    0,    0,    0,    0,    0,    0,
       0,   -4,    0,    0,    9,   -6,    6,    0,   15,    0,    0,    0,    0,    0,    0,    0,    0,    0,    0,    0,    0,    0,    0,    0,    0,    0,    0,    0,    9,    0,    0,    0,    0,    0,    0,    0,    0,    0,    0,    0,    0,    0,    0,    0,    0,    0,    0,    0,    0,    0,   -6,    9,   -5,    0,    0,    0,    0,    0,    0,    0,    0,    0,    0,    0,    0,    0,    0,    0,    0,    0,    0,   -6,    0,    9,    8,    0,    9,    7,    6,    5,    0,   -6,   -9,    6,  -10,    6,    0,    0,    0,    0,    0,    7,    0,    7,    0,    8,    0,    0,    0,    0,    0,   10,    0,    7,   -7,    0,    0,    0,    5,    0,    0,    0,    0,    0,   23,    0,    0,   -9,    0,   -8,    0,    0,    0,    0,    0,    0,    0,    0,   -4,    0,    0,    6,   11,    0,    0,    0,    0,    0,    0,    0,    0,    0,    0,    0,    0,    0,    0,    0,    0,    0,    0,    0,    0,    0,    0,    0,    0,    0,    0,    0,    0,    0,    0,
       0,    0,    0,    0,    0,    0,    0,    0,    0,    0,    0,    0,    0,    0,    0,    0,    0,    0,    0,    0,    0,    0,    0,    0,    0,    0,    0,    0,    0,    0,    0,    0,    0,    0,    0,    0,    0,    0,    0,    0,    0,    0,    0,    0,    0,    0,    0,    0,    0,    0,    0,    0,    0,    0,    0,    0,    0,    0,    0,    0,    0,    0,    0,    0,    0,    0,    0,    0,    0,    0,    0,    0,    0,    0,    0,    0,    0,    0,    0,    0,    0,    0,    0,    0,    0,    0,    0,    0,  -14,    0,    0,    0,   -7,    0,    0,    0,    0,   -7,    0,   -7,    0,    0,   -7,    0,    0,    0,    0,    0,    0,    0,    0,    0,    0,    0,    0,    0,    0,    0,    0,    0,   -7,    0,    0,    0,    0,    0,    0,    0,    0,    0,    0,    0,    0,    0,    0,    0,    0,    0,    0,    0,    0,    0,    0,    0,    0,    0,    0,    0,    0,    0,    0,    0,    0,    0,    0,    0,    0,    0,    0,    0,    0,    0,    0,
       0,   -4,    0,   -4,   -9,    0,    0,    0,   -5,   -4,   -4,    0,    0,    0,    0,    0,    0,    0,    0,    0,    0,    0,    0,    0,    0,    0,    0,   -4,  -14,    0,    0,    0,    0,    0,    0,    0,    0,    0,    0,    0,    0,    0,    0,    0,    0,    0,    0,    0,    0,    0,    0,  -10,    0,    0,    0,    0,    0,    0,    0,    0,    0,    0,    0,    0,    0,    0,    0,    0,    0,    0,    0,    0,    0,    0,    0,   -4,    0,    0,   -6,    0,    0,    0,   -4,   -5,   -6,    0,   -5,    0,    0,    0,    0,    0,    0,    0,    0,    0,    0,    0,    0,    0,    0,    0,    0,    0,    0,    0,    0,    0,    0,    0,    0,    0,    0,    0,   -4,    0,    0,    0,    0,    0,    0,    0,    0,    0,    0,    0,    0,    0,    0,    0,    0,    0,    0,    0,    0,    0,    0,    0,    0,    0,    0,    0,    0,    0,    0,    0,    0,    0,    0,    0,    0,    0,    0,    0,    0,    0,    0,    0,    0,    0,    0,    0,    0,
       0,   -5,    0,   -5,   -7,   -5,    0,    0,    0,    0,   -4,   -4,    0,    0,    0,    0,    0,    0,    0,    0,    0,    0,    0,    0,    0,    0,    0,   -4,  -12,    0,    0,    0,    0,    0,    0,    0,    0,    0,    0,    0,    0,    0,    0,    0,    0,    0,    0,    0,    0,    0,    0,   -8,    0,    0,    0,    0,    0,    0,    0,    0,    0,    0,    0,    0,    0,    0,    0,    0,    0,    0,    0,    0,    0,    0,    0,    0,    0,    0,    0,    0,    0,    0,    0,    0,    0,    0,    0,    0,    0,    0,    0,    0,    0,    0,    0,    0,    0,    0,    0,    0,    0,    0,   -4,    0,   -4,    0,    0,    0,    0,    0,    0,    0,    0,    0,    0,    0,    0,    0,    0,    0,    0,   -3,    0,    0,    0,    0,    0,    0,    0,    0,    0,    0,    0,    0,    0,    0,    0,    0,    0,    0,    0,    0,    0,    0,    0,    0,    0,    0,    0,    0,    0,    0,    0,    0,    0,    0,    0,    0,    0,    0,    0,    0,    0,
      -5,   -8,    0,   -4,  -10,    0,  -12,    5,  -15,    0,  -12,   -4,    0,    0,    0,    0,    0,    0,    0,    0,    0,    0,    0,    0,    0,    0,    0,   -4,  -15,    0,    0,    0,    0,    0,    0,    0,    0,    0,    0,    0,    0,    0,    0,    0,    0,    0,    0,    0,    0,    0,    0,  -10,    0,    0,    0,    0,    0,    0,    0,    0,    0,    0,    0,    0,    0,    0,    0,    0,    0,    0,  -10,    0,    0,   -8,   -8,  -12,   -7,   -9,  -17,  -11,    0,    0,    0,   -8,    0,  -10,    0,   -4,    0,    0,    0,   -9,    0,   -4,   -4,  -10,    0,    0,    0,    0,    0,    0,    0,    0,    0,    0,    0,    0,    0,   -4,    0,    0,   -4,   -4,   -5,    0,    0,    0,    0,    0,    0,  -14,    0,    0,    0,    0,  -14,    0,    0,    0,   -4,  -10,    0,   -4,    0,    0,    0,    0,    0,    0,    0,    0,    0,    0,    0,    0,    0,    0,    0,    0,    0,    0,    0,    0,    0,    0,    0,   -6,   -4,  -11,    0,    0,    0,
      -4,    0,    0,   -4,   -8,    0,  -34,    0,  -22,    0,    0,    0,    0,    0,    0,    0,    0,    0,    0,    0,    0,    0,    0,    0,    0,    0,    0,   -5,  -14,    0,    0,    0,    0,    0,    0,    0,    0,    0,    0,    0,    0,    0,    0,    0,    0,    0,    0,    0,    0,    0,    0,   -8,   -6,    0,    0,    0,    0,    0,    0,    0,    0,    0,    0,    0,    0,    0,    0,    0,    0,    0,    0,    0,    0,  -33,  -26,    0,  -18,  -25,  -12,   -5,    0,    0,    0,   -8,    0,    0,    0,   -7,    0,    0,    0,  -16,    0,    0,    0,  -17,   -4,    0,    0,    0,    0,    4,    0,    0,    0,    0,    0,    0,    0,    0,    0,    0,    0,    0,    0,    0,    0,    0,    5,    0,    0,    0,    4,    0,    5,    0,  -30,   -4,    0,    0,    0,    0,    0,    0,    0,    0,    0,    0,    0,    0,    0,    0,    0,    0,    0,    0,    0,    0,    0,    0,    0,    0,    0,    0,    0,    0,    0,    0,    4,  -41,    0,    0,    0,
       0,    0,    0,  -10,    4,    0,  -28,  -18,  -31,  -30,    8,  -18,    0,    0,    0,    0,    0,    0,    0,    0,    0,    0,    0,    0,    0,    0,    0,    0,  -11,    0,    0,    0,    0,    0,    0,    0,    0,    0,    0,    0,    0,    0,    0,    0,    0,    0,    0,    0,    0,    0,   -8,    0,  -30,  -27,    0,    0,    0,    0,    0,    0,    0,    0,    0,    0,    0,    0,    0,    0,    0,    0,    8,  -10,    0,  -23,  -23,    7,  -23,  -23,    0,    0,    0,  -10,  -10,    5,    0,    6,    0,  -16,    0,  -26,  -26,  -25,  -22,  -25,  -29,  -24,  -27,  -22,  -14,  -22,  -22,   -9,  -22,   -8,  -27,  -26,  -22,  -28,  -26,   10,  -28,  -28,    0,   15,    0,   10,    0,    0,  -24,   -8,  -28,   10,   -8,    0,    0,  -24,  -26,  -29,    0,  -29,  -48,    0,  -23,  -40,    0,    0,    0,    0,    0,    0,    0,    0,    0,    0,    0,    0,    0,    0,    0,    0,    0,    0,    0,    0,    0,    0,    0,    0,    0,  -24,    0,    0,    0,
      -5,   -8,    0,   -4,  -10,    0,  -12,    0,  -15,    0,  -12,   -4,    0,    0,    0,    0,    0,    0,    0,    0,    0,    0,    0,    0,    0,    0,    0,   -4,  -15,    0,    0,    0,    0,    0,    0,    0,    0,    0,    0,    0,    0,    0,    0,    0,    0,    0,    0,    0,    0,    0,    0,  -10,    0,    0,    0,    0,    0,    0,    0,    0,    0,    0,    0,    0,    0,    0,    0,    0,    0,    0,  -10,    0,    0,  -20,  -20,  -13,   -7,  -21,  -22,  -16,    0,    0,    0,   -8,    0,  -14,    0,   -6,    0,   -5,   -4,  -14,    0,   -4,   -4,  -15,   -6,    0,   -5,    0,    0,    0,    0,    0,    0,   -4,    0,    0,    0,   -5,    0,    0,   -5,   -5,   -5,   -5,    0,    0,    0,    0,    0,    0,    0,   -5,    0,    0,  -14,   -6,    0,    0,   -4,  -20,    0,   -4,    0,    0,    0,    0,    0,    0,    0,    0,    0,    0,    0,    0,    0,    0,    0,    0,    0,    0,    0,    0,    0,    0,    0,   -6,   -4,  -11,    0,    0,    0,
       0,    0,    0,   -9,    0,   -9,    4,  -10,    4,    0,    0,   -9,    0,    0,    0,    0,    0,    0,    0,    0,    0,    0,    0,    0,    0,    0,    0,    0,  -12,    0,    0,    0,    0,    0,    0,    0,    0,    0,    0,    0,    0,    0,    0,    0,    0,    0,    0,    0,    0,    0,   -9,    0,  -17,    0,    0,    0,    0,    0,    0,    0,    0,    0,    0,    0,    0,    0,    0,    0,    0,    0,    4,   -8,    0,    0,    0,    0,   10,    0,    0,    0,    0,   -8,   -8,    6,    0,    0,    0,    0,  -10,    0,    0,    7,   -6,    7,    0,    7,    0,   -6,    0,   -6,  -11,    0,   -6,    7,  -16,    0,  -11,    0,    0,    6,   -7,    0,    0,    0,    0,    6,  -10,    0,    0,    0,   -8,    7,   -4,    0,    0,  -17,    0,    0,    0,   -6,    0,    0,  -11,    0,    0,    0,    0,    0,    0,    0,    0,    0,    0,    0,    0,    0,    0,    0,    0,    0,    0,    0,    0,    0,    0,    0,    0,    0,    0,    4,    0,    0,    0,
       0,   -4,    0,    0,    9,   -6,    6,    0,   15,    0,    0,    0,    0,    0,    0,    0,    0,    0,    0,    0,    0,    0,    0,    0,    0,    0,    0,    0,    9,    0,    0,    0,    0,    0,    0,    0,    0,    0,    0,    0,    0,    0,    0,    0,    0,    0,    0,    0,    0,    0,   -6,    9,   -5,    0,    0,    0,    0,    0,    0,    0,    0,    0,    0,    0,    0,    0,    0,    0,    0,    0,    0,   -6,    0,    9,    8,    0,    9,    7,    6,    5,    0,   -6,   -9,    6,  -10,    6,    0,    0,    0,    0,    0,    7,    0,    7,    0,    8,    0,    0,    0,    0,    0,   10,    0,    7,   -7,    0,    0,    0,    5,    0,    0,    0,    0,    0,   25,    0,    0,    0,    0,   -8,    0,    0,    0,    0,    0,    0,    0,    0,   -4,    0,    0,    6,   11,    0,    0,    0,    0,    0,    0,    0,    0,    0,    0,    0,    0,    0,    0,    0,    0,    0,    0,    0,    0,    0,    0,    0,    0,    0,    0,    0,    0,    0,    0,
      -5,   -8,    0,   -4,  -10,    0,  -12,    5,  -15,    0,  -12,   -4,    0,    0,    0,    0,    0,    0,    0,    0,    0,    0,    0,    0,    0,    0,    0,   -4,  -15,    0,    0,    0,    0,    0,    0,    0,    0,    0,    0,    0,    0,    0,    0,    0,    0,    0,    0,    0,    0,    0,    0,  -10,    0,    0,    0,    0,    0,    0,    0,    0,    0,    0,    0,    0,    0,    0,    0,    0,    0,    0,  -10,    0,    0,   -8,   -7,  -12,   -7,   -7,  -16,  -10,    0,    0,    0,   -8,    0,  -10,    0,    0,    0,    0,    0,   -8,    0,    0,   -4,   -9,    0,    0,    0,    0,    0,    0,    0,    0,    0,    0,    0,    0,    0,    0,    0,    0,   -4,   -4,   -5,    0,    0,    0,    0,    0,    0,    0,    0,    0,    0,    0,    0,    0,    0,    0,   -4,  -10,    0,   -4,    0,    0,    0,    0,    0,    0,    0,    0,    0,    0,    0,    0,    0,    0,    0,    0,    0,    0,    0,    0,    0,    0,    0,   -6,   -4,  -11,    0,    0,    0,
       0,  -10,    0,    0,   -8,   -7,    0,    0,    0,    0,  -10,    0,    0,    0,    0,    0,    0,    0,    0,    0,    0,    0,    0,    0,    0,    0,    0,    0,  -11,    0,    0,    0,    0,    0,    0,    0,    0,    0,    0,    0,    0,    0,    0,    0,    0,    0,    0,    0,    0,    0,    0,   -7,    0,    0,    0,    0,    0,    0,    0,    0,    0,    0,    0,    0,    0,    0,    0,    0,    0,    0,    0,    0,    0,    0,    0,    0,    0,    0,    0,    0,    0,    0,    0,    0,    0,    0,    0,    0,    0,    0,    0,    0,    0,    0,    0,    0,    0,    0,    0,    0,    0,   -5,    0,    0,    0,    0,    0,    0,    0,    0,    0,    0,    0,    0,    0,    0,    0,    0,    0,    0,    0,    0,   -5,    0,    0,    0,    0,    0,    0,    0,    0,    0,    0,    0,    0,    0,    0,    0,    0,    0,    0,    0,    0,    0,    0,    0,    0,    0,    0,    0,    0,    0,    0,    0,    0,    0,    0,    0,   -8,    0,    0,    0,    0,
      -4,   -8,    0,   -4,    0,   -7,   -7,    6,   -7,   -6,    0,    0,    0,    0,    0,    0,    0,    0,    0,    0,    0,    0,    0,    0,    0,    0,    0,   -6,    0,    0,    0,    0,    0,    0,    0,    0,    0,    0,    0,    0,    0,    0,    0,    0,    0,    0,    0,    0,    0,    0,    0,    0,    0,    0,    0,    0,    0,    0,    0,    0,    0,    0,    0,    0,    0,    0,    0,    0,    0,    0,    0,    0,    0,    0,    0,    0,    0,    0,    0,    0,    0,    0,    0,    0,    0,    0,    0,    0,    0,    0,    0,    0,    0,   -8,   -5,    0,    0,    0,    0,    0,    0,    0,    0,   -4,    0,    0,    0,    0,    0,    0,    0,    0,    0,    0,    0,    0,    0,    0,    0,    0,    0,    0,    0,    0,    0,    0,    0,    0,    0,    0,   -5,    0,    0,   -5,    0,    0,    0,    0,    0,    0,    0,    0,    0,    0,    0,    0,    0,    0,    0,    0,    0,    0,    0,    0,    0,    0,    0,    0,    0,    0,    0,    0,    0,
       0,  -13,    0,    0,   -8,   -5,    0,    0,    0,    0,   -7,    0,    0,    0,    0,    0,    0,    0,    0,    0,    0,    0,    0,    0,    0,    0,    0,    0,  -10,    0,    0,    0,    0,    0,    0,    0,    0,    0,    0,    0,    0,    0,    0,    0,    0,    0,    0,    0,    0,    0,    0,   -6,    0,    0,    0,    0,    0,    0,    0,    0,    0,    0,    0,    0,    0,    0,    0,    0,    0,    0,    0,    0,    0,    0,    0,    0,    0,    0,    0,    0,    0,    0,    0,    0,    0,    0,    0,    0,    0,    0,    0,    0,    0,    0,    0,    0,    0,    0,    0,    0,    0,    0,    0,    0,    0,    0,    0,    0,    0,    0,    0,    0,    0,    0,    0,    0,    0,    0,    0,    0,    0,    0,    0,    0,    0,    0,    0,    0,    0,    0,    0,    0,    0,    0,    0,    0,    0,    0,    0,    0,    0,    0,    0,    0,    0,    0,    0,    0,    0,    0,    0,    0,    0,    0,    0,    0,    0,    0,    0,    0,    0,    0,    0,
       0,    0,    0,    0,   -5,    0,  -28,  -20,  -16,    0,  -18,    0,    0,    0,    0,    0,    0,    0,    0,    0,    0,    0,    0,    0,    0,    0,    0,    0,   -9,    0,    0,    0,    0,    0,    0,    0,    0,    0,    0,    0,    0,    0,    0,    0,    0,    0,    0,    0,    0,    0,   -6,   -4,   -7,    0,    0,    0,    0,    0,    0,    0,    0,    0,    0,    0,    0,    0,    0,    0,    0,    0,    0,    0,    0,    0,    0,    0,    0,    0,    0,    0,    0,    0,    0,    0,    0,    0,    0,    0,    0,    0,    0,  -16,    0,    0,    0,  -13,    0,    0,    0,    0,    8,    8,    0,    6,    0,    0,    8,    0,    0,    0,    0,    0,    0,    0,    0,    0,    0,    0,    8,    0,    0,    0,    8,    0,    0,    8,    0,    0,    0,    0,    0,    0,    7,    0,    0,    0,    0,    0,    0,    0,    0,    0,    0,    0,    0,    0,    0,    0,    0,    0,    0,    0,    0,    0,    0,    0,    0,    0,    0,    0,    0,    0,    0,
       0,  -11,    0,    0,    8,    0,    0,    0,   12,    0,    0,    0,    0,    0,    0,    0,    0,    0,    0,    0,    0,    0,    0,    0,    0,    0,    0,    0,    8,    0,    0,    0,    0,    0,    0,    0,    0,    0,    0,    0,    0,    0,    0,    0,    0,    0,    0,    0,    0,    0,    0,    8,    0,    0,    0,    0,    0,    0,    0,    0,    0,    0,    0,    0,    0,    0,    0,    0,    0,    0,    0,    0,    0,    0,    0,    0,    0,    0,    0,    0,    0,    0,    0,    0,    0,    0,    0,    0,    0,    0,    0,    7,    0,    7,    0,    7,    0,    0,    0,    0,    0,    8,   -4,    7,   -4,    0,    0,    0,    0,    0,    0,    0,    0,    0,    0,    0,    0,    0,    0,    0,    0,    0,    0,    0,    0,    0,    0,    0,    0,    0,    0,    0,   10,    0,    0,    0,    0,    0,    0,    0,    0,    0,    0,    0,    0,    0,    0,    0,    0,    0,    0,    0,    0,    0,    0,    0,    0,    0,    0,    0,    0,    0,    0,
       0,   -9,    0,    0,  -10,   -6,   -4,    6,   -4,   -4,  -11,    0,    0,    0,    0,    0,    0,    0,    0,    0,    0,    0,    0,    0,    0,    0,    0,   -4,  -11,    0,    0,    0,    0,    0,    0,    0,    0,    0,    0,    0,    0,    0,    0,    0,    0,    0,    0,    0,    0,    0,    0,   -8,    0,    0,    0,    0,    0,    0,    0,    0,    0,    0,    0,    0,    0,    0,    0,    0,    0,    0,    0,    0,    0,    0,    0,    0,    0,    0,    0,    0,    0,    0,    0,    0,    0,    0,    0,    0,    0,    0,    0,    0,    0,    0,   -4,    0,    0,    0,    0,    0,    0,   -4,    0,    0,    0,    0,    0,    0,    0,    0,    0,    0,    0,    0,    0,    0,    0,    0,    0,    0,    0,    0,   -4,    0,    0,    0,    0,    0,    0,    0,   -4,    0,    0,   -4,    0,    0,    0,    0,    0,    0,    0,    0,    0,    0,    0,    0,    0,    0,    0,    0,    0,    0,    0,    0,    0,    0,    0,    0,   -8,    0,    0,    0,    0,
       0,   -4,    0,   -6,    0,    0,    0,  -10,    4,    0,    0,   -7,    0,    0,    0,    0,    0,    0,    0,    0,    0,    0,    0,    0,    0,    0,    0,    0,   -9,    0,    0,    0,    0,    0,    0,    0,    0,    0,    0,    0,    0,    0,    0,    0,    0,    0,    0,    0,    0,    0,   -7,    0,  -12,    0,    0,    0,    0,    0,    0,    0,    0,    0,    0,    0,    0,    0,    0,    0,    0,    0,    0,    0,    0,    0,    0,    0,    0,    0,    0,    0,    0,    0,    0,    0,    0,    0,    0,    0,    0,    0,    0,    8,   -9,    8,    0,    7,    0,  -10,    0,   -9,    0,    0,  -10,    7,    0,    0,    0,    0,    5,    0,   -8,    0,    0,    0,    0,    0,    0,    0,    0,    0,   -8,    0,    0,    0,    0,    0,    0,    0,    0,   -4,    0,    0,    0,    0,    0,    0,    0,    0,    0,    0,    0,    0,    0,    0,    0,    0,    0,    0,    0,    0,    0,    0,    0,    0,    0,    0,    0,    0,    0,    0,    0,    0,    0,
       0,  -13,    0,    0,   -8,   -6,    0,    0,    0,    0,   -8,    0,    0,    0,    0,    0,    0,    0,    0,    0,    0,    0,    0,    0,    0,    0,    0,    0,  -12,    0,    0,    0,    0,    0,    0,    0,    0,    0,    0,    0,    0,    0,    0,    0,    0,    0,    0,    0,    0,    0,    0,   -8,    0,    0,    0,    0,    0,    0,    0,    0,    0,    0,    0,    0,    0,    0,    0,    0,    0,    0,    0,    0,    0,    0,    0,    0,    0,    0,    0,    0,    0,    0,    0,    0,    0,    0,    0,    0,    0,    0,    0,    0,    0,    0,    0,    0,    0,    0,    0,    0,    0,    0,    0,    0,    0,    0,    0,    0,    0,    0,    0,    0,    0,    0,    0,    0,    0,    0,    0,    0,    0,    0,    0,    0,    0,    0,    0,    0,    0,    0,    0,    0,    0,    0,    0,    0,    0,    0,    0,    0,    0,    0,    0,    0,    0,    0,    0,    0,    0,    0,    0,    0,    0,    0,    0,    0,    0,    0,    0,    0,    0,    0,    0,
       0,    0,    0,   -5,    0,    0,    0,  -10,    4,    0,    0,   -7,    0,    0,    0,    0,    0,    0,    0,    0,    0,    0,    0,    0,    0,    0,    0,    0,   -9,    0,    0,    0,    0,    0,    0,    0,    0,    0,    0,    0,    0,    0,    0,    0,    0,    0,    0,    0,    0,    0,   -7,    0,  -12,    0,    0,    0,    0,    0,    0,    0,    0,    0,    0,    0,    0,    0,    0,    0,    0,    0,    0,    0,    0,    0,    0,    0,    0,    0,    0,    0,    0,    0,    0,    0,    0,    0,    0,    0,    0,    0,    0,    8,   -9,    8,    0,    7,    0,  -10,    0,   -9,    0,    0,  -10,    7,    0,    0,    0,    0,    5,    0,   -8,    0,    0,    0,    0,    0,    0,    0,    0,    0,   -8,    0,    0,    0,    0,    0,    0,    0,    0,    0,    0,    0,    0,    0,    0,    0,    0,    0,    0,    0,    0,    0,    0,    0,    0,    0,    0,    0,    0,    0,    0,    0,    0,    0,    0,    0,    0,    0,    0,    0,    0,    0,    0,
       0,  -11,    0,    0,  -10,   -7,   -7,    6,   -8,   -6,  -11,    0,    0,    0,    0,    0,    0,    0,    0,    0,    0,    0,    0,    0,    0,    0,    0,    0,  -11,    0,    0,    0,    0,    0,    0,    0,    0,    0,    0,    0,    0,    0,    0,    0,    0,    0,    0,    0,    0,    0,    0,   -7,    0,    0,    0,    0,    0,    0,    0,    0,    0,    0,    0,    0,    0,    0,    0,    0,    0,    0,    0,    0,    0,    0,    0,    0,    0,    0,    0,    0,    0,    0,    0,    0,    0,    0,    0,    0,    0,    0,    0,    0,    0,   -8,   -6,    0,    0,    0,    0,    0,    0,   -5,    0,   -6,    0,    0,    0,   -4,    0,    0,    0,    0,    0,    0,    0,    0,    0,    0,    0,    0,    0,    0,   -5,    0,    0,    0,    0,    0,    0,    0,   -6,    0,    0,   -6,    0,    0,    0,    0,    0,    0,    0,    0,    0,    0,    0,    0,    0,    0,    0,    0,    0,    0,    0,    0,    0,    0,    0,   -8,  -10,    0,    0,    0,    0,
       0,  -11,    0,   -4,  -10,   -7,   -7,    6,   -8,   -6,  -10,    0,    0,    0,    0,    0,    0,    0,    0,    0,    0,    0,    0,    0,    0,    0,    0,   -7,  -11,    0,    0,    0,    0,    0,    0,    0,    0,    0,    0,    0,    0,    0,    0,    0,    0,    0,    0,    0,    0,    0,    0,   -7,    0,    0,    0,    0,    0,    0,    0,    0,    0,    0,    0,    0,    0,    0,    0,    0,    0,    0,    0,    0,    0,    0,    0,    0,    0,    0,    0,    0,    0,    0,    0,    0,    0,    0,    0,    0,    0,    0,    0,    0,    0,   -8,   -5,    0,    0,    0,    0,    0,    0,   -5,    0,   -6,    0,    0,    0,    0,    0,   -4,    0,    0,    0,    0,    0,    0,    0,    0,    0,    0,    0,    0,   -5,    0,    0,    0,    0,    0,    0,    0,   -5,    0,    0,   -5,    0,    0,    0,    0,    0,    0,    0,    0,    0,    0,    0,    0,    0,    0,    0,    0,    0,    0,    0,    0,    0,    0,    0,   -8,  -10,    0,    0,    0,    0,
       0,    0,    0,    0,    0,    0,    4,  -11,    0,    0,    0,    0,    0,    0,    0,    0,    0,    0,    0,    0,    0,    0,    0,    0,    0,    0,    0,    0,  -10,    0,    0,    0,    0,    0,    0,    0,    0,    0,    0,    0,    0,    0,    0,    0,    0,    0,    0,    0,    0,    0,   -7,   -4,  -10,    0,    0,    0,    0,    0,    0,    0,    0,    0,    0,    0,    0,    0,    0,    0,    0,    0,    0,    0,    0,    0,    0,    0,    0,    0,    0,    0,    0,    0,    0,    0,    0,    0,    0,    0,    0,    0,    0,    7,    0,    7,    0,    7,    0,   -4,    0,    0,    5,    4,   -4,    6,    0,    0,    5,    0,    0,    0,    0,    0,    0,    0,    0,    0,    0,    0,    0,    0,    0,    0,    4,    0,    0,    0,    0,    0,    0,    0,    0,    0,    0,    0,    0,    0,    0,    0,    0,    0,    0,    0,    0,    0,    0,    0,    0,    0,    0,    0,    0,    0,    0,    0,    0,    0,    0,    0,    0,    0,    0,    0,    0,
       0,    0,    0,    0,   -4,    0,  -18,  -11,  -16,    0,  -18,    0,    0,    0,    0,    0,    0,    0,    0,    0,    0,    0,    0,    0,    0,    0,    0,    0,   -9,    0,    0,    0,    0,    0,    0,    0,    0,    0,    0,    0,    0,    0,    0,    0,    0,    0,    0,    0,    0,    0,   -6,   -4,   -7,    0,    0,    0,    0,    0,    0,    0,    0,    0,    0,    0,    0,    0,    0,    0,    0,    0,    0,    0,    0,    0,    0,    0,    0,    0,    0,    0,    0,    0,    0,    0,    0,    0,    0,    0,    0,    0,    0,  -12,    0,    0,    0,  -13,    0,    0,    0,    0,    8,    8,    0,    6,    0,    0,    8,    0,    0,    0,    0,    0,    0,    0,    0,    0,    0,    0,    8,    0,    0,    0,    8,    0,    0,    8,    0,    0,    0,    0,    0,    0,    7,    0,    0,    0,    0,    0,    0,    0,    0,    0,    0,    0,    0,    0,    0,    0,    0,    0,    0,    0,    0,    0,    0,    0,    0,    0,    0,    0,    0,    0,    0,
       0,    0,    0,    0,   -5,    0,   -8,    0,  -10,    0,  -11,    0,    0,    0,    0,    0,    0,    0,    0,    0,    0,    0,    0,    0,    0,    0,    0,    0,  -10,    0,    0,    0,    0,    0,    0,    0,    0,    0,    0,    0,    0,    0,    0,    0,    0,    0,    0,    0,    0,    0,    0,   -4,    0,    0,    0,    0,    0,    0,    0,    0,    0,    0,    0,    0,    0,    0,    0,    0,    0,    0,    0,    0,    0,    0,    0,    0,    0,    0,    0,    0,    0,    0,    0,    0,    0,    0,    0,    0,    0,    0,    0,   -9,   -4,    0,    0,  -10,    0,   -4,    0,   -4,    7,    6,   -4,    4,    0,    0,    7,    0,    0,    0,    0,    0,    0,    0,    0,    0,    0,    0,    6,    0,    0,    0,    6,    0,    0,    0,    0,    0,    0,    0,    0,    0,    7,    0,    0,    0,    0,    0,    0,    0,    0,    0,    0,    0,    0,    0,    0,    0,    0,    0,    0,    0,    0,    0,    0,    0,    0,    0,    4,  -11,    0,    0,    0,
      -7,  -11,    0,    0,  -10,   -7,   -9,    6,   -8,   -8,  -11,    0,    0,    0,    0,    0,    0,    0,    0,    0,    0,    0,    0,    0,    0,    0,    0,   -6,  -11,    0,    0,    0,    0,    0,    0,    0,    0,    0,    0,    0,    0,    0,    0,    0,    0,    0,    0,    0,    0,    0,    0,   -7,    0,    0,    0,    0,    0,    0,    0,    0,    0,    0,    0,    0,    0,    0,    0,    0,    0,    0,    0,    0,    0,    0,    0,    0,    0,    0,    0,    0,    0,    0,    0,    0,    0,    0,    0,    0,    0,    0,    0,    0,    0,  -10,   -8,   -4,    0,    0,    0,    0,    0,   -5,    0,   -6,    0,    0,    0,   -6,    0,   -4,    0,    0,    0,    0,    0,    0,    0,    0,    0,    0,    0,    0,    0,    0,    0,    0,    0,    0,    0,    0,   -8,    0,   -4,   -8,    0,    0,    0,    0,    0,    0,    0,    0,    0,    0,    0,    0,    0,    0,    0,    0,    0,    0,    0,    0,    0,    0,    0,   -8,  -10,    0,    0,    0,    0,
       0,    0,    0,   -5,    0,    0,    0,   -5,    0,    0,   -4,   -4,    0,    0,    0,    0,    0,    0,    0,    0,    0,    0,    0,    0,    0,    0,    0,    0,  -10,    0,    0,    0,    0,    0,    0,    0,    0,    0,    0,    0,    0,    0,    0,    0,    0,    0,    0,    0,    0,    0,   -7,   -4,  -10,    0,    0,    0,    0,    0,    0,    0,    0,    0,    0,    0,    0,    0,    0,    0,    0,    0,    0,    0,    0,    0,    0,    0,    0,    0,    0,    0,    0,    0,    0,    0,    0,    0,    0,    0,    0,    0,    0,    7,   -7,    8,    0,    7,    0,   -7,    0,   -7,    0,    0,   -7,    6,    0,    0,    0,    0,    0,    0,   -6,    0,    0,    0,    0,    0,    0,    0,    0,    0,   -6,    0,    0,    0,    0,    0,    0,    0,    0,    0,    0,    0,    0,    0,    0,    0,    0,    0,    0,    0,    0,    0,    0,    0,    0,    0,    0,    0,    0,    0,    0,    0,    0,    0,    0,    0,    0,    0,    0,    0,    0,    0,    0,
       0,  -11,    0,    0,    8,    0,    0,    0,   12,    0,    0,    0,    0,    0,    0,    0,    0,    0,    0,    0,    0,    0,    0,    0,    0,    0,    0,    0,    8,    0,    0,    0,    0,    0,    0,    0,    0,    0,    0,    0,    0,    0,    0,    0,    0,    0,    0,    0,    0,    0,    0,    8,    0,    0,    0,    0,    0,    0,    0,    0,    0,    0,    0,    0,    0,    0,    0,    0,    0,    0,    0,    0,    0,    0,    0,    0,    0,    0,    0,    0,    0,    0,    0,    0,    0,    0,    0,    0,    0,    0,    0,    7,    0,    7,    0,    7,    0,    0,    0,    0,    0,    8,   -4,    7,   -4,    0,    0,    0,    0,    0,    0,    0,    0,    0,   30,    0,    0,    0,    0,    0,    0,    0,    0,    0,    0,    0,    0,    0,    0,    0,    0,    0,   10,    0,    0,    0,    0,    0,    0,    0,    0,    0,    0,    0,    0,    0,    0,    0,    0,    0,    0,    0,    0,    0,    0,    0,    0,    0,    0,    0,    0,    0,    0,
       0,  -29,    0,    0,   -9,  -18,    0,    0,    0,    0,   -6,    0,    0,    0,    0,    0,    0,    0,    0,    0,    0,    0,    0,    0,    0,    0,    0,    0,  -11,    0,    0,    0,    0,    0,    0,    0,    0,    0,    0,    0,    0,    0,    0,    0,    0,    0,    0,    0,    0,    0,    0,   -6,    0,    0,    0,    0,    0,    0,    0,    0,    0,    0,    0,    0,    0,    0,    0,    0,    0,    0,    0,    0,    0,    0,    0,    0,    0,    0,    0,    0,    0,    0,    0,    0,    0,    0,    0,    0,    0,    0,    0,    0,    0,    0,    0,    0,    0,    0,    0,    0,  -17,   -7,    0,    0,    0,    0,  -12,    0,    0,    0,    0,    0,    0,    0,    0,    0,    0,    0,    0,    0,    0,    0,   -6,    0,    0,    0,    0,    0,    0,    0,    0,    0,   -7,    0,    0,    0,    0,    0,    0,    0,    0,    0,    0,    0,    0,    0,    0,    0,    0,    0,    0,    0,    0,    0,    0,    0,    0,    0,    0,    0,    0,    0,    0,
       0,  -11,    0,    0,  -10,   -7,   -7,    6,   -8,   -6,  -11,    0,    0,    0,    0,    0,    0,    0,    0,    0,    0,    0,    0,    0,    0,    0,    0,    0,  -11,    0,    0,    0,    0,    0,    0,    0,    0,    0,    0,    0,    0,    0,    0,    0,    0,    0,    0,    0,    0,    0,    0,   -7,    0,    0,    0,    0,    0,    0,    0,    0,    0,    0,    0,    0,    0,    0,    0,    0,    0,    0,    0,    0,    0,    0,    0,    0,    0,    0,    0,    0,    0,    0,    0,    0,    0,    0,    0,    0,    0,    0,    0,    0,    0,   -8,   -6,    0,    0,    0,    0,    0,    0,   -5,    0,   -6,    0,    0,    0,   -4,    0,    0,    0,    0,    0,    0,    0,    0,    0,    0,    0,    0,    0,    0,    0,    0,    0,    0,    0,    0,    0,    0,   -6,    0,    0,   -6,    0,    0,    0,    0,    0,    0,    0,    0,    0,    0,    0,    0,    0,    0,    0,    0,    0,    0,    0,    0,    0,    0,    0,   -8,  -10,    0,    0,    0,    0,
       0,  -21,    0,   -7,    0,   -9,    0,    0,    0,    0,  -11,   -4,    0,    0,    0,    0,    0,    0,    0,    0,    0,    0,    0,    0,    0,    0,    0,   -4,    0,    0,    0,    0,    0,    0,    0,    0,    0,    0,    0,    0,    0,    0,    0,    0,    0,    0,    0,    0,    0,    0,    0,    0,    0,    0,    0,    0,    0,    0,    0,    0,    0,    0,    0,    0,    0,    0,    0,    0,    0,    0,    0,    0,    0,    0,    0,    0,    0,    0,    0,    0,    0,    0,    0,    0,    0,    0,    0,    0,   -4,    0,    0,    0,    0,    0,    0,    0,    0,    0,    0,    0,    0,    0,    0,    0,    0,    0,    0,    0,    0,   -6,    0,    0,    0,    0,    0,    0,    0,    0,    0,    0,    0,    0,    0,    0,    0,    0,    0,    0,    0,    0,    0,    0,    0,    0,    0,    0,    0,    0,    0,    0,    0,    0,    0,    0,    0,    0,    0,    0,    0,    0,    0,    0,    0,    0,    0,    0,    0,    0,    0,    0,    0,    0,    0,
       0,   -4,    0,   -7,    0,    0,    0,   -6,    0,    0,   -5,   -4,    0,    0,    0,    0,    0,    0,    0,    0,    0,    0,    0,    0,    0,    0,    0,   -4,  -12,    0,    0,    0,    0,    0,    0,    0,    0,    0,    0,    0,    0,    0,    0,    0,    0,    0,    0,    0,    0,    0,   -8,   -7,  -10,    0,    0,    0,    0,    0,    0,    0,    0,    0,    0,    0,    0,    0,    0,    0,    0,    0,    0,    0,    0,    0,    0,    0,    0,    0,    0,    0,    0,    0,    0,    0,    0,    0,    0,    0,    0,    0,    0,    0,   -4,    0,    0,    0,    0,   -4,    0,   -4,    0,    0,   -6,    0,    0,    0,    0,    0,    0,    0,   -4,    0,    0,    0,    0,    0,    0,    0,    0,    0,   -4,    0,    0,    0,    0,    0,    0,    0,    0,    0,    0,    0,    0,    0,    0,    0,    0,    0,    0,    0,    0,    0,    0,    0,    0,    0,    0,    0,    0,    0,    0,    0,    0,    0,    0,    0,    0,    0,    0,    0,    0,    0,    0,
       0,   -8,    0,    0,   -9,    0,    0,    0,    0,    0,   -7,    0,    0,    0,    0,    0,    0,    0,    0,    0,    0,    0,    0,    0,    0,    0,    0,    0,  -13,    0,    0,    0,    0,    0,    0,    0,    0,    0,    0,    0,    0,    0,    0,    0,    0,    0,    0,    0,    0,    0,   -4,   -8,    0,    0,    0,    0,    0,    0,    0,    0,    0,    0,    0,    0,    0,    0,    0,    0,    0,    0,    0,    0,    0,    0,    0,    0,    0,    0,    0,    0,    0,    0,    0,    0,    0,    0,    0,    0,    0,    0,    0,    0,    0,    0,    0,    0,    0,    0,    0,    0,    0,    0,    0,    0,    0,    0,    0,    0,    0,    0,    0,    0,    0,    0,    0,    0,    0,    0,    0,    0,    0,    0,    0,    0,    0,    0,    0,    0,    0,    0,    0,    0,    0,    0,    0,    0,    0,    0,    0,    0,    0,    0,    0,    0,    0,    0,    0,    0,    0,    0,    0,    0,    0,    0,    0,    0,    0,    0,    0,    0,    0,    0,    0,
       0,  -21,    0,   -6,   -8,   -9,    0,    0,    0,    0,  -11,   -4,    0,    0,    0,    0,    0,    0,    0,    0,    0,    0,    0,    0,    0,    0,    0,   -4,  -15,    0,    0,    0,    0,    0,    0,    0,    0,    0,    0,    0,    0,    0,    0,    0,    0,    0,    0,    0,    0,    0,    0,  -11,    0,    0,    0,    0,    0,    0,    0,    0,    0,    0,    0,    0,    0,    0,    0,    0,    0,    0,    0,    0,    0,    0,    0,    0,    0,    0,    0,    0,    0,    0,    0,    0,    0,    0,    0,    0,   -4,    0,    0,    0,    0,    0,    0,    0,    0,    0,    0,    0,    0,    0,    0,    0,    0,    0,    0,    0,    0,   -4,    0,    0,    0,    0,    0,    0,    0,    0,    0,    0,    0,    0,    0,    0,    0,    0,    0,    0,    0,    0,    0,    0,    0,    0,    0,    0,    0,    0,    0,    0,    0,    0,    0,    0,    0,    0,    0,    0,    0,    0,    0,    0,    0,    0,    0,    0,    0,    0,    0,    0,    0,    0,    0,
       0,  -26,    0,    0,   -9,  -18,    0,    0,    0,    0,   -6,    0,    0,    0,    0,    0,    0,    0,    0,    0,    0,    0,    0,    0,    0,    0,    0,    0,  -11,    0,    0,    0,    0,    0,    0,    0,    0,    0,    0,    0,    0,    0,    0,    0,    0,    0,    0,    0,    0,    0,    0,   -6,    0,    0,    0,    0,    0,    0,    0,    0,    0,    0,    0,    0,    0,    0,    0,    0,    0,    0,    0,    0,    0,    0,    0,    0,    0,    0,    0,    0,    0,    0,    0,    0,    0,    0,    0,    0,    0,    0,    0,    0,    0,    0,    0,    0,    0,    0,    0,    0,  -14,   -7,    0,    0,    0,    0,  -11,    0,    0,    0,    0,    0,    0,    0,    0,    0,    0,    0,    0,    0,    0,    0,   -6,    0,    0,    0,    0,    0,    0,    0,    0,    0,   -7,    0,    0,    0,    0,    0,    0,    0,    0,    0,    0,    0,    0,    0,    0,    0,    0,    0,    0,    0,    0,    0,    0,    0,    0,    0,    0,    0,    0,    0,    0,
       0,    0,    0,   -6,    7,    0,    0,  -24,  -25,  -17,   13,  -14,    0,    0,    0,    0,    0,    0,    0,    0,    0,    0,    0,    0,    0,    0,    0,    0,    8,    0,    0,    0,    0,    0,    0,    0,    0,    0,    0,    0,    0,    0,    0,    0,    0,    0,    0,    0,    0,    0,    0,    8,  -32,  -16,    0,    0,    0,    0,    0,    0,    0,    0,    0,    0,    0,    0,    0,    0,    0,    0,   14,   -7,    0,    0,  -22,   12,  -26,  -22,    7,    7,    0,   -7,  -11,    9,    6,   12,    0,  -20,    0,  -16,  -18,  -37,  -31,  -11,  -14,  -34,  -22,  -32,  -18,  -32,   -7,   -7,  -28,   -8,  -12,  -18,   -7,  -13,  -27,   16,  -32,  -22,    0,    0,    0,   16,    0,    0,  -11,   -7,  -32,    0,   -7,    0,    0,  -18,    0,  -20,    0,  -20,  -14,    6,   -8,  -14,    0,    0,    0,    0,    0,    0,    0,    0,    0,    0,    0,    0,    0,    0,    0,    0,    0,    0,    0,    0,    0,    0,    0,    0,    0,    0,    0,    0,    0,
       0,    0,    0,    0,    0,    8,  -28,   -7,  -16,    0,  -12,    0,    0,    0,    0,    0,    0,    0,    0,    0,    0,    0,    0,    0,    0,    0,    0,    0,   -5,    0,    0,    0,    0,    0,    0,    0,    0,    0,    0,    0,    0,    0,    0,    0,    0,    0,    0,    0,    0,    0,    0,    0,   -6,    6,    0,    0,    0,    0,    0,    0,    0,    0,    0,    0,    0,    0,    0,    0,    0,    0,    0,    0,    0,    0,    0,    0,    0,    0,    0,    0,    0,    0,    0,    0,    0,    0,    0,    0,    0,    0,    0,  -10,    0,    7,    0,  -10,    0,    0,    0,    0,   12,   12,    0,   10,    6,    0,   12,    6,    0,    0,    0,    0,    0,    0,    0,    0,    0,    0,   11,    0,    0,    0,   12,    0,    0,    9,    0,    0,    0,    0,    0,    0,   11,    0,    0,    0,    0,    0,    0,    0,    0,    0,    0,    0,    0,    0,    0,    0,    0,    0,    0,    0,    0,    0,    0,    0,    0,    0,    0,    0,    0,    0,    0,
       0,  -15,    0,   -4,    0,   -6,    0,    0,    0,    0,   -5,    0,    0,    0,    0,    0,    0,    0,    0,    0,    0,    0,    0,    0,    0,    0,    0,    0,    0,    0,    0,    0,    0,    0,    0,    0,    0,    0,    0,    0,    0,    0,    0,    0,    0,    0,    0,    0,    0,    0,    0,    0,    0,    0,    0,    0,    0,    0,    0,    0,    0,    0,    0,    0,    0,    0,    0,    0,    0,    0,    0,    0,    0,    0,    0,    0,    0,    0,    0,    0,    0,    0,    0,    0,    0,    0,    0,    0,    0,    0,    0,    0,    0,    0,    0,    0,    0,    0,    0,    0,    0,    0,    0,    0,   -7,    0,    0,    0,    0,    0,    0,    0,    0,    0,    0,    0,    0,    0,    0,    0,    0,    0,    0,    0,    0,    0,    0,    0,    0,    0,    0,    0,    0,    0,    0,    0,    0,    0,    0,    0,    0,    0,    0,    0,    0,    0,    0,    0,    0,    0,    0,    0,    0,    0,    0,    0,    0,    0,    0,    0,    0,    0,    0,
       0,  -34,    0,    0,    0,  -24,    0,    0,    0,    0,   -4,    0,    0,    0,    0,    0,    0,    0,    0,    0,    0,    0,    0,    0,    0,    0,    0,    0,    0,    0,    0,    0,    0,    0,    0,    0,    0,    0,    0,    0,    0,    0,    0,    0,    0,    0,    0,    0,    0,    0,    0,    0,    0,    0,    0,    0,    0,    0,    0,    0,    0,    0,    0,    0,    0,    0,    0,    0,    0,    0,    0,    0,    0,    0,    0,    0,    0,    0,    0,    0,    0,    0,    0,    0,    0,    0,    0,    0,    0,    0,    0,    0,    0,    0,    0,    6,    0,    0,    0,    0,  -18,    0,    0,    0,   -6,    0,  -12,    0,    0,    0,    0,    0,    0,    0,    0,    0,    0,    0,    0,    0,    0,    0,  -10,    0,    0,   -5,    0,    0,    0,    0,    0,    0,    0,    0,    0,    0,    0,    0,    0,    0,    0,    0,    0,    0,    0,    0,    0,    0,    0,    0,    0,    0,    0,    0,    0,    0,    0,    0,    0,    0,    0,    0,    0,
      -6,  -21,    0,   -4,    0,   -7,  -12,    6,    0,   -6,  -12,    0,    0,    0,    0,    0,    0,    0,    0,    0,    0,    0,    0,    0,    0,    0,    0,   -7,    0,    0,    0,    0,    0,    0,    0,    0,    0,    0,    0,    0,    0,    0,    0,    0,    0,    0,    0,    0,    0,    0,    0,    0,    0,    0,    0,    0,    0,    0,    0,    0,    0,    0,    0,    0,    0,    0,    0,    0,    0,    0,  -22,    0,   -7,   -6,   -6,  -12,   -6,    0,  -14,   -8,    0,    0,    0,  -13,   -4,   -7,   -6,    0,    0,    0,    0,    0,    0,  -10,   -7,   -7,    0,    0,   -4,    0,    0,    0,    0,   -7,    0,   -5,    0,   -7,    0,   -5,    0,    0,   -5,   -5,    9,   -5,    0,    0,    0,    0,    0,    0,    0,   -5,    0,    0,    0,    0,    0,    0,   -7,   -7,    0,   -7,    0,    0,    0,    0,    0,    0,    0,    0,    0,    0,    0,    0,    0,    0,    0,    0,    0,    0,    0,    0,    0,    0,    0,    0,    0,    0,    0,    0,    0,
       0,  -24,    0,    0,    0,  -11,   -4,    0,    0,   -4,  -10,    0,    0,    0,    0,    0,    0,    0,    0,    0,    0,    0,    0,    0,    0,    0,    0,   -5,    0,    0,    0,    0,    0,    0,    0,    0,    0,    0,    0,    0,    0,    0,    0,    0,    0,    0,    0,    0,    0,    0,    0,    0,    0,    0,    0,    0,    0,    0,    0,    0,    0,    0,    0,    0,    0,    0,    0,    0,    0,    0,    0,    0,    0,    0,    0,    0,    0,    0,    0,    0,    0,    0,    0,    0,    0,    0,    0,    0,    0,    0,    0,    0,    0,   -6,    0,    0,    0,    0,    0,    0,  -12,    0,    0,   -5,    0,    0,  -12,    0,    0,    0,    0,    0,    0,    0,    0,    0,    0,    0,    0,    0,    0,    0,   -5,    0,    0,    0,    0,    0,    0,    0,    0,    0,    0,    0,    0,    0,    0,    0,    0,    0,    0,    0,    0,    0,    0,    0,    0,    0,    0,    0,    0,    0,    0,    0,    0,    0,    0,    0,    0,    0,    0,    0,    0,
       0,    0,    0,  -15,    6,    0,  -23,  -18,  -29,  -14,    9,  -21,    0,    0,    0,    0,    0,    0,    0,    0,    0,    0,    0,    0,    0,    0,    0,    0,   -9,    0,    0,    0,    0,    0,    0,    0,    0,    0,    0,    0,    0,    0,    0,    0,    0,    0,    0,    0,    0,    0,   -8,    0,  -27,  -11,    0,    0,    0,    0,    0,    0,    0,    0,    0,    0,    0,    0,    0,    0,    0,    0,   11,  -14,    0,    0,    0,    0,  -28,    0,    0,    0,   -3,  -14,    0,    7,    0,    0,    0,  -14,   -9,  -12,  -13,  -27,  -18,   -6,   -9,  -27,  -17,  -18,  -14,  -18,    0,    0,  -25,   -5,   -7,  -13,    0,   -7,  -20,   12,  -23,  -15,    0,    0,    0,   12,    0,    0,   -4,    0,  -23,   12,    0,    0,    0,   -9,    0,  -15,    0,  -14,   -9,    0,    0,   -9,    0,    0,    0,    0,    0,    0,    0,    0,    0,    0,    0,    0,    0,    0,    0,    0,    0,    0,    0,    0,    0,    0,    0,    4,    6,  -28,    0,    0,    0,
       0,    0,    0,    0,   -4,    3,  -12,    0,  -11,    0,  -14,    0,    0,    0,    0,    0,    0,    0,    0,    0,    0,    0,    0,    0,    0,    0,    0,    0,   -9,    0,    0,    0,    0,    0,    0,    0,    0,    0,    0,    0,    0,    0,    0,    0,    0,    0,    0,    0,    0,    0,    0,   -4,    0,    0,    0,    0,    0,    0,    0,    0,    0,    0,    0,    0,    0,    0,    0,    0,    0,    0,    0,    0,    0,    0,    0,    0,    0,    0,    0,    0,    0,    0,    0,    0,    0,    0,    0,    0,    0,    0,    0,  -10,   -5,    0,    0,  -12,    0,   -5,    0,   -5,    8,    6,    0,    5,    0,    0,    8,    0,    0,    0,    0,    0,    0,    0,    0,    0,    0,    0,    7,    0,    0,    0,    6,    0,    0,    0,    0,    0,    0,    0,    0,    0,    7,    0,    0,    0,    0,    0,    0,    0,    0,    0,    0,    0,    0,    0,    0,    0,    0,    0,    0,    0,    0,    0,    0,    0,    0,    0,    4,  -13,    0,    0,    0,
      -4,  -32,    0,   -5,   -6,  -10,    0,    0,    0,    0,   -9,    0,    0,    0,    0,    0,    0,    0,    0,    0,    0,    0,    0,    0,    0,    0,    0,   -6,  -17,    0,    0,    0,    0,    0,    0,    0,    0,    0,    0,    0,    0,    0,    0,    0,    0,    0,    0,    0,    0,    0,    0,  -11,    0,    0,    0,    0,    0,    0,    0,    0,    0,    0,    0,    0,    0,    0,    0,    0,    0,    0,  -29,    0,    0,    0,    0,    0,    0,    0,    0,    0,    0,    0,    0,    0,   -8,    0,    0,    0,    0,    0,    0,    0,    0,    0,    0,    0,    0,    0,    0,    0,    0,    0,    0,    0,    0,    0,    0,    0,    0,    0,    0,    0,    0,    0,    0,    0,    0,    0,    0,    0,    0,    0,    0,    0,   -4,    0,    0,    0,    0,    0,    0,    0,    0,    0,    0,    0,    0,    0,    0,    0,    0,    0,    0,    0,    0,    0,    0,    0,    0,    0,    0,    0,    0,    0,    0,    0,    0,    0,    0,    0,    0,    0,    0,
       0,  -20,    0,   -6,   -8,   -9,    0,    0,    0,    0,  -11,   -4,    0,    0,    0,    0,    0,    0,    0,    0,    0,    0,    0,    0,    0,    0,    0,   -5,  -16,    0,    0,    0,    0,    0,    0,    0,    0,    0,    0,    0,    0,    0,    0,    0,    0,    0,    0,    0,    0,    0,    0,  -12,    0,    0,    0,    0,    0,    0,    0,    0,    0,    0,    0,    0,    0,    0,    0,    0,    0,    0,    0,    0,    0,    0,    0,    0,    0,    0,    0,    0,    0,    0,    0,    0,    0,    0,    0,    0,   -4,    0,    0,    0,    0,    0,    0,    0,    0,    0,    0,    0,    0,    0,    0,    0,    0,    0,    0,    0,    0,   -4,    0,    0,    0,    0,    0,    0,    0,    0,    0,    0,    0,    0,    0,    0,    0,    0,    0,    0,    0,    0,    0,    0,    0,    0,    0,    0,    0,    0,    0,    0,    0,    0,    0,    0,    0,    0,    0,    0,    0,    0,    0,    0,    0,    0,    0,    0,    0,    0,    0,    0,    0,    0,    0,
       0,   -6,    0,   -4,  -12,    0,   -7,    0,   -7,    0,   -7,    0,    0,    0,    0,    0,    0,    0,    0,    0,    0,    0,    0,    0,    0,    0,    0,   -6,  -16,    0,    0,    0,    0,    0,    0,    0,    0,    0,    0,    0,    0,    0,    0,    0,    0,    0,    0,    0,    0,    0,    0,  -11,    0,    0,    0,    0,    0,    0,    0,    0,    0,    0,    0,    0,    0,    0,    0,    0,    0,    0,    0,    0,    0,    0,    0,   -7,    0,    0,   -4,   -4,    0,    0,    0,   -4,    0,   -4,    0,   -7,    0,    0,    0,    0,    0,    0,    0,    0,   -4,    0,    0,    0,    0,    0,    0,    0,    0,    0,    0,    0,    0,    0,    0,    0,   -5,   -5,   -5,    0,    0,    0,    0,    0,    0,    0,    0,    0,    0,    0,    0,   -7,    0,   -6,    0,   -4,    0,    0,    0,    0,    0,    0,    0,    0,    0,    0,    0,    0,    0,    0,    0,    0,    0,    0,    0,    0,    0,    0,    0,    0,    0,    0,    0,    0,    0,    0,    0,
       0,  -16,    0,    0,  -11,   -6,   -4,    6,   -4,   -4,  -11,    0,    0,    0,    0,    0,    0,    0,    0,    0,    0,    0,    0,    0,    0,    0,    0,   -4,  -14,    0,    0,    0,    0,    0,    0,    0,    0,    0,    0,    0,    0,    0,    0,    0,    0,    0,    0,    0,    0,    0,    0,  -10,    0,    0,    0,    0,    0,    0,    0,    0,    0,    0,    0,    0,    0,    0,    0,    0,    0,    0,    0,    0,    0,    0,    0,    0,    0,    0,    0,    0,    0,    0,    0,    0,    0,    0,    0,    0,    0,    0,    0,    0,    0,    0,   -4,    0,    0,    0,    0,    0,    0,    0,    0,    0,    0,    0,    0,    0,    0,    0,    0,    0,    0,    0,    0,    0,    0,    0,    0,    0,    0,    0,    0,    0,    0,    0,    0,    0,    0,    0,   -4,    0,    0,   -4,    0,    0,    0,    0,    0,    0,    0,    0,    0,    0,    0,    0,    0,    0,    0,    0,    0,    0,    0,    0,    0,    0,    0,    0,    0,    0,    0,    0,    0,
       0,    0,    0,   -4,    0,    0,    0,    0,    0,    0,   -4,    0,    0,    0,    0,    0,    0,    0,    0,    0,    0,    0,    0,    0,    0,    0,    0,    0,    0,    0,    0,    0,    0,    0,    0,    0,    0,    0,    0,    0,    0,    0,    0,    0,    0,    0,    0,    0,    0,    0,   -6,    0,   -6,    0,    0,    0,    0,    0,    0,    0,    0,    0,    0,    0,    0,    0,    0,    0,    0,    0,    0,    0,    0,    0,    0,    0,    0,    0,    0,    0,    0,    0,    0,    0,    0,    0,    0,    0,    0,    0,    0,    0,    0,    0,    0,    0,    0,    0,    0,    0,    0,    0,    0,    0,    0,    0,    0,    0,    0,    0,    0,    0,    0,    0,    0,    0,    0,    0,    0,    0,    0,    0,    0,    0,    0,    0,    0,    0,    0,    0,    0,    0,    0,    0,    0,    0,    0,    0,    0,    0,    0,    0,    0,    0,    0,    0,    0,    0,    0,    0,    0,    0,    0,    0,    0,    0,    0,    0,    0,    0,    0,    0,    0,
       0,   -9,    0,   -4,    0,    0,    0,    0,    0,    0,   -9,    0,    0,    0,    0,    0,    0,    0,    0,    0,    0,    0,    0,    0,    0,    0,    0,    0,    0,    0,    0,    0,    0,    0,    0,    0,    0,    0,    0,    0,    0,    0,    0,    0,    0,    0,    0,    0,    0,    0,    0,    0,    0,    0,    0,    0,    0,    0,    0,    0,    0,    0,    0,    0,    0,    0,    0,    0,    0,    0,    0,    0,    0,    0,    0,    0,    0,    0,    0,    0,    0,    0,    0,    0,    0,    0,    0,    0,    0,    0,    0,    0,    0,    0,    0,    0,    0,    0,    0,    0,    0,    0,   -4,    0,    0,    0,    0,    0,    0,    0,    0,    0,    0,    0,    0,    0,    0,    0,    0,    0,   -4,    0,    0,    0,    0,    0,    0,    0,    0,    0,    0,    0,    0,    0,    0,    0,    0,    0,    0,    0,    0,    0,    0,    0,    0,    0,    0,    0,    0,    0,    0,    0,    0,    0,    0,    0,    0,    0,    0,    0,    0,    0,    0,
       0,    0,    0,    0,    0,    0,    0,    0,    0,    0,    0,    0,    0,    0,    0,    0,    0,    0,    0,    0,    0,    0,    0,    0,    0,    0,    0,    0,    0,    0,    0,    0,    0,    0,    0,    0,    0,    0,    0,    0,    0,    0,    0,    0,    0,    0,    0,    0,    0,    0,    0,    0,    0,    0,    0,    0,    0,    0,    0,    0,    0,    0,    0,    0,    0,    0,    0,    0,    0,    0,    0,    0,    0,    0,    0,    0,    0,    0,    0,    0,    0,    0,    0,    0,    0,    0,    0,    0,   -6,    0,    0,    0,   -6,    0,    0,    0,    0,   -6,    0,   -6,    0,    0,   -6,    0,    0,    0,    0,    0,    0,    0,    0,    0,    0,    0,    0,    0,    0,    0,    0,    0,   -4,    0,    0,    0,    0,    0,    0,    0,    0,    0,    0,    0,    0,    0,    0,    0,    0,    0,    0,    0,    0,    0,    0,    0,    0,    0,    0,    0,    0,    0,    0,    0,    0,    0,    0,    0,    0,    0,    0,    0,    0,    0,    0,
       0,  -15,    0,    0,  -11,   -6,   -5,    6,   -4,   -4,  -11,    0,    0,    0,    0,    0,    0,    0,    0,    0,    0,    0,    0,    0,    0,    0,    0,   -4,  -14,    0,    0,    0,    0,    0,    0,    0,    0,    0,    0,    0,    0,    0,    0,    0,    0,    0,    0,    0,    0,    0,    0,  -10,    0,    0,    0,    0,    0,    0,    0,    0,    0,    0,    0,    0,    0,    0,    0,    0,    0,    0,    0,    0,    0,    0,    0,    0,    0,    0,    0,    0,    0,    0,    0,    0,    0,    0,    0,    0,    0,    0,    0,    0,    0,    0,   -4,    0,    0,    0,    0,    0,    0,    0,    0,    0,    0,    0,    0,    0,    0,    0,    0,    0,    0,    0,    0,    0,    0,    0,    0,    0,    0,    0,    0,    0,    0,    0,    0,    0,    0,    0,   -4,    0,    0,   -4,    0,    0,    0,    0,    0,    0,    0,    0,    0,    0,    0,    0,    0,    0,    0,    0,    0,    0,    0,    0,    0,    0,    0,    0,    0,    0,    0,    0,    0,
      -5,   -8,    0,   -4,  -10,    0,  -12,    5,  -15,    0,  -12,   -4,    0,    0,    0,    0,    0,    0,    0,    0,    0,    0,    0,    0,    0,    0,    0,   -4,  -15,    0,    0,    0,    0,    0,    0,    0,    0,    0,    0,    0,    0,    0,    0,    0,    0,    0,    0,    0,    0,    0,    0,  -10,    0,    0,    0,    0,    0,    0,    0,    0,    0,    0,    0,    0,    0,    0,    0,    0,    0,    0,  -10,    0,    0,    0,    0,    0,   -7,    0,    0,    0,    0,    0,    0,   -8,    0,    0,    0,   -4,    0,    0,    0,   -8,    0,    0,   -4,   -8,    0,    0,    0,    0,    0,    0,    0,    0,    0,    0,    0,    0,    0,    0,    0,    0,   -4,   -4,   -4,    0,    0,    0,    0,    0,    0,  -14,    0,    0,    0,    0,    0,    0,    0,    0,   -4,    0,    0,   -4,    0,    0,    0,    0,    0,    0,    0,    0,    0,    0,    0,    0,    0,    0,    0,    0,    0,    0,    0,    0,    0,    0,    0,   -6,   -4,  -11,    0,    0,    0,
       0,    0,    0,   -4,    0,   -7,   -4,    0,   -5,   -4,    0,    0,    0,    0,    0,    0,    0,    0,    0,    0,    0,    0,    0,    0,    0,    0,    0,   -5,  -15,    0,    0,    0,    0,    0,    0,    0,    0,    0,    0,    0,    0,    0,    0,    0,    0,    0,    0,    0,    0,    0,    0,   -5,    0,    0,    0,    0,    0,    0,    0,    0,    0,    0,    0,    0,    0,    0,    0,    0,    0,    0,    0,    0,    0,    0,    0,    0,    0,    0,    0,    0,    0,    0,   -4,    0,    0,    0,   -6,    0,    0,    0,    0,    0,    0,   -5,    0,    0,    0,    0,    0,    0,  -12,   -7,    0,   -4,    0,    0,  -12,    0,   -4,    0,    0,    0,   -4,   -4,   -4,    0,   -9,    0,   -4,    0,    0,    0,   -7,    0,   -9,    0,    0,    0,    0,    0,    0,    0,  -11,    0,    0,    0,    0,    0,    0,    0,    0,    0,    0,    0,    0,    0,    0,    0,    0,    0,    0,    0,    0,    0,    0,    0,    0,    0,    0,    0,    0,    0,    0,
       0,   -7,    0,   -7,    0,    0,    0,    0,    0,    0,   -6,   -4,    0,    0,    0,    0,    0,    0,    0,    0,    0,    0,    0,    0,    0,    0,    0,    0,    0,    0,    0,    0,    0,    0,    0,    0,    0,    0,    0,    0,    0,    0,    0,    0,    0,    0,    0,    0,    0,    0,   -8,    0,   -8,    0,    0,    0,    0,    0,    0,    0,    0,    0,    0,    0,    0,    0,    0,    0,    0,    0,    0,    0,    0,    0,    0,    0,    0,    0,    0,    0,    0,    0,    0,    0,    0,    0,    0,    0,    0,    0,    0,    0,    0,    0,    0,    0,    0,   -4,    0,    0,    0,    0,   -4,    0,    0,    0,    0,    0,    0,    0,    0,    0,    0,    0,    0,    0,    0,    0,    0,    0,   -4,    0,    0,    0,    0,    0,    0,    0,    0,    0,    0,    0,    0,    0,    0,    0,    0,    0,    0,    0,    0,    0,    0,    0,    0,    0,    0,    0,    0,    0,    0,    0,    0,    0,    0,    0,    0,    0,    0,    0,    0,    0,    0,
       0,    0,    0,    0,    0,    0,    0,    0,    0,    0,    0,    0,    0,    0,    0,    0,    0,    0,    0,    0,    0,    0,    0,    0,    0,    0,    0,    0,    0,    0,    0,    0,    0,    0,    0,    0,    0,    0,    0,    0,    0,    0,    0,    0,    0,    0,    0,    0,    0,    0,    0,    0,    0,    0,    0,    0,    0,    0,    0,    0,    0,    0,    0,    0,    0,    0,    0,    0,    0,    0,    0,    0,    0,    0,    0,    0,    0,    0,    0,    0,    0,    0,    0,    0,    0,    0,    0,    0,    0,    0,    0,    0,    0,    0,    0,    0,    0,    0,    0,    0,    0,    0,    0,    0,    0,    0,    0,    0,    0,    0,    0,    0,    0,    0,    0,    0,    0,    0,    0,    0,    0,    0,    0,    0,    0,    0,    0,    0,    0,    0,    0,    0,    0,    0,    0,    0,    0,    0,    0,    0,    0,    0,   -8,    0,   -2,   -2,    0,    0,    0,    0,    0,   -8,    0,   -4,    0,   -8,    0,    0,    0,    0,    0,    0,    0,
       0,    0,    0,    0,    0,    0,    0,    0,    0,    0,    0,    0,    0,    0,    0,    0,    0,    0,    0,    0,    0,    0,    0,    0,    0,    0,    0,    0,    0,    0,    0,    0,    0,    0,    0,    0,    0,    0,    0,    0,    0,    0,    0,    0,    0,    0,    0,    0,    0,    0,    0,    0,    0,    0,    0,    0,    0,    0,    0,    0,    0,    0,    0,    0,    0,    0,    0,    0,    0,    0,    0,    0,    0,    0,    0,    0,    0,    0,    0,    0,    0,    0,    0,    0,    0,    0,    0,    0,    0,    0,    0,    0,    0,    0,    0,    0,    0,    0,    0,    0,    0,    0,    0,    0,    0,    0,    0,    0,    0,    0,    0,    0,    0,    0,    0,    0,    0,    0,    0,    0,    0,    0,    0,    0,    0,    0,    0,    0,    0,    0,    0,    0,    0,    0,    0,    0,    0,   -5,    0,    0,    0,    0,    0,   -8,    0,    0,    0,    0,  -13,    0,    0,  -13,    0,    0,  -10,    0,    0,    0,    0,    0,    0,    0,    0,
       0,    0,    0,    0,    0,    0,    0,    0,    0,    0,    0,    0,    0,    0,    0,    0,    0,    0,    0,    0,    0,    0,    0,    0,    0,    0,    0,    0,    0,    0,    0,    0,    0,    0,    0,    0,    0,    0,    0,    0,    0,    0,    0,    0,    0,    0,    0,    0,    0,    0,    0,    0,    0,    0,    0,    0,    0,    0,    0,    0,    0,    0,    0,    0,    0,    0,    0,    0,    0,    0,    0,    0,    0,    0,    0,    0,    0,    0,    0,    0,    0,    0,    0,    0,    0,    0,    0,    0,    0,    0,    0,    0,    0,    0,    0,    0,    0,    0,    0,    0,    0,    0,    0,    0,    0,    0,    0,    0,    0,    0,    0,    0,    0,    0,    0,    0,    0,    0,    0,    0,    0,    0,    0,    0,    0,    0,    0,    0,    0,    0,    0,    0,    0,    0,    0,    2,    0,    0,    0,    0,    0,   -8,  -13,    0,   -5,   -6,    0,   -9,    0,    0,    0,  -10,    0,    0,    0,    0,    0,    0,    0,    0,    0,    0,    0,
       0,    0,    0,    0,    0,    0,    0,    0,    0,    0,    0,    0,    0,    0,    0,    0,    0,    0,    0,    0,    0,    0,    0,    0,    0,    0,    0,    0,    0,    0,    0,    0,    0,    0,    0,    0,    0,    0,    0,    0,    0,    0,    0,    0,    0,    0,    0,    0,    0,    0,    0,    0,    0,    0,    0,    0,    0,    0,    0,    0,    0,    0,    0,    0,    0,    0,    0,    0,    0,    0,    0,    0,    0,    0,    0,    0,    0,    0,    0,    0,    0,    0,    0,    0,    0,    0,    0,    0,    0,    0,    0,    0,    0,    0,    0,    0,    0,    0,    0,    0,    0,    0,    0,    0,    0,    0,    0,    0,    0,    0,    0,    0,    0,    0,    0,    0,    0,    0,    0,    0,    0,    0,    0,    0,    0,    0,    0,    0,    0,    0,    0,    0,    0,    0,    0,  -16,    0,    0,   -8,    0,    0,   -8,    0,  -20,  -14,    0,  -10,   -5,  -13,    0,  -20,  -14,    0,    0,  -14,    0,    0,    0,    0,    0,    0,    0,    0,
       0,    0,    0,    0,    0,    0,    0,    0,    0,    0,    0,    0,    0,    0,    0,    0,    0,    0,    0,    0,    0,    0,    0,    0,    0,    0,    0,    0,    0,    0,    0,    0,    0,    0,    0,    0,    0,    0,    0,    0,    0,    0,    0,    0,    0,    0,    0,    0,    0,    0,    0,    0,    0,    0,    0,    0,    0,    0,    0,    0,    0,    0,    0,    0,    0,    0,    0,    0,    0,    0,    0,    0,    0,    0,    0,    0,    0,    0,    0,    0,    0,    0,    0,    0,    0,    0,    0,    0,    0,    0,    0,    0,    0,    0,    0,    0,    0,    0,    0,    0,    0,    0,    0,    0,    0,    0,    0,    0,    0,    0,    0,    0,    0,    0,    0,    0,    0,    0,    0,    0,    0,    0,    0,    0,    0,    0,    0,    0,    0,    0,    0,    0,    0,    0,    0,   -2,    0,    0,    0,    0,    0,   -6,    0,    0,    0,    0,   -4,    0,   -3,    0,    0,   -8,    0,    0,   -4,    0,    0,    0,    0,    0,    0,    0,    0,
       0,    0,    0,    0,    0,    0,    0,    0,    0,    0,    0,    0,    0,    0,    0,    0,    0,    0,    0,    0,    0,    0,    0,    0,    0,    0,    0,    0,    0,    0,    0,    0,    0,    0,    0,    0,    0,    0,    0,    0,    0,    0,    0,    0,    0,    0,    0,    0,    0,    0,    0,    0,    0,    0,    0,    0,    0,    0,    0,    0,    0,    0,    0,    0,    0,    0,    0,    0,    0,    0,    0,    0,    0,    0,    0,    0,    0,    0,    0,    0,    0,    0,    0,    0,    0,    0,    0,    0,    0,    0,    0,    0,    0,    0,    0,    0,    0,    0,    0,    0,    0,    0,    0,    0,    0,    0,    0,    0,    0,    0,    0,    0,    0,    0,    0,    0,    0,    0,    0,    0,    0,    0,    0,    0,    0,    0,    0,    0,    0,    0,    0,    0,    0,    0,    0,   -8,    0,    0,    0,    0,    0,    0,    0,    0,    0,    0,    0,    0,    0,    0,    0,    0,    0,    0,    0,    0,    0,    0,    0,    0,    0,    0,    0,
       0,    0,    0,    0,    0,    0,    0,    0,    0,    0,    0,    0,    0,    0,    0,    0,    0,    0,    0,    0,    0,    0,    0,    0,    0,    0,    0,    0,    0,    0,    0,    0,    0,    0,    0,    0,    0,    0,    0,    0,    0,    0,    0,    0,    0,    0,    0,    0,    0,    0,    0,    0,    0,    0,    0,    0,    0,    0,    0,    0,    0,    0,    0,    0,    0,    0,    0,    0,    0,    0,    0,    0,    0,    0,    0,    0,    0,    0,    0,    0,    0,    0,    0,    0,    0,    0,    0,    0,    0,    0,    0,    0,    0,    0,    0,    0,    0,    0,    0,    0,    0,    0,    0,    0,    0,    0,    0,    0,    0,    0,    0,    0,    0,    0,    0,    0,    0,    0,    0,    0,    0,    0,    0,    0,    0,    0,    0,    0,    0,    0,    0,    0,    0,    0,    0,    0,    0,   -5,    0,    0,    0,   -8,    0,   -8,   -2,    0,    0,    0,    0,    0,   -4,   -9,   -8,   -8,   -5,    0,    0,    0,    0,    0,    0,    0,    0,
       0,    0,    0,    0,    0,    0,    0,    0,    0,    0,    0,    0,    0,    0,    0,    0,    0,    0,    0,    0,    0,    0,    0,    0,    0,    0,    0,    0,    0,    0,    0,    0,    0,    0,    0,    0,    0,    0,    0,    0,    0,    0,    0,    0,    0,    0,    0,    0,    0,    0,    0,    0,    0,    0,    0,    0,    0,    0,    0,    0,    0,    0,    0,    0,    0,    0,    0,    0,    0,    0,    0,    0,    0,    0,    0,    0,    0,    0,    0,    0,    0,    0,    0,    0,    0,    0,    0,    0,    0,    0,    0,    0,    0,    0,    0,    0,    0,    0,    0,    0,    0,    0,    0,    0,    0,    0,    0,    0,    0,    0,    0,    0,    0,    0,    0,    0,    0,    0,    0,    0,    0,    0,    0,    0,    0,    0,    0,    0,    0,    0,    0,    0,    0,    0,    0,  -26,    0,    0,   -8,    0,   -3,   -3,    0,    0,   -3,    0,  -12,   -3,   -3,    0,    0,   -9,    0,    0,   -8,    0,   -8,    0,    0,    0,    0,    0,    0,
       0,    0,    0,    0,    0,    0,    0,    0,    0,    0,    0,    0,    0,    0,    0,    0,    0,    0,    0,    0,    0,    0,    0,    0,    0,    0,    0,    0,    0,    0,    0,    0,    0,    0,    0,    0,    0,    0,    0,    0,    0,    0,    0,    0,    0,    0,    0,    0,    0,    0,    0,    0,    0,    0,    0,    0,    0,    0,    0,    0,    0,    0,    0,    0,    0,    0,    0,    0,    0,    0,    0,    0,    0,    0,    0,    0,    0,    0,    0,    0,    0,    0,    0,    0,    0,    0,    0,    0,    0,    0,    0,    0,    0,    0,    0,    0,    0,    0,    0,    0,    0,    0,    0,    0,    0,    0,    0,    0,    0,    0,    0,    0,    0,    0,    0,    0,    0,    0,    0,    0,    0,    0,    0,    0,    0,    0,    0,    0,    0,    0,    0,    0,    0,    0,    0,    0,    0,    0,    0,    0,    0,   -8,    0,    0,   -5,    0,    0,   -6,   -6,    0,  -10,  -10,    0,    0,    0,    0,    0,    0,    0,    0,    0,    0,    0,
       0,    0,    0,    0,    0,    0,    0,    0,    0,    0,    0,    0,    0,    0,    0,    0,    0,    0,    0,    0,    0,    0,    0,    0,    0,    0,    0,    0,    0,    0,    0,    0,    0,    0,    0,    0,    0,    0,    0,    0,    0,    0,    0,    0,    0,    0,    0,    0,    0,    0,    0,    0,    0,    0,    0,    0,    0,    0,    0,    0,    0,    0,    0,    0,    0,    0,    0,    0,    0,    0,    0,    0,    0,    0,    0,    0,    0,    0,    0,    0,    0,    0,    0,    0,    0,    0,    0,    0,    0,    0,    0,    0,    0,    0,    0,    0,    0,    0,    0,    0,    0,    0,    0,    0,    0,    0,    0,    0,    0,    0,    0,    0,    0,    0,    0,    0,    0,    0,    0,    0,    0,    0,    0,    0,    0,    0,    0,    0,    0,    0,    0,    0,    0,    0,    0,  -16,   -2,    0,    0,    0,    0,   -8,    0,  -12,  -10,    0,    0,    0,   -8,    0,  -15,   -6,    0,    0,    0,    8,   -2,    0,    0,    0,    0,    0,    0,
       0,    0,    0,    0,    0,    0,    0,    0,    0,    0,    0,    0,    0,    0,    0,    0,    0,    0,    0,    0,    0,    0,    0,    0,    0,    0,    0,    0,    0,    0,    0,    0,    0,    0,    0,    0,    0,    0,    0,    0,    0,    0,    0,    0,    0,    0,    0,    0,    0,    0,    0,    0,    0,    0,    0,    0,    0,    0,    0,    0,    0,    0,    0,    0,    0,    0,    0,    0,    0,    0,    0,    0,    0,    0,    0,    0,    0,    0,    0,    0,    0,    0,    0,    0,    0,    0,    0,    0,    0,    0,    0,    0,    0,    0,    0,    0,    0,    0,    0,    0,    0,    0,    0,    0,    0,    0,    0,    0,    0,    0,    0,    0,    0,    0,    0,    0,    0,    0,    0,    0,    0,    0,    0,    0,    0,    0,    0,    0,    0,    0,    0,    0,    0,    0,    0,    0,    0,    0,    0,    0,    0,    0,    0,    0,   -8,    0,   -5,   -8,   -9,    0,    0,  -11,    0,    0,    0,    0,    0,    0,    0,    0,    0,    0,    0,
       0,    0,    0,    0,    0,    0,    0,    0,    0,    0,    0,    0,    0,    0,    0,    0,    0,    0,    0,    0,    0,    0,    0,    0,    0,    0,    0,    0,    0,    0,    0,    0,    0,    0,    0,    0,    0,    0,    0,    0,    0,    0,    0,    0,    0,    0,    0,    0,    0,    0,    0,    0,    0,    0,    0,    0,    0,    0,    0,    0,    0,    0,    0,    0,    0,    0,    0,    0,    0,    0,    0,    0,    0,    0,    0,    0,    0,    0,    0,    0,    0,    0,    0,    0,    0,    0,    0,    0,    0,    0,    0,    0,    0,    0,    0,    0,    0,    0,    0,    0,    0,    0,    0,    0,    0,    0,    0,    0,    0,    0,    0,    0,    0,    0,    0,    0,    0,    0,    0,    0,    0,    0,    0,    0,    0,    0,    0,    0,    0,    0,    0,    0,    0,    0,    0,    0,    0,    0,    0,    0,    0,   -6,   -6,    0,  -10,    0,    0,    0,    0,    0,    0,    0,    0,    0,    0,    0,    0,    0,    0,    0,    0,    0,    0,
       0,    0,    0,    0,    0,    0,    0,    0,    0,    0,    0,    0,    0,    0,    0,    0,    0,    0,    0,    0,    0,    0,    0,    0,    0,    0,    0,    0,    0,    0,    0,    0,    0,    0,    0,    0,    0,    0,    0,    0,    0,    0,    0,    0,    0,    0,    0,    0,    0,    0,    0,    0,    0,    0,    0,    0,    0,    0,    0,    0,    0,    0,    0,    0,    0,    0,    0,    0,    0,    0,    0,    0,    0,    0,    0,    0,    0,    0,    0,    0,    0,    0,    0,    0,    0,    0,    0,    0,    0,    0,    0,    0,    0,    0,    0,    0,    0,    0,    0,    0,    0,    0,    0,    0,    0,    0,    0,    0,    0,    0,    0,    0,    0,    0,    0,    0,    0,    0,    0,    0,    0,    0,    0,    0,    0,    0,    0,    0,    0,    0,    0,    0,    0,    0,    0,    0,    0,    0,    0,    0,    0,   -2,    0,  -12,    0,   -2,    0,    0,   -2,    0,  -12,   -5,    0,    0,   -4,    0,    0,    0,    0,    0,    0,    0,    0,
       0,    0,    0,    0,    0,    0,    0,    0,    0,    0,    0,    0,    0,    0,    0,    0,    0,    0,    0,    0,    0,    0,    0,    0,    0,    0,    0,    0,    0,    0,    0,    0,    0,    0,    0,    0,    0,    0,    0,    0,    0,    0,    0,    0,    0,    0,    0,    0,    0,    0,    0,    0,    0,    0,    0,    0,    0,    0,    0,    0,    0,    0,    0,    0,    0,    0,    0,    0,    0,    0,    0,    0,    0,    0,    0,    0,    0,    0,    0,    0,    0,    0,    0,    0,    0,    0,    0,    0,    0,    0,    0,    0,    0,    0,    0,    0,    0,    0,    0,    0,    0,    0,    0,    0,    0,    0,    0,    0,    0,    0,    0,    0,    0,    0,    0,    0,    0,    0,    0,    0,    0,    0,    0,    0,    0,    0,    0,    0,    0,    0,    0,    0,    0,    0,    0,    0,    0,    0,    0,    0,    0,   -3,    0,    0,    0,    0,    0,    0,  -10,    0,    0,    0,    0,    0,    0,    0,    0,    0,    0,    0,    0,    0,    0,
       0,    0,    0,    0,    0,    0,    0,    0,    0,    0,    0,    0,    0,    0,    0,    0,    0,    0,    0,    0,    0,    0,    0,    0,    0,    0,    0,    0,    0,    0,    0,    0,    0,    0,    0,    0,    0,    0,    0,    0,    0,    0,    0,    0,    0,    0,    0,    0,    0,    0,    0,    0,    0,    0,    0,    0,    0,    0,    0,    0,    0,    0,    0,    0,    0,    0,    0,    0,    0,    0,    0,    0,    0,    0,    0,    0,    0,    0,    0,    0,    0,    0,    0,    0,    0,    0,    0,    0,    0,    0,    0,    0,    0,    0,    0,    0,    0,    0,    0,    0,    0,    0,    0,    0,    0,    0,    0,    0,    0,    0,    0,    0,    0,    0,    0,    0,    0,    0,    0,    0,    0,    0,    0,    0,    0,    0,    0,    0,    0,    0,    0,    0,    0,    0,    0,    0,    0,    0,    0,    0,    0,    0,    0,   -3,   -8,   -3,    0,    0,   -3,    0,  -11,   -2,    0,    0,    0,   -3,    0,    0,    0,    0,    0,    0,    0,
       0,    0,    0,    0,    0,    0,    0,    0,    0,    0,    0,    0,    0,    0,    0,    0,    0,    0,    0,    0,    0,    0,    0,    0,    0,    0,    0,    0,    0,    0,    0,    0,    0,    0,    0,    0,    0,    0,    0,    0,    0,    0,    0,    0,    0,    0,    0,    0,    0,    0,    0,    0,    0,    0,    0,    0,    0,    0,    0,    0,    0,    0,    0,    0,    0,    0,    0,    0,    0,    0,    0,    0,    0,    0,    0,    0,    0,    0,    0,    0,    0,    0,    0,    0,    0,    0,    0,    0,    0,    0,    0,    0,    0,    0,    0,    0,    0,    0,    0,    0,    0,    0,    0,    0,    0,    0,    0,    0,    0,    0,    0,    0,    0,    0,    0,    0,    0,    0,    0,    0,    0,    0,    0,    0,    0,    0,    0,    0,    0,    0,    0,    0,    0,    0,   -5,  -10,    0,   -8,    0,    0,    0,    0,   -8,    0,    0,    0,  -10,    0,  -13,    0,    0,  -10,    0,    0,    0,    0,    0,    0,    0,    0,    0,    0,    0,
       0,    0,    0,    0,    0,    0,    0,    0,    0,    0,    0,    0,    0,    0,    0,    0,    0,    0,    0,    0,    0,    0,    0,    0,    0,    0,    0,    0,    0,    0,    0,    0,    0,    0,    0,    0,    0,    0,    0,    0,    0,    0,    0,    0,    0,    0,    0,    0,    0,    0,    0,    0,    0,    0,    0,    0,    0,    0,    0,    0,    0,    0,    0,    0,    0,    0,    0,    0,    0,    0,    0,    0,    0,    0,    0,    0,    0,    0,    0,    0,    0,    0,    0,    0,    0,    0,    0,    0,    0,    0,    0,    0,    0,    0,    0,    0,    0,    0,    0,    0,    0,    0,    0,    0,    0,    0,    0,    0,    0,    0,    0,    0,    0,    0,    0,    0,    0,    0,    0,    0,    0,    0,    0,    0,    0,    0,    0,    0,    0,    0,    0,    0,    0,    0,    0,  -16,    0,    0,    0,    0,    0,   -8,    0,   -6,   -8,    0,    0,   -3,   -4,    0,  -12,   -4,    0,    0,   -8,    0,   -9,    0,    0,    0,    0,    0,    0,
       0,    0,    0,    0,    0,    0,    0,    0,    0,    0,    0,    0,    0,    0,    0,    0,    0,    0,    0,    0,    0,    0,    0,    0,    0,    0,    0,    0,    0,    0,    0,    0,    0,    0,    0,    0,    0,    0,    0,    0,    0,    0,    0,    0,    0,    0,    0,    0,    0,    0,    0,    0,    0,    0,    0,    0,    0,    0,    0,    0,    0,    0,    0,    0,    0,    0,    0,    0,    0,    0,    0,    0,    0,    0,    0,    0,    0,    0,    0,    0,    0,    0,    0,    0,    0,    0,    0,    0,    0,    0,    0,    0,    0,    0,    0,    0,    0,    0,    0,    0,    0,    0,    0,    0,    0,    0,    0,    0,    0,    0,    0,    0,    0,    0,    0,    0,    0,    0,    0,    0,    0,    0,    0,    0,    0,    0,    0,    0,    0,    0,    0,    0,    0,    0,    0,  -10,    0,    0,    0,    0,    0,   -2,    0,    0,  -10,    0,   -3,    0,   -4,    0,    0,   -3,    0,    0,   -3,    0,    0,    0,    0,    0,    0,    0,    0,
       0,    0,    0,    0,    0,    0,    0,    0,    0,    0,    0,    0,    0,    0,    0,    0,    0,    0,    0,    0,    0,    0,    0,    0,    0,    0,    0,    0,    0,    0,    0,    0,    0,    0,    0,    0,    0,    0,    0,    0,    0,    0,    0,    0,    0,    0,    0,    0,    0,    0,    0,    0,    0,    0,    0,    0,    0,    0,    0,    0,    0,    0,    0,    0,    0,    0,    0,    0,    0,    0,    0,    0,    0,    0,    0,    0,    0,    0,    0,    0,    0,    0,    0,    0,    0,    0,    0,    0,    0,    0,    0,    0,    0,    0,    0,    0,    0,    0,    0,    0,    0,    0,    0,    0,    0,    0,    0,    0,    0,    0,    0,    0,    0,    0,    0,    0,    0,    0,    0,    0,    0,    0,    0,    0,    0,    0,    0,    0,    0,    0,    0,    0,    0,    0,    0,    0,    0,  -18,    0,  -20,    0,    0,   -6,    0,   -8,   -2,    0,  -14,  -16,  -16,    0,  -10,    0,    0,    0,   -8,    0,    0,    0,    0,    0,    0,    0,
       0,    0,    0,    0,    0,    0,    0,    0,    0,    0,    0,    0,  -27,   -7,   -7,  -41,    0,   -7,   -7,    0,    0,    0,    7,    6,    0,    4,    0,    0,    0,    0,    0,   -6,    0,    0,    0,   -3,    0,    0,    0,    0,    0,    0,    0,    0,    0,    0,    0,    0,    0,    0,    0,    0,    0,    0,  -47,    0,    0,    0,    0,    0,    0,    0,    0,    0,    0,    0,    0,    0,    0,    0,    0,   -7,    0,    0,    0,    0,  -27,    0,    0,    0,    0,   -7,   -7,    0,    0,    0,    0,    0,    0,    0,    0,    0,    0,    0,    0,    0,    0,    0,    0,   -6,    0,    0,    0,    0,    0,    0,    0,    0,    0,    0,    0,    0,    0,    0,    0,    0,    0,    0,    0,    0,    0,    4,    0,    0,    0,    0,    0,    0,    0,    0,    0,    0,    0,    0,    0,    0,    0,    0,    0,    0,    0,    0,    0,    0,    0,    0,    0,    0,    0,    0,    0,    0,    0,    0,    0,    0,    0,    0,    0,    0,    0,    0,    0,
       0,    0,    0,    0,    0,    0,    0,    0,    0,    0,    0,    0,    9,   -9,   -9,   10,    0,  -10,  -11,    6,  -24,   -7,  -26,  -12,    4,  -28,    7,    0,    0,    0,    0,    0,    0,    0,    0,    0,    0,    0,    0,    0,    0,    0,    0,    0,    0,    0,    0,    0,    0,    0,    0,    0,    0,    0,    7,    0,    0,    0,    0,    0,    0,    0,    0,    0,    0,    0,    0,    0,    0,    0,  -24,   -9,    0,    0,    0,    0,    9,    0,    0,    0,    0,  -10,  -10,    4,    0,    0,    0,    0,    0,    0,    0,    0,    0,    0,    0,    0,    0,    0,    0,    0,    0,    0,    0,    0,    0,    0,    0,    0,    0,    0,    0,    0,    0,    0,    0,    0,    0,    0,    0,    0,    0,  -28,    0,    0,    0,    0,    0,    0,    0,    0,    0,    0,    0,    0,    0,    0,    0,    0,    0,    0,    0,    0,    0,    0,    0,    0,    0,    0,    0,    0,    0,    0,    0,    0,    0,    0,    0,    0,    0,    0,    0,    0,    0,
       0,    0,    0,    0,    0,    0,    0,    0,    0,    0,    0,    0,    0,    0,    0,    0,    0,    0,    0,    0,    0,    0,    0,    0,    0,    0,    0,    0,    0,    0,    0,    0,    0,    0,    0,    0,    0,    0,    0,    0,    0,    0,    0,    0,    0,    0,    0,    0,    0,    0,    0,    0,    0,    0,    0,    0,    0,    0,    0,    0,    0,    0,    0,    0,    0,    0,    0,    0,    0,    0,    0,    0,    0,    0,    0,    0,    0,    0,    0,    0,    0,    0,    0,    0,    0,    0,    0,    0,    0,    0,    0,    0,    0,    0,    0,    0,    0,    0,    0,    0,    0,    0,    0,    0,    0,    0,    0,    0,    0,    0,    0,    0,    0,    0,    0,    0,    0,    0,    0,    0,    0,    0,    0,    0,    0,    0,    0,    0,    0,    0,    0,    0,    0,    0,    0,    0,    0,    0,    0,    0,    0,    0,    0,    0,    0,    0,    0,    0,    0,    0,    0,    0,    0,    0,    0,    0,    0,    0,    0,    0,  -16,  -10,  -12,
};

static const EpdLigaturePair ubuntu_12_mediumLigaturePairs[] = {
    { 0x00660066, 0xFB00 }, // f f -> U+FB00
    { 0x00660069, 0xFB01 }, // f i -> U+FB01
    { 0x0066006C, 0xFB02 }, // f l -> U+FB02
    { 0xFB000069, 0xFB03 }, // U+FB00 i -> U+FB03
    { 0xFB00006C, 0xFB04 }, // U+FB00 l -> U+FB04
};

static const EpdFontData ubuntu_12_medium = {
    ubuntu_12_mediumBitmaps,
    ubuntu_12_mediumGlyphs,
    ubuntu_12_mediumIntervals,
    69,
    29,
    24,
    -5,
    false,
    nullptr,
    0,
    nullptr,
    ubuntu_12_mediumKernLeftClasses,
    ubuntu_12_mediumKernRightClasses,
    ubuntu_12_mediumKernMatrix,
    445,
    511,
    153,
    163,
    ubuntu_12_mediumLigaturePairs,
    5,
};
