/**
 * generated by fontconvert.py
 * name: ubuntu_10_bold
 * size: 10
 * mode: 1-bit mono
 * Command used: fontconvert.py ubuntu_10_bold 10 ../builtinFonts/source/Ubuntu/Ubuntu-Bold.ttf ../builtinFonts/source/NotoSansHebrew/NotoSansHebrew-Bold.ttf ../builtinFonts/source/NotoSansArabic/NotoSansArabic-Bold.ttf ../builtinFonts/source/Ubuntu/Ubuntu-Vietnamese-Bold.ttf --mono --additional-intervals 0x05D0,0x05EA --additional-intervals 0x060C,0x060C --additional-intervals 0x061B,0x061B --additional-intervals 0x061F,0x061F --additional-intervals 0x0621,0x0621 --additional-intervals 0x0640,0x0640 --additional-intervals 0x0660,0x0669 --additional-intervals 0x06BA,0x06BA --additional-intervals 0x06D4,0x06D4 --additional-intervals 0x06F0,0x06F9 --additional-intervals 0xFB56,0xFB59 --additional-intervals 0xFB66,0xFB69 --additional-intervals 0xFB7A,0xFB7D --additional-intervals 0xFB88,0xFB95 --additional-intervals 0xFB9E,0xFB9F --additional-intervals 0xFBA6,0xFBB1 --additional-intervals 0xFBFC,0xFBFF --additional-intervals 0xFE80,0xFEFC
 */
#pragma once
#include "EpdFontData.h"

static const uint8_t ubuntu_10_boldBitmaps[24056] = {
    0x00, 0x00, 0x00, 0x00, 0x00, 0x00, 0xFF, 0xFF, 0xFF, 0xFC, 0x7F, 0xF8, 0xE7, 0xE7, 0xE7, 0xE6,
    0xE6, 0xE6, 0x0E, 0x70, 0x73, 0x83, 0xBC, 0x39, 0xCF, 0xFF, 0xFF, 0xFC, 0x73, 0x87, 0xBC, 0x39,
    0xC7, 0xFF, 0xFF, 0xFE, 0x73, 0x87, 0xB8, 0x39, 0xC1, 0xCE, 0x00, 0x1C, 0x07, 0x03, 0xF1, 0xFE,
    0xFF, 0xB8, 0x0E, 0x03, 0xE0, 0x7F, 0x0F, 0xE0, 0x7C, 0x07, 0x41, 0xFF, 0xFF, 0xF9, 0xFC, 0x1C,
    0x07, 0x01, 0xC0, 0x38, 0x1C, 0x3E, 0x1C, 0x31, 0x8E, 0x18, 0xCE, 0x0C, 0x67, 0x06, 0x37, 0x01,
    0xF3, 0x80, 0x73, 0x9C, 0x03, 0x9F, 0x01, 0xD8, 0xC1, 0xCC, 0x60, 0xE6, 0x30, 0xE3, 0x18, 0x70,
    0xF8, 0x70, 0x38, 0x0F, 0x00, 0x7F, 0x03, 0xFC, 0x0E, 0x70, 0x39, 0xC0, 0x7E, 0x01, 0xF0, 0x1F,
    0xCE, 0x77, 0xBB, 0x8F, 0xCE, 0x1F, 0x3C, 0x38, 0xFF, 0xF1, 0xFF, 0xE3, 0xF3, 0xC0, 0xFF, 0xFF,
    0xC0, 0x08, 0x73, 0x8E, 0x71, 0xCE, 0x38, 0xE3, 0x8E, 0x38, 0xE3, 0x87, 0x1C, 0x38, 0xE1, 0xC2,
    0x43, 0x87, 0x1C, 0x38, 0xE1, 0xC7, 0x1C, 0x71, 0xC7, 0x1C, 0x73, 0x8E, 0x71, 0xCE, 0x10, 0x1C,
    0x0E, 0x17, 0x5F, 0xFF, 0xF9, 0xF1, 0xDC, 0x28, 0x0E, 0x01, 0xC0, 0x38, 0x07, 0x0F, 0xFF, 0xFF,
    0xFF, 0xF8, 0x70, 0x0E, 0x01, 0xC0, 0x38, 0x00, 0x77, 0x77, 0xEE, 0xFF, 0xFF, 0xC0, 0x6F, 0xF6,
    0x00, 0xE0, 0x38, 0x07, 0x01, 0xE0, 0x38, 0x07, 0x01, 0xC0, 0x38, 0x07, 0x01, 0xC0, 0x38, 0x0E,
    0x01, 0xC0, 0x38, 0x0E, 0x01, 0xC0, 0x78, 0x0E, 0x01, 0xC0, 0x70, 0x00, 0x1E, 0x0F, 0xC7, 0xF9,
    0xCE, 0xE1, 0xF8, 0x7E, 0x1F, 0x87, 0xE1, 0xF8, 0x7E, 0x1D, 0xCE, 0x7F, 0x8F, 0xC1, 0xE0, 0x06,
    0x1C, 0xFB, 0xFF, 0xED, 0xC3, 0x87, 0x0E, 0x1C, 0x38, 0x70, 0xE1, 0xC3, 0x80, 0x3F, 0x1F, 0xEF,
    0xFD, 0x87, 0x01, 0xC0, 0x70, 0x38, 0x1C, 0x0E, 0x0F, 0x07, 0x81, 0xC0, 0xFF, 0xFF, 0xFF, 0xFC,
    0x3E, 0x3F, 0xCF, 0xF9, 0x0E, 0x03, 0x81, 0xC3, 0xE0, 0xFE, 0x03, 0xC0, 0x70, 0x1C, 0x0F, 0xFF,
    0xBF, 0xE7, 0xE0, 0x07, 0x03, 0xC1, 0xF0, 0x7C, 0x3F, 0x0D, 0xC7, 0x71, 0x9C, 0xE7, 0x3F, 0xFF,
    0xFF, 0xFF, 0x07, 0x01, 0xC0, 0x70, 0x3F, 0x8F, 0xE3, 0xF8, 0xE0, 0x38, 0x1F, 0x87, 0xF9, 0xFE,
    0x03, 0xC0, 0x70, 0x1C, 0x0F, 0xFF, 0xBF, 0xE7, 0xE0, 0x07, 0x87, 0xE3, 0xF9, 0xF0, 0x70, 0x3F,
    0xCF, 0xFB, 0xFF, 0xE3, 0xF8, 0x7E, 0x1F, 0xCF, 0x7F, 0x9F, 0xE1, 0xE0, 0xFF, 0xFF, 0xFF, 0xFC,
    0x0E, 0x07, 0x01, 0xC0, 0xE0, 0x38, 0x1E, 0x07, 0x01, 0xC0, 0x70, 0x38, 0x0E, 0x03, 0x80, 0x1F,
    0x1F, 0xEF, 0xFF, 0x87, 0xE1, 0xF8, 0x77, 0xB9, 0xFC, 0x7F, 0xB8, 0xFE, 0x1F, 0x87, 0xFF, 0xDF,
    0xE3, 0xF0, 0x1E, 0x1F, 0xE7, 0xFB, 0xCF, 0xE1, 0xF8, 0x7F, 0x1F, 0xFF, 0x7F, 0xCF, 0xF0, 0x38,
    0x1E, 0x7F, 0x1F, 0x87, 0x80, 0x6F, 0xF6, 0x00, 0x06, 0xFF, 0x60, 0x33, 0xDE, 0x60, 0x00, 0x00,
    0x73, 0x9C, 0xEE, 0x70, 0x00, 0x81, 0xE1, 0xFF, 0xFC, 0xFC, 0x38, 0x0F, 0xC3, 0xFC, 0x1F, 0xC1,
    0xE0, 0x08, 0xFF, 0xFF, 0xFF, 0xFC, 0x00, 0x00, 0x3F, 0xFF, 0xFF, 0xFF, 0x40, 0x1E, 0x0F, 0xE0,
    0xFF, 0x0F, 0xC0, 0x70, 0xFC, 0xFF, 0xFE, 0x1E, 0x04, 0x00, 0x7E, 0x7F, 0xBF, 0xE8, 0x70, 0x38,
    0x3C, 0x3C, 0x3C, 0x3C, 0x1C, 0x0E, 0x00, 0x01, 0x81, 0xE0, 0xF0, 0x30, 0x03, 0xF8, 0x03, 0xFF,
    0x81, 0xC0, 0xF0, 0xC0, 0x0E, 0x61, 0xF1, 0x99, 0xFE, 0x3C, 0x73, 0x8F, 0x38, 0xE3, 0xCE, 0x38,
    0xF3, 0x8E, 0x3C, 0xE3, 0x8F, 0x3C, 0xE6, 0xE7, 0xFF, 0x98, 0xFF, 0x87, 0x00, 0x00, 0xF0, 0x00,
    0x1F, 0xF8, 0x01, 0xFE, 0x00, 0x07, 0xC0, 0x0F, 0x80, 0x3F, 0x80, 0x77, 0x00, 0xEE, 0x03, 0xDE,
    0x07, 0x1C, 0x0E, 0x38, 0x3C, 0x78, 0x7F, 0xF1, 0xFF, 0xF3, 0xFF, 0xE7, 0x01, 0xDE, 0x03, 0xF8,
    0x03, 0x80, 0xFF, 0x1F, 0xF3, 0xFF, 0x70, 0xEE, 0x1D, 0xFF, 0x3F, 0xE7, 0xFE, 0xE1, 0xFC, 0x1F,
    0x83, 0xF0, 0xFF, 0xFD, 0xFF, 0xBF, 0xC0, 0x0F, 0xE1, 0xFF, 0x3F, 0xF7, 0x82, 0xF0, 0x0E, 0x00,
    0xE0, 0x0E, 0x00, 0xE0, 0x0E, 0x00, 0xF0, 0x07, 0x82, 0x7F, 0xF3, 0xFF, 0x0F, 0xE0, 0xFF, 0x0F,
    0xFC, 0xFF, 0xEE, 0x1E, 0xE0, 0xFE, 0x07, 0xE0, 0x7E, 0x07, 0xE0, 0x7E, 0x07, 0xE0, 0xFE, 0x1E,
    0xFF, 0xCF, 0xF8, 0xFF, 0x00, 0xFF, 0xFF, 0xFF, 0xFF, 0x80, 0xE0, 0x38, 0x0F, 0xFB, 0xFE, 0xFF,
    0xB8, 0x0E, 0x03, 0x80, 0xFF, 0xFF, 0xFF, 0xFC, 0xFF, 0xFF, 0xFF, 0xFC, 0x0E, 0x07, 0x03, 0xFD,
    0xFE, 0xFF, 0x70, 0x38, 0x1C, 0x0E, 0x07, 0x03, 0x80, 0x0F, 0xE1, 0xFF, 0x3F, 0xF7, 0x82, 0xF0,
    0x0E, 0x00, 0xE0, 0x0E, 0x07, 0xE0, 0x7E, 0x07, 0xF0, 0x77, 0x87, 0x7F, 0xF3, 0xFF, 0x0F, 0xE0,
    0xE0, 0xFC, 0x1F, 0x83, 0xF0, 0x7E, 0x0F, 0xC1, 0xFF, 0xFF, 0xFF, 0xFF, 0xFC, 0x1F, 0x83, 0xF0,
    0x7E, 0x0F, 0xC1, 0xF8, 0x38, 0xFF, 0xFF, 0xFF, 0xFF, 0xFF, 0xF8, 0x03, 0x81, 0xC0, 0xE0, 0x70,
    0x38, 0x1C, 0x0E, 0x07, 0x03, 0x81, 0xC0, 0xE8, 0xF7, 0xFF, 0xF9, 0xF8, 0xE0, 0xFE, 0x1E, 0xE3,
    0xCE, 0x78, 0xEF, 0x0F, 0xE0, 0xFC, 0x0F, 0xE0, 0xEE, 0x0E, 0x70, 0xE7, 0x8E, 0x3C, 0xE1, 0xCE,
    0x1E, 0xE0, 0xF0, 0xE0, 0x38, 0x0E, 0x03, 0x80, 0xE0, 0x38, 0x0E, 0x03, 0x80, 0xE0, 0x38, 0x0E,
    0x03, 0x80, 0xFF, 0xFF, 0xFF, 0xFC, 0x70, 0x07, 0x3C, 0x07, 0x9E, 0x03, 0xCF, 0x83, 0xE7, 0xC1,
    0xF3, 0x71, 0xDB, 0xB8, 0xEF, 0xCE, 0xE7, 0xE7, 0x73, 0xF1, 0xF1, 0xF8, 0xF8, 0xFC, 0x38, 0x7E,
    0x1C, 0x3F, 0x00, 0x1F, 0x80, 0x0E, 0xE0, 0x7F, 0x07, 0xF8, 0x7F, 0x87, 0xFC, 0x7F, 0xE7, 0xEE,
    0x7E, 0x77, 0xE3, 0xFE, 0x3F, 0xE1, 0xFE, 0x0F, 0xE0, 0xFE, 0x07, 0xE0, 0x70, 0x07, 0xC0, 0x3F,
    0xE0, 0xFF, 0xE3, 0xC1, 0xE7, 0x01, 0xFC, 0x01, 0xF8, 0x03, 0xF0, 0x07, 0xE0, 0x0F, 0xC0, 0x1F,
    0xC0, 0x7B, 0xC1, 0xE3, 0xFF, 0x83, 0xFE, 0x01, 0xF8, 0x00, 0xFF, 0x1F, 0xFB, 0xFF, 0x70, 0xFE,
    0x0F, 0xC1, 0xF8, 0x7F, 0xFE, 0xFF, 0xDF, 0xE3, 0x80, 0x70, 0x0E, 0x01, 0xC0, 0x38, 0x00, 0x07,
    0xC0, 0x3F, 0xE0, 0xFF, 0xE3, 0xC1, 0xE7, 0x01, 0xDC, 0x01, 0xF8, 0x03, 0xF0, 0x07, 0xE0, 0x0F,
    0xC0, 0x1F, 0xC0, 0x73, 0xC1, 0xE7, 0xFF, 0x87, 0xFE, 0x03, 0xF0, 0x01, 0xE0, 0x01, 0xFC, 0x00,
    0xF0, 0xFF, 0x0F, 0xFC, 0xFF, 0xCE, 0x1E, 0xE0, 0xEE, 0x0E, 0xE1, 0xEF, 0xFC, 0xFF, 0xCF, 0xF0,
    0xE7, 0x8E, 0x3C, 0xE1, 0xCE, 0x0E, 0xE0, 0xF0, 0x3F, 0x1F, 0xEF, 0xF3, 0x84, 0xE0, 0x3C, 0x07,
    0xE0, 0xFE, 0x0F, 0x80, 0xF0, 0x1D, 0x07, 0xFF, 0xFF, 0xE7, 0xF0, 0xFF, 0xFF, 0xFF, 0xFF, 0x87,
    0x00, 0xE0, 0x1C, 0x03, 0x80, 0x70, 0x0E, 0x01, 0xC0, 0x38, 0x07, 0x00, 0xE0, 0x1C, 0x03, 0x80,
    0xE0, 0xFC, 0x1F, 0x83, 0xF0, 0x7E, 0x0F, 0xC1, 0xF8, 0x3F, 0x07, 0xE0, 0xFC, 0x1F, 0x83, 0xF8,
    0xF7, 0xFC, 0xFF, 0x87, 0xC0, 0xE0, 0x0E, 0xE0, 0x39, 0xC0, 0x73, 0xC1, 0xE3, 0x83, 0x87, 0x07,
    0x0F, 0x1C, 0x0E, 0x38, 0x1C, 0x70, 0x1D, 0xC0, 0x3B, 0x80, 0x7F, 0x00, 0x7C, 0x00, 0xF8, 0x00,
    0xE0, 0x00, 0xE0, 0x00, 0xFC, 0x00, 0x1F, 0xC3, 0x87, 0xB8, 0xF0, 0xE7, 0x1F, 0x1C, 0xE3, 0xE3,
    0x9C, 0x6C, 0x71, 0xDD, 0xDC, 0x3B, 0xBB, 0x87, 0x77, 0x70, 0xEE, 0x6E, 0x1F, 0x8F, 0xC1, 0xF1,
    0xF0, 0x3E, 0x1E, 0x07, 0x83, 0xC0, 0xF0, 0x3D, 0xC0, 0xE3, 0x87, 0x0F, 0x3C, 0x1F, 0xE0, 0x3F,
    0x00, 0x78, 0x01, 0xE0, 0x07, 0x80, 0x3F, 0x01, 0xFE, 0x0F, 0x3C, 0x38, 0x71, 0xC0, 0xEF, 0x03,
    0xC0, 0xF0, 0x7B, 0x83, 0x9E, 0x3C, 0x71, 0xC3, 0xDE, 0x0E, 0xE0, 0x7F, 0x01, 0xF0, 0x07, 0x00,
    0x38, 0x01, 0xC0, 0x0E, 0x00, 0x70, 0x03, 0x80, 0x1C, 0x00, 0xFF, 0xFF, 0xFF, 0xFF, 0x80, 0xE0,
    0x38, 0x0F, 0x03, 0xC0, 0x70, 0x1C, 0x07, 0x81, 0xE0, 0x38, 0x0F, 0xFF, 0xFF, 0xFF, 0xF8, 0xFF,
    0xFF, 0xF8, 0xE3, 0x8E, 0x38, 0xE3, 0x8E, 0x38, 0xE3, 0x8E, 0x38, 0xE3, 0xFF, 0xFF, 0xE0, 0x0E,
    0x01, 0xC0, 0x3C, 0x03, 0x80, 0x70, 0x07, 0x00, 0xE0, 0x1C, 0x01, 0xC0, 0x38, 0x03, 0x80, 0x70,
    0x0E, 0x00, 0xE0, 0x1C, 0x03, 0xC0, 0x38, 0x07, 0x00, 0x70, 0xFF, 0xFF, 0xC7, 0x1C, 0x71, 0xC7,
    0x1C, 0x71, 0xC7, 0x1C, 0x71, 0xC7, 0x1F, 0xFF, 0xFF, 0x0E, 0x03, 0xE0, 0x7C, 0x1D, 0xC3, 0xB8,
    0xE3, 0x9C, 0x77, 0x07, 0x20, 0x80, 0xFF, 0xFF, 0xFF, 0xFF, 0x80, 0x47, 0x1C, 0x71, 0x00, 0x7F,
    0x1F, 0xE7, 0xFC, 0x07, 0x3F, 0xDF, 0xFE, 0x1F, 0x87, 0xFF, 0xDF, 0xF3, 0xFC, 0xE0, 0x1C, 0x03,
    0x80, 0x70, 0x0E, 0x01, 0xFE, 0x3F, 0xF7, 0xFE, 0xE1, 0xFC, 0x1F, 0x83, 0xF0, 0x7E, 0x1F, 0xFF,
    0xBF, 0xE7, 0xF8, 0x1F, 0x9F, 0xDF, 0xFE, 0x0E, 0x07, 0x03, 0x81, 0xE0, 0x7F, 0xBF, 0xC7, 0xE0,
    0x00, 0xE0, 0x1C, 0x03, 0x80, 0x70, 0x0E, 0x3F, 0xDF, 0xFB, 0xFF, 0xF0, 0xFC, 0x1F, 0x83, 0xF0,
    0x7F, 0x0E, 0xFF, 0xCF, 0xF8, 0xFF, 0x1F, 0x1F, 0xE7, 0xFF, 0x87, 0xFF, 0xFF, 0xFE, 0x03, 0xC2,
    0x7F, 0x9F, 0xE1, 0xF8, 0x3E, 0x7E, 0xFE, 0xE0, 0xE0, 0xFE, 0xFE, 0xFE, 0xE0, 0xE0, 0xE0, 0xE0,
    0xE0, 0xE0, 0xE0, 0xE0, 0x1F, 0xDF, 0xF7, 0xFF, 0xC7, 0xE1, 0xF8, 0x7F, 0x1F, 0xFF, 0x7F, 0xCF,
    0xF0, 0x1C, 0x0F, 0x7F, 0x9F, 0xE7, 0xE0, 0xE0, 0x38, 0x0E, 0x03, 0x80, 0xE0, 0x3F, 0xCF, 0xFB,
    0xFF, 0xE3, 0xF8, 0x7E, 0x1F, 0x87, 0xE1, 0xF8, 0x7E, 0x1F, 0x87, 0xFF, 0xF1, 0xFF, 0xFF, 0xFF,
    0xFF, 0x1C, 0x71, 0xC7, 0x00, 0x71, 0xC7, 0x1C, 0x71, 0xC7, 0x1C, 0x71, 0xC7, 0x1F, 0xFF, 0xBC,
    0xE0, 0x1C, 0x03, 0x80, 0x70, 0x0E, 0x01, 0xC7, 0xB9, 0xE7, 0x78, 0xFE, 0x1F, 0x83, 0xF8, 0x77,
    0x8E, 0x79, 0xC7, 0x38, 0x77, 0x0F, 0xE7, 0x39, 0xCE, 0x73, 0x9C, 0xE7, 0x39, 0xCE, 0x7F, 0xE7,
    0xFE, 0xF9, 0xFF, 0xFB, 0xFF, 0xFF, 0x1C, 0x7E, 0x38, 0xFC, 0x71, 0xF8, 0xE3, 0xF1, 0xC7, 0xE3,
    0x8F, 0xC7, 0x1F, 0x8E, 0x38, 0xFF, 0x3F, 0xEF, 0xFF, 0x8F, 0xE1, 0xF8, 0x7E, 0x1F, 0x87, 0xE1,
    0xF8, 0x7E, 0x1C, 0x1F, 0x07, 0xF1, 0xFF, 0x78, 0xFE, 0x0F, 0xC1, 0xF8, 0x3F, 0x8F, 0x7F, 0xC7,
    0xF0, 0x7C, 0x00, 0xFF, 0x1F, 0xF3, 0xFF, 0x70, 0xFE, 0x0F, 0xC1, 0xF8, 0x3F, 0x0F, 0xFF, 0xDF,
    0xFB, 0xFC, 0x70, 0x0E, 0x01, 0xC0, 0x38, 0x00, 0x1F, 0xE7, 0xFD, 0xFF, 0xF8, 0x7E, 0x0F, 0xC1,
    0xF8, 0x3F, 0x87, 0x7F, 0xEF, 0xFC, 0x7F, 0x80, 0x70, 0x0E, 0x01, 0xC0, 0x38, 0x7F, 0xFF, 0xFF,
    0x0E, 0x1C, 0x38, 0x70, 0xE1, 0xC3, 0x80, 0x3E, 0x7E, 0xFE, 0xE0, 0xFE, 0xFF, 0x7F, 0x87, 0xFF,
    0xFE, 0xFC, 0xE1, 0xC3, 0x87, 0xFF, 0xFF, 0xF8, 0x70, 0xE1, 0xC3, 0x87, 0xF7, 0xE7, 0xC0, 0xE1,
    0xF8, 0x7E, 0x1F, 0x87, 0xE1, 0xF8, 0x7E, 0x1F, 0xC7, 0xFF, 0xDF, 0xF3, 0xFC, 0xE0, 0xFE, 0x3D,
    0xC7, 0x38, 0xE7, 0xBC, 0x77, 0x0E, 0xE0, 0xF8, 0x1F, 0x03, 0xE0, 0x38, 0x00, 0xE1, 0xC3, 0xF0,
    0xE1, 0xDC, 0x71, 0xCE, 0x3C, 0xE3, 0x3E, 0x61, 0xDB, 0x70, 0xED, 0xB8, 0x3E, 0xF8, 0x1E, 0x3C,
    0x0F, 0x1E, 0x03, 0x8E, 0x00, 0xF0, 0xF7, 0x9E, 0x39, 0xC1, 0xF8, 0x1F, 0x80, 0xF0, 0x1F, 0x81,
    0xF8, 0x39, 0xC7, 0x9E, 0xF0, 0xF0, 0xE0, 0xFE, 0x3D, 0xC7, 0x38, 0xE7, 0x9C, 0x77, 0x0E, 0xE1,
    0xF8, 0x1F, 0x03, 0xE0, 0x38, 0x0F, 0x0F, 0xC1, 0xF8, 0x3E, 0x00, 0xFF, 0xFF, 0xFF, 0xE1, 0xE1,
    0xE0, 0xE0, 0xF0, 0xF0, 0xFF, 0xFF, 0xFF, 0xE0, 0x0E, 0x3C, 0xF9, 0xC3, 0x87, 0x0E, 0x1C, 0x79,
    0xE3, 0xC7, 0xC3, 0x87, 0x0E, 0x1C, 0x38, 0x7C, 0xF8, 0x70, 0xFF, 0xFF, 0xFF, 0xFF, 0xFF, 0xFF,
    0xFF, 0xF0, 0xE1, 0xE3, 0xE1, 0xC3, 0x87, 0x0E, 0x1C, 0x3C, 0x3C, 0x79, 0xF3, 0x87, 0x0E, 0x1C,
    0x39, 0xF3, 0xE7, 0x00, 0x38, 0x4F, 0x9F, 0xFF, 0xF3, 0xE4, 0x38, 0x00, 0xFF, 0xF1, 0xFF, 0xFF,
    0xFF, 0xF8, 0x0E, 0x07, 0x03, 0x83, 0xF3, 0xFB, 0xFF, 0xC1, 0xC0, 0xE0, 0x78, 0x1F, 0xEF, 0xF1,
    0xF8, 0x70, 0x38, 0x1C, 0x07, 0xC3, 0xFC, 0xFF, 0x9E, 0x03, 0x80, 0x70, 0x3F, 0xE7, 0xFC, 0xFF,
    0x87, 0x00, 0xE0, 0x1C, 0x03, 0xFE, 0x7F, 0xDF, 0xF8, 0x60, 0xDF, 0xFD, 0xFF, 0x38, 0xE7, 0x1C,
    0xE3, 0x9C, 0x73, 0xFE, 0xFF, 0xEC, 0x18, 0xF0, 0x77, 0x0E, 0x78, 0xE3, 0x9E, 0x3D, 0xC1, 0xFC,
    0x0F, 0x83, 0xFE, 0x3F, 0xE0, 0x70, 0x07, 0x03, 0xFE, 0x3F, 0xE0, 0x70, 0x07, 0x00, 0xFF, 0xFF,
    0xFF, 0x00, 0x0F, 0xFF, 0xFF, 0xF0, 0x3F, 0x3F, 0xFF, 0xFC, 0x0E, 0x03, 0xE1, 0xFD, 0xFE, 0xE7,
    0xF1, 0xFC, 0xEF, 0xF3, 0xF0, 0x7C, 0x0E, 0x87, 0xFF, 0xFF, 0x9F, 0x80, 0xEF, 0xDF, 0xB8, 0x07,
    0xC0, 0x3F, 0xE0, 0xE0, 0xE3, 0x80, 0xE6, 0x3E, 0xD8, 0xF8, 0xF3, 0x01, 0xE6, 0x03, 0xCC, 0x07,
    0x8F, 0xCD, 0x8F, 0xB3, 0x80, 0xE3, 0x83, 0x83, 0xFE, 0x01, 0xF0, 0x00, 0x79, 0xF0, 0xDF, 0xFF,
    0x3F, 0xDF, 0x10, 0xC7, 0x1D, 0xE7, 0x39, 0xEF, 0x3C, 0xE7, 0x9E, 0x71, 0xC7, 0x10, 0xC0, 0xFF,
    0xFF, 0xFF, 0xFC, 0x07, 0x01, 0xC0, 0x70, 0x1C, 0x07, 0xFF, 0xFF, 0xC0, 0x07, 0xC0, 0x3F, 0xE0,
    0xE0, 0xE3, 0x80, 0xE6, 0xFC, 0xD9, 0xFC, 0xF3, 0x19, 0xE7, 0xF3, 0xCF, 0xC7, 0x99, 0xCD, 0xB1,
    0xB3, 0x80, 0xE3, 0x83, 0x83, 0xFE, 0x01, 0xF0, 0x00, 0xFF, 0xFC, 0x7B, 0xFC, 0xF3, 0xFD, 0xE0,
    0x0E, 0x01, 0xC0, 0x38, 0x07, 0x0F, 0xFF, 0xFF, 0xFF, 0xF8, 0x70, 0x0E, 0x01, 0xC0, 0x38, 0x00,
    0x0F, 0xFF, 0xFF, 0xFF, 0xF8, 0x7D, 0xFD, 0x18, 0x31, 0xC6, 0x18, 0x7F, 0xFE, 0x7D, 0xFC, 0x19,
    0xF3, 0xE0, 0xC1, 0xFF, 0xFC, 0x11, 0xDD, 0xC4, 0x00, 0xE1, 0xF8, 0x7E, 0x1F, 0x87, 0xE1, 0xF8,
    0x7E, 0x1F, 0xC7, 0xFF, 0xFF, 0xFF, 0xFF, 0x80, 0xE0, 0x38, 0x0E, 0x00, 0x0F, 0xC3, 0xFF, 0x7F,
    0xFF, 0xE7, 0xFE, 0x7F, 0xE7, 0xFE, 0x7F, 0xE7, 0x7E, 0x70, 0xE7, 0x0E, 0x70, 0xE7, 0x0E, 0x70,
    0xE7, 0x0E, 0x70, 0xE7, 0x0E, 0x70, 0xE7, 0x0E, 0x70, 0x6F, 0xF6, 0x31, 0x8F, 0xEE, 0x00, 0x1B,
    0xFE, 0xB1, 0x8C, 0x63, 0x18, 0x3C, 0x7E, 0xE7, 0xC3, 0xC3, 0xE7, 0x7E, 0x3C, 0x41, 0x1C, 0x73,
    0xCE, 0x39, 0xE7, 0x9E, 0xE7, 0xBC, 0xE7, 0x1C, 0x41, 0x00, 0x38, 0x38, 0x1E, 0x0E, 0x0F, 0x87,
    0x03, 0x61, 0xC0, 0x18, 0xE0, 0x06, 0x38, 0x01, 0x9C, 0x38, 0x67, 0x1E, 0x1B, 0x8D, 0x80, 0xEC,
    0x60, 0x73, 0xFC, 0x1C, 0xFF, 0x0E, 0x01, 0x83, 0x80, 0x61, 0xC0, 0x00, 0x38, 0x38, 0x3C, 0x38,
    0x3E, 0x1C, 0x1B, 0x1C, 0x01, 0x8E, 0x00, 0xCE, 0x00, 0x67, 0x7C, 0x37, 0x7F, 0x1B, 0x81, 0x83,
    0x81, 0xC1, 0x81, 0xC1, 0xC1, 0x80, 0xC3, 0x00, 0xE1, 0xFC, 0x60, 0xFE, 0x7C, 0x0E, 0x0F, 0xC3,
    0x80, 0x18, 0x70, 0x1F, 0x1C, 0x03, 0xE3, 0x80, 0x0C, 0xE0, 0x01, 0x9C, 0x77, 0xF7, 0x1E, 0xFC,
    0xE6, 0xC0, 0x3B, 0x18, 0x07, 0x7F, 0x81, 0xCF, 0xF0, 0x30, 0x0C, 0x0E, 0x01, 0x81, 0x80, 0x00,
    0x0C, 0x0F, 0x07, 0x81, 0x80, 0x00, 0x70, 0x38, 0x38, 0x38, 0x38, 0x38, 0x1C, 0x2F, 0xFB, 0xFC,
    0xFC, 0x02, 0x00, 0x0C, 0x00, 0x1C, 0x00, 0x1C, 0x00, 0x18, 0x00, 0x00, 0x01, 0xF0, 0x03, 0xE0,
    0x0F, 0xE0, 0x1D, 0xC0, 0x3B, 0x80, 0xF7, 0x81, 0xC7, 0x03, 0x8E, 0x0F, 0x1E, 0x1F, 0xFC, 0x7F,
    0xFC, 0xFF, 0xF9, 0xC0, 0x77, 0x80, 0xFE, 0x00, 0xE0, 0x00, 0x80, 0x03, 0x00, 0x0E, 0x00, 0x38,
    0x00, 0x60, 0x00, 0x00, 0x01, 0xF0, 0x03, 0xE0, 0x0F, 0xE0, 0x1D, 0xC0, 0x3B, 0x80, 0xF7, 0x81,
    0xC7, 0x03, 0x8E, 0x0F, 0x1E, 0x1F, 0xFC, 0x7F, 0xFC, 0xFF, 0xF9, 0xC0, 0x77, 0x80, 0xFE, 0x00,
    0xE0, 0x01, 0x00, 0x07, 0x00, 0x1F, 0x00, 0x77, 0x00, 0x42, 0x00, 0x00, 0x01, 0xF0, 0x03, 0xE0,
    0x0F, 0xE0, 0x1D, 0xC0, 0x3B, 0x80, 0xF7, 0x81, 0xC7, 0x03, 0x8E, 0x0F, 0x1E, 0x1F, 0xFC, 0x7F,
    0xFC, 0xFF, 0xF9, 0xC0, 0x77, 0x80, 0xFE, 0x00, 0xE0, 0x07, 0x20, 0x1F, 0xC0, 0x23, 0x80, 0x00,
    0x00, 0x7C, 0x00, 0xF8, 0x03, 0xF8, 0x07, 0x70, 0x0E, 0xE0, 0x3D, 0xE0, 0x71, 0xC0, 0xE3, 0x83,
    0xC7, 0x87, 0xFF, 0x1F, 0xFF, 0x3F, 0xFE, 0x70, 0x1D, 0xE0, 0x3F, 0x80, 0x38, 0x0C, 0xC0, 0x1D,
    0xC0, 0x33, 0x00, 0x00, 0x00, 0x7C, 0x00, 0xF8, 0x03, 0xF8, 0x07, 0x70, 0x0E, 0xE0, 0x3D, 0xE0,
    0x71, 0xC0, 0xE3, 0x83, 0xC7, 0x87, 0xFF, 0x1F, 0xFF, 0x3F, 0xFE, 0x70, 0x1D, 0xE0, 0x3F, 0x80,
    0x38, 0x03, 0x80, 0x0D, 0x80, 0x1B, 0x00, 0x3E, 0x00, 0x7C, 0x00, 0xF8, 0x03, 0xF8, 0x07, 0x70,
    0x0E, 0xE0, 0x3D, 0xE0, 0x71, 0xC1, 0xE3, 0x83, 0xC7, 0x87, 0xFF, 0x1F, 0xFF, 0x3F, 0xFE, 0x70,
    0x1D, 0xE0, 0x3F, 0x80, 0x38, 0x00, 0xFF, 0xF0, 0x1F, 0xFF, 0x01, 0xFF, 0xF0, 0x3F, 0x80, 0x03,
    0xB8, 0x00, 0x7B, 0x80, 0x07, 0x3F, 0xE0, 0xF3, 0xFE, 0x0E, 0x3F, 0xE1, 0xFF, 0x80, 0x3F, 0xF8,
    0x03, 0xFF, 0x80, 0x78, 0x3F, 0xF7, 0x03, 0xFF, 0xF0, 0x3F, 0xF0, 0x0F, 0xE1, 0xFF, 0x3F, 0xF7,
    0x82, 0xF0, 0x0E, 0x00, 0xE0, 0x0E, 0x00, 0xE0, 0x0E, 0x00, 0xF0, 0x07, 0x82, 0x7F, 0xF3, 0xFF,
    0x0F, 0xE0, 0x70, 0x03, 0x80, 0x18, 0x07, 0x80, 0x70, 0x08, 0x06, 0x01, 0xC0, 0x38, 0x02, 0x00,
    0x0F, 0xFF, 0xFF, 0xFF, 0xF8, 0x0E, 0x03, 0x80, 0xFF, 0xBF, 0xEF, 0xFB, 0x80, 0xE0, 0x38, 0x0F,
    0xFF, 0xFF, 0xFF, 0xC0, 0x02, 0x01, 0x80, 0xE0, 0x70, 0x08, 0x00, 0x0F, 0xFF, 0xFF, 0xFF, 0xF8,
    0x0E, 0x03, 0x80, 0xFF, 0xBF, 0xEF, 0xFB, 0x80, 0xE0, 0x38, 0x0F, 0xFF, 0xFF, 0xFF, 0xC0, 0x08,
    0x07, 0x83, 0xF0, 0xCC, 0x21, 0x00, 0x0F, 0xFF, 0xFF, 0xFF, 0xF8, 0x0E, 0x03, 0x80, 0xFF, 0xBF,
    0xEF, 0xFB, 0x80, 0xE0, 0x38, 0x0F, 0xFF, 0xFF, 0xFF, 0xC0, 0x77, 0x1D, 0xC7, 0x70, 0x00, 0xFF,
    0xFF, 0xFF, 0xFF, 0x80, 0xE0, 0x38, 0x0F, 0xFB, 0xFE, 0xFF, 0xB8, 0x0E, 0x03, 0x80, 0xFF, 0xFF,
    0xFF, 0xFC, 0x43, 0x1C, 0x71, 0x81, 0xCE, 0x73, 0x9C, 0xE7, 0x39, 0xCE, 0x73, 0x9C, 0xE7, 0x00,
    0x10, 0x63, 0x9C, 0x60, 0x07, 0x1C, 0x71, 0xC7, 0x1C, 0x71, 0xC7, 0x1C, 0x71, 0xC7, 0x1C, 0x70,
    0x10, 0x71, 0xF7, 0x74, 0x40, 0x0E, 0x1C, 0x38, 0x70, 0xE1, 0xC3, 0x87, 0x0E, 0x1C, 0x38, 0x70,
    0xE1, 0xC3, 0x80, 0xCD, 0xDF, 0x30, 0x03, 0x87, 0x0E, 0x1C, 0x38, 0x70, 0xE1, 0xC3, 0x87, 0x0E,
    0x1C, 0x38, 0x70, 0xE0, 0x3F, 0xC0, 0xFF, 0xC3, 0xFF, 0x8E, 0x1E, 0x38, 0x3C, 0xE0, 0x7F, 0xF1,
    0xFF, 0xC7, 0x38, 0x1C, 0xE0, 0x73, 0x83, 0xCE, 0x1E, 0x3F, 0xF0, 0xFF, 0x83, 0xFC, 0x00, 0x1C,
    0x83, 0xFC, 0x13, 0x80, 0x00, 0xE0, 0x7F, 0x07, 0xF8, 0x7F, 0x87, 0xFC, 0x7F, 0xE7, 0xEE, 0x7E,
    0x77, 0xE3, 0xFE, 0x3F, 0xE1, 0xFE, 0x0F, 0xE0, 0xFE, 0x07, 0xE0, 0x70, 0x02, 0x00, 0x06, 0x00,
    0x0E, 0x00, 0x0E, 0x00, 0x0C, 0x00, 0x00, 0x01, 0xF0, 0x0F, 0xF8, 0x3F, 0xF8, 0xF0, 0x79, 0xC0,
    0x7F, 0x00, 0x7E, 0x00, 0xFC, 0x01, 0xF8, 0x03, 0xF0, 0x07, 0xF0, 0x1E, 0xF0, 0x78, 0xFF, 0xE0,
    0xFF, 0x80, 0x7E, 0x00, 0x00, 0x80, 0x01, 0x80, 0x07, 0x00, 0x1C, 0x00, 0x20, 0x00, 0x00, 0x01,
    0xF0, 0x0F, 0xF8, 0x3F, 0xF8, 0xF0, 0x79, 0xC0, 0x7F, 0x00, 0x7E, 0x00, 0xFC, 0x01, 0xF8, 0x03,
    0xF0, 0x07, 0xF0, 0x1E, 0xF0, 0x78, 0xFF, 0xE0, 0xFF, 0x80, 0x7E, 0x00, 0x01, 0x00, 0x07, 0x00,
    0x1F, 0x00, 0x77, 0x00, 0x44, 0x00, 0x00, 0x01, 0xF0, 0x0F, 0xF8, 0x3F, 0xF8, 0xF0, 0x79, 0xC0,
    0x7F, 0x00, 0x7E, 0x00, 0xFC, 0x01, 0xF8, 0x03, 0xF0, 0x07, 0xF0, 0x1E, 0xF0, 0x78, 0xFF, 0xE0,
    0xFF, 0x80, 0x7E, 0x00, 0x06, 0x20, 0x1F, 0xC0, 0x27, 0x00, 0x00, 0x00, 0x7C, 0x03, 0xFE, 0x0F,
    0xFE, 0x3C, 0x1E, 0x70, 0x1F, 0xC0, 0x1F, 0x80, 0x3F, 0x00, 0x7E, 0x00, 0xFC, 0x01, 0xFC, 0x07,
    0xBC, 0x1E, 0x3F, 0xF8, 0x3F, 0xE0, 0x1F, 0x80, 0x0C, 0xC0, 0x1D, 0xC0, 0x33, 0x00, 0x00, 0x00,
    0x7C, 0x03, 0xFE, 0x0F, 0xFE, 0x3C, 0x1E, 0x70, 0x1F, 0xC0, 0x1F, 0x80, 0x3F, 0x00, 0x7E, 0x00,
    0xFC, 0x01, 0xFC, 0x07, 0xBC, 0x1E, 0x3F, 0xF8, 0x3F, 0xE0, 0x1F, 0x80, 0x40, 0xBC, 0xF7, 0xF8,
    0xFC, 0x1E, 0x0F, 0xC7, 0xFB, 0xCF, 0x40, 0x80, 0x00, 0x00, 0x0F, 0x98, 0x7F, 0xF1, 0xFF, 0xC7,
    0x87, 0xCE, 0x1F, 0xF8, 0x3F, 0xF0, 0xE7, 0xE3, 0x8F, 0xCE, 0x1F, 0xF8, 0x3F, 0xE0, 0xF7, 0xC3,
    0xC7, 0xFF, 0x1F, 0xFC, 0x37, 0xF0, 0x00, 0x00, 0x10, 0x07, 0x00, 0x70, 0x07, 0x00, 0x40, 0x00,
    0x38, 0x3F, 0x07, 0xE0, 0xFC, 0x1F, 0x83, 0xF0, 0x7E, 0x0F, 0xC1, 0xF8, 0x3F, 0x07, 0xE0, 0xFE,
    0x3D, 0xFF, 0x3F, 0xE1, 0xF0, 0x01, 0x00, 0x60, 0x1C, 0x07, 0x00, 0x40, 0x00, 0x38, 0x3F, 0x07,
    0xE0, 0xFC, 0x1F, 0x83, 0xF0, 0x7E, 0x0F, 0xC1, 0xF8, 0x3F, 0x07, 0xE0, 0xFE, 0x3D, 0xFF, 0x3F,
    0xE1, 0xF0, 0x04, 0x01, 0xC0, 0x7C, 0x1D, 0xC1, 0x10, 0x00, 0x38, 0x3F, 0x07, 0xE0, 0xFC, 0x1F,
    0x83, 0xF0, 0x7E, 0x0F, 0xC1, 0xF8, 0x3F, 0x07, 0xE0, 0xFE, 0x3D, 0xFF, 0x3F, 0xE1, 0xF0, 0x33,
    0x07, 0x70, 0xCC, 0x00, 0x0E, 0x0F, 0xC1, 0xF8, 0x3F, 0x07, 0xE0, 0xFC, 0x1F, 0x83, 0xF0, 0x7E,
    0x0F, 0xC1, 0xF8, 0x3F, 0x8F, 0x7F, 0xCF, 0xF8, 0x7C, 0x00, 0x01, 0x00, 0x0C, 0x00, 0xE0, 0x0E,
    0x00, 0x60, 0x00, 0x03, 0xC1, 0xEE, 0x0E, 0x78, 0xF1, 0xC7, 0x0F, 0x78, 0x3B, 0x81, 0xFC, 0x07,
    0xC0, 0x1C, 0x00, 0xE0, 0x07, 0x00, 0x38, 0x01, 0xC0, 0x0E, 0x00, 0x70, 0x00, 0xE0, 0x1C, 0x03,
    0xFC, 0x7F, 0xEF, 0xFD, 0xC3, 0xF8, 0x3F, 0x07, 0xE1, 0xFF, 0xFB, 0xFF, 0x7F, 0x8E, 0x01, 0xC0,
    0x38, 0x00, 0x1F, 0x07, 0xF8, 0x7F, 0xCF, 0x1C, 0xE1, 0xCE, 0x3C, 0xE3, 0x8E, 0x70, 0xE7, 0x8E,
    0x7C, 0xE1, 0xEE, 0x07, 0xE0, 0x7E, 0x7F, 0xE7, 0xEE, 0x7C, 0x08, 0x06, 0x01, 0xC0, 0x38, 0x06,
    0x00, 0x07, 0xF1, 0xFE, 0x7F, 0xC0, 0x73, 0xFD, 0xFF, 0xE1, 0xF8, 0x7F, 0xFD, 0xFF, 0x3F, 0xC0,
    0x02, 0x01, 0xC0, 0xE0, 0x70, 0x08, 0x00, 0x07, 0xF1, 0xFE, 0x7F, 0xC0, 0x73, 0xFD, 0xFF, 0xE1,
    0xF8, 0x7F, 0xFD, 0xFF, 0x3F, 0xC0, 0x08, 0x07, 0x03, 0xE1, 0xDC, 0x22, 0x00, 0x07, 0xF1, 0xFE,
    0x7F, 0xC0, 0x73, 0xFD, 0xFF, 0xE1, 0xF8, 0x7F, 0xFD, 0xFF, 0x3F, 0xC0, 0x39, 0x1F, 0xC6, 0x70,
    0x00, 0x00, 0x1F, 0xC7, 0xF9, 0xFF, 0x01, 0xCF, 0xF7, 0xFF, 0x87, 0xE1, 0xFF, 0xF7, 0xFC, 0xFF,
    0x3B, 0x8E, 0xE3, 0xB8, 0x00, 0x00, 0x1F, 0xC7, 0xF9, 0xFF, 0x01, 0xCF, 0xF7, 0xFF, 0x87, 0xE1,
    0xFF, 0xF7, 0xFC, 0xFF, 0x0E, 0x07, 0xC3, 0xB0, 0xEC, 0x1F, 0x03, 0x80, 0x01, 0xFC, 0x7F, 0x9F,
    0xF0, 0x1C, 0xFF, 0x7F, 0xF8, 0x7E, 0x1F, 0xFF, 0x7F, 0xCF, 0xF0, 0x7E, 0x7C, 0x7F, 0xFE, 0x7F,
    0xFF, 0x03, 0x87, 0x3F, 0xFF, 0x7F, 0xFF, 0xE3, 0x80, 0xE3, 0xC0, 0xFF, 0xFE, 0x7F, 0xFE, 0x3E,
    0x7E, 0x1F, 0x1F, 0xDF, 0xDE, 0x0E, 0x07, 0x03, 0x81, 0xE0, 0x7F, 0x9F, 0xC3, 0xE3, 0x80, 0x60,
    0xF0, 0xF0, 0x10, 0x0E, 0x01, 0xC0, 0x38, 0x04, 0x00, 0x01, 0xF1, 0xFE, 0x7F, 0xF8, 0x7F, 0xFF,
    0xFF, 0xE0, 0x3C, 0x27, 0xF9, 0xFE, 0x1F, 0x80, 0x04, 0x01, 0x80, 0xE0, 0x70, 0x10, 0x00, 0x01,
    0xF1, 0xFE, 0x7F, 0xF8, 0x7F, 0xFF, 0xFF, 0xE0, 0x3C, 0x27, 0xF9, 0xFE, 0x1F, 0x80, 0x04, 0x03,
    0x81, 0xF0, 0xEE, 0x11, 0x00, 0x01, 0xF1, 0xFE, 0x7F, 0xF8, 0x7F, 0xFF, 0xFF, 0xE0, 0x3C, 0x27,
    0xF9, 0xFE, 0x1F, 0x80, 0x33, 0x0E, 0xE3, 0x30, 0x00, 0x00, 0x07, 0xC7, 0xF9, 0xFF, 0xE1, 0xFF,
    0xFF, 0xFF, 0x80, 0xF0, 0x9F, 0xE7, 0xF8, 0x7E, 0x47, 0x1C, 0x71, 0x01, 0xCE, 0x73, 0x9C, 0xE7,
    0x39, 0xCE, 0x70, 0x11, 0xCE, 0xE4, 0x01, 0xCE, 0x73, 0x9C, 0xE7, 0x39, 0xCE, 0x70, 0x10, 0x71,
    0xF7, 0x74, 0x40, 0x0E, 0x1C, 0x38, 0x70, 0xE1, 0xC3, 0x87, 0x0E, 0x1C, 0x38, 0x67, 0xDD, 0x98,
    0x00, 0x07, 0x0E, 0x1C, 0x38, 0x70, 0xE1, 0xC3, 0x87, 0x0E, 0x1C, 0x06, 0x01, 0xFC, 0x1F, 0x87,
    0xE0, 0x9C, 0x03, 0x87, 0xFB, 0xFF, 0x7F, 0xFE, 0x1F, 0x83, 0xF0, 0x7F, 0x1C, 0xFF, 0x9F, 0xE0,
    0xF8, 0x39, 0x8F, 0xE2, 0x70, 0x00, 0x00, 0x3F, 0xCF, 0xFB, 0xFF, 0xE3, 0xF8, 0x7E, 0x1F, 0x87,
    0xE1, 0xF8, 0x7E, 0x1F, 0x87, 0x10, 0x03, 0x00, 0x70, 0x07, 0x00, 0x60, 0x00, 0x07, 0xC1, 0xFC,
    0x7F, 0xDE, 0x3F, 0x83, 0xF0, 0x7E, 0x0F, 0xE3, 0xDF, 0xF1, 0xFC, 0x1F, 0x00, 0x02, 0x00, 0x60,
    0x1C, 0x07, 0x00, 0xC0, 0x00, 0x07, 0xC1, 0xFC, 0x7F, 0xDE, 0x3F, 0x83, 0xF0, 0x7E, 0x0F, 0xE3,
    0xDF, 0xF1, 0xFC, 0x1F, 0x00, 0x04, 0x01, 0xC0, 0x7C, 0x1D, 0xC1, 0x10, 0x00, 0x07, 0xC1, 0xFC,
    0x7F, 0xDE, 0x3F, 0x83, 0xF0, 0x7E, 0x0F, 0xE3, 0xDF, 0xF1, 0xFC, 0x1F, 0x00, 0x18, 0x87, 0xF0,
    0x9C, 0x00, 0x00, 0x00, 0x3E, 0x0F, 0xE3, 0xFE, 0xF1, 0xFC, 0x1F, 0x83, 0xF0, 0x7F, 0x1E, 0xFF,
    0x8F, 0xE0, 0xF8, 0x33, 0x07, 0x70, 0xCC, 0x00, 0x00, 0x00, 0x3E, 0x0F, 0xE3, 0xFE, 0xF1, 0xFC,
    0x1F, 0x83, 0xF0, 0x7F, 0x1E, 0xFF, 0x8F, 0xE0, 0xF8, 0x0C, 0x07, 0x81, 0xE0, 0x30, 0x00, 0x3F,
    0xFF, 0xFF, 0xFF, 0x00, 0x03, 0x01, 0xE0, 0x78, 0x0C, 0x00, 0x00, 0x03, 0xFC, 0xFF, 0x3F, 0xEF,
    0x3F, 0xCD, 0xFB, 0xBF, 0xE7, 0xF9, 0xEF, 0xF9, 0xFE, 0x7F, 0x80, 0x00, 0x10, 0x0E, 0x03, 0x80,
    0x70, 0x04, 0x00, 0x0E, 0x1F, 0x87, 0xE1, 0xF8, 0x7E, 0x1F, 0x87, 0xE1, 0xFC, 0x7F, 0xFD, 0xFF,
    0x3F, 0xC0, 0x04, 0x01, 0x80, 0xE0, 0x70, 0x10, 0x00, 0x0E, 0x1F, 0x87, 0xE1, 0xF8, 0x7E, 0x1F,
    0x87, 0xE1, 0xFC, 0x7F, 0xFD, 0xFF, 0x3F, 0xC0, 0x04, 0x03, 0x81, 0xF0, 0xEE, 0x11, 0x00, 0x0E,
    0x1F, 0x87, 0xE1, 0xF8, 0x7E, 0x1F, 0x87, 0xE1, 0xFC, 0x7F, 0xFD, 0xFF, 0x3F, 0xC0, 0x33, 0x0E,
    0xE3, 0x30, 0x00, 0x00, 0x38, 0x7E, 0x1F, 0x87, 0xE1, 0xF8, 0x7E, 0x1F, 0x87, 0xF1, 0xFF, 0xF7,
    0xFC, 0xFF, 0x01, 0x00, 0x60, 0x1C, 0x07, 0x00, 0xC0, 0x00, 0x38, 0x3F, 0x8F, 0x71, 0xCE, 0x39,
    0xE7, 0x1D, 0xC3, 0xB8, 0x7E, 0x07, 0xC0, 0xF8, 0x0E, 0x03, 0xC3, 0xF0, 0x7E, 0x0F, 0x80, 0xE0,
    0x1C, 0x03, 0x80, 0x70, 0x0E, 0x01, 0xFE, 0x3F, 0xE7, 0xFE, 0xE1, 0xFC, 0x1F, 0x83, 0xF0, 0x7E,
    0x1F, 0xFF, 0xBF, 0xF7, 0xF8, 0xE0, 0x1C, 0x03, 0x80, 0x70, 0x00, 0x19, 0x87, 0x70, 0x66, 0x00,
    0x00, 0x01, 0xC1, 0xFC, 0x7B, 0x8E, 0x71, 0xCF, 0x38, 0xEE, 0x1D, 0xC3, 0xF0, 0x3E, 0x07, 0xC0,
    0x70, 0x1E, 0x1F, 0x83, 0xF0, 0x7C, 0x00, 0x0F, 0xE0, 0x1F, 0xC0, 0x00, 0x00, 0x3E, 0x00, 0x7C,
    0x01, 0xFC, 0x03, 0xB8, 0x07, 0x70, 0x1E, 0xF0, 0x38, 0xE0, 0x71, 0xC1, 0xE3, 0xC3, 0xFF, 0x8F,
    0xFF, 0x9F, 0xFF, 0x38, 0x0E, 0xF0, 0x1F, 0xC0, 0x1C, 0x3F, 0x8F, 0xE0, 0x00, 0x00, 0x7F, 0x1F,
    0xE7, 0xFC, 0x07, 0x3F, 0xDF, 0xFE, 0x1F, 0x87, 0xFF, 0xDF, 0xF3, 0xFC, 0x0E, 0x60, 0x0F, 0xC0,
    0x0F, 0x00, 0x00, 0x00, 0x7C, 0x00, 0xF8, 0x03, 0xF8, 0x07, 0x70, 0x0E, 0xE0, 0x3D, 0xE0, 0x71,
    0xC0, 0xE3, 0x83, 0xC7, 0x87, 0xFF, 0x1F, 0xFF, 0x3F, 0xFE, 0x70, 0x1D, 0xE0, 0x3F, 0x80, 0x38,
    0x33, 0x0F, 0xC1, 0xE0, 0x00, 0x00, 0x1F, 0xC7, 0xF9, 0xFF, 0x01, 0xCF, 0xF7, 0xFF, 0x87, 0xE1,
    0xFF, 0xF7, 0xFC, 0xFF, 0x07, 0xC0, 0x0F, 0x80, 0x3F, 0x80, 0x77, 0x00, 0xEE, 0x03, 0xDE, 0x07,
    0x1C, 0x1E, 0x3C, 0x3C, 0x78, 0x7F, 0xF1, 0xFF, 0xF3, 0xFF, 0xE7, 0x01, 0xDE, 0x03, 0xF8, 0x03,
    0x80, 0x0E, 0x00, 0x18, 0x00, 0x70, 0x00, 0xF8, 0x00, 0xF0, 0x7F, 0x1F, 0xE7, 0xFC, 0x07, 0x3F,
    0xDF, 0xFE, 0x1F, 0x87, 0xFF, 0xDF, 0xF3, 0xFC, 0x0E, 0x07, 0x01, 0xF0, 0x3C, 0x01, 0x00, 0x18,
    0x03, 0x80, 0x70, 0x06, 0x00, 0x00, 0x0F, 0xE1, 0xFF, 0x3F, 0xF7, 0x82, 0xF0, 0x0E, 0x00, 0xE0,
    0x0E, 0x00, 0xE0, 0x0E, 0x00, 0xF0, 0x07, 0x82, 0x7F, 0xF3, 0xFF, 0x0F, 0xE0, 0x01, 0x01, 0x81,
    0xC1, 0xC0, 0xC0, 0x00, 0x7E, 0x7F, 0x7F, 0xF8, 0x38, 0x1C, 0x0E, 0x07, 0x81, 0xFE, 0xFF, 0x1F,
    0x80, 0x01, 0x00, 0x38, 0x07, 0xC0, 0xEE, 0x04, 0x40, 0x00, 0x0F, 0xE1, 0xFF, 0x3F, 0xF7, 0x82,
    0xF0, 0x0E, 0x00, 0xE0, 0x0E, 0x00, 0xE0, 0x0E, 0x00, 0xF0, 0x07, 0x82, 0x7F, 0xF3, 0xFF, 0x0F,
    0xE0, 0x04, 0x07, 0x07, 0xC7, 0x71, 0x10, 0x00, 0x7E, 0x7F, 0x7F, 0xF8, 0x38, 0x1C, 0x0E, 0x07,
    0x81, 0xFE, 0xFF, 0x1F, 0x80, 0x03, 0x00, 0x38, 0x03, 0x00, 0x00, 0x0F, 0xE1, 0xFF, 0x3F, 0xF7,
    0x82, 0xF0, 0x0E, 0x00, 0xE0, 0x0E, 0x00, 0xE0, 0x0E, 0x00, 0xF0, 0x07, 0x82, 0x7F, 0xF3, 0xFF,
    0x0F, 0xE0, 0x0C, 0x07, 0x03, 0x00, 0x00, 0x00, 0xFC, 0xFE, 0xFF, 0xF0, 0x70, 0x38, 0x1C, 0x0F,
    0x03, 0xFD, 0xFE, 0x3F, 0x04, 0x40, 0xEE, 0x07, 0xC0, 0x38, 0x01, 0x00, 0x00, 0x0F, 0xE1, 0xFF,
    0x3F, 0xF7, 0x82, 0xF0, 0x0E, 0x00, 0xE0, 0x0E, 0x00, 0xE0, 0x0E, 0x00, 0xF0, 0x07, 0x82, 0x7F,
    0xF3, 0xFF, 0x0F, 0xE0, 0x11, 0x1D, 0xC7, 0xC1, 0xC0, 0x40, 0x00, 0x7E, 0x7F, 0x7F, 0xF8, 0x38,
    0x1C, 0x0E, 0x07, 0x81, 0xFE, 0xFF, 0x1F, 0x80, 0x11, 0x03, 0xB8, 0x1F, 0x00, 0xE0, 0x04, 0x00,
    0x00, 0xFF, 0x0F, 0xFC, 0xFF, 0xEE, 0x1E, 0xE0, 0xFE, 0x07, 0xE0, 0x7E, 0x07, 0xE0, 0x7E, 0x07,
    0xE0, 0xFE, 0x1E, 0xFF, 0xCF, 0xF8, 0xFF, 0x00, 0x00, 0xEE, 0x01, 0xDC, 0x03, 0xB0, 0x07, 0x60,
    0x0E, 0xC3, 0xFC, 0x1F, 0xF8, 0x3F, 0xF0, 0xF0, 0xE1, 0xC1, 0xC3, 0x83, 0x87, 0x07, 0x0F, 0x0E,
    0x0F, 0xFC, 0x0F, 0xF8, 0x0F, 0xF0, 0x3F, 0xC0, 0xFF, 0xC3, 0xFF, 0x8E, 0x1E, 0x38, 0x3C, 0xE0,
    0x7F, 0xF1, 0xFF, 0xC7, 0x38, 0x1C, 0xE0, 0x73, 0x83, 0xCE, 0x1E, 0x3F, 0xF0, 0xFF, 0x83, 0xFC,
    0x00, 0x00, 0xE0, 0x7F, 0x07, 0xF0, 0x0E, 0x00, 0xE1, 0xFE, 0x7F, 0xE7, 0xFE, 0xF0, 0xEE, 0x0E,
    0xE0, 0xEE, 0x0E, 0xF0, 0xE7, 0xFE, 0x3F, 0xE1, 0xFE, 0x3F, 0x8F, 0xE0, 0x03, 0xFF, 0xFF, 0xFF,
    0xFE, 0x03, 0x80, 0xE0, 0x3F, 0xEF, 0xFB, 0xFE, 0xE0, 0x38, 0x0E, 0x03, 0xFF, 0xFF, 0xFF, 0xF0,
    0x7F, 0x1F, 0xC0, 0x00, 0x00, 0x1F, 0x1F, 0xE7, 0xFF, 0x87, 0xFF, 0xFF, 0xFE, 0x03, 0xC2, 0x7F,
    0x9F, 0xE1, 0xF8, 0x73, 0x0F, 0xC1, 0xE0, 0x00, 0xFF, 0xFF, 0xFF, 0xFF, 0x80, 0xE0, 0x38, 0x0F,
    0xFB, 0xFE, 0xFF, 0xB8, 0x0E, 0x03, 0x80, 0xFF, 0xFF, 0xFF, 0xFC, 0x31, 0x8F, 0xC1, 0xE0, 0x00,
    0x00, 0x07, 0xC7, 0xF9, 0xFF, 0xE1, 0xFF, 0xFF, 0xFF, 0x80, 0xF0, 0x9F, 0xE7, 0xF8, 0x7E, 0x0C,
    0x07, 0x00, 0xC0, 0x00, 0xFF, 0xFF, 0xFF, 0xFF, 0x80, 0xE0, 0x38, 0x0F, 0xFB, 0xFE, 0xFF, 0xB8,
    0x0E, 0x03, 0x80, 0xFF, 0xFF, 0xFF, 0xFC, 0x0C, 0x03, 0x80, 0xC0, 0x00, 0x00, 0x07, 0xC7, 0xF9,
    0xFF, 0xE1, 0xFF, 0xFF, 0xFF, 0x80, 0xF0, 0x9F, 0xE7, 0xF8, 0x7E, 0xFF, 0xFF, 0xFF, 0xFF, 0x80,
    0xE0, 0x38, 0x0F, 0xFB, 0xFE, 0xFF, 0xB8, 0x0E, 0x03, 0x80, 0xFF, 0xFF, 0xFF, 0xFC, 0x0F, 0x03,
    0x01, 0xC0, 0x7C, 0x0F, 0x1F, 0x1F, 0xE7, 0xFF, 0x87, 0xFF, 0xFF, 0xFE, 0x03, 0xC2, 0x7F, 0x9F,
    0xE3, 0xF8, 0x1C, 0x0E, 0x03, 0xE0, 0x78, 0x21, 0x0C, 0xC3, 0xF0, 0x78, 0x08, 0x00, 0x0F, 0xFF,
    0xFF, 0xFF, 0xF8, 0x0E, 0x03, 0x80, 0xFF, 0xBF, 0xEF, 0xFB, 0x80, 0xE0, 0x38, 0x0F, 0xFF, 0xFF,
    0xFF, 0xC0, 0x11, 0x0E, 0xE1, 0xF0, 0x38, 0x04, 0x00, 0x01, 0xF1, 0xFE, 0x7F, 0xF8, 0x7F, 0xFF,
    0xFF, 0xE0, 0x3C, 0x27, 0xF9, 0xFE, 0x1F, 0x80, 0x02, 0x00, 0x70, 0x0F, 0x81, 0xDC, 0x08, 0x80,
    0x00, 0x0F, 0xE1, 0xFF, 0x3F, 0xF7, 0x82, 0xF0, 0x0E, 0x00, 0xE0, 0x0E, 0x07, 0xE0, 0x7E, 0x07,
    0xF0, 0x77, 0x87, 0x7F, 0xF3, 0xFF, 0x0F, 0xE0, 0x18, 0x0F, 0x07, 0xE1, 0x98, 0x42, 0x00, 0x01,
    0xFD, 0xFF, 0x7F, 0xFC, 0x7E, 0x1F, 0x87, 0xF1, 0xFF, 0xF7, 0xFC, 0xFF, 0x01, 0xC0, 0xF7, 0xF9,
    0xFE, 0x7E, 0x00, 0x0C, 0x60, 0xFC, 0x07, 0x80, 0x00, 0x0F, 0xE1, 0xFF, 0x3F, 0xF7, 0x82, 0xF0,
    0x0E, 0x00, 0xE0, 0x0E, 0x07, 0xE0, 0x7E, 0x07, 0xF0, 0x77, 0x87, 0x7F, 0xF3, 0xFF, 0x0F, 0xE0,
    0x1C, 0xC3, 0xF0, 0x78, 0x00, 0x00, 0x07, 0xF7, 0xFD, 0xFF, 0xF1, 0xF8, 0x7E, 0x1F, 0xC7, 0xFF,
    0xDF, 0xF3, 0xFC, 0x07, 0x03, 0xDF, 0xE7, 0xF9, 0xF8, 0x03, 0x00, 0x38, 0x03, 0x00, 0x00, 0x0F,
    0xE1, 0xFF, 0x3F, 0xF7, 0x82, 0xF0, 0x0E, 0x00, 0xE0, 0x0E, 0x07, 0xE0, 0x7E, 0x07, 0xF0, 0x77,
    0x87, 0x7F, 0xF3, 0xFF, 0x0F, 0xE0, 0x18, 0x07, 0x01, 0x80, 0x00, 0x00, 0x07, 0xE7, 0xF9, 0xFE,
    0xF1, 0xB8, 0x6E, 0x1F, 0xC7, 0xFF, 0xDF, 0xF3, 0xFC, 0x07, 0x03, 0xDF, 0xE7, 0xF9, 0xF8, 0x0F,
    0xE1, 0xFF, 0x3F, 0xF7, 0x82, 0xF0, 0x0E, 0x00, 0xE0, 0x0E, 0x07, 0xE0, 0x7E, 0x07, 0xF0, 0x77,
    0x87, 0x7F, 0xF3, 0xFF, 0x0F, 0xE0, 0x00, 0x07, 0x00, 0x70, 0x0F, 0x00, 0xE0, 0x03, 0x01, 0xE0,
    0xF0, 0x38, 0x00, 0x00, 0x01, 0xFD, 0xFF, 0x7F, 0xFC, 0x7E, 0x1F, 0x87, 0xF1, 0xFF, 0xF7, 0xFC,
    0xFF, 0x01, 0xC0, 0xF7, 0xF9, 0xFE, 0x7E, 0x00, 0x04, 0x03, 0xC0, 0xFC, 0x19, 0x82, 0x10, 0x00,
    0x38, 0x3F, 0x07, 0xE0, 0xFC, 0x1F, 0x83, 0xF0, 0x7F, 0xFF, 0xFF, 0xFF, 0xFF, 0x07, 0xE0, 0xFC,
    0x1F, 0x83, 0xF0, 0x7E, 0x0E, 0x18, 0x0F, 0xC1, 0x98, 0x00, 0x07, 0x00, 0xE0, 0x1C, 0x03, 0x80,
    0x70, 0x0F, 0xF1, 0xFF, 0x3F, 0xF7, 0x1E, 0xE1, 0xDC, 0x3B, 0x87, 0x70, 0xEE, 0x1D, 0xC3, 0xB8,
    0x70, 0x38, 0x1C, 0x38, 0x1C, 0xFF, 0xFF, 0xFF, 0xFF, 0x38, 0x1C, 0x38, 0x1C, 0x3F, 0xFC, 0x3F,
    0xFC, 0x3F, 0xFC, 0x38, 0x1C, 0x38, 0x1C, 0x38, 0x1C, 0x38, 0x1C, 0x38, 0x1C, 0x38, 0x1C, 0x70,
    0x0E, 0x03, 0xF8, 0x7F, 0x07, 0x00, 0xFF, 0x1F, 0xF3, 0xFF, 0x71, 0xEE, 0x1D, 0xC3, 0xB8, 0x77,
    0x0E, 0xE1, 0xDC, 0x3B, 0x87, 0x31, 0x7F, 0x4E, 0x00, 0x1C, 0x1C, 0x1C, 0x1C, 0x1C, 0x1C, 0x1C,
    0x1C, 0x1C, 0x1C, 0x1C, 0x1C, 0x1C, 0x1C, 0x1C, 0x72, 0xFF, 0x4E, 0x00, 0x00, 0x1C, 0x1C, 0x1C,
    0x1C, 0x1C, 0x1C, 0x1C, 0x1C, 0x1C, 0x1C, 0x1C, 0xFF, 0xFC, 0x01, 0xC3, 0x87, 0x0E, 0x1C, 0x38,
    0x70, 0xE1, 0xC3, 0x87, 0x0E, 0x1C, 0x38, 0x70, 0xFF, 0xFC, 0x00, 0x03, 0x87, 0x0E, 0x1C, 0x38,
    0x70, 0xE1, 0xC3, 0x87, 0x0E, 0x00, 0xC6, 0xFC, 0xF0, 0x03, 0x87, 0x0E, 0x1C, 0x38, 0x70, 0xE1,
    0xC3, 0x87, 0x0E, 0x1C, 0x38, 0x70, 0xE0, 0xC7, 0xF9, 0xE0, 0x00, 0x07, 0x0E, 0x1C, 0x38, 0x70,
    0xE1, 0xC3, 0x87, 0x0E, 0x1C, 0x73, 0x9C, 0xE7, 0x39, 0xCE, 0x73, 0x9C, 0xE7, 0x39, 0xCE, 0xE7,
    0x3E, 0xF0, 0x73, 0x9C, 0xE0, 0x39, 0xCE, 0x73, 0x9C, 0xE7, 0x39, 0xCE, 0x77, 0x39, 0xF7, 0x80,
    0xDF, 0x0F, 0xFF, 0xFF, 0xFF, 0xFF, 0xFF, 0x80, 0xFF, 0xFF, 0xFF, 0xFF, 0x80, 0xE0, 0x1F, 0x80,
    0x7E, 0x01, 0xF8, 0x07, 0xE0, 0x1F, 0x80, 0x7E, 0x01, 0xF8, 0x07, 0xE0, 0x1F, 0x80, 0x7E, 0x03,
    0xF9, 0x0E, 0xE7, 0xFB, 0x9F, 0xCE, 0x3E, 0x00, 0xE3, 0xF1, 0xF8, 0xFC, 0x70, 0x07, 0x1F, 0x8F,
    0xC7, 0xE3, 0xF1, 0xF8, 0xFC, 0x7E, 0x3F, 0x1F, 0x8F, 0xC7, 0x03, 0x8F, 0xC7, 0xC3, 0xC0, 0x01,
    0x00, 0x70, 0x1F, 0x07, 0x70, 0x44, 0x00, 0x00, 0xE0, 0x1C, 0x03, 0x80, 0x70, 0x0E, 0x01, 0xC0,
    0x38, 0x07, 0x00, 0xE0, 0x1C, 0x03, 0x88, 0xF1, 0xFE, 0x7F, 0x87, 0xE0, 0x08, 0x1C, 0x3E, 0x77,
    0x22, 0x00, 0x1C, 0x1C, 0x1C, 0x1C, 0x1C, 0x1C, 0x1C, 0x1C, 0x1C, 0x1C, 0x1C, 0x1C, 0xFC, 0xF8,
    0xF0, 0xE0, 0xFE, 0x1E, 0xE3, 0xCE, 0x78, 0xEF, 0x0F, 0xE0, 0xFC, 0x0F, 0xE0, 0xEE, 0x0E, 0x70,
    0xE7, 0x8E, 0x3C, 0xE1, 0xCE, 0x1E, 0xE0, 0xF0, 0x00, 0x07, 0x00, 0xF0, 0x1E, 0x01, 0xC0, 0xE0,
    0x1C, 0x03, 0x80, 0x70, 0x0E, 0x01, 0xC7, 0xB9, 0xE7, 0x78, 0xFE, 0x1F, 0x83, 0xF8, 0x77, 0x8E,
    0x79, 0xC7, 0x38, 0x77, 0x0F, 0x00, 0x03, 0x80, 0x70, 0x1E, 0x03, 0x80, 0xE3, 0xDC, 0xF3, 0xBC,
    0x7F, 0x0F, 0xC1, 0xF8, 0x3B, 0x87, 0x78, 0xE7, 0x9C, 0x7B, 0x87, 0x80, 0x10, 0x0E, 0x07, 0x03,
    0x80, 0x40, 0x00, 0x0E, 0x03, 0x80, 0xE0, 0x38, 0x0E, 0x03, 0x80, 0xE0, 0x38, 0x0E, 0x03, 0x80,
    0xE0, 0x38, 0x0F, 0xFF, 0xFF, 0xFF, 0xC0, 0x09, 0xFE, 0x80, 0x73, 0x9C, 0xE7, 0x39, 0xCE, 0x73,
    0x9C, 0xE7, 0x3F, 0xF3, 0x80, 0xE0, 0x38, 0x0E, 0x03, 0x80, 0xE0, 0x38, 0x0E, 0x03, 0x80, 0xE0,
    0x38, 0x0E, 0x03, 0x80, 0xFF, 0xFF, 0xFF, 0xFC, 0x00, 0x0E, 0x03, 0x83, 0xE0, 0xF0, 0x71, 0xC7,
    0x1C, 0x71, 0xC7, 0x1C, 0x71, 0xC7, 0x1C, 0x71, 0xF7, 0xC7, 0x00, 0xE7, 0xBC, 0xE0, 0xE0, 0x39,
    0xCE, 0x73, 0x9C, 0xE7, 0x39, 0xCE, 0x03, 0x80, 0xE0, 0x38, 0x0E, 0x03, 0x80, 0xFF, 0xFF, 0xFF,
    0xFC, 0xE7, 0xE7, 0xE7, 0xE7, 0xE7, 0xE0, 0xE0, 0xE0, 0xE0, 0xE0, 0xE0, 0xE0, 0xE0, 0xF8, 0xF8,
    0x38, 0xE0, 0x38, 0x0E, 0x03, 0x80, 0xE3, 0xB8, 0xFE, 0x3F, 0x8E, 0xE0, 0x38, 0x0E, 0x03, 0x80,
    0xFF, 0xFF, 0xFF, 0xFC, 0xE0, 0x38, 0x0E, 0x03, 0x80, 0xE0, 0x38, 0xEE, 0x3F, 0x8F, 0xE3, 0xB8,
    0x0E, 0x03, 0x80, 0xE0, 0x3E, 0x0F, 0x80, 0xE0, 0x38, 0x03, 0x80, 0x38, 0x03, 0x80, 0x3B, 0x03,
    0xF8, 0x3F, 0x07, 0xC0, 0xF8, 0x07, 0x80, 0x38, 0x03, 0x80, 0x3F, 0xF3, 0xFF, 0x3F, 0xF0, 0x38,
    0x70, 0xE1, 0xC3, 0xA7, 0xCF, 0xFC, 0xF8, 0x70, 0xE1, 0xC3, 0x87, 0xC7, 0x87, 0x01, 0x00, 0x38,
    0x07, 0x80, 0x60, 0x04, 0x00, 0x00, 0xE0, 0x7F, 0x07, 0xF8, 0x7F, 0x87, 0xFC, 0x7F, 0xE7, 0xEE,
    0x7E, 0x77, 0xE3, 0xFE, 0x3F, 0xE1, 0xFE, 0x0F, 0xE0, 0xFE, 0x07, 0xE0, 0x70, 0x04, 0x03, 0x81,
    0xE0, 0x60, 0x10, 0x00, 0x0F, 0xF3, 0xFE, 0xFF, 0xF8, 0xFE, 0x1F, 0x87, 0xE1, 0xF8, 0x7E, 0x1F,
    0x87, 0xE1, 0xC0, 0xE0, 0x7F, 0x07, 0xF8, 0x7F, 0x87, 0xFC, 0x7F, 0xE7, 0xEE, 0x7E, 0x77, 0xE3,
    0xFE, 0x3F, 0xE1, 0xFE, 0x0F, 0xE0, 0xFE, 0x07, 0xE0, 0x70, 0x00, 0x07, 0x00, 0x70, 0x0F, 0x00,
    0xE0, 0xFF, 0x3F, 0xEF, 0xFF, 0x8F, 0xE1, 0xF8, 0x7E, 0x1F, 0x87, 0xE1, 0xF8, 0x7E, 0x1C, 0x00,
    0x1C, 0x07, 0x03, 0xC0, 0xE0, 0x10, 0x81, 0x98, 0x1F, 0x80, 0xF0, 0x04, 0x00, 0x00, 0xE0, 0x7F,
    0x07, 0xF8, 0x7F, 0x87, 0xFC, 0x7F, 0xE7, 0xEE, 0x7E, 0x77, 0xE3, 0xFE, 0x3F, 0xE1, 0xFE, 0x0F,
    0xE0, 0xFE, 0x07, 0xE0, 0x70, 0x22, 0x1D, 0xC3, 0xE0, 0x70, 0x08, 0x00, 0x0F, 0xF3, 0xFE, 0xFF,
    0xF8, 0xFE, 0x1F, 0x87, 0xE1, 0xF8, 0x7E, 0x1F, 0x87, 0xE1, 0xC0, 0x70, 0x03, 0x80, 0x1C, 0x00,
    0xE0, 0x06, 0x00, 0x0F, 0xE0, 0x7F, 0xC3, 0xFE, 0x1C, 0x78, 0xE1, 0xC7, 0x0E, 0x38, 0x71, 0xC3,
    0x8E, 0x1C, 0x70, 0xE3, 0x87, 0xE0, 0x7F, 0x07, 0xF8, 0x7F, 0x87, 0xFC, 0x7F, 0xE7, 0xEE, 0x7E,
    0x77, 0xE3, 0xFE, 0x3F, 0xE1, 0xFE, 0x0F, 0xE0, 0xFE, 0x07, 0xE0, 0x70, 0x07, 0x03, 0xF0, 0x3E,
    0x03, 0xC0, 0xFF, 0x3F, 0xEF, 0xFF, 0x8F, 0xE1, 0xF8, 0x7E, 0x1F, 0x87, 0xE1, 0xF8, 0x7E, 0x1C,
    0x07, 0x01, 0xC3, 0xE0, 0xF0, 0x0F, 0xE0, 0x1F, 0xC0, 0x00, 0x00, 0x3E, 0x01, 0xFF, 0x07, 0xFF,
    0x1E, 0x0F, 0x38, 0x0F, 0xE0, 0x0F, 0xC0, 0x1F, 0x80, 0x3F, 0x00, 0x7E, 0x00, 0xFE, 0x03, 0xDE,
    0x0F, 0x1F, 0xFC, 0x1F, 0xF0, 0x0F, 0xC0, 0x3F, 0x87, 0xF0, 0x00, 0x00, 0x01, 0xF0, 0x7F, 0x1F,
    0xF7, 0x8F, 0xE0, 0xFC, 0x1F, 0x83, 0xF8, 0xF7, 0xFC, 0x7F, 0x07, 0xC0, 0x0C, 0x60, 0x1F, 0xC0,
    0x1F, 0x00, 0x00, 0x00, 0x7C, 0x03, 0xFE, 0x0F, 0xFE, 0x3C, 0x1E, 0x70, 0x1F, 0xC0, 0x1F, 0x80,
    0x3F, 0x00, 0x7E, 0x00, 0xFC, 0x01, 0xFC, 0x07, 0xBC, 0x1E, 0x3F, 0xF8, 0x3F, 0xE0, 0x1F, 0x80,
    0x31, 0x87, 0xF0, 0x7C, 0x00, 0x00, 0x00, 0x3E, 0x0F, 0xE3, 0xFE, 0xF1, 0xFC, 0x1F, 0x83, 0xF0,
    0x7F, 0x1E, 0xFF, 0x8F, 0xE0, 0xF8, 0x02, 0x20, 0x06, 0x60, 0x19, 0x80, 0x66, 0x00, 0x44, 0x00,
    0x00, 0x01, 0xF0, 0x0F, 0xF8, 0x3F, 0xF8, 0xF0, 0x79, 0xC0, 0x7F, 0x00, 0x7E, 0x00, 0xFC, 0x01,
    0xF8, 0x03, 0xF0, 0x07, 0xF0, 0x1E, 0xF0, 0x78, 0xFF, 0xE0, 0xFF, 0x80, 0x7E, 0x00, 0x08, 0x81,
    0x98, 0x66, 0x19, 0x81, 0x10, 0x00, 0x07, 0xC1, 0xFC, 0x7F, 0xDE, 0x3F, 0x83, 0xF0, 0x7E, 0x0F,
    0xE3, 0xDF, 0xF1, 0xFC, 0x1F, 0x00, 0x07, 0xFF, 0xE3, 0xFF, 0xFC, 0xFF, 0xFF, 0xBC, 0x38, 0x0F,
    0x07, 0x01, 0xC0, 0xE0, 0x38, 0x1F, 0xF7, 0x03, 0xFE, 0xE0, 0x7F, 0xDC, 0x0E, 0x03, 0xC1, 0xC0,
    0x3C, 0x38, 0x03, 0xFF, 0xFE, 0x3F, 0xFF, 0xC1, 0xFF, 0xF8, 0x1F, 0x1F, 0x0F, 0xEF, 0xE7, 0xFF,
    0xFF, 0xC7, 0x87, 0xE0, 0xFF, 0xF8, 0x3F, 0xFE, 0x0E, 0x03, 0xC7, 0xC2, 0x7F, 0xFF, 0x8F, 0xEF,
    0xE1, 0xF1, 0xF8, 0x02, 0x00, 0x70, 0x0E, 0x01, 0xC0, 0x08, 0x00, 0x00, 0xFF, 0x0F, 0xFC, 0xFF,
    0xCE, 0x1E, 0xE0, 0xEE, 0x0E, 0xE1, 0xEF, 0xFC, 0xFF, 0xCF, 0xF0, 0xE7, 0x8E, 0x3C, 0xE1, 0xCE,
    0x0E, 0xE0, 0xF0, 0x08, 0x38, 0x71, 0xC2, 0x00, 0x1F, 0xFF, 0xFF, 0xC3, 0x87, 0x0E, 0x1C, 0x38,
    0x70, 0xE0, 0xFF, 0x0F, 0xFC, 0xFF, 0xCE, 0x1E, 0xE0, 0xEE, 0x0E, 0xE1, 0xEF, 0xFC, 0xFF, 0xCF,
    0xF0, 0xE7, 0x8E, 0x3C, 0xE1, 0xCE, 0x0E, 0xE0, 0xF0, 0x00, 0x07, 0x00, 0x70, 0x0F, 0x00, 0xE0,
    0x1F, 0x9F, 0xCF, 0xE7, 0x03, 0x81, 0xC0, 0xE0, 0x70, 0x38, 0x1C, 0x0E, 0x00, 0x03, 0x81, 0xC3,
    0xE1, 0xE0, 0x21, 0x03, 0x30, 0x3F, 0x01, 0xE0, 0x0C, 0x0F, 0xF0, 0xFF, 0xCF, 0xFC, 0xE1, 0xEE,
    0x0E, 0xE0, 0xEE, 0x1E, 0xFF, 0xCF, 0xFC, 0xFF, 0x0E, 0x78, 0xE3, 0xCE, 0x1C, 0xE0, 0xEE, 0x0F,
    0x45, 0xDD, 0xF1, 0xC1, 0x00, 0x1F, 0xFF, 0xFF, 0xC3, 0x87, 0x0E, 0x1C, 0x38, 0x70, 0xE0, 0x02,
    0x01, 0x80, 0xE0, 0x70, 0x18, 0x00, 0x03, 0xF1, 0xFE, 0xFF, 0x38, 0x4E, 0x03, 0xC0, 0x7E, 0x0F,
    0xE0, 0xF8, 0x0F, 0x01, 0xD0, 0x7F, 0xFF, 0xFE, 0x7F, 0x00, 0x04, 0x0C, 0x1C, 0x38, 0x30, 0x00,
    0x3E, 0x7E, 0xFE, 0xE0, 0xFE, 0xFF, 0x7F, 0x87, 0xFF, 0xFE, 0xFC, 0x04, 0x03, 0x81, 0xF0, 0xEE,
    0x11, 0x00, 0x03, 0xF1, 0xFE, 0xFF, 0x38, 0x4E, 0x03, 0xC0, 0x7E, 0x0F, 0xE0, 0xF8, 0x0F, 0x01,
    0xD0, 0x7F, 0xFF, 0xFE, 0x7F, 0x00, 0x10, 0x38, 0x7C, 0xEE, 0x44, 0x00, 0x3E, 0x7E, 0xFE, 0xE0,
    0xFE, 0xFF, 0x7F, 0x87, 0xFF, 0xFE, 0xFC, 0x3F, 0x1F, 0xEF, 0xF3, 0x84, 0xE0, 0x3C, 0x07, 0xE0,
    0xFE, 0x0F, 0x80, 0xF0, 0x1D, 0x07, 0xFF, 0xFF, 0xE7, 0xF0, 0x30, 0x0E, 0x01, 0x81, 0xE0, 0x70,
    0x3E, 0x7E, 0xFE, 0xE0, 0xFE, 0xFF, 0x7F, 0x87, 0xFF, 0xFE, 0xFC, 0x30, 0x38, 0x18, 0x78, 0x70,
    0x11, 0x0E, 0xE1, 0xF0, 0x38, 0x04, 0x00, 0x03, 0xF1, 0xFE, 0xFF, 0x38, 0x4E, 0x03, 0xC0, 0x7E,
    0x0F, 0xE0, 0xF8, 0x0F, 0x01, 0xD0, 0x7F, 0xFF, 0xFE, 0x7F, 0x00, 0x44, 0xEE, 0x7C, 0x38, 0x10,
    0x00, 0x3E, 0x7E, 0xFE, 0xE0, 0xFE, 0xFF, 0x7F, 0x87, 0xFF, 0xFE, 0xFC, 0xFF, 0xFF, 0xFF, 0xFF,
    0x87, 0x00, 0xE0, 0x1C, 0x03, 0x80, 0x70, 0x0E, 0x01, 0xC0, 0x38, 0x07, 0x00, 0xE0, 0x1C, 0x03,
    0x80, 0x60, 0x06, 0x03, 0xC0, 0x70, 0x00, 0xE1, 0xC3, 0x87, 0xFF, 0xFF, 0xF8, 0x70, 0xE1, 0xC3,
    0x87, 0xF7, 0xE7, 0xC6, 0x06, 0x3C, 0x70, 0x11, 0x07, 0x70, 0x7C, 0x07, 0x00, 0x40, 0x00, 0x3F,
    0xFF, 0xFF, 0xFF, 0xE1, 0xC0, 0x38, 0x07, 0x00, 0xE0, 0x1C, 0x03, 0x80, 0x70, 0x0E, 0x01, 0xC0,
    0x38, 0x07, 0x00, 0xE0, 0x0E, 0x1F, 0xBF, 0x7E, 0x1F, 0xFF, 0xFF, 0xE1, 0xC3, 0x87, 0x0E, 0x1F,
    0xDF, 0x9F, 0xFF, 0xFF, 0xFF, 0xFF, 0x87, 0x00, 0xE0, 0x1C, 0x03, 0x83, 0xFE, 0x7F, 0xC1, 0xC0,
    0x38, 0x07, 0x00, 0xE0, 0x1C, 0x03, 0x80, 0xE0, 0xE0, 0xE0, 0xFE, 0xFE, 0xFE, 0xE0, 0xFF, 0xFF,
    0xE0, 0xE0, 0xFF, 0x7F, 0x3F, 0x18, 0x87, 0xF0, 0x8C, 0x00, 0x0E, 0x0F, 0xC1, 0xF8, 0x3F, 0x07,
    0xE0, 0xFC, 0x1F, 0x83, 0xF0, 0x7E, 0x0F, 0xC1, 0xF8, 0x3F, 0x8F, 0x7F, 0xCF, 0xF8, 0x7C, 0x00,
    0x39, 0x1F, 0xE2, 0x70, 0x00, 0x00, 0x38, 0x7E, 0x1F, 0x87, 0xE1, 0xF8, 0x7E, 0x1F, 0x87, 0xF1,
    0xFF, 0xF7, 0xFC, 0xFF, 0x3F, 0x87, 0xF0, 0x00, 0x70, 0x7E, 0x0F, 0xC1, 0xF8, 0x3F, 0x07, 0xE0,
    0xFC, 0x1F, 0x83, 0xF0, 0x7E, 0x0F, 0xC1, 0xFC, 0x7B, 0xFE, 0x7F, 0xC3, 0xE0, 0x7F, 0x1F, 0xC0,
    0x00, 0x00, 0xE1, 0xF8, 0x7E, 0x1F, 0x87, 0xE1, 0xF8, 0x7E, 0x1F, 0xC7, 0xFF, 0xDF, 0xF3, 0xFC,
    0x31, 0x87, 0xF0, 0x7C, 0x00, 0x0E, 0x0F, 0xC1, 0xF8, 0x3F, 0x07, 0xE0, 0xFC, 0x1F, 0x83, 0xF0,
    0x7E, 0x0F, 0xC1, 0xF8, 0x3F, 0x8F, 0x7F, 0xCF, 0xF8, 0x7C, 0x00, 0x31, 0x8F, 0xE1, 0xE0, 0x00,
    0x00, 0x38, 0x7E, 0x1F, 0x87, 0xE1, 0xF8, 0x7E, 0x1F, 0x87, 0xF1, 0xFF, 0xF7, 0xFC, 0xFF, 0x1E,
    0x07, 0xE0, 0xCC, 0x19, 0x83, 0xF0, 0x3C, 0x38, 0x3F, 0x07, 0xE0, 0xFC, 0x1F, 0x83, 0xF0, 0x7E,
    0x0F, 0xC1, 0xF8, 0x3F, 0x07, 0xE0, 0xFE, 0x3D, 0xFF, 0x3F, 0xE1, 0xF0, 0x1E, 0x0F, 0x83, 0x30,
    0xCC, 0x3E, 0x07, 0x80, 0x03, 0x87, 0xE1, 0xF8, 0x7E, 0x1F, 0x87, 0xE1, 0xF8, 0x7F, 0x1F, 0xFF,
    0x7F, 0xCF, 0xF0, 0x08, 0x81, 0x98, 0x66, 0x1D, 0xC1, 0x10, 0x00, 0x38, 0x3F, 0x07, 0xE0, 0xFC,
    0x1F, 0x83, 0xF0, 0x7E, 0x0F, 0xC1, 0xF8, 0x3F, 0x07, 0xE0, 0xFE, 0x3D, 0xFF, 0x3F, 0xE1, 0xF0,
    0x08, 0x86, 0x61, 0x98, 0xCC, 0x33, 0x00, 0x0E, 0x1F, 0x87, 0xE1, 0xF8, 0x7E, 0x1F, 0x87, 0xE1,
    0xFC, 0x7F, 0xFD, 0xFF, 0x3F, 0xC0, 0xE0, 0xFC, 0x1F, 0x83, 0xF0, 0x7E, 0x0F, 0xC1, 0xF8, 0x3F,
    0x07, 0xE0, 0xFC, 0x1F, 0x83, 0xF8, 0xF7, 0xFC, 0xFF, 0x0F, 0xC0, 0x70, 0x1C, 0x03, 0xE0, 0x3C,
    0x00, 0xE1, 0xF8, 0x7E, 0x1F, 0x87, 0xE1, 0xF8, 0x7E, 0x1F, 0xC7, 0xFF, 0xDF, 0xF3, 0xFC, 0x0E,
    0x07, 0x01, 0xF0, 0x3C, 0x00, 0x40, 0x00, 0x1C, 0x00, 0x07, 0xC0, 0x01, 0xDC, 0x00, 0x11, 0x00,
    0x00, 0x00, 0x38, 0x00, 0x3F, 0x00, 0x07, 0xF0, 0xE1, 0xEE, 0x3C, 0x39, 0xC7, 0xC7, 0x38, 0xF8,
    0xE7, 0x1B, 0x1C, 0x77, 0x77, 0x0E, 0xEE, 0xE1, 0xDD, 0xDC, 0x3B, 0x9B, 0x87, 0xE3, 0xF0, 0x7C,
    0x7C, 0x0F, 0x87, 0x81, 0xE0, 0xF0, 0x00, 0x80, 0x00, 0xE0, 0x00, 0xF8, 0x00, 0xEE, 0x00, 0x22,
    0x00, 0x00, 0x03, 0x87, 0x0F, 0xC3, 0x87, 0x71, 0xC7, 0x38, 0xF3, 0x8C, 0xF9, 0x87, 0x6D, 0xC3,
    0xB6, 0xE0, 0xFB, 0xE0, 0x78, 0xF0, 0x3C, 0x78, 0x0E, 0x38, 0x00, 0x02, 0x00, 0x38, 0x03, 0xE0,
    0x3B, 0x80, 0x88, 0x00, 0x03, 0xC1, 0xEE, 0x0E, 0x78, 0xF1, 0xC7, 0x0F, 0x78, 0x3B, 0x81, 0xFC,
    0x07, 0xC0, 0x1C, 0x00, 0xE0, 0x07, 0x00, 0x38, 0x01, 0xC0, 0x0E, 0x00, 0x70, 0x00, 0x04, 0x01,
    0xC0, 0xFC, 0x1D, 0x82, 0x10, 0x00, 0x38, 0x3F, 0x8F, 0x71, 0xCE, 0x39, 0xE7, 0x1D, 0xC3, 0xB8,
    0x7E, 0x07, 0xC0, 0xF8, 0x0E, 0x03, 0xC3, 0xF0, 0x7E, 0x0F, 0x80, 0x0C, 0xC0, 0xEE, 0x03, 0x30,
    0x00, 0x0F, 0x07, 0xB8, 0x39, 0xE3, 0xC7, 0x1C, 0x3D, 0xE0, 0xEE, 0x07, 0xF0, 0x1F, 0x00, 0x70,
    0x03, 0x80, 0x1C, 0x00, 0xE0, 0x07, 0x00, 0x38, 0x01, 0xC0, 0x01, 0x00, 0x60, 0x1C, 0x07, 0x00,
    0x40, 0x00, 0x3F, 0xFF, 0xFF, 0xFF, 0xE0, 0x38, 0x0E, 0x03, 0xC0, 0xF0, 0x1C, 0x07, 0x01, 0xE0,
    0x78, 0x0E, 0x03, 0xFF, 0xFF, 0xFF, 0xFE, 0x02, 0x03, 0x03, 0x83, 0x81, 0x80, 0x03, 0xFF, 0xFF,
    0xFF, 0x87, 0x87, 0x83, 0x83, 0xC3, 0xC3, 0xFF, 0xFF, 0xFF, 0x80, 0x0C, 0x01, 0xC0, 0x30, 0x00,
    0x0F, 0xFF, 0xFF, 0xFF, 0xF8, 0x0E, 0x03, 0x80, 0xF0, 0x3C, 0x07, 0x01, 0xC0, 0x78, 0x1E, 0x03,
    0x80, 0xFF, 0xFF, 0xFF, 0xFF, 0x80, 0x18, 0x0E, 0x06, 0x00, 0x00, 0x07, 0xFF, 0xFF, 0xFF, 0x0F,
    0x0F, 0x07, 0x07, 0x87, 0x87, 0xFF, 0xFF, 0xFF, 0x11, 0x07, 0x70, 0x7C, 0x07, 0x00, 0x40, 0x00,
    0x3F, 0xFF, 0xFF, 0xFF, 0xE0, 0x38, 0x0E, 0x03, 0xC0, 0xF0, 0x1C, 0x07, 0x01, 0xE0, 0x78, 0x0E,
    0x03, 0xFF, 0xFF, 0xFF, 0xFE, 0x22, 0x3B, 0x8F, 0x83, 0x80, 0x80, 0x03, 0xFF, 0xFF, 0xFF, 0x87,
    0x87, 0x83, 0x83, 0xC3, 0xC3, 0xFF, 0xFF, 0xFF, 0x80, 0x3E, 0xFF, 0xFF, 0x0E, 0x1C, 0x38, 0x70,
    0xE1, 0xC3, 0x87, 0x0E, 0x1C, 0x38, 0x70, 0x00, 0x0E, 0x00, 0x1C, 0x1F, 0x38, 0xFF, 0xF3, 0xFF,
    0xCF, 0x07, 0x9C, 0x07, 0xF0, 0x07, 0xE0, 0x0F, 0xC0, 0x1F, 0x80, 0x3F, 0x00, 0x7F, 0x01, 0xEF,
    0x07, 0x8F, 0xFE, 0x0F, 0xF8, 0x07, 0xE0, 0x00, 0x70, 0x07, 0x1F, 0x73, 0xFE, 0x7F, 0xEF, 0x1E,
    0xE0, 0xEE, 0x0E, 0xE0, 0xEF, 0x1E, 0x7F, 0xC3, 0xFC, 0x1F, 0x00, 0x00, 0x1C, 0x00, 0x7E, 0x07,
    0xF8, 0x1E, 0xE0, 0x73, 0x81, 0xCE, 0x07, 0x38, 0x1C, 0xE0, 0x73, 0x81, 0xCE, 0x07, 0x38, 0x1C,
    0xE0, 0x73, 0xC3, 0xC7, 0xFE, 0x0F, 0xF0, 0x1F, 0x80, 0x00, 0x38, 0x01, 0xF8, 0x3F, 0xC1, 0xEE,
    0x0E, 0x70, 0x73, 0x83, 0x9C, 0x1C, 0xE0, 0xE7, 0x87, 0x3F, 0xF8, 0xFF, 0xC1, 0xFC, 0x00, 0x00,
    0x00, 0x44, 0x00, 0x00, 0xEE, 0x00, 0x00, 0x7C, 0x00, 0x00, 0x38, 0x00, 0x00, 0x10, 0xFF, 0x07,
    0xFF, 0xFF, 0xC7, 0xFF, 0xFF, 0xE7, 0xFF, 0xE1, 0xE0, 0x0F, 0xE0, 0xF0, 0x1E, 0xE0, 0x70, 0x1C,
    0xE0, 0x70, 0x38, 0xE0, 0x70, 0x78, 0xE0, 0x70, 0xF0, 0xE0, 0x70, 0xE0, 0xE0, 0xF1, 0xE0, 0xE1,
    0xE3, 0xC0, 0xFF, 0xC3, 0xFF, 0xFF, 0x87, 0xFF, 0xFF, 0x07, 0xFF, 0x00, 0x00, 0x88, 0x00, 0x03,
    0xBB, 0xFC, 0x03, 0xE7, 0xFE, 0x03, 0x8F, 0xFE, 0x02, 0x1C, 0x3C, 0x00, 0x38, 0x3C, 0xFF, 0xF0,
    0x39, 0xFF, 0xE0, 0x73, 0xFF, 0xC0, 0xE0, 0x7B, 0x81, 0xC1, 0xE7, 0x03, 0x83, 0x8E, 0x0F, 0x0F,
    0x1C, 0x3C, 0x3C, 0x3F, 0xF0, 0xFF, 0xFF, 0xC1, 0xFF, 0xFF, 0x03, 0xFE, 0x00, 0x02, 0x10, 0x03,
    0x8C, 0xC0, 0x0E, 0x3F, 0x00, 0x38, 0x78, 0x00, 0xE0, 0xC0, 0x03, 0x80, 0x01, 0xFE, 0xFF, 0xDF,
    0xFB, 0xFF, 0x7F, 0xEF, 0xFB, 0xC3, 0x81, 0xEE, 0x0E, 0x0F, 0x38, 0x38, 0x78, 0xE0, 0xE3, 0xC3,
    0xC3, 0x9E, 0x07, 0xFE, 0x7F, 0xCF, 0xFB, 0xFF, 0x1F, 0xEF, 0xFC, 0xE0, 0x00, 0xFC, 0x00, 0x1F,
    0x80, 0x03, 0xF0, 0x00, 0x7E, 0x00, 0x0F, 0xC0, 0x01, 0xF8, 0x00, 0x3F, 0x00, 0x07, 0xE0, 0x00,
    0xFC, 0x00, 0x1F, 0x80, 0x03, 0xF0, 0x08, 0xFF, 0xFF, 0xFD, 0xFF, 0xFF, 0xBF, 0xF7, 0xC0, 0x00,
    0x1B, 0x80, 0xFE, 0x03, 0xF8, 0x06, 0xE0, 0x03, 0x80, 0x7E, 0x01, 0xF8, 0x07, 0xE0, 0x1F, 0x80,
    0x7E, 0x01, 0xF8, 0x07, 0xE0, 0x1F, 0xFF, 0x7F, 0xFD, 0xFF, 0xF7, 0x00, 0x3C, 0x03, 0xE0, 0x0F,
    0x80, 0x3C, 0xE1, 0xB8, 0xFE, 0x3F, 0x86, 0xE0, 0x38, 0x7E, 0x1F, 0x87, 0xE1, 0xF8, 0x7E, 0x1F,
    0x87, 0xE1, 0xFE, 0x7F, 0x9C, 0xE7, 0x03, 0xC3, 0xE0, 0xF8, 0x3C, 0xE0, 0x70, 0x0F, 0xE0, 0xE0,
    0x1F, 0xE1, 0xC0, 0x3F, 0xC3, 0x80, 0x7F, 0xC7, 0x00, 0xFF, 0xCE, 0x01, 0xFB, 0x9C, 0x03, 0xF3,
    0xB8, 0x07, 0xE3, 0xF0, 0x0F, 0xC7, 0xE0, 0x1F, 0x87, 0xC0, 0x3F, 0x07, 0x88, 0xFE, 0x0F, 0x3F,
    0xDC, 0x0E, 0x7F, 0xB8, 0x1C, 0x7C, 0x00, 0x00, 0x01, 0xF8, 0x1C, 0x7F, 0x07, 0x1F, 0xE1, 0xC7,
    0xF8, 0x70, 0x3F, 0x1C, 0x7F, 0xE7, 0x1F, 0xB9, 0xC7, 0xE7, 0x71, 0xF8, 0xFC, 0x7E, 0x3F, 0x1F,
    0x87, 0xC7, 0xE0, 0xF1, 0xF8, 0x3C, 0x7E, 0x07, 0x1F, 0x81, 0xC7, 0x00, 0x01, 0xC0, 0x03, 0xF0,
    0x00, 0xF8, 0x00, 0x3C, 0x00, 0x06, 0x00, 0x0F, 0x00, 0x0F, 0x00, 0x06, 0x00, 0x00, 0xFF, 0x0E,
    0xFF, 0x8E, 0xFF, 0xCE, 0xE3, 0xCE, 0xE1, 0xCE, 0xE1, 0xCE, 0xE1, 0xCE, 0xE1, 0xCE, 0xE1, 0xCE,
    0xE1, 0xCE, 0xE1, 0xCE, 0x00, 0x0E, 0x00, 0x3E, 0x00, 0x3E, 0x00, 0x7C, 0x04, 0x40, 0x1D, 0xC0,
    0x1F, 0x00, 0x1C, 0x00, 0x10, 0x00, 0x00, 0x01, 0xF0, 0x03, 0xE0, 0x0F, 0xE0, 0x1D, 0xC0, 0x3B,
    0x80, 0xF7, 0x81, 0xC7, 0x03, 0x8E, 0x0F, 0x1E, 0x1F, 0xFC, 0x7F, 0xFC, 0xFF, 0xF9, 0xC0, 0x77,
    0x80, 0xFE, 0x00, 0xE0, 0x11, 0x0E, 0xE1, 0xF0, 0x38, 0x04, 0x00, 0x07, 0xF1, 0xFE, 0x7F, 0xC0,
    0x73, 0xFD, 0xFF, 0xE1, 0xF8, 0x7F, 0xFD, 0xFF, 0x3F, 0xC0, 0x45, 0xDD, 0xF1, 0xC1, 0x00, 0x0E,
    0x1C, 0x38, 0x70, 0xE1, 0xC3, 0x87, 0x0E, 0x1C, 0x38, 0x70, 0xE1, 0xC3, 0x80, 0x45, 0xDD, 0xF1,
    0xC1, 0x00, 0x0E, 0x1C, 0x38, 0x70, 0xE1, 0xC3, 0x87, 0x0E, 0x1C, 0x38, 0x04, 0x40, 0x1D, 0xC0,
    0x1F, 0x00, 0x1C, 0x00, 0x10, 0x00, 0x00, 0x01, 0xF0, 0x0F, 0xF8, 0x3F, 0xF8, 0xF0, 0x79, 0xC0,
    0x7F, 0x00, 0x7E, 0x00, 0xFC, 0x01, 0xF8, 0x03, 0xF0, 0x07, 0xF0, 0x1E, 0xF0, 0x78, 0xFF, 0xE0,
    0xFF, 0x80, 0x7E, 0x00, 0x11, 0x07, 0x70, 0x7C, 0x07, 0x00, 0x40, 0x00, 0x07, 0xC1, 0xFC, 0x7F,
    0xDE, 0x3F, 0x83, 0xF0, 0x7E, 0x0F, 0xE3, 0xDF, 0xF1, 0xFC, 0x1F, 0x00, 0x11, 0x07, 0x70, 0x7C,
    0x07, 0x00, 0x40, 0x00, 0x38, 0x3F, 0x07, 0xE0, 0xFC, 0x1F, 0x83, 0xF0, 0x7E, 0x0F, 0xC1, 0xF8,
    0x3F, 0x07, 0xE0, 0xFE, 0x3D, 0xFF, 0x3F, 0xE1, 0xF0, 0x11, 0x0E, 0xE1, 0xF0, 0x38, 0x04, 0x00,
    0x0E, 0x1F, 0x87, 0xE1, 0xF8, 0x7E, 0x1F, 0x87, 0xE1, 0xFC, 0x7F, 0xFD, 0xFF, 0x3F, 0xC0, 0x1F,
    0x03, 0xE0, 0x00, 0x0C, 0xC3, 0xB8, 0x33, 0x00, 0x07, 0x07, 0xE0, 0xFC, 0x1F, 0x83, 0xF0, 0x7E,
    0x0F, 0xC1, 0xF8, 0x3F, 0x07, 0xE0, 0xFC, 0x1F, 0xC7, 0xBF, 0xE7, 0xFC, 0x3E, 0x00, 0x3E, 0x0F,
    0x80, 0x01, 0xDC, 0x77, 0x1D, 0xC0, 0x03, 0x87, 0xE1, 0xF8, 0x7E, 0x1F, 0x87, 0xE1, 0xF8, 0x7F,
    0x1F, 0xFF, 0x7F, 0xCF, 0xF0, 0x02, 0x00, 0xE0, 0x38, 0x34, 0xC7, 0x1C, 0xC3, 0x00, 0x07, 0x07,
    0xE0, 0xFC, 0x1F, 0x83, 0xF0, 0x7E, 0x0F, 0xC1, 0xF8, 0x3F, 0x07, 0xE0, 0xFC, 0x1F, 0xC7, 0xBF,
    0xE7, 0xFC, 0x3E, 0x00, 0x04, 0x01, 0x80, 0xC0, 0x30, 0x69, 0xB8, 0xE6, 0x18, 0x00, 0xE1, 0xF8,
    0x7E, 0x1F, 0x87, 0xE1, 0xF8, 0x7E, 0x1F, 0xC7, 0xFF, 0xDF, 0xF3, 0xFC, 0x12, 0x03, 0xC1, 0x96,
    0x38, 0xE6, 0x18, 0x00, 0x38, 0x3F, 0x07, 0xE0, 0xFC, 0x1F, 0x83, 0xF0, 0x7E, 0x0F, 0xC1, 0xF8,
    0x3F, 0x07, 0xE0, 0xFE, 0x3D, 0xFF, 0x3F, 0xE1, 0xF0, 0x23, 0x0D, 0xC1, 0xE1, 0xA6, 0xE3, 0x98,
    0x60, 0x03, 0x87, 0xE1, 0xF8, 0x7E, 0x1F, 0x87, 0xE1, 0xF8, 0x7F, 0x1F, 0xFF, 0x7F, 0xCF, 0xF0,
    0x10, 0x03, 0x00, 0x70, 0x32, 0xC7, 0x1C, 0xC3, 0x00, 0x07, 0x07, 0xE0, 0xFC, 0x1F, 0x83, 0xF0,
    0x7E, 0x0F, 0xC1, 0xF8, 0x3F, 0x07, 0xE0, 0xFC, 0x1F, 0xC7, 0xBF, 0xE7, 0xFC, 0x3E, 0x00, 0x10,
    0x0E, 0x01, 0x80, 0x30, 0x6D, 0xB8, 0xE6, 0x18, 0x00, 0xE1, 0xF8, 0x7E, 0x1F, 0x87, 0xE1, 0xF8,
    0x7E, 0x1F, 0xC7, 0xFF, 0xDF, 0xF3, 0xFC, 0x7E, 0x1F, 0xE7, 0xF8, 0x0F, 0x01, 0xFF, 0xFF, 0xFF,
    0x87, 0xFF, 0x9F, 0xE3, 0xE0, 0x07, 0xC0, 0x0F, 0x80, 0x00, 0x00, 0x66, 0x00, 0xEE, 0x01, 0x98,
    0x00, 0x00, 0x03, 0xE0, 0x07, 0xC0, 0x1F, 0xC0, 0x3B, 0x80, 0x77, 0x01, 0xEF, 0x03, 0x8E, 0x07,
    0x1C, 0x1E, 0x3C, 0x3F, 0xF8, 0xFF, 0xF9, 0xFF, 0xF3, 0x80, 0xEF, 0x01, 0xFC, 0x01, 0xC0, 0x1F,
    0x07, 0xC0, 0x00, 0xCC, 0x3B, 0x8C, 0xC0, 0x01, 0xFC, 0x7F, 0x9F, 0xF0, 0x1C, 0xFF, 0x7F, 0xF8,
    0x7E, 0x1F, 0xFF, 0x7F, 0xCF, 0xF0, 0x07, 0xC0, 0x0F, 0x80, 0x00, 0x00, 0x18, 0x00, 0x38, 0x00,
    0x60, 0x00, 0x00, 0x03, 0xE0, 0x07, 0xC0, 0x1F, 0xC0, 0x3B, 0x80, 0x77, 0x01, 0xEF, 0x03, 0x8E,
    0x07, 0x1C, 0x1E, 0x3C, 0x3F, 0xF8, 0xFF, 0xF9, 0xFF, 0xF3, 0x80, 0xEF, 0x01, 0xFC, 0x01, 0xC0,
    0x1F, 0x07, 0xC0, 0x00, 0x30, 0x0E, 0x03, 0x00, 0x01, 0xFC, 0x7F, 0x9F, 0xF0, 0x1C, 0xFF, 0x7F,
    0xF8, 0x7E, 0x1F, 0xFF, 0x7F, 0xCF, 0xF0, 0x00, 0x7F, 0x00, 0x07, 0xF0, 0x00, 0x00, 0x00, 0x0F,
    0xFF, 0x01, 0xFF, 0xF0, 0x1F, 0xFF, 0x03, 0xF8, 0x00, 0x3B, 0x80, 0x07, 0xB8, 0x00, 0x73, 0xFE,
    0x0F, 0x3F, 0xE0, 0xE3, 0xFE, 0x1F, 0xF8, 0x03, 0xFF, 0x80, 0x3F, 0xF8, 0x07, 0x83, 0xFF, 0x70,
    0x3F, 0xFF, 0x03, 0xFF, 0x0F, 0xE0, 0x0F, 0xE0, 0x00, 0x00, 0x00, 0x00, 0x7E, 0x7C, 0x7F, 0xFE,
    0x7F, 0xFF, 0x03, 0x87, 0x3F, 0xFF, 0x7F, 0xFF, 0xE3, 0x80, 0xE3, 0xC0, 0xFF, 0xFE, 0x7F, 0xFE,
    0x3E, 0x7E, 0x0F, 0xC0, 0x7F, 0xC3, 0xFE, 0x1E, 0x08, 0xF0, 0x03, 0x80, 0x0E, 0x00, 0x38, 0x1C,
    0xE1, 0xFF, 0x87, 0xFF, 0x07, 0x1E, 0x1C, 0x7F, 0xF0, 0xFF, 0xC0, 0xFE, 0x00, 0x1F, 0xE3, 0xFE,
    0x7F, 0xEF, 0x0E, 0xE3, 0xFE, 0x3F, 0xF0, 0xEF, 0xFE, 0x7F, 0xE1, 0xFE, 0x00, 0xE0, 0x1E, 0x7F,
    0xC7, 0xFC, 0x7F, 0x00, 0x08, 0x81, 0xDC, 0x0F, 0x80, 0x70, 0x02, 0x00, 0x00, 0x0F, 0xE1, 0xFF,
    0x3F, 0xF7, 0x82, 0xF0, 0x0E, 0x00, 0xE0, 0x0E, 0x07, 0xE0, 0x7E, 0x07, 0xF0, 0x77, 0x87, 0x7F,
    0xF3, 0xFF, 0x0F, 0xE0, 0x10, 0x86, 0x61, 0xF8, 0x3C, 0x04, 0x00, 0x01, 0xFD, 0xFF, 0x7F, 0xFC,
    0x7E, 0x1F, 0x87, 0xF1, 0xFF, 0xF7, 0xFC, 0xFF, 0x01, 0xC0, 0xF7, 0xF9, 0xFE, 0x7E, 0x00, 0x11,
    0x03, 0xB8, 0x1F, 0x00, 0xE0, 0x04, 0x00, 0x00, 0xE0, 0xFE, 0x1E, 0xE3, 0xCE, 0x78, 0xEF, 0x0F,
    0xE0, 0xFC, 0x0F, 0xE0, 0xEE, 0x0E, 0x70, 0xE7, 0x8E, 0x3C, 0xE1, 0xCE, 0x1E, 0xE0, 0xF0, 0xCC,
    0x1F, 0x80, 0xC0, 0x00, 0x0E, 0x01, 0xC0, 0x38, 0x07, 0x00, 0xE0, 0x1C, 0x7B, 0x9E, 0x77, 0x8F,
    0xE1, 0xF8, 0x3F, 0x87, 0x78, 0xE7, 0x9C, 0x73, 0x87, 0x70, 0xF0, 0x07, 0xC0, 0x3F, 0xE0, 0xFF,
    0xE3, 0xC1, 0xE7, 0x01, 0xFC, 0x01, 0xF8, 0x03, 0xF0, 0x07, 0xE0, 0x0F, 0xC0, 0x1F, 0xC0, 0x7B,
    0xC1, 0xE3, 0xFF, 0x83, 0xFE, 0x01, 0xF8, 0x00, 0xE0, 0x03, 0x80, 0x07, 0xC0, 0x07, 0x80, 0x1F,
    0x07, 0xF1, 0xFF, 0x78, 0xFE, 0x0F, 0xC1, 0xF8, 0x3F, 0x8F, 0x7F, 0xCF, 0xF0, 0x7C, 0x07, 0x01,
    0xC0, 0x3E, 0x03, 0xC0, 0x0F, 0xE0, 0x1F, 0xC0, 0x00, 0x00, 0x3E, 0x01, 0xFF, 0x07, 0xFF, 0x1E,
    0x0F, 0x38, 0x0F, 0xE0, 0x0F, 0xC0, 0x1F, 0x80, 0x3F, 0x00, 0x7E, 0x00, 0xFE, 0x03, 0xDE, 0x0F,
    0x1F, 0xFC, 0x1F, 0xF0, 0x0F, 0xC0, 0x07, 0x00, 0x1C, 0x00, 0x3E, 0x00, 0x3C, 0x00, 0x3F, 0x87,
    0xF0, 0x00, 0x00, 0x01, 0xF0, 0x7F, 0x1F, 0xF7, 0x8F, 0xE0, 0xFC, 0x1F, 0x83, 0xF8, 0xF7, 0xFC,
    0xFF, 0x07, 0xC0, 0x70, 0x1C, 0x03, 0xE0, 0x3C, 0x00, 0x08, 0x81, 0xDC, 0x0F, 0x80, 0x70, 0x02,
    0x00, 0x00, 0x7F, 0xF7, 0xFF, 0x7F, 0xF0, 0x1E, 0x03, 0xC0, 0x78, 0x0F, 0xC0, 0xFE, 0x00, 0xF0,
    0x07, 0x00, 0x74, 0x0F, 0xFF, 0xEF, 0xFE, 0x3F, 0x80, 0x08, 0x87, 0x70, 0xF8, 0x1C, 0x02, 0x00,
    0x00, 0x01, 0xFF, 0x7F, 0xDF, 0xF0, 0x38, 0x1C, 0x0E, 0x07, 0xC0, 0xF8, 0x0F, 0x01, 0xC0, 0x74,
    0x1D, 0xFF, 0x7F, 0x9F, 0x80, 0x22, 0x77, 0x3E, 0x1C, 0x08, 0x00, 0x1C, 0x1C, 0x1C, 0x1C, 0x1C,
    0x1C, 0x1C, 0x1C, 0x1C, 0x1C, 0x1C, 0x1C, 0xFC, 0xF8, 0xF0, 0xFF, 0x07, 0xFF, 0xFF, 0xC7, 0xFF,
    0xFF, 0xE7, 0xFF, 0xE1, 0xE0, 0x0F, 0xE0, 0xF0, 0x1E, 0xE0, 0x70, 0x1C, 0xE0, 0x70, 0x38, 0xE0,
    0x70, 0x78, 0xE0, 0x70, 0xF0, 0xE0, 0x70, 0xE0, 0xE0, 0xF1, 0xE0, 0xE1, 0xE3, 0xC0, 0xFF, 0xC3,
    0xFF, 0xFF, 0x87, 0xFF, 0xFF, 0x07, 0xFF, 0xFF, 0x00, 0x01, 0xFF, 0x80, 0x03, 0xFF, 0x80, 0x07,
    0x0F, 0x00, 0x0E, 0x0F, 0x3F, 0xFC, 0x0E, 0x7F, 0xF8, 0x1C, 0xFF, 0xF0, 0x38, 0x1E, 0xE0, 0x70,
    0x79, 0xC0, 0xE0, 0xE3, 0x83, 0xC3, 0xC7, 0x0F, 0x0F, 0x0F, 0xFC, 0x3F, 0xFF, 0xF0, 0x7F, 0xFF,
    0xC0, 0xFF, 0x80, 0x00, 0xE0, 0x00, 0x03, 0x80, 0x00, 0x0E, 0x00, 0x00, 0x38, 0x00, 0x00, 0xE0,
    0x00, 0x7F, 0xBF, 0xF7, 0xFE, 0xFF, 0xDF, 0xFB, 0xFE, 0xF0, 0xE0, 0x7B, 0x83, 0x83, 0xCE, 0x0E,
    0x1E, 0x38, 0x38, 0xF0, 0xF0, 0xE7, 0x81, 0xFF, 0x9F, 0xF3, 0xFE, 0xFF, 0xC7, 0xFB, 0xFF, 0x00,
    0x80, 0x18, 0x03, 0x80, 0x70, 0x02, 0x00, 0x00, 0x0F, 0xE1, 0xFF, 0x3F, 0xF7, 0x82, 0xF0, 0x0E,
    0x00, 0xE0, 0x0E, 0x07, 0xE0, 0x7E, 0x07, 0xF0, 0x77, 0x87, 0x7F, 0xF3, 0xFF, 0x0F, 0xE0, 0x00,
    0x80, 0x60, 0x38, 0x1C, 0x06, 0x00, 0x01, 0xFD, 0xFF, 0x7F, 0xFC, 0x7E, 0x1F, 0x87, 0xF1, 0xFF,
    0xF7, 0xFC, 0xFF, 0x01, 0xC0, 0xF7, 0xF9, 0xFE, 0x7E, 0x00, 0xE0, 0x70, 0x1C, 0x0E, 0x03, 0x81,
    0xC0, 0x70, 0x38, 0x7E, 0x07, 0x0F, 0xC0, 0xE1, 0xFF, 0xFC, 0x3F, 0xFF, 0x87, 0xFF, 0xF0, 0xFC,
    0x0E, 0x1F, 0x81, 0xC3, 0xF0, 0x3C, 0xFE, 0x07, 0xFD, 0xC0, 0x7F, 0xB8, 0x07, 0xE0, 0x3F, 0x1F,
    0xF3, 0xFF, 0x70, 0xFE, 0x0F, 0xC1, 0xF8, 0x3F, 0x07, 0xE1, 0xFC, 0x3B, 0x8E, 0x77, 0xCF, 0xF1,
    0xF8, 0x3C, 0x07, 0x00, 0xE0, 0x1C, 0x03, 0x80, 0x00, 0x10, 0x01, 0x80, 0x1C, 0x00, 0xE0, 0x04,
    0x00, 0x00, 0xE0, 0x7F, 0x07, 0xF8, 0x7F, 0x87, 0xFC, 0x7F, 0xE7, 0xEE, 0x7E, 0x77, 0xE3, 0xFE,
    0x3F, 0xE1, 0xFE, 0x0F, 0xE0, 0xFE, 0x07, 0xE0, 0x70, 0x10, 0x0E, 0x03, 0x80, 0x70, 0x04, 0x00,
    0x0F, 0xF3, 0xFE, 0xFF, 0xF8, 0xFE, 0x1F, 0x87, 0xE1, 0xF8, 0x7E, 0x1F, 0x87, 0xE1, 0xC0, 0x00,
    0x80, 0x0F, 0x80, 0x0C, 0x00, 0x00, 0x00, 0x38, 0x00, 0xD8, 0x01, 0xB0, 0x03, 0xE0, 0x07, 0xC0,
    0x1F, 0xC0, 0x3B, 0x80, 0x77, 0x01, 0xC7, 0x03, 0x8E, 0x0F, 0x1E, 0x1C, 0x1C, 0x3F, 0xF8, 0xFF,
    0xF9, 0xFF, 0xF3, 0x80, 0xEF, 0x01, 0xFC, 0x01, 0xC0, 0x04, 0x07, 0x03, 0x00, 0x00, 0x1E, 0x0C,
    0xC3, 0x30, 0x78, 0x00, 0x1F, 0xC7, 0xF9, 0xFF, 0x01, 0xCF, 0xF7, 0xFF, 0x87, 0xE1, 0xFF, 0xF7,
    0xFC, 0xFF, 0x00, 0x04, 0x00, 0x00, 0xE0, 0x00, 0x1E, 0x00, 0x01, 0x80, 0x00, 0x10, 0x00, 0x00,
    0x00, 0x00, 0xFF, 0xF0, 0x1F, 0xFF, 0x01, 0xFF, 0xF0, 0x3F, 0x80, 0x03, 0xB8, 0x00, 0x7B, 0x80,
    0x07, 0x3F, 0xE0, 0xF3, 0xFE, 0x0E, 0x3F, 0xE1, 0xFF, 0x80, 0x3F, 0xF8, 0x03, 0xFF, 0x80, 0x78,
    0x3F, 0xF7, 0x03, 0xFF, 0xF0, 0x3F, 0xF0, 0x00, 0x40, 0x00, 0xE0, 0x01, 0xE0, 0x01, 0x80, 0x01,
    0x00, 0x00, 0x00, 0x7E, 0x7C, 0x7F, 0xFE, 0x7F, 0xFF, 0x03, 0x87, 0x3F, 0xFF, 0x7F, 0xFF, 0xE3,
    0x80, 0xE3, 0xC0, 0xFF, 0xFE, 0x7F, 0xFE, 0x3E, 0x7E, 0x00, 0x80, 0x01, 0x80, 0x07, 0x00, 0x1C,
    0x00, 0x20, 0x00, 0xF9, 0x87, 0xFF, 0x1F, 0xFC, 0x78, 0x7C, 0xE1, 0xFF, 0x83, 0xFF, 0x0E, 0x7E,
    0x38, 0xFC, 0xE1, 0xFF, 0x83, 0xFE, 0x0F, 0x7C, 0x3C, 0x7F, 0xF1, 0xFF, 0xC3, 0x7F, 0x00, 0x00,
    0x00, 0x02, 0x00, 0x60, 0x1C, 0x07, 0x00, 0xC0, 0x00, 0x07, 0xF9, 0xFE, 0x7F, 0xDE, 0x7F, 0x9B,
    0xF7, 0x7F, 0xCF, 0xF3, 0xDF, 0xF3, 0xFC, 0xFF, 0x00, 0x00, 0x08, 0x80, 0x19, 0x80, 0x3B, 0x80,
    0x33, 0x00, 0x22, 0x00, 0x00, 0x01, 0xF0, 0x03, 0xE0, 0x0F, 0xE0, 0x1D, 0xC0, 0x3B, 0x80, 0xF7,
    0x81, 0xC7, 0x03, 0x8E, 0x0F, 0x1E, 0x1F, 0xFC, 0x7F, 0xFC, 0xFF, 0xF9, 0xC0, 0x77, 0x80, 0xFE,
    0x00, 0xE0, 0x44, 0x19, 0x86, 0x60, 0xCC, 0x11, 0x00, 0x07, 0xF1, 0xFE, 0x7F, 0xC0, 0x73, 0xFD,
    0xFF, 0xE1, 0xF8, 0x7F, 0xFD, 0xFF, 0x3F, 0xC0, 0x03, 0xC0, 0x0F, 0xC0, 0x39, 0x80, 0x00, 0x00,
    0x7C, 0x00, 0xF8, 0x03, 0xF8, 0x07, 0x70, 0x0E, 0xE0, 0x3D, 0xE0, 0x71, 0xC0, 0xE3, 0x83, 0xC7,
    0x87, 0xFF, 0x1F, 0xFF, 0x3F, 0xFE, 0x70, 0x1D, 0xE0, 0x3F, 0x80, 0x38, 0x1E, 0x0F, 0xC3, 0x38,
    0x00, 0x7F, 0x1F, 0xE7, 0xFC, 0x07, 0x3F, 0xDF, 0xFE, 0x1F, 0x87, 0xFF, 0xDF, 0xF3, 0xFC, 0x44,
    0x19, 0x87, 0x70, 0xCC, 0x11, 0x00, 0x0F, 0xFF, 0xFF, 0xFF, 0xF8, 0x0E, 0x03, 0x80, 0xFF, 0xBF,
    0xEF, 0xFB, 0x80, 0xE0, 0x38, 0x0F, 0xFF, 0xFF, 0xFF, 0xC0, 0x22, 0x0C, 0xC3, 0x30, 0x66, 0x11,
    0x00, 0x01, 0xF1, 0xFE, 0x7F, 0xF8, 0x7F, 0xFF, 0xFF, 0xE0, 0x3C, 0x27, 0xF9, 0xFE, 0x1F, 0x80,
    0x1E, 0x0F, 0xC3, 0x38, 0x00, 0xFF, 0xFF, 0xFF, 0xFF, 0x80, 0xE0, 0x38, 0x0F, 0xFB, 0xFE, 0xFF,
    0xB8, 0x0E, 0x03, 0x80, 0xFF, 0xFF, 0xFF, 0xFC, 0x1E, 0x0F, 0xC6, 0x30, 0x00, 0x1F, 0x1F, 0xE7,
    0xFF, 0x87, 0xFF, 0xFF, 0xFE, 0x03, 0xC2, 0x7F, 0x9F, 0xE1, 0xF8, 0x44, 0xEE, 0x66, 0x33, 0x22,
    0x00, 0x1C, 0x1C, 0x1C, 0x1C, 0x1C, 0x1C, 0x1C, 0x1C, 0x1C, 0x1C, 0x1C, 0x1C, 0x1C, 0x1C, 0x1C,
    0x44, 0xCC, 0x66, 0x77, 0x22, 0x00, 0x1C, 0x1C, 0x1C, 0x1C, 0x1C, 0x1C, 0x1C, 0x1C, 0x1C, 0x1C,
    0x1C, 0x3C, 0xFF, 0x18, 0x03, 0x87, 0x0E, 0x1C, 0x38, 0x70, 0xE1, 0xC3, 0x87, 0x0E, 0x1C, 0x38,
    0x70, 0xE0, 0x7D, 0xFF, 0x18, 0x03, 0x87, 0x0E, 0x1C, 0x38, 0x70, 0xE1, 0xC3, 0x87, 0x0E, 0x00,
    0x08, 0x80, 0x33, 0x00, 0x33, 0x00, 0x77, 0x00, 0x44, 0x00, 0x00, 0x01, 0xF0, 0x0F, 0xF8, 0x3F,
    0xF8, 0xF0, 0x79, 0xC0, 0x7F, 0x00, 0x7E, 0x00, 0xFC, 0x01, 0xF8, 0x03, 0xF0, 0x07, 0xF0, 0x1E,
    0xF0, 0x78, 0xFF, 0xE0, 0xFF, 0x80, 0x7E, 0x00, 0x22, 0x06, 0x60, 0xCC, 0x0C, 0xC1, 0x10, 0x00,
    0x07, 0xC1, 0xFC, 0x7F, 0xDE, 0x3F, 0x83, 0xF0, 0x7E, 0x0F, 0xE3, 0xDF, 0xF1, 0xFC, 0x1F, 0x00,
    0x03, 0xC0, 0x0F, 0xC0, 0x31, 0x80, 0x00, 0x00, 0x7C, 0x03, 0xFE, 0x0F, 0xFE, 0x3C, 0x1E, 0x70,
    0x1F, 0xC0, 0x1F, 0x80, 0x3F, 0x00, 0x7E, 0x00, 0xFC, 0x01, 0xFC, 0x07, 0xBC, 0x1E, 0x3F, 0xF8,
    0x3F, 0xE0, 0x1F, 0x80, 0x0F, 0x03, 0xF0, 0xC6, 0x00, 0x01, 0xF0, 0x7F, 0x1F, 0xF7, 0x8F, 0xE0,
    0xFC, 0x1F, 0x83, 0xF8, 0xF7, 0xFC, 0x7F, 0x07, 0xC0, 0x44, 0x06, 0x60, 0x66, 0x03, 0x30, 0x33,
    0x0F, 0xF0, 0xFF, 0xCF, 0xFC, 0xE1, 0xEE, 0x0E, 0xE0, 0xEE, 0x1E, 0xFF, 0xCF, 0xFC, 0xFF, 0x0E,
    0x78, 0xE3, 0xCE, 0x1C, 0xE0, 0xEE, 0x0F, 0x88, 0xCC, 0x66, 0x66, 0x22, 0x00, 0x3F, 0x7F, 0x7F,
    0x70, 0x70, 0x70, 0x70, 0x70, 0x70, 0x70, 0x70, 0x1E, 0x03, 0xF0, 0x31, 0x80, 0x00, 0xFF, 0x0F,
    0xFC, 0xFF, 0xCE, 0x1E, 0xE0, 0xEE, 0x0E, 0xE1, 0xEF, 0xFC, 0xFF, 0xCF, 0xF0, 0xE7, 0x8E, 0x3C,
    0xE1, 0xCE, 0x0E, 0xE0, 0xF0, 0x7D, 0xFF, 0x18, 0x07, 0xFF, 0xFF, 0xF0, 0xE1, 0xC3, 0x87, 0x0E,
    0x1C, 0x38, 0x00, 0x22, 0x0E, 0xE0, 0xCC, 0x0C, 0xC1, 0x10, 0x00, 0x38, 0x3F, 0x07, 0xE0, 0xFC,
    0x1F, 0x83, 0xF0, 0x7E, 0x0F, 0xC1, 0xF8, 0x3F, 0x07, 0xE0, 0xFE, 0x3D, 0xFF, 0x3F, 0xE1, 0xF0,
    0x44, 0x19, 0x83, 0x30, 0xCC, 0x11, 0x00, 0x0E, 0x1F, 0x87, 0xE1, 0xF8, 0x7E, 0x1F, 0x87, 0xE1,
    0xFC, 0x7F, 0xFD, 0xFF, 0x3F, 0xC0, 0x0F, 0x03, 0xF0, 0xE6, 0x00, 0x0E, 0x0F, 0xC1, 0xF8, 0x3F,
    0x07, 0xE0, 0xFC, 0x1F, 0x83, 0xF0, 0x7E, 0x0F, 0xC1, 0xF8, 0x3F, 0x8F, 0x7F, 0xCF, 0xF8, 0x7C,
    0x00, 0x3E, 0x1F, 0xC6, 0x30, 0x00, 0xE1, 0xF8, 0x7E, 0x1F, 0x87, 0xE1, 0xF8, 0x7E, 0x1F, 0xC7,
    0xFF, 0xDF, 0xF3, 0xFC, 0x3F, 0x1F, 0xEF, 0xF3, 0x84, 0xE0, 0x3C, 0x07, 0xE0, 0xFE, 0x0F, 0x80,
    0xF0, 0x1D, 0x07, 0xFF, 0xFF, 0xE7, 0xF0, 0x00, 0x1C, 0x07, 0x03, 0xC0, 0xE0, 0x3E, 0x7E, 0xFE,
    0xE0, 0xFE, 0xFF, 0x7F, 0x87, 0xFF, 0xFE, 0xFC, 0x00, 0x38, 0x38, 0x78, 0x70, 0xFF, 0xFF, 0xFF,
    0xFF, 0x87, 0x00, 0xE0, 0x1C, 0x03, 0x80, 0x70, 0x0E, 0x01, 0xC0, 0x38, 0x07, 0x00, 0xE0, 0x1C,
    0x03, 0x80, 0x00, 0x0E, 0x01, 0xC0, 0x78, 0x0E, 0x00, 0xE1, 0xC3, 0x87, 0xFF, 0xFF, 0xF8, 0x70,
    0xE1, 0xC3, 0x87, 0xF7, 0xE7, 0xC0, 0x1C, 0x38, 0xF1, 0xC0, 0x7E, 0x1F, 0xF1, 0xFF, 0x21, 0xE0,
    0x1C, 0x03, 0x80, 0xF1, 0xFC, 0x3F, 0x87, 0xF8, 0x0F, 0x80, 0x70, 0x0E, 0x01, 0xC0, 0x78, 0x1E,
    0xFF, 0xDF, 0xF3, 0xF0, 0x00, 0xFE, 0x7F, 0xBF, 0xE0, 0x70, 0x39, 0xF8, 0xFC, 0x7E, 0x07, 0x81,
    0xC0, 0xE1, 0xFF, 0xF7, 0xF3, 0xC0, 0x10, 0x83, 0x30, 0x7E, 0x07, 0x80, 0x60, 0x00, 0x38, 0x3F,
    0x07, 0xE0, 0xFC, 0x1F, 0x83, 0xF0, 0x7F, 0xFF, 0xFF, 0xFF, 0xFF, 0x07, 0xE0, 0xFC, 0x1F, 0x83,
    0xF0, 0x7E, 0x0E, 0xCC, 0x3F, 0x03, 0x00, 0x00, 0xE0, 0x38, 0x0E, 0x03, 0x80, 0xE0, 0x3F, 0xCF,
    0xFB, 0xFF, 0xE3, 0xF8, 0x7E, 0x1F, 0x87, 0xE1, 0xF8, 0x7E, 0x1F, 0x87, 0xE1, 0xC3, 0x87, 0x1C,
    0xE7, 0x38, 0x38, 0x3C, 0x6E, 0xC7, 0xF3, 0xFE, 0x8E, 0xFF, 0xF0, 0xC3, 0xE7, 0x7E, 0x3C, 0x6F,
    0x60, 0xE7, 0xE7, 0x76, 0xF3, 0x97, 0x80, 0x7B, 0xB3, 0xB3, 0x00, 0xC3, 0xE6, 0x7E, 0x3C, 0x7D,
    0xFF, 0x18, 0x37, 0x6E, 0xE0, 0x76, 0xE0, 0x6F, 0x3F, 0xE0, 0x36, 0xCF, 0xF7, 0x00, 0x08, 0x06,
    0x01, 0xC0, 0x38, 0x02, 0x00, 0x0F, 0xFF, 0xFF, 0xFF, 0xF8, 0x0E, 0x03, 0x80, 0xFF, 0xBF, 0xEF,
    0xFB, 0x80, 0xE0, 0x38, 0x0F, 0xFF, 0xFF, 0xFF, 0xC0, 0x77, 0x1D, 0xC7, 0x70, 0x00, 0x00, 0x3F,
    0xFF, 0xFF, 0xFF, 0xE0, 0x38, 0x0E, 0x03, 0xFE, 0xFF, 0xBF, 0xEE, 0x03, 0x80, 0xE0, 0x3F, 0xFF,
    0xFF, 0xFF, 0xFF, 0xF0, 0xFF, 0xF0, 0xFF, 0xF0, 0x0E, 0x00, 0x0E, 0x00, 0x0F, 0xF8, 0x0F, 0xFE,
    0x0F, 0xFE, 0x0E, 0x0F, 0x0E, 0x07, 0x0E, 0x07, 0x0E, 0x0F, 0x0E, 0x7F, 0x0E, 0x7E, 0x0E, 0x78,
    0x04, 0x07, 0x07, 0x07, 0x01, 0x00, 0x03, 0xFF, 0xFF, 0xFF, 0xF0, 0x38, 0x1C, 0x0E, 0x07, 0x03,
    0x81, 0xC0, 0xE0, 0x70, 0x38, 0x1C, 0x0E, 0x00, 0x0F, 0xC3, 0xFF, 0x7F, 0xF7, 0x82, 0xF0, 0x0E,
    0x00, 0xFF, 0x8F, 0xF8, 0xFF, 0x8E, 0x00, 0xF0, 0x07, 0x82, 0x7F, 0xF3, 0xFF, 0x0F, 0xC0, 0x3F,
    0x1F, 0xEF, 0xF3, 0x84, 0xE0, 0x3C, 0x07, 0xE0, 0xFE, 0x0F, 0x80, 0xF0, 0x1D, 0x07, 0xFF, 0xFF,
    0xE7, 0xF0, 0xFF, 0xFF, 0xFF, 0xFF, 0xFF, 0xF8, 0xCD, 0xDF, 0x30, 0x03, 0x87, 0x0E, 0x1C, 0x38,
    0x70, 0xE1, 0xC3, 0x87, 0x0E, 0x1C, 0x38, 0x70, 0xE0, 0x03, 0x81, 0xC0, 0xE0, 0x70, 0x38, 0x1C,
    0x0E, 0x07, 0x03, 0x81, 0xC0, 0xE8, 0xF7, 0xFF, 0xF9, 0xF8, 0x07, 0xFE, 0x00, 0x0F, 0xFC, 0x00,
    0x1F, 0xF8, 0x00, 0x38, 0x70, 0x00, 0x70, 0xE0, 0x00, 0xE1, 0xFE, 0x01, 0xC3, 0xFF, 0x07, 0x87,
    0xFE, 0x0E, 0x0E, 0x1E, 0x1C, 0x1C, 0x1C, 0x78, 0x38, 0x39, 0xF0, 0x70, 0xFF, 0xC0, 0xFF, 0xDF,
    0x01, 0xFF, 0xB8, 0x03, 0xFC, 0x00, 0xE0, 0x70, 0x0E, 0x07, 0x00, 0xE0, 0x70, 0x0E, 0x07, 0x00,
    0xE0, 0x70, 0x0F, 0xFF, 0xF8, 0xFF, 0xFF, 0xEF, 0xFF, 0xFE, 0xE0, 0x70, 0xFE, 0x07, 0x07, 0xE0,
    0x70, 0x7E, 0x07, 0x0F, 0xE0, 0x7F, 0xEE, 0x07, 0xFE, 0xE0, 0x7F, 0x80, 0xFF, 0xE3, 0xFF, 0x8F,
    0xFE, 0x03, 0x80, 0x0E, 0x00, 0x38, 0x00, 0xFF, 0x03, 0xFE, 0x0F, 0xFC, 0x38, 0xF0, 0xE1, 0xC3,
    0x87, 0x0E, 0x1C, 0x38, 0x70, 0xE1, 0xC0, 0x00, 0x80, 0x18, 0x03, 0x80, 0x70, 0x06, 0x00, 0x00,
    0xE0, 0xFE, 0x1E, 0xE3, 0xCE, 0x78, 0xEF, 0x0F, 0xE0, 0xFC, 0x0F, 0xE0, 0xEE, 0x0E, 0x70, 0xE7,
    0x8E, 0x3C, 0xE1, 0xCE, 0x1E, 0xE0, 0xF0, 0x08, 0x01, 0xC0, 0x0E, 0x00, 0x70, 0x02, 0x00, 0x00,
    0xE0, 0x7E, 0x0F, 0xE1, 0xFE, 0x1F, 0xE3, 0xFE, 0x7F, 0xE7, 0x7E, 0xE7, 0xFC, 0x7F, 0xC7, 0xF8,
    0x7F, 0x07, 0xF0, 0x7E, 0x07, 0xE0, 0x70, 0x04, 0x80, 0x66, 0x03, 0xF0, 0x0F, 0x00, 0x00, 0x78,
    0x1D, 0xC1, 0xCE, 0x0E, 0x78, 0xF1, 0xC7, 0x0F, 0x38, 0x3B, 0x81, 0xDC, 0x0F, 0xC0, 0x3E, 0x01,
    0xE0, 0x0F, 0x07, 0xF0, 0x3F, 0x81, 0xF0, 0x00, 0xE0, 0xFC, 0x1F, 0x83, 0xF0, 0x7E, 0x0F, 0xC1,
    0xF8, 0x3F, 0x07, 0xE0, 0xFC, 0x1F, 0x83, 0xF0, 0x7F, 0xFF, 0xFF, 0xFF, 0xF8, 0x70, 0x0E, 0x01,
    0xC0, 0x38, 0x00, 0x07, 0xC0, 0x0F, 0x80, 0x3F, 0x80, 0x77, 0x00, 0xEE, 0x03, 0xDE, 0x07, 0x1C,
    0x0E, 0x38, 0x3C, 0x78, 0x7F, 0xF1, 0xFF, 0xF3, 0xFF, 0xE7, 0x01, 0xDE, 0x03, 0xF8, 0x03, 0x80,
    0xFF, 0xDF, 0xFB, 0xFF, 0x70, 0x0E, 0x01, 0xFE, 0x3F, 0xF7, 0xFE, 0xE1, 0xFC, 0x1F, 0x83, 0xF0,
    0xFF, 0xFD, 0xFF, 0xBF, 0xC0, 0xFF, 0x1F, 0xF3, 0xFF, 0x70, 0xEE, 0x1D, 0xFF, 0x3F, 0xE7, 0xFE,
    0xE1, 0xFC, 0x1F, 0x83, 0xF0, 0xFF, 0xFD, 0xFF, 0xBF, 0xC0, 0xFF, 0xFF, 0xFF, 0xFC, 0x0E, 0x07,
    0x03, 0x81, 0xC0, 0xE0, 0x70, 0x38, 0x1C, 0x0E, 0x07, 0x03, 0x80, 0x07, 0xFC, 0x03, 0xFE, 0x01,
    0xFF, 0x00, 0xE3, 0x80, 0x71, 0xC0, 0x38, 0xE0, 0x1C, 0x70, 0x1E, 0x38, 0x0E, 0x1C, 0x07, 0x0E,
    0x07, 0x87, 0x03, 0x83, 0x8F, 0xFF, 0xFF, 0xFF, 0xFF, 0xFF, 0xFF, 0xC0, 0x07, 0xE0, 0x03, 0xF0,
    0x01, 0xF8, 0x00, 0xE0, 0xFF, 0xFF, 0xFF, 0xFF, 0x80, 0xE0, 0x38, 0x0F, 0xFB, 0xFE, 0xFF, 0xB8,
    0x0E, 0x03, 0x80, 0xFF, 0xFF, 0xFF, 0xFC, 0xF0, 0x70, 0x7B, 0xC3, 0x87, 0x8F, 0x1C, 0x78, 0x3C,
    0xE7, 0x80, 0xE7, 0x78, 0x03, 0xBB, 0x80, 0x0F, 0xF8, 0x00, 0x7F, 0xC0, 0x07, 0xFF, 0x00, 0x7B,
    0xBC, 0x07, 0x9C, 0xF0, 0x3C, 0xE3, 0x83, 0xC7, 0x1E, 0x3C, 0x38, 0x7B, 0xC1, 0xC1, 0xE0, 0x3F,
    0x0F, 0xF1, 0xFF, 0x10, 0xE0, 0x1C, 0x07, 0x8F, 0xE1, 0xFC, 0x3F, 0xC0, 0x3C, 0x03, 0xA0, 0x7F,
    0xFF, 0xFF, 0x8F, 0xC0, 0xE0, 0x7E, 0x0F, 0xE1, 0xFE, 0x1F, 0xE3, 0xFE, 0x7F, 0xE7, 0x7E, 0xE7,
    0xFC, 0x7F, 0xC7, 0xF8, 0x7F, 0x07, 0xF0, 0x7E, 0x07, 0xE0, 0x70, 0x01, 0x03, 0x98, 0x1F, 0x80,
    0xF0, 0x00, 0x0E, 0x07, 0xE0, 0xFE, 0x1F, 0xE1, 0xFE, 0x3F, 0xE7, 0xFE, 0x77, 0xEE, 0x7F, 0xC7,
    0xFC, 0x7F, 0x87, 0xF0, 0x7F, 0x07, 0xE0, 0x7E, 0x07, 0xE0, 0xFE, 0x1E, 0xE3, 0xCE, 0x78, 0xEF,
    0x0F, 0xE0, 0xFC, 0x0F, 0xE0, 0xEE, 0x0E, 0x70, 0xE7, 0x8E, 0x3C, 0xE1, 0xCE, 0x1E, 0xE0, 0xF0,
    0x07, 0xFE, 0x0F, 0xFC, 0x1F, 0xF8, 0x38, 0x70, 0x70, 0xE0, 0xE1, 0xC1, 0xC3, 0x87, 0x87, 0x0E,
    0x0E, 0x1C, 0x1C, 0x78, 0x39, 0xF0, 0x7F, 0xC0, 0xFF, 0x01, 0xF8, 0x03, 0x80, 0x70, 0x07, 0x3C,
    0x07, 0x9E, 0x03, 0xCF, 0x83, 0xE7, 0xC1, 0xF3, 0x71, 0xDB, 0xB8, 0xEF, 0xCE, 0xE7, 0xE7, 0x73,
    0xF1, 0xF1, 0xF8, 0xF8, 0xFC, 0x38, 0x7E, 0x1C, 0x3F, 0x00, 0x1F, 0x80, 0x0E, 0xE0, 0xFC, 0x1F,
    0x83, 0xF0, 0x7E, 0x0F, 0xC1, 0xFF, 0xFF, 0xFF, 0xFF, 0xFC, 0x1F, 0x83, 0xF0, 0x7E, 0x0F, 0xC1,
    0xF8, 0x38, 0x07, 0xC0, 0x3F, 0xE0, 0xFF, 0xE3, 0xC1, 0xE7, 0x01, 0xFC, 0x01, 0xF8, 0x03, 0xF0,
    0x07, 0xE0, 0x0F, 0xC0, 0x1F, 0xC0, 0x7B, 0xC1, 0xE3, 0xFF, 0x83, 0xFE, 0x01, 0xF8, 0x00, 0xFF,
    0xFF, 0xFF, 0xFF, 0xF0, 0x7E, 0x0F, 0xC1, 0xF8, 0x3F, 0x07, 0xE0, 0xFC, 0x1F, 0x83, 0xF0, 0x7E,
    0x0F, 0xC1, 0xF8, 0x38, 0xFF, 0x1F, 0xFB, 0xFF, 0x70, 0xFE, 0x0F, 0xC1, 0xF8, 0x7F, 0xFE, 0xFF,
    0xDF, 0xE3, 0x80, 0x70, 0x0E, 0x01, 0xC0, 0x38, 0x00, 0x0F, 0xE1, 0xFF, 0x3F, 0xF7, 0x82, 0xF0,
    0x0E, 0x00, 0xE0, 0x0E, 0x00, 0xE0, 0x0E, 0x00, 0xF0, 0x07, 0x82, 0x7F, 0xF3, 0xFF, 0x0F, 0xE0,
    0xFF, 0xFF, 0xFF, 0xFF, 0x87, 0x00, 0xE0, 0x1C, 0x03, 0x80, 0x70, 0x0E, 0x01, 0xC0, 0x38, 0x07,
    0x00, 0xE0, 0x1C, 0x03, 0x80, 0xF0, 0x3B, 0x83, 0x9C, 0x1C, 0xF1, 0xE3, 0x8E, 0x1E, 0x70, 0x77,
    0x03, 0xB8, 0x1F, 0x80, 0x7C, 0x03, 0xC0, 0x1E, 0x0F, 0xE0, 0x7F, 0x03, 0xE0, 0x00, 0x01, 0xC0,
    0x00, 0xE0, 0x03, 0xFE, 0x07, 0xFF, 0xC7, 0xFF, 0xF3, 0xCE, 0x7B, 0xC7, 0x1F, 0xC3, 0x87, 0xE1,
    0xC3, 0xF0, 0xE1, 0xDE, 0x73, 0xCF, 0xFF, 0xE3, 0xFF, 0xE0, 0x7F, 0xC0, 0x07, 0x00, 0x03, 0x80,
    0xF0, 0x3D, 0xC0, 0xE3, 0x87, 0x0F, 0x3C, 0x1F, 0xE0, 0x3F, 0x00, 0x78, 0x01, 0xE0, 0x07, 0x80,
    0x3F, 0x01, 0xFE, 0x0F, 0x3C, 0x38, 0x71, 0xC0, 0xEF, 0x03, 0xC0, 0xE0, 0x71, 0xC0, 0xE3, 0x81,
    0xC7, 0x03, 0x8E, 0x07, 0x1C, 0x0E, 0x38, 0x1C, 0x70, 0x38, 0xE0, 0x71, 0xC0, 0xE3, 0x81, 0xC7,
    0x03, 0x8F, 0xFF, 0xFF, 0xFF, 0xFF, 0xFF, 0x80, 0x07, 0x00, 0x0E, 0x00, 0x1C, 0x00, 0x38, 0xE0,
    0xFC, 0x1F, 0x83, 0xF0, 0x7E, 0x0F, 0xC1, 0xFC, 0x3B, 0xFF, 0x7F, 0xE7, 0xFC, 0x03, 0x80, 0x70,
    0x0E, 0x01, 0xC0, 0x38, 0xE1, 0xC3, 0xF0, 0xE1, 0xF8, 0x70, 0xFC, 0x38, 0x7E, 0x1C, 0x3F, 0x0E,
    0x1F, 0x87, 0x0F, 0xC3, 0x87, 0xE1, 0xC3, 0xF0, 0xE1, 0xF8, 0x70, 0xFC, 0x38, 0x7F, 0xFF, 0xFF,
    0xFF, 0xFF, 0xFF, 0xFE, 0xE1, 0xC3, 0x9C, 0x38, 0x73, 0x87, 0x0E, 0x70, 0xE1, 0xCE, 0x1C, 0x39,
    0xC3, 0x87, 0x38, 0x70, 0xE7, 0x0E, 0x1C, 0xE1, 0xC3, 0x9C, 0x38, 0x73, 0x87, 0x0E, 0x70, 0xE1,
    0xCF, 0xFF, 0xFF, 0xFF, 0xFF, 0xFF, 0xFF, 0xF8, 0x00, 0x07, 0x00, 0x00, 0xE0, 0x00, 0x1C, 0x00,
    0x03, 0x80, 0xFE, 0x01, 0xFC, 0x03, 0xF8, 0x00, 0x70, 0x00, 0xE0, 0x01, 0xFE, 0x03, 0xFF, 0x07,
    0xFE, 0x0E, 0x1E, 0x1C, 0x1C, 0x38, 0x38, 0x70, 0xF0, 0xFF, 0xC1, 0xFF, 0x83, 0xFC, 0x00, 0xE0,
    0x0F, 0xC0, 0x1F, 0x80, 0x3F, 0x00, 0x7E, 0x00, 0xFF, 0xC1, 0xFF, 0xE3, 0xFF, 0xC7, 0xE3, 0xCF,
    0xC3, 0x9F, 0x87, 0x3F, 0x1E, 0x7F, 0xF8, 0xFF, 0xF1, 0xFF, 0x83, 0x80, 0xE0, 0x1C, 0x03, 0x80,
    0x70, 0x0E, 0x01, 0xFE, 0x3F, 0xF7, 0xFE, 0xE1, 0xFC, 0x1F, 0x83, 0xF0, 0xFF, 0xFD, 0xFF, 0xBF,
    0xC0, 0x3F, 0x0F, 0xFC, 0x7F, 0xE4, 0x1E, 0x00, 0xF0, 0x07, 0x1F, 0xF1, 0xFF, 0x1F, 0xF0, 0x07,
    0x00, 0xF4, 0x1E, 0xFF, 0xEF, 0xFC, 0x3F, 0x00, 0xE0, 0x3F, 0x0E, 0x07, 0xF8, 0xE0, 0xFF, 0xCE,
    0x1E, 0x1E, 0xE3, 0xC0, 0xFE, 0x38, 0x07, 0xFF, 0x80, 0x7F, 0xF8, 0x07, 0xFF, 0x80, 0x7E, 0x38,
    0x07, 0xE3, 0xC0, 0xFE, 0x1E, 0x1E, 0xE1, 0xFF, 0xCE, 0x0F, 0xF8, 0xE0, 0x3F, 0x00, 0x0F, 0xE7,
    0xFC, 0xFF, 0xBC, 0x77, 0x0E, 0xE1, 0xDE, 0x3B, 0xFF, 0x3F, 0xE3, 0xFC, 0xF3, 0x9C, 0x77, 0x0E,
    0xE1, 0xF8, 0x38, 0x7F, 0x1F, 0xE7, 0xFC, 0x07, 0x3F, 0xDF, 0xFE, 0x1F, 0x87, 0xFF, 0xDF, 0xF3,
    0xFC, 0x01, 0xC1, 0xF8, 0xFF, 0x3E, 0x07, 0x01, 0xFE, 0x3F, 0xF7, 0xFE, 0xE1, 0xFC, 0x1F, 0x83,
    0xF0, 0x7F, 0x1E, 0xFF, 0x9F, 0xE0, 0xF8, 0xFF, 0x9F, 0xFF, 0xFF, 0xF0, 0x7F, 0xFD, 0xFF, 0xB8,
    0x3F, 0x07, 0xFF, 0xFF, 0xFB, 0xFE, 0x00, 0xFF, 0xFF, 0xFF, 0xFC, 0x0E, 0x07, 0x03, 0x81, 0xC0,
    0xE0, 0x70, 0x38, 0x00, 0x1F, 0xF0, 0x7F, 0xC1, 0xFF, 0x07, 0x1C, 0x1C, 0x70, 0x71, 0xC3, 0x87,
    0x0E, 0x1C, 0xFF, 0xFF, 0xFF, 0xFF, 0xFF, 0xF8, 0x07, 0xE0, 0x1F, 0x80, 0x70, 0x1F, 0x1F, 0xE7,
    0xFF, 0x87, 0xFF, 0xFF, 0xFE, 0x03, 0xC2, 0x7F, 0x9F, 0xE1, 0xF8, 0xF1, 0xC7, 0xBC, 0xE7, 0x8F,
    0x77, 0x83, 0xBB, 0x80, 0xFF, 0x80, 0x7F, 0xC0, 0x3F, 0xE0, 0x3B, 0xB8, 0x3D, 0xDE, 0x3C, 0xE7,
    0xBC, 0x71, 0xE0, 0xFC, 0xFF, 0xFF, 0x07, 0x7E, 0x7E, 0x07, 0x87, 0xFF, 0xFE, 0x7C, 0xE0, 0xFC,
    0x3F, 0x8F, 0xF3, 0xFE, 0xFF, 0xFD, 0xFF, 0x3F, 0xE7, 0xF8, 0xFE, 0x1F, 0x83, 0x80, 0x10, 0x06,
    0x70, 0xFC, 0x0F, 0x00, 0x00, 0x00, 0x38, 0x3F, 0x0F, 0xE3, 0xFC, 0xFF, 0xBF, 0xFF, 0x7F, 0xCF,
    0xF9, 0xFE, 0x3F, 0x87, 0xE0, 0xE0, 0xE1, 0xFC, 0x7B, 0x9E, 0x77, 0x8F, 0xC1, 0xF8, 0x3F, 0x87,
    0x78, 0xE7, 0x9C, 0x7B, 0x87, 0x80, 0x1F, 0xF1, 0xFF, 0x1F, 0xF1, 0xC7, 0x1C, 0x71, 0xC7, 0x3C,
    0x77, 0x87, 0xF8, 0x7F, 0x07, 0xE0, 0x70, 0x70, 0x73, 0x83, 0x9E, 0x3C, 0xF1, 0xFF, 0xDF, 0xF6,
    0xDF, 0xBE, 0xFD, 0xF7, 0xE7, 0x3F, 0x39, 0xF8, 0x0E, 0xE1, 0xF8, 0x7E, 0x1F, 0x87, 0xFF, 0xFF,
    0xFF, 0xFF, 0x87, 0xE1, 0xF8, 0x7E, 0x1C, 0x1F, 0x07, 0xF1, 0xFF, 0x78, 0xFE, 0x0F, 0xC1, 0xF8,
    0x3F, 0x8F, 0x7F, 0xC7, 0xF0, 0x7C, 0x00, 0xFF, 0xFF, 0xFF, 0xFF, 0x87, 0xE1, 0xF8, 0x7E, 0x1F,
    0x87, 0xE1, 0xF8, 0x7E, 0x1C, 0xFF, 0x1F, 0xF3, 0xFF, 0x70, 0xFE, 0x0F, 0xC1, 0xF8, 0x3F, 0x0F,
    0xFF, 0xDF, 0xFB, 0xFC, 0x70, 0x0E, 0x01, 0xC0, 0x38, 0x00, 0x1F, 0x9F, 0xDF, 0xFE, 0x0E, 0x07,
    0x03, 0x81, 0xE0, 0x7F, 0xBF, 0xC7, 0xE0, 0xFF, 0xFF, 0xFF, 0xFF, 0x87, 0x00, 0xE0, 0x1C, 0x03,
    0x80, 0x70, 0x0E, 0x01, 0xC0, 0x38, 0x00, 0xE0, 0xFE, 0x3D, 0xC7, 0x38, 0xE7, 0x9C, 0x77, 0x0E,
    0xE1, 0xF8, 0x1F, 0x03, 0xE0, 0x38, 0x0F, 0x0F, 0xC1, 0xF8, 0x3E, 0x00, 0x03, 0x80, 0x07, 0x00,
    0x0E, 0x00, 0x1C, 0x00, 0x38, 0x01, 0xFC, 0x0F, 0xFE, 0x3F, 0xFE, 0xF3, 0x9F, 0xC7, 0x1F, 0x8E,
    0x3F, 0x1C, 0x7F, 0x39, 0xEF, 0xFF, 0x8F, 0xFE, 0x07, 0xF0, 0x03, 0x80, 0x07, 0x00, 0x0E, 0x00,
    0x1C, 0x00, 0xF0, 0xF7, 0x9E, 0x39, 0xC1, 0xF8, 0x1F, 0x80, 0xF0, 0x1F, 0x81, 0xF8, 0x39, 0xC7,
    0x9E, 0xF0, 0xF0, 0xE1, 0xCE, 0x1C, 0xE1, 0xCE, 0x1C, 0xE1, 0xCE, 0x1C, 0xE1, 0xCE, 0x1C, 0xFF,
    0xFF, 0xFF, 0xFF, 0xF0, 0x07, 0x00, 0x70, 0x07, 0xE1, 0xF8, 0x7E, 0x1F, 0x87, 0xE1, 0xFF, 0xF7,
    0xFC, 0xFF, 0x01, 0xC0, 0x70, 0x1C, 0xE3, 0x8F, 0xC7, 0x1F, 0x8E, 0x3F, 0x1C, 0x7E, 0x38, 0xFC,
    0x71, 0xF8, 0xE3, 0xF1, 0xC7, 0xFF, 0xFF, 0xFF, 0xFF, 0xFF, 0xF8, 0xE3, 0x8E, 0x71, 0xC7, 0x38,
    0xE3, 0x9C, 0x71, 0xCE, 0x38, 0xE7, 0x1C, 0x73, 0x8E, 0x39, 0xC7, 0x1C, 0xFF, 0xFF, 0xFF, 0xFF,
    0xFF, 0xFF, 0xE0, 0x00, 0x70, 0x00, 0x38, 0x00, 0x1C, 0xFC, 0x0F, 0xC0, 0xFC, 0x01, 0xC0, 0x1F,
    0xC1, 0xFE, 0x1F, 0xF1, 0xC7, 0x1F, 0xF1, 0xFE, 0x1F, 0xC0, 0xE0, 0x1F, 0x80, 0x7E, 0x01, 0xF8,
    0x07, 0xFE, 0x1F, 0xFC, 0x7F, 0xF9, 0xF8, 0xE7, 0xFF, 0x9F, 0xFC, 0x7F, 0xE1, 0xC0, 0xE0, 0x70,
    0x38, 0x1C, 0x0F, 0xE7, 0xFB, 0xFF, 0xC7, 0xFF, 0xFF, 0xBF, 0x80, 0xFC, 0x7F, 0xBF, 0xC0, 0x73,
    0xF9, 0xFC, 0x0E, 0x0F, 0xFF, 0x7F, 0x9F, 0x00, 0xE0, 0xF8, 0xE3, 0xFC, 0xE3, 0xFE, 0xE7, 0x8F,
    0xFF, 0x07, 0xFF, 0x07, 0xFF, 0x07, 0xE7, 0x8F, 0xE3, 0xFE, 0xE3, 0xFC, 0xE0, 0xF8, 0x1F, 0xE7,
    0xFD, 0xFF, 0xB8, 0x77, 0x0E, 0xFF, 0xCF, 0xF8, 0xFF, 0x3C, 0xEF, 0x1F, 0xC3, 0x80, 0x10, 0x0E,
    0x01, 0xC0, 0x38, 0x04, 0x00, 0x01, 0xF1, 0xFE, 0x7F, 0xF8, 0x7F, 0xFF, 0xFF, 0xE0, 0x3C, 0x27,
    0xF9, 0xFE, 0x1F, 0x80, 0x33, 0x0E, 0xE3, 0x30, 0x00, 0x00, 0x07, 0xC7, 0xF9, 0xFF, 0xE1, 0xFF,
    0xFF, 0xFF, 0x80, 0xF0, 0x9F, 0xE7, 0xF8, 0x7E, 0x70, 0x07, 0x00, 0xFF, 0x8F, 0xF8, 0x70, 0x07,
    0xF8, 0x7F, 0xE7, 0xFF, 0x70, 0xF7, 0x07, 0x70, 0x77, 0x07, 0x70, 0x77, 0x07, 0x70, 0x77, 0x07,
    0x00, 0x70, 0x7F, 0x07, 0xE0, 0x7C, 0x02, 0x03, 0x03, 0x83, 0x81, 0x80, 0x03, 0xFF, 0xFF, 0xFF,
    0xF0, 0x38, 0x1C, 0x0E, 0x07, 0x03, 0x81, 0xC0, 0xE0, 0x00, 0x1F, 0xBF, 0xDF, 0xFC, 0x0F, 0xE7,
    0xF3, 0x81, 0xE0, 0x7F, 0xBF, 0xC7, 0xC0, 0x3E, 0x7E, 0xFE, 0xE0, 0xFE, 0xFF, 0x7F, 0x87, 0xFF,
    0xFE, 0xFC, 0xFF, 0xF1, 0xFF, 0xFF, 0xFF, 0xFF, 0x67, 0xDD, 0x98, 0x00, 0x07, 0x0E, 0x1C, 0x38,
    0x70, 0xE1, 0xC3, 0x87, 0x0E, 0x1C, 0x1C, 0x71, 0xC7, 0x00, 0x71, 0xC7, 0x1C, 0x71, 0xC7, 0x1C,
    0x71, 0xC7, 0x1F, 0xFF, 0xBC, 0x1F, 0xE0, 0x07, 0xF8, 0x01, 0xFE, 0x00, 0x73, 0x80, 0x1C, 0xFF,
    0x07, 0x3F, 0xE3, 0xCF, 0xFD, 0xE3, 0x87, 0xF8, 0xFF, 0xFC, 0x3F, 0xEE, 0x0F, 0xF0, 0xE3, 0x80,
    0xE3, 0x80, 0xE3, 0x80, 0xE3, 0x80, 0xFF, 0xFC, 0xFF, 0xFE, 0xFF, 0xFF, 0xE3, 0x87, 0xE3, 0xFF,
    0xE3, 0xFE, 0xE3, 0xFC, 0x70, 0x0E, 0x03, 0xF8, 0x7F, 0x07, 0x00, 0xFF, 0x1F, 0xF3, 0xFF, 0x71,
    0xEE, 0x1D, 0xC3, 0xB8, 0x77, 0x0E, 0xE1, 0xDC, 0x3B, 0x87, 0x02, 0x00, 0xE0, 0x38, 0x0E, 0x00,
    0x80, 0x00, 0x38, 0x7F, 0x1E, 0xE7, 0x9D, 0xE3, 0xF0, 0x7E, 0x0F, 0xE1, 0xDE, 0x39, 0xE7, 0x1E,
    0xE1, 0xE0, 0x10, 0x07, 0x00, 0xE0, 0x0E, 0x00, 0x40, 0x00, 0x38, 0x3F, 0x0F, 0xE3, 0xFC, 0xFF,
    0xBF, 0xFF, 0x7F, 0xCF, 0xF9, 0xFE, 0x3F, 0x87, 0xE0, 0xE0, 0x00, 0x06, 0x70, 0xFC, 0x0F, 0x00,
    0x00, 0x00, 0x38, 0x3F, 0x8F, 0x71, 0xCE, 0x39, 0xE7, 0x1D, 0xC3, 0xB8, 0x7E, 0x07, 0xC0, 0xF8,
    0x0E, 0x03, 0xC3, 0xF0, 0x7E, 0x0F, 0x80, 0xE3, 0xF1, 0xF8, 0xFC, 0x7E, 0x3F, 0x1F, 0x8F, 0xC7,
    0xFF, 0xFF, 0xFF, 0xE3, 0x81, 0xC0, 0xE0, 0x1C, 0x00, 0x70, 0x0F, 0xFC, 0x3F, 0xF0, 0xFF, 0xC0,
    0x70, 0x01, 0xFE, 0x07, 0xFE, 0x1F, 0xF8, 0x70, 0xF1, 0xC1, 0xC7, 0x07, 0x1C, 0x3C, 0x7F, 0xE1,
    0xFF, 0x07, 0xF8, 0x1C, 0x00, 0xE0, 0x07, 0x00, 0x38, 0x01, 0xC0, 0x7F, 0xE3, 0xFF, 0x1F, 0xF8,
    0x1C, 0x00, 0xE0, 0x07, 0xF8, 0x3F, 0xF1, 0xC3, 0x8F, 0xFC, 0x7F, 0xE3, 0xFC, 0x07, 0xC0, 0x3F,
    0xE0, 0xFF, 0xE3, 0xC1, 0xE7, 0x01, 0xFF, 0xE1, 0xFF, 0xFF, 0xFF, 0xFF, 0xE1, 0xFF, 0xC0, 0x1F,
    0xC0, 0x7B, 0xC1, 0xE3, 0xFF, 0x83, 0xFE, 0x01, 0xF8, 0x00, 0x1F, 0x07, 0xF1, 0xFF, 0x78, 0xFF,
    0xCF, 0xFF, 0xF9, 0xFF, 0x8F, 0x7F, 0xC7, 0xF0, 0x7C, 0x00, 0xE0, 0x0F, 0x38, 0x0F, 0xDC, 0x0F,
    0xCE, 0x07, 0x03, 0x83, 0x81, 0xC3, 0x80, 0xF1, 0xC0, 0x38, 0xE0, 0x1E, 0xE0, 0x07, 0x70, 0x03,
    0xF8, 0x00, 0xF8, 0x00, 0x7C, 0x00, 0x3E, 0x00, 0x0E, 0x00, 0xE0, 0xFF, 0x8F, 0x9C, 0x7C, 0xE3,
    0x87, 0x38, 0x1D, 0xC0, 0xEE, 0x07, 0xE0, 0x1F, 0x00, 0xF8, 0x03, 0x80, 0x18, 0xC0, 0x7F, 0x00,
    0xF8, 0x00, 0x00, 0xE0, 0x73, 0x83, 0xCE, 0x1F, 0x38, 0x7C, 0xE3, 0xF3, 0x9F, 0xCE, 0x77, 0x3B,
    0x9C, 0xFC, 0x73, 0xF1, 0xCF, 0x87, 0x3C, 0x1C, 0xF0, 0x7F, 0x81, 0xFE, 0x07, 0xC0, 0x0E, 0x00,
    0x38, 0x01, 0xC0, 0x02, 0x00, 0x31, 0x81, 0xFC, 0x07, 0xC0, 0x00, 0x00, 0x00, 0x70, 0x73, 0x87,
    0x9C, 0x7C, 0xE7, 0xE7, 0x7F, 0x3F, 0xB9, 0xF9, 0xCF, 0xCE, 0x7C, 0x7F, 0xC3, 0xFC, 0x1F, 0x00,
    0x30, 0x03, 0x80, 0x18, 0x38, 0x01, 0xC0, 0x3F, 0xC1, 0xFE, 0x03, 0x80, 0x1F, 0xE0, 0xFF, 0xC7,
    0xFE, 0x38, 0x79, 0xC1, 0xCE, 0x0E, 0x70, 0xF3, 0xFF, 0x1F, 0xF8, 0xFF, 0x00, 0x38, 0x1F, 0xE3,
    0xFC, 0x1C, 0x03, 0xF8, 0x7F, 0x8E, 0x39, 0xC7, 0x3F, 0xE7, 0xF8, 0xFE, 0x00, 0xFF, 0x1F, 0xFB,
    0xFF, 0x70, 0xFE, 0x0F, 0xD9, 0xFB, 0xFF, 0xFE, 0xFF, 0xDF, 0xF3, 0x8E, 0x70, 0xCE, 0x01, 0xC0,
    0x38, 0x00, 0xFF, 0x1F, 0xF3, 0xFF, 0x70, 0xFE, 0x0F, 0xC1, 0xF9, 0x3F, 0x7F, 0xFF, 0xDF, 0xF3,
    0xFE, 0x70, 0xCE, 0x1D, 0xC0, 0x38, 0x00, 0x01, 0xC0, 0x70, 0x1F, 0xFF, 0xFF, 0xFF, 0xFE, 0x03,
    0x80, 0xE0, 0x38, 0x0E, 0x03, 0x80, 0xE0, 0x38, 0x0E, 0x03, 0x80, 0xE0, 0x38, 0x00, 0x03, 0x81,
    0xC0, 0xFF, 0xFF, 0xFF, 0xFF, 0x81, 0xC0, 0xE0, 0x70, 0x38, 0x1C, 0x0E, 0x07, 0x00, 0x3F, 0xF9,
    0xFF, 0xCF, 0xFE, 0x70, 0x03, 0x80, 0x1C, 0x03, 0xFE, 0x1F, 0xF0, 0xFF, 0x81, 0xC0, 0x0E, 0x00,
    0x70, 0x03, 0x80, 0x1C, 0x00, 0xE0, 0x00, 0x3F, 0xF3, 0xFF, 0x3F, 0xF3, 0x80, 0x38, 0x0F, 0xF0,
    0xFF, 0x03, 0x80, 0x38, 0x03, 0x80, 0x38, 0x00, 0xFF, 0x9F, 0xF3, 0xFE, 0x70, 0x0E, 0x01, 0xC0,
    0x3F, 0xC7, 0xFC, 0xFF, 0xDC, 0x3F, 0x83, 0xF0, 0x7E, 0x0F, 0xC1, 0xF8, 0x38, 0x0E, 0x0F, 0xC1,
    0xF0, 0x3C, 0x00, 0xFF, 0xBF, 0xEF, 0xFB, 0x80, 0xE0, 0x3F, 0x8F, 0xFB, 0xFE, 0xE3, 0xF8, 0x7E,
    0x1C, 0x0F, 0x1F, 0xC7, 0xE1, 0xE0, 0xF0, 0x70, 0xF3, 0xC3, 0x8F, 0x0F, 0x1C, 0x70, 0x3C, 0xE7,
    0x80, 0xE7, 0x78, 0x03, 0xBF, 0x80, 0x0F, 0xF8, 0x00, 0x7F, 0xC0, 0x07, 0xFF, 0x00, 0x7B, 0xBC,
    0x07, 0x9C, 0xF0, 0x3C, 0xE3, 0xC3, 0xC7, 0x0F, 0xBC, 0x38, 0x3F, 0xC1, 0xC0, 0xE0, 0x00, 0x07,
    0x00, 0x00, 0x38, 0x00, 0x01, 0xC0, 0x00, 0x0E, 0xF1, 0xCF, 0x3C, 0xE7, 0x0F, 0x77, 0x83, 0xBF,
    0x80, 0xFF, 0x80, 0x7F, 0xC0, 0x3F, 0xF0, 0x3B, 0xBC, 0x3D, 0xCF, 0xBC, 0xE3, 0xFC, 0x70, 0xE0,
    0x00, 0x70, 0x00, 0x38, 0x00, 0x1C, 0x3F, 0x0F, 0xF1, 0xFF, 0x10, 0xE0, 0x1C, 0x07, 0x8F, 0xE1,
    0xFC, 0x3F, 0xC0, 0x3C, 0x03, 0xA0, 0x7F, 0xFF, 0xFF, 0x9F, 0xC0, 0xE0, 0x0E, 0x00, 0xC0, 0x78,
    0x0E, 0x00, 0xFC, 0xFF, 0xFF, 0x07, 0x7E, 0x7E, 0x07, 0x87, 0xFF, 0xFF, 0xFC, 0x38, 0x1C, 0x0C,
    0x3C, 0x38, 0xE0, 0xF7, 0x0F, 0x38, 0xF1, 0xCF, 0x0E, 0xF0, 0x7F, 0x03, 0xF0, 0x1F, 0xC0, 0xEE,
    0x07, 0x38, 0x38, 0xE1, 0xC7, 0x8E, 0x1F, 0xF0, 0x7F, 0x81, 0xE0, 0x07, 0x00, 0x38, 0x01, 0xC0,
    0x0E, 0xE1, 0xEE, 0x3C, 0xE7, 0x8E, 0xF0, 0xFE, 0x0F, 0xC0, 0xFF, 0x0E, 0xF8, 0xE7, 0xFE, 0x3F,
    0xE0, 0xF0, 0x07, 0x00, 0x70, 0x07, 0xE0, 0x3F, 0x81, 0xEE, 0xCF, 0x3B, 0x78, 0xEF, 0xC3, 0xFE,
    0x0F, 0xF8, 0x3F, 0xF0, 0xEF, 0xE3, 0xB7, 0x8E, 0xCF, 0x38, 0x3C, 0xE0, 0x7B, 0x81, 0xEE, 0x03,
    0xC0, 0xE0, 0x7E, 0xCE, 0xED, 0xCE, 0xFC, 0xFF, 0x8F, 0xFC, 0xEF, 0xCE, 0xDE, 0xE0, 0xEE, 0x0E,
    0xE0, 0x70, 0x38, 0x00, 0xE0, 0xFF, 0xE7, 0xBF, 0xBC, 0x39, 0xE0, 0xE7, 0x03, 0xBC, 0x0F, 0xE0,
    0x3F, 0x00, 0xFE, 0x03, 0xBC, 0x0E, 0x78, 0x38, 0xF0, 0xE1, 0xC3, 0x87, 0x8E, 0x0F, 0x70, 0x07,
    0xE3, 0xFF, 0x3D, 0xFB, 0xC7, 0x3C, 0x3B, 0xC1, 0xFC, 0x0E, 0xF0, 0x73, 0xC3, 0x8F, 0x1C, 0x3C,
    0xE0, 0xF0, 0xFE, 0x0F, 0x7F, 0x0F, 0x3F, 0x8F, 0x01, 0xCF, 0x00, 0xEF, 0x00, 0x7F, 0x00, 0x3F,
    0x00, 0x1F, 0xC0, 0x0E, 0xF0, 0x07, 0x3C, 0x03, 0x8F, 0x01, 0xC3, 0x80, 0xE0, 0xE0, 0x70, 0x78,
    0x38, 0x1E, 0xFC, 0x7B, 0xF3, 0xCF, 0xDE, 0x07, 0xF0, 0x1F, 0x80, 0x7F, 0x01, 0xDE, 0x07, 0x3C,
    0x1C, 0x70, 0x70, 0xE1, 0xC3, 0xC0, 0xE0, 0xE3, 0x83, 0x8E, 0x0E, 0x38, 0x38, 0xE0, 0xE3, 0x83,
    0x8F, 0xFE, 0x3F, 0xF8, 0xFF, 0xE3, 0x83, 0x8E, 0x0E, 0x38, 0x38, 0xE0, 0xFF, 0x83, 0xFE, 0x0F,
    0xC0, 0x07, 0x00, 0x1C, 0x00, 0x70, 0x01, 0xC0, 0xE1, 0xCE, 0x1C, 0xE1, 0xCE, 0x1C, 0xFF, 0xCF,
    0xFC, 0xFF, 0xCE, 0x1C, 0xE1, 0xFE, 0x1F, 0xE1, 0xF0, 0x07, 0x00, 0x70, 0x07, 0xE0, 0x7F, 0xE0,
    0x7F, 0xE0, 0x7F, 0xE0, 0x70, 0xE0, 0x70, 0xE0, 0x70, 0xFF, 0xF0, 0xFF, 0xF0, 0xFF, 0xF0, 0xE0,
    0x70, 0xE0, 0x70, 0xE0, 0x70, 0xE0, 0x70, 0xE0, 0x70, 0xE0, 0x70, 0xE1, 0xFF, 0x0F, 0xF8, 0x7F,
    0xC3, 0x8F, 0xFC, 0x7F, 0xE3, 0xFF, 0x1C, 0x38, 0xE1, 0xC7, 0x0E, 0x38, 0x70, 0xFF, 0xE0, 0x0F,
    0xFE, 0x00, 0xFF, 0xE0, 0x0E, 0x0E, 0x00, 0xE0, 0xE0, 0x0E, 0x0E, 0x00, 0xE0, 0xFF, 0x0E, 0x0F,
    0xFC, 0xE0, 0xFF, 0xEE, 0x0E, 0x0E, 0xE0, 0xE0, 0x7E, 0x0E, 0x07, 0xE0, 0xE0, 0x7E, 0x0E, 0x07,
    0xE0, 0xE0, 0xF0, 0x00, 0x1E, 0x00, 0x0F, 0xE0, 0x00, 0xFC, 0x00, 0x0F, 0x00, 0xFF, 0x80, 0xFF,
    0x80, 0xFF, 0x80, 0xE3, 0x80, 0xE3, 0xF8, 0xE3, 0xFE, 0xE3, 0xFE, 0xE3, 0x8F, 0xE3, 0x87, 0xE3,
    0x87, 0xE3, 0x87, 0x00, 0x0F, 0x00, 0x7E, 0x00, 0x7E, 0x00, 0x78, 0x07, 0xE0, 0x3F, 0xC0, 0xFF,
    0x03, 0xC0, 0x07, 0x00, 0x1C, 0x1F, 0x38, 0xFF, 0x71, 0xFF, 0xE7, 0x8F, 0xCE, 0x1F, 0x9C, 0x3B,
    0xB8, 0xF7, 0xFF, 0xC7, 0xFF, 0x03, 0xF8, 0x00, 0xF0, 0x00, 0xFC, 0x00, 0xF8, 0x00, 0x70, 0x1F,
    0x0F, 0xE1, 0xFC, 0x79, 0xEE, 0x7F, 0xDD, 0xFB, 0xBF, 0x77, 0x7F, 0xEF, 0xF8, 0x7E, 0x03, 0xC0,
    0x3E, 0x01, 0xC0, 0x0F, 0xE1, 0xFF, 0x3F, 0xF7, 0x82, 0xF0, 0x0E, 0x00, 0xE0, 0x0E, 0x00, 0xE0,
    0x0E, 0x00, 0xF0, 0x07, 0x82, 0x7F, 0xF3, 0xFF, 0x0F, 0xE0, 0x70, 0x03, 0x80, 0x18, 0x07, 0x80,
    0x70, 0x1F, 0x1F, 0xDF, 0xDE, 0x0E, 0x07, 0x03, 0x81, 0xE0, 0x7F, 0x9F, 0xC3, 0xE3, 0x80, 0x60,
    0xF0, 0xF0, 0xFF, 0xFF, 0xFF, 0xFF, 0x87, 0x00, 0xE0, 0x1C, 0x03, 0x80, 0x70, 0x0E, 0x01, 0xC0,
    0x38, 0x07, 0x00, 0xF8, 0x1F, 0x03, 0xE0, 0x1C, 0x03, 0x80, 0x70, 0x0E, 0x00, 0xFF, 0xFF, 0xFF,
    0xFF, 0x87, 0x00, 0xE0, 0x1C, 0x03, 0x80, 0x70, 0x0F, 0x81, 0xF0, 0x3E, 0x01, 0xC0, 0x38, 0x07,
    0x00, 0xF0, 0x7B, 0x83, 0x9E, 0x3C, 0x71, 0xC3, 0xDE, 0x0E, 0xE0, 0x7F, 0x01, 0xF0, 0x07, 0x00,
    0x38, 0x01, 0xC0, 0x0E, 0x00, 0x70, 0x03, 0x80, 0x1C, 0x00, 0xE0, 0xEE, 0x3D, 0xC7, 0x38, 0xE3,
    0xB8, 0x77, 0x0F, 0xE0, 0xF8, 0x1F, 0x01, 0xC0, 0x38, 0x07, 0x00, 0xE0, 0x1C, 0x03, 0x80, 0xF0,
    0x7B, 0x83, 0x9E, 0x3C, 0x71, 0xC3, 0xDE, 0x0E, 0xE0, 0x3E, 0x01, 0xF0, 0x07, 0x01, 0xFF, 0x0F,
    0xF8, 0x0E, 0x00, 0x70, 0x03, 0x80, 0x1C, 0x00, 0xE0, 0xFE, 0x3D, 0xC7, 0x38, 0xE7, 0x9C, 0x77,
    0x0E, 0xE1, 0xFC, 0x1F, 0x0F, 0xF1, 0xFE, 0x07, 0x00, 0xE0, 0x1C, 0x03, 0x80, 0xF0, 0x79, 0xE1,
    0xC3, 0x8E, 0x0F, 0x78, 0x1F, 0xC0, 0x3E, 0x00, 0x78, 0x01, 0xE0, 0x0F, 0xC0, 0x7F, 0x01, 0xDE,
    0x0F, 0x3C, 0x38, 0x7D, 0xC1, 0xFF, 0x03, 0xC0, 0x07, 0x00, 0x1C, 0x00, 0x70, 0x01, 0xC0, 0xF1,
    0xE7, 0x9C, 0x3F, 0x81, 0xF8, 0x0F, 0x00, 0xF0, 0x1F, 0x83, 0xFC, 0x39, 0xF7, 0x0F, 0xF0, 0xF0,
    0x07, 0x00, 0x70, 0x07, 0xFF, 0xE7, 0x1F, 0xFC, 0xE3, 0xFF, 0x9C, 0x07, 0x03, 0x80, 0xE0, 0x70,
    0x1C, 0x0E, 0x03, 0x81, 0xC0, 0x70, 0x38, 0x0E, 0x07, 0x01, 0xC0, 0xE0, 0x38, 0x1C, 0x07, 0x03,
    0x80, 0xFF, 0xFE, 0x1F, 0xFF, 0xC3, 0xFF, 0xF8, 0x00, 0x07, 0x00, 0x00, 0xE0, 0x00, 0x1C, 0x00,
    0x03, 0x80, 0xFE, 0xE7, 0xF7, 0x3F, 0xB8, 0x71, 0xC3, 0x8E, 0x1C, 0x70, 0xE3, 0x87, 0x1C, 0x3F,
    0xF9, 0xFF, 0xCF, 0xFE, 0x00, 0x70, 0x03, 0x80, 0x1C, 0xE0, 0xE7, 0x07, 0x38, 0x39, 0xC1, 0xCE,
    0x0E, 0x70, 0x73, 0xC3, 0x8F, 0xFC, 0x7F, 0xE1, 0xFF, 0x00, 0x38, 0x01, 0xC0, 0x0F, 0x80, 0x7C,
    0x03, 0xE0, 0x07, 0x00, 0x38, 0x01, 0xC0, 0x0E, 0xE1, 0xCE, 0x1C, 0xE1, 0xCE, 0x1C, 0xE1, 0xCF,
    0xFC, 0x7F, 0xC3, 0xFC, 0x01, 0xF0, 0x1F, 0x01, 0xF0, 0x07, 0x00, 0x70, 0x07, 0xE0, 0xFC, 0x1F,
    0x83, 0xF0, 0x7E, 0x0F, 0xCD, 0xFD, 0xBF, 0xFF, 0x7F, 0xE3, 0xFC, 0x1B, 0x83, 0x70, 0x0E, 0x01,
    0xC0, 0x38, 0xE1, 0xF8, 0x7E, 0x1F, 0xB7, 0xED, 0xFF, 0xF7, 0xFC, 0xFF, 0x0D, 0xC3, 0x70, 0x1C,
    0xE0, 0x07, 0x00, 0x38, 0x01, 0xC0, 0x0E, 0x00, 0x7F, 0xE3, 0xFF, 0xDF, 0xFE, 0xE0, 0x7F, 0x01,
    0xF8, 0x0F, 0xC0, 0x7E, 0x03, 0xF0, 0x1F, 0x80, 0xE0, 0xE0, 0x38, 0x0E, 0x03, 0x80, 0xE0, 0x3F,
    0xCF, 0xFB, 0xFF, 0xE3, 0xF8, 0x7E, 0x1F, 0x87, 0xE1, 0xF8, 0x7E, 0x1F, 0x87, 0x00, 0xF8, 0x01,
    0xFF, 0x39, 0xFF, 0xDC, 0xE0, 0xEE, 0xE0, 0x3F, 0xFF, 0xFD, 0xFF, 0xFE, 0x3F, 0xFF, 0x0E, 0x00,
    0x07, 0x00, 0x03, 0xC0, 0x00, 0xF0, 0x40, 0x3F, 0xF0, 0x0F, 0xF8, 0x03, 0xF0, 0x03, 0xE6, 0x7F,
    0xB3, 0xFF, 0xF8, 0x77, 0xFF, 0x9F, 0xFC, 0x70, 0x03, 0xC2, 0x0F, 0xF0, 0x7F, 0x80, 0xFC, 0x00,
    0xF8, 0x01, 0xFF, 0x01, 0xFF, 0xDC, 0xF0, 0xEE, 0xF0, 0x3F, 0x70, 0x1F, 0xFF, 0xFE, 0xFF, 0xFF,
    0x1F, 0xFF, 0x87, 0x00, 0x03, 0x80, 0x00, 0xF0, 0x40, 0x7F, 0xF0, 0x1F, 0xF8, 0x03, 0xF0, 0x00,
    0xE0, 0x00, 0x70, 0x00, 0x38, 0x00, 0x1C, 0x00, 0x03, 0xC0, 0x3F, 0xB3, 0xFD, 0xBC, 0xFF, 0xC3,
    0xBF, 0xFC, 0xFF, 0xE3, 0x82, 0x0F, 0xF0, 0x7F, 0x80, 0xFC, 0x03, 0x80, 0x1C, 0x00, 0xE0, 0xFF,
    0xFF, 0xFF, 0xFF, 0xFF, 0xF8, 0x00, 0x08, 0x00, 0x06, 0x60, 0x00, 0x3F, 0x00, 0x00, 0xF0, 0x00,
    0x00, 0x00, 0x78, 0x38, 0x3D, 0xE1, 0xC3, 0xC7, 0x8E, 0x3C, 0x1E, 0x73, 0xC0, 0x73, 0xBC, 0x01,
    0xDD, 0xC0, 0x07, 0xFC, 0x00, 0x3F, 0xE0, 0x03, 0xFF, 0x80, 0x3D, 0xDE, 0x03, 0xCE, 0x78, 0x1E,
    0x71, 0xC1, 0xE3, 0x8F, 0x1E, 0x1C, 0x3D, 0xE0, 0xE0, 0xF0, 0x00, 0x00, 0x03, 0x18, 0x00, 0xFC,
    0x00, 0x38, 0x00, 0x00, 0x00, 0x00, 0x03, 0xC7, 0x1E, 0xF3, 0x9E, 0x3D, 0xDE, 0x0E, 0xEE, 0x03,
    0xFE, 0x01, 0xFF, 0x00, 0xFF, 0x80, 0xEE, 0xE0, 0xF7, 0x78, 0xF3, 0x9E, 0xF1, 0xC7, 0x80, 0xE0,
    0xFE, 0x1E, 0xE3, 0xCE, 0x78, 0xEF, 0x0F, 0xE0, 0xFF, 0x0F, 0xFC, 0xFF, 0xEE, 0x1E, 0xE0, 0xFE,
    0x07, 0xE0, 0x7E, 0x07, 0xE0, 0x70, 0x0E, 0x07, 0xE0, 0x7C, 0x07, 0x80, 0xE3, 0xF9, 0xEE, 0x73,
    0xB8, 0xFE, 0x3F, 0xCF, 0xFB, 0x8F, 0xE1, 0xF8, 0x7E, 0x1C, 0x07, 0x03, 0xC3, 0xE0, 0xF0, 0x07,
    0xFE, 0x03, 0xFF, 0x01, 0xFF, 0x80, 0xE1, 0xC0, 0x70, 0xE0, 0x38, 0x70, 0x1C, 0x38, 0x1E, 0x1C,
    0x0E, 0x0E, 0x07, 0x07, 0x07, 0x83, 0x87, 0xC1, 0xCF, 0xC0, 0xFF, 0xC0, 0x7F, 0x80, 0x3E, 0x00,
    0x06, 0x00, 0x07, 0x00, 0x03, 0x00, 0x00, 0x80, 0x1F, 0xF0, 0x7F, 0xC1, 0xFF, 0x07, 0x1C, 0x1C,
    0x70, 0x71, 0xC3, 0xC7, 0x1E, 0x1C, 0xF8, 0x7F, 0xC1, 0xFE, 0x07, 0xC0, 0x06, 0x00, 0x38, 0x00,
    0x40, 0xE0, 0xFC, 0x1F, 0x83, 0xF0, 0x7E, 0x0F, 0xC1, 0xFF, 0xFF, 0xFF, 0xFF, 0xFC, 0x1F, 0x83,
    0xF0, 0x7E, 0x0F, 0xC1, 0xF8, 0x38, 0x07, 0x07, 0xE0, 0xF8, 0x1E, 0x00, 0xE1, 0xF8, 0x7E, 0x1F,
    0x87, 0xFF, 0xFF, 0xFF, 0xFF, 0x87, 0xE1, 0xF8, 0x7E, 0x1C, 0x07, 0x0F, 0xC3, 0xE0, 0xF0, 0xE0,
    0xE7, 0x07, 0x38, 0x39, 0xC1, 0xCE, 0x0E, 0x70, 0x73, 0xFF, 0x9F, 0xFC, 0xFF, 0xE7, 0x07, 0x38,
    0x39, 0xC1, 0xCE, 0x0F, 0xF0, 0x7F, 0x83, 0xE0, 0x06, 0x00, 0x70, 0x03, 0x00, 0x08, 0xE1, 0xCE,
    0x1C, 0xE1, 0xCE, 0x1C, 0xFF, 0xCF, 0xFC, 0xFF, 0xCE, 0x1C, 0xE1, 0xFE, 0x1F, 0xE1, 0xF0, 0x0E,
    0x00, 0xE0, 0x0C, 0xE0, 0xFC, 0x1F, 0x83, 0xF0, 0x7E, 0x0F, 0xC1, 0xFC, 0x3B, 0xFF, 0x7F, 0xE7,
    0xFC, 0x03, 0x80, 0x70, 0x3E, 0x07, 0xC0, 0xF8, 0x1C, 0x03, 0x80, 0x70, 0x0E, 0x00, 0xE1, 0xF8,
    0x7E, 0x1F, 0x87, 0xFF, 0xDF, 0xF3, 0xFC, 0x07, 0x01, 0xC1, 0xF0, 0x7C, 0x1C, 0x07, 0x01, 0xC0,
    0x70, 0x0E, 0x1E, 0x07, 0x87, 0x81, 0xE1, 0xF0, 0x78, 0x7C, 0x3E, 0x1B, 0x8D, 0xCE, 0xE7, 0x73,
    0x9D, 0xDC, 0xE7, 0x67, 0x38, 0xF9, 0xCE, 0x3C, 0x73, 0x87, 0x1C, 0xE1, 0xC7, 0xF8, 0x01, 0xFE,
    0x00, 0x7C, 0x00, 0x06, 0x00, 0x03, 0x80, 0x00, 0xC0, 0x00, 0x10, 0x70, 0x70, 0xE0, 0xE1, 0xE3,
    0xE3, 0xC7, 0xCF, 0xDF, 0x9D, 0xB7, 0x3B, 0xEE, 0x77, 0xDC, 0xE7, 0x3F, 0xCE, 0x7F, 0x80, 0xF8,
    0x00, 0x60, 0x01, 0xC0, 0x01, 0x00, 0xFF, 0xFF, 0xFF, 0xFF, 0xFF, 0xF8, 0x04, 0x00, 0x19, 0xC0,
    0x3F, 0x00, 0x3C, 0x00, 0x00, 0x00, 0xF8, 0x01, 0xF0, 0x07, 0xF0, 0x0E, 0xE0, 0x1D, 0xC0, 0x7B,
    0xC0, 0xE3, 0x81, 0xC7, 0x07, 0x8F, 0x0F, 0xFE, 0x3F, 0xFE, 0x7F, 0xFC, 0xE0, 0x3B, 0xC0, 0x7F,
    0x00, 0x70, 0x00, 0x0C, 0x61, 0xF0, 0x38, 0x00, 0x00, 0x07, 0xF1, 0xFE, 0x7F, 0xC0, 0x73, 0xFD,
    0xFF, 0xE1, 0xF8, 0x7F, 0xFD, 0xFF, 0x3F, 0xC0, 0x0C, 0xC0, 0x1D, 0xC0, 0x33, 0x00, 0x00, 0x00,
    0x7C, 0x00, 0xF8, 0x03, 0xF8, 0x07, 0x70, 0x0E, 0xE0, 0x3D, 0xE0, 0x71, 0xC0, 0xE3, 0x83, 0xC7,
    0x87, 0xFF, 0x1F, 0xFF, 0x3F, 0xFE, 0x70, 0x1D, 0xE0, 0x3F, 0x80, 0x38, 0x3B, 0x8E, 0xE3, 0xB8,
    0x00, 0x00, 0x1F, 0xC7, 0xF9, 0xFF, 0x01, 0xCF, 0xF7, 0xFF, 0x87, 0xE1, 0xFF, 0xF7, 0xFC, 0xFF,
    0x00, 0xFF, 0xF0, 0x1F, 0xFF, 0x01, 0xFF, 0xF0, 0x3F, 0x80, 0x03, 0xB8, 0x00, 0x7B, 0x80, 0x07,
    0x3F, 0xE0, 0xF3, 0xFE, 0x0E, 0x3F, 0xE1, 0xFF, 0x80, 0x3F, 0xF8, 0x03, 0xFF, 0x80, 0x78, 0x3F,
    0xF7, 0x03, 0xFF, 0xF0, 0x3F, 0xF0, 0x7E, 0x7C, 0x7F, 0xFE, 0x7F, 0xFF, 0x03, 0x87, 0x3F, 0xFF,
    0x7F, 0xFF, 0xE3, 0x80, 0xE3, 0xC0, 0xFF, 0xFE, 0x7F, 0xFE, 0x3E, 0x7E, 0x00, 0x0C, 0xE3, 0xF0,
    0x78, 0x00, 0x3F, 0xFF, 0xFF, 0xFF, 0xE0, 0x38, 0x0E, 0x03, 0xFE, 0xFF, 0xBF, 0xEE, 0x03, 0x80,
    0xE0, 0x3F, 0xFF, 0xFF, 0xFF, 0x10, 0x0C, 0xC3, 0xF0, 0x78, 0x00, 0x00, 0x01, 0xF1, 0xFE, 0x7F,
    0xF8, 0x7F, 0xFF, 0xFF, 0xE0, 0x3C, 0x27, 0xF9, 0xFE, 0x1F, 0x80, 0x3F, 0x83, 0xFF, 0x1F, 0xFC,
    0x41, 0xE0, 0x03, 0x80, 0x1F, 0xFF, 0xFF, 0xFF, 0xFF, 0xFF, 0x01, 0xF8, 0x1E, 0xE1, 0xE7, 0xFF,
    0x1F, 0xF0, 0x3E, 0x00, 0x7E, 0x1F, 0xE7, 0xF8, 0x0F, 0x01, 0xFF, 0xFF, 0xFF, 0x87, 0xFF, 0x9F,
    0xE3, 0xE0, 0x19, 0x80, 0xEE, 0x06, 0x60, 0x00, 0x03, 0xF8, 0x3F, 0xF1, 0xFF, 0xC4, 0x1E, 0x00,
    0x38, 0x01, 0xFF, 0xFF, 0xFF, 0xFF, 0xFF, 0xF0, 0x1F, 0x81, 0xEE, 0x1E, 0x7F, 0xF1, 0xFF, 0x03,
    0xE0, 0x33, 0x1D, 0xC3, 0x30, 0x00, 0x00, 0x1F, 0x87, 0xF9, 0xFE, 0x03, 0xC0, 0x7F, 0xFF, 0xFF,
    0xE1, 0xFF, 0xE7, 0xF8, 0xF8, 0x01, 0x98, 0x00, 0x0E, 0xE0, 0x00, 0x66, 0x00, 0x00, 0x00, 0x0F,
    0x07, 0x07, 0xBC, 0x38, 0x78, 0xF1, 0xC7, 0x83, 0xCE, 0x78, 0x0E, 0x77, 0x80, 0x3B, 0xB8, 0x00,
    0xFF, 0x80, 0x07, 0xFC, 0x00, 0x7F, 0xF0, 0x07, 0xBB, 0xC0, 0x79, 0xCF, 0x03, 0xCE, 0x38, 0x3C,
    0x71, 0xE3, 0xC3, 0x87, 0xBC, 0x1C, 0x1E, 0x03, 0x30, 0x03, 0xB8, 0x00, 0xCC, 0x00, 0x00, 0x00,
    0x00, 0x07, 0x8E, 0x3D, 0xE7, 0x3C, 0x7B, 0xBC, 0x1D, 0xDC, 0x07, 0xFC, 0x03, 0xFE, 0x01, 0xFF,
    0x01, 0xDD, 0xC1, 0xEE, 0xF1, 0xE7, 0x3D, 0xE3, 0x8F, 0x33, 0x0E, 0xE0, 0xCC, 0x00, 0x00, 0x00,
    0x7E, 0x1F, 0xE3, 0xFE, 0x21, 0xC0, 0x38, 0x0F, 0x1F, 0xC3, 0xF8, 0x7F, 0x80, 0x78, 0x07, 0x40,
    0xFF, 0xFF, 0xFF, 0x1F, 0x80, 0x66, 0xEE, 0x66, 0x00, 0x00, 0xFC, 0xFF, 0xFF, 0x07, 0x7E, 0x7E,
    0x07, 0x87, 0xFF, 0xFE, 0x7C, 0x7F, 0xF7, 0xFF, 0x7F, 0xF0, 0x1E, 0x03, 0xC0, 0x78, 0x0F, 0xC0,
    0xFE, 0x00, 0xF0, 0x07, 0x00, 0x74, 0x0F, 0xFF, 0xEF, 0xFE, 0x3F, 0x80, 0x7F, 0xDF, 0xF7, 0xFC,
    0x0E, 0x07, 0x03, 0x81, 0xF0, 0x7E, 0x03, 0xC0, 0x70, 0x1D, 0x0F, 0x7F, 0xDF, 0xE7, 0xE0, 0x3F,
    0x83, 0xF8, 0x00, 0x0E, 0x07, 0xE0, 0xFE, 0x1F, 0xE1, 0xFE, 0x3F, 0xE7, 0xFE, 0x77, 0xEE, 0x7F,
    0xC7, 0xFC, 0x7F, 0x87, 0xF0, 0x7F, 0x07, 0xE0, 0x7E, 0x07, 0x3F, 0x87, 0xF0, 0x00, 0x00, 0x0E,
    0x0F, 0xC3, 0xF8, 0xFF, 0x3F, 0xEF, 0xFF, 0xDF, 0xF3, 0xFE, 0x7F, 0x8F, 0xE1, 0xF8, 0x38, 0x19,
    0x81, 0xDC, 0x19, 0x80, 0x00, 0xE0, 0x7E, 0x0F, 0xE1, 0xFE, 0x1F, 0xE3, 0xFE, 0x7F, 0xE7, 0x7E,
    0xE7, 0xFC, 0x7F, 0xC7, 0xF8, 0x7F, 0x07, 0xF0, 0x7E, 0x07, 0xE0, 0x70, 0x3B, 0x87, 0x70, 0xEE,
    0x00, 0x00, 0x01, 0xC1, 0xF8, 0x7F, 0x1F, 0xE7, 0xFD, 0xFF, 0xFB, 0xFE, 0x7F, 0xCF, 0xF1, 0xFC,
    0x3F, 0x07, 0x0C, 0xC0, 0x1D, 0xC0, 0x33, 0x00, 0x00, 0x00, 0x7C, 0x03, 0xFE, 0x0F, 0xFE, 0x3C,
    0x1E, 0x70, 0x1F, 0xC0, 0x1F, 0x80, 0x3F, 0x00, 0x7E, 0x00, 0xFC, 0x01, 0xFC, 0x07, 0xBC, 0x1E,
    0x3F, 0xF8, 0x3F, 0xE0, 0x1F, 0x80, 0x33, 0x07, 0x70, 0xCC, 0x00, 0x00, 0x00, 0x3E, 0x0F, 0xE3,
    0xFE, 0xF1, 0xFC, 0x1F, 0x83, 0xF0, 0x7F, 0x1E, 0xFF, 0x8F, 0xE0, 0xF8, 0x07, 0xC0, 0x3F, 0xE0,
    0xFF, 0xE3, 0xC1, 0xE7, 0x01, 0xFC, 0x01, 0xFF, 0xFF, 0xFF, 0xFF, 0xE0, 0x0F, 0xC0, 0x1F, 0xC0,
    0x7B, 0xC1, 0xE3, 0xFF, 0x83, 0xFE, 0x01, 0xF8, 0x00, 0x1F, 0x07, 0xF1, 0xFF, 0x70, 0x7F, 0xFF,
    0xFF, 0xF8, 0x3F, 0x8F, 0x7F, 0xC7, 0xF0, 0x7C, 0x00, 0x0C, 0xC0, 0x1D, 0xC0, 0x33, 0x00, 0x00,
    0x00, 0x7C, 0x03, 0xFE, 0x0F, 0xFE, 0x3C, 0x1E, 0x70, 0x1F, 0xC0, 0x1F, 0xFF, 0xFF, 0xFF, 0xFE,
    0x00, 0xFC, 0x01, 0xFC, 0x07, 0xBC, 0x1E, 0x3F, 0xF8, 0x3F, 0xE0, 0x1F, 0x80, 0x33, 0x07, 0x70,
    0xCC, 0x00, 0x00, 0x00, 0x3E, 0x0F, 0xE3, 0xFE, 0xE0, 0xFF, 0xFF, 0xFF, 0xF0, 0x7F, 0x1E, 0xFF,
    0x8F, 0xE0, 0xF8, 0x3B, 0x83, 0xB8, 0x3B, 0x80, 0x00, 0x3F, 0x0F, 0xFC, 0x7F, 0xE4, 0x1E, 0x00,
    0xF0, 0x07, 0x1F, 0xF1, 0xFF, 0x1F, 0xF0, 0x07, 0x00, 0xF4, 0x1E, 0xFF, 0xEF, 0xFC, 0x3F, 0x00,
    0x66, 0x3B, 0x99, 0x80, 0x00, 0x07, 0xE3, 0xFD, 0xFE, 0x03, 0x9F, 0xCF, 0xE0, 0x70, 0x7F, 0xFB,
    0xFC, 0xF8, 0x1F, 0xC0, 0xFE, 0x00, 0x01, 0xE0, 0x77, 0x07, 0x38, 0x39, 0xE3, 0xC7, 0x1C, 0x3C,
    0xE0, 0xEE, 0x07, 0x70, 0x3F, 0x00, 0xF8, 0x07, 0x80, 0x3C, 0x1F, 0xC0, 0xFE, 0x07, 0xC0, 0x00,
    0x3F, 0x87, 0xF0, 0x00, 0x00, 0x0E, 0x0F, 0xE3, 0xDC, 0x73, 0x8E, 0x79, 0xC7, 0x70, 0xEE, 0x1F,
    0x81, 0xF0, 0x3E, 0x03, 0x80, 0xF0, 0xFC, 0x1F, 0x83, 0xE0, 0x00, 0x0C, 0xC0, 0x77, 0x03, 0x30,
    0x00, 0x0F, 0x03, 0xB8, 0x39, 0xC1, 0xCF, 0x1E, 0x38, 0xE1, 0xE7, 0x07, 0x70, 0x3B, 0x81, 0xF8,
    0x07, 0xC0, 0x3C, 0x01, 0xE0, 0xFE, 0x07, 0xF0, 0x3E, 0x00, 0x3B, 0x87, 0x70, 0xEE, 0x00, 0x00,
    0x01, 0xC1, 0xFC, 0x7B, 0x8E, 0x71, 0xCF, 0x38, 0xEE, 0x1D, 0xC3, 0xF0, 0x3E, 0x07, 0xC0, 0x70,
    0x1E, 0x1F, 0x83, 0xF0, 0x7C, 0x00, 0x02, 0x20, 0x33, 0x01, 0x98, 0x19, 0x80, 0x88, 0x00, 0x03,
    0xC0, 0xEE, 0x0E, 0x70, 0x73, 0xC7, 0x8E, 0x38, 0x79, 0xC1, 0xDC, 0x0E, 0xE0, 0x7E, 0x01, 0xF0,
    0x0F, 0x00, 0x78, 0x3F, 0x81, 0xFC, 0x0F, 0x80, 0x00, 0x08, 0x81, 0x98, 0x66, 0x0C, 0xC1, 0x10,
    0x00, 0x38, 0x3F, 0x8F, 0x71, 0xCE, 0x39, 0xE7, 0x1D, 0xC3, 0xB8, 0x7E, 0x07, 0xC0, 0xF8, 0x0E,
    0x03, 0xC3, 0xF0, 0x7E, 0x0F, 0x80, 0x3B, 0x87, 0x70, 0xEE, 0x00, 0x0E, 0x0F, 0xC1, 0xF8, 0x3F,
    0x07, 0xE0, 0xFC, 0x1F, 0xC3, 0xBF, 0xF7, 0xFE, 0x7F, 0xC0, 0x38, 0x07, 0x00, 0xE0, 0x1C, 0x03,
    0x80, 0x77, 0x1D, 0xC7, 0x70, 0x00, 0x00, 0x38, 0x7E, 0x1F, 0x87, 0xE1, 0xF8, 0x7F, 0xFD, 0xFF,
    0x3F, 0xC0, 0x70, 0x1C, 0x07, 0xFF, 0xFF, 0xFF, 0xFC, 0x0E, 0x07, 0x03, 0x81, 0xC0, 0xE0, 0x70,
    0x38, 0x1C, 0x0F, 0x87, 0xC3, 0xE0, 0x70, 0x38, 0x1C, 0x0E, 0x00, 0xFF, 0xFF, 0xFF, 0xFC, 0x0E,
    0x07, 0x03, 0x81, 0xC0, 0xF8, 0x7C, 0x3E, 0x07, 0x03, 0x81, 0xC0, 0x06, 0x60, 0x1D, 0xC0, 0x19,
    0x80, 0x00, 0x0E, 0x00, 0xFC, 0x01, 0xF8, 0x03, 0xF0, 0x07, 0xE0, 0x0F, 0xFC, 0x1F, 0xFE, 0x3F,
    0xFC, 0x7E, 0x3C, 0xFC, 0x39, 0xF8, 0x73, 0xF1, 0xE7, 0xFF, 0x8F, 0xFF, 0x1F, 0xF8, 0x38, 0x0C,
    0xC0, 0x77, 0x00, 0xCC, 0x00, 0x00, 0x00, 0x03, 0x80, 0x7E, 0x01, 0xF8, 0x07, 0xE0, 0x1F, 0xF8,
    0x7F, 0xF1, 0xFF, 0xE7, 0xE3, 0x9F, 0xFE, 0x7F, 0xF1, 0xFF, 0x87, 0xF0, 0x73, 0xC3, 0x8F, 0x1C,
    0x38, 0xE1, 0xE7, 0x1F, 0xF1, 0xFF, 0x0E, 0xF0, 0xE3, 0xC7, 0x0E, 0x38, 0x79, 0xC1, 0xEE, 0x07,
    0x80, 0x7E, 0x1F, 0xE3, 0xFE, 0x01, 0xC0, 0x38, 0x07, 0x00, 0xE0, 0x1C, 0x03, 0x80, 0x73, 0xFF,
    0xFF, 0xFF, 0xFE, 0x3C, 0x3E, 0x7E, 0x0E, 0x0E, 0x0E, 0x0E, 0x0E, 0x0E, 0x1E, 0xF7, 0xF7, 0xE7,
    0xFF, 0xFF, 0xFF, 0xFC, 0x1C, 0x07, 0x01, 0xC0, 0x70, 0x1C, 0x07, 0x01, 0xC0, 0x70, 0x1C, 0x07,
    0x00, 0xFF, 0x8F, 0xFE, 0xFF, 0xE0, 0x0E, 0x00, 0xE0, 0x0F, 0xF0, 0xFF, 0x0F, 0xF0, 0xFF, 0x0F,
    0xF0, 0xFF, 0x0F, 0xF0, 0xF0, 0xFF, 0xFE, 0xF7, 0xBD, 0xEF, 0x7B, 0xDE, 0xF7, 0x80, 0xFF, 0xFF,
    0xCC, 0x71, 0xC7, 0x1C, 0x71, 0xC7, 0x1C, 0x78, 0xFF, 0xCF, 0xFE, 0xFF, 0xF7, 0x07, 0x70, 0x77,
    0x07, 0x70, 0x77, 0x07, 0x70, 0x77, 0x07, 0x70, 0x77, 0x07, 0x70, 0x70, 0xE7, 0xCE, 0x7E, 0xE7,
    0xEE, 0x0F, 0xE0, 0x7E, 0x07, 0xE0, 0x7E, 0x07, 0xE0, 0xFF, 0x0E, 0x7F, 0xE3, 0xFC, 0x1F, 0x80,
    0xFF, 0xFE, 0xF7, 0xBD, 0xE0, 0xFE, 0x3F, 0xEF, 0xF8, 0x0F, 0x01, 0xC0, 0x70, 0x1C, 0x07, 0x01,
    0xC0, 0x70, 0x1C, 0x07, 0x01, 0xC0, 0x70, 0x1C, 0x07, 0x01, 0xC0, 0xFC, 0x7F, 0xBF, 0xC0, 0xF0,
    0x38, 0x1C, 0x0E, 0x07, 0x03, 0x83, 0xFF, 0xDF, 0xEF, 0xC0, 0xE0, 0x38, 0x0E, 0x03, 0xFF, 0xFF,
    0xFF, 0xF0, 0x38, 0x0E, 0x07, 0x81, 0xC0, 0x70, 0x3C, 0x0E, 0x03, 0x81, 0xE0, 0x70, 0xFF, 0xCF,
    0xFE, 0xFF, 0xF7, 0x07, 0x70, 0x77, 0x07, 0x70, 0x77, 0x07, 0x70, 0x77, 0x07, 0x7F, 0xF7, 0xFF,
    0x7F, 0xF0, 0xE3, 0xC7, 0x3F, 0x9F, 0xFC, 0xF0, 0xF7, 0x83, 0xBC, 0x1D, 0xC0, 0xEE, 0x07, 0x70,
    0x3B, 0x83, 0xDC, 0xFD, 0xE7, 0xCE, 0x7C, 0x00, 0xFF, 0xFE, 0xF7, 0xBD, 0xEF, 0x7B, 0xDE, 0xF7,
    0xBD, 0xEF, 0x78, 0x7B, 0xFF, 0xC7, 0x1C, 0x71, 0xC7, 0x1C, 0x7F, 0xFF, 0xFC, 0xFF, 0xCF, 0xFE,
    0xFF, 0xF7, 0x07, 0x70, 0x7F, 0x07, 0xE0, 0x7F, 0x07, 0xF0, 0x77, 0x0F, 0x7F, 0xE3, 0xFC, 0x1F,
    0x80, 0xE0, 0xEE, 0x1D, 0xC3, 0xB8, 0x77, 0x0E, 0xE1, 0xCE, 0x39, 0xCF, 0x39, 0xC7, 0xF9, 0xFE,
    0x7F, 0x0F, 0x00, 0x3F, 0x0F, 0xF3, 0xFF, 0x70, 0xFE, 0x0F, 0xC1, 0xFE, 0x3B, 0xC7, 0x10, 0xE0,
    0x1C, 0x03, 0x80, 0x70, 0x0E, 0x01, 0xC0, 0x38, 0x07, 0x00, 0xE0, 0x3F, 0x0F, 0xF3, 0xFF, 0x70,
    0xFE, 0x0F, 0xC1, 0xFE, 0x3B, 0xC7, 0x10, 0xE0, 0x3F, 0xFF, 0x7F, 0xCF, 0xE0, 0xF0, 0xF7, 0x0E,
    0x78, 0xE3, 0x8E, 0x38, 0xE1, 0xDE, 0x1D, 0xC1, 0xF8, 0x0F, 0x00, 0xE0, 0x0E, 0x00, 0x70, 0x07,
    0x00, 0x70, 0x07, 0x80, 0x38, 0x03, 0x80, 0xF1, 0xFE, 0x39, 0xE7, 0x1C, 0xE3, 0xDC, 0x3F, 0x03,
    0xE0, 0x78, 0x07, 0x00, 0xF3, 0xFE, 0x7F, 0xEF, 0xFC, 0xFF, 0xFF, 0xFF, 0xFF, 0xF0, 0x0E, 0x00,
    0xE0, 0x0E, 0xF1, 0xEF, 0x1C, 0xF1, 0xCF, 0x1C, 0xF3, 0x8F, 0x38, 0xF3, 0x8F, 0x00, 0xF0, 0x0F,
    0x00, 0xF0, 0x00, 0xFE, 0x7F, 0xBF, 0xE0, 0x70, 0x38, 0x1C, 0x0E, 0x07, 0x03, 0x81, 0xC0, 0xE0,
    0x70, 0x38, 0xE3, 0x9F, 0x8E, 0x7E, 0x39, 0xF8, 0xE7, 0xE7, 0x1F, 0xBC, 0x7F, 0xE1, 0xFF, 0x07,
    0x70, 0x3D, 0xE0, 0xE3, 0xFF, 0x87, 0xFC, 0x0F, 0xC0, 0xFF, 0xE7, 0xFF, 0xBF, 0xFC, 0x70, 0xF3,
    0x83, 0x9C, 0x1C, 0xE0, 0xE7, 0x07, 0x38, 0x39, 0xC1, 0xFE, 0x0F, 0xE0, 0x7E, 0x03, 0x80, 0x76,
    0xEF, 0x70, 0x77, 0xFF, 0xEE, 0x00, 0x00, 0x4F, 0xFF, 0x3F, 0x9F, 0xFF, 0xFF, 0xC2, 0xF0, 0x1E,
    0x03, 0xC0, 0x78, 0x0E, 0x03, 0x80, 0x00, 0x18, 0x0F, 0x03, 0xC0, 0xF0, 0x1E, 0x1F, 0x1F, 0x8E,
    0x07, 0x01, 0xD8, 0xFF, 0xFF, 0x7C, 0x38, 0x00, 0xFE, 0xFF, 0xFE, 0x46, 0xF7, 0x20, 0xEE, 0xEE,
    0xF7, 0x77, 0x77, 0x77, 0x77, 0xE1, 0xF8, 0x7F, 0xF9, 0xFE, 0x7F, 0x1C, 0x07, 0x01, 0xC0, 0x70,
    0x0C, 0x03, 0x80, 0xE0, 0x38, 0x0E, 0x00, 0xE0, 0x67, 0x77, 0x77, 0x77, 0xFF, 0x7F, 0xE7, 0xC8,
    0x70, 0x03, 0x80, 0x38, 0x03, 0x80, 0x38, 0x03, 0x80, 0x38, 0x03, 0x80, 0x0C, 0x1E, 0x1F, 0x8E,
    0x06, 0x03, 0xE1, 0xF0, 0x78, 0x78, 0x38, 0x38, 0x0F, 0xF7, 0xF9, 0xFC, 0x1E, 0x0F, 0xC7, 0xF9,
    0xCE, 0xE1, 0xF8, 0x7E, 0x1F, 0x8E, 0x7F, 0x9F, 0xE1, 0xE0, 0xFF, 0xBF, 0xEF, 0xF8, 0x0E, 0x03,
    0x80, 0xE0, 0x38, 0x0E, 0x03, 0x80, 0xE0, 0x18, 0x07, 0x01, 0xC0, 0x70, 0x20, 0x4E, 0x07, 0xF0,
    0xE7, 0x0E, 0x70, 0xE3, 0x9C, 0x39, 0xC3, 0x9C, 0x1F, 0x81, 0xF8, 0x1F, 0x81, 0xF0, 0x0F, 0x00,
    0xF0, 0x0E, 0x00, 0x07, 0x00, 0xF0, 0x0F, 0x00, 0xF0, 0x1F, 0x81, 0xF8, 0x1F, 0x83, 0x9C, 0x39,
    0xC3, 0x9C, 0x70, 0xE7, 0x0E, 0xF0, 0xE6, 0x07, 0x3E, 0x1F, 0xC7, 0xF3, 0x8E, 0xE3, 0xBD, 0xE7,
    0xF9, 0xFE, 0x03, 0x80, 0xE0, 0x38, 0x06, 0x01, 0xC0, 0x70, 0x00, 0x10, 0x03, 0x80, 0x0F, 0x80,
    0x7E, 0x03, 0xF0, 0x1F, 0x00, 0xF8, 0x07, 0xE0, 0x3F, 0x87, 0xFF, 0xFC, 0xFF, 0xC0, 0xF8, 0x00,
    0xFF, 0xC0, 0x46, 0xF7, 0x20, 0xEE, 0xEE, 0xF7, 0x77, 0x77, 0x77, 0x77, 0xE1, 0xF8, 0x7F, 0xF9,
    0xFE, 0x7F, 0x1C, 0x07, 0x01, 0xC0, 0x70, 0x0C, 0x03, 0x80, 0xE0, 0x38, 0x0E, 0x00, 0xE0, 0x67,
    0x77, 0x77, 0x77, 0xFF, 0x7F, 0xE7, 0xC8, 0x70, 0x03, 0x80, 0x38, 0x03, 0x80, 0x38, 0x03, 0x80,
    0x38, 0x03, 0x80, 0xE7, 0xBB, 0xEE, 0xE1, 0xD9, 0x7F, 0xDF, 0xF7, 0xF1, 0xC0, 0x70, 0x1C, 0x07,
    0x00, 0xC0, 0x30, 0x0E, 0x00, 0x08, 0x07, 0x01, 0xE0, 0x7C, 0x3F, 0x1E, 0xE7, 0x3B, 0x87, 0xE1,
    0xF8, 0x7E, 0xDF, 0xFF, 0xFF, 0xDD, 0xE0, 0x1F, 0x0F, 0x87, 0xE1, 0xC0, 0x70, 0x1E, 0x43, 0xF8,
    0x7F, 0x1F, 0x07, 0x83, 0xC1, 0xE0, 0x70, 0x3C, 0x01, 0x00, 0x20, 0x4E, 0x07, 0xF0, 0xE7, 0x0E,
    0x70, 0xE3, 0x9C, 0x39, 0xC3, 0x9C, 0x1F, 0x81, 0xF8, 0x1F, 0x81, 0xF0, 0x0F, 0x00, 0xF0, 0x0E,
    0x00, 0x07, 0x00, 0xF0, 0x0F, 0x00, 0xF0, 0x1F, 0x81, 0xF8, 0x1F, 0x83, 0x9C, 0x39, 0xC3, 0x9C,
    0x70, 0xE7, 0x0E, 0xF0, 0xE6, 0x07, 0x3E, 0x1F, 0xC7, 0xF3, 0x8E, 0xE3, 0xBD, 0xE7, 0xF9, 0xFE,
    0x03, 0x80, 0xE0, 0x38, 0x06, 0x01, 0xC0, 0x70, 0x07, 0x80, 0x0F, 0x80, 0x1F, 0x00, 0x77, 0x00,
    0xEE, 0x03, 0x9E, 0x07, 0x1C, 0x0E, 0x38, 0x3F, 0xF8, 0x7F, 0xF1, 0xFF, 0xF3, 0x81, 0xE7, 0x01,
    0xDE, 0x03, 0xC0, 0x00, 0x01, 0xC0, 0x03, 0x80, 0x07, 0x00, 0x7F, 0x3F, 0xD1, 0xE0, 0x73, 0xFF,
    0xFF, 0xCF, 0xC7, 0xE3, 0xFF, 0xDF, 0xE0, 0x00, 0xC0, 0xE0, 0x70, 0x07, 0x80, 0x0F, 0x80, 0x03,
    0x00, 0x1C, 0x00, 0x30, 0x00, 0x00, 0x01, 0xE0, 0x03, 0xE0, 0x07, 0xC0, 0x1D, 0xC0, 0x3B, 0x80,
    0xE7, 0x81, 0xC7, 0x03, 0x8E, 0x0F, 0xFE, 0x1F, 0xFC, 0x7F, 0xFC, 0xE0, 0x79, 0xC0, 0x77, 0x80,
    0xF0, 0x1E, 0x0F, 0x01, 0x81, 0x80, 0x03, 0xF9, 0xFE, 0x8F, 0x03, 0x9F, 0xFF, 0xFE, 0x7E, 0x3F,
    0x1F, 0xFE, 0xFF, 0x00, 0x18, 0x00, 0x38, 0x04, 0xE0, 0x1D, 0x80, 0x7C, 0x00, 0xD8, 0x00, 0x00,
    0x00, 0x00, 0x07, 0x80, 0x0F, 0x80, 0x1F, 0x00, 0x77, 0x00, 0xEE, 0x03, 0x9E, 0x07, 0x1C, 0x0E,
    0x38, 0x3F, 0xF8, 0x7F, 0xF1, 0xFF, 0xF3, 0x81, 0xE7, 0x01, 0xDE, 0x03, 0xC0, 0x00, 0x40, 0x1C,
    0x07, 0x04, 0xC3, 0xC0, 0xEE, 0x08, 0x80, 0x00, 0x7F, 0x0F, 0xF1, 0x1E, 0x01, 0xC3, 0xF9, 0xFF,
    0x3C, 0xE7, 0x1C, 0xE3, 0x9F, 0xF1, 0xFE, 0x00, 0x00, 0x00, 0x01, 0x80, 0x03, 0x80, 0x0B, 0x80,
    0x3A, 0x00, 0xF8, 0x01, 0xB0, 0x00, 0x00, 0x00, 0x00, 0x0F, 0x00, 0x1F, 0x00, 0x3E, 0x00, 0xEE,
    0x01, 0xDC, 0x07, 0x3C, 0x0E, 0x38, 0x1C, 0x70, 0x7F, 0xF0, 0xFF, 0xE3, 0xFF, 0xE7, 0x03, 0xCE,
    0x03, 0xBC, 0x07, 0x80, 0x02, 0x01, 0xC0, 0x38, 0x26, 0x3C, 0x1D, 0xC2, 0x20, 0x00, 0x7F, 0x1F,
    0xE4, 0x78, 0x0E, 0x3F, 0xBF, 0xEF, 0x3B, 0x8E, 0xE3, 0xBF, 0xE7, 0xF8, 0x00, 0x78, 0x00, 0xF0,
    0x00, 0x60, 0x09, 0x80, 0x38, 0x00, 0xF8, 0x01, 0xB0, 0x00, 0x00, 0x00, 0x00, 0x0F, 0x00, 0x1F,
    0x00, 0x3E, 0x00, 0xEE, 0x01, 0xDC, 0x07, 0x3C, 0x0E, 0x38, 0x1C, 0x70, 0x7F, 0xF0, 0xFF, 0xE3,
    0xFF, 0xE7, 0x03, 0xCE, 0x03, 0xBC, 0x07, 0x80, 0x03, 0xC0, 0x7C, 0x03, 0x04, 0xC3, 0xC0, 0xEE,
    0x08, 0x80, 0x00, 0x7F, 0x0F, 0xF1, 0x1E, 0x01, 0xC3, 0xF9, 0xFF, 0x3C, 0xE7, 0x1C, 0xE3, 0x9F,
    0xF1, 0xFE, 0x00, 0x0F, 0xE0, 0x1F, 0xC0, 0x03, 0x00, 0x08, 0x00, 0x38, 0x00, 0xF8, 0x01, 0xB0,
    0x00, 0x00, 0x00, 0x00, 0x0F, 0x00, 0x1F, 0x00, 0x3E, 0x00, 0xEE, 0x01, 0xDC, 0x07, 0x3C, 0x0E,
    0x38, 0x1C, 0x70, 0x7F, 0xF0, 0xFF, 0xE3, 0xFF, 0xE7, 0x03, 0xCE, 0x03, 0xBC, 0x07, 0x80, 0x32,
    0x3F, 0x9B, 0x80, 0x00, 0x81, 0xE1, 0xDC, 0x44, 0x00, 0x3F, 0x9F, 0xE8, 0xF0, 0x39, 0xFF, 0xFF,
    0xE7, 0xE3, 0xF1, 0xFF, 0xEF, 0xF0, 0x01, 0x00, 0x07, 0x00, 0x1F, 0x00, 0x36, 0x00, 0x00, 0x00,
    0x00, 0x01, 0xE0, 0x03, 0xE0, 0x07, 0xC0, 0x1D, 0xC0, 0x3B, 0x80, 0xE7, 0x81, 0xC7, 0x03, 0x8E,
    0x0F, 0xFE, 0x1F, 0xFC, 0x7F, 0xFC, 0xE0, 0x79, 0xC0, 0x77, 0x80, 0xF0, 0x00, 0x00, 0x70, 0x00,
    0xE0, 0x01, 0xC0, 0x08, 0x1E, 0x1D, 0xC4, 0x40, 0x03, 0xF9, 0xFE, 0x8F, 0x03, 0x9F, 0xFF, 0xFE,
    0x7E, 0x3F, 0x1F, 0xFE, 0xFF, 0x00, 0x06, 0x07, 0x03, 0x80, 0x00, 0xC0, 0x01, 0xC0, 0x07, 0x00,
    0x0C, 0x00, 0xE6, 0x00, 0xFC, 0x01, 0xF0, 0x00, 0x00, 0x00, 0x00, 0x0F, 0x00, 0x1F, 0x00, 0x3E,
    0x00, 0xEE, 0x01, 0xDC, 0x07, 0x3C, 0x0E, 0x38, 0x1C, 0x70, 0x7F, 0xF0, 0xFF, 0xE3, 0xFF, 0xE7,
    0x03, 0xCE, 0x03, 0xBC, 0x07, 0x80, 0x00, 0x03, 0x81, 0xC1, 0xC0, 0xC3, 0x98, 0xFC, 0x7C, 0x08,
    0x00, 0x1F, 0xCF, 0xF4, 0x78, 0x1C, 0xFF, 0xFF, 0xF3, 0xF1, 0xF8, 0xFF, 0xF7, 0xF8, 0x06, 0x00,
    0x0E, 0x00, 0x0E, 0x00, 0x0C, 0x00, 0xE6, 0x00, 0xFC, 0x01, 0xF0, 0x00, 0x00, 0x00, 0x00, 0x0F,
    0x00, 0x1F, 0x00, 0x3E, 0x00, 0xEE, 0x01, 0xDC, 0x07, 0x3C, 0x0E, 0x38, 0x1C, 0x70, 0x7F, 0xF0,
    0xFF, 0xE3, 0xFF, 0xE7, 0x03, 0xCE, 0x03, 0xBC, 0x07, 0x80, 0x30, 0x3C, 0x07, 0x01, 0x87, 0x31,
    0xF8, 0xF8, 0x10, 0x00, 0x3F, 0x9F, 0xE8, 0xF0, 0x39, 0xFF, 0xFF, 0xE7, 0xE3, 0xF1, 0xFF, 0xEF,
    0xF0, 0x07, 0xC0, 0x07, 0x80, 0x07, 0x00, 0x0C, 0x00, 0x00, 0x01, 0xCC, 0x01, 0xF8, 0x03, 0xE0,
    0x00, 0x00, 0x00, 0x00, 0x1E, 0x00, 0x3E, 0x00, 0x7C, 0x01, 0xDC, 0x03, 0xB8, 0x0E, 0x78, 0x1C,
    0x70, 0x38, 0xE0, 0xFF, 0xE1, 0xFF, 0xC7, 0xFF, 0xCE, 0x07, 0x9C, 0x07, 0x78, 0x0F, 0x3C, 0x0F,
    0x01, 0x81, 0x80, 0xC3, 0x98, 0xFC, 0x7C, 0x08, 0x00, 0x1F, 0xCF, 0xF4, 0x78, 0x1C, 0xFF, 0xFF,
    0xF3, 0xF1, 0xF8, 0xFF, 0xF7, 0xF8, 0x07, 0x60, 0x1F, 0xC0, 0x33, 0x00, 0x00, 0x00, 0xE6, 0x00,
    0xFC, 0x01, 0xF0, 0x00, 0x00, 0x00, 0x00, 0x0F, 0x00, 0x1F, 0x00, 0x3E, 0x00, 0xEE, 0x01, 0xDC,
    0x07, 0x3C, 0x0E, 0x38, 0x1C, 0x70, 0x7F, 0xF0, 0xFF, 0xE3, 0xFF, 0xE7, 0x03, 0xCE, 0x03, 0xBC,
    0x07, 0x80, 0x11, 0x3F, 0x9F, 0xC0, 0x07, 0x31, 0xF8, 0xF8, 0x10, 0x00, 0x3F, 0x9F, 0xE8, 0xF0,
    0x39, 0xFF, 0xFF, 0xE7, 0xE3, 0xF1, 0xFF, 0xEF, 0xF0, 0x0E, 0x60, 0x0F, 0xC0, 0x1F, 0x00, 0x00,
    0x00, 0x00, 0x00, 0xF0, 0x01, 0xF0, 0x03, 0xE0, 0x0E, 0xE0, 0x1D, 0xC0, 0x73, 0xC0, 0xE3, 0x81,
    0xC7, 0x07, 0xFF, 0x0F, 0xFE, 0x3F, 0xFE, 0x70, 0x3C, 0xE0, 0x3B, 0xC0, 0x78, 0x00, 0x00, 0x38,
    0x00, 0x70, 0x00, 0xE0, 0x00, 0x73, 0x1F, 0x8F, 0x81, 0x00, 0x03, 0xF9, 0xFE, 0x8F, 0x03, 0x9F,
    0xFF, 0xFE, 0x7E, 0x3F, 0x1F, 0xFE, 0xFF, 0x00, 0x06, 0x07, 0x03, 0x80, 0xFF, 0xBF, 0xEE, 0x03,
    0x80, 0xE0, 0x3F, 0xEF, 0xFB, 0xFE, 0xE0, 0x38, 0x0E, 0x03, 0xFF, 0xFF, 0xFF, 0xF0, 0x00, 0x60,
    0x1C, 0x07, 0x00, 0x1F, 0x1F, 0xE7, 0x3F, 0x87, 0xFF, 0xFF, 0xFF, 0xFF, 0x80, 0x79, 0x9F, 0xE3,
    0xFC, 0x00, 0x0C, 0x07, 0x80, 0xE0, 0x38, 0x0F, 0x80, 0xE0, 0x70, 0x18, 0x00, 0x0F, 0xFB, 0xFE,
    0xE0, 0x38, 0x0E, 0x03, 0xFE, 0xFF, 0xBF, 0xEE, 0x03, 0x80, 0xE0, 0x3F, 0xFF, 0xFF, 0xFF, 0x1E,
    0x07, 0x80, 0x60, 0x30, 0x00, 0x07, 0xC7, 0xF9, 0xCF, 0xE1, 0xFF, 0xFF, 0xFF, 0xFF, 0xE0, 0x1E,
    0x67, 0xF8, 0xFF, 0x3B, 0x1F, 0xC4, 0xE0, 0x00, 0x00, 0x3F, 0xEF, 0xFB, 0x80, 0xE0, 0x38, 0x0F,
    0xFB, 0xFE, 0xFF, 0xB8, 0x0E, 0x03, 0x80, 0xFF, 0xFF, 0xFF, 0xFC, 0x11, 0x0F, 0xE7, 0xF0, 0x00,
    0x00, 0x07, 0xC7, 0xF9, 0xCF, 0xE1, 0xFF, 0xFF, 0xFF, 0xFF, 0xE0, 0x1E, 0x67, 0xF8, 0xFF, 0x00,
    0x00, 0x18, 0x03, 0x84, 0xE1, 0xD8, 0x7C, 0x0D, 0x80, 0x00, 0x00, 0x1F, 0xF3, 0xFE, 0x70, 0x0E,
    0x01, 0xC0, 0x3F, 0xE7, 0xFC, 0xFF, 0x9C, 0x03, 0x80, 0x70, 0x0F, 0xFD, 0xFF, 0xBF, 0xF0, 0x00,
    0x40, 0x06, 0x00, 0xE0, 0xDC, 0x1E, 0x83, 0xF0, 0x11, 0x00, 0x00, 0x1F, 0x07, 0xF8, 0x73, 0xCE,
    0x1C, 0xFF, 0xCF, 0xFC, 0xFF, 0xCE, 0x00, 0x79, 0x87, 0xF8, 0x3F, 0xC0, 0x00, 0x01, 0x80, 0x70,
    0x2E, 0x1D, 0x0F, 0x83, 0x60, 0x00, 0x00, 0x3F, 0xEF, 0xFB, 0x80, 0xE0, 0x38, 0x0F, 0xFB, 0xFE,
    0xFF, 0xB8, 0x0E, 0x03, 0x80, 0xFF, 0xFF, 0xFF, 0xFC, 0x01, 0x00, 0xE0, 0x1C, 0x33, 0x1E, 0x0F,
    0xC1, 0x10, 0x00, 0x1F, 0x1F, 0xE7, 0x3F, 0x87, 0xFF, 0xFF, 0xFF, 0xFF, 0x80, 0x79, 0x9F, 0xE3,
    0xFC, 0x03, 0xC0, 0x7C, 0x03, 0x84, 0xE1, 0xD8, 0x7C, 0x0D, 0x80, 0x00, 0x00, 0x1F, 0xF3, 0xFE,
    0x70, 0x0E, 0x01, 0xC0, 0x3F, 0xE7, 0xFC, 0xFF, 0x9C, 0x03, 0x80, 0x70, 0x0F, 0xFD, 0xFF, 0xBF,
    0xF0, 0x01, 0xC0, 0x3C, 0x01, 0x86, 0x61, 0xEC, 0x7E, 0x04, 0x40, 0x00, 0x1F, 0x0F, 0xF1, 0xCF,
    0x70, 0xEF, 0xFD, 0xFF, 0xBF, 0xF7, 0x00, 0x79, 0x8F, 0xF0, 0xFF, 0x00, 0x00, 0x0F, 0xE7, 0xF0,
    0x98, 0x08, 0x07, 0x03, 0xE0, 0xD8, 0x00, 0x00, 0x0F, 0xFB, 0xFE, 0xE0, 0x38, 0x0E, 0x03, 0xFE,
    0xFF, 0xBF, 0xEE, 0x03, 0x80, 0xE0, 0x3F, 0xFF, 0xFF, 0xFF, 0x19, 0x0F, 0xE7, 0xF0, 0x00, 0x0C,
    0x07, 0x83, 0xF0, 0x44, 0x00, 0x07, 0xC7, 0xF9, 0xCF, 0xE1, 0xFF, 0xFF, 0xFF, 0xFF, 0xE0, 0x1E,
    0x67, 0xF8, 0xFF, 0x08, 0x07, 0x03, 0xE0, 0xD8, 0x00, 0x00, 0x0F, 0xFB, 0xFE, 0xE0, 0x38, 0x0E,
    0x03, 0xFE, 0xFF, 0xBF, 0xEE, 0x03, 0x80, 0xE0, 0x3F, 0xFF, 0xFF, 0xFF, 0x00, 0x06, 0x01, 0xC0,
    0x70, 0x0C, 0x07, 0x83, 0xF0, 0x44, 0x00, 0x07, 0xC7, 0xF9, 0xCF, 0xE1, 0xFF, 0xFF, 0xFF, 0xFF,
    0xE0, 0x1E, 0x67, 0xF8, 0xFF, 0x00, 0x03, 0x01, 0xE0, 0x38, 0xE7, 0xCE, 0xE6, 0x01, 0xCE, 0x73,
    0x9C, 0xE7, 0x39, 0xCE, 0x73, 0x9C, 0xE0, 0xFF, 0x36, 0x0F, 0xFF, 0xFF, 0xFF, 0xFF, 0xFF, 0xFF,
    0xFF, 0xFF, 0xFF, 0xFF, 0xC6, 0xFC, 0x6F, 0xF6, 0x0F, 0xFF, 0xFF, 0xFF, 0xFF, 0xFF, 0x06, 0xF6,
    0x03, 0x80, 0x7F, 0x83, 0xFF, 0x9F, 0x1E, 0x70, 0x3F, 0xC0, 0x7F, 0x01, 0xF8, 0x07, 0xE0, 0x1F,
    0xC0, 0x7F, 0x03, 0xDE, 0x0F, 0x7F, 0xF8, 0xFF, 0xC0, 0xFE, 0x00, 0x00, 0x03, 0x00, 0x0E, 0x00,
    0x38, 0x00, 0x1F, 0x0F, 0xF1, 0xEF, 0x78, 0xEE, 0x1F, 0xC1, 0xF8, 0x7F, 0x8E, 0x7B, 0xCF, 0xF0,
    0xFC, 0x00, 0x00, 0xC0, 0x1C, 0x03, 0x80, 0x07, 0x00, 0x1E, 0x00, 0x1C, 0x00, 0xE0, 0x03, 0x00,
    0x0E, 0x01, 0xFE, 0x0F, 0xFE, 0x7C, 0x79, 0xC0, 0xFF, 0x01, 0xFC, 0x07, 0xE0, 0x1F, 0x80, 0x7F,
    0x01, 0xFC, 0x0F, 0x78, 0x3D, 0xFF, 0xE3, 0xFF, 0x03, 0xF8, 0x1E, 0x03, 0xE0, 0x18, 0x06, 0x00,
    0x00, 0x3E, 0x1F, 0xE3, 0xDE, 0xF1, 0xDC, 0x3F, 0x83, 0xF0, 0xFF, 0x1C, 0xF7, 0x9F, 0xE1, 0xF8,
    0x00, 0x00, 0x00, 0x60, 0x03, 0x80, 0x5C, 0x03, 0xA0, 0x1F, 0x00, 0xCC, 0x00, 0x00, 0x03, 0x80,
    0x7F, 0x83, 0xFF, 0x9F, 0x1E, 0x70, 0x3F, 0xC0, 0x7F, 0x01, 0xF8, 0x07, 0xE0, 0x1F, 0xC0, 0x7F,
    0x03, 0xDE, 0x0F, 0x7F, 0xF8, 0xFF, 0xC0, 0xFE, 0x00, 0x00, 0x20, 0x07, 0x00, 0xE0, 0xDC, 0x1E,
    0x03, 0xB0, 0x11, 0x00, 0x00, 0x1F, 0x07, 0xF8, 0x7B, 0xCF, 0x1C, 0xE1, 0xEE, 0x0E, 0xE1, 0xEF,
    0x1C, 0x7B, 0xC7, 0xF8, 0x3F, 0x00, 0x00, 0x00, 0x03, 0x00, 0x0E, 0x00, 0x5C, 0x03, 0xA0, 0x1F,
    0x00, 0xCC, 0x00, 0x00, 0x03, 0x80, 0x7F, 0x83, 0xFF, 0x9F, 0x1E, 0x70, 0x3F, 0xC0, 0x7F, 0x01,
    0xF8, 0x07, 0xE0, 0x1F, 0xC0, 0x7F, 0x03, 0xDE, 0x0F, 0x7F, 0xF8, 0xFF, 0xC0, 0xFE, 0x00, 0x00,
    0x00, 0x60, 0x1E, 0x00, 0xE0, 0xC8, 0x3C, 0x0E, 0xC0, 0x88, 0x00, 0x03, 0xE1, 0xFE, 0x3D, 0xEF,
    0x1D, 0xC3, 0xF8, 0x3F, 0x0F, 0xF1, 0xCF, 0x79, 0xFE, 0x1F, 0x80, 0x00, 0x78, 0x01, 0xE0, 0x01,
    0x80, 0x4C, 0x03, 0x80, 0x1F, 0x00, 0xCC, 0x00, 0x00, 0x03, 0x80, 0x7F, 0x83, 0xFF, 0x9F, 0x1E,
    0x70, 0x3F, 0xC0, 0x7F, 0x01, 0xF8, 0x07, 0xE0, 0x1F, 0xC0, 0x7F, 0x03, 0xDE, 0x0F, 0x7F, 0xF8,
    0xFF, 0xC0, 0xFE, 0x00, 0x01, 0xE0, 0x3C, 0x01, 0x86, 0x61, 0xE0, 0x76, 0x04, 0x40, 0x00, 0x1F,
    0x0F, 0xF1, 0xEF, 0x78, 0xEE, 0x1F, 0xC1, 0xF8, 0x7F, 0x8E, 0x7B, 0xCF, 0xF0, 0xFC, 0x00, 0x00,
    0x40, 0x3F, 0x81, 0xFC, 0x00, 0x20, 0x01, 0x00, 0x0E, 0x00, 0x7C, 0x03, 0x30, 0x00, 0x00, 0x0E,
    0x01, 0xFE, 0x0F, 0xFE, 0x7C, 0x79, 0xC0, 0xFF, 0x01, 0xFC, 0x07, 0xE0, 0x1F, 0x80, 0x7F, 0x01,
    0xFC, 0x0F, 0x78, 0x3D, 0xFF, 0xE3, 0xFF, 0x03, 0xF8, 0x19, 0x07, 0xF0, 0xDC, 0x00, 0x00, 0xC0,
    0x3C, 0x0E, 0xC0, 0x88, 0x00, 0x03, 0xE1, 0xFE, 0x3D, 0xEF, 0x1D, 0xC3, 0xF8, 0x3F, 0x0F, 0xF1,
    0xCF, 0x79, 0xFE, 0x1F, 0x80, 0x01, 0x00, 0x0E, 0x00, 0x7C, 0x03, 0x30, 0x00, 0x00, 0x0E, 0x01,
    0xFE, 0x0F, 0xFE, 0x7C, 0x79, 0xC0, 0xFF, 0x01, 0xFC, 0x07, 0xE0, 0x1F, 0x80, 0x7F, 0x01, 0xFC,
    0x0F, 0x78, 0x3D, 0xFF, 0xE3, 0xFF, 0x03, 0xF8, 0x00, 0x00, 0x0C, 0x00, 0x38, 0x00, 0xE0, 0x0C,
    0x03, 0xC0, 0xEC, 0x08, 0x80, 0x00, 0x3E, 0x1F, 0xE3, 0xDE, 0xF1, 0xDC, 0x3F, 0x83, 0xF0, 0xFF,
    0x1C, 0xF7, 0x9F, 0xE1, 0xF8, 0x00, 0x01, 0x80, 0x38, 0x07, 0x00, 0x01, 0x00, 0x0E, 0x00, 0x38,
    0x01, 0xC7, 0x00, 0x1C, 0x0E, 0x71, 0xFF, 0xCF, 0xFE, 0x7C, 0x79, 0xC0, 0xFF, 0x01, 0xFC, 0x07,
    0xE0, 0x1F, 0x80, 0x7F, 0x01, 0xFC, 0x0F, 0x78, 0x3D, 0xFF, 0xE3, 0xFF, 0x03, 0xF8, 0x00, 0x00,
    0x60, 0x0E, 0x01, 0xC0, 0x08, 0x70, 0x07, 0x1F, 0xE7, 0xFE, 0x7B, 0xCF, 0x1C, 0xE1, 0xEE, 0x0E,
    0xE1, 0xEF, 0x1C, 0x7B, 0xC7, 0xF8, 0x3F, 0x00, 0x02, 0x00, 0x1C, 0x00, 0x38, 0x00, 0x67, 0x00,
    0x1C, 0x0E, 0x71, 0xFF, 0xCF, 0xFE, 0x7C, 0x79, 0xC0, 0xFF, 0x01, 0xFC, 0x07, 0xE0, 0x1F, 0x80,
    0x7F, 0x01, 0xFC, 0x0F, 0x78, 0x3D, 0xFF, 0xE3, 0xFF, 0x03, 0xF8, 0x08, 0x01, 0xC0, 0x1E, 0x00,
    0xE0, 0x02, 0x70, 0x07, 0x1F, 0xE7, 0xFE, 0x7B, 0xCF, 0x1C, 0xE1, 0xEE, 0x0E, 0xE1, 0xEF, 0x1C,
    0x7B, 0xC7, 0xF8, 0x3F, 0x00, 0x07, 0x00, 0x1E, 0x00, 0x1C, 0x00, 0xE7, 0x03, 0x1C, 0x0E, 0x71,
    0xFF, 0xCF, 0xFE, 0x7C, 0x79, 0xC0, 0xFF, 0x01, 0xFC, 0x07, 0xE0, 0x1F, 0x80, 0x7F, 0x01, 0xFC,
    0x0F, 0x78, 0x3D, 0xFF, 0xE3, 0xFF, 0x03, 0xF8, 0x1E, 0x01, 0xF0, 0x06, 0x00, 0xC7, 0x00, 0x71,
    0xFE, 0x7F, 0xE7, 0xBC, 0xF1, 0xCE, 0x1E, 0xE0, 0xEE, 0x1E, 0xF1, 0xC7, 0xBC, 0x7F, 0x83, 0xF0,
    0x07, 0x60, 0x3F, 0x80, 0x9D, 0xC0, 0x07, 0x03, 0x9C, 0x7F, 0xF3, 0xFF, 0x9F, 0x1E, 0x70, 0x3F,
    0xC0, 0x7F, 0x01, 0xF8, 0x07, 0xE0, 0x1F, 0xC0, 0x7F, 0x03, 0xDE, 0x0F, 0x7F, 0xF8, 0xFF, 0xC0,
    0xFE, 0x00, 0x19, 0x03, 0xF8, 0x7F, 0x00, 0x07, 0x00, 0x71, 0xFE, 0x7F, 0xE7, 0xBC, 0xF1, 0xCE,
    0x1E, 0xE0, 0xEE, 0x1E, 0xF1, 0xC7, 0xBC, 0x7F, 0x83, 0xF0, 0x00, 0x1C, 0x00, 0x70, 0x39, 0xC7,
    0xFF, 0x3F, 0xF9, 0xF1, 0xE7, 0x03, 0xFC, 0x07, 0xF0, 0x1F, 0x80, 0x7E, 0x01, 0xFC, 0x07, 0xF0,
    0x3D, 0xE0, 0xF7, 0xFF, 0x8F, 0xFC, 0x0F, 0xE0, 0x00, 0x00, 0x30, 0x00, 0xE0, 0x03, 0x80, 0x00,
    0x70, 0x07, 0x1F, 0xE7, 0xFE, 0x7B, 0xCF, 0x1C, 0xE1, 0xEE, 0x0E, 0xE1, 0xEF, 0x1C, 0x7B, 0xC7,
    0xF8, 0x3F, 0x00, 0x00, 0x0C, 0x00, 0xE0, 0x0E, 0x00, 0xF0, 0x7F, 0x07, 0xF0, 0x7F, 0x07, 0xF0,
    0x7F, 0x07, 0xF0, 0x7F, 0x07, 0xF0, 0x7F, 0x07, 0x70, 0xF7, 0xFF, 0x3F, 0xE1, 0xFC, 0x00, 0x00,
    0x60, 0x07, 0x00, 0x70, 0xE1, 0xF8, 0x7E, 0x1F, 0x87, 0xE1, 0xF8, 0x7E, 0x1F, 0xC7, 0x79, 0xDF,
    0xF3, 0xFC, 0x00, 0x0C, 0x07, 0x80, 0xE0, 0x0F, 0x00, 0xF8, 0x03, 0x80, 0x70, 0x06, 0x00, 0x00,
    0xF0, 0x7F, 0x07, 0xF0, 0x7F, 0x07, 0xF0, 0x7F, 0x07, 0xF0, 0x7F, 0x07, 0xF0, 0x7F, 0x07, 0x70,
    0xF7, 0xFF, 0x3F, 0xE1, 0xFC, 0x1E, 0x07, 0x80, 0x60, 0x30, 0x00, 0x38, 0x7E, 0x1F, 0x87, 0xE1,
    0xF8, 0x7E, 0x1F, 0x87, 0xF1, 0xDE, 0x77, 0xFC, 0xFF, 0x01, 0x00, 0x07, 0x00, 0x1C, 0x00, 0x70,
    0x70, 0x00, 0xE0, 0x07, 0xFC, 0x1F, 0x78, 0x38, 0xF0, 0x71, 0xE0, 0xE3, 0xC1, 0xC7, 0x83, 0x8F,
    0x07, 0x1E, 0x0E, 0x3C, 0x1C, 0x78, 0x38, 0x70, 0xF0, 0xFF, 0xE0, 0xFF, 0x80, 0xFE, 0x00, 0x00,
    0x00, 0x60, 0x0E, 0x01, 0xC0, 0x08, 0x30, 0x07, 0xE1, 0xFE, 0x1E, 0xE1, 0xCE, 0x1C, 0xE1, 0xCE,
    0x1C, 0xE1, 0xCF, 0x1C, 0x79, 0xC7, 0xFC, 0x3F, 0xC0, 0x04, 0x00, 0x1C, 0x00, 0x38, 0x00, 0x38,
    0x70, 0x00, 0xE0, 0x07, 0xFC, 0x1F, 0x78, 0x38, 0xF0, 0x71, 0xE0, 0xE3, 0xC1, 0xC7, 0x83, 0x8F,
    0x07, 0x1E, 0x0E, 0x3C, 0x1C, 0x78, 0x38, 0x70, 0xF0, 0xFF, 0xE0, 0xFF, 0x80, 0xFE, 0x00, 0x00,
    0x01, 0x80, 0x1C, 0x00, 0xE0, 0x04, 0x30, 0x07, 0xE1, 0xFE, 0x1E, 0xE1, 0xCE, 0x1C, 0xE1, 0xCE,
    0x1C, 0xE1, 0xCF, 0x1C, 0x79, 0xC7, 0xFC, 0x3F, 0xC0, 0x0F, 0x00, 0x1F, 0x00, 0x0E, 0x00, 0x38,
    0x70, 0x60, 0xE0, 0x07, 0xFC, 0x1F, 0x78, 0x38, 0xF0, 0x71, 0xE0, 0xE3, 0xC1, 0xC7, 0x83, 0x8F,
    0x07, 0x1E, 0x0E, 0x3C, 0x1C, 0x78, 0x38, 0x70, 0xF0, 0xFF, 0xE0, 0xFF, 0x80, 0xFE, 0x00, 0x1E,
    0x01, 0xE0, 0x06, 0x00, 0xC3, 0x00, 0x7E, 0x1F, 0xE1, 0xEE, 0x1C, 0xE1, 0xCE, 0x1C, 0xE1, 0xCE,
    0x1C, 0xF1, 0xC7, 0x9C, 0x7F, 0xC3, 0xFC, 0x0E, 0xC0, 0x3F, 0x80, 0x6E, 0x38, 0x00, 0x70, 0x03,
    0xFE, 0x0F, 0xBC, 0x1C, 0x78, 0x38, 0xF0, 0x71, 0xE0, 0xE3, 0xC1, 0xC7, 0x83, 0x8F, 0x07, 0x1E,
    0x0E, 0x3C, 0x1C, 0x38, 0x78, 0x7F, 0xF0, 0x7F, 0xC0, 0x7F, 0x00, 0x11, 0x03, 0xF8, 0x7F, 0x00,
    0x03, 0x00, 0x7E, 0x1F, 0xE1, 0xEE, 0x1C, 0xE1, 0xCE, 0x1C, 0xE1, 0xCE, 0x1C, 0xF1, 0xC7, 0x9C,
    0x7F, 0xC3, 0xFC, 0x00, 0x0E, 0x00, 0x1C, 0x00, 0xFF, 0x83, 0xEF, 0x07, 0x1E, 0x0E, 0x3C, 0x1C,
    0x78, 0x38, 0xF0, 0x71, 0xE0, 0xE3, 0xC1, 0xC7, 0x83, 0x8F, 0x07, 0x0E, 0x1E, 0x1F, 0xFC, 0x1F,
    0xF0, 0x1F, 0xC0, 0x00, 0x00, 0x18, 0x00, 0x38, 0x00, 0x70, 0x00, 0x00, 0x30, 0x07, 0xE1, 0xFE,
    0x1E, 0xE1, 0xCE, 0x1C, 0xE1, 0xCE, 0x1C, 0xE1, 0xCF, 0x1C, 0x79, 0xC7, 0xFC, 0x3F, 0xC0, 0x00,
    0x0C, 0x01, 0xE0, 0x0E, 0x00, 0x04, 0x00, 0x60, 0x03, 0x80, 0x0E, 0x00, 0x30, 0x00, 0x03, 0xC1,
    0xEE, 0x0E, 0x78, 0xF1, 0xC7, 0x0F, 0x78, 0x3B, 0x81, 0xFC, 0x07, 0xC0, 0x1C, 0x00, 0xE0, 0x07,
    0x00, 0x38, 0x01, 0xC0, 0x0E, 0x00, 0x70, 0x00, 0x10, 0x07, 0x00, 0x70, 0x07, 0x00, 0x40, 0x00,
    0x38, 0x3F, 0x8F, 0x71, 0xCE, 0x39, 0xE7, 0x1D, 0xC3, 0xB8, 0x7E, 0x07, 0xC0, 0xF8, 0x0E, 0x03,
    0xC3, 0xF0, 0x7E, 0x0F, 0x80, 0x70, 0x39, 0xE1, 0xE3, 0x87, 0x0F, 0x3C, 0x1C, 0xE0, 0x7F, 0x00,
    0xFC, 0x01, 0xE0, 0x07, 0x80, 0x1E, 0x00, 0x78, 0x01, 0xE0, 0x07, 0x80, 0x1E, 0x00, 0x00, 0x00,
    0xC0, 0x07, 0x80, 0x1C, 0x00, 0xF0, 0xE7, 0x0E, 0x71, 0xC7, 0x9C, 0x39, 0xC3, 0xB8, 0x3F, 0x81,
    0xF8, 0x1F, 0x00, 0xF0, 0x0E, 0x00, 0xE0, 0x7C, 0x7F, 0xCF, 0xF0, 0x60, 0x07, 0x00, 0x1E, 0x00,
    0x18, 0x00, 0xE0, 0x03, 0x00, 0x00, 0x07, 0x03, 0x9E, 0x1E, 0x38, 0x70, 0xF3, 0xC1, 0xCE, 0x07,
    0xF0, 0x0F, 0xC0, 0x1E, 0x00, 0x78, 0x01, 0xE0, 0x07, 0x80, 0x1E, 0x00, 0x78, 0x01, 0xE0, 0x1F,
    0x01, 0xE0, 0x1C, 0x03, 0x00, 0x01, 0xE1, 0xDC, 0x3B, 0x8E, 0x79, 0xC7, 0x38, 0xEE, 0x1F, 0xC1,
    0xF8, 0x3E, 0x03, 0xC0, 0x70, 0x0E, 0x0F, 0x83, 0xF0, 0x78, 0x00, 0x0E, 0xC0, 0x7F, 0x00, 0x98,
    0x00, 0x00, 0x00, 0x01, 0xC0, 0xE7, 0x87, 0x8E, 0x1C, 0x3C, 0xF0, 0x73, 0x81, 0xFC, 0x03, 0xF0,
    0x07, 0x80, 0x1E, 0x00, 0x78, 0x01, 0xE0, 0x07, 0x80, 0x1E, 0x00, 0x78, 0x00, 0x08, 0x07, 0xF0,
    0xFE, 0x00, 0x00, 0x01, 0xE1, 0xDC, 0x3B, 0x8E, 0x79, 0xC7, 0x38, 0xEE, 0x1F, 0xC1, 0xF8, 0x3E,
    0x03, 0xC0, 0x70, 0x0E, 0x0F, 0x83, 0xF0, 0x78, 0x00, 0x00, 0x00, 0xFF, 0xFF, 0x99, 0x66, 0xD4,
    0x44, 0x44, 0x44, 0x44, 0x44, 0x22, 0xFA, 0xA8, 0x88, 0x88, 0x88, 0x88, 0x88, 0x44, 0xF5, 0x51,
    0x11, 0x11, 0x11, 0x11, 0x11, 0xFF, 0xC0, 0xFF, 0xFE, 0xFF, 0xFF, 0xFF, 0xFF, 0x80, 0xFF, 0xFF,
    0xFF, 0xFF, 0xFF, 0xFF, 0xFF, 0xFE, 0xFF, 0xFF, 0xFF, 0xFF, 0xFF, 0xFF, 0xFF, 0xFE, 0x77, 0xEE,
    0xEE, 0x77, 0x77, 0xEE, 0x77, 0x77, 0xEE, 0x73, 0xB9, 0xF9, 0xDC, 0xEE, 0x77, 0x38, 0x73, 0xB9,
    0xDC, 0xEE, 0x7E, 0x77, 0x38, 0x73, 0xB9, 0xDC, 0xEE, 0x7E, 0x77, 0x38, 0x1C, 0x0E, 0x07, 0x03,
    0x8F, 0xFF, 0xFF, 0xFE, 0x38, 0x1C, 0x0E, 0x07, 0x03, 0x81, 0xC0, 0xE0, 0x70, 0x38, 0x1C, 0x0E,
    0x00, 0x1C, 0x0E, 0x07, 0x03, 0x8F, 0xFF, 0xFF, 0xFE, 0x38, 0x1C, 0x0E, 0x3F, 0xFF, 0xFF, 0xF8,
    0xE0, 0x70, 0x38, 0x1C, 0x0E, 0x00, 0x7B, 0xFF, 0xFF, 0xFD, 0xE0, 0xE0, 0xC1, 0xFC, 0x78, 0xFF,
    0x1E, 0x3F, 0x83, 0x07, 0x00, 0x38, 0x0E, 0x00, 0x1F, 0x07, 0x00, 0x0C, 0x63, 0xC0, 0x03, 0x18,
    0xE0, 0x00, 0xC6, 0x70, 0x00, 0x31, 0x9C, 0x00, 0x07, 0xCE, 0x00, 0x00, 0xE7, 0x9C, 0x1C, 0x01,
    0xCF, 0x8F, 0x80, 0xE6, 0x36, 0x30, 0x39, 0x8D, 0x8C, 0x1C, 0x63, 0x63, 0x0F, 0x18, 0xD8, 0xC3,
    0x83, 0xE3, 0xE1, 0xC0, 0x70, 0x70, 0x11, 0xDE, 0xEF, 0x39, 0xE7, 0x10, 0x47, 0x3C, 0xE7, 0xBB,
    0xDC, 0x40, 0x00, 0xE0, 0x38, 0x07, 0x01, 0xC0, 0x38, 0x0E, 0x01, 0xC0, 0x70, 0x0E, 0x03, 0x80,
    0x70, 0x1C, 0x03, 0x80, 0xE0, 0x1C, 0x00, 0xFF, 0xF4, 0x00, 0x00, 0xEE, 0xFF, 0x77, 0x38, 0xFB,
    0x1E, 0x3C, 0x78, 0xF1, 0xBE, 0x38, 0x0E, 0x1E, 0x36, 0x66, 0xFF, 0xFF, 0x06, 0x06, 0x7D, 0xF6,
    0x1E, 0x7C, 0x30, 0xFF, 0xF8, 0x19, 0xE6, 0x3E, 0xFF, 0x3C, 0xFF, 0x78, 0xFF, 0xF1, 0x8E, 0x30,
    0xC6, 0x18, 0x7D, 0xFF, 0x1F, 0x77, 0xD8, 0xF1, 0xFF, 0x7C, 0x7B, 0xFC, 0xF3, 0xFD, 0xF1, 0x9E,
    0x70, 0x38, 0xFB, 0x1E, 0x3C, 0x78, 0xF1, 0xBE, 0x38, 0x1B, 0xFE, 0xB1, 0x8C, 0x63, 0x18, 0x7D,
    0xFD, 0x18, 0x31, 0xC6, 0x18, 0x7F, 0xFE, 0x7D, 0xFC, 0x19, 0xF3, 0xE0, 0xC1, 0xFF, 0xFC, 0x0E,
    0x1E, 0x36, 0x66, 0xFF, 0xFF, 0x06, 0x06, 0x7D, 0xF6, 0x1E, 0x7C, 0x30, 0xFF, 0xF8, 0x19, 0xE6,
    0x3E, 0xFF, 0x3C, 0xFF, 0x78, 0xFF, 0xF1, 0x8E, 0x30, 0xC6, 0x18, 0x7D, 0xFF, 0x1F, 0x77, 0xD8,
    0xF1, 0xFF, 0x7C, 0x7B, 0xFC, 0xF3, 0xFD, 0xF1, 0x9E, 0x70, 0xFF, 0x1F, 0xFE, 0x7F, 0xFD, 0xF8,
    0x37, 0xEC, 0xDF, 0xB3, 0x7E, 0xCD, 0xFB, 0x37, 0xEC, 0xDF, 0xB0, 0x7E, 0xFF, 0xFB, 0xFE, 0xEF,
    0xF0, 0x07, 0xE3, 0xFC, 0xFF, 0x9C, 0x07, 0x81, 0xFF, 0xBF, 0xF3, 0x80, 0xFF, 0x9F, 0xF1, 0xC0,
    0x1C, 0x03, 0xFE, 0x3F, 0xC3, 0xF0, 0xFF, 0xFF, 0xFF, 0xFF, 0x87, 0x00, 0xE8, 0x1F, 0x83, 0xE1,
    0xF0, 0x7E, 0x81, 0xF8, 0x3E, 0x3F, 0x03, 0xE0, 0x1C, 0x03, 0x80, 0x3F, 0x87, 0xFC, 0x3F, 0xE2,
    0x0E, 0xFF, 0xFF, 0xFF, 0x0F, 0x83, 0xF0, 0xFF, 0xFF, 0xFF, 0x70, 0x07, 0x82, 0x7F, 0xF3, 0xFF,
    0x0F, 0xC0, 0xFF, 0xFF, 0xFF, 0x03, 0x80, 0x1C, 0xFF, 0xEF, 0xFE, 0x01, 0xC0, 0x78, 0xFF, 0x0F,
    0xC0, 0x78, 0x03, 0xC0, 0x1E, 0x00, 0xF0, 0x07, 0x80, 0x3F, 0x07, 0xF0, 0xFF, 0x00, 0xE0, 0x0E,
    0x3F, 0xCF, 0xFB, 0xFF, 0xF0, 0xFC, 0x1F, 0x83, 0xF0, 0xEF, 0xFC, 0xFF, 0x0F, 0x80, 0x07, 0xC0,
    0x0F, 0x80, 0x3F, 0x80, 0x7F, 0x00, 0xEE, 0x03, 0xDE, 0x07, 0x1C, 0x1E, 0x3C, 0x3C, 0x78, 0x70,
    0x71, 0xE0, 0xF3, 0xC1, 0xE7, 0xFF, 0xDF, 0xFF, 0xFF, 0xFF, 0x80, 0xFF, 0xFF, 0xFF, 0xFF, 0xF0,
    0x7E, 0x0F, 0xC1, 0xF8, 0x3F, 0x07, 0xE0, 0xFC, 0x1F, 0x83, 0xF0, 0x7E, 0x0F, 0xC1, 0xF8, 0x3F,
    0x07, 0xE0, 0xE0, 0xFF, 0xFF, 0xFF, 0xFD, 0xC0, 0x38, 0x0E, 0x01, 0xC0, 0x70, 0x0E, 0x07, 0x01,
    0xC0, 0xE0, 0x70, 0x1C, 0x0F, 0xFF, 0xFF, 0xFF, 0xC0, 0xFF, 0xFF, 0xFF, 0xFC, 0x00, 0xE0, 0x38,
    0x07, 0x01, 0xC0, 0x38, 0x0E, 0x01, 0xC0, 0x70, 0x0E, 0x03, 0x80, 0x70, 0x1C, 0x03, 0x80, 0xE0,
    0x1C, 0x00, 0x6F, 0xF6, 0x00, 0x38, 0x01, 0x80, 0x1C, 0x00, 0xE0, 0x06, 0x00, 0x70, 0x03, 0x83,
    0x18, 0xF9, 0xC7, 0xEE, 0x07, 0x60, 0x1F, 0x00, 0xF8, 0x03, 0x80, 0x1C, 0x00, 0x71, 0xDF, 0x7F,
    0x39, 0xE7, 0x3C, 0xE7, 0xF7, 0xDC, 0x70, 0x07, 0x87, 0xC7, 0xE3, 0x81, 0xC0, 0xE0, 0x70, 0x38,
    0x1C, 0x0E, 0x07, 0x03, 0x81, 0xC0, 0xE0, 0x70, 0x38, 0xFC, 0x7C, 0x3C, 0x00, 0x38, 0x6F, 0x9F,
    0xFF, 0x63, 0xEC, 0x38, 0x00, 0x0E, 0x1B, 0xE7, 0xFF, 0xFC, 0xFB, 0x0E, 0x00, 0x01, 0x00, 0x60,
    0x33, 0xFF, 0xFF, 0xFF, 0xF0, 0xC0, 0x30, 0xFF, 0xFF, 0xFF, 0xFC, 0xC0, 0x70, 0x08, 0x00, 0x01,
    0x87, 0xEF, 0xFF, 0xF8, 0xE0, 0x3F, 0x8F, 0xFC, 0x7E, 0x01, 0x80, 0x0F, 0xFF, 0xFF, 0xFF, 0xC0,
    0x60, 0x1F, 0x0F, 0xF8, 0xFE, 0x03, 0x8F, 0xEF, 0xF9, 0xF0, 0x60, 0x00, 0x0F, 0xFF, 0xFF, 0xFF,
    0xC0, 0x3E, 0x1F, 0x7E, 0x3F, 0xFE, 0x7F, 0xE0, 0x70, 0xE0, 0x70, 0xFE, 0x7F, 0xFE, 0x7F, 0xFE,
    0x7F, 0xE0, 0x70, 0xE0, 0x70, 0xE0, 0x70, 0xE0, 0x70, 0xE0, 0x70, 0xE0, 0x70, 0xE0, 0x70, 0xE0,
    0x70, 0x3E, 0xEF, 0xDF, 0xFB, 0xF0, 0x7E, 0x01, 0xFD, 0xFF, 0xBF, 0xF7, 0xE0, 0xFC, 0x1F, 0x83,
    0xF0, 0x7E, 0x0F, 0xC1, 0xF8, 0x3F, 0x07, 0x3E, 0xE3, 0xF7, 0x3F, 0xB9, 0xC1, 0xCE, 0x0E, 0x7F,
    0x73, 0xFB, 0x9F, 0xDC, 0xE0, 0xE7, 0x07, 0x38, 0x39, 0xC1, 0xCE, 0x0E, 0x70, 0x7F, 0x83, 0xFC,
    0x07, 0x3E, 0x3E, 0xEF, 0xCF, 0xDF, 0xFB, 0xFB, 0xF0, 0x70, 0x7E, 0x0E, 0x01, 0xFD, 0xFD, 0xFF,
    0xBF, 0xBF, 0xF7, 0xF7, 0xE0, 0xE0, 0xFC, 0x1C, 0x1F, 0x83, 0x83, 0xF0, 0x70, 0x7E, 0x0E, 0x0F,
    0xC1, 0xC1, 0xF8, 0x38, 0x3F, 0x07, 0x07, 0x3E, 0x3F, 0xE3, 0xF3, 0xF7, 0x3F, 0xBF, 0xB9, 0xC1,
    0xC1, 0xCE, 0x0E, 0x0E, 0x7F, 0x7F, 0x73, 0xFB, 0xFB, 0x9F, 0xDF, 0xDC, 0xE0, 0xE0, 0xE7, 0x07,
    0x07, 0x38, 0x38, 0x39, 0xC1, 0xC1, 0xCE, 0x0E, 0x0E, 0x70, 0x70, 0x7F, 0x83, 0x83, 0xFC, 0x1C,
    0x07, 0x00, 0x01, 0xDC, 0x00, 0x1F, 0x80, 0x03, 0xF0, 0x00, 0x7E, 0x00, 0x0F, 0xC0, 0x01, 0xFF,
    0xDF, 0xFB, 0xFF, 0xFE, 0x3F, 0xFF, 0x00, 0x00, 0x00, 0x00, 0x00, 0x00, 0xD8, 0x00, 0x1B, 0x00,
    0x00, 0x00, 0x00, 0x38, 0x00, 0x06, 0x00, 0xE0, 0x00, 0x00, 0xE0, 0x00, 0x20, 0xE0, 0x00, 0x78,
    0xE0, 0x00, 0xF0, 0xE0, 0x01, 0xF8, 0xFF, 0x7F, 0xFF, 0x7F, 0xFF, 0x9F, 0x3F, 0xFE, 0x0F, 0x00,
    0x00, 0x00, 0x00, 0x00, 0x00, 0x01, 0xB0, 0x00, 0x03, 0xB0, 0x00, 0x00, 0x00, 0x00, 0x00, 0xC0,
    0x00, 0x00, 0xC0, 0x00, 0x08, 0xF1, 0xC7, 0x1C, 0x71, 0xFF, 0xFB, 0xC0, 0x00, 0x6F, 0xB0, 0x0C,
    0x30, 0x1C, 0x07, 0x01, 0xC0, 0xF0, 0xFF, 0xFD, 0xFE, 0x3C, 0x00, 0x00, 0x1B, 0x07, 0xE0, 0x00,
    0x18, 0x06, 0x00, 0x00, 0x80, 0x00, 0x1E, 0x00, 0x03, 0xC0, 0x00, 0xC8, 0x00, 0x1F, 0x00, 0x00,
    0x00, 0x00, 0x00, 0x77, 0x00, 0x07, 0xE0, 0x00, 0xFC, 0x00, 0x1F, 0x80, 0x03, 0xF0, 0x00, 0x7F,
    0xF7, 0xFE, 0xFF, 0xFF, 0x8F, 0xFF, 0xC0, 0x00, 0x80, 0x00, 0x00, 0xB0, 0x00, 0x00, 0xF8, 0x00,
    0x00, 0x98, 0x00, 0x01, 0xF0, 0x00, 0x00, 0x00, 0x00, 0x00, 0x00, 0x00, 0xE0, 0x00, 0x00, 0xE0,
    0x00, 0x20, 0xE0, 0x00, 0x78, 0xE0, 0x00, 0xF0, 0xE0, 0x01, 0xF8, 0xFF, 0x7F, 0xFF, 0x7F, 0xFF,
    0x9F, 0x3F, 0xFE, 0x0F, 0x41, 0xE7, 0xDB, 0xF8, 0x00, 0x06, 0x38, 0xE3, 0x87, 0x1C, 0xFF, 0xBE,
    0xF0, 0x10, 0x05, 0x81, 0xF0, 0x4C, 0x3E, 0x00, 0x00, 0x00, 0x00, 0x1C, 0x07, 0x01, 0xC0, 0xF0,
    0xFF, 0xFD, 0xFE, 0x3C, 0x7F, 0x01, 0xFF, 0xC7, 0xFF, 0x80, 0x1E, 0x03, 0xFC, 0x3E, 0x01, 0xE0,
    0x0F, 0x00, 0x78, 0x01, 0xC5, 0x0E, 0x36, 0x38, 0x20, 0xE0, 0x81, 0xC0, 0x07, 0x80, 0x4F, 0xFF,
    0x1F, 0xFC, 0x3F, 0xE0, 0x7F, 0x00, 0x3F, 0xF8, 0x1F, 0xFE, 0x00, 0x0F, 0x00, 0x3F, 0xC0, 0x7D,
    0x80, 0x78, 0xE0, 0x78, 0x7F, 0x78, 0x1F, 0xB8, 0xA7, 0xF8, 0xD8, 0x1C, 0x10, 0x0E, 0x08, 0x03,
    0x80, 0x01, 0xE0, 0x10, 0x7F, 0xF8, 0x1F, 0xFC, 0x07, 0xFC, 0x00, 0x7E, 0x03, 0xFC, 0x1F, 0xFC,
    0x03, 0xE0, 0x0F, 0x83, 0xF3, 0xFE, 0x1F, 0xC0, 0xF8, 0x00, 0x00, 0x00, 0x00, 0x1B, 0x01, 0xD8,
    0x00, 0x00, 0x18, 0x00, 0xC0, 0x7E, 0x00, 0xFF, 0x01, 0xFF, 0xC0, 0x0F, 0x80, 0x0F, 0x80, 0xFC,
    0x3F, 0xFF, 0xFF, 0x3F, 0xF8, 0x3E, 0x00, 0x00, 0x00, 0x00, 0xD8, 0x01, 0xF8, 0x00, 0x00, 0x01,
    0x80, 0x03, 0x00, 0x20, 0x16, 0x0F, 0x84, 0xC7, 0xC0, 0x00, 0x00, 0x08, 0x1E, 0x07, 0x03, 0xC0,
    0xE0, 0x78, 0x1C, 0x0F, 0xFF, 0xFF, 0x7F, 0x00, 0x20, 0x01, 0x60, 0x0F, 0x80, 0x4C, 0x07, 0xC0,
    0x00, 0x00, 0x00, 0x00, 0x80, 0x1E, 0x00, 0x70, 0x03, 0xC0, 0x0E, 0x00, 0x78, 0x01, 0xC0, 0x0E,
    0x1F, 0xFE, 0xFF, 0xFF, 0xF3, 0x80, 0x06, 0x03, 0x01, 0x83, 0x31, 0xF8, 0x48, 0x00, 0x00, 0x02,
    0x07, 0x01, 0xC0, 0xE0, 0x70, 0x38, 0x1C, 0x0E, 0x0E, 0x1F, 0x3F, 0x0E, 0x04, 0x00, 0x04, 0x00,
    0xE0, 0x06, 0x01, 0xB0, 0x1B, 0x81, 0x90, 0x00, 0x00, 0x00, 0x02, 0x00, 0xE0, 0x07, 0x00, 0x70,
    0x07, 0x80, 0x7F, 0x07, 0xF0, 0x7F, 0x0E, 0x03, 0xE0, 0xFC, 0x07, 0x00, 0x40, 0x00, 0x08, 0x05,
    0x83, 0xE1, 0x31, 0xF0, 0x00, 0x00, 0x00, 0x02, 0x07, 0x01, 0xC0, 0xE0, 0x70, 0x38, 0x1C, 0x0E,
    0x0E, 0x1F, 0x3F, 0x0E, 0x04, 0x00, 0x08, 0x00, 0xB0, 0x0F, 0x80, 0x98, 0x1F, 0x00, 0x00, 0x00,
    0x00, 0x00, 0x02, 0x00, 0xE0, 0x07, 0x00, 0x70, 0x07, 0x80, 0x7F, 0x07, 0xF0, 0x7F, 0x0E, 0x03,
    0xE0, 0xFC, 0x07, 0x00, 0x40, 0x00, 0x00, 0x00, 0x80, 0x00, 0xF0, 0x00, 0xFC, 0x00, 0xFC, 0x00,
    0x7C, 0x00, 0x1C, 0x00, 0x07, 0xC3, 0x80, 0xF8, 0xE0, 0x1E, 0x38, 0x03, 0xCE, 0x00, 0x73, 0x80,
    0x1E, 0xFF, 0x7F, 0x9F, 0xFF, 0xC3, 0xFF, 0xE0, 0x00, 0x00, 0x80, 0x00, 0x1C, 0x00, 0x03, 0xF0,
    0x00, 0x7E, 0x00, 0x07, 0xC0, 0x00, 0x38, 0x00, 0x01, 0xE0, 0x1C, 0x07, 0x80, 0xE0, 0x1E, 0x07,
    0x00, 0x78, 0x38, 0x01, 0xC1, 0xC0, 0x0F, 0x0F, 0xF7, 0xFF, 0x3F, 0xFF, 0xFC, 0xFF, 0xFB, 0xC0,
    0x00, 0x81, 0xE0, 0xFC, 0xFC, 0x7C, 0x3C, 0x07, 0x80, 0xF0, 0x1E, 0x03, 0xC0, 0x70, 0x1C, 0xFF,
    0x3F, 0x8F, 0xC0, 0x00, 0x80, 0x38, 0x0F, 0xC3, 0xF0, 0x7C, 0x0F, 0x00, 0x78, 0x03, 0xC0, 0x1E,
    0x00, 0xE0, 0x07, 0x00, 0x78, 0xFF, 0xFF, 0xFF, 0xFC, 0xF0, 0x00, 0x03, 0x00, 0x03, 0xC0, 0x03,
    0xE0, 0x03, 0xE2, 0x00, 0x63, 0xC0, 0x03, 0xF0, 0x03, 0xF0, 0x01, 0xF0, 0x00, 0x70, 0x00, 0x1F,
    0x0E, 0x03, 0xE3, 0x80, 0x78, 0xE0, 0x0F, 0x38, 0x01, 0xCE, 0x00, 0x7B, 0xFD, 0xFE, 0x7F, 0xFF,
    0x0F, 0xFF, 0x80, 0x00, 0x02, 0x00, 0x00, 0x78, 0x00, 0x0F, 0x80, 0x01, 0xF1, 0x00, 0x0E, 0x38,
    0x00, 0x07, 0xE0, 0x00, 0xFC, 0x00, 0x0F, 0x80, 0x00, 0x70, 0x00, 0x03, 0xC0, 0x38, 0x0F, 0x01,
    0xC0, 0x3C, 0x0E, 0x00, 0xF0, 0x70, 0x03, 0x83, 0x80, 0x1E, 0x1F, 0xEF, 0xFE, 0x7F, 0xFF, 0xF9,
    0xFF, 0xF7, 0x80, 0x02, 0x03, 0xC3, 0xC3, 0xC2, 0xE7, 0x83, 0xF3, 0xF1, 0xF0, 0xF0, 0x1E, 0x03,
    0xC0, 0x78, 0x0F, 0x01, 0xC0, 0x73, 0xFC, 0xFE, 0x3F, 0x00, 0x02, 0x00, 0xF0, 0x3C, 0x0F, 0x08,
    0xE3, 0x80, 0xFC, 0x3F, 0x07, 0xC0, 0xF0, 0x07, 0x80, 0x3C, 0x01, 0xE0, 0x0E, 0x00, 0x70, 0x07,
    0x8F, 0xFF, 0xFF, 0xFF, 0xCF, 0x00, 0x10, 0x03, 0x80, 0x0F, 0x80, 0x7E, 0x03, 0xF0, 0x1F, 0x00,
    0xF8, 0x07, 0xE0, 0x3F, 0x87, 0xFF, 0xFC, 0xFF, 0xC0, 0xF8, 0x00, 0x00, 0x78, 0x00, 0x1C, 0x30,
    0x0E, 0x1C, 0x07, 0x8E, 0x03, 0xFE, 0x00, 0xFF, 0x00, 0xFF, 0xC0, 0x70, 0xF0, 0x78, 0x7F, 0xF8,
    0x1F, 0xF8, 0x01, 0xF0, 0x00, 0x30, 0x78, 0x3C, 0x7E, 0xFF, 0xE7, 0xC7, 0xE7, 0xFF, 0xFE, 0x7C,
    0x1F, 0x00, 0xFE, 0x07, 0xF8, 0x3C, 0x70, 0xE1, 0xC3, 0x83, 0xE7, 0x0F, 0xD0, 0x1F, 0x18, 0xE3,
    0x8E, 0x1C, 0x73, 0xFE, 0xFB, 0xC1, 0x0C, 0x70, 0xC0, 0x20, 0x03, 0x80, 0xF8, 0x7F, 0x9F, 0xFB,
    0xF3, 0xB8, 0x1F, 0x01, 0xF0, 0x0F, 0x00, 0xF0, 0x04, 0x00, 0x02, 0x00, 0x06, 0x00, 0x1F, 0x00,
    0x1F, 0x00, 0x7F, 0x01, 0xDF, 0x03, 0x9F, 0x07, 0x77, 0x07, 0xEE, 0xFF, 0xFD, 0xFF, 0xFF, 0xF7,
    0xE0, 0x00, 0xE0, 0x03, 0xF0, 0x03, 0xF0, 0x07, 0x70, 0x07, 0x30, 0x0E, 0x70, 0x0E, 0xF0, 0x7F,
    0xFF, 0xFF, 0xFF, 0xFE, 0x3F, 0x0E, 0x18, 0x0F, 0x38, 0x07, 0xF8, 0x03, 0xF0, 0x00, 0xC0, 0x08,
    0x00, 0xE0, 0x07, 0x80, 0x3E, 0x03, 0xFC, 0x19, 0xF1, 0xCF, 0xC6, 0x6E, 0x3F, 0x37, 0xFF, 0xFF,
    0xFD, 0xEF, 0xC0, 0x07, 0x00, 0x3E, 0x01, 0xFC, 0x07, 0x70, 0x39, 0xC0, 0xE7, 0x03, 0xB8, 0x3F,
    0xFE, 0xFF, 0xFF, 0xE7, 0xE3, 0x8E, 0x0F, 0x38, 0x1F, 0xE0, 0x3F, 0x00, 0x30, 0x00, 0x02, 0x00,
    0x03, 0xE0, 0x01, 0xF8, 0x00, 0xF7, 0x00, 0x79, 0xC0, 0x3C, 0x20, 0x0E, 0x00, 0x03, 0x80, 0x00,
    0xFF, 0x3F, 0xFF, 0xFF, 0xF3, 0xFF, 0xFC, 0x01, 0xF8, 0xFF, 0xDF, 0xFE, 0xF8, 0x0E, 0x00, 0x70,
    0x03, 0xFF, 0xEF, 0xFE, 0x3F, 0xF0, 0x38, 0x00, 0x18, 0x00, 0x06, 0x00, 0x00, 0xE0, 0x00, 0x70,
    0x00, 0x00, 0x80, 0x00, 0xF8, 0x00, 0x7E, 0x00, 0x3D, 0xC0, 0x1E, 0x70, 0x0F, 0x08, 0x03, 0x80,
    0x00, 0xE0, 0x00, 0x3F, 0xCF, 0xFF, 0xFF, 0xFC, 0xFF, 0xFF, 0x38, 0x01, 0x00, 0x08, 0x00, 0xF8,
    0x03, 0x00, 0x00, 0xFC, 0x7F, 0xEF, 0xFF, 0x7C, 0x07, 0x00, 0x38, 0x01, 0xFF, 0xF7, 0xFF, 0x1F,
    0xF8, 0x00, 0x1E, 0x00, 0x7F, 0x00, 0xFE, 0x00, 0xE0, 0x01, 0xC0, 0xC1, 0xC0, 0xE1, 0xE0, 0xE0,
    0xFC, 0xC0, 0x7E, 0xE0, 0x0E, 0xE0, 0x1E, 0xF0, 0x3C, 0x7F, 0xF8, 0x3F, 0xF0, 0x0F, 0x80, 0xC0,
    0x00, 0x70, 0x18, 0x38, 0x0F, 0xF8, 0x0F, 0xFE, 0x01, 0xFF, 0x00, 0x73, 0xC0, 0x79, 0xFF, 0xF8,
    0x7F, 0xF8, 0x07, 0xE0, 0x00, 0x08, 0x78, 0x70, 0xE1, 0xC3, 0x87, 0x7E, 0xF9, 0xE0, 0x00, 0x0E,
    0xDD, 0xD3, 0x00, 0x1C, 0x07, 0x01, 0xC0, 0xF0, 0xFF, 0xFD, 0xFE, 0x3C, 0x00, 0x00, 0x19, 0x87,
    0xE1, 0x98, 0x1E, 0x1F, 0x1F, 0x8E, 0x07, 0x01, 0xD8, 0xFF, 0xFF, 0x7C, 0x38, 0x00, 0x73, 0xFC,
    0x00, 0x03, 0x87, 0x0E, 0x1C, 0x38, 0x70, 0xE1, 0xC3, 0x87, 0x06, 0x0C, 0x1C, 0x38, 0x72, 0x7F,
    0x00, 0x00, 0x03, 0x81, 0xC0, 0xE0, 0x70, 0x38, 0x1C, 0x0E, 0x03, 0x01, 0xC0, 0xE0, 0x70, 0x38,
    0x1F, 0x8F, 0xC3, 0xE0, 0x76, 0x30, 0xFE, 0x01, 0xCE, 0x73, 0x9C, 0xE7, 0x39, 0xCE, 0x31, 0x8E,
    0x70, 0x70, 0xC0, 0x40, 0x78, 0xE0, 0x00, 0x70, 0x70, 0x70, 0x70, 0x70, 0x70, 0x70, 0x30, 0x38,
    0x38, 0x38, 0x38, 0x3F, 0x3F, 0x1F, 0x38, 0x30, 0x30, 0x3C, 0x30, 0x00, 0x3E, 0x7E, 0xFF, 0xE7,
    0xE7, 0xFF, 0xFF, 0x7F, 0x0F, 0x3E, 0xFC, 0xF8, 0xC0, 0x38, 0x03, 0x00, 0x30, 0x03, 0xC0, 0x30,
    0x00, 0x00, 0x00, 0x03, 0xE0, 0x7E, 0x07, 0xF0, 0xE7, 0x0E, 0x70, 0xFF, 0xEF, 0xFF, 0x7F, 0xE0,
    0xF0, 0x3E, 0x0F, 0xC0, 0xF8, 0x0C, 0x00, 0xE7, 0x39, 0xCE, 0x73, 0x9C, 0xE3, 0x18, 0xC7, 0x39,
    0xC0, 0x76, 0x30, 0xFE, 0x00, 0xE1, 0xC3, 0x87, 0x0E, 0x1C, 0x38, 0x30, 0x70, 0xE1, 0xC3, 0x87,
    0xEF, 0xCF, 0x80, 0x70, 0x81, 0x87, 0xC6, 0x00, 0x38, 0x00, 0x60, 0x1E, 0x20, 0x7F, 0x3C, 0xFE,
    0x70, 0xE0, 0x01, 0xC0, 0xC1, 0xC0, 0xE1, 0xE0, 0xE0, 0xFC, 0xC0, 0x7E, 0xE0, 0x0E, 0xE0, 0x1E,
    0xF0, 0x3C, 0x7F, 0xF8, 0x3F, 0xF0, 0x0F, 0x80, 0x38, 0x00, 0x30, 0x00, 0x08, 0x00, 0x07, 0x80,
    0x07, 0x00, 0x00, 0x00, 0x03, 0x00, 0x01, 0xC0, 0x60, 0xE0, 0x3F, 0xE0, 0x3F, 0xF8, 0x07, 0xFC,
    0x01, 0xCF, 0x01, 0xE7, 0xFF, 0xE1, 0xFF, 0xE0, 0x1F, 0x80, 0x71, 0x06, 0x3E, 0x60, 0x01, 0x8E,
    0x38, 0xE1, 0xC7, 0x3F, 0xEF, 0xBC, 0x38, 0x0C, 0x03, 0x00, 0xF0, 0x30, 0x00, 0x00, 0x00, 0x70,
    0x1C, 0x07, 0x03, 0xC3, 0xFE, 0xFF, 0xF9, 0xE0, 0xEE, 0xEE, 0xEE, 0xEE, 0xE6, 0x66, 0x77, 0x70,
    0xE1, 0xC3, 0x87, 0x0E, 0x1C, 0x38, 0x30, 0x70, 0xE1, 0xC3, 0x87, 0xEF, 0xCF, 0x80, 0x00, 0x01,
    0xDC, 0x00, 0x1F, 0x80, 0x03, 0xF0, 0x00, 0x7E, 0x00, 0x0F, 0xC0, 0x01, 0xFF, 0xDF, 0xFB, 0xFF,
    0xFE, 0x3F, 0xFF, 0x00, 0x00, 0x00, 0x00, 0x00, 0x00, 0x70, 0x00, 0x0E, 0x00, 0x01, 0x80, 0x00,
    0xE0, 0x00, 0x00, 0xE0, 0x00, 0x20, 0xE0, 0x00, 0x78, 0xE0, 0x00, 0xF0, 0xE0, 0x01, 0xF8, 0xFF,
    0x7F, 0xFF, 0x7F, 0xFF, 0x9F, 0x3F, 0xFE, 0x0F, 0x00, 0x00, 0x00, 0x00, 0x00, 0x00, 0x00, 0xC0,
    0x00, 0x00, 0xE0, 0x00, 0x00, 0xC0, 0x00, 0x18, 0xE3, 0x8E, 0x1C, 0x73, 0xFE, 0xFB, 0xC0, 0x00,
    0x71, 0xC3, 0x00, 0x1C, 0x07, 0x01, 0xC0, 0xF0, 0xFF, 0xBF, 0xFE, 0x78, 0x00, 0x00, 0x06, 0x03,
    0x80, 0x60, 0x6E, 0x6E, 0x64, 0x00, 0x00, 0x30, 0x78, 0x3C, 0x7E, 0xFF, 0xE7, 0xC7, 0xE7, 0xFF,
    0xFE, 0x7C, 0x33, 0x03, 0xF0, 0x13, 0x00, 0x00, 0x00, 0x00, 0x70, 0x07, 0x03, 0xF0, 0x7F, 0x0F,
    0x30, 0xE3, 0x8C, 0x38, 0xF7, 0x8F, 0xF8, 0x7F, 0xF0, 0x3F, 0x00, 0xF0, 0x03, 0xB0, 0x00, 0x77,
    0x00, 0x04, 0x40, 0x00, 0x00, 0xEE, 0x00, 0x0F, 0xC0, 0x01, 0xF8, 0x00, 0x3F, 0x00, 0x07, 0xE0,
    0x00, 0xFF, 0xEF, 0xFD, 0xFF, 0xFF, 0x1F, 0xFF, 0x80, 0x01, 0xB8, 0x00, 0x01, 0xF8, 0x00, 0x01,
    0x90, 0x00, 0x00, 0x00, 0x00, 0xE0, 0x00, 0x00, 0xE0, 0x00, 0x20, 0xE0, 0x00, 0x78, 0xE0, 0x00,
    0xF0, 0xE0, 0x01, 0xF8, 0xFF, 0x7F, 0xFF, 0x7F, 0xFF, 0x9F, 0x3F, 0xFE, 0x0F, 0xCF, 0xFC, 0xC0,
    0x18, 0xE3, 0x8E, 0x1C, 0x73, 0xFE, 0xFB, 0xC0, 0x37, 0x0F, 0xC3, 0x20, 0x00, 0x00, 0x07, 0x01,
    0xC0, 0x70, 0x3C, 0x3F, 0xFF, 0x7F, 0x8F, 0x00, 0x40, 0x00, 0x1C, 0x00, 0x01, 0x80, 0x00, 0xD8,
    0x00, 0x1B, 0x00, 0x03, 0x20, 0x00, 0x00, 0x77, 0x00, 0x07, 0xE0, 0x00, 0xFC, 0x00, 0x1F, 0x80,
    0x03, 0xF0, 0x00, 0x7F, 0xF7, 0xFE, 0xFF, 0xFF, 0x8F, 0xFF, 0xC0, 0x00, 0x60, 0x00, 0x00, 0x60,
    0x00, 0x00, 0x60, 0x00, 0x01, 0x98, 0x00, 0x01, 0xF8, 0x00, 0x00, 0x90, 0x00, 0x00, 0x00, 0x00,
    0xE0, 0x00, 0x00, 0xE0, 0x00, 0x20, 0xE0, 0x00, 0x78, 0xE0, 0x00, 0xF0, 0xE0, 0x01, 0xF8, 0xFF,
    0x7F, 0xFF, 0x7F, 0xFF, 0x9F, 0x3F, 0xFE, 0x0F, 0x30, 0xC3, 0x33, 0xFD, 0x20, 0x06, 0x38, 0xE3,
    0x87, 0x1C, 0xFF, 0xBE, 0xF0, 0x0C, 0x03, 0x00, 0xC0, 0xCC, 0x3F, 0x04, 0x80, 0x00, 0x00, 0x1C,
    0x07, 0x01, 0xC0, 0xF0, 0xFF, 0xFD, 0xFE, 0x3C, 0x7F, 0x01, 0xFF, 0x87, 0xFF, 0x80, 0x3E, 0x07,
    0xF8, 0x3E, 0x01, 0xE0, 0x0E, 0x00, 0x70, 0x01, 0xC2, 0x0E, 0x1C, 0x38, 0x70, 0xE0, 0x83, 0xC0,
    0x07, 0x80, 0x9F, 0xFE, 0x3F, 0xFC, 0x3F, 0xC0, 0x7F, 0x00, 0x3F, 0xF0, 0x1F, 0xFE, 0x00, 0x1F,
    0x00, 0x7F, 0x80, 0x7D, 0x80, 0x78, 0xE0, 0x70, 0x7F, 0x70, 0x1F, 0xB8, 0x47, 0xF8, 0x70, 0x1C,
    0x38, 0x0E, 0x08, 0x07, 0x80, 0x01, 0xE0, 0x20, 0xFF, 0xF0, 0x3F, 0xFC, 0x07, 0xF8, 0x00, 0x7E,
    0x03, 0xFC, 0x1F, 0xFC, 0x03, 0xE0, 0x0F, 0x83, 0xF3, 0xFE, 0x1F, 0xC0, 0xF8, 0x00, 0x00, 0x00,
    0x00, 0x0C, 0x00, 0x70, 0x03, 0x00, 0x7E, 0x00, 0xFF, 0x01, 0xFF, 0xC0, 0x0F, 0x80, 0x0F, 0x80,
    0xFC, 0x3F, 0xFF, 0xFF, 0x3F, 0xF8, 0x3E, 0x00, 0x00, 0x00, 0x00, 0x30, 0x00, 0xE0, 0x00, 0xC0,
    0x00, 0x7F, 0x01, 0xFF, 0x87, 0xFF, 0x80, 0x3E, 0x07, 0xF8, 0x3E, 0x01, 0xE0, 0x0E, 0x00, 0x70,
    0x01, 0xC0, 0x0E, 0x00, 0x38, 0x00, 0xE0, 0x03, 0xC0, 0x07, 0x80, 0x9F, 0xFE, 0x3F, 0xFC, 0x3F,
    0xC0, 0x7F, 0x00, 0x3F, 0xF0, 0x1F, 0xFE, 0x00, 0x1F, 0x00, 0x7F, 0x80, 0x7D, 0x80, 0x78, 0xE0,
    0x70, 0x7F, 0x70, 0x1F, 0xB8, 0x07, 0xF8, 0x00, 0x1C, 0x00, 0x0E, 0x00, 0x07, 0x80, 0x01, 0xE0,
    0x20, 0xFF, 0xF0, 0x3F, 0xFC, 0x07, 0xF8, 0x00, 0x7E, 0x03, 0xFC, 0x1F, 0xFC, 0x03, 0xE0, 0x0F,
    0x83, 0xF3, 0xFE, 0x1F, 0xC0, 0xF8, 0x00, 0x7E, 0x00, 0xFF, 0x01, 0xFF, 0xC0, 0x0F, 0x80, 0x0F,
    0x80, 0xFC, 0x3F, 0xFF, 0xFF, 0x3F, 0xF8, 0x3E, 0x07, 0x00, 0x1C, 0x00, 0x30, 0x00, 0x00, 0x00,
    0x01, 0xFC, 0x07, 0xFE, 0x1F, 0xFE, 0x00, 0xF8, 0x1F, 0xE0, 0xF8, 0x07, 0x80, 0x38, 0x01, 0xC0,
    0x07, 0x00, 0x38, 0x00, 0xE0, 0x03, 0x80, 0x0F, 0x00, 0x1E, 0x02, 0x7F, 0xF8, 0xFF, 0xF0, 0xFF,
    0x00, 0x07, 0x00, 0x03, 0x80, 0x00, 0xC0, 0x00, 0x00, 0x00, 0x00, 0x03, 0xF8, 0x01, 0xFF, 0x80,
    0xFF, 0xF0, 0x00, 0xF8, 0x03, 0xFC, 0x03, 0xEC, 0x03, 0xC7, 0x03, 0x83, 0xFB, 0x80, 0xFD, 0xC0,
    0x3F, 0xC0, 0x00, 0xE0, 0x00, 0x70, 0x00, 0x3C, 0x00, 0x0F, 0x01, 0x07, 0xFF, 0x81, 0xFF, 0xE0,
    0x3F, 0xC0, 0x38, 0x01, 0xC0, 0x04, 0x00, 0x00, 0x00, 0x00, 0x3F, 0x01, 0xFE, 0x0F, 0xFE, 0x01,
    0xF0, 0x07, 0xC1, 0xF9, 0xFF, 0x0F, 0xE0, 0x7C, 0x00, 0x38, 0x00, 0x70, 0x00, 0x40, 0x00, 0x00,
    0x00, 0x00, 0x0F, 0xC0, 0x1F, 0xE0, 0x3F, 0xF8, 0x01, 0xF0, 0x01, 0xF0, 0x1F, 0x87, 0xFF, 0xFF,
    0xE7, 0xFF, 0x07, 0xC0, 0x04, 0x0F, 0x03, 0x81, 0xE0, 0x70, 0x3C, 0x0E, 0x07, 0xFF, 0xFF, 0xBF,
    0x80, 0x04, 0x00, 0xF0, 0x03, 0x80, 0x1E, 0x00, 0x70, 0x03, 0xC0, 0x0E, 0x00, 0x70, 0xFF, 0xF7,
    0xFF, 0xFF, 0x9C, 0x38, 0x1C, 0x04, 0x00, 0x00, 0x40, 0xF0, 0x38, 0x1E, 0x07, 0x03, 0xC0, 0xE0,
    0x7F, 0xFF, 0xFB, 0xF8, 0x38, 0x01, 0xC0, 0x04, 0x00, 0x00, 0x00, 0x40, 0x0F, 0x00, 0x38, 0x01,
    0xE0, 0x07, 0x00, 0x3C, 0x00, 0xE0, 0x07, 0x0F, 0xFF, 0x7F, 0xFF, 0xF9, 0xC0, 0x02, 0x0E, 0x07,
    0x07, 0x07, 0x07, 0x07, 0x07, 0x0E, 0x3E, 0xFC, 0x70, 0x40, 0x02, 0x00, 0xE0, 0x07, 0x00, 0x70,
    0x07, 0x80, 0x7F, 0x07, 0xF0, 0x7F, 0x0E, 0x03, 0xE0, 0xFC, 0x07, 0x00, 0x40, 0x00, 0x0E, 0x0E,
    0x06, 0x00, 0x00, 0x02, 0x0E, 0x07, 0x07, 0x07, 0x07, 0x07, 0x07, 0x0E, 0x3E, 0xFC, 0x70, 0x40,
    0x0E, 0x00, 0xE0, 0x04, 0x00, 0x00, 0x00, 0x00, 0x20, 0x0E, 0x00, 0x70, 0x07, 0x00, 0x78, 0x07,
    0xF0, 0x7F, 0x07, 0xF0, 0xE0, 0x3E, 0x0F, 0xC0, 0x70, 0x04, 0x00, 0x00, 0x00, 0x00, 0x80, 0x00,
    0x00, 0x78, 0x00, 0x00, 0x07, 0x00, 0x3C, 0x38, 0xE0, 0x03, 0x87, 0x1D, 0x80, 0x70, 0xE1, 0xF8,
    0x0E, 0x1C, 0x77, 0x01, 0xFF, 0xFE, 0xC0, 0x1F, 0xFF, 0xDC, 0x07, 0xFB, 0xF3, 0x80, 0xE0, 0x00,
    0x78, 0x3C, 0x00, 0x0F, 0xFF, 0x00, 0x00, 0xFF, 0xC0, 0x00, 0x07, 0xE0, 0x00, 0x00, 0x00, 0x00,
    0x00, 0x40, 0x00, 0x00, 0x03, 0x80, 0x01, 0xE1, 0xC3, 0x00, 0x01, 0xC3, 0x86, 0x0C, 0x03, 0x87,
    0x0E, 0x1C, 0x07, 0x0E, 0x3C, 0x38, 0x0F, 0xFF, 0xFF, 0x60, 0x0F, 0xFF, 0xFF, 0xE0, 0x3F, 0xDF,
    0x3D, 0xC0, 0x70, 0x00, 0x03, 0xC1, 0xE0, 0x00, 0x07, 0xFF, 0x80, 0x00, 0x07, 0xFE, 0x00, 0x00,
    0x03, 0xF0, 0x00, 0x00, 0x00, 0x00, 0x00, 0xC0, 0x00, 0x38, 0x00, 0x07, 0x0C, 0x18, 0xE1, 0xC7,
    0x0E, 0x70, 0xE1, 0xCF, 0x1C, 0x3F, 0xFF, 0xFE, 0xFF, 0xFF, 0xDC, 0xFB, 0xF0, 0x00, 0x00, 0x40,
    0x00, 0x01, 0x80, 0x60, 0xC3, 0x00, 0xE3, 0x87, 0x03, 0x87, 0x0E, 0x07, 0x8E, 0x1C, 0x3F, 0xFF,
    0xFF, 0x7F, 0xFF, 0xDF, 0xE7, 0xDF, 0x1E, 0x00, 0x00, 0x40, 0x00, 0x00, 0x1C, 0x00, 0x00, 0x01,
    0x00, 0x00, 0x00, 0xD8, 0x00, 0x00, 0x1B, 0x00, 0x00, 0x02, 0x60, 0x00, 0x00, 0x00, 0x20, 0x00,
    0x00, 0x1E, 0x00, 0x00, 0x01, 0xC0, 0x0F, 0x0E, 0x38, 0x00, 0xE1, 0xC7, 0x60, 0x1C, 0x38, 0x7E,
    0x03, 0x87, 0x1D, 0xC0, 0x7F, 0xFF, 0xB0, 0x07, 0xFF, 0xF7, 0x01, 0xFE, 0xFC, 0xE0, 0x38, 0x00,
    0x1E, 0x0F, 0x00, 0x03, 0xFF, 0xC0, 0x00, 0x3F, 0xF0, 0x00, 0x01, 0xF8, 0x00, 0x00, 0x00, 0x00,
    0x40, 0x00, 0x00, 0x01, 0xC0, 0x00, 0x00, 0x01, 0x00, 0x00, 0x00, 0x0D, 0x80, 0x00, 0x00, 0x1B,
    0x00, 0x00, 0x00, 0x26, 0x00, 0x00, 0x00, 0x00, 0x00, 0x00, 0x00, 0x00, 0x20, 0x00, 0x00, 0x01,
    0xC0, 0x00, 0xF0, 0xE1, 0x80, 0x00, 0xE1, 0xC3, 0x06, 0x01, 0xC3, 0x87, 0x0E, 0x03, 0x87, 0x1E,
    0x1C, 0x07, 0xFF, 0xFF, 0xB0, 0x07, 0xFF, 0xFF, 0xF0, 0x1F, 0xEF, 0x9E, 0xE0, 0x38, 0x00, 0x01,
    0xE0, 0xF0, 0x00, 0x03, 0xFF, 0xC0, 0x00, 0x03, 0xFF, 0x00, 0x00, 0x01, 0xF8, 0x00, 0x00, 0x00,
    0x00, 0x30, 0x00, 0x06, 0x00, 0x00, 0xC0, 0x00, 0x6C, 0x00, 0x0F, 0xC0, 0x00, 0x90, 0x00, 0x00,
    0x30, 0x00, 0x0E, 0x00, 0x01, 0xC3, 0x06, 0x38, 0x71, 0xC3, 0x9C, 0x38, 0x73, 0xC7, 0x0F, 0xFF,
    0xFF, 0xBF, 0xFF, 0xF7, 0x3E, 0xFC, 0x00, 0x20, 0x00, 0x00, 0xE0, 0x00, 0x00, 0xC0, 0x00, 0x06,
    0xC0, 0x00, 0x0D, 0xC0, 0x00, 0x19, 0x00, 0x00, 0x00, 0x00, 0x00, 0x00, 0x20, 0x00, 0x00, 0xC0,
    0x30, 0x61, 0x80, 0x71, 0xC3, 0x81, 0xC3, 0x87, 0x03, 0xC7, 0x0E, 0x1F, 0xFF, 0xFF, 0xBF, 0xFF,
    0xEF, 0xF3, 0xEF, 0x8F, 0x00, 0x00, 0x07, 0xC0, 0x00, 0x01, 0xFE, 0x00, 0x78, 0x3F, 0xF0, 0x03,
    0x87, 0x87, 0xC0, 0x38, 0xF0, 0x7E, 0x03, 0xDE, 0x0F, 0xE0, 0x3F, 0xFF, 0xEC, 0x01, 0xFF, 0xFC,
    0xE0, 0x3B, 0xFF, 0x0E, 0x03, 0x80, 0x00, 0xF0, 0x78, 0x00, 0x07, 0xFF, 0x00, 0x00, 0x3F, 0xE0,
    0x00, 0x00, 0xF8, 0x00, 0x00, 0x00, 0x00, 0x07, 0xC0, 0x00, 0x00, 0x3F, 0xC0, 0x01, 0xE0, 0xFF,
    0xC0, 0x01, 0xC3, 0xC3, 0x8C, 0x03, 0x8F, 0x07, 0x1C, 0x07, 0xBC, 0x1E, 0x38, 0x0F, 0xFF, 0xFF,
    0x60, 0x0F, 0xFF, 0xFF, 0xE0, 0x3B, 0xFF, 0x3D, 0xC0, 0x70, 0x00, 0x03, 0xC1, 0xE0, 0x00, 0x03,
    0xFF, 0x80, 0x00, 0x03, 0xFE, 0x00, 0x00, 0x01, 0xF0, 0x00, 0x00, 0x00, 0x00, 0x0F, 0x80, 0x03,
    0xFC, 0x41, 0xFF, 0x9C, 0x7C, 0x73, 0x8E, 0x06, 0x73, 0x81, 0xFF, 0xFF, 0xFF, 0xFF, 0xFE, 0xE7,
    0xFF, 0x00, 0x00, 0x0F, 0x80, 0x00, 0x3F, 0xC0, 0x41, 0xFF, 0x81, 0xC7, 0xC7, 0x03, 0x8E, 0x06,
    0x07, 0x38, 0x1C, 0x3F, 0xFF, 0xFF, 0x7F, 0xFF, 0xFF, 0xE7, 0xFF, 0x7C, 0x00, 0x00, 0x07, 0x00,
    0x00, 0x00, 0x70, 0x00, 0x00, 0x02, 0x00, 0x00, 0x00, 0x00, 0x00, 0x00, 0x00, 0x00, 0x00, 0x00,
    0x7C, 0x00, 0x00, 0x1F, 0xE0, 0x07, 0x83, 0xFF, 0x00, 0x38, 0x78, 0x7C, 0x03, 0x8F, 0x07, 0xE0,
    0x3D, 0xE0, 0xFE, 0x03, 0xFF, 0xFE, 0xC0, 0x1F, 0xFF, 0xCE, 0x03, 0xBF, 0xF0, 0xE0, 0x38, 0x00,
    0x0F, 0x07, 0x80, 0x00, 0x7F, 0xF0, 0x00, 0x03, 0xFE, 0x00, 0x00, 0x0F, 0x80, 0x00, 0x00, 0x00,
    0x00, 0x07, 0x00, 0x00, 0x00, 0x0E, 0x00, 0x00, 0x00, 0x08, 0x00, 0x00, 0x00, 0x00, 0x00, 0x00,
    0x00, 0x00, 0x00, 0x00, 0x00, 0xF8, 0x00, 0x00, 0x07, 0xF8, 0x00, 0x3C, 0x1F, 0xF8, 0x00, 0x38,
    0x78, 0x71, 0x80, 0x71, 0xE0, 0xE3, 0x80, 0xF7, 0x83, 0xC7, 0x01, 0xFF, 0xFF, 0xEC, 0x01, 0xFF,
    0xFF, 0xFC, 0x07, 0x7F, 0xE7, 0xB8, 0x0E, 0x00, 0x00, 0x78, 0x3C, 0x00, 0x00, 0x7F, 0xF0, 0x00,
    0x00, 0x7F, 0xC0, 0x00, 0x00, 0x3E, 0x00, 0x00, 0x00, 0x00, 0x07, 0x00, 0x00, 0xE0, 0x00, 0x08,
    0x00, 0x00, 0x00, 0x00, 0x00, 0x00, 0x1F, 0x00, 0x07, 0xF8, 0x83, 0xFF, 0x38, 0xF8, 0xE7, 0x1C,
    0x0C, 0xE7, 0x03, 0xFF, 0xFF, 0xFF, 0xFF, 0xFD, 0xCF, 0xFE, 0x00, 0x00, 0x07, 0x00, 0x00, 0x0E,
    0x00, 0x00, 0x08, 0x00, 0x00, 0x00, 0x00, 0x00, 0x00, 0x00, 0x01, 0xF0, 0x00, 0x07, 0xF8, 0x08,
    0x3F, 0xF0, 0x38, 0xF8, 0xE0, 0x71, 0xC0, 0xC0, 0xE7, 0x03, 0x87, 0xFF, 0xFF, 0xEF, 0xFF, 0xFF,
    0xFC, 0xFF, 0xEF, 0x80, 0x0E, 0x00, 0x07, 0x00, 0x03, 0x80, 0x01, 0xC0, 0x00, 0xE0, 0x00, 0x70,
    0x00, 0x38, 0xF8, 0x1D, 0xFE, 0x0F, 0xFF, 0x07, 0xE1, 0xC3, 0xE0, 0xE1, 0xE0, 0xF7, 0xFF, 0xF3,
    0xFF, 0xF3, 0xFF, 0xE0, 0x0E, 0x00, 0x00, 0xE0, 0x00, 0x0E, 0x00, 0x00, 0xE0, 0x00, 0x0E, 0x00,
    0x00, 0xE0, 0x00, 0x0E, 0x3E, 0x00, 0xEF, 0xF0, 0x0F, 0xFF, 0x00, 0xFC, 0x38, 0x0F, 0x83, 0x80,
    0xF0, 0x78, 0x7F, 0xFF, 0xE7, 0xFF, 0xFF, 0xFF, 0xFB, 0xE0, 0x38, 0x00, 0x70, 0x00, 0xE0, 0x01,
    0xC0, 0x03, 0x80, 0x07, 0x00, 0x0E, 0x7E, 0x1F, 0xFE, 0x3F, 0xFC, 0x7C, 0x3C, 0xF0, 0x39, 0xC1,
    0xEF, 0xFF, 0xDF, 0xFF, 0x3F, 0xF0, 0x00, 0x38, 0x00, 0x0E, 0x00, 0x03, 0x80, 0x00, 0xE0, 0x00,
    0x38, 0x00, 0x0E, 0x00, 0x03, 0x9F, 0x80, 0xFF, 0xF0, 0x3F, 0xFC, 0x0F, 0x87, 0x83, 0xC0, 0xE0,
    0xE0, 0xF0, 0xFF, 0xFF, 0xBF, 0xFF, 0xFF, 0xFC, 0xF8, 0x0E, 0x00, 0x07, 0x0E, 0x03, 0x87, 0x01,
    0xC1, 0x00, 0xE0, 0x00, 0x70, 0x00, 0x38, 0xF8, 0x1D, 0xFE, 0x0F, 0xFF, 0x07, 0xE1, 0xC3, 0xE0,
    0xE1, 0xE0, 0xF7, 0xFF, 0xF3, 0xFF, 0xF3, 0xFF, 0xE0, 0x0E, 0x00, 0x00, 0xE1, 0x80, 0x0E, 0x3C,
    0x00, 0xE1, 0x80, 0x0E, 0x00, 0x00, 0xE0, 0x00, 0x0E, 0x3E, 0x00, 0xEF, 0xF0, 0x0F, 0xFF, 0x00,
    0xFC, 0x38, 0x0F, 0x83, 0x80, 0xF0, 0x78, 0x7F, 0xFF, 0xE7, 0xFF, 0xFF, 0xFF, 0xFB, 0xE0, 0x38,
    0x00, 0x71, 0xC0, 0xE3, 0x81, 0xC2, 0x03, 0x80, 0x07, 0x00, 0x0E, 0x7E, 0x1F, 0xFE, 0x3F, 0xFC,
    0x7C, 0x3C, 0xF0, 0x39, 0xC1, 0xEF, 0xFF, 0xDF, 0xFF, 0x3F, 0xF0, 0x00, 0x38, 0x00, 0x0E, 0x38,
    0x03, 0x8E, 0x00, 0xE1, 0x00, 0x38, 0x00, 0x0E, 0x00, 0x03, 0x9F, 0x80, 0xFF, 0xF0, 0x3F, 0xFC,
    0x0F, 0x87, 0x83, 0xC0, 0xE0, 0xE0, 0xF0, 0xFF, 0xFF, 0xBF, 0xFF, 0xFF, 0xFC, 0xF8, 0x06, 0x01,
    0xF8, 0x0F, 0xC0, 0xF0, 0x07, 0x00, 0x38, 0x01, 0xE7, 0x07, 0xF8, 0x1F, 0xC1, 0xF0, 0x1E, 0x00,
    0xE0, 0x07, 0x00, 0x70, 0x03, 0x80, 0x1E, 0x00, 0x78, 0x0B, 0xFF, 0xCF, 0xFE, 0x1F, 0xE0, 0x07,
    0x80, 0x7F, 0x03, 0xFE, 0x0E, 0x38, 0x3C, 0xE0, 0x7F, 0x00, 0xFC, 0x03, 0xFE, 0x1F, 0xFC, 0xF3,
    0xE7, 0x80, 0x3C, 0x00, 0xE0, 0x03, 0x80, 0x0F, 0x02, 0x1F, 0xFC, 0x7F, 0xF0, 0x7F, 0x80, 0x1F,
    0x87, 0xF0, 0xFE, 0x1C, 0x03, 0x80, 0x70, 0x8F, 0xF7, 0xFF, 0xFF, 0xDF, 0x80, 0x07, 0x00, 0xFE,
    0x0F, 0xF0, 0xE3, 0x83, 0x9C, 0x1E, 0xE0, 0x7E, 0x1F, 0xFF, 0xFF, 0xFF, 0x8F, 0xC0, 0x06, 0x00,
    0x70, 0x01, 0x80, 0x00, 0x00, 0x60, 0x1F, 0x80, 0xFC, 0x0F, 0x00, 0x70, 0x03, 0x80, 0x1E, 0x70,
    0x7F, 0x81, 0xFC, 0x1F, 0x01, 0xE0, 0x0E, 0x00, 0x70, 0x07, 0x00, 0x38, 0x01, 0xE0, 0x07, 0x80,
    0xBF, 0xFC, 0xFF, 0xE1, 0xFE, 0x07, 0x00, 0x1C, 0x00, 0x20, 0x00, 0x00, 0x07, 0x80, 0x7F, 0x03,
    0xFE, 0x0E, 0x38, 0x3C, 0xE0, 0x7F, 0x00, 0xFC, 0x03, 0xFE, 0x1F, 0xFC, 0xF3, 0xE7, 0x80, 0x3C,
    0x00, 0xE0, 0x03, 0x80, 0x0F, 0x02, 0x1F, 0xFC, 0x7F, 0xF0, 0x7F, 0x80, 0x0E, 0x01, 0xC0, 0x10,
    0x00, 0x00, 0x00, 0x3F, 0x0F, 0xE1, 0xFC, 0x38, 0x07, 0x00, 0xE1, 0x1F, 0xEF, 0xFF, 0xFF, 0xBF,
    0x00, 0x07, 0x00, 0x38, 0x01, 0x80, 0x00, 0x00, 0x70, 0x0F, 0xE0, 0xFF, 0x0E, 0x38, 0x39, 0xC1,
    0xEE, 0x07, 0xE1, 0xFF, 0xFF, 0xFF, 0xF8, 0xFC, 0x00, 0x03, 0x80, 0x00, 0x38, 0x00, 0x01, 0x00,
    0x00, 0x00, 0x00, 0x00, 0x00, 0x00, 0x78, 0x00, 0x0F, 0xC0, 0x00, 0xFE, 0x00, 0x1C, 0xEE, 0x01,
    0xCE, 0xE0, 0x1F, 0xFE, 0x01, 0xFF, 0xE0, 0x0F, 0xEE, 0x00, 0x0E, 0xFF, 0x3F, 0xE7, 0xFF, 0xFC,
    0x3F, 0xFF, 0x80, 0x00, 0x01, 0xC0, 0x00, 0x01, 0xC0, 0x00, 0x00, 0xC0, 0x00, 0x00, 0x00, 0x00,
    0x00, 0x00, 0x00, 0x01, 0xE0, 0x00, 0x03, 0xF0, 0xE0, 0x07, 0xF8, 0xE0, 0x07, 0x38, 0xE0, 0x06,
    0x38, 0xE0, 0x07, 0x38, 0xE0, 0x07, 0xF0, 0xFF, 0x7F, 0xFE, 0x7F, 0xFF, 0xFF, 0x3F, 0xFF, 0x7F,
    0x0E, 0x03, 0x80, 0x40, 0x00, 0x00, 0x03, 0xC3, 0xF8, 0xFE, 0x73, 0x9C, 0x77, 0xFD, 0xFF, 0x3F,
    0xC0, 0xEF, 0xFB, 0xFC, 0xFC, 0x00, 0x0E, 0x00, 0x70, 0x01, 0x00, 0x00, 0x00, 0x00, 0x07, 0x80,
    0xFE, 0x07, 0xF0, 0x79, 0xC3, 0x8E, 0x0C, 0x70, 0x7F, 0x0F, 0xFF, 0x7F, 0xFF, 0xEF, 0xC0, 0x00,
    0xEC, 0x00, 0xEE, 0x00, 0x4C, 0x00, 0x00, 0x00, 0x00, 0x00, 0x7C, 0x00, 0xFE, 0x01, 0xEE, 0x41,
    0xCE, 0xE1, 0xC6, 0xE1, 0xFF, 0xC1, 0xFE, 0xC0, 0x7E, 0xE0, 0x0E, 0xF0, 0x3E, 0xFF, 0xFC, 0x7F,
    0xF8, 0x1F, 0xC0, 0x00, 0xEC, 0x00, 0x3B, 0x80, 0x04, 0xC0, 0x00, 0x00, 0x00, 0x00, 0x00, 0x1E,
    0x00, 0x0F, 0xC0, 0x03, 0xF8, 0x01, 0xCE, 0x30, 0x71, 0x8E, 0x1F, 0xFF, 0x83, 0xFF, 0xC0, 0x7F,
    0xF8, 0x03, 0x8E, 0x01, 0xE3, 0xE1, 0xF0, 0x7F, 0xF8, 0x0F, 0xFC, 0x00, 0xF8, 0x00, 0x3B, 0x8E,
    0xE1, 0x10, 0x00, 0x00, 0x03, 0xC3, 0xF8, 0xFE, 0x73, 0x9C, 0x77, 0xFD, 0xFF, 0x3F, 0xC0, 0xEF,
    0xFB, 0xFC, 0xFC, 0x00, 0x1B, 0x81, 0xDC, 0x06, 0x40, 0x00, 0x00, 0x00, 0x07, 0x80, 0xFE, 0x07,
    0xF0, 0x79, 0xC3, 0x8E, 0x0C, 0x70, 0x7F, 0x0F, 0xFF, 0x7F, 0xFF, 0xEF, 0xC0, 0x00, 0x03, 0x80,
    0x01, 0xC0, 0x08, 0xE0, 0x1C, 0x70, 0x1E, 0x38, 0x0E, 0x1C, 0x03, 0x0F, 0xC1, 0xC7, 0xE3, 0xE3,
    0xF0, 0xE1, 0xF8, 0x80, 0xFC, 0x00, 0x7F, 0xF3, 0xFB, 0xFF, 0xF8, 0xFF, 0xF8, 0x00, 0x03, 0x80,
    0x00, 0x1C, 0x00, 0x08, 0xE0, 0x01, 0xC7, 0x00, 0x1E, 0x38, 0x00, 0xE1, 0xC0, 0x03, 0x0E, 0x1C,
    0x1C, 0x70, 0xE3, 0xE3, 0x87, 0x0E, 0x1C, 0x38, 0x80, 0xE1, 0xC0, 0x07, 0x8F, 0xF3, 0xFF, 0xBF,
    0xFF, 0xFC, 0xFF, 0xF9, 0xE0, 0x00, 0x81, 0xE0, 0xFC, 0xFC, 0x7C, 0x3C, 0x07, 0x80, 0xF0, 0x1E,
    0x03, 0xC0, 0x70, 0x1C, 0xFF, 0x3F, 0x8F, 0xC0, 0x00, 0x80, 0x38, 0x0F, 0xC3, 0xF0, 0x7C, 0x0F,
    0x00, 0x78, 0x03, 0xC0, 0x1E, 0x00, 0xE0, 0x07, 0x00, 0x78, 0xFF, 0xFF, 0xFF, 0xFC, 0xF0, 0x00,
    0x38, 0x01, 0xC0, 0x0E, 0x00, 0x70, 0x03, 0x80, 0x1C, 0x00, 0xE0, 0x07, 0x00, 0x38, 0x01, 0xF0,
    0x0F, 0xC0, 0x7E, 0x03, 0xE0, 0x1F, 0x00, 0xFC, 0x07, 0xF0, 0x77, 0xFF, 0x9F, 0xF8, 0x1F, 0x00,
    0x00, 0x38, 0x00, 0x1C, 0x00, 0x0E, 0x00, 0x07, 0x00, 0x03, 0x80, 0x01, 0xC0, 0x00, 0xE0, 0x00,
    0x70, 0x00, 0x38, 0x00, 0x1C, 0x30, 0x0E, 0x1C, 0x07, 0x8E, 0x03, 0xFE, 0x01, 0xFF, 0x80, 0xFF,
    0xC0, 0x70, 0xF0, 0x78, 0x7F, 0xF8, 0x1F, 0xF8, 0x01, 0xF0, 0x00, 0x39, 0xCE, 0x73, 0x9C, 0xE7,
    0x39, 0xCE, 0x7F, 0xFB, 0x80, 0x38, 0x1C, 0x0E, 0x07, 0x03, 0x81, 0xC0, 0xE0, 0x70, 0x38, 0x1C,
    0x0E, 0x07, 0x0F, 0xF7, 0xFF, 0x9E, 0x1F, 0x07, 0xF0, 0xFF, 0x38, 0xE0, 0x0E, 0x1F, 0xCF, 0xFB,
    0xFE, 0x70, 0x5C, 0x03, 0x80, 0x70, 0x0E, 0x00, 0xE0, 0x1C, 0x03, 0x80, 0x70, 0x00, 0x01, 0x80,
    0x0F, 0x80, 0x7F, 0x81, 0xF7, 0x03, 0x87, 0x0F, 0x8E, 0x1F, 0xFF, 0xF7, 0xFF, 0xE3, 0xFF, 0xC0,
    0x03, 0x80, 0x03, 0x00, 0x07, 0x00, 0x0E, 0x00, 0x1C, 0x00, 0x38, 0x00, 0x38, 0x00, 0x03, 0x01,
    0xF8, 0x7F, 0x0E, 0xF3, 0x8E, 0xF1, 0xFF, 0xFF, 0xFE, 0xE7, 0x80, 0x03, 0x00, 0x1F, 0x00, 0x7F,
    0x01, 0xEF, 0x03, 0x8E, 0x0F, 0x1E, 0x3F, 0xFF, 0x77, 0xFF, 0xE7, 0xDC, 0x07, 0x00, 0x38, 0x00,
    0x80, 0x00, 0x20, 0x07, 0x00, 0x1F, 0x00, 0xFC, 0x07, 0xE0, 0x3E, 0x01, 0xF0, 0x0F, 0xC0, 0x7F,
    0x0F, 0xFF, 0xF9, 0xFF, 0x81, 0xF0, 0x07, 0x00, 0x03, 0x80, 0x00, 0x80, 0x00, 0x00, 0x00, 0x07,
    0x80, 0x01, 0xC3, 0x00, 0xE1, 0xC0, 0x78, 0xE0, 0x3F, 0xE0, 0x0F, 0xF0, 0x0F, 0xFC, 0x07, 0x0F,
    0x07, 0x87, 0xFF, 0x81, 0xFF, 0x80, 0x1F, 0x00, 0x31, 0xE3, 0x00, 0x18, 0xE3, 0x8E, 0x1C, 0x73,
    0xFE, 0xFB, 0xC0, 0x1C, 0x07, 0x00, 0x80, 0x00, 0x00, 0x07, 0x01, 0xC0, 0x70, 0x3C, 0x3F, 0xEF,
    0xFF, 0x9E, 0x30, 0x78, 0x3C, 0x7E, 0xFF, 0xE7, 0xC7, 0xE7, 0xFF, 0xFE, 0x7C, 0x07, 0x00, 0x70,
    0x3F, 0x07, 0xF0, 0xF3, 0x0E, 0x38, 0xC3, 0x8F, 0x78, 0xFF, 0x87, 0xFF, 0x03, 0xF0, 0x0F, 0x08,
    0x00, 0xE0, 0x07, 0x80, 0x3E, 0x03, 0xFC, 0x19, 0xF1, 0xCF, 0xC6, 0x6E, 0x3F, 0x37, 0xFF, 0xFF,
    0xFD, 0xEF, 0xC0, 0x07, 0x00, 0x3E, 0x01, 0xFC, 0x07, 0x70, 0x39, 0xC0, 0xE7, 0x03, 0xB8, 0x3F,
    0xFE, 0xFF, 0xFF, 0xE7, 0xE3, 0x8E, 0x0F, 0x38, 0x1F, 0xE0, 0x3F, 0x00, 0x30, 0x00, 0x3E, 0x7E,
    0xFF, 0xE7, 0xE7, 0xFF, 0xFF, 0x7F, 0x0F, 0x3E, 0xFC, 0xF8, 0xC0, 0x3E, 0x07, 0xE0, 0x7F, 0x0E,
    0x70, 0xE7, 0x0F, 0xFE, 0xFF, 0xF7, 0xFE, 0x0F, 0x03, 0xE0, 0xFC, 0x0F, 0x80, 0xC0, 0x00, 0x00,
    0x1E, 0x00, 0x7F, 0x00, 0xFE, 0x00, 0xE0, 0x01, 0xC0, 0xC1, 0xC0, 0xE1, 0xE0, 0xE0, 0xFC, 0xC0,
    0x7E, 0xE0, 0x0E, 0xE0, 0x1E, 0xF0, 0x3C, 0x7F, 0xF8, 0x3F, 0xF0, 0x0F, 0x80, 0xC0, 0x00, 0x70,
    0x18, 0x38, 0x0F, 0xF8, 0x0F, 0xFE, 0x01, 0xFF, 0x00, 0x73, 0xC0, 0x79, 0xFF, 0xF8, 0x7F, 0xF8,
    0x07, 0xE0, 0x00, 0x00, 0x1E, 0x00, 0x7F, 0x00, 0xFE, 0x00, 0xE0, 0x01, 0xC0, 0xC1, 0xC0, 0xE1,
    0xE0, 0xE0, 0xFC, 0xC0, 0x7E, 0xE0, 0x0E, 0xE0, 0x1E, 0xF0, 0x3C, 0x7F, 0xF8, 0x3F, 0xF0, 0x0F,
    0x80, 0x00, 0x00, 0x00, 0x00, 0x0D, 0x80, 0x1D, 0xC0, 0x0D, 0x80, 0xC0, 0x00, 0x70, 0x18, 0x38,
    0x0F, 0xF8, 0x0F, 0xFE, 0x01, 0xFF, 0x00, 0x73, 0xC0, 0x79, 0xFF, 0xF8, 0x7F, 0xF8, 0x07, 0xE0,
    0x00, 0x00, 0x00, 0x00, 0x00, 0xCC, 0x00, 0x7E, 0x00, 0x33, 0x00, 0x08, 0x78, 0x70, 0xE1, 0xC3,
    0x87, 0x7E, 0xF9, 0xE0, 0x00, 0x0E, 0xDD, 0xD3, 0x00, 0x1C, 0x07, 0x01, 0xC0, 0xF0, 0xFF, 0xFD,
    0xFE, 0x3C, 0x00, 0x00, 0x19, 0x87, 0xE1, 0x98, 0x72, 0x07, 0xF3, 0x80, 0x1C, 0x20, 0xE3, 0x87,
    0x1F, 0x38, 0x3D, 0xC0, 0xFE, 0x03, 0xE0, 0x0F, 0x00, 0x7C, 0x07, 0x70, 0xF3, 0x8F, 0xFC, 0x7F,
    0xE3, 0xFE, 0xF4, 0x01, 0xFC, 0x00, 0x03, 0x80, 0x07, 0x00, 0x0E, 0x0C, 0x1C, 0x3C, 0x38, 0x3C,
    0x70, 0x3C, 0xE0, 0x3D, 0xC0, 0x3B, 0x80, 0x3F, 0x00, 0x7E, 0x00, 0xFC, 0x3F, 0xFF, 0x7F, 0x3F,
    0xFC, 0x3E, 0x70, 0x0C, 0x00, 0xC0, 0x07, 0x8E, 0xE0, 0xE2, 0x0E, 0x70, 0xE7, 0xCE, 0x1E, 0xE0,
    0xFE, 0x07, 0xC0, 0x3C, 0x03, 0xE0, 0x77, 0x1E, 0x73, 0xFF, 0x3F, 0xF3, 0xFE, 0x70, 0x00, 0xC0,
    0x01, 0x80, 0x01, 0xC0, 0x07, 0x0E, 0x00, 0x1C, 0x00, 0x38, 0x30, 0x70, 0xF0, 0xE0, 0xF1, 0xC0,
    0xF3, 0x80, 0xF7, 0x00, 0xEE, 0x00, 0xFC, 0x01, 0xF8, 0x03, 0xF0, 0xFF, 0xFD, 0xFC, 0xFF, 0xF0,
    0xF8, 0x01, 0xC0, 0x39, 0x07, 0x70, 0xEF, 0x9C, 0x7B, 0x87, 0xF0, 0x7C, 0x07, 0x80, 0xF8, 0x3B,
    0x9E, 0x77, 0xFE, 0xFF, 0xDF, 0xF0, 0x00, 0x38, 0x04, 0x00, 0xC0, 0x3E, 0x03, 0x00, 0x00, 0xE0,
    0x01, 0xC0, 0x03, 0x83, 0x07, 0x0F, 0x0E, 0x0F, 0x1C, 0x0F, 0x38, 0x0F, 0x70, 0x0E, 0xE0, 0x0F,
    0xC0, 0x1F, 0x80, 0x3F, 0x0F, 0xFF, 0xDF, 0xCF, 0xFF, 0x0F, 0x80, 0x00, 0x38, 0x00, 0x40, 0x00,
    0x80, 0x03, 0xE0, 0x03, 0x00, 0x00, 0x01, 0xC0, 0x39, 0x07, 0x70, 0xEF, 0x9C, 0x7B, 0x87, 0xF0,
    0x7C, 0x07, 0x80, 0xF8, 0x3B, 0x9E, 0x77, 0xFE, 0xFF, 0xDF, 0xF0, 0x00, 0xE0, 0x01, 0xC0, 0x03,
    0x83, 0x07, 0x0F, 0x0E, 0x0F, 0x1C, 0x0F, 0x38, 0x0F, 0x70, 0x0E, 0xE0, 0x0F, 0xC0, 0x1F, 0x80,
    0x3F, 0x0F, 0xFF, 0xDF, 0xCF, 0xFF, 0x0F, 0x80,
};

static const EpdGlyph ubuntu_10_boldGlyphs[] = {
    { 1, 1, 0, 0, 1, 1, 0 }, // U+0000
    { 1, 1, 0, 0, 1, 1, 1 }, // U+0008
    { 1, 1, 80, 0, 1, 1, 2 }, // U+0009
    { 1, 1, 80, 0, 1, 1, 3 }, // U+000D
    { 1, 1, 0, 0, 1, 1, 4 }, // U+001D
    { 1, 1, 80, 0, 1, 1, 5 }, // U+0020
    { 3, 15, 95, 1, 15, 6, 6 }, // !
    { 8, 6, 155, 1, 16, 6, 12 }, // "
    { 13, 15, 233, 1, 15, 25, 18 }, // #
    { 10, 19, 189, 1, 16, 24, 43 }, // $
    { 17, 15, 306, 1, 15, 32, 67 }, // %
    { 14, 15, 235, 1, 15, 27, 99 }, // &
    { 3, 6, 82, 1, 16, 3, 126 }, // '
    { 6, 20, 119, 1, 16, 15, 129 }, // (
    { 6, 20, 119, 0, 16, 15, 144 }, // )
    { 9, 8, 167, 1, 15, 9, 159 }, // *
    { 11, 11, 189, 1, 12, 16, 168 }, // +
    { 4, 6, 82, 0, 3, 3, 184 }, // ,
    { 6, 3, 113, 1, 8, 3, 187 }, // -
    { 4, 4, 82, 1, 4, 2, 190 }, // .
    { 11, 20, 146, -1, 16, 28, 192 }, // /
    { 10, 15, 189, 1, 15, 19, 220 }, // 0
    { 7, 15, 189, 2, 15, 14, 239 }, // 1
    { 10, 15, 189, 1, 15, 19, 253 }, // 2
    { 10, 15, 189, 1, 15, 19, 272 }, // 3
    { 10, 15, 189, 1, 15, 19, 291 }, // 4
    { 10, 15, 189, 1, 15, 19, 310 }, // 5
    { 10, 15, 189, 1, 15, 19, 329 }, // 6
    { 10, 15, 189, 1, 15, 19, 348 }, // 7
    { 10, 15, 189, 1, 15, 19, 367 }, // 8
    { 10, 15, 189, 1, 15, 19, 386 }, // 9
    { 4, 11, 82, 1, 11, 6, 405 }, // :
    { 5, 14, 82, 0, 11, 9, 411 }, // ;
    { 10, 11, 189, 1, 12, 14, 420 }, // <
    { 10, 8, 189, 1, 10, 10, 434 }, // =
    { 10, 11, 189, 1, 12, 14, 444 }, // >
    { 9, 16, 152, 0, 16, 18, 458 }, // ?
    { 18, 18, 325, 1, 15, 41, 476 }, // @
    { 15, 15, 240, 0, 15, 29, 517 }, // A
    { 11, 15, 224, 2, 15, 21, 546 }, // B
    { 12, 15, 216, 1, 15, 23, 567 }, // C
    { 12, 15, 246, 2, 15, 23, 590 }, // D
    { 10, 15, 202, 2, 15, 19, 613 }, // E
    { 9, 15, 191, 2, 15, 17, 632 }, // F
    { 12, 15, 234, 1, 15, 23, 649 }, // G
    { 11, 15, 245, 2, 15, 21, 672 }, // H
    { 3, 15, 105, 2, 15, 6, 693 }, // I
    { 9, 15, 176, 0, 15, 17, 699 }, // J
    { 12, 15, 228, 2, 15, 23, 716 }, // K
    { 10, 15, 188, 2, 15, 19, 739 }, // L
    { 17, 15, 299, 1, 15, 32, 758 }, // M
    { 12, 15, 252, 2, 15, 23, 790 }, // N
    { 15, 15, 263, 1, 15, 29, 813 }, // O
    { 11, 15, 215, 2, 15, 21, 842 }, // P
    { 15, 18, 263, 1, 15, 34, 863 }, // Q
    { 12, 15, 222, 2, 15, 23, 897 }, // R
    { 10, 15, 194, 1, 15, 19, 920 }, // S
    { 11, 15, 205, 0, 15, 21, 939 }, // T
    { 11, 15, 236, 2, 15, 21, 960 }, // U
    { 15, 15, 241, 0, 15, 29, 981 }, // V
    { 19, 15, 316, 0, 15, 36, 1010 }, // W
    { 14, 15, 225, 0, 15, 27, 1046 }, // X
    { 13, 15, 220, 0, 15, 25, 1073 }, // Y
    { 11, 15, 203, 1, 15, 21, 1098 }, // Z
    { 6, 20, 124, 2, 16, 15, 1119 }, // [
    { 11, 20, 146, -1, 16, 28, 1134 }, // <backslash>
    { 6, 20, 124, 0, 16, 15, 1162 }, // ]
    { 11, 9, 189, 0, 15, 13, 1177 }, // ^
    { 11, 3, 167, 0, -1, 5, 1190 }, // _
    { 5, 5, 95, 1, 17, 4, 1195 }, // `
    { 10, 11, 184, 1, 11, 14, 1199 }, // a
    { 11, 16, 201, 1, 16, 22, 1213 }, // b
    { 9, 11, 167, 1, 11, 13, 1235 }, // c
    { 11, 16, 201, 1, 16, 22, 1248 }, // d
    { 10, 11, 195, 1, 11, 14, 1270 }, // e
    { 8, 16, 141, 1, 16, 16, 1284 }, // f
    { 10, 15, 198, 1, 11, 19, 1300 }, // g
    { 10, 16, 196, 1, 16, 20, 1319 }, // h
    { 3, 16, 96, 1, 16, 6, 1339 }, // i
    { 6, 20, 96, -2, 16, 15, 1345 }, // j
    { 11, 16, 193, 1, 16, 22, 1360 }, // k
    { 5, 16, 105, 1, 16, 10, 1382 }, // l
    { 15, 11, 287, 1, 11, 21, 1392 }, // m
    { 10, 11, 196, 1, 11, 14, 1413 }, // n
    { 11, 11, 202, 1, 11, 16, 1427 }, // o
    { 11, 15, 201, 1, 11, 21, 1443 }, // p
    { 11, 15, 201, 1, 11, 21, 1464 }, // q
    { 7, 11, 141, 1, 11, 10, 1485 }, // r
    { 8, 11, 162, 1, 11, 11, 1495 }, // s
    { 7, 14, 148, 1, 14, 13, 1506 }, // t
    { 10, 11, 196, 1, 11, 14, 1519 }, // u
    { 11, 11, 183, 0, 11, 16, 1533 }, // v
    { 17, 11, 261, 0, 11, 24, 1549 }, // w
    { 12, 11, 185, 0, 11, 17, 1573 }, // x
    { 11, 15, 182, 0, 11, 21, 1590 }, // y
    { 9, 11, 167, 1, 11, 13, 1611 }, // z
    { 7, 20, 124, 1, 16, 18, 1624 }, // {
    { 3, 20, 107, 2, 16, 8, 1642 }, // |
    { 7, 20, 124, 0, 16, 18, 1650 }, // }
    { 11, 5, 189, 1, 9, 7, 1668 }, // ~
    { 1, 1, 80, 0, 1, 1, 1675 }, // U+00A0
    { 3, 15, 95, 1, 11, 6, 1676 }, // U+00A1
    { 9, 16, 189, 1, 14, 18, 1682 }, // U+00A2
    { 11, 15, 189, 0, 15, 21, 1700 }, // U+00A3
    { 11, 10, 189, 1, 12, 14, 1721 }, // U+00A4
    { 12, 15, 189, 0, 15, 23, 1735 }, // U+00A5
    { 3, 20, 101, 2, 16, 8, 1758 }, // U+00A6
    { 9, 19, 172, 1, 15, 22, 1766 }, // U+00A7
    { 7, 3, 179, 2, 16, 3, 1788 }, // U+00A8
    { 15, 15, 265, 1, 15, 29, 1791 }, // U+00A9
    { 6, 8, 133, 1, 15, 6, 1820 }, // U+00AA
    { 11, 9, 199, 0, 10, 13, 1826 }, // U+00AB
    { 10, 8, 189, 1, 9, 10, 1839 }, // U+00AC
    { 6, 3, 113, 1, 8, 3, 1849 }, // U+00AD
    { 15, 15, 265, 1, 15, 29, 1852 }, // U+00AE
    { 7, 2, 125, 1, 15, 2, 1881 }, // U+00AF
    { 6, 6, 121, 0, 16, 5, 1883 }, // U+00B0
    { 11, 15, 189, 1, 15, 21, 1888 }, // U+00B1
    { 7, 9, 121, 0, 15, 8, 1909 }, // U+00B2
    { 7, 9, 121, 0, 15, 8, 1917 }, // U+00B3
    { 5, 5, 95, 0, 17, 4, 1925 }, // U+00B4
    { 10, 15, 198, 1, 11, 19, 1929 }, // U+00B5
    { 12, 19, 237, 1, 15, 29, 1948 }, // U+00B6
    { 4, 4, 82, 1, 9, 2, 1977 }, // U+00B7
    { 5, 5, 109, 1, 0, 4, 1979 }, // U+00B8
    { 5, 9, 121, 1, 15, 6, 1983 }, // U+00B9
    { 8, 8, 152, 1, 15, 8, 1989 }, // U+00BA
    { 11, 9, 199, 2, 10, 13, 1997 }, // U+00BB
    { 18, 15, 293, 1, 15, 34, 2010 }, // U+00BC
    { 17, 15, 293, 1, 15, 32, 2044 }, // U+00BD
    { 19, 15, 293, 0, 15, 36, 2076 }, // U+00BE
    { 9, 15, 152, 1, 11, 17, 2112 }, // U+00BF
    { 15, 21, 240, 0, 21, 40, 2129 }, // U+00C0
    { 15, 21, 240, 0, 21, 40, 2169 }, // U+00C1
    { 15, 21, 240, 0, 21, 40, 2209 }, // U+00C2
    { 15, 19, 240, 0, 19, 36, 2249 }, // U+00C3
    { 15, 19, 240, 0, 19, 36, 2285 }, // U+00C4
    { 15, 19, 240, 0, 19, 36, 2321 }, // U+00C5
    { 20, 15, 331, 0, 15, 38, 2357 }, // U+00C6
    { 12, 20, 216, 1, 15, 30, 2395 }, // U+00C7
    { 10, 21, 202, 2, 21, 27, 2425 }, // U+00C8
    { 10, 21, 202, 2, 21, 27, 2452 }, // U+00C9
    { 10, 21, 202, 2, 21, 27, 2479 }, // U+00CA
    { 10, 19, 202, 2, 19, 24, 2506 }, // U+00CB
    { 5, 21, 105, 1, 21, 14, 2530 }, // U+00CC
    { 6, 21, 105, 1, 21, 16, 2544 }, // U+00CD
    { 7, 21, 105, 0, 21, 19, 2560 }, // U+00CE
    { 7, 19, 105, 0, 19, 17, 2579 }, // U+00CF
    { 14, 15, 249, 0, 15, 27, 2596 }, // U+00D0
    { 12, 19, 252, 2, 19, 29, 2623 }, // U+00D1
    { 15, 21, 263, 1, 21, 40, 2652 }, // U+00D2
    { 15, 21, 263, 1, 21, 40, 2692 }, // U+00D3
    { 15, 21, 263, 1, 21, 40, 2732 }, // U+00D4
    { 15, 19, 263, 1, 19, 36, 2772 }, // U+00D5
    { 15, 19, 263, 1, 19, 36, 2808 }, // U+00D6
    { 10, 9, 189, 1, 11, 12, 2844 }, // U+00D7
    { 15, 17, 263, 1, 16, 32, 2856 }, // U+00D8
    { 11, 21, 236, 2, 21, 29, 2888 }, // U+00D9
    { 11, 21, 236, 2, 21, 29, 2917 }, // U+00DA
    { 11, 21, 236, 2, 21, 29, 2946 }, // U+00DB
    { 11, 19, 236, 2, 19, 27, 2975 }, // U+00DC
    { 13, 21, 220, 0, 21, 35, 3002 }, // U+00DD
    { 11, 15, 215, 2, 15, 21, 3037 }, // U+00DE
    { 12, 16, 220, 1, 16, 24, 3058 }, // U+00DF
    { 10, 17, 184, 1, 17, 22, 3082 }, // U+00E0
    { 10, 17, 184, 1, 17, 22, 3104 }, // U+00E1
    { 10, 17, 184, 1, 17, 22, 3126 }, // U+00E2
    { 10, 16, 184, 1, 16, 20, 3148 }, // U+00E3
    { 10, 16, 184, 1, 16, 20, 3168 }, // U+00E4
    { 10, 18, 184, 1, 18, 23, 3188 }, // U+00E5
    { 16, 11, 291, 1, 11, 22, 3211 }, // U+00E6
    { 9, 15, 167, 1, 11, 17, 3233 }, // U+00E7
    { 10, 17, 195, 1, 17, 22, 3250 }, // U+00E8
    { 10, 17, 195, 1, 17, 22, 3272 }, // U+00E9
    { 10, 17, 195, 1, 17, 22, 3294 }, // U+00EA
    { 10, 16, 195, 1, 16, 20, 3316 }, // U+00EB
    { 5, 17, 96, 0, 17, 11, 3336 }, // U+00EC
    { 5, 17, 96, 0, 17, 11, 3347 }, // U+00ED
    { 7, 17, 96, -1, 17, 15, 3358 }, // U+00EE
    { 7, 16, 96, -1, 16, 14, 3373 }, // U+00EF
    { 11, 16, 200, 1, 16, 22, 3387 }, // U+00F0
    { 10, 16, 196, 1, 16, 20, 3409 }, // U+00F1
    { 11, 17, 202, 1, 17, 24, 3429 }, // U+00F2
    { 11, 17, 202, 1, 17, 24, 3453 }, // U+00F3
    { 11, 17, 202, 1, 17, 24, 3477 }, // U+00F4
    { 11, 16, 202, 1, 16, 22, 3501 }, // U+00F5
    { 11, 16, 202, 1, 16, 22, 3523 }, // U+00F6
    { 10, 13, 189, 1, 13, 17, 3545 }, // U+00F7
    { 11, 13, 202, 1, 12, 18, 3562 }, // U+00F8
    { 10, 17, 196, 1, 17, 22, 3580 }, // U+00F9
    { 10, 17, 196, 1, 17, 22, 3602 }, // U+00FA
    { 10, 17, 196, 1, 17, 22, 3624 }, // U+00FB
    { 10, 16, 196, 1, 16, 20, 3646 }, // U+00FC
    { 11, 21, 182, 0, 17, 29, 3666 }, // U+00FD
    { 11, 20, 201, 1, 16, 28, 3695 }, // U+00FE
    { 11, 20, 182, 0, 16, 28, 3723 }, // U+00FF
    { 15, 18, 240, 0, 18, 34, 3751 }, // U+0100
    { 10, 15, 184, 1, 15, 19, 3785 }, // U+0101
    { 15, 19, 240, 0, 19, 36, 3804 }, // U+0102
    { 10, 16, 184, 1, 16, 20, 3840 }, // U+0103
    { 15, 20, 240, 0, 15, 38, 3860 }, // U+0104
    { 10, 15, 184, 1, 11, 19, 3898 }, // U+0105
    { 12, 21, 216, 1, 21, 32, 3917 }, // U+0106
    { 9, 17, 167, 1, 17, 20, 3949 }, // U+0107
    { 12, 21, 216, 1, 21, 32, 3969 }, // U+0108
    { 9, 17, 167, 1, 17, 20, 4001 }, // U+0109
    { 12, 19, 216, 1, 19, 29, 4021 }, // U+010A
    { 9, 16, 167, 1, 16, 18, 4050 }, // U+010B
    { 12, 21, 216, 1, 21, 32, 4068 }, // U+010C
    { 9, 17, 167, 1, 17, 20, 4100 }, // U+010D
    { 12, 21, 246, 2, 21, 32, 4120 }, // U+010E
    { 15, 16, 228, 1, 16, 30, 4152 }, // U+010F
    { 14, 15, 249, 0, 15, 27, 4182 }, // U+0110
    { 12, 16, 202, 1, 16, 24, 4209 }, // U+0111
    { 10, 18, 202, 2, 18, 23, 4233 }, // U+0112
    { 10, 15, 195, 1, 15, 19, 4256 }, // U+0113
    { 10, 19, 202, 2, 19, 24, 4275 }, // U+0114
    { 10, 16, 195, 1, 16, 20, 4299 }, // U+0115
    { 10, 19, 202, 2, 19, 24, 4319 }, // U+0116
    { 10, 16, 195, 1, 16, 20, 4343 }, // U+0117
    { 10, 20, 202, 2, 15, 25, 4363 }, // U+0118
    { 10, 15, 195, 1, 11, 19, 4388 }, // U+0119
    { 10, 21, 202, 2, 21, 27, 4407 }, // U+011A
    { 10, 17, 195, 1, 17, 22, 4434 }, // U+011B
    { 12, 21, 234, 1, 21, 32, 4456 }, // U+011C
    { 10, 21, 198, 1, 17, 27, 4488 }, // U+011D
    { 12, 19, 234, 1, 19, 29, 4515 }, // U+011E
    { 10, 20, 198, 1, 16, 25, 4544 }, // U+011F
    { 12, 19, 234, 1, 19, 29, 4569 }, // U+0120
    { 10, 20, 198, 1, 16, 25, 4598 }, // U+0121
    { 12, 20, 234, 1, 15, 30, 4623 }, // U+0122
    { 10, 21, 198, 1, 17, 27, 4653 }, // U+0123
    { 11, 21, 245, 2, 21, 29, 4680 }, // U+0124
    { 11, 20, 196, 0, 20, 28, 4709 }, // U+0125
    { 16, 15, 252, 0, 15, 30, 4737 }, // U+0126
    { 11, 16, 200, 0, 16, 22, 4767 }, // U+0127
    { 8, 19, 105, -1, 19, 19, 4789 }, // U+0128
    { 8, 16, 96, -2, 16, 16, 4808 }, // U+0129
    { 7, 18, 105, 0, 18, 16, 4824 }, // U+012A
    { 7, 15, 96, -1, 15, 14, 4840 }, // U+012B
    { 7, 19, 105, 0, 19, 17, 4854 }, // U+012C
    { 7, 16, 96, -1, 16, 14, 4871 }, // U+012D
    { 5, 20, 105, 1, 15, 13, 4885 }, // U+012E
    { 5, 21, 96, 0, 16, 14, 4898 }, // U+012F
    { 3, 19, 105, 2, 19, 8, 4912 }, // U+0130
    { 3, 11, 96, 1, 11, 5, 4920 }, // U+0131
    { 14, 15, 280, 2, 15, 27, 4925 }, // U+0132
    { 9, 20, 192, 1, 16, 23, 4952 }, // U+0133
    { 11, 21, 176, 0, 21, 29, 4975 }, // U+0134
    { 8, 21, 96, -2, 17, 21, 5004 }, // U+0135
    { 12, 20, 228, 2, 15, 30, 5025 }, // U+0136
    { 11, 21, 193, 1, 16, 29, 5055 }, // U+0137
    { 11, 11, 194, 1, 11, 16, 5084 }, // U+0138
    { 10, 21, 188, 2, 21, 27, 5100 }, // U+0139
    { 5, 21, 105, 1, 21, 14, 5127 }, // U+013A
    { 10, 20, 188, 2, 15, 25, 5141 }, // U+013B
    { 6, 21, 105, 0, 16, 16, 5166 }, // U+013C
    { 10, 15, 188, 2, 15, 19, 5182 }, // U+013D
    { 8, 16, 123, 1, 16, 16, 5201 }, // U+013E
    { 10, 15, 188, 2, 15, 19, 5217 }, // U+013F
    { 10, 16, 173, 1, 16, 20, 5236 }, // U+0140
    { 12, 15, 198, 0, 15, 23, 5256 }, // U+0141
    { 7, 16, 121, -1, 16, 14, 5279 }, // U+0142
    { 12, 21, 252, 2, 21, 32, 5293 }, // U+0143
    { 10, 17, 196, 1, 17, 22, 5325 }, // U+0144
    { 12, 20, 252, 2, 15, 30, 5347 }, // U+0145
    { 10, 16, 196, 1, 11, 20, 5377 }, // U+0146
    { 12, 21, 252, 2, 21, 32, 5397 }, // U+0147
    { 10, 17, 196, 1, 17, 22, 5429 }, // U+0148
    { 13, 16, 206, -1, 16, 26, 5451 }, // U+0149
    { 12, 19, 252, 2, 15, 29, 5477 }, // U+014A
    { 10, 15, 196, 1, 11, 19, 5506 }, // U+014B
    { 15, 18, 263, 1, 18, 34, 5525 }, // U+014C
    { 11, 15, 202, 1, 15, 21, 5559 }, // U+014D
    { 15, 19, 263, 1, 19, 36, 5580 }, // U+014E
    { 11, 16, 202, 1, 16, 22, 5616 }, // U+014F
    { 15, 21, 263, 1, 21, 40, 5638 }, // U+0150
    { 11, 17, 202, 1, 17, 24, 5678 }, // U+0151
    { 19, 15, 332, 1, 15, 36, 5702 }, // U+0152
    { 18, 11, 312, 1, 11, 25, 5738 }, // U+0153
    { 12, 21, 222, 2, 21, 32, 5763 }, // U+0154
    { 7, 17, 141, 1, 17, 15, 5795 }, // U+0155
    { 12, 20, 222, 2, 15, 30, 5810 }, // U+0156
    { 9, 16, 141, -1, 11, 18, 5840 }, // U+0157
    { 12, 20, 222, 2, 20, 30, 5858 }, // U+0158
    { 7, 17, 141, 1, 17, 15, 5888 }, // U+0159
    { 10, 21, 194, 1, 21, 27, 5903 }, // U+015A
    { 8, 17, 162, 1, 17, 17, 5930 }, // U+015B
    { 10, 21, 194, 1, 21, 27, 5947 }, // U+015C
    { 8, 17, 162, 1, 17, 17, 5974 }, // U+015D
    { 10, 20, 194, 1, 15, 25, 5991 }, // U+015E
    { 8, 16, 162, 1, 11, 16, 6016 }, // U+015F
    { 10, 21, 194, 1, 21, 27, 6032 }, // U+0160
    { 8, 17, 162, 1, 17, 17, 6059 }, // U+0161
    { 11, 19, 205, 0, 15, 27, 6076 }, // U+0162
    { 7, 18, 148, 1, 14, 16, 6103 }, // U+0163
    { 11, 21, 205, 0, 21, 29, 6119 }, // U+0164
    { 7, 16, 148, 1, 16, 14, 6148 }, // U+0165
    { 11, 15, 205, 0, 15, 21, 6162 }, // U+0166
    { 8, 14, 148, 1, 14, 14, 6183 }, // U+0167
    { 11, 19, 236, 2, 19, 27, 6197 }, // U+0168
    { 10, 16, 196, 1, 16, 20, 6224 }, // U+0169
    { 11, 18, 236, 2, 18, 25, 6244 }, // U+016A
    { 10, 15, 196, 1, 15, 19, 6269 }, // U+016B
    { 11, 19, 236, 2, 19, 27, 6288 }, // U+016C
    { 10, 16, 196, 1, 16, 20, 6315 }, // U+016D
    { 11, 21, 236, 2, 21, 29, 6335 }, // U+016E
    { 10, 18, 196, 1, 18, 23, 6364 }, // U+016F
    { 11, 21, 236, 2, 21, 29, 6387 }, // U+0170
    { 10, 17, 196, 1, 17, 22, 6416 }, // U+0171
    { 11, 19, 236, 2, 15, 27, 6438 }, // U+0172
    { 10, 15, 196, 1, 11, 19, 6465 }, // U+0173
    { 19, 21, 316, 0, 21, 50, 6484 }, // U+0174
    { 17, 17, 261, 0, 17, 37, 6534 }, // U+0175
    { 13, 21, 220, 0, 21, 35, 6571 }, // U+0176
    { 11, 21, 182, 0, 17, 29, 6606 }, // U+0177
    { 13, 19, 220, 0, 19, 31, 6635 }, // U+0178
    { 11, 21, 203, 1, 21, 29, 6666 }, // U+0179
    { 9, 17, 167, 1, 17, 20, 6695 }, // U+017A
    { 11, 19, 203, 1, 19, 27, 6715 }, // U+017B
    { 9, 16, 167, 1, 16, 18, 6742 }, // U+017C
    { 11, 21, 203, 1, 21, 29, 6760 }, // U+017D
    { 9, 17, 167, 1, 17, 20, 6789 }, // U+017E
    { 7, 16, 110, 2, 16, 14, 6809 }, // U+017F
    { 15, 17, 263, 1, 17, 32, 6823 }, // U+01A0
    { 12, 13, 202, 1, 13, 20, 6855 }, // U+01A1
    { 14, 17, 249, 2, 17, 30, 6875 }, // U+01AF
    { 13, 13, 209, 1, 13, 22, 6905 }, // U+01B0
    { 24, 20, 433, 2, 20, 60, 6927 }, // U+01C4
    { 23, 17, 405, 2, 17, 49, 6987 }, // U+01C5
    { 22, 17, 365, 1, 17, 47, 7036 }, // U+01C6
    { 19, 15, 363, 2, 15, 36, 7083 }, // U+01C7
    { 14, 20, 283, 2, 16, 35, 7119 }, // U+01C8
    { 10, 20, 201, 1, 16, 25, 7154 }, // U+01C9
    { 23, 15, 427, 2, 15, 44, 7179 }, // U+01CA
    { 18, 20, 348, 2, 16, 45, 7223 }, // U+01CB
    { 16, 20, 293, 1, 16, 40, 7268 }, // U+01CC
    { 15, 21, 240, 0, 21, 40, 7308 }, // U+01CD
    { 10, 17, 184, 1, 17, 22, 7348 }, // U+01CE
    { 7, 21, 105, 0, 21, 19, 7370 }, // U+01CF
    { 7, 17, 96, -1, 17, 15, 7389 }, // U+01D0
    { 15, 21, 263, 1, 21, 40, 7404 }, // U+01D1
    { 11, 17, 202, 1, 17, 24, 7444 }, // U+01D2
    { 11, 21, 236, 2, 21, 29, 7468 }, // U+01D3
    { 10, 17, 196, 1, 17, 22, 7497 }, // U+01D4
    { 11, 22, 236, 2, 22, 31, 7519 }, // U+01D5
    { 10, 18, 196, 1, 18, 23, 7550 }, // U+01D6
    { 11, 22, 236, 2, 22, 31, 7573 }, // U+01D7
    { 10, 19, 196, 1, 19, 24, 7604 }, // U+01D8
    { 11, 21, 236, 2, 21, 29, 7628 }, // U+01D9
    { 10, 18, 196, 1, 18, 23, 7657 }, // U+01DA
    { 11, 22, 236, 2, 22, 31, 7680 }, // U+01DB
    { 10, 19, 196, 1, 19, 24, 7711 }, // U+01DC
    { 10, 11, 195, 1, 11, 14, 7735 }, // U+01DD
    { 15, 22, 240, 0, 22, 42, 7749 }, // U+01DE
    { 10, 18, 184, 1, 18, 23, 7791 }, // U+01DF
    { 15, 22, 240, 0, 22, 42, 7814 }, // U+01E0
    { 10, 18, 184, 1, 18, 23, 7856 }, // U+01E1
    { 20, 18, 331, 0, 18, 45, 7879 }, // U+01E2
    { 16, 15, 291, 1, 15, 30, 7924 }, // U+01E3
    { 14, 15, 243, 1, 15, 27, 7954 }, // U+01E4
    { 12, 15, 201, 1, 11, 23, 7981 }, // U+01E5
    { 12, 21, 234, 1, 21, 32, 8004 }, // U+01E6
    { 10, 21, 198, 1, 17, 27, 8036 }, // U+01E7
    { 12, 21, 228, 2, 21, 32, 8063 }, // U+01E8
    { 11, 20, 193, 1, 20, 28, 8095 }, // U+01E9
    { 15, 19, 263, 1, 15, 36, 8123 }, // U+01EA
    { 11, 15, 202, 1, 11, 21, 8159 }, // U+01EB
    { 15, 22, 263, 1, 18, 42, 8180 }, // U+01EC
    { 11, 19, 202, 1, 15, 27, 8222 }, // U+01ED
    { 12, 21, 205, 0, 21, 32, 8249 }, // U+01EE
    { 10, 22, 172, 0, 18, 28, 8281 }, // U+01EF
    { 8, 21, 96, -2, 17, 21, 8309 }, // U+01F0
    { 24, 15, 433, 2, 15, 45, 8330 }, // U+01F1
    { 23, 15, 405, 2, 15, 44, 8375 }, // U+01F2
    { 22, 16, 365, 1, 16, 44, 8419 }, // U+01F3
    { 12, 21, 234, 1, 21, 32, 8463 }, // U+01F4
    { 10, 21, 198, 1, 17, 27, 8495 }, // U+01F5
    { 19, 15, 354, 2, 15, 36, 8522 }, // U+01F6
    { 11, 19, 224, 2, 15, 27, 8558 }, // U+01F7
    { 12, 21, 252, 2, 21, 32, 8585 }, // U+01F8
    { 10, 17, 196, 1, 17, 22, 8617 }, // U+01F9
    { 15, 22, 240, 0, 22, 42, 8639 }, // U+01FA
    { 10, 20, 184, 1, 20, 25, 8681 }, // U+01FB
    { 20, 21, 331, 0, 21, 53, 8706 }, // U+01FC
    { 16, 17, 291, 1, 17, 34, 8759 }, // U+01FD
    { 15, 21, 263, 1, 20, 40, 8793 }, // U+01FE
    { 11, 18, 202, 1, 17, 25, 8833 }, // U+01FF
    { 15, 21, 240, 0, 21, 40, 8858 }, // U+0200
    { 10, 17, 184, 1, 17, 22, 8898 }, // U+0201
    { 15, 19, 240, 0, 19, 36, 8920 }, // U+0202
    { 10, 15, 184, 1, 15, 19, 8956 }, // U+0203
    { 10, 21, 202, 2, 21, 27, 8975 }, // U+0204
    { 10, 17, 195, 1, 17, 22, 9002 }, // U+0205
    { 10, 19, 202, 2, 19, 24, 9024 }, // U+0206
    { 10, 15, 195, 1, 15, 19, 9048 }, // U+0207
    { 8, 21, 105, -1, 21, 21, 9067 }, // U+0208
    { 8, 17, 96, -2, 17, 17, 9088 }, // U+0209
    { 7, 19, 105, 0, 19, 17, 9105 }, // U+020A
    { 7, 15, 96, -1, 15, 14, 9122 }, // U+020B
    { 15, 21, 263, 1, 21, 40, 9136 }, // U+020C
    { 11, 17, 202, 1, 17, 24, 9176 }, // U+020D
    { 15, 19, 263, 1, 19, 36, 9200 }, // U+020E
    { 11, 15, 202, 1, 15, 21, 9236 }, // U+020F
    { 12, 20, 222, 2, 20, 30, 9257 }, // U+0210
    { 8, 17, 141, 0, 17, 17, 9287 }, // U+0211
    { 12, 19, 222, 2, 19, 29, 9304 }, // U+0212
    { 7, 15, 141, 1, 15, 14, 9333 }, // U+0213
    { 11, 21, 236, 2, 21, 29, 9347 }, // U+0214
    { 10, 17, 196, 1, 17, 22, 9376 }, // U+0215
    { 11, 19, 236, 2, 19, 27, 9398 }, // U+0216
    { 10, 15, 196, 1, 15, 19, 9425 }, // U+0217
    { 10, 20, 194, 1, 15, 25, 9444 }, // U+0218
    { 8, 16, 162, 1, 11, 16, 9469 }, // U+0219
    { 11, 20, 205, 0, 15, 28, 9485 }, // U+021A
    { 7, 19, 148, 1, 14, 17, 9513 }, // U+021B
    { 11, 19, 189, 0, 15, 27, 9530 }, // U+021C
    { 9, 15, 159, 0, 11, 17, 9557 }, // U+021D
    { 11, 21, 245, 2, 21, 29, 9574 }, // U+021E
    { 10, 20, 196, 1, 20, 25, 9603 }, // U+021F
    { 6, 4, 0, -11, 17, 3, 9628 }, // U+0300
    { 6, 4, 0, -7, 17, 3, 9631 }, // U+0301
    { 8, 4, 0, -4, 17, 4, 9634 }, // U+0302
    { 8, 3, 0, -11, 16, 3, 9638 }, // U+0303
    { 6, 2, 0, -3, 15, 2, 9641 }, // U+0304
    { 8, 4, 0, -4, 17, 4, 9643 }, // U+0306
    { 4, 3, 0, -2, 16, 2, 9647 }, // U+0307
    { 8, 2, 0, -4, 15, 2, 9649 }, // U+0308
    { 5, 5, 0, -3, 18, 4, 9651 }, // U+030A
    { 9, 3, 0, -3, 16, 4, 9655 }, // U+030B
    { 8, 4, 0, -4, 17, 4, 9659 }, // U+030C
    { 7, 3, 130, 1, 15, 3, 9663 }, // U+0311
    { 4, 5, 0, -2, 15, 3, 9666 }, // U+0312
    { 4, 3, 0, -2, -2, 2, 9669 }, // U+0326
    { 4, 5, 0, -2, 0, 3, 9671 }, // U+0327
    { 4, 6, 0, -2, 1, 3, 9674 }, // U+0328
    { 1, 1, 0, 0, 1, 1, 9677 }, // U+034F
    { 10, 21, 202, 2, 21, 27, 9678 }, // U+0400
    { 10, 20, 202, 2, 20, 25, 9705 }, // U+0401
    { 16, 15, 271, 0, 15, 30, 9730 }, // U+0402
    { 9, 21, 198, 2, 21, 24, 9760 }, // U+0403
    { 12, 15, 229, 1, 15, 23, 9784 }, // U+0404
    { 10, 15, 194, 1, 15, 19, 9807 }, // U+0405
    { 3, 15, 105, 2, 15, 6, 9826 }, // U+0406
    { 7, 19, 105, 0, 19, 17, 9832 }, // U+0407
    { 9, 15, 176, 0, 15, 17, 9849 }, // U+0408
    { 23, 15, 377, 0, 15, 44, 9866 }, // U+0409
    { 20, 15, 358, 2, 15, 38, 9910 }, // U+040A
    { 14, 15, 257, 0, 15, 27, 9948 }, // U+040B
    { 12, 21, 228, 2, 21, 32, 9975 }, // U+040C
    { 12, 21, 252, 2, 21, 32, 10007 }, // U+040D
    { 13, 20, 217, 0, 20, 33, 10039 }, // U+040E
    { 11, 19, 243, 2, 15, 27, 10072 }, // U+040F
    { 15, 15, 240, 0, 15, 29, 10099 }, // U+0410
    { 11, 15, 217, 2, 15, 21, 10128 }, // U+0411
    { 11, 15, 224, 2, 15, 21, 10149 }, // U+0412
    { 9, 15, 198, 2, 15, 17, 10170 }, // U+0413
    { 17, 19, 274, 0, 15, 41, 10187 }, // U+0414
    { 10, 15, 202, 2, 15, 19, 10228 }, // U+0415
    { 21, 15, 328, 0, 15, 40, 10247 }, // U+0416
    { 11, 15, 203, 1, 15, 21, 10287 }, // U+0417
    { 12, 15, 252, 2, 15, 23, 10308 }, // U+0418
    { 12, 20, 252, 2, 20, 30, 10331 }, // U+0419
    { 12, 15, 228, 2, 15, 23, 10361 }, // U+041A
    { 15, 15, 263, 0, 15, 29, 10384 }, // U+041B
    { 17, 15, 299, 1, 15, 32, 10413 }, // U+041C
    { 11, 15, 245, 2, 15, 21, 10445 }, // U+041D
    { 15, 15, 263, 1, 15, 29, 10466 }, // U+041E
    { 11, 15, 243, 2, 15, 21, 10495 }, // U+041F
    { 11, 15, 215, 2, 15, 21, 10516 }, // U+0420
    { 12, 15, 216, 1, 15, 23, 10537 }, // U+0421
    { 11, 15, 205, 0, 15, 21, 10560 }, // U+0422
    { 13, 15, 217, 0, 15, 25, 10581 }, // U+0423
    { 17, 16, 290, 1, 16, 34, 10606 }, // U+0424
    { 14, 15, 225, 0, 15, 27, 10640 }, // U+0425
    { 15, 19, 263, 2, 15, 36, 10667 }, // U+0426
    { 11, 15, 227, 1, 15, 21, 10703 }, // U+0427
    { 17, 15, 340, 2, 15, 32, 10724 }, // U+0428
    { 19, 19, 360, 2, 15, 46, 10756 }, // U+0429
    { 15, 15, 258, 0, 15, 29, 10802 }, // U+042A
    { 15, 15, 309, 2, 15, 29, 10831 }, // U+042B
    { 11, 15, 220, 2, 15, 21, 10860 }, // U+042C
    { 12, 15, 227, 1, 15, 23, 10881 }, // U+042D
    { 20, 15, 360, 2, 15, 38, 10904 }, // U+042E
    { 11, 15, 230, 1, 15, 21, 10942 }, // U+042F
    { 10, 11, 184, 1, 11, 14, 10963 }, // U+0430
    { 11, 16, 200, 1, 16, 22, 10977 }, // U+0431
    { 11, 11, 199, 1, 11, 16, 10999 }, // U+0432
    { 9, 11, 151, 1, 11, 13, 11015 }, // U+0433
    { 14, 14, 226, 0, 11, 25, 11028 }, // U+0434
    { 10, 11, 195, 1, 11, 14, 11053 }, // U+0435
    { 17, 11, 283, 0, 11, 24, 11067 }, // U+0436
    { 8, 11, 165, 1, 11, 11, 11091 }, // U+0437
    { 11, 11, 206, 1, 11, 16, 11102 }, // U+0438
    { 11, 17, 206, 1, 17, 24, 11118 }, // U+0439
    { 11, 11, 195, 1, 11, 16, 11142 }, // U+043A
    { 12, 11, 209, 0, 11, 17, 11158 }, // U+043B
    { 13, 11, 254, 1, 11, 18, 11175 }, // U+043C
    { 10, 11, 198, 1, 11, 14, 11193 }, // U+043D
    { 11, 11, 202, 1, 11, 16, 11207 }, // U+043E
    { 10, 11, 198, 1, 11, 14, 11223 }, // U+043F
    { 11, 15, 201, 1, 11, 21, 11237 }, // U+0440
    { 9, 11, 167, 1, 11, 13, 11258 }, // U+0441
    { 11, 11, 175, 0, 11, 16, 11271 }, // U+0442
    { 11, 15, 182, 0, 11, 21, 11287 }, // U+0443
    { 15, 20, 265, 1, 16, 38, 11308 }, // U+0444
    { 12, 11, 185, 0, 11, 17, 11346 }, // U+0445
    { 12, 14, 211, 1, 11, 21, 11363 }, // U+0446
    { 10, 11, 189, 1, 11, 14, 11384 }, // U+0447
    { 15, 11, 287, 1, 11, 21, 11398 }, // U+0448
    { 17, 14, 300, 1, 11, 30, 11419 }, // U+0449
    { 12, 11, 213, 0, 11, 17, 11449 }, // U+044A
    { 14, 11, 275, 1, 11, 20, 11466 }, // U+044B
    { 9, 11, 188, 1, 11, 13, 11486 }, // U+044C
    { 9, 11, 174, 1, 11, 13, 11499 }, // U+044D
    { 16, 11, 291, 1, 11, 22, 11512 }, // U+044E
    { 11, 11, 195, 0, 11, 16, 11534 }, // U+044F
    { 10, 17, 195, 1, 17, 22, 11550 }, // U+0450
    { 10, 16, 195, 1, 16, 20, 11572 }, // U+0451
    { 12, 20, 200, 0, 16, 30, 11592 }, // U+0452
    { 9, 17, 151, 1, 17, 20, 11622 }, // U+0453
    { 9, 11, 174, 1, 11, 13, 11642 }, // U+0454
    { 8, 11, 162, 1, 11, 11, 11655 }, // U+0455
    { 3, 16, 96, 1, 16, 6, 11666 }, // U+0456
    { 7, 16, 96, -1, 16, 14, 11672 }, // U+0457
    { 6, 20, 96, -2, 16, 15, 11686 }, // U+0458
    { 18, 11, 301, 0, 11, 25, 11701 }, // U+0459
    { 16, 11, 289, 1, 11, 22, 11726 }, // U+045A
    { 11, 16, 200, 0, 16, 22, 11748 }, // U+045B
    { 11, 17, 195, 1, 17, 24, 11770 }, // U+045C
    { 11, 17, 206, 1, 17, 24, 11794 }, // U+045D
    { 11, 21, 182, 0, 17, 29, 11818 }, // U+045E
    { 9, 14, 198, 1, 11, 16, 11847 }, // U+045F
    { 14, 16, 249, 0, 16, 28, 11863 }, // U+0462
    { 13, 16, 212, 0, 16, 26, 11891 }, // U+0463
    { 15, 15, 263, 1, 15, 29, 11917 }, // U+0472
    { 11, 11, 202, 1, 11, 16, 11946 }, // U+0473
    { 17, 15, 264, 0, 15, 32, 11962 }, // U+0474
    { 13, 11, 199, 0, 11, 18, 11994 }, // U+0475
    { 14, 23, 276, 2, 19, 41, 12012 }, // U+048A
    { 13, 19, 210, 1, 16, 31, 12053 }, // U+048B
    { 13, 15, 220, 0, 15, 25, 12084 }, // U+048C
    { 11, 11, 189, 0, 11, 16, 12109 }, // U+048D
    { 11, 15, 218, 2, 15, 21, 12125 }, // U+048E
    { 11, 15, 205, 1, 11, 21, 12146 }, // U+048F
    { 10, 18, 191, 2, 18, 23, 12167 }, // U+0490
    { 9, 14, 154, 1, 14, 16, 12190 }, // U+0491
    { 13, 15, 211, 0, 15, 25, 12206 }, // U+0492
    { 12, 11, 175, -1, 11, 17, 12231 }, // U+0493
    { 11, 19, 225, 2, 15, 27, 12248 }, // U+0494
    { 10, 15, 190, 1, 11, 19, 12275 }, // U+0495
    { 21, 19, 341, 0, 15, 50, 12294 }, // U+0496
    { 17, 14, 291, 0, 11, 30, 12344 }, // U+0497
    { 11, 20, 203, 1, 15, 28, 12374 }, // U+0498
    { 8, 16, 165, 1, 11, 16, 12402 }, // U+0499
    { 13, 19, 246, 2, 15, 31, 12418 }, // U+049A
    { 12, 14, 202, 1, 11, 21, 12449 }, // U+049B
    { 14, 15, 261, 2, 15, 27, 12470 }, // U+049C
    { 12, 11, 227, 1, 11, 17, 12497 }, // U+049D
    { 14, 16, 236, 0, 16, 28, 12514 }, // U+049E
    { 13, 12, 202, 0, 12, 20, 12542 }, // U+049F
    { 17, 15, 266, 0, 15, 32, 12562 }, // U+04A0
    { 14, 11, 219, 0, 11, 20, 12594 }, // U+04A1
    { 14, 19, 269, 2, 15, 34, 12614 }, // U+04A2
    { 12, 14, 212, 1, 11, 21, 12648 }, // U+04A3
    { 16, 15, 279, 2, 15, 30, 12669 }, // U+04A4
    { 13, 11, 218, 1, 11, 18, 12699 }, // U+04A5
    { 20, 19, 370, 2, 15, 48, 12717 }, // U+04A6
    { 16, 15, 291, 1, 11, 30, 12765 }, // U+04A7
    { 15, 19, 267, 1, 15, 36, 12795 }, // U+04A8
    { 11, 14, 211, 1, 11, 20, 12831 }, // U+04A9
    { 12, 20, 216, 1, 15, 30, 12851 }, // U+04AA
    { 9, 15, 167, 1, 11, 17, 12881 }, // U+04AB
    { 11, 19, 205, 0, 15, 27, 12898 }, // U+04AC
    { 11, 14, 168, 0, 11, 20, 12925 }, // U+04AD
    { 13, 15, 220, 0, 15, 25, 12945 }, // U+04AE
    { 11, 15, 183, 0, 11, 21, 12970 }, // U+04AF
    { 13, 15, 220, 0, 15, 25, 12991 }, // U+04B0
    { 11, 15, 183, 0, 11, 21, 13016 }, // U+04B1
    { 14, 19, 239, 0, 15, 34, 13037 }, // U+04B2
    { 12, 14, 196, 0, 11, 21, 13071 }, // U+04B3
    { 19, 19, 313, 0, 15, 46, 13092 }, // U+04B4
    { 13, 14, 232, 0, 11, 23, 13138 }, // U+04B5
    { 13, 19, 241, 1, 15, 31, 13161 }, // U+04B6
    { 12, 14, 196, 1, 11, 21, 13192 }, // U+04B7
    { 11, 15, 227, 1, 15, 21, 13213 }, // U+04B8
    { 10, 11, 187, 1, 11, 14, 13234 }, // U+04B9
    { 13, 15, 233, 2, 15, 25, 13248 }, // U+04BA
    { 10, 16, 196, 1, 16, 20, 13273 }, // U+04BB
    { 17, 15, 293, 0, 15, 32, 13293 }, // U+04BC
    { 13, 11, 236, 0, 11, 18, 13325 }, // U+04BD
    { 17, 19, 293, 0, 15, 41, 13343 }, // U+04BE
    { 13, 14, 236, 0, 11, 23, 13384 }, // U+04BF
    { 3, 15, 105, 2, 15, 6, 13407 }, // U+04C0
    { 21, 20, 328, 0, 20, 53, 13413 }, // U+04C1
    { 17, 17, 283, 0, 17, 37, 13466 }, // U+04C2
    { 12, 19, 234, 2, 15, 29, 13503 }, // U+04C3
    { 10, 15, 191, 1, 11, 19, 13532 }, // U+04C4
    { 17, 19, 277, 0, 15, 41, 13551 }, // U+04C5
    { 14, 14, 225, 0, 11, 25, 13592 }, // U+04C6
    { 11, 19, 245, 2, 15, 27, 13617 }, // U+04C7
    { 10, 15, 200, 1, 11, 19, 13644 }, // U+04C8
    { 13, 19, 262, 2, 15, 31, 13663 }, // U+04C9
    { 12, 14, 209, 1, 11, 21, 13694 }, // U+04CA
    { 11, 19, 227, 1, 15, 27, 13715 }, // U+04CB
    { 10, 14, 189, 1, 11, 18, 13742 }, // U+04CC
    { 18, 19, 317, 1, 15, 43, 13760 }, // U+04CD
    { 15, 14, 265, 1, 11, 27, 13803 }, // U+04CE
    { 3, 15, 96, 1, 15, 6, 13830 }, // U+04CF
    { 15, 20, 240, 0, 20, 38, 13836 }, // U+04D0
    { 10, 17, 184, 1, 17, 22, 13874 }, // U+04D1
    { 15, 19, 240, 0, 19, 36, 13896 }, // U+04D2
    { 10, 16, 184, 1, 16, 20, 13932 }, // U+04D3
    { 20, 15, 331, 0, 15, 38, 13952 }, // U+04D4
    { 16, 11, 291, 1, 11, 22, 13990 }, // U+04D5
    { 10, 20, 202, 2, 20, 25, 14012 }, // U+04D6
    { 10, 17, 195, 1, 17, 22, 14037 }, // U+04D7
    { 13, 15, 243, 1, 15, 25, 14059 }, // U+04D8
    { 10, 11, 195, 1, 11, 14, 14084 }, // U+04D9
    { 13, 19, 243, 1, 19, 31, 14098 }, // U+04DA
    { 10, 16, 195, 1, 16, 20, 14129 }, // U+04DB
    { 21, 19, 328, 0, 19, 50, 14149 }, // U+04DC
    { 17, 16, 283, 0, 16, 34, 14199 }, // U+04DD
    { 11, 20, 203, 1, 20, 28, 14233 }, // U+04DE
    { 8, 16, 165, 1, 16, 16, 14261 }, // U+04DF
    { 12, 15, 205, 0, 15, 23, 14277 }, // U+04E0
    { 10, 15, 172, 0, 11, 19, 14300 }, // U+04E1
    { 12, 18, 252, 2, 18, 27, 14319 }, // U+04E2
    { 11, 15, 206, 1, 15, 21, 14346 }, // U+04E3
    { 12, 19, 252, 2, 19, 29, 14367 }, // U+04E4
    { 11, 16, 206, 1, 16, 22, 14396 }, // U+04E5
    { 15, 19, 263, 1, 19, 36, 14418 }, // U+04E6
    { 11, 16, 202, 1, 16, 22, 14454 }, // U+04E7
    { 15, 15, 263, 1, 15, 29, 14476 }, // U+04E8
    { 11, 11, 202, 1, 11, 16, 14505 }, // U+04E9
    { 15, 19, 263, 1, 19, 36, 14521 }, // U+04EA
    { 11, 16, 202, 1, 16, 22, 14557 }, // U+04EB
    { 12, 19, 227, 1, 19, 29, 14579 }, // U+04EC
    { 9, 16, 174, 1, 16, 18, 14608 }, // U+04ED
    { 13, 18, 217, 0, 18, 30, 14626 }, // U+04EE
    { 11, 19, 182, 0, 15, 27, 14656 }, // U+04EF
    { 13, 19, 217, 0, 19, 31, 14683 }, // U+04F0
    { 11, 20, 182, 0, 16, 28, 14714 }, // U+04F1
    { 13, 21, 217, 0, 21, 35, 14742 }, // U+04F2
    { 11, 21, 182, 0, 17, 29, 14777 }, // U+04F3
    { 11, 19, 227, 1, 19, 27, 14806 }, // U+04F4
    { 10, 16, 189, 1, 16, 20, 14833 }, // U+04F5
    { 9, 19, 198, 2, 15, 22, 14853 }, // U+04F6
    { 9, 14, 151, 1, 11, 16, 14875 }, // U+04F7
    { 15, 19, 309, 2, 19, 36, 14891 }, // U+04F8
    { 14, 16, 275, 1, 16, 28, 14927 }, // U+04F9
    { 13, 13, 225, 1, 13, 22, 14955 }, // U+05D0
    { 11, 13, 198, 1, 13, 18, 14977 }, // U+05D1
    { 8, 13, 137, 0, 13, 13, 14995 }, // U+05D2
    { 10, 13, 190, 1, 13, 17, 15008 }, // U+05D3
    { 12, 13, 219, 1, 13, 20, 15025 }, // U+05D4
    { 5, 13, 113, 1, 13, 9, 15045 }, // U+05D5
    { 6, 13, 124, 1, 13, 10, 15054 }, // U+05D6
    { 12, 13, 229, 1, 13, 20, 15064 }, // U+05D7
    { 12, 13, 220, 1, 13, 20, 15084 }, // U+05D8
    { 5, 7, 111, 1, 13, 5, 15104 }, // U+05D9
    { 10, 17, 190, 1, 13, 22, 15109 }, // U+05DA
    { 9, 13, 176, 1, 13, 15, 15131 }, // U+05DB
    { 10, 16, 185, 1, 16, 20, 15146 }, // U+05DC
    { 12, 13, 234, 1, 13, 20, 15166 }, // U+05DD
    { 13, 13, 234, 1, 13, 22, 15186 }, // U+05DE
    { 5, 17, 118, 1, 13, 11, 15208 }, // U+05DF
    { 6, 13, 135, 1, 13, 10, 15219 }, // U+05E0
    { 12, 13, 227, 1, 13, 20, 15229 }, // U+05E1
    { 11, 13, 210, 1, 13, 18, 15249 }, // U+05E2
    { 11, 17, 218, 1, 13, 24, 15267 }, // U+05E3
    { 11, 13, 209, 1, 13, 18, 15291 }, // U+05E4
    { 12, 17, 196, 0, 13, 26, 15309 }, // U+05E5
    { 11, 13, 197, 1, 13, 18, 15335 }, // U+05E6
    { 12, 17, 218, 1, 13, 26, 15353 }, // U+05E7
    { 9, 13, 181, 1, 13, 15, 15379 }, // U+05E8
    { 14, 13, 262, 1, 13, 23, 15394 }, // U+05E9
    { 13, 13, 241, 1, 13, 22, 15417 }, // U+05EA
    { 4, 5, 108, 1, 5, 3, 15439 }, // U+060C
    { 4, 14, 113, 1, 14, 7, 15442 }, // U+061B
    { 10, 15, 171, 0, 15, 19, 15449 }, // U+061F
    { 9, 10, 157, 0, 9, 12, 15468 }, // U+0621
    { 8, 3, 96, 0, 3, 3, 15480 }, // U+0640
    { 4, 5, 191, 4, 9, 3, 15483 }, // U+0660
    { 4, 14, 191, 4, 14, 7, 15486 }, // U+0661
    { 10, 14, 191, 1, 14, 18, 15493 }, // U+0662
    { 12, 14, 191, 0, 14, 21, 15511 }, // U+0663
    { 9, 14, 191, 1, 14, 16, 15532 }, // U+0664
    { 10, 11, 191, 1, 11, 14, 15548 }, // U+0665
    { 10, 14, 191, 1, 14, 18, 15562 }, // U+0666
    { 12, 15, 191, 0, 15, 23, 15580 }, // U+0667
    { 12, 14, 191, 0, 14, 21, 15603 }, // U+0668
    { 10, 14, 191, 1, 14, 18, 15624 }, // U+0669
    { 13, 13, 247, 1, 8, 22, 15642 }, // U+06BA
    { 5, 2, 108, 1, 2, 2, 15664 }, // U+06D4
    { 4, 5, 191, 4, 9, 3, 15666 }, // U+06F0
    { 4, 14, 191, 4, 14, 7, 15669 }, // U+06F1
    { 10, 14, 191, 1, 14, 18, 15676 }, // U+06F2
    { 12, 14, 191, 0, 14, 21, 15694 }, // U+06F3
    { 10, 14, 191, 1, 14, 18, 15715 }, // U+06F4
    { 10, 14, 191, 1, 14, 18, 15733 }, // U+06F5
    { 10, 15, 191, 1, 14, 19, 15751 }, // U+06F6
    { 12, 15, 191, 0, 15, 23, 15770 }, // U+06F7
    { 12, 14, 191, 0, 14, 21, 15793 }, // U+06F8
    { 10, 14, 191, 1, 14, 18, 15814 }, // U+06F9
    { 15, 18, 240, 0, 14, 34, 15832 }, // U+1EA0
    { 9, 15, 184, 1, 11, 17, 15866 }, // U+1EA1
    { 15, 20, 240, 0, 20, 38, 15883 }, // U+1EA2
    { 9, 16, 184, 1, 16, 18, 15921 }, // U+1EA3
    { 15, 22, 240, 0, 22, 42, 15939 }, // U+1EA4
    { 11, 19, 184, 1, 19, 27, 15981 }, // U+1EA5
    { 15, 23, 240, 0, 23, 44, 16008 }, // U+1EA6
    { 10, 19, 184, 1, 19, 24, 16052 }, // U+1EA7
    { 15, 23, 240, 0, 23, 44, 16076 }, // U+1EA8
    { 11, 19, 184, 1, 19, 27, 16120 }, // U+1EA9
    { 15, 23, 240, 0, 23, 44, 16147 }, // U+1EAA
    { 9, 20, 184, 1, 20, 23, 16191 }, // U+1EAB
    { 15, 24, 240, 0, 20, 45, 16214 }, // U+1EAC
    { 9, 20, 184, 1, 16, 23, 16259 }, // U+1EAD
    { 15, 23, 240, 0, 23, 44, 16282 }, // U+1EAE
    { 9, 21, 184, 1, 21, 24, 16326 }, // U+1EAF
    { 15, 23, 240, 0, 23, 44, 16350 }, // U+1EB0
    { 9, 20, 184, 1, 20, 23, 16394 }, // U+1EB1
    { 15, 24, 240, 0, 24, 45, 16417 }, // U+1EB2
    { 9, 21, 184, 1, 21, 24, 16462 }, // U+1EB3
    { 15, 23, 240, 0, 23, 44, 16486 }, // U+1EB4
    { 9, 20, 184, 1, 20, 23, 16530 }, // U+1EB5
    { 15, 23, 240, 0, 19, 44, 16553 }, // U+1EB6
    { 9, 20, 184, 1, 16, 23, 16597 }, // U+1EB7
    { 10, 18, 202, 2, 14, 23, 16620 }, // U+1EB8
    { 10, 15, 195, 1, 11, 19, 16643 }, // U+1EB9
    { 10, 20, 202, 2, 20, 25, 16662 }, // U+1EBA
    { 10, 16, 195, 1, 16, 20, 16687 }, // U+1EBB
    { 10, 19, 202, 2, 19, 24, 16707 }, // U+1EBC
    { 10, 16, 195, 1, 16, 20, 16731 }, // U+1EBD
    { 11, 23, 202, 2, 23, 32, 16751 }, // U+1EBE
    { 12, 19, 195, 1, 19, 29, 16783 }, // U+1EBF
    { 10, 23, 202, 2, 23, 29, 16812 }, // U+1EC0
    { 10, 19, 195, 1, 19, 24, 16841 }, // U+1EC1
    { 11, 23, 202, 2, 23, 32, 16865 }, // U+1EC2
    { 11, 19, 195, 1, 19, 27, 16897 }, // U+1EC3
    { 10, 24, 202, 2, 24, 30, 16924 }, // U+1EC4
    { 10, 20, 195, 1, 20, 25, 16954 }, // U+1EC5
    { 10, 24, 202, 2, 20, 30, 16979 }, // U+1EC6
    { 10, 20, 195, 1, 16, 25, 17009 }, // U+1EC7
    { 5, 20, 105, 1, 20, 13, 17034 }, // U+1EC8
    { 4, 16, 96, 1, 16, 8, 17047 }, // U+1EC9
    { 3, 18, 105, 2, 14, 7, 17055 }, // U+1ECA
    { 4, 20, 96, 1, 16, 10, 17062 }, // U+1ECB
    { 14, 19, 263, 1, 15, 34, 17072 }, // U+1ECC
    { 11, 15, 202, 1, 11, 21, 17106 }, // U+1ECD
    { 14, 20, 263, 1, 20, 35, 17127 }, // U+1ECE
    { 11, 16, 202, 1, 16, 22, 17162 }, // U+1ECF
    { 14, 23, 263, 1, 23, 41, 17184 }, // U+1ED0
    { 12, 19, 202, 1, 19, 29, 17225 }, // U+1ED1
    { 14, 23, 263, 1, 23, 41, 17254 }, // U+1ED2
    { 11, 20, 202, 1, 20, 28, 17295 }, // U+1ED3
    { 14, 23, 263, 1, 23, 41, 17323 }, // U+1ED4
    { 11, 19, 202, 1, 19, 27, 17364 }, // U+1ED5
    { 14, 24, 263, 1, 24, 42, 17391 }, // U+1ED6
    { 11, 20, 202, 1, 20, 28, 17433 }, // U+1ED7
    { 14, 24, 263, 1, 20, 42, 17461 }, // U+1ED8
    { 11, 20, 202, 1, 16, 28, 17503 }, // U+1ED9
    { 14, 20, 263, 1, 20, 35, 17531 }, // U+1EDA
    { 12, 17, 202, 1, 17, 26, 17566 }, // U+1EDB
    { 14, 20, 263, 1, 20, 35, 17592 }, // U+1EDC
    { 12, 17, 202, 1, 17, 26, 17627 }, // U+1EDD
    { 14, 20, 263, 1, 20, 35, 17653 }, // U+1EDE
    { 12, 16, 202, 1, 16, 24, 17688 }, // U+1EDF
    { 14, 19, 263, 1, 19, 34, 17712 }, // U+1EE0
    { 12, 16, 202, 1, 16, 24, 17746 }, // U+1EE1
    { 14, 21, 263, 1, 17, 37, 17770 }, // U+1EE2
    { 12, 17, 202, 1, 13, 26, 17807 }, // U+1EE3
    { 12, 18, 236, 1, 14, 27, 17833 }, // U+1EE4
    { 10, 15, 196, 1, 11, 19, 17860 }, // U+1EE5
    { 12, 20, 236, 1, 20, 30, 17879 }, // U+1EE6
    { 10, 16, 196, 1, 16, 20, 17909 }, // U+1EE7
    { 15, 20, 249, 1, 20, 38, 17929 }, // U+1EE8
    { 12, 17, 209, 1, 17, 26, 17967 }, // U+1EE9
    { 15, 20, 249, 1, 20, 38, 17993 }, // U+1EEA
    { 12, 17, 209, 1, 17, 26, 18031 }, // U+1EEB
    { 15, 20, 249, 1, 20, 38, 18057 }, // U+1EEC
    { 12, 16, 209, 1, 16, 24, 18095 }, // U+1EED
    { 15, 19, 249, 1, 19, 36, 18119 }, // U+1EEE
    { 12, 16, 209, 1, 16, 24, 18155 }, // U+1EEF
    { 15, 21, 249, 1, 17, 40, 18179 }, // U+1EF0
    { 12, 17, 209, 1, 13, 26, 18219 }, // U+1EF1
    { 13, 21, 220, 0, 21, 35, 18245 }, // U+1EF2
    { 11, 21, 182, 0, 17, 29, 18280 }, // U+1EF3
    { 14, 18, 220, 0, 14, 32, 18309 }, // U+1EF4
    { 12, 15, 182, 0, 11, 23, 18341 }, // U+1EF5
    { 14, 20, 220, 0, 20, 35, 18364 }, // U+1EF6
    { 11, 20, 182, 0, 16, 28, 18399 }, // U+1EF7
    { 14, 19, 220, 0, 19, 34, 18427 }, // U+1EF8
    { 11, 20, 182, 0, 16, 28, 18461 }, // U+1EF9
    { 1, 1, 43, 0, 1, 1, 18489 }, // U+2009
    { 1, 1, 0, 0, 1, 1, 18490 }, // U+200B
    { 1, 16, 0, 0, 15, 2, 18491 }, // U+200C
    { 4, 16, 0, -2, 15, 8, 18493 }, // U+200D
    { 4, 16, 0, 0, 15, 8, 18501 }, // U+200E
    { 4, 16, 0, -4, 15, 8, 18509 }, // U+200F
    { 5, 2, 106, 1, 7, 2, 18517 }, // U+2010
    { 5, 3, 107, 1, 7, 2, 18519 }, // U+2011
    { 11, 3, 167, 0, 8, 5, 18521 }, // U+2013
    { 21, 3, 333, 0, 8, 8, 18526 }, // U+2014
    { 21, 3, 333, 0, 8, 8, 18534 }, // U+2015
    { 4, 6, 81, 1, 16, 3, 18542 }, // U+2018
    { 4, 6, 81, 0, 16, 3, 18545 }, // U+2019
    { 4, 6, 81, 0, 3, 3, 18548 }, // U+201A
    { 9, 6, 151, 1, 16, 7, 18551 }, // U+201C
    { 9, 6, 151, 0, 16, 7, 18558 }, // U+201D
    { 9, 6, 151, 0, 3, 7, 18565 }, // U+201E
    { 9, 18, 165, 1, 15, 21, 18572 }, // U+2020
    { 9, 18, 165, 1, 15, 21, 18593 }, // U+2021
    { 6, 6, 121, 1, 10, 5, 18614 }, // U+2022
    { 18, 4, 333, 2, 4, 9, 18619 }, // U+2026
    { 1, 1, 43, 0, 1, 1, 18628 }, // U+202F
    { 26, 15, 440, 1, 15, 49, 18629 }, // U+2030
    { 5, 9, 109, 0, 10, 6, 18678 }, // U+2039
    { 5, 9, 109, 2, 10, 6, 18684 }, // U+203A
    { 11, 15, 51, -4, 15, 21, 18690 }, // U+2044
    { 4, 14, 113, 1, 14, 7, 18711 }, // U+204F
    { 7, 9, 121, 0, 15, 8, 18718 }, // U+2070
    { 8, 8, 121, 0, 15, 8, 18726 }, // U+2074
    { 6, 9, 121, 1, 15, 7, 18734 }, // U+2075
    { 6, 9, 121, 1, 15, 7, 18741 }, // U+2076
    { 6, 8, 121, 1, 15, 6, 18748 }, // U+2077
    { 7, 9, 121, 0, 15, 8, 18754 }, // U+2078
    { 6, 9, 121, 1, 15, 7, 18762 }, // U+2079
    { 7, 9, 121, 0, 9, 8, 18769 }, // U+2080
    { 5, 9, 121, 1, 9, 6, 18777 }, // U+2081
    { 7, 9, 121, 0, 9, 8, 18783 }, // U+2082
    { 7, 9, 121, 0, 9, 8, 18791 }, // U+2083
    { 8, 8, 121, 0, 9, 8, 18799 }, // U+2084
    { 6, 9, 121, 1, 9, 7, 18807 }, // U+2085
    { 6, 9, 121, 1, 9, 7, 18814 }, // U+2086
    { 6, 8, 121, 1, 9, 6, 18821 }, // U+2087
    { 7, 9, 121, 0, 9, 8, 18827 }, // U+2088
    { 6, 9, 121, 1, 9, 7, 18835 }, // U+2089
    { 14, 13, 288, 2, 13, 23, 18842 }, // U+20AA
    { 11, 15, 189, 1, 15, 21, 18865 }, // U+20AC
    { 11, 15, 189, 0, 15, 21, 18886 }, // U+20AE
    { 12, 15, 189, 0, 15, 23, 18907 }, // U+20B4
    { 12, 15, 189, 1, 15, 23, 18930 }, // U+20B9
    { 11, 15, 204, 1, 15, 21, 18953 }, // U+2202
    { 15, 15, 231, 0, 15, 29, 18974 }, // U+2206
    { 11, 17, 243, 2, 15, 24, 19003 }, // U+220F
    { 10, 17, 181, 0, 15, 22, 19027 }, // U+2211
    { 10, 3, 189, 1, 8, 4, 19049 }, // U+2212
    { 11, 15, 51, -4, 15, 21, 19053 }, // U+2215
    { 4, 4, 82, 1, 9, 2, 19074 }, // U+2219
    { 13, 15, 201, 1, 15, 25, 19076 }, // U+221A
    { 11, 7, 212, 1, 10, 10, 19101 }, // U+221E
    { 9, 19, 134, 0, 15, 22, 19111 }, // U+222B
    { 11, 11, 189, 1, 12, 16, 19133 }, // U+2248
    { 10, 14, 189, 1, 14, 18, 19149 }, // U+2260
    { 10, 13, 189, 1, 13, 17, 19167 }, // U+2264
    { 10, 13, 189, 1, 13, 17, 19184 }, // U+2265
    { 16, 16, 280, 1, 16, 32, 19201 }, // U+FB00
    { 11, 16, 236, 1, 16, 22, 19233 }, // U+FB01
    { 13, 16, 245, 1, 16, 26, 19255 }, // U+FB02
    { 19, 16, 376, 1, 16, 38, 19281 }, // U+FB03
    { 21, 16, 385, 1, 16, 42, 19319 }, // U+FB04
    { 19, 16, 341, 1, 9, 38, 19361 }, // U+FB56
    { 24, 15, 381, 1, 8, 45, 19399 }, // U+FB57
    { 6, 17, 120, 0, 10, 13, 19444 }, // U+FB58
    { 10, 14, 136, 0, 7, 18, 19457 }, // U+FB59
    { 19, 15, 341, 1, 15, 36, 19475 }, // U+FB66
    { 24, 15, 381, 1, 15, 45, 19511 }, // U+FB67
    { 6, 17, 106, 0, 17, 13, 19556 }, // U+FB68
    { 10, 15, 136, 0, 15, 19, 19569 }, // U+FB69
    { 14, 18, 229, 0, 10, 32, 19588 }, // U+FB7A
    { 17, 18, 253, 0, 10, 39, 19620 }, // U+FB7B
    { 13, 16, 210, 0, 9, 26, 19659 }, // U+FB7C
    { 15, 16, 218, 0, 9, 30, 19685 }, // U+FB7D
    { 9, 18, 172, 1, 18, 21, 19715 }, // U+FB88
    { 13, 18, 190, 1, 18, 30, 19736 }, // U+FB89
    { 9, 21, 136, -1, 16, 24, 19766 }, // U+FB8A
    { 12, 21, 150, -1, 16, 32, 19790 }, // U+FB8B
    { 9, 21, 136, -1, 16, 24, 19822 }, // U+FB8C
    { 12, 21, 150, -1, 16, 32, 19846 }, // U+FB8D
    { 18, 15, 303, 1, 15, 34, 19878 }, // U+FB8E
    { 21, 15, 317, 1, 15, 40, 19912 }, // U+FB8F
    { 10, 15, 151, 0, 15, 19, 19952 }, // U+FB90
    { 12, 15, 169, 0, 15, 23, 19971 }, // U+FB91
    { 18, 18, 303, 1, 18, 41, 19994 }, // U+FB92
    { 21, 18, 317, 1, 18, 48, 20035 }, // U+FB93
    { 10, 18, 151, 0, 18, 23, 20083 }, // U+FB94
    { 12, 18, 169, 0, 18, 27, 20106 }, // U+FB95
    { 13, 13, 247, 1, 8, 22, 20133 }, // U+FB9E
    { 17, 12, 268, 1, 7, 26, 20155 }, // U+FB9F
    { 8, 11, 157, 1, 11, 11, 20181 }, // U+FBA6
    { 14, 8, 195, 0, 8, 14, 20192 }, // U+FBA7
    { 6, 14, 106, 0, 10, 11, 20206 }, // U+FBA8
    { 12, 11, 172, 0, 5, 17, 20217 }, // U+FBA9
    { 15, 12, 257, 0, 12, 23, 20234 }, // U+FBAA
    { 16, 15, 228, 0, 10, 30, 20257 }, // U+FBAB
    { 13, 12, 214, 0, 12, 20, 20287 }, // U+FBAC
    { 14, 15, 190, 0, 10, 27, 20307 }, // U+FBAD
    { 18, 11, 314, 1, 11, 25, 20334 }, // U+FBAE
    { 13, 9, 187, 0, 3, 15, 20359 }, // U+FBAF
    { 18, 16, 314, 1, 16, 36, 20374 }, // U+FBB0
    { 13, 14, 187, 0, 8, 23, 20410 }, // U+FBB1
    { 16, 15, 274, 1, 10, 30, 20433 }, // U+FBFC
    { 17, 10, 267, 1, 5, 22, 20463 }, // U+FBFD
    { 7, 15, 120, 0, 10, 14, 20485 }, // U+FBFE
    { 10, 12, 136, 0, 7, 15, 20499 }, // U+FBFF
    { 9, 10, 157, 0, 9, 12, 20514 }, // U+FE80
    { 7, 18, 90, -1, 18, 16, 20526 }, // U+FE81
    { 9, 19, 106, -1, 19, 22, 20542 }, // U+FE82
    { 5, 20, 90, 0, 20, 13, 20564 }, // U+FE83
    { 8, 21, 106, 0, 21, 21, 20577 }, // U+FE84
    { 8, 19, 166, 1, 14, 19, 20598 }, // U+FE85
    { 12, 20, 175, 1, 15, 30, 20617 }, // U+FE86
    { 5, 21, 91, 1, 15, 14, 20647 }, // U+FE87
    { 7, 21, 106, 1, 15, 19, 20661 }, // U+FE88
    { 16, 16, 274, 1, 11, 32, 20680 }, // U+FE89
    { 17, 16, 267, 1, 11, 34, 20712 }, // U+FE8A
    { 6, 16, 106, 0, 16, 12, 20746 }, // U+FE8B
    { 10, 14, 128, 0, 14, 18, 20758 }, // U+FE8C
    { 4, 15, 91, 1, 15, 8, 20776 }, // U+FE8D
    { 7, 15, 106, 1, 15, 14, 20784 }, // U+FE8E
    { 19, 14, 341, 1, 9, 34, 20798 }, // U+FE8F
    { 24, 13, 381, 1, 8, 39, 20832 }, // U+FE90
    { 6, 15, 106, 0, 10, 12, 20871 }, // U+FE91
    { 10, 12, 128, 0, 7, 15, 20883 }, // U+FE92
    { 8, 16, 157, 1, 16, 16, 20898 }, // U+FE93
    { 12, 17, 185, 1, 17, 26, 20914 }, // U+FE94
    { 19, 12, 341, 1, 12, 29, 20940 }, // U+FE95
    { 24, 12, 381, 1, 12, 36, 20969 }, // U+FE96
    { 6, 14, 106, 0, 14, 11, 21005 }, // U+FE97
    { 10, 12, 136, 0, 12, 15, 21016 }, // U+FE98
    { 19, 15, 341, 1, 15, 36, 21031 }, // U+FE99
    { 24, 15, 381, 1, 15, 45, 21067 }, // U+FE9A
    { 6, 17, 106, 0, 17, 13, 21112 }, // U+FE9B
    { 10, 15, 136, 0, 15, 19, 21125 }, // U+FE9C
    { 14, 18, 229, 0, 10, 32, 21144 }, // U+FE9D
    { 17, 18, 246, 0, 10, 39, 21176 }, // U+FE9E
    { 13, 14, 210, 0, 9, 23, 21215 }, // U+FE9F
    { 15, 14, 218, 0, 9, 27, 21238 }, // U+FEA0
    { 14, 18, 229, 0, 10, 32, 21265 }, // U+FEA1
    { 17, 18, 246, 0, 10, 39, 21297 }, // U+FEA2
    { 13, 9, 210, 0, 9, 15, 21336 }, // U+FEA3
    { 15, 9, 218, 0, 9, 17, 21351 }, // U+FEA4
    { 14, 23, 229, 0, 15, 41, 21368 }, // U+FEA5
    { 17, 23, 246, 0, 15, 49, 21409 }, // U+FEA6
    { 13, 14, 210, 0, 14, 23, 21458 }, // U+FEA7
    { 15, 14, 218, 0, 14, 27, 21481 }, // U+FEA8
    { 9, 11, 172, 1, 11, 13, 21508 }, // U+FEA9
    { 13, 11, 190, 1, 11, 18, 21521 }, // U+FEAA
    { 9, 15, 172, 1, 15, 17, 21539 }, // U+FEAB
    { 13, 15, 190, 1, 15, 25, 21556 }, // U+FEAC
    { 8, 13, 136, -1, 8, 13, 21581 }, // U+FEAD
    { 12, 13, 150, -1, 8, 20, 21594 }, // U+FEAE
    { 8, 18, 136, -1, 13, 18, 21614 }, // U+FEAF
    { 12, 18, 150, -1, 13, 27, 21632 }, // U+FEB0
    { 27, 15, 457, 1, 10, 51, 21659 }, // U+FEB1
    { 31, 14, 480, 1, 9, 55, 21710 }, // U+FEB2
    { 19, 10, 317, 0, 10, 24, 21765 }, // U+FEB3
    { 23, 9, 340, 0, 9, 26, 21789 }, // U+FEB4
    { 27, 21, 457, 1, 16, 71, 21815 }, // U+FEB5
    { 31, 21, 480, 1, 16, 82, 21886 }, // U+FEB6
    { 19, 16, 317, 0, 16, 38, 21968 }, // U+FEB7
    { 23, 16, 340, 0, 16, 46, 22006 }, // U+FEB8
    { 28, 14, 474, 1, 9, 49, 22052 }, // U+FEB9
    { 31, 14, 481, 1, 9, 55, 22101 }, // U+FEBA
    { 19, 9, 325, 0, 9, 22, 22156 }, // U+FEBB
    { 23, 9, 335, 0, 9, 26, 22178 }, // U+FEBC
    { 28, 19, 474, 1, 14, 67, 22204 }, // U+FEBD
    { 31, 19, 481, 1, 14, 74, 22271 }, // U+FEBE
    { 19, 14, 325, 0, 14, 34, 22345 }, // U+FEBF
    { 23, 14, 335, 0, 14, 41, 22379 }, // U+FEC0
    { 17, 15, 281, 0, 15, 32, 22420 }, // U+FEC1
    { 20, 15, 287, 0, 15, 38, 22452 }, // U+FEC2
    { 15, 15, 246, 0, 15, 29, 22490 }, // U+FEC3
    { 18, 15, 254, 0, 15, 34, 22519 }, // U+FEC4
    { 17, 15, 281, 0, 15, 32, 22553 }, // U+FEC5
    { 20, 15, 287, 0, 15, 38, 22585 }, // U+FEC6
    { 15, 15, 246, 0, 15, 29, 22623 }, // U+FEC7
    { 18, 15, 254, 0, 15, 34, 22652 }, // U+FEC8
    { 13, 20, 190, 0, 12, 33, 22686 }, // U+FEC9
    { 14, 18, 190, 0, 10, 32, 22719 }, // U+FECA
    { 11, 10, 186, 0, 10, 14, 22751 }, // U+FECB
    { 13, 10, 184, 0, 10, 17, 22765 }, // U+FECC
    { 13, 24, 190, 0, 16, 39, 22782 }, // U+FECD
    { 14, 22, 190, 0, 14, 39, 22821 }, // U+FECE
    { 11, 15, 186, 0, 15, 21, 22860 }, // U+FECF
    { 13, 14, 184, 0, 14, 23, 22881 }, // U+FED0
    { 20, 17, 341, 1, 17, 43, 22904 }, // U+FED1
    { 24, 15, 372, 1, 15, 45, 22947 }, // U+FED2
    { 10, 17, 168, 0, 17, 22, 22992 }, // U+FED3
    { 13, 15, 176, 0, 15, 25, 23014 }, // U+FED4
    { 16, 18, 277, 1, 14, 36, 23039 }, // U+FED5
    { 18, 19, 285, 1, 13, 43, 23075 }, // U+FED6
    { 10, 17, 168, 0, 17, 22, 23118 }, // U+FED7
    { 13, 15, 176, 0, 15, 25, 23140 }, // U+FED8
    { 17, 15, 310, 1, 15, 32, 23165 }, // U+FED9
    { 21, 15, 325, 1, 15, 40, 23197 }, // U+FEDA
    { 10, 15, 151, 0, 15, 19, 23237 }, // U+FEDB
    { 12, 15, 169, 0, 15, 23, 23256 }, // U+FEDC
    { 13, 20, 247, 1, 15, 33, 23279 }, // U+FEDD
    { 17, 20, 264, 1, 15, 43, 23312 }, // U+FEDE
    { 5, 15, 99, 0, 15, 10, 23355 }, // U+FEDF
    { 9, 15, 115, 0, 15, 17, 23365 }, // U+FEE0
    { 11, 17, 183, 0, 9, 24, 23382 }, // U+FEE1
    { 15, 17, 220, 0, 9, 32, 23406 }, // U+FEE2
    { 11, 9, 194, 0, 9, 13, 23438 }, // U+FEE3
    { 15, 9, 208, 0, 9, 17, 23451 }, // U+FEE4
    { 13, 16, 247, 1, 11, 26, 23468 }, // U+FEE5
    { 17, 16, 268, 1, 11, 34, 23494 }, // U+FEE6
    { 6, 14, 106, 0, 14, 11, 23528 }, // U+FEE7
    { 10, 12, 128, 0, 12, 15, 23539 }, // U+FEE8
    { 8, 11, 157, 1, 11, 11, 23554 }, // U+FEE9
    { 12, 12, 185, 1, 12, 18, 23565 }, // U+FEEA
    { 13, 12, 214, 0, 12, 20, 23583 }, // U+FEEB
    { 14, 15, 190, 0, 10, 27, 23603 }, // U+FEEC
    { 8, 13, 166, 1, 8, 13, 23630 }, // U+FEED
    { 12, 13, 175, 1, 8, 20, 23643 }, // U+FEEE
    { 16, 15, 274, 1, 10, 30, 23663 }, // U+FEEF
    { 17, 10, 267, 1, 5, 22, 23693 }, // U+FEF0
    { 16, 20, 274, 1, 10, 40, 23715 }, // U+FEF1
    { 17, 15, 267, 1, 5, 32, 23755 }, // U+FEF2
    { 7, 15, 120, 0, 10, 14, 23787 }, // U+FEF3
    { 10, 12, 136, 0, 7, 15, 23801 }, // U+FEF4
    { 13, 16, 211, -1, 16, 26, 23816 }, // U+FEF5
    { 15, 17, 227, 1, 17, 32, 23842 }, // U+FEF6
    { 12, 18, 211, 0, 18, 27, 23874 }, // U+FEF7
    { 15, 19, 227, 1, 19, 36, 23901 }, // U+FEF8
    { 11, 21, 211, 1, 15, 29, 23937 }, // U+FEF9
    { 15, 21, 227, 1, 15, 40, 23966 }, // U+FEFA
    { 11, 15, 211, 1, 15, 21, 24006 }, // U+FEFB
    { 15, 15, 227, 1, 15, 29, 24027 }, // U+FEFC
};

static const EpdUnicodeInterval ubuntu_10_boldIntervals[] = {
    { 0x0, 0x0, 0x0 },
    { 0x8, 0x9, 0x1 },
    { 0xD, 0xD, 0x3 },
    { 0x1D, 0x1D, 0x4 },
    { 0x20, 0x7E, 0x5 },
    { 0xA0, 0x17F, 0x64 },
    { 0x1A0, 0x1A1, 0x144 },
    { 0x1AF, 0x1B0, 0x146 },
    { 0x1C4, 0x21F, 0x148 },
    { 0x300, 0x304, 0x1A4 },
    { 0x306, 0x308, 0x1A9 },
    { 0x30A, 0x30C, 0x1AC },
    { 0x311, 0x312, 0x1AF },
    { 0x326, 0x328, 0x1B1 },
    { 0x34F, 0x34F, 0x1B4 },
    { 0x400, 0x45F, 0x1B5 },
    { 0x462, 0x463, 0x215 },
    { 0x472, 0x475, 0x217 },
    { 0x48A, 0x4F9, 0x21B },
    { 0x5D0, 0x5EA, 0x28B },
    { 0x60C, 0x60C, 0x2A6 },
    { 0x61B, 0x61B, 0x2A7 },
    { 0x61F, 0x61F, 0x2A8 },
    { 0x621, 0x621, 0x2A9 },
    { 0x640, 0x640, 0x2AA },
    { 0x660, 0x669, 0x2AB },
    { 0x6BA, 0x6BA, 0x2B5 },
    { 0x6D4, 0x6D4, 0x2B6 },
    { 0x6F0, 0x6F9, 0x2B7 },
    { 0x1EA0, 0x1EF9, 0x2C1 },
    { 0x2009, 0x2009, 0x31B },
    { 0x200B, 0x2011, 0x31C },
    { 0x2013, 0x2015, 0x323 },
    { 0x2018, 0x201A, 0x326 },
    { 0x201C, 0x201E, 0x329 },
    { 0x2020, 0x2022, 0x32C },
    { 0x2026, 0x2026, 0x32F },
    { 0x202F, 0x2030, 0x330 },
    { 0x2039, 0x203A, 0x332 },
    { 0x2044, 0x2044, 0x334 },
    { 0x204F, 0x204F, 0x335 },
    { 0x2070, 0x2070, 0x336 },
    { 0x2074, 0x2079, 0x337 },
    { 0x2080, 0x2089, 0x33D },
    { 0x20AA, 0x20AA, 0x347 },
    { 0x20AC, 0x20AC, 0x348 },
    { 0x20AE, 0x20AE, 0x349 },
    { 0x20B4, 0x20B4, 0x34A },
    { 0x20B9, 0x20B9, 0x34B },
    { 0x2202, 0x2202, 0x34C },
    { 0x2206, 0x2206, 0x34D },
    { 0x220F, 0x220F, 0x34E },
    { 0x2211, 0x2212, 0x34F },
    { 0x2215, 0x2215, 0x351 },
    { 0x2219, 0x221A, 0x352 },
    { 0x221E, 0x221E, 0x354 },
    { 0x222B, 0x222B, 0x355 },
    { 0x2248, 0x2248, 0x356 },
    { 0x2260, 0x2260, 0x357 },
    { 0x2264, 0x2265, 0x358 },
    { 0xFB00, 0xFB04, 0x35A },
    { 0xFB56, 0xFB59, 0x35F },
    { 0xFB66, 0xFB69, 0x363 },
    { 0xFB7A, 0xFB7D, 0x367 },
    { 0xFB88, 0xFB95, 0x36B },
    { 0xFB9E, 0xFB9F, 0x379 },
    { 0xFBA6, 0xFBB1, 0x37B },
    { 0xFBFC, 0xFBFF, 0x387 },
    { 0xFE80, 0xFEFC, 0x38B },
};

static const EpdKernClassEntry ubuntu_10_boldKernLeftClasses[] = {
    { 0x0022, 1 }, // "
    { 0x0026, 2 }, // &
    { 0x0027, 1 }, // '
    { 0x0028, 3 }, // (
    { 0x0029, 4 }, // )
    { 0x002A, 5 }, // *
    { 0x002C, 6 }, // ,
    { 0x002D, 7 }, // -
    { 0x002E, 6 }, // .
    { 0x002F, 8 }, // /
    { 0x003A, 9 }, // :
    { 0x003B, 9 }, // ;
    { 0x0040, 10 }, // @
    { 0x0041, 11 }, // A
    { 0x0042, 12 }, // B
    { 0x0043, 13 }, // C
    { 0x0044, 14 }, // D
    { 0x0045, 15 }, // E
    { 0x0046, 16 }, // F
    { 0x0047, 17 }, // G
    { 0x0048, 18 }, // H
    { 0x0049, 18 }, // I
    { 0x004A, 19 }, // J
    { 0x004B, 20 }, // K
    { 0x004C, 21 }, // L
    { 0x004D, 22 }, // M
    { 0x004E, 18 }, // N
    { 0x004F, 23 }, // O
    { 0x0050, 24 }, // P
    { 0x0051, 25 }, // Q
    { 0x0052, 26 }, // R
    { 0x0053, 27 }, // S
    { 0x0054, 28 }, // T
    { 0x0055, 29 }, // U
    { 0x0056, 30 }, // V
    { 0x0057, 31 }, // W
    { 0x0058, 32 }, // X
    { 0x0059, 33 }, // Y
    { 0x005A, 34 }, // Z
    { 0x005B, 35 }, // [
    { 0x005C, 36 }, // <backslash>
    { 0x005D, 37 }, // ]
    { 0x0061, 38 }, // a
    { 0x0062, 39 }, // b
    { 0x0063, 40 }, // c
    { 0x0064, 41 }, // d
    { 0x0066, 42 }, // f
    { 0x0067, 43 }, // g
    { 0x0068, 44 }, // h
    { 0x0069, 45 }, // i
    { 0x006A, 46 }, // j
    { 0x006B, 47 }, // k
    { 0x006C, 48 }, // l
    { 0x006D, 49 }, // m
    { 0x006E, 49 }, // n
    { 0x006F, 50 }, // o
    { 0x0070, 39 }, // p
    { 0x0071, 51 }, // q
    { 0x0072, 52 }, // r
    { 0x0073, 53 }, // s
    { 0x0074, 54 }, // t
    { 0x0075, 55 }, // u
    { 0x0076, 56 }, // v
    { 0x0077, 57 }, // w
    { 0x0078, 58 }, // x
    { 0x0079, 59 }, // y
    { 0x007A, 60 }, // z
    { 0x007B, 61 }, // {
    { 0x007D, 62 }, // }
    { 0x00A1, 63 }, // U+00A1
    { 0x00AB, 64 }, // U+00AB
    { 0x00BB, 65 }, // U+00BB
    { 0x00BF, 66 }, // U+00BF
    { 0x00C0, 11 }, // U+00C0
    { 0x00C1, 11 }, // U+00C1
    { 0x00C2, 11 }, // U+00C2
    { 0x00C3, 11 }, // U+00C3
    { 0x00C4, 11 }, // U+00C4
    { 0x00C5, 11 }, // U+00C5
    { 0x00C6, 15 }, // U+00C6
    { 0x00C7, 13 }, // U+00C7
    { 0x00C8, 15 }, // U+00C8
    { 0x00C9, 15 }, // U+00C9
    { 0x00CA, 15 }, // U+00CA
    { 0x00CB, 15 }, // U+00CB
    { 0x00CC, 18 }, // U+00CC
    { 0x00CD, 18 }, // U+00CD
    { 0x00CE, 18 }, // U+00CE
    { 0x00CF, 18 }, // U+00CF
    { 0x00D0, 14 }, // U+00D0
    { 0x00D1, 18 }, // U+00D1
    { 0x00D2, 23 }, // U+00D2
    { 0x00D3, 23 }, // U+00D3
    { 0x00D4, 23 }, // U+00D4
    { 0x00D5, 23 }, // U+00D5
    { 0x00D6, 23 }, // U+00D6
    { 0x00D8, 23 }, // U+00D8
    { 0x00D9, 29 }, // U+00D9
    { 0x00DA, 29 }, // U+00DA
    { 0x00DB, 29 }, // U+00DB
    { 0x00DC, 29 }, // U+00DC
    { 0x00DD, 33 }, // U+00DD
    { 0x00DE, 67 }, // U+00DE
    { 0x00DF, 68 }, // U+00DF
    { 0x00E0, 38 }, // U+00E0
    { 0x00E1, 38 }, // U+00E1
    { 0x00E2, 38 }, // U+00E2
    { 0x00E3, 38 }, // U+00E3
    { 0x00E4, 38 }, // U+00E4
    { 0x00E5, 38 }, // U+00E5
    { 0x00E7, 40 }, // U+00E7
    { 0x00EC, 45 }, // U+00EC
    { 0x00ED, 45 }, // U+00ED
    { 0x00EE, 45 }, // U+00EE
    { 0x00EF, 45 }, // U+00EF
    { 0x00F0, 69 }, // U+00F0
    { 0x00F1, 49 }, // U+00F1
    { 0x00F2, 50 }, // U+00F2
    { 0x00F3, 50 }, // U+00F3
    { 0x00F4, 50 }, // U+00F4
    { 0x00F5, 50 }, // U+00F5
    { 0x00F6, 50 }, // U+00F6
    { 0x00F8, 50 }, // U+00F8
    { 0x00F9, 55 }, // U+00F9
    { 0x00FA, 55 }, // U+00FA
    { 0x00FB, 55 }, // U+00FB
    { 0x00FC, 55 }, // U+00FC
    { 0x00FD, 59 }, // U+00FD
    { 0x00FE, 70 }, // U+00FE
    { 0x00FF, 59 }, // U+00FF
    { 0x0100, 11 }, // U+0100
    { 0x0101, 38 }, // U+0101
    { 0x0102, 11 }, // U+0102
    { 0x0103, 38 }, // U+0103
    { 0x0104, 11 }, // U+0104
    { 0x0105, 38 }, // U+0105
    { 0x0106, 13 }, // U+0106
    { 0x0107, 40 }, // U+0107
    { 0x0108, 13 }, // U+0108
    { 0x0109, 40 }, // U+0109
    { 0x010A, 13 }, // U+010A
    { 0x010B, 40 }, // U+010B
    { 0x010C, 13 }, // U+010C
    { 0x010D, 40 }, // U+010D
    { 0x010E, 14 }, // U+010E
    { 0x010F, 71 }, // U+010F
    { 0x0110, 14 }, // U+0110
    { 0x0111, 41 }, // U+0111
    { 0x0112, 15 }, // U+0112
    { 0x0114, 15 }, // U+0114
    { 0x0116, 15 }, // U+0116
    { 0x0118, 15 }, // U+0118
    { 0x011A, 15 }, // U+011A
    { 0x011C, 17 }, // U+011C
    { 0x011D, 43 }, // U+011D
    { 0x011E, 17 }, // U+011E
    { 0x011F, 43 }, // U+011F
    { 0x0120, 17 }, // U+0120
    { 0x0121, 43 }, // U+0121
    { 0x0122, 17 }, // U+0122
    { 0x0123, 43 }, // U+0123
    { 0x0124, 18 }, // U+0124
    { 0x0125, 44 }, // U+0125
    { 0x0126, 18 }, // U+0126
    { 0x0127, 44 }, // U+0127
    { 0x0128, 18 }, // U+0128
    { 0x0129, 45 }, // U+0129
    { 0x012A, 18 }, // U+012A
    { 0x012B, 45 }, // U+012B
    { 0x012C, 18 }, // U+012C
    { 0x012D, 45 }, // U+012D
    { 0x012E, 18 }, // U+012E
    { 0x012F, 45 }, // U+012F
    { 0x0130, 18 }, // U+0130
    { 0x0131, 45 }, // U+0131
    { 0x0132, 19 }, // U+0132
    { 0x0133, 46 }, // U+0133
    { 0x0134, 19 }, // U+0134
    { 0x0135, 46 }, // U+0135
    { 0x0136, 20 }, // U+0136
    { 0x0137, 47 }, // U+0137
    { 0x0138, 47 }, // U+0138
    { 0x0139, 21 }, // U+0139
    { 0x013A, 48 }, // U+013A
    { 0x013B, 21 }, // U+013B
    { 0x013C, 48 }, // U+013C
    { 0x013D, 21 }, // U+013D
    { 0x013E, 71 }, // U+013E
    { 0x013F, 21 }, // U+013F
    { 0x0140, 48 }, // U+0140
    { 0x0141, 21 }, // U+0141
    { 0x0142, 48 }, // U+0142
    { 0x0143, 18 }, // U+0143
    { 0x0144, 49 }, // U+0144
    { 0x0145, 18 }, // U+0145
    { 0x0146, 49 }, // U+0146
    { 0x0147, 18 }, // U+0147
    { 0x0148, 49 }, // U+0148
    { 0x0149, 49 }, // U+0149
    { 0x014A, 72 }, // U+014A
    { 0x014B, 73 }, // U+014B
    { 0x014C, 23 }, // U+014C
    { 0x014D, 50 }, // U+014D
    { 0x014E, 23 }, // U+014E
    { 0x014F, 50 }, // U+014F
    { 0x0150, 23 }, // U+0150
    { 0x0151, 50 }, // U+0151
    { 0x0152, 15 }, // U+0152
    { 0x0154, 26 }, // U+0154
    { 0x0155, 52 }, // U+0155
    { 0x0156, 26 }, // U+0156
    { 0x0157, 52 }, // U+0157
    { 0x0158, 26 }, // U+0158
    { 0x0159, 52 }, // U+0159
    { 0x015A, 27 }, // U+015A
    { 0x015B, 53 }, // U+015B
    { 0x015C, 27 }, // U+015C
    { 0x015D, 53 }, // U+015D
    { 0x015E, 27 }, // U+015E
    { 0x015F, 53 }, // U+015F
    { 0x0160, 27 }, // U+0160
    { 0x0161, 53 }, // U+0161
    { 0x0162, 28 }, // U+0162
    { 0x0163, 54 }, // U+0163
    { 0x0164, 28 }, // U+0164
    { 0x0165, 54 }, // U+0165
    { 0x0166, 28 }, // U+0166
    { 0x0167, 54 }, // U+0167
    { 0x0168, 29 }, // U+0168
    { 0x0169, 55 }, // U+0169
    { 0x016A, 29 }, // U+016A
    { 0x016B, 55 }, // U+016B
    { 0x016C, 29 }, // U+016C
    { 0x016D, 55 }, // U+016D
    { 0x016E, 29 }, // U+016E
    { 0x016F, 55 }, // U+016F
    { 0x0170, 29 }, // U+0170
    { 0x0171, 55 }, // U+0171
    { 0x0172, 29 }, // U+0172
    { 0x0173, 55 }, // U+0173
    { 0x0174, 31 }, // U+0174
    { 0x0175, 57 }, // U+0175
    { 0x0176, 33 }, // U+0176
    { 0x0177, 59 }, // U+0177
    { 0x0178, 33 }, // U+0178
    { 0x0179, 34 }, // U+0179
    { 0x017A, 60 }, // U+017A
    { 0x017B, 34 }, // U+017B
    { 0x017C, 60 }, // U+017C
    { 0x017D, 34 }, // U+017D
    { 0x017E, 60 }, // U+017E
    { 0x017F, 42 }, // U+017F
    { 0x01A0, 74 }, // U+01A0
    { 0x01C4, 34 }, // U+01C4
    { 0x01C5, 60 }, // U+01C5
    { 0x01C6, 60 }, // U+01C6
    { 0x01C7, 19 }, // U+01C7
    { 0x01C8, 46 }, // U+01C8
    { 0x01C9, 46 }, // U+01C9
    { 0x01CA, 19 }, // U+01CA
    { 0x01CB, 46 }, // U+01CB
    { 0x01CC, 46 }, // U+01CC
    { 0x01CD, 11 }, // U+01CD
    { 0x01CE, 38 }, // U+01CE
    { 0x01CF, 18 }, // U+01CF
    { 0x01D0, 45 }, // U+01D0
    { 0x01D1, 23 }, // U+01D1
    { 0x01D2, 50 }, // U+01D2
    { 0x01D3, 29 }, // U+01D3
    { 0x01D4, 55 }, // U+01D4
    { 0x01D5, 29 }, // U+01D5
    { 0x01D6, 55 }, // U+01D6
    { 0x01D7, 29 }, // U+01D7
    { 0x01D8, 55 }, // U+01D8
    { 0x01D9, 29 }, // U+01D9
    { 0x01DA, 55 }, // U+01DA
    { 0x01DB, 29 }, // U+01DB
    { 0x01DC, 55 }, // U+01DC
    { 0x01DD, 50 }, // U+01DD
    { 0x01DE, 11 }, // U+01DE
    { 0x01DF, 38 }, // U+01DF
    { 0x01E0, 11 }, // U+01E0
    { 0x01E1, 38 }, // U+01E1
    { 0x01E2, 15 }, // U+01E2
    { 0x01E4, 17 }, // U+01E4
    { 0x01E5, 43 }, // U+01E5
    { 0x01E6, 17 }, // U+01E6
    { 0x01E7, 43 }, // U+01E7
    { 0x01E8, 20 }, // U+01E8
    { 0x01E9, 47 }, // U+01E9
    { 0x01EA, 23 }, // U+01EA
    { 0x01EB, 50 }, // U+01EB
    { 0x01EC, 23 }, // U+01EC
    { 0x01ED, 50 }, // U+01ED
    { 0x01EE, 75 }, // U+01EE
    { 0x01EF, 76 }, // U+01EF
    { 0x01F0, 46 }, // U+01F0
    { 0x01F1, 34 }, // U+01F1
    { 0x01F2, 60 }, // U+01F2
    { 0x01F3, 60 }, // U+01F3
    { 0x01F4, 17 }, // U+01F4
    { 0x01F5, 43 }, // U+01F5
    { 0x01F6, 55 }, // U+01F6
    { 0x01F7, 77 }, // U+01F7
    { 0x01F8, 18 }, // U+01F8
    { 0x01F9, 49 }, // U+01F9
    { 0x01FA, 11 }, // U+01FA
    { 0x01FB, 38 }, // U+01FB
    { 0x01FC, 15 }, // U+01FC
    { 0x01FE, 23 }, // U+01FE
    { 0x01FF, 50 }, // U+01FF
    { 0x0200, 11 }, // U+0200
    { 0x0201, 38 }, // U+0201
    { 0x0202, 11 }, // U+0202
    { 0x0203, 38 }, // U+0203
    { 0x0204, 15 }, // U+0204
    { 0x0206, 15 }, // U+0206
    { 0x0208, 18 }, // U+0208
    { 0x0209, 45 }, // U+0209
    { 0x020A, 18 }, // U+020A
    { 0x020B, 45 }, // U+020B
    { 0x020C, 23 }, // U+020C
    { 0x020D, 50 }, // U+020D
    { 0x020E, 23 }, // U+020E
    { 0x020F, 50 }, // U+020F
    { 0x0210, 26 }, // U+0210
    { 0x0211, 52 }, // U+0211
    { 0x0212, 26 }, // U+0212
    { 0x0213, 52 }, // U+0213
    { 0x0214, 29 }, // U+0214
    { 0x0215, 55 }, // U+0215
    { 0x0216, 29 }, // U+0216
    { 0x0217, 55 }, // U+0217
    { 0x0218, 27 }, // U+0218
    { 0x0219, 53 }, // U+0219
    { 0x021A, 28 }, // U+021A
    { 0x021B, 54 }, // U+021B
    { 0x021C, 78 }, // U+021C
    { 0x021E, 18 }, // U+021E
    { 0x021F, 44 }, // U+021F
    { 0x0400, 79 }, // U+0400
    { 0x0401, 79 }, // U+0401
    { 0x0402, 80 }, // U+0402
    { 0x0403, 81 }, // U+0403
    { 0x0404, 82 }, // U+0404
    { 0x0405, 83 }, // U+0405
    { 0x0406, 18 }, // U+0406
    { 0x0407, 18 }, // U+0407
    { 0x0408, 84 }, // U+0408
    { 0x0409, 85 }, // U+0409
    { 0x040A, 85 }, // U+040A
    { 0x040B, 86 }, // U+040B
    { 0x040C, 87 }, // U+040C
    { 0x040D, 18 }, // U+040D
    { 0x040E, 88 }, // U+040E
    { 0x040F, 18 }, // U+040F
    { 0x0410, 89 }, // U+0410
    { 0x0411, 80 }, // U+0411
    { 0x0412, 90 }, // U+0412
    { 0x0413, 81 }, // U+0413
    { 0x0414, 91 }, // U+0414
    { 0x0415, 79 }, // U+0415
    { 0x0416, 92 }, // U+0416
    { 0x0417, 93 }, // U+0417
    { 0x0418, 18 }, // U+0418
    { 0x0419, 18 }, // U+0419
    { 0x041A, 87 }, // U+041A
    { 0x041C, 94 }, // U+041C
    { 0x041D, 18 }, // U+041D
    { 0x041E, 95 }, // U+041E
    { 0x041F, 18 }, // U+041F
    { 0x0420, 96 }, // U+0420
    { 0x0421, 82 }, // U+0421
    { 0x0422, 97 }, // U+0422
    { 0x0423, 88 }, // U+0423
    { 0x0424, 98 }, // U+0424
    { 0x0425, 99 }, // U+0425
    { 0x0426, 91 }, // U+0426
    { 0x0428, 18 }, // U+0428
    { 0x0429, 91 }, // U+0429
    { 0x042A, 85 }, // U+042A
    { 0x042B, 18 }, // U+042B
    { 0x042C, 85 }, // U+042C
    { 0x042D, 100 }, // U+042D
    { 0x042E, 95 }, // U+042E
    { 0x0430, 101 }, // U+0430
    { 0x0431, 102 }, // U+0431
    { 0x0432, 103 }, // U+0432
    { 0x0433, 104 }, // U+0433
    { 0x0434, 105 }, // U+0434
    { 0x0435, 106 }, // U+0435
    { 0x0436, 107 }, // U+0436
    { 0x0437, 108 }, // U+0437
    { 0x043A, 109 }, // U+043A
    { 0x043B, 110 }, // U+043B
    { 0x043C, 111 }, // U+043C
    { 0x043D, 112 }, // U+043D
    { 0x043E, 113 }, // U+043E
    { 0x043F, 112 }, // U+043F
    { 0x0440, 114 }, // U+0440
    { 0x0441, 115 }, // U+0441
    { 0x0442, 116 }, // U+0442
    { 0x0443, 117 }, // U+0443
    { 0x0444, 118 }, // U+0444
    { 0x0445, 119 }, // U+0445
    { 0x0446, 105 }, // U+0446
    { 0x0447, 112 }, // U+0447
    { 0x0448, 112 }, // U+0448
    { 0x0449, 105 }, // U+0449
    { 0x044A, 120 }, // U+044A
    { 0x044B, 112 }, // U+044B
    { 0x044C, 120 }, // U+044C
    { 0x044D, 121 }, // U+044D
    { 0x044E, 122 }, // U+044E
    { 0x044F, 123 }, // U+044F
    { 0x0450, 106 }, // U+0450
    { 0x0451, 106 }, // U+0451
    { 0x0452, 124 }, // U+0452
    { 0x0453, 104 }, // U+0453
    { 0x0454, 125 }, // U+0454
    { 0x0455, 126 }, // U+0455
    { 0x0456, 127 }, // U+0456
    { 0x0457, 127 }, // U+0457
    { 0x0458, 128 }, // U+0458
    { 0x0459, 120 }, // U+0459
    { 0x045A, 120 }, // U+045A
    { 0x045B, 129 }, // U+045B
    { 0x045C, 109 }, // U+045C
    { 0x045E, 117 }, // U+045E
    { 0x045F, 130 }, // U+045F
    { 0x0462, 80 }, // U+0462
    { 0x0463, 131 }, // U+0463
    { 0x0472, 95 }, // U+0472
    { 0x0473, 113 }, // U+0473
    { 0x0474, 132 }, // U+0474
    { 0x0475, 133 }, // U+0475
    { 0x048A, 91 }, // U+048A
    { 0x048B, 105 }, // U+048B
    { 0x048C, 85 }, // U+048C
    { 0x048D, 120 }, // U+048D
    { 0x048F, 114 }, // U+048F
    { 0x0490, 81 }, // U+0490
    { 0x0491, 104 }, // U+0491
    { 0x0492, 81 }, // U+0492
    { 0x0493, 104 }, // U+0493
    { 0x0494, 80 }, // U+0494
    { 0x0495, 134 }, // U+0495
    { 0x0496, 92 }, // U+0496
    { 0x0497, 107 }, // U+0497
    { 0x0498, 93 }, // U+0498
    { 0x0499, 108 }, // U+0499
    { 0x049A, 87 }, // U+049A
    { 0x049B, 109 }, // U+049B
    { 0x049C, 87 }, // U+049C
    { 0x049D, 109 }, // U+049D
    { 0x049E, 87 }, // U+049E
    { 0x049F, 109 }, // U+049F
    { 0x04A0, 87 }, // U+04A0
    { 0x04A1, 109 }, // U+04A1
    { 0x04A2, 91 }, // U+04A2
    { 0x04A3, 105 }, // U+04A3
    { 0x04A4, 97 }, // U+04A4
    { 0x04A5, 104 }, // U+04A5
    { 0x04A6, 85 }, // U+04A6
    { 0x04A7, 135 }, // U+04A7
    { 0x04A8, 136 }, // U+04A8
    { 0x04A9, 137 }, // U+04A9
    { 0x04AA, 82 }, // U+04AA
    { 0x04AB, 115 }, // U+04AB
    { 0x04AC, 97 }, // U+04AC
    { 0x04AD, 116 }, // U+04AD
    { 0x04AE, 138 }, // U+04AE
    { 0x04AF, 139 }, // U+04AF
    { 0x04B0, 138 }, // U+04B0
    { 0x04B1, 139 }, // U+04B1
    { 0x04B2, 99 }, // U+04B2
    { 0x04B3, 119 }, // U+04B3
    { 0x04B4, 91 }, // U+04B4
    { 0x04B5, 105 }, // U+04B5
    { 0x04B6, 91 }, // U+04B6
    { 0x04B7, 105 }, // U+04B7
    { 0x04BA, 140 }, // U+04BA
    { 0x04BB, 141 }, // U+04BB
    { 0x04BC, 142 }, // U+04BC
    { 0x04BE, 142 }, // U+04BE
    { 0x04C0, 18 }, // U+04C0
    { 0x04C1, 92 }, // U+04C1
    { 0x04C2, 107 }, // U+04C2
    { 0x04C3, 143 }, // U+04C3
    { 0x04C4, 144 }, // U+04C4
    { 0x04C6, 105 }, // U+04C6
    { 0x04C7, 84 }, // U+04C7
    { 0x04C8, 145 }, // U+04C8
    { 0x04C9, 91 }, // U+04C9
    { 0x04CA, 105 }, // U+04CA
    { 0x04CC, 112 }, // U+04CC
    { 0x04CD, 91 }, // U+04CD
    { 0x04CE, 105 }, // U+04CE
    { 0x04CF, 18 }, // U+04CF
    { 0x04D0, 89 }, // U+04D0
    { 0x04D1, 101 }, // U+04D1
    { 0x04D2, 89 }, // U+04D2
    { 0x04D3, 101 }, // U+04D3
    { 0x04D4, 146 }, // U+04D4
    { 0x04D5, 147 }, // U+04D5
    { 0x04D6, 79 }, // U+04D6
    { 0x04D7, 106 }, // U+04D7
    { 0x04D8, 148 }, // U+04D8
    { 0x04DA, 148 }, // U+04DA
    { 0x04DC, 92 }, // U+04DC
    { 0x04DD, 107 }, // U+04DD
    { 0x04DE, 93 }, // U+04DE
    { 0x04DF, 108 }, // U+04DF
    { 0x04E0, 149 }, // U+04E0
    { 0x04E1, 150 }, // U+04E1
    { 0x04E2, 18 }, // U+04E2
    { 0x04E4, 18 }, // U+04E4
    { 0x04E6, 95 }, // U+04E6
    { 0x04E7, 113 }, // U+04E7
    { 0x04E8, 95 }, // U+04E8
    { 0x04E9, 113 }, // U+04E9
    { 0x04EA, 95 }, // U+04EA
    { 0x04EB, 113 }, // U+04EB
    { 0x04EC, 100 }, // U+04EC
    { 0x04ED, 108 }, // U+04ED
    { 0x04EE, 88 }, // U+04EE
    { 0x04EF, 117 }, // U+04EF
    { 0x04F0, 88 }, // U+04F0
    { 0x04F1, 117 }, // U+04F1
    { 0x04F2, 88 }, // U+04F2
    { 0x04F3, 117 }, // U+04F3
    { 0x04F6, 81 }, // U+04F6
    { 0x04F7, 104 }, // U+04F7
    { 0x04F8, 18 }, // U+04F8
    { 0x04F9, 112 }, // U+04F9
    { 0x05D0, 151 }, // U+05D0
    { 0x05D1, 152 }, // U+05D1
    { 0x05D2, 153 }, // U+05D2
    { 0x05D3, 154 }, // U+05D3
    { 0x05D5, 155 }, // U+05D5
    { 0x05D6, 156 }, // U+05D6
    { 0x05D8, 157 }, // U+05D8
    { 0x05D9, 158 }, // U+05D9
    { 0x05DB, 159 }, // U+05DB
    { 0x05DC, 160 }, // U+05DC
    { 0x05DE, 161 }, // U+05DE
    { 0x05E0, 162 }, // U+05E0
    { 0x05E1, 163 }, // U+05E1
    { 0x05E2, 164 }, // U+05E2
    { 0x05E4, 165 }, // U+05E4
    { 0x05E6, 166 }, // U+05E6
    { 0x05E8, 167 }, // U+05E8
    { 0x05E9, 168 }, // U+05E9
    { 0x05EA, 169 }, // U+05EA
    { 0x1EF2, 33 }, // U+1EF2
    { 0x1EF3, 59 }, // U+1EF3
    { 0x2013, 7 }, // U+2013
    { 0x2014, 7 }, // U+2014
    { 0x2018, 170 }, // U+2018
    { 0x2019, 171 }, // U+2019
    { 0x201A, 172 }, // U+201A
    { 0x201C, 170 }, // U+201C
    { 0x201D, 171 }, // U+201D
    { 0x201E, 172 }, // U+201E
    { 0x2026, 6 }, // U+2026
    { 0x2039, 64 }, // U+2039
    { 0x203A, 65 }, // U+203A
    { 0xFB00, 42 }, // U+FB00
    { 0xFB01, 45 }, // U+FB01
    { 0xFB02, 48 }, // U+FB02
    { 0xFB03, 45 }, // U+FB03
    { 0xFB04, 48 }, // U+FB04
    { 0xFB8C, 173 }, // U+FB8C
    { 0xFEAD, 173 }, // U+FEAD
    { 0xFEAE, 173 }, // U+FEAE
    { 0xFEAF, 173 }, // U+FEAF
};

static const EpdKernClassEntry ubuntu_10_boldKernRightClasses[] = {
    { 0x0021, 1 }, // !
    { 0x0022, 2 }, // "
    { 0x0026, 3 }, // &
    { 0x0027, 2 }, // '
    { 0x0028, 4 }, // (
    { 0x0029, 5 }, // )
    { 0x002A, 6 }, // *
    { 0x002C, 7 }, // ,
    { 0x002D, 8 }, // -
    { 0x002E, 7 }, // .
    { 0x002F, 9 }, // /
    { 0x003A, 10 }, // :
    { 0x003B, 10 }, // ;
    { 0x003F, 11 }, // ?
    { 0x0040, 12 }, // @
    { 0x0041, 13 }, // A
    { 0x0042, 14 }, // B
    { 0x0043, 15 }, // C
    { 0x0044, 14 }, // D
    { 0x0045, 14 }, // E
    { 0x0046, 14 }, // F
    { 0x0047, 16 }, // G
    { 0x0048, 14 }, // H
    { 0x0049, 14 }, // I
    { 0x004A, 17 }, // J
    { 0x004B, 14 }, // K
    { 0x004C, 14 }, // L
    { 0x004D, 18 }, // M
    { 0x004E, 14 }, // N
    { 0x004F, 19 }, // O
    { 0x0050, 14 }, // P
    { 0x0051, 19 }, // Q
    { 0x0052, 14 }, // R
    { 0x0053, 20 }, // S
    { 0x0054, 21 }, // T
    { 0x0055, 22 }, // U
    { 0x0056, 23 }, // V
    { 0x0057, 24 }, // W
    { 0x0058, 25 }, // X
    { 0x0059, 26 }, // Y
    { 0x005A, 27 }, // Z
    { 0x005B, 28 }, // [
    { 0x005C, 29 }, // <backslash>
    { 0x005D, 30 }, // ]
    { 0x0061, 31 }, // a
    { 0x0062, 32 }, // b
    { 0x0063, 33 }, // c
    { 0x0064, 34 }, // d
    { 0x0065, 33 }, // e
    { 0x0066, 35 }, // f
    { 0x0067, 33 }, // g
    { 0x0068, 36 }, // h
    { 0x0069, 37 }, // i
    { 0x006A, 38 }, // j
    { 0x006B, 36 }, // k
    { 0x006C, 36 }, // l
    { 0x006D, 39 }, // m
    { 0x006E, 39 }, // n
    { 0x006F, 34 }, // o
    { 0x0070, 39 }, // p
    { 0x0071, 33 }, // q
    { 0x0072, 39 }, // r
    { 0x0073, 40 }, // s
    { 0x0074, 41 }, // t
    { 0x0075, 42 }, // u
    { 0x0076, 43 }, // v
    { 0x0077, 44 }, // w
    { 0x0078, 45 }, // x
    { 0x0079, 46 }, // y
    { 0x007A, 47 }, // z
    { 0x007B, 48 }, // {
    { 0x007D, 49 }, // }
    { 0x00AB, 50 }, // U+00AB
    { 0x00BB, 51 }, // U+00BB
    { 0x00C0, 13 }, // U+00C0
    { 0x00C1, 13 }, // U+00C1
    { 0x00C2, 13 }, // U+00C2
    { 0x00C3, 13 }, // U+00C3
    { 0x00C4, 13 }, // U+00C4
    { 0x00C5, 13 }, // U+00C5
    { 0x00C6, 52 }, // U+00C6
    { 0x00C7, 15 }, // U+00C7
    { 0x00C8, 14 }, // U+00C8
    { 0x00C9, 14 }, // U+00C9
    { 0x00CA, 14 }, // U+00CA
    { 0x00CB, 14 }, // U+00CB
    { 0x00CC, 14 }, // U+00CC
    { 0x00CD, 14 }, // U+00CD
    { 0x00CE, 14 }, // U+00CE
    { 0x00CF, 14 }, // U+00CF
    { 0x00D0, 14 }, // U+00D0
    { 0x00D1, 14 }, // U+00D1
    { 0x00D2, 19 }, // U+00D2
    { 0x00D3, 19 }, // U+00D3
    { 0x00D4, 19 }, // U+00D4
    { 0x00D5, 19 }, // U+00D5
    { 0x00D6, 19 }, // U+00D6
    { 0x00D8, 19 }, // U+00D8
    { 0x00D9, 22 }, // U+00D9
    { 0x00DA, 22 }, // U+00DA
    { 0x00DB, 22 }, // U+00DB
    { 0x00DC, 22 }, // U+00DC
    { 0x00DD, 26 }, // U+00DD
    { 0x00DF, 53 }, // U+00DF
    { 0x00E0, 31 }, // U+00E0
    { 0x00E1, 31 }, // U+00E1
    { 0x00E2, 31 }, // U+00E2
    { 0x00E3, 31 }, // U+00E3
    { 0x00E4, 54 }, // U+00E4
    { 0x00E5, 31 }, // U+00E5
    { 0x00E6, 31 }, // U+00E6
    { 0x00E7, 33 }, // U+00E7
    { 0x00E8, 33 }, // U+00E8
    { 0x00E9, 33 }, // U+00E9
    { 0x00EA, 33 }, // U+00EA
    { 0x00EB, 33 }, // U+00EB
    { 0x00EC, 55 }, // U+00EC
    { 0x00ED, 37 }, // U+00ED
    { 0x00EE, 56 }, // U+00EE
    { 0x00EF, 57 }, // U+00EF
    { 0x00F0, 58 }, // U+00F0
    { 0x00F1, 39 }, // U+00F1
    { 0x00F2, 34 }, // U+00F2
    { 0x00F3, 34 }, // U+00F3
    { 0x00F4, 34 }, // U+00F4
    { 0x00F5, 34 }, // U+00F5
    { 0x00F6, 34 }, // U+00F6
    { 0x00F8, 34 }, // U+00F8
    { 0x00F9, 42 }, // U+00F9
    { 0x00FA, 42 }, // U+00FA
    { 0x00FB, 42 }, // U+00FB
    { 0x00FC, 42 }, // U+00FC
    { 0x00FD, 46 }, // U+00FD
    { 0x00FF, 46 }, // U+00FF
    { 0x0100, 13 }, // U+0100
    { 0x0101, 31 }, // U+0101
    { 0x0102, 13 }, // U+0102
    { 0x0103, 31 }, // U+0103
    { 0x0104, 13 }, // U+0104
    { 0x0105, 31 }, // U+0105
    { 0x0106, 15 }, // U+0106
    { 0x0107, 33 }, // U+0107
    { 0x0108, 15 }, // U+0108
    { 0x0109, 33 }, // U+0109
    { 0x010A, 15 }, // U+010A
    { 0x010B, 33 }, // U+010B
    { 0x010C, 15 }, // U+010C
    { 0x010D, 33 }, // U+010D
    { 0x010E, 14 }, // U+010E
    { 0x010F, 34 }, // U+010F
    { 0x0111, 34 }, // U+0111
    { 0x0112, 14 }, // U+0112
    { 0x0113, 33 }, // U+0113
    { 0x0114, 14 }, // U+0114
    { 0x0115, 33 }, // U+0115
    { 0x0116, 14 }, // U+0116
    { 0x0117, 33 }, // U+0117
    { 0x0118, 14 }, // U+0118
    { 0x0119, 33 }, // U+0119
    { 0x011A, 14 }, // U+011A
    { 0x011B, 33 }, // U+011B
    { 0x011C, 16 }, // U+011C
    { 0x011D, 33 }, // U+011D
    { 0x011E, 16 }, // U+011E
    { 0x011F, 33 }, // U+011F
    { 0x0120, 16 }, // U+0120
    { 0x0121, 33 }, // U+0121
    { 0x0122, 16 }, // U+0122
    { 0x0123, 33 }, // U+0123
    { 0x0124, 14 }, // U+0124
    { 0x0125, 36 }, // U+0125
    { 0x0126, 14 }, // U+0126
    { 0x0127, 36 }, // U+0127
    { 0x0128, 14 }, // U+0128
    { 0x0129, 59 }, // U+0129
    { 0x012A, 14 }, // U+012A
    { 0x012B, 60 }, // U+012B
    { 0x012C, 14 }, // U+012C
    { 0x012D, 61 }, // U+012D
    { 0x012E, 14 }, // U+012E
    { 0x012F, 37 }, // U+012F
    { 0x0130, 14 }, // U+0130
    { 0x0131, 37 }, // U+0131
    { 0x0132, 14 }, // U+0132
    { 0x0133, 37 }, // U+0133
    { 0x0134, 17 }, // U+0134
    { 0x0135, 38 }, // U+0135
    { 0x0136, 14 }, // U+0136
    { 0x0137, 36 }, // U+0137
    { 0x0139, 14 }, // U+0139
    { 0x013A, 36 }, // U+013A
    { 0x013B, 14 }, // U+013B
    { 0x013C, 36 }, // U+013C
    { 0x013D, 14 }, // U+013D
    { 0x013E, 36 }, // U+013E
    { 0x013F, 14 }, // U+013F
    { 0x0140, 36 }, // U+0140
    { 0x0141, 14 }, // U+0141
    { 0x0142, 36 }, // U+0142
    { 0x0143, 14 }, // U+0143
    { 0x0144, 39 }, // U+0144
    { 0x0145, 14 }, // U+0145
    { 0x0146, 39 }, // U+0146
    { 0x0147, 14 }, // U+0147
    { 0x0148, 39 }, // U+0148
    { 0x0149, 39 }, // U+0149
    { 0x014A, 62 }, // U+014A
    { 0x014B, 63 }, // U+014B
    { 0x014C, 19 }, // U+014C
    { 0x014D, 34 }, // U+014D
    { 0x014E, 19 }, // U+014E
    { 0x014F, 34 }, // U+014F
    { 0x0150, 19 }, // U+0150
    { 0x0151, 34 }, // U+0151
    { 0x0152, 19 }, // U+0152
    { 0x0153, 34 }, // U+0153
    { 0x0154, 14 }, // U+0154
    { 0x0155, 39 }, // U+0155
    { 0x0156, 14 }, // U+0156
    { 0x0157, 39 }, // U+0157
    { 0x0158, 14 }, // U+0158
    { 0x0159, 39 }, // U+0159
    { 0x015A, 20 }, // U+015A
    { 0x015B, 40 }, // U+015B
    { 0x015C, 20 }, // U+015C
    { 0x015D, 40 }, // U+015D
    { 0x015E, 20 }, // U+015E
    { 0x015F, 40 }, // U+015F
    { 0x0160, 20 }, // U+0160
    { 0x0161, 40 }, // U+0161
    { 0x0162, 21 }, // U+0162
    { 0x0163, 41 }, // U+0163
    { 0x0164, 21 }, // U+0164
    { 0x0165, 41 }, // U+0165
    { 0x0166, 21 }, // U+0166
    { 0x0167, 41 }, // U+0167
    { 0x0168, 22 }, // U+0168
    { 0x0169, 42 }, // U+0169
    { 0x016A, 22 }, // U+016A
    { 0x016B, 42 }, // U+016B
    { 0x016C, 22 }, // U+016C
    { 0x016D, 42 }, // U+016D
    { 0x016E, 22 }, // U+016E
    { 0x016F, 42 }, // U+016F
    { 0x0170, 22 }, // U+0170
    { 0x0171, 42 }, // U+0171
    { 0x0172, 22 }, // U+0172
    { 0x0173, 42 }, // U+0173
    { 0x0174, 24 }, // U+0174
    { 0x0175, 44 }, // U+0175
    { 0x0176, 26 }, // U+0176
    { 0x0177, 46 }, // U+0177
    { 0x0178, 26 }, // U+0178
    { 0x0179, 27 }, // U+0179
    { 0x017A, 47 }, // U+017A
    { 0x017B, 27 }, // U+017B
    { 0x017C, 47 }, // U+017C
    { 0x017D, 27 }, // U+017D
    { 0x017E, 47 }, // U+017E
    { 0x017F, 35 }, // U+017F
    { 0x01A0, 19 }, // U+01A0
    { 0x01A1, 34 }, // U+01A1
    { 0x01AF, 22 }, // U+01AF
    { 0x01B0, 42 }, // U+01B0
    { 0x01C4, 14 }, // U+01C4
    { 0x01C5, 14 }, // U+01C5
    { 0x01C6, 34 }, // U+01C6
    { 0x01C7, 14 }, // U+01C7
    { 0x01C8, 14 }, // U+01C8
    { 0x01C9, 36 }, // U+01C9
    { 0x01CA, 14 }, // U+01CA
    { 0x01CB, 14 }, // U+01CB
    { 0x01CC, 39 }, // U+01CC
    { 0x01CD, 13 }, // U+01CD
    { 0x01CE, 31 }, // U+01CE
    { 0x01CF, 14 }, // U+01CF
    { 0x01D0, 37 }, // U+01D0
    { 0x01D1, 19 }, // U+01D1
    { 0x01D2, 34 }, // U+01D2
    { 0x01D3, 22 }, // U+01D3
    { 0x01D4, 42 }, // U+01D4
    { 0x01D5, 22 }, // U+01D5
    { 0x01D6, 42 }, // U+01D6
    { 0x01D7, 22 }, // U+01D7
    { 0x01D8, 42 }, // U+01D8
    { 0x01D9, 22 }, // U+01D9
    { 0x01DA, 42 }, // U+01DA
    { 0x01DB, 22 }, // U+01DB
    { 0x01DC, 42 }, // U+01DC
    { 0x01DD, 64 }, // U+01DD
    { 0x01DE, 13 }, // U+01DE
    { 0x01DF, 31 }, // U+01DF
    { 0x01E0, 13 }, // U+01E0
    { 0x01E1, 31 }, // U+01E1
    { 0x01E2, 52 }, // U+01E2
    { 0x01E3, 31 }, // U+01E3
    { 0x01E4, 16 }, // U+01E4
    { 0x01E5, 33 }, // U+01E5
    { 0x01E6, 16 }, // U+01E6
    { 0x01E7, 33 }, // U+01E7
    { 0x01E8, 14 }, // U+01E8
    { 0x01E9, 36 }, // U+01E9
    { 0x01EA, 19 }, // U+01EA
    { 0x01EB, 34 }, // U+01EB
    { 0x01EC, 19 }, // U+01EC
    { 0x01ED, 34 }, // U+01ED
    { 0x01EE, 65 }, // U+01EE
    { 0x01F0, 38 }, // U+01F0
    { 0x01F1, 14 }, // U+01F1
    { 0x01F2, 14 }, // U+01F2
    { 0x01F3, 34 }, // U+01F3
    { 0x01F4, 16 }, // U+01F4
    { 0x01F5, 33 }, // U+01F5
    { 0x01F8, 14 }, // U+01F8
    { 0x01F9, 39 }, // U+01F9
    { 0x01FA, 13 }, // U+01FA
    { 0x01FB, 31 }, // U+01FB
    { 0x01FC, 52 }, // U+01FC
    { 0x01FD, 31 }, // U+01FD
    { 0x01FE, 19 }, // U+01FE
    { 0x01FF, 34 }, // U+01FF
    { 0x0200, 13 }, // U+0200
    { 0x0201, 31 }, // U+0201
    { 0x0202, 13 }, // U+0202
    { 0x0203, 31 }, // U+0203
    { 0x0204, 14 }, // U+0204
    { 0x0205, 33 }, // U+0205
    { 0x0206, 14 }, // U+0206
    { 0x0207, 33 }, // U+0207
    { 0x0208, 14 }, // U+0208
    { 0x0209, 37 }, // U+0209
    { 0x020A, 14 }, // U+020A
    { 0x020B, 37 }, // U+020B
    { 0x020C, 19 }, // U+020C
    { 0x020D, 34 }, // U+020D
    { 0x020E, 19 }, // U+020E
    { 0x020F, 34 }, // U+020F
    { 0x0210, 14 }, // U+0210
    { 0x0211, 39 }, // U+0211
    { 0x0212, 14 }, // U+0212
    { 0x0213, 39 }, // U+0213
    { 0x0214, 22 }, // U+0214
    { 0x0215, 42 }, // U+0215
    { 0x0216, 22 }, // U+0216
    { 0x0217, 42 }, // U+0217
    { 0x0218, 20 }, // U+0218
    { 0x0219, 40 }, // U+0219
    { 0x021A, 21 }, // U+021A
    { 0x021B, 41 }, // U+021B
    { 0x021C, 66 }, // U+021C
    { 0x021D, 67 }, // U+021D
    { 0x021E, 14 }, // U+021E
    { 0x021F, 36 }, // U+021F
    { 0x0402, 68 }, // U+0402
    { 0x0404, 69 }, // U+0404
    { 0x0405, 70 }, // U+0405
    { 0x0408, 71 }, // U+0408
    { 0x0409, 72 }, // U+0409
    { 0x040B, 68 }, // U+040B
    { 0x040E, 73 }, // U+040E
    { 0x0410, 74 }, // U+0410
    { 0x0414, 75 }, // U+0414
    { 0x0416, 76 }, // U+0416
    { 0x0417, 77 }, // U+0417
    { 0x041B, 72 }, // U+041B
    { 0x041C, 78 }, // U+041C
    { 0x041E, 79 }, // U+041E
    { 0x0421, 69 }, // U+0421
    { 0x0422, 68 }, // U+0422
    { 0x0423, 73 }, // U+0423
    { 0x0424, 80 }, // U+0424
    { 0x0425, 81 }, // U+0425
    { 0x0427, 82 }, // U+0427
    { 0x042D, 83 }, // U+042D
    { 0x042F, 84 }, // U+042F
    { 0x0430, 85 }, // U+0430
    { 0x0431, 86 }, // U+0431
    { 0x0432, 87 }, // U+0432
    { 0x0433, 88 }, // U+0433
    { 0x0434, 89 }, // U+0434
    { 0x0435, 90 }, // U+0435
    { 0x0436, 91 }, // U+0436
    { 0x0437, 92 }, // U+0437
    { 0x0438, 88 }, // U+0438
    { 0x0439, 88 }, // U+0439
    { 0x043A, 88 }, // U+043A
    { 0x043B, 93 }, // U+043B
    { 0x043C, 94 }, // U+043C
    { 0x043D, 88 }, // U+043D
    { 0x043E, 95 }, // U+043E
    { 0x043F, 88 }, // U+043F
    { 0x0440, 96 }, // U+0440
    { 0x0441, 97 }, // U+0441
    { 0x0442, 98 }, // U+0442
    { 0x0443, 99 }, // U+0443
    { 0x0444, 100 }, // U+0444
    { 0x0445, 101 }, // U+0445
    { 0x0446, 88 }, // U+0446
    { 0x0447, 102 }, // U+0447
    { 0x0448, 88 }, // U+0448
    { 0x0449, 103 }, // U+0449
    { 0x044A, 104 }, // U+044A
    { 0x044B, 88 }, // U+044B
    { 0x044C, 88 }, // U+044C
    { 0x044D, 105 }, // U+044D
    { 0x044E, 106 }, // U+044E
    { 0x044F, 107 }, // U+044F
    { 0x0450, 90 }, // U+0450
    { 0x0451, 90 }, // U+0451
    { 0x0452, 108 }, // U+0452
    { 0x0453, 88 }, // U+0453
    { 0x0454, 109 }, // U+0454
    { 0x0455, 110 }, // U+0455
    { 0x0456, 111 }, // U+0456
    { 0x0457, 112 }, // U+0457
    { 0x0458, 113 }, // U+0458
    { 0x0459, 93 }, // U+0459
    { 0x045A, 88 }, // U+045A
    { 0x045B, 114 }, // U+045B
    { 0x045C, 88 }, // U+045C
    { 0x045D, 88 }, // U+045D
    { 0x045E, 99 }, // U+045E
    { 0x045F, 103 }, // U+045F
    { 0x0462, 68 }, // U+0462
    { 0x0463, 115 }, // U+0463
    { 0x0472, 79 }, // U+0472
    { 0x0473, 95 }, // U+0473
    { 0x0475, 99 }, // U+0475
    { 0x048B, 88 }, // U+048B
    { 0x048D, 116 }, // U+048D
    { 0x048F, 96 }, // U+048F
    { 0x0491, 88 }, // U+0491
    { 0x0493, 88 }, // U+0493
    { 0x0495, 88 }, // U+0495
    { 0x0496, 76 }, // U+0496
    { 0x0497, 91 }, // U+0497
    { 0x0498, 77 }, // U+0498
    { 0x0499, 92 }, // U+0499
    { 0x049B, 88 }, // U+049B
    { 0x049D, 88 }, // U+049D
    { 0x049F, 88 }, // U+049F
    { 0x04A1, 88 }, // U+04A1
    { 0x04A3, 88 }, // U+04A3
    { 0x04A5, 88 }, // U+04A5
    { 0x04A7, 88 }, // U+04A7
    { 0x04A8, 117 }, // U+04A8
    { 0x04A9, 118 }, // U+04A9
    { 0x04AA, 69 }, // U+04AA
    { 0x04AB, 97 }, // U+04AB
    { 0x04AC, 68 }, // U+04AC
    { 0x04AD, 98 }, // U+04AD
    { 0x04AE, 119 }, // U+04AE
    { 0x04AF, 120 }, // U+04AF
    { 0x04B0, 119 }, // U+04B0
    { 0x04B1, 120 }, // U+04B1
    { 0x04B2, 81 }, // U+04B2
    { 0x04B3, 101 }, // U+04B3
    { 0x04B4, 68 }, // U+04B4
    { 0x04B5, 98 }, // U+04B5
    { 0x04B6, 82 }, // U+04B6
    { 0x04B7, 102 }, // U+04B7
    { 0x04B8, 82 }, // U+04B8
    { 0x04B9, 102 }, // U+04B9
    { 0x04BB, 121 }, // U+04BB
    { 0x04BC, 122 }, // U+04BC
    { 0x04BD, 123 }, // U+04BD
    { 0x04BE, 122 }, // U+04BE
    { 0x04BF, 123 }, // U+04BF
    { 0x04C1, 76 }, // U+04C1
    { 0x04C2, 91 }, // U+04C2
    { 0x04C4, 88 }, // U+04C4
    { 0x04C5, 72 }, // U+04C5
    { 0x04C6, 93 }, // U+04C6
    { 0x04C8, 88 }, // U+04C8
    { 0x04CA, 88 }, // U+04CA
    { 0x04CB, 82 }, // U+04CB
    { 0x04CC, 102 }, // U+04CC
    { 0x04CE, 94 }, // U+04CE
    { 0x04D0, 74 }, // U+04D0
    { 0x04D1, 85 }, // U+04D1
    { 0x04D2, 74 }, // U+04D2
    { 0x04D3, 85 }, // U+04D3
    { 0x04D4, 124 }, // U+04D4
    { 0x04D5, 125 }, // U+04D5
    { 0x04D7, 90 }, // U+04D7
    { 0x04D8, 126 }, // U+04D8
    { 0x04D9, 127 }, // U+04D9
    { 0x04DA, 126 }, // U+04DA
    { 0x04DB, 127 }, // U+04DB
    { 0x04DC, 76 }, // U+04DC
    { 0x04DD, 91 }, // U+04DD
    { 0x04DE, 77 }, // U+04DE
    { 0x04DF, 92 }, // U+04DF
    { 0x04E0, 128 }, // U+04E0
    { 0x04E1, 129 }, // U+04E1
    { 0x04E3, 88 }, // U+04E3
    { 0x04E5, 88 }, // U+04E5
    { 0x04E6, 79 }, // U+04E6
    { 0x04E7, 95 }, // U+04E7
    { 0x04E8, 79 }, // U+04E8
    { 0x04E9, 95 }, // U+04E9
    { 0x04EA, 79 }, // U+04EA
    { 0x04EB, 95 }, // U+04EB
    { 0x04EC, 83 }, // U+04EC
    { 0x04ED, 92 }, // U+04ED
    { 0x04EE, 73 }, // U+04EE
    { 0x04EF, 99 }, // U+04EF
    { 0x04F0, 73 }, // U+04F0
    { 0x04F1, 99 }, // U+04F1
    { 0x04F2, 73 }, // U+04F2
    { 0x04F3, 99 }, // U+04F3
    { 0x04F4, 82 }, // U+04F4
    { 0x04F5, 102 }, // U+04F5
    { 0x04F7, 88 }, // U+04F7
    { 0x04F9, 88 }, // U+04F9
    { 0x05D0, 130 }, // U+05D0
    { 0x05D1, 131 }, // U+05D1
    { 0x05D2, 132 }, // U+05D2
    { 0x05D3, 133 }, // U+05D3
    { 0x05D4, 134 }, // U+05D4
    { 0x05D6, 135 }, // U+05D6
    { 0x05D7, 136 }, // U+05D7
    { 0x05D8, 137 }, // U+05D8
    { 0x05D9, 138 }, // U+05D9
    { 0x05DA, 139 }, // U+05DA
    { 0x05DB, 140 }, // U+05DB
    { 0x05DC, 141 }, // U+05DC
    { 0x05DD, 142 }, // U+05DD
    { 0x05DE, 143 }, // U+05DE
    { 0x05E1, 144 }, // U+05E1
    { 0x05E2, 145 }, // U+05E2
    { 0x05E3, 146 }, // U+05E3
    { 0x05E4, 147 }, // U+05E4
    { 0x05E5, 148 }, // U+05E5
    { 0x05E7, 149 }, // U+05E7
    { 0x05E8, 150 }, // U+05E8
    { 0x05E9, 151 }, // U+05E9
    { 0x05EA, 152 }, // U+05EA
    { 0x1EF2, 26 }, // U+1EF2
    { 0x1EF3, 46 }, // U+1EF3
    { 0x2013, 8 }, // U+2013
    { 0x2014, 8 }, // U+2014
    { 0x2018, 153 }, // U+2018
    { 0x2019, 154 }, // U+2019
    { 0x201A, 155 }, // U+201A
    { 0x201C, 153 }, // U+201C
    { 0x201D, 154 }, // U+201D
    { 0x201E, 155 }, // U+201E
    { 0x2026, 7 }, // U+2026
    { 0x2039, 50 }, // U+2039
    { 0x203A, 51 }, // U+203A
    { 0xFB00, 35 }, // U+FB00
    { 0xFB01, 35 }, // U+FB01
    { 0xFB02, 35 }, // U+FB02
    { 0xFB03, 35 }, // U+FB03
    { 0xFB04, 35 }, // U+FB04
    { 0xFB8E, 156 }, // U+FB8E
    { 0xFBA6, 156 }, // U+FBA6
    { 0xFBAA, 156 }, // U+FBAA
    { 0xFE8D, 157 }, // U+FE8D
    { 0xFEA3, 156 }, // U+FEA3
    { 0xFEA9, 158 }, // U+FEA9
    { 0xFEB1, 158 }, // U+FEB1
    { 0xFEB3, 158 }, // U+FEB3
    { 0xFEB9, 158 }, // U+FEB9
    { 0xFEBB, 158 }, // U+FEBB
    { 0xFEC1, 158 }, // U+FEC1
    { 0xFEC3, 158 }, // U+FEC3
    { 0xFEC9, 159 }, // U+FEC9
    { 0xFECB, 157 }, // U+FECB
    { 0xFECD, 159 }, // U+FECD
    { 0xFEDB, 156 }, // U+FEDB
    { 0xFEDF, 157 }, // U+FEDF
    { 0xFEE1, 156 }, // U+FEE1
    { 0xFEE3, 156 }, // U+FEE3
    { 0xFEE9, 156 }, // U+FEE9
    { 0xFEEB, 156 }, // U+FEEB
};

static const int8_t ubuntu_10_boldKernMatrix[] = {
       0,    0,    0,    0,    0,    0,    0,    0,    0,    0,    0,    0,  -17,    0,    0,    0,  -29,    0,    0,    0,    0,    0,    6,    6,    0,    0,    0,    0,    0,    0,    0,    0,    0,    0,    0,    0,    0,    0,    0,    0,    0,    0,    0,    0,    0,    0,    0,    0,    0,    0,    0,  -36,    0,    0,    0,    0,    0,    0,    0,    0,    0,    0,    0,    0,    0,    0,    0,    6,    0,    0,  -32,  -21,    0,  -19,  -19,    0,    0,    0,    0,   -5,    0,    4,    0,    0,   -5,    0,    0,    0,  -14,  -10,    0,    0,  -15,   -5,  -10,    0,  -11,    0,    0,  -16,    0,    0,    0,    0,    0,    0,   -6,    4,   -8,   -5,    0,    0,    0,    4,    0,    0,    0,  -10,    0,    0,    0,    0,    0,  -33,   -5,    0,   -4,    0,    0,    0,    0,    0,    0,    0,    0,    0,    0,    0,    0,    0,    0,    0,    0,    0,    0,    0,    0,    0,    0,    0,    0,    0,    0,    0,    0,    0,    0,    0,    0,
       0,    0,    0,    0,    0,    0,    0,    0,    0,    0,    0,    0,   10,    0,   -7,   -7,    7,    0,   -7,    0,  -27,    0,  -23,  -13,    3,  -33,    0,    0,    0,    0,   -7,    0,   -7,   -7,    0,    0,    0,    0,    0,    0,    0,    0,  -12,  -10,    3,  -12,    0,    0,    0,    0,    0,    0,    0,   -7,    0,    0,    0,    0,    0,    0,    0,    0,    0,    0,    0,    0,    0,    0,    0,    0,    0,    0,    0,    0,    0,    0,    0,    0,    0,    0,    0,    0,    0,    0,    0,    0,    0,    0,    0,    0,    0,    0,    0,    0,    0,    0,    0,    0,    0,    0,    0,    0,    0,    0,    0,    0,    0,    0,    0,    0,    0,    0,    0,    0,    0,    0,    0,    0,    0,    0,    0,    0,    0,    0,    0,    0,    0,    0,    0,    0,    0,    0,    0,    0,    0,    0,    0,    0,    0,    0,    0,    0,    0,    0,    0,    0,    0,    0,    0,    0,    0,    0,    0,    0,    0,    0,    0,    0,    0,
       0,    0,    0,  -10,   27,   -7,    0,   -3,    0,    0,    0,  -10,    0,    0,   -7,   -7,    0,    0,   -7,    0,    8,    0,   10,    9,    9,   11,    3,    0,    0,    0,   -8,    0,  -10,  -10,   -4,    0,    4,   28,   -7,   -6,    0,   -8,   -3,   -3,    0,   10,    0,    0,    0,    0,    0,    0,   -5,   -8,    4,    4,    4,  -10,    4,    4,    4,    0,    0,    0,    0,    0,    0,    8,   -7,   -4,    0,    0,    6,    0,    7,    7,    0,    0,   -7,  -10,    9,    0,    0,    0,   -8,   -4,   -5,   -5,    7,   -8,    0,    0,    0,   -3,  -10,    0,   -8,    0,   10,  -12,    0,   -7,   -5,    0,    0,   -5,    0,    6,   -6,   -6,    4,    4,   28,    6,    0,    0,  -11,  -10,    8,    0,    0,    0,   -5,    4,   -6,   -4,   -6,    0,    4,    0,    0,    0,    0,    0,    0,    0,    0,    0,    0,    0,    0,    0,    0,    0,    0,    0,    0,    0,    0,    0,    0,    0,    0,    0,    0,    0,    0,    0,    0,
       0,    0,    0,   -8,    0,   -6,    0,    7,    0,    0,    0,   -4,   -7,    0,    0,    0,   -4,    0,    0,    0,   -6,    0,  -11,   -4,   -7,  -13,   -4,    0,    0,    0,    0,    0,    0,    0,    0,    0,    0,    0,    0,    0,    0,    0,    0,    0,   -5,    0,    0,    0,    0,    0,    0,   -7,    0,    0,    0,    0,    0,    0,    0,    0,    0,   -7,    0,    0,    0,    0,    0,   -6,    0,   -5,   -4,    0,   -7,   -7,    0,   -5,   -5,    0,    0,    0,   -7,    0,   -7,   -7,    0,    0,    0,    0,    0,    0,    0,    0,    0,    0,    0,    0,    0,    0,    0,    0,   -5,    0,    0,    0,    0,    0,    0,   -6,    0,    0,    0,    0,    0,    0,    0,    0,    0,    0,  -11,    0,    0,    0,    0,    0,    0,    0,    0,   -6,   -6,    0,    0,    0,    0,    0,    0,    0,    0,    0,    0,    0,    0,    0,    0,    0,    0,    0,    0,    0,    0,    0,    0,    0,    0,    0,    0,    0,    0,    0,    0,
       0,    0,    0,    0,    0,    0,    0,    0,    0,    0,    0,   -6,  -27,    0,    0,    0,  -35,   -3,    0,    0,    0,    0,    0,    0,   -7,   -3,    0,    0,    0,    0,   -6,    0,  -10,  -10,    0,    0,    0,   -3,    0,   -3,    0,    0,    5,    5,    4,    5,    0,    0,    0,    0,    0,  -46,    0,   -6,    0,    0,    0,  -16,    0,    0,    0,   -4,    0,    0,    0,    0,    0,    0,    0,    0,  -35,  -25,   -4,  -27,  -24,   -6,   -5,   -3,    0,    0,   -7,    0,   -5,    0,   -6,    0,    0,    0,  -15,   -5,    0,    0,  -15,   -5,  -10,    0,   -5,    0,    0,   -6,    4,    0,    0,    0,    0,    0,   -4,    0,   -3,   -3,    0,    0,   -3,    0,    0,    0,    0,   -5,    0,    0,    0,    0,    0,  -24,   -4,   -4,    0,   -4,    0,    0,    0,    0,    0,    0,    0,    0,    0,    0,    0,    0,    0,    0,    0,    0,    0,    0,    0,    0,    0,    0,    0,    0,    0,    0,    0,    0,    0,    0,    0,
       0,    0,    0,    0,    0,    0,    0,    0,    0,    0,    0,    0,   10,    0,  -13,  -13,   13,    0,  -13,    4,  -27,  -10,  -27,  -14,    8,  -32,    7,    0,    0,    0,  -10,    0,  -10,  -10,    0,    0,    0,    0,    0,    0,    0,    0,  -19,  -18,    7,  -19,    6,    0,    0,    0,    0,    8,    0,  -10,    0,    0,    0,   -7,    0,    0,    0,    0,    0,    0,    0,    0,    0,  -27,   -5,    4,   13,    8,    0,   10,    9,    4,    5,    0,  -13,  -13,    8,  -25,    0,    0,    0,    0,    0,    0,    9,    0,    0,    5,    9,    0,  -10,    0,    0,  -12,  -10,    0,    7,  -15,    0,   -6,    5,    0,    0,    0,    0,    0,    0,    0,    0,    0,   -5,    0,   -6,    0,  -21,  -11,    0,  -28,  -16,   10,    0,   -3,    0,    4,  -14,    0,    0,    0,    0,    0,    0,    0,    0,    0,    0,    0,    0,    0,    0,    0,    0,    0,    0,    0,    0,    0,    0,    0,    0,    0,    0,    0,    0,    0,    0,
       0,    0,    0,    0,    0,    0,    0,    0,    0,    0,    0,    0,    0,    0,    7,    7,   -5,    0,    7,    0,  -18,    0,  -10,    0,  -11,  -22,   -3,    0,    0,    0,    5,    0,    4,    4,    7,    0,    0,    0,    0,    0,    0,    0,    0,    3,   -7,    0,    0,    0,    0,    0,    0,  -15,    0,    5,    0,    0,    0,    4,    0,    0,    0,    6,    0,    0,    0,    0,    0,  -18,    7,   -3,   -5,    0,   -8,    0,    0,  -10,    0,    0,    7,    6,  -11,    0,   -5,    0,    5,    8,    4,    4,    0,    8,   -8,    0,    0,    0,    4,    4,    8,    0,    0,    8,   -7,    7,    4,    0,    0,    4,    4,    0,   10,    0,    4,    4,    4,    0,    0,    5,    7,    8,  -15,    0,    4,    0,    9,    0,    0,    7,    8,   -5,    0,    0,    0,    0,    0,    0,    0,    0,    0,    0,    0,    0,    0,    0,    0,    0,    0,    0,    0,    0,    0,    0,    0,    0,    0,    0,    0,    0,    0,    0,    0,
       0,    0,    0,    0,    0,    0,    0,    0,    0,    0,    0,  -12,  -22,    0,   -8,   -8,  -24,    0,   -8,    0,   14,    0,   16,   14,   11,   17,    6,    0,    0,    0,  -13,    6,  -19,  -19,    0,    6,    5,    5,  -11,  -10,    0,   -6,    0,    0,    0,    0,   -3,    0,    0,    0,    0,  -40,    0,  -13,    5,    5,    5,  -16,    5,    5,    5,    0,    0,    0,    0,    0,    0,   14,   -6,    0,  -24,  -18,    7,  -22,  -17,    9,    0,    0,   -8,   -6,   11,    4,    0,   -6,  -13,   -4,   -5,   -5,  -15,  -11,    0,    0,  -15,   -9,  -19,   -5,  -11,    0,    0,  -12,    0,    0,   -5,    0,    0,   -4,   -9,    8,   -9,  -10,    5,    5,    5,    8,    0,    0,   -6,  -11,   10,    0,    0,    0,    0,  -18,   -7,    0,   -6,    0,   -3,    0,    0,    0,    0,    0,    0,    0,    0,    0,    0,    0,    0,    0,    0,    0,    0,    0,    0,    0,    0,    0,    0,    0,    0,    0,    0,    0,    0,    0,    0,
       0,    0,    0,    0,    0,    0,    0,    0,    0,    0,    0,    0,    6,    0,    0,    0,    8,    0,    0,    0,  -21,    0,   -4,    0,    5,  -13,    4,    0,    0,    0,    0,    0,    0,    0,    0,    0,    0,    0,    0,    0,    0,    0,    5,    5,    4,    5,    3,    0,    0,    0,    0,    5,    0,    0,    0,    0,    0,    0,    0,    0,    0,    0,    0,    0,    0,    0,    0,  -21,    0,    0,    8,    0,    0,    6,    0,    0,    0,    0,    0,    0,    5,    0,    0,    0,    0,    0,    0,    0,    0,    0,    0,    0,    5,    0,    0,    0,    0,    0,    0,    0,    4,    0,    0,    0,    0,    0,    0,    0,    0,    0,    0,    0,    0,    0,    5,    5,    0,    0,   -7,    0,    0,    5,    5,    7,    0,    0,    0,    0,    0,    0,    0,    0,    0,    0,    0,    0,    0,    0,    0,    0,    0,    0,    0,    0,    0,    0,    0,    0,    0,    0,    0,    0,    0,    0,    0,    0,    0,    0,    0,
       0,    0,    0,    0,    0,    0,    0,    0,    0,    0,    0,    0,   -7,    0,    0,    0,   -6,    0,    0,    0,  -12,    0,  -10,   -4,   -8,  -14,   -4,    0,    0,    0,    0,    0,    0,    0,    0,    0,    0,    0,    0,    0,    0,    0,    0,    0,   -3,    0,    0,    0,    0,    0,    0,  -18,    0,    0,    0,    0,    0,    0,    0,    0,    0,   -5,    0,    0,    0,    0,    0,  -12,    0,   -4,   -6,    0,   -8,   -7,    0,  -11,   -6,    0,    0,    0,   -8,    0,   -9,   -6,    0,    0,    0,    0,    0,    0,    0,    0,    0,    0,    0,    0,    0,    0,    0,    0,   -3,    0,    0,    0,    0,    0,    0,   -5,    0,    0,    0,    0,    0,    0,    0,    0,    0,    0,  -12,    0,    0,    0,    0,   -6,    0,    0,    0,   -6,    0,    0,    0,    0,    0,    0,    0,    0,    0,    0,    0,    0,    0,    0,    0,    0,    0,    0,    0,    0,    0,    0,    0,    0,    0,    0,    0,    0,    0,    0,    0,
       0,  -17,    0,   -6,    0,  -27,   10,    0,    8,    6,  -11,    0,   12,    0,   -8,   -8,   11,    0,   -8,    6,  -27,   -7,  -22,  -13,   12,  -33,    8,    0,  -27,   -9,   -4,    0,   -4,   -4,    0,    0,    0,    0,    0,    3,    0,    0,  -12,   -9,    8,  -12,    5,   -3,    0,   -5,    4,    7,    0,   -4,    0,    0,    0,   -5,    0,    0,    0,    0,    0,    0,    0,  -15,    0,    0,    0,    0,    0,    0,    0,    0,    0,    0,    0,    0,    0,    0,    0,    0,    0,    0,    0,    0,    0,    0,    0,    0,    0,    0,    0,    0,    0,    0,    0,    0,    0,    0,    0,    0,    0,    0,    0,    0,    0,    0,    0,    0,    0,    0,    0,    0,    0,    0,    0,    0,    0,    0,    0,    0,    0,    0,    0,    0,    0,    0,    0,    0,    0,    0,    0,    0,    0,    0,    0,    0,    0,    0,    0,    0,    0,    0,    0,    0,    0,    0,    0,    0,    0,    0,  -25,  -22,   14,    0,    0,    0,    0,
       0,    0,    0,    0,   -4,   -4,    0,    4,  -10,    4,   -7,    0,   -3,    0,    0,    0,    0,    0,    0,    0,   -6,    0,  -10,   -3,   -7,  -11,    0,    0,   -7,   -8,    0,    0,    0,    0,    0,    0,    0,    0,    0,    0,    0,    0,   -3,    0,   -3,   -3,   -3,    0,   -3,    3,    4,   -9,    0,    0,    0,    0,    0,    0,    0,    0,    0,    0,    0,    0,    0,   -5,    0,    0,    0,    0,    0,    0,    0,    0,    0,    0,    0,    0,    0,    0,    0,    0,    0,    0,    0,    0,    0,    0,    0,    0,    0,    0,    0,    0,    0,    0,    0,    0,    0,    0,    0,    0,    0,    0,    0,    0,    0,    0,    0,    0,    0,    0,    0,    0,    0,    0,    0,    0,    0,    0,    0,    0,    0,    0,    0,    0,    0,    0,    0,    0,    0,    0,    0,    0,    0,    0,    0,    0,    0,    0,    0,    0,    0,    0,    0,    0,    0,    0,    0,    0,    0,    0,    0,    0,    4,    0,    0,    0,    0,
       0,    0,    3,   -4,    5,   -3,    8,   -4,    4,    6,    5,    0,    9,    0,   -8,   -8,   10,    0,   -8,    6,    7,    0,    7,    6,    9,    8,    6,    0,    7,    9,    3,    0,   -4,   -4,    0,    0,    0,    0,    0,    2,    0,   -4,    0,    0,    8,    0,    5,    0,    0,   -8,    5,    9,    0,    3,    0,    0,    0,   -3,    0,    0,    0,    0,    0,    0,    0,    0,    0,    0,    0,    0,    0,    0,    0,    0,    0,    0,    0,    0,    0,    0,    0,    0,    0,    0,    0,    0,    0,    0,    0,    0,    0,    0,    0,    0,    0,    0,    0,    0,    0,    0,    0,    0,    0,    0,    0,    0,    0,    0,    0,    0,    0,    0,    0,    0,    0,    0,    0,    0,    0,    0,    0,    0,    0,    0,    0,    0,    0,    0,    0,    0,    0,    0,    0,    0,    0,    0,    0,    0,    0,    0,    0,    0,    0,    0,    0,    0,    0,    0,    0,    0,    0,    0,    7,   12,   13,    0,    0,    0,    0,
       0,    0,    0,    0,   -7,    0,  -13,    7,  -17,    0,   -6,    0,   -8,    0,    0,    0,   -8,    0,    0,    0,   -8,    0,   -8,   -3,  -13,  -15,   -3,    0,    0,   -7,    0,    0,    0,    0,    0,    0,    0,    0,    0,    0,    0,    0,    0,    0,    0,    0,    0,    0,   -5,    3,    0,  -20,    0,    0,    0,    0,    0,    0,    0,    0,    0,    0,    0,    0,   -5,   -7,    0,    0,    0,    0,    0,    0,    0,    0,    0,    0,    0,    0,    0,    0,    0,    0,    0,    0,    0,    0,    0,    0,    0,    0,    0,    0,    0,    0,    0,    0,    0,    0,    0,    0,    0,    0,    0,    0,    0,    0,    0,    0,    0,    0,    0,    0,    0,    0,    0,    0,    0,    0,    0,    0,    0,    0,    0,    0,    0,    0,    0,    0,    0,    0,    0,    0,    0,    0,    0,    0,    0,    0,    0,    0,    0,    0,    0,    0,    0,    0,    0,    0,    0,    0,    0,    0,    0,    3,   -4,    0,    0,    0,    0,
       0,    0,    0,    0,    0,    0,    0,    0,    0,    0,    0,    0,    0,    0,    0,    0,    8,    0,   -6,    0,    0,    0,    4,    0,    7,    3,    4,    0,    0,    0,   -4,    0,   -4,   -4,    0,    0,    0,    0,    0,    0,    0,    0,    0,    0,    7,    0,    0,    0,    0,    0,    4,    6,    0,   -4,    0,    0,    0,   -3,    0,    0,    0,    3,    0,    0,    0,    0,    0,    0,    0,    0,    0,    0,    0,    0,    0,    0,    0,    0,    0,    0,    0,    0,    0,    0,    0,    0,    0,    0,    0,    0,    0,    0,    0,    0,    0,    0,    0,    0,    0,    0,    0,    0,    0,    0,    0,    0,    0,    0,    0,    0,    0,    0,    0,    0,    0,    0,    0,    0,    0,    0,    0,    0,    0,    0,    0,    0,    0,    0,    0,    0,    0,    0,    0,    0,    0,    0,    0,    0,    0,    0,    0,    0,    0,    0,    0,    0,    0,    0,    0,    0,    0,    0,    4,    6,   13,    0,    0,    0,    0,
       0,    0,   -7,   -5,    7,    0,  -21,    5,  -26,    0,    7,   -3,  -16,    0,   -3,   -3,  -25,   -3,   -3,    0,    7,    0,    9,    7,    4,    9,    0,    0,   10,    9,   -8,    0,   -3,   -3,    0,    0,    0,    0,   -7,   -4,    0,   -7,    0,    0,   -3,    0,   -7,    0,    0,    0,   -4,  -39,    0,   -8,    0,    0,    0,   -3,    0,    0,    0,    0,    0,    0,    0,    0,    0,    0,    0,    0,    0,    0,    0,    0,    0,    0,    0,    0,    0,    0,    0,    0,    0,    0,    0,    0,    0,    0,    0,    0,    0,    0,    0,    0,    0,    0,    0,    0,    0,    0,    0,    0,    0,    0,    0,    0,    0,    0,    0,    0,    0,    0,    0,    0,    0,    0,    0,    0,    0,    0,    0,    0,    0,    0,    0,    0,    0,    0,    0,    0,    0,    0,    0,    0,    0,    0,    0,    0,    0,    0,    0,    0,    0,    0,    0,    0,    0,    0,    0,    0,    0,    0,   13,   12,  -21,    0,    0,    0,    0,
       0,    0,    0,    0,    0,   -9,    7,    6,    0,    3,    0,    0,    0,    0,    0,    0,    0,    0,    0,    0,   -3,    0,   -7,   -7,    0,   -7,    0,    0,    0,    0,    0,    0,    0,    0,    0,    0,    0,    0,    0,    0,    0,    0,   -4,    0,    0,   -4,    0,    0,    0,    0,    0,    0,    0,    0,    0,    0,    0,    0,    0,    0,    0,    0,    0,    0,    0,    0,    0,    0,    0,    0,    0,    0,    0,    0,    0,    0,    0,    0,    0,    0,    0,    0,    0,    0,    0,    0,    0,    0,    0,    0,    0,    0,    0,    0,    0,    0,    0,    0,    0,    0,    0,    0,    0,    0,    0,    0,    0,    0,    0,    0,    0,    0,    0,    0,    0,    0,    0,    0,    0,    0,    0,    0,    0,    0,    0,    0,    0,    0,    0,    0,    0,    0,    0,    0,    0,    0,    0,    0,    0,    0,    0,    0,    0,    0,    0,    0,    0,    0,    0,    0,    0,    0,   -3,    0,    8,    0,    0,    0,    0,
       0,    0,    0,    0,    0,    0,    0,    0,   -3,    0,    0,    0,    0,    0,    0,    0,    0,    0,    0,    0,    0,    0,    0,    0,    0,    0,    0,    0,    0,    0,    0,    0,    0,    0,    0,    0,    0,    0,    0,    0,    0,    0,    0,    0,    0,    0,    0,    0,    0,    0,    0,    0,    0,    0,    0,    0,    0,    0,    0,    0,    0,    0,    0,    0,    0,    0,    0,    0,    0,    0,    0,    0,    0,    0,    0,    0,    0,    0,    0,    0,    0,    0,    0,    0,    0,    0,    0,    0,    0,    0,    0,    0,    0,    0,    0,    0,    0,    0,    0,    0,    0,    0,    0,    0,    0,    0,    0,    0,    0,    0,    0,    0,    0,    0,    0,    0,    0,    0,    0,    0,    0,    0,    0,    0,    0,    0,    0,    0,    0,    0,    0,    0,    0,    0,    0,    0,    0,    0,    0,    0,    0,    0,    0,    0,    0,    0,    0,    0,    0,    0,    0,    0,    0,    0,    0,    0,    0,    0,    0,
       0,    0,    0,    0,    0,    0,    0,    0,  -10,    0,    0,    0,   -6,    0,    0,    0,   -4,    0,    0,    0,    0,    0,    0,    0,    0,    0,    0,    0,    3,    0,    0,    0,    0,    0,    0,    0,    0,    0,    0,    0,    0,    0,    0,    0,    0,    0,    0,    0,    0,    0,    3,  -13,    0,    0,    0,    0,    0,    0,    0,    0,    0,    0,    0,    0,    0,    0,    0,    0,    0,    0,    0,    0,    0,    0,    0,    0,    0,    0,    0,    0,    0,    0,    0,    0,    0,    0,    0,    0,    0,    0,    0,    0,    0,    0,    0,    0,    0,    0,    0,    0,    0,    0,    0,    0,    0,    0,    0,    0,    0,    0,    0,    0,    0,    0,    0,    0,    0,    0,    0,    0,    0,    0,    0,    0,    0,    0,    0,    0,    0,    0,    0,    0,    0,    0,    0,    0,    0,    0,    0,    0,    0,    0,    0,    0,    0,    0,    0,    0,    0,    0,    0,    0,    5,    5,    0,    0,    0,    0,    0,
       0,    0,   -7,   -6,    8,  -13,   10,  -17,    8,    3,    0,   -5,    8,    0,  -18,  -18,    7,    0,  -18,    0,    8,    0,    6,    4,   12,    6,    8,    0,    7,    9,   -3,    0,  -13,  -13,    0,    0,    0,    0,    0,    3,   -3,  -11,  -15,  -15,   11,  -15,    7,   -4,    0,  -17,    0,    9,    0,   -3,    0,    0,   14,  -11,   12,   10,    3,    0,    0,   -6,    0,    0,    0,    0,    0,    0,    0,    0,    0,    0,    0,    0,    0,    0,    0,    0,    0,    0,    0,    0,    0,    0,    0,    0,    0,    0,    0,    0,    0,    0,    0,    0,    0,    0,    0,    0,    0,    0,    0,    0,    0,    0,    0,    0,    0,    0,    0,    0,    0,    0,    0,    0,    0,    0,    0,    0,    0,    0,    0,    0,    0,    0,    0,    0,    0,    0,    0,    0,    0,    0,    0,    0,    0,    0,    0,    0,    0,    0,    0,    0,    0,    0,    0,    0,    0,    0,    0,    0,    0,    0,   10,    0,    0,    0,    0,
       3,  -32,    3,    0,    0,  -34,   13,   -7,    6,    8,  -12,    0,   10,    0,   -7,   -7,   10,    3,   -7,    6,  -26,   -3,  -28,  -17,   10,  -33,    6,    0,  -27,  -11,    4,    0,    0,    0,    0,    0,    0,    0,    0,    3,    0,    0,  -16,  -10,   10,  -16,    5,   -5,   -4,   -6,    7,   10,    0,    4,    0,    0,    0,    0,    0,    0,    0,    0,    0,    0,    0,  -17,    0,    0,    0,    0,    0,    0,    0,    0,    0,    0,    0,    0,    0,    0,    0,    0,    0,    0,    0,    0,    0,    0,    0,    0,    0,    0,    0,    0,    0,    0,    0,    0,    0,    0,    0,    0,    0,    0,    0,    0,    0,    0,    0,    0,    0,    0,    0,    0,    0,    0,    0,    0,    0,    0,    0,    0,    0,    0,    0,    0,    0,    0,    0,    0,    0,    0,    0,    0,    0,    0,    0,    0,    0,    0,    0,    0,    0,    0,    0,    0,    0,    0,    0,    0,    0,    0,  -21,  -18,   16,    0,    0,    0,    0,
       0,    0,    0,    0,    0,   -3,    0,    0,   -3,    0,   -5,    0,    0,    0,    0,    0,    0,    0,    0,    0,   -3,    0,   -3,    0,    0,   -5,    0,    0,   -7,    0,    0,    0,    0,    0,    0,    0,    0,    0,    0,    0,    0,    0,    0,    0,    0,    0,    0,    0,    0,    0,    0,    0,    0,    0,    0,    0,    0,    0,    0,    0,    0,    0,    0,    0,    0,    0,    0,    0,    0,    0,    0,    0,    0,    0,    0,    0,    0,    0,    0,    0,    0,    0,    0,    0,    0,    0,    0,    0,    0,    0,    0,    0,    0,    0,    0,    0,    0,    0,    0,    0,    0,    0,    0,    0,    0,    0,    0,    0,    0,    0,    0,    0,    0,    0,    0,    0,    0,    0,    0,    0,    0,    0,    0,    0,    0,    0,    0,    0,    0,    0,    0,    0,    0,    0,    0,    0,    0,    0,    0,    0,    0,    0,    0,    0,    0,    0,    0,    0,    0,    0,    0,    0,   -7,   -5,    0,    0,    0,    0,    0,
       0,    0,    0,    0,   -7,    0,  -13,    7,  -17,    0,   -6,    0,   -8,    0,    0,    0,   -8,    0,    0,    0,   -8,    0,   -8,   -3,  -13,  -15,   -3,    0,    0,   -7,    0,    0,    0,    0,    0,    0,    0,    0,    0,    0,    0,    0,    0,    0,    0,    0,    0,    0,   -4,    3,    0,  -20,    0,    0,    0,    0,    0,    0,    0,    0,    0,    0,    0,    0,   -4,   -7,    0,    0,    0,    0,    0,    0,    0,    0,    0,    0,    0,    0,    0,    0,    0,    0,    0,    0,    0,    0,    0,    0,    0,    0,    0,    0,    0,    0,    0,    0,    0,    0,    0,    0,    0,    0,    0,    0,    0,    0,    0,    0,    0,    0,    0,    0,    0,    0,    0,    0,    0,    0,    0,    0,    0,    0,    0,    0,    0,    0,    0,    0,    0,    0,    0,    0,    0,    0,    0,    0,    0,    0,    0,    0,    0,    0,    0,    0,    0,    0,    0,    0,    0,    0,    0,    0,    0,    3,   -4,    0,    0,    0,    0,
       0,    0,   -7,    0,   -3,    0,  -35,    0,  -26,    4,    0,    0,  -23,    0,    0,    0,  -30,    0,    0,    0,    4,    0,    0,    0,   -7,   -3,    0,   -5,    0,   -4,   -7,    0,   -5,   -5,    0,    0,    0,    0,    0,    0,    0,    0,    7,    7,    4,    7,    0,    0,   -3,   -3,    4,  -42,    0,   -7,    0,    0,    0,   -8,    0,    0,    0,    0,    0,    0,    0,    0,    0,    0,    0,    0,    0,    0,    0,    0,    0,    0,    0,    0,    0,    0,    0,    0,    0,    0,    0,    0,    0,    0,    0,    0,    0,    0,    0,    0,    0,    0,    0,    0,    0,    0,    0,    0,    0,    0,    0,    0,    0,    0,    0,    0,    0,    0,    0,    0,    0,    0,    0,    0,    0,    0,    0,    0,    0,    0,    0,    0,    0,    0,    0,    0,    0,    0,    0,    0,    0,    0,    0,    0,    0,    0,    0,    0,    0,    0,    0,    0,    0,    0,    0,    0,    0,    0,   10,   10,  -31,    0,    0,    0,    0,
       0,    0,    0,    0,   -7,    0,  -13,    7,  -17,    0,   -6,    0,   -8,    0,    0,    0,   -8,    0,    0,    0,   -8,    0,   -8,   -3,  -13,  -15,   -3,    0,    0,   -7,    0,    0,    0,    0,    0,    0,    0,    5,    0,    0,    0,    0,    0,    0,    0,    0,    0,    0,    0,    3,    0,  -20,    0,    0,    0,    0,    0,    0,    0,    0,    0,    0,    0,    0,   -4,    0,    0,    0,    0,    0,    0,    0,    0,    0,    0,    0,    0,    0,    0,    0,    0,    0,    0,    0,    0,    0,    0,    0,    0,    0,    0,    0,    0,    0,    0,    0,    0,    0,    0,    0,    0,    0,    0,    0,    0,    0,    0,    0,    0,    0,    0,    0,    0,    0,    0,    0,    0,    0,    0,    0,    0,    0,    0,    0,    0,    0,    0,    0,    0,    0,    0,    0,    0,    0,    0,    0,    0,    0,    0,    0,    0,    0,    0,    0,    0,    0,    0,    0,    0,    0,    0,    0,    0,    3,   -4,    0,    0,    0,    0,
       0,    0,    0,    0,    0,   -3,    8,   -7,    6,    4,   -5,   -3,   10,    0,   -6,   -6,    9,    0,   -6,    0,   -3,   -3,   -5,    0,    7,  -11,    6,    0,   -3,   -8,   -8,    0,   -8,   -8,    0,    0,    0,    0,    0,    0,   -3,   -3,    0,    0,    6,    0,    3,    0,    0,   -7,    0,    7,    0,   -8,    0,    0,    0,   -9,    0,    0,    0,    0,    0,    0,    0,    0,    0,    0,    0,    0,    0,    0,    0,    0,    0,    0,    0,    0,    0,    0,    0,    0,    0,    0,    0,    0,    0,    0,    0,    0,    0,    0,    0,    0,    0,    0,    0,    0,    0,    0,    0,    0,    0,    0,    0,    0,    0,    0,    0,    0,    0,    0,    0,    0,    0,    0,    0,    0,    0,    0,    0,    0,    0,    0,    0,    0,    0,    0,    0,    0,    0,    0,    0,    0,    0,    0,    0,    0,    0,    0,    0,    0,    0,    0,    0,    0,    0,    0,    0,    0,    0,    0,    4,    4,   11,    0,    0,    0,    0,
       0,    0,    0,    0,   -3,  -12,    3,    9,   -5,    0,   -3,    0,    0,    0,    0,    0,    0,    0,    0,    0,   -7,    0,   -3,   -3,    0,   -3,    0,    0,    0,    0,    4,    0,    0,    0,    0,    0,    0,    0,    0,    0,    0,    0,   -5,   -4,   -4,   -5,    0,    0,    0,    5,    0,   -7,    0,    4,    0,    0,    0,    0,    0,    0,    0,    0,    0,    0,    0,    0,    0,    0,    0,    0,    0,    0,    0,    0,    0,    0,    0,    0,    0,    0,    0,    0,    0,    0,    0,    0,    0,    0,    0,    0,    0,    0,    0,    0,    0,    0,    0,    0,    0,    0,    0,    0,    0,    0,    0,    0,    0,    0,    0,    0,    0,    0,    0,    0,    0,    0,    0,    0,    0,    0,    0,    0,    0,    0,    0,    0,    0,    0,    0,    0,    0,    0,    0,    0,    0,    0,    0,    0,    0,    0,    0,    0,    0,    0,    0,    0,    0,    0,    0,    0,    0,    0,   -7,    0,    6,    0,    0,    0,    0,
       0,    0,   -7,   -6,    8,    0,  -27,  -18,  -33,  -20,    9,  -12,  -27,    0,   -8,   -8,  -28,   -3,   -8,    0,    9,    0,   10,    9,    9,   11,    3,    0,   13,   10,  -25,    0,  -25,  -25,    0,    0,    0,    0,  -23,  -24,    0,  -23,  -25,  -25,  -25,  -25,  -24,   -6,    0,  -25,  -22,  -38,    0,  -25,   -3,    9,   15,  -31,   15,   11,   10,    0,  -18,  -20,    0,    0,    0,    0,    0,    0,    0,    0,    0,    0,    0,    0,    0,    0,    0,    0,    0,    0,    0,    0,    0,    0,    0,    0,    0,    0,    0,    0,    0,    0,    0,    0,    0,    0,    0,    0,    0,    0,    0,    0,    0,    0,    0,    0,    0,    0,    0,    0,    0,    0,    0,    0,    0,    0,    0,    0,    0,    0,    0,    0,    0,    0,    0,    0,    0,    0,    0,    0,    0,    0,    0,    0,    0,    0,    0,    0,    0,    0,    0,    0,    0,    0,    0,    0,    0,    0,    0,    0,    9,    7,  -18,    0,    0,    0,    0,
       0,    0,    0,    0,    0,    0,  -10,    0,  -18,    3,    0,    0,   -7,    0,    0,    0,   -6,    0,    0,    0,    0,    0,    0,    0,    0,    0,    0,    0,    3,    0,    0,    0,    0,    0,    0,    0,    0,    0,    0,    0,    0,    0,    0,    0,    0,    0,    0,    0,    0,    0,    0,  -18,    0,    0,    0,    0,    0,    0,    0,    0,    0,    0,    0,    0,    0,    0,    0,    0,    0,    0,    0,    0,    0,    0,    0,    0,    0,    0,    0,    0,    0,    0,    0,    0,    0,    0,    0,    0,    0,    0,    0,    0,    0,    0,    0,    0,    0,    0,    0,    0,    0,    0,    0,    0,    0,    0,    0,    0,    0,    0,    0,    0,    0,    0,    0,    0,    0,    0,    0,    0,    0,    0,    0,    0,    0,    0,    0,    0,    0,    0,    0,    0,    0,    0,    0,    0,    0,    0,    0,    0,    0,    0,    0,    0,    0,    0,    0,    0,    0,    0,    0,    0,    2,    8,    0,    0,    0,    0,    0,
       0,    6,  -10,  -10,   11,    0,  -27,  -10,  -31,   -4,    9,  -10,  -22,    0,   -8,   -8,  -29,   -3,   -8,    0,   11,    0,   12,   11,   11,   13,    5,    0,   13,   12,  -14,    0,  -18,  -18,    0,    0,    0,    0,   -8,  -13,    0,   -7,    0,    0,    0,    0,   -4,   -6,    0,  -13,    0,  -49,    0,  -14,    7,    0,   17,  -20,   15,   12,   11,    0,   -6,   -7,    0,    0,    0,    0,    0,    0,    0,    0,    0,    0,    0,    0,    0,    0,    0,    0,    0,    0,    0,    0,    0,    0,    0,    0,    0,    0,    0,    0,    0,    0,    0,    0,    0,    0,    0,    0,    0,    0,    0,    0,    0,    0,    0,    0,    0,    0,    0,    0,    0,    0,    0,    0,    0,    0,    0,    0,    0,    0,    0,    0,    0,    0,    0,    0,    0,    0,    0,    0,    0,    0,    0,    0,    0,    0,    0,    0,    0,    0,    0,    0,    0,    0,    0,    0,    0,    0,    0,    0,    9,   12,  -21,    0,    0,    0,    0,
       0,    6,   -7,   -4,    9,    0,  -15,    0,  -21,    0,    8,   -4,  -13,    0,   -3,   -3,  -16,    0,   -3,    0,    9,    0,   11,    9,    9,   12,    4,    0,   13,   11,   -9,    0,  -11,  -11,    0,    0,    0,    0,   -5,   -5,    0,   -5,    4,    4,    3,    4,    0,   -3,    0,   -5,    0,  -18,    0,   -9,    0,    0,   15,  -12,   14,    0,    0,    0,    0,    0,    0,    0,    0,    0,    0,    0,    0,    0,    0,    0,    0,    0,    0,    0,    0,    0,    0,    0,    0,    0,    0,    0,    0,    0,    0,    0,    0,    0,    0,    0,    0,    0,    0,    0,    0,    0,    0,    0,    0,    0,    0,    0,    0,    0,    0,    0,    0,    0,    0,    0,    0,    0,    0,    0,    0,    0,    0,    0,    0,    0,    0,    0,    0,    0,    0,    0,    0,    0,    0,    0,    0,    0,    0,    0,    0,    0,    0,    0,    0,    0,    0,    0,    0,    0,    0,    0,    0,    0,    9,   13,   -8,    0,    0,    0,    0,
       0,    0,   -7,   -6,    9,   -9,    8,  -11,    8,    6,    7,   -5,   12,    0,  -13,  -13,    8,    0,  -13,    6,    9,    0,   10,    9,   12,   11,    8,    0,   10,   10,  -10,    0,  -10,  -10,    0,    0,    0,    0,    0,    3,    0,   -8,   -8,   -8,    8,   -8,    5,   -4,    0,  -12,    0,   12,    0,  -10,    0,    0,   13,   -7,   13,    7,    3,    0,    0,   -5,    0,    0,    0,    0,    0,    0,    0,    0,    0,    0,    0,    0,    0,    0,    0,    0,    0,    0,    0,    0,    0,    0,    0,    0,    0,    0,    0,    0,    0,    0,    0,    0,    0,    0,    0,    0,    0,    0,    0,    0,    0,    0,    0,    0,    0,    0,    0,    0,    0,    0,    0,    0,    0,    0,    0,    0,    0,    0,    0,    0,    0,    0,    0,    0,    0,    0,    0,    0,    0,    0,    0,    0,    0,    0,    0,    0,    0,    0,    0,    0,    0,    0,    0,    0,    0,    0,    0,    0,    3,    5,   11,    0,    0,    0,    0,
       4,    0,  -17,  -13,   11,   -3,  -32,  -22,  -33,  -13,   10,  -20,  -33,    0,  -15,  -15,  -28,   -5,  -15,   -3,   11,    0,   13,   11,   11,   14,    6,    0,   13,   13,  -24,    0,  -29,  -29,    0,    0,    0,    0,  -12,  -23,    0,  -11,   -3,    0,   -7,   -3,  -12,   -5,    0,  -26,   -9,  -48,    0,  -42,    0,    0,   18,  -30,   15,   13,    6,    0,  -10,  -11,    0,    0,    0,    0,    0,    0,    0,    0,    0,    0,    0,    0,    0,    0,    0,    0,    0,    0,    0,    0,    0,    0,    0,    0,    0,    0,    0,    0,    0,    0,    0,    0,    0,    0,    0,    0,    0,    0,    0,    0,    0,    0,    0,    0,    0,    0,    0,    0,    0,    0,    0,    0,    0,    0,    0,    0,    0,    0,    0,    0,    0,    0,    0,    0,    0,    0,    0,    0,    0,    0,    0,    0,    0,    0,    0,    0,    0,    0,    0,    0,    0,    0,    0,    0,    0,    0,    0,    0,    8,   10,  -22,    0,    0,    0,    0,
       0,    0,   -3,    0,    5,    0,    9,   -7,    0,    5,    5,   -3,    9,    0,   -4,   -4,    9,    0,   -4,    4,    5,    0,    7,    5,    9,    8,    4,    0,    7,    7,    4,    0,   -3,   -3,    0,    0,    0,    0,    0,    0,    0,    0,    0,    0,    8,    0,    4,    0,    0,  -10,    5,    9,    0,    4,    0,    3,   12,    0,   11,    3,    0,    0,    0,    0,    0,    0,    0,    0,    0,    0,    0,    0,    0,    0,    0,    0,    0,    0,    0,    0,    0,    0,    0,    0,    0,    0,    0,    0,    0,    0,    0,    0,    0,    0,    0,    0,    0,    0,    0,    0,    0,    0,    0,    0,    0,    0,    0,    0,    0,    0,    0,    0,    0,    0,    0,    0,    0,    0,    0,    0,    0,    0,    0,    0,    0,    0,    0,    0,    0,    0,    0,    0,    0,    0,    0,    0,    0,    0,    0,    0,    0,    0,    0,    0,    0,    0,    0,    0,    0,    0,    0,    0,    7,   10,   14,    0,    0,    0,    0,
       0,    0,    0,    0,    0,    0,    0,    0,    0,    0,    0,    0,   -9,    0,   -7,   -7,   -9,    0,   -7,    0,   10,    0,   12,   10,   10,   13,    5,    0,    0,   30,  -12,    0,  -12,  -12,    0,    0,    3,   31,  -11,  -11,    0,  -12,  -10,  -10,  -10,   10,  -10,    0,    0,    0,    0,   -9,    0,  -12,    3,    3,    3,  -13,    3,    3,    3,    0,    0,    0,    0,    0,    0,   10,  -10,   -5,   -9,   -9,    6,   -9,    6,    8,    0,    0,   -7,  -13,   10,    0,    0,  -11,  -12,   -7,   -9,   -7,    6,  -11,   -7,   -8,   -7,   -9,  -12,    0,  -11,   -8,   10,  -13,  -10,  -12,   -4,   -8,   -8,   -7,   -9,    7,   -9,  -11,    3,    3,   31,    7,   -6,   -5,  -12,  -12,    9,   -7,    0,    0,   -7,    0,   -9,    0,   -9,    0,    4,    0,    0,    0,    0,    0,    0,    0,    0,    0,    0,    0,    0,    0,    0,    0,    0,    0,    0,    0,    0,    0,    0,    0,    0,    0,    0,    0,    0,    0,    0,
       0,    0,    0,    0,    0,    0,    0,    0,    0,    0,    0,    0,    7,  -10,  -13,  -13,    3,  -10,  -13,    0,  -30,  -13,  -37,  -23,    7,  -37,    3,    0,    0,    0,   -8,    0,   -8,   -8,    0,    0,    0,   47,    0,    0,   -3,   -7,  -10,   -7,    0,   20,    0,    0,    0,    0,    0,    7,    0,   -8,    0,    0,    0,   -7,    0,    0,    0,    0,    0,    0,    0,    0,    0,    0,    0,    0,    0,    0,    0,    0,    0,    0,    0,    0,    0,    0,    0,    0,    0,    0,    0,    0,    0,    0,    0,    0,    0,    0,    0,    0,    0,    0,    0,    0,    0,    0,    0,    0,    0,    0,    0,    0,    0,    0,    0,    0,    0,    0,    0,    0,    0,    0,    0,    0,    0,    0,    0,    0,    0,    0,    0,    0,    0,    0,    0,    0,    0,    0,    0,    0,    0,    0,    0,    0,    0,    0,    0,    0,    0,    0,    0,    0,    0,    0,    0,    0,    0,    0,    0,    0,    0,    0,    0,    0,    0,
       0,    0,    0,    0,    0,    0,    0,    0,    0,    0,    0,    0,    0,    0,    0,    0,    0,    0,    0,    0,    0,    0,    0,    0,    0,    0,    0,    0,    0,    0,    0,    0,    0,    0,    0,    0,    0,   11,    0,    0,    0,    0,    0,    0,    0,    0,    0,    0,    0,    0,    0,    0,    0,    0,    0,    0,    0,    0,    0,    0,    0,    0,    0,    0,    0,    0,    0,    0,   -3,   -3,    0,    0,    0,    0,    0,    0,    0,    0,   -3,   -5,    0,    0,   -4,   -4,    0,    0,    0,    0,    0,    0,    0,    0,    0,    0,    0,    0,    0,    0,    0,   -5,    0,    0,    0,    0,    0,    0,    0,    0,    0,    0,    0,    0,   11,    0,    0,    0,   -6,   -5,    0,    0,    0,    0,    0,    0,    0,   -3,    0,    0,   -4,    0,    0,    0,    0,    0,    0,    0,    0,    0,    0,    0,    0,    0,    0,    0,    0,    0,    0,    0,    0,    0,    0,    0,    0,    0,    0,    0,    0,    0,    0,
       0,   -5,    0,    0,   -7,  -10,    0,    0,    0,    0,  -11,    0,    0,    0,    0,    0,    0,    0,    0,    0,    0,    0,    0,    0,    0,    0,    0,    0,  -13,  -11,    0,    0,    0,    0,    0,    0,    0,    0,    0,    0,    0,    0,   -4,   -3,    0,   -4,    0,    0,   -6,    0,    0,    0,    0,    0,    0,    0,    0,    0,    0,    0,    0,    0,    0,    0,    0,    0,    0,    0,    0,    0,    0,    0,    0,    0,    0,    0,    0,    0,    0,    0,    0,    0,    0,    0,    0,    0,    0,    0,    0,    0,    0,    0,    0,    0,    0,    0,    0,    0,    0,    0,    0,    0,    0,    0,    0,    0,    0,    0,    0,    0,    0,    0,    0,    0,    0,    0,    0,    0,    0,    0,    0,    0,    0,    0,    0,    0,    0,    0,    0,    0,    0,    0,    0,    0,    0,    0,    0,    0,    0,    0,    0,    0,    0,    0,    0,    0,    0,    0,    0,    0,    0,    0,   -7,   -7,    4,    0,    0,    0,    0,
       0,   -6,    0,    0,   -8,  -10,  -10,    4,   -9,    0,   -9,    0,    0,    0,    0,    0,    0,    0,    0,    0,    0,    0,    0,    0,    0,    0,    0,    0,  -17,  -12,    0,    0,    0,    0,    0,    0,    0,    0,    0,    0,    0,    0,   -5,   -4,   -6,   -5,   -3,    0,   -6,    4,    0,    0,    0,    0,    0,    0,    0,    0,    0,    0,    0,    0,    0,    0,    0,    0,    0,    0,    0,    0,    0,    0,    0,    0,    0,    0,    0,    0,    0,    0,    0,    0,    0,    0,    0,    0,    0,    0,    0,    0,    0,    0,    0,    0,    0,    0,    0,    0,    0,    0,    0,    0,    0,    0,    0,    0,    0,    0,    0,    0,    0,    0,    0,    0,    0,    0,    0,    0,    0,    0,    0,    0,    0,    0,    0,    0,    0,    0,    0,    0,    0,    0,    0,    0,    0,    0,    0,    0,    0,    0,    0,    0,    0,    0,    0,    0,    0,    0,    0,    0,    0,    0,   -9,   -8,    0,    0,    0,    0,    0,
       0,    0,    0,    0,    0,    0,    6,   -3,    0,    3,   -4,   -3,    0,    0,    0,    0,    0,    0,    0,    0,    0,    0,    0,    0,    0,    0,    0,    0,    0,  -12,   -8,    0,   -8,   -8,    0,    0,    0,    0,    0,    0,    0,    0,    3,    3,    4,    3,    0,    0,    0,   -5,    0,    0,    0,   -8,    0,    0,    0,  -10,    0,    0,    0,    0,    0,    0,    0,    0,    0,    0,    0,    0,    0,    0,    0,    0,    0,    0,    0,    0,    0,    0,    0,    0,    0,    0,    0,    0,    0,    0,    0,    0,    0,    0,    0,    0,    0,    0,    0,    0,    0,    0,    0,    0,    0,    0,    0,    0,    0,    0,    0,    0,    0,    0,    0,    0,    0,    0,    0,    0,    0,    0,    0,    0,    0,    0,    0,    0,    0,    0,    0,    0,    0,    0,    0,    0,    0,    0,    0,    0,    0,    0,    0,    0,    0,    0,    0,    0,    0,    0,    0,    0,    0,    0,    4,    8,    8,    0,    0,    0,    0,
       0,    0,    0,    0,   -7,   -8,    0,    7,    0,    0,  -12,    0,    0,    0,    0,    0,    0,    0,    0,    0,    0,    0,    0,    0,    0,    0,    0,    0,  -20,  -11,    0,    0,    0,    0,    0,    0,    0,    0,    0,    0,    0,    0,   -5,   -3,    0,   -5,    0,    0,    0,    0,    0,    0,    0,    0,    0,    0,    0,    0,    0,    0,    0,    0,    0,    0,    0,    0,    0,    0,    0,    0,    0,    0,    0,    0,    0,    0,    0,    0,    0,    0,    0,    0,    0,    0,    0,    0,    0,    0,    0,    0,    0,    0,    0,    0,    0,    0,    0,    0,    0,    0,    0,    0,    0,    0,    0,    0,    0,    0,    0,    0,    0,    0,    0,    0,    0,    0,    0,    0,    0,    0,    0,    0,    0,    0,    0,    0,    0,    0,    0,    0,    0,    0,    0,    0,    0,    0,    0,    0,    0,    0,    0,    0,    0,    0,    0,    0,    0,    0,    0,    0,    0,    0,    4,    5,    3,    0,    0,    0,    0,
       0,    0,    0,    0,   18,    8,  -20,    0,  -21,    6,    9,    0,    0,    0,    0,    0,    0,    0,    0,    0,    0,    0,    0,    0,    0,    0,    0,    0,   27,   17,   -3,    0,   -3,   -3,    0,    0,    4,    4,    0,    0,    0,    0,    9,    9,    7,    9,    0,    0,   10,   -3,    6,    0,    0,   -3,   11,    4,   21,   -7,   19,   17,   19,    0,    0,    0,    0,    0,    0,    0,    0,    0,    0,    0,    0,    0,    0,    0,    0,    0,    0,    0,    0,    0,    0,    0,    0,    0,    0,    0,    0,    0,    0,    0,    0,    0,    0,    0,    0,    0,    0,    0,    0,    0,    0,    0,    0,    0,    0,    0,    0,    0,    0,    0,    0,    0,    0,    0,    0,    0,    0,    0,    0,    0,    0,    0,    0,    0,    0,    0,    0,    0,    0,    0,    0,    0,    0,    0,    0,    0,    0,    0,    0,    0,    0,    0,    0,    0,    0,    0,    0,    0,    0,    0,   13,   18,  -19,    0,    0,    0,    0,
       0,    0,    0,    0,   -4,   -8,    0,    0,    0,    0,   -8,    0,    0,    0,    0,    0,    0,    0,    0,    0,    0,    0,    0,    0,    0,    0,    0,    0,  -10,  -11,    0,    0,    0,    0,    0,    0,    0,    9,    0,    0,    0,    0,   -5,   -3,    0,   -5,    0,    0,    0,    0,    0,    0,    0,    0,    0,    0,    0,    0,    0,    0,    0,    0,    0,    0,    0,    0,    0,    0,    0,    0,    0,    0,    0,    0,    0,    0,    0,    0,    0,    0,    0,    0,    0,    0,    0,    0,    0,    0,    0,    0,    0,    0,    0,    0,    0,    0,    0,    0,    0,    0,    0,    0,    0,    0,    0,    0,    0,    0,    0,    0,    0,    0,    0,    0,    0,    0,    0,    0,    0,    0,    0,    0,    0,    0,    0,    0,    0,    0,    0,    0,    0,    0,    0,    0,    0,    0,    0,    0,    0,    0,    0,    0,    0,    0,    0,    0,    0,    0,    0,    0,    0,    0,   -8,   -5,    3,    0,    0,    0,    0,
       0,   -7,    0,    0,   -7,   -8,    0,    0,    0,    0,  -12,    0,    0,    0,    0,    0,    0,    0,    0,    0,    0,    0,    0,    0,    0,    0,    0,    0,  -20,  -11,    0,    0,    0,    0,    0,    0,    0,    0,    0,    0,    0,    0,   -5,   -3,    0,   -5,    0,    0,   -6,    0,    0,    0,    0,    0,    0,    0,    0,    0,    0,    0,    0,    0,    0,    0,    0,    0,    0,    0,    0,    0,    0,    0,    0,    0,    0,    0,    0,    0,    0,    0,    0,    0,    0,    0,    0,    0,    0,    0,    0,    0,    0,    0,    0,    0,    0,    0,    0,    0,    0,    0,    0,    0,    0,    0,    0,    0,    0,    0,    0,    0,    0,    0,    0,    0,    0,    0,    0,    0,    0,    0,    0,    0,    0,    0,    0,    0,    0,    0,    0,    0,    0,    0,    0,    0,    0,    0,    0,    0,    0,    0,    0,    0,    0,    0,    0,    0,    0,    0,    0,    0,    0,    0,   -8,   -5,    4,    0,    0,    0,    0,
       0,    0,    0,    0,    4,   -8,    0,    0,    0,    0,  -12,    0,    0,    0,    0,    0,    0,    0,    0,    0,    0,    0,    0,    0,    0,    0,    0,    0,  -20,  -11,    0,    0,    0,    0,    0,    0,    0,    0,    0,    0,    0,    0,   -5,   -3,    0,   -5,    0,    0,    0,    0,    0,    0,    0,    0,    0,    0,    0,    0,    0,    0,    0,    0,    0,    0,    0,    0,    0,    0,    0,    0,    0,    0,    0,    0,    0,    0,    0,    0,    0,    0,    0,    0,    0,    0,    0,    0,    0,    0,    0,    0,    0,    0,    0,    0,    0,    0,    0,    0,    0,    0,    0,    0,    0,    0,    0,    0,    0,    0,    0,    0,    0,    0,    0,    0,    0,    0,    0,    0,    0,    0,    0,    0,    0,    0,    0,    0,    0,    0,    0,    0,    0,    0,    0,    0,    0,    0,    0,    0,    0,    0,    0,    0,    0,    0,    0,    0,    0,    0,    0,    0,    0,    0,   -8,   -5,    3,    0,    0,    0,    0,
       0,    0,    0,    0,    4,   -8,    0,    0,    0,    0,  -12,    0,    0,    0,    0,    0,    0,    0,    0,    0,    0,    0,    0,    0,    0,    0,    0,    0,  -20,    3,    0,    0,    0,    0,    0,    0,    0,   10,    0,    0,    0,    0,   -5,   -3,    0,   -5,    0,    0,    0,    0,    0,    0,    0,    0,    0,    0,    0,    0,    0,    0,    0,    0,    0,    0,    0,    0,    0,    0,    0,    0,    0,    0,    0,    0,    0,    0,    0,    0,    0,    0,    0,    0,    0,    0,    0,    0,    0,    0,    0,    0,    0,    0,    0,    0,    0,    0,    0,    0,    0,    0,    0,    0,    0,    0,    0,    0,    0,    0,    0,    0,    0,    0,    0,    0,    0,    0,    0,    0,    0,    0,    0,    0,    0,    0,    0,    0,    0,    0,    0,    0,    0,    0,    0,    0,    0,    0,    0,    0,    0,    0,    0,    0,    0,    0,    0,    0,    0,    0,    0,    0,    0,    0,   -8,   -5,    3,    0,    0,    0,    0,
       0,    0,   -7,   -4,    0,    4,    4,  -15,    7,    3,    0,   -7,    0,    0,    0,    0,    0,    0,    0,    0,    0,    0,    0,    0,    0,    0,    0,    0,    0,   -9,   -3,    0,  -12,  -12,    0,    0,    0,    0,    0,    0,   -3,   -3,    7,    7,    7,    7,    5,   -5,    0,  -12,    0,    0,    0,   -3,    0,    0,    0,  -11,    0,    0,    0,    0,    0,    0,    0,    0,    0,    0,    0,    0,    0,    0,    0,    0,    0,    0,    0,    0,    0,    0,    0,    0,    0,    0,    0,    0,    0,    0,    0,    0,    0,    0,    0,    0,    0,    0,    0,    0,    0,    0,    0,    0,    0,    0,    0,    0,    0,    0,    0,    0,    0,    0,    0,    0,    0,    0,    0,    0,    0,    0,    0,    0,    0,    0,    0,    0,    0,    0,    0,    0,    0,    0,    0,    0,    0,    0,    0,    0,    0,    0,    0,    0,    0,    0,    0,    0,    0,    0,    0,    0,    0,    0,    4,    8,    7,    0,    0,    0,    0,
       0,    0,    0,    0,   -7,   -8,    8,    0,    0,    7,   -5,    0,    0,    0,    0,    0,    0,    0,    0,    0,    0,    0,    0,    0,    0,    0,    0,    0,  -20,  -11,    5,    0,    0,    0,    0,    0,    0,    0,    0,    0,    0,    0,   -4,   -4,    7,   -4,    5,    0,    0,   -5,    7,    0,    0,    5,    0,    0,    0,    0,    0,    0,    0,    0,    0,    0,    0,    0,    0,    0,    0,    0,    0,    0,    0,    0,    0,    0,    0,    0,    0,    0,    0,    0,    0,    0,    0,    0,    0,    0,    0,    0,    0,    0,    0,    0,    0,    0,    0,    0,    0,    0,    0,    0,    0,    0,    0,    0,    0,    0,    0,    0,    0,    0,    0,    0,    0,    0,    0,    0,    0,    0,    0,    0,    0,    0,    0,    0,    0,    0,    0,    0,    0,    0,    0,    0,    0,    0,    0,    0,    0,    0,    0,    0,    0,    0,    0,    0,    0,    0,    0,    0,    0,    0,   -8,   -9,   10,    0,    0,    0,    0,
       0,   -6,    0,    0,   -7,   -8,    0,    0,    0,    0,  -12,    0,    0,    0,    0,    0,    0,    0,    0,    0,    0,    0,    0,    0,    0,    0,    0,    0,  -20,  -11,    0,    0,    0,    0,    0,    0,    0,    0,    0,    0,    0,    0,   -5,   -3,    0,   -5,    0,    0,   -6,    0,    0,    0,    0,    0,    0,    0,    0,    0,    0,    0,    0,    0,    0,    0,    0,    0,    0,    0,    0,    0,    0,    0,    0,    0,    0,    0,    0,    0,    0,    0,    0,    0,    0,    0,    0,    0,    0,    0,    0,    0,    0,    0,    0,    0,    0,    0,    0,    0,    0,    0,    0,    0,    0,    0,    0,    0,    0,    0,    0,    0,    0,    0,    0,    0,    0,    0,    0,    0,    0,    0,    0,    0,    0,    0,    0,    0,    0,    0,    0,    0,    0,    0,    0,    0,    0,    0,    0,    0,    0,    0,    0,    0,    0,    0,    0,    0,    0,    0,    0,    0,    0,    0,   -8,   -5,    4,    0,    0,    0,    0,
       0,   -6,    0,    0,   -8,  -10,  -10,    4,   -9,    0,   -9,    0,    0,    0,    0,    0,    0,    0,    0,    0,    0,    0,    0,    0,    0,    0,    0,    0,  -17,  -12,    0,    0,    0,    0,    0,    0,    0,    0,    0,    0,    0,    0,   -5,   -4,   -6,   -5,   -3,    0,   -8,    4,    0,    0,    0,    0,    0,    0,    0,    0,    0,    0,    0,    0,    0,    0,    0,    0,    0,    0,    0,    0,    0,    0,    0,    0,    0,    0,    0,    0,    0,    0,    0,    0,    0,    0,    0,    0,    0,    0,    0,    0,    0,    0,    0,    0,    0,    0,    0,    0,    0,    0,    0,    0,    0,    0,    0,    0,    0,    0,    0,    0,    0,    0,    0,    0,    0,    0,    0,    0,    0,    0,    0,    0,    0,    0,    0,    0,    0,    0,    0,    0,    0,    0,    0,    0,    0,    0,    0,    0,    0,    0,    0,    0,    0,    0,    0,    0,    0,    0,    0,    0,    0,    0,   -9,   -8,    0,    0,    0,    0,    0,
       0,    0,    0,    0,   -7,   -8,    0,    0,    7,    0,   -8,    0,    0,    0,    0,    0,    0,    0,    0,    0,    0,    0,    0,    0,    0,    0,    0,    0,  -10,  -11,    0,    0,    0,    0,    0,    0,    0,   14,    0,    0,    0,    0,   -5,   -3,    0,   -5,    0,    0,    0,    0,    0,    0,    0,    0,    0,    0,    0,    0,    0,    0,    0,    0,    0,    0,    0,    0,    0,    0,    0,    0,    0,    0,    0,    0,    0,    0,    0,    0,    0,    0,    0,    0,    0,    0,    0,    0,    0,    0,    0,    0,    0,    0,    0,    0,    0,    0,    0,    0,    0,    0,    0,    0,    0,    0,    0,    0,    0,    0,    0,    0,    0,    0,    0,    0,    0,    0,    0,    0,    0,    0,    0,    0,    0,    0,    0,    0,    0,    0,    0,    0,    0,    0,    0,    0,    0,    0,    0,    0,    0,    0,    0,    0,    0,    0,    0,    0,    0,    0,    0,    0,    0,    0,   -8,   -5,    3,    0,    0,    0,    0,
       0,    0,   -7,    0,    0,    6,  -20,    0,  -19,    6,    3,    0,    0,    0,    0,    0,    0,    0,    0,    0,    0,    0,    0,    0,    0,    0,    0,    0,    3,   -3,   -3,    0,   -3,   -3,    0,    0,    0,    0,    0,    0,    0,    0,   10,   10,    7,   10,    3,    0,    0,   -5,    7,    0,    0,   -3,    0,    0,    0,   -5,    0,    0,    0,    0,    0,    0,    0,    0,    0,    0,    0,    0,    0,    0,    0,    0,    0,    0,    0,    0,    0,    0,    0,    0,    0,    0,    0,    0,    0,    0,    0,    0,    0,    0,    0,    0,    0,    0,    0,    0,    0,    0,    0,    0,    0,    0,    0,    0,    0,    0,    0,    0,    0,    0,    0,    0,    0,    0,    0,    0,    0,    0,    0,    0,    0,    0,    0,    0,    0,    0,    0,    0,    0,    0,    0,    0,    0,    0,    0,    0,    0,    0,    0,    0,    0,    0,    0,    0,    0,    0,    0,    0,    0,    0,    9,   16,  -19,    0,    0,    0,    0,
       0,    0,    0,    0,   -4,   -3,    0,    0,   -4,    0,  -12,    0,    0,    0,    0,    0,    0,    0,    0,    0,    0,    0,    0,    0,    0,    0,    0,    0,  -10,  -11,    0,    0,    0,    0,    0,    0,    0,    0,    0,    0,    0,    0,    0,    0,    0,    0,   -3,    0,   -6,    0,    0,    0,    0,    0,    0,    0,    0,    0,    0,    0,    0,    0,    0,    0,    0,    0,    0,    0,    0,    0,    0,    0,    0,    0,    0,    0,    0,    0,    0,    0,    0,    0,    0,    0,    0,    0,    0,    0,    0,    0,    0,    0,    0,    0,    0,    0,    0,    0,    0,    0,    0,    0,    0,    0,    0,    0,    0,    0,    0,    0,    0,    0,    0,    0,    0,    0,    0,    0,    0,    0,    0,    0,    0,    0,    0,    0,    0,    0,    0,    0,    0,    0,    0,    0,    0,    0,    0,    0,    0,    0,    0,    0,    0,    0,    0,    0,    0,    0,    0,    0,    0,    0,    0,    0,    5,    0,    0,    0,    0,
       0,    0,    0,    0,    0,    0,    6,   -3,    0,    3,   -5,    0,    0,    0,    0,    0,    0,    0,    0,    0,    0,    0,    0,    0,    0,    0,    0,    0,   -7,  -11,   -7,    0,   -7,   -7,    0,    0,    0,    0,    0,    0,    0,    0,    3,    3,    6,    3,    0,    0,    0,   -6,    0,    0,    0,   -7,    0,    0,    0,   -3,    0,    0,    0,    0,    0,    0,    0,    0,    0,    0,    0,    0,    0,    0,    0,    0,    0,    0,    0,    0,    0,    0,    0,    0,    0,    0,    0,    0,    0,    0,    0,    0,    0,    0,    0,    0,    0,    0,    0,    0,    0,    0,    0,    0,    0,    0,    0,    0,    0,    0,    0,    0,    0,    0,    0,    0,    0,    0,    0,    0,    0,    0,    0,    0,    0,    0,    0,    0,    0,    0,    0,    0,    0,    0,    0,    0,    0,    0,    0,    0,    0,    0,    0,    0,    0,    0,    0,    0,    0,    0,    0,    0,    0,    0,    5,    0,    8,    0,    0,    0,    0,
       0,    0,    0,    0,   -7,   -8,    0,    0,    0,    0,   -8,    0,    0,    0,    0,    0,    0,    0,    0,    0,    0,    0,    0,    0,    0,    0,    0,    0,  -20,  -10,    0,    0,    0,    0,    0,    0,    0,    0,    0,    0,    0,    0,   -5,   -3,    0,   -5,    0,    0,    0,    0,    0,    0,    0,    0,    0,    0,    0,    0,    0,    0,    0,    0,    0,    0,    0,    0,    0,    0,    0,    0,    0,    0,    0,    0,    0,    0,    0,    0,    0,    0,    0,    0,    0,    0,    0,    0,    0,    0,    0,    0,    0,    0,    0,    0,    0,    0,    0,    0,    0,    0,    0,    0,    0,    0,    0,    0,    0,    0,    0,    0,    0,    0,    0,    0,    0,    0,    0,    0,    0,    0,    0,    0,    0,    0,    0,    0,    0,    0,    0,    0,    0,    0,    0,    0,    0,    0,    0,    0,    0,    0,    0,    0,    0,    0,    0,    0,    0,    0,    0,    0,    0,    0,   -8,   -5,    3,    0,    0,    0,    0,
       0,    0,   -3,    0,    0,    5,  -19,    0,  -13,    5,    0,    0,    0,    0,    0,    0,    0,    0,    0,    0,    0,    0,    0,    0,    0,    0,    0,    0,    0,  -10,   -3,    0,   -5,   -5,    0,    0,    0,    0,    0,    0,    0,    0,    7,    7,    8,    7,    4,    0,    0,    0,    6,    0,    0,   -3,    0,    0,    0,   -6,    0,    0,    0,    0,    0,    0,    0,    0,    0,    0,    0,    0,    0,    0,    0,    0,    0,    0,    0,    0,    0,    0,    0,    0,    0,    0,    0,    0,    0,    0,    0,    0,    0,    0,    0,    0,    0,    0,    0,    0,    0,    0,    0,    0,    0,    0,    0,    0,    0,    0,    0,    0,    0,    0,    0,    0,    0,    0,    0,    0,    0,    0,    0,    0,    0,    0,    0,    0,    0,    0,    0,    0,    0,    0,    0,    0,    0,    0,    0,    0,    0,    0,    0,    0,    0,    0,    0,    0,    0,    0,    0,    0,    0,    0,    7,   13,  -14,    0,    0,    0,    0,
       0,    0,   -3,    0,    0,    6,  -18,    3,  -11,    5,    0,    0,    0,    0,    0,    0,    0,    0,    0,    0,    0,    0,    0,    0,    0,    0,    0,    0,    0,   -9,   -3,    0,   -4,   -4,    0,    0,    0,    0,    0,    0,    0,    0,    7,    7,    7,    7,    5,    0,    0,    0,    6,    0,    0,   -3,    0,    0,    0,   -5,    0,    0,    0,    0,    0,    0,    0,    0,    0,    0,    0,    0,    0,    0,    0,    0,    0,    0,    0,    0,    0,    0,    0,    0,    0,    0,    0,    0,    0,    0,    0,    0,    0,    0,    0,    0,    0,    0,    0,    0,    0,    0,    0,    0,    0,    0,    0,    0,    0,    0,    0,    0,    0,    0,    0,    0,    0,    0,    0,    0,    0,    0,    0,    0,    0,    0,    0,    0,    0,    0,    0,    0,    0,    0,    0,    0,    0,    0,    0,    0,    0,    0,    0,    0,    0,    0,    0,    0,    0,    0,    0,    0,    0,    0,    8,   13,   -9,    0,    0,    0,    0,
       0,    0,   -7,   -4,    0,    4,    6,   -7,    7,    5,    0,   -3,    0,    0,    0,    0,    0,    0,    0,    0,    0,    0,    0,    0,    0,    0,    0,    0,    0,  -10,   -8,    0,   -8,   -8,    0,    0,    0,    0,    0,    0,    0,    0,    8,    7,   11,    8,    6,   -4,    0,   -9,    0,    0,    0,   -8,    0,    0,    0,   -8,    0,    0,    0,    0,    0,    0,    0,    0,    0,    0,    0,    0,    0,    0,    0,    0,    0,    0,    0,    0,    0,    0,    0,    0,    0,    0,    0,    0,    0,    0,    0,    0,    0,    0,    0,    0,    0,    0,    0,    0,    0,    0,    0,    0,    0,    0,    0,    0,    0,    0,    0,    0,    0,    0,    0,    0,    0,    0,    0,    0,    0,    0,    0,    0,    0,    0,    0,    0,    0,    0,    0,    0,    0,    0,    0,    0,    0,    0,    0,    0,    0,    0,    0,    0,    0,    0,    0,    0,    0,    0,    0,    0,    0,    0,    5,    9,    7,    0,    0,    0,    0,
       0,    0,   -3,    0,    0,    5,  -19,    0,  -13,    5,    0,    0,    0,    0,    0,    0,    0,    0,    0,    0,    0,    0,    0,    0,    0,    0,    0,    0,    0,  -10,   -3,    0,   -5,   -5,    0,    0,    0,    0,    0,    0,    0,    0,    7,    7,    8,    7,    4,    0,    0,    0,    6,    0,    0,   -3,    0,    0,    0,   -6,    0,    0,    0,    0,    0,    0,    0,    0,    0,    0,    0,    0,    0,    0,    0,    0,    0,    0,    0,    0,    0,    0,    0,    0,    0,    0,    0,    0,    0,    0,    0,    0,    0,    0,    0,    0,    0,    0,    0,    0,    0,    0,    0,    0,    0,    0,    0,    0,    0,    0,    0,    0,    0,    0,    0,    0,    0,    0,    0,    0,    0,    0,    0,    0,    0,    0,    0,    0,    0,    0,    0,    0,    0,    0,    0,    0,    0,    0,    0,    0,    0,    0,    0,    0,    0,    0,    0,    0,    0,    0,    0,    0,    0,    0,    7,   11,  -14,    0,    0,    0,    0,
       0,    0,    0,    0,    0,    0,    8,    0,    3,    3,   -4,    0,    0,    0,    0,    0,    0,    0,    0,    0,    0,    0,    0,    0,    0,    0,    0,    0,    0,   -9,   -5,    0,   -5,   -5,    0,    0,    0,    0,    0,    0,    0,    0,    6,    6,    7,    6,    0,    0,   -4,   -5,    3,    0,    0,   -5,    0,    0,    0,    0,    0,    0,    0,    0,    0,    0,    0,    0,    0,    0,    0,    0,    0,    0,    0,    0,    0,    0,    0,    0,    0,    0,    0,    0,    0,    0,    0,    0,    0,    0,    0,    0,    0,    0,    0,    0,    0,    0,    0,    0,    0,    0,    0,    0,    0,    0,    0,    0,    0,    0,    0,    0,    0,    0,    0,    0,    0,    0,    0,    0,    0,    0,    0,    0,    0,    0,    0,    0,    0,    0,    0,    0,    0,    0,    0,    0,    0,    0,    0,    0,    0,    0,    0,    0,    0,    0,    0,    0,    0,    0,    0,    0,    0,    0,    5,    9,    9,    0,    0,    0,    0,
       0,    0,    0,    0,    0,    0,    0,    0,    0,    0,    0,    0,    0,    0,   -4,   -5,    0,    0,   -5,    0,    0,    0,    0,    0,    0,    0,    0,    0,    0,    0,    0,    0,    0,    0,    0,    0,    0,    0,    0,    0,    0,    0,    0,    0,    0,    0,    0,    0,   30,    0,    0,    0,    0,    0,    0,    0,    0,    0,    0,    0,    0,    0,    0,    0,    0,    0,    0,    6,   -8,   -5,    0,   -5,    6,    0,    6,    8,    0,    0,   -8,   -9,    6,    0,    0,   -7,   -6,   -5,   -5,   -5,    6,   -7,    0,   -5,    0,   -6,   -7,    0,   -7,   -5,    9,   -9,    0,   -8,   -4,   -5,   -6,   -5,   -6,    7,   -6,   -5,    0,    0,   21,    7,    0,    0,  -10,   -9,    9,    0,    0,    0,    0,    0,   -6,    0,   -6,    0,    4,    0,    0,    0,    0,    0,    0,    0,    0,    0,    0,    0,    0,    0,    0,    0,    0,    0,    0,    0,    0,    0,    0,    0,    0,    0,    0,    0,    0,    0,    0,
       0,    0,    0,    0,    0,    0,    0,    0,    0,    0,    0,    0,    0,    0,    0,    0,   -4,    0,    0,    0,   -6,    0,   -6,    0,   -4,   -5,    0,    0,    0,    0,    0,    0,    0,    0,    0,    0,    0,    0,    0,    0,    0,    0,    0,    0,    0,    0,    0,    0,    0,    0,    0,   -4,    0,    0,    0,    0,    0,    0,    0,    0,    0,    0,    0,    0,    0,    0,    0,   -6,    0,   -5,   -4,   -6,   -7,   -3,   -5,   -4,   -6,    0,    0,    0,   -4,    0,   -7,   -5,    0,    0,    0,    0,   -4,    0,   -4,    0,   -4,    0,    0,    0,    0,    0,    0,    0,    0,    0,    0,    0,    0,    0,    0,    0,    0,    0,    0,    0,    0,    0,    0,    0,    0,    0,   -5,    0,    0,    0,    4,    0,    0,    0,    0,   -7,   -5,    0,    0,    0,    0,    0,    0,    0,    0,    0,    0,    0,    0,    0,    0,    0,    0,    0,    0,    0,    0,    0,    0,    0,    0,    0,    0,    0,    0,    0,    0,
       0,    0,    0,    0,    0,    0,    0,    0,    0,    0,    0,    0,    0,    0,    0,    0,    0,    0,    0,    0,  -21,    0,  -11,   -3,    0,  -16,    0,    0,    0,    0,    0,    0,    0,    0,    0,    0,    0,    0,    0,    0,    0,    0,    0,    0,    0,    0,    0,    0,    0,    0,    0,    0,    0,    0,    0,    0,    0,    0,    0,    0,    0,    0,    0,    0,    0,    0,    0,    0,    0,    0,    0,    0,    0,    0,    0,    0,    0,    0,    0,    0,    0,    0,    0,    0,    0,    0,    0,    0,    0,    0,    0,    0,    0,    0,    0,    0,    0,    0,    0,    0,    0,    0,    0,    0,    0,    0,    0,    0,    0,    0,    0,    0,    0,    0,    0,    0,    0,    0,    0,    0,    0,    0,    0,    0,    0,    0,    0,    0,    0,    0,    0,    0,    0,    0,    0,    0,    0,    0,    0,    0,    0,    0,    0,    0,    0,    0,    0,    0,    0,    0,    0,    0,    0,    0,    0,    0,    0,    0,    0,
       0,    0,    0,    0,    0,    0,    0,    0,    0,    0,    0,    0,    4,    0,    0,    0,    6,    0,    0,    0,  -22,    0,   -3,    0,    0,   -9,    4,    0,    0,    0,    0,    0,    0,    0,    0,    0,    0,    0,    0,    0,    0,    0,    6,    6,    0,    6,    3,    0,    0,    0,    0,    0,    0,    0,    0,    0,    0,    0,    0,    0,    0,    0,    0,    0,    0,    0,    0,  -22,    0,    0,    6,    0,    0,    4,    0,    0,    0,    0,    0,    0,    0,    0,    0,    0,    0,    0,    0,    0,    0,    0,    0,    0,    5,    0,    0,    0,    0,    0,    0,    0,    0,    0,    0,    0,    0,    0,    0,    0,    0,    0,    0,    0,    0,    0,    5,    5,    0,    0,   -6,    4,    0,    5,    4,    0,    0,    0,    0,    0,    0,    0,    0,    0,    0,    0,    0,    0,    0,    0,    0,    0,    0,    0,    0,    0,    0,    0,    0,    0,    0,    0,    0,    0,    0,    0,    0,    0,    0,    0,    0,
       0,    0,    0,    0,    0,    0,    0,    0,    0,    0,    0,    0,   -5,    0,    3,    3,  -10,    0,    3,   -7,  -25,    0,  -14,   -6,  -13,  -27,   -8,    0,    0,    0,    3,    0,    3,    3,    0,    0,    0,    0,    0,    0,    0,    0,    0,    0,   -9,    0,   -6,    0,    0,    0,    0,  -15,    0,    3,    0,    0,    0,    3,    0,    0,    0,    0,    0,    0,    0,    0,    0,  -25,    0,   -7,  -10,   -6,  -11,   -5,   -5,  -15,   -8,    0,    3,    0,  -13,    0,  -10,   -8,    0,    0,    0,    0,   -6,    0,   -9,    0,   -5,    0,    3,    0,    0,    0,    0,    0,   -9,    0,    0,    0,   -4,    0,    0,    0,    0,    0,    0,    0,    0,    0,    0,    0,    0,    0,  -21,    0,    0,    0,    0,   -8,    0,    0,    0,  -10,   -8,    0,    0,    0,    0,    0,    0,    0,    0,    0,    0,    0,    0,    0,    0,    0,    0,    0,    0,    0,    0,    0,    0,    0,    0,    0,    0,    0,    0,    0,    0,
       0,    0,    0,    0,    0,    0,    0,    0,    0,    0,    0,    0,  -14,  -10,  -13,  -13,  -18,   -7,  -13,  -11,  -35,  -11,  -21,  -14,  -21,  -26,  -17,    0,    0,    0,  -13,  -11,  -13,  -13,  -11,  -11,  -11,   23,  -11,  -12,  -11,  -13,   -8,   -8,  -10,    5,  -11,    0,    0,    0,    0,  -24,  -11,  -13,  -11,  -11,  -11,  -14,  -11,  -11,  -11,  -10,    0,    0,    0,    0,    0,    0,    0,    0,    0,    0,    0,    0,    0,    0,    0,    0,    0,    0,    0,    0,    0,    0,    0,    0,    0,    0,    0,    0,    0,    0,    0,    0,    0,    0,    0,    0,    0,    0,    0,    0,    0,    0,    0,    0,    0,    0,    0,    0,    0,    0,    0,    0,    0,    0,    0,    0,    0,    0,    0,    0,    0,    0,    0,    0,    0,    0,    0,    0,    0,    0,    0,    0,    0,    0,    0,    0,    0,    0,    0,    0,    0,    0,    0,    0,    0,    0,    0,    0,    0,    0,    0,    0,    0,    0,    0,    0,    0,
       0,    0,    0,    0,   -8,    0,  -19,    5,  -20,    4,   -9,    0,   -9,    0,    0,    0,  -14,    0,    0,    0,   -7,    0,   -7,   -3,  -12,  -13,   -8,    0,   -7,  -12,   -3,    0,    0,    0,    0,    0,    0,    0,    0,    0,    0,    0,    0,    0,    0,    0,    0,    0,   -7,    5,    0,  -18,    0,   -3,    0,    0,    0,    0,    0,    0,    0,    0,    0,    0,   -7,   -7,    0,    0,    0,    0,    0,    0,    0,    0,    0,    0,    0,    0,    0,    0,    0,    0,    0,    0,    0,    0,    0,    0,    0,    0,    0,    0,    0,    0,    0,    0,    0,    0,    0,    0,    0,    0,    0,    0,    0,    0,    0,    0,    0,    0,    0,    0,    0,    0,    0,    0,    0,    0,    0,    0,    0,    0,    0,    0,    0,    0,    0,    0,    0,    0,    0,    0,    0,    0,    0,    0,    0,    0,    0,    0,    0,    0,    0,    0,    0,    0,    0,    0,    0,    0,    0,    0,    0,    0,    0,    0,    0,    0,    0,
       0,  -12,    0,    0,   -8,  -25,    0,    2,    0,    0,  -15,    0,    0,    0,    0,    0,    0,    0,    0,    0,    0,    0,    0,    0,    0,    0,    0,   -4,  -17,   -7,    0,    0,    0,    0,    0,    0,    0,    0,    0,    0,    0,    0,  -12,  -10,   -3,  -12,    0,    0,   -7,    0,    0,    0,    0,    0,    0,    0,    0,    0,    0,    0,    0,    0,    0,    0,    0,    0,   -9,    0,    0,    0,    0,    0,    0,    0,    0,    0,    0,    0,    0,    0,    0,    0,    0,    0,    0,    0,    0,    0,    0,    0,    0,    0,    0,    0,    0,    0,    0,    0,    0,    0,    0,    0,    0,    0,    0,    0,    0,    0,    0,    0,    0,    0,    0,    0,    0,    0,    0,    0,    0,    0,    0,    0,    0,    0,    0,    0,    0,    0,    0,    0,    0,    0,    0,    0,    0,    0,    0,    0,    0,    0,    0,    0,    0,    0,    0,    0,    0,    0,    0,    0,    0,    0,  -21,  -19,    0,    0,    0,    0,    0,
       0,    0,    0,    0,    5,    0,  -10,    4,   -9,    0,    6,    0,    0,    0,    0,    0,    0,    0,    0,    0,    0,    0,    0,    0,    0,    0,    0,    0,    7,    7,    0,    0,    0,    0,    0,    0,    0,    0,    0,    0,    0,    0,    0,    0,    0,    0,    0,    0,    3,    4,    0,    0,    0,    0,    0,    0,    0,    0,    0,    0,    0,    0,    0,    0,    0,    0,    0,    0,    0,    0,    0,    0,    0,    0,    0,    0,    0,    0,    0,    0,    0,    0,    0,    0,    0,    0,    0,    0,    0,    0,    0,    0,    0,    0,    0,    0,    0,    0,    0,    0,    0,    0,    0,    0,    0,    0,    0,    0,    0,    0,    0,    0,    0,    0,    0,    0,    0,    0,    0,    0,    0,    0,    0,    0,    0,    0,    0,    0,    0,    0,    0,    0,    0,    0,    0,    0,    0,    0,    0,    0,    0,    0,    0,    0,    0,    0,    0,    0,    0,    0,    0,    0,    4,    7,    0,    0,    0,    0,    0,
       0,   -8,    0,    0,   -7,   -5,    0,    0,   -7,    0,   -8,    0,    0,    0,    0,    0,    0,    0,    0,    0,    0,    0,    0,    0,    0,    0,    0,    0,    0,  -10,    0,    0,    0,    0,    0,    0,    0,    0,    0,    0,    0,    0,   -3,    0,   -4,   -3,    0,    0,   -6,    0,    0,    0,    0,    0,    0,    0,    0,    0,    0,    0,    0,    0,    0,    0,    0,    0,    0,    0,    0,    0,    0,    0,    0,    0,    0,    0,    0,    0,    0,    0,    0,    0,    0,    0,    0,    0,    0,    0,    0,    0,    0,    0,    0,    0,    0,    0,    0,    0,    0,    0,    0,    0,    0,    0,    0,    0,    0,    0,    0,    0,    0,    0,    0,    0,    0,    0,    0,    0,    0,    0,    0,    0,    0,    0,    0,    0,    0,    0,    0,    0,    0,    0,    0,    0,    0,    0,    0,    0,    0,    0,    0,    0,    0,    0,    0,    0,    0,    0,    0,    0,    0,    0,   -7,   -5,    0,    0,    0,    0,    0,
       0,    8,    0,    0,   20,    0,   -8,   -7,    0,    0,   12,    0,    0,    0,    0,    0,    0,    0,    0,    0,    0,    0,    0,    0,    0,    0,    0,    0,   30,   23,   -6,    6,  -13,  -13,    0,    9,    6,    6,   -6,  -10,    3,   -5,   11,   11,   10,   13,    8,    0,   23,    0,    0,    0,    0,   -4,   22,   30,   45,    0,   40,   35,   37,    0,    0,    0,    0,    0,    0,    0,    0,    0,    0,    0,    0,    0,    0,    0,    0,    0,    0,    0,    0,    0,    0,    0,    0,    0,    0,    0,    0,    0,    0,    0,    0,    0,    0,    0,    0,    0,    0,    0,    0,    0,    0,    0,    0,    0,    0,    0,    0,    0,    0,    0,    0,    0,    0,    0,    0,    0,    0,    0,    0,    0,    0,    0,    0,    0,    0,    0,    0,    0,    0,    0,    0,    0,    0,    0,    0,    0,    0,    0,    0,    0,    0,    0,    0,    0,    0,    0,    0,    0,    0,    0,    7,    8,    0,    0,    0,    0,    0,
       0,    0,    0,    0,    0,    0,    0,    0,    0,    0,    0,    0,    0,    0,    0,    0,    0,    0,    0,    0,    0,    0,    0,    0,    0,    0,    0,    0,    0,    0,    0,    0,    0,    0,    0,    0,    0,    6,    0,    0,    0,    0,    0,    0,    0,    0,    0,    0,    0,    0,    0,    0,    0,    0,    0,    0,    0,    0,    0,    0,    0,    0,    0,    0,    0,    0,    0,    0,    0,    0,    0,    0,    0,    0,    0,    0,    0,    0,    0,    0,    0,    0,    0,    0,    0,    0,    0,    0,    0,    0,    0,    0,    0,    0,    0,    0,    0,    0,    0,    0,    0,    0,    0,    0,    0,    0,    0,    0,    0,    0,    0,    0,    0,    0,    0,    0,    0,    0,    0,    0,    0,    0,    0,    0,    0,    0,    0,    0,    0,    0,    0,    0,    0,    0,    0,    0,    0,    0,    0,    0,    0,    0,    0,    0,    0,    0,    0,    0,    0,    0,    0,    0,    0,    0,    0,    0,    0,    0,    0,
       0,   -9,    0,    0,    0,   -5,    0,    0,    0,    0,   -6,    0,    0,    0,    0,    0,    0,    0,    0,    0,    0,    0,    0,    0,    0,    0,    0,    0,    0,    0,    0,    0,    0,    0,    0,    0,    0,    0,    0,    0,    0,    0,    0,    0,    0,    0,    0,    0,    0,    0,    0,    0,    0,    0,    0,    0,    0,    0,    0,    0,    0,    0,    0,    0,    0,    0,    0,    0,    0,    0,    0,    0,    0,    0,    0,    0,    0,    0,    0,    0,    0,    0,    0,    0,    0,    0,    0,    0,    0,    0,    0,    0,    0,    0,    0,    0,    0,    0,    0,    0,    0,    0,    0,    0,    0,    0,    0,    0,    0,    0,    0,    0,    0,    0,    0,    0,    0,    0,    0,    0,    0,    0,    0,    0,    0,    0,    0,    0,    0,    0,    0,    0,    0,    0,    0,    0,    0,    0,    0,    0,    0,    0,    0,    0,    0,    0,    0,    0,    0,    0,    0,    0,   -7,   -6,    0,    0,    0,    0,    0,
       0,    0,    0,    0,    0,    0,    0,    0,    0,    0,    0,    0,   -6,    0,    0,    0,   -6,    0,    0,    0,    0,    0,    0,    0,    0,    0,    0,    0,    0,    0,    0,    0,    0,    0,    0,    0,    0,    0,    0,    0,    0,    0,    0,    0,    0,    0,    0,    0,    0,    0,    0,  -12,    0,    0,    0,    0,    0,    0,    0,    0,    0,    0,    0,    0,    0,    0,    0,    0,    0,    0,    0,    0,    0,    0,    0,    0,    0,    0,    0,    0,    0,    0,    0,    0,    0,    0,    0,    0,    0,    0,    0,    0,    0,    0,    0,    0,    0,    0,    0,    0,    0,    0,    0,    0,    0,    0,    0,    0,    0,    0,    0,    0,    0,    0,    0,    0,    0,    0,    0,    0,    0,    0,    0,    0,    0,    0,    0,    0,    0,    0,    0,    0,    0,    0,    0,    0,    0,    0,    0,    0,    0,    0,    0,    0,    0,    0,    0,    0,    0,    0,    0,    0,    0,    0,    0,    0,    0,    0,    0,
       0,    0,    0,    0,    0,    0,    0,    0,    0,    0,    0,    0,    0,    0,    0,    0,    0,    0,    0,    0,    0,    0,    0,    0,    0,    0,    0,    0,    0,    0,    0,    0,    0,    0,    0,    0,    0,    0,    0,    0,    0,    0,   -7,   -6,   -6,   -7,    0,    0,    0,    0,    0,    0,    0,    0,    0,    0,    0,    0,    0,    0,    0,    0,    0,    0,    0,    0,   -8,    0,    0,    0,    0,    0,    0,    0,    0,    0,    0,    0,    0,    0,    0,    0,    0,    0,    0,    0,    0,    0,    0,    0,    0,    0,    0,    0,    0,    0,    0,    0,    0,    0,    0,    0,    0,    0,    0,    0,    0,    0,    0,    0,    0,    0,    0,    0,    0,    0,    0,    0,    0,    0,    0,    0,    0,    0,    0,    0,    0,    0,    0,    0,    0,    0,    0,    0,    0,    0,    0,    0,    0,    0,    0,    0,    0,    0,    0,    0,    0,    0,    0,    0,    0,    0,    0,    0,    0,    0,    0,    0,    0,
       0,    0,    0,    0,    0,    0,    0,    0,    0,    0,    0,    0,    0,    0,    0,    0,    0,    0,    0,    0,    0,    0,    0,    0,    0,    0,    0,    0,    0,    0,    0,    0,    0,    0,    0,    0,    0,   11,    0,    0,    0,    0,    0,    0,    0,    0,    0,    0,    0,    0,    0,    0,    0,    0,    0,    0,    0,    0,    0,    0,    0,    0,    0,    0,    0,    0,    0,    0,    0,    0,    0,    0,    0,    0,    0,    0,    0,    0,    0,    0,    0,    0,    0,    0,    0,    0,    0,    0,    0,    0,    0,    0,    0,    0,    0,    0,    0,    0,    0,    0,    0,    0,    0,    0,    0,    0,    0,    0,    0,    0,    0,    0,    0,    0,    0,    0,    0,    0,    0,    0,    0,    0,    0,    0,    0,    0,    0,    0,    0,    0,    0,    0,    0,    0,    0,    0,    0,    0,    0,    0,    0,    0,    0,    0,    0,    0,    0,    0,    0,    0,    0,    0,    0,    0,    0,    0,    0,    0,    0,
       0,    0,    0,    0,    0,    0,    0,    0,    0,    0,    0,    0,  -11,    0,    0,    0,  -15,    0,    0,    0,    0,    0,    0,    0,   -8,   -4,    0,    0,    0,    0,   -5,    0,    0,    0,    0,    0,    0,    0,    0,    0,    0,    0,    0,    0,    0,    0,    0,    0,    0,    0,    0,  -19,    0,   -5,    0,    0,    0,    0,    0,    0,    0,    0,    0,    0,    0,    0,    0,    0,    0,    0,    0,    0,    0,    0,    0,    0,    0,    0,    0,    0,    0,    0,    0,    0,    0,    0,    0,    0,    0,    0,    0,    0,    0,    0,    0,    0,    0,    0,    0,    0,    0,    0,    0,    0,    0,    0,    0,    0,    0,    0,    0,    0,    0,    0,    0,    0,    0,    0,    0,    0,    0,    0,    0,    0,    0,    0,    0,    0,    0,    0,    0,    0,    0,    0,    0,    0,    0,    0,    0,    0,    0,    0,    0,    0,    0,    0,    0,    0,    0,    0,    0,    0,    0,    0,    0,    0,    0,    0,    0,
       0,    0,    0,    0,    0,    0,    0,    0,    0,    0,    0,    0,    0,    0,    0,    0,    0,    0,    0,    0,    0,    0,   -6,    0,    0,   -7,    0,    0,    0,    0,    0,    0,    0,    0,    0,    0,    0,    0,    0,    0,    0,    0,    0,    0,    0,    0,    0,    0,    0,    0,    0,    0,    0,    0,    0,    0,    0,    0,    0,    0,    0,   -4,    0,    0,    0,    0,    0,    0,    0,    0,    0,    0,    0,    0,    0,    0,    0,    0,    0,    0,    0,    0,    0,    0,    0,    0,    0,    0,    0,    0,    0,    0,    0,    0,    0,    0,    0,    0,    0,    0,    0,    0,    0,    0,    0,    0,    0,    0,    0,    0,    0,    0,    0,    0,    0,    0,    0,    0,    0,    0,    0,    0,    0,    0,    0,    0,    0,    0,    0,    0,    0,    0,    0,    0,    0,    0,    0,    0,    0,    0,    0,    0,    0,    0,    0,    0,    0,    0,    0,    0,    0,    0,    0,    0,    0,    0,    0,    0,    0,
       0,    0,    0,    0,    0,    0,    0,    0,    0,    0,    0,    0,    0,    0,    0,    0,    0,    0,    0,    0,    0,    0,    0,    0,    0,    0,    0,    0,    0,    0,    0,    0,    0,    0,    0,    0,    0,    0,    0,    0,    0,    0,    0,    0,    0,    0,    0,    0,    0,    0,    0,    0,    0,    0,    0,    0,    0,    0,    0,    0,    0,    0,    0,    0,    0,    0,    0,    0,    0,    0,    8,    0,    0,    0,    0,    4,    0,    0,   -6,   -6,    7,    0,    0,    0,    0,    0,    0,    0,    0,    0,    0,    0,    0,    0,   -4,    0,    0,    0,    0,    0,    7,   -4,    0,    0,    0,    0,    0,    0,    0,    0,    0,    0,    0,    0,    0,    0,    0,    0,    0,    0,    0,    0,    0,    9,    0,    0,    0,    0,   -8,    0,    0,    0,    0,    0,    0,    0,    0,    0,    0,    0,    0,    0,    0,    0,    0,    0,    0,    0,    0,    0,    0,    0,    0,    0,    0,    0,    0,    0,    0,
       0,   -5,    0,    0,   -4,   -9,    0,    7,   -6,    0,   -5,    0,    0,    0,    0,    0,    0,    0,    0,    0,    0,    0,    0,    0,    0,    0,    0,   -3,    0,    0,    0,    0,    0,    0,    0,    0,    0,    0,    0,    0,    0,    0,    0,    0,    0,    0,    0,    0,    0,    0,    0,    0,    0,    0,    0,    0,    0,    0,    0,    0,    0,    0,    0,    0,    0,    0,    0,   -5,    0,   -5,    0,    0,   -3,    0,    0,    0,    0,    0,    0,    0,   -5,   -5,   -4,   -7,    0,    0,    0,    0,    0,    0,   -6,    0,    0,    0,    0,    0,    0,   -5,   -5,    0,   -5,    0,    0,   -5,    0,    0,    0,    0,    0,    0,    0,    0,    0,    0,   -5,    0,    0,    0,    0,   -5,    0,   -4,    0,    0,    0,    0,    0,    0,  -12,    0,    0,    0,    0,    0,    0,    0,    0,    0,    0,    0,    0,    0,    0,    0,    0,    0,    0,    0,    0,    0,    0,    0,    0,    0,    0,    0,    0,    0,    0,
       0,    0,    0,   -6,    8,    0,  -27,  -18,  -33,  -20,    9,  -12,    0,    0,    0,    0,    0,    0,    0,    0,    0,    0,    0,    0,    0,    0,    0,   -4,    0,   10,    0,    0,    0,    0,    0,    0,    0,    0,    0,    0,    0,    0,    0,    0,    0,    0,    0,   -9,    0,  -25,  -22,    0,    0,    0,    0,    0,    0,    0,    0,    0,    0,    0,    0,    0,    0,    0,    0,    9,   -6,    0,  -28,  -26,    0,  -27,  -24,    0,    0,   -3,   -8,   -8,    9,    0,    0,   -5,  -25,   -3,  -17,  -17,  -21,  -20,    0,   -3,  -21,  -22,  -25,  -17,  -21,    0,    0,  -24,  -25,  -17,  -17,    0,  -22,  -17,  -17,    0,  -19,  -24,    0,   13,    0,    0,    0,    0,   -6,  -21,    4,    0,    0,    0,  -28,  -36,  -25,   -5,  -20,    0,  -16,    0,    0,    0,    0,    0,    0,    0,    0,    0,    0,    0,    0,    0,    0,    0,    0,    0,    0,    0,    0,    0,    0,    0,    9,    7,    0,    0,    0,    0,    0,
       0,    0,    0,   -4,    5,   -3,    8,   -4,    4,    6,    5,    0,    0,    0,    0,    0,    0,    0,    0,    0,    0,    0,    0,    0,    0,    0,    0,    0,    0,    9,    0,    0,    0,    0,    0,    0,    0,    0,    0,    0,    0,    0,    0,    0,    0,    0,    0,   -5,    5,   -8,    5,    0,    0,    0,    0,    0,    0,    0,    0,    0,    0,    0,    0,    0,    0,    0,    0,    7,   -6,    6,   10,    4,    0,    9,    5,    5,    4,    0,   -8,   -9,    9,    0,    0,    0,    3,    0,    0,    0,    5,    0,    4,    0,    5,    0,   -4,    0,    0,    0,    0,    0,    8,    0,    0,    0,    0,    0,    0,    3,    0,    2,    0,    0,    0,    3,    0,    0,   -6,    0,    4,    0,    0,    0,   -7,    9,    0,   -3,    0,    0,   -5,    0,    0,    0,    0,    0,    0,    0,    0,    0,    0,    0,    0,    0,    0,    0,    0,    0,    0,    0,    0,    0,    0,    0,    7,   12,    0,    0,    0,    0,    0,
       0,   -4,    0,   -4,   -3,  -12,    3,    9,   -5,    0,   -3,    0,    0,    0,    0,    0,    0,    0,    0,    0,    0,    0,    0,    0,    0,    0,    0,   -5,    0,    0,    0,    0,    0,    0,    0,    0,    0,    0,    0,    0,    0,    0,    0,    0,    0,    0,    0,    0,    0,    5,    0,    0,    0,    0,    0,    0,    0,    0,    0,    0,    0,    0,    0,    0,    0,    0,    0,   -7,    0,    0,    0,    0,    0,    0,    0,    0,    0,    0,    0,    0,    0,   -4,   -4,   -7,    4,    0,    0,    0,    0,    0,    0,    0,    0,    0,    0,    0,    0,   -9,   -7,    0,   -4,    0,    0,   -8,    0,    0,    0,    0,    0,    0,    0,    0,    0,    0,   -6,    0,    0,    0,    0,   -8,    0,   -6,    0,    0,    0,    0,    0,    0,  -14,    0,    0,    0,    0,    0,    0,    0,    0,    0,    0,    0,    0,    0,    0,    0,    0,    0,    0,    0,    0,    0,    0,    0,   -7,    0,    0,    0,    0,    0,    0,
       0,    0,    0,    0,    0,    0,    0,    0,  -10,    0,    0,    0,    0,    0,    0,    0,    0,    0,    0,    0,    0,    0,    0,    0,    0,    0,    0,    0,    0,    0,    0,    0,    0,    0,    0,    0,    0,    0,    0,    0,    0,    0,    0,    0,    0,    0,    0,    0,    0,    0,    3,    0,    0,    0,    0,    0,    0,    0,    0,    0,    0,    0,    0,    0,    0,    0,    0,    0,    0,    0,   -4,    0,    0,   -6,    0,    0,    0,    0,    0,    0,    0,    0,    0,    0,    0,    0,    0,    0,    0,    0,    0,    0,    0,    0,    0,    0,    0,    0,    0,    0,    0,    0,    0,    0,    0,    0,    0,    0,    0,    0,    0,    0,    0,    0,    0,    0,    0,    0,    0,    0,    0,    0,    0,    0,    0,    0,    0,    0,    0,    0,    0,    0,    0,    0,    0,    0,    0,    0,    0,    0,    0,    0,    0,    0,    0,    0,    0,    0,    0,    0,    0,    0,    5,    5,    0,    0,    0,    0,    0,
       0,  -20,    0,    0,  -11,   -8,    0,    7,   -6,    0,  -11,    0,    0,    0,    0,    0,    0,    0,    0,    0,    0,    0,    0,    0,    0,    0,    0,   -5,    0,  -13,    0,    0,    0,    0,    0,    0,    0,    0,    0,    0,    0,    0,    0,    0,    0,    0,    0,    0,   -9,    0,    0,    0,    0,    0,    0,    0,    0,    0,    0,    0,    0,    0,    0,    0,    0,    0,    0,  -21,    0,   -5,    0,    0,   -4,    0,    0,   -6,    0,    0,    0,    0,   -5,   -4,   -4,   -9,    0,    0,    0,    0,    0,    0,   -6,    0,    0,    0,    0,    0,    0,   -4,   -4,    0,   -5,    0,    0,   -4,    0,    0,    0,    0,    0,    0,    0,    0,    0,    0,   -5,    0,    0,    0,  -24,   -4,    0,    0,    0,    0,    0,    0,    0,    0,  -10,    0,    0,    0,    0,    0,    0,    0,    0,    0,    0,    0,    0,    0,    0,    0,    0,    0,    0,    0,    0,    0,    0,    0,  -20,  -17,    0,    0,    0,    0,    0,
       0,  -14,    0,    0,    0,   -9,    7,    7,    0,    0,   -6,    0,    0,    0,    0,    0,    0,    0,    0,    0,    0,    0,    0,    0,    0,    0,    0,    0,    0,  -10,    0,    0,    0,    0,    0,    0,    0,    0,    0,    0,    0,    0,    0,    0,    0,    0,    0,    0,   -7,    0,    0,    0,    0,    0,    0,    0,    0,    0,    0,    0,    0,    0,    0,    0,    0,    0,    0,  -15,    0,    0,    0,    0,    0,    0,    0,    0,    0,    0,    0,    0,    0,   -4,    0,    0,    0,    0,    0,    0,    0,    0,    0,    0,    0,    0,    0,    0,    0,   -5,    0,    0,    0,    0,    0,    0,    0,    0,    0,    0,    0,    0,    0,    0,    0,    0,   -5,    0,    0,    0,  -12,   -4,    0,   -4,    0,    8,    0,    0,    0,    0,  -10,    0,    0,    0,    0,    0,    0,    0,    0,    0,    0,    0,    0,    0,    0,    0,    0,    0,    0,    0,    0,    0,    0,    0,  -11,  -11,    0,    0,    0,    0,    0,
       0,    0,    0,   -6,    8,  -13,   10,  -17,    8,    3,    0,   -5,    0,    0,    0,    0,    0,    0,    0,    0,    0,    0,    0,    0,    0,    0,    0,    0,    0,    9,    0,    0,    0,    0,    0,    0,    0,    0,    0,    0,    0,    0,    0,    0,    0,    0,    0,   -5,    6,  -17,    0,    0,    0,    0,    0,    0,    0,    0,    0,    0,    0,    0,    0,    0,    0,    0,    0,    8,  -12,    0,    7,    4,    4,    8,    6,    8,    0,    0,  -18,  -18,   12,    0,    0,    0,   -3,   -7,    0,    0,    6,   -7,    8,    0,    6,    0,  -13,    0,   -7,  -13,  -12,   -9,   11,  -17,    0,   -8,    5,    0,    5,    4,   -6,    3,    0,    0,    0,    4,   -6,    0,  -13,   -7,    6,  -13,    0,   -8,  -18,   13,    0,   -6,   -5,    0,  -19,    0,    0,    0,    0,    0,    0,    0,    0,    0,    0,    0,    0,    0,    0,    0,    0,    0,    0,    0,    0,    0,    0,    0,    0,    0,    0,    0,    0,    0,    0,
       0,    4,    0,  -10,   11,    0,  -27,  -10,  -31,   -4,    9,  -10,    0,    0,    0,    0,    0,    0,    0,    0,    0,    0,    0,    0,    0,    0,    0,    0,    0,   12,    0,    0,    0,    0,    0,    0,    0,    0,    0,    0,    0,    0,    0,    0,    0,    0,    0,   -6,    8,  -13,    0,    0,    0,    0,    0,    0,    0,    0,    0,    0,    0,    0,    0,    0,    0,    0,    0,   11,   -7,    0,  -29,  -22,    6,  -22,  -20,    8,    0,   -3,   -8,   -7,   11,    0,    0,   -7,  -14,   -5,   -6,   -6,  -19,  -12,    0,    0,  -19,  -10,  -18,   -6,  -13,    0,    0,  -13,    0,    0,   -6,    0,    0,   -5,  -10,    7,  -11,  -13,    0,   18,    0,    7,    0,    0,   -7,  -12,    9,    0,    0,    0,    0,  -26,   -8,    0,   -7,    0,    0,    0,    0,    0,    0,    0,    0,    0,    0,    0,    0,    0,    0,    0,    0,    0,    0,    0,    0,    0,    0,    0,    0,    0,    9,   12,    0,    0,    0,    0,    0,
       0,  -19,    0,   -6,    0,  -27,   10,    0,    8,    6,  -11,    0,    0,    0,    0,    0,    0,    0,    0,    0,    0,    0,    0,    0,    0,    0,    0,    0,    0,   -9,    0,    0,    0,    0,    0,    0,    0,    0,    0,    0,    0,    0,    0,    0,    0,    0,    0,   -3,    0,   -5,    4,    0,    0,    0,    0,    0,    0,    0,    0,    0,    0,    0,    0,    0,    0,    0,    0,  -27,   -6,    6,   11,    4,    0,   12,    6,    8,    4,    0,   -8,   -9,   12,  -14,    0,    0,    0,    0,    0,    0,    6,    0,    8,    0,    6,    0,   -4,    0,    0,   -9,   -7,    0,    8,   -8,    0,   -7,    5,    0,    5,    0,    0,    3,    0,    0,    0,    0,   -6,    0,   -7,    0,  -23,   -8,    0,  -12,   -6,   13,    0,   -6,    0,    0,  -14,    0,    0,    0,    0,    0,    0,    0,    0,    0,    0,    0,    0,    0,    0,    0,    0,    0,    0,    0,    0,    0,    0,    0,  -25,  -22,    0,    0,    0,    0,    0,
       0,    0,    0,    0,   -4,   -4,    0,    4,  -10,    4,   -7,    0,    0,    0,    0,    0,    0,    0,    0,    0,    0,    0,    0,    0,    0,    0,    0,    0,    0,   -8,    0,    0,    0,    0,    0,    0,    0,    0,    0,    0,    0,    0,    0,    0,    0,    0,    0,    0,   -6,    3,    4,    0,    0,    0,    0,    0,    0,    0,    0,    0,    0,    0,    0,    0,    0,    0,    0,   -6,    0,   -3,    0,    0,    0,   -3,    0,   -4,    0,    0,    0,    0,   -7,    0,   -4,   -6,    0,    0,    0,    0,    0,    0,    0,    0,    0,    0,    0,    0,    0,    0,    0,    0,   -3,    0,    0,    0,    0,    0,    0,    0,    0,    0,    0,    0,    0,    0,    0,    0,    0,    0,   -7,    0,    0,    0,    0,    0,    0,    0,    0,    0,    0,    0,    0,    0,    0,    0,    0,    0,    0,    0,    0,    0,    0,    0,    0,    0,    0,    0,    0,    0,    0,    0,    0,    0,    0,    0,    0,    0,    0,    0,    0,
       0,   -6,    0,    0,    7,  -12,    9,    0,   12,    0,   -4,    0,    0,    0,    0,    0,    0,    0,    0,    0,    0,    0,    0,    0,    0,    0,    0,    0,    0,    6,    0,    0,    0,    0,    0,    0,    0,    0,    0,    0,    0,    0,    0,    0,    0,    0,    0,   -5,    6,   -5,    0,    0,    0,    0,    0,    0,    0,    0,    0,    0,    0,    0,    0,    0,    0,    0,    0,   -9,    0,    0,    6,    5,    0,    6,    5,    6,    4,    0,    0,  -10,    6,  -10,    0,    0,    0,    0,    0,    0,    5,    0,    6,    0,    6,    0,    0,    0,    0,    0,    7,    0,    6,   -7,    0,    0,    0,    0,    0,    0,    0,    0,    0,    0,   20,    0,    0,    0,    0,    0,   -7,    0,    0,   -7,    0,   11,    0,    0,    0,    0,    0,    0,    0,    0,    0,    0,    0,    0,    0,    0,    0,    0,    0,    0,    0,    0,    0,    0,    0,    0,    0,    0,    0,    0,   -4,   -4,    0,    0,    0,    0,    0,
       0,    0,    0,   -6,    8,  -13,   10,  -17,    8,    3,    4,   -5,    0,    0,    0,    0,    0,    0,    0,    0,    0,    0,    0,    0,    0,    0,    0,    0,    0,    9,    0,    0,    0,    0,    0,    0,    0,    0,    0,    0,    0,    0,    0,    0,    0,    0,    0,   -4,    7,  -17,    0,    0,    0,    0,    0,    0,    0,    0,    0,    0,    0,    0,    0,    0,    0,    0,    0,    8,  -11,    0,    7,    4,    6,    8,    6,    8,    0,    0,  -18,  -15,   12,    0,    0,    0,   -3,   -6,    0,    0,    6,   -6,    8,    0,    6,    0,  -13,    0,   -6,   -9,   -7,   -8,   11,  -12,    0,   -8,    0,    0,    0,    6,   -5,    3,    0,    0,    0,    6,   -6,    0,  -11,   -6,    8,   -9,    0,   -4,  -14,   13,    0,   -3,   -5,    0,  -15,    0,    0,    0,    0,    0,    0,    0,    0,    0,    0,    0,    0,    0,    0,    0,    0,    0,    0,    0,    0,    0,    0,    0,    0,    0,    0,    0,    0,    0,    0,
       0,    0,    0,    0,   -4,   -4,    0,    4,  -10,    4,   -7,    0,    0,    0,    0,    0,    0,    0,    0,    0,    0,    0,    0,    0,    0,    0,    0,    0,    0,   -8,    0,    0,    0,    0,    0,    0,    0,    0,    0,    0,    0,    0,    0,    0,    0,    0,    0,    0,   -6,    3,    4,    0,    0,    0,    0,    0,    0,    0,    0,    0,    0,    0,    0,    0,    0,    0,    0,   -6,    0,   -4,    0,    0,    0,   -3,    0,   -3,    0,    0,    0,    0,   -7,    0,    0,   -5,    0,    0,    0,    0,    0,    0,    0,    0,    0,    0,    0,    0,    0,    0,    0,    0,   -3,    0,    0,    0,    0,    0,    0,    0,    0,    0,    0,    0,    0,    0,    0,    0,    0,    0,   -6,    0,    0,    0,    0,    0,    0,    0,    0,    0,    0,    0,    0,    0,    0,    0,    0,    0,    0,    0,    0,    0,    0,    0,    0,    0,    0,    0,    0,    0,    0,    0,    0,    0,    0,    0,    0,    0,    0,    0,    0,
       0,    0,    0,   -4,   -5,   -3,    0,    0,    0,    0,   -5,    0,    0,    0,    0,    0,    0,    0,    0,    0,    0,    0,    0,    0,    0,    0,    0,   -3,    0,   -4,    0,    0,    0,    0,    0,    0,    0,    0,    0,    0,    0,    0,    0,    0,    0,    0,    0,    0,   -4,    0,    0,    0,    0,    0,    0,    0,    0,    0,    0,    0,    0,    0,    0,    0,    0,    0,    0,   -3,    0,    0,    0,    0,    0,    0,    0,    0,    0,    0,    0,    0,    0,    0,    0,    0,    0,    0,    0,    0,    0,    0,    0,    0,    0,    0,    0,    0,    0,    0,    0,   -4,    0,   -4,    0,    0,    0,    0,    0,    0,    0,    0,    0,    0,    0,    0,    0,    0,    0,    0,   -4,    0,    0,    0,    0,    0,    0,    0,    0,    0,    0,    0,    0,    0,    0,    0,    0,    0,    0,    0,    0,    0,    0,    0,    0,    0,    0,    0,    0,    0,    0,    0,    0,    0,   -7,   -5,    0,    0,    0,    0,    0,
       0,    0,    0,    0,   -7,    0,  -13,    7,  -17,    0,   -6,    0,    0,    0,    0,    0,    0,    0,    0,    0,    0,    0,    0,    0,    0,    0,    0,   -3,    0,   -7,    0,    0,    0,    0,    0,    0,    0,    0,    0,    0,    0,    0,    0,    0,    0,    0,    0,    0,   -8,    3,    0,    0,    0,    0,    0,    0,    0,    0,    0,    0,    0,    0,    0,    0,    0,    0,    0,   -8,    0,    0,   -8,    0,   -8,   -8,    0,  -12,   -7,    0,    0,    0,  -13,    0,   -9,   -5,    0,    0,    0,    0,    0,    0,    0,    0,    0,    0,    0,    0,    0,    0,    0,    0,    0,    0,    0,    0,    0,    0,    0,    0,    0,    0,    0,    0,    0,    0,    0,    0,    0,    0,  -10,    0,    0,    0,    0,   -7,    0,    0,    0,   -8,    0,    0,    0,    0,    0,    0,    0,    0,    0,    0,    0,    0,    0,    0,    0,    0,    0,    0,    0,    0,    0,    0,    0,    0,    0,    3,    0,    0,    0,    0,    0,
       0,    0,    0,    0,   -3,    0,  -35,    0,  -26,    4,    0,    0,    0,    0,    0,    0,    0,    0,    0,    0,    0,    0,    0,    0,    0,    0,    0,   -5,    0,   -4,    0,    0,    0,    0,    0,    0,    0,    0,    0,    0,    0,    0,    0,    0,    0,    0,    0,    0,   -3,   -3,    4,    0,    0,    0,    0,    0,    0,    0,    0,    0,    0,    0,    0,    0,    0,    0,    0,    4,    0,    0,  -30,  -20,    0,  -23,  -19,   -5,   -4,    0,    0,    0,   -7,    0,   -3,    0,   -7,    0,    0,    0,  -14,    0,    0,    0,  -14,   -4,   -5,    0,    0,    0,    4,    0,    4,    0,    0,    0,    0,    0,    0,    0,    0,    0,    0,    0,    0,    0,    0,    4,    0,    0,    0,    4,    0,    4,    0,  -20,    0,    0,    0,    0,    0,    0,    0,    0,    0,    0,    0,    0,    0,    0,    0,    0,    0,    0,    0,    0,    0,    0,    0,    0,    0,    0,    0,    0,   10,   10,    0,    0,    0,    0,    0,
       0,    6,    0,   -6,    8,    0,  -27,  -18,  -33,  -20,    9,  -12,    0,    0,    0,    0,    0,    0,    0,    0,    0,    0,    0,    0,    0,    0,    0,    0,    0,   10,    0,    0,    0,    0,    0,    0,    0,    0,    0,    0,    0,    0,    0,    0,    0,    0,    0,   -6,    6,  -25,  -22,    0,    0,    0,    0,    0,    0,    0,    0,    0,    0,    0,    0,    0,    0,    0,    0,    9,    0,    0,  -28,  -22,    5,  -27,  -21,    6,    0,   -3,   -8,   -4,    9,    0,    0,    0,  -25,    0,    0,    0,  -15,  -16,    0,    0,  -16,   -7,  -25,    0,  -16,    0,    0,  -19,  -25,    0,    0,    0,    0,    0,  -12,    5,  -14,  -24,    0,   16,    0,    5,    0,    0,    0,  -16,    7,    0,    0,    6,    0,  -17,   -4,    0,   -5,    0,    0,    0,    0,    0,    0,    0,    0,    0,    0,    0,    0,    0,    0,    0,    0,    0,    0,    0,    0,    0,    0,    0,    0,    0,    9,    7,    0,    0,    0,    0,    0,
       0,   -4,    0,    0,  -11,    0,  -13,    6,  -13,    0,   -8,    0,    0,    0,    0,    0,    0,    0,    0,    0,    0,    0,    0,    0,    0,    0,    0,   -5,    0,  -12,    0,    0,    0,    0,    0,    0,    0,    0,    0,    0,    0,    0,    0,    0,    0,    0,    0,    0,   -9,    0,    0,    0,    0,    0,    0,    0,    0,    0,    0,    0,    0,    0,    0,    0,    0,    0,    0,   -3,    0,    0,  -12,  -11,  -11,   -9,  -10,  -14,   -9,    0,    0,    0,  -13,    0,  -11,   -4,    0,    0,    0,    0,   -8,    0,    0,    0,   -9,   -3,    0,    0,    0,    0,    0,    0,    0,    0,    0,    0,    0,    0,    0,   -3,    0,    0,    0,    0,    0,   -3,    0,    0,    0,    0,  -11,    0,    0,    0,    0,  -12,    0,    0,    0,  -11,    0,    0,    0,    0,    0,    0,    0,    0,    0,    0,    0,    0,    0,    0,    0,    0,    0,    0,    0,    0,    0,    0,    0,    0,    0,    0,    0,    0,    0,    0,    0,
       0,    0,    0,   -6,    9,   -9,    8,  -11,    8,    6,    7,   -5,    0,    0,    0,    0,    0,    0,    0,    0,    0,    0,    0,    0,    0,    0,    0,    0,    0,   10,    0,    0,    0,    0,    0,    0,    0,    0,    0,    0,    0,    0,    0,    0,    0,    0,    0,   -5,    6,  -12,    0,    0,    0,    0,    0,    0,    0,    0,    0,    0,    0,    0,    0,    0,    0,    0,    0,    9,   -9,    6,    8,    4,    5,   12,    6,    8,    3,    0,  -13,  -13,   12,    0,    0,    0,    0,   -6,    0,    0,    6,   -6,    8,    0,    6,    0,  -10,    0,   -6,   -7,   -6,   -7,    8,  -11,    0,   -7,    0,    0,    0,    5,   -5,    3,    0,    0,    0,    5,   -4,    0,  -10,   -6,    7,   -6,    0,    0,  -12,   13,    0,   -4,   -4,    0,  -13,    0,    0,    0,    0,    0,    0,    0,    0,    0,    0,    0,    0,    0,    0,    0,    0,    0,    0,    0,    0,    0,    0,    0,    3,    5,    0,    0,    0,    0,    0,
       0,    0,    0,    0,   -7,    0,  -13,    7,  -17,    0,   -6,    0,    0,    0,    0,    0,    0,    0,    0,    0,    0,    0,    0,    0,    0,    0,    0,   -3,    0,   -7,    0,    0,    0,    0,    0,    0,    0,    0,    0,    0,    0,    0,    0,    0,    0,    0,    0,    0,   -8,    3,    0,    0,    0,    0,    0,    0,    0,    0,    0,    0,    0,    0,    0,    0,    0,    0,    0,   -8,    0,    0,   -8,    0,   -8,   -8,    0,  -11,   -7,    0,    0,    0,  -13,    0,   -8,   -5,    0,    0,    0,    0,    0,    0,    0,    0,    0,    0,    0,    0,    0,    0,    0,    0,    0,    0,    0,    0,    0,    0,    0,    0,    0,    0,    0,    0,    0,    0,    0,    0,    0,    0,  -10,    0,    0,    0,    0,   -7,    0,    0,    0,   -8,    0,    0,    0,    0,    0,    0,    0,    0,    0,    0,    0,    0,    0,    0,    0,    0,    0,    0,    0,    0,    0,    0,    0,    0,    0,    3,    0,    0,    0,    0,    0,
       0,   -8,    0,    0,   -7,  -10,    0,    5,    0,    0,  -11,    0,    0,    0,    0,    0,    0,    0,    0,    0,    0,    0,    0,    0,    0,    0,    0,    0,    0,  -11,    0,    0,    0,    0,    0,    0,    0,    0,    0,    0,    0,    0,    0,    0,    0,    0,    0,    0,   -6,    0,    0,    0,    0,    0,    0,    0,    0,    0,    0,    0,    0,    0,    0,    0,    0,    0,    0,    0,    0,    0,    0,    0,    0,    0,    0,    0,    0,    0,    0,    0,    0,    0,    0,    0,    0,    0,    0,    0,    0,    0,    0,    0,    0,    0,    0,    0,    0,    0,    0,    0,    0,    0,    0,    0,    0,    0,    0,    0,    0,    0,    0,    0,    0,    0,    0,    0,    0,    0,    0,    0,    0,    0,    0,    0,    0,    0,    0,    0,   -5,    0,    0,    0,    0,    0,    0,    0,    0,    0,    0,    0,    0,    0,    0,    0,    0,    0,    0,    0,    0,    0,    0,    0,   -7,   -7,    0,    0,    0,    0,    0,
       0,    0,    0,    0,    0,   -6,    0,    8,   -6,    0,    0,    0,    0,    0,    0,    0,    0,    0,    0,    0,    0,    0,    0,    0,    0,    0,    0,   -4,    0,    0,    0,    0,    0,    0,    0,    0,    0,    0,    0,    0,    0,    0,    0,    0,    0,    0,    0,    0,    0,    0,    0,    0,    0,    0,    0,    0,    0,    0,    0,    0,    0,    0,    0,    0,    0,    0,    0,    0,    0,    0,    0,    0,    0,    0,    0,    0,    0,    0,    0,    0,    0,    0,    0,    0,    0,    0,    0,    0,    0,    0,   -5,    0,    0,    0,    0,    0,    0,    0,    0,    0,   -4,    0,    0,    0,    0,    0,    0,    0,    0,    0,    0,    0,    0,    0,    0,    0,    0,    0,    0,    0,    0,    0,    0,    0,    0,    0,    0,    0,   -5,    0,    0,    0,    0,    0,    0,    0,    0,    0,    0,    0,    0,    0,    0,    0,    0,    0,    0,    0,    0,    0,    0,    0,    0,    0,    0,    0,    0,    0,    0,
       0,   -7,    0,    0,   -6,   -5,    0,    0,    0,    0,   -6,    0,    0,    0,    0,    0,    0,    0,    0,    0,    0,    0,    0,    0,    0,    0,    0,    0,    0,   -9,    0,    0,    0,    0,    0,    0,    0,    0,    0,    0,    0,    0,    0,    0,    0,    0,    0,    0,   -6,    0,    0,    0,    0,    0,    0,    0,    0,    0,    0,    0,    0,    0,    0,    0,    0,    0,    0,    0,    0,    0,    0,    0,    0,    0,    0,    0,    0,    0,    0,    0,    0,    0,    0,    0,    0,    0,    0,    0,    0,    0,    0,    0,    0,    0,    0,    0,    0,    0,    0,    0,    0,    0,    0,    0,    0,    0,    0,    0,    0,    0,    0,    0,    0,    0,    0,    0,    0,    0,    0,    0,    0,    0,    0,    0,    0,    0,    0,    0,   -4,    0,    0,    0,    0,    0,    0,    0,    0,    0,    0,    0,    0,    0,    0,    0,    0,    0,    0,    0,    0,    0,    0,    0,   -5,   -4,    0,    0,    0,    0,    0,
       0,    0,    0,    0,    0,    0,  -19,    0,  -13,    5,    0,    0,    0,    0,    0,    0,    0,    0,    0,    0,    0,    0,    0,    0,    0,    0,    0,    0,    0,   -7,    0,    0,    0,    0,    0,    0,    0,    0,    0,    0,    0,    0,    0,    0,    0,    0,    0,    0,    0,    0,    5,    0,    0,    0,    0,    0,    0,    0,    0,    0,    0,    0,    0,    0,    0,    0,    0,    0,    0,    0,    0,    0,    0,    0,    0,    0,    0,    0,    0,    0,    0,    0,    0,    0,    0,    0,    0,    0,  -10,    0,    6,    0,  -11,    0,    0,    0,    0,    6,    8,    0,    7,    0,    0,    6,    0,    0,    0,    0,    0,    0,    0,    0,    0,    0,    8,    8,    0,    0,    0,    8,    0,    0,    8,    0,    0,    0,    0,    0,    0,    0,    0,    0,    0,    0,    0,    0,    0,    0,    0,    0,    0,    0,    0,    0,    0,    0,    0,    0,    0,    0,    0,    0,    6,    7,    0,    0,    0,    0,    0,
       0,   -7,    0,    0,    7,   -7,    9,    0,   11,    0,   -4,    0,    0,    0,    0,    0,    0,    0,    0,    0,    0,    0,    0,    0,    0,    0,    0,    0,    0,    6,    0,    0,    0,    0,    0,    0,    0,    0,    0,    0,    0,    0,    0,    0,    0,    0,    0,    0,    6,   -3,    0,    0,    0,    0,    0,    0,    0,    0,    0,    0,    0,    0,    0,    0,    0,    0,    0,    0,    0,    0,    0,    0,    0,    0,    0,    0,    0,    0,    0,    0,    0,    0,    0,    0,    0,    0,    0,    0,    5,    0,    6,    0,    6,    0,    0,    0,    0,   -4,    7,    0,    6,   -4,    0,   -3,    3,    0,    0,    0,    0,    0,    0,    0,   20,    0,    0,    0,    0,    0,    0,    0,    0,    0,    0,    0,    0,    0,    0,    0,    0,    0,    0,    0,    0,    0,    0,    0,    0,    0,    0,    0,    0,    0,    0,    0,    0,    0,    0,    0,    0,    0,    0,    0,   -6,   -4,    0,    0,    0,    0,    0,
       0,   -8,    0,    0,   -7,  -10,   -7,    4,   -4,    0,   -8,    0,    0,    0,    0,    0,    0,    0,    0,    0,    0,    0,    0,    0,    0,    0,    0,    0,    0,  -11,    0,    0,    0,    0,    0,    0,    0,    0,    0,    0,    0,    0,    0,    0,    0,    0,    0,    0,   -6,    4,    0,    0,    0,    0,    0,    0,    0,    0,    0,    0,    0,    0,    0,    0,    0,    0,    0,    0,    0,    0,    0,    0,    0,    0,    0,    0,    0,    0,    0,    0,    0,    0,    0,    0,    0,    0,    0,    0,    0,    0,    0,    0,    0,    0,    0,    0,    0,    0,    0,    0,   -5,    0,    0,    0,    0,    0,    0,    0,    0,    0,    0,    0,    0,    0,    0,    0,    0,    0,    0,    0,    0,    0,    0,    0,    0,    0,    0,    0,   -3,    0,    0,    0,    0,    0,    0,    0,    0,    0,    0,    0,    0,    0,    0,    0,    0,    0,    0,    0,    0,    0,    0,    0,   -3,   -6,    0,    0,    0,    0,    0,
       0,    0,    0,   -4,    0,    4,    4,  -15,    7,    3,    0,   -7,    0,    0,    0,    0,    0,    0,    0,    0,    0,    0,    0,    0,    0,    0,    0,    0,    0,   -9,    0,    0,    0,    0,    0,    0,    0,    0,    0,    0,    0,    0,    0,    0,    0,    0,    0,   -4,    0,  -12,    0,    0,    0,    0,    0,    0,    0,    0,    0,    0,    0,    0,    0,    0,    0,    0,    0,    0,    0,    0,    0,    0,    0,    0,    0,    0,    0,    0,    0,    0,    0,    0,    0,    0,   -3,    0,    0,    0,    6,   -5,    8,    4,    6,    0,  -12,    0,   -5,    5,    6,   -6,    7,    0,    0,    5,    5,    0,    5,    0,    0,    0,    0,    0,    0,    0,    6,    3,    0,   -5,    0,    6,    0,    0,    0,    0,    0,    0,    0,    0,    0,    0,    0,    0,    0,    0,    0,    0,    0,    0,    0,    0,    0,    0,    0,    0,    0,    0,    0,    0,    0,    0,    0,    0,    4,    8,    0,    0,    0,    0,    0,
       0,   -4,    0,    0,   -4,    0,    3,    5,    0,    0,   -4,    0,    0,    0,    0,    0,    0,    0,    0,    0,    0,    0,    0,    0,    0,    0,    0,    0,    0,   -8,    0,    0,    0,    0,    0,    0,    0,    0,    0,    0,    0,    0,    0,    0,    0,    0,    0,    0,   -4,    0,    0,    0,    0,    0,    0,    0,    0,    0,    0,    0,    0,    0,    0,    0,    0,    0,    0,    0,    0,    0,    0,    0,    0,    0,    0,    0,    0,    0,    0,    0,    0,    0,    0,    0,    0,    0,    0,    0,    0,    0,    0,    0,    4,    0,    0,    0,    0,    0,    0,    0,    0,    0,    0,    0,    0,    0,    0,    0,    0,    0,    0,    0,    0,    0,    0,    0,    0,    0,    0,    0,    0,    0,    0,    0,    0,    0,    0,    0,    0,    0,    0,    0,    0,    0,    0,    0,    0,    0,    0,    0,    0,    0,    0,    0,    0,    0,    0,    0,    0,    0,    0,    0,    0,    0,    0,    0,    0,    0,    0,
       0,    0,    0,   -4,    0,    4,    4,  -15,    7,    3,    0,   -7,    0,    0,    0,    0,    0,    0,    0,    0,    0,    0,    0,    0,    0,    0,    0,    0,    0,   -9,    0,    0,    0,    0,    0,    0,    0,    0,    0,    0,    0,    0,    0,    0,    0,    0,    0,   -4,    0,  -12,    0,    0,    0,    0,    0,    0,    0,    0,    0,    0,    0,    0,    0,    0,    0,    0,    0,    0,    0,    0,    0,    0,    0,    0,    0,    0,    0,    0,    0,    0,    0,    0,    0,    0,   -3,    0,    0,    0,    6,   -6,    8,    4,    6,    0,  -12,    0,   -6,    6,    8,   -7,    7,    0,    0,    6,    5,    0,    5,    0,   -4,    0,    0,    0,    0,    0,    8,    4,    0,   -6,    0,    7,    0,    0,    0,    0,    0,    0,    0,    0,    0,    0,    0,    0,    0,    0,    0,    0,    0,    0,    0,    0,    0,    0,    0,    0,    0,    0,    0,    0,    0,    0,    0,    0,    4,    8,    0,    0,    0,    0,    0,
       0,    0,    0,    0,   -5,    0,    0,    4,    0,    0,   -5,    0,    0,    0,    0,    0,    0,    0,    0,    0,    0,    0,    0,    0,    0,    0,    0,    0,    0,   -7,    0,    0,    0,    0,    0,    0,    0,    0,    0,    0,    0,    0,    0,    0,    0,    0,    0,    0,   -4,    0,    0,    0,    0,    0,    0,    0,    0,    0,    0,    0,    0,    0,    0,    0,    0,    0,    0,    0,    0,    0,    0,    0,    0,    0,    0,    0,    0,    0,    0,    0,    0,    0,    0,    0,    0,    0,    0,    0,    0,    0,    0,    0,    0,    0,    0,    0,    0,    0,    0,    0,    0,    0,    0,    0,    0,    0,    0,    0,    0,    0,    0,    0,    0,    0,    0,    0,    0,    0,    0,    0,    0,    0,    0,    0,    0,    0,    0,    0,   -5,    0,    0,    0,    0,    0,    0,    0,    0,    0,    0,    0,    0,    0,    0,    0,    0,    0,    0,    0,    0,    0,    0,    0,    0,    0,    0,    0,    0,    0,    0,
       0,   -4,    0,    0,   -4,   -5,    0,    0,    0,    0,   -5,    0,    0,    0,    0,    0,    0,    0,    0,    0,    0,    0,    0,    0,    0,    0,    0,    0,    0,   -9,    0,    0,    0,    0,    0,    0,    0,    0,    0,    0,    0,    0,    0,    0,    0,    0,    0,    0,   -6,    0,    0,    0,    0,    0,    0,    0,    0,    0,    0,    0,    0,    0,    0,    0,    0,    0,    0,    0,    0,    0,    0,    0,    0,    0,    0,    0,    0,    0,    0,    0,    0,    0,    0,    0,    0,    0,    0,    0,    0,    0,    0,    0,    0,    0,    0,    0,    0,    0,    0,    0,    0,    0,    0,    0,    0,    0,    0,    0,    0,    0,    0,    0,    0,    0,    0,    0,    0,    0,    0,    0,    0,    0,    0,    0,    0,    0,    0,    0,   -7,    0,    0,    0,    0,    0,    0,    0,    0,    0,    0,    0,    0,    0,    0,    0,    0,    0,    0,    0,    0,    0,    0,    0,    0,    0,    0,    0,    0,    0,    0,
       0,    0,    0,    0,   -5,    0,    0,    4,    0,    0,   -5,    0,    0,    0,    0,    0,    0,    0,    0,    0,    0,    0,    0,    0,    0,    0,    0,    0,    0,   -8,    0,    0,    0,    0,    0,    0,    0,    0,    0,    0,    0,    0,    0,    0,    0,    0,    0,    0,   -5,    0,    0,    0,    0,    0,    0,    0,    0,    0,    0,    0,    0,    0,    0,    0,    0,    0,    0,    0,    0,    0,    0,    0,    0,    0,    0,    0,    0,    0,    0,    0,    0,    0,    0,    0,    0,    0,    0,    0,    0,    0,    0,    0,    0,    0,    0,    0,    0,    0,    0,    0,    0,    0,    0,    0,    0,    0,    0,    0,    0,    0,    0,    0,    0,    0,    0,    0,    0,    0,    0,    0,    0,    0,    0,    0,    0,    0,    0,    0,   -5,    0,    0,    0,    0,    0,    0,    0,    0,    0,    0,    0,    0,    0,    0,    0,    0,    0,    0,    0,    0,    0,    0,    0,    0,    0,    0,    0,    0,    0,    0,
       0,  -10,    0,    0,   -8,  -10,  -10,    4,   -9,    0,   -9,    0,    0,    0,    0,    0,    0,    0,    0,    0,    0,    0,    0,    0,    0,    0,    0,    0,    0,  -12,    0,    0,    0,    0,    0,    0,    0,    0,    0,    0,    0,    0,    0,    0,    0,    0,    0,    0,   -7,    4,    0,    0,    0,    0,    0,    0,    0,    0,    0,    0,    0,    0,    0,    0,    0,    0,    0,    0,    0,    0,    0,    0,    0,    0,    0,    0,    0,    0,    0,    0,    0,    0,    0,    0,    0,    0,    0,    0,    0,    0,   -5,    0,    0,    0,    0,    0,    0,    0,    0,    0,   -6,    0,    0,    0,    0,    0,    0,    0,    0,    0,    0,    0,    0,    0,    0,    0,    0,    0,    0,    0,    0,    0,    0,    0,    0,    0,    0,    0,   -5,    0,    0,    0,    0,    0,    0,    0,    0,    0,    0,    0,    0,    0,    0,    0,    0,    0,    0,    0,    0,    0,    0,    0,   -9,   -8,    0,    0,    0,    0,    0,
       0,  -10,    0,    0,  -10,   -5,    0,    8,   -6,    0,   -6,    0,    0,    0,    0,    0,    0,    0,    0,    0,    0,    0,    0,    0,    0,    0,    0,   -5,    0,  -12,    0,    0,    0,    0,    0,    0,    0,    0,    0,    0,    0,    0,    0,    0,    0,    0,    0,    0,   -9,    0,    0,    0,    0,    0,    0,    0,    0,    0,    0,    0,    0,    0,    0,    0,    0,    0,    0,    0,    0,    0,    0,    0,    0,    0,    0,    0,    0,    0,    0,    0,    0,    0,    0,    0,    0,    0,    0,    0,    0,    0,   -5,    0,    0,    0,    0,    0,    0,    0,    0,    0,    0,    0,    0,    0,    0,    0,    0,   -4,    0,    0,    0,    0,    0,    0,    0,    0,    0,    0,    0,    0,    0,    0,    0,    0,    0,    0,    0,    0,   -4,    0,    0,    0,    0,    0,    0,    0,    0,    0,    0,    0,    0,    0,    0,    0,    0,    0,    0,    0,    0,    0,    0,    0,   -7,   -8,    0,    0,    0,    0,    0,
       0,    0,    0,    0,    0,    0,    6,   -3,    0,    3,   -4,   -3,    0,    0,    0,    0,    0,    0,    0,    0,    0,    0,    0,    0,    0,    0,    0,    0,    0,  -12,    0,    0,    0,    0,    0,    0,    0,    0,    0,    0,    0,    0,    0,    0,    0,    0,    0,    0,   -6,   -5,    0,    0,    0,    0,    0,    0,    0,    0,    0,    0,    0,    0,    0,    0,    0,    0,    0,    0,    0,    0,    0,    0,    0,    0,    0,    0,    0,    0,    0,    0,    0,    0,    0,    0,    0,    0,    0,    0,    0,    0,    5,    0,    0,    0,   -8,    0,    0,    0,    0,    0,    4,    0,    0,    0,    0,    0,    0,    0,    0,    0,    0,    0,    0,    0,    3,    0,    0,    0,    0,    3,    0,    0,    0,    0,    0,    0,    0,    0,    0,    0,    0,    0,    0,    0,    0,    0,    0,    0,    0,    0,    0,    0,    0,    0,    0,    0,    0,    0,    0,    0,    0,    0,    4,    8,    0,    0,    0,    0,    0,
       0,    0,    0,    0,    0,    0,  -12,    0,  -14,    0,    0,    0,    0,    0,    0,    0,    0,    0,    0,    0,    0,    0,    0,    0,    0,    0,    0,    0,    0,   -9,    0,    0,    0,    0,    0,    0,    0,    0,    0,    0,    0,    0,    0,    0,    0,    0,    0,    0,   -5,    0,    0,    0,    0,    0,    0,    0,    0,    0,    0,    0,    0,    0,    0,    0,    0,    0,    0,    0,    0,    0,    0,    0,    0,    0,    0,    0,    0,    0,    0,    0,    0,    0,    0,    0,    0,    0,    0,    0,  -10,    0,    5,    0,   -9,    0,    0,    0,    0,    5,    6,   -3,    6,    0,    0,    5,    0,    0,    0,    0,    0,    0,    0,    0,    0,    0,    6,    6,    0,    0,    0,    6,    0,    0,    6,    0,    0,    0,    0,    0,    0,    0,    0,    0,    0,    0,    0,    0,    0,    0,    0,    0,    0,    0,    0,    0,    0,    0,    0,    0,    0,    0,    0,    0,    4,    6,    0,    0,    0,    0,    0,
       0,    0,    0,    0,    0,    0,  -10,    0,  -11,    0,    0,    0,    0,    0,    0,    0,    0,    0,    0,    0,    0,    0,    0,    0,    0,    0,    0,    0,    0,   -7,    0,    0,    0,    0,    0,    0,    0,    0,    0,    0,    0,    0,    0,    0,    0,    0,    0,    0,    0,    0,    0,    0,    0,    0,    0,    0,    0,    0,    0,    0,    0,    0,    0,    0,    0,    0,    0,    0,    0,    0,    0,    0,    0,    0,    0,    0,    0,    0,    0,    0,    0,    0,    0,    0,    0,    0,    0,    0,   -8,    0,    6,    0,   -7,    0,    0,    0,    0,    6,    8,   -4,    7,    0,    0,    6,    0,    0,    0,    0,    0,    0,    0,    0,    0,    0,    8,    7,    0,    0,    0,    8,    0,    0,    4,    0,    0,    0,    0,    0,    0,    0,    0,    0,    0,    0,    0,    0,    0,    0,    0,    0,    0,    0,    0,    0,    0,    0,    0,    0,    0,    0,    0,    0,    4,    7,    0,    0,    0,    0,    0,
       0,  -15,    0,    0,  -12,   -6,    0,    8,   -7,    0,  -10,    0,    0,    0,    0,    0,    0,    0,    0,    0,    0,    0,    0,    0,    0,    0,    0,   -5,    0,  -13,    0,    0,    0,    0,    0,    0,    0,    0,    0,    0,    0,    0,    0,    0,    0,    0,    0,    0,   -9,    0,    0,    0,    0,    0,    0,    0,    0,    0,    0,    0,    0,    0,    0,    0,    0,    0,    0,    0,    0,    0,    0,    0,    0,    0,    0,    0,    0,    0,    0,    0,    0,    0,    0,    0,    0,    0,    0,    0,    0,    0,   -7,   -3,    0,    0,    0,    0,    0,   -3,   -4,    0,   -5,   -2,    0,    0,    0,    0,   -3,   -4,    0,    0,    0,    0,    0,   -4,    0,    0,    0,    0,    0,    0,    0,    0,    0,    0,    0,    0,    0,    0,   -6,    0,    0,    0,    0,    0,    0,    0,    0,    0,    0,    0,    0,    0,    0,    0,    0,    0,    0,    0,    0,    0,    0,    0,  -15,  -12,    0,    0,    0,    0,    0,
       0,    0,    0,   -4,    0,    4,    6,   -7,    7,    5,    0,   -3,    0,    0,    0,    0,    0,    0,    0,    0,    0,    0,    0,    0,    0,    0,    0,    0,    0,  -10,    0,    0,    0,    0,    0,    0,    0,    0,    0,    0,    0,    0,    0,    0,    0,    0,    0,   -3,    0,   -9,    0,    0,    0,    0,    0,    0,    0,    0,    0,    0,    0,    0,    0,    0,    0,    0,    0,    0,    0,    0,    0,    0,    0,    0,    0,    0,    0,    0,    0,    0,    0,    0,    0,    0,    0,    0,    0,    0,    6,   -4,    8,    4,    6,    0,   -8,    0,   -4,    5,    7,   -5,   11,    0,    0,    5,    5,    0,    5,    0,    0,    0,    0,    0,    0,    0,    7,    4,    0,   -4,    0,    6,    0,    0,    0,    0,    0,    0,    0,    0,    0,    0,    0,    0,    0,    0,    0,    0,    0,    0,    0,    0,    0,    0,    0,    0,    0,    0,    0,    0,    0,    0,    0,    0,    5,    9,    0,    0,    0,    0,    0,
       0,  -24,    0,    0,   -7,  -18,    0,    4,    0,    0,   -7,    0,    0,    0,    0,    0,    0,    0,    0,    0,    0,    0,    0,    0,    0,    0,    0,   -4,    0,  -11,    0,    0,    0,    0,    0,    0,    0,    0,    0,    0,    0,    0,    0,    0,    0,    0,    0,    0,   -7,    0,    0,    0,    0,    0,    0,    0,    0,    0,    0,    0,    0,    0,    0,    0,    0,    0,    0,    0,    0,    0,    0,    0,    0,    0,    0,    0,    0,    0,    0,    0,    0,    0,    0,    0,    0,    0,    0,    0,    0,    0,    0,    0,    4,    0,    0,    0,    0,  -12,   -7,    0,    0,    0,    0,   -9,    0,    0,    0,    0,    0,    0,    0,    0,    0,    0,   -8,    0,    0,    0,    0,   -7,    0,    0,    0,    0,    0,    0,    0,    0,  -13,    0,    0,    0,    0,    0,    0,    0,    0,    0,    0,    0,    0,    0,    0,    0,    0,    0,    0,    0,    0,    0,    0,    0,  -21,  -24,    0,    0,    0,    0,    0,
       0,   -8,    0,    0,   -8,  -10,  -10,    4,   -9,    0,   -9,    0,    0,    0,    0,    0,    0,    0,    0,    0,    0,    0,    0,    0,    0,    0,    0,    0,    0,  -12,    0,    0,    0,    0,    0,    0,    0,    0,    0,    0,    0,    0,    0,    0,    0,    0,    0,    0,   -6,    4,    0,    0,    0,    0,    0,    0,    0,    0,    0,    0,    0,    0,    0,    0,    0,    0,    0,    0,    0,    0,    0,    0,    0,    0,    0,    0,    0,    0,    0,    0,    0,    0,    0,    0,    0,    0,    0,    0,    0,    0,    0,    0,    0,    0,    0,    0,    0,    0,    0,    0,   -6,    0,    0,    0,    0,    0,    0,    0,    0,    0,    0,    0,    0,    0,    0,    0,    0,    0,    0,    0,    0,    0,    0,    0,    0,    0,    0,    0,    0,    0,    0,    0,    0,    0,    0,    0,    0,    0,    0,    0,    0,    0,    0,    0,    0,    0,    0,    0,    0,    0,    0,    0,   -9,   -8,    0,    0,    0,    0,    0,
       0,  -10,    0,    0,   -8,  -10,  -10,    4,   -9,    0,   -9,    0,    0,    0,    0,    0,    0,    0,    0,    0,    0,    0,    0,    0,    0,    0,    0,    0,    0,  -12,    0,    0,    0,    0,    0,    0,    0,    0,    0,    0,    0,    0,    0,    0,    0,    0,    0,    0,   -7,    4,    0,    0,    0,    0,    0,    0,    0,    0,    0,    0,    0,    0,    0,    0,    0,    0,    0,    0,    0,    0,    0,    0,    0,    0,    0,    0,    0,    0,    0,    0,    0,    0,    0,    0,    0,    0,    0,    0,    0,    0,   -5,    0,    0,    0,    0,    0,    0,    0,    0,    0,   -6,    0,    0,    0,    0,    0,    0,    0,    0,    0,    0,    0,    0,    0,    0,    0,    0,    0,    0,    0,    0,    0,    0,    0,    0,    0,    0,    0,   -4,    0,    0,    0,    0,    0,    0,    0,    0,    0,    0,    0,    0,    0,    0,    0,    0,    0,    0,    0,    0,    0,    0,    0,   -9,   -8,    0,    0,    0,    0,    0,
       0,    0,    0,    0,   -5,    0,    0,    4,    0,    0,   -5,    0,    0,    0,    0,    0,    0,    0,    0,    0,    0,    0,    0,    0,    0,    0,    0,    0,    0,   -9,    0,    0,    0,    0,    0,    0,    0,    0,    0,    0,    0,    0,    0,    0,    0,    0,    0,    0,   -6,    0,    0,    0,    0,    0,    0,    0,    0,    0,    0,    0,    0,    0,    0,    0,    0,    0,    0,    0,    0,    0,    0,    0,    0,    0,    0,    0,    0,    0,    0,    0,    0,    0,    0,    0,    0,    0,    0,    0,    0,    0,    0,    0,    0,    0,    0,    0,    0,    0,    0,    0,    0,    0,    0,    0,    0,    0,    0,    0,    0,    0,    0,    0,    0,    0,    0,    0,    0,    0,    0,    0,    0,    0,    0,    0,    0,    0,    0,    0,   -5,    0,    0,    0,    0,    0,    0,    0,    0,    0,    0,    0,    0,    0,    0,    0,    0,    0,    0,    0,    0,    0,    0,    0,    0,    0,    0,    0,    0,    0,    0,
       0,  -12,    0,   -5,    0,   -7,    0,    5,    0,    0,   -7,    0,    0,    0,    0,    0,    0,    0,    0,    0,    0,    0,    0,    0,    0,    0,    0,    0,    0,    0,    0,    0,    0,    0,    0,    0,    0,    0,    0,    0,    0,    0,    0,    0,    0,    0,    0,    0,    0,    0,    0,    0,    0,    0,    0,    0,    0,    0,    0,    0,    0,    0,    0,    0,    0,    0,    0,    0,    0,    0,    0,    0,    0,    0,    0,    0,    0,    0,    0,    0,    0,    0,    0,    0,    0,    0,    0,    0,    0,    0,    0,    0,    0,    0,    0,    0,    0,    0,    0,    0,    0,    0,    0,    0,    0,    0,    0,   -5,    0,    0,    0,    0,    9,    0,    0,    0,    0,    0,    0,    0,    0,    0,    0,    0,    0,    0,    0,    0,   -4,    0,    0,    0,    0,    0,    0,    0,    0,    0,    0,    0,    0,    0,    0,    0,    0,    0,    0,    0,    0,    0,    0,    0,  -12,   -9,    0,    0,    0,    0,    0,
       0,    0,    0,    0,    0,    0,    5,    0,    0,    0,   -3,    0,    0,    0,    0,    0,    0,    0,    0,    0,    0,    0,    0,    0,    0,    0,    0,    0,    0,   -8,    0,    0,    0,    0,    0,    0,    0,    0,    0,    0,    0,    0,    0,    0,    0,    0,    0,    0,   -6,   -4,    0,    0,    0,    0,    0,    0,    0,    0,    0,    0,    0,    0,    0,    0,    0,    0,    0,    0,    0,    0,    0,    0,    0,    0,    0,    0,    0,    0,    0,    0,    0,    0,    0,    0,    0,    0,    0,    0,    0,    0,    5,    0,    0,    0,    0,    0,    0,    0,    0,   -3,    5,    0,    0,    0,    0,    0,    0,    0,    0,    0,    0,    0,    0,    0,    0,    0,    0,    0,    0,    0,    0,    0,    0,    0,    0,    0,    0,    0,    0,    0,    0,    0,    0,    0,    0,    0,    0,    0,    0,    0,    0,    0,    0,    0,    0,    0,    0,    0,    0,    0,    0,    0,    0,    0,    0,    0,    0,    0,    0,
       0,    0,    0,    0,   -4,   -3,    0,    0,   -4,    0,  -12,    0,    0,    0,    0,    0,    0,    0,    0,    0,    0,    0,    0,    0,    0,    0,    0,    0,    0,  -11,    0,    0,    0,    0,    0,    0,    0,    0,    0,    0,    0,    0,    0,    0,    0,    0,    0,    0,   -6,    0,    0,    0,    0,    0,    0,    0,    0,    0,    0,    0,    0,    0,    0,    0,    0,    0,    0,    0,    0,    0,    0,    0,    0,    0,    0,    0,    0,    0,    0,    0,    0,    0,    0,    0,    0,    0,    0,    0,    0,    0,    0,    0,    0,    0,    0,    0,    0,    0,    0,    0,    0,    0,    0,    0,    0,    0,    0,    0,    0,    0,    0,    0,    0,    0,    0,    0,    0,    0,    0,    0,    0,    0,    0,    0,    0,    0,    0,    0,   -3,    0,    0,    0,    0,    0,    0,    0,    0,    0,    0,    0,    0,    0,    0,    0,    0,    0,    0,    0,    0,    0,    0,    0,    0,    0,    0,    0,    0,    0,    0,
       0,    0,    0,    0,    4,    0,    0,    4,    0,    0,    0,    0,    0,    0,    0,    0,    0,    0,    0,    0,    0,    0,    0,    0,    0,    0,    0,    0,    0,    0,    0,    0,    0,    0,    0,    0,    0,    0,    0,    0,    0,    0,    0,    0,    0,    0,    0,    0,    0,    0,    0,    0,    0,    0,    0,    0,    0,    0,    0,    0,    0,    0,    0,    0,    0,    0,    0,    0,    0,    0,    0,    0,    0,    0,    0,    0,    0,    0,    0,    0,    0,    0,    0,    0,    0,    0,    0,    0,    0,    0,    0,    0,    0,    0,    0,    0,    0,    0,    0,    0,    0,    0,    0,    0,    0,    0,    0,    0,    0,    0,    0,    0,    0,    0,    0,    0,    0,    0,    0,    0,    0,    0,    0,    0,    0,    0,    0,    0,   -5,    0,    0,    0,    0,    0,    0,    0,    0,    0,    0,    0,    0,    0,    0,    0,    0,    0,    0,    0,    0,    0,    0,    0,    0,    0,    0,    0,    0,    0,    0,
       0,    0,    0,   -4,    4,    0,    0,    4,    0,    0,    0,    0,    0,    0,    0,    0,    0,    0,    0,    0,    0,    0,    0,    0,    0,    0,    0,    0,    0,    3,    0,    0,    0,    0,    0,    0,    0,    0,    0,    0,    0,    0,    0,    0,    0,    0,    0,    0,    0,    0,    0,    0,    0,    0,    0,    0,    0,    0,    0,    0,    0,    0,    0,    0,    0,    0,    0,    0,    0,    0,    0,    0,    0,    0,    0,    0,    0,    0,    0,    0,    0,    0,    0,    0,    0,    0,    0,    0,    0,    0,    0,    0,    0,    0,    0,    0,    0,    0,    0,    0,    0,    0,    0,    0,    0,    0,    0,    0,    0,    0,    0,    0,   10,    0,    0,    0,    0,    0,    0,    0,    0,    0,    0,    0,    0,    0,    0,    0,   -5,    0,    0,    0,    0,    0,    0,    0,    0,    0,    0,    0,    0,    0,    0,    0,    0,    0,    0,    0,    0,    0,    0,    0,    0,    0,    0,    0,    0,    0,    0,
       0,  -12,    0,   -4,   -5,   -7,    0,    5,    0,    0,   -7,    0,    0,    0,    0,    0,    0,    0,    0,    0,    0,    0,    0,    0,    0,    0,    0,    0,    0,  -11,    0,    0,    0,    0,    0,    0,    0,    0,    0,    0,    0,    0,    0,    0,    0,    0,    0,    0,   -9,    0,    0,    0,    0,    0,    0,    0,    0,    0,    0,    0,    0,    0,    0,    0,    0,    0,    0,    0,    0,    0,    0,    0,    0,    0,    0,    0,    0,    0,    0,    0,    0,    0,    0,    0,    0,    0,    0,    0,    0,    0,    0,    0,    0,    0,    0,    0,    0,    0,    0,    0,    0,    0,    0,    0,    0,    0,    0,    0,    0,    0,    0,    0,   -3,    0,    0,    0,    0,    0,    0,    0,    0,    0,    0,    0,    0,    0,    0,    0,   -6,    0,    0,    0,    0,    0,    0,    0,    0,    0,    0,    0,    0,    0,    0,    0,    0,    0,    0,    0,    0,    0,    0,    0,  -11,   -9,    0,    0,    0,    0,    0,
       0,    0,    0,    0,   -5,    0,    0,    4,    0,    0,   -5,    0,    0,    0,    0,    0,    0,    0,    0,    0,    0,    0,    0,    0,    0,    0,    0,    0,    0,   -4,    0,    0,    0,    0,    0,    0,    0,    0,    0,    0,    0,    0,    0,    0,    0,    0,    0,    0,   -4,    0,    0,    0,    0,    0,    0,    0,    0,    0,    0,    0,    0,    0,    0,    0,    0,    0,    0,    0,    0,    0,    0,    0,    0,    0,    0,    0,    0,    0,    0,    0,    0,    0,    0,    0,    0,    0,    0,    0,    0,    0,    0,    0,    0,    0,    0,    0,    0,    0,    0,    0,    0,    0,    0,    0,    0,    0,    0,    0,    0,    0,    0,    0,    0,    0,    0,    0,    0,    0,    0,    0,    0,    0,    0,    0,    0,    0,    0,    0,   -5,    0,    0,    0,    0,    0,    0,    0,    0,    0,    0,    0,    0,    0,    0,    0,    0,    0,    0,    0,    0,    0,    0,    0,    0,    0,    0,    0,    0,    0,    0,
       0,  -17,    0,    0,   -9,  -15,    0,    0,    0,    0,   -9,    0,    0,    0,    0,    0,    0,    0,    0,    0,    0,    0,    0,    0,    0,    0,    0,   -5,    0,  -13,    0,    0,    0,    0,    0,    0,    0,    0,    0,    0,    0,    0,    0,    0,    0,    0,    0,    0,   -9,    0,    0,    0,    0,    0,    0,    0,    0,    0,    0,    0,    0,    0,    0,    0,    0,    0,    0,    0,    0,    0,    0,    0,    0,    0,    0,    0,    0,    0,    0,    0,    0,    0,    0,    0,    0,    0,    0,    0,    0,    0,    0,    0,    0,    0,    0,    0,    0,  -11,   -8,    0,    0,   -3,    0,   -7,    0,    0,   -3,   -4,    0,    0,    0,    0,    0,   -4,  -11,    0,    0,    0,    0,   -8,    0,    0,    0,    0,    0,    0,    0,    0,  -15,    0,    0,    0,    0,    0,    0,    0,    0,    0,    0,    0,    0,    0,    0,    0,    0,    0,    0,    0,    0,    0,    0,    0,  -15,  -12,    0,    0,    0,    0,    0,
       4,    7,    0,   -4,    9,    0,  -33,  -17,  -21,    0,   11,   -9,    0,    0,    0,    0,    0,    0,    0,    0,    0,    0,    0,    0,    0,    0,    0,    0,    0,   13,    0,    0,    0,    0,    0,    0,    0,    0,    0,    0,    0,    0,    0,    0,    0,    0,    0,    0,   13,  -20,    0,    0,    0,    0,    0,    0,    0,    0,    0,    0,    0,    0,    0,    0,    0,    0,    0,   11,   -4,    0,  -27,  -17,   10,  -21,  -16,   10,    7,    0,   -4,   -5,    9,    8,    7,    0,   -6,    0,   -4,   -4,  -17,  -17,    0,    0,  -18,   -8,  -17,   -5,  -18,    0,    0,  -20,    0,    0,   -4,    0,    0,    0,  -14,   12,  -15,  -11,    0,    0,    0,   12,    0,    0,   -4,  -17,   12,    0,    0,    4,   -4,  -31,   -6,    0,   -6,    4,    0,    0,    0,    0,    0,    0,    0,    0,    0,    0,    0,    0,    0,    0,    0,    0,    0,    0,    0,    0,    0,    0,    0,    0,   10,   10,    0,    0,    0,    0,    0,
       0,    5,    0,    0,    0,    6,  -18,    0,  -14,    6,    0,    0,    0,    0,    0,    0,    0,    0,    0,    0,    0,    0,    0,    0,    0,    0,    0,    0,    0,   -4,    0,    0,    0,    0,    0,    0,    0,    0,    0,    0,    0,    0,    0,    0,    0,    0,    0,    0,    0,    0,    7,    0,    0,    0,    0,    0,    0,    0,    0,    0,    0,    0,    0,    0,    0,    0,    0,    0,    0,    0,    0,    0,    0,    0,    0,    0,    0,    0,    0,    0,    0,    0,    0,    0,    0,    0,    0,    0,   -7,    0,    9,    6,   -8,    0,    0,    0,    0,   10,   11,    0,   10,    6,    0,   10,    6,    0,    0,    0,    0,    0,    0,    0,    0,    0,   11,   11,    0,    0,    0,   11,    0,    0,    8,    0,    0,    0,    0,    0,    0,    0,    0,    0,    0,    0,    0,    0,    0,    0,    0,    0,    0,    0,    0,    0,    0,    0,    0,    0,    0,    0,    0,    0,    7,   11,    0,    0,    0,    0,    0,
       0,   -6,    0,   -4,    0,   -6,    7,    0,    0,    0,   -6,    0,    0,    0,    0,    0,    0,    0,    0,    0,    0,    0,    0,    0,    0,    0,    0,    0,    0,    0,    0,    0,    0,    0,    0,    0,    0,    0,    0,    0,    0,    0,    0,    0,    0,    0,    0,    0,    0,    0,    0,    0,    0,    0,    0,    0,    0,    0,    0,    0,    0,    0,    0,    0,    0,    0,    0,    0,    0,    0,    0,    0,    0,    0,    0,    0,    0,    0,    0,    0,    0,    0,    0,    0,    0,    0,    0,    0,    0,    0,    4,    0,    4,    0,    0,    0,    0,    0,    0,    0,    4,   -5,    0,    0,    0,    0,    0,    0,    0,    0,    0,    0,   12,    0,    0,    0,    0,    0,    0,    0,    0,    0,    0,    0,    0,    0,    0,    0,    0,    0,    0,    0,    0,    0,    0,    0,    0,    0,    0,    0,    0,    0,    0,    0,    0,    0,    0,    0,    0,    0,    0,    0,   -5,    0,    0,    0,    0,    0,    0,
       0,  -31,    0,   -4,    0,  -24,    7,    0,    0,    0,   -6,    0,    0,    0,    0,    0,    0,    0,    0,    0,    0,    0,    0,    0,    0,    0,    0,   -4,    0,    0,    0,    0,    0,    0,    0,    0,    0,    0,    0,    0,    0,    0,    0,    0,    0,    0,    0,    0,    0,    0,    0,    0,    0,    0,    0,    0,    0,    0,    0,    0,    0,    0,    0,    0,    0,    0,    0,    0,    0,    0,    0,    0,    0,    0,    0,    0,    0,    0,    0,    0,    0,    0,    0,    0,    0,    0,    0,    0,    0,    0,    4,    0,    4,    0,    0,    0,    0,  -14,    0,    0,    4,   -7,    0,  -11,    0,    0,    0,    0,    0,    0,    0,    0,   12,    0,  -10,    0,    0,    0,    0,  -12,    0,    0,   -7,    0,    0,    0,    0,    0,    0,    0,    0,    0,    0,    0,    0,    0,    0,    0,    0,    0,    0,    0,    0,    0,    0,    0,    0,    0,    0,    0,    0,    0,  -27,  -30,    0,    0,    0,    0,    0,
       0,  -11,    0,    0,    0,   -3,    0,   10,    0,    0,   -7,    0,    0,    0,    0,    0,    0,    0,    0,    0,    0,    0,    0,    0,    0,    0,    0,   -4,    0,    0,    0,    0,    0,    0,    0,    0,    0,    0,    0,    0,    0,    0,    0,    0,    0,    0,    0,    0,    0,    0,    0,    0,    0,    0,    0,    0,    0,    0,    0,    0,    0,    0,    0,    0,    0,    0,    0,  -15,    0,   -6,    0,    0,   -5,    0,    0,   -8,    0,    0,    0,    0,   -7,    0,   -5,   -6,    0,    0,    0,    0,    0,    0,   -4,    0,    0,    0,    0,    0,    0,    0,    0,    0,    0,    0,    0,    0,    0,    0,    0,    0,    0,    0,    0,    0,   11,    0,    0,    0,    0,    0,  -18,    0,    0,    0,    0,    0,    0,    0,    0,    0,    0,    0,    0,    0,    0,    0,    0,    0,    0,    0,    0,    0,    0,    0,    0,    0,    0,    0,    0,    0,    0,    0,    0,    0,  -11,   -8,    0,    0,    0,    0,    0,
       0,  -17,    0,    0,    0,  -11,    0,    8,    5,    0,   -8,    0,    0,    0,    0,    0,    0,    0,    0,    0,    0,    0,    0,    0,    0,    0,    0,    0,    0,    0,    0,    0,    0,    0,    0,    0,    0,    0,    0,    0,    0,    0,    0,    0,    0,    0,    0,    0,    0,    0,    0,    0,    0,    0,    0,    0,    0,    0,    0,    0,    0,    0,    0,    0,    0,    0,    0,    0,    0,    0,    0,    0,    0,    0,    0,    0,    0,    0,    0,    0,    0,    0,    0,    0,    0,    0,    0,    0,    0,    0,    0,    0,    0,    0,    0,    0,    0,   -7,    0,    0,    0,    0,    0,   -5,    0,    0,    0,    0,    0,    0,    0,    0,   14,    0,   -5,    0,    0,    0,    0,   -4,    0,    0,    0,    0,    0,    0,    0,    0,    0,    0,    0,    0,    0,    0,    0,    0,    0,    0,    0,    0,    0,    0,    0,    0,    0,    0,    0,    0,    0,    0,    0,    0,  -15,  -15,    0,    0,    0,    0,    0,
       0,    0,    0,  -11,    8,    0,  -21,  -15,  -25,   -7,    6,  -15,    0,    0,    0,    0,    0,    0,    0,    0,    0,    0,    0,    0,    0,    0,    0,    0,    0,    9,    0,    0,    0,    0,    0,    0,    0,    0,    0,    0,    0,    0,    0,    0,    0,    0,    0,   -5,    9,  -21,   -7,    0,    0,    0,    0,    0,    0,    0,    0,    0,    0,    0,    0,    0,    0,    0,    0,    7,  -11,   -4,  -24,  -21,    7,  -23,  -20,    9,    0,   -4,  -11,  -12,    7,    4,    0,   -9,  -11,   -7,   -9,   -9,  -22,  -19,    0,   -6,  -23,  -14,  -19,  -10,  -20,    0,    0,  -21,    0,   -6,   -9,    0,   -6,   -8,  -16,    7,  -18,  -14,    0,    0,    0,    7,    0,    0,  -11,  -19,   10,    0,    0,    0,   -6,  -20,  -11,    0,  -11,    0,    0,    0,    0,    0,    0,    0,    0,    0,    0,    0,    0,    0,    0,    0,    0,    0,    0,    0,    0,    0,    0,    0,    0,    0,    0,    4,    0,    0,    0,    0,    0,
       0,    0,    0,    0,    0,    0,  -11,    0,   -9,    0,    0,    0,    0,    0,    0,    0,    0,    0,    0,    0,    0,    0,    0,    0,    0,    0,    0,    0,    0,   -7,    0,    0,    0,    0,    0,    0,    0,    0,    0,    0,    0,    0,    0,    0,    0,    0,    0,    0,    0,    0,    3,    0,    0,    0,    0,    0,    0,    0,    0,    0,    0,    0,    0,    0,    0,    0,    0,    0,    0,    0,    0,    0,    0,    0,    0,    0,    0,    0,    0,    0,    0,    0,    0,    0,    0,    0,    0,    0,   -8,    0,    6,    0,   -8,    0,    0,    0,    0,    6,    8,    0,    7,    0,    0,    6,    0,    0,    0,    0,    0,    0,    0,    0,    0,    0,    8,    7,    0,    0,    0,    8,    0,    0,    4,    0,    0,    0,    0,    0,    0,    0,    0,    0,    0,    0,    0,    0,    0,    0,    0,    0,    0,    0,    0,    0,    0,    0,    0,    0,    0,    0,    0,    0,    0,    7,    0,    0,    0,    0,    0,
       0,  -20,    0,   -5,   -4,   -9,    4,    5,    0,    0,  -10,    0,    0,    0,    0,    0,    0,    0,    0,    0,    0,    0,    0,    0,    0,    0,    0,   -5,    0,  -14,    0,    0,    0,    0,    0,    0,    0,    0,    0,    0,    0,    0,    0,    0,    0,    0,    0,    0,  -10,    0,    0,    0,    0,    0,    0,    0,    0,    0,    0,    0,    0,    0,    0,    0,    0,    0,    0,  -21,    0,    0,    0,    0,    0,    0,    0,    0,    0,    0,    0,    0,    0,   -6,    0,    0,    0,    0,    0,    0,    0,    0,    0,    0,    0,    0,    0,    0,    0,    0,    0,    0,    0,    0,    0,    0,    0,    0,    0,    0,    0,    0,    0,    0,    0,    0,    0,    0,    0,    0,  -23,    0,    0,   -4,    0,    5,    0,    0,    0,    0,    0,    0,    0,    0,    0,    0,    0,    0,    0,    0,    0,    0,    0,    0,    0,    0,    0,    0,    0,    0,    0,    0,    0,    0,  -20,  -17,    0,    0,    0,    0,    0,
       0,  -11,    0,   -4,   -5,   -7,    0,    5,    0,    0,   -7,    0,    0,    0,    0,    0,    0,    0,    0,    0,    0,    0,    0,    0,    0,    0,    0,    0,    0,  -11,    0,    0,    0,    0,    0,    0,    0,    0,    0,    0,    0,    0,    0,    0,    0,    0,    0,    0,   -9,    0,    0,    0,    0,    0,    0,    0,    0,    0,    0,    0,    0,    0,    0,    0,    0,    0,    0,    0,    0,    0,    0,    0,    0,    0,    0,    0,    0,    0,    0,    0,    0,    0,    0,    0,    0,    0,    0,    0,    0,    0,    0,    0,    0,    0,    0,    0,    0,    0,    0,    0,    0,    0,    0,    0,    0,    0,    0,    0,    0,    0,    0,    0,   -3,    0,    0,    0,    0,    0,    0,    0,    0,    0,    0,    0,    0,    0,    0,    0,   -6,    0,    0,    0,    0,    0,    0,    0,    0,    0,    0,    0,    0,    0,    0,    0,    0,    0,    0,    0,    0,    0,    0,    0,   -9,   -6,    0,    0,    0,    0,    0,
       0,    0,    0,    0,   -7,    0,    0,    4,   -6,    0,   -5,    0,    0,    0,    0,    0,    0,    0,    0,    0,    0,    0,    0,    0,    0,    0,    0,   -3,    0,   -9,    0,    0,    0,    0,    0,    0,    0,    0,    0,    0,    0,    0,    0,    0,    0,    0,    0,    0,   -6,    0,    0,    0,    0,    0,    0,    0,    0,    0,    0,    0,    0,    0,    0,    0,    0,    0,    0,    0,    0,    0,    0,    0,   -6,    0,    0,    0,    0,    0,    0,    0,    0,    0,   -5,   -5,    0,    0,    0,    0,    0,    0,    0,    0,    0,    0,    0,    0,    0,    0,    0,    0,    0,    0,    0,    0,    0,    0,    0,    0,    0,    0,    0,    0,    0,    0,    0,    0,    0,    0,   -9,    0,    0,    0,    0,    0,    0,    0,    0,    0,    0,    0,    0,    0,    0,    0,    0,    0,    0,    0,    0,    0,    0,    0,    0,    0,    0,    0,    0,    0,    0,    0,    0,    0,    0,    0,    0,    0,    0,    0,    0,
       0,    0,    0,   -6,    0,  -12,    0,    0,    0,    0,    0,    0,    0,    0,    0,    0,    0,    0,    0,    0,    0,    0,    0,    0,    0,    0,    0,   -6,    0,    0,    0,    0,    0,    0,    0,    0,    0,    0,    0,    0,    0,    0,    0,    0,    0,    0,    0,    0,    0,    0,    0,    0,    0,    0,    0,    0,    0,    0,    0,    0,    0,    0,    0,    0,    0,    0,    0,    0,   -5,    0,    0,    0,    0,    0,    0,    0,    0,    0,   -6,   -8,    0,    0,    0,    0,    0,    0,    0,    0,    0,    0,    0,    0,    0,    0,    0,    0,    0,  -12,    0,    0,    0,   -7,    0,  -10,    0,    0,    0,    0,    0,    0,    0,    0,    5,    0,   -9,    0,   -6,    0,    0,  -12,    0,  -11,   -5,    0,    0,   -5,    0,    0,    0,    0,    0,    0,    0,    0,    0,    0,    0,    0,    0,    0,    0,    0,    0,    0,    0,    0,    0,    0,    0,    0,    0,    0,    0,    0,    0,    0,    0,    0,    0,
       0,    0,    0,   -4,    0,    0,    6,    0,    0,    0,    0,    0,    0,    0,    0,    0,    0,    0,    0,    0,    0,    0,    0,    0,    0,    0,    0,    0,    0,    0,    0,    0,    0,    0,    0,    0,    0,    0,    0,    0,    0,    0,    0,    0,    0,    0,    0,    0,    0,   -3,    0,    0,    0,    0,    0,    0,    0,    0,    0,    0,    0,    0,    0,    0,    0,    0,    0,    0,    0,    0,    0,    0,    0,    0,    0,    0,    0,    0,    0,    0,    0,    0,    0,    0,    0,    0,    0,    0,    0,    0,    4,    0,    4,    0,    0,    0,    0,    3,    5,    0,    4,    0,    0,    3,    0,    0,    0,    0,    0,    0,    0,    0,   12,    0,    5,    0,    0,    0,    0,    4,    0,    0,    0,    0,    0,    0,    0,    0,    0,    0,    0,    0,    0,    0,    0,    0,    0,    0,    0,    0,    0,    0,    0,    0,    0,    0,    0,    0,    0,    0,    0,    0,    0,    4,    0,    0,    0,    0,    0,
       0,    0,    0,    0,    0,    0,    0,    4,    0,    0,   -5,    0,    0,    0,    0,    0,    0,    0,    0,    0,    0,    0,    0,    0,    0,    0,    0,    0,    0,    0,    0,    0,    0,    0,    0,    0,    0,    0,    0,    0,    0,    0,    0,    0,    0,    0,    0,    0,    0,    0,    0,    0,    0,    0,    0,    0,    0,    0,    0,    0,    0,    0,    0,    0,    0,    0,    0,    0,    0,    0,    0,    0,    0,    0,    0,    0,    0,    0,    0,    0,    0,    0,    0,    0,    0,    0,    0,    0,    0,    0,    0,    0,    0,    0,    0,    0,    0,    0,    0,    0,    0,    0,    0,    0,    0,    0,    0,    0,    0,    0,    0,    0,    8,    0,    0,    0,    0,    0,    0,    0,    0,    0,    0,    0,    0,    0,    0,    0,   -5,    0,    0,    0,    0,    0,    0,    0,    0,    0,    0,    0,    0,    0,    0,    0,    0,    0,    0,    0,    0,    0,    0,    0,    0,    0,    0,    0,    0,    0,    0,
       0,    0,    0,    0,    0,    0,    8,    0,    0,    0,    0,    0,    0,    0,    0,    0,    0,    0,    0,    0,    0,    0,    0,    0,    0,    0,    0,    0,    0,    0,    0,    0,    0,    0,    0,    0,    0,    0,    0,    0,    0,    0,    0,    0,    0,    0,    0,    0,    0,    0,    0,    0,    0,    0,    0,    0,    0,    0,    0,    0,    0,    0,    0,    0,    0,    0,    0,    0,    0,    0,    4,    0,    0,    4,    0,    4,    0,    0,    0,   -6,    4,    0,    0,    0,    0,    0,    0,    0,    0,    0,    0,    0,    0,    0,    0,    0,    0,    0,    0,    0,    0,    0,    0,    0,    0,    0,    0,    0,    0,    0,    0,    0,    0,    0,    0,    0,    0,    0,    0,    0,    0,    0,    0,    9,    0,    0,    0,    0,    0,    0,    0,    0,    0,    0,    0,    0,    0,    0,    0,    0,    0,    0,    0,    0,    0,    0,    0,    0,    0,    0,    0,    0,    0,    0,    0,    0,    0,    0,    0,
       0,   -8,    0,    0,   -6,   -4,    0,    8,    0,    0,   -6,    0,    0,    0,    0,    0,    0,    0,    0,    0,    0,    0,    0,    0,    0,    0,    0,    0,    0,   -9,    0,    0,    0,    0,    0,    0,    0,    0,    0,    0,    0,    0,    0,    0,    0,    0,    0,    0,   -6,    0,    0,    0,    0,    0,    0,    0,    0,    0,    0,    0,    0,    0,    0,    0,    0,    0,    0,    0,    0,    0,    0,    0,    0,    0,    0,    0,    0,    0,    0,    0,    0,    0,    0,    0,    0,    0,    0,    0,    0,    0,    0,    0,    0,    0,    0,    0,    0,    0,    0,    0,    0,    0,    0,    0,    0,    0,    0,    0,    0,    0,    0,    0,    0,    0,    0,    0,    0,    0,    0,    0,    0,    0,    0,    0,    0,    0,    0,    0,   -3,    0,    0,    0,    0,    0,    0,    0,    0,    0,    0,    0,    0,    0,    0,    0,    0,    0,    0,    0,    0,    0,    0,    0,   -6,   -6,    0,    0,    0,    0,    0,
       0,    0,    0,    0,   -7,    0,   -5,    7,  -11,    0,   -5,    0,    0,    0,    0,    0,    0,    0,    0,    0,    0,    0,    0,    0,    0,    0,    0,    0,    0,   -9,    0,    0,    0,    0,    0,    0,    0,    0,    0,    0,    0,    0,    0,    0,    0,    0,    0,    0,   -7,    0,    0,    0,    0,    0,    0,    0,    0,    0,    0,    0,    0,    0,    0,    0,    0,    0,    0,    0,    0,    0,   -6,    0,   -7,   -6,    0,  -10,   -6,    0,    0,    0,   -9,    0,   -8,   -5,    0,    0,    0,    0,    0,    0,    0,    0,    0,    0,    0,    0,    0,    0,    0,    0,    0,    0,    0,    0,    0,    0,    0,    0,    0,    0,    0,    0,    0,    0,    0,    0,    0,    0,  -10,    0,    0,    0,    0,   -6,    0,    0,    0,   -7,    0,    0,    0,    0,    0,    0,    0,    0,    0,    0,    0,    0,    0,    0,    0,    0,    0,    0,    0,    0,    0,    0,    0,    0,    0,    0,    0,    0,    0,    0,    0,
       0,    0,    0,    0,    0,   -5,    0,    6,   -5,    0,    0,    0,    0,    0,    0,    0,    0,    0,    0,    0,    0,    0,    0,    0,    0,    0,    0,    0,    0,    0,    0,    0,    0,    0,    0,    0,    0,    0,    0,    0,    0,    0,    0,    0,    0,    0,    0,    0,    0,    0,    0,    0,    0,    0,    0,    0,    0,    0,    0,    0,    0,    0,    0,    0,    0,    0,    0,    0,    0,   -4,    0,    0,    0,    0,    0,    0,    0,    0,    0,    0,    0,    0,    0,   -6,    0,    0,    0,    0,    0,    0,   -5,    0,    0,    0,    0,    0,    0,   -6,   -5,    0,   -4,    0,    0,   -6,    0,    0,    0,    0,    0,    0,    0,    0,    0,    0,   -3,    0,    0,    0,    0,   -6,    0,    0,    0,    0,    0,    0,    0,    0,  -12,    0,    0,    0,    0,    0,    0,    0,    0,    0,    0,    0,    0,    0,    0,    0,    0,    0,    0,    0,    0,    0,    0,    0,    0,    0,    0,    0,    0,    0,    0,
       0,    0,    0,   -4,    0,    0,    6,    0,    0,    0,   -5,    0,    0,    0,    0,    0,    0,    0,    0,    0,    0,    0,    0,    0,    0,    0,    0,    0,    0,    0,    0,    0,    0,    0,    0,    0,    0,    0,    0,    0,    0,    0,    0,    0,    0,    0,    0,   -4,    0,   -5,    0,    0,    0,    0,    0,    0,    0,    0,    0,    0,    0,    0,    0,    0,    0,    0,    0,    0,    0,    0,    0,    0,    0,    0,    0,    0,    0,    0,    0,    0,    0,    0,    0,    0,    0,    0,    0,    0,    0,    0,    4,    0,    0,    0,    0,    0,    0,    0,    0,   -4,    4,    0,    0,    0,    0,    0,    0,    0,    0,    0,    0,    0,   13,    0,    0,    0,    0,    0,    0,    0,    0,    0,    0,    0,    0,    0,    0,    0,    0,    0,    0,    0,    0,    0,    0,    0,    0,    0,    0,    0,    0,    0,    0,    0,    0,    0,    0,    0,    0,    0,    0,    0,    0,    0,    0,    0,    0,    0,    0,
       0,    0,    0,    0,    0,    0,    0,    0,    0,    0,    0,    0,    0,    0,    0,    0,    0,    0,    0,    0,    0,    0,    0,    0,    0,    0,    0,    0,    0,    0,    0,    0,    0,    0,    0,    0,    0,    0,    0,    0,    0,    0,    0,    0,    0,    0,    0,    0,    0,    0,    0,    0,    0,    0,    0,    0,    0,    0,    0,    0,    0,    0,    0,    0,    0,    0,    0,    0,    0,    0,    0,    0,    0,    0,    0,    0,    0,    0,    0,    0,    0,    0,    0,    0,    0,    0,    0,    0,    0,    0,    0,    0,    0,    0,    0,    0,    0,    0,    0,    0,    0,    0,    0,    0,    0,    0,    0,    0,    0,    0,    0,    0,    0,    0,    0,    0,    0,    0,    0,    0,    0,    0,    0,    0,    0,    0,    0,    0,    0,    0,    0,    0,    0,    0,    0,    0,    0,   -7,    0,   -4,   -1,    0,    0,    0,    0,    0,   -7,    0,   -3,    0,   -7,    0,    0,    0,    0,    0,    0,    0,    0,
       0,    0,    0,    0,    0,    0,    0,    0,    0,    0,    0,    0,    0,    0,    0,    0,    0,    0,    0,    0,    0,    0,    0,    0,    0,    0,    0,    0,    0,    0,    0,    0,    0,    0,    0,    0,    0,    0,    0,    0,    0,    0,    0,    0,    0,    0,    0,    0,    0,    0,    0,    0,    0,    0,    0,    0,    0,    0,    0,    0,    0,    0,    0,    0,    0,    0,    0,    0,    0,    0,    0,    0,    0,    0,    0,    0,    0,    0,    0,    0,    0,    0,    0,    0,    0,    0,    0,    0,    0,    0,    0,    0,    0,    0,    0,    0,    0,    0,    0,    0,    0,    0,    0,    0,    0,    0,    0,    0,    0,    0,    0,    0,    0,    0,    0,    0,    0,    0,    0,    0,    0,    0,    0,    0,    0,    0,    0,    0,    0,    0,    0,    0,   -2,    0,    0,    0,    0,    0,   -2,    0,    0,    0,    0,   -8,    0,    0,   -8,    0,    0,   -3,    0,    0,    0,    0,    0,    0,    0,    0,    0,
       0,    0,    0,    0,    0,    0,    0,    0,    0,    0,    0,    0,    0,    0,    0,    0,    0,    0,    0,    0,    0,    0,    0,    0,    0,    0,    0,    0,    0,    0,    0,    0,    0,    0,    0,    0,    0,    0,    0,    0,    0,    0,    0,    0,    0,    0,    0,    0,    0,    0,    0,    0,    0,    0,    0,    0,    0,    0,    0,    0,    0,    0,    0,    0,    0,    0,    0,    0,    0,    0,    0,    0,    0,    0,    0,    0,    0,    0,    0,    0,    0,    0,    0,    0,    0,    0,    0,    0,    0,    0,    0,    0,    0,    0,    0,    0,    0,    0,    0,    0,    0,    0,    0,    0,    0,    0,    0,    0,    0,    0,    0,    0,    0,    0,    0,    0,    0,    0,    0,    0,    0,    0,    0,    0,    0,    0,    0,    0,    0,    0,    3,    0,    0,    0,    0,    0,   -2,   -8,    0,   -2,   -4,    0,   -5,    0,    0,    0,   -3,    0,    0,    0,    0,    0,    0,    0,    0,    0,    0,    0,    0,
       0,    0,    0,    0,    0,    0,    0,    0,    0,    0,    0,    0,    0,    0,    0,    0,    0,    0,    0,    0,    0,    0,    0,    0,    0,    0,    0,    0,    0,    0,    0,    0,    0,    0,    0,    0,    0,    0,    0,    0,    0,    0,    0,    0,    0,    0,    0,    0,    0,    0,    0,    0,    0,    0,    0,    0,    0,    0,    0,    0,    0,    0,    0,    0,    0,    0,    0,    0,    0,    0,    0,    0,    0,    0,    0,    0,    0,    0,    0,    0,    0,    0,    0,    0,    0,    0,    0,    0,    0,    0,    0,    0,    0,    0,    0,    0,    0,    0,    0,    0,    0,    0,    0,    0,    0,    0,    0,    0,    0,    0,    0,    0,    0,    0,    0,    0,    0,    0,    0,    0,    0,    0,    0,    0,    0,    0,    0,    0,    0,    0,  -13,    0,    0,   -7,    0,    0,   -2,    0,  -17,  -11,    0,   -3,   -2,   -8,    0,  -17,  -11,    0,    0,  -11,    0,    0,    0,    0,    0,    0,    0,    0,    0,
       0,    0,    0,    0,    0,    0,    0,    0,    0,    0,    0,    0,    0,    0,    0,    0,    0,    0,    0,    0,    0,    0,    0,    0,    0,    0,    0,    0,    0,    0,    0,    0,    0,    0,    0,    0,    0,    0,    0,    0,    0,    0,    0,    0,    0,    0,    0,    0,    0,    0,    0,    0,    0,    0,    0,    0,    0,    0,    0,    0,    0,    0,    0,    0,    0,    0,    0,    0,    0,    0,    0,    0,    0,    0,    0,    0,    0,    0,    0,    0,    0,    0,    0,    0,    0,    0,    0,    0,    0,    0,    0,    0,    0,    0,    0,    0,    0,    0,    0,    0,    0,    0,    0,    0,    0,    0,    0,    0,    0,    0,    0,    0,    0,    0,    0,    0,    0,    0,    0,    0,    0,    0,    0,    0,    0,    0,    0,    0,    0,    0,   -4,    0,    0,    0,    0,    0,   -4,    0,    0,    0,    0,   -3,    0,   -5,    0,    0,   -7,    0,    0,   -7,    0,    0,    0,    0,    0,    0,    0,    0,    0,
       0,    0,    0,    0,    0,    0,    0,    0,    0,    0,    0,    0,    0,    0,    0,    0,    0,    0,    0,    0,    0,    0,    0,    0,    0,    0,    0,    0,    0,    0,    0,    0,    0,    0,    0,    0,    0,    0,    0,    0,    0,    0,    0,    0,    0,    0,    0,    0,    0,    0,    0,    0,    0,    0,    0,    0,    0,    0,    0,    0,    0,    0,    0,    0,    0,    0,    0,    0,    0,    0,    0,    0,    0,    0,    0,    0,    0,    0,    0,    0,    0,    0,    0,    0,    0,    0,    0,    0,    0,    0,    0,    0,    0,    0,    0,    0,    0,    0,    0,    0,    0,    0,    0,    0,    0,    0,    0,    0,    0,    0,    0,    0,    0,    0,    0,    0,    0,    0,    0,    0,    0,    0,    0,    0,    0,    0,    0,    0,    0,    0,   -2,    0,    0,    0,    0,    0,    0,    0,    0,    0,    0,    0,    0,    0,    0,    0,    0,    0,    0,    0,    0,    0,    0,    0,    0,    0,    0,    0,    0,
       0,    0,    0,    0,    0,    0,    0,    0,    0,    0,    0,    0,    0,    0,    0,    0,    0,    0,    0,    0,    0,    0,    0,    0,    0,    0,    0,    0,    0,    0,    0,    0,    0,    0,    0,    0,    0,    0,    0,    0,    0,    0,    0,    0,    0,    0,    0,    0,    0,    0,    0,    0,    0,    0,    0,    0,    0,    0,    0,    0,    0,    0,    0,    0,    0,    0,    0,    0,    0,    0,    0,    0,    0,    0,    0,    0,    0,    0,    0,    0,    0,    0,    0,    0,    0,    0,    0,    0,    0,    0,    0,    0,    0,    0,    0,    0,    0,    0,    0,    0,    0,    0,    0,    0,    0,    0,    0,    0,    0,    0,    0,    0,    0,    0,    0,    0,    0,    0,    0,    0,    0,    0,    0,    0,    0,    0,    0,    0,    0,    0,    0,    0,   -2,    0,    0,    0,   -7,    0,  -12,   -1,    0,    0,    0,    0,    0,   -7,   -5,   -2,   -2,   -2,    0,    0,    0,    0,    0,    0,    0,    0,    0,
       0,    0,    0,    0,    0,    0,    0,    0,    0,    0,    0,    0,    0,    0,    0,    0,    0,    0,    0,    0,    0,    0,    0,    0,    0,    0,    0,    0,    0,    0,    0,    0,    0,    0,    0,    0,    0,    0,    0,    0,    0,    0,    0,    0,    0,    0,    0,    0,    0,    0,    0,    0,    0,    0,    0,    0,    0,    0,    0,    0,    0,    0,    0,    0,    0,    0,    0,    0,    0,    0,    0,    0,    0,    0,    0,    0,    0,    0,    0,    0,    0,    0,    0,    0,    0,    0,    0,    0,    0,    0,    0,    0,    0,    0,    0,    0,    0,    0,    0,    0,    0,    0,    0,    0,    0,    0,    0,    0,    0,    0,    0,    0,    0,    0,    0,    0,    0,    0,    0,    0,    0,    0,    0,    0,    0,    0,    0,    0,    0,    0,  -20,    0,    0,   -7,    0,   -5,   -5,    0,    0,   -5,    0,  -10,   -5,   -5,    0,    0,   -7,    0,    0,   -7,    0,   -7,    0,    0,    0,    0,    0,    0,    0,
       0,    0,    0,    0,    0,    0,    0,    0,    0,    0,    0,    0,    0,    0,    0,    0,    0,    0,    0,    0,    0,    0,    0,    0,    0,    0,    0,    0,    0,    0,    0,    0,    0,    0,    0,    0,    0,    0,    0,    0,    0,    0,    0,    0,    0,    0,    0,    0,    0,    0,    0,    0,    0,    0,    0,    0,    0,    0,    0,    0,    0,    0,    0,    0,    0,    0,    0,    0,    0,    0,    0,    0,    0,    0,    0,    0,    0,    0,    0,    0,    0,    0,    0,    0,    0,    0,    0,    0,    0,    0,    0,    0,    0,    0,    0,    0,    0,    0,    0,    0,    0,    0,    0,    0,    0,    0,    0,    0,    0,    0,    0,    0,    0,    0,    0,    0,    0,    0,    0,    0,    0,    0,    0,    0,    0,    0,    0,    0,    0,    0,    0,    0,    0,    0,    0,    0,   -2,    0,    0,   -2,    0,    0,   -4,   -4,    0,   -7,   -7,    0,    0,    0,    0,    0,    0,    0,    0,    0,    0,    0,    0,
       0,    0,    0,    0,    0,    0,    0,    0,    0,    0,    0,    0,    0,    0,    0,    0,    0,    0,    0,    0,    0,    0,    0,    0,    0,    0,    0,    0,    0,    0,    0,    0,    0,    0,    0,    0,    0,    0,    0,    0,    0,    0,    0,    0,    0,    0,    0,    0,    0,    0,    0,    0,    0,    0,    0,    0,    0,    0,    0,    0,    0,    0,    0,    0,    0,    0,    0,    0,    0,    0,    0,    0,    0,    0,    0,    0,    0,    0,    0,    0,    0,    0,    0,    0,    0,    0,    0,    0,    0,    0,    0,    0,    0,    0,    0,    0,    0,    0,    0,    0,    0,    0,    0,    0,    0,    0,    0,    0,    0,    0,    0,    0,    0,    0,    0,    0,    0,    0,    0,    0,    0,    0,    0,    0,    0,    0,    0,    0,    0,    0,  -13,   -2,    0,    0,    0,    0,   -2,    0,  -10,   -7,    0,    0,    0,   -2,    0,  -15,   -4,    0,    0,    0,    3,   -1,    0,    0,    0,    0,    0,    0,    0,
       0,    0,    0,    0,    0,    0,    0,    0,    0,    0,    0,    0,    0,    0,    0,    0,    0,    0,    0,    0,    0,    0,    0,    0,    0,    0,    0,    0,    0,    0,    0,    0,    0,    0,    0,    0,    0,    0,    0,    0,    0,    0,    0,    0,    0,    0,    0,    0,    0,    0,    0,    0,    0,    0,    0,    0,    0,    0,    0,    0,    0,    0,    0,    0,    0,    0,    0,    0,    0,    0,    0,    0,    0,    0,    0,    0,    0,    0,    0,    0,    0,    0,    0,    0,    0,    0,    0,    0,    0,    0,    0,    0,    0,    0,    0,    0,    0,    0,    0,    0,    0,    0,    0,    0,    0,    0,    0,    0,    0,    0,    0,    0,    0,    0,    0,    0,    0,    0,    0,    0,    0,    0,    0,    0,    0,    0,    0,    0,    0,    0,    0,    0,    0,    0,    0,    0,    0,    0,    0,   -7,    0,   -2,   -7,   -8,    0,    0,   -9,    0,    0,    0,    0,    0,    0,    0,    0,    0,    0,    0,    0,
       0,    0,    0,    0,    0,    0,    0,    0,    0,    0,    0,    0,    0,    0,    0,    0,    0,    0,    0,    0,    0,    0,    0,    0,    0,    0,    0,    0,    0,    0,    0,    0,    0,    0,    0,    0,    0,    0,    0,    0,    0,    0,    0,    0,    0,    0,    0,    0,    0,    0,    0,    0,    0,    0,    0,    0,    0,    0,    0,    0,    0,    0,    0,    0,    0,    0,    0,    0,    0,    0,    0,    0,    0,    0,    0,    0,    0,    0,    0,    0,    0,    0,    0,    0,    0,    0,    0,    0,    0,    0,    0,    0,    0,    0,    0,    0,    0,    0,    0,    0,    0,    0,    0,    0,    0,    0,    0,    0,    0,    0,    0,    0,    0,    0,    0,    0,    0,    0,    0,    0,    0,    0,    0,    0,    0,    0,    0,    0,    0,    0,    0,    0,    0,    0,    0,    0,   -4,   -6,    0,   -3,    0,    0,    0,    0,    0,    0,    0,    0,    0,    0,    0,    0,    0,    0,    0,    0,    0,    0,    0,
       0,    0,    0,    0,    0,    0,    0,    0,    0,    0,    0,    0,    0,    0,    0,    0,    0,    0,    0,    0,    0,    0,    0,    0,    0,    0,    0,    0,    0,    0,    0,    0,    0,    0,    0,    0,    0,    0,    0,    0,    0,    0,    0,    0,    0,    0,    0,    0,    0,    0,    0,    0,    0,    0,    0,    0,    0,    0,    0,    0,    0,    0,    0,    0,    0,    0,    0,    0,    0,    0,    0,    0,    0,    0,    0,    0,    0,    0,    0,    0,    0,    0,    0,    0,    0,    0,    0,    0,    0,    0,    0,    0,    0,    0,    0,    0,    0,    0,    0,    0,    0,    0,    0,    0,    0,    0,    0,    0,    0,    0,    0,    0,    0,    0,    0,    0,    0,    0,    0,    0,    0,    0,    0,    0,    0,    0,    0,    0,    0,    0,    0,    0,    0,    0,    0,    0,   -2,    0,  -10,    0,   -2,    0,    0,   -2,    0,   -4,   -2,    0,    0,   -7,    0,    0,    0,    0,    0,    0,    0,    0,    0,
       0,    0,    0,    0,    0,    0,    0,    0,    0,    0,    0,    0,    0,    0,    0,    0,    0,    0,    0,    0,    0,    0,    0,    0,    0,    0,    0,    0,    0,    0,    0,    0,    0,    0,    0,    0,    0,    0,    0,    0,    0,    0,    0,    0,    0,    0,    0,    0,    0,    0,    0,    0,    0,    0,    0,    0,    0,    0,    0,    0,    0,    0,    0,    0,    0,    0,    0,    0,    0,    0,    0,    0,    0,    0,    0,    0,    0,    0,    0,    0,    0,    0,    0,    0,    0,    0,    0,    0,    0,    0,    0,    0,    0,    0,    0,    0,    0,    0,    0,    0,    0,    0,    0,    0,    0,    0,    0,    0,    0,    0,    0,    0,    0,    0,    0,    0,    0,    0,    0,    0,    0,    0,    0,    0,    0,    0,    0,    0,    0,    0,    0,    0,    0,    0,    0,    0,   -5,    0,    0,    0,    0,    0,    0,   -3,    0,    0,    0,    0,    0,    0,    0,    0,    0,    0,    0,    0,    0,    0,    0,
       0,    0,    0,    0,    0,    0,    0,    0,    0,    0,    0,    0,    0,    0,    0,    0,    0,    0,    0,    0,    0,    0,    0,    0,    0,    0,    0,    0,    0,    0,    0,    0,    0,    0,    0,    0,    0,    0,    0,    0,    0,    0,    0,    0,    0,    0,    0,    0,    0,    0,    0,    0,    0,    0,    0,    0,    0,    0,    0,    0,    0,    0,    0,    0,    0,    0,    0,    0,    0,    0,    0,    0,    0,    0,    0,    0,    0,    0,    0,    0,    0,    0,    0,    0,    0,    0,    0,    0,    0,    0,    0,    0,    0,    0,    0,    0,    0,    0,    0,    0,    0,    0,    0,    0,    0,    0,    0,    0,    0,    0,    0,    0,    0,    0,    0,    0,    0,    0,    0,    0,    0,    0,    0,    0,    0,    0,    0,    0,    0,    0,    0,    0,    0,    0,    0,    0,    0,    0,   -5,   -7,   -5,    0,    0,   -5,    0,  -12,   -2,    0,    0,    0,   -5,    0,    0,    0,    0,    0,    0,    0,    0,
       0,    0,    0,    0,    0,    0,    0,    0,    0,    0,    0,    0,    0,    0,    0,    0,    0,    0,    0,    0,    0,    0,    0,    0,    0,    0,    0,    0,    0,    0,    0,    0,    0,    0,    0,    0,    0,    0,    0,    0,    0,    0,    0,    0,    0,    0,    0,    0,    0,    0,    0,    0,    0,    0,    0,    0,    0,    0,    0,    0,    0,    0,    0,    0,    0,    0,    0,    0,    0,    0,    0,    0,    0,    0,    0,    0,    0,    0,    0,    0,    0,    0,    0,    0,    0,    0,    0,    0,    0,    0,    0,    0,    0,    0,    0,    0,    0,    0,    0,    0,    0,    0,    0,    0,    0,    0,    0,    0,    0,    0,    0,    0,    0,    0,    0,    0,    0,    0,    0,    0,    0,    0,    0,    0,    0,    0,    0,    0,    0,   -2,   -3,    0,   -2,    0,    0,    0,    0,   -7,    0,    0,    0,   -3,    0,   -8,    0,    0,   -7,    0,    0,    0,    0,    0,    0,    0,    0,    0,    0,    0,    0,
       0,    0,    0,    0,    0,    0,    0,    0,    0,    0,    0,    0,    0,    0,    0,    0,    0,    0,    0,    0,    0,    0,    0,    0,    0,    0,    0,    0,    0,    0,    0,    0,    0,    0,    0,    0,    0,    0,    0,    0,    0,    0,    0,    0,    0,    0,    0,    0,    0,    0,    0,    0,    0,    0,    0,    0,    0,    0,    0,    0,    0,    0,    0,    0,    0,    0,    0,    0,    0,    0,    0,    0,    0,    0,    0,    0,    0,    0,    0,    0,    0,    0,    0,    0,    0,    0,    0,    0,    0,    0,    0,    0,    0,    0,    0,    0,    0,    0,    0,    0,    0,    0,    0,    0,    0,    0,    0,    0,    0,    0,    0,    0,    0,    0,    0,    0,    0,    0,    0,    0,    0,    0,    0,    0,    0,    0,    0,    0,    0,    0,  -13,    0,    0,    0,    0,    0,   -7,    0,  -10,   -2,    0,    0,   -5,   -7,    0,  -10,   -7,    0,    0,   -7,    0,   -8,    0,    0,    0,    0,    0,    0,    0,
       0,    0,    0,    0,    0,    0,    0,    0,    0,    0,    0,    0,    0,    0,    0,    0,    0,    0,    0,    0,    0,    0,    0,    0,    0,    0,    0,    0,    0,    0,    0,    0,    0,    0,    0,    0,    0,    0,    0,    0,    0,    0,    0,    0,    0,    0,    0,    0,    0,    0,    0,    0,    0,    0,    0,    0,    0,    0,    0,    0,    0,    0,    0,    0,    0,    0,    0,    0,    0,    0,    0,    0,    0,    0,    0,    0,    0,    0,    0,    0,    0,    0,    0,    0,    0,    0,    0,    0,    0,    0,    0,    0,    0,    0,    0,    0,    0,    0,    0,    0,    0,    0,    0,    0,    0,    0,    0,    0,    0,    0,    0,    0,    0,    0,    0,    0,    0,    0,    0,    0,    0,    0,    0,    0,    0,    0,    0,    0,    0,    0,   -9,    0,    0,    0,    0,    0,   -2,    0,    0,   -9,    0,   -5,    0,   -7,    0,    0,   -5,    0,    0,   -5,    0,    0,    0,    0,    0,    0,    0,    0,    0,
       0,    0,    0,    0,    0,    0,    0,    0,    0,    0,    0,    0,    0,    0,    0,    0,    0,    0,    0,    0,    0,    0,    0,    0,    0,    0,    0,    0,    0,    0,    0,    0,    0,    0,    0,    0,    0,    0,    0,    0,    0,    0,    0,    0,    0,    0,    0,    0,    0,    0,    0,    0,    0,    0,    0,    0,    0,    0,    0,    0,    0,    0,    0,    0,    0,    0,    0,    0,    0,    0,    0,    0,    0,    0,    0,    0,    0,    0,    0,    0,    0,    0,    0,    0,    0,    0,    0,    0,    0,    0,    0,    0,    0,    0,    0,    0,    0,    0,    0,    0,    0,    0,    0,    0,    0,    0,    0,    0,    0,    0,    0,    0,    0,    0,    0,    0,    0,    0,    0,    0,    0,    0,    0,    0,    0,    0,    0,    0,    0,    0,    0,    0,  -16,    0,  -17,    0,    0,   -6,    0,   -2,   -2,    0,  -12,  -13,  -13,    0,   -3,    0,    0,    0,   -7,    0,    0,    0,    0,    0,    0,    0,    0,
       0,    0,    0,    0,    0,    0,    0,    0,    0,    0,    0,    0,  -27,    0,  -10,  -10,  -32,   -7,  -10,    5,    6,    6,    9,   11,    5,    9,    7,    0,    0,    0,   -9,    0,  -11,  -14,    0,    0,    0,    0,    0,   -7,    0,    0,    4,    4,    0,    4,    0,    0,    0,    0,    0,  -65,    0,   -9,    0,    0,    0,  -23,    0,    0,    0,    0,    0,    0,    0,    0,    0,    6,    0,    5,  -32,  -20,    0,  -27,  -18,    4,    0,   -7,  -10,   -4,    5,    5,    0,    0,   -9,    0,    0,    0,  -14,  -11,    0,    0,  -15,   -5,  -14,    0,  -10,    0,    0,  -18,    0,    0,    0,    0,    0,    0,   -7,    5,   -8,   -7,    0,    0,    0,    5,    0,    0,    0,   -9,    5,    0,    0,    0,    0,  -34,   -5,    0,   -3,    0,    0,    0,    0,    0,    0,    0,    0,    0,    0,    0,    0,    0,    0,    0,    0,    0,    0,    0,    0,    0,    0,    0,    0,    0,    0,    0,    0,    0,    0,    0,    0,
       0,    0,    0,    0,    0,    0,    0,    0,    0,    0,    0,    0,  -33,    0,  -12,  -12,  -35,    0,  -12,   -7,    6,    4,    9,   10,    5,    7,    6,    0,    0,    0,  -21,   -3,  -24,  -24,   -6,   -3,   -3,    0,  -14,  -26,    0,  -11,   -3,   -3,    0,   -3,  -11,    0,    0,    0,    0,  -43,   -7,  -21,   -3,   -3,   -3,  -24,   -3,   -3,   -3,    0,    0,    0,    0,    0,    0,    6,   -6,   -7,  -35,  -22,    0,  -33,  -21,    0,    0,    0,  -12,   -8,    5,    0,    0,   -4,  -21,    0,   -7,   -7,  -19,  -16,    0,   -5,  -21,  -10,  -24,   -8,  -16,    0,    0,  -23,    0,    0,   -7,    0,   -5,   -6,  -13,    0,  -15,  -26,    0,    0,    0,    0,    0,    0,   -6,  -16,    4,    0,    0,    0,   -4,  -36,  -10,   -4,   -9,    0,   -6,    0,    0,    0,    0,    0,    0,    0,    0,    0,    0,    0,    0,    0,    0,    0,    0,    0,    0,    0,    0,    0,    0,    0,    0,    0,    0,    0,    0,    0,    0,
       0,    0,    0,    0,    0,    0,    0,    0,    0,    0,    0,    0,    7,    0,  -11,  -11,    7,    0,  -11,    3,  -25,   -7,  -42,  -25,    8,  -36,    7,    0,    0,    0,    3,    3,    0,    0,    3,    3,    3,   10,    3,    4,    0,    3,  -14,  -10,    7,  -14,    8,    0,    0,    0,    0,    8,    0,    3,    3,    3,    3,    0,    3,    3,    3,    0,    0,    0,    0,    0,    0,    0,    0,    0,    0,    0,    0,    0,    0,    0,    0,    0,    0,    0,    0,    0,    0,    0,    0,    0,    0,    0,    0,    0,    0,    0,    0,    0,    0,    0,    0,    0,    0,    0,    0,    0,    0,    0,    0,    0,    0,    0,    0,    0,    0,    0,    0,    0,    0,    0,    0,    0,    0,    0,    0,    0,    0,    0,    0,    0,    0,    0,    0,    0,    0,    0,    0,    0,    0,    0,    0,    0,    0,    0,    0,    0,    0,    0,    0,    0,    0,    0,    0,    0,    0,    0,    0,    0,    0,    0,    0,    0,    0,
       0,    0,    0,    0,    0,    0,    0,    0,    0,    0,    0,    0,    0,    0,    0,    0,    0,    0,    0,    0,    0,    0,    0,    0,    0,    0,    0,    0,    0,    0,    0,    0,    0,    0,    0,    0,    0,    0,    0,    0,    0,    0,    0,    0,    0,    0,    0,    0,    0,    0,    0,    0,    0,    0,    0,    0,    0,    0,    0,    0,    0,    0,    0,    0,    0,    0,    0,    0,    0,    0,    0,    0,    0,    0,    0,    0,    0,    0,    0,    0,    0,    0,    0,    0,    0,    0,    0,    0,    0,    0,    0,    0,    0,    0,    0,    0,    0,    0,    0,    0,    0,    0,    0,    0,    0,    0,    0,    0,    0,    0,    0,    0,    0,    0,    0,    0,    0,    0,    0,    0,    0,    0,    0,    0,    0,    0,    0,    0,    0,    0,    0,    0,    0,    0,    0,    0,    0,    0,    0,    0,    0,    0,    0,    0,    0,    0,    0,    0,    0,    0,    0,    0,    0,    0,    0,  -13,   -8,  -10,   17,
};

static const EpdLigaturePair ubuntu_10_boldLigaturePairs[] = {
    { 0x00660066, 0xFB00 }, // f f -> U+FB00
    { 0x00660069, 0xFB01 }, // f i -> U+FB01
    { 0x0066006C, 0xFB02 }, // f l -> U+FB02
    { 0xFB000069, 0xFB03 }, // U+FB00 i -> U+FB03
    { 0xFB00006C, 0xFB04 }, // U+FB00 l -> U+FB04
};

static const EpdFontData ubuntu_10_bold = {
    ubuntu_10_boldBitmaps,
    ubuntu_10_boldGlyphs,
    ubuntu_10_boldIntervals,
    69,
    24,
    20,
    -4,
    false,
    nullptr,
    0,
    nullptr,
    ubuntu_10_boldKernLeftClasses,
    ubuntu_10_boldKernRightClasses,
    ubuntu_10_boldKernMatrix,
    576,
    577,
    173,
    159,
    ubuntu_10_boldLigaturePairs,
    5,
};
