#pragma once

#include "Icon.h"

// Generated by libs/assets/Icons/tools/gen_icons.py from Lucide SVGs. Do not edit.
// Sizes: 24, 32px. Icons: 70.

// folder  (lucide: folder)
static const uint8_t icon_folder_24_bits[] = {
    0xFF, 0xFF, 0xFF, 0xFF, 0xFF, 0xFF, 0xE0, 0x7F, 0xFF, 0xC0, 0x3F, 0xFF, 0x9F, 0x9F, 0xFF, 0x9F, 0xC0, 0x07,
    0x9F, 0xE0, 0x03, 0x9F, 0xFF, 0xF9, 0x9F, 0xFF, 0xF9, 0x9F, 0xFF, 0xF9, 0x9F, 0xFF, 0xF9, 0x9F, 0xFF, 0xF9,
    0x9F, 0xFF, 0xF9, 0x9F, 0xFF, 0xF9, 0x9F, 0xFF, 0xF9, 0x9F, 0xFF, 0xF9, 0x9F, 0xFF, 0xF9, 0x9F, 0xFF, 0xF9,
    0x9F, 0xFF, 0xF9, 0xC0, 0x00, 0x03, 0xE0, 0x00, 0x07, 0xFF, 0xFF, 0xFF, 0xFF, 0xFF, 0xFF, 0xFF, 0xFF, 0xFF};
static const freeink::Icon icon_folder_24 = {24, 24, 12, icon_folder_24_bits};
static const uint8_t icon_folder_32_bits[] = {
    0xFF, 0xFF, 0xFF, 0xFF, 0xFF, 0xFF, 0xFF, 0xFF, 0xFF, 0xFF, 0xFF, 0xFF, 0xE0, 0x07, 0xFF, 0xFF, 0xC0, 0x03, 0xFF,
    0xFF, 0xC7, 0xE1, 0xFF, 0xFF, 0x8F, 0xF1, 0xFF, 0xFF, 0x8F, 0xF8, 0x00, 0x07, 0x8F, 0xFC, 0x00, 0x03, 0x8F, 0xFF,
    0xFF, 0xE3, 0x8F, 0xFF, 0xFF, 0xF1, 0x8F, 0xFF, 0xFF, 0xF1, 0x8F, 0xFF, 0xFF, 0xF1, 0x8F, 0xFF, 0xFF, 0xF1, 0x8F,
    0xFF, 0xFF, 0xF1, 0x8F, 0xFF, 0xFF, 0xF1, 0x8F, 0xFF, 0xFF, 0xF1, 0x8F, 0xFF, 0xFF, 0xF1, 0x8F, 0xFF, 0xFF, 0xF1,
    0x8F, 0xFF, 0xFF, 0xF1, 0x8F, 0xFF, 0xFF, 0xF1, 0x8F, 0xFF, 0xFF, 0xF1, 0x8F, 0xFF, 0xFF, 0xF1, 0x8F, 0xFF, 0xFF,
    0xF1, 0xCF, 0xFF, 0xFF, 0xF3, 0xC0, 0x00, 0x00, 0x03, 0xC0, 0x00, 0x00, 0x03, 0xF0, 0x00, 0x00, 0x0F, 0xFF, 0xFF,
    0xFF, 0xFF, 0xFF, 0xFF, 0xFF, 0xFF, 0xFF, 0xFF, 0xFF, 0xFF, 0xFF, 0xFF, 0xFF, 0xFF};
static const freeink::Icon icon_folder_32 = {32, 32, 16, icon_folder_32_bits};

// file-text  (lucide: file-text)
static const uint8_t icon_file_text_24_bits[] = {
    0xFF, 0xFF, 0xFF, 0xF8, 0x00, 0xFF, 0xF0, 0x00, 0x7F, 0xE7, 0xF8, 0x3F, 0xE7, 0xF9, 0x1F, 0xE7, 0xF9, 0x8F,
    0xE7, 0xF9, 0xC7, 0xE7, 0xF8, 0x07, 0xE6, 0x1C, 0x07, 0xE6, 0x1F, 0xE7, 0xE7, 0xFF, 0xE7, 0xE7, 0xFF, 0xE7,
    0xE6, 0x00, 0x67, 0xE6, 0x00, 0x67, 0xE7, 0xFF, 0xE7, 0xE7, 0xFF, 0xE7, 0xE6, 0x00, 0x67, 0xE6, 0x00, 0x67,
    0xE7, 0xFF, 0xE7, 0xE7, 0xFF, 0xE7, 0xE7, 0xFF, 0xE7, 0xF0, 0x00, 0x0F, 0xF8, 0x00, 0x1F, 0xFF, 0xFF, 0xFF};
static const freeink::Icon icon_file_text_24 = {24, 24, 12, icon_file_text_24_bits};
static const uint8_t icon_file_text_32_bits[] = {
    0xFF, 0xFF, 0xFF, 0xFF, 0xFF, 0x00, 0x0F, 0xFF, 0xF8, 0x00, 0x03, 0xFF, 0xF8, 0x00, 0x01, 0xFF, 0xF1, 0xFF, 0x80,
    0xFF, 0xF1, 0xFF, 0x88, 0x7F, 0xF1, 0xFF, 0x8C, 0x3F, 0xF1, 0xFF, 0x8E, 0x1F, 0xF1, 0xFF, 0x8F, 0x1F, 0xF1, 0xFF,
    0x80, 0x0F, 0xF1, 0xFF, 0xC0, 0x0F, 0xF1, 0xC3, 0xE0, 0x0F, 0xF1, 0xC3, 0xFF, 0x8F, 0xF1, 0xFF, 0xFF, 0x8F, 0xF1,
    0xFF, 0xFF, 0x8F, 0xF1, 0xFF, 0xFF, 0x8F, 0xF1, 0xC0, 0x03, 0x8F, 0xF1, 0x80, 0x01, 0x8F, 0xF1, 0xC0, 0x03, 0x8F,
    0xF1, 0xFF, 0xFF, 0x8F, 0xF1, 0xFF, 0xFF, 0x8F, 0xF1, 0xC0, 0x03, 0x8F, 0xF1, 0x80, 0x01, 0x8F, 0xF1, 0xC0, 0x03,
    0x8F, 0xF1, 0xFF, 0xFF, 0x8F, 0xF1, 0xFF, 0xFF, 0x8F, 0xF1, 0xFF, 0xFF, 0x8F, 0xF1, 0xFF, 0xFF, 0x8F, 0xF8, 0x00,
    0x00, 0x1F, 0xF8, 0x00, 0x00, 0x1F, 0xFF, 0x00, 0x00, 0xFF, 0xFF, 0xFF, 0xFF, 0xFF};
static const freeink::Icon icon_file_text_32 = {32, 32, 16, icon_file_text_32_bits};

// image  (lucide: image)
static const uint8_t icon_image_24_bits[] = {
    0xFF, 0xFF, 0xFF, 0xFF, 0xFF, 0xFF, 0xF0, 0x00, 0x0F, 0xE0, 0x00, 0x07, 0xCF, 0xFF, 0xF3, 0xCF, 0xFF, 0xF3,
    0xCF, 0x3F, 0xF3, 0xCE, 0x1F, 0xF3, 0xCC, 0xCF, 0xF3, 0xCC, 0xCF, 0xF3, 0xCE, 0x1F, 0x73, 0xCF, 0x3C, 0x13,
    0xCF, 0xF8, 0x83, 0xCF, 0xF1, 0xC3, 0xCF, 0xE3, 0xE3, 0xCF, 0xC7, 0xF3, 0xCF, 0x8F, 0xF3, 0xCF, 0x1F, 0xF3,
    0xCE, 0x3F, 0xF3, 0xCC, 0x7F, 0xF3, 0xE0, 0x00, 0x07, 0xF0, 0x00, 0x0F, 0xFF, 0xFF, 0xFF, 0xFF, 0xFF, 0xFF};
static const freeink::Icon icon_image_24 = {24, 24, 12, icon_image_24_bits};
static const uint8_t icon_image_32_bits[] = {
    0xFF, 0xFF, 0xFF, 0xFF, 0xFF, 0xFF, 0xFF, 0xFF, 0xFF, 0xFF, 0xFF, 0xFF, 0xF0, 0x00, 0x00, 0x0F, 0xE0, 0x00, 0x00,
    0x07, 0xE3, 0xFF, 0xFF, 0xC7, 0xE7, 0xFF, 0xFF, 0xE7, 0xE7, 0xFF, 0xFF, 0xE7, 0xE7, 0xC3, 0xFF, 0xE7, 0xE7, 0x81,
    0xFF, 0xE7, 0xE7, 0x00, 0xFF, 0xE7, 0xE7, 0x18, 0xFF, 0xE7, 0xE7, 0x18, 0xFF, 0xE7, 0xE7, 0x00, 0xFF, 0xE7, 0xE7,
    0x81, 0xF0, 0xE7, 0xE7, 0xC3, 0xE0, 0x67, 0xE7, 0xFF, 0xC0, 0x07, 0xE7, 0xFF, 0x8F, 0x07, 0xE7, 0xFF, 0x1F, 0x87,
    0xE7, 0xFE, 0x3F, 0xC7, 0xE7, 0xFC, 0x7F, 0xC7, 0xE7, 0xF8, 0xFF, 0xE7, 0xE7, 0xF1, 0xFF, 0xE7, 0xE7, 0xE3, 0xFF,
    0xE7, 0xE7, 0xC7, 0xFF, 0xE7, 0xE7, 0x8F, 0xFF, 0xE7, 0xE2, 0x0F, 0xFF, 0xC7, 0xE0, 0x00, 0x00, 0x07, 0xF0, 0x00,
    0x00, 0x0F, 0xFF, 0xFF, 0xFF, 0xFF, 0xFF, 0xFF, 0xFF, 0xFF, 0xFF, 0xFF, 0xFF, 0xFF};
static const freeink::Icon icon_image_32 = {32, 32, 16, icon_image_32_bits};

// book  (lucide: book)
static const uint8_t icon_book_24_bits[] = {
    0xFF, 0xFF, 0xFF, 0xF8, 0x00, 0x0F, 0xF0, 0x00, 0x07, 0xE7, 0xFF, 0xE7, 0xE7, 0xFF, 0xE7, 0xE7, 0xFF, 0xE7,
    0xE7, 0xFF, 0xE7, 0xE7, 0xFF, 0xE7, 0xE7, 0xFF, 0xE7, 0xE7, 0xFF, 0xE7, 0xE7, 0xFF, 0xE7, 0xE7, 0xFF, 0xE7,
    0xE7, 0xFF, 0xE7, 0xE7, 0xFF, 0xE7, 0xE7, 0xFF, 0xE7, 0xE7, 0xFF, 0xE7, 0xE0, 0x00, 0x07, 0xE0, 0x00, 0x07,
    0xE7, 0xFF, 0xE7, 0xE7, 0xFF, 0xE7, 0xE7, 0xFF, 0xE7, 0xF0, 0x00, 0x07, 0xF8, 0x00, 0x0F, 0xFF, 0xFF, 0xFF};
static const freeink::Icon icon_book_24 = {24, 24, 12, icon_book_24_bits};
static const uint8_t icon_book_32_bits[] = {
    0xFF, 0xFF, 0xFF, 0xFF, 0xFF, 0x00, 0x00, 0x3F, 0xFC, 0x00, 0x00, 0x1F, 0xF8, 0x00, 0x00, 0x0F, 0xF1, 0xFF, 0xFF,
    0x8F, 0xF1, 0xFF, 0xFF, 0x8F, 0xF1, 0xFF, 0xFF, 0x8F, 0xF1, 0xFF, 0xFF, 0x8F, 0xF1, 0xFF, 0xFF, 0x8F, 0xF1, 0xFF,
    0xFF, 0x8F, 0xF1, 0xFF, 0xFF, 0x8F, 0xF1, 0xFF, 0xFF, 0x8F, 0xF1, 0xFF, 0xFF, 0x8F, 0xF1, 0xFF, 0xFF, 0x8F, 0xF1,
    0xFF, 0xFF, 0x8F, 0xF1, 0xFF, 0xFF, 0x8F, 0xF1, 0xFF, 0xFF, 0x8F, 0xF1, 0xFF, 0xFF, 0x8F, 0xF1, 0xFF, 0xFF, 0x8F,
    0xF1, 0xFF, 0xFF, 0x8F, 0xF1, 0xFF, 0xFF, 0x8F, 0xF1, 0x00, 0x00, 0x0F, 0xF0, 0x00, 0x00, 0x0F, 0xF0, 0x00, 0x00,
    0x0F, 0xF1, 0xFF, 0xFF, 0x8F, 0xF1, 0xFF, 0xFF, 0x8F, 0xF1, 0xFF, 0xFF, 0x8F, 0xF1, 0xFF, 0xFF, 0x8F, 0xF8, 0x00,
    0x00, 0x0F, 0xFC, 0x00, 0x00, 0x1F, 0xFF, 0x00, 0x00, 0x3F, 0xFF, 0xFF, 0xFF, 0xFF};
static const freeink::Icon icon_book_32 = {32, 32, 17, icon_book_32_bits};

// file  (lucide: file)
static const uint8_t icon_file_24_bits[] = {
    0xFF, 0xFF, 0xFF, 0xF8, 0x00, 0xFF, 0xF0, 0x00, 0x7F, 0xE7, 0xF8, 0x3F, 0xE7, 0xF9, 0x1F, 0xE7, 0xF9, 0x8F,
    0xE7, 0xF9, 0xC7, 0xE7, 0xF8, 0x07, 0xE7, 0xFC, 0x07, 0xE7, 0xFF, 0xE7, 0xE7, 0xFF, 0xE7, 0xE7, 0xFF, 0xE7,
    0xE7, 0xFF, 0xE7, 0xE7, 0xFF, 0xE7, 0xE7, 0xFF, 0xE7, 0xE7, 0xFF, 0xE7, 0xE7, 0xFF, 0xE7, 0xE7, 0xFF, 0xE7,
    0xE7, 0xFF, 0xE7, 0xE7, 0xFF, 0xE7, 0xE7, 0xFF, 0xE7, 0xF0, 0x00, 0x0F, 0xF8, 0x00, 0x1F, 0xFF, 0xFF, 0xFF};
static const freeink::Icon icon_file_24 = {24, 24, 11, icon_file_24_bits};
static const uint8_t icon_file_32_bits[] = {
    0xFF, 0xFF, 0xFF, 0xFF, 0xFF, 0x00, 0x0F, 0xFF, 0xF8, 0x00, 0x03, 0xFF, 0xF8, 0x00, 0x01, 0xFF, 0xF1, 0xFF, 0x80,
    0xFF, 0xF1, 0xFF, 0x88, 0x7F, 0xF1, 0xFF, 0x8C, 0x3F, 0xF1, 0xFF, 0x8E, 0x1F, 0xF1, 0xFF, 0x8F, 0x1F, 0xF1, 0xFF,
    0x80, 0x0F, 0xF1, 0xFF, 0xC0, 0x0F, 0xF1, 0xFF, 0xE0, 0x0F, 0xF1, 0xFF, 0xFF, 0x8F, 0xF1, 0xFF, 0xFF, 0x8F, 0xF1,
    0xFF, 0xFF, 0x8F, 0xF1, 0xFF, 0xFF, 0x8F, 0xF1, 0xFF, 0xFF, 0x8F, 0xF1, 0xFF, 0xFF, 0x8F, 0xF1, 0xFF, 0xFF, 0x8F,
    0xF1, 0xFF, 0xFF, 0x8F, 0xF1, 0xFF, 0xFF, 0x8F, 0xF1, 0xFF, 0xFF, 0x8F, 0xF1, 0xFF, 0xFF, 0x8F, 0xF1, 0xFF, 0xFF,
    0x8F, 0xF1, 0xFF, 0xFF, 0x8F, 0xF1, 0xFF, 0xFF, 0x8F, 0xF1, 0xFF, 0xFF, 0x8F, 0xF1, 0xFF, 0xFF, 0x8F, 0xF8, 0x00,
    0x00, 0x1F, 0xF8, 0x00, 0x00, 0x1F, 0xFF, 0x00, 0x00, 0xFF, 0xFF, 0xFF, 0xFF, 0xFF};
static const freeink::Icon icon_file_32 = {32, 32, 15, icon_file_32_bits};

// wifi  (lucide: wifi)
static const uint8_t icon_wifi_24_bits[] = {
    0xFF, 0xFF, 0xFF, 0xFF, 0xFF, 0xFF, 0xFF, 0xFF, 0xFF, 0xFF, 0xFF, 0xFF, 0xFF, 0x01, 0xFF, 0xFC, 0x00, 0x1F,
    0xF0, 0xFF, 0x0F, 0xC3, 0xFF, 0xC3, 0x8F, 0xFF, 0xF1, 0x9F, 0x81, 0xF9, 0xFE, 0x00, 0x7F, 0xF8, 0x7E, 0x1F,
    0xF1, 0xFF, 0x8F, 0xF3, 0xFF, 0xCF, 0xFF, 0xC3, 0xFF, 0xFF, 0x00, 0xFF, 0xFF, 0x3C, 0xFF, 0xFF, 0xFF, 0xFF,
    0xFF, 0xFF, 0xFF, 0xFF, 0xE7, 0xFF, 0xFF, 0xE7, 0xFF, 0xFF, 0xFF, 0xFF, 0xFF, 0xFF, 0xFF, 0xFF, 0xFF, 0xFF};
static const freeink::Icon icon_wifi_24 = {24, 24, 10, icon_wifi_24_bits};
static const uint8_t icon_wifi_32_bits[] = {
    0xFF, 0xFF, 0xFF, 0xFF, 0xFF, 0xFF, 0xFF, 0xFF, 0xFF, 0xFF, 0xFF, 0xFF, 0xFF, 0xFF, 0xFF, 0xFF, 0xFF, 0xFF, 0xFF,
    0xFF, 0xFF, 0xFC, 0x3F, 0xFF, 0xFF, 0x80, 0x01, 0xFF, 0xFE, 0x00, 0x00, 0x7F, 0xF8, 0x1F, 0xF8, 0x1F, 0xE0, 0x7F,
    0xFE, 0x07, 0xC1, 0xFF, 0xFF, 0x83, 0x87, 0xFF, 0xFF, 0xE1, 0xCF, 0xF8, 0x1F, 0xF3, 0xFF, 0xC0, 0x03, 0xFF, 0xFF,
    0x00, 0x00, 0xFF, 0xFE, 0x1F, 0xF8, 0x7F, 0xFC, 0x3F, 0xFC, 0x3F, 0xFC, 0xFF, 0xFF, 0x3F, 0xFF, 0xFF, 0xFF, 0xFF,
    0xFF, 0xF8, 0x1F, 0xFF, 0xFF, 0xE0, 0x07, 0xFF, 0xFF, 0xC3, 0xC3, 0xFF, 0xFF, 0xC7, 0xE3, 0xFF, 0xFF, 0xFF, 0xFF,
    0xFF, 0xFF, 0xFF, 0xFF, 0xFF, 0xFF, 0xFF, 0xFF, 0xFF, 0xFF, 0xFE, 0x7F, 0xFF, 0xFF, 0xFE, 0x7F, 0xFF, 0xFF, 0xFF,
    0xFF, 0xFF, 0xFF, 0xFF, 0xFF, 0xFF, 0xFF, 0xFF, 0xFF, 0xFF, 0xFF, 0xFF, 0xFF, 0xFF};
static const freeink::Icon icon_wifi_32 = {32, 32, 13, icon_wifi_32_bits};

// library  (lucide: library)
static const uint8_t icon_library_24_bits[] = {
    0xFF, 0xFF, 0xFF, 0xFF, 0xFF, 0xFF, 0xFF, 0xFF, 0xFF, 0xE7, 0xFF, 0xFF, 0xE7, 0xFF, 0xFF, 0xE7, 0xE6, 0x7F,
    0xE7, 0xE6, 0x7F, 0xE6, 0x66, 0x7F, 0xE6, 0x67, 0x3F, 0xE6, 0x67, 0x3F, 0xE6, 0x67, 0x3F, 0xE6, 0x67, 0x9F,
    0xE6, 0x67, 0x9F, 0xE6, 0x67, 0x9F, 0xE6, 0x67, 0x9F, 0xE6, 0x67, 0xCF, 0xE6, 0x67, 0xCF, 0xE6, 0x67, 0xCF,
    0xE6, 0x67, 0xE7, 0xE6, 0x67, 0xE7, 0xE6, 0x67, 0xE7, 0xFF, 0xFF, 0xFF, 0xFF, 0xFF, 0xFF, 0xFF, 0xFF, 0xFF};
static const freeink::Icon icon_library_24 = {24, 24, 12, icon_library_24_bits};
static const uint8_t icon_library_32_bits[] = {
    0xFF, 0xFF, 0xFF, 0xFF, 0xFF, 0xFF, 0xFF, 0xFF, 0xFF, 0xFF, 0xFF, 0xFF, 0xFF, 0xFF, 0xFF, 0xFF, 0xF3, 0xFF, 0xFF,
    0xFF, 0xF1, 0xFF, 0xFF, 0xFF, 0xF1, 0xFF, 0xFF, 0xFF, 0xF1, 0xFE, 0x73, 0xFF, 0xF1, 0xFE, 0x71, 0xFF, 0xF1, 0xDE,
    0x71, 0xFF, 0xF1, 0x8E, 0x79, 0xFF, 0xF1, 0x8E, 0x78, 0xFF, 0xF1, 0x8E, 0x78, 0xFF, 0xF1, 0x8E, 0x7C, 0xFF, 0xF1,
    0x8E, 0x7C, 0x7F, 0xF1, 0x8E, 0x7C, 0x7F, 0xF1, 0x8E, 0x7C, 0x7F, 0xF1, 0x8E, 0x7E, 0x7F, 0xF1, 0x8E, 0x7E, 0x3F,
    0xF1, 0x8E, 0x7E, 0x3F, 0xF1, 0x8E, 0x7F, 0x3F, 0xF1, 0x8E, 0x7F, 0x1F, 0xF1, 0x8E, 0x7F, 0x1F, 0xF1, 0x8E, 0x7F,
    0x1F, 0xF1, 0x8E, 0x7F, 0x9F, 0xF1, 0x8E, 0x7F, 0x8F, 0xF1, 0x8E, 0x7F, 0x8F, 0xF3, 0xCE, 0x7F, 0xCF, 0xFF, 0xFF,
    0xFF, 0xFF, 0xFF, 0xFF, 0xFF, 0xFF, 0xFF, 0xFF, 0xFF, 0xFF, 0xFF, 0xFF, 0xFF, 0xFF};
static const freeink::Icon icon_library_32 = {32, 32, 17, icon_library_32_bits};

// radio-tower  (lucide: radio-tower)
static const uint8_t icon_radio_tower_24_bits[] = {
    0xFF, 0xFF, 0xFF, 0xF3, 0xFF, 0xCF, 0xE3, 0xFF, 0xC7, 0xE7, 0xFF, 0xE7, 0xCE, 0x7E, 0x73, 0xCC, 0xFF, 0x33,
    0x9C, 0xE7, 0x39, 0x99, 0xC3, 0x99, 0x99, 0x99, 0x99, 0x99, 0x99, 0x99, 0x99, 0xC3, 0x99, 0x9C, 0xC3, 0x39,
    0xCC, 0xC3, 0x33, 0xCF, 0xC3, 0xF3, 0xE7, 0xC3, 0xE7, 0xE3, 0x99, 0xC7, 0xF3, 0x99, 0xCF, 0xFF, 0x00, 0xFF,
    0xFF, 0x00, 0xFF, 0xFF, 0x3C, 0xFF, 0xFF, 0x3C, 0xFF, 0xFE, 0x7E, 0x7F, 0xFE, 0x7E, 0x7F, 0xFF, 0xFF, 0xFF};
static const freeink::Icon icon_radio_tower_24 = {24, 24, 11, icon_radio_tower_24_bits};
static const uint8_t icon_radio_tower_32_bits[] = {
    0xFF, 0xFF, 0xFF, 0xFF, 0xFD, 0xFF, 0xFF, 0xBF, 0xF8, 0xFF, 0xFF, 0x1F, 0xF1, 0xFF, 0xFF, 0x8F, 0xE1, 0xFF, 0xFF,
    0x87, 0xE3, 0x9F, 0xFB, 0xC7, 0xC7, 0x8F, 0xF1, 0xE3, 0xC7, 0x1F, 0xF8, 0xE3, 0xCF, 0x3C, 0x3C, 0xF3, 0xCE, 0x38,
    0x1C, 0x73, 0xCE, 0x30, 0x0C, 0x73, 0x8E, 0x71, 0x8E, 0x71, 0x8E, 0x71, 0x8E, 0x71, 0xCE, 0x30, 0x0C, 0x73, 0xCE,
    0x38, 0x1C, 0x73, 0xCF, 0x3C, 0x3C, 0xE3, 0xC7, 0x1C, 0x38, 0xE3, 0xC7, 0xFC, 0x3D, 0xE7, 0xE3, 0xF8, 0x1F, 0xC7,
    0xE1, 0xF8, 0x1F, 0x8F, 0xF1, 0xF9, 0x9F, 0x8F, 0xF8, 0xF1, 0x8F, 0x1F, 0xFD, 0xF1, 0x8F, 0xBF, 0xFF, 0xE0, 0x07,
    0xFF, 0xFF, 0xE0, 0x07, 0xFF, 0xFF, 0xE3, 0xC7, 0xFF, 0xFF, 0xC7, 0xE3, 0xFF, 0xFF, 0xC7, 0xE3, 0xFF, 0xFF, 0xCF,
    0xF3, 0xFF, 0xFF, 0x8F, 0xF1, 0xFF, 0xFF, 0xDF, 0xFB, 0xFF, 0xFF, 0xFF, 0xFF, 0xFF};
static const freeink::Icon icon_radio_tower_32 = {32, 32, 14, icon_radio_tower_32_bits};

// sun  (lucide: sun)
static const uint8_t icon_sun_24_bits[] = {
    0xFF, 0xFF, 0xFF, 0xFF, 0xE7, 0xFF, 0xFF, 0xE7, 0xFF, 0xFF, 0xE7, 0xFF, 0xF3, 0xE7, 0xCF, 0xF1, 0xFF, 0x8F,
    0xF9, 0xFF, 0x9F, 0xFF, 0xC3, 0xFF, 0xFF, 0x81, 0xFF, 0xFF, 0x3C, 0xFF, 0xFE, 0x7E, 0x7F, 0x86, 0x7E, 0x61,
    0x86, 0x7E, 0x61, 0xFE, 0x7E, 0x7F, 0xFF, 0x3C, 0xFF, 0xFF, 0x81, 0xFF, 0xFF, 0xC3, 0xFF, 0xF9, 0xFF, 0x9F,
    0xF1, 0xFF, 0x8F, 0xF3, 0xE7, 0xCF, 0xFF, 0xE7, 0xFF, 0xFF, 0xE7, 0xFF, 0xFF, 0xE7, 0xFF, 0xFF, 0xFF, 0xFF};
static const freeink::Icon icon_sun_24 = {24, 24, 12, icon_sun_24_bits};
static const uint8_t icon_sun_32_bits[] = {
    0xFF, 0xFF, 0xFF, 0xFF, 0xFF, 0xFF, 0xFF, 0xFF, 0xFF, 0xFE, 0x7F, 0xFF, 0xFF, 0xFE, 0x7F, 0xFF, 0xFF, 0xFE, 0x7F,
    0xFF, 0xFD, 0xFE, 0x7F, 0xBF, 0xF8, 0xFF, 0xFF, 0x1F, 0xFC, 0x7F, 0xFE, 0x3F, 0xFE, 0x3F, 0xFC, 0x7F, 0xFF, 0x7E,
    0x7E, 0xFF, 0xFF, 0xF0, 0x0F, 0xFF, 0xFF, 0xE0, 0x07, 0xFF, 0xFF, 0xC3, 0xC3, 0xFF, 0xFF, 0xC7, 0xE3, 0xFF, 0xFF,
    0xCF, 0xF3, 0xFF, 0xC3, 0x8F, 0xF1, 0xC3, 0xC3, 0x8F, 0xF1, 0xC3, 0xFF, 0xCF, 0xF3, 0xFF, 0xFF, 0xC7, 0xE3, 0xFF,
    0xFF, 0xC3, 0xC3, 0xFF, 0xFF, 0xE0, 0x07, 0xFF, 0xFF, 0xF0, 0x0F, 0xFF, 0xFF, 0x7E, 0x7E, 0xFF, 0xFE, 0x3F, 0xFC,
    0x7F, 0xFC, 0x7F, 0xFE, 0x3F, 0xF8, 0xFF, 0xFF, 0x1F, 0xFD, 0xFE, 0x7F, 0xBF, 0xFF, 0xFE, 0x7F, 0xFF, 0xFF, 0xFE,
    0x7F, 0xFF, 0xFF, 0xFE, 0x7F, 0xFF, 0xFF, 0xFF, 0xFF, 0xFF, 0xFF, 0xFF, 0xFF, 0xFF};
static const freeink::Icon icon_sun_32 = {32, 32, 16, icon_sun_32_bits};

// moon  (lucide: moon)
static const uint8_t icon_moon_24_bits[] = {
    0xFF, 0xFF, 0xFF, 0xFF, 0xFF, 0xFF, 0xFF, 0x8F, 0xFF, 0xFE, 0x07, 0xFF, 0xFC, 0x47, 0xFF, 0xF9, 0xCF, 0xFF,
    0xF3, 0xCF, 0xFF, 0xE7, 0xCF, 0xFF, 0xE7, 0xCF, 0xFF, 0xCF, 0xE7, 0xFF, 0xCF, 0xE7, 0xFF, 0xCF, 0xF1, 0xE7,
    0xCF, 0xF8, 0x03, 0xCF, 0xFE, 0x03, 0xCF, 0xFF, 0xF3, 0xE7, 0xFF, 0xE7, 0xE7, 0xFF, 0xE7, 0xF3, 0xFF, 0xCF,
    0xF9, 0xFF, 0x9F, 0xFC, 0x7E, 0x3F, 0xFE, 0x00, 0x7F, 0xFF, 0x81, 0xFF, 0xFF, 0xFF, 0xFF, 0xFF, 0xFF, 0xFF};
static const freeink::Icon icon_moon_24 = {24, 24, 12, icon_moon_24_bits};
static const uint8_t icon_moon_32_bits[] = {
    0xFF, 0xFF, 0xFF, 0xFF, 0xFF, 0xFF, 0xFF, 0xFF, 0xFF, 0xFF, 0xFF, 0xFF, 0xFF, 0xF0, 0x7F, 0xFF, 0xFF, 0x80, 0x7F,
    0xFF, 0xFF, 0x00, 0x7F, 0xFF, 0xFE, 0x1C, 0x7F, 0xFF, 0xFC, 0x7C, 0xFF, 0xFF, 0xF8, 0xF8, 0xFF, 0xFF, 0xF0, 0xF8,
    0xFF, 0xFF, 0xF1, 0xFC, 0xFF, 0xFF, 0xF3, 0xFC, 0xFF, 0xFF, 0xE3, 0xFC, 0x7F, 0xFF, 0xE3, 0xFC, 0x7F, 0xFF, 0xE7,
    0xFE, 0x3F, 0xFF, 0xE7, 0xFF, 0x0F, 0x87, 0xE7, 0xFF, 0x80, 0x07, 0xE7, 0xFF, 0xC0, 0x07, 0xE3, 0xFF, 0xFC, 0xC7,
    0xE3, 0xFF, 0xFF, 0xC7, 0xF3, 0xFF, 0xFF, 0xCF, 0xF1, 0xFF, 0xFF, 0x8F, 0xF0, 0xFF, 0xFF, 0x0F, 0xF8, 0xFF, 0xFF,
    0x1F, 0xFC, 0x3F, 0xFC, 0x3F, 0xFE, 0x1F, 0xF8, 0x7F, 0xFF, 0x03, 0xC0, 0xFF, 0xFF, 0x80, 0x01, 0xFF, 0xFF, 0xF0,
    0x0F, 0xFF, 0xFF, 0xFF, 0xFF, 0xFF, 0xFF, 0xFF, 0xFF, 0xFF, 0xFF, 0xFF, 0xFF, 0xFF};
static const freeink::Icon icon_moon_32 = {32, 32, 17, icon_moon_32_bits};

// upload  (lucide: upload)
static const uint8_t icon_upload_24_bits[] = {
    0xFF, 0xFF, 0xFF, 0xFF, 0xFF, 0xFF, 0xFF, 0xE7, 0xFF, 0xFF, 0xC3, 0xFF, 0xFF, 0x81, 0xFF, 0xFF, 0x00, 0xFF,
    0xFE, 0x24, 0x7F, 0xFC, 0x66, 0x3F, 0xFC, 0xE7, 0x3F, 0xFF, 0xE7, 0xFF, 0xFF, 0xE7, 0xFF, 0xFF, 0xE7, 0xFF,
    0xFF, 0xE7, 0xFF, 0xFF, 0xE7, 0xFF, 0xCF, 0xE7, 0xF3, 0xCF, 0xE7, 0xF3, 0xCF, 0xFF, 0xF3, 0xCF, 0xFF, 0xF3,
    0xCF, 0xFF, 0xF3, 0xCF, 0xFF, 0xF3, 0xE0, 0x00, 0x07, 0xF0, 0x00, 0x0F, 0xFF, 0xFF, 0xFF, 0xFF, 0xFF, 0xFF};
static const freeink::Icon icon_upload_24 = {24, 24, 13, icon_upload_24_bits};
static const uint8_t icon_upload_32_bits[] = {
    0xFF, 0xFF, 0xFF, 0xFF, 0xFF, 0xFF, 0xFF, 0xFF, 0xFF, 0xFF, 0xFF, 0xFF, 0xFF, 0xFE, 0x7F, 0xFF, 0xFF, 0xFC, 0x3F,
    0xFF, 0xFF, 0xF8, 0x1F, 0xFF, 0xFF, 0xF0, 0x0F, 0xFF, 0xFF, 0xE0, 0x07, 0xFF, 0xFF, 0xC6, 0x63, 0xFF, 0xFF, 0x8E,
    0x71, 0xFF, 0xFF, 0x1E, 0x78, 0xFF, 0xFF, 0x3E, 0x7C, 0xFF, 0xFF, 0xFE, 0x7F, 0xFF, 0xFF, 0xFE, 0x7F, 0xFF, 0xFF,
    0xFE, 0x7F, 0xFF, 0xFF, 0xFE, 0x7F, 0xFF, 0xFF, 0xFE, 0x7F, 0xFF, 0xFF, 0xFE, 0x7F, 0xFF, 0xFF, 0xFE, 0x7F, 0xFF,
    0xE7, 0xFE, 0x7F, 0xE7, 0xE7, 0xFE, 0x7F, 0xE7, 0xE7, 0xFF, 0xFF, 0xE7, 0xE7, 0xFF, 0xFF, 0xE7, 0xE7, 0xFF, 0xFF,
    0xE7, 0xE7, 0xFF, 0xFF, 0xE7, 0xE7, 0xFF, 0xFF, 0xE7, 0xE3, 0xFF, 0xFF, 0xC7, 0xE0, 0x00, 0x00, 0x07, 0xF0, 0x00,
    0x00, 0x0F, 0xFF, 0xFF, 0xFF, 0xFF, 0xFF, 0xFF, 0xFF, 0xFF, 0xFF, 0xFF, 0xFF, 0xFF};
static const freeink::Icon icon_upload_32 = {32, 32, 18, icon_upload_32_bits};

// download  (lucide: download)
static const uint8_t icon_download_24_bits[] = {
    0xFF, 0xFF, 0xFF, 0xFF, 0xFF, 0xFF, 0xFF, 0xE7, 0xFF, 0xFF, 0xE7, 0xFF, 0xFF, 0xE7, 0xFF, 0xFF, 0xE7, 0xFF,
    0xFF, 0xE7, 0xFF, 0xFF, 0xE7, 0xFF, 0xFF, 0xE7, 0xFF, 0xFC, 0xE7, 0x3F, 0xFC, 0x66, 0x3F, 0xFE, 0x24, 0x7F,
    0xFF, 0x00, 0xFF, 0xFF, 0x81, 0xFF, 0xCF, 0xC3, 0xF3, 0xCF, 0xE7, 0xF3, 0xCF, 0xFF, 0xF3, 0xCF, 0xFF, 0xF3,
    0xCF, 0xFF, 0xF3, 0xCF, 0xFF, 0xF3, 0xE0, 0x00, 0x07, 0xF0, 0x00, 0x0F, 0xFF, 0xFF, 0xFF, 0xFF, 0xFF, 0xFF};
static const freeink::Icon icon_download_24 = {24, 24, 14, icon_download_24_bits};
static const uint8_t icon_download_32_bits[] = {
    0xFF, 0xFF, 0xFF, 0xFF, 0xFF, 0xFF, 0xFF, 0xFF, 0xFF, 0xFF, 0xFF, 0xFF, 0xFF, 0xFE, 0x7F, 0xFF, 0xFF, 0xFE, 0x7F,
    0xFF, 0xFF, 0xFE, 0x7F, 0xFF, 0xFF, 0xFE, 0x7F, 0xFF, 0xFF, 0xFE, 0x7F, 0xFF, 0xFF, 0xFE, 0x7F, 0xFF, 0xFF, 0xFE,
    0x7F, 0xFF, 0xFF, 0xFE, 0x7F, 0xFF, 0xFF, 0xFE, 0x7F, 0xFF, 0xFF, 0x3E, 0x7C, 0xFF, 0xFF, 0x1E, 0x78, 0xFF, 0xFF,
    0x8E, 0x71, 0xFF, 0xFF, 0xC6, 0x63, 0xFF, 0xFF, 0xE0, 0x07, 0xFF, 0xFF, 0xF0, 0x0F, 0xFF, 0xFF, 0xF8, 0x1F, 0xFF,
    0xE7, 0xFC, 0x3F, 0xE7, 0xE7, 0xFE, 0x7F, 0xE7, 0xE7, 0xFF, 0xFF, 0xE7, 0xE7, 0xFF, 0xFF, 0xE7, 0xE7, 0xFF, 0xFF,
    0xE7, 0xE7, 0xFF, 0xFF, 0xE7, 0xE7, 0xFF, 0xFF, 0xE7, 0xE3, 0xFF, 0xFF, 0xC7, 0xE0, 0x00, 0x00, 0x07, 0xF0, 0x00,
    0x00, 0x0F, 0xFF, 0xFF, 0xFF, 0xFF, 0xFF, 0xFF, 0xFF, 0xFF, 0xFF, 0xFF, 0xFF, 0xFF};
static const freeink::Icon icon_download_32 = {32, 32, 20, icon_download_32_bits};

// bookmark  (lucide: bookmark)
static const uint8_t icon_bookmark_24_bits[] = {
    0xFF, 0xFF, 0xFF, 0xFF, 0xFF, 0xFF, 0xFC, 0x00, 0x3F, 0xF8, 0x00, 0x1F, 0xF3, 0xFF, 0xCF, 0xF3, 0xFF, 0xCF,
    0xF3, 0xFF, 0xCF, 0xF3, 0xFF, 0xCF, 0xF3, 0xFF, 0xCF, 0xF3, 0xFF, 0xCF, 0xF3, 0xFF, 0xCF, 0xF3, 0xFF, 0xCF,
    0xF3, 0xFF, 0xCF, 0xF3, 0xFF, 0xCF, 0xF3, 0xFF, 0xCF, 0xF3, 0xFF, 0xCF, 0xF3, 0xFF, 0xCF, 0xF3, 0xE7, 0xCF,
    0xF3, 0x81, 0xCF, 0xF2, 0x18, 0x4F, 0xF0, 0x7E, 0x0F, 0xF9, 0xFF, 0x9F, 0xFF, 0xFF, 0xFF, 0xFF, 0xFF, 0xFF};
static const freeink::Icon icon_bookmark_24 = {24, 24, 12, icon_bookmark_24_bits};
static const uint8_t icon_bookmark_32_bits[] = {
    0xFF, 0xFF, 0xFF, 0xFF, 0xFF, 0xFF, 0xFF, 0xFF, 0xFF, 0xFF, 0xFF, 0xFF, 0xFE, 0x00, 0x00, 0x7F, 0xFC, 0x00, 0x00,
    0x3F, 0xFC, 0x7F, 0xFE, 0x3F, 0xF8, 0xFF, 0xFF, 0x1F, 0xF8, 0xFF, 0xFF, 0x1F, 0xF8, 0xFF, 0xFF, 0x1F, 0xF8, 0xFF,
    0xFF, 0x1F, 0xF8, 0xFF, 0xFF, 0x1F, 0xF8, 0xFF, 0xFF, 0x1F, 0xF8, 0xFF, 0xFF, 0x1F, 0xF8, 0xFF, 0xFF, 0x1F, 0xF8,
    0xFF, 0xFF, 0x1F, 0xF8, 0xFF, 0xFF, 0x1F, 0xF8, 0xFF, 0xFF, 0x1F, 0xF8, 0xFF, 0xFF, 0x1F, 0xF8, 0xFF, 0xFF, 0x1F,
    0xF8, 0xFF, 0xFF, 0x1F, 0xF8, 0xFF, 0xFF, 0x1F, 0xF8, 0xFF, 0xFF, 0x1F, 0xF8, 0xFF, 0xFF, 0x1F, 0xF8, 0xFC, 0x3F,
    0x1F, 0xF8, 0xF0, 0x0F, 0x1F, 0xF8, 0xC1, 0x83, 0x1F, 0xF8, 0x03, 0xC0, 0x1F, 0xFC, 0x0F, 0xF0, 0x3F, 0xFC, 0x3F,
    0xFC, 0x3F, 0xFF, 0xFF, 0xFF, 0xFF, 0xFF, 0xFF, 0xFF, 0xFF, 0xFF, 0xFF, 0xFF, 0xFF};
static const freeink::Icon icon_bookmark_32 = {32, 32, 16, icon_bookmark_32_bits};

// usb  (lucide: usb)
static const uint8_t icon_usb_24_bits[] = {
    0xFF, 0xFF, 0xFF, 0xFF, 0xFF, 0xFF, 0xFF, 0xFF, 0xF3, 0xFF, 0xFF, 0x83, 0xFF, 0xFF, 0x87, 0xFF, 0x9F, 0x87,
    0xFF, 0x0F, 0x07, 0xFF, 0x0E, 0x3F, 0xFE, 0x1C, 0x7F, 0xFC, 0x78, 0xFF, 0xF8, 0xF1, 0xCF, 0xF1, 0xE3, 0x87,
    0xF3, 0xC7, 0x87, 0xF9, 0x8F, 0x0F, 0xF9, 0x02, 0x3F, 0xF8, 0x20, 0x7F, 0xFC, 0x7C, 0xFF, 0xF8, 0xFF, 0xFF,
    0xE1, 0xFF, 0xFF, 0xC3, 0xFF, 0xFF, 0xC3, 0xFF, 0xFF, 0xE7, 0xFF, 0xFF, 0xFF, 0xFF, 0xFF, 0xFF, 0xFF, 0xFF};
static const freeink::Icon icon_usb_24 = {24, 24, 11, icon_usb_24_bits};
static const uint8_t icon_usb_32_bits[] = {
    0xFF, 0xFF, 0xFF, 0xFF, 0xFF, 0xFF, 0xFF, 0xFF, 0xFF, 0xFF, 0xFF, 0xFF, 0xFF, 0xFF, 0xFF, 0x87, 0xFF, 0xFF, 0xFE,
    0x07, 0xFF, 0xFF, 0xFE, 0x07, 0xFF, 0xFF, 0xFE, 0x07, 0xFF, 0xF1, 0xFE, 0x0F, 0xFF, 0xE0, 0xFC, 0x0F, 0xFF, 0xE0,
    0xF8, 0xFF, 0xFF, 0xC0, 0xF1, 0xFF, 0xFF, 0x81, 0xE3, 0xFF, 0xFF, 0x0F, 0xC7, 0xFF, 0xFE, 0x1F, 0x8F, 0xBF, 0xFC,
    0x3F, 0x1F, 0x1F, 0xFC, 0x7E, 0x3E, 0x0F, 0xFC, 0xFC, 0x7E, 0x0F, 0xFC, 0x70, 0xFC, 0x1F, 0xFC, 0x70, 0xF8, 0x3F,
    0xFE, 0x60, 0x10, 0xFF, 0xFE, 0x04, 0x01, 0xFF, 0xFE, 0x0F, 0x83, 0xFF, 0xFF, 0x1F, 0xFF, 0xFF, 0xFE, 0x1F, 0xFF,
    0xFF, 0xF0, 0x7F, 0xFF, 0xFF, 0xE0, 0xFF, 0xFF, 0xFF, 0xE0, 0xFF, 0xFF, 0xFF, 0xE0, 0xFF, 0xFF, 0xFF, 0xF1, 0xFF,
    0xFF, 0xFF, 0xFF, 0xFF, 0xFF, 0xFF, 0xFF, 0xFF, 0xFF, 0xFF, 0xFF, 0xFF, 0xFF, 0xFF};
static const freeink::Icon icon_usb_32 = {32, 32, 15, icon_usb_32_bits};

// settings-sleep-screen  (lucide: monitor)
static const uint8_t icon_settings_sleep_screen_24_bits[] = {
    0xFF, 0xFF, 0xFF, 0xFF, 0xFF, 0xFF, 0xE0, 0x00, 0x07, 0xC0, 0x00, 0x03, 0x9F, 0xFF, 0xF9, 0x9F, 0xFF, 0xF9,
    0x9F, 0xFF, 0xF9, 0x9F, 0xFF, 0xF9, 0x9F, 0xFF, 0xF9, 0x9F, 0xFF, 0xF9, 0x9F, 0xFF, 0xF9, 0x9F, 0xFF, 0xF9,
    0x9F, 0xFF, 0xF9, 0x9F, 0xFF, 0xF9, 0x9F, 0xFF, 0xF9, 0x9F, 0xFF, 0xF9, 0xC0, 0x00, 0x03, 0xE0, 0x00, 0x07,
    0xFF, 0xE7, 0xFF, 0xFF, 0xE7, 0xFF, 0xFE, 0x00, 0x7F, 0xFE, 0x00, 0x7F, 0xFF, 0xFF, 0xFF, 0xFF, 0xFF, 0xFF};
static const freeink::Icon icon_settings_sleep_screen_24 = {24, 24, 11, icon_settings_sleep_screen_24_bits};
static const uint8_t icon_settings_sleep_screen_32_bits[] = {
    0xFF, 0xFF, 0xFF, 0xFF, 0xFF, 0xFF, 0xFF, 0xFF, 0xFF, 0xFF, 0xFF, 0xFF, 0xE0, 0x00, 0x00, 0x07, 0xC0, 0x00, 0x00,
    0x03, 0xC7, 0xFF, 0xFF, 0xE3, 0x8F, 0xFF, 0xFF, 0xF1, 0x8F, 0xFF, 0xFF, 0xF1, 0x8F, 0xFF, 0xFF, 0xF1, 0x8F, 0xFF,
    0xFF, 0xF1, 0x8F, 0xFF, 0xFF, 0xF1, 0x8F, 0xFF, 0xFF, 0xF1, 0x8F, 0xFF, 0xFF, 0xF1, 0x8F, 0xFF, 0xFF, 0xF1, 0x8F,
    0xFF, 0xFF, 0xF1, 0x8F, 0xFF, 0xFF, 0xF1, 0x8F, 0xFF, 0xFF, 0xF1, 0x8F, 0xFF, 0xFF, 0xF1, 0x8F, 0xFF, 0xFF, 0xF1,
    0x8F, 0xFF, 0xFF, 0xF1, 0xCF, 0xFF, 0xFF, 0xF3, 0xC0, 0x00, 0x00, 0x03, 0xC0, 0x00, 0x00, 0x03, 0xF0, 0x00, 0x00,
    0x0F, 0xFF, 0xFE, 0x7F, 0xFF, 0xFF, 0xFE, 0x7F, 0xFF, 0xFF, 0xFE, 0x7F, 0xFF, 0xFF, 0xC0, 0x03, 0xFF, 0xFF, 0xC0,
    0x03, 0xFF, 0xFF, 0xFF, 0xFF, 0xFF, 0xFF, 0xFF, 0xFF, 0xFF, 0xFF, 0xFF, 0xFF, 0xFF};
static const freeink::Icon icon_settings_sleep_screen_32 = {32, 32, 15, icon_settings_sleep_screen_32_bits};

// settings-cover  (lucide: image)
static const uint8_t icon_settings_cover_24_bits[] = {
    0xFF, 0xFF, 0xFF, 0xFF, 0xFF, 0xFF, 0xF0, 0x00, 0x0F, 0xE0, 0x00, 0x07, 0xCF, 0xFF, 0xF3, 0xCF, 0xFF, 0xF3,
    0xCF, 0x3F, 0xF3, 0xCE, 0x1F, 0xF3, 0xCC, 0xCF, 0xF3, 0xCC, 0xCF, 0xF3, 0xCE, 0x1F, 0x73, 0xCF, 0x3C, 0x13,
    0xCF, 0xF8, 0x83, 0xCF, 0xF1, 0xC3, 0xCF, 0xE3, 0xE3, 0xCF, 0xC7, 0xF3, 0xCF, 0x8F, 0xF3, 0xCF, 0x1F, 0xF3,
    0xCE, 0x3F, 0xF3, 0xCC, 0x7F, 0xF3, 0xE0, 0x00, 0x07, 0xF0, 0x00, 0x0F, 0xFF, 0xFF, 0xFF, 0xFF, 0xFF, 0xFF};
static const freeink::Icon icon_settings_cover_24 = {24, 24, 12, icon_settings_cover_24_bits};
static const uint8_t icon_settings_cover_32_bits[] = {
    0xFF, 0xFF, 0xFF, 0xFF, 0xFF, 0xFF, 0xFF, 0xFF, 0xFF, 0xFF, 0xFF, 0xFF, 0xF0, 0x00, 0x00, 0x0F, 0xE0, 0x00, 0x00,
    0x07, 0xE3, 0xFF, 0xFF, 0xC7, 0xE7, 0xFF, 0xFF, 0xE7, 0xE7, 0xFF, 0xFF, 0xE7, 0xE7, 0xC3, 0xFF, 0xE7, 0xE7, 0x81,
    0xFF, 0xE7, 0xE7, 0x00, 0xFF, 0xE7, 0xE7, 0x18, 0xFF, 0xE7, 0xE7, 0x18, 0xFF, 0xE7, 0xE7, 0x00, 0xFF, 0xE7, 0xE7,
    0x81, 0xF0, 0xE7, 0xE7, 0xC3, 0xE0, 0x67, 0xE7, 0xFF, 0xC0, 0x07, 0xE7, 0xFF, 0x8F, 0x07, 0xE7, 0xFF, 0x1F, 0x87,
    0xE7, 0xFE, 0x3F, 0xC7, 0xE7, 0xFC, 0x7F, 0xC7, 0xE7, 0xF8, 0xFF, 0xE7, 0xE7, 0xF1, 0xFF, 0xE7, 0xE7, 0xE3, 0xFF,
    0xE7, 0xE7, 0xC7, 0xFF, 0xE7, 0xE7, 0x8F, 0xFF, 0xE7, 0xE2, 0x0F, 0xFF, 0xC7, 0xE0, 0x00, 0x00, 0x07, 0xF0, 0x00,
    0x00, 0x0F, 0xFF, 0xFF, 0xFF, 0xFF, 0xFF, 0xFF, 0xFF, 0xFF, 0xFF, 0xFF, 0xFF, 0xFF};
static const freeink::Icon icon_settings_cover_32 = {32, 32, 16, icon_settings_cover_32_bits};

// settings-filter  (lucide: contrast)
static const uint8_t icon_settings_filter_24_bits[] = {
    0xFF, 0xFF, 0xFF, 0xFF, 0x81, 0xFF, 0xFE, 0x00, 0x7F, 0xF8, 0x7E, 0x1F, 0xF1, 0xFF, 0x8F, 0xE3, 0xE3, 0xC7,
    0xE7, 0xE0, 0xE7, 0xCF, 0xE4, 0x73, 0xCF, 0xE7, 0x33, 0x9F, 0xE7, 0x39, 0x9F, 0xE7, 0x99, 0x9F, 0xE7, 0x99,
    0x9F, 0xE7, 0x99, 0x9F, 0xE7, 0x99, 0x9F, 0xE7, 0x39, 0xCF, 0xE7, 0x33, 0xCF, 0xE4, 0x73, 0xE7, 0xE0, 0xE7,
    0xE3, 0xE3, 0xC7, 0xF1, 0xFF, 0x8F, 0xF8, 0x7E, 0x1F, 0xFE, 0x00, 0x7F, 0xFF, 0x81, 0xFF, 0xFF, 0xFF, 0xFF};
static const freeink::Icon icon_settings_filter_24 = {24, 24, 12, icon_settings_filter_24_bits};
static const uint8_t icon_settings_filter_32_bits[] = {
    0xFF, 0xFF, 0xFF, 0xFF, 0xFF, 0xFE, 0x7F, 0xFF, 0xFF, 0xC0, 0x03, 0xFF, 0xFF, 0x80, 0x01, 0xFF, 0xFE, 0x07, 0xE0,
    0x7F, 0xFC, 0x3F, 0xFC, 0x3F, 0xF8, 0x7F, 0xFE, 0x1F, 0xF1, 0xFE, 0x0F, 0x8F, 0xF1, 0xFE, 0x07, 0x8F, 0xE3, 0xFE,
    0x01, 0xC7, 0xC7, 0xFE, 0x71, 0xE7, 0xC7, 0xFE, 0x78, 0xE3, 0xCF, 0xFE, 0x7C, 0x63, 0xCF, 0xFE, 0x7C, 0x73, 0xCF,
    0xFE, 0x7E, 0x73, 0x8F, 0xFE, 0x7E, 0x71, 0x8F, 0xFE, 0x7E, 0x71, 0xCF, 0xFE, 0x7E, 0x73, 0xCF, 0xFE, 0x7C, 0x73,
    0xC7, 0xFE, 0x7C, 0x63, 0xC7, 0xFE, 0x78, 0xE3, 0xC7, 0xFE, 0x71, 0xE7, 0xE3, 0xFE, 0x01, 0xC7, 0xF1, 0xFE, 0x07,
    0x8F, 0xF1, 0xFE, 0x0F, 0x0F, 0xF8, 0x7F, 0xFE, 0x1F, 0xFC, 0x3F, 0xFC, 0x3F, 0xFE, 0x07, 0xE0, 0x7F, 0xFF, 0x80,
    0x01, 0xFF, 0xFF, 0xE0, 0x07, 0xFF, 0xFF, 0xFE, 0x7F, 0xFF, 0xFF, 0xFF, 0xFF, 0xFF};
static const freeink::Icon icon_settings_filter_32 = {32, 32, 15, icon_settings_filter_32_bits};

// settings-resume  (lucide: timer-reset)
static const uint8_t icon_settings_resume_24_bits[] = {
    0xFF, 0xFF, 0xFF, 0xFF, 0x81, 0xFF, 0xFF, 0x81, 0xFF, 0xFF, 0xFF, 0xFF, 0xFF, 0xFF, 0xFF, 0xFF, 0x81, 0xFF,
    0xFE, 0x00, 0x7F, 0xFC, 0x7E, 0x3F, 0xF8, 0xFF, 0x1F, 0xF1, 0xE7, 0x8F, 0xF3, 0xE7, 0xCF, 0xE7, 0xE7, 0xE7,
    0xE7, 0xE7, 0xE7, 0xE7, 0xE7, 0xE7, 0xFF, 0xE7, 0xE7, 0xFF, 0xFF, 0xE7, 0xE0, 0x3F, 0xE7, 0xE0, 0x3F, 0xCF,
    0xE3, 0xFF, 0x8F, 0xE0, 0xFF, 0x1F, 0xE4, 0x7E, 0x3F, 0xE6, 0x00, 0x7F, 0xE7, 0x81, 0xFF, 0xFF, 0xFF, 0xFF};
static const freeink::Icon icon_settings_resume_24 = {24, 24, 13, icon_settings_resume_24_bits};
static const uint8_t icon_settings_resume_32_bits[] = {
    0xFF, 0xFF, 0xFF, 0xFF, 0xFF, 0xF8, 0x1F, 0xFF, 0xFF, 0xF0, 0x0F, 0xFF, 0xFF, 0xF0, 0x0F, 0xFF, 0xFF, 0xFF, 0xFF,
    0xFF, 0xFF, 0xFF, 0xFF, 0xFF, 0xFF, 0xFF, 0xFF, 0xFF, 0xFF, 0xF0, 0x0F, 0xFF, 0xFF, 0xC0, 0x03, 0xFF, 0xFF, 0x03,
    0xC0, 0xFF, 0xFE, 0x1F, 0xF8, 0x7F, 0xFC, 0x3F, 0xFC, 0x3F, 0xFC, 0x7E, 0x7E, 0x3F, 0xF8, 0xFE, 0x7F, 0x1F, 0xF8,
    0xFE, 0x7F, 0x1F, 0xF1, 0xFE, 0x7F, 0x9F, 0xF1, 0xFE, 0x7F, 0x8F, 0xF1, 0xFE, 0x7F, 0x8F, 0xFB, 0xFE, 0x7F, 0x8F,
    0xFF, 0xFE, 0x7F, 0x8F, 0xFF, 0xFF, 0xFF, 0x8F, 0xF8, 0x0F, 0xFF, 0x8F, 0xF0, 0x07, 0xFF, 0x9F, 0xF0, 0x07, 0xFF,
    0x1F, 0xF0, 0xFF, 0xFE, 0x3F, 0xF0, 0x3F, 0xFC, 0x3F, 0xF0, 0x1F, 0xF8, 0x7F, 0xF1, 0x07, 0xE0, 0xFF, 0xF1, 0x80,
    0x01, 0xFF, 0xF1, 0xE0, 0x07, 0xFF, 0xFB, 0xFE, 0x7F, 0xFF, 0xFF, 0xFF, 0xFF, 0xFF};
static const freeink::Icon icon_settings_resume_32 = {32, 32, 17, icon_settings_resume_32_bits};

// settings-battery  (lucide: battery)
static const uint8_t icon_settings_battery_24_bits[] = {
    0xFF, 0xFF, 0xFF, 0xFF, 0xFF, 0xFF, 0xFF, 0xFF, 0xFF, 0xFF, 0xFF, 0xFF, 0xFF, 0xFF, 0xFF, 0xE0, 0x00, 0x7F,
    0xC0, 0x00, 0x3F, 0x9F, 0xFF, 0x9F, 0x9F, 0xFF, 0x9F, 0x9F, 0xFF, 0x99, 0x9F, 0xFF, 0x99, 0x9F, 0xFF, 0x99,
    0x9F, 0xFF, 0x99, 0x9F, 0xFF, 0x99, 0x9F, 0xFF, 0x99, 0x9F, 0xFF, 0x9F, 0x9F, 0xFF, 0x9F, 0xC0, 0x00, 0x3F,
    0xE0, 0x00, 0x7F, 0xFF, 0xFF, 0xFF, 0xFF, 0xFF, 0xFF, 0xFF, 0xFF, 0xFF, 0xFF, 0xFF, 0xFF, 0xFF, 0xFF, 0xFF};
static const freeink::Icon icon_settings_battery_24 = {24, 24, 12, icon_settings_battery_24_bits};
static const uint8_t icon_settings_battery_32_bits[] = {
    0xFF, 0xFF, 0xFF, 0xFF, 0xFF, 0xFF, 0xFF, 0xFF, 0xFF, 0xFF, 0xFF, 0xFF, 0xFF, 0xFF, 0xFF, 0xFF, 0xFF, 0xFF, 0xFF,
    0xFF, 0xFF, 0xFF, 0xFF, 0xFF, 0xFF, 0xFF, 0xFF, 0xFF, 0xE0, 0x00, 0x00, 0xFF, 0xC0, 0x00, 0x00, 0x7F, 0xC7, 0xFF,
    0xFC, 0x7F, 0x8F, 0xFF, 0xFE, 0x7F, 0x8F, 0xFF, 0xFE, 0x7F, 0x8F, 0xFF, 0xFE, 0x73, 0x8F, 0xFF, 0xFE, 0x71, 0x8F,
    0xFF, 0xFE, 0x71, 0x8F, 0xFF, 0xFE, 0x71, 0x8F, 0xFF, 0xFE, 0x71, 0x8F, 0xFF, 0xFE, 0x71, 0x8F, 0xFF, 0xFE, 0x71,
    0x8F, 0xFF, 0xFE, 0x73, 0x8F, 0xFF, 0xFE, 0x7F, 0x8F, 0xFF, 0xFE, 0x7F, 0xC7, 0xFF, 0xFC, 0x7F, 0xC0, 0x00, 0x00,
    0x7F, 0xE0, 0x00, 0x00, 0xFF, 0xFF, 0xFF, 0xFF, 0xFF, 0xFF, 0xFF, 0xFF, 0xFF, 0xFF, 0xFF, 0xFF, 0xFF, 0xFF, 0xFF,
    0xFF, 0xFF, 0xFF, 0xFF, 0xFF, 0xFF, 0xFF, 0xFF, 0xFF, 0xFF, 0xFF, 0xFF, 0xFF, 0xFF};
static const freeink::Icon icon_settings_battery_32 = {32, 32, 16, icon_settings_battery_32_bits};

// settings-refresh  (lucide: refresh-cw)
static const uint8_t icon_settings_refresh_24_bits[] = {
    0xFF, 0xFF, 0xFF, 0xFF, 0xFF, 0xFF, 0xFF, 0x81, 0xF3, 0xFE, 0x00, 0x73, 0xFC, 0x7E, 0x13, 0xF9, 0xFF, 0x83,
    0xF3, 0xFF, 0xC3, 0xE7, 0xFE, 0x03, 0xE7, 0xFE, 0x03, 0xCF, 0xFF, 0xFF, 0xCF, 0xFF, 0xFF, 0xCF, 0xFF, 0xF3,
    0xCF, 0xFF, 0xF3, 0xFF, 0xFF, 0xF3, 0xFF, 0xFF, 0xF3, 0xC0, 0x7F, 0xE7, 0xC0, 0x7F, 0xE7, 0xC3, 0xFF, 0xCF,
    0xC1, 0xFF, 0x9F, 0xC8, 0x7E, 0x3F, 0xCE, 0x00, 0x7F, 0xCF, 0x81, 0xFF, 0xFF, 0xFF, 0xFF, 0xFF, 0xFF, 0xFF};
static const freeink::Icon icon_settings_refresh_24 = {24, 24, 12, icon_settings_refresh_24_bits};
static const uint8_t icon_settings_refresh_32_bits[] = {
    0xFF, 0xFF, 0xFF, 0xFF, 0xFF, 0xFF, 0xFF, 0xFF, 0xFF, 0xFF, 0xFF, 0xFF, 0xFF, 0xF0, 0x0F, 0xE7, 0xFF, 0x80, 0x01,
    0xE7, 0xFF, 0x03, 0xC0, 0xE7, 0xFE, 0x1F, 0xF8, 0x27, 0xFC, 0x3F, 0xFE, 0x07, 0xF8, 0xFF, 0xFF, 0x07, 0xF0, 0xFF,
    0xF8, 0x07, 0xF1, 0xFF, 0xF0, 0x07, 0xF3, 0xFF, 0xF0, 0x07, 0xE3, 0xFF, 0xFF, 0xFF, 0xE3, 0xFF, 0xFF, 0xFF, 0xE7,
    0xFF, 0xFF, 0xFF, 0xE7, 0xFF, 0xFF, 0xE7, 0xE7, 0xFF, 0xFF, 0xE7, 0xFF, 0xFF, 0xFF, 0xE7, 0xFF, 0xFF, 0xFF, 0xC7,
    0xFF, 0xFF, 0xFF, 0xC7, 0xE0, 0x0F, 0xFF, 0xCF, 0xE0, 0x0F, 0xFF, 0x8F, 0xE0, 0x1F, 0xFF, 0x1F, 0xE0, 0xFF, 0xFF,
    0x1F, 0xE0, 0x7F, 0xFC, 0x3F, 0xE4, 0x1F, 0xF8, 0x7F, 0xE7, 0x03, 0xC0, 0xFF, 0xE7, 0x80, 0x03, 0xFF, 0xE7, 0xF0,
    0x0F, 0xFF, 0xFF, 0xFF, 0xFF, 0xFF, 0xFF, 0xFF, 0xFF, 0xFF, 0xFF, 0xFF, 0xFF, 0xFF};
static const freeink::Icon icon_settings_refresh_32 = {32, 32, 15, icon_settings_refresh_32_bits};

// settings-theme  (lucide: palette)
static const uint8_t icon_settings_theme_24_bits[] = {
    0xFF, 0xFF, 0xFF, 0xFF, 0x81, 0xFF, 0xFE, 0x00, 0x3F, 0xF8, 0x7E, 0x1F, 0xF1, 0xFF, 0x8F, 0xE3, 0xFB, 0xE7,
    0xE7, 0x71, 0xE3, 0xCE, 0x3B, 0xF3, 0xCF, 0x7F, 0xF9, 0x9F, 0xFF, 0xB9, 0x9F, 0xFF, 0x19, 0x9D, 0xFF, 0xB9,
    0x98, 0xFF, 0xF9, 0x9D, 0xFF, 0xF3, 0x9F, 0xFF, 0xE3, 0xCF, 0xF8, 0x07, 0xCF, 0xF0, 0x1F, 0xE7, 0xF3, 0xFF,
    0xE3, 0xF3, 0xFF, 0xF1, 0xF9, 0xFF, 0xF8, 0x79, 0xFF, 0xFE, 0x01, 0xFF, 0xFF, 0x83, 0xFF, 0xFF, 0xFF, 0xFF};
static const freeink::Icon icon_settings_theme_24 = {24, 24, 11, icon_settings_theme_24_bits};
static const uint8_t icon_settings_theme_32_bits[] = {
    0xFF, 0xFF, 0xFF, 0xFF, 0xFF, 0xFE, 0x7F, 0xFF, 0xFF, 0xC0, 0x03, 0xFF, 0xFF, 0x80, 0x00, 0xFF, 0xFE, 0x07, 0xF0,
    0x7F, 0xFC, 0x3F, 0xFC, 0x1F, 0xF8, 0x7F, 0xFF, 0x1F, 0xF1, 0xFF, 0x9F, 0x8F, 0xF1, 0xCF, 0x0F, 0xC7, 0xE3, 0xC7,
    0x0F, 0xE7, 0xC7, 0xC7, 0xFF, 0xE3, 0xC7, 0xCF, 0xFF, 0xE3, 0xC7, 0xFF, 0xFC, 0xF3, 0xCF, 0xFF, 0xFC, 0x73, 0xCF,
    0xFF, 0xFC, 0x71, 0x8E, 0x3F, 0xFC, 0xF1, 0x8E, 0x3F, 0xFF, 0xF3, 0xCE, 0x3F, 0xFF, 0xE3, 0xCF, 0xFF, 0xFF, 0xC3,
    0xC7, 0xFF, 0xFF, 0x87, 0xC7, 0xFF, 0xC0, 0x0F, 0xC7, 0xFF, 0x80, 0x1F, 0xE3, 0xFF, 0x00, 0xFF, 0xF1, 0xFF, 0x1F,
    0xFF, 0xF1, 0xFF, 0x1F, 0xFF, 0xF8, 0x7F, 0x8F, 0xFF, 0xFC, 0x3F, 0x8F, 0xFF, 0xFE, 0x07, 0x8F, 0xFF, 0xFF, 0x80,
    0x0F, 0xFF, 0xFF, 0xE0, 0x1F, 0xFF, 0xFF, 0xFE, 0x7F, 0xFF, 0xFF, 0xFF, 0xFF, 0xFF};
static const freeink::Icon icon_settings_theme_32 = {32, 32, 15, icon_settings_theme_32_bits};

// settings-light  (lucide: lightbulb)
static const uint8_t icon_settings_light_24_bits[] = {
    0xFF, 0xFF, 0xFF, 0xFF, 0xC3, 0xFF, 0xFF, 0x00, 0xFF, 0xFE, 0x3C, 0x7F, 0xFC, 0xFF, 0x3F, 0xFC, 0xFF, 0x3F,
    0xF9, 0xFF, 0x9F, 0xF9, 0xFF, 0x9F, 0xF9, 0xFF, 0x9F, 0xF9, 0xFF, 0x9F, 0xFC, 0xFF, 0x3F, 0xFC, 0x7E, 0x3F,
    0xFE, 0x7E, 0x7F, 0xFF, 0x3C, 0xFF, 0xFF, 0x3C, 0xFF, 0xFF, 0xFF, 0xFF, 0xFF, 0xFF, 0xFF, 0xFF, 0x00, 0xFF,
    0xFF, 0x00, 0xFF, 0xFF, 0xFF, 0xFF, 0xFF, 0xFF, 0xFF, 0xFF, 0x81, 0xFF, 0xFF, 0x81, 0xFF, 0xFF, 0xFF, 0xFF};
static const freeink::Icon icon_settings_light_24 = {24, 24, 11, icon_settings_light_24_bits};
static const uint8_t icon_settings_light_32_bits[] = {
    0xFF, 0xFF, 0xFF, 0xFF, 0xFF, 0xFE, 0x7F, 0xFF, 0xFF, 0xF0, 0x0F, 0xFF, 0xFF, 0xC0, 0x03, 0xFF, 0xFF, 0x87, 0xE1,
    0xFF, 0xFF, 0x0F, 0xF0, 0xFF, 0xFF, 0x1F, 0xF8, 0xFF, 0xFE, 0x3F, 0xFC, 0x7F, 0xFE, 0x3F, 0xFC, 0x7F, 0xFE, 0x7F,
    0xFE, 0x7F, 0xFE, 0x7F, 0xFE, 0x7F, 0xFE, 0x7F, 0xFE, 0x7F, 0xFE, 0x3F, 0xFC, 0x7F, 0xFE, 0x3F, 0xFC, 0x7F, 0xFF,
    0x1F, 0xF8, 0xFF, 0xFF, 0x0F, 0xF0, 0xFF, 0xFF, 0x8F, 0xE1, 0xFF, 0xFF, 0xC7, 0xE3, 0xFF, 0xFF, 0xE7, 0xE7, 0xFF,
    0xFF, 0xE7, 0xE7, 0xFF, 0xFF, 0xFF, 0xFF, 0xFF, 0xFF, 0xFF, 0xFF, 0xFF, 0xFF, 0xFF, 0xFF, 0xFF, 0xFF, 0xE0, 0x07,
    0xFF, 0xFF, 0xE0, 0x07, 0xFF, 0xFF, 0xFF, 0xFF, 0xFF, 0xFF, 0xFF, 0xFF, 0xFF, 0xFF, 0xFF, 0xFF, 0xFF, 0xFF, 0xF0,
    0x0F, 0xFF, 0xFF, 0xF0, 0x0F, 0xFF, 0xFF, 0xF8, 0x1F, 0xFF, 0xFF, 0xFF, 0xFF, 0xFF};
static const freeink::Icon icon_settings_light_32 = {32, 32, 14, icon_settings_light_32_bits};

// settings-night  (lucide: moon)
static const uint8_t icon_settings_night_24_bits[] = {
    0xFF, 0xFF, 0xFF, 0xFF, 0xFF, 0xFF, 0xFF, 0x8F, 0xFF, 0xFE, 0x07, 0xFF, 0xFC, 0x47, 0xFF, 0xF9, 0xCF, 0xFF,
    0xF3, 0xCF, 0xFF, 0xE7, 0xCF, 0xFF, 0xE7, 0xCF, 0xFF, 0xCF, 0xE7, 0xFF, 0xCF, 0xE7, 0xFF, 0xCF, 0xF1, 0xE7,
    0xCF, 0xF8, 0x03, 0xCF, 0xFE, 0x03, 0xCF, 0xFF, 0xF3, 0xE7, 0xFF, 0xE7, 0xE7, 0xFF, 0xE7, 0xF3, 0xFF, 0xCF,
    0xF9, 0xFF, 0x9F, 0xFC, 0x7E, 0x3F, 0xFE, 0x00, 0x7F, 0xFF, 0x81, 0xFF, 0xFF, 0xFF, 0xFF, 0xFF, 0xFF, 0xFF};
static const freeink::Icon icon_settings_night_24 = {24, 24, 12, icon_settings_night_24_bits};
static const uint8_t icon_settings_night_32_bits[] = {
    0xFF, 0xFF, 0xFF, 0xFF, 0xFF, 0xFF, 0xFF, 0xFF, 0xFF, 0xFF, 0xFF, 0xFF, 0xFF, 0xF0, 0x7F, 0xFF, 0xFF, 0x80, 0x7F,
    0xFF, 0xFF, 0x00, 0x7F, 0xFF, 0xFE, 0x1C, 0x7F, 0xFF, 0xFC, 0x7C, 0xFF, 0xFF, 0xF8, 0xF8, 0xFF, 0xFF, 0xF0, 0xF8,
    0xFF, 0xFF, 0xF1, 0xFC, 0xFF, 0xFF, 0xF3, 0xFC, 0xFF, 0xFF, 0xE3, 0xFC, 0x7F, 0xFF, 0xE3, 0xFC, 0x7F, 0xFF, 0xE7,
    0xFE, 0x3F, 0xFF, 0xE7, 0xFF, 0x0F, 0x87, 0xE7, 0xFF, 0x80, 0x07, 0xE7, 0xFF, 0xC0, 0x07, 0xE3, 0xFF, 0xFC, 0xC7,
    0xE3, 0xFF, 0xFF, 0xC7, 0xF3, 0xFF, 0xFF, 0xCF, 0xF1, 0xFF, 0xFF, 0x8F, 0xF0, 0xFF, 0xFF, 0x0F, 0xF8, 0xFF, 0xFF,
    0x1F, 0xFC, 0x3F, 0xFC, 0x3F, 0xFE, 0x1F, 0xF8, 0x7F, 0xFF, 0x03, 0xC0, 0xFF, 0xFF, 0x80, 0x01, 0xFF, 0xFF, 0xF0,
    0x0F, 0xFF, 0xFF, 0xFF, 0xFF, 0xFF, 0xFF, 0xFF, 0xFF, 0xFF, 0xFF, 0xFF, 0xFF, 0xFF};
static const freeink::Icon icon_settings_night_32 = {32, 32, 17, icon_settings_night_32_bits};

// settings-text  (lucide: type)
static const uint8_t icon_settings_text_24_bits[] = {
    0xFF, 0xFF, 0xFF, 0xFF, 0xFF, 0xFF, 0xFF, 0xFF, 0xFF, 0xF0, 0x00, 0x0F, 0xE0, 0x00, 0x07, 0xE7, 0xE7, 0xE7,
    0xE7, 0xE7, 0xE7, 0xE7, 0xE7, 0xE7, 0xFF, 0xE7, 0xFF, 0xFF, 0xE7, 0xFF, 0xFF, 0xE7, 0xFF, 0xFF, 0xE7, 0xFF,
    0xFF, 0xE7, 0xFF, 0xFF, 0xE7, 0xFF, 0xFF, 0xE7, 0xFF, 0xFF, 0xE7, 0xFF, 0xFF, 0xE7, 0xFF, 0xFF, 0xE7, 0xFF,
    0xFF, 0xE7, 0xFF, 0xFF, 0x00, 0xFF, 0xFF, 0x00, 0xFF, 0xFF, 0xFF, 0xFF, 0xFF, 0xFF, 0xFF, 0xFF, 0xFF, 0xFF};
static const freeink::Icon icon_settings_text_24 = {24, 24, 9, icon_settings_text_24_bits};
static const uint8_t icon_settings_text_32_bits[] = {
    0xFF, 0xFF, 0xFF, 0xFF, 0xFF, 0xFF, 0xFF, 0xFF, 0xFF, 0xFF, 0xFF, 0xFF, 0xFF, 0xFF, 0xFF, 0xFF, 0xF8, 0x00, 0x00,
    0x1F, 0xF0, 0x00, 0x00, 0x0F, 0xF0, 0x00, 0x00, 0x0F, 0xF1, 0xFE, 0x7F, 0x8F, 0xF1, 0xFE, 0x7F, 0x8F, 0xF1, 0xFE,
    0x7F, 0x8F, 0xFB, 0xFE, 0x7F, 0xDF, 0xFF, 0xFE, 0x7F, 0xFF, 0xFF, 0xFE, 0x7F, 0xFF, 0xFF, 0xFE, 0x7F, 0xFF, 0xFF,
    0xFE, 0x7F, 0xFF, 0xFF, 0xFE, 0x7F, 0xFF, 0xFF, 0xFE, 0x7F, 0xFF, 0xFF, 0xFE, 0x7F, 0xFF, 0xFF, 0xFE, 0x7F, 0xFF,
    0xFF, 0xFE, 0x7F, 0xFF, 0xFF, 0xFE, 0x7F, 0xFF, 0xFF, 0xFE, 0x7F, 0xFF, 0xFF, 0xFE, 0x7F, 0xFF, 0xFF, 0xFE, 0x7F,
    0xFF, 0xFF, 0xFE, 0x7F, 0xFF, 0xFF, 0xF0, 0x0F, 0xFF, 0xFF, 0xE0, 0x07, 0xFF, 0xFF, 0xE0, 0x07, 0xFF, 0xFF, 0xFF,
    0xFF, 0xFF, 0xFF, 0xFF, 0xFF, 0xFF, 0xFF, 0xFF, 0xFF, 0xFF, 0xFF, 0xFF, 0xFF, 0xFF};
static const freeink::Icon icon_settings_text_32 = {32, 32, 12, icon_settings_text_32_bits};

// settings-fonts  (lucide: download)
static const uint8_t icon_settings_fonts_24_bits[] = {
    0xFF, 0xFF, 0xFF, 0xFF, 0xFF, 0xFF, 0xFF, 0xE7, 0xFF, 0xFF, 0xE7, 0xFF, 0xFF, 0xE7, 0xFF, 0xFF, 0xE7, 0xFF,
    0xFF, 0xE7, 0xFF, 0xFF, 0xE7, 0xFF, 0xFF, 0xE7, 0xFF, 0xFC, 0xE7, 0x3F, 0xFC, 0x66, 0x3F, 0xFE, 0x24, 0x7F,
    0xFF, 0x00, 0xFF, 0xFF, 0x81, 0xFF, 0xCF, 0xC3, 0xF3, 0xCF, 0xE7, 0xF3, 0xCF, 0xFF, 0xF3, 0xCF, 0xFF, 0xF3,
    0xCF, 0xFF, 0xF3, 0xCF, 0xFF, 0xF3, 0xE0, 0x00, 0x07, 0xF0, 0x00, 0x0F, 0xFF, 0xFF, 0xFF, 0xFF, 0xFF, 0xFF};
static const freeink::Icon icon_settings_fonts_24 = {24, 24, 14, icon_settings_fonts_24_bits};
static const uint8_t icon_settings_fonts_32_bits[] = {
    0xFF, 0xFF, 0xFF, 0xFF, 0xFF, 0xFF, 0xFF, 0xFF, 0xFF, 0xFF, 0xFF, 0xFF, 0xFF, 0xFE, 0x7F, 0xFF, 0xFF, 0xFE, 0x7F,
    0xFF, 0xFF, 0xFE, 0x7F, 0xFF, 0xFF, 0xFE, 0x7F, 0xFF, 0xFF, 0xFE, 0x7F, 0xFF, 0xFF, 0xFE, 0x7F, 0xFF, 0xFF, 0xFE,
    0x7F, 0xFF, 0xFF, 0xFE, 0x7F, 0xFF, 0xFF, 0xFE, 0x7F, 0xFF, 0xFF, 0x3E, 0x7C, 0xFF, 0xFF, 0x1E, 0x78, 0xFF, 0xFF,
    0x8E, 0x71, 0xFF, 0xFF, 0xC6, 0x63, 0xFF, 0xFF, 0xE0, 0x07, 0xFF, 0xFF, 0xF0, 0x0F, 0xFF, 0xFF, 0xF8, 0x1F, 0xFF,
    0xE7, 0xFC, 0x3F, 0xE7, 0xE7, 0xFE, 0x7F, 0xE7, 0xE7, 0xFF, 0xFF, 0xE7, 0xE7, 0xFF, 0xFF, 0xE7, 0xE7, 0xFF, 0xFF,
    0xE7, 0xE7, 0xFF, 0xFF, 0xE7, 0xE7, 0xFF, 0xFF, 0xE7, 0xE3, 0xFF, 0xFF, 0xC7, 0xE0, 0x00, 0x00, 0x07, 0xF0, 0x00,
    0x00, 0x0F, 0xFF, 0xFF, 0xFF, 0xFF, 0xFF, 0xFF, 0xFF, 0xFF, 0xFF, 0xFF, 0xFF, 0xFF};
static const freeink::Icon icon_settings_fonts_32 = {32, 32, 20, icon_settings_fonts_32_bits};

// settings-orientation  (lucide: rotate-cw)
static const uint8_t icon_settings_orientation_24_bits[] = {
    0xFF, 0xFF, 0xFF, 0xFF, 0xFF, 0xFF, 0xFF, 0x81, 0xF3, 0xFE, 0x00, 0x73, 0xFC, 0x7E, 0x13, 0xF9, 0xFF, 0x83,
    0xF3, 0xFF, 0xC3, 0xE7, 0xFE, 0x03, 0xE7, 0xFE, 0x03, 0xCF, 0xFF, 0xFF, 0xCF, 0xFF, 0xFF, 0xCF, 0xFF, 0xF3,
    0xCF, 0xFF, 0xF3, 0xCF, 0xFF, 0xF3, 0xCF, 0xFF, 0xF3, 0xE7, 0xFF, 0xE7, 0xE7, 0xFF, 0xE7, 0xF3, 0xFF, 0xCF,
    0xF9, 0xFF, 0x9F, 0xFC, 0x7E, 0x3F, 0xFE, 0x00, 0x7F, 0xFF, 0x81, 0xFF, 0xFF, 0xFF, 0xFF, 0xFF, 0xFF, 0xFF};
static const freeink::Icon icon_settings_orientation_24 = {24, 24, 10, icon_settings_orientation_24_bits};
static const uint8_t icon_settings_orientation_32_bits[] = {
    0xFF, 0xFF, 0xFF, 0xFF, 0xFF, 0xFF, 0xFF, 0xFF, 0xFF, 0xFF, 0xFF, 0xFF, 0xFF, 0xF0, 0x0F, 0xE7, 0xFF, 0x80, 0x01,
    0xE7, 0xFF, 0x03, 0xC0, 0xE7, 0xFE, 0x1F, 0xF8, 0x27, 0xFC, 0x3F, 0xFE, 0x07, 0xF8, 0xFF, 0xFF, 0x07, 0xF0, 0xFF,
    0xF8, 0x07, 0xF1, 0xFF, 0xF0, 0x07, 0xF3, 0xFF, 0xF0, 0x07, 0xE3, 0xFF, 0xFF, 0xFF, 0xE3, 0xFF, 0xFF, 0xFF, 0xE7,
    0xFF, 0xFF, 0xFF, 0xE7, 0xFF, 0xFF, 0xE7, 0xE7, 0xFF, 0xFF, 0xE7, 0xE7, 0xFF, 0xFF, 0xE7, 0xE3, 0xFF, 0xFF, 0xC7,
    0xE3, 0xFF, 0xFF, 0xC7, 0xF3, 0xFF, 0xFF, 0xCF, 0xF1, 0xFF, 0xFF, 0x8F, 0xF0, 0xFF, 0xFF, 0x1F, 0xF8, 0xFF, 0xFF,
    0x1F, 0xFC, 0x3F, 0xFC, 0x3F, 0xFE, 0x1F, 0xF8, 0x7F, 0xFF, 0x03, 0xC0, 0xFF, 0xFF, 0x80, 0x03, 0xFF, 0xFF, 0xF0,
    0x0F, 0xFF, 0xFF, 0xFF, 0xFF, 0xFF, 0xFF, 0xFF, 0xFF, 0xFF, 0xFF, 0xFF, 0xFF, 0xFF};
static const freeink::Icon icon_settings_orientation_32 = {32, 32, 14, icon_settings_orientation_32_bits};

// settings-menu  (lucide: menu)
static const uint8_t icon_settings_menu_24_bits[] = {
    0xFF, 0xFF, 0xFF, 0xFF, 0xFF, 0xFF, 0xFF, 0xFF, 0xFF, 0xFF, 0xFF, 0xFF, 0xE0, 0x00, 0x07, 0xE0, 0x00, 0x07,
    0xFF, 0xFF, 0xFF, 0xFF, 0xFF, 0xFF, 0xFF, 0xFF, 0xFF, 0xFF, 0xFF, 0xFF, 0xFF, 0xFF, 0xFF, 0xE0, 0x00, 0x07,
    0xE0, 0x00, 0x07, 0xFF, 0xFF, 0xFF, 0xFF, 0xFF, 0xFF, 0xFF, 0xFF, 0xFF, 0xFF, 0xFF, 0xFF, 0xFF, 0xFF, 0xFF,
    0xE0, 0x00, 0x07, 0xE0, 0x00, 0x07, 0xFF, 0xFF, 0xFF, 0xFF, 0xFF, 0xFF, 0xFF, 0xFF, 0xFF, 0xFF, 0xFF, 0xFF};
static const freeink::Icon icon_settings_menu_24 = {24, 24, 12, icon_settings_menu_24_bits};
static const uint8_t icon_settings_menu_32_bits[] = {
    0xFF, 0xFF, 0xFF, 0xFF, 0xFF, 0xFF, 0xFF, 0xFF, 0xFF, 0xFF, 0xFF, 0xFF, 0xFF, 0xFF, 0xFF, 0xFF, 0xFF, 0xFF, 0xFF,
    0xFF, 0xF8, 0x00, 0x00, 0x1F, 0xF0, 0x00, 0x00, 0x0F, 0xF0, 0x00, 0x00, 0x0F, 0xFF, 0xFF, 0xFF, 0xFF, 0xFF, 0xFF,
    0xFF, 0xFF, 0xFF, 0xFF, 0xFF, 0xFF, 0xFF, 0xFF, 0xFF, 0xFF, 0xFF, 0xFF, 0xFF, 0xFF, 0xFF, 0xFF, 0xFF, 0xFF, 0xFF,
    0xFF, 0xFF, 0xFF, 0xF0, 0x00, 0x00, 0x0F, 0xF0, 0x00, 0x00, 0x0F, 0xFF, 0xFF, 0xFF, 0xFF, 0xFF, 0xFF, 0xFF, 0xFF,
    0xFF, 0xFF, 0xFF, 0xFF, 0xFF, 0xFF, 0xFF, 0xFF, 0xFF, 0xFF, 0xFF, 0xFF, 0xFF, 0xFF, 0xFF, 0xFF, 0xFF, 0xFF, 0xFF,
    0xFF, 0xF0, 0x00, 0x00, 0x0F, 0xF0, 0x00, 0x00, 0x0F, 0xF8, 0x00, 0x00, 0x1F, 0xFF, 0xFF, 0xFF, 0xFF, 0xFF, 0xFF,
    0xFF, 0xFF, 0xFF, 0xFF, 0xFF, 0xFF, 0xFF, 0xFF, 0xFF, 0xFF, 0xFF, 0xFF, 0xFF, 0xFF};
static const freeink::Icon icon_settings_menu_32 = {32, 32, 16, icon_settings_menu_32_bits};

// settings-dictionary  (lucide: book-open)
static const uint8_t icon_settings_dictionary_24_bits[] = {
    0xFF, 0xFF, 0xFF, 0xFF, 0xFF, 0xFF, 0xC0, 0x3C, 0x03, 0x80, 0x18, 0x01, 0x9F, 0xC3, 0xF9, 0x9F, 0xE7, 0xF9,
    0x9F, 0xE7, 0xF9, 0x9F, 0xE7, 0xF9, 0x9F, 0xE7, 0xF9, 0x9F, 0xE7, 0xF9, 0x9F, 0xE7, 0xF9, 0x9F, 0xE7, 0xF9,
    0x9F, 0xE7, 0xF9, 0x9F, 0xE7, 0xF9, 0x9F, 0xE7, 0xF9, 0x9F, 0xE7, 0xF9, 0x9F, 0xE7, 0xF9, 0x80, 0x00, 0x01,
    0xC0, 0x00, 0x03, 0xFF, 0xC3, 0xFF, 0xFF, 0xE7, 0xFF, 0xFF, 0xE7, 0xFF, 0xFF, 0xFF, 0xFF, 0xFF, 0xFF, 0xFF};
static const freeink::Icon icon_settings_dictionary_24 = {24, 24, 11, icon_settings_dictionary_24_bits};
static const uint8_t icon_settings_dictionary_32_bits[] = {
    0xFF, 0xFF, 0xFF, 0xFF, 0xFF, 0xFF, 0xFF, 0xFF, 0xFF, 0xFF, 0xFF, 0xFF, 0xC0, 0x03, 0xC0, 0x03, 0xC0, 0x01, 0x80,
    0x03, 0x8F, 0xF0, 0x0F, 0xF1, 0x8F, 0xFC, 0x3F, 0xF1, 0x8F, 0xFC, 0x3F, 0xF1, 0x8F, 0xFE, 0x7F, 0xF1, 0x8F, 0xFE,
    0x7F, 0xF1, 0x8F, 0xFE, 0x7F, 0xF1, 0x8F, 0xFE, 0x7F, 0xF1, 0x8F, 0xFE, 0x7F, 0xF1, 0x8F, 0xFE, 0x7F, 0xF1, 0x8F,
    0xFE, 0x7F, 0xF1, 0x8F, 0xFE, 0x7F, 0xF1, 0x8F, 0xFE, 0x7F, 0xF1, 0x8F, 0xFE, 0x7F, 0xF1, 0x8F, 0xFE, 0x7F, 0xF1,
    0x8F, 0xFE, 0x7F, 0xF1, 0x8F, 0xFE, 0x7F, 0xF1, 0x8F, 0xFE, 0x7F, 0xF1, 0x8F, 0xFE, 0x7F, 0xF1, 0xC0, 0x00, 0x00,
    0x03, 0xC0, 0x00, 0x00, 0x03, 0xFF, 0xF8, 0x1F, 0xFF, 0xFF, 0xFC, 0x3F, 0xFF, 0xFF, 0xFC, 0x3F, 0xFF, 0xFF, 0xFE,
    0x7F, 0xFF, 0xFF, 0xFF, 0xFF, 0xFF, 0xFF, 0xFF, 0xFF, 0xFF, 0xFF, 0xFF, 0xFF, 0xFF};
static const freeink::Icon icon_settings_dictionary_32 = {32, 32, 14, icon_settings_dictionary_32_bits};

// settings-status-bar  (lucide: panel-bottom)
static const uint8_t icon_settings_status_bar_24_bits[] = {
    0xFF, 0xFF, 0xFF, 0xFF, 0xFF, 0xFF, 0xF0, 0x00, 0x0F, 0xE0, 0x00, 0x07, 0xCF, 0xFF, 0xF3, 0xCF, 0xFF, 0xF3,
    0xCF, 0xFF, 0xF3, 0xCF, 0xFF, 0xF3, 0xCF, 0xFF, 0xF3, 0xCF, 0xFF, 0xF3, 0xCF, 0xFF, 0xF3, 0xCF, 0xFF, 0xF3,
    0xCF, 0xFF, 0xF3, 0xCF, 0xFF, 0xF3, 0xC0, 0x00, 0x03, 0xC0, 0x00, 0x03, 0xCF, 0xFF, 0xF3, 0xCF, 0xFF, 0xF3,
    0xCF, 0xFF, 0xF3, 0xCF, 0xFF, 0xF3, 0xE0, 0x00, 0x07, 0xF0, 0x00, 0x0F, 0xFF, 0xFF, 0xFF, 0xFF, 0xFF, 0xFF};
static const freeink::Icon icon_settings_status_bar_24 = {24, 24, 12, icon_settings_status_bar_24_bits};
static const uint8_t icon_settings_status_bar_32_bits[] = {
    0xFF, 0xFF, 0xFF, 0xFF, 0xFF, 0xFF, 0xFF, 0xFF, 0xFF, 0xFF, 0xFF, 0xFF, 0xF0, 0x00, 0x00, 0x0F, 0xE0, 0x00, 0x00,
    0x07, 0xE3, 0xFF, 0xFF, 0xC7, 0xE7, 0xFF, 0xFF, 0xE7, 0xE7, 0xFF, 0xFF, 0xE7, 0xE7, 0xFF, 0xFF, 0xE7, 0xE7, 0xFF,
    0xFF, 0xE7, 0xE7, 0xFF, 0xFF, 0xE7, 0xE7, 0xFF, 0xFF, 0xE7, 0xE7, 0xFF, 0xFF, 0xE7, 0xE7, 0xFF, 0xFF, 0xE7, 0xE7,
    0xFF, 0xFF, 0xE7, 0xE7, 0xFF, 0xFF, 0xE7, 0xE7, 0xFF, 0xFF, 0xE7, 0xE7, 0xFF, 0xFF, 0xE7, 0xE7, 0xFF, 0xFF, 0xE7,
    0xE0, 0x00, 0x00, 0x07, 0xE0, 0x00, 0x00, 0x07, 0xE7, 0xFF, 0xFF, 0xE7, 0xE7, 0xFF, 0xFF, 0xE7, 0xE7, 0xFF, 0xFF,
    0xE7, 0xE7, 0xFF, 0xFF, 0xE7, 0xE7, 0xFF, 0xFF, 0xE7, 0xE3, 0xFF, 0xFF, 0xC7, 0xE0, 0x00, 0x00, 0x07, 0xF0, 0x00,
    0x00, 0x0F, 0xFF, 0xFF, 0xFF, 0xFF, 0xFF, 0xFF, 0xFF, 0xFF, 0xFF, 0xFF, 0xFF, 0xFF};
static const freeink::Icon icon_settings_status_bar_32 = {32, 32, 16, icon_settings_status_bar_32_bits};

// settings-buttons  (lucide: arrow-left-right)
static const uint8_t icon_settings_buttons_24_bits[] = {
    0xFF, 0xFF, 0xFF, 0xFF, 0xFF, 0xFF, 0xFE, 0x7F, 0xFF, 0xFC, 0x7F, 0xFF, 0xF8, 0xFF, 0xFF, 0xF1, 0xFF, 0xFF,
    0xE0, 0x00, 0x07, 0xE0, 0x00, 0x07, 0xF1, 0xFF, 0xFF, 0xF8, 0xFF, 0xFF, 0xFC, 0x7F, 0xFF, 0xFE, 0x7F, 0xFF,
    0xFF, 0xFE, 0x7F, 0xFF, 0xFE, 0x3F, 0xFF, 0xFF, 0x1F, 0xFF, 0xFF, 0x8F, 0xE0, 0x00, 0x07, 0xE0, 0x00, 0x07,
    0xFF, 0xFF, 0x8F, 0xFF, 0xFF, 0x1F, 0xFF, 0xFE, 0x3F, 0xFF, 0xFE, 0x7F, 0xFF, 0xFF, 0xFF, 0xFF, 0xFF, 0xFF};
static const freeink::Icon icon_settings_buttons_24 = {24, 24, 12, icon_settings_buttons_24_bits};
static const uint8_t icon_settings_buttons_32_bits[] = {
    0xFF, 0xFF, 0xFF, 0xFF, 0xFF, 0xFF, 0xFF, 0xFF, 0xFF, 0xFF, 0xFF, 0xFF, 0xFF, 0x8F, 0xFF, 0xFF, 0xFF, 0x0F, 0xFF,
    0xFF, 0xFE, 0x1F, 0xFF, 0xFF, 0xFC, 0x3F, 0xFF, 0xFF, 0xF8, 0x7F, 0xFF, 0xFF, 0xF0, 0x00, 0x00, 0x0F, 0xF0, 0x00,
    0x00, 0x0F, 0xF0, 0x00, 0x00, 0x1F, 0xFC, 0x7F, 0xFF, 0xFF, 0xFE, 0x3F, 0xFF, 0xFF, 0xFF, 0x1F, 0xFF, 0xFF, 0xFF,
    0x8F, 0xFF, 0xFF, 0xFF, 0xCF, 0xFF, 0xFF, 0xFF, 0xFF, 0xF3, 0xFF, 0xFF, 0xFF, 0xF1, 0xFF, 0xFF, 0xFF, 0xF8, 0xFF,
    0xFF, 0xFF, 0xFC, 0x7F, 0xFF, 0xFF, 0xFE, 0x3F, 0xF8, 0x00, 0x00, 0x0F, 0xF0, 0x00, 0x00, 0x0F, 0xF0, 0x00, 0x00,
    0x0F, 0xFF, 0xFF, 0xFE, 0x1F, 0xFF, 0xFF, 0xFC, 0x3F, 0xFF, 0xFF, 0xF8, 0x7F, 0xFF, 0xFF, 0xF0, 0xFF, 0xFF, 0xFF,
    0xF1, 0xFF, 0xFF, 0xFF, 0xFF, 0xFF, 0xFF, 0xFF, 0xFF, 0xFF, 0xFF, 0xFF, 0xFF, 0xFF};
static const freeink::Icon icon_settings_buttons_32 = {32, 32, 16, icon_settings_buttons_32_bits};

// settings-touch  (lucide: hand)
static const uint8_t icon_settings_touch_24_bits[] = {
    0xFF, 0xFF, 0xFF, 0xFF, 0xE7, 0xFF, 0xFF, 0xC3, 0xFF, 0xFE, 0x18, 0x7F, 0xFC, 0x18, 0x3F, 0xF9, 0x99, 0x87,
    0xF9, 0x99, 0x83, 0xF9, 0x99, 0x99, 0xF9, 0x99, 0x99, 0xF9, 0x99, 0x99, 0xF9, 0x99, 0x99, 0xF9, 0xFF, 0x99,
    0xC1, 0xFF, 0xF9, 0x81, 0xFF, 0xF9, 0x98, 0xFF, 0xF9, 0x9C, 0xFF, 0xF9, 0xCF, 0xFF, 0xF9, 0xE7, 0xFF, 0xF3,
    0xF3, 0xFF, 0xE3, 0xF9, 0xFF, 0xC7, 0xFC, 0x7F, 0x8F, 0xFE, 0x00, 0x1F, 0xFF, 0x80, 0x7F, 0xFF, 0xFF, 0xFF};
static const freeink::Icon icon_settings_touch_24 = {24, 24, 11, icon_settings_touch_24_bits};
static const uint8_t icon_settings_touch_32_bits[] = {
    0xFF, 0xFF, 0xFF, 0xFF, 0xFF, 0xFF, 0xFF, 0xFF, 0xFF, 0xF8, 0x1F, 0xFF, 0xFF, 0xF8, 0x1F, 0xFF, 0xFF, 0x81, 0x81,
    0xFF, 0xFF, 0x01, 0x80, 0xFF, 0xFE, 0x01, 0x80, 0x7F, 0xFE, 0x71, 0x8E, 0x07, 0xFE, 0x71, 0x8E, 0x03, 0xFE, 0x71,
    0x8E, 0x23, 0xFE, 0x71, 0x8E, 0x31, 0xFE, 0x71, 0x8E, 0x71, 0xFE, 0x71, 0x8E, 0x71, 0xFE, 0x71, 0x8E, 0x71, 0xFE,
    0x73, 0xDE, 0x71, 0xFE, 0x7F, 0xFE, 0x71, 0xE0, 0x7F, 0xFF, 0xF1, 0xC0, 0x7F, 0xFF, 0xF1, 0x8C, 0x3F, 0xFF, 0xF1,
    0x8E, 0x3F, 0xFF, 0xF1, 0x8F, 0x3F, 0xFF, 0xF3, 0xC7, 0xFF, 0xFF, 0xF3, 0xE3, 0xFF, 0xFF, 0xE3, 0xE1, 0xFF, 0xFF,
    0xE3, 0xF0, 0xFF, 0xFF, 0xC7, 0xF8, 0x7F, 0xFF, 0x8F, 0xFC, 0x3F, 0xFF, 0x0F, 0xFF, 0x0F, 0xFC, 0x1F, 0xFF, 0x80,
    0x00, 0x7F, 0xFF, 0xE0, 0x00, 0xFF, 0xFF, 0xFE, 0x0F, 0xFF, 0xFF, 0xFF, 0xFF, 0xFF};
static const freeink::Icon icon_settings_touch_32 = {32, 32, 15, icon_settings_touch_32_bits};

// settings-press  (lucide: mouse-pointer-click)
static const uint8_t icon_settings_press_24_bits[] = {
    0xFF, 0xFF, 0xFF, 0xFE, 0xFF, 0xFF, 0xFC, 0xFF, 0xFF, 0xFE, 0x79, 0xFF, 0xFE, 0x71, 0xFF, 0xFE, 0x63, 0xFF,
    0xDF, 0xE7, 0xFF, 0x83, 0xFF, 0xFF, 0xE3, 0x9F, 0xFF, 0xFF, 0x07, 0xFF, 0xFF, 0x00, 0xFF, 0xF9, 0x98, 0x3F,
    0xF1, 0x9F, 0x07, 0xE3, 0xCF, 0xC3, 0xE7, 0xCF, 0x83, 0xFF, 0xCE, 0x0F, 0xFF, 0xE6, 0x7F, 0xFF, 0xE4, 0xFF,
    0xFF, 0xF0, 0xFF, 0xFF, 0xF0, 0xFF, 0xFF, 0xF1, 0xFF, 0xFF, 0xF9, 0xFF, 0xFF, 0xFF, 0xFF, 0xFF, 0xFF, 0xFF};
static const freeink::Icon icon_settings_press_24 = {24, 24, 11, icon_settings_press_24_bits};
static const uint8_t icon_settings_press_32_bits[] = {
    0xFF, 0xFF, 0xFF, 0xFF, 0xFF, 0xFF, 0xFF, 0xFF, 0xFF, 0x1F, 0xFF, 0xFF, 0xFF, 0x1F, 0xFF, 0xFF, 0xFF, 0x9F, 0xDF,
    0xFF, 0xFF, 0x8F, 0x8F, 0xFF, 0xFF, 0x8F, 0x1F, 0xFF, 0xFF, 0xCE, 0x3F, 0xFF, 0xCF, 0xFE, 0x7F, 0xFF, 0xC1, 0xFF,
    0xFF, 0xFF, 0xC0, 0xFF, 0xFF, 0xFF, 0xF8, 0xE1, 0xFF, 0xFF, 0xFF, 0xE0, 0x7F, 0xFF, 0xFF, 0xE0, 0x0F, 0xFF, 0xFF,
    0xE3, 0x03, 0xFF, 0xFE, 0x73, 0xC0, 0x7F, 0xFC, 0x71, 0xF0, 0x1F, 0xF8, 0xF9, 0xFE, 0x07, 0xF1, 0xF8, 0xFF, 0x87,
    0xFB, 0xF8, 0xF8, 0x07, 0xFF, 0xFC, 0x70, 0x0F, 0xFF, 0xFC, 0x60, 0xFF, 0xFF, 0xFE, 0x63, 0xFF, 0xFF, 0xFE, 0x23,
    0xFF, 0xFF, 0xFE, 0x27, 0xFF, 0xFF, 0xFF, 0x07, 0xFF, 0xFF, 0xFF, 0x07, 0xFF, 0xFF, 0xFF, 0x87, 0xFF, 0xFF, 0xFF,
    0x8F, 0xFF, 0xFF, 0xFF, 0xFF, 0xFF, 0xFF, 0xFF, 0xFF, 0xFF, 0xFF, 0xFF, 0xFF, 0xFF};
static const freeink::Icon icon_settings_press_32 = {32, 32, 16, icon_settings_press_32_bits};

// settings-power  (lucide: power)
static const uint8_t icon_settings_power_24_bits[] = {
    0xFF, 0xFF, 0xFF, 0xFF, 0xE7, 0xFF, 0xFF, 0xE7, 0xFF, 0xFF, 0xE7, 0xFF, 0xFF, 0xE7, 0xFF, 0xFF, 0xE7, 0xFF,
    0xFB, 0xE7, 0xCF, 0xF3, 0xE7, 0xCF, 0xE7, 0xE7, 0xE7, 0xE7, 0xE7, 0xE7, 0xCF, 0xE7, 0xF3, 0xCF, 0xE7, 0xF3,
    0xCF, 0xE7, 0xF3, 0xCF, 0xFF, 0xF3, 0xCF, 0xFF, 0xF3, 0xCF, 0xFF, 0xF3, 0xE7, 0xFF, 0xE7, 0xE7, 0xFF, 0xE7,
    0xF3, 0xFF, 0xCF, 0xF9, 0xFF, 0x9F, 0xFC, 0x7E, 0x3F, 0xFE, 0x00, 0x7F, 0xFF, 0x81, 0xFF, 0xFF, 0xFF, 0xFF};
static const freeink::Icon icon_settings_power_24 = {24, 24, 13, icon_settings_power_24_bits};
static const uint8_t icon_settings_power_32_bits[] = {
    0xFF, 0xFF, 0xFF, 0xFF, 0xFF, 0xFF, 0xFF, 0xFF, 0xFF, 0xFE, 0x7F, 0xFF, 0xFF, 0xFE, 0x7F, 0xFF, 0xFF, 0xFE, 0x7F,
    0xFF, 0xFF, 0xFE, 0x7F, 0xFF, 0xFF, 0xFE, 0x7F, 0xFF, 0xFF, 0xFE, 0x7F, 0xFF, 0xFC, 0x7E, 0x7E, 0x3F, 0xF8, 0x7E,
    0x7F, 0x1F, 0xF8, 0xFE, 0x7F, 0x1F, 0xF1, 0xFE, 0x7F, 0x8F, 0xF3, 0xFE, 0x7F, 0xCF, 0xE3, 0xFE, 0x7F, 0xC7, 0xE3,
    0xFE, 0x7F, 0xC7, 0xE7, 0xFE, 0x7F, 0xE7, 0xE7, 0xFE, 0x7F, 0xE7, 0xE7, 0xFF, 0xFF, 0xE7, 0xE7, 0xFF, 0xFF, 0xE7,
    0xE3, 0xFF, 0xFF, 0xE7, 0xE3, 0xFF, 0xFF, 0xC7, 0xF3, 0xFF, 0xFF, 0xC7, 0xF1, 0xFF, 0xFF, 0x8F, 0xF1, 0xFF, 0xFF,
    0x8F, 0xF8, 0xFF, 0xFF, 0x1F, 0xFC, 0x7F, 0xFE, 0x3F, 0xFE, 0x1F, 0xF8, 0x3F, 0xFF, 0x07, 0xE0, 0xFF, 0xFF, 0x80,
    0x01, 0xFF, 0xFF, 0xE0, 0x07, 0xFF, 0xFF, 0xFF, 0xFF, 0xFF, 0xFF, 0xFF, 0xFF, 0xFF};
static const freeink::Icon icon_settings_power_32 = {32, 32, 18, icon_settings_power_32_bits};

// settings-back  (lucide: corner-down-left)
static const uint8_t icon_settings_back_24_bits[] = {
    0xFF, 0xFF, 0xFF, 0xFF, 0xFF, 0xFF, 0xFF, 0xFF, 0xFF, 0xFF, 0xFF, 0xE7, 0xFF, 0xFF, 0xE7, 0xFF, 0xFF, 0xE7,
    0xFF, 0xFF, 0xE7, 0xFF, 0xFF, 0xE7, 0xFF, 0xFF, 0xE7, 0xFF, 0x3F, 0xE7, 0xFE, 0x3F, 0xE7, 0xFC, 0x7F, 0xE7,
    0xF8, 0xFF, 0xE7, 0xF1, 0xFF, 0xCF, 0xE0, 0x00, 0x1F, 0xE0, 0x00, 0x3F, 0xF1, 0xFF, 0xFF, 0xF8, 0xFF, 0xFF,
    0xFC, 0x7F, 0xFF, 0xFE, 0x3F, 0xFF, 0xFF, 0x3F, 0xFF, 0xFF, 0xFF, 0xFF, 0xFF, 0xFF, 0xFF, 0xFF, 0xFF, 0xFF};
static const freeink::Icon icon_settings_back_24 = {24, 24, 13, icon_settings_back_24_bits};
static const uint8_t icon_settings_back_32_bits[] = {
    0xFF, 0xFF, 0xFF, 0xFF, 0xFF, 0xFF, 0xFF, 0xFF, 0xFF, 0xFF, 0xFF, 0xFF, 0xFF, 0xFF, 0xFF, 0xFF, 0xFF, 0xFF, 0xFF,
    0xCF, 0xFF, 0xFF, 0xFF, 0x8F, 0xFF, 0xFF, 0xFF, 0x8F, 0xFF, 0xFF, 0xFF, 0x8F, 0xFF, 0xFF, 0xFF, 0x8F, 0xFF, 0xFF,
    0xFF, 0x8F, 0xFF, 0xFF, 0xFF, 0x8F, 0xFF, 0xFF, 0xFF, 0x8F, 0xFF, 0xE7, 0xFF, 0x8F, 0xFF, 0xC7, 0xFF, 0x8F, 0xFF,
    0x87, 0xFF, 0x8F, 0xFF, 0x0F, 0xFF, 0x8F, 0xFE, 0x1F, 0xFF, 0x8F, 0xFC, 0x3F, 0xFF, 0x1F, 0xF8, 0x7F, 0xFE, 0x1F,
    0xF0, 0x00, 0x00, 0x3F, 0xF0, 0x00, 0x00, 0xFF, 0xF8, 0x7F, 0xFF, 0xFF, 0xFC, 0x3F, 0xFF, 0xFF, 0xFE, 0x1F, 0xFF,
    0xFF, 0xFF, 0x0F, 0xFF, 0xFF, 0xFF, 0x87, 0xFF, 0xFF, 0xFF, 0xC7, 0xFF, 0xFF, 0xFF, 0xE7, 0xFF, 0xFF, 0xFF, 0xFF,
    0xFF, 0xFF, 0xFF, 0xFF, 0xFF, 0xFF, 0xFF, 0xFF, 0xFF, 0xFF, 0xFF, 0xFF, 0xFF, 0xFF};
static const freeink::Icon icon_settings_back_32 = {32, 32, 17, icon_settings_back_32_bits};

// settings-timeout  (lucide: timer)
static const uint8_t icon_settings_timeout_24_bits[] = {
    0xFF, 0xFF, 0xFF, 0xFF, 0x81, 0xFF, 0xFF, 0x81, 0xFF, 0xFF, 0xFF, 0xFF, 0xFF, 0xFF, 0xFF, 0xFF, 0x81, 0xFF,
    0xFE, 0x00, 0x7F, 0xFC, 0x7E, 0x3F, 0xF8, 0xFF, 0x1F, 0xF1, 0xFF, 0x8F, 0xF3, 0xFC, 0xCF, 0xE7, 0xF8, 0xE7,
    0xE7, 0xF1, 0xE7, 0xE7, 0xE3, 0xE7, 0xE7, 0xE7, 0xE7, 0xE7, 0xFF, 0xE7, 0xE7, 0xFF, 0xE7, 0xF3, 0xFF, 0xCF,
    0xF1, 0xFF, 0x8F, 0xF8, 0xFF, 0x1F, 0xFC, 0x7E, 0x3F, 0xFE, 0x00, 0x7F, 0xFF, 0x81, 0xFF, 0xFF, 0xFF, 0xFF};
static const freeink::Icon icon_settings_timeout_24 = {24, 24, 12, icon_settings_timeout_24_bits};
static const uint8_t icon_settings_timeout_32_bits[] = {
    0xFF, 0xFF, 0xFF, 0xFF, 0xFF, 0xF8, 0x1F, 0xFF, 0xFF, 0xF0, 0x0F, 0xFF, 0xFF, 0xF0, 0x0F, 0xFF, 0xFF, 0xFF, 0xFF,
    0xFF, 0xFF, 0xFF, 0xFF, 0xFF, 0xFF, 0xFF, 0xFF, 0xFF, 0xFF, 0xF0, 0x0F, 0xFF, 0xFF, 0xC0, 0x03, 0xFF, 0xFF, 0x03,
    0xC0, 0xFF, 0xFE, 0x1F, 0xF8, 0x7F, 0xFC, 0x3F, 0xFC, 0x3F, 0xFC, 0x7F, 0xFE, 0x3F, 0xF8, 0xFF, 0xFF, 0x1F, 0xF8,
    0xFF, 0xC7, 0x1F, 0xF9, 0xFF, 0x87, 0x9F, 0xF1, 0xFF, 0x0F, 0x8F, 0xF1, 0xFE, 0x1F, 0x8F, 0xF1, 0xFE, 0x3F, 0x8F,
    0xF1, 0xFE, 0x7F, 0x8F, 0xF1, 0xFF, 0xFF, 0x8F, 0xF1, 0xFF, 0xFF, 0x8F, 0xF9, 0xFF, 0xFF, 0x9F, 0xF8, 0xFF, 0xFF,
    0x1F, 0xFC, 0x7F, 0xFE, 0x3F, 0xFC, 0x3F, 0xFC, 0x3F, 0xFE, 0x1F, 0xF8, 0x7F, 0xFF, 0x07, 0xE0, 0xFF, 0xFF, 0x80,
    0x01, 0xFF, 0xFF, 0xE0, 0x07, 0xFF, 0xFF, 0xFE, 0x7F, 0xFF, 0xFF, 0xFF, 0xFF, 0xFF};
static const freeink::Icon icon_settings_timeout_32 = {32, 32, 16, icon_settings_timeout_32_bits};

// settings-sync  (lucide: refresh-cw)
static const uint8_t icon_settings_sync_24_bits[] = {
    0xFF, 0xFF, 0xFF, 0xFF, 0xFF, 0xFF, 0xFF, 0x81, 0xF3, 0xFE, 0x00, 0x73, 0xFC, 0x7E, 0x13, 0xF9, 0xFF, 0x83,
    0xF3, 0xFF, 0xC3, 0xE7, 0xFE, 0x03, 0xE7, 0xFE, 0x03, 0xCF, 0xFF, 0xFF, 0xCF, 0xFF, 0xFF, 0xCF, 0xFF, 0xF3,
    0xCF, 0xFF, 0xF3, 0xFF, 0xFF, 0xF3, 0xFF, 0xFF, 0xF3, 0xC0, 0x7F, 0xE7, 0xC0, 0x7F, 0xE7, 0xC3, 0xFF, 0xCF,
    0xC1, 0xFF, 0x9F, 0xC8, 0x7E, 0x3F, 0xCE, 0x00, 0x7F, 0xCF, 0x81, 0xFF, 0xFF, 0xFF, 0xFF, 0xFF, 0xFF, 0xFF};
static const freeink::Icon icon_settings_sync_24 = {24, 24, 12, icon_settings_sync_24_bits};
static const uint8_t icon_settings_sync_32_bits[] = {
    0xFF, 0xFF, 0xFF, 0xFF, 0xFF, 0xFF, 0xFF, 0xFF, 0xFF, 0xFF, 0xFF, 0xFF, 0xFF, 0xF0, 0x0F, 0xE7, 0xFF, 0x80, 0x01,
    0xE7, 0xFF, 0x03, 0xC0, 0xE7, 0xFE, 0x1F, 0xF8, 0x27, 0xFC, 0x3F, 0xFE, 0x07, 0xF8, 0xFF, 0xFF, 0x07, 0xF0, 0xFF,
    0xF8, 0x07, 0xF1, 0xFF, 0xF0, 0x07, 0xF3, 0xFF, 0xF0, 0x07, 0xE3, 0xFF, 0xFF, 0xFF, 0xE3, 0xFF, 0xFF, 0xFF, 0xE7,
    0xFF, 0xFF, 0xFF, 0xE7, 0xFF, 0xFF, 0xE7, 0xE7, 0xFF, 0xFF, 0xE7, 0xFF, 0xFF, 0xFF, 0xE7, 0xFF, 0xFF, 0xFF, 0xC7,
    0xFF, 0xFF, 0xFF, 0xC7, 0xE0, 0x0F, 0xFF, 0xCF, 0xE0, 0x0F, 0xFF, 0x8F, 0xE0, 0x1F, 0xFF, 0x1F, 0xE0, 0xFF, 0xFF,
    0x1F, 0xE0, 0x7F, 0xFC, 0x3F, 0xE4, 0x1F, 0xF8, 0x7F, 0xE7, 0x03, 0xC0, 0xFF, 0xE7, 0x80, 0x03, 0xFF, 0xE7, 0xF0,
    0x0F, 0xFF, 0xFF, 0xFF, 0xFF, 0xFF, 0xFF, 0xFF, 0xFF, 0xFF, 0xFF, 0xFF, 0xFF, 0xFF};
static const freeink::Icon icon_settings_sync_32 = {32, 32, 15, icon_settings_sync_32_bits};

// settings-server  (lucide: server)
static const uint8_t icon_settings_server_24_bits[] = {
    0xFF, 0xFF, 0xFF, 0xE0, 0x00, 0x07, 0xC0, 0x00, 0x03, 0x9F, 0xFF, 0xF9, 0x9F, 0xFF, 0xF9, 0x99, 0xFF, 0xF9,
    0x99, 0xFF, 0xF9, 0x9F, 0xFF, 0xF9, 0x9F, 0xFF, 0xF9, 0xC0, 0x00, 0x03, 0xE0, 0x00, 0x07, 0xFF, 0xFF, 0xFF,
    0xFF, 0xFF, 0xFF, 0xE0, 0x00, 0x07, 0xC0, 0x00, 0x03, 0x9F, 0xFF, 0xF9, 0x9F, 0xFF, 0xF9, 0x99, 0xFF, 0xF9,
    0x99, 0xFF, 0xF9, 0x9F, 0xFF, 0xF9, 0x9F, 0xFF, 0xF9, 0xC0, 0x00, 0x03, 0xE0, 0x00, 0x07, 0xFF, 0xFF, 0xFF};
static const freeink::Icon icon_settings_server_24 = {24, 24, 12, icon_settings_server_24_bits};
static const uint8_t icon_settings_server_32_bits[] = {
    0xFF, 0xFF, 0xFF, 0xFF, 0xF8, 0x00, 0x00, 0x1F, 0xE0, 0x00, 0x00, 0x07, 0xC0, 0x00, 0x00, 0x03, 0xCF, 0xFF, 0xFF,
    0xF3, 0x8F, 0xFF, 0xFF, 0xF1, 0x8F, 0xFF, 0xFF, 0xF1, 0x8E, 0x7F, 0xFF, 0xF1, 0x8E, 0x7F, 0xFF, 0xF1, 0x8F, 0xFF,
    0xFF, 0xF1, 0x8F, 0xFF, 0xFF, 0xF1, 0xCF, 0xFF, 0xFF, 0xF3, 0xC0, 0x00, 0x00, 0x03, 0xE0, 0x00, 0x00, 0x07, 0xF8,
    0x00, 0x00, 0x1F, 0xFF, 0xFF, 0xFF, 0xFF, 0xFF, 0xFF, 0xFF, 0xFF, 0xF8, 0x00, 0x00, 0x1F, 0xE0, 0x00, 0x00, 0x07,
    0xC0, 0x00, 0x00, 0x03, 0xCF, 0xFF, 0xFF, 0xF3, 0x8F, 0xFF, 0xFF, 0xF1, 0x8F, 0xFF, 0xFF, 0xF1, 0x8E, 0x7F, 0xFF,
    0xF1, 0x8E, 0x7F, 0xFF, 0xF1, 0x8F, 0xFF, 0xFF, 0xF1, 0x8F, 0xFF, 0xFF, 0xF1, 0xCF, 0xFF, 0xFF, 0xF3, 0xC0, 0x00,
    0x00, 0x03, 0xE0, 0x00, 0x00, 0x07, 0xF8, 0x00, 0x00, 0x1F, 0xFF, 0xFF, 0xFF, 0xFF};
static const freeink::Icon icon_settings_server_32 = {32, 32, 16, icon_settings_server_32_bits};

// settings-cache  (lucide: database)
static const uint8_t icon_settings_cache_24_bits[] = {
    0xFF, 0xFF, 0xFF, 0xFF, 0x00, 0xFF, 0xF0, 0x00, 0x0F, 0xE1, 0xFF, 0x87, 0xCF, 0xFF, 0xF3, 0xCF, 0xFF, 0xF3,
    0xC1, 0xFF, 0x83, 0xC0, 0x00, 0x03, 0xCF, 0x00, 0xF3, 0xCF, 0xFF, 0xF3, 0xCF, 0xFF, 0xF3, 0xCF, 0xFF, 0xF3,
    0xCF, 0xFF, 0xF3, 0xC1, 0xFF, 0x83, 0xC0, 0x00, 0x03, 0xCF, 0x00, 0xF3, 0xCF, 0xFF, 0xF3, 0xCF, 0xFF, 0xF3,
    0xCF, 0xFF, 0xF3, 0xCF, 0xFF, 0xF3, 0xE1, 0xFF, 0x87, 0xF0, 0x00, 0x0F, 0xFF, 0x00, 0xFF, 0xFF, 0xFF, 0xFF};
static const freeink::Icon icon_settings_cache_24 = {24, 24, 11, icon_settings_cache_24_bits};
static const uint8_t icon_settings_cache_32_bits[] = {
    0xFF, 0xFF, 0xFF, 0xFF, 0xFF, 0xF8, 0x1F, 0xFF, 0xFF, 0x00, 0x00, 0xFF, 0xF8, 0x00, 0x00, 0x1F, 0xF0, 0x3F, 0xFC,
    0x0F, 0xE1, 0xFF, 0xFF, 0x87, 0xE3, 0xFF, 0xFF, 0xC7, 0xE3, 0xFF, 0xFF, 0xC7, 0xE0, 0x7F, 0xFE, 0x07, 0xE0, 0x00,
    0x00, 0x07, 0xE6, 0x00, 0x00, 0x67, 0xE7, 0xE0, 0x07, 0xE7, 0xE7, 0xFF, 0xFF, 0xE7, 0xE7, 0xFF, 0xFF, 0xE7, 0xE7,
    0xFF, 0xFF, 0xE7, 0xE7, 0xFF, 0xFF, 0xE7, 0xE3, 0xFF, 0xFF, 0xC7, 0xE0, 0xFF, 0xFF, 0x07, 0xE0, 0x0F, 0xF0, 0x07,
    0xE0, 0x00, 0x00, 0x07, 0xE7, 0x80, 0x01, 0xE7, 0xE7, 0xFF, 0xFF, 0xE7, 0xE7, 0xFF, 0xFF, 0xE7, 0xE7, 0xFF, 0xFF,
    0xE7, 0xE7, 0xFF, 0xFF, 0xE7, 0xE7, 0xFF, 0xFF, 0xE7, 0xE1, 0xFF, 0xFF, 0x87, 0xF0, 0x3F, 0xFC, 0x0F, 0xF8, 0x00,
    0x00, 0x1F, 0xFF, 0x00, 0x00, 0xFF, 0xFF, 0xF8, 0x1F, 0xFF, 0xFF, 0xFF, 0xFF, 0xFF};
static const freeink::Icon icon_settings_cache_32 = {32, 32, 15, icon_settings_cache_32_bits};

// settings-update  (lucide: cloud-download)
static const uint8_t icon_settings_update_24_bits[] = {
    0xFF, 0xFF, 0xFF, 0xFF, 0xFF, 0xFF, 0xFC, 0x0F, 0xFF, 0xF0, 0x03, 0xFF, 0xE3, 0xF1, 0xFF, 0xC7, 0xF8, 0xFF,
    0xCF, 0xFC, 0xFF, 0x9F, 0xFE, 0x0F, 0x9F, 0xFE, 0x07, 0x9F, 0xFF, 0xE3, 0x9F, 0xFF, 0xF3, 0x9F, 0xFF, 0xF9,
    0x9F, 0xE7, 0xF9, 0xCF, 0xE7, 0xF9, 0xC7, 0xE7, 0xF1, 0xE7, 0xE7, 0xE3, 0xFE, 0x66, 0x67, 0xFE, 0x24, 0x7F,
    0xFF, 0x00, 0xFF, 0xFF, 0x81, 0xFF, 0xFF, 0xC3, 0xFF, 0xFF, 0xE7, 0xFF, 0xFF, 0xFF, 0xFF, 0xFF, 0xFF, 0xFF};
static const freeink::Icon icon_settings_update_24 = {24, 24, 11, icon_settings_update_24_bits};
static const uint8_t icon_settings_update_32_bits[] = {
    0xFF, 0xFF, 0xFF, 0xFF, 0xFF, 0xFF, 0xFF, 0xFF, 0xFF, 0xFF, 0xFF, 0xFF, 0xFF, 0x00, 0xFF, 0xFF, 0xFC, 0x00, 0x3F,
    0xFF, 0xF8, 0x3C, 0x1F, 0xFF, 0xF0, 0xFF, 0x0F, 0xFF, 0xE3, 0xFF, 0xC7, 0xFF, 0xE3, 0xFF, 0xC7, 0xFF, 0xC7, 0xFF,
    0xE0, 0xFF, 0xCF, 0xFF, 0xF0, 0x1F, 0xCF, 0xFF, 0xF0, 0x0F, 0x8F, 0xFF, 0xFF, 0xC7, 0x8F, 0xFF, 0xFF, 0xE3, 0x8F,
    0xFF, 0xFF, 0xF3, 0xCF, 0xFF, 0xFF, 0xF3, 0xC7, 0xFE, 0x7F, 0xF1, 0xC7, 0xFE, 0x7F, 0xF1, 0xE3, 0xFE, 0x7F, 0xF3,
    0xE1, 0xFE, 0x7F, 0xE3, 0xF1, 0xFE, 0x7F, 0xC7, 0xFB, 0xDE, 0x7B, 0x87, 0xFF, 0x8E, 0x71, 0xCF, 0xFF, 0xC6, 0x63,
    0xFF, 0xFF, 0xE0, 0x07, 0xFF, 0xFF, 0xF0, 0x0F, 0xFF, 0xFF, 0xF8, 0x1F, 0xFF, 0xFF, 0xFC, 0x3F, 0xFF, 0xFF, 0xFE,
    0x7F, 0xFF, 0xFF, 0xFF, 0xFF, 0xFF, 0xFF, 0xFF, 0xFF, 0xFF, 0xFF, 0xFF, 0xFF, 0xFF};
static const freeink::Icon icon_settings_update_32 = {32, 32, 15, icon_settings_update_32_bits};

// settings-sd-update  (lucide: hard-drive-upload)
static const uint8_t icon_settings_sd_update_24_bits[] = {
    0xFF, 0xFF, 0xFF, 0xFF, 0xE7, 0xFF, 0xFF, 0xC3, 0xFF, 0xFF, 0x81, 0xFF, 0xFF, 0x00, 0xFF, 0xFE, 0x24, 0x7F,
    0xFE, 0x66, 0x7F, 0xFF, 0xE7, 0xFF, 0xFF, 0xE7, 0xFF, 0xFF, 0xE7, 0xFF, 0xFF, 0xE7, 0xFF, 0xFF, 0xFF, 0xFF,
    0xFF, 0xFF, 0xFF, 0xE0, 0x00, 0x07, 0xC0, 0x00, 0x03, 0x9F, 0xFF, 0xF9, 0x9F, 0xFF, 0xF9, 0x99, 0x9F, 0xF9,
    0x99, 0x9F, 0xF9, 0x9F, 0xFF, 0xF9, 0x9F, 0xFF, 0xF9, 0xC0, 0x00, 0x03, 0xE0, 0x00, 0x07, 0xFF, 0xFF, 0xFF};
static const freeink::Icon icon_settings_sd_update_24 = {24, 24, 14, icon_settings_sd_update_24_bits};
static const uint8_t icon_settings_sd_update_32_bits[] = {
    0xFF, 0xFF, 0xFF, 0xFF, 0xFF, 0xFE, 0x7F, 0xFF, 0xFF, 0xFC, 0x3F, 0xFF, 0xFF, 0xF8, 0x1F, 0xFF, 0xFF, 0xF0, 0x0F,
    0xFF, 0xFF, 0xE0, 0x07, 0xFF, 0xFF, 0xC2, 0x43, 0xFF, 0xFF, 0xC6, 0x63, 0xFF, 0xFF, 0xCE, 0x73, 0xFF, 0xFF, 0xFE,
    0x7F, 0xFF, 0xFF, 0xFE, 0x7F, 0xFF, 0xFF, 0xFE, 0x7F, 0xFF, 0xFF, 0xFE, 0x7F, 0xFF, 0xFF, 0xFE, 0x7F, 0xFF, 0xFF,
    0xFF, 0xFF, 0xFF, 0xFF, 0xFF, 0xFF, 0xFF, 0xFF, 0xFF, 0xFF, 0xFF, 0xF8, 0x00, 0x00, 0x1F, 0xE0, 0x00, 0x00, 0x07,
    0xC0, 0x00, 0x00, 0x03, 0xCF, 0xFF, 0xFF, 0xF3, 0x8F, 0xFF, 0xFF, 0xF1, 0x8F, 0xFF, 0xFF, 0xF1, 0x8E, 0x73, 0xFF,
    0xF1, 0x8E, 0x73, 0xFF, 0xF1, 0x8F, 0xFF, 0xFF, 0xF1, 0x8F, 0xFF, 0xFF, 0xF1, 0xCF, 0xFF, 0xFF, 0xF3, 0xC0, 0x00,
    0x00, 0x03, 0xE0, 0x00, 0x00, 0x07, 0xF8, 0x00, 0x00, 0x1F, 0xFF, 0xFF, 0xFF, 0xFF};
static const freeink::Icon icon_settings_sd_update_32 = {32, 32, 19, icon_settings_sd_update_32_bits};

// settings-language  (lucide: languages)
static const uint8_t icon_settings_language_24_bits[] = {
    0xFF, 0xFF, 0xFF, 0xFC, 0x7F, 0xFF, 0xFC, 0x7F, 0xFF, 0xFF, 0xFF, 0xFF, 0x80, 0x01, 0xFF, 0x80, 0x01, 0xFF,
    0xFF, 0xCF, 0xFF, 0xF3, 0x9F, 0xFF, 0xF1, 0x1F, 0xFF, 0xF8, 0x3F, 0xFF, 0xFC, 0x7F, 0xFF, 0xF8, 0x3F, 0x3F,
    0xF1, 0x1F, 0x3F, 0xE3, 0x8E, 0x1F, 0xE7, 0xCE, 0x1F, 0xFF, 0xFC, 0xCF, 0xFF, 0xFC, 0xCF, 0xFF, 0xF8, 0x07,
    0xFF, 0xF8, 0x07, 0xFF, 0xF3, 0xF3, 0xFF, 0xF3, 0xF3, 0xFF, 0xE7, 0xF9, 0xFF, 0xE7, 0xF9, 0xFF, 0xFF, 0xFF};
static const freeink::Icon icon_settings_language_24 = {24, 24, 11, icon_settings_language_24_bits};
static const uint8_t icon_settings_language_32_bits[] = {
    0xFF, 0xFF, 0xFF, 0xFF, 0xFF, 0x9F, 0xFF, 0xFF, 0xFF, 0x0F, 0xFF, 0xFF, 0xFF, 0x0F, 0xFF, 0xFF, 0xFF, 0xFF, 0xFF,
    0xFF, 0xC0, 0x00, 0x1F, 0xFF, 0x80, 0x00, 0x0F, 0xFF, 0xC0, 0x00, 0x0F, 0xFF, 0xFF, 0xF8, 0xFF, 0xFF, 0xFD, 0xF8,
    0xFF, 0xFF, 0xF8, 0xF1, 0xFF, 0xFF, 0xFC, 0x63, 0xFF, 0xFF, 0xFE, 0x07, 0xFF, 0xFF, 0xFF, 0x0F, 0xFF, 0xFF, 0xFF,
    0x0F, 0xFF, 0xFF, 0xFE, 0x07, 0xFC, 0xFF, 0xFC, 0x63, 0xF8, 0xFF, 0xF8, 0xF1, 0xF0, 0x7F, 0xF1, 0xF8, 0xF0, 0x7F,
    0xF3, 0xFC, 0xE2, 0x3F, 0xFF, 0xFF, 0xE2, 0x3F, 0xFF, 0xFF, 0xC7, 0x1F, 0xFF, 0xFF, 0xC7, 0x1F, 0xFF, 0xFF, 0x80,
    0x0F, 0xFF, 0xFF, 0x80, 0x0F, 0xFF, 0xFF, 0x0F, 0xC7, 0xFF, 0xFF, 0x1F, 0xC7, 0xFF, 0xFE, 0x3F, 0xE3, 0xFF, 0xFE,
    0x3F, 0xE3, 0xFF, 0xFE, 0x7F, 0xF1, 0xFF, 0xFF, 0xFF, 0xFB, 0xFF, 0xFF, 0xFF, 0xFF};
static const freeink::Icon icon_settings_language_32 = {32, 32, 15, icon_settings_language_32_bits};

// settings-keyboard  (lucide: keyboard)
static const uint8_t icon_settings_keyboard_24_bits[] = {
    0xFF, 0xFF, 0xFF, 0xFF, 0xFF, 0xFF, 0xFF, 0xFF, 0xFF, 0xE0, 0x00, 0x07, 0xC0, 0x00, 0x03, 0x9F, 0xFF, 0xF9,
    0x9F, 0xFF, 0xF9, 0x99, 0x99, 0x99, 0x99, 0x99, 0x99, 0x9F, 0xFF, 0xF9, 0x9F, 0xFF, 0xF9, 0x9E, 0x66, 0x79,
    0x9E, 0x66, 0x79, 0x9F, 0xFF, 0xF9, 0x9F, 0xFF, 0xF9, 0x9C, 0x00, 0x39, 0x9C, 0x00, 0x39, 0x9F, 0xFF, 0xF9,
    0x9F, 0xFF, 0xF9, 0xC0, 0x00, 0x03, 0xE0, 0x00, 0x07, 0xFF, 0xFF, 0xFF, 0xFF, 0xFF, 0xFF, 0xFF, 0xFF, 0xFF};
static const freeink::Icon icon_settings_keyboard_24 = {24, 24, 12, icon_settings_keyboard_24_bits};
static const uint8_t icon_settings_keyboard_32_bits[] = {
    0xFF, 0xFF, 0xFF, 0xFF, 0xFF, 0xFF, 0xFF, 0xFF, 0xFF, 0xFF, 0xFF, 0xFF, 0xFF, 0xFF, 0xFF, 0xFF, 0xF0, 0x00, 0x00,
    0x0F, 0xC0, 0x00, 0x00, 0x03, 0xC0, 0x00, 0x00, 0x03, 0xCF, 0xFF, 0xFF, 0xF3, 0x8F, 0xFF, 0xFF, 0xF1, 0x8F, 0xFB,
    0xDF, 0xF1, 0x8E, 0x71, 0x8E, 0x71, 0x8E, 0x73, 0xCE, 0x71, 0x8F, 0xFF, 0xFF, 0xF1, 0x8F, 0xFF, 0xFF, 0xF1, 0x8F,
    0xFF, 0xFF, 0xF1, 0x8F, 0xCE, 0x73, 0xF1, 0x8F, 0xCE, 0x73, 0xF1, 0x8F, 0xFF, 0xFF, 0xF1, 0x8F, 0xFF, 0xFF, 0xF1,
    0x8F, 0xFF, 0xFF, 0xF1, 0x8F, 0x00, 0x00, 0xF1, 0x8F, 0x00, 0x00, 0xF1, 0x8F, 0x80, 0x01, 0xF1, 0x8F, 0xFF, 0xFF,
    0xF1, 0xCF, 0xFF, 0xFF, 0xF3, 0xC0, 0x00, 0x00, 0x03, 0xC0, 0x00, 0x00, 0x03, 0xF0, 0x00, 0x00, 0x0F, 0xFF, 0xFF,
    0xFF, 0xFF, 0xFF, 0xFF, 0xFF, 0xFF, 0xFF, 0xFF, 0xFF, 0xFF, 0xFF, 0xFF, 0xFF, 0xFF};
static const freeink::Icon icon_settings_keyboard_32 = {32, 32, 16, icon_settings_keyboard_32_bits};

// toggle-left  (lucide: toggle-left)
static const uint8_t icon_toggle_left_24_bits[] = {
    0xFF, 0xFF, 0xFF, 0xFF, 0xFF, 0xFF, 0xFF, 0xFF, 0xFF, 0xFF, 0xFF, 0xFF, 0xFE, 0x00, 0x7F, 0xF0, 0x00, 0x0F,
    0xE3, 0xFF, 0x87, 0xC7, 0xFF, 0xE3, 0xCE, 0x1F, 0xF3, 0xDC, 0x0F, 0xF3, 0x98, 0xC7, 0xF9, 0x99, 0xE7, 0xF9,
    0x99, 0xE7, 0xF9, 0x98, 0xC7, 0xF9, 0xDC, 0x0F, 0xF3, 0xCE, 0x1F, 0xF3, 0xC7, 0xFF, 0xE3, 0xE1, 0xFF, 0x87,
    0xF0, 0x00, 0x0F, 0xFE, 0x00, 0x7F, 0xFF, 0xFF, 0xFF, 0xFF, 0xFF, 0xFF, 0xFF, 0xFF, 0xFF, 0xFF, 0xFF, 0xFF};
static const freeink::Icon icon_toggle_left_24 = {24, 24, 12, icon_toggle_left_24_bits};
static const uint8_t icon_toggle_left_32_bits[] = {
    0xFF, 0xFF, 0xFF, 0xFF, 0xFF, 0xFF, 0xFF, 0xFF, 0xFF, 0xFF, 0xFF, 0xFF, 0xFF, 0xFF, 0xFF, 0xFF, 0xFF, 0xFF, 0xFF,
    0xFF, 0xFF, 0xE0, 0x07, 0xFF, 0xFE, 0x00, 0x00, 0x7F, 0xFC, 0x00, 0x00, 0x3F, 0xF8, 0x7F, 0xFE, 0x1F, 0xF1, 0xFF,
    0xFF, 0x8F, 0xE3, 0xFF, 0xFF, 0xC7, 0xC7, 0x81, 0xFF, 0xE3, 0xC7, 0x00, 0xFF, 0xE3, 0xCE, 0x18, 0x7F, 0xF3, 0xCE,
    0x3C, 0x7F, 0xF3, 0x8E, 0x7E, 0x7F, 0xF1, 0x8E, 0x7E, 0x7F, 0xF1, 0xCE, 0x3C, 0x7F, 0xF3, 0xCE, 0x18, 0x7F, 0xF3,
    0xC7, 0x00, 0xFF, 0xE3, 0xC7, 0x81, 0xFF, 0xE3, 0xE3, 0xFF, 0xFF, 0xC7, 0xF1, 0xFF, 0xFF, 0x8F, 0xF8, 0x7F, 0xFE,
    0x1F, 0xFC, 0x00, 0x00, 0x3F, 0xFE, 0x00, 0x00, 0x7F, 0xFF, 0xE0, 0x07, 0xFF, 0xFF, 0xFF, 0xFF, 0xFF, 0xFF, 0xFF,
    0xFF, 0xFF, 0xFF, 0xFF, 0xFF, 0xFF, 0xFF, 0xFF, 0xFF, 0xFF, 0xFF, 0xFF, 0xFF, 0xFF};
static const freeink::Icon icon_toggle_left_32 = {32, 32, 16, icon_toggle_left_32_bits};

// reader-chapters  (lucide: list-tree)
static const uint8_t icon_reader_chapters_24_bits[] = {
    0xFF, 0xFF, 0xFF, 0xFF, 0xFF, 0xFF, 0xFF, 0xFF, 0xFF, 0xFF, 0xFF, 0xFF, 0xCE, 0x00, 0x03, 0xCE, 0x00, 0x03,
    0xCF, 0xFF, 0xFF, 0xCF, 0xFF, 0xFF, 0xCF, 0xFF, 0xFF, 0xCF, 0xFF, 0xFF, 0xCF, 0xFF, 0xFF, 0xC0, 0x70, 0x03,
    0xC0, 0x70, 0x03, 0xCF, 0xFF, 0xFF, 0xCF, 0xFF, 0xFF, 0xCF, 0xFF, 0xFF, 0xCF, 0xFF, 0xFF, 0xCF, 0xFF, 0xFF,
    0xE0, 0x70, 0x03, 0xF0, 0x70, 0x03, 0xFF, 0xFF, 0xFF, 0xFF, 0xFF, 0xFF, 0xFF, 0xFF, 0xFF, 0xFF, 0xFF, 0xFF};
static const freeink::Icon icon_reader_chapters_24 = {24, 24, 11, icon_reader_chapters_24_bits};
static const uint8_t icon_reader_chapters_32_bits[] = {
    0xFF, 0xFF, 0xFF, 0xFF, 0xFF, 0xFF, 0xFF, 0xFF, 0xFF, 0xFF, 0xFF, 0xFF, 0xFF, 0xFF, 0xFF, 0xFF, 0xFF, 0xFF, 0xFF,
    0xFF, 0xFF, 0xC0, 0x00, 0x0F, 0xE7, 0x80, 0x00, 0x07, 0xE7, 0xC0, 0x00, 0x07, 0xE7, 0xFF, 0xFF, 0xFF, 0xE7, 0xFF,
    0xFF, 0xFF, 0xE7, 0xFF, 0xFF, 0xFF, 0xE7, 0xFF, 0xFF, 0xFF, 0xE7, 0xFF, 0xFF, 0xFF, 0xE3, 0xFF, 0xFF, 0xFF, 0xE3,
    0xFF, 0xFF, 0xFF, 0xE0, 0x0F, 0x00, 0x07, 0xE0, 0x0F, 0x00, 0x07, 0xE7, 0xFF, 0xFF, 0xFF, 0xE7, 0xFF, 0xFF, 0xFF,
    0xE7, 0xFF, 0xFF, 0xFF, 0xE7, 0xFF, 0xFF, 0xFF, 0xE7, 0xFF, 0xFF, 0xFF, 0xE7, 0xFF, 0xFF, 0xFF, 0xE3, 0xFF, 0xFF,
    0xFF, 0xE0, 0x0F, 0x00, 0x07, 0xF0, 0x0F, 0x00, 0x07, 0xFC, 0x1F, 0x80, 0x0F, 0xFF, 0xFF, 0xFF, 0xFF, 0xFF, 0xFF,
    0xFF, 0xFF, 0xFF, 0xFF, 0xFF, 0xFF, 0xFF, 0xFF, 0xFF, 0xFF, 0xFF, 0xFF, 0xFF, 0xFF};
static const freeink::Icon icon_reader_chapters_32 = {32, 32, 15, icon_reader_chapters_32_bits};

// reader-footnotes  (lucide: notebook-tabs)
static const uint8_t icon_reader_footnotes_24_bits[] = {
    0xFF, 0xFF, 0xFF, 0xF8, 0x00, 0x1F, 0xF0, 0x00, 0x0F, 0xE7, 0xFC, 0xE7, 0xE7, 0xFC, 0xE7, 0x81, 0xFC, 0xE7,
    0x81, 0xFC, 0x07, 0xE7, 0xFC, 0x07, 0xE7, 0xFC, 0xE7, 0x81, 0xFC, 0xE7, 0x81, 0xFC, 0xE7, 0xE7, 0xFC, 0x07,
    0xE7, 0xFC, 0x07, 0x81, 0xFC, 0xE7, 0x81, 0xFC, 0xE7, 0xE7, 0xFC, 0xE7, 0xE7, 0xFC, 0x07, 0x81, 0xFC, 0x07,
    0x81, 0xFC, 0xE7, 0xE7, 0xFC, 0xE7, 0xE7, 0xFC, 0xE7, 0xF0, 0x00, 0x0F, 0xF8, 0x00, 0x1F, 0xFF, 0xFF, 0xFF};
static const freeink::Icon icon_reader_footnotes_24 = {24, 24, 12, icon_reader_footnotes_24_bits};
static const uint8_t icon_reader_footnotes_32_bits[] = {
    0xFF, 0xFF, 0xFF, 0xFF, 0xFF, 0x00, 0x00, 0xFF, 0xF8, 0x00, 0x00, 0x1F, 0xF8, 0x00, 0x00, 0x1F, 0xF1, 0xFF, 0xE7,
    0x8F, 0xF1, 0xFF, 0xE7, 0x8F, 0xF1, 0xFF, 0xE7, 0x8F, 0xC0, 0x7F, 0xE7, 0x8F, 0xC0, 0x7F, 0xE0, 0x0F, 0xF1, 0xFF,
    0xE0, 0x0F, 0xF1, 0xFF, 0xE0, 0x0F, 0xF1, 0xFF, 0xE7, 0x8F, 0xC0, 0x7F, 0xE7, 0x8F, 0x80, 0x7F, 0xE7, 0x8F, 0xC0,
    0xFF, 0xE7, 0x8F, 0xF1, 0xFF, 0xE0, 0x0F, 0xF1, 0xFF, 0xE0, 0x0F, 0xC0, 0xFF, 0xE7, 0x8F, 0x80, 0x7F, 0xE7, 0x8F,
    0xC0, 0x7F, 0xE7, 0x8F, 0xF1, 0xFF, 0xE7, 0x8F, 0xF1, 0xFF, 0xE0, 0x0F, 0xF1, 0xFF, 0xE0, 0x0F, 0xC0, 0x7F, 0xE0,
    0x0F, 0xC0, 0x7F, 0xE7, 0x8F, 0xF1, 0xFF, 0xE7, 0x8F, 0xF1, 0xFF, 0xE7, 0x8F, 0xF1, 0xFF, 0xE7, 0x8F, 0xF8, 0x00,
    0x00, 0x1F, 0xF8, 0x00, 0x00, 0x1F, 0xFF, 0x00, 0x00, 0xFF, 0xFF, 0xFF, 0xFF, 0xFF};
static const freeink::Icon icon_reader_footnotes_32 = {32, 32, 16, icon_reader_footnotes_32_bits};

// reader-toggle-bookmark  (lucide: bookmark-plus)
static const uint8_t icon_reader_toggle_bookmark_24_bits[] = {
    0xFF, 0xFF, 0xFF, 0xFF, 0xFF, 0xFF, 0xFC, 0x00, 0x3F, 0xF8, 0x00, 0x1F, 0xF3, 0xFF, 0xCF, 0xF3, 0xFF, 0xCF,
    0xF3, 0xE7, 0xCF, 0xF3, 0xE7, 0xCF, 0xF3, 0xE7, 0xCF, 0xF3, 0x00, 0xCF, 0xF3, 0x00, 0xCF, 0xF3, 0xE7, 0xCF,
    0xF3, 0xE7, 0xCF, 0xF3, 0xE7, 0xCF, 0xF3, 0xFF, 0xCF, 0xF3, 0xFF, 0xCF, 0xF3, 0xFF, 0xCF, 0xF3, 0xE7, 0xCF,
    0xF3, 0x81, 0xCF, 0xF2, 0x18, 0x4F, 0xF0, 0x7E, 0x0F, 0xF9, 0xFF, 0x9F, 0xFF, 0xFF, 0xFF, 0xFF, 0xFF, 0xFF};
static const freeink::Icon icon_reader_toggle_bookmark_24 = {24, 24, 11, icon_reader_toggle_bookmark_24_bits};
static const uint8_t icon_reader_toggle_bookmark_32_bits[] = {
    0xFF, 0xFF, 0xFF, 0xFF, 0xFF, 0xFF, 0xFF, 0xFF, 0xFF, 0xFF, 0xFF, 0xFF, 0xFE, 0x00, 0x00, 0x7F, 0xFC, 0x00, 0x00,
    0x3F, 0xFC, 0x7F, 0xFE, 0x3F, 0xF8, 0xFF, 0xFF, 0x1F, 0xF8, 0xFF, 0xFF, 0x1F, 0xF8, 0xFE, 0x7F, 0x1F, 0xF8, 0xFE,
    0x7F, 0x1F, 0xF8, 0xFE, 0x7F, 0x1F, 0xF8, 0xFE, 0x7F, 0x1F, 0xF8, 0xE0, 0x07, 0x1F, 0xF8, 0xE0, 0x07, 0x1F, 0xF8,
    0xF0, 0x0F, 0x1F, 0xF8, 0xFE, 0x7F, 0x1F, 0xF8, 0xFE, 0x7F, 0x1F, 0xF8, 0xFE, 0x7F, 0x1F, 0xF8, 0xFF, 0xFF, 0x1F,
    0xF8, 0xFF, 0xFF, 0x1F, 0xF8, 0xFF, 0xFF, 0x1F, 0xF8, 0xFF, 0xFF, 0x1F, 0xF8, 0xFF, 0xFF, 0x1F, 0xF8, 0xFC, 0x3F,
    0x1F, 0xF8, 0xF0, 0x0F, 0x1F, 0xF8, 0xC1, 0x83, 0x1F, 0xF8, 0x03, 0xC0, 0x1F, 0xFC, 0x0F, 0xF0, 0x3F, 0xFC, 0x3F,
    0xFC, 0x3F, 0xFF, 0xFF, 0xFF, 0xFF, 0xFF, 0xFF, 0xFF, 0xFF, 0xFF, 0xFF, 0xFF, 0xFF};
static const freeink::Icon icon_reader_toggle_bookmark_32 = {32, 32, 15, icon_reader_toggle_bookmark_32_bits};

// reader-progress  (lucide: percent)
static const uint8_t icon_reader_progress_24_bits[] = {
    0xFF, 0xFF, 0xFF, 0xFF, 0xFF, 0xFF, 0xFF, 0xFF, 0xFF, 0xF8, 0xFF, 0xFF, 0xF0, 0x7F, 0xCF, 0xE7, 0x3F, 0x8F,
    0xE7, 0x3F, 0x1F, 0xE7, 0x3E, 0x3F, 0xF0, 0x7C, 0x7F, 0xF8, 0xF8, 0xFF, 0xFF, 0xF1, 0xFF, 0xFF, 0xE3, 0xFF,
    0xFF, 0xC7, 0xFF, 0xFF, 0x8F, 0xFF, 0xFF, 0x1F, 0x1F, 0xFE, 0x3E, 0x0F, 0xFC, 0x7C, 0xE7, 0xF8, 0xFC, 0xE7,
    0xF1, 0xFC, 0xE7, 0xF3, 0xFE, 0x0F, 0xFF, 0xFF, 0x1F, 0xFF, 0xFF, 0xFF, 0xFF, 0xFF, 0xFF, 0xFF, 0xFF, 0xFF};
static const freeink::Icon icon_reader_progress_24 = {24, 24, 12, icon_reader_progress_24_bits};
static const uint8_t icon_reader_progress_32_bits[] = {
    0xFF, 0xFF, 0xFF, 0xFF, 0xFF, 0xFF, 0xFF, 0xFF, 0xFF, 0xFF, 0xFF, 0xFF, 0xFF, 0xFF, 0xFF, 0xFF, 0xFE, 0x1F, 0xFF,
    0xFF, 0xF8, 0x0F, 0xFF, 0xBF, 0xF8, 0x07, 0xFF, 0x1F, 0xF1, 0xC7, 0xFE, 0x3F, 0xF1, 0xE7, 0xFC, 0x7F, 0xF1, 0xC7,
    0xF8, 0xFF, 0xF0, 0x87, 0xF1, 0xFF, 0xF8, 0x0F, 0xE3, 0xFF, 0xFC, 0x1F, 0xC7, 0xFF, 0xFF, 0xFF, 0x8F, 0xFF, 0xFF,
    0xFF, 0x1F, 0xFF, 0xFF, 0xFE, 0x3F, 0xFF, 0xFF, 0xFC, 0x7F, 0xFF, 0xFF, 0xF8, 0xFF, 0xFF, 0xFF, 0xF1, 0xFF, 0xFF,
    0xFF, 0xE3, 0xF8, 0x3F, 0xFF, 0xC7, 0xF0, 0x1F, 0xFF, 0x8F, 0xE3, 0x1F, 0xFF, 0x1F, 0xE7, 0x8F, 0xFE, 0x3F, 0xE7,
    0x8F, 0xFC, 0x7F, 0xE3, 0x8F, 0xF8, 0xFF, 0xE0, 0x1F, 0xFD, 0xFF, 0xF0, 0x1F, 0xFF, 0xFF, 0xFC, 0x7F, 0xFF, 0xFF,
    0xFF, 0xFF, 0xFF, 0xFF, 0xFF, 0xFF, 0xFF, 0xFF, 0xFF, 0xFF, 0xFF, 0xFF, 0xFF, 0xFF};
static const freeink::Icon icon_reader_progress_32 = {32, 32, 15, icon_reader_progress_32_bits};

// reader-statistics  (lucide: chart-spline)
static const uint8_t icon_reader_statistics_24_bits[] = {
    0xFF, 0xFF, 0xFF, 0xFF, 0xFF, 0xFF, 0xCF, 0xFF, 0xFF, 0xCF, 0xFF, 0xFF, 0xCF, 0xFF, 0xE7, 0xCF, 0xFF, 0xE7,
    0xCF, 0xFF, 0xEF, 0xCF, 0xFF, 0xCF, 0xCF, 0xCF, 0xCF, 0xCF, 0x07, 0x9F, 0xCF, 0x33, 0x1F, 0xCE, 0x78, 0x3F,
    0xCE, 0x7C, 0xFF, 0xCE, 0x7F, 0xFF, 0xCC, 0xFF, 0xFF, 0xCC, 0xFF, 0xFF, 0xCC, 0xFF, 0xFF, 0xCF, 0xFF, 0xFF,
    0xCF, 0xFF, 0xFF, 0xCF, 0xFF, 0xFF, 0xE0, 0x00, 0x03, 0xF0, 0x00, 0x03, 0xFF, 0xFF, 0xFF, 0xFF, 0xFF, 0xFF};
static const freeink::Icon icon_reader_statistics_24 = {24, 24, 14, icon_reader_statistics_24_bits};
static const uint8_t icon_reader_statistics_32_bits[] = {
    0xFF, 0xFF, 0xFF, 0xFF, 0xFF, 0xFF, 0xFF, 0xFF, 0xFF, 0xFF, 0xFF, 0xFF, 0xE7, 0xFF, 0xFF, 0xFF, 0xE7, 0xFF, 0xFF,
    0xFF, 0xE7, 0xFF, 0xFF, 0xDF, 0xE7, 0xFF, 0xFF, 0x8F, 0xE7, 0xFF, 0xFF, 0x8F, 0xE7, 0xFF, 0xFF, 0x9F, 0xE7, 0xFF,
    0xFF, 0x1F, 0xE7, 0xFF, 0xFF, 0x1F, 0xE7, 0xF0, 0x7E, 0x3F, 0xE7, 0xE0, 0x3E, 0x3F, 0xE7, 0xE2, 0x1C, 0x7F, 0xE7,
    0xC7, 0x18, 0xFF, 0xE7, 0xCF, 0x80, 0xFF, 0xE7, 0x8F, 0xC3, 0xFF, 0xE7, 0x8F, 0xFF, 0xFF, 0xE7, 0x9F, 0xFF, 0xFF,
    0xE7, 0x1F, 0xFF, 0xFF, 0xE7, 0x1F, 0xFF, 0xFF, 0xE7, 0x1F, 0xFF, 0xFF, 0xE7, 0xBF, 0xFF, 0xFF, 0xE7, 0xFF, 0xFF,
    0xFF, 0xE7, 0xFF, 0xFF, 0xFF, 0xE7, 0xFF, 0xFF, 0xFF, 0xE3, 0xFF, 0xFF, 0xFF, 0xE0, 0x00, 0x00, 0x07, 0xF0, 0x00,
    0x00, 0x07, 0xFF, 0xFF, 0xFF, 0xFF, 0xFF, 0xFF, 0xFF, 0xFF, 0xFF, 0xFF, 0xFF, 0xFF};
static const freeink::Icon icon_reader_statistics_32 = {32, 32, 18, icon_reader_statistics_32_bits};

// reader-illustrations  (lucide: images)
static const uint8_t icon_reader_illustrations_24_bits[] = {
    0xFF, 0xFF, 0xFF, 0xFF, 0x80, 0x07, 0xFF, 0x00, 0x03, 0xFE, 0x7F, 0xF9, 0xFE, 0x7F, 0xF9, 0xFE, 0x73, 0xF9,
    0xFE, 0x61, 0xF9, 0xE6, 0x61, 0xF9, 0xC6, 0x73, 0x81, 0x9E, 0x7F, 0x01, 0x9E, 0x7E, 0x31, 0x9E, 0x7C, 0x79,
    0x9E, 0x78, 0xF9, 0x9E, 0x71, 0xF9, 0x9E, 0x63, 0xF9, 0x9F, 0x00, 0x03, 0x9F, 0x80, 0x07, 0x9F, 0xFF, 0xFF,
    0x9F, 0xFF, 0xFF, 0x9F, 0xFE, 0x7F, 0x9F, 0xFE, 0x7F, 0xC0, 0x00, 0xFF, 0xE0, 0x01, 0xFF, 0xFF, 0xFF, 0xFF};
static const freeink::Icon icon_reader_illustrations_24 = {24, 24, 11, icon_reader_illustrations_24_bits};
static const uint8_t icon_reader_illustrations_32_bits[] = {
    0xFF, 0xFF, 0xFF, 0xFF, 0xFF, 0xF8, 0x00, 0x1F, 0xFF, 0xE0, 0x00, 0x07, 0xFF, 0xC0, 0x00, 0x03, 0xFF, 0xCF, 0xFF,
    0xF3, 0xFF, 0x8F, 0xFF, 0xF1, 0xFF, 0x8F, 0xFF, 0xF1, 0xFF, 0x8F, 0x1F, 0xF1, 0xFF, 0x8E, 0x0F, 0xF1, 0xFB, 0x8E,
    0x0F, 0xF1, 0xE1, 0x8E, 0x0F, 0xF1, 0xC3, 0x8F, 0x1E, 0x01, 0xCF, 0x8F, 0xFC, 0x01, 0x8F, 0x8F, 0xF8, 0x41, 0x8F,
    0x8F, 0xF1, 0xE1, 0x8F, 0x8F, 0xE3, 0xF1, 0x8F, 0x8F, 0xC7, 0xF1, 0x8F, 0x8F, 0x8F, 0xF1, 0x8F, 0x8F, 0x1F, 0xF1,
    0x8F, 0xCE, 0x3F, 0xF3, 0x8F, 0xC0, 0x00, 0x03, 0x8F, 0xE0, 0x00, 0x07, 0x8F, 0xF8, 0x00, 0x1F, 0x8F, 0xFF, 0xFF,
    0xFF, 0x8F, 0xFF, 0xFF, 0xFF, 0x8F, 0xFF, 0xFB, 0xFF, 0x8F, 0xFF, 0xF1, 0xFF, 0xCF, 0xFF, 0xF3, 0xFF, 0xC0, 0x00,
    0x03, 0xFF, 0xE0, 0x00, 0x07, 0xFF, 0xF8, 0x00, 0x1F, 0xFF, 0xFF, 0xFF, 0xFF, 0xFF};
static const freeink::Icon icon_reader_illustrations_32 = {32, 32, 15, icon_reader_illustrations_32_bits};

// reader-screenshot  (lucide: camera)
static const uint8_t icon_reader_screenshot_24_bits[] = {
    0xFF, 0xFF, 0xFF, 0xFF, 0xFF, 0xFF, 0xFF, 0xFF, 0xFF, 0xFF, 0x81, 0xFF, 0xFF, 0x00, 0xFF, 0xFE, 0x7E, 0x7F,
    0xE0, 0xFF, 0x07, 0xC1, 0xFF, 0x83, 0x9F, 0xFF, 0xF9, 0x9F, 0xC3, 0xF9, 0x9F, 0x81, 0xF9, 0x9F, 0x18, 0xF9,
    0x9F, 0x3C, 0xF9, 0x9F, 0x3C, 0xF9, 0x9F, 0x18, 0xF9, 0x9F, 0x81, 0xF9, 0x9F, 0xC3, 0xF9, 0x9F, 0xFF, 0xF9,
    0x9F, 0xFF, 0xF9, 0xC0, 0x00, 0x03, 0xE0, 0x00, 0x07, 0xFF, 0xFF, 0xFF, 0xFF, 0xFF, 0xFF, 0xFF, 0xFF, 0xFF};
static const freeink::Icon icon_reader_screenshot_24 = {24, 24, 13, icon_reader_screenshot_24_bits};
static const uint8_t icon_reader_screenshot_32_bits[] = {
    0xFF, 0xFF, 0xFF, 0xFF, 0xFF, 0xFF, 0xFF, 0xFF, 0xFF, 0xFF, 0xFF, 0xFF, 0xFF, 0xFF, 0xFF, 0xFF, 0xFF, 0xF0, 0x0F,
    0xFF, 0xFF, 0xC0, 0x03, 0xFF, 0xFF, 0xC0, 0x03, 0xFF, 0xFF, 0x8F, 0xF1, 0xFF, 0xF0, 0x1F, 0xF8, 0x0F, 0xC0, 0x1F,
    0xF8, 0x03, 0xC0, 0x7F, 0xFE, 0x03, 0xCF, 0xFF, 0xFF, 0xF3, 0x8F, 0xFC, 0x3F, 0xF1, 0x8F, 0xF0, 0x0F, 0xF1, 0x8F,
    0xF0, 0x0F, 0xF1, 0x8F, 0xE3, 0xC7, 0xF1, 0x8F, 0xE7, 0xE7, 0xF1, 0x8F, 0xE7, 0xE7, 0xF1, 0x8F, 0xE3, 0xC7, 0xF1,
    0x8F, 0xE3, 0xC7, 0xF1, 0x8F, 0xF0, 0x0F, 0xF1, 0x8F, 0xF8, 0x1F, 0xF1, 0x8F, 0xFE, 0x7F, 0xF1, 0x8F, 0xFF, 0xFF,
    0xF1, 0xCF, 0xFF, 0xFF, 0xF3, 0xC0, 0x00, 0x00, 0x03, 0xC0, 0x00, 0x00, 0x03, 0xF0, 0x00, 0x00, 0x0F, 0xFF, 0xFF,
    0xFF, 0xFF, 0xFF, 0xFF, 0xFF, 0xFF, 0xFF, 0xFF, 0xFF, 0xFF, 0xFF, 0xFF, 0xFF, 0xFF};
static const freeink::Icon icon_reader_screenshot_32 = {32, 32, 17, icon_reader_screenshot_32_bits};

// reader-qr  (lucide: qr-code)
static const uint8_t icon_reader_qr_24_bits[] = {
    0xFF, 0xFF, 0xFF, 0xFF, 0xFF, 0xFF, 0xE0, 0xE7, 0x07, 0xC0, 0x66, 0x03, 0xCE, 0x7E, 0x73, 0xCE, 0x7E, 0x73,
    0xCE, 0x66, 0x73, 0xC0, 0x66, 0x03, 0xE0, 0xE7, 0x07, 0xFF, 0xE7, 0xFF, 0xFF, 0xE7, 0xFF, 0xCC, 0x0E, 0x33,
    0xCC, 0x1E, 0x33, 0xFF, 0xFF, 0xFF, 0xFF, 0xFF, 0xFF, 0xE0, 0xE7, 0x83, 0xC0, 0x67, 0x03, 0xCE, 0x7E, 0x7F,
    0xCE, 0x7E, 0x7F, 0xCE, 0x66, 0x7F, 0xC0, 0x66, 0x73, 0xE0, 0xE6, 0x73, 0xFF, 0xFF, 0xFF, 0xFF, 0xFF, 0xFF};
static const freeink::Icon icon_reader_qr_24 = {24, 24, 11, icon_reader_qr_24_bits};
static const uint8_t icon_reader_qr_32_bits[] = {
    0xFF, 0xFF, 0xFF, 0xFF, 0xFF, 0xFF, 0xFF, 0xFF, 0xFF, 0xFF, 0xFF, 0xFF, 0xF0, 0x1E, 0x78, 0x0F, 0xE0, 0x0E, 0x70,
    0x07, 0xE7, 0x8F, 0xF1, 0xE7, 0xE7, 0x8F, 0xF1, 0xE7, 0xE7, 0x8F, 0xF1, 0xE7, 0xE7, 0x8E, 0x71, 0xE7, 0xE0, 0x0E,
    0x70, 0x07, 0xE0, 0x0E, 0x70, 0x07, 0xF0, 0x1E, 0x78, 0x0F, 0xFF, 0xFE, 0x7F, 0xFF, 0xFF, 0xFE, 0x7F, 0xFF, 0xFF,
    0xFC, 0x7F, 0xFF, 0xE7, 0x00, 0x70, 0xE7, 0xE7, 0x00, 0xF0, 0xE7, 0xFF, 0xFF, 0xFF, 0xFF, 0xFF, 0xFF, 0xFF, 0xFF,
    0xFF, 0xFF, 0xFF, 0xFF, 0xF0, 0x1E, 0x7C, 0x07, 0xE0, 0x0E, 0x78, 0x07, 0xE0, 0x0F, 0xF0, 0x0F, 0xE7, 0x8F, 0xF1,
    0xFF, 0xE7, 0x8F, 0xF1, 0xFF, 0xE7, 0x8F, 0xF1, 0xFF, 0xE7, 0x8E, 0x71, 0xFF, 0xE0, 0x0E, 0x71, 0xE7, 0xF0, 0x1E,
    0x73, 0xE7, 0xFF, 0xFF, 0xFF, 0xFF, 0xFF, 0xFF, 0xFF, 0xFF, 0xFF, 0xFF, 0xFF, 0xFF};
static const freeink::Icon icon_reader_qr_32 = {32, 32, 15, icon_reader_qr_32_bits};

// reader-home  (lucide: house)
static const uint8_t icon_reader_home_24_bits[] = {
    0xFF, 0xFF, 0xFF, 0xFF, 0xE7, 0xFF, 0xFF, 0x81, 0xFF, 0xFF, 0x18, 0xFF, 0xFE, 0x3C, 0x7F, 0xFC, 0x7E, 0x3F,
    0xF9, 0xFF, 0x9F, 0xE3, 0xFF, 0xC7, 0xE7, 0xFF, 0xE7, 0xCF, 0xFF, 0xF3, 0xCF, 0xFF, 0xF3, 0xCF, 0x81, 0xF3,
    0xCF, 0x00, 0xF3, 0xCF, 0x3C, 0xF3, 0xCF, 0x3C, 0xF3, 0xCF, 0x3C, 0xF3, 0xCF, 0x3C, 0xF3, 0xCF, 0x3C, 0xF3,
    0xCF, 0x3C, 0xF3, 0xCF, 0x3C, 0xF3, 0xE0, 0x00, 0x07, 0xF0, 0x00, 0x0F, 0xFF, 0xFF, 0xFF, 0xFF, 0xFF, 0xFF};
static const freeink::Icon icon_reader_home_24 = {24, 24, 13, icon_reader_home_24_bits};
static const uint8_t icon_reader_home_32_bits[] = {
    0xFF, 0xFF, 0xFF, 0xFF, 0xFF, 0xFE, 0x7F, 0xFF, 0xFF, 0xF8, 0x1F, 0xFF, 0xFF, 0xF0, 0x0F, 0xFF, 0xFF, 0xE1, 0x87,
    0xFF, 0xFF, 0xC3, 0xC3, 0xFF, 0xFF, 0x87, 0xF1, 0xFF, 0xFE, 0x1F, 0xF8, 0x7F, 0xFC, 0x3F, 0xFC, 0x3F, 0xF8, 0x7F,
    0xFE, 0x1F, 0xF0, 0xFF, 0xFF, 0x0F, 0xE1, 0xFF, 0xFF, 0x87, 0xE3, 0xFF, 0xFF, 0xC7, 0xE7, 0xFF, 0xFF, 0xE7, 0xE7,
    0xFF, 0xFF, 0xE7, 0xE7, 0xF0, 0x0F, 0xE7, 0xE7, 0xE0, 0x07, 0xE7, 0xE7, 0xE7, 0xE7, 0xE7, 0xE7, 0xE7, 0xE7, 0xE7,
    0xE7, 0xE7, 0xE7, 0xE7, 0xE7, 0xE7, 0xE7, 0xE7, 0xE7, 0xE7, 0xE7, 0xE7, 0xE7, 0xE7, 0xE7, 0xE7, 0xE7, 0xE7, 0xE7,
    0xE7, 0xE7, 0xE7, 0xE7, 0xE7, 0xE7, 0xE7, 0xE7, 0xE7, 0xE3, 0xE7, 0xE7, 0xC7, 0xE0, 0x00, 0x00, 0x07, 0xF0, 0x00,
    0x00, 0x0F, 0xFF, 0xFF, 0xFF, 0xFF, 0xFF, 0xFF, 0xFF, 0xFF, 0xFF, 0xFF, 0xFF, 0xFF};
static const freeink::Icon icon_reader_home_32 = {32, 32, 17, icon_reader_home_32_bits};

// reader-delete  (lucide: trash-2)
static const uint8_t icon_reader_delete_24_bits[] = {
    0xFF, 0xFF, 0xFF, 0xFF, 0x81, 0xFF, 0xFF, 0x00, 0xFF, 0xFE, 0x7E, 0x7F, 0xFE, 0x7E, 0x7F, 0xC0, 0x00, 0x03,
    0xC0, 0x00, 0x03, 0xF3, 0xFF, 0xCF, 0xF3, 0xFF, 0xCF, 0xF3, 0xFF, 0xCF, 0xF3, 0x99, 0xCF, 0xF3, 0x99, 0xCF,
    0xF3, 0x99, 0xCF, 0xF3, 0x99, 0xCF, 0xF3, 0x99, 0xCF, 0xF3, 0x99, 0xCF, 0xF3, 0x99, 0xCF, 0xF3, 0x99, 0xCF,
    0xF3, 0xFF, 0xCF, 0xF3, 0xFF, 0xCF, 0xF3, 0xFF, 0xCF, 0xF8, 0x00, 0x1F, 0xFC, 0x00, 0x3F, 0xFF, 0xFF, 0xFF};
static const freeink::Icon icon_reader_delete_24 = {24, 24, 11, icon_reader_delete_24_bits};
static const uint8_t icon_reader_delete_32_bits[] = {
    0xFF, 0xFF, 0xFF, 0xFF, 0xFF, 0xF8, 0x1F, 0xFF, 0xFF, 0xE0, 0x07, 0xFF, 0xFF, 0xC0, 0x03, 0xFF, 0xFF, 0xCF, 0xF3,
    0xFF, 0xFF, 0x8F, 0xF1, 0xFF, 0xFF, 0x8F, 0xF1, 0xFF, 0xE0, 0x00, 0x00, 0x07, 0xE0, 0x00, 0x00, 0x07, 0xF8, 0xFF,
    0xFF, 0x1F, 0xF8, 0xFF, 0xFF, 0x1F, 0xF8, 0xFF, 0xFF, 0x1F, 0xF8, 0xFF, 0xFF, 0x1F, 0xF8, 0xFB, 0xDF, 0x1F, 0xF8,
    0xF1, 0x8F, 0x1F, 0xF8, 0xF1, 0x8F, 0x1F, 0xF8, 0xF1, 0x8F, 0x1F, 0xF8, 0xF1, 0x8F, 0x1F, 0xF8, 0xF1, 0x8F, 0x1F,
    0xF8, 0xF1, 0x8F, 0x1F, 0xF8, 0xF1, 0x8F, 0x1F, 0xF8, 0xF1, 0x8F, 0x1F, 0xF8, 0xF1, 0x8F, 0x1F, 0xF8, 0xF3, 0xCF,
    0x1F, 0xF8, 0xFF, 0xFF, 0x1F, 0xF8, 0xFF, 0xFF, 0x1F, 0xF8, 0xFF, 0xFF, 0x1F, 0xFC, 0xFF, 0xFF, 0x3F, 0xFC, 0x00,
    0x00, 0x3F, 0xFE, 0x00, 0x00, 0x7F, 0xFF, 0x80, 0x01, 0xFF, 0xFF, 0xFF, 0xFF, 0xFF};
static const freeink::Icon icon_reader_delete_32 = {32, 32, 16, icon_reader_delete_32_bits};

// list-add  (lucide: plus)
static const uint8_t icon_list_add_24_bits[] = {
    0xFF, 0xFF, 0xFF, 0xFF, 0xFF, 0xFF, 0xFF, 0xFF, 0xFF, 0xFF, 0xFF, 0xFF, 0xFF, 0xE7, 0xFF, 0xFF, 0xE7, 0xFF,
    0xFF, 0xE7, 0xFF, 0xFF, 0xE7, 0xFF, 0xFF, 0xE7, 0xFF, 0xFF, 0xE7, 0xFF, 0xFF, 0xE7, 0xFF, 0xF0, 0x00, 0x0F,
    0xF0, 0x00, 0x0F, 0xFF, 0xE7, 0xFF, 0xFF, 0xE7, 0xFF, 0xFF, 0xE7, 0xFF, 0xFF, 0xE7, 0xFF, 0xFF, 0xE7, 0xFF,
    0xFF, 0xE7, 0xFF, 0xFF, 0xE7, 0xFF, 0xFF, 0xFF, 0xFF, 0xFF, 0xFF, 0xFF, 0xFF, 0xFF, 0xFF, 0xFF, 0xFF, 0xFF};
static const freeink::Icon icon_list_add_24 = {24, 24, 12, icon_list_add_24_bits};
static const uint8_t icon_list_add_32_bits[] = {
    0xFF, 0xFF, 0xFF, 0xFF, 0xFF, 0xFF, 0xFF, 0xFF, 0xFF, 0xFF, 0xFF, 0xFF, 0xFF, 0xFF, 0xFF, 0xFF, 0xFF, 0xFF, 0xFF,
    0xFF, 0xFF, 0xFF, 0xFF, 0xFF, 0xFF, 0xFE, 0x7F, 0xFF, 0xFF, 0xFE, 0x7F, 0xFF, 0xFF, 0xFE, 0x7F, 0xFF, 0xFF, 0xFE,
    0x7F, 0xFF, 0xFF, 0xFE, 0x7F, 0xFF, 0xFF, 0xFE, 0x7F, 0xFF, 0xFF, 0xFE, 0x7F, 0xFF, 0xFF, 0xFE, 0x7F, 0xFF, 0xFF,
    0xFE, 0x7F, 0xFF, 0xFC, 0x00, 0x00, 0x3F, 0xFC, 0x00, 0x00, 0x3F, 0xFF, 0xFE, 0x7F, 0xFF, 0xFF, 0xFE, 0x7F, 0xFF,
    0xFF, 0xFE, 0x7F, 0xFF, 0xFF, 0xFE, 0x7F, 0xFF, 0xFF, 0xFE, 0x7F, 0xFF, 0xFF, 0xFE, 0x7F, 0xFF, 0xFF, 0xFE, 0x7F,
    0xFF, 0xFF, 0xFE, 0x7F, 0xFF, 0xFF, 0xFE, 0x7F, 0xFF, 0xFF, 0xFF, 0xFF, 0xFF, 0xFF, 0xFF, 0xFF, 0xFF, 0xFF, 0xFF,
    0xFF, 0xFF, 0xFF, 0xFF, 0xFF, 0xFF, 0xFF, 0xFF, 0xFF, 0xFF, 0xFF, 0xFF, 0xFF, 0xFF};
static const freeink::Icon icon_list_add_32 = {32, 32, 16, icon_list_add_32_bits};

// settings-folder  (lucide: folder-down)
static const uint8_t icon_settings_folder_24_bits[] = {
    0xFF, 0xFF, 0xFF, 0xFF, 0xFF, 0xFF, 0xE0, 0x7F, 0xFF, 0xC0, 0x3F, 0xFF, 0x9F, 0x9F, 0xFF, 0x9F, 0xC0, 0x07,
    0x9F, 0xE0, 0x03, 0x9F, 0xFF, 0xF9, 0x9F, 0xFF, 0xF9, 0x9F, 0xE7, 0xF9, 0x9F, 0xE7, 0xF9, 0x9F, 0xE7, 0xF9,
    0x9F, 0x24, 0xF9, 0x9F, 0x00, 0xF9, 0x9F, 0x81, 0xF9, 0x9F, 0xC3, 0xF9, 0x9F, 0xE7, 0xF9, 0x9F, 0xFF, 0xF9,
    0x9F, 0xFF, 0xF9, 0xC0, 0x00, 0x03, 0xE0, 0x00, 0x07, 0xFF, 0xFF, 0xFF, 0xFF, 0xFF, 0xFF, 0xFF, 0xFF, 0xFF};
static const freeink::Icon icon_settings_folder_24 = {24, 24, 12, icon_settings_folder_24_bits};
static const uint8_t icon_settings_folder_32_bits[] = {
    0xFF, 0xFF, 0xFF, 0xFF, 0xFF, 0xFF, 0xFF, 0xFF, 0xFF, 0xFF, 0xFF, 0xFF, 0xE0, 0x07, 0xFF, 0xFF, 0xC0, 0x03, 0xFF,
    0xFF, 0xC7, 0xE1, 0xFF, 0xFF, 0x8F, 0xF1, 0xFF, 0xFF, 0x8F, 0xF8, 0x00, 0x07, 0x8F, 0xFC, 0x00, 0x03, 0x8F, 0xFF,
    0xFF, 0xE3, 0x8F, 0xFF, 0xFF, 0xF1, 0x8F, 0xFF, 0xFF, 0xF1, 0x8F, 0xFE, 0x7F, 0xF1, 0x8F, 0xFE, 0x7F, 0xF1, 0x8F,
    0xFE, 0x7F, 0xF1, 0x8F, 0xFE, 0x7F, 0xF1, 0x8F, 0xE6, 0x67, 0xF1, 0x8F, 0xE2, 0x47, 0xF1, 0x8F, 0xE0, 0x07, 0xF1,
    0x8F, 0xF0, 0x0F, 0xF1, 0x8F, 0xF8, 0x1F, 0xF1, 0x8F, 0xFC, 0x3F, 0xF1, 0x8F, 0xFE, 0x7F, 0xF1, 0x8F, 0xFF, 0xFF,
    0xF1, 0xCF, 0xFF, 0xFF, 0xF3, 0xC0, 0x00, 0x00, 0x03, 0xC0, 0x00, 0x00, 0x03, 0xF0, 0x00, 0x00, 0x0F, 0xFF, 0xFF,
    0xFF, 0xFF, 0xFF, 0xFF, 0xFF, 0xFF, 0xFF, 0xFF, 0xFF, 0xFF, 0xFF, 0xFF, 0xFF, 0xFF};
static const freeink::Icon icon_settings_folder_32 = {32, 32, 17, icon_settings_folder_32_bits};

// settings-filename  (lucide: file-pen-line)
static const uint8_t icon_settings_filename_24_bits[] = {
    0xFF, 0xFF, 0xFF, 0xF8, 0x00, 0xFF, 0xF0, 0x00, 0x7F, 0xE7, 0xF8, 0x3F, 0xE7, 0xF9, 0x1F, 0xE7, 0xF9, 0x9F,
    0xE7, 0xF9, 0xFF, 0xE7, 0xF9, 0xFF, 0xE7, 0xFD, 0xC7, 0xE7, 0xFF, 0x83, 0xE7, 0xFF, 0x19, 0xE7, 0xFE, 0x39,
    0xE7, 0xFC, 0x71, 0xE7, 0xF8, 0xE3, 0xE7, 0xF9, 0xC7, 0xE7, 0xF9, 0x8F, 0xE7, 0xF0, 0x1F, 0xE6, 0x30, 0x3F,
    0xE6, 0x39, 0xFF, 0xE7, 0xFF, 0xE7, 0xE7, 0xFF, 0xE7, 0xF0, 0x00, 0x0F, 0xF8, 0x00, 0x1F, 0xFF, 0xFF, 0xFF};
static const freeink::Icon icon_settings_filename_24 = {24, 24, 12, icon_settings_filename_24_bits};
static const uint8_t icon_settings_filename_32_bits[] = {
    0xFF, 0xFF, 0xFF, 0xFF, 0xFF, 0x00, 0x0F, 0xFF, 0xF8, 0x00, 0x03, 0xFF, 0xF8, 0x00, 0x01, 0xFF, 0xF1, 0xFF, 0x80,
    0xFF, 0xF1, 0xFF, 0x88, 0x7F, 0xF1, 0xFF, 0x8C, 0x7F, 0xF1, 0xFF, 0x8E, 0x7F, 0xF1, 0xFF, 0x8F, 0xFF, 0xF1, 0xFF,
    0x8F, 0xFF, 0xF1, 0xFF, 0xC7, 0xFF, 0xF1, 0xFF, 0xEF, 0x07, 0xF1, 0xFF, 0xFE, 0x03, 0xF1, 0xFF, 0xFC, 0x23, 0xF1,
    0xFF, 0xF8, 0x71, 0xF1, 0xFF, 0xF0, 0xF3, 0xF1, 0xFF, 0xE1, 0xE3, 0xF1, 0xFF, 0xC3, 0xC3, 0xF1, 0xFF, 0x87, 0x87,
    0xF1, 0xFF, 0x8F, 0x0F, 0xF1, 0xFF, 0x9E, 0x1F, 0xF1, 0xFF, 0x9C, 0x3F, 0xF1, 0xFF, 0x00, 0x7F, 0xF1, 0xC7, 0x01,
    0xFF, 0xF1, 0xC7, 0x87, 0xFF, 0xF1, 0xFF, 0xFF, 0xCF, 0xF1, 0xFF, 0xFF, 0x8F, 0xF1, 0xFF, 0xFF, 0x8F, 0xF8, 0x00,
    0x00, 0x1F, 0xF8, 0x00, 0x00, 0x1F, 0xFF, 0x00, 0x00, 0xFF, 0xFF, 0xFF, 0xFF, 0xFF};
static const freeink::Icon icon_settings_filename_32 = {32, 32, 16, icon_settings_filename_32_bits};

// settings-name  (lucide: tag)
static const uint8_t icon_settings_name_24_bits[] = {
    0xFF, 0xFF, 0xFF, 0xE0, 0x07, 0xFF, 0xC0, 0x03, 0xFF, 0x9F, 0xF1, 0xFF, 0x9F, 0xF8, 0xFF, 0x9F, 0xFC, 0x7F,
    0x9E, 0xFE, 0x3F, 0x9C, 0x7F, 0x1F, 0x9E, 0xFF, 0x8F, 0x9F, 0xFF, 0xC7, 0x9F, 0xFF, 0xE3, 0x9F, 0xFF, 0xF1,
    0x8F, 0xFF, 0xF9, 0xC7, 0xFF, 0xF9, 0xE3, 0xFF, 0xF1, 0xF1, 0xFF, 0xE3, 0xF8, 0xFF, 0xC7, 0xFC, 0x7F, 0x8F,
    0xFE, 0x3F, 0x1F, 0xFF, 0x1E, 0x3F, 0xFF, 0x8C, 0x7F, 0xFF, 0xC0, 0xFF, 0xFF, 0xE1, 0xFF, 0xFF, 0xFF, 0xFF};
static const freeink::Icon icon_settings_name_24 = {24, 24, 11, icon_settings_name_24_bits};
static const uint8_t icon_settings_name_32_bits[] = {
    0xFF, 0xFF, 0xFF, 0xFF, 0xF8, 0x01, 0xFF, 0xFF, 0xE0, 0x00, 0x3F, 0xFF, 0xC0, 0x00, 0x1F, 0xFF, 0xCF, 0xFF, 0x0F,
    0xFF, 0x8F, 0xFF, 0x87, 0xFF, 0x8F, 0xFF, 0xC3, 0xFF, 0x8F, 0xFF, 0xE1, 0xFF, 0x8F, 0x9F, 0xF0, 0xFF, 0x8F, 0x0F,
    0xF8, 0x7F, 0x8F, 0x0F, 0xFC, 0x3F, 0x8F, 0x9F, 0xFE, 0x1F, 0x8F, 0xFF, 0xFF, 0x0F, 0x8F, 0xFF, 0xFF, 0x87, 0x8F,
    0xFF, 0xFF, 0xC3, 0xCF, 0xFF, 0xFF, 0xE3, 0xC7, 0xFF, 0xFF, 0xF3, 0xC3, 0xFF, 0xFF, 0xF1, 0xE1, 0xFF, 0xFF, 0xF3,
    0xF0, 0xFF, 0xFF, 0xE3, 0xF8, 0x7F, 0xFF, 0xC7, 0xFC, 0x3F, 0xFF, 0x8F, 0xFE, 0x1F, 0xFF, 0x1F, 0xFF, 0x0F, 0xFE,
    0x3F, 0xFF, 0x87, 0xFC, 0x7F, 0xFF, 0xC3, 0xF8, 0xFF, 0xFF, 0xE1, 0xF1, 0xFF, 0xFF, 0xF0, 0xE3, 0xFF, 0xFF, 0xF8,
    0x07, 0xFF, 0xFF, 0xFC, 0x0F, 0xFF, 0xFF, 0xFF, 0xBF, 0xFF, 0xFF, 0xFF, 0xFF, 0xFF};
static const freeink::Icon icon_settings_name_32 = {32, 32, 14, icon_settings_name_32_bits};

// settings-link  (lucide: link)
static const uint8_t icon_settings_link_24_bits[] = {
    0xFF, 0xFF, 0xFF, 0xFF, 0xFE, 0x1F, 0xFF, 0xF8, 0x07, 0xFF, 0xF1, 0xE3, 0xFF, 0xE3, 0xF3, 0xFF, 0xE7, 0xF9,
    0xFF, 0xFF, 0xF9, 0xFF, 0xFF, 0xF9, 0xFF, 0x0F, 0xF9, 0xFC, 0x03, 0xF3, 0xF8, 0xF1, 0xE3, 0xF1, 0xF9, 0xC7,
    0xE3, 0x9F, 0x8F, 0xC7, 0x8F, 0x1F, 0xCF, 0xC0, 0x3F, 0x9F, 0xF0, 0xFF, 0x9F, 0xFF, 0xFF, 0x9F, 0xFF, 0xFF,
    0x9F, 0xE7, 0xFF, 0xCF, 0xC7, 0xFF, 0xC7, 0x8F, 0xFF, 0xE0, 0x1F, 0xFF, 0xF8, 0x7F, 0xFF, 0xFF, 0xFF, 0xFF};
static const freeink::Icon icon_settings_link_24 = {24, 24, 12, icon_settings_link_24_bits};
static const uint8_t icon_settings_link_32_bits[] = {
    0xFF, 0xFF, 0xFF, 0xFF, 0xFF, 0xFF, 0xFF, 0xFF, 0xFF, 0xFF, 0xE0, 0x3F, 0xFF, 0xFF, 0x80, 0x0F, 0xFF, 0xFF, 0x0F,
    0x87, 0xFF, 0xFE, 0x1F, 0xC7, 0xFF, 0xFE, 0x3F, 0xE3, 0xFF, 0xFE, 0x7F, 0xF3, 0xFF, 0xFF, 0xFF, 0xF3, 0xFF, 0xFF,
    0xFF, 0xF3, 0xFF, 0xFF, 0xFF, 0xF3, 0xFF, 0xC0, 0x7F, 0xF3, 0xFF, 0x00, 0x3F, 0xE3, 0xFE, 0x0E, 0x1F, 0xC7, 0xFC,
    0x3F, 0x8F, 0x87, 0xF8, 0x7F, 0xCF, 0x0F, 0xF0, 0xF3, 0xFE, 0x1F, 0xE1, 0xF1, 0xFC, 0x3F, 0xE3, 0xF8, 0x70, 0x7F,
    0xC7, 0xFC, 0x00, 0xFF, 0xCF, 0xFE, 0x03, 0xFF, 0xCF, 0xFF, 0xFF, 0xFF, 0xCF, 0xFF, 0xFF, 0xFF, 0xCF, 0xFF, 0xFF,
    0xFF, 0xCF, 0xFE, 0x7F, 0xFF, 0xC7, 0xFC, 0x7F, 0xFF, 0xE3, 0xF8, 0x7F, 0xFF, 0xE1, 0xF0, 0xFF, 0xFF, 0xF0, 0x01,
    0xFF, 0xFF, 0xFC, 0x07, 0xFF, 0xFF, 0xFF, 0xFF, 0xFF, 0xFF, 0xFF, 0xFF, 0xFF, 0xFF};
static const freeink::Icon icon_settings_link_32 = {32, 32, 16, icon_settings_link_32_bits};

// settings-user  (lucide: user)
static const uint8_t icon_settings_user_24_bits[] = {
    0xFF, 0xFF, 0xFF, 0xFF, 0xFF, 0xFF, 0xFF, 0xC3, 0xFF, 0xFF, 0x81, 0xFF, 0xFF, 0x3C, 0xFF, 0xFE, 0x7E, 0x7F,
    0xFE, 0x7E, 0x7F, 0xFE, 0x7E, 0x7F, 0xFE, 0x7E, 0x7F, 0xFF, 0x3C, 0xFF, 0xFF, 0x81, 0xFF, 0xFF, 0xC3, 0xFF,
    0xFF, 0xFF, 0xFF, 0xFF, 0xFF, 0xFF, 0xFE, 0x00, 0x7F, 0xFC, 0x00, 0x3F, 0xF9, 0xFF, 0x9F, 0xF3, 0xFF, 0xCF,
    0xF3, 0xFF, 0xCF, 0xF3, 0xFF, 0xCF, 0xF3, 0xFF, 0xCF, 0xF3, 0xFF, 0xCF, 0xFF, 0xFF, 0xFF, 0xFF, 0xFF, 0xFF};
static const freeink::Icon icon_settings_user_24 = {24, 24, 12, icon_settings_user_24_bits};
static const uint8_t icon_settings_user_32_bits[] = {
    0xFF, 0xFF, 0xFF, 0xFF, 0xFF, 0xFF, 0xFF, 0xFF, 0xFF, 0xFF, 0xFF, 0xFF, 0xFF, 0xF8, 0x1F, 0xFF, 0xFF, 0xF0, 0x0F,
    0xFF, 0xFF, 0xE1, 0x87, 0xFF, 0xFF, 0xC7, 0xE3, 0xFF, 0xFF, 0xCF, 0xF3, 0xFF, 0xFF, 0x8F, 0xF1, 0xFF, 0xFF, 0x8F,
    0xF1, 0xFF, 0xFF, 0xCF, 0xF3, 0xFF, 0xFF, 0xC7, 0xE3, 0xFF, 0xFF, 0xC3, 0xC3, 0xFF, 0xFF, 0xE0, 0x07, 0xFF, 0xFF,
    0xF0, 0x0F, 0xFF, 0xFF, 0xFC, 0x3F, 0xFF, 0xFF, 0xFF, 0xFF, 0xFF, 0xFF, 0xFF, 0xFF, 0xFF, 0xFF, 0xFF, 0xFF, 0xFF,
    0xFF, 0x80, 0x01, 0xFF, 0xFF, 0x00, 0x00, 0xFF, 0xFE, 0x1F, 0xF8, 0x7F, 0xFC, 0x7F, 0xFE, 0x3F, 0xFC, 0xFF, 0xFF,
    0x3F, 0xF8, 0xFF, 0xFF, 0x1F, 0xF8, 0xFF, 0xFF, 0x1F, 0xF8, 0xFF, 0xFF, 0x1F, 0xF8, 0xFF, 0xFF, 0x1F, 0xFC, 0xFF,
    0xFF, 0x3F, 0xFF, 0xFF, 0xFF, 0xFF, 0xFF, 0xFF, 0xFF, 0xFF, 0xFF, 0xFF, 0xFF, 0xFF};
static const freeink::Icon icon_settings_user_32 = {32, 32, 15, icon_settings_user_32_bits};

// settings-password  (lucide: key-round)
static const uint8_t icon_settings_password_24_bits[] = {
    0xFF, 0xFF, 0xFF, 0xFF, 0xF8, 0x3F, 0xFF, 0xE0, 0x0F, 0xFF, 0xC7, 0xC7, 0xFF, 0x8F, 0xE3, 0xFF, 0x9F, 0xF3,
    0xFF, 0x3F, 0x79, 0xFF, 0x3E, 0x39, 0xFF, 0x3F, 0x79, 0xFF, 0x3F, 0xF9, 0xFF, 0x3F, 0xF9, 0xFE, 0x3F, 0xF3,
    0xFC, 0x7F, 0xE3, 0xF8, 0xFF, 0xC7, 0xF1, 0xF0, 0x0F, 0xE3, 0xC0, 0x3F, 0xC7, 0x87, 0xFF, 0x8F, 0x9F, 0xFF,
    0x9E, 0x1F, 0xFF, 0x9C, 0x3F, 0xFF, 0x9C, 0xFF, 0xFF, 0x80, 0xFF, 0xFF, 0xC1, 0xFF, 0xFF, 0xFF, 0xFF, 0xFF};
static const freeink::Icon icon_settings_password_24 = {24, 24, 12, icon_settings_password_24_bits};
static const uint8_t icon_settings_password_32_bits[] = {
    0xFF, 0xFF, 0xFF, 0xFF, 0xFF, 0xFF, 0xE3, 0xFF, 0xFF, 0xFF, 0x00, 0x7F, 0xFF, 0xFE, 0x00, 0x1F, 0xFF, 0xF8, 0x3F,
    0x0F, 0xFF, 0xF8, 0xFF, 0x87, 0xFF, 0xF1, 0xFF, 0xC7, 0xFF, 0xF3, 0xFF, 0xE3, 0xFF, 0xE3, 0xF9, 0xF3, 0xFF, 0xE3,
    0xF0, 0xF3, 0xFF, 0xE7, 0xF0, 0xF1, 0xFF, 0xE7, 0xF9, 0xF1, 0xFF, 0xE7, 0xFF, 0xF1, 0xFF, 0xE3, 0xFF, 0xF3, 0xFF,
    0xC3, 0xFF, 0xE3, 0xFF, 0x87, 0xFF, 0xE3, 0xFF, 0x0F, 0xFF, 0xC7, 0xFE, 0x1F, 0xFF, 0x8F, 0xFC, 0x3F, 0x9C, 0x0F,
    0xF8, 0x7F, 0x00, 0x3F, 0xF0, 0xF8, 0x00, 0xFF, 0xE1, 0xF0, 0x3F, 0xFF, 0xC3, 0xF1, 0xFF, 0xFF, 0xC7, 0xF1, 0xFF,
    0xFF, 0xCF, 0x83, 0xFF, 0xFF, 0x8F, 0x03, 0xFF, 0xFF, 0x8F, 0x0F, 0xFF, 0xFF, 0x8F, 0x1F, 0xFF, 0xFF, 0xC0, 0x3F,
    0xFF, 0xFF, 0xC0, 0x3F, 0xFF, 0xFF, 0xF0, 0xFF, 0xFF, 0xFF, 0xFF, 0xFF, 0xFF, 0xFF};
static const freeink::Icon icon_settings_password_32 = {32, 32, 16, icon_settings_password_32_bits};

// settings-delete  (lucide: trash-2)
static const uint8_t icon_settings_delete_24_bits[] = {
    0xFF, 0xFF, 0xFF, 0xFF, 0x81, 0xFF, 0xFF, 0x00, 0xFF, 0xFE, 0x7E, 0x7F, 0xFE, 0x7E, 0x7F, 0xC0, 0x00, 0x03,
    0xC0, 0x00, 0x03, 0xF3, 0xFF, 0xCF, 0xF3, 0xFF, 0xCF, 0xF3, 0xFF, 0xCF, 0xF3, 0x99, 0xCF, 0xF3, 0x99, 0xCF,
    0xF3, 0x99, 0xCF, 0xF3, 0x99, 0xCF, 0xF3, 0x99, 0xCF, 0xF3, 0x99, 0xCF, 0xF3, 0x99, 0xCF, 0xF3, 0x99, 0xCF,
    0xF3, 0xFF, 0xCF, 0xF3, 0xFF, 0xCF, 0xF3, 0xFF, 0xCF, 0xF8, 0x00, 0x1F, 0xFC, 0x00, 0x3F, 0xFF, 0xFF, 0xFF};
static const freeink::Icon icon_settings_delete_24 = {24, 24, 11, icon_settings_delete_24_bits};
static const uint8_t icon_settings_delete_32_bits[] = {
    0xFF, 0xFF, 0xFF, 0xFF, 0xFF, 0xF8, 0x1F, 0xFF, 0xFF, 0xE0, 0x07, 0xFF, 0xFF, 0xC0, 0x03, 0xFF, 0xFF, 0xCF, 0xF3,
    0xFF, 0xFF, 0x8F, 0xF1, 0xFF, 0xFF, 0x8F, 0xF1, 0xFF, 0xE0, 0x00, 0x00, 0x07, 0xE0, 0x00, 0x00, 0x07, 0xF8, 0xFF,
    0xFF, 0x1F, 0xF8, 0xFF, 0xFF, 0x1F, 0xF8, 0xFF, 0xFF, 0x1F, 0xF8, 0xFF, 0xFF, 0x1F, 0xF8, 0xFB, 0xDF, 0x1F, 0xF8,
    0xF1, 0x8F, 0x1F, 0xF8, 0xF1, 0x8F, 0x1F, 0xF8, 0xF1, 0x8F, 0x1F, 0xF8, 0xF1, 0x8F, 0x1F, 0xF8, 0xF1, 0x8F, 0x1F,
    0xF8, 0xF1, 0x8F, 0x1F, 0xF8, 0xF1, 0x8F, 0x1F, 0xF8, 0xF1, 0x8F, 0x1F, 0xF8, 0xF1, 0x8F, 0x1F, 0xF8, 0xF3, 0xCF,
    0x1F, 0xF8, 0xFF, 0xFF, 0x1F, 0xF8, 0xFF, 0xFF, 0x1F, 0xF8, 0xFF, 0xFF, 0x1F, 0xFC, 0xFF, 0xFF, 0x3F, 0xFC, 0x00,
    0x00, 0x3F, 0xFE, 0x00, 0x00, 0x7F, 0xFF, 0x80, 0x01, 0xFF, 0xFF, 0xFF, 0xFF, 0xFF};
static const freeink::Icon icon_settings_delete_32 = {32, 32, 16, icon_settings_delete_32_bits};

// settings-confirm  (lucide: circle-check)
static const uint8_t icon_settings_confirm_24_bits[] = {
    0xFF, 0xFF, 0xFF, 0xFF, 0x81, 0xFF, 0xFE, 0x00, 0x7F, 0xF8, 0x7E, 0x1F, 0xF1, 0xFF, 0x8F, 0xE3, 0xFF, 0xC7,
    0xE7, 0xFF, 0xE7, 0xCF, 0xFF, 0xF3, 0xCF, 0xFF, 0xF3, 0x9F, 0xFC, 0xF9, 0x9F, 0xF8, 0xF9, 0x9F, 0x31, 0xF9,
    0x9F, 0x03, 0xF9, 0x9F, 0x87, 0xF9, 0x9F, 0xCF, 0xF9, 0xCF, 0xFF, 0xF3, 0xCF, 0xFF, 0xF3, 0xE7, 0xFF, 0xE7,
    0xE3, 0xFF, 0xC7, 0xF1, 0xFF, 0x8F, 0xF8, 0x7E, 0x1F, 0xFE, 0x00, 0x7F, 0xFF, 0x81, 0xFF, 0xFF, 0xFF, 0xFF};
static const freeink::Icon icon_settings_confirm_24 = {24, 24, 12, icon_settings_confirm_24_bits};
static const uint8_t icon_settings_confirm_32_bits[] = {
    0xFF, 0xFF, 0xFF, 0xFF, 0xFF, 0xFE, 0x7F, 0xFF, 0xFF, 0xC0, 0x03, 0xFF, 0xFF, 0x80, 0x01, 0xFF, 0xFE, 0x07, 0xE0,
    0x7F, 0xFC, 0x3F, 0xFC, 0x3F, 0xF8, 0x7F, 0xFE, 0x1F, 0xF1, 0xFF, 0xFF, 0x8F, 0xF1, 0xFF, 0xFF, 0x8F, 0xE3, 0xFF,
    0xFF, 0xC7, 0xC7, 0xFF, 0xFF, 0xE7, 0xC7, 0xFF, 0xFF, 0xE3, 0xCF, 0xFF, 0xE7, 0xE3, 0xCF, 0xFF, 0xC7, 0xF3, 0xCF,
    0xFF, 0x87, 0xF3, 0x8F, 0xE7, 0x0F, 0xF1, 0x8F, 0xE2, 0x1F, 0xF1, 0xCF, 0xF0, 0x3F, 0xF3, 0xCF, 0xF8, 0x7F, 0xF3,
    0xC7, 0xFC, 0xFF, 0xE3, 0xC7, 0xFF, 0xFF, 0xE3, 0xC7, 0xFF, 0xFF, 0xE7, 0xE3, 0xFF, 0xFF, 0xC7, 0xF1, 0xFF, 0xFF,
    0x8F, 0xF1, 0xFF, 0xFF, 0x0F, 0xF8, 0x7F, 0xFE, 0x1F, 0xFC, 0x3F, 0xFC, 0x3F, 0xFE, 0x07, 0xE0, 0x7F, 0xFF, 0x80,
    0x01, 0xFF, 0xFF, 0xE0, 0x07, 0xFF, 0xFF, 0xFE, 0x7F, 0xFF, 0xFF, 0xFF, 0xFF, 0xFF};
static const freeink::Icon icon_settings_confirm_32 = {32, 32, 15, icon_settings_confirm_32_bits};

// settings-left  (lucide: arrow-left)
static const uint8_t icon_settings_left_24_bits[] = {
    0xFF, 0xFF, 0xFF, 0xFF, 0xFF, 0xFF, 0xFF, 0xFF, 0xFF, 0xFF, 0xFF, 0xFF, 0xFF, 0xE7, 0xFF, 0xFF, 0xC7, 0xFF,
    0xFF, 0x8F, 0xFF, 0xFF, 0x1F, 0xFF, 0xFE, 0x3F, 0xFF, 0xFC, 0x7F, 0xFF, 0xF8, 0xFF, 0xFF, 0xF0, 0x00, 0x0F,
    0xF0, 0x00, 0x0F, 0xF8, 0xFF, 0xFF, 0xFC, 0x7F, 0xFF, 0xFE, 0x3F, 0xFF, 0xFF, 0x1F, 0xFF, 0xFF, 0x8F, 0xFF,
    0xFF, 0xC7, 0xFF, 0xFF, 0xE7, 0xFF, 0xFF, 0xFF, 0xFF, 0xFF, 0xFF, 0xFF, 0xFF, 0xFF, 0xFF, 0xFF, 0xFF, 0xFF};
static const freeink::Icon icon_settings_left_24 = {24, 24, 12, icon_settings_left_24_bits};
static const uint8_t icon_settings_left_32_bits[] = {
    0xFF, 0xFF, 0xFF, 0xFF, 0xFF, 0xFF, 0xFF, 0xFF, 0xFF, 0xFF, 0xFF, 0xFF, 0xFF, 0xFF, 0xFF, 0xFF, 0xFF, 0xFF, 0xFF,
    0xFF, 0xFF, 0xFF, 0xFF, 0xFF, 0xFF, 0xFC, 0x7F, 0xFF, 0xFF, 0xF8, 0x7F, 0xFF, 0xFF, 0xF0, 0xFF, 0xFF, 0xFF, 0xE1,
    0xFF, 0xFF, 0xFF, 0xC3, 0xFF, 0xFF, 0xFF, 0x87, 0xFF, 0xFF, 0xFF, 0x0F, 0xFF, 0xFF, 0xFE, 0x1F, 0xFF, 0xFF, 0xFC,
    0x3F, 0xFF, 0xFF, 0xF8, 0x00, 0x00, 0x3F, 0xF8, 0x00, 0x00, 0x3F, 0xFC, 0x3F, 0xFF, 0xFF, 0xFE, 0x1F, 0xFF, 0xFF,
    0xFF, 0x0F, 0xFF, 0xFF, 0xFF, 0x87, 0xFF, 0xFF, 0xFF, 0xC3, 0xFF, 0xFF, 0xFF, 0xE1, 0xFF, 0xFF, 0xFF, 0xF0, 0xFF,
    0xFF, 0xFF, 0xF8, 0x7F, 0xFF, 0xFF, 0xFC, 0x7F, 0xFF, 0xFF, 0xFF, 0xFF, 0xFF, 0xFF, 0xFF, 0xFF, 0xFF, 0xFF, 0xFF,
    0xFF, 0xFF, 0xFF, 0xFF, 0xFF, 0xFF, 0xFF, 0xFF, 0xFF, 0xFF, 0xFF, 0xFF, 0xFF, 0xFF};
static const freeink::Icon icon_settings_left_32 = {32, 32, 16, icon_settings_left_32_bits};

// settings-right  (lucide: arrow-right)
static const uint8_t icon_settings_right_24_bits[] = {
    0xFF, 0xFF, 0xFF, 0xFF, 0xFF, 0xFF, 0xFF, 0xFF, 0xFF, 0xFF, 0xFF, 0xFF, 0xFF, 0xE7, 0xFF, 0xFF, 0xE3, 0xFF,
    0xFF, 0xF1, 0xFF, 0xFF, 0xF8, 0xFF, 0xFF, 0xFC, 0x7F, 0xFF, 0xFE, 0x3F, 0xFF, 0xFF, 0x1F, 0xF0, 0x00, 0x0F,
    0xF0, 0x00, 0x0F, 0xFF, 0xFF, 0x1F, 0xFF, 0xFE, 0x3F, 0xFF, 0xFC, 0x7F, 0xFF, 0xF8, 0xFF, 0xFF, 0xF1, 0xFF,
    0xFF, 0xE3, 0xFF, 0xFF, 0xE7, 0xFF, 0xFF, 0xFF, 0xFF, 0xFF, 0xFF, 0xFF, 0xFF, 0xFF, 0xFF, 0xFF, 0xFF, 0xFF};
static const freeink::Icon icon_settings_right_24 = {24, 24, 12, icon_settings_right_24_bits};
static const uint8_t icon_settings_right_32_bits[] = {
    0xFF, 0xFF, 0xFF, 0xFF, 0xFF, 0xFF, 0xFF, 0xFF, 0xFF, 0xFF, 0xFF, 0xFF, 0xFF, 0xFF, 0xFF, 0xFF, 0xFF, 0xFF, 0xFF,
    0xFF, 0xFF, 0xFF, 0xFF, 0xFF, 0xFF, 0xFE, 0x3F, 0xFF, 0xFF, 0xFE, 0x1F, 0xFF, 0xFF, 0xFF, 0x0F, 0xFF, 0xFF, 0xFF,
    0x87, 0xFF, 0xFF, 0xFF, 0xC3, 0xFF, 0xFF, 0xFF, 0xE1, 0xFF, 0xFF, 0xFF, 0xF0, 0xFF, 0xFF, 0xFF, 0xF8, 0x7F, 0xFF,
    0xFF, 0xFC, 0x3F, 0xFC, 0x00, 0x00, 0x1F, 0xFC, 0x00, 0x00, 0x1F, 0xFF, 0xFF, 0xFC, 0x3F, 0xFF, 0xFF, 0xF8, 0x7F,
    0xFF, 0xFF, 0xF0, 0xFF, 0xFF, 0xFF, 0xE1, 0xFF, 0xFF, 0xFF, 0xC3, 0xFF, 0xFF, 0xFF, 0x87, 0xFF, 0xFF, 0xFF, 0x0F,
    0xFF, 0xFF, 0xFE, 0x1F, 0xFF, 0xFF, 0xFE, 0x3F, 0xFF, 0xFF, 0xFF, 0xFF, 0xFF, 0xFF, 0xFF, 0xFF, 0xFF, 0xFF, 0xFF,
    0xFF, 0xFF, 0xFF, 0xFF, 0xFF, 0xFF, 0xFF, 0xFF, 0xFF, 0xFF, 0xFF, 0xFF, 0xFF, 0xFF};
static const freeink::Icon icon_settings_right_32 = {32, 32, 16, icon_settings_right_32_bits};

// settings-document  (lucide: fingerprint-pattern)
static const uint8_t icon_settings_document_24_bits[] = {
    0xFF, 0xFF, 0xFF, 0xFF, 0x81, 0xFF, 0xFE, 0x00, 0x7F, 0xF8, 0x7E, 0x1F, 0xF1, 0xFF, 0x8F, 0xE3, 0xC3, 0xC7,
    0xE7, 0x00, 0xE7, 0xCF, 0x3C, 0x7F, 0xCF, 0xFF, 0x3F, 0x9D, 0xE7, 0x3B, 0x99, 0xC7, 0x99, 0x99, 0x9F, 0x99,
    0x99, 0x99, 0x99, 0xF9, 0x99, 0x99, 0xF9, 0x99, 0x99, 0x99, 0x99, 0xF9, 0x99, 0xB9, 0xFB, 0xF3, 0xF9, 0xBF,
    0xF3, 0xF9, 0x9F, 0xF3, 0xB9, 0xBF, 0xFF, 0x33, 0x3F, 0xFF, 0x33, 0xBF, 0xFF, 0x73, 0xFF, 0xFF, 0xFF, 0xFF};
static const freeink::Icon icon_settings_document_24 = {24, 24, 11, icon_settings_document_24_bits};
static const uint8_t icon_settings_document_32_bits[] = {
    0xFF, 0xFF, 0xFF, 0xFF, 0xFF, 0xFE, 0x7F, 0xFF, 0xFF, 0xE0, 0x07, 0xFF, 0xFF, 0x80, 0x01, 0xFF, 0xFE, 0x0F, 0xF0,
    0x7F, 0xFC, 0x3F, 0xFC, 0x3F, 0xF8, 0x7F, 0xFE, 0x1F, 0xF1, 0xF0, 0x0F, 0x8F, 0xF1, 0xE0, 0x07, 0x8F, 0xE3, 0xE3,
    0xC1, 0xFF, 0xE7, 0xFF, 0xF1, 0xFF, 0xC7, 0xFF, 0xF8, 0xFF, 0xCF, 0x7C, 0x7C, 0xF3, 0xCE, 0x38, 0x7C, 0x73, 0xCE,
    0x70, 0xFE, 0x73, 0x8E, 0x71, 0xFE, 0x73, 0xCE, 0x71, 0xDE, 0x73, 0xFE, 0x73, 0x8E, 0x73, 0xFE, 0x73, 0x8E, 0x73,
    0xFE, 0x73, 0x8E, 0x73, 0xCC, 0x73, 0x8F, 0xF3, 0x8C, 0x73, 0x8F, 0xF3, 0xDC, 0x7F, 0x8F, 0xFF, 0xFC, 0x7F, 0x8E,
    0x7F, 0xFC, 0xFF, 0x8C, 0x7F, 0xFC, 0xF7, 0x9C, 0x7F, 0xFC, 0xE7, 0x9C, 0x7F, 0xFF, 0xE7, 0x9C, 0xFF, 0xFF, 0xC7,
    0x1C, 0xFF, 0xFF, 0xC7, 0x1F, 0xFF, 0xFF, 0xEF, 0xBF, 0xFF, 0xFF, 0xFF, 0xFF, 0xFF};
static const freeink::Icon icon_settings_document_32 = {32, 32, 15, icon_settings_document_32_bits};

// settings-sign-up  (lucide: user-plus)
static const uint8_t icon_settings_sign_up_24_bits[] = {
    0xFF, 0xFF, 0xFF, 0xFF, 0xFF, 0xFF, 0xFE, 0x1F, 0xFF, 0xFC, 0x0F, 0xFF, 0xF9, 0xE7, 0xFF, 0xF3, 0xF3, 0xFF,
    0xF3, 0xF3, 0xFF, 0xF3, 0xF3, 0xCF, 0xF3, 0xF3, 0xCF, 0xF9, 0xE7, 0xCF, 0xFC, 0x0E, 0x01, 0xFE, 0x1E, 0x01,
    0xFF, 0xFF, 0xCF, 0xFF, 0xFF, 0xCF, 0xF0, 0x03, 0xCF, 0xE0, 0x01, 0xFF, 0xCF, 0xFC, 0xFF, 0x9F, 0xFE, 0x7F,
    0x9F, 0xFE, 0x7F, 0x9F, 0xFE, 0x7F, 0x9F, 0xFE, 0x7F, 0x9F, 0xFE, 0x7F, 0xFF, 0xFF, 0xFF, 0xFF, 0xFF, 0xFF};
static const freeink::Icon icon_settings_sign_up_24 = {24, 24, 11, icon_settings_sign_up_24_bits};
static const uint8_t icon_settings_sign_up_32_bits[] = {
    0xFF, 0xFF, 0xFF, 0xFF, 0xFF, 0xFF, 0xFF, 0xFF, 0xFF, 0xFF, 0xFF, 0xFF, 0xFF, 0x81, 0xFF, 0xFF, 0xFF, 0x00, 0xFF,
    0xFF, 0xFE, 0x18, 0x7F, 0xFF, 0xFC, 0x7E, 0x3F, 0xFF, 0xFC, 0xFF, 0x3F, 0xFF, 0xF8, 0xFF, 0x1F, 0xFF, 0xF8, 0xFF,
    0x1F, 0xBF, 0xFC, 0xFF, 0x3F, 0x1F, 0xFC, 0x7E, 0x3F, 0x1F, 0xFC, 0x3C, 0x3F, 0x1F, 0xFE, 0x00, 0x78, 0x03, 0xFF,
    0x00, 0xF0, 0x01, 0xFF, 0xC3, 0xF0, 0x03, 0xFF, 0xFF, 0xFF, 0x1F, 0xFF, 0xFF, 0xFF, 0x1F, 0xFF, 0xFF, 0xFF, 0x1F,
    0xF8, 0x00, 0x1F, 0x3F, 0xF0, 0x00, 0x0F, 0xFF, 0xE1, 0xFF, 0x87, 0xFF, 0xC7, 0xFF, 0xE3, 0xFF, 0xCF, 0xFF, 0xF3,
    0xFF, 0x8F, 0xFF, 0xF1, 0xFF, 0x8F, 0xFF, 0xF1, 0xFF, 0x8F, 0xFF, 0xF1, 0xFF, 0x8F, 0xFF, 0xF1, 0xFF, 0xCF, 0xFF,
    0xF3, 0xFF, 0xFF, 0xFF, 0xFF, 0xFF, 0xFF, 0xFF, 0xFF, 0xFF, 0xFF, 0xFF, 0xFF, 0xFF};
static const freeink::Icon icon_settings_sign_up_32 = {32, 32, 15, icon_settings_sign_up_32_bits};

// settings-authenticate  (lucide: log-in)
static const uint8_t icon_settings_authenticate_24_bits[] = {
    0xFF, 0xFF, 0xFF, 0xFF, 0xFF, 0xFF, 0xFF, 0xFC, 0x0F, 0xFF, 0xFC, 0x07, 0xFF, 0xFF, 0xF3, 0xFF, 0xFF, 0xF3,
    0xFF, 0x9F, 0xF3, 0xFF, 0x8F, 0xF3, 0xFF, 0xC7, 0xF3, 0xFF, 0xE3, 0xF3, 0xFF, 0xF1, 0xF3, 0xC0, 0x00, 0xF3,
    0xC0, 0x00, 0xF3, 0xFF, 0xF1, 0xF3, 0xFF, 0xE3, 0xF3, 0xFF, 0xC7, 0xF3, 0xFF, 0x8F, 0xF3, 0xFF, 0x9F, 0xF3,
    0xFF, 0xFF, 0xF3, 0xFF, 0xFF, 0xF3, 0xFF, 0xFC, 0x07, 0xFF, 0xFC, 0x0F, 0xFF, 0xFF, 0xFF, 0xFF, 0xFF, 0xFF};
static const freeink::Icon icon_settings_authenticate_24 = {24, 24, 12, icon_settings_authenticate_24_bits};
static const uint8_t icon_settings_authenticate_32_bits[] = {
    0xFF, 0xFF, 0xFF, 0xFF, 0xFF, 0xFF, 0xFF, 0xFF, 0xFF, 0xFF, 0xFF, 0xFF, 0xFF, 0xFF, 0xE0, 0x0F, 0xFF, 0xFF, 0xE0,
    0x07, 0xFF, 0xFF, 0xFF, 0xC7, 0xFF, 0xFF, 0xFF, 0xE7, 0xFF, 0xFF, 0xFF, 0xE7, 0xFF, 0xF3, 0xFF, 0xE7, 0xFF, 0xF1,
    0xFF, 0xE7, 0xFF, 0xF8, 0xFF, 0xE7, 0xFF, 0xFC, 0x7F, 0xE7, 0xFF, 0xFE, 0x3F, 0xE7, 0xFF, 0xFF, 0x1F, 0xE7, 0xFF,
    0xFF, 0x0F, 0xE7, 0xE0, 0x00, 0x07, 0xE7, 0xE0, 0x00, 0x07, 0xE7, 0xFF, 0xFF, 0x0F, 0xE7, 0xFF, 0xFF, 0x1F, 0xE7,
    0xFF, 0xFE, 0x3F, 0xE7, 0xFF, 0xFC, 0x7F, 0xE7, 0xFF, 0xF8, 0xFF, 0xE7, 0xFF, 0xF1, 0xFF, 0xE7, 0xFF, 0xF3, 0xFF,
    0xE7, 0xFF, 0xFF, 0xFF, 0xE7, 0xFF, 0xFF, 0xFF, 0xE7, 0xFF, 0xFF, 0xFF, 0xC7, 0xFF, 0xFF, 0xE0, 0x07, 0xFF, 0xFF,
    0xE0, 0x0F, 0xFF, 0xFF, 0xFF, 0xFF, 0xFF, 0xFF, 0xFF, 0xFF, 0xFF, 0xFF, 0xFF, 0xFF};
static const freeink::Icon icon_settings_authenticate_32 = {32, 32, 16, icon_settings_authenticate_32_bits};

// settings-clock  (lucide: clock)
static const uint8_t icon_settings_clock_24_bits[] = {
    0xFF, 0xFF, 0xFF, 0xFF, 0x81, 0xFF, 0xFE, 0x00, 0x7F, 0xF8, 0x7E, 0x1F, 0xF1, 0xFF, 0x8F, 0xE3, 0xE7, 0xC7,
    0xE7, 0xE7, 0xE7, 0xCF, 0xE7, 0xF3, 0xCF, 0xE7, 0xF3, 0x9F, 0xE7, 0xF9, 0x9F, 0xE7, 0xF9, 0x9F, 0xE7, 0xF9,
    0x9F, 0xE1, 0xF9, 0x9F, 0xF8, 0x79, 0x9F, 0xFE, 0x79, 0xCF, 0xFF, 0xF3, 0xCF, 0xFF, 0xF3, 0xE7, 0xFF, 0xE7,
    0xE3, 0xFF, 0xC7, 0xF1, 0xFF, 0x8F, 0xF8, 0x7E, 0x1F, 0xFE, 0x00, 0x7F, 0xFF, 0x81, 0xFF, 0xFF, 0xFF, 0xFF};
static const freeink::Icon icon_settings_clock_24 = {24, 24, 11, icon_settings_clock_24_bits};
static const uint8_t icon_settings_clock_32_bits[] = {
    0xFF, 0xFF, 0xFF, 0xFF, 0xFF, 0xFE, 0x7F, 0xFF, 0xFF, 0xC0, 0x03, 0xFF, 0xFF, 0x80, 0x01, 0xFF, 0xFE, 0x07, 0xE0,
    0x7F, 0xFC, 0x3F, 0xFC, 0x3F, 0xF8, 0x7F, 0xFE, 0x1F, 0xF1, 0xFE, 0x7F, 0x8F, 0xF1, 0xFE, 0x7F, 0x8F, 0xE3, 0xFE,
    0x7F, 0xC7, 0xC7, 0xFE, 0x7F, 0xE7, 0xC7, 0xFE, 0x7F, 0xE3, 0xCF, 0xFE, 0x7F, 0xE3, 0xCF, 0xFE, 0x7F, 0xF3, 0xCF,
    0xFE, 0x7F, 0xF3, 0x8F, 0xFE, 0x3F, 0xF1, 0x8F, 0xFE, 0x0F, 0xF1, 0xCF, 0xFF, 0x03, 0xF3, 0xCF, 0xFF, 0xC1, 0xF3,
    0xC7, 0xFF, 0xF3, 0xE3, 0xC7, 0xFF, 0xFF, 0xE3, 0xC7, 0xFF, 0xFF, 0xE7, 0xE3, 0xFF, 0xFF, 0xC7, 0xF1, 0xFF, 0xFF,
    0x8F, 0xF1, 0xFF, 0xFF, 0x0F, 0xF8, 0x7F, 0xFE, 0x1F, 0xFC, 0x3F, 0xFC, 0x3F, 0xFE, 0x07, 0xE0, 0x7F, 0xFF, 0x80,
    0x01, 0xFF, 0xFF, 0xE0, 0x07, 0xFF, 0xFF, 0xFE, 0x7F, 0xFF, 0xFF, 0xFF, 0xFF, 0xFF};
static const freeink::Icon icon_settings_clock_32 = {32, 32, 15, icon_settings_clock_32_bits};

// settings-thickness  (lucide: gauge)
static const uint8_t icon_settings_thickness_24_bits[] = {
    0xFF, 0xFF, 0xFF, 0xFF, 0xFF, 0xFF, 0xFF, 0xFF, 0xFF, 0xFF, 0x81, 0xFF, 0xFE, 0x00, 0x7F, 0xF8, 0x7E, 0x1F,
    0xF1, 0xFF, 0x8F, 0xE3, 0xFF, 0xC7, 0xE7, 0xFF, 0xE7, 0xCF, 0xFE, 0x73, 0xCF, 0xFC, 0x73, 0x9F, 0xF8, 0xF9,
    0x9F, 0xF1, 0xF9, 0x9F, 0xE3, 0xF9, 0x9F, 0xE7, 0xF9, 0x9F, 0xFF, 0xF9, 0x9F, 0xFF, 0xF9, 0xCF, 0xFF, 0xF3,
    0xCF, 0xFF, 0xF3, 0xEF, 0xFF, 0xF7, 0xFF, 0xFF, 0xFF, 0xFF, 0xFF, 0xFF, 0xFF, 0xFF, 0xFF, 0xFF, 0xFF, 0xFF};
static const freeink::Icon icon_settings_thickness_24 = {24, 24, 10, icon_settings_thickness_24_bits};
static const uint8_t icon_settings_thickness_32_bits[] = {
    0xFF, 0xFF, 0xFF, 0xFF, 0xFF, 0xFF, 0xFF, 0xFF, 0xFF, 0xFF, 0xFF, 0xFF, 0xFF, 0xFF, 0xFF, 0xFF, 0xFF, 0xF8, 0x1F,
    0xFF, 0xFF, 0xC0, 0x03, 0xFF, 0xFF, 0x00, 0x00, 0xFF, 0xFE, 0x1F, 0xF0, 0x7F, 0xFC, 0x3F, 0xFC, 0x3F, 0xF8, 0xFF,
    0xFF, 0x1F, 0xF1, 0xFF, 0xFF, 0x8F, 0xE3, 0xFF, 0xFF, 0xC7, 0xE3, 0xFF, 0xF3, 0xC7, 0xC7, 0xFF, 0xE1, 0xE3, 0xC7,
    0xFF, 0xC3, 0xE3, 0xCF, 0xFF, 0x87, 0xF3, 0xCF, 0xFF, 0x0F, 0xF3, 0x8F, 0xFE, 0x1F, 0xF3, 0x8F, 0xFE, 0x3F, 0xF1,
    0x8F, 0xFE, 0x7F, 0xF1, 0xCF, 0xFF, 0xFF, 0xF3, 0xCF, 0xFF, 0xFF, 0xF3, 0xC7, 0xFF, 0xFF, 0xE3, 0xC7, 0xFF, 0xFF,
    0xE3, 0xE7, 0xFF, 0xFF, 0xE7, 0xE3, 0xFF, 0xFF, 0xC7, 0xF7, 0xFF, 0xFF, 0xEF, 0xFF, 0xFF, 0xFF, 0xFF, 0xFF, 0xFF,
    0xFF, 0xFF, 0xFF, 0xFF, 0xFF, 0xFF, 0xFF, 0xFF, 0xFF, 0xFF, 0xFF, 0xFF, 0xFF, 0xFF};
static const freeink::Icon icon_settings_thickness_32 = {32, 32, 13, icon_settings_thickness_32_bits};

// settings-timezone  (lucide: globe)
static const uint8_t icon_settings_timezone_24_bits[] = {
    0xFF, 0xFF, 0xFF, 0xFF, 0x81, 0xFF, 0xFE, 0x00, 0x7F, 0xF8, 0x00, 0x1F, 0xF1, 0x99, 0x8F, 0xE3, 0x99, 0xC7,
    0xE7, 0x3C, 0xE7, 0xCF, 0x3C, 0xF3, 0xCF, 0x7E, 0xF3, 0x9E, 0x7E, 0x79, 0x9E, 0x7E, 0x79, 0x80, 0x00, 0x01,
    0x80, 0x00, 0x01, 0x9E, 0x7E, 0x79, 0x9E, 0x7E, 0x79, 0xCF, 0x7E, 0xF3, 0xCF, 0x3C, 0xF3, 0xE7, 0x3C, 0xE7,
    0xE3, 0x99, 0xC7, 0xF1, 0x99, 0x8F, 0xF8, 0x00, 0x1F, 0xFE, 0x00, 0x7F, 0xFF, 0x81, 0xFF, 0xFF, 0xFF, 0xFF};
static const freeink::Icon icon_settings_timezone_24 = {24, 24, 12, icon_settings_timezone_24_bits};
static const uint8_t icon_settings_timezone_32_bits[] = {
    0xFF, 0xFF, 0xFF, 0xFF, 0xFF, 0xFE, 0x7F, 0xFF, 0xFF, 0xC0, 0x03, 0xFF, 0xFF, 0x80, 0x01, 0xFF, 0xFE, 0x00, 0x00,
    0x7F, 0xFC, 0x31, 0x8C, 0x3F, 0xF8, 0x71, 0x8E, 0x1F, 0xF1, 0xE3, 0xC7, 0x8F, 0xF1, 0xE3, 0xC7, 0x8F, 0xE3, 0xC7,
    0xE3, 0xC7, 0xC7, 0xC7, 0xE3, 0xE7, 0xC7, 0xC7, 0xE3, 0xE3, 0xCF, 0xCF, 0xF3, 0xE3, 0xCF, 0xCF, 0xF3, 0xF3, 0xCF,
    0x8F, 0xF1, 0xF3, 0x80, 0x00, 0x00, 0x01, 0x80, 0x00, 0x00, 0x01, 0xCF, 0x8F, 0xF1, 0xF3, 0xCF, 0xCF, 0xF3, 0xF3,
    0xC7, 0xCF, 0xF3, 0xE3, 0xC7, 0xC7, 0xE3, 0xE3, 0xC7, 0xC7, 0xE3, 0xE7, 0xE3, 0xC7, 0xE3, 0xC7, 0xF1, 0xE3, 0xC7,
    0x8F, 0xF1, 0xE3, 0xC7, 0x0F, 0xF8, 0x71, 0x8E, 0x1F, 0xFC, 0x31, 0x8C, 0x3F, 0xFE, 0x00, 0x00, 0x7F, 0xFF, 0x80,
    0x01, 0xFF, 0xFF, 0xE0, 0x07, 0xFF, 0xFF, 0xFE, 0x7F, 0xFF, 0xFF, 0xFF, 0xFF, 0xFF};
static const freeink::Icon icon_settings_timezone_32 = {32, 32, 15, icon_settings_timezone_32_bits};
